"num","domain_name","query_time","create_date","update_date","expiry_date","domain_registrar_id","domain_registrar_name","domain_registrar_whois","domain_registrar_url","registrant_name","registrant_company","registrant_address","registrant_city","registrant_state","registrant_zip","registrant_country","registrant_email","registrant_phone","registrant_fax","administrative_name","administrative_company","administrative_address","administrative_city","administrative_state","administrative_zip","administrative_country","administrative_email","administrative_phone","administrative_fax","technical_name","technical_company","technical_address","technical_city","technical_state","technical_zip","technical_country","technical_email","technical_phone","technical_fax","billing_name","billing_company","billing_address","billing_city","billing_state","billing_zip","billing_country","billing_email","billing_phone","billing_fax","name_server_1","name_server_2","name_server_3","name_server_4","domain_status_1","domain_status_2","domain_status_3","domain_status_4"
"1","california.agency","2020-05-09 14:47:23","2020-05-07","2020-05-08","2021-05-07","81","Gandi SAS","whois.gandi.net","http://www.gandi.net","REDACTED FOR PRIVACY","California Agency","REDACTED FOR PRIVACY","REDACTED FOR PRIVACY","","REDACTED FOR PRIVACY","France","","REDACTED FOR PRIVACY","REDACTED FOR PRIVACY","","","","","","","","","","","","","","","","","","","","","","","","","","","","","","","","","","","addPeriod","clientTransferProhibited","",""
"2","captive.agency","2020-05-09 14:47:21","2020-05-07","2020-05-07","2021-05-07","895","Google, Inc.","whois.rrpproxy.net","http://www.google.com","REDACTED FOR PRIVACY","Contact Privacy Inc. Customer 1247155791","REDACTED FOR PRIVACY","REDACTED FOR PRIVACY","ON","REDACTED FOR PRIVACY","Canada","","REDACTED FOR PRIVACY","REDACTED FOR PRIVACY","","","","","","","","","","","","","","","","","","","","","","","","","","","","","","","","","","","addPeriod","clientTransferProhibited","",""
"3","destiny-travel.agency","2020-05-09 14:48:47","2020-05-08","2020-05-08","2021-05-08","1647","Hosting Concepts B.V. dba Openprovider","whois.registrar.eu","http://www.openprovider.com","REDACTED FOR PRIVACY","DESTINY TRAVEL","REDACTED FOR PRIVACY","REDACTED FOR PRIVACY","","REDACTED FOR PRIVACY","Netherlands","","REDACTED FOR PRIVACY","REDACTED FOR PRIVACY","","","","","","","","","","","","","","","","","","","","","","","","","","","","","","","","","","","addPeriod","clientTransferProhibited","",""
"4","dido.agency","2020-05-09 14:48:33","2020-05-08","2020-05-08","2022-05-08","303","PDR Ltd. d/b/a PublicDomainRegistry.com","whois.publicdomainregistry.com","http://www.publicdomainregistry.com","REDACTED FOR PRIVACY","Privacy Protect, LLC (PrivacyProtect.org)","REDACTED FOR PRIVACY","REDACTED FOR PRIVACY","MA","REDACTED FOR PRIVACY","United States","","REDACTED FOR PRIVACY","REDACTED FOR PRIVACY","","","","","","","","","","","","","","","","","","","","","","","","","","","","","","","","","","","addPeriod","clientTransferProhibited","",""
"5","digitalmark.agency","2020-05-09 14:47:52","2020-05-08","2020-05-08","2021-05-08","1636","Hostinger, UAB","whois.hostinger.com","http://www.hostinger.com","REDACTED FOR PRIVACY","Raju Jogi","REDACTED FOR PRIVACY","REDACTED FOR PRIVACY","Andhra Pradesh","REDACTED FOR PRIVACY","India","","REDACTED FOR PRIVACY","REDACTED FOR PRIVACY","","","","","","","","","","","","","","","","","","","","","","","","","","","","","","","","","","","addPeriod","clientTransferProhibited","",""
"6","digitank.agency","2020-05-09 14:47:51","2020-05-07","2020-05-07","2021-05-07","146","GoDaddy.com, LLC","whois.godaddy.com","http://registrar.godaddy.com","REDACTED FOR PRIVACY","","REDACTED FOR PRIVACY","REDACTED FOR PRIVACY","London","REDACTED FOR PRIVACY","United Kingdom","","REDACTED FOR PRIVACY","REDACTED FOR PRIVACY","","","","","","","","","","","","","","","","","","","","","","","","","","","","","","","","","","","addPeriod","clientDeleteProhibited","clientRenewProhibited","clientTransferProhibited"
"7","instamodel.agency","2020-05-09 14:51:04","2020-05-08","2020-05-08","2022-05-08","886","Domain.com, LLC","whois.domain.com","http://www.domain.com","REDACTED FOR PRIVACY","Data Protected","REDACTED FOR PRIVACY","REDACTED FOR PRIVACY","ON","REDACTED FOR PRIVACY","Canada","","REDACTED FOR PRIVACY","REDACTED FOR PRIVACY","","","","","","","","","","","","","","","","","","","","","","","","","","","","","","","","","","","addPeriod","","",""
"8","iqbot.agency","2020-05-09 14:50:59","2020-05-08","2020-05-08","2021-05-08","1068","NameCheap, Inc.","whois.namecheap.com","http://www.namecheap.com","REDACTED FOR PRIVACY","WhoisGuard, Inc.","REDACTED FOR PRIVACY","REDACTED FOR PRIVACY","Panama","REDACTED FOR PRIVACY","Panama","","REDACTED FOR PRIVACY","REDACTED FOR PRIVACY","","","","","","","","","","","","","","","","","","","","","","","","","","","","","","","","","","","addPeriod","clientTransferProhibited","",""
"9","jd-digital.agency","2020-05-09 14:50:54","2020-05-08","2020-05-08","2021-05-08","83","1&1 Internet AG","whois.schlund.info","http://1and1.com","REDACTED FOR PRIVACY","Data Privacy Protected","REDACTED FOR PRIVACY","REDACTED FOR PRIVACY","","REDACTED FOR PRIVACY","Germany","","REDACTED FOR PRIVACY","REDACTED FOR PRIVACY","","","","","","","","","","","","","","","","","","","","","","","","","","","","","","","","","","","addPeriod","clientTransferProhibited","",""
"10","jmn.agency","2020-05-09 14:50:52","2020-05-08","2020-05-08","2021-05-08","2","Network Solutions, LLC","whois.networksolutions.com","http://networksolutions.com","REDACTED FOR PRIVACY","","REDACTED FOR PRIVACY","REDACTED FOR PRIVACY","FL","REDACTED FOR PRIVACY","United States","","REDACTED FOR PRIVACY","REDACTED FOR PRIVACY","","","","","","","","","","","","","","","","","","","","","","","","","","","","","","","","","","","addPeriod","clientTransferProhibited","",""
"11","k-2.agency","2020-05-09 14:50:43","2020-05-08","2020-05-08","2021-05-08","9","register.com, Inc.","whois.register.com","http://www.register.com","REDACTED FOR PRIVACY","SKD Publications","REDACTED FOR PRIVACY","REDACTED FOR PRIVACY","FL","REDACTED FOR PRIVACY","United States","","REDACTED FOR PRIVACY","REDACTED FOR PRIVACY","","","","","","","","","","","","","","","","","","","","","","","","","","","","","","","","","","","addPeriod","clientTransferProhibited","",""
"12","k2digital.agency","2020-05-09 14:50:43","2020-05-07","2020-05-07","2021-05-07","1068","NameCheap, Inc.","whois.namecheap.com","http://www.namecheap.com","REDACTED FOR PRIVACY","WhoisGuard, Inc.","REDACTED FOR PRIVACY","REDACTED FOR PRIVACY","Panama","REDACTED FOR PRIVACY","Panama","","REDACTED FOR PRIVACY","REDACTED FOR PRIVACY","","","","","","","","","","","","","","","","","","","","","","","","","","","","","","","","","","","addPeriod","clientTransferProhibited","",""
"13","lankin.agency","2020-05-09 14:53:52","2020-05-08","2020-05-08","2021-05-08","146","GoDaddy.com, LLC","whois.godaddy.com","http://registrar.godaddy.com","REDACTED FOR PRIVACY","","REDACTED FOR PRIVACY","REDACTED FOR PRIVACY","Berlin","REDACTED FOR PRIVACY","Germany","","REDACTED FOR PRIVACY","REDACTED FOR PRIVACY","","","","","","","","","","","","","","","","","","","","","","","","","","","","","","","","","","","addPeriod","clientDeleteProhibited","clientRenewProhibited","clientTransferProhibited"
"14","lead-gen.agency","2020-05-09 14:53:48","2020-05-08","2020-05-08","2021-05-08","1068","NameCheap, Inc.","whois.namecheap.com","http://www.namecheap.com","REDACTED FOR PRIVACY","WhoisGuard, Inc.","REDACTED FOR PRIVACY","REDACTED FOR PRIVACY","Panama","REDACTED FOR PRIVACY","Panama","","REDACTED FOR PRIVACY","REDACTED FOR PRIVACY","","","","","","","","","","","","","","","","","","","","","","","","","","","","","","","","","","","addPeriod","clientTransferProhibited","",""
"15","lead-generation.agency","2020-05-09 14:53:49","2020-05-08","2020-05-08","2021-05-08","1068","NameCheap, Inc.","whois.namecheap.com","http://www.namecheap.com","REDACTED FOR PRIVACY","WhoisGuard, Inc.","REDACTED FOR PRIVACY","REDACTED FOR PRIVACY","Panama","REDACTED FOR PRIVACY","Panama","","REDACTED FOR PRIVACY","REDACTED FOR PRIVACY","","","","","","","","","","","","","","","","","","","","","","","","","","","","","","","","","","","addPeriod","clientTransferProhibited","",""
"16","leadssales.agency","2020-05-09 14:53:47","2020-05-08","2020-05-08","2021-05-08","1068","NameCheap, Inc.","whois.namecheap.com","http://www.namecheap.com","REDACTED FOR PRIVACY","WhoisGuard, Inc.","REDACTED FOR PRIVACY","REDACTED FOR PRIVACY","Panama","REDACTED FOR PRIVACY","Panama","","REDACTED FOR PRIVACY","REDACTED FOR PRIVACY","","","","","","","","","","","","","","","","","","","","","","","","","","","","","","","","","","","addPeriod","clientTransferProhibited","",""
"17","quantumsecurityintelligence.agency","2020-05-09 14:54:32","2020-05-09","2020-05-09","2022-05-09","146","GoDaddy.com, LLC","whois.godaddy.com","http://registrar.godaddy.com","REDACTED FOR PRIVACY","Domains By Proxy, LLC","REDACTED FOR PRIVACY","REDACTED FOR PRIVACY","Arizona","REDACTED FOR PRIVACY","United States","","REDACTED FOR PRIVACY","REDACTED FOR PRIVACY","","","","","","","","","","","","","","","","","","","","","","","","","","","","","","","","","","","addPeriod","clientDeleteProhibited","clientRenewProhibited","clientTransferProhibited"
"18","rd360.agency","2020-05-09 14:54:29","2020-05-08","2020-05-08","2021-05-08","1390","Mesh Digital Limited","whois.meshdigital.com","http://www.meshdigital.com","REDACTED FOR PRIVACY","Identity Protect Limited","REDACTED FOR PRIVACY","REDACTED FOR PRIVACY","Middlesex","REDACTED FOR PRIVACY","United Kingdom","","REDACTED FOR PRIVACY","REDACTED FOR PRIVACY","","","","","","","","","","","","","","","","","","","","","","","","","","","","","","","","","","","addPeriod","clientDeleteProhibited","clientTransferProhibited","clientUpdateProhibited"
"19","yup.agency","2020-05-09 14:58:57","2020-05-09","2020-05-09","2021-05-09","146","GoDaddy.com, LLC","whois.godaddy.com","http://registrar.godaddy.com","REDACTED FOR PRIVACY","","REDACTED FOR PRIVACY","REDACTED FOR PRIVACY","Riyadh","REDACTED FOR PRIVACY","Saudi Arabia","","REDACTED FOR PRIVACY","REDACTED FOR PRIVACY","","","","","","","","","","","","","","","","","","","","","","","","","","","","","","","","","","","addPeriod","clientDeleteProhibited","clientRenewProhibited","clientTransferProhibited"
"20","zhin.agency","2020-05-09 14:58:55","2020-05-08","2020-05-08","2021-05-08","113","CSL Computer Service Langenbach GmbH d/b/a joker.com","whois.joker.com","http://www.joker.com","REDACTED FOR PRIVACY","","REDACTED FOR PRIVACY","REDACTED FOR PRIVACY","","REDACTED FOR PRIVACY","Canada","","REDACTED FOR PRIVACY","REDACTED FOR PRIVACY","","","","","","","","","","","","","","","","","","","","","","","","","","","","","","","","","","","addPeriod","clientTransferProhibited","",""