"num","domain_name","query_time","create_date","update_date","expiry_date","domain_registrar_id","domain_registrar_name","domain_registrar_whois","domain_registrar_url","registrant_name","registrant_company","registrant_address","registrant_city","registrant_state","registrant_zip","registrant_country","registrant_email","registrant_phone","registrant_fax","administrative_name","administrative_company","administrative_address","administrative_city","administrative_state","administrative_zip","administrative_country","administrative_email","administrative_phone","administrative_fax","technical_name","technical_company","technical_address","technical_city","technical_state","technical_zip","technical_country","technical_email","technical_phone","technical_fax","billing_name","billing_company","billing_address","billing_city","billing_state","billing_zip","billing_country","billing_email","billing_phone","billing_fax","name_server_1","name_server_2","name_server_3","name_server_4","domain_status_1","domain_status_2","domain_status_3","domain_status_4"
"1","contabil.center","2020-05-09 20:21:24","2020-05-08","2020-05-08","2021-05-08","146","GoDaddy.com, LLC","whois.godaddy.com","http://registrar.godaddy.com","REDACTED FOR PRIVACY","Lynx Web Services SRL","REDACTED FOR PRIVACY","REDACTED FOR PRIVACY","Bucure\u015fti","REDACTED FOR PRIVACY","Romania","","REDACTED FOR PRIVACY","REDACTED FOR PRIVACY","","","","","","","","","","","","","","","","","","","","","","","","","","","","","","","","","","","addPeriod","clientDeleteProhibited","clientRenewProhibited","clientTransferProhibited"
"2","covid19bw.center","2020-05-09 20:21:16","2020-05-08","2020-05-08","2021-05-08","81","Gandi SAS","whois.gandi.net","http://www.gandi.net","REDACTED FOR PRIVACY","","REDACTED FOR PRIVACY","REDACTED FOR PRIVACY","","REDACTED FOR PRIVACY","Botswana","","REDACTED FOR PRIVACY","REDACTED FOR PRIVACY","","","","","","","","","","","","","","","","","","","","","","","","","","","","","","","","","","","addPeriod","clientTransferProhibited","",""
"3","dattapeetham.center","2020-05-09 20:21:08","2020-05-08","2020-05-08","2021-05-08","146","GoDaddy.com, LLC","whois.godaddy.com","http://registrar.godaddy.com","REDACTED FOR PRIVACY","","REDACTED FOR PRIVACY","REDACTED FOR PRIVACY","Karnataka","REDACTED FOR PRIVACY","India","","REDACTED FOR PRIVACY","REDACTED FOR PRIVACY","","","","","","","","","","","","","","","","","","","","","","","","","","","","","","","","","","","addPeriod","clientDeleteProhibited","clientRenewProhibited","clientTransferProhibited"
"4","daywalker.center","2020-05-09 20:21:08","2020-05-08","2020-05-08","2021-05-08","146","GoDaddy.com, LLC","whois.godaddy.com","http://registrar.godaddy.com","REDACTED FOR PRIVACY","","REDACTED FOR PRIVACY","REDACTED FOR PRIVACY","New Jersey","REDACTED FOR PRIVACY","United States","","REDACTED FOR PRIVACY","REDACTED FOR PRIVACY","","","","","","","","","","","","","","","","","","","","","","","","","","","","","","","","","","","addPeriod","clientDeleteProhibited","clientRenewProhibited","clientTransferProhibited"
"5","dentalmilling.center","2020-05-09 20:21:05","2020-05-09","2020-05-09","2021-05-09","895","Google, Inc.","whois.rrpproxy.net","http://www.google.com","REDACTED FOR PRIVACY","Contact Privacy Inc. Customer 1247169290","REDACTED FOR PRIVACY","REDACTED FOR PRIVACY","ON","REDACTED FOR PRIVACY","Canada","","REDACTED FOR PRIVACY","REDACTED FOR PRIVACY","","","","","","","","","","","","","","","","","","","","","","","","","","","","","","","","","","","addPeriod","clientTransferProhibited","",""
"6","der.center","2020-05-09 20:21:04","2020-05-08","2020-05-08","2021-05-08","1861","Porkbun, LLC","whois.porkbun.com","http://porkbun.com","REDACTED FOR PRIVACY","Private by Design, LLC","REDACTED FOR PRIVACY","REDACTED FOR PRIVACY","NC","REDACTED FOR PRIVACY","United States","","REDACTED FOR PRIVACY","REDACTED FOR PRIVACY","","","","","","","","","","","","","","","","","","","","","","","","","","","","","","","","","","","addPeriod","clientDeleteProhibited","clientTransferProhibited",""
"7","fara.center","2020-05-09 20:22:07","2020-05-08","2020-05-08","2024-05-08","69","Tucows Domains Inc.","whois.tucows.com","http://domainhelp.opensrs.net","REDACTED FOR PRIVACY","Data Protected","REDACTED FOR PRIVACY","REDACTED FOR PRIVACY","ON","REDACTED FOR PRIVACY","Canada","","REDACTED FOR PRIVACY","REDACTED FOR PRIVACY","","","","","","","","","","","","","","","","","","","","","","","","","","","","","","","","","","","addPeriod","clientTransferProhibited","clientUpdateProhibited",""
"8","filetype86.center","2020-05-09 20:22:02","2020-05-08","2020-05-08","2022-05-08","146","GoDaddy.com, LLC","whois.godaddy.com","http://registrar.godaddy.com","REDACTED FOR PRIVACY","rsapla@pohconsulting.com","REDACTED FOR PRIVACY","REDACTED FOR PRIVACY","Arizona","REDACTED FOR PRIVACY","United States","","REDACTED FOR PRIVACY","REDACTED FOR PRIVACY","","","","","","","","","","","","","","","","","","","","","","","","","","","","","","","","","","","addPeriod","clientDeleteProhibited","clientRenewProhibited","clientTransferProhibited"
"9","geistheilen.center","2020-05-09 20:21:46","2020-05-08","2020-05-08","2021-05-08","151","PSI-USA, Inc. dba Domain Robot","whois.psi-usa.info","http://www.psi-usa.info","REDACTED FOR PRIVACY","","REDACTED FOR PRIVACY","REDACTED FOR PRIVACY","DE","REDACTED FOR PRIVACY","Germany","","REDACTED FOR PRIVACY","REDACTED FOR PRIVACY","","","","","","","","","","","","","","","","","","","","","","","","","","","","","","","","","","","addPeriod","clientTransferProhibited","",""
"10","iti.center","2020-05-09 20:22:41","2020-05-08","2020-05-08","2021-05-08","1519","NETIM SARL","whois.netim.com","http://www.netim.com","REDACTED FOR PRIVACY","NETIM","REDACTED FOR PRIVACY","REDACTED FOR PRIVACY","","REDACTED FOR PRIVACY","France","","REDACTED FOR PRIVACY","REDACTED FOR PRIVACY","","","","","","","","","","","","","","","","","","","","","","","","","","","","","","","","","","","addPeriod","clientTransferProhibited","",""
"11","jfqbcei.center","2020-05-09 20:22:36","2020-05-08","2020-05-08","2021-05-08","49","GMO Internet Inc.","whois.discount-domain.com","http://www.onamae.com","REDACTED FOR PRIVACY","Personal","REDACTED FOR PRIVACY","REDACTED FOR PRIVACY","Saga","REDACTED FOR PRIVACY","Japan","","REDACTED FOR PRIVACY","REDACTED FOR PRIVACY","","","","","","","","","","","","","","","","","","","","","","","","","","","","","","","","","","","addPeriod","","",""
"12","surrogate.center","2020-05-09 20:28:48","2020-05-08","2020-05-08","2021-05-08","146","GoDaddy.com, LLC","whois.godaddy.com","http://registrar.godaddy.com","REDACTED FOR PRIVACY","AV Research","REDACTED FOR PRIVACY","REDACTED FOR PRIVACY","California","REDACTED FOR PRIVACY","United States","","REDACTED FOR PRIVACY","REDACTED FOR PRIVACY","","","","","","","","","","","","","","","","","","","","","","","","","","","","","","","","","","","addPeriod","clientDeleteProhibited","clientRenewProhibited","clientTransferProhibited"
"13","swp.center","2020-05-09 20:28:34","2020-05-08","2020-05-08","2021-05-08","1505","Gransy s.r.o. d/b/a subreg.cz","whois.regtons.com","http://regtons.com","REDACTED FOR PRIVACY","FOP Zubak?na S.K.","REDACTED FOR PRIVACY","REDACTED FOR PRIVACY","Hark?vsxka obl.","REDACTED FOR PRIVACY","Ukraine","","REDACTED FOR PRIVACY","REDACTED FOR PRIVACY","","","","","","","","","","","","","","","","","","","","","","","","","","","","","","","","","","","addPeriod","","",""