"num","domain_name","query_time","create_date","update_date","expiry_date","domain_registrar_id","domain_registrar_name","domain_registrar_whois","domain_registrar_url","registrant_name","registrant_company","registrant_address","registrant_city","registrant_state","registrant_zip","registrant_country","registrant_email","registrant_phone","registrant_fax","administrative_name","administrative_company","administrative_address","administrative_city","administrative_state","administrative_zip","administrative_country","administrative_email","administrative_phone","administrative_fax","technical_name","technical_company","technical_address","technical_city","technical_state","technical_zip","technical_country","technical_email","technical_phone","technical_fax","billing_name","billing_company","billing_address","billing_city","billing_state","billing_zip","billing_country","billing_email","billing_phone","billing_fax","name_server_1","name_server_2","name_server_3","name_server_4","domain_status_1","domain_status_2","domain_status_3","domain_status_4"
"1","cryptoline.co","2020-05-09 14:51:23","2020-05-06","2020-05-07","2021-05-06","472","Dynadot, LLC","whois.dynadot.com","http://www.dynadot.com","","","","","California","","United States","","","","","","","","","","","","","","","","","","","","","","","","","","","","","","","","","","ns1.dan.com","ns2.dan.com","","","addPeriod","clientTransferProhibited","",""
"2","enlightenio.co","2020-05-09 22:35:45","2020-05-08","2020-05-08","2021-05-08","1068","NameCheap, Inc.","whois.namecheap.com","http://www.namecheap.com","WhoisGuard, Inc.","WhoisGuard, Inc.","","","MA","","United States","","","","","","","","","","","","","","","","","","","","","","","","","","","","","","","","","","ns1.enlightenio.co","ns2.enlightenio.co","","","addPeriod","clientTransferProhibited","",""
"3","kellersupply.co","2020-05-09 02:26:58","2020-04-30","2020-05-05","2021-04-30","1068","NameCheap, Inc.","whois.namecheap.com","http://www.namecheap.com","WhoisGuard, Inc.","WhoisGuard, Inc.","","","Panama","","Panama","","","","","","","","","","","","","","","","","","","","","","","","","","","","","","","","","","dns1.registrar-servers.com","dns2.registrar-servers.com","","","clientTransferProhibited","","",""
"4","mycarfinance.co","2020-05-09 12:46:51","2020-04-30","2020-05-05","2021-04-30","625","Name.com, Inc.","whois.name.com","http://www.name.com","Domain Protection Services, Inc.","Domain Protection Services, Inc.","","","CO","","United States","","","","","","","","","","","","","","","","","","","","","","","","","","","","","","","","","","ns1gmz.name.com","ns2dqx.name.com","ns3dkz.name.com","ns4hny.name.com","clientTransferProhibited","","",""
"5","simplydisinfect.co","2020-05-09 23:08:31","2020-05-02","2020-05-07","2021-05-02","146","GoDaddy.com, LLC","whois.godaddy.com","http://registrar.godaddy.com","","","","","Colorado","","United States","","","","","","","","","","","","","","","","","","","","","","","","","","","","","","","","","","pdns03.domaincontrol.com","pdns04.domaincontrol.com","","","clientDeleteProhibited","clientRenewProhibited","clientTransferProhibited","clientUpdateProhibited"