"num","domain_name","query_time","create_date","update_date","expiry_date","domain_registrar_id","domain_registrar_name","domain_registrar_whois","domain_registrar_url","registrant_name","registrant_company","registrant_address","registrant_city","registrant_state","registrant_zip","registrant_country","registrant_email","registrant_phone","registrant_fax","administrative_name","administrative_company","administrative_address","administrative_city","administrative_state","administrative_zip","administrative_country","administrative_email","administrative_phone","administrative_fax","technical_name","technical_company","technical_address","technical_city","technical_state","technical_zip","technical_country","technical_email","technical_phone","technical_fax","billing_name","billing_company","billing_address","billing_city","billing_state","billing_zip","billing_country","billing_email","billing_phone","billing_fax","name_server_1","name_server_2","name_server_3","name_server_4","domain_status_1","domain_status_2","domain_status_3","domain_status_4"
"1","greenrock.farm","2020-05-09 22:14:52","2020-05-08","2020-05-08","2021-05-08","1068","NameCheap, Inc.","whois.namecheap.com","http://www.namecheap.com","REDACTED FOR PRIVACY","WhoisGuard, Inc.","REDACTED FOR PRIVACY","REDACTED FOR PRIVACY","Panama","REDACTED FOR PRIVACY","Panama","","REDACTED FOR PRIVACY","REDACTED FOR PRIVACY","","","","","","","","","","","","","","","","","","","","","","","","","","","","","","","","","","","addPeriod","clientTransferProhibited","",""
"2","grid0.farm","2020-05-09 22:14:49","2020-05-07","2020-05-07","2021-05-07","1068","NameCheap, Inc.","whois.namecheap.com","http://www.namecheap.com","REDACTED FOR PRIVACY","WhoisGuard, Inc.","REDACTED FOR PRIVACY","REDACTED FOR PRIVACY","Panama","REDACTED FOR PRIVACY","Panama","","REDACTED FOR PRIVACY","REDACTED FOR PRIVACY","","","","","","","","","","","","","","","","","","","","","","","","","","","","","","","","","","","addPeriod","clientTransferProhibited","",""
"3","gridzero.farm","2020-05-09 22:14:51","2020-05-07","2020-05-07","2021-05-07","1068","NameCheap, Inc.","whois.namecheap.com","http://www.namecheap.com","REDACTED FOR PRIVACY","WhoisGuard, Inc.","REDACTED FOR PRIVACY","REDACTED FOR PRIVACY","Panama","REDACTED FOR PRIVACY","Panama","","REDACTED FOR PRIVACY","REDACTED FOR PRIVACY","","","","","","","","","","","","","","","","","","","","","","","","","","","","","","","","","","","addPeriod","clientTransferProhibited","",""
"4","griffincreek.farm","2020-05-09 22:14:49","2020-05-07","2020-05-07","2021-05-07","146","GoDaddy.com, LLC","whois.godaddy.com","http://registrar.godaddy.com","REDACTED FOR PRIVACY","","REDACTED FOR PRIVACY","REDACTED FOR PRIVACY","California","REDACTED FOR PRIVACY","United States","","REDACTED FOR PRIVACY","REDACTED FOR PRIVACY","","","","","","","","","","","","","","","","","","","","","","","","","","","","","","","","","","","addPeriod","clientDeleteProhibited","clientRenewProhibited","clientTransferProhibited"
"5","grit.farm","2020-05-09 22:14:51","2020-05-07","2020-05-07","2021-05-07","146","GoDaddy.com, LLC","whois.godaddy.com","http://registrar.godaddy.com","REDACTED FOR PRIVACY","Domains By Proxy, LLC","REDACTED FOR PRIVACY","REDACTED FOR PRIVACY","Arizona","REDACTED FOR PRIVACY","United States","","REDACTED FOR PRIVACY","REDACTED FOR PRIVACY","","","","","","","","","","","","","","","","","","","","","","","","","","","","","","","","","","","addPeriod","clientDeleteProhibited","clientRenewProhibited","clientTransferProhibited"
"6","habber.farm","2020-05-09 22:14:50","2020-05-07","2020-05-07","2021-05-07","895","Google, Inc.","whois.rrpproxy.net","http://www.google.com","REDACTED FOR PRIVACY","Contact Privacy Inc. Customer 1247158159","REDACTED FOR PRIVACY","REDACTED FOR PRIVACY","ON","REDACTED FOR PRIVACY","Canada","","REDACTED FOR PRIVACY","REDACTED FOR PRIVACY","","","","","","","","","","","","","","","","","","","","","","","","","","","","","","","","","","","addPeriod","clientTransferProhibited","",""
"7","hanwoo.farm","2020-05-09 22:14:42","2020-05-09","2020-05-09","2021-05-09","244","Gabia, Inc.","whois.gabia.com","http://www.gabia.com","REDACTED FOR PRIVACY","best2000","REDACTED FOR PRIVACY","REDACTED FOR PRIVACY","","REDACTED FOR PRIVACY","Korea","","REDACTED FOR PRIVACY","REDACTED FOR PRIVACY","","","","","","","","","","","","","","","","","","","","","","","","","","","","","","","","","","","addPeriod","clientTransferProhibited","",""
"8","herbanbloom.farm","2020-05-09 22:13:55","2020-05-08","2020-05-08","2021-05-08","69","Tucows Domains Inc.","whois.tucows.com","http://domainhelp.opensrs.net","REDACTED FOR PRIVACY","Contact Privacy Inc. Customer 0157858452","REDACTED FOR PRIVACY","REDACTED FOR PRIVACY","ON","REDACTED FOR PRIVACY","Canada","","REDACTED FOR PRIVACY","REDACTED FOR PRIVACY","","","","","","","","","","","","","","","","","","","","","","","","","","","","","","","","","","","addPeriod","clientTransferProhibited","clientUpdateProhibited",""