"num","domain_name","query_time","create_date","update_date","expiry_date","domain_registrar_id","domain_registrar_name","domain_registrar_whois","domain_registrar_url","registrant_name","registrant_company","registrant_address","registrant_city","registrant_state","registrant_zip","registrant_country","registrant_email","registrant_phone","registrant_fax","administrative_name","administrative_company","administrative_address","administrative_city","administrative_state","administrative_zip","administrative_country","administrative_email","administrative_phone","administrative_fax","technical_name","technical_company","technical_address","technical_city","technical_state","technical_zip","technical_country","technical_email","technical_phone","technical_fax","billing_name","billing_company","billing_address","billing_city","billing_state","billing_zip","billing_country","billing_email","billing_phone","billing_fax","name_server_1","name_server_2","name_server_3","name_server_4","domain_status_1","domain_status_2","domain_status_3","domain_status_4"
"1","betaalpas-vervang.info","2020-05-03 18:57:45","2020-05-02","2020-05-02","2021-05-02","1741","Shinjiru MSC Sdn Bhd","whois.ilovewww.com","http://www.ilovewww.com","GDPR Masked","GDPR Masked","","","GDPR Masked","","United States","","","","","","","","","","","","","","","","","","","","","","","","","","","","","","","","","","ns1.incodns.net","ns2.incodns.net","","","addPeriod","clientTransferProhibited","serverTransferProhibited",""
"2","byoki.info","2020-05-09 00:45:30","2020-05-07","2020-05-07","2021-05-07","895","Google, Inc.","whois.rrpproxy.net","http://www.google.com","Contact Privacy Inc. Customer 1247057635","Contact Privacy Inc. Customer 1247057635","","","ON","","Canada","","","","","","","","","","","","","","","","","","","","","","","","","","","","","","","","","","ns-cloud-e1.googledomains.com","ns-cloud-e2.googledomains.com","ns-cloud-e3.googledomains.com","ns-cloud-e4.googledomains.com","addPeriod","clientTransferProhibited","serverTransferProhibited",""
"3","mob-wells-fargo.info","2020-05-09 02:13:18","2020-05-09","2020-05-09","2021-05-09","1068","NameCheap, Inc.","whois.namecheap.com","http://www.namecheap.com","WhoisGuard, Inc.","WhoisGuard, Inc.","","","Panama","","Panama","","","","","","","","","","","","","","","","","","","","","","","","","","","","","","","","","","dns1.registrar-servers.com","dns2.registrar-servers.com","","","addPeriod","clientTransferProhibited","serverTransferProhibited",""
"4","tierphysio.info","2020-05-09 16:02:31","2020-05-08","2020-05-09","2021-05-08","1167","Allworldnames.com LLC","whois.allworldnames.com","http://www.networksolutions.com","","","","","SH","","Germany","","","","","","","","","","","","","","","","","","","","","","","","","","","","","","","","","","ns3.worldnic.com","ns4.worldnic.com","","","addPeriod","clientTransferProhibited","serverTransferProhibited",""
"5","wells-acmembers.info","2020-05-09 22:36:19","2020-05-09","2020-05-09","2021-05-09","1068","NameCheap, Inc.","whois.namecheap.com","http://www.namecheap.com","WhoisGuard, Inc.","WhoisGuard, Inc.","","","Panama","","Panama","","","","","","","","","","","","","","","","","","","","","","","","","","","","","","","","","","dns1.registrar-servers.com","dns2.registrar-servers.com","","","addPeriod","clientTransferProhibited","serverTransferProhibited",""
"6","wells-amember.info","2020-05-09 22:24:19","2020-05-09","2020-05-09","2021-05-09","1068","NameCheap, Inc.","whois.namecheap.com","http://www.namecheap.com","WhoisGuard, Inc.","WhoisGuard, Inc.","","","Panama","","Panama","","","","","","","","","","","","","","","","","","","","","","","","","","","","","","","","","","dns1.registrar-servers.com","dns2.registrar-servers.com","","","addPeriod","clientTransferProhibited","serverTransferProhibited",""
"7","wf-support-center.info","2020-05-09 01:48:30","2020-05-09","2020-05-09","2021-05-09","1068","NameCheap, Inc.","whois.namecheap.com","http://www.namecheap.com","WhoisGuard, Inc.","WhoisGuard, Inc.","","","Panama","","Panama","","","","","","","","","","","","","","","","","","","","","","","","","","","","","","","","","","dns1.registrar-servers.com","dns2.registrar-servers.com","","","addPeriod","clientTransferProhibited","serverTransferProhibited",""