"num","domain_name","query_time","create_date","update_date","expiry_date","domain_registrar_id","domain_registrar_name","domain_registrar_whois","domain_registrar_url","registrant_name","registrant_company","registrant_address","registrant_city","registrant_state","registrant_zip","registrant_country","registrant_email","registrant_phone","registrant_fax","administrative_name","administrative_company","administrative_address","administrative_city","administrative_state","administrative_zip","administrative_country","administrative_email","administrative_phone","administrative_fax","technical_name","technical_company","technical_address","technical_city","technical_state","technical_zip","technical_country","technical_email","technical_phone","technical_fax","billing_name","billing_company","billing_address","billing_city","billing_state","billing_zip","billing_country","billing_email","billing_phone","billing_fax","name_server_1","name_server_2","name_server_3","name_server_4","domain_status_1","domain_status_2","domain_status_3","domain_status_4"
"1","ferdinands.restaurant","2020-05-10 00:57:41","2020-05-07","2020-05-07","2021-05-07","151","PSI-USA, Inc. dba Domain Robot","whois.psi-usa.info","http://www.psi-usa.info","REDACTED FOR PRIVACY","HirschenBetriebsGmbH","REDACTED FOR PRIVACY","REDACTED FOR PRIVACY","AT","REDACTED FOR PRIVACY","Austria","","REDACTED FOR PRIVACY","REDACTED FOR PRIVACY","","","","","","","","","","","","","","","","","","","","","","","","","","","","","","","","","","","addPeriod","clientTransferProhibited","",""
"2","fresh.restaurant","2020-05-10 00:57:39","2020-05-07","2020-05-08","2021-05-07","83","1&1 Internet AG","whois.schlund.info","http://1and1.com","REDACTED FOR PRIVACY","1&1 Internet Limited","REDACTED FOR PRIVACY","REDACTED FOR PRIVACY","GLS","REDACTED FOR PRIVACY","United Kingdom","","REDACTED FOR PRIVACY","REDACTED FOR PRIVACY","","","","","","","","","","","","","","","","","","","","","","","","","","","","","","","","","","","addPeriod","clientTransferProhibited","",""
"3","hestia.restaurant","2020-05-10 00:57:37","2020-05-08","2020-05-08","2021-05-08","1390","Mesh Digital Limited","whois.meshdigital.com","http://www.meshdigital.com","REDACTED FOR PRIVACY","","REDACTED FOR PRIVACY","REDACTED FOR PRIVACY","","REDACTED FOR PRIVACY","United Kingdom","","REDACTED FOR PRIVACY","REDACTED FOR PRIVACY","","","","","","","","","","","","","","","","","","","","","","","","","","","","","","","","","","","addPeriod","clientDeleteProhibited","clientTransferProhibited","clientUpdateProhibited"
"4","hirschen.restaurant","2020-05-10 00:57:36","2020-05-07","2020-05-07","2021-05-07","151","PSI-USA, Inc. dba Domain Robot","whois.psi-usa.info","http://www.psi-usa.info","REDACTED FOR PRIVACY","HirschenBetriebsGmbH","REDACTED FOR PRIVACY","REDACTED FOR PRIVACY","AT","REDACTED FOR PRIVACY","Austria","","REDACTED FOR PRIVACY","REDACTED FOR PRIVACY","","","","","","","","","","","","","","","","","","","","","","","","","","","","","","","","","","","addPeriod","clientTransferProhibited","",""
"5","jasper.restaurant","2020-05-10 00:57:34","2020-05-07","2020-05-07","2021-05-07","146","GoDaddy.com, LLC","whois.godaddy.com","http://registrar.godaddy.com","REDACTED FOR PRIVACY","Domains By Proxy, LLC","REDACTED FOR PRIVACY","REDACTED FOR PRIVACY","Arizona","REDACTED FOR PRIVACY","United States","","REDACTED FOR PRIVACY","REDACTED FOR PRIVACY","","","","","","","","","","","","","","","","","","","","","","","","","","","","","","","","","","","addPeriod","clientDeleteProhibited","clientRenewProhibited","clientTransferProhibited"
"6","jaspers.restaurant","2020-05-10 00:57:34","2020-05-07","2020-05-07","2021-05-07","146","GoDaddy.com, LLC","whois.godaddy.com","http://registrar.godaddy.com","REDACTED FOR PRIVACY","Domains By Proxy, LLC","REDACTED FOR PRIVACY","REDACTED FOR PRIVACY","Arizona","REDACTED FOR PRIVACY","United States","","REDACTED FOR PRIVACY","REDACTED FOR PRIVACY","","","","","","","","","","","","","","","","","","","","","","","","","","","","","","","","","","","addPeriod","clientDeleteProhibited","clientRenewProhibited","clientTransferProhibited"
"7","kobe.restaurant","2020-05-10 00:57:33","2020-05-07","2020-05-07","2021-05-07","1068","NameCheap, Inc.","whois.namecheap.com","http://www.namecheap.com","REDACTED FOR PRIVACY","Kobe","REDACTED FOR PRIVACY","REDACTED FOR PRIVACY","Rheinland Pfalz","REDACTED FOR PRIVACY","Germany","","REDACTED FOR PRIVACY","REDACTED FOR PRIVACY","","","","","","","","","","","","","","","","","","","","","","","","","","","","","","","","","","","addPeriod","clientTransferProhibited","",""
"8","lunalome.restaurant","2020-05-10 00:57:29","2020-05-07","2020-05-07","2021-05-07","433","OVH sas","whois.ovh.com","http://www.ovh.com","REDACTED FOR PRIVACY","","REDACTED FOR PRIVACY","REDACTED FOR PRIVACY","","REDACTED FOR PRIVACY","France","","REDACTED FOR PRIVACY","REDACTED FOR PRIVACY","","","","","","","","","","","","","","","","","","","","","","","","","","","","","","","","","","","addPeriod","clientDeleteProhibited","clientTransferProhibited",""
"9","microdining.restaurant","2020-05-10 00:57:26","2020-05-08","2020-05-08","2022-05-08","83","1&1 Internet AG","whois.schlund.info","http://1and1.com","REDACTED FOR PRIVACY","Data Privacy Protected","REDACTED FOR PRIVACY","REDACTED FOR PRIVACY","","REDACTED FOR PRIVACY","Germany","","REDACTED FOR PRIVACY","REDACTED FOR PRIVACY","","","","","","","","","","","","","","","","","","","","","","","","","","","","","","","","","","","addPeriod","clientTransferProhibited","",""