"num","domain_name","query_time","create_date","update_date","expiry_date","domain_registrar_id","domain_registrar_name","domain_registrar_whois","domain_registrar_url","registrant_name","registrant_company","registrant_address","registrant_city","registrant_state","registrant_zip","registrant_country","registrant_email","registrant_phone","registrant_fax","administrative_name","administrative_company","administrative_address","administrative_city","administrative_state","administrative_zip","administrative_country","administrative_email","administrative_phone","administrative_fax","technical_name","technical_company","technical_address","technical_city","technical_state","technical_zip","technical_country","technical_email","technical_phone","technical_fax","billing_name","billing_company","billing_address","billing_city","billing_state","billing_zip","billing_country","billing_email","billing_phone","billing_fax","name_server_1","name_server_2","name_server_3","name_server_4","domain_status_1","domain_status_2","domain_status_3","domain_status_4"
"1","activity.world","2020-05-07 19:04:58","2020-05-03","2020-05-05","2021-05-03","1366","Xiamen ChinaSource Internet Service Co., Ltd.","whois.cnolnic.com","http://www.zzy.cn","REDACTED FOR PRIVACY","Wangxiaoqin","REDACTED FOR PRIVACY","REDACTED FOR PRIVACY","Jiangsu","REDACTED FOR PRIVACY","China","","REDACTED FOR PRIVACY","REDACTED FOR PRIVACY","","","","","","","","","","","","","","","","","","","","","","","","","","","","","","","","","","","addPeriod","clientTransferProhibited","",""
"2","afilab.info","2020-05-07 23:26:54","2020-05-03","2020-05-06","2021-05-03","49","GMO Internet Inc.","whois.discount-domain.com","http://www.onamae.com","Whois Privacy Protection Service by onamae.com","Whois Privacy Protection Service by onamae.com","","","Tokyo","","Japan","","","","","","","","","","","","","","","","","","","","","","","","","","","","","","","","","","uns01.lolipop.jp","uns02.lolipop.jp","","","addPeriod","serverTransferProhibited","",""
"3","alley.info","2020-05-07 23:25:47","2020-05-03","2020-05-06","2021-05-03","1366","Xiamen ChinaSource Internet Service Co., Ltd.","whois.cnolnic.com","http://www.zzy.cn","???","???","","","??","","China","","","","","","","","","","","","","","","","","","","","","","","","","","","","","","","","","","ns1.cnolnic.net","ns2.cnolnic.net","","","addPeriod","clientTransferProhibited","serverTransferProhibited",""
"4","autoservis.biz","2020-05-07 14:57:50","2020-05-03","2020-05-03","2021-05-03","1068","NameCheap, Inc.","whois.namecheap.com","http://www.namecheap.com","WhoisGuard, Inc.","WhoisGuard, Inc.","","","Panama","","Panama","","","","","","","","","","","","","","","","","","","","","","","","","","","","","","","","","","dns1.registrar-servers.com","dns2.registrar-servers.com","","","addPeriod","clientTransferProhibited","",""
"5","avatarin.biz","2020-05-07 14:57:50","2020-05-03","2020-05-03","2021-05-03","895","Google, Inc.","whois.rrpproxy.net","http://www.google.com","Contact Privacy Inc. Customer 1247116018","Contact Privacy Inc. Customer 1247116018","","","ON","","Canada","","","","","","","","","","","","","","","","","","","","","","","","","","","","","","","","","","ns-cloud-e1.googledomains.com","ns-cloud-e2.googledomains.com","ns-cloud-e3.googledomains.com","ns-cloud-e4.googledomains.com","addPeriod","clientTransferProhibited","",""
"6","ayycgg.com","2020-05-07 21:17:46","2020-05-03","2020-05-03","2021-05-03","1915","West263 International Limited","whois.hkdns.hk","http://www.hkdns.hk","REDACTED FOR PRIVACY","REDACTED FOR PRIVACY","REDACTED FOR PRIVACY","Chengdu","Sichuan","REDACTED FOR PRIVACY","China","","REDACTED FOR PRIVACY","REDACTED FOR PRIVACY","REDACTED FOR PRIVACY","REDACTED FOR PRIVACY","REDACTED FOR PRIVACY","Chengdu","Sichuan","REDACTED FOR PRIVACY","China","","REDACTED FOR PRIVACY","REDACTED FOR PRIVACY","REDACTED FOR PRIVACY","REDACTED FOR PRIVACY","REDACTED FOR PRIVACY","Chengdu","Sichuan","REDACTED FOR PRIVACY","China","","REDACTED FOR PRIVACY","REDACTED FOR PRIVACY","","","","","","","","","","","ns1.myhostadmin.net","ns2.myhostadmin.net","","","OK","","",""
"7","b2bc.biz","2020-05-07 15:00:29","2020-05-03","2020-05-03","2021-05-03","106","Ascio Technologies, Inc. Danmark - Filial af Ascio technologies, Inc. USA","whois.ascio.com","http://www.ascio.com","","","","","","","Czech Republic","","","","","","","","","","","","","","","","","","","","","","","","","","","","","","","","","","ns1.sedoparking.com","ns2.sedoparking.com","","","addPeriod","ok","",""
"8","barclayexpress.biz","2020-05-07 15:00:18","2020-05-03","2020-05-03","2021-05-03","303","PDR Ltd. d/b/a PublicDomainRegistry.com","whois.publicdomainregistry.com","http://www.publicdomainregistry.com","","","","","CA","","United States","","","","","","","","","","","","","","","","","","","","","","","","","","","","","","","","","","ns1.dns.eorg.pw","ns2.dns.eorg.pw","ns3.dns.eorg.pw","ns4.dns.eorg.pw","addPeriod","clientTransferProhibited","",""
"9","bio-mask.lat","2020-05-07 06:06:37","2020-05-03","2020-05-03","2021-05-03","81","Gandi SAS","whois.gandi.net","http://www.gandi.net","REDACTED FOR PRIVACY","","REDACTED FOR PRIVACY","REDACTED FOR PRIVACY","Auvergne-Rhone-Alpes","REDACTED FOR PRIVACY","France","","REDACTED FOR PRIVACY","REDACTED FOR PRIVACY","REDACTED FOR PRIVACY","REDACTED FOR PRIVACY","REDACTED FOR PRIVACY","REDACTED FOR PRIVACY","REDACTED FOR PRIVACY","REDACTED FOR PRIVACY","REDACTED FOR PRIVACY","","REDACTED FOR PRIVACY","REDACTED FOR PRIVACY","REDACTED FOR PRIVACY","REDACTED FOR PRIVACY","REDACTED FOR PRIVACY","REDACTED FOR PRIVACY","REDACTED FOR PRIVACY","REDACTED FOR PRIVACY","REDACTED FOR PRIVACY","","REDACTED FOR PRIVACY","REDACTED FOR PRIVACY","","","","","","","","","","","ns-100-c.gandi.net","ns-202-a.gandi.net","ns-229-b.gandi.net","","addPeriod","clientTransferProhibited","",""
"10","bitbank.plus","2020-05-07 03:16:08","2020-05-03","2020-05-05","2021-05-03","1599","Alibaba Cloud Computing Ltd. d/b/a HiChina (www.net.cn)","http://whois.hichina.com/","http://www.net.cn","REDACTED FOR PRIVACY","Zhang Guo Bing","REDACTED FOR PRIVACY","REDACTED FOR PRIVACY","Bei Jing","REDACTED FOR PRIVACY","China","","REDACTED FOR PRIVACY","REDACTED FOR PRIVACY","","","","","","","","","","","","","","","","","","","","","","","","","","","","","","","","","","","addPeriod","","",""
"11","bitcash.plus","2020-05-07 03:16:08","2020-05-03","2020-05-05","2021-05-03","1599","Alibaba Cloud Computing Ltd. d/b/a HiChina (www.net.cn)","http://whois.hichina.com/","http://www.net.cn","REDACTED FOR PRIVACY","Zhang Guo Bing","REDACTED FOR PRIVACY","REDACTED FOR PRIVACY","Bei Jing","REDACTED FOR PRIVACY","China","","REDACTED FOR PRIVACY","REDACTED FOR PRIVACY","","","","","","","","","","","","","","","","","","","","","","","","","","","","","","","","","","","addPeriod","","",""
"12","bitwallet.plus","2020-05-07 03:16:10","2020-05-03","2020-05-05","2021-05-03","1599","Alibaba Cloud Computing Ltd. d/b/a HiChina (www.net.cn)","http://whois.hichina.com/","http://www.net.cn","REDACTED FOR PRIVACY","Zhang Guo Bing","REDACTED FOR PRIVACY","REDACTED FOR PRIVACY","Bei Jing","REDACTED FOR PRIVACY","China","","REDACTED FOR PRIVACY","REDACTED FOR PRIVACY","","","","","","","","","","","","","","","","","","","","","","","","","","","","","","","","","","","addPeriod","","",""
"13","capextrading.com","2020-05-07 21:05:48","2020-05-03","2020-05-05","2021-05-03","2285","Dynadot16 LLC","asia.whois-servers.net","","Super Privacy Service LTD c/o Dynadot","","PO Box 701","San Mateo","California","94401","United States","capextrading.com@superprivacyservice.com","+1.6505854708","","Super Privacy Service LTD c/o Dynadot","","PO Box 701","San Mateo","California","94401","United States","capextrading.com@superprivacyservice.com","+1.6505854708","","Super Privacy Service LTD c/o Dynadot","","PO Box 701","San Mateo","California","94401","United States","capextrading.com@superprivacyservice.com","+1.6505854708","","","","","","","","","","","","ns1.dynadot.com","ns2.dynadot.com","","","clientTransferProhibited","","",""
"14","capitalequipment.biz","2020-05-07 15:16:40","2020-05-03","2020-05-04","2021-05-03","931","UdomainName.com LLC","whois.udomainname.com","http://www.networksolutions.com","","","","","Queensland","","Australia","","","","","","","","","","","","","","","","","","","","","","","","","","","","","","","","","","ns59.worldnic.com","ns60.worldnic.com","","","addPeriod","clientTransferProhibited","",""
"15","chi-china.ltd","2020-05-07 05:57:01","2020-05-03","2020-05-05","2021-05-03","1599","Alibaba Cloud Computing Ltd. d/b/a HiChina (www.net.cn)","http://whois.hichina.com/","http://www.net.cn","REDACTED FOR PRIVACY","zhang zhi cheng","REDACTED FOR PRIVACY","REDACTED FOR PRIVACY","bei jing","REDACTED FOR PRIVACY","China","","REDACTED FOR PRIVACY","REDACTED FOR PRIVACY","","","","","","","","","","","","","","","","","","","","","","","","","","","","","","","","","","","addPeriod","","",""
"16","citylettings.co.uk","2020-05-07 19:55:57","2020-05-03","2020-05-04","2021-05-03","","","","","Alistair Hackett","","1 - 2 Sciennes Gardens Edinburgh","","","EH9 1NR","United Kingdom","","","","","","","","","","","","","","","","","","","","","","","","","","","","","","","","","","ns1.undeveloped.com","ns2.undeveloped.com","","","Nominet was able to match the registrants name and address against a rd party data source on Jun","Registered until expiry date","",""
"17","colegioonline.lat","2020-05-07 06:05:08","2020-05-03","2020-05-03","2021-05-03","1086","Marcaria.com International, Inc.","whois.melbourneit.com","http://www.melbourneit.com","Michel Morales","Michel Morales","Nueva Uno 739","RM","RM","8070083","Chile","mic.morales@yahoo.com","+56.0225709115","","Michel Morales","Michel Morales","Nueva Uno 739","RM","RM","8070083","Chile","mic.morales@yahoo.com","+56.0225709115","","Marcaria.com, International","Marcaria.com, International","8345 NW 66 ST #B1673","Miami","Florida","33166","United States","domains@marcaria.com","+1.3054348621","","","","","","","","","","","","ns1.dreamhost.com","ns2.dreamhost.com","ns3.dreamhost.com","","addPeriod","ok","",""
"18","colegiosonline.lat","2020-05-07 06:05:07","2020-05-03","2020-05-03","2021-05-03","1086","Marcaria.com International, Inc.","whois.melbourneit.com","http://www.melbourneit.com","Michel Morales","Michel Morales","Nueva Uno 739","RM","RM","8070083","Chile","mic.morales@yahoo.com","+56.0225709115","","Michel Morales","Michel Morales","Nueva Uno 739","RM","RM","8070083","Chile","mic.morales@yahoo.com","+56.0225709115","","Marcaria.com, International","Marcaria.com, International","8345 NW 66 ST #B1673","Miami","Florida","33166","United States","domains@marcaria.com","+1.3054348621","","","","","","","","","","","","ns1.dreamhost.com","ns2.dreamhost.com","ns3.dreamhost.com","","addPeriod","ok","",""
"19","d09avh.com","2020-05-07 21:10:47","2020-05-03","2020-05-06","2021-05-03","420","HiChina Zhicheng Technology Limited","grs-whois.hichina.com","http://www.net.cn","","","","","He Bei","","China","","","","","","","","","","","","","","","","","","","","","","","","","","","","","","","","","","dns15.hichina.com","dns16.hichina.com","","","OK","","",""
"20","dafu-asia.com","2020-05-07 21:23:24","2020-05-03","2020-05-03","2025-05-03","120","Xin Net Technology Corporation","whois.paycenter.com.cn","http://www.xinnet.com","REDACTED FOR PRIVACY","REDACTED FOR PRIVACY","REDACTED FOR PRIVACY","REDACTED FOR PRIVACY","REDACTED FOR PRIVACY","REDACTED FOR PRIVACY","REDACTED FOR PRIVACY","","REDACTED FOR PRIVACY","REDACTED FOR PRIVACY","REDACTED FOR PRIVACY","REDACTED FOR PRIVACY","REDACTED FOR PRIVACY","REDACTED FOR PRIVACY","REDACTED FOR PRIVACY","REDACTED FOR PRIVACY","REDACTED FOR PRIVACY","","REDACTED FOR PRIVACY","REDACTED FOR PRIVACY","REDACTED FOR PRIVACY","REDACTED FOR PRIVACY","REDACTED FOR PRIVACY","REDACTED FOR PRIVACY","REDACTED FOR PRIVACY","","REDACTED FOR PRIVACY","","REDACTED FOR PRIVACY","REDACTED FOR PRIVACY","","","","","","","","","","","ns11.xincache.com","ns12.xincache.com","","","","","",""
"21","dahaichina.com","2020-05-07 21:19:15","2020-05-03","2020-05-03","2021-05-03","3824","Cloud Yuqu LLC","","","REDACTED FOR PRIVACY","REDACTED FOR PRIVACY","REDACTED FOR PRIVACY","Chengdu","Sichuan","REDACTED FOR PRIVACY","China","","REDACTED FOR PRIVACY","REDACTED FOR PRIVACY","REDACTED FOR PRIVACY","REDACTED FOR PRIVACY","REDACTED FOR PRIVACY","Chengdu","Sichuan","REDACTED FOR PRIVACY","China","","REDACTED FOR PRIVACY","REDACTED FOR PRIVACY","REDACTED FOR PRIVACY","REDACTED FOR PRIVACY","REDACTED FOR PRIVACY","Chengdu","Sichuan","REDACTED FOR PRIVACY","China","","REDACTED FOR PRIVACY","REDACTED FOR PRIVACY","","","","","","","","","","","jm1.dns.com","jm2.dns.com","","","OK","","",""
"22","dailyharavest.com","2020-05-07 19:18:38","2020-05-03","2020-05-03","2021-05-03","1915","West263 International Limited","whois.hkdns.hk","http://www.hkdns.hk","REDACTED FOR PRIVACY","REDACTED FOR PRIVACY","REDACTED FOR PRIVACY","Chengdu","Sichuan","REDACTED FOR PRIVACY","China","","REDACTED FOR PRIVACY","REDACTED FOR PRIVACY","REDACTED FOR PRIVACY","REDACTED FOR PRIVACY","REDACTED FOR PRIVACY","Chengdu","Sichuan","REDACTED FOR PRIVACY","China","","REDACTED FOR PRIVACY","REDACTED FOR PRIVACY","REDACTED FOR PRIVACY","REDACTED FOR PRIVACY","REDACTED FOR PRIVACY","Chengdu","Sichuan","REDACTED FOR PRIVACY","China","","REDACTED FOR PRIVACY","REDACTED FOR PRIVACY","","","","","","","","","","","ns1.bodis.com","ns2.bodis.com","","","OK","","",""
"23","dailyhavrest.com","2020-05-07 19:18:39","2020-05-03","2020-05-03","2021-05-03","1915","West263 International Limited","whois.hkdns.hk","http://www.hkdns.hk","REDACTED FOR PRIVACY","REDACTED FOR PRIVACY","REDACTED FOR PRIVACY","Chengdu","Sichuan","REDACTED FOR PRIVACY","China","","REDACTED FOR PRIVACY","REDACTED FOR PRIVACY","REDACTED FOR PRIVACY","REDACTED FOR PRIVACY","REDACTED FOR PRIVACY","Chengdu","Sichuan","REDACTED FOR PRIVACY","China","","REDACTED FOR PRIVACY","REDACTED FOR PRIVACY","REDACTED FOR PRIVACY","REDACTED FOR PRIVACY","REDACTED FOR PRIVACY","Chengdu","Sichuan","REDACTED FOR PRIVACY","China","","REDACTED FOR PRIVACY","REDACTED FOR PRIVACY","","","","","","","","","","","ns1.bodis.com","ns2.bodis.com","","","OK","","",""
"24","dailyhavrvest.com","2020-05-07 19:18:38","2020-05-03","2020-05-03","2021-05-03","1915","West263 International Limited","whois.hkdns.hk","http://www.hkdns.hk","REDACTED FOR PRIVACY","REDACTED FOR PRIVACY","REDACTED FOR PRIVACY","Chengdu","Sichuan","REDACTED FOR PRIVACY","China","","REDACTED FOR PRIVACY","REDACTED FOR PRIVACY","REDACTED FOR PRIVACY","REDACTED FOR PRIVACY","REDACTED FOR PRIVACY","Chengdu","Sichuan","REDACTED FOR PRIVACY","China","","REDACTED FOR PRIVACY","REDACTED FOR PRIVACY","REDACTED FOR PRIVACY","REDACTED FOR PRIVACY","REDACTED FOR PRIVACY","Chengdu","Sichuan","REDACTED FOR PRIVACY","China","","REDACTED FOR PRIVACY","REDACTED FOR PRIVACY","","","","","","","","","","","ns1.bodis.com","ns2.bodis.com","","","OK","","",""
"25","dailyhravest.com","2020-05-07 19:18:37","2020-05-03","2020-05-03","2021-05-03","1915","West263 International Limited","whois.hkdns.hk","http://www.hkdns.hk","REDACTED FOR PRIVACY","REDACTED FOR PRIVACY","REDACTED FOR PRIVACY","Chengdu","Sichuan","REDACTED FOR PRIVACY","China","","REDACTED FOR PRIVACY","REDACTED FOR PRIVACY","REDACTED FOR PRIVACY","REDACTED FOR PRIVACY","REDACTED FOR PRIVACY","Chengdu","Sichuan","REDACTED FOR PRIVACY","China","","REDACTED FOR PRIVACY","REDACTED FOR PRIVACY","REDACTED FOR PRIVACY","REDACTED FOR PRIVACY","REDACTED FOR PRIVACY","Chengdu","Sichuan","REDACTED FOR PRIVACY","China","","REDACTED FOR PRIVACY","REDACTED FOR PRIVACY","","","","","","","","","","","ns1.bodis.com","ns2.bodis.com","","","OK","","",""
"26","darcortravels.com","2020-05-07 21:06:46","2020-05-03","2020-05-06","2021-05-03","420","HiChina Zhicheng Technology Limited","grs-whois.hichina.com","http://www.net.cn","","","","","an hui","","China","","","","","","","","","","","","","","","","","","","","","","","","","","","","","","","","","","dns3.hichina.com","dns4.hichina.com","","","OK","","",""
"27","daviltran.com","2020-05-07 21:21:39","2020-05-03","2020-05-06","2021-05-03","471","Bizcn.com, Inc.","whois.bizcn.com","http://www.bizcn.com","","","","","Guangdong","","China","","","","","","","","","","","","","","","","","","","","","","","","","","","","","","","","","","ns1.bdydns.cn","ns2.bdydns.cn","","","clientDeleteProhibited","clientTransferProhibited","",""
"28","dfkd.mobi","2020-05-07 05:54:14","2020-05-03","2020-05-05","2021-05-03","1697","DNSPod, Inc.","whois.dnspod.com","http:// www.dnspod.cn","???","???","","","Bei Jing","","China","","","","","","","","","","","","","","","","","","","","","","","","","","","","","","","","","","f1g1ns1.dnspod.net","f1g1ns2.dnspod.net","","","addPeriod","serverTransferProhibited","",""
"29","dfwdivorcelawyers.com","2020-05-05 19:34:06","2020-05-03","2020-05-03","2021-05-03","146","GoDaddy.com, LLC","whois.godaddy.com","http://registrar.godaddy.com","Web Real Estate, LLC","Web Real Estate, LLC","","","Nevada","","United States","","","","","","","","","","","","","","","","","","","","","","","","","","","","","","","","","","ns69.domaincontrol.com","ns70.domaincontrol.com","","","clientDeleteProhibited","clientRenewProhibited","clientTransferProhibited","clientUpdateProhibited"
"30","dingpiaomall.com","2020-05-07 21:14:46","2020-05-03","2020-05-03","2021-05-03","120","Xin Net Technology Corporation","whois.paycenter.com.cn","http://www.xinnet.com","REDACTED FOR PRIVACY","REDACTED FOR PRIVACY","REDACTED FOR PRIVACY","REDACTED FOR PRIVACY","REDACTED FOR PRIVACY","REDACTED FOR PRIVACY","REDACTED FOR PRIVACY","","REDACTED FOR PRIVACY","REDACTED FOR PRIVACY","REDACTED FOR PRIVACY","REDACTED FOR PRIVACY","REDACTED FOR PRIVACY","REDACTED FOR PRIVACY","REDACTED FOR PRIVACY","REDACTED FOR PRIVACY","REDACTED FOR PRIVACY","","REDACTED FOR PRIVACY","REDACTED FOR PRIVACY","REDACTED FOR PRIVACY","REDACTED FOR PRIVACY","REDACTED FOR PRIVACY","REDACTED FOR PRIVACY","REDACTED FOR PRIVACY","","REDACTED FOR PRIVACY","","REDACTED FOR PRIVACY","REDACTED FOR PRIVACY","","","","","","","","","","","ns11.bigwww.com","ns12.bigwww.com","","","","","",""
"31","disfraces.lat","2020-05-07 06:05:07","2020-05-03","2020-05-03","2021-05-03","1483","Neubox Internet S.A. de C.V.","whois.nic.mx","http://www.neubox.com","Alejandro Paczka","","Privada de la Monta~a #8","Emiliano Zapasta","Morelos","62767","Mexico","tribuworkers@gmail.com","+52.7775223421","","Alejandro Paczka","","Privada de la Monta~a #8","Emiliano Zapasta","Morelos","62767","Mexico","tribuworkers@gmail.com","+52.7775223421","","Alejandro Paczka","","Privada de la Monta~a #8","Emiliano Zapasta","Morelos","62767","Mexico","tribuworkers@gmail.com","+52.7775223421","","","","","","","","","","","","ns143.neubox.net","ns144.neubox.net","ns245.neubox.net","","addPeriod","clientRenewProhibited","clientTransferProhibited",""
"32","dongliang.cool","2020-05-07 06:32:05","2020-05-03","2020-05-04","2021-05-03","1697","DNSPod, Inc.","whois.dnspod.com","http:// www.dnspod.cn","REDACTED FOR PRIVACY","zhangdongliang","REDACTED FOR PRIVACY","REDACTED FOR PRIVACY","hu bei sheng","REDACTED FOR PRIVACY","China","","REDACTED FOR PRIVACY","REDACTED FOR PRIVACY","","","","","","","","","","","","","","","","","","","","","","","","","","","","","","","","","","","addPeriod","","",""
"33","ds2064.com","2020-05-07 21:06:36","2020-05-03","2020-05-06","2021-05-03","420","HiChina Zhicheng Technology Limited","grs-whois.hichina.com","http://www.net.cn","","","","","Shanxi","","China","","","","","","","","","","","","","","","","","","","","","","","","","","","","","","","","","","jm1.dns.com","jm2.dns.com","","","OK","","",""
"34","eosiochina.com","2020-05-07 19:18:34","2020-05-03","2020-05-06","2021-05-03","420","HiChina Zhicheng Technology Limited","grs-whois.hichina.com","http://www.net.cn","","","","","Bei Jing","","China","","","","","","","","","","","","","","","","","","","","","","","","","","","","","","","","","","dns1.hichina.com","dns2.hichina.com","","","OK","","",""
"35","ewminechina.com","2020-05-07 21:19:14","2020-05-03","2020-05-03","2021-05-03","3824","Cloud Yuqu LLC","","","REDACTED FOR PRIVACY","REDACTED FOR PRIVACY","REDACTED FOR PRIVACY","Chengdu","Sichuan","REDACTED FOR PRIVACY","China","","REDACTED FOR PRIVACY","REDACTED FOR PRIVACY","REDACTED FOR PRIVACY","REDACTED FOR PRIVACY","REDACTED FOR PRIVACY","Chengdu","Sichuan","REDACTED FOR PRIVACY","China","","REDACTED FOR PRIVACY","REDACTED FOR PRIVACY","REDACTED FOR PRIVACY","REDACTED FOR PRIVACY","REDACTED FOR PRIVACY","Chengdu","Sichuan","REDACTED FOR PRIVACY","China","","REDACTED FOR PRIVACY","REDACTED FOR PRIVACY","","","","","","","","","","","jm1.dns.com","jm2.dns.com","","","OK","","",""
"36","expatpodcast.com","2020-05-07 19:20:29","2020-05-03","2020-05-05","2021-05-03","2282","Dynadot13 LLC","","","Super Privacy Service LTD c/o Dynadot","","PO Box 701","San Mateo","California","94401","United States","expatpodcast.com@superprivacyservice.com","+1.6505854708","","Super Privacy Service LTD c/o Dynadot","","PO Box 701","San Mateo","California","94401","United States","expatpodcast.com@superprivacyservice.com","+1.6505854708","","Super Privacy Service LTD c/o Dynadot","","PO Box 701","San Mateo","California","94401","United States","expatpodcast.com@superprivacyservice.com","+1.6505854708","","","","","","","","","","","","ns1.dynadot.com","ns2.dynadot.com","","","clientTransferProhibited","","",""
"37","firewall-china.com","2020-05-07 21:05:23","2020-05-03","2020-05-06","2021-05-03","420","HiChina Zhicheng Technology Limited","grs-whois.hichina.com","http://www.net.cn","","","","","Shanxi","","China","","","","","","","","","","","","","","","","","","","","","","","","","","","","","","","","","","jm1.dns.com","jm2.dns.com","","","OK","","",""
"38","flandeleche.com","2020-05-07 21:18:19","2020-05-03","2020-05-03","2021-05-03","146","GoDaddy.com, LLC","whois.godaddy.com","http://registrar.godaddy.com","domain for sale contact hlaguerre@hotmail.com","domain for sale contact hlaguerre@hotmail.com","","","","","Dominican Republic","","","","","","","","","","","","","","","","","","","","","","","","","","","","","","","","","","ns1.eftydns.com","ns2.eftydns.com","","","clientDeleteProhibited","clientRenewProhibited","clientTransferProhibited","clientUpdateProhibited"
"39","flavorbychina.com","2020-05-07 21:15:13","2020-05-03","2020-05-03","2021-05-03","120","Xin Net Technology Corporation","whois.paycenter.com.cn","http://www.xinnet.com","REDACTED FOR PRIVACY","REDACTED FOR PRIVACY","REDACTED FOR PRIVACY","REDACTED FOR PRIVACY","REDACTED FOR PRIVACY","REDACTED FOR PRIVACY","REDACTED FOR PRIVACY","","REDACTED FOR PRIVACY","REDACTED FOR PRIVACY","REDACTED FOR PRIVACY","REDACTED FOR PRIVACY","REDACTED FOR PRIVACY","REDACTED FOR PRIVACY","REDACTED FOR PRIVACY","REDACTED FOR PRIVACY","REDACTED FOR PRIVACY","","REDACTED FOR PRIVACY","REDACTED FOR PRIVACY","REDACTED FOR PRIVACY","REDACTED FOR PRIVACY","REDACTED FOR PRIVACY","REDACTED FOR PRIVACY","REDACTED FOR PRIVACY","","REDACTED FOR PRIVACY","","REDACTED FOR PRIVACY","REDACTED FOR PRIVACY","","","","","","","","","","","ns11.xincache.com","ns12.xincache.com","","","","","",""
"40","flavorbyhome.com","2020-05-07 21:15:13","2020-05-03","2020-05-03","2021-05-03","120","Xin Net Technology Corporation","whois.paycenter.com.cn","http://www.xinnet.com","REDACTED FOR PRIVACY","REDACTED FOR PRIVACY","REDACTED FOR PRIVACY","REDACTED FOR PRIVACY","REDACTED FOR PRIVACY","REDACTED FOR PRIVACY","REDACTED FOR PRIVACY","","REDACTED FOR PRIVACY","REDACTED FOR PRIVACY","REDACTED FOR PRIVACY","REDACTED FOR PRIVACY","REDACTED FOR PRIVACY","REDACTED FOR PRIVACY","REDACTED FOR PRIVACY","REDACTED FOR PRIVACY","REDACTED FOR PRIVACY","","REDACTED FOR PRIVACY","REDACTED FOR PRIVACY","REDACTED FOR PRIVACY","REDACTED FOR PRIVACY","REDACTED FOR PRIVACY","REDACTED FOR PRIVACY","REDACTED FOR PRIVACY","","REDACTED FOR PRIVACY","","REDACTED FOR PRIVACY","REDACTED FOR PRIVACY","","","","","","","","","","","ns11.xincache.com","ns12.xincache.com","","","","","",""
"41","forth.info","2020-05-07 23:26:49","2020-05-03","2020-05-06","2021-05-03","1366","Xiamen ChinaSource Internet Service Co., Ltd.","whois.cnolnic.com","http://www.zzy.cn","???","???","","","??","","China","","","","","","","","","","","","","","","","","","","","","","","","","","","","","","","","","","ns1.cnolnic.net","ns2.cnolnic.net","","","addPeriod","clientTransferProhibited","serverTransferProhibited",""
"42","friends-china.com","2020-05-07 21:06:38","2020-05-03","2020-05-06","2021-05-03","420","HiChina Zhicheng Technology Limited","grs-whois.hichina.com","http://www.net.cn","","","","","an hui","","China","","","","","","","","","","","","","","","","","","","","","","","","","","","","","","","","","","dns15.hichina.com","dns16.hichina.com","","","OK","","",""
"43","gat-china.com","2020-05-07 21:21:43","2020-05-03","2020-05-03","2021-05-03","3824","Cloud Yuqu LLC","","","REDACTED FOR PRIVACY","REDACTED FOR PRIVACY","REDACTED FOR PRIVACY","Chengdu","Sichuan","REDACTED FOR PRIVACY","China","","REDACTED FOR PRIVACY","REDACTED FOR PRIVACY","REDACTED FOR PRIVACY","REDACTED FOR PRIVACY","REDACTED FOR PRIVACY","Chengdu","Sichuan","REDACTED FOR PRIVACY","China","","REDACTED FOR PRIVACY","REDACTED FOR PRIVACY","REDACTED FOR PRIVACY","REDACTED FOR PRIVACY","REDACTED FOR PRIVACY","Chengdu","Sichuan","REDACTED FOR PRIVACY","China","","REDACTED FOR PRIVACY","REDACTED FOR PRIVACY","","","","","","","","","","","v1.dnsdun.com","v1.dnsdun.net","","","OK","","",""
"44","gavrilovmedia.com","2020-05-07 21:04:09","2020-05-03","2020-05-06","2021-05-03","420","HiChina Zhicheng Technology Limited","grs-whois.hichina.com","http://www.net.cn","","","","","an hui","","China","","","","","","","","","","","","","","","","","","","","","","","","","","","","","","","","","","dns10.hichina.com","dns9.hichina.com","","","OK","","",""
"45","gf089.com","2020-05-07 21:02:26","2020-05-03","2020-05-07","2021-05-03","471","Bizcn.com, Inc.","whois.bizcn.com","http://www.bizcn.com","","","","","fu jian","","China","","","","","","","","","","","","","","","","","","","","","","","","","","","","","","","","","","jm1.dns.com","jm2.dns.com","","","clientDeleteProhibited","clientTransferProhibited","",""
"46","gfxt789.com","2020-05-07 19:12:23","2020-05-03","2020-05-03","2021-05-03","1556","Chengdu West Dimension Digital Technology Co., Ltd.","whois.west263.com","http://www.west263.com","REDACTED FOR PRIVACY","REDACTED FOR PRIVACY","REDACTED FOR PRIVACY","Chengdu","Sichuan","REDACTED FOR PRIVACY","China","","REDACTED FOR PRIVACY","REDACTED FOR PRIVACY","REDACTED FOR PRIVACY","REDACTED FOR PRIVACY","REDACTED FOR PRIVACY","Chengdu","Sichuan","REDACTED FOR PRIVACY","China","","REDACTED FOR PRIVACY","REDACTED FOR PRIVACY","REDACTED FOR PRIVACY","REDACTED FOR PRIVACY","REDACTED FOR PRIVACY","Chengdu","Sichuan","REDACTED FOR PRIVACY","China","","REDACTED FOR PRIVACY","REDACTED FOR PRIVACY","","","","","","","","","","","jm1.dns.com","jm2.dns.com","","","OK","","",""
"47","guosheng889.com","2020-05-07 21:16:12","2020-05-03","2020-05-06","2021-05-03","420","HiChina Zhicheng Technology Limited","grs-whois.hichina.com","http://www.net.cn","","","","","he nan","","China","","","","","","","","","","","","","","","","","","","","","","","","","","","","","","","","","","dns13.hichina.com","dns14.hichina.com","","","OK","","",""
"48","haozhaizhongguo.com","2020-05-07 20:58:34","2020-05-03","2020-05-03","2021-05-03","1555","Hangzhou AiMing Network Co., LTD","whois.22.cn","http://www.22.cn","Not available","Not available","","","BeiJing","","China","","","","","","","","","","","","","","","","","","","","","","","","","","","","","","","","","","ns1.22.cn","ns2.22.cn","","","OK","","",""
"49","havefab.com","2020-05-07 21:07:05","2020-05-03","2020-05-06","2021-05-03","420","HiChina Zhicheng Technology Limited","grs-whois.hichina.com","http://www.net.cn","","","","","an hui","","China","","","","","","","","","","","","","","","","","","","","","","","","","","","","","","","","","","dns7.hichina.com","dns8.hichina.com","","","OK","","",""
"50","havereward.com","2020-05-07 21:06:56","2020-05-03","2020-05-06","2021-05-03","420","HiChina Zhicheng Technology Limited","grs-whois.hichina.com","http://www.net.cn","","","","","guang dong","","China","","","","","","","","","","","","","","","","","","","","","","","","","","","","","","","","","","dns17.hichina.com","dns18.hichina.com","","","OK","","",""
"51","hichinaflavor.com","2020-05-07 21:15:14","2020-05-03","2020-05-03","2021-05-03","120","Xin Net Technology Corporation","whois.paycenter.com.cn","http://www.xinnet.com","REDACTED FOR PRIVACY","REDACTED FOR PRIVACY","REDACTED FOR PRIVACY","REDACTED FOR PRIVACY","REDACTED FOR PRIVACY","REDACTED FOR PRIVACY","REDACTED FOR PRIVACY","","REDACTED FOR PRIVACY","REDACTED FOR PRIVACY","REDACTED FOR PRIVACY","REDACTED FOR PRIVACY","REDACTED FOR PRIVACY","REDACTED FOR PRIVACY","REDACTED FOR PRIVACY","REDACTED FOR PRIVACY","REDACTED FOR PRIVACY","","REDACTED FOR PRIVACY","REDACTED FOR PRIVACY","REDACTED FOR PRIVACY","REDACTED FOR PRIVACY","REDACTED FOR PRIVACY","REDACTED FOR PRIVACY","REDACTED FOR PRIVACY","","REDACTED FOR PRIVACY","","REDACTED FOR PRIVACY","REDACTED FOR PRIVACY","","","","","","","","","","","ns11.xincache.com","ns12.xincache.com","","","","","",""
"52","hk8989.com","2020-05-07 21:02:23","2020-05-03","2020-05-06","2021-05-03","471","Bizcn.com, Inc.","whois.bizcn.com","http://www.bizcn.com","","","","","Shan Xi","","China","","","","","","","","","","","","","","","","","","","","","","","","","","","","","","","","","","ag1.juming.com","ag2.juming.com","","","clientDeleteProhibited","clientTransferProhibited","",""
"53","hsmithi.com","2020-05-04 20:46:00","2020-05-03","2020-05-03","2021-05-03","1531","Automattic Inc.","whois.ripn.net","http://alohanic.com","Private Whois","Knock Knock WHOIS Not There, LLC","9450 SW Gemini Dr #63259","Beaverton","","97008-7105","United States","hsmithi.com@privatewho.is","+1.8772738550","","Private Whois","Knock Knock WHOIS Not There, LLC","9450 SW Gemini Dr #63259","Beaverton","","97008-7105","United States","hsmithi.com@privatewho.is","+1.8772738550","","Private Whois","Knock Knock WHOIS Not There, LLC","9450 SW Gemini Dr #63259","Beaverton","","97008-7105","United States","hsmithi.com@privatewho.is","+1.8772738550","","Private Whois","Knock Knock WHOIS Not There, LLC","9450 SW Gemini Dr #63259","Beaverton","","97008-7105","United States","hsmithi.com@privatewho.is","+1.8772738550","","ns1.wordpress.com","ns2.wordpress.com","ns3.wordpress.com","","clientTransferProhibited","","",""
"54","huohu689555.com","2020-05-07 19:15:37","2020-05-03","2020-05-03","2021-05-03","3824","Cloud Yuqu LLC","","","REDACTED FOR PRIVACY","REDACTED FOR PRIVACY","REDACTED FOR PRIVACY","Chengdu","Sichuan","REDACTED FOR PRIVACY","China","","REDACTED FOR PRIVACY","REDACTED FOR PRIVACY","REDACTED FOR PRIVACY","REDACTED FOR PRIVACY","REDACTED FOR PRIVACY","Chengdu","Sichuan","REDACTED FOR PRIVACY","China","","REDACTED FOR PRIVACY","REDACTED FOR PRIVACY","REDACTED FOR PRIVACY","REDACTED FOR PRIVACY","REDACTED FOR PRIVACY","Chengdu","Sichuan","REDACTED FOR PRIVACY","China","","REDACTED FOR PRIVACY","REDACTED FOR PRIVACY","","","","","","","","","","","a.dnspod.com","b.dnspod.com","","","OK","","",""
"55","hwl-china.com","2020-05-07 21:14:56","2020-05-03","2020-05-06","2024-05-03","420","HiChina Zhicheng Technology Limited","grs-whois.hichina.com","http://www.net.cn","","","","","Guangdong","","China","","","","","","","","","","","","","","","","","","","","","","","","","","","","","","","","","","dns21.hichina.com","dns22.hichina.com","","","OK","","",""
"56","hyperbit.plus","2020-05-07 03:16:07","2020-05-03","2020-05-05","2021-05-03","1599","Alibaba Cloud Computing Ltd. d/b/a HiChina (www.net.cn)","http://whois.hichina.com/","http://www.net.cn","REDACTED FOR PRIVACY","Zhang Guo Bing","REDACTED FOR PRIVACY","REDACTED FOR PRIVACY","Bei Jing","REDACTED FOR PRIVACY","China","","REDACTED FOR PRIVACY","REDACTED FOR PRIVACY","","","","","","","","","","","","","","","","","","","","","","","","","","","","","","","","","","","addPeriod","","",""
"57","ifreaksexy.com","2020-05-07 21:34:16","2020-05-03","2020-05-03","2021-05-03","1915","West263 International Limited","whois.hkdns.hk","http://www.hkdns.hk","REDACTED FOR PRIVACY","REDACTED FOR PRIVACY","REDACTED FOR PRIVACY","Chengdu","Sichuan","REDACTED FOR PRIVACY","China","","REDACTED FOR PRIVACY","REDACTED FOR PRIVACY","REDACTED FOR PRIVACY","REDACTED FOR PRIVACY","REDACTED FOR PRIVACY","Chengdu","Sichuan","REDACTED FOR PRIVACY","China","","REDACTED FOR PRIVACY","REDACTED FOR PRIVACY","REDACTED FOR PRIVACY","REDACTED FOR PRIVACY","REDACTED FOR PRIVACY","Chengdu","Sichuan","REDACTED FOR PRIVACY","China","","REDACTED FOR PRIVACY","REDACTED FOR PRIVACY","","","","","","","","","","","jm1.dns.com","jm2.dns.com","","","OK","","",""
"58","innocare-china.com","2020-05-07 19:11:10","2020-05-03","2020-05-06","2021-05-03","1697","DNSPod, Inc.","whois.dnspod.com","http:// www.dnspod.cn","REDACTED FOR PRIVACY","REDACTED FOR PRIVACY","REDACTED FOR PRIVACY","REDACTED FOR PRIVACY","REDACTED FOR PRIVACY","REDACTED FOR PRIVACY","REDACTED FOR PRIVACY","","REDACTED FOR PRIVACY","REDACTED FOR PRIVACY","REDACTED FOR PRIVACY","REDACTED FOR PRIVACY","REDACTED FOR PRIVACY","REDACTED FOR PRIVACY","REDACTED FOR PRIVACY","REDACTED FOR PRIVACY","REDACTED FOR PRIVACY","","REDACTED FOR PRIVACY","REDACTED FOR PRIVACY","REDACTED FOR PRIVACY","REDACTED FOR PRIVACY","REDACTED FOR PRIVACY","","REDACTED FOR PRIVACY","REDACTED FOR PRIVACY","REDACTED FOR PRIVACY","","REDACTED FOR PRIVACY","REDACTED FOR PRIVACY","REDACTED FOR PRIVACY","REDACTED FOR PRIVACY","REDACTED FOR PRIVACY","REDACTED FOR PRIVACY","REDACTED FOR PRIVACY","REDACTED FOR PRIVACY","REDACTED FOR PRIVACY","","REDACTED FOR PRIVACY","","f1g1ns1.dnspod.net","f1g1ns2.dnspod.net","","","serverhold","","",""
"59","ioaccn.top","2020-05-07 23:06:06","2020-05-03","2020-05-03","2021-05-03","1621","Shanghai Meicheng Technology Information Co., Ltd","whois.cndns.com","http://www.cndns.com","","","","","","","","","","","","","","","","","","","","","","","","","","","","","","","","","","","","","","","","","a.ezdnscenter.com","b.ezdnscenter.com","","","addPeriod","clientTransferProhibited","",""
"60","jiazhuangzhongguo.com","2020-05-07 21:01:11","2020-05-03","2020-05-03","2021-05-03","1555","Hangzhou AiMing Network Co., LTD","whois.22.cn","http://www.22.cn","Not available","Not available","","","BeiJing","","China","","","","","","","","","","","","","","","","","","","","","","","","","","","","","","","","","","ns1.22.cn","ns2.22.cn","","","OK","","",""
"61","jiuwoguniang.com","2020-05-07 21:21:18","2020-05-03","2020-05-07","2021-05-03","471","Bizcn.com, Inc.","whois.bizcn.com","http://www.bizcn.com","","","","","NEIMENGGU","","China","","","","","","","","","","","","","","","","","","","","","","","","","","","","","","","","","","ns7.cnmsn.net","ns8.cnmsn.net","","","clientDeleteProhibited","clientTransferProhibited","",""
"62","jobstatement.com","2020-05-07 21:06:45","2020-05-03","2020-05-05","2021-05-03","2283","Dynadot14 LLC","","","Super Privacy Service LTD c/o Dynadot","","PO Box 701","San Mateo","California","94401","United States","jobstatement.com@superprivacyservice.com","+1.6505854708","","Super Privacy Service LTD c/o Dynadot","","PO Box 701","San Mateo","California","94401","United States","jobstatement.com@superprivacyservice.com","+1.6505854708","","Super Privacy Service LTD c/o Dynadot","","PO Box 701","San Mateo","California","94401","United States","jobstatement.com@superprivacyservice.com","+1.6505854708","","","","","","","","","","","","ns1.dynadot.com","ns2.dynadot.com","","","clientTransferProhibited","","",""
"63","juzhuzhongguo.com","2020-05-07 19:21:09","2020-05-03","2020-05-03","2021-05-03","1555","Hangzhou AiMing Network Co., LTD","whois.22.cn","http://www.22.cn","Not available","Not available","","","BeiJing","","China","","","","","","","","","","","","","","","","","","","","","","","","","","","","","","","","","","ns1.22.cn","ns2.22.cn","","","OK","","",""
"64","jzyy2019.club","2020-05-07 06:32:47","2020-05-03","2020-05-05","2021-05-03","1366","Xiamen ChinaSource Internet Service Co., Ltd.","whois.cnolnic.com","http://www.zzy.cn","Fengbingxian","Fengbingxian","","","Jiangmen","","China","","","","","","","","","","","","","","","","","","","","","","","","","","","","","","","","","","ns1.cnolnic.net","ns2.cnolnic.net","","","addPeriod","clientTransferProhibited","",""
"65","kanfangzhongguo.com","2020-05-07 19:21:21","2020-05-03","2020-05-03","2021-05-03","1555","Hangzhou AiMing Network Co., LTD","whois.22.cn","http://www.22.cn","Not available","Not available","","","BeiJing","","China","","","","","","","","","","","","","","","","","","","","","","","","","","","","","","","","","","ns1.22.cn","ns2.22.cn","","","OK","","",""
"66","kart.center","2020-05-07 18:58:54","2020-05-03","2020-05-06","2021-05-03","1366","Xiamen ChinaSource Internet Service Co., Ltd.","whois.cnolnic.com","http://www.zzy.cn","REDACTED FOR PRIVACY","Wangxiaoqin","REDACTED FOR PRIVACY","REDACTED FOR PRIVACY","Jiangsu","REDACTED FOR PRIVACY","China","","REDACTED FOR PRIVACY","REDACTED FOR PRIVACY","","","","","","","","","","","","","","","","","","","","","","","","","","","","","","","","","","","addPeriod","clientTransferProhibited","",""
"67","kisavonteasa.com","2020-05-07 21:04:27","2020-05-03","2020-05-06","2021-05-03","420","HiChina Zhicheng Technology Limited","grs-whois.hichina.com","http://www.net.cn","","","","","an hui","","China","","","","","","","","","","","","","","","","","","","","","","","","","","","","","","","","","","dns17.hichina.com","dns18.hichina.com","","","OK","","",""
"68","land-mark.club","2020-05-07 06:32:45","2020-05-03","2020-05-05","2021-05-03","1366","Xiamen ChinaSource Internet Service Co., Ltd.","whois.cnolnic.com","http://www.zzy.cn","Litao","Litao","","","Others","","China","","","","","","","","","","","","","","","","","","","","","","","","","","","","","","","","","","ns1.cnolnic.net","ns2.cnolnic.net","","","addPeriod","clientTransferProhibited","",""
"69","lapmangfpt-online.info","2020-05-07 06:12:22","2020-05-03","2020-05-05","2021-05-03","49","GMO Internet Inc.","whois.discount-domain.com","http://www.onamae.com","Tuan Manh","Tuan Manh","","","Ha Noi","","Vietnam","","","","","","","","","","","","","","","","","","","","","","","","","","","","","","","","","","ns3.tino.org","ns4.tino.org","","","addPeriod","serverTransferProhibited","",""
"70","ldd100.com","2020-05-07 21:05:47","2020-05-03","2020-05-06","2021-05-03","471","Bizcn.com, Inc.","whois.bizcn.com","http://www.bizcn.com","","","","","Hubei","","China","","","","","","","","","","","","","","","","","","","","","","","","","","","","","","","","","","ns1.bdydns.cn","ns2.bdydns.cn","","","clientDeleteProhibited","clientTransferProhibited","",""
"71","lena-nghiem.com","2020-05-07 01:24:41","2020-05-03","2020-05-03","2021-05-03","146","GoDaddy.com, LLC","whois.godaddy.com","http://registrar.godaddy.com","","","","","California","","United States","","","","","","","","","","","","","","","","","","","","","","","","","","","","","","","","","","ns29.domaincontrol.com","ns30.domaincontrol.com","","","clientDeleteProhibited","clientRenewProhibited","clientTransferProhibited","clientUpdateProhibited"
"72","longjifang.com","2020-05-07 01:24:07","2020-05-03","2020-05-03","2025-05-03","1915","West263 International Limited","whois.hkdns.hk","http://www.hkdns.hk","REDACTED FOR PRIVACY","REDACTED FOR PRIVACY","REDACTED FOR PRIVACY","Chengdu","Sichuan","REDACTED FOR PRIVACY","China","","REDACTED FOR PRIVACY","REDACTED FOR PRIVACY","REDACTED FOR PRIVACY","REDACTED FOR PRIVACY","REDACTED FOR PRIVACY","Chengdu","Sichuan","REDACTED FOR PRIVACY","China","","REDACTED FOR PRIVACY","REDACTED FOR PRIVACY","REDACTED FOR PRIVACY","REDACTED FOR PRIVACY","REDACTED FOR PRIVACY","Chengdu","Sichuan","REDACTED FOR PRIVACY","China","","REDACTED FOR PRIVACY","REDACTED FOR PRIVACY","","","","","","","","","","","ns5.myhostadmin.net","ns6.myhostadmin.net","","","OK","","",""
"73","lyuav.com","2020-05-07 21:06:56","2020-05-03","2020-05-03","2021-05-03","1331","eName Technology Co., Ltd.","whois.ename.com","http://www.ename.net","","","","","Bei Jing","","China","","","","","","","","","","","","","","","","","","","","","","","","","","","","","","","","","","dns3.dns.com","dns4.dns.com","","","clientDeleteProhibited","clientTransferProhibited","",""
"74","mambo.world","2020-05-07 19:04:57","2020-05-03","2020-05-05","2021-05-03","1366","Xiamen ChinaSource Internet Service Co., Ltd.","whois.cnolnic.com","http://www.zzy.cn","REDACTED FOR PRIVACY","Wangxiaoqin","REDACTED FOR PRIVACY","REDACTED FOR PRIVACY","Jiangsu","REDACTED FOR PRIVACY","China","","REDACTED FOR PRIVACY","REDACTED FOR PRIVACY","","","","","","","","","","","","","","","","","","","","","","","","","","","","","","","","","","","addPeriod","clientTransferProhibited","",""
"75","mascara-bio.lat","2020-05-07 06:06:36","2020-05-03","2020-05-03","2021-05-03","81","Gandi SAS","whois.gandi.net","http://www.gandi.net","REDACTED FOR PRIVACY","","REDACTED FOR PRIVACY","REDACTED FOR PRIVACY","Auvergne-Rhone-Alpes","REDACTED FOR PRIVACY","France","","REDACTED FOR PRIVACY","REDACTED FOR PRIVACY","REDACTED FOR PRIVACY","REDACTED FOR PRIVACY","REDACTED FOR PRIVACY","REDACTED FOR PRIVACY","REDACTED FOR PRIVACY","REDACTED FOR PRIVACY","REDACTED FOR PRIVACY","","REDACTED FOR PRIVACY","REDACTED FOR PRIVACY","REDACTED FOR PRIVACY","REDACTED FOR PRIVACY","REDACTED FOR PRIVACY","REDACTED FOR PRIVACY","REDACTED FOR PRIVACY","REDACTED FOR PRIVACY","REDACTED FOR PRIVACY","","REDACTED FOR PRIVACY","REDACTED FOR PRIVACY","","","","","","","","","","","ns-156-a.gandi.net","ns-19-c.gandi.net","ns-201-b.gandi.net","","addPeriod","clientTransferProhibited","",""
"76","mascara.lat","2020-05-07 06:05:07","2020-05-03","2020-05-03","2021-05-03","81","Gandi SAS","whois.gandi.net","http://www.gandi.net","REDACTED FOR PRIVACY","","REDACTED FOR PRIVACY","REDACTED FOR PRIVACY","Auvergne-Rhone-Alpes","REDACTED FOR PRIVACY","France","","REDACTED FOR PRIVACY","REDACTED FOR PRIVACY","REDACTED FOR PRIVACY","REDACTED FOR PRIVACY","REDACTED FOR PRIVACY","REDACTED FOR PRIVACY","REDACTED FOR PRIVACY","REDACTED FOR PRIVACY","REDACTED FOR PRIVACY","","REDACTED FOR PRIVACY","REDACTED FOR PRIVACY","REDACTED FOR PRIVACY","REDACTED FOR PRIVACY","REDACTED FOR PRIVACY","REDACTED FOR PRIVACY","REDACTED FOR PRIVACY","REDACTED FOR PRIVACY","REDACTED FOR PRIVACY","","REDACTED FOR PRIVACY","REDACTED FOR PRIVACY","","","","","","","","","","","ns-226-a.gandi.net","ns-23-c.gandi.net","ns-65-b.gandi.net","","addPeriod","clientTransferProhibited","",""
"77","masterbranding.lat","2020-05-07 06:05:07","2020-05-03","2020-05-03","2021-05-03","1483","Neubox Internet S.A. de C.V.","whois.nic.mx","http://www.neubox.com","Arturo Herrera","InnRadio","Centro Mexical","Chihuahua","Chihuahua","31145","Mexico","arturoherreramx@hotmail.com","+52.6142918115","","Arturo Herrera","InnRadio","Centro Mexical","Chihuahua","Chihuahua","31145","Mexico","arturoherreramx@hotmail.com","+52.6142918115","","Arturo Herrera","InnRadio","Centro Mexical","Chihuahua","Chihuahua","31145","Mexico","arturoherreramx@hotmail.com","+52.6142918115","","","","","","","","","","","","ns15.zonamasterdns.net","ns16.zonamasterdns.net","","","addPeriod","clientRenewProhibited","clientTransferProhibited",""
"78","mastodon.lat","2020-05-07 06:06:37","2020-05-03","2020-05-03","2021-05-03","1068","NameCheap, Inc.","whois.namecheap.com","http://www.namecheap.com","WhoisGuard Protected","WhoisGuard, Inc.","P.O. Box 0823-03411","Panama","Panama","0000","Panama","d28adb63598049508ecf59da5bb66927.protect@whoisguard.com","+507.8365503","+51.17057182","WhoisGuard Protected","WhoisGuard, Inc.","P.O. Box 0823-03411","Panama","Panama","0000","Panama","d28adb63598049508ecf59da5bb66927.protect@whoisguard.com","+507.8365503","+51.17057182","WhoisGuard Protected","WhoisGuard, Inc.","P.O. Box 0823-03411","Panama","Panama","0000","Panama","d28adb63598049508ecf59da5bb66927.protect@whoisguard.com","+507.8365503","+51.17057182","","","","","","","","","","","dns1.namecheaphosting.com","dns2.namecheaphosting.com","","","addPeriod","clientTransferProhibited","",""
"79","mengguwangcheng.com","2020-05-07 19:09:10","2020-05-03","2020-05-06","2021-05-03","420","HiChina Zhicheng Technology Limited","grs-whois.hichina.com","http://www.net.cn","","","","","nei meng gu","","China","","","","","","","","","","","","","","","","","","","","","","","","","","","","","","","","","","dns1.hichina.com","dns2.hichina.com","","","OK","","",""
"80","miphoenergy.com","2020-05-07 19:18:30","2020-05-03","2020-05-03","2021-05-03","120","Xin Net Technology Corporation","whois.paycenter.com.cn","http://www.xinnet.com","REDACTED FOR PRIVACY","REDACTED FOR PRIVACY","REDACTED FOR PRIVACY","REDACTED FOR PRIVACY","REDACTED FOR PRIVACY","REDACTED FOR PRIVACY","REDACTED FOR PRIVACY","","REDACTED FOR PRIVACY","REDACTED FOR PRIVACY","REDACTED FOR PRIVACY","REDACTED FOR PRIVACY","REDACTED FOR PRIVACY","REDACTED FOR PRIVACY","REDACTED FOR PRIVACY","REDACTED FOR PRIVACY","REDACTED FOR PRIVACY","","REDACTED FOR PRIVACY","REDACTED FOR PRIVACY","REDACTED FOR PRIVACY","REDACTED FOR PRIVACY","REDACTED FOR PRIVACY","REDACTED FOR PRIVACY","REDACTED FOR PRIVACY","","REDACTED FOR PRIVACY","","REDACTED FOR PRIVACY","REDACTED FOR PRIVACY","","","","","","","","","","","ns11.xincache.com","ns12.xincache.com","","","","","",""
"81","msdynamicschina.com","2020-05-07 21:02:25","2020-05-03","2020-05-06","2021-05-03","471","Bizcn.com, Inc.","whois.bizcn.com","http://www.bizcn.com","","","","","zhe jiang","","China","","","","","","","","","","","","","","","","","","","","","","","","","","","","","","","","","","ag1.juming.com","ag2.juming.com","","","clientDeleteProhibited","clientTransferProhibited","",""
"82","msmithi.com","2020-05-04 20:45:59","2020-05-03","2020-05-03","2021-05-03","1531","Automattic Inc.","whois.ripn.net","http://alohanic.com","Private Whois","Knock Knock WHOIS Not There, LLC","9450 SW Gemini Dr #63259","Beaverton","","97008-7105","United States","msmithi.com@privatewho.is","+1.8772738550","","Private Whois","Knock Knock WHOIS Not There, LLC","9450 SW Gemini Dr #63259","Beaverton","","97008-7105","United States","msmithi.com@privatewho.is","+1.8772738550","","Private Whois","Knock Knock WHOIS Not There, LLC","9450 SW Gemini Dr #63259","Beaverton","","97008-7105","United States","msmithi.com@privatewho.is","+1.8772738550","","Private Whois","Knock Knock WHOIS Not There, LLC","9450 SW Gemini Dr #63259","Beaverton","","97008-7105","United States","msmithi.com@privatewho.is","+1.8772738550","","ns1.wordpress.com","ns2.wordpress.com","ns3.wordpress.com","","clientTransferProhibited","","",""
"83","mxconsultingchina.com","2020-05-07 21:23:56","2020-05-03","2020-05-06","2021-05-03","1697","DNSPod, Inc.","whois.dnspod.com","http:// www.dnspod.cn","REDACTED FOR PRIVACY","REDACTED FOR PRIVACY","REDACTED FOR PRIVACY","REDACTED FOR PRIVACY","REDACTED FOR PRIVACY","REDACTED FOR PRIVACY","REDACTED FOR PRIVACY","","REDACTED FOR PRIVACY","REDACTED FOR PRIVACY","REDACTED FOR PRIVACY","REDACTED FOR PRIVACY","REDACTED FOR PRIVACY","REDACTED FOR PRIVACY","REDACTED FOR PRIVACY","REDACTED FOR PRIVACY","REDACTED FOR PRIVACY","","REDACTED FOR PRIVACY","REDACTED FOR PRIVACY","REDACTED FOR PRIVACY","REDACTED FOR PRIVACY","REDACTED FOR PRIVACY","","REDACTED FOR PRIVACY","REDACTED FOR PRIVACY","REDACTED FOR PRIVACY","","REDACTED FOR PRIVACY","REDACTED FOR PRIVACY","REDACTED FOR PRIVACY","REDACTED FOR PRIVACY","REDACTED FOR PRIVACY","REDACTED FOR PRIVACY","REDACTED FOR PRIVACY","REDACTED FOR PRIVACY","REDACTED FOR PRIVACY","","REDACTED FOR PRIVACY","","f1g1ns1.dnspod.net","f1g1ns2.dnspod.net","","","serverhold","","",""
"84","myfinalwishes.biz","2020-05-07 14:13:31","2020-05-03","2020-05-03","2021-05-03","146","GoDaddy.com, LLC","whois.godaddy.com","http://registrar.godaddy.com","Domains By Proxy, LLC","Domains By Proxy, LLC","","","Arizona","","United States","","","","","","","","","","","","","","","","","","","","","","","","","","","","","","","","","","ns51.domaincontrol.com","ns52.domaincontrol.com","","","addPeriod","clientDeleteProhibited","clientRenewProhibited","clientTransferProhibited"
"85","nbchineseclass.com","2020-05-07 21:15:07","2020-05-03","2020-05-06","2021-05-03","420","HiChina Zhicheng Technology Limited","grs-whois.hichina.com","http://www.net.cn","","","","","shang hai","","China","","","","","","","","","","","","","","","","","","","","","","","","","","","","","","","","","","dns3.hichina.com","dns4.hichina.com","","","OK","","",""
"86","nixiaoxin.club","2020-05-07 06:32:42","2020-05-03","2020-05-05","2021-05-03","1366","Xiamen ChinaSource Internet Service Co., Ltd.","whois.cnolnic.com","http://www.zzy.cn","Litao","Litao","","","Others","","China","","","","","","","","","","","","","","","","","","","","","","","","","","","","","","","","","","ns1.cnolnic.net","ns2.cnolnic.net","","","addPeriod","clientTransferProhibited","",""
"87","nongliang.club","2020-05-07 06:32:42","2020-05-03","2020-05-05","2021-05-03","1366","Xiamen ChinaSource Internet Service Co., Ltd.","whois.cnolnic.com","http://www.zzy.cn","Fengbingxian","Fengbingxian","","","Jiangmen","","China","","","","","","","","","","","","","","","","","","","","","","","","","","","","","","","","","","ns1.cnolnic.net","ns2.cnolnic.net","","","addPeriod","clientTransferProhibited","",""
"88","onlinejavaide.com","2020-05-07 21:04:05","2020-05-03","2020-05-06","2021-05-03","471","Bizcn.com, Inc.","whois.bizcn.com","http://www.bizcn.com","","","","","guang dong","","China","","","","","","","","","","","","","","","","","","","","","","","","","","","","","","","","","","v1.dnsdun.com","v1.dnsdun.net","","","clientDeleteProhibited","clientTransferProhibited","",""
"89","ordersmall.biz","2020-05-07 12:43:44","2020-05-03","2020-05-03","2021-05-03","895","Google, Inc.","whois.rrpproxy.net","http://www.google.com","Contact Privacy Inc. Customer 1247119193","Contact Privacy Inc. Customer 1247119193","","","ON","","Canada","","","","","","","","","","","","","","","","","","","","","","","","","","","","","","","","","","ns-cloud-e1.googledomains.com","ns-cloud-e2.googledomains.com","ns-cloud-e3.googledomains.com","ns-cloud-e4.googledomains.com","addPeriod","clientTransferProhibited","",""
"90","panaceavr.com","2020-05-07 19:10:17","2020-05-03","2020-05-06","2021-05-03","1697","DNSPod, Inc.","whois.dnspod.com","http:// www.dnspod.cn","REDACTED FOR PRIVACY","REDACTED FOR PRIVACY","REDACTED FOR PRIVACY","REDACTED FOR PRIVACY","REDACTED FOR PRIVACY","REDACTED FOR PRIVACY","REDACTED FOR PRIVACY","","REDACTED FOR PRIVACY","REDACTED FOR PRIVACY","REDACTED FOR PRIVACY","REDACTED FOR PRIVACY","REDACTED FOR PRIVACY","REDACTED FOR PRIVACY","REDACTED FOR PRIVACY","REDACTED FOR PRIVACY","REDACTED FOR PRIVACY","","REDACTED FOR PRIVACY","REDACTED FOR PRIVACY","REDACTED FOR PRIVACY","REDACTED FOR PRIVACY","REDACTED FOR PRIVACY","","REDACTED FOR PRIVACY","REDACTED FOR PRIVACY","REDACTED FOR PRIVACY","","REDACTED FOR PRIVACY","REDACTED FOR PRIVACY","REDACTED FOR PRIVACY","REDACTED FOR PRIVACY","REDACTED FOR PRIVACY","REDACTED FOR PRIVACY","REDACTED FOR PRIVACY","REDACTED FOR PRIVACY","REDACTED FOR PRIVACY","","REDACTED FOR PRIVACY","","f1g1ns1.dnspod.net","f1g1ns2.dnspod.net","","","OK","","",""
"91","pattayachina.com","2020-05-07 21:16:09","2020-05-03","2020-05-07","2021-05-03","1697","DNSPod, Inc.","whois.dnspod.com","http:// www.dnspod.cn","REDACTED FOR PRIVACY","REDACTED FOR PRIVACY","REDACTED FOR PRIVACY","REDACTED FOR PRIVACY","REDACTED FOR PRIVACY","REDACTED FOR PRIVACY","REDACTED FOR PRIVACY","","REDACTED FOR PRIVACY","REDACTED FOR PRIVACY","REDACTED FOR PRIVACY","REDACTED FOR PRIVACY","REDACTED FOR PRIVACY","REDACTED FOR PRIVACY","REDACTED FOR PRIVACY","REDACTED FOR PRIVACY","REDACTED FOR PRIVACY","","REDACTED FOR PRIVACY","REDACTED FOR PRIVACY","REDACTED FOR PRIVACY","REDACTED FOR PRIVACY","REDACTED FOR PRIVACY","","REDACTED FOR PRIVACY","REDACTED FOR PRIVACY","REDACTED FOR PRIVACY","","REDACTED FOR PRIVACY","REDACTED FOR PRIVACY","REDACTED FOR PRIVACY","REDACTED FOR PRIVACY","REDACTED FOR PRIVACY","REDACTED FOR PRIVACY","REDACTED FOR PRIVACY","REDACTED FOR PRIVACY","REDACTED FOR PRIVACY","","REDACTED FOR PRIVACY","","f1g1ns1.dnspod.net","f1g1ns2.dnspod.net","","","OK","","",""
"92","pe892.com","2020-05-07 19:10:03","2020-05-03","2020-05-06","2021-05-03","420","HiChina Zhicheng Technology Limited","grs-whois.hichina.com","http://www.net.cn","","","","","guang dong","","China","","","","","","","","","","","","","","","","","","","","","","","","","","","","","","","","","","dns11.hichina.com","dns12.hichina.com","","","OK","","",""
"93","pk78999.com","2020-05-07 21:16:08","2020-05-03","2020-05-06","2021-05-03","420","HiChina Zhicheng Technology Limited","grs-whois.hichina.com","http://www.net.cn","","","","","shan dong","","China","","","","","","","","","","","","","","","","","","","","","","","","","","","","","","","","","","dns27.hichina.com","dns28.hichina.com","","","OK","","",""
"94","plancapsule.com","2020-05-07 21:07:47","2020-05-03","2020-05-05","2021-05-03","120","Xin Net Technology Corporation","whois.paycenter.com.cn","http://www.xinnet.com","REDACTED FOR PRIVACY","REDACTED FOR PRIVACY","REDACTED FOR PRIVACY","REDACTED FOR PRIVACY","REDACTED FOR PRIVACY","REDACTED FOR PRIVACY","REDACTED FOR PRIVACY","","REDACTED FOR PRIVACY","REDACTED FOR PRIVACY","REDACTED FOR PRIVACY","REDACTED FOR PRIVACY","REDACTED FOR PRIVACY","REDACTED FOR PRIVACY","REDACTED FOR PRIVACY","REDACTED FOR PRIVACY","REDACTED FOR PRIVACY","","REDACTED FOR PRIVACY","REDACTED FOR PRIVACY","REDACTED FOR PRIVACY","REDACTED FOR PRIVACY","REDACTED FOR PRIVACY","REDACTED FOR PRIVACY","REDACTED FOR PRIVACY","","REDACTED FOR PRIVACY","","REDACTED FOR PRIVACY","REDACTED FOR PRIVACY","","","","","","","","","","","ns11.xincache.com","ns12.xincache.com","","","","","",""
"95","qdenap.com","2020-05-07 21:17:40","2020-05-03","2020-05-03","2021-05-03","120","Xin Net Technology Corporation","whois.paycenter.com.cn","http://www.xinnet.com","REDACTED FOR PRIVACY","REDACTED FOR PRIVACY","REDACTED FOR PRIVACY","REDACTED FOR PRIVACY","REDACTED FOR PRIVACY","REDACTED FOR PRIVACY","REDACTED FOR PRIVACY","","REDACTED FOR PRIVACY","REDACTED FOR PRIVACY","REDACTED FOR PRIVACY","REDACTED FOR PRIVACY","REDACTED FOR PRIVACY","REDACTED FOR PRIVACY","REDACTED FOR PRIVACY","REDACTED FOR PRIVACY","REDACTED FOR PRIVACY","","REDACTED FOR PRIVACY","REDACTED FOR PRIVACY","REDACTED FOR PRIVACY","REDACTED FOR PRIVACY","REDACTED FOR PRIVACY","REDACTED FOR PRIVACY","REDACTED FOR PRIVACY","","REDACTED FOR PRIVACY","","REDACTED FOR PRIVACY","REDACTED FOR PRIVACY","","","","","","","","","","","ns11.bigwww.com","ns12.bigwww.com","","","","","",""
"96","qingdao9564win.com","2020-05-07 21:21:45","2020-05-03","2020-05-06","2021-05-03","1697","DNSPod, Inc.","whois.dnspod.com","http:// www.dnspod.cn","REDACTED FOR PRIVACY","REDACTED FOR PRIVACY","REDACTED FOR PRIVACY","REDACTED FOR PRIVACY","REDACTED FOR PRIVACY","REDACTED FOR PRIVACY","REDACTED FOR PRIVACY","","REDACTED FOR PRIVACY","REDACTED FOR PRIVACY","REDACTED FOR PRIVACY","REDACTED FOR PRIVACY","REDACTED FOR PRIVACY","REDACTED FOR PRIVACY","REDACTED FOR PRIVACY","REDACTED FOR PRIVACY","REDACTED FOR PRIVACY","","REDACTED FOR PRIVACY","REDACTED FOR PRIVACY","REDACTED FOR PRIVACY","REDACTED FOR PRIVACY","REDACTED FOR PRIVACY","","REDACTED FOR PRIVACY","REDACTED FOR PRIVACY","REDACTED FOR PRIVACY","","REDACTED FOR PRIVACY","REDACTED FOR PRIVACY","REDACTED FOR PRIVACY","REDACTED FOR PRIVACY","REDACTED FOR PRIVACY","REDACTED FOR PRIVACY","REDACTED FOR PRIVACY","REDACTED FOR PRIVACY","REDACTED FOR PRIVACY","","REDACTED FOR PRIVACY","","f1g1ns1.dnspod.net","f1g1ns2.dnspod.net","","","","","",""
"97","qinzhou789.com","2020-05-07 21:05:51","2020-05-03","2020-05-03","2021-05-03","1915","West263 International Limited","whois.hkdns.hk","http://www.hkdns.hk","REDACTED FOR PRIVACY","REDACTED FOR PRIVACY","REDACTED FOR PRIVACY","Chengdu","Sichuan","REDACTED FOR PRIVACY","China","","REDACTED FOR PRIVACY","REDACTED FOR PRIVACY","REDACTED FOR PRIVACY","REDACTED FOR PRIVACY","REDACTED FOR PRIVACY","Chengdu","Sichuan","REDACTED FOR PRIVACY","China","","REDACTED FOR PRIVACY","REDACTED FOR PRIVACY","REDACTED FOR PRIVACY","REDACTED FOR PRIVACY","REDACTED FOR PRIVACY","Chengdu","Sichuan","REDACTED FOR PRIVACY","China","","REDACTED FOR PRIVACY","REDACTED FOR PRIVACY","","","","","","","","","","","ns1.myhostadmin.net","ns2.myhostadmin.net","","","OK","","",""
"98","qq81644.com","2020-05-07 19:12:32","2020-05-03","2020-05-03","2021-05-03","1915","West263 International Limited","whois.hkdns.hk","http://www.hkdns.hk","REDACTED FOR PRIVACY","REDACTED FOR PRIVACY","REDACTED FOR PRIVACY","Chengdu","Sichuan","REDACTED FOR PRIVACY","China","","REDACTED FOR PRIVACY","REDACTED FOR PRIVACY","REDACTED FOR PRIVACY","REDACTED FOR PRIVACY","REDACTED FOR PRIVACY","Chengdu","Sichuan","REDACTED FOR PRIVACY","China","","REDACTED FOR PRIVACY","REDACTED FOR PRIVACY","REDACTED FOR PRIVACY","REDACTED FOR PRIVACY","REDACTED FOR PRIVACY","Chengdu","Sichuan","REDACTED FOR PRIVACY","China","","REDACTED FOR PRIVACY","REDACTED FOR PRIVACY","","","","","","","","","","","jm1.dns.com","jm2.dns.com","","","OK","","",""
"99","qymzx.com","2020-05-07 21:21:10","2020-05-03","2020-05-03","2021-05-03","1915","West263 International Limited","whois.hkdns.hk","http://www.hkdns.hk","REDACTED FOR PRIVACY","REDACTED FOR PRIVACY","REDACTED FOR PRIVACY","Chengdu","Sichuan","REDACTED FOR PRIVACY","China","","REDACTED FOR PRIVACY","REDACTED FOR PRIVACY","REDACTED FOR PRIVACY","REDACTED FOR PRIVACY","REDACTED FOR PRIVACY","Chengdu","Sichuan","REDACTED FOR PRIVACY","China","","REDACTED FOR PRIVACY","REDACTED FOR PRIVACY","REDACTED FOR PRIVACY","REDACTED FOR PRIVACY","REDACTED FOR PRIVACY","Chengdu","Sichuan","REDACTED FOR PRIVACY","China","","REDACTED FOR PRIVACY","REDACTED FOR PRIVACY","","","","","","","","","","","ns3.myhostadmin.net","ns4.myhostadmin.net","","","OK","","",""
"100","qyszxxx.com","2020-05-07 19:12:33","2020-05-03","2020-05-06","2021-05-03","1697","DNSPod, Inc.","whois.dnspod.com","http:// www.dnspod.cn","REDACTED FOR PRIVACY","REDACTED FOR PRIVACY","REDACTED FOR PRIVACY","REDACTED FOR PRIVACY","REDACTED FOR PRIVACY","REDACTED FOR PRIVACY","REDACTED FOR PRIVACY","","REDACTED FOR PRIVACY","REDACTED FOR PRIVACY","REDACTED FOR PRIVACY","REDACTED FOR PRIVACY","REDACTED FOR PRIVACY","REDACTED FOR PRIVACY","REDACTED FOR PRIVACY","REDACTED FOR PRIVACY","REDACTED FOR PRIVACY","","REDACTED FOR PRIVACY","REDACTED FOR PRIVACY","REDACTED FOR PRIVACY","REDACTED FOR PRIVACY","REDACTED FOR PRIVACY","","REDACTED FOR PRIVACY","REDACTED FOR PRIVACY","REDACTED FOR PRIVACY","","REDACTED FOR PRIVACY","REDACTED FOR PRIVACY","REDACTED FOR PRIVACY","REDACTED FOR PRIVACY","REDACTED FOR PRIVACY","REDACTED FOR PRIVACY","REDACTED FOR PRIVACY","REDACTED FOR PRIVACY","REDACTED FOR PRIVACY","","REDACTED FOR PRIVACY","","f1g1ns1.dnspod.net","f1g1ns2.dnspod.net","","","","","",""
"101","recoveryhelps-page.my.id","2020-05-07 09:43:33","2020-05-03","2020-05-03","2021-05-03","","","","","","","","","","","","","","","","","","","","","","","","","","","","","","","","","","","","","","","","","","","","","","","","","addPeriod","serverTransferProhibited","",""
"102","redhill-china.com","2020-05-07 21:04:15","2020-05-03","2020-05-06","2021-05-03","420","HiChina Zhicheng Technology Limited","grs-whois.hichina.com","http://www.net.cn","","","","","an hui","","China","","","","","","","","","","","","","","","","","","","","","","","","","","","","","","","","","","dns19.hichina.com","dns20.hichina.com","","","OK","","",""
"103","refactoring.biz","2020-05-07 10:22:29","2020-05-03","2020-05-03","2021-05-03","146","GoDaddy.com, LLC","whois.godaddy.com","http://registrar.godaddy.com","","","","","California","","United States","","","","","","","","","","","","","","","","","","","","","","","","","","","","","","","","","","ns1.afraid.org","ns2.afraid.org","ns3.afraid.org","ns4.afraid.org","addPeriod","clientDeleteProhibited","clientRenewProhibited","clientTransferProhibited"
"104","rego.biz","2020-05-07 17:44:51","2020-05-03","2020-05-03","2021-05-03","1564","TLD Registrar Solutions Ltd.","whois.tldregistrarsolutions.com","http://www.tldregistrarsolutions.com","","","","","","","Uganda","","","","","","","","","","","","","","","","","","","","","","","","","","","","","","","","","","ns3.mavenserverz.com","ns4.mavenserverz.com","","","addPeriod","clientTransferProhibited","",""
"105","renlm.com","2020-05-07 19:18:19","2020-05-03","2020-05-03","2021-05-03","1915","West263 International Limited","whois.hkdns.hk","http://www.hkdns.hk","REDACTED FOR PRIVACY","REDACTED FOR PRIVACY","REDACTED FOR PRIVACY","Chengdu","Sichuan","REDACTED FOR PRIVACY","China","","REDACTED FOR PRIVACY","REDACTED FOR PRIVACY","REDACTED FOR PRIVACY","REDACTED FOR PRIVACY","REDACTED FOR PRIVACY","Chengdu","Sichuan","REDACTED FOR PRIVACY","China","","REDACTED FOR PRIVACY","REDACTED FOR PRIVACY","REDACTED FOR PRIVACY","REDACTED FOR PRIVACY","REDACTED FOR PRIVACY","Chengdu","Sichuan","REDACTED FOR PRIVACY","China","","REDACTED FOR PRIVACY","REDACTED FOR PRIVACY","","","","","","","","","","","ns3.myhostadmin.net","ns4.myhostadmin.net","","","OK","","",""
"106","ricardogaviria.com","2020-05-07 21:03:56","2020-05-03","2020-05-06","2021-05-03","471","Bizcn.com, Inc.","whois.bizcn.com","http://www.bizcn.com","","","","","guang dong","","China","","","","","","","","","","","","","","","","","","","","","","","","","","","","","","","","","","v1.dnsdun.com","v1.dnsdun.net","","","clientDeleteProhibited","clientTransferProhibited","",""
"107","rongzhichina.com","2020-05-07 21:07:05","2020-05-03","2020-05-06","2021-05-03","420","HiChina Zhicheng Technology Limited","grs-whois.hichina.com","http://www.net.cn","","","","","jiang su","","China","","","","","","","","","","","","","","","","","","","","","","","","","","","","","","","","","","dns7.hichina.com","dns8.hichina.com","","","OK","","",""
"108","saltshop.co.uk","2020-05-07 19:46:26","2020-05-03","2020-05-04","2021-05-03","","","","","Alistair Hackett","","1 - 2 Sciennes Gardens Edinburgh","","","EH9 1NR","United Kingdom","","","","","","","","","","","","","","","","","","","","","","","","","","","","","","","","","","ns1.undeveloped.com","ns2.undeveloped.com","","","Nominet was able to match the registrants name and address against a rd party data source on Jun","Registered until expiry date","",""
"109","sf642.com","2020-05-07 19:14:33","2020-05-03","2020-05-03","2021-05-03","1915","West263 International Limited","whois.hkdns.hk","http://www.hkdns.hk","REDACTED FOR PRIVACY","REDACTED FOR PRIVACY","REDACTED FOR PRIVACY","Chengdu","Sichuan","REDACTED FOR PRIVACY","China","","REDACTED FOR PRIVACY","REDACTED FOR PRIVACY","REDACTED FOR PRIVACY","REDACTED FOR PRIVACY","REDACTED FOR PRIVACY","Chengdu","Sichuan","REDACTED FOR PRIVACY","China","","REDACTED FOR PRIVACY","REDACTED FOR PRIVACY","REDACTED FOR PRIVACY","REDACTED FOR PRIVACY","REDACTED FOR PRIVACY","Chengdu","Sichuan","REDACTED FOR PRIVACY","China","","REDACTED FOR PRIVACY","REDACTED FOR PRIVACY","","","","","","","","","","","jm1.dns.com","jm2.dns.com","","","OK","","",""
"110","shanzhenchina.com","2020-05-07 19:18:39","2020-05-03","2020-05-06","2021-05-03","420","HiChina Zhicheng Technology Limited","grs-whois.hichina.com","http://www.net.cn","","","","","an hui","","China","","","","","","","","","","","","","","","","","","","","","","","","","","","","","","","","","","dns29.hichina.com","dns30.hichina.com","","","OK","","",""
"111","shuanghui-china.com","2020-05-07 21:03:58","2020-05-03","2020-05-06","2021-05-03","471","Bizcn.com, Inc.","whois.bizcn.com","http://www.bizcn.com","","","","","Guangdong","","China","","","","","","","","","","","","","","","","","","","","","","","","","","","","","","","","","","ag1.juming.com","ag2.juming.com","","","clientDeleteProhibited","clientTransferProhibited","",""
"112","socialdistance4less.biz","2020-05-07 18:03:50","2020-05-03","2020-05-03","2021-05-03","146","GoDaddy.com, LLC","whois.godaddy.com","http://registrar.godaddy.com","Domains By Proxy, LLC","Domains By Proxy, LLC","","","Arizona","","United States","","","","","","","","","","","","","","","","","","","","","","","","","","","","","","","","","","ns45.domaincontrol.com","ns46.domaincontrol.com","","","addPeriod","clientDeleteProhibited","clientRenewProhibited","clientTransferProhibited"
"113","socialdistanceforless.biz","2020-05-07 18:03:50","2020-05-03","2020-05-03","2021-05-03","146","GoDaddy.com, LLC","whois.godaddy.com","http://registrar.godaddy.com","Domains By Proxy, LLC","Domains By Proxy, LLC","","","Arizona","","United States","","","","","","","","","","","","","","","","","","","","","","","","","","","","","","","","","","ns35.domaincontrol.com","ns36.domaincontrol.com","","","addPeriod","clientDeleteProhibited","clientRenewProhibited","clientTransferProhibited"
"114","socialdistanceinfo.biz","2020-05-07 18:03:50","2020-05-03","2020-05-03","2021-05-03","146","GoDaddy.com, LLC","whois.godaddy.com","http://registrar.godaddy.com","Domains By Proxy, LLC","Domains By Proxy, LLC","","","Arizona","","United States","","","","","","","","","","","","","","","","","","","","","","","","","","","","","","","","","","ns21.domaincontrol.com","ns22.domaincontrol.com","","","addPeriod","clientDeleteProhibited","clientRenewProhibited","clientTransferProhibited"
"115","socialdistancesolns.biz","2020-05-07 18:03:49","2020-05-03","2020-05-03","2021-05-03","146","GoDaddy.com, LLC","whois.godaddy.com","http://registrar.godaddy.com","Domains By Proxy, LLC","Domains By Proxy, LLC","","","Arizona","","United States","","","","","","","","","","","","","","","","","","","","","","","","","","","","","","","","","","ns21.domaincontrol.com","ns22.domaincontrol.com","","","addPeriod","clientDeleteProhibited","clientRenewProhibited","clientTransferProhibited"
"116","socialdistancesolution.biz","2020-05-07 18:03:49","2020-05-03","2020-05-03","2021-05-03","146","GoDaddy.com, LLC","whois.godaddy.com","http://registrar.godaddy.com","Domains By Proxy, LLC","Domains By Proxy, LLC","","","Arizona","","United States","","","","","","","","","","","","","","","","","","","","","","","","","","","","","","","","","","ns45.domaincontrol.com","ns46.domaincontrol.com","","","addPeriod","clientDeleteProhibited","clientRenewProhibited","clientTransferProhibited"
"117","socialdistancesolutionsforless.biz","2020-05-07 18:03:50","2020-05-03","2020-05-03","2021-05-03","146","GoDaddy.com, LLC","whois.godaddy.com","http://registrar.godaddy.com","Domains By Proxy, LLC","Domains By Proxy, LLC","","","Arizona","","United States","","","","","","","","","","","","","","","","","","","","","","","","","","","","","","","","","","ns27.domaincontrol.com","ns28.domaincontrol.com","","","addPeriod","clientDeleteProhibited","clientRenewProhibited","clientTransferProhibited"
"118","socialdistancesystem.biz","2020-05-07 18:03:50","2020-05-03","2020-05-03","2021-05-03","146","GoDaddy.com, LLC","whois.godaddy.com","http://registrar.godaddy.com","Domains By Proxy, LLC","Domains By Proxy, LLC","","","Arizona","","United States","","","","","","","","","","","","","","","","","","","","","","","","","","","","","","","","","","ns17.domaincontrol.com","ns18.domaincontrol.com","","","addPeriod","clientDeleteProhibited","clientRenewProhibited","clientTransferProhibited"
"119","socialdistancesystems.biz","2020-05-07 18:03:49","2020-05-03","2020-05-03","2021-05-03","146","GoDaddy.com, LLC","whois.godaddy.com","http://registrar.godaddy.com","Domains By Proxy, LLC","Domains By Proxy, LLC","","","Arizona","","United States","","","","","","","","","","","","","","","","","","","","","","","","","","","","","","","","","","ns17.domaincontrol.com","ns18.domaincontrol.com","","","addPeriod","clientDeleteProhibited","clientRenewProhibited","clientTransferProhibited"
"120","socialdistancingsolutions.biz","2020-05-07 18:03:50","2020-05-03","2020-05-03","2021-05-03","146","GoDaddy.com, LLC","whois.godaddy.com","http://registrar.godaddy.com","Domains By Proxy, LLC","Domains By Proxy, LLC","","","Arizona","","United States","","","","","","","","","","","","","","","","","","","","","","","","","","","","","","","","","","ns27.domaincontrol.com","ns28.domaincontrol.com","","","addPeriod","clientDeleteProhibited","clientRenewProhibited","clientTransferProhibited"
"121","sxaviation.com","2020-05-07 21:06:47","2020-05-03","2020-05-03","2021-05-03","1331","eName Technology Co., Ltd.","whois.ename.com","http://www.ename.net","","","","","Bei Jing","","China","","","","","","","","","","","","","","","","","","","","","","","","","","","","","","","","","","dns3.dns.com","dns4.dns.com","","","clientDeleteProhibited","clientTransferProhibited","",""
"122","syntecenlinea.com","2020-05-07 01:17:03","2020-05-03","2020-05-04","2021-05-02","1705","Network Information Center Mexico, S.C.","whois.inregistry.in","http://www.akky.mx","Redacted for Privacy (Redactado por Privacidad)","","Redacted for Privacy (Redactado por Privacidad)","Redacted for Privacy (Redactado por Privacidad)","Ciudad de Mexico","Redacted for Privacy (Redactad","Mexico","","Redacted for Privacy (Redactad","Redacted for Privacy (Redactad","","","","","","","","","","","","","","","","","","","","","","","","","","","","","","","ams-ns1.websitehostserver.net","chi-ns1.websitehostserver.net","chi-ns2.websitehostserver.net","","clientTransferProhibited","","",""
"123","taiwan-huihong.com","2020-05-07 21:05:56","2020-05-03","2020-05-06","2021-05-03","420","HiChina Zhicheng Technology Limited","grs-whois.hichina.com","http://www.net.cn","","","","","an hui","","China","","","","","","","","","","","","","","","","","","","","","","","","","","","","","","","","","","dns27.hichina.com","dns28.hichina.com","","","OK","","",""
"124","teknookur.com","2020-05-04 19:09:04","2020-05-03","2020-05-03","2021-05-03","440","Wild West Domains, LLC","whois.wildwestdomains.com","http://www.wildwestdomains.com","Registration Private","Domains By Proxy, LLC","DomainsByProxy.com 14455 N. Hayden Road","Scottsdale","Arizona","85260","United States","teknookur.com@domainsbyproxy.com","+1.4806242599","+1.4806242598","Registration Private","Domains By Proxy, LLC","DomainsByProxy.com 14455 N. Hayden Road","Scottsdale","Arizona","85260","United States","teknookur.com@domainsbyproxy.com","+1.4806242599","+1.4806242598","Registration Private","Domains By Proxy, LLC","DomainsByProxy.com 14455 N. Hayden Road","Scottsdale","Arizona","85260","United States","teknookur.com@domainsbyproxy.com","+1.4806242599","+1.4806242598","","","","","","","","","","","cf21.hostingdunyam.net","cf22.hostingdunyam.net","","","clientDeleteProhibited","clientRenewProhibited","clientTransferProhibited","clientUpdateProhibited"
"125","thunderbird.ltd","2020-05-07 05:55:00","2020-05-03","2020-05-04","2021-05-03","1599","Alibaba Cloud Computing Ltd. d/b/a HiChina (www.net.cn)","http://whois.hichina.com/","http://www.net.cn","REDACTED FOR PRIVACY","liujieqin","REDACTED FOR PRIVACY","REDACTED FOR PRIVACY","guang dong","REDACTED FOR PRIVACY","China","","REDACTED FOR PRIVACY","REDACTED FOR PRIVACY","","","","","","","","","","","","","","","","","","","","","","","","","","","","","","","","","","","addPeriod","","",""
"126","tiktoknav.com","2020-05-07 19:18:55","2020-05-03","2020-05-06","2021-05-03","420","HiChina Zhicheng Technology Limited","grs-whois.hichina.com","http://www.net.cn","","","","","fu jian","","China","","","","","","","","","","","","","","","","","","","","","","","","","","","","","","","","","","dns7.hichina.com","dns8.hichina.com","","","OK","","",""
"127","tradetraveler.com","2020-05-07 19:21:20","2020-05-03","2020-05-06","2021-05-03","471","Bizcn.com, Inc.","whois.bizcn.com","http://www.bizcn.com","","","","","Bei Jing","","China","","","","","","","","","","","","","","","","","","","","","","","","","","","","","","","","","","ag1.juming.com","ag2.juming.com","","","clientDeleteProhibited","clientTransferProhibited","",""
"128","travelinchina2.com","2020-05-07 21:08:04","2020-05-03","2020-05-06","2021-05-03","420","HiChina Zhicheng Technology Limited","grs-whois.hichina.com","http://www.net.cn","","","","","hei long jiang","","China","","","","","","","","","","","","","","","","","","","","","","","","","","","","","","","","","","dns10.hichina.com","dns9.hichina.com","","","OK","","",""
"129","vote.tatar","2020-05-07 02:47:53","2020-05-03","2020-05-03","2021-05-03","1606","Limited Liability Company 'Registrar of domain names REG.RU'","whois.reg.ru","http://www.reg.ru","REDACTED FOR PRIVACY","OOO 'Nauchnaya studiya'","REDACTED FOR PRIVACY","REDACTED FOR PRIVACY","Tatarstan","REDACTED FOR PRIVACY","Russian Federation","","REDACTED FOR PRIVACY","","REDACTED FOR PRIVACY","REDACTED FOR PRIVACY","REDACTED FOR PRIVACY","REDACTED FOR PRIVACY","REDACTED FOR PRIVACY","REDACTED FOR PRIVACY","REDACTED FOR PRIVACY","","REDACTED FOR PRIVACY","","REDACTED FOR PRIVACY","REDACTED FOR PRIVACY","REDACTED FOR PRIVACY","REDACTED FOR PRIVACY","REDACTED FOR PRIVACY","REDACTED FOR PRIVACY","REDACTED FOR PRIVACY","","REDACTED FOR PRIVACY","","","","","","","","","","","","ns1.reg.ru","ns2.reg.ru","","","clientTransferProhibited","","",""
"130","watchmanufacturersinchina.com","2020-05-07 21:32:00","2020-05-03","2020-05-06","2021-05-03","2805","Zhengzhou Century Connect Electronic Technology Development Co., Ltd","whois.reg.cn","http://www.reg.cn","","","","Beijingshi","Beijing","","","","","","","","","","","","","","","","","","","","","","","","","","","","","","","","","","","","dm1.dns.com","dm2.dns.com","","","OK","","",""
"131","weaving.life","2020-05-07 06:00:48","2020-05-03","2020-05-05","2021-05-03","1366","Xiamen ChinaSource Internet Service Co., Ltd.","whois.cnolnic.com","http://www.zzy.cn","REDACTED FOR PRIVACY","Wangxiaoqin","REDACTED FOR PRIVACY","REDACTED FOR PRIVACY","Jiangsu","REDACTED FOR PRIVACY","China","","REDACTED FOR PRIVACY","REDACTED FOR PRIVACY","","","","","","","","","","","","","","","","","","","","","","","","","","","","","","","","","","","addPeriod","clientTransferProhibited","",""
"132","wilcor.biz","2020-05-08 01:12:36","2020-05-03","2020-05-08","2021-05-03","146","GoDaddy.com, LLC","whois.godaddy.com","http://registrar.godaddy.com","Wilcor International","Wilcor International","","","New York","","United States","","","","","","","","","","","","","","","","","","","","","","","","","","","","","","","","","","ns27.domaincontrol.com","ns28.domaincontrol.com","","","clientDeleteProhibited","clientRenewProhibited","clientTransferProhibited","clientUpdateProhibited"
"133","winbuffet.biz","2020-05-07 18:44:34","2020-05-03","2020-05-03","2023-05-03","2","Network Solutions, LLC","whois.networksolutions.com","http://networksolutions.com","","","","","FL","","United States","","","","","","","","","","","","","","","","","","","","","","","","","","","","","","","","","","ns10.wixdns.net","ns11.wixdns.net","","","addPeriod","clientTransferProhibited","",""
"134","winkedin.biz","2020-05-07 18:44:23","2020-05-03","2020-05-03","2021-05-03","955","Launchpad, Inc.","whois.launchpad.com","http://www.launchpad.com","Privacy Protect, LLC (PrivacyProtect.org)","Privacy Protect, LLC (PrivacyProtect.org)","","","MA","","United States","","","","","","","","","","","","","","","","","","","","","","","","","","","","","","","","","","ns1.hostgator.com","ns2.hostgator.com","","","addPeriod","clientTransferProhibited","",""
"135","wolfcity.biz","2020-05-07 07:00:21","2020-05-03","2020-05-03","2021-05-03","2","Network Solutions, LLC","whois.networksolutions.com","http://networksolutions.com","","","","","IE-L","","Ireland","","","","","","","","","","","","","","","","","","","","","","","","","","","","","","","","","","ns4.wixdns.net","ns5.wixdns.net","","","addPeriod","clientTransferProhibited","",""
"136","worldatwork-china.com","2020-05-07 21:21:42","2020-05-03","2020-05-03","2021-05-03","1915","West263 International Limited","whois.hkdns.hk","http://www.hkdns.hk","REDACTED FOR PRIVACY","REDACTED FOR PRIVACY","REDACTED FOR PRIVACY","Chengdu","Sichuan","REDACTED FOR PRIVACY","China","","REDACTED FOR PRIVACY","REDACTED FOR PRIVACY","REDACTED FOR PRIVACY","REDACTED FOR PRIVACY","REDACTED FOR PRIVACY","Chengdu","Sichuan","REDACTED FOR PRIVACY","China","","REDACTED FOR PRIVACY","REDACTED FOR PRIVACY","REDACTED FOR PRIVACY","REDACTED FOR PRIVACY","REDACTED FOR PRIVACY","Chengdu","Sichuan","REDACTED FOR PRIVACY","China","","REDACTED FOR PRIVACY","REDACTED FOR PRIVACY","","","","","","","","","","","v1.dnsdun.com","v1.dnsdun.net","","","OK","","",""
"137","wowrakesh.biz","2020-05-08 01:03:22","2020-05-03","2020-05-03","2023-05-03","2","Network Solutions, LLC","whois.networksolutions.com","http://networksolutions.com","","","","","FL","","United States","","","","","","","","","","","","","","","","","","","","","","","","","","","","","","","","","","ns2.wixdns.net","ns3.wixdns.net","","","addPeriod","clientTransferProhibited","",""
"138","wtw89m.com","2020-05-07 21:12:57","2020-05-03","2020-05-06","2021-05-03","420","HiChina Zhicheng Technology Limited","grs-whois.hichina.com","http://www.net.cn","","","","","He Bei","","China","","","","","","","","","","","","","","","","","","","","","","","","","","","","","","","","","","dns10.hichina.com","dns9.hichina.com","","","OK","","",""
"139","www9895a.com","2020-05-07 19:11:09","2020-05-03","2020-05-06","2021-05-03","471","Bizcn.com, Inc.","whois.bizcn.com","http://www.bizcn.com","","","","","Fujian","","China","","","","","","","","","","","","","","","","","","","","","","","","","","","","","","","","","","ns1.bdydns.cn","ns2.bdydns.cn","","","clientDeleteProhibited","clientTransferProhibited","",""
"140","xcuav.com","2020-05-07 21:06:57","2020-05-03","2020-05-03","2021-05-03","1331","eName Technology Co., Ltd.","whois.ename.com","http://www.ename.net","","","","","Bei Jing","","China","","","","","","","","","","","","","","","","","","","","","","","","","","","","","","","","","","dns3.dns.com","dns4.dns.com","","","clientDeleteProhibited","clientTransferProhibited","",""
"141","ximenatello.lat","2020-05-07 06:05:05","2020-05-03","2020-05-03","2021-05-03","1086","Marcaria.com International, Inc.","whois.melbourneit.com","http://www.melbourneit.com","EXPERIMENTA.LAT","EXPERIMENTA.LAT","GENERAL KORNER 1094","santiago","santiago","8020387","Chile","orlandosilva.cl@gmail.com","+95.966898","","EXPERIMENTA.LAT","EXPERIMENTA.LAT","GENERAL KORNER 1094","santiago","santiago","8020387","Chile","orlandosilva.cl@gmail.com","+95.966898","","Marcaria.com, International","Marcaria.com, International","8345 NW 66 ST #B1673","Miami","Florida","33166","United States","domains@marcaria.com","+1.3054348621","","","","","","","","","","","","mx1.dnsmisitio.net","ns1.dnsmisitio.net","ns2.dnsmisitio.net","ns3.dnsmisitio.net","addPeriod","ok","",""
"142","xinchuangseal.com","2020-05-07 21:25:14","2020-05-03","2020-05-03","2021-05-03","3824","Cloud Yuqu LLC","","","REDACTED FOR PRIVACY","REDACTED FOR PRIVACY","REDACTED FOR PRIVACY","Chengdu","Sichuan","REDACTED FOR PRIVACY","China","","REDACTED FOR PRIVACY","REDACTED FOR PRIVACY","REDACTED FOR PRIVACY","REDACTED FOR PRIVACY","REDACTED FOR PRIVACY","Chengdu","Sichuan","REDACTED FOR PRIVACY","China","","REDACTED FOR PRIVACY","REDACTED FOR PRIVACY","REDACTED FOR PRIVACY","REDACTED FOR PRIVACY","REDACTED FOR PRIVACY","Chengdu","Sichuan","REDACTED FOR PRIVACY","China","","REDACTED FOR PRIVACY","REDACTED FOR PRIVACY","","","","","","","","","","","jm1.dns.com","jm2.dns.com","","","OK","","",""
"143","xn--riqx3lz1hnybj35akuap42a.com","2020-05-07 19:10:03","2020-05-03","2020-05-03","2021-05-03","1518","Shanghai Best Oray Information S&T Co., Ltd","whois.oray.com","http://www.oray.com","","","","mudanjiangshi","heilongjiangsheng","","","","","","","","","","","","","","","","","","","","","","","","","","","","","","","","","","","","ns1.oray.net","ns2.oray.net","","","clientDeleteProhibited","clientTransferProhibited","serverHold",""
"144","xxxssqw.com","2020-05-07 21:33:03","2020-05-03","2020-05-03","2021-05-03","1621","Shanghai Meicheng Technology Information Co., Ltd","whois.cndns.com","http://www.cndns.com","","","","","AnDongSheng","","China","","","","","","","","","","","","","","","","","","","","","","","","","","","","","","","","","","a.ezdnscenter.com","b.ezdnscenter.com","","","OK","","",""
"145","yb89999.com","2020-05-07 21:13:21","2020-05-03","2020-05-06","2021-05-03","1697","DNSPod, Inc.","whois.dnspod.com","http:// www.dnspod.cn","REDACTED FOR PRIVACY","REDACTED FOR PRIVACY","REDACTED FOR PRIVACY","REDACTED FOR PRIVACY","REDACTED FOR PRIVACY","REDACTED FOR PRIVACY","REDACTED FOR PRIVACY","","REDACTED FOR PRIVACY","REDACTED FOR PRIVACY","REDACTED FOR PRIVACY","REDACTED FOR PRIVACY","REDACTED FOR PRIVACY","REDACTED FOR PRIVACY","REDACTED FOR PRIVACY","REDACTED FOR PRIVACY","REDACTED FOR PRIVACY","","REDACTED FOR PRIVACY","REDACTED FOR PRIVACY","REDACTED FOR PRIVACY","REDACTED FOR PRIVACY","REDACTED FOR PRIVACY","","REDACTED FOR PRIVACY","REDACTED FOR PRIVACY","REDACTED FOR PRIVACY","","REDACTED FOR PRIVACY","REDACTED FOR PRIVACY","REDACTED FOR PRIVACY","REDACTED FOR PRIVACY","REDACTED FOR PRIVACY","REDACTED FOR PRIVACY","REDACTED FOR PRIVACY","REDACTED FOR PRIVACY","REDACTED FOR PRIVACY","","REDACTED FOR PRIVACY","","f1g1ns1.dnspod.net","f1g1ns2.dnspod.net","","","OK","","",""
"146","yfspay.club","2020-05-07 06:32:07","2020-05-03","2020-05-04","2021-05-03","471","Bizcn.com, Inc.","whois.bizcn.com","http://www.bizcn.com","Hai Lei","Hai Lei","","","Jiangsu","","China","","","","","","","","","","","","","","","","","","","","","","","","","","","","","","","","","","ns1.bdydns.cn","ns2.bdydns.cn","","","addPeriod","clientTransferProhibited","",""
"147","yingzill.club","2020-05-07 06:32:07","2020-05-03","2020-05-06","2021-05-03","1366","Xiamen ChinaSource Internet Service Co., Ltd.","whois.cnolnic.com","http://www.zzy.cn","Liuyongbi","Liuyongbi","","","Zhongqing","","China","","","","","","","","","","","","","","","","","","","","","","","","","","","","","","","","","","ns1.alidns.com","ns2.alidns.com","","","addPeriod","clientTransferProhibited","",""
"148","ypdav.com","2020-05-07 21:46:35","2020-05-03","2020-05-06","2021-05-03","471","Bizcn.com, Inc.","whois.bizcn.com","http://www.bizcn.com","","","","","he nan","","China","","","","","","","","","","","","","","","","","","","","","","","","","","","","","","","","","","jm1.dns.com","jm2.dns.com","","","clientDeleteProhibited","clientTransferProhibited","",""
"149","zhaofanli.club","2020-05-07 06:32:05","2020-05-03","2020-05-06","2021-05-03","1366","Xiamen ChinaSource Internet Service Co., Ltd.","whois.cnolnic.com","http://www.zzy.cn","Chenlin","Chenlin","","","Xiaogan","","China","","","","","","","","","","","","","","","","","","","","","","","","","","","","","","","","","","f1g1ns1.dnspod.net","f1g1ns2.dnspod.net","","","addPeriod","clientTransferProhibited","",""
"150","zhiliaostudio.com","2020-05-07 21:23:00","2020-05-03","2020-05-06","2021-05-03","1697","DNSPod, Inc.","whois.dnspod.com","http:// www.dnspod.cn","REDACTED FOR PRIVACY","REDACTED FOR PRIVACY","REDACTED FOR PRIVACY","REDACTED FOR PRIVACY","REDACTED FOR PRIVACY","REDACTED FOR PRIVACY","REDACTED FOR PRIVACY","","REDACTED FOR PRIVACY","REDACTED FOR PRIVACY","REDACTED FOR PRIVACY","REDACTED FOR PRIVACY","REDACTED FOR PRIVACY","REDACTED FOR PRIVACY","REDACTED FOR PRIVACY","REDACTED FOR PRIVACY","REDACTED FOR PRIVACY","","REDACTED FOR PRIVACY","REDACTED FOR PRIVACY","REDACTED FOR PRIVACY","REDACTED FOR PRIVACY","REDACTED FOR PRIVACY","","REDACTED FOR PRIVACY","REDACTED FOR PRIVACY","REDACTED FOR PRIVACY","","REDACTED FOR PRIVACY","REDACTED FOR PRIVACY","REDACTED FOR PRIVACY","REDACTED FOR PRIVACY","REDACTED FOR PRIVACY","REDACTED FOR PRIVACY","REDACTED FOR PRIVACY","REDACTED FOR PRIVACY","REDACTED FOR PRIVACY","","REDACTED FOR PRIVACY","","f1g1ns1.dnspod.net","f1g1ns2.dnspod.net","","","","","",""
"151","zhilircw.com","2020-05-07 19:12:23","2020-05-03","2020-05-03","2021-05-03","1555","Hangzhou AiMing Network Co., LTD","whois.22.cn","http://www.22.cn","Not available","Not available","","","JiangXi","","China","","","","","","","","","","","","","","","","","","","","","","","","","","","","","","","","","","ns1.22.cn","ns2.22.cn","","","OK","","",""
"152","zhongguohui.net","2020-05-07 23:10:01","2020-05-03","2020-05-03","2021-05-03","420","HiChina Zhicheng Technology Limited","grs-whois.hichina.com","http://www.net.cn","","","","","si chuan","","China","","","","","","","","","","","","","","","","","","","","","","","","","","","","","","","","","","dns1.hichina.com","dns2.hichina.com","","","serverhold","","",""
"153","zhuxiujin.com","2020-05-07 21:33:55","2020-05-03","2020-05-03","2025-05-03","1915","West263 International Limited","whois.hkdns.hk","http://www.hkdns.hk","REDACTED FOR PRIVACY","REDACTED FOR PRIVACY","REDACTED FOR PRIVACY","Chengdu","Sichuan","REDACTED FOR PRIVACY","China","","REDACTED FOR PRIVACY","REDACTED FOR PRIVACY","REDACTED FOR PRIVACY","REDACTED FOR PRIVACY","REDACTED FOR PRIVACY","Chengdu","Sichuan","REDACTED FOR PRIVACY","China","","REDACTED FOR PRIVACY","REDACTED FOR PRIVACY","REDACTED FOR PRIVACY","REDACTED FOR PRIVACY","REDACTED FOR PRIVACY","Chengdu","Sichuan","REDACTED FOR PRIVACY","China","","REDACTED FOR PRIVACY","REDACTED FOR PRIVACY","","","","","","","","","","","ns5.myhostadmin.net","ns6.myhostadmin.net","","","OK","","",""
"154","zombiesnot.biz","2020-05-07 23:29:23","2020-05-03","2020-05-03","2021-05-03","146","GoDaddy.com, LLC","whois.godaddy.com","http://registrar.godaddy.com","Water Reuse Technologies","Water Reuse Technologies","","","Texas","","United States","","","","","","","","","","","","","","","","","","","","","","","","","","","","","","","","","","ns23.domaincontrol.com","ns24.domaincontrol.com","","","addPeriod","clientDeleteProhibited","clientRenewProhibited","clientTransferProhibited"
"155","zozo.cool","2020-05-07 06:32:00","2020-05-03","2020-05-05","2021-05-03","1697","DNSPod, Inc.","whois.dnspod.com","http:// www.dnspod.cn","REDACTED FOR PRIVACY","Mahon","REDACTED FOR PRIVACY","REDACTED FOR PRIVACY","jiang su sheng","REDACTED FOR PRIVACY","China","","REDACTED FOR PRIVACY","REDACTED FOR PRIVACY","","","","","","","","","","","","","","","","","","","","","","","","","","","","","","","","","","","addPeriod","","",""
"156","zozo.gold","2020-05-07 06:21:52","2020-05-03","2020-05-05","2021-05-03","1697","DNSPod, Inc.","whois.dnspod.com","http:// www.dnspod.cn","REDACTED FOR PRIVACY","Mahon","REDACTED FOR PRIVACY","REDACTED FOR PRIVACY","jiang su sheng","REDACTED FOR PRIVACY","China","","REDACTED FOR PRIVACY","REDACTED FOR PRIVACY","","","","","","","","","","","","","","","","","","","","","","","","","","","","","","","","","","","addPeriod","","",""
"157","zozo.pro","2020-05-07 03:16:05","2020-05-03","2020-05-05","2021-05-03","1697","DNSPod, Inc.","whois.dnspod.com","http:// www.dnspod.cn","???","???","","","jiang su sheng","","China","","","","","","","","","","","","","","","","","","","","","","","","","","","","","","","","","","f1g1ns1.dnspod.net","f1g1ns2.dnspod.net","","","addPeriod","serverTransferProhibited","",""
"158","zozo.team","2020-05-07 22:22:13","2020-05-03","2020-05-05","2021-05-03","1697","DNSPod, Inc.","whois.dnspod.com","http:// www.dnspod.cn","REDACTED FOR PRIVACY","Mahon","REDACTED FOR PRIVACY","REDACTED FOR PRIVACY","jiang su sheng","REDACTED FOR PRIVACY","China","","REDACTED FOR PRIVACY","REDACTED FOR PRIVACY","","","","","","","","","","","","","","","","","","","","","","","","","","","","","","","","","","","addPeriod","","",""