"num","domain_name","query_time","create_date","update_date","expiry_date","domain_registrar_id","domain_registrar_name","domain_registrar_whois","domain_registrar_url","registrant_name","registrant_company","registrant_address","registrant_city","registrant_state","registrant_zip","registrant_country","registrant_email","registrant_phone","registrant_fax","administrative_name","administrative_company","administrative_address","administrative_city","administrative_state","administrative_zip","administrative_country","administrative_email","administrative_phone","administrative_fax","technical_name","technical_company","technical_address","technical_city","technical_state","technical_zip","technical_country","technical_email","technical_phone","technical_fax","billing_name","billing_company","billing_address","billing_city","billing_state","billing_zip","billing_country","billing_email","billing_phone","billing_fax","name_server_1","name_server_2","name_server_3","name_server_4","domain_status_1","domain_status_2","domain_status_3","domain_status_4"
"1","17kan.cool","2020-05-07 06:32:02","2020-05-01","2020-05-06","2022-05-01","1599","Alibaba Cloud Computing Ltd. d/b/a HiChina (www.net.cn)","http://whois.hichina.com/","http://www.net.cn","REDACTED FOR PRIVACY","Zhang Jian Hua","REDACTED FOR PRIVACY","REDACTED FOR PRIVACY","Shan Dong","REDACTED FOR PRIVACY","China","","REDACTED FOR PRIVACY","REDACTED FOR PRIVACY","","","","","","","","","","","","","","","","","","","","","","","","","","","","","","","","","","","OK","","",""
"2","310equine.com","2020-05-07 21:11:09","2020-05-01","2020-05-01","2021-05-01","49","GMO Internet Inc.","whois.discount-domain.com","http://www.onamae.com","Whois Privacy Protection Service by onamae.com","Whois Privacy Protection Service by onamae.com","26-1 Sakuragaoka-cho Cerulean Tower 11F","Shibuya-ku","Tokyo","150-8512","Japan","proxy@whoisprotectservice.com","+81.354562560","","Whois Privacy Protection Service by onamae.com","Whois Privacy Protection Service by onamae.com","26-1 Sakuragaoka-cho Cerulean Tower 11F","Shibuya-ku","Tokyo","150-8512","Japan","proxy@whoisprotectservice.com","+81.354562560","","Whois Privacy Protection Service by onamae.com","Whois Privacy Protection Service by onamae.com","26-1 Sakuragaoka-cho Cerulean Tower 11F","Shibuya-ku","Tokyo","150-8512","Japan","proxy@whoisprotectservice.com","+81.354562560","","","","","","","","","","","","ns-a1.tenten.vn","ns-a2.tenten.vn","ns-a3.tenten.vn","","OK","","",""
"3","550.info","2020-05-07 06:20:01","2020-05-01","2020-05-05","2021-05-01","1866","Dynadot11 LLC","whois.dynadot11.com","http://www.dynadot11.com","","","","","Harjumaa","","Estonia","","","","","","","","","","","","","","","","","","","","","","","","","","","","","","","","","","ns1.dynadot.com","ns2.dynadot.com","","","serverTransferProhibited","","",""
"4","arienv.com","2020-05-02 19:16:11","2020-05-01","2020-05-01","2021-05-01","472","Dynadot, LLC","whois.dynadot.com","http://www.dynadot.com","Super Privacy Service LTD c/o Dynadot","","PO Box 701","San Mateo","California","94401","United States","arienv.com@superprivacyservice.com","+1.6505854708","","Super Privacy Service LTD c/o Dynadot","","PO Box 701","San Mateo","California","94401","United States","arienv.com@superprivacyservice.com","+1.6505854708","","Super Privacy Service LTD c/o Dynadot","","PO Box 701","San Mateo","California","94401","United States","arienv.com@superprivacyservice.com","+1.6505854708","","","","","","","","","","","","ns1.dns.com","ns2.dns.com","","","clientTransferProhibited","","",""
"5","avratrel.biz","2020-05-07 15:00:29","2020-05-01","2020-05-06","2021-05-01","299","CSC Corporate Domains, Inc.","whois.corporatedomains.com","http://www.cscglobal.com/global/web/csc/digital-brand-services","Bristol-Myers Squibb Company","Bristol-Myers Squibb Company","","","NJ","","United States","","","","","","","","","","","","","","","","","","","","","","","","","","","","","","","","","","ns1.bms.com","ns2.bms.com","ns3.bms.com","ns4.bms.com","clientTransferProhibited","","",""
"6","bankdiamonds.biz","2020-05-07 15:00:26","2020-05-01","2020-05-06","2021-05-01","49","GMO Internet Inc.","whois.discount-domain.com","http://www.onamae.com","Whois Privacy Protection Service by VALUE-DOMAIN","Whois Privacy Protection Service by VALUE-DOMAIN","","","Osaka","","Japan","","","","","","","","","","","","","","","","","","","","","","","","","","","","","","","","","","ns11.value-domain.com","ns12.value-domain.com","ns13.value-domain.com","","OK","","",""
"7","barfieldassociates.biz","2020-05-07 15:00:14","2020-05-01","2020-05-06","2021-05-01","49","GMO Internet Inc.","whois.discount-domain.com","http://www.onamae.com","Whois Privacy Protection Service by VALUE-DOMAIN","Whois Privacy Protection Service by VALUE-DOMAIN","","","Osaka","","Japan","","","","","","","","","","","","","","","","","","","","","","","","","","","","","","","","","","ns11.value-domain.com","ns12.value-domain.com","ns13.value-domain.com","","OK","","",""
"8","bettersolarleads.com","2020-05-07 19:20:27","2020-05-01","2020-05-06","2021-05-01","2487","Internet Domain Services BS Corp","whois.publicinterestregistry.net","http://www.internetbs.net","Domain Admin","Whois Privacy Corp.","Ocean Centre, Montagu Foreshore, East Bay Street","Nassau","New Providence","","Bahamas","bettersolarleads.com-owner-pxsm@customers.whoisprivacycorp.com","+1.5163872248","","Domain Admin","Whois Privacy Corp.","Ocean Centre, Montagu Foreshore, East Bay Street","Nassau","New Providence","","Bahamas","bettersolarleads.com-admin-khbk@customers.whoisprivacycorp.com","+1.5163872248","","Domain Admin","Whois Privacy Corp.","Ocean Centre, Montagu Foreshore, East Bay Street","Nassau","New Providence","","Bahamas","bettersolarleads.com-tech-lbd8@customers.whoisprivacycorp.com","+1.5163872248","","","","","","","","","","","","ns-canada.topdns.com","ns-uk.topdns.com","ns-usa.topdns.com","","clientTransferProhibited","ok","",""
"9","bundleofjoystore.com","2020-05-07 20:48:55","2020-05-01","2020-05-05","2021-05-01","2487","Internet Domain Services BS Corp","whois.publicinterestregistry.net","http://www.internetbs.net","Domain Admin","Whois Privacy Corp.","Ocean Centre, Montagu Foreshore, East Bay Street","Nassau","New Providence","","Bahamas","bundleofjoystore.com-owner-lk7s@customers.whoisprivacycorp.com","+1.5163872248","","Domain Admin","Whois Privacy Corp.","Ocean Centre, Montagu Foreshore, East Bay Street","Nassau","New Providence","","Bahamas","bundleofjoystore.com-admin-gc62@customers.whoisprivacycorp.com","+1.5163872248","","Domain Admin","Whois Privacy Corp.","Ocean Centre, Montagu Foreshore, East Bay Street","Nassau","New Providence","","Bahamas","bundleofjoystore.com-tech-rvyz@customers.whoisprivacycorp.com","+1.5163872248","","","","","","","","","","","","ns-canada.topdns.com","ns-uk.topdns.com","ns-usa.topdns.com","","clientTransferProhibited","ok","",""
"10","chengruizhiye.com","2020-05-07 21:20:09","2020-05-01","2020-05-06","2021-05-01","471","Bizcn.com, Inc.","whois.bizcn.com","http://www.bizcn.com","","","","","NEIMENGGU","","China","","","","","","","","","","","","","","","","","","","","","","","","","","","","","","","","","","ns7.cnmsn.net","ns8.cnmsn.net","","","clientDeleteProhibited","clientTransferProhibited","",""
"11","cosmeticleadsnow.com","2020-05-07 19:20:27","2020-05-01","2020-05-06","2021-05-01","2487","Internet Domain Services BS Corp","whois.publicinterestregistry.net","http://www.internetbs.net","Domain Admin","Whois Privacy Corp.","Ocean Centre, Montagu Foreshore, East Bay Street","Nassau","New Providence","","Bahamas","cosmeticleadsnow.com-owner-hxbt@customers.whoisprivacycorp.com","+1.5163872248","","Domain Admin","Whois Privacy Corp.","Ocean Centre, Montagu Foreshore, East Bay Street","Nassau","New Providence","","Bahamas","cosmeticleadsnow.com-admin-dhb0@customers.whoisprivacycorp.com","+1.5163872248","","Domain Admin","Whois Privacy Corp.","Ocean Centre, Montagu Foreshore, East Bay Street","Nassau","New Providence","","Bahamas","cosmeticleadsnow.com-tech-a9ln@customers.whoisprivacycorp.com","+1.5163872248","","","","","","","","","","","","ns-canada.topdns.com","ns-uk.topdns.com","ns-usa.topdns.com","","clientTransferProhibited","ok","",""
"12","cv66rt.com","2020-05-07 19:13:50","2020-05-01","2020-05-01","2021-05-01","1915","West263 International Limited","whois.hkdns.hk","http://www.hkdns.hk","REDACTED FOR PRIVACY","REDACTED FOR PRIVACY","REDACTED FOR PRIVACY","Chengdu","Sichuan","REDACTED FOR PRIVACY","China","","REDACTED FOR PRIVACY","REDACTED FOR PRIVACY","REDACTED FOR PRIVACY","REDACTED FOR PRIVACY","REDACTED FOR PRIVACY","Chengdu","Sichuan","REDACTED FOR PRIVACY","China","","REDACTED FOR PRIVACY","REDACTED FOR PRIVACY","REDACTED FOR PRIVACY","REDACTED FOR PRIVACY","REDACTED FOR PRIVACY","Chengdu","Sichuan","REDACTED FOR PRIVACY","China","","REDACTED FOR PRIVACY","REDACTED FOR PRIVACY","","","","","","","","","","","ns5.myhostadmin.net","ns6.myhostadmin.net","","","OK","","",""
"13","davbvnc.com","2020-05-07 20:48:54","2020-05-01","2020-05-06","2021-05-01","420","HiChina Zhicheng Technology Limited","grs-whois.hichina.com","http://www.net.cn","","","","","an hui","","China","","","","","","","","","","","","","","","","","","","","","","","","","","","","","","","","","","dns3.hichina.com","dns4.hichina.com","","","OK","","",""
"14","davessearchfortruth.com","2020-05-07 20:48:53","2020-05-01","2020-05-06","2021-05-01","420","HiChina Zhicheng Technology Limited","grs-whois.hichina.com","http://www.net.cn","","","","","an hui","","China","","","","","","","","","","","","","","","","","","","","","","","","","","","","","","","","","","dns1.hichina.com","dns2.hichina.com","","","OK","","",""
"15","davidgarciadiaz.com","2020-05-07 20:48:53","2020-05-01","2020-05-06","2021-05-01","420","HiChina Zhicheng Technology Limited","grs-whois.hichina.com","http://www.net.cn","","","","","an hui","","China","","","","","","","","","","","","","","","","","","","","","","","","","","","","","","","","","","dns25.hichina.com","dns26.hichina.com","","","OK","","",""
"16","dyhchina.com","2020-05-07 20:48:54","2020-05-01","2020-05-06","2021-05-01","420","HiChina Zhicheng Technology Limited","grs-whois.hichina.com","http://www.net.cn","","","","","Shanxi","","China","","","","","","","","","","","","","","","","","","","","","","","","","","","","","","","","","","jm1.dns.com","jm2.dns.com","","","OK","","",""
"17","flipped-china.com","2020-05-07 20:48:53","2020-05-01","2020-05-06","2023-05-01","420","HiChina Zhicheng Technology Limited","grs-whois.hichina.com","http://www.net.cn","","","","","TIANJIN","","China","","","","","","","","","","","","","","","","","","","","","","","","","","","","","","","","","","dns3.hichina.com","dns4.hichina.com","","","OK","","",""
"18","fngcdh.biz","2020-05-07 16:03:39","2020-05-01","2020-05-06","2021-05-01","49","GMO Internet Inc.","whois.discount-domain.com","http://www.onamae.com","Create,LLC","Create,LLC","","","Chiba","","Japan","","","","","","","","","","","","","","","","","","","","","","","","","","","","","","","","","","ns124-02.ace02-gm.net","ns124.ace02-gm.net","","","OK","","",""
"19","haircutmensavannahga.com","2020-05-07 20:48:55","2020-05-01","2020-05-06","2021-05-01","420","HiChina Zhicheng Technology Limited","grs-whois.hichina.com","http://www.net.cn","","","","","an hui","","China","","","","","","","","","","","","","","","","","","","","","","","","","","","","","","","","","","dns13.hichina.com","dns14.hichina.com","","","OK","","",""
"20","himalayavideo.com","2020-05-07 20:48:54","2020-05-01","2020-05-06","2021-05-01","420","HiChina Zhicheng Technology Limited","grs-whois.hichina.com","http://www.net.cn","","","","","Guang Xi","","China","","","","","","","","","","","","","","","","","","","","","","","","","","","","","","","","","","dns17.hichina.com","dns18.hichina.com","","","OK","","",""
"21","hjkj.wang","2020-05-07 19:05:55","2020-05-01","2020-05-05","2021-05-01","1366","Xiamen ChinaSource Internet Service Co., Ltd.","whois.cnolnic.com","http://www.zzy.cn","??","??","???????7?","??","??","266000","China","635501991@qq.com","+86.53287613813","+86.53287613813","??","??","???????7?","??","??","266000","China","635501991@qq.com","+86.53287613813","+86.53287613813","??","??","???????7?","??","??","266000","China","635501991@qq.com","+86.53287613813","+86.53287613813","","","","","","","","","","","ns1.cnolnic.net","ns2.cnolnic.net","","","clientTransferProhibited","","",""
"22","hsbhavan.com","2020-05-07 20:48:53","2020-05-01","2020-05-06","2021-05-01","420","HiChina Zhicheng Technology Limited","grs-whois.hichina.com","http://www.net.cn","","","","","an hui","","China","","","","","","","","","","","","","","","","","","","","","","","","","","","","","","","","","","dns29.hichina.com","dns30.hichina.com","","","OK","","",""
"23","huawen168.com","2020-05-07 20:48:51","2020-05-01","2020-05-01","2021-05-01","3824","Cloud Yuqu LLC","","","REDACTED FOR PRIVACY","REDACTED FOR PRIVACY","REDACTED FOR PRIVACY","Chengdu","Sichuan","REDACTED FOR PRIVACY","China","","REDACTED FOR PRIVACY","REDACTED FOR PRIVACY","REDACTED FOR PRIVACY","REDACTED FOR PRIVACY","REDACTED FOR PRIVACY","Chengdu","Sichuan","REDACTED FOR PRIVACY","China","","REDACTED FOR PRIVACY","REDACTED FOR PRIVACY","REDACTED FOR PRIVACY","REDACTED FOR PRIVACY","REDACTED FOR PRIVACY","Chengdu","Sichuan","REDACTED FOR PRIVACY","China","","REDACTED FOR PRIVACY","REDACTED FOR PRIVACY","","","","","","","","","","","ns1.myhostadmin.net","ns2.myhostadmin.net","","","OK","","",""
"24","huaxiangliyu.com","2020-05-07 21:16:11","2020-05-01","2020-05-06","2021-05-01","471","Bizcn.com, Inc.","whois.bizcn.com","http://www.bizcn.com","","","","","BEIJING","","China","","","","","","","","","","","","","","","","","","","","","","","","","","","","","","","","","","ns1.bdydns.cn","ns2.bdydns.cn","","","clientDeleteProhibited","clientTransferProhibited","",""
"25","influencermarketing.jobs","2020-05-07 23:21:07","2020-05-01","2020-05-05","2021-05-01","625","Name.com, Inc.","whois.name.com","http://www.name.com","REDACTED FOR PRIVACY","inCast","REDACTED FOR PRIVACY","REDACTED FOR PRIVACY","CA","REDACTED FOR PRIVACY","United States","","REDACTED FOR PRIVACY","REDACTED FOR PRIVACY","REDACTED FOR PRIVACY","REDACTED FOR PRIVACY","REDACTED FOR PRIVACY","REDACTED FOR PRIVACY","REDACTED FOR PRIVACY","REDACTED FOR PRIVACY","REDACTED FOR PRIVACY","","REDACTED FOR PRIVACY","REDACTED FOR PRIVACY","REDACTED FOR PRIVACY","REDACTED FOR PRIVACY","REDACTED FOR PRIVACY","REDACTED FOR PRIVACY","REDACTED FOR PRIVACY","REDACTED FOR PRIVACY","REDACTED FOR PRIVACY","","REDACTED FOR PRIVACY","REDACTED FOR PRIVACY","REDACTED FOR PRIVACY","REDACTED FOR PRIVACY","REDACTED FOR PRIVACY","REDACTED FOR PRIVACY","REDACTED FOR PRIVACY","REDACTED FOR PRIVACY","REDACTED FOR PRIVACY","","REDACTED FOR PRIVACY","REDACTED FOR PRIVACY","ns1dhq.name.com","ns2fgv.name.com","ns3gmv.name.com","ns4kmw.name.com","OK","","",""
"26","itsbrave.com","2020-05-07 20:48:54","2020-05-01","2020-05-06","2021-05-01","420","HiChina Zhicheng Technology Limited","grs-whois.hichina.com","http://www.net.cn","","","","","an hui","","China","","","","","","","","","","","","","","","","","","","","","","","","","","","","","","","","","","dns10.hichina.com","dns9.hichina.com","","","OK","","",""
"27","jaschavink.com","2020-05-07 20:48:52","2020-05-01","2020-05-06","2021-05-01","420","HiChina Zhicheng Technology Limited","grs-whois.hichina.com","http://www.net.cn","","","","","an hui","","China","","","","","","","","","","","","","","","","","","","","","","","","","","","","","","","","","","dns17.hichina.com","dns18.hichina.com","","","OK","","",""
"28","jenfinz.biz","2020-05-07 16:34:22","2020-05-01","2020-05-06","2021-05-01","49","GMO Internet Inc.","whois.discount-domain.com","http://www.onamae.com","Create,LLC","Create,LLC","","","Chiba","","Japan","","","","","","","","","","","","","","","","","","","","","","","","","","","","","","","","","","ns1.pom-g01.net","ns2.pom-g01.net","","","OK","","",""
"29","kechuang.info","2020-05-07 23:25:15","2020-05-01","2020-05-06","2023-05-01","1697","DNSPod, Inc.","whois.dnspod.com","http:// www.dnspod.cn","??????????????","??????????????","","","shang hai shi","","China","","","","","","","","","","","","","","","","","","","","","","","","","","","","","","","","","","f1g1ns1.dnspod.net","f1g1ns2.dnspod.net","","","serverTransferProhibited","","",""
"30","knucklesheaven.com","2020-05-07 20:48:52","2020-05-01","2020-05-06","2021-05-01","420","HiChina Zhicheng Technology Limited","grs-whois.hichina.com","http://www.net.cn","","","","","an hui","","China","","","","","","","","","","","","","","","","","","","","","","","","","","","","","","","","","","dns10.hichina.com","dns9.hichina.com","","","OK","","",""
"31","koji3643.biz","2020-05-07 16:44:13","2020-05-01","2020-05-06","2021-05-01","49","GMO Internet Inc.","whois.discount-domain.com","http://www.onamae.com","Whois Privacy Protection Service by onamae.com","Whois Privacy Protection Service by onamae.com","","","Tokyo","","Japan","","","","","","","","","","","","","","","","","","","","","","","","","","","","","","","","","","dns1.onamae.com","dns2.onamae.com","","","OK","","",""
"32","kunteng.ltd","2020-05-07 05:55:05","2020-05-01","2020-05-06","2021-05-01","1599","Alibaba Cloud Computing Ltd. d/b/a HiChina (www.net.cn)","http://whois.hichina.com/","http://www.net.cn","REDACTED FOR PRIVACY","Su Zhou Kun Teng Xin Xi Ji Shu You Xian Gong Si","REDACTED FOR PRIVACY","REDACTED FOR PRIVACY","Jiang Su","REDACTED FOR PRIVACY","China","","REDACTED FOR PRIVACY","REDACTED FOR PRIVACY","","","","","","","","","","","","","","","","","","","","","","","","","","","","","","","","","","","OK","","",""
"33","lagunavolleyball.com","2020-05-07 20:48:52","2020-05-01","2020-05-06","2021-05-01","420","HiChina Zhicheng Technology Limited","grs-whois.hichina.com","http://www.net.cn","","","","","an hui","","China","","","","","","","","","","","","","","","","","","","","","","","","","","","","","","","","","","dns19.hichina.com","dns20.hichina.com","","","OK","","",""
"34","letitunravel.com","2020-05-07 20:48:52","2020-05-01","2020-05-06","2021-05-01","420","HiChina Zhicheng Technology Limited","grs-whois.hichina.com","http://www.net.cn","","","","","an hui","","China","","","","","","","","","","","","","","","","","","","","","","","","","","","","","","","","","","dns31.hichina.com","dns32.hichina.com","","","OK","","",""
"35","lgagencywine.com","2020-05-03 20:08:27","2020-05-01","2020-05-01","2021-05-01","69","Tucows Domains Inc.","whois.tucows.com","http://domainhelp.opensrs.net","REDACTED FOR PRIVACY","REDACTED FOR PRIVACY","REDACTED FOR PRIVACY","REDACTED FOR PRIVACY","BA","REDACTED FOR PRIVACY","Italy","","REDACTED FOR PRIVACY","REDACTED FOR PRIVACY","REDACTED FOR PRIVACY","REDACTED FOR PRIVACY","REDACTED FOR PRIVACY","REDACTED FOR PRIVACY","REDACTED FOR PRIVACY","REDACTED FOR PRIVACY","REDACTED FOR PRIVACY","","REDACTED FOR PRIVACY","REDACTED FOR PRIVACY","REDACTED FOR PRIVACY","REDACTED FOR PRIVACY","REDACTED FOR PRIVACY","REDACTED FOR PRIVACY","REDACTED FOR PRIVACY","REDACTED FOR PRIVACY","REDACTED FOR PRIVACY","","REDACTED FOR PRIVACY","REDACTED FOR PRIVACY","","","","","","","","","","","dns.technorail.com","dns2.technorail.com","dns3.arubadns.net","dns4.arubadns.cz","clientTransferProhibited","clientUpdateProhibited","",""
"36","luminary.world","2020-05-07 02:28:20","2020-05-01","2020-05-06","2021-05-01","1366","Xiamen ChinaSource Internet Service Co., Ltd.","whois.cnolnic.com","http://www.zzy.cn","REDACTED FOR PRIVACY","Caofeng","REDACTED FOR PRIVACY","REDACTED FOR PRIVACY","Others","REDACTED FOR PRIVACY","China","","REDACTED FOR PRIVACY","REDACTED FOR PRIVACY","","","","","","","","","","","","","","","","","","","","","","","","","","","","","","","","","","","clientTransferProhibited","","",""
"37","maiavagogouli.com","2020-05-07 20:48:53","2020-05-01","2020-05-06","2021-05-01","420","HiChina Zhicheng Technology Limited","grs-whois.hichina.com","http://www.net.cn","","","","","an hui","","China","","","","","","","","","","","","","","","","","","","","","","","","","","","","","","","","","","dns7.hichina.com","dns8.hichina.com","","","OK","","",""
"38","millerdaviscompany.com","2020-05-07 20:48:55","2020-05-01","2020-05-06","2021-05-01","420","HiChina Zhicheng Technology Limited","grs-whois.hichina.com","http://www.net.cn","","","","","an hui","","China","","","","","","","","","","","","","","","","","","","","","","","","","","","","","","","","","","dns21.hichina.com","dns22.hichina.com","","","OK","","",""
"39","motoblog.biz","2020-05-07 17:08:17","2020-05-01","2020-05-06","2023-05-01","49","GMO Internet Inc.","whois.discount-domain.com","http://www.onamae.com","Whois Privacy Protection Service by onamae.com","Whois Privacy Protection Service by onamae.com","","","Tokyo","","Japan","","","","","","","","","","","","","","","","","","","","","","","","","","","","","","","","","","ns1.xserver.jp","ns2.xserver.jp","ns3.xserver.jp","ns4.xserver.jp","OK","","",""
"40","nonnya.biz","2020-05-07 13:24:31","2020-05-01","2020-05-06","2021-05-01","895","Google, Inc.","whois.rrpproxy.net","http://www.google.com","Contact Privacy Inc. Customer 1247103952","Contact Privacy Inc. Customer 1247103952","","","ON","","Canada","","","","","","","","","","","","","","","","","","","","","","","","","","","","","","","","","","ns-cloud-a1.googledomains.com","ns-cloud-a2.googledomains.com","ns-cloud-a3.googledomains.com","ns-cloud-a4.googledomains.com","clientTransferProhibited","","",""
"41","notebooka.biz","2020-05-07 13:24:20","2020-05-01","2020-05-06","2022-05-01","1154","FastDomain Inc.","whois.fastdomain.com","http://www.fastdomain.com","GDPR Masked","GDPR Masked","","","","","United Kingdom","","","","","","","","","","","","","","","","","","","","","","","","","","","","","","","","","","ns1.bluehost.com","ns2.bluehost.com","","","clientTransferProhibited","","",""
"42","nuevonorte.madrid","2020-05-07 05:54:53","2020-05-01","","2021-05-04","1383","Soluciones Corporativas IP, SLU","whois.scip.es","http://www.dondominio.com","MAG Digital Agency","MAG Digital Agency","","","Madrid","","Spain","","","","","","","","","","","","","","","","","","","","","","","","","","","","","","","","","","ns1.wotrix.com","ns2.wotrix.com","","","addPeriod","serverTransferProhibited","",""
"43","nuvoo.biz","2020-05-07 13:06:55","2020-05-01","2020-05-06","2021-05-01","146","GoDaddy.com, LLC","whois.godaddy.com","http://registrar.godaddy.com","rmb","rmb","","","CA","","India","","","","","","","","","","","","","","","","","","","","","","","","","","","","","","","","","","ns75.domaincontrol.com","ns76.domaincontrol.com","","","clientDeleteProhibited","clientRenewProhibited","clientTransferProhibited","clientUpdateProhibited"
"44","nwgksg.biz","2020-05-07 13:06:08","2020-05-01","2020-05-06","2021-05-01","49","GMO Internet Inc.","whois.discount-domain.com","http://www.onamae.com","Create,LLC","Create,LLC","","","Chiba","","Japan","","","","","","","","","","","","","","","","","","","","","","","","","","","","","","","","","","ns124-02.ace02-gm.net","ns124.ace02-gm.net","","","OK","","",""
"45","nwyrptd.biz","2020-05-07 13:08:08","2020-05-01","2020-05-06","2021-05-01","49","GMO Internet Inc.","whois.discount-domain.com","http://www.onamae.com","Create,LLC","Create,LLC","","","Chiba","","Japan","","","","","","","","","","","","","","","","","","","","","","","","","","","","","","","","","","ns1.pom-g01.net","ns2.pom-g01.net","","","OK","","",""
"46","offvocalist.com","2020-05-07 19:19:58","2020-05-01","2020-05-06","2021-05-01","49","GMO Internet Inc.","whois.discount-domain.com","http://www.onamae.com","Whois Privacy Protection Service by onamae.com","Whois Privacy Protection Service by onamae.com","26-1 Sakuragaoka-cho Cerulean Tower 11F","Shibuya-ku","Tokyo","150-8512","Japan","proxy@whoisprotectservice.com","+81.354562560","","Whois Privacy Protection Service by onamae.com","Whois Privacy Protection Service by onamae.com","26-1 Sakuragaoka-cho Cerulean Tower 11F","Shibuya-ku","Tokyo","150-8512","Japan","proxy@whoisprotectservice.com","+81.354562560","","Whois Privacy Protection Service by onamae.com","Whois Privacy Protection Service by onamae.com","26-1 Sakuragaoka-cho Cerulean Tower 11F","Shibuya-ku","Tokyo","150-8512","Japan","proxy@whoisprotectservice.com","+81.354562560","","","","","","","","","","","","01.dnsv.jp","02.dnsv.jp","03.dnsv.jp","04.dnsv.jp","OK","","",""
"47","organicnaturals.biz","2020-05-07 12:42:46","2020-05-01","2020-05-06","2021-05-01","895","Google, Inc.","whois.rrpproxy.net","http://www.google.com","Contact Privacy Inc. Customer 1247097616","Contact Privacy Inc. Customer 1247097616","","","ON","","Canada","","","","","","","","","","","","","","","","","","","","","","","","","","","","","","","","","","ns8025.hostgator.com","ns8026.hostgator.com","","","clientTransferProhibited","","",""
"48","pajamas.info","2020-05-07 06:08:40","2020-05-01","2020-05-05","2021-05-01","1637","Dynadot0 LLC","whois.worldsite.ws","","","","","","Harjumaa","","Estonia","","","","","","","","","","","","","","","","","","","","","","","","","","","","","","","","","","ns1.dynadot.com","ns2.dynadot.com","","","serverTransferProhibited","","",""
"49","permaculture-urbaine.biz","2020-05-07 12:02:44","2020-05-01","2020-05-06","2021-05-01","433","OVH sas","whois.ovh.com","http://www.ovh.com","","","","","","","France","","","","","","","","","","","","","","","","","","","","","","","","","","","","","","","","","","dns110.ovh.net","ns110.ovh.net","","","clientDeleteProhibited","clientTransferProhibited","",""
"50","pinkleafconsulting.biz","2020-05-07 11:40:35","2020-05-01","2020-05-06","2022-05-01","886","Domain.com, LLC","whois.domain.com","http://www.domain.com","Domain Privacy Service FBO Registrant.","Domain Privacy Service FBO Registrant.","","","MA","","United States","","","","","","","","","","","","","","","","","","","","","","","","","","","","","","","","","","ns1.domain.com","ns2.domain.com","","","OK","","",""
"51","pinkpivot.biz","2020-05-07 11:40:18","2020-05-01","2020-05-06","2021-05-01","2","Network Solutions, LLC","whois.networksolutions.com","http://networksolutions.com","","","","","FL","","United States","","","","","","","","","","","","","","","","","","","","","","","","","","","","","","","","","","ns33.worldnic.com","ns34.worldnic.com","","","clientTransferProhibited","","",""
"52","pmpravo.com","2020-05-07 20:48:54","2020-05-01","2020-05-06","2021-05-01","420","HiChina Zhicheng Technology Limited","grs-whois.hichina.com","http://www.net.cn","","","","","an hui","","China","","","","","","","","","","","","","","","","","","","","","","","","","","","","","","","","","","dns21.hichina.com","dns22.hichina.com","","","OK","","",""
"53","ppedistribution.biz","2020-05-07 11:18:50","2020-05-01","2020-05-06","2021-05-01","1390","Mesh Digital Limited","whois.meshdigital.com","http://www.meshdigital.com","","","","","","","United Kingdom","","","","","","","","","","","","","","","","","","","","","","","","","","","","","","","","","","ns.123-reg.co.uk","ns2.123-reg.co.uk","","","clientDeleteProhibited","clientTransferProhibited","clientUpdateProhibited",""
"54","promobiledj.biz","2020-05-07 10:58:14","2020-05-01","2020-05-06","2021-05-01","146","GoDaddy.com, LLC","whois.godaddy.com","http://registrar.godaddy.com","Domains By Proxy, LLC","Domains By Proxy, LLC","","","Arizona","","United States","","","","","","","","","","","","","","","","","","","","","","","","","","","","","","","","","","ns43.domaincontrol.com","ns44.domaincontrol.com","","","clientDeleteProhibited","clientRenewProhibited","clientTransferProhibited","clientUpdateProhibited"
"55","qp87.biz","2020-05-07 10:44:09","2020-05-01","2020-05-06","2021-05-01","1479","Namesilo, LLC","whois.namesilo.com","http://www.namesilo.com","See PrivacyGuardian.org","See PrivacyGuardian.org","","","AZ","","United States","","","","","","","","","","","","","","","","","","","","","","","","","","","","","","","","","","pns31.cloudns.net","pns32.cloudns.net","pns33.cloudns.net","pns34.cloudns.net","clientTransferProhibited","","",""
"56","qqaav.com","2020-05-07 20:48:54","2020-05-01","2020-05-06","2021-05-01","420","HiChina Zhicheng Technology Limited","grs-whois.hichina.com","http://www.net.cn","","","","","guang dong","","China","","","","","","","","","","","","","","","","","","","","","","","","","","","","","","","","","","dns21.hichina.com","dns22.hichina.com","","","OK","","",""
"57","realtorleadsnow.com","2020-05-07 19:20:27","2020-05-01","2020-05-06","2021-05-01","2487","Internet Domain Services BS Corp","whois.publicinterestregistry.net","http://www.internetbs.net","Domain Admin","Whois Privacy Corp.","Ocean Centre, Montagu Foreshore, East Bay Street","Nassau","New Providence","","Bahamas","realtorleadsnow.com-owner-r0us@customers.whoisprivacycorp.com","+1.5163872248","","Domain Admin","Whois Privacy Corp.","Ocean Centre, Montagu Foreshore, East Bay Street","Nassau","New Providence","","Bahamas","realtorleadsnow.com-admin-odrb@customers.whoisprivacycorp.com","+1.5163872248","","Domain Admin","Whois Privacy Corp.","Ocean Centre, Montagu Foreshore, East Bay Street","Nassau","New Providence","","Bahamas","realtorleadsnow.com-tech-s9pf@customers.whoisprivacycorp.com","+1.5163872248","","","","","","","","","","","","ns-canada.topdns.com","ns-uk.topdns.com","ns-usa.topdns.com","","clientTransferProhibited","ok","",""
"58","rebuttablepresumptions.biz","2020-05-07 10:22:08","2020-05-01","2020-05-06","2021-05-01","146","GoDaddy.com, LLC","whois.godaddy.com","http://registrar.godaddy.com","Domains By Proxy, LLC","Domains By Proxy, LLC","","","Arizona","","United States","","","","","","","","","","","","","","","","","","","","","","","","","","","","","","","","","","ns19.domaincontrol.com","ns20.domaincontrol.com","","","clientDeleteProhibited","clientRenewProhibited","clientTransferProhibited","clientUpdateProhibited"
"59","rrmgfy.biz","2020-05-07 09:40:14","2020-05-01","2020-05-06","2021-05-01","49","GMO Internet Inc.","whois.discount-domain.com","http://www.onamae.com","Create,LLC","Create,LLC","","","Chiba","","Japan","","","","","","","","","","","","","","","","","","","","","","","","","","","","","","","","","","ns124-02.ace02-gm.net","ns124.ace02-gm.net","","","OK","","",""
"60","rsgworld.biz","2020-05-07 09:40:12","2020-05-01","2020-05-06","2021-05-01","303","PDR Ltd. d/b/a PublicDomainRegistry.com","whois.publicdomainregistry.com","http://www.publicdomainregistry.com","Privacy Protect, LLC (PrivacyProtect.org)","Privacy Protect, LLC (PrivacyProtect.org)","","","MA","","United States","","","","","","","","","","","","","","","","","","","","","","","","","","","","","","","","","","ns1.senzense.com","ns2.senzense.com","","","clientTransferProhibited","","",""
"61","samdamar.biz","2020-05-07 09:15:43","2020-05-01","2020-05-06","2021-05-01","2","Network Solutions, LLC","whois.networksolutions.com","http://networksolutions.com","","","","","FL","","United States","","","","","","","","","","","","","","","","","","","","","","","","","","","","","","","","","","ns77.worldnic.com","ns78.worldnic.com","","","clientTransferProhibited","","",""
"62","sanxinzhineng.com","2020-05-07 21:15:19","2020-05-01","2020-05-06","2021-05-01","471","Bizcn.com, Inc.","whois.bizcn.com","http://www.bizcn.com","","","","","Hebei","","China","","","","","","","","","","","","","","","","","","","","","","","","","","","","","","","","","","ns7.cnmsn.net","ns8.cnmsn.net","","","clientDeleteProhibited","clientTransferProhibited","",""
"63","savadkouh.com","2020-05-07 20:48:54","2020-05-01","2020-05-06","2021-05-01","420","HiChina Zhicheng Technology Limited","grs-whois.hichina.com","http://www.net.cn","","","","","an hui","","China","","","","","","","","","","","","","","","","","","","","","","","","","","","","","","","","","","dns27.hichina.com","dns28.hichina.com","","","OK","","",""
"64","secon.biz","2020-05-07 17:58:17","2020-05-01","2020-05-06","2021-05-01","146","GoDaddy.com, LLC","whois.godaddy.com","http://registrar.godaddy.com","Secon io","Secon io","","","Ammochostos","","Netherlands","","","","","","","","","","","","","","","","","","","","","","","","","","","","","","","","","","ns19.domaincontrol.com","ns20.domaincontrol.com","","","clientDeleteProhibited","clientRenewProhibited","clientTransferProhibited","clientUpdateProhibited"
"65","sellernav.com","2020-05-07 20:48:53","2020-05-01","2020-05-06","2021-05-01","420","HiChina Zhicheng Technology Limited","grs-whois.hichina.com","http://www.net.cn","","","","","an hui","","China","","","","","","","","","","","","","","","","","","","","","","","","","","","","","","","","","","dns27.hichina.com","dns28.hichina.com","","","OK","","",""
"66","shendi.ltd","2020-05-07 05:55:02","2020-05-01","2020-05-06","2021-05-01","1599","Alibaba Cloud Computing Ltd. d/b/a HiChina (www.net.cn)","http://whois.hichina.com/","http://www.net.cn","REDACTED FOR PRIVACY","bei jing shen di guang gao you xian gong si","REDACTED FOR PRIVACY","REDACTED FOR PRIVACY","bei jing","REDACTED FOR PRIVACY","China","","REDACTED FOR PRIVACY","REDACTED FOR PRIVACY","","","","","","","","","","","","","","","","","","","","","","","","","","","","","","","","","","","OK","","",""
"67","shenka.wang","2020-05-07 19:05:53","2020-05-01","2020-05-06","2021-05-01","1556","Chengdu West Dimension Digital Technology Co., Ltd.","whois.west263.com","http://www.west263.com","YaoYong Yi","Yao Yong Yi","Qiao Xi Liu Jiao Xiang 23Hao","Hui Zhou Shi","Guang Dong","516001","China","493385018@qq.com","+86.13138385151","+86.13138385151","Yao Yong Yi","Yao Yong Yi","Qiao Xi Liu Jiao Xiang 23Hao","Hui Zhou Shi","Guang Dong","516001","China","493385018@qq.com","+86.13138385151","+86.13138385151","Yao Yong Yi","Yao Yong Yi","Qiao Xi Liu Jiao Xiang 23Hao","Hui Zhou Shi","Guang Dong","516001","China","493385018@qq.com","+86.13138385151","+86.13138385151","","","","","","","","","","","ns1.myhostadmin.net","ns2.myhostadmin.net","","","OK","","",""
"68","slavura.com","2020-05-07 20:48:53","2020-05-01","2020-05-06","2021-05-01","420","HiChina Zhicheng Technology Limited","grs-whois.hichina.com","http://www.net.cn","","","","","Henan","","China","","","","","","","","","","","","","","","","","","","","","","","","","","","","","","","","","","dns27.hichina.com","dns28.hichina.com","","","OK","","",""
"69","socialdistancingscreen.biz","2020-05-07 18:03:49","2020-05-01","2020-05-06","2021-05-01","955","Launchpad, Inc.","whois.launchpad.com","http://www.launchpad.com","DeepStream Designs Inc.","DeepStream Designs Inc.","","","FL","","United States","","","","","","","","","","","","","","","","","","","","","","","","","","","","","","","","","","ns1.hostgator.com","ns2.hostgator.com","","","clientTransferProhibited","","",""
"70","spesacasa.biz","2020-05-07 08:24:28","2020-05-01","2020-05-06","2021-05-01","69","Tucows Domains Inc.","whois.tucows.com","http://domainhelp.opensrs.net","Data Protected","Data Protected","","","ON","","Canada","","","","","","","","","","","","","","","","","","","","","","","","","","","","","","","","","","dns.technorail.com","dns2.technorail.com","dns3.arubadns.net","dns4.arubadns.cz","clientTransferProhibited","clientUpdateProhibited","",""
"71","sytkwf.biz","2020-05-07 07:56:05","2020-05-01","2020-05-06","2021-05-01","49","GMO Internet Inc.","whois.discount-domain.com","http://www.onamae.com","Create,LLC","Create,LLC","","","Chiba","","Japan","","","","","","","","","","","","","","","","","","","","","","","","","","","","","","","","","","ns124-02.ace02-gm.net","ns124.ace02-gm.net","","","OK","","",""
"72","syzefma.biz","2020-05-07 07:56:04","2020-05-01","2020-05-06","2021-05-01","2","Network Solutions, LLC","whois.networksolutions.com","http://networksolutions.com","","","","","FL","","United States","","","","","","","","","","","","","","","","","","","","","","","","","","","","","","","","","","ns29.worldnic.com","ns30.worldnic.com","","","clientTransferProhibited","","",""
"73","thebusinessturnaroundpodcast.biz","2020-05-07 07:44:04","2020-05-01","2020-05-06","2021-05-01","1390","Mesh Digital Limited","whois.meshdigital.com","http://www.meshdigital.com","","","","","England","","United Kingdom","","","","","","","","","","","","","","","","","","","","","","","","","","","","","","","","","","ns.123-reg.co.uk","ns2.123-reg.co.uk","","","clientDeleteProhibited","clientTransferProhibited","clientUpdateProhibited",""
"74","thelittlethings.kiwi","2020-05-07 21:14:00","2020-05-01","2020-05-06","2021-05-01","1376","Instra Corporation Pty Ltd.","whois.instra.net","http://www.instra.com","REDACTED FOR PRIVACY","Registrant of thelittlethings.kiwi","REDACTED FOR PRIVACY","REDACTED FOR PRIVACY","Auckland District","REDACTED FOR PRIVACY","New Zealand","","REDACTED FOR PRIVACY","REDACTED FOR PRIVACY","REDACTED FOR PRIVACY","REDACTED FOR PRIVACY","REDACTED FOR PRIVACY","REDACTED FOR PRIVACY","REDACTED FOR PRIVACY","REDACTED FOR PRIVACY","REDACTED FOR PRIVACY","","REDACTED FOR PRIVACY","REDACTED FOR PRIVACY","REDACTED FOR PRIVACY","REDACTED FOR PRIVACY","REDACTED FOR PRIVACY","REDACTED FOR PRIVACY","REDACTED FOR PRIVACY","REDACTED FOR PRIVACY","REDACTED FOR PRIVACY","","REDACTED FOR PRIVACY","REDACTED FOR PRIVACY","REDACTED FOR PRIVACY","REDACTED FOR PRIVACY","REDACTED FOR PRIVACY","REDACTED FOR PRIVACY","REDACTED FOR PRIVACY","REDACTED FOR PRIVACY","REDACTED FOR PRIVACY","","REDACTED FOR PRIVACY","REDACTED FOR PRIVACY","ns1.us195.siteground.us","ns2.us195.siteground.us","","","serverTransferProhibited","","",""
"75","travelshop365.com","2020-05-07 20:48:54","2020-05-01","2020-05-06","2021-05-01","420","HiChina Zhicheng Technology Limited","grs-whois.hichina.com","http://www.net.cn","","","","","an hui","","China","","","","","","","","","","","","","","","","","","","","","","","","","","","","","","","","","","dns3.hichina.com","dns4.hichina.com","","","OK","","",""
"76","travestisdebrasilia.com","2020-05-07 20:48:55","2020-05-01","2020-05-06","2021-05-01","420","HiChina Zhicheng Technology Limited","grs-whois.hichina.com","http://www.net.cn","","","","","an hui","","China","","","","","","","","","","","","","","","","","","","","","","","","","","","","","","","","","","dns15.hichina.com","dns16.hichina.com","","","OK","","",""
"77","valleygirllife.com","2020-05-02 21:02:09","2020-05-01","2020-05-01","2021-05-01","1154","FastDomain Inc.","whois.fastdomain.com","http://www.fastdomain.com","DOMAIN PRIVACY SERVICE FBO REGISTRANT","THE ENDURANCE INTERNATIONAL GROUP, INC.","10 CORPORATE DR, STE 300","BURLINGTON","MASSACHUSETTS","01803","United States","whois@bluehost.com","+1.8017659400","","DOMAIN PRIVACY SERVICE FBO REGISTRANT","THE ENDURANCE INTERNATIONAL GROUP, INC.","10 CORPORATE DR, STE 300","BURLINGTON","MASSACHUSETTS","01803","United States","whois@bluehost.com","+1.8017659400","","DOMAIN PRIVACY SERVICE FBO REGISTRANT","THE ENDURANCE INTERNATIONAL GROUP, INC.","10 CORPORATE DR, STE 300","BURLINGTON","MASSACHUSETTS","01803","United States","whois@bluehost.com","+1.8017659400","","","","","","","","","","","","ns1.bluehost.com","ns2.bluehost.com","","","clientTransferProhibited","","",""
"78","wanglema.info","2020-05-07 23:22:22","2020-05-01","2020-05-06","2021-05-01","1697","DNSPod, Inc.","whois.dnspod.com","http:// www.dnspod.cn","???","???","","","Bei Jing","","China","","","","","","","","","","","","","","","","","","","","","","","","","","","","","","","","","","f1g1ns1.dnspod.net","f1g1ns2.dnspod.net","","","serverTransferProhibited","","",""
"79","wuzichina.com","2020-05-07 20:48:54","2020-05-01","2020-05-06","2021-05-01","420","HiChina Zhicheng Technology Limited","grs-whois.hichina.com","http://www.net.cn","","","","","Shanxi","","China","","","","","","","","","","","","","","","","","","","","","","","","","","","","","","","","","","jm1.dns.com","jm2.dns.com","","","OK","","",""
"80","xmz.kim","2020-05-07 06:05:20","2020-05-01","2020-05-06","2021-05-01","1366","Xiamen ChinaSource Internet Service Co., Ltd.","whois.cnolnic.com","http://www.zzy.cn","??","??","","","??","","China","","","","","","","","","","","","","","","","","","","","","","","","","","","","","","","","","","f1g1ns1.dnspod.net","f1g1ns2.dnspod.net","","","clientTransferProhibited","serverTransferProhibited","",""
"81","xyms64.top","2020-05-07 02:50:51","2020-05-01","2020-05-01","2021-05-01","1331","eName Technology Co., Ltd.","whois.ename.com","http://www.ename.net","LinYun Chao","Lin Yun Chao","LianTang Zhen Zhan Qian XiLu 238 Hao","NanChangShi","JiangXi","330000","China","43409066@qq.com","+86.18655290004","","LinYun Chao","Lin Yun Chao","LianTang Zhen Zhan Qian XiLu 238 Hao","NanChangShi","JiangXi","330000","China","43409066@qq.com","+86.18655290004","","LinYun Chao","Lin Yun Chao","LianTang Zhen Zhan Qian XiLu 238 Hao","NanChangShi","JiangXi","330000","China","43409066@qq.com","+86.18655290004","","","","","","","","","","","","ns3.dns.com","ns4.dns.com","","","clientDeleteProhibited","clientTransferProhibited","",""
"82","xyms89.top","2020-05-07 02:43:35","2020-05-01","2020-05-01","2021-05-01","1331","eName Technology Co., Ltd.","whois.ename.com","http://www.ename.net","LinYun Chao","Lin Yun Chao","LianTang Zhen Zhan Qian XiLu 238 Hao","NanChangShi","JiangXi","330000","China","43409066@qq.com","+86.18655290004","","LinYun Chao","Lin Yun Chao","LianTang Zhen Zhan Qian XiLu 238 Hao","NanChangShi","JiangXi","330000","China","43409066@qq.com","+86.18655290004","","LinYun Chao","Lin Yun Chao","LianTang Zhen Zhan Qian XiLu 238 Hao","NanChangShi","JiangXi","330000","China","43409066@qq.com","+86.18655290004","","","","","","","","","","","","ns3.dns.com","ns4.dns.com","","","clientDeleteProhibited","clientTransferProhibited","",""
"83","yamaimo.biz","2020-05-07 06:44:13","2020-05-01","2020-05-06","2022-05-01","49","GMO Internet Inc.","whois.discount-domain.com","http://www.onamae.com","Whois Privacy Protection Service by VALUE-DOMAIN","Whois Privacy Protection Service by VALUE-DOMAIN","","","Osaka","","Japan","","","","","","","","","","","","","","","","","","","","","","","","","","","","","","","","","","ns1.cbsv.jp","ns2.cbsv.jp","","","OK","","",""
"84","yavuzimsel.com","2020-05-07 20:48:53","2020-05-01","2020-05-06","2021-05-01","420","HiChina Zhicheng Technology Limited","grs-whois.hichina.com","http://www.net.cn","","","","","an hui","","China","","","","","","","","","","","","","","","","","","","","","","","","","","","","","","","","","","dns31.hichina.com","dns32.hichina.com","","","OK","","",""
"85","yibao-china.com","2020-05-07 20:48:55","2020-05-01","2020-05-01","2021-05-01","420","HiChina Zhicheng Technology Limited","grs-whois.hichina.com","http://www.net.cn","","","","","an hui","","China","","","","","","","","","","","","","","","","","","","","","","","","","","","","","","","","","","dns21.hichina.com","dns22.hichina.com","","","serverhold","","",""
"86","zacherydavid.com","2020-05-07 20:48:54","2020-05-01","2020-05-06","2021-05-01","420","HiChina Zhicheng Technology Limited","grs-whois.hichina.com","http://www.net.cn","","","","","an hui","","China","","","","","","","","","","","","","","","","","","","","","","","","","","","","","","","","","","dns15.hichina.com","dns16.hichina.com","","","OK","","",""
"87","zg-edm.com","2020-05-07 21:02:50","2020-05-01","2020-05-01","2021-05-01","120","Xin Net Technology Corporation","whois.paycenter.com.cn","http://www.xinnet.com","REDACTED FOR PRIVACY","REDACTED FOR PRIVACY","REDACTED FOR PRIVACY","REDACTED FOR PRIVACY","REDACTED FOR PRIVACY","REDACTED FOR PRIVACY","REDACTED FOR PRIVACY","","REDACTED FOR PRIVACY","REDACTED FOR PRIVACY","REDACTED FOR PRIVACY","REDACTED FOR PRIVACY","REDACTED FOR PRIVACY","REDACTED FOR PRIVACY","REDACTED FOR PRIVACY","REDACTED FOR PRIVACY","REDACTED FOR PRIVACY","","REDACTED FOR PRIVACY","REDACTED FOR PRIVACY","REDACTED FOR PRIVACY","REDACTED FOR PRIVACY","REDACTED FOR PRIVACY","REDACTED FOR PRIVACY","REDACTED FOR PRIVACY","","REDACTED FOR PRIVACY","","REDACTED FOR PRIVACY","REDACTED FOR PRIVACY","","","","","","","","","","","ns11.xincache.com","ns12.xincache.com","","","","","",""
"88","zhighenterprises.biz","2020-05-07 23:42:27","2020-05-01","2020-05-06","2021-05-01","1068","NameCheap, Inc.","whois.namecheap.com","http://www.namecheap.com","WhoisGuard, Inc.","WhoisGuard, Inc.","","","Panama","","Panama","","","","","","","","","","","","","","","","","","","","","","","","","","","","","","","","","","dns1.registrar-servers.com","dns2.registrar-servers.com","","","clientTransferProhibited","","",""