"num","domain_name","query_time","create_date","update_date","expiry_date","domain_registrar_id","domain_registrar_name","domain_registrar_whois","domain_registrar_url","registrant_name","registrant_company","registrant_address","registrant_city","registrant_state","registrant_zip","registrant_country","registrant_email","registrant_phone","registrant_fax","administrative_name","administrative_company","administrative_address","administrative_city","administrative_state","administrative_zip","administrative_country","administrative_email","administrative_phone","administrative_fax","technical_name","technical_company","technical_address","technical_city","technical_state","technical_zip","technical_country","technical_email","technical_phone","technical_fax","billing_name","billing_company","billing_address","billing_city","billing_state","billing_zip","billing_country","billing_email","billing_phone","billing_fax","name_server_1","name_server_2","name_server_3","name_server_4","domain_status_1","domain_status_2","domain_status_3","domain_status_4"
"1","bykovk.pro","2020-05-12 18:25:56","2020-05-10","2020-05-10","2021-05-10","1011","101domain, Inc.","whois.101domain.com","http://www.101domain.com","","","","","","","Russian Federation","","","","","","","","","","","","","","","","","","","","","","","","","","","","","","","","","","ns1.101domain.com","ns2.101domain.com","","","addPeriod","clientTransferProhibited","serverTransferProhibited",""
"2","covidresponse.biz","2020-05-12 15:44:51","2020-05-08","2020-05-08","2021-05-08","1011","101domain, Inc.","whois.101domain.com","http://www.101domain.com","Digital Privacy Corporation","Digital Privacy Corporation","","","CA","","United States","","","","","","","","","","","","","","","","","","","","","","","","","","","","","","","","","","ns1.101domain.com","ns2.101domain.com","","","addPeriod","clientTransferProhibited","",""
"3","fuckbook.pro","2020-05-12 22:47:39","2020-05-11","2020-05-11","2021-05-11","1011","101domain, Inc.","whois.101domain.com","http://www.101domain.com","Digital Privacy Corporation","Digital Privacy Corporation","","","CA","","United States","","","","","","","","","","","","","","","","","","","","","","","","","","","","","","","","","","ns1.101domain.com","ns2.101domain.com","","","addPeriod","clientTransferProhibited","serverTransferProhibited",""
"4","prosale.pro","2020-05-12 18:55:59","2020-05-10","2020-05-10","2021-05-10","1011","101domain, Inc.","whois.101domain.com","http://www.101domain.com","","","","","NJ","","United States","","","","","","","","","","","","","","","","","","","","","","","","","","","","","","","","","","ns1.101domain.com","ns2.101domain.com","","","addPeriod","clientTransferProhibited","serverTransferProhibited",""
"5","serologytestsites.net","2020-05-12 21:49:58","2020-05-10","2020-05-10","2021-05-10","1011","101domain, Inc.","whois.101domain.com","http://www.101domain.com","Private Registrant","Digital Privacy Corporation","3220 Executive Ridge Drive, Suite 101. C/O SEROLOGYTESTSITES.NET","Vista","CA","92081","United States","256989.riejjsr1wph5@digitalprivacy.co","+1.7604482392","","Private Registrant","Digital Privacy Corporation","3220 Executive Ridge Drive, Suite 101. C/O SEROLOGYTESTSITES.NET","Vista","CA","92081","United States","256989.riejjsr1wph5@digitalprivacy.co","+1.7604482392","","Private Registrant","Digital Privacy Corporation","3220 Executive Ridge Drive, Suite 101. C/O SEROLOGYTESTSITES.NET","Vista","CA","92081","United States","256989.riejjsr1wph5@digitalprivacy.co","+1.7604482392","","","","","","","","","","","","ns1.101domain.com","ns2.101domain.com","","","clientTransferProhibited","","",""