"num","domain_name","query_time","create_date","update_date","expiry_date","domain_registrar_id","domain_registrar_name","domain_registrar_whois","domain_registrar_url","registrant_name","registrant_company","registrant_address","registrant_city","registrant_state","registrant_zip","registrant_country","registrant_email","registrant_phone","registrant_fax","administrative_name","administrative_company","administrative_address","administrative_city","administrative_state","administrative_zip","administrative_country","administrative_email","administrative_phone","administrative_fax","technical_name","technical_company","technical_address","technical_city","technical_state","technical_zip","technical_country","technical_email","technical_phone","technical_fax","billing_name","billing_company","billing_address","billing_city","billing_state","billing_zip","billing_country","billing_email","billing_phone","billing_fax","name_server_1","name_server_2","name_server_3","name_server_4","domain_status_1","domain_status_2","domain_status_3","domain_status_4"
"1","espacioseguro.info","2020-05-12 04:40:52","2020-05-08","","2021-05-08","140","Acens Technologies, S.L.U.","whois.ascio.com","http://www.ascio.com","Grupo Ozono","Grupo Ozono","","","MADRID","","Spain","","","","","","","","","","","","","","","","","","","","","","","","","","","","","","","","","","ns10.servicio-online.net","ns11.servicio-online.net","ns12.servicio-online.net","","addPeriod","serverTransferProhibited","",""
"2","estefaniasanchez.net","2020-05-12 21:48:09","2020-05-09","2020-05-09","2021-05-09","140","Acens Technologies, S.L.U.","whois.ascio.com","http://www.ascio.com","OHANA BEAUTY ROOM S.L.","OHANA BEAUTY ROOM S.L.","","","ZARAGOZA","","Spain","","","","","","","","","","","","","","","","","","","","","","","","","","","","","","","","","","ns10.servicio-online.net","ns11.servicio-online.net","ns12.servicio-online.net","","OK","","",""
"3","frutascalvo.net","2020-05-12 21:47:42","2020-05-09","2020-05-09","2021-05-09","140","Acens Technologies, S.L.U.","whois.ascio.com","http://www.ascio.com","itzidata slu","itzidata slu","","","HUESCA","","Spain","","","","","","","","","","","","","","","","","","","","","","","","","","","","","","","","","","ns10.servicio-online.net","ns11.servicio-online.net","ns12.servicio-online.net","","OK","","",""
"4","neumaticosvalencia.info","2020-05-12 20:59:12","2020-05-08","","2021-05-08","140","Acens Technologies, S.L.U.","whois.ascio.com","http://www.ascio.com","CESAR ESCRICHE","CESAR ESCRICHE","","","VALENCIA","","Spain","","","","","","","","","","","","","","","","","","","","","","","","","","","","","","","","","","ns3.dns-servicios.es","ns4.dns-servicios.es","","","addPeriod","serverTransferProhibited","",""
"5","palatedeorum.info","2020-05-12 21:06:04","2020-05-11","","2021-05-11","140","Acens Technologies, S.L.U.","whois.ascio.com","http://www.ascio.com","jaime reverte brotons","jaime reverte brotons","","","ALICANTE","","Spain","","","","","","","","","","","","","","","","","","","","","","","","","","","","","","","","","","ns10.servicio-online.net","ns11.servicio-online.net","ns12.servicio-online.net","","addPeriod","serverTransferProhibited","",""
"6","pozuelosalud.net","2020-05-12 21:50:42","2020-05-10","2020-05-10","2021-05-10","140","Acens Technologies, S.L.U.","whois.ascio.com","http://www.ascio.com","CarlosQ","CarlosQ","","","MADRID","","Spain","","","","","","","","","","","","","","","","","","","","","","","","","","","","","","","","","","ns10.servicio-online.net","ns11.servicio-online.net","ns12.servicio-online.net","","OK","","",""
"7","rules-shop.info","2020-05-12 21:04:04","2020-05-08","","2021-05-08","140","Acens Technologies, S.L.U.","whois.ascio.com","http://www.ascio.com","SNOW INK SIERRA NEVADA SL","SNOW INK SIERRA NEVADA SL","","","Granada","","Spain","","","","","","","","","","","","","","","","","","","","","","","","","","","","","","","","","","ns10.servicio-online.net","ns11.servicio-online.net","ns12.servicio-online.net","","addPeriod","serverTransferProhibited","",""
"8","saludpozuelo.net","2020-05-12 21:50:09","2020-05-11","2020-05-11","2021-05-11","140","Acens Technologies, S.L.U.","whois.ascio.com","http://www.ascio.com","CarlosQ","CarlosQ","","","MADRID","","Spain","","","","","","","","","","","","","","","","","","","","","","","","","","","","","","","","","","ns10.servicio-online.net","ns11.servicio-online.net","ns12.servicio-online.net","","OK","","",""
"9","theronde.info","2020-05-12 21:03:04","2020-05-10","","2021-05-10","140","Acens Technologies, S.L.U.","whois.ascio.com","http://www.ascio.com","EMILI JAEN GONZALEZ","EMILI JAEN GONZALEZ","","","BARCELONA","","Spain","","","","","","","","","","","","","","","","","","","","","","","","","","","","","","","","","","ns10.servicio-online.net","ns11.servicio-online.net","ns12.servicio-online.net","","addPeriod","serverTransferProhibited","",""
"10","vincles.info","2020-05-12 12:53:48","2020-05-08","","2021-05-08","140","Acens Technologies, S.L.U.","whois.ascio.com","http://www.ascio.com","Martin Miralles Asensio","Martin Miralles Asensio","","","BARCELONA","","Spain","","","","","","","","","","","","","","","","","","","","","","","","","","","","","","","","","","ns10.servicio-online.net","ns11.servicio-online.net","ns12.servicio-online.net","","addPeriod","serverTransferProhibited","",""