"num","domain_name","query_time","create_date","update_date","expiry_date","domain_registrar_id","domain_registrar_name","domain_registrar_whois","domain_registrar_url","registrant_name","registrant_company","registrant_address","registrant_city","registrant_state","registrant_zip","registrant_country","registrant_email","registrant_phone","registrant_fax","administrative_name","administrative_company","administrative_address","administrative_city","administrative_state","administrative_zip","administrative_country","administrative_email","administrative_phone","administrative_fax","technical_name","technical_company","technical_address","technical_city","technical_state","technical_zip","technical_country","technical_email","technical_phone","technical_fax","billing_name","billing_company","billing_address","billing_city","billing_state","billing_zip","billing_country","billing_email","billing_phone","billing_fax","name_server_1","name_server_2","name_server_3","name_server_4","domain_status_1","domain_status_2","domain_status_3","domain_status_4"
"1","995.kim","2020-05-12 13:57:58","2020-05-09","2020-05-09","2021-05-09","1599","Alibaba Cloud Computing Ltd. d/b/a HiChina (www.net.cn)","http://whois.hichina.com/","http://www.net.cn","???","???","","","??","","China","","","","","","","","","","","","","","","","","","","","","","","","","","","","","","","","","","dns27.hichina.com","dns28.hichina.com","","","addPeriod","serverTransferProhibited","",""
"2","aixiaba.ltd","2020-05-12 21:16:55","2020-05-10","2020-05-10","2021-05-10","1599","Alibaba Cloud Computing Ltd. d/b/a HiChina (www.net.cn)","http://whois.hichina.com/","http://www.net.cn","REDACTED FOR PRIVACY","Hu Yue Zheng","REDACTED FOR PRIVACY","REDACTED FOR PRIVACY","jiangsu","REDACTED FOR PRIVACY","China","","REDACTED FOR PRIVACY","REDACTED FOR PRIVACY","","","","","","","","","","","","","","","","","","","","","","","","","","","","","","","","","","","addPeriod","","",""
"3","akihabara.ltd","2020-05-12 21:17:01","2020-05-09","2020-05-09","2030-05-09","1599","Alibaba Cloud Computing Ltd. d/b/a HiChina (www.net.cn)","http://whois.hichina.com/","http://www.net.cn","REDACTED FOR PRIVACY","Yun Nan Shang Sheng Ke Ji You Xian Gong Si","REDACTED FOR PRIVACY","REDACTED FOR PRIVACY","Yun Nan","REDACTED FOR PRIVACY","China","","REDACTED FOR PRIVACY","REDACTED FOR PRIVACY","","","","","","","","","","","","","","","","","","","","","","","","","","","","","","","","","","","addPeriod","","",""
"4","alvin.kim","2020-05-12 21:01:58","2020-05-09","2020-05-09","2021-05-09","1599","Alibaba Cloud Computing Ltd. d/b/a HiChina (www.net.cn)","http://whois.hichina.com/","http://www.net.cn","???","???","","","??","","China","","","","","","","","","","","","","","","","","","","","","","","","","","","","","","","","","","dns15.hichina.com","dns16.hichina.com","","","addPeriod","clientTransferProhibited","serverTransferProhibited",""
"5","amplifier.ltd","2020-05-12 21:16:55","2020-05-10","2020-05-10","2021-05-10","1599","Alibaba Cloud Computing Ltd. d/b/a HiChina (www.net.cn)","http://whois.hichina.com/","http://www.net.cn","REDACTED FOR PRIVACY","Dongguan Songele Electronics Co.,Ltd","REDACTED FOR PRIVACY","REDACTED FOR PRIVACY","Guangdong","REDACTED FOR PRIVACY","China","","REDACTED FOR PRIVACY","REDACTED FOR PRIVACY","","","","","","","","","","","","","","","","","","","","","","","","","","","","","","","","","","","addPeriod","","",""
"6","anhio.ltd","2020-05-12 21:16:55","2020-05-09","2020-05-09","2021-05-09","1599","Alibaba Cloud Computing Ltd. d/b/a HiChina (www.net.cn)","http://whois.hichina.com/","http://www.net.cn","REDACTED FOR PRIVACY","liu xue zhu","REDACTED FOR PRIVACY","REDACTED FOR PRIVACY","guang dong","REDACTED FOR PRIVACY","China","","REDACTED FOR PRIVACY","REDACTED FOR PRIVACY","","","","","","","","","","","","","","","","","","","","","","","","","","","","","","","","","","","addPeriod","","",""
"7","aotong.ltd","2020-05-12 21:16:56","2020-05-10","2020-05-10","2023-05-10","1599","Alibaba Cloud Computing Ltd. d/b/a HiChina (www.net.cn)","http://whois.hichina.com/","http://www.net.cn","REDACTED FOR PRIVACY","newworldmcse","REDACTED FOR PRIVACY","REDACTED FOR PRIVACY","Beijing","REDACTED FOR PRIVACY","China","","REDACTED FOR PRIVACY","REDACTED FOR PRIVACY","","","","","","","","","","","","","","","","","","","","","","","","","","","","","","","","","","","addPeriod","","",""
"8","arterest.ltd","2020-05-12 21:16:54","2020-05-10","2020-05-10","2021-05-10","1599","Alibaba Cloud Computing Ltd. d/b/a HiChina (www.net.cn)","http://whois.hichina.com/","http://www.net.cn","REDACTED FOR PRIVACY","Beijing WePin Culture Communication Co., Ltd.","REDACTED FOR PRIVACY","REDACTED FOR PRIVACY","Beijing","REDACTED FOR PRIVACY","China","","REDACTED FOR PRIVACY","REDACTED FOR PRIVACY","","","","","","","","","","","","","","","","","","","","","","","","","","","","","","","","","","","addPeriod","","",""
"9","aukay.ltd","2020-05-12 21:16:54","2020-05-10","2020-05-10","2021-05-10","1599","Alibaba Cloud Computing Ltd. d/b/a HiChina (www.net.cn)","http://whois.hichina.com/","http://www.net.cn","REDACTED FOR PRIVACY","Ying Cui Ming","REDACTED FOR PRIVACY","REDACTED FOR PRIVACY","Zhe Jiang","REDACTED FOR PRIVACY","China","","REDACTED FOR PRIVACY","REDACTED FOR PRIVACY","","","","","","","","","","","","","","","","","","","","","","","","","","","","","","","","","","","addPeriod","","",""
"10","back.kim","2020-05-12 21:01:54","2020-05-08","2020-05-08","2021-05-08","1599","Alibaba Cloud Computing Ltd. d/b/a HiChina (www.net.cn)","http://whois.hichina.com/","http://www.net.cn","??","??","","","??","","China","","","","","","","","","","","","","","","","","","","","","","","","","","","","","","","","","","dns1.hichina.com","dns2.hichina.com","","","addPeriod","serverTransferProhibited","",""
"11","bidong.ltd","2020-05-12 21:16:54","2020-05-10","2020-05-10","2021-05-10","1599","Alibaba Cloud Computing Ltd. d/b/a HiChina (www.net.cn)","http://whois.hichina.com/","http://www.net.cn","REDACTED FOR PRIVACY","Zhang Shuai","REDACTED FOR PRIVACY","REDACTED FOR PRIVACY","Hei Long Jiang","REDACTED FOR PRIVACY","China","","REDACTED FOR PRIVACY","REDACTED FOR PRIVACY","","","","","","","","","","","","","","","","","","","","","","","","","","","","","","","","","","","addPeriod","","",""
"12","caosao.kim","2020-05-12 21:01:57","2020-05-10","2020-05-10","2021-05-10","1599","Alibaba Cloud Computing Ltd. d/b/a HiChina (www.net.cn)","http://whois.hichina.com/","http://www.net.cn","???","???","","","??","","China","","","","","","","","","","","","","","","","","","","","","","","","","","","","","","","","","","dns1.hichina.com","dns2.hichina.com","","","addPeriod","serverTransferProhibited","",""
"13","cdsdb.ltd","2020-05-12 21:16:55","2020-05-09","2020-05-09","2021-05-09","1599","Alibaba Cloud Computing Ltd. d/b/a HiChina (www.net.cn)","http://whois.hichina.com/","http://www.net.cn","REDACTED FOR PRIVACY","tang yi qin","REDACTED FOR PRIVACY","REDACTED FOR PRIVACY","si chuan","REDACTED FOR PRIVACY","China","","REDACTED FOR PRIVACY","REDACTED FOR PRIVACY","","","","","","","","","","","","","","","","","","","","","","","","","","","","","","","","","","","addPeriod","","",""
"14","ceyue.red","2020-05-12 19:21:41","2020-05-10","2020-05-10","2021-05-10","1599","Alibaba Cloud Computing Ltd. d/b/a HiChina (www.net.cn)","http://whois.hichina.com/","http://www.net.cn","??????????","??????????","","","??","","China","","","","","","","","","","","","","","","","","","","","","","","","","","","","","","","","","","dns19.hichina.com","dns20.hichina.com","","","addPeriod","serverTransferProhibited","",""
"15","chengl.ltd","2020-05-12 21:16:54","2020-05-08","2020-05-09","2021-05-08","1599","Alibaba Cloud Computing Ltd. d/b/a HiChina (www.net.cn)","http://whois.hichina.com/","http://www.net.cn","REDACTED FOR PRIVACY","long yan shi cheng lan huan bao gong cheng you xian gong si","REDACTED FOR PRIVACY","REDACTED FOR PRIVACY","fu jian","REDACTED FOR PRIVACY","China","","REDACTED FOR PRIVACY","REDACTED FOR PRIVACY","","","","","","","","","","","","","","","","","","","","","","","","","","","","","","","","","","","addPeriod","","",""
"16","chinakya.ltd","2020-05-12 21:16:54","2020-05-09","2020-05-11","2021-05-09","1599","Alibaba Cloud Computing Ltd. d/b/a HiChina (www.net.cn)","http://whois.hichina.com/","http://www.net.cn","REDACTED FOR PRIVACY","GuangZhou KeYa Electronic Co, Ltd","REDACTED FOR PRIVACY","REDACTED FOR PRIVACY","Guang Dong","REDACTED FOR PRIVACY","China","","REDACTED FOR PRIVACY","REDACTED FOR PRIVACY","","","","","","","","","","","","","","","","","","","","","","","","","","","","","","","","","","","addPeriod","","",""
"17","cygg.ltd","2020-05-12 21:16:53","2020-05-09","2020-05-09","2021-05-09","1599","Alibaba Cloud Computing Ltd. d/b/a HiChina (www.net.cn)","http://whois.hichina.com/","http://www.net.cn","REDACTED FOR PRIVACY","you shi ke ji ( zhong guo ) you xian gong si","REDACTED FOR PRIVACY","REDACTED FOR PRIVACY","guang dong","REDACTED FOR PRIVACY","China","","REDACTED FOR PRIVACY","REDACTED FOR PRIVACY","","","","","","","","","","","","","","","","","","","","","","","","","","","","","","","","","","","addPeriod","","",""
"18","dajiabaoxian.ltd","2020-05-12 21:16:56","2020-05-09","2020-05-09","2021-05-09","1599","Alibaba Cloud Computing Ltd. d/b/a HiChina (www.net.cn)","http://whois.hichina.com/","http://www.net.cn","REDACTED FOR PRIVACY","bei jing zhao lin shang ye guan li you xian gong si","REDACTED FOR PRIVACY","REDACTED FOR PRIVACY","bei jing","REDACTED FOR PRIVACY","China","","REDACTED FOR PRIVACY","REDACTED FOR PRIVACY","","","","","","","","","","","","","","","","","","","","","","","","","","","","","","","","","","","addPeriod","","",""
"19","deepcoin.kim","2020-05-12 13:56:35","2020-05-10","2020-05-10","2021-05-10","1599","Alibaba Cloud Computing Ltd. d/b/a HiChina (www.net.cn)","http://whois.hichina.com/","http://www.net.cn","???","???","","","??","","China","","","","","","","","","","","","","","","","","","","","","","","","","","","","","","","","","","dns1.hichina.com","dns2.hichina.com","","","addPeriod","serverTransferProhibited","",""
"20","deepcoin.mobi","2020-05-12 15:32:46","2020-05-10","2020-05-10","2021-05-10","1599","Alibaba Cloud Computing Ltd. d/b/a HiChina (www.net.cn)","http://whois.hichina.com/","http://www.net.cn","???","???","","","??","","China","","","","","","","","","","","","","","","","","","","","","","","","","","","","","","","","","","dns29.hichina.com","dns30.hichina.com","","","addPeriod","serverTransferProhibited","",""
"21","deepcoin.red","2020-05-12 19:21:41","2020-05-10","2020-05-10","2021-05-10","1599","Alibaba Cloud Computing Ltd. d/b/a HiChina (www.net.cn)","http://whois.hichina.com/","http://www.net.cn","???","???","","","??","","China","","","","","","","","","","","","","","","","","","","","","","","","","","","","","","","","","","dns15.hichina.com","dns16.hichina.com","","","addPeriod","serverTransferProhibited","",""
"22","dhl-cn.ltd","2020-05-12 21:16:55","2020-05-11","2020-05-11","2021-05-11","1599","Alibaba Cloud Computing Ltd. d/b/a HiChina (www.net.cn)","http://whois.hichina.com/","http://www.net.cn","REDACTED FOR PRIVACY","LIUJINTAO","REDACTED FOR PRIVACY","REDACTED FOR PRIVACY","guang dong","REDACTED FOR PRIVACY","China","","REDACTED FOR PRIVACY","REDACTED FOR PRIVACY","","","","","","","","","","","","","","","","","","","","","","","","","","","","","","","","","","","addPeriod","","",""
"23","e-scooter.ltd","2020-05-12 21:16:53","2020-05-10","2020-05-10","2022-05-10","1599","Alibaba Cloud Computing Ltd. d/b/a HiChina (www.net.cn)","http://whois.hichina.com/","http://www.net.cn","REDACTED FOR PRIVACY","zheng shaojie","REDACTED FOR PRIVACY","REDACTED FOR PRIVACY","guangdong","REDACTED FOR PRIVACY","China","","REDACTED FOR PRIVACY","REDACTED FOR PRIVACY","","","","","","","","","","","","","","","","","","","","","","","","","","","","","","","","","","","addPeriod","","",""
"24","educn.pro","2020-05-12 22:47:41","2020-05-11","2020-05-11","2021-05-11","1599","Alibaba Cloud Computing Ltd. d/b/a HiChina (www.net.cn)","http://whois.hichina.com/","http://www.net.cn","????","????","","","??","","China","","","","","","","","","","","","","","","","","","","","","","","","","","","","","","","","","","dns27.hichina.com","dns28.hichina.com","","","addPeriod","serverTransferProhibited","",""
"25","eswl.ltd","2020-05-12 21:16:53","2020-05-10","2020-05-10","2021-05-10","1599","Alibaba Cloud Computing Ltd. d/b/a HiChina (www.net.cn)","http://whois.hichina.com/","http://www.net.cn","REDACTED FOR PRIVACY","zhang ya song","REDACTED FOR PRIVACY","REDACTED FOR PRIVACY","guang dong","REDACTED FOR PRIVACY","China","","REDACTED FOR PRIVACY","REDACTED FOR PRIVACY","","","","","","","","","","","","","","","","","","","","","","","","","","","","","","","","","","","addPeriod","","",""
"26","fanli.pro","2020-05-12 18:36:53","2020-05-10","2020-05-10","2021-05-10","1599","Alibaba Cloud Computing Ltd. d/b/a HiChina (www.net.cn)","http://whois.hichina.com/","http://www.net.cn","???","???","","","??","","China","","","","","","","","","","","","","","","","","","","","","","","","","","","","","","","","","","dns1.hichina.com","dns2.hichina.com","","","addPeriod","serverTransferProhibited","",""
"27","fdk.life","2020-05-12 21:08:21","2020-05-10","2020-05-10","2021-05-10","1599","Alibaba Cloud Computing Ltd. d/b/a HiChina (www.net.cn)","http://whois.hichina.com/","http://www.net.cn","REDACTED FOR PRIVACY","fu dao ke","REDACTED FOR PRIVACY","REDACTED FOR PRIVACY","an hui","REDACTED FOR PRIVACY","China","","REDACTED FOR PRIVACY","REDACTED FOR PRIVACY","","","","","","","","","","","","","","","","","","","","","","","","","","","","","","","","","","","addPeriod","","",""
"28","fedex-cn.ltd","2020-05-12 21:16:53","2020-05-11","2020-05-11","2021-05-11","1599","Alibaba Cloud Computing Ltd. d/b/a HiChina (www.net.cn)","http://whois.hichina.com/","http://www.net.cn","REDACTED FOR PRIVACY","LIUJINTAO","REDACTED FOR PRIVACY","REDACTED FOR PRIVACY","guang dong","REDACTED FOR PRIVACY","China","","REDACTED FOR PRIVACY","REDACTED FOR PRIVACY","","","","","","","","","","","","","","","","","","","","","","","","","","","","","","","","","","","addPeriod","","",""
"29","fedex-hk.ltd","2020-05-12 21:16:53","2020-05-11","2020-05-11","2021-05-11","1599","Alibaba Cloud Computing Ltd. d/b/a HiChina (www.net.cn)","http://whois.hichina.com/","http://www.net.cn","REDACTED FOR PRIVACY","LIUJINTAO","REDACTED FOR PRIVACY","REDACTED FOR PRIVACY","guang dong","REDACTED FOR PRIVACY","China","","REDACTED FOR PRIVACY","REDACTED FOR PRIVACY","","","","","","","","","","","","","","","","","","","","","","","","","","","","","","","","","","","addPeriod","","",""
"30","fengshi.ltd","2020-05-12 21:16:58","2020-05-10","2020-05-10","2021-05-10","1599","Alibaba Cloud Computing Ltd. d/b/a HiChina (www.net.cn)","http://whois.hichina.com/","http://www.net.cn","REDACTED FOR PRIVACY","Yuanwenhao","REDACTED FOR PRIVACY","REDACTED FOR PRIVACY","zhe jiang","REDACTED FOR PRIVACY","China","","REDACTED FOR PRIVACY","REDACTED FOR PRIVACY","","","","","","","","","","","","","","","","","","","","","","","","","","","","","","","","","","","addPeriod","","",""
"31","flyfdk.life","2020-05-12 21:08:21","2020-05-10","2020-05-10","2021-05-10","1599","Alibaba Cloud Computing Ltd. d/b/a HiChina (www.net.cn)","http://whois.hichina.com/","http://www.net.cn","REDACTED FOR PRIVACY","fu dao ke","REDACTED FOR PRIVACY","REDACTED FOR PRIVACY","an hui","REDACTED FOR PRIVACY","China","","REDACTED FOR PRIVACY","REDACTED FOR PRIVACY","","","","","","","","","","","","","","","","","","","","","","","","","","","","","","","","","","","addPeriod","","",""
"32","fudaoke.life","2020-05-12 21:08:21","2020-05-10","2020-05-10","2021-05-10","1599","Alibaba Cloud Computing Ltd. d/b/a HiChina (www.net.cn)","http://whois.hichina.com/","http://www.net.cn","REDACTED FOR PRIVACY","fu dao ke","REDACTED FOR PRIVACY","REDACTED FOR PRIVACY","an hui","REDACTED FOR PRIVACY","China","","REDACTED FOR PRIVACY","REDACTED FOR PRIVACY","","","","","","","","","","","","","","","","","","","","","","","","","","","","","","","","","","","addPeriod","","",""
"33","gaoge.life","2020-05-12 21:08:19","2020-05-10","2020-05-10","2021-05-10","1599","Alibaba Cloud Computing Ltd. d/b/a HiChina (www.net.cn)","http://whois.hichina.com/","http://www.net.cn","REDACTED FOR PRIVACY","gao shu yong","REDACTED FOR PRIVACY","REDACTED FOR PRIVACY","an hui","REDACTED FOR PRIVACY","China","","REDACTED FOR PRIVACY","REDACTED FOR PRIVACY","","","","","","","","","","","","","","","","","","","","","","","","","","","","","","","","","","","addPeriod","","",""
"34","gkc.life","2020-05-12 21:08:22","2020-05-09","2020-05-09","2021-05-09","1599","Alibaba Cloud Computing Ltd. d/b/a HiChina (www.net.cn)","http://whois.hichina.com/","http://www.net.cn","REDACTED FOR PRIVACY","Cankun Hu","REDACTED FOR PRIVACY","REDACTED FOR PRIVACY","fu jian","REDACTED FOR PRIVACY","China","","REDACTED FOR PRIVACY","REDACTED FOR PRIVACY","","","","","","","","","","","","","","","","","","","","","","","","","","","","","","","","","","","addPeriod","","",""
"35","gtqx.ltd","2020-05-12 21:16:54","2020-05-09","2020-05-09","2021-05-09","1599","Alibaba Cloud Computing Ltd. d/b/a HiChina (www.net.cn)","http://whois.hichina.com/","http://www.net.cn","REDACTED FOR PRIVACY","hangzhou xunji information&technology.co.ltd","REDACTED FOR PRIVACY","REDACTED FOR PRIVACY","zhe jiang","REDACTED FOR PRIVACY","China","","REDACTED FOR PRIVACY","REDACTED FOR PRIVACY","","","","","","","","","","","","","","","","","","","","","","","","","","","","","","","","","","","addPeriod","","",""
"36","guofajinshu.ltd","2020-05-12 21:16:54","2020-05-09","2020-05-09","2021-05-09","1599","Alibaba Cloud Computing Ltd. d/b/a HiChina (www.net.cn)","http://whois.hichina.com/","http://www.net.cn","REDACTED FOR PRIVACY","zhu zhi xin","REDACTED FOR PRIVACY","REDACTED FOR PRIVACY","shan xi","REDACTED FOR PRIVACY","China","","REDACTED FOR PRIVACY","REDACTED FOR PRIVACY","","","","","","","","","","","","","","","","","","","","","","","","","","","","","","","","","","","addPeriod","","",""
"37","gush.kim","2020-05-12 21:01:58","2020-05-11","2020-05-11","2021-05-11","1599","Alibaba Cloud Computing Ltd. d/b/a HiChina (www.net.cn)","http://whois.hichina.com/","http://www.net.cn","???","???","","","??","","China","","","","","","","","","","","","","","","","","","","","","","","","","","","","","","","","","","dns31.hichina.com","dns32.hichina.com","","","addPeriod","serverTransferProhibited","",""
"38","heishi.ltd","2020-05-12 21:16:53","2020-05-09","2020-05-09","2021-05-09","1599","Alibaba Cloud Computing Ltd. d/b/a HiChina (www.net.cn)","http://whois.hichina.com/","http://www.net.cn","REDACTED FOR PRIVACY","bei jing zhao lin shang ye guan li you xian gong si","REDACTED FOR PRIVACY","REDACTED FOR PRIVACY","bei jing","REDACTED FOR PRIVACY","China","","REDACTED FOR PRIVACY","REDACTED FOR PRIVACY","","","","","","","","","","","","","","","","","","","","","","","","","","","","","","","","","","","addPeriod","","",""
"39","huanghaishipin.ltd","2020-05-12 21:16:52","2020-05-09","2020-05-09","2021-05-09","1599","Alibaba Cloud Computing Ltd. d/b/a HiChina (www.net.cn)","http://whois.hichina.com/","http://www.net.cn","REDACTED FOR PRIVACY","huang ting gang","REDACTED FOR PRIVACY","REDACTED FOR PRIVACY","chong qing","REDACTED FOR PRIVACY","China","","REDACTED FOR PRIVACY","REDACTED FOR PRIVACY","","","","","","","","","","","","","","","","","","","","","","","","","","","","","","","","","","","addPeriod","","",""
"40","huiyou.life","2020-05-12 21:08:14","2020-05-09","2020-05-09","2023-05-09","1599","Alibaba Cloud Computing Ltd. d/b/a HiChina (www.net.cn)","http://whois.hichina.com/","http://www.net.cn","REDACTED FOR PRIVACY","Fu Zhou Chuan Hai Xin Xi Ke Ji You Xian Gong Si","REDACTED FOR PRIVACY","REDACTED FOR PRIVACY","Fu Jian","REDACTED FOR PRIVACY","China","","REDACTED FOR PRIVACY","REDACTED FOR PRIVACY","","","","","","","","","","","","","","","","","","","","","","","","","","","","","","","","","","","addPeriod","","",""
"41","iimc.pro","2020-05-12 22:47:37","2020-05-11","2020-05-11","2021-05-11","1599","Alibaba Cloud Computing Ltd. d/b/a HiChina (www.net.cn)","http://whois.hichina.com/","http://www.net.cn","??????????????","??????????????","","","??","","China","","","","","","","","","","","","","","","","","","","","","","","","","","","","","","","","","","dns3.hichina.com","dns4.hichina.com","","","addPeriod","serverTransferProhibited","",""
"42","ikaros.pro","2020-05-12 18:44:46","2020-05-10","2020-05-10","2021-05-10","1599","Alibaba Cloud Computing Ltd. d/b/a HiChina (www.net.cn)","http://whois.hichina.com/","http://www.net.cn","???","???","","","??","","China","","","","","","","","","","","","","","","","","","","","","","","","","","","","","","","","","","dns17.hichina.com","dns18.hichina.com","","","addPeriod","serverTransferProhibited","",""
"43","ikawa.ltd","2020-05-12 21:16:53","2020-05-10","2020-05-10","2030-05-10","1599","Alibaba Cloud Computing Ltd. d/b/a HiChina (www.net.cn)","http://whois.hichina.com/","http://www.net.cn","REDACTED FOR PRIVACY","han zhe","REDACTED FOR PRIVACY","REDACTED FOR PRIVACY","bei jing","REDACTED FOR PRIVACY","China","","REDACTED FOR PRIVACY","REDACTED FOR PRIVACY","","","","","","","","","","","","","","","","","","","","","","","","","","","","","","","","","","","addPeriod","","",""
"44","jianzhuang.ltd","2020-05-12 21:16:54","2020-05-09","2020-05-09","2021-05-09","1599","Alibaba Cloud Computing Ltd. d/b/a HiChina (www.net.cn)","http://whois.hichina.com/","http://www.net.cn","REDACTED FOR PRIVACY","Feng Xin","REDACTED FOR PRIVACY","REDACTED FOR PRIVACY","Shan Xi","REDACTED FOR PRIVACY","China","","REDACTED FOR PRIVACY","REDACTED FOR PRIVACY","","","","","","","","","","","","","","","","","","","","","","","","","","","","","","","","","","","addPeriod","","",""
"45","jihui.ltd","2020-05-12 21:16:52","2020-05-10","2020-05-10","2021-05-10","1599","Alibaba Cloud Computing Ltd. d/b/a HiChina (www.net.cn)","http://whois.hichina.com/","http://www.net.cn","REDACTED FOR PRIVACY","song ke bao","REDACTED FOR PRIVACY","REDACTED FOR PRIVACY","jiang su","REDACTED FOR PRIVACY","China","","REDACTED FOR PRIVACY","REDACTED FOR PRIVACY","","","","","","","","","","","","","","","","","","","","","","","","","","","","","","","","","","","addPeriod","","",""
"46","jihui.pro","2020-05-12 22:47:38","2020-05-10","2020-05-10","2021-05-10","1599","Alibaba Cloud Computing Ltd. d/b/a HiChina (www.net.cn)","http://whois.hichina.com/","http://www.net.cn","???","???","","","??","","China","","","","","","","","","","","","","","","","","","","","","","","","","","","","","","","","","","dns25.hichina.com","dns26.hichina.com","","","addPeriod","serverTransferProhibited","",""
"47","jinduo.ltd","2020-05-12 21:16:52","2020-05-09","2020-05-09","2021-05-09","1599","Alibaba Cloud Computing Ltd. d/b/a HiChina (www.net.cn)","http://whois.hichina.com/","http://www.net.cn","REDACTED FOR PRIVACY","liu qing hua","REDACTED FOR PRIVACY","REDACTED FOR PRIVACY","he bei","REDACTED FOR PRIVACY","China","","REDACTED FOR PRIVACY","REDACTED FOR PRIVACY","","","","","","","","","","","","","","","","","","","","","","","","","","","","","","","","","","","addPeriod","","",""
"48","jucha.ltd","2020-05-12 21:16:52","2020-05-11","2020-05-11","2021-05-11","1599","Alibaba Cloud Computing Ltd. d/b/a HiChina (www.net.cn)","http://whois.hichina.com/","http://www.net.cn","REDACTED FOR PRIVACY","zhao jing jing","REDACTED FOR PRIVACY","REDACTED FOR PRIVACY","bei jing","REDACTED FOR PRIVACY","China","","REDACTED FOR PRIVACY","REDACTED FOR PRIVACY","","","","","","","","","","","","","","","","","","","","","","","","","","","","","","","","","","","addPeriod","","",""
"49","jxyb.ltd","2020-05-12 21:16:53","2020-05-09","2020-05-09","2021-05-09","1599","Alibaba Cloud Computing Ltd. d/b/a HiChina (www.net.cn)","http://whois.hichina.com/","http://www.net.cn","REDACTED FOR PRIVACY","Tang Ke Zan","REDACTED FOR PRIVACY","REDACTED FOR PRIVACY","Guang Dong","REDACTED FOR PRIVACY","China","","REDACTED FOR PRIVACY","REDACTED FOR PRIVACY","","","","","","","","","","","","","","","","","","","","","","","","","","","","","","","","","","","addPeriod","","",""
"50","kekage.pro","2020-05-12 22:47:35","2020-05-11","2020-05-11","2021-05-11","1599","Alibaba Cloud Computing Ltd. d/b/a HiChina (www.net.cn)","http://whois.hichina.com/","http://www.net.cn","????(??)????","????(??)????","","","??","","China","","","","","","","","","","","","","","","","","","","","","","","","","","","","","","","","","","dns3.hichina.com","dns4.hichina.com","","","addPeriod","serverTransferProhibited","",""
"51","laiwu.pro","2020-05-12 22:47:35","2020-05-09","2020-05-11","2021-05-09","1599","Alibaba Cloud Computing Ltd. d/b/a HiChina (www.net.cn)","http://whois.hichina.com/","http://www.net.cn","??????????","??????????","","","??","","China","","","","","","","","","","","","","","","","","","","","","","","","","","","","","","","","","","dns11.hichina.com","dns12.hichina.com","","","addPeriod","serverTransferProhibited","",""
"52","leesoobin.ltd","2020-05-12 21:16:52","2020-05-09","2020-05-11","2021-05-09","1599","Alibaba Cloud Computing Ltd. d/b/a HiChina (www.net.cn)","http://whois.hichina.com/","http://www.net.cn","REDACTED FOR PRIVACY","zhang ya song","REDACTED FOR PRIVACY","REDACTED FOR PRIVACY","guang dong","REDACTED FOR PRIVACY","China","","REDACTED FOR PRIVACY","REDACTED FOR PRIVACY","","","","","","","","","","","","","","","","","","","","","","","","","","","","","","","","","","","addPeriod","","",""
"53","leis.ltd","2020-05-12 21:16:52","2020-05-10","2020-05-10","2021-05-10","1599","Alibaba Cloud Computing Ltd. d/b/a HiChina (www.net.cn)","http://whois.hichina.com/","http://www.net.cn","REDACTED FOR PRIVACY","zhang ya song","REDACTED FOR PRIVACY","REDACTED FOR PRIVACY","guang dong","REDACTED FOR PRIVACY","China","","REDACTED FOR PRIVACY","REDACTED FOR PRIVACY","","","","","","","","","","","","","","","","","","","","","","","","","","","","","","","","","","","addPeriod","","",""
"54","lemonex.ltd","2020-05-12 21:16:53","2020-05-11","2020-05-11","2021-05-11","1599","Alibaba Cloud Computing Ltd. d/b/a HiChina (www.net.cn)","http://whois.hichina.com/","http://www.net.cn","REDACTED FOR PRIVACY","xu yi xuan","REDACTED FOR PRIVACY","REDACTED FOR PRIVACY","si chuan","REDACTED FOR PRIVACY","China","","REDACTED FOR PRIVACY","REDACTED FOR PRIVACY","","","","","","","","","","","","","","","","","","","","","","","","","","","","","","","","","","","addPeriod","","",""
"55","lemonex.plus","2020-05-12 18:07:27","2020-05-09","2020-05-10","2021-05-09","1599","Alibaba Cloud Computing Ltd. d/b/a HiChina (www.net.cn)","http://whois.hichina.com/","http://www.net.cn","REDACTED FOR PRIVACY","xuyixuan","REDACTED FOR PRIVACY","REDACTED FOR PRIVACY","bei jing","REDACTED FOR PRIVACY","China","","REDACTED FOR PRIVACY","REDACTED FOR PRIVACY","","","","","","","","","","","","","","","","","","","","","","","","","","","","","","","","","","","addPeriod","","",""
"56","liedengmaoyidian.ltd","2020-05-12 21:16:53","2020-05-09","2020-05-09","2021-05-09","1599","Alibaba Cloud Computing Ltd. d/b/a HiChina (www.net.cn)","http://whois.hichina.com/","http://www.net.cn","REDACTED FOR PRIVACY","guang zhou lie deng mao yi dian","REDACTED FOR PRIVACY","REDACTED FOR PRIVACY","guang dong","REDACTED FOR PRIVACY","China","","REDACTED FOR PRIVACY","REDACTED FOR PRIVACY","","","","","","","","","","","","","","","","","","","","","","","","","","","","","","","","","","","addPeriod","","",""
"57","lookit.pro","2020-05-12 18:47:59","2020-05-10","2020-05-10","2021-05-10","1599","Alibaba Cloud Computing Ltd. d/b/a HiChina (www.net.cn)","http://whois.hichina.com/","http://www.net.cn","??","??","","","??","","China","","","","","","","","","","","","","","","","","","","","","","","","","","","","","","","","","","dns7.hichina.com","dns8.hichina.com","","","addPeriod","serverTransferProhibited","",""
"58","lovegood.ltd","2020-05-12 21:16:55","2020-05-09","2020-05-09","2021-05-09","1599","Alibaba Cloud Computing Ltd. d/b/a HiChina (www.net.cn)","http://whois.hichina.com/","http://www.net.cn","REDACTED FOR PRIVACY","guo qi li","REDACTED FOR PRIVACY","REDACTED FOR PRIVACY","shan xi","REDACTED FOR PRIVACY","China","","REDACTED FOR PRIVACY","REDACTED FOR PRIVACY","","","","","","","","","","","","","","","","","","","","","","","","","","","","","","","","","","","addPeriod","","",""
"59","maxsense.plus","2020-05-12 18:07:18","2020-05-09","2020-05-09","2021-05-09","1599","Alibaba Cloud Computing Ltd. d/b/a HiChina (www.net.cn)","http://whois.hichina.com/","http://www.net.cn","REDACTED FOR PRIVACY","MaxSense(ShangHai)Technology Co.Ltd.","REDACTED FOR PRIVACY","REDACTED FOR PRIVACY","shang hai","REDACTED FOR PRIVACY","China","","REDACTED FOR PRIVACY","REDACTED FOR PRIVACY","","","","","","","","","","","","","","","","","","","","","","","","","","","","","","","","","","","addPeriod","","",""
"60","meep.ltd","2020-05-12 21:16:56","2020-05-10","2020-05-10","2021-05-10","1599","Alibaba Cloud Computing Ltd. d/b/a HiChina (www.net.cn)","http://whois.hichina.com/","http://www.net.cn","REDACTED FOR PRIVACY","dong xi quan","REDACTED FOR PRIVACY","REDACTED FOR PRIVACY","hei long jiang","REDACTED FOR PRIVACY","China","","REDACTED FOR PRIVACY","REDACTED FOR PRIVACY","","","","","","","","","","","","","","","","","","","","","","","","","","","","","","","","","","","addPeriod","","",""
"61","meep.plus","2020-05-12 18:07:17","2020-05-10","2020-05-10","2021-05-10","1599","Alibaba Cloud Computing Ltd. d/b/a HiChina (www.net.cn)","http://whois.hichina.com/","http://www.net.cn","REDACTED FOR PRIVACY","dong xi quan","REDACTED FOR PRIVACY","REDACTED FOR PRIVACY","hei long jiang","REDACTED FOR PRIVACY","China","","REDACTED FOR PRIVACY","REDACTED FOR PRIVACY","","","","","","","","","","","","","","","","","","","","","","","","","","","","","","","","","","","addPeriod","","",""
"62","micha.ltd","2020-05-12 21:16:53","2020-05-07","2020-05-12","2021-05-07","1599","Alibaba Cloud Computing Ltd. d/b/a HiChina (www.net.cn)","http://whois.hichina.com/","http://www.net.cn","REDACTED FOR PRIVACY","Bill Richard","REDACTED FOR PRIVACY","REDACTED FOR PRIVACY","An Hui","REDACTED FOR PRIVACY","China","","REDACTED FOR PRIVACY","REDACTED FOR PRIVACY","","","","","","","","","","","","","","","","","","","","","","","","","","","","","","","","","","","OK","","",""
"63","milla.ltd","2020-05-12 21:16:52","2020-05-09","2020-05-09","2021-05-09","1599","Alibaba Cloud Computing Ltd. d/b/a HiChina (www.net.cn)","http://whois.hichina.com/","http://www.net.cn","REDACTED FOR PRIVACY","shi zhi","REDACTED FOR PRIVACY","REDACTED FOR PRIVACY","guang dong","REDACTED FOR PRIVACY","China","","REDACTED FOR PRIVACY","REDACTED FOR PRIVACY","","","","","","","","","","","","","","","","","","","","","","","","","","","","","","","","","","","addPeriod","","",""
"64","mm.plus","2020-05-12 18:07:09","2020-05-09","2020-05-09","2021-05-09","1599","Alibaba Cloud Computing Ltd. d/b/a HiChina (www.net.cn)","http://whois.hichina.com/","http://www.net.cn","REDACTED FOR PRIVACY","Zhang Guo Bing","REDACTED FOR PRIVACY","REDACTED FOR PRIVACY","Bei Jing","REDACTED FOR PRIVACY","China","","REDACTED FOR PRIVACY","REDACTED FOR PRIVACY","","","","","","","","","","","","","","","","","","","","","","","","","","","","","","","","","","","addPeriod","","",""
"65","mpia.ltd","2020-05-12 21:16:52","2020-05-10","2020-05-10","2021-05-10","1599","Alibaba Cloud Computing Ltd. d/b/a HiChina (www.net.cn)","http://whois.hichina.com/","http://www.net.cn","REDACTED FOR PRIVACY","liu shi gui","REDACTED FOR PRIVACY","REDACTED FOR PRIVACY","Guang Dong","REDACTED FOR PRIVACY","China","","REDACTED FOR PRIVACY","REDACTED FOR PRIVACY","","","","","","","","","","","","","","","","","","","","","","","","","","","","","","","","","","","addPeriod","","",""
"66","muge.life","2020-05-12 21:08:05","2020-05-08","2020-05-08","2021-05-08","1599","Alibaba Cloud Computing Ltd. d/b/a HiChina (www.net.cn)","http://whois.hichina.com/","http://www.net.cn","REDACTED FOR PRIVACY","zhang qiang","REDACTED FOR PRIVACY","REDACTED FOR PRIVACY","bei jing","REDACTED FOR PRIVACY","China","","REDACTED FOR PRIVACY","REDACTED FOR PRIVACY","","","","","","","","","","","","","","","","","","","","","","","","","","","","","","","","","","","addPeriod","","",""
"67","neijuli.ltd","2020-05-12 21:16:53","2020-05-10","2020-05-10","2021-05-10","1599","Alibaba Cloud Computing Ltd. d/b/a HiChina (www.net.cn)","http://whois.hichina.com/","http://www.net.cn","REDACTED FOR PRIVACY","tong chuan nei ju li wang luo ke ji you xian gong si","REDACTED FOR PRIVACY","REDACTED FOR PRIVACY","Shaanxi","REDACTED FOR PRIVACY","China","","REDACTED FOR PRIVACY","REDACTED FOR PRIVACY","","","","","","","","","","","","","","","","","","","","","","","","","","","","","","","","","","","addPeriod","","",""
"68","nrstly.ltd","2020-05-12 21:16:52","2020-05-09","2020-05-09","2021-05-09","1599","Alibaba Cloud Computing Ltd. d/b/a HiChina (www.net.cn)","http://whois.hichina.com/","http://www.net.cn","REDACTED FOR PRIVACY","Zhang Wei Yu","REDACTED FOR PRIVACY","REDACTED FOR PRIVACY","yun nan","REDACTED FOR PRIVACY","China","","REDACTED FOR PRIVACY","REDACTED FOR PRIVACY","","","","","","","","","","","","","","","","","","","","","","","","","","","","","","","","","","","addPeriod","","",""
"69","nrstzwy.ltd","2020-05-12 21:16:53","2020-05-09","2020-05-09","2021-05-09","1599","Alibaba Cloud Computing Ltd. d/b/a HiChina (www.net.cn)","http://whois.hichina.com/","http://www.net.cn","REDACTED FOR PRIVACY","Zhang Wei Yu","REDACTED FOR PRIVACY","REDACTED FOR PRIVACY","yun nan","REDACTED FOR PRIVACY","China","","REDACTED FOR PRIVACY","REDACTED FOR PRIVACY","","","","","","","","","","","","","","","","","","","","","","","","","","","","","","","","","","","addPeriod","","",""
"70","onerain.life","2020-05-12 21:08:02","2020-05-11","2020-05-11","2023-05-11","1599","Alibaba Cloud Computing Ltd. d/b/a HiChina (www.net.cn)","http://whois.hichina.com/","http://www.net.cn","REDACTED FOR PRIVACY","chong qing yi dian yu xin ke ji you xian gong si","REDACTED FOR PRIVACY","REDACTED FOR PRIVACY","chong qing","REDACTED FOR PRIVACY","China","","REDACTED FOR PRIVACY","REDACTED FOR PRIVACY","","","","","","","","","","","","","","","","","","","","","","","","","","","","","","","","","","","addPeriod","","",""
"71","padmate.mobi","2020-05-12 15:59:17","2020-05-10","2020-05-10","2021-05-10","1599","Alibaba Cloud Computing Ltd. d/b/a HiChina (www.net.cn)","http://whois.hichina.com/","http://www.net.cn","???","???","","","??","","China","","","","","","","","","","","","","","","","","","","","","","","","","","","","","","","","","","dns10.hichina.com","dns9.hichina.com","","","addPeriod","serverTransferProhibited","",""
"72","pincha.pro","2020-05-12 22:47:37","2020-05-11","2020-05-12","2021-05-11","1599","Alibaba Cloud Computing Ltd. d/b/a HiChina (www.net.cn)","http://whois.hichina.com/","http://www.net.cn","???","???","","","??","","China","","","","","","","","","","","","","","","","","","","","","","","","","","","","","","","","","","s1.mb.cn","s2.mb.cn","","","addPeriod","serverTransferProhibited","",""
"73","ppyq.ltd","2020-05-12 21:16:53","2020-05-10","2020-05-10","2021-05-10","1599","Alibaba Cloud Computing Ltd. d/b/a HiChina (www.net.cn)","http://whois.hichina.com/","http://www.net.cn","REDACTED FOR PRIVACY","Tan Zhi Jian","REDACTED FOR PRIVACY","REDACTED FOR PRIVACY","Guang Dong","REDACTED FOR PRIVACY","China","","REDACTED FOR PRIVACY","REDACTED FOR PRIVACY","","","","","","","","","","","","","","","","","","","","","","","","","","","","","","","","","","","addPeriod","","",""
"74","ptfe.life","2020-05-12 21:08:02","2020-05-09","2020-05-09","2023-05-09","1599","Alibaba Cloud Computing Ltd. d/b/a HiChina (www.net.cn)","http://whois.hichina.com/","http://www.net.cn","REDACTED FOR PRIVACY","Shen Yang","REDACTED FOR PRIVACY","REDACTED FOR PRIVACY","zhe jiang","REDACTED FOR PRIVACY","China","","REDACTED FOR PRIVACY","REDACTED FOR PRIVACY","","","","","","","","","","","","","","","","","","","","","","","","","","","","","","","","","","","addPeriod","clientTransferProhibited","clientUpdateProhibited",""
"75","qianxun.ltd","2020-05-12 21:16:53","2020-05-09","2020-05-09","2021-05-09","1599","Alibaba Cloud Computing Ltd. d/b/a HiChina (www.net.cn)","http://whois.hichina.com/","http://www.net.cn","REDACTED FOR PRIVACY","chen hong gang","REDACTED FOR PRIVACY","REDACTED FOR PRIVACY","si chuan","REDACTED FOR PRIVACY","China","","REDACTED FOR PRIVACY","REDACTED FOR PRIVACY","","","","","","","","","","","","","","","","","","","","","","","","","","","","","","","","","","","addPeriod","","",""
"76","qianyuan.life","2020-05-12 21:08:01","2020-05-08","2020-05-08","2021-05-08","1599","Alibaba Cloud Computing Ltd. d/b/a HiChina (www.net.cn)","http://whois.hichina.com/","http://www.net.cn","REDACTED FOR PRIVACY","Yuanhaijia","REDACTED FOR PRIVACY","REDACTED FOR PRIVACY","zhe jiang","REDACTED FOR PRIVACY","China","","REDACTED FOR PRIVACY","REDACTED FOR PRIVACY","","","","","","","","","","","","","","","","","","","","","","","","","","","","","","","","","","","addPeriod","","",""
"77","qiyexinyong.ltd","2020-05-12 21:16:52","2020-05-09","2020-05-09","2023-05-09","1599","Alibaba Cloud Computing Ltd. d/b/a HiChina (www.net.cn)","http://whois.hichina.com/","http://www.net.cn","REDACTED FOR PRIVACY","liu chuang jing","REDACTED FOR PRIVACY","REDACTED FOR PRIVACY","guang dong","REDACTED FOR PRIVACY","China","","REDACTED FOR PRIVACY","REDACTED FOR PRIVACY","","","","","","","","","","","","","","","","","","","","","","","","","","","","","","","","","","","addPeriod","renewPeriod","",""
"78","qltbuyer.ltd","2020-05-12 21:16:52","2020-05-09","2020-05-09","2021-05-09","1599","Alibaba Cloud Computing Ltd. d/b/a HiChina (www.net.cn)","http://whois.hichina.com/","http://www.net.cn","REDACTED FOR PRIVACY","zhong shan shi ke li tai dian qi you xian gong si","REDACTED FOR PRIVACY","REDACTED FOR PRIVACY","guang dong","REDACTED FOR PRIVACY","China","","REDACTED FOR PRIVACY","REDACTED FOR PRIVACY","","","","","","","","","","","","","","","","","","","","","","","","","","","","","","","","","","","addPeriod","","",""
"79","qubu.life","2020-05-12 21:07:59","2020-05-10","2020-05-10","2021-05-10","1599","Alibaba Cloud Computing Ltd. d/b/a HiChina (www.net.cn)","http://whois.hichina.com/","http://www.net.cn","REDACTED FOR PRIVACY","tian jin qu bu ke ji you xian gong si","REDACTED FOR PRIVACY","REDACTED FOR PRIVACY","tian jin","REDACTED FOR PRIVACY","China","","REDACTED FOR PRIVACY","REDACTED FOR PRIVACY","","","","","","","","","","","","","","","","","","","","","","","","","","","","","","","","","","","addPeriod","","",""
"80","qxyl.ltd","2020-05-12 21:16:53","2020-05-09","2020-05-09","2023-05-09","1599","Alibaba Cloud Computing Ltd. d/b/a HiChina (www.net.cn)","http://whois.hichina.com/","http://www.net.cn","REDACTED FOR PRIVACY","bei jing qi xin yun lian ke ji you xian gong si","REDACTED FOR PRIVACY","REDACTED FOR PRIVACY","bei jing","REDACTED FOR PRIVACY","China","","REDACTED FOR PRIVACY","REDACTED FOR PRIVACY","","","","","","","","","","","","","","","","","","","","","","","","","","","","","","","","","","","addPeriod","","",""
"81","qyccar.ltd","2020-05-12 21:16:52","2020-05-09","2020-05-09","2021-05-09","1599","Alibaba Cloud Computing Ltd. d/b/a HiChina (www.net.cn)","http://whois.hichina.com/","http://www.net.cn","REDACTED FOR PRIVACY","bei jing quan you che wang luo ke ji you xian gong si","REDACTED FOR PRIVACY","REDACTED FOR PRIVACY","bei jing","REDACTED FOR PRIVACY","China","","REDACTED FOR PRIVACY","REDACTED FOR PRIVACY","","","","","","","","","","","","","","","","","","","","","","","","","","","","","","","","","","","addPeriod","","",""
"82","sanlongwan.ltd","2020-05-12 21:16:52","2020-05-10","2020-05-10","2021-05-10","1599","Alibaba Cloud Computing Ltd. d/b/a HiChina (www.net.cn)","http://whois.hichina.com/","http://www.net.cn","REDACTED FOR PRIVACY","wenmingjian","REDACTED FOR PRIVACY","REDACTED FOR PRIVACY","guang dong","REDACTED FOR PRIVACY","China","","REDACTED FOR PRIVACY","REDACTED FOR PRIVACY","","","","","","","","","","","","","","","","","","","","","","","","","","","","","","","","","","","addPeriod","","",""
"83","sanshan.ltd","2020-05-12 21:16:52","2020-05-10","2020-05-10","2021-05-10","1599","Alibaba Cloud Computing Ltd. d/b/a HiChina (www.net.cn)","http://whois.hichina.com/","http://www.net.cn","REDACTED FOR PRIVACY","wenmingjian","REDACTED FOR PRIVACY","REDACTED FOR PRIVACY","guang dong","REDACTED FOR PRIVACY","China","","REDACTED FOR PRIVACY","REDACTED FOR PRIVACY","","","","","","","","","","","","","","","","","","","","","","","","","","","","","","","","","","","addPeriod","","",""
"84","shengfang.plus","2020-05-12 18:07:54","2020-05-08","2020-05-08","2021-05-08","1599","Alibaba Cloud Computing Ltd. d/b/a HiChina (www.net.cn)","http://whois.hichina.com/","http://www.net.cn","REDACTED FOR PRIVACY","Li Xiao Guang","REDACTED FOR PRIVACY","REDACTED FOR PRIVACY","Shang Hai","REDACTED FOR PRIVACY","China","","REDACTED FOR PRIVACY","REDACTED FOR PRIVACY","","","","","","","","","","","","","","","","","","","","","","","","","","","","","","","","","","","addPeriod","","",""
"85","shilo.ltd","2020-05-12 21:16:52","2020-05-11","2020-05-11","2021-05-11","1599","Alibaba Cloud Computing Ltd. d/b/a HiChina (www.net.cn)","http://whois.hichina.com/","http://www.net.cn","REDACTED FOR PRIVACY","zhao jing jing","REDACTED FOR PRIVACY","REDACTED FOR PRIVACY","bei jing","REDACTED FOR PRIVACY","China","","REDACTED FOR PRIVACY","REDACTED FOR PRIVACY","","","","","","","","","","","","","","","","","","","","","","","","","","","","","","","","","","","addPeriod","","",""
"86","shui.mobi","2020-05-12 16:08:14","2020-05-09","2020-05-10","2021-05-09","1599","Alibaba Cloud Computing Ltd. d/b/a HiChina (www.net.cn)","http://whois.hichina.com/","http://www.net.cn","????????????????","????????????????","","","??","","China","","","","","","","","","","","","","","","","","","","","","","","","","","","","","","","","","","dns29.hichina.com","dns30.hichina.com","","","addPeriod","serverTransferProhibited","",""
"87","silu.plus","2020-05-12 18:07:49","2020-05-09","2020-05-09","2021-05-09","1599","Alibaba Cloud Computing Ltd. d/b/a HiChina (www.net.cn)","http://whois.hichina.com/","http://www.net.cn","REDACTED FOR PRIVACY","zhen jiang si lu xin xi ke ji you xian gong si","REDACTED FOR PRIVACY","REDACTED FOR PRIVACY","jiang su","REDACTED FOR PRIVACY","China","","REDACTED FOR PRIVACY","REDACTED FOR PRIVACY","","","","","","","","","","","","","","","","","","","","","","","","","","","","","","","","","","","addPeriod","","",""
"88","sktime.ltd","2020-05-12 21:16:52","2020-05-11","2020-05-11","2021-05-11","1599","Alibaba Cloud Computing Ltd. d/b/a HiChina (www.net.cn)","http://whois.hichina.com/","http://www.net.cn","REDACTED FOR PRIVACY","liu jin tao","REDACTED FOR PRIVACY","REDACTED FOR PRIVACY","guang dong","REDACTED FOR PRIVACY","China","","REDACTED FOR PRIVACY","REDACTED FOR PRIVACY","","","","","","","","","","","","","","","","","","","","","","","","","","","","","","","","","","","addPeriod","","",""
"89","skwatch.ltd","2020-05-12 21:16:52","2020-05-11","2020-05-11","2021-05-11","1599","Alibaba Cloud Computing Ltd. d/b/a HiChina (www.net.cn)","http://whois.hichina.com/","http://www.net.cn","REDACTED FOR PRIVACY","liu jin tao","REDACTED FOR PRIVACY","REDACTED FOR PRIVACY","guang dong","REDACTED FOR PRIVACY","China","","REDACTED FOR PRIVACY","REDACTED FOR PRIVACY","","","","","","","","","","","","","","","","","","","","","","","","","","","","","","","","","","","addPeriod","","",""
"90","songguangming.ltd","2020-05-12 21:16:52","2020-05-10","2020-05-10","2021-05-10","1599","Alibaba Cloud Computing Ltd. d/b/a HiChina (www.net.cn)","http://whois.hichina.com/","http://www.net.cn","REDACTED FOR PRIVACY","Xu Zhi Lin","REDACTED FOR PRIVACY","REDACTED FOR PRIVACY","Hu Nan","REDACTED FOR PRIVACY","China","","REDACTED FOR PRIVACY","REDACTED FOR PRIVACY","","","","","","","","","","","","","","","","","","","","","","","","","","","","","","","","","","","addPeriod","","",""
"91","starocean.ltd","2020-05-12 21:16:52","2020-05-11","2020-05-11","2021-05-11","1599","Alibaba Cloud Computing Ltd. d/b/a HiChina (www.net.cn)","http://whois.hichina.com/","http://www.net.cn","REDACTED FOR PRIVACY","lin chao","REDACTED FOR PRIVACY","REDACTED FOR PRIVACY","guang dong","REDACTED FOR PRIVACY","China","","REDACTED FOR PRIVACY","REDACTED FOR PRIVACY","","","","","","","","","","","","","","","","","","","","","","","","","","","","","","","","","","","addPeriod","","",""
"92","sunhao.ltd","2020-05-12 21:16:52","2020-05-09","2020-05-10","2021-05-09","1599","Alibaba Cloud Computing Ltd. d/b/a HiChina (www.net.cn)","http://whois.hichina.com/","http://www.net.cn","REDACTED FOR PRIVACY","liyuxi","REDACTED FOR PRIVACY","REDACTED FOR PRIVACY","Jiang Su","REDACTED FOR PRIVACY","China","","REDACTED FOR PRIVACY","REDACTED FOR PRIVACY","","","","","","","","","","","","","","","","","","","","","","","","","","","","","","","","","","","addPeriod","","",""
"93","sweetorange.kim","2020-05-12 21:01:58","2020-05-10","2020-05-10","2021-05-10","1599","Alibaba Cloud Computing Ltd. d/b/a HiChina (www.net.cn)","http://whois.hichina.com/","http://www.net.cn","???","???","","","??","","China","","","","","","","","","","","","","","","","","","","","","","","","","","","","","","","","","","dns17.hichina.com","dns18.hichina.com","","","addPeriod","serverTransferProhibited","",""
"94","sweetorange.ltd","2020-05-12 21:16:52","2020-05-10","2020-05-10","2021-05-10","1599","Alibaba Cloud Computing Ltd. d/b/a HiChina (www.net.cn)","http://whois.hichina.com/","http://www.net.cn","REDACTED FOR PRIVACY","zhang ya song","REDACTED FOR PRIVACY","REDACTED FOR PRIVACY","guang dong","REDACTED FOR PRIVACY","China","","REDACTED FOR PRIVACY","REDACTED FOR PRIVACY","","","","","","","","","","","","","","","","","","","","","","","","","","","","","","","","","","","addPeriod","","",""
"95","szyl.life","2020-05-12 21:07:53","2020-05-10","2020-05-10","2021-05-10","1599","Alibaba Cloud Computing Ltd. d/b/a HiChina (www.net.cn)","http://whois.hichina.com/","http://www.net.cn","REDACTED FOR PRIVACY","jie xue qing","REDACTED FOR PRIVACY","REDACTED FOR PRIVACY","bei jing","REDACTED FOR PRIVACY","China","","REDACTED FOR PRIVACY","REDACTED FOR PRIVACY","","","","","","","","","","","","","","","","","","","","","","","","","","","","","","","","","","","addPeriod","","",""
"96","taixianghe.life","2020-05-12 21:07:52","2020-05-10","2020-05-10","2023-05-10","1599","Alibaba Cloud Computing Ltd. d/b/a HiChina (www.net.cn)","http://whois.hichina.com/","http://www.net.cn","REDACTED FOR PRIVACY","wu jin hong","REDACTED FOR PRIVACY","REDACTED FOR PRIVACY","bei jing","REDACTED FOR PRIVACY","China","","REDACTED FOR PRIVACY","REDACTED FOR PRIVACY","","","","","","","","","","","","","","","","","","","","","","","","","","","","","","","","","","","addPeriod","","",""
"97","tangqi.ltd","2020-05-12 21:16:52","2020-05-07","2020-05-12","2021-05-07","1599","Alibaba Cloud Computing Ltd. d/b/a HiChina (www.net.cn)","http://whois.hichina.com/","http://www.net.cn","REDACTED FOR PRIVACY","fu quan heng rui tong dian zi shang wu you xian gong si","REDACTED FOR PRIVACY","REDACTED FOR PRIVACY","gui zhou","REDACTED FOR PRIVACY","China","","REDACTED FOR PRIVACY","REDACTED FOR PRIVACY","","","","","","","","","","","","","","","","","","","","","","","","","","","","","","","","","","","OK","","",""
"98","tds.kim","2020-05-12 21:01:54","2020-05-09","2020-05-09","2021-05-09","1599","Alibaba Cloud Computing Ltd. d/b/a HiChina (www.net.cn)","http://whois.hichina.com/","http://www.net.cn","???","???","","","??","","China","","","","","","","","","","","","","","","","","","","","","","","","","","","","","","","","","","dns7.hichina.com","dns8.hichina.com","","","addPeriod","serverTransferProhibited","",""
"99","tfx.ltd","2020-05-12 21:16:52","2020-05-10","2020-05-10","2021-05-10","1599","Alibaba Cloud Computing Ltd. d/b/a HiChina (www.net.cn)","http://whois.hichina.com/","http://www.net.cn","REDACTED FOR PRIVACY","Chen Chang You","REDACTED FOR PRIVACY","REDACTED FOR PRIVACY","Guang Dong","REDACTED FOR PRIVACY","China","","REDACTED FOR PRIVACY","REDACTED FOR PRIVACY","","","","","","","","","","","","","","","","","","","","","","","","","","","","","","","","","","","addPeriod","","",""
"100","tianlai.pro","2020-05-12 19:07:50","2020-05-09","2020-05-09","2021-05-09","1599","Alibaba Cloud Computing Ltd. d/b/a HiChina (www.net.cn)","http://whois.hichina.com/","http://www.net.cn","??","??","","","??","","China","","","","","","","","","","","","","","","","","","","","","","","","","","","","","","","","","","dns1.hichina.com","dns2.hichina.com","","","addPeriod","serverTransferProhibited","",""
"101","tingke.life","2020-05-12 21:07:52","2020-05-10","2020-05-10","2021-05-10","1599","Alibaba Cloud Computing Ltd. d/b/a HiChina (www.net.cn)","http://whois.hichina.com/","http://www.net.cn","REDACTED FOR PRIVACY","fu dao ke","REDACTED FOR PRIVACY","REDACTED FOR PRIVACY","an hui","REDACTED FOR PRIVACY","China","","REDACTED FOR PRIVACY","REDACTED FOR PRIVACY","","","","","","","","","","","","","","","","","","","","","","","","","","","","","","","","","","","addPeriod","","",""
"102","tinyant.ltd","2020-05-12 21:16:52","2020-05-10","2020-05-10","2021-05-10","1599","Alibaba Cloud Computing Ltd. d/b/a HiChina (www.net.cn)","http://whois.hichina.com/","http://www.net.cn","REDACTED FOR PRIVACY","ZHOU DE","REDACTED FOR PRIVACY","REDACTED FOR PRIVACY","Jiang Su","REDACTED FOR PRIVACY","China","","REDACTED FOR PRIVACY","REDACTED FOR PRIVACY","","","","","","","","","","","","","","","","","","","","","","","","","","","","","","","","","","","addPeriod","","",""
"103","tiologix.ltd","2020-05-12 21:16:52","2020-05-10","2020-05-10","2021-05-10","1599","Alibaba Cloud Computing Ltd. d/b/a HiChina (www.net.cn)","http://whois.hichina.com/","http://www.net.cn","REDACTED FOR PRIVACY","fu dao ke","REDACTED FOR PRIVACY","REDACTED FOR PRIVACY","an hui","REDACTED FOR PRIVACY","China","","REDACTED FOR PRIVACY","REDACTED FOR PRIVACY","","","","","","","","","","","","","","","","","","","","","","","","","","","","","","","","","","","addPeriod","","",""
"104","tjyj.ltd","2020-05-12 21:16:52","2020-05-08","2020-05-09","2021-05-08","1599","Alibaba Cloud Computing Ltd. d/b/a HiChina (www.net.cn)","http://whois.hichina.com/","http://www.net.cn","REDACTED FOR PRIVACY","Tian Jin Ying Ji Yi Liao Ke Ji You Xian Gong Si","REDACTED FOR PRIVACY","REDACTED FOR PRIVACY","Tian Jin","REDACTED FOR PRIVACY","China","","REDACTED FOR PRIVACY","REDACTED FOR PRIVACY","","","","","","","","","","","","","","","","","","","","","","","","","","","","","","","","","","","addPeriod","","",""
"105","tnex.pro","2020-05-12 19:07:46","2020-05-10","2020-05-10","2021-05-10","1599","Alibaba Cloud Computing Ltd. d/b/a HiChina (www.net.cn)","http://whois.hichina.com/","http://www.net.cn","??","??","","","??","","China","","","","","","","","","","","","","","","","","","","","","","","","","","","","","","","","","","dns27.hichina.com","dns28.hichina.com","","","addPeriod","serverTransferProhibited","",""
"106","toyzest.ltd","2020-05-12 21:16:52","2020-05-09","2020-05-09","2021-05-09","1599","Alibaba Cloud Computing Ltd. d/b/a HiChina (www.net.cn)","http://whois.hichina.com/","http://www.net.cn","REDACTED FOR PRIVACY","gong xu cong","REDACTED FOR PRIVACY","REDACTED FOR PRIVACY","guang dong","REDACTED FOR PRIVACY","China","","REDACTED FOR PRIVACY","REDACTED FOR PRIVACY","","","","","","","","","","","","","","","","","","","","","","","","","","","","","","","","","","","addPeriod","","",""
"107","tusu.kim","2020-05-12 21:01:58","2020-05-10","2020-05-10","2021-05-10","1599","Alibaba Cloud Computing Ltd. d/b/a HiChina (www.net.cn)","http://whois.hichina.com/","http://www.net.cn","???","???","","","??","","China","","","","","","","","","","","","","","","","","","","","","","","","","","","","","","","","","","dns11.hichina.com","dns12.hichina.com","","","addPeriod","serverTransferProhibited","",""
"108","tusu.ltd","2020-05-12 21:16:52","2020-05-10","2020-05-10","2021-05-10","1599","Alibaba Cloud Computing Ltd. d/b/a HiChina (www.net.cn)","http://whois.hichina.com/","http://www.net.cn","REDACTED FOR PRIVACY","zhang ya song","REDACTED FOR PRIVACY","REDACTED FOR PRIVACY","guang dong","REDACTED FOR PRIVACY","China","","REDACTED FOR PRIVACY","REDACTED FOR PRIVACY","","","","","","","","","","","","","","","","","","","","","","","","","","","","","","","","","","","addPeriod","","",""
"109","txh.life","2020-05-12 21:07:50","2020-05-10","2020-05-10","2023-05-10","1599","Alibaba Cloud Computing Ltd. d/b/a HiChina (www.net.cn)","http://whois.hichina.com/","http://www.net.cn","REDACTED FOR PRIVACY","wu jin hong","REDACTED FOR PRIVACY","REDACTED FOR PRIVACY","bei jing","REDACTED FOR PRIVACY","China","","REDACTED FOR PRIVACY","REDACTED FOR PRIVACY","","","","","","","","","","","","","","","","","","","","","","","","","","","","","","","","","","","addPeriod","","",""
"110","tycq.ltd","2020-05-12 21:16:52","2020-05-09","2020-05-09","2021-05-09","1599","Alibaba Cloud Computing Ltd. d/b/a HiChina (www.net.cn)","http://whois.hichina.com/","http://www.net.cn","REDACTED FOR PRIVACY","wang huan","REDACTED FOR PRIVACY","REDACTED FOR PRIVACY","liao ning","REDACTED FOR PRIVACY","China","","REDACTED FOR PRIVACY","REDACTED FOR PRIVACY","","","","","","","","","","","","","","","","","","","","","","","","","","","","","","","","","","","addPeriod","","",""
"111","tyo.life","2020-05-12 21:07:51","2020-05-09","2020-05-09","2021-05-09","1599","Alibaba Cloud Computing Ltd. d/b/a HiChina (www.net.cn)","http://whois.hichina.com/","http://www.net.cn","REDACTED FOR PRIVACY","you shi ke ji ( zhong guo ) you xian gong si","REDACTED FOR PRIVACY","REDACTED FOR PRIVACY","guang dong","REDACTED FOR PRIVACY","China","","REDACTED FOR PRIVACY","REDACTED FOR PRIVACY","","","","","","","","","","","","","","","","","","","","","","","","","","","","","","","","","","","addPeriod","","",""
"112","ultracare.ltd","2020-05-12 21:16:52","2020-05-10","2020-05-10","2022-05-10","1599","Alibaba Cloud Computing Ltd. d/b/a HiChina (www.net.cn)","http://whois.hichina.com/","http://www.net.cn","REDACTED FOR PRIVACY","shang hai fu li mao yi you xian gong si","REDACTED FOR PRIVACY","REDACTED FOR PRIVACY","shang hai","REDACTED FOR PRIVACY","China","","REDACTED FOR PRIVACY","REDACTED FOR PRIVACY","","","","","","","","","","","","","","","","","","","","","","","","","","","","","","","","","","","addPeriod","","",""
"113","ultraelixier.ltd","2020-05-12 21:16:52","2020-05-10","2020-05-10","2022-05-10","1599","Alibaba Cloud Computing Ltd. d/b/a HiChina (www.net.cn)","http://whois.hichina.com/","http://www.net.cn","REDACTED FOR PRIVACY","shang hai fu li mao yi you xian gong si","REDACTED FOR PRIVACY","REDACTED FOR PRIVACY","shang hai","REDACTED FOR PRIVACY","China","","REDACTED FOR PRIVACY","REDACTED FOR PRIVACY","","","","","","","","","","","","","","","","","","","","","","","","","","","","","","","","","","","addPeriod","","",""
"114","ups-cn.ltd","2020-05-12 21:16:51","2020-05-11","2020-05-11","2021-05-11","1599","Alibaba Cloud Computing Ltd. d/b/a HiChina (www.net.cn)","http://whois.hichina.com/","http://www.net.cn","REDACTED FOR PRIVACY","LIUJINTAO","REDACTED FOR PRIVACY","REDACTED FOR PRIVACY","guang dong","REDACTED FOR PRIVACY","China","","REDACTED FOR PRIVACY","REDACTED FOR PRIVACY","","","","","","","","","","","","","","","","","","","","","","","","","","","","","","","","","","","addPeriod","","",""
"115","ups-hk.ltd","2020-05-12 21:16:51","2020-05-11","2020-05-11","2021-05-11","1599","Alibaba Cloud Computing Ltd. d/b/a HiChina (www.net.cn)","http://whois.hichina.com/","http://www.net.cn","REDACTED FOR PRIVACY","LIUJINTAO","REDACTED FOR PRIVACY","REDACTED FOR PRIVACY","guang dong","REDACTED FOR PRIVACY","China","","REDACTED FOR PRIVACY","REDACTED FOR PRIVACY","","","","","","","","","","","","","","","","","","","","","","","","","","","","","","","","","","","addPeriod","","",""
"116","uurl.pro","2020-05-12 22:47:39","2020-05-10","2020-05-10","2021-05-10","1599","Alibaba Cloud Computing Ltd. d/b/a HiChina (www.net.cn)","http://whois.hichina.com/","http://www.net.cn","??","??","","","??","","China","","","","","","","","","","","","","","","","","","","","","","","","","","","","","","","","","","dns13.hichina.com","dns14.hichina.com","","","addPeriod","serverTransferProhibited","",""
"117","uyinuotechnologyco.ltd","2020-05-12 21:16:53","2020-05-08","2020-05-09","2021-05-08","1599","Alibaba Cloud Computing Ltd. d/b/a HiChina (www.net.cn)","http://whois.hichina.com/","http://www.net.cn","REDACTED FOR PRIVACY","hu jie","REDACTED FOR PRIVACY","REDACTED FOR PRIVACY","guang dong","REDACTED FOR PRIVACY","China","","REDACTED FOR PRIVACY","REDACTED FOR PRIVACY","","","","","","","","","","","","","","","","","","","","","","","","","","","","","","","","","","","addPeriod","","",""
"118","valeo.ltd","2020-05-12 21:16:52","2020-05-09","2020-05-10","2021-05-09","1599","Alibaba Cloud Computing Ltd. d/b/a HiChina (www.net.cn)","http://whois.hichina.com/","http://www.net.cn","REDACTED FOR PRIVACY","liyuxi","REDACTED FOR PRIVACY","REDACTED FOR PRIVACY","Jiang Su","REDACTED FOR PRIVACY","China","","REDACTED FOR PRIVACY","REDACTED FOR PRIVACY","","","","","","","","","","","","","","","","","","","","","","","","","","","","","","","","","","","addPeriod","","",""
"119","valorant.kim","2020-05-12 21:01:57","2020-05-09","2020-05-09","2021-05-09","1599","Alibaba Cloud Computing Ltd. d/b/a HiChina (www.net.cn)","http://whois.hichina.com/","http://www.net.cn","??","??","","","??","","China","","","","","","","","","","","","","","","","","","","","","","","","","","","","","","","","","","dns10.hichina.com","dns9.hichina.com","","","addPeriod","serverTransferProhibited","",""
"120","verly.pro","2020-05-12 19:09:43","2020-05-10","2020-05-10","2021-05-10","1599","Alibaba Cloud Computing Ltd. d/b/a HiChina (www.net.cn)","http://whois.hichina.com/","http://www.net.cn","???","???","","","??","","China","","","","","","","","","","","","","","","","","","","","","","","","","","","","","","","","","","dns31.hichina.com","dns32.hichina.com","","","addPeriod","serverTransferProhibited","",""
"121","visapay.mobi","2020-05-12 16:20:21","2020-05-10","2020-05-10","2021-05-10","1599","Alibaba Cloud Computing Ltd. d/b/a HiChina (www.net.cn)","http://whois.hichina.com/","http://www.net.cn","???","???","","","??","","China","","","","","","","","","","","","","","","","","","","","","","","","","","","","","","","","","","dns7.hichina.com","dns8.hichina.com","","","addPeriod","serverTransferProhibited","",""
"122","vitalkey.ltd","2020-05-12 21:16:52","2020-05-09","2020-05-09","2022-05-09","1599","Alibaba Cloud Computing Ltd. d/b/a HiChina (www.net.cn)","http://whois.hichina.com/","http://www.net.cn","REDACTED FOR PRIVACY","senweiwu","REDACTED FOR PRIVACY","REDACTED FOR PRIVACY","Beijing","REDACTED FOR PRIVACY","China","","REDACTED FOR PRIVACY","REDACTED FOR PRIVACY","","","","","","","","","","","","","","","","","","","","","","","","","","","","","","","","","","","addPeriod","","",""
"123","vitasoy.life","2020-05-12 21:07:50","2020-05-08","2020-05-08","2021-05-08","1599","Alibaba Cloud Computing Ltd. d/b/a HiChina (www.net.cn)","http://whois.hichina.com/","http://www.net.cn","REDACTED FOR PRIVACY","Vitasoy (Shanghai) Company","REDACTED FOR PRIVACY","REDACTED FOR PRIVACY","Guangdong","REDACTED FOR PRIVACY","China","","REDACTED FOR PRIVACY","REDACTED FOR PRIVACY","","","","","","","","","","","","","","","","","","","","","","","","","","","","","","","","","","","addPeriod","","",""
"124","webide.ltd","2020-05-12 21:16:51","2020-05-09","2020-05-09","2021-05-09","1599","Alibaba Cloud Computing Ltd. d/b/a HiChina (www.net.cn)","http://whois.hichina.com/","http://www.net.cn","REDACTED FOR PRIVACY","Bei Jing Jia Yi Ke Ji You Xian Gong Si","REDACTED FOR PRIVACY","REDACTED FOR PRIVACY","bei jing","REDACTED FOR PRIVACY","China","","REDACTED FOR PRIVACY","REDACTED FOR PRIVACY","","","","","","","","","","","","","","","","","","","","","","","","","","","","","","","","","","","addPeriod","","",""
"125","wojo.life","2020-05-12 21:07:50","2020-05-09","2020-05-10","2025-05-09","1599","Alibaba Cloud Computing Ltd. d/b/a HiChina (www.net.cn)","http://whois.hichina.com/","http://www.net.cn","REDACTED FOR PRIVACY","wujie","REDACTED FOR PRIVACY","REDACTED FOR PRIVACY","Zhejiang","REDACTED FOR PRIVACY","China","","REDACTED FOR PRIVACY","REDACTED FOR PRIVACY","","","","","","","","","","","","","","","","","","","","","","","","","","","","","","","","","","","addPeriod","","",""
"126","worldepay.ltd","2020-05-12 21:16:51","2020-05-09","2020-05-09","2021-05-09","1599","Alibaba Cloud Computing Ltd. d/b/a HiChina (www.net.cn)","http://whois.hichina.com/","http://www.net.cn","REDACTED FOR PRIVACY","HUVO","REDACTED FOR PRIVACY","REDACTED FOR PRIVACY","Shang Hai","REDACTED FOR PRIVACY","China","","REDACTED FOR PRIVACY","REDACTED FOR PRIVACY","","","","","","","","","","","","","","","","","","","","","","","","","","","","","","","","","","","addPeriod","","",""
"127","worldpeaceindustrialco.ltd","2020-05-12 21:16:51","2020-05-08","2020-05-10","2021-05-08","1599","Alibaba Cloud Computing Ltd. d/b/a HiChina (www.net.cn)","http://whois.hichina.com/","http://www.net.cn","REDACTED FOR PRIVACY","you shi ke ji ( zhong guo ) you xian gong si","REDACTED FOR PRIVACY","REDACTED FOR PRIVACY","guang dong","REDACTED FOR PRIVACY","China","","REDACTED FOR PRIVACY","REDACTED FOR PRIVACY","","","","","","","","","","","","","","","","","","","","","","","","","","","","","","","","","","","addPeriod","","",""
"128","xjtlu.kim","2020-05-12 14:00:39","2020-05-08","2020-05-08","2021-05-08","1599","Alibaba Cloud Computing Ltd. d/b/a HiChina (www.net.cn)","http://whois.hichina.com/","http://www.net.cn","???????","???????","","","??","","China","","","","","","","","","","","","","","","","","","","","","","","","","","","","","","","","","","dns25.hichina.com","dns26.hichina.com","","","addPeriod","serverTransferProhibited","",""
"129","xjtlu.life","2020-05-12 21:07:47","2020-05-07","2020-05-12","2021-05-07","1599","Alibaba Cloud Computing Ltd. d/b/a HiChina (www.net.cn)","http://whois.hichina.com/","http://www.net.cn","REDACTED FOR PRIVACY","xi jiao li wu pu da xue","REDACTED FOR PRIVACY","REDACTED FOR PRIVACY","jiang su","REDACTED FOR PRIVACY","China","","REDACTED FOR PRIVACY","REDACTED FOR PRIVACY","","","","","","","","","","","","","","","","","","","","","","","","","","","","","","","","","","","OK","","",""
"130","xunmai.ltd","2020-05-12 21:16:52","2020-05-09","2020-05-09","2021-05-09","1599","Alibaba Cloud Computing Ltd. d/b/a HiChina (www.net.cn)","http://whois.hichina.com/","http://www.net.cn","REDACTED FOR PRIVACY","xiaoguang","REDACTED FOR PRIVACY","REDACTED FOR PRIVACY","He Nan","REDACTED FOR PRIVACY","China","","REDACTED FOR PRIVACY","REDACTED FOR PRIVACY","","","","","","","","","","","","","","","","","","","","","","","","","","","","","","","","","","","addPeriod","","",""
"131","yime.kim","2020-05-12 21:01:57","2020-05-10","2020-05-10","2021-05-10","1599","Alibaba Cloud Computing Ltd. d/b/a HiChina (www.net.cn)","http://whois.hichina.com/","http://www.net.cn","???","???","","","??","","China","","","","","","","","","","","","","","","","","","","","","","","","","","","","","","","","","","dns23.hichina.com","dns24.hichina.com","","","addPeriod","serverTransferProhibited","",""
"132","yingji.ltd","2020-05-12 21:16:52","2020-05-08","2020-05-09","2021-05-08","1599","Alibaba Cloud Computing Ltd. d/b/a HiChina (www.net.cn)","http://whois.hichina.com/","http://www.net.cn","REDACTED FOR PRIVACY","Tian Jin Ying Ji Yi Liao Ke Ji You Xian Gong Si","REDACTED FOR PRIVACY","REDACTED FOR PRIVACY","Tian Jin","REDACTED FOR PRIVACY","China","","REDACTED FOR PRIVACY","REDACTED FOR PRIVACY","","","","","","","","","","","","","","","","","","","","","","","","","","","","","","","","","","","addPeriod","","",""
"133","yipan.ltd","2020-05-12 21:16:51","2020-05-11","2020-05-11","2021-05-11","1599","Alibaba Cloud Computing Ltd. d/b/a HiChina (www.net.cn)","http://whois.hichina.com/","http://www.net.cn","REDACTED FOR PRIVACY","zhao jing jing","REDACTED FOR PRIVACY","REDACTED FOR PRIVACY","bei jing","REDACTED FOR PRIVACY","China","","REDACTED FOR PRIVACY","REDACTED FOR PRIVACY","","","","","","","","","","","","","","","","","","","","","","","","","","","","","","","","","","","addPeriod","","",""
"134","yuden.ltd","2020-05-12 21:16:52","2020-05-09","2020-05-09","2021-05-09","1599","Alibaba Cloud Computing Ltd. d/b/a HiChina (www.net.cn)","http://whois.hichina.com/","http://www.net.cn","REDACTED FOR PRIVACY","Wu Wei Xiong","REDACTED FOR PRIVACY","REDACTED FOR PRIVACY","Guang Dong","REDACTED FOR PRIVACY","China","","REDACTED FOR PRIVACY","REDACTED FOR PRIVACY","","","","","","","","","","","","","","","","","","","","","","","","","","","","","","","","","","","addPeriod","","",""
"135","yuejin.ltd","2020-05-12 21:16:52","2020-05-09","2020-05-12","2021-05-09","1599","Alibaba Cloud Computing Ltd. d/b/a HiChina (www.net.cn)","http://whois.hichina.com/","http://www.net.cn","REDACTED FOR PRIVACY","nan jing hai yu ruan jian ke ji you xian gong si","REDACTED FOR PRIVACY","REDACTED FOR PRIVACY","Jiang Su","REDACTED FOR PRIVACY","China","","REDACTED FOR PRIVACY","REDACTED FOR PRIVACY","","","","","","","","","","","","","","","","","","","","","","","","","","","","","","","","","","","addPeriod","","",""
"136","yuemei.ltd","2020-05-12 21:16:52","2020-05-10","2020-05-10","2021-05-10","1599","Alibaba Cloud Computing Ltd. d/b/a HiChina (www.net.cn)","http://whois.hichina.com/","http://www.net.cn","REDACTED FOR PRIVACY","zhang bing","REDACTED FOR PRIVACY","REDACTED FOR PRIVACY","an hui","REDACTED FOR PRIVACY","China","","REDACTED FOR PRIVACY","REDACTED FOR PRIVACY","","","","","","","","","","","","","","","","","","","","","","","","","","","","","","","","","","","addPeriod","","",""
"137","yuemeihong.ltd","2020-05-12 21:16:52","2020-05-10","2020-05-10","2021-05-10","1599","Alibaba Cloud Computing Ltd. d/b/a HiChina (www.net.cn)","http://whois.hichina.com/","http://www.net.cn","REDACTED FOR PRIVACY","zhang bing","REDACTED FOR PRIVACY","REDACTED FOR PRIVACY","an hui","REDACTED FOR PRIVACY","China","","REDACTED FOR PRIVACY","REDACTED FOR PRIVACY","","","","","","","","","","","","","","","","","","","","","","","","","","","","","","","","","","","addPeriod","","",""
"138","yunba.ltd","2020-05-12 21:16:52","2020-05-09","2020-05-10","2021-05-09","1599","Alibaba Cloud Computing Ltd. d/b/a HiChina (www.net.cn)","http://whois.hichina.com/","http://www.net.cn","REDACTED FOR PRIVACY","liyuxi","REDACTED FOR PRIVACY","REDACTED FOR PRIVACY","Jiang Su","REDACTED FOR PRIVACY","China","","REDACTED FOR PRIVACY","REDACTED FOR PRIVACY","","","","","","","","","","","","","","","","","","","","","","","","","","","","","","","","","","","addPeriod","","",""
"139","yxjt.ltd","2020-05-12 21:16:52","2020-05-09","2020-05-09","2021-05-09","1599","Alibaba Cloud Computing Ltd. d/b/a HiChina (www.net.cn)","http://whois.hichina.com/","http://www.net.cn","REDACTED FOR PRIVACY","senge2016","REDACTED FOR PRIVACY","REDACTED FOR PRIVACY","Beijing","REDACTED FOR PRIVACY","China","","REDACTED FOR PRIVACY","REDACTED FOR PRIVACY","","","","","","","","","","","","","","","","","","","","","","","","","","","","","","","","","","","addPeriod","","",""
"140","z-q.ltd","2020-05-12 21:16:52","2020-05-10","2020-05-10","2021-05-10","1599","Alibaba Cloud Computing Ltd. d/b/a HiChina (www.net.cn)","http://whois.hichina.com/","http://www.net.cn","REDACTED FOR PRIVACY","liuxinyi","REDACTED FOR PRIVACY","REDACTED FOR PRIVACY","shan xi","REDACTED FOR PRIVACY","China","","REDACTED FOR PRIVACY","REDACTED FOR PRIVACY","","","","","","","","","","","","","","","","","","","","","","","","","","","","","","","","","","","addPeriod","","",""
"141","zcsx.ltd","2020-05-12 21:16:52","2020-05-10","2020-05-10","2021-05-10","1599","Alibaba Cloud Computing Ltd. d/b/a HiChina (www.net.cn)","http://whois.hichina.com/","http://www.net.cn","REDACTED FOR PRIVACY","an hui guang jian shu ye mao yi you xian gong si","REDACTED FOR PRIVACY","REDACTED FOR PRIVACY","an hui","REDACTED FOR PRIVACY","China","","REDACTED FOR PRIVACY","REDACTED FOR PRIVACY","","","","","","","","","","","","","","","","","","","","","","","","","","","","","","","","","","","addPeriod","","",""
"142","zhangbiao.life","2020-05-12 21:07:48","2020-05-09","2020-05-11","2021-05-09","1599","Alibaba Cloud Computing Ltd. d/b/a HiChina (www.net.cn)","http://whois.hichina.com/","http://www.net.cn","REDACTED FOR PRIVACY","zhang biao","REDACTED FOR PRIVACY","REDACTED FOR PRIVACY","he nan","REDACTED FOR PRIVACY","China","","REDACTED FOR PRIVACY","REDACTED FOR PRIVACY","","","","","","","","","","","","","","","","","","","","","","","","","","","","","","","","","","","addPeriod","","",""
"143","zhimayun.ltd","2020-05-12 21:16:52","2020-05-10","2020-05-10","2021-05-10","1599","Alibaba Cloud Computing Ltd. d/b/a HiChina (www.net.cn)","http://whois.hichina.com/","http://www.net.cn","REDACTED FOR PRIVACY","shan xi zhi ma shu zi ke ji you xian gong si","REDACTED FOR PRIVACY","REDACTED FOR PRIVACY","shan xi","REDACTED FOR PRIVACY","China","","REDACTED FOR PRIVACY","REDACTED FOR PRIVACY","","","","","","","","","","","","","","","","","","","","","","","","","","","","","","","","","","","addPeriod","","",""
"144","zhouhen.ltd","2020-05-12 21:16:52","2020-05-07","2020-05-12","2021-05-07","1599","Alibaba Cloud Computing Ltd. d/b/a HiChina (www.net.cn)","http://whois.hichina.com/","http://www.net.cn","REDACTED FOR PRIVACY","jian ou shi zhou heng wei yu dian","REDACTED FOR PRIVACY","REDACTED FOR PRIVACY","fu jian","REDACTED FOR PRIVACY","China","","REDACTED FOR PRIVACY","REDACTED FOR PRIVACY","","","","","","","","","","","","","","","","","","","","","","","","","","","","","","","","","","","OK","","",""
"145","zongheng.ltd","2020-05-12 21:16:51","2020-05-10","2020-05-10","2021-05-10","1599","Alibaba Cloud Computing Ltd. d/b/a HiChina (www.net.cn)","http://whois.hichina.com/","http://www.net.cn","REDACTED FOR PRIVACY","Peng Xiang Yu","REDACTED FOR PRIVACY","REDACTED FOR PRIVACY","Guang Dong","REDACTED FOR PRIVACY","China","","REDACTED FOR PRIVACY","REDACTED FOR PRIVACY","","","","","","","","","","","","","","","","","","","","","","","","","","","","","","","","","","","addPeriod","","",""