"num","domain_name","query_time","create_date","update_date","expiry_date","domain_registrar_id","domain_registrar_name","domain_registrar_whois","domain_registrar_url","registrant_name","registrant_company","registrant_address","registrant_city","registrant_state","registrant_zip","registrant_country","registrant_email","registrant_phone","registrant_fax","administrative_name","administrative_company","administrative_address","administrative_city","administrative_state","administrative_zip","administrative_country","administrative_email","administrative_phone","administrative_fax","technical_name","technical_company","technical_address","technical_city","technical_state","technical_zip","technical_country","technical_email","technical_phone","technical_fax","billing_name","billing_company","billing_address","billing_city","billing_state","billing_zip","billing_country","billing_email","billing_phone","billing_fax","name_server_1","name_server_2","name_server_3","name_server_4","domain_status_1","domain_status_2","domain_status_3","domain_status_4"
"1","antennaebuysellads.net","2020-05-12 14:00:44","2020-05-09","2020-05-09","2021-05-09","3775","ALIBABA.COM SINGAPORE E-COMMERCE PRIVATE LIMITED","","","","","","","England","","United States","","","","","","","","","","","","","","","","","","","","","","","","","","","","","","","","","","ns7.alidns.com","ns8.alidns.com","","","OK","","",""
"2","defoghurdle.com","2020-05-12 01:58:20","2020-05-09","2020-05-09","2021-05-09","3775","ALIBABA.COM SINGAPORE E-COMMERCE PRIVATE LIMITED","","","","","","","England","","United States","","","","","","","","","","","","","","","","","","","","","","","","","","","","","","","","","","ns7.alidns.com","ns8.alidns.com","","","OK","","",""
"3","dreadlockhydrogen.net","2020-05-12 21:49:22","2020-05-11","2020-05-11","2021-05-11","3775","ALIBABA.COM SINGAPORE E-COMMERCE PRIVATE LIMITED","","","","","","","mohamed","","United States","","","","","","","","","","","","","","","","","","","","","","","","","","","","","","","","","","ns7.alidns.com","ns8.alidns.com","","","OK","","",""
"4","durorhouzz.net","2020-05-12 21:48:43","2020-05-09","2020-05-09","2021-05-09","3775","ALIBABA.COM SINGAPORE E-COMMERCE PRIVATE LIMITED","","","","","","","England","","United States","","","","","","","","","","","","","","","","","","","","","","","","","","","","","","","","","","ns7.alidns.com","ns8.alidns.com","","","OK","","",""
"5","electionskied.net","2020-05-12 21:48:09","2020-05-09","2020-05-09","2021-05-09","3775","ALIBABA.COM SINGAPORE E-COMMERCE PRIVATE LIMITED","","","","","","","England","","United States","","","","","","","","","","","","","","","","","","","","","","","","","","","","","","","","","","ns7.alidns.com","ns8.alidns.com","","","OK","","",""
"6","elfhydrogen.net","2020-05-12 21:48:09","2020-05-11","2020-05-11","2021-05-11","3775","ALIBABA.COM SINGAPORE E-COMMERCE PRIVATE LIMITED","","","","","","","mohamed","","United States","","","","","","","","","","","","","","","","","","","","","","","","","","","","","","","","","","ns7.alidns.com","ns8.alidns.com","","","OK","","",""
"7","essentialsudoku.com","2020-05-12 20:21:19","2020-05-09","2020-05-09","2021-05-09","3775","ALIBABA.COM SINGAPORE E-COMMERCE PRIVATE LIMITED","","","","","","","England","","United States","","","","","","","","","","","","","","","","","","","","","","","","","","","","","","","","","","ns7.alidns.com","ns8.alidns.com","","","OK","","",""
"8","evacuationcarker.net","2020-05-12 21:48:01","2020-05-09","2020-05-09","2021-05-09","3775","ALIBABA.COM SINGAPORE E-COMMERCE PRIVATE LIMITED","","","","","","","England","","United States","","","","","","","","","","","","","","","","","","","","","","","","","","","","","","","","","","ns7.alidns.com","ns8.alidns.com","","","OK","","",""
"9","filecarat.net","2020-05-12 21:47:51","2020-05-09","2020-05-09","2021-05-09","3775","ALIBABA.COM SINGAPORE E-COMMERCE PRIVATE LIMITED","","","","","","","England","","United States","","","","","","","","","","","","","","","","","","","","","","","","","","","","","","","","","","ns7.alidns.com","ns8.alidns.com","","","OK","","",""
"10","fionahydrogen.net","2020-05-12 21:47:50","2020-05-11","2020-05-11","2021-05-11","3775","ALIBABA.COM SINGAPORE E-COMMERCE PRIVATE LIMITED","","","","","","","mohamed","","United States","","","","","","","","","","","","","","","","","","","","","","","","","","","","","","","","","","ns7.alidns.com","ns8.alidns.com","","","OK","","",""
"11","flutteringshoulder.net","2020-05-12 21:47:46","2020-05-09","2020-05-09","2021-05-09","3775","ALIBABA.COM SINGAPORE E-COMMERCE PRIVATE LIMITED","","","","","","","England","","United States","","","","","","","","","","","","","","","","","","","","","","","","","","","","","","","","","","ns7.alidns.com","ns8.alidns.com","","","OK","","",""
"12","follyhydrogen.net","2020-05-12 21:47:46","2020-05-11","2020-05-11","2021-05-11","3775","ALIBABA.COM SINGAPORE E-COMMERCE PRIVATE LIMITED","","","","","","","mohamed","","United States","","","","","","","","","","","","","","","","","","","","","","","","","","","","","","","","","","ns7.alidns.com","ns8.alidns.com","","","OK","","",""
"13","footboardoven.net","2020-05-12 21:47:45","2020-05-09","2020-05-09","2021-05-09","3775","ALIBABA.COM SINGAPORE E-COMMERCE PRIVATE LIMITED","","","","","","","England","","United States","","","","","","","","","","","","","","","","","","","","","","","","","","","","","","","","","","ns7.alidns.com","ns8.alidns.com","","","OK","","",""
"14","frayedphrase.net","2020-05-12 21:47:42","2020-05-09","2020-05-09","2021-05-09","3775","ALIBABA.COM SINGAPORE E-COMMERCE PRIVATE LIMITED","","","","","","","England","","United States","","","","","","","","","","","","","","","","","","","","","","","","","","","","","","","","","","ns7.alidns.com","ns8.alidns.com","","","OK","","",""
"15","glimpseenglish.net","2020-05-12 21:47:30","2020-05-11","2020-05-11","2021-05-11","3775","ALIBABA.COM SINGAPORE E-COMMERCE PRIVATE LIMITED","","","","","","","meshoo","","United States","","","","","","","","","","","","","","","","","","","","","","","","","","","","","","","","","","ns7.alidns.com","ns8.alidns.com","","","OK","","",""
"16","goatishgigantic.net","2020-05-12 21:47:28","2020-05-11","2020-05-11","2021-05-11","3775","ALIBABA.COM SINGAPORE E-COMMERCE PRIVATE LIMITED","","","","","","","meshoo","","United States","","","","","","","","","","","","","","","","","","","","","","","","","","","","","","","","","","ns7.alidns.com","ns8.alidns.com","","","OK","","",""
"17","herbertrecognition.net","2020-05-12 13:46:17","2020-05-09","2020-05-09","2021-05-09","3775","ALIBABA.COM SINGAPORE E-COMMERCE PRIVATE LIMITED","","","","","","","England","","United States","","","","","","","","","","","","","","","","","","","","","","","","","","","","","","","","","","ns7.alidns.com","ns8.alidns.com","","","OK","","",""
"18","livebaccarat.loan","2020-05-12 14:38:02","2020-05-10","2020-05-10","2021-05-10","3775","ALIBABA.COM SINGAPORE E-COMMERCE PRIVATE LIMITED","","","BS303","BS303","","","Bangkok","","Cambodia","","","","","","","","","","","","","","","","","","","","","","","","","","","","","","","","","","chloe.ns.cloudflare.com","cleo.ns.cloudflare.com","","","addPeriod","ok","",""
"19","pasterncraft.net","2020-05-12 21:50:56","2020-05-09","2020-05-09","2021-05-09","3775","ALIBABA.COM SINGAPORE E-COMMERCE PRIVATE LIMITED","","","","","","","England","","United States","","","","","","","","","","","","","","","","","","","","","","","","","","","","","","","","","","ns7.alidns.com","ns8.alidns.com","","","OK","","",""
"20","paymentpeeds.net","2020-05-12 21:50:54","2020-05-09","2020-05-09","2021-05-09","3775","ALIBABA.COM SINGAPORE E-COMMERCE PRIVATE LIMITED","","","","","","","England","","United States","","","","","","","","","","","","","","","","","","","","","","","","","","","","","","","","","","ns7.alidns.com","ns8.alidns.com","","","OK","","",""
"21","pedantelves.net","2020-05-12 21:50:52","2020-05-09","2020-05-09","2021-05-09","3775","ALIBABA.COM SINGAPORE E-COMMERCE PRIVATE LIMITED","","","","","","","England","","United States","","","","","","","","","","","","","","","","","","","","","","","","","","","","","","","","","","ns7.alidns.com","ns8.alidns.com","","","OK","","",""
"22","physiciangaudy.net","2020-05-12 21:50:48","2020-05-09","2020-05-09","2021-05-09","3775","ALIBABA.COM SINGAPORE E-COMMERCE PRIVATE LIMITED","","","","","","","England","","United States","","","","","","","","","","","","","","","","","","","","","","","","","","","","","","","","","","ns7.alidns.com","ns8.alidns.com","","","OK","","",""
"23","pliableproblem.net","2020-05-12 21:50:45","2020-05-09","2020-05-09","2021-05-09","3775","ALIBABA.COM SINGAPORE E-COMMERCE PRIVATE LIMITED","","","","","","","England","","United States","","","","","","","","","","","","","","","","","","","","","","","","","","","","","","","","","","ns7.alidns.com","ns8.alidns.com","","","OK","","",""
"24","plugchute.net","2020-05-12 21:50:47","2020-05-09","2020-05-09","2021-05-09","3775","ALIBABA.COM SINGAPORE E-COMMERCE PRIVATE LIMITED","","","","","","","England","","United States","","","","","","","","","","","","","","","","","","","","","","","","","","","","","","","","","","ns7.alidns.com","ns8.alidns.com","","","OK","","",""
"25","plywoodcrow.net","2020-05-12 21:50:45","2020-05-09","2020-05-09","2021-05-09","3775","ALIBABA.COM SINGAPORE E-COMMERCE PRIVATE LIMITED","","","","","","","England","","United States","","","","","","","","","","","","","","","","","","","","","","","","","","","","","","","","","","ns7.alidns.com","ns8.alidns.com","","","OK","","",""
"26","pockethafnium.net","2020-05-12 21:50:44","2020-05-09","2020-05-09","2021-05-09","3775","ALIBABA.COM SINGAPORE E-COMMERCE PRIVATE LIMITED","","","","","","","England","","United States","","","","","","","","","","","","","","","","","","","","","","","","","","","","","","","","","","ns7.alidns.com","ns8.alidns.com","","","OK","","",""
"27","polarhydrogen.net","2020-05-12 21:50:47","2020-05-11","2020-05-11","2021-05-11","3775","ALIBABA.COM SINGAPORE E-COMMERCE PRIVATE LIMITED","","","","","","","mohamed","","United States","","","","","","","","","","","","","","","","","","","","","","","","","","","","","","","","","","ns7.alidns.com","ns8.alidns.com","","","OK","","",""
"28","portfoliowellhams.net","2020-05-12 21:50:51","2020-05-09","2020-05-09","2021-05-09","3775","ALIBABA.COM SINGAPORE E-COMMERCE PRIVATE LIMITED","","","","","","","England","","United States","","","","","","","","","","","","","","","","","","","","","","","","","","","","","","","","","","ns7.alidns.com","ns8.alidns.com","","","OK","","",""
"29","portiahydrogen.net","2020-05-12 21:50:43","2020-05-11","2020-05-11","2021-05-11","3775","ALIBABA.COM SINGAPORE E-COMMERCE PRIVATE LIMITED","","","","","","","mohamed","","United States","","","","","","","","","","","","","","","","","","","","","","","","","","","","","","","","","","ns7.alidns.com","ns8.alidns.com","","","OK","","",""
"30","possibilitydorbel.net","2020-05-12 21:50:42","2020-05-11","2020-05-11","2021-05-11","3775","ALIBABA.COM SINGAPORE E-COMMERCE PRIVATE LIMITED","","","","","","","meshoo","","United States","","","","","","","","","","","","","","","","","","","","","","","","","","","","","","","","","","ns7.alidns.com","ns8.alidns.com","","","OK","","",""
"31","powwowsingle.net","2020-05-12 21:50:41","2020-05-09","2020-05-09","2021-05-09","3775","ALIBABA.COM SINGAPORE E-COMMERCE PRIVATE LIMITED","","","","","","","England","","United States","","","","","","","","","","","","","","","","","","","","","","","","","","","","","","","","","","ns7.alidns.com","ns8.alidns.com","","","OK","","",""
"32","prairiejack.net","2020-05-12 21:50:41","2020-05-09","2020-05-09","2021-05-09","3775","ALIBABA.COM SINGAPORE E-COMMERCE PRIVATE LIMITED","","","","","","","England","","United States","","","","","","","","","","","","","","","","","","","","","","","","","","","","","","","","","","ns7.alidns.com","ns8.alidns.com","","","OK","","",""
"33","propertystopped.net","2020-05-12 21:50:39","2020-05-09","2020-05-09","2021-05-09","3775","ALIBABA.COM SINGAPORE E-COMMERCE PRIVATE LIMITED","","","","","","","England","","United States","","","","","","","","","","","","","","","","","","","","","","","","","","","","","","","","","","ns7.alidns.com","ns8.alidns.com","","","OK","","",""
"34","ragweedroskhill.net","2020-05-12 21:50:28","2020-05-09","2020-05-09","2021-05-09","3775","ALIBABA.COM SINGAPORE E-COMMERCE PRIVATE LIMITED","","","","","","","England","","United States","","","","","","","","","","","","","","","","","","","","","","","","","","","","","","","","","","ns7.alidns.com","ns8.alidns.com","","","OK","","",""
"35","raindropunsecured.net","2020-05-12 21:50:29","2020-05-11","2020-05-11","2021-05-11","3775","ALIBABA.COM SINGAPORE E-COMMERCE PRIVATE LIMITED","","","","","","","mohamed","","United States","","","","","","","","","","","","","","","","","","","","","","","","","","","","","","","","","","ns7.alidns.com","ns8.alidns.com","","","OK","","",""
"36","ravinglute.net","2020-05-12 21:50:26","2020-05-11","2020-05-11","2021-05-11","3775","ALIBABA.COM SINGAPORE E-COMMERCE PRIVATE LIMITED","","","","","","","meshoo","","United States","","","","","","","","","","","","","","","","","","","","","","","","","","","","","","","","","","ns7.alidns.com","ns8.alidns.com","","","OK","","",""
"37","reappearflier.net","2020-05-12 21:50:25","2020-05-09","2020-05-09","2021-05-09","3775","ALIBABA.COM SINGAPORE E-COMMERCE PRIVATE LIMITED","","","","","","","England","","United States","","","","","","","","","","","","","","","","","","","","","","","","","","","","","","","","","","ns7.alidns.com","ns8.alidns.com","","","OK","","",""
"38","redshankdomestic.net","2020-05-12 21:50:22","2020-05-09","2020-05-09","2021-05-09","3775","ALIBABA.COM SINGAPORE E-COMMERCE PRIVATE LIMITED","","","","","","","England","","United States","","","","","","","","","","","","","","","","","","","","","","","","","","","","","","","","","","ns7.alidns.com","ns8.alidns.com","","","OK","","",""
"39","reducedeputize.net","2020-05-12 21:50:23","2020-05-09","2020-05-09","2021-05-09","3775","ALIBABA.COM SINGAPORE E-COMMERCE PRIVATE LIMITED","","","","","","","England","","United States","","","","","","","","","","","","","","","","","","","","","","","","","","","","","","","","","","ns7.alidns.com","ns8.alidns.com","","","OK","","",""
"40","reflectionbutter.net","2020-05-12 21:50:22","2020-05-11","2020-05-11","2021-05-11","3775","ALIBABA.COM SINGAPORE E-COMMERCE PRIVATE LIMITED","","","","","","","mohamed","","United States","","","","","","","","","","","","","","","","","","","","","","","","","","","","","","","","","","ns7.alidns.com","ns8.alidns.com","","","OK","","",""
"41","reflectionchord.net","2020-05-12 21:50:23","2020-05-11","2020-05-11","2021-05-11","3775","ALIBABA.COM SINGAPORE E-COMMERCE PRIVATE LIMITED","","","","","","","mohamed","","United States","","","","","","","","","","","","","","","","","","","","","","","","","","","","","","","","","","ns7.alidns.com","ns8.alidns.com","","","OK","","",""
"42","reflectionhydrogen.net","2020-05-12 21:50:24","2020-05-11","2020-05-11","2021-05-11","3775","ALIBABA.COM SINGAPORE E-COMMERCE PRIVATE LIMITED","","","","","","","meshoo","","United States","","","","","","","","","","","","","","","","","","","","","","","","","","","","","","","","","","ns7.alidns.com","ns8.alidns.com","","","OK","","",""
"43","reflectionindigo.net","2020-05-12 21:50:22","2020-05-11","2020-05-11","2021-05-11","3775","ALIBABA.COM SINGAPORE E-COMMERCE PRIVATE LIMITED","","","","","","","mohamed","","United States","","","","","","","","","","","","","","","","","","","","","","","","","","","","","","","","","","ns7.alidns.com","ns8.alidns.com","","","OK","","",""
"44","reflectionkentledge.net","2020-05-12 21:50:22","2020-05-11","2020-05-11","2021-05-11","3775","ALIBABA.COM SINGAPORE E-COMMERCE PRIVATE LIMITED","","","","","","","mohamed","","United States","","","","","","","","","","","","","","","","","","","","","","","","","","","","","","","","","","ns7.alidns.com","ns8.alidns.com","","","OK","","",""
"45","reflectionnotice.net","2020-05-12 21:50:22","2020-05-11","2020-05-11","2021-05-11","3775","ALIBABA.COM SINGAPORE E-COMMERCE PRIVATE LIMITED","","","","","","","mohamed","","United States","","","","","","","","","","","","","","","","","","","","","","","","","","","","","","","","","","ns7.alidns.com","ns8.alidns.com","","","OK","","",""
"46","reflectionof.net","2020-05-12 21:50:22","2020-05-11","2020-05-11","2021-05-11","3775","ALIBABA.COM SINGAPORE E-COMMERCE PRIVATE LIMITED","","","","","","","mohamed","","United States","","","","","","","","","","","","","","","","","","","","","","","","","","","","","","","","","","ns7.alidns.com","ns8.alidns.com","","","OK","","",""
"47","reflectionpesky.net","2020-05-12 21:50:22","2020-05-11","2020-05-11","2021-05-11","3775","ALIBABA.COM SINGAPORE E-COMMERCE PRIVATE LIMITED","","","","","","","mohamed","","United States","","","","","","","","","","","","","","","","","","","","","","","","","","","","","","","","","","ns7.alidns.com","ns8.alidns.com","","","OK","","",""
"48","reflectionravine.net","2020-05-12 21:50:23","2020-05-11","2020-05-11","2021-05-11","3775","ALIBABA.COM SINGAPORE E-COMMERCE PRIVATE LIMITED","","","","","","","mohamed","","United States","","","","","","","","","","","","","","","","","","","","","","","","","","","","","","","","","","ns7.alidns.com","ns8.alidns.com","","","OK","","",""
"49","reflectionupbeat.net","2020-05-12 21:50:24","2020-05-11","2020-05-11","2021-05-11","3775","ALIBABA.COM SINGAPORE E-COMMERCE PRIVATE LIMITED","","","","","","","mohamed","","United States","","","","","","","","","","","","","","","","","","","","","","","","","","","","","","","","","","ns7.alidns.com","ns8.alidns.com","","","OK","","",""
"50","reflectionvegas.net","2020-05-12 21:50:22","2020-05-11","2020-05-11","2021-05-11","3775","ALIBABA.COM SINGAPORE E-COMMERCE PRIVATE LIMITED","","","","","","","mohamed","","United States","","","","","","","","","","","","","","","","","","","","","","","","","","","","","","","","","","ns7.alidns.com","ns8.alidns.com","","","OK","","",""
"51","resentretreat.net","2020-05-12 21:50:20","2020-05-09","2020-05-09","2021-05-09","3775","ALIBABA.COM SINGAPORE E-COMMERCE PRIVATE LIMITED","","","","","","","England","","United States","","","","","","","","","","","","","","","","","","","","","","","","","","","","","","","","","","ns7.alidns.com","ns8.alidns.com","","","OK","","",""
"52","ritzybire.net","2020-05-12 21:50:15","2020-05-09","2020-05-09","2021-05-09","3775","ALIBABA.COM SINGAPORE E-COMMERCE PRIVATE LIMITED","","","","","","","England","","United States","","","","","","","","","","","","","","","","","","","","","","","","","","","","","","","","","","ns7.alidns.com","ns8.alidns.com","","","OK","","",""
"53","rodeothermal.net","2020-05-12 21:50:14","2020-05-09","2020-05-09","2021-05-09","3775","ALIBABA.COM SINGAPORE E-COMMERCE PRIVATE LIMITED","","","","","","","England","","United States","","","","","","","","","","","","","","","","","","","","","","","","","","","","","","","","","","ns7.alidns.com","ns8.alidns.com","","","OK","","",""
"54","rollysqueak.net","2020-05-12 21:50:14","2020-05-09","2020-05-09","2021-05-09","3775","ALIBABA.COM SINGAPORE E-COMMERCE PRIVATE LIMITED","","","","","","","England","","United States","","","","","","","","","","","","","","","","","","","","","","","","","","","","","","","","","","ns7.alidns.com","ns8.alidns.com","","","OK","","",""
"55","roombrim.net","2020-05-12 21:50:14","2020-05-09","2020-05-09","2021-05-09","3775","ALIBABA.COM SINGAPORE E-COMMERCE PRIVATE LIMITED","","","","","","","England","","United States","","","","","","","","","","","","","","","","","","","","","","","","","","","","","","","","","","ns7.alidns.com","ns8.alidns.com","","","OK","","",""
"56","roundingcage.net","2020-05-12 21:50:17","2020-05-09","2020-05-09","2021-05-09","3775","ALIBABA.COM SINGAPORE E-COMMERCE PRIVATE LIMITED","","","","","","","England","","United States","","","","","","","","","","","","","","","","","","","","","","","","","","","","","","","","","","ns7.alidns.com","ns8.alidns.com","","","OK","","",""
"57","rydberghydrogen.net","2020-05-12 21:50:14","2020-05-11","2020-05-11","2021-05-11","3775","ALIBABA.COM SINGAPORE E-COMMERCE PRIVATE LIMITED","","","","","","","mohamed","","United States","","","","","","","","","","","","","","","","","","","","","","","","","","","","","","","","","","ns7.alidns.com","ns8.alidns.com","","","OK","","",""
"58","sacrificechanging.net","2020-05-12 21:50:11","2020-05-09","2020-05-09","2021-05-09","3775","ALIBABA.COM SINGAPORE E-COMMERCE PRIVATE LIMITED","","","","","","","England","","United States","","","","","","","","","","","","","","","","","","","","","","","","","","","","","","","","","","ns7.alidns.com","ns8.alidns.com","","","OK","","",""
"59","salariedunsecured.net","2020-05-12 21:50:09","2020-05-11","2020-05-11","2021-05-11","3775","ALIBABA.COM SINGAPORE E-COMMERCE PRIVATE LIMITED","","","","","","","mohamed","","United States","","","","","","","","","","","","","","","","","","","","","","","","","","","","","","","","","","ns7.alidns.com","ns8.alidns.com","","","OK","","",""
"60","salembella.net","2020-05-12 21:50:08","2020-05-09","2020-05-09","2021-05-09","3775","ALIBABA.COM SINGAPORE E-COMMERCE PRIVATE LIMITED","","","","","","","England","","United States","","","","","","","","","","","","","","","","","","","","","","","","","","","","","","","","","","ns7.alidns.com","ns8.alidns.com","","","OK","","",""
"61","salmonsignificance.net","2020-05-12 21:50:09","2020-05-09","2020-05-09","2021-05-09","3775","ALIBABA.COM SINGAPORE E-COMMERCE PRIVATE LIMITED","","","","","","","England","","United States","","","","","","","","","","","","","","","","","","","","","","","","","","","","","","","","","","ns7.alidns.com","ns8.alidns.com","","","OK","","",""
"62","savagesets.net","2020-05-12 21:50:05","2020-05-09","2020-05-09","2021-05-09","3775","ALIBABA.COM SINGAPORE E-COMMERCE PRIVATE LIMITED","","","","","","","England","","United States","","","","","","","","","","","","","","","","","","","","","","","","","","","","","","","","","","ns7.alidns.com","ns8.alidns.com","","","OK","","",""
"63","scalereflection.net","2020-05-12 21:50:04","2020-05-11","2020-05-11","2021-05-11","3775","ALIBABA.COM SINGAPORE E-COMMERCE PRIVATE LIMITED","","","","","","","mohamed","","United States","","","","","","","","","","","","","","","","","","","","","","","","","","","","","","","","","","ns7.alidns.com","ns8.alidns.com","","","OK","","",""
"64","scandiumherbs.net","2020-05-12 21:50:04","2020-05-09","2020-05-09","2021-05-09","3775","ALIBABA.COM SINGAPORE E-COMMERCE PRIVATE LIMITED","","","","","","","England","","United States","","","","","","","","","","","","","","","","","","","","","","","","","","","","","","","","","","ns7.alidns.com","ns8.alidns.com","","","OK","","",""
"65","septumprocess.net","2020-05-12 21:49:59","2020-05-09","2020-05-09","2021-05-09","3775","ALIBABA.COM SINGAPORE E-COMMERCE PRIVATE LIMITED","","","","","","","England","","United States","","","","","","","","","","","","","","","","","","","","","","","","","","","","","","","","","","ns7.alidns.com","ns8.alidns.com","","","OK","","",""
"66","siamesesissy.net","2020-05-12 21:49:51","2020-05-09","2020-05-09","2021-05-09","3775","ALIBABA.COM SINGAPORE E-COMMERCE PRIVATE LIMITED","","","","","","","England","","United States","","","","","","","","","","","","","","","","","","","","","","","","","","","","","","","","","","ns7.alidns.com","ns8.alidns.com","","","OK","","",""
"67","swipenippy.com","2020-05-12 18:42:24","2020-05-09","2020-05-09","2021-05-09","3775","ALIBABA.COM SINGAPORE E-COMMERCE PRIVATE LIMITED","","","","","","","England","","United States","","","","","","","","","","","","","","","","","","","","","","","","","","","","","","","","","","ns7.alidns.com","ns8.alidns.com","","","OK","","",""