"num","domain_name","query_time","create_date","update_date","expiry_date","domain_registrar_id","domain_registrar_name","domain_registrar_whois","domain_registrar_url","registrant_name","registrant_company","registrant_address","registrant_city","registrant_state","registrant_zip","registrant_country","registrant_email","registrant_phone","registrant_fax","administrative_name","administrative_company","administrative_address","administrative_city","administrative_state","administrative_zip","administrative_country","administrative_email","administrative_phone","administrative_fax","technical_name","technical_company","technical_address","technical_city","technical_state","technical_zip","technical_country","technical_email","technical_phone","technical_fax","billing_name","billing_company","billing_address","billing_city","billing_state","billing_zip","billing_country","billing_email","billing_phone","billing_fax","name_server_1","name_server_2","name_server_3","name_server_4","domain_status_1","domain_status_2","domain_status_3","domain_status_4"
"1","freedownloads.info","2020-05-12 21:00:16","2020-05-11","2020-05-12","2021-05-11","1601","Atak Domain Hosting Internet d/b/a Atak Teknoloji","whois.verisign-grs.com","http://www.atakteknoloji.com","","","","","ODISHA","","India","","","","","","","","","","","","","","","","","","","","","","","","","","","","","","","","","","ns1.sedoparking.com","ns2.sedoparking.com","","","addPeriod","clientTransferProhibited","serverTransferProhibited",""
"2","homun.biz","2020-05-12 16:36:45","2020-05-08","2020-05-11","2021-05-08","1601","Atak Domain Hosting Internet d/b/a Atak Teknoloji","whois.verisign-grs.com","http://www.atakteknoloji.com","homun","homun","","","Madhya Pradesh","","India","","","","","","","","","","","","","","","","","","","","","","","","","","","","","","","","","","ns1.weblox.ir","ns2.weblox.ir","","","addPeriod","clientTransferProhibited","",""
"3","knightonline.info","2020-05-12 20:59:23","2020-05-09","2020-05-09","2021-05-09","1601","Atak Domain Hosting Internet d/b/a Atak Teknoloji","whois.verisign-grs.com","http://www.atakteknoloji.com","Siber DNS","Siber DNS","","","Esenyurt","","Turkey","","","","","","","","","","","","","","","","","","","","","","","","","","","","","","","","","","ns1.siberhosting.org","ns2.siberhosting.org","ns3.siberhosting.org","ns4.siberhosting.org","addPeriod","clientTransferProhibited","serverTransferProhibited",""
"4","myplay.info","2020-05-12 20:59:12","2020-05-11","2020-05-12","2021-05-11","1601","Atak Domain Hosting Internet d/b/a Atak Teknoloji","whois.verisign-grs.com","http://www.atakteknoloji.com","","","","","Kelantan Darul Naim","","Malaysia","","","","","","","","","","","","","","","","","","","","","","","","","","","","","","","","","","ns1.sedoparking.com","ns2.sedoparking.com","","","addPeriod","clientTransferProhibited","serverTransferProhibited",""
"5","sixpack.info","2020-05-12 21:03:39","2020-05-10","2020-05-10","2021-05-10","1601","Atak Domain Hosting Internet d/b/a Atak Teknoloji","whois.verisign-grs.com","http://www.atakteknoloji.com","","","","","METRO MANILA","","United Arab Emirates","","","","","","","","","","","","","","","","","","","","","","","","","","","","","","","","","","ns1.sedoparking.com","ns2.sedoparking.com","","","addPeriod","clientTransferProhibited","serverTransferProhibited",""
"6","teamspeak.center","2020-05-12 19:21:41","2020-05-11","2020-05-11","2021-05-11","1601","Atak Domain Hosting Internet d/b/a Atak Teknoloji","whois.verisign-grs.com","http://www.atakteknoloji.com","REDACTED FOR PRIVACY","Ylmaz Ulukan","REDACTED FOR PRIVACY","REDACTED FOR PRIVACY","Nigde","REDACTED FOR PRIVACY","Turkey","","REDACTED FOR PRIVACY","REDACTED FOR PRIVACY","","","","","","","","","","","","","","","","","","","","","","","","","","","","","","","","","","","addPeriod","clientTransferProhibited","",""