"num","domain_name","query_time","create_date","update_date","expiry_date","domain_registrar_id","domain_registrar_name","domain_registrar_whois","domain_registrar_url","registrant_name","registrant_company","registrant_address","registrant_city","registrant_state","registrant_zip","registrant_country","registrant_email","registrant_phone","registrant_fax","administrative_name","administrative_company","administrative_address","administrative_city","administrative_state","administrative_zip","administrative_country","administrative_email","administrative_phone","administrative_fax","technical_name","technical_company","technical_address","technical_city","technical_state","technical_zip","technical_country","technical_email","technical_phone","technical_fax","billing_name","billing_company","billing_address","billing_city","billing_state","billing_zip","billing_country","billing_email","billing_phone","billing_fax","name_server_1","name_server_2","name_server_3","name_server_4","domain_status_1","domain_status_2","domain_status_3","domain_status_4"
"1","dy69.net","2020-05-12 21:48:47","2020-05-09","2020-05-09","2021-05-09","1697","DNSPod, Inc.","whois.dnspod.com","http:// www.dnspod.cn","REDACTED FOR PRIVACY","REDACTED FOR PRIVACY","REDACTED FOR PRIVACY","REDACTED FOR PRIVACY","REDACTED FOR PRIVACY","REDACTED FOR PRIVACY","REDACTED FOR PRIVACY","","REDACTED FOR PRIVACY","REDACTED FOR PRIVACY","REDACTED FOR PRIVACY","REDACTED FOR PRIVACY","REDACTED FOR PRIVACY","REDACTED FOR PRIVACY","REDACTED FOR PRIVACY","REDACTED FOR PRIVACY","REDACTED FOR PRIVACY","","REDACTED FOR PRIVACY","REDACTED FOR PRIVACY","REDACTED FOR PRIVACY","REDACTED FOR PRIVACY","REDACTED FOR PRIVACY","","REDACTED FOR PRIVACY","REDACTED FOR PRIVACY","REDACTED FOR PRIVACY","","REDACTED FOR PRIVACY","REDACTED FOR PRIVACY","REDACTED FOR PRIVACY","REDACTED FOR PRIVACY","REDACTED FOR PRIVACY","REDACTED FOR PRIVACY","REDACTED FOR PRIVACY","REDACTED FOR PRIVACY","REDACTED FOR PRIVACY","","REDACTED FOR PRIVACY","","f1g1ns1.dnspod.net","f1g1ns2.dnspod.net","","","OK","","",""
"2","e-forwarder.net","2020-05-12 21:48:41","2020-05-10","2020-05-11","2021-05-10","1697","DNSPod, Inc.","whois.dnspod.com","http:// www.dnspod.cn","REDACTED FOR PRIVACY","REDACTED FOR PRIVACY","REDACTED FOR PRIVACY","REDACTED FOR PRIVACY","REDACTED FOR PRIVACY","REDACTED FOR PRIVACY","REDACTED FOR PRIVACY","","REDACTED FOR PRIVACY","REDACTED FOR PRIVACY","REDACTED FOR PRIVACY","REDACTED FOR PRIVACY","REDACTED FOR PRIVACY","REDACTED FOR PRIVACY","REDACTED FOR PRIVACY","REDACTED FOR PRIVACY","REDACTED FOR PRIVACY","","REDACTED FOR PRIVACY","REDACTED FOR PRIVACY","REDACTED FOR PRIVACY","REDACTED FOR PRIVACY","REDACTED FOR PRIVACY","","REDACTED FOR PRIVACY","REDACTED FOR PRIVACY","REDACTED FOR PRIVACY","","REDACTED FOR PRIVACY","REDACTED FOR PRIVACY","REDACTED FOR PRIVACY","REDACTED FOR PRIVACY","REDACTED FOR PRIVACY","REDACTED FOR PRIVACY","REDACTED FOR PRIVACY","REDACTED FOR PRIVACY","REDACTED FOR PRIVACY","","REDACTED FOR PRIVACY","","f1g1ns1.dnspod.net","f1g1ns2.dnspod.net","","","OK","","",""
"3","elei5.net","2020-05-12 21:48:10","2020-05-09","2020-05-09","2021-05-09","1697","DNSPod, Inc.","whois.dnspod.com","http:// www.dnspod.cn","REDACTED FOR PRIVACY","REDACTED FOR PRIVACY","REDACTED FOR PRIVACY","REDACTED FOR PRIVACY","REDACTED FOR PRIVACY","REDACTED FOR PRIVACY","REDACTED FOR PRIVACY","","REDACTED FOR PRIVACY","REDACTED FOR PRIVACY","REDACTED FOR PRIVACY","REDACTED FOR PRIVACY","REDACTED FOR PRIVACY","REDACTED FOR PRIVACY","REDACTED FOR PRIVACY","REDACTED FOR PRIVACY","REDACTED FOR PRIVACY","","REDACTED FOR PRIVACY","REDACTED FOR PRIVACY","REDACTED FOR PRIVACY","REDACTED FOR PRIVACY","REDACTED FOR PRIVACY","","REDACTED FOR PRIVACY","REDACTED FOR PRIVACY","REDACTED FOR PRIVACY","","REDACTED FOR PRIVACY","REDACTED FOR PRIVACY","REDACTED FOR PRIVACY","REDACTED FOR PRIVACY","REDACTED FOR PRIVACY","REDACTED FOR PRIVACY","REDACTED FOR PRIVACY","REDACTED FOR PRIVACY","REDACTED FOR PRIVACY","","REDACTED FOR PRIVACY","","f1g1ns1.dnspod.net","f1g1ns2.dnspod.net","","","OK","","",""
"4","eleqxiu.net","2020-05-12 21:48:10","2020-05-09","2020-05-09","2021-05-09","1697","DNSPod, Inc.","whois.dnspod.com","http:// www.dnspod.cn","REDACTED FOR PRIVACY","REDACTED FOR PRIVACY","REDACTED FOR PRIVACY","REDACTED FOR PRIVACY","REDACTED FOR PRIVACY","REDACTED FOR PRIVACY","REDACTED FOR PRIVACY","","REDACTED FOR PRIVACY","REDACTED FOR PRIVACY","REDACTED FOR PRIVACY","REDACTED FOR PRIVACY","REDACTED FOR PRIVACY","REDACTED FOR PRIVACY","REDACTED FOR PRIVACY","REDACTED FOR PRIVACY","REDACTED FOR PRIVACY","","REDACTED FOR PRIVACY","REDACTED FOR PRIVACY","REDACTED FOR PRIVACY","REDACTED FOR PRIVACY","REDACTED FOR PRIVACY","","REDACTED FOR PRIVACY","REDACTED FOR PRIVACY","REDACTED FOR PRIVACY","","REDACTED FOR PRIVACY","REDACTED FOR PRIVACY","REDACTED FOR PRIVACY","REDACTED FOR PRIVACY","REDACTED FOR PRIVACY","REDACTED FOR PRIVACY","REDACTED FOR PRIVACY","REDACTED FOR PRIVACY","REDACTED FOR PRIVACY","","REDACTED FOR PRIVACY","","f1g1ns1.dnspod.net","f1g1ns2.dnspod.net","","","OK","","",""
"5","eqcdlu.net","2020-05-12 21:48:05","2020-05-09","2020-05-09","2021-05-09","1697","DNSPod, Inc.","whois.dnspod.com","http:// www.dnspod.cn","REDACTED FOR PRIVACY","REDACTED FOR PRIVACY","REDACTED FOR PRIVACY","REDACTED FOR PRIVACY","REDACTED FOR PRIVACY","REDACTED FOR PRIVACY","REDACTED FOR PRIVACY","","REDACTED FOR PRIVACY","REDACTED FOR PRIVACY","REDACTED FOR PRIVACY","REDACTED FOR PRIVACY","REDACTED FOR PRIVACY","REDACTED FOR PRIVACY","REDACTED FOR PRIVACY","REDACTED FOR PRIVACY","REDACTED FOR PRIVACY","","REDACTED FOR PRIVACY","REDACTED FOR PRIVACY","REDACTED FOR PRIVACY","REDACTED FOR PRIVACY","REDACTED FOR PRIVACY","","REDACTED FOR PRIVACY","REDACTED FOR PRIVACY","REDACTED FOR PRIVACY","","REDACTED FOR PRIVACY","REDACTED FOR PRIVACY","REDACTED FOR PRIVACY","REDACTED FOR PRIVACY","REDACTED FOR PRIVACY","REDACTED FOR PRIVACY","REDACTED FOR PRIVACY","REDACTED FOR PRIVACY","REDACTED FOR PRIVACY","","REDACTED FOR PRIVACY","","f1g1ns1.dnspod.net","f1g1ns2.dnspod.net","","","OK","","",""
"6","eqcdxiu.net","2020-05-12 21:48:04","2020-05-09","2020-05-09","2021-05-09","1697","DNSPod, Inc.","whois.dnspod.com","http:// www.dnspod.cn","REDACTED FOR PRIVACY","REDACTED FOR PRIVACY","REDACTED FOR PRIVACY","REDACTED FOR PRIVACY","REDACTED FOR PRIVACY","REDACTED FOR PRIVACY","REDACTED FOR PRIVACY","","REDACTED FOR PRIVACY","REDACTED FOR PRIVACY","REDACTED FOR PRIVACY","REDACTED FOR PRIVACY","REDACTED FOR PRIVACY","REDACTED FOR PRIVACY","REDACTED FOR PRIVACY","REDACTED FOR PRIVACY","REDACTED FOR PRIVACY","","REDACTED FOR PRIVACY","REDACTED FOR PRIVACY","REDACTED FOR PRIVACY","REDACTED FOR PRIVACY","REDACTED FOR PRIVACY","","REDACTED FOR PRIVACY","REDACTED FOR PRIVACY","REDACTED FOR PRIVACY","","REDACTED FOR PRIVACY","REDACTED FOR PRIVACY","REDACTED FOR PRIVACY","REDACTED FOR PRIVACY","REDACTED FOR PRIVACY","REDACTED FOR PRIVACY","REDACTED FOR PRIVACY","REDACTED FOR PRIVACY","REDACTED FOR PRIVACY","","REDACTED FOR PRIVACY","","f1g1ns1.dnspod.net","f1g1ns2.dnspod.net","","","OK","","",""
"7","fantasystudio.net","2020-05-12 21:47:56","2020-05-09","2020-05-11","2021-05-09","1697","DNSPod, Inc.","whois.dnspod.com","http:// www.dnspod.cn","REDACTED FOR PRIVACY","REDACTED FOR PRIVACY","REDACTED FOR PRIVACY","REDACTED FOR PRIVACY","REDACTED FOR PRIVACY","REDACTED FOR PRIVACY","REDACTED FOR PRIVACY","","REDACTED FOR PRIVACY","REDACTED FOR PRIVACY","REDACTED FOR PRIVACY","REDACTED FOR PRIVACY","REDACTED FOR PRIVACY","REDACTED FOR PRIVACY","REDACTED FOR PRIVACY","REDACTED FOR PRIVACY","REDACTED FOR PRIVACY","","REDACTED FOR PRIVACY","REDACTED FOR PRIVACY","REDACTED FOR PRIVACY","REDACTED FOR PRIVACY","REDACTED FOR PRIVACY","","REDACTED FOR PRIVACY","REDACTED FOR PRIVACY","REDACTED FOR PRIVACY","","REDACTED FOR PRIVACY","REDACTED FOR PRIVACY","REDACTED FOR PRIVACY","REDACTED FOR PRIVACY","REDACTED FOR PRIVACY","REDACTED FOR PRIVACY","REDACTED FOR PRIVACY","REDACTED FOR PRIVACY","REDACTED FOR PRIVACY","","REDACTED FOR PRIVACY","","f1g1ns1.dnspod.net","f1g1ns2.dnspod.net","","","OK","","",""
"8","fengmijidi.net","2020-05-12 21:47:53","2020-05-09","2020-05-09","2021-05-09","1697","DNSPod, Inc.","whois.dnspod.com","http:// www.dnspod.cn","REDACTED FOR PRIVACY","REDACTED FOR PRIVACY","REDACTED FOR PRIVACY","REDACTED FOR PRIVACY","REDACTED FOR PRIVACY","REDACTED FOR PRIVACY","REDACTED FOR PRIVACY","","REDACTED FOR PRIVACY","REDACTED FOR PRIVACY","REDACTED FOR PRIVACY","REDACTED FOR PRIVACY","REDACTED FOR PRIVACY","REDACTED FOR PRIVACY","REDACTED FOR PRIVACY","REDACTED FOR PRIVACY","REDACTED FOR PRIVACY","","REDACTED FOR PRIVACY","REDACTED FOR PRIVACY","REDACTED FOR PRIVACY","REDACTED FOR PRIVACY","REDACTED FOR PRIVACY","","REDACTED FOR PRIVACY","REDACTED FOR PRIVACY","REDACTED FOR PRIVACY","","REDACTED FOR PRIVACY","REDACTED FOR PRIVACY","REDACTED FOR PRIVACY","REDACTED FOR PRIVACY","REDACTED FOR PRIVACY","REDACTED FOR PRIVACY","REDACTED FOR PRIVACY","REDACTED FOR PRIVACY","REDACTED FOR PRIVACY","","REDACTED FOR PRIVACY","","f1g1ns1.dnspod.net","f1g1ns2.dnspod.net","","","OK","","",""
"9","forwarderone.net","2020-05-12 21:47:45","2020-05-10","2020-05-11","2021-05-10","1697","DNSPod, Inc.","whois.dnspod.com","http:// www.dnspod.cn","REDACTED FOR PRIVACY","REDACTED FOR PRIVACY","REDACTED FOR PRIVACY","REDACTED FOR PRIVACY","REDACTED FOR PRIVACY","REDACTED FOR PRIVACY","REDACTED FOR PRIVACY","","REDACTED FOR PRIVACY","REDACTED FOR PRIVACY","REDACTED FOR PRIVACY","REDACTED FOR PRIVACY","REDACTED FOR PRIVACY","REDACTED FOR PRIVACY","REDACTED FOR PRIVACY","REDACTED FOR PRIVACY","REDACTED FOR PRIVACY","","REDACTED FOR PRIVACY","REDACTED FOR PRIVACY","REDACTED FOR PRIVACY","REDACTED FOR PRIVACY","REDACTED FOR PRIVACY","","REDACTED FOR PRIVACY","REDACTED FOR PRIVACY","REDACTED FOR PRIVACY","","REDACTED FOR PRIVACY","REDACTED FOR PRIVACY","REDACTED FOR PRIVACY","REDACTED FOR PRIVACY","REDACTED FOR PRIVACY","REDACTED FOR PRIVACY","REDACTED FOR PRIVACY","REDACTED FOR PRIVACY","REDACTED FOR PRIVACY","","REDACTED FOR PRIVACY","","f1g1ns1.dnspod.net","f1g1ns2.dnspod.net","","","OK","","",""
"10","fuhao100.net","2020-05-12 21:47:39","2020-05-10","2020-05-11","2021-05-10","1697","DNSPod, Inc.","whois.dnspod.com","http:// www.dnspod.cn","REDACTED FOR PRIVACY","REDACTED FOR PRIVACY","REDACTED FOR PRIVACY","REDACTED FOR PRIVACY","REDACTED FOR PRIVACY","REDACTED FOR PRIVACY","REDACTED FOR PRIVACY","","REDACTED FOR PRIVACY","REDACTED FOR PRIVACY","REDACTED FOR PRIVACY","REDACTED FOR PRIVACY","REDACTED FOR PRIVACY","REDACTED FOR PRIVACY","REDACTED FOR PRIVACY","REDACTED FOR PRIVACY","REDACTED FOR PRIVACY","","REDACTED FOR PRIVACY","REDACTED FOR PRIVACY","REDACTED FOR PRIVACY","REDACTED FOR PRIVACY","REDACTED FOR PRIVACY","","REDACTED FOR PRIVACY","REDACTED FOR PRIVACY","REDACTED FOR PRIVACY","","REDACTED FOR PRIVACY","REDACTED FOR PRIVACY","REDACTED FOR PRIVACY","REDACTED FOR PRIVACY","REDACTED FOR PRIVACY","REDACTED FOR PRIVACY","REDACTED FOR PRIVACY","REDACTED FOR PRIVACY","REDACTED FOR PRIVACY","","REDACTED FOR PRIVACY","","f1g1ns1.dnspod.net","f1g1ns2.dnspod.net","","","OK","","",""
"11","fwhl.net","2020-05-12 21:47:42","2020-05-09","2020-05-09","2021-05-09","1697","DNSPod, Inc.","whois.dnspod.com","http:// www.dnspod.cn","REDACTED FOR PRIVACY","REDACTED FOR PRIVACY","REDACTED FOR PRIVACY","REDACTED FOR PRIVACY","REDACTED FOR PRIVACY","REDACTED FOR PRIVACY","REDACTED FOR PRIVACY","","REDACTED FOR PRIVACY","REDACTED FOR PRIVACY","REDACTED FOR PRIVACY","REDACTED FOR PRIVACY","REDACTED FOR PRIVACY","REDACTED FOR PRIVACY","REDACTED FOR PRIVACY","REDACTED FOR PRIVACY","REDACTED FOR PRIVACY","","REDACTED FOR PRIVACY","REDACTED FOR PRIVACY","REDACTED FOR PRIVACY","REDACTED FOR PRIVACY","REDACTED FOR PRIVACY","","REDACTED FOR PRIVACY","REDACTED FOR PRIVACY","REDACTED FOR PRIVACY","","REDACTED FOR PRIVACY","REDACTED FOR PRIVACY","REDACTED FOR PRIVACY","REDACTED FOR PRIVACY","REDACTED FOR PRIVACY","REDACTED FOR PRIVACY","REDACTED FOR PRIVACY","REDACTED FOR PRIVACY","REDACTED FOR PRIVACY","","REDACTED FOR PRIVACY","","f1g1ns1.dnspod.net","f1g1ns2.dnspod.net","","","OK","","",""
"12","gartier.net","2020-05-12 21:47:35","2020-05-10","2020-05-11","2021-05-10","1697","DNSPod, Inc.","whois.dnspod.com","http:// www.dnspod.cn","REDACTED FOR PRIVACY","REDACTED FOR PRIVACY","REDACTED FOR PRIVACY","REDACTED FOR PRIVACY","REDACTED FOR PRIVACY","REDACTED FOR PRIVACY","REDACTED FOR PRIVACY","","REDACTED FOR PRIVACY","REDACTED FOR PRIVACY","REDACTED FOR PRIVACY","REDACTED FOR PRIVACY","REDACTED FOR PRIVACY","REDACTED FOR PRIVACY","REDACTED FOR PRIVACY","REDACTED FOR PRIVACY","REDACTED FOR PRIVACY","","REDACTED FOR PRIVACY","REDACTED FOR PRIVACY","REDACTED FOR PRIVACY","REDACTED FOR PRIVACY","REDACTED FOR PRIVACY","","REDACTED FOR PRIVACY","REDACTED FOR PRIVACY","REDACTED FOR PRIVACY","","REDACTED FOR PRIVACY","REDACTED FOR PRIVACY","REDACTED FOR PRIVACY","REDACTED FOR PRIVACY","REDACTED FOR PRIVACY","REDACTED FOR PRIVACY","REDACTED FOR PRIVACY","REDACTED FOR PRIVACY","REDACTED FOR PRIVACY","","REDACTED FOR PRIVACY","","f1g1ns1.dnspod.net","f1g1ns2.dnspod.net","","","OK","","",""
"13","gengjie.net","2020-05-12 21:47:33","2020-05-11","2020-05-11","2021-05-11","1697","DNSPod, Inc.","whois.dnspod.com","http:// www.dnspod.cn","REDACTED FOR PRIVACY","REDACTED FOR PRIVACY","REDACTED FOR PRIVACY","REDACTED FOR PRIVACY","REDACTED FOR PRIVACY","REDACTED FOR PRIVACY","REDACTED FOR PRIVACY","","REDACTED FOR PRIVACY","REDACTED FOR PRIVACY","REDACTED FOR PRIVACY","REDACTED FOR PRIVACY","REDACTED FOR PRIVACY","REDACTED FOR PRIVACY","REDACTED FOR PRIVACY","REDACTED FOR PRIVACY","REDACTED FOR PRIVACY","","REDACTED FOR PRIVACY","REDACTED FOR PRIVACY","REDACTED FOR PRIVACY","REDACTED FOR PRIVACY","REDACTED FOR PRIVACY","","REDACTED FOR PRIVACY","REDACTED FOR PRIVACY","REDACTED FOR PRIVACY","","REDACTED FOR PRIVACY","REDACTED FOR PRIVACY","REDACTED FOR PRIVACY","REDACTED FOR PRIVACY","REDACTED FOR PRIVACY","REDACTED FOR PRIVACY","REDACTED FOR PRIVACY","REDACTED FOR PRIVACY","REDACTED FOR PRIVACY","","REDACTED FOR PRIVACY","","f1g1ns1.dnspod.net","f1g1ns2.dnspod.net","","","OK","","",""
"14","geomind.net","2020-05-12 21:47:33","2020-05-09","2020-05-09","2021-05-09","1697","DNSPod, Inc.","whois.dnspod.com","http:// www.dnspod.cn","REDACTED FOR PRIVACY","REDACTED FOR PRIVACY","REDACTED FOR PRIVACY","REDACTED FOR PRIVACY","REDACTED FOR PRIVACY","REDACTED FOR PRIVACY","REDACTED FOR PRIVACY","","REDACTED FOR PRIVACY","REDACTED FOR PRIVACY","REDACTED FOR PRIVACY","REDACTED FOR PRIVACY","REDACTED FOR PRIVACY","REDACTED FOR PRIVACY","REDACTED FOR PRIVACY","REDACTED FOR PRIVACY","REDACTED FOR PRIVACY","","REDACTED FOR PRIVACY","REDACTED FOR PRIVACY","REDACTED FOR PRIVACY","REDACTED FOR PRIVACY","REDACTED FOR PRIVACY","","REDACTED FOR PRIVACY","REDACTED FOR PRIVACY","REDACTED FOR PRIVACY","","REDACTED FOR PRIVACY","REDACTED FOR PRIVACY","REDACTED FOR PRIVACY","REDACTED FOR PRIVACY","REDACTED FOR PRIVACY","REDACTED FOR PRIVACY","REDACTED FOR PRIVACY","REDACTED FOR PRIVACY","REDACTED FOR PRIVACY","","REDACTED FOR PRIVACY","","f1g1ns1.dnspod.net","f1g1ns2.dnspod.net","","","OK","","",""
"15","gov315.net","2020-05-12 21:47:26","2020-05-10","2020-05-10","2021-05-10","1697","DNSPod, Inc.","whois.dnspod.com","http:// www.dnspod.cn","REDACTED FOR PRIVACY","REDACTED FOR PRIVACY","REDACTED FOR PRIVACY","REDACTED FOR PRIVACY","REDACTED FOR PRIVACY","REDACTED FOR PRIVACY","REDACTED FOR PRIVACY","","REDACTED FOR PRIVACY","REDACTED FOR PRIVACY","REDACTED FOR PRIVACY","REDACTED FOR PRIVACY","REDACTED FOR PRIVACY","REDACTED FOR PRIVACY","REDACTED FOR PRIVACY","REDACTED FOR PRIVACY","REDACTED FOR PRIVACY","","REDACTED FOR PRIVACY","REDACTED FOR PRIVACY","REDACTED FOR PRIVACY","REDACTED FOR PRIVACY","REDACTED FOR PRIVACY","","REDACTED FOR PRIVACY","REDACTED FOR PRIVACY","REDACTED FOR PRIVACY","","REDACTED FOR PRIVACY","REDACTED FOR PRIVACY","REDACTED FOR PRIVACY","REDACTED FOR PRIVACY","REDACTED FOR PRIVACY","REDACTED FOR PRIVACY","REDACTED FOR PRIVACY","REDACTED FOR PRIVACY","REDACTED FOR PRIVACY","","REDACTED FOR PRIVACY","","f1g1ns1.dnspod.net","f1g1ns2.dnspod.net","","","OK","","",""
"16","guru-rinpoche.life","2020-05-12 21:08:19","2020-05-08","2020-05-09","2021-05-08","1697","DNSPod, Inc.","whois.dnspod.com","http:// www.dnspod.cn","REDACTED FOR PRIVACY","tianye","REDACTED FOR PRIVACY","REDACTED FOR PRIVACY","bei jing shi","REDACTED FOR PRIVACY","China","","REDACTED FOR PRIVACY","REDACTED FOR PRIVACY","","","","","","","","","","","","","","","","","","","","","","","","","","","","","","","","","","","addPeriod","","",""
"17","gururinpoche.life","2020-05-12 21:08:18","2020-05-08","2020-05-09","2021-05-08","1697","DNSPod, Inc.","whois.dnspod.com","http:// www.dnspod.cn","REDACTED FOR PRIVACY","tianye","REDACTED FOR PRIVACY","REDACTED FOR PRIVACY","bei jing shi","REDACTED FOR PRIVACY","China","","REDACTED FOR PRIVACY","REDACTED FOR PRIVACY","","","","","","","","","","","","","","","","","","","","","","","","","","","","","","","","","","","addPeriod","","",""
"18","heike.kim","2020-05-12 21:01:57","2020-05-10","2020-05-10","2021-05-10","1697","DNSPod, Inc.","whois.dnspod.com","http:// www.dnspod.cn","?????????????","?????????????","","","Guang Dong Sheng","","China","","","","","","","","","","","","","","","","","","","","","","","","","","","","","","","","","","f1g1ns1.dnspod.net","f1g1ns2.dnspod.net","","","addPeriod","serverTransferProhibited","",""
"19","jiabiantianyuan.life","2020-05-12 21:08:13","2020-05-09","2020-05-11","2021-05-09","1697","DNSPod, Inc.","whois.dnspod.com","http:// www.dnspod.cn","REDACTED FOR PRIVACY","hezeqingxianguoshuyouxiangongsi","REDACTED FOR PRIVACY","REDACTED FOR PRIVACY","bei jing shi","REDACTED FOR PRIVACY","China","","REDACTED FOR PRIVACY","REDACTED FOR PRIVACY","","","","","","","","","","","","","","","","","","","","","","","","","","","","","","","","","","","addPeriod","","",""
"20","malc.pro","2020-05-12 18:47:46","2020-05-10","2020-05-10","2021-05-10","1697","DNSPod, Inc.","whois.dnspod.com","http:// www.dnspod.cn","???","???","","","shang hai shi","","China","","","","","","","","","","","","","","","","","","","","","","","","","","","","","","","","","","f1g1ns1.dnspod.net","f1g1ns2.dnspod.net","","","addPeriod","serverTransferProhibited","",""
"21","mkgk.info","2020-05-12 20:59:14","2020-05-11","2020-05-11","2021-05-11","1697","DNSPod, Inc.","whois.dnspod.com","http:// www.dnspod.cn","???","???","","","fu tian qu","","China","","","","","","","","","","","","","","","","","","","","","","","","","","","","","","","","","","f1g1ns1.dnspod.net","f1g1ns2.dnspod.net","","","addPeriod","serverTransferProhibited","",""
"22","plumelet.net","2020-05-12 21:50:45","2020-05-10","2020-05-10","2021-05-10","1697","DNSPod, Inc.","whois.dnspod.com","http:// www.dnspod.cn","REDACTED FOR PRIVACY","REDACTED FOR PRIVACY","REDACTED FOR PRIVACY","REDACTED FOR PRIVACY","REDACTED FOR PRIVACY","REDACTED FOR PRIVACY","REDACTED FOR PRIVACY","","REDACTED FOR PRIVACY","REDACTED FOR PRIVACY","REDACTED FOR PRIVACY","REDACTED FOR PRIVACY","REDACTED FOR PRIVACY","REDACTED FOR PRIVACY","REDACTED FOR PRIVACY","REDACTED FOR PRIVACY","REDACTED FOR PRIVACY","","REDACTED FOR PRIVACY","REDACTED FOR PRIVACY","REDACTED FOR PRIVACY","REDACTED FOR PRIVACY","REDACTED FOR PRIVACY","","REDACTED FOR PRIVACY","REDACTED FOR PRIVACY","REDACTED FOR PRIVACY","","REDACTED FOR PRIVACY","REDACTED FOR PRIVACY","REDACTED FOR PRIVACY","REDACTED FOR PRIVACY","REDACTED FOR PRIVACY","REDACTED FOR PRIVACY","REDACTED FOR PRIVACY","REDACTED FOR PRIVACY","REDACTED FOR PRIVACY","","REDACTED FOR PRIVACY","","f1g1ns1.dnspod.net","f1g1ns2.dnspod.net","","","OK","","",""
"23","popsofts.net","2020-05-12 21:50:43","2020-05-09","2020-05-09","2021-05-09","1697","DNSPod, Inc.","whois.dnspod.com","http:// www.dnspod.cn","REDACTED FOR PRIVACY","REDACTED FOR PRIVACY","REDACTED FOR PRIVACY","REDACTED FOR PRIVACY","REDACTED FOR PRIVACY","REDACTED FOR PRIVACY","REDACTED FOR PRIVACY","","REDACTED FOR PRIVACY","REDACTED FOR PRIVACY","REDACTED FOR PRIVACY","REDACTED FOR PRIVACY","REDACTED FOR PRIVACY","REDACTED FOR PRIVACY","REDACTED FOR PRIVACY","REDACTED FOR PRIVACY","REDACTED FOR PRIVACY","","REDACTED FOR PRIVACY","REDACTED FOR PRIVACY","REDACTED FOR PRIVACY","REDACTED FOR PRIVACY","REDACTED FOR PRIVACY","","REDACTED FOR PRIVACY","REDACTED FOR PRIVACY","REDACTED FOR PRIVACY","","REDACTED FOR PRIVACY","REDACTED FOR PRIVACY","REDACTED FOR PRIVACY","REDACTED FOR PRIVACY","REDACTED FOR PRIVACY","REDACTED FOR PRIVACY","REDACTED FOR PRIVACY","REDACTED FOR PRIVACY","REDACTED FOR PRIVACY","","REDACTED FOR PRIVACY","","f1g1ns1.dnspod.net","f1g1ns2.dnspod.net","","","OK","","",""
"24","pq135.net","2020-05-12 21:50:42","2020-05-10","2020-05-11","2021-05-10","1697","DNSPod, Inc.","whois.dnspod.com","http:// www.dnspod.cn","REDACTED FOR PRIVACY","REDACTED FOR PRIVACY","REDACTED FOR PRIVACY","REDACTED FOR PRIVACY","REDACTED FOR PRIVACY","REDACTED FOR PRIVACY","REDACTED FOR PRIVACY","","REDACTED FOR PRIVACY","REDACTED FOR PRIVACY","REDACTED FOR PRIVACY","REDACTED FOR PRIVACY","REDACTED FOR PRIVACY","REDACTED FOR PRIVACY","REDACTED FOR PRIVACY","REDACTED FOR PRIVACY","REDACTED FOR PRIVACY","","REDACTED FOR PRIVACY","REDACTED FOR PRIVACY","REDACTED FOR PRIVACY","REDACTED FOR PRIVACY","REDACTED FOR PRIVACY","","REDACTED FOR PRIVACY","REDACTED FOR PRIVACY","REDACTED FOR PRIVACY","","REDACTED FOR PRIVACY","REDACTED FOR PRIVACY","REDACTED FOR PRIVACY","REDACTED FOR PRIVACY","REDACTED FOR PRIVACY","REDACTED FOR PRIVACY","REDACTED FOR PRIVACY","REDACTED FOR PRIVACY","REDACTED FOR PRIVACY","","REDACTED FOR PRIVACY","","f1g1ns1.dnspod.net","f1g1ns2.dnspod.net","","","OK","","",""
"25","ptfechina.net","2020-05-12 21:50:35","2020-05-09","2020-05-11","2022-05-09","1697","DNSPod, Inc.","whois.dnspod.com","http:// www.dnspod.cn","REDACTED FOR PRIVACY","REDACTED FOR PRIVACY","REDACTED FOR PRIVACY","REDACTED FOR PRIVACY","REDACTED FOR PRIVACY","REDACTED FOR PRIVACY","REDACTED FOR PRIVACY","","REDACTED FOR PRIVACY","REDACTED FOR PRIVACY","REDACTED FOR PRIVACY","REDACTED FOR PRIVACY","REDACTED FOR PRIVACY","REDACTED FOR PRIVACY","REDACTED FOR PRIVACY","REDACTED FOR PRIVACY","REDACTED FOR PRIVACY","","REDACTED FOR PRIVACY","REDACTED FOR PRIVACY","REDACTED FOR PRIVACY","REDACTED FOR PRIVACY","REDACTED FOR PRIVACY","","REDACTED FOR PRIVACY","REDACTED FOR PRIVACY","REDACTED FOR PRIVACY","","REDACTED FOR PRIVACY","REDACTED FOR PRIVACY","REDACTED FOR PRIVACY","REDACTED FOR PRIVACY","REDACTED FOR PRIVACY","REDACTED FOR PRIVACY","REDACTED FOR PRIVACY","REDACTED FOR PRIVACY","REDACTED FOR PRIVACY","","REDACTED FOR PRIVACY","","f1g1ns1.dnspod.net","f1g1ns2.dnspod.net","","","clientTransferProhibited","clientUpdateProhibited","",""
"26","publicblockchain.center","2020-05-12 19:21:41","2020-05-09","2020-05-10","2021-05-09","1697","DNSPod, Inc.","whois.dnspod.com","http:// www.dnspod.cn","REDACTED FOR PRIVACY","chenlebin","REDACTED FOR PRIVACY","REDACTED FOR PRIVACY","fu jian sheng","REDACTED FOR PRIVACY","China","","REDACTED FOR PRIVACY","REDACTED FOR PRIVACY","","","","","","","","","","","","","","","","","","","","","","","","","","","","","","","","","","","addPeriod","","",""
"27","publicblockchain.life","2020-05-12 21:08:02","2020-05-09","2020-05-10","2021-05-09","1697","DNSPod, Inc.","whois.dnspod.com","http:// www.dnspod.cn","REDACTED FOR PRIVACY","chenlebin","REDACTED FOR PRIVACY","REDACTED FOR PRIVACY","fu jian sheng","REDACTED FOR PRIVACY","China","","REDACTED FOR PRIVACY","REDACTED FOR PRIVACY","","","","","","","","","","","","","","","","","","","","","","","","","","","","","","","","","","","addPeriod","","",""
"28","publicblockchain.ltd","2020-05-12 21:16:52","2020-05-09","2020-05-10","2021-05-09","1697","DNSPod, Inc.","whois.dnspod.com","http:// www.dnspod.cn","REDACTED FOR PRIVACY","chenlebin","REDACTED FOR PRIVACY","REDACTED FOR PRIVACY","fu jian sheng","REDACTED FOR PRIVACY","China","","REDACTED FOR PRIVACY","REDACTED FOR PRIVACY","","","","","","","","","","","","","","","","","","","","","","","","","","","","","","","","","","","addPeriod","","",""
"29","publicblockchain.mobi","2020-05-12 16:03:26","2020-05-09","2020-05-10","2021-05-09","1697","DNSPod, Inc.","whois.dnspod.com","http:// www.dnspod.cn","???","???","","","Fu Jian Sheng","","China","","","","","","","","","","","","","","","","","","","","","","","","","","","","","","","","","","f1g1ns1.dnspod.net","f1g1ns2.dnspod.net","","","addPeriod","serverTransferProhibited","",""
"30","pz2020.info","2020-05-12 21:05:09","2020-05-06","2020-05-09","2021-05-06","1697","DNSPod, Inc.","whois.dnspod.com","http:// www.dnspod.cn","?????????????","?????????????","","","he bei sheng","","China","","","","","","","","","","","","","","","","","","","","","","","","","","","","","","","","","","f1g1ns1.dnspod.net","f1g1ns2.dnspod.net","","","serverTransferProhibited","","",""
"31","qcnw.ltd","2020-05-12 21:16:53","2020-05-09","2020-05-09","2021-05-09","1697","DNSPod, Inc.","whois.dnspod.com","http:// www.dnspod.cn","REDACTED FOR PRIVACY","Li Sheng","REDACTED FOR PRIVACY","REDACTED FOR PRIVACY","liao ning sheng","REDACTED FOR PRIVACY","China","","REDACTED FOR PRIVACY","REDACTED FOR PRIVACY","","","","","","","","","","","","","","","","","","","","","","","","","","","","","","","","","","","addPeriod","","",""
"32","qianyimei.net","2020-05-12 21:50:33","2020-05-09","2020-05-09","2021-05-09","1697","DNSPod, Inc.","whois.dnspod.com","http:// www.dnspod.cn","REDACTED FOR PRIVACY","REDACTED FOR PRIVACY","REDACTED FOR PRIVACY","REDACTED FOR PRIVACY","REDACTED FOR PRIVACY","REDACTED FOR PRIVACY","REDACTED FOR PRIVACY","","REDACTED FOR PRIVACY","REDACTED FOR PRIVACY","REDACTED FOR PRIVACY","REDACTED FOR PRIVACY","REDACTED FOR PRIVACY","REDACTED FOR PRIVACY","REDACTED FOR PRIVACY","REDACTED FOR PRIVACY","REDACTED FOR PRIVACY","","REDACTED FOR PRIVACY","REDACTED FOR PRIVACY","REDACTED FOR PRIVACY","REDACTED FOR PRIVACY","REDACTED FOR PRIVACY","","REDACTED FOR PRIVACY","REDACTED FOR PRIVACY","REDACTED FOR PRIVACY","","REDACTED FOR PRIVACY","REDACTED FOR PRIVACY","REDACTED FOR PRIVACY","REDACTED FOR PRIVACY","REDACTED FOR PRIVACY","REDACTED FOR PRIVACY","REDACTED FOR PRIVACY","REDACTED FOR PRIVACY","REDACTED FOR PRIVACY","","REDACTED FOR PRIVACY","","f1g1ns1.dnspod.net","f1g1ns2.dnspod.net","","","OK","","",""
"33","qiujingliang.net","2020-05-12 21:50:32","2020-05-09","2020-05-09","2021-05-09","1697","DNSPod, Inc.","whois.dnspod.com","http:// www.dnspod.cn","REDACTED FOR PRIVACY","REDACTED FOR PRIVACY","REDACTED FOR PRIVACY","REDACTED FOR PRIVACY","REDACTED FOR PRIVACY","REDACTED FOR PRIVACY","REDACTED FOR PRIVACY","","REDACTED FOR PRIVACY","REDACTED FOR PRIVACY","REDACTED FOR PRIVACY","REDACTED FOR PRIVACY","REDACTED FOR PRIVACY","REDACTED FOR PRIVACY","REDACTED FOR PRIVACY","REDACTED FOR PRIVACY","REDACTED FOR PRIVACY","","REDACTED FOR PRIVACY","REDACTED FOR PRIVACY","REDACTED FOR PRIVACY","REDACTED FOR PRIVACY","REDACTED FOR PRIVACY","","REDACTED FOR PRIVACY","REDACTED FOR PRIVACY","REDACTED FOR PRIVACY","","REDACTED FOR PRIVACY","REDACTED FOR PRIVACY","REDACTED FOR PRIVACY","REDACTED FOR PRIVACY","REDACTED FOR PRIVACY","REDACTED FOR PRIVACY","REDACTED FOR PRIVACY","REDACTED FOR PRIVACY","REDACTED FOR PRIVACY","","REDACTED FOR PRIVACY","","f1g1ns1.dnspod.net","f1g1ns2.dnspod.net","","","OK","","",""
"34","qiyikeji.net","2020-05-12 21:50:32","2020-05-10","2020-05-10","2021-05-10","1697","DNSPod, Inc.","whois.dnspod.com","http:// www.dnspod.cn","REDACTED FOR PRIVACY","REDACTED FOR PRIVACY","REDACTED FOR PRIVACY","REDACTED FOR PRIVACY","REDACTED FOR PRIVACY","REDACTED FOR PRIVACY","REDACTED FOR PRIVACY","","REDACTED FOR PRIVACY","REDACTED FOR PRIVACY","REDACTED FOR PRIVACY","REDACTED FOR PRIVACY","REDACTED FOR PRIVACY","REDACTED FOR PRIVACY","REDACTED FOR PRIVACY","REDACTED FOR PRIVACY","REDACTED FOR PRIVACY","","REDACTED FOR PRIVACY","REDACTED FOR PRIVACY","REDACTED FOR PRIVACY","REDACTED FOR PRIVACY","REDACTED FOR PRIVACY","","REDACTED FOR PRIVACY","REDACTED FOR PRIVACY","REDACTED FOR PRIVACY","","REDACTED FOR PRIVACY","REDACTED FOR PRIVACY","REDACTED FOR PRIVACY","REDACTED FOR PRIVACY","REDACTED FOR PRIVACY","REDACTED FOR PRIVACY","REDACTED FOR PRIVACY","REDACTED FOR PRIVACY","REDACTED FOR PRIVACY","","REDACTED FOR PRIVACY","","f1g1ns1.dnspod.net","f1g1ns2.dnspod.net","","","OK","","",""
"35","qsjz.net","2020-05-12 21:50:31","2020-05-10","2020-05-10","2021-05-10","1697","DNSPod, Inc.","whois.dnspod.com","http:// www.dnspod.cn","REDACTED FOR PRIVACY","REDACTED FOR PRIVACY","REDACTED FOR PRIVACY","REDACTED FOR PRIVACY","REDACTED FOR PRIVACY","REDACTED FOR PRIVACY","REDACTED FOR PRIVACY","","REDACTED FOR PRIVACY","REDACTED FOR PRIVACY","REDACTED FOR PRIVACY","REDACTED FOR PRIVACY","REDACTED FOR PRIVACY","REDACTED FOR PRIVACY","REDACTED FOR PRIVACY","REDACTED FOR PRIVACY","REDACTED FOR PRIVACY","","REDACTED FOR PRIVACY","REDACTED FOR PRIVACY","REDACTED FOR PRIVACY","REDACTED FOR PRIVACY","REDACTED FOR PRIVACY","","REDACTED FOR PRIVACY","REDACTED FOR PRIVACY","REDACTED FOR PRIVACY","","REDACTED FOR PRIVACY","REDACTED FOR PRIVACY","REDACTED FOR PRIVACY","REDACTED FOR PRIVACY","REDACTED FOR PRIVACY","REDACTED FOR PRIVACY","REDACTED FOR PRIVACY","REDACTED FOR PRIVACY","REDACTED FOR PRIVACY","","REDACTED FOR PRIVACY","","f1g1ns1.dnspod.net","f1g1ns2.dnspod.net","","","","","",""
"36","qwbq.net","2020-05-12 21:50:34","2020-05-10","2020-05-10","2021-05-10","1697","DNSPod, Inc.","whois.dnspod.com","http:// www.dnspod.cn","REDACTED FOR PRIVACY","REDACTED FOR PRIVACY","REDACTED FOR PRIVACY","REDACTED FOR PRIVACY","REDACTED FOR PRIVACY","REDACTED FOR PRIVACY","REDACTED FOR PRIVACY","","REDACTED FOR PRIVACY","REDACTED FOR PRIVACY","REDACTED FOR PRIVACY","REDACTED FOR PRIVACY","REDACTED FOR PRIVACY","REDACTED FOR PRIVACY","REDACTED FOR PRIVACY","REDACTED FOR PRIVACY","REDACTED FOR PRIVACY","","REDACTED FOR PRIVACY","REDACTED FOR PRIVACY","REDACTED FOR PRIVACY","REDACTED FOR PRIVACY","REDACTED FOR PRIVACY","","REDACTED FOR PRIVACY","REDACTED FOR PRIVACY","REDACTED FOR PRIVACY","","REDACTED FOR PRIVACY","REDACTED FOR PRIVACY","REDACTED FOR PRIVACY","REDACTED FOR PRIVACY","REDACTED FOR PRIVACY","REDACTED FOR PRIVACY","REDACTED FOR PRIVACY","REDACTED FOR PRIVACY","REDACTED FOR PRIVACY","","REDACTED FOR PRIVACY","","f1g1ns1.dnspod.net","f1g1ns2.dnspod.net","","","OK","","",""
"37","relyxiu.net","2020-05-12 21:50:21","2020-05-09","2020-05-09","2021-05-09","1697","DNSPod, Inc.","whois.dnspod.com","http:// www.dnspod.cn","REDACTED FOR PRIVACY","REDACTED FOR PRIVACY","REDACTED FOR PRIVACY","REDACTED FOR PRIVACY","REDACTED FOR PRIVACY","REDACTED FOR PRIVACY","REDACTED FOR PRIVACY","","REDACTED FOR PRIVACY","REDACTED FOR PRIVACY","REDACTED FOR PRIVACY","REDACTED FOR PRIVACY","REDACTED FOR PRIVACY","REDACTED FOR PRIVACY","REDACTED FOR PRIVACY","REDACTED FOR PRIVACY","REDACTED FOR PRIVACY","","REDACTED FOR PRIVACY","REDACTED FOR PRIVACY","REDACTED FOR PRIVACY","REDACTED FOR PRIVACY","REDACTED FOR PRIVACY","","REDACTED FOR PRIVACY","REDACTED FOR PRIVACY","REDACTED FOR PRIVACY","","REDACTED FOR PRIVACY","REDACTED FOR PRIVACY","REDACTED FOR PRIVACY","REDACTED FOR PRIVACY","REDACTED FOR PRIVACY","REDACTED FOR PRIVACY","REDACTED FOR PRIVACY","REDACTED FOR PRIVACY","REDACTED FOR PRIVACY","","REDACTED FOR PRIVACY","","f1g1ns1.dnspod.net","f1g1ns2.dnspod.net","","","OK","","",""
"38","ryxiut.net","2020-05-12 21:50:11","2020-05-09","2020-05-09","2021-05-09","1697","DNSPod, Inc.","whois.dnspod.com","http:// www.dnspod.cn","REDACTED FOR PRIVACY","REDACTED FOR PRIVACY","REDACTED FOR PRIVACY","REDACTED FOR PRIVACY","REDACTED FOR PRIVACY","REDACTED FOR PRIVACY","REDACTED FOR PRIVACY","","REDACTED FOR PRIVACY","REDACTED FOR PRIVACY","REDACTED FOR PRIVACY","REDACTED FOR PRIVACY","REDACTED FOR PRIVACY","REDACTED FOR PRIVACY","REDACTED FOR PRIVACY","REDACTED FOR PRIVACY","REDACTED FOR PRIVACY","","REDACTED FOR PRIVACY","REDACTED FOR PRIVACY","REDACTED FOR PRIVACY","REDACTED FOR PRIVACY","REDACTED FOR PRIVACY","","REDACTED FOR PRIVACY","REDACTED FOR PRIVACY","REDACTED FOR PRIVACY","","REDACTED FOR PRIVACY","REDACTED FOR PRIVACY","REDACTED FOR PRIVACY","REDACTED FOR PRIVACY","REDACTED FOR PRIVACY","REDACTED FOR PRIVACY","REDACTED FOR PRIVACY","REDACTED FOR PRIVACY","REDACTED FOR PRIVACY","","REDACTED FOR PRIVACY","","f1g1ns1.dnspod.net","f1g1ns2.dnspod.net","","","OK","","",""
"39","sailor.plus","2020-05-12 18:09:49","2020-05-09","2020-05-09","2030-05-09","1697","DNSPod, Inc.","whois.dnspod.com","http:// www.dnspod.cn","REDACTED FOR PRIVACY","fanzhanhong","REDACTED FOR PRIVACY","REDACTED FOR PRIVACY","si chuan sheng","REDACTED FOR PRIVACY","China","","REDACTED FOR PRIVACY","REDACTED FOR PRIVACY","","","","","","","","","","","","","","","","","","","","","","","","","","","","","","","","","","","addPeriod","","",""
"40","sanweima.net","2020-05-12 21:50:07","2020-05-09","2020-05-09","2021-05-09","1697","DNSPod, Inc.","whois.dnspod.com","http:// www.dnspod.cn","REDACTED FOR PRIVACY","REDACTED FOR PRIVACY","REDACTED FOR PRIVACY","REDACTED FOR PRIVACY","REDACTED FOR PRIVACY","REDACTED FOR PRIVACY","REDACTED FOR PRIVACY","","REDACTED FOR PRIVACY","REDACTED FOR PRIVACY","REDACTED FOR PRIVACY","REDACTED FOR PRIVACY","REDACTED FOR PRIVACY","REDACTED FOR PRIVACY","REDACTED FOR PRIVACY","REDACTED FOR PRIVACY","REDACTED FOR PRIVACY","","REDACTED FOR PRIVACY","REDACTED FOR PRIVACY","REDACTED FOR PRIVACY","REDACTED FOR PRIVACY","REDACTED FOR PRIVACY","","REDACTED FOR PRIVACY","REDACTED FOR PRIVACY","REDACTED FOR PRIVACY","","REDACTED FOR PRIVACY","REDACTED FOR PRIVACY","REDACTED FOR PRIVACY","REDACTED FOR PRIVACY","REDACTED FOR PRIVACY","REDACTED FOR PRIVACY","REDACTED FOR PRIVACY","REDACTED FOR PRIVACY","REDACTED FOR PRIVACY","","REDACTED FOR PRIVACY","","f1g1ns1.dnspod.net","f1g1ns2.dnspod.net","","","OK","","",""
"41","scrm.pro","2020-05-12 19:00:40","2020-05-10","2020-05-11","2030-05-10","1697","DNSPod, Inc.","whois.dnspod.com","http:// www.dnspod.cn","?????????????","?????????????","","","Guang Dong Sheng","","China","","","","","","","","","","","","","","","","","","","","","","","","","","","","","","","","","","f1g1ns1.dnspod.net","f1g1ns2.dnspod.net","","","addPeriod","serverTransferProhibited","",""
"42","shbus.info","2020-05-12 21:03:44","2020-05-11","2020-05-11","2021-05-11","1697","DNSPod, Inc.","whois.dnspod.com","http:// www.dnspod.cn","????????????","????????????","","","gan su sheng","","China","","","","","","","","","","","","","","","","","","","","","","","","","","","","","","","","","","abby.ns.cloudflare.com","matt.ns.cloudflare.com","","","addPeriod","serverTransferProhibited","",""
"43","shengmingsong.net","2020-05-12 21:49:54","2020-05-09","2020-05-09","2021-05-09","1697","DNSPod, Inc.","whois.dnspod.com","http:// www.dnspod.cn","REDACTED FOR PRIVACY","REDACTED FOR PRIVACY","REDACTED FOR PRIVACY","REDACTED FOR PRIVACY","REDACTED FOR PRIVACY","REDACTED FOR PRIVACY","REDACTED FOR PRIVACY","","REDACTED FOR PRIVACY","REDACTED FOR PRIVACY","REDACTED FOR PRIVACY","REDACTED FOR PRIVACY","REDACTED FOR PRIVACY","REDACTED FOR PRIVACY","REDACTED FOR PRIVACY","REDACTED FOR PRIVACY","REDACTED FOR PRIVACY","","REDACTED FOR PRIVACY","REDACTED FOR PRIVACY","REDACTED FOR PRIVACY","REDACTED FOR PRIVACY","REDACTED FOR PRIVACY","","REDACTED FOR PRIVACY","REDACTED FOR PRIVACY","REDACTED FOR PRIVACY","","REDACTED FOR PRIVACY","REDACTED FOR PRIVACY","REDACTED FOR PRIVACY","REDACTED FOR PRIVACY","REDACTED FOR PRIVACY","REDACTED FOR PRIVACY","REDACTED FOR PRIVACY","REDACTED FOR PRIVACY","REDACTED FOR PRIVACY","","REDACTED FOR PRIVACY","","f1g1ns1.dnspod.net","f1g1ns2.dnspod.net","","","OK","","",""
"44","shengyouyun.net","2020-05-12 21:49:54","2020-05-10","2020-05-10","2021-05-10","1697","DNSPod, Inc.","whois.dnspod.com","http:// www.dnspod.cn","REDACTED FOR PRIVACY","REDACTED FOR PRIVACY","REDACTED FOR PRIVACY","REDACTED FOR PRIVACY","REDACTED FOR PRIVACY","REDACTED FOR PRIVACY","REDACTED FOR PRIVACY","","REDACTED FOR PRIVACY","REDACTED FOR PRIVACY","REDACTED FOR PRIVACY","REDACTED FOR PRIVACY","REDACTED FOR PRIVACY","REDACTED FOR PRIVACY","REDACTED FOR PRIVACY","REDACTED FOR PRIVACY","REDACTED FOR PRIVACY","","REDACTED FOR PRIVACY","REDACTED FOR PRIVACY","REDACTED FOR PRIVACY","REDACTED FOR PRIVACY","REDACTED FOR PRIVACY","","REDACTED FOR PRIVACY","REDACTED FOR PRIVACY","REDACTED FOR PRIVACY","","REDACTED FOR PRIVACY","REDACTED FOR PRIVACY","REDACTED FOR PRIVACY","REDACTED FOR PRIVACY","REDACTED FOR PRIVACY","REDACTED FOR PRIVACY","REDACTED FOR PRIVACY","REDACTED FOR PRIVACY","REDACTED FOR PRIVACY","","REDACTED FOR PRIVACY","","f1g1ns1.dnspod.net","f1g1ns2.dnspod.net","","","clientUpdateProhibited","ok","",""
"45","shijiexiehui.net","2020-05-12 21:49:54","2020-05-10","2020-05-10","2021-05-10","1697","DNSPod, Inc.","whois.dnspod.com","http:// www.dnspod.cn","REDACTED FOR PRIVACY","REDACTED FOR PRIVACY","REDACTED FOR PRIVACY","REDACTED FOR PRIVACY","REDACTED FOR PRIVACY","REDACTED FOR PRIVACY","REDACTED FOR PRIVACY","","REDACTED FOR PRIVACY","REDACTED FOR PRIVACY","REDACTED FOR PRIVACY","REDACTED FOR PRIVACY","REDACTED FOR PRIVACY","REDACTED FOR PRIVACY","REDACTED FOR PRIVACY","REDACTED FOR PRIVACY","REDACTED FOR PRIVACY","","REDACTED FOR PRIVACY","REDACTED FOR PRIVACY","REDACTED FOR PRIVACY","REDACTED FOR PRIVACY","REDACTED FOR PRIVACY","","REDACTED FOR PRIVACY","REDACTED FOR PRIVACY","REDACTED FOR PRIVACY","","REDACTED FOR PRIVACY","REDACTED FOR PRIVACY","REDACTED FOR PRIVACY","REDACTED FOR PRIVACY","REDACTED FOR PRIVACY","REDACTED FOR PRIVACY","REDACTED FOR PRIVACY","REDACTED FOR PRIVACY","REDACTED FOR PRIVACY","","REDACTED FOR PRIVACY","","f1g1ns1.dnspod.net","f1g1ns2.dnspod.net","","","OK","","",""
"46","shikelian.net","2020-05-12 21:49:54","2020-05-08","2020-05-09","2021-05-08","1697","DNSPod, Inc.","whois.dnspod.com","http:// www.dnspod.cn","REDACTED FOR PRIVACY","REDACTED FOR PRIVACY","REDACTED FOR PRIVACY","REDACTED FOR PRIVACY","REDACTED FOR PRIVACY","REDACTED FOR PRIVACY","REDACTED FOR PRIVACY","","REDACTED FOR PRIVACY","REDACTED FOR PRIVACY","REDACTED FOR PRIVACY","REDACTED FOR PRIVACY","REDACTED FOR PRIVACY","REDACTED FOR PRIVACY","REDACTED FOR PRIVACY","REDACTED FOR PRIVACY","REDACTED FOR PRIVACY","","REDACTED FOR PRIVACY","REDACTED FOR PRIVACY","REDACTED FOR PRIVACY","REDACTED FOR PRIVACY","REDACTED FOR PRIVACY","","REDACTED FOR PRIVACY","REDACTED FOR PRIVACY","REDACTED FOR PRIVACY","","REDACTED FOR PRIVACY","REDACTED FOR PRIVACY","REDACTED FOR PRIVACY","REDACTED FOR PRIVACY","REDACTED FOR PRIVACY","REDACTED FOR PRIVACY","REDACTED FOR PRIVACY","REDACTED FOR PRIVACY","REDACTED FOR PRIVACY","","REDACTED FOR PRIVACY","","f1g1ns1.dnspod.net","f1g1ns2.dnspod.net","","","OK","","",""
"47","shuangfazili.net","2020-05-12 21:49:54","2020-05-09","2020-05-09","2021-05-09","1697","DNSPod, Inc.","whois.dnspod.com","http:// www.dnspod.cn","REDACTED FOR PRIVACY","REDACTED FOR PRIVACY","REDACTED FOR PRIVACY","REDACTED FOR PRIVACY","REDACTED FOR PRIVACY","REDACTED FOR PRIVACY","REDACTED FOR PRIVACY","","REDACTED FOR PRIVACY","REDACTED FOR PRIVACY","REDACTED FOR PRIVACY","REDACTED FOR PRIVACY","REDACTED FOR PRIVACY","REDACTED FOR PRIVACY","REDACTED FOR PRIVACY","REDACTED FOR PRIVACY","REDACTED FOR PRIVACY","","REDACTED FOR PRIVACY","REDACTED FOR PRIVACY","REDACTED FOR PRIVACY","REDACTED FOR PRIVACY","REDACTED FOR PRIVACY","","REDACTED FOR PRIVACY","REDACTED FOR PRIVACY","REDACTED FOR PRIVACY","","REDACTED FOR PRIVACY","REDACTED FOR PRIVACY","REDACTED FOR PRIVACY","REDACTED FOR PRIVACY","REDACTED FOR PRIVACY","REDACTED FOR PRIVACY","REDACTED FOR PRIVACY","REDACTED FOR PRIVACY","REDACTED FOR PRIVACY","","REDACTED FOR PRIVACY","","f1g1ns1.dnspod.net","f1g1ns2.dnspod.net","","","OK","","",""
"48","spacex.guru","2020-05-12 20:47:25","2020-05-10","2020-05-10","2021-05-10","1697","DNSPod, Inc.","whois.dnspod.com","http:// www.dnspod.cn","REDACTED FOR PRIVACY","xuyueguang","REDACTED FOR PRIVACY","REDACTED FOR PRIVACY","hu bei sheng","REDACTED FOR PRIVACY","China","","REDACTED FOR PRIVACY","REDACTED FOR PRIVACY","","","","","","","","","","","","","","","","","","","","","","","","","","","","","","","","","","","addPeriod","","",""
"49","suoquan.pro","2020-05-12 19:06:37","2020-05-07","2020-05-10","2030-05-07","1697","DNSPod, Inc.","whois.dnspod.com","http:// www.dnspod.cn","??","??","","","Guang Dong Sheng","","China","","","","","","","","","","","","","","","","","","","","","","","","","","","","","","","","","","f1g1ns1.dnspod.net","f1g1ns2.dnspod.net","","","serverTransferProhibited","","",""
"50","taoshen.pro","2020-05-12 22:47:33","2020-05-11","2020-05-11","2021-05-11","1697","DNSPod, Inc.","whois.dnspod.com","http:// www.dnspod.cn","??","??","","","zhe jiang sheng","","China","","","","","","","","","","","","","","","","","","","","","","","","","","","","","","","","","","f1g1ns1.dnspod.net","f1g1ns2.dnspod.net","","","addPeriod","serverTransferProhibited","",""
"51","weektodo.life","2020-05-12 21:07:50","2020-05-08","2020-05-08","2023-05-08","1697","DNSPod, Inc.","whois.dnspod.com","http:// www.dnspod.cn","REDACTED FOR PRIVACY","Wang Guo Qing","REDACTED FOR PRIVACY","REDACTED FOR PRIVACY","bei jing shi","REDACTED FOR PRIVACY","China","","REDACTED FOR PRIVACY","REDACTED FOR PRIVACY","","","","","","","","","","","","","","","","","","","","","","","","","","","","","","","","","","","addPeriod","","",""
"52","xiaoyua.info","2020-05-12 21:02:16","2020-05-11","2020-05-11","2021-05-11","1697","DNSPod, Inc.","whois.dnspod.com","http:// www.dnspod.cn","??","??","","","si chuan sheng","","China","","","","","","","","","","","","","","","","","","","","","","","","","","","","","","","","","","f1g1ns1.dnspod.net","f1g1ns2.dnspod.net","","","addPeriod","serverTransferProhibited","",""
"53","yangkun.info","2020-05-12 13:30:28","2020-05-10","2020-05-10","2021-05-10","1697","DNSPod, Inc.","whois.dnspod.com","http:// www.dnspod.cn","??","??","","","Yun Nan Sheng","","China","","","","","","","","","","","","","","","","","","","","","","","","","","","","","","","","","","f1g1ns1.dnspod.net","f1g1ns2.dnspod.net","","","addPeriod","serverTransferProhibited","",""
"54","yanyu.info","2020-05-12 13:30:15","2020-05-08","2020-05-08","2021-05-08","1697","DNSPod, Inc.","whois.dnspod.com","http:// www.dnspod.cn","????","????","","","qing hai sheng","","China","","","","","","","","","","","","","","","","","","","","","","","","","","","","","","","","","","f1g1ns1.dnspod.net","f1g1ns2.dnspod.net","","","addPeriod","serverTransferProhibited","",""
"55","yunjihua.info","2020-05-12 21:02:11","2020-05-11","2020-05-11","2021-05-11","1697","DNSPod, Inc.","whois.dnspod.com","http:// www.dnspod.cn","???","???","","","shan dong sheng","","China","","","","","","","","","","","","","","","","","","","","","","","","","","","","","","","","","","f1g1ns1.dnspod.net","f1g1ns2.dnspod.net","","","addPeriod","serverTransferProhibited","",""
"56","yzjljx.ltd","2020-05-12 21:16:52","2020-05-09","2020-05-10","2021-05-09","1697","DNSPod, Inc.","whois.dnspod.com","http:// www.dnspod.cn","REDACTED FOR PRIVACY","Yang Zhou Jin Long Ji Xie You Xian Gong Si","REDACTED FOR PRIVACY","REDACTED FOR PRIVACY","jiang su sheng","REDACTED FOR PRIVACY","China","","REDACTED FOR PRIVACY","REDACTED FOR PRIVACY","","","","","","","","","","","","","","","","","","","","","","","","","","","","","","","","","","","addPeriod","clientTransferProhibited","",""
"57","zhanjiang.info","2020-05-12 21:02:12","2020-05-08","2020-05-08","2021-05-08","1697","DNSPod, Inc.","whois.dnspod.com","http:// www.dnspod.cn","???","???","","","Guang Dong Sheng","","China","","","","","","","","","","","","","","","","","","","","","","","","","","","","","","","","","","f1g1ns1.dnspod.net","f1g1ns2.dnspod.net","","","addPeriod","serverTransferProhibited","",""
"58","zhaododo.info","2020-05-12 21:02:08","2020-05-08","2020-05-08","2021-05-08","1697","DNSPod, Inc.","whois.dnspod.com","http:// www.dnspod.cn","??","??","","","shan dong sheng","","China","","","","","","","","","","","","","","","","","","","","","","","","","","","","","","","","","","f1g1ns1.dnspod.net","f1g1ns2.dnspod.net","","","addPeriod","serverTransferProhibited","",""
"59","zjtx.info","2020-05-12 21:02:12","2020-05-09","2020-05-09","2021-05-09","1697","DNSPod, Inc.","whois.dnspod.com","http:// www.dnspod.cn","????????????","????????????","","","zhe jiang sheng","","China","","","","","","","","","","","","","","","","","","","","","","","","","","","","","","","","","","f1g1ns1.dnspod.net","f1g1ns2.dnspod.net","","","addPeriod","serverTransferProhibited","",""
"60","zzjxfio.info","2020-05-12 13:44:23","2020-05-08","2020-05-08","2021-05-08","1697","DNSPod, Inc.","whois.dnspod.com","http:// www.dnspod.cn","???","???","","","Fu Jian Sheng","","China","","","","","","","","","","","","","","","","","","","","","","","","","","","","","","","","","","f1g1ns1.dnspod.net","f1g1ns2.dnspod.net","","","addPeriod","serverTransferProhibited","",""
"61","zzzy.info","2020-05-12 13:44:19","2020-05-08","2020-05-08","2021-05-08","1697","DNSPod, Inc.","whois.dnspod.com","http:// www.dnspod.cn","???","???","","","hu nan sheng","","China","","","","","","","","","","","","","","","","","","","","","","","","","","","","","","","","","","f1g1ns1.dnspod.net","f1g1ns2.dnspod.net","","","addPeriod","serverTransferProhibited","",""