"num","domain_name","query_time","create_date","update_date","expiry_date","domain_registrar_id","domain_registrar_name","domain_registrar_whois","domain_registrar_url","registrant_name","registrant_company","registrant_address","registrant_city","registrant_state","registrant_zip","registrant_country","registrant_email","registrant_phone","registrant_fax","administrative_name","administrative_company","administrative_address","administrative_city","administrative_state","administrative_zip","administrative_country","administrative_email","administrative_phone","administrative_fax","technical_name","technical_company","technical_address","technical_city","technical_state","technical_zip","technical_country","technical_email","technical_phone","technical_fax","billing_name","billing_company","billing_address","billing_city","billing_state","billing_zip","billing_country","billing_email","billing_phone","billing_fax","name_server_1","name_server_2","name_server_3","name_server_4","domain_status_1","domain_status_2","domain_status_3","domain_status_4"
"1","elevatefinances.net","2020-05-12 21:48:16","2020-05-09","2020-05-09","2021-05-09","431","DreamHost, LLC","whois.dreamhost.com","http://www.dreamhost.com","REDACTED FOR PRIVACY","REDACTED FOR PRIVACY","REDACTED FOR PRIVACY","REDACTED FOR PRIVACY","Texas","REDACTED FOR PRIVACY","United States","","REDACTED FOR PRIVACY","REDACTED FOR PRIVACY","REDACTED FOR PRIVACY","REDACTED FOR PRIVACY","REDACTED FOR PRIVACY","REDACTED FOR PRIVACY","REDACTED FOR PRIVACY","REDACTED FOR PRIVACY","REDACTED FOR PRIVACY","","REDACTED FOR PRIVACY","REDACTED FOR PRIVACY","REDACTED FOR PRIVACY","REDACTED FOR PRIVACY","REDACTED FOR PRIVACY","REDACTED FOR PRIVACY","REDACTED FOR PRIVACY","REDACTED FOR PRIVACY","REDACTED FOR PRIVACY","","REDACTED FOR PRIVACY","REDACTED FOR PRIVACY","","","","","","","","","","","ns1.dreamhost.com","ns2.dreamhost.com","ns3.dreamhost.com","","addPeriod","clientTransferProhibited","",""
"2","enjoyhealthy.net","2020-05-12 21:48:07","2020-05-09","2020-05-09","2021-05-09","431","DreamHost, LLC","whois.dreamhost.com","http://www.dreamhost.com","Proxy Protection LLC","Proxy Protection LLC","417 Associated Rd #324 C/O enjoyhealthy.net","Brea","CA","92821","United States","jsw3uv5vqfjau8a@proxy.dreamhost.com","+1.7147064182","","Proxy Protection LLC","Proxy Protection LLC","417 Associated Rd #324 C/O enjoyhealthy.net","Brea","CA","92821","United States","jsw3uv5vqfjau8a@proxy.dreamhost.com","+1.7147064182","","Proxy Protection LLC","Proxy Protection LLC","417 Associated Rd #324 C/O enjoyhealthy.net","Brea","CA","92821","United States","jsw3uv5vqfjau8a@proxy.dreamhost.com","+1.7147064182","","","","","","","","","","","","ns1.dreamhost.com","ns2.dreamhost.com","ns3.dreamhost.com","","addPeriod","clientTransferProhibited","",""
"3","farmazingdirect.net","2020-05-12 21:47:56","2020-05-08","2020-05-08","2021-05-08","431","DreamHost, LLC","whois.dreamhost.com","http://www.dreamhost.com","Proxy Protection LLC","Proxy Protection LLC","417 Associated Rd #324 C/O farmazingdirect.net","Brea","CA","92821","United States","p9bh3sgb4k696ru@proxy.dreamhost.com","+1.7147064182","","Proxy Protection LLC","Proxy Protection LLC","417 Associated Rd #324 C/O farmazingdirect.net","Brea","CA","92821","United States","p9bh3sgb4k696ru@proxy.dreamhost.com","+1.7147064182","","Proxy Protection LLC","Proxy Protection LLC","417 Associated Rd #324 C/O farmazingdirect.net","Brea","CA","92821","United States","p9bh3sgb4k696ru@proxy.dreamhost.com","+1.7147064182","","","","","","","","","","","","ns1.dreamhost.com","ns2.dreamhost.com","ns3.dreamhost.com","","addPeriod","clientTransferProhibited","",""
"4","fishookmag.net","2020-05-12 21:47:50","2020-05-10","2020-05-10","2021-05-10","431","DreamHost, LLC","whois.dreamhost.com","http://www.dreamhost.com","Proxy Protection LLC","Proxy Protection LLC","417 Associated Rd #324 C/O fishookmag.net","Brea","CA","92821","United States","23azysbhnmz524z@proxy.dreamhost.com","+1.7147064182","","Proxy Protection LLC","Proxy Protection LLC","417 Associated Rd #324 C/O fishookmag.net","Brea","CA","92821","United States","23azysbhnmz524z@proxy.dreamhost.com","+1.7147064182","","Proxy Protection LLC","Proxy Protection LLC","417 Associated Rd #324 C/O fishookmag.net","Brea","CA","92821","United States","23azysbhnmz524z@proxy.dreamhost.com","+1.7147064182","","","","","","","","","","","","ns1.dreamhost.com","ns2.dreamhost.com","ns3.dreamhost.com","","addPeriod","clientTransferProhibited","",""
"5","gentracer.net","2020-05-12 21:47:33","2020-05-10","2020-05-10","2021-05-10","431","DreamHost, LLC","whois.dreamhost.com","http://www.dreamhost.com","Proxy Protection LLC","Proxy Protection LLC","417 Associated Rd #324 C/O gentracer.net","Brea","CA","92821","United States","gentracer.net@proxy.dreamhost.com","+1.7147064182","","Proxy Protection LLC","Proxy Protection LLC","417 Associated Rd #324 C/O gentracer.net","Brea","CA","92821","United States","gentracer.net@proxy.dreamhost.com","+1.7147064182","","Proxy Protection LLC","Proxy Protection LLC","417 Associated Rd #324 C/O gentracer.net","Brea","CA","92821","United States","gentracer.net@proxy.dreamhost.com","+1.7147064182","","","","","","","","","","","","ns1.dreamhost.com","ns2.dreamhost.com","ns3.dreamhost.com","","addPeriod","clientTransferProhibited","",""
"6","powercosmic.net","2020-05-12 21:50:43","2020-05-08","2020-05-08","2021-05-08","431","DreamHost, LLC","whois.dreamhost.com","http://www.dreamhost.com","Proxy Protection LLC","Proxy Protection LLC","417 Associated Rd #324 C/O powercosmic.net","Brea","CA","92821","United States","abxdmhblutxyy4b@proxy.dreamhost.com","+1.7147064182","","Proxy Protection LLC","Proxy Protection LLC","417 Associated Rd #324 C/O powercosmic.net","Brea","CA","92821","United States","abxdmhblutxyy4b@proxy.dreamhost.com","+1.7147064182","","Proxy Protection LLC","Proxy Protection LLC","417 Associated Rd #324 C/O powercosmic.net","Brea","CA","92821","United States","abxdmhblutxyy4b@proxy.dreamhost.com","+1.7147064182","","","","","","","","","","","","ns1.dreamhost.com","ns2.dreamhost.com","ns3.dreamhost.com","","addPeriod","clientTransferProhibited","",""
"7","primepixel.net","2020-05-12 21:50:44","2020-05-09","2020-05-09","2021-05-09","431","DreamHost, LLC","whois.dreamhost.com","http://www.dreamhost.com","Proxy Protection LLC","Proxy Protection LLC","417 Associated Rd #324 C/O primepixel.net","Brea","CA","92821","United States","3sr9yel5mgkjsyn@proxy.dreamhost.com","+1.7147064182","","Proxy Protection LLC","Proxy Protection LLC","417 Associated Rd #324 C/O primepixel.net","Brea","CA","92821","United States","3sr9yel5mgkjsyn@proxy.dreamhost.com","+1.7147064182","","Proxy Protection LLC","Proxy Protection LLC","417 Associated Rd #324 C/O primepixel.net","Brea","CA","92821","United States","3sr9yel5mgkjsyn@proxy.dreamhost.com","+1.7147064182","","","","","","","","","","","","ns1.dreamhost.com","ns2.dreamhost.com","ns3.dreamhost.com","","addPeriod","clientTransferProhibited","",""
"8","protaz.net","2020-05-12 21:50:40","2020-05-09","2020-05-09","2021-05-09","431","DreamHost, LLC","whois.dreamhost.com","http://www.dreamhost.com","Proxy Protection LLC","Proxy Protection LLC","417 Associated Rd #324 C/O protaz.net","Brea","CA","92821","United States","2a64w5xcm7zbpc8@proxy.dreamhost.com","+1.7147064182","","Proxy Protection LLC","Proxy Protection LLC","417 Associated Rd #324 C/O protaz.net","Brea","CA","92821","United States","2a64w5xcm7zbpc8@proxy.dreamhost.com","+1.7147064182","","Proxy Protection LLC","Proxy Protection LLC","417 Associated Rd #324 C/O protaz.net","Brea","CA","92821","United States","2a64w5xcm7zbpc8@proxy.dreamhost.com","+1.7147064182","","","","","","","","","","","","ns1.dreamhost.com","ns2.dreamhost.com","ns3.dreamhost.com","","addPeriod","clientTransferProhibited","",""
"9","publichistoryproject.net","2020-05-12 21:50:35","2020-05-09","2020-05-09","2021-05-09","431","DreamHost, LLC","whois.dreamhost.com","http://www.dreamhost.com","Proxy Protection LLC","Proxy Protection LLC","417 Associated Rd #324 C/O publichistoryproject.net","Brea","CA","92821","United States","efxszs8wwc7346a@proxy.dreamhost.com","+1.7147064182","","Proxy Protection LLC","Proxy Protection LLC","417 Associated Rd #324 C/O publichistoryproject.net","Brea","CA","92821","United States","efxszs8wwc7346a@proxy.dreamhost.com","+1.7147064182","","Proxy Protection LLC","Proxy Protection LLC","417 Associated Rd #324 C/O publichistoryproject.net","Brea","CA","92821","United States","efxszs8wwc7346a@proxy.dreamhost.com","+1.7147064182","","","","","","","","","","","","ns1.dreamhost.com","ns2.dreamhost.com","ns3.dreamhost.com","","addPeriod","clientTransferProhibited","",""
"10","rhysworks.net","2020-05-12 21:50:19","2020-05-08","2020-05-08","2021-05-08","431","DreamHost, LLC","whois.dreamhost.com","http://www.dreamhost.com","Proxy Protection LLC","Proxy Protection LLC","417 Associated Rd #324 C/O rhysworks.net","Brea","CA","92821","United States","h9k3qce8dxarxe5@proxy.dreamhost.com","+1.7147064182","","Proxy Protection LLC","Proxy Protection LLC","417 Associated Rd #324 C/O rhysworks.net","Brea","CA","92821","United States","h9k3qce8dxarxe5@proxy.dreamhost.com","+1.7147064182","","Proxy Protection LLC","Proxy Protection LLC","417 Associated Rd #324 C/O rhysworks.net","Brea","CA","92821","United States","h9k3qce8dxarxe5@proxy.dreamhost.com","+1.7147064182","","","","","","","","","","","","ns1.dreamhost.com","ns2.dreamhost.com","ns3.dreamhost.com","","addPeriod","clientTransferProhibited","",""
"11","sir-clean.net","2020-05-12 21:49:49","2020-05-09","2020-05-09","2021-05-09","431","DreamHost, LLC","whois.dreamhost.com","http://www.dreamhost.com","Proxy Protection LLC","Proxy Protection LLC","417 Associated Rd #324 C/O sir-clean.net","Brea","CA","92821","United States","vd93hz75j57lk2f@proxy.dreamhost.com","+1.7147064182","","Proxy Protection LLC","Proxy Protection LLC","417 Associated Rd #324 C/O sir-clean.net","Brea","CA","92821","United States","vd93hz75j57lk2f@proxy.dreamhost.com","+1.7147064182","","Proxy Protection LLC","Proxy Protection LLC","417 Associated Rd #324 C/O sir-clean.net","Brea","CA","92821","United States","vd93hz75j57lk2f@proxy.dreamhost.com","+1.7147064182","","","","","","","","","","","","ns1.a2hosting.com","ns2.a2hosting.com","ns3.a2hosting.com","ns4.a2hosting.com","addPeriod","clientTransferProhibited","",""