"num","domain_name","query_time","create_date","update_date","expiry_date","domain_registrar_id","domain_registrar_name","domain_registrar_whois","domain_registrar_url","registrant_name","registrant_company","registrant_address","registrant_city","registrant_state","registrant_zip","registrant_country","registrant_email","registrant_phone","registrant_fax","administrative_name","administrative_company","administrative_address","administrative_city","administrative_state","administrative_zip","administrative_country","administrative_email","administrative_phone","administrative_fax","technical_name","technical_company","technical_address","technical_city","technical_state","technical_zip","technical_country","technical_email","technical_phone","technical_fax","billing_name","billing_company","billing_address","billing_city","billing_state","billing_zip","billing_country","billing_email","billing_phone","billing_fax","name_server_1","name_server_2","name_server_3","name_server_4","domain_status_1","domain_status_2","domain_status_3","domain_status_4"
"1","graffide.net","2020-05-12 21:47:24","2020-05-08","2020-05-08","2021-05-07","1052","EuroDNS S.A.","http://whois.rotld.ro","http://www.eurodns.com","Nirk Andres","EEKLEY OU","Tartu linn, Tihase tn 3","Tartu linn","","50416","Estonia","andresnirk91@gmail.com","+372.53034486","","Nirk Andres","EEKLEY OU","Tartu linn, Tihase tn 3","Tartu linn","","50416","Estonia","andresnirk91@gmail.com","+372.53034486","","Nirk Andres","EEKLEY OU","Tartu linn, Tihase tn 3","Tartu linn","","50416","Estonia","andresnirk91@gmail.com","+372.53034486","","","","","","","","","","","","ns.elkdata.ee","ns2.elkdata.ee","ns3.elkdata.net","","clientTransferProhibited","","",""
"2","knowledgeondemand.training","2020-05-12 22:39:20","2020-05-10","2020-05-10","2021-05-10","1052","EuroDNS S.A.","http://whois.rotld.ro","http://www.eurodns.com","REDACTED FOR PRIVACY","CHANGE-IT","REDACTED FOR PRIVACY","REDACTED FOR PRIVACY","","REDACTED FOR PRIVACY","Belgium","","REDACTED FOR PRIVACY","REDACTED FOR PRIVACY","","","","","","","","","","","","","","","","","","","","","","","","","","","","","","","","","","","addPeriod","clientTransferProhibited","",""
"3","mintix.exchange","2020-05-12 20:09:32","2020-05-11","2020-05-11","2021-05-11","1052","EuroDNS S.A.","http://whois.rotld.ro","http://www.eurodns.com","REDACTED FOR PRIVACY","Whois Privacy (enumDNS dba)","REDACTED FOR PRIVACY","REDACTED FOR PRIVACY","","REDACTED FOR PRIVACY","Luxembourg","","REDACTED FOR PRIVACY","REDACTED FOR PRIVACY","","","","","","","","","","","","","","","","","","","","","","","","","","","","","","","","","","","addPeriod","clientTransferProhibited","",""
"4","mintix.forex","2020-05-12 20:37:49","2020-05-11","2020-05-11","2021-05-11","1052","EuroDNS S.A.","http://whois.rotld.ro","http://www.eurodns.com","REDACTED FOR PRIVACY","Mintix Ltd","REDACTED FOR PRIVACY","REDACTED FOR PRIVACY","","REDACTED FOR PRIVACY","United Kingdom","","REDACTED FOR PRIVACY","REDACTED FOR PRIVACY","REDACTED FOR PRIVACY","REDACTED FOR PRIVACY","REDACTED FOR PRIVACY","REDACTED FOR PRIVACY","REDACTED FOR PRIVACY","REDACTED FOR PRIVACY","REDACTED FOR PRIVACY","","REDACTED FOR PRIVACY","REDACTED FOR PRIVACY","REDACTED FOR PRIVACY","REDACTED FOR PRIVACY","REDACTED FOR PRIVACY","REDACTED FOR PRIVACY","REDACTED FOR PRIVACY","REDACTED FOR PRIVACY","REDACTED FOR PRIVACY","","REDACTED FOR PRIVACY","REDACTED FOR PRIVACY","REDACTED FOR PRIVACY","REDACTED FOR PRIVACY","REDACTED FOR PRIVACY","REDACTED FOR PRIVACY","REDACTED FOR PRIVACY","REDACTED FOR PRIVACY","REDACTED FOR PRIVACY","","REDACTED FOR PRIVACY","REDACTED FOR PRIVACY","ns1.eurodns.com","ns2.eurodns.com","ns3.eurodns.com","ns4.eurodns.com","clientTransferProhibited","","",""
"5","mintix.trade","2020-05-13 00:54:43","2020-05-11","2020-05-11","2021-05-11","1052","EuroDNS S.A.","http://whois.rotld.ro","http://www.eurodns.com","Mintix Ltd","Mintix Ltd","","","","","United Kingdom","","","","","","","","","","","","","","","","","","","","","","","","","","","","","","","","","","ns1.eurodns.com","ns2.eurodns.com","ns3.eurodns.com","ns4.eurodns.com","addPeriod","clientTransferProhibited","",""