"num","domain_name","query_time","create_date","update_date","expiry_date","domain_registrar_id","domain_registrar_name","domain_registrar_whois","domain_registrar_url","registrant_name","registrant_company","registrant_address","registrant_city","registrant_state","registrant_zip","registrant_country","registrant_email","registrant_phone","registrant_fax","administrative_name","administrative_company","administrative_address","administrative_city","administrative_state","administrative_zip","administrative_country","administrative_email","administrative_phone","administrative_fax","technical_name","technical_company","technical_address","technical_city","technical_state","technical_zip","technical_country","technical_email","technical_phone","technical_fax","billing_name","billing_company","billing_address","billing_city","billing_state","billing_zip","billing_country","billing_email","billing_phone","billing_fax","name_server_1","name_server_2","name_server_3","name_server_4","domain_status_1","domain_status_2","domain_status_3","domain_status_4"
"1","bigticketcommission.info","2020-05-12 02:27:30","2020-05-10","2020-05-10","2021-05-10","1418","EvoPlus Ltd.","whois.evonames.com","http://www.evonames.com","WhoisProtectService.net","WhoisProtectService.net","","","","","United Kingdom","","","","","","","","","","","","","","","","","","","","","","","","","","","","","","","","","","ns1.above.com","ns2.above.com","","","addPeriod","clientDeleteProhibited","clientTransferProhibited","serverTransferProhibited"
"2","booi-casino-official.info","2020-05-12 02:41:26","2020-05-10","2020-05-10","2021-05-10","1418","EvoPlus Ltd.","whois.evonames.com","http://www.evonames.com","WhoisProtectService.net","WhoisProtectService.net","","","","","United Kingdom","","","","","","","","","","","","","","","","","","","","","","","","","","","","","","","","","","nero.ns.cloudflare.com","penny.ns.cloudflare.com","","","addPeriod","clientDeleteProhibited","clientTransferProhibited","serverTransferProhibited"
"3","columbus-casino.mobi","2020-05-12 15:28:17","2020-05-10","2020-05-10","2021-05-10","1418","EvoPlus Ltd.","whois.evonames.com","http://www.evonames.com","WhoisProtectService.net","WhoisProtectService.net","","","","","United Kingdom","","","","","","","","","","","","","","","","","","","","","","","","","","","","","","","","","","jasmine.ns.cloudflare.com","kianchau.ns.cloudflare.com","","","addPeriod","clientDeleteProhibited","clientTransferProhibited","serverTransferProhibited"
"4","freebonus.pro","2020-05-12 22:47:39","2020-05-11","2020-05-11","2021-05-11","1418","EvoPlus Ltd.","whois.evonames.com","http://www.evonames.com","WhoisProtectService.net","WhoisProtectService.net","","","","","United Kingdom","","","","","","","","","","","","","","","","","","","","","","","","","","","","","","","","","","ns1.topdns.me","ns2.topdns.me","ns3.topdns.me","","addPeriod","serverTransferProhibited","",""
"5","freeslots-777.info","2020-05-12 21:00:15","2020-05-11","2020-05-11","2021-05-11","1418","EvoPlus Ltd.","whois.evonames.com","http://www.evonames.com","WhoisProtectService.net","WhoisProtectService.net","","","","","United Kingdom","","","","","","","","","","","","","","","","","","","","","","","","","","","","","","","","","","jobs.ns.cloudflare.com","sharon.ns.cloudflare.com","","","addPeriod","serverTransferProhibited","",""
"6","getbonus.pro","2020-05-12 22:47:38","2020-05-11","2020-05-11","2021-05-11","1418","EvoPlus Ltd.","whois.evonames.com","http://www.evonames.com","WhoisProtectService.net","WhoisProtectService.net","","","","","United Kingdom","","","","","","","","","","","","","","","","","","","","","","","","","","","","","","","","","","ns1.topdns.me","ns2.topdns.me","ns3.topdns.me","","addPeriod","serverTransferProhibited","",""
"7","go3x.pro","2020-05-12 18:39:16","2020-05-09","2020-05-09","2021-05-09","1418","EvoPlus Ltd.","whois.evonames.com","http://www.evonames.com","WhoisProtectService.net","WhoisProtectService.net","","","","","United Kingdom","","","","","","","","","","","","","","","","","","","","","","","","","","","","","","","","","","ns1.topdns.me","ns2.topdns.me","ns3.topdns.me","","addPeriod","serverTransferProhibited","",""
"8","jobcoach.biz","2020-05-12 16:52:15","2020-05-08","2020-05-08","2021-05-08","1418","EvoPlus Ltd.","whois.evonames.com","http://www.evonames.com","WhoisProtectService.net","WhoisProtectService.net","","","","","United Kingdom","","","","","","","","","","","","","","","","","","","","","","","","","","","","","","","","","","ns1.dropwind.com","ns2.dropwind.com","ns3.dropwind.com","","addPeriod","clientDeleteProhibited","clientTransferProhibited",""
"9","onlinecasino777slots.info","2020-05-12 21:06:09","2020-05-08","2020-05-08","2021-05-08","1418","EvoPlus Ltd.","whois.evonames.com","http://www.evonames.com","WhoisProtectService.net","WhoisProtectService.net","","","","","United Kingdom","","","","","","","","","","","","","","","","","","","","","","","","","","","","","","","","","","jobs.ns.cloudflare.com","sharon.ns.cloudflare.com","","","addPeriod","serverTransferProhibited","",""
"10","play777-casino.info","2020-05-12 09:40:05","2020-05-10","2020-05-10","2021-05-10","1418","EvoPlus Ltd.","whois.evonames.com","http://www.evonames.com","WhoisProtectService.net","WhoisProtectService.net","","","","","United Kingdom","","","","","","","","","","","","","","","","","","","","","","","","","","","","","","","","","","jobs.ns.cloudflare.com","sharon.ns.cloudflare.com","","","addPeriod","serverTransferProhibited","",""
"11","pornodomen.net","2020-05-12 21:50:42","2020-05-10","2020-05-10","2021-05-10","1418","EvoPlus Ltd.","whois.evonames.com","http://www.evonames.com","DANESCO TRADING LTD","DANESCO TRADING LTD.","157, Archbishop Makarios Ave, office 1","Limassol","","3026","Cyprus","pornodomen.net@whoisprotectservice.net","+357.95713635","+357.95713635","DANESCO TRADING LTD","DANESCO TRADING LTD.","157, Archbishop Makarios Ave, office 1","Limassol","","3026","Cyprus","pornodomen.net@whoisprotectservice.net","+357.95713635","+357.95713635","DANESCO TRADING LTD","DANESCO TRADING LTD.","157, Archbishop Makarios Ave, office 1","Limassol","","3026","Cyprus","pornodomen.net@whoisprotectservice.net","+357.95713635","+357.95713635","DANESCO TRADING LTD","DANESCO TRADING LTD.","157, Archbishop Makarios Ave, office 1","Limassol","","3026","Cyprus","pornodomen.net@whoisprotectservice.net","+357.95713635","+357.95713635","ns1.topdns.me","ns2.topdns.me","ns3.topdns.me","","OK","","",""
"12","prostitutki-pitera.net","2020-05-12 21:50:38","2020-05-08","2020-05-08","2021-05-08","1418","EvoPlus Ltd.","whois.evonames.com","http://www.evonames.com","DANESCO TRADING LTD","DANESCO TRADING LTD.","157, Archbishop Makarios Ave, office 1","Limassol","","3026","Cyprus","prostitutki-pitera.net@whoisprotectservice.net","+357.95713635","+357.95713635","DANESCO TRADING LTD","DANESCO TRADING LTD.","157, Archbishop Makarios Ave, office 1","Limassol","","3026","Cyprus","prostitutki-pitera.net@whoisprotectservice.net","+357.95713635","+357.95713635","DANESCO TRADING LTD","DANESCO TRADING LTD.","157, Archbishop Makarios Ave, office 1","Limassol","","3026","Cyprus","prostitutki-pitera.net@whoisprotectservice.net","+357.95713635","+357.95713635","DANESCO TRADING LTD","DANESCO TRADING LTD.","157, Archbishop Makarios Ave, office 1","Limassol","","3026","Cyprus","prostitutki-pitera.net@whoisprotectservice.net","+357.95713635","+357.95713635","jay.ns.cloudflare.com","pam.ns.cloudflare.com","","","OK","","",""
"13","receivebonus.info","2020-05-12 21:04:39","2020-05-11","2020-05-11","2021-05-11","1418","EvoPlus Ltd.","whois.evonames.com","http://www.evonames.com","WhoisProtectService.net","WhoisProtectService.net","","","","","United Kingdom","","","","","","","","","","","","","","","","","","","","","","","","","","","","","","","","","","ns1.topdns.me","ns2.topdns.me","ns3.topdns.me","","addPeriod","serverTransferProhibited","",""
"14","sanctumlogos.info","2020-05-12 21:03:58","2020-05-11","2020-05-11","2021-05-11","1418","EvoPlus Ltd.","whois.evonames.com","http://www.evonames.com","WhoisProtectService.net","WhoisProtectService.net","","","","","United Kingdom","","","","","","","","","","","","","","","","","","","","","","","","","","","","","","","","","","ns1.sprinthost.ru","ns2.sprinthost.ru","ns3.sprinthost.net","ns4.sprinthost.net","addPeriod","serverTransferProhibited","",""
"15","school108.net","2020-05-12 21:50:03","2020-05-09","2020-05-09","2021-05-09","1418","EvoPlus Ltd.","whois.evonames.com","http://www.evonames.com","DANESCO TRADING LTD","DANESCO TRADING LTD.","157, Archbishop Makarios Ave, office 1","Limassol","","3026","Cyprus","school108.net@whoisprotectservice.net","+357.95713635","+357.95713635","DANESCO TRADING LTD","DANESCO TRADING LTD.","157, Archbishop Makarios Ave, office 1","Limassol","","3026","Cyprus","school108.net@whoisprotectservice.net","+357.95713635","+357.95713635","DANESCO TRADING LTD","DANESCO TRADING LTD.","157, Archbishop Makarios Ave, office 1","Limassol","","3026","Cyprus","school108.net@whoisprotectservice.net","+357.95713635","+357.95713635","DANESCO TRADING LTD","DANESCO TRADING LTD.","157, Archbishop Makarios Ave, office 1","Limassol","","3026","Cyprus","school108.net@whoisprotectservice.net","+357.95713635","+357.95713635","ns1.ucoz.net","ns2.ucoz.net","ns3.ucoz.net","","OK","","",""
"16","scrapbooknews.net","2020-05-12 21:50:02","2020-05-09","2020-05-09","2021-05-09","1418","EvoPlus Ltd.","whois.evonames.com","http://www.evonames.com","DANESCO TRADING LTD","DANESCO TRADING LTD.","157, Archbishop Makarios Ave, office 1","Limassol","","3026","Cyprus","scrapbooknews.net@whoisprotectservice.net","+357.95713635","+357.95713635","DANESCO TRADING LTD","DANESCO TRADING LTD.","157, Archbishop Makarios Ave, office 1","Limassol","","3026","Cyprus","scrapbooknews.net@whoisprotectservice.net","+357.95713635","+357.95713635","DANESCO TRADING LTD","DANESCO TRADING LTD.","157, Archbishop Makarios Ave, office 1","Limassol","","3026","Cyprus","scrapbooknews.net@whoisprotectservice.net","+357.95713635","+357.95713635","DANESCO TRADING LTD","DANESCO TRADING LTD.","157, Archbishop Makarios Ave, office 1","Limassol","","3026","Cyprus","scrapbooknews.net@whoisprotectservice.net","+357.95713635","+357.95713635","candy.ns.cloudflare.com","mitch.ns.cloudflare.com","","","clientDeleteProhibited","clientTransferProhibited","",""
"17","takebonus.info","2020-05-12 21:03:19","2020-05-11","2020-05-11","2021-05-11","1418","EvoPlus Ltd.","whois.evonames.com","http://www.evonames.com","WhoisProtectService.net","WhoisProtectService.net","","","","","United Kingdom","","","","","","","","","","","","","","","","","","","","","","","","","","","","","","","","","","ns1.topdns.me","ns2.topdns.me","ns3.topdns.me","","addPeriod","serverTransferProhibited","",""
"18","takebonus.pro","2020-05-12 22:47:31","2020-05-11","2020-05-11","2021-05-11","1418","EvoPlus Ltd.","whois.evonames.com","http://www.evonames.com","WhoisProtectService.net","WhoisProtectService.net","","","","","United Kingdom","","","","","","","","","","","","","","","","","","","","","","","","","","","","","","","","","","ns1.topdns.me","ns2.topdns.me","ns3.topdns.me","","addPeriod","serverTransferProhibited","",""
"19","trackme.pro","2020-05-12 19:07:41","2020-05-10","2020-05-10","2021-05-10","1418","EvoPlus Ltd.","whois.evonames.com","http://www.evonames.com","WhoisProtectService.net","WhoisProtectService.net","","","","","United Kingdom","","","","","","","","","","","","","","","","","","","","","","","","","","","","","","","","","","ns1.topdns.me","ns2.topdns.me","ns3.topdns.me","","addPeriod","serverTransferProhibited","",""
"20","truckload.pro","2020-05-12 19:07:39","2020-05-10","2020-05-10","2021-05-10","1418","EvoPlus Ltd.","whois.evonames.com","http://www.evonames.com","WhoisProtectService.net","WhoisProtectService.net","","","","","United Kingdom","","","","","","","","","","","","","","","","","","","","","","","","","","","","","","","","","","ns27.link-host.net","ns28.link-host.net","","","addPeriod","serverTransferProhibited","",""