"num","domain_name","query_time","create_date","update_date","expiry_date","domain_registrar_id","domain_registrar_name","domain_registrar_whois","domain_registrar_url","registrant_name","registrant_company","registrant_address","registrant_city","registrant_state","registrant_zip","registrant_country","registrant_email","registrant_phone","registrant_fax","administrative_name","administrative_company","administrative_address","administrative_city","administrative_state","administrative_zip","administrative_country","administrative_email","administrative_phone","administrative_fax","technical_name","technical_company","technical_address","technical_city","technical_state","technical_zip","technical_country","technical_email","technical_phone","technical_fax","billing_name","billing_company","billing_address","billing_city","billing_state","billing_zip","billing_country","billing_email","billing_phone","billing_fax","name_server_1","name_server_2","name_server_3","name_server_4","domain_status_1","domain_status_2","domain_status_3","domain_status_4"
"1","ailehekimi.kim","2020-05-12 13:57:38","2020-05-08","2020-05-11","2021-05-08","1110","FBS Inc.","whois.isimtescil.net","http://www.isimtescil.net","FBS INC / Whoisprotection.biz","FBS INC / Whoisprotection.biz","","","Istanbul","","Turkey","","","","","","","","","","","","","","","","","","","","","","","","","","","","","","","","","","eu.dnsenable.com","tr.dnsenable.com","us.dnsenable.com","","addPeriod","serverTransferProhibited","",""
"2","avukatim.kim","2020-05-12 21:01:54","2020-05-08","2020-05-11","2021-05-08","1110","FBS Inc.","whois.isimtescil.net","http://www.isimtescil.net","FBS INC / Whoisprotection.biz","FBS INC / Whoisprotection.biz","","","Istanbul","","Turkey","","","","","","","","","","","","","","","","","","","","","","","","","","","","","","","","","","eu.dnsenable.com","tr.dnsenable.com","us.dnsenable.com","","addPeriod","serverTransferProhibited","",""
"3","fikir.red","2020-05-12 19:21:40","2020-05-09","2020-05-10","2021-05-09","1110","FBS Inc.","whois.isimtescil.net","http://www.isimtescil.net","FBS INC / Whoisprotection.biz","FBS INC / Whoisprotection.biz","","","Istanbul","","Turkey","","","","","","","","","","","","","","","","","","","","","","","","","","","","","","","","","","ns1.logoyat.com","ns2.logoyat.com","","","addPeriod","serverTransferProhibited","",""
"4","forexhit.trade","2020-05-12 22:33:02","2020-05-09","2020-05-09","2021-05-09","1110","FBS Inc.","whois.isimtescil.net","http://www.isimtescil.net","FBS INC / Whoisprotection.biz","FBS INC / Whoisprotection.biz","","","Istanbul","","Turkey","","","","","","","","","","","","","","","","","","","","","","","","","","","","","","","","","","eu.dnsenable.com","tr.dnsenable.com","us.dnsenable.com","","addPeriod","ok","",""
"5","metinbilir.kim","2020-05-12 21:01:54","2020-05-10","2020-05-10","2021-05-10","1110","FBS Inc.","whois.isimtescil.net","http://www.isimtescil.net","","","","","merkez","","Turkey","","","","","","","","","","","","","","","","","","","","","","","","","","","","","","","","","","ns1.metinbilir.com","ns2.metinbilir.com","","","addPeriod","serverTransferProhibited","",""
"6","peyzaj.info","2020-05-12 21:05:59","2020-05-09","2020-05-09","2021-05-09","1110","FBS Inc.","whois.isimtescil.net","http://www.isimtescil.net","FBS INC / Whoisprotection.biz","FBS INC / Whoisprotection.biz","","","Istanbul","","Turkey","","","","","","","","","","","","","","","","","","","","","","","","","","","","","","","","","","eu.dnsenable.com","tr.dnsenable.com","us.dnsenable.com","","addPeriod","serverTransferProhibited","",""
"7","veteriner.kim","2020-05-12 21:01:57","2020-05-08","2020-05-11","2021-05-08","1110","FBS Inc.","whois.isimtescil.net","http://www.isimtescil.net","FBS INC / Whoisprotection.biz","FBS INC / Whoisprotection.biz","","","Istanbul","","Turkey","","","","","","","","","","","","","","","","","","","","","","","","","","","","","","","","","","eu.dnsenable.com","tr.dnsenable.com","us.dnsenable.com","","addPeriod","serverTransferProhibited","",""