"num","domain_name","query_time","create_date","update_date","expiry_date","domain_registrar_id","domain_registrar_name","domain_registrar_whois","domain_registrar_url","registrant_name","registrant_company","registrant_address","registrant_city","registrant_state","registrant_zip","registrant_country","registrant_email","registrant_phone","registrant_fax","administrative_name","administrative_company","administrative_address","administrative_city","administrative_state","administrative_zip","administrative_country","administrative_email","administrative_phone","administrative_fax","technical_name","technical_company","technical_address","technical_city","technical_state","technical_zip","technical_country","technical_email","technical_phone","technical_fax","billing_name","billing_company","billing_address","billing_city","billing_state","billing_zip","billing_country","billing_email","billing_phone","billing_fax","name_server_1","name_server_2","name_server_3","name_server_4","domain_status_1","domain_status_2","domain_status_3","domain_status_4"
"1","dscale.biz","2020-05-12 16:01:56","2020-05-11","2020-05-11","2022-05-11","244","Gabia, Inc.","whois.gabia.com","http://www.gabia.com","Leejunhak","Leejunhak","","","","","Korea","","","","","","","","","","","","","","","","","","","","","","","","","","","","","","","","","","ns1.cafe24.co.kr","ns1.cafe24.com","ns2.cafe24.co.kr","ns2.cafe24.com","addPeriod","clientTransferProhibited","",""
"2","g2bgo.biz","2020-05-12 16:20:06","2020-05-10","2020-05-10","2021-05-10","244","Gabia, Inc.","whois.gabia.com","http://www.gabia.com","XPLAT","XPLAT","","","","","Korea","","","","","","","","","","","","","","","","","","","","","","","","","","","","","","","","","","ns1.cafe24dns.co.kr","ns3.cafe24dns.co.kr","","","addPeriod","clientTransferProhibited","",""
"3","glamtalk.net","2020-05-12 21:47:30","2020-05-08","2020-05-09","2022-05-08","244","Gabia, Inc.","whois.gabia.com","http://www.gabia.com","KIMYOONJI","KIMYOONJI","10 Garogongwon-ro 56-gil  Yangcheon-gu Seoul .","Seoul","","07913","Korea","rladbscm@naver.com","+82.1030931377","","KIMYOONJI","","10 Garogongwon-ro 56-gil  Yangcheon-gu Seoul","Seoul","","07913","Korea","rladbscm@naver.com","+82.1030931377","","KIMYOONJI","","10 Garogongwon-ro 56-gil  Yangcheon-gu Seoul","Seoul","","07913","Korea","rladbscm@naver.com","+82.1030931377","","","","","","","","","","","","ns1.cafe24.co.kr","ns1.cafe24.com","ns2.cafe24.co.kr","ns2.cafe24.com","OK","","",""
"4","max-q.biz","2020-05-12 17:17:19","2020-05-11","2020-05-12","2021-05-11","244","Gabia, Inc.","whois.gabia.com","http://www.gabia.com","","","","","","","Korea","","","","","","","","","","","","","","","","","","","","","","","","","","","","","","","","","","ns-1234.awsdns-26.org","ns-1583.awsdns-05.co.uk","ns-497.awsdns-62.com","ns-915.awsdns-50.net","addPeriod","clientTransferProhibited","",""
"5","odsse.biz","2020-05-12 17:39:58","2020-05-11","2020-05-11","2022-05-11","244","Gabia, Inc.","whois.gabia.com","http://www.gabia.com","ODS.Co.Ltd","ODS.Co.Ltd","","","","","Korea","","","","","","","","","","","","","","","","","","","","","","","","","","","","","","","","","","ns27.hanbiro.com","ns28.hanbiro.com","","","addPeriod","clientTransferProhibited","",""
"6","pmirnc.net","2020-05-12 21:50:45","2020-05-11","2020-05-11","2021-05-11","244","Gabia, Inc.","whois.gabia.com","http://www.gabia.com","Kumsol Communication.","Kumsol Communication.","145, Gasan digital 1-ro, Geumcheon-gu, Seoul","Seoul","","08506","Korea","jtkim@kumsolmedia.com","+82.27611633","","Kumsol Communication.","","145, Gasan digital 1-ro, Geumcheon-gu, Seoul","City","","08506","Korea","jtkim@kumsolmedia.com","+82.27611633","","Kumsol Communication.","","145, Gasan digital 1-ro, Geumcheon-gu, Seoul","City","","08506","Korea","jtkim@kumsolmedia.com","+82.27611633","","","","","","","","","","","","ns1.cafe24.co.kr","ns1.cafe24.com","ns2.cafe24.co.kr","ns2.cafe24.com","OK","","",""
"7","ra9na.net","2020-05-12 21:50:30","2020-05-10","2020-05-10","2021-05-10","244","Gabia, Inc.","whois.gabia.com","http://www.gabia.com","Eunok Lee","","111 dong 301 19-51, Mogaemi-gil 34beon-gil, Gwangju-si, Gyeonggi-do, Kore","Seoul","","12765","Korea","phone7322@naver.com","+82.1094705356","","Eunok Lee","","111 dong 301 19-51, Mogaemi-gil 34beon-gil, Gwangju-si, Gyeonggi-do","Seoul","","12765","Korea","phone7322@naver.com","+82.1094705356","","Eunok Lee","","111 dong 301 19-51, Mogaemi-gil 34beon-gil, Gwangju-si, Gyeonggi-do","Seoul","","12765","Korea","phone7322@naver.com","+82.1094705356","","","","","","","","","","","","ns1.woobi.co.kr","ns2.woobi.co.kr","ns3.woobi.co.kr","","OK","","",""
"8","richcrown.net","2020-05-12 21:50:16","2020-05-10","2020-05-10","2021-05-10","244","Gabia, Inc.","whois.gabia.com","http://www.gabia.com","mindewhee","mindewhee","29 Hakdong-ro 68-gil  Gangnam-gu Seoul .","Seoul","","06090","Korea","43osp19v@daum.net","+82.216577785","","mindewhee","","29 Hakdong-ro 68-gil  Gangnam-gu Seoul","Seoul","","06090","Korea","43osp19v@daum.net","+82.216577785","","mindewhee","","29 Hakdong-ro 68-gil  Gangnam-gu Seoul","Seoul","","06090","Korea","43osp19v@daum.net","+82.216577785","","","","","","","","","","","","ns1.cafe24.co.kr","ns1.cafe24.com","ns2.cafe24.co.kr","ns2.cafe24.com","OK","","",""
"9","samsungusa.net","2020-05-12 21:50:07","2020-05-08","2020-05-09","2022-05-08","244","Gabia, Inc.","whois.gabia.com","http://www.gabia.com","Yangwon Lim","Yangwon Lim","37-16 Yeongju-ro 60beon-gil  Yeongju-si Gyeongsangbuk-do .","Gyeongsangbuk-do","","36136","Korea","ishamaim@hanmail.net","+82.546336350","","Yangwon Lim","","37-16 Yeongju-ro 60beon-gil  Yeongju-si Gyeongsangbuk-do","Gyeongsangbuk-do","","36136","Korea","ishamaim@hanmail.net","+82.546336350","","Yangwon Lim","","37-16 Yeongju-ro 60beon-gil  Yeongju-si Gyeongsangbuk-do","Gyeongsangbuk-do","","36136","Korea","ishamaim@hanmail.net","+82.546336350","","","","","","","","","","","","ns1.cafe24.co.kr","ns1.cafe24.com","ns2.cafe24.co.kr","ns2.cafe24.com","OK","","",""