"num","domain_name","query_time","create_date","update_date","expiry_date","domain_registrar_id","domain_registrar_name","domain_registrar_whois","domain_registrar_url","registrant_name","registrant_company","registrant_address","registrant_city","registrant_state","registrant_zip","registrant_country","registrant_email","registrant_phone","registrant_fax","administrative_name","administrative_company","administrative_address","administrative_city","administrative_state","administrative_zip","administrative_country","administrative_email","administrative_phone","administrative_fax","technical_name","technical_company","technical_address","technical_city","technical_state","technical_zip","technical_country","technical_email","technical_phone","technical_fax","billing_name","billing_company","billing_address","billing_city","billing_state","billing_zip","billing_country","billing_email","billing_phone","billing_fax","name_server_1","name_server_2","name_server_3","name_server_4","domain_status_1","domain_status_2","domain_status_3","domain_status_4"
"1","acid.technology","2020-05-13 00:48:37","2020-05-11","2020-05-11","2021-05-11","81","Gandi SAS","whois.gandi.net","http://www.gandi.net","REDACTED FOR PRIVACY","ACID Technologies","REDACTED FOR PRIVACY","REDACTED FOR PRIVACY","","REDACTED FOR PRIVACY","Israel","","REDACTED FOR PRIVACY","REDACTED FOR PRIVACY","","","","","","","","","","","","","","","","","","","","","","","","","","","","","","","","","","","addPeriod","clientTransferProhibited","",""
"2","aio.technology","2020-05-13 00:48:37","2020-05-11","2020-05-11","2021-05-11","81","Gandi SAS","whois.gandi.net","http://www.gandi.net","REDACTED FOR PRIVACY","AIO","REDACTED FOR PRIVACY","REDACTED FOR PRIVACY","","REDACTED FOR PRIVACY","Israel","","REDACTED FOR PRIVACY","REDACTED FOR PRIVACY","","","","","","","","","","","","","","","","","","","","","","","","","","","","","","","","","","","addPeriod","clientTransferProhibited","",""
"3","bfutures.biz","2020-05-12 15:27:39","2020-05-07","2020-05-12","2021-05-07","81","Gandi SAS","whois.gandi.net","http://www.gandi.net","Binance Holdings Limited","Binance Holdings Limited","","","","","Cayman Islands","","","","","","","","","","","","","","","","","","","","","","","","","","","","","","","","","","ns-143-b.gandi.net","ns-144-a.gandi.net","ns-18-c.gandi.net","","clientTransferProhibited","","",""
"4","bridges.kim","2020-05-12 21:01:58","2020-05-10","2020-05-10","2023-05-10","81","Gandi SAS","whois.gandi.net","http://www.gandi.net","","","","","HI","","United States","","","","","","","","","","","","","","","","","","","","","","","","","","","","","","","","","","ns-1475.awsdns-56.org","ns-188.awsdns-23.com","ns-2008.awsdns-59.co.uk","ns-898.awsdns-48.net","addPeriod","clientTransferProhibited","serverTransferProhibited",""
"5","cimetieres.info","2020-05-12 03:18:11","2020-05-10","2020-05-10","2021-05-10","81","Gandi SAS","whois.gandi.net","http://www.gandi.net","Deces infos","Deces infos","","","11","","France","","","","","","","","","","","","","","","","","","","","","","","","","","","","","","","","","","ns-44-a.gandi.net","ns-52-b.gandi.net","ns-95-c.gandi.net","","addPeriod","clientTransferProhibited","serverTransferProhibited",""
"6","commons.radio","2020-05-12 19:25:22","2020-05-06","2020-05-06","2021-05-06","81","Gandi SAS","whois.gandi.net","http://www.gandi.net","Platforms PBC","Platforms PBC","","","NY","","United States","","","","","","","","","","","","","","","","","","","","","","","","","","","","","","","","","","ns-1-c.gandi.net","ns-224-b.gandi.net","ns-79-a.gandi.net","","clientTransferProhibited","serverTransferProhibited","",""
"7","dicer.pro","2020-05-12 18:32:01","2020-05-10","2020-05-10","2021-05-10","81","Gandi SAS","whois.gandi.net","http://www.gandi.net","","","","","","","Germany","","","","","","","","","","","","","","","","","","","","","","","","","","","","","","","","","","ns-1249.awsdns-28.org","ns-1675.awsdns-17.co.uk","ns-342.awsdns-42.com","ns-639.awsdns-15.net","addPeriod","clientTransferProhibited","serverTransferProhibited",""
"8","dukedevendome.paris","2020-05-12 17:35:17","2020-05-09","2020-05-09","2021-05-09","81","Gandi SAS","whois.gandi.net","http://www.gandi.net","REDACTED FOR PRIVACY","","REDACTED FOR PRIVACY","REDACTED FOR PRIVACY","11","REDACTED FOR PRIVACY","France","","REDACTED FOR PRIVACY","REDACTED FOR PRIVACY","REDACTED FOR PRIVACY","REDACTED FOR PRIVACY","REDACTED FOR PRIVACY","REDACTED FOR PRIVACY","REDACTED FOR PRIVACY","REDACTED FOR PRIVACY","REDACTED FOR PRIVACY","","REDACTED FOR PRIVACY","REDACTED FOR PRIVACY","REDACTED FOR PRIVACY","REDACTED FOR PRIVACY","REDACTED FOR PRIVACY","REDACTED FOR PRIVACY","REDACTED FOR PRIVACY","REDACTED FOR PRIVACY","REDACTED FOR PRIVACY","","REDACTED FOR PRIVACY","REDACTED FOR PRIVACY","","","","","","","","","","","ns-15-c.gandi.net","ns-243-b.gandi.net","ns-84-a.gandi.net","","addPeriod","clientTransferProhibited","",""
"9","e-bicyclette.net","2020-05-12 21:48:41","2020-05-10","2020-05-10","2021-05-10","81","Gandi SAS","whois.gandi.net","http://www.gandi.net","REDACTED FOR PRIVACY","BERLAUD NICOLAS","REDACTED FOR PRIVACY","REDACTED FOR PRIVACY","Provence-Alpes-Cote d'Azur","REDACTED FOR PRIVACY","France","07e0e3dbbe6467aa06cd833e3aa2e90b-18956773@contact.gandi.net","REDACTED FOR PRIVACY","REDACTED FOR PRIVACY","REDACTED FOR PRIVACY","REDACTED FOR PRIVACY","REDACTED FOR PRIVACY","REDACTED FOR PRIVACY","REDACTED FOR PRIVACY","REDACTED FOR PRIVACY","REDACTED FOR PRIVACY","07e0e3dbbe6467aa06cd833e3aa2e90b-18956773@contact.gandi.net","REDACTED FOR PRIVACY","REDACTED FOR PRIVACY","REDACTED FOR PRIVACY","REDACTED FOR PRIVACY","REDACTED FOR PRIVACY","REDACTED FOR PRIVACY","REDACTED FOR PRIVACY","REDACTED FOR PRIVACY","REDACTED FOR PRIVACY","07e0e3dbbe6467aa06cd833e3aa2e90b-18956773@contact.gandi.net","REDACTED FOR PRIVACY","REDACTED FOR PRIVACY","","","","","","","","","","","ns-129-a.gandi.net","ns-136-c.gandi.net","ns-45-b.gandi.net","","clientTransferProhibited","","",""
"10","earthdatafornews.net","2020-05-12 21:48:28","2020-05-08","2020-05-08","2021-05-08","81","Gandi SAS","whois.gandi.net","http://www.gandi.net","REDACTED FOR PRIVACY","","REDACTED FOR PRIVACY","REDACTED FOR PRIVACY","Washington","REDACTED FOR PRIVACY","United States","7066b6b33e8ace4bc316307010aecee2-18946733@contact.gandi.net","REDACTED FOR PRIVACY","REDACTED FOR PRIVACY","REDACTED FOR PRIVACY","REDACTED FOR PRIVACY","REDACTED FOR PRIVACY","REDACTED FOR PRIVACY","REDACTED FOR PRIVACY","REDACTED FOR PRIVACY","REDACTED FOR PRIVACY","7066b6b33e8ace4bc316307010aecee2-18946733@contact.gandi.net","REDACTED FOR PRIVACY","REDACTED FOR PRIVACY","REDACTED FOR PRIVACY","REDACTED FOR PRIVACY","REDACTED FOR PRIVACY","REDACTED FOR PRIVACY","REDACTED FOR PRIVACY","REDACTED FOR PRIVACY","REDACTED FOR PRIVACY","7066b6b33e8ace4bc316307010aecee2-18946733@contact.gandi.net","REDACTED FOR PRIVACY","REDACTED FOR PRIVACY","","","","","","","","","","","ns-133-c.gandi.net","ns-147-b.gandi.net","ns-217-a.gandi.net","","clientTransferProhibited","","",""
"11","ebankingswitzerland.net","2020-05-12 21:48:27","2020-05-10","2020-05-10","2021-05-10","81","Gandi SAS","whois.gandi.net","http://www.gandi.net","REDACTED FOR PRIVACY","","REDACTED FOR PRIVACY","REDACTED FOR PRIVACY","","REDACTED FOR PRIVACY","Switzerland","0a60fc44d9913afc9d81681d69b08005-18955921@contact.gandi.net","REDACTED FOR PRIVACY","REDACTED FOR PRIVACY","REDACTED FOR PRIVACY","REDACTED FOR PRIVACY","REDACTED FOR PRIVACY","REDACTED FOR PRIVACY","REDACTED FOR PRIVACY","REDACTED FOR PRIVACY","REDACTED FOR PRIVACY","0a60fc44d9913afc9d81681d69b08005-18955921@contact.gandi.net","REDACTED FOR PRIVACY","REDACTED FOR PRIVACY","REDACTED FOR PRIVACY","REDACTED FOR PRIVACY","REDACTED FOR PRIVACY","REDACTED FOR PRIVACY","REDACTED FOR PRIVACY","REDACTED FOR PRIVACY","REDACTED FOR PRIVACY","0a60fc44d9913afc9d81681d69b08005-18955921@contact.gandi.net","REDACTED FOR PRIVACY","REDACTED FOR PRIVACY","","","","","","","","","","","ns-48-a.gandi.net","ns-83-c.gandi.net","ns-93-b.gandi.net","","clientTransferProhibited","","",""
"12","eswissbanking.net","2020-05-12 21:48:02","2020-05-10","2020-05-10","2021-05-10","81","Gandi SAS","whois.gandi.net","http://www.gandi.net","REDACTED FOR PRIVACY","","REDACTED FOR PRIVACY","REDACTED FOR PRIVACY","","REDACTED FOR PRIVACY","Switzerland","1b5a6cf93a6fd148a62b71a246ca3885-18959781@contact.gandi.net","REDACTED FOR PRIVACY","REDACTED FOR PRIVACY","REDACTED FOR PRIVACY","REDACTED FOR PRIVACY","REDACTED FOR PRIVACY","REDACTED FOR PRIVACY","REDACTED FOR PRIVACY","REDACTED FOR PRIVACY","REDACTED FOR PRIVACY","1b5a6cf93a6fd148a62b71a246ca3885-18959781@contact.gandi.net","REDACTED FOR PRIVACY","REDACTED FOR PRIVACY","REDACTED FOR PRIVACY","REDACTED FOR PRIVACY","REDACTED FOR PRIVACY","REDACTED FOR PRIVACY","REDACTED FOR PRIVACY","REDACTED FOR PRIVACY","REDACTED FOR PRIVACY","1b5a6cf93a6fd148a62b71a246ca3885-18959781@contact.gandi.net","REDACTED FOR PRIVACY","REDACTED FOR PRIVACY","","","","","","","","","","","ns-127-a.gandi.net","ns-228-b.gandi.net","ns-96-c.gandi.net","","clientTransferProhibited","","",""
"13","f-l-i-t.net","2020-05-12 21:48:02","2020-05-10","2020-05-10","2021-05-10","81","Gandi SAS","whois.gandi.net","http://www.gandi.net","REDACTED FOR PRIVACY","","REDACTED FOR PRIVACY","REDACTED FOR PRIVACY","","REDACTED FOR PRIVACY","France","32c2f31cde9cda37a2829bbf56554eb7-18958217@contact.gandi.net","REDACTED FOR PRIVACY","REDACTED FOR PRIVACY","REDACTED FOR PRIVACY","REDACTED FOR PRIVACY","REDACTED FOR PRIVACY","REDACTED FOR PRIVACY","REDACTED FOR PRIVACY","REDACTED FOR PRIVACY","REDACTED FOR PRIVACY","32c2f31cde9cda37a2829bbf56554eb7-18958217@contact.gandi.net","REDACTED FOR PRIVACY","REDACTED FOR PRIVACY","REDACTED FOR PRIVACY","REDACTED FOR PRIVACY","REDACTED FOR PRIVACY","REDACTED FOR PRIVACY","REDACTED FOR PRIVACY","REDACTED FOR PRIVACY","REDACTED FOR PRIVACY","32c2f31cde9cda37a2829bbf56554eb7-18958217@contact.gandi.net","REDACTED FOR PRIVACY","REDACTED FOR PRIVACY","","","","","","","","","","","ns-102-c.gandi.net","ns-111-b.gandi.net","ns-145-a.gandi.net","","clientTransferProhibited","","",""
"14","france-loisirs-info-tourisme.net","2020-05-12 21:47:43","2020-05-10","2020-05-10","2021-05-10","81","Gandi SAS","whois.gandi.net","http://www.gandi.net","REDACTED FOR PRIVACY","","REDACTED FOR PRIVACY","REDACTED FOR PRIVACY","","REDACTED FOR PRIVACY","France","6bc1e28351876d9cba109f80d4d25abd-18958197@contact.gandi.net","REDACTED FOR PRIVACY","REDACTED FOR PRIVACY","REDACTED FOR PRIVACY","REDACTED FOR PRIVACY","REDACTED FOR PRIVACY","REDACTED FOR PRIVACY","REDACTED FOR PRIVACY","REDACTED FOR PRIVACY","REDACTED FOR PRIVACY","6bc1e28351876d9cba109f80d4d25abd-18958197@contact.gandi.net","REDACTED FOR PRIVACY","REDACTED FOR PRIVACY","REDACTED FOR PRIVACY","REDACTED FOR PRIVACY","REDACTED FOR PRIVACY","REDACTED FOR PRIVACY","REDACTED FOR PRIVACY","REDACTED FOR PRIVACY","REDACTED FOR PRIVACY","6bc1e28351876d9cba109f80d4d25abd-18958197@contact.gandi.net","REDACTED FOR PRIVACY","REDACTED FOR PRIVACY","","","","","","","","","","","ns-37-a.gandi.net","ns-52-c.gandi.net","ns-87-b.gandi.net","","clientTransferProhibited","","",""
"15","franceloisirsinfotourisme.net","2020-05-12 21:47:43","2020-05-10","2020-05-10","2021-05-10","81","Gandi SAS","whois.gandi.net","http://www.gandi.net","REDACTED FOR PRIVACY","","REDACTED FOR PRIVACY","REDACTED FOR PRIVACY","","REDACTED FOR PRIVACY","France","858396e302341b52da67d4669acee16a-18958205@contact.gandi.net","REDACTED FOR PRIVACY","REDACTED FOR PRIVACY","REDACTED FOR PRIVACY","REDACTED FOR PRIVACY","REDACTED FOR PRIVACY","REDACTED FOR PRIVACY","REDACTED FOR PRIVACY","REDACTED FOR PRIVACY","REDACTED FOR PRIVACY","858396e302341b52da67d4669acee16a-18958205@contact.gandi.net","REDACTED FOR PRIVACY","REDACTED FOR PRIVACY","REDACTED FOR PRIVACY","REDACTED FOR PRIVACY","REDACTED FOR PRIVACY","REDACTED FOR PRIVACY","REDACTED FOR PRIVACY","REDACTED FOR PRIVACY","REDACTED FOR PRIVACY","858396e302341b52da67d4669acee16a-18958205@contact.gandi.net","REDACTED FOR PRIVACY","REDACTED FOR PRIVACY","","","","","","","","","","","ns-141-b.gandi.net","ns-82-a.gandi.net","ns-84-c.gandi.net","","clientTransferProhibited","","",""
"16","frenchsug.info","2020-05-12 05:17:14","2020-05-10","2020-05-10","2021-05-10","81","Gandi SAS","whois.gandi.net","http://www.gandi.net","","","","","11","","France","","","","","","","","","","","","","","","","","","","","","","","","","","","","","","","","","","ns-153-c.gandi.net","ns-4-a.gandi.net","ns-59-b.gandi.net","","addPeriod","clientTransferProhibited","serverTransferProhibited",""
"17","frip.life","2020-05-12 21:08:20","2020-05-11","2020-05-11","2021-05-11","81","Gandi SAS","whois.gandi.net","http://www.gandi.net","REDACTED FOR PRIVACY","Frientrip","REDACTED FOR PRIVACY","REDACTED FOR PRIVACY","","REDACTED FOR PRIVACY","Korea","","REDACTED FOR PRIVACY","REDACTED FOR PRIVACY","","","","","","","","","","","","","","","","","","","","","","","","","","","","","","","","","","","addPeriod","clientTransferProhibited","",""
"18","gamec.red","2020-05-12 19:21:40","2020-05-09","2020-05-09","2021-05-09","81","Gandi SAS","whois.gandi.net","http://www.gandi.net","","","","","32","","France","","","","","","","","","","","","","","","","","","","","","","","","","","","","","","","","","","ns-115-c.gandi.net","ns-45-a.gandi.net","ns-59-b.gandi.net","","addPeriod","clientTransferProhibited","serverTransferProhibited",""
"19","gm-avocat.pro","2020-05-12 22:47:41","2020-05-11","2020-05-11","2025-05-11","81","Gandi SAS","whois.gandi.net","http://www.gandi.net","SCP GUEDON-MEYER","SCP GUEDON-MEYER","","","75","","France","","","","","","","","","","","","","","","","","","","","","","","","","","","","","","","","","","ns-183-a.gandi.net","ns-190-b.gandi.net","ns-31-c.gandi.net","","addPeriod","clientTransferProhibited","serverTransferProhibited",""
"20","gonzalezpropainters.net","2020-05-12 21:47:28","2020-05-11","2020-05-11","2021-05-11","81","Gandi SAS","whois.gandi.net","http://www.gandi.net","REDACTED FOR PRIVACY","","REDACTED FOR PRIVACY","REDACTED FOR PRIVACY","","REDACTED FOR PRIVACY","United States","b92560ab240dfe081524d7142dd60daf-18962701@contact.gandi.net","REDACTED FOR PRIVACY","REDACTED FOR PRIVACY","REDACTED FOR PRIVACY","REDACTED FOR PRIVACY","REDACTED FOR PRIVACY","REDACTED FOR PRIVACY","REDACTED FOR PRIVACY","REDACTED FOR PRIVACY","REDACTED FOR PRIVACY","b92560ab240dfe081524d7142dd60daf-18962701@contact.gandi.net","REDACTED FOR PRIVACY","REDACTED FOR PRIVACY","REDACTED FOR PRIVACY","REDACTED FOR PRIVACY","REDACTED FOR PRIVACY","REDACTED FOR PRIVACY","REDACTED FOR PRIVACY","REDACTED FOR PRIVACY","REDACTED FOR PRIVACY","b92560ab240dfe081524d7142dd60daf-18962701@contact.gandi.net","REDACTED FOR PRIVACY","REDACTED FOR PRIVACY","","","","","","","","","","","ns-234-b.gandi.net","ns-243-c.gandi.net","ns-3-a.gandi.net","","clientTransferProhibited","","",""
"21","grenassociation.net","2020-05-12 21:47:28","2020-05-09","2020-05-09","2021-05-09","81","Gandi SAS","whois.gandi.net","http://www.gandi.net","REDACTED FOR PRIVACY","Groupe de Reflexion Enseignement et Numerique","REDACTED FOR PRIVACY","REDACTED FOR PRIVACY","Hauts-de-France","REDACTED FOR PRIVACY","France","8a44f8f6fa4f9780e1030bb17c5ba8b3-18953729@contact.gandi.net","REDACTED FOR PRIVACY","REDACTED FOR PRIVACY","REDACTED FOR PRIVACY","REDACTED FOR PRIVACY","REDACTED FOR PRIVACY","REDACTED FOR PRIVACY","REDACTED FOR PRIVACY","REDACTED FOR PRIVACY","REDACTED FOR PRIVACY","8a44f8f6fa4f9780e1030bb17c5ba8b3-18953729@contact.gandi.net","REDACTED FOR PRIVACY","REDACTED FOR PRIVACY","REDACTED FOR PRIVACY","REDACTED FOR PRIVACY","REDACTED FOR PRIVACY","REDACTED FOR PRIVACY","REDACTED FOR PRIVACY","REDACTED FOR PRIVACY","REDACTED FOR PRIVACY","8a44f8f6fa4f9780e1030bb17c5ba8b3-18953729@contact.gandi.net","REDACTED FOR PRIVACY","REDACTED FOR PRIVACY","","","","","","","","","","","ns-19-c.gandi.net","ns-217-a.gandi.net","ns-88-b.gandi.net","","clientTransferProhibited","","",""
"22","healthpicture.biz","2020-05-12 16:36:20","2020-05-08","2020-05-08","2021-05-08","81","Gandi SAS","whois.gandi.net","http://www.gandi.net","Health Data Analytics Institute, Inc.","Health Data Analytics Institute, Inc.","","","MA","","United States","","","","","","","","","","","","","","","","","","","","","","","","","","","","","","","","","","ns-1283.awsdns-32.org","ns-1904.awsdns-46.co.uk","ns-269.awsdns-33.com","ns-905.awsdns-49.net","addPeriod","clientTransferProhibited","",""
"23","idlangues.info","2020-05-12 06:24:20","2020-05-06","2020-05-06","2021-05-06","81","Gandi SAS","whois.gandi.net","http://www.gandi.net","G2SI OUEST","G2SI OUEST","","","52","","France","","","","","","","","","","","","","","","","","","","","","","","","","","","","","","","","","","ns-145-c.gandi.net","ns-41-b.gandi.net","ns-77-a.gandi.net","","clientTransferProhibited","serverTransferProhibited","",""
"24","idrobux.gallery","2020-05-12 20:32:49","2020-05-10","2020-05-10","2021-05-10","81","Gandi SAS","whois.gandi.net","http://www.gandi.net","REDACTED FOR PRIVACY","iDROBUX","REDACTED FOR PRIVACY","REDACTED FOR PRIVACY","","REDACTED FOR PRIVACY","France","","REDACTED FOR PRIVACY","REDACTED FOR PRIVACY","","","","","","","","","","","","","","","","","","","","","","","","","","","","","","","","","","","addPeriod","clientTransferProhibited","",""
"25","imgix.jobs","2020-05-12 21:01:59","2020-05-07","2020-05-08","2021-05-07","81","Gandi SAS","whois.gandi.net","http://www.gandi.net","REDACTED FOR PRIVACY","Zebrafish Labs","REDACTED FOR PRIVACY","REDACTED FOR PRIVACY","CA","REDACTED FOR PRIVACY","United States","","REDACTED FOR PRIVACY","REDACTED FOR PRIVACY","REDACTED FOR PRIVACY","REDACTED FOR PRIVACY","REDACTED FOR PRIVACY","REDACTED FOR PRIVACY","REDACTED FOR PRIVACY","REDACTED FOR PRIVACY","REDACTED FOR PRIVACY","","REDACTED FOR PRIVACY","REDACTED FOR PRIVACY","REDACTED FOR PRIVACY","REDACTED FOR PRIVACY","REDACTED FOR PRIVACY","REDACTED FOR PRIVACY","REDACTED FOR PRIVACY","REDACTED FOR PRIVACY","REDACTED FOR PRIVACY","","REDACTED FOR PRIVACY","REDACTED FOR PRIVACY","REDACTED FOR PRIVACY","REDACTED FOR PRIVACY","REDACTED FOR PRIVACY","REDACTED FOR PRIVACY","REDACTED FOR PRIVACY","REDACTED FOR PRIVACY","REDACTED FOR PRIVACY","","REDACTED FOR PRIVACY","REDACTED FOR PRIVACY","ns-103-c.gandi.net","ns-109-b.gandi.net","ns-67-a.gandi.net","","OK","","",""
"26","killvirus.biz","2020-05-12 16:58:11","2020-05-09","2020-05-09","2021-05-09","81","Gandi SAS","whois.gandi.net","http://www.gandi.net","","","","","UT","","United States","","","","","","","","","","","","","","","","","","","","","","","","","","","","","","","","","","ns-1221.awsdns-24.org","ns-2045.awsdns-63.co.uk","ns-344.awsdns-43.com","ns-525.awsdns-01.net","addPeriod","clientTransferProhibited","",""
"27","liftuplocal.biz","2020-05-12 17:10:11","2020-05-08","2020-05-08","2021-05-08","81","Gandi SAS","whois.gandi.net","http://www.gandi.net","Vericast","Vericast","","","TX","","United States","","","","","","","","","","","","","","","","","","","","","","","","","","","","","","","","","","ns-1085.awsdns-07.org","ns-148.awsdns-18.com","ns-1770.awsdns-29.co.uk","ns-584.awsdns-09.net","addPeriod","clientTransferProhibited","",""
"28","liftuplocal.business","2020-05-12 19:15:58","2020-05-08","2020-05-08","2021-05-08","81","Gandi SAS","whois.gandi.net","http://www.gandi.net","REDACTED FOR PRIVACY","Vericast","REDACTED FOR PRIVACY","REDACTED FOR PRIVACY","TX","REDACTED FOR PRIVACY","United States","","REDACTED FOR PRIVACY","REDACTED FOR PRIVACY","","","","","","","","","","","","","","","","","","","","","","","","","","","","","","","","","","","addPeriod","clientTransferProhibited","",""
"29","lrecovery.info","2020-05-12 20:59:19","2020-05-10","2020-05-10","2021-05-10","81","Gandi SAS","whois.gandi.net","http://www.gandi.net","","","","","","","France","","","","","","","","","","","","","","","","","","","","","","","","","","","","","","","","","","ns-120-c.gandi.net","ns-53-b.gandi.net","ns-86-a.gandi.net","","addPeriod","clientTransferProhibited","serverTransferProhibited",""
"30","murtisingh.info","2020-05-12 08:31:59","2020-05-10","2020-05-10","2021-05-10","81","Gandi SAS","whois.gandi.net","http://www.gandi.net","","","","","HR","","India","","","","","","","","","","","","","","","","","","","","","","","","","","","","","","","","","","ns-1472.awsdns-56.org","ns-1825.awsdns-36.co.uk","ns-277.awsdns-34.com","ns-629.awsdns-14.net","addPeriod","clientTransferProhibited","serverTransferProhibited",""
"31","mycounter.info","2020-05-12 20:59:14","2020-05-10","2020-05-10","2021-05-10","81","Gandi SAS","whois.gandi.net","http://www.gandi.net","","","","","B","","Spain","","","","","","","","","","","","","","","","","","","","","","","","","","","","","","","","","","ns-1396.awsdns-46.org","ns-2013.awsdns-59.co.uk","ns-510.awsdns-63.com","ns-660.awsdns-18.net","addPeriod","clientTransferProhibited","serverTransferProhibited",""
"32","pathtrackgroup.net","2020-05-12 21:50:54","2020-05-09","2020-05-09","2021-05-09","81","Gandi SAS","whois.gandi.net","http://www.gandi.net","REDACTED FOR PRIVACY","","REDACTED FOR PRIVACY","REDACTED FOR PRIVACY","California","REDACTED FOR PRIVACY","United States","ed9304103e72fbe66abf87b362a56188-18953813@contact.gandi.net","REDACTED FOR PRIVACY","REDACTED FOR PRIVACY","REDACTED FOR PRIVACY","REDACTED FOR PRIVACY","REDACTED FOR PRIVACY","REDACTED FOR PRIVACY","REDACTED FOR PRIVACY","REDACTED FOR PRIVACY","REDACTED FOR PRIVACY","ed9304103e72fbe66abf87b362a56188-18953813@contact.gandi.net","REDACTED FOR PRIVACY","REDACTED FOR PRIVACY","REDACTED FOR PRIVACY","REDACTED FOR PRIVACY","REDACTED FOR PRIVACY","REDACTED FOR PRIVACY","REDACTED FOR PRIVACY","REDACTED FOR PRIVACY","REDACTED FOR PRIVACY","ed9304103e72fbe66abf87b362a56188-18953813@contact.gandi.net","REDACTED FOR PRIVACY","REDACTED FOR PRIVACY","","","","","","","","","","","ns-168-b.gandi.net","ns-179-a.gandi.net","ns-180-c.gandi.net","","clientTransferProhibited","","",""
"33","pdintl.net","2020-05-12 21:50:53","2020-05-10","2020-05-10","2021-05-10","81","Gandi SAS","whois.gandi.net","http://www.gandi.net","REDACTED FOR PRIVACY","Prosperity Developers Intl","REDACTED FOR PRIVACY","REDACTED FOR PRIVACY","Florida","REDACTED FOR PRIVACY","United States","4bc122b2ede1ffde0c0e0d3c3a441402-18960289@contact.gandi.net","REDACTED FOR PRIVACY","REDACTED FOR PRIVACY","REDACTED FOR PRIVACY","REDACTED FOR PRIVACY","REDACTED FOR PRIVACY","REDACTED FOR PRIVACY","REDACTED FOR PRIVACY","REDACTED FOR PRIVACY","REDACTED FOR PRIVACY","4bc122b2ede1ffde0c0e0d3c3a441402-18960289@contact.gandi.net","REDACTED FOR PRIVACY","REDACTED FOR PRIVACY","REDACTED FOR PRIVACY","REDACTED FOR PRIVACY","REDACTED FOR PRIVACY","REDACTED FOR PRIVACY","REDACTED FOR PRIVACY","REDACTED FOR PRIVACY","REDACTED FOR PRIVACY","4bc122b2ede1ffde0c0e0d3c3a441402-18960289@contact.gandi.net","REDACTED FOR PRIVACY","REDACTED FOR PRIVACY","","","","","","","","","","","ns-238-b.gandi.net","ns-239-c.gandi.net","ns-37-a.gandi.net","","clientTransferProhibited","","",""
"34","peaceofmindrei.net","2020-05-12 21:50:53","2020-05-10","2020-05-10","2021-05-10","81","Gandi SAS","whois.gandi.net","http://www.gandi.net","REDACTED FOR PRIVACY","","REDACTED FOR PRIVACY","REDACTED FOR PRIVACY","","REDACTED FOR PRIVACY","United States","c0dd9eb0cfbf2860a9bd12aa3e21dae7-18955305@contact.gandi.net","REDACTED FOR PRIVACY","REDACTED FOR PRIVACY","REDACTED FOR PRIVACY","REDACTED FOR PRIVACY","REDACTED FOR PRIVACY","REDACTED FOR PRIVACY","REDACTED FOR PRIVACY","REDACTED FOR PRIVACY","REDACTED FOR PRIVACY","c0dd9eb0cfbf2860a9bd12aa3e21dae7-18955305@contact.gandi.net","REDACTED FOR PRIVACY","REDACTED FOR PRIVACY","REDACTED FOR PRIVACY","REDACTED FOR PRIVACY","REDACTED FOR PRIVACY","REDACTED FOR PRIVACY","REDACTED FOR PRIVACY","REDACTED FOR PRIVACY","REDACTED FOR PRIVACY","c0dd9eb0cfbf2860a9bd12aa3e21dae7-18955305@contact.gandi.net","REDACTED FOR PRIVACY","REDACTED FOR PRIVACY","","","","","","","","","","","ns-139-b.gandi.net","ns-45-c.gandi.net","ns-76-a.gandi.net","","clientTransferProhibited","","",""
"35","pereduchesne.net","2020-05-12 21:50:52","2020-05-08","2020-05-08","2021-05-08","81","Gandi SAS","whois.gandi.net","http://www.gandi.net","REDACTED FOR PRIVACY","","REDACTED FOR PRIVACY","REDACTED FOR PRIVACY","","REDACTED FOR PRIVACY","Switzerland","ac5d74067c6fc58d8ebebdf0bcc5065f-18944073@contact.gandi.net","REDACTED FOR PRIVACY","REDACTED FOR PRIVACY","REDACTED FOR PRIVACY","REDACTED FOR PRIVACY","REDACTED FOR PRIVACY","REDACTED FOR PRIVACY","REDACTED FOR PRIVACY","REDACTED FOR PRIVACY","REDACTED FOR PRIVACY","ac5d74067c6fc58d8ebebdf0bcc5065f-18944073@contact.gandi.net","REDACTED FOR PRIVACY","REDACTED FOR PRIVACY","REDACTED FOR PRIVACY","REDACTED FOR PRIVACY","REDACTED FOR PRIVACY","REDACTED FOR PRIVACY","REDACTED FOR PRIVACY","REDACTED FOR PRIVACY","REDACTED FOR PRIVACY","ac5d74067c6fc58d8ebebdf0bcc5065f-18944073@contact.gandi.net","REDACTED FOR PRIVACY","REDACTED FOR PRIVACY","","","","","","","","","","","ns-181-a.gandi.net","ns-207-c.gandi.net","ns-53-b.gandi.net","","clientTransferProhibited","","",""
"36","pierreemmanuel.net","2020-05-12 21:50:53","2020-05-10","2020-05-10","2021-05-10","81","Gandi SAS","whois.gandi.net","http://www.gandi.net","REDACTED FOR PRIVACY","Association des Amis de Pierre Emmanuel","REDACTED FOR PRIVACY","REDACTED FOR PRIVACY","","REDACTED FOR PRIVACY","France","c588399f77bf9a1ecdce280ecd6c91a4-18958289@contact.gandi.net","REDACTED FOR PRIVACY","REDACTED FOR PRIVACY","REDACTED FOR PRIVACY","REDACTED FOR PRIVACY","REDACTED FOR PRIVACY","REDACTED FOR PRIVACY","REDACTED FOR PRIVACY","REDACTED FOR PRIVACY","REDACTED FOR PRIVACY","c588399f77bf9a1ecdce280ecd6c91a4-18958289@contact.gandi.net","REDACTED FOR PRIVACY","REDACTED FOR PRIVACY","REDACTED FOR PRIVACY","REDACTED FOR PRIVACY","REDACTED FOR PRIVACY","REDACTED FOR PRIVACY","REDACTED FOR PRIVACY","REDACTED FOR PRIVACY","REDACTED FOR PRIVACY","c588399f77bf9a1ecdce280ecd6c91a4-18958289@contact.gandi.net","REDACTED FOR PRIVACY","REDACTED FOR PRIVACY","","","","","","","","","","","ns-22-a.gandi.net","ns-41-c.gandi.net","ns-45-b.gandi.net","","clientTransferProhibited","","",""
"37","plannager.net","2020-05-12 21:50:47","2020-05-09","2020-05-09","2021-05-09","81","Gandi SAS","whois.gandi.net","http://www.gandi.net","REDACTED FOR PRIVACY","","REDACTED FOR PRIVACY","REDACTED FOR PRIVACY","Hauts-de-France","REDACTED FOR PRIVACY","France","9b1fe3ba5934d122afe73b24fc7148a0-18952485@contact.gandi.net","REDACTED FOR PRIVACY","REDACTED FOR PRIVACY","REDACTED FOR PRIVACY","REDACTED FOR PRIVACY","REDACTED FOR PRIVACY","REDACTED FOR PRIVACY","REDACTED FOR PRIVACY","REDACTED FOR PRIVACY","REDACTED FOR PRIVACY","9b1fe3ba5934d122afe73b24fc7148a0-18952485@contact.gandi.net","REDACTED FOR PRIVACY","REDACTED FOR PRIVACY","REDACTED FOR PRIVACY","REDACTED FOR PRIVACY","REDACTED FOR PRIVACY","REDACTED FOR PRIVACY","REDACTED FOR PRIVACY","REDACTED FOR PRIVACY","REDACTED FOR PRIVACY","9b1fe3ba5934d122afe73b24fc7148a0-18952485@contact.gandi.net","REDACTED FOR PRIVACY","REDACTED FOR PRIVACY","","","","","","","","","","","ns-1-b.gandi.net","ns-115-a.gandi.net","ns-25-c.gandi.net","","clientTransferProhibited","","",""
"38","podologik.net","2020-05-12 21:50:44","2020-05-09","2020-05-09","2021-05-09","81","Gandi SAS","whois.gandi.net","http://www.gandi.net","REDACTED FOR PRIVACY","","REDACTED FOR PRIVACY","REDACTED FOR PRIVACY","Pays de la Loire","REDACTED FOR PRIVACY","France","c8f1ca198d5efa237c3669bf754b883d-18950177@contact.gandi.net","REDACTED FOR PRIVACY","REDACTED FOR PRIVACY","REDACTED FOR PRIVACY","REDACTED FOR PRIVACY","REDACTED FOR PRIVACY","REDACTED FOR PRIVACY","REDACTED FOR PRIVACY","REDACTED FOR PRIVACY","REDACTED FOR PRIVACY","c8f1ca198d5efa237c3669bf754b883d-18950177@contact.gandi.net","REDACTED FOR PRIVACY","REDACTED FOR PRIVACY","REDACTED FOR PRIVACY","REDACTED FOR PRIVACY","REDACTED FOR PRIVACY","REDACTED FOR PRIVACY","REDACTED FOR PRIVACY","REDACTED FOR PRIVACY","REDACTED FOR PRIVACY","c8f1ca198d5efa237c3669bf754b883d-18950177@contact.gandi.net","REDACTED FOR PRIVACY","REDACTED FOR PRIVACY","","","","","","","","","","","ns-103-a.gandi.net","ns-132-c.gandi.net","ns-149-b.gandi.net","","clientTransferProhibited","","",""
"39","poetranslate.info","2020-05-12 21:05:43","2020-05-10","2020-05-10","2021-05-10","81","Gandi SAS","whois.gandi.net","http://www.gandi.net","","","","","","","Korea","","","","","","","","","","","","","","","","","","","","","","","","","","","","","","","","","","ns-1161.awsdns-17.org","ns-1551.awsdns-01.co.uk","ns-413.awsdns-51.com","ns-532.awsdns-02.net","addPeriod","clientTransferProhibited","serverTransferProhibited",""
"40","protech-covid.net","2020-05-12 21:50:37","2020-05-08","2020-05-08","2021-05-08","81","Gandi SAS","whois.gandi.net","http://www.gandi.net","REDACTED FOR PRIVACY","","REDACTED FOR PRIVACY","REDACTED FOR PRIVACY","Pays de la Loire","REDACTED FOR PRIVACY","France","3e93bbb2af3c943552633dd648f94a4b-18945437@contact.gandi.net","REDACTED FOR PRIVACY","REDACTED FOR PRIVACY","REDACTED FOR PRIVACY","REDACTED FOR PRIVACY","REDACTED FOR PRIVACY","REDACTED FOR PRIVACY","REDACTED FOR PRIVACY","REDACTED FOR PRIVACY","REDACTED FOR PRIVACY","3e93bbb2af3c943552633dd648f94a4b-18945437@contact.gandi.net","REDACTED FOR PRIVACY","REDACTED FOR PRIVACY","REDACTED FOR PRIVACY","REDACTED FOR PRIVACY","REDACTED FOR PRIVACY","REDACTED FOR PRIVACY","REDACTED FOR PRIVACY","REDACTED FOR PRIVACY","REDACTED FOR PRIVACY","3e93bbb2af3c943552633dd648f94a4b-18945437@contact.gandi.net","REDACTED FOR PRIVACY","REDACTED FOR PRIVACY","","","","","","","","","","","ns-13-c.gandi.net","ns-137-a.gandi.net","ns-234-b.gandi.net","","clientTransferProhibited","","",""
"41","protechcovid.net","2020-05-12 21:50:37","2020-05-08","2020-05-08","2021-05-08","81","Gandi SAS","whois.gandi.net","http://www.gandi.net","REDACTED FOR PRIVACY","","REDACTED FOR PRIVACY","REDACTED FOR PRIVACY","Pays de la Loire","REDACTED FOR PRIVACY","France","305ef08eabcfe45443f51ea046233a9e-18945433@contact.gandi.net","REDACTED FOR PRIVACY","REDACTED FOR PRIVACY","REDACTED FOR PRIVACY","REDACTED FOR PRIVACY","REDACTED FOR PRIVACY","REDACTED FOR PRIVACY","REDACTED FOR PRIVACY","REDACTED FOR PRIVACY","REDACTED FOR PRIVACY","305ef08eabcfe45443f51ea046233a9e-18945433@contact.gandi.net","REDACTED FOR PRIVACY","REDACTED FOR PRIVACY","REDACTED FOR PRIVACY","REDACTED FOR PRIVACY","REDACTED FOR PRIVACY","REDACTED FOR PRIVACY","REDACTED FOR PRIVACY","REDACTED FOR PRIVACY","REDACTED FOR PRIVACY","305ef08eabcfe45443f51ea046233a9e-18945433@contact.gandi.net","REDACTED FOR PRIVACY","REDACTED FOR PRIVACY","","","","","","","","","","","ns-163-b.gandi.net","ns-204-a.gandi.net","ns-76-c.gandi.net","","clientTransferProhibited","","",""
"42","recruitingmetrics.info","2020-05-12 21:04:38","2020-05-11","2020-05-11","2021-05-11","81","Gandi SAS","whois.gandi.net","http://www.gandi.net","","","","","M","","Spain","","","","","","","","","","","","","","","","","","","","","","","","","","","","","","","","","","ns-163-b.gandi.net","ns-231-c.gandi.net","ns-50-a.gandi.net","","addPeriod","clientTransferProhibited","serverTransferProhibited",""
"43","romulusandremus.info","2020-05-12 10:30:00","2020-05-08","2020-05-09","2021-05-08","81","Gandi SAS","whois.gandi.net","http://www.gandi.net","","","","","IL","","United States","","","","","","","","","","","","","","","","","","","","","","","","","","","","","","","","","","ns-1457.awsdns-54.org","ns-1550.awsdns-01.co.uk","ns-476.awsdns-59.com","ns-680.awsdns-21.net","addPeriod","clientTransferProhibited","serverTransferProhibited",""
"44","scottspoolservice.net","2020-05-12 21:50:07","2020-05-10","2020-05-10","2021-05-10","81","Gandi SAS","whois.gandi.net","http://www.gandi.net","REDACTED FOR PRIVACY","","REDACTED FOR PRIVACY","REDACTED FOR PRIVACY","","REDACTED FOR PRIVACY","United States","f44a4e7024fb88f9b7f357952c709445-18954765@contact.gandi.net","REDACTED FOR PRIVACY","REDACTED FOR PRIVACY","REDACTED FOR PRIVACY","REDACTED FOR PRIVACY","REDACTED FOR PRIVACY","REDACTED FOR PRIVACY","REDACTED FOR PRIVACY","REDACTED FOR PRIVACY","REDACTED FOR PRIVACY","f44a4e7024fb88f9b7f357952c709445-18954765@contact.gandi.net","REDACTED FOR PRIVACY","REDACTED FOR PRIVACY","REDACTED FOR PRIVACY","REDACTED FOR PRIVACY","REDACTED FOR PRIVACY","REDACTED FOR PRIVACY","REDACTED FOR PRIVACY","REDACTED FOR PRIVACY","REDACTED FOR PRIVACY","f44a4e7024fb88f9b7f357952c709445-18954765@contact.gandi.net","REDACTED FOR PRIVACY","REDACTED FOR PRIVACY","","","","","","","","","","","ns-220-a.gandi.net","ns-25-c.gandi.net","ns-65-b.gandi.net","","clientTransferProhibited","","",""
"45","seewhatthesehandsdo.net","2020-05-12 21:50:01","2020-05-09","2020-05-10","2021-05-09","81","Gandi SAS","whois.gandi.net","http://www.gandi.net","REDACTED FOR PRIVACY","","REDACTED FOR PRIVACY","REDACTED FOR PRIVACY","","REDACTED FOR PRIVACY","United States","fc7585bd2f757b560524ac286956ab83-18954657@contact.gandi.net","REDACTED FOR PRIVACY","REDACTED FOR PRIVACY","REDACTED FOR PRIVACY","REDACTED FOR PRIVACY","REDACTED FOR PRIVACY","REDACTED FOR PRIVACY","REDACTED FOR PRIVACY","REDACTED FOR PRIVACY","REDACTED FOR PRIVACY","fc7585bd2f757b560524ac286956ab83-18954657@contact.gandi.net","REDACTED FOR PRIVACY","REDACTED FOR PRIVACY","REDACTED FOR PRIVACY","REDACTED FOR PRIVACY","REDACTED FOR PRIVACY","REDACTED FOR PRIVACY","REDACTED FOR PRIVACY","REDACTED FOR PRIVACY","REDACTED FOR PRIVACY","fc7585bd2f757b560524ac286956ab83-18954657@contact.gandi.net","REDACTED FOR PRIVACY","REDACTED FOR PRIVACY","","","","","","","","","","","ns-140-c.gandi.net","ns-73-a.gandi.net","ns-87-b.gandi.net","","clientTransferProhibited","","",""
"46","shavers.team","2020-05-12 21:22:09","2020-05-10","2020-05-10","2021-05-10","81","Gandi SAS","whois.gandi.net","http://www.gandi.net","REDACTED FOR PRIVACY","","REDACTED FOR PRIVACY","REDACTED FOR PRIVACY","CA","REDACTED FOR PRIVACY","United States","","REDACTED FOR PRIVACY","REDACTED FOR PRIVACY","","","","","","","","","","","","","","","","","","","","","","","","","","","","","","","","","","","addPeriod","clientTransferProhibited","",""
"47","shift3.pro","2020-05-12 19:00:36","2020-05-10","2020-05-10","2021-05-10","81","Gandi SAS","whois.gandi.net","http://www.gandi.net","","","","","MA","","United States","","","","","","","","","","","","","","","","","","","","","","","","","","","","","","","","","","ns-1491.awsdns-58.org","ns-1841.awsdns-38.co.uk","ns-815.awsdns-37.net","ns-88.awsdns-11.com","addPeriod","clientTransferProhibited","serverTransferProhibited",""
"48","shroomiescanada.net","2020-05-12 21:49:50","2020-05-08","2020-05-08","2021-05-08","81","Gandi SAS","whois.gandi.net","http://www.gandi.net","REDACTED FOR PRIVACY","","REDACTED FOR PRIVACY","REDACTED FOR PRIVACY","British Columbia","REDACTED FOR PRIVACY","Canada","1e773c245b4c97751a91cf422a05d80c-18944961@contact.gandi.net","REDACTED FOR PRIVACY","REDACTED FOR PRIVACY","REDACTED FOR PRIVACY","REDACTED FOR PRIVACY","REDACTED FOR PRIVACY","REDACTED FOR PRIVACY","REDACTED FOR PRIVACY","REDACTED FOR PRIVACY","REDACTED FOR PRIVACY","1e773c245b4c97751a91cf422a05d80c-18944961@contact.gandi.net","REDACTED FOR PRIVACY","REDACTED FOR PRIVACY","REDACTED FOR PRIVACY","REDACTED FOR PRIVACY","REDACTED FOR PRIVACY","REDACTED FOR PRIVACY","REDACTED FOR PRIVACY","REDACTED FOR PRIVACY","REDACTED FOR PRIVACY","1e773c245b4c97751a91cf422a05d80c-18944961@contact.gandi.net","REDACTED FOR PRIVACY","REDACTED FOR PRIVACY","","","","","","","","","","","ns-143-c.gandi.net","ns-212-a.gandi.net","ns-69-b.gandi.net","","clientTransferProhibited","","",""
"49","smach.guru","2020-05-12 20:47:25","2020-05-10","2020-05-10","2021-05-10","81","Gandi SAS","whois.gandi.net","http://www.gandi.net","REDACTED FOR PRIVACY","Information Technology","REDACTED FOR PRIVACY","REDACTED FOR PRIVACY","","REDACTED FOR PRIVACY","United Kingdom","","REDACTED FOR PRIVACY","REDACTED FOR PRIVACY","","","","","","","","","","","","","","","","","","","","","","","","","","","","","","","","","","","addPeriod","clientTransferProhibited","",""
"50","smach.info","2020-05-12 11:10:28","2020-05-10","2020-05-10","2021-05-10","81","Gandi SAS","whois.gandi.net","http://www.gandi.net","Information Technology","Information Technology","","","","","United Kingdom","","","","","","","","","","","","","","","","","","","","","","","","","","","","","","","","","","ns-1291.awsdns-33.org","ns-1780.awsdns-30.co.uk","ns-289.awsdns-36.com","ns-755.awsdns-30.net","addPeriod","clientTransferProhibited","serverTransferProhibited",""
"51","smach.life","2020-05-12 21:07:59","2020-05-10","2020-05-10","2021-05-10","81","Gandi SAS","whois.gandi.net","http://www.gandi.net","REDACTED FOR PRIVACY","Information Technology","REDACTED FOR PRIVACY","REDACTED FOR PRIVACY","","REDACTED FOR PRIVACY","United Kingdom","","REDACTED FOR PRIVACY","REDACTED FOR PRIVACY","","","","","","","","","","","","","","","","","","","","","","","","","","","","","","","","","","","addPeriod","clientTransferProhibited","",""
"52","sslkeys.info","2020-05-12 11:24:31","2020-05-08","2020-05-08","2021-05-08","81","Gandi SAS","whois.gandi.net","http://www.gandi.net","","","","","BC","","Canada","","","","","","","","","","","","","","","","","","","","","","","","","","","","","","","","","","ns-1265.awsdns-30.org","ns-1933.awsdns-49.co.uk","ns-316.awsdns-39.com","ns-905.awsdns-49.net","addPeriod","clientTransferProhibited","serverTransferProhibited",""
"53","sync.kitchen","2020-05-12 14:00:35","2020-05-10","2020-05-10","2021-05-10","81","Gandi SAS","whois.gandi.net","http://www.gandi.net","REDACTED FOR PRIVACY","","REDACTED FOR PRIVACY","REDACTED FOR PRIVACY","WA","REDACTED FOR PRIVACY","United States","","REDACTED FOR PRIVACY","REDACTED FOR PRIVACY","","","","","","","","","","","","","","","","","","","","","","","","","","","","","","","","","","","addPeriod","clientTransferProhibited","",""
"54","teknologiaonanointi.info","2020-05-12 11:51:57","2020-05-09","2020-05-09","2021-05-09","81","Gandi SAS","whois.gandi.net","http://www.gandi.net","","","","","","","Finland","","","","","","","","","","","","","","","","","","","","","","","","","","","","","","","","","","ns-181-c.gandi.net","ns-23-b.gandi.net","ns-44-a.gandi.net","","addPeriod","clientTransferProhibited","serverTransferProhibited",""
"55","uisystems.biz","2020-05-12 18:47:42","2020-05-08","2020-05-08","2021-05-08","81","Gandi SAS","whois.gandi.net","http://www.gandi.net","smartEnclosure Systems","smartEnclosure Systems","","","GA","","United States","","","","","","","","","","","","","","","","","","","","","","","","","","","","","","","","","","ns-1237.awsdns-26.org","ns-1878.awsdns-42.co.uk","ns-416.awsdns-52.com","ns-778.awsdns-33.net","addPeriod","clientTransferProhibited","",""
"56","wall-mask.lat","2020-05-12 21:06:41","2020-05-08","2020-05-08","2021-05-08","81","Gandi SAS","whois.gandi.net","http://www.gandi.net","REDACTED FOR PRIVACY","","REDACTED FOR PRIVACY","REDACTED FOR PRIVACY","Auvergne-Rhone-Alpes","REDACTED FOR PRIVACY","France","","REDACTED FOR PRIVACY","REDACTED FOR PRIVACY","REDACTED FOR PRIVACY","REDACTED FOR PRIVACY","REDACTED FOR PRIVACY","REDACTED FOR PRIVACY","REDACTED FOR PRIVACY","REDACTED FOR PRIVACY","REDACTED FOR PRIVACY","","REDACTED FOR PRIVACY","REDACTED FOR PRIVACY","REDACTED FOR PRIVACY","REDACTED FOR PRIVACY","REDACTED FOR PRIVACY","REDACTED FOR PRIVACY","REDACTED FOR PRIVACY","REDACTED FOR PRIVACY","REDACTED FOR PRIVACY","","REDACTED FOR PRIVACY","REDACTED FOR PRIVACY","","","","","","","","","","","ns-111-c.gandi.net","ns-113-a.gandi.net","ns-198-b.gandi.net","","addPeriod","clientTransferProhibited","",""
"57","waseaca-aws.info","2020-05-12 21:02:19","2020-05-10","2020-05-10","2021-05-10","81","Gandi SAS","whois.gandi.net","http://www.gandi.net","?????????????","?????????????","","","","","Japan","","","","","","","","","","","","","","","","","","","","","","","","","","","","","","","","","","ns-1110.awsdns-10.org","ns-1782.awsdns-30.co.uk","ns-467.awsdns-58.com","ns-760.awsdns-31.net","addPeriod","clientTransferProhibited","serverTransferProhibited",""