"num","domain_name","query_time","create_date","update_date","expiry_date","domain_registrar_id","domain_registrar_name","domain_registrar_whois","domain_registrar_url","registrant_name","registrant_company","registrant_address","registrant_city","registrant_state","registrant_zip","registrant_country","registrant_email","registrant_phone","registrant_fax","administrative_name","administrative_company","administrative_address","administrative_city","administrative_state","administrative_zip","administrative_country","administrative_email","administrative_phone","administrative_fax","technical_name","technical_company","technical_address","technical_city","technical_state","technical_zip","technical_country","technical_email","technical_phone","technical_fax","billing_name","billing_company","billing_address","billing_city","billing_state","billing_zip","billing_country","billing_email","billing_phone","billing_fax","name_server_1","name_server_2","name_server_3","name_server_4","domain_status_1","domain_status_2","domain_status_3","domain_status_4"
"1","arvato.biz","2020-05-12 15:12:55","2020-05-11","2020-05-11","2021-05-11","1555","Hangzhou AiMing Network Co., LTD","whois.22.cn","http://www.22.cn","ZHAOXINGMING","ZHAOXINGMING","","","QITA","","China","","","","","","","","","","","","","","","","","","","","","","","","","","","","","","","","","","ns1.22.cn","ns2.22.cn","","","addPeriod","ok","",""
"2","bulova.biz","2020-05-12 15:28:09","2020-05-11","2020-05-11","2021-05-11","1555","Hangzhou AiMing Network Co., LTD","whois.22.cn","http://www.22.cn","ZHAOXINGMING","ZHAOXINGMING","","","QITA","","China","","","","","","","","","","","","","","","","","","","","","","","","","","","","","","","","","","ns1.22.cn","ns2.22.cn","","","addPeriod","ok","",""
"3","dunkinbrands.biz","2020-05-12 16:00:38","2020-05-11","2020-05-11","2021-05-11","1555","Hangzhou AiMing Network Co., LTD","whois.22.cn","http://www.22.cn","ZHAOXINGMING","ZHAOXINGMING","","","QITA","","China","","","","","","","","","","","","","","","","","","","","","","","","","","","","","","","","","","ns1.22.cn","ns2.22.cn","","","addPeriod","ok","",""
"4","ewline.net","2020-05-12 21:48:00","2020-05-09","2020-05-09","2021-05-09","1555","Hangzhou AiMing Network Co., LTD","whois.22.cn","http://www.22.cn","Not available","Not available","","","HeNan","","China","","","","","","","","","","","","","","","","","","","","","","","","","","","","","","","","","","ns2.dnsdun.com","ns2.dnsdun.net","","","OK","","",""
"5","jeanpaulgaultier.biz","2020-05-12 16:52:17","2020-05-11","2020-05-11","2021-05-11","1555","Hangzhou AiMing Network Co., LTD","whois.22.cn","http://www.22.cn","ZHAOXINGMING","ZHAOXINGMING","","","QITA","","China","","","","","","","","","","","","","","","","","","","","","","","","","","","","","","","","","","ns1.22.cn","ns2.22.cn","","","addPeriod","ok","",""
"6","jiangmen.biz","2020-05-12 16:52:17","2020-05-11","2020-05-11","2021-05-11","1555","Hangzhou AiMing Network Co., LTD","whois.22.cn","http://www.22.cn","ZHANGRONGGUO","ZHANGRONGGUO","","","GUANGDONG","","China","","","","","","","","","","","","","","","","","","","","","","","","","","","","","","","","","","ns1.22.cn","ns2.22.cn","","","addPeriod","ok","",""
"7","johnniewalker.biz","2020-05-12 16:52:14","2020-05-11","2020-05-11","2021-05-11","1555","Hangzhou AiMing Network Co., LTD","whois.22.cn","http://www.22.cn","ZHAOXINGMING","ZHAOXINGMING","","","QITA","","China","","","","","","","","","","","","","","","","","","","","","","","","","","","","","","","","","","ns1.22.cn","ns2.22.cn","","","addPeriod","ok","",""
"8","josbank.biz","2020-05-12 16:52:15","2020-05-11","2020-05-11","2021-05-11","1555","Hangzhou AiMing Network Co., LTD","whois.22.cn","http://www.22.cn","ZHAOXINGMING","ZHAOXINGMING","","","QITA","","China","","","","","","","","","","","","","","","","","","","","","","","","","","","","","","","","","","ns1.22.cn","ns2.22.cn","","","addPeriod","ok","",""
"9","keurig.biz","2020-05-12 16:56:59","2020-05-11","2020-05-11","2021-05-11","1555","Hangzhou AiMing Network Co., LTD","whois.22.cn","http://www.22.cn","ZHAOXINGMING","ZHAOXINGMING","","","QITA","","China","","","","","","","","","","","","","","","","","","","","","","","","","","","","","","","","","","ns1.22.cn","ns2.22.cn","","","addPeriod","ok","",""
"10","lynchbages.biz","2020-05-12 17:12:02","2020-05-11","2020-05-11","2021-05-11","1555","Hangzhou AiMing Network Co., LTD","whois.22.cn","http://www.22.cn","ZHAOXINGMING","ZHAOXINGMING","","","QITA","","China","","","","","","","","","","","","","","","","","","","","","","","","","","","","","","","","","","ns1.22.cn","ns2.22.cn","","","addPeriod","ok","",""
"11","olay.biz","2020-05-12 17:39:57","2020-05-11","2020-05-11","2021-05-11","1555","Hangzhou AiMing Network Co., LTD","whois.22.cn","http://www.22.cn","ZHAOXINGMING","ZHAOXINGMING","","","QITA","","China","","","","","","","","","","","","","","","","","","","","","","","","","","","","","","","","","","ns1.22.cn","ns2.22.cn","","","addPeriod","ok","",""
"12","pingfenbao.net","2020-05-12 21:50:48","2020-05-09","2020-05-10","2021-05-09","1555","Hangzhou AiMing Network Co., LTD","whois.22.cn","http://www.22.cn","Not available","Not available","","","shanghai","","China","","","","","","","","","","","","","","","","","","","","","","","","","","","","","","","","","","pk3.22.cn","pk4.22.cn","","","OK","","",""
"13","polyunion.net","2020-05-12 21:50:44","2020-05-11","2020-05-11","2021-05-11","1555","Hangzhou AiMing Network Co., LTD","whois.22.cn","http://www.22.cn","Te Da Fang Zhi Zhi Pin Shen Zhen You Xian Gong Si","Te Da Fang Zhi Zhi Pin Shen Zhen You Xian Gong Si","","","GuangDongSheng","","China","","","","","","","","","","","","","","","","","","","","","","","","","","","","","","","","","","ns1.22.cn","ns2.22.cn","","","OK","","",""
"14","qi-pai-zhu-ce-song-38.net","2020-05-12 21:50:32","2020-05-10","2020-05-10","2021-05-10","1555","Hangzhou AiMing Network Co., LTD","whois.22.cn","http://www.22.cn","Not available","Not available","","","HUBEI","","China","","","","","","","","","","","","","","","","","","","","","","","","","","","","","","","","","","ns1.22.cn","ns2.22.cn","","","OK","","",""
"15","swiberry.biz","2020-05-12 18:34:07","2020-05-11","2020-05-11","2021-05-11","1555","Hangzhou AiMing Network Co., LTD","whois.22.cn","http://www.22.cn","ZHANGZHENGWEI","ZHANGZHENGWEI","","","NEIMENGGU","","China","","","","","","","","","","","","","","","","","","","","","","","","","","","","","","","","","","ns1.22.cn","ns2.22.cn","","","addPeriod","ok","",""