"num","domain_name","query_time","create_date","update_date","expiry_date","domain_registrar_id","domain_registrar_name","domain_registrar_whois","domain_registrar_url","registrant_name","registrant_company","registrant_address","registrant_city","registrant_state","registrant_zip","registrant_country","registrant_email","registrant_phone","registrant_fax","administrative_name","administrative_company","administrative_address","administrative_city","administrative_state","administrative_zip","administrative_country","administrative_email","administrative_phone","administrative_fax","technical_name","technical_company","technical_address","technical_city","technical_state","technical_zip","technical_country","technical_email","technical_phone","technical_fax","billing_name","billing_company","billing_address","billing_city","billing_state","billing_zip","billing_country","billing_email","billing_phone","billing_fax","name_server_1","name_server_2","name_server_3","name_server_4","domain_status_1","domain_status_2","domain_status_3","domain_status_4"
"1","aletto.biz","2020-05-12 15:03:27","2020-05-11","2020-05-11","2021-05-11","1420","InterNetworX Ltd. & Co. KG","whois.domrobot.com","http://www.domrobot.com","","","","","Niedersachsen","","Germany","","","","","","","","","","","","","","","","","","","","","","","","","","","","","","","","","","ns.inwx.de","ns2.inwx.de","ns3.inwx.eu","ns4.inwx.com","addPeriod","clientTransferProhibited","",""
"2","painpoint.solutions","2020-05-12 20:37:32","2020-05-09","2020-05-09","2021-05-09","1420","InterNetworX Ltd. & Co. KG","whois.domrobot.com","http://www.domrobot.com","REDACTED FOR PRIVACY","PainPoint Solutions UG (haftungsbeschrankt)","REDACTED FOR PRIVACY","REDACTED FOR PRIVACY","","REDACTED FOR PRIVACY","Germany","","REDACTED FOR PRIVACY","REDACTED FOR PRIVACY","","","","","","","","","","","","","","","","","","","","","","","","","","","","","","","","","","","addPeriod","clientTransferProhibited","",""
"3","recover.nrw","2020-05-12 17:03:45","2020-05-10","2020-05-10","2021-05-10","1420","InterNetworX Ltd. & Co. KG","whois.domrobot.com","http://www.domrobot.com","","","","","","","Germany","","","","","","","","","","","","","","","","","","","","","","","","","","","","","","","","","","ns.inwx.de","ns2.inwx.de","ns3.inwx.eu","ns4.inwx.com","addPeriod","clientTransferProhibited","serverTransferProhibited",""
"4","recoverapp.nrw","2020-05-12 17:03:42","2020-05-10","2020-05-10","2021-05-10","1420","InterNetworX Ltd. & Co. KG","whois.domrobot.com","http://www.domrobot.com","","","","","","","Germany","","","","","","","","","","","","","","","","","","","","","","","","","","","","","","","","","","ns.inwx.de","ns2.inwx.de","ns3.inwx.eu","ns4.inwx.com","addPeriod","clientTransferProhibited","serverTransferProhibited",""
"5","srslots.info","2020-05-12 21:03:33","2020-05-11","2020-05-11","2021-05-11","1420","InterNetworX Ltd. & Co. KG","whois.domrobot.com","http://www.domrobot.com","","","","","","","","","","","","","","","","","","","","","","","","","","","","","","","","","","","","","","","","","ns1.misto-net.com","ns2.misto-net.com","ns3.misto-net.com","ns4.misto-net.com","addPeriod","clientTransferProhibited","serverTransferProhibited",""
"6","wirsindhandwerk.pro","2020-05-12 22:47:30","2020-05-11","2020-05-11","2021-05-11","1420","InterNetworX Ltd. & Co. KG","whois.domrobot.com","http://www.domrobot.com","","","","","","","Germany","","","","","","","","","","","","","","","","","","","","","","","","","","","","","","","","","","ns.inwx.de","ns2.inwx.de","ns3.inwx.eu","ns4.inwx.com","addPeriod","clientTransferProhibited","serverTransferProhibited",""