"num","domain_name","query_time","create_date","update_date","expiry_date","domain_registrar_id","domain_registrar_name","domain_registrar_whois","domain_registrar_url","registrant_name","registrant_company","registrant_address","registrant_city","registrant_state","registrant_zip","registrant_country","registrant_email","registrant_phone","registrant_fax","administrative_name","administrative_company","administrative_address","administrative_city","administrative_state","administrative_zip","administrative_country","administrative_email","administrative_phone","administrative_fax","technical_name","technical_company","technical_address","technical_city","technical_state","technical_zip","technical_country","technical_email","technical_phone","technical_fax","billing_name","billing_company","billing_address","billing_city","billing_state","billing_zip","billing_country","billing_email","billing_phone","billing_fax","name_server_1","name_server_2","name_server_3","name_server_4","domain_status_1","domain_status_2","domain_status_3","domain_status_4"
"1","f-rocha.info","2020-05-12 21:01:10","2020-05-08","2020-05-08","2021-05-08","2487","Internet Domain Services BS Corp","whois.publicinterestregistry.net","http://www.internetbs.net","Whois Privacy Corp.","Whois Privacy Corp.","","","New Providence","","Bahamas","","","","","","","","","","","","","","","","","","","","","","","","","","","","","","","","","","ns1.lusitec.net","ns2.lusitec.net","","","addPeriod","clientTransferProhibited","serverTransferProhibited",""
"2","gedalotto.net","2020-05-12 21:47:33","2020-05-09","2020-05-09","2021-05-09","2487","Internet Domain Services BS Corp","whois.publicinterestregistry.net","http://www.internetbs.net","Domain Admin","Whois Privacy Corp.","Ocean Centre, Montagu Foreshore, East Bay Street","Nassau","New Providence","","Bahamas","gedalotto.net-owner-higu@customers.whoisprivacycorp.com","+1.5163872248","","Domain Admin","Whois Privacy Corp.","Ocean Centre, Montagu Foreshore, East Bay Street","Nassau","New Providence","","Bahamas","gedalotto.net-admin-qdrj@customers.whoisprivacycorp.com","+1.5163872248","","Domain Admin","Whois Privacy Corp.","Ocean Centre, Montagu Foreshore, East Bay Street","Nassau","New Providence","","Bahamas","gedalotto.net-tech-fqyg@customers.whoisprivacycorp.com","+1.5163872248","","","","","","","","","","","","ns1.gedalotto.net","ns2.gedalotto.net","","","clientTransferProhibited","ok","",""
"3","getgroove.net","2020-05-12 21:47:32","2020-05-10","2020-05-10","2021-05-10","2487","Internet Domain Services BS Corp","whois.publicinterestregistry.net","http://www.internetbs.net","Domain Admin","Whois Privacy Corp.","Ocean Centre, Montagu Foreshore, East Bay Street","Nassau","New Providence","","Bahamas","getgroove.net-owner-uwcy@customers.whoisprivacycorp.com","+1.5163872248","","Domain Admin","Whois Privacy Corp.","Ocean Centre, Montagu Foreshore, East Bay Street","Nassau","New Providence","","Bahamas","getgroove.net-admin-a3yg@customers.whoisprivacycorp.com","+1.5163872248","","Domain Admin","Whois Privacy Corp.","Ocean Centre, Montagu Foreshore, East Bay Street","Nassau","New Providence","","Bahamas","getgroove.net-tech-ucey@customers.whoisprivacycorp.com","+1.5163872248","","","","","","","","","","","","ns-canada.topdns.com","ns-uk.topdns.com","ns-usa.topdns.com","","clientTransferProhibited","ok","",""
"4","ruralids.net","2020-05-12 21:50:12","2020-05-09","2020-05-09","2021-05-09","2487","Internet Domain Services BS Corp","whois.publicinterestregistry.net","http://www.internetbs.net","Domain Admin","Whois Privacy Corp.","Ocean Centre, Montagu Foreshore, East Bay Street","Nassau","New Providence","","Bahamas","ruralids.net-owner-bvdc@customers.whoisprivacycorp.com","+1.5163872248","","Domain Admin","Whois Privacy Corp.","Ocean Centre, Montagu Foreshore, East Bay Street","Nassau","New Providence","","Bahamas","ruralids.net-admin-w507@customers.whoisprivacycorp.com","+1.5163872248","","Domain Admin","Whois Privacy Corp.","Ocean Centre, Montagu Foreshore, East Bay Street","Nassau","New Providence","","Bahamas","ruralids.net-tech-is4f@customers.whoisprivacycorp.com","+1.5163872248","","","","","","","","","","","","algin.ns.cloudflare.com","gracie.ns.cloudflare.com","","","clientTransferProhibited","ok","",""
"5","s-apk.net","2020-05-12 21:50:16","2020-05-09","2020-05-09","2021-05-09","2487","Internet Domain Services BS Corp","whois.publicinterestregistry.net","http://www.internetbs.net","Domain Admin","Whois Privacy Corp.","Ocean Centre, Montagu Foreshore, East Bay Street","Nassau","New Providence","","Bahamas","s-apk.net-owner-q6w0@customers.whoisprivacycorp.com","+1.5163872248","","Domain Admin","Whois Privacy Corp.","Ocean Centre, Montagu Foreshore, East Bay Street","Nassau","New Providence","","Bahamas","s-apk.net-admin-3ffk@customers.whoisprivacycorp.com","+1.5163872248","","Domain Admin","Whois Privacy Corp.","Ocean Centre, Montagu Foreshore, East Bay Street","Nassau","New Providence","","Bahamas","s-apk.net-tech-p7cu@customers.whoisprivacycorp.com","+1.5163872248","","","","","","","","","","","","ns-canada.topdns.com","ns-uk.topdns.com","ns-usa.topdns.com","","clientTransferProhibited","ok","",""