"num","domain_name","query_time","create_date","update_date","expiry_date","domain_registrar_id","domain_registrar_name","domain_registrar_whois","domain_registrar_url","registrant_name","registrant_company","registrant_address","registrant_city","registrant_state","registrant_zip","registrant_country","registrant_email","registrant_phone","registrant_fax","administrative_name","administrative_company","administrative_address","administrative_city","administrative_state","administrative_zip","administrative_country","administrative_email","administrative_phone","administrative_fax","technical_name","technical_company","technical_address","technical_city","technical_state","technical_zip","technical_country","technical_email","technical_phone","technical_fax","billing_name","billing_company","billing_address","billing_city","billing_state","billing_zip","billing_country","billing_email","billing_phone","billing_fax","name_server_1","name_server_2","name_server_3","name_server_4","domain_status_1","domain_status_2","domain_status_3","domain_status_4"
"1","abode.amsterdam","2020-05-12 14:40:40","2020-05-08","2020-05-11","2021-05-08","1345","Key-Systems, LLC","whois.nic.uk","http://www.key-systems.net/","Redacted for privacy","Tim Roling","Redacted for privacy","Redacted for privacy","","Redacted for privacy","Netherlands","","Redacted for privacy","Redacted for privacy","REDACTED FOR PRIVACY","REDACTED FOR PRIVACY","REDACTED FOR PRIVACY","REDACTED FOR PRIVACY","","REDACTED FOR PRIVACY","REDACTED FOR PRIVACY","","REDACTED FOR PRIVACY","REDACTED FOR PRIVACY","REDACTED FOR PRIVACY","REDACTED FOR PRIVACY","REDACTED FOR PRIVACY","REDACTED FOR PRIVACY","","REDACTED FOR PRIVACY","REDACTED FOR PRIVACY","","REDACTED FOR PRIVACY","REDACTED FOR PRIVACY","","","","","","","","","","","ns0.transip.net","ns1.transip.nl","ns2.transip.eu","","clientTransferProhibited","","",""
"2","andernieuwsneder.land","2020-05-12 14:05:06","2020-05-10","2020-05-10","2021-05-10","1345","Key-Systems, LLC","whois.nic.uk","http://www.key-systems.net/","REDACTED FOR PRIVACY","","REDACTED FOR PRIVACY","REDACTED FOR PRIVACY","","REDACTED FOR PRIVACY","Netherlands","","REDACTED FOR PRIVACY","REDACTED FOR PRIVACY","","","","","","","","","","","","","","","","","","","","","","","","","","","","","","","","","","","addPeriod","","",""
"3","cheval.equipment","2020-05-12 20:05:39","2020-05-08","2020-05-08","2021-05-08","1345","Key-Systems, LLC","whois.nic.uk","http://www.key-systems.net/","REDACTED FOR PRIVACY","ideekisprl","REDACTED FOR PRIVACY","REDACTED FOR PRIVACY","","REDACTED FOR PRIVACY","Belgium","","REDACTED FOR PRIVACY","REDACTED FOR PRIVACY","","","","","","","","","","","","","","","","","","","","","","","","","","","","","","","","","","","addPeriod","clientTransferProhibited","",""
"4","cloudia.technology","2020-05-12 22:20:08","2020-05-08","2020-05-08","2021-05-08","1345","Key-Systems, LLC","whois.nic.uk","http://www.key-systems.net/","REDACTED FOR PRIVACY","Lipa ICT nv","REDACTED FOR PRIVACY","REDACTED FOR PRIVACY","","REDACTED FOR PRIVACY","Belgium","","REDACTED FOR PRIVACY","REDACTED FOR PRIVACY","","","","","","","","","","","","","","","","","","","","","","","","","","","","","","","","","","","addPeriod","","",""
"5","europa-talk.nrw","2020-05-12 17:03:45","2020-05-09","","2021-05-09","1345","Key-Systems, LLC","whois.nic.uk","http://www.key-systems.net/","","","","","","","Germany","","","","","","","","","","","","","","","","","","","","","","","","","","","","","","","","","","ns.second-ns.com","ns1.your-server.de","ns3.second-ns.de","","addPeriod","serverTransferProhibited","",""
"6","framed.amsterdam","2020-05-12 14:40:39","2020-05-08","2020-05-11","2021-05-08","1345","Key-Systems, LLC","whois.nic.uk","http://www.key-systems.net/","Redacted for privacy","Tim Roling","Redacted for privacy","Redacted for privacy","","Redacted for privacy","Netherlands","","Redacted for privacy","Redacted for privacy","REDACTED FOR PRIVACY","REDACTED FOR PRIVACY","REDACTED FOR PRIVACY","REDACTED FOR PRIVACY","","REDACTED FOR PRIVACY","REDACTED FOR PRIVACY","","REDACTED FOR PRIVACY","REDACTED FOR PRIVACY","REDACTED FOR PRIVACY","REDACTED FOR PRIVACY","REDACTED FOR PRIVACY","REDACTED FOR PRIVACY","","REDACTED FOR PRIVACY","REDACTED FOR PRIVACY","","REDACTED FOR PRIVACY","REDACTED FOR PRIVACY","","","","","","","","","","","ns0.transip.net","ns1.transip.nl","ns2.transip.eu","","clientTransferProhibited","","",""
"7","hfh-bridge-capital.gmbh","2020-05-12 20:43:06","2020-05-11","2020-05-11","2021-05-11","1345","Key-Systems, LLC","whois.nic.uk","http://www.key-systems.net/","REDACTED FOR PRIVACY","HFH Hamburger Finanzhaus GmbH & Co. KG","REDACTED FOR PRIVACY","REDACTED FOR PRIVACY","Hamburg","REDACTED FOR PRIVACY","Germany","","REDACTED FOR PRIVACY","REDACTED FOR PRIVACY","","","","","","","","","","","","","","","","","","","","","","","","","","","","","","","","","","","addPeriod","","",""
"8","hfh-capital.gmbh","2020-05-12 20:43:07","2020-05-11","2020-05-11","2021-05-11","1345","Key-Systems, LLC","whois.nic.uk","http://www.key-systems.net/","REDACTED FOR PRIVACY","HFH Hamburger Finanzhaus GmbH & Co. KG","REDACTED FOR PRIVACY","REDACTED FOR PRIVACY","Hamburg","REDACTED FOR PRIVACY","Germany","","REDACTED FOR PRIVACY","REDACTED FOR PRIVACY","","","","","","","","","","","","","","","","","","","","","","","","","","","","","","","","","","","addPeriod","","",""
"9","hfh-holding.gmbh","2020-05-12 20:43:09","2020-05-11","2020-05-11","2021-05-11","1345","Key-Systems, LLC","whois.nic.uk","http://www.key-systems.net/","REDACTED FOR PRIVACY","HFH Hamburger Finanzhaus GmbH & Co. KG","REDACTED FOR PRIVACY","REDACTED FOR PRIVACY","Hamburg","REDACTED FOR PRIVACY","Germany","","REDACTED FOR PRIVACY","REDACTED FOR PRIVACY","","","","","","","","","","","","","","","","","","","","","","","","","","","","","","","","","","","addPeriod","","",""
"10","horeca-makelaar.amsterdam","2020-05-12 14:40:39","2020-05-11","","2021-05-11","1345","Key-Systems, LLC","whois.nic.uk","http://www.key-systems.net/","Redacted for privacy","Privacy Protected","Redacted for privacy","Redacted for privacy","","Redacted for privacy","Netherlands","","Redacted for privacy","Redacted for privacy","REDACTED FOR PRIVACY","REDACTED FOR PRIVACY","REDACTED FOR PRIVACY","REDACTED FOR PRIVACY","","REDACTED FOR PRIVACY","REDACTED FOR PRIVACY","","REDACTED FOR PRIVACY","REDACTED FOR PRIVACY","REDACTED FOR PRIVACY","REDACTED FOR PRIVACY","REDACTED FOR PRIVACY","REDACTED FOR PRIVACY","","REDACTED FOR PRIVACY","REDACTED FOR PRIVACY","","REDACTED FOR PRIVACY","REDACTED FOR PRIVACY","","","","","","","","","","","ns1.hostnet.nl","ns2.hostnetbv.com","ns3.hostnetbv.nl","","OK","","",""
"11","in-sight.trading","2020-05-13 00:54:22","2020-05-10","2020-05-10","2021-05-10","1345","Key-Systems, LLC","whois.nic.uk","http://www.key-systems.net/","REDACTED FOR PRIVACY","","REDACTED FOR PRIVACY","REDACTED FOR PRIVACY","","REDACTED FOR PRIVACY","Netherlands","","REDACTED FOR PRIVACY","REDACTED FOR PRIVACY","REDACTED FOR PRIVACY","REDACTED FOR PRIVACY","REDACTED FOR PRIVACY","REDACTED FOR PRIVACY","REDACTED FOR PRIVACY","REDACTED FOR PRIVACY","REDACTED FOR PRIVACY","","REDACTED FOR PRIVACY","REDACTED FOR PRIVACY","REDACTED FOR PRIVACY","REDACTED FOR PRIVACY","REDACTED FOR PRIVACY","REDACTED FOR PRIVACY","REDACTED FOR PRIVACY","REDACTED FOR PRIVACY","REDACTED FOR PRIVACY","","REDACTED FOR PRIVACY","REDACTED FOR PRIVACY","REDACTED FOR PRIVACY","REDACTED FOR PRIVACY","REDACTED FOR PRIVACY","REDACTED FOR PRIVACY","REDACTED FOR PRIVACY","REDACTED FOR PRIVACY","REDACTED FOR PRIVACY","","REDACTED FOR PRIVACY","REDACTED FOR PRIVACY","ns-1143.awsdns-14.org","ns-124.awsdns-15.com","ns-1555.awsdns-02.co.uk","ns-843.awsdns-41.net","OK","","",""
"12","km0.promo","2020-05-12 22:47:32","2020-05-09","","2021-05-09","1345","Key-Systems, LLC","whois.nic.uk","http://www.key-systems.net/","","","","","Barcelona","","Spain","","","","","","","","","","","","","","","","","","","","","","","","","","","","","","","","","","dns2.guebs.com","dns3.guebs.com","dns4.guebs.com","","addPeriod","serverTransferProhibited","",""
"13","littlerocket.science","2020-05-12 23:14:35","2020-05-11","","2021-05-11","1345","Key-Systems, LLC","whois.nic.uk","http://www.key-systems.net/","Little Rocket","Little Rocket","","","Overijssel","","Netherlands","","","","","","","","","","","","","","","","","","","","","","","","","","","","","","","","","","ns1.shockmedia.nl","ns2.shockmedia.nl","ns3.shockmedia.nl","","addPeriod","ok","",""
"14","modeskincare.amsterdam","2020-05-12 14:40:39","2020-05-11","2020-05-11","2021-05-11","1345","Key-Systems, LLC","whois.nic.uk","http://www.key-systems.net/","Redacted for privacy","Tim Roling","Redacted for privacy","Redacted for privacy","","Redacted for privacy","Netherlands","","Redacted for privacy","Redacted for privacy","REDACTED FOR PRIVACY","REDACTED FOR PRIVACY","REDACTED FOR PRIVACY","REDACTED FOR PRIVACY","","REDACTED FOR PRIVACY","REDACTED FOR PRIVACY","","REDACTED FOR PRIVACY","REDACTED FOR PRIVACY","REDACTED FOR PRIVACY","REDACTED FOR PRIVACY","REDACTED FOR PRIVACY","REDACTED FOR PRIVACY","","REDACTED FOR PRIVACY","REDACTED FOR PRIVACY","","REDACTED FOR PRIVACY","REDACTED FOR PRIVACY","","","","","","","","","","","ns0.transip.net","ns1.transip.nl","ns2.transip.eu","","clientTransferProhibited","","",""
"15","opdiefiets.amsterdam","2020-05-12 14:40:40","2020-05-09","","2021-05-09","1345","Key-Systems, LLC","whois.nic.uk","http://www.key-systems.net/","REDACTED FOR PRIVACY","","REDACTED FOR PRIVACY","REDACTED FOR PRIVACY","","REDACTED FOR PRIVACY","Netherlands","","REDACTED FOR PRIVACY","REDACTED FOR PRIVACY","REDACTED FOR PRIVACY","REDACTED FOR PRIVACY","REDACTED FOR PRIVACY","REDACTED FOR PRIVACY","","REDACTED FOR PRIVACY","REDACTED FOR PRIVACY","","REDACTED FOR PRIVACY","REDACTED FOR PRIVACY","REDACTED FOR PRIVACY","REDACTED FOR PRIVACY","REDACTED FOR PRIVACY","REDACTED FOR PRIVACY","","REDACTED FOR PRIVACY","REDACTED FOR PRIVACY","","REDACTED FOR PRIVACY","REDACTED FOR PRIVACY","","","","","","","","","","","ns.zxcs.be","ns.zxcs.eu","ns.zxcs.nl","","OK","","",""
"16","poffertjesboottogo.amsterdam","2020-05-12 14:40:39","2020-05-11","","2021-05-11","1345","Key-Systems, LLC","whois.nic.uk","http://www.key-systems.net/","Redacted for privacy","sjoerd van den berg","Redacted for privacy","Redacted for privacy","","Redacted for privacy","Netherlands","","Redacted for privacy","Redacted for privacy","REDACTED FOR PRIVACY","REDACTED FOR PRIVACY","REDACTED FOR PRIVACY","REDACTED FOR PRIVACY","","REDACTED FOR PRIVACY","REDACTED FOR PRIVACY","","REDACTED FOR PRIVACY","REDACTED FOR PRIVACY","REDACTED FOR PRIVACY","REDACTED FOR PRIVACY","REDACTED FOR PRIVACY","REDACTED FOR PRIVACY","","REDACTED FOR PRIVACY","REDACTED FOR PRIVACY","","REDACTED FOR PRIVACY","REDACTED FOR PRIVACY","","","","","","","","","","","ns3.combell.net","ns4.combell.net","","","OK","","",""
"17","poffertjestogo.amsterdam","2020-05-12 14:40:39","2020-05-11","","2021-05-11","1345","Key-Systems, LLC","whois.nic.uk","http://www.key-systems.net/","Redacted for privacy","sjoerd van den berg","Redacted for privacy","Redacted for privacy","","Redacted for privacy","Netherlands","","Redacted for privacy","Redacted for privacy","REDACTED FOR PRIVACY","REDACTED FOR PRIVACY","REDACTED FOR PRIVACY","REDACTED FOR PRIVACY","","REDACTED FOR PRIVACY","REDACTED FOR PRIVACY","","REDACTED FOR PRIVACY","REDACTED FOR PRIVACY","REDACTED FOR PRIVACY","REDACTED FOR PRIVACY","REDACTED FOR PRIVACY","REDACTED FOR PRIVACY","","REDACTED FOR PRIVACY","REDACTED FOR PRIVACY","","REDACTED FOR PRIVACY","REDACTED FOR PRIVACY","","","","","","","","","","","ns3.combell.net","ns4.combell.net","","","OK","","",""
"18","revast.estate","2020-05-12 20:05:08","2020-05-09","2020-05-09","2021-05-09","1345","Key-Systems, LLC","whois.nic.uk","http://www.key-systems.net/","REDACTED FOR PRIVACY","ICM Real Estate","REDACTED FOR PRIVACY","REDACTED FOR PRIVACY","","REDACTED FOR PRIVACY","Belgium","","REDACTED FOR PRIVACY","REDACTED FOR PRIVACY","","","","","","","","","","","","","","","","","","","","","","","","","","","","","","","","","","","addPeriod","","",""
"19","roan.agency","2020-05-12 14:40:42","2020-05-10","2020-05-10","2021-05-10","1345","Key-Systems, LLC","whois.nic.uk","http://www.key-systems.net/","REDACTED FOR PRIVACY","Rudy Roan","REDACTED FOR PRIVACY","REDACTED FOR PRIVACY","","REDACTED FOR PRIVACY","Belgium","","REDACTED FOR PRIVACY","REDACTED FOR PRIVACY","","","","","","","","","","","","","","","","","","","","","","","","","","","","","","","","","","","addPeriod","clientTransferProhibited","",""
"20","rouwverwerking.amsterdam","2020-05-12 14:40:39","2020-05-11","2020-05-11","2021-05-11","1345","Key-Systems, LLC","whois.nic.uk","http://www.key-systems.net/","REDACTED FOR PRIVACY","","REDACTED FOR PRIVACY","REDACTED FOR PRIVACY","","REDACTED FOR PRIVACY","Netherlands","","REDACTED FOR PRIVACY","REDACTED FOR PRIVACY","REDACTED FOR PRIVACY","REDACTED FOR PRIVACY","REDACTED FOR PRIVACY","REDACTED FOR PRIVACY","","REDACTED FOR PRIVACY","REDACTED FOR PRIVACY","","REDACTED FOR PRIVACY","REDACTED FOR PRIVACY","REDACTED FOR PRIVACY","REDACTED FOR PRIVACY","REDACTED FOR PRIVACY","REDACTED FOR PRIVACY","","REDACTED FOR PRIVACY","REDACTED FOR PRIVACY","","REDACTED FOR PRIVACY","REDACTED FOR PRIVACY","","","","","","","","","","","ns0.transip.net","ns1.transip.nl","ns2.transip.eu","","OK","","",""
"21","scheerbaum.gmbh","2020-05-12 20:43:07","2020-05-11","2020-05-11","2021-05-11","1345","Key-Systems, LLC","whois.nic.uk","http://www.key-systems.net/","REDACTED FOR PRIVACY","SCHEERBAUMos ERBEN GmbH","REDACTED FOR PRIVACY","REDACTED FOR PRIVACY","","REDACTED FOR PRIVACY","Germany","","REDACTED FOR PRIVACY","REDACTED FOR PRIVACY","","","","","","","","","","","","","","","","","","","","","","","","","","","","","","","","","","","addPeriod","clientTransferProhibited","",""
"22","scheerbaums-erben.gmbh","2020-05-12 20:43:02","2020-05-11","2020-05-11","2021-05-11","1345","Key-Systems, LLC","whois.nic.uk","http://www.key-systems.net/","REDACTED FOR PRIVACY","SCHEERBAUMos ERBEN GmbH","REDACTED FOR PRIVACY","REDACTED FOR PRIVACY","","REDACTED FOR PRIVACY","Germany","","REDACTED FOR PRIVACY","REDACTED FOR PRIVACY","","","","","","","","","","","","","","","","","","","","","","","","","","","","","","","","","","","addPeriod","clientTransferProhibited","",""
"23","seventy.life","2020-05-12 21:07:55","2020-05-11","2020-05-11","2021-05-11","1345","Key-Systems, LLC","whois.nic.uk","http://www.key-systems.net/","REDACTED FOR PRIVACY","c/o whoisproxy.com","REDACTED FOR PRIVACY","REDACTED FOR PRIVACY","VA","REDACTED FOR PRIVACY","United States","","REDACTED FOR PRIVACY","REDACTED FOR PRIVACY","","","","","","","","","","","","","","","","","","","","","","","","","","","","","","","","","","","addPeriod","","",""
"24","sheillustrates.science","2020-05-12 23:14:36","2020-05-11","2020-05-11","2021-05-11","1345","Key-Systems, LLC","whois.nic.uk","http://www.key-systems.net/","","","","","","","Netherlands","","","","","","","","","","","","","","","","","","","","","","","","","","","","","","","","","","ns0.transip.net","ns1.transip.nl","ns2.transip.eu","","addPeriod","ok","",""
"25","sherwoodgrange.land","2020-05-12 21:06:43","2020-05-11","2020-05-11","2022-05-11","1345","Key-Systems, LLC","whois.nic.uk","http://www.key-systems.net/","REDACTED FOR PRIVACY","Villawood Properties","REDACTED FOR PRIVACY","REDACTED FOR PRIVACY","VIC","REDACTED FOR PRIVACY","Australia","","REDACTED FOR PRIVACY","REDACTED FOR PRIVACY","","","","","","","","","","","","","","","","","","","","","","","","","","","","","","","","","","","addPeriod","","",""
"26","sight.trading","2020-05-13 00:54:22","2020-05-10","2020-05-11","2021-05-10","1345","Key-Systems, LLC","whois.nic.uk","http://www.key-systems.net/","REDACTED FOR PRIVACY","","REDACTED FOR PRIVACY","REDACTED FOR PRIVACY","","REDACTED FOR PRIVACY","Netherlands","","REDACTED FOR PRIVACY","REDACTED FOR PRIVACY","REDACTED FOR PRIVACY","REDACTED FOR PRIVACY","REDACTED FOR PRIVACY","REDACTED FOR PRIVACY","REDACTED FOR PRIVACY","REDACTED FOR PRIVACY","REDACTED FOR PRIVACY","","REDACTED FOR PRIVACY","REDACTED FOR PRIVACY","REDACTED FOR PRIVACY","REDACTED FOR PRIVACY","REDACTED FOR PRIVACY","REDACTED FOR PRIVACY","REDACTED FOR PRIVACY","REDACTED FOR PRIVACY","REDACTED FOR PRIVACY","","REDACTED FOR PRIVACY","REDACTED FOR PRIVACY","REDACTED FOR PRIVACY","REDACTED FOR PRIVACY","REDACTED FOR PRIVACY","REDACTED FOR PRIVACY","REDACTED FOR PRIVACY","REDACTED FOR PRIVACY","REDACTED FOR PRIVACY","","REDACTED FOR PRIVACY","REDACTED FOR PRIVACY","ns0.transip.net","ns1.transip.nl","ns2.transip.eu","","OK","","",""
"27","squadron.estate","2020-05-12 20:05:08","2020-05-07","2020-05-12","2021-05-07","1345","Key-Systems, LLC","whois.nic.uk","http://www.key-systems.net/","REDACTED FOR PRIVACY","The Squad","REDACTED FOR PRIVACY","REDACTED FOR PRIVACY","","REDACTED FOR PRIVACY","Belgium","","REDACTED FOR PRIVACY","REDACTED FOR PRIVACY","","","","","","","","","","","","","","","","","","","","","","","","","","","","","","","","","","","OK","","",""
"28","starsky.agency","2020-05-12 14:40:41","2020-05-11","2020-05-11","2021-05-11","1345","Key-Systems, LLC","whois.nic.uk","http://www.key-systems.net/","REDACTED FOR PRIVACY","CIA bv","REDACTED FOR PRIVACY","REDACTED FOR PRIVACY","","REDACTED FOR PRIVACY","Belgium","","REDACTED FOR PRIVACY","REDACTED FOR PRIVACY","","","","","","","","","","","","","","","","","","","","","","","","","","","","","","","","","","","addPeriod","","",""
"29","strategico.life","2020-05-12 21:07:55","2020-05-08","2020-05-08","2021-05-08","1345","Key-Systems, LLC","whois.nic.uk","http://www.key-systems.net/","REDACTED FOR PRIVACY","Petsy Corp Limited","REDACTED FOR PRIVACY","REDACTED FOR PRIVACY","EE","REDACTED FOR PRIVACY","Hong Kong","","REDACTED FOR PRIVACY","REDACTED FOR PRIVACY","","","","","","","","","","","","","","","","","","","","","","","","","","","","","","","","","","","addPeriod","","",""
"30","stw.foundation","2020-05-12 20:32:51","2020-05-10","2020-05-10","2021-05-10","1345","Key-Systems, LLC","whois.nic.uk","http://www.key-systems.net/","REDACTED FOR PRIVACY","","REDACTED FOR PRIVACY","REDACTED FOR PRIVACY","","REDACTED FOR PRIVACY","Netherlands","","REDACTED FOR PRIVACY","REDACTED FOR PRIVACY","","","","","","","","","","","","","","","","","","","","","","","","","","","","","","","","","","","addPeriod","","",""
"31","supercars.center","2020-05-12 19:21:41","2020-05-09","2020-05-09","2021-05-09","1345","Key-Systems, LLC","whois.nic.uk","http://www.key-systems.net/","REDACTED FOR PRIVACY","Automex Group Sp. z o.o.","REDACTED FOR PRIVACY","REDACTED FOR PRIVACY","","REDACTED FOR PRIVACY","Poland","","REDACTED FOR PRIVACY","REDACTED FOR PRIVACY","","","","","","","","","","","","","","","","","","","","","","","","","","","","","","","","","","","addPeriod","","",""
"32","synergia.life","2020-05-12 21:07:53","2020-05-11","2020-05-12","2021-05-11","1345","Key-Systems, LLC","whois.nic.uk","http://www.key-systems.net/","REDACTED FOR PRIVACY","Grupa Zakupowa 'Energia' Spolka Z Ograniczona Odpowiedzialnoscia","REDACTED FOR PRIVACY","REDACTED FOR PRIVACY","","REDACTED FOR PRIVACY","Poland","","REDACTED FOR PRIVACY","REDACTED FOR PRIVACY","","","","","","","","","","","","","","","","","","","","","","","","","","","","","","","","","","","addPeriod","","",""
"33","t4t.trading","2020-05-13 00:54:22","2020-05-09","2020-05-09","2021-05-09","1345","Key-Systems, LLC","whois.nic.uk","http://www.key-systems.net/","REDACTED FOR PRIVACY","Texel4trading","REDACTED FOR PRIVACY","REDACTED FOR PRIVACY","","REDACTED FOR PRIVACY","Netherlands","","REDACTED FOR PRIVACY","REDACTED FOR PRIVACY","REDACTED FOR PRIVACY","REDACTED FOR PRIVACY","REDACTED FOR PRIVACY","REDACTED FOR PRIVACY","REDACTED FOR PRIVACY","REDACTED FOR PRIVACY","REDACTED FOR PRIVACY","","REDACTED FOR PRIVACY","REDACTED FOR PRIVACY","REDACTED FOR PRIVACY","REDACTED FOR PRIVACY","REDACTED FOR PRIVACY","REDACTED FOR PRIVACY","REDACTED FOR PRIVACY","REDACTED FOR PRIVACY","REDACTED FOR PRIVACY","","REDACTED FOR PRIVACY","REDACTED FOR PRIVACY","REDACTED FOR PRIVACY","REDACTED FOR PRIVACY","REDACTED FOR PRIVACY","REDACTED FOR PRIVACY","REDACTED FOR PRIVACY","REDACTED FOR PRIVACY","REDACTED FOR PRIVACY","","REDACTED FOR PRIVACY","REDACTED FOR PRIVACY","ns1.metaregistrar.nl","ns2.metaregistrar.nl","","","OK","","",""
"34","the-squad.estate","2020-05-12 20:05:07","2020-05-07","2020-05-12","2021-05-07","1345","Key-Systems, LLC","whois.nic.uk","http://www.key-systems.net/","REDACTED FOR PRIVACY","The Squad","REDACTED FOR PRIVACY","REDACTED FOR PRIVACY","","REDACTED FOR PRIVACY","Belgium","","REDACTED FOR PRIVACY","REDACTED FOR PRIVACY","","","","","","","","","","","","","","","","","","","","","","","","","","","","","","","","","","","OK","","",""
"35","weflow.business","2020-05-12 19:15:34","2020-05-11","2020-05-11","2021-05-11","1345","Key-Systems, LLC","whois.nic.uk","http://www.key-systems.net/","REDACTED FOR PRIVACY","Annelies Bakker","REDACTED FOR PRIVACY","REDACTED FOR PRIVACY","","REDACTED FOR PRIVACY","Netherlands","","REDACTED FOR PRIVACY","REDACTED FOR PRIVACY","","","","","","","","","","","","","","","","","","","","","","","","","","","","","","","","","","","addPeriod","","",""
"36","welkomterug.amsterdam","2020-05-12 14:40:39","2020-05-11","","2021-05-11","1345","Key-Systems, LLC","whois.nic.uk","http://www.key-systems.net/","Redacted for privacy","Privacy Protected","Redacted for privacy","Redacted for privacy","","Redacted for privacy","Netherlands","","Redacted for privacy","Redacted for privacy","REDACTED FOR PRIVACY","REDACTED FOR PRIVACY","REDACTED FOR PRIVACY","REDACTED FOR PRIVACY","","REDACTED FOR PRIVACY","REDACTED FOR PRIVACY","","REDACTED FOR PRIVACY","REDACTED FOR PRIVACY","REDACTED FOR PRIVACY","REDACTED FOR PRIVACY","REDACTED FOR PRIVACY","REDACTED FOR PRIVACY","","REDACTED FOR PRIVACY","REDACTED FOR PRIVACY","","REDACTED FOR PRIVACY","REDACTED FOR PRIVACY","","","","","","","","","","","ns1.hostnet.nl","ns2.hostnetbv.com","ns3.hostnetbv.nl","","OK","","",""
"37","zube.amsterdam","2020-05-12 14:40:39","2020-05-10","","2021-05-10","1345","Key-Systems, LLC","whois.nic.uk","http://www.key-systems.net/","Redacted for privacy","Timber Soen","Redacted for privacy","Redacted for privacy","","Redacted for privacy","Netherlands","","Redacted for privacy","Redacted for privacy","REDACTED FOR PRIVACY","REDACTED FOR PRIVACY","REDACTED FOR PRIVACY","REDACTED FOR PRIVACY","","REDACTED FOR PRIVACY","REDACTED FOR PRIVACY","","REDACTED FOR PRIVACY","REDACTED FOR PRIVACY","REDACTED FOR PRIVACY","REDACTED FOR PRIVACY","REDACTED FOR PRIVACY","REDACTED FOR PRIVACY","","REDACTED FOR PRIVACY","REDACTED FOR PRIVACY","","REDACTED FOR PRIVACY","REDACTED FOR PRIVACY","","","","","","","","","","","nina.ns.cloudflare.com","ray.ns.cloudflare.com","","","OK","","",""