"num","domain_name","query_time","create_date","update_date","expiry_date","domain_registrar_id","domain_registrar_name","domain_registrar_whois","domain_registrar_url","registrant_name","registrant_company","registrant_address","registrant_city","registrant_state","registrant_zip","registrant_country","registrant_email","registrant_phone","registrant_fax","administrative_name","administrative_company","administrative_address","administrative_city","administrative_state","administrative_zip","administrative_country","administrative_email","administrative_phone","administrative_fax","technical_name","technical_company","technical_address","technical_city","technical_state","technical_zip","technical_country","technical_email","technical_phone","technical_fax","billing_name","billing_company","billing_address","billing_city","billing_state","billing_zip","billing_country","billing_email","billing_phone","billing_fax","name_server_1","name_server_2","name_server_3","name_server_4","domain_status_1","domain_status_2","domain_status_3","domain_status_4"
"1","epayci.net","2020-05-12 21:48:05","2020-05-08","2020-05-08","2021-05-08","1630","Ligne Web Services SARL","whois.nic.fr","http://www.ait.com","2JAQTECH","2JAQTECH","","","","","Cote D Ivoire","248b199d5ead3c3071ca9587004cf0b9@whois-anonymous.com","","","2JAQTECH","2JAQTECH","","","","","Cote D Ivoire","248b199d5ead3c3071ca9587004cf0b9@whois-anonymous.com","","","2JAQTECH","2JAQTECH","","","","","Cote D Ivoire","248b199d5ead3c3071ca9587004cf0b9@whois-anonymous.com","","","2JAQTECH","2JAQTECH","","","","","Cote D Ivoire","248b199d5ead3c3071ca9587004cf0b9@whois-anonymous.com","","","","","","","More","informations","on",""
"2","fabriceclaude.net","2020-05-12 21:48:02","2020-05-11","2020-05-11","2021-05-11","1630","Ligne Web Services SARL","whois.nic.fr","http://www.ait.com","","","","","","","France","31ca0ca71184bbdb3de7b20a51e88e90@whois-anonymous.com","","","","","","","","","France","31ca0ca71184bbdb3de7b20a51e88e90@whois-anonymous.com","","","","","","","","","France","31ca0ca71184bbdb3de7b20a51e88e90@whois-anonymous.com","","","","","","","","","France","31ca0ca71184bbdb3de7b20a51e88e90@whois-anonymous.com","","","","","","","More","informations","on",""
"3","fabrikasyon.net","2020-05-12 21:47:57","2020-05-08","2020-05-08","2021-05-08","1630","Ligne Web Services SARL","whois.nic.fr","http://www.ait.com","","","","","","","Turkey","9233e440362eeadad578dfc356dbc158@whois-anonymous.com","","","","","","","","","Turkey","9233e440362eeadad578dfc356dbc158@whois-anonymous.com","","","","","","","","","Turkey","9233e440362eeadad578dfc356dbc158@whois-anonymous.com","","","","","","","","","Turkey","9233e440362eeadad578dfc356dbc158@whois-anonymous.com","","","","","","","More","informations","on",""
"4","felsefi.net","2020-05-12 21:47:53","2020-05-08","2020-05-08","2021-05-08","1630","Ligne Web Services SARL","whois.nic.fr","http://www.ait.com","","","","","","","Turkey","c9225878e2feea799751bf8958447c65@whois-anonymous.com","","","","","","","","","Turkey","c9225878e2feea799751bf8958447c65@whois-anonymous.com","","","","","","","","","Turkey","c9225878e2feea799751bf8958447c65@whois-anonymous.com","","","","","","","","","Turkey","c9225878e2feea799751bf8958447c65@whois-anonymous.com","","","","","","","More","informations","on",""
"5","fesiptv.net","2020-05-12 21:47:53","2020-05-09","2020-05-10","2021-05-09","1630","Ligne Web Services SARL","whois.nic.fr","http://www.ait.com","","","","","","","Morocco","2a111d2f75fbdf17e96e2b0cf880d62a@whois-anonymous.com","","","","","","","","","Morocco","2a111d2f75fbdf17e96e2b0cf880d62a@whois-anonymous.com","","","","","","","","","Morocco","2a111d2f75fbdf17e96e2b0cf880d62a@whois-anonymous.com","","","","","","","","","Morocco","2a111d2f75fbdf17e96e2b0cf880d62a@whois-anonymous.com","","","","","","","More","informations","on",""
"6","fin-de-travaux.net","2020-05-12 21:47:51","2020-05-10","2020-05-10","2021-05-10","1630","Ligne Web Services SARL","whois.nic.fr","http://www.ait.com","","","","","","","France","58e418fe3e32f0958b54ab025318d004@whois-anonymous.com","","","","","","","","","France","58e418fe3e32f0958b54ab025318d004@whois-anonymous.com","","","","","","","","","France","58e418fe3e32f0958b54ab025318d004@whois-anonymous.com","","","","","","","","","France","58e418fe3e32f0958b54ab025318d004@whois-anonymous.com","","","","","","","More","informations","on",""
"7","fin-de-travaux.pro","2020-05-12 18:36:44","2020-05-10","2020-05-10","2021-05-10","1630","Ligne Web Services SARL","whois.nic.fr","http://www.ait.com","","","","","","","France","","","","","","","","","","","","","","","","","","","","","","","","","","","","","","","","","","ns5.lwsdns.com","ns6.lwsdns.com","ns7.lwsdns.com","ns8.lwsdns.com","addPeriod","serverTransferProhibited","",""
"8","pythoniste.net","2020-05-12 21:50:32","2020-05-09","2020-05-09","2021-05-09","1630","Ligne Web Services SARL","whois.nic.fr","http://www.ait.com","","","","","","","Morocco","d876c906255955dfc6d04d92cb3daa03@whois-anonymous.com","","","","","","","","","Morocco","d876c906255955dfc6d04d92cb3daa03@whois-anonymous.com","","","","","","","","","Morocco","d876c906255955dfc6d04d92cb3daa03@whois-anonymous.com","","","","","","","","","Morocco","d876c906255955dfc6d04d92cb3daa03@whois-anonymous.com","","","","","","","More","informations","on",""
"9","quoiouqui.net","2020-05-12 21:50:29","2020-05-10","2020-05-10","2021-05-10","1630","Ligne Web Services SARL","whois.nic.fr","http://www.ait.com","","","","","","","France","3757d525bdbccc0d68c6aa707f20e349@whois-anonymous.com","","","","","","","","","France","3757d525bdbccc0d68c6aa707f20e349@whois-anonymous.com","","","","","","","","","France","3757d525bdbccc0d68c6aa707f20e349@whois-anonymous.com","","","","","","","","","France","3757d525bdbccc0d68c6aa707f20e349@whois-anonymous.com","","","","","","","More","informations","on",""
"10","rescoul.net","2020-05-12 21:50:19","2020-05-09","2020-05-11","2021-05-09","1630","Ligne Web Services SARL","whois.nic.fr","http://www.ait.com","","","","","","","Togo","97419996de30867bc6c326d04019f266@whois-anonymous.com","","","","","","","","","Togo","97419996de30867bc6c326d04019f266@whois-anonymous.com","","","","","","","","","Togo","97419996de30867bc6c326d04019f266@whois-anonymous.com","","","","","","","","","Togo","97419996de30867bc6c326d04019f266@whois-anonymous.com","","","ns5.lwsdns.com","ns6.lwsdns.com","ns7.lwsdns.com","ns8.lwsdns.com","More","informations","on",""
"11","skwins.net","2020-05-12 21:49:47","2020-05-08","2020-05-08","2021-05-08","1630","Ligne Web Services SARL","whois.nic.fr","http://www.ait.com","","","","","","","Cameroon","973e324cd69effcc68c057b25545741b@whois-anonymous.com","","","","","","","","","Cameroon","973e324cd69effcc68c057b25545741b@whois-anonymous.com","","","","","","","","","Cameroon","973e324cd69effcc68c057b25545741b@whois-anonymous.com","","","","","","","","","Cameroon","973e324cd69effcc68c057b25545741b@whois-anonymous.com","","","","","","","More","informations","on",""