"num","domain_name","query_time","create_date","update_date","expiry_date","domain_registrar_id","domain_registrar_name","domain_registrar_whois","domain_registrar_url","registrant_name","registrant_company","registrant_address","registrant_city","registrant_state","registrant_zip","registrant_country","registrant_email","registrant_phone","registrant_fax","administrative_name","administrative_company","administrative_address","administrative_city","administrative_state","administrative_zip","administrative_country","administrative_email","administrative_phone","administrative_fax","technical_name","technical_company","technical_address","technical_city","technical_state","technical_zip","technical_country","technical_email","technical_phone","technical_fax","billing_name","billing_company","billing_address","billing_city","billing_state","billing_zip","billing_country","billing_email","billing_phone","billing_fax","name_server_1","name_server_2","name_server_3","name_server_4","domain_status_1","domain_status_2","domain_status_3","domain_status_4"
"1","daebam10.com","2020-05-06 19:27:53","2020-05-05","2020-05-05","2021-05-05","1489","Megazone Corp., dba HOSTING.KR","whois.hosting.kr","http://www.hosting.kr","jungwoosung","jungwoosung","83 Cheongsa-ro,  Seo-gu","Daejeon","","35205","Korea","woosungjung56@gmail.com","+82.20000000","","jungwoosung","jungwoosung","83 Cheongsa-ro,  Seo-gu","Daejeon","","35205","Korea","woosungjung56@gmail.com","+82.20000000","","jungwoosung","jungwoosung","83 Cheongsa-ro,  Seo-gu","Daejeon","","35205","Korea","woosungjung56@gmail.com","+82.20000000","","","","","","","","","","","","ns1.hosting.co.kr","ns2.hosting.co.kr","","","OK","","",""
"2","daebam2.com","2020-05-06 19:27:52","2020-05-05","2020-05-05","2021-05-05","1489","Megazone Corp., dba HOSTING.KR","whois.hosting.kr","http://www.hosting.kr","jungwoosung","jungwoosung","83 Cheongsa-ro,  Seo-gu","Daejeon","","35205","Korea","woosungjung56@gmail.com","+82.20000000","","jungwoosung","jungwoosung","83 Cheongsa-ro,  Seo-gu","Daejeon","","35205","Korea","woosungjung56@gmail.com","+82.20000000","","jungwoosung","jungwoosung","83 Cheongsa-ro,  Seo-gu","Daejeon","","35205","Korea","woosungjung56@gmail.com","+82.20000000","","","","","","","","","","","","ns1.hosting.co.kr","ns2.hosting.co.kr","","","OK","","",""
"3","daebam8.com","2020-05-06 19:31:47","2020-05-05","2020-05-05","2021-05-05","1489","Megazone Corp., dba HOSTING.KR","whois.hosting.kr","http://www.hosting.kr","jungwoosung","jungwoosung","83 Cheongsa-ro,  Seo-gu","Daejeon","","35205","Korea","woosungjung56@gmail.com","+82.20000000","","jungwoosung","jungwoosung","83 Cheongsa-ro,  Seo-gu","Daejeon","","35205","Korea","woosungjung56@gmail.com","+82.20000000","","jungwoosung","jungwoosung","83 Cheongsa-ro,  Seo-gu","Daejeon","","35205","Korea","woosungjung56@gmail.com","+82.20000000","","","","","","","","","","","","ns1.hosting.co.kr","ns2.hosting.co.kr","","","OK","","",""
"4","daebam9.com","2020-05-06 19:31:47","2020-05-05","2020-05-05","2021-05-05","1489","Megazone Corp., dba HOSTING.KR","whois.hosting.kr","http://www.hosting.kr","jungwoosung","jungwoosung","83 Cheongsa-ro,  Seo-gu","Daejeon","","35205","Korea","woosungjung56@gmail.com","+82.20000000","","jungwoosung","jungwoosung","83 Cheongsa-ro,  Seo-gu","Daejeon","","35205","Korea","woosungjung56@gmail.com","+82.20000000","","jungwoosung","jungwoosung","83 Cheongsa-ro,  Seo-gu","Daejeon","","35205","Korea","woosungjung56@gmail.com","+82.20000000","","","","","","","","","","","","ns1.hosting.co.kr","ns2.hosting.co.kr","","","OK","","",""
"5","penart.net","2020-05-12 21:50:52","2020-05-10","2020-05-10","2021-05-10","1489","Megazone Corp., dba HOSTING.KR","whois.hosting.kr","http://www.hosting.kr","Lee Mira","Lee Mira","302 Ori-ro,  Gwangmyeong-si","Gyeonggi-do","","14203","Korea","m_ramax@naver.com","+82.220661440","","Lee Mira","Lee Mira","302 Ori-ro,  Gwangmyeong-si","Gyeonggi-do","","14203","Korea","m_ramax@naver.com","+82.220661440","","Lee Mira","Lee Mira","302 Ori-ro,  Gwangmyeong-si","Gyeonggi-do","","14203","Korea","m_ramax@naver.com","+82.220661440","","","","","","","","","","","","ns1.draghome.com","ns2.draghome.com","","","OK","","",""
"6","racenote.net","2020-05-12 21:50:43","2020-05-11","2020-05-11","2021-05-11","1489","Megazone Corp., dba HOSTING.KR","whois.hosting.kr","http://www.hosting.kr","Yun Tai Ung","Yun Tai Ung","740 Seongwang-ro Gunseo-myeon,  Okcheon-gun","Chungcheongbuk-do","","29058","Korea","loveyoucokr@gmail.com","+82.1024459365","","Yun Tai Ung","Yun Tai Ung","740 Seongwang-ro Gunseo-myeon,  Okcheon-gun","Chungcheongbuk-do","","29058","Korea","loveyoucokr@gmail.com","+82.1024459365","","Yun Tai Ung","Yun Tai Ung","740 Seongwang-ro Gunseo-myeon,  Okcheon-gun","Chungcheongbuk-do","","29058","Korea","loveyoucokr@gmail.com","+82.1024459365","","","","","","","","","","","","ns1.hosting.co.kr","ns2.hosting.co.kr","","","OK","","",""