"num","domain_name","query_time","create_date","update_date","expiry_date","domain_registrar_id","domain_registrar_name","domain_registrar_whois","domain_registrar_url","registrant_name","registrant_company","registrant_address","registrant_city","registrant_state","registrant_zip","registrant_country","registrant_email","registrant_phone","registrant_fax","administrative_name","administrative_company","administrative_address","administrative_city","administrative_state","administrative_zip","administrative_country","administrative_email","administrative_phone","administrative_fax","technical_name","technical_company","technical_address","technical_city","technical_state","technical_zip","technical_country","technical_email","technical_phone","technical_fax","billing_name","billing_company","billing_address","billing_city","billing_state","billing_zip","billing_country","billing_email","billing_phone","billing_fax","name_server_1","name_server_2","name_server_3","name_server_4","domain_status_1","domain_status_2","domain_status_3","domain_status_4"
"1","animal-videos.info","2020-05-12 01:43:14","2020-05-10","2020-05-10","2021-05-10","1557","Netowl, Inc.","whois.star-domain.jp","http://www.netowl.jp","XSERVER Inc.","XSERVER Inc.","","","Osaka","","Japan","","","","","","","","","","","","","","","","","","","","","","","","","","","","","","","","","","ns1.xserver.jp","ns2.xserver.jp","ns3.xserver.jp","ns4.xserver.jp","addPeriod","clientTransferProhibited","serverTransferProhibited",""
"2","bullianstyle.biz","2020-05-12 15:28:09","2020-05-11","2020-05-11","2021-05-11","1557","Netowl, Inc.","whois.star-domain.jp","http://www.netowl.jp","XSERVER Inc.","XSERVER Inc.","","","Osaka","","Japan","","","","","","","","","","","","","","","","","","","","","","","","","","","","","","","","","","ns1.xserver.jp","ns2.xserver.jp","ns3.xserver.jp","ns4.xserver.jp","addPeriod","clientTransferProhibited","",""
"3","dreamten.net","2020-05-12 21:49:23","2020-05-09","2020-05-09","2021-05-09","1557","Netowl, Inc.","whois.star-domain.jp","http://www.netowl.jp","Xserver XSERVER Inc.","XSERVER Inc.","GRAND FRONT OSAKA TOWER A 32F 4-20 Ofukacho, Kita-ku","Osaka","Osaka","5300011","Japan","info@xserver.co.jp","+81.662928811","","Xserver XSERVER Inc.","XSERVER Inc.","GRAND FRONT OSAKA TOWER A 32F 4-20 Ofukacho, Kita-ku","Osaka","Osaka","5300011","Japan","info@xserver.co.jp","+81.662928811","","Xserver XSERVER Inc.","XSERVER Inc.","GRAND FRONT OSAKA TOWER A 32F 4-20 Ofukacho, Kita-ku","Osaka","Osaka","5300011","Japan","info@xserver.co.jp","+81.662928811","","","","","","","","","","","","ns1.xserver.jp","ns2.xserver.jp","ns3.xserver.jp","ns4.xserver.jp","clientTransferProhibited","","",""
"4","ebisuseikotsuin.net","2020-05-12 21:48:35","2020-05-09","2020-05-09","2021-05-09","1557","Netowl, Inc.","whois.star-domain.jp","http://www.netowl.jp","Xserver XSERVER Inc.","XSERVER Inc.","GRAND FRONT OSAKA TOWER A 32F 4-20 Ofukacho, Kita-ku","Osaka","Osaka","5300011","Japan","info@xserver.co.jp","+81.662928811","","Xserver XSERVER Inc.","XSERVER Inc.","GRAND FRONT OSAKA TOWER A 32F 4-20 Ofukacho, Kita-ku","Osaka","Osaka","5300011","Japan","info@xserver.co.jp","+81.662928811","","Xserver XSERVER Inc.","XSERVER Inc.","GRAND FRONT OSAKA TOWER A 32F 4-20 Ofukacho, Kita-ku","Osaka","Osaka","5300011","Japan","info@xserver.co.jp","+81.662928811","","","","","","","","","","","","ns1.xserver.jp","ns2.xserver.jp","ns3.xserver.jp","ns4.xserver.jp","clientTransferProhibited","","",""
"5","ekoba.net","2020-05-12 21:48:17","2020-05-11","2020-05-11","2021-05-11","1557","Netowl, Inc.","whois.star-domain.jp","http://www.netowl.jp","Xserver XSERVER Inc.","XSERVER Inc.","GRAND FRONT OSAKA TOWER A 32F 4-20 Ofukacho, Kita-ku","Osaka","Osaka","5300011","Japan","info@xserver.co.jp","+81.662928811","","Xserver XSERVER Inc.","XSERVER Inc.","GRAND FRONT OSAKA TOWER A 32F 4-20 Ofukacho, Kita-ku","Osaka","Osaka","5300011","Japan","info@xserver.co.jp","+81.662928811","","Xserver XSERVER Inc.","XSERVER Inc.","GRAND FRONT OSAKA TOWER A 32F 4-20 Ofukacho, Kita-ku","Osaka","Osaka","5300011","Japan","info@xserver.co.jp","+81.662928811","","","","","","","","","","","","ns1.xserver.jp","ns2.xserver.jp","ns3.xserver.jp","ns4.xserver.jp","clientTransferProhibited","","",""
"6","enjoyvod.info","2020-05-12 04:36:21","2020-05-10","2020-05-10","2021-05-10","1557","Netowl, Inc.","whois.star-domain.jp","http://www.netowl.jp","XSERVER Inc.","XSERVER Inc.","","","Osaka","","Japan","","","","","","","","","","","","","","","","","","","","","","","","","","","","","","","","","","ns1.xserver.jp","ns2.xserver.jp","ns3.xserver.jp","ns4.xserver.jp","addPeriod","clientTransferProhibited","serverTransferProhibited",""
"7","fine-39.net","2020-05-12 21:47:52","2020-05-10","2020-05-10","2021-05-10","1557","Netowl, Inc.","whois.star-domain.jp","http://www.netowl.jp","Xserver XSERVER Inc.","XSERVER Inc.","GRAND FRONT OSAKA TOWER A 32F 4-20 Ofukacho, Kita-ku","Osaka","Osaka","5300011","Japan","info@xserver.co.jp","+81.662928811","","Xserver XSERVER Inc.","XSERVER Inc.","GRAND FRONT OSAKA TOWER A 32F 4-20 Ofukacho, Kita-ku","Osaka","Osaka","5300011","Japan","info@xserver.co.jp","+81.662928811","","Xserver XSERVER Inc.","XSERVER Inc.","GRAND FRONT OSAKA TOWER A 32F 4-20 Ofukacho, Kita-ku","Osaka","Osaka","5300011","Japan","info@xserver.co.jp","+81.662928811","","","","","","","","","","","","ns1.xserver.jp","ns2.xserver.jp","ns3.xserver.jp","ns4.xserver.jp","clientTransferProhibited","","",""
"8","flat-re.info","2020-05-12 05:07:46","2020-05-08","2020-05-08","2021-05-08","1557","Netowl, Inc.","whois.star-domain.jp","http://www.netowl.jp","XSERVER Inc.","XSERVER Inc.","","","Osaka","","Japan","","","","","","","","","","","","","","","","","","","","","","","","","","","","","","","","","","ns1.xserver.jp","ns2.xserver.jp","ns3.xserver.jp","ns4.xserver.jp","addPeriod","clientTransferProhibited","serverTransferProhibited",""
"9","flower-luce.info","2020-05-12 21:00:26","2020-05-11","2020-05-11","2021-05-11","1557","Netowl, Inc.","whois.star-domain.jp","http://www.netowl.jp","XSERVER Inc.","XSERVER Inc.","","","Osaka","","Japan","","","","","","","","","","","","","","","","","","","","","","","","","","","","","","","","","","ns1.xserver.jp","ns2.xserver.jp","ns3.xserver.jp","ns4.xserver.jp","addPeriod","clientTransferProhibited","serverTransferProhibited",""
"10","football-journey.net","2020-05-12 21:47:47","2020-05-09","2020-05-09","2021-05-09","1557","Netowl, Inc.","whois.star-domain.jp","http://www.netowl.jp","Xserver XSERVER Inc.","XSERVER Inc.","GRAND FRONT OSAKA TOWER A 32F 4-20 Ofukacho, Kita-ku","Osaka","Osaka","5300011","Japan","info@xserver.co.jp","+81.662928811","","Xserver XSERVER Inc.","XSERVER Inc.","GRAND FRONT OSAKA TOWER A 32F 4-20 Ofukacho, Kita-ku","Osaka","Osaka","5300011","Japan","info@xserver.co.jp","+81.662928811","","Xserver XSERVER Inc.","XSERVER Inc.","GRAND FRONT OSAKA TOWER A 32F 4-20 Ofukacho, Kita-ku","Osaka","Osaka","5300011","Japan","info@xserver.co.jp","+81.662928811","","","","","","","","","","","","ns1.xserver.jp","ns2.xserver.jp","ns3.xserver.jp","ns4.xserver.jp","clientTransferProhibited","","",""
"11","fu-ta.biz","2020-05-12 16:20:13","2020-05-08","2020-05-08","2021-05-08","1557","Netowl, Inc.","whois.star-domain.jp","http://www.netowl.jp","XSERVER Inc.","XSERVER Inc.","","","Osaka","","Japan","","","","","","","","","","","","","","","","","","","","","","","","","","","","","","","","","","ns1.xserver.jp","ns2.xserver.jp","ns3.xserver.jp","ns4.xserver.jp","addPeriod","clientTransferProhibited","",""
"12","gakutarack.net","2020-05-12 21:47:38","2020-05-10","2020-05-10","2021-05-10","1557","Netowl, Inc.","whois.star-domain.jp","http://www.netowl.jp","Star Domain","Netowl,Inc.","7F FIS Bldg., 403 Shimomaruya-cho, Nakagyo-ku","Kyoto","Kyoto","604-8006","Japan","whois@netowl.jp","+81.752568553","","Star Domain","Netowl,Inc.","7F FIS Bldg., 403 Shimomaruya-cho, Nakagyo-ku","Kyoto","Kyoto","604-8006","Japan","whois@netowl.jp","+81.752568553","","Star Domain","Netowl,Inc.","7F FIS Bldg., 403 Shimomaruya-cho, Nakagyo-ku","Kyoto","Kyoto","604-8006","Japan","whois@netowl.jp","+81.752568553","","","","","","","","","","","","ns1.star-domain.jp","ns2.star-domain.jp","ns3.star-domain.jp","","clientTransferProhibited","","",""
"13","gangimari.net","2020-05-12 21:47:37","2020-05-09","2020-05-09","2021-05-09","1557","Netowl, Inc.","whois.star-domain.jp","http://www.netowl.jp","Xserver XSERVER Inc.","XSERVER Inc.","GRAND FRONT OSAKA TOWER A 32F 4-20 Ofukacho, Kita-ku","Osaka","Osaka","5300011","Japan","info@xserver.co.jp","+81.662928811","","Xserver XSERVER Inc.","XSERVER Inc.","GRAND FRONT OSAKA TOWER A 32F 4-20 Ofukacho, Kita-ku","Osaka","Osaka","5300011","Japan","info@xserver.co.jp","+81.662928811","","Xserver XSERVER Inc.","XSERVER Inc.","GRAND FRONT OSAKA TOWER A 32F 4-20 Ofukacho, Kita-ku","Osaka","Osaka","5300011","Japan","info@xserver.co.jp","+81.662928811","","","","","","","","","","","","ns1.xserver.jp","ns2.xserver.jp","ns3.xserver.jp","ns4.xserver.jp","clientTransferProhibited","","",""
"14","keisenglish.biz","2020-05-12 16:57:00","2020-05-11","2020-05-11","2021-05-11","1557","Netowl, Inc.","whois.star-domain.jp","http://www.netowl.jp","XSERVER Inc.","XSERVER Inc.","","","Osaka","","Japan","","","","","","","","","","","","","","","","","","","","","","","","","","","","","","","","","","ns1.xserver.jp","ns2.xserver.jp","ns3.xserver.jp","ns4.xserver.jp","addPeriod","clientTransferProhibited","",""
"15","llls.info","2020-05-12 20:59:19","2020-05-11","2020-05-11","2021-05-11","1557","Netowl, Inc.","whois.star-domain.jp","http://www.netowl.jp","XSERVER Inc.","XSERVER Inc.","","","Osaka","","Japan","","","","","","","","","","","","","","","","","","","","","","","","","","","","","","","","","","ns1.xserver.jp","ns2.xserver.jp","ns3.xserver.jp","ns4.xserver.jp","addPeriod","clientTransferProhibited","serverTransferProhibited",""
"16","mm-site.info","2020-05-12 08:21:18","2020-05-09","2020-05-09","2021-05-09","1557","Netowl, Inc.","whois.star-domain.jp","http://www.netowl.jp","XSERVER Inc.","XSERVER Inc.","","","Osaka","","Japan","","","","","","","","","","","","","","","","","","","","","","","","","","","","","","","","","","ns1.xserver.jp","ns2.xserver.jp","ns3.xserver.jp","ns4.xserver.jp","addPeriod","clientTransferProhibited","serverTransferProhibited",""
"17","moejapan.info","2020-05-12 08:23:45","2020-05-10","2020-05-10","2021-05-10","1557","Netowl, Inc.","whois.star-domain.jp","http://www.netowl.jp","XSERVER Inc.","XSERVER Inc.","","","Osaka","","Japan","","","","","","","","","","","","","","","","","","","","","","","","","","","","","","","","","","ns1.wpx.ne.jp","ns2.wpx.ne.jp","ns3.wpx.ne.jp","","addPeriod","clientTransferProhibited","serverTransferProhibited",""
"18","pc-lemon.net","2020-05-12 21:50:56","2020-05-10","2020-05-10","2021-05-10","1557","Netowl, Inc.","whois.star-domain.jp","http://www.netowl.jp","Xserver XSERVER Inc.","XSERVER Inc.","GRAND FRONT OSAKA TOWER A 32F 4-20 Ofukacho, Kita-ku","Osaka","Osaka","5300011","Japan","info@xserver.co.jp","+81.662928811","","Xserver XSERVER Inc.","XSERVER Inc.","GRAND FRONT OSAKA TOWER A 32F 4-20 Ofukacho, Kita-ku","Osaka","Osaka","5300011","Japan","info@xserver.co.jp","+81.662928811","","Xserver XSERVER Inc.","XSERVER Inc.","GRAND FRONT OSAKA TOWER A 32F 4-20 Ofukacho, Kita-ku","Osaka","Osaka","5300011","Japan","info@xserver.co.jp","+81.662928811","","","","","","","","","","","","ns1.xserver.jp","ns2.xserver.jp","ns3.xserver.jp","ns4.xserver.jp","clientTransferProhibited","","",""
"19","pdras.info","2020-05-12 21:06:02","2020-05-08","2020-05-08","2021-05-08","1557","Netowl, Inc.","whois.star-domain.jp","http://www.netowl.jp","XSERVER Inc.","XSERVER Inc.","","","Osaka","","Japan","","","","","","","","","","","","","","","","","","","","","","","","","","","","","","","","","","ns1.xserver.jp","ns2.xserver.jp","ns3.xserver.jp","ns4.xserver.jp","addPeriod","clientTransferProhibited","serverTransferProhibited",""
"20","pothos51.net","2020-05-12 21:50:43","2020-05-11","2020-05-11","2021-05-11","1557","Netowl, Inc.","whois.star-domain.jp","http://www.netowl.jp","Xserver XSERVER Inc.","XSERVER Inc.","GRAND FRONT OSAKA TOWER A 32F 4-20 Ofukacho, Kita-ku","Osaka","Osaka","5300011","Japan","info@xserver.co.jp","+81.662928811","","Xserver XSERVER Inc.","XSERVER Inc.","GRAND FRONT OSAKA TOWER A 32F 4-20 Ofukacho, Kita-ku","Osaka","Osaka","5300011","Japan","info@xserver.co.jp","+81.662928811","","Xserver XSERVER Inc.","XSERVER Inc.","GRAND FRONT OSAKA TOWER A 32F 4-20 Ofukacho, Kita-ku","Osaka","Osaka","5300011","Japan","info@xserver.co.jp","+81.662928811","","","","","","","","","","","","ns1.xserver.jp","ns2.xserver.jp","ns3.xserver.jp","ns4.xserver.jp","clientTransferProhibited","","",""
"21","rainroad.net","2020-05-12 21:50:28","2020-05-09","2020-05-09","2021-05-09","1557","Netowl, Inc.","whois.star-domain.jp","http://www.netowl.jp","Xserver XSERVER Inc.","XSERVER Inc.","GRAND FRONT OSAKA TOWER A 32F 4-20 Ofukacho, Kita-ku","Osaka","Osaka","5300011","Japan","info@xserver.co.jp","+81.662928811","","Xserver XSERVER Inc.","XSERVER Inc.","GRAND FRONT OSAKA TOWER A 32F 4-20 Ofukacho, Kita-ku","Osaka","Osaka","5300011","Japan","info@xserver.co.jp","+81.662928811","","Xserver XSERVER Inc.","XSERVER Inc.","GRAND FRONT OSAKA TOWER A 32F 4-20 Ofukacho, Kita-ku","Osaka","Osaka","5300011","Japan","info@xserver.co.jp","+81.662928811","","","","","","","","","","","","ns1.xserver.jp","ns2.xserver.jp","ns3.xserver.jp","ns4.xserver.jp","clientTransferProhibited","","",""
"22","ri-sun.net","2020-05-12 21:50:19","2020-05-09","2020-05-09","2021-05-09","1557","Netowl, Inc.","whois.star-domain.jp","http://www.netowl.jp","Xserver XSERVER Inc.","XSERVER Inc.","GRAND FRONT OSAKA TOWER A 32F 4-20 Ofukacho, Kita-ku","Osaka","Osaka","5300011","Japan","info@xserver.co.jp","+81.662928811","","Xserver XSERVER Inc.","XSERVER Inc.","GRAND FRONT OSAKA TOWER A 32F 4-20 Ofukacho, Kita-ku","Osaka","Osaka","5300011","Japan","info@xserver.co.jp","+81.662928811","","Xserver XSERVER Inc.","XSERVER Inc.","GRAND FRONT OSAKA TOWER A 32F 4-20 Ofukacho, Kita-ku","Osaka","Osaka","5300011","Japan","info@xserver.co.jp","+81.662928811","","","","","","","","","","","","ns1.xserver.jp","ns2.xserver.jp","ns3.xserver.jp","ns4.xserver.jp","clientTransferProhibited","","",""
"23","road2resurrection.net","2020-05-12 21:50:17","2020-05-09","2020-05-09","2021-05-09","1557","Netowl, Inc.","whois.star-domain.jp","http://www.netowl.jp","wpX XSERVER Inc.","XSERVER Inc.","GRAND FRONT OSAKA TOWER A 32F 4-20 Ofukacho, Kita-ku","Osaka","Osaka","5300011","Japan","info@xserver.co.jp","+81.662928811","","wpX XSERVER Inc.","XSERVER Inc.","GRAND FRONT OSAKA TOWER A 32F 4-20 Ofukacho, Kita-ku","Osaka","Osaka","5300011","Japan","info@xserver.co.jp","+81.662928811","","wpX XSERVER Inc.","XSERVER Inc.","GRAND FRONT OSAKA TOWER A 32F 4-20 Ofukacho, Kita-ku","Osaka","Osaka","5300011","Japan","info@xserver.co.jp","+81.662928811","","","","","","","","","","","","ns1.wpx.ne.jp","ns2.wpx.ne.jp","ns3.wpx.ne.jp","","clientTransferProhibited","","",""
"24","rukitarot.net","2020-05-12 21:50:13","2020-05-08","2020-05-08","2021-05-08","1557","Netowl, Inc.","whois.star-domain.jp","http://www.netowl.jp","Xserver XSERVER Inc.","XSERVER Inc.","GRAND FRONT OSAKA TOWER A 32F 4-20 Ofukacho, Kita-ku","Osaka","Osaka","5300011","Japan","info@xserver.co.jp","+81.662928811","","Xserver XSERVER Inc.","XSERVER Inc.","GRAND FRONT OSAKA TOWER A 32F 4-20 Ofukacho, Kita-ku","Osaka","Osaka","5300011","Japan","info@xserver.co.jp","+81.662928811","","Xserver XSERVER Inc.","XSERVER Inc.","GRAND FRONT OSAKA TOWER A 32F 4-20 Ofukacho, Kita-ku","Osaka","Osaka","5300011","Japan","info@xserver.co.jp","+81.662928811","","","","","","","","","","","","ns1.xserver.jp","ns2.xserver.jp","ns3.xserver.jp","ns4.xserver.jp","clientTransferProhibited","","",""
"25","s-chat.net","2020-05-12 21:50:13","2020-05-09","2020-05-09","2021-05-09","1557","Netowl, Inc.","whois.star-domain.jp","http://www.netowl.jp","Xserver XSERVER Inc.","XSERVER Inc.","GRAND FRONT OSAKA TOWER A 32F 4-20 Ofukacho, Kita-ku","Osaka","Osaka","5300011","Japan","info@xserver.co.jp","+81.662928811","","Xserver XSERVER Inc.","XSERVER Inc.","GRAND FRONT OSAKA TOWER A 32F 4-20 Ofukacho, Kita-ku","Osaka","Osaka","5300011","Japan","info@xserver.co.jp","+81.662928811","","Xserver XSERVER Inc.","XSERVER Inc.","GRAND FRONT OSAKA TOWER A 32F 4-20 Ofukacho, Kita-ku","Osaka","Osaka","5300011","Japan","info@xserver.co.jp","+81.662928811","","","","","","","","","","","","ns1.xserver.jp","ns2.xserver.jp","ns3.xserver.jp","ns4.xserver.jp","clientTransferProhibited","","",""
"26","sightenovel.net","2020-05-12 21:49:52","2020-05-10","2020-05-10","2021-05-10","1557","Netowl, Inc.","whois.star-domain.jp","http://www.netowl.jp","Xserver XSERVER Inc.","XSERVER Inc.","GRAND FRONT OSAKA TOWER A 32F 4-20 Ofukacho, Kita-ku","Osaka","Osaka","5300011","Japan","info@xserver.co.jp","+81.662928811","","Xserver XSERVER Inc.","XSERVER Inc.","GRAND FRONT OSAKA TOWER A 32F 4-20 Ofukacho, Kita-ku","Osaka","Osaka","5300011","Japan","info@xserver.co.jp","+81.662928811","","Xserver XSERVER Inc.","XSERVER Inc.","GRAND FRONT OSAKA TOWER A 32F 4-20 Ofukacho, Kita-ku","Osaka","Osaka","5300011","Japan","info@xserver.co.jp","+81.662928811","","","","","","","","","","","","ns1.xserver.jp","ns2.xserver.jp","ns3.xserver.jp","ns4.xserver.jp","clientTransferProhibited","","",""
"27","sikakuzake.net","2020-05-12 21:49:51","2020-05-10","2020-05-10","2021-05-10","1557","Netowl, Inc.","whois.star-domain.jp","http://www.netowl.jp","Xserver XSERVER Inc.","XSERVER Inc.","GRAND FRONT OSAKA TOWER A 32F 4-20 Ofukacho, Kita-ku","Osaka","Osaka","5300011","Japan","info@xserver.co.jp","+81.662928811","","Xserver XSERVER Inc.","XSERVER Inc.","GRAND FRONT OSAKA TOWER A 32F 4-20 Ofukacho, Kita-ku","Osaka","Osaka","5300011","Japan","info@xserver.co.jp","+81.662928811","","Xserver XSERVER Inc.","XSERVER Inc.","GRAND FRONT OSAKA TOWER A 32F 4-20 Ofukacho, Kita-ku","Osaka","Osaka","5300011","Japan","info@xserver.co.jp","+81.662928811","","","","","","","","","","","","ns1.xserver.jp","ns2.xserver.jp","ns3.xserver.jp","ns4.xserver.jp","clientTransferProhibited","","",""
"28","yugurenote.info","2020-05-12 21:02:10","2020-05-11","2020-05-11","2021-05-11","1557","Netowl, Inc.","whois.star-domain.jp","http://www.netowl.jp","Netowl,Inc.","Netowl,Inc.","","","Kyoto","","Japan","","","","","","","","","","","","","","","","","","","","","","","","","","","","","","","","","","ns1.star-domain.jp","ns2.star-domain.jp","ns3.star-domain.jp","","addPeriod","clientTransferProhibited","serverTransferProhibited",""