"num","domain_name","query_time","create_date","update_date","expiry_date","domain_registrar_id","domain_registrar_name","domain_registrar_whois","domain_registrar_url","registrant_name","registrant_company","registrant_address","registrant_city","registrant_state","registrant_zip","registrant_country","registrant_email","registrant_phone","registrant_fax","administrative_name","administrative_company","administrative_address","administrative_city","administrative_state","administrative_zip","administrative_country","administrative_email","administrative_phone","administrative_fax","technical_name","technical_company","technical_address","technical_city","technical_state","technical_zip","technical_country","technical_email","technical_phone","technical_fax","billing_name","billing_company","billing_address","billing_city","billing_state","billing_zip","billing_country","billing_email","billing_phone","billing_fax","name_server_1","name_server_2","name_server_3","name_server_4","domain_status_1","domain_status_2","domain_status_3","domain_status_4"
"1","grandhyattistanbul.info","2020-05-12 05:42:06","2020-05-08","","2021-05-08","1454","Nics Telekomünikasyon Ticaret Ltd. Şti.","whois.nicproxy.com","http://www.nicproxy.com","Goktrans Turizm Ve Ticaret A.S","Goktrans Turizm Ve Ticaret A.S","","","Sariyer","","Turkey","","","","","","","","","","","","","","","","","","","","","","","","","","","","","","","","","","ns1.natrohost.com","ns2.natrohost.com","","","addPeriod","serverTransferProhibited","",""
"2","kolndinhizmetleri.info","2020-05-12 20:59:23","2020-05-10","","2021-05-10","1454","Nics Telekomünikasyon Ticaret Ltd. Şti.","whois.nicproxy.com","http://www.nicproxy.com","Onur  Tepegoz","Onur  Tepegoz","","","Etimesgut","","Turkey","","","","","","","","","","","","","","","","","","","","","","","","","","","","","","","","","","ns1.natrohost.com","ns2.natrohost.com","","","addPeriod","serverTransferProhibited","",""
"3","mediclust.info","2020-05-12 20:59:15","2020-05-11","","2021-05-11","1454","Nics Telekomünikasyon Ticaret Ltd. Şti.","whois.nicproxy.com","http://www.nicproxy.com","Eren Bostan","Eren Bostan","","","Maslak","","Turkey","","","","","","","","","","","","","","","","","","","","","","","","","","","","","","","","","","ns1.natrohost.com","ns2.natrohost.com","","","addPeriod","serverTransferProhibited","",""
"4","petronist.info","2020-05-12 21:05:59","2020-05-11","","2021-05-11","1454","Nics Telekomünikasyon Ticaret Ltd. Şti.","whois.nicproxy.com","http://www.nicproxy.com","Alize Reklam Ajansi","Alize Reklam Ajansi","","","Meram","","Turkey","","","","","","","","","","","","","","","","","","","","","","","","","","","","","","","","","","ns1.alizereklam.com","ns2.alizereklam.com","","","addPeriod","serverTransferProhibited","",""
"5","resul.info","2020-05-12 21:04:26","2020-05-09","2020-05-09","2021-05-09","1454","Nics Telekomünikasyon Ticaret Ltd. Şti.","whois.nicproxy.com","http://www.nicproxy.com","Resul  Coskun","Resul  Coskun","","","Sisli","","Turkey","","","","","","","","","","","","","","","","","","","","","","","","","","","","","","","","","","dns1.yandex.net","dns2.yandex.net","","","addPeriod","serverTransferProhibited","",""