"num","domain_name","query_time","create_date","update_date","expiry_date","domain_registrar_id","domain_registrar_name","domain_registrar_whois","domain_registrar_url","registrant_name","registrant_company","registrant_address","registrant_city","registrant_state","registrant_zip","registrant_country","registrant_email","registrant_phone","registrant_fax","administrative_name","administrative_company","administrative_address","administrative_city","administrative_state","administrative_zip","administrative_country","administrative_email","administrative_phone","administrative_fax","technical_name","technical_company","technical_address","technical_city","technical_state","technical_zip","technical_country","technical_email","technical_phone","technical_fax","billing_name","billing_company","billing_address","billing_city","billing_state","billing_zip","billing_country","billing_email","billing_phone","billing_fax","name_server_1","name_server_2","name_server_3","name_server_4","domain_status_1","domain_status_2","domain_status_3","domain_status_4"
"1","calland.biz","2020-05-12 15:37:16","2020-05-08","","2021-05-08","82","OnlineNIC, Inc.","whois.onlinenic.com","http://www.onlinenic.com","Lisova V. V.","Lisova V. V.","","","Chernihivska","","Ukraine","","","","","","","","","","","","","","","","","","","","","","","","","","","","","","","","","","ns1.controlpanel.host","ns3.controlpanel.host","","","addPeriod","ok","",""
"2","eventfit.net","2020-05-12 21:48:15","2020-05-09","2020-05-09","2021-05-09","82","OnlineNIC, Inc.","whois.onlinenic.com","http://www.onlinenic.com","SEOYEONSYSTEMS Co., Ltd.","SEOYEONSYSTEMS Co., Ltd.","130, Gwangnaru-ro, Seongdong-gu, Seoul, Korea","Seoul","Seongdong-gu","04788","Korea","weblwh@gmail.com","+82.264067341","+82.5059494318","SEOYEONSYSTEMS Co., Ltd.","SEOYEONSYSTEMS Co., Ltd.","130, Gwangnaru-ro, Seongdong-gu, Seoul, Korea","Seoul","Seongdong-gu","04788","Korea","weblwh@gmail.com","+82.264067341","+82.5059494318","SEOYEONSYSTEMS Co., Ltd.","SEOYEONSYSTEMS Co., Ltd.","130, Gwangnaru-ro, Seongdong-gu, Seoul, Korea","Seoul","Seongdong-gu","04788","Korea","weblwh@gmail.com","+82.264067341","+82.5059494318","","","","","","","","","","","ns1.nanuminet.com","ns2.nanuminet.com","ns3.nanuminet.com","ns4.nanuminet.com","clientTransferProhibited","","",""
"3","ideacasa.pro","2020-05-12 22:47:37","2020-05-11","","2021-05-11","82","OnlineNIC, Inc.","whois.onlinenic.com","http://www.onlinenic.com","Idea Casa Immobiliare s.r.l.","Idea Casa Immobiliare s.r.l.","","","Modena","","Italy","","","","","","","","","","","","","","","","","","","","","","","","","","","","","","","","","","ns1.ermione.com","ns1.scarpari.com","","","addPeriod","serverTransferProhibited","",""
"4","m22plus.pro","2020-05-12 18:47:50","2020-05-10","","2021-05-10","82","OnlineNIC, Inc.","whois.onlinenic.com","http://www.onlinenic.com","DCIG.NET","DCIG.NET","","","dubai","","United States","","","","","","","","","","","","","","","","","","","","","","","","","","","","","","","","","","hank.ns.cloudflare.com","lily.ns.cloudflare.com","","","addPeriod","serverTransferProhibited","",""
"5","m33plus.pro","2020-05-12 18:47:50","2020-05-10","","2021-05-10","82","OnlineNIC, Inc.","whois.onlinenic.com","http://www.onlinenic.com","DCIG.NET","DCIG.NET","","","dubai","","United States","","","","","","","","","","","","","","","","","","","","","","","","","","","","","","","","","","hank.ns.cloudflare.com","lily.ns.cloudflare.com","","","addPeriod","serverTransferProhibited","",""
"6","m55plus.pro","2020-05-12 18:47:50","2020-05-10","","2021-05-10","82","OnlineNIC, Inc.","whois.onlinenic.com","http://www.onlinenic.com","DCIG.NET","DCIG.NET","","","dubai","","United States","","","","","","","","","","","","","","","","","","","","","","","","","","","","","","","","","","hank.ns.cloudflare.com","lily.ns.cloudflare.com","","","addPeriod","serverTransferProhibited","",""
"7","m77plus.pro","2020-05-12 18:47:50","2020-05-10","","2021-05-10","82","OnlineNIC, Inc.","whois.onlinenic.com","http://www.onlinenic.com","DCIG.NET","DCIG.NET","","","dubai","","United States","","","","","","","","","","","","","","","","","","","","","","","","","","","","","","","","","","hank.ns.cloudflare.com","lily.ns.cloudflare.com","","","addPeriod","serverTransferProhibited","",""
"8","m99plus.pro","2020-05-12 18:47:50","2020-05-10","","2021-05-10","82","OnlineNIC, Inc.","whois.onlinenic.com","http://www.onlinenic.com","DCIG.NET","DCIG.NET","","","dubai","","United States","","","","","","","","","","","","","","","","","","","","","","","","","","","","","","","","","","hank.ns.cloudflare.com","lily.ns.cloudflare.com","","","addPeriod","serverTransferProhibited","",""
"9","mihansub.info","2020-05-12 20:59:16","2020-05-08","2020-05-09","2021-05-08","82","OnlineNIC, Inc.","whois.onlinenic.com","http://www.onlinenic.com","NicAgent","NicAgent","","","PECS","","Hungary","","","","","","","","","","","","","","","","","","","","","","","","","","","","","","","","","","ns207.mihanwebhost.com","ns208.mihanwebhost.com","","","addPeriod","serverTransferProhibited","",""
"10","mrprogrammer.info","2020-05-12 08:30:05","2020-05-08","","2021-05-08","82","OnlineNIC, Inc.","whois.onlinenic.com","http://www.onlinenic.com","NicAgent","NicAgent","","","PECS","","Hungary","","","","","","","","","","","","","","","","","","","","","","","","","","","","","","","","","","ns339.mihanwebhost.com","ns340.mihanwebhost.com","","","addPeriod","serverTransferProhibited","",""
"11","myp22.pro","2020-05-12 18:55:07","2020-05-10","","2021-05-10","82","OnlineNIC, Inc.","whois.onlinenic.com","http://www.onlinenic.com","Domain ID Shield Service CO., Limited","Domain ID Shield Service CO., Limited","","","Hong Kong","","Hong Kong","","","","","","","","","","","","","","","","","","","","","","","","","","","","","","","","","","hank.ns.cloudflare.com","lily.ns.cloudflare.com","","","addPeriod","serverTransferProhibited","",""
"12","myp33.pro","2020-05-12 18:55:07","2020-05-10","","2021-05-10","82","OnlineNIC, Inc.","whois.onlinenic.com","http://www.onlinenic.com","Domain ID Shield Service CO., Limited","Domain ID Shield Service CO., Limited","","","Hong Kong","","Hong Kong","","","","","","","","","","","","","","","","","","","","","","","","","","","","","","","","","","hank.ns.cloudflare.com","lily.ns.cloudflare.com","","","addPeriod","serverTransferProhibited","",""
"13","myp55.pro","2020-05-12 18:55:35","2020-05-10","","2021-05-10","82","OnlineNIC, Inc.","whois.onlinenic.com","http://www.onlinenic.com","Domain ID Shield Service CO., Limited","Domain ID Shield Service CO., Limited","","","Hong Kong","","Hong Kong","","","","","","","","","","","","","","","","","","","","","","","","","","","","","","","","","","hank.ns.cloudflare.com","lily.ns.cloudflare.com","","","addPeriod","serverTransferProhibited","",""
"14","myp77.pro","2020-05-12 22:47:35","2020-05-10","","2021-05-10","82","OnlineNIC, Inc.","whois.onlinenic.com","http://www.onlinenic.com","Domain ID Shield Service CO., Limited","Domain ID Shield Service CO., Limited","","","Hong Kong","","Hong Kong","","","","","","","","","","","","","","","","","","","","","","","","","","","","","","","","","","hank.ns.cloudflare.com","lily.ns.cloudflare.com","","","addPeriod","serverTransferProhibited","",""
"15","myp99.pro","2020-05-12 22:47:34","2020-05-10","","2021-05-10","82","OnlineNIC, Inc.","whois.onlinenic.com","http://www.onlinenic.com","Domain ID Shield Service CO., Limited","Domain ID Shield Service CO., Limited","","","Hong Kong","","Hong Kong","","","","","","","","","","","","","","","","","","","","","","","","","","","","","","","","","","hank.ns.cloudflare.com","lily.ns.cloudflare.com","","","addPeriod","serverTransferProhibited","",""
"16","servriton.com","2020-05-12 05:37:28","2020-05-11","2020-05-11","2021-05-11","82","OnlineNIC, Inc.","whois.onlinenic.com","http://www.onlinenic.com","","","","","","A6A 6A6","Canada","sh.aslani7@gmail.com","+1.6475479000","+1.6475479000","","","","","","A6A 6A6","Canada","sh.aslani7@gmail.com","+1.6475479000","+1.6475479000","","","","","","A6A 6A6","Canada","sh.aslani7@gmail.com","+1.6475479000","+1.6475479000","","","","","","","","","","","ns6.morvahost.com","ns7.morvahost.com","","","clientTransferProhibited","","",""
"17","servritonpardis.com","2020-05-12 05:37:30","2020-05-11","2020-05-11","2021-05-11","82","OnlineNIC, Inc.","whois.onlinenic.com","http://www.onlinenic.com","","","","","","A6A 6A6","Canada","sh.aslani7@gmail.com","+1.6475479000","+1.6475479000","","","","","","A6A 6A6","Canada","sh.aslani7@gmail.com","+1.6475479000","+1.6475479000","","","","","","A6A 6A6","Canada","sh.aslani7@gmail.com","+1.6475479000","+1.6475479000","","","","","","","","","","","ns8.morvahost.com","ns9.morvahost.com","","","clientTransferProhibited","","",""
"18","studiohaghighat.com","2020-05-12 05:37:35","2020-05-11","2020-05-11","2021-05-11","82","OnlineNIC, Inc.","whois.onlinenic.com","http://www.onlinenic.com","","","","","","A6A 6A6","Canada","peyman.alimardani@yahoo.com","+1.6475479000","+1.6475479000","","","","","","A6A 6A6","Canada","peyman.alimardani@yahoo.com","+1.6475479000","+1.6475479000","","","","","","A6A 6A6","Canada","peyman.alimardani@yahoo.com","+1.6475479000","+1.6475479000","","","","","","","","","","","ns1.behtarinkharid.com","ns2.behtarinkharid.com","","","clientTransferProhibited","","",""
"19","vespuccipartners.info","2020-05-12 21:02:23","2020-05-10","","2021-05-10","82","OnlineNIC, Inc.","whois.onlinenic.com","http://www.onlinenic.com","Macher Peter","Macher Peter","","","Fejer megye","","Hungary","","","","","","","","","","","","","","","","","","","","","","","","","","","","","","","","","","ns.tns1.eu","ns.tns2.eu","","","addPeriod","serverTransferProhibited","",""