"num","domain_name","query_time","create_date","update_date","expiry_date","domain_registrar_id","domain_registrar_name","domain_registrar_whois","domain_registrar_url","registrant_name","registrant_company","registrant_address","registrant_city","registrant_state","registrant_zip","registrant_country","registrant_email","registrant_phone","registrant_fax","administrative_name","administrative_company","administrative_address","administrative_city","administrative_state","administrative_zip","administrative_country","administrative_email","administrative_phone","administrative_fax","technical_name","technical_company","technical_address","technical_city","technical_state","technical_zip","technical_country","technical_email","technical_phone","technical_fax","billing_name","billing_company","billing_address","billing_city","billing_state","billing_zip","billing_country","billing_email","billing_phone","billing_fax","name_server_1","name_server_2","name_server_3","name_server_4","domain_status_1","domain_status_2","domain_status_3","domain_status_4"
"1","extendvisa.net","2020-05-12 21:47:59","2020-05-09","2020-05-09","2021-05-09","1649","P.A. Viet Nam Company Limited","whois.pavietnam.vn","http://www.pavietnam.vn","CONG TY TNHH TU VAN LUAT BISTAX","","20 Truong Sa, Phuong 17, Quan Binh Thanh","TP HCM","","700000","Vietnam","bistaxlawfirm@gmail.com","+84.2835101088","","TRAN VAN QUAN","","228B Bach Dang, Phuong 24, Quan Binh Thanh","TP HCM","","700000","Vietnam","bistaxlawfirm@gmail.com","+84.985077760","","TRAN VAN QUAN","","228B Bach Dang, Phuong 24, Quan Binh Thanh","TP HCM","","700000","Vietnam","bistaxlawfirm@gmail.com","+84.985077760","","","","","","","","","","","","ns1.pavietnam.vn","ns2.pavietnam.vndnssec","nsbak.pavietnam.net","","clientTransferProhibited","","",""
"2","foodhubmart.net","2020-05-12 21:47:47","2020-05-09","2020-05-09","2021-05-09","1649","P.A. Viet Nam Company Limited","whois.pavietnam.vn","http://www.pavietnam.vn","Domain Admin","Domain Whois Protection Service","196 Nguyen Dinh Chieu, Ward 6, District 3","HCM","","700000","Vietnam","protected@domainwhoisprotect.net","+84.19009477","+84.862906480","Domain Admin","Domain Whois Protection Service","196 Nguyen Dinh Chieu, Ward 6, District 3","HCM","","700000","Vietnam","protected@domainwhoisprotect.net","+84.19009477","+84.862906480","Domain Admin","Domain Whois Protection Service","196 Nguyen Dinh Chieu, Ward 6, District 3","HCM","","700000","Vietnam","protected@domainwhoisprotect.net","+84.19009477","+84.862906480","","","","","","","","","","","ns1.webplus.com.vn","ns2.webplus.com.vndnssec","","","Abuse","Contact","clientTransferProhibited",""
"3","mkids.info","2020-05-12 20:59:14","2020-05-11","2020-05-12","2021-05-11","1649","P.A. Viet Nam Company Limited","whois.pavietnam.vn","http://www.pavietnam.vn","Lam Phu Si","Lam Phu Si","","","TP HCM","","Vietnam","","","","","","","","","","","","","","","","","","","","","","","","","","","","","","","","","","ns1.pavietnam.vn","ns2.pavietnam.vn","nsbak.pavietnam.net","","addPeriod","clientTransferProhibited","serverTransferProhibited",""
"4","mu97.info","2020-05-12 20:59:14","2020-05-11","2020-05-11","2021-05-11","1649","P.A. Viet Nam Company Limited","whois.pavietnam.vn","http://www.pavietnam.vn","Nguyen Thanh Cong","Nguyen Thanh Cong","","","TP HCM","","Vietnam","","","","","","","","","","","","","","","","","","","","","","","","","","","","","","","","","","ns1.pavietnam.vn","ns2.pavietnam.vn","nsbak.pavietnam.net","","addPeriod","clientTransferProhibited","serverTransferProhibited",""
"5","nhadatvietnam.info","2020-05-12 08:52:13","2020-05-08","2020-05-08","2021-05-08","1649","P.A. Viet Nam Company Limited","whois.pavietnam.vn","http://www.pavietnam.vn","Cong ty Co Phan Duoc pham Dat Vi Phu","Cong ty Co Phan Duoc pham Dat Vi Phu","","","HCM","","Vietnam","","","","","","","","","","","","","","","","","","","","","","","","","","","","","","","","","","ns1.pavietnam.vn","ns2.pavietnam.vn","nsbak.pavietnam.net","","addPeriod","clientTransferProhibited","serverTransferProhibited",""
"6","photocopynhatrang.net","2020-05-12 21:50:50","2020-05-09","2020-05-09","2021-05-09","1649","P.A. Viet Nam Company Limited","whois.pavietnam.vn","http://www.pavietnam.vn","Domain Admin","Domain Whois Protection Service","196 Nguyen Dinh Chieu, Ward 6, District 3","HCM","","700000","Vietnam","protected@domainwhoisprotect.net","+84.19009477","+84.862906480","Domain Admin","Domain Whois Protection Service","196 Nguyen Dinh Chieu, Ward 6, District 3","HCM","","700000","Vietnam","protected@domainwhoisprotect.net","+84.19009477","+84.862906480","Domain Admin","Domain Whois Protection Service","196 Nguyen Dinh Chieu, Ward 6, District 3","HCM","","700000","Vietnam","protected@domainwhoisprotect.net","+84.19009477","+84.862906480","","","","","","","","","","","ns1.pavietnam.vn","ns2.pavietnam.vndnssec","nsbak.pavietnam.net","","Abuse","Contact","clientTransferProhibited",""
"7","photovn.net","2020-05-12 21:50:50","2020-05-09","2020-05-09","2021-05-09","1649","P.A. Viet Nam Company Limited","whois.pavietnam.vn","http://www.pavietnam.vn","Tran Van Kien","","Thon Co Phap, Xa Cong Hoa, Huyen Nam Sach","Hai Duong","","170000","Vietnam","vipkongtu@gmail.com","+84.378280045","","Tran Van Kien","","Thon Co Phap, Xa Cong Hoa, Huyen Nam Sach","Hai Duong","","170000","Vietnam","vipkongtu@gmail.com","+84.378280045","","Tran Van Kien","","Thon Co Phap, Xa Cong Hoa, Huyen Nam Sach","Hai Duong","","170000","Vietnam","vipkongtu@gmail.com","+84.378280045","","","","","","","","","","","","ns1.pavietnam.vn","ns2.pavietnam.vndnssec","nsbak.pavietnam.net","","clientTransferProhibited","","",""
"8","phumyhungcity.info","2020-05-12 21:05:54","2020-05-11","2020-05-11","2021-05-11","1649","P.A. Viet Nam Company Limited","whois.pavietnam.vn","http://www.pavietnam.vn","CONG TY TNHH ICOLINK MANAGEMENT","CONG TY TNHH ICOLINK MANAGEMENT","","","TP HCM","","Vietnam","","","","","","","","","","","","","","","","","","","","","","","","","","","","","","","","","","ns1.pavietnam.vn","ns2.pavietnam.vn","nsbak.pavietnam.net","","addPeriod","clientTransferProhibited","serverTransferProhibited",""
"9","saigongardenvillage.net","2020-05-12 21:50:11","2020-05-09","2020-05-09","2021-05-09","1649","P.A. Viet Nam Company Limited","whois.pavietnam.vn","http://www.pavietnam.vn","Domain Admin","Domain Whois Protection Service","196 Nguyen Dinh Chieu, Ward 6, District 3","HCM","","700000","Vietnam","protected@domainwhoisprotect.net","+84.19009477","+84.862906480","Domain Admin","Domain Whois Protection Service","196 Nguyen Dinh Chieu, Ward 6, District 3","HCM","","700000","Vietnam","protected@domainwhoisprotect.net","+84.19009477","+84.862906480","Domain Admin","Domain Whois Protection Service","196 Nguyen Dinh Chieu, Ward 6, District 3","HCM","","700000","Vietnam","protected@domainwhoisprotect.net","+84.19009477","+84.862906480","","","","","","","","","","","ns1.dotvndns.vn","ns2.dotvndns.vndnssec","nsbak.dotvndns.com","","Abuse","Contact","clientTransferProhibited",""
"10","sxmb.pro","2020-05-12 19:05:07","2020-05-10","2020-05-10","2021-05-10","1649","P.A. Viet Nam Company Limited","whois.pavietnam.vn","http://www.pavietnam.vn","Ngo Van Duong","Ngo Van Duong","","","Nghe An","","Vietnam","","","","","","","","","","","","","","","","","","","","","","","","","","","","","","","","","","ns1.pavietnam.vn","ns2.pavietnam.vn","nsbak.pavietnam.net","","addPeriod","clientTransferProhibited","serverTransferProhibited",""