"num","domain_name","query_time","create_date","update_date","expiry_date","domain_registrar_id","domain_registrar_name","domain_registrar_whois","domain_registrar_url","registrant_name","registrant_company","registrant_address","registrant_city","registrant_state","registrant_zip","registrant_country","registrant_email","registrant_phone","registrant_fax","administrative_name","administrative_company","administrative_address","administrative_city","administrative_state","administrative_zip","administrative_country","administrative_email","administrative_phone","administrative_fax","technical_name","technical_company","technical_address","technical_city","technical_state","technical_zip","technical_country","technical_email","technical_phone","technical_fax","billing_name","billing_company","billing_address","billing_city","billing_state","billing_zip","billing_country","billing_email","billing_phone","billing_fax","name_server_1","name_server_2","name_server_3","name_server_4","domain_status_1","domain_status_2","domain_status_3","domain_status_4"
"1","easyhealth.biz","2020-05-12 16:04:42","2020-05-09","2020-05-09","2021-05-09","168","Register.it SPA","whois.register.it","http://we.register.it","GLOBAL DOMAIN PRIVACY","GLOBAL DOMAIN PRIVACY","","","BG","","Italy","","","","","","","","","","","","","","","","","","","","","","","","","","","","","","","","","","ns0.phase8.net","ns1.phase8.net","ns2.phase8.net","","addPeriod","clientDeleteProhibited","clientTransferProhibited","clientUpdateProhibited"
"2","eveloparis.net","2020-05-12 21:48:01","2020-05-10","2020-05-10","2021-05-10","168","Register.it SPA","whois.register.it","http://we.register.it","REDACTED FOR PRIVACY","REDACTED FOR PRIVACY","REDACTED FOR PRIVACY","REDACTED FOR PRIVACY","Hauts-de-Seine","REDACTED FOR PRIVACY","France","","REDACTED.FORPRIVACY","REDACTED.FORPRIVACY","REDACTED FOR PRIVACY","REDACTED FOR PRIVACY","REDACTED FOR PRIVACY","REDACTED FOR PRIVACY","Hauts-de-Seine","REDACTED FOR PRIVACY","France","","REDACTED.FORPRIVACY","REDACTED.FORPRIVACY","REDACTED FOR PRIVACY","REDACTED FOR PRIVACY","REDACTED FOR PRIVACY","REDACTED FOR PRIVACY","Paris","REDACTED FOR PRIVACY","France","","REDACTED.FORPRIVACY","REDACTED.FORPRIVACY","","","","","","","","","","","ns1.amenworld.com","ns2.amenworld.com","","","OK","","",""
"3","eventidigitali.net","2020-05-12 21:48:01","2020-05-08","2020-05-08","2021-05-08","168","Register.it SPA","whois.register.it","http://we.register.it","REDACTED FOR PRIVACY","REDACTED FOR PRIVACY","REDACTED FOR PRIVACY","REDACTED FOR PRIVACY","RM","REDACTED FOR PRIVACY","Italy","","REDACTED.FORPRIVACY","REDACTED.FORPRIVACY","REDACTED FOR PRIVACY","REDACTED FOR PRIVACY","REDACTED FOR PRIVACY","REDACTED FOR PRIVACY","RM","REDACTED FOR PRIVACY","Italy","","REDACTED.FORPRIVACY","REDACTED.FORPRIVACY","REDACTED FOR PRIVACY","REDACTED FOR PRIVACY","REDACTED FOR PRIVACY","REDACTED FOR PRIVACY","FI","REDACTED FOR PRIVACY","Italy","","REDACTED.FORPRIVACY","REDACTED.FORPRIVACY","","","","","","","","","","","ns1.th.seeweb.it","ns2.th.seeweb.it","","","OK","","",""
"4","firstkicksacademy.net","2020-05-12 21:47:49","2020-05-10","2020-05-10","2021-05-10","168","Register.it SPA","whois.register.it","http://we.register.it","Domain Proxy Service.","Domain Proxy Service. Namesco Limited,","Acton House, Perdiswell Park,","Worcester,","Worcestershire","WR3 7GD,","United Kingdom","ukproxy@names.co.uk","+44.3453633630","+44.3453633631","Domain Proxy Service.","Domain Proxy Service. Namesco Limited,","Acton House, Perdiswell Park,","Worcester,","Worcestershire","WR3 7GD,","United Kingdom","ukproxy@names.co.uk","+44.3453633630","+44.3453633631","Domain Proxy Service.","Domain Proxy Service. Namesco Limited,","Acton House, Perdiswell Park,","Worcester,","Worcestershire","WR3 7GD,","United Kingdom","ukproxy@names.co.uk","+44.3453633630","+44.3453633631","","","","","","","","","","","ns0.phase8.net","ns1.phase8.net","ns2.phase8.net","","clientDeleteProhibited","clientTransferProhibited","clientUpdateProhibited",""
"5","gameprov.net","2020-05-12 21:47:36","2020-05-09","2020-05-09","2021-05-09","168","Register.it SPA","whois.register.it","http://we.register.it","REDACTED FOR PRIVACY","REDACTED FOR PRIVACY","REDACTED FOR PRIVACY","REDACTED FOR PRIVACY","Yvelines","REDACTED FOR PRIVACY","France","","REDACTED.FORPRIVACY","REDACTED.FORPRIVACY","REDACTED FOR PRIVACY","REDACTED FOR PRIVACY","REDACTED FOR PRIVACY","REDACTED FOR PRIVACY","Yvelines","REDACTED FOR PRIVACY","France","","REDACTED.FORPRIVACY","REDACTED.FORPRIVACY","REDACTED FOR PRIVACY","REDACTED FOR PRIVACY","REDACTED FOR PRIVACY","REDACTED FOR PRIVACY","Paris","REDACTED FOR PRIVACY","France","","REDACTED.FORPRIVACY","REDACTED.FORPRIVACY","","","","","","","","","","","ns1.amenworld.com","ns2.amenworld.com","","","OK","","",""
"6","gardavillage.net","2020-05-12 21:47:35","2020-05-09","2020-05-09","2021-05-09","168","Register.it SPA","whois.register.it","http://we.register.it","REDACTED FOR PRIVACY","REDACTED FOR PRIVACY","REDACTED FOR PRIVACY","REDACTED FOR PRIVACY","NA","REDACTED FOR PRIVACY","Italy","","REDACTED.FORPRIVACY","REDACTED.FORPRIVACY","REDACTED FOR PRIVACY","REDACTED FOR PRIVACY","REDACTED FOR PRIVACY","REDACTED FOR PRIVACY","NA","REDACTED FOR PRIVACY","Italy","","REDACTED.FORPRIVACY","REDACTED.FORPRIVACY","REDACTED FOR PRIVACY","REDACTED FOR PRIVACY","REDACTED FOR PRIVACY","REDACTED FOR PRIVACY","FI","REDACTED FOR PRIVACY","Italy","","REDACTED.FORPRIVACY","REDACTED.FORPRIVACY","","","","","","","","","","","ns1.register.it","ns2.register.it","","","OK","","",""
"7","menudigitali.info","2020-05-12 08:09:32","2020-05-09","","2021-05-09","168","Register.it SPA","whois.register.it","http://we.register.it","GaDesign di Valeria Castellano","GaDesign di Valeria Castellano","","","NA","","Italy","","","","","","","","","","","","","","","","","","","","","","","","","","","","","","","","","","ns1.th.seeweb.it","ns2.th.seeweb.it","","","addPeriod","serverTransferProhibited","",""
"8","mysteriumescape.info","2020-05-12 20:59:17","2020-05-10","","2021-05-10","168","Register.it SPA","whois.register.it","http://we.register.it","ALBAROMA SOCIETA' IN ACCOMANDITA SEMPLICE DI PAOLELLI MARIO ALESSANDRO E CONSOLO MAURO","ALBAROMA SOCIETA' IN ACCOMANDITA SEMPLICE DI PAOLELLI MARIO ALESSANDRO E CONSOLO MAURO","","","RM","","Italy","","","","","","","","","","","","","","","","","","","","","","","","","","","","","","","","","","ns1.th.seeweb.it","ns2.th.seeweb.it","","","addPeriod","serverTransferProhibited","",""
"9","novodeck.info","2020-05-12 08:58:30","2020-05-10","2020-05-10","2021-05-10","168","Register.it SPA","whois.register.it","http://we.register.it","GLOBAL DOMAIN PRIVACY","GLOBAL DOMAIN PRIVACY","","","BG","","Italy","","","","","","","","","","","","","","","","","","","","","","","","","","","","","","","","","","ns0.phase8.net","ns1.phase8.net","ns2.phase8.net","","addPeriod","clientDeleteProhibited","clientTransferProhibited","clientUpdateProhibited"
"10","qrcodemenudigitale.net","2020-05-12 21:50:31","2020-05-09","2020-05-09","2021-05-09","168","Register.it SPA","whois.register.it","http://we.register.it","REDACTED FOR PRIVACY","QUICK BREAK SRL","REDACTED FOR PRIVACY","REDACTED FOR PRIVACY","MI","REDACTED FOR PRIVACY","Italy","","REDACTED.FORPRIVACY","REDACTED.FORPRIVACY","REDACTED FOR PRIVACY","REDACTED FOR PRIVACY","REDACTED FOR PRIVACY","REDACTED FOR PRIVACY","MI","REDACTED FOR PRIVACY","Italy","","REDACTED.FORPRIVACY","REDACTED.FORPRIVACY","REDACTED FOR PRIVACY","REDACTED FOR PRIVACY","REDACTED FOR PRIVACY","REDACTED FOR PRIVACY","FI","REDACTED FOR PRIVACY","Italy","","REDACTED.FORPRIVACY","REDACTED.FORPRIVACY","","","","","","","","","","","ns1.register.it","ns2.register.it","","","OK","","",""
"11","rebelconnections.net","2020-05-12 21:50:26","2020-05-08","2020-05-08","2021-05-08","168","Register.it SPA","whois.register.it","http://we.register.it","REDACTED FOR PRIVACY","PRIMARYNET","REDACTED FOR PRIVACY","REDACTED FOR PRIVACY","LI","REDACTED FOR PRIVACY","Portugal","","REDACTED.FORPRIVACY","REDACTED.FORPRIVACY","REDACTED FOR PRIVACY","REDACTED FOR PRIVACY","REDACTED FOR PRIVACY","REDACTED FOR PRIVACY","LI","REDACTED FOR PRIVACY","Portugal","","REDACTED.FORPRIVACY","REDACTED.FORPRIVACY","REDACTED FOR PRIVACY","REDACTED FOR PRIVACY","REDACTED FOR PRIVACY","REDACTED FOR PRIVACY","LISBOA","REDACTED FOR PRIVACY","Portugal","","REDACTED.FORPRIVACY","REDACTED.FORPRIVACY","","","","","","","","","","","ns1.amenworld.com","ns2.amenworld.com","","","OK","","",""
"12","ristofoodelivery.net","2020-05-12 21:50:16","2020-05-09","2020-05-09","2021-05-09","168","Register.it SPA","whois.register.it","http://we.register.it","REDACTED FOR PRIVACY","REDACTED FOR PRIVACY","REDACTED FOR PRIVACY","REDACTED FOR PRIVACY","BA","REDACTED FOR PRIVACY","Italy","","REDACTED.FORPRIVACY","REDACTED.FORPRIVACY","REDACTED FOR PRIVACY","REDACTED FOR PRIVACY","REDACTED FOR PRIVACY","REDACTED FOR PRIVACY","BA","REDACTED FOR PRIVACY","Italy","","REDACTED.FORPRIVACY","REDACTED.FORPRIVACY","REDACTED FOR PRIVACY","REDACTED FOR PRIVACY","REDACTED FOR PRIVACY","REDACTED FOR PRIVACY","FI","REDACTED FOR PRIVACY","Italy","","REDACTED.FORPRIVACY","REDACTED.FORPRIVACY","","","","","","","","","","","ns1.th.seeweb.it","ns2.th.seeweb.it","","","OK","","",""
"13","roundstonegroup.net","2020-05-12 21:50:14","2020-05-09","2020-05-09","2021-05-09","168","Register.it SPA","whois.register.it","http://we.register.it","REDACTED FOR PRIVACY","REDACTED FOR PRIVACY","REDACTED FOR PRIVACY","REDACTED FOR PRIVACY","Dublin","REDACTED FOR PRIVACY","Ireland","whoiscontact@names.co.uk","REDACTED.FORPRIVACY","REDACTED.FORPRIVACY","REDACTED FOR PRIVACY","REDACTED FOR PRIVACY","REDACTED FOR PRIVACY","REDACTED FOR PRIVACY","England","REDACTED FOR PRIVACY","United Kingdom","whoiscontact@names.co.uk","REDACTED.FORPRIVACY","REDACTED.FORPRIVACY","REDACTED FOR PRIVACY","Namesco Limited","REDACTED FOR PRIVACY","REDACTED FOR PRIVACY","England","REDACTED FOR PRIVACY","United Kingdom","whoiscontact@names.co.uk","REDACTED.FORPRIVACY","REDACTED.FORPRIVACY","","","","","","","","","","","ns0.reg365.net","ns1.reg365.net","ns2.reg365.net","","clientDeleteProhibited","clientTransferProhibited","clientUpdateProhibited",""
"14","s-cov2.net","2020-05-12 21:50:12","2020-05-09","2020-05-09","2021-05-09","168","Register.it SPA","whois.register.it","http://we.register.it","REDACTED FOR PRIVACY","REDACTED FOR PRIVACY","REDACTED FOR PRIVACY","REDACTED FOR PRIVACY","RM","REDACTED FOR PRIVACY","Italy","","REDACTED.FORPRIVACY","REDACTED.FORPRIVACY","REDACTED FOR PRIVACY","REDACTED FOR PRIVACY","REDACTED FOR PRIVACY","REDACTED FOR PRIVACY","RM","REDACTED FOR PRIVACY","Italy","","REDACTED.FORPRIVACY","REDACTED.FORPRIVACY","REDACTED FOR PRIVACY","REDACTED FOR PRIVACY","REDACTED FOR PRIVACY","REDACTED FOR PRIVACY","FI","REDACTED FOR PRIVACY","Italy","","REDACTED.FORPRIVACY","REDACTED.FORPRIVACY","","","","","","","","","","","ns1.register.it","ns2.register.it","","","OK","","",""
"15","sarscovid.net","2020-05-12 21:50:05","2020-05-09","2020-05-09","2021-05-09","168","Register.it SPA","whois.register.it","http://we.register.it","REDACTED FOR PRIVACY","REDACTED FOR PRIVACY","REDACTED FOR PRIVACY","REDACTED FOR PRIVACY","RM","REDACTED FOR PRIVACY","Italy","","REDACTED.FORPRIVACY","REDACTED.FORPRIVACY","REDACTED FOR PRIVACY","REDACTED FOR PRIVACY","REDACTED FOR PRIVACY","REDACTED FOR PRIVACY","RM","REDACTED FOR PRIVACY","Italy","","REDACTED.FORPRIVACY","REDACTED.FORPRIVACY","REDACTED FOR PRIVACY","REDACTED FOR PRIVACY","REDACTED FOR PRIVACY","REDACTED FOR PRIVACY","FI","REDACTED FOR PRIVACY","Italy","","REDACTED.FORPRIVACY","REDACTED.FORPRIVACY","","","","","","","","","","","ns1.register.it","ns2.register.it","","","OK","","",""
"16","sen-station.net","2020-05-12 21:50:00","2020-05-10","2020-05-10","2021-05-10","168","Register.it SPA","whois.register.it","http://we.register.it","REDACTED FOR PRIVACY","REDACTED FOR PRIVACY","REDACTED FOR PRIVACY","REDACTED FOR PRIVACY","RM","REDACTED FOR PRIVACY","Italy","","REDACTED.FORPRIVACY","REDACTED.FORPRIVACY","REDACTED FOR PRIVACY","REDACTED FOR PRIVACY","REDACTED FOR PRIVACY","REDACTED FOR PRIVACY","RM","REDACTED FOR PRIVACY","Italy","","REDACTED.FORPRIVACY","REDACTED.FORPRIVACY","REDACTED FOR PRIVACY","REDACTED FOR PRIVACY","REDACTED FOR PRIVACY","REDACTED FOR PRIVACY","FI","REDACTED FOR PRIVACY","Italy","","REDACTED.FORPRIVACY","REDACTED.FORPRIVACY","","","","","","","","","","","ns1.register.it","ns2.register.it","","","OK","","",""
"17","webikeable.info","2020-05-12 21:02:19","2020-05-11","","2021-05-11","168","Register.it SPA","whois.register.it","http://we.register.it","LivingTECH di Comper e Associati","LivingTECH di Comper e Associati","","","BG","","Italy","","","","","","","","","","","","","","","","","","","","","","","","","","","","","","","","","","ns1.th.seeweb.it","ns2.th.seeweb.it","","","addPeriod","serverTransferProhibited","",""