"num","domain_name","query_time","create_date","update_date","expiry_date","domain_registrar_id","domain_registrar_name","domain_registrar_whois","domain_registrar_url","registrant_name","registrant_company","registrant_address","registrant_city","registrant_state","registrant_zip","registrant_country","registrant_email","registrant_phone","registrant_fax","administrative_name","administrative_company","administrative_address","administrative_city","administrative_state","administrative_zip","administrative_country","administrative_email","administrative_phone","administrative_fax","technical_name","technical_company","technical_address","technical_city","technical_state","technical_zip","technical_country","technical_email","technical_phone","technical_fax","billing_name","billing_company","billing_address","billing_city","billing_state","billing_zip","billing_country","billing_email","billing_phone","billing_fax","name_server_1","name_server_2","name_server_3","name_server_4","domain_status_1","domain_status_2","domain_status_3","domain_status_4"
"1","caselink.biz","2020-05-12 15:37:07","2020-05-10","2020-05-10","2021-05-10","9","register.com, Inc.","whois.register.com","http://www.register.com","Presley and Presley","Presley and Presley","","","FL","","United States","","","","","","","","","","","","","","","","","","","","","","","","","","","","","","","","","","dns105.register.com","dns106.register.com","","","addPeriod","ok","",""
"2","entitygrowth.net","2020-05-12 21:48:11","2020-05-10","2020-05-10","2021-05-10","9","register.com, Inc.","whois.register.com","http://www.register.com","Roger Mascull","Medifab Limited","15 Catherwood Ave","Ashburton","","7700","New Zealand","roger@medifab.co.nz","+64.033079798","+64.033079789","Roger Mascull","Medifab Limited","15 Catherwood Ave","Ashburton","","7700","New Zealand","roger@medifab.co.nz","+64.033079798","+64.033079789","DNS Admin","Freeparking","Level 2 2 Devon Street East","New Plymouth","","4310","New Zealand","domains@freeparking.co.nz","+64.67572881","+64.67572883","","","","","","","","","","","ns.freeparking.co.nz","ns2.freeparking.co.nz","","","clientTransferProhibited","","",""
"3","evolutionk9.net","2020-05-12 21:47:59","2020-05-10","2020-05-10","2021-05-10","9","register.com, Inc.","whois.register.com","http://www.register.com","PERFECT PRIVACY, LLC","","5335 Gate Parkway","Jacksonville","FL","32256","United States","8ho0s08tkahq1bhv2ebdtl7pst@domaindiscreet.com","+1.9027492701","","PERFECT PRIVACY, LLC","","5335 Gate Parkway","Jacksonville","FL","32256","United States","8ho0s08tkahq1bhv2ebdtl7pst@domaindiscreet.com","+1.9027492701","","PERFECT PRIVACY, LLC","","5335 Gate Parkway","Jacksonville","FL","32256","United States","8ho0s08tkahq1bhv2ebdtl7pst@domaindiscreet.com","+1.9027492701","","","","","","","","","","","","dns1.register.com","dns2.register.com","","","clientTransferProhibited","","",""
"4","expressionsbeauty.net","2020-05-12 21:47:58","2020-05-09","2020-05-09","2021-05-09","9","register.com, Inc.","whois.register.com","http://www.register.com","PERFECT PRIVACY, LLC","","5335 Gate Parkway","Jacksonville","FL","32256","United States","7khlq7l45gi2qaq9h7lbpd7ri0@domaindiscreet.com","+1.9027492701","","PERFECT PRIVACY, LLC","","5335 Gate Parkway","Jacksonville","FL","32256","United States","7khlq7l45gi2qaq9h7lbpd7ri0@domaindiscreet.com","+1.9027492701","","PERFECT PRIVACY, LLC","","5335 Gate Parkway","Jacksonville","FL","32256","United States","7khlq7l45gi2qaq9h7lbpd7ri0@domaindiscreet.com","+1.9027492701","","","","","","","","","","","","dns1.register.com","dns2.register.com","","","clientTransferProhibited","","",""
"5","farmersnetwork.net","2020-05-12 21:47:56","2020-05-08","2020-05-08","2021-05-08","9","register.com, Inc.","whois.register.com","http://www.register.com","PERFECT PRIVACY, LLC","","5335 Gate Parkway care of REGISTER.COM","Jacksonville","FL","32256","United States","pp9th36s8bw@myprivatename.com","+1.5707088780","","PERFECT PRIVACY, LLC","","5335 Gate Parkway care of REGISTER.COM","Jacksonville","FL","32256","United States","pp9th36s8bw@myprivatename.com","+1.5707088780","","PERFECT PRIVACY, LLC","","5335 Gate Parkway care of REGISTER.COM","Jacksonville","FL","32256","United States","pp9th36s8bw@myprivatename.com","+1.5707088780","","","","","","","","","","","","dns105.register.com","dns106.register.com","","","clientTransferProhibited","","",""
"6","frankluif.net","2020-05-12 21:47:46","2020-05-10","2020-05-10","2021-05-10","9","register.com, Inc.","whois.register.com","http://www.register.com","PERFECT PRIVACY, LLC","","5335 Gate Parkway","Jacksonville","FL","32256","United States","f2nb85gaeqjgo89hjcqbf6fr3c@domaindiscreet.com","+1.9027492701","","PERFECT PRIVACY, LLC","","5335 Gate Parkway","Jacksonville","FL","32256","United States","f2nb85gaeqjgo89hjcqbf6fr3c@domaindiscreet.com","+1.9027492701","","PERFECT PRIVACY, LLC","","5335 Gate Parkway","Jacksonville","FL","32256","United States","f2nb85gaeqjgo89hjcqbf6fr3c@domaindiscreet.com","+1.9027492701","","","","","","","","","","","","dns1.register.com","dns2.register.com","","","clientTransferProhibited","","",""
"7","freedomfreq.net","2020-05-12 21:47:48","2020-05-10","2020-05-10","2021-05-10","9","register.com, Inc.","whois.register.com","http://www.register.com","PERFECT PRIVACY, LLC","","5335 Gate Parkway","Jacksonville","FL","32256","United States","3uoqi5fbiojbk9rekgfqv03c91@domaindiscreet.com","+1.9027492701","","PERFECT PRIVACY, LLC","","5335 Gate Parkway","Jacksonville","FL","32256","United States","3uoqi5fbiojbk9rekgfqv03c91@domaindiscreet.com","+1.9027492701","","PERFECT PRIVACY, LLC","","5335 Gate Parkway","Jacksonville","FL","32256","United States","3uoqi5fbiojbk9rekgfqv03c91@domaindiscreet.com","+1.9027492701","","","","","","","","","","","","dns1.register.com","dns2.register.com","","","clientTransferProhibited","","",""
"8","geauxvendor.net","2020-05-12 21:47:41","2020-05-08","2020-05-08","2021-05-08","9","register.com, Inc.","whois.register.com","http://www.register.com","Divincenti, M","","11347 CEDAR PARK AVE STE A","Baton Rouge","LA","70809-4325","United States","daviddiv12@gmail.com","+1.2253440415","","Divincenti, M","","11347 CEDAR PARK AVE STE A","Baton Rouge","LA","70809-4325","United States","daviddiv12@gmail.com","+1.2253440415","","Divincenti, M","","11347 CEDAR PARK AVE STE A","Baton Rouge","LA","70809-4325","United States","daviddiv12@gmail.com","+1.2253440415","","","","","","","","","","","","dns105.register.com","dns106.register.com","","","clientTransferProhibited","","",""
"9","ginsquad.net","2020-05-12 21:47:33","2020-05-10","2020-05-10","2022-05-10","9","register.com, Inc.","whois.register.com","http://www.register.com","himanshu parmar","v.j.co.ltd","12 hereford drive horsham downs","hamilton","waikato","3281","New Zealand","ash_parmarnz@hotmail.com","+64.78287446","+64.78287440","himanshu parmar","v.j.co.ltd","12 hereford drive horsham downs","hamilton","waikato","3281","New Zealand","ash_parmarnz@hotmail.com","+64.78287446","+64.78287440","DNS Admin","Freeparking","Level 2 2 Devon Street East","New Plymouth","","4310","New Zealand","domains@freeparking.co.nz","+64.67572881","+64.67572883","","","","","","","","","","","ns.freeparking.co.nz","ns2.freeparking.co.nz","","","clientTransferProhibited","","",""
"10","honeyfamilyfoundation.biz","2020-05-12 16:36:47","2020-05-11","2020-05-11","2021-05-11","9","register.com, Inc.","whois.register.com","http://www.register.com","adam honey","adam honey","","","Pimlico","","United Kingdom","","","","","","","","","","","","","","","","","","","","","","","","","","","","","","","","","","dns105.register.com","dns106.register.com","","","addPeriod","clientTransferProhibited","",""
"11","lanihay.biz","2020-05-12 17:02:53","2020-05-08","2020-05-08","2021-05-08","9","register.com, Inc.","whois.register.com","http://www.register.com","","","","","VA","","United States","","","","","","","","","","","","","","","","","","","","","","","","","","","","","","","","","","dns105.register.com","dns106.register.com","","","addPeriod","clientTransferProhibited","",""
"12","lanihay.info","2020-05-12 07:23:07","2020-05-08","2020-05-08","2021-05-08","9","register.com, Inc.","whois.register.com","http://www.register.com","","","","","VA","","United States","","","","","","","","","","","","","","","","","","","","","","","","","","","","","","","","","","dns105.register.com","dns106.register.com","","","addPeriod","clientTransferProhibited","serverTransferProhibited",""
"13","pitchblackart.net","2020-05-12 21:50:50","2020-05-10","2020-05-10","2023-05-10","9","register.com, Inc.","whois.register.com","http://www.register.com","Cardinale, Filippo","","210 E 67TH ST","NEW YORK","NY","10065-6251","United States","superadam75@hotmail.com","917.847.5998","","Cardinale, Filippo","","210 E 67TH ST","NEW YORK","NY","10065-6251","United States","superadam75@hotmail.com","917.847.5998","","Cardinale, Filippo","","210 E 67TH ST","NEW YORK","NY","10065-6251","United States","superadam75@hotmail.com","917.847.5998","","","","","","","","","","","","dns105.register.com","dns106.register.com","","","clientTransferProhibited","","",""
"14","pokemondeals.net","2020-05-12 21:50:43","2020-05-08","2020-05-08","2022-05-08","9","register.com, Inc.","whois.register.com","http://www.register.com","Marvin Ellis","givemeservice.com","249 Brick Blvd","Brick","NJ","08723","United States","marvin@givemeservice.com","+1.9088393845","+1.7324519679","Marvin Ellis","givemeservice.com","249 Brick Blvd","Brick","NJ","08723","United States","marvin@givemeservice.com","+1.9088393845","+1.9088393845","Marvin Ellis","givemeservice.com","249 Brick Blvd","Brick","NJ","08723","United States","marvin@givemeservice.com","+1.9088393845","+1.7324519679","","","","","","","","","","","ns1.gmswebhosting.com","ns2.gmswebhosting.com","","","clientTransferProhibited","","",""
"15","precisingoncology.net","2020-05-12 21:50:44","2020-05-09","2020-05-09","2021-05-09","9","register.com, Inc.","whois.register.com","http://www.register.com","Clark-Swanson, Kamala","","5141 N 35th St","Phoenix","AZ","85018","United States","kamalaclark@gmail.com","2066602841","","Clark-Swanson, Kamala","","5141 N 35th St","Phoenix","AZ","85018","United States","kamalaclark@gmail.com","2066602841","","Clark-Swanson, Kamala","","5141 N 35th St","Phoenix","AZ","85018","United States","kamalaclark@gmail.com","2066602841","","","","","","","","","","","","dns105.register.com","dns106.register.com","","","clientTransferProhibited","","",""
"16","predatorsandprey.net","2020-05-12 21:50:41","2020-05-09","2020-05-09","2021-05-09","9","register.com, Inc.","whois.register.com","http://www.register.com","PERFECT PRIVACY, LLC","","5335 Gate Parkway","Jacksonville","FL","32256","United States","eltiqo6ubsib4bh7vbfnmimcfg@domaindiscreet.com","+1.9027492701","","PERFECT PRIVACY, LLC","","5335 Gate Parkway","Jacksonville","FL","32256","United States","eltiqo6ubsib4bh7vbfnmimcfg@domaindiscreet.com","+1.9027492701","","PERFECT PRIVACY, LLC","","5335 Gate Parkway","Jacksonville","FL","32256","United States","eltiqo6ubsib4bh7vbfnmimcfg@domaindiscreet.com","+1.9027492701","","","","","","","","","","","","dns1.register.com","dns2.register.com","","","clientTransferProhibited","","",""
"17","pro-med.solutions","2020-05-12 20:38:30","2020-05-09","2020-05-09","2021-05-09","9","register.com, Inc.","whois.register.com","http://www.register.com","REDACTED FOR PRIVACY","","REDACTED FOR PRIVACY","REDACTED FOR PRIVACY","FL","REDACTED FOR PRIVACY","United States","","REDACTED FOR PRIVACY","REDACTED FOR PRIVACY","","","","","","","","","","","","","","","","","","","","","","","","","","","","","","","","","","","addPeriod","clientTransferProhibited","",""
"18","profitorganics.net","2020-05-12 21:50:39","2020-05-08","2020-05-08","2021-05-08","9","register.com, Inc.","whois.register.com","http://www.register.com","PERFECT PRIVACY, LLC","","5335 Gate Parkway","Jacksonville","FL","32256","United States","d93o92f09sgdiafigma3njs0u5@domaindiscreet.com","+1.9027492701","","PERFECT PRIVACY, LLC","","5335 Gate Parkway","Jacksonville","FL","32256","United States","d93o92f09sgdiafigma3njs0u5@domaindiscreet.com","+1.9027492701","","PERFECT PRIVACY, LLC","","5335 Gate Parkway","Jacksonville","FL","32256","United States","d93o92f09sgdiafigma3njs0u5@domaindiscreet.com","+1.9027492701","","","","","","","","","","","","dns1.register.com","dns2.register.com","","","clientTransferProhibited","","",""
"19","projectfinal.net","2020-05-12 21:50:37","2020-05-08","2020-05-08","2021-05-08","9","register.com, Inc.","whois.register.com","http://www.register.com","PERFECT PRIVACY, LLC","","5335 Gate Parkway","Jacksonville","FL","32256","United States","ecn9q6fjksghr82ias1r4d7cbn@domaindiscreet.com","+1.9027492701","","PERFECT PRIVACY, LLC","","5335 Gate Parkway","Jacksonville","FL","32256","United States","ecn9q6fjksghr82ias1r4d7cbn@domaindiscreet.com","+1.9027492701","","PERFECT PRIVACY, LLC","","5335 Gate Parkway","Jacksonville","FL","32256","United States","ecn9q6fjksghr82ias1r4d7cbn@domaindiscreet.com","+1.9027492701","","","","","","","","","","","","dns1.register.com","dns2.register.com","","","clientTransferProhibited","","",""
"20","pusingawak121.info","2020-05-12 21:05:12","2020-05-09","2020-05-09","2021-05-09","9","register.com, Inc.","whois.register.com","http://www.register.com","","","","","NOT","","United Kingdom","","","","","","","","","","","","","","","","","","","","","","","","","","","","","","","","","","dns1.register.com","dns2.register.com","","","addPeriod","clientTransferProhibited","serverTransferProhibited",""
"21","riseandshinewellness.net","2020-05-12 21:50:16","2020-05-08","2020-05-08","2021-05-08","9","register.com, Inc.","whois.register.com","http://www.register.com","PERFECT PRIVACY, LLC","","5335 Gate Parkway","Jacksonville","FL","32256","United States","al4pacccsiief9qpp4u89oji0v@domaindiscreet.com","+1.9027492701","","PERFECT PRIVACY, LLC","","5335 Gate Parkway","Jacksonville","FL","32256","United States","al4pacccsiief9qpp4u89oji0v@domaindiscreet.com","+1.9027492701","","PERFECT PRIVACY, LLC","","5335 Gate Parkway","Jacksonville","FL","32256","United States","al4pacccsiief9qpp4u89oji0v@domaindiscreet.com","+1.9027492701","","","","","","","","","","","","dns1.register.com","dns2.register.com","","","clientTransferProhibited","","",""
"22","rumorshairstudio.net","2020-05-12 21:50:17","2020-05-10","2020-05-12","2021-05-10","9","register.com, Inc.","whois.register.com","http://www.register.com","PERFECT PRIVACY, LLC","","5335 Gate Parkway","Jacksonville","FL","32256","United States","abcsuf706kh0ga8ulqr0m0bgg6@domaindiscreet.com","+1.9027492701","","PERFECT PRIVACY, LLC","","5335 Gate Parkway","Jacksonville","FL","32256","United States","4gni843hj8gueb2t9ac20t5c9j@domaindiscreet.com","+1.9027492701","","PERFECT PRIVACY, LLC","","5335 Gate Parkway","Jacksonville","FL","32256","United States","abcsuf706kh0ga8ulqr0m0bgg6@domaindiscreet.com","+1.9027492701","","","","","","","","","","","","dns1.register.com","dns2.register.com","","","clientTransferProhibited","","",""
"23","safewesternunion247.net","2020-05-12 21:50:11","2020-05-10","2020-05-12","2021-05-10","9","register.com, Inc.","whois.register.com","http://www.register.com","PERFECT PRIVACY, LLC","","5335 Gate Parkway","Jacksonville","FL","32256","United States","6b5f4dlj96hllbp82hshf5jvfh@domaindiscreet.com","+1.9027492701","","PERFECT PRIVACY, LLC","","5335 Gate Parkway","Jacksonville","FL","32256","United States","6b5f4dlj96hllbp82hshf5jvfh@domaindiscreet.com","+1.9027492701","","PERFECT PRIVACY, LLC","","5335 Gate Parkway","Jacksonville","FL","32256","United States","6b5f4dlj96hllbp82hshf5jvfh@domaindiscreet.com","+1.9027492701","","","","","","","","","","","","dns1.register.com","dns2.register.com","","","clientTransferProhibited","","",""
"24","secureserver34938.net","2020-05-12 21:50:04","2020-05-08","2020-05-08","2021-05-08","9","register.com, Inc.","whois.register.com","http://www.register.com","Statutory Masking Enabled","Statutory Masking Enabled","Statutory Masking Enabled","Statutory Masking Enabled","Nottinghamshire","Statutory Masking Enabled","United Kingdom","abuse@web.com","Statutory Masking Enabled","Statutory Masking Enabled","Statutory Masking Enabled","Statutory Masking Enabled","Statutory Masking Enabled","Statutory Masking Enabled","Statutory Masking Enabled","Statutory Masking Enabled","Statutory Masking Enabled","abuse@web.com","Statutory Masking Enabled","Statutory Masking Enabled","Statutory Masking Enabled","Statutory Masking Enabled","Statutory Masking Enabled","Statutory Masking Enabled","Statutory Masking Enabled","Statutory Masking Enabled","Statutory Masking Enabled","abuse@web.com","Statutory Masking Enabled","Statutory Masking Enabled","","","","","","","","","","","dns1.register.com","dns2.register.com","","","clientTransferProhibited","","",""
"25","tscar.info","2020-05-12 21:02:42","2020-05-09","2020-05-09","2021-05-09","9","register.com, Inc.","whois.register.com","http://www.register.com","","","","","FL","","United States","","","","","","","","","","","","","","","","","","","","","","","","","","","","","","","","","","dns1.register.com","dns2.register.com","","","addPeriod","clientTransferProhibited","serverTransferProhibited",""