"num","domain_name","query_time","create_date","update_date","expiry_date","domain_registrar_id","domain_registrar_name","domain_registrar_whois","domain_registrar_url","registrant_name","registrant_company","registrant_address","registrant_city","registrant_state","registrant_zip","registrant_country","registrant_email","registrant_phone","registrant_fax","administrative_name","administrative_company","administrative_address","administrative_city","administrative_state","administrative_zip","administrative_country","administrative_email","administrative_phone","administrative_fax","technical_name","technical_company","technical_address","technical_city","technical_state","technical_zip","technical_country","technical_email","technical_phone","technical_fax","billing_name","billing_company","billing_address","billing_city","billing_state","billing_zip","billing_country","billing_email","billing_phone","billing_fax","name_server_1","name_server_2","name_server_3","name_server_4","domain_status_1","domain_status_2","domain_status_3","domain_status_4"
"1","naturista.info","2020-05-12 08:43:12","2020-05-08","2020-05-08","2021-05-08","1741","Shinjiru MSC Sdn Bhd","whois.ilovewww.com","http://www.ilovewww.com","Privacy Protect, LLC (PrivacyProtect.org)","Privacy Protect, LLC (PrivacyProtect.org)","","","MA","","United States","","","","","","","","","","","","","","","","","","","","","","","","","","","","","","","","","","ns1.ipchina163.com","ns2.ipchina163.com","","","addPeriod","clientTransferProhibited","serverTransferProhibited",""
"2","ppverify.net","2020-05-12 21:50:41","2020-05-09","2020-05-09","2021-05-09","1741","Shinjiru MSC Sdn Bhd","whois.ilovewww.com","http://www.ilovewww.com","GDPR Masked","GDPR Masked","GDPR Masked","GDPR Masked","Cambridgeshire","GDPR Masked","United Kingdom","gdpr-masking@gdpr-masked.com","GDPR Masked","GDPR Masked","GDPR Masked","GDPR Masked","GDPR Masked","GDPR Masked","GDPR Masked","GDPR Masked","GDPR Masked","gdpr-masking@gdpr-masked.com","GDPR Masked","GDPR Masked","GDPR Masked","GDPR Masked","GDPR Masked","GDPR Masked","GDPR Masked","GDPR Masked","GDPR Masked","gdpr-masking@gdpr-masked.com","GDPR Masked","GDPR Masked","","","","","","","","","","","ns1.argondns.net","ns2.argondns.net","","","clientTransferProhibited","","",""
"3","processing-payment.net","2020-05-12 21:50:38","2020-05-09","2020-05-09","2021-05-09","1741","Shinjiru MSC Sdn Bhd","whois.ilovewww.com","http://www.ilovewww.com","Domain Admin","Privacy Protect, LLC (PrivacyProtect.org)","10 Corporate Drive","Burlington","MA","01803","United States","contact@privacyprotect.org","+1.8022274003","","Domain Admin","Privacy Protect, LLC (PrivacyProtect.org)","10 Corporate Drive","Burlington","MA","01803","United States","contact@privacyprotect.org","+1.8022274003","","Domain Admin","Privacy Protect, LLC (PrivacyProtect.org)","10 Corporate Drive","Burlington","MA","01803","United States","contact@privacyprotect.org","+1.8022274003","","","","","","","","","","","","ns1.steeldns.com","ns2.steeldns.com","","","clientTransferProhibited","","",""
"4","rebatehmuk.net","2020-05-12 21:50:24","2020-05-10","2020-05-10","2021-05-10","1741","Shinjiru MSC Sdn Bhd","whois.ilovewww.com","http://www.ilovewww.com","Domain Admin","Privacy Protect, LLC (PrivacyProtect.org)","10 Corporate Drive","Burlington","MA","01803","United States","contact@privacyprotect.org","+1.8022274003","","Domain Admin","Privacy Protect, LLC (PrivacyProtect.org)","10 Corporate Drive","Burlington","MA","01803","United States","contact@privacyprotect.org","+1.8022274003","","Domain Admin","Privacy Protect, LLC (PrivacyProtect.org)","10 Corporate Drive","Burlington","MA","01803","United States","contact@privacyprotect.org","+1.8022274003","","","","","","","","","","","","ns1.argondns.net","ns2.argondns.net","","","clientTransferProhibited","","",""
"5","simplex4lsms.net","2020-05-12 21:49:48","2020-05-10","2020-05-12","2021-05-10","1741","Shinjiru MSC Sdn Bhd","whois.ilovewww.com","http://www.ilovewww.com","Domain Admin","Privacy Protect, LLC (PrivacyProtect.org)","10 Corporate Drive","Burlington","MA","01803","United States","contact@privacyprotect.org","+1.8022274003","","Domain Admin","Privacy Protect, LLC (PrivacyProtect.org)","10 Corporate Drive","Burlington","MA","01803","United States","contact@privacyprotect.org","+1.8022274003","","Domain Admin","Privacy Protect, LLC (PrivacyProtect.org)","10 Corporate Drive","Burlington","MA","01803","United States","contact@privacyprotect.org","+1.8022274003","","","","","","","","","","","","ns1.simplex4lsms.net","ns2.simplex4lsms.net","","","clientTransferProhibited","","",""