"num","domain_name","query_time","create_date","update_date","expiry_date","domain_registrar_id","domain_registrar_name","domain_registrar_whois","domain_registrar_url","registrant_name","registrant_company","registrant_address","registrant_city","registrant_state","registrant_zip","registrant_country","registrant_email","registrant_phone","registrant_fax","administrative_name","administrative_company","administrative_address","administrative_city","administrative_state","administrative_zip","administrative_country","administrative_email","administrative_phone","administrative_fax","technical_name","technical_company","technical_address","technical_city","technical_state","technical_zip","technical_country","technical_email","technical_phone","technical_fax","billing_name","billing_company","billing_address","billing_city","billing_state","billing_zip","billing_country","billing_email","billing_phone","billing_fax","name_server_1","name_server_2","name_server_3","name_server_4","domain_status_1","domain_status_2","domain_status_3","domain_status_4"
"1","briconline.pro","2020-05-12 18:27:59","2020-05-10","2020-05-10","2021-05-10","1383","Soluciones Corporativas IP, SLU","whois.scip.es","http://www.dondominio.com","","","","","Madrid","","Spain","","","","","","","","","","","","","","","","","","","","","","","","","","","","","","","","","","europe131.banahosting.com","europe132.banahosting.com","","","addPeriod","serverTransferProhibited","",""
"2","depadel.pro","2020-05-12 18:30:31","2020-05-10","","2021-05-10","1383","Soluciones Corporativas IP, SLU","whois.scip.es","http://www.dondominio.com","","","","","Leon","","Spain","","","","","","","","","","","","","","","","","","","","","","","","","","","","","","","","","","ns1.dondominio.com","ns2.dondominio.com","","","addPeriod","serverTransferProhibited","",""
"3","equipcel.net","2020-05-12 21:48:06","2020-05-10","2020-05-10","2021-05-10","1383","Soluciones Corporativas IP, SLU","whois.scip.es","http://www.dondominio.com","REDACTED FOR PRIVACY","","REDACTED FOR PRIVACY","REDACTED FOR PRIVACY","Castellon","REDACTED FOR PRIVACY","Spain","","REDACTED FOR PRIVACY","REDACTED FOR PRIVACY","REDACTED FOR PRIVACY","REDACTED FOR PRIVACY","REDACTED FOR PRIVACY","REDACTED FOR PRIVACY","REDACTED FOR PRIVACY","REDACTED FOR PRIVACY","REDACTED FOR PRIVACY","","REDACTED FOR PRIVACY","REDACTED FOR PRIVACY","REDACTED FOR PRIVACY","REDACTED FOR PRIVACY","REDACTED FOR PRIVACY","REDACTED FOR PRIVACY","REDACTED FOR PRIVACY","REDACTED FOR PRIVACY","REDACTED FOR PRIVACY","","REDACTED FOR PRIVACY","REDACTED FOR PRIVACY","","","","","","","","","","","ns1.dondominio.com","ns2.dondominio.com","","","OK","","",""
"4","fractals.blue","2020-05-12 19:16:15","2020-05-11","","2021-05-11","1383","Soluciones Corporativas IP, SLU","whois.scip.es","http://www.dondominio.com","Dueroimagen","Dueroimagen","","","Burgos","","Spain","","","","","","","","","","","","","","","","","","","","","","","","","","","","","","","","","","ns1.hostingrapido.com","ns2.hostingrapido.com","","","addPeriod","serverTransferProhibited","",""
"5","garoelectronica.net","2020-05-12 21:47:35","2020-05-08","2020-05-12","2021-05-08","1383","Soluciones Corporativas IP, SLU","whois.scip.es","http://www.dondominio.com","Whois Privacy Service Protects this domain","Soluciones Corporativas IP, c/o Whois Proxy","C/ Menestrals 14","Manacor","Illes Balears","07500","Spain","garoelectronica.net@whoisprivacycontact.com","+34.871987733","+34.871986601","Whois Privacy Service Protects this domain","Soluciones Corporativas IP, c/o Whois Proxy","C/ Menestrals 14","Manacor","Illes Balears","07500","Spain","garoelectronica.net@whoisprivacycontact.com","+34.871987733","+34.871986601","Whois Privacy Service Protects this domain","Soluciones Corporativas IP, c/o Whois Proxy","C/ Menestrals 14","Manacor","Illes Balears","07500","Spain","garoelectronica.net@whoisprivacycontact.com","+34.871987733","+34.871986601","","","","","","","","","","","ns871.webempresa.eu","ns872.webempresa.eu","","","clientTransferProhibited","ok","",""
"6","kiwano.pro","2020-05-12 22:47:35","2020-05-11","","2021-05-11","1383","Soluciones Corporativas IP, SLU","whois.scip.es","http://www.dondominio.com","KRANGEL & ASOCIADOS","KRANGEL & ASOCIADOS","","","Barcelona","","Spain","","","","","","","","","","","","","","","","","","","","","","","","","","","","","","","","","","ns1.dondominio.com","ns2.dondominio.com","","","addPeriod","serverTransferProhibited","",""
"7","lanima-activitats-conscients.cat","2020-05-12 19:21:42","2020-05-11","","2021-05-11","1383","Soluciones Corporativas IP, SLU","whois.scip.es","http://www.dondominio.com","aTotArreu SL","aTotArreu SL","","","Barcelona","","Spain","","","","","","","","","","","","","","","","","","","","","","","","","","","","","","","","","","sdns2.ovh.net","virtualplesk1.atotarreu.com","","","addPeriod","serverTransferProhibited","",""
"8","minersl.cat","2020-05-12 19:21:44","2020-05-11","","2021-05-11","1383","Soluciones Corporativas IP, SLU","whois.scip.es","http://www.dondominio.com","LANCOMPUTER","LANCOMPUTER","","","Barcelona","","Spain","","","","","","","","","","","","","","","","","","","","","","","","","","","","","","","","","","ns0.dnshostprov.com","ns1.dnshostprov.com","ns2.dnshostprov.com","","addPeriod","serverTransferProhibited","",""
"9","pdfescape.info","2020-05-12 21:06:02","2020-05-11","","2021-05-11","1383","Soluciones Corporativas IP, SLU","whois.scip.es","http://www.dondominio.com","Soluciones Corporativas IP, c/o Whois Proxy","Soluciones Corporativas IP, c/o Whois Proxy","","","Illes Balears","","Spain","","","","","","","","","","","","","","","","","","","","","","","","","","","","","","","","","","ns1601.webempresa.eu","ns1602.webempresa.eu","","","addPeriod","serverTransferProhibited","",""
"10","php2020.net","2020-05-12 21:50:48","2020-05-10","2020-05-10","2021-05-10","1383","Soluciones Corporativas IP, SLU","whois.scip.es","http://www.dondominio.com","REDACTED FOR PRIVACY","","REDACTED FOR PRIVACY","REDACTED FOR PRIVACY","Castellon","REDACTED FOR PRIVACY","Spain","","REDACTED FOR PRIVACY","REDACTED FOR PRIVACY","REDACTED FOR PRIVACY","REDACTED FOR PRIVACY","REDACTED FOR PRIVACY","REDACTED FOR PRIVACY","REDACTED FOR PRIVACY","REDACTED FOR PRIVACY","REDACTED FOR PRIVACY","","REDACTED FOR PRIVACY","REDACTED FOR PRIVACY","REDACTED FOR PRIVACY","REDACTED FOR PRIVACY","REDACTED FOR PRIVACY","REDACTED FOR PRIVACY","REDACTED FOR PRIVACY","REDACTED FOR PRIVACY","REDACTED FOR PRIVACY","","REDACTED FOR PRIVACY","REDACTED FOR PRIVACY","","","","","","","","","","","ns1.dondominio.com","ns2.dondominio.com","","","OK","","",""
"11","robertocuesta.pro","2020-05-12 22:47:32","2020-05-11","","2021-05-11","1383","Soluciones Corporativas IP, SLU","whois.scip.es","http://www.dondominio.com","","","","","Burgos","","Spain","","","","","","","","","","","","","","","","","","","","","","","","","","","","","","","","","","ns1.dondominio.com","ns2.dondominio.com","","","addPeriod","serverTransferProhibited","",""
"12","robotaspirador10.pro","2020-05-12 22:47:34","2020-05-11","","2021-05-11","1383","Soluciones Corporativas IP, SLU","whois.scip.es","http://www.dondominio.com","","","","","GRANADA","","Spain","","","","","","","","","","","","","","","","","","","","","","","","","","","","","","","","","","europe2722.banahosting.com","europe2723.banahosting.com","","","addPeriod","serverTransferProhibited","",""
"13","seohuelva.net","2020-05-12 21:49:59","2020-05-10","2020-05-10","2021-05-10","1383","Soluciones Corporativas IP, SLU","whois.scip.es","http://www.dondominio.com","REDACTED FOR PRIVACY","","REDACTED FOR PRIVACY","REDACTED FOR PRIVACY","Huelva","REDACTED FOR PRIVACY","Spain","","REDACTED FOR PRIVACY","REDACTED FOR PRIVACY","REDACTED FOR PRIVACY","REDACTED FOR PRIVACY","REDACTED FOR PRIVACY","REDACTED FOR PRIVACY","REDACTED FOR PRIVACY","REDACTED FOR PRIVACY","REDACTED FOR PRIVACY","","REDACTED FOR PRIVACY","REDACTED FOR PRIVACY","REDACTED FOR PRIVACY","REDACTED FOR PRIVACY","REDACTED FOR PRIVACY","REDACTED FOR PRIVACY","REDACTED FOR PRIVACY","REDACTED FOR PRIVACY","REDACTED FOR PRIVACY","","REDACTED FOR PRIVACY","REDACTED FOR PRIVACY","","","","","","","","","","","ns1045.ui-dns.biz","ns1045.ui-dns.com","ns1045.ui-dns.de","ns1045.ui-dns.org","OK","","",""
"14","seonuba.net","2020-05-12 21:49:58","2020-05-10","2020-05-10","2021-05-10","1383","Soluciones Corporativas IP, SLU","whois.scip.es","http://www.dondominio.com","REDACTED FOR PRIVACY","","REDACTED FOR PRIVACY","REDACTED FOR PRIVACY","Huelva","REDACTED FOR PRIVACY","Spain","","REDACTED FOR PRIVACY","REDACTED FOR PRIVACY","REDACTED FOR PRIVACY","REDACTED FOR PRIVACY","REDACTED FOR PRIVACY","REDACTED FOR PRIVACY","REDACTED FOR PRIVACY","REDACTED FOR PRIVACY","REDACTED FOR PRIVACY","","REDACTED FOR PRIVACY","REDACTED FOR PRIVACY","REDACTED FOR PRIVACY","REDACTED FOR PRIVACY","REDACTED FOR PRIVACY","REDACTED FOR PRIVACY","REDACTED FOR PRIVACY","REDACTED FOR PRIVACY","REDACTED FOR PRIVACY","","REDACTED FOR PRIVACY","REDACTED FOR PRIVACY","","","","","","","","","","","ns1045.ui-dns.biz","ns1045.ui-dns.com","ns1045.ui-dns.de","ns1045.ui-dns.org","OK","","",""