"num","domain_name","query_time","create_date","update_date","expiry_date","domain_registrar_id","domain_registrar_name","domain_registrar_whois","domain_registrar_url","registrant_name","registrant_company","registrant_address","registrant_city","registrant_state","registrant_zip","registrant_country","registrant_email","registrant_phone","registrant_fax","administrative_name","administrative_company","administrative_address","administrative_city","administrative_state","administrative_zip","administrative_country","administrative_email","administrative_phone","administrative_fax","technical_name","technical_company","technical_address","technical_city","technical_state","technical_zip","technical_country","technical_email","technical_phone","technical_fax","billing_name","billing_company","billing_address","billing_city","billing_state","billing_zip","billing_country","billing_email","billing_phone","billing_fax","name_server_1","name_server_2","name_server_3","name_server_4","domain_status_1","domain_status_2","domain_status_3","domain_status_4"
"1","idahofalls.fyi","2020-05-12 20:32:51","2020-05-10","2020-05-10","2021-05-10","1659","Uniregistrar Corp","whois.uniregistrar.com","http://www.uniregistrar.com","REDACTED FOR PRIVACY","","REDACTED FOR PRIVACY","REDACTED FOR PRIVACY","WA","REDACTED FOR PRIVACY","United States","","REDACTED FOR PRIVACY","REDACTED FOR PRIVACY","","","","","","","","","","","","","","","","","","","","","","","","","","","","","","","","","","","addPeriod","clientTransferProhibited","",""
"2","immune.fitness","2020-05-12 20:37:57","2020-05-10","2020-05-10","2021-05-10","1659","Uniregistrar Corp","whois.uniregistrar.com","http://www.uniregistrar.com","REDACTED FOR PRIVACY","","REDACTED FOR PRIVACY","REDACTED FOR PRIVACY","Grand Cayman","REDACTED FOR PRIVACY","Cayman Islands","","REDACTED FOR PRIVACY","REDACTED FOR PRIVACY","","","","","","","","","","","","","","","","","","","","","","","","","","","","","","","","","","","addPeriod","clientTransferProhibited","",""
"3","imune.fitness","2020-05-12 20:37:51","2020-05-10","2020-05-10","2021-05-10","1659","Uniregistrar Corp","whois.uniregistrar.com","http://www.uniregistrar.com","REDACTED FOR PRIVACY","","REDACTED FOR PRIVACY","REDACTED FOR PRIVACY","Grand Cayman","REDACTED FOR PRIVACY","Cayman Islands","","REDACTED FOR PRIVACY","REDACTED FOR PRIVACY","","","","","","","","","","","","","","","","","","","","","","","","","","","","","","","","","","","addPeriod","clientTransferProhibited","",""
"4","insynch.life","2020-05-12 21:08:18","2020-05-09","2020-05-09","2021-05-09","1659","Uniregistrar Corp","whois.uniregistrar.com","http://www.uniregistrar.com","REDACTED FOR PRIVACY","","REDACTED FOR PRIVACY","REDACTED FOR PRIVACY","FL","REDACTED FOR PRIVACY","United States","","REDACTED FOR PRIVACY","REDACTED FOR PRIVACY","","","","","","","","","","","","","","","","","","","","","","","","","","","","","","","","","","","addPeriod","clientTransferProhibited","",""
"5","mcom.network","2020-05-12 16:47:37","2020-05-08","2020-05-08","2021-05-08","1659","Uniregistrar Corp","whois.uniregistrar.com","http://www.uniregistrar.com","REDACTED FOR PRIVACY","","REDACTED FOR PRIVACY","REDACTED FOR PRIVACY","Hampshire","REDACTED FOR PRIVACY","United Kingdom","","REDACTED FOR PRIVACY","REDACTED FOR PRIVACY","","","","","","","","","","","","","","","","","","","","","","","","","","","","","","","","","","","addPeriod","clientTransferProhibited","",""
"6","middleman.business","2020-05-12 19:15:57","2020-05-11","2020-05-11","2021-05-11","1659","Uniregistrar Corp","whois.uniregistrar.com","http://www.uniregistrar.com","REDACTED FOR PRIVACY","","REDACTED FOR PRIVACY","REDACTED FOR PRIVACY","westminster","REDACTED FOR PRIVACY","United Kingdom","","REDACTED FOR PRIVACY","REDACTED FOR PRIVACY","","","","","","","","","","","","","","","","","","","","","","","","","","","","","","","","","","","addPeriod","clientTransferProhibited","",""
"7","myrnetwork.info","2020-05-12 20:59:13","2020-05-11","2020-05-11","2021-05-11","1659","Uniregistrar Corp","whois.uniregistrar.com","http://www.uniregistrar.com","","","","","Grand Cayman","","Cayman Islands","","","","","","","","","","","","","","","","","","","","","","","","","","","","","","","","","","ns1.circlevisionnetworks.com","ns2.circlevisionnetworks.com","","","addPeriod","clientTransferProhibited","serverTransferProhibited",""
"8","pdf.fyi","2020-05-12 20:32:50","2020-05-10","2020-05-10","2021-05-10","1659","Uniregistrar Corp","whois.uniregistrar.com","http://www.uniregistrar.com","REDACTED FOR PRIVACY","","REDACTED FOR PRIVACY","REDACTED FOR PRIVACY","Grand Cayman","REDACTED FOR PRIVACY","Cayman Islands","","REDACTED FOR PRIVACY","REDACTED FOR PRIVACY","","","","","","","","","","","","","","","","","","","","","","","","","","","","","","","","","","","addPeriod","clientTransferProhibited","",""
"9","pocatello.fyi","2020-05-12 20:32:50","2020-05-10","2020-05-10","2021-05-10","1659","Uniregistrar Corp","whois.uniregistrar.com","http://www.uniregistrar.com","REDACTED FOR PRIVACY","","REDACTED FOR PRIVACY","REDACTED FOR PRIVACY","WA","REDACTED FOR PRIVACY","United States","","REDACTED FOR PRIVACY","REDACTED FOR PRIVACY","","","","","","","","","","","","","","","","","","","","","","","","","","","","","","","","","","","addPeriod","clientTransferProhibited","",""
"10","raptorcomics.info","2020-05-12 10:10:28","2020-05-09","2020-05-09","2021-05-09","1659","Uniregistrar Corp","whois.uniregistrar.com","http://www.uniregistrar.com","","","","","SC","","United States","","","","","","","","","","","","","","","","","","","","","","","","","","","","","","","","","","ns14.midphase.com","ns15.midphase.com","ns16.midphase.com","","addPeriod","clientTransferProhibited","serverTransferProhibited",""
"11","slott.bet","2020-05-12 14:51:53","2020-05-11","2020-05-11","2021-05-11","1659","Uniregistrar Corp","whois.uniregistrar.com","http://www.uniregistrar.com","","","","","Grand Cayman","","Cayman Islands","","","","","","","","","","","","","","","","","","","","","","","","","","","","","","","","","","dns1.penguinhost.net","dns2.penguinhost.net","","","addPeriod","clientTransferProhibited","serverTransferProhibited",""
"12","tasty.center","2020-05-12 19:21:42","2020-05-09","2020-05-09","2021-05-09","1659","Uniregistrar Corp","whois.uniregistrar.com","http://www.uniregistrar.com","REDACTED FOR PRIVACY","","REDACTED FOR PRIVACY","REDACTED FOR PRIVACY","","REDACTED FOR PRIVACY","Poland","","REDACTED FOR PRIVACY","REDACTED FOR PRIVACY","","","","","","","","","","","","","","","","","","","","","","","","","","","","","","","","","","","addPeriod","clientTransferProhibited","",""
"13","tourbaza.ltd","2020-05-12 21:16:52","2020-05-09","2020-05-09","2021-05-09","1659","Uniregistrar Corp","whois.uniregistrar.com","http://www.uniregistrar.com","REDACTED FOR PRIVACY","","REDACTED FOR PRIVACY","REDACTED FOR PRIVACY","Cherkasy region","REDACTED FOR PRIVACY","Ukraine","","REDACTED FOR PRIVACY","REDACTED FOR PRIVACY","","","","","","","","","","","","","","","","","","","","","","","","","","","","","","","","","","","addPeriod","clientTransferProhibited","",""
"14","twinfalls.fyi","2020-05-12 20:32:55","2020-05-10","2020-05-10","2021-05-10","1659","Uniregistrar Corp","whois.uniregistrar.com","http://www.uniregistrar.com","REDACTED FOR PRIVACY","","REDACTED FOR PRIVACY","REDACTED FOR PRIVACY","WA","REDACTED FOR PRIVACY","United States","","REDACTED FOR PRIVACY","REDACTED FOR PRIVACY","","","","","","","","","","","","","","","","","","","","","","","","","","","","","","","","","","","addPeriod","clientTransferProhibited","",""