"num","domain_name","query_time","create_date","update_date","expiry_date","domain_registrar_id","domain_registrar_name","domain_registrar_whois","domain_registrar_url","registrant_name","registrant_company","registrant_address","registrant_city","registrant_state","registrant_zip","registrant_country","registrant_email","registrant_phone","registrant_fax","administrative_name","administrative_company","administrative_address","administrative_city","administrative_state","administrative_zip","administrative_country","administrative_email","administrative_phone","administrative_fax","technical_name","technical_company","technical_address","technical_city","technical_state","technical_zip","technical_country","technical_email","technical_phone","technical_fax","billing_name","billing_company","billing_address","billing_city","billing_state","billing_zip","billing_country","billing_email","billing_phone","billing_fax","name_server_1","name_server_2","name_server_3","name_server_4","domain_status_1","domain_status_2","domain_status_3","domain_status_4"
"1","d38e3.info","2020-05-12 03:45:45","2020-05-08","2020-05-08","2021-05-08","1449","URL Solutions, Inc.","whois.pananames.com","http://www.panamanames.com","GLOBAL DOMAIN PRIVACY SERVICES INC","GLOBAL DOMAIN PRIVACY SERVICES INC","","","NA","","Panama","","","","","","","","","","","","","","","","","","","","","","","","","","","","","","","","","","ns1.pananames.com","ns2.pananames.com","ns3.pananames.com","ns4.pananames.com","addPeriod","clientTransferProhibited","serverTransferProhibited",""
"2","dds7s.info","2020-05-12 03:54:34","2020-05-10","2020-05-10","2021-05-10","1449","URL Solutions, Inc.","whois.pananames.com","http://www.panamanames.com","GLOBAL DOMAIN PRIVACY SERVICES INC","GLOBAL DOMAIN PRIVACY SERVICES INC","","","NA","","Panama","","","","","","","","","","","","","","","","","","","","","","","","","","","","","","","","","","ns1.pananames.com","ns2.pananames.com","ns3.pananames.com","ns4.pananames.com","addPeriod","clientTransferProhibited","serverTransferProhibited",""
"3","dipuw.info","2020-05-12 04:05:42","2020-05-10","2020-05-10","2021-05-10","1449","URL Solutions, Inc.","whois.pananames.com","http://www.panamanames.com","GLOBAL DOMAIN PRIVACY SERVICES INC","GLOBAL DOMAIN PRIVACY SERVICES INC","","","NA","","Panama","","","","","","","","","","","","","","","","","","","","","","","","","","","","","","","","","","ns1.pananames.com","ns2.pananames.com","ns3.pananames.com","ns4.pananames.com","addPeriod","clientTransferProhibited","serverTransferProhibited",""
"4","lzkdq.info","2020-05-12 07:48:39","2020-05-08","2020-05-08","2021-05-08","1449","URL Solutions, Inc.","whois.pananames.com","http://www.panamanames.com","GLOBAL DOMAIN PRIVACY SERVICES INC","GLOBAL DOMAIN PRIVACY SERVICES INC","","","NA","","Panama","","","","","","","","","","","","","","","","","","","","","","","","","","","","","","","","","","ns1.pananames.com","ns2.pananames.com","ns3.pananames.com","ns4.pananames.com","addPeriod","clientTransferProhibited","serverTransferProhibited",""
"5","mbao9.info","2020-05-12 20:59:15","2020-05-11","2020-05-11","2021-05-11","1449","URL Solutions, Inc.","whois.pananames.com","http://www.panamanames.com","GLOBAL DOMAIN PRIVACY SERVICES INC","GLOBAL DOMAIN PRIVACY SERVICES INC","","","NA","","Panama","","","","","","","","","","","","","","","","","","","","","","","","","","","","","","","","","","ns1.pananames.com","ns2.pananames.com","ns3.pananames.com","ns4.pananames.com","addPeriod","clientTransferProhibited","serverTransferProhibited",""
"6","mzyw5.info","2020-05-12 08:40:30","2020-05-10","2020-05-10","2021-05-10","1449","URL Solutions, Inc.","whois.pananames.com","http://www.panamanames.com","GLOBAL DOMAIN PRIVACY SERVICES INC","GLOBAL DOMAIN PRIVACY SERVICES INC","","","NA","","Panama","","","","","","","","","","","","","","","","","","","","","","","","","","","","","","","","","","ns1.pananames.com","ns2.pananames.com","ns3.pananames.com","ns4.pananames.com","addPeriod","clientTransferProhibited","serverTransferProhibited",""
"7","n9xbl.info","2020-05-12 20:59:12","2020-05-10","2020-05-10","2021-05-10","1449","URL Solutions, Inc.","whois.pananames.com","http://www.panamanames.com","GLOBAL DOMAIN PRIVACY SERVICES INC","GLOBAL DOMAIN PRIVACY SERVICES INC","","","NA","","Panama","","","","","","","","","","","","","","","","","","","","","","","","","","","","","","","","","","ns1.pananames.com","ns2.pananames.com","ns3.pananames.com","ns4.pananames.com","addPeriod","clientTransferProhibited","serverTransferProhibited",""
"8","nsjy6.info","2020-05-12 21:06:16","2020-05-08","2020-05-08","2021-05-08","1449","URL Solutions, Inc.","whois.pananames.com","http://www.panamanames.com","GLOBAL DOMAIN PRIVACY SERVICES INC","GLOBAL DOMAIN PRIVACY SERVICES INC","","","NA","","Panama","","","","","","","","","","","","","","","","","","","","","","","","","","","","","","","","","","ns1.pananames.com","ns2.pananames.com","ns3.pananames.com","ns4.pananames.com","addPeriod","clientTransferProhibited","serverTransferProhibited",""
"9","nz2c8.info","2020-05-12 21:06:18","2020-05-11","2020-05-11","2021-05-11","1449","URL Solutions, Inc.","whois.pananames.com","http://www.panamanames.com","GLOBAL DOMAIN PRIVACY SERVICES INC","GLOBAL DOMAIN PRIVACY SERVICES INC","","","NA","","Panama","","","","","","","","","","","","","","","","","","","","","","","","","","","","","","","","","","ns1.pananames.com","ns2.pananames.com","ns3.pananames.com","ns4.pananames.com","addPeriod","clientTransferProhibited","serverTransferProhibited",""
"10","olani.info","2020-05-12 21:06:11","2020-05-11","2020-05-11","2021-05-11","1449","URL Solutions, Inc.","whois.pananames.com","http://www.panamanames.com","GLOBAL DOMAIN PRIVACY SERVICES INC","GLOBAL DOMAIN PRIVACY SERVICES INC","","","NA","","Panama","","","","","","","","","","","","","","","","","","","","","","","","","","","","","","","","","","ns1.pananames.com","ns2.pananames.com","ns3.pananames.com","ns4.pananames.com","addPeriod","clientTransferProhibited","serverTransferProhibited",""
"11","opqei.info","2020-05-12 21:06:08","2020-05-11","2020-05-11","2021-05-11","1449","URL Solutions, Inc.","whois.pananames.com","http://www.panamanames.com","GLOBAL DOMAIN PRIVACY SERVICES INC","GLOBAL DOMAIN PRIVACY SERVICES INC","","","NA","","Panama","","","","","","","","","","","","","","","","","","","","","","","","","","","","","","","","","","ns1.pananames.com","ns2.pananames.com","ns3.pananames.com","ns4.pananames.com","addPeriod","clientTransferProhibited","serverTransferProhibited",""
"12","oqnof.info","2020-05-12 09:14:11","2020-05-10","2020-05-10","2021-05-10","1449","URL Solutions, Inc.","whois.pananames.com","http://www.panamanames.com","GLOBAL DOMAIN PRIVACY SERVICES INC","GLOBAL DOMAIN PRIVACY SERVICES INC","","","NA","","Panama","","","","","","","","","","","","","","","","","","","","","","","","","","","","","","","","","","ns1.pananames.com","ns2.pananames.com","ns3.pananames.com","ns4.pananames.com","addPeriod","clientTransferProhibited","serverTransferProhibited",""
"13","ouqsc.info","2020-05-12 21:06:08","2020-05-11","2020-05-11","2021-05-11","1449","URL Solutions, Inc.","whois.pananames.com","http://www.panamanames.com","GLOBAL DOMAIN PRIVACY SERVICES INC","GLOBAL DOMAIN PRIVACY SERVICES INC","","","NA","","Panama","","","","","","","","","","","","","","","","","","","","","","","","","","","","","","","","","","ns1.pananames.com","ns2.pananames.com","ns3.pananames.com","ns4.pananames.com","addPeriod","clientTransferProhibited","serverTransferProhibited",""
"14","p34hu.info","2020-05-12 21:06:06","2020-05-11","2020-05-11","2021-05-11","1449","URL Solutions, Inc.","whois.pananames.com","http://www.panamanames.com","GLOBAL DOMAIN PRIVACY SERVICES INC","GLOBAL DOMAIN PRIVACY SERVICES INC","","","NA","","Panama","","","","","","","","","","","","","","","","","","","","","","","","","","","","","","","","","","ns1.pananames.com","ns2.pananames.com","ns3.pananames.com","ns4.pananames.com","addPeriod","clientTransferProhibited","serverTransferProhibited",""
"15","phofree.info","2020-05-12 21:05:56","2020-05-11","2020-05-11","2021-05-11","1449","URL Solutions, Inc.","whois.pananames.com","http://www.panamanames.com","GLOBAL DOMAIN PRIVACY SERVICES INC","GLOBAL DOMAIN PRIVACY SERVICES INC","","","NA","","Panama","","","","","","","","","","","","","","","","","","","","","","","","","","","","","","","","","","ns1.phofree.info","ns2.phofree.info","","","addPeriod","clientTransferProhibited","serverTransferProhibited",""
"16","psprv.info","2020-05-12 21:05:14","2020-05-08","2020-05-08","2021-05-08","1449","URL Solutions, Inc.","whois.pananames.com","http://www.panamanames.com","GLOBAL DOMAIN PRIVACY SERVICES INC","GLOBAL DOMAIN PRIVACY SERVICES INC","","","NA","","Panama","","","","","","","","","","","","","","","","","","","","","","","","","","","","","","","","","","ns1.pananames.com","ns2.pananames.com","ns3.pananames.com","ns4.pananames.com","addPeriod","clientTransferProhibited","serverTransferProhibited",""
"17","pxx7g.info","2020-05-12 21:05:09","2020-05-08","2020-05-08","2021-05-08","1449","URL Solutions, Inc.","whois.pananames.com","http://www.panamanames.com","GLOBAL DOMAIN PRIVACY SERVICES INC","GLOBAL DOMAIN PRIVACY SERVICES INC","","","NA","","Panama","","","","","","","","","","","","","","","","","","","","","","","","","","","","","","","","","","ns1.pananames.com","ns2.pananames.com","ns3.pananames.com","ns4.pananames.com","addPeriod","clientTransferProhibited","serverTransferProhibited",""
"18","qd0gw.info","2020-05-12 21:05:09","2020-05-10","2020-05-10","2021-05-10","1449","URL Solutions, Inc.","whois.pananames.com","http://www.panamanames.com","GLOBAL DOMAIN PRIVACY SERVICES INC","GLOBAL DOMAIN PRIVACY SERVICES INC","","","NA","","Panama","","","","","","","","","","","","","","","","","","","","","","","","","","","","","","","","","","ns1.pananames.com","ns2.pananames.com","ns3.pananames.com","ns4.pananames.com","addPeriod","clientTransferProhibited","serverTransferProhibited",""
"19","qgqv2.info","2020-05-12 21:05:06","2020-05-08","2020-05-08","2021-05-08","1449","URL Solutions, Inc.","whois.pananames.com","http://www.panamanames.com","GLOBAL DOMAIN PRIVACY SERVICES INC","GLOBAL DOMAIN PRIVACY SERVICES INC","","","NA","","Panama","","","","","","","","","","","","","","","","","","","","","","","","","","","","","","","","","","ns1.pananames.com","ns2.pananames.com","ns3.pananames.com","ns4.pananames.com","addPeriod","clientTransferProhibited","serverTransferProhibited",""
"20","r1o9x.info","2020-05-12 21:04:56","2020-05-11","2020-05-11","2021-05-11","1449","URL Solutions, Inc.","whois.pananames.com","http://www.panamanames.com","GLOBAL DOMAIN PRIVACY SERVICES INC","GLOBAL DOMAIN PRIVACY SERVICES INC","","","NA","","Panama","","","","","","","","","","","","","","","","","","","","","","","","","","","","","","","","","","ns1.pananames.com","ns2.pananames.com","ns3.pananames.com","ns4.pananames.com","addPeriod","clientTransferProhibited","serverTransferProhibited",""
"21","rzal6.info","2020-05-12 21:04:01","2020-05-10","2020-05-10","2021-05-10","1449","URL Solutions, Inc.","whois.pananames.com","http://www.panamanames.com","GLOBAL DOMAIN PRIVACY SERVICES INC","GLOBAL DOMAIN PRIVACY SERVICES INC","","","NA","","Panama","","","","","","","","","","","","","","","","","","","","","","","","","","","","","","","","","","ns1.pananames.com","ns2.pananames.com","ns3.pananames.com","ns4.pananames.com","addPeriod","clientTransferProhibited","serverTransferProhibited",""
"22","sok.mobi","2020-05-12 16:13:40","2020-05-10","2020-05-10","2021-05-10","1449","URL Solutions, Inc.","whois.pananames.com","http://www.panamanames.com","GLOBAL DOMAIN PRIVACY SERVICES INC","GLOBAL DOMAIN PRIVACY SERVICES INC","","","NA","","Panama","","","","","","","","","","","","","","","","","","","","","","","","","","","","","","","","","","ns1.fozzy.com","ns2.fozzy.com","","","addPeriod","clientTransferProhibited","serverTransferProhibited",""
"23","tg1vd.info","2020-05-12 21:03:09","2020-05-11","2020-05-11","2021-05-11","1449","URL Solutions, Inc.","whois.pananames.com","http://www.panamanames.com","GLOBAL DOMAIN PRIVACY SERVICES INC","GLOBAL DOMAIN PRIVACY SERVICES INC","","","NA","","Panama","","","","","","","","","","","","","","","","","","","","","","","","","","","","","","","","","","ns1.pananames.com","ns2.pananames.com","ns3.pananames.com","ns4.pananames.com","addPeriod","clientTransferProhibited","serverTransferProhibited",""
"24","ukvhs.info","2020-05-12 21:02:37","2020-05-11","2020-05-11","2021-05-11","1449","URL Solutions, Inc.","whois.pananames.com","http://www.panamanames.com","GLOBAL DOMAIN PRIVACY SERVICES INC","GLOBAL DOMAIN PRIVACY SERVICES INC","","","NA","","Panama","","","","","","","","","","","","","","","","","","","","","","","","","","","","","","","","","","ns1.pananames.com","ns2.pananames.com","ns3.pananames.com","ns4.pananames.com","addPeriod","clientTransferProhibited","serverTransferProhibited",""
"25","uusak.info","2020-05-12 12:42:06","2020-05-10","2020-05-10","2021-05-10","1449","URL Solutions, Inc.","whois.pananames.com","http://www.panamanames.com","GLOBAL DOMAIN PRIVACY SERVICES INC","GLOBAL DOMAIN PRIVACY SERVICES INC","","","NA","","Panama","","","","","","","","","","","","","","","","","","","","","","","","","","","","","","","","","","ns1.pananames.com","ns2.pananames.com","ns3.pananames.com","ns4.pananames.com","addPeriod","clientTransferProhibited","serverTransferProhibited",""
"26","v7ncv.info","2020-05-12 21:02:28","2020-05-08","2020-05-08","2021-05-08","1449","URL Solutions, Inc.","whois.pananames.com","http://www.panamanames.com","GLOBAL DOMAIN PRIVACY SERVICES INC","GLOBAL DOMAIN PRIVACY SERVICES INC","","","NA","","Panama","","","","","","","","","","","","","","","","","","","","","","","","","","","","","","","","","","ns1.pananames.com","ns2.pananames.com","ns3.pananames.com","ns4.pananames.com","addPeriod","clientTransferProhibited","serverTransferProhibited",""
"27","wcj8y.info","2020-05-12 21:02:22","2020-05-11","2020-05-11","2021-05-11","1449","URL Solutions, Inc.","whois.pananames.com","http://www.panamanames.com","GLOBAL DOMAIN PRIVACY SERVICES INC","GLOBAL DOMAIN PRIVACY SERVICES INC","","","NA","","Panama","","","","","","","","","","","","","","","","","","","","","","","","","","","","","","","","","","ns1.pananames.com","ns2.pananames.com","ns3.pananames.com","ns4.pananames.com","addPeriod","clientTransferProhibited","serverTransferProhibited",""
"28","x6zj0.info","2020-05-12 21:02:19","2020-05-08","2020-05-08","2021-05-08","1449","URL Solutions, Inc.","whois.pananames.com","http://www.panamanames.com","GLOBAL DOMAIN PRIVACY SERVICES INC","GLOBAL DOMAIN PRIVACY SERVICES INC","","","NA","","Panama","","","","","","","","","","","","","","","","","","","","","","","","","","","","","","","","","","ns1.pananames.com","ns2.pananames.com","ns3.pananames.com","ns4.pananames.com","addPeriod","clientTransferProhibited","serverTransferProhibited",""
"29","yr80v.info","2020-05-12 21:02:10","2020-05-11","2020-05-11","2021-05-11","1449","URL Solutions, Inc.","whois.pananames.com","http://www.panamanames.com","GLOBAL DOMAIN PRIVACY SERVICES INC","GLOBAL DOMAIN PRIVACY SERVICES INC","","","NA","","Panama","","","","","","","","","","","","","","","","","","","","","","","","","","","","","","","","","","ns1.pananames.com","ns2.pananames.com","ns3.pananames.com","ns4.pananames.com","addPeriod","clientTransferProhibited","serverTransferProhibited",""
"30","yz276.info","2020-05-12 21:02:11","2020-05-11","2020-05-11","2021-05-11","1449","URL Solutions, Inc.","whois.pananames.com","http://www.panamanames.com","GLOBAL DOMAIN PRIVACY SERVICES INC","GLOBAL DOMAIN PRIVACY SERVICES INC","","","NA","","Panama","","","","","","","","","","","","","","","","","","","","","","","","","","","","","","","","","","ns1.pananames.com","ns2.pananames.com","ns3.pananames.com","ns4.pananames.com","addPeriod","clientTransferProhibited","serverTransferProhibited",""
"31","yzqma.info","2020-05-12 21:02:15","2020-05-11","2020-05-11","2021-05-11","1449","URL Solutions, Inc.","whois.pananames.com","http://www.panamanames.com","GLOBAL DOMAIN PRIVACY SERVICES INC","GLOBAL DOMAIN PRIVACY SERVICES INC","","","NA","","Panama","","","","","","","","","","","","","","","","","","","","","","","","","","","","","","","","","","ns1.pananames.com","ns2.pananames.com","ns3.pananames.com","ns4.pananames.com","addPeriod","clientTransferProhibited","serverTransferProhibited",""
"32","zw4tv.info","2020-05-12 13:51:12","2020-05-08","2020-05-08","2021-05-08","1449","URL Solutions, Inc.","whois.pananames.com","http://www.panamanames.com","GLOBAL DOMAIN PRIVACY SERVICES INC","GLOBAL DOMAIN PRIVACY SERVICES INC","","","NA","","Panama","","","","","","","","","","","","","","","","","","","","","","","","","","","","","","","","","","ns1.pananames.com","ns2.pananames.com","ns3.pananames.com","ns4.pananames.com","addPeriod","clientTransferProhibited","serverTransferProhibited",""