"num","domain_name","query_time","create_date","update_date","expiry_date","domain_registrar_id","domain_registrar_name","domain_registrar_whois","domain_registrar_url","registrant_name","registrant_company","registrant_address","registrant_city","registrant_state","registrant_zip","registrant_country","registrant_email","registrant_phone","registrant_fax","administrative_name","administrative_company","administrative_address","administrative_city","administrative_state","administrative_zip","administrative_country","administrative_email","administrative_phone","administrative_fax","technical_name","technical_company","technical_address","technical_city","technical_state","technical_zip","technical_country","technical_email","technical_phone","technical_fax","billing_name","billing_company","billing_address","billing_city","billing_state","billing_zip","billing_country","billing_email","billing_phone","billing_fax","name_server_1","name_server_2","name_server_3","name_server_4","domain_status_1","domain_status_2","domain_status_3","domain_status_4"
"1","claus.nrw","2020-05-12 17:03:45","2020-05-09","","2021-05-09","1443","Vautron Rechenzentrum AG","whois.antagus.de","http://www.vautron.de","","","","","","","Germany","","","","","","","","","","","","","","","","","","","","","","","","","","","","","","","","","","ns1.thopoh.de","ns2.thopoh.de","","","addPeriod","serverTransferProhibited","",""
"2","fachanwalt.nrw","2020-05-12 17:03:45","2020-05-09","","2021-05-09","1443","Vautron Rechenzentrum AG","whois.antagus.de","http://www.vautron.de","","","","","Nordrhein-Westfalen","","Germany","","","","","","","","","","","","","","","","","","","","","","","","","","","","","","","","","","ns1-tec.de","ns2-tec.de","","","addPeriod","serverTransferProhibited","",""
"3","flugarmy.net","2020-05-12 21:47:46","2020-05-10","2020-05-10","2021-05-10","1443","Vautron Rechenzentrum AG","whois.antagus.de","http://www.vautron.de","","","","","Hessen","","Germany","c1zfvz7hqb@domprivacy.de","","","","","","","","","","c1zfvz7hqb@domprivacy.de","","","","","","","","","","c1zfvz7hqb@domprivacy.de","","","","","","","","","","","","","ns1.dnslinq.de","ns2.dnslinq.de","","","OK","","",""
"4","kwl-host.info","2020-05-12 20:59:22","2020-05-11","","2021-05-11","1443","Vautron Rechenzentrum AG","whois.antagus.de","http://www.vautron.de","privat","privat","","","","","Taiwan","","","","","","","","","","","","","","","","","","","","","","","","","","","","","","","","","","ns1.contabo.net","ns2.contabo.net","ns3.contabo.net","","addPeriod","serverTransferProhibited","",""
"5","laesser.biz","2020-05-12 17:04:13","2020-05-09","","2021-05-09","1443","Vautron Rechenzentrum AG","whois.antagus.de","http://www.vautron.de","POOL33","POOL33","","","Bavaria","","Germany","","","","","","","","","","","","","","","","","","","","","","","","","","","","","","","","","","ns5.kasserver.com","ns6.kasserver.com","","","addPeriod","ok","",""
"6","redpes.net","2020-05-12 21:50:23","2020-05-10","2020-05-10","2021-05-10","1443","Vautron Rechenzentrum AG","whois.antagus.de","http://www.vautron.de","","","","","","","Portugal","aqm1h2w8j7@domprivacy.de","","","","","","","","","","aqm1h2w8j7@domprivacy.de","","","","","","","","","","a4o7tygxoo@domprivacy.de","","","","","","","","","","","","","ns1.contabo.net","ns2.contabo.net","ns3.contabo.net","","OK","","",""
"7","rent-a-house.net","2020-05-12 21:50:20","2020-05-10","2020-05-10","2021-05-10","1443","Vautron Rechenzentrum AG","whois.antagus.de","http://www.vautron.de","","","","","Noord-Holland","","Netherlands","ati74yxl56@domprivacy.de","","","","","","","","","","anrqz2a4e2@domprivacy.de","","","","","","","","","","ati74yxl56@domprivacy.de","","","","","","","","","","","","","ns1.odrdns.eu","ns2.odrdns.eu","","","OK","","",""