"num","domain_name","query_time","create_date","update_date","expiry_date","domain_registrar_id","domain_registrar_name","domain_registrar_whois","domain_registrar_url","registrant_name","registrant_company","registrant_address","registrant_city","registrant_state","registrant_zip","registrant_country","registrant_email","registrant_phone","registrant_fax","administrative_name","administrative_company","administrative_address","administrative_city","administrative_state","administrative_zip","administrative_country","administrative_email","administrative_phone","administrative_fax","technical_name","technical_company","technical_address","technical_city","technical_state","technical_zip","technical_country","technical_email","technical_phone","technical_fax","billing_name","billing_company","billing_address","billing_city","billing_state","billing_zip","billing_country","billing_email","billing_phone","billing_fax","name_server_1","name_server_2","name_server_3","name_server_4","domain_status_1","domain_status_2","domain_status_3","domain_status_4"
"1","023zxjx.com","2020-05-10 04:28:00","2020-05-02","2020-05-02","2021-05-02","1915","West263 International Limited","whois.hkdns.hk","http://www.hkdns.hk","REDACTED FOR PRIVACY","REDACTED FOR PRIVACY","REDACTED FOR PRIVACY","Chengdu","Sichuan","REDACTED FOR PRIVACY","China","","REDACTED FOR PRIVACY","REDACTED FOR PRIVACY","REDACTED FOR PRIVACY","REDACTED FOR PRIVACY","REDACTED FOR PRIVACY","Chengdu","Sichuan","REDACTED FOR PRIVACY","China","","REDACTED FOR PRIVACY","REDACTED FOR PRIVACY","REDACTED FOR PRIVACY","REDACTED FOR PRIVACY","REDACTED FOR PRIVACY","Chengdu","Sichuan","REDACTED FOR PRIVACY","China","","REDACTED FOR PRIVACY","REDACTED FOR PRIVACY","","","","","","","","","","","ns1.myhostadmin.net","ns2.myhostadmin.net","","","OK","","",""
"2","028hczp.com","2020-05-10 04:17:39","2020-05-02","2020-05-02","2021-05-02","1915","West263 International Limited","whois.hkdns.hk","http://www.hkdns.hk","REDACTED FOR PRIVACY","REDACTED FOR PRIVACY","REDACTED FOR PRIVACY","Chengdu","Sichuan","REDACTED FOR PRIVACY","China","","REDACTED FOR PRIVACY","REDACTED FOR PRIVACY","REDACTED FOR PRIVACY","REDACTED FOR PRIVACY","REDACTED FOR PRIVACY","Chengdu","Sichuan","REDACTED FOR PRIVACY","China","","REDACTED FOR PRIVACY","REDACTED FOR PRIVACY","REDACTED FOR PRIVACY","REDACTED FOR PRIVACY","REDACTED FOR PRIVACY","Chengdu","Sichuan","REDACTED FOR PRIVACY","China","","REDACTED FOR PRIVACY","REDACTED FOR PRIVACY","","","","","","","","","","","ns1.myhostadmin.net","ns2.myhostadmin.net","","","OK","","",""
"3","419parkave.com","2020-05-10 04:29:02","2020-05-02","2020-05-02","2021-05-02","1915","West263 International Limited","whois.hkdns.hk","http://www.hkdns.hk","REDACTED FOR PRIVACY","REDACTED FOR PRIVACY","REDACTED FOR PRIVACY","Chengdu","Sichuan","REDACTED FOR PRIVACY","China","","REDACTED FOR PRIVACY","REDACTED FOR PRIVACY","REDACTED FOR PRIVACY","REDACTED FOR PRIVACY","REDACTED FOR PRIVACY","Chengdu","Sichuan","REDACTED FOR PRIVACY","China","","REDACTED FOR PRIVACY","REDACTED FOR PRIVACY","REDACTED FOR PRIVACY","REDACTED FOR PRIVACY","REDACTED FOR PRIVACY","Chengdu","Sichuan","REDACTED FOR PRIVACY","China","","REDACTED FOR PRIVACY","REDACTED FOR PRIVACY","","","","","","","","","","","ns1.myhostadmin.net","ns2.myhostadmin.net","","","OK","","",""
"4","aimiri.com","2020-05-10 04:18:57","2020-05-02","2020-05-02","2021-05-02","1915","West263 International Limited","whois.hkdns.hk","http://www.hkdns.hk","REDACTED FOR PRIVACY","REDACTED FOR PRIVACY","REDACTED FOR PRIVACY","Chengdu","Sichuan","REDACTED FOR PRIVACY","China","","REDACTED FOR PRIVACY","REDACTED FOR PRIVACY","REDACTED FOR PRIVACY","REDACTED FOR PRIVACY","REDACTED FOR PRIVACY","Chengdu","Sichuan","REDACTED FOR PRIVACY","China","","REDACTED FOR PRIVACY","REDACTED FOR PRIVACY","REDACTED FOR PRIVACY","REDACTED FOR PRIVACY","REDACTED FOR PRIVACY","Chengdu","Sichuan","REDACTED FOR PRIVACY","China","","REDACTED FOR PRIVACY","REDACTED FOR PRIVACY","","","","","","","","","","","ns1.myhostadmin.net","ns2.myhostadmin.net","","","OK","","",""
"5","biga.run","2020-05-10 10:22:08","2020-05-02","2020-05-07","2023-05-02","1697","DNSPod, Inc.","whois.dnspod.com","http:// www.dnspod.cn","REDACTED FOR PRIVACY","LinYunyang","REDACTED FOR PRIVACY","REDACTED FOR PRIVACY","shan dong sheng","REDACTED FOR PRIVACY","China","","REDACTED FOR PRIVACY","REDACTED FOR PRIVACY","","","","","","","","","","","","","","","","","","","","","","","","","","","","","","","","","","","clientTransferProhibited","clientUpdateProhibited","",""
"6","boricua.solar","2020-05-10 09:39:30","2020-05-02","2020-05-07","2021-05-02","146","GoDaddy.com, LLC","whois.godaddy.com","http://registrar.godaddy.com","REDACTED FOR PRIVACY","IrvinCarrero.Com","REDACTED FOR PRIVACY","REDACTED FOR PRIVACY","Puerto Rico","REDACTED FOR PRIVACY","United States","","REDACTED FOR PRIVACY","REDACTED FOR PRIVACY","","","","","","","","","","","","","","","","","","","","","","","","","","","","","","","","","","","clientDeleteProhibited","clientRenewProhibited","clientTransferProhibited","clientUpdateProhibited"
"7","caitao168.com","2020-05-10 04:18:27","2020-05-02","2020-05-02","2021-05-02","1915","West263 International Limited","whois.hkdns.hk","http://www.hkdns.hk","REDACTED FOR PRIVACY","REDACTED FOR PRIVACY","REDACTED FOR PRIVACY","Chengdu","Sichuan","REDACTED FOR PRIVACY","China","","REDACTED FOR PRIVACY","REDACTED FOR PRIVACY","REDACTED FOR PRIVACY","REDACTED FOR PRIVACY","REDACTED FOR PRIVACY","Chengdu","Sichuan","REDACTED FOR PRIVACY","China","","REDACTED FOR PRIVACY","REDACTED FOR PRIVACY","REDACTED FOR PRIVACY","REDACTED FOR PRIVACY","REDACTED FOR PRIVACY","Chengdu","Sichuan","REDACTED FOR PRIVACY","China","","REDACTED FOR PRIVACY","REDACTED FOR PRIVACY","","","","","","","","","","","ns1.myhostadmin.net","ns2.myhostadmin.net","","","OK","","",""
"8","candleshop.co","2020-05-11 00:21:24","2020-05-02","2020-05-07","2021-05-02","617","Epik Inc.","whois.epik.com","http://epik.com","Anonymize, Inc.","Anonymize, Inc.","","","WA","","United States","","","","","","","","","","","","","","","","","","","","","","","","","","","","","","","","","","ns3.epik.com","ns4.epik.com","","","clientTransferProhibited","","",""
"9","daewha21c.com","2020-05-10 04:18:53","2020-05-02","2020-05-02","2021-05-02","1915","West263 International Limited","whois.hkdns.hk","http://www.hkdns.hk","REDACTED FOR PRIVACY","REDACTED FOR PRIVACY","REDACTED FOR PRIVACY","Chengdu","Sichuan","REDACTED FOR PRIVACY","China","","REDACTED FOR PRIVACY","REDACTED FOR PRIVACY","REDACTED FOR PRIVACY","REDACTED FOR PRIVACY","REDACTED FOR PRIVACY","Chengdu","Sichuan","REDACTED FOR PRIVACY","China","","REDACTED FOR PRIVACY","REDACTED FOR PRIVACY","REDACTED FOR PRIVACY","REDACTED FOR PRIVACY","REDACTED FOR PRIVACY","Chengdu","Sichuan","REDACTED FOR PRIVACY","China","","REDACTED FOR PRIVACY","REDACTED FOR PRIVACY","","","","","","","","","","","ns1.myhostadmin.net","ns2.myhostadmin.net","","","OK","","",""
"10","fabilly.biz","2020-05-10 17:00:43","2020-05-02","2020-05-07","2021-05-02","433","OVH sas","whois.ovh.com","http://www.ovh.com","","","","","","","Luxembourg","","","","","","","","","","","","","","","","","","","","","","","","","","","","","","","","","","dns110.ovh.net","ns110.ovh.net","","","clientDeleteProhibited","clientTransferProhibited","",""
"11","facebank.biz","2020-05-10 17:00:43","2020-05-02","2020-05-07","2021-05-02","303","PDR Ltd. d/b/a PublicDomainRegistry.com","whois.publicdomainregistry.com","http://www.publicdomainregistry.com","Zhigang Tian Tian","Zhigang Tian Tian","","","Metro Manila","","Philippines","","","","","","","","","","","","","","","","","","","","","","","","","","","","","","","","","","ns1.dns-parking.com","ns2.dns-parking.com","","","clientTransferProhibited","","",""
"12","fairmittlung.biz","2020-05-10 17:00:42","2020-05-02","2020-05-07","2021-05-02","49","GMO Internet Inc.","whois.discount-domain.com","http://www.onamae.com","Whois Privacy Protection Service by VALUE-DOMAIN","Whois Privacy Protection Service by VALUE-DOMAIN","","","Osaka","","Japan","","","","","","","","","","","","","","","","","","","","","","","","","","","","","","","","","","ns11.value-domain.com","ns12.value-domain.com","ns13.value-domain.com","","OK","","",""
"13","familydoctor.biz","2020-05-10 17:00:42","2020-05-02","2020-05-07","2021-05-02","472","Dynadot, LLC","whois.dynadot.com","http://www.dynadot.com","","","","","California","","United States","","","","","","","","","","","","","","","","","","","","","","","","","","","","","","","","","","ns1.dynadot.com","ns2.dynadot.com","","","clientTransferProhibited","","",""
"14","fg2auto.com","2020-05-10 04:17:36","2020-05-02","2020-05-02","2021-05-02","1915","West263 International Limited","whois.hkdns.hk","http://www.hkdns.hk","REDACTED FOR PRIVACY","REDACTED FOR PRIVACY","REDACTED FOR PRIVACY","Chengdu","Sichuan","REDACTED FOR PRIVACY","China","","REDACTED FOR PRIVACY","REDACTED FOR PRIVACY","REDACTED FOR PRIVACY","REDACTED FOR PRIVACY","REDACTED FOR PRIVACY","Chengdu","Sichuan","REDACTED FOR PRIVACY","China","","REDACTED FOR PRIVACY","REDACTED FOR PRIVACY","REDACTED FOR PRIVACY","REDACTED FOR PRIVACY","REDACTED FOR PRIVACY","Chengdu","Sichuan","REDACTED FOR PRIVACY","China","","REDACTED FOR PRIVACY","REDACTED FOR PRIVACY","","","","","","","","","","","ns1.myhostadmin.net","ns2.myhostadmin.net","","","OK","","",""
"15","fhkz518.com","2020-05-10 04:29:03","2020-05-02","2020-05-02","2021-05-02","1915","West263 International Limited","whois.hkdns.hk","http://www.hkdns.hk","REDACTED FOR PRIVACY","REDACTED FOR PRIVACY","REDACTED FOR PRIVACY","Chengdu","Sichuan","REDACTED FOR PRIVACY","China","","REDACTED FOR PRIVACY","REDACTED FOR PRIVACY","REDACTED FOR PRIVACY","REDACTED FOR PRIVACY","REDACTED FOR PRIVACY","Chengdu","Sichuan","REDACTED FOR PRIVACY","China","","REDACTED FOR PRIVACY","REDACTED FOR PRIVACY","REDACTED FOR PRIVACY","REDACTED FOR PRIVACY","REDACTED FOR PRIVACY","Chengdu","Sichuan","REDACTED FOR PRIVACY","China","","REDACTED FOR PRIVACY","REDACTED FOR PRIVACY","","","","","","","","","","","ns1.myhostadmin.net","ns2.myhostadmin.net","","","OK","","",""
"16","futuristics.biz","2020-05-10 17:10:22","2020-05-02","2020-05-07","2021-05-02","895","Google, Inc.","whois.rrpproxy.net","http://www.google.com","Contact Privacy Inc. Customer 1247108882","Contact Privacy Inc. Customer 1247108882","","","ON","","Canada","","","","","","","","","","","","","","","","","","","","","","","","","","","","","","","","","","ns-cloud-d1.googledomains.com","ns-cloud-d2.googledomains.com","ns-cloud-d3.googledomains.com","ns-cloud-d4.googledomains.com","clientTransferProhibited","","",""
"17","geili100.com","2020-05-10 04:27:47","2020-05-02","2020-05-02","2021-05-02","1915","West263 International Limited","whois.hkdns.hk","http://www.hkdns.hk","REDACTED FOR PRIVACY","REDACTED FOR PRIVACY","REDACTED FOR PRIVACY","Chengdu","Sichuan","REDACTED FOR PRIVACY","China","","REDACTED FOR PRIVACY","REDACTED FOR PRIVACY","REDACTED FOR PRIVACY","REDACTED FOR PRIVACY","REDACTED FOR PRIVACY","Chengdu","Sichuan","REDACTED FOR PRIVACY","China","","REDACTED FOR PRIVACY","REDACTED FOR PRIVACY","REDACTED FOR PRIVACY","REDACTED FOR PRIVACY","REDACTED FOR PRIVACY","Chengdu","Sichuan","REDACTED FOR PRIVACY","China","","REDACTED FOR PRIVACY","REDACTED FOR PRIVACY","","","","","","","","","","","ns1.myhostadmin.net","ns2.myhostadmin.net","","","OK","","",""
"18","lqy.xn--6qq986b3xl","2020-05-10 01:40:46","2020-05-02","","2021-05-02","1599","Alibaba Cloud Computing Ltd. d/b/a HiChina (www.net.cn)","http://whois.hichina.com/","http://www.net.cn","ma jun","ma jun","si chuan sheng da zhou shi wan yuan shi","da zhou shi","si chuan","636350","China","1836430907@qq.com","+86.18228698462","+86.18228698462","ma jun","ma jun","si chuan sheng da zhou shi wan yuan shi","da zhou shi","si chuan","636350","China","1836430907@qq.com","+86.18228698462","+86.18228698462","ma jun","ma jun","si chuan sheng da zhou shi wan yuan shi","da zhou shi","si chuan","636350","China","1836430907@qq.com","+86.18228698462","+86.18228698462","","","","","","","","","","","dns19.hichina.com","dns20.hichina.com","","","OK","","",""
"19","lvsee123.com","2020-05-10 04:18:30","2020-05-02","2020-05-02","2021-05-02","1915","West263 International Limited","whois.hkdns.hk","http://www.hkdns.hk","REDACTED FOR PRIVACY","REDACTED FOR PRIVACY","REDACTED FOR PRIVACY","Chengdu","Sichuan","REDACTED FOR PRIVACY","China","","REDACTED FOR PRIVACY","REDACTED FOR PRIVACY","REDACTED FOR PRIVACY","REDACTED FOR PRIVACY","REDACTED FOR PRIVACY","Chengdu","Sichuan","REDACTED FOR PRIVACY","China","","REDACTED FOR PRIVACY","REDACTED FOR PRIVACY","REDACTED FOR PRIVACY","REDACTED FOR PRIVACY","REDACTED FOR PRIVACY","Chengdu","Sichuan","REDACTED FOR PRIVACY","China","","REDACTED FOR PRIVACY","REDACTED FOR PRIVACY","","","","","","","","","","","ns1.myhostadmin.net","ns2.myhostadmin.net","","","OK","","",""
"20","maixia8.com","2020-05-10 04:18:30","2020-05-02","2020-05-02","2021-05-02","1915","West263 International Limited","whois.hkdns.hk","http://www.hkdns.hk","REDACTED FOR PRIVACY","REDACTED FOR PRIVACY","REDACTED FOR PRIVACY","Chengdu","Sichuan","REDACTED FOR PRIVACY","China","","REDACTED FOR PRIVACY","REDACTED FOR PRIVACY","REDACTED FOR PRIVACY","REDACTED FOR PRIVACY","REDACTED FOR PRIVACY","Chengdu","Sichuan","REDACTED FOR PRIVACY","China","","REDACTED FOR PRIVACY","REDACTED FOR PRIVACY","REDACTED FOR PRIVACY","REDACTED FOR PRIVACY","REDACTED FOR PRIVACY","Chengdu","Sichuan","REDACTED FOR PRIVACY","China","","REDACTED FOR PRIVACY","REDACTED FOR PRIVACY","","","","","","","","","","","ns1.myhostadmin.net","ns2.myhostadmin.net","","","OK","","",""
"21","mirko18.com","2020-05-10 04:18:30","2020-05-02","2020-05-02","2021-05-02","1915","West263 International Limited","whois.hkdns.hk","http://www.hkdns.hk","REDACTED FOR PRIVACY","REDACTED FOR PRIVACY","REDACTED FOR PRIVACY","Chengdu","Sichuan","REDACTED FOR PRIVACY","China","","REDACTED FOR PRIVACY","REDACTED FOR PRIVACY","REDACTED FOR PRIVACY","REDACTED FOR PRIVACY","REDACTED FOR PRIVACY","Chengdu","Sichuan","REDACTED FOR PRIVACY","China","","REDACTED FOR PRIVACY","REDACTED FOR PRIVACY","REDACTED FOR PRIVACY","REDACTED FOR PRIVACY","REDACTED FOR PRIVACY","Chengdu","Sichuan","REDACTED FOR PRIVACY","China","","REDACTED FOR PRIVACY","REDACTED FOR PRIVACY","","","","","","","","","","","ns1.myhostadmin.net","ns2.myhostadmin.net","","","OK","","",""
"22","myphamsach.biz","2020-05-10 18:16:13","2020-05-02","2020-05-07","2021-05-02","1564","TLD Registrar Solutions Ltd.","whois.tldregistrarsolutions.com","http://www.tldregistrarsolutions.com","Whois Privacy Corp.","Whois Privacy Corp.","","","New Providence","","Bahamas","","","","","","","","","","","","","","","","","","","","","","","","","","","","","","","","","","duke.ns.cloudflare.com","elle.ns.cloudflare.com","","","clientTransferProhibited","","",""
"23","oly5965.com","2020-05-10 04:28:01","2020-05-02","2020-05-02","2021-05-02","1915","West263 International Limited","whois.hkdns.hk","http://www.hkdns.hk","REDACTED FOR PRIVACY","REDACTED FOR PRIVACY","REDACTED FOR PRIVACY","Chengdu","Sichuan","REDACTED FOR PRIVACY","China","","REDACTED FOR PRIVACY","REDACTED FOR PRIVACY","REDACTED FOR PRIVACY","REDACTED FOR PRIVACY","REDACTED FOR PRIVACY","Chengdu","Sichuan","REDACTED FOR PRIVACY","China","","REDACTED FOR PRIVACY","REDACTED FOR PRIVACY","REDACTED FOR PRIVACY","REDACTED FOR PRIVACY","REDACTED FOR PRIVACY","Chengdu","Sichuan","REDACTED FOR PRIVACY","China","","REDACTED FOR PRIVACY","REDACTED FOR PRIVACY","","","","","","","","","","","ns1.myhostadmin.net","ns2.myhostadmin.net","","","OK","","",""
"24","public-support.com","2020-05-10 05:35:05","2020-05-02","2020-05-08","2021-05-02","1387","1API GmbH","whois.1api.net","http://www.1api.net","REDACTED FOR PRIVACY","REDACTED FOR PRIVACY","REDACTED FOR PRIVACY","REDACTED FOR PRIVACY","","REDACTED FOR PRIVACY","Switzerland","","REDACTED FOR PRIVACY","","REDACTED FOR PRIVACY","REDACTED FOR PRIVACY","REDACTED FOR PRIVACY","REDACTED FOR PRIVACY","REDACTED FOR PRIVACY","REDACTED FOR PRIVACY","REDACTED FOR PRIVACY","","REDACTED FOR PRIVACY","","REDACTED FOR PRIVACY","REDACTED FOR PRIVACY","REDACTED FOR PRIVACY","REDACTED FOR PRIVACY","REDACTED FOR PRIVACY","REDACTED FOR PRIVACY","REDACTED FOR PRIVACY","","REDACTED FOR PRIVACY","","","","","","","","","","","","ns1.mrj.ch","ns2.mrj.ch","","","clientTransferProhibited","","",""
"25","seattleiracing.chat","2020-05-10 20:45:54","2020-05-02","2020-05-07","2021-05-02","146","GoDaddy.com, LLC","whois.godaddy.com","http://registrar.godaddy.com","REDACTED FOR PRIVACY","","REDACTED FOR PRIVACY","REDACTED FOR PRIVACY","Washington","REDACTED FOR PRIVACY","United States","","REDACTED FOR PRIVACY","REDACTED FOR PRIVACY","","","","","","","","","","","","","","","","","","","","","","","","","","","","","","","","","","","clientDeleteProhibited","clientRenewProhibited","clientTransferProhibited","clientUpdateProhibited"
"26","tuomasmakela.net","2020-05-04 22:41:44","2020-05-02","2020-05-02","2021-05-02","146","GoDaddy.com, LLC","whois.godaddy.com","http://registrar.godaddy.com","","","","","Pistoia","","Italy","","","","","","","","","","","","","","","","","","","","","","","","","","","","","","","","","","ns35.domaincontrol.com","ns36.domaincontrol.com","","","clientDeleteProhibited","clientRenewProhibited","clientTransferProhibited","clientUpdateProhibited"
"27","xiazai84.com","2020-05-10 04:18:31","2020-05-02","2020-05-02","2021-05-02","1915","West263 International Limited","whois.hkdns.hk","http://www.hkdns.hk","REDACTED FOR PRIVACY","REDACTED FOR PRIVACY","REDACTED FOR PRIVACY","Chengdu","Sichuan","REDACTED FOR PRIVACY","China","","REDACTED FOR PRIVACY","REDACTED FOR PRIVACY","REDACTED FOR PRIVACY","REDACTED FOR PRIVACY","REDACTED FOR PRIVACY","Chengdu","Sichuan","REDACTED FOR PRIVACY","China","","REDACTED FOR PRIVACY","REDACTED FOR PRIVACY","REDACTED FOR PRIVACY","REDACTED FOR PRIVACY","REDACTED FOR PRIVACY","Chengdu","Sichuan","REDACTED FOR PRIVACY","China","","REDACTED FOR PRIVACY","REDACTED FOR PRIVACY","","","","","","","","","","","ns1.myhostadmin.net","ns2.myhostadmin.net","","","OK","","",""
"28","yaotao123.com","2020-05-10 04:21:50","2020-05-02","2020-05-02","2021-05-02","1915","West263 International Limited","whois.hkdns.hk","http://www.hkdns.hk","REDACTED FOR PRIVACY","REDACTED FOR PRIVACY","REDACTED FOR PRIVACY","Chengdu","Sichuan","REDACTED FOR PRIVACY","China","","REDACTED FOR PRIVACY","REDACTED FOR PRIVACY","REDACTED FOR PRIVACY","REDACTED FOR PRIVACY","REDACTED FOR PRIVACY","Chengdu","Sichuan","REDACTED FOR PRIVACY","China","","REDACTED FOR PRIVACY","REDACTED FOR PRIVACY","REDACTED FOR PRIVACY","REDACTED FOR PRIVACY","REDACTED FOR PRIVACY","Chengdu","Sichuan","REDACTED FOR PRIVACY","China","","REDACTED FOR PRIVACY","REDACTED FOR PRIVACY","","","","","","","","","","","ns1.myhostadmin.net","ns2.myhostadmin.net","","","OK","","",""
"29","yxt9999.com","2020-05-10 04:17:43","2020-05-02","2020-05-02","2021-05-02","1915","West263 International Limited","whois.hkdns.hk","http://www.hkdns.hk","REDACTED FOR PRIVACY","REDACTED FOR PRIVACY","REDACTED FOR PRIVACY","Chengdu","Sichuan","REDACTED FOR PRIVACY","China","","REDACTED FOR PRIVACY","REDACTED FOR PRIVACY","REDACTED FOR PRIVACY","REDACTED FOR PRIVACY","REDACTED FOR PRIVACY","Chengdu","Sichuan","REDACTED FOR PRIVACY","China","","REDACTED FOR PRIVACY","REDACTED FOR PRIVACY","REDACTED FOR PRIVACY","REDACTED FOR PRIVACY","REDACTED FOR PRIVACY","Chengdu","Sichuan","REDACTED FOR PRIVACY","China","","REDACTED FOR PRIVACY","REDACTED FOR PRIVACY","","","","","","","","","","","ns1.myhostadmin.net","ns2.myhostadmin.net","","","OK","","",""
"30","zenbol.xn--6qq986b3xl","2020-05-10 08:16:19","2020-05-02","","2021-05-02","1599","Alibaba Cloud Computing Ltd. d/b/a HiChina (www.net.cn)","http://whois.hichina.com/","http://www.net.cn","ma ze chao","ma ze chao","chang zhi shi cheng qu chang xing nan lu 70 hao 1 qu 10 hao lou 4 dan yuan 401 hu","chang zhi shi","shan xi","046000","China","547679299@qq.com","+86.16517964298","+86.16517964298","ma ze chao","ma ze chao","chang zhi shi cheng qu chang xing nan lu 70 hao 1 qu 10 hao lou 4 dan yuan 401 hu","chang zhi shi","shan xi","046000","China","547679299@qq.com","+86.16517964298","+86.16517964298","ma ze chao","ma ze chao","chang zhi shi cheng qu chang xing nan lu 70 hao 1 qu 10 hao lou 4 dan yuan 401 hu","chang zhi shi","shan xi","046000","China","547679299@qq.com","+86.16517964298","+86.16517964298","","","","","","","","","","","dns13.hichina.com","dns14.hichina.com","","","OK","","",""
"31","zhifazz88.com","2020-05-10 04:29:03","2020-05-02","2020-05-02","2021-05-02","1915","West263 International Limited","whois.hkdns.hk","http://www.hkdns.hk","REDACTED FOR PRIVACY","REDACTED FOR PRIVACY","REDACTED FOR PRIVACY","Chengdu","Sichuan","REDACTED FOR PRIVACY","China","","REDACTED FOR PRIVACY","REDACTED FOR PRIVACY","REDACTED FOR PRIVACY","REDACTED FOR PRIVACY","REDACTED FOR PRIVACY","Chengdu","Sichuan","REDACTED FOR PRIVACY","China","","REDACTED FOR PRIVACY","REDACTED FOR PRIVACY","REDACTED FOR PRIVACY","REDACTED FOR PRIVACY","REDACTED FOR PRIVACY","Chengdu","Sichuan","REDACTED FOR PRIVACY","China","","REDACTED FOR PRIVACY","REDACTED FOR PRIVACY","","","","","","","","","","","ns1.myhostadmin.net","ns2.myhostadmin.net","","","OK","","",""
"32","zhuhai66.com","2020-05-10 04:17:40","2020-05-02","2020-05-02","2021-05-02","1915","West263 International Limited","whois.hkdns.hk","http://www.hkdns.hk","REDACTED FOR PRIVACY","REDACTED FOR PRIVACY","REDACTED FOR PRIVACY","Chengdu","Sichuan","REDACTED FOR PRIVACY","China","","REDACTED FOR PRIVACY","REDACTED FOR PRIVACY","REDACTED FOR PRIVACY","REDACTED FOR PRIVACY","REDACTED FOR PRIVACY","Chengdu","Sichuan","REDACTED FOR PRIVACY","China","","REDACTED FOR PRIVACY","REDACTED FOR PRIVACY","REDACTED FOR PRIVACY","REDACTED FOR PRIVACY","REDACTED FOR PRIVACY","Chengdu","Sichuan","REDACTED FOR PRIVACY","China","","REDACTED FOR PRIVACY","REDACTED FOR PRIVACY","","","","","","","","","","","ns1.myhostadmin.net","ns2.myhostadmin.net","","","OK","","",""