"num","domain_name","query_time","create_date","update_date","expiry_date","domain_registrar_id","domain_registrar_name","domain_registrar_whois","domain_registrar_url","registrant_name","registrant_company","registrant_address","registrant_city","registrant_state","registrant_zip","registrant_country","registrant_email","registrant_phone","registrant_fax","administrative_name","administrative_company","administrative_address","administrative_city","administrative_state","administrative_zip","administrative_country","administrative_email","administrative_phone","administrative_fax","technical_name","technical_company","technical_address","technical_city","technical_state","technical_zip","technical_country","technical_email","technical_phone","technical_fax","billing_name","billing_company","billing_address","billing_city","billing_state","billing_zip","billing_country","billing_email","billing_phone","billing_fax","name_server_1","name_server_2","name_server_3","name_server_4","domain_status_1","domain_status_2","domain_status_3","domain_status_4"
"1","americandreaminvest.com","2020-05-10 18:41:17","2020-05-03","","2021-05-03","1068","NameCheap, Inc.","whois.namecheap.com","http://www.namecheap.com","WhoisGuard Protected","WhoisGuard, Inc.","P.O. Box 0823-03411","Panama","Panama","","Panama","93999291594d436695998258505f3ee5.protect@whoisguard.com","+507.8365503","+51.17057182","WhoisGuard Protected","WhoisGuard, Inc.","P.O. Box 0823-03411","Panama","Panama","","Panama","93999291594d436695998258505f3ee5.protect@whoisguard.com","+507.8365503","+51.17057182","WhoisGuard Protected","WhoisGuard, Inc.","P.O. Box 0823-03411","Panama","Panama","","Panama","93999291594d436695998258505f3ee5.protect@whoisguard.com","+507.8365503","+51.17057182","","","","","","","","","","","dns1.registrar-servers.com","dns2.registrar-servers.com","","","addPeriod","clientTransferProhibited","",""
"2","co-trendmicro.com","2020-05-10 04:18:28","2020-05-03","2020-05-07","2021-05-03","2487","Internet Domain Services BS Corp","whois.publicinterestregistry.net","http://www.internetbs.net","Domain Admin","Whois Privacy Corp.","Ocean Centre, Montagu Foreshore, East Bay Street","Nassau","New Providence","","Bahamas","co-trendmicro.com-owner-euwr@customers.whoisprivacycorp.com","+1.5163872248","","Domain Admin","Whois Privacy Corp.","Ocean Centre, Montagu Foreshore, East Bay Street","Nassau","New Providence","","Bahamas","co-trendmicro.com-admin-trf6@customers.whoisprivacycorp.com","+1.5163872248","","Domain Admin","Whois Privacy Corp.","Ocean Centre, Montagu Foreshore, East Bay Street","Nassau","New Providence","","Bahamas","co-trendmicro.com-tech-kspb@customers.whoisprivacycorp.com","+1.5163872248","","","","","","","","","","","","sns7.hostgator.in","sns8.hostgator.in","","","OK","","",""
"3","co-webroot.com","2020-05-10 04:18:29","2020-05-03","2020-05-07","2021-05-03","2487","Internet Domain Services BS Corp","whois.publicinterestregistry.net","http://www.internetbs.net","Domain Admin","Whois Privacy Corp.","Ocean Centre, Montagu Foreshore, East Bay Street","Nassau","New Providence","","Bahamas","co-webroot.com-owner-y3qs@customers.whoisprivacycorp.com","+1.5163872248","","Domain Admin","Whois Privacy Corp.","Ocean Centre, Montagu Foreshore, East Bay Street","Nassau","New Providence","","Bahamas","co-webroot.com-admin-opqw@customers.whoisprivacycorp.com","+1.5163872248","","Domain Admin","Whois Privacy Corp.","Ocean Centre, Montagu Foreshore, East Bay Street","Nassau","New Providence","","Bahamas","co-webroot.com-tech-jdrn@customers.whoisprivacycorp.com","+1.5163872248","","","","","","","","","","","","sns7.hostgator.in","sns8.hostgator.in","","","OK","","",""
"4","codeanddata.academy","2020-05-10 14:39:55","2020-05-03","2020-05-08","2021-05-03","1068","NameCheap, Inc.","whois.namecheap.com","http://www.namecheap.com","REDACTED FOR PRIVACY","WhoisGuard, Inc.","REDACTED FOR PRIVACY","REDACTED FOR PRIVACY","Panama","REDACTED FOR PRIVACY","Panama","","REDACTED FOR PRIVACY","REDACTED FOR PRIVACY","","","","","","","","","","","","","","","","","","","","","","","","","","","","","","","","","","","clientTransferProhibited","","",""
"5","debbspeakskingdomrespect.academy","2020-05-10 14:39:48","2020-05-03","2020-05-08","2021-05-03","895","Google, Inc.","whois.rrpproxy.net","http://www.google.com","REDACTED FOR PRIVACY","Contact Privacy Inc. Customer 1247117242","REDACTED FOR PRIVACY","REDACTED FOR PRIVACY","ON","REDACTED FOR PRIVACY","Canada","","REDACTED FOR PRIVACY","REDACTED FOR PRIVACY","","","","","","","","","","","","","","","","","","","","","","","","","","","","","","","","","","","clientTransferProhibited","","",""
"6","deodato.academy","2020-05-10 14:39:50","2020-05-03","2020-05-08","2022-05-03","146","GoDaddy.com, LLC","whois.godaddy.com","http://registrar.godaddy.com","REDACTED FOR PRIVACY","QWERTY SA","REDACTED FOR PRIVACY","REDACTED FOR PRIVACY","Lugano","REDACTED FOR PRIVACY","Switzerland","","REDACTED FOR PRIVACY","REDACTED FOR PRIVACY","","","","","","","","","","","","","","","","","","","","","","","","","","","","","","","","","","","clientDeleteProhibited","clientRenewProhibited","clientTransferProhibited","clientUpdateProhibited"
"7","donate.today","2020-05-10 08:43:55","2020-05-03","2020-05-08","2021-05-03","1366","Xiamen ChinaSource Internet Service Co., Ltd.","whois.cnolnic.com","http://www.zzy.cn","REDACTED FOR PRIVACY","Caofeng","REDACTED FOR PRIVACY","REDACTED FOR PRIVACY","Others","REDACTED FOR PRIVACY","China","","REDACTED FOR PRIVACY","REDACTED FOR PRIVACY","","","","","","","","","","","","","","","","","","","","","","","","","","","","","","","","","","","clientTransferProhibited","","",""
"8","evanhousel.com","2020-05-04 19:03:08","2020-05-03","2020-05-03","2022-05-03","1154","FastDomain Inc.","whois.fastdomain.com","http://www.fastdomain.com","DOMAIN PRIVACY SERVICE FBO REGISTRANT","THE ENDURANCE INTERNATIONAL GROUP, INC.","10 CORPORATE DR, STE 300","BURLINGTON","MASSACHUSETTS","01803","United States","whois@bluehost.com","+1.8017659400","","DOMAIN PRIVACY SERVICE FBO REGISTRANT","THE ENDURANCE INTERNATIONAL GROUP, INC.","10 CORPORATE DR, STE 300","BURLINGTON","MASSACHUSETTS","01803","United States","whois@bluehost.com","+1.8017659400","","DOMAIN PRIVACY SERVICE FBO REGISTRANT","THE ENDURANCE INTERNATIONAL GROUP, INC.","10 CORPORATE DR, STE 300","BURLINGTON","MASSACHUSETTS","01803","United States","whois@bluehost.com","+1.8017659400","","","","","","","","","","","","ns1.bluehost.com","ns2.bluehost.com","","","clientTransferProhibited","","",""
"9","facemaskexpress.biz","2020-05-10 17:00:43","2020-05-03","2020-05-08","2021-05-03","2","Network Solutions, LLC","whois.networksolutions.com","http://networksolutions.com","","","","","FL","","United States","","","","","","","","","","","","","","","","","","","","","","","","","","","","","","","","","","ns1.dnsbycomodo.net","ns2.dnsbycomodo.net","","","clientTransferProhibited","","",""
"10","faceprotectionmasks.biz","2020-05-10 17:00:43","2020-05-03","2020-05-08","2021-05-03","146","GoDaddy.com, LLC","whois.godaddy.com","http://registrar.godaddy.com","","","","","London","","United Kingdom","","","","","","","","","","","","","","","","","","","","","","","","","","","","","","","","","","ns27.domaincontrol.com","ns28.domaincontrol.com","","","clientDeleteProhibited","clientRenewProhibited","clientTransferProhibited","clientUpdateProhibited"
"11","fakenews.show","2020-05-10 09:55:24","2020-05-03","2020-05-08","2021-05-03","1861","Porkbun, LLC","whois.porkbun.com","http://porkbun.com","REDACTED FOR PRIVACY","Private by Design, LLC","REDACTED FOR PRIVACY","REDACTED FOR PRIVACY","NC","REDACTED FOR PRIVACY","United States","","REDACTED FOR PRIVACY","REDACTED FOR PRIVACY","","","","","","","","","","","","","","","","","","","","","","","","","","","","","","","","","","","clientDeleteProhibited","clientTransferProhibited","",""
"12","feelreal.show","2020-05-10 09:55:22","2020-05-03","2020-05-08","2021-05-03","146","GoDaddy.com, LLC","whois.godaddy.com","http://registrar.godaddy.com","REDACTED FOR PRIVACY","Youcanevent","REDACTED FOR PRIVACY","REDACTED FOR PRIVACY","California","REDACTED FOR PRIVACY","United States","","REDACTED FOR PRIVACY","REDACTED FOR PRIVACY","","","","","","","","","","","","","","","","","","","","","","","","","","","","","","","","","","","clientDeleteProhibited","clientRenewProhibited","clientTransferProhibited","clientUpdateProhibited"
"13","lmh.xn--6qq986b3xl","2020-05-10 01:40:48","2020-05-03","","2021-05-03","1599","Alibaba Cloud Computing Ltd. d/b/a HiChina (www.net.cn)","http://whois.hichina.com/","http://www.net.cn","Zhang Wei","Zhang Wei","East Campus of Sun Yat-sen University, Panyu District, Guangzhou City, Guangdong Province","Guangzhou City","Guangdong Province","510007","China","2466803823@qq.com","+86.18908722539","+86.18908722539","Zhang Wei","Zhang Wei","East Campus of Sun Yat-sen University, Panyu District, Guangzhou City, Guangdong Province","Guangzhou City","Guangdong Province","510007","China","2466803823@qq.com","+86.18908722539","+86.18908722539","Zhang Wei","Zhang Wei","East Campus of Sun Yat-sen University, Panyu District, Guangzhou City, Guangdong Province","Guangzhou City","Guangdong Province","510007","China","2466803823@qq.com","+86.18908722539","+86.18908722539","","","","","","","","","","","dns7.hichina.com","dns8.hichina.com","","","OK","","",""
"14","maskbuddy.biz","2020-05-10 18:02:05","2020-05-03","2020-05-08","2021-05-03","1068","NameCheap, Inc.","whois.namecheap.com","http://www.namecheap.com","WhoisGuard, Inc.","WhoisGuard, Inc.","","","Panama","","Panama","","","","","","","","","","","","","","","","","","","","","","","","","","","","","","","","","","dns1.registrar-servers.com","dns2.registrar-servers.com","","","clientTransferProhibited","","",""
"15","oblivionthoughts.com","2020-05-05 20:38:11","2020-05-03","2020-05-03","2021-05-03","1515","Webfusion Ltd.","whois.123-reg.co.uk","http://www.123-reg.co.uk","REDACTED FOR PRIVACY","","REDACTED FOR PRIVACY","REDACTED FOR PRIVACY","","REDACTED FOR PRIVACY","Bangladesh","","REDACTED FOR PRIVACY","REDACTED FOR PRIVACY","","","","","","","","","","","","","","","","","","","","","","","","","","","","","","","ns1.wordplace.io","ns2.wordplace.io","","","clientDeleteProhibited","clientTransferProhibited","clientUpdateProhibited",""
"16","olsencorporation.biz","2020-05-10 18:25:13","2020-05-03","2020-05-08","2021-05-03","146","GoDaddy.com, LLC","whois.godaddy.com","http://registrar.godaddy.com","Concept Softworks","Concept Softworks","","","Arizona","","United States","","","","","","","","","","","","","","","","","","","","","","","","","","","","","","","","","","ns35.domaincontrol.com","ns36.domaincontrol.com","","","clientDeleteProhibited","clientRenewProhibited","clientTransferProhibited","clientUpdateProhibited"
"17","ozome-tour.com","2020-05-10 04:55:00","2020-05-03","2020-05-07","2021-05-03","48","eNom, Inc.","whois.enom.com","http://www.enom.com","REDACTED FOR PRIVACY","REDACTED FOR PRIVACY","REDACTED FOR PRIVACY","REDACTED FOR PRIVACY","TX","REDACTED FOR PRIVACY","United States","","REDACTED FOR PRIVACY","REDACTED FOR PRIVACY","REDACTED FOR PRIVACY","REDACTED FOR PRIVACY","REDACTED FOR PRIVACY","REDACTED FOR PRIVACY","REDACTED FOR PRIVACY","REDACTED FOR PRIVACY","REDACTED FOR PRIVACY","","REDACTED FOR PRIVACY","REDACTED FOR PRIVACY","REDACTED FOR PRIVACY","REDACTED FOR PRIVACY","REDACTED FOR PRIVACY","REDACTED FOR PRIVACY","REDACTED FOR PRIVACY","REDACTED FOR PRIVACY","REDACTED FOR PRIVACY","","REDACTED FOR PRIVACY","REDACTED FOR PRIVACY","","","","","","","","","","","ns1000.mochahost.com","ns2000.mochahost.com","","","OK","","",""
"18","pika.show","2020-05-10 09:53:46","2020-05-03","2020-05-08","2021-05-03","1068","NameCheap, Inc.","whois.namecheap.com","http://www.namecheap.com","REDACTED FOR PRIVACY","WhoisGuard, Inc.","REDACTED FOR PRIVACY","REDACTED FOR PRIVACY","Panama","REDACTED FOR PRIVACY","Panama","","REDACTED FOR PRIVACY","REDACTED FOR PRIVACY","","","","","","","","","","","","","","","","","","","","","","","","","","","","","","","","","","","clientTransferProhibited","","",""
"19","pk17205.com","2020-05-10 06:18:18","2020-05-03","2020-05-08","2021-05-03","471","Bizcn.com, Inc.","whois.bizcn.com","http://www.bizcn.com","","","","","Henan","","China","","","","","","","","","","","","","","","","","","","","","","","","","","","","","","","","","","ns1.bdydns.cn","ns2.bdydns.cn","","","clientDeleteProhibited","clientTransferProhibited","",""
"20","producttherapy.show","2020-05-10 09:53:45","2020-05-03","2020-05-08","2021-05-03","1068","NameCheap, Inc.","whois.namecheap.com","http://www.namecheap.com","REDACTED FOR PRIVACY","WhoisGuard, Inc.","REDACTED FOR PRIVACY","REDACTED FOR PRIVACY","Panama","REDACTED FOR PRIVACY","Panama","","REDACTED FOR PRIVACY","REDACTED FOR PRIVACY","","","","","","","","","","","","","","","","","","","","","","","","","","","","","","","","","","","clientTransferProhibited","","",""
"21","telegram.show","2020-05-10 09:53:14","2020-05-03","2020-05-08","2021-05-03","472","Dynadot, LLC","whois.dynadot.com","http://www.dynadot.com","REDACTED FOR PRIVACY","","REDACTED FOR PRIVACY","REDACTED FOR PRIVACY","California","REDACTED FOR PRIVACY","United States","","REDACTED FOR PRIVACY","REDACTED FOR PRIVACY","","","","","","","","","","","","","","","","","","","","","","","","","","","","","","","","","","","clientTransferProhibited","","",""
"22","thenumberone.co.uk","2020-05-10 02:34:04","2020-05-03","2020-05-06","2021-05-03","","","","","Tim Hall","","241 Highland Drive Loughborough Leicestershire","","","LE11 2QF","United Kingdom","","","","","","","","","","","","","","","","","","","","","","","","","","","","","","","","","","ns1.wyosecure.com","ns2.wyosecure.com","","","Nominet was able to match the registrants name and address against a rd party data source on Jun","Registered until expiry date","",""
"23","vic.amsterdam","2020-05-10 15:06:16","2020-05-03","2020-05-03","2021-05-03","2288","Metaregistrar BV Applications","whois.eu","","REDACTED FOR PRIVACY","","REDACTED FOR PRIVACY","REDACTED FOR PRIVACY","","REDACTED FOR PRIVACY","Netherlands","","REDACTED FOR PRIVACY","REDACTED FOR PRIVACY","REDACTED FOR PRIVACY","REDACTED FOR PRIVACY","REDACTED FOR PRIVACY","REDACTED FOR PRIVACY","","REDACTED FOR PRIVACY","REDACTED FOR PRIVACY","","REDACTED FOR PRIVACY","REDACTED FOR PRIVACY","REDACTED FOR PRIVACY","REDACTED FOR PRIVACY","REDACTED FOR PRIVACY","REDACTED FOR PRIVACY","","REDACTED FOR PRIVACY","REDACTED FOR PRIVACY","","REDACTED FOR PRIVACY","REDACTED FOR PRIVACY","","","","","","","","","","","ns1.metaregistrar.nl","ns2.metaregistrar.nl","","","OK","","",""
"24","virtualfashion.show","2020-05-10 09:53:04","2020-05-03","2020-05-08","2021-05-03","472","Dynadot, LLC","whois.dynadot.com","http://www.dynadot.com","REDACTED FOR PRIVACY","","REDACTED FOR PRIVACY","REDACTED FOR PRIVACY","California","REDACTED FOR PRIVACY","United States","","REDACTED FOR PRIVACY","REDACTED FOR PRIVACY","","","","","","","","","","","","","","","","","","","","","","","","","","","","","","","","","","","clientTransferProhibited","","",""
"25","windmillinnroseburg.com","2020-05-10 04:34:15","2020-05-03","2020-05-08","2021-05-03","2487","Internet Domain Services BS Corp","whois.publicinterestregistry.net","http://www.internetbs.net","Domain Admin","Whois Privacy Corp.","Ocean Centre, Montagu Foreshore, East Bay Street","Nassau","New Providence","","Bahamas","windmillinnroseburg.com-owner-ug8q@customers.whoisprivacycorp.com","+1.5163872248","","Domain Admin","Whois Privacy Corp.","Ocean Centre, Montagu Foreshore, East Bay Street","Nassau","New Providence","","Bahamas","windmillinnroseburg.com-admin-l892@customers.whoisprivacycorp.com","+1.5163872248","","Domain Admin","Whois Privacy Corp.","Ocean Centre, Montagu Foreshore, East Bay Street","Nassau","New Providence","","Bahamas","windmillinnroseburg.com-tech-cvax@customers.whoisprivacycorp.com","+1.5163872248","","","","","","","","","","","","dns.doctorhoster.com","mars.doctorhoster.com","","","clientTransferProhibited","ok","",""
"26","xn--j6w193g.xn--1qqw23a","2020-05-10 08:32:56","2020-05-03","2020-05-08","2021-05-03","1599","Alibaba Cloud Computing Ltd. d/b/a HiChina (www.net.cn)","http://whois.hichina.com/","http://www.net.cn","???","???","","","??","","China","","","","","","","","","","","","","","","","","","","","","","","","","","","","","","","","","","dns23.hichina.com","dns24.hichina.com","","","OK","","",""