"num","domain_name","query_time","create_date","update_date","expiry_date","domain_registrar_id","domain_registrar_name","domain_registrar_whois","domain_registrar_url","registrant_name","registrant_company","registrant_address","registrant_city","registrant_state","registrant_zip","registrant_country","registrant_email","registrant_phone","registrant_fax","administrative_name","administrative_company","administrative_address","administrative_city","administrative_state","administrative_zip","administrative_country","administrative_email","administrative_phone","administrative_fax","technical_name","technical_company","technical_address","technical_city","technical_state","technical_zip","technical_country","technical_email","technical_phone","technical_fax","billing_name","billing_company","billing_address","billing_city","billing_state","billing_zip","billing_country","billing_email","billing_phone","billing_fax","name_server_1","name_server_2","name_server_3","name_server_4","domain_status_1","domain_status_2","domain_status_3","domain_status_4"
"1","clicknbuy.biz","2020-05-10 16:28:08","2020-05-01","2020-05-06","2022-05-01","2","Network Solutions, LLC","whois.networksolutions.com","http://networksolutions.com","","","","","FL","","United States","","","","","","","","","","","","","","","","","","","","","","","","","","","","","","","","","","ns14.wixdns.net","ns15.wixdns.net","","","clientTransferProhibited","","",""
"2","echelon.solar","2020-05-10 09:39:24","2020-05-01","2020-05-06","2021-05-01","895","Google, Inc.","whois.rrpproxy.net","http://www.google.com","REDACTED FOR PRIVACY","Contact Privacy Inc. Customer 1247104270","REDACTED FOR PRIVACY","REDACTED FOR PRIVACY","ON","REDACTED FOR PRIVACY","Canada","","REDACTED FOR PRIVACY","REDACTED FOR PRIVACY","","","","","","","","","","","","","","","","","","","","","","","","","","","","","","","","","","","clientTransferProhibited","","",""
"3","fabpmm.biz","2020-05-10 17:00:43","2020-05-01","2020-05-06","2021-05-01","49","GMO Internet Inc.","whois.discount-domain.com","http://www.onamae.com","Create,LLC","Create,LLC","","","Chiba","","Japan","","","","","","","","","","","","","","","","","","","","","","","","","","","","","","","","","","ns124-02.ace02-gm.net","ns124.ace02-gm.net","","","OK","","",""
"4","facecovers.biz","2020-05-10 17:00:43","2020-05-01","2020-05-06","2021-05-01","146","GoDaddy.com, LLC","whois.godaddy.com","http://registrar.godaddy.com","","","","","East Sussex","","United Kingdom","","","","","","","","","","","","","","","","","","","","","","","","","","","","","","","","","","ns59.domaincontrol.com","ns60.domaincontrol.com","","","clientDeleteProhibited","clientRenewProhibited","clientTransferProhibited","clientUpdateProhibited"
"5","jingyuan361.com","2020-05-10 04:58:34","2020-05-01","2020-05-01","2021-05-01","3824","Cloud Yuqu LLC","","","REDACTED FOR PRIVACY","REDACTED FOR PRIVACY","REDACTED FOR PRIVACY","Chengdu","Sichuan","REDACTED FOR PRIVACY","China","","REDACTED FOR PRIVACY","REDACTED FOR PRIVACY","REDACTED FOR PRIVACY","REDACTED FOR PRIVACY","REDACTED FOR PRIVACY","Chengdu","Sichuan","REDACTED FOR PRIVACY","China","","REDACTED FOR PRIVACY","REDACTED FOR PRIVACY","REDACTED FOR PRIVACY","REDACTED FOR PRIVACY","REDACTED FOR PRIVACY","Chengdu","Sichuan","REDACTED FOR PRIVACY","China","","REDACTED FOR PRIVACY","REDACTED FOR PRIVACY","","","","","","","","","","","ns3.myhostadmin.net","ns4.myhostadmin.net","","","OK","","",""
"6","nyx.kr","2020-05-10 01:50:01","2020-05-01","2020-05-09","2021-05-01","","","","","???","","","","","","","","","","???","","","","","","","admin@ayin.app","","","","","","","","","","","","","","","","","","","","","","","","","","","","","",""
"7","stillerreflux.com","2020-05-10 05:03:37","2020-05-01","2020-05-08","2021-05-01","1387","1API GmbH","whois.1api.net","http://www.1api.net","REDACTED FOR PRIVACY","REDACTED FOR PRIVACY","REDACTED FOR PRIVACY","REDACTED FOR PRIVACY","","REDACTED FOR PRIVACY","Switzerland","","REDACTED FOR PRIVACY","","REDACTED FOR PRIVACY","REDACTED FOR PRIVACY","REDACTED FOR PRIVACY","REDACTED FOR PRIVACY","REDACTED FOR PRIVACY","REDACTED FOR PRIVACY","REDACTED FOR PRIVACY","","REDACTED FOR PRIVACY","","REDACTED FOR PRIVACY","REDACTED FOR PRIVACY","REDACTED FOR PRIVACY","REDACTED FOR PRIVACY","REDACTED FOR PRIVACY","REDACTED FOR PRIVACY","REDACTED FOR PRIVACY","","REDACTED FOR PRIVACY","","","","","","","","","","","","ns1.cyon.ch","ns2.cyon.ch","","","clientTransferProhibited","","",""
"8","xn--9hv193g.xn--6qq986b3xl","2020-05-10 08:26:11","2020-05-01","2020-05-01","2021-05-01","1599","Alibaba Cloud Computing Ltd. d/b/a HiChina (www.net.cn)","http://whois.hichina.com/","http://www.net.cn","hua li min","hua li min","yi wu shi dan xi bei lu 143 hao yi chuang yi dan yuan 202 shi","jin hua shi","zhe jiang","322000","China","fyc1099042993@outlook.com","+86.15727966688","+86.15727966688","hua li min","hua li min","yi wu shi dan xi bei lu 143 hao yi chuang yi dan yuan 202 shi","jin hua shi","zhe jiang","322000","China","fyc1099042993@outlook.com","+86.15727966688","+86.15727966688","hua li min","hua li min","yi wu shi dan xi bei lu 143 hao yi chuang yi dan yuan 202 shi","jin hua shi","zhe jiang","322000","China","fyc1099042993@outlook.com","+86.15727966688","+86.15727966688","","","","","","","","","","","dns21.hichina.com","dns22.hichina.com","","","OK","","",""
"9","yosoymexicofundacion.com","2020-05-10 04:03:18","2020-05-01","2020-05-07","2021-05-01","1705","Network Information Center Mexico, S.C.","whois.inregistry.in","http://www.akky.mx","abraham hernandez aleman","","Almendros 170 int casta~os 123-2 naucalpan","naucalpan","Mexico","53200","Mexico","irmaruizluna@gmail.com","+52.5553623250","","abraham hernandez aleman","","Almendros 170 int casta~os 123-2 naucalpan","naucalpan","Mexico","53200","Mexico","irmaruizluna@gmail.com","+52.5553623250","","abraham hernandez aleman","","Almendros 170 int casta~os 123-2 naucalpan","naucalpan","Mexico","53200","Mexico","irmaruizluna@gmail.com","+52.5553623250","","","","","","","","","","","","dns1.sered.net","dns2.sered.net","","","clientTransferProhibited","","",""