"num","domain_name","query_time","create_date","update_date","expiry_date","domain_registrar_id","domain_registrar_name","domain_registrar_whois","domain_registrar_url","registrant_name","registrant_company","registrant_address","registrant_city","registrant_state","registrant_zip","registrant_country","registrant_email","registrant_phone","registrant_fax","administrative_name","administrative_company","administrative_address","administrative_city","administrative_state","administrative_zip","administrative_country","administrative_email","administrative_phone","administrative_fax","technical_name","technical_company","technical_address","technical_city","technical_state","technical_zip","technical_country","technical_email","technical_phone","technical_fax","billing_name","billing_company","billing_address","billing_city","billing_state","billing_zip","billing_country","billing_email","billing_phone","billing_fax","name_server_1","name_server_2","name_server_3","name_server_4","domain_status_1","domain_status_2","domain_status_3","domain_status_4"
"1","068tw.com","2020-05-10 16:14:45","2020-05-09","2020-05-09","2021-05-09","146","GoDaddy.com, LLC","whois.godaddy.com","http://registrar.godaddy.com","","","","","Anhui","","China","","","","","","","","","","","","","","","","","","","","","","","","","","","","","","","","","","ns45.domaincontrol.com","ns46.domaincontrol.com","","","clientDeleteProhibited","clientRenewProhibited","clientTransferProhibited","clientUpdateProhibited"
"2","0bil-e-accept-ca5fb.com","2020-05-10 08:14:11","2020-05-09","2020-05-09","2021-05-09","1647","Hosting Concepts B.V. dba Openprovider","whois.registrar.eu","http://www.openprovider.com","REDACTED FOR PRIVACY","Whois Privacy Protection Foundation","REDACTED FOR PRIVACY","REDACTED FOR PRIVACY","Zuid-Holland","REDACTED FOR PRIVACY","Netherlands","","REDACTED FOR PRIVACY","REDACTED FOR PRIVACY","REDACTED FOR PRIVACY","REDACTED FOR PRIVACY","REDACTED FOR PRIVACY","REDACTED FOR PRIVACY","REDACTED FOR PRIVACY","REDACTED FOR PRIVACY","REDACTED FOR PRIVACY","","REDACTED FOR PRIVACY","REDACTED FOR PRIVACY","REDACTED FOR PRIVACY","REDACTED FOR PRIVACY","REDACTED FOR PRIVACY","REDACTED FOR PRIVACY","REDACTED FOR PRIVACY","REDACTED FOR PRIVACY","REDACTED FOR PRIVACY","","REDACTED FOR PRIVACY","REDACTED FOR PRIVACY","","","","","","","","","","","ns1.digitalocean.com","ns2.digitalocean.com","ns3.digitalocean.com","","clientTransferProhibited","ok","",""
"3","1109lu.com","2020-05-10 16:01:58","2020-05-09","2020-05-09","2021-05-09","146","GoDaddy.com, LLC","whois.godaddy.com","http://registrar.godaddy.com","","","","","Si Chuan Sheng","","Vietnam","","","","","","","","","","","","","","","","","","","","","","","","","","","","","","","","","","ns45.domaincontrol.com","ns46.domaincontrol.com","","","clientDeleteProhibited","clientRenewProhibited","clientTransferProhibited","clientUpdateProhibited"
"4","186.gold","2020-05-11 00:21:05","2020-05-09","2020-05-09","2021-05-09","1599","Alibaba Cloud Computing Ltd. d/b/a HiChina (www.net.cn)","http://whois.hichina.com/","http://www.net.cn","REDACTED FOR PRIVACY","songyanyu","REDACTED FOR PRIVACY","REDACTED FOR PRIVACY","bei jing","REDACTED FOR PRIVACY","China","","REDACTED FOR PRIVACY","REDACTED FOR PRIVACY","","","","","","","","","","","","","","","","","","","","","","","","","","","","","","","","","","","addPeriod","","",""
"5","6cosegarra.cat","2020-05-10 20:34:24","2020-05-09","","2021-05-09","76","Nominalia Internet S.L.","whois.nominalia.com","http://www.nominalia.com","Francesc Segarra Prades","Francesc Segarra Prades","","","L","","Spain","","","","","","","","","","","","","","","","","","","","","","","","","","","","","","","","","","dns1.nominalia.com","dns2.nominalia.com","","","addPeriod","serverTransferProhibited","",""
"6","advancecleanup.blue","2020-05-10 20:04:16","2020-05-09","2020-05-09","2021-05-09","303","PDR Ltd. d/b/a PublicDomainRegistry.com","whois.publicdomainregistry.com","http://www.publicdomainregistry.com","Roberts Pet Ltd","Roberts Pet Ltd","","","Not Applicable","","Hong Kong","","","","","","","","","","","","","","","","","","","","","","","","","","","","","","","","","","natsavpanel.earth.orderbox-dns.com","natsavpanel.mars.orderbox-dns.com","natsavpanel.mercury.orderbox-dns.com","natsavpanel.venus.orderbox-dns.com","addPeriod","clientTransferProhibited","serverTransferProhibited",""
"7","advancespeed.blue","2020-05-10 20:04:17","2020-05-09","2020-05-09","2021-05-09","303","PDR Ltd. d/b/a PublicDomainRegistry.com","whois.publicdomainregistry.com","http://www.publicdomainregistry.com","Roberts Pet Ltd","Roberts Pet Ltd","","","Not Applicable","","Hong Kong","","","","","","","","","","","","","","","","","","","","","","","","","","","","","","","","","","natsavpanel.earth.orderbox-dns.com","natsavpanel.mars.orderbox-dns.com","natsavpanel.mercury.orderbox-dns.com","natsavpanel.venus.orderbox-dns.com","addPeriod","clientTransferProhibited","serverTransferProhibited",""
"8","affirm.systems","2020-05-10 09:02:55","2020-05-09","2020-05-09","2021-05-09","69","Tucows Domains Inc.","whois.tucows.com","http://domainhelp.opensrs.net","REDACTED FOR PRIVACY","Contact Privacy Inc. Customer 0157869104","REDACTED FOR PRIVACY","REDACTED FOR PRIVACY","ON","REDACTED FOR PRIVACY","Canada","","REDACTED FOR PRIVACY","REDACTED FOR PRIVACY","","","","","","","","","","","","","","","","","","","","","","","","","","","","","","","","","","","addPeriod","clientTransferProhibited","clientUpdateProhibited",""
"9","allinone.bet","2020-05-10 15:31:39","2020-05-09","2020-05-09","2022-05-09","146","GoDaddy.com, LLC","whois.godaddy.com","http://registrar.godaddy.com","Domains By Proxy, LLC","Domains By Proxy, LLC","","","Arizona","","United States","","","","","","","","","","","","","","","","","","","","","","","","","","","","","","","","","","ns47.domaincontrol.com","ns48.domaincontrol.com","","","addPeriod","clientDeleteProhibited","clientRenewProhibited","clientTransferProhibited"
"10","analsex.blue","2020-05-10 20:03:40","2020-05-09","2020-05-09","2021-05-09","1068","NameCheap, Inc.","whois.namecheap.com","http://www.namecheap.com","WhoisGuard, Inc.","WhoisGuard, Inc.","","","Panama","","Panama","","","","","","","","","","","","","","","","","","","","","","","","","","","","","","","","","","ns1.sedoparking.com","ns2.sedoparking.com","","","addPeriod","clientTransferProhibited","serverTransferProhibited",""
"11","arman.gold","2020-05-11 00:21:05","2020-05-09","2020-05-09","2021-05-09","113","CSL Computer Service Langenbach GmbH d/b/a joker.com","whois.joker.com","http://www.joker.com","REDACTED FOR PRIVACY","","REDACTED FOR PRIVACY","REDACTED FOR PRIVACY","","REDACTED FOR PRIVACY","Canada","","REDACTED FOR PRIVACY","REDACTED FOR PRIVACY","","","","","","","","","","","","","","","","","","","","","","","","","","","","","","","","","","","addPeriod","clientTransferProhibited","",""
"12","atharvakurde.guru","2020-05-11 00:30:51","2020-05-09","2020-05-09","2021-05-09","1068","NameCheap, Inc.","whois.namecheap.com","http://www.namecheap.com","REDACTED FOR PRIVACY","WhoisGuard, Inc.","REDACTED FOR PRIVACY","REDACTED FOR PRIVACY","Panama","REDACTED FOR PRIVACY","Panama","","REDACTED FOR PRIVACY","REDACTED FOR PRIVACY","","","","","","","","","","","","","","","","","","","","","","","","","","","","","","","","","","","addPeriod","clientTransferProhibited","",""
"13","audit.email","2020-05-10 22:54:31","2020-05-09","2020-05-09","2021-05-09","1463","Global Domains International, Inc. DBA DomainCostClub.com","whois.nic.uk","http://www.domaincostclub.com","REDACTED FOR PRIVACY","iWeb GmbH","REDACTED FOR PRIVACY","REDACTED FOR PRIVACY","BERLIN","REDACTED FOR PRIVACY","Germany","","REDACTED FOR PRIVACY","REDACTED FOR PRIVACY","","","","","","","","","","","","","","","","","","","","","","","","","","","","","","","","","","","addPeriod","clientTransferProhibited","",""
"14","aula.blue","2020-05-10 20:03:13","2020-05-09","2020-05-10","2021-05-09","49","GMO Internet Inc.","whois.discount-domain.com","http://www.onamae.com","Whois Privacy Protection Service by MuuMuuDomain","Whois Privacy Protection Service by MuuMuuDomain","","","Fukuoka","","Japan","","","","","","","","","","","","","","","","","","","","","","","","","","","","","","","","","","dns01.muumuu-domain.com","dns02.muumuu-domain.com","","","addPeriod","clientTransferProhibited","serverTransferProhibited",""
"15","avynu.digital","2020-05-10 22:31:39","2020-05-09","2020-05-09","2021-05-09","146","GoDaddy.com, LLC","whois.godaddy.com","http://registrar.godaddy.com","REDACTED FOR PRIVACY","R-BOL","REDACTED FOR PRIVACY","REDACTED FOR PRIVACY","Indiana","REDACTED FOR PRIVACY","United States","","REDACTED FOR PRIVACY","REDACTED FOR PRIVACY","","","","","","","","","","","","","","","","","","","","","","","","","","","","","","","","","","","addPeriod","clientDeleteProhibited","clientRenewProhibited","clientTransferProhibited"
"16","awake.gold","2020-05-11 00:21:04","2020-05-09","2020-05-09","2021-05-09","1068","NameCheap, Inc.","whois.namecheap.com","http://www.namecheap.com","REDACTED FOR PRIVACY","WhoisGuard, Inc.","REDACTED FOR PRIVACY","REDACTED FOR PRIVACY","Panama","REDACTED FOR PRIVACY","Panama","","REDACTED FOR PRIVACY","REDACTED FOR PRIVACY","","","","","","","","","","","","","","","","","","","","","","","","","","","","","","","","","","","addPeriod","clientTransferProhibited","",""
"17","bankcoinreserve.black","2020-05-10 20:01:28","2020-05-09","2020-05-09","2022-05-09","146","GoDaddy.com, LLC","whois.godaddy.com","http://registrar.godaddy.com","Domains By Proxy, LLC","Domains By Proxy, LLC","","","Arizona","","United States","","","","","","","","","","","","","","","","","","","","","","","","","","","","","","","","","","ns55.domaincontrol.com","ns56.domaincontrol.com","","","addPeriod","clientDeleteProhibited","clientRenewProhibited","clientTransferProhibited"
"18","banshuge.com","2020-05-10 22:27:02","2020-05-09","2020-05-09","2021-05-09","146","GoDaddy.com, LLC","whois.godaddy.com","http://registrar.godaddy.com","","","","","Zhejiang","","China","","","","","","","","","","","","","","","","","","","","","","","","","","","","","","","","","","ns59.domaincontrol.com","ns60.domaincontrol.com","","","clientDeleteProhibited","clientRenewProhibited","clientTransferProhibited","clientUpdateProhibited"
"19","banshuwu.com","2020-05-10 22:27:03","2020-05-09","2020-05-09","2021-05-09","146","GoDaddy.com, LLC","whois.godaddy.com","http://registrar.godaddy.com","","","","","Zhejiang","","China","","","","","","","","","","","","","","","","","","","","","","","","","","","","","","","","","","ns69.domaincontrol.com","ns70.domaincontrol.com","","","clientDeleteProhibited","clientRenewProhibited","clientTransferProhibited","clientUpdateProhibited"
"20","banwenge.com","2020-05-10 22:28:43","2020-05-09","2020-05-09","2021-05-09","146","GoDaddy.com, LLC","whois.godaddy.com","http://registrar.godaddy.com","","","","","Zhejiang","","China","","","","","","","","","","","","","","","","","","","","","","","","","","","","","","","","","","ns15.domaincontrol.com","ns16.domaincontrol.com","","","clientDeleteProhibited","clientRenewProhibited","clientTransferProhibited","clientUpdateProhibited"
"21","bazartala.gold","2020-05-11 00:21:04","2020-05-09","2020-05-09","2021-05-09","1291","Crazy Domains FZ-LLC","whois.crazydomains.com","http://www.crazydomains.com","REDACTED FOR PRIVACY","Private Registry Authority","REDACTED FOR PRIVACY","REDACTED FOR PRIVACY","NSW","REDACTED FOR PRIVACY","Australia","","REDACTED FOR PRIVACY","REDACTED FOR PRIVACY","","","","","","","","","","","","","","","","","","","","","","","","","","","","","","","","","","","addPeriod","","",""
"22","becton1transportation.com","2020-05-10 03:55:20","2020-05-09","2020-05-09","2021-05-09","83","1&1 Internet AG","whois.schlund.info","http://1and1.com","REDACTED FOR PRIVACY","1&1 Internet Inc","REDACTED FOR PRIVACY","REDACTED FOR PRIVACY","PA","REDACTED FOR PRIVACY","United States","dataprivacyprotected@1und1.de","REDACTED FOR PRIVACY","REDACTED FOR PRIVACY","REDACTED FOR PRIVACY","REDACTED FOR PRIVACY","REDACTED FOR PRIVACY","REDACTED FOR PRIVACY","REDACTED FOR PRIVACY","REDACTED FOR PRIVACY","REDACTED FOR PRIVACY","dataprivacyprotected@1und1.de","REDACTED FOR PRIVACY","REDACTED FOR PRIVACY","REDACTED FOR PRIVACY","REDACTED FOR PRIVACY","REDACTED FOR PRIVACY","REDACTED FOR PRIVACY","REDACTED FOR PRIVACY","REDACTED FOR PRIVACY","REDACTED FOR PRIVACY","dataprivacyprotected@1und1.de","REDACTED FOR PRIVACY","REDACTED FOR PRIVACY","","","","","","","","","","","ns1059.ui-dns.com","ns1070.ui-dns.de","ns1080.ui-dns.biz","ns1107.ui-dns.org","addPeriod","clientTransferProhibited","",""
"23","bee.black","2020-05-10 20:01:28","2020-05-09","2020-05-09","2021-05-09","1697","DNSPod, Inc.","whois.dnspod.com","http:// www.dnspod.cn","???","???","","","Liao Ning Sheng","","China","","","","","","","","","","","","","","","","","","","","","","","","","","","","","","","","","","f1g1ns1.dnspod.net","f1g1ns2.dnspod.net","","","addPeriod","serverTransferProhibited","",""
"24","bestaccessibility.digital","2020-05-10 22:31:03","2020-05-09","2020-05-09","2021-05-09","472","Dynadot, LLC","whois.dynadot.com","http://www.dynadot.com","REDACTED FOR PRIVACY","","REDACTED FOR PRIVACY","REDACTED FOR PRIVACY","California","REDACTED FOR PRIVACY","United States","","REDACTED FOR PRIVACY","REDACTED FOR PRIVACY","","","","","","","","","","","","","","","","","","","","","","","","","","","","","","","","","","","addPeriod","clientTransferProhibited","",""
"25","bestpc.co","2020-05-10 02:33:17","2020-05-09","2020-05-09","2021-05-09","472","Dynadot, LLC","whois.dynadot.com","http://www.dynadot.com","","","","","California","","United States","","","","","","","","","","","","","","","","","","","","","","","","","","","","","","","","","","ns1.dynadot.com","ns2.dynadot.com","","","addPeriod","clientTransferProhibited","",""
"26","bidsubastas.cat","2020-05-10 20:38:09","2020-05-09","","2021-05-09","1383","Soluciones Corporativas IP, SLU","whois.scip.es","http://www.dondominio.com","GRUPO ESTOMOLA SLU","GRUPO ESTOMOLA SLU","","","Barcelona","","Spain","","","","","","","","","","","","","","","","","","","","","","","","","","","","","","","","","","ns1.dondominio.com","ns2.dondominio.com","","","addPeriod","serverTransferProhibited","",""
"27","blancafortformacio.cat","2020-05-10 20:33:36","2020-05-09","","2021-05-09","76","Nominalia Internet S.L.","whois.nominalia.com","http://www.nominalia.com","ESEPVET SL","ESEPVET SL","","","B","","Spain","","","","","","","","","","","","","","","","","","","","","","","","","","","","","","","","","","dns1.nominalia.com","dns2.nominalia.com","","","addPeriod","serverTransferProhibited","",""
"28","blancafortformacion.cat","2020-05-10 20:38:09","2020-05-09","","2021-05-09","76","Nominalia Internet S.L.","whois.nominalia.com","http://www.nominalia.com","ESEPVET SL","ESEPVET SL","","","B","","Spain","","","","","","","","","","","","","","","","","","","","","","","","","","","","","","","","","","dns1.nominalia.com","dns2.nominalia.com","","","addPeriod","serverTransferProhibited","",""
"29","blmauyzmoalq.com","2020-05-10 13:10:50","2020-05-09","2020-05-09","2021-05-09","1387","1API GmbH","whois.1api.net","http://www.1api.net","c/o WHOIStrustee.com Limited","Registrant of blmauyzmoalq.com","6 Thornes Office Park Monckton Road","Wakefield","West Yorkshire","WF2 7AN","United Kingdom","6a226d0e2a@blmauyzmoalq.com.whoistrustee.com","+49.68416984300","","c/o WHOIStrustee.com Limited","Registrant of blmauyzmoalq.com","6 Thornes Office Park Monckton Road","Wakefield","West Yorkshire","WF2 7AN","United Kingdom","6a226d0e2a@blmauyzmoalq.com.whoistrustee.com","+49.68416984300","","c/o WHOIStrustee.com Limited","Registrant of blmauyzmoalq.com","6 Thornes Office Park Monckton Road","Wakefield","West Yorkshire","WF2 7AN","United Kingdom","6a226d0e2a@blmauyzmoalq.com.whoistrustee.com","+49.68416984300","","","","","","","","","","","","ns1.iwantmyname.net","ns2.iwantmyname.net","ns3.iwantmyname.net","ns4.iwantmyname.net","clientTransferProhibited","","",""
"30","brakemobilenotary.com","2020-05-10 04:58:40","2020-05-09","2020-05-09","2021-05-09","146","GoDaddy.com, LLC","whois.godaddy.com","http://registrar.godaddy.com","Registration Private","Domains By Proxy, LLC","DomainsByProxy.com 14455 N. Hayden Road","Scottsdale","Arizona","85260","United States","brakemobilenotary.com@domainsbyproxy.com","+1.4806242599","+1.4806242598","Registration Private","Domains By Proxy, LLC","DomainsByProxy.com 14455 N. Hayden Road","Scottsdale","Arizona","85260","United States","brakemobilenotary.com@domainsbyproxy.com","+1.4806242599","+1.4806242598","Registration Private","Domains By Proxy, LLC","DomainsByProxy.com 14455 N. Hayden Road","Scottsdale","Arizona","85260","United States","brakemobilenotary.com@domainsbyproxy.com","+1.4806242599","+1.4806242598","","","","","","","","","","","ns55.domaincontrol.com","ns56.domaincontrol.com","","","clientDeleteProhibited","clientRenewProhibited","clientTransferProhibited","clientUpdateProhibited"
"31","brakenotary.com","2020-05-10 04:58:41","2020-05-09","2020-05-09","2021-05-09","146","GoDaddy.com, LLC","whois.godaddy.com","http://registrar.godaddy.com","Registration Private","Domains By Proxy, LLC","DomainsByProxy.com 14455 N. Hayden Road","Scottsdale","Arizona","85260","United States","brakenotary.com@domainsbyproxy.com","+1.4806242599","+1.4806242598","Registration Private","Domains By Proxy, LLC","DomainsByProxy.com 14455 N. Hayden Road","Scottsdale","Arizona","85260","United States","brakenotary.com@domainsbyproxy.com","+1.4806242599","+1.4806242598","Registration Private","Domains By Proxy, LLC","DomainsByProxy.com 14455 N. Hayden Road","Scottsdale","Arizona","85260","United States","brakenotary.com@domainsbyproxy.com","+1.4806242599","+1.4806242598","","","","","","","","","","","ns69.domaincontrol.com","ns70.domaincontrol.com","","","clientDeleteProhibited","clientRenewProhibited","clientTransferProhibited","clientUpdateProhibited"
"32","brown.solar","2020-05-10 09:39:30","2020-05-09","2020-05-09","2021-05-09","1531","Automattic Inc.","whois.ripn.net","http://alohanic.com","REDACTED FOR PRIVACY","Knock Knock WHOIS Not There, LLC","REDACTED FOR PRIVACY","REDACTED FOR PRIVACY","","REDACTED FOR PRIVACY","United States","","REDACTED FOR PRIVACY","REDACTED FOR PRIVACY","","","","","","","","","","","","","","","","","","","","","","","","","","","","","","","","","","","addPeriod","clientTransferProhibited","",""
"33","camisa9.bet","2020-05-10 15:32:47","2020-05-09","2020-05-09","2022-05-09","146","GoDaddy.com, LLC","whois.godaddy.com","http://registrar.godaddy.com","pessoal","pessoal","","","Minas Gerais","","Brazil","","","","","","","","","","","","","","","","","","","","","","","","","","","","","","","","","","ns55.domaincontrol.com","ns56.domaincontrol.com","","","addPeriod","clientDeleteProhibited","clientRenewProhibited","clientTransferProhibited"
"34","cammy.coffee","2020-05-10 20:58:16","2020-05-09","2020-05-09","2021-05-09","1068","NameCheap, Inc.","whois.namecheap.com","http://www.namecheap.com","REDACTED FOR PRIVACY","WhoisGuard, Inc.","REDACTED FOR PRIVACY","REDACTED FOR PRIVACY","Panama","REDACTED FOR PRIVACY","Panama","","REDACTED FOR PRIVACY","REDACTED FOR PRIVACY","","","","","","","","","","","","","","","","","","","","","","","","","","","","","","","","","","","addPeriod","clientTransferProhibited","",""
"35","canning.systems","2020-05-10 09:01:16","2020-05-09","2020-05-09","2021-05-09","146","GoDaddy.com, LLC","whois.godaddy.com","http://registrar.godaddy.com","REDACTED FOR PRIVACY","17LXB LLC","REDACTED FOR PRIVACY","REDACTED FOR PRIVACY","Illinois","REDACTED FOR PRIVACY","United States","","REDACTED FOR PRIVACY","REDACTED FOR PRIVACY","","","","","","","","","","","","","","","","","","","","","","","","","","","","","","","","","","","addPeriod","clientDeleteProhibited","clientRenewProhibited","clientTransferProhibited"
"36","capitalonesecure.com","2020-05-10 14:23:03","2020-05-09","2020-05-09","2021-05-09","1005","NetEarth One Inc. d/b/a NetEarth","whois.advancedregistrar.com","http://www.netearthone.com","Georgia Smith","","8201 Cavalier Crossing","Lithonia","Georgia","30038","United States","lamarmyson@outlook.com","+1.5152014477","","Georgia Smith","","8201 Cavalier Crossing","Lithonia","Georgia","30038","United States","lamarmyson@outlook.com","+1.5152014477","","Georgia Smith","","8201 Cavalier Crossing","Lithonia","Georgia","30038","United States","lamarmyson@outlook.com","+1.5152014477","","","","","","","","","","","","ns5.hawkhost.com","ns6.hawkhost.com","","","clientTransferProhibited","","",""
"37","carmemiranda.cat","2020-05-10 20:33:36","2020-05-09","","2021-05-09","76","Nominalia Internet S.L.","whois.nominalia.com","http://www.nominalia.com","Adriana Lamelas Alpuente","Adriana Lamelas Alpuente","","","B","","Spain","","","","","","","","","","","","","","","","","","","","","","","","","","","","","","","","","","dns1.nominalia.com","dns2.nominalia.com","","","addPeriod","serverTransferProhibited","",""
"38","catawbayachtsales.com","2020-05-10 05:20:23","2020-05-09","2020-05-09","2022-05-09","431","DreamHost, LLC","whois.dreamhost.com","http://www.dreamhost.com","Proxy Protection LLC","Proxy Protection LLC","417 Associated Rd #324 C/O catawbayachtsales.com","Brea","CA","92821","United States","sxn24f5db6f5dmb@proxy.dreamhost.com","+1.7147064182","","Proxy Protection LLC","Proxy Protection LLC","417 Associated Rd #324 C/O catawbayachtsales.com","Brea","CA","92821","United States","sxn24f5db6f5dmb@proxy.dreamhost.com","+1.7147064182","","Proxy Protection LLC","Proxy Protection LLC","417 Associated Rd #324 C/O catawbayachtsales.com","Brea","CA","92821","United States","sxn24f5db6f5dmb@proxy.dreamhost.com","+1.7147064182","","","","","","","","","","","","ns1.dreamhost.com","ns2.dreamhost.com","ns3.dreamhost.com","","addPeriod","clientTransferProhibited","",""
"39","caty.cat","2020-05-10 20:38:09","2020-05-09","2020-05-09","2021-05-09","76","Nominalia Internet S.L.","whois.nominalia.com","http://www.nominalia.com","Rachid ABOU-RRICH","Rachid ABOU-RRICH","","","souss","","Morocco","","","","","","","","","","","","","","","","","","","","","","","","","","","","","","","","","","ns1.ruu.cloud","ns2.ruu.cloud","","","addPeriod","serverTransferProhibited","",""
"40","climbing.systems","2020-05-10 09:01:05","2020-05-09","2020-05-09","2021-05-09","146","GoDaddy.com, LLC","whois.godaddy.com","http://registrar.godaddy.com","REDACTED FOR PRIVACY","17LXB LLC","REDACTED FOR PRIVACY","REDACTED FOR PRIVACY","Illinois","REDACTED FOR PRIVACY","United States","","REDACTED FOR PRIVACY","REDACTED FOR PRIVACY","","","","","","","","","","","","","","","","","","","","","","","","","","","","","","","","","","","addPeriod","clientDeleteProhibited","clientRenewProhibited","clientTransferProhibited"
"41","clubbingtvis.cat","2020-05-10 20:34:24","2020-05-09","","2021-05-09","76","Nominalia Internet S.L.","whois.nominalia.com","http://www.nominalia.com","Culture Clubbing","Culture Clubbing","","","M","","Spain","","","","","","","","","","","","","","","","","","","","","","","","","","","","","","","","","","dns1.nominalia.com","dns2.nominalia.com","","","addPeriod","serverTransferProhibited","",""
"42","comproatorrelles.cat","2020-05-10 20:34:24","2020-05-09","","2021-05-09","1383","Soluciones Corporativas IP, SLU","whois.scip.es","http://www.dondominio.com","Agrupacio de Comerciants de Torrelles de Llobregat","Agrupacio de Comerciants de Torrelles de Llobregat","","","Barcelona","","Spain","","","","","","","","","","","","","","","","","","","","","","","","","","","","","","","","","","ns10.webempresa.eu","ns9.webempresa.eu","","","addPeriod","serverTransferProhibited","",""
"43","cronin.engineering","2020-05-10 23:07:53","2020-05-09","2020-05-09","2021-05-09","146","GoDaddy.com, LLC","whois.godaddy.com","http://registrar.godaddy.com","REDACTED FOR PRIVACY","","REDACTED FOR PRIVACY","REDACTED FOR PRIVACY","Florida","REDACTED FOR PRIVACY","United States","","REDACTED FOR PRIVACY","REDACTED FOR PRIVACY","","","","","","","","","","","","","","","","","","","","","","","","","","","","","","","","","","","addPeriod","clientDeleteProhibited","clientRenewProhibited","clientTransferProhibited"
"44","curing.systems","2020-05-10 09:00:43","2020-05-09","2020-05-09","2021-05-09","146","GoDaddy.com, LLC","whois.godaddy.com","http://registrar.godaddy.com","REDACTED FOR PRIVACY","17LXB LLC","REDACTED FOR PRIVACY","REDACTED FOR PRIVACY","Illinois","REDACTED FOR PRIVACY","United States","","REDACTED FOR PRIVACY","REDACTED FOR PRIVACY","","","","","","","","","","","","","","","","","","","","","","","","","","","","","","","","","","","addPeriod","clientDeleteProhibited","clientRenewProhibited","clientTransferProhibited"
"45","desjardinsaccess.com","2020-05-10 04:41:03","2020-05-09","2020-05-09","2021-05-09","1479","Namesilo, LLC","whois.namesilo.com","http://www.namesilo.com","Domain Administrator","See PrivacyGuardian.org","1928 E. Highland Ave. Ste F104 PMB# 255","Phoenix","AZ","85016","United States","pw-503737a1f523060e0a6b6524e2936e92@privacyguardian.org","+1.3478717726","","Domain Administrator","See PrivacyGuardian.org","1928 E. Highland Ave. Ste F104 PMB# 255","Phoenix","AZ","85016","United States","pw-503737a1f523060e0a6b6524e2936e92@privacyguardian.org","+1.3478717726","","Domain Administrator","See PrivacyGuardian.org","1928 E. Highland Ave. Ste F104 PMB# 255","Phoenix","AZ","85016","United States","pw-503737a1f523060e0a6b6524e2936e92@privacyguardian.org","+1.3478717726","","","","","","","","","","","","ns1.dns-parking.com","ns2.dns-parking.com","","","clientTransferProhibited","","",""
"46","detiqueta.cat","2020-05-10 20:34:24","2020-05-09","","2021-05-09","76","Nominalia Internet S.L.","whois.nominalia.com","http://www.nominalia.com","TALLER DETIQURTA,S.L","TALLER DETIQURTA,S.L","","","B","","Spain","","","","","","","","","","","","","","","","","","","","","","","","","","","","","","","","","","dns1.nominalia.com","dns2.nominalia.com","","","addPeriod","serverTransferProhibited","",""
"47","dev.engineering","2020-05-10 23:07:49","2020-05-09","2020-05-09","2021-05-09","1068","NameCheap, Inc.","whois.namecheap.com","http://www.namecheap.com","REDACTED FOR PRIVACY","WhoisGuard, Inc.","REDACTED FOR PRIVACY","REDACTED FOR PRIVACY","Panama","REDACTED FOR PRIVACY","Panama","","REDACTED FOR PRIVACY","REDACTED FOR PRIVACY","","","","","","","","","","","","","","","","","","","","","","","","","","","","","","","","","","","addPeriod","clientTransferProhibited","",""
"48","dnwlogistics.com","2020-05-10 23:45:59","2020-05-09","2020-05-09","2021-05-09","146","GoDaddy.com, LLC","whois.godaddy.com","http://registrar.godaddy.com","Registration Private","Domains By Proxy, LLC","DomainsByProxy.com 14455 N. Hayden Road","Scottsdale","Arizona","85260","United States","dnwlogistics.com@domainsbyproxy.com","+1.4806242599","+1.4806242598","Registration Private","Domains By Proxy, LLC","DomainsByProxy.com 14455 N. Hayden Road","Scottsdale","Arizona","85260","United States","dnwlogistics.com@domainsbyproxy.com","+1.4806242599","+1.4806242598","Registration Private","Domains By Proxy, LLC","DomainsByProxy.com 14455 N. Hayden Road","Scottsdale","Arizona","85260","United States","dnwlogistics.com@domainsbyproxy.com","+1.4806242599","+1.4806242598","","","","","","","","","","","ns55.domaincontrol.com","ns56.domaincontrol.com","","","clientDeleteProhibited","clientRenewProhibited","clientTransferProhibited","clientUpdateProhibited"
"49","doer.coffee","2020-05-10 20:58:01","2020-05-09","2020-05-09","2021-05-09","1068","NameCheap, Inc.","whois.namecheap.com","http://www.namecheap.com","REDACTED FOR PRIVACY","WhoisGuard, Inc.","REDACTED FOR PRIVACY","REDACTED FOR PRIVACY","Panama","REDACTED FOR PRIVACY","Panama","","REDACTED FOR PRIVACY","REDACTED FOR PRIVACY","","","","","","","","","","","","","","","","","","","","","","","","","","","","","","","","","","","addPeriod","clientTransferProhibited","",""
"50","domaindbf.com","2020-05-10 03:08:28","2020-05-09","2020-05-09","2021-05-09","2","Network Solutions, LLC","whois.networksolutions.com","http://networksolutions.com","rondinone, john","rondinone","55 WETHERSFIELD AVE","Hartford","CT","06114-1102","United States","nizen@att.net","8602059833","","rondinone, john","rondinone","55 WETHERSFIELD AVE","Hartford","CT","06114-1102","United States","nizen@att.net","8602059833","","rondinone, john","rondinone","55 WETHERSFIELD AVE","Hartford","CT","06114-1102","United States","nizen@att.net","8602059833","","","","","","","","","","","","ns91.worldnic.com","ns92.worldnic.com","","","clientTransferProhibited","","",""
"51","drinkenigma.wine","2020-05-10 08:36:30","2020-05-09","2020-05-09","2021-05-09","1068","NameCheap, Inc.","whois.namecheap.com","http://www.namecheap.com","REDACTED FOR PRIVACY","WhoisGuard, Inc.","REDACTED FOR PRIVACY","REDACTED FOR PRIVACY","Panama","REDACTED FOR PRIVACY","Panama","","REDACTED FOR PRIVACY","REDACTED FOR PRIVACY","","","","","","","","","","","","","","","","","","","","","","","","","","","","","","","","","","","addPeriod","clientTransferProhibited","",""
"52","ecommercio.guru","2020-05-11 00:33:08","2020-05-09","2020-05-09","2021-05-09","1636","Hostinger, UAB","whois.hostinger.com","http://www.hostinger.com","REDACTED FOR PRIVACY","Privacy Protect, LLC (PrivacyProtect.org)","REDACTED FOR PRIVACY","REDACTED FOR PRIVACY","MA","REDACTED FOR PRIVACY","United States","","REDACTED FOR PRIVACY","REDACTED FOR PRIVACY","","","","","","","","","","","","","","","","","","","","","","","","","","","","","","","","","","","addPeriod","clientTransferProhibited","",""
"53","elf.bet","2020-05-10 15:32:49","2020-05-09","2020-05-09","2021-05-09","146","GoDaddy.com, LLC","whois.godaddy.com","http://registrar.godaddy.com","","","","","Kiev","","Ukraine","","","","","","","","","","","","","","","","","","","","","","","","","","","","","","","","","","ns55.domaincontrol.com","ns56.domaincontrol.com","","","addPeriod","clientDeleteProhibited","clientRenewProhibited","clientTransferProhibited"
"54","elgalet.cat","2020-05-10 20:33:36","2020-05-09","","2021-05-09","76","Nominalia Internet S.L.","whois.nominalia.com","http://www.nominalia.com","Luis Fernandez","Luis Fernandez","","","B","","Spain","","","","","","","","","","","","","","","","","","","","","","","","","","","","","","","","","","dns1.nominalia.com","dns2.nominalia.com","","","addPeriod","serverTransferProhibited","",""
"55","elves.bet","2020-05-10 15:32:45","2020-05-09","2020-05-09","2021-05-09","146","GoDaddy.com, LLC","whois.godaddy.com","http://registrar.godaddy.com","","","","","Kiev","","Ukraine","","","","","","","","","","","","","","","","","","","","","","","","","","","","","","","","","","ns69.domaincontrol.com","ns70.domaincontrol.com","","","addPeriod","clientDeleteProhibited","clientRenewProhibited","clientTransferProhibited"
"56","emgugu.com","2020-05-10 16:13:31","2020-05-09","2020-05-09","2021-05-09","895","Google, Inc.","whois.rrpproxy.net","http://www.google.com","Contact Privacy Inc. Customer 1247175275","Contact Privacy Inc. Customer 1247175275","96 Mowat Ave","Toronto","ON","M4K 3K1","Canada","disuia9g5won@contactprivacy.email","+1.4165385487","","Contact Privacy Inc. Customer 1247175275","Contact Privacy Inc. Customer 1247175275","96 Mowat Ave","Toronto","ON","M4K 3K1","Canada","disuia9g5won@contactprivacy.email","+1.4165385487","","Contact Privacy Inc. Customer 1247175275","Contact Privacy Inc. Customer 1247175275","96 Mowat Ave","Toronto","ON","M4K 3K1","Canada","disuia9g5won@contactprivacy.email","+1.4165385487","","","","","","","","","","","","ns-cloud-c1.googledomains.com","ns-cloud-c2.googledomains.com","ns-cloud-c3.googledomains.com","ns-cloud-c4.googledomains.com","clientTransferProhibited","","",""
"57","epices.guru","2020-05-11 00:32:52","2020-05-09","2020-05-09","2021-05-09","146","GoDaddy.com, LLC","whois.godaddy.com","http://registrar.godaddy.com","REDACTED FOR PRIVACY","","REDACTED FOR PRIVACY","REDACTED FOR PRIVACY","Ontario","REDACTED FOR PRIVACY","Canada","","REDACTED FOR PRIVACY","REDACTED FOR PRIVACY","","","","","","","","","","","","","","","","","","","","","","","","","","","","","","","","","","","addPeriod","clientDeleteProhibited","clientRenewProhibited","clientTransferProhibited"
"58","equator.institute","2020-05-11 01:04:12","2020-05-09","2020-05-09","2021-05-09","146","GoDaddy.com, LLC","whois.godaddy.com","http://registrar.godaddy.com","REDACTED FOR PRIVACY","Ignorant Media d.o.o.","REDACTED FOR PRIVACY","REDACTED FOR PRIVACY","Kranj","REDACTED FOR PRIVACY","Slovenia","","REDACTED FOR PRIVACY","REDACTED FOR PRIVACY","","","","","","","","","","","","","","","","","","","","","","","","","","","","","","","","","","","addPeriod","clientDeleteProhibited","clientRenewProhibited","clientTransferProhibited"
"59","esticbe.cat","2020-05-10 20:34:24","2020-05-09","","2021-05-09","1383","Soluciones Corporativas IP, SLU","whois.scip.es","http://www.dondominio.com","RSTA CONSULTORIA, SL","RSTA CONSULTORIA, SL","","","Barcelona","","Spain","","","","","","","","","","","","","","","","","","","","","","","","","","","","","","","","","","ns10.webempresa.eu","ns9.webempresa.eu","","","addPeriod","serverTransferProhibited","",""
"60","expay.gold","2020-05-11 00:21:04","2020-05-09","2020-05-09","2021-05-09","146","GoDaddy.com, LLC","whois.godaddy.com","http://registrar.godaddy.com","REDACTED FOR PRIVACY","Domains By Proxy, LLC","REDACTED FOR PRIVACY","REDACTED FOR PRIVACY","Arizona","REDACTED FOR PRIVACY","United States","","REDACTED FOR PRIVACY","REDACTED FOR PRIVACY","","","","","","","","","","","","","","","","","","","","","","","","","","","","","","","","","","","addPeriod","clientDeleteProhibited","clientRenewProhibited","clientTransferProhibited"
"61","fer.cat","2020-05-10 20:34:24","2020-05-09","","2021-05-09","76","Nominalia Internet S.L.","whois.nominalia.com","http://www.nominalia.com","Joan Tomas Bartra","Joan Tomas Bartra","","","GI","","Spain","","","","","","","","","","","","","","","","","","","","","","","","","","","","","","","","","","dns1.nominalia.com","dns2.nominalia.com","","","addPeriod","serverTransferProhibited","",""
"62","finalexpenseplan.pro","2020-05-10 14:08:39","2020-05-09","2020-05-09","2021-05-09","146","GoDaddy.com, LLC","whois.godaddy.com","http://registrar.godaddy.com","Web Men Group","Web Men Group","","","Utah","","United States","","","","","","","","","","","","","","","","","","","","","","","","","","","","","","","","","","ns55.domaincontrol.com","ns56.domaincontrol.com","","","addPeriod","clientDeleteProhibited","clientRenewProhibited","clientTransferProhibited"
"63","firmament.institute","2020-05-11 01:04:09","2020-05-09","2020-05-09","2021-05-09","291","DNC Holdings, Inc.","whois.directnic.com","http://www.directnic.com","REDACTED FOR PRIVACY","Savvy Investments, LLC","REDACTED FOR PRIVACY","REDACTED FOR PRIVACY","WY","REDACTED FOR PRIVACY","United States","","REDACTED FOR PRIVACY","REDACTED FOR PRIVACY","","","","","","","","","","","","","","","","","","","","","","","","","","","","","","","","","","","addPeriod","clientDeleteProhibited","clientTransferProhibited","clientUpdateProhibited"
"64","forestssheets.com","2020-05-10 22:21:12","2020-05-09","2020-05-09","2021-05-09","3775","ALIBABA.COM SINGAPORE E-COMMERCE PRIVATE LIMITED","","","","","","","England","","United States","","","","","","","","","","","","","","","","","","","","","","","","","","","","","","","","","","ns7.alidns.com","ns8.alidns.com","","","OK","","",""
"65","fortitude.coffee","2020-05-10 21:01:35","2020-05-09","2020-05-09","2021-05-09","69","Tucows Domains Inc.","whois.tucows.com","http://domainhelp.opensrs.net","REDACTED FOR PRIVACY","Data Protected","REDACTED FOR PRIVACY","REDACTED FOR PRIVACY","ON","REDACTED FOR PRIVACY","Canada","","REDACTED FOR PRIVACY","REDACTED FOR PRIVACY","","","","","","","","","","","","","","","","","","","","","","","","","","","","","","","","","","","addPeriod","clientTransferProhibited","clientUpdateProhibited",""
"66","freschworld.com","2020-05-10 05:02:32","2020-05-09","2020-05-09","2021-05-09","146","GoDaddy.com, LLC","whois.godaddy.com","http://registrar.godaddy.com","","","","","Texas","","United States","","","","","","","","","","","","","","","","","","","","","","","","","","","","","","","","","","ns45.domaincontrol.com","ns46.domaincontrol.com","","","clientDeleteProhibited","clientRenewProhibited","clientTransferProhibited","clientUpdateProhibited"
"67","fruitdouble.com","2020-05-10 21:10:41","2020-05-09","2020-05-09","2021-05-09","3775","ALIBABA.COM SINGAPORE E-COMMERCE PRIVATE LIMITED","","","","","","","England","","United States","","","","","","","","","","","","","","","","","","","","","","","","","","","","","","","","","","ns7.alidns.com","ns8.alidns.com","","","OK","","",""
"68","getseriousabout.coffee","2020-05-10 21:00:43","2020-05-09","2020-05-09","2021-05-09","146","GoDaddy.com, LLC","whois.godaddy.com","http://registrar.godaddy.com","REDACTED FOR PRIVACY","","REDACTED FOR PRIVACY","REDACTED FOR PRIVACY","Ontario","REDACTED FOR PRIVACY","Canada","","REDACTED FOR PRIVACY","REDACTED FOR PRIVACY","","","","","","","","","","","","","","","","","","","","","","","","","","","","","","","","","","","addPeriod","clientDeleteProhibited","clientRenewProhibited","clientTransferProhibited"
"69","gkc.gold","2020-05-11 00:21:04","2020-05-09","2020-05-09","2021-05-09","1599","Alibaba Cloud Computing Ltd. d/b/a HiChina (www.net.cn)","http://whois.hichina.com/","http://www.net.cn","REDACTED FOR PRIVACY","Cankun Hu","REDACTED FOR PRIVACY","REDACTED FOR PRIVACY","fu jian","REDACTED FOR PRIVACY","China","","REDACTED FOR PRIVACY","REDACTED FOR PRIVACY","","","","","","","","","","","","","","","","","","","","","","","","","","","","","","","","","","","addPeriod","","",""
"70","gleam.gold","2020-05-11 00:21:04","2020-05-09","2020-05-09","2021-05-09","146","GoDaddy.com, LLC","whois.godaddy.com","http://registrar.godaddy.com","REDACTED FOR PRIVACY","DVM Corporation Limited","REDACTED FOR PRIVACY","REDACTED FOR PRIVACY","Morelos","REDACTED FOR PRIVACY","Mexico","","REDACTED FOR PRIVACY","REDACTED FOR PRIVACY","","","","","","","","","","","","","","","","","","","","","","","","","","","","","","","","","","","addPeriod","clientDeleteProhibited","clientRenewProhibited","clientTransferProhibited"
"71","glean.gold","2020-05-11 00:21:04","2020-05-09","2020-05-09","2021-05-09","146","GoDaddy.com, LLC","whois.godaddy.com","http://registrar.godaddy.com","REDACTED FOR PRIVACY","Domains By Proxy, LLC","REDACTED FOR PRIVACY","REDACTED FOR PRIVACY","Arizona","REDACTED FOR PRIVACY","United States","","REDACTED FOR PRIVACY","REDACTED FOR PRIVACY","","","","","","","","","","","","","","","","","","","","","","","","","","","","","","","","","","","addPeriod","clientDeleteProhibited","clientRenewProhibited","clientTransferProhibited"
"72","gps.gallery","2020-05-11 00:02:00","2020-05-09","2020-05-09","2021-05-09","146","GoDaddy.com, LLC","whois.godaddy.com","http://registrar.godaddy.com","REDACTED FOR PRIVACY","Domains By Proxy, LLC","REDACTED FOR PRIVACY","REDACTED FOR PRIVACY","Arizona","REDACTED FOR PRIVACY","United States","","REDACTED FOR PRIVACY","REDACTED FOR PRIVACY","","","","","","","","","","","","","","","","","","","","","","","","","","","","","","","","","","","addPeriod","clientDeleteProhibited","clientRenewProhibited","clientTransferProhibited"
"73","gravitaterostrum.com","2020-05-10 14:40:44","2020-05-09","2020-05-09","2021-05-09","3775","ALIBABA.COM SINGAPORE E-COMMERCE PRIVATE LIMITED","","","","","","","England","","United States","","","","","","","","","","","","","","","","","","","","","","","","","","","","","","","","","","ns7.alidns.com","ns8.alidns.com","","","OK","","",""
"74","headache.coffee","2020-05-10 20:59:46","2020-05-09","2020-05-09","2021-05-09","146","GoDaddy.com, LLC","whois.godaddy.com","http://registrar.godaddy.com","REDACTED FOR PRIVACY","","REDACTED FOR PRIVACY","REDACTED FOR PRIVACY","Shanghai","REDACTED FOR PRIVACY","China","","REDACTED FOR PRIVACY","REDACTED FOR PRIVACY","","","","","","","","","","","","","","","","","","","","","","","","","","","","","","","","","","","addPeriod","clientDeleteProhibited","clientRenewProhibited","clientTransferProhibited"
"75","healingtogether.institute","2020-05-11 01:04:01","2020-05-09","2020-05-09","2021-05-09","625","Name.com, Inc.","whois.name.com","http://www.name.com","REDACTED FOR PRIVACY","Domain Protection Services, Inc.","REDACTED FOR PRIVACY","REDACTED FOR PRIVACY","CO","REDACTED FOR PRIVACY","United States","","REDACTED FOR PRIVACY","REDACTED FOR PRIVACY","","","","","","","","","","","","","","","","","","","","","","","","","","","","","","","","","","","addPeriod","clientTransferProhibited","",""
"76","honor231.com","2020-05-10 05:39:09","2020-05-09","2020-05-09","2021-05-09","69","Tucows Domains Inc.","whois.tucows.com","http://domainhelp.opensrs.net","Contact Privacy Inc. Customer 0157877604","Contact Privacy Inc. Customer 0157877604","96 Mowat Ave","Toronto","ON","M6K 3M1","Canada","honor231.com@contactprivacy.com","+1.4165385457","","Contact Privacy Inc. Customer 0157877604","Contact Privacy Inc. Customer 0157877604","96 Mowat Ave","Toronto","ON","M6K 3M1","Canada","honor231.com@contactprivacy.com","+1.4165385457","","Contact Privacy Inc. Customer 0157877604","Contact Privacy Inc. Customer 0157877604","96 Mowat Ave","Toronto","ON","M6K 3M1","Canada","honor231.com@contactprivacy.com","+1.4165385457","","","","","","","","","","","","ns1.websiteserverbox.com","ns2.websiteserverbox.com","ns3.websiteserverbox.com","","clientTransferProhibited","clientUpdateProhibited","",""
"77","horus.gold","2020-05-11 00:21:43","2020-05-09","2020-05-09","2021-05-09","146","GoDaddy.com, LLC","whois.godaddy.com","http://registrar.godaddy.com","REDACTED FOR PRIVACY","","REDACTED FOR PRIVACY","REDACTED FOR PRIVACY","California","REDACTED FOR PRIVACY","United States","","REDACTED FOR PRIVACY","REDACTED FOR PRIVACY","","","","","","","","","","","","","","","","","","","","","","","","","","","","","","","","","","","addPeriod","clientDeleteProhibited","clientRenewProhibited","clientTransferProhibited"
"78","houseofholistic.com","2020-05-10 15:44:23","2020-05-09","2020-05-09","2021-05-09","895","Google, Inc.","whois.rrpproxy.net","http://www.google.com","Contact Privacy Inc. Customer 1247172181","Contact Privacy Inc. Customer 1247172181","96 Mowat Ave","Toronto","ON","M4K 3K1","Canada","euvuwjqiakjv@contactprivacy.email","+1.4165385487","","Contact Privacy Inc. Customer 1247172181","Contact Privacy Inc. Customer 1247172181","96 Mowat Ave","Toronto","ON","M4K 3K1","Canada","euvuwjqiakjv@contactprivacy.email","+1.4165385487","","Contact Privacy Inc. Customer 1247172181","Contact Privacy Inc. Customer 1247172181","96 Mowat Ave","Toronto","ON","M4K 3K1","Canada","euvuwjqiakjv@contactprivacy.email","+1.4165385487","","","","","","","","","","","","ns-cloud-d1.googledomains.com","ns-cloud-d2.googledomains.com","ns-cloud-d3.googledomains.com","ns-cloud-d4.googledomains.com","OK","","",""
"79","hubyj.cat","2020-05-10 20:33:35","2020-05-09","","2021-05-09","76","Nominalia Internet S.L.","whois.nominalia.com","http://www.nominalia.com","Xavier Pinto Cuenca","Xavier Pinto Cuenca","","","B","","Spain","","","","","","","","","","","","","","","","","","","","","","","","","","","","","","","","","","dns1.nominalia.com","dns2.nominalia.com","","","addPeriod","serverTransferProhibited","",""
"80","icia.coffee","2020-05-10 20:59:09","2020-05-09","2020-05-09","2021-05-09","113","CSL Computer Service Langenbach GmbH d/b/a joker.com","whois.joker.com","http://www.joker.com","REDACTED FOR PRIVACY","","REDACTED FOR PRIVACY","REDACTED FOR PRIVACY","","REDACTED FOR PRIVACY","Canada","","REDACTED FOR PRIVACY","REDACTED FOR PRIVACY","","","","","","","","","","","","","","","","","","","","","","","","","","","","","","","","","","","addPeriod","clientTransferProhibited","",""
"81","implantmilling.center","2020-05-10 20:33:33","2020-05-09","2020-05-09","2021-05-09","895","Google, Inc.","whois.rrpproxy.net","http://www.google.com","REDACTED FOR PRIVACY","Contact Privacy Inc. Customer 1247169293","REDACTED FOR PRIVACY","REDACTED FOR PRIVACY","ON","REDACTED FOR PRIVACY","Canada","","REDACTED FOR PRIVACY","REDACTED FOR PRIVACY","","","","","","","","","","","","","","","","","","","","","","","","","","","","","","","","","","","addPeriod","clientTransferProhibited","",""
"82","in0tr988988.com","2020-05-10 03:32:26","2020-05-09","2020-05-09","2021-05-09","146","GoDaddy.com, LLC","whois.godaddy.com","http://registrar.godaddy.com","","","","","Ontario","","Canada","","","","","","","","","","","","","","","","","","","","","","","","","","","","","","","","","","ns27.domaincontrol.com","ns28.domaincontrol.com","","","clientDeleteProhibited","clientRenewProhibited","clientTransferProhibited","clientUpdateProhibited"
"83","info-06372.com","2020-05-10 04:07:57","2020-05-09","2020-05-09","2021-05-09","146","GoDaddy.com, LLC","whois.godaddy.com","http://registrar.godaddy.com","","","","","Quebec","","Canada","","","","","","","","","","","","","","","","","","","","","","","","","","","","","","","","","","ns1.digitalocean.com","ns2.digitalocean.com","ns3.digitalocean.com","","clientDeleteProhibited","clientRenewProhibited","clientTransferProhibited","clientUpdateProhibited"
"84","instagramverifyweb.com","2020-05-10 08:16:10","2020-05-09","2020-05-09","2021-05-09","440","Wild West Domains, LLC","whois.wildwestdomains.com","http://www.wildwestdomains.com","Registration Private","Domains By Proxy, LLC","DomainsByProxy.com 14455 N. Hayden Road","Scottsdale","Arizona","85260","United States","instagramverifyweb.com@domainsbyproxy.com","+1.4806242599","+1.4806242598","Registration Private","Domains By Proxy, LLC","DomainsByProxy.com 14455 N. Hayden Road","Scottsdale","Arizona","85260","United States","instagramverifyweb.com@domainsbyproxy.com","+1.4806242599","+1.4806242598","Registration Private","Domains By Proxy, LLC","DomainsByProxy.com 14455 N. Hayden Road","Scottsdale","Arizona","85260","United States","instagramverifyweb.com@domainsbyproxy.com","+1.4806242599","+1.4806242598","","","","","","","","","","","ns1.epizy.com","ns2.epizy.com","","","clientDeleteProhibited","clientRenewProhibited","clientTransferProhibited","clientUpdateProhibited"
"85","institutescolaeltemple.cat","2020-05-10 20:33:36","2020-05-09","","2021-05-09","76","Nominalia Internet S.L.","whois.nominalia.com","http://www.nominalia.com","Institut Escola El Temple","Institut Escola El Temple","","","T","","Spain","","","","","","","","","","","","","","","","","","","","","","","","","","","","","","","","","","dns1.nominalia.com","dns2.nominalia.com","","","addPeriod","serverTransferProhibited","",""
"86","intellectual.gold","2020-05-11 00:21:45","2020-05-09","2020-05-10","2021-05-09","1599","Alibaba Cloud Computing Ltd. d/b/a HiChina (www.net.cn)","http://whois.hichina.com/","http://www.net.cn","REDACTED FOR PRIVACY","Ning Bo Shi Zhen Hai 9D new media design Co.,Ltd.","REDACTED FOR PRIVACY","REDACTED FOR PRIVACY","zhe jiang","REDACTED FOR PRIVACY","China","","REDACTED FOR PRIVACY","REDACTED FOR PRIVACY","","","","","","","","","","","","","","","","","","","","","","","","","","","","","","","","","","","addPeriod","","",""
"87","iota.finance","2020-05-10 23:25:45","2020-05-09","2020-05-09","2021-05-09","1068","NameCheap, Inc.","whois.namecheap.com","http://www.namecheap.com","REDACTED FOR PRIVACY","WhoisGuard, Inc.","REDACTED FOR PRIVACY","REDACTED FOR PRIVACY","Panama","REDACTED FOR PRIVACY","Panama","","REDACTED FOR PRIVACY","REDACTED FOR PRIVACY","","","","","","","","","","","","","","","","","","","","","","","","","","","","","","","","","","","addPeriod","clientTransferProhibited","",""
"88","ipek.coffee","2020-05-10 20:58:39","2020-05-09","2020-05-09","2021-05-09","1861","Porkbun, LLC","whois.porkbun.com","http://porkbun.com","REDACTED FOR PRIVACY","Private by Design, LLC","REDACTED FOR PRIVACY","REDACTED FOR PRIVACY","NC","REDACTED FOR PRIVACY","United States","","REDACTED FOR PRIVACY","REDACTED FOR PRIVACY","","","","","","","","","","","","","","","","","","","","","","","","","","","","","","","","","","","addPeriod","clientDeleteProhibited","clientTransferProhibited",""
"89","jj999.bet","2020-05-10 15:34:28","2020-05-09","2020-05-09","2021-05-09","146","GoDaddy.com, LLC","whois.godaddy.com","http://registrar.godaddy.com","Domains By Proxy, LLC","Domains By Proxy, LLC","","","Arizona","","United States","","","","","","","","","","","","","","","","","","","","","","","","","","","","","","","","","","ns45.domaincontrol.com","ns46.domaincontrol.com","","","addPeriod","clientDeleteProhibited","clientRenewProhibited","clientTransferProhibited"
"90","joaxwe-pawor.com","2020-05-10 20:11:20","2020-05-09","2020-05-09","2021-05-09","895","Google, Inc.","whois.rrpproxy.net","http://www.google.com","Contact Privacy Inc. Customer 1247173165","Contact Privacy Inc. Customer 1247173165","96 Mowat Ave","Toronto","ON","M4K 3K1","Canada","xfzu330xhaxg@contactprivacy.email","+1.4165385487","","Contact Privacy Inc. Customer 1247173165","Contact Privacy Inc. Customer 1247173165","96 Mowat Ave","Toronto","ON","M4K 3K1","Canada","xfzu330xhaxg@contactprivacy.email","+1.4165385487","","Contact Privacy Inc. Customer 1247173165","Contact Privacy Inc. Customer 1247173165","96 Mowat Ave","Toronto","ON","M4K 3K1","Canada","xfzu330xhaxg@contactprivacy.email","+1.4165385487","","","","","","","","","","","","whm1.gsuite.site","whm2.gsuite.site","","","clientTransferProhibited","","",""
"91","jochum.finance","2020-05-10 23:25:44","2020-05-09","2020-05-10","2021-05-09","1345","Key-Systems, LLC","whois.nic.uk","http://www.key-systems.net/","REDACTED FOR PRIVACY","Jochum Media e.U.","REDACTED FOR PRIVACY","REDACTED FOR PRIVACY","","REDACTED FOR PRIVACY","Austria","","REDACTED FOR PRIVACY","REDACTED FOR PRIVACY","","","","","","","","","","","","","","","","","","","","","","","","","","","","","","","","","","","addPeriod","clientTransferProhibited","",""
"92","juwelis.gold","2020-05-11 00:21:43","2020-05-09","2020-05-09","2021-05-09","146","GoDaddy.com, LLC","whois.godaddy.com","http://registrar.godaddy.com","REDACTED FOR PRIVACY","Casius Treuhand AG","REDACTED FOR PRIVACY","REDACTED FOR PRIVACY","Bezirk Hofe","REDACTED FOR PRIVACY","Switzerland","","REDACTED FOR PRIVACY","REDACTED FOR PRIVACY","","","","","","","","","","","","","","","","","","","","","","","","","","","","","","","","","","","addPeriod","clientDeleteProhibited","clientRenewProhibited","clientTransferProhibited"
"93","kakeibo.guru","2020-05-11 00:34:42","2020-05-09","2020-05-09","2021-05-09","1068","NameCheap, Inc.","whois.namecheap.com","http://www.namecheap.com","REDACTED FOR PRIVACY","WhoisGuard, Inc.","REDACTED FOR PRIVACY","REDACTED FOR PRIVACY","Panama","REDACTED FOR PRIVACY","Panama","","REDACTED FOR PRIVACY","REDACTED FOR PRIVACY","","","","","","","","","","","","","","","","","","","","","","","","","","","","","","","","","","","addPeriod","clientTransferProhibited","",""
"94","kandopatch.com","2020-05-10 05:33:51","2020-05-09","2020-05-09","2021-05-09","82","OnlineNIC, Inc.","whois.onlinenic.com","http://www.onlinenic.com","","","","","","A6A 6A6","Canada","kandovanparsco@yahoo.com","+1.6475479000","+1.6475479000","","","","","","A6A 6A6","Canada","kandovanparsco@yahoo.com","+1.6475479000","+1.6475479000","","","","","","A6A 6A6","Canada","kandovanparsco@yahoo.com","+1.6475479000","+1.6475479000","","","","","","","","","","","ns6.morvahost.com","ns7.morvahost.com","","","clientTransferProhibited","","",""
"95","kecepan.com","2020-05-10 18:21:38","2020-05-09","2020-05-09","2021-05-09","146","GoDaddy.com, LLC","whois.godaddy.com","http://registrar.godaddy.com","Mehmet","Mehmet","","","\u0130stanbul","","Turkey","","","","","","","","","","","","","","","","","","","","","","","","","","","","","","","","","","ns63.domaincontrol.com","ns64.domaincontrol.com","","","clientDeleteProhibited","clientRenewProhibited","clientTransferProhibited","clientUpdateProhibited"
"96","kitoniro.gold","2020-05-11 00:21:46","2020-05-09","2020-05-09","2021-05-09","1068","NameCheap, Inc.","whois.namecheap.com","http://www.namecheap.com","REDACTED FOR PRIVACY","WhoisGuard, Inc.","REDACTED FOR PRIVACY","REDACTED FOR PRIVACY","Panama","REDACTED FOR PRIVACY","Panama","","REDACTED FOR PRIVACY","REDACTED FOR PRIVACY","","","","","","","","","","","","","","","","","","","","","","","","","","","","","","","","","","","addPeriod","clientTransferProhibited","",""
"97","kweeve.support","2020-05-10 09:14:44","2020-05-09","2020-05-09","2021-05-09","1068","NameCheap, Inc.","whois.namecheap.com","http://www.namecheap.com","REDACTED FOR PRIVACY","WhoisGuard, Inc.","REDACTED FOR PRIVACY","REDACTED FOR PRIVACY","Panama","REDACTED FOR PRIVACY","Panama","","REDACTED FOR PRIVACY","REDACTED FOR PRIVACY","","","","","","","","","","","","","","","","","","","","","","","","","","","","","","","","","","","addPeriod","clientTransferProhibited","",""
"98","lacasitadelratoncitoperez.cat","2020-05-10 20:33:36","2020-05-09","","2021-05-09","76","Nominalia Internet S.L.","whois.nominalia.com","http://www.nominalia.com","TALLER DETIQURTA,S.L","TALLER DETIQURTA,S.L","","","B","","Spain","","","","","","","","","","","","","","","","","","","","","","","","","","","","","","","","","","dns1.nominalia.com","dns2.nominalia.com","","","addPeriod","serverTransferProhibited","",""
"99","lagelateria.cat","2020-05-10 20:33:36","2020-05-09","","2021-05-09","76","Nominalia Internet S.L.","whois.nominalia.com","http://www.nominalia.com","Lluis Utzet Rojo","Lluis Utzet Rojo","","","B","","Spain","","","","","","","","","","","","","","","","","","","","","","","","","","","","","","","","","","dns1.nominalia.com","dns2.nominalia.com","","","addPeriod","serverTransferProhibited","",""
"100","lalagabrielle.com","2020-05-10 17:07:03","2020-05-09","2020-05-09","2021-05-09","69","Tucows Domains Inc.","whois.tucows.com","http://domainhelp.opensrs.net","Contact Privacy Inc. Customer 0157868311","Contact Privacy Inc. Customer 0157868311","96 Mowat Ave","Toronto","ON","M6K 3M1","Canada","lalagabrielle.com@contactprivacy.com","+1.4165385457","","Contact Privacy Inc. Customer 0157868311","Contact Privacy Inc. Customer 0157868311","96 Mowat Ave","Toronto","ON","M6K 3M1","Canada","lalagabrielle.com@contactprivacy.com","+1.4165385457","","Contact Privacy Inc. Customer 0157868311","Contact Privacy Inc. Customer 0157868311","96 Mowat Ave","Toronto","ON","M6K 3M1","Canada","lalagabrielle.com@contactprivacy.com","+1.4165385457","","","","","","","","","","","","ns-cloud-b1.googledomains.com","ns-cloud-b2.googledomains.com","ns-cloud-b3.googledomains.com","ns-cloud-b4.googledomains.com","clientTransferProhibited","clientUpdateProhibited","",""
"101","lasfotosdelcole.cat","2020-05-10 20:33:36","2020-05-09","2020-05-09","2021-05-09","1647","Hosting Concepts B.V. dba Openprovider","whois.registrar.eu","http://www.openprovider.com","","","","","","","Spain","","","","","","","","","","","","","","","","","","","","","","","","","","","","","","","","","","ns1.am20.siteground.biz","ns2.am20.siteground.biz","","","addPeriod","clientTransferProhibited","serverTransferProhibited",""
"102","lasfotosdemicolegio.cat","2020-05-10 20:33:36","2020-05-09","2020-05-09","2021-05-09","1647","Hosting Concepts B.V. dba Openprovider","whois.registrar.eu","http://www.openprovider.com","","","","","","","Spain","","","","","","","","","","","","","","","","","","","","","","","","","","","","","","","","","","ns1.am20.siteground.biz","ns2.am20.siteground.biz","","","addPeriod","clientTransferProhibited","serverTransferProhibited",""
"103","ler-add.com","2020-05-10 02:33:31","2020-05-09","2020-05-09","2021-05-09","146","GoDaddy.com, LLC","whois.godaddy.com","http://registrar.godaddy.com","","","","","Florida","","United States","","","","","","","","","","","","","","","","","","","","","","","","","","","","","","","","","","ns69.domaincontrol.com","ns70.domaincontrol.com","","","clientDeleteProhibited","clientRenewProhibited","clientTransferProhibited","clientUpdateProhibited"
"104","lojaodonno.com","2020-05-10 05:06:27","2020-05-09","2020-05-09","2021-05-09","303","PDR Ltd. d/b/a PublicDomainRegistry.com","whois.publicdomainregistry.com","http://www.publicdomainregistry.com","CARLOS FELIPE GONCALO DE FREITAS","","Rua Tabeliao Antonio Veloso Dourado Azevedo, 350 Jardim Aeroporto","Bayeux","PB","58308-170","Brazil","carlosfreitasgba@gmail.com","+55.83999594874","","CARLOS FELIPE GONCALO DE FREITAS","","Rua Tabeliao Antonio Veloso Dourado Azevedo, 350 Jardim Aeroporto","Bayeux","PB","58308-170","Brazil","carlosfreitasgba@gmail.com","+55.83999594874","","CARLOS FELIPE GONCALO DE FREITAS","","Rua Tabeliao Antonio Veloso Dourado Azevedo, 350 Jardim Aeroporto","Bayeux","PB","58308-170","Brazil","carlosfreitasgba@gmail.com","+55.83999594874","","","","","","","","","","","","ns308.hostgator.com.br","ns309.hostgator.com.br","","","clientTransferProhibited","","",""
"105","lokaoer.com","2020-05-10 03:13:40","2020-05-09","2020-05-09","2021-05-09","895","Google, Inc.","whois.rrpproxy.net","http://www.google.com","Contact Privacy Inc. Customer 1247172741","Contact Privacy Inc. Customer 1247172741","96 Mowat Ave","Toronto","ON","M4K 3K1","Canada","r2lomh9byzzn@contactprivacy.email","+1.4165385487","","Contact Privacy Inc. Customer 1247172741","Contact Privacy Inc. Customer 1247172741","96 Mowat Ave","Toronto","ON","M4K 3K1","Canada","r2lomh9byzzn@contactprivacy.email","+1.4165385487","","Contact Privacy Inc. Customer 1247172741","Contact Privacy Inc. Customer 1247172741","96 Mowat Ave","Toronto","ON","M4K 3K1","Canada","r2lomh9byzzn@contactprivacy.email","+1.4165385487","","","","","","","","","","","","ns-cloud-b1.googledomains.com","ns-cloud-b2.googledomains.com","ns-cloud-b3.googledomains.com","ns-cloud-b4.googledomains.com","clientTransferProhibited","","",""
"106","lucknumbers.guru","2020-05-11 00:36:01","2020-05-09","2020-05-09","2021-05-09","1068","NameCheap, Inc.","whois.namecheap.com","http://www.namecheap.com","REDACTED FOR PRIVACY","WhoisGuard, Inc.","REDACTED FOR PRIVACY","REDACTED FOR PRIVACY","Panama","REDACTED FOR PRIVACY","Panama","","REDACTED FOR PRIVACY","REDACTED FOR PRIVACY","","","","","","","","","","","","","","","","","","","","","","","","","","","","","","","","","","","addPeriod","clientTransferProhibited","",""
"107","luckynumbers.guru","2020-05-11 00:36:04","2020-05-09","2020-05-09","2021-05-09","1068","NameCheap, Inc.","whois.namecheap.com","http://www.namecheap.com","REDACTED FOR PRIVACY","WhoisGuard, Inc.","REDACTED FOR PRIVACY","REDACTED FOR PRIVACY","Panama","REDACTED FOR PRIVACY","Panama","","REDACTED FOR PRIVACY","REDACTED FOR PRIVACY","","","","","","","","","","","","","","","","","","","","","","","","","","","","","","","","","","","addPeriod","clientTransferProhibited","",""
"108","mandu-k.cat","2020-05-10 20:33:36","2020-05-09","2020-05-09","2021-05-09","1262","Dinahosting s.l.","whois.dinahosting.com","http://www.dinahosting.com","","","","","Barcelona","","Spain","","","","","","","","","","","","","","","","","","","","","","","","","","","","","","","","","","ns.dinahosting.com","ns2.dinahosting.com","ns3.dinahosting.com","ns4.dinahosting.com","addPeriod","clientDeleteProhibited","clientTransferProhibited","serverTransferProhibited"
"109","manifestyourreality.guru","2020-05-11 00:35:53","2020-05-09","2020-05-09","2021-05-09","1068","NameCheap, Inc.","whois.namecheap.com","http://www.namecheap.com","REDACTED FOR PRIVACY","WhoisGuard, Inc.","REDACTED FOR PRIVACY","REDACTED FOR PRIVACY","Panama","REDACTED FOR PRIVACY","Panama","","REDACTED FOR PRIVACY","REDACTED FOR PRIVACY","","","","","","","","","","","","","","","","","","","","","","","","","","","","","","","","","","","addPeriod","clientTransferProhibited","",""
"110","manna.cat","2020-05-10 20:33:36","2020-05-09","","2021-05-09","76","Nominalia Internet S.L.","whois.nominalia.com","http://www.nominalia.com","Anna Feltrer Rubio","Anna Feltrer Rubio","","","B","","Spain","","","","","","","","","","","","","","","","","","","","","","","","","","","","","","","","","","dns1.nominalia.com","dns2.nominalia.com","","","addPeriod","serverTransferProhibited","",""
"111","marketplace712489991240.com","2020-05-10 08:16:25","2020-05-09","","2021-05-09","1068","NameCheap, Inc.","whois.namecheap.com","http://www.namecheap.com","WhoisGuard Protected","WhoisGuard, Inc.","P.O. Box 0823-03411","Panama","Panama","","Panama","1d2a399397fc4358bd21d9045d78e4c1.protect@whoisguard.com","+507.8365503","+51.17057182","WhoisGuard Protected","WhoisGuard, Inc.","P.O. Box 0823-03411","Panama","Panama","","Panama","1d2a399397fc4358bd21d9045d78e4c1.protect@whoisguard.com","+507.8365503","+51.17057182","WhoisGuard Protected","WhoisGuard, Inc.","P.O. Box 0823-03411","Panama","Panama","","Panama","1d2a399397fc4358bd21d9045d78e4c1.protect@whoisguard.com","+507.8365503","+51.17057182","","","","","","","","","","","dns1.namecheaphosting.com","dns2.namecheaphosting.com","","","addPeriod","clientTransferProhibited","",""
"112","marketplace7219901211932.com","2020-05-10 08:17:13","2020-05-09","","2021-05-09","1068","NameCheap, Inc.","whois.namecheap.com","http://www.namecheap.com","WhoisGuard Protected","WhoisGuard, Inc.","P.O. Box 0823-03411","Panama","Panama","","Panama","f5689a55549642c0b878dca3702ed01d.protect@whoisguard.com","+507.8365503","+51.17057182","WhoisGuard Protected","WhoisGuard, Inc.","P.O. Box 0823-03411","Panama","Panama","","Panama","f5689a55549642c0b878dca3702ed01d.protect@whoisguard.com","+507.8365503","+51.17057182","WhoisGuard Protected","WhoisGuard, Inc.","P.O. Box 0823-03411","Panama","Panama","","Panama","f5689a55549642c0b878dca3702ed01d.protect@whoisguard.com","+507.8365503","+51.17057182","","","","","","","","","","","dns1.namecheaphosting.com","dns2.namecheaphosting.com","","","addPeriod","clientTransferProhibited","",""
"113","marketplace871274192114.com","2020-05-10 08:17:39","2020-05-09","","2021-05-09","1068","NameCheap, Inc.","whois.namecheap.com","http://www.namecheap.com","WhoisGuard Protected","WhoisGuard, Inc.","P.O. Box 0823-03411","Panama","Panama","","Panama","fbfa608d9e1d459fab8368da6806364a.protect@whoisguard.com","+507.8365503","+51.17057182","WhoisGuard Protected","WhoisGuard, Inc.","P.O. Box 0823-03411","Panama","Panama","","Panama","fbfa608d9e1d459fab8368da6806364a.protect@whoisguard.com","+507.8365503","+51.17057182","WhoisGuard Protected","WhoisGuard, Inc.","P.O. Box 0823-03411","Panama","Panama","","Panama","fbfa608d9e1d459fab8368da6806364a.protect@whoisguard.com","+507.8365503","+51.17057182","","","","","","","","","","","dns1.namecheaphosting.com","dns2.namecheaphosting.com","","","addPeriod","clientTransferProhibited","",""
"114","masteryourmind.guru","2020-05-11 00:35:47","2020-05-09","2020-05-09","2021-05-09","1068","NameCheap, Inc.","whois.namecheap.com","http://www.namecheap.com","REDACTED FOR PRIVACY","WhoisGuard, Inc.","REDACTED FOR PRIVACY","REDACTED FOR PRIVACY","Panama","REDACTED FOR PRIVACY","Panama","","REDACTED FOR PRIVACY","REDACTED FOR PRIVACY","","","","","","","","","","","","","","","","","","","","","","","","","","","","","","","","","","","addPeriod","clientTransferProhibited","",""
"115","maycock.email","2020-05-10 22:59:15","2020-05-09","2020-05-09","2021-05-09","146","GoDaddy.com, LLC","whois.godaddy.com","http://registrar.godaddy.com","REDACTED FOR PRIVACY","","REDACTED FOR PRIVACY","REDACTED FOR PRIVACY","Oxfordshire","REDACTED FOR PRIVACY","United Kingdom","","REDACTED FOR PRIVACY","REDACTED FOR PRIVACY","","","","","","","","","","","","","","","","","","","","","","","","","","","","","","","","","","","addPeriod","clientDeleteProhibited","clientRenewProhibited","clientTransferProhibited"
"116","mebaso.com","2020-05-10 15:52:03","2020-05-09","2020-05-09","2025-05-09","146","GoDaddy.com, LLC","whois.godaddy.com","http://registrar.godaddy.com","Merchant Bank Solutions","Merchant Bank Solutions","","","Nevada","","United States","","","","","","","","","","","","","","","","","","","","","","","","","","","","","","","","","","ns63.domaincontrol.com","ns64.domaincontrol.com","","","clientDeleteProhibited","clientRenewProhibited","clientTransferProhibited","clientUpdateProhibited"
"117","mems.gold","2020-05-11 00:21:47","2020-05-09","2020-05-09","2021-05-09","1599","Alibaba Cloud Computing Ltd. d/b/a HiChina (www.net.cn)","http://whois.hichina.com/","http://www.net.cn","REDACTED FOR PRIVACY","Beijing ZhongkeYiTeng Technology Co., Ltd.","REDACTED FOR PRIVACY","REDACTED FOR PRIVACY","bei jing","REDACTED FOR PRIVACY","China","","REDACTED FOR PRIVACY","REDACTED FOR PRIVACY","","","","","","","","","","","","","","","","","","","","","","","","","","","","","","","","","","","addPeriod","","",""
"118","memschain.gold","2020-05-11 00:21:43","2020-05-09","2020-05-09","2021-05-09","1599","Alibaba Cloud Computing Ltd. d/b/a HiChina (www.net.cn)","http://whois.hichina.com/","http://www.net.cn","REDACTED FOR PRIVACY","Beijing ZhongkeYiTeng Technology Co., Ltd.","REDACTED FOR PRIVACY","REDACTED FOR PRIVACY","bei jing","REDACTED FOR PRIVACY","China","","REDACTED FOR PRIVACY","REDACTED FOR PRIVACY","","","","","","","","","","","","","","","","","","","","","","","","","","","","","","","","","","","addPeriod","","",""
"119","michelledifeo.com","2020-05-10 02:12:13","2020-05-09","2020-05-09","2021-05-09","625","Name.com, Inc.","whois.name.com","http://www.name.com","Whois Agent","Domain Protection Services, Inc.","PO Box 1769","Denver","CO","80201","United States","","+1.7208009072","+1.7209758725","Whois Agent","Domain Protection Services, Inc.","PO Box 1769","Denver","CO","80201","United States","","+1.7208009072","+1.7209758725","Whois Agent","Domain Protection Services, Inc.","PO Box 1769","Denver","CO","80201","United States","","+1.7208009072","+1.7209758725","","","","","","","","","","","ns1.websiteserverbox.com","ns2.websiteserverbox.com","ns3.websiteserverbox.com","","addPeriod","clientTransferProhibited","",""
"120","microsoft365f.guru","2020-05-11 00:35:32","2020-05-09","2020-05-09","2021-05-09","146","GoDaddy.com, LLC","whois.godaddy.com","http://registrar.godaddy.com","REDACTED FOR PRIVACY","","REDACTED FOR PRIVACY","REDACTED FOR PRIVACY","Delaware","REDACTED FOR PRIVACY","Morocco","","REDACTED FOR PRIVACY","REDACTED FOR PRIVACY","","","","","","","","","","","","","","","","","","","","","","","","","","","","","","","","","","","addPeriod","clientDeleteProhibited","clientRenewProhibited","clientTransferProhibited"
"121","microsoft365j.guru","2020-05-11 00:35:37","2020-05-09","2020-05-09","2021-05-09","146","GoDaddy.com, LLC","whois.godaddy.com","http://registrar.godaddy.com","REDACTED FOR PRIVACY","","REDACTED FOR PRIVACY","REDACTED FOR PRIVACY","Delaware","REDACTED FOR PRIVACY","Morocco","","REDACTED FOR PRIVACY","REDACTED FOR PRIVACY","","","","","","","","","","","","","","","","","","","","","","","","","","","","","","","","","","","addPeriod","clientDeleteProhibited","clientRenewProhibited","clientTransferProhibited"
"122","might.guru","2020-05-11 00:35:31","2020-05-09","2020-05-09","2021-05-09","146","GoDaddy.com, LLC","whois.godaddy.com","http://registrar.godaddy.com","REDACTED FOR PRIVACY","","REDACTED FOR PRIVACY","REDACTED FOR PRIVACY","Andaman and Nicobar Islands","REDACTED FOR PRIVACY","India","","REDACTED FOR PRIVACY","REDACTED FOR PRIVACY","","","","","","","","","","","","","","","","","","","","","","","","","","","","","","","","","","","addPeriod","clientDeleteProhibited","clientRenewProhibited","clientTransferProhibited"
"123","moshi.gold","2020-05-11 00:21:43","2020-05-09","2020-05-09","2021-05-09","1599","Alibaba Cloud Computing Ltd. d/b/a HiChina (www.net.cn)","http://whois.hichina.com/","http://www.net.cn","REDACTED FOR PRIVACY","bei jing zhao lin shang ye guan li you xian gong si","REDACTED FOR PRIVACY","REDACTED FOR PRIVACY","bei jing","REDACTED FOR PRIVACY","China","","REDACTED FOR PRIVACY","REDACTED FOR PRIVACY","","","","","","","","","","","","","","","","","","","","","","","","","","","","","","","","","","","addPeriod","","",""
"124","musicrandb.com","2020-05-10 10:09:16","2020-05-09","","2021-05-09","1068","NameCheap, Inc.","whois.namecheap.com","http://www.namecheap.com","WhoisGuard Protected","WhoisGuard, Inc.","P.O. Box 0823-03411","Panama","Panama","","Panama","1dc7c4fbf17d43d3b60eb63691db728f.protect@whoisguard.com","+507.8365503","+51.17057182","WhoisGuard Protected","WhoisGuard, Inc.","P.O. Box 0823-03411","Panama","Panama","","Panama","1dc7c4fbf17d43d3b60eb63691db728f.protect@whoisguard.com","+507.8365503","+51.17057182","WhoisGuard Protected","WhoisGuard, Inc.","P.O. Box 0823-03411","Panama","Panama","","Panama","1dc7c4fbf17d43d3b60eb63691db728f.protect@whoisguard.com","+507.8365503","+51.17057182","","","","","","","","","","","ns1.dan.com","ns2.dan.com","verification-1574ae1c.ns3.dan.hosting","","clientTransferProhibited","","",""
"125","muzensushi.restaurant","2020-05-10 10:32:31","2020-05-09","2020-05-09","2021-05-09","1068","NameCheap, Inc.","whois.namecheap.com","http://www.namecheap.com","REDACTED FOR PRIVACY","WhoisGuard, Inc.","REDACTED FOR PRIVACY","REDACTED FOR PRIVACY","Panama","REDACTED FOR PRIVACY","Panama","","REDACTED FOR PRIVACY","REDACTED FOR PRIVACY","","","","","","","","","","","","","","","","","","","","","","","","","","","","","","","","","","","addPeriod","clientTransferProhibited","",""
"126","mybingo.bet","2020-05-10 15:34:03","2020-05-09","2020-05-09","2021-05-09","146","GoDaddy.com, LLC","whois.godaddy.com","http://registrar.godaddy.com","Domains By Proxy, LLC","Domains By Proxy, LLC","","","Arizona","","United States","","","","","","","","","","","","","","","","","","","","","","","","","","","","","","","","","","lars.ns.cloudflare.com","mimi.ns.cloudflare.com","","","addPeriod","clientDeleteProhibited","clientRenewProhibited","clientTransferProhibited"
"127","mybolun.com","2020-05-10 04:22:07","2020-05-09","2020-05-09","2021-05-09","146","GoDaddy.com, LLC","whois.godaddy.com","http://registrar.godaddy.com","Vmware","Vmware","","","Singapore","","Singapore","","","","","","","","","","","","","","","","","","","","","","","","","","","","","","","","","","ns15.domaincontrol.com","ns16.domaincontrol.com","","","clientDeleteProhibited","clientRenewProhibited","clientTransferProhibited","clientUpdateProhibited"
"128","newaura24.bet","2020-05-10 15:33:57","2020-05-09","2020-05-09","2021-05-09","146","GoDaddy.com, LLC","whois.godaddy.com","http://registrar.godaddy.com","","","","","northwest London","","United Kingdom","","","","","","","","","","","","","","","","","","","","","","","","","","","","","","","","","","dion.ns.cloudflare.com","tani.ns.cloudflare.com","","","addPeriod","clientDeleteProhibited","clientRenewProhibited","clientTransferProhibited"
"129","nge.bet","2020-05-10 15:34:03","2020-05-09","2020-05-09","2021-05-09","1647","Hosting Concepts B.V. dba Openprovider","whois.registrar.eu","http://www.openprovider.com","Whois Privacy Protection Foundation","Whois Privacy Protection Foundation","","","Zuid-Holland","","Netherlands","","","","","","","","","","","","","","","","","","","","","","","","","","","","","","","","","","ns1.openprovider.nl","ns2.openprovider.be","ns3.openprovider.eu","","addPeriod","clientTransferProhibited","serverTransferProhibited",""
"130","ninetie.com","2020-05-10 20:25:04","2020-05-09","2020-05-09","2021-05-09","146","GoDaddy.com, LLC","whois.godaddy.com","http://registrar.godaddy.com","","","","","California","","United States","","","","","","","","","","","","","","","","","","","","","","","","","","","","","","","","","","ns55.domaincontrol.com","ns56.domaincontrol.com","","","clientDeleteProhibited","clientRenewProhibited","clientTransferProhibited","clientUpdateProhibited"
"131","oelo-mpc.cat","2020-05-10 20:33:36","2020-05-09","2020-05-09","2021-05-09","1262","Dinahosting s.l.","whois.dinahosting.com","http://www.dinahosting.com","","","","","Barcelona","","Spain","","","","","","","","","","","","","","","","","","","","","","","","","","","","","","","","","","ns.dinahosting.com","ns2.dinahosting.com","ns3.dinahosting.com","ns4.dinahosting.com","addPeriod","clientDeleteProhibited","clientTransferProhibited","serverTransferProhibited"
"132","oem.gold","2020-05-11 00:21:43","2020-05-09","2020-05-09","2021-05-09","1599","Alibaba Cloud Computing Ltd. d/b/a HiChina (www.net.cn)","http://whois.hichina.com/","http://www.net.cn","REDACTED FOR PRIVACY","Yao Yong Yi","REDACTED FOR PRIVACY","REDACTED FOR PRIVACY","guang dong","REDACTED FOR PRIVACY","China","","REDACTED FOR PRIVACY","REDACTED FOR PRIVACY","","","","","","","","","","","","","","","","","","","","","","","","","","","","","","","","","","","addPeriod","","",""
"133","onaonline.cat","2020-05-10 20:38:09","2020-05-09","","2021-05-09","76","Nominalia Internet S.L.","whois.nominalia.com","http://www.nominalia.com","Autonomo","Autonomo","","","B","","Spain","","","","","","","","","","","","","","","","","","","","","","","","","","","","","","","","","","dns1.nominalia.com","dns2.nominalia.com","","","addPeriod","serverTransferProhibited","",""
"134","openaccess.guru","2020-05-11 00:36:41","2020-05-09","2020-05-09","2021-05-09","146","GoDaddy.com, LLC","whois.godaddy.com","http://registrar.godaddy.com","REDACTED FOR PRIVACY","Haviland-Smith Enterprises","REDACTED FOR PRIVACY","REDACTED FOR PRIVACY","Connecticut","REDACTED FOR PRIVACY","United States","","REDACTED FOR PRIVACY","REDACTED FOR PRIVACY","","","","","","","","","","","","","","","","","","","","","","","","","","","","","","","","","","","addPeriod","clientDeleteProhibited","clientRenewProhibited","clientTransferProhibited"
"135","originalweb.guru","2020-05-11 00:36:36","2020-05-09","2020-05-09","2021-05-09","146","GoDaddy.com, LLC","whois.godaddy.com","http://registrar.godaddy.com","REDACTED FOR PRIVACY","","REDACTED FOR PRIVACY","REDACTED FOR PRIVACY","California","REDACTED FOR PRIVACY","United States","","REDACTED FOR PRIVACY","REDACTED FOR PRIVACY","","","","","","","","","","","","","","","","","","","","","","","","","","","","","","","","","","","addPeriod","clientDeleteProhibited","clientRenewProhibited","clientTransferProhibited"
"136","outboundadvantagecorp.guru","2020-05-11 00:36:34","2020-05-09","2020-05-09","2021-05-09","1068","NameCheap, Inc.","whois.namecheap.com","http://www.namecheap.com","REDACTED FOR PRIVACY","WhoisGuard, Inc.","REDACTED FOR PRIVACY","REDACTED FOR PRIVACY","Panama","REDACTED FOR PRIVACY","Panama","","REDACTED FOR PRIVACY","REDACTED FOR PRIVACY","","","","","","","","","","","","","","","","","","","","","","","","","","","","","","","","","","","addPeriod","clientTransferProhibited","",""
"137","oxigenats.cat","2020-05-10 20:33:36","2020-05-09","2020-05-09","2021-05-09","1383","Soluciones Corporativas IP, SLU","whois.scip.es","http://www.dondominio.com","","","","","Girona","","Spain","","","","","","","","","","","","","","","","","","","","","","","","","","","","","","","","","","ns631.webempresa.eu","ns632.webempresa.eu","","","addPeriod","serverTransferProhibited","",""
"138","playdate.institute","2020-05-11 01:05:31","2020-05-09","2020-05-09","2021-05-09","1861","Porkbun, LLC","whois.porkbun.com","http://porkbun.com","REDACTED FOR PRIVACY","Private by Design, LLC","REDACTED FOR PRIVACY","REDACTED FOR PRIVACY","NC","REDACTED FOR PRIVACY","United States","","REDACTED FOR PRIVACY","REDACTED FOR PRIVACY","","","","","","","","","","","","","","","","","","","","","","","","","","","","","","","","","","","addPeriod","clientDeleteProhibited","clientTransferProhibited",""
"139","poly.chat","2020-05-10 20:45:57","2020-05-09","2020-05-09","2021-05-09","1556","Chengdu West Dimension Digital Technology Co., Ltd.","whois.west263.com","http://www.west263.com","REDACTED FOR PRIVACY","Ling Li","REDACTED FOR PRIVACY","REDACTED FOR PRIVACY","Si Chuan Sheng","REDACTED FOR PRIVACY","China","","REDACTED FOR PRIVACY","REDACTED FOR PRIVACY","","","","","","","","","","","","","","","","","","","","","","","","","","","","","","","","","","","addPeriod","serverHold","",""
"140","popular.black","2020-05-10 20:01:28","2020-05-09","2020-05-09","2021-05-09","617","Epik Inc.","whois.epik.com","http://epik.com","Anonymize, Inc.","Anonymize, Inc.","","","WA","","United States","","","","","","","","","","","","","","","","","","","","","","","","","","","","","","","","","","ns3.epik.com","ns4.epik.com","","","addPeriod","clientTransferProhibited","serverTransferProhibited",""
"141","popular.discount","2020-05-10 22:43:08","2020-05-09","2020-05-09","2021-05-09","617","Epik Inc.","whois.epik.com","http://epik.com","REDACTED FOR PRIVACY","Anonymize, Inc.","REDACTED FOR PRIVACY","REDACTED FOR PRIVACY","WA","REDACTED FOR PRIVACY","United States","","REDACTED FOR PRIVACY","REDACTED FOR PRIVACY","","","","","","","","","","","","","","","","","","","","","","","","","","","","","","","","","","","addPeriod","clientTransferProhibited","",""
"142","popular.shoes","2020-05-10 09:57:07","2020-05-09","2020-05-09","2021-05-09","617","Epik Inc.","whois.epik.com","http://epik.com","REDACTED FOR PRIVACY","Anonymize, Inc.","REDACTED FOR PRIVACY","REDACTED FOR PRIVACY","WA","REDACTED FOR PRIVACY","United States","","REDACTED FOR PRIVACY","REDACTED FOR PRIVACY","","","","","","","","","","","","","","","","","","","","","","","","","","","","","","","","","","","addPeriod","clientTransferProhibited","",""
"143","price.institute","2020-05-11 01:05:19","2020-05-09","2020-05-09","2021-05-09","895","Google, Inc.","whois.rrpproxy.net","http://www.google.com","REDACTED FOR PRIVACY","Contact Privacy Inc. Customer 1247169489","REDACTED FOR PRIVACY","REDACTED FOR PRIVACY","ON","REDACTED FOR PRIVACY","Canada","","REDACTED FOR PRIVACY","REDACTED FOR PRIVACY","","","","","","","","","","","","","","","","","","","","","","","","","","","","","","","","","","","addPeriod","clientTransferProhibited","",""
"144","productecatala.cat","2020-05-10 20:33:36","2020-05-09","2020-05-09","2021-05-09","379","Arsys Internet, S.L. dba NICLINE.COM","whois.nicline.com","http://www.nicline.com","Diagonal Mar Home, s.l.","Diagonal Mar Home, s.l.","","","BARCELONA","","Spain","","","","","","","","","","","","","","","","","","","","","","","","","","","","","","","","","","ns13.piensasolutions.com","ns14.piensasolutions.com","","","addPeriod","clientTransferProhibited","serverTransferProhibited",""
"145","prosperitycongress.foundation","2020-05-10 23:54:43","2020-05-09","2020-05-09","2021-05-09","146","GoDaddy.com, LLC","whois.godaddy.com","http://registrar.godaddy.com","REDACTED FOR PRIVACY","","REDACTED FOR PRIVACY","REDACTED FOR PRIVACY","Florida","REDACTED FOR PRIVACY","United States","","REDACTED FOR PRIVACY","REDACTED FOR PRIVACY","","","","","","","","","","","","","","","","","","","","","","","","","","","","","","","","","","","addPeriod","clientDeleteProhibited","clientRenewProhibited","clientTransferProhibited"
"146","rana.guru","2020-05-11 00:39:13","2020-05-09","2020-05-09","2021-05-09","146","GoDaddy.com, LLC","whois.godaddy.com","http://registrar.godaddy.com","REDACTED FOR PRIVACY","","REDACTED FOR PRIVACY","REDACTED FOR PRIVACY","Massachusetts","REDACTED FOR PRIVACY","United States","","REDACTED FOR PRIVACY","REDACTED FOR PRIVACY","","","","","","","","","","","","","","","","","","","","","","","","","","","","","","","","","","","addPeriod","clientDeleteProhibited","clientRenewProhibited","clientTransferProhibited"
"147","ratoncitoperez.cat","2020-05-10 20:34:24","2020-05-09","","2021-05-09","76","Nominalia Internet S.L.","whois.nominalia.com","http://www.nominalia.com","TALLER DETIQURTA,S.L","TALLER DETIQURTA,S.L","","","B","","Spain","","","","","","","","","","","","","","","","","","","","","","","","","","","","","","","","","","dns1.nominalia.com","dns2.nominalia.com","","","addPeriod","serverTransferProhibited","",""
"148","recetas.cat","2020-05-10 20:33:36","2020-05-09","2020-05-09","2021-05-09","76","Nominalia Internet S.L.","whois.nominalia.com","http://www.nominalia.com","Kevin Lorenzo Galvan Trujillo","Kevin Lorenzo Galvan Trujillo","","","TF","","Spain","","","","","","","","","","","","","","","","","","","","","","","","","","","","","","","","","","ns1.manerahost.com","ns2.manerahost.com","","","addPeriod","serverTransferProhibited","",""
"149","regainchaseaccess.com","2020-05-10 01:57:45","2020-05-09","2020-05-09","2021-05-09","895","Google, Inc.","whois.rrpproxy.net","http://www.google.com","Contact Privacy Inc. Customer 1247175070","Contact Privacy Inc. Customer 1247175070","96 Mowat Ave","Toronto","ON","M4K 3K1","Canada","szrsumcoafb0@contactprivacy.email","+1.4165385487","","Contact Privacy Inc. Customer 1247175070","Contact Privacy Inc. Customer 1247175070","96 Mowat Ave","Toronto","ON","M4K 3K1","Canada","szrsumcoafb0@contactprivacy.email","+1.4165385487","","Contact Privacy Inc. Customer 1247175070","Contact Privacy Inc. Customer 1247175070","96 Mowat Ave","Toronto","ON","M4K 3K1","Canada","szrsumcoafb0@contactprivacy.email","+1.4165385487","","","","","","","","","","","","ns-cloud-c1.googledomains.com","ns-cloud-c2.googledomains.com","ns-cloud-c3.googledomains.com","ns-cloud-c4.googledomains.com","clientTransferProhibited","","",""
"150","regainchaseaccess.info","2020-05-10 01:55:59","2020-05-09","2020-05-09","2021-05-09","895","Google, Inc.","whois.rrpproxy.net","http://www.google.com","Contact Privacy Inc. Customer 1247175066","Contact Privacy Inc. Customer 1247175066","","","ON","","Canada","","","","","","","","","","","","","","","","","","","","","","","","","","","","","","","","","","ns-cloud-e1.googledomains.com","ns-cloud-e2.googledomains.com","ns-cloud-e3.googledomains.com","ns-cloud-e4.googledomains.com","addPeriod","clientTransferProhibited","serverTransferProhibited",""
"151","reimagine.systems","2020-05-10 08:55:55","2020-05-09","2020-05-09","2022-05-09","1291","Crazy Domains FZ-LLC","whois.crazydomains.com","http://www.crazydomains.com","REDACTED FOR PRIVACY","","REDACTED FOR PRIVACY","REDACTED FOR PRIVACY","NSW","REDACTED FOR PRIVACY","Australia","","REDACTED FOR PRIVACY","REDACTED FOR PRIVACY","","","","","","","","","","","","","","","","","","","","","","","","","","","","","","","","","","","addPeriod","","",""
"152","rh.foundation","2020-05-10 23:54:08","2020-05-09","2020-05-09","2021-05-09","1068","NameCheap, Inc.","whois.namecheap.com","http://www.namecheap.com","REDACTED FOR PRIVACY","WhoisGuard, Inc.","REDACTED FOR PRIVACY","REDACTED FOR PRIVACY","Panama","REDACTED FOR PRIVACY","Panama","","REDACTED FOR PRIVACY","REDACTED FOR PRIVACY","","","","","","","","","","","","","","","","","","","","","","","","","","","","","","","","","","","addPeriod","clientTransferProhibited","",""
"153","riveratoyotas.com","2020-05-10 13:57:22","2020-05-09","","2021-05-09","1068","NameCheap, Inc.","whois.namecheap.com","http://www.namecheap.com","WhoisGuard Protected","WhoisGuard, Inc.","P.O. Box 0823-03411","Panama","Panama","","Panama","e30c2684f8404073bc2f311582149349.protect@whoisguard.com","+507.8365503","+51.17057182","WhoisGuard Protected","WhoisGuard, Inc.","P.O. Box 0823-03411","Panama","Panama","","Panama","e30c2684f8404073bc2f311582149349.protect@whoisguard.com","+507.8365503","+51.17057182","WhoisGuard Protected","WhoisGuard, Inc.","P.O. Box 0823-03411","Panama","Panama","","Panama","e30c2684f8404073bc2f311582149349.protect@whoisguard.com","+507.8365503","+51.17057182","","","","","","","","","","","dns1.registrar-servers.com","dns2.registrar-servers.com","","","addPeriod","clientTransferProhibited","",""
"154","salud.cat","2020-05-10 20:33:35","2020-05-09","2020-05-09","2021-05-09","76","Nominalia Internet S.L.","whois.nominalia.com","http://www.nominalia.com","Kevin Lorenzo Galvan Trujillo","Kevin Lorenzo Galvan Trujillo","","","TF","","Spain","","","","","","","","","","","","","","","","","","","","","","","","","","","","","","","","","","ns1.manerahost.com","ns2.manerahost.com","","","addPeriod","serverTransferProhibited","",""
"155","shaving.systems","2020-05-10 08:55:31","2020-05-09","2020-05-09","2021-05-09","146","GoDaddy.com, LLC","whois.godaddy.com","http://registrar.godaddy.com","REDACTED FOR PRIVACY","17LXB LLC","REDACTED FOR PRIVACY","REDACTED FOR PRIVACY","Illinois","REDACTED FOR PRIVACY","United States","","REDACTED FOR PRIVACY","REDACTED FOR PRIVACY","","","","","","","","","","","","","","","","","","","","","","","","","","","","","","","","","","","addPeriod","clientDeleteProhibited","clientRenewProhibited","clientTransferProhibited"
"156","shopfreaky.com","2020-05-10 21:13:26","2020-05-09","2020-05-09","2021-05-09","146","GoDaddy.com, LLC","whois.godaddy.com","http://registrar.godaddy.com","","","","","Skane Lan","","Sweden","","","","","","","","","","","","","","","","","","","","","","","","","","","","","","","","","","ns1.toughdomains.com","ns2.toughdomains.com","","","OK","","",""
"157","sibangke.com","2020-05-10 21:45:28","2020-05-09","2020-05-09","2021-05-09","146","GoDaddy.com, LLC","whois.godaddy.com","http://registrar.godaddy.com","","","","","Jiangsu","","China","","","","","","","","","","","","","","","","","","","","","","","","","","","","","","","","","","ns63.domaincontrol.com","ns64.domaincontrol.com","","","clientDeleteProhibited","clientRenewProhibited","clientTransferProhibited","clientUpdateProhibited"
"158","someation.engineering","2020-05-10 23:08:47","2020-05-09","2020-05-09","2021-05-09","1861","Porkbun, LLC","whois.porkbun.com","http://porkbun.com","REDACTED FOR PRIVACY","Private by Design, LLC","REDACTED FOR PRIVACY","REDACTED FOR PRIVACY","NC","REDACTED FOR PRIVACY","United States","","REDACTED FOR PRIVACY","REDACTED FOR PRIVACY","","","","","","","","","","","","","","","","","","","","","","","","","","","","","","","","","","","addPeriod","clientDeleteProhibited","clientTransferProhibited",""
"159","soundproofing.systems","2020-05-10 08:55:01","2020-05-09","2020-05-09","2021-05-09","146","GoDaddy.com, LLC","whois.godaddy.com","http://registrar.godaddy.com","REDACTED FOR PRIVACY","","REDACTED FOR PRIVACY","REDACTED FOR PRIVACY","New York","REDACTED FOR PRIVACY","United States","","REDACTED FOR PRIVACY","REDACTED FOR PRIVACY","","","","","","","","","","","","","","","","","","","","","","","","","","","","","","","","","","","addPeriod","clientDeleteProhibited","clientRenewProhibited","clientTransferProhibited"
"160","supression.systems","2020-05-10 08:54:57","2020-05-09","2020-05-09","2021-05-09","146","GoDaddy.com, LLC","whois.godaddy.com","http://registrar.godaddy.com","REDACTED FOR PRIVACY","17LXB LLC","REDACTED FOR PRIVACY","REDACTED FOR PRIVACY","Illinois","REDACTED FOR PRIVACY","United States","","REDACTED FOR PRIVACY","REDACTED FOR PRIVACY","","","","","","","","","","","","","","","","","","","","","","","","","","","","","","","","","","","addPeriod","clientDeleteProhibited","clientRenewProhibited","clientTransferProhibited"
"161","szgtsx.com","2020-05-10 05:04:42","2020-05-09","2020-05-09","2021-05-09","1621","Shanghai Meicheng Technology Information Co., Ltd","whois.cndns.com","http://www.cndns.com","","","","","AnDongSheng","","China","","","","","","","","","","","","","","","","","","","","","","","","","","","","","","","","","","a.ezdnscenter.com","b.ezdnscenter.com","","","OK","","",""
"162","tashenna.com","2020-05-10 05:06:21","2020-05-09","2020-05-09","2021-05-09","146","GoDaddy.com, LLC","whois.godaddy.com","http://registrar.godaddy.com","Registration Private","Domains By Proxy, LLC","DomainsByProxy.com 14455 N. Hayden Road","Scottsdale","Arizona","85260","United States","tashenna.com@domainsbyproxy.com","+1.4806242599","+1.4806242598","Registration Private","Domains By Proxy, LLC","DomainsByProxy.com 14455 N. Hayden Road","Scottsdale","Arizona","85260","United States","tashenna.com@domainsbyproxy.com","+1.4806242599","+1.4806242598","Registration Private","Domains By Proxy, LLC","DomainsByProxy.com 14455 N. Hayden Road","Scottsdale","Arizona","85260","United States","tashenna.com@domainsbyproxy.com","+1.4806242599","+1.4806242598","","","","","","","","","","","ns69.domaincontrol.com","ns70.domaincontrol.com","","","clientDeleteProhibited","clientRenewProhibited","clientTransferProhibited","clientUpdateProhibited"
"163","thrivebychorni.com","2020-05-10 10:38:49","2020-05-09","2020-05-09","2021-05-09","440","Wild West Domains, LLC","whois.wildwestdomains.com","http://www.wildwestdomains.com","Registration Private","Domains By Proxy, LLC","DomainsByProxy.com 14455 N. Hayden Road","Scottsdale","Arizona","85260","United States","thrivebychorni.com@domainsbyproxy.com","+1.4806242599","+1.4806242598","Registration Private","Domains By Proxy, LLC","DomainsByProxy.com 14455 N. Hayden Road","Scottsdale","Arizona","85260","United States","thrivebychorni.com@domainsbyproxy.com","+1.4806242599","+1.4806242598","Registration Private","Domains By Proxy, LLC","DomainsByProxy.com 14455 N. Hayden Road","Scottsdale","Arizona","85260","United States","thrivebychorni.com@domainsbyproxy.com","+1.4806242599","+1.4806242598","","","","","","","","","","","ns1.bdm.microsoftonline.com","ns2.bdm.microsoftonline.com","","","clientDeleteProhibited","clientRenewProhibited","clientTransferProhibited","clientUpdateProhibited"
"164","untitled.systems","2020-05-10 08:54:26","2020-05-09","2020-05-09","2021-05-09","1463","Global Domains International, Inc. DBA DomainCostClub.com","whois.nic.uk","http://www.domaincostclub.com","REDACTED FOR PRIVACY","DomainCostClub.com","REDACTED FOR PRIVACY","REDACTED FOR PRIVACY","CA","REDACTED FOR PRIVACY","United States","","REDACTED FOR PRIVACY","REDACTED FOR PRIVACY","","","","","","","","","","","","","","","","","","","","","","","","","","","","","","","","","","","addPeriod","clientTransferProhibited","",""
"165","update.finance","2020-05-10 23:27:07","2020-05-09","2020-05-09","2021-05-09","146","GoDaddy.com, LLC","whois.godaddy.com","http://registrar.godaddy.com","REDACTED FOR PRIVACY","UPDATE RANGPUR","REDACTED FOR PRIVACY","REDACTED FOR PRIVACY","RANGPUR","REDACTED FOR PRIVACY","Bangladesh","","REDACTED FOR PRIVACY","REDACTED FOR PRIVACY","","","","","","","","","","","","","","","","","","","","","","","","","","","","","","","","","","","addPeriod","clientDeleteProhibited","clientRenewProhibited","clientTransferProhibited"
"166","ur260.com","2020-05-10 16:05:57","2020-05-09","2020-05-09","2021-05-09","146","GoDaddy.com, LLC","whois.godaddy.com","http://registrar.godaddy.com","","","","","Florida","","United States","","","","","","","","","","","","","","","","","","","","","","","","","","","","","","","","","","ns59.domaincontrol.com","ns60.domaincontrol.com","","","clientDeleteProhibited","clientRenewProhibited","clientTransferProhibited","clientUpdateProhibited"
"167","userfbname-profile-0001.info","2020-05-10 13:23:18","2020-05-09","2020-05-09","2021-05-09","1068","NameCheap, Inc.","whois.namecheap.com","http://www.namecheap.com","WhoisGuard, Inc.","WhoisGuard, Inc.","","","Panama","","Panama","","","","","","","","","","","","","","","","","","","","","","","","","","","","","","","","","","dns1.namecheaphosting.com","dns2.namecheaphosting.com","","","addPeriod","clientTransferProhibited","serverTransferProhibited",""
"168","verified-badges-accounts.com","2020-05-10 08:18:06","2020-05-09","2020-05-09","2021-05-09","440","Wild West Domains, LLC","whois.wildwestdomains.com","http://www.wildwestdomains.com","Registration Private","Domains By Proxy, LLC","DomainsByProxy.com 14455 N. Hayden Road","Scottsdale","Arizona","85260","United States","verified-badges-accounts.com@domainsbyproxy.com","+1.4806242599","+1.4806242598","Registration Private","Domains By Proxy, LLC","DomainsByProxy.com 14455 N. Hayden Road","Scottsdale","Arizona","85260","United States","verified-badges-accounts.com@domainsbyproxy.com","+1.4806242599","+1.4806242598","Registration Private","Domains By Proxy, LLC","DomainsByProxy.com 14455 N. Hayden Road","Scottsdale","Arizona","85260","United States","verified-badges-accounts.com@domainsbyproxy.com","+1.4806242599","+1.4806242598","","","","","","","","","","","ns1.asilpanel.xyz","ns2.asilpanel.xyz","","","clientDeleteProhibited","clientRenewProhibited","clientTransferProhibited","clientUpdateProhibited"
"169","visadocovid-19.cat","2020-05-10 20:33:36","2020-05-09","","2021-05-09","76","Nominalia Internet S.L.","whois.nominalia.com","http://www.nominalia.com","Ana","Ana","","","M","","Spain","","","","","","","","","","","","","","","","","","","","","","","","","","","","","","","","","","dns1.nominalia.com","dns2.nominalia.com","","","addPeriod","serverTransferProhibited","",""
"170","webjadu.com","2020-05-10 16:32:11","2020-05-09","","2021-05-09","1068","NameCheap, Inc.","whois.namecheap.com","http://www.namecheap.com","WhoisGuard Protected","WhoisGuard, Inc.","P.O. Box 0823-03411","Panama","Panama","","Panama","0e79ca3c9cb647d78cfbcabf6a712165.protect@whoisguard.com","+507.8365503","+51.17057182","WhoisGuard Protected","WhoisGuard, Inc.","P.O. Box 0823-03411","Panama","Panama","","Panama","0e79ca3c9cb647d78cfbcabf6a712165.protect@whoisguard.com","+507.8365503","+51.17057182","WhoisGuard Protected","WhoisGuard, Inc.","P.O. Box 0823-03411","Panama","Panama","","Panama","0e79ca3c9cb647d78cfbcabf6a712165.protect@whoisguard.com","+507.8365503","+51.17057182","","","","","","","","","","","arnold.ns.cloudflare.com","marjory.ns.cloudflare.com","","","clientTransferProhibited","","",""
"171","ws0735.com","2020-05-10 17:14:02","2020-05-09","2020-05-09","2021-05-09","146","GoDaddy.com, LLC","whois.godaddy.com","http://registrar.godaddy.com","","","","","Jiangsu","","China","","","","","","","","","","","","","","","","","","","","","","","","","","","","","","","","","","ns55.domaincontrol.com","ns56.domaincontrol.com","","","clientDeleteProhibited","clientRenewProhibited","clientTransferProhibited","clientUpdateProhibited"
"172","youngporn.blue","2020-05-10 20:05:46","2020-05-09","2020-05-09","2021-05-09","1068","NameCheap, Inc.","whois.namecheap.com","http://www.namecheap.com","WhoisGuard, Inc.","WhoisGuard, Inc.","","","Panama","","Panama","","","","","","","","","","","","","","","","","","","","","","","","","","","","","","","","","","ns1.sedoparking.com","ns2.sedoparking.com","","","addPeriod","clientTransferProhibited","serverTransferProhibited",""
"173","younix.black","2020-05-10 20:01:28","2020-05-09","2020-05-09","2021-05-09","81","Gandi SAS","whois.gandi.net","http://www.gandi.net","","","","","","","Ukraine","","","","","","","","","","","","","","","","","","","","","","","","","","","","","","","","","","ns-19-a.gandi.net","ns-206-c.gandi.net","ns-39-b.gandi.net","","addPeriod","clientTransferProhibited","serverTransferProhibited",""
"174","younix.blue","2020-05-10 20:05:46","2020-05-09","2020-05-09","2021-05-09","81","Gandi SAS","whois.gandi.net","http://www.gandi.net","","","","","","","Ukraine","","","","","","","","","","","","","","","","","","","","","","","","","","","","","","","","","","ns-163-c.gandi.net","ns-199-b.gandi.net","ns-247-a.gandi.net","","addPeriod","clientTransferProhibited","serverTransferProhibited",""
"175","yourrosomsfn24.com","2020-05-10 20:28:58","2020-05-09","2020-05-10","2021-05-09","69","Tucows Domains Inc.","whois.tucows.com","http://domainhelp.opensrs.net","Contact Privacy Inc. Customer 0157873670","Contact Privacy Inc. Customer 0157873670","96 Mowat Ave","Toronto","ON","M6K 3M1","Canada","yourrosomsfn24.com@contactprivacy.com","+1.4165385457","","Contact Privacy Inc. Customer 0157873670","Contact Privacy Inc. Customer 0157873670","96 Mowat Ave","Toronto","ON","M6K 3M1","Canada","yourrosomsfn24.com@contactprivacy.com","+1.4165385457","","Contact Privacy Inc. Customer 0157873670","Contact Privacy Inc. Customer 0157873670","96 Mowat Ave","Toronto","ON","M6K 3M1","Canada","yourrosomsfn24.com@contactprivacy.com","+1.4165385457","","","","","","","","","","","","ns1.richarish.com","ns2.richarish.com","","","clientTransferProhibited","clientUpdateProhibited","",""
"176","ypp.blue","2020-05-10 20:05:46","2020-05-09","2020-05-09","2021-05-09","1697","DNSPod, Inc.","whois.dnspod.com","http:// www.dnspod.cn","???","???","","","an hui sheng","","China","","","","","","","","","","","","","","","","","","","","","","","","","","","","","","","","","","f1g1ns1.dnspod.net","f1g1ns2.dnspod.net","","","addPeriod","serverTransferProhibited","",""
"177","zundala.com","2020-05-10 19:00:13","2020-05-09","2020-05-09","2021-05-09","146","GoDaddy.com, LLC","whois.godaddy.com","http://registrar.godaddy.com","Registration Private","Domains By Proxy, LLC","DomainsByProxy.com 14455 N. Hayden Road","Scottsdale","Arizona","85260","United States","zundala.com@domainsbyproxy.com","+1.4806242599","+1.4806242598","Registration Private","Domains By Proxy, LLC","DomainsByProxy.com 14455 N. Hayden Road","Scottsdale","Arizona","85260","United States","zundala.com@domainsbyproxy.com","+1.4806242599","+1.4806242598","Registration Private","Domains By Proxy, LLC","DomainsByProxy.com 14455 N. Hayden Road","Scottsdale","Arizona","85260","United States","zundala.com@domainsbyproxy.com","+1.4806242599","+1.4806242598","","","","","","","","","","","ns45.domaincontrol.com","ns46.domaincontrol.com","","","clientDeleteProhibited","clientRenewProhibited","clientTransferProhibited","clientUpdateProhibited"