"num","domain_name","query_time","create_date","update_date","expiry_date","domain_registrar_id","domain_registrar_name","domain_registrar_whois","domain_registrar_url","registrant_name","registrant_company","registrant_address","registrant_city","registrant_state","registrant_zip","registrant_country","registrant_email","registrant_phone","registrant_fax","administrative_name","administrative_company","administrative_address","administrative_city","administrative_state","administrative_zip","administrative_country","administrative_email","administrative_phone","administrative_fax","technical_name","technical_company","technical_address","technical_city","technical_state","technical_zip","technical_country","technical_email","technical_phone","technical_fax","billing_name","billing_company","billing_address","billing_city","billing_state","billing_zip","billing_country","billing_email","billing_phone","billing_fax","name_server_1","name_server_2","name_server_3","name_server_4","domain_status_1","domain_status_2","domain_status_3","domain_status_4"
"1","0769hongxin328.com","2020-05-10 05:35:14","2020-05-05","2020-05-05","2021-05-05","3824","Cloud Yuqu LLC","","","REDACTED FOR PRIVACY","REDACTED FOR PRIVACY","REDACTED FOR PRIVACY","Chengdu","Sichuan","REDACTED FOR PRIVACY","China","","REDACTED FOR PRIVACY","REDACTED FOR PRIVACY","REDACTED FOR PRIVACY","REDACTED FOR PRIVACY","REDACTED FOR PRIVACY","Chengdu","Sichuan","REDACTED FOR PRIVACY","China","","REDACTED FOR PRIVACY","REDACTED FOR PRIVACY","REDACTED FOR PRIVACY","REDACTED FOR PRIVACY","REDACTED FOR PRIVACY","Chengdu","Sichuan","REDACTED FOR PRIVACY","China","","REDACTED FOR PRIVACY","REDACTED FOR PRIVACY","","","","","","","","","","","ns1.myhostadmin.net","ns2.myhostadmin.net","","","OK","","",""
"2","8868.red","2020-05-10 10:33:35","2020-05-05","2020-05-07","2021-05-05","1697","DNSPod, Inc.","whois.dnspod.com","http:// www.dnspod.cn","??","??","","","hu bei sheng","","China","","","","","","","","","","","","","","","","","","","","","","","","","","","","","","","","","","f1g1ns1.dnspod.net","f1g1ns2.dnspod.net","","","serverTransferProhibited","","",""
"3","admiralcasinosloti.com","2020-05-10 04:03:18","2020-05-05","2020-05-08","2021-05-05","269","Key-Systems GmbH","whois.rrpproxy.net","http://www.key-systems.net","On behalf of admiralcasinosloti.com OWNER","c/o whoisproxy.com","604 Cameron Street","Alexandria","VA","22314","United States","f792edfed77ed844534a825bfb10a8e7a0b4d74260ecfb4c1a6c52ec12f7abe8@admiralcasinosloti.com.whoisproxy.o","+64.48319528","","On behalf of admiralcasinosloti.com ADMIN","c/o whoisproxy.com","604 Cameron Street","Alexandria","VA","22314","United States","f792edfed77ed844534a825bfb10a8e7a0b4d74260ecfb4c1a6c52ec12f7abe8@admiralcasinosloti.com.whoisproxy.o","+64.48319528","","On behalf of admiralcasinosloti.com TECH","c/o whoisproxy.com","604 Cameron Street","Alexandria","VA","22314","United States","f792edfed77ed844534a825bfb10a8e7a0b4d74260ecfb4c1a6c52ec12f7abe8@admiralcasinosloti.com.whoisproxy.o","+64.48319528","","On behalf of admiralcasinosloti.com BILLING","c/o whoisproxy.com","604 Cameron Street","Alexandria","VA","22314","United States","f792edfed77ed844534a825bfb10a8e7a0b4d74260ecfb4c1a6c52ec12f7abe8@admiralcasinosloti.com.whoisproxy.o","+64.48319528","","jay.ns.cloudflare.com","lia.ns.cloudflare.com","","","clientTransferProhibited","","",""
"4","andersoncesar.com","2020-05-06 19:26:44","2020-05-05","","2021-05-05","1068","NameCheap, Inc.","whois.namecheap.com","http://www.namecheap.com","WhoisGuard Protected","WhoisGuard, Inc.","P.O. Box 0823-03411","Panama","Panama","","Panama","47e11d25fd5d431fab7e29b6d94afaa6.protect@whoisguard.com","+507.8365503","+51.17057182","WhoisGuard Protected","WhoisGuard, Inc.","P.O. Box 0823-03411","Panama","Panama","","Panama","47e11d25fd5d431fab7e29b6d94afaa6.protect@whoisguard.com","+507.8365503","+51.17057182","WhoisGuard Protected","WhoisGuard, Inc.","P.O. Box 0823-03411","Panama","Panama","","Panama","47e11d25fd5d431fab7e29b6d94afaa6.protect@whoisguard.com","+507.8365503","+51.17057182","","","","","","","","","","","dns1.registrar-servers.com","dns2.registrar-servers.com","","","addPeriod","clientTransferProhibited","",""
"5","aphilosofia.biz","2020-05-10 15:54:51","2020-05-05","2020-05-05","2021-05-05","895","Google, Inc.","whois.rrpproxy.net","http://www.google.com","Contact Privacy Inc. Customer 1247140976","Contact Privacy Inc. Customer 1247140976","","","ON","","Canada","","","","","","","","","","","","","","","","","","","","","","","","","","","","","","","","","","ns-cloud-c1.googledomains.com","ns-cloud-c2.googledomains.com","ns-cloud-c3.googledomains.com","ns-cloud-c4.googledomains.com","addPeriod","clientTransferProhibited","",""
"6","app-velmis.biz","2020-05-10 15:58:05","2020-05-05","2020-05-05","2021-05-05","433","OVH sas","whois.ovh.com","http://www.ovh.com","","","","","","","Belgium","","","","","","","","","","","","","","","","","","","","","","","","","","","","","","","","","","dns110.ovh.net","ns110.ovh.net","","","addPeriod","clientDeleteProhibited","clientTransferProhibited",""
"7","app4me.biz","2020-05-10 15:58:04","2020-05-05","2020-05-05","2021-05-05","146","GoDaddy.com, LLC","whois.godaddy.com","http://registrar.godaddy.com","","","","","Virginia","","United States","","","","","","","","","","","","","","","","","","","","","","","","","","","","","","","","","","ns71.domaincontrol.com","ns72.domaincontrol.com","","","addPeriod","clientDeleteProhibited","clientRenewProhibited","clientTransferProhibited"
"8","berekeagro.com","2020-05-10 03:57:51","2020-05-05","2020-05-05","2021-05-05","1362","Regtime Ltd.","whois.webnames.ru","http://www.webnames.ru","Kamchiev Kamchiev","Private person","pr.ZHibek zholu 286/1 kv 14","Bishkek","Bishkek","720033","Kyrgyzstan","taalaybek19@yahoo.com","+996.777438991","","Kamchiev Kamchiev","Private person","pr.ZHibek zholu 286/1 kv 14","Bishkek","Bishkek","720033","Kyrgyzstan","taalaybek19@yahoo.com","+996.777438991","","Kamchiev Kamchiev","Private person","pr.ZHibek zholu 286/1 kv 14","Bishkek","Bishkek","720033","Kyrgyzstan","taalaybek19@yahoo.com","+996.777438991","","","","","","","","","","","","ns5.hoster.kg","ns6.hoster.kg","","","OK","","",""
"9","biturbatum.com","2020-05-07 19:26:38","2020-05-05","2020-05-05","2021-05-05","146","GoDaddy.com, LLC","whois.godaddy.com","http://registrar.godaddy.com","","","","","Bochum","","Germany","","","","","","","","","","","","","","","","","","","","","","","","","","","","","","","","","","ns1.poytomedia.com","ns2.poytomedia.com","","","clientDeleteProhibited","clientRenewProhibited","clientTransferProhibited","clientUpdateProhibited"
"10","bookofraslot-play.com","2020-05-10 04:03:18","2020-05-05","2020-05-08","2021-05-05","269","Key-Systems GmbH","whois.rrpproxy.net","http://www.key-systems.net","On behalf of bookofraslot-play.com OWNER","c/o whoisproxy.com","604 Cameron Street","Alexandria","VA","22314","United States","9ecb237acd2f3565ac43a57ca9fa8d169df453ec65029baa3804cb67ea3a73c7@bookofraslot-play.com.whoisproxy.or","+64.48319528","","On behalf of bookofraslot-play.com ADMIN","c/o whoisproxy.com","604 Cameron Street","Alexandria","VA","22314","United States","9ecb237acd2f3565ac43a57ca9fa8d169df453ec65029baa3804cb67ea3a73c7@bookofraslot-play.com.whoisproxy.or","+64.48319528","","On behalf of bookofraslot-play.com TECH","c/o whoisproxy.com","604 Cameron Street","Alexandria","VA","22314","United States","9ecb237acd2f3565ac43a57ca9fa8d169df453ec65029baa3804cb67ea3a73c7@bookofraslot-play.com.whoisproxy.or","+64.48319528","","On behalf of bookofraslot-play.com BILLING","c/o whoisproxy.com","604 Cameron Street","Alexandria","VA","22314","United States","9ecb237acd2f3565ac43a57ca9fa8d169df453ec65029baa3804cb67ea3a73c7@bookofraslot-play.com.whoisproxy.or","+64.48319528","","amy.ns.cloudflare.com","jeremy.ns.cloudflare.com","","","clientTransferProhibited","","",""
"11","bookofraslotplay.com","2020-05-10 04:09:52","2020-05-05","2020-05-08","2021-05-05","269","Key-Systems GmbH","whois.rrpproxy.net","http://www.key-systems.net","On behalf of bookofraslotplay.com OWNER","c/o whoisproxy.com","604 Cameron Street","Alexandria","VA","22314","United States","b72106d521396c1fecf9a22f687583964e56e500b81bac074f8cecdd53e2db5a@bookofraslotplay.com.whoisproxy.org","+64.48319528","","On behalf of bookofraslotplay.com ADMIN","c/o whoisproxy.com","604 Cameron Street","Alexandria","VA","22314","United States","b72106d521396c1fecf9a22f687583964e56e500b81bac074f8cecdd53e2db5a@bookofraslotplay.com.whoisproxy.org","+64.48319528","","On behalf of bookofraslotplay.com TECH","c/o whoisproxy.com","604 Cameron Street","Alexandria","VA","22314","United States","b72106d521396c1fecf9a22f687583964e56e500b81bac074f8cecdd53e2db5a@bookofraslotplay.com.whoisproxy.org","+64.48319528","","On behalf of bookofraslotplay.com BILLING","c/o whoisproxy.com","604 Cameron Street","Alexandria","VA","22314","United States","b72106d521396c1fecf9a22f687583964e56e500b81bac074f8cecdd53e2db5a@bookofraslotplay.com.whoisproxy.org","+64.48319528","","athena.ns.cloudflare.com","max.ns.cloudflare.com","","","clientTransferProhibited","","",""
"12","bpcuuzm.biz","2020-05-10 16:14:03","2020-05-05","2020-05-10","2021-05-05","49","GMO Internet Inc.","whois.discount-domain.com","http://www.onamae.com","Create,LLC","Create,LLC","","","Chiba","","Japan","","","","","","","","","","","","","","","","","","","","","","","","","","","","","","","","","","ns1.pom-g01.net","ns2.pom-g01.net","","","OK","","",""
"13","brandonkacere.biz","2020-05-10 16:14:03","2020-05-05","2020-05-10","2021-05-05","146","GoDaddy.com, LLC","whois.godaddy.com","http://registrar.godaddy.com","","","","","Iowa","","United States","","","","","","","","","","","","","","","","","","","","","","","","","","","","","","","","","","ns1.rdnameservers.com","ns2.rdnameservers.com","","","clientDeleteProhibited","clientRenewProhibited","clientTransferProhibited","clientUpdateProhibited"
"14","chinasindustry.com","2020-05-10 05:11:05","2020-05-05","2020-05-08","2021-05-05","471","Bizcn.com, Inc.","whois.bizcn.com","http://www.bizcn.com","","","","","Jiangxi","","China","","","","","","","","","","","","","","","","","","","","","","","","","","","","","","","","","","ns1.bdydns.cn","ns2.bdydns.cn","","","clientDeleteProhibited","clientTransferProhibited","",""
"15","clickitz.biz","2020-05-10 16:28:08","2020-05-05","2020-05-10","2021-05-05","146","GoDaddy.com, LLC","whois.godaddy.com","http://registrar.godaddy.com","Domains By Proxy, LLC","Domains By Proxy, LLC","","","Arizona","","United States","","","","","","","","","","","","","","","","","","","","","","","","","","","","","","","","","","ns49.domaincontrol.com","ns50.domaincontrol.com","","","clientDeleteProhibited","clientRenewProhibited","clientTransferProhibited","clientUpdateProhibited"
"16","club-vulkanmillion.com","2020-05-10 03:57:51","2020-05-05","2020-05-08","2021-05-05","269","Key-Systems GmbH","whois.rrpproxy.net","http://www.key-systems.net","On behalf of club-vulkanmillion.com OWNER","c/o whoisproxy.com","604 Cameron Street","Alexandria","VA","22314","United States","f9a3b1e6ae22fdae77cf04924abdc77cd4bacc1828a810c609f06dd2f258978c@club-vulkanmillion.com.whoisproxy.o","+64.48319528","","On behalf of club-vulkanmillion.com ADMIN","c/o whoisproxy.com","604 Cameron Street","Alexandria","VA","22314","United States","f9a3b1e6ae22fdae77cf04924abdc77cd4bacc1828a810c609f06dd2f258978c@club-vulkanmillion.com.whoisproxy.o","+64.48319528","","On behalf of club-vulkanmillion.com TECH","c/o whoisproxy.com","604 Cameron Street","Alexandria","VA","22314","United States","f9a3b1e6ae22fdae77cf04924abdc77cd4bacc1828a810c609f06dd2f258978c@club-vulkanmillion.com.whoisproxy.o","+64.48319528","","On behalf of club-vulkanmillion.com BILLING","c/o whoisproxy.com","604 Cameron Street","Alexandria","VA","22314","United States","f9a3b1e6ae22fdae77cf04924abdc77cd4bacc1828a810c609f06dd2f258978c@club-vulkanmillion.com.whoisproxy.o","+64.48319528","","kiki.ns.cloudflare.com","oswald.ns.cloudflare.com","","","clientTransferProhibited","","",""
"17","clubvulkanmillion.com","2020-05-10 03:57:51","2020-05-05","2020-05-08","2021-05-05","269","Key-Systems GmbH","whois.rrpproxy.net","http://www.key-systems.net","On behalf of clubvulkanmillion.com OWNER","c/o whoisproxy.com","604 Cameron Street","Alexandria","VA","22314","United States","0c65725eaa7e0d96975d58fcdad1594c3d39dc8de1fcd7e1dcdee90f6ffa1467@clubvulkanmillion.com.whoisproxy.or","+64.48319528","","On behalf of clubvulkanmillion.com ADMIN","c/o whoisproxy.com","604 Cameron Street","Alexandria","VA","22314","United States","0c65725eaa7e0d96975d58fcdad1594c3d39dc8de1fcd7e1dcdee90f6ffa1467@clubvulkanmillion.com.whoisproxy.or","+64.48319528","","On behalf of clubvulkanmillion.com TECH","c/o whoisproxy.com","604 Cameron Street","Alexandria","VA","22314","United States","0c65725eaa7e0d96975d58fcdad1594c3d39dc8de1fcd7e1dcdee90f6ffa1467@clubvulkanmillion.com.whoisproxy.or","+64.48319528","","On behalf of clubvulkanmillion.com BILLING","c/o whoisproxy.com","604 Cameron Street","Alexandria","VA","22314","United States","0c65725eaa7e0d96975d58fcdad1594c3d39dc8de1fcd7e1dcdee90f6ffa1467@clubvulkanmillion.com.whoisproxy.or","+64.48319528","","jeff.ns.cloudflare.com","kay.ns.cloudflare.com","","","clientTransferProhibited","","",""
"18","cocamia.com","2020-05-10 05:42:35","2020-05-05","2020-05-05","2021-05-05","1418","EvoPlus Ltd.","whois.evonames.com","http://www.evonames.com","DANESCO TRADING LTD","DANESCO TRADING LTD.","157, Archbishop Makarios Ave, office 1","Limassol","","3026","Cyprus","cocamia.com@whoisprotectservice.net","+357.95713635","+357.95713635","DANESCO TRADING LTD","DANESCO TRADING LTD.","157, Archbishop Makarios Ave, office 1","Limassol","","3026","Cyprus","cocamia.com@whoisprotectservice.net","+357.95713635","+357.95713635","DANESCO TRADING LTD","DANESCO TRADING LTD.","157, Archbishop Makarios Ave, office 1","Limassol","","3026","Cyprus","cocamia.com@whoisprotectservice.net","+357.95713635","+357.95713635","DANESCO TRADING LTD","DANESCO TRADING LTD.","157, Archbishop Makarios Ave, office 1","Limassol","","3026","Cyprus","cocamia.com@whoisprotectservice.net","+357.95713635","+357.95713635","ns-cloud-c1.googledomains.com","","","","clientDeleteProhibited","clientTransferProhibited","",""
"19","communitydigitalpromotions.com","2020-05-10 03:57:51","2020-05-05","2020-05-08","2021-05-05","2487","Internet Domain Services BS Corp","whois.publicinterestregistry.net","http://www.internetbs.net","Domain Admin","Whois Privacy Corp.","Ocean Centre, Montagu Foreshore, East Bay Street","Nassau","New Providence","","Bahamas","communitydigitalpromotions.com-owner-gf57@customers.whoisprivacycorp.com","+1.5163872248","","Domain Admin","Whois Privacy Corp.","Ocean Centre, Montagu Foreshore, East Bay Street","Nassau","New Providence","","Bahamas","communitydigitalpromotions.com-admin-nwfa@customers.whoisprivacycorp.com","+1.5163872248","","Domain Admin","Whois Privacy Corp.","Ocean Centre, Montagu Foreshore, East Bay Street","Nassau","New Providence","","Bahamas","communitydigitalpromotions.com-tech-qqsj@customers.whoisprivacycorp.com","+1.5163872248","","","","","","","","","","","","ns-canada.topdns.com","ns-uk.topdns.com","ns-usa.topdns.com","","clientTransferProhibited","ok","",""
"20","coopermail.biz","2020-05-10 16:32:08","2020-05-05","2020-05-05","2021-05-05","895","Google, Inc.","whois.rrpproxy.net","http://www.google.com","Contact Privacy Inc. Customer 1247138542","Contact Privacy Inc. Customer 1247138542","","","ON","","Canada","","","","","","","","","","","","","","","","","","","","","","","","","","","","","","","","","","ns-cloud-b1.googledomains.com","ns-cloud-b2.googledomains.com","ns-cloud-b3.googledomains.com","ns-cloud-b4.googledomains.com","addPeriod","clientTransferProhibited","",""
"21","crazy-monkeyavtomat.com","2020-05-10 03:57:54","2020-05-05","2020-05-08","2021-05-05","269","Key-Systems GmbH","whois.rrpproxy.net","http://www.key-systems.net","On behalf of crazy-monkeyavtomat.com OWNER","c/o whoisproxy.com","604 Cameron Street","Alexandria","VA","22314","United States","dff73cee3e18fc628fc881ec0161370f193f523572c648f5a7db19e997029307@crazy-monkeyavtomat.com.whoisproxy.","+64.48319528","","On behalf of crazy-monkeyavtomat.com ADMIN","c/o whoisproxy.com","604 Cameron Street","Alexandria","VA","22314","United States","dff73cee3e18fc628fc881ec0161370f193f523572c648f5a7db19e997029307@crazy-monkeyavtomat.com.whoisproxy.","+64.48319528","","On behalf of crazy-monkeyavtomat.com TECH","c/o whoisproxy.com","604 Cameron Street","Alexandria","VA","22314","United States","dff73cee3e18fc628fc881ec0161370f193f523572c648f5a7db19e997029307@crazy-monkeyavtomat.com.whoisproxy.","+64.48319528","","On behalf of crazy-monkeyavtomat.com BILLING","c/o whoisproxy.com","604 Cameron Street","Alexandria","VA","22314","United States","dff73cee3e18fc628fc881ec0161370f193f523572c648f5a7db19e997029307@crazy-monkeyavtomat.com.whoisproxy.","+64.48319528","","evan.ns.cloudflare.com","lucy.ns.cloudflare.com","","","clientTransferProhibited","","",""
"22","crazymonkeyavtomat.com","2020-05-10 03:57:51","2020-05-05","2020-05-08","2021-05-05","269","Key-Systems GmbH","whois.rrpproxy.net","http://www.key-systems.net","On behalf of crazymonkeyavtomat.com OWNER","c/o whoisproxy.com","604 Cameron Street","Alexandria","VA","22314","United States","12ecb873ec2a0b4b1cc123a713b308fa0b5ea03dff0a7cd21f87b3172881dd43@crazymonkeyavtomat.com.whoisproxy.o","+64.48319528","","On behalf of crazymonkeyavtomat.com ADMIN","c/o whoisproxy.com","604 Cameron Street","Alexandria","VA","22314","United States","12ecb873ec2a0b4b1cc123a713b308fa0b5ea03dff0a7cd21f87b3172881dd43@crazymonkeyavtomat.com.whoisproxy.o","+64.48319528","","On behalf of crazymonkeyavtomat.com TECH","c/o whoisproxy.com","604 Cameron Street","Alexandria","VA","22314","United States","12ecb873ec2a0b4b1cc123a713b308fa0b5ea03dff0a7cd21f87b3172881dd43@crazymonkeyavtomat.com.whoisproxy.o","+64.48319528","","On behalf of crazymonkeyavtomat.com BILLING","c/o whoisproxy.com","604 Cameron Street","Alexandria","VA","22314","United States","12ecb873ec2a0b4b1cc123a713b308fa0b5ea03dff0a7cd21f87b3172881dd43@crazymonkeyavtomat.com.whoisproxy.o","+64.48319528","","aida.ns.cloudflare.com","theo.ns.cloudflare.com","","","clientTransferProhibited","","",""
"23","csovemn.com","2020-05-10 05:41:57","2020-05-05","2020-05-05","2021-05-05","1915","West263 International Limited","whois.hkdns.hk","http://www.hkdns.hk","REDACTED FOR PRIVACY","REDACTED FOR PRIVACY","REDACTED FOR PRIVACY","Chengdu","Sichuan","REDACTED FOR PRIVACY","China","","REDACTED FOR PRIVACY","REDACTED FOR PRIVACY","REDACTED FOR PRIVACY","REDACTED FOR PRIVACY","REDACTED FOR PRIVACY","Chengdu","Sichuan","REDACTED FOR PRIVACY","China","","REDACTED FOR PRIVACY","REDACTED FOR PRIVACY","REDACTED FOR PRIVACY","REDACTED FOR PRIVACY","REDACTED FOR PRIVACY","Chengdu","Sichuan","REDACTED FOR PRIVACY","China","","REDACTED FOR PRIVACY","REDACTED FOR PRIVACY","","","","","","","","","","","ns3.myhostadmin.net","ns4.myhostadmin.net","","","OK","","",""
"24","darazeal.com","2020-05-10 04:03:20","2020-05-05","2020-05-07","2021-05-05","48","eNom, Inc.","whois.enom.com","http://www.enom.com","REDACTED FOR PRIVACY","REDACTED FOR PRIVACY","REDACTED FOR PRIVACY","REDACTED FOR PRIVACY","Dhaka","REDACTED FOR PRIVACY","Bangladesh","","REDACTED FOR PRIVACY","REDACTED FOR PRIVACY","REDACTED FOR PRIVACY","REDACTED FOR PRIVACY","REDACTED FOR PRIVACY","REDACTED FOR PRIVACY","REDACTED FOR PRIVACY","REDACTED FOR PRIVACY","REDACTED FOR PRIVACY","","REDACTED FOR PRIVACY","REDACTED FOR PRIVACY","REDACTED FOR PRIVACY","REDACTED FOR PRIVACY","REDACTED FOR PRIVACY","REDACTED FOR PRIVACY","REDACTED FOR PRIVACY","REDACTED FOR PRIVACY","REDACTED FOR PRIVACY","","REDACTED FOR PRIVACY","REDACTED FOR PRIVACY","","","","","","","","","","","dns1.name-services.com","dns2.name-services.com","dns3.name-services.com","dns4.name-services.com","addPeriod","clientTransferProhibited","",""
"25","eyeteam.pro","2020-05-06 19:10:03","2020-05-05","2020-05-05","2021-05-05","146","GoDaddy.com, LLC","whois.godaddy.com","http://registrar.godaddy.com","AGROSTAR","AGROSTAR","","","Puerto Rico","","United States","","","","","","","","","","","","","","","","","","","","","","","","","","","","","","","","","","ns19.domaincontrol.com","ns20.domaincontrol.com","","","addPeriod","clientDeleteProhibited","clientRenewProhibited","clientTransferProhibited"
"26","fabrizio.biz","2020-05-10 17:00:43","2020-05-05","2020-05-05","2021-05-05","895","Google, Inc.","whois.rrpproxy.net","http://www.google.com","Contact Privacy Inc. Customer 1247138948","Contact Privacy Inc. Customer 1247138948","","","ON","","Canada","","","","","","","","","","","","","","","","","","","","","","","","","","","","","","","","","","ns-cloud-a1.googledomains.com","ns-cloud-a2.googledomains.com","ns-cloud-a3.googledomains.com","ns-cloud-a4.googledomains.com","addPeriod","clientTransferProhibited","",""
"27","facebook.xn--1qqw23a","2020-05-10 08:32:17","2020-05-05","","2023-05-05","1599","Alibaba Cloud Computing Ltd. d/b/a HiChina (www.net.cn)","http://whois.hichina.com/","http://www.net.cn","???","???","","","??","","China","","","","","","","","","","","","","","","","","","","","","","","","","","","","","","","","","","dns13.hichina.com","dns14.hichina.com","","","OK","","",""
"28","falconcollective.biz","2020-05-10 17:00:42","2020-05-05","2020-05-10","2021-05-05","1609","Synergy Wholesale Pty Ltd","whois.ausregistry.net.au","http://synergywholesale.com","","","","","VIC","","Australia","","","","","","","","","","","","","","","","","","","","","","","","","","","","","","","","","","ns1.nameserver.net.au","ns2.nameserver.net.au","ns3.nameserver.net.au","","OK","","",""
"29","farmerschoice.biz","2020-05-10 17:00:43","2020-05-05","2020-05-10","2021-05-05","2","Network Solutions, LLC","whois.networksolutions.com","http://networksolutions.com","","","","","OR","","United States","","","","","","","","","","","","","","","","","","","","","","","","","","","","","","","","","","ns6.wixdns.net","ns7.wixdns.net","","","clientTransferProhibited","","",""
"30","fatima.biz","2020-05-10 17:00:42","2020-05-05","2020-05-10","2021-05-05","625","Name.com, Inc.","whois.name.com","http://www.name.com","","","","","Boqueron","","Paraguay","","","","","","","","","","","","","","","","","","","","","","","","","","","","","","","","","","ns1.dan.com","ns2.dan.com","verification-e6510d17.ns3.dan.hosting","","clientTransferProhibited","","",""
"31","favour.biz","2020-05-10 17:00:42","2020-05-05","2020-05-10","2021-05-05","625","Name.com, Inc.","whois.name.com","http://www.name.com","","","","","Boqueron","","Paraguay","","","","","","","","","","","","","","","","","","","","","","","","","","","","","","","","","","ns1.dan.com","ns2.dan.com","verification-e6510d17.ns3.dan.hosting","","clientTransferProhibited","","",""
"32","fxgame.biz","2020-05-10 17:10:23","2020-05-05","2020-05-05","2021-05-05","146","GoDaddy.com, LLC","whois.godaddy.com","http://registrar.godaddy.com","Domains By Proxy, LLC","Domains By Proxy, LLC","","","Arizona","","United States","","","","","","","","","","","","","","","","","","","","","","","","","","","","","","","","","","ns73.domaincontrol.com","ns74.domaincontrol.com","","","addPeriod","clientDeleteProhibited","clientRenewProhibited","clientTransferProhibited"
"33","gadgetscohomecom.biz","2020-05-10 17:10:15","2020-05-05","2020-05-05","2021-05-05","269","Key-Systems GmbH","whois.rrpproxy.net","http://www.key-systems.net","Tauariki Kaa","Tauariki Kaa","","","Auckland","","New Zealand","","","","","","","","","","","","","","","","","","","","","","","","","","","","","","","","","","ns1.partnerconsole.net","ns2.partnerconsole.net","ns3.partnerconsole.net","","addPeriod","clientDeleteProhibited","clientTransferProhibited","clientUpdateProhibited"
"34","grupotribut.com","2020-05-06 23:23:13","2020-05-05","2020-05-05","2021-05-05","48","eNom, Inc.","whois.enom.com","http://www.enom.com","REDACTED FOR PRIVACY","REDACTED FOR PRIVACY","REDACTED FOR PRIVACY","REDACTED FOR PRIVACY","Antioquia","REDACTED FOR PRIVACY","Colombia","","REDACTED FOR PRIVACY","REDACTED FOR PRIVACY","REDACTED FOR PRIVACY","REDACTED FOR PRIVACY","REDACTED FOR PRIVACY","REDACTED FOR PRIVACY","REDACTED FOR PRIVACY","REDACTED FOR PRIVACY","REDACTED FOR PRIVACY","","REDACTED FOR PRIVACY","REDACTED FOR PRIVACY","REDACTED FOR PRIVACY","REDACTED FOR PRIVACY","REDACTED FOR PRIVACY","REDACTED FOR PRIVACY","REDACTED FOR PRIVACY","REDACTED FOR PRIVACY","REDACTED FOR PRIVACY","","REDACTED FOR PRIVACY","REDACTED FOR PRIVACY","","","","","","","","","","","dns1.hostinet.com","dns2.hostinet.com","","","addPeriod","clientTransferProhibited","",""
"35","hibun.biz","2020-05-10 17:24:21","2020-05-05","2020-05-07","2021-05-05","472","Dynadot, LLC","whois.dynadot.com","http://www.dynadot.com","","","","","California","","United States","","","","","","","","","","","","","","","","","","","","","","","","","","","","","","","","","","ns1.hibun.biz","ns2.hibun.biz","","","addPeriod","clientTransferProhibited","",""
"36","hiravamproducts.biz","2020-05-10 17:24:16","2020-05-05","2020-05-10","2021-05-05","303","PDR Ltd. d/b/a PublicDomainRegistry.com","whois.publicdomainregistry.com","http://www.publicdomainregistry.com","360degreeinfo","360degreeinfo","","","Tamil Nadu","","India","","","","","","","","","","","","","","","","","","","","","","","","","","","","","","","","","","ns1.360degreeinfo.info","ns2.360degreeinfo.info","","","clientTransferProhibited","","",""
"37","hisglory.biz","2020-05-10 17:24:15","2020-05-05","2020-05-10","2021-05-05","48","eNom, Inc.","whois.enom.com","http://www.enom.com","Data Protected","Data Protected","","","WA","","United States","","","","","","","","","","","","","","","","","","","","","","","","","","","","","","","","","","auth0.ns.charter.net","auth1.ns.charter.net","","","clientTransferProhibited","","",""
"38","hmbhren.biz","2020-05-10 17:24:20","2020-05-05","2020-05-10","2021-05-05","49","GMO Internet Inc.","whois.discount-domain.com","http://www.onamae.com","Create,LLC","Create,LLC","","","Chiba","","Japan","","","","","","","","","","","","","","","","","","","","","","","","","","","","","","","","","","ns1.pom-g01.net","ns2.pom-g01.net","","","OK","","",""
"39","hmkbfic.biz","2020-05-10 17:24:16","2020-05-05","2020-05-10","2021-05-05","49","GMO Internet Inc.","whois.discount-domain.com","http://www.onamae.com","Create,LLC","Create,LLC","","","Chiba","","Japan","","","","","","","","","","","","","","","","","","","","","","","","","","","","","","","","","","ns1.pom-g01.net","ns2.pom-g01.net","","","OK","","",""
"40","hobbyradio.biz","2020-05-10 17:24:16","2020-05-05","2020-05-05","2021-05-05","1068","NameCheap, Inc.","whois.namecheap.com","http://www.namecheap.com","WhoisGuard, Inc.","WhoisGuard, Inc.","","","Panama","","Panama","","","","","","","","","","","","","","","","","","","","","","","","","","","","","","","","","","dns1.registrar-servers.com","dns2.registrar-servers.com","","","addPeriod","clientTransferProhibited","",""
"41","holagraph.biz","2020-05-10 17:24:15","2020-05-05","2020-05-10","2021-05-05","146","GoDaddy.com, LLC","whois.godaddy.com","http://registrar.godaddy.com","Domains By Proxy, LLC","Domains By Proxy, LLC","","","Arizona","","United States","","","","","","","","","","","","","","","","","","","","","","","","","","","","","","","","","","ns29.domaincontrol.com","ns30.domaincontrol.com","","","clientDeleteProhibited","clientRenewProhibited","clientTransferProhibited","clientUpdateProhibited"
"42","hosesnladders.biz","2020-05-10 17:24:17","2020-05-05","2020-05-05","2021-05-05","886","Domain.com, LLC","whois.domain.com","http://www.domain.com","Domain Privacy Service FBO Registrant.","Domain Privacy Service FBO Registrant.","","","MA","","United States","","","","","","","","","","","","","","","","","","","","","","","","","","","","","","","","","","ns1.domain.com","ns2.domain.com","","","addPeriod","ok","",""
"43","huase2027.com","2020-05-06 23:08:54","2020-05-05","2020-05-05","2021-05-05","420","HiChina Zhicheng Technology Limited","grs-whois.hichina.com","http://www.net.cn","","","","","guang dong","","China","","","","","","","","","","","","","","","","","","","","","","","","","","","","","","","","","","dns27.hichina.com","dns28.hichina.com","","","OK","","",""
"44","igrovieavtomativulkan-online.com","2020-05-10 04:03:18","2020-05-05","2020-05-08","2021-05-05","269","Key-Systems GmbH","whois.rrpproxy.net","http://www.key-systems.net","On behalf of igrovieavtomativulkan-online.com OWNER","c/o whoisproxy.com","604 Cameron Street","Alexandria","VA","22314","United States","c25431b7915c081574374555cba507cceb2484a602666e5b06f85f4f702c3413@igrovieavtomativulkan-online.com.wh","+64.48319528","","On behalf of igrovieavtomativulkan-online.com ADMIN","c/o whoisproxy.com","604 Cameron Street","Alexandria","VA","22314","United States","c25431b7915c081574374555cba507cceb2484a602666e5b06f85f4f702c3413@igrovieavtomativulkan-online.com.wh","+64.48319528","","On behalf of igrovieavtomativulkan-online.com TECH","c/o whoisproxy.com","604 Cameron Street","Alexandria","VA","22314","United States","c25431b7915c081574374555cba507cceb2484a602666e5b06f85f4f702c3413@igrovieavtomativulkan-online.com.wh","+64.48319528","","On behalf of igrovieavtomativulkan-online.com BILLING","c/o whoisproxy.com","604 Cameron Street","Alexandria","VA","22314","United States","c25431b7915c081574374555cba507cceb2484a602666e5b06f85f4f702c3413@igrovieavtomativulkan-online.com.wh","+64.48319528","","gabe.ns.cloudflare.com","marjory.ns.cloudflare.com","","","clientTransferProhibited","","",""
"45","igrovieavtomativulkanonline.com","2020-05-10 03:57:54","2020-05-05","2020-05-08","2021-05-05","269","Key-Systems GmbH","whois.rrpproxy.net","http://www.key-systems.net","On behalf of igrovieavtomativulkanonline.com OWNER","c/o whoisproxy.com","604 Cameron Street","Alexandria","VA","22314","United States","ada50a20d9634367944a83a4f9c3ef1f0a5ba3863fefc9fedc5b2aac31824430@igrovieavtomativulkanonline.com.who","+64.48319528","","On behalf of igrovieavtomativulkanonline.com ADMIN","c/o whoisproxy.com","604 Cameron Street","Alexandria","VA","22314","United States","ada50a20d9634367944a83a4f9c3ef1f0a5ba3863fefc9fedc5b2aac31824430@igrovieavtomativulkanonline.com.who","+64.48319528","","On behalf of igrovieavtomativulkanonline.com TECH","c/o whoisproxy.com","604 Cameron Street","Alexandria","VA","22314","United States","ada50a20d9634367944a83a4f9c3ef1f0a5ba3863fefc9fedc5b2aac31824430@igrovieavtomativulkanonline.com.who","+64.48319528","","On behalf of igrovieavtomativulkanonline.com BILLING","c/o whoisproxy.com","604 Cameron Street","Alexandria","VA","22314","United States","ada50a20d9634367944a83a4f9c3ef1f0a5ba3863fefc9fedc5b2aac31824430@igrovieavtomativulkanonline.com.who","+64.48319528","","adi.ns.cloudflare.com","bayan.ns.cloudflare.com","","","clientTransferProhibited","","",""
"46","jordanholtom.com","2020-05-10 03:57:52","2020-05-05","2020-05-05","2021-05-05","146","GoDaddy.com, LLC","whois.godaddy.com","http://registrar.godaddy.com","Jordan Holtom Personal Training","Jordan Holtom Personal Training","","","London","","United Kingdom","","","","","","","","","","","","","","","","","","","","","","","","","","","","","","","","","","ns12.wixdns.net","ns13.wixdns.net","","","OK","","",""
"47","jtbciiy.biz","2020-05-10 17:44:29","2020-05-05","2020-05-10","2021-05-05","49","GMO Internet Inc.","whois.discount-domain.com","http://www.onamae.com","Create,LLC","Create,LLC","","","Chiba","","Japan","","","","","","","","","","","","","","","","","","","","","","","","","","","","","","","","","","ns1.pom-g01.net","ns2.pom-g01.net","","","OK","","",""
"48","kill.team","2020-05-10 01:22:16","2020-05-05","2020-05-07","2021-05-05","1366","Xiamen ChinaSource Internet Service Co., Ltd.","whois.cnolnic.com","http://www.zzy.cn","REDACTED FOR PRIVACY","Wangxiaoqin","REDACTED FOR PRIVACY","REDACTED FOR PRIVACY","Jiangsu","REDACTED FOR PRIVACY","China","","REDACTED FOR PRIVACY","REDACTED FOR PRIVACY","","","","","","","","","","","","","","","","","","","","","","","","","","","","","","","","","","","addPeriod","clientTransferProhibited","",""
"49","les-nouveaux-restaurants.fr","2020-05-10 08:42:48","2020-05-05","2020-05-05","2021-05-05","","","","","Multi Services Loisirs Eurl","","Multi Services Loisirs Eurl 1, rue de la boulangerie 23140 Pionnat","","","","France","tfranco@gmx.fr","+33 9 83 04 01 67","","Multi Services Loisirs Eurl","","Multi Services Loisirs Eurl 1, rue de la boulangerie 23140 Pionnat","","","","France","tfranco@gmx.fr","+33 9 83 04 01 67","","SARL LWS","","SARL LWS 4, rue galvani 75017 Paris","","","","France","domaine@lws.fr","+33 8 26 10 24 13","","","","","","","","","","","","ns5.lwsdns.com","ns6.lwsdns.com","ns7.lwsdns.com","ns8.lwsdns.com","ACTIVE","","",""
"50","mykidscraft.com","2020-05-07 20:10:09","2020-05-05","2020-05-05","2021-05-05","69","Tucows Domains Inc.","whois.tucows.com","http://domainhelp.opensrs.net","REDACTED FOR PRIVACY","REDACTED FOR PRIVACY","REDACTED FOR PRIVACY","REDACTED FOR PRIVACY","REDACTED FOR PRIVACY","REDACTED FOR PRIVACY","Switzerland","","REDACTED FOR PRIVACY","REDACTED FOR PRIVACY","REDACTED FOR PRIVACY","REDACTED FOR PRIVACY","REDACTED FOR PRIVACY","REDACTED FOR PRIVACY","REDACTED FOR PRIVACY","REDACTED FOR PRIVACY","REDACTED FOR PRIVACY","","REDACTED FOR PRIVACY","REDACTED FOR PRIVACY","REDACTED FOR PRIVACY","REDACTED FOR PRIVACY","REDACTED FOR PRIVACY","REDACTED FOR PRIVACY","REDACTED FOR PRIVACY","REDACTED FOR PRIVACY","REDACTED FOR PRIVACY","","REDACTED FOR PRIVACY","REDACTED FOR PRIVACY","","","","","","","","","","","logan.ns.cloudflare.com","maya.ns.cloudflare.com","","","OK","","",""
"51","ollure.biz","2020-05-10 18:25:14","2020-05-05","","2021-05-05","886","Domain.com, LLC","whois.domain.com","http://www.domain.com","Data Protected","Data Protected","","","ON","","Canada","","","","","","","","","","","","","","","","","","","","","","","","","","","","","","","","","","ns1.domain.com","ns2.domain.com","","","addPeriod","ok","",""
"52","onlineigroviyeavtomati.com","2020-05-10 04:03:18","2020-05-05","2020-05-08","2021-05-05","269","Key-Systems GmbH","whois.rrpproxy.net","http://www.key-systems.net","On behalf of onlineigroviyeavtomati.com OWNER","c/o whoisproxy.com","604 Cameron Street","Alexandria","VA","22314","United States","110889fc3a00611b8fa7392dc3e0b913277f5af3773f42713028a6a6d41ce5c0@onlineigroviyeavtomati.com.whoispro","+64.48319528","","On behalf of onlineigroviyeavtomati.com ADMIN","c/o whoisproxy.com","604 Cameron Street","Alexandria","VA","22314","United States","110889fc3a00611b8fa7392dc3e0b913277f5af3773f42713028a6a6d41ce5c0@onlineigroviyeavtomati.com.whoispro","+64.48319528","","On behalf of onlineigroviyeavtomati.com TECH","c/o whoisproxy.com","604 Cameron Street","Alexandria","VA","22314","United States","110889fc3a00611b8fa7392dc3e0b913277f5af3773f42713028a6a6d41ce5c0@onlineigroviyeavtomati.com.whoispro","+64.48319528","","On behalf of onlineigroviyeavtomati.com BILLING","c/o whoisproxy.com","604 Cameron Street","Alexandria","VA","22314","United States","110889fc3a00611b8fa7392dc3e0b913277f5af3773f42713028a6a6d41ce5c0@onlineigroviyeavtomati.com.whoispro","+64.48319528","","molly.ns.cloudflare.com","newt.ns.cloudflare.com","","","clientTransferProhibited","","",""
"53","optgadget.com","2020-05-10 04:25:17","2020-05-05","2020-05-08","2021-05-05","2374","Hosting Ukraine LLC","whois.afilias.info","http://www.ukraine.com.ua","Privacy Protection","Hosting Ukraine LLC","PO Box 65","Kiev","Kiev Region","04112","Ukraine","","+380.443927433","","Privacy Protection","Hosting Ukraine LLC","PO Box 65","Kiev","Kiev Region","04112","Ukraine","","+380.443927433","","Privacy Protection","Hosting Ukraine LLC","PO Box 65","Kiev","Kiev Region","04112","Ukraine","","+380.443927433","","","","","","","","","","","","ns12.inhostedns.com","ns22.inhostedns.net","ns32.inhostedns.org","","OK","","",""
"54","phoenixent.biz","2020-05-10 18:36:33","2020-05-05","2020-05-05","2021-05-05","895","Google, Inc.","whois.rrpproxy.net","http://www.google.com","Contact Privacy Inc. Customer 1247139850","Contact Privacy Inc. Customer 1247139850","","","ON","","Canada","","","","","","","","","","","","","","","","","","","","","","","","","","","","","","","","","","ns-cloud-e1.googledomains.com","ns-cloud-e2.googledomains.com","ns-cloud-e3.googledomains.com","ns-cloud-e4.googledomains.com","addPeriod","clientTransferProhibited","",""
"55","resident-slotplay.com","2020-05-10 04:03:18","2020-05-05","2020-05-08","2021-05-05","269","Key-Systems GmbH","whois.rrpproxy.net","http://www.key-systems.net","On behalf of resident-slotplay.com OWNER","c/o whoisproxy.com","604 Cameron Street","Alexandria","VA","22314","United States","e9facd439b5dcd321476d18a382d3f4530262f89bd1d36f6edae4e808abcc20b@resident-slotplay.com.whoisproxy.or","+64.48319528","","On behalf of resident-slotplay.com ADMIN","c/o whoisproxy.com","604 Cameron Street","Alexandria","VA","22314","United States","e9facd439b5dcd321476d18a382d3f4530262f89bd1d36f6edae4e808abcc20b@resident-slotplay.com.whoisproxy.or","+64.48319528","","On behalf of resident-slotplay.com TECH","c/o whoisproxy.com","604 Cameron Street","Alexandria","VA","22314","United States","e9facd439b5dcd321476d18a382d3f4530262f89bd1d36f6edae4e808abcc20b@resident-slotplay.com.whoisproxy.or","+64.48319528","","On behalf of resident-slotplay.com BILLING","c/o whoisproxy.com","604 Cameron Street","Alexandria","VA","22314","United States","e9facd439b5dcd321476d18a382d3f4530262f89bd1d36f6edae4e808abcc20b@resident-slotplay.com.whoisproxy.or","+64.48319528","","nitin.ns.cloudflare.com","reza.ns.cloudflare.com","","","clientTransferProhibited","","",""
"56","residentslot-play.com","2020-05-10 03:57:53","2020-05-05","2020-05-08","2021-05-05","269","Key-Systems GmbH","whois.rrpproxy.net","http://www.key-systems.net","On behalf of residentslot-play.com OWNER","c/o whoisproxy.com","604 Cameron Street","Alexandria","VA","22314","United States","e172d640c64e644ac226206caff462ba0db0df9e8bdaa5c2b6893628bc11f514@residentslot-play.com.whoisproxy.or","+64.48319528","","On behalf of residentslot-play.com ADMIN","c/o whoisproxy.com","604 Cameron Street","Alexandria","VA","22314","United States","e172d640c64e644ac226206caff462ba0db0df9e8bdaa5c2b6893628bc11f514@residentslot-play.com.whoisproxy.or","+64.48319528","","On behalf of residentslot-play.com TECH","c/o whoisproxy.com","604 Cameron Street","Alexandria","VA","22314","United States","e172d640c64e644ac226206caff462ba0db0df9e8bdaa5c2b6893628bc11f514@residentslot-play.com.whoisproxy.or","+64.48319528","","On behalf of residentslot-play.com BILLING","c/o whoisproxy.com","604 Cameron Street","Alexandria","VA","22314","United States","e172d640c64e644ac226206caff462ba0db0df9e8bdaa5c2b6893628bc11f514@residentslot-play.com.whoisproxy.or","+64.48319528","","jeremy.ns.cloudflare.com","lana.ns.cloudflare.com","","","clientTransferProhibited","","",""
"57","residentslotplay.com","2020-05-10 04:03:18","2020-05-05","2020-05-08","2021-05-05","269","Key-Systems GmbH","whois.rrpproxy.net","http://www.key-systems.net","On behalf of residentslotplay.com OWNER","c/o whoisproxy.com","604 Cameron Street","Alexandria","VA","22314","United States","6b9ab67c5f247f463d6efdbf7e2b27e1974137442b72361d6e56151816195f1d@residentslotplay.com.whoisproxy.org","+64.48319528","","On behalf of residentslotplay.com ADMIN","c/o whoisproxy.com","604 Cameron Street","Alexandria","VA","22314","United States","6b9ab67c5f247f463d6efdbf7e2b27e1974137442b72361d6e56151816195f1d@residentslotplay.com.whoisproxy.org","+64.48319528","","On behalf of residentslotplay.com TECH","c/o whoisproxy.com","604 Cameron Street","Alexandria","VA","22314","United States","6b9ab67c5f247f463d6efdbf7e2b27e1974137442b72361d6e56151816195f1d@residentslotplay.com.whoisproxy.org","+64.48319528","","On behalf of residentslotplay.com BILLING","c/o whoisproxy.com","604 Cameron Street","Alexandria","VA","22314","United States","6b9ab67c5f247f463d6efdbf7e2b27e1974137442b72361d6e56151816195f1d@residentslotplay.com.whoisproxy.org","+64.48319528","","amy.ns.cloudflare.com","kevin.ns.cloudflare.com","","","clientTransferProhibited","","",""
"58","safetymat.biz","2020-05-10 18:54:21","2020-05-05","2020-05-10","2021-05-05","433","OVH sas","whois.ovh.com","http://www.ovh.com","ISL Innowacyjne Systemy Logistyczne Sp. z o.o.","ISL Innowacyjne Systemy Logistyczne Sp. z o.o.","","","","","Poland","","","","","","","","","","","","","","","","","","","","","","","","","","","","","","","","","","dns110.ovh.net","ns110.ovh.net","","","clientDeleteProhibited","clientTransferProhibited","",""
"59","sdevery.chat","2020-05-10 20:43:35","2020-05-05","2020-05-10","2021-05-05","1697","DNSPod, Inc.","whois.dnspod.com","http:// www.dnspod.cn","REDACTED FOR PRIVACY","Tang Qi","REDACTED FOR PRIVACY","REDACTED FOR PRIVACY","bei jing shi","REDACTED FOR PRIVACY","China","","REDACTED FOR PRIVACY","REDACTED FOR PRIVACY","","","","","","","","","","","","","","","","","","","","","","","","","","","","","","","","","","","clientTransferProhibited","","",""
"60","sdorjc.com","2020-05-10 04:58:44","2020-05-05","2020-05-08","2021-05-05","471","Bizcn.com, Inc.","whois.bizcn.com","http://www.bizcn.com","","","","","Shandong","","China","","","","","","","","","","","","","","","","","","","","","","","","","","","","","","","","","","ns5.cnmsn.net","ns6.cnmsn.net","","","clientDeleteProhibited","clientTransferProhibited","",""
"61","seguroylimpio.com","2020-05-10 03:57:50","2020-05-05","2020-05-07","2021-05-05","1705","Network Information Center Mexico, S.C.","whois.inregistry.in","http://www.akky.mx","mario perez clemente","","baja california 11 roma sur","cdmx","Ciudad de Mexico","06760","Mexico","ma.pe.clem@gmail.com","+52.5547540570","","mario perez clemente","","baja california 11 roma sur","cdmx","Ciudad de Mexico","06760","Mexico","ma.pe.clem@gmail.com","+52.5547540570","","mario perez clemente","","baja california 11 roma sur","cdmx","Ciudad de Mexico","06760","Mexico","ma.pe.clem@gmail.com","+52.5547540570","","","","","","","","","","","","ns1.seguroylimpio.com","","","","clientTransferProhibited","","",""
"62","spincity-777-cazino.com","2020-05-10 03:57:52","2020-05-05","2020-05-08","2021-05-05","269","Key-Systems GmbH","whois.rrpproxy.net","http://www.key-systems.net","On behalf of spincity-777-cazino.com OWNER","c/o whoisproxy.com","604 Cameron Street","Alexandria","VA","22314","United States","58cba88592ae59caaef6ef6eeadd7d71b9d4ad45b6b8e98ff425fd8601fa6654@spincity-777-cazino.com.whoisproxy.","+64.48319528","","On behalf of spincity-777-cazino.com ADMIN","c/o whoisproxy.com","604 Cameron Street","Alexandria","VA","22314","United States","58cba88592ae59caaef6ef6eeadd7d71b9d4ad45b6b8e98ff425fd8601fa6654@spincity-777-cazino.com.whoisproxy.","+64.48319528","","On behalf of spincity-777-cazino.com TECH","c/o whoisproxy.com","604 Cameron Street","Alexandria","VA","22314","United States","58cba88592ae59caaef6ef6eeadd7d71b9d4ad45b6b8e98ff425fd8601fa6654@spincity-777-cazino.com.whoisproxy.","+64.48319528","","On behalf of spincity-777-cazino.com BILLING","c/o whoisproxy.com","604 Cameron Street","Alexandria","VA","22314","United States","58cba88592ae59caaef6ef6eeadd7d71b9d4ad45b6b8e98ff425fd8601fa6654@spincity-777-cazino.com.whoisproxy.","+64.48319528","","elaine.ns.cloudflare.com","major.ns.cloudflare.com","","","clientTransferProhibited","","",""
"63","texas.today","2020-05-10 08:43:54","2020-05-05","2020-05-07","2021-05-05","1366","Xiamen ChinaSource Internet Service Co., Ltd.","whois.cnolnic.com","http://www.zzy.cn","REDACTED FOR PRIVACY","Wangxiaoqin","REDACTED FOR PRIVACY","REDACTED FOR PRIVACY","Jiangsu","REDACTED FOR PRIVACY","China","","REDACTED FOR PRIVACY","REDACTED FOR PRIVACY","","","","","","","","","","","","","","","","","","","","","","","","","","","","","","","","","","","addPeriod","clientTransferProhibited","",""
"64","towncasinoru.com","2020-05-10 03:57:54","2020-05-05","2020-05-08","2021-05-05","269","Key-Systems GmbH","whois.rrpproxy.net","http://www.key-systems.net","On behalf of towncasinoru.com OWNER","c/o whoisproxy.com","604 Cameron Street","Alexandria","VA","22314","United States","3cc85f22fb212815aa8a7a86635484adde7ae9be1dd0cc2730a49977f9ad8e5a@towncasinoru.com.whoisproxy.org","+64.48319528","","On behalf of towncasinoru.com ADMIN","c/o whoisproxy.com","604 Cameron Street","Alexandria","VA","22314","United States","3cc85f22fb212815aa8a7a86635484adde7ae9be1dd0cc2730a49977f9ad8e5a@towncasinoru.com.whoisproxy.org","+64.48319528","","On behalf of towncasinoru.com TECH","c/o whoisproxy.com","604 Cameron Street","Alexandria","VA","22314","United States","3cc85f22fb212815aa8a7a86635484adde7ae9be1dd0cc2730a49977f9ad8e5a@towncasinoru.com.whoisproxy.org","+64.48319528","","On behalf of towncasinoru.com BILLING","c/o whoisproxy.com","604 Cameron Street","Alexandria","VA","22314","United States","3cc85f22fb212815aa8a7a86635484adde7ae9be1dd0cc2730a49977f9ad8e5a@towncasinoru.com.whoisproxy.org","+64.48319528","","gordon.ns.cloudflare.com","melissa.ns.cloudflare.com","","","clientTransferProhibited","","",""
"65","tstampmail.com","2020-05-10 04:41:16","2020-05-05","2020-05-05","2030-05-05","120","Xin Net Technology Corporation","whois.paycenter.com.cn","http://www.xinnet.com","REDACTED FOR PRIVACY","REDACTED FOR PRIVACY","REDACTED FOR PRIVACY","REDACTED FOR PRIVACY","REDACTED FOR PRIVACY","REDACTED FOR PRIVACY","REDACTED FOR PRIVACY","","REDACTED FOR PRIVACY","REDACTED FOR PRIVACY","REDACTED FOR PRIVACY","REDACTED FOR PRIVACY","REDACTED FOR PRIVACY","REDACTED FOR PRIVACY","REDACTED FOR PRIVACY","REDACTED FOR PRIVACY","REDACTED FOR PRIVACY","","REDACTED FOR PRIVACY","REDACTED FOR PRIVACY","REDACTED FOR PRIVACY","REDACTED FOR PRIVACY","REDACTED FOR PRIVACY","REDACTED FOR PRIVACY","REDACTED FOR PRIVACY","","REDACTED FOR PRIVACY","","REDACTED FOR PRIVACY","REDACTED FOR PRIVACY","","","","","","","","","","","ns11.xincache.com","ns12.xincache.com","","","","","",""
"66","unimodigitaldistribution.com","2020-05-06 22:53:48","2020-05-05","","2021-05-05","1068","NameCheap, Inc.","whois.namecheap.com","http://www.namecheap.com","WhoisGuard Protected","WhoisGuard, Inc.","P.O. Box 0823-03411","Panama","Panama","","Panama","8fb2f5d4bd18492d92622682f07c6054.protect@whoisguard.com","+507.8365503","+51.17057182","WhoisGuard Protected","WhoisGuard, Inc.","P.O. Box 0823-03411","Panama","Panama","","Panama","8fb2f5d4bd18492d92622682f07c6054.protect@whoisguard.com","+507.8365503","+51.17057182","WhoisGuard Protected","WhoisGuard, Inc.","P.O. Box 0823-03411","Panama","Panama","","Panama","8fb2f5d4bd18492d92622682f07c6054.protect@whoisguard.com","+507.8365503","+51.17057182","","","","","","","","","","","dns1.registrar-servers.com","dns2.registrar-servers.com","","","addPeriod","clientTransferProhibited","",""
"67","vulcan-clubru.com","2020-05-10 03:57:52","2020-05-05","2020-05-08","2021-05-05","269","Key-Systems GmbH","whois.rrpproxy.net","http://www.key-systems.net","On behalf of vulcan-clubru.com OWNER","c/o whoisproxy.com","604 Cameron Street","Alexandria","VA","22314","United States","a0dfb84f9f45b53351e8a7eb8a9f8da723819ffedf90d32bdf8f5bd084483106@vulcan-clubru.com.whoisproxy.org","+64.48319528","","On behalf of vulcan-clubru.com ADMIN","c/o whoisproxy.com","604 Cameron Street","Alexandria","VA","22314","United States","a0dfb84f9f45b53351e8a7eb8a9f8da723819ffedf90d32bdf8f5bd084483106@vulcan-clubru.com.whoisproxy.org","+64.48319528","","On behalf of vulcan-clubru.com TECH","c/o whoisproxy.com","604 Cameron Street","Alexandria","VA","22314","United States","a0dfb84f9f45b53351e8a7eb8a9f8da723819ffedf90d32bdf8f5bd084483106@vulcan-clubru.com.whoisproxy.org","+64.48319528","","On behalf of vulcan-clubru.com BILLING","c/o whoisproxy.com","604 Cameron Street","Alexandria","VA","22314","United States","a0dfb84f9f45b53351e8a7eb8a9f8da723819ffedf90d32bdf8f5bd084483106@vulcan-clubru.com.whoisproxy.org","+64.48319528","","lakas.ns.cloudflare.com","rihana.ns.cloudflare.com","","","clientTransferProhibited","","",""
"68","vulcanclubru.com","2020-05-10 04:03:18","2020-05-05","2020-05-08","2021-05-05","269","Key-Systems GmbH","whois.rrpproxy.net","http://www.key-systems.net","On behalf of vulcanclubru.com OWNER","c/o whoisproxy.com","604 Cameron Street","Alexandria","VA","22314","United States","18fd2b49030ab32eb3eef629e4df2986004e9a970b552f924ad572af58df6446@vulcanclubru.com.whoisproxy.org","+64.48319528","","On behalf of vulcanclubru.com ADMIN","c/o whoisproxy.com","604 Cameron Street","Alexandria","VA","22314","United States","18fd2b49030ab32eb3eef629e4df2986004e9a970b552f924ad572af58df6446@vulcanclubru.com.whoisproxy.org","+64.48319528","","On behalf of vulcanclubru.com TECH","c/o whoisproxy.com","604 Cameron Street","Alexandria","VA","22314","United States","18fd2b49030ab32eb3eef629e4df2986004e9a970b552f924ad572af58df6446@vulcanclubru.com.whoisproxy.org","+64.48319528","","On behalf of vulcanclubru.com BILLING","c/o whoisproxy.com","604 Cameron Street","Alexandria","VA","22314","United States","18fd2b49030ab32eb3eef629e4df2986004e9a970b552f924ad572af58df6446@vulcanclubru.com.whoisproxy.org","+64.48319528","","heather.ns.cloudflare.com","wesley.ns.cloudflare.com","","","clientTransferProhibited","","",""
"69","vulkan-deluxes.com","2020-05-10 03:57:51","2020-05-05","2020-05-08","2021-05-05","269","Key-Systems GmbH","whois.rrpproxy.net","http://www.key-systems.net","On behalf of vulkan-deluxes.com OWNER","c/o whoisproxy.com","604 Cameron Street","Alexandria","VA","22314","United States","e8f884520468a479efc2be18f14e7613c692f6c18f600f2214089db6f4e399ab@vulkan-deluxes.com.whoisproxy.org","+64.48319528","","On behalf of vulkan-deluxes.com ADMIN","c/o whoisproxy.com","604 Cameron Street","Alexandria","VA","22314","United States","e8f884520468a479efc2be18f14e7613c692f6c18f600f2214089db6f4e399ab@vulkan-deluxes.com.whoisproxy.org","+64.48319528","","On behalf of vulkan-deluxes.com TECH","c/o whoisproxy.com","604 Cameron Street","Alexandria","VA","22314","United States","e8f884520468a479efc2be18f14e7613c692f6c18f600f2214089db6f4e399ab@vulkan-deluxes.com.whoisproxy.org","+64.48319528","","On behalf of vulkan-deluxes.com BILLING","c/o whoisproxy.com","604 Cameron Street","Alexandria","VA","22314","United States","e8f884520468a479efc2be18f14e7613c692f6c18f600f2214089db6f4e399ab@vulkan-deluxes.com.whoisproxy.org","+64.48319528","","ada.ns.cloudflare.com","lloyd.ns.cloudflare.com","","","clientTransferProhibited","","",""
"70","vulkangrandsgames.com","2020-05-10 03:57:55","2020-05-05","2020-05-08","2021-05-05","269","Key-Systems GmbH","whois.rrpproxy.net","http://www.key-systems.net","On behalf of vulkangrandsgames.com OWNER","c/o whoisproxy.com","604 Cameron Street","Alexandria","VA","22314","United States","93a45a2c752d6ae19f81d9bd0c8260c7f69e93b8b02db780d2bc5c7fa7849c09@vulkangrandsgames.com.whoisproxy.or","+64.48319528","","On behalf of vulkangrandsgames.com ADMIN","c/o whoisproxy.com","604 Cameron Street","Alexandria","VA","22314","United States","93a45a2c752d6ae19f81d9bd0c8260c7f69e93b8b02db780d2bc5c7fa7849c09@vulkangrandsgames.com.whoisproxy.or","+64.48319528","","On behalf of vulkangrandsgames.com TECH","c/o whoisproxy.com","604 Cameron Street","Alexandria","VA","22314","United States","93a45a2c752d6ae19f81d9bd0c8260c7f69e93b8b02db780d2bc5c7fa7849c09@vulkangrandsgames.com.whoisproxy.or","+64.48319528","","On behalf of vulkangrandsgames.com BILLING","c/o whoisproxy.com","604 Cameron Street","Alexandria","VA","22314","United States","93a45a2c752d6ae19f81d9bd0c8260c7f69e93b8b02db780d2bc5c7fa7849c09@vulkangrandsgames.com.whoisproxy.or","+64.48319528","","bart.ns.cloudflare.com","hera.ns.cloudflare.com","","","clientTransferProhibited","","",""
"71","vulkanneongames.com","2020-05-10 03:57:53","2020-05-05","2020-05-08","2021-05-05","269","Key-Systems GmbH","whois.rrpproxy.net","http://www.key-systems.net","On behalf of vulkanneongames.com OWNER","c/o whoisproxy.com","604 Cameron Street","Alexandria","VA","22314","United States","4eafe660298ad8013fa486c8a5a0756de18faaabe3776820242c1fe439453772@vulkanneongames.com.whoisproxy.org","+64.48319528","","On behalf of vulkanneongames.com ADMIN","c/o whoisproxy.com","604 Cameron Street","Alexandria","VA","22314","United States","4eafe660298ad8013fa486c8a5a0756de18faaabe3776820242c1fe439453772@vulkanneongames.com.whoisproxy.org","+64.48319528","","On behalf of vulkanneongames.com TECH","c/o whoisproxy.com","604 Cameron Street","Alexandria","VA","22314","United States","4eafe660298ad8013fa486c8a5a0756de18faaabe3776820242c1fe439453772@vulkanneongames.com.whoisproxy.org","+64.48319528","","On behalf of vulkanneongames.com BILLING","c/o whoisproxy.com","604 Cameron Street","Alexandria","VA","22314","United States","4eafe660298ad8013fa486c8a5a0756de18faaabe3776820242c1fe439453772@vulkanneongames.com.whoisproxy.org","+64.48319528","","diva.ns.cloudflare.com","neil.ns.cloudflare.com","","","clientTransferProhibited","","",""
"72","vulkanplatinum777clubs.com","2020-05-10 04:09:52","2020-05-05","2020-05-08","2021-05-05","269","Key-Systems GmbH","whois.rrpproxy.net","http://www.key-systems.net","On behalf of vulkanplatinum777clubs.com OWNER","c/o whoisproxy.com","604 Cameron Street","Alexandria","VA","22314","United States","c48fc766e6455b80082ae374cfd63a93623421ed4eb0f32d376c503473fe9a18@vulkanplatinum777clubs.com.whoispro","+64.48319528","","On behalf of vulkanplatinum777clubs.com ADMIN","c/o whoisproxy.com","604 Cameron Street","Alexandria","VA","22314","United States","c48fc766e6455b80082ae374cfd63a93623421ed4eb0f32d376c503473fe9a18@vulkanplatinum777clubs.com.whoispro","+64.48319528","","On behalf of vulkanplatinum777clubs.com TECH","c/o whoisproxy.com","604 Cameron Street","Alexandria","VA","22314","United States","c48fc766e6455b80082ae374cfd63a93623421ed4eb0f32d376c503473fe9a18@vulkanplatinum777clubs.com.whoispro","+64.48319528","","On behalf of vulkanplatinum777clubs.com BILLING","c/o whoisproxy.com","604 Cameron Street","Alexandria","VA","22314","United States","c48fc766e6455b80082ae374cfd63a93623421ed4eb0f32d376c503473fe9a18@vulkanplatinum777clubs.com.whoispro","+64.48319528","","george.ns.cloudflare.com","jean.ns.cloudflare.com","","","clientTransferProhibited","","",""
"73","vulkanplatinum777online.com","2020-05-10 04:03:18","2020-05-05","2020-05-08","2021-05-05","269","Key-Systems GmbH","whois.rrpproxy.net","http://www.key-systems.net","On behalf of vulkanplatinum777online.com OWNER","c/o whoisproxy.com","604 Cameron Street","Alexandria","VA","22314","United States","e9facd439b5dcd321476d18a382d3f4530262f89bd1d36f6edae4e808abcc20b@vulkanplatinum777online.com.whoispr","+64.48319528","","On behalf of vulkanplatinum777online.com ADMIN","c/o whoisproxy.com","604 Cameron Street","Alexandria","VA","22314","United States","e9facd439b5dcd321476d18a382d3f4530262f89bd1d36f6edae4e808abcc20b@vulkanplatinum777online.com.whoispr","+64.48319528","","On behalf of vulkanplatinum777online.com TECH","c/o whoisproxy.com","604 Cameron Street","Alexandria","VA","22314","United States","e9facd439b5dcd321476d18a382d3f4530262f89bd1d36f6edae4e808abcc20b@vulkanplatinum777online.com.whoispr","+64.48319528","","On behalf of vulkanplatinum777online.com BILLING","c/o whoisproxy.com","604 Cameron Street","Alexandria","VA","22314","United States","e9facd439b5dcd321476d18a382d3f4530262f89bd1d36f6edae4e808abcc20b@vulkanplatinum777online.com.whoispr","+64.48319528","","pola.ns.cloudflare.com","woz.ns.cloudflare.com","","","clientTransferProhibited","","",""
"74","vulkanplatinum777pro.com","2020-05-10 03:57:52","2020-05-05","2020-05-08","2021-05-05","269","Key-Systems GmbH","whois.rrpproxy.net","http://www.key-systems.net","On behalf of vulkanplatinum777pro.com OWNER","c/o whoisproxy.com","604 Cameron Street","Alexandria","VA","22314","United States","3fef03ad14a37265499965ad0cab79958aae33b5bda00a2274b5d3bb073c8fd8@vulkanplatinum777pro.com.whoisproxy","+64.48319528","","On behalf of vulkanplatinum777pro.com ADMIN","c/o whoisproxy.com","604 Cameron Street","Alexandria","VA","22314","United States","3fef03ad14a37265499965ad0cab79958aae33b5bda00a2274b5d3bb073c8fd8@vulkanplatinum777pro.com.whoisproxy","+64.48319528","","On behalf of vulkanplatinum777pro.com TECH","c/o whoisproxy.com","604 Cameron Street","Alexandria","VA","22314","United States","3fef03ad14a37265499965ad0cab79958aae33b5bda00a2274b5d3bb073c8fd8@vulkanplatinum777pro.com.whoisproxy","+64.48319528","","On behalf of vulkanplatinum777pro.com BILLING","c/o whoisproxy.com","604 Cameron Street","Alexandria","VA","22314","United States","3fef03ad14a37265499965ad0cab79958aae33b5bda00a2274b5d3bb073c8fd8@vulkanplatinum777pro.com.whoisproxy","+64.48319528","","anirban.ns.cloudflare.com","barbara.ns.cloudflare.com","","","clientTransferProhibited","","",""
"75","wildlifeallotment.com","2020-05-07 20:23:18","2020-05-05","2020-05-05","2021-05-05","69","Tucows Domains Inc.","whois.tucows.com","http://domainhelp.opensrs.net","Contact Privacy Inc. Customer 0157827584","Contact Privacy Inc. Customer 0157827584","96 Mowat Ave","Toronto","ON","M6K 3M1","Canada","wildlifeallotment.com@contactprivacy.com","+1.4165385457","","Contact Privacy Inc. Customer 0157827584","Contact Privacy Inc. Customer 0157827584","96 Mowat Ave","Toronto","ON","M6K 3M1","Canada","wildlifeallotment.com@contactprivacy.com","+1.4165385457","","Contact Privacy Inc. Customer 0157827584","Contact Privacy Inc. Customer 0157827584","96 Mowat Ave","Toronto","ON","M6K 3M1","Canada","wildlifeallotment.com@contactprivacy.com","+1.4165385457","","","","","","","","","","","","ns3.freeola.net","ns4.freeola.net","","","clientTransferProhibited","clientUpdateProhibited","",""
"76","woniu.run","2020-05-10 10:22:05","2020-05-05","2020-05-10","2021-05-05","1697","DNSPod, Inc.","whois.dnspod.com","http:// www.dnspod.cn","REDACTED FOR PRIVACY","wujinhui","REDACTED FOR PRIVACY","REDACTED FOR PRIVACY","guang dong sheng","REDACTED FOR PRIVACY","China","","REDACTED FOR PRIVACY","REDACTED FOR PRIVACY","","","","","","","","","","","","","","","","","","","","","","","","","","","","","","","","","","","OK","","",""
"77","xn--narteknik-p3a82f.com","2020-05-10 03:57:50","2020-05-05","2020-05-05","2021-05-05","146","GoDaddy.com, LLC","whois.godaddy.com","http://registrar.godaddy.com","c\u0131nar teknik","c\u0131nar teknik","","","Mersin","","Turkey","","","","","","","","","","","","","","","","","","","","","","","","","","","","","","","","","","ns71.domaincontrol.com","ns72.domaincontrol.com","","","clientDeleteProhibited","clientRenewProhibited","clientTransferProhibited","clientUpdateProhibited"
"78","yoizi.com","2020-05-10 04:38:20","2020-05-05","2020-05-08","2021-05-05","2805","Zhengzhou Century Connect Electronic Technology Development Co., Ltd","whois.reg.cn","http://www.reg.cn","","","","Zhengzhou","Henan","","","","","","","","","","","","","","","","","","","","","","","","","","","","","","","","","","","","ns2.dnsdun.com","ns2.dnsdun.net","","","OK","","",""
"79","zoom.xn--1qqw23a","2020-05-10 08:32:15","2020-05-05","","2022-05-05","1599","Alibaba Cloud Computing Ltd. d/b/a HiChina (www.net.cn)","http://whois.hichina.com/","http://www.net.cn","???","???","","","??","","China","","","","","","","","","","","","","","","","","","","","","","","","","","","","","","","","","","dns17.hichina.com","dns18.hichina.com","","","OK","","",""
"80","zubajie.xn--6qq986b3xl","2020-05-10 08:16:17","2020-05-05","","2021-05-05","1599","Alibaba Cloud Computing Ltd. d/b/a HiChina (www.net.cn)","http://whois.hichina.com/","http://www.net.cn","zhong tian jiu","nan ning shi ya si sheng shang mao you xian gong si","nan ning shi da xue xi lu 169 hao","nan ning shi","guang xi","100000","China","192991901@qq.com","+86.17776672580","+86.17776672580","zhong tian jiu","nan ning shi ya si sheng shang mao you xian gong si","nan ning shi da xue xi lu 169 hao","nan ning shi","guang xi","100000","China","192991901@qq.com","+86.17776672580","+86.17776672580","zhong tian jiu","nan ning shi ya si sheng shang mao you xian gong si","nan ning shi da xue xi lu 169 hao","nan ning shi","guang xi","100000","China","192991901@qq.com","+86.17776672580","+86.17776672580","","","","","","","","","","","dns1.hichina.com","dns2.hichina.com","","","OK","","",""