"num","domain_name","query_time","create_date","update_date","expiry_date","domain_registrar_id","domain_registrar_name","domain_registrar_whois","domain_registrar_url","registrant_name","registrant_company","registrant_address","registrant_city","registrant_state","registrant_zip","registrant_country","registrant_email","registrant_phone","registrant_fax","administrative_name","administrative_company","administrative_address","administrative_city","administrative_state","administrative_zip","administrative_country","administrative_email","administrative_phone","administrative_fax","technical_name","technical_company","technical_address","technical_city","technical_state","technical_zip","technical_country","technical_email","technical_phone","technical_fax","billing_name","billing_company","billing_address","billing_city","billing_state","billing_zip","billing_country","billing_email","billing_phone","billing_fax","name_server_1","name_server_2","name_server_3","name_server_4","domain_status_1","domain_status_2","domain_status_3","domain_status_4"
"1","2vc.net","2020-05-13 19:09:38","2020-05-05","2020-05-05","2021-05-05","1915","West263 International Limited","whois.hkdns.hk","http://www.hkdns.hk","hu wei he","hu wei he","Internetbao liu di zhi","heng yang heng yang shi","hu nan","610031","China","4163717@qq.com","+86.18975451005","+86.18975451005","hu wei he","hu wei he","Internetbao liu di zhi","heng yang heng yang shi","hu nan","610031","China","4163717@qq.com","+86.18975451005","+86.18975451005","hu wei he","hu wei he","Internetbao liu di zhi","heng yang heng yang shi","hu nan","610031","China","4163717@qq.com","+86.18975451005","+86.18975451005","","","","","","","","","","","ns1.myhostadmin.net","ns2.myhostadmin.net","","","OK","","",""
"2","advert.world","2020-05-13 21:54:18","2020-05-05","2020-05-10","2021-05-05","1366","Xiamen ChinaSource Internet Service Co., Ltd.","whois.cnolnic.com","http://www.zzy.cn","REDACTED FOR PRIVACY","Wangxiaoqin","REDACTED FOR PRIVACY","REDACTED FOR PRIVACY","Jiangsu","REDACTED FOR PRIVACY","China","","REDACTED FOR PRIVACY","REDACTED FOR PRIVACY","","","","","","","","","","","","","","","","","","","","","","","","","","","","","","","","","","","clientTransferProhibited","","",""
"3","bluelist.biz","2020-05-13 15:18:47","2020-05-05","2020-05-10","2021-05-05","146","GoDaddy.com, LLC","whois.godaddy.com","http://registrar.godaddy.com","","","","","South Yorkshire","","United Kingdom","","","","","","","","","","","","","","","","","","","","","","","","","","","","","","","","","","ns71.domaincontrol.com","ns72.domaincontrol.com","","","clientDeleteProhibited","clientRenewProhibited","clientTransferProhibited","clientUpdateProhibited"
"4","bondert.cc","2020-05-13 14:54:12","2020-05-05","2020-05-05","2021-05-05","472","Dynadot, LLC","whois.dynadot.com","http://www.dynadot.com","","","","","","","","","","","","","","","","","","","","","","","","","","","","","","","","","","","","","","","","","ns1.bh-ht-1.webhostbox.net","ns2.bh-ht-1.webhostbox.net","","","clientTransferProhibited","","",""
"5","bostonlifestyle.realestate","2020-05-13 19:18:36","2020-05-05","2020-05-05","2021-05-05","69","Tucows Domains Inc.","whois.tucows.com","http://domainhelp.opensrs.net","REDACTED FOR PRIVACY","Contact Privacy Inc. Customer 0157824463","REDACTED FOR PRIVACY","REDACTED FOR PRIVACY","ON","REDACTED FOR PRIVACY","Canada","","REDACTED FOR PRIVACY","REDACTED FOR PRIVACY","REDACTED FOR PRIVACY","REDACTED FOR PRIVACY","REDACTED FOR PRIVACY","REDACTED FOR PRIVACY","REDACTED FOR PRIVACY","REDACTED FOR PRIVACY","REDACTED FOR PRIVACY","","REDACTED FOR PRIVACY","REDACTED FOR PRIVACY","REDACTED FOR PRIVACY","REDACTED FOR PRIVACY","REDACTED FOR PRIVACY","REDACTED FOR PRIVACY","REDACTED FOR PRIVACY","REDACTED FOR PRIVACY","REDACTED FOR PRIVACY","","REDACTED FOR PRIVACY","REDACTED FOR PRIVACY","REDACTED FOR PRIVACY","REDACTED FOR PRIVACY","REDACTED FOR PRIVACY","REDACTED FOR PRIVACY","REDACTED FOR PRIVACY","REDACTED FOR PRIVACY","REDACTED FOR PRIVACY","","REDACTED FOR PRIVACY","REDACTED FOR PRIVACY","ns1.hover.com","ns2.hover.com","","","clientTransferProhibited","clientUpdateProhibited","",""
"6","brandwoman.biz","2020-05-13 15:18:43","2020-05-05","2020-05-10","2021-05-05","2","Network Solutions, LLC","whois.networksolutions.com","http://networksolutions.com","","","","","Ontario","","Canada","","","","","","","","","","","","","","","","","","","","","","","","","","","","","","","","","","ns4.wixdns.net","ns5.wixdns.net","","","clientTransferProhibited","","",""
"7","brighttree.biz","2020-05-13 15:18:43","2020-05-05","2020-05-10","2021-05-05","895","Google, Inc.","whois.rrpproxy.net","http://www.google.com","","","","","","","United Kingdom","","","","","","","","","","","","","","","","","","","","","","","","","","","","","","","","","","ns-cloud-d1.googledomains.com","ns-cloud-d2.googledomains.com","ns-cloud-d3.googledomains.com","ns-cloud-d4.googledomains.com","clientTransferProhibited","","",""
"8","businessalchemy.biz","2020-05-13 15:21:50","2020-05-05","2020-05-10","2021-05-05","1068","NameCheap, Inc.","whois.namecheap.com","http://www.namecheap.com","WhoisGuard, Inc.","WhoisGuard, Inc.","","","Panama","","Panama","","","","","","","","","","","","","","","","","","","","","","","","","","","","","","","","","","dns1.registrar-servers.com","dns2.registrar-servers.com","","","clientTransferProhibited","","",""
"9","buskill.biz","2020-05-13 15:21:49","2020-05-05","2020-05-10","2021-05-05","146","GoDaddy.com, LLC","whois.godaddy.com","http://registrar.godaddy.com","","","","","Indiana","","United States","","","","","","","","","","","","","","","","","","","","","","","","","","","","","","","","","","ns49.domaincontrol.com","ns50.domaincontrol.com","","","clientDeleteProhibited","clientRenewProhibited","clientTransferProhibited","clientUpdateProhibited"
"10","casta.realestate","2020-05-13 19:18:15","2020-05-05","2020-05-05","2021-05-05","1052","EuroDNS S.A.","http://whois.rotld.ro","http://www.eurodns.com","REDACTED FOR PRIVACY","Neogen Sa","REDACTED FOR PRIVACY","REDACTED FOR PRIVACY","","REDACTED FOR PRIVACY","Romania","","REDACTED FOR PRIVACY","REDACTED FOR PRIVACY","REDACTED FOR PRIVACY","REDACTED FOR PRIVACY","REDACTED FOR PRIVACY","REDACTED FOR PRIVACY","REDACTED FOR PRIVACY","REDACTED FOR PRIVACY","REDACTED FOR PRIVACY","","REDACTED FOR PRIVACY","REDACTED FOR PRIVACY","REDACTED FOR PRIVACY","REDACTED FOR PRIVACY","REDACTED FOR PRIVACY","REDACTED FOR PRIVACY","REDACTED FOR PRIVACY","REDACTED FOR PRIVACY","REDACTED FOR PRIVACY","","REDACTED FOR PRIVACY","REDACTED FOR PRIVACY","REDACTED FOR PRIVACY","REDACTED FOR PRIVACY","REDACTED FOR PRIVACY","REDACTED FOR PRIVACY","REDACTED FOR PRIVACY","REDACTED FOR PRIVACY","REDACTED FOR PRIVACY","","REDACTED FOR PRIVACY","REDACTED FOR PRIVACY","ns1.myhost.ro","ns2.myhost.ro","ns3.myhost.ro","","clientTransferProhibited","","",""
"11","chaidingwei.com","2020-05-13 08:31:57","2020-05-05","2020-05-11","2021-05-05","471","Bizcn.com, Inc.","whois.bizcn.com","http://www.bizcn.com","","","","","Jiangsu","","China","","","","","","","","","","","","","","","","","","","","","","","","","","","","","","","","","","ns1.dns.com.cn","ns2.dns.com.cn","","","OK","","",""
"12","cvwzor.biz","2020-05-13 15:38:35","2020-05-05","2020-05-10","2021-05-05","472","Dynadot, LLC","whois.dynadot.com","http://www.dynadot.com","","","","","California","","United States","","","","","","","","","","","","","","","","","","","","","","","","","","","","","","","","","","ns1.cvwzor.biz","ns2.cvwzor.biz","","","clientTransferProhibited","","",""
"13","danish-knowledge.biz","2020-05-13 15:39:55","2020-05-05","2020-05-10","2021-05-05","1052","EuroDNS S.A.","http://whois.rotld.ro","http://www.eurodns.com","appSolutions ApS","appSolutions ApS","","","","","Denmark","","","","","","","","","","","","","","","","","","","","","","","","","","","","","","","","","","ns1.eurodns.com","ns2.eurodns.com","ns3.eurodns.com","ns4.eurodns.com","clientTransferProhibited","","",""
"14","findmy-iphone-apple.com","2020-05-13 11:09:27","2020-05-05","2020-05-10","2021-05-05","2487","Internet Domain Services BS Corp","whois.publicinterestregistry.net","http://www.internetbs.net","Not disclosed Not disclosed","Whois Privacy Corp.","Ocean Centre, Montagu Foreshore, East Bay Street","Nassau","New Providence","","Bahamas","findmy-iphone-apple.com-owner-rmhr@customers.whoisprivacycorp.com","+1.5163872248","","Not disclosed Not disclosed","Whois Privacy Corp.","Ocean Centre, Montagu Foreshore, East Bay Street","Nassau","New Providence","","Bahamas","findmy-iphone-apple.com-admin-djih@customers.whoisprivacycorp.com","+1.5163872248","","Not disclosed Not disclosed","Whois Privacy Corp.","Ocean Centre, Montagu Foreshore, East Bay Street","Nassau","New Providence","","Bahamas","findmy-iphone-apple.com-tech-lxk4@customers.whoisprivacycorp.com","+1.5163872248","","","","","","","","","","","","ns-canada.topdns.com","ns-uk.topdns.com","ns-usa.topdns.com","","clientTransferProhibited","ok","",""
"15","gcdwyy120.com","2020-05-13 10:49:16","2020-05-05","2020-05-10","2023-05-05","420","HiChina Zhicheng Technology Limited","grs-whois.hichina.com","http://www.net.cn","","","","","Jiang Xi","","China","","","","","","","","","","","","","","","","","","","","","","","","","","","","","","","","","","dns17.hichina.com","dns18.hichina.com","","","OK","","",""
"16","golconda.realestate","2020-05-13 19:19:25","2020-05-05","2020-05-05","2021-05-05","146","GoDaddy.com, LLC","whois.godaddy.com","http://registrar.godaddy.com","REDACTED FOR PRIVACY","E-Base s.a.r.l","REDACTED FOR PRIVACY","REDACTED FOR PRIVACY","Luxembourg","REDACTED FOR PRIVACY","Luxembourg","","REDACTED FOR PRIVACY","REDACTED FOR PRIVACY","REDACTED FOR PRIVACY","REDACTED FOR PRIVACY","REDACTED FOR PRIVACY","REDACTED FOR PRIVACY","REDACTED FOR PRIVACY","REDACTED FOR PRIVACY","REDACTED FOR PRIVACY","","REDACTED FOR PRIVACY","REDACTED FOR PRIVACY","REDACTED FOR PRIVACY","REDACTED FOR PRIVACY","REDACTED FOR PRIVACY","REDACTED FOR PRIVACY","REDACTED FOR PRIVACY","REDACTED FOR PRIVACY","REDACTED FOR PRIVACY","","REDACTED FOR PRIVACY","REDACTED FOR PRIVACY","REDACTED FOR PRIVACY","REDACTED FOR PRIVACY","REDACTED FOR PRIVACY","REDACTED FOR PRIVACY","REDACTED FOR PRIVACY","REDACTED FOR PRIVACY","REDACTED FOR PRIVACY","","REDACTED FOR PRIVACY","REDACTED FOR PRIVACY","ns71.domaincontrol.com","ns72.domaincontrol.com","","","clientDeleteProhibited","clientRenewProhibited","clientTransferProhibited","clientUpdateProhibited"
"17","guizhoutianqing.com","2020-05-13 10:50:49","2020-05-05","2020-05-11","2021-05-05","420","HiChina Zhicheng Technology Limited","grs-whois.hichina.com","http://www.net.cn","","","","","Gui Zhou","","China","","","","","","","","","","","","","","","","","","","","","","","","","","","","","","","","","","dns19.hichina.com","dns20.hichina.com","","","OK","","",""
"18","hnzrbg.com","2020-05-13 20:41:06","2020-05-05","2020-05-12","2021-05-05","420","HiChina Zhicheng Technology Limited","grs-whois.hichina.com","http://www.net.cn","","","","","he nan","","China","","","","","","","","","","","","","","","","","","","","","","","","","","","","","","","","","","dns19.hichina.com","dns20.hichina.com","","","OK","","",""
"19","hualinteam.ltd","2020-05-14 00:13:05","2020-05-05","2020-05-11","2023-05-05","120","Xin Net Technology Corporation","whois.paycenter.com.cn","http://www.xinnet.com","REDACTED FOR PRIVACY","???","REDACTED FOR PRIVACY","REDACTED FOR PRIVACY","???","REDACTED FOR PRIVACY","China","","REDACTED FOR PRIVACY","REDACTED FOR PRIVACY","","","","","","","","","","","","","","","","","","","","","","","","","","","","","","","","","","","OK","","",""
"20","lovebayagent.realestate","2020-05-13 19:20:13","2020-05-05","2020-05-05","2022-05-05","146","GoDaddy.com, LLC","whois.godaddy.com","http://registrar.godaddy.com","REDACTED FOR PRIVACY","Domains By Proxy, LLC","REDACTED FOR PRIVACY","REDACTED FOR PRIVACY","Arizona","REDACTED FOR PRIVACY","United States","","REDACTED FOR PRIVACY","REDACTED FOR PRIVACY","REDACTED FOR PRIVACY","REDACTED FOR PRIVACY","REDACTED FOR PRIVACY","REDACTED FOR PRIVACY","REDACTED FOR PRIVACY","REDACTED FOR PRIVACY","REDACTED FOR PRIVACY","","REDACTED FOR PRIVACY","REDACTED FOR PRIVACY","REDACTED FOR PRIVACY","REDACTED FOR PRIVACY","REDACTED FOR PRIVACY","REDACTED FOR PRIVACY","REDACTED FOR PRIVACY","REDACTED FOR PRIVACY","REDACTED FOR PRIVACY","","REDACTED FOR PRIVACY","REDACTED FOR PRIVACY","REDACTED FOR PRIVACY","REDACTED FOR PRIVACY","REDACTED FOR PRIVACY","REDACTED FOR PRIVACY","REDACTED FOR PRIVACY","REDACTED FOR PRIVACY","REDACTED FOR PRIVACY","","REDACTED FOR PRIVACY","REDACTED FOR PRIVACY","ns71.domaincontrol.com","ns72.domaincontrol.com","","","clientDeleteProhibited","clientRenewProhibited","clientTransferProhibited","clientUpdateProhibited"
"21","morimorimorizozo.com","2020-05-13 20:29:18","2020-05-05","2020-05-05","2021-05-05","49","GMO Internet Inc.","whois.discount-domain.com","http://www.onamae.com","Whois Privacy Protection Service by onamae.com","Whois Privacy Protection Service by onamae.com","26-1 Sakuragaoka-cho Cerulean Tower 11F","Shibuya-ku","Tokyo","150-8512","Japan","proxy@whoisprotectservice.com","+81.354562560","","Whois Privacy Protection Service by onamae.com","Whois Privacy Protection Service by onamae.com","26-1 Sakuragaoka-cho Cerulean Tower 11F","Shibuya-ku","Tokyo","150-8512","Japan","proxy@whoisprotectservice.com","+81.354562560","","Whois Privacy Protection Service by onamae.com","Whois Privacy Protection Service by onamae.com","26-1 Sakuragaoka-cho Cerulean Tower 11F","Shibuya-ku","Tokyo","150-8512","Japan","proxy@whoisprotectservice.com","+81.354562560","","","","","","","","","","","","ns1.xserver.jp","ns2.xserver.jp","ns3.xserver.jp","ns4.xserver.jp","OK","","",""
"22","morimorimorizozo.net","2020-05-13 19:11:01","2020-05-05","2020-05-05","2021-05-05","49","GMO Internet Inc.","whois.discount-domain.com","http://www.onamae.com","Whois Privacy Protection Service by onamae.com","Whois Privacy Protection Service by onamae.com","26-1 Sakuragaoka-cho Cerulean Tower 11F","Shibuya-ku","Tokyo","150-8512","Japan","proxy@whoisprotectservice.com","+81.354562560","","Whois Privacy Protection Service by onamae.com","Whois Privacy Protection Service by onamae.com","26-1 Sakuragaoka-cho Cerulean Tower 11F","Shibuya-ku","Tokyo","150-8512","Japan","proxy@whoisprotectservice.com","+81.354562560","","Whois Privacy Protection Service by onamae.com","Whois Privacy Protection Service by onamae.com","26-1 Sakuragaoka-cho Cerulean Tower 11F","Shibuya-ku","Tokyo","150-8512","Japan","proxy@whoisprotectservice.com","+81.354562560","","","","","","","","","","","","dns1.onamae.com","dns2.onamae.com","","","OK","","",""
"23","mrg-arts.com","2020-05-13 07:52:01","2020-05-05","2020-05-05","2021-05-05","3824","Cloud Yuqu LLC","","","REDACTED FOR PRIVACY","REDACTED FOR PRIVACY","REDACTED FOR PRIVACY","Chengdu","Sichuan","REDACTED FOR PRIVACY","China","","REDACTED FOR PRIVACY","REDACTED FOR PRIVACY","REDACTED FOR PRIVACY","REDACTED FOR PRIVACY","REDACTED FOR PRIVACY","Chengdu","Sichuan","REDACTED FOR PRIVACY","China","","REDACTED FOR PRIVACY","REDACTED FOR PRIVACY","REDACTED FOR PRIVACY","REDACTED FOR PRIVACY","REDACTED FOR PRIVACY","Chengdu","Sichuan","REDACTED FOR PRIVACY","China","","REDACTED FOR PRIVACY","REDACTED FOR PRIVACY","","","","","","","","","","","ns5.myhostadmin.net","ns6.myhostadmin.net","","","OK","","",""
"24","nickirogers.realestate","2020-05-13 19:19:58","2020-05-05","2020-05-05","2021-05-05","667","Name Share, Inc.","whois-all.nameshare.com","http://www.nameshare.com","REDACTED FOR PRIVACY","Lindsey & Assoc Inc Branch","REDACTED FOR PRIVACY","REDACTED FOR PRIVACY","AR","REDACTED FOR PRIVACY","United States","","REDACTED FOR PRIVACY","REDACTED FOR PRIVACY","REDACTED FOR PRIVACY","REDACTED FOR PRIVACY","REDACTED FOR PRIVACY","REDACTED FOR PRIVACY","REDACTED FOR PRIVACY","REDACTED FOR PRIVACY","REDACTED FOR PRIVACY","","REDACTED FOR PRIVACY","REDACTED FOR PRIVACY","REDACTED FOR PRIVACY","REDACTED FOR PRIVACY","REDACTED FOR PRIVACY","REDACTED FOR PRIVACY","REDACTED FOR PRIVACY","REDACTED FOR PRIVACY","REDACTED FOR PRIVACY","","REDACTED FOR PRIVACY","REDACTED FOR PRIVACY","REDACTED FOR PRIVACY","REDACTED FOR PRIVACY","REDACTED FOR PRIVACY","REDACTED FOR PRIVACY","REDACTED FOR PRIVACY","REDACTED FOR PRIVACY","REDACTED FOR PRIVACY","","REDACTED FOR PRIVACY","REDACTED FOR PRIVACY","ns-cloud-c1.googledomains.com","ns-cloud-c2.googledomains.com","ns-cloud-c3.googledomains.com","ns-cloud-c4.googledomains.com","clientTransferProhibited","","",""
"25","olymp-project.com","2020-05-13 20:18:42","2020-05-05","2020-05-05","2021-05-05","1362","Regtime Ltd.","whois.webnames.ru","http://www.webnames.ru","Yuliya Galimova","Yuliya Galimova","ul. Internacionalnaia, 22/1, kv. 139","Nizhnevartovsk","Hanti-Mansiyskiy avt. okrug","628600","Russian Federation","it@nedvex.ru","+7.9182086405","","Yuliya Galimova","Yuliya Galimova","ul. Internacionalnaia, 22/1, kv. 139","Nizhnevartovsk","Hanti-Mansiyskiy avt. okrug","628600","Russian Federation","it@nedvex.ru","+7.9182086405","","Yuliya Galimova","Yuliya Galimova","ul. Internacionalnaia, 22/1, kv. 139","Nizhnevartovsk","Hanti-Mansiyskiy avt. okrug","628600","Russian Federation","it@nedvex.ru","+7.9182086405","","","","","","","","","","","","ns1.nameself.com","ns2.nameself.com","","","OK","","",""
"26","ouguan123.com","2020-05-13 20:18:44","2020-05-05","2020-05-05","2021-05-05","1915","West263 International Limited","whois.hkdns.hk","http://www.hkdns.hk","Yu Hui Huang","Yu Hui Huang","Hai Nan Sheng Qiong Hai Shi Da Lu Zhen Mei Rong Cun Wei Hui Mei","Hai Kou Shi","Hai Nan","571100","China","113399w@gmail.com","+86.13950114455","+86.13950114455","Yu Hui Huang","Yu Hui Huang","Hai Nan Sheng Qiong Hai Shi Da Lu Zhen Mei Rong Cun Wei Hui Mei","Hai Kou Shi","Hai Nan","571100","China","113399w@gmail.com","+86.13950114455","+86.13950114455","Yu Hui Huang","Yu Hui Huang","Hai Nan Sheng Qiong Hai Shi Da Lu Zhen Mei Rong Cun Wei Hui Mei","Hai Kou Shi","Hai Nan","571100","China","113399w@gmail.com","+86.13950114455","+86.13950114455","","","","","","","","","","","ns1.myhostadmin.net","ns2.myhostadmin.net","","","OK","","",""
"27","propertyhawk.realestate","2020-05-13 19:21:06","2020-05-05","2020-05-05","2022-05-05","146","GoDaddy.com, LLC","whois.godaddy.com","http://registrar.godaddy.com","REDACTED FOR PRIVACY","PROPERTY HAWK REAL ESTATE","REDACTED FOR PRIVACY","REDACTED FOR PRIVACY","DUBAI","REDACTED FOR PRIVACY","United Arab Emirates","","REDACTED FOR PRIVACY","REDACTED FOR PRIVACY","REDACTED FOR PRIVACY","REDACTED FOR PRIVACY","REDACTED FOR PRIVACY","REDACTED FOR PRIVACY","REDACTED FOR PRIVACY","REDACTED FOR PRIVACY","REDACTED FOR PRIVACY","","REDACTED FOR PRIVACY","REDACTED FOR PRIVACY","REDACTED FOR PRIVACY","REDACTED FOR PRIVACY","REDACTED FOR PRIVACY","REDACTED FOR PRIVACY","REDACTED FOR PRIVACY","REDACTED FOR PRIVACY","REDACTED FOR PRIVACY","","REDACTED FOR PRIVACY","REDACTED FOR PRIVACY","REDACTED FOR PRIVACY","REDACTED FOR PRIVACY","REDACTED FOR PRIVACY","REDACTED FOR PRIVACY","REDACTED FOR PRIVACY","REDACTED FOR PRIVACY","REDACTED FOR PRIVACY","","REDACTED FOR PRIVACY","REDACTED FOR PRIVACY","ns1.bluehost.com","ns2.bluehost.com","","","clientDeleteProhibited","clientRenewProhibited","clientTransferProhibited","clientUpdateProhibited"
"28","sellmyhousefast.realestate","2020-05-13 19:20:48","2020-05-05","2020-05-05","2021-05-05","667","Name Share, Inc.","whois-all.nameshare.com","http://www.nameshare.com","REDACTED FOR PRIVACY","United Realty Group","REDACTED FOR PRIVACY","REDACTED FOR PRIVACY","FL","REDACTED FOR PRIVACY","United States","","REDACTED FOR PRIVACY","REDACTED FOR PRIVACY","REDACTED FOR PRIVACY","REDACTED FOR PRIVACY","REDACTED FOR PRIVACY","REDACTED FOR PRIVACY","REDACTED FOR PRIVACY","REDACTED FOR PRIVACY","REDACTED FOR PRIVACY","","REDACTED FOR PRIVACY","REDACTED FOR PRIVACY","REDACTED FOR PRIVACY","REDACTED FOR PRIVACY","REDACTED FOR PRIVACY","REDACTED FOR PRIVACY","REDACTED FOR PRIVACY","REDACTED FOR PRIVACY","REDACTED FOR PRIVACY","","REDACTED FOR PRIVACY","REDACTED FOR PRIVACY","REDACTED FOR PRIVACY","REDACTED FOR PRIVACY","REDACTED FOR PRIVACY","REDACTED FOR PRIVACY","REDACTED FOR PRIVACY","REDACTED FOR PRIVACY","REDACTED FOR PRIVACY","","REDACTED FOR PRIVACY","REDACTED FOR PRIVACY","ns-cloud-b1.googledomains.com","ns-cloud-b2.googledomains.com","ns-cloud-b3.googledomains.com","ns-cloud-b4.googledomains.com","clientTransferProhibited","","",""
"29","seoforplumbers.co","2020-05-13 10:18:54","2020-05-05","2020-05-12","2021-05-05","617","Epik Inc.","whois.epik.com","http://epik.com","Anonymize, Inc.","Anonymize, Inc.","","","WA","","United States","","","","","","","","","","","","","","","","","","","","","","","","","","","","","","","","","","ns1.sedoparking.com","ns2.sedoparking.com","","","clientTransferProhibited","","",""
"30","shivue.com","2020-05-13 10:50:19","2020-05-05","2020-05-11","2021-05-05","420","HiChina Zhicheng Technology Limited","grs-whois.hichina.com","http://www.net.cn","","","","","guang dong","","China","","","","","","","","","","","","","","","","","","","","","","","","","","","","","","","","","","dns23.hichina.com","dns24.hichina.com","","","OK","","",""
"31","thai.realestate","2020-05-13 22:44:05","2020-05-05","2020-05-05","2021-05-05","146","GoDaddy.com, LLC","whois.godaddy.com","http://registrar.godaddy.com","REDACTED FOR PRIVACY","Thai Corporation Group Company Limited","REDACTED FOR PRIVACY","REDACTED FOR PRIVACY","Bangkok","REDACTED FOR PRIVACY","Thailand","","REDACTED FOR PRIVACY","REDACTED FOR PRIVACY","REDACTED FOR PRIVACY","REDACTED FOR PRIVACY","REDACTED FOR PRIVACY","REDACTED FOR PRIVACY","REDACTED FOR PRIVACY","REDACTED FOR PRIVACY","REDACTED FOR PRIVACY","","REDACTED FOR PRIVACY","REDACTED FOR PRIVACY","REDACTED FOR PRIVACY","REDACTED FOR PRIVACY","REDACTED FOR PRIVACY","REDACTED FOR PRIVACY","REDACTED FOR PRIVACY","REDACTED FOR PRIVACY","REDACTED FOR PRIVACY","","REDACTED FOR PRIVACY","REDACTED FOR PRIVACY","REDACTED FOR PRIVACY","REDACTED FOR PRIVACY","REDACTED FOR PRIVACY","REDACTED FOR PRIVACY","REDACTED FOR PRIVACY","REDACTED FOR PRIVACY","REDACTED FOR PRIVACY","","REDACTED FOR PRIVACY","REDACTED FOR PRIVACY","ns73.domaincontrol.com","ns74.domaincontrol.com","","","clientDeleteProhibited","clientRenewProhibited","clientTransferProhibited","clientUpdateProhibited"
"32","xingji2020.com","2020-05-13 20:18:44","2020-05-05","2020-05-12","2021-05-05","420","HiChina Zhicheng Technology Limited","grs-whois.hichina.com","http://www.net.cn","","","","","BEIJING","","China","","","","","","","","","","","","","","","","","","","","","","","","","","","","","","","","","","dns31.hichina.com","dns32.hichina.com","","","OK","","",""
"33","xinwanghb.com","2020-05-13 10:50:57","2020-05-05","2020-05-11","2021-05-05","420","HiChina Zhicheng Technology Limited","grs-whois.hichina.com","http://www.net.cn","","","","","zhe jiang","","China","","","","","","","","","","","","","","","","","","","","","","","","","","","","","","","","","","dns23.hichina.com","dns24.hichina.com","","","OK","","",""
"34","yafyagconsulting.com","2020-05-13 11:09:38","2020-05-05","2020-05-05","2021-05-05","1861","Porkbun, LLC","whois.porkbun.com","http://porkbun.com","Whois Privacy","Private by Design, LLC","500 Westover Dr #9816","Sanford","NC","27330","United States","","+1.9712666028","","Whois Privacy","Private by Design, LLC","500 Westover Dr #9816","Sanford","NC","27330","United States","","+1.9712666028","","Whois Privacy","Private by Design, LLC","500 Westover Dr #9816","Sanford","NC","27330","United States","","+1.9712666028","","","","","","","","","","","","curitiba.porkbun.com","fortaleza.porkbun.com","maceio.porkbun.com","salvador.porkbun.com","clientDeleteProhibited","clientTransferProhibited","",""