"num","domain_name","query_time","create_date","update_date","expiry_date","domain_registrar_id","domain_registrar_name","domain_registrar_whois","domain_registrar_url","registrant_name","registrant_company","registrant_address","registrant_city","registrant_state","registrant_zip","registrant_country","registrant_email","registrant_phone","registrant_fax","administrative_name","administrative_company","administrative_address","administrative_city","administrative_state","administrative_zip","administrative_country","administrative_email","administrative_phone","administrative_fax","technical_name","technical_company","technical_address","technical_city","technical_state","technical_zip","technical_country","technical_email","technical_phone","technical_fax","billing_name","billing_company","billing_address","billing_city","billing_state","billing_zip","billing_country","billing_email","billing_phone","billing_fax","name_server_1","name_server_2","name_server_3","name_server_4","domain_status_1","domain_status_2","domain_status_3","domain_status_4"
"1","chaojidae.com","2020-05-06 22:32:49","2020-05-05","2020-05-05","2021-05-05","146","GoDaddy.com, LLC","whois.godaddy.com","http://registrar.godaddy.com","","","","","Ai De Fa De Fang","","Armenia","","","","","","","","","","","","","","","","","","","","","","","","","","","","","","","","","","ns41.domaincontrol.com","ns42.domaincontrol.com","","","clientDeleteProhibited","clientRenewProhibited","clientTransferProhibited","clientUpdateProhibited"
"2","civilnetstudio.com","2020-05-06 22:28:35","2020-05-05","2020-05-05","2021-05-05","839","Realtime Register B.V.","whois.yoursrs.com","http://www.realtimeregister.com","REDACTED FOR PRIVACY","REDACTED FOR PRIVACY","REDACTED FOR PRIVACY","REDACTED FOR PRIVACY","Yerevan","REDACTED FOR PRIVACY","Armenia","","REDACTED FOR PRIVACY","REDACTED FOR PRIVACY","REDACTED FOR PRIVACY","REDACTED FOR PRIVACY","REDACTED FOR PRIVACY","REDACTED FOR PRIVACY","REDACTED FOR PRIVACY","REDACTED FOR PRIVACY","REDACTED FOR PRIVACY","","REDACTED FOR PRIVACY","REDACTED FOR PRIVACY","REDACTED FOR PRIVACY","REDACTED FOR PRIVACY","REDACTED FOR PRIVACY","REDACTED FOR PRIVACY","REDACTED FOR PRIVACY","REDACTED FOR PRIVACY","REDACTED FOR PRIVACY","","REDACTED FOR PRIVACY","REDACTED FOR PRIVACY","","","","","","","","","","","ns1.internet.am","ns2.internet.am","","","OK","","",""
"3","collab48.com","2020-05-06 23:19:33","2020-05-05","2020-05-05","2021-05-05","146","GoDaddy.com, LLC","whois.godaddy.com","http://registrar.godaddy.com","collab48","collab48","","","Yerevan","","Armenia","","","","","","","","","","","","","","","","","","","","","","","","","","","","","","","","","","ns77.domaincontrol.com","ns78.domaincontrol.com","","","clientDeleteProhibited","clientRenewProhibited","clientTransferProhibited","clientUpdateProhibited"
"4","jianghuoruhua.com","2020-05-07 00:21:39","2020-05-05","2020-05-05","2021-05-05","625","Name.com, Inc.","whois.name.com","http://www.name.com","jiang huo","","2564 Star Route","Schaumburg","IL","60173","Armenia","jianghuoruhua@qq.com","+86.18656137998","","ning zhiyuan","","2564 Star Route","Schaumburg","IL","60173","Armenia","jianghuoruhua@qq.com","+1.7086242711","","ning zhiyuan","","2564 Star Route","Schaumburg","IL","60173","Armenia","jianghuoruhua@qq.com","+1.7086242711","","","","","","","","","","","","ns1dns.name.com","ns2knz.name.com","ns3hjx.name.com","ns4htz.name.com","addPeriod","clientTransferProhibited","",""
"5","pharaoh-partners.com","2020-05-06 23:00:38","2020-05-05","2020-05-05","2021-05-05","1647","Hosting Concepts B.V. dba Openprovider","whois.registrar.eu","http://www.openprovider.com","REDACTED FOR PRIVACY","","REDACTED FOR PRIVACY","REDACTED FOR PRIVACY","","REDACTED FOR PRIVACY","Armenia","","REDACTED FOR PRIVACY","REDACTED FOR PRIVACY","REDACTED FOR PRIVACY","REDACTED FOR PRIVACY","REDACTED FOR PRIVACY","REDACTED FOR PRIVACY","REDACTED FOR PRIVACY","REDACTED FOR PRIVACY","REDACTED FOR PRIVACY","","REDACTED FOR PRIVACY","REDACTED FOR PRIVACY","REDACTED FOR PRIVACY","REDACTED FOR PRIVACY","REDACTED FOR PRIVACY","REDACTED FOR PRIVACY","REDACTED FOR PRIVACY","REDACTED FOR PRIVACY","REDACTED FOR PRIVACY","","REDACTED FOR PRIVACY","REDACTED FOR PRIVACY","","","","","","","","","","","adrian.ns.cloudflare.com","will.ns.cloudflare.com","","","clientTransferProhibited","ok","",""
"6","tigrangorsh.com","2020-05-06 23:29:31","2020-05-05","2020-05-06","2021-05-05","303","PDR Ltd. d/b/a PublicDomainRegistry.com","whois.publicdomainregistry.com","http://www.publicdomainregistry.com","Tigran Grigoryan","Tigran Grigoryan","Tsaturyan 34,bnakaran 4","Erevan","Erevan","0018","Armenia","harutyunyanarm00@mail.ru","+374.91333556","","Tigran Grigoryan","Tigran Grigoryan","Tsaturyan 34,bnakaran 4","Erevan","Erevan","0018","Armenia","harutyunyanarm00@mail.ru","+374.91333556","","Tigran Grigoryan","Tigran Grigoryan","Tsaturyan 34,bnakaran 4","Erevan","Erevan","0018","Armenia","harutyunyanarm00@mail.ru","+374.91333556","","","","","","","","","","","","ns2.wixdns.net","ns3.wixdns.net","","","clientTransferProhibited","","",""
"7","vzayem.com","2020-05-06 23:34:02","2020-05-05","2020-05-05","2021-05-05","146","GoDaddy.com, LLC","whois.godaddy.com","http://registrar.godaddy.com","","","","","Yerevan","","Armenia","","","","","","","","","","","","","","","","","","","","","","","","","","","","","","","","","","ns49.domaincontrol.com","ns50.domaincontrol.com","","","clientDeleteProhibited","clientRenewProhibited","clientTransferProhibited","clientUpdateProhibited"
"8","zatiktoys.com","2020-05-06 22:07:35","2020-05-04","2020-05-04","2021-05-04","146","GoDaddy.com, LLC","whois.godaddy.com","http://registrar.godaddy.com","Zatik Toys","Zatik Toys","","","\u0535\u0580\u0565\u057e\u0561\u0576","","Armenia","","","","","","","","","","","","","","","","","","","","","","","","","","","","","","","","","","ns63.domaincontrol.com","ns64.domaincontrol.com","","","clientDeleteProhibited","clientRenewProhibited","clientTransferProhibited","clientUpdateProhibited"