"num","domain_name","query_time","create_date","update_date","expiry_date","domain_registrar_id","domain_registrar_name","domain_registrar_whois","domain_registrar_url","registrant_name","registrant_company","registrant_address","registrant_city","registrant_state","registrant_zip","registrant_country","registrant_email","registrant_phone","registrant_fax","administrative_name","administrative_company","administrative_address","administrative_city","administrative_state","administrative_zip","administrative_country","administrative_email","administrative_phone","administrative_fax","technical_name","technical_company","technical_address","technical_city","technical_state","technical_zip","technical_country","technical_email","technical_phone","technical_fax","billing_name","billing_company","billing_address","billing_city","billing_state","billing_zip","billing_country","billing_email","billing_phone","billing_fax","name_server_1","name_server_2","name_server_3","name_server_4","domain_status_1","domain_status_2","domain_status_3","domain_status_4"
"1","alligatortype.com","2020-05-06 23:24:00","2020-05-05","2020-05-05","2021-05-05","1476","World4You Internet Services GmbH","whois.world4you.com","http://www.world4you.com","REDACTED FOR PRIVACY","","REDACTED FOR PRIVACY","REDACTED FOR PRIVACY","AT","REDACTED FOR PRIVACY","Austria","","REDACTED FOR PRIVACY","REDACTED FOR PRIVACY","REDACTED FOR PRIVACY","REDACTED FOR PRIVACY","REDACTED FOR PRIVACY","REDACTED FOR PRIVACY","REDACTED FOR PRIVACY","REDACTED FOR PRIVACY","REDACTED FOR PRIVACY","","REDACTED FOR PRIVACY","REDACTED FOR PRIVACY","REDACTED FOR PRIVACY","REDACTED FOR PRIVACY","REDACTED FOR PRIVACY","REDACTED FOR PRIVACY","REDACTED FOR PRIVACY","REDACTED FOR PRIVACY","REDACTED FOR PRIVACY","","REDACTED FOR PRIVACY","REDACTED FOR PRIVACY","","","","","","","","","","","ns1.world4you.at","ns2.world4you.at","","","clientTransferProhibited","","",""
"2","alpacasasset.com","2020-05-06 21:03:16","2020-05-04","2020-05-04","2021-05-04","146","GoDaddy.com, LLC","whois.godaddy.com","http://registrar.godaddy.com","","","","","Wien","","Austria","","","","","","","","","","","","","","","","","","","","","","","","","","","","","","","","","","ns63.domaincontrol.com","ns64.domaincontrol.com","","","clientDeleteProhibited","clientRenewProhibited","clientTransferProhibited","clientUpdateProhibited"
"3","analytical-fundraising.com","2020-05-07 01:01:08","2020-05-04","2020-05-04","2021-05-04","1476","World4You Internet Services GmbH","whois.world4you.com","http://www.world4you.com","REDACTED FOR PRIVACY","","REDACTED FOR PRIVACY","REDACTED FOR PRIVACY","AT","REDACTED FOR PRIVACY","Austria","","REDACTED FOR PRIVACY","REDACTED FOR PRIVACY","REDACTED FOR PRIVACY","REDACTED FOR PRIVACY","REDACTED FOR PRIVACY","REDACTED FOR PRIVACY","REDACTED FOR PRIVACY","REDACTED FOR PRIVACY","REDACTED FOR PRIVACY","","REDACTED FOR PRIVACY","REDACTED FOR PRIVACY","REDACTED FOR PRIVACY","REDACTED FOR PRIVACY","REDACTED FOR PRIVACY","REDACTED FOR PRIVACY","REDACTED FOR PRIVACY","REDACTED FOR PRIVACY","REDACTED FOR PRIVACY","","REDACTED FOR PRIVACY","REDACTED FOR PRIVACY","","","","","","","","","","","ns1.world4you.at","ns2.world4you.at","","","clientTransferProhibited","","",""
"4","antikbroker.com","2020-05-06 22:32:47","2020-05-05","2020-05-05","2021-05-05","1387","1API GmbH","whois.1api.net","http://www.1api.net","REDACTED FOR PRIVACY","REDACTED FOR PRIVACY","REDACTED FOR PRIVACY","REDACTED FOR PRIVACY","","REDACTED FOR PRIVACY","Austria","","REDACTED FOR PRIVACY","","REDACTED FOR PRIVACY","REDACTED FOR PRIVACY","REDACTED FOR PRIVACY","REDACTED FOR PRIVACY","REDACTED FOR PRIVACY","REDACTED FOR PRIVACY","REDACTED FOR PRIVACY","","REDACTED FOR PRIVACY","","REDACTED FOR PRIVACY","REDACTED FOR PRIVACY","REDACTED FOR PRIVACY","REDACTED FOR PRIVACY","REDACTED FOR PRIVACY","REDACTED FOR PRIVACY","REDACTED FOR PRIVACY","","REDACTED FOR PRIVACY","","","","","","","","","","","","ns1.hosttech.at","ns2.hosttech.at","ns3.hosttech.at","","clientTransferProhibited","","",""
"5","archetype-following.com","2020-05-06 23:13:24","2020-05-05","2020-05-05","2021-05-05","1476","World4You Internet Services GmbH","whois.world4you.com","http://www.world4you.com","REDACTED FOR PRIVACY","","REDACTED FOR PRIVACY","REDACTED FOR PRIVACY","AT","REDACTED FOR PRIVACY","Austria","","REDACTED FOR PRIVACY","REDACTED FOR PRIVACY","REDACTED FOR PRIVACY","REDACTED FOR PRIVACY","REDACTED FOR PRIVACY","REDACTED FOR PRIVACY","REDACTED FOR PRIVACY","REDACTED FOR PRIVACY","REDACTED FOR PRIVACY","","REDACTED FOR PRIVACY","REDACTED FOR PRIVACY","REDACTED FOR PRIVACY","REDACTED FOR PRIVACY","REDACTED FOR PRIVACY","REDACTED FOR PRIVACY","REDACTED FOR PRIVACY","REDACTED FOR PRIVACY","REDACTED FOR PRIVACY","","REDACTED FOR PRIVACY","REDACTED FOR PRIVACY","","","","","","","","","","","ns1.world4you.at","ns2.world4you.at","","","clientTransferProhibited","","",""
"6","auditrise.com","2020-05-06 23:24:02","2020-05-05","2020-05-05","2021-05-05","1476","World4You Internet Services GmbH","whois.world4you.com","http://www.world4you.com","REDACTED FOR PRIVACY","","REDACTED FOR PRIVACY","REDACTED FOR PRIVACY","AT","REDACTED FOR PRIVACY","Austria","","REDACTED FOR PRIVACY","REDACTED FOR PRIVACY","REDACTED FOR PRIVACY","REDACTED FOR PRIVACY","REDACTED FOR PRIVACY","REDACTED FOR PRIVACY","REDACTED FOR PRIVACY","REDACTED FOR PRIVACY","REDACTED FOR PRIVACY","","REDACTED FOR PRIVACY","REDACTED FOR PRIVACY","REDACTED FOR PRIVACY","REDACTED FOR PRIVACY","REDACTED FOR PRIVACY","REDACTED FOR PRIVACY","REDACTED FOR PRIVACY","REDACTED FOR PRIVACY","REDACTED FOR PRIVACY","","REDACTED FOR PRIVACY","REDACTED FOR PRIVACY","","","","","","","","","","","ns1.world4you.at","ns2.world4you.at","","","clientTransferProhibited","","",""
"7","augustemarceau.com","2020-05-06 20:38:22","2020-05-04","2020-05-04","2021-05-04","1387","1API GmbH","whois.1api.net","http://www.1api.net","REDACTED FOR PRIVACY","REDACTED FOR PRIVACY","REDACTED FOR PRIVACY","REDACTED FOR PRIVACY","","REDACTED FOR PRIVACY","Austria","","REDACTED FOR PRIVACY","","REDACTED FOR PRIVACY","REDACTED FOR PRIVACY","REDACTED FOR PRIVACY","REDACTED FOR PRIVACY","REDACTED FOR PRIVACY","REDACTED FOR PRIVACY","REDACTED FOR PRIVACY","","REDACTED FOR PRIVACY","","REDACTED FOR PRIVACY","REDACTED FOR PRIVACY","REDACTED FOR PRIVACY","REDACTED FOR PRIVACY","REDACTED FOR PRIVACY","REDACTED FOR PRIVACY","REDACTED FOR PRIVACY","","REDACTED FOR PRIVACY","","","","","","","","","","","","ns1.hosttech.at","ns2.hosttech.at","ns3.hosttech.at","","clientTransferProhibited","","",""
"8","aumaier-c-suite.com","2020-05-06 23:05:05","2020-05-05","2020-05-05","2021-05-05","1476","World4You Internet Services GmbH","whois.world4you.com","http://www.world4you.com","REDACTED FOR PRIVACY","AUMAIER CONSULTING/TRAINING GmbH","REDACTED FOR PRIVACY","REDACTED FOR PRIVACY","AT","REDACTED FOR PRIVACY","Austria","","REDACTED FOR PRIVACY","REDACTED FOR PRIVACY","REDACTED FOR PRIVACY","REDACTED FOR PRIVACY","REDACTED FOR PRIVACY","REDACTED FOR PRIVACY","REDACTED FOR PRIVACY","REDACTED FOR PRIVACY","REDACTED FOR PRIVACY","","REDACTED FOR PRIVACY","REDACTED FOR PRIVACY","REDACTED FOR PRIVACY","REDACTED FOR PRIVACY","REDACTED FOR PRIVACY","REDACTED FOR PRIVACY","REDACTED FOR PRIVACY","REDACTED FOR PRIVACY","REDACTED FOR PRIVACY","","REDACTED FOR PRIVACY","REDACTED FOR PRIVACY","","","","","","","","","","","ns1.world4you.at","ns2.world4you.at","","","clientTransferProhibited","","",""
"9","aviation-tirol.com","2020-05-06 23:14:07","2020-05-05","2020-05-05","2021-05-05","1647","Hosting Concepts B.V. dba Openprovider","whois.registrar.eu","http://www.openprovider.com","REDACTED FOR PRIVACY","","REDACTED FOR PRIVACY","REDACTED FOR PRIVACY","","REDACTED FOR PRIVACY","Austria","","REDACTED FOR PRIVACY","REDACTED FOR PRIVACY","REDACTED FOR PRIVACY","REDACTED FOR PRIVACY","REDACTED FOR PRIVACY","REDACTED FOR PRIVACY","REDACTED FOR PRIVACY","REDACTED FOR PRIVACY","REDACTED FOR PRIVACY","","REDACTED FOR PRIVACY","REDACTED FOR PRIVACY","REDACTED FOR PRIVACY","REDACTED FOR PRIVACY","REDACTED FOR PRIVACY","REDACTED FOR PRIVACY","REDACTED FOR PRIVACY","REDACTED FOR PRIVACY","REDACTED FOR PRIVACY","","REDACTED FOR PRIVACY","REDACTED FOR PRIVACY","","","","","","","","","","","ns1.edis.at","ns2.edis.at","ns5.edis.at","ns6.edis.at","clientTransferProhibited","ok","",""
"10","babyexpo-online.com","2020-05-06 20:45:40","2020-05-04","2020-05-04","2021-05-04","106","Ascio Technologies, Inc. Danmark - Filial af Ascio technologies, Inc. USA","whois.ascio.com","http://www.ascio.com","Not Disclosed","Not Disclosed","Not Disclosed","Not Disclosed","Wien","Not Disclosed","Austria","","Not Disclosed","Not Disclosed","Not Disclosed","Not Disclosed","Not Disclosed","Not Disclosed","Not Disclosed","Not Disclosed","Not Disclosed","","Not Disclosed","Not Disclosed","Not Disclosed","Not Disclosed","Not Disclosed","Not Disclosed","Not Disclosed","Not Disclosed","Not Disclosed","","Not Disclosed","Not Disclosed","","","","","","","","","","","ns1.upc.biz","ns2.upc.biz","","","OK","","",""
"11","babyexponline.com","2020-05-06 20:45:39","2020-05-04","2020-05-04","2021-05-04","106","Ascio Technologies, Inc. Danmark - Filial af Ascio technologies, Inc. USA","whois.ascio.com","http://www.ascio.com","Not Disclosed","Not Disclosed","Not Disclosed","Not Disclosed","Wien","Not Disclosed","Austria","","Not Disclosed","Not Disclosed","Not Disclosed","Not Disclosed","Not Disclosed","Not Disclosed","Not Disclosed","Not Disclosed","Not Disclosed","","Not Disclosed","Not Disclosed","Not Disclosed","Not Disclosed","Not Disclosed","Not Disclosed","Not Disclosed","Not Disclosed","Not Disclosed","","Not Disclosed","Not Disclosed","","","","","","","","","","","ns1.upc.biz","ns2.upc.biz","","","OK","","",""
"12","banking-technology.com","2020-05-06 20:39:38","2020-05-04","2020-05-04","2022-05-04","146","GoDaddy.com, LLC","whois.godaddy.com","http://registrar.godaddy.com","Andersen Consulting","Andersen Consulting","","","Hamburg","","Austria","","","","","","","","","","","","","","","","","","","","","","","","","","","","","","","","","","ns77.domaincontrol.com","ns78.domaincontrol.com","","","clientDeleteProhibited","clientRenewProhibited","clientTransferProhibited","clientUpdateProhibited"
"13","banthetruth.com","2020-05-07 00:53:31","2020-05-04","2020-05-04","2021-05-04","955","Launchpad, Inc.","whois.launchpad.com","http://www.launchpad.com","GDPR Masked","GDPR Masked","GDPR Masked","GDPR Masked","3","GDPR Masked","Austria","gdpr-masking@gdpr-masked.com","GDPR Masked","GDPR Masked","GDPR Masked","GDPR Masked","GDPR Masked","GDPR Masked","GDPR Masked","GDPR Masked","GDPR Masked","gdpr-masking@gdpr-masked.com","GDPR Masked","GDPR Masked","GDPR Masked","GDPR Masked","GDPR Masked","GDPR Masked","GDPR Masked","GDPR Masked","GDPR Masked","gdpr-masking@gdpr-masked.com","GDPR Masked","GDPR Masked","","","","","","","","","","","ns1.hostgator.com","ns2.hostgator.com","","","clientTransferProhibited","","",""
"14","blickausmeinemfenster.com","2020-05-06 22:40:16","2020-05-05","2020-05-05","2021-05-05","82","OnlineNIC, Inc.","whois.onlinenic.com","http://www.onlinenic.com","Fanninger","Fanninger","","","Wien","","Austria","","","","","","","","","","","","","","","","","","","","","","","","","","","","","","","","","","ns1.imapweb.net","ns2.imapweb.net","","","OK","","",""
"15","buchberger.pro","2020-05-06 19:10:13","2020-05-05","2020-05-05","2021-05-05","151","PSI-USA, Inc. dba Domain Robot","whois.psi-usa.info","http://www.psi-usa.info","","","","","AT","","Austria","","","","","","","","","","","","","","","","","","","","","","","","","","","","","","","","","","ns1.world4you.at","ns2.world4you.at","","","addPeriod","clientTransferProhibited","serverTransferProhibited",""
"16","bvorhofer.com","2020-05-06 22:13:48","2020-05-04","2020-05-04","2021-05-04","433","OVH sas","whois.ovh.com","http://www.ovh.com","REDACTED FOR PRIVACY","","REDACTED FOR PRIVACY","REDACTED FOR PRIVACY","","REDACTED FOR PRIVACY","Austria","rm8g1gw8ojvxbqohd8oi@u.o-w-o.info","REDACTED FOR PRIVACY","REDACTED FOR PRIVACY","REDACTED FOR PRIVACY","REDACTED FOR PRIVACY","REDACTED FOR PRIVACY","REDACTED FOR PRIVACY","REDACTED FOR PRIVACY","REDACTED FOR PRIVACY","REDACTED FOR PRIVACY","bouwaoqo2yly4mo1xgmn@z.o-w-o.info","REDACTED FOR PRIVACY","REDACTED FOR PRIVACY","REDACTED FOR PRIVACY","REDACTED FOR PRIVACY","REDACTED FOR PRIVACY","REDACTED FOR PRIVACY","REDACTED FOR PRIVACY","REDACTED FOR PRIVACY","REDACTED FOR PRIVACY","bouwaoqo2yly4mo1xgmn@z.o-w-o.info","REDACTED FOR PRIVACY","REDACTED FOR PRIVACY","","","","","","","","","","","dns110.ovh.net","ns110.ovh.net","","","clientDeleteProhibited","clientTransferProhibited","",""
"17","calplaner.com","2020-05-06 23:46:36","2020-05-05","2020-05-05","2021-05-05","151","PSI-USA, Inc. dba Domain Robot","whois.psi-usa.info","http://www.psi-usa.info","REDACTED FOR PRIVACY","","REDACTED FOR PRIVACY","REDACTED FOR PRIVACY","AT","REDACTED FOR PRIVACY","Austria","","REDACTED FOR PRIVACY","REDACTED FOR PRIVACY","REDACTED FOR PRIVACY","REDACTED FOR PRIVACY","REDACTED FOR PRIVACY","REDACTED FOR PRIVACY","REDACTED FOR PRIVACY","REDACTED FOR PRIVACY","REDACTED FOR PRIVACY","","REDACTED FOR PRIVACY","REDACTED FOR PRIVACY","REDACTED FOR PRIVACY","REDACTED FOR PRIVACY","REDACTED FOR PRIVACY","REDACTED FOR PRIVACY","REDACTED FOR PRIVACY","REDACTED FOR PRIVACY","REDACTED FOR PRIVACY","","REDACTED FOR PRIVACY","REDACTED FOR PRIVACY","","","","","","","","","","","ns3.nsentry.de","ns4.nsentry.de","","","clientTransferProhibited","","",""
"18","calplano.com","2020-05-06 21:44:03","2020-05-05","2020-05-05","2021-05-05","151","PSI-USA, Inc. dba Domain Robot","whois.psi-usa.info","http://www.psi-usa.info","REDACTED FOR PRIVACY","","REDACTED FOR PRIVACY","REDACTED FOR PRIVACY","AT","REDACTED FOR PRIVACY","Austria","","REDACTED FOR PRIVACY","REDACTED FOR PRIVACY","REDACTED FOR PRIVACY","REDACTED FOR PRIVACY","REDACTED FOR PRIVACY","REDACTED FOR PRIVACY","REDACTED FOR PRIVACY","REDACTED FOR PRIVACY","REDACTED FOR PRIVACY","","REDACTED FOR PRIVACY","REDACTED FOR PRIVACY","REDACTED FOR PRIVACY","REDACTED FOR PRIVACY","REDACTED FOR PRIVACY","REDACTED FOR PRIVACY","REDACTED FOR PRIVACY","REDACTED FOR PRIVACY","REDACTED FOR PRIVACY","","REDACTED FOR PRIVACY","REDACTED FOR PRIVACY","","","","","","","","","","","ns3.nsentry.de","ns4.nsentry.de","","","clientTransferProhibited","","",""
"19","christina-fluegger.com","2020-05-06 20:24:30","2020-05-05","2020-05-05","2021-05-05","1390","Mesh Digital Limited","whois.meshdigital.com","http://www.meshdigital.com","REDACTED FOR PRIVACY","","REDACTED FOR PRIVACY","REDACTED FOR PRIVACY","","REDACTED FOR PRIVACY","Austria","","REDACTED FOR PRIVACY","REDACTED FOR PRIVACY","","","","","","","","","","","","","","","","","","","","","","","","","","","","","","","ns.namespace4you.com","ns2.namespace4you.com","","","clientDeleteProhibited","clientTransferProhibited","clientUpdateProhibited",""
"20","cock.bet","2020-05-06 14:38:23","2020-05-04","2020-05-04","2021-05-04","1420","InterNetworX Ltd. & Co. KG","whois.domrobot.com","http://www.domrobot.com","","","","","","","Austria","","","","","","","","","","","","","","","","","","","","","","","","","","","","","","","","","","ns.inwx.de","ns2.inwx.de","ns3.inwx.eu","ns4.inwx.com","addPeriod","clientTransferProhibited","serverTransferProhibited",""
"21","colabiitoil.com","2020-05-07 01:02:11","2020-05-04","2020-05-04","2021-05-04","303","PDR Ltd. d/b/a PublicDomainRegistry.com","whois.publicdomainregistry.com","http://www.publicdomainregistry.com","GDPR Masked","GDPR Masked","GDPR Masked","GDPR Masked","Vienna","GDPR Masked","Austria","gdpr-masking@gdpr-masked.com","GDPR Masked","GDPR Masked","GDPR Masked","GDPR Masked","GDPR Masked","GDPR Masked","GDPR Masked","GDPR Masked","GDPR Masked","gdpr-masking@gdpr-masked.com","GDPR Masked","GDPR Masked","GDPR Masked","GDPR Masked","GDPR Masked","GDPR Masked","GDPR Masked","GDPR Masked","GDPR Masked","gdpr-masking@gdpr-masked.com","GDPR Masked","GDPR Masked","","","","","","","","","","","monovm.earth.orderbox-dns.com","monovm.mars.orderbox-dns.com","monovm.mercury.orderbox-dns.com","monovm.venus.orderbox-dns.com","clientTransferProhibited","","",""
"22","constellation-board-online.com","2020-05-06 22:38:52","2020-05-05","2020-05-05","2021-05-05","48","eNom, Inc.","whois.enom.com","http://www.enom.com","REDACTED FOR PRIVACY","REDACTED FOR PRIVACY","REDACTED FOR PRIVACY","REDACTED FOR PRIVACY","REDACTED FOR PRIVACY","REDACTED FOR PRIVACY","Austria","","REDACTED FOR PRIVACY","REDACTED FOR PRIVACY","REDACTED FOR PRIVACY","REDACTED FOR PRIVACY","REDACTED FOR PRIVACY","REDACTED FOR PRIVACY","REDACTED FOR PRIVACY","REDACTED FOR PRIVACY","REDACTED FOR PRIVACY","","REDACTED FOR PRIVACY","REDACTED FOR PRIVACY","REDACTED FOR PRIVACY","REDACTED FOR PRIVACY","REDACTED FOR PRIVACY","REDACTED FOR PRIVACY","REDACTED FOR PRIVACY","REDACTED FOR PRIVACY","REDACTED FOR PRIVACY","","REDACTED FOR PRIVACY","REDACTED FOR PRIVACY","","","","","","","","","","","ns1.crossip.net","ns2.crossip.net","ns3.crossip.net","","addPeriod","ok","",""
"23","corona-bank.com","2020-05-06 22:02:59","2020-05-04","2020-05-04","2021-05-04","146","GoDaddy.com, LLC","whois.godaddy.com","http://registrar.godaddy.com","","","","","Wien","","Austria","","","","","","","","","","","","","","","","","","","","","","","","","","","","","","","","","","ns77.domaincontrol.com","ns78.domaincontrol.com","","","clientDeleteProhibited","clientRenewProhibited","clientTransferProhibited","clientUpdateProhibited"
"24","corona-buch.com","2020-05-06 21:45:09","2020-05-05","2020-05-06","2021-05-05","1390","Mesh Digital Limited","whois.meshdigital.com","http://www.meshdigital.com","REDACTED FOR PRIVACY","Dr. Martin Riedler","REDACTED FOR PRIVACY","REDACTED FOR PRIVACY","unknown","REDACTED FOR PRIVACY","Austria","","REDACTED FOR PRIVACY","REDACTED FOR PRIVACY","","","","","","","","","","","","","","","","","","","","","","","","","","","","","","","ns1.hans.hosteurope.de","ns2.hans.hosteurope.de","","","OK","","",""
"25","coronasalez.com","2020-05-06 23:00:40","2020-05-05","2020-05-05","2021-05-05","146","GoDaddy.com, LLC","whois.godaddy.com","http://registrar.godaddy.com","","","","","Oberosterreich","","Austria","","","","","","","","","","","","","","","","","","","","","","","","","","","","","","","","","","ns77.domaincontrol.com","ns78.domaincontrol.com","","","clientDeleteProhibited","clientRenewProhibited","clientTransferProhibited","clientUpdateProhibited"
"26","cudaclothing.com","2020-05-06 23:15:26","2020-05-05","2020-05-05","2021-05-05","1390","Mesh Digital Limited","whois.meshdigital.com","http://www.meshdigital.com","REDACTED FOR PRIVACY","","REDACTED FOR PRIVACY","REDACTED FOR PRIVACY","unknown","REDACTED FOR PRIVACY","Austria","","REDACTED FOR PRIVACY","REDACTED FOR PRIVACY","","","","","","","","","","","","","","","","","","","","","","","","","","","","","","","ns1.hans.hosteurope.de","ns2.hans.hosteurope.de","","","OK","","",""
"27","der-outfitfinder.com","2020-05-06 20:26:12","2020-05-05","2020-05-05","2021-05-05","809","Ledl.net GmbH","whois.ledl.net","http://www.domaintechnik.at","Cooper Design e.U.","Cooper Design e.U.","","","","","Austria","","","","","","","","","","","","","","","","","","","","","","","","","","","","","","","","","","ns1.domaintechnik.at","ns2.domaintechnik.at","ns3.domaintechnik.at","ns4.domaintechnik.at","clientDeleteProhibited","clientTransferProhibited","",""
"28","die-outfitfinder.com","2020-05-06 21:40:39","2020-05-05","2020-05-05","2021-05-05","809","Ledl.net GmbH","whois.ledl.net","http://www.domaintechnik.at","Cooper Design e.U.","Cooper Design e.U.","","","","","Austria","","","","","","","","","","","","","","","","","","","","","","","","","","","","","","","","","","ns1.domaintechnik.at","ns2.domaintechnik.at","ns3.domaintechnik.at","ns4.domaintechnik.at","clientDeleteProhibited","clientTransferProhibited","",""
"29","direktvertriebsakademie.com","2020-05-06 20:36:13","2020-05-05","","2022-05-05","15","Corehub, S.R.L.","whois.corehub.net","http://www.corehub.net","Luna Trading GmbH","Luna Trading GmbH","","","","","Austria","","","","","","","","","","","","","","","","","","","","","","","","","","","","","","","","","","han.han-solo.net","leia.han-solo.net","","","OK","","",""
"30","diva-campus.com","2020-05-06 20:35:31","2020-05-05","","2022-05-05","15","Corehub, S.R.L.","whois.corehub.net","http://www.corehub.net","Luna Trading GmbH","Luna Trading GmbH","","","","","Austria","","","","","","","","","","","","","","","","","","","","","","","","","","","","","","","","","","han.han-solo.net","leia.han-solo.net","","","OK","","",""
"31","dohamay.com","2020-05-06 19:28:24","2020-05-05","2020-05-05","2021-05-05","146","GoDaddy.com, LLC","whois.godaddy.com","http://registrar.godaddy.com","","","","","Steiermark","","Austria","","","","","","","","","","","","","","","","","","","","","","","","","","","","","","","","","","ns77.domaincontrol.com","ns78.domaincontrol.com","","","clientDeleteProhibited","clientRenewProhibited","clientTransferProhibited","clientUpdateProhibited"
"32","dota2brabus.com","2020-05-06 22:59:03","2020-05-05","2020-05-05","2021-05-05","146","GoDaddy.com, LLC","whois.godaddy.com","http://registrar.godaddy.com","","","","","asdasd","","Austria","","","","","","","","","","","","","","","","","","","","","","","","","","","","","","","","","","bob.ns.cloudflare.com","carol.ns.cloudflare.com","","","clientDeleteProhibited","clientRenewProhibited","clientTransferProhibited","clientUpdateProhibited"
"33","dress-creator.com","2020-05-06 20:36:18","2020-05-05","2020-05-05","2021-05-05","1387","1API GmbH","whois.1api.net","http://www.1api.net","REDACTED FOR PRIVACY","REDACTED FOR PRIVACY","REDACTED FOR PRIVACY","REDACTED FOR PRIVACY","","REDACTED FOR PRIVACY","Austria","","REDACTED FOR PRIVACY","","REDACTED FOR PRIVACY","REDACTED FOR PRIVACY","REDACTED FOR PRIVACY","REDACTED FOR PRIVACY","REDACTED FOR PRIVACY","REDACTED FOR PRIVACY","REDACTED FOR PRIVACY","","REDACTED FOR PRIVACY","","REDACTED FOR PRIVACY","REDACTED FOR PRIVACY","REDACTED FOR PRIVACY","REDACTED FOR PRIVACY","REDACTED FOR PRIVACY","REDACTED FOR PRIVACY","REDACTED FOR PRIVACY","","REDACTED FOR PRIVACY","","","","","","","","","","","","ns1.hosttech.at","ns2.hosttech.at","ns3.hosttech.at","","clientTransferProhibited","","",""
"34","dubi-filter.com","2020-05-06 23:24:03","2020-05-05","2020-05-05","2021-05-05","1476","World4You Internet Services GmbH","whois.world4you.com","http://www.world4you.com","REDACTED FOR PRIVACY","dubi GmbH","REDACTED FOR PRIVACY","REDACTED FOR PRIVACY","AT","REDACTED FOR PRIVACY","Austria","","REDACTED FOR PRIVACY","REDACTED FOR PRIVACY","REDACTED FOR PRIVACY","REDACTED FOR PRIVACY","REDACTED FOR PRIVACY","REDACTED FOR PRIVACY","REDACTED FOR PRIVACY","REDACTED FOR PRIVACY","REDACTED FOR PRIVACY","","REDACTED FOR PRIVACY","REDACTED FOR PRIVACY","REDACTED FOR PRIVACY","REDACTED FOR PRIVACY","REDACTED FOR PRIVACY","REDACTED FOR PRIVACY","REDACTED FOR PRIVACY","REDACTED FOR PRIVACY","REDACTED FOR PRIVACY","","REDACTED FOR PRIVACY","REDACTED FOR PRIVACY","","","","","","","","","","","ns1.world4you.at","ns2.world4you.at","","","clientTransferProhibited","","",""
"35","dubi-filters.com","2020-05-06 23:22:23","2020-05-05","2020-05-05","2021-05-05","1476","World4You Internet Services GmbH","whois.world4you.com","http://www.world4you.com","REDACTED FOR PRIVACY","dubi GmbH","REDACTED FOR PRIVACY","REDACTED FOR PRIVACY","AT","REDACTED FOR PRIVACY","Austria","","REDACTED FOR PRIVACY","REDACTED FOR PRIVACY","REDACTED FOR PRIVACY","REDACTED FOR PRIVACY","REDACTED FOR PRIVACY","REDACTED FOR PRIVACY","REDACTED FOR PRIVACY","REDACTED FOR PRIVACY","REDACTED FOR PRIVACY","","REDACTED FOR PRIVACY","REDACTED FOR PRIVACY","REDACTED FOR PRIVACY","REDACTED FOR PRIVACY","REDACTED FOR PRIVACY","REDACTED FOR PRIVACY","REDACTED FOR PRIVACY","REDACTED FOR PRIVACY","REDACTED FOR PRIVACY","","REDACTED FOR PRIVACY","REDACTED FOR PRIVACY","","","","","","","","","","","ns1.world4you.at","ns2.world4you.at","","","clientTransferProhibited","","",""
"36","dubifilter.com","2020-05-06 23:22:33","2020-05-05","2020-05-05","2021-05-05","1476","World4You Internet Services GmbH","whois.world4you.com","http://www.world4you.com","REDACTED FOR PRIVACY","dubi GmbH","REDACTED FOR PRIVACY","REDACTED FOR PRIVACY","AT","REDACTED FOR PRIVACY","Austria","","REDACTED FOR PRIVACY","REDACTED FOR PRIVACY","REDACTED FOR PRIVACY","REDACTED FOR PRIVACY","REDACTED FOR PRIVACY","REDACTED FOR PRIVACY","REDACTED FOR PRIVACY","REDACTED FOR PRIVACY","REDACTED FOR PRIVACY","","REDACTED FOR PRIVACY","REDACTED FOR PRIVACY","REDACTED FOR PRIVACY","REDACTED FOR PRIVACY","REDACTED FOR PRIVACY","REDACTED FOR PRIVACY","REDACTED FOR PRIVACY","REDACTED FOR PRIVACY","REDACTED FOR PRIVACY","","REDACTED FOR PRIVACY","REDACTED FOR PRIVACY","","","","","","","","","","","ns1.world4you.at","ns2.world4you.at","","","clientTransferProhibited","","",""
"37","dubifilters.com","2020-05-06 23:33:58","2020-05-05","2020-05-05","2021-05-05","1476","World4You Internet Services GmbH","whois.world4you.com","http://www.world4you.com","REDACTED FOR PRIVACY","dubi GmbH","REDACTED FOR PRIVACY","REDACTED FOR PRIVACY","AT","REDACTED FOR PRIVACY","Austria","","REDACTED FOR PRIVACY","REDACTED FOR PRIVACY","REDACTED FOR PRIVACY","REDACTED FOR PRIVACY","REDACTED FOR PRIVACY","REDACTED FOR PRIVACY","REDACTED FOR PRIVACY","REDACTED FOR PRIVACY","REDACTED FOR PRIVACY","","REDACTED FOR PRIVACY","REDACTED FOR PRIVACY","REDACTED FOR PRIVACY","REDACTED FOR PRIVACY","REDACTED FOR PRIVACY","REDACTED FOR PRIVACY","REDACTED FOR PRIVACY","REDACTED FOR PRIVACY","REDACTED FOR PRIVACY","","REDACTED FOR PRIVACY","REDACTED FOR PRIVACY","","","","","","","","","","","ns1.world4you.at","ns2.world4you.at","","","clientTransferProhibited","","",""
"38","echtsein-lungau.com","2020-05-06 20:31:00","2020-05-05","2020-05-06","2021-05-05","69","Tucows Domains Inc.","whois.tucows.com","http://domainhelp.opensrs.net","REDACTED FOR PRIVACY","REDACTED FOR PRIVACY","REDACTED FOR PRIVACY","REDACTED FOR PRIVACY","Austria","REDACTED FOR PRIVACY","Austria","","REDACTED FOR PRIVACY","REDACTED FOR PRIVACY","REDACTED FOR PRIVACY","REDACTED FOR PRIVACY","REDACTED FOR PRIVACY","REDACTED FOR PRIVACY","REDACTED FOR PRIVACY","REDACTED FOR PRIVACY","REDACTED FOR PRIVACY","","REDACTED FOR PRIVACY","REDACTED FOR PRIVACY","REDACTED FOR PRIVACY","REDACTED FOR PRIVACY","REDACTED FOR PRIVACY","REDACTED FOR PRIVACY","REDACTED FOR PRIVACY","REDACTED FOR PRIVACY","REDACTED FOR PRIVACY","","REDACTED FOR PRIVACY","REDACTED FOR PRIVACY","","","","","","","","","","","ns1.emerion.com","ns2.emerion.com","","","clientTransferProhibited","clientUpdateProhibited","",""
"39","elferhelden.com","2020-05-06 23:24:02","2020-05-05","2020-05-05","2021-05-05","1476","World4You Internet Services GmbH","whois.world4you.com","http://www.world4you.com","REDACTED FOR PRIVACY","Meiche GmbH","REDACTED FOR PRIVACY","REDACTED FOR PRIVACY","AT","REDACTED FOR PRIVACY","Austria","","REDACTED FOR PRIVACY","REDACTED FOR PRIVACY","REDACTED FOR PRIVACY","REDACTED FOR PRIVACY","REDACTED FOR PRIVACY","REDACTED FOR PRIVACY","REDACTED FOR PRIVACY","REDACTED FOR PRIVACY","REDACTED FOR PRIVACY","","REDACTED FOR PRIVACY","REDACTED FOR PRIVACY","REDACTED FOR PRIVACY","REDACTED FOR PRIVACY","REDACTED FOR PRIVACY","REDACTED FOR PRIVACY","REDACTED FOR PRIVACY","REDACTED FOR PRIVACY","REDACTED FOR PRIVACY","","REDACTED FOR PRIVACY","REDACTED FOR PRIVACY","","","","","","","","","","","ns1.world4you.at","ns2.world4you.at","","","clientTransferProhibited","","",""
"40","empower-your-light.com","2020-05-06 23:15:09","2020-05-05","2020-05-05","2021-05-05","1476","World4You Internet Services GmbH","whois.world4you.com","http://www.world4you.com","REDACTED FOR PRIVACY","","REDACTED FOR PRIVACY","REDACTED FOR PRIVACY","AT","REDACTED FOR PRIVACY","Austria","","REDACTED FOR PRIVACY","REDACTED FOR PRIVACY","REDACTED FOR PRIVACY","REDACTED FOR PRIVACY","REDACTED FOR PRIVACY","REDACTED FOR PRIVACY","REDACTED FOR PRIVACY","REDACTED FOR PRIVACY","REDACTED FOR PRIVACY","","REDACTED FOR PRIVACY","REDACTED FOR PRIVACY","REDACTED FOR PRIVACY","REDACTED FOR PRIVACY","REDACTED FOR PRIVACY","REDACTED FOR PRIVACY","REDACTED FOR PRIVACY","REDACTED FOR PRIVACY","REDACTED FOR PRIVACY","","REDACTED FOR PRIVACY","REDACTED FOR PRIVACY","","","","","","","","","","","ns1.world4you.at","ns2.world4you.at","","","clientTransferProhibited","","",""
"41","ethicsandesthetics.com","2020-05-06 20:38:32","2020-05-04","2020-05-04","2021-05-04","151","PSI-USA, Inc. dba Domain Robot","whois.psi-usa.info","http://www.psi-usa.info","REDACTED FOR PRIVACY","","REDACTED FOR PRIVACY","REDACTED FOR PRIVACY","AT","REDACTED FOR PRIVACY","Austria","","REDACTED FOR PRIVACY","REDACTED FOR PRIVACY","REDACTED FOR PRIVACY","REDACTED FOR PRIVACY","REDACTED FOR PRIVACY","REDACTED FOR PRIVACY","REDACTED FOR PRIVACY","REDACTED FOR PRIVACY","REDACTED FOR PRIVACY","","REDACTED FOR PRIVACY","REDACTED FOR PRIVACY","REDACTED FOR PRIVACY","REDACTED FOR PRIVACY","REDACTED FOR PRIVACY","REDACTED FOR PRIVACY","REDACTED FOR PRIVACY","REDACTED FOR PRIVACY","REDACTED FOR PRIVACY","","REDACTED FOR PRIVACY","REDACTED FOR PRIVACY","","","","","","","","","","","ns1.webgo.de","ns2.webgo.de","ns3.webgo.de","ns4.webgo.de","clientTransferProhibited","","",""
"42","ethpimp.com","2020-05-07 00:29:06","2020-05-05","2020-05-05","2021-05-05","146","GoDaddy.com, LLC","whois.godaddy.com","http://registrar.godaddy.com","ETHPM","ETHPM","","","Wien","","Austria","","","","","","","","","","","","","","","","","","","","","","","","","","","","","","","","","","ns1.ds1049.tmddedicated.eu","ns2.ds1049.tmddedicated.eu","","","clientDeleteProhibited","clientRenewProhibited","clientTransferProhibited","clientUpdateProhibited"
"43","figuren-akrobat.com","2020-05-06 23:25:20","2020-05-05","2020-05-05","2021-05-05","151","PSI-USA, Inc. dba Domain Robot","whois.psi-usa.info","http://www.psi-usa.info","REDACTED FOR PRIVACY","","REDACTED FOR PRIVACY","REDACTED FOR PRIVACY","AT","REDACTED FOR PRIVACY","Austria","","REDACTED FOR PRIVACY","REDACTED FOR PRIVACY","REDACTED FOR PRIVACY","REDACTED FOR PRIVACY","REDACTED FOR PRIVACY","REDACTED FOR PRIVACY","REDACTED FOR PRIVACY","REDACTED FOR PRIVACY","REDACTED FOR PRIVACY","","REDACTED FOR PRIVACY","REDACTED FOR PRIVACY","REDACTED FOR PRIVACY","REDACTED FOR PRIVACY","REDACTED FOR PRIVACY","REDACTED FOR PRIVACY","REDACTED FOR PRIVACY","REDACTED FOR PRIVACY","REDACTED FOR PRIVACY","","REDACTED FOR PRIVACY","REDACTED FOR PRIVACY","","","","","","","","","","","ns1.webgo.de","ns2.webgo.de","ns3.webgo.de","ns4.webgo.de","clientTransferProhibited","","",""
"44","fincadelsol-agroprojects.com","2020-05-06 23:22:20","2020-05-05","2020-05-05","2021-05-05","1476","World4You Internet Services GmbH","whois.world4you.com","http://www.world4you.com","REDACTED FOR PRIVACY","Sonnenhof e.U.","REDACTED FOR PRIVACY","REDACTED FOR PRIVACY","AT","REDACTED FOR PRIVACY","Austria","","REDACTED FOR PRIVACY","REDACTED FOR PRIVACY","REDACTED FOR PRIVACY","REDACTED FOR PRIVACY","REDACTED FOR PRIVACY","REDACTED FOR PRIVACY","REDACTED FOR PRIVACY","REDACTED FOR PRIVACY","REDACTED FOR PRIVACY","","REDACTED FOR PRIVACY","REDACTED FOR PRIVACY","REDACTED FOR PRIVACY","REDACTED FOR PRIVACY","REDACTED FOR PRIVACY","REDACTED FOR PRIVACY","REDACTED FOR PRIVACY","REDACTED FOR PRIVACY","REDACTED FOR PRIVACY","","REDACTED FOR PRIVACY","REDACTED FOR PRIVACY","","","","","","","","","","","ns1.world4you.at","ns2.world4you.at","","","clientTransferProhibited","","",""
"45","fitmitkarin.com","2020-05-06 20:20:53","2020-05-05","2020-05-05","2021-05-05","1443","Vautron Rechenzentrum AG","whois.antagus.de","http://www.vautron.de","","","","","","","Austria","cm9wjgnwu8@domprivacy.de","","","","","","","","","","cm9wjgnwu8@domprivacy.de","","","","","","","","","","c6rgm484b5@domprivacy.de","","","","","","","","","","","","","ns1.isphttp-dns.de","ns2.isphttp-dns.de","","","OK","","",""
"46","fm-holding.com","2020-05-06 22:17:31","2020-05-05","2020-05-05","2021-05-05","1239","CPS-Datensysteme GmbH","whois.cps-datensysteme.de","http://www.cps-datensysteme.de","REDACTED FOR PRIVACY","REDACTED FOR PRIVACY","REDACTED FOR PRIVACY","REDACTED FOR PRIVACY","Steiermark","REDACTED FOR PRIVACY","Austria","","REDACTED FOR PRIVACY","REDACTED FOR PRIVACY","REDACTED FOR PRIVACY","REDACTED FOR PRIVACY","REDACTED FOR PRIVACY","REDACTED FOR PRIVACY","Steiermark","REDACTED FOR PRIVACY","Austria","","REDACTED FOR PRIVACY","REDACTED FOR PRIVACY","REDACTED FOR PRIVACY","REDACTED FOR PRIVACY","REDACTED FOR PRIVACY","REDACTED FOR PRIVACY","Baden-Wuerttemberg","REDACTED FOR PRIVACY","Germany","","REDACTED FOR PRIVACY","REDACTED FOR PRIVACY","","","","","","","","","","","nsv0.nitrado.net","nsv2.nitrado.de","","","clientTransferLock","ok","serverTransferLockPeriod",""
"47","franks.partners","2020-05-06 19:10:41","2020-05-04","2020-05-04","2021-05-04","151","PSI-USA, Inc. dba Domain Robot","whois.psi-usa.info","http://www.psi-usa.info","REDACTED FOR PRIVACY","","REDACTED FOR PRIVACY","REDACTED FOR PRIVACY","AT","REDACTED FOR PRIVACY","Austria","","REDACTED FOR PRIVACY","REDACTED FOR PRIVACY","","","","","","","","","","","","","","","","","","","","","","","","","","","","","","","","","","","addPeriod","clientTransferProhibited","",""
"48","frequencyforyou.com","2020-05-06 22:33:41","2020-05-05","2020-05-05","2021-05-05","48","eNom, Inc.","whois.enom.com","http://www.enom.com","REDACTED FOR PRIVACY","REDACTED FOR PRIVACY","REDACTED FOR PRIVACY","REDACTED FOR PRIVACY","Wien","REDACTED FOR PRIVACY","Austria","","REDACTED FOR PRIVACY","REDACTED FOR PRIVACY","REDACTED FOR PRIVACY","REDACTED FOR PRIVACY","REDACTED FOR PRIVACY","REDACTED FOR PRIVACY","REDACTED FOR PRIVACY","REDACTED FOR PRIVACY","REDACTED FOR PRIVACY","","REDACTED FOR PRIVACY","REDACTED FOR PRIVACY","REDACTED FOR PRIVACY","REDACTED FOR PRIVACY","REDACTED FOR PRIVACY","REDACTED FOR PRIVACY","REDACTED FOR PRIVACY","REDACTED FOR PRIVACY","REDACTED FOR PRIVACY","","REDACTED FOR PRIVACY","REDACTED FOR PRIVACY","","","","","","","","","","","ns1.crossip.net","ns2.crossip.net","ns3.crossip.net","","addPeriod","ok","",""
"49","futtersparnetz.com","2020-05-06 20:35:33","2020-05-05","2020-05-06","2021-05-05","1390","Mesh Digital Limited","whois.meshdigital.com","http://www.meshdigital.com","REDACTED FOR PRIVACY","","REDACTED FOR PRIVACY","REDACTED FOR PRIVACY","","REDACTED FOR PRIVACY","Austria","","REDACTED FOR PRIVACY","REDACTED FOR PRIVACY","","","","","","","","","","","","","","","","","","","","","","","","","","","","","","","ns.namespace4you.com","ns2.namespace4you.com","","","clientDeleteProhibited","clientTransferProhibited","clientUpdateProhibited",""
"50","getyourgadget.net","2020-05-06 19:02:46","2020-05-05","2020-05-06","2021-05-05","1476","World4You Internet Services GmbH","whois.world4you.com","http://www.world4you.com","REDACTED FOR PRIVACY","","REDACTED FOR PRIVACY","REDACTED FOR PRIVACY","AT","REDACTED FOR PRIVACY","Austria","","REDACTED FOR PRIVACY","REDACTED FOR PRIVACY","REDACTED FOR PRIVACY","REDACTED FOR PRIVACY","REDACTED FOR PRIVACY","REDACTED FOR PRIVACY","REDACTED FOR PRIVACY","REDACTED FOR PRIVACY","REDACTED FOR PRIVACY","","REDACTED FOR PRIVACY","REDACTED FOR PRIVACY","REDACTED FOR PRIVACY","REDACTED FOR PRIVACY","REDACTED FOR PRIVACY","REDACTED FOR PRIVACY","REDACTED FOR PRIVACY","REDACTED FOR PRIVACY","REDACTED FOR PRIVACY","","REDACTED FOR PRIVACY","REDACTED FOR PRIVACY","","","","","","","","","","","ns1.world4you.at","ns2.world4you.at","","","clientTransferProhibited","","",""
"51","glocknerdolomiten.com","2020-05-06 22:25:28","2020-05-05","2020-05-05","2021-05-05","1476","World4You Internet Services GmbH","whois.world4you.com","http://www.world4you.com","REDACTED FOR PRIVACY","Haidenhof e.U.","REDACTED FOR PRIVACY","REDACTED FOR PRIVACY","AT","REDACTED FOR PRIVACY","Austria","","REDACTED FOR PRIVACY","REDACTED FOR PRIVACY","REDACTED FOR PRIVACY","REDACTED FOR PRIVACY","REDACTED FOR PRIVACY","REDACTED FOR PRIVACY","REDACTED FOR PRIVACY","REDACTED FOR PRIVACY","REDACTED FOR PRIVACY","","REDACTED FOR PRIVACY","REDACTED FOR PRIVACY","REDACTED FOR PRIVACY","REDACTED FOR PRIVACY","REDACTED FOR PRIVACY","REDACTED FOR PRIVACY","REDACTED FOR PRIVACY","REDACTED FOR PRIVACY","REDACTED FOR PRIVACY","","REDACTED FOR PRIVACY","REDACTED FOR PRIVACY","","","","","","","","","","","ns1.world4you.at","ns2.world4you.at","","","clientTransferProhibited","","",""
"52","glovebagz.com","2020-05-06 22:30:22","2020-05-05","2020-05-05","2021-05-05","146","GoDaddy.com, LLC","whois.godaddy.com","http://registrar.godaddy.com","","","","","Wien","","Austria","","","","","","","","","","","","","","","","","","","","","","","","","","","","","","","","","","ns49.domaincontrol.com","ns50.domaincontrol.com","","","clientDeleteProhibited","clientRenewProhibited","clientTransferProhibited","clientUpdateProhibited"
"53","hammer-baumpflege.com","2020-05-06 20:43:11","2020-05-04","2020-05-04","2021-05-04","1390","Mesh Digital Limited","whois.meshdigital.com","http://www.meshdigital.com","REDACTED FOR PRIVACY","","REDACTED FOR PRIVACY","REDACTED FOR PRIVACY","","REDACTED FOR PRIVACY","Austria","","REDACTED FOR PRIVACY","REDACTED FOR PRIVACY","","","","","","","","","","","","","","","","","","","","","","","","","","","","","","","ns.namespace4you.com","ns2.namespace4you.com","","","clientDeleteProhibited","clientTransferProhibited","clientUpdateProhibited",""
"54","hannes-schneebauer.com","2020-05-06 22:40:32","2020-05-05","2020-05-05","2021-05-05","141","Cronon AG","whois.cronon.net","http://www.cronon.net","","","","","","","Austria","domaincontact@reg.xlink.net","","","","","","","","","","","","","","","","","","","","","","","","","","","","","","","","","docks19.rzone.de","shades19.rzone.de","","","OK","","",""
"55","healthy4cells.com","2020-05-06 22:40:23","2020-05-05","2020-05-05","2021-05-05","48","eNom, Inc.","whois.enom.com","http://www.enom.com","REDACTED FOR PRIVACY","REDACTED FOR PRIVACY","REDACTED FOR PRIVACY","REDACTED FOR PRIVACY","Wien","REDACTED FOR PRIVACY","Austria","","REDACTED FOR PRIVACY","REDACTED FOR PRIVACY","REDACTED FOR PRIVACY","REDACTED FOR PRIVACY","REDACTED FOR PRIVACY","REDACTED FOR PRIVACY","REDACTED FOR PRIVACY","REDACTED FOR PRIVACY","REDACTED FOR PRIVACY","","REDACTED FOR PRIVACY","REDACTED FOR PRIVACY","REDACTED FOR PRIVACY","REDACTED FOR PRIVACY","REDACTED FOR PRIVACY","REDACTED FOR PRIVACY","REDACTED FOR PRIVACY","REDACTED FOR PRIVACY","REDACTED FOR PRIVACY","","REDACTED FOR PRIVACY","REDACTED FOR PRIVACY","","","","","","","","","","","ns1.crossip.net","ns2.crossip.net","ns3.crossip.net","","addPeriod","ok","",""
"56","heygertrude.com","2020-05-06 21:28:58","2020-05-04","2020-05-04","2021-05-04","146","GoDaddy.com, LLC","whois.godaddy.com","http://registrar.godaddy.com","","","","","Wien","","Austria","","","","","","","","","","","","","","","","","","","","","","","","","","","","","","","","","","ns1.linevast.com","ns2.linevast.com","ns3.linevast.com","","clientDeleteProhibited","clientRenewProhibited","clientTransferProhibited","clientUpdateProhibited"
"57","hotel-erla.com","2020-05-06 23:44:20","2020-05-05","2020-05-05","2021-05-05","1476","World4You Internet Services GmbH","whois.world4you.com","http://www.world4you.com","REDACTED FOR PRIVACY","Erla GmbH","REDACTED FOR PRIVACY","REDACTED FOR PRIVACY","AT","REDACTED FOR PRIVACY","Austria","","REDACTED FOR PRIVACY","REDACTED FOR PRIVACY","REDACTED FOR PRIVACY","REDACTED FOR PRIVACY","REDACTED FOR PRIVACY","REDACTED FOR PRIVACY","REDACTED FOR PRIVACY","REDACTED FOR PRIVACY","REDACTED FOR PRIVACY","","REDACTED FOR PRIVACY","REDACTED FOR PRIVACY","REDACTED FOR PRIVACY","REDACTED FOR PRIVACY","REDACTED FOR PRIVACY","REDACTED FOR PRIVACY","REDACTED FOR PRIVACY","REDACTED FOR PRIVACY","REDACTED FOR PRIVACY","","REDACTED FOR PRIVACY","REDACTED FOR PRIVACY","","","","","","","","","","","ns1045.ui-dns.biz","ns1045.ui-dns.com","ns1045.ui-dns.de","ns1045.ui-dns.org","clientTransferProhibited","","",""
"58","ihreproblemehaettenwirgerne.com","2020-05-06 23:40:04","2020-05-05","2020-05-05","2021-05-05","625","Name.com, Inc.","whois.name.com","http://www.name.com","Non-Public Data","","Non-Public Data","Non-Public Data","","00000","Austria","","+00.0000000","","Non-Public Data","Non-Public Data","Non-Public Data","Non-Public Data","Non-Public Data","00000","","","+00.0000000","","Non-Public Data","Non-Public Data","Non-Public Data","Non-Public Data","Non-Public Data","00000","","","+00.0000000","","","","","","","","","","","","ns11.jimdo.com","ns12.jimdo.com","","","addPeriod","clientTransferProhibited","",""
"59","immobilien-huemer.com","2020-05-06 23:24:02","2020-05-05","2020-05-05","2021-05-05","1476","World4You Internet Services GmbH","whois.world4you.com","http://www.world4you.com","REDACTED FOR PRIVACY","Immobilien Huemer","REDACTED FOR PRIVACY","REDACTED FOR PRIVACY","AT","REDACTED FOR PRIVACY","Austria","","REDACTED FOR PRIVACY","REDACTED FOR PRIVACY","REDACTED FOR PRIVACY","REDACTED FOR PRIVACY","REDACTED FOR PRIVACY","REDACTED FOR PRIVACY","REDACTED FOR PRIVACY","REDACTED FOR PRIVACY","REDACTED FOR PRIVACY","","REDACTED FOR PRIVACY","REDACTED FOR PRIVACY","REDACTED FOR PRIVACY","REDACTED FOR PRIVACY","REDACTED FOR PRIVACY","REDACTED FOR PRIVACY","REDACTED FOR PRIVACY","REDACTED FOR PRIVACY","REDACTED FOR PRIVACY","","REDACTED FOR PRIVACY","REDACTED FOR PRIVACY","","","","","","","","","","","ns1.world4you.at","ns2.world4you.at","","","clientTransferProhibited","","",""
"60","justpreset.com","2020-05-06 22:12:04","2020-05-04","2020-05-04","2021-05-04","146","GoDaddy.com, LLC","whois.godaddy.com","http://registrar.godaddy.com","","","","","Wien","","Austria","","","","","","","","","","","","","","","","","","","","","","","","","","","","","","","","","","ns1.linevast.com","ns2.linevast.com","ns3.linevast.com","","clientDeleteProhibited","clientRenewProhibited","clientTransferProhibited","clientUpdateProhibited"
"61","kathirunda.com","2020-05-06 23:26:45","2020-05-05","2020-05-05","2021-05-05","1476","World4You Internet Services GmbH","whois.world4you.com","http://www.world4you.com","REDACTED FOR PRIVACY","","REDACTED FOR PRIVACY","REDACTED FOR PRIVACY","AT","REDACTED FOR PRIVACY","Austria","","REDACTED FOR PRIVACY","REDACTED FOR PRIVACY","REDACTED FOR PRIVACY","REDACTED FOR PRIVACY","REDACTED FOR PRIVACY","REDACTED FOR PRIVACY","REDACTED FOR PRIVACY","REDACTED FOR PRIVACY","REDACTED FOR PRIVACY","","REDACTED FOR PRIVACY","REDACTED FOR PRIVACY","REDACTED FOR PRIVACY","REDACTED FOR PRIVACY","REDACTED FOR PRIVACY","REDACTED FOR PRIVACY","REDACTED FOR PRIVACY","REDACTED FOR PRIVACY","REDACTED FOR PRIVACY","","REDACTED FOR PRIVACY","REDACTED FOR PRIVACY","","","","","","","","","","","ns1.world4you.at","ns2.world4you.at","","","clientTransferProhibited","","",""
"62","knoedeluniversum.com","2020-05-06 23:19:23","2020-05-05","2020-05-05","2021-05-05","1476","World4You Internet Services GmbH","whois.world4you.com","http://www.world4you.com","REDACTED FOR PRIVACY","Schaad Fotografie","REDACTED FOR PRIVACY","REDACTED FOR PRIVACY","AT","REDACTED FOR PRIVACY","Austria","","REDACTED FOR PRIVACY","REDACTED FOR PRIVACY","REDACTED FOR PRIVACY","REDACTED FOR PRIVACY","REDACTED FOR PRIVACY","REDACTED FOR PRIVACY","REDACTED FOR PRIVACY","REDACTED FOR PRIVACY","REDACTED FOR PRIVACY","","REDACTED FOR PRIVACY","REDACTED FOR PRIVACY","REDACTED FOR PRIVACY","REDACTED FOR PRIVACY","REDACTED FOR PRIVACY","REDACTED FOR PRIVACY","REDACTED FOR PRIVACY","REDACTED FOR PRIVACY","REDACTED FOR PRIVACY","","REDACTED FOR PRIVACY","REDACTED FOR PRIVACY","","","","","","","","","","","ns1.world4you.at","ns2.world4you.at","","","clientTransferProhibited","","",""
"63","knoedelversum.com","2020-05-06 23:23:56","2020-05-05","2020-05-05","2021-05-05","1476","World4You Internet Services GmbH","whois.world4you.com","http://www.world4you.com","REDACTED FOR PRIVACY","Schaad Fotografie","REDACTED FOR PRIVACY","REDACTED FOR PRIVACY","AT","REDACTED FOR PRIVACY","Austria","","REDACTED FOR PRIVACY","REDACTED FOR PRIVACY","REDACTED FOR PRIVACY","REDACTED FOR PRIVACY","REDACTED FOR PRIVACY","REDACTED FOR PRIVACY","REDACTED FOR PRIVACY","REDACTED FOR PRIVACY","REDACTED FOR PRIVACY","","REDACTED FOR PRIVACY","REDACTED FOR PRIVACY","REDACTED FOR PRIVACY","REDACTED FOR PRIVACY","REDACTED FOR PRIVACY","REDACTED FOR PRIVACY","REDACTED FOR PRIVACY","REDACTED FOR PRIVACY","REDACTED FOR PRIVACY","","REDACTED FOR PRIVACY","REDACTED FOR PRIVACY","","","","","","","","","","","ns1.world4you.at","ns2.world4you.at","","","clientTransferProhibited","","",""
"64","krone.reise","2020-05-06 19:09:21","2020-05-04","2020-05-04","2021-05-04","1345","Key-Systems, LLC","whois.nic.uk","http://www.key-systems.net/","REDACTED FOR PRIVACY","","REDACTED FOR PRIVACY","REDACTED FOR PRIVACY","","REDACTED FOR PRIVACY","Austria","","REDACTED FOR PRIVACY","REDACTED FOR PRIVACY","REDACTED FOR PRIVACY","REDACTED FOR PRIVACY","REDACTED FOR PRIVACY","REDACTED FOR PRIVACY","REDACTED FOR PRIVACY","REDACTED FOR PRIVACY","REDACTED FOR PRIVACY","","REDACTED FOR PRIVACY","REDACTED FOR PRIVACY","REDACTED FOR PRIVACY","REDACTED FOR PRIVACY","REDACTED FOR PRIVACY","REDACTED FOR PRIVACY","REDACTED FOR PRIVACY","REDACTED FOR PRIVACY","REDACTED FOR PRIVACY","","REDACTED FOR PRIVACY","REDACTED FOR PRIVACY","","","","","","","","","","","a.isp-nameserver.de","b.isp-nameserver.de","c.isp-nameserver.de","","addPeriod","","",""
"65","kthe-design.com","2020-05-06 20:39:39","2020-05-04","2020-05-04","2021-05-04","1476","World4You Internet Services GmbH","whois.world4you.com","http://www.world4you.com","REDACTED FOR PRIVACY","Kobza and the Hungry Eyes GmbH","REDACTED FOR PRIVACY","REDACTED FOR PRIVACY","AT","REDACTED FOR PRIVACY","Austria","","REDACTED FOR PRIVACY","REDACTED FOR PRIVACY","REDACTED FOR PRIVACY","REDACTED FOR PRIVACY","REDACTED FOR PRIVACY","REDACTED FOR PRIVACY","REDACTED FOR PRIVACY","REDACTED FOR PRIVACY","REDACTED FOR PRIVACY","","REDACTED FOR PRIVACY","REDACTED FOR PRIVACY","REDACTED FOR PRIVACY","REDACTED FOR PRIVACY","REDACTED FOR PRIVACY","REDACTED FOR PRIVACY","REDACTED FOR PRIVACY","REDACTED FOR PRIVACY","REDACTED FOR PRIVACY","","REDACTED FOR PRIVACY","REDACTED FOR PRIVACY","","","","","","","","","","","ns1.world4you.at","ns2.world4you.at","","","clientTransferProhibited","","",""
"66","leon-vierlinger.com","2020-05-06 23:08:07","2020-05-05","2020-05-05","2022-05-05","146","GoDaddy.com, LLC","whois.godaddy.com","http://registrar.godaddy.com","","","","","Wien","","Austria","","","","","","","","","","","","","","","","","","","","","","","","","","","","","","","","","","ns59.domaincontrol.com","ns60.domaincontrol.com","","","clientDeleteProhibited","clientRenewProhibited","clientTransferProhibited","clientUpdateProhibited"
"67","lese-ecke.com","2020-05-06 23:33:58","2020-05-05","2020-05-05","2021-05-05","1476","World4You Internet Services GmbH","whois.world4you.com","http://www.world4you.com","REDACTED FOR PRIVACY","Trainingstoene e.U.","REDACTED FOR PRIVACY","REDACTED FOR PRIVACY","AT","REDACTED FOR PRIVACY","Austria","","REDACTED FOR PRIVACY","REDACTED FOR PRIVACY","REDACTED FOR PRIVACY","REDACTED FOR PRIVACY","REDACTED FOR PRIVACY","REDACTED FOR PRIVACY","REDACTED FOR PRIVACY","REDACTED FOR PRIVACY","REDACTED FOR PRIVACY","","REDACTED FOR PRIVACY","REDACTED FOR PRIVACY","REDACTED FOR PRIVACY","REDACTED FOR PRIVACY","REDACTED FOR PRIVACY","REDACTED FOR PRIVACY","REDACTED FOR PRIVACY","REDACTED FOR PRIVACY","REDACTED FOR PRIVACY","","REDACTED FOR PRIVACY","REDACTED FOR PRIVACY","","","","","","","","","","","ns1.world4you.at","ns2.world4you.at","","","clientTransferProhibited","","",""
"68","loeffler-consulting.com","2020-05-06 23:27:01","2020-05-05","2020-05-05","2021-05-05","69","Tucows Domains Inc.","whois.tucows.com","http://domainhelp.opensrs.net","REDACTED FOR PRIVACY","REDACTED FOR PRIVACY","REDACTED FOR PRIVACY","REDACTED FOR PRIVACY","AT","REDACTED FOR PRIVACY","Austria","","REDACTED FOR PRIVACY","REDACTED FOR PRIVACY","REDACTED FOR PRIVACY","REDACTED FOR PRIVACY","REDACTED FOR PRIVACY","REDACTED FOR PRIVACY","REDACTED FOR PRIVACY","REDACTED FOR PRIVACY","REDACTED FOR PRIVACY","","REDACTED FOR PRIVACY","REDACTED FOR PRIVACY","REDACTED FOR PRIVACY","REDACTED FOR PRIVACY","REDACTED FOR PRIVACY","REDACTED FOR PRIVACY","REDACTED FOR PRIVACY","REDACTED FOR PRIVACY","REDACTED FOR PRIVACY","","REDACTED FOR PRIVACY","REDACTED FOR PRIVACY","","","","","","","","","","","ns1.sprit.org","ns2.sprit.org","","","clientTransferProhibited","clientUpdateProhibited","",""
"69","markusfuerlinger.com","2020-05-06 23:09:03","2020-05-05","2020-05-05","2021-05-05","1476","World4You Internet Services GmbH","whois.world4you.com","http://www.world4you.com","REDACTED FOR PRIVACY","Markus Fuerlinger e.U.","REDACTED FOR PRIVACY","REDACTED FOR PRIVACY","AT","REDACTED FOR PRIVACY","Austria","","REDACTED FOR PRIVACY","REDACTED FOR PRIVACY","REDACTED FOR PRIVACY","REDACTED FOR PRIVACY","REDACTED FOR PRIVACY","REDACTED FOR PRIVACY","REDACTED FOR PRIVACY","REDACTED FOR PRIVACY","REDACTED FOR PRIVACY","","REDACTED FOR PRIVACY","REDACTED FOR PRIVACY","REDACTED FOR PRIVACY","REDACTED FOR PRIVACY","REDACTED FOR PRIVACY","REDACTED FOR PRIVACY","REDACTED FOR PRIVACY","REDACTED FOR PRIVACY","REDACTED FOR PRIVACY","","REDACTED FOR PRIVACY","REDACTED FOR PRIVACY","","","","","","","","","","","ns1.world4you.at","ns2.world4you.at","","","clientTransferProhibited","","",""
"70","medi-shop.care","2020-05-06 18:58:33","2020-05-04","2020-05-04","2021-05-04","151","PSI-USA, Inc. dba Domain Robot","whois.psi-usa.info","http://www.psi-usa.info","REDACTED FOR PRIVACY","florianmatthias OG","REDACTED FOR PRIVACY","REDACTED FOR PRIVACY","AT","REDACTED FOR PRIVACY","Austria","","REDACTED FOR PRIVACY","REDACTED FOR PRIVACY","","","","","","","","","","","","","","","","","","","","","","","","","","","","","","","","","","","addPeriod","clientTransferProhibited","",""
"71","medishop.care","2020-05-06 18:58:33","2020-05-04","2020-05-04","2021-05-04","151","PSI-USA, Inc. dba Domain Robot","whois.psi-usa.info","http://www.psi-usa.info","REDACTED FOR PRIVACY","florianmatthias OG","REDACTED FOR PRIVACY","REDACTED FOR PRIVACY","AT","REDACTED FOR PRIVACY","Austria","","REDACTED FOR PRIVACY","REDACTED FOR PRIVACY","","","","","","","","","","","","","","","","","","","","","","","","","","","","","","","","","","","addPeriod","clientTransferProhibited","",""
"72","meistandl.com","2020-05-07 00:53:42","2020-05-04","2020-05-04","2021-05-04","625","Name.com, Inc.","whois.name.com","http://www.name.com","Non-Public Data","meistandl","Non-Public Data","Non-Public Data","","00000","Austria","","+00.0000000","","Non-Public Data","Non-Public Data","Non-Public Data","Non-Public Data","Non-Public Data","00000","","","+00.0000000","","Non-Public Data","Non-Public Data","Non-Public Data","Non-Public Data","Non-Public Data","00000","","","+00.0000000","","","","","","","","","","","","ns11.jimdo.com","ns12.jimdo.com","","","addPeriod","clientTransferProhibited","",""
"73","merhabafm.com","2020-05-06 23:32:30","2020-05-05","2020-05-05","2021-05-05","1390","Mesh Digital Limited","whois.meshdigital.com","http://www.meshdigital.com","REDACTED FOR PRIVACY","","REDACTED FOR PRIVACY","REDACTED FOR PRIVACY","","REDACTED FOR PRIVACY","Austria","","REDACTED FOR PRIVACY","REDACTED FOR PRIVACY","","","","","","","","","","","","","","","","","","","","","","","","","","","","","","","ns.namespace4you.com","ns2.namespace4you.com","","","clientDeleteProhibited","clientTransferProhibited","clientUpdateProhibited",""
"74","mfuerlinger.com","2020-05-06 23:08:06","2020-05-05","2020-05-05","2021-05-05","1476","World4You Internet Services GmbH","whois.world4you.com","http://www.world4you.com","REDACTED FOR PRIVACY","Markus Fuerlinger e.U.","REDACTED FOR PRIVACY","REDACTED FOR PRIVACY","AT","REDACTED FOR PRIVACY","Austria","","REDACTED FOR PRIVACY","REDACTED FOR PRIVACY","REDACTED FOR PRIVACY","REDACTED FOR PRIVACY","REDACTED FOR PRIVACY","REDACTED FOR PRIVACY","REDACTED FOR PRIVACY","REDACTED FOR PRIVACY","REDACTED FOR PRIVACY","","REDACTED FOR PRIVACY","REDACTED FOR PRIVACY","REDACTED FOR PRIVACY","REDACTED FOR PRIVACY","REDACTED FOR PRIVACY","REDACTED FOR PRIVACY","REDACTED FOR PRIVACY","REDACTED FOR PRIVACY","REDACTED FOR PRIVACY","","REDACTED FOR PRIVACY","REDACTED FOR PRIVACY","","","","","","","","","","","ns1.world4you.at","ns2.world4you.at","","","clientTransferProhibited","","",""
"75","montessori-praxisforum.com","2020-05-06 22:50:33","2020-05-05","2020-05-05","2021-05-05","151","PSI-USA, Inc. dba Domain Robot","whois.psi-usa.info","http://www.psi-usa.info","REDACTED FOR PRIVACY","Praxisforum","REDACTED FOR PRIVACY","REDACTED FOR PRIVACY","Osterreich","REDACTED FOR PRIVACY","Austria","","REDACTED FOR PRIVACY","REDACTED FOR PRIVACY","REDACTED FOR PRIVACY","REDACTED FOR PRIVACY","REDACTED FOR PRIVACY","REDACTED FOR PRIVACY","REDACTED FOR PRIVACY","REDACTED FOR PRIVACY","REDACTED FOR PRIVACY","","REDACTED FOR PRIVACY","REDACTED FOR PRIVACY","REDACTED FOR PRIVACY","REDACTED FOR PRIVACY","REDACTED FOR PRIVACY","REDACTED FOR PRIVACY","REDACTED FOR PRIVACY","REDACTED FOR PRIVACY","REDACTED FOR PRIVACY","","REDACTED FOR PRIVACY","REDACTED FOR PRIVACY","","","","","","","","","","","dns1.msdata.at","dns2.msdata.at","","","clientTransferProhibited","","",""
"76","murtalnews.com","2020-05-06 22:21:04","2020-05-05","2020-05-05","2021-05-05","648","Webagentur.at Internet Services GmbH d/b/a domainname.at","whois.inname.net","http://www.domainname.at","","","","","","","Austria","","","","","","","","","","Austria","","","","","","","","","","","","","","","","","","","","","","","","ns1.domainname.at","ns2.domainname.at","","","OK","","",""
"77","myniceshield.com","2020-05-06 20:45:40","2020-05-04","2020-05-04","2021-05-04","106","Ascio Technologies, Inc. Danmark - Filial af Ascio technologies, Inc. USA","whois.ascio.com","http://www.ascio.com","Not Disclosed","Not Disclosed","Not Disclosed","Not Disclosed","Tirol","Not Disclosed","Austria","","Not Disclosed","Not Disclosed","Not Disclosed","Not Disclosed","Not Disclosed","Not Disclosed","Not Disclosed","Not Disclosed","Not Disclosed","","Not Disclosed","Not Disclosed","Not Disclosed","Not Disclosed","Not Disclosed","Not Disclosed","Not Disclosed","Not Disclosed","Not Disclosed","","Not Disclosed","Not Disclosed","","","","","","","","","","","ns1.upc.biz","ns2.upc.biz","","","OK","","",""
"78","painted-pallet.com","2020-05-06 22:17:19","2020-05-05","2020-05-05","2021-05-05","1647","Hosting Concepts B.V. dba Openprovider","whois.registrar.eu","http://www.openprovider.com","REDACTED FOR PRIVACY","PLAKAT AM LKW GmbH","REDACTED FOR PRIVACY","REDACTED FOR PRIVACY","","REDACTED FOR PRIVACY","Austria","","REDACTED FOR PRIVACY","REDACTED FOR PRIVACY","REDACTED FOR PRIVACY","REDACTED FOR PRIVACY","REDACTED FOR PRIVACY","REDACTED FOR PRIVACY","REDACTED FOR PRIVACY","REDACTED FOR PRIVACY","REDACTED FOR PRIVACY","","REDACTED FOR PRIVACY","REDACTED FOR PRIVACY","REDACTED FOR PRIVACY","REDACTED FOR PRIVACY","REDACTED FOR PRIVACY","REDACTED FOR PRIVACY","REDACTED FOR PRIVACY","REDACTED FOR PRIVACY","REDACTED FOR PRIVACY","","REDACTED FOR PRIVACY","REDACTED FOR PRIVACY","","","","","","","","","","","ns1.edis.at","ns2.edis.at","ns5.edis.at","ns6.edis.at","clientTransferProhibited","ok","",""
"79","papayabob.com","2020-05-06 22:25:28","2020-05-05","2020-05-05","2021-05-05","1476","World4You Internet Services GmbH","whois.world4you.com","http://www.world4you.com","REDACTED FOR PRIVACY","","REDACTED FOR PRIVACY","REDACTED FOR PRIVACY","AT","REDACTED FOR PRIVACY","Austria","","REDACTED FOR PRIVACY","REDACTED FOR PRIVACY","REDACTED FOR PRIVACY","REDACTED FOR PRIVACY","REDACTED FOR PRIVACY","REDACTED FOR PRIVACY","REDACTED FOR PRIVACY","REDACTED FOR PRIVACY","REDACTED FOR PRIVACY","","REDACTED FOR PRIVACY","REDACTED FOR PRIVACY","REDACTED FOR PRIVACY","REDACTED FOR PRIVACY","REDACTED FOR PRIVACY","REDACTED FOR PRIVACY","REDACTED FOR PRIVACY","REDACTED FOR PRIVACY","REDACTED FOR PRIVACY","","REDACTED FOR PRIVACY","REDACTED FOR PRIVACY","","","","","","","","","","","ns1.world4you.at","ns2.world4you.at","","","clientTransferProhibited","","",""
"80","par-pflege.com","2020-05-06 23:52:29","2020-05-05","2020-05-05","2021-05-05","83","1&1 Internet AG","whois.schlund.info","http://1and1.com","REDACTED FOR PRIVACY","","REDACTED FOR PRIVACY","REDACTED FOR PRIVACY","","REDACTED FOR PRIVACY","Austria","dataprivacyprotected@1und1.de","REDACTED FOR PRIVACY","REDACTED FOR PRIVACY","REDACTED FOR PRIVACY","REDACTED FOR PRIVACY","REDACTED FOR PRIVACY","REDACTED FOR PRIVACY","REDACTED FOR PRIVACY","REDACTED FOR PRIVACY","REDACTED FOR PRIVACY","dataprivacyprotected@1und1.de","REDACTED FOR PRIVACY","REDACTED FOR PRIVACY","REDACTED FOR PRIVACY","REDACTED FOR PRIVACY","REDACTED FOR PRIVACY","REDACTED FOR PRIVACY","REDACTED FOR PRIVACY","REDACTED FOR PRIVACY","REDACTED FOR PRIVACY","dataprivacyprotected@1und1.de","REDACTED FOR PRIVACY","REDACTED FOR PRIVACY","","","","","","","","","","","ns1022.ui-dns.biz","ns1064.ui-dns.org","ns1101.ui-dns.de","ns1125.ui-dns.com","addPeriod","clientTransferProhibited","",""
"81","pc-picker.com","2020-05-07 00:02:23","2020-05-05","2020-05-05","2022-05-05","146","GoDaddy.com, LLC","whois.godaddy.com","http://registrar.godaddy.com","","","","","Wien","","Austria","","","","","","","","","","","","","","","","","","","","","","","","","","","","","","","","","","ns77.domaincontrol.com","ns78.domaincontrol.com","","","clientDeleteProhibited","clientRenewProhibited","clientTransferProhibited","clientUpdateProhibited"
"82","powerfitstore.com","2020-05-07 01:13:42","2020-05-04","2020-05-04","2021-05-04","146","GoDaddy.com, LLC","whois.godaddy.com","http://registrar.godaddy.com","","","","","Salzburg","","Austria","","","","","","","","","","","","","","","","","","","","","","","","","","","","","","","","","","ns77.domaincontrol.com","ns78.domaincontrol.com","","","clientDeleteProhibited","clientRenewProhibited","clientTransferProhibited","clientUpdateProhibited"
"83","premium-body.com","2020-05-06 20:36:26","2020-05-04","2020-05-04","2021-05-04","141","Cronon AG","whois.cronon.net","http://www.cronon.net","","","","","","","Austria","domaincontact@reg.xlink.net","","","","","","","","","","","","","","","","","","","","","","","","","","","","","","","","","docks07.rzone.de","shades01.rzone.de","","","OK","","",""
"84","premium-fitness-coaching.com","2020-05-06 20:36:26","2020-05-04","2020-05-04","2021-05-04","141","Cronon AG","whois.cronon.net","http://www.cronon.net","","","","","","","Austria","domaincontact@reg.xlink.net","","","","","","","","","","","","","","","","","","","","","","","","","","","","","","","","","docks08.rzone.de","shades09.rzone.de","","","OK","","",""
"85","prestigestocks.com","2020-05-06 23:16:56","2020-05-05","2020-05-05","2021-05-05","146","GoDaddy.com, LLC","whois.godaddy.com","http://registrar.godaddy.com","","","","","Oberosterreich","","Austria","","","","","","","","","","","","","","","","","","","","","","","","","","","","","","","","","","ns29.domaincontrol.com","ns30.domaincontrol.com","","","clientDeleteProhibited","clientRenewProhibited","clientTransferProhibited","clientUpdateProhibited"
"86","proxygentx.com","2020-05-06 19:32:37","2020-05-04","2020-05-04","2021-05-04","83","1&1 Internet AG","whois.schlund.info","http://1and1.com","REDACTED FOR PRIVACY","","REDACTED FOR PRIVACY","REDACTED FOR PRIVACY","","REDACTED FOR PRIVACY","Austria","dataprivacyprotected@1und1.de","REDACTED FOR PRIVACY","REDACTED FOR PRIVACY","REDACTED FOR PRIVACY","REDACTED FOR PRIVACY","REDACTED FOR PRIVACY","REDACTED FOR PRIVACY","REDACTED FOR PRIVACY","REDACTED FOR PRIVACY","REDACTED FOR PRIVACY","dataprivacyprotected@1und1.de","REDACTED FOR PRIVACY","REDACTED FOR PRIVACY","REDACTED FOR PRIVACY","REDACTED FOR PRIVACY","REDACTED FOR PRIVACY","REDACTED FOR PRIVACY","REDACTED FOR PRIVACY","REDACTED FOR PRIVACY","REDACTED FOR PRIVACY","dataprivacyprotected@1und1.de","REDACTED FOR PRIVACY","REDACTED FOR PRIVACY","","","","","","","","","","","ns1043.ui-dns.org","ns1078.ui-dns.com","ns1079.ui-dns.biz","ns1102.ui-dns.de","addPeriod","clientTransferProhibited","",""
"87","qbaclothing.com","2020-05-06 22:47:54","2020-05-05","2020-05-05","2022-05-05","146","GoDaddy.com, LLC","whois.godaddy.com","http://registrar.godaddy.com","","","","","Niederosterreich","","Austria","","","","","","","","","","","","","","","","","","","","","","","","","","","","","","","","","","ns77.domaincontrol.com","ns78.domaincontrol.com","","","clientDeleteProhibited","clientRenewProhibited","clientTransferProhibited","clientUpdateProhibited"
"88","quadcorfu.com","2020-05-06 23:41:58","2020-05-05","2020-05-05","2021-05-05","1476","World4You Internet Services GmbH","whois.world4you.com","http://www.world4you.com","REDACTED FOR PRIVACY","","REDACTED FOR PRIVACY","REDACTED FOR PRIVACY","AT","REDACTED FOR PRIVACY","Austria","","REDACTED FOR PRIVACY","REDACTED FOR PRIVACY","REDACTED FOR PRIVACY","REDACTED FOR PRIVACY","REDACTED FOR PRIVACY","REDACTED FOR PRIVACY","REDACTED FOR PRIVACY","REDACTED FOR PRIVACY","REDACTED FOR PRIVACY","","REDACTED FOR PRIVACY","REDACTED FOR PRIVACY","REDACTED FOR PRIVACY","REDACTED FOR PRIVACY","REDACTED FOR PRIVACY","REDACTED FOR PRIVACY","REDACTED FOR PRIVACY","REDACTED FOR PRIVACY","REDACTED FOR PRIVACY","","REDACTED FOR PRIVACY","REDACTED FOR PRIVACY","","","","","","","","","","","ns1.world4you.at","ns2.world4you.at","","","clientTransferProhibited","","",""
"89","quero-media.com","2020-05-07 00:00:23","2020-05-05","2020-05-05","2021-05-05","113","CSL Computer Service Langenbach GmbH d/b/a joker.com","whois.joker.com","http://www.joker.com","","","","","","","Austria","","","","","","","","","","","","","","","","","","","","","","","","","","","","","","","","","","ns1.hoststar.hosting","ns2.hoststar.hosting","","","clientTransferProhibited","","",""
"90","quero-tech.com","2020-05-06 23:55:47","2020-05-05","2020-05-05","2021-05-05","113","CSL Computer Service Langenbach GmbH d/b/a joker.com","whois.joker.com","http://www.joker.com","","","","","","","Austria","","","","","","","","","","","","","","","","","","","","","","","","","","","","","","","","","","ns1.hoststar.hosting","ns2.hoststar.hosting","","","clientTransferProhibited","","",""
"91","randomassault.com","2020-05-06 20:25:05","2020-05-05","2020-05-06","2021-05-05","1390","Mesh Digital Limited","whois.meshdigital.com","http://www.meshdigital.com","REDACTED FOR PRIVACY","","REDACTED FOR PRIVACY","REDACTED FOR PRIVACY","","REDACTED FOR PRIVACY","Austria","","REDACTED FOR PRIVACY","REDACTED FOR PRIVACY","","","","","","","","","","","","","","","","","","","","","","","","","","","","","","","ns.namespace4you.com","ns2.namespace4you.com","","","clientDeleteProhibited","clientTransferProhibited","clientUpdateProhibited",""
"92","raphidelia.com","2020-05-06 23:26:53","2020-05-05","2020-05-05","2021-05-05","1476","World4You Internet Services GmbH","whois.world4you.com","http://www.world4you.com","REDACTED FOR PRIVACY","","REDACTED FOR PRIVACY","REDACTED FOR PRIVACY","AT","REDACTED FOR PRIVACY","Austria","","REDACTED FOR PRIVACY","REDACTED FOR PRIVACY","REDACTED FOR PRIVACY","REDACTED FOR PRIVACY","REDACTED FOR PRIVACY","REDACTED FOR PRIVACY","REDACTED FOR PRIVACY","REDACTED FOR PRIVACY","REDACTED FOR PRIVACY","","REDACTED FOR PRIVACY","REDACTED FOR PRIVACY","REDACTED FOR PRIVACY","REDACTED FOR PRIVACY","REDACTED FOR PRIVACY","REDACTED FOR PRIVACY","REDACTED FOR PRIVACY","REDACTED FOR PRIVACY","REDACTED FOR PRIVACY","","REDACTED FOR PRIVACY","REDACTED FOR PRIVACY","","","","","","","","","","","ns1.world4you.at","ns2.world4you.at","","","clientTransferProhibited","","",""
"93","rasaanimalshelter.com","2020-05-07 00:25:12","2020-05-05","2020-05-05","2021-05-05","1387","1API GmbH","whois.1api.net","http://www.1api.net","REDACTED FOR PRIVACY","REDACTED FOR PRIVACY","REDACTED FOR PRIVACY","REDACTED FOR PRIVACY","","REDACTED FOR PRIVACY","Austria","","REDACTED FOR PRIVACY","","REDACTED FOR PRIVACY","REDACTED FOR PRIVACY","REDACTED FOR PRIVACY","REDACTED FOR PRIVACY","REDACTED FOR PRIVACY","REDACTED FOR PRIVACY","REDACTED FOR PRIVACY","","REDACTED FOR PRIVACY","","REDACTED FOR PRIVACY","REDACTED FOR PRIVACY","REDACTED FOR PRIVACY","REDACTED FOR PRIVACY","REDACTED FOR PRIVACY","REDACTED FOR PRIVACY","REDACTED FOR PRIVACY","","REDACTED FOR PRIVACY","","","","","","","","","","","","ns1.hosttech.at","ns2.hosttech.at","ns3.hosttech.at","","clientTransferProhibited","","",""
"94","react-broker.com","2020-05-06 23:22:46","2020-05-05","2020-05-05","2021-05-05","151","PSI-USA, Inc. dba Domain Robot","whois.psi-usa.info","http://www.psi-usa.info","REDACTED FOR PRIVACY","Matthaeus Jiszda GesmbH","REDACTED FOR PRIVACY","REDACTED FOR PRIVACY","Wien","REDACTED FOR PRIVACY","Austria","","REDACTED FOR PRIVACY","REDACTED FOR PRIVACY","REDACTED FOR PRIVACY","REDACTED FOR PRIVACY","REDACTED FOR PRIVACY","REDACTED FOR PRIVACY","REDACTED FOR PRIVACY","REDACTED FOR PRIVACY","REDACTED FOR PRIVACY","","REDACTED FOR PRIVACY","REDACTED FOR PRIVACY","REDACTED FOR PRIVACY","REDACTED FOR PRIVACY","REDACTED FOR PRIVACY","REDACTED FOR PRIVACY","REDACTED FOR PRIVACY","REDACTED FOR PRIVACY","REDACTED FOR PRIVACY","","REDACTED FOR PRIVACY","REDACTED FOR PRIVACY","","","","","","","","","","","a.regfish-ns.net","b.regfish-ns.net","c.regfish-ns.net","","clientTransferProhibited","","",""
"95","rebelliousraccoon.com","2020-05-06 21:29:59","2020-05-04","2020-05-04","2021-05-03","1052","EuroDNS S.A.","http://whois.rotld.ro","http://www.eurodns.com","Riemer Friedrich","frITS.at IT Internet Services","Maurer Lange Gasse 42/2","Wien","","1230","Austria","office@frit.at","+43.19237732","+43.1923773215","Riemer Friedrich","frITS.at IT Internet Services","Maurer Lange Gasse 42/2","Wien","","1230","Austria","office@frit.at","+43.19237732","+43.1923773215","Riemer Friedrich","frITS.at IT Internet Services","Maurer Lange Gasse 42/2","Wien","","1230","Austria","office@frit.at","+43.19237732","+43.1923773215","","","","","","","","","","","ns1.eurodns.com","ns2.eurodns.com","ns3.eurodns.com","ns4.eurodns.com","clientTransferProhibited","","",""
"96","reikiinitiation.com","2020-05-06 20:45:35","2020-05-04","2020-05-04","2021-05-04","86","TierraNet Inc. d/b/a DomainDiscover","whois.domaindiscover.com","http://www.domaindiscover.com","Redacted","Redacted","Redacted","Redacted","Redacted","Redacted","Austria","whois@emailaddressprotection.com","Redacted","Redacted","Redacted","Redacted","Redacted","Redacted","Redacted","Redacted","Austria","whois@emailaddressprotection.com","Redacted","Redacted","Redacted","Redacted","Redacted","Redacted","Redacted","Redacted","Austria","whois@emailaddressprotection.com","Redacted","Redacted","","","","","","","","","","","ns1.domaindiscover.com","ns2.domaindiscover.com","","","clientTransferProhibited","","",""
"97","silvijapapst.com","2020-05-06 20:45:22","2020-05-04","2020-05-04","2022-05-04","146","GoDaddy.com, LLC","whois.godaddy.com","http://registrar.godaddy.com","","","","","Wien","","Austria","","","","","","","","","","","","","","","","","","","","","","","","","","","","","","","","","","ns29.domaincontrol.com","ns30.domaincontrol.com","","","clientDeleteProhibited","clientRenewProhibited","clientTransferProhibited","clientUpdateProhibited"
"98","socialdistancingarmband.com","2020-05-06 22:43:36","2020-05-05","2020-05-05","2021-05-05","1476","World4You Internet Services GmbH","whois.world4you.com","http://www.world4you.com","REDACTED FOR PRIVACY","Jutta Deluxe GmbH","REDACTED FOR PRIVACY","REDACTED FOR PRIVACY","AT","REDACTED FOR PRIVACY","Austria","","REDACTED FOR PRIVACY","REDACTED FOR PRIVACY","REDACTED FOR PRIVACY","REDACTED FOR PRIVACY","REDACTED FOR PRIVACY","REDACTED FOR PRIVACY","REDACTED FOR PRIVACY","REDACTED FOR PRIVACY","REDACTED FOR PRIVACY","","REDACTED FOR PRIVACY","REDACTED FOR PRIVACY","REDACTED FOR PRIVACY","REDACTED FOR PRIVACY","REDACTED FOR PRIVACY","REDACTED FOR PRIVACY","REDACTED FOR PRIVACY","REDACTED FOR PRIVACY","REDACTED FOR PRIVACY","","REDACTED FOR PRIVACY","REDACTED FOR PRIVACY","","","","","","","","","","","ns1.world4you.at","ns2.world4you.at","","","clientTransferProhibited","","",""
"99","sticker-partner.com","2020-05-06 22:53:05","2020-05-05","2020-05-05","2021-05-05","1476","World4You Internet Services GmbH","whois.world4you.com","http://www.world4you.com","REDACTED FOR PRIVACY","","REDACTED FOR PRIVACY","REDACTED FOR PRIVACY","AT","REDACTED FOR PRIVACY","Austria","","REDACTED FOR PRIVACY","REDACTED FOR PRIVACY","REDACTED FOR PRIVACY","REDACTED FOR PRIVACY","REDACTED FOR PRIVACY","REDACTED FOR PRIVACY","REDACTED FOR PRIVACY","REDACTED FOR PRIVACY","REDACTED FOR PRIVACY","","REDACTED FOR PRIVACY","REDACTED FOR PRIVACY","REDACTED FOR PRIVACY","REDACTED FOR PRIVACY","REDACTED FOR PRIVACY","REDACTED FOR PRIVACY","REDACTED FOR PRIVACY","REDACTED FOR PRIVACY","REDACTED FOR PRIVACY","","REDACTED FOR PRIVACY","REDACTED FOR PRIVACY","","","","","","","","","","","ns1.world4you.at","ns2.world4you.at","","","clientTransferProhibited","","",""
"100","studytasteful.com","2020-05-06 21:05:43","2020-05-04","2020-05-04","2021-05-04","69","Tucows Domains Inc.","whois.tucows.com","http://domainhelp.opensrs.net","REDACTED FOR PRIVACY","REDACTED FOR PRIVACY","REDACTED FOR PRIVACY","REDACTED FOR PRIVACY","XX","REDACTED FOR PRIVACY","Austria","","REDACTED FOR PRIVACY","REDACTED FOR PRIVACY","REDACTED FOR PRIVACY","REDACTED FOR PRIVACY","REDACTED FOR PRIVACY","REDACTED FOR PRIVACY","REDACTED FOR PRIVACY","REDACTED FOR PRIVACY","REDACTED FOR PRIVACY","","REDACTED FOR PRIVACY","REDACTED FOR PRIVACY","REDACTED FOR PRIVACY","REDACTED FOR PRIVACY","REDACTED FOR PRIVACY","REDACTED FOR PRIVACY","REDACTED FOR PRIVACY","REDACTED FOR PRIVACY","REDACTED FOR PRIVACY","","REDACTED FOR PRIVACY","REDACTED FOR PRIVACY","","","","","","","","","","","ns1.gnld1024.siteground.eu","ns2.gnld1024.siteground.eu","","","clientTransferProhibited","clientUpdateProhibited","",""
"101","systembrett-online.com","2020-05-06 22:36:19","2020-05-05","2020-05-05","2021-05-05","48","eNom, Inc.","whois.enom.com","http://www.enom.com","REDACTED FOR PRIVACY","REDACTED FOR PRIVACY","REDACTED FOR PRIVACY","REDACTED FOR PRIVACY","REDACTED FOR PRIVACY","REDACTED FOR PRIVACY","Austria","","REDACTED FOR PRIVACY","REDACTED FOR PRIVACY","REDACTED FOR PRIVACY","REDACTED FOR PRIVACY","REDACTED FOR PRIVACY","REDACTED FOR PRIVACY","REDACTED FOR PRIVACY","REDACTED FOR PRIVACY","REDACTED FOR PRIVACY","","REDACTED FOR PRIVACY","REDACTED FOR PRIVACY","REDACTED FOR PRIVACY","REDACTED FOR PRIVACY","REDACTED FOR PRIVACY","REDACTED FOR PRIVACY","REDACTED FOR PRIVACY","REDACTED FOR PRIVACY","REDACTED FOR PRIVACY","","REDACTED FOR PRIVACY","REDACTED FOR PRIVACY","","","","","","","","","","","ns1.crossip.net","ns2.crossip.net","ns3.crossip.net","","addPeriod","ok","",""
"102","systemic-constellation-board-online.com","2020-05-06 22:33:14","2020-05-05","2020-05-05","2021-05-05","48","eNom, Inc.","whois.enom.com","http://www.enom.com","REDACTED FOR PRIVACY","REDACTED FOR PRIVACY","REDACTED FOR PRIVACY","REDACTED FOR PRIVACY","REDACTED FOR PRIVACY","REDACTED FOR PRIVACY","Austria","","REDACTED FOR PRIVACY","REDACTED FOR PRIVACY","REDACTED FOR PRIVACY","REDACTED FOR PRIVACY","REDACTED FOR PRIVACY","REDACTED FOR PRIVACY","REDACTED FOR PRIVACY","REDACTED FOR PRIVACY","REDACTED FOR PRIVACY","","REDACTED FOR PRIVACY","REDACTED FOR PRIVACY","REDACTED FOR PRIVACY","REDACTED FOR PRIVACY","REDACTED FOR PRIVACY","REDACTED FOR PRIVACY","REDACTED FOR PRIVACY","REDACTED FOR PRIVACY","REDACTED FOR PRIVACY","","REDACTED FOR PRIVACY","REDACTED FOR PRIVACY","","","","","","","","","","","ns1.crossip.net","ns2.crossip.net","ns3.crossip.net","","addPeriod","ok","",""
"103","systemic-constellation-online.com","2020-05-06 22:33:12","2020-05-05","2020-05-05","2021-05-05","48","eNom, Inc.","whois.enom.com","http://www.enom.com","REDACTED FOR PRIVACY","REDACTED FOR PRIVACY","REDACTED FOR PRIVACY","REDACTED FOR PRIVACY","REDACTED FOR PRIVACY","REDACTED FOR PRIVACY","Austria","","REDACTED FOR PRIVACY","REDACTED FOR PRIVACY","REDACTED FOR PRIVACY","REDACTED FOR PRIVACY","REDACTED FOR PRIVACY","REDACTED FOR PRIVACY","REDACTED FOR PRIVACY","REDACTED FOR PRIVACY","REDACTED FOR PRIVACY","","REDACTED FOR PRIVACY","REDACTED FOR PRIVACY","REDACTED FOR PRIVACY","REDACTED FOR PRIVACY","REDACTED FOR PRIVACY","REDACTED FOR PRIVACY","REDACTED FOR PRIVACY","REDACTED FOR PRIVACY","REDACTED FOR PRIVACY","","REDACTED FOR PRIVACY","REDACTED FOR PRIVACY","","","","","","","","","","","ns1.crossip.net","ns2.crossip.net","ns3.crossip.net","","addPeriod","ok","",""
"104","systemic-online-constellation.com","2020-05-06 22:32:14","2020-05-05","2020-05-05","2021-05-05","48","eNom, Inc.","whois.enom.com","http://www.enom.com","REDACTED FOR PRIVACY","REDACTED FOR PRIVACY","REDACTED FOR PRIVACY","REDACTED FOR PRIVACY","REDACTED FOR PRIVACY","REDACTED FOR PRIVACY","Austria","","REDACTED FOR PRIVACY","REDACTED FOR PRIVACY","REDACTED FOR PRIVACY","REDACTED FOR PRIVACY","REDACTED FOR PRIVACY","REDACTED FOR PRIVACY","REDACTED FOR PRIVACY","REDACTED FOR PRIVACY","REDACTED FOR PRIVACY","","REDACTED FOR PRIVACY","REDACTED FOR PRIVACY","REDACTED FOR PRIVACY","REDACTED FOR PRIVACY","REDACTED FOR PRIVACY","REDACTED FOR PRIVACY","REDACTED FOR PRIVACY","REDACTED FOR PRIVACY","REDACTED FOR PRIVACY","","REDACTED FOR PRIVACY","REDACTED FOR PRIVACY","","","","","","","","","","","ns1.crossip.net","ns2.crossip.net","ns3.crossip.net","","addPeriod","ok","",""
"105","systemic-online-constellations.com","2020-05-06 22:38:54","2020-05-05","2020-05-05","2021-05-05","48","eNom, Inc.","whois.enom.com","http://www.enom.com","REDACTED FOR PRIVACY","REDACTED FOR PRIVACY","REDACTED FOR PRIVACY","REDACTED FOR PRIVACY","REDACTED FOR PRIVACY","REDACTED FOR PRIVACY","Austria","","REDACTED FOR PRIVACY","REDACTED FOR PRIVACY","REDACTED FOR PRIVACY","REDACTED FOR PRIVACY","REDACTED FOR PRIVACY","REDACTED FOR PRIVACY","REDACTED FOR PRIVACY","REDACTED FOR PRIVACY","REDACTED FOR PRIVACY","","REDACTED FOR PRIVACY","REDACTED FOR PRIVACY","REDACTED FOR PRIVACY","REDACTED FOR PRIVACY","REDACTED FOR PRIVACY","REDACTED FOR PRIVACY","REDACTED FOR PRIVACY","REDACTED FOR PRIVACY","REDACTED FOR PRIVACY","","REDACTED FOR PRIVACY","REDACTED FOR PRIVACY","","","","","","","","","","","ns1.crossip.net","ns2.crossip.net","ns3.crossip.net","","addPeriod","ok","",""
"106","thtbiomaterials.com","2020-05-06 23:16:24","2020-05-05","2020-05-05","2021-05-05","106","Ascio Technologies, Inc. Danmark - Filial af Ascio technologies, Inc. USA","whois.ascio.com","http://www.ascio.com","Not Disclosed","Not Disclosed","Not Disclosed","Not Disclosed","Wien","Not Disclosed","Austria","","Not Disclosed","Not Disclosed","Not Disclosed","Not Disclosed","Not Disclosed","Not Disclosed","Not Disclosed","Not Disclosed","Not Disclosed","","Not Disclosed","Not Disclosed","Not Disclosed","Not Disclosed","Not Disclosed","Not Disclosed","Not Disclosed","Not Disclosed","Not Disclosed","","Not Disclosed","Not Disclosed","","","","","","","","","","","ns1.upc.biz","ns2.upc.biz","","","OK","","",""
"107","tschirgant-sky.run","2020-05-06 19:09:14","2020-05-05","2020-05-05","2021-05-05","151","PSI-USA, Inc. dba Domain Robot","whois.psi-usa.info","http://www.psi-usa.info","REDACTED FOR PRIVACY","Emo Tirol","REDACTED FOR PRIVACY","REDACTED FOR PRIVACY","AT","REDACTED FOR PRIVACY","Austria","","REDACTED FOR PRIVACY","REDACTED FOR PRIVACY","","","","","","","","","","","","","","","","","","","","","","","","","","","","","","","","","","","addPeriod","clientTransferProhibited","",""
"108","tsedlar.com","2020-05-06 20:16:18","2020-05-05","2020-05-05","2021-05-05","1476","World4You Internet Services GmbH","whois.world4you.com","http://www.world4you.com","REDACTED FOR PRIVACY","T.Sedlar","REDACTED FOR PRIVACY","REDACTED FOR PRIVACY","AT","REDACTED FOR PRIVACY","Austria","","REDACTED FOR PRIVACY","REDACTED FOR PRIVACY","REDACTED FOR PRIVACY","REDACTED FOR PRIVACY","REDACTED FOR PRIVACY","REDACTED FOR PRIVACY","REDACTED FOR PRIVACY","REDACTED FOR PRIVACY","REDACTED FOR PRIVACY","","REDACTED FOR PRIVACY","REDACTED FOR PRIVACY","REDACTED FOR PRIVACY","REDACTED FOR PRIVACY","REDACTED FOR PRIVACY","REDACTED FOR PRIVACY","REDACTED FOR PRIVACY","REDACTED FOR PRIVACY","REDACTED FOR PRIVACY","","REDACTED FOR PRIVACY","REDACTED FOR PRIVACY","","","","","","","","","","","ns1.world4you.at","ns2.world4you.at","","","clientTransferProhibited","","",""
"109","tzb-paul.com","2020-05-06 20:20:27","2020-05-05","2020-05-05","2021-05-05","1387","1API GmbH","whois.1api.net","http://www.1api.net","REDACTED FOR PRIVACY","REDACTED FOR PRIVACY","REDACTED FOR PRIVACY","REDACTED FOR PRIVACY","","REDACTED FOR PRIVACY","Austria","","REDACTED FOR PRIVACY","","REDACTED FOR PRIVACY","REDACTED FOR PRIVACY","REDACTED FOR PRIVACY","REDACTED FOR PRIVACY","REDACTED FOR PRIVACY","REDACTED FOR PRIVACY","REDACTED FOR PRIVACY","","REDACTED FOR PRIVACY","","REDACTED FOR PRIVACY","REDACTED FOR PRIVACY","REDACTED FOR PRIVACY","REDACTED FOR PRIVACY","REDACTED FOR PRIVACY","REDACTED FOR PRIVACY","REDACTED FOR PRIVACY","","REDACTED FOR PRIVACY","","","","","","","","","","","","ns1.hosttech.at","ns2.hosttech.at","ns3.hosttech.at","","clientTransferProhibited","","",""
"110","tzougmbh.com","2020-05-06 23:51:05","2020-05-05","2020-05-05","2023-05-05","81","Gandi SAS","whois.gandi.net","http://www.gandi.net","REDACTED FOR PRIVACY","Tzou Gmbh","REDACTED FOR PRIVACY","REDACTED FOR PRIVACY","","REDACTED FOR PRIVACY","Austria","216694afb00ca44e1e5e8451e2e7dc0e-18869633@contact.gandi.net","REDACTED FOR PRIVACY","REDACTED FOR PRIVACY","REDACTED FOR PRIVACY","REDACTED FOR PRIVACY","REDACTED FOR PRIVACY","REDACTED FOR PRIVACY","REDACTED FOR PRIVACY","REDACTED FOR PRIVACY","REDACTED FOR PRIVACY","216694afb00ca44e1e5e8451e2e7dc0e-18869633@contact.gandi.net","REDACTED FOR PRIVACY","REDACTED FOR PRIVACY","REDACTED FOR PRIVACY","REDACTED FOR PRIVACY","REDACTED FOR PRIVACY","REDACTED FOR PRIVACY","REDACTED FOR PRIVACY","REDACTED FOR PRIVACY","REDACTED FOR PRIVACY","216694afb00ca44e1e5e8451e2e7dc0e-18869633@contact.gandi.net","REDACTED FOR PRIVACY","REDACTED FOR PRIVACY","","","","","","","","","","","ns-159-a.gandi.net","ns-25-b.gandi.net","ns-4-c.gandi.net","","clientTransferProhibited","","",""
"111","unsro.com","2020-05-06 21:20:42","2020-05-04","2020-05-04","2021-05-04","146","GoDaddy.com, LLC","whois.godaddy.com","http://registrar.godaddy.com","","","","","Wien","","Austria","","","","","","","","","","","","","","","","","","","","","","","","","","","","","","","","","","ns41.domaincontrol.com","ns42.domaincontrol.com","","","clientDeleteProhibited","clientRenewProhibited","clientTransferProhibited","clientUpdateProhibited"
"112","urschler-immo.com","2020-05-06 21:43:57","2020-05-05","2020-05-05","2021-05-05","1476","World4You Internet Services GmbH","whois.world4you.com","http://www.world4you.com","REDACTED FOR PRIVACY","","REDACTED FOR PRIVACY","REDACTED FOR PRIVACY","AT","REDACTED FOR PRIVACY","Austria","","REDACTED FOR PRIVACY","REDACTED FOR PRIVACY","REDACTED FOR PRIVACY","REDACTED FOR PRIVACY","REDACTED FOR PRIVACY","REDACTED FOR PRIVACY","REDACTED FOR PRIVACY","REDACTED FOR PRIVACY","REDACTED FOR PRIVACY","","REDACTED FOR PRIVACY","REDACTED FOR PRIVACY","REDACTED FOR PRIVACY","REDACTED FOR PRIVACY","REDACTED FOR PRIVACY","REDACTED FOR PRIVACY","REDACTED FOR PRIVACY","REDACTED FOR PRIVACY","REDACTED FOR PRIVACY","","REDACTED FOR PRIVACY","REDACTED FOR PRIVACY","","","","","","","","","","","ns1.world4you.at","ns2.world4you.at","","","clientTransferProhibited","","",""
"113","veedconf.com","2020-05-06 19:24:26","2020-05-05","2020-05-05","2022-05-05","146","GoDaddy.com, LLC","whois.godaddy.com","http://registrar.godaddy.com","J.R. IT-Solutions/EDV e.U.","J.R. IT-Solutions/EDV e.U.","","","Wien","","Austria","","","","","","","","","","","","","","","","","","","","","","","","","","","","","","","","","","ns49.domaincontrol.com","ns50.domaincontrol.com","","","clientDeleteProhibited","clientRenewProhibited","clientTransferProhibited","clientUpdateProhibited"
"114","ventum-breeze.com","2020-05-06 23:07:44","2020-05-05","2020-05-05","2021-05-05","1476","World4You Internet Services GmbH","whois.world4you.com","http://www.world4you.com","REDACTED FOR PRIVACY","Ventum","REDACTED FOR PRIVACY","REDACTED FOR PRIVACY","AT","REDACTED FOR PRIVACY","Austria","","REDACTED FOR PRIVACY","REDACTED FOR PRIVACY","REDACTED FOR PRIVACY","REDACTED FOR PRIVACY","REDACTED FOR PRIVACY","REDACTED FOR PRIVACY","REDACTED FOR PRIVACY","REDACTED FOR PRIVACY","REDACTED FOR PRIVACY","","REDACTED FOR PRIVACY","REDACTED FOR PRIVACY","REDACTED FOR PRIVACY","REDACTED FOR PRIVACY","REDACTED FOR PRIVACY","REDACTED FOR PRIVACY","REDACTED FOR PRIVACY","REDACTED FOR PRIVACY","REDACTED FOR PRIVACY","","REDACTED FOR PRIVACY","REDACTED FOR PRIVACY","","","","","","","","","","","ns1.world4you.at","ns2.world4you.at","","","clientTransferProhibited","","",""
"115","welcome-to-chthulucene.com","2020-05-06 20:26:07","2020-05-05","2020-05-05","2021-05-05","1390","Mesh Digital Limited","whois.meshdigital.com","http://www.meshdigital.com","REDACTED FOR PRIVACY","","REDACTED FOR PRIVACY","REDACTED FOR PRIVACY","","REDACTED FOR PRIVACY","Austria","","REDACTED FOR PRIVACY","REDACTED FOR PRIVACY","","","","","","","","","","","","","","","","","","","","","","","","","","","","","","","ns.namespace4you.com","ns2.namespace4you.com","","","clientDeleteProhibited","clientTransferProhibited","clientUpdateProhibited",""
"116","whelanplantsales.com","2020-05-06 22:44:46","2020-05-05","2020-05-06","2021-05-05","303","PDR Ltd. d/b/a PublicDomainRegistry.com","whois.publicdomainregistry.com","http://www.publicdomainregistry.com","GDPR Masked","GDPR Masked","GDPR Masked","GDPR Masked","Salzburg","GDPR Masked","Austria","gdpr-masking@gdpr-masked.com","GDPR Masked","GDPR Masked","GDPR Masked","GDPR Masked","GDPR Masked","GDPR Masked","GDPR Masked","GDPR Masked","GDPR Masked","gdpr-masking@gdpr-masked.com","GDPR Masked","GDPR Masked","GDPR Masked","GDPR Masked","GDPR Masked","GDPR Masked","GDPR Masked","GDPR Masked","GDPR Masked","gdpr-masking@gdpr-masked.com","GDPR Masked","GDPR Masked","","","","","","","","","","","tony880258.earth.orderbox-dns.com","tony880258.mars.orderbox-dns.com","tony880258.mercury.orderbox-dns.com","tony880258.venus.orderbox-dns.com","clientDeleteProhibited","clientHold","clientTransferProhibited","clientUpdateProhibited"
"117","without-capital.com","2020-05-06 22:21:37","2020-05-05","2020-05-05","2021-05-05","1239","CPS-Datensysteme GmbH","whois.cps-datensysteme.de","http://www.cps-datensysteme.de","REDACTED FOR PRIVACY","REDACTED FOR PRIVACY","REDACTED FOR PRIVACY","REDACTED FOR PRIVACY","Vorarlberg","REDACTED FOR PRIVACY","Austria","","REDACTED FOR PRIVACY","REDACTED FOR PRIVACY","REDACTED FOR PRIVACY","REDACTED FOR PRIVACY","REDACTED FOR PRIVACY","REDACTED FOR PRIVACY","Vorarlberg","REDACTED FOR PRIVACY","Austria","","REDACTED FOR PRIVACY","REDACTED FOR PRIVACY","REDACTED FOR PRIVACY","REDACTED FOR PRIVACY","REDACTED FOR PRIVACY","REDACTED FOR PRIVACY","Baden-Wuerttemberg","REDACTED FOR PRIVACY","Germany","","REDACTED FOR PRIVACY","REDACTED FOR PRIVACY","","","","","","","","","","","nsv0.nitrado.net","nsv2.nitrado.de","","","clientTransferLock","ok","serverTransferLockPeriod",""
"118","wt1sftp.com","2020-05-06 23:11:41","2020-05-05","2020-05-05","2021-05-05","83","1&1 Internet AG","whois.schlund.info","http://1and1.com","REDACTED FOR PRIVACY","","REDACTED FOR PRIVACY","REDACTED FOR PRIVACY","","REDACTED FOR PRIVACY","Austria","dataprivacyprotected@1und1.de","REDACTED FOR PRIVACY","REDACTED FOR PRIVACY","REDACTED FOR PRIVACY","REDACTED FOR PRIVACY","REDACTED FOR PRIVACY","REDACTED FOR PRIVACY","REDACTED FOR PRIVACY","REDACTED FOR PRIVACY","REDACTED FOR PRIVACY","dataprivacyprotected@1und1.de","REDACTED FOR PRIVACY","REDACTED FOR PRIVACY","REDACTED FOR PRIVACY","REDACTED FOR PRIVACY","REDACTED FOR PRIVACY","REDACTED FOR PRIVACY","REDACTED FOR PRIVACY","REDACTED FOR PRIVACY","REDACTED FOR PRIVACY","dataprivacyprotected@1und1.de","REDACTED FOR PRIVACY","REDACTED FOR PRIVACY","","","","","","","","","","","ns1034.ui-dns.de","ns1076.ui-dns.biz","ns1085.ui-dns.com","ns1095.ui-dns.org","addPeriod","clientTransferProhibited","",""
"119","zirbenresort.com","2020-05-06 20:35:06","2020-05-05","2020-05-06","2021-05-05","69","Tucows Domains Inc.","whois.tucows.com","http://domainhelp.opensrs.net","REDACTED FOR PRIVACY","REDACTED FOR PRIVACY","REDACTED FOR PRIVACY","REDACTED FOR PRIVACY","Austria","REDACTED FOR PRIVACY","Austria","","REDACTED FOR PRIVACY","REDACTED FOR PRIVACY","REDACTED FOR PRIVACY","REDACTED FOR PRIVACY","REDACTED FOR PRIVACY","REDACTED FOR PRIVACY","REDACTED FOR PRIVACY","REDACTED FOR PRIVACY","REDACTED FOR PRIVACY","","REDACTED FOR PRIVACY","REDACTED FOR PRIVACY","REDACTED FOR PRIVACY","REDACTED FOR PRIVACY","REDACTED FOR PRIVACY","REDACTED FOR PRIVACY","REDACTED FOR PRIVACY","REDACTED FOR PRIVACY","REDACTED FOR PRIVACY","","REDACTED FOR PRIVACY","REDACTED FOR PRIVACY","","","","","","","","","","","ns1.emerion.com","ns2.emerion.com","","","clientTransferProhibited","clientUpdateProhibited","",""
"120","zitatdruck.com","2020-05-06 20:44:35","2020-05-04","2020-05-04","2021-05-04","1476","World4You Internet Services GmbH","whois.world4you.com","http://www.world4you.com","REDACTED FOR PRIVACY","","REDACTED FOR PRIVACY","REDACTED FOR PRIVACY","AT","REDACTED FOR PRIVACY","Austria","","REDACTED FOR PRIVACY","REDACTED FOR PRIVACY","REDACTED FOR PRIVACY","REDACTED FOR PRIVACY","REDACTED FOR PRIVACY","REDACTED FOR PRIVACY","REDACTED FOR PRIVACY","REDACTED FOR PRIVACY","REDACTED FOR PRIVACY","","REDACTED FOR PRIVACY","REDACTED FOR PRIVACY","REDACTED FOR PRIVACY","REDACTED FOR PRIVACY","REDACTED FOR PRIVACY","REDACTED FOR PRIVACY","REDACTED FOR PRIVACY","REDACTED FOR PRIVACY","REDACTED FOR PRIVACY","","REDACTED FOR PRIVACY","REDACTED FOR PRIVACY","","","","","","","","","","","ns1.world4you.at","ns2.world4you.at","","","clientTransferProhibited","","",""