"num","domain_name","query_time","create_date","update_date","expiry_date","domain_registrar_id","domain_registrar_name","domain_registrar_whois","domain_registrar_url","registrant_name","registrant_company","registrant_address","registrant_city","registrant_state","registrant_zip","registrant_country","registrant_email","registrant_phone","registrant_fax","administrative_name","administrative_company","administrative_address","administrative_city","administrative_state","administrative_zip","administrative_country","administrative_email","administrative_phone","administrative_fax","technical_name","technical_company","technical_address","technical_city","technical_state","technical_zip","technical_country","technical_email","technical_phone","technical_fax","billing_name","billing_company","billing_address","billing_city","billing_state","billing_zip","billing_country","billing_email","billing_phone","billing_fax","name_server_1","name_server_2","name_server_3","name_server_4","domain_status_1","domain_status_2","domain_status_3","domain_status_4"
"1","adminsuites.com","2020-05-07 00:53:24","2020-05-04","2020-05-04","2021-05-04","69","Tucows Domains Inc.","whois.tucows.com","http://domainhelp.opensrs.net","REDACTED FOR PRIVACY","REDACTED FOR PRIVACY","REDACTED FOR PRIVACY","REDACTED FOR PRIVACY","REDACTED FOR PRIVACY","REDACTED FOR PRIVACY","Bermuda","","REDACTED FOR PRIVACY","REDACTED FOR PRIVACY","REDACTED FOR PRIVACY","REDACTED FOR PRIVACY","REDACTED FOR PRIVACY","REDACTED FOR PRIVACY","REDACTED FOR PRIVACY","REDACTED FOR PRIVACY","REDACTED FOR PRIVACY","","REDACTED FOR PRIVACY","REDACTED FOR PRIVACY","REDACTED FOR PRIVACY","REDACTED FOR PRIVACY","REDACTED FOR PRIVACY","REDACTED FOR PRIVACY","REDACTED FOR PRIVACY","REDACTED FOR PRIVACY","REDACTED FOR PRIVACY","","REDACTED FOR PRIVACY","REDACTED FOR PRIVACY","","","","","","","","","","","logan.ns.cloudflare.com","maya.ns.cloudflare.com","","","OK","","",""
"2","clothfacemaskstore.com","2020-05-06 23:32:41","2020-05-05","2020-05-05","2021-05-05","320","TLDs LLC dba SRSplus","whois.srsplus.com","http://www.srsplus.com","Technology Capital Group Limited","Technology Capital Group Limited","HP House 21 Laffan Street","Hamilton","NONE","HM09","Bermuda","sprussky@gmail.com","+1.4412951393","","Aware Corporation","Aware Corporation Limited","25/1 Moo 2, T. Pabong","A. Sarapee","CHIANG MAI","50140","Thailand","domains@aware.co.th","+66.6653263350","","Aware Corporation","Aware Corporation Limited","25/1 Moo 2, T. Pabong","A. Sarapee","CHIANG MAI","50140","Thailand","domains@aware.co.th","+66.6653263350","","","","","","","","","","","","dns1.srsplus.com","dns2.srsplus.com","","","clientTransferProhibited","","",""
"3","facemasktailor.com","2020-05-06 23:32:25","2020-05-05","2020-05-05","2021-05-05","320","TLDs LLC dba SRSplus","whois.srsplus.com","http://www.srsplus.com","Technology Capital Group Limited","Technology Capital Group Limited","HP House 21 Laffan Street","Hamilton","NONE","HM09","Bermuda","sprussky@gmail.com","+1.4412951393","","Aware Corporation","Aware Corporation Limited","25/1 Moo 2, T. Pabong","A. Sarapee","CHIANG MAI","50140","Thailand","domains@aware.co.th","+66.6653263350","","Aware Corporation","Aware Corporation Limited","25/1 Moo 2, T. Pabong","A. Sarapee","CHIANG MAI","50140","Thailand","domains@aware.co.th","+66.6653263350","","","","","","","","","","","","dns1.srsplus.com","dns2.srsplus.com","","","clientTransferProhibited","","",""
"4","fittedclothfacemasks.com","2020-05-06 23:32:40","2020-05-05","2020-05-05","2021-05-05","320","TLDs LLC dba SRSplus","whois.srsplus.com","http://www.srsplus.com","Technology Capital Group Limited","Technology Capital Group Limited","HP House 21 Laffan Street","Hamilton","NONE","HM09","Bermuda","sprussky@gmail.com","+1.4412951393","","Aware Corporation","Aware Corporation Limited","25/1 Moo 2, T. Pabong","A. Sarapee","CHIANG MAI","50140","Thailand","domains@aware.co.th","+66.6653263350","","Aware Corporation","Aware Corporation Limited","25/1 Moo 2, T. Pabong","A. Sarapee","CHIANG MAI","50140","Thailand","domains@aware.co.th","+66.6653263350","","","","","","","","","","","","dns1.srsplus.com","dns2.srsplus.com","","","clientTransferProhibited","","",""
"5","ismworld-melin.com","2020-05-06 20:26:23","2020-05-05","2020-05-05","2021-05-05","69","Tucows Domains Inc.","whois.tucows.com","http://domainhelp.opensrs.net","REDACTED FOR PRIVACY","REDACTED FOR PRIVACY","REDACTED FOR PRIVACY","REDACTED FOR PRIVACY","REDACTED FOR PRIVACY","REDACTED FOR PRIVACY","Bermuda","","REDACTED FOR PRIVACY","REDACTED FOR PRIVACY","REDACTED FOR PRIVACY","REDACTED FOR PRIVACY","REDACTED FOR PRIVACY","REDACTED FOR PRIVACY","REDACTED FOR PRIVACY","REDACTED FOR PRIVACY","REDACTED FOR PRIVACY","","REDACTED FOR PRIVACY","REDACTED FOR PRIVACY","REDACTED FOR PRIVACY","REDACTED FOR PRIVACY","REDACTED FOR PRIVACY","REDACTED FOR PRIVACY","REDACTED FOR PRIVACY","REDACTED FOR PRIVACY","REDACTED FOR PRIVACY","","REDACTED FOR PRIVACY","REDACTED FOR PRIVACY","","","","","","","","","","","logan.ns.cloudflare.com","maya.ns.cloudflare.com","","","OK","","",""
"6","ledition-france.com","2020-05-06 20:26:07","2020-05-05","2020-05-05","2021-05-05","69","Tucows Domains Inc.","whois.tucows.com","http://domainhelp.opensrs.net","REDACTED FOR PRIVACY","REDACTED FOR PRIVACY","REDACTED FOR PRIVACY","REDACTED FOR PRIVACY","REDACTED FOR PRIVACY","REDACTED FOR PRIVACY","Bermuda","","REDACTED FOR PRIVACY","REDACTED FOR PRIVACY","REDACTED FOR PRIVACY","REDACTED FOR PRIVACY","REDACTED FOR PRIVACY","REDACTED FOR PRIVACY","REDACTED FOR PRIVACY","REDACTED FOR PRIVACY","REDACTED FOR PRIVACY","","REDACTED FOR PRIVACY","REDACTED FOR PRIVACY","REDACTED FOR PRIVACY","REDACTED FOR PRIVACY","REDACTED FOR PRIVACY","REDACTED FOR PRIVACY","REDACTED FOR PRIVACY","REDACTED FOR PRIVACY","REDACTED FOR PRIVACY","","REDACTED FOR PRIVACY","REDACTED FOR PRIVACY","","","","","","","","","","","logan.ns.cloudflare.com","maya.ns.cloudflare.com","","","OK","","",""
"7","moxiecarrotketchup.com","2020-05-06 20:45:36","2020-05-04","2020-05-04","2021-05-04","69","Tucows Domains Inc.","whois.tucows.com","http://domainhelp.opensrs.net","REDACTED FOR PRIVACY","REDACTED FOR PRIVACY","REDACTED FOR PRIVACY","REDACTED FOR PRIVACY","REDACTED FOR PRIVACY","REDACTED FOR PRIVACY","Bermuda","","REDACTED FOR PRIVACY","REDACTED FOR PRIVACY","REDACTED FOR PRIVACY","REDACTED FOR PRIVACY","REDACTED FOR PRIVACY","REDACTED FOR PRIVACY","REDACTED FOR PRIVACY","REDACTED FOR PRIVACY","REDACTED FOR PRIVACY","","REDACTED FOR PRIVACY","REDACTED FOR PRIVACY","REDACTED FOR PRIVACY","REDACTED FOR PRIVACY","REDACTED FOR PRIVACY","REDACTED FOR PRIVACY","REDACTED FOR PRIVACY","REDACTED FOR PRIVACY","REDACTED FOR PRIVACY","","REDACTED FOR PRIVACY","REDACTED FOR PRIVACY","","","","","","","","","","","logan.ns.cloudflare.com","maya.ns.cloudflare.com","","","OK","","",""
"8","nuranikay.com","2020-05-06 20:27:58","2020-05-05","2020-05-05","2021-05-05","69","Tucows Domains Inc.","whois.tucows.com","http://domainhelp.opensrs.net","REDACTED FOR PRIVACY","REDACTED FOR PRIVACY","REDACTED FOR PRIVACY","REDACTED FOR PRIVACY","REDACTED FOR PRIVACY","REDACTED FOR PRIVACY","Bermuda","","REDACTED FOR PRIVACY","REDACTED FOR PRIVACY","REDACTED FOR PRIVACY","REDACTED FOR PRIVACY","REDACTED FOR PRIVACY","REDACTED FOR PRIVACY","REDACTED FOR PRIVACY","REDACTED FOR PRIVACY","REDACTED FOR PRIVACY","","REDACTED FOR PRIVACY","REDACTED FOR PRIVACY","REDACTED FOR PRIVACY","REDACTED FOR PRIVACY","REDACTED FOR PRIVACY","REDACTED FOR PRIVACY","REDACTED FOR PRIVACY","REDACTED FOR PRIVACY","REDACTED FOR PRIVACY","","REDACTED FOR PRIVACY","REDACTED FOR PRIVACY","","","","","","","","","","","logan.ns.cloudflare.com","maya.ns.cloudflare.com","","","OK","","",""
"9","star-browsandmore.com","2020-05-06 23:04:24","2020-05-05","2020-05-05","2021-05-05","69","Tucows Domains Inc.","whois.tucows.com","http://domainhelp.opensrs.net","REDACTED FOR PRIVACY","REDACTED FOR PRIVACY","REDACTED FOR PRIVACY","REDACTED FOR PRIVACY","REDACTED FOR PRIVACY","REDACTED FOR PRIVACY","Bermuda","","REDACTED FOR PRIVACY","REDACTED FOR PRIVACY","REDACTED FOR PRIVACY","REDACTED FOR PRIVACY","REDACTED FOR PRIVACY","REDACTED FOR PRIVACY","REDACTED FOR PRIVACY","REDACTED FOR PRIVACY","REDACTED FOR PRIVACY","","REDACTED FOR PRIVACY","REDACTED FOR PRIVACY","REDACTED FOR PRIVACY","REDACTED FOR PRIVACY","REDACTED FOR PRIVACY","REDACTED FOR PRIVACY","REDACTED FOR PRIVACY","REDACTED FOR PRIVACY","REDACTED FOR PRIVACY","","REDACTED FOR PRIVACY","REDACTED FOR PRIVACY","","","","","","","","","","","logan.ns.cloudflare.com","maya.ns.cloudflare.com","","","OK","","",""
"10","stylishfabricmasks.com","2020-05-06 23:29:47","2020-05-05","2020-05-05","2021-05-05","320","TLDs LLC dba SRSplus","whois.srsplus.com","http://www.srsplus.com","Technology Capital Group Limited","Technology Capital Group Limited","HP House 21 Laffan Street","Hamilton","NONE","HM09","Bermuda","sprussky@gmail.com","+1.4412951393","","Aware Corporation","Aware Corporation Limited","25/1 Moo 2, T. Pabong","A. Sarapee","CHIANG MAI","50140","Thailand","domains@aware.co.th","+66.6653263350","","Aware Corporation","Aware Corporation Limited","25/1 Moo 2, T. Pabong","A. Sarapee","CHIANG MAI","50140","Thailand","domains@aware.co.th","+66.6653263350","","","","","","","","","","","","dns1.srsplus.com","dns2.srsplus.com","","","clientTransferProhibited","","",""
"11","thefacemasktailor.com","2020-05-06 23:32:29","2020-05-05","2020-05-05","2021-05-05","320","TLDs LLC dba SRSplus","whois.srsplus.com","http://www.srsplus.com","Technology Capital Group Limited","Technology Capital Group Limited","HP House 21 Laffan Street","Hamilton","NONE","HM09","Bermuda","sprussky@gmail.com","+1.4412951393","","Aware Corporation","Aware Corporation Limited","25/1 Moo 2, T. Pabong","A. Sarapee","CHIANG MAI","50140","Thailand","domains@aware.co.th","+66.6653263350","","Aware Corporation","Aware Corporation Limited","25/1 Moo 2, T. Pabong","A. Sarapee","CHIANG MAI","50140","Thailand","domains@aware.co.th","+66.6653263350","","","","","","","","","","","","dns1.srsplus.com","dns2.srsplus.com","","","clientTransferProhibited","","",""
"12","welightthewayins.com","2020-05-06 19:14:59","2020-05-04","2020-05-04","2021-05-04","69","Tucows Domains Inc.","whois.tucows.com","http://domainhelp.opensrs.net","REDACTED FOR PRIVACY","REDACTED FOR PRIVACY","REDACTED FOR PRIVACY","REDACTED FOR PRIVACY","REDACTED FOR PRIVACY","REDACTED FOR PRIVACY","Bermuda","","REDACTED FOR PRIVACY","REDACTED FOR PRIVACY","REDACTED FOR PRIVACY","REDACTED FOR PRIVACY","REDACTED FOR PRIVACY","REDACTED FOR PRIVACY","REDACTED FOR PRIVACY","REDACTED FOR PRIVACY","REDACTED FOR PRIVACY","","REDACTED FOR PRIVACY","REDACTED FOR PRIVACY","REDACTED FOR PRIVACY","REDACTED FOR PRIVACY","REDACTED FOR PRIVACY","REDACTED FOR PRIVACY","REDACTED FOR PRIVACY","REDACTED FOR PRIVACY","REDACTED FOR PRIVACY","","REDACTED FOR PRIVACY","REDACTED FOR PRIVACY","","","","","","","","","","","logan.ns.cloudflare.com","maya.ns.cloudflare.com","","","OK","","",""