"num","domain_name","query_time","create_date","update_date","expiry_date","domain_registrar_id","domain_registrar_name","domain_registrar_whois","domain_registrar_url","registrant_name","registrant_company","registrant_address","registrant_city","registrant_state","registrant_zip","registrant_country","registrant_email","registrant_phone","registrant_fax","administrative_name","administrative_company","administrative_address","administrative_city","administrative_state","administrative_zip","administrative_country","administrative_email","administrative_phone","administrative_fax","technical_name","technical_company","technical_address","technical_city","technical_state","technical_zip","technical_country","technical_email","technical_phone","technical_fax","billing_name","billing_company","billing_address","billing_city","billing_state","billing_zip","billing_country","billing_email","billing_phone","billing_fax","name_server_1","name_server_2","name_server_3","name_server_4","domain_status_1","domain_status_2","domain_status_3","domain_status_4"
"1","bimades.com","2020-05-06 22:23:30","2020-05-05","2020-05-05","2021-05-05","1630","Ligne Web Services SARL","whois.nic.fr","http://www.ait.com","","","","","","","Burkina Faso","f517cc08e12add0392a0d1ddd61abd0e@whois-anonymous.com","","","","","","","","","Burkina Faso","f517cc08e12add0392a0d1ddd61abd0e@whois-anonymous.com","","","","","","","","","Burkina Faso","f517cc08e12add0392a0d1ddd61abd0e@whois-anonymous.com","","","","","","","","","Burkina Faso","f517cc08e12add0392a0d1ddd61abd0e@whois-anonymous.com","","","","","","","More","clientTransferProhibited","informations","on"
"2","cclean-cam.com","2020-05-06 22:32:00","2020-05-05","2020-05-05","2021-05-05","433","OVH sas","whois.ovh.com","http://www.ovh.com","REDACTED FOR PRIVACY","Yesbo Burkina","REDACTED FOR PRIVACY","REDACTED FOR PRIVACY","","REDACTED FOR PRIVACY","Burkina Faso","xdrqvbyhw5oe5yc6o7hs@e.o-w-o.info","REDACTED FOR PRIVACY","REDACTED FOR PRIVACY","REDACTED FOR PRIVACY","REDACTED FOR PRIVACY","REDACTED FOR PRIVACY","REDACTED FOR PRIVACY","REDACTED FOR PRIVACY","REDACTED FOR PRIVACY","REDACTED FOR PRIVACY","5b00qzndkaywo3qek4vn@s.o-w-o.info","REDACTED FOR PRIVACY","REDACTED FOR PRIVACY","REDACTED FOR PRIVACY","REDACTED FOR PRIVACY","REDACTED FOR PRIVACY","REDACTED FOR PRIVACY","REDACTED FOR PRIVACY","REDACTED FOR PRIVACY","REDACTED FOR PRIVACY","5b00qzndkaywo3qek4vn@s.o-w-o.info","REDACTED FOR PRIVACY","REDACTED FOR PRIVACY","","","","","","","","","","","dns110.ovh.net","ns110.ovh.net","","","clientDeleteProhibited","clientTransferProhibited","",""
"3","gitechsarl.com","2020-05-07 00:25:19","2020-05-05","2020-05-05","2021-05-05","1630","Ligne Web Services SARL","whois.nic.fr","http://www.ait.com","","","","","","","Burkina Faso","63cec1cc882de756c14b359f89fa156b@whois-anonymous.com","","","","","","","","","Burkina Faso","63cec1cc882de756c14b359f89fa156b@whois-anonymous.com","","","","","","","","","Burkina Faso","63cec1cc882de756c14b359f89fa156b@whois-anonymous.com","","","","","","","","","Burkina Faso","63cec1cc882de756c14b359f89fa156b@whois-anonymous.com","","","ns5.lwsdns.com","ns6.lwsdns.com","ns7.lwsdns.com","ns8.lwsdns.com","More","clientTransferProhibited","informations","on"
"4","horebconseil.com","2020-05-06 22:23:29","2020-05-05","2020-05-05","2021-05-05","1630","Ligne Web Services SARL","whois.nic.fr","http://www.ait.com","","","","","","","Burkina Faso","f517cc08e12add0392a0d1ddd61abd0e@whois-anonymous.com","","","","","","","","","Burkina Faso","f517cc08e12add0392a0d1ddd61abd0e@whois-anonymous.com","","","","","","","","","Burkina Faso","f517cc08e12add0392a0d1ddd61abd0e@whois-anonymous.com","","","","","","","","","Burkina Faso","f517cc08e12add0392a0d1ddd61abd0e@whois-anonymous.com","","","","","","","More","clientTransferProhibited","informations","on"
"5","ids-sa.net","2020-05-06 19:02:21","2020-05-04","2020-05-04","2021-05-04","1647","Hosting Concepts B.V. dba Openprovider","whois.registrar.eu","http://www.openprovider.com","REDACTED FOR PRIVACY","IDS SA","REDACTED FOR PRIVACY","REDACTED FOR PRIVACY","","REDACTED FOR PRIVACY","Burkina Faso","","REDACTED FOR PRIVACY","REDACTED FOR PRIVACY","REDACTED FOR PRIVACY","REDACTED FOR PRIVACY","REDACTED FOR PRIVACY","REDACTED FOR PRIVACY","REDACTED FOR PRIVACY","REDACTED FOR PRIVACY","REDACTED FOR PRIVACY","","REDACTED FOR PRIVACY","REDACTED FOR PRIVACY","REDACTED FOR PRIVACY","REDACTED FOR PRIVACY","REDACTED FOR PRIVACY","REDACTED FOR PRIVACY","REDACTED FOR PRIVACY","REDACTED FOR PRIVACY","REDACTED FOR PRIVACY","","REDACTED FOR PRIVACY","REDACTED FOR PRIVACY","","","","","","","","","","","linheb11.ikoula.com","ns1.ikoula.nl","ns2.host2vps.com","","clientTransferProhibited","ok","",""
"6","netafriquetechnologies.net","2020-05-06 19:01:51","2020-05-05","2020-05-05","2021-05-05","1630","Ligne Web Services SARL","whois.nic.fr","http://www.ait.com","","","","","","","Burkina Faso","9c36621710ad4866a956847d2e7e033c@whois-anonymous.com","","","","","","","","","Burkina Faso","9c36621710ad4866a956847d2e7e033c@whois-anonymous.com","","","","","","","","","Burkina Faso","9c36621710ad4866a956847d2e7e033c@whois-anonymous.com","","","","","","","","","Burkina Faso","9c36621710ad4866a956847d2e7e033c@whois-anonymous.com","","","","","","","More","informations","on",""
"7","novatechbf.com","2020-05-06 23:26:35","2020-05-05","2020-05-06","2021-05-05","48","eNom, Inc.","whois.enom.com","http://www.enom.com","REDACTED FOR PRIVACY","REDACTED FOR PRIVACY","REDACTED FOR PRIVACY","REDACTED FOR PRIVACY","KADIOGO","REDACTED FOR PRIVACY","Burkina Faso","","REDACTED FOR PRIVACY","REDACTED FOR PRIVACY","REDACTED FOR PRIVACY","REDACTED FOR PRIVACY","REDACTED FOR PRIVACY","REDACTED FOR PRIVACY","REDACTED FOR PRIVACY","REDACTED FOR PRIVACY","REDACTED FOR PRIVACY","","REDACTED FOR PRIVACY","REDACTED FOR PRIVACY","REDACTED FOR PRIVACY","REDACTED FOR PRIVACY","REDACTED FOR PRIVACY","REDACTED FOR PRIVACY","REDACTED FOR PRIVACY","REDACTED FOR PRIVACY","REDACTED FOR PRIVACY","","REDACTED FOR PRIVACY","REDACTED FOR PRIVACY","","","","","","","","","","","ns3012.mochahost.com","ns4012.mochahost.com","","","addPeriod","clientTransferProhibited","",""
"8","salaireburkina.com","2020-05-06 20:34:49","2020-05-05","2020-05-06","2021-05-05","1630","Ligne Web Services SARL","whois.nic.fr","http://www.ait.com","","","","","","","Burkina Faso","33c34c39762c1bc1a3a2291408197f70@whois-anonymous.com","","","","","","","","","Burkina Faso","33c34c39762c1bc1a3a2291408197f70@whois-anonymous.com","","","","","","","","","Burkina Faso","33c34c39762c1bc1a3a2291408197f70@whois-anonymous.com","","","","","","","","","Burkina Faso","33c34c39762c1bc1a3a2291408197f70@whois-anonymous.com","","","ns5.lwsdns.com","ns6.lwsdns.com","ns7.lwsdns.com","ns8.lwsdns.com","More","clientTransferProhibited","informations","on"