"num","domain_name","query_time","create_date","update_date","expiry_date","domain_registrar_id","domain_registrar_name","domain_registrar_whois","domain_registrar_url","registrant_name","registrant_company","registrant_address","registrant_city","registrant_state","registrant_zip","registrant_country","registrant_email","registrant_phone","registrant_fax","administrative_name","administrative_company","administrative_address","administrative_city","administrative_state","administrative_zip","administrative_country","administrative_email","administrative_phone","administrative_fax","technical_name","technical_company","technical_address","technical_city","technical_state","technical_zip","technical_country","technical_email","technical_phone","technical_fax","billing_name","billing_company","billing_address","billing_city","billing_state","billing_zip","billing_country","billing_email","billing_phone","billing_fax","name_server_1","name_server_2","name_server_3","name_server_4","domain_status_1","domain_status_2","domain_status_3","domain_status_4"
"1","360virtualmeetings.com","2020-05-06 20:44:11","2020-05-04","2020-05-04","2022-05-04","146","GoDaddy.com, LLC","whois.godaddy.com","http://registrar.godaddy.com","","","","","San Jose","","Costa Rica","","","","","","","","","","","","","","","","","","","","","","","","","","","","","","","","","","ns63.domaincontrol.com","ns64.domaincontrol.com","","","clientDeleteProhibited","clientRenewProhibited","clientTransferProhibited","clientUpdateProhibited"
"2","alcanzalameta.com","2020-05-07 00:38:58","2020-05-04","2020-05-04","2021-05-04","146","GoDaddy.com, LLC","whois.godaddy.com","http://registrar.godaddy.com","Oz Digital Consulting","Oz Digital Consulting","","","San Jose","","Costa Rica","","","","","","","","","","","","","","","","","","","","","","","","","","","","","","","","","","ns63.domaincontrol.com","ns64.domaincontrol.com","","","clientDeleteProhibited","clientRenewProhibited","clientTransferProhibited","clientUpdateProhibited"
"3","alexcostacomedy.com","2020-05-07 00:54:19","2020-05-04","2020-05-04","2021-05-04","146","GoDaddy.com, LLC","whois.godaddy.com","http://registrar.godaddy.com","","","","","San Jose","","Costa Rica","","","","","","","","","","","","","","","","","","","","","","","","","","","","","","","","","","ns3.facturelocr.com","ns4.facturelocr.com","","","clientDeleteProhibited","clientRenewProhibited","clientTransferProhibited","clientUpdateProhibited"
"4","amazonunder50.com","2020-05-06 21:06:46","2020-05-04","2020-05-04","2021-05-04","146","GoDaddy.com, LLC","whois.godaddy.com","http://registrar.godaddy.com","GZ Online Business LLC","GZ Online Business LLC","","","FL","","Costa Rica","","","","","","","","","","","","","","","","","","","","","","","","","","","","","","","","","","ns29.domaincontrol.com","ns30.domaincontrol.com","","","clientDeleteProhibited","clientRenewProhibited","clientTransferProhibited","clientUpdateProhibited"
"5","aquesipuedes.com","2020-05-06 20:41:58","2020-05-04","2020-05-04","2023-05-04","146","GoDaddy.com, LLC","whois.godaddy.com","http://registrar.godaddy.com","","","","","Santa Ana","","Costa Rica","","","","","","","","","","","","","","","","","","","","","","","","","","","","","","","","","","ns77.domaincontrol.com","ns78.domaincontrol.com","","","clientDeleteProhibited","clientRenewProhibited","clientTransferProhibited","clientUpdateProhibited"
"6","b-bets2.com","2020-05-06 22:16:03","2020-05-05","2020-05-05","2021-05-05","69","Tucows Domains Inc.","whois.tucows.com","http://domainhelp.opensrs.net","REDACTED FOR PRIVACY","REDACTED FOR PRIVACY","REDACTED FOR PRIVACY","REDACTED FOR PRIVACY","Moravia","REDACTED FOR PRIVACY","Costa Rica","","REDACTED FOR PRIVACY","REDACTED FOR PRIVACY","REDACTED FOR PRIVACY","REDACTED FOR PRIVACY","REDACTED FOR PRIVACY","REDACTED FOR PRIVACY","REDACTED FOR PRIVACY","REDACTED FOR PRIVACY","REDACTED FOR PRIVACY","","REDACTED FOR PRIVACY","REDACTED FOR PRIVACY","REDACTED FOR PRIVACY","REDACTED FOR PRIVACY","REDACTED FOR PRIVACY","REDACTED FOR PRIVACY","REDACTED FOR PRIVACY","REDACTED FOR PRIVACY","REDACTED FOR PRIVACY","","REDACTED FOR PRIVACY","REDACTED FOR PRIVACY","","","","","","","","","","","ns10.redbackinternet.co.uk","ns9.redbackinternet.co.uk","","","clientTransferProhibited","clientUpdateProhibited","",""
"7","b-bets3.com","2020-05-06 20:26:32","2020-05-05","2020-05-05","2021-05-05","69","Tucows Domains Inc.","whois.tucows.com","http://domainhelp.opensrs.net","REDACTED FOR PRIVACY","REDACTED FOR PRIVACY","REDACTED FOR PRIVACY","REDACTED FOR PRIVACY","Moravia","REDACTED FOR PRIVACY","Costa Rica","","REDACTED FOR PRIVACY","REDACTED FOR PRIVACY","REDACTED FOR PRIVACY","REDACTED FOR PRIVACY","REDACTED FOR PRIVACY","REDACTED FOR PRIVACY","REDACTED FOR PRIVACY","REDACTED FOR PRIVACY","REDACTED FOR PRIVACY","","REDACTED FOR PRIVACY","REDACTED FOR PRIVACY","REDACTED FOR PRIVACY","REDACTED FOR PRIVACY","REDACTED FOR PRIVACY","REDACTED FOR PRIVACY","REDACTED FOR PRIVACY","REDACTED FOR PRIVACY","REDACTED FOR PRIVACY","","REDACTED FOR PRIVACY","REDACTED FOR PRIVACY","","","","","","","","","","","ns10.redbackinternet.co.uk","ns9.redbackinternet.co.uk","","","clientTransferProhibited","clientUpdateProhibited","",""
"8","b-bets4.com","2020-05-06 21:43:51","2020-05-05","2020-05-05","2021-05-05","69","Tucows Domains Inc.","whois.tucows.com","http://domainhelp.opensrs.net","REDACTED FOR PRIVACY","REDACTED FOR PRIVACY","REDACTED FOR PRIVACY","REDACTED FOR PRIVACY","Moravia","REDACTED FOR PRIVACY","Costa Rica","","REDACTED FOR PRIVACY","REDACTED FOR PRIVACY","REDACTED FOR PRIVACY","REDACTED FOR PRIVACY","REDACTED FOR PRIVACY","REDACTED FOR PRIVACY","REDACTED FOR PRIVACY","REDACTED FOR PRIVACY","REDACTED FOR PRIVACY","","REDACTED FOR PRIVACY","REDACTED FOR PRIVACY","REDACTED FOR PRIVACY","REDACTED FOR PRIVACY","REDACTED FOR PRIVACY","REDACTED FOR PRIVACY","REDACTED FOR PRIVACY","REDACTED FOR PRIVACY","REDACTED FOR PRIVACY","","REDACTED FOR PRIVACY","REDACTED FOR PRIVACY","","","","","","","","","","","ns10.redbackinternet.co.uk","ns9.redbackinternet.co.uk","","","clientTransferProhibited","clientUpdateProhibited","",""
"9","b-bets5.com","2020-05-06 20:26:17","2020-05-05","2020-05-05","2021-05-05","69","Tucows Domains Inc.","whois.tucows.com","http://domainhelp.opensrs.net","REDACTED FOR PRIVACY","REDACTED FOR PRIVACY","REDACTED FOR PRIVACY","REDACTED FOR PRIVACY","Moravia","REDACTED FOR PRIVACY","Costa Rica","","REDACTED FOR PRIVACY","REDACTED FOR PRIVACY","REDACTED FOR PRIVACY","REDACTED FOR PRIVACY","REDACTED FOR PRIVACY","REDACTED FOR PRIVACY","REDACTED FOR PRIVACY","REDACTED FOR PRIVACY","REDACTED FOR PRIVACY","","REDACTED FOR PRIVACY","REDACTED FOR PRIVACY","REDACTED FOR PRIVACY","REDACTED FOR PRIVACY","REDACTED FOR PRIVACY","REDACTED FOR PRIVACY","REDACTED FOR PRIVACY","REDACTED FOR PRIVACY","REDACTED FOR PRIVACY","","REDACTED FOR PRIVACY","REDACTED FOR PRIVACY","","","","","","","","","","","ns10.redbackinternet.co.uk","ns9.redbackinternet.co.uk","","","clientTransferProhibited","clientUpdateProhibited","",""
"10","b-bets6.com","2020-05-06 20:26:07","2020-05-05","2020-05-05","2021-05-05","69","Tucows Domains Inc.","whois.tucows.com","http://domainhelp.opensrs.net","REDACTED FOR PRIVACY","REDACTED FOR PRIVACY","REDACTED FOR PRIVACY","REDACTED FOR PRIVACY","Moravia","REDACTED FOR PRIVACY","Costa Rica","","REDACTED FOR PRIVACY","REDACTED FOR PRIVACY","REDACTED FOR PRIVACY","REDACTED FOR PRIVACY","REDACTED FOR PRIVACY","REDACTED FOR PRIVACY","REDACTED FOR PRIVACY","REDACTED FOR PRIVACY","REDACTED FOR PRIVACY","","REDACTED FOR PRIVACY","REDACTED FOR PRIVACY","REDACTED FOR PRIVACY","REDACTED FOR PRIVACY","REDACTED FOR PRIVACY","REDACTED FOR PRIVACY","REDACTED FOR PRIVACY","REDACTED FOR PRIVACY","REDACTED FOR PRIVACY","","REDACTED FOR PRIVACY","REDACTED FOR PRIVACY","","","","","","","","","","","ns10.redbackinternet.co.uk","ns9.redbackinternet.co.uk","","","clientTransferProhibited","clientUpdateProhibited","",""
"11","balconarenal.com","2020-05-06 19:15:04","2020-05-04","2020-05-04","2021-05-04","955","Launchpad, Inc.","whois.launchpad.com","http://www.launchpad.com","Ivette Lopez Fernandez","None","Calle 468, entre avenida 325 y ruta 42","La Fortuna","2","21007","Costa Rica","ivette.lo.fer@gmail.com","+506.83435054","","Ivette Lopez Fernandez","None","Calle 468, entre avenida 325 y ruta 42","La Fortuna","2","21007","Costa Rica","ivette.lo.fer@gmail.com","+506.83435054","","Ivette Lopez Fernandez","None","Calle 468, entre avenida 325 y ruta 42","La Fortuna","2","21007","Costa Rica","ivette.lo.fer@gmail.com","+506.83435054","","","","","","","","","","","","ns8269.hostgator.com","ns8270.hostgator.com","","","clientTransferProhibited","","",""
"12","bccrfclretiro.com","2020-05-06 21:10:32","2020-05-04","2020-05-04","2021-05-04","303","PDR Ltd. d/b/a PublicDomainRegistry.com","whois.publicdomainregistry.com","http://www.publicdomainregistry.com","Alvaro Navarro Orozco","","Las lajas, 22r55787 12","Tejar","Cartago","01101","Costa Rica","nalvaro148@gmail.com","+506.60287876","","Alvaro Navarro Orozco","","Las lajas, 22r55787 12","Tejar","Cartago","01101","Costa Rica","nalvaro148@gmail.com","+506.60287876","","Alvaro Navarro Orozco","","Las lajas, 22r55787 12","Tejar","Cartago","01101","Costa Rica","nalvaro148@gmail.com","+506.60287876","","","","","","","","","","","","ns46.hostgator.mx","ns47.hostgator.mx","","","clientTransferProhibited","","",""
"13","boutiqueoceanblue.com","2020-05-07 00:53:44","2020-05-04","2020-05-04","2021-05-04","146","GoDaddy.com, LLC","whois.godaddy.com","http://registrar.godaddy.com","","","","","Perez Zeledon","","Costa Rica","","","","","","","","","","","","","","","","","","","","","","","","","","","","","","","","","","ns63.domaincontrol.com","ns64.domaincontrol.com","","","clientDeleteProhibited","clientRenewProhibited","clientTransferProhibited","clientUpdateProhibited"
"14","celajecr.com","2020-05-06 20:26:08","2020-05-05","2020-05-05","2021-05-05","48","eNom, Inc.","whois.enom.com","http://www.enom.com","Redacted for privacy","Redacted for privacy","Redacted for privacy","Redacted for privacy","Guanacaste","Redacted for privacy","Costa Rica","","Redacted for privacy","Redacted for privacy","REDACTED FOR PRIVACY","REDACTED FOR PRIVACY","REDACTED FOR PRIVACY","REDACTED FOR PRIVACY","REDACTED FOR PRIVACY","REDACTED FOR PRIVACY","REDACTED FOR PRIVACY","","REDACTED FOR PRIVACY","REDACTED FOR PRIVACY","REDACTED FOR PRIVACY","REDACTED FOR PRIVACY","REDACTED FOR PRIVACY","REDACTED FOR PRIVACY","REDACTED FOR PRIVACY","REDACTED FOR PRIVACY","REDACTED FOR PRIVACY","","REDACTED FOR PRIVACY","REDACTED FOR PRIVACY","","","","","","","","","","","ns1.lineadns.com","ns2.lineadns.com","","","addPeriod","clientTransferProhibited","",""
"15","coachrpa.com","2020-05-06 21:09:39","2020-05-04","2020-05-04","2021-05-04","303","PDR Ltd. d/b/a PublicDomainRegistry.com","whois.publicdomainregistry.com","http://www.publicdomainregistry.com","Roxana Pacheco","RPA Coaching","18 Ultima Park 2","Escazu","San Jose","10201","Costa Rica","mauricio@enseriocr.com","+506.22285783","","Roxana Pacheco","RPA Coaching","18 Ultima Park 2","Escazu","San Jose","10201","Costa Rica","mauricio@enseriocr.com","+506.22285783","","Roxana Pacheco","RPA Coaching","18 Ultima Park 2","Escazu","San Jose","10201","Costa Rica","mauricio@enseriocr.com","+506.22285783","","","","","","","","","","","","ns1.dns-parking.com","ns2.dns-parking.com","","","clientTransferProhibited","","",""
"16","computingcr.com","2020-05-06 21:14:19","2020-05-04","2020-05-04","2021-05-04","69","Tucows Domains Inc.","whois.tucows.com","http://domainhelp.opensrs.net","REDACTED FOR PRIVACY","REDACTED FOR PRIVACY","REDACTED FOR PRIVACY","REDACTED FOR PRIVACY","Heredia","REDACTED FOR PRIVACY","Costa Rica","","REDACTED FOR PRIVACY","REDACTED FOR PRIVACY","REDACTED FOR PRIVACY","REDACTED FOR PRIVACY","REDACTED FOR PRIVACY","REDACTED FOR PRIVACY","REDACTED FOR PRIVACY","REDACTED FOR PRIVACY","REDACTED FOR PRIVACY","","REDACTED FOR PRIVACY","REDACTED FOR PRIVACY","REDACTED FOR PRIVACY","REDACTED FOR PRIVACY","REDACTED FOR PRIVACY","REDACTED FOR PRIVACY","REDACTED FOR PRIVACY","REDACTED FOR PRIVACY","REDACTED FOR PRIVACY","","REDACTED FOR PRIVACY","REDACTED FOR PRIVACY","","","","","","","","","","","dns1.claro-cloud.net.co","dns2.claro-cloud.net.co","","","OK","","",""
"17","conozcamosnuestrocanton.com","2020-05-06 20:27:58","2020-05-05","2020-05-05","2021-05-05","146","GoDaddy.com, LLC","whois.godaddy.com","http://registrar.godaddy.com","Hola Agencia Digital","Hola Agencia Digital","","","San Jose","","Costa Rica","","","","","","","","","","","","","","","","","","","","","","","","","","","","","","","","","","ns1.giow1053.siteground.us","ns2.giow1053.siteground.us","","","clientDeleteProhibited","clientRenewProhibited","clientTransferProhibited","clientUpdateProhibited"
"18","costaricamarket.com","2020-05-07 00:19:36","2020-05-05","2020-05-05","2021-05-05","146","GoDaddy.com, LLC","whois.godaddy.com","http://registrar.godaddy.com","","","","","Desamparados","","Costa Rica","","","","","","","","","","","","","","","","","","","","","","","","","","","","","","","","","","ns41.domaincontrol.com","ns42.domaincontrol.com","","","clientDeleteProhibited","clientRenewProhibited","clientTransferProhibited","clientUpdateProhibited"
"19","costaricaofertas.com","2020-05-06 22:12:00","2020-05-04","2020-05-04","2021-05-04","146","GoDaddy.com, LLC","whois.godaddy.com","http://registrar.godaddy.com","","","","","San Jose","","Costa Rica","","","","","","","","","","","","","","","","","","","","","","","","","","","","","","","","","","ns63.domaincontrol.com","ns64.domaincontrol.com","","","clientDeleteProhibited","clientRenewProhibited","clientTransferProhibited","clientUpdateProhibited"
"20","covidcontrolcr.com","2020-05-06 23:52:43","2020-05-05","2020-05-05","2022-05-05","146","GoDaddy.com, LLC","whois.godaddy.com","http://registrar.godaddy.com","","","","","San Jose","","Costa Rica","","","","","","","","","","","","","","","","","","","","","","","","","","","","","","","","","","ns41.domaincontrol.com","ns42.domaincontrol.com","","","clientDeleteProhibited","clientRenewProhibited","clientTransferProhibited","clientUpdateProhibited"
"21","crlifebalance.com","2020-05-07 00:56:23","2020-05-04","2020-05-04","2021-05-04","146","GoDaddy.com, LLC","whois.godaddy.com","http://registrar.godaddy.com","","","","","San Jose","","Costa Rica","","","","","","","","","","","","","","","","","","","","","","","","","","","","","","","","","","ns1.usm79.siteground.biz","ns2.usm79.siteground.biz","","","clientDeleteProhibited","clientRenewProhibited","clientTransferProhibited","clientUpdateProhibited"
"22","ctpsanisidrodeheredia.com","2020-05-06 19:20:48","2020-05-05","2020-05-05","2021-05-05","146","GoDaddy.com, LLC","whois.godaddy.com","http://registrar.godaddy.com","","","","","Alajuela","","Costa Rica","","","","","","","","","","","","","","","","","","","","","","","","","","","","","","","","","","ns49.domaincontrol.com","ns50.domaincontrol.com","","","clientDeleteProhibited","clientRenewProhibited","clientTransferProhibited","clientUpdateProhibited"
"23","culturecr.com","2020-05-07 00:19:33","2020-05-05","2020-05-05","2021-05-05","146","GoDaddy.com, LLC","whois.godaddy.com","http://registrar.godaddy.com","","","","","Cartago","","Costa Rica","","","","","","","","","","","","","","","","","","","","","","","","","","","","","","","","","","ns77.domaincontrol.com","ns78.domaincontrol.com","","","clientDeleteProhibited","clientRenewProhibited","clientTransferProhibited","clientUpdateProhibited"
"24","devopsnearshoring.com","2020-05-06 20:56:10","2020-05-04","2020-05-04","2022-05-04","146","GoDaddy.com, LLC","whois.godaddy.com","http://registrar.godaddy.com","BSN Latam","BSN Latam","","","San Jose","","Costa Rica","","","","","","","","","","","","","","","","","","","","","","","","","","","","","","","","","","ns63.domaincontrol.com","ns64.domaincontrol.com","","","clientDeleteProhibited","clientRenewProhibited","clientTransferProhibited","clientUpdateProhibited"
"25","dexuscode.com","2020-05-06 21:44:44","2020-05-04","2020-05-04","2021-05-04","146","GoDaddy.com, LLC","whois.godaddy.com","http://registrar.godaddy.com","","","","","San Jose","","Costa Rica","","","","","","","","","","","","","","","","","","","","","","","","","","","","","","","","","","ns29.domaincontrol.com","ns30.domaincontrol.com","","","clientDeleteProhibited","clientRenewProhibited","clientTransferProhibited","clientUpdateProhibited"
"26","disenistico.com","2020-05-06 20:45:37","2020-05-04","2020-05-04","2021-05-04","625","Name.com, Inc.","whois.name.com","http://www.name.com","Rodolfo Arias","ITDEVCOMM","Escazu","Escazu","SJ","00000","Costa Rica","soporte@itdevcomm.com","+506.40013858","","Rodolfo Arias","ITDEVCOMM","Escazu","Escazu","SJ","00000","Costa Rica","soporte@itdevcomm.com","+506.40013858","","Rodolfo Arias","ITDEVCOMM","Escazu","Escazu","SJ","00000","Costa Rica","soporte@itdevcomm.com","+506.40013858","","","","","","","","","","","","ns1.name.com","ns2.name.com","ns3.name.com","ns4.name.com","addPeriod","clientTransferProhibited","",""
"27","elclubcr.com","2020-05-06 20:26:31","2020-05-05","2020-05-06","2022-05-05","1154","FastDomain Inc.","whois.fastdomain.com","http://www.fastdomain.com","ADRIAN MOYA","","PINARES, CURRIDABAT","SAN JOSE","","11801","Costa Rica","amoya@agenciavirtualcr.com","+506.88551652","","ADRIAN MOYA","","PINARES, CURRIDABAT","SAN JOSE","","11801","Costa Rica","amoya@agenciavirtualcr.com","+506.88551652","","BLUEHOST INC","BLUEHOST.COM","550 E TIMPANOGOS PKWY","OREM","UTAH","84097","United States","domain@redl.ca","+1.8017659400","+1.8017651992","","","","","","","","","","","ns1.bluehost.com","ns2.bluehost.com","","","clientTransferProhibited","","",""
"28","enfocadosradio.com","2020-05-06 23:44:05","2020-05-05","2020-05-05","2021-05-05","146","GoDaddy.com, LLC","whois.godaddy.com","http://registrar.godaddy.com","","","","","San Jose","","Costa Rica","","","","","","","","","","","","","","","","","","","","","","","","","","","","","","","","","","ns29.domaincontrol.com","ns30.domaincontrol.com","","","clientDeleteProhibited","clientRenewProhibited","clientTransferProhibited","clientUpdateProhibited"
"29","estoyemprendiendo.com","2020-05-06 23:42:52","2020-05-05","2020-05-05","2021-05-05","1383","Soluciones Corporativas IP, SLU","whois.scip.es","http://www.dondominio.com","REDACTED FOR PRIVACY","","REDACTED FOR PRIVACY","REDACTED FOR PRIVACY","Cartago","REDACTED FOR PRIVACY","Costa Rica","","REDACTED FOR PRIVACY","REDACTED FOR PRIVACY","REDACTED FOR PRIVACY","REDACTED FOR PRIVACY","REDACTED FOR PRIVACY","REDACTED FOR PRIVACY","REDACTED FOR PRIVACY","REDACTED FOR PRIVACY","REDACTED FOR PRIVACY","","REDACTED FOR PRIVACY","REDACTED FOR PRIVACY","REDACTED FOR PRIVACY","REDACTED FOR PRIVACY","REDACTED FOR PRIVACY","REDACTED FOR PRIVACY","REDACTED FOR PRIVACY","REDACTED FOR PRIVACY","REDACTED FOR PRIVACY","","REDACTED FOR PRIVACY","REDACTED FOR PRIVACY","","","","","","","","","","","ns3051.webempresa.eu","ns3052.webempresa.eu","","","OK","","",""
"30","estushow.com","2020-05-07 01:02:15","2020-05-04","2020-05-04","2021-05-04","303","PDR Ltd. d/b/a PublicDomainRegistry.com","whois.publicdomainregistry.com","http://www.publicdomainregistry.com","Mr Rabbit S.A Mr Rabbit S.A","Mr Rabbit S.A","100 metros Norte cruce de la y griega Contiguo a residencial el puente.","Valverde Vega","Alajuela","21201","Costa Rica","contabilidad@mrrabbit.cr","+506.85280288","","Mr Rabbit S.A Mr Rabbit S.A","Mr Rabbit S.A","100 metros Norte cruce de la y griega Contiguo a residencial el puente.","Valverde Vega","Alajuela","21201","Costa Rica","contabilidad@mrrabbit.cr","+506.85280288","","Mr Rabbit S.A Mr Rabbit S.A","Mr Rabbit S.A","100 metros Norte cruce de la y griega Contiguo a residencial el puente.","Valverde Vega","Alajuela","21201","Costa Rica","contabilidad@mrrabbit.cr","+506.85280288","","","","","","","","","","","","ns1.yappcr.com","ns2.yappcr.com","","","clientTransferProhibited","","",""
"31","fincatiquicia.com","2020-05-06 23:07:46","2020-05-05","2020-05-05","2021-05-05","1390","Mesh Digital Limited","whois.meshdigital.com","http://www.meshdigital.com","REDACTED FOR PRIVACY","","REDACTED FOR PRIVACY","REDACTED FOR PRIVACY","","REDACTED FOR PRIVACY","Costa Rica","","REDACTED FOR PRIVACY","REDACTED FOR PRIVACY","","","","","","","","","","","","","","","","","","","","","","","","","","","","","","","ns.namespace4you.com","ns2.namespace4you.com","","","clientDeleteProhibited","clientTransferProhibited","clientUpdateProhibited",""
"32","gabachasmm.com","2020-05-06 19:20:30","2020-05-05","2020-05-05","2021-05-05","146","GoDaddy.com, LLC","whois.godaddy.com","http://registrar.godaddy.com","Importaciones SB de Costa Rica S.A","Importaciones SB de Costa Rica S.A","","","Heredia","","Costa Rica","","","","","","","","","","","","","","","","","","","","","","","","","","","","","","","","","","ns1.inboxcr.com","ns2.inboxcr.com","","","clientDeleteProhibited","clientRenewProhibited","clientTransferProhibited","clientUpdateProhibited"
"33","genesys.agency","2020-05-06 14:38:29","2020-05-04","2020-05-04","2021-05-04","146","GoDaddy.com, LLC","whois.godaddy.com","http://registrar.godaddy.com","REDACTED FOR PRIVACY","","REDACTED FOR PRIVACY","REDACTED FOR PRIVACY","San Jose","REDACTED FOR PRIVACY","Costa Rica","","REDACTED FOR PRIVACY","REDACTED FOR PRIVACY","","","","","","","","","","","","","","","","","","","","","","","","","","","","","","","","","","","addPeriod","clientDeleteProhibited","clientRenewProhibited","clientTransferProhibited"
"34","grupoorocr.com","2020-05-06 21:45:05","2020-05-05","2020-05-05","2021-05-05","146","GoDaddy.com, LLC","whois.godaddy.com","http://registrar.godaddy.com","","","","","San Carlos","","Costa Rica","","","","","","","","","","","","","","","","","","","","","","","","","","","","","","","","","","ns63.domaincontrol.com","ns64.domaincontrol.com","","","clientDeleteProhibited","clientRenewProhibited","clientTransferProhibited","clientUpdateProhibited"
"35","guachitico.com","2020-05-06 21:14:18","2020-05-04","2020-05-04","2021-05-04","146","GoDaddy.com, LLC","whois.godaddy.com","http://registrar.godaddy.com","","","","","San Jose","","Costa Rica","","","","","","","","","","","","","","","","","","","","","","","","","","","","","","","","","","ns1.justhost.com","ns2.justhost.com","","","clientDeleteProhibited","clientRenewProhibited","clientTransferProhibited","clientUpdateProhibited"
"36","happythoughtscr.com","2020-05-06 19:21:38","2020-05-05","2020-05-05","2021-05-05","146","GoDaddy.com, LLC","whois.godaddy.com","http://registrar.godaddy.com","","","","","Heredia","","Costa Rica","","","","","","","","","","","","","","","","","","","","","","","","","","","","","","","","","","ns29.domaincontrol.com","ns30.domaincontrol.com","","","clientDeleteProhibited","clientRenewProhibited","clientTransferProhibited","clientUpdateProhibited"
"37","hiperinn.com","2020-05-06 20:45:56","2020-05-04","2020-05-04","2021-05-04","895","Google, Inc.","whois.rrpproxy.net","http://www.google.com","","","","","Alajuela","","Costa Rica","","","","","","","","","","","","","","","","","","","","","","","","","","","","","","","","","","ns-cloud-d1.googledomains.com","ns-cloud-d2.googledomains.com","ns-cloud-d3.googledomains.com","ns-cloud-d4.googledomains.com","clientTransferProhibited","","",""
"38","holaeva.com","2020-05-06 20:40:36","2020-05-04","2020-05-04","2021-05-04","625","Name.com, Inc.","whois.name.com","http://www.name.com","Kenneth Calderon","Throne Tech LTDA","La Guacima","Alajuela","Alajuela","20105","Costa Rica","kcalderon@edna.ai","+1.70185720","","Kenneth Calderon","Throne Tech LTDA","La Guacima","Alajuela","Alajuela","20105","Costa Rica","kcalderon@edna.ai","+1.70185720","","Kenneth Calderon","Throne Tech LTDA","La Guacima","Alajuela","Alajuela","20105","Costa Rica","kcalderon@edna.ai","+1.70185720","","","","","","","","","","","","ns4.wixdns.net","ns5.wixdns.net","","","addPeriod","clientTransferProhibited","",""
"39","ikiwaiistudio.com","2020-05-07 00:09:31","2020-05-05","2020-05-05","2021-05-05","303","PDR Ltd. d/b/a PublicDomainRegistry.com","whois.publicdomainregistry.com","http://www.publicdomainregistry.com","Jorge Manuel Porras Ortiz","ikiwaiistudio","San Jose, San Pedro","San Jose","San Jose","11502","Costa Rica","jorgeporras09@gmail.com","+506.86431604","","Jorge Manuel Porras Ortiz","ikiwaiistudio","San Jose, San Pedro","San Jose","San Jose","11502","Costa Rica","jorgeporras09@gmail.com","+506.86431604","","Jorge Manuel Porras Ortiz","ikiwaiistudio","San Jose, San Pedro","San Jose","San Jose","11502","Costa Rica","jorgeporras09@gmail.com","+506.86431604","","","","","","","","","","","","ns1.dns-parking.com","ns2.dns-parking.com","","","clientTransferProhibited","","",""
"40","insoteccr.com","2020-05-07 00:35:07","2020-05-05","2020-05-05","2021-05-05","146","GoDaddy.com, LLC","whois.godaddy.com","http://registrar.godaddy.com","INSOTEC","INSOTEC","","","San Jose","","Costa Rica","","","","","","","","","","","","","","","","","","","","","","","","","","","","","","","","","","ns1.lineadns.com","ns2.lineadns.com","","","clientDeleteProhibited","clientRenewProhibited","clientTransferProhibited","clientUpdateProhibited"
"41","irplusec.com","2020-05-06 19:37:44","2020-05-05","2020-05-05","2021-05-05","320","TLDs LLC dba SRSplus","whois.srsplus.com","http://www.srsplus.com","Carlos Meythaler","","Moravia, La Guaria a 50mts sur este d","San Jose","SJO","776155","Costa Rica","domains@cyberfuel.com","+506.60902009","+506.22049495","Cyberfuel Administrator","Cyberfuel S.A.","Parque Empresarial Forum Edif. E 2do. piso","San Jose","SJO","776155","Costa Rica","domains@cyberfuel.com","+506.22049494","+506.22049495","Cyberfuel Administrator","Cyberfuel S.A.","Parque Empresarial Forum Edif. E 2do. piso","San Jose","SJO","776155","Costa Rica","domains@cyberfuel.com","+506.22049494","+506.22049495","","","","","","","","","","","ns1.cyberfuel.com","ns2.cyberfuel.com","","","clientTransferProhibited","","",""
"42","jeremirojas.com","2020-05-06 19:40:06","2020-05-05","2020-05-05","2022-05-05","146","GoDaddy.com, LLC","whois.godaddy.com","http://registrar.godaddy.com","Jeremi Rojas Orozco","Jeremi Rojas Orozco","","","Cartago","","Costa Rica","","","","","","","","","","","","","","","","","","","","","","","","","","","","","","","","","","ns49.domaincontrol.com","ns50.domaincontrol.com","","","clientDeleteProhibited","clientRenewProhibited","clientTransferProhibited","clientUpdateProhibited"
"43","jonathanmatzner.com","2020-05-06 20:45:57","2020-05-04","2020-05-04","2021-05-04","146","GoDaddy.com, LLC","whois.godaddy.com","http://registrar.godaddy.com","","","","","Guanacaste","","Costa Rica","","","","","","","","","","","","","","","","","","","","","","","","","","","","","","","","","","ns41.domaincontrol.com","ns42.domaincontrol.com","","","clientDeleteProhibited","clientRenewProhibited","clientTransferProhibited","clientUpdateProhibited"
"44","juanmanuelcaicedo.com","2020-05-06 21:15:03","2020-05-04","2020-05-04","2021-05-04","440","Wild West Domains, LLC","whois.wildwestdomains.com","http://www.wildwestdomains.com","","","","","San Jose","","Costa Rica","","","","","","","","","","","","","","","","","","","","","","","","","","","","","","","","","","ns8331.hostgator.com","ns8332.hostgator.com","","","clientDeleteProhibited","clientRenewProhibited","clientTransferProhibited","clientUpdateProhibited"
"45","junglasmart.com","2020-05-06 20:45:57","2020-05-04","2020-05-04","2021-05-04","146","GoDaddy.com, LLC","whois.godaddy.com","http://registrar.godaddy.com","","","","","San Jose","","Costa Rica","","","","","","","","","","","","","","","","","","","","","","","","","","","","","","","","","","ns3.facturelocr.com","ns4.facturelocr.com","","","clientDeleteProhibited","clientRenewProhibited","clientTransferProhibited","clientUpdateProhibited"
"46","kristinaullrich.com","2020-05-06 20:42:46","2020-05-04","2020-05-04","2022-05-04","146","GoDaddy.com, LLC","whois.godaddy.com","http://registrar.godaddy.com","","","","","Guanacaste","","Costa Rica","","","","","","","","","","","","","","","","","","","","","","","","","","","","","","","","","","ns77.domaincontrol.com","ns78.domaincontrol.com","","","clientDeleteProhibited","clientRenewProhibited","clientTransferProhibited","clientUpdateProhibited"
"47","laromeriavirtual.com","2020-05-07 00:47:19","2020-05-04","2020-05-04","2021-05-04","146","GoDaddy.com, LLC","whois.godaddy.com","http://registrar.godaddy.com","GrupoHajime.Com","GrupoHajime.Com","","","San Jose","","Costa Rica","","","","","","","","","","","","","","","","","","","","","","","","","","","","","","","","","","pdns01.domaincontrol.com","pdns02.domaincontrol.com","","","clientDeleteProhibited","clientRenewProhibited","clientTransferProhibited","clientUpdateProhibited"
"48","lavidatuanis.com","2020-05-06 20:44:14","2020-05-04","2020-05-04","2021-05-04","303","PDR Ltd. d/b/a PublicDomainRegistry.com","whois.publicdomainregistry.com","http://www.publicdomainregistry.com","Enserio Marketing","Enserio","18 Ultima Park 2","Escazu","San Jose","10201","Costa Rica","mauricio@enseriocr.com","+506.22010000","","Enserio Marketing","Enserio","18 Ultima Park 2","Escazu","San Jose","10201","Costa Rica","mauricio@enseriocr.com","+506.22010000","","Enserio Marketing","Enserio","18 Ultima Park 2","Escazu","San Jose","10201","Costa Rica","mauricio@enseriocr.com","+506.22010000","","","","","","","","","","","","ns1.dns-parking.com","ns2.dns-parking.com","","","clientTransferProhibited","","",""
"49","licsinai.com","2020-05-07 00:27:46","2020-05-05","2020-05-05","2021-05-05","69","Tucows Domains Inc.","whois.tucows.com","http://domainhelp.opensrs.net","REDACTED FOR PRIVACY","REDACTED FOR PRIVACY","REDACTED FOR PRIVACY","REDACTED FOR PRIVACY","XX","REDACTED FOR PRIVACY","Costa Rica","","REDACTED FOR PRIVACY","REDACTED FOR PRIVACY","REDACTED FOR PRIVACY","REDACTED FOR PRIVACY","REDACTED FOR PRIVACY","REDACTED FOR PRIVACY","REDACTED FOR PRIVACY","REDACTED FOR PRIVACY","REDACTED FOR PRIVACY","","REDACTED FOR PRIVACY","REDACTED FOR PRIVACY","REDACTED FOR PRIVACY","REDACTED FOR PRIVACY","REDACTED FOR PRIVACY","REDACTED FOR PRIVACY","REDACTED FOR PRIVACY","REDACTED FOR PRIVACY","REDACTED FOR PRIVACY","","REDACTED FOR PRIVACY","REDACTED FOR PRIVACY","","","","","","","","","","","ns1.giow1084.siteground.us","ns2.giow1084.siteground.us","","","clientTransferProhibited","clientUpdateProhibited","",""
"50","liveedgefurniture-costarica.com","2020-05-07 00:37:04","2020-05-04","2020-05-04","2021-05-04","48","eNom, Inc.","whois.enom.com","http://www.enom.com","REDACTED FOR PRIVACY","REDACTED FOR PRIVACY","REDACTED FOR PRIVACY","REDACTED FOR PRIVACY","San Jose","REDACTED FOR PRIVACY","Costa Rica","","REDACTED FOR PRIVACY","REDACTED FOR PRIVACY","REDACTED FOR PRIVACY","REDACTED FOR PRIVACY","REDACTED FOR PRIVACY","REDACTED FOR PRIVACY","REDACTED FOR PRIVACY","REDACTED FOR PRIVACY","REDACTED FOR PRIVACY","","REDACTED FOR PRIVACY","REDACTED FOR PRIVACY","REDACTED FOR PRIVACY","REDACTED FOR PRIVACY","REDACTED FOR PRIVACY","REDACTED FOR PRIVACY","REDACTED FOR PRIVACY","REDACTED FOR PRIVACY","REDACTED FOR PRIVACY","","REDACTED FOR PRIVACY","REDACTED FOR PRIVACY","","","","","","","","","","","mdns1.hostwindsdns.com","mdns2.hostwindsdns.com","mdns3.hostwindsdns.com","mdns4.hostwindsdns.com","addPeriod","clientTransferProhibited","",""
"51","los10deamazon.com","2020-05-06 21:19:05","2020-05-04","2020-05-04","2021-05-04","146","GoDaddy.com, LLC","whois.godaddy.com","http://registrar.godaddy.com","GZ Online Business LLC","GZ Online Business LLC","","","FL","","Costa Rica","","","","","","","","","","","","","","","","","","","","","","","","","","","","","","","","","","ns41.domaincontrol.com","ns42.domaincontrol.com","","","clientDeleteProhibited","clientRenewProhibited","clientTransferProhibited","clientUpdateProhibited"
"52","los10deamazon.net","2020-05-06 19:02:05","2020-05-04","2020-05-04","2021-05-04","146","GoDaddy.com, LLC","whois.godaddy.com","http://registrar.godaddy.com","GZ Online Business LLC","GZ Online Business LLC","","","FL","","Costa Rica","","","","","","","","","","","","","","","","","","","","","","","","","","","","","","","","","","ns63.domaincontrol.com","ns64.domaincontrol.com","","","clientDeleteProhibited","clientRenewProhibited","clientTransferProhibited","clientUpdateProhibited"
"53","lossantosexpress.com","2020-05-07 01:01:27","2020-05-04","2020-05-04","2021-05-04","146","GoDaddy.com, LLC","whois.godaddy.com","http://registrar.godaddy.com","","","","","Fl","","Costa Rica","","","","","","","","","","","","","","","","","","","","","","","","","","","","","","","","","","ns8.wixdns.net","ns9.wixdns.net","","","clientDeleteProhibited","clientRenewProhibited","clientTransferProhibited","clientUpdateProhibited"
"54","marielgraciacr.com","2020-05-07 00:55:17","2020-05-04","2020-05-04","2021-05-04","146","GoDaddy.com, LLC","whois.godaddy.com","http://registrar.godaddy.com","Envision Costa Rica SRL","Envision Costa Rica SRL","","","San Jose","","Costa Rica","","","","","","","","","","","","","","","","","","","","","","","","","","","","","","","","","","ns77.domaincontrol.com","ns78.domaincontrol.com","","","clientDeleteProhibited","clientRenewProhibited","clientTransferProhibited","clientUpdateProhibited"
"55","mentor-d.com","2020-05-06 21:19:41","2020-05-04","2020-05-04","2021-05-04","146","GoDaddy.com, LLC","whois.godaddy.com","http://registrar.godaddy.com","Think Systems","Think Systems","","","San Jose","","Costa Rica","","","","","","","","","","","","","","","","","","","","","","","","","","","","","","","","","","ns63.domaincontrol.com","ns64.domaincontrol.com","","","clientDeleteProhibited","clientRenewProhibited","clientTransferProhibited","clientUpdateProhibited"
"56","motoadventuremagazine.com","2020-05-06 23:52:35","2020-05-05","2020-05-05","2021-05-05","146","GoDaddy.com, LLC","whois.godaddy.com","http://registrar.godaddy.com","Moto Adventure Costa Rica","Moto Adventure Costa Rica","","","Alajuela","","Costa Rica","","","","","","","","","","","","","","","","","","","","","","","","","","","","","","","","","","ns63.domaincontrol.com","ns64.domaincontrol.com","","","clientDeleteProhibited","clientRenewProhibited","clientTransferProhibited","clientUpdateProhibited"
"57","mussioarquitectos.com","2020-05-06 21:20:16","2020-05-04","2020-05-04","2022-05-04","146","GoDaddy.com, LLC","whois.godaddy.com","http://registrar.godaddy.com","SMM","SMM","","","San Jose","","Costa Rica","","","","","","","","","","","","","","","","","","","","","","","","","","","","","","","","","","ns41.domaincontrol.com","ns42.domaincontrol.com","","","clientDeleteProhibited","clientRenewProhibited","clientTransferProhibited","clientUpdateProhibited"
"58","oldchevycr.com","2020-05-07 00:20:13","2020-05-05","2020-05-05","2021-05-05","146","GoDaddy.com, LLC","whois.godaddy.com","http://registrar.godaddy.com","Infinity Agencia de Diseno","Infinity Agencia de Diseno","","","San Jose","","Costa Rica","","","","","","","","","","","","","","","","","","","","","","","","","","","","","","","","","","ns1.supercp.com","ns2.supercp.com","ns3.supercp.com","ns4.supercp.com","clientDeleteProhibited","clientRenewProhibited","clientTransferProhibited","clientUpdateProhibited"
"59","ozonocostarica.com","2020-05-06 20:29:44","2020-05-05","2020-05-05","2021-05-05","146","GoDaddy.com, LLC","whois.godaddy.com","http://registrar.godaddy.com","","","","","Vazquez De Coronado","","Costa Rica","","","","","","","","","","","","","","","","","","","","","","","","","","","","","","","","","","ns77.domaincontrol.com","ns78.domaincontrol.com","","","clientDeleteProhibited","clientRenewProhibited","clientTransferProhibited","clientUpdateProhibited"
"60","pandasazules.com","2020-05-07 00:42:18","2020-05-04","2020-05-04","2021-05-04","146","GoDaddy.com, LLC","whois.godaddy.com","http://registrar.godaddy.com","Personal","Personal","","","Rohrmoser","","Costa Rica","","","","","","","","","","","","","","","","","","","","","","","","","","","","","","","","","","ns29.domaincontrol.com","ns30.domaincontrol.com","","","clientDeleteProhibited","clientRenewProhibited","clientTransferProhibited","clientUpdateProhibited"
"61","quehacersitedespiden.com","2020-05-06 23:26:57","2020-05-05","2020-05-05","2021-05-05","146","GoDaddy.com, LLC","whois.godaddy.com","http://registrar.godaddy.com","Neuro Consulting","Neuro Consulting","","","San Jose","","Costa Rica","","","","","","","","","","","","","","","","","","","","","","","","","","","","","","","","","","ns63.domaincontrol.com","ns64.domaincontrol.com","","","clientDeleteProhibited","clientRenewProhibited","clientTransferProhibited","clientUpdateProhibited"
"62","quetzalrealestate.com","2020-05-07 01:01:35","2020-05-04","2020-05-04","2021-05-04","146","GoDaddy.com, LLC","whois.godaddy.com","http://registrar.godaddy.com","","","","","Fl","","Costa Rica","","","","","","","","","","","","","","","","","","","","","","","","","","","","","","","","","","ns77.domaincontrol.com","ns78.domaincontrol.com","","","clientDeleteProhibited","clientRenewProhibited","clientTransferProhibited","clientUpdateProhibited"
"63","rentnhome.com","2020-05-06 21:30:01","2020-05-04","2020-05-04","2021-05-04","146","GoDaddy.com, LLC","whois.godaddy.com","http://registrar.godaddy.com","Illustrator League","Illustrator League","","","San Jose","","Costa Rica","","","","","","","","","","","","","","","","","","","","","","","","","","","","","","","","","","ns41.domaincontrol.com","ns42.domaincontrol.com","","","clientDeleteProhibited","clientRenewProhibited","clientTransferProhibited","clientUpdateProhibited"
"64","rhmarketingroup.com","2020-05-07 00:37:19","2020-05-04","2020-05-04","2021-05-04","146","GoDaddy.com, LLC","whois.godaddy.com","http://registrar.godaddy.com","Quieromimoto","Quieromimoto","","","AL","","Costa Rica","","","","","","","","","","","","","","","","","","","","","","","","","","","","","","","","","","ns63.domaincontrol.com","ns64.domaincontrol.com","","","clientDeleteProhibited","clientRenewProhibited","clientTransferProhibited","clientUpdateProhibited"
"65","rojassolutions.com","2020-05-07 00:34:25","2020-05-05","2020-05-05","2021-05-05","955","Launchpad, Inc.","whois.launchpad.com","http://www.launchpad.com","Julian Rojas","None","50 m Oeste del ampm Tejar, El Guarco, 64A Cartago","El Guarco","3","30801","Costa Rica","juli.rojas37@gmail.com","+506.84883530","","Julian Rojas","None","50 m Oeste del ampm Tejar, El Guarco, 64A Cartago","El Guarco","3","30801","Costa Rica","juli.rojas37@gmail.com","+506.84883530","","Julian Rojas","None","50 m Oeste del ampm Tejar, El Guarco, 64A Cartago","El Guarco","3","30801","Costa Rica","juli.rojas37@gmail.com","+506.84883530","","","","","","","","","","","","ns8051.hostgator.com","ns8052.hostgator.com","","","clientTransferProhibited","","",""
"66","romeriavirtualcr.com","2020-05-07 00:53:29","2020-05-04","2020-05-04","2021-05-04","146","GoDaddy.com, LLC","whois.godaddy.com","http://registrar.godaddy.com","GrupoHajime.Com","GrupoHajime.Com","","","San Jose","","Costa Rica","","","","","","","","","","","","","","","","","","","","","","","","","","","","","","","","","","pdns01.domaincontrol.com","pdns02.domaincontrol.com","","","clientDeleteProhibited","clientRenewProhibited","clientTransferProhibited","clientUpdateProhibited"
"67","rvfacturas.com","2020-05-06 20:40:46","2020-05-04","2020-05-04","2021-05-04","69","Tucows Domains Inc.","whois.tucows.com","http://domainhelp.opensrs.net","REDACTED FOR PRIVACY","REDACTED FOR PRIVACY","REDACTED FOR PRIVACY","REDACTED FOR PRIVACY","Alajuela","REDACTED FOR PRIVACY","Costa Rica","","REDACTED FOR PRIVACY","REDACTED FOR PRIVACY","REDACTED FOR PRIVACY","REDACTED FOR PRIVACY","REDACTED FOR PRIVACY","REDACTED FOR PRIVACY","REDACTED FOR PRIVACY","REDACTED FOR PRIVACY","REDACTED FOR PRIVACY","","REDACTED FOR PRIVACY","REDACTED FOR PRIVACY","REDACTED FOR PRIVACY","REDACTED FOR PRIVACY","REDACTED FOR PRIVACY","REDACTED FOR PRIVACY","REDACTED FOR PRIVACY","REDACTED FOR PRIVACY","REDACTED FOR PRIVACY","","REDACTED FOR PRIVACY","REDACTED FOR PRIVACY","","","","","","","","","","","dns1.claro-cloud.net.co","dns2.claro-cloud.net.co","","","OK","","",""
"68","sepocacr.com","2020-05-06 20:41:14","2020-05-04","2020-05-04","2021-05-04","146","GoDaddy.com, LLC","whois.godaddy.com","http://registrar.godaddy.com","Evec Solutions","Evec Solutions","","","CARTAGO","","Costa Rica","","","","","","","","","","","","","","","","","","","","","","","","","","","","","","","","","","ns1.hostevec.com","ns2.hostevec.com","","","clientDeleteProhibited","clientRenewProhibited","clientTransferProhibited","clientUpdateProhibited"
"69","shopcanamo.com","2020-05-07 00:31:23","2020-05-05","2020-05-05","2021-05-05","146","GoDaddy.com, LLC","whois.godaddy.com","http://registrar.godaddy.com","Canamo de Costa RIca","Canamo de Costa RIca","","","San Jose","","Costa Rica","","","","","","","","","","","","","","","","","","","","","","","","","","","","","","","","","","ns63.domaincontrol.com","ns64.domaincontrol.com","","","clientDeleteProhibited","clientRenewProhibited","clientTransferProhibited","clientUpdateProhibited"
"70","tcl-legal.com","2020-05-07 01:11:53","2020-05-04","2020-05-04","2022-05-04","146","GoDaddy.com, LLC","whois.godaddy.com","http://registrar.godaddy.com","3-102-780007 S.R.L.","3-102-780007 S.R.L.","","","San Jose","","Costa Rica","","","","","","","","","","","","","","","","","","","","","","","","","","","","","","","","","","ns1.dozuro.com","ns2.dozuro.com","","","clientDeleteProhibited","clientRenewProhibited","clientTransferProhibited","clientUpdateProhibited"
"71","tecnoutletcr.com","2020-05-06 20:30:26","2020-05-05","2020-05-05","2021-05-05","146","GoDaddy.com, LLC","whois.godaddy.com","http://registrar.godaddy.com","JPFA TECNOLOGIAS","JPFA TECNOLOGIAS","","","san jose","","Costa Rica","","","","","","","","","","","","","","","","","","","","","","","","","","","","","","","","","","ns29.domaincontrol.com","ns30.domaincontrol.com","","","clientDeleteProhibited","clientRenewProhibited","clientTransferProhibited","clientUpdateProhibited"
"72","the10winners.com","2020-05-06 21:58:35","2020-05-04","2020-05-04","2021-05-04","146","GoDaddy.com, LLC","whois.godaddy.com","http://registrar.godaddy.com","GZ Online Business LLC","GZ Online Business LLC","","","FL","","Costa Rica","","","","","","","","","","","","","","","","","","","","","","","","","","","","","","","","","","ns29.domaincontrol.com","ns30.domaincontrol.com","","","clientDeleteProhibited","clientRenewProhibited","clientTransferProhibited","clientUpdateProhibited"
"73","themoneytimerule.com","2020-05-06 21:17:45","2020-05-04","2020-05-04","2021-05-04","146","GoDaddy.com, LLC","whois.godaddy.com","http://registrar.godaddy.com","","","","","","","Costa Rica","","","","","","","","","","","","","","","","","","","","","","","","","","","","","","","","","","ns41.domaincontrol.com","ns42.domaincontrol.com","","","clientDeleteProhibited","clientRenewProhibited","clientTransferProhibited","clientUpdateProhibited"
"74","thetruthaboutjonmatzner.com","2020-05-06 20:44:20","2020-05-04","2020-05-04","2021-05-04","146","GoDaddy.com, LLC","whois.godaddy.com","http://registrar.godaddy.com","","","","","Guanacaste","","Costa Rica","","","","","","","","","","","","","","","","","","","","","","","","","","","","","","","","","","ns29.domaincontrol.com","ns30.domaincontrol.com","","","clientDeleteProhibited","clientRenewProhibited","clientTransferProhibited","clientUpdateProhibited"
"75","todoelcoco.com","2020-05-07 01:03:59","2020-05-04","2020-05-04","2021-05-04","146","GoDaddy.com, LLC","whois.godaddy.com","http://registrar.godaddy.com","ZEWS S.A.","ZEWS S.A.","","","San Jose","","Costa Rica","","","","","","","","","","","","","","","","","","","","","","","","","","","","","","","","","","ns1.zewshost.com","ns2.zewshost.com","","","clientDeleteProhibited","clientRenewProhibited","clientTransferProhibited","clientUpdateProhibited"
"76","tusolucionaltiempocompartido.com","2020-05-06 22:12:10","2020-05-04","2020-05-04","2021-05-04","146","GoDaddy.com, LLC","whois.godaddy.com","http://registrar.godaddy.com","","","","","Moravia","","Costa Rica","","","","","","","","","","","","","","","","","","","","","","","","","","","","","","","","","","ns63.domaincontrol.com","ns64.domaincontrol.com","","","clientDeleteProhibited","clientRenewProhibited","clientTransferProhibited","clientUpdateProhibited"
"77","valmorpz.com","2020-05-06 21:30:01","2020-05-04","2020-05-04","2021-05-04","146","GoDaddy.com, LLC","whois.godaddy.com","http://registrar.godaddy.com","InversionesQ","InversionesQ","","","San Jose","","Costa Rica","","","","","","","","","","","","","","","","","","","","","","","","","","","","","","","","","","ns77.domaincontrol.com","ns78.domaincontrol.com","","","clientDeleteProhibited","clientRenewProhibited","clientTransferProhibited","clientUpdateProhibited"
"78","vanitynailsmakeup.com","2020-05-07 01:10:04","2020-05-04","2020-05-04","2022-05-04","146","GoDaddy.com, LLC","whois.godaddy.com","http://registrar.godaddy.com","poizon","poizon","","","Desamparados","","Costa Rica","","","","","","","","","","","","","","","","","","","","","","","","","","","","","","","","","","ns1.digitalocean.com","ns2.digitalocean.com","ns3.digitalocean.com","","clientDeleteProhibited","clientRenewProhibited","clientTransferProhibited","clientUpdateProhibited"
"79","virtualqbo.com","2020-05-06 23:51:15","2020-05-05","2020-05-05","2021-05-05","146","GoDaddy.com, LLC","whois.godaddy.com","http://registrar.godaddy.com","Personal","Personal","","","San Jose","","Costa Rica","","","","","","","","","","","","","","","","","","","","","","","","","","","","","","","","","","ns41.domaincontrol.com","ns42.domaincontrol.com","","","clientDeleteProhibited","clientRenewProhibited","clientTransferProhibited","clientUpdateProhibited"
"80","willsacademy.com","2020-05-07 00:53:43","2020-05-04","2020-05-04","2021-05-04","955","Launchpad, Inc.","whois.launchpad.com","http://www.launchpad.com","Michel recendez","None","Grecia","Asheboro","2","20301","Costa Rica","recendezmichel7@gmail.com","+506.84228751","","Michel recendez","None","Grecia","Asheboro","2","20301","Costa Rica","recendezmichel7@gmail.com","+506.84228751","","Michel recendez","None","Grecia","Asheboro","2","20301","Costa Rica","recendezmichel7@gmail.com","+506.84228751","","","","","","","","","","","","ns6521.hostgator.com","ns6522.hostgator.com","","","clientTransferProhibited","","",""
"81","wuesso.com","2020-05-07 00:56:32","2020-05-04","2020-05-04","2021-05-04","146","GoDaddy.com, LLC","whois.godaddy.com","http://registrar.godaddy.com","","","","","Alajuela","","Costa Rica","","","","","","","","","","","","","","","","","","","","","","","","","","","","","","","","","","ns77.domaincontrol.com","ns78.domaincontrol.com","","","clientDeleteProhibited","clientRenewProhibited","clientTransferProhibited","clientUpdateProhibited"
"82","yourtimeflies.com","2020-05-07 01:01:04","2020-05-04","2020-05-04","2022-05-04","146","GoDaddy.com, LLC","whois.godaddy.com","http://registrar.godaddy.com","Your time flies dut com","Your time flies dut com","","","San Jose Province","","Costa Rica","","","","","","","","","","","","","","","","","","","","","","","","","","","","","","","","","","ns63.domaincontrol.com","ns64.domaincontrol.com","","","clientDeleteProhibited","clientRenewProhibited","clientTransferProhibited","clientUpdateProhibited"
"83","zonatilt.com","2020-05-06 20:45:13","2020-05-04","2020-05-04","2021-05-04","69","Tucows Domains Inc.","whois.tucows.com","http://domainhelp.opensrs.net","REDACTED FOR PRIVACY","REDACTED FOR PRIVACY","REDACTED FOR PRIVACY","REDACTED FOR PRIVACY","XX","REDACTED FOR PRIVACY","Costa Rica","","REDACTED FOR PRIVACY","REDACTED FOR PRIVACY","REDACTED FOR PRIVACY","REDACTED FOR PRIVACY","REDACTED FOR PRIVACY","REDACTED FOR PRIVACY","REDACTED FOR PRIVACY","REDACTED FOR PRIVACY","REDACTED FOR PRIVACY","","REDACTED FOR PRIVACY","REDACTED FOR PRIVACY","REDACTED FOR PRIVACY","REDACTED FOR PRIVACY","REDACTED FOR PRIVACY","REDACTED FOR PRIVACY","REDACTED FOR PRIVACY","REDACTED FOR PRIVACY","REDACTED FOR PRIVACY","","REDACTED FOR PRIVACY","REDACTED FOR PRIVACY","","","","","","","","","","","ns1.giow1083.siteground.us","ns2.giow1083.siteground.us","","","clientTransferProhibited","clientUpdateProhibited","",""