"num","domain_name","query_time","create_date","update_date","expiry_date","domain_registrar_id","domain_registrar_name","domain_registrar_whois","domain_registrar_url","registrant_name","registrant_company","registrant_address","registrant_city","registrant_state","registrant_zip","registrant_country","registrant_email","registrant_phone","registrant_fax","administrative_name","administrative_company","administrative_address","administrative_city","administrative_state","administrative_zip","administrative_country","administrative_email","administrative_phone","administrative_fax","technical_name","technical_company","technical_address","technical_city","technical_state","technical_zip","technical_country","technical_email","technical_phone","technical_fax","billing_name","billing_company","billing_address","billing_city","billing_state","billing_zip","billing_country","billing_email","billing_phone","billing_fax","name_server_1","name_server_2","name_server_3","name_server_4","domain_status_1","domain_status_2","domain_status_3","domain_status_4"
"1","12callme.com","2020-05-06 22:24:42","2020-05-05","2020-05-05","2021-05-05","1387","1API GmbH","whois.1api.net","http://www.1api.net","1calls2 Services","","Lanarkastreet","Nikosia","","1234","Cyprus","info@1calls2.com","+32.45555555555","","REDACTED FOR PRIVACY","REDACTED FOR PRIVACY","REDACTED FOR PRIVACY","REDACTED FOR PRIVACY","REDACTED FOR PRIVACY","REDACTED FOR PRIVACY","REDACTED FOR PRIVACY","","REDACTED FOR PRIVACY","","REDACTED FOR PRIVACY","REDACTED FOR PRIVACY","REDACTED FOR PRIVACY","REDACTED FOR PRIVACY","REDACTED FOR PRIVACY","REDACTED FOR PRIVACY","REDACTED FOR PRIVACY","","REDACTED FOR PRIVACY","","","","","","","","","","","","ns.euronet.de","ns2.euronet.de","","","clientTransferProhibited","","",""
"2","16-web.com","2020-05-06 20:39:59","2020-05-04","2020-05-04","2021-05-04","1418","EvoPlus Ltd.","whois.evonames.com","http://www.evonames.com","DANESCO TRADING LTD","DANESCO TRADING LTD.","157, Archbishop Makarios Ave, office 1","Limassol","","3026","Cyprus","16-web.com@whoisprotectservice.net","+357.95713635","+357.95713635","DANESCO TRADING LTD","DANESCO TRADING LTD.","157, Archbishop Makarios Ave, office 1","Limassol","","3026","Cyprus","16-web.com@whoisprotectservice.net","+357.95713635","+357.95713635","DANESCO TRADING LTD","DANESCO TRADING LTD.","157, Archbishop Makarios Ave, office 1","Limassol","","3026","Cyprus","16-web.com@whoisprotectservice.net","+357.95713635","+357.95713635","DANESCO TRADING LTD","DANESCO TRADING LTD.","157, Archbishop Makarios Ave, office 1","Limassol","","3026","Cyprus","16-web.com@whoisprotectservice.net","+357.95713635","+357.95713635","ns11.inhostedns.com","ns21.inhostedns.net","ns31.inhostedns.org","","OK","","",""
"3","4kincestporn.com","2020-05-06 19:21:37","2020-05-05","2020-05-05","2021-05-05","1418","EvoPlus Ltd.","whois.evonames.com","http://www.evonames.com","DANESCO TRADING LTD","DANESCO TRADING LTD.","157, Archbishop Makarios Ave, office 1","Limassol","","3026","Cyprus","4kincestporn.com@whoisprotectservice.net","+357.95713635","+357.95713635","DANESCO TRADING LTD","DANESCO TRADING LTD.","157, Archbishop Makarios Ave, office 1","Limassol","","3026","Cyprus","4kincestporn.com@whoisprotectservice.net","+357.95713635","+357.95713635","DANESCO TRADING LTD","DANESCO TRADING LTD.","157, Archbishop Makarios Ave, office 1","Limassol","","3026","Cyprus","4kincestporn.com@whoisprotectservice.net","+357.95713635","+357.95713635","DANESCO TRADING LTD","DANESCO TRADING LTD.","157, Archbishop Makarios Ave, office 1","Limassol","","3026","Cyprus","4kincestporn.com@whoisprotectservice.net","+357.95713635","+357.95713635","susan.ns.cloudflare.com","yevgen.ns.cloudflare.com","","","OK","","",""
"4","4krealincest.com","2020-05-06 19:21:37","2020-05-05","2020-05-05","2021-05-05","1418","EvoPlus Ltd.","whois.evonames.com","http://www.evonames.com","DANESCO TRADING LTD","DANESCO TRADING LTD.","157, Archbishop Makarios Ave, office 1","Limassol","","3026","Cyprus","4krealincest.com@whoisprotectservice.net","+357.95713635","+357.95713635","DANESCO TRADING LTD","DANESCO TRADING LTD.","157, Archbishop Makarios Ave, office 1","Limassol","","3026","Cyprus","4krealincest.com@whoisprotectservice.net","+357.95713635","+357.95713635","DANESCO TRADING LTD","DANESCO TRADING LTD.","157, Archbishop Makarios Ave, office 1","Limassol","","3026","Cyprus","4krealincest.com@whoisprotectservice.net","+357.95713635","+357.95713635","DANESCO TRADING LTD","DANESCO TRADING LTD.","157, Archbishop Makarios Ave, office 1","Limassol","","3026","Cyprus","4krealincest.com@whoisprotectservice.net","+357.95713635","+357.95713635","novalee.ns.cloudflare.com","trey.ns.cloudflare.com","","","OK","","",""
"5","4krealincestporn.com","2020-05-06 19:21:32","2020-05-05","2020-05-05","2021-05-05","1418","EvoPlus Ltd.","whois.evonames.com","http://www.evonames.com","DANESCO TRADING LTD","DANESCO TRADING LTD.","157, Archbishop Makarios Ave, office 1","Limassol","","3026","Cyprus","4krealincestporn.com@whoisprotectservice.net","+357.95713635","+357.95713635","DANESCO TRADING LTD","DANESCO TRADING LTD.","157, Archbishop Makarios Ave, office 1","Limassol","","3026","Cyprus","4krealincestporn.com@whoisprotectservice.net","+357.95713635","+357.95713635","DANESCO TRADING LTD","DANESCO TRADING LTD.","157, Archbishop Makarios Ave, office 1","Limassol","","3026","Cyprus","4krealincestporn.com@whoisprotectservice.net","+357.95713635","+357.95713635","DANESCO TRADING LTD","DANESCO TRADING LTD.","157, Archbishop Makarios Ave, office 1","Limassol","","3026","Cyprus","4krealincestporn.com@whoisprotectservice.net","+357.95713635","+357.95713635","gerald.ns.cloudflare.com","kiki.ns.cloudflare.com","","","OK","","",""
"6","4kredditincest.com","2020-05-06 19:21:51","2020-05-05","2020-05-05","2021-05-05","1418","EvoPlus Ltd.","whois.evonames.com","http://www.evonames.com","DANESCO TRADING LTD","DANESCO TRADING LTD.","157, Archbishop Makarios Ave, office 1","Limassol","","3026","Cyprus","4kredditincest.com@whoisprotectservice.net","+357.95713635","+357.95713635","DANESCO TRADING LTD","DANESCO TRADING LTD.","157, Archbishop Makarios Ave, office 1","Limassol","","3026","Cyprus","4kredditincest.com@whoisprotectservice.net","+357.95713635","+357.95713635","DANESCO TRADING LTD","DANESCO TRADING LTD.","157, Archbishop Makarios Ave, office 1","Limassol","","3026","Cyprus","4kredditincest.com@whoisprotectservice.net","+357.95713635","+357.95713635","DANESCO TRADING LTD","DANESCO TRADING LTD.","157, Archbishop Makarios Ave, office 1","Limassol","","3026","Cyprus","4kredditincest.com@whoisprotectservice.net","+357.95713635","+357.95713635","aida.ns.cloudflare.com","rayden.ns.cloudflare.com","","","OK","","",""
"7","4kredditincestporn.com","2020-05-06 19:21:25","2020-05-05","2020-05-05","2021-05-05","1418","EvoPlus Ltd.","whois.evonames.com","http://www.evonames.com","DANESCO TRADING LTD","DANESCO TRADING LTD.","157, Archbishop Makarios Ave, office 1","Limassol","","3026","Cyprus","4kredditincestporn.com@whoisprotectservice.net","+357.95713635","+357.95713635","DANESCO TRADING LTD","DANESCO TRADING LTD.","157, Archbishop Makarios Ave, office 1","Limassol","","3026","Cyprus","4kredditincestporn.com@whoisprotectservice.net","+357.95713635","+357.95713635","DANESCO TRADING LTD","DANESCO TRADING LTD.","157, Archbishop Makarios Ave, office 1","Limassol","","3026","Cyprus","4kredditincestporn.com@whoisprotectservice.net","+357.95713635","+357.95713635","DANESCO TRADING LTD","DANESCO TRADING LTD.","157, Archbishop Makarios Ave, office 1","Limassol","","3026","Cyprus","4kredditincestporn.com@whoisprotectservice.net","+357.95713635","+357.95713635","bjorn.ns.cloudflare.com","gloria.ns.cloudflare.com","","","OK","","",""
"8","admruis.com","2020-05-06 22:00:59","2020-05-04","2020-05-04","2021-05-04","1418","EvoPlus Ltd.","whois.evonames.com","http://www.evonames.com","DANESCO TRADING LTD","DANESCO TRADING LTD.","157, Archbishop Makarios Ave, office 1","Limassol","","3026","Cyprus","admruis.com@whoisprotectservice.net","+357.95713635","+357.95713635","DANESCO TRADING LTD","DANESCO TRADING LTD.","157, Archbishop Makarios Ave, office 1","Limassol","","3026","Cyprus","admruis.com@whoisprotectservice.net","+357.95713635","+357.95713635","DANESCO TRADING LTD","DANESCO TRADING LTD.","157, Archbishop Makarios Ave, office 1","Limassol","","3026","Cyprus","admruis.com@whoisprotectservice.net","+357.95713635","+357.95713635","DANESCO TRADING LTD","DANESCO TRADING LTD.","157, Archbishop Makarios Ave, office 1","Limassol","","3026","Cyprus","admruis.com@whoisprotectservice.net","+357.95713635","+357.95713635","ns27.link-host.net","ns28.link-host.net","","","OK","","",""
"9","alinaskolova.com","2020-05-06 23:08:58","2020-05-05","2020-05-05","2021-05-05","1418","EvoPlus Ltd.","whois.evonames.com","http://www.evonames.com","DANESCO TRADING LTD","DANESCO TRADING LTD.","157, Archbishop Makarios Ave, office 1","Limassol","","3026","Cyprus","alinaskolova.com@whoisprotectservice.net","+357.95713635","+357.95713635","DANESCO TRADING LTD","DANESCO TRADING LTD.","157, Archbishop Makarios Ave, office 1","Limassol","","3026","Cyprus","alinaskolova.com@whoisprotectservice.net","+357.95713635","+357.95713635","DANESCO TRADING LTD","DANESCO TRADING LTD.","157, Archbishop Makarios Ave, office 1","Limassol","","3026","Cyprus","alinaskolova.com@whoisprotectservice.net","+357.95713635","+357.95713635","DANESCO TRADING LTD","DANESCO TRADING LTD.","157, Archbishop Makarios Ave, office 1","Limassol","","3026","Cyprus","alinaskolova.com@whoisprotectservice.net","+357.95713635","+357.95713635","ns1.ukit.com","ns2.ukit.com","ns3.ukit.com","","OK","","",""
"10","angeljacobs.com","2020-05-06 22:51:10","2020-05-05","2020-05-06","2021-05-05","81","Gandi SAS","whois.gandi.net","http://www.gandi.net","REDACTED FOR PRIVACY","","REDACTED FOR PRIVACY","REDACTED FOR PRIVACY","","REDACTED FOR PRIVACY","Cyprus","7dc724b3e531e004a859c36c3456cae2-18876525@contact.gandi.net","REDACTED FOR PRIVACY","REDACTED FOR PRIVACY","REDACTED FOR PRIVACY","REDACTED FOR PRIVACY","REDACTED FOR PRIVACY","REDACTED FOR PRIVACY","REDACTED FOR PRIVACY","REDACTED FOR PRIVACY","REDACTED FOR PRIVACY","7dc724b3e531e004a859c36c3456cae2-18876525@contact.gandi.net","REDACTED FOR PRIVACY","REDACTED FOR PRIVACY","REDACTED FOR PRIVACY","REDACTED FOR PRIVACY","REDACTED FOR PRIVACY","REDACTED FOR PRIVACY","REDACTED FOR PRIVACY","REDACTED FOR PRIVACY","REDACTED FOR PRIVACY","7dc724b3e531e004a859c36c3456cae2-18876525@contact.gandi.net","REDACTED FOR PRIVACY","REDACTED FOR PRIVACY","","","","","","","","","","","ns-137-c.gandi.net","ns-251-a.gandi.net","ns-251-b.gandi.net","","clientTransferProhibited","","",""
"11","artcercle.com","2020-05-06 22:17:28","2020-05-05","2020-05-05","2022-05-05","146","GoDaddy.com, LLC","whois.godaddy.com","http://registrar.godaddy.com","","","","","Limassol","","Cyprus","","","","","","","","","","","","","","","","","","","","","","","","","","","","","","","","","","ns41.domaincontrol.com","ns42.domaincontrol.com","","","clientDeleteProhibited","clientRenewProhibited","clientTransferProhibited","clientUpdateProhibited"
"12","bank-konfiskat.com","2020-05-06 23:17:59","2020-05-05","2020-05-05","2021-05-05","1418","EvoPlus Ltd.","whois.evonames.com","http://www.evonames.com","DANESCO TRADING LTD","DANESCO TRADING LTD.","157, Archbishop Makarios Ave, office 1","Limassol","","3026","Cyprus","bank-konfiskat.com@whoisprotectservice.net","+357.95713635","+357.95713635","DANESCO TRADING LTD","DANESCO TRADING LTD.","157, Archbishop Makarios Ave, office 1","Limassol","","3026","Cyprus","bank-konfiskat.com@whoisprotectservice.net","+357.95713635","+357.95713635","DANESCO TRADING LTD","DANESCO TRADING LTD.","157, Archbishop Makarios Ave, office 1","Limassol","","3026","Cyprus","bank-konfiskat.com@whoisprotectservice.net","+357.95713635","+357.95713635","DANESCO TRADING LTD","DANESCO TRADING LTD.","157, Archbishop Makarios Ave, office 1","Limassol","","3026","Cyprus","bank-konfiskat.com@whoisprotectservice.net","+357.95713635","+357.95713635","ns1.ukit.com","ns2.ukit.com","ns3.ukit.com","","OK","","",""
"13","betsdot26.com","2020-05-06 20:45:50","2020-05-04","2020-05-04","2021-05-04","303","PDR Ltd. d/b/a PublicDomainRegistry.com","whois.publicdomainregistry.com","http://www.publicdomainregistry.com","GDPR Masked","GDPR Masked","GDPR Masked","GDPR Masked","Lefkosia","GDPR Masked","Cyprus","gdpr-masking@gdpr-masked.com","GDPR Masked","GDPR Masked","GDPR Masked","GDPR Masked","GDPR Masked","GDPR Masked","GDPR Masked","GDPR Masked","GDPR Masked","gdpr-masking@gdpr-masked.com","GDPR Masked","GDPR Masked","GDPR Masked","GDPR Masked","GDPR Masked","GDPR Masked","GDPR Masked","GDPR Masked","GDPR Masked","gdpr-masking@gdpr-masked.com","GDPR Masked","GDPR Masked","","","","","","","","","","","hank.ns.cloudflare.com","lily.ns.cloudflare.com","","","clientTransferProhibited","","",""
"14","betsdot27.com","2020-05-06 21:12:54","2020-05-04","2020-05-04","2021-05-04","303","PDR Ltd. d/b/a PublicDomainRegistry.com","whois.publicdomainregistry.com","http://www.publicdomainregistry.com","GDPR Masked","GDPR Masked","GDPR Masked","GDPR Masked","Lefkosia","GDPR Masked","Cyprus","gdpr-masking@gdpr-masked.com","GDPR Masked","GDPR Masked","GDPR Masked","GDPR Masked","GDPR Masked","GDPR Masked","GDPR Masked","GDPR Masked","GDPR Masked","gdpr-masking@gdpr-masked.com","GDPR Masked","GDPR Masked","GDPR Masked","GDPR Masked","GDPR Masked","GDPR Masked","GDPR Masked","GDPR Masked","GDPR Masked","gdpr-masking@gdpr-masked.com","GDPR Masked","GDPR Masked","","","","","","","","","","","hank.ns.cloudflare.com","lily.ns.cloudflare.com","","","clientTransferProhibited","","",""
"15","betsdot28.com","2020-05-06 21:15:30","2020-05-04","2020-05-04","2021-05-04","303","PDR Ltd. d/b/a PublicDomainRegistry.com","whois.publicdomainregistry.com","http://www.publicdomainregistry.com","GDPR Masked","GDPR Masked","GDPR Masked","GDPR Masked","Lefkosia","GDPR Masked","Cyprus","gdpr-masking@gdpr-masked.com","GDPR Masked","GDPR Masked","GDPR Masked","GDPR Masked","GDPR Masked","GDPR Masked","GDPR Masked","GDPR Masked","GDPR Masked","gdpr-masking@gdpr-masked.com","GDPR Masked","GDPR Masked","GDPR Masked","GDPR Masked","GDPR Masked","GDPR Masked","GDPR Masked","GDPR Masked","GDPR Masked","gdpr-masking@gdpr-masked.com","GDPR Masked","GDPR Masked","","","","","","","","","","","hank.ns.cloudflare.com","lily.ns.cloudflare.com","","","clientTransferProhibited","","",""
"16","betsdot29.com","2020-05-06 20:45:17","2020-05-04","2020-05-04","2021-05-04","303","PDR Ltd. d/b/a PublicDomainRegistry.com","whois.publicdomainregistry.com","http://www.publicdomainregistry.com","GDPR Masked","GDPR Masked","GDPR Masked","GDPR Masked","Lefkosia","GDPR Masked","Cyprus","gdpr-masking@gdpr-masked.com","GDPR Masked","GDPR Masked","GDPR Masked","GDPR Masked","GDPR Masked","GDPR Masked","GDPR Masked","GDPR Masked","GDPR Masked","gdpr-masking@gdpr-masked.com","GDPR Masked","GDPR Masked","GDPR Masked","GDPR Masked","GDPR Masked","GDPR Masked","GDPR Masked","GDPR Masked","GDPR Masked","gdpr-masking@gdpr-masked.com","GDPR Masked","GDPR Masked","","","","","","","","","","","hank.ns.cloudflare.com","lily.ns.cloudflare.com","","","clientTransferProhibited","","",""
"17","betsdot30.com","2020-05-06 20:45:33","2020-05-04","2020-05-04","2021-05-04","303","PDR Ltd. d/b/a PublicDomainRegistry.com","whois.publicdomainregistry.com","http://www.publicdomainregistry.com","GDPR Masked","GDPR Masked","GDPR Masked","GDPR Masked","Lefkosia","GDPR Masked","Cyprus","gdpr-masking@gdpr-masked.com","GDPR Masked","GDPR Masked","GDPR Masked","GDPR Masked","GDPR Masked","GDPR Masked","GDPR Masked","GDPR Masked","GDPR Masked","gdpr-masking@gdpr-masked.com","GDPR Masked","GDPR Masked","GDPR Masked","GDPR Masked","GDPR Masked","GDPR Masked","GDPR Masked","GDPR Masked","GDPR Masked","gdpr-masking@gdpr-masked.com","GDPR Masked","GDPR Masked","","","","","","","","","","","hank.ns.cloudflare.com","lily.ns.cloudflare.com","","","clientTransferProhibited","","",""
"18","betsdot31.com","2020-05-06 20:40:39","2020-05-04","2020-05-04","2021-05-04","303","PDR Ltd. d/b/a PublicDomainRegistry.com","whois.publicdomainregistry.com","http://www.publicdomainregistry.com","GDPR Masked","GDPR Masked","GDPR Masked","GDPR Masked","Lefkosia","GDPR Masked","Cyprus","gdpr-masking@gdpr-masked.com","GDPR Masked","GDPR Masked","GDPR Masked","GDPR Masked","GDPR Masked","GDPR Masked","GDPR Masked","GDPR Masked","GDPR Masked","gdpr-masking@gdpr-masked.com","GDPR Masked","GDPR Masked","GDPR Masked","GDPR Masked","GDPR Masked","GDPR Masked","GDPR Masked","GDPR Masked","GDPR Masked","gdpr-masking@gdpr-masked.com","GDPR Masked","GDPR Masked","","","","","","","","","","","hank.ns.cloudflare.com","lily.ns.cloudflare.com","","","clientTransferProhibited","","",""
"19","betsdot32.com","2020-05-06 21:03:16","2020-05-04","2020-05-04","2021-05-04","303","PDR Ltd. d/b/a PublicDomainRegistry.com","whois.publicdomainregistry.com","http://www.publicdomainregistry.com","GDPR Masked","GDPR Masked","GDPR Masked","GDPR Masked","Lefkosia","GDPR Masked","Cyprus","gdpr-masking@gdpr-masked.com","GDPR Masked","GDPR Masked","GDPR Masked","GDPR Masked","GDPR Masked","GDPR Masked","GDPR Masked","GDPR Masked","GDPR Masked","gdpr-masking@gdpr-masked.com","GDPR Masked","GDPR Masked","GDPR Masked","GDPR Masked","GDPR Masked","GDPR Masked","GDPR Masked","GDPR Masked","GDPR Masked","gdpr-masking@gdpr-masked.com","GDPR Masked","GDPR Masked","","","","","","","","","","","hank.ns.cloudflare.com","lily.ns.cloudflare.com","","","clientTransferProhibited","","",""
"20","betsdot33.com","2020-05-06 21:03:18","2020-05-04","2020-05-04","2021-05-04","303","PDR Ltd. d/b/a PublicDomainRegistry.com","whois.publicdomainregistry.com","http://www.publicdomainregistry.com","GDPR Masked","GDPR Masked","GDPR Masked","GDPR Masked","Lefkosia","GDPR Masked","Cyprus","gdpr-masking@gdpr-masked.com","GDPR Masked","GDPR Masked","GDPR Masked","GDPR Masked","GDPR Masked","GDPR Masked","GDPR Masked","GDPR Masked","GDPR Masked","gdpr-masking@gdpr-masked.com","GDPR Masked","GDPR Masked","GDPR Masked","GDPR Masked","GDPR Masked","GDPR Masked","GDPR Masked","GDPR Masked","GDPR Masked","gdpr-masking@gdpr-masked.com","GDPR Masked","GDPR Masked","","","","","","","","","","","hank.ns.cloudflare.com","lily.ns.cloudflare.com","","","clientTransferProhibited","","",""
"21","betsdot34.com","2020-05-06 20:44:27","2020-05-04","2020-05-04","2021-05-04","303","PDR Ltd. d/b/a PublicDomainRegistry.com","whois.publicdomainregistry.com","http://www.publicdomainregistry.com","GDPR Masked","GDPR Masked","GDPR Masked","GDPR Masked","Lefkosia","GDPR Masked","Cyprus","gdpr-masking@gdpr-masked.com","GDPR Masked","GDPR Masked","GDPR Masked","GDPR Masked","GDPR Masked","GDPR Masked","GDPR Masked","GDPR Masked","GDPR Masked","gdpr-masking@gdpr-masked.com","GDPR Masked","GDPR Masked","GDPR Masked","GDPR Masked","GDPR Masked","GDPR Masked","GDPR Masked","GDPR Masked","GDPR Masked","gdpr-masking@gdpr-masked.com","GDPR Masked","GDPR Masked","","","","","","","","","","","hank.ns.cloudflare.com","lily.ns.cloudflare.com","","","clientTransferProhibited","","",""
"22","betsdot35.com","2020-05-06 21:14:18","2020-05-04","2020-05-04","2021-05-04","303","PDR Ltd. d/b/a PublicDomainRegistry.com","whois.publicdomainregistry.com","http://www.publicdomainregistry.com","GDPR Masked","GDPR Masked","GDPR Masked","GDPR Masked","Lefkosia","GDPR Masked","Cyprus","gdpr-masking@gdpr-masked.com","GDPR Masked","GDPR Masked","GDPR Masked","GDPR Masked","GDPR Masked","GDPR Masked","GDPR Masked","GDPR Masked","GDPR Masked","gdpr-masking@gdpr-masked.com","GDPR Masked","GDPR Masked","GDPR Masked","GDPR Masked","GDPR Masked","GDPR Masked","GDPR Masked","GDPR Masked","GDPR Masked","gdpr-masking@gdpr-masked.com","GDPR Masked","GDPR Masked","","","","","","","","","","","hank.ns.cloudflare.com","lily.ns.cloudflare.com","","","clientTransferProhibited","","",""
"23","billiardusa.com","2020-05-06 20:26:37","2020-05-05","2020-05-05","2021-05-05","146","GoDaddy.com, LLC","whois.godaddy.com","http://registrar.godaddy.com","","","","","Nicosia","","Cyprus","","","","","","","","","","","","","","","","","","","","","","","","","","","","","","","","","","ns77.domaincontrol.com","ns78.domaincontrol.com","","","clientDeleteProhibited","clientRenewProhibited","clientTransferProhibited","clientUpdateProhibited"
"24","celebsbar.com","2020-05-06 23:22:33","2020-05-05","2020-05-05","2021-05-05","1418","EvoPlus Ltd.","whois.evonames.com","http://www.evonames.com","DANESCO TRADING LTD","DANESCO TRADING LTD.","157, Archbishop Makarios Ave, office 1","Limassol","","3026","Cyprus","celebsbar.com@whoisprotectservice.net","+357.95713635","+357.95713635","DANESCO TRADING LTD","DANESCO TRADING LTD.","157, Archbishop Makarios Ave, office 1","Limassol","","3026","Cyprus","celebsbar.com@whoisprotectservice.net","+357.95713635","+357.95713635","DANESCO TRADING LTD","DANESCO TRADING LTD.","157, Archbishop Makarios Ave, office 1","Limassol","","3026","Cyprus","celebsbar.com@whoisprotectservice.net","+357.95713635","+357.95713635","DANESCO TRADING LTD","DANESCO TRADING LTD.","157, Archbishop Makarios Ave, office 1","Limassol","","3026","Cyprus","celebsbar.com@whoisprotectservice.net","+357.95713635","+357.95713635","ns1.v30249.dh.net.ua","ns2.v30249.dh.net.ua","","","OK","","",""
"25","charmareventmakenzy.com","2020-05-06 22:32:49","2020-05-05","2020-05-05","2021-05-05","1727","Papaki Ltd.","whois.eu","http://www.papaki.gr","REDACTED FOR PRIVACY","REDACTED FOR PRIVACY","REDACTED FOR PRIVACY","REDACTED FOR PRIVACY","Makenzy","REDACTED FOR PRIVACY","Cyprus","","REDACTED FOR PRIVACY","REDACTED FOR PRIVACY","REDACTED FOR PRIVACY","REDACTED FOR PRIVACY","REDACTED FOR PRIVACY","REDACTED FOR PRIVACY","REDACTED FOR PRIVACY","REDACTED FOR PRIVACY","REDACTED FOR PRIVACY","","REDACTED FOR PRIVACY","REDACTED FOR PRIVACY","REDACTED FOR PRIVACY","REDACTED FOR PRIVACY","REDACTED FOR PRIVACY","REDACTED FOR PRIVACY","REDACTED FOR PRIVACY","REDACTED FOR PRIVACY","REDACTED FOR PRIVACY","","REDACTED FOR PRIVACY","REDACTED FOR PRIVACY","","","","","","","","","","","dns1.papaki.gr","dns2.papaki.gr","","","clientTransferProhibited","clientUpdateProhibited","",""
"26","clipsale4k.com","2020-05-06 20:25:13","2020-05-05","2020-05-05","2021-05-05","1418","EvoPlus Ltd.","whois.evonames.com","http://www.evonames.com","DANESCO TRADING LTD","DANESCO TRADING LTD.","157, Archbishop Makarios Ave, office 1","Limassol","","3026","Cyprus","clipsale4k.com@whoisprotectservice.net","+357.95713635","+357.95713635","DANESCO TRADING LTD","DANESCO TRADING LTD.","157, Archbishop Makarios Ave, office 1","Limassol","","3026","Cyprus","clipsale4k.com@whoisprotectservice.net","+357.95713635","+357.95713635","DANESCO TRADING LTD","DANESCO TRADING LTD.","157, Archbishop Makarios Ave, office 1","Limassol","","3026","Cyprus","clipsale4k.com@whoisprotectservice.net","+357.95713635","+357.95713635","DANESCO TRADING LTD","DANESCO TRADING LTD.","157, Archbishop Makarios Ave, office 1","Limassol","","3026","Cyprus","clipsale4k.com@whoisprotectservice.net","+357.95713635","+357.95713635","ns1.topdns.me","ns2.topdns.me","ns3.topdns.me","","OK","","",""
"27","enteractor.com","2020-05-06 22:32:13","2020-05-05","2020-05-05","2021-05-05","146","GoDaddy.com, LLC","whois.godaddy.com","http://registrar.godaddy.com","Gio co","Gio co","","","Nicosia","","Cyprus","","","","","","","","","","","","","","","","","","","","","","","","","","","","","","","","","","ns41.domaincontrol.com","ns42.domaincontrol.com","","","clientDeleteProhibited","clientRenewProhibited","clientTransferProhibited","clientUpdateProhibited"
"28","freelanceaccountantcyprus.com","2020-05-06 20:30:24","2020-05-05","2020-05-05","2021-05-05","69","Tucows Domains Inc.","whois.tucows.com","http://domainhelp.opensrs.net","REDACTED FOR PRIVACY","REDACTED FOR PRIVACY","REDACTED FOR PRIVACY","REDACTED FOR PRIVACY","Limassol","REDACTED FOR PRIVACY","Cyprus","","REDACTED FOR PRIVACY","REDACTED FOR PRIVACY","REDACTED FOR PRIVACY","REDACTED FOR PRIVACY","REDACTED FOR PRIVACY","REDACTED FOR PRIVACY","REDACTED FOR PRIVACY","REDACTED FOR PRIVACY","REDACTED FOR PRIVACY","","REDACTED FOR PRIVACY","REDACTED FOR PRIVACY","REDACTED FOR PRIVACY","REDACTED FOR PRIVACY","REDACTED FOR PRIVACY","REDACTED FOR PRIVACY","REDACTED FOR PRIVACY","REDACTED FOR PRIVACY","REDACTED FOR PRIVACY","","REDACTED FOR PRIVACY","REDACTED FOR PRIVACY","","","","","","","","","","","ns1.livedns.co.uk","ns2.livedns.co.uk","ns3.livedns.co.uk","","clientTransferProhibited","clientUpdateProhibited","",""
"29","goflamingos.com","2020-05-06 21:52:26","2020-05-04","2020-05-04","2021-05-04","146","GoDaddy.com, LLC","whois.godaddy.com","http://registrar.godaddy.com","","","","","Larnaka","","Cyprus","","","","","","","","","","","","","","","","","","","","","","","","","","","","","","","","","","ns41.domaincontrol.com","ns42.domaincontrol.com","","","clientDeleteProhibited","clientRenewProhibited","clientTransferProhibited","clientUpdateProhibited"
"30","gosexnight.com","2020-05-06 23:55:50","2020-05-05","2020-05-05","2021-05-05","1418","EvoPlus Ltd.","whois.evonames.com","http://www.evonames.com","DANESCO TRADING LTD","DANESCO TRADING LTD.","157, Archbishop Makarios Ave, office 1","Limassol","","3026","Cyprus","gosexnight.com@whoisprotectservice.net","+357.95713635","+357.95713635","DANESCO TRADING LTD","DANESCO TRADING LTD.","157, Archbishop Makarios Ave, office 1","Limassol","","3026","Cyprus","gosexnight.com@whoisprotectservice.net","+357.95713635","+357.95713635","DANESCO TRADING LTD","DANESCO TRADING LTD.","157, Archbishop Makarios Ave, office 1","Limassol","","3026","Cyprus","gosexnight.com@whoisprotectservice.net","+357.95713635","+357.95713635","DANESCO TRADING LTD","DANESCO TRADING LTD.","157, Archbishop Makarios Ave, office 1","Limassol","","3026","Cyprus","gosexnight.com@whoisprotectservice.net","+357.95713635","+357.95713635","ns1.gosexnight.com","ns2.gosexnight.com","","","clientDeleteProhibited","clientTransferProhibited","",""
"31","hentaipornonline.com","2020-05-06 21:35:41","2020-05-04","2020-05-04","2021-05-04","1418","EvoPlus Ltd.","whois.evonames.com","http://www.evonames.com","DANESCO TRADING LTD","DANESCO TRADING LTD.","157, Archbishop Makarios Ave, office 1","Limassol","","3026","Cyprus","hentaipornonline.com@whoisprotectservice.net","+357.95713635","+357.95713635","DANESCO TRADING LTD","DANESCO TRADING LTD.","157, Archbishop Makarios Ave, office 1","Limassol","","3026","Cyprus","hentaipornonline.com@whoisprotectservice.net","+357.95713635","+357.95713635","DANESCO TRADING LTD","DANESCO TRADING LTD.","157, Archbishop Makarios Ave, office 1","Limassol","","3026","Cyprus","hentaipornonline.com@whoisprotectservice.net","+357.95713635","+357.95713635","DANESCO TRADING LTD","DANESCO TRADING LTD.","157, Archbishop Makarios Ave, office 1","Limassol","","3026","Cyprus","hentaipornonline.com@whoisprotectservice.net","+357.95713635","+357.95713635","iris.ns.cloudflare.com","sid.ns.cloudflare.com","","","OK","","",""
"32","hindipornxxx.com","2020-05-06 23:55:56","2020-05-05","2020-05-05","2021-05-05","1418","EvoPlus Ltd.","whois.evonames.com","http://www.evonames.com","DANESCO TRADING LTD","DANESCO TRADING LTD.","157, Archbishop Makarios Ave, office 1","Limassol","","3026","Cyprus","hindipornxxx.com@whoisprotectservice.net","+357.95713635","+357.95713635","DANESCO TRADING LTD","DANESCO TRADING LTD.","157, Archbishop Makarios Ave, office 1","Limassol","","3026","Cyprus","hindipornxxx.com@whoisprotectservice.net","+357.95713635","+357.95713635","DANESCO TRADING LTD","DANESCO TRADING LTD.","157, Archbishop Makarios Ave, office 1","Limassol","","3026","Cyprus","hindipornxxx.com@whoisprotectservice.net","+357.95713635","+357.95713635","DANESCO TRADING LTD","DANESCO TRADING LTD.","157, Archbishop Makarios Ave, office 1","Limassol","","3026","Cyprus","hindipornxxx.com@whoisprotectservice.net","+357.95713635","+357.95713635","ns1.hindipornxxx.com","ns2.hindipornxxx.com","","","clientDeleteProhibited","clientTransferProhibited","",""
"33","inetpay24.com","2020-05-06 20:27:46","2020-05-05","2020-05-05","2021-05-05","1418","EvoPlus Ltd.","whois.evonames.com","http://www.evonames.com","DANESCO TRADING LTD","DANESCO TRADING LTD.","157, Archbishop Makarios Ave, office 1","Limassol","","3026","Cyprus","inetpay24.com@whoisprotectservice.net","+357.95713635","+357.95713635","DANESCO TRADING LTD","DANESCO TRADING LTD.","157, Archbishop Makarios Ave, office 1","Limassol","","3026","Cyprus","inetpay24.com@whoisprotectservice.net","+357.95713635","+357.95713635","DANESCO TRADING LTD","DANESCO TRADING LTD.","157, Archbishop Makarios Ave, office 1","Limassol","","3026","Cyprus","inetpay24.com@whoisprotectservice.net","+357.95713635","+357.95713635","DANESCO TRADING LTD","DANESCO TRADING LTD.","157, Archbishop Makarios Ave, office 1","Limassol","","3026","Cyprus","inetpay24.com@whoisprotectservice.net","+357.95713635","+357.95713635","ns1.ucoz.net","ns2.ucoz.net","ns3.ucoz.net","","OK","","",""
"34","kidsuniver.com","2020-05-06 23:34:00","2020-05-05","2020-05-05","2021-05-05","895","Google, Inc.","whois.rrpproxy.net","http://www.google.com","","","","","","","Cyprus","","","","","","","","","","","","","","","","","","","","","","","","","","","","","","","","","","ns-cloud-c1.googledomains.com","ns-cloud-c2.googledomains.com","ns-cloud-c3.googledomains.com","ns-cloud-c4.googledomains.com","clientTransferProhibited","","",""
"35","kifeas.com","2020-05-06 23:27:12","2020-05-05","2020-05-05","2022-05-05","146","GoDaddy.com, LLC","whois.godaddy.com","http://registrar.godaddy.com","KYFEAS","KYFEAS","","","Nicosia","","Cyprus","","","","","","","","","","","","","","","","","","","","","","","","","","","","","","","","","","ns29.domaincontrol.com","ns30.domaincontrol.com","","","clientDeleteProhibited","clientRenewProhibited","clientTransferProhibited","clientUpdateProhibited"
"36","kristal777.com","2020-05-06 20:30:45","2020-05-05","2020-05-05","2021-05-05","1418","EvoPlus Ltd.","whois.evonames.com","http://www.evonames.com","DANESCO TRADING LTD","DANESCO TRADING LTD.","157, Archbishop Makarios Ave, office 1","Limassol","","3026","Cyprus","kristal777.com@whoisprotectservice.net","+357.95713635","+357.95713635","DANESCO TRADING LTD","DANESCO TRADING LTD.","157, Archbishop Makarios Ave, office 1","Limassol","","3026","Cyprus","kristal777.com@whoisprotectservice.net","+357.95713635","+357.95713635","DANESCO TRADING LTD","DANESCO TRADING LTD.","157, Archbishop Makarios Ave, office 1","Limassol","","3026","Cyprus","kristal777.com@whoisprotectservice.net","+357.95713635","+357.95713635","DANESCO TRADING LTD","DANESCO TRADING LTD.","157, Archbishop Makarios Ave, office 1","Limassol","","3026","Cyprus","kristal777.com@whoisprotectservice.net","+357.95713635","+357.95713635","ns1.ukit.com","ns2.ukit.com","ns3.ukit.com","","OK","","",""
"37","kyfeas.com","2020-05-06 23:27:15","2020-05-05","2020-05-05","2022-05-05","146","GoDaddy.com, LLC","whois.godaddy.com","http://registrar.godaddy.com","KYFEAS","KYFEAS","","","Nicosia","","Cyprus","","","","","","","","","","","","","","","","","","","","","","","","","","","","","","","","","","ns77.domaincontrol.com","ns78.domaincontrol.com","","","clientDeleteProhibited","clientRenewProhibited","clientTransferProhibited","clientUpdateProhibited"
"38","ladugraafik.com","2020-05-06 23:33:10","2020-05-05","2020-05-05","2021-05-05","1418","EvoPlus Ltd.","whois.evonames.com","http://www.evonames.com","DANESCO TRADING LTD","DANESCO TRADING LTD.","157, Archbishop Makarios Ave, office 1","Limassol","","3026","Cyprus","ladugraafik.com@whoisprotectservice.net","+357.95713635","+357.95713635","DANESCO TRADING LTD","DANESCO TRADING LTD.","157, Archbishop Makarios Ave, office 1","Limassol","","3026","Cyprus","ladugraafik.com@whoisprotectservice.net","+357.95713635","+357.95713635","DANESCO TRADING LTD","DANESCO TRADING LTD.","157, Archbishop Makarios Ave, office 1","Limassol","","3026","Cyprus","ladugraafik.com@whoisprotectservice.net","+357.95713635","+357.95713635","DANESCO TRADING LTD","DANESCO TRADING LTD.","157, Archbishop Makarios Ave, office 1","Limassol","","3026","Cyprus","ladugraafik.com@whoisprotectservice.net","+357.95713635","+357.95713635","ns1.ukit.com","ns2.ukit.com","ns3.ukit.com","","OK","","",""
"39","last7years.com","2020-05-07 01:09:32","2020-05-04","2020-05-04","2021-05-04","1418","EvoPlus Ltd.","whois.evonames.com","http://www.evonames.com","DANESCO TRADING LTD","DANESCO TRADING LTD.","157, Archbishop Makarios Ave, office 1","Limassol","","3026","Cyprus","last7years.com@whoisprotectservice.net","+357.95713635","+357.95713635","DANESCO TRADING LTD","DANESCO TRADING LTD.","157, Archbishop Makarios Ave, office 1","Limassol","","3026","Cyprus","last7years.com@whoisprotectservice.net","+357.95713635","+357.95713635","DANESCO TRADING LTD","DANESCO TRADING LTD.","157, Archbishop Makarios Ave, office 1","Limassol","","3026","Cyprus","last7years.com@whoisprotectservice.net","+357.95713635","+357.95713635","DANESCO TRADING LTD","DANESCO TRADING LTD.","157, Archbishop Makarios Ave, office 1","Limassol","","3026","Cyprus","last7years.com@whoisprotectservice.net","+357.95713635","+357.95713635","dns1.ru-tld.ru","dns2.ru-tld.ru","","","OK","","",""
"40","luckbox.bet","2020-05-06 14:38:25","2020-05-04","2020-05-04","2021-05-04","146","GoDaddy.com, LLC","whois.godaddy.com","http://registrar.godaddy.com","ASF INVESTMENTS","ASF INVESTMENTS","","","Limassol","","Cyprus","","","","","","","","","","","","","","","","","","","","","","","","","","","","","","","","","","ns07.domaincontrol.com","ns08.domaincontrol.com","","","addPeriod","clientDeleteProhibited","clientRenewProhibited","clientTransferProhibited"
"41","meydankibris.net","2020-05-06 19:01:58","2020-05-05","2020-05-05","2021-05-05","303","PDR Ltd. d/b/a PublicDomainRegistry.com","whois.publicdomainregistry.com","http://www.publicdomainregistry.com","GDPR Masked","GDPR Masked","GDPR Masked","GDPR Masked","LEFKOSA","GDPR Masked","Cyprus","gdpr-masking@gdpr-masked.com","GDPR Masked","GDPR Masked","GDPR Masked","GDPR Masked","GDPR Masked","GDPR Masked","GDPR Masked","GDPR Masked","GDPR Masked","gdpr-masking@gdpr-masked.com","GDPR Masked","GDPR Masked","GDPR Masked","GDPR Masked","GDPR Masked","GDPR Masked","GDPR Masked","GDPR Masked","GDPR Masked","gdpr-masking@gdpr-masked.com","GDPR Masked","GDPR Masked","","","","","","","","","","","ns1.guzelhosting.com","ns11.guzelhosting.com","ns12.guzelhosting.com","ns2.guzelhosting.com","clientTransferProhibited","","",""
"42","mikhailries.com","2020-05-06 23:14:43","2020-05-05","2020-05-05","2025-05-05","886","Domain.com, LLC","whois.domain.com","http://www.domain.com","REDACTED FOR PRIVACY","REDACTED FOR PRIVACY","REDACTED FOR PRIVACY","REDACTED FOR PRIVACY","NA","REDACTED FOR PRIVACY","Cyprus","","REDACTED FOR PRIVACY","REDACTED FOR PRIVACY","REDACTED FOR PRIVACY","REDACTED FOR PRIVACY","REDACTED FOR PRIVACY","REDACTED FOR PRIVACY","REDACTED FOR PRIVACY","REDACTED FOR PRIVACY","REDACTED FOR PRIVACY","","REDACTED FOR PRIVACY","REDACTED FOR PRIVACY","REDACTED FOR PRIVACY","REDACTED FOR PRIVACY","REDACTED FOR PRIVACY","REDACTED FOR PRIVACY","REDACTED FOR PRIVACY","REDACTED FOR PRIVACY","REDACTED FOR PRIVACY","","REDACTED FOR PRIVACY","REDACTED FOR PRIVACY","","","","","","","","","","","ns1.dotster-default.domainparkingserver.net","ns2.dotster-default.domainparkingserver.net","","","OK","","",""
"43","nalslandltd.com","2020-05-06 20:31:58","2020-05-05","2020-05-06","2021-05-05","1727","Papaki Ltd.","whois.eu","http://www.papaki.gr","REDACTED FOR PRIVACY","REDACTED FOR PRIVACY","REDACTED FOR PRIVACY","REDACTED FOR PRIVACY","Nicosia","REDACTED FOR PRIVACY","Cyprus","","REDACTED FOR PRIVACY","REDACTED FOR PRIVACY","REDACTED FOR PRIVACY","REDACTED FOR PRIVACY","REDACTED FOR PRIVACY","REDACTED FOR PRIVACY","REDACTED FOR PRIVACY","REDACTED FOR PRIVACY","REDACTED FOR PRIVACY","","REDACTED FOR PRIVACY","REDACTED FOR PRIVACY","REDACTED FOR PRIVACY","REDACTED FOR PRIVACY","REDACTED FOR PRIVACY","REDACTED FOR PRIVACY","REDACTED FOR PRIVACY","REDACTED FOR PRIVACY","REDACTED FOR PRIVACY","","REDACTED FOR PRIVACY","REDACTED FOR PRIVACY","","","","","","","","","","","dns1.papaki.gr","dns2.papaki.gr","","","clientTransferProhibited","clientUpdateProhibited","",""
"44","nttsindocargo.com","2020-05-06 23:52:44","2020-05-05","2020-05-05","2021-05-05","1418","EvoPlus Ltd.","whois.evonames.com","http://www.evonames.com","DANESCO TRADING LTD","DANESCO TRADING LTD.","157, Archbishop Makarios Ave, office 1","Limassol","","3026","Cyprus","nttsindocargo.com@whoisprotectservice.net","+357.95713635","+357.95713635","DANESCO TRADING LTD","DANESCO TRADING LTD.","157, Archbishop Makarios Ave, office 1","Limassol","","3026","Cyprus","nttsindocargo.com@whoisprotectservice.net","+357.95713635","+357.95713635","DANESCO TRADING LTD","DANESCO TRADING LTD.","157, Archbishop Makarios Ave, office 1","Limassol","","3026","Cyprus","nttsindocargo.com@whoisprotectservice.net","+357.95713635","+357.95713635","DANESCO TRADING LTD","DANESCO TRADING LTD.","157, Archbishop Makarios Ave, office 1","Limassol","","3026","Cyprus","nttsindocargo.com@whoisprotectservice.net","+357.95713635","+357.95713635","ns1.ukit.com","ns2.ukit.com","ns3.ukit.com","","OK","","",""
"45","picoapico.com","2020-05-06 22:18:03","2020-05-04","2020-05-04","2021-05-04","48","eNom, Inc.","whois.enom.com","http://www.enom.com","REDACTED FOR PRIVACY","REDACTED FOR PRIVACY","REDACTED FOR PRIVACY","REDACTED FOR PRIVACY","Larnaca","REDACTED FOR PRIVACY","Cyprus","","REDACTED FOR PRIVACY","REDACTED FOR PRIVACY","REDACTED FOR PRIVACY","REDACTED FOR PRIVACY","REDACTED FOR PRIVACY","REDACTED FOR PRIVACY","REDACTED FOR PRIVACY","REDACTED FOR PRIVACY","REDACTED FOR PRIVACY","","REDACTED FOR PRIVACY","REDACTED FOR PRIVACY","REDACTED FOR PRIVACY","REDACTED FOR PRIVACY","REDACTED FOR PRIVACY","REDACTED FOR PRIVACY","REDACTED FOR PRIVACY","REDACTED FOR PRIVACY","REDACTED FOR PRIVACY","","REDACTED FOR PRIVACY","REDACTED FOR PRIVACY","","","","","","","","","","","ns1.softbot.com.cy","ns2.softbot.com.cy","","","addPeriod","clientTransferProhibited","",""
"46","porn-hindi.com","2020-05-06 23:56:07","2020-05-05","2020-05-05","2021-05-05","1418","EvoPlus Ltd.","whois.evonames.com","http://www.evonames.com","DANESCO TRADING LTD","DANESCO TRADING LTD.","157, Archbishop Makarios Ave, office 1","Limassol","","3026","Cyprus","porn-hindi.com@whoisprotectservice.net","+357.95713635","+357.95713635","DANESCO TRADING LTD","DANESCO TRADING LTD.","157, Archbishop Makarios Ave, office 1","Limassol","","3026","Cyprus","porn-hindi.com@whoisprotectservice.net","+357.95713635","+357.95713635","DANESCO TRADING LTD","DANESCO TRADING LTD.","157, Archbishop Makarios Ave, office 1","Limassol","","3026","Cyprus","porn-hindi.com@whoisprotectservice.net","+357.95713635","+357.95713635","DANESCO TRADING LTD","DANESCO TRADING LTD.","157, Archbishop Makarios Ave, office 1","Limassol","","3026","Cyprus","porn-hindi.com@whoisprotectservice.net","+357.95713635","+357.95713635","ns1.porn-hindi.com","ns2.porn-hindi.com","","","clientDeleteProhibited","clientTransferProhibited","",""
"47","porndayxxx.com","2020-05-06 23:55:54","2020-05-05","2020-05-05","2021-05-05","1418","EvoPlus Ltd.","whois.evonames.com","http://www.evonames.com","DANESCO TRADING LTD","DANESCO TRADING LTD.","157, Archbishop Makarios Ave, office 1","Limassol","","3026","Cyprus","porndayxxx.com@whoisprotectservice.net","+357.95713635","+357.95713635","DANESCO TRADING LTD","DANESCO TRADING LTD.","157, Archbishop Makarios Ave, office 1","Limassol","","3026","Cyprus","porndayxxx.com@whoisprotectservice.net","+357.95713635","+357.95713635","DANESCO TRADING LTD","DANESCO TRADING LTD.","157, Archbishop Makarios Ave, office 1","Limassol","","3026","Cyprus","porndayxxx.com@whoisprotectservice.net","+357.95713635","+357.95713635","DANESCO TRADING LTD","DANESCO TRADING LTD.","157, Archbishop Makarios Ave, office 1","Limassol","","3026","Cyprus","porndayxxx.com@whoisprotectservice.net","+357.95713635","+357.95713635","ns1.porndayxxx.com","ns2.porndayxxx.com","","","clientDeleteProhibited","clientTransferProhibited","",""
"48","pornokisa.com","2020-05-06 23:05:15","2020-05-05","2020-05-05","2021-05-05","1418","EvoPlus Ltd.","whois.evonames.com","http://www.evonames.com","DANESCO TRADING LTD","DANESCO TRADING LTD.","157, Archbishop Makarios Ave, office 1","Limassol","","3026","Cyprus","pornokisa.com@whoisprotectservice.net","+357.95713635","+357.95713635","DANESCO TRADING LTD","DANESCO TRADING LTD.","157, Archbishop Makarios Ave, office 1","Limassol","","3026","Cyprus","pornokisa.com@whoisprotectservice.net","+357.95713635","+357.95713635","DANESCO TRADING LTD","DANESCO TRADING LTD.","157, Archbishop Makarios Ave, office 1","Limassol","","3026","Cyprus","pornokisa.com@whoisprotectservice.net","+357.95713635","+357.95713635","DANESCO TRADING LTD","DANESCO TRADING LTD.","157, Archbishop Makarios Ave, office 1","Limassol","","3026","Cyprus","pornokisa.com@whoisprotectservice.net","+357.95713635","+357.95713635","carrera.ns.cloudflare.com","morgan.ns.cloudflare.com","","","OK","","",""
"49","rickyestates.com","2020-05-06 22:28:36","2020-05-05","2020-05-05","2022-05-05","146","GoDaddy.com, LLC","whois.godaddy.com","http://registrar.godaddy.com","","","","","Nicosia","","Cyprus","","","","","","","","","","","","","","","","","","","","","","","","","","","","","","","","","","ns49.domaincontrol.com","ns50.domaincontrol.com","","","clientDeleteProhibited","clientRenewProhibited","clientTransferProhibited","clientUpdateProhibited"
"50","safetytravelkit.com","2020-05-06 20:36:16","2020-05-05","2020-05-05","2021-05-05","1727","Papaki Ltd.","whois.eu","http://www.papaki.gr","REDACTED FOR PRIVACY","REDACTED FOR PRIVACY","REDACTED FOR PRIVACY","REDACTED FOR PRIVACY","Limassol","REDACTED FOR PRIVACY","Cyprus","","REDACTED FOR PRIVACY","REDACTED FOR PRIVACY","REDACTED FOR PRIVACY","REDACTED FOR PRIVACY","REDACTED FOR PRIVACY","REDACTED FOR PRIVACY","REDACTED FOR PRIVACY","REDACTED FOR PRIVACY","REDACTED FOR PRIVACY","","REDACTED FOR PRIVACY","REDACTED FOR PRIVACY","REDACTED FOR PRIVACY","REDACTED FOR PRIVACY","REDACTED FOR PRIVACY","REDACTED FOR PRIVACY","REDACTED FOR PRIVACY","REDACTED FOR PRIVACY","REDACTED FOR PRIVACY","","REDACTED FOR PRIVACY","REDACTED FOR PRIVACY","","","","","","","","","","","ns1.masterfold.net","ns2.masterfold.net","","","clientTransferProhibited","clientUpdateProhibited","",""
"51","selavanholdings.com","2020-05-06 23:30:26","2020-05-05","2020-05-05","2022-05-05","146","GoDaddy.com, LLC","whois.godaddy.com","http://registrar.godaddy.com","Selavan holdings","Selavan holdings","","","Lefkosia","","Cyprus","","","","","","","","","","","","","","","","","","","","","","","","","","","","","","","","","","ns63.domaincontrol.com","ns64.domaincontrol.com","","","clientDeleteProhibited","clientRenewProhibited","clientTransferProhibited","clientUpdateProhibited"
"52","seocyprus.agency","2020-05-06 14:38:30","2020-05-04","2020-05-04","2021-05-04","146","GoDaddy.com, LLC","whois.godaddy.com","http://registrar.godaddy.com","REDACTED FOR PRIVACY","MIC COACHING LTD","REDACTED FOR PRIVACY","REDACTED FOR PRIVACY","limassol","REDACTED FOR PRIVACY","Cyprus","","REDACTED FOR PRIVACY","REDACTED FOR PRIVACY","","","","","","","","","","","","","","","","","","","","","","","","","","","","","","","","","","","addPeriod","clientDeleteProhibited","clientRenewProhibited","clientTransferProhibited"
"53","sexaginta.com","2020-05-06 19:38:06","2020-05-05","2020-05-05","2021-05-05","146","GoDaddy.com, LLC","whois.godaddy.com","http://registrar.godaddy.com","","","","","Nicosia","","Cyprus","","","","","","","","","","","","","","","","","","","","","","","","","","","","","","","","","","ns49.domaincontrol.com","ns50.domaincontrol.com","","","clientDeleteProhibited","clientRenewProhibited","clientTransferProhibited","clientUpdateProhibited"
"54","sexyissexy.com","2020-05-06 23:38:37","2020-05-05","2020-05-05","2021-05-05","1418","EvoPlus Ltd.","whois.evonames.com","http://www.evonames.com","DANESCO TRADING LTD","DANESCO TRADING LTD.","157, Archbishop Makarios Ave, office 1","Limassol","","3026","Cyprus","sexyissexy.com@whoisprotectservice.net","+357.95713635","+357.95713635","DANESCO TRADING LTD","DANESCO TRADING LTD.","157, Archbishop Makarios Ave, office 1","Limassol","","3026","Cyprus","sexyissexy.com@whoisprotectservice.net","+357.95713635","+357.95713635","DANESCO TRADING LTD","DANESCO TRADING LTD.","157, Archbishop Makarios Ave, office 1","Limassol","","3026","Cyprus","sexyissexy.com@whoisprotectservice.net","+357.95713635","+357.95713635","DANESCO TRADING LTD","DANESCO TRADING LTD.","157, Archbishop Makarios Ave, office 1","Limassol","","3026","Cyprus","sexyissexy.com@whoisprotectservice.net","+357.95713635","+357.95713635","ns1.hostiservices.com","ns2.hostiservices.com","","","clientDeleteProhibited","clientTransferProhibited","",""
"55","smutgamer.com","2020-05-06 21:44:45","2020-05-04","2020-05-04","2021-05-04","1418","EvoPlus Ltd.","whois.evonames.com","http://www.evonames.com","DANESCO TRADING LTD","DANESCO TRADING LTD.","157, Archbishop Makarios Ave, office 1","Limassol","","3026","Cyprus","smutgamer.com@whoisprotectservice.net","+357.95713635","+357.95713635","DANESCO TRADING LTD","DANESCO TRADING LTD.","157, Archbishop Makarios Ave, office 1","Limassol","","3026","Cyprus","smutgamer.com@whoisprotectservice.net","+357.95713635","+357.95713635","DANESCO TRADING LTD","DANESCO TRADING LTD.","157, Archbishop Makarios Ave, office 1","Limassol","","3026","Cyprus","smutgamer.com@whoisprotectservice.net","+357.95713635","+357.95713635","DANESCO TRADING LTD","DANESCO TRADING LTD.","157, Archbishop Makarios Ave, office 1","Limassol","","3026","Cyprus","smutgamer.com@whoisprotectservice.net","+357.95713635","+357.95713635","ns1.topdns.me","ns2.topdns.me","ns3.topdns.me","","OK","","",""
"56","sportflik.com","2020-05-06 21:19:25","2020-05-04","2020-05-04","2021-05-04","48","eNom, Inc.","whois.enom.com","http://www.enom.com","REDACTED FOR PRIVACY","REDACTED FOR PRIVACY","REDACTED FOR PRIVACY","REDACTED FOR PRIVACY","Ammoxostos","REDACTED FOR PRIVACY","Cyprus","","REDACTED FOR PRIVACY","REDACTED FOR PRIVACY","REDACTED FOR PRIVACY","REDACTED FOR PRIVACY","REDACTED FOR PRIVACY","REDACTED FOR PRIVACY","REDACTED FOR PRIVACY","REDACTED FOR PRIVACY","REDACTED FOR PRIVACY","","REDACTED FOR PRIVACY","REDACTED FOR PRIVACY","REDACTED FOR PRIVACY","REDACTED FOR PRIVACY","REDACTED FOR PRIVACY","REDACTED FOR PRIVACY","REDACTED FOR PRIVACY","REDACTED FOR PRIVACY","REDACTED FOR PRIVACY","","REDACTED FOR PRIVACY","REDACTED FOR PRIVACY","","","","","","","","","","","ns1.mzontos.gr","ns2.mzontos.gr","","","addPeriod","clientTransferProhibited","",""
"57","starsalert.com","2020-05-06 23:20:32","2020-05-05","2020-05-05","2021-05-05","1418","EvoPlus Ltd.","whois.evonames.com","http://www.evonames.com","DANESCO TRADING LTD","DANESCO TRADING LTD.","157, Archbishop Makarios Ave, office 1","Limassol","","3026","Cyprus","starsalert.com@whoisprotectservice.net","+357.95713635","+357.95713635","DANESCO TRADING LTD","DANESCO TRADING LTD.","157, Archbishop Makarios Ave, office 1","Limassol","","3026","Cyprus","starsalert.com@whoisprotectservice.net","+357.95713635","+357.95713635","DANESCO TRADING LTD","DANESCO TRADING LTD.","157, Archbishop Makarios Ave, office 1","Limassol","","3026","Cyprus","starsalert.com@whoisprotectservice.net","+357.95713635","+357.95713635","DANESCO TRADING LTD","DANESCO TRADING LTD.","157, Archbishop Makarios Ave, office 1","Limassol","","3026","Cyprus","starsalert.com@whoisprotectservice.net","+357.95713635","+357.95713635","ns1.v30249.dh.net.ua","ns2.v30249.dh.net.ua","","","OK","","",""
"58","uzbmusic.com","2020-05-06 23:34:02","2020-05-05","2020-05-05","2021-05-05","1418","EvoPlus Ltd.","whois.evonames.com","http://www.evonames.com","DANESCO TRADING LTD","DANESCO TRADING LTD.","157, Archbishop Makarios Ave, office 1","Limassol","","3026","Cyprus","uzbmusic.com@whoisprotectservice.net","+357.95713635","+357.95713635","DANESCO TRADING LTD","DANESCO TRADING LTD.","157, Archbishop Makarios Ave, office 1","Limassol","","3026","Cyprus","uzbmusic.com@whoisprotectservice.net","+357.95713635","+357.95713635","DANESCO TRADING LTD","DANESCO TRADING LTD.","157, Archbishop Makarios Ave, office 1","Limassol","","3026","Cyprus","uzbmusic.com@whoisprotectservice.net","+357.95713635","+357.95713635","DANESCO TRADING LTD","DANESCO TRADING LTD.","157, Archbishop Makarios Ave, office 1","Limassol","","3026","Cyprus","uzbmusic.com@whoisprotectservice.net","+357.95713635","+357.95713635","ns1.vps1959546.dedi.server-hosting.expert","ns2.vps1959546.dedi.server-hosting.expert","","","OK","","",""
"59","venturasunlight.com","2020-05-06 23:17:48","2020-05-05","2020-05-05","2021-05-05","1418","EvoPlus Ltd.","whois.evonames.com","http://www.evonames.com","DANESCO TRADING LTD","DANESCO TRADING LTD.","157, Archbishop Makarios Ave, office 1","Limassol","","3026","Cyprus","venturasunlight.com@whoisprotectservice.net","+357.95713635","+357.95713635","DANESCO TRADING LTD","DANESCO TRADING LTD.","157, Archbishop Makarios Ave, office 1","Limassol","","3026","Cyprus","venturasunlight.com@whoisprotectservice.net","+357.95713635","+357.95713635","DANESCO TRADING LTD","DANESCO TRADING LTD.","157, Archbishop Makarios Ave, office 1","Limassol","","3026","Cyprus","venturasunlight.com@whoisprotectservice.net","+357.95713635","+357.95713635","DANESCO TRADING LTD","DANESCO TRADING LTD.","157, Archbishop Makarios Ave, office 1","Limassol","","3026","Cyprus","venturasunlight.com@whoisprotectservice.net","+357.95713635","+357.95713635","ns1.topdns.me","ns2.topdns.me","ns3.topdns.me","","OK","","",""
"60","xsecy.com","2020-05-06 22:40:20","2020-05-05","2020-05-05","2021-05-05","955","Launchpad, Inc.","whois.launchpad.com","http://www.launchpad.com","GDPR Masked","GDPR Masked","GDPR Masked","GDPR Masked","Limassol","GDPR Masked","Cyprus","gdpr-masking@gdpr-masked.com","GDPR Masked","GDPR Masked","GDPR Masked","GDPR Masked","GDPR Masked","GDPR Masked","GDPR Masked","GDPR Masked","GDPR Masked","gdpr-masking@gdpr-masked.com","GDPR Masked","GDPR Masked","GDPR Masked","GDPR Masked","GDPR Masked","GDPR Masked","GDPR Masked","GDPR Masked","GDPR Masked","gdpr-masking@gdpr-masked.com","GDPR Masked","GDPR Masked","","","","","","","","","","","ns1.hostgator.com","ns2.hostgator.com","","","clientTransferProhibited","","",""
"61","xsenergycyprus.com","2020-05-06 22:38:18","2020-05-05","2020-05-05","2021-05-05","955","Launchpad, Inc.","whois.launchpad.com","http://www.launchpad.com","GDPR Masked","GDPR Masked","GDPR Masked","GDPR Masked","Limassol","GDPR Masked","Cyprus","gdpr-masking@gdpr-masked.com","GDPR Masked","GDPR Masked","GDPR Masked","GDPR Masked","GDPR Masked","GDPR Masked","GDPR Masked","GDPR Masked","GDPR Masked","gdpr-masking@gdpr-masked.com","GDPR Masked","GDPR Masked","GDPR Masked","GDPR Masked","GDPR Masked","GDPR Masked","GDPR Masked","GDPR Masked","GDPR Masked","gdpr-masking@gdpr-masked.com","GDPR Masked","GDPR Masked","","","","","","","","","","","ns1.hostgator.com","ns2.hostgator.com","","","clientTransferProhibited","","",""
"62","xxx69night.com","2020-05-06 23:55:50","2020-05-05","2020-05-05","2021-05-05","1418","EvoPlus Ltd.","whois.evonames.com","http://www.evonames.com","DANESCO TRADING LTD","DANESCO TRADING LTD.","157, Archbishop Makarios Ave, office 1","Limassol","","3026","Cyprus","xxx69night.com@whoisprotectservice.net","+357.95713635","+357.95713635","DANESCO TRADING LTD","DANESCO TRADING LTD.","157, Archbishop Makarios Ave, office 1","Limassol","","3026","Cyprus","xxx69night.com@whoisprotectservice.net","+357.95713635","+357.95713635","DANESCO TRADING LTD","DANESCO TRADING LTD.","157, Archbishop Makarios Ave, office 1","Limassol","","3026","Cyprus","xxx69night.com@whoisprotectservice.net","+357.95713635","+357.95713635","DANESCO TRADING LTD","DANESCO TRADING LTD.","157, Archbishop Makarios Ave, office 1","Limassol","","3026","Cyprus","xxx69night.com@whoisprotectservice.net","+357.95713635","+357.95713635","ns1.xxx69night.com","ns2.xxx69night.com","","","clientDeleteProhibited","clientTransferProhibited","",""
"63","yolocy.com","2020-05-06 20:31:34","2020-05-05","2020-05-05","2022-05-05","146","GoDaddy.com, LLC","whois.godaddy.com","http://registrar.godaddy.com","Yolocy Limited","Yolocy Limited","","","Limassol","","Cyprus","","","","","","","","","","","","","","","","","","","","","","","","","","","","","","","","","","ns29.domaincontrol.com","ns30.domaincontrol.com","","","clientDeleteProhibited","clientRenewProhibited","clientTransferProhibited","clientUpdateProhibited"