"num","domain_name","query_time","create_date","update_date","expiry_date","domain_registrar_id","domain_registrar_name","domain_registrar_whois","domain_registrar_url","registrant_name","registrant_company","registrant_address","registrant_city","registrant_state","registrant_zip","registrant_country","registrant_email","registrant_phone","registrant_fax","administrative_name","administrative_company","administrative_address","administrative_city","administrative_state","administrative_zip","administrative_country","administrative_email","administrative_phone","administrative_fax","technical_name","technical_company","technical_address","technical_city","technical_state","technical_zip","technical_country","technical_email","technical_phone","technical_fax","billing_name","billing_company","billing_address","billing_city","billing_state","billing_zip","billing_country","billing_email","billing_phone","billing_fax","name_server_1","name_server_2","name_server_3","name_server_4","domain_status_1","domain_status_2","domain_status_3","domain_status_4"
"1","africa-europe-conference.com","2020-05-06 20:36:18","2020-05-05","2020-05-05","2021-05-05","1387","1API GmbH","whois.1api.net","http://www.1api.net","REDACTED FOR PRIVACY","REDACTED FOR PRIVACY","REDACTED FOR PRIVACY","REDACTED FOR PRIVACY","","REDACTED FOR PRIVACY","Denmark","","REDACTED FOR PRIVACY","","REDACTED FOR PRIVACY","REDACTED FOR PRIVACY","REDACTED FOR PRIVACY","REDACTED FOR PRIVACY","REDACTED FOR PRIVACY","REDACTED FOR PRIVACY","REDACTED FOR PRIVACY","","REDACTED FOR PRIVACY","","REDACTED FOR PRIVACY","REDACTED FOR PRIVACY","REDACTED FOR PRIVACY","REDACTED FOR PRIVACY","REDACTED FOR PRIVACY","REDACTED FOR PRIVACY","REDACTED FOR PRIVACY","","REDACTED FOR PRIVACY","","","","","","","","","","","","ns1.dotserv.com","ns1.dotserv.net","ns2.dotserv.com","ns2.dotserv.net","clientTransferProhibited","","",""
"2","akrylkunst.dk","2020-05-06 14:30:34","2020-04-30","","2021-04-30","","","","","PR3","","v/Thomas Bang Petersen Vestergade 37C","Vejle","","7100","Denmark","","+45 28 44 29 02","","","","","","","","","","","","","","","","","","","","","","","","","","","","","","","","ns1pri.webhosting.dk","ns2.webhosting.dk","ns3.webhosting.dk","ns7.webhosting.dk","","","",""
"3","alter-zebra.com","2020-05-06 22:50:10","2020-05-05","2020-05-05","2021-05-05","146","GoDaddy.com, LLC","whois.godaddy.com","http://registrar.godaddy.com","","","","","","","Denmark","","","","","","","","","","","","","","","","","","","","","","","","","","","","","","","","","","ns63.domaincontrol.com","ns64.domaincontrol.com","","","clientDeleteProhibited","clientRenewProhibited","clientTransferProhibited","clientUpdateProhibited"
"4","arcticfuturechallenge.com","2020-05-06 20:34:37","2020-05-05","2020-05-05","2021-05-05","48","eNom, Inc.","whois.enom.com","http://www.enom.com","REDACTED FOR PRIVACY","REDACTED FOR PRIVACY","REDACTED FOR PRIVACY","REDACTED FOR PRIVACY","Copenhagen","REDACTED FOR PRIVACY","Denmark","","REDACTED FOR PRIVACY","REDACTED FOR PRIVACY","REDACTED FOR PRIVACY","REDACTED FOR PRIVACY","REDACTED FOR PRIVACY","REDACTED FOR PRIVACY","REDACTED FOR PRIVACY","REDACTED FOR PRIVACY","REDACTED FOR PRIVACY","","REDACTED FOR PRIVACY","REDACTED FOR PRIVACY","REDACTED FOR PRIVACY","REDACTED FOR PRIVACY","REDACTED FOR PRIVACY","REDACTED FOR PRIVACY","REDACTED FOR PRIVACY","REDACTED FOR PRIVACY","REDACTED FOR PRIVACY","","REDACTED FOR PRIVACY","REDACTED FOR PRIVACY","","","","","","","","","","","ns1.a2hosting.com","ns2.a2hosting.com","ns3.a2hosting.com","ns4.a2hosting.com","addPeriod","clientTransferProhibited","",""
"5","atrinkids.com","2020-05-06 23:47:47","2020-05-05","2020-05-05","2021-05-05","113","CSL Computer Service Langenbach GmbH d/b/a joker.com","whois.joker.com","http://www.joker.com","","","","","","","Denmark","","","","","","","","","","","","","","","","","","","","","","","","","","","","","","","","","","ns20.kalate.site","ns21.kalate.site","","","clientTransferProhibited","","",""
"6","bamboostig.com","2020-05-06 21:00:32","2020-05-04","2020-05-04","2021-05-04","146","GoDaddy.com, LLC","whois.godaddy.com","http://registrar.godaddy.com","I-Commerce ApS","I-Commerce ApS","","","CPH","","Denmark","","","","","","","","","","","","","","","","","","","","","","","","","","","","","","","","","","ns63.domaincontrol.com","ns64.domaincontrol.com","","","clientDeleteProhibited","clientRenewProhibited","clientTransferProhibited","clientUpdateProhibited"
"7","behinto.com","2020-05-06 20:31:32","2020-05-05","2020-05-05","2021-05-05","113","CSL Computer Service Langenbach GmbH d/b/a joker.com","whois.joker.com","http://www.joker.com","","","","","","","Denmark","","","","","","","","","","","","","","","","","","","","","","","","","","","","","","","","","","ns1.dartweb.net","ns2.dartweb.net","","","clientTransferProhibited","","",""
"8","blankblok.com","2020-05-06 20:16:23","2020-05-05","2020-05-05","2021-05-05","303","PDR Ltd. d/b/a PublicDomainRegistry.com","whois.publicdomainregistry.com","http://www.publicdomainregistry.com","GDPR Masked","GDPR Masked","GDPR Masked","GDPR Masked","Aalborg","GDPR Masked","Denmark","gdpr-masking@gdpr-masked.com","GDPR Masked","GDPR Masked","GDPR Masked","GDPR Masked","GDPR Masked","GDPR Masked","GDPR Masked","GDPR Masked","GDPR Masked","gdpr-masking@gdpr-masked.com","GDPR Masked","GDPR Masked","GDPR Masked","GDPR Masked","GDPR Masked","GDPR Masked","GDPR Masked","GDPR Masked","GDPR Masked","gdpr-masking@gdpr-masked.com","GDPR Masked","GDPR Masked","","","","","","","","","","","ns1.dns-parking.com","ns2.dns-parking.com","","","clientTransferProhibited","","",""
"9","brightbomber.com","2020-05-06 22:10:07","2020-05-04","2020-05-04","2021-05-04","146","GoDaddy.com, LLC","whois.godaddy.com","http://registrar.godaddy.com","","","","","Midtjylland","","Denmark","","","","","","","","","","","","","","","","","","","","","","","","","","","","","","","","","","ns63.domaincontrol.com","ns64.domaincontrol.com","","","clientDeleteProhibited","clientRenewProhibited","clientTransferProhibited","clientUpdateProhibited"
"10","charlotterosenborgeriksen.com","2020-05-06 19:27:52","2020-05-05","2020-05-05","2021-05-05","1387","1API GmbH","whois.1api.net","http://www.1api.net","REDACTED FOR PRIVACY","REDACTED FOR PRIVACY","REDACTED FOR PRIVACY","REDACTED FOR PRIVACY","S?nderborg","REDACTED FOR PRIVACY","Denmark","","REDACTED FOR PRIVACY","","REDACTED FOR PRIVACY","REDACTED FOR PRIVACY","REDACTED FOR PRIVACY","REDACTED FOR PRIVACY","REDACTED FOR PRIVACY","REDACTED FOR PRIVACY","REDACTED FOR PRIVACY","","REDACTED FOR PRIVACY","","REDACTED FOR PRIVACY","REDACTED FOR PRIVACY","REDACTED FOR PRIVACY","REDACTED FOR PRIVACY","REDACTED FOR PRIVACY","REDACTED FOR PRIVACY","REDACTED FOR PRIVACY","","REDACTED FOR PRIVACY","","","","","","","","","","","","ns3.nordicway.dk","ns4.nordicway.dk","","","clientTransferProhibited","","",""
"11","comewithkris.com","2020-05-06 20:25:08","2020-05-05","2020-05-05","2021-05-05","955","Launchpad, Inc.","whois.launchpad.com","http://www.launchpad.com","GDPR Masked","GDPR Masked","GDPR Masked","GDPR Masked","84","GDPR Masked","Denmark","gdpr-masking@gdpr-masked.com","GDPR Masked","GDPR Masked","GDPR Masked","GDPR Masked","GDPR Masked","GDPR Masked","GDPR Masked","GDPR Masked","GDPR Masked","gdpr-masking@gdpr-masked.com","GDPR Masked","GDPR Masked","GDPR Masked","GDPR Masked","GDPR Masked","GDPR Masked","GDPR Masked","GDPR Masked","GDPR Masked","gdpr-masking@gdpr-masked.com","GDPR Masked","GDPR Masked","","","","","","","","","","","ns8269.hostgator.com","ns8270.hostgator.com","","","clientTransferProhibited","","",""
"12","cphnord.com","2020-05-07 00:04:42","2020-05-05","2020-05-05","2022-05-05","113","CSL Computer Service Langenbach GmbH d/b/a joker.com","whois.joker.com","http://www.joker.com","CPH Trucking ApS","CPH Trucking ApS","","","","","Denmark","","","","","","","","","","","","","","","","","","","","","","","","","","","","","","","","","","ns1.gratisdns.dk","ns2.gratisdns.dk","ns3.gratisdns.dk","ns4.gratisdns.dk","clientTransferProhibited","","",""
"13","cphtimes.com","2020-05-06 19:14:13","2020-05-04","2020-05-04","2021-05-04","955","Launchpad, Inc.","whois.launchpad.com","http://www.launchpad.com","GDPR Masked","GDPR Masked","GDPR Masked","GDPR Masked","83","GDPR Masked","Denmark","gdpr-masking@gdpr-masked.com","GDPR Masked","GDPR Masked","GDPR Masked","GDPR Masked","GDPR Masked","GDPR Masked","GDPR Masked","GDPR Masked","GDPR Masked","gdpr-masking@gdpr-masked.com","GDPR Masked","GDPR Masked","GDPR Masked","GDPR Masked","GDPR Masked","GDPR Masked","GDPR Masked","GDPR Masked","GDPR Masked","gdpr-masking@gdpr-masked.com","GDPR Masked","GDPR Masked","","","","","","","","","","","ns1.hostgator.com","ns2.hostgator.com","","","clientTransferProhibited","","",""
"14","cphtrucking.com","2020-05-06 23:55:01","2020-05-05","2020-05-05","2022-05-05","113","CSL Computer Service Langenbach GmbH d/b/a joker.com","whois.joker.com","http://www.joker.com","CPH Trucking ApS","CPH Trucking ApS","","","","","Denmark","","","","","","","","","","","","","","","","","","","","","","","","","","","","","","","","","","ns1.gratisdns.dk","ns2.gratisdns.dk","ns3.gratisdns.dk","ns4.gratisdns.dk","clientTransferProhibited","","",""
"15","dairy1888club.com","2020-05-06 19:40:13","2020-05-05","2020-05-05","2022-05-05","146","GoDaddy.com, LLC","whois.godaddy.com","http://registrar.godaddy.com","Dairy1888 ApS","Dairy1888 ApS","","","Vejle","","Denmark","","","","","","","","","","","","","","","","","","","","","","","","","","","","","","","","","","ns41.domaincontrol.com","ns42.domaincontrol.com","","","clientDeleteProhibited","clientRenewProhibited","clientTransferProhibited","clientUpdateProhibited"
"16","danish-knowledge.com","2020-05-06 23:26:57","2020-05-05","2020-05-05","2021-05-04","1052","EuroDNS S.A.","http://whois.rotld.ro","http://www.eurodns.com","Hansen Thomas","appSolutions ApS","Frilandsvej 85","Hjoerring","","9800","Denmark","thomas@app-solutions.com","+45.20161929","","Hansen Thomas","appSolutions ApS","Frilandsvej 85","Hjoerring","","9800","Denmark","thomas@app-solutions.com","+45.20161929","","Hansen Thomas","appSolutions ApS","Frilandsvej 85","Hjoerring","","9800","Denmark","thomas@app-solutions.com","+45.20161929","","","","","","","","","","","","ns1.eurodns.com","ns2.eurodns.com","ns3.eurodns.com","ns4.eurodns.com","clientTransferProhibited","","",""
"17","dentlshop.com","2020-05-06 23:26:52","2020-05-05","2020-05-05","2021-05-05","955","Launchpad, Inc.","whois.launchpad.com","http://www.launchpad.com","GDPR Masked","GDPR Masked","GDPR Masked","GDPR Masked","84","GDPR Masked","Denmark","gdpr-masking@gdpr-masked.com","GDPR Masked","GDPR Masked","GDPR Masked","GDPR Masked","GDPR Masked","GDPR Masked","GDPR Masked","GDPR Masked","GDPR Masked","gdpr-masking@gdpr-masked.com","GDPR Masked","GDPR Masked","GDPR Masked","GDPR Masked","GDPR Masked","GDPR Masked","GDPR Masked","GDPR Masked","GDPR Masked","gdpr-masking@gdpr-masked.com","GDPR Masked","GDPR Masked","","","","","","","","","","","ns1.hostgator.com","ns2.hostgator.com","","","clientTransferProhibited","","",""
"18","e-drve.com","2020-05-06 22:23:25","2020-05-05","2020-05-05","2022-05-05","146","GoDaddy.com, LLC","whois.godaddy.com","http://registrar.godaddy.com","ULRIKK","ULRIKK","","","Hovedstaden","","Denmark","","","","","","","","","","","","","","","","","","","","","","","","","","","","","","","","","","ns63.domaincontrol.com","ns64.domaincontrol.com","","","clientDeleteProhibited","clientRenewProhibited","clientTransferProhibited","clientUpdateProhibited"
"19","farfetich.com","2020-05-06 23:26:29","2020-05-05","2020-05-05","2021-05-05","1001","Domeneshop AS dba  domainnameshop.com","whois.domainnameshop.com","http://www.domainnameshop.com","","","","","","","Denmark","xecbh2ahbyfb@privacy-protection.email","","","","","","","","","","r8kfaoz7j2xu@privacy-protection.email","","","","","","","","","","hostmaster@domeneshop.no","","","","","","","","","","","","","ns1.hyp.net","ns2.hyp.net","ns3.hyp.net","","clientTransferProhibited","","",""
"20","fishknotessential.com","2020-05-06 21:46:09","2020-05-05","2020-05-05","2021-05-05","146","GoDaddy.com, LLC","whois.godaddy.com","http://registrar.godaddy.com","","","","","Nordjylland","","Denmark","","","","","","","","","","","","","","","","","","","","","","","","","","","","","","","","","","ns29.domaincontrol.com","ns30.domaincontrol.com","","","clientDeleteProhibited","clientRenewProhibited","clientTransferProhibited","clientUpdateProhibited"
"21","fxgreatness.com","2020-05-07 01:13:54","2020-05-04","2020-05-04","2021-05-04","146","GoDaddy.com, LLC","whois.godaddy.com","http://registrar.godaddy.com","","","","","","","Denmark","","","","","","","","","","","","","","","","","","","","","","","","","","","","","","","","","","ns29.domaincontrol.com","ns30.domaincontrol.com","","","clientDeleteProhibited","clientRenewProhibited","clientTransferProhibited","clientUpdateProhibited"
"22","gavenyus.com","2020-05-06 22:20:02","2020-05-05","2020-05-05","2021-05-04","1052","EuroDNS S.A.","http://whois.rotld.ro","http://www.eurodns.com","Manager Domain","Zetmac ApS","Brydehusvej 30","Ballerup","","2750","Denmark","support@viva-it.dk","+45.21855520","","Manager Domain","Zetmac ApS","Brydehusvej 30","Ballerup","","2750","Denmark","support@viva-it.dk","+45.21855520","","Manager Domain","Zetmac ApS","Brydehusvej 30","Ballerup","","2750","Denmark","support@viva-it.dk","+45.21855520","","","","","","","","","","","","ns.solutionweb.dk","ns2.solutionweb.dk","ns3.solutionweb.dk","","clientTransferProhibited","","",""
"23","greendoggrow.com","2020-05-06 20:23:18","2020-05-05","2020-05-05","2021-05-05","440","Wild West Domains, LLC","whois.wildwestdomains.com","http://www.wildwestdomains.com","Dog Kiss Studio","Dog Kiss Studio","","","Midtjylland","","Denmark","","","","","","","","","","","","","","","","","","","","","","","","","","","","","","","","","","ns5.netcoservers3.com","ns6.netcoservers3.com","","","clientDeleteProhibited","clientRenewProhibited","clientTransferProhibited","clientUpdateProhibited"
"24","greenfamilyvacation.com","2020-05-06 22:27:44","2020-05-05","2020-05-05","2021-05-05","69","Tucows Domains Inc.","whois.tucows.com","http://domainhelp.opensrs.net","REDACTED FOR PRIVACY","REDACTED FOR PRIVACY","REDACTED FOR PRIVACY","REDACTED FOR PRIVACY","REDACTED FOR PRIVACY","REDACTED FOR PRIVACY","Denmark","","REDACTED FOR PRIVACY","REDACTED FOR PRIVACY","REDACTED FOR PRIVACY","REDACTED FOR PRIVACY","REDACTED FOR PRIVACY","REDACTED FOR PRIVACY","REDACTED FOR PRIVACY","REDACTED FOR PRIVACY","REDACTED FOR PRIVACY","","REDACTED FOR PRIVACY","REDACTED FOR PRIVACY","REDACTED FOR PRIVACY","REDACTED FOR PRIVACY","REDACTED FOR PRIVACY","REDACTED FOR PRIVACY","REDACTED FOR PRIVACY","REDACTED FOR PRIVACY","REDACTED FOR PRIVACY","","REDACTED FOR PRIVACY","REDACTED FOR PRIVACY","","","","","","","","","","","ns1.mono.net","ns2.mono.net","ns3.mono.net","","clientTransferProhibited","clientUpdateProhibited","",""
"25","ifocusgift.com","2020-05-06 22:48:01","2020-05-05","2020-05-05","2021-05-05","69","Tucows Domains Inc.","whois.tucows.com","http://domainhelp.opensrs.net","REDACTED FOR PRIVACY","REDACTED FOR PRIVACY","REDACTED FOR PRIVACY","REDACTED FOR PRIVACY","XX","REDACTED FOR PRIVACY","Denmark","","REDACTED FOR PRIVACY","REDACTED FOR PRIVACY","REDACTED FOR PRIVACY","REDACTED FOR PRIVACY","REDACTED FOR PRIVACY","REDACTED FOR PRIVACY","REDACTED FOR PRIVACY","REDACTED FOR PRIVACY","REDACTED FOR PRIVACY","","REDACTED FOR PRIVACY","REDACTED FOR PRIVACY","REDACTED FOR PRIVACY","REDACTED FOR PRIVACY","REDACTED FOR PRIVACY","REDACTED FOR PRIVACY","REDACTED FOR PRIVACY","REDACTED FOR PRIVACY","REDACTED FOR PRIVACY","","REDACTED FOR PRIVACY","REDACTED FOR PRIVACY","","","","","","","","","","","ns1.giow1084.siteground.us","ns2.giow1084.siteground.us","","","clientTransferProhibited","clientUpdateProhibited","",""
"26","imen-asanbar.com","2020-05-06 23:18:02","2020-05-05","2020-05-05","2021-05-05","113","CSL Computer Service Langenbach GmbH d/b/a joker.com","whois.joker.com","http://www.joker.com","","","","","","","Denmark","","","","","","","","","","","","","","","","","","","","","","","","","","","","","","","","","","ns13.shirazwebhost.ir","ns14.shirazwebhost.ir","","","clientTransferProhibited","","",""
"27","isabellaviktoriaklausen.com","2020-05-06 23:31:29","2020-05-05","2020-05-05","2021-05-05","146","GoDaddy.com, LLC","whois.godaddy.com","http://registrar.godaddy.com","","","","","Hovedstaden","","Denmark","","","","","","","","","","","","","","","","","","","","","","","","","","","","","","","","","","ns63.domaincontrol.com","ns64.domaincontrol.com","","","clientDeleteProhibited","clientRenewProhibited","clientTransferProhibited","clientUpdateProhibited"
"28","juli-apartments.com","2020-05-06 22:28:35","2020-05-05","2020-05-05","2022-05-05","106","Ascio Technologies, Inc. Danmark - Filial af Ascio technologies, Inc. USA","whois.ascio.com","http://www.ascio.com","Not Disclosed","Not Disclosed","Not Disclosed","Not Disclosed","KBH","Not Disclosed","Denmark","","Not Disclosed","Not Disclosed","Not Disclosed","Not Disclosed","Not Disclosed","Not Disclosed","Not Disclosed","Not Disclosed","Not Disclosed","","Not Disclosed","Not Disclosed","Not Disclosed","Not Disclosed","Not Disclosed","Not Disclosed","Not Disclosed","Not Disclosed","Not Disclosed","","Not Disclosed","Not Disclosed","","","","","","","","","","","ns.jay.net","ns2.jay.net","ns3.jay.net","","OK","","",""
"29","juli-homes.com","2020-05-06 22:40:12","2020-05-05","2020-05-05","2022-05-05","106","Ascio Technologies, Inc. Danmark - Filial af Ascio technologies, Inc. USA","whois.ascio.com","http://www.ascio.com","Not Disclosed","Not Disclosed","Not Disclosed","Not Disclosed","KBH","Not Disclosed","Denmark","","Not Disclosed","Not Disclosed","Not Disclosed","Not Disclosed","Not Disclosed","Not Disclosed","Not Disclosed","Not Disclosed","Not Disclosed","","Not Disclosed","Not Disclosed","Not Disclosed","Not Disclosed","Not Disclosed","Not Disclosed","Not Disclosed","Not Disclosed","Not Disclosed","","Not Disclosed","Not Disclosed","","","","","","","","","","","ns.jay.net","ns2.jay.net","ns3.jay.net","","OK","","",""
"30","juli-living.com","2020-05-06 22:33:36","2020-05-05","2020-05-05","2022-05-05","106","Ascio Technologies, Inc. Danmark - Filial af Ascio technologies, Inc. USA","whois.ascio.com","http://www.ascio.com","Not Disclosed","Not Disclosed","Not Disclosed","Not Disclosed","KBH","Not Disclosed","Denmark","","Not Disclosed","Not Disclosed","Not Disclosed","Not Disclosed","Not Disclosed","Not Disclosed","Not Disclosed","Not Disclosed","Not Disclosed","","Not Disclosed","Not Disclosed","Not Disclosed","Not Disclosed","Not Disclosed","Not Disclosed","Not Disclosed","Not Disclosed","Not Disclosed","","Not Disclosed","Not Disclosed","","","","","","","","","","","ns.jay.net","ns2.jay.net","ns3.jay.net","","OK","","",""
"31","juli-living.net","2020-05-06 19:02:13","2020-05-05","2020-05-05","2022-05-05","106","Ascio Technologies, Inc. Danmark - Filial af Ascio technologies, Inc. USA","whois.ascio.com","http://www.ascio.com","Not Disclosed","Not Disclosed","Not Disclosed","Not Disclosed","KBH","Not Disclosed","Denmark","","Not Disclosed","Not Disclosed","Not Disclosed","Not Disclosed","Not Disclosed","Not Disclosed","Not Disclosed","Not Disclosed","Not Disclosed","","Not Disclosed","Not Disclosed","Not Disclosed","Not Disclosed","Not Disclosed","Not Disclosed","Not Disclosed","Not Disclosed","Not Disclosed","","Not Disclosed","Not Disclosed","","","","","","","","","","","ns.jay.net","ns2.jay.net","ns3.jay.net","","OK","","",""
"32","juliapartments.com","2020-05-06 22:28:39","2020-05-05","2020-05-05","2022-05-05","106","Ascio Technologies, Inc. Danmark - Filial af Ascio technologies, Inc. USA","whois.ascio.com","http://www.ascio.com","Not Disclosed","Not Disclosed","Not Disclosed","Not Disclosed","KBH","Not Disclosed","Denmark","","Not Disclosed","Not Disclosed","Not Disclosed","Not Disclosed","Not Disclosed","Not Disclosed","Not Disclosed","Not Disclosed","Not Disclosed","","Not Disclosed","Not Disclosed","Not Disclosed","Not Disclosed","Not Disclosed","Not Disclosed","Not Disclosed","Not Disclosed","Not Disclosed","","Not Disclosed","Not Disclosed","","","","","","","","","","","ns.jay.net","ns2.jay.net","ns3.jay.net","","OK","","",""
"33","juliapartments.net","2020-05-06 19:02:13","2020-05-05","2020-05-05","2022-05-05","106","Ascio Technologies, Inc. Danmark - Filial af Ascio technologies, Inc. USA","whois.ascio.com","http://www.ascio.com","Not Disclosed","Not Disclosed","Not Disclosed","Not Disclosed","KBH","Not Disclosed","Denmark","","Not Disclosed","Not Disclosed","Not Disclosed","Not Disclosed","Not Disclosed","Not Disclosed","Not Disclosed","Not Disclosed","Not Disclosed","","Not Disclosed","Not Disclosed","Not Disclosed","Not Disclosed","Not Disclosed","Not Disclosed","Not Disclosed","Not Disclosed","Not Disclosed","","Not Disclosed","Not Disclosed","","","","","","","","","","","ns.jay.net","ns2.jay.net","ns3.jay.net","","OK","","",""
"34","juliasunnot.com","2020-05-06 22:26:34","2020-05-05","2020-05-05","2022-05-05","106","Ascio Technologies, Inc. Danmark - Filial af Ascio technologies, Inc. USA","whois.ascio.com","http://www.ascio.com","Not Disclosed","Not Disclosed","Not Disclosed","Not Disclosed","KBH","Not Disclosed","Denmark","","Not Disclosed","Not Disclosed","Not Disclosed","Not Disclosed","Not Disclosed","Not Disclosed","Not Disclosed","Not Disclosed","Not Disclosed","","Not Disclosed","Not Disclosed","Not Disclosed","Not Disclosed","Not Disclosed","Not Disclosed","Not Disclosed","Not Disclosed","Not Disclosed","","Not Disclosed","Not Disclosed","","","","","","","","","","","ns.jay.net","ns2.jay.net","ns3.jay.net","","OK","","",""
"35","julibolig.com","2020-05-06 22:28:39","2020-05-05","2020-05-05","2022-05-05","106","Ascio Technologies, Inc. Danmark - Filial af Ascio technologies, Inc. USA","whois.ascio.com","http://www.ascio.com","Not Disclosed","Not Disclosed","Not Disclosed","Not Disclosed","KBH","Not Disclosed","Denmark","","Not Disclosed","Not Disclosed","Not Disclosed","Not Disclosed","Not Disclosed","Not Disclosed","Not Disclosed","Not Disclosed","Not Disclosed","","Not Disclosed","Not Disclosed","Not Disclosed","Not Disclosed","Not Disclosed","Not Disclosed","Not Disclosed","Not Disclosed","Not Disclosed","","Not Disclosed","Not Disclosed","","","","","","","","","","","ns.jay.net","ns2.jay.net","ns3.jay.net","","OK","","",""
"36","juliboliger.com","2020-05-06 22:40:12","2020-05-05","2020-05-05","2022-05-05","106","Ascio Technologies, Inc. Danmark - Filial af Ascio technologies, Inc. USA","whois.ascio.com","http://www.ascio.com","Not Disclosed","Not Disclosed","Not Disclosed","Not Disclosed","KBH","Not Disclosed","Denmark","","Not Disclosed","Not Disclosed","Not Disclosed","Not Disclosed","Not Disclosed","Not Disclosed","Not Disclosed","Not Disclosed","Not Disclosed","","Not Disclosed","Not Disclosed","Not Disclosed","Not Disclosed","Not Disclosed","Not Disclosed","Not Disclosed","Not Disclosed","Not Disclosed","","Not Disclosed","Not Disclosed","","","","","","","","","","","ns.jay.net","ns2.jay.net","ns3.jay.net","","OK","","",""
"37","julibostad.com","2020-05-06 22:26:40","2020-05-05","2020-05-05","2022-05-05","106","Ascio Technologies, Inc. Danmark - Filial af Ascio technologies, Inc. USA","whois.ascio.com","http://www.ascio.com","Not Disclosed","Not Disclosed","Not Disclosed","Not Disclosed","KBH","Not Disclosed","Denmark","","Not Disclosed","Not Disclosed","Not Disclosed","Not Disclosed","Not Disclosed","Not Disclosed","Not Disclosed","Not Disclosed","Not Disclosed","","Not Disclosed","Not Disclosed","Not Disclosed","Not Disclosed","Not Disclosed","Not Disclosed","Not Disclosed","Not Disclosed","Not Disclosed","","Not Disclosed","Not Disclosed","","","","","","","","","","","ns.jay.net","ns2.jay.net","ns3.jay.net","","OK","","",""
"38","julibostader.com","2020-05-06 22:26:40","2020-05-05","2020-05-05","2022-05-05","106","Ascio Technologies, Inc. Danmark - Filial af Ascio technologies, Inc. USA","whois.ascio.com","http://www.ascio.com","Not Disclosed","Not Disclosed","Not Disclosed","Not Disclosed","KBH","Not Disclosed","Denmark","","Not Disclosed","Not Disclosed","Not Disclosed","Not Disclosed","Not Disclosed","Not Disclosed","Not Disclosed","Not Disclosed","Not Disclosed","","Not Disclosed","Not Disclosed","Not Disclosed","Not Disclosed","Not Disclosed","Not Disclosed","Not Disclosed","Not Disclosed","Not Disclosed","","Not Disclosed","Not Disclosed","","","","","","","","","","","ns.jay.net","ns2.jay.net","ns3.jay.net","","OK","","",""
"39","julihjem.com","2020-05-06 22:33:48","2020-05-05","2020-05-05","2022-05-05","106","Ascio Technologies, Inc. Danmark - Filial af Ascio technologies, Inc. USA","whois.ascio.com","http://www.ascio.com","Not Disclosed","Not Disclosed","Not Disclosed","Not Disclosed","KBH","Not Disclosed","Denmark","","Not Disclosed","Not Disclosed","Not Disclosed","Not Disclosed","Not Disclosed","Not Disclosed","Not Disclosed","Not Disclosed","Not Disclosed","","Not Disclosed","Not Disclosed","Not Disclosed","Not Disclosed","Not Disclosed","Not Disclosed","Not Disclosed","Not Disclosed","Not Disclosed","","Not Disclosed","Not Disclosed","","","","","","","","","","","ns.jay.net","ns2.jay.net","ns3.jay.net","","OK","","",""
"40","julihomes.net","2020-05-06 19:02:14","2020-05-05","2020-05-05","2022-05-05","106","Ascio Technologies, Inc. Danmark - Filial af Ascio technologies, Inc. USA","whois.ascio.com","http://www.ascio.com","Not Disclosed","Not Disclosed","Not Disclosed","Not Disclosed","KBH","Not Disclosed","Denmark","","Not Disclosed","Not Disclosed","Not Disclosed","Not Disclosed","Not Disclosed","Not Disclosed","Not Disclosed","Not Disclosed","Not Disclosed","","Not Disclosed","Not Disclosed","Not Disclosed","Not Disclosed","Not Disclosed","Not Disclosed","Not Disclosed","Not Disclosed","Not Disclosed","","Not Disclosed","Not Disclosed","","","","","","","","","","","ns.jay.net","ns2.jay.net","ns3.jay.net","","OK","","",""
"41","julikodit.com","2020-05-06 22:33:48","2020-05-05","2020-05-05","2022-05-05","106","Ascio Technologies, Inc. Danmark - Filial af Ascio technologies, Inc. USA","whois.ascio.com","http://www.ascio.com","Not Disclosed","Not Disclosed","Not Disclosed","Not Disclosed","KBH","Not Disclosed","Denmark","","Not Disclosed","Not Disclosed","Not Disclosed","Not Disclosed","Not Disclosed","Not Disclosed","Not Disclosed","Not Disclosed","Not Disclosed","","Not Disclosed","Not Disclosed","Not Disclosed","Not Disclosed","Not Disclosed","Not Disclosed","Not Disclosed","Not Disclosed","Not Disclosed","","Not Disclosed","Not Disclosed","","","","","","","","","","","ns.jay.net","ns2.jay.net","ns3.jay.net","","OK","","",""
"42","julikoti.com","2020-05-06 22:33:55","2020-05-05","2020-05-05","2022-05-05","106","Ascio Technologies, Inc. Danmark - Filial af Ascio technologies, Inc. USA","whois.ascio.com","http://www.ascio.com","Not Disclosed","Not Disclosed","Not Disclosed","Not Disclosed","KBH","Not Disclosed","Denmark","","Not Disclosed","Not Disclosed","Not Disclosed","Not Disclosed","Not Disclosed","Not Disclosed","Not Disclosed","Not Disclosed","Not Disclosed","","Not Disclosed","Not Disclosed","Not Disclosed","Not Disclosed","Not Disclosed","Not Disclosed","Not Disclosed","Not Disclosed","Not Disclosed","","Not Disclosed","Not Disclosed","","","","","","","","","","","ns.jay.net","ns2.jay.net","ns3.jay.net","","OK","","",""
"43","juliliving.com","2020-05-06 22:24:51","2020-05-05","2020-05-05","2022-05-05","106","Ascio Technologies, Inc. Danmark - Filial af Ascio technologies, Inc. USA","whois.ascio.com","http://www.ascio.com","Not Disclosed","Not Disclosed","Not Disclosed","Not Disclosed","KBH","Not Disclosed","Denmark","","Not Disclosed","Not Disclosed","Not Disclosed","Not Disclosed","Not Disclosed","Not Disclosed","Not Disclosed","Not Disclosed","Not Disclosed","","Not Disclosed","Not Disclosed","Not Disclosed","Not Disclosed","Not Disclosed","Not Disclosed","Not Disclosed","Not Disclosed","Not Disclosed","","Not Disclosed","Not Disclosed","","","","","","","","","","","ns.jay.net","ns2.jay.net","ns3.jay.net","","OK","","",""
"44","juliliving.net","2020-05-06 19:02:14","2020-05-05","2020-05-05","2022-05-05","106","Ascio Technologies, Inc. Danmark - Filial af Ascio technologies, Inc. USA","whois.ascio.com","http://www.ascio.com","Not Disclosed","Not Disclosed","Not Disclosed","Not Disclosed","KBH","Not Disclosed","Denmark","","Not Disclosed","Not Disclosed","Not Disclosed","Not Disclosed","Not Disclosed","Not Disclosed","Not Disclosed","Not Disclosed","Not Disclosed","","Not Disclosed","Not Disclosed","Not Disclosed","Not Disclosed","Not Disclosed","Not Disclosed","Not Disclosed","Not Disclosed","Not Disclosed","","Not Disclosed","Not Disclosed","","","","","","","","","","","ns.jay.net","ns2.jay.net","ns3.jay.net","","OK","","",""
"45","julistudios.com","2020-05-06 22:33:37","2020-05-05","2020-05-05","2022-05-05","106","Ascio Technologies, Inc. Danmark - Filial af Ascio technologies, Inc. USA","whois.ascio.com","http://www.ascio.com","Not Disclosed","Not Disclosed","Not Disclosed","Not Disclosed","KBH","Not Disclosed","Denmark","","Not Disclosed","Not Disclosed","Not Disclosed","Not Disclosed","Not Disclosed","Not Disclosed","Not Disclosed","Not Disclosed","Not Disclosed","","Not Disclosed","Not Disclosed","Not Disclosed","Not Disclosed","Not Disclosed","Not Disclosed","Not Disclosed","Not Disclosed","Not Disclosed","","Not Disclosed","Not Disclosed","","","","","","","","","","","ns.jay.net","ns2.jay.net","ns3.jay.net","","OK","","",""
"46","kenderdufoelelsen.com","2020-05-06 22:45:04","2020-05-05","2020-05-05","2021-05-05","146","GoDaddy.com, LLC","whois.godaddy.com","http://registrar.godaddy.com","","","","","Hovedstaden","","Denmark","","","","","","","","","","","","","","","","","","","","","","","","","","","","","","","","","","ns0.wixdns.net","ns1.wixdns.net","","","clientDeleteProhibited","clientRenewProhibited","clientTransferProhibited","clientUpdateProhibited"
"47","kingofrice.com","2020-05-07 00:55:01","2020-05-04","2020-05-05","2021-05-04","1387","1API GmbH","whois.1api.net","http://www.1api.net","REDACTED FOR PRIVACY","REDACTED FOR PRIVACY","REDACTED FOR PRIVACY","REDACTED FOR PRIVACY","Sjaelland","REDACTED FOR PRIVACY","Denmark","","REDACTED FOR PRIVACY","","REDACTED FOR PRIVACY","REDACTED FOR PRIVACY","REDACTED FOR PRIVACY","REDACTED FOR PRIVACY","REDACTED FOR PRIVACY","REDACTED FOR PRIVACY","REDACTED FOR PRIVACY","","REDACTED FOR PRIVACY","","REDACTED FOR PRIVACY","REDACTED FOR PRIVACY","REDACTED FOR PRIVACY","REDACTED FOR PRIVACY","REDACTED FOR PRIVACY","REDACTED FOR PRIVACY","REDACTED FOR PRIVACY","","REDACTED FOR PRIVACY","","","","","","","","","","","","ns3.nordicway.dk","ns4.nordicway.dk","","","clientTransferProhibited","","",""
"48","kulturaktiv.com","2020-05-06 21:36:02","2020-05-04","2020-05-04","2022-05-04","113","CSL Computer Service Langenbach GmbH d/b/a joker.com","whois.joker.com","http://www.joker.com","Stjernegaard A/S","Stjernegaard A/S","","","","","Denmark","","","","","","","","","","","","","","","","","","","","","","","","","","","","","","","","","","ns1.gratisdns.dk","ns2.gratisdns.dk","ns3.gratisdns.dk","ns4.gratisdns.dk","clientTransferProhibited","","",""
"49","kulturaktive.com","2020-05-06 21:36:03","2020-05-04","2020-05-04","2022-05-04","113","CSL Computer Service Langenbach GmbH d/b/a joker.com","whois.joker.com","http://www.joker.com","Stjernegaard A/S","Stjernegaard A/S","","","","","Denmark","","","","","","","","","","","","","","","","","","","","","","","","","","","","","","","","","","ns1.gratisdns.dk","ns2.gratisdns.dk","ns3.gratisdns.dk","ns4.gratisdns.dk","clientTransferProhibited","","",""
"50","livejuli.com","2020-05-06 22:28:47","2020-05-05","2020-05-05","2022-05-05","106","Ascio Technologies, Inc. Danmark - Filial af Ascio technologies, Inc. USA","whois.ascio.com","http://www.ascio.com","Not Disclosed","Not Disclosed","Not Disclosed","Not Disclosed","KBH","Not Disclosed","Denmark","","Not Disclosed","Not Disclosed","Not Disclosed","Not Disclosed","Not Disclosed","Not Disclosed","Not Disclosed","Not Disclosed","Not Disclosed","","Not Disclosed","Not Disclosed","Not Disclosed","Not Disclosed","Not Disclosed","Not Disclosed","Not Disclosed","Not Disclosed","Not Disclosed","","Not Disclosed","Not Disclosed","","","","","","","","","","","ns.jay.net","ns2.jay.net","ns3.jay.net","","OK","","",""
"51","lizltv.com","2020-05-06 21:29:52","2020-05-04","2020-05-04","2021-05-04","146","GoDaddy.com, LLC","whois.godaddy.com","http://registrar.godaddy.com","MOONSTED IVS","MOONSTED IVS","","","CPH","","Denmark","","","","","","","","","","","","","","","","","","","","","","","","","","","","","","","","","","pdns01.domaincontrol.com","pdns02.domaincontrol.com","","","clientDeleteProhibited","clientRenewProhibited","clientTransferProhibited","clientUpdateProhibited"
"52","luxusequine.com","2020-05-07 01:03:44","2020-05-04","2020-05-04","2021-05-04","1387","1API GmbH","whois.1api.net","http://www.1api.net","REDACTED FOR PRIVACY","REDACTED FOR PRIVACY","REDACTED FOR PRIVACY","REDACTED FOR PRIVACY","Sjaelland","REDACTED FOR PRIVACY","Denmark","","REDACTED FOR PRIVACY","","REDACTED FOR PRIVACY","REDACTED FOR PRIVACY","REDACTED FOR PRIVACY","REDACTED FOR PRIVACY","REDACTED FOR PRIVACY","REDACTED FOR PRIVACY","REDACTED FOR PRIVACY","","REDACTED FOR PRIVACY","","REDACTED FOR PRIVACY","REDACTED FOR PRIVACY","REDACTED FOR PRIVACY","REDACTED FOR PRIVACY","REDACTED FOR PRIVACY","REDACTED FOR PRIVACY","REDACTED FOR PRIVACY","","REDACTED FOR PRIVACY","","","","","","","","","","","","ns3.nordicway.dk","ns4.nordicway.dk","","","clientTransferProhibited","","",""
"53","maghzpesteh.com","2020-05-06 23:29:49","2020-05-05","2020-05-05","2021-05-05","113","CSL Computer Service Langenbach GmbH d/b/a joker.com","whois.joker.com","http://www.joker.com","","","","","","","Denmark","","","","","","","","","","","","","","","","","","","","","","","","","","","","","","","","","","ns20.kalate.site","ns21.kalate.site","","","clientTransferProhibited","","",""
"54","morebamboo.com","2020-05-06 19:27:55","2020-05-05","2020-05-05","2021-05-05","146","GoDaddy.com, LLC","whois.godaddy.com","http://registrar.godaddy.com","","","","","Hovedstaden","","Denmark","","","","","","","","","","","","","","","","","","","","","","","","","","","","","","","","","","ns0.wixdns.net","ns1.wixdns.net","","","clientDeleteProhibited","clientRenewProhibited","clientTransferProhibited","clientUpdateProhibited"
"55","mozhanchef.com","2020-05-06 22:51:05","2020-05-05","2020-05-05","2021-05-05","113","CSL Computer Service Langenbach GmbH d/b/a joker.com","whois.joker.com","http://www.joker.com","","","","","","","Denmark","","","","","","","","","","","","","","","","","","","","","","","","","","","","","","","","","","ns20.kalate.site","ns21.kalate.site","","","clientTransferProhibited","","",""
"56","myproteinsolutions.com","2020-05-06 21:44:47","2020-05-05","2020-05-05","2021-05-05","151","PSI-USA, Inc. dba Domain Robot","whois.psi-usa.info","http://www.psi-usa.info","REDACTED FOR PRIVACY","BHJ AS","REDACTED FOR PRIVACY","REDACTED FOR PRIVACY","DK","REDACTED FOR PRIVACY","Denmark","","REDACTED FOR PRIVACY","REDACTED FOR PRIVACY","REDACTED FOR PRIVACY","REDACTED FOR PRIVACY","REDACTED FOR PRIVACY","REDACTED FOR PRIVACY","REDACTED FOR PRIVACY","REDACTED FOR PRIVACY","REDACTED FOR PRIVACY","","REDACTED FOR PRIVACY","REDACTED FOR PRIVACY","REDACTED FOR PRIVACY","REDACTED FOR PRIVACY","REDACTED FOR PRIVACY","REDACTED FOR PRIVACY","REDACTED FOR PRIVACY","REDACTED FOR PRIVACY","REDACTED FOR PRIVACY","","REDACTED FOR PRIVACY","REDACTED FOR PRIVACY","","","","","","","","","","","a.ns14.net","b.ns14.net","c.ns14.net","d.ns14.net","clientTransferProhibited","","",""
"57","mysystemconsultant.com","2020-05-06 20:42:15","2020-05-04","2020-05-04","2022-05-04","113","CSL Computer Service Langenbach GmbH d/b/a joker.com","whois.joker.com","http://www.joker.com","","","","","","","Denmark","","","","","","","","","","","","","","","","","","","","","","","","","","","","","","","","","","ns1.gratisdns.dk","ns2.gratisdns.dk","ns3.gratisdns.dk","ns4.gratisdns.dk","clientTransferProhibited","","",""
"58","nextepcareer.com","2020-05-06 20:51:50","2020-05-04","2020-05-04","2021-05-04","141","Cronon AG","whois.cronon.net","http://www.cronon.net","","","","","","","Denmark","domaincontact@reg.xlink.net","","","","","","","","","","","","","","","","","","","","","","","","","","","","","","","","","docks11.rzone.de","shades12.rzone.de","","","OK","","",""
"59","nextepcareer.net","2020-05-06 19:01:51","2020-05-04","2020-05-04","2021-05-04","141","Cronon AG","whois.cronon.net","http://www.cronon.net","","","","","","","Denmark","domaincontact@reg.xlink.net","","","","","","","","","","","","","","","","","","","","","","","","","","","","","","","","","docks10.rzone.de","shades18.rzone.de","","","OK","","",""
"60","niktadesign.com","2020-05-06 22:14:32","2020-05-05","2020-05-05","2021-05-05","113","CSL Computer Service Langenbach GmbH d/b/a joker.com","whois.joker.com","http://www.joker.com","","","","","","","Denmark","","","","","","","","","","","","","","","","","","","","","","","","","","","","","","","","","","ns20.kalate.site","ns21.kalate.site","","","clientTransferProhibited","","",""
"61","noorskebab.com","2020-05-06 22:18:14","2020-05-05","2020-05-05","2021-05-05","440","Wild West Domains, LLC","whois.wildwestdomains.com","http://www.wildwestdomains.com","OrderYOYO Aps","OrderYOYO Aps","","","Zealand","","Denmark","","","","","","","","","","","","","","","","","","","","","","","","","","","","","","","","","","ns1-06.azure-dns.com","ns2-06.azure-dns.net","ns3-06.azure-dns.org","ns4-06.azure-dns.info","clientDeleteProhibited","clientRenewProhibited","clientTransferProhibited","clientUpdateProhibited"
"62","nordfinar.com","2020-05-06 23:20:46","2020-05-05","2020-05-05","2021-05-05","146","GoDaddy.com, LLC","whois.godaddy.com","http://registrar.godaddy.com","Nordic Biohack pS","Nordic Biohack pS","","","Hovedstaden","","Denmark","","","","","","","","","","","","","","","","","","","","","","","","","","","","","","","","","","ns49.domaincontrol.com","ns50.domaincontrol.com","","","clientDeleteProhibited","clientRenewProhibited","clientTransferProhibited","clientUpdateProhibited"
"63","nordic-hunter.com","2020-05-06 20:45:30","2020-05-04","2020-05-04","2021-05-04","113","CSL Computer Service Langenbach GmbH d/b/a joker.com","whois.joker.com","http://www.joker.com","Hunt2Eat","Hunt2Eat","","","","","Denmark","","","","","","","","","","","","","","","","","","","","","","","","","","","","","","","","","","ns1.azehosting.net","ns2.azehosting.net","ns3.azehosting.net","","clientTransferProhibited","","",""
"64","nordic-huntress.com","2020-05-06 20:45:30","2020-05-04","2020-05-04","2021-05-04","113","CSL Computer Service Langenbach GmbH d/b/a joker.com","whois.joker.com","http://www.joker.com","Freya Chalotte","Freya Chalotte","","","","","Denmark","","","","","","","","","","","","","","","","","","","","","","","","","","","","","","","","","","ns1.azehosting.net","ns2.azehosting.net","ns3.azehosting.net","","clientTransferProhibited","","",""
"65","partiankala.com","2020-05-06 23:07:42","2020-05-05","2020-05-05","2021-05-05","113","CSL Computer Service Langenbach GmbH d/b/a joker.com","whois.joker.com","http://www.joker.com","","","","","","","Denmark","","","","","","","","","","","","","","","","","","","","","","","","","","","","","","","","","","ns14.netafrooz.com","ns15.netafrooz.com","","","clientTransferProhibited","","",""
"66","pasarbim.com","2020-05-06 19:39:07","2020-05-05","2020-05-05","2021-05-05","113","CSL Computer Service Langenbach GmbH d/b/a joker.com","whois.joker.com","http://www.joker.com","","","","","","","Denmark","","","","","","","","","","","","","","","","","","","","","","","","","","","","","","","","","","ns20.kalate.site","ns21.kalate.site","","","clientTransferProhibited","","",""
"67","phucismeshop.com","2020-05-06 23:08:54","2020-05-05","2020-05-05","2025-05-05","113","CSL Computer Service Langenbach GmbH d/b/a joker.com","whois.joker.com","http://www.joker.com","LVQ Consult ApS","LVQ Consult ApS","","","","","Denmark","","","","","","","","","","","","","","","","","","","","","","","","","","","","","","","","","","ns1.gratisdns.dk","ns2.gratisdns.dk","ns3.gratisdns.dk","ns4.gratisdns.dk","clientTransferProhibited","","",""
"68","ramonache.com","2020-05-06 22:50:22","2020-05-05","2020-05-05","2021-05-05","146","GoDaddy.com, LLC","whois.godaddy.com","http://registrar.godaddy.com","","","","","Copenhagen","","Denmark","","","","","","","","","","","","","","","","","","","","","","","","","","","","","","","","","","ns77.domaincontrol.com","ns78.domaincontrol.com","","","clientDeleteProhibited","clientRenewProhibited","clientTransferProhibited","clientUpdateProhibited"
"69","remonache.com","2020-05-06 22:45:01","2020-05-05","2020-05-05","2021-05-05","146","GoDaddy.com, LLC","whois.godaddy.com","http://registrar.godaddy.com","","","","","Copenhagen","","Denmark","","","","","","","","","","","","","","","","","","","","","","","","","","","","","","","","","","ns41.domaincontrol.com","ns42.domaincontrol.com","","","clientDeleteProhibited","clientRenewProhibited","clientTransferProhibited","clientUpdateProhibited"
"70","shilanphotography.com","2020-05-06 22:16:01","2020-05-05","2020-05-05","2021-05-05","113","CSL Computer Service Langenbach GmbH d/b/a joker.com","whois.joker.com","http://www.joker.com","","","","","","","Denmark","","","","","","","","","","","","","","","","","","","","","","","","","","","","","","","","","","ns1.dartweb.net","ns2.dartweb.net","","","clientTransferProhibited","","",""
"71","shopcareskin.com","2020-05-07 01:06:32","2020-05-04","2020-05-04","2021-05-04","146","GoDaddy.com, LLC","whois.godaddy.com","http://registrar.godaddy.com","","","","","Danmark","","Denmark","","","","","","","","","","","","","","","","","","","","","","","","","","","","","","","","","","ns29.domaincontrol.com","ns30.domaincontrol.com","","","clientDeleteProhibited","clientRenewProhibited","clientTransferProhibited","clientUpdateProhibited"
"72","sidselsommer.com","2020-05-07 00:58:48","2020-05-04","2020-05-04","2021-05-04","1387","1API GmbH","whois.1api.net","http://www.1api.net","REDACTED FOR PRIVACY","REDACTED FOR PRIVACY","REDACTED FOR PRIVACY","REDACTED FOR PRIVACY","","REDACTED FOR PRIVACY","Denmark","","REDACTED FOR PRIVACY","","REDACTED FOR PRIVACY","REDACTED FOR PRIVACY","REDACTED FOR PRIVACY","REDACTED FOR PRIVACY","REDACTED FOR PRIVACY","REDACTED FOR PRIVACY","REDACTED FOR PRIVACY","","REDACTED FOR PRIVACY","","REDACTED FOR PRIVACY","REDACTED FOR PRIVACY","REDACTED FOR PRIVACY","REDACTED FOR PRIVACY","REDACTED FOR PRIVACY","REDACTED FOR PRIVACY","REDACTED FOR PRIVACY","","REDACTED FOR PRIVACY","","","","","","","","","","","","ns1.ispapi.net","ns2.ispapi.net","ns3.ispapi.net","","clientTransferProhibited","","",""
"73","sprogpsykologen.com","2020-05-06 21:24:49","2020-05-04","2020-05-04","2021-05-04","303","PDR Ltd. d/b/a PublicDomainRegistry.com","whois.publicdomainregistry.com","http://www.publicdomainregistry.com","GDPR Masked","GDPR Masked","GDPR Masked","GDPR Masked","Denmark","GDPR Masked","Denmark","gdpr-masking@gdpr-masked.com","GDPR Masked","GDPR Masked","GDPR Masked","GDPR Masked","GDPR Masked","GDPR Masked","GDPR Masked","GDPR Masked","GDPR Masked","gdpr-masking@gdpr-masked.com","GDPR Masked","GDPR Masked","GDPR Masked","GDPR Masked","GDPR Masked","GDPR Masked","GDPR Masked","GDPR Masked","GDPR Masked","gdpr-masking@gdpr-masked.com","GDPR Masked","GDPR Masked","","","","","","","","","","","ns1.enter-system.com","ns2.enter-system.com","","","clientTransferProhibited","","",""
"74","support2body.com","2020-05-06 20:44:31","2020-05-04","2020-05-04","2022-05-04","146","GoDaddy.com, LLC","whois.godaddy.com","http://registrar.godaddy.com","Lauge Group","Lauge Group","","","Midtjylland","","Denmark","","","","","","","","","","","","","","","","","","","","","","","","","","","","","","","","","","ns29.domaincontrol.com","ns30.domaincontrol.com","","","clientDeleteProhibited","clientRenewProhibited","clientTransferProhibited","clientUpdateProhibited"
"75","support4body.com","2020-05-06 20:40:53","2020-05-04","2020-05-04","2022-05-04","146","GoDaddy.com, LLC","whois.godaddy.com","http://registrar.godaddy.com","Lauge Group","Lauge Group","","","Midtjylland","","Denmark","","","","","","","","","","","","","","","","","","","","","","","","","","","","","","","","","","ns41.domaincontrol.com","ns42.domaincontrol.com","","","clientDeleteProhibited","clientRenewProhibited","clientTransferProhibited","clientUpdateProhibited"
"76","synonymtolkeservice.com","2020-05-07 01:01:10","2020-05-04","2020-05-04","2021-05-04","69","Tucows Domains Inc.","whois.tucows.com","http://domainhelp.opensrs.net","REDACTED FOR PRIVACY","REDACTED FOR PRIVACY","REDACTED FOR PRIVACY","REDACTED FOR PRIVACY","XX","REDACTED FOR PRIVACY","Denmark","","REDACTED FOR PRIVACY","REDACTED FOR PRIVACY","REDACTED FOR PRIVACY","REDACTED FOR PRIVACY","REDACTED FOR PRIVACY","REDACTED FOR PRIVACY","REDACTED FOR PRIVACY","REDACTED FOR PRIVACY","REDACTED FOR PRIVACY","","REDACTED FOR PRIVACY","REDACTED FOR PRIVACY","REDACTED FOR PRIVACY","REDACTED FOR PRIVACY","REDACTED FOR PRIVACY","REDACTED FOR PRIVACY","REDACTED FOR PRIVACY","REDACTED FOR PRIVACY","REDACTED FOR PRIVACY","","REDACTED FOR PRIVACY","REDACTED FOR PRIVACY","","","","","","","","","","","ns1.gnld1015.siteground.eu","ns2.gnld1015.siteground.eu","","","clientTransferProhibited","clientUpdateProhibited","",""
"77","theplanthacker.com","2020-05-06 23:07:57","2020-05-05","2020-05-05","2021-05-05","113","CSL Computer Service Langenbach GmbH d/b/a joker.com","whois.joker.com","http://www.joker.com","","","","","","","Denmark","","","","","","","","","","","","","","","","","","","","","","","","","","","","","","","","","","ns1.gratisdns.dk","ns2.gratisdns.dk","ns3.gratisdns.dk","ns4.gratisdns.dk","clientTransferProhibited","","",""
"78","triphinity.com","2020-05-06 21:29:16","2020-05-04","2020-05-04","2023-05-04","886","Domain.com, LLC","whois.domain.com","http://www.domain.com","REDACTED FOR PRIVACY","REDACTED FOR PRIVACY","REDACTED FOR PRIVACY","REDACTED FOR PRIVACY","NA","REDACTED FOR PRIVACY","Denmark","","REDACTED FOR PRIVACY","REDACTED FOR PRIVACY","REDACTED FOR PRIVACY","REDACTED FOR PRIVACY","REDACTED FOR PRIVACY","REDACTED FOR PRIVACY","REDACTED FOR PRIVACY","REDACTED FOR PRIVACY","REDACTED FOR PRIVACY","","REDACTED FOR PRIVACY","REDACTED FOR PRIVACY","REDACTED FOR PRIVACY","REDACTED FOR PRIVACY","REDACTED FOR PRIVACY","REDACTED FOR PRIVACY","REDACTED FOR PRIVACY","REDACTED FOR PRIVACY","REDACTED FOR PRIVACY","","REDACTED FOR PRIVACY","REDACTED FOR PRIVACY","","","","","","","","","","","ns1.domain.com","ns2.domain.com","","","","","",""