"num","domain_name","query_time","create_date","update_date","expiry_date","domain_registrar_id","domain_registrar_name","domain_registrar_whois","domain_registrar_url","registrant_name","registrant_company","registrant_address","registrant_city","registrant_state","registrant_zip","registrant_country","registrant_email","registrant_phone","registrant_fax","administrative_name","administrative_company","administrative_address","administrative_city","administrative_state","administrative_zip","administrative_country","administrative_email","administrative_phone","administrative_fax","technical_name","technical_company","technical_address","technical_city","technical_state","technical_zip","technical_country","technical_email","technical_phone","technical_fax","billing_name","billing_company","billing_address","billing_city","billing_state","billing_zip","billing_country","billing_email","billing_phone","billing_fax","name_server_1","name_server_2","name_server_3","name_server_4","domain_status_1","domain_status_2","domain_status_3","domain_status_4"
"1","agendadiplomatica.com","2020-05-07 00:09:53","2020-05-05","2020-05-05","2021-05-05","1154","FastDomain Inc.","whois.fastdomain.com","http://www.fastdomain.com","MIGUEL COHN","AGENDADIPLOMATICA","CALLE INTERIOR 1ERA. RODOSXVII EL MILLON.","SANTO DOMINGO","","10149","Dominican Republic","cohn.miguel@gmail.com","+1.8098099154","","MIGUEL COHN","AGENDADIPLOMATICA","CALLE INTERIOR 1ERA. RODOSXVII EL MILLON.","SANTO DOMINGO","","10149","Dominican Republic","cohn.miguel@gmail.com","+1.8098099154","","BLUEHOST INC","BLUEHOST.COM","550 E TIMPANOGOS PKWY","OREM","UTAH","84097","United States","domain@redl.ca","+1.8017659400","+1.8017651992","","","","","","","","","","","ns1.bluehost.com","ns2.bluehost.com","","","clientTransferProhibited","","",""
"2","alainmercedes.com","2020-05-07 01:12:03","2020-05-04","2020-05-04","2021-05-04","146","GoDaddy.com, LLC","whois.godaddy.com","http://registrar.godaddy.com","","","","","Espaillat","","Dominican Republic","","","","","","","","","","","","","","","","","","","","","","","","","","","","","","","","","","ns29.domaincontrol.com","ns30.domaincontrol.com","","","clientDeleteProhibited","clientRenewProhibited","clientTransferProhibited","clientUpdateProhibited"
"3","apoyandoelgenero.com","2020-05-06 19:21:58","2020-05-05","2020-05-05","2021-05-05","440","Wild West Domains, LLC","whois.wildwestdomains.com","http://www.wildwestdomains.com","","","","","Boca Chica","","Dominican Republic","","","","","","","","","","","","","","","","","","","","","","","","","","","","","","","","","","ns41.domaincontrol.com","ns42.domaincontrol.com","","","clientDeleteProhibited","clientRenewProhibited","clientTransferProhibited","clientUpdateProhibited"
"4","aprendefacilvirtual.com","2020-05-07 01:05:54","2020-05-04","2020-05-04","2021-05-04","146","GoDaddy.com, LLC","whois.godaddy.com","http://registrar.godaddy.com","","","","","DN","","Dominican Republic","","","","","","","","","","","","","","","","","","","","","","","","","","","","","","","","","","ns41.domaincontrol.com","ns42.domaincontrol.com","","","clientDeleteProhibited","clientRenewProhibited","clientTransferProhibited","clientUpdateProhibited"
"5","aymeedavid.com","2020-05-06 23:57:41","2020-05-05","2020-05-05","2021-05-05","1005","NetEarth One Inc. d/b/a NetEarth","whois.advancedregistrar.com","http://www.netearthone.com","argenis lugo vidal","lachercha","pekin pekin","santiago","santiago","51000","Dominican Republic","argenisvidal@gmail.com","+1.8096468505","","argenis lugo vidal","lachercha","pekin pekin","santiago","santiago","51000","Dominican Republic","argenisvidal@gmail.com","+1.8096468505","","argenis lugo vidal","lachercha","pekin pekin","santiago","santiago","51000","Dominican Republic","argenisvidal@gmail.com","+1.8096468505","","","","","","","","","","","","net-ns1.banahosting.com","net-ns2.banahosting.com","net-ns3.banahosting.com","net-ns4.banahosting.com","clientTransferProhibited","","",""
"6","bahiafronteriza.com","2020-05-07 01:01:00","2020-05-04","2020-05-04","2021-05-04","146","GoDaddy.com, LLC","whois.godaddy.com","http://registrar.godaddy.com","","","","","Monte Cristi","","Dominican Republic","","","","","","","","","","","","","","","","","","","","","","","","","","","","","","","","","","ns77.domaincontrol.com","ns78.domaincontrol.com","","","clientDeleteProhibited","clientRenewProhibited","clientTransferProhibited","clientUpdateProhibited"
"7","bancaporinternet-interbanrk.com","2020-05-06 19:17:42","2020-05-05","2020-05-05","2021-05-05","146","GoDaddy.com, LLC","whois.godaddy.com","http://registrar.godaddy.com","","","","","santiago","","Dominican Republic","","","","","","","","","","","","","","","","","","","","","","","","","","","","","","","","","","ns49.domaincontrol.com","ns50.domaincontrol.com","","","clientDeleteProhibited","clientRenewProhibited","clientTransferProhibited","clientUpdateProhibited"
"8","buscaempleoya.com","2020-05-06 21:37:14","2020-05-04","2020-05-04","2021-05-04","146","GoDaddy.com, LLC","whois.godaddy.com","http://registrar.godaddy.com","","","","","Nuevo Distrito Nacional","","Dominican Republic","","","","","","","","","","","","","","","","","","","","","","","","","","","","","","","","","","ns3820.banahosting.com","ns3821.banahosting.com","","","clientDeleteProhibited","clientRenewProhibited","clientTransferProhibited","clientUpdateProhibited"
"9","carlosortizdiputado.com","2020-05-06 19:17:35","2020-05-05","2020-05-05","2021-05-05","146","GoDaddy.com, LLC","whois.godaddy.com","http://registrar.godaddy.com","","","","","Santo Domingo Norte","","Dominican Republic","","","","","","","","","","","","","","","","","","","","","","","","","","","","","","","","","","ns29.domaincontrol.com","ns30.domaincontrol.com","","","clientDeleteProhibited","clientRenewProhibited","clientTransferProhibited","clientUpdateProhibited"
"10","carlostorresrd.com","2020-05-06 20:27:31","2020-05-05","2020-05-05","2021-05-05","146","GoDaddy.com, LLC","whois.godaddy.com","http://registrar.godaddy.com","","","","","santiago","","Dominican Republic","","","","","","","","","","","","","","","","","","","","","","","","","","","","","","","","","","ns29.domaincontrol.com","ns30.domaincontrol.com","","","clientDeleteProhibited","clientRenewProhibited","clientTransferProhibited","clientUpdateProhibited"
"11","cbdhemplovers.com","2020-05-06 20:22:02","2020-05-05","2020-05-05","2021-05-05","146","GoDaddy.com, LLC","whois.godaddy.com","http://registrar.godaddy.com","","","","","La altagracia","","Dominican Republic","","","","","","","","","","","","","","","","","","","","","","","","","","","","","","","","","","arushi.ns.cloudflare.com","ed.ns.cloudflare.com","","","clientDeleteProhibited","clientRenewProhibited","clientTransferProhibited","clientUpdateProhibited"
"12","cifmec.com","2020-05-07 00:35:04","2020-05-05","2020-05-05","2021-05-05","48","eNom, Inc.","whois.enom.com","http://www.enom.com","REDACTED FOR PRIVACY","REDACTED FOR PRIVACY","REDACTED FOR PRIVACY","REDACTED FOR PRIVACY","santo domingo","REDACTED FOR PRIVACY","Dominican Republic","","REDACTED FOR PRIVACY","REDACTED FOR PRIVACY","REDACTED FOR PRIVACY","REDACTED FOR PRIVACY","REDACTED FOR PRIVACY","REDACTED FOR PRIVACY","REDACTED FOR PRIVACY","REDACTED FOR PRIVACY","REDACTED FOR PRIVACY","","REDACTED FOR PRIVACY","REDACTED FOR PRIVACY","REDACTED FOR PRIVACY","REDACTED FOR PRIVACY","REDACTED FOR PRIVACY","REDACTED FOR PRIVACY","REDACTED FOR PRIVACY","REDACTED FOR PRIVACY","REDACTED FOR PRIVACY","","REDACTED FOR PRIVACY","REDACTED FOR PRIVACY","","","","","","","","","","","ns1851462981.a2dns.com","ns1851462982.a2dns.com","","","addPeriod","clientTransferProhibited","",""
"13","cuadrosmodernosrd.com","2020-05-06 20:37:32","2020-05-04","2020-05-04","2021-05-04","146","GoDaddy.com, LLC","whois.godaddy.com","http://registrar.godaddy.com","","","","","Santo Domingo","","Dominican Republic","","","","","","","","","","","","","","","","","","","","","","","","","","","","","","","","","","ns7040.banahosting.com","ns7041.banahosting.com","","","clientDeleteProhibited","clientRenewProhibited","clientTransferProhibited","clientUpdateProhibited"
"14","destinosquevisitar.com","2020-05-06 21:03:16","2020-05-04","2020-05-04","2021-05-04","955","Launchpad, Inc.","whois.launchpad.com","http://www.launchpad.com","yilda mena","None","santiago, av 27 carretera tamboril apt c1","santiago de los caballeros","02","51000","Dominican Republic","yildayamilex14@gmail.com","+1.8099844519","","yilda mena","None","santiago, av 27 carretera tamboril apt c1","santiago de los caballeros","02","51000","Dominican Republic","yildayamilex14@gmail.com","+1.8099844519","","yilda mena","None","santiago, av 27 carretera tamboril apt c1","santiago de los caballeros","02","51000","Dominican Republic","yildayamilex14@gmail.com","+1.8099844519","","","","","","","","","","","","ns8051.hostgator.com","ns8052.hostgator.com","","","clientTransferProhibited","","",""
"15","diariouniverso.com","2020-05-07 00:05:28","2020-05-05","2020-05-05","2021-05-05","146","GoDaddy.com, LLC","whois.godaddy.com","http://registrar.godaddy.com","","","","","Santo Domingo Este","","Dominican Republic","","","","","","","","","","","","","","","","","","","","","","","","","","","","","","","","","","ns1.atspace.com","ns2.atspace.com","","","clientDeleteProhibited","clientRenewProhibited","clientTransferProhibited","clientUpdateProhibited"
"16","dosbolsillos.com","2020-05-06 21:58:43","2020-05-04","2020-05-04","2021-05-04","106","Ascio Technologies, Inc. Danmark - Filial af Ascio technologies, Inc. USA","whois.ascio.com","http://www.ascio.com","Not Disclosed","Not Disclosed","Not Disclosed","Not Disclosed","","Not Disclosed","Dominican Republic","","Not Disclosed","Not Disclosed","Not Disclosed","Not Disclosed","Not Disclosed","Not Disclosed","Not Disclosed","Not Disclosed","Not Disclosed","","Not Disclosed","Not Disclosed","Not Disclosed","Not Disclosed","Not Disclosed","Not Disclosed","Not Disclosed","Not Disclosed","Not Disclosed","","Not Disclosed","Not Disclosed","","","","","","","","","","","dns1.123hjemmeside.dk","dns2.123hjemmeside.dk","dns3.123hjemmeside.dk","","OK","","",""
"17","elaguacaterd.com","2020-05-06 20:48:36","2020-05-04","2020-05-04","2022-05-04","146","GoDaddy.com, LLC","whois.godaddy.com","http://registrar.godaddy.com","","","","","santiago","","Dominican Republic","","","","","","","","","","","","","","","","","","","","","","","","","","","","","","","","","","ns49.domaincontrol.com","ns50.domaincontrol.com","","","clientDeleteProhibited","clientRenewProhibited","clientTransferProhibited","clientUpdateProhibited"
"18","elhuequitord.com","2020-05-06 19:40:31","2020-05-05","2020-05-05","2021-05-05","146","GoDaddy.com, LLC","whois.godaddy.com","http://registrar.godaddy.com","","","","","santiago","","Dominican Republic","","","","","","","","","","","","","","","","","","","","","","","","","","","","","","","","","","ns77.domaincontrol.com","ns78.domaincontrol.com","","","clientDeleteProhibited","clientRenewProhibited","clientTransferProhibited","clientUpdateProhibited"
"19","eucamentrd.com","2020-05-06 19:36:24","2020-05-04","2020-05-04","2021-05-04","146","GoDaddy.com, LLC","whois.godaddy.com","http://registrar.godaddy.com","Eucament & Compania","Eucament & Compania","","","Santiago","","Dominican Republic","","","","","","","","","","","","","","","","","","","","","","","","","","","","","","","","","","ns41.domaincontrol.com","ns42.domaincontrol.com","","","clientDeleteProhibited","clientRenewProhibited","clientTransferProhibited","clientUpdateProhibited"
"20","formalizaterd.com","2020-05-07 01:15:19","2020-05-04","2020-05-04","2021-05-04","146","GoDaddy.com, LLC","whois.godaddy.com","http://registrar.godaddy.com","","","","","DN","","Dominican Republic","","","","","","","","","","","","","","","","","","","","","","","","","","","","","","","","","","ns29.domaincontrol.com","ns30.domaincontrol.com","","","clientDeleteProhibited","clientRenewProhibited","clientTransferProhibited","clientUpdateProhibited"
"21","formalizatuong.com","2020-05-07 01:10:31","2020-05-04","2020-05-04","2021-05-04","146","GoDaddy.com, LLC","whois.godaddy.com","http://registrar.godaddy.com","","","","","DN","","Dominican Republic","","","","","","","","","","","","","","","","","","","","","","","","","","","","","","","","","","ns77.domaincontrol.com","ns78.domaincontrol.com","","","clientDeleteProhibited","clientRenewProhibited","clientTransferProhibited","clientUpdateProhibited"
"22","funofdigital.com","2020-05-07 00:02:32","2020-05-05","2020-05-05","2021-05-05","955","Launchpad, Inc.","whois.launchpad.com","http://www.launchpad.com","ROSMELVI ANYOLINA CABRERA URENA","None","Espanol Santiago","Santiago","02","51072","Dominican Republic","rosmelvic@gmail.com","+1.8099029963","","ROSMELVI ANYOLINA CABRERA URENA","None","Espanol Santiago","Santiago","02","51072","Dominican Republic","rosmelvic@gmail.com","+1.8099029963","","ROSMELVI ANYOLINA CABRERA URENA","None","Espanol Santiago","Santiago","02","51072","Dominican Republic","rosmelvic@gmail.com","+1.8099029963","","","","","","","","","","","","ns8401.hostgator.com","ns8402.hostgator.com","","","clientTransferProhibited","","",""
"23","geolocatores.com","2020-05-06 20:39:36","2020-05-04","2020-05-04","2021-05-04","303","PDR Ltd. d/b/a PublicDomainRegistry.com","whois.publicdomainregistry.com","http://www.publicdomainregistry.com","Darinel Guerrero","Darinel Guerrero","calle 11","santiago","santiago","51000","Dominican Republic","guerrero0303@gmail.com","+1.8092089388","","Darinel Guerrero","Darinel Guerrero","calle 11","santiago","santiago","51000","Dominican Republic","guerrero0303@gmail.com","+1.8092089388","","Darinel Guerrero","Darinel Guerrero","calle 11","santiago","santiago","51000","Dominican Republic","guerrero0303@gmail.com","+1.8092089388","","","","","","","","","","","","ns1.dns-parking.com","ns2.dns-parking.com","","","clientTransferProhibited","","",""
"24","gysamarketing.com","2020-05-07 00:49:58","2020-05-04","2020-05-04","2021-05-04","955","Launchpad, Inc.","whois.launchpad.com","http://www.launchpad.com","Gisel Santana","None","Gisel Santana","Santo Domingo","01","10501","Dominican Republic","gsantana.rd@gmail.com","+1.8297484573","","Gisel Santana","None","Gisel Santana","Santo Domingo","01","10501","Dominican Republic","gsantana.rd@gmail.com","+1.8297484573","","Gisel Santana","None","Gisel Santana","Santo Domingo","01","10501","Dominican Republic","gsantana.rd@gmail.com","+1.8297484573","","","","","","","","","","","","ns8051.hostgator.com","ns8052.hostgator.com","","","clientTransferProhibited","","",""
"25","herramientaselectricasrd.com","2020-05-07 01:01:28","2020-05-04","2020-05-04","2021-05-04","146","GoDaddy.com, LLC","whois.godaddy.com","http://registrar.godaddy.com","Grupo Cafra, SRL.","Grupo Cafra, SRL.","","","santiago","","Dominican Republic","","","","","","","","","","","","","","","","","","","","","","","","","","","","","","","","","","ns49.domaincontrol.com","ns50.domaincontrol.com","","","clientDeleteProhibited","clientRenewProhibited","clientTransferProhibited","clientUpdateProhibited"
"26","hosannadiputada.com","2020-05-07 00:21:10","2020-05-05","2020-05-05","2021-05-05","955","Launchpad, Inc.","whois.launchpad.com","http://www.launchpad.com","Rudy Taveras","None","Calle Santiago Los Laureles, Constanza, La Vega","Constanza","02","41000","Dominican Republic","taverasrudy@gmail.com","+1.8092827052","","Rudy Taveras","None","Calle Santiago Los Laureles, Constanza, La Vega","Constanza","02","41000","Dominican Republic","taverasrudy@gmail.com","+1.8092827052","","Rudy Taveras","None","Calle Santiago Los Laureles, Constanza, La Vega","Constanza","02","41000","Dominican Republic","taverasrudy@gmail.com","+1.8092827052","","","","","","","","","","","","ns8279.hostgator.com","ns8280.hostgator.com","","","clientTransferProhibited","","",""
"27","infortate.com","2020-05-07 00:01:12","2020-05-05","2020-05-05","2021-05-05","955","Launchpad, Inc.","whois.launchpad.com","http://www.launchpad.com","lowesky taveras","None","C/Principal 5 Refineria de Sal","San Fernando","02","62000","Dominican Republic","loweskytaveras@gmail.com","+1.8094931301","","lowesky taveras","None","C/Principal 5 Refineria de Sal","San Fernando","02","62000","Dominican Republic","loweskytaveras@gmail.com","+1.8094931301","","lowesky taveras","None","C/Principal 5 Refineria de Sal","San Fernando","02","62000","Dominican Republic","loweskytaveras@gmail.com","+1.8094931301","","","","","","","","","","","","ns6279.hostgator.com","ns6280.hostgator.com","","","clientTransferProhibited","","",""
"28","jackiematacchiera.com","2020-05-06 20:39:33","2020-05-04","2020-05-04","2021-05-04","146","GoDaddy.com, LLC","whois.godaddy.com","http://registrar.godaddy.com","Ninguna","Ninguna","","","San Juan","","Dominican Republic","","","","","","","","","","","","","","","","","","","","","","","","","","","","","","","","","","ns49.domaincontrol.com","ns50.domaincontrol.com","","","clientDeleteProhibited","clientRenewProhibited","clientTransferProhibited","clientUpdateProhibited"
"29","jadecomunicaciones.com","2020-05-06 22:20:54","2020-05-05","2020-05-05","2021-05-05","146","GoDaddy.com, LLC","whois.godaddy.com","http://registrar.godaddy.com","","","","","La altagracia","","Dominican Republic","","","","","","","","","","","","","","","","","","","","","","","","","","","","","","","","","","ns41.domaincontrol.com","ns42.domaincontrol.com","","","clientDeleteProhibited","clientRenewProhibited","clientTransferProhibited","clientUpdateProhibited"
"30","journalladiaspora.com","2020-05-06 20:37:10","2020-05-04","2020-05-04","2022-05-04","146","GoDaddy.com, LLC","whois.godaddy.com","http://registrar.godaddy.com","Journal De La Diaspora","Journal De La Diaspora","","","La Altagracia","","Dominican Republic","","","","","","","","","","","","","","","","","","","","","","","","","","","","","","","","","","ns77.domaincontrol.com","ns78.domaincontrol.com","","","clientDeleteProhibited","clientRenewProhibited","clientTransferProhibited","clientUpdateProhibited"
"31","juandoliomultis.com","2020-05-07 00:20:20","2020-05-05","2020-05-05","2021-05-05","106","Ascio Technologies, Inc. Danmark - Filial af Ascio technologies, Inc. USA","whois.ascio.com","http://www.ascio.com","Not Disclosed","Not Disclosed","Not Disclosed","Not Disclosed","","Not Disclosed","Dominican Republic","","Not Disclosed","Not Disclosed","Not Disclosed","Not Disclosed","Not Disclosed","Not Disclosed","Not Disclosed","Not Disclosed","Not Disclosed","","Not Disclosed","Not Disclosed","Not Disclosed","Not Disclosed","Not Disclosed","Not Disclosed","Not Disclosed","Not Disclosed","Not Disclosed","","Not Disclosed","Not Disclosed","","","","","","","","","","","dns1.123hjemmeside.dk","dns2.123hjemmeside.dk","dns3.123hjemmeside.dk","","OK","","",""
"32","kijeas-haiti.com","2020-05-06 20:45:51","2020-05-04","2020-05-04","2021-05-04","146","GoDaddy.com, LLC","whois.godaddy.com","http://registrar.godaddy.com","Journal De La Diaspora","Journal De La Diaspora","","","La Altagracia","","Dominican Republic","","","","","","","","","","","","","","","","","","","","","","","","","","","","","","","","","","ns29.domaincontrol.com","ns30.domaincontrol.com","","","clientDeleteProhibited","clientRenewProhibited","clientTransferProhibited","clientUpdateProhibited"
"33","lluviaseca.com","2020-05-06 23:45:59","2020-05-05","2020-05-05","2021-05-05","146","GoDaddy.com, LLC","whois.godaddy.com","http://registrar.godaddy.com","","","","","San Pedro De Macoris","","Dominican Republic","","","","","","","","","","","","","","","","","","","","","","","","","","","","","","","","","","ns63.domaincontrol.com","ns64.domaincontrol.com","","","clientDeleteProhibited","clientRenewProhibited","clientTransferProhibited","clientUpdateProhibited"
"34","mateoespaillatdiputado.com","2020-05-07 00:30:38","2020-05-05","2020-05-05","2021-05-05","1647","Hosting Concepts B.V. dba Openprovider","whois.registrar.eu","http://www.openprovider.com","REDACTED FOR PRIVACY","","REDACTED FOR PRIVACY","REDACTED FOR PRIVACY","santiago","REDACTED FOR PRIVACY","Dominican Republic","","REDACTED FOR PRIVACY","REDACTED FOR PRIVACY","REDACTED FOR PRIVACY","REDACTED FOR PRIVACY","REDACTED FOR PRIVACY","REDACTED FOR PRIVACY","REDACTED FOR PRIVACY","REDACTED FOR PRIVACY","REDACTED FOR PRIVACY","","REDACTED FOR PRIVACY","REDACTED FOR PRIVACY","REDACTED FOR PRIVACY","REDACTED FOR PRIVACY","REDACTED FOR PRIVACY","REDACTED FOR PRIVACY","REDACTED FOR PRIVACY","REDACTED FOR PRIVACY","REDACTED FOR PRIVACY","","REDACTED FOR PRIVACY","REDACTED FOR PRIVACY","","","","","","","","","","","dns1.sered.net","dns2.sered.net","","","clientTransferProhibited","ok","",""
"35","matutecuisine.com","2020-05-07 00:08:08","2020-05-05","2020-05-05","2021-05-05","146","GoDaddy.com, LLC","whois.godaddy.com","http://registrar.godaddy.com","","","","","santiago","","Dominican Republic","","","","","","","","","","","","","","","","","","","","","","","","","","","","","","","","","","ns77.domaincontrol.com","ns78.domaincontrol.com","","","clientDeleteProhibited","clientRenewProhibited","clientTransferProhibited","clientUpdateProhibited"
"36","melloelectrofacil.com","2020-05-06 20:26:08","2020-05-05","2020-05-05","2025-05-05","146","GoDaddy.com, LLC","whois.godaddy.com","http://registrar.godaddy.com","","","","","peravia","","Dominican Republic","","","","","","","","","","","","","","","","","","","","","","","","","","","","","","","","","","ns29.domaincontrol.com","ns30.domaincontrol.com","","","clientDeleteProhibited","clientRenewProhibited","clientTransferProhibited","clientUpdateProhibited"
"37","mensajeriastore.com","2020-05-06 21:49:02","2020-05-05","2020-05-05","2021-05-05","146","GoDaddy.com, LLC","whois.godaddy.com","http://registrar.godaddy.com","carlos web","carlos web","","","Nuevo Distrito Nacional","","Dominican Republic","","","","","","","","","","","","","","","","","","","","","","","","","","","","","","","","","","ns49.domaincontrol.com","ns50.domaincontrol.com","","","clientDeleteProhibited","clientRenewProhibited","clientTransferProhibited","clientUpdateProhibited"
"38","metropeliculas29.com","2020-05-06 20:23:28","2020-05-05","2020-05-05","2021-05-05","146","GoDaddy.com, LLC","whois.godaddy.com","http://registrar.godaddy.com","","","","","San Cristobal","","Dominican Republic","","","","","","","","","","","","","","","","","","","","","","","","","","","","","","","","","","ns77.domaincontrol.com","ns78.domaincontrol.com","","","clientDeleteProhibited","clientRenewProhibited","clientTransferProhibited","clientUpdateProhibited"
"39","multiven.net","2020-05-06 19:01:54","2020-05-04","2020-05-04","2021-05-04","303","PDR Ltd. d/b/a PublicDomainRegistry.com","whois.publicdomainregistry.com","http://www.publicdomainregistry.com","Jan Carlos Del Rosario Toribio","","calle jose ramon urena #16, Engombe","Santo Domingo","New York","10105","Dominican Republic","jancarlos18@gmail.com","+1.8292721842","","Jan Carlos Del Rosario Toribio","","calle jose ramon urena #16, Engombe","Santo Domingo","New York","10105","Dominican Republic","jancarlos18@gmail.com","+1.8292721842","","Jan Carlos Del Rosario Toribio","","calle jose ramon urena #16, Engombe","Santo Domingo","New York","10105","Dominican Republic","jancarlos18@gmail.com","+1.8292721842","","","","","","","","","","","","ns1.serverhostgroup.com","ns2.serverhostgroup.com","ns3.serverhostgroup.com","","clientTransferProhibited","","",""
"40","mundosaludableoficial.com","2020-05-06 20:51:51","2020-05-04","2020-05-04","2021-05-04","146","GoDaddy.com, LLC","whois.godaddy.com","http://registrar.godaddy.com","","","","","Distrito Nacional","","Dominican Republic","","","","","","","","","","","","","","","","","","","","","","","","","","","","","","","","","","ns4415.banahosting.com","ns4416.banahosting.com","","","clientDeleteProhibited","clientRenewProhibited","clientTransferProhibited","clientUpdateProhibited"
"41","officenewcenter.com","2020-05-07 00:31:22","2020-05-05","2020-05-05","2021-05-05","146","GoDaddy.com, LLC","whois.godaddy.com","http://registrar.godaddy.com","web","web","","","Puerto Plata","","Dominican Republic","","","","","","","","","","","","","","","","","","","","","","","","","","","","","","","","","","ns49.domaincontrol.com","ns50.domaincontrol.com","","","clientDeleteProhibited","clientRenewProhibited","clientTransferProhibited","clientUpdateProhibited"
"42","olympusfight.com","2020-05-06 22:12:40","2020-05-04","2020-05-04","2021-05-04","146","GoDaddy.com, LLC","whois.godaddy.com","http://registrar.godaddy.com","","","","","San Pedro De Macoris","","Dominican Republic","","","","","","","","","","","","","","","","","","","","","","","","","","","","","","","","","","ns49.domaincontrol.com","ns50.domaincontrol.com","","","clientDeleteProhibited","clientRenewProhibited","clientTransferProhibited","clientUpdateProhibited"
"43","patitolindo.com","2020-05-07 00:58:14","2020-05-04","2020-05-04","2022-05-04","146","GoDaddy.com, LLC","whois.godaddy.com","http://registrar.godaddy.com","","","","","Santo Domingo","","Dominican Republic","","","","","","","","","","","","","","","","","","","","","","","","","","","","","","","","","","ns77.domaincontrol.com","ns78.domaincontrol.com","","","clientDeleteProhibited","clientRenewProhibited","clientTransferProhibited","clientUpdateProhibited"
"44","rbcroryalbanrk.com","2020-05-06 19:27:54","2020-05-05","2020-05-05","2021-05-05","146","GoDaddy.com, LLC","whois.godaddy.com","http://registrar.godaddy.com","","","","","Santo Domingo","","Dominican Republic","","","","","","","","","","","","","","","","","","","","","","","","","","","","","","","","","","ns41.domaincontrol.com","ns42.domaincontrol.com","","","clientDeleteProhibited","clientRenewProhibited","clientTransferProhibited","clientUpdateProhibited"
"45","rbcroyalbanrk.com","2020-05-06 22:28:45","2020-05-05","2020-05-05","2021-05-05","146","GoDaddy.com, LLC","whois.godaddy.com","http://registrar.godaddy.com","","","","","Santo Domingo","","Dominican Republic","","","","","","","","","","","","","","","","","","","","","","","","","","","","","","","","","","ns49.domaincontrol.com","ns50.domaincontrol.com","","","clientDeleteProhibited","clientRenewProhibited","clientTransferProhibited","clientUpdateProhibited"
"46","registratumarka.com","2020-05-06 19:14:17","2020-05-04","2020-05-04","2021-05-04","146","GoDaddy.com, LLC","whois.godaddy.com","http://registrar.godaddy.com","","","","","DN","","Dominican Republic","","","","","","","","","","","","","","","","","","","","","","","","","","","","","","","","","","ns77.domaincontrol.com","ns78.domaincontrol.com","","","clientDeleteProhibited","clientRenewProhibited","clientTransferProhibited","clientUpdateProhibited"
"47","reivalwear.com","2020-05-06 23:47:39","2020-05-05","2020-05-05","2021-05-05","146","GoDaddy.com, LLC","whois.godaddy.com","http://registrar.godaddy.com","","","","","Nuevo Distrito Nacional","","Dominican Republic","","","","","","","","","","","","","","","","","","","","","","","","","","","","","","","","","","ns29.domaincontrol.com","ns30.domaincontrol.com","","","clientDeleteProhibited","clientRenewProhibited","clientTransferProhibited","clientUpdateProhibited"
"48","riverasells.com","2020-05-06 19:15:51","2020-05-04","2020-05-04","2021-05-04","146","GoDaddy.com, LLC","whois.godaddy.com","http://registrar.godaddy.com","CCF","CCF","","","La Altagracia","","Dominican Republic","","","","","","","","","","","","","","","","","","","","","","","","","","","","","","","","","","ns5110.banahosting.com","ns5111.banahosting.com","","","clientDeleteProhibited","clientRenewProhibited","clientTransferProhibited","clientUpdateProhibited"
"49","sintiaproperty.com","2020-05-06 21:33:20","2020-05-04","2020-05-04","2021-05-04","955","Launchpad, Inc.","whois.launchpad.com","http://www.launchpad.com","sintia alfonseca","None","sintia","Santo Domingo","01","15700","Dominican Republic","sintiaalfonseca@gmail.com","+1.8094080700","","sintia alfonseca","None","sintia","Santo Domingo","01","15700","Dominican Republic","sintiaalfonseca@gmail.com","+1.8094080700","","sintia alfonseca","None","sintia","Santo Domingo","01","15700","Dominican Republic","sintiaalfonseca@gmail.com","+1.8094080700","","","","","","","","","","","","ns6517.hostgator.com","ns6518.hostgator.com","","","clientTransferProhibited","","",""
"50","solosocialmedia.com","2020-05-06 22:12:37","2020-05-04","2020-05-04","2021-05-04","146","GoDaddy.com, LLC","whois.godaddy.com","http://registrar.godaddy.com","NA","NA","","","Nuevo Distrito Nacional","","Dominican Republic","","","","","","","","","","","","","","","","","","","","","","","","","","","","","","","","","","ns49.domaincontrol.com","ns50.domaincontrol.com","","","clientDeleteProhibited","clientRenewProhibited","clientTransferProhibited","clientUpdateProhibited"
"51","src-b.com","2020-05-06 21:30:04","2020-05-04","2020-05-04","2021-05-04","146","GoDaddy.com, LLC","whois.godaddy.com","http://registrar.godaddy.com","Sistema de gestion escolar","Sistema de gestion escolar","","","Santo Domingo Este","","Dominican Republic","","","","","","","","","","","","","","","","","","","","","","","","","","","","","","","","","","ns29.domaincontrol.com","ns30.domaincontrol.com","","","clientDeleteProhibited","clientRenewProhibited","clientTransferProhibited","clientUpdateProhibited"
"52","sucralezas.com","2020-05-06 19:16:35","2020-05-05","2020-05-05","2021-05-05","146","GoDaddy.com, LLC","whois.godaddy.com","http://registrar.godaddy.com","","","","","Alameda Oeste","","Dominican Republic","","","","","","","","","","","","","","","","","","","","","","","","","","","","","","","","","","ns77.domaincontrol.com","ns78.domaincontrol.com","","","clientDeleteProhibited","clientRenewProhibited","clientTransferProhibited","clientUpdateProhibited"
"53","trucosrd.com","2020-05-07 00:53:36","2020-05-04","2020-05-04","2021-05-04","146","GoDaddy.com, LLC","whois.godaddy.com","http://registrar.godaddy.com","Trucosyapps","Trucosyapps","","","Montecrsiti","","Dominican Republic","","","","","","","","","","","","","","","","","","","","","","","","","","","","","","","","","","ns41.domaincontrol.com","ns42.domaincontrol.com","","","clientDeleteProhibited","clientRenewProhibited","clientTransferProhibited","clientUpdateProhibited"
"54","videofull.club","2020-05-06 14:37:26","2020-05-04","2020-05-04","2021-05-04","1068","NameCheap, Inc.","whois.namecheap.com","http://www.namecheap.com","","","","","Distrito Nacional","","Dominican Republic","","","","","","","","","","","","","","","","","","","","","","","","","","","","","","","","","","dns1.namecheaphosting.com","dns2.namecheaphosting.com","","","addPeriod","clientTransferProhibited","",""
"55","visionyprogresodemarketing.com","2020-05-07 00:32:24","2020-05-05","2020-05-05","2021-05-05","955","Launchpad, Inc.","whois.launchpad.com","http://www.launchpad.com","Jinangel Mercedes","None","Calle Rosa montas #63 Los Rosales Calle Rosa Montas #63 los Rosales","Higuey","34","23000","Dominican Republic","jmercedes_82@hotmail.com","+1.8299249978","","Jinangel Mercedes","None","Calle Rosa montas #63 Los Rosales Calle Rosa Montas #63 los Rosales","Higuey","34","23000","Dominican Republic","jmercedes_82@hotmail.com","+1.8299249978","","Jinangel Mercedes","None","Calle Rosa montas #63 Los Rosales Calle Rosa Montas #63 los Rosales","Higuey","34","23000","Dominican Republic","jmercedes_82@hotmail.com","+1.8299249978","","","","","","","","","","","","ns8345.hostgator.com","ns8346.hostgator.com","","","clientTransferProhibited","","",""
"56","voidsanitizers.com","2020-05-07 00:29:32","2020-05-05","2020-05-05","2021-05-05","146","GoDaddy.com, LLC","whois.godaddy.com","http://registrar.godaddy.com","GRUPO ALDU","GRUPO ALDU","","","FL","","Dominican Republic","","","","","","","","","","","","","","","","","","","","","","","","","","","","","","","","","","ns77.domaincontrol.com","ns78.domaincontrol.com","","","clientDeleteProhibited","clientRenewProhibited","clientTransferProhibited","clientUpdateProhibited"
"57","whimfulfood.com","2020-05-06 21:29:52","2020-05-04","2020-05-04","2022-05-04","146","GoDaddy.com, LLC","whois.godaddy.com","http://registrar.godaddy.com","NA","NA","","","Nuevo Distrito Nacional","","Dominican Republic","","","","","","","","","","","","","","","","","","","","","","","","","","","","","","","","","","ns1.giow1083.siteground.us","ns2.giow1083.siteground.us","","","clientDeleteProhibited","clientRenewProhibited","clientTransferProhibited","clientUpdateProhibited"
"58","xn--losmuequitos-ehb.com","2020-05-06 19:30:37","2020-05-05","2020-05-05","2022-05-05","146","GoDaddy.com, LLC","whois.godaddy.com","http://registrar.godaddy.com","","","","","La altagracia","","Dominican Republic","","","","","","","","","","","","","","","","","","","","","","","","","","","","","","","","","","ns77.domaincontrol.com","ns78.domaincontrol.com","","","clientDeleteProhibited","clientRenewProhibited","clientTransferProhibited","clientUpdateProhibited"
"59","zahiramancebo.com","2020-05-06 23:44:12","2020-05-05","2020-05-05","2021-05-05","955","Launchpad, Inc.","whois.launchpad.com","http://www.launchpad.com","Zahira Mancebo","None","Urb Los Cueto Calle 2 Casa 16","Puerto Plata","02","52000","Dominican Republic","zahmm1696@gmail.com","+1.8098752585","","Zahira Mancebo","None","Urb Los Cueto Calle 2 Casa 16","Puerto Plata","02","52000","Dominican Republic","zahmm1696@gmail.com","+1.8098752585","","Zahira Mancebo","None","Urb Los Cueto Calle 2 Casa 16","Puerto Plata","02","52000","Dominican Republic","zahmm1696@gmail.com","+1.8098752585","","","","","","","","","","","","ns1.hostgator.com","ns2.hostgator.com","","","clientTransferProhibited","","",""