"num","domain_name","query_time","create_date","update_date","expiry_date","domain_registrar_id","domain_registrar_name","domain_registrar_whois","domain_registrar_url","registrant_name","registrant_company","registrant_address","registrant_city","registrant_state","registrant_zip","registrant_country","registrant_email","registrant_phone","registrant_fax","administrative_name","administrative_company","administrative_address","administrative_city","administrative_state","administrative_zip","administrative_country","administrative_email","administrative_phone","administrative_fax","technical_name","technical_company","technical_address","technical_city","technical_state","technical_zip","technical_country","technical_email","technical_phone","technical_fax","billing_name","billing_company","billing_address","billing_city","billing_state","billing_zip","billing_country","billing_email","billing_phone","billing_fax","name_server_1","name_server_2","name_server_3","name_server_4","domain_status_1","domain_status_2","domain_status_3","domain_status_4"
"1","agromadivisa.com","2020-05-06 21:53:38","2020-05-04","2020-05-04","2021-05-04","146","GoDaddy.com, LLC","whois.godaddy.com","http://registrar.godaddy.com","Mood Creativo Agencia & Consultora Digital","Mood Creativo Agencia & Consultora Digital","","","Pichincha","","Ecuador","","","","","","","","","","","","","","","","","","","","","","","","","","","","","","","","","","ns1.bluehost.com","ns2.bluehost.com","","","clientDeleteProhibited","clientRenewProhibited","clientTransferProhibited","clientUpdateProhibited"
"2","almacenesespinoza-tiendaonline.com","2020-05-06 20:31:04","2020-05-05","","2021-05-05","1068","NameCheap, Inc.","whois.namecheap.com","http://www.namecheap.com","Andres Alarcon","Cosmos Estudio Creativo","Quito","Quito","Pichincha","170504","Ecuador","andreseins89@gmail.com","+593.984764730","","Andres Alarcon","Cosmos Estudio Creativo","Quito","Quito","Pichincha","170504","Ecuador","andreseins89@gmail.com","+593.984764730","","Andres Alarcon","Cosmos Estudio Creativo","Quito","Quito","Pichincha","170504","Ecuador","andreseins89@gmail.com","+593.984764730","","","","","","","","","","","","ns1.server5-interactuaclub.com","ns2.server5-interactuaclub.com","","","addPeriod","clientTransferProhibited","",""
"3","alonzodiaz.com","2020-05-06 23:44:38","2020-05-05","2020-05-05","2021-05-05","303","PDR Ltd. d/b/a PublicDomainRegistry.com","whois.publicdomainregistry.com","http://www.publicdomainregistry.com","RONNIE ALONZO","RONNIE ALONZO","AV GYE 124","EL EMPALME","GUAYAS","090045","Ecuador","ronalonzo@hotmail.com","+593.982883347","","RONNIE ALONZO","RONNIE ALONZO","AV GYE 124","EL EMPALME","GUAYAS","090045","Ecuador","ronalonzo@hotmail.com","+593.982883347","","RONNIE ALONZO","RONNIE ALONZO","AV GYE 124","EL EMPALME","GUAYAS","090045","Ecuador","ronalonzo@hotmail.com","+593.982883347","","","","","","","","","","","","ns1.dns-parking.com","ns2.dns-parking.com","","","clientTransferProhibited","","",""
"4","angeldemayo.com","2020-05-06 20:39:42","2020-05-04","2020-05-04","2021-05-04","146","GoDaddy.com, LLC","whois.godaddy.com","http://registrar.godaddy.com","","","","","Pichincha","","Ecuador","","","","","","","","","","","","","","","","","","","","","","","","","","","","","","","","","","ns-us.1and1-dns.com","ns-us.1and1-dns.de","ns-us.1and1-dns.org","ns-us.1and1-dns.us","clientDeleteProhibited","clientRenewProhibited","clientTransferProhibited","clientUpdateProhibited"
"5","animalesdemaderaecuador.com","2020-05-07 00:21:50","2020-05-05","2020-05-05","2021-05-05","955","Launchpad, Inc.","whois.launchpad.com","http://www.launchpad.com","Juan Cuichan","None","Pifo","Quito","P","170906","Ecuador","jccuichan@yahoo.com","+593.993613384","","Juan Cuichan","None","Pifo","Quito","P","170906","Ecuador","jccuichan@yahoo.com","+593.993613384","","Juan Cuichan","None","Pifo","Quito","P","170906","Ecuador","jccuichan@yahoo.com","+593.993613384","","","","","","","","","","","","ns6237.hostgator.com","ns6238.hostgator.com","","","clientTransferProhibited","","",""
"6","antiguedadesamazonas.com","2020-05-06 20:39:07","2020-05-04","2020-05-04","2021-05-04","379","Arsys Internet, S.L. dba NICLINE.COM","whois.nicline.com","http://www.nicline.com","REDACTED FOR PRIVACY","Offsetec S.A.","REDACTED FOR PRIVACY","REDACTED FOR PRIVACY","Pichincha","REDACTED FOR PRIVACY","Ecuador","whoiscontact@domainconnection.info","REDACTED FOR PRIVACY","REDACTED FOR PRIVACY","REDACTED FOR PRIVACY","REDACTED FOR PRIVACY","REDACTED FOR PRIVACY","REDACTED FOR PRIVACY","REDACTED FOR PRIVACY","REDACTED FOR PRIVACY","REDACTED FOR PRIVACY","whoiscontact@domainconnection.info","REDACTED FOR PRIVACY","REDACTED FOR PRIVACY","REDACTED FOR PRIVACY","REDACTED FOR PRIVACY","REDACTED FOR PRIVACY","REDACTED FOR PRIVACY","REDACTED FOR PRIVACY","REDACTED FOR PRIVACY","REDACTED FOR PRIVACY","whoiscontact@domainconnection.info","REDACTED FOR PRIVACY","REDACTED FOR PRIVACY","","","","","","","","","","","dns1.serv596036.servidoresdns.net","dns2.serv596036.servidoresdns.net","","","addPeriod","clientTransferProhibited","",""
"7","anunciosequinos.com","2020-05-07 00:19:23","2020-05-05","2020-05-05","2021-05-05","1005","NetEarth One Inc. d/b/a NetEarth","whois.advancedregistrar.com","http://www.netearthone.com","Gissela Andrade","","Quito, nayon","Quito","pichincha","170102","Ecuador","yuquisito@hotmail.com","+593.984554353","","Gissela Andrade","","Quito, nayon","Quito","pichincha","170102","Ecuador","yuquisito@hotmail.com","+593.984554353","","Gissela Andrade","","Quito, nayon","Quito","pichincha","170102","Ecuador","yuquisito@hotmail.com","+593.984554353","","","","","","","","","","","","ns410.banahosting.com","ns411.banahosting.com","","","clientTransferProhibited","","",""
"8","aokisoluciones.com","2020-05-06 22:18:08","2020-05-05","2020-05-05","2021-05-05","303","PDR Ltd. d/b/a PublicDomainRegistry.com","whois.publicdomainregistry.com","http://www.publicdomainregistry.com","Andres Burbano","Aoki Cia Ltda","PASAJE SAN GABRIEL Y JORGE JUAN","Quito","Pichincha","123456","Ecuador","andres.burbano18@hotmail.com","+593.989558909","","Andres Burbano","Aoki Cia Ltda","PASAJE SAN GABRIEL Y JORGE JUAN","Quito","Pichincha","123456","Ecuador","andres.burbano18@hotmail.com","+593.989558909","","Andres Burbano","Aoki Cia Ltda","PASAJE SAN GABRIEL Y JORGE JUAN","Quito","Pichincha","123456","Ecuador","andres.burbano18@hotmail.com","+593.989558909","","","","","","","","","","","","ns7.daganet.net","ns8.daganet.net","","","clientTransferProhibited","","",""
"9","arbeytello.com","2020-05-07 00:35:13","2020-05-05","2020-05-05","2021-05-05","303","PDR Ltd. d/b/a PublicDomainRegistry.com","whois.publicdomainregistry.com","http://www.publicdomainregistry.com","ANDRES","GLOBATECH","Liborio Madera 4-52 y Sucre","Ibarra","Imbabura","EC100103","Ecuador","andres_ad071182@hotmail.com","+593.0992577135","","ANDRES","GLOBATECH","Liborio Madera 4-52 y Sucre","Ibarra","Imbabura","EC100103","Ecuador","andres_ad071182@hotmail.com","+593.0992577135","","ANDRES","GLOBATECH","Liborio Madera 4-52 y Sucre","Ibarra","Imbabura","EC100103","Ecuador","andres_ad071182@hotmail.com","+593.0992577135","","","","","","","","","","","","cns3999.webhostbox.net","cns4000.webhostbox.net","","","clientTransferProhibited","","",""
"10","area53motosport.com","2020-05-06 20:26:13","2020-05-05","2020-05-05","2022-05-05","303","PDR Ltd. d/b/a PublicDomainRegistry.com","whois.publicdomainregistry.com","http://www.publicdomainregistry.com","Hugo Marcelo  Dalgo Proano","AREA53MOTO-SPORT","Av. General Ruminahui lote 510","Quito","Pichincha","170503","Ecuador","madapro06@hotmail.es","+593.0999228707","","Hugo Marcelo  Dalgo Proano","AREA53MOTO-SPORT","Av. General Ruminahui lote 510","Quito","Pichincha","170503","Ecuador","madapro06@hotmail.es","+593.0999228707","","Hugo Marcelo  Dalgo Proano","AREA53MOTO-SPORT","Av. General Ruminahui lote 510","Quito","Pichincha","170503","Ecuador","madapro06@hotmail.es","+593.0999228707","","","","","","","","","","","","ns1.ed4privatedns.com","ns2.ed4privatedns.com","ns3.ed4privatedns.com","ns4.ed4privatedns.com","clientTransferProhibited","","",""
"11","artisgrab.com","2020-05-06 20:26:03","2020-05-05","2020-05-05","2021-05-05","146","GoDaddy.com, LLC","whois.godaddy.com","http://registrar.godaddy.com","artisgrab","artisgrab","","","Ecuador","","Ecuador","","","","","","","","","","","","","","","","","","","","","","","","","","","","","","","","","","ns63.domaincontrol.com","ns64.domaincontrol.com","","","clientDeleteProhibited","clientRenewProhibited","clientTransferProhibited","clientUpdateProhibited"
"12","artsecuador.com","2020-05-07 00:12:32","2020-05-05","","2021-05-05","1068","NameCheap, Inc.","whois.namecheap.com","http://www.namecheap.com","RAUL tinajero","","Mariana de jesus y La pradera ed Keros","quito","pichincha","170505","Ecuador","raulaccell@hotmail.com","+593.995814226","","RAUL tinajero","","Mariana de jesus y La pradera ed Keros","quito","pichincha","170505","Ecuador","raulaccell@hotmail.com","+593.995814226","","RAUL tinajero","","Mariana de jesus y La pradera ed Keros","quito","pichincha","170505","Ecuador","raulaccell@hotmail.com","+593.995814226","","","","","","","","","","","","ns1.server5-interactuaclub.com","ns2.server5-interactuaclub.com","","","clientTransferProhibited","","",""
"13","autodeskecuador.com","2020-05-06 23:41:15","2020-05-05","2020-05-05","2021-05-05","955","Launchpad, Inc.","whois.launchpad.com","http://www.launchpad.com","Cristhian Viteri","None","San Jose 1449","Quito","P","000000","Ecuador","viteri.arq@gmail.com","+593.987241434","","Cristhian Viteri","None","San Jose 1449","Quito","P","000000","Ecuador","viteri.arq@gmail.com","+593.987241434","","Cristhian Viteri","None","San Jose 1449","Quito","P","000000","Ecuador","viteri.arq@gmail.com","+593.987241434","","","","","","","","","","","","ns1.hostgator.com","ns2.hostgator.com","","","clientTransferProhibited","","",""
"14","azoclip.com","2020-05-06 22:32:49","2020-05-05","2020-05-05","2021-05-05","146","GoDaddy.com, LLC","whois.godaddy.com","http://registrar.godaddy.com","","","","","Canar","","Ecuador","","","","","","","","","","","","","","","","","","","","","","","","","","","","","","","","","","ns29.domaincontrol.com","ns30.domaincontrol.com","","","clientDeleteProhibited","clientRenewProhibited","clientTransferProhibited","clientUpdateProhibited"
"15","bamamg.com","2020-05-07 01:00:52","2020-05-04","2020-05-04","2021-05-04","955","Launchpad, Inc.","whois.launchpad.com","http://www.launchpad.com","Benjamin Arroba","None","Benjamin","Quito","P","050550","Ecuador","alonsobj19@gmail.com","+593.979333907","","Benjamin Arroba","None","Benjamin","Quito","P","050550","Ecuador","alonsobj19@gmail.com","+593.979333907","","Benjamin Arroba","None","Benjamin","Quito","P","050550","Ecuador","alonsobj19@gmail.com","+593.979333907","","","","","","","","","","","","ns8401.hostgator.com","ns8402.hostgator.com","","","clientTransferProhibited","","",""
"16","banaseo.com","2020-05-06 21:01:45","2020-05-04","2020-05-04","2021-05-04","1005","NetEarth One Inc. d/b/a NetEarth","whois.advancedregistrar.com","http://www.netearthone.com","Cristhian Proano","Agencia Banaseo","Cdla. Venezuela","Machala","El Oro","070209","Ecuador","cristhianp1995@gmail.com","+593.593991928034","","Cristhian Proano","Agencia Banaseo","Cdla. Venezuela","Machala","El Oro","070209","Ecuador","cristhianp1995@gmail.com","+593.593991928034","","Cristhian Proano","Agencia Banaseo","Cdla. Venezuela","Machala","El Oro","070209","Ecuador","cristhianp1995@gmail.com","+593.593991928034","","","","","","","","","","","","ns1.banaseo.com","ns2.banaseo.com","","","clientTransferProhibited","","",""
"17","bimforumecuador.com","2020-05-06 23:44:11","2020-05-05","2020-05-05","2021-05-05","955","Launchpad, Inc.","whois.launchpad.com","http://www.launchpad.com","Cristhian Viteri","None","San Jose 1449","Quito","P","000000","Ecuador","viteri.arq@gmail.com","+593.987241434","","Cristhian Viteri","None","San Jose 1449","Quito","P","000000","Ecuador","viteri.arq@gmail.com","+593.987241434","","Cristhian Viteri","None","San Jose 1449","Quito","P","000000","Ecuador","viteri.arq@gmail.com","+593.987241434","","","","","","","","","","","","ns1.hostgator.com","ns2.hostgator.com","","","clientTransferProhibited","","",""
"18","bocetosoft.com","2020-05-06 20:26:15","2020-05-05","2020-05-05","2021-05-05","955","Launchpad, Inc.","whois.launchpad.com","http://www.launchpad.com","Juan Pablo Correa Herrera","None","Bernardo Valdivieso 191-22 y Quito","Loja","L","110108","Ecuador","jpchsubzero@gmail.com","+593.997314838","","Juan Pablo Correa Herrera","None","Bernardo Valdivieso 191-22 y Quito","Loja","L","110108","Ecuador","jpchsubzero@gmail.com","+593.997314838","","Juan Pablo Correa Herrera","None","Bernardo Valdivieso 191-22 y Quito","Loja","L","110108","Ecuador","jpchsubzero@gmail.com","+593.997314838","","","","","","","","","","","","ns8401.hostgator.com","ns8402.hostgator.com","","","clientTransferProhibited","","",""
"19","boticaalemana.com","2020-05-07 00:22:16","2020-05-05","2020-05-05","2021-05-05","146","GoDaddy.com, LLC","whois.godaddy.com","http://registrar.godaddy.com","CREATIVA","CREATIVA","","","pichicncha","","Ecuador","","","","","","","","","","","","","","","","","","","","","","","","","","","","","","","","","","ns1.creativahostvps.com","ns2.creativahostvps.com","","","clientDeleteProhibited","clientRenewProhibited","clientTransferProhibited","clientUpdateProhibited"
"20","byronoviedo.com","2020-05-06 23:59:09","2020-05-05","2020-05-05","2021-05-05","106","Ascio Technologies, Inc. Danmark - Filial af Ascio technologies, Inc. USA","whois.ascio.com","http://www.ascio.com","Not Disclosed","Not Disclosed","Not Disclosed","Not Disclosed","","Not Disclosed","Ecuador","","Not Disclosed","Not Disclosed","Not Disclosed","Not Disclosed","Not Disclosed","Not Disclosed","Not Disclosed","Not Disclosed","Not Disclosed","","Not Disclosed","Not Disclosed","Not Disclosed","Not Disclosed","Not Disclosed","Not Disclosed","Not Disclosed","Not Disclosed","Not Disclosed","","Not Disclosed","Not Disclosed","","","","","","","","","","","dns1.123hjemmeside.dk","dns2.123hjemmeside.dk","dns3.123hjemmeside.dk","","OK","","",""
"21","cahesoftwebdesign.com","2020-05-06 23:02:53","2020-05-05","2020-05-05","2021-05-05","83","1&1 Internet AG","whois.schlund.info","http://1and1.com","REDACTED FOR PRIVACY","","REDACTED FOR PRIVACY","REDACTED FOR PRIVACY","","REDACTED FOR PRIVACY","Ecuador","dataprivacyprotected@1und1.de","REDACTED FOR PRIVACY","REDACTED FOR PRIVACY","REDACTED FOR PRIVACY","REDACTED FOR PRIVACY","REDACTED FOR PRIVACY","REDACTED FOR PRIVACY","REDACTED FOR PRIVACY","REDACTED FOR PRIVACY","REDACTED FOR PRIVACY","dataprivacyprotected@1und1.de","REDACTED FOR PRIVACY","REDACTED FOR PRIVACY","REDACTED FOR PRIVACY","REDACTED FOR PRIVACY","REDACTED FOR PRIVACY","REDACTED FOR PRIVACY","REDACTED FOR PRIVACY","REDACTED FOR PRIVACY","REDACTED FOR PRIVACY","dataprivacyprotected@1und1.de","REDACTED FOR PRIVACY","REDACTED FOR PRIVACY","","","","","","","","","","","ns5.awardspace.com","ns6.awardspace.com","","","addPeriod","ok","",""
"22","camaronsupremo.com","2020-05-07 01:01:06","2020-05-04","2020-05-04","2021-05-04","303","PDR Ltd. d/b/a PublicDomainRegistry.com","whois.publicdomainregistry.com","http://www.publicdomainregistry.com","Paul  Cruz","Camaron Supremo","Urb. San Felipe, Club Santander Mz. 158 Villa 30","Guayaquil","Guayas","090308","Ecuador","juliogallardoc@gmail.com","+593.980048140","","Paul  Cruz","Camaron Supremo","Urb. San Felipe, Club Santander Mz. 158 Villa 30","Guayaquil","Guayas","090308","Ecuador","juliogallardoc@gmail.com","+593.980048140","","Paul  Cruz","Camaron Supremo","Urb. San Felipe, Club Santander Mz. 158 Villa 30","Guayaquil","Guayas","090308","Ecuador","juliogallardoc@gmail.com","+593.980048140","","","","","","","","","","","","ns1.dns-parking.com","ns2.dns-parking.com","","","clientTransferProhibited","","",""
"23","cardiologiadrcesaririgoyen.com","2020-05-06 19:21:52","2020-05-05","2020-05-05","2021-05-05","1600","Estrategias WebSite S.L.","whois2.virtualname.es","http://www.virtualpyme.com/","Jorge Luis Chica","","LA paz","Quito","Pichincha","170517","Ecuador","georgeluis1084@gmail.com","+593.988354461","","Jorge Luis Chica","","LA paz","Quito","Pichincha","170517","Ecuador","georgeluis1084@gmail.com","+593.988354461","","Jorge Luis Chica","","LA paz","Quito","Pichincha","170517","Ecuador","georgeluis1084@gmail.com","+593.988354461","","","","","","","","","","","","ns12.wixdns.net","ns13.wixdns.net","","","clientTransferProhibited","","",""
"24","casasplanospersonalizados.com","2020-05-06 22:47:54","2020-05-05","2020-05-05","2021-05-05","303","PDR Ltd. d/b/a PublicDomainRegistry.com","whois.publicdomainregistry.com","http://www.publicdomainregistry.com","Jorge Jefferson  Ceron Yunga","Publicidad CERON line","Oficina Principal Av. Guayas entre Pasaje y Boyaca","Machala","Azuay","070150","Ecuador","agenciamktjorgeceron@gmail.com","+593.988244988","","Jorge Jefferson  Ceron Yunga","Publicidad CERON line","Oficina Principal Av. Guayas entre Pasaje y Boyaca","Machala","Azuay","070150","Ecuador","agenciamktjorgeceron@gmail.com","+593.988244988","","Jorge Jefferson  Ceron Yunga","Publicidad CERON line","Oficina Principal Av. Guayas entre Pasaje y Boyaca","Machala","Azuay","070150","Ecuador","agenciamktjorgeceron@gmail.com","+593.988244988","","","","","","","","","","","","ns10.prodns.mx","ns11.prodns.mx","","","clientTransferProhibited","","",""
"25","cassfri.com","2020-05-06 21:24:50","2020-05-04","2020-05-04","2021-05-04","303","PDR Ltd. d/b/a PublicDomainRegistry.com","whois.publicdomainregistry.com","http://www.publicdomainregistry.com","MARCO FRITSCHE","BOMBASTIC S.A.","Av. Carlos Julio Arosemena y Calle 28 de Mayo mz 5 solar 1","Guayaquil","Guayas","098195","Ecuador","facturacion@bombastic.com.ec","+593.6038585","","MARCO FRITSCHE","BOMBASTIC S.A.","Av. Carlos Julio Arosemena y Calle 28 de Mayo mz 5 solar 1","Guayaquil","Guayas","098195","Ecuador","facturacion@bombastic.com.ec","+593.6038585","","MARCO FRITSCHE","BOMBASTIC S.A.","Av. Carlos Julio Arosemena y Calle 28 de Mayo mz 5 solar 1","Guayaquil","Guayas","098195","Ecuador","facturacion@bombastic.com.ec","+593.6038585","","","","","","","","","","","","ns5.hostingcolor.com","ns6.hostingcolor.com","ns7.hostingcolor.com","","clientTransferProhibited","","",""
"26","cedfoi.com","2020-05-06 20:26:30","2020-05-05","2020-05-05","2021-05-05","146","GoDaddy.com, LLC","whois.godaddy.com","http://registrar.godaddy.com","cfe","cfe","","","Loja","","Ecuador","","","","","","","","","","","","","","","","","","","","","","","","","","","","","","","","","","ns12.wixdns.net","ns13.wixdns.net","","","clientDeleteProhibited","clientRenewProhibited","clientTransferProhibited","clientUpdateProhibited"
"27","cerditofeliz.com","2020-05-06 23:52:54","2020-05-05","2020-05-05","2021-05-05","1472","LiquidNet Ltd.","whois.liquidnetlimited.com","http://www.liquidnetlimited.com","REDACTED FOR PRIVACY","REDACTED FOR PRIVACY","REDACTED FOR PRIVACY","REDACTED FOR PRIVACY","Pichincha","REDACTED FOR PRIVACY","Ecuador","","REDACTED FOR PRIVACY","REDACTED FOR PRIVACY","REDACTED FOR PRIVACY","REDACTED FOR PRIVACY","REDACTED FOR PRIVACY","REDACTED FOR PRIVACY","REDACTED FOR PRIVACY","REDACTED FOR PRIVACY","REDACTED FOR PRIVACY","","REDACTED FOR PRIVACY","REDACTED FOR PRIVACY","REDACTED FOR PRIVACY","REDACTED FOR PRIVACY","REDACTED FOR PRIVACY","REDACTED FOR PRIVACY","REDACTED FOR PRIVACY","REDACTED FOR PRIVACY","REDACTED FOR PRIVACY","","REDACTED FOR PRIVACY","REDACTED FOR PRIVACY","","","","","","","","","","","dns1.supremedns.com","dns2.supremedns.com","dns3.supremedns.com","dns4.supremedns.com","clientTransferProhibited","","",""
"28","cgfmarketing.com","2020-05-07 00:30:33","2020-05-05","2020-05-05","2021-05-05","146","GoDaddy.com, LLC","whois.godaddy.com","http://registrar.godaddy.com","cgf marketing digital","cgf marketing digital","","","Cotopaxi","","Ecuador","","","","","","","","","","","","","","","","","","","","","","","","","","","","","","","","","","ns41.domaincontrol.com","ns42.domaincontrol.com","","","clientDeleteProhibited","clientRenewProhibited","clientTransferProhibited","clientUpdateProhibited"
"29","china-gdimportaciones.com","2020-05-06 21:00:30","2020-05-04","2020-05-05","2021-05-04","146","GoDaddy.com, LLC","whois.godaddy.com","http://registrar.godaddy.com","","","","","Pichincha","","Ecuador","","","","","","","","","","","","","","","","","","","","","","","","","","","","","","","","","","ns41.domaincontrol.com","ns42.domaincontrol.com","","","clientDeleteProhibited","clientRenewProhibited","clientTransferProhibited","clientUpdateProhibited"
"30","cicetepeducacion.com","2020-05-07 00:05:11","2020-05-05","2020-05-05","2021-05-05","69","Tucows Domains Inc.","whois.tucows.com","http://domainhelp.opensrs.net","REDACTED FOR PRIVACY","REDACTED FOR PRIVACY","REDACTED FOR PRIVACY","REDACTED FOR PRIVACY","XX","REDACTED FOR PRIVACY","Ecuador","","REDACTED FOR PRIVACY","REDACTED FOR PRIVACY","REDACTED FOR PRIVACY","REDACTED FOR PRIVACY","REDACTED FOR PRIVACY","REDACTED FOR PRIVACY","REDACTED FOR PRIVACY","REDACTED FOR PRIVACY","REDACTED FOR PRIVACY","","REDACTED FOR PRIVACY","REDACTED FOR PRIVACY","REDACTED FOR PRIVACY","REDACTED FOR PRIVACY","REDACTED FOR PRIVACY","REDACTED FOR PRIVACY","REDACTED FOR PRIVACY","REDACTED FOR PRIVACY","REDACTED FOR PRIVACY","","REDACTED FOR PRIVACY","REDACTED FOR PRIVACY","","","","","","","","","","","ns1.giow1084.siteground.us","ns2.giow1084.siteground.us","","","clientTransferProhibited","clientUpdateProhibited","",""
"31","comercialtania.com","2020-05-07 00:56:27","2020-05-04","2020-05-05","2021-05-04","1383","Soluciones Corporativas IP, SLU","whois.scip.es","http://www.dondominio.com","REDACTED FOR PRIVACY","","REDACTED FOR PRIVACY","REDACTED FOR PRIVACY","Guayaquil","REDACTED FOR PRIVACY","Ecuador","","REDACTED FOR PRIVACY","REDACTED FOR PRIVACY","REDACTED FOR PRIVACY","REDACTED FOR PRIVACY","REDACTED FOR PRIVACY","REDACTED FOR PRIVACY","REDACTED FOR PRIVACY","REDACTED FOR PRIVACY","REDACTED FOR PRIVACY","","REDACTED FOR PRIVACY","REDACTED FOR PRIVACY","REDACTED FOR PRIVACY","REDACTED FOR PRIVACY","REDACTED FOR PRIVACY","REDACTED FOR PRIVACY","REDACTED FOR PRIVACY","REDACTED FOR PRIVACY","REDACTED FOR PRIVACY","","REDACTED FOR PRIVACY","REDACTED FOR PRIVACY","","","","","","","","","","","ns3051.webempresa.eu","ns3052.webempresa.eu","","","OK","","",""
"32","comercio-ec.com","2020-05-06 23:27:27","2020-05-05","2020-05-05","2021-05-05","303","PDR Ltd. d/b/a PublicDomainRegistry.com","whois.publicdomainregistry.com","http://www.publicdomainregistry.com","Ramiro Regalado","Mader","Carlos","Quito","Pichincha","170856","Ecuador","frank_nicoger@hotmail.com","+593.0979421079","","Ramiro Regalado","Mader","Carlos","Quito","Pichincha","170856","Ecuador","frank_nicoger@hotmail.com","+593.0979421079","","Ramiro Regalado","Mader","Carlos","Quito","Pichincha","170856","Ecuador","frank_nicoger@hotmail.com","+593.0979421079","","","","","","","","","","","","ns1.gohsphere.com","ns2.gohsphere.com","","","clientTransferProhibited","","",""
"33","comidacriollasucasa.com","2020-05-07 00:53:29","2020-05-04","2020-05-04","2021-05-04","955","Launchpad, Inc.","whois.launchpad.com","http://www.launchpad.com","Juan Carlos Lara Bozada","None","Espanol","Guayaquil","G","090112","Ecuador","juancarloslara77@gmail.com","+593.994694351","","Juan Carlos Lara Bozada","None","Espanol","Guayaquil","G","090112","Ecuador","juancarloslara77@gmail.com","+593.994694351","","Juan Carlos Lara Bozada","None","Espanol","Guayaquil","G","090112","Ecuador","juancarloslara77@gmail.com","+593.994694351","","","","","","","","","","","","ns8401.hostgator.com","ns8402.hostgator.com","","","clientTransferProhibited","","",""
"34","compretodoaki.com","2020-05-07 00:31:52","2020-05-05","2020-05-05","2021-05-05","146","GoDaddy.com, LLC","whois.godaddy.com","http://registrar.godaddy.com","","","","","Pichincha","","Ecuador","","","","","","","","","","","","","","","","","","","","","","","","","","","","","","","","","","ns63.domaincontrol.com","ns64.domaincontrol.com","","","clientDeleteProhibited","clientRenewProhibited","clientTransferProhibited","clientUpdateProhibited"
"35","compunet-ec.com","2020-05-07 01:13:23","2020-05-04","2020-05-04","2021-05-04","146","GoDaddy.com, LLC","whois.godaddy.com","http://registrar.godaddy.com","","","","","MP","","Ecuador","","","","","","","","","","","","","","","","","","","","","","","","","","","","","","","","","","ns1.miweben.com","ns2.miweben.com","","","clientDeleteProhibited","clientRenewProhibited","clientTransferProhibited","clientUpdateProhibited"
"36","demerca.com","2020-05-06 22:06:16","2020-05-04","2020-05-04","2021-05-04","146","GoDaddy.com, LLC","whois.godaddy.com","http://registrar.godaddy.com","Eikon","Eikon","","","Pichincha","","Ecuador","","","","","","","","","","","","","","","","","","","","","","","","","","","","","","","","","","ns77.domaincontrol.com","ns78.domaincontrol.com","","","clientDeleteProhibited","clientRenewProhibited","clientTransferProhibited","clientUpdateProhibited"
"37","dianajacome.com","2020-05-06 20:45:27","2020-05-04","2020-05-04","2021-05-04","1383","Soluciones Corporativas IP, SLU","whois.scip.es","http://www.dondominio.com","REDACTED FOR PRIVACY","","REDACTED FOR PRIVACY","REDACTED FOR PRIVACY","Pichincha","REDACTED FOR PRIVACY","Ecuador","","REDACTED FOR PRIVACY","REDACTED FOR PRIVACY","REDACTED FOR PRIVACY","REDACTED FOR PRIVACY","REDACTED FOR PRIVACY","REDACTED FOR PRIVACY","REDACTED FOR PRIVACY","REDACTED FOR PRIVACY","REDACTED FOR PRIVACY","","REDACTED FOR PRIVACY","REDACTED FOR PRIVACY","REDACTED FOR PRIVACY","REDACTED FOR PRIVACY","REDACTED FOR PRIVACY","REDACTED FOR PRIVACY","REDACTED FOR PRIVACY","REDACTED FOR PRIVACY","REDACTED FOR PRIVACY","","REDACTED FOR PRIVACY","REDACTED FOR PRIVACY","","","","","","","","","","","ns1951.webempresa.eu","ns1952.webempresa.eu","","","OK","","",""
"38","dianasofiamusic.com","2020-05-07 01:14:06","2020-05-04","2020-05-04","2021-05-04","146","GoDaddy.com, LLC","whois.godaddy.com","http://registrar.godaddy.com","E-Zitty","E-Zitty","","","Guayas","","Ecuador","","","","","","","","","","","","","","","","","","","","","","","","","","","","","","","","","","ns49.domaincontrol.com","ns50.domaincontrol.com","","","clientDeleteProhibited","clientRenewProhibited","clientTransferProhibited","clientUpdateProhibited"
"39","disfercal.com","2020-05-06 20:27:33","2020-05-05","2020-05-05","2021-05-05","625","Name.com, Inc.","whois.name.com","http://www.name.com","Pablo Lopez","Neo","Humbolt 1-87","Cuenca","Azuay","s/n","Ecuador","renovaciones@neoingenieria.com","+593.72853243","","Pablo Lopez","Neo","Humbolt 1-87","Cuenca","Azuay","s/n","Ecuador","renovaciones@neoingenieria.com","+593.72853243","","Pablo Lopez","Neo","Humbolt 1-87","Cuenca","Azuay","s/n","Ecuador","renovaciones@neoingenieria.com","+593.72853243","","","","","","","","","","","","ns1.wasabiserver.com","ns2.wasabiserver.com","","","addPeriod","clientTransferProhibited","",""
"40","distribuidorafd.com","2020-05-06 20:35:33","2020-05-05","2020-05-05","2021-05-05","303","PDR Ltd. d/b/a PublicDomainRegistry.com","whois.publicdomainregistry.com","http://www.publicdomainregistry.com","Carlos Villacis","STUDIO3","10 de Agosto N3249","Quito","pichincha","171717","Ecuador","info@studio3-ec.com","+593.22560698","","Carlos Villacis","STUDIO3","10 de Agosto N3249","Quito","pichincha","171717","Ecuador","info@studio3-ec.com","+593.22560698","","Carlos Villacis","STUDIO3","10 de Agosto N3249","Quito","pichincha","171717","Ecuador","info@studio3-ec.com","+593.22560698","","","","","","","","","","","","ns1.ecuahosting.info","ns2.ecuahosting.info","","","clientTransferProhibited","","",""
"41","distribuidorapaez.com","2020-05-07 00:59:18","2020-05-04","2020-05-04","2021-05-04","69","Tucows Domains Inc.","whois.tucows.com","http://domainhelp.opensrs.net","REDACTED FOR PRIVACY","REDACTED FOR PRIVACY","REDACTED FOR PRIVACY","REDACTED FOR PRIVACY","XX","REDACTED FOR PRIVACY","Ecuador","","REDACTED FOR PRIVACY","REDACTED FOR PRIVACY","REDACTED FOR PRIVACY","REDACTED FOR PRIVACY","REDACTED FOR PRIVACY","REDACTED FOR PRIVACY","REDACTED FOR PRIVACY","REDACTED FOR PRIVACY","REDACTED FOR PRIVACY","","REDACTED FOR PRIVACY","REDACTED FOR PRIVACY","REDACTED FOR PRIVACY","REDACTED FOR PRIVACY","REDACTED FOR PRIVACY","REDACTED FOR PRIVACY","REDACTED FOR PRIVACY","REDACTED FOR PRIVACY","REDACTED FOR PRIVACY","","REDACTED FOR PRIVACY","REDACTED FOR PRIVACY","","","","","","","","","","","ns1.giow1078.siteground.us","ns2.giow1078.siteground.us","","","clientTransferProhibited","clientUpdateProhibited","",""
"42","ecuagames.com","2020-05-07 01:15:29","2020-05-04","2020-05-04","2021-05-04","146","GoDaddy.com, LLC","whois.godaddy.com","http://registrar.godaddy.com","","","","","Pichincha","","Ecuador","","","","","","","","","","","","","","","","","","","","","","","","","","","","","","","","","","ashley.ns.cloudflare.com","ridge.ns.cloudflare.com","","","clientDeleteProhibited","clientRenewProhibited","clientTransferProhibited","clientUpdateProhibited"
"43","edropec.com","2020-05-07 00:12:31","2020-05-05","","2021-05-05","1068","NameCheap, Inc.","whois.namecheap.com","http://www.namecheap.com","Estevan Cifuentes","E-Drop","La Santiago 2 Amancay","Quito","Pichincha","170608","Ecuador","tebo_oka_oka@hotmail.com","+593.987012475","","Estevan Cifuentes","E-Drop","La Santiago 2 Amancay","Quito","Pichincha","170608","Ecuador","tebo_oka_oka@hotmail.com","+593.987012475","","Estevan Cifuentes","E-Drop","La Santiago 2 Amancay","Quito","Pichincha","170608","Ecuador","tebo_oka_oka@hotmail.com","+593.987012475","","","","","","","","","","","","ns1.server5-interactuaclub.com","ns2.server5-interactuaclub.com","","","clientTransferProhibited","","",""
"44","elixirbygotasdeseda.com","2020-05-06 23:58:14","2020-05-05","2020-05-05","2021-05-05","303","PDR Ltd. d/b/a PublicDomainRegistry.com","whois.publicdomainregistry.com","http://www.publicdomainregistry.com","FABIAN IGNACIO LEON AVILES","MEDNATCORP S.A.","Puerto Santa Ana, Edificio The Point 601.","Guayaquil","Guayas","101075","Ecuador","financiero.mednatcorp@carvagu.com.ec","+593.44545672","","FABIAN IGNACIO LEON AVILES","MEDNATCORP S.A.","Puerto Santa Ana, Edificio The Point 601.","Guayaquil","Guayas","101075","Ecuador","financiero.mednatcorp@carvagu.com.ec","+593.44545672","","FABIAN IGNACIO LEON AVILES","MEDNATCORP S.A.","Puerto Santa Ana, Edificio The Point 601.","Guayaquil","Guayas","101075","Ecuador","financiero.mednatcorp@carvagu.com.ec","+593.44545672","","","","","","","","","","","","ns1.americanhosting.domains","ns2.americanhosting.domains","ns3.americanhosting.domains","ns4.americanhosting.domains","clientTransferProhibited","","",""
"45","elysiumedical.com","2020-05-06 21:44:46","2020-05-05","2020-05-05","2022-05-05","303","PDR Ltd. d/b/a PublicDomainRegistry.com","whois.publicdomainregistry.com","http://www.publicdomainregistry.com","RENE NAVARRETE ZABALA","DERMAHEALTH CIA. LTDA.","Av. Diego de Almagro N31-121 y whymper, PB","Quito","Pichincha","090882","Ecuador","rnavarrete@dermahealthecuador.com","+593.22924260","","RENE NAVARRETE ZABALA","DERMAHEALTH CIA. LTDA.","Av. Diego de Almagro N31-121 y whymper, PB","Quito","Pichincha","090882","Ecuador","rnavarrete@dermahealthecuador.com","+593.22924260","","RENE NAVARRETE ZABALA","DERMAHEALTH CIA. LTDA.","Av. Diego de Almagro N31-121 y whymper, PB","Quito","Pichincha","090882","Ecuador","rnavarrete@dermahealthecuador.com","+593.22924260","","","","","","","","","","","","ns7.myhostingdomain.net","ns8.myhostingdomain.net","","","clientTransferProhibited","","",""
"46","emprendedorvaliente.com","2020-05-06 23:59:27","2020-05-05","2020-05-05","2021-05-05","146","GoDaddy.com, LLC","whois.godaddy.com","http://registrar.godaddy.com","","","","","Pichincha","","Ecuador","","","","","","","","","","","","","","","","","","","","","","","","","","","","","","","","","","ns77.domaincontrol.com","ns78.domaincontrol.com","","","clientDeleteProhibited","clientRenewProhibited","clientTransferProhibited","clientUpdateProhibited"
"47","essgye.com","2020-05-07 00:45:26","2020-05-04","2020-05-04","2021-05-04","146","GoDaddy.com, LLC","whois.godaddy.com","http://registrar.godaddy.com","Escuela Sathya Sai de Guayaquil","Escuela Sathya Sai de Guayaquil","","","Guayas","","Ecuador","","","","","","","","","","","","","","","","","","","","","","","","","","","","","","","","","","ns63.domaincontrol.com","ns64.domaincontrol.com","","","clientDeleteProhibited","clientRenewProhibited","clientTransferProhibited","clientUpdateProhibited"
"48","estefaniaortizsalinas.com","2020-05-07 00:26:33","2020-05-05","2020-05-05","2021-05-05","1371","AB NameISP","whois.nameisp.com","http://www.nameisp.com","REDACTED FOR PRIVACY","REDACTED FOR PRIVACY","REDACTED FOR PRIVACY","REDACTED FOR PRIVACY","","REDACTED FOR PRIVACY","Ecuador","","REDACTED FOR PRIVACY","","REDACTED FOR PRIVACY","REDACTED FOR PRIVACY","REDACTED FOR PRIVACY","REDACTED FOR PRIVACY","REDACTED FOR PRIVACY","REDACTED FOR PRIVACY","REDACTED FOR PRIVACY","","REDACTED FOR PRIVACY","","REDACTED FOR PRIVACY","REDACTED FOR PRIVACY","REDACTED FOR PRIVACY","REDACTED FOR PRIVACY","REDACTED FOR PRIVACY","REDACTED FOR PRIVACY","REDACTED FOR PRIVACY","","REDACTED FOR PRIVACY","","","","","","","","","","","","dns93232.phinternacional.com","dns93233.phinternacional.com","","","clientTransferProhibited","","",""
"49","exportroses.com","2020-05-07 00:45:24","2020-05-04","2020-05-04","2021-05-04","146","GoDaddy.com, LLC","whois.godaddy.com","http://registrar.godaddy.com","","","","","pich","","Ecuador","","","","","","","","","","","","","","","","","","","","","","","","","","","","","","","","","","ns1.a2hosting.com","ns2.a2hosting.com","ns3.a2hosting.com","ns4.a2hosting.com","clientDeleteProhibited","clientRenewProhibited","clientTransferProhibited","clientUpdateProhibited"
"50","facilitojc.com","2020-05-06 20:45:39","2020-05-04","2020-05-04","2021-05-04","69","Tucows Domains Inc.","whois.tucows.com","http://domainhelp.opensrs.net","REDACTED FOR PRIVACY","REDACTED FOR PRIVACY","REDACTED FOR PRIVACY","REDACTED FOR PRIVACY","XX","REDACTED FOR PRIVACY","Ecuador","","REDACTED FOR PRIVACY","REDACTED FOR PRIVACY","REDACTED FOR PRIVACY","REDACTED FOR PRIVACY","REDACTED FOR PRIVACY","REDACTED FOR PRIVACY","REDACTED FOR PRIVACY","REDACTED FOR PRIVACY","REDACTED FOR PRIVACY","","REDACTED FOR PRIVACY","REDACTED FOR PRIVACY","REDACTED FOR PRIVACY","REDACTED FOR PRIVACY","REDACTED FOR PRIVACY","REDACTED FOR PRIVACY","REDACTED FOR PRIVACY","REDACTED FOR PRIVACY","REDACTED FOR PRIVACY","","REDACTED FOR PRIVACY","REDACTED FOR PRIVACY","","","","","","","","","","","ns1.giow1083.siteground.us","ns2.giow1083.siteground.us","","","clientTransferProhibited","clientUpdateProhibited","",""
"51","factoresdetransferencia4life.com","2020-05-07 00:21:26","2020-05-05","2020-05-05","2021-05-05","303","PDR Ltd. d/b/a PublicDomainRegistry.com","whois.publicdomainregistry.com","http://www.publicdomainregistry.com","TEON TECHNOLOGY SOLUTIONS","TEON TECHNOLOGY SOLUTIONS","Sanchez y Cifuentes 5-37 y Rafael Larrea","Ibarra","Imbabura","100106","Ecuador","inmobiliariaimbabura@gmail.com","+593.998555420","","TEON TECHNOLOGY SOLUTIONS","TEON TECHNOLOGY SOLUTIONS","Sanchez y Cifuentes 5-37 y Rafael Larrea","Ibarra","Imbabura","100106","Ecuador","inmobiliariaimbabura@gmail.com","+593.998555420","","TEON TECHNOLOGY SOLUTIONS","TEON TECHNOLOGY SOLUTIONS","Sanchez y Cifuentes 5-37 y Rafael Larrea","Ibarra","Imbabura","100106","Ecuador","inmobiliariaimbabura@gmail.com","+593.998555420","","","","","","","","","","","","ns1.dns-parking.com","ns2.dns-parking.com","","","clientTransferProhibited","","",""
"52","fdvschool.com","2020-05-07 00:35:16","2020-05-05","2020-05-05","2021-05-05","955","Launchpad, Inc.","whois.launchpad.com","http://www.launchpad.com","Ivonne Zambrano","None","Condor y BrasiL","Quito","P","170102","Ecuador","ivonneluna93@gmail.com","+593.998384970","","Ivonne Zambrano","None","Condor y BrasiL","Quito","P","170102","Ecuador","ivonneluna93@gmail.com","+593.998384970","","Ivonne Zambrano","None","Condor y BrasiL","Quito","P","170102","Ecuador","ivonneluna93@gmail.com","+593.998384970","","","","","","","","","","","","ns8279.hostgator.com","ns8280.hostgator.com","","","clientTransferProhibited","","",""
"53","filler-all.com","2020-05-06 23:24:22","2020-05-05","2020-05-05","2021-05-05","69","Tucows Domains Inc.","whois.tucows.com","http://domainhelp.opensrs.net","REDACTED FOR PRIVACY","REDACTED FOR PRIVACY","REDACTED FOR PRIVACY","REDACTED FOR PRIVACY","Pichincha","REDACTED FOR PRIVACY","Ecuador","","REDACTED FOR PRIVACY","REDACTED FOR PRIVACY","REDACTED FOR PRIVACY","REDACTED FOR PRIVACY","REDACTED FOR PRIVACY","REDACTED FOR PRIVACY","REDACTED FOR PRIVACY","REDACTED FOR PRIVACY","REDACTED FOR PRIVACY","","REDACTED FOR PRIVACY","REDACTED FOR PRIVACY","REDACTED FOR PRIVACY","REDACTED FOR PRIVACY","REDACTED FOR PRIVACY","REDACTED FOR PRIVACY","REDACTED FOR PRIVACY","REDACTED FOR PRIVACY","REDACTED FOR PRIVACY","","REDACTED FOR PRIVACY","REDACTED FOR PRIVACY","","","","","","","","","","","ns1.eco-dns.co.uk","ns2.eco-dns.co.uk","ns3.eco-dns.co.uk","ns4.eco-dns.co.uk","clientTransferProhibited","clientUpdateProhibited","",""
"54","fletes-quito.com","2020-05-07 00:55:20","2020-05-04","2020-05-04","2021-05-04","146","GoDaddy.com, LLC","whois.godaddy.com","http://registrar.godaddy.com","","","","","Pichincha","","Ecuador","","","","","","","","","","","","","","","","","","","","","","","","","","","","","","","","","","ns63.domaincontrol.com","ns64.domaincontrol.com","","","clientDeleteProhibited","clientRenewProhibited","clientTransferProhibited","clientUpdateProhibited"
"55","forcontesa.com","2020-05-07 00:56:22","2020-05-04","2020-05-04","2021-05-04","303","PDR Ltd. d/b/a PublicDomainRegistry.com","whois.publicdomainregistry.com","http://www.publicdomainregistry.com","Daniel  Rivadeneira","FORMAS CONTINUAS ECUATORIANAS S.A. INDUSTRIAS FORCONTESA","Parque Industrial La Libertad Parque Industrial La Libertad","La Libertad","Santa Elena","090788","Ecuador","rivadeneira83@hotmail.com","+974.33951181","","Daniel  Rivadeneira","FORMAS CONTINUAS ECUATORIANAS S.A. INDUSTRIAS FORCONTESA","Parque Industrial La Libertad Parque Industrial La Libertad","La Libertad","Santa Elena","090788","Ecuador","rivadeneira83@hotmail.com","+974.33951181","","Daniel  Rivadeneira","FORMAS CONTINUAS ECUATORIANAS S.A. INDUSTRIAS FORCONTESA","Parque Industrial La Libertad Parque Industrial La Libertad","La Libertad","Santa Elena","090788","Ecuador","rivadeneira83@hotmail.com","+974.33951181","","","","","","","","","","","","ns5.hostingcolor.com","ns6.hostingcolor.com","ns7.hostingcolor.com","","clientTransferProhibited","","",""
"56","gafas-sport.com","2020-05-07 00:44:25","2020-05-04","2020-05-04","2021-05-04","146","GoDaddy.com, LLC","whois.godaddy.com","http://registrar.godaddy.com","La Motora","La Motora","","","Azuat","","Ecuador","","","","","","","","","","","","","","","","","","","","","","","","","","","","","","","","","","ns77.domaincontrol.com","ns78.domaincontrol.com","","","clientDeleteProhibited","clientRenewProhibited","clientTransferProhibited","clientUpdateProhibited"
"57","ganadinerolegal.com","2020-05-07 00:08:21","2020-05-05","2020-05-05","2021-05-05","955","Launchpad, Inc.","whois.launchpad.com","http://www.launchpad.com","Freddy Maila","None","Quito","Quito","P","170101","Ecuador","fredosw@hotmail.com","+593.987980677","","Freddy Maila","None","Quito","Quito","P","170101","Ecuador","fredosw@hotmail.com","+593.987980677","","Freddy Maila","None","Quito","Quito","P","170101","Ecuador","fredosw@hotmail.com","+593.987980677","","","","","","","","","","","","ns6425.hostgator.com","ns6426.hostgator.com","","","clientTransferProhibited","","",""
"58","getthefacemask.com","2020-05-06 21:10:28","2020-05-04","2020-05-04","2021-05-04","146","GoDaddy.com, LLC","whois.godaddy.com","http://registrar.godaddy.com","","","","","Guayaquil","","Ecuador","","","","","","","","","","","","","","","","","","","","","","","","","","","","","","","","","","ns1.serverhostgroup.com","ns2.serverhostgroup.com","ns3.serverhostgroup.com","","clientDeleteProhibited","clientRenewProhibited","clientTransferProhibited","clientUpdateProhibited"
"59","gooddeliveryec.com","2020-05-07 00:43:46","2020-05-04","2020-05-04","2021-05-04","146","GoDaddy.com, LLC","whois.godaddy.com","http://registrar.godaddy.com","Social Selling","Social Selling","","","Guayas","","Ecuador","","","","","","","","","","","","","","","","","","","","","","","","","","","","","","","","","","ns29.domaincontrol.com","ns30.domaincontrol.com","","","clientDeleteProhibited","clientRenewProhibited","clientTransferProhibited","clientUpdateProhibited"
"60","hablemosfitness.com","2020-05-06 21:12:22","2020-05-04","2020-05-04","2021-05-04","146","GoDaddy.com, LLC","whois.godaddy.com","http://registrar.godaddy.com","Vitauro CIA LTDA","Vitauro CIA LTDA","","","Guayas","","Ecuador","","","","","","","","","","","","","","","","","","","","","","","","","","","","","","","","","","ns63.domaincontrol.com","ns64.domaincontrol.com","","","clientDeleteProhibited","clientRenewProhibited","clientTransferProhibited","clientUpdateProhibited"
"61","harmony-education.com","2020-05-06 20:59:16","2020-05-04","2020-05-04","2021-05-04","146","GoDaddy.com, LLC","whois.godaddy.com","http://registrar.godaddy.com","","","","","Pichincha","","Ecuador","","","","","","","","","","","","","","","","","","","","","","","","","","","","","","","","","","ns-us.1and1-dns.com","ns-us.1and1-dns.de","ns-us.1and1-dns.org","ns-us.1and1-dns.us","clientDeleteProhibited","clientRenewProhibited","clientTransferProhibited","clientUpdateProhibited"
"62","hastacasaonline.com","2020-05-06 21:40:10","2020-05-05","2020-05-05","2021-05-05","146","GoDaddy.com, LLC","whois.godaddy.com","http://registrar.godaddy.com","","","","","Guayas","","Ecuador","","","","","","","","","","","","","","","","","","","","","","","","","","","","","","","","","","josh.ns.cloudflare.com","melissa.ns.cloudflare.com","","","clientDeleteProhibited","clientRenewProhibited","clientTransferProhibited","clientUpdateProhibited"
"63","heladosrociodesalcedo.com","2020-05-07 01:01:15","2020-05-04","2020-05-04","2021-05-04","146","GoDaddy.com, LLC","whois.godaddy.com","http://registrar.godaddy.com","Helados Rocio","Helados Rocio","","","Cotopaxi","","Ecuador","","","","","","","","","","","","","","","","","","","","","","","","","","","","","","","","","","ns77.domaincontrol.com","ns78.domaincontrol.com","","","clientDeleteProhibited","clientRenewProhibited","clientTransferProhibited","clientUpdateProhibited"
"64","herreraestudio.com","2020-05-07 00:29:25","2020-05-05","2020-05-05","2021-05-05","146","GoDaddy.com, LLC","whois.godaddy.com","http://registrar.godaddy.com","","","","","Pichincha","","Ecuador","","","","","","","","","","","","","","","","","","","","","","","","","","","","","","","","","","ns41.domaincontrol.com","ns42.domaincontrol.com","","","clientDeleteProhibited","clientRenewProhibited","clientTransferProhibited","clientUpdateProhibited"
"65","horatungurahua.com","2020-05-07 01:12:22","2020-05-04","2020-05-04","2021-05-04","303","PDR Ltd. d/b/a PublicDomainRegistry.com","whois.publicdomainregistry.com","http://www.publicdomainregistry.com","Miguel Alejandro Cabrera Tobar","Click Comunicacion Integral","Rocafuerte y Fernandez","Ambato","Tungurahua","180103","Ecuador","miguelcabreratobar@gmail.com","+593.995803339","","Miguel Alejandro Cabrera Tobar","Click Comunicacion Integral","Rocafuerte y Fernandez","Ambato","Tungurahua","180103","Ecuador","miguelcabreratobar@gmail.com","+593.995803339","","Miguel Alejandro Cabrera Tobar","Click Comunicacion Integral","Rocafuerte y Fernandez","Ambato","Tungurahua","180103","Ecuador","miguelcabreratobar@gmail.com","+593.995803339","","","","","","","","","","","","ns1.sitiosrapidos.com","ns2.sitiosrapidos.com","","","clientTransferProhibited","","",""
"66","hugonugra.com","2020-05-06 23:07:59","2020-05-05","2020-05-05","2021-05-05","69","Tucows Domains Inc.","whois.tucows.com","http://domainhelp.opensrs.net","REDACTED FOR PRIVACY","REDACTED FOR PRIVACY","REDACTED FOR PRIVACY","REDACTED FOR PRIVACY","MS","REDACTED FOR PRIVACY","Ecuador","","REDACTED FOR PRIVACY","REDACTED FOR PRIVACY","REDACTED FOR PRIVACY","REDACTED FOR PRIVACY","REDACTED FOR PRIVACY","REDACTED FOR PRIVACY","REDACTED FOR PRIVACY","REDACTED FOR PRIVACY","REDACTED FOR PRIVACY","","REDACTED FOR PRIVACY","REDACTED FOR PRIVACY","REDACTED FOR PRIVACY","REDACTED FOR PRIVACY","REDACTED FOR PRIVACY","REDACTED FOR PRIVACY","REDACTED FOR PRIVACY","REDACTED FOR PRIVACY","REDACTED FOR PRIVACY","","REDACTED FOR PRIVACY","REDACTED FOR PRIVACY","","","","","","","","","","","ns1.site4now.net","ns2.site4now.net","ns3.site4now.net","","OK","","",""
"67","ideas-ec.com","2020-05-06 23:36:58","2020-05-05","2020-05-05","2021-05-05","303","PDR Ltd. d/b/a PublicDomainRegistry.com","whois.publicdomainregistry.com","http://www.publicdomainregistry.com","Ramiro Regalado","Mader","Carlos","Quito","Pichincha","170856","Ecuador","frank_nicoger@hotmail.com","+593.0979421079","","Ramiro Regalado","Mader","Carlos","Quito","Pichincha","170856","Ecuador","frank_nicoger@hotmail.com","+593.0979421079","","Ramiro Regalado","Mader","Carlos","Quito","Pichincha","170856","Ecuador","frank_nicoger@hotmail.com","+593.0979421079","","","","","","","","","","","","ns1.gohsphere.com","ns2.gohsphere.com","","","clientTransferProhibited","","",""
"68","ingridbravoruiz.com","2020-05-07 00:19:16","2020-05-05","2020-05-05","2021-05-05","303","PDR Ltd. d/b/a PublicDomainRegistry.com","whois.publicdomainregistry.com","http://www.publicdomainregistry.com","Jonatan Leon Gavilanez","VLO GROUP S.A.","Cdla La Garzota Mz 243 Solar 17 Ruc:0923104681001","Guayaquil","Guayas","090603","Ecuador","jonathan.e.leon@gmail.com","+593.991789313","","Jonatan Leon Gavilanez","VLO GROUP S.A.","Cdla La Garzota Mz 243 Solar 17 Ruc:0923104681001","Guayaquil","Guayas","090603","Ecuador","jonathan.e.leon@gmail.com","+593.991789313","","Jonatan Leon Gavilanez","VLO GROUP S.A.","Cdla La Garzota Mz 243 Solar 17 Ruc:0923104681001","Guayaquil","Guayas","090603","Ecuador","jonathan.e.leon@gmail.com","+593.991789313","","","","","","","","","","","","ns1.xyz.ec","ns2.xyz.ec","","","clientTransferProhibited","","",""
"69","inmunizacion-healthy.com","2020-05-06 21:00:53","2020-05-04","2020-05-05","2021-05-04","303","PDR Ltd. d/b/a PublicDomainRegistry.com","whois.publicdomainregistry.com","http://www.publicdomainregistry.com","Bryan Castillo","Health Care Services","Oe7a N31-145 y mariana de jesus","Quito","Pichincha","170176","Ecuador","bcastillo@healthy.com.ec","+593.995316668","","Bryan Castillo","Health Care Services","Oe7a N31-145 y mariana de jesus","Quito","Pichincha","170176","Ecuador","bcastillo@healthy.com.ec","+593.995316668","","Bryan Castillo","Health Care Services","Oe7a N31-145 y mariana de jesus","Quito","Pichincha","170176","Ecuador","bcastillo@healthy.com.ec","+593.995316668","","","","","","","","","","","","ns1.inmunizacion-healthy.com","ns2.inmunizacion-healthy.com","","","clientTransferProhibited","","",""
"70","inntibrewery.com","2020-05-07 01:14:46","2020-05-04","2020-05-04","2022-05-04","146","GoDaddy.com, LLC","whois.godaddy.com","http://registrar.godaddy.com","","","","","azuay","","Ecuador","","","","","","","","","","","","","","","","","","","","","","","","","","","","","","","","","","ns41.domaincontrol.com","ns42.domaincontrol.com","","","clientDeleteProhibited","clientRenewProhibited","clientTransferProhibited","clientUpdateProhibited"
"71","jevidragon.com","2020-05-06 20:25:07","2020-05-05","2020-05-05","2021-05-05","955","Launchpad, Inc.","whois.launchpad.com","http://www.launchpad.com","Jeffry  Delgado","None","Av. Reinaldo espinoza y calle S/N","Loja","L","110111","Ecuador","jeffdrag-xviii@hotmail.com","+593.23732480","","Jeffry  Delgado","None","Av. Reinaldo espinoza y calle S/N","Loja","L","110111","Ecuador","jeffdrag-xviii@hotmail.com","+593.23732480","","Jeffry  Delgado","None","Av. Reinaldo espinoza y calle S/N","Loja","L","110111","Ecuador","jeffdrag-xviii@hotmail.com","+593.23732480","","","","","","","","","","","","ns6237.hostgator.com","ns6238.hostgator.com","","","clientTransferProhibited","","",""
"72","jgtecnologia-electrodomesticos.com","2020-05-07 00:44:41","2020-05-04","2020-05-05","2021-05-04","69","Tucows Domains Inc.","whois.tucows.com","http://domainhelp.opensrs.net","REDACTED FOR PRIVACY","REDACTED FOR PRIVACY","REDACTED FOR PRIVACY","REDACTED FOR PRIVACY","XX","REDACTED FOR PRIVACY","Ecuador","","REDACTED FOR PRIVACY","REDACTED FOR PRIVACY","REDACTED FOR PRIVACY","REDACTED FOR PRIVACY","REDACTED FOR PRIVACY","REDACTED FOR PRIVACY","REDACTED FOR PRIVACY","REDACTED FOR PRIVACY","REDACTED FOR PRIVACY","","REDACTED FOR PRIVACY","REDACTED FOR PRIVACY","REDACTED FOR PRIVACY","REDACTED FOR PRIVACY","REDACTED FOR PRIVACY","REDACTED FOR PRIVACY","REDACTED FOR PRIVACY","REDACTED FOR PRIVACY","REDACTED FOR PRIVACY","","REDACTED FOR PRIVACY","REDACTED FOR PRIVACY","","","","","","","","","","","ns1.giow1076.siteground.us","ns2.giow1076.siteground.us","","","clientTransferProhibited","clientUpdateProhibited","",""
"73","jonnysintriago.com","2020-05-07 00:32:49","2020-05-05","2020-05-05","2021-05-05","146","GoDaddy.com, LLC","whois.godaddy.com","http://registrar.godaddy.com","","","","","Guayas","","Ecuador","","","","","","","","","","","","","","","","","","","","","","","","","","","","","","","","","","ns63.domaincontrol.com","ns64.domaincontrol.com","","","OK","","",""
"74","jostamigroup.com","2020-05-06 21:42:59","2020-05-05","2020-05-05","2021-05-05","955","Launchpad, Inc.","whois.launchpad.com","http://www.launchpad.com","Welington Gomez","None","espanol","Nobol","G","091906","Ecuador","wagm_19@live.com","+593.939329152","","Welington Gomez","None","espanol","Nobol","G","091906","Ecuador","wagm_19@live.com","+593.939329152","","Welington Gomez","None","espanol","Nobol","G","091906","Ecuador","wagm_19@live.com","+593.939329152","","","","","","","","","","","","ns6283.hostgator.com","ns6284.hostgator.com","","","clientTransferProhibited","","",""
"75","jpsbroker.com","2020-05-06 21:54:37","2020-05-04","2020-05-04","2023-05-04","146","GoDaddy.com, LLC","whois.godaddy.com","http://registrar.godaddy.com","JPS BROKER DE SEGUROS","JPS BROKER DE SEGUROS","","","Azuay","","Ecuador","","","","","","","","","","","","","","","","","","","","","","","","","","","","","","","","","","ns500.ecuahosting.net","ns501.ecuahosting.net","","","clientDeleteProhibited","clientRenewProhibited","clientTransferProhibited","clientUpdateProhibited"
"76","kreahosting.com","2020-05-07 00:51:25","2020-05-04","2020-05-04","2021-05-04","146","GoDaddy.com, LLC","whois.godaddy.com","http://registrar.godaddy.com","","","","","Provincia","","Ecuador","","","","","","","","","","","","","","","","","","","","","","","","","","","","","","","","","","ns49.domaincontrol.com","ns50.domaincontrol.com","","","clientDeleteProhibited","clientRenewProhibited","clientTransferProhibited","clientUpdateProhibited"
"77","laepifaniacultural.com","2020-05-06 19:14:28","2020-05-04","2020-05-04","2021-05-04","955","Launchpad, Inc.","whois.launchpad.com","http://www.launchpad.com","belen  zapata","None","kennedy nueva, cdla sagrada familia calle b solar 9","guayaquil","G","090112","Ecuador","bazg_19@hotmail.com","+593.983874026","","belen  zapata","None","kennedy nueva, cdla sagrada familia calle b solar 9","guayaquil","G","090112","Ecuador","bazg_19@hotmail.com","+593.983874026","","belen  zapata","None","kennedy nueva, cdla sagrada familia calle b solar 9","guayaquil","G","090112","Ecuador","bazg_19@hotmail.com","+593.983874026","","","","","","","","","","","","ns8103.hostgator.com","ns8104.hostgator.com","","","clientTransferProhibited","","",""
"78","lahuecadepalo.com","2020-05-07 00:08:37","2020-05-05","2020-05-05","2021-05-05","146","GoDaddy.com, LLC","whois.godaddy.com","http://registrar.godaddy.com","","","","","Pichincha","","Ecuador","","","","","","","","","","","","","","","","","","","","","","","","","","","","","","","","","","ns41.domaincontrol.com","ns42.domaincontrol.com","","","clientDeleteProhibited","clientRenewProhibited","clientTransferProhibited","clientUpdateProhibited"
"79","laserimachala.com","2020-05-06 19:16:38","2020-05-05","2020-05-05","2022-05-05","146","GoDaddy.com, LLC","whois.godaddy.com","http://registrar.godaddy.com","Laseri Machakla","Laseri Machakla","","","El Oro","","Ecuador","","","","","","","","","","","","","","","","","","","","","","","","","","","","","","","","","","ns41.domaincontrol.com","ns42.domaincontrol.com","","","clientDeleteProhibited","clientRenewProhibited","clientTransferProhibited","clientUpdateProhibited"
"80","liderec.com","2020-05-06 23:27:05","2020-05-05","2020-05-05","2021-05-05","303","PDR Ltd. d/b/a PublicDomainRegistry.com","whois.publicdomainregistry.com","http://www.publicdomainregistry.com","Ramiro Regalado","Mader","Carlos","Quito","Pichincha","170856","Ecuador","frank_nicoger@hotmail.com","+593.0979421079","","Ramiro Regalado","Mader","Carlos","Quito","Pichincha","170856","Ecuador","frank_nicoger@hotmail.com","+593.0979421079","","Ramiro Regalado","Mader","Carlos","Quito","Pichincha","170856","Ecuador","frank_nicoger@hotmail.com","+593.0979421079","","","","","","","","","","","","ns1.gohsphere.com","ns2.gohsphere.com","","","clientTransferProhibited","","",""
"81","litchiloa.com","2020-05-07 00:03:50","2020-05-05","2020-05-05","2021-05-05","48","eNom, Inc.","whois.enom.com","http://www.enom.com","REDACTED FOR PRIVACY","REDACTED FOR PRIVACY","REDACTED FOR PRIVACY","REDACTED FOR PRIVACY","Pichincha","REDACTED FOR PRIVACY","Ecuador","","REDACTED FOR PRIVACY","REDACTED FOR PRIVACY","REDACTED FOR PRIVACY","REDACTED FOR PRIVACY","REDACTED FOR PRIVACY","REDACTED FOR PRIVACY","REDACTED FOR PRIVACY","REDACTED FOR PRIVACY","REDACTED FOR PRIVACY","","REDACTED FOR PRIVACY","REDACTED FOR PRIVACY","REDACTED FOR PRIVACY","REDACTED FOR PRIVACY","REDACTED FOR PRIVACY","REDACTED FOR PRIVACY","REDACTED FOR PRIVACY","REDACTED FOR PRIVACY","REDACTED FOR PRIVACY","","REDACTED FOR PRIVACY","REDACTED FOR PRIVACY","","","","","","","","","","","ns5.awardspace.com","ns6.awardspace.com","","","addPeriod","clientTransferProhibited","",""
"82","llevaloatucasa.com","2020-05-06 21:00:38","2020-05-04","2020-05-04","2021-05-04","69","Tucows Domains Inc.","whois.tucows.com","http://domainhelp.opensrs.net","REDACTED FOR PRIVACY","REDACTED FOR PRIVACY","REDACTED FOR PRIVACY","REDACTED FOR PRIVACY","XX","REDACTED FOR PRIVACY","Ecuador","","REDACTED FOR PRIVACY","REDACTED FOR PRIVACY","REDACTED FOR PRIVACY","REDACTED FOR PRIVACY","REDACTED FOR PRIVACY","REDACTED FOR PRIVACY","REDACTED FOR PRIVACY","REDACTED FOR PRIVACY","REDACTED FOR PRIVACY","","REDACTED FOR PRIVACY","REDACTED FOR PRIVACY","REDACTED FOR PRIVACY","REDACTED FOR PRIVACY","REDACTED FOR PRIVACY","REDACTED FOR PRIVACY","REDACTED FOR PRIVACY","REDACTED FOR PRIVACY","REDACTED FOR PRIVACY","","REDACTED FOR PRIVACY","REDACTED FOR PRIVACY","","","","","","","","","","","ns1.giow1083.siteground.us","ns2.giow1083.siteground.us","","","clientTransferProhibited","clientUpdateProhibited","",""
"83","maestroalfonsomagianegrayblanca.com","2020-05-07 00:20:18","2020-05-05","2020-05-05","2021-05-05","303","PDR Ltd. d/b/a PublicDomainRegistry.com","whois.publicdomainregistry.com","http://www.publicdomainregistry.com","Jose Reynel","","Calle 67 sur Oriente Quito, 110302334563 Quito","Quito","Loja","110302","Ecuador","elgranmaestroalfonsoreinel@gmail.com","+593.593989569657","","Jose Reynel","","Calle 67 sur Oriente Quito, 110302334563 Quito","Quito","Loja","110302","Ecuador","elgranmaestroalfonsoreinel@gmail.com","+593.593989569657","","Jose Reynel","","Calle 67 sur Oriente Quito, 110302334563 Quito","Quito","Loja","110302","Ecuador","elgranmaestroalfonsoreinel@gmail.com","+593.593989569657","","","","","","","","","","","","ns20.hostgator.co","ns21.hostgator.co","","","clientTransferProhibited","","",""
"84","maestromoisesmagiareal.com","2020-05-06 19:19:26","2020-05-05","2020-05-05","2021-05-05","303","PDR Ltd. d/b/a PublicDomainRegistry.com","whois.publicdomainregistry.com","http://www.publicdomainregistry.com","Moises Alfonso","","Calle 123 quito loja, 11030237764 Quito5247","Quito","Loja","110302","Ecuador","elgranmaestroalfonso@gmail.com","+593.593994789312","","Moises Alfonso","","Calle 123 quito loja, 11030237764 Quito5247","Quito","Loja","110302","Ecuador","elgranmaestroalfonso@gmail.com","+593.593994789312","","Moises Alfonso","","Calle 123 quito loja, 11030237764 Quito5247","Quito","Loja","110302","Ecuador","elgranmaestroalfonso@gmail.com","+593.593994789312","","","","","","","","","","","","ns20.hostgator.co","ns21.hostgator.co","","","clientTransferProhibited","","",""
"85","maitemed.com","2020-05-06 21:24:48","2020-05-04","2020-05-04","2022-05-04","146","GoDaddy.com, LLC","whois.godaddy.com","http://registrar.godaddy.com","Freelancer","Freelancer","","","Pichincha","","Ecuador","","","","","","","","","","","","","","","","","","","","","","","","","","","","","","","","","","ns41.domaincontrol.com","ns42.domaincontrol.com","","","clientDeleteProhibited","clientRenewProhibited","clientTransferProhibited","clientUpdateProhibited"
"86","margonza.com","2020-05-06 21:35:03","2020-05-04","2020-05-04","2021-05-04","1387","1API GmbH","whois.1api.net","http://www.1api.net","REDACTED FOR PRIVACY","REDACTED FOR PRIVACY","REDACTED FOR PRIVACY","REDACTED FOR PRIVACY","El Oro","REDACTED FOR PRIVACY","Ecuador","","REDACTED FOR PRIVACY","","REDACTED FOR PRIVACY","REDACTED FOR PRIVACY","REDACTED FOR PRIVACY","REDACTED FOR PRIVACY","REDACTED FOR PRIVACY","REDACTED FOR PRIVACY","REDACTED FOR PRIVACY","","REDACTED FOR PRIVACY","","REDACTED FOR PRIVACY","REDACTED FOR PRIVACY","REDACTED FOR PRIVACY","REDACTED FOR PRIVACY","REDACTED FOR PRIVACY","REDACTED FOR PRIVACY","REDACTED FOR PRIVACY","","REDACTED FOR PRIVACY","","","","","","","","","","","","ns1.hostdom1000.com","ns2.hostdom1000.com","","","clientTransferProhibited","","",""
"87","marketersecuador.com","2020-05-06 21:00:42","2020-05-04","2020-05-04","2021-05-04","146","GoDaddy.com, LLC","whois.godaddy.com","http://registrar.godaddy.com","Marketers Ecuador","Marketers Ecuador","","","Guayas","","Ecuador","","","","","","","","","","","","","","","","","","","","","","","","","","","","","","","","","","ns63.domaincontrol.com","ns64.domaincontrol.com","","","clientDeleteProhibited","clientRenewProhibited","clientTransferProhibited","clientUpdateProhibited"
"88","marketingemprendedordigital.com","2020-05-06 23:12:43","2020-05-05","2020-05-05","2021-05-05","69","Tucows Domains Inc.","whois.tucows.com","http://domainhelp.opensrs.net","REDACTED FOR PRIVACY","REDACTED FOR PRIVACY","REDACTED FOR PRIVACY","REDACTED FOR PRIVACY","XX","REDACTED FOR PRIVACY","Ecuador","","REDACTED FOR PRIVACY","REDACTED FOR PRIVACY","REDACTED FOR PRIVACY","REDACTED FOR PRIVACY","REDACTED FOR PRIVACY","REDACTED FOR PRIVACY","REDACTED FOR PRIVACY","REDACTED FOR PRIVACY","REDACTED FOR PRIVACY","","REDACTED FOR PRIVACY","REDACTED FOR PRIVACY","REDACTED FOR PRIVACY","REDACTED FOR PRIVACY","REDACTED FOR PRIVACY","REDACTED FOR PRIVACY","REDACTED FOR PRIVACY","REDACTED FOR PRIVACY","REDACTED FOR PRIVACY","","REDACTED FOR PRIVACY","REDACTED FOR PRIVACY","","","","","","","","","","","ns1.giow1084.siteground.us","ns2.giow1084.siteground.us","","","clientTransferProhibited","clientUpdateProhibited","",""
"89","markmoneyglobal.com","2020-05-06 23:48:45","2020-05-05","2020-05-05","2021-05-05","146","GoDaddy.com, LLC","whois.godaddy.com","http://registrar.godaddy.com","Mark Money","Mark Money","","","Guayas","","Ecuador","","","","","","","","","","","","","","","","","","","","","","","","","","","","","","","","","","ns77.domaincontrol.com","ns78.domaincontrol.com","","","clientDeleteProhibited","clientRenewProhibited","clientTransferProhibited","clientUpdateProhibited"
"90","masttermail.com","2020-05-07 00:18:24","2020-05-05","2020-05-05","2021-05-05","48","eNom, Inc.","whois.enom.com","http://www.enom.com","REDACTED FOR PRIVACY","REDACTED FOR PRIVACY","REDACTED FOR PRIVACY","REDACTED FOR PRIVACY","Pichincha","REDACTED FOR PRIVACY","Ecuador","","REDACTED FOR PRIVACY","REDACTED FOR PRIVACY","REDACTED FOR PRIVACY","REDACTED FOR PRIVACY","REDACTED FOR PRIVACY","REDACTED FOR PRIVACY","REDACTED FOR PRIVACY","REDACTED FOR PRIVACY","REDACTED FOR PRIVACY","","REDACTED FOR PRIVACY","REDACTED FOR PRIVACY","REDACTED FOR PRIVACY","REDACTED FOR PRIVACY","REDACTED FOR PRIVACY","REDACTED FOR PRIVACY","REDACTED FOR PRIVACY","REDACTED FOR PRIVACY","REDACTED FOR PRIVACY","","REDACTED FOR PRIVACY","REDACTED FOR PRIVACY","","","","","","","","","","","ns3.ambarhosting.com","ns4.ambarhosting.com","","","addPeriod","clientTransferProhibited","",""
"91","meacolitas.com","2020-05-06 21:54:18","2020-05-04","2020-05-04","2021-05-04","955","Launchpad, Inc.","whois.launchpad.com","http://www.launchpad.com","Marcelo Mejia","None","Gran Colombia 1573 Queseras del Medio","Quito","P","170403","Ecuador","marcelomejiaec@yahoo.es","+593.999922297","","Marcelo Mejia","None","Gran Colombia 1573 Queseras del Medio","Quito","P","170403","Ecuador","marcelomejiaec@yahoo.es","+593.999922297","","Marcelo Mejia","None","Gran Colombia 1573 Queseras del Medio","Quito","P","170403","Ecuador","marcelomejiaec@yahoo.es","+593.999922297","","","","","","","","","","","","ns6279.hostgator.com","ns6280.hostgator.com","","","clientTransferProhibited","","",""
"92","medydr.com","2020-05-07 00:04:11","2020-05-05","2020-05-05","2023-05-05","303","PDR Ltd. d/b/a PublicDomainRegistry.com","whois.publicdomainregistry.com","http://www.publicdomainregistry.com","Jose Eduardo Rodriguez Zambrano","JOSE EDUARDO RODRIGUEZ ZAMBRANO","Cdla Fae - Av Plaza Danin","Guayaquil","Guayas","EC090112","Ecuador","artificeecuador@gmail.com","+593.0996511276","","Jose Eduardo Rodriguez Zambrano","JOSE EDUARDO RODRIGUEZ ZAMBRANO","Cdla Fae - Av Plaza Danin","Guayaquil","Guayas","EC090112","Ecuador","artificeecuador@gmail.com","+593.0996511276","","Jose Eduardo Rodriguez Zambrano","JOSE EDUARDO RODRIGUEZ ZAMBRANO","Cdla Fae - Av Plaza Danin","Guayaquil","Guayas","EC090112","Ecuador","artificeecuador@gmail.com","+593.0996511276","","","","","","","","","","","","ns1.privateproduct.org","ns2.privateproduct.org","","","clientTransferProhibited","","",""
"93","miabasto.com","2020-05-07 00:46:13","2020-05-04","2020-05-04","2021-05-04","146","GoDaddy.com, LLC","whois.godaddy.com","http://registrar.godaddy.com","Widboo","Widboo","","","Pichincha","","Ecuador","","","","","","","","","","","","","","","","","","","","","","","","","","","","","","","","","","ns29.domaincontrol.com","ns30.domaincontrol.com","","","clientDeleteProhibited","clientRenewProhibited","clientTransferProhibited","clientUpdateProhibited"
"94","miamipropertiesrents.com","2020-05-07 00:12:29","2020-05-05","","2021-05-05","1068","NameCheap, Inc.","whois.namecheap.com","http://www.namecheap.com","Daniel Santillan","sg3000","chuquisaca los Cedros","Quito","pichincha","170505","Ecuador","dannosan@gmail.com","+593.984042770","","Daniel Santillan","sg3000","chuquisaca los Cedros","Quito","pichincha","170505","Ecuador","dannosan@gmail.com","+593.984042770","","Daniel Santillan","sg3000","chuquisaca los Cedros","Quito","pichincha","170505","Ecuador","dannosan@gmail.com","+593.984042770","","","","","","","","","","","","ns1.server5-interactuaclub.com","ns2.server5-interactuaclub.com","","","clientTransferProhibited","","",""
"95","micasaec.com","2020-05-07 00:20:09","2020-05-05","","2021-05-05","1068","NameCheap, Inc.","whois.namecheap.com","http://www.namecheap.com","Grace Tamara Vinueza Faz","","Salinas n17-33 Bogota","Quito","Pichincha","170605","Ecuador","tamy-nena2011@hotmail.com","+593.998926818","","Grace Tamara Vinueza Faz","","Salinas n17-33 Bogota","Quito","Pichincha","170605","Ecuador","tamy-nena2011@hotmail.com","+593.998926818","","Grace Tamara Vinueza Faz","","Salinas n17-33 Bogota","Quito","Pichincha","170605","Ecuador","tamy-nena2011@hotmail.com","+593.998926818","","","","","","","","","","","","ns1.server5-interactuaclub.com","ns2.server5-interactuaclub.com","","","clientTransferProhibited","","",""
"96","mistercuentas.com","2020-05-06 20:40:38","2020-05-04","2020-05-04","2021-05-04","146","GoDaddy.com, LLC","whois.godaddy.com","http://registrar.godaddy.com","Bonex","Bonex","","","Guayas","","Ecuador","","","","","","","","","","","","","","","","","","","","","","","","","","","","","","","","","","nola.ns.cloudflare.com","oswald.ns.cloudflare.com","","","clientDeleteProhibited","clientRenewProhibited","clientTransferProhibited","clientUpdateProhibited"
"97","morpheusec.com","2020-05-07 00:30:36","2020-05-05","2020-05-05","2021-05-05","955","Launchpad, Inc.","whois.launchpad.com","http://www.launchpad.com","Henry Guerra","None","Quito","Quito","P","170702","Ecuador","morpheusec@gmail.com","+593.999258302","","Henry Guerra","None","Quito","Quito","P","170702","Ecuador","morpheusec@gmail.com","+593.999258302","","Henry Guerra","None","Quito","Quito","P","170702","Ecuador","morpheusec@gmail.com","+593.999258302","","","","","","","","","","","","ns8137.hostgator.com","ns8138.hostgator.com","","","clientTransferProhibited","","",""
"98","muevetebacan.com","2020-05-07 00:35:22","2020-05-05","2020-05-05","2021-05-05","146","GoDaddy.com, LLC","whois.godaddy.com","http://registrar.godaddy.com","","","","","Pichincha","","Ecuador","","","","","","","","","","","","","","","","","","","","","","","","","","","","","","","","","","ns77.domaincontrol.com","ns78.domaincontrol.com","","","clientDeleteProhibited","clientRenewProhibited","clientTransferProhibited","clientUpdateProhibited"
"99","mybabypure.com","2020-05-07 00:19:20","2020-05-05","2020-05-05","2022-05-05","146","GoDaddy.com, LLC","whois.godaddy.com","http://registrar.godaddy.com","Fit Key Ecuador S.A.","Fit Key Ecuador S.A.","","","Pichincha","","Ecuador","","","","","","","","","","","","","","","","","","","","","","","","","","","","","","","","","","ns63.domaincontrol.com","ns64.domaincontrol.com","","","clientDeleteProhibited","clientRenewProhibited","clientTransferProhibited","clientUpdateProhibited"
"100","nativadigitalmedia.com","2020-05-07 00:35:07","2020-05-05","2020-05-05","2021-05-05","69","Tucows Domains Inc.","whois.tucows.com","http://domainhelp.opensrs.net","REDACTED FOR PRIVACY","REDACTED FOR PRIVACY","REDACTED FOR PRIVACY","REDACTED FOR PRIVACY","XX","REDACTED FOR PRIVACY","Ecuador","","REDACTED FOR PRIVACY","REDACTED FOR PRIVACY","REDACTED FOR PRIVACY","REDACTED FOR PRIVACY","REDACTED FOR PRIVACY","REDACTED FOR PRIVACY","REDACTED FOR PRIVACY","REDACTED FOR PRIVACY","REDACTED FOR PRIVACY","","REDACTED FOR PRIVACY","REDACTED FOR PRIVACY","REDACTED FOR PRIVACY","REDACTED FOR PRIVACY","REDACTED FOR PRIVACY","REDACTED FOR PRIVACY","REDACTED FOR PRIVACY","REDACTED FOR PRIVACY","REDACTED FOR PRIVACY","","REDACTED FOR PRIVACY","REDACTED FOR PRIVACY","","","","","","","","","","","ns1.giow1084.siteground.us","ns2.giow1084.siteground.us","","","clientTransferProhibited","clientUpdateProhibited","",""
"101","nblrpuestosyservicios.com","2020-05-07 01:10:48","2020-05-04","2020-05-04","2021-05-04","955","Launchpad, Inc.","whois.launchpad.com","http://www.launchpad.com","Henrry Vicente Bajana Armijos","None","Tulcan 103 Baquerizo moreno","Milagro","G","091701","Ecuador","henba1979@gmail.com","+593.994081357","","Henrry Vicente Bajana Armijos","None","Tulcan 103 Baquerizo moreno","Milagro","G","091701","Ecuador","henba1979@gmail.com","+593.994081357","","Henrry Vicente Bajana Armijos","None","Tulcan 103 Baquerizo moreno","Milagro","G","091701","Ecuador","henba1979@gmail.com","+593.994081357","","","","","","","","","","","","ns8137.hostgator.com","ns8138.hostgator.com","","","clientTransferProhibited","","",""
"102","newport-ec.com","2020-05-07 00:57:41","2020-05-04","2020-05-04","2021-05-04","146","GoDaddy.com, LLC","whois.godaddy.com","http://registrar.godaddy.com","","","","","Pichincha","","Ecuador","","","","","","","","","","","","","","","","","","","","","","","","","","","","","","","","","","ns77.domaincontrol.com","ns78.domaincontrol.com","","","clientDeleteProhibited","clientRenewProhibited","clientTransferProhibited","clientUpdateProhibited"
"103","notrajesouvenirs.com","2020-05-06 20:45:21","2020-05-04","2020-05-04","2021-05-04","146","GoDaddy.com, LLC","whois.godaddy.com","http://registrar.godaddy.com","Tu Vuelta al Mundo","Tu Vuelta al Mundo","","","Pichincha","","Ecuador","","","","","","","","","","","","","","","","","","","","","","","","","","","","","","","","","","ns77.domaincontrol.com","ns78.domaincontrol.com","","","clientDeleteProhibited","clientRenewProhibited","clientTransferProhibited","clientUpdateProhibited"
"104","okbikeboy.com","2020-05-06 23:53:11","2020-05-05","2020-05-05","2021-05-05","1154","FastDomain Inc.","whois.fastdomain.com","http://www.fastdomain.com","ABDELRAHMAN FARAG","","CARCELEN","QUITO","","EC170201","Ecuador","abdufarag@yahoo.com","+593.990841132","","ABDELRAHMAN FARAG","","CARCELEN","QUITO","","EC170201","Ecuador","abdufarag@yahoo.com","+593.990841132","","BLUEHOST INC","BLUEHOST.COM","550 E TIMPANOGOS PKWY","OREM","UTAH","84097","United States","domain@redl.ca","+1.8017659400","+1.8017651992","","","","","","","","","","","ns1.bluehost.com","ns2.bluehost.com","","","clientTransferProhibited","","",""
"105","promodental-salud.com","2020-05-06 19:21:35","2020-05-05","2020-05-05","2021-05-05","303","PDR Ltd. d/b/a PublicDomainRegistry.com","whois.publicdomainregistry.com","http://www.publicdomainregistry.com","John Briones","","Ecuador Ecuador","Guayaquil","Guayas","090112","Ecuador","ultrasoft.btc@gmail.com","+593.958938307","","John Briones","","Ecuador Ecuador","Guayaquil","Guayas","090112","Ecuador","ultrasoft.btc@gmail.com","+593.958938307","","John Briones","","Ecuador Ecuador","Guayaquil","Guayas","090112","Ecuador","ultrasoft.btc@gmail.com","+593.958938307","","","","","","","","","","","","ns1.md-plesk-web8.webhostbox.net","ns2.md-plesk-web8.webhostbox.net","","","clientTransferProhibited","","",""
"106","publicidadceronline.com","2020-05-06 22:33:13","2020-05-05","2020-05-05","2021-05-05","303","PDR Ltd. d/b/a PublicDomainRegistry.com","whois.publicdomainregistry.com","http://www.publicdomainregistry.com","Jorge Jefferson  Ceron Yunga","Publicidad CERON line","Oficina Principal Av. Guayas entre Pasaje y Boyaca","Machala","Azuay","070150","Ecuador","agenciamktjorgeceron@gmail.com","+593.988244988","","Jorge Jefferson  Ceron Yunga","Publicidad CERON line","Oficina Principal Av. Guayas entre Pasaje y Boyaca","Machala","Azuay","070150","Ecuador","agenciamktjorgeceron@gmail.com","+593.988244988","","Jorge Jefferson  Ceron Yunga","Publicidad CERON line","Oficina Principal Av. Guayas entre Pasaje y Boyaca","Machala","Azuay","070150","Ecuador","agenciamktjorgeceron@gmail.com","+593.988244988","","","","","","","","","","","","ns10.prodns.mx","ns11.prodns.mx","","","clientTransferProhibited","","",""
"107","publicidadguayaquil.com","2020-05-07 00:20:31","2020-05-05","2020-05-05","2021-05-05","146","GoDaddy.com, LLC","whois.godaddy.com","http://registrar.godaddy.com","Publicidad en Redes Sociales Guayaquil","Publicidad en Redes Sociales Guayaquil","","","Guayas","","Ecuador","","","","","","","","","","","","","","","","","","","","","","","","","","","","","","","","","","ns41.domaincontrol.com","ns42.domaincontrol.com","","","clientDeleteProhibited","clientRenewProhibited","clientTransferProhibited","clientUpdateProhibited"
"108","puntorojoec.com","2020-05-06 23:42:07","2020-05-05","2020-05-05","2021-05-05","48","eNom, Inc.","whois.enom.com","http://www.enom.com","Redacted for privacy","Redacted for privacy","Redacted for privacy","Redacted for privacy","Imbabura","Redacted for privacy","Ecuador","","Redacted for privacy","Redacted for privacy","REDACTED FOR PRIVACY","REDACTED FOR PRIVACY","REDACTED FOR PRIVACY","REDACTED FOR PRIVACY","REDACTED FOR PRIVACY","REDACTED FOR PRIVACY","REDACTED FOR PRIVACY","","REDACTED FOR PRIVACY","REDACTED FOR PRIVACY","REDACTED FOR PRIVACY","REDACTED FOR PRIVACY","REDACTED FOR PRIVACY","REDACTED FOR PRIVACY","REDACTED FOR PRIVACY","REDACTED FOR PRIVACY","REDACTED FOR PRIVACY","","REDACTED FOR PRIVACY","REDACTED FOR PRIVACY","","","","","","","","","","","ns1.eicono.com","ns2.eicono.com","","","addPeriod","ok","",""
"109","ronmasoft.com","2020-05-06 23:59:19","2020-05-05","2020-05-05","2021-05-05","955","Launchpad, Inc.","whois.launchpad.com","http://www.launchpad.com","Gladys Ronquillo","Kodigor","San Blas 2 calle principal v y transversal p casa s41-81","Quito","P","170105","Ecuador","gladysronquillo@outlook.com","+593.985341343","","Gladys Ronquillo","Kodigor","San Blas 2 calle principal v y transversal p casa s41-81","Quito","P","170105","Ecuador","gladysronquillo@outlook.com","+593.985341343","","Gladys Ronquillo","Kodigor","San Blas 2 calle principal v y transversal p casa s41-81","Quito","P","170105","Ecuador","gladysronquillo@outlook.com","+593.985341343","","","","","","","","","","","","ns8011.hostgator.com","ns8012.hostgator.com","","","clientTransferProhibited","","",""
"110","saludysuelopelvico.com","2020-05-06 19:14:59","2020-05-04","2020-05-04","2021-05-04","955","Launchpad, Inc.","whois.launchpad.com","http://www.launchpad.com","johana  torres","None","ricardo saenz","quito","P","170503","Ecuador","johatorres01@gmail.com","+593.994340104","","johana  torres","None","ricardo saenz","quito","P","170503","Ecuador","johatorres01@gmail.com","+593.994340104","","johana  torres","None","ricardo saenz","quito","P","170503","Ecuador","johatorres01@gmail.com","+593.994340104","","","","","","","","","","","","ns6521.hostgator.com","ns6522.hostgator.com","","","clientTransferProhibited","","",""
"111","sanluistv-ec.com","2020-05-06 20:20:34","2020-05-05","2020-05-05","2021-05-05","303","PDR Ltd. d/b/a PublicDomainRegistry.com","whois.publicdomainregistry.com","http://www.publicdomainregistry.com","MARCELA DALILA ALEMAN HERNANDEZ","","AV DE LOS GRANADOS SN Y AV 6 DE DICIEMBRE CONJUNTO PARQUE REAL / EDIFICIO ABEDUL 10 / N DPTO 1063,","Quito","Pichincha","091860","Ecuador","paginaswebecuador@hotmail.com","+593.987543673","","MARCELA DALILA ALEMAN HERNANDEZ","","AV DE LOS GRANADOS SN Y AV 6 DE DICIEMBRE CONJUNTO PARQUE REAL / EDIFICIO ABEDUL 10 / N DPTO 1063,","Quito","Pichincha","091860","Ecuador","paginaswebecuador@hotmail.com","+593.987543673","","MARCELA DALILA ALEMAN HERNANDEZ","","AV DE LOS GRANADOS SN Y AV 6 DE DICIEMBRE CONJUNTO PARQUE REAL / EDIFICIO ABEDUL 10 / N DPTO 1063,","Quito","Pichincha","091860","Ecuador","paginaswebecuador@hotmail.com","+593.987543673","","","","","","","","","","","","ns1.hostingydominioecuador.com","ns2.hostingydominioecuador.com","","","clientTransferProhibited","","",""
"112","saosaludoportuna.com","2020-05-06 20:55:10","2020-05-04","2020-05-04","2021-05-04","48","eNom, Inc.","whois.enom.com","http://www.enom.com","REDACTED FOR PRIVACY","REDACTED FOR PRIVACY","REDACTED FOR PRIVACY","REDACTED FOR PRIVACY","Pichincha","REDACTED FOR PRIVACY","Ecuador","","REDACTED FOR PRIVACY","REDACTED FOR PRIVACY","REDACTED FOR PRIVACY","REDACTED FOR PRIVACY","REDACTED FOR PRIVACY","REDACTED FOR PRIVACY","REDACTED FOR PRIVACY","REDACTED FOR PRIVACY","REDACTED FOR PRIVACY","","REDACTED FOR PRIVACY","REDACTED FOR PRIVACY","REDACTED FOR PRIVACY","REDACTED FOR PRIVACY","REDACTED FOR PRIVACY","REDACTED FOR PRIVACY","REDACTED FOR PRIVACY","REDACTED FOR PRIVACY","REDACTED FOR PRIVACY","","REDACTED FOR PRIVACY","REDACTED FOR PRIVACY","","","","","","","","","","","ns3009.mochahost.com","ns4009.mochahost.com","","","addPeriod","clientTransferProhibited","",""
"113","seminarium-online.com","2020-05-06 21:01:51","2020-05-04","2020-05-04","2021-05-04","146","GoDaddy.com, LLC","whois.godaddy.com","http://registrar.godaddy.com","Mdmuller Group","Mdmuller Group","","","Pichincha","","Ecuador","","","","","","","","","","","","","","","","","","","","","","","","","","","","","","","","","","ns77.domaincontrol.com","ns78.domaincontrol.com","","","clientDeleteProhibited","clientRenewProhibited","clientTransferProhibited","clientUpdateProhibited"
"114","serviplomiersecuador.com","2020-05-07 00:53:40","2020-05-04","2020-05-04","2021-05-04","146","GoDaddy.com, LLC","whois.godaddy.com","http://registrar.godaddy.com","","","","","Pichincha","","Ecuador","","","","","","","","","","","","","","","","","","","","","","","","","","","","","","","","","","ns49.domaincontrol.com","ns50.domaincontrol.com","","","clientDeleteProhibited","clientRenewProhibited","clientTransferProhibited","clientUpdateProhibited"
"115","servisaludss.com","2020-05-06 20:45:30","2020-05-04","2020-05-04","2021-05-04","303","PDR Ltd. d/b/a PublicDomainRegistry.com","whois.publicdomainregistry.com","http://www.publicdomainregistry.com","Roger Achig","RJ Solutions","La Internacional","Quito","Pichincha","170601","Ecuador","rogerldu@gmail.com","+593.995135313","","Roger Achig","RJ Solutions","La Internacional","Quito","Pichincha","170601","Ecuador","rogerldu@gmail.com","+593.995135313","","Roger Achig","RJ Solutions","La Internacional","Quito","Pichincha","170601","Ecuador","rogerldu@gmail.com","+593.995135313","","","","","","","","","","","","ns1.hosting24.com","ns2.hosting24.com","","","clientTransferProhibited","","",""
"116","shopilite.com","2020-05-07 01:05:10","2020-05-04","2020-05-04","2021-05-04","146","GoDaddy.com, LLC","whois.godaddy.com","http://registrar.godaddy.com","","","","","Pichincha","","Ecuador","","","","","","","","","","","","","","","","","","","","","","","","","","","","","","","","","","ns41.domaincontrol.com","ns42.domaincontrol.com","","","clientDeleteProhibited","clientRenewProhibited","clientTransferProhibited","clientUpdateProhibited"
"117","spajurid.com","2020-05-06 21:49:11","2020-05-05","2020-05-05","2021-05-05","303","PDR Ltd. d/b/a PublicDomainRegistry.com","whois.publicdomainregistry.com","http://www.publicdomainregistry.com","Andres Moran Posligua","ESPECIALIDADES JURIDICAS S.A.","Av. 9 de Octubre 424 y Baquerizo Moreno, Edi. Gran Pasaje, Piso 4 Ofc. 404","Guayaquil","Guayas","EC190102","Ecuador","andres.moreira16@gmail.com","+593.0969435019","","Andres Moran Posligua","ESPECIALIDADES JURIDICAS S.A.","Av. 9 de Octubre 424 y Baquerizo Moreno, Edi. Gran Pasaje, Piso 4 Ofc. 404","Guayaquil","Guayas","EC190102","Ecuador","andres.moreira16@gmail.com","+593.0969435019","","Andres Moran Posligua","ESPECIALIDADES JURIDICAS S.A.","Av. 9 de Octubre 424 y Baquerizo Moreno, Edi. Gran Pasaje, Piso 4 Ofc. 404","Guayaquil","Guayas","EC190102","Ecuador","andres.moreira16@gmail.com","+593.0969435019","","","","","","","","","","","","ns1.ed4privatedns.com","ns2.ed4privatedns.com","ns3.ed4privatedns.com","ns4.ed4privatedns.com","clientTransferProhibited","","",""
"118","staxxcraftlatino.com","2020-05-06 19:32:31","2020-05-04","2020-05-04","2021-05-04","48","eNom, Inc.","whois.enom.com","http://www.enom.com","REDACTED FOR PRIVACY","REDACTED FOR PRIVACY","REDACTED FOR PRIVACY","REDACTED FOR PRIVACY","Azuay","REDACTED FOR PRIVACY","Ecuador","","REDACTED FOR PRIVACY","REDACTED FOR PRIVACY","REDACTED FOR PRIVACY","REDACTED FOR PRIVACY","REDACTED FOR PRIVACY","REDACTED FOR PRIVACY","REDACTED FOR PRIVACY","REDACTED FOR PRIVACY","REDACTED FOR PRIVACY","","REDACTED FOR PRIVACY","REDACTED FOR PRIVACY","REDACTED FOR PRIVACY","REDACTED FOR PRIVACY","REDACTED FOR PRIVACY","REDACTED FOR PRIVACY","REDACTED FOR PRIVACY","REDACTED FOR PRIVACY","REDACTED FOR PRIVACY","","REDACTED FOR PRIVACY","REDACTED FOR PRIVACY","","","","","","","","","","","ns5001.mochahost.com","ns6001.mochahost.com","","","addPeriod","clientTransferProhibited","",""
"119","sublimass.com","2020-05-07 01:13:52","2020-05-04","2020-05-04","2021-05-04","69","Tucows Domains Inc.","whois.tucows.com","http://domainhelp.opensrs.net","REDACTED FOR PRIVACY","REDACTED FOR PRIVACY","REDACTED FOR PRIVACY","REDACTED FOR PRIVACY","XX","REDACTED FOR PRIVACY","Ecuador","","REDACTED FOR PRIVACY","REDACTED FOR PRIVACY","REDACTED FOR PRIVACY","REDACTED FOR PRIVACY","REDACTED FOR PRIVACY","REDACTED FOR PRIVACY","REDACTED FOR PRIVACY","REDACTED FOR PRIVACY","REDACTED FOR PRIVACY","","REDACTED FOR PRIVACY","REDACTED FOR PRIVACY","REDACTED FOR PRIVACY","REDACTED FOR PRIVACY","REDACTED FOR PRIVACY","REDACTED FOR PRIVACY","REDACTED FOR PRIVACY","REDACTED FOR PRIVACY","REDACTED FOR PRIVACY","","REDACTED FOR PRIVACY","REDACTED FOR PRIVACY","","","","","","","","","","","ns1.giow1081.siteground.us","ns2.giow1081.siteground.us","","","clientTransferProhibited","clientUpdateProhibited","",""
"120","tendenciasdigitalesjl.com","2020-05-06 23:32:36","2020-05-05","2020-05-05","2021-05-05","955","Launchpad, Inc.","whois.launchpad.com","http://www.launchpad.com","jorge landivar","None","Urb Santa Maria de Casa Grande mz b v 20","Guayaquil","G","090602","Ecuador","jorgelandivarg10@gmail.com","+593.999281472","","jorge landivar","None","Urb Santa Maria de Casa Grande mz b v 20","Guayaquil","G","090602","Ecuador","jorgelandivarg10@gmail.com","+593.999281472","","jorge landivar","None","Urb Santa Maria de Casa Grande mz b v 20","Guayaquil","G","090602","Ecuador","jorgelandivarg10@gmail.com","+593.999281472","","","","","","","","","","","","ns8103.hostgator.com","ns8104.hostgator.com","","","clientTransferProhibited","","",""
"121","theblliardsrya.com","2020-05-06 20:44:05","2020-05-04","2020-05-04","2021-05-04","303","PDR Ltd. d/b/a PublicDomainRegistry.com","whois.publicdomainregistry.com","http://www.publicdomainregistry.com","Espana Quevedo","Billiards R y A","Manta flavio Reyes y calle 26","Manta","Manabi","130214","Ecuador","aicerg01@hotmail.com","+593.962960332","","Espana Quevedo","Billiards R y A","Manta flavio Reyes y calle 26","Manta","Manabi","130214","Ecuador","aicerg01@hotmail.com","+593.962960332","","Espana Quevedo","Billiards R y A","Manta flavio Reyes y calle 26","Manta","Manabi","130214","Ecuador","aicerg01@hotmail.com","+593.962960332","","","","","","","","","","","","ns1.americanhosting.domains","ns2.americanhosting.domains","ns3.americanhosting.domains","ns4.americanhosting.domains","clientTransferProhibited","","",""
"122","theshotmustgoon.com","2020-05-06 20:52:11","2020-05-04","2020-05-04","2021-05-04","955","Launchpad, Inc.","whois.launchpad.com","http://www.launchpad.com","Pedro Gonzalez","None","Villa Club, Etapa Doral, mz. 13, Vll. 22","La Aurora","G","091910","Ecuador","plgonzalezb@gmail.com","+593.969773213","","Pedro Gonzalez","None","Villa Club, Etapa Doral, mz. 13, Vll. 22","La Aurora","G","091910","Ecuador","plgonzalezb@gmail.com","+593.969773213","","Pedro Gonzalez","None","Villa Club, Etapa Doral, mz. 13, Vll. 22","La Aurora","G","091910","Ecuador","plgonzalezb@gmail.com","+593.969773213","","","","","","","","","","","","ns6237.hostgator.com","ns6238.hostgator.com","","","clientTransferProhibited","","",""
"123","tienda-ec.com","2020-05-07 01:07:43","2020-05-04","2020-05-04","2021-05-04","146","GoDaddy.com, LLC","whois.godaddy.com","http://registrar.godaddy.com","skytec","skytec","","","guayas","","Ecuador","","","","","","","","","","","","","","","","","","","","","","","","","","","","","","","","","","ns1.inmotionhosting.com","ns2.inmotionhosting.com","","","clientDeleteProhibited","clientRenewProhibited","clientTransferProhibited","clientUpdateProhibited"
"124","tiendadeideas1.com","2020-05-06 21:04:10","2020-05-04","2020-05-04","2021-05-04","146","GoDaddy.com, LLC","whois.godaddy.com","http://registrar.godaddy.com","SILVANA LEMA","SILVANA LEMA","","","QUITO","","Ecuador","","","","","","","","","","","","","","","","","","","","","","","","","","","","","","","","","","ns63.domaincontrol.com","ns64.domaincontrol.com","","","clientDeleteProhibited","clientRenewProhibited","clientTransferProhibited","clientUpdateProhibited"
"125","tiendamariarestrepo.com","2020-05-07 01:10:08","2020-05-04","2020-05-04","2021-05-04","106","Ascio Technologies, Inc. Danmark - Filial af Ascio technologies, Inc. USA","whois.ascio.com","http://www.ascio.com","Not Disclosed","Not Disclosed","Not Disclosed","Not Disclosed","","Not Disclosed","Ecuador","","Not Disclosed","Not Disclosed","Not Disclosed","Not Disclosed","Not Disclosed","Not Disclosed","Not Disclosed","Not Disclosed","Not Disclosed","","Not Disclosed","Not Disclosed","Not Disclosed","Not Disclosed","Not Disclosed","Not Disclosed","Not Disclosed","Not Disclosed","Not Disclosed","","Not Disclosed","Not Disclosed","","","","","","","","","","","dns1.123hjemmeside.dk","dns2.123hjemmeside.dk","dns3.123hjemmeside.dk","","OK","","",""
"126","turbotawseel.com","2020-05-06 22:58:11","2020-05-05","2020-05-05","2021-05-05","1154","FastDomain Inc.","whois.fastdomain.com","http://www.fastdomain.com","ABDELRAHMAN FARAG","","CARCELEN","QUITO","","EC170201","Ecuador","abdufarag@yahoo.com","+593.990841132","","ABDELRAHMAN FARAG","","CARCELEN","QUITO","","EC170201","Ecuador","abdufarag@yahoo.com","+593.990841132","","BLUEHOST INC","BLUEHOST.COM","550 E TIMPANOGOS PKWY","OREM","UTAH","84097","United States","domain@redl.ca","+1.8017659400","+1.8017651992","","","","","","","","","","","ns1.bluehost.com","ns2.bluehost.com","","","clientTransferProhibited","","",""
"127","ventasenlineaecuador.com","2020-05-06 19:35:24","2020-05-04","2020-05-04","2021-05-04","303","PDR Ltd. d/b/a PublicDomainRegistry.com","whois.publicdomainregistry.com","http://www.publicdomainregistry.com","Ayora Galo","Ayora Galo","10 de Agosto 3320","Quito","Pichincha","170121","Ecuador","galo.ayora@gmail.com","+593.26012378","","Ayora Galo","Ayora Galo","10 de Agosto 3320","Quito","Pichincha","170121","Ecuador","galo.ayora@gmail.com","+593.26012378","","Ayora Galo","Ayora Galo","10 de Agosto 3320","Quito","Pichincha","170121","Ecuador","galo.ayora@gmail.com","+593.26012378","","","","","","","","","","","","ns7.solo10.com","ns8.solo10.com","","","clientTransferProhibited","","",""
"128","viviendosingluten.com","2020-05-07 00:08:35","2020-05-05","2020-05-05","2021-05-05","1647","Hosting Concepts B.V. dba Openprovider","whois.registrar.eu","http://www.openprovider.com","REDACTED FOR PRIVACY","RR Marketing Digital","REDACTED FOR PRIVACY","REDACTED FOR PRIVACY","Pichincha","REDACTED FOR PRIVACY","Ecuador","","REDACTED FOR PRIVACY","REDACTED FOR PRIVACY","REDACTED FOR PRIVACY","REDACTED FOR PRIVACY","REDACTED FOR PRIVACY","REDACTED FOR PRIVACY","REDACTED FOR PRIVACY","REDACTED FOR PRIVACY","REDACTED FOR PRIVACY","","REDACTED FOR PRIVACY","REDACTED FOR PRIVACY","REDACTED FOR PRIVACY","REDACTED FOR PRIVACY","REDACTED FOR PRIVACY","REDACTED FOR PRIVACY","REDACTED FOR PRIVACY","REDACTED FOR PRIVACY","REDACTED FOR PRIVACY","","REDACTED FOR PRIVACY","REDACTED FOR PRIVACY","","","","","","","","","","","dns1.sered.net","dns2.sered.net","dns3.sered.net","dns4.sered.net","clientTransferProhibited","ok","",""
"129","vtfbodas.com","2020-05-07 00:08:17","2020-05-05","2020-05-05","2021-05-05","303","PDR Ltd. d/b/a PublicDomainRegistry.com","whois.publicdomainregistry.com","http://www.publicdomainregistry.com","MARIA CRISTINA SUAREZ SUASNAVAS","","Eugenio Espejo","QUITO","PICHINCHA","100485","Ecuador","info@vivetufiesta.ec","+593.992942575","","MARIA CRISTINA SUAREZ SUASNAVAS","","Eugenio Espejo","QUITO","PICHINCHA","100485","Ecuador","info@vivetufiesta.ec","+593.992942575","","MARIA CRISTINA SUAREZ SUASNAVAS","","Eugenio Espejo","QUITO","PICHINCHA","100485","Ecuador","info@vivetufiesta.ec","+593.992942575","","","","","","","","","","","","ns1.americanhosting.domains","ns2.americanhosting.domains","ns3.americanhosting.domains","ns4.americanhosting.domains","clientTransferProhibited","","",""
"130","vtfeventos.com","2020-05-07 00:08:22","2020-05-05","2020-05-05","2021-05-05","303","PDR Ltd. d/b/a PublicDomainRegistry.com","whois.publicdomainregistry.com","http://www.publicdomainregistry.com","MARIA CRISTINA SUAREZ SUASNAVAS","","Eugenio Espejo","QUITO","PICHINCHA","100485","Ecuador","info@vivetufiesta.ec","+593.992942575","","MARIA CRISTINA SUAREZ SUASNAVAS","","Eugenio Espejo","QUITO","PICHINCHA","100485","Ecuador","info@vivetufiesta.ec","+593.992942575","","MARIA CRISTINA SUAREZ SUASNAVAS","","Eugenio Espejo","QUITO","PICHINCHA","100485","Ecuador","info@vivetufiesta.ec","+593.992942575","","","","","","","","","","","","ns1.americanhosting.domains","ns2.americanhosting.domains","ns3.americanhosting.domains","ns4.americanhosting.domains","clientTransferProhibited","","",""
"131","wegodeliveryapp.com","2020-05-06 19:29:33","2020-05-05","2020-05-05","2022-05-05","146","GoDaddy.com, LLC","whois.godaddy.com","http://registrar.godaddy.com","Ninguna","Ninguna","","","Guayas","","Ecuador","","","","","","","","","","","","","","","","","","","","","","","","","","","","","","","","","","ns29.domaincontrol.com","ns30.domaincontrol.com","","","clientDeleteProhibited","clientRenewProhibited","clientTransferProhibited","clientUpdateProhibited"
"132","wondfo-covid19test.com","2020-05-07 01:07:33","2020-05-04","2020-05-04","2021-05-04","146","GoDaddy.com, LLC","whois.godaddy.com","http://registrar.godaddy.com","","","","","Pichincha","","Ecuador","","","","","","","","","","","","","","","","","","","","","","","","","","","","","","","","","","ns1.agsspanish.com","ns2.agsspanish.com","","","clientDeleteProhibited","clientRenewProhibited","clientTransferProhibited","clientUpdateProhibited"
"133","xn--mam180-rta.com","2020-05-07 00:08:35","2020-05-05","2020-05-05","2021-05-05","146","GoDaddy.com, LLC","whois.godaddy.com","http://registrar.godaddy.com","","","","","Pichincha","","Ecuador","","","","","","","","","","","","","","","","","","","","","","","","","","","","","","","","","","ns49.domaincontrol.com","ns50.domaincontrol.com","","","clientDeleteProhibited","clientRenewProhibited","clientTransferProhibited","clientUpdateProhibited"
"134","xtreme-spot.com","2020-05-07 00:08:31","2020-05-05","2020-05-05","2021-05-05","146","GoDaddy.com, LLC","whois.godaddy.com","http://registrar.godaddy.com","Nolliesoft","Nolliesoft","","","Ecuador","","Ecuador","","","","","","","","","","","","","","","","","","","","","","","","","","","","","","","","","","ns41.domaincontrol.com","ns42.domaincontrol.com","","","clientDeleteProhibited","clientRenewProhibited","clientTransferProhibited","clientUpdateProhibited"
"135","ycalidad.com","2020-05-06 21:40:26","2020-05-05","2020-05-05","2021-05-05","146","GoDaddy.com, LLC","whois.godaddy.com","http://registrar.godaddy.com","","","","","Guayas","","Ecuador","","","","","","","","","","","","","","","","","","","","","","","","","","","","","","","","","","ns29.domaincontrol.com","ns30.domaincontrol.com","","","clientDeleteProhibited","clientRenewProhibited","clientTransferProhibited","clientUpdateProhibited"
"136","yoummstore.com","2020-05-07 00:08:00","2020-05-05","2020-05-05","2021-05-05","303","PDR Ltd. d/b/a PublicDomainRegistry.com","whois.publicdomainregistry.com","http://www.publicdomainregistry.com","RFW TECHNOLOGY","RFW TECHNOLOGY","Unicentro Local 12","Guayaquil","Guayas","090112","Ecuador","mmtechnologyec@gmail.com","+593.995313031","","RFW TECHNOLOGY","RFW TECHNOLOGY","Unicentro Local 12","Guayaquil","Guayas","090112","Ecuador","mmtechnologyec@gmail.com","+593.995313031","","RFW TECHNOLOGY","RFW TECHNOLOGY","Unicentro Local 12","Guayaquil","Guayas","090112","Ecuador","mmtechnologyec@gmail.com","+593.995313031","","","","","","","","","","","","ns1.dns-parking.com","ns2.dns-parking.com","","","clientTransferProhibited","","",""
"137","zapiecuador.com","2020-05-06 21:10:27","2020-05-04","2020-05-04","2021-05-04","69","Tucows Domains Inc.","whois.tucows.com","http://domainhelp.opensrs.net","REDACTED FOR PRIVACY","REDACTED FOR PRIVACY","REDACTED FOR PRIVACY","REDACTED FOR PRIVACY","XX","REDACTED FOR PRIVACY","Ecuador","","REDACTED FOR PRIVACY","REDACTED FOR PRIVACY","REDACTED FOR PRIVACY","REDACTED FOR PRIVACY","REDACTED FOR PRIVACY","REDACTED FOR PRIVACY","REDACTED FOR PRIVACY","REDACTED FOR PRIVACY","REDACTED FOR PRIVACY","","REDACTED FOR PRIVACY","REDACTED FOR PRIVACY","REDACTED FOR PRIVACY","REDACTED FOR PRIVACY","REDACTED FOR PRIVACY","REDACTED FOR PRIVACY","REDACTED FOR PRIVACY","REDACTED FOR PRIVACY","REDACTED FOR PRIVACY","","REDACTED FOR PRIVACY","REDACTED FOR PRIVACY","","","","","","","","","","","ns1.giow22.siteground.us","ns2.giow22.siteground.us","","","clientTransferProhibited","clientUpdateProhibited","",""