"num","domain_name","query_time","create_date","update_date","expiry_date","domain_registrar_id","domain_registrar_name","domain_registrar_whois","domain_registrar_url","registrant_name","registrant_company","registrant_address","registrant_city","registrant_state","registrant_zip","registrant_country","registrant_email","registrant_phone","registrant_fax","administrative_name","administrative_company","administrative_address","administrative_city","administrative_state","administrative_zip","administrative_country","administrative_email","administrative_phone","administrative_fax","technical_name","technical_company","technical_address","technical_city","technical_state","technical_zip","technical_country","technical_email","technical_phone","technical_fax","billing_name","billing_company","billing_address","billing_city","billing_state","billing_zip","billing_country","billing_email","billing_phone","billing_fax","name_server_1","name_server_2","name_server_3","name_server_4","domain_status_1","domain_status_2","domain_status_3","domain_status_4"
"1","3azef2lklmat.com","2020-05-07 00:53:31","2020-05-04","2020-05-04","2021-05-04","146","GoDaddy.com, LLC","whois.godaddy.com","http://registrar.godaddy.com","","","","","Giza","","Egypt","","","","","","","","","","","","","","","","","","","","","","","","","","","","","","","","","","ns41.domaincontrol.com","ns42.domaincontrol.com","","","clientDeleteProhibited","clientRenewProhibited","clientTransferProhibited","clientUpdateProhibited"
"2","aeco-academy.com","2020-05-07 00:28:45","2020-05-05","2020-05-05","2021-05-05","146","GoDaddy.com, LLC","whois.godaddy.com","http://registrar.godaddy.com","ElSarha BIM","ElSarha BIM","","","Semouha","","Egypt","","","","","","","","","","","","","","","","","","","","","","","","","","","","","","","","","","ns77.domaincontrol.com","ns78.domaincontrol.com","","","clientDeleteProhibited","clientRenewProhibited","clientTransferProhibited","clientUpdateProhibited"
"3","al-manhag.com","2020-05-06 21:23:48","2020-05-04","2020-05-04","2021-05-04","303","PDR Ltd. d/b/a PublicDomainRegistry.com","whois.publicdomainregistry.com","http://www.publicdomainregistry.com","Hussein Mohamed Hassan Ibrahim","Al-manhag","4th Koustandy street, Shoubra","Cairo","Shoubra","11234","Egypt","husseinmh1@gmail.com","+20.1095566977","","Hussein Mohamed Hassan Ibrahim","Al-manhag","4th Koustandy street, Shoubra","Cairo","Shoubra","11234","Egypt","husseinmh1@gmail.com","+20.1095566977","","Hussein Mohamed Hassan Ibrahim","Al-manhag","4th Koustandy street, Shoubra","Cairo","Shoubra","11234","Egypt","husseinmh1@gmail.com","+20.1095566977","","","","","","","","","","","","ns1.hyperois.com","ns2.hyperois.com","","","clientTransferProhibited","","",""
"4","alamalshop.com","2020-05-06 22:25:24","2020-05-05","2020-05-05","2021-05-05","303","PDR Ltd. d/b/a PublicDomainRegistry.com","whois.publicdomainregistry.com","http://www.publicdomainregistry.com","mohamed mostafa","elamal","kerdasa shareea seyahe al amal shop","kerdasa","","00000","Egypt","elsood@live.com","+20.1281111566","","mohamed mostafa","elamal","kerdasa shareea seyahe al amal shop","kerdasa","","00000","Egypt","elsood@live.com","+20.1281111566","","mohamed mostafa","elamal","kerdasa shareea seyahe al amal shop","kerdasa","","00000","Egypt","elsood@live.com","+20.1281111566","","","","","","","","","","","","liz.ns.cloudflare.com","norman.ns.cloudflare.com","","","clientTransferProhibited","","",""
"5","albadragrico.com","2020-05-06 21:00:25","2020-05-04","2020-05-04","2021-05-04","146","GoDaddy.com, LLC","whois.godaddy.com","http://registrar.godaddy.com","","","","","Alsharqia","","Egypt","","","","","","","","","","","","","","","","","","","","","","","","","","","","","","","","","","ns29.domaincontrol.com","ns30.domaincontrol.com","","","clientDeleteProhibited","clientRenewProhibited","clientTransferProhibited","clientUpdateProhibited"
"6","aliktfaalmali.com","2020-05-06 23:50:10","2020-05-05","2020-05-05","2021-05-05","146","GoDaddy.com, LLC","whois.godaddy.com","http://registrar.godaddy.com","","","","","mansoura","","Egypt","","","","","","","","","","","","","","","","","","","","","","","","","","","","","","","","","","ns41.domaincontrol.com","ns42.domaincontrol.com","","","clientDeleteProhibited","clientRenewProhibited","clientTransferProhibited","clientUpdateProhibited"
"7","alqarar-eg.com","2020-05-06 21:24:48","2020-05-04","2020-05-04","2021-05-04","48","eNom, Inc.","whois.enom.com","http://www.enom.com","REDACTED FOR PRIVACY","REDACTED FOR PRIVACY","REDACTED FOR PRIVACY","REDACTED FOR PRIVACY","EGY","REDACTED FOR PRIVACY","Egypt","","REDACTED FOR PRIVACY","REDACTED FOR PRIVACY","REDACTED FOR PRIVACY","REDACTED FOR PRIVACY","REDACTED FOR PRIVACY","REDACTED FOR PRIVACY","REDACTED FOR PRIVACY","REDACTED FOR PRIVACY","REDACTED FOR PRIVACY","","REDACTED FOR PRIVACY","REDACTED FOR PRIVACY","REDACTED FOR PRIVACY","REDACTED FOR PRIVACY","REDACTED FOR PRIVACY","REDACTED FOR PRIVACY","REDACTED FOR PRIVACY","REDACTED FOR PRIVACY","REDACTED FOR PRIVACY","","REDACTED FOR PRIVACY","REDACTED FOR PRIVACY","","","","","","","","","","","ns1.exaservers.com","ns2.exaservers.com","ns3.exaservers.com","ns4.exaservers.com","addPeriod","clientTransferProhibited","",""
"8","alruwadrtc.com","2020-05-06 22:24:06","2020-05-05","2020-05-05","2021-05-05","146","GoDaddy.com, LLC","whois.godaddy.com","http://registrar.godaddy.com","","","","","Nasr City","","Egypt","","","","","","","","","","","","","","","","","","","","","","","","","","","","","","","","","","ns49.domaincontrol.com","ns50.domaincontrol.com","","","clientDeleteProhibited","clientRenewProhibited","clientTransferProhibited","clientUpdateProhibited"
"9","alsaadeg.com","2020-05-06 19:16:34","2020-05-05","2020-05-05","2021-05-05","146","GoDaddy.com, LLC","whois.godaddy.com","http://registrar.godaddy.com","","","","","Ontario","","Egypt","","","","","","","","","","","","","","","","","","","","","","","","","","","","","","","","","","ns77.domaincontrol.com","ns78.domaincontrol.com","","","clientDeleteProhibited","clientRenewProhibited","clientTransferProhibited","clientUpdateProhibited"
"10","alsardikids.com","2020-05-06 20:27:33","2020-05-05","2020-05-05","2021-05-05","146","GoDaddy.com, LLC","whois.godaddy.com","http://registrar.godaddy.com","","","","","dakahalia","","Egypt","","","","","","","","","","","","","","","","","","","","","","","","","","","","","","","","","","ns1.ofook.com","ns2.ofook.com","","","clientDeleteProhibited","clientRenewProhibited","clientTransferProhibited","clientUpdateProhibited"
"11","amrabdelghaffar.com","2020-05-06 19:23:29","2020-05-05","2020-05-05","2021-05-05","625","Name.com, Inc.","whois.name.com","http://www.name.com","Atef Marie","Edafa","Cairo","Cairo","Cairo","112111","Egypt","atef.marie2008@gmail.com","+20.1001182666","","Atef Marie","Edafa","Cairo","Cairo","Cairo","112111","Egypt","atef.marie2008@gmail.com","+20.1001182666","","Atef Marie","Edafa","Cairo","Cairo","Cairo","112111","Egypt","atef.marie2008@gmail.com","+20.1001182666","","","","","","","","","","","","ns1.amrabdelghaffar.com","ns2.amrabdelghaffar.com","","","addPeriod","clientTransferProhibited","",""
"12","ancient-s.com","2020-05-06 21:04:06","2020-05-04","2020-05-04","2021-05-04","440","Wild West Domains, LLC","whois.wildwestdomains.com","http://www.wildwestdomains.com","","","","","Red Sea","","Egypt","","","","","","","","","","","","","","","","","","","","","","","","","","","","","","","","","","ns1.brinkster.com","ns2.brinkster.com","","","clientDeleteProhibited","clientRenewProhibited","clientTransferProhibited","clientUpdateProhibited"
"13","apdc-eg.com","2020-05-06 20:26:04","2020-05-05","2020-05-05","2021-05-05","146","GoDaddy.com, LLC","whois.godaddy.com","http://registrar.godaddy.com","","","","","cairo","","Egypt","","","","","","","","","","","","","","","","","","","","","","","","","","","","","","","","","","ns41.domaincontrol.com","ns42.domaincontrol.com","","","clientDeleteProhibited","clientRenewProhibited","clientTransferProhibited","clientUpdateProhibited"
"14","aquasmartlife.com","2020-05-06 22:58:50","2020-05-05","2020-05-05","2021-05-05","146","GoDaddy.com, LLC","whois.godaddy.com","http://registrar.godaddy.com","","","","","Giza","","Egypt","","","","","","","","","","","","","","","","","","","","","","","","","","","","","","","","","","ns31.domaincontrol.com","ns32.domaincontrol.com","","","clientDeleteProhibited","clientRenewProhibited","clientTransferProhibited","clientUpdateProhibited"
"15","bamalek.com","2020-05-07 00:40:48","2020-05-04","2020-05-04","2021-05-04","146","GoDaddy.com, LLC","whois.godaddy.com","http://registrar.godaddy.com","WasilaDev","WasilaDev","","","Cairo","","Egypt","","","","","","","","","","","","","","","","","","","","","","","","","","","","","","","","","","pdns01.domaincontrol.com","pdns02.domaincontrol.com","","","clientDeleteProhibited","clientRenewProhibited","clientTransferProhibited","clientUpdateProhibited"
"16","bigstuddeto.com","2020-05-06 19:32:28","2020-05-04","2020-05-04","2022-05-04","886","Domain.com, LLC","whois.domain.com","http://www.domain.com","REDACTED FOR PRIVACY","REDACTED FOR PRIVACY","REDACTED FOR PRIVACY","REDACTED FOR PRIVACY","NA","REDACTED FOR PRIVACY","Egypt","","REDACTED FOR PRIVACY","REDACTED FOR PRIVACY","REDACTED FOR PRIVACY","REDACTED FOR PRIVACY","REDACTED FOR PRIVACY","REDACTED FOR PRIVACY","REDACTED FOR PRIVACY","REDACTED FOR PRIVACY","REDACTED FOR PRIVACY","","REDACTED FOR PRIVACY","REDACTED FOR PRIVACY","REDACTED FOR PRIVACY","REDACTED FOR PRIVACY","REDACTED FOR PRIVACY","REDACTED FOR PRIVACY","REDACTED FOR PRIVACY","REDACTED FOR PRIVACY","REDACTED FOR PRIVACY","","REDACTED FOR PRIVACY","REDACTED FOR PRIVACY","","","","","","","","","","","ns1.domain.com","ns2.domain.com","","","","","",""
"17","boerauction.com","2020-05-06 23:16:49","2020-05-05","2020-05-05","2021-05-05","146","GoDaddy.com, LLC","whois.godaddy.com","http://registrar.godaddy.com","TUT Co.","TUT Co.","","","Cairo","","Egypt","","","","","","","","","","","","","","","","","","","","","","","","","","","","","","","","","","ns81.namehero.net","ns82.namehero.net","","","clientDeleteProhibited","clientRenewProhibited","clientTransferProhibited","clientUpdateProhibited"
"18","brandsfactoryeg.com","2020-05-07 00:46:33","2020-05-04","2020-05-04","2021-05-04","146","GoDaddy.com, LLC","whois.godaddy.com","http://registrar.godaddy.com","brands factory","brands factory","","","cairo","","Egypt","","","","","","","","","","","","","","","","","","","","","","","","","","","","","","","","","","ns12.wixdns.net","ns13.wixdns.net","","","clientDeleteProhibited","clientRenewProhibited","clientTransferProhibited","clientUpdateProhibited"
"19","case-review1020.com","2020-05-06 19:22:12","2020-05-05","2020-05-05","2021-05-05","146","GoDaddy.com, LLC","whois.godaddy.com","http://registrar.godaddy.com","","","","","Giza","","Egypt","","","","","","","","","","","","","","","","","","","","","","","","","","","","","","","","","","ns29.domaincontrol.com","ns30.domaincontrol.com","","","clientDeleteProhibited","clientRenewProhibited","clientTransferProhibited","clientUpdateProhibited"
"20","case-review1451.com","2020-05-07 00:04:13","2020-05-05","2020-05-05","2021-05-05","146","GoDaddy.com, LLC","whois.godaddy.com","http://registrar.godaddy.com","","","","","Aswan","","Egypt","","","","","","","","","","","","","","","","","","","","","","","","","","","","","","","","","","ns77.domaincontrol.com","ns78.domaincontrol.com","","","clientDeleteProhibited","clientRenewProhibited","clientTransferProhibited","clientUpdateProhibited"
"21","casesstores.com","2020-05-06 23:52:17","2020-05-05","2020-05-05","2021-05-05","146","GoDaddy.com, LLC","whois.godaddy.com","http://registrar.godaddy.com","sultana","sultana","","","sdfg","","Egypt","","","","","","","","","","","","","","","","","","","","","","","","","","","","","","","","","","ns41.domaincontrol.com","ns42.domaincontrol.com","","","clientDeleteProhibited","clientRenewProhibited","clientTransferProhibited","clientUpdateProhibited"
"22","cd-root.com","2020-05-06 19:37:08","2020-05-05","2020-05-05","2021-05-05","48","eNom, Inc.","whois.enom.com","http://www.enom.com","REDACTED FOR PRIVACY","REDACTED FOR PRIVACY","REDACTED FOR PRIVACY","REDACTED FOR PRIVACY","7","REDACTED FOR PRIVACY","Egypt","","REDACTED FOR PRIVACY","REDACTED FOR PRIVACY","REDACTED FOR PRIVACY","REDACTED FOR PRIVACY","REDACTED FOR PRIVACY","REDACTED FOR PRIVACY","REDACTED FOR PRIVACY","REDACTED FOR PRIVACY","REDACTED FOR PRIVACY","","REDACTED FOR PRIVACY","REDACTED FOR PRIVACY","REDACTED FOR PRIVACY","REDACTED FOR PRIVACY","REDACTED FOR PRIVACY","REDACTED FOR PRIVACY","REDACTED FOR PRIVACY","REDACTED FOR PRIVACY","REDACTED FOR PRIVACY","","REDACTED FOR PRIVACY","REDACTED FOR PRIVACY","","","","","","","","","","","ns1.dimofinf.net","ns2.dimofinf.net","ns3.dimofinf.net","","addPeriod","clientTransferProhibited","",""
"23","charismadaily.com","2020-05-06 20:36:14","2020-05-05","2020-05-05","2021-05-05","886","Domain.com, LLC","whois.domain.com","http://www.domain.com","REDACTED FOR PRIVACY","REDACTED FOR PRIVACY","REDACTED FOR PRIVACY","REDACTED FOR PRIVACY","NA","REDACTED FOR PRIVACY","Egypt","","REDACTED FOR PRIVACY","REDACTED FOR PRIVACY","REDACTED FOR PRIVACY","REDACTED FOR PRIVACY","REDACTED FOR PRIVACY","REDACTED FOR PRIVACY","REDACTED FOR PRIVACY","REDACTED FOR PRIVACY","REDACTED FOR PRIVACY","","REDACTED FOR PRIVACY","REDACTED FOR PRIVACY","REDACTED FOR PRIVACY","REDACTED FOR PRIVACY","REDACTED FOR PRIVACY","REDACTED FOR PRIVACY","REDACTED FOR PRIVACY","REDACTED FOR PRIVACY","REDACTED FOR PRIVACY","","REDACTED FOR PRIVACY","REDACTED FOR PRIVACY","","","","","","","","","","","cass.ns.cloudflare.com","seth.ns.cloudflare.com","","","","","",""
"24","cimamov.com","2020-05-06 22:12:41","2020-05-04","2020-05-04","2021-05-04","146","GoDaddy.com, LLC","whois.godaddy.com","http://registrar.godaddy.com","","","","","cairo","","Egypt","","","","","","","","","","","","","","","","","","","","","","","","","","","","","","","","","","ns49.domaincontrol.com","ns50.domaincontrol.com","","","clientDeleteProhibited","clientRenewProhibited","clientTransferProhibited","clientUpdateProhibited"
"25","cimaone.com","2020-05-07 00:37:16","2020-05-05","2020-05-05","2021-05-05","146","GoDaddy.com, LLC","whois.godaddy.com","http://registrar.godaddy.com","male","male","","","Cairo Governorate","","Egypt","","","","","","","","","","","","","","","","","","","","","","","","","","","","","","","","","","dns1.namecheaphosting.com","dns2.namecheaphosting.com","","","clientDeleteProhibited","clientRenewProhibited","clientTransferProhibited","clientUpdateProhibited"
"26","cleopatrapastry.com","2020-05-07 00:53:44","2020-05-04","2020-05-04","2021-05-04","886","Domain.com, LLC","whois.domain.com","http://www.domain.com","REDACTED FOR PRIVACY","REDACTED FOR PRIVACY","REDACTED FOR PRIVACY","REDACTED FOR PRIVACY","NA","REDACTED FOR PRIVACY","Egypt","","REDACTED FOR PRIVACY","REDACTED FOR PRIVACY","REDACTED FOR PRIVACY","REDACTED FOR PRIVACY","REDACTED FOR PRIVACY","REDACTED FOR PRIVACY","REDACTED FOR PRIVACY","REDACTED FOR PRIVACY","REDACTED FOR PRIVACY","","REDACTED FOR PRIVACY","REDACTED FOR PRIVACY","REDACTED FOR PRIVACY","REDACTED FOR PRIVACY","REDACTED FOR PRIVACY","REDACTED FOR PRIVACY","REDACTED FOR PRIVACY","REDACTED FOR PRIVACY","REDACTED FOR PRIVACY","","REDACTED FOR PRIVACY","REDACTED FOR PRIVACY","","","","","","","","","","","ns1.ipage.com","ns2.ipage.com","","","clientTransferProhibited","clientUpdateProhibited","",""
"27","co-vidr.com","2020-05-07 01:10:08","2020-05-04","2020-05-04","2021-05-04","146","GoDaddy.com, LLC","whois.godaddy.com","http://registrar.godaddy.com","207","207","","","El daraksa","","Egypt","","","","","","","","","","","","","","","","","","","","","","","","","","","","","","","","","","ns41.domaincontrol.com","ns42.domaincontrol.com","","","clientDeleteProhibited","clientRenewProhibited","clientTransferProhibited","clientUpdateProhibited"
"28","compumartstores.com","2020-05-06 20:46:00","2020-05-04","2020-05-04","2021-05-04","303","PDR Ltd. d/b/a PublicDomainRegistry.com","whois.publicdomainregistry.com","http://www.publicdomainregistry.com","Ahmed Aboulfotouh","Ahmed Aboulfotouh","6 Shbeen street","Ismailia","Ismailia","41511","Egypt","aboulfotouh.11@gmail.com","+20.1118471777","","Ahmed Aboulfotouh","Ahmed Aboulfotouh","6 Shbeen street","Ismailia","Ismailia","41511","Egypt","aboulfotouh.11@gmail.com","+20.1118471777","","Ahmed Aboulfotouh","Ahmed Aboulfotouh","6 Shbeen street","Ismailia","Ismailia","41511","Egypt","aboulfotouh.11@gmail.com","+20.1118471777","","","","","","","","","","","","ns1.site4now.net","ns2.site4now.net","ns3.site4now.net","","clientTransferProhibited","","",""
"29","concrete-cont.com","2020-05-06 22:58:12","2020-05-05","2020-05-05","2021-05-05","625","Name.com, Inc.","whois.name.com","http://www.name.com","mmmmm aaaaa","","El Haram","Giza","Egypt","12111","Egypt","3hand.net@gmail.com","+20.1094490092","","mmmmm aaaaa","","El Haram","Giza","Egypt","12111","Egypt","3hand.net@gmail.com","+20.1094490092","","mmmmm aaaaa","","El Haram","Giza","Egypt","12111","Egypt","3hand.net@gmail.com","+20.1094490092","","","","","","","","","","","","ns1.emailat.net","ns2.emailat.net","","","addPeriod","clientTransferProhibited","",""
"30","cooking2022.com","2020-05-07 00:33:52","2020-05-05","2020-05-05","2021-05-05","146","GoDaddy.com, LLC","whois.godaddy.com","http://registrar.godaddy.com","jk","jk","","","kl","","Egypt","","","","","","","","","","","","","","","","","","","","","","","","","","","","","","","","","","ns77.domaincontrol.com","ns78.domaincontrol.com","","","clientDeleteProhibited","clientRenewProhibited","clientTransferProhibited","clientUpdateProhibited"
"31","cosypik.com","2020-05-06 22:25:28","2020-05-05","2020-05-05","2021-05-05","146","GoDaddy.com, LLC","whois.godaddy.com","http://registrar.godaddy.com","aklabaity","aklabaity","","","Cairo","","Egypt","","","","","","","","","","","","","","","","","","","","","","","","","","","","","","","","","","ns77.domaincontrol.com","ns78.domaincontrol.com","","","clientDeleteProhibited","clientRenewProhibited","clientTransferProhibited","clientUpdateProhibited"
"32","covid-l9news.com","2020-05-07 00:20:11","2020-05-05","2020-05-05","2021-05-05","146","GoDaddy.com, LLC","whois.godaddy.com","http://registrar.godaddy.com","","","","","Muharram bek","","Egypt","","","","","","","","","","","","","","","","","","","","","","","","","","","","","","","","","","ns63.domaincontrol.com","ns64.domaincontrol.com","","","clientDeleteProhibited","clientRenewProhibited","clientTransferProhibited","clientUpdateProhibited"
"33","cpayapp.com","2020-05-07 00:07:57","2020-05-05","2020-05-05","2021-05-05","146","GoDaddy.com, LLC","whois.godaddy.com","http://registrar.godaddy.com","Elsharief Company","Elsharief Company","","","New Cairo","","Egypt","","","","","","","","","","","","","","","","","","","","","","","","","","","","","","","","","","ns29.domaincontrol.com","ns30.domaincontrol.com","","","clientDeleteProhibited","clientRenewProhibited","clientTransferProhibited","clientUpdateProhibited"
"34","cubeecl.com","2020-05-06 22:21:10","2020-05-05","2020-05-05","2021-05-05","146","GoDaddy.com, LLC","whois.godaddy.com","http://registrar.godaddy.com","Cube ECL","Cube ECL","","","Cairo","","Egypt","","","","","","","","","","","","","","","","","","","","","","","","","","","","","","","","","","ns29.domaincontrol.com","ns30.domaincontrol.com","","","clientDeleteProhibited","clientRenewProhibited","clientTransferProhibited","clientUpdateProhibited"
"35","dentistleague.com","2020-05-06 23:08:04","2020-05-05","2020-05-05","2021-05-05","146","GoDaddy.com, LLC","whois.godaddy.com","http://registrar.godaddy.com","","","","","Egypt","","Egypt","","","","","","","","","","","","","","","","","","","","","","","","","","","","","","","","","","ns77.domaincontrol.com","ns78.domaincontrol.com","","","clientDeleteProhibited","clientRenewProhibited","clientTransferProhibited","clientUpdateProhibited"
"36","dokaana.com","2020-05-06 20:21:44","2020-05-05","2020-05-05","2021-05-05","146","GoDaddy.com, LLC","whois.godaddy.com","http://registrar.godaddy.com","","","","","elizyah","","Egypt","","","","","","","","","","","","","","","","","","","","","","","","","","","","","","","","","","ns1.ninjaweb.me","ns2.ninjaweb.me","","","clientDeleteProhibited","clientRenewProhibited","clientTransferProhibited","clientUpdateProhibited"
"37","drhealth-tips.com","2020-05-06 20:55:18","2020-05-04","2020-05-04","2021-05-04","146","GoDaddy.com, LLC","whois.godaddy.com","http://registrar.godaddy.com","","","","","algharbia","","Egypt","","","","","","","","","","","","","","","","","","","","","","","","","","","","","","","","","","ns63.domaincontrol.com","ns64.domaincontrol.com","","","clientDeleteProhibited","clientRenewProhibited","clientTransferProhibited","clientUpdateProhibited"
"38","drmartyforcat.com","2020-05-07 00:47:54","2020-05-04","2020-05-04","2021-05-04","146","GoDaddy.com, LLC","whois.godaddy.com","http://registrar.godaddy.com","","","","","\u0643\u0641\u0631 \u0627\u0644\u0634\u064a\u062e","","Egypt","","","","","","","","","","","","","","","","","","","","","","","","","","","","","","","","","","ns41.domaincontrol.com","ns42.domaincontrol.com","","","clientDeleteProhibited","clientRenewProhibited","clientTransferProhibited","clientUpdateProhibited"
"39","drmohamedhosni.com","2020-05-07 01:08:07","2020-05-04","2020-05-04","2021-05-04","146","GoDaddy.com, LLC","whois.godaddy.com","http://registrar.godaddy.com","PSC","PSC","","","smouha","","Egypt","","","","","","","","","","","","","","","","","","","","","","","","","","","","","","","","","","ns63.domaincontrol.com","ns64.domaincontrol.com","","","clientDeleteProhibited","clientRenewProhibited","clientTransferProhibited","clientUpdateProhibited"
"40","easiervpn.com","2020-05-07 00:35:28","2020-05-03","2020-05-04","2021-05-03","146","GoDaddy.com, LLC","whois.godaddy.com","http://registrar.godaddy.com","dsfdsf","dsfdsf","","","NY","","Egypt","","","","","","","","","","","","","","","","","","","","","","","","","","","","","","","","","","ns35.domaincontrol.com","ns36.domaincontrol.com","","","clientDeleteProhibited","clientRenewProhibited","clientTransferProhibited","clientUpdateProhibited"
"41","ebdaalaman-sa.com","2020-05-06 20:22:12","2020-05-05","2020-05-05","2021-05-05","625","Name.com, Inc.","whois.name.com","http://www.name.com","mmmmm aaaaa","","El Haram","Giza","Egypt","12111","Egypt","3hand.net@gmail.com","+20.1094490092","","mmmmm aaaaa","","El Haram","Giza","Egypt","12111","Egypt","3hand.net@gmail.com","+20.1094490092","","mmmmm aaaaa","","El Haram","Giza","Egypt","12111","Egypt","3hand.net@gmail.com","+20.1094490092","","","","","","","","","","","","ns1.emailat.net","ns2.emailat.net","","","addPeriod","clientTransferProhibited","",""
"42","efa4cards.com","2020-05-07 00:29:43","2020-05-05","","2021-05-05","1068","NameCheap, Inc.","whois.namecheap.com","http://www.namecheap.com","Expand Solution","Expand Solution","6th Of October","Giza","Cairo","12111","Egypt","domains@expandcart.com","+20.1212121212","","Expand Solution","Expand Solution","6th Of October","Giza","Cairo","12111","Egypt","domains@expandcart.com","+20.1212121212","","Expand Solution","Expand Solution","6th Of October","Giza","Cairo","12111","Egypt","domains@expandcart.com","+20.1212121212","","","","","","","","","","","","dns1.registrar-servers.com","dns2.registrar-servers.com","","","addPeriod","clientTransferProhibited","",""
"43","elamalgroup.com","2020-05-06 22:53:30","2020-05-05","2020-05-05","2021-05-05","625","Name.com, Inc.","whois.name.com","http://www.name.com","Amr Yehia","Grandnt","Egypt Almenofia","Shebin","menofia","32718","Egypt","progminesecure@gmail.com","+20.1018444433","","Amr Yehia","Grandnt","Egypt Almenofia","Shebin","menofia","32718","Egypt","progminesecure@gmail.com","+20.1018444433","","Amr Yehia","Grandnt","Egypt Almenofia","Shebin","menofia","32718","Egypt","progminesecure@gmail.com","+20.1018444433","","","","","","","","","","","","ns1.progmine.com","ns2.progmine.com","","","addPeriod","clientTransferProhibited","",""
"44","elmisteronline.com","2020-05-06 21:10:53","2020-05-04","2020-05-04","2021-05-04","303","PDR Ltd. d/b/a PublicDomainRegistry.com","whois.publicdomainregistry.com","http://www.publicdomainregistry.com","Akram ElDiry","Akram ElDiry","32 elharam st.","giza","giza","12512","Egypt","akram_upload@yahoo.com","+20.1221341800","","Akram ElDiry","Akram ElDiry","32 elharam st.","giza","giza","12512","Egypt","akram_upload@yahoo.com","+20.1221341800","","Akram ElDiry","Akram ElDiry","32 elharam st.","giza","giza","12512","Egypt","akram_upload@yahoo.com","+20.1221341800","","","","","","","","","","","","ns1.dns-parking.com","ns2.dns-parking.com","","","clientTransferProhibited","","",""
"45","elsafapts.com","2020-05-06 22:34:41","2020-05-05","2020-05-05","2021-05-05","2","Network Solutions, LLC","whois.networksolutions.com","http://networksolutions.com","elsafa for import and export co","elsafa for import and export co","33 aswan st .portsaid","portsaid","PTS","42511","Egypt","sayedkardosha76@gmail.com","+201001427950","","elsafa for import and export co","elsafa for import and export co","33 aswan st .portsaid","portsaid","PTS","42511","Egypt","sayedkardosha76@gmail.com","+201001427950","","elsafa for import and export co","elsafa for import and export co","33 aswan st .portsaid","portsaid","PTS","42511","Egypt","sayedkardosha76@gmail.com","+201001427950","","","","","","","","","","","","ns1.a2hosting.com","ns2.a2hosting.com","ns3.a2hosting.com","ns4.a2hosting.com","clientTransferProhibited","","",""
"46","ermanrealestate.com","2020-05-06 23:02:44","2020-05-05","2020-05-05","2021-05-05","146","GoDaddy.com, LLC","whois.godaddy.com","http://registrar.godaddy.com","Innovix Solutions","Innovix Solutions","","","Red Sea","","Egypt","","","","","","","","","","","","","","","","","","","","","","","","","","","","","","","","","","ns3.innovixsolutions.com","ns4.innovixsolutions.com","","","clientDeleteProhibited","clientRenewProhibited","clientTransferProhibited","clientUpdateProhibited"
"47","ethical-plastic.com","2020-05-06 23:01:37","2020-05-05","2020-05-05","2021-05-05","625","Name.com, Inc.","whois.name.com","http://www.name.com","Alban Thibaut de Menonville","Bassita LLC","59, Madinet Al Alaam, El Agouza","Cairo","Guiza","Agouza","Egypt","albandemenonville@hotmail.com","+20.1115468083","","Alban Thibaut de Menonville","Bassita LLC","59, Madinet Al Alaam, El Agouza","Cairo","Guiza","Agouza","Egypt","albandemenonville@hotmail.com","+20.1115468083","","Alban Thibaut de Menonville","Bassita LLC","59, Madinet Al Alaam, El Agouza","Cairo","Guiza","Agouza","Egypt","albandemenonville@hotmail.com","+20.1115468083","","","","","","","","","","","","ns1dhq.name.com","ns2nsw.name.com","ns3nrz.name.com","ns4ghm.name.com","addPeriod","clientTransferProhibited","",""
"48","fareidedwar.com","2020-05-06 22:51:36","2020-05-05","2020-05-05","2021-05-05","146","GoDaddy.com, LLC","whois.godaddy.com","http://registrar.godaddy.com","","","","","cairo","","Egypt","","","","","","","","","","","","","","","","","","","","","","","","","","","","","","","","","","ns41.domaincontrol.com","ns42.domaincontrol.com","","","clientDeleteProhibited","clientRenewProhibited","clientTransferProhibited","clientUpdateProhibited"
"49","faridahotels.com","2020-05-06 19:27:54","2020-05-05","2020-05-05","2021-05-05","146","GoDaddy.com, LLC","whois.godaddy.com","http://registrar.godaddy.com","Softex Software House","Softex Software House","","","Cairo","","Egypt","","","","","","","","","","","","","","","","","","","","","","","","","","","","","","","","","","ns1.softexhost.com","ns2.softexhost.com","","","clientDeleteProhibited","clientRenewProhibited","clientTransferProhibited","clientUpdateProhibited"
"50","farmzfood.com","2020-05-06 20:45:11","2020-05-04","2020-05-04","2021-05-04","146","GoDaddy.com, LLC","whois.godaddy.com","http://registrar.godaddy.com","","","","","ca","","Egypt","","","","","","","","","","","","","","","","","","","","","","","","","","","","","","","","","","ns77.domaincontrol.com","ns78.domaincontrol.com","","","clientDeleteProhibited","clientRenewProhibited","clientTransferProhibited","clientUpdateProhibited"
"51","farmzfoods.com","2020-05-06 19:32:33","2020-05-04","2020-05-04","2021-05-04","146","GoDaddy.com, LLC","whois.godaddy.com","http://registrar.godaddy.com","","","","","ca","","Egypt","","","","","","","","","","","","","","","","","","","","","","","","","","","","","","","","","","ns77.domaincontrol.com","ns78.domaincontrol.com","","","clientDeleteProhibited","clientRenewProhibited","clientTransferProhibited","clientUpdateProhibited"
"52","fashion-ya.com","2020-05-06 19:29:46","2020-05-05","","2021-05-05","1068","NameCheap, Inc.","whois.namecheap.com","http://www.namecheap.com","Expand Solution","Expand Solution","6th Of October","Giza","Cairo","12111","Egypt","domains@expandcart.com","+20.1212121212","","Expand Solution","Expand Solution","6th Of October","Giza","Cairo","12111","Egypt","domains@expandcart.com","+20.1212121212","","Expand Solution","Expand Solution","6th Of October","Giza","Cairo","12111","Egypt","domains@expandcart.com","+20.1212121212","","","","","","","","","","","","dns1.registrar-servers.com","dns2.registrar-servers.com","","","addPeriod","clientTransferProhibited","",""
"53","firstlineeg.com","2020-05-06 21:00:26","2020-05-04","2020-05-04","2021-05-04","303","PDR Ltd. d/b/a PublicDomainRegistry.com","whois.publicdomainregistry.com","http://www.publicdomainregistry.com","khaled mamdouh","mlseg","4 elbatal zaitoun st from elharam st","cairo","Al Qahirah","12561","Egypt","cairohost@gmail.com","+20.1006931666","","khaled mamdouh","mlseg","4 elbatal zaitoun st from elharam st","cairo","Al Qahirah","12561","Egypt","cairohost@gmail.com","+20.1006931666","","khaled mamdouh","mlseg","4 elbatal zaitoun st from elharam st","cairo","Al Qahirah","12561","Egypt","cairohost@gmail.com","+20.1006931666","","","","","","","","","","","","ns1.blackhost.com","ns2.blackhost.com","ns3.blackhost.com","ns4.blackhost.com","clientTransferProhibited","","",""
"54","foliru.com","2020-05-06 18:10:18","2020-05-06","2020-05-06","2021-05-06","146","GoDaddy.com, LLC","whois.godaddy.com","http://registrar.godaddy.com","","","","","cairo","","Egypt","","","","","","","","","","","","","","","","","","","","","","","","","","","","","","","","","","ns37.domaincontrol.com","ns38.domaincontrol.com","","","clientDeleteProhibited","clientRenewProhibited","clientTransferProhibited","clientUpdateProhibited"
"55","freshtipss.com","2020-05-07 00:24:27","2020-05-05","2020-05-05","2021-05-05","146","GoDaddy.com, LLC","whois.godaddy.com","http://registrar.godaddy.com","","","","","cairo","","Egypt","","","","","","","","","","","","","","","","","","","","","","","","","","","","","","","","","","donovan.ns.cloudflare.com","elma.ns.cloudflare.com","","","clientDeleteProhibited","clientRenewProhibited","clientTransferProhibited","clientUpdateProhibited"
"56","frlukamaher.com","2020-05-06 20:26:06","2020-05-05","2020-05-05","2021-05-05","146","GoDaddy.com, LLC","whois.godaddy.com","http://registrar.godaddy.com","","","","","Heliopolis","","Egypt","","","","","","","","","","","","","","","","","","","","","","","","","","","","","","","","","","ns63.domaincontrol.com","ns64.domaincontrol.com","","","clientDeleteProhibited","clientRenewProhibited","clientTransferProhibited","clientUpdateProhibited"
"57","gamilportrait.com","2020-05-06 21:14:16","2020-05-04","2020-05-04","2021-05-04","146","GoDaddy.com, LLC","whois.godaddy.com","http://registrar.godaddy.com","","","","","sohag","","Egypt","","","","","","","","","","","","","","","","","","","","","","","","","","","","","","","","","","dns1.namecheaphosting.com","dns2.namecheaphosting.com","","","clientDeleteProhibited","clientRenewProhibited","clientTransferProhibited","clientUpdateProhibited"
"58","gcc-prize.com","2020-05-06 22:31:40","2020-05-05","2020-05-05","2021-05-05","146","GoDaddy.com, LLC","whois.godaddy.com","http://registrar.godaddy.com","","","","","cairo","","Egypt","","","","","","","","","","","","","","","","","","","","","","","","","","","","","","","","","","ns49.domaincontrol.com","ns50.domaincontrol.com","","","clientDeleteProhibited","clientRenewProhibited","clientTransferProhibited","clientUpdateProhibited"
"59","geekegy.com","2020-05-07 00:12:45","2020-05-05","2020-05-05","2021-05-05","146","GoDaddy.com, LLC","whois.godaddy.com","http://registrar.godaddy.com","","","","","Egypt","","Egypt","","","","","","","","","","","","","","","","","","","","","","","","","","","","","","","","","","ns41.domaincontrol.com","ns42.domaincontrol.com","","","clientDeleteProhibited","clientRenewProhibited","clientTransferProhibited","clientUpdateProhibited"
"60","ghost-technical.com","2020-05-06 22:07:26","2020-05-04","2020-05-04","2021-05-04","146","GoDaddy.com, LLC","whois.godaddy.com","http://registrar.godaddy.com","","","","","Imbaba","","Egypt","","","","","","","","","","","","","","","","","","","","","","","","","","","","","","","","","","ns29.domaincontrol.com","ns30.domaincontrol.com","","","clientDeleteProhibited","clientRenewProhibited","clientTransferProhibited","clientUpdateProhibited"
"61","globalx-re.com","2020-05-06 22:58:18","2020-05-05","2020-05-05","2021-05-05","303","PDR Ltd. d/b/a PublicDomainRegistry.com","whois.publicdomainregistry.com","http://www.publicdomainregistry.com","Mohamed Jad","Globalx Real Estate","Madinaty","Cairo","cairo","19519","Egypt","mohamedgad149@gmail.com","+20.1283400317","","Mohamed Jad","Globalx Real Estate","Madinaty","Cairo","cairo","19519","Egypt","mohamedgad149@gmail.com","+20.1283400317","","Mohamed Jad","Globalx Real Estate","Madinaty","Cairo","cairo","19519","Egypt","mohamedgad149@gmail.com","+20.1283400317","","","","","","","","","","","","marlowe.ns.cloudflare.com","piers.ns.cloudflare.com","","","clientTransferProhibited","","",""
"62","golden-rb.com","2020-05-06 23:17:49","2020-05-05","2020-05-05","2021-05-05","69","Tucows Domains Inc.","whois.tucows.com","http://domainhelp.opensrs.net","REDACTED FOR PRIVACY","REDACTED FOR PRIVACY","REDACTED FOR PRIVACY","REDACTED FOR PRIVACY","EG","REDACTED FOR PRIVACY","Egypt","","REDACTED FOR PRIVACY","REDACTED FOR PRIVACY","REDACTED FOR PRIVACY","REDACTED FOR PRIVACY","REDACTED FOR PRIVACY","REDACTED FOR PRIVACY","REDACTED FOR PRIVACY","REDACTED FOR PRIVACY","REDACTED FOR PRIVACY","","REDACTED FOR PRIVACY","REDACTED FOR PRIVACY","REDACTED FOR PRIVACY","REDACTED FOR PRIVACY","REDACTED FOR PRIVACY","REDACTED FOR PRIVACY","REDACTED FOR PRIVACY","REDACTED FOR PRIVACY","REDACTED FOR PRIVACY","","REDACTED FOR PRIVACY","REDACTED FOR PRIVACY","","","","","","","","","","","ns1.site4now.net","ns2.site4now.net","ns3.site4now.net","","OK","","",""
"63","gom3app1.com","2020-05-06 21:29:59","2020-05-04","2020-05-04","2021-05-04","146","GoDaddy.com, LLC","whois.godaddy.com","http://registrar.godaddy.com","","","","","\u0627\u0644\u0631\u064a\u0627\u0636","","Egypt","","","","","","","","","","","","","","","","","","","","","","","","","","","","","","","","","","ns49.domaincontrol.com","ns50.domaincontrol.com","","","clientDeleteProhibited","clientRenewProhibited","clientTransferProhibited","clientUpdateProhibited"
"64","google4ar.net","2020-05-06 19:02:32","2020-05-05","2020-05-05","2021-05-05","146","GoDaddy.com, LLC","whois.godaddy.com","http://registrar.godaddy.com","","","","","Beirut","","Egypt","","","","","","","","","","","","","","","","","","","","","","","","","","","","","","","","","","ns1.1usd.net","ns2.1usd.net","","","clientDeleteProhibited","clientRenewProhibited","clientTransferProhibited","clientUpdateProhibited"
"65","goudaforfinishingdecorations.com","2020-05-06 20:36:16","2020-05-05","2020-05-05","2021-05-05","106","Ascio Technologies, Inc. Danmark - Filial af Ascio technologies, Inc. USA","whois.ascio.com","http://www.ascio.com","Not Disclosed","Not Disclosed","Not Disclosed","Not Disclosed","","Not Disclosed","Egypt","","Not Disclosed","Not Disclosed","Not Disclosed","Not Disclosed","Not Disclosed","Not Disclosed","Not Disclosed","Not Disclosed","Not Disclosed","","Not Disclosed","Not Disclosed","Not Disclosed","Not Disclosed","Not Disclosed","Not Disclosed","Not Disclosed","Not Disclosed","Not Disclosed","","Not Disclosed","Not Disclosed","","","","","","","","","","","dns1.123hjemmeside.dk","dns2.123hjemmeside.dk","dns3.123hjemmeside.dk","","OK","","",""
"66","hamlagermany.com","2020-05-06 22:18:13","2020-05-05","2020-05-05","2021-05-05","146","GoDaddy.com, LLC","whois.godaddy.com","http://registrar.godaddy.com","","","","","Egypt","","Egypt","","","","","","","","","","","","","","","","","","","","","","","","","","","","","","","","","","ns77.domaincontrol.com","ns78.domaincontrol.com","","","clientDeleteProhibited","clientRenewProhibited","clientTransferProhibited","clientUpdateProhibited"
"67","harrazonline.com","2020-05-06 22:40:10","2020-05-05","2020-05-05","2021-05-05","1005","NetEarth One Inc. d/b/a NetEarth","whois.advancedregistrar.com","http://www.netearthone.com","Taysir Taysir Yousef","Taysir Taysir Yousef","1 bab elkhalk SQ, cairo","cairo","bab el khalek","21221","Egypt","tyousse@link.net","+20.1066612600","","Taysir Taysir Yousef","Taysir Taysir Yousef","1 bab elkhalk SQ, cairo","cairo","bab el khalek","21221","Egypt","tyousse@link.net","+20.1066612600","","Taysir Taysir Yousef","Taysir Taysir Yousef","1 bab elkhalk SQ, cairo","cairo","bab el khalek","21221","Egypt","tyousse@link.net","+20.1066612600","","","","","","","","","","","","ns1.dnsegypt.com","ns2.dnsegypt.com","ns3.dnsegypt.com","","clientTransferProhibited","","",""
"68","hebaest.net","2020-05-06 19:02:26","2020-05-04","","2021-05-04","1068","NameCheap, Inc.","whois.namecheap.com","http://www.namecheap.com","Expand Solution","Expand Solution","6th Of October","Giza","Cairo","12111","Egypt","domains@expandcart.com","+20.1212121212","","Expand Solution","Expand Solution","6th Of October","Giza","Cairo","12111","Egypt","domains@expandcart.com","+20.1212121212","","Expand Solution","Expand Solution","6th Of October","Giza","Cairo","12111","Egypt","domains@expandcart.com","+20.1212121212","","","","","","","","","","","","dns1.registrar-servers.com","dns2.registrar-servers.com","","","addPeriod","clientTransferProhibited","",""
"69","herasatcompany.com","2020-05-06 22:18:08","2020-05-05","2020-05-05","2021-05-05","1154","FastDomain Inc.","whois.fastdomain.com","http://www.fastdomain.com","MAHMOUD HAMAD","","YOUSEF ST","SOHAG","","77777","Egypt","mahmoudhamadg@gmail.com","+20.1092218185","","MAHMOUD HAMAD","","YOUSEF ST","SOHAG","","77777","Egypt","mahmoudhamadg@gmail.com","+20.1092218185","","BLUEHOST INC","BLUEHOST.COM","550 E TIMPANOGOS PKWY","OREM","UTAH","84097","United States","domain@redl.ca","+1.8017659400","+1.8017651992","","","","","","","","","","","ns1.bluehost.com","ns2.bluehost.com","","","clientTransferProhibited","","",""
"70","hlolgate.com","2020-05-06 23:26:36","2020-05-05","2020-05-05","2021-05-05","303","PDR Ltd. d/b/a PublicDomainRegistry.com","whois.publicdomainregistry.com","http://www.publicdomainregistry.com","omar rady","omarco","cairo","cairo","giza","12445","Egypt","omar.rady1985@gmail.com","+20.1112135438","","omar rady","omarco","cairo","cairo","giza","12445","Egypt","omar.rady1985@gmail.com","+20.1112135438","","omar rady","omarco","cairo","cairo","giza","12445","Egypt","omar.rady1985@gmail.com","+20.1112135438","","","","","","","","","","","","ns1.hlolgate.com","ns2.hlolgate.com","","","clientTransferProhibited","","",""
"71","hostkiv.com","2020-05-06 22:13:00","2020-05-04","2020-05-04","2021-05-04","146","GoDaddy.com, LLC","whois.godaddy.com","http://registrar.godaddy.com","","","","","cario","","Egypt","","","","","","","","","","","","","","","","","","","","","","","","","","","","","","","","","","dns1.namecheaphosting.com","dns2.namecheaphosting.com","","","OK","","",""
"72","how-ar.net","2020-05-06 19:02:23","2020-05-05","2020-05-05","2021-05-05","146","GoDaddy.com, LLC","whois.godaddy.com","http://registrar.godaddy.com","","","","","cairo","","Egypt","","","","","","","","","","","","","","","","","","","","","","","","","","","","","","","","","","nick.ns.cloudflare.com","tess.ns.cloudflare.com","","","clientDeleteProhibited","clientRenewProhibited","clientTransferProhibited","clientUpdateProhibited"
"73","islampt.com","2020-05-06 23:17:42","2020-05-05","2020-05-05","2021-05-05","146","GoDaddy.com, LLC","whois.godaddy.com","http://registrar.godaddy.com","","","","","\u0627\u0644\u0634\u0631\u0642\u064a\u0629","","Egypt","","","","","","","","","","","","","","","","","","","","","","","","","","","","","","","","","","ns49.domaincontrol.com","ns50.domaincontrol.com","","","clientDeleteProhibited","clientRenewProhibited","clientTransferProhibited","clientUpdateProhibited"
"74","jeemstores.com","2020-05-06 22:40:43","2020-05-05","2020-05-05","2021-05-05","146","GoDaddy.com, LLC","whois.godaddy.com","http://registrar.godaddy.com","","","","","safd","","Egypt","","","","","","","","","","","","","","","","","","","","","","","","","","","","","","","","","","ns1.qeematechvpsone.website","ns2.qeematechvpsone.website","","","clientDeleteProhibited","clientRenewProhibited","clientTransferProhibited","clientUpdateProhibited"
"75","karakebo.com","2020-05-07 01:00:56","2020-05-04","2020-05-04","2023-05-04","146","GoDaddy.com, LLC","whois.godaddy.com","http://registrar.godaddy.com","karakebo","karakebo","","","cairo","","Egypt","","","","","","","","","","","","","","","","","","","","","","","","","","","","","","","","","","ns41.domaincontrol.com","ns42.domaincontrol.com","","","clientDeleteProhibited","clientRenewProhibited","clientTransferProhibited","clientUpdateProhibited"
"76","kidssurgeon.com","2020-05-06 22:24:20","2020-05-05","2020-05-05","2021-05-05","303","PDR Ltd. d/b/a PublicDomainRegistry.com","whois.publicdomainregistry.com","http://www.publicdomainregistry.com","nader ibrahim","NaderSurgeryClinic","heliopolis cairo heliopolis cairo","cairo","","00000","Egypt","naderdocdoc@gmail.com","+20.1227039131","","nader ibrahim","NaderSurgeryClinic","heliopolis cairo heliopolis cairo","cairo","","00000","Egypt","naderdocdoc@gmail.com","+20.1227039131","","nader ibrahim","NaderSurgeryClinic","heliopolis cairo heliopolis cairo","cairo","","00000","Egypt","naderdocdoc@gmail.com","+20.1227039131","","","","","","","","","","","","wuilt.mercury.orderbox-dns.com","wuilt.venus.orderbox-dns.com","","","clientTransferProhibited","","",""
"77","knowarabic2020.com","2020-05-07 00:44:18","2020-05-04","2020-05-04","2022-05-04","146","GoDaddy.com, LLC","whois.godaddy.com","http://registrar.godaddy.com","dccn","dccn","","","55","","Egypt","","","","","","","","","","","","","","","","","","","","","","","","","","","","","","","","","","ns41.domaincontrol.com","ns42.domaincontrol.com","","","clientDeleteProhibited","clientRenewProhibited","clientTransferProhibited","clientUpdateProhibited"
"78","ksafree.com","2020-05-06 19:21:54","2020-05-05","2020-05-05","2021-05-05","146","GoDaddy.com, LLC","whois.godaddy.com","http://registrar.godaddy.com","KSAFREE","KSAFREE","","","as","","Egypt","","","","","","","","","","","","","","","","","","","","","","","","","","","","","","","","","","ns1.aflamak.me","ns2.aflamak.me","","","clientDeleteProhibited","clientRenewProhibited","clientTransferProhibited","clientUpdateProhibited"
"79","lamsa-pay.com","2020-05-06 23:56:54","2020-05-05","2020-05-05","2022-05-05","303","PDR Ltd. d/b/a PublicDomainRegistry.com","whois.publicdomainregistry.com","http://www.publicdomainregistry.com","Ahmed Badawy","Ahmed Badawy","Egypt","Egypt","Egypt","35511","Egypt","eng.ahbadawy@gmail.com","+20.1008375946","","Ahmed Badawy","Ahmed Badawy","Egypt","Egypt","Egypt","35511","Egypt","eng.ahbadawy@gmail.com","+20.1008375946","","Ahmed Badawy","Ahmed Badawy","Egypt","Egypt","Egypt","35511","Egypt","eng.ahbadawy@gmail.com","+20.1008375946","","","","","","","","","","","","ns1.dns-parking.com","ns2.dns-parking.com","","","clientTransferProhibited","","",""
"80","lamsa-soft.com","2020-05-07 00:01:10","2020-05-05","2020-05-05","2021-05-05","303","PDR Ltd. d/b/a PublicDomainRegistry.com","whois.publicdomainregistry.com","http://www.publicdomainregistry.com","Ahmed Badawy","Ahmed Badawy","Egypt","Egypt","Egypt","35511","Egypt","eng.ahbadawy@gmail.com","+20.1008375946","","Ahmed Badawy","Ahmed Badawy","Egypt","Egypt","Egypt","35511","Egypt","eng.ahbadawy@gmail.com","+20.1008375946","","Ahmed Badawy","Ahmed Badawy","Egypt","Egypt","Egypt","35511","Egypt","eng.ahbadawy@gmail.com","+20.1008375946","","","","","","","","","","","","ns1.dns-parking.com","ns2.dns-parking.com","","","clientTransferProhibited","","",""
"81","laroseeg.com","2020-05-07 01:02:54","2020-05-04","2020-05-04","2021-05-04","69","Tucows Domains Inc.","whois.tucows.com","http://domainhelp.opensrs.net","REDACTED FOR PRIVACY","REDACTED FOR PRIVACY","REDACTED FOR PRIVACY","REDACTED FOR PRIVACY","XX","REDACTED FOR PRIVACY","Egypt","","REDACTED FOR PRIVACY","REDACTED FOR PRIVACY","REDACTED FOR PRIVACY","REDACTED FOR PRIVACY","REDACTED FOR PRIVACY","REDACTED FOR PRIVACY","REDACTED FOR PRIVACY","REDACTED FOR PRIVACY","REDACTED FOR PRIVACY","","REDACTED FOR PRIVACY","REDACTED FOR PRIVACY","REDACTED FOR PRIVACY","REDACTED FOR PRIVACY","REDACTED FOR PRIVACY","REDACTED FOR PRIVACY","REDACTED FOR PRIVACY","REDACTED FOR PRIVACY","REDACTED FOR PRIVACY","","REDACTED FOR PRIVACY","REDACTED FOR PRIVACY","","","","","","","","","","","ns1.gsgp1026.siteground.asia","ns2.gsgp1026.siteground.asia","","","clientTransferProhibited","clientUpdateProhibited","",""
"82","lazah.net","2020-05-06 19:02:09","2020-05-05","2020-05-05","2021-05-05","625","Name.com, Inc.","whois.name.com","http://www.name.com","Aasem Elrayes","Entlq","Mansoura","Mansoura","Dakahlia","12345","Egypt","aasemelrayes@gmail.com","+20.1018823747","","Aasem Elrayes","Entlq","Mansoura","Mansoura","Dakahlia","12345","Egypt","aasemelrayes@gmail.com","+20.1018823747","","Aasem Elrayes","Entlq","Mansoura","Mansoura","Dakahlia","12345","Egypt","aasemelrayes@gmail.com","+20.1018823747","","","","","","","","","","","","ns1.entlq.net","ns2.entlq.net","","","addPeriod","clientTransferProhibited","",""
"83","learnspeakarabic.com","2020-05-06 21:52:31","2020-05-04","2020-05-04","2021-05-04","146","GoDaddy.com, LLC","whois.godaddy.com","http://registrar.godaddy.com","","","","","cairo","","Egypt","","","","","","","","","","","","","","","","","","","","","","","","","","","","","","","","","","ns1.servconfig.com","ns2.servconfig.com","","","clientDeleteProhibited","clientRenewProhibited","clientTransferProhibited","clientUpdateProhibited"
"84","m3lomatek.com","2020-05-07 00:50:17","2020-05-04","2020-05-04","2021-05-04","146","GoDaddy.com, LLC","whois.godaddy.com","http://registrar.godaddy.com","NATIONAL BANK OF EGYPT","NATIONAL BANK OF EGYPT","","","elsintral","","Egypt","","","","","","","","","","","","","","","","","","","","","","","","","","","","","","","","","","ns49.domaincontrol.com","ns50.domaincontrol.com","","","clientDeleteProhibited","clientRenewProhibited","clientTransferProhibited","clientUpdateProhibited"
"85","m8aale.com","2020-05-06 21:03:32","2020-05-04","2020-05-04","2021-05-04","146","GoDaddy.com, LLC","whois.godaddy.com","http://registrar.godaddy.com","fayom","fayom","","","fayom","","Egypt","","","","","","","","","","","","","","","","","","","","","","","","","","","","","","","","","","ns63.domaincontrol.com","ns64.domaincontrol.com","","","clientDeleteProhibited","clientRenewProhibited","clientTransferProhibited","clientUpdateProhibited"
"86","madaresmasr.com","2020-05-06 20:35:27","2020-05-05","2020-05-05","2021-05-05","303","PDR Ltd. d/b/a PublicDomainRegistry.com","whois.publicdomainregistry.com","http://www.publicdomainregistry.com","osama","emanage","Giza","Giza","Al Qahirah","12561","Egypt","emanage@hotmail.com","+20.01003932322","","osama","emanage","Giza","Giza","Al Qahirah","12561","Egypt","emanage@hotmail.com","+20.01003932322","","osama","emanage","Giza","Giza","Al Qahirah","12561","Egypt","emanage@hotmail.com","+20.01003932322","","","","","","","","","","","","ns1.blackhost.com","ns2.blackhost.com","ns3.blackhost.com","ns4.blackhost.com","clientTransferProhibited","","",""
"87","malomaflabawkesa.com","2020-05-06 22:23:29","2020-05-05","2020-05-05","2021-05-05","146","GoDaddy.com, LLC","whois.godaddy.com","http://registrar.godaddy.com","","","","","10th of ramadan","","Egypt","","","","","","","","","","","","","","","","","","","","","","","","","","","","","","","","","","ns49.domaincontrol.com","ns50.domaincontrol.com","","","clientDeleteProhibited","clientRenewProhibited","clientTransferProhibited","clientUpdateProhibited"
"88","manahegaltfolah.com","2020-05-06 20:30:59","2020-05-05","","2021-05-05","1068","NameCheap, Inc.","whois.namecheap.com","http://www.namecheap.com","Expand Solution","Expand Solution","6th Of October","Giza","Cairo","12111","Egypt","domains@expandcart.com","+20.1212121212","","Expand Solution","Expand Solution","6th Of October","Giza","Cairo","12111","Egypt","domains@expandcart.com","+20.1212121212","","Expand Solution","Expand Solution","6th Of October","Giza","Cairo","12111","Egypt","domains@expandcart.com","+20.1212121212","","","","","","","","","","","","dns1.registrar-servers.com","dns2.registrar-servers.com","","","addPeriod","clientTransferProhibited","",""
"89","manareltamer.com","2020-05-07 01:15:11","2020-05-04","2020-05-04","2021-05-04","146","GoDaddy.com, LLC","whois.godaddy.com","http://registrar.godaddy.com","","","","","Alexandria","","Egypt","","","","","","","","","","","","","","","","","","","","","","","","","","","","","","","","","","ns1.atcws.com","ns2.atcws.com","ns3.atcws.com","ns4.atcws.com","clientDeleteProhibited","clientRenewProhibited","clientTransferProhibited","clientUpdateProhibited"
"90","maqalmofeed.com","2020-05-07 00:25:15","2020-05-05","2020-05-05","2021-05-05","146","GoDaddy.com, LLC","whois.godaddy.com","http://registrar.godaddy.com","","","","","ElBehira","","Egypt","","","","","","","","","","","","","","","","","","","","","","","","","","","","","","","","","","ns49.domaincontrol.com","ns50.domaincontrol.com","","","clientDeleteProhibited","clientRenewProhibited","clientTransferProhibited","clientUpdateProhibited"
"91","mashhor.net","2020-05-06 19:02:01","2020-05-05","2020-05-05","2021-05-05","146","GoDaddy.com, LLC","whois.godaddy.com","http://registrar.godaddy.com","","","","","Egypt","","Egypt","","","","","","","","","","","","","","","","","","","","","","","","","","","","","","","","","","ns29.domaincontrol.com","ns30.domaincontrol.com","","","clientDeleteProhibited","clientRenewProhibited","clientTransferProhibited","clientUpdateProhibited"
"92","maslha.com","2020-05-07 00:32:29","2020-05-05","2020-05-05","2021-05-05","146","GoDaddy.com, LLC","whois.godaddy.com","http://registrar.godaddy.com","","","","","ALqalyoubia","","Egypt","","","","","","","","","","","","","","","","","","","","","","","","","","","","","","","","","","ns63.domaincontrol.com","ns64.domaincontrol.com","","","clientDeleteProhibited","clientRenewProhibited","clientTransferProhibited","clientUpdateProhibited"
"93","massagroupad.com","2020-05-06 19:32:39","2020-05-04","2020-05-04","2021-05-04","146","GoDaddy.com, LLC","whois.godaddy.com","http://registrar.godaddy.com","3 Jelly","3 Jelly","","","private","","Egypt","","","","","","","","","","","","","","","","","","","","","","","","","","","","","","","","","","cns547.hostgator.com","cns548.hostgator.com","","","clientDeleteProhibited","clientRenewProhibited","clientTransferProhibited","clientUpdateProhibited"
"94","mdwntyonline.com","2020-05-06 23:44:08","2020-05-05","2020-05-05","2021-05-05","146","GoDaddy.com, LLC","whois.godaddy.com","http://registrar.godaddy.com","","","","","\u0627\u0644\u0645\u0646\u0648\u0641\u064a\u0647","","Egypt","","","","","","","","","","","","","","","","","","","","","","","","","","","","","","","","","","ns63.domaincontrol.com","ns64.domaincontrol.com","","","clientDeleteProhibited","clientRenewProhibited","clientTransferProhibited","clientUpdateProhibited"
"95","meatnbunz.com","2020-05-07 00:30:58","2020-05-05","2020-05-05","2023-05-05","146","GoDaddy.com, LLC","whois.godaddy.com","http://registrar.godaddy.com","Snackland","Snackland","","","Garden City","","Egypt","","","","","","","","","","","","","","","","","","","","","","","","","","","","","","","","","","ns63.domaincontrol.com","ns64.domaincontrol.com","","","clientDeleteProhibited","clientRenewProhibited","clientTransferProhibited","clientUpdateProhibited"
"96","mix-2020.com","2020-05-06 22:21:45","2020-05-05","2020-05-05","2021-05-05","146","GoDaddy.com, LLC","whois.godaddy.com","http://registrar.godaddy.com","\u062a\u0633\u0627\u0633\u0627","\u062a\u0633\u0627\u0633\u0627","","","\u0645\u0634 \u0639\u0627\u0631\u0641","","Egypt","","","","","","","","","","","","","","","","","","","","","","","","","","","","","","","","","","ns63.domaincontrol.com","ns64.domaincontrol.com","","","clientDeleteProhibited","clientRenewProhibited","clientTransferProhibited","clientUpdateProhibited"
"97","mohmaed2020.com","2020-05-06 20:22:24","2020-05-05","2020-05-05","2021-05-05","146","GoDaddy.com, LLC","whois.godaddy.com","http://registrar.godaddy.com","mohmaedhmaed.tk","mohmaedhmaed.tk","","","Ad Daqahl\u012byah","","Egypt","","","","","","","","","","","","","","","","","","","","","","","","","","","","","","","","","","ns41.domaincontrol.com","ns42.domaincontrol.com","","","clientDeleteProhibited","clientRenewProhibited","clientTransferProhibited","clientUpdateProhibited"
"98","motaslonserver.com","2020-05-07 01:01:28","2020-05-04","2020-05-04","2021-05-04","625","Name.com, Inc.","whois.name.com","http://www.name.com","mostafa elshenawy","it force","5 mahmoud mazhar st  - moharm bik - egypt","alexandria","alexandria","21569","Egypt","mustafa.elshenawy@yahoo.com","+20.1221988624","","mostafa elshenawy","it force","5 mahmoud mazhar st  - moharm bik - egypt","alexandria","alexandria","21569","Egypt","mustafa.elshenawy@yahoo.com","+20.1221988624","","mostafa elshenawy","it force","5 mahmoud mazhar st  - moharm bik - egypt","alexandria","alexandria","21569","Egypt","mustafa.elshenawy@yahoo.com","+20.1221988624","","","","","","","","","","","","ns1kwy.name.com","ns2glx.name.com","ns3cqz.name.com","ns4cjp.name.com","addPeriod","clientTransferProhibited","",""
"99","muqawilun.com","2020-05-06 19:28:15","2020-05-05","2020-05-05","2021-05-05","625","Name.com, Inc.","whois.name.com","http://www.name.com","muqawilun COMPANY","muqawilun","new cairo 5th settlement","CAIRO","None (International)","11865","Egypt","kimoiaa@gmail.com","+20.1111093332","","muqawilun COMPANY","muqawilun","new cairo 5th settlement","CAIRO","None (International)","11865","Egypt","kimoiaa@gmail.com","+20.1111093332","","muqawilun COMPANY","muqawilun","new cairo 5th settlement","CAIRO","None (International)","11865","Egypt","kimoiaa@gmail.com","+20.1111093332","","","","","","","","","","","","ns1kpv.name.com","ns2cqs.name.com","ns3cqz.name.com","ns4hmp.name.com","addPeriod","clientTransferProhibited","",""
"100","nafpc.com","2020-05-06 21:44:46","2020-05-05","2020-05-05","2021-05-05","146","GoDaddy.com, LLC","whois.godaddy.com","http://registrar.godaddy.com","NAFPC","NAFPC","","","Ash Sharqiyah","","Egypt","","","","","","","","","","","","","","","","","","","","","","","","","","","","","","","","","","ns77.domaincontrol.com","ns78.domaincontrol.com","","","clientDeleteProhibited","clientRenewProhibited","clientTransferProhibited","clientUpdateProhibited"
"101","najdsheep.com","2020-05-06 23:16:00","2020-05-05","2020-05-05","2021-05-05","146","GoDaddy.com, LLC","whois.godaddy.com","http://registrar.godaddy.com","Matrix Clouds","Matrix Clouds","","","Cairo","","Egypt","","","","","","","","","","","","","","","","","","","","","","","","","","","","","","","","","","ns1.digitalocean.com","ns2.digitalocean.com","ns3.digitalocean.com","","clientDeleteProhibited","clientRenewProhibited","clientTransferProhibited","clientUpdateProhibited"
"102","nazerfitness.com","2020-05-06 22:59:54","2020-05-05","2020-05-05","2021-05-05","625","Name.com, Inc.","whois.name.com","http://www.name.com","mmmmm aaaaa","","El Haram","Giza","Egypt","12111","Egypt","3hand.net@gmail.com","+20.1094490092","","mmmmm aaaaa","","El Haram","Giza","Egypt","12111","Egypt","3hand.net@gmail.com","+20.1094490092","","mmmmm aaaaa","","El Haram","Giza","Egypt","12111","Egypt","3hand.net@gmail.com","+20.1094490092","","","","","","","","","","","","ns1.emailat.net","ns2.emailat.net","","","addPeriod","clientTransferProhibited","",""
"103","netsaudiancv.com","2020-05-06 22:45:04","2020-05-05","2020-05-05","2021-05-05","146","GoDaddy.com, LLC","whois.godaddy.com","http://registrar.godaddy.com","","","","","\u0627\u0644\u0645\u0646\u0648\u0641\u064a\u0629","","Egypt","","","","","","","","","","","","","","","","","","","","","","","","","","","","","","","","","","ns77.domaincontrol.com","ns78.domaincontrol.com","","","clientDeleteProhibited","clientRenewProhibited","clientTransferProhibited","clientUpdateProhibited"
"104","nitiro.com","2020-05-06 20:34:50","2020-05-05","2020-05-05","2021-05-05","146","GoDaddy.com, LLC","whois.godaddy.com","http://registrar.godaddy.com","","","","","cairo","","Egypt","","","","","","","","","","","","","","","","","","","","","","","","","","","","","","","","","","ns41.domaincontrol.com","ns42.domaincontrol.com","","","clientDeleteProhibited","clientRenewProhibited","clientTransferProhibited","clientUpdateProhibited"
"105","office-maids.com","2020-05-06 21:09:20","2020-05-04","2020-05-04","2021-05-04","146","GoDaddy.com, LLC","whois.godaddy.com","http://registrar.godaddy.com","","","","","Nasr City","","Egypt","","","","","","","","","","","","","","","","","","","","","","","","","","","","","","","","","","ns1.arabhostingweb.com","ns2.arabhostingweb.com","","","clientDeleteProhibited","clientRenewProhibited","clientTransferProhibited","clientUpdateProhibited"
"106","ozone-egy.com","2020-05-06 20:20:40","2020-05-05","2020-05-05","2021-05-05","146","GoDaddy.com, LLC","whois.godaddy.com","http://registrar.godaddy.com","ozone","ozone","","","cairo","","Egypt","","","","","","","","","","","","","","","","","","","","","","","","","","","","","","","","","","ns3.e3lany.org","ns4.e3lany.org","","","clientDeleteProhibited","clientRenewProhibited","clientTransferProhibited","clientUpdateProhibited"
"107","palsgate.com","2020-05-06 20:26:13","2020-05-05","2020-05-05","2021-05-05","146","GoDaddy.com, LLC","whois.godaddy.com","http://registrar.godaddy.com","Zeidex","Zeidex","","","Giza","","Egypt","","","","","","","","","","","","","","","","","","","","","","","","","","","","","","","","","","ns63.domaincontrol.com","ns64.domaincontrol.com","","","clientDeleteProhibited","clientRenewProhibited","clientTransferProhibited","clientUpdateProhibited"
"108","pharmacyoneksa.com","2020-05-07 00:42:02","2020-05-04","","2021-05-04","1068","NameCheap, Inc.","whois.namecheap.com","http://www.namecheap.com","Expand Solution","Expand Solution","6th Of October","Giza","Cairo","12111","Egypt","domains@expandcart.com","+20.1212121212","","Expand Solution","Expand Solution","6th Of October","Giza","Cairo","12111","Egypt","domains@expandcart.com","+20.1212121212","","Expand Solution","Expand Solution","6th Of October","Giza","Cairo","12111","Egypt","domains@expandcart.com","+20.1212121212","","","","","","","","","","","","dns1.registrar-servers.com","dns2.registrar-servers.com","","","addPeriod","clientTransferProhibited","",""
"109","queez1.com","2020-05-07 00:54:59","2020-05-04","2020-05-04","2021-05-04","146","GoDaddy.com, LLC","whois.godaddy.com","http://registrar.godaddy.com","","","","","cairo","","Egypt","","","","","","","","","","","","","","","","","","","","","","","","","","","","","","","","","","monroe.ns.cloudflare.com","noah.ns.cloudflare.com","","","clientDeleteProhibited","clientRenewProhibited","clientTransferProhibited","clientUpdateProhibited"
"110","rashed-design.com","2020-05-06 22:27:48","2020-05-05","2020-05-05","2021-05-05","625","Name.com, Inc.","whois.name.com","http://www.name.com","Rashed Design","","new cairo 5th settlement","CAIRO","None (International)","11865","Egypt","kimoiaa@gmail.com","+20.1111093332","","Rashed Design","","new cairo 5th settlement","CAIRO","None (International)","11865","Egypt","kimoiaa@gmail.com","+20.1111093332","","Rashed Design","","new cairo 5th settlement","CAIRO","None (International)","11865","Egypt","kimoiaa@gmail.com","+20.1111093332","","","","","","","","","","","","ns1kpv.name.com","ns2cqs.name.com","ns3cqz.name.com","ns4lpv.name.com","addPeriod","clientTransferProhibited","",""
"111","rehabsallam.com","2020-05-06 22:31:52","2020-05-05","2020-05-05","2021-05-05","955","Launchpad, Inc.","whois.launchpad.com","http://www.launchpad.com","Rehab Sallam","None","Aghakhan Shoubra","Cairo","C","11351","Egypt","rehabsallam75@gmail.com","+20.1227400975","","Rehab Sallam","None","Aghakhan Shoubra","Cairo","C","11351","Egypt","rehabsallam75@gmail.com","+20.1227400975","","Rehab Sallam","None","Aghakhan Shoubra","Cairo","C","11351","Egypt","rehabsallam75@gmail.com","+20.1227400975","","","","","","","","","","","","ns8279.hostgator.com","ns8280.hostgator.com","","","clientTransferProhibited","","",""
"112","resectionegy.com","2020-05-06 22:16:25","2020-05-05","2020-05-05","2021-05-05","303","PDR Ltd. d/b/a PublicDomainRegistry.com","whois.publicdomainregistry.com","http://www.publicdomainregistry.com","Omar Saber","","2st Barakat Matar imbaba","Imbaba","Al Munirah","12815","Egypt","omarovicsaber4@gmail.com","+20.01016596158","","Omar Saber","","2st Barakat Matar imbaba","Imbaba","Al Munirah","12815","Egypt","omarovicsaber4@gmail.com","+20.01016596158","","Omar Saber","","2st Barakat Matar imbaba","Imbaba","Al Munirah","12815","Egypt","omarovicsaber4@gmail.com","+20.01016596158","","","","","","","","","","","","ns1.mysafedns.com","ns2.mysafedns.com","","","clientTransferProhibited","","",""
"113","saa7el.com","2020-05-06 19:38:28","2020-05-05","2020-05-05","2021-05-05","146","GoDaddy.com, LLC","whois.godaddy.com","http://registrar.godaddy.com","Hamis travel","Hamis travel","","","\u0627\u0644\u062c\u064a\u0632\u0629","","Egypt","","","","","","","","","","","","","","","","","","","","","","","","","","","","","","","","","","ns77.domaincontrol.com","ns78.domaincontrol.com","","","clientDeleteProhibited","clientRenewProhibited","clientTransferProhibited","clientUpdateProhibited"
"114","saferelshoghl.com","2020-05-07 01:01:11","2020-05-04","2020-05-04","2021-05-04","146","GoDaddy.com, LLC","whois.godaddy.com","http://registrar.godaddy.com","","","","","Egypt","","Egypt","","","","","","","","","","","","","","","","","","","","","","","","","","","","","","","","","","ns8283.hostgator.com","ns8284.hostgator.com","","","clientDeleteProhibited","clientRenewProhibited","clientTransferProhibited","clientUpdateProhibited"
"115","safeyadesigns.com","2020-05-06 22:28:37","2020-05-05","2020-05-05","2022-05-05","146","GoDaddy.com, LLC","whois.godaddy.com","http://registrar.godaddy.com","","","","","cairo","","Egypt","","","","","","","","","","","","","","","","","","","","","","","","","","","","","","","","","","ns41.domaincontrol.com","ns42.domaincontrol.com","","","clientDeleteProhibited","clientRenewProhibited","clientTransferProhibited","clientUpdateProhibited"
"116","salevendors.com","2020-05-06 19:37:03","2020-05-05","2020-05-05","2021-05-05","146","GoDaddy.com, LLC","whois.godaddy.com","http://registrar.godaddy.com","","","","","Dakahlia Governorate","","Egypt","","","","","","","","","","","","","","","","","","","","","","","","","","","","","","","","","","ns29.domaincontrol.com","ns30.domaincontrol.com","","","clientDeleteProhibited","clientRenewProhibited","clientTransferProhibited","clientUpdateProhibited"
"117","sebekbed.com","2020-05-06 22:31:44","2020-05-05","2020-05-05","2021-05-05","146","GoDaddy.com, LLC","whois.godaddy.com","http://registrar.godaddy.com","Yanssen Home","Yanssen Home","","","el obour","","Egypt","","","","","","","","","","","","","","","","","","","","","","","","","","","","","","","","","","ns41.domaincontrol.com","ns42.domaincontrol.com","","","clientDeleteProhibited","clientRenewProhibited","clientTransferProhibited","clientUpdateProhibited"
"118","sedqy.com","2020-05-06 22:01:05","2020-05-04","2020-05-04","2021-05-04","146","GoDaddy.com, LLC","whois.godaddy.com","http://registrar.godaddy.com","","","","","Abbas","","Egypt","","","","","","","","","","","","","","","","","","","","","","","","","","","","","","","","","","ns1.m64.siteground.biz","ns2.m64.siteground.biz","","","clientDeleteProhibited","clientRenewProhibited","clientTransferProhibited","clientUpdateProhibited"
"119","seiftrade.com","2020-05-06 19:40:21","2020-05-05","2020-05-05","2021-05-05","303","PDR Ltd. d/b/a PublicDomainRegistry.com","whois.publicdomainregistry.com","http://www.publicdomainregistry.com","MOHAMED SAMIR","Seif trade","Cairo Cairo","Cairo","","11312","Egypt","seiftrade1@gmail.com","+20.1068816320","","MOHAMED SAMIR","Seif trade","Cairo Cairo","Cairo","","11312","Egypt","seiftrade1@gmail.com","+20.1068816320","","MOHAMED SAMIR","Seif trade","Cairo Cairo","Cairo","","11312","Egypt","seiftrade1@gmail.com","+20.1068816320","","","","","","","","","","","","wuilt.mercury.orderbox-dns.com","wuilt.venus.orderbox-dns.com","","","clientTransferProhibited","","",""
"120","shaqalilegar.com","2020-05-06 22:19:54","2020-05-05","2020-05-05","2021-05-05","303","PDR Ltd. d/b/a PublicDomainRegistry.com","whois.publicdomainregistry.com","http://www.publicdomainregistry.com","hesham rabie","xculture group","cairo","cairo","","11511","Egypt","hesham12rabie@gmail.com","+20.1113316895","","hesham rabie","xculture group","cairo","cairo","","11511","Egypt","hesham12rabie@gmail.com","+20.1113316895","","hesham rabie","xculture group","cairo","cairo","","11511","Egypt","hesham12rabie@gmail.com","+20.1113316895","","","","","","","","","","","","wuilt.mercury.orderbox-dns.com","wuilt.venus.orderbox-dns.com","","","clientTransferProhibited","","",""
"121","shopsegypt.com","2020-05-06 20:20:45","2020-05-05","2020-05-05","2021-05-05","146","GoDaddy.com, LLC","whois.godaddy.com","http://registrar.godaddy.com","Elmeyasoft","Elmeyasoft","","","cairo","","Egypt","","","","","","","","","","","","","","","","","","","","","","","","","","","","","","","","","","ns63.domaincontrol.com","ns64.domaincontrol.com","","","clientDeleteProhibited","clientRenewProhibited","clientTransferProhibited","clientUpdateProhibited"
"122","shtegin-lifts.com","2020-05-06 20:26:29","2020-05-05","2020-05-05","2021-05-05","146","GoDaddy.com, LLC","whois.godaddy.com","http://registrar.godaddy.com","","","","","cairo","","Egypt","","","","","","","","","","","","","","","","","","","","","","","","","","","","","","","","","","ns.liquidweb.com","ns1.liquidweb.com","","","clientDeleteProhibited","clientRenewProhibited","clientTransferProhibited","clientUpdateProhibited"
"123","siaeg.com","2020-05-07 01:00:55","2020-05-04","2020-05-04","2023-05-04","146","GoDaddy.com, LLC","whois.godaddy.com","http://registrar.godaddy.com","Sia international academy","Sia international academy","","","rab3a nasria","","Egypt","","","","","","","","","","","","","","","","","","","","","","","","","","","","","","","","","","ns8437.hostgator.com","ns8438.hostgator.com","","","clientDeleteProhibited","clientRenewProhibited","clientTransferProhibited","clientUpdateProhibited"
"124","sotex-web.com","2020-05-06 22:27:51","2020-05-05","2020-05-05","2021-05-05","303","PDR Ltd. d/b/a PublicDomainRegistry.com","whois.publicdomainregistry.com","http://www.publicdomainregistry.com","Mohamed Elsayad","Sotex","Abo Rady 16 Shoshan st.","Elmahalla Elkobra","Algharbia","31952","Egypt","amany_faragetman@yahoo.com","+20.0402381896","","Mohamed Elsayad","Sotex","Abo Rady 16 Shoshan st.","Elmahalla Elkobra","Algharbia","31952","Egypt","amany_faragetman@yahoo.com","+20.0402381896","","Mohamed Elsayad","Sotex","Abo Rady 16 Shoshan st.","Elmahalla Elkobra","Algharbia","31952","Egypt","amany_faragetman@yahoo.com","+20.0402381896","","","","","","","","","","","","ns3.dns2host.com","ns4.dns2host.com","","","clientTransferProhibited","","",""
"125","specialty-company.com","2020-05-06 22:24:34","2020-05-05","2020-05-05","2021-05-05","146","GoDaddy.com, LLC","whois.godaddy.com","http://registrar.godaddy.com","pioneers","pioneers","","","menofeya","","Egypt","","","","","","","","","","","","","","","","","","","","","","","","","","","","","","","","","","ns49.domaincontrol.com","ns50.domaincontrol.com","","","clientDeleteProhibited","clientRenewProhibited","clientTransferProhibited","clientUpdateProhibited"
"126","stomachfriedchicken.com","2020-05-07 01:02:59","2020-05-04","2020-05-04","2021-05-04","303","PDR Ltd. d/b/a PublicDomainRegistry.com","whois.publicdomainregistry.com","http://www.publicdomainregistry.com","Mohammed Abou Bakr","Mohammed Abou Bakr","Villa 82 Group v22 , Madinaty","Cairo","Cairo","19519","Egypt","maboubakr9@gmail.com","+20.1003794005","","Mohammed Abou Bakr","Mohammed Abou Bakr","Villa 82 Group v22 , Madinaty","Cairo","Cairo","19519","Egypt","maboubakr9@gmail.com","+20.1003794005","","Mohammed Abou Bakr","Mohammed Abou Bakr","Villa 82 Group v22 , Madinaty","Cairo","Cairo","19519","Egypt","maboubakr9@gmail.com","+20.1003794005","","","","","","","","","","","","ns1.dns-parking.com","ns2.dns-parking.com","","","clientTransferProhibited","","",""
"127","svedm.com","2020-05-07 00:33:37","2020-05-05","2020-05-05","2021-05-05","146","GoDaddy.com, LLC","whois.godaddy.com","http://registrar.godaddy.com","","","","","cairo","","Egypt","","","","","","","","","","","","","","","","","","","","","","","","","","","","","","","","","","ns1.contabo.net","ns2.contabo.net","ns3.contabo.net","","clientDeleteProhibited","clientRenewProhibited","clientTransferProhibited","clientUpdateProhibited"
"128","tarteelalquran.com","2020-05-07 00:01:55","2020-05-05","2020-05-05","2021-05-05","146","GoDaddy.com, LLC","whois.godaddy.com","http://registrar.godaddy.com","Tarttel","Tarttel","","","Giza","","Egypt","","","","","","","","","","","","","","","","","","","","","","","","","","","","","","","","","","ns49.domaincontrol.com","ns50.domaincontrol.com","","","clientDeleteProhibited","clientRenewProhibited","clientTransferProhibited","clientUpdateProhibited"
"129","tayets.com","2020-05-07 01:01:34","2020-05-04","2020-05-04","2022-05-04","146","GoDaddy.com, LLC","whois.godaddy.com","http://registrar.godaddy.com","tayets","tayets","","","giza","","Egypt","","","","","","","","","","","","","","","","","","","","","","","","","","","","","","","","","","ns1.inmotionhosting.com","ns2.inmotionhosting.com","","","clientDeleteProhibited","clientRenewProhibited","clientTransferProhibited","clientUpdateProhibited"
"130","the-hijackers.com","2020-05-07 01:03:02","2020-05-04","2020-05-04","2021-05-04","146","GoDaddy.com, LLC","whois.godaddy.com","http://registrar.godaddy.com","Bassam Yasser","Bassam Yasser","","","Cairo","","Egypt","","","","","","","","","","","","","","","","","","","","","","","","","","","","","","","","","","ns49.domaincontrol.com","ns50.domaincontrol.com","","","clientDeleteProhibited","clientRenewProhibited","clientTransferProhibited","clientUpdateProhibited"
"131","thegeneratorzon.com","2020-05-06 22:58:57","2020-05-05","","2021-05-05","1068","NameCheap, Inc.","whois.namecheap.com","http://www.namecheap.com","ahmed rasmi","","4anwarshehata elomrania elgiza","elgiza","NA","12511","Egypt","rasmyahmed845@gmail.com","+20.01277991668","","ahmed rasmi","","4anwarshehata elomrania elgiza","elgiza","NA","12511","Egypt","rasmyahmed845@gmail.com","+20.01277991668","","ahmed rasmi","","4anwarshehata elomrania elgiza","elgiza","NA","12511","Egypt","rasmyahmed845@gmail.com","+20.01277991668","","","","","","","","","","","","dns1.namecheaphosting.com","dns2.namecheaphosting.com","","","addPeriod","clientTransferProhibited","",""
"132","tomorkw.com","2020-05-07 01:09:08","2020-05-04","2020-05-04","2021-05-04","146","GoDaddy.com, LLC","whois.godaddy.com","http://registrar.godaddy.com","offaratmasr","offaratmasr","","","sharqia","","Egypt","","","","","","","","","","","","","","","","","","","","","","","","","","","","","","","","","","ns41.domaincontrol.com","ns42.domaincontrol.com","","","clientDeleteProhibited","clientRenewProhibited","clientTransferProhibited","clientUpdateProhibited"
"133","topnews-1.com","2020-05-06 22:26:21","2020-05-05","2020-05-05","2021-05-05","146","GoDaddy.com, LLC","whois.godaddy.com","http://registrar.godaddy.com","","","","","shabin alqanatir","","Egypt","","","","","","","","","","","","","","","","","","","","","","","","","","","","","","","","","","ns63.domaincontrol.com","ns64.domaincontrol.com","","","clientDeleteProhibited","clientRenewProhibited","clientTransferProhibited","clientUpdateProhibited"
"134","topnews522.com","2020-05-06 19:32:27","2020-05-04","2020-05-04","2021-05-04","146","GoDaddy.com, LLC","whois.godaddy.com","http://registrar.godaddy.com","","","","","cairo","","Egypt","","","","","","","","","","","","","","","","","","","","","","","","","","","","","","","","","","ns77.domaincontrol.com","ns78.domaincontrol.com","","","clientDeleteProhibited","clientRenewProhibited","clientTransferProhibited","clientUpdateProhibited"
"135","tv3rby.com","2020-05-06 20:27:42","2020-05-05","2020-05-05","2021-05-05","146","GoDaddy.com, LLC","whois.godaddy.com","http://registrar.godaddy.com","","","","","Alexandria","","Egypt","","","","","","","","","","","","","","","","","","","","","","","","","","","","","","","","","","ns29.domaincontrol.com","ns30.domaincontrol.com","","","clientDeleteProhibited","clientRenewProhibited","clientTransferProhibited","clientUpdateProhibited"
"136","ubrothersformarble.com","2020-05-06 19:28:03","2020-05-05","2020-05-05","2021-05-05","625","Name.com, Inc.","whois.name.com","http://www.name.com","joseph botros","","cairo","ashmoun","monofiya","32811","Egypt","mr.joe.mic@gmail.com","+20.1285432969","","joseph botros","","cairo","ashmoun","monofiya","32811","Egypt","mr.joe.mic@gmail.com","+20.1285432969","","joseph botros","","cairo","ashmoun","monofiya","32811","Egypt","mr.joe.mic@gmail.com","+20.1285432969","","","","","","","","","","","","ns1.horizon.net.sa","ns2.horizon.net.sa","","","addPeriod","clientTransferProhibited","",""
"137","unitedforcementindustries.com","2020-05-06 21:00:35","2020-05-04","2020-05-04","2021-05-04","146","GoDaddy.com, LLC","whois.godaddy.com","http://registrar.godaddy.com","","","","","Egypt","","Egypt","","","","","","","","","","","","","","","","","","","","","","","","","","","","","","","","","","ns29.domaincontrol.com","ns30.domaincontrol.com","","","clientDeleteProhibited","clientRenewProhibited","clientTransferProhibited","clientUpdateProhibited"
"138","urcoursez.com","2020-05-06 23:43:25","2020-05-05","2020-05-05","2021-05-05","69","Tucows Domains Inc.","whois.tucows.com","http://domainhelp.opensrs.net","REDACTED FOR PRIVACY","REDACTED FOR PRIVACY","REDACTED FOR PRIVACY","REDACTED FOR PRIVACY","XX","REDACTED FOR PRIVACY","Egypt","","REDACTED FOR PRIVACY","REDACTED FOR PRIVACY","REDACTED FOR PRIVACY","REDACTED FOR PRIVACY","REDACTED FOR PRIVACY","REDACTED FOR PRIVACY","REDACTED FOR PRIVACY","REDACTED FOR PRIVACY","REDACTED FOR PRIVACY","","REDACTED FOR PRIVACY","REDACTED FOR PRIVACY","REDACTED FOR PRIVACY","REDACTED FOR PRIVACY","REDACTED FOR PRIVACY","REDACTED FOR PRIVACY","REDACTED FOR PRIVACY","REDACTED FOR PRIVACY","REDACTED FOR PRIVACY","","REDACTED FOR PRIVACY","REDACTED FOR PRIVACY","","","","","","","","","","","ns1.gnld1034.siteground.eu","ns2.gnld1034.siteground.eu","","","clientTransferProhibited","clientUpdateProhibited","",""
"139","usd2u.com","2020-05-07 00:08:05","2020-05-05","2020-05-05","2021-05-05","146","GoDaddy.com, LLC","whois.godaddy.com","http://registrar.godaddy.com","","","","","cairo","","Egypt","","","","","","","","","","","","","","","","","","","","","","","","","","","","","","","","","","ns49.domaincontrol.com","ns50.domaincontrol.com","","","clientDeleteProhibited","clientRenewProhibited","clientTransferProhibited","clientUpdateProhibited"
"140","vercohome.com","2020-05-06 20:59:34","2020-05-04","2020-05-04","2021-05-04","303","PDR Ltd. d/b/a PublicDomainRegistry.com","whois.publicdomainregistry.com","http://www.publicdomainregistry.com","innoshop","co","egypt","ca","Ca","12345","Egypt","s.innoshop@gmail.com","+20.1116615610","","innoshop","co","egypt","ca","Ca","12345","Egypt","s.innoshop@gmail.com","+20.1116615610","","innoshop","co","egypt","ca","Ca","12345","Egypt","s.innoshop@gmail.com","+20.1116615610","","","","","","","","","","","","alan.ns.cloudflare.com","nelly.ns.cloudflare.com","","","clientTransferProhibited","","",""
"141","vf-eg.com","2020-05-06 23:05:09","2020-05-05","","2021-05-05","1068","NameCheap, Inc.","whois.namecheap.com","http://www.namecheap.com","ATHEER MOSTAFA","STARWARE","CAIRO","CAIRO","CAIRO","11811","Egypt","atheer@star-ware.com","+20.1013611146","","ATHEER MOSTAFA","STARWARE","CAIRO","CAIRO","CA","11811","Egypt","atheer@star-ware.com","+20.1013611146","","ATHEER MOSTAFA","STARWARE","CAIRO","CAIRO","CA","11811","Egypt","atheer@star-ware.com","+20.1013611146","","","","","","","","","","","","ns1.vfecloud.com","ns2.vfecloud.net","ns3.vfecloud.net","","addPeriod","clientTransferProhibited","",""
"142","waselmisr.com","2020-05-06 19:37:57","2020-05-05","2020-05-05","2021-05-05","303","PDR Ltd. d/b/a PublicDomainRegistry.com","whois.publicdomainregistry.com","http://www.publicdomainregistry.com","ahmedelsaey","3stores","21 defrawy street","menof","Al Minuflyah","32952","Egypt","ahmedelsaey@gmail.com","+20.1008787618","","ahmedelsaey","3stores","21 defrawy street","menof","Al Minuflyah","32952","Egypt","ahmedelsaey@gmail.com","+20.1008787618","","ahmedelsaey","3stores","21 defrawy street","menof","Al Minuflyah","32952","Egypt","ahmedelsaey@gmail.com","+20.1008787618","","","","","","","","","","","","ns1.3stores.net","ns2.3stores.net","","","clientTransferProhibited","","",""
"143","way-to-progress.com","2020-05-06 23:34:01","2020-05-05","2020-05-05","2021-05-05","146","GoDaddy.com, LLC","whois.godaddy.com","http://registrar.godaddy.com","","","","","Sharkia","","Egypt","","","","","","","","","","","","","","","","","","","","","","","","","","","","","","","","","","elle.ns.cloudflare.com","leif.ns.cloudflare.com","","","clientDeleteProhibited","clientRenewProhibited","clientTransferProhibited","clientUpdateProhibited"
"144","wazzan4insect.com","2020-05-06 23:08:10","2020-05-05","2020-05-05","2021-05-05","146","GoDaddy.com, LLC","whois.godaddy.com","http://registrar.godaddy.com","","","","","Egypt","","Egypt","","","","","","","","","","","","","","","","","","","","","","","","","","","","","","","","","","ns41.domaincontrol.com","ns42.domaincontrol.com","","","clientDeleteProhibited","clientRenewProhibited","clientTransferProhibited","clientUpdateProhibited"
"145","wslatech.com","2020-05-06 19:28:50","2020-05-05","2020-05-05","2021-05-05","146","GoDaddy.com, LLC","whois.godaddy.com","http://registrar.godaddy.com","","","","","Egypt","","Egypt","","","","","","","","","","","","","","","","","","","","","","","","","","","","","","","","","","ns63.domaincontrol.com","ns64.domaincontrol.com","","","clientDeleteProhibited","clientRenewProhibited","clientTransferProhibited","clientUpdateProhibited"
"146","xn--ngbud9esa.com","2020-05-06 21:52:22","2020-05-04","2020-05-04","2021-05-04","146","GoDaddy.com, LLC","whois.godaddy.com","http://registrar.godaddy.com","","","","","cairo","","Egypt","","","","","","","","","","","","","","","","","","","","","","","","","","","","","","","","","","ns77.domaincontrol.com","ns78.domaincontrol.com","","","clientDeleteProhibited","clientRenewProhibited","clientTransferProhibited","clientUpdateProhibited"
"147","zeroo5.com","2020-05-06 23:29:04","2020-05-05","2020-05-05","2021-05-05","146","GoDaddy.com, LLC","whois.godaddy.com","http://registrar.godaddy.com","","","","","eg","","Egypt","","","","","","","","","","","","","","","","","","","","","","","","","","","","","","","","","","ns1.1-eg.com","ns2.1-eg.com","","","clientDeleteProhibited","clientRenewProhibited","clientTransferProhibited","clientUpdateProhibited"