"num","domain_name","query_time","create_date","update_date","expiry_date","domain_registrar_id","domain_registrar_name","domain_registrar_whois","domain_registrar_url","registrant_name","registrant_company","registrant_address","registrant_city","registrant_state","registrant_zip","registrant_country","registrant_email","registrant_phone","registrant_fax","administrative_name","administrative_company","administrative_address","administrative_city","administrative_state","administrative_zip","administrative_country","administrative_email","administrative_phone","administrative_fax","technical_name","technical_company","technical_address","technical_city","technical_state","technical_zip","technical_country","technical_email","technical_phone","technical_fax","billing_name","billing_company","billing_address","billing_city","billing_state","billing_zip","billing_country","billing_email","billing_phone","billing_fax","name_server_1","name_server_2","name_server_3","name_server_4","domain_status_1","domain_status_2","domain_status_3","domain_status_4"
"1","bokofy.com","2020-05-06 23:19:53","2020-05-05","2020-05-05","2021-05-05","106","Ascio Technologies, Inc. Danmark - Filial af Ascio technologies, Inc. USA","whois.ascio.com","http://www.ascio.com","Not Disclosed","Not Disclosed","Not Disclosed","Not Disclosed","Harju","Not Disclosed","Estonia","","Not Disclosed","Not Disclosed","Not Disclosed","Not Disclosed","Not Disclosed","Not Disclosed","Not Disclosed","Not Disclosed","Not Disclosed","","Not Disclosed","Not Disclosed","Not Disclosed","Not Disclosed","Not Disclosed","Not Disclosed","Not Disclosed","Not Disclosed","Not Disclosed","","Not Disclosed","Not Disclosed","","","","","","","","","","","ns.zone.eu","ns2.zone.ee","ns3.zonedata.net","","clientTransferProhibited","","",""
"2","cityheaven.bet","2020-05-06 14:38:26","2020-05-04","2020-05-04","2021-05-04","472","Dynadot, LLC","whois.dynadot.com","http://www.dynadot.com","","","","","Harjumaa","","Estonia","","","","","","","","","","","","","","","","","","","","","","","","","","","","","","","","","","ns1.dynadot.com","ns2.dynadot.com","","","addPeriod","serverTransferProhibited","",""
"3","datalytika.com","2020-05-06 22:24:38","2020-05-05","2020-05-05","2023-05-05","146","GoDaddy.com, LLC","whois.godaddy.com","http://registrar.godaddy.com","","","","","Harjumaa","","Estonia","","","","","","","","","","","","","","","","","","","","","","","","","","","","","","","","","","ns41.domaincontrol.com","ns42.domaincontrol.com","","","clientDeleteProhibited","clientRenewProhibited","clientTransferProhibited","clientUpdateProhibited"
"4","digidemocracy.com","2020-05-06 23:27:18","2020-05-05","2020-05-05","2021-05-05","106","Ascio Technologies, Inc. Danmark - Filial af Ascio technologies, Inc. USA","whois.ascio.com","http://www.ascio.com","Not Disclosed","Not Disclosed","Not Disclosed","Not Disclosed","Harju","Not Disclosed","Estonia","","Not Disclosed","Not Disclosed","Not Disclosed","Not Disclosed","Not Disclosed","Not Disclosed","Not Disclosed","Not Disclosed","Not Disclosed","","Not Disclosed","Not Disclosed","Not Disclosed","Not Disclosed","Not Disclosed","Not Disclosed","Not Disclosed","Not Disclosed","Not Disclosed","","Not Disclosed","Not Disclosed","","","","","","","","","","","ns.zone.eu","ns2.zone.ee","ns3.zonedata.net","","clientTransferProhibited","","",""
"5","effocracy.com","2020-05-06 22:26:24","2020-05-05","2020-05-05","2021-05-05","106","Ascio Technologies, Inc. Danmark - Filial af Ascio technologies, Inc. USA","whois.ascio.com","http://www.ascio.com","Not Disclosed","Not Disclosed","Not Disclosed","Not Disclosed","Harju","Not Disclosed","Estonia","","Not Disclosed","Not Disclosed","Not Disclosed","Not Disclosed","Not Disclosed","Not Disclosed","Not Disclosed","Not Disclosed","Not Disclosed","","Not Disclosed","Not Disclosed","Not Disclosed","Not Disclosed","Not Disclosed","Not Disclosed","Not Disclosed","Not Disclosed","Not Disclosed","","Not Disclosed","Not Disclosed","","","","","","","","","","","ns.zone.eu","ns2.zone.ee","ns3.zonedata.net","","clientTransferProhibited","","",""
"6","effrocacy.com","2020-05-06 23:29:03","2020-05-05","2020-05-05","2021-05-05","106","Ascio Technologies, Inc. Danmark - Filial af Ascio technologies, Inc. USA","whois.ascio.com","http://www.ascio.com","Not Disclosed","Not Disclosed","Not Disclosed","Not Disclosed","Harju","Not Disclosed","Estonia","","Not Disclosed","Not Disclosed","Not Disclosed","Not Disclosed","Not Disclosed","Not Disclosed","Not Disclosed","Not Disclosed","Not Disclosed","","Not Disclosed","Not Disclosed","Not Disclosed","Not Disclosed","Not Disclosed","Not Disclosed","Not Disclosed","Not Disclosed","Not Disclosed","","Not Disclosed","Not Disclosed","","","","","","","","","","","ns.zone.eu","ns2.zone.ee","ns3.zonedata.net","","clientTransferProhibited","","",""
"7","efrocacy.com","2020-05-06 23:27:11","2020-05-05","2020-05-05","2021-05-05","106","Ascio Technologies, Inc. Danmark - Filial af Ascio technologies, Inc. USA","whois.ascio.com","http://www.ascio.com","Not Disclosed","Not Disclosed","Not Disclosed","Not Disclosed","Harju","Not Disclosed","Estonia","","Not Disclosed","Not Disclosed","Not Disclosed","Not Disclosed","Not Disclosed","Not Disclosed","Not Disclosed","Not Disclosed","Not Disclosed","","Not Disclosed","Not Disclosed","Not Disclosed","Not Disclosed","Not Disclosed","Not Disclosed","Not Disclosed","Not Disclosed","Not Disclosed","","Not Disclosed","Not Disclosed","","","","","","","","","","","ns.zone.eu","ns2.zone.ee","ns3.zonedata.net","","clientTransferProhibited","","",""
"8","elinasufia.com","2020-05-06 21:29:03","2020-05-04","2020-05-04","2021-05-04","106","Ascio Technologies, Inc. Danmark - Filial af Ascio technologies, Inc. USA","whois.ascio.com","http://www.ascio.com","Not Disclosed","Not Disclosed","Not Disclosed","Not Disclosed","Saaremaa","Not Disclosed","Estonia","","Not Disclosed","Not Disclosed","Not Disclosed","Not Disclosed","Not Disclosed","Not Disclosed","Not Disclosed","Not Disclosed","Not Disclosed","","Not Disclosed","Not Disclosed","Not Disclosed","Not Disclosed","Not Disclosed","Not Disclosed","Not Disclosed","Not Disclosed","Not Disclosed","","Not Disclosed","Not Disclosed","","","","","","","","","","","ns.zone.eu","ns2.zone.ee","ns3.zonedata.net","","clientTransferProhibited","","",""
"9","endfb.com","2020-05-06 20:34:44","2020-05-05","2020-05-05","2021-05-05","146","GoDaddy.com, LLC","whois.godaddy.com","http://registrar.godaddy.com","None","None","","","Viljandimaa","","Estonia","","","","","","","","","","","","","","","","","","","","","","","","","","","","","","","","","","ns49.domaincontrol.com","ns50.domaincontrol.com","","","clientDeleteProhibited","clientRenewProhibited","clientTransferProhibited","clientUpdateProhibited"
"10","equilibre-energetique.com","2020-05-06 20:25:14","2020-05-05","2020-05-05","2021-05-05","74","Online SAS","whois.bookmyname.com","http://www.bookmyname.com","Franck Turjman","","Narva mnt 5","TALLINN","","10117","Estonia","dns-nospam@o2switch.fr","+33.444446040","","Alexandre YEPES","O2SWITCH","222 Boulevard Gustave Flaubert, For Customer","CLERMONT FERRAND","","63000","France","dns-nospam@o2switch.fr","+33.444446040","+33.444446041","Alexandre YEPES","O2SWITCH","222 Boulevard Gustave Flaubert, For Customer","CLERMONT FERRAND","","63000","France","dns-nospam@o2switch.fr","+33.444446040","+33.444446041","","","","","","","","","","","ns1.o2switch.net","ns2.o2switch.net","","","clientTransferProhibited","","",""
"11","estamask.com","2020-05-06 20:44:10","2020-05-04","2020-05-04","2021-05-04","146","GoDaddy.com, LLC","whois.godaddy.com","http://registrar.godaddy.com","Kautomatica OU","Kautomatica OU","","","Ida-Virumaa","","Estonia","","","","","","","","","","","","","","","","","","","","","","","","","","","","","","","","","","ns1-351.axc.nl","ns2-351.axc.nl","","","clientDeleteProhibited","clientRenewProhibited","clientTransferProhibited","clientUpdateProhibited"
"12","eurotas2021.com","2020-05-06 22:43:01","2020-05-05","2020-05-05","2021-05-04","1052","EuroDNS S.A.","http://whois.rotld.ro","http://www.eurodns.com","Biechonski Jerzy Igor","Trance-personal OU","Jaska, Pikkjarve kula,","Valga vald","","68110","Estonia","kadri@teadlikmina.ee","+372.56450677","","Biechonski Jerzy Igor","Trance-personal OU","Jaska, Pikkjarve kula,","Valga vald","","68110","Estonia","kadri@teadlikmina.ee","+372.56450677","","Biechonski Jerzy Igor","Trance-personal OU","Jaska, Pikkjarve kula,","Valga vald","","68110","Estonia","kadri@teadlikmina.ee","+372.56450677","","","","","","","","","","","","ns.elkdata.ee","ns2.elkdata.ee","ns3.elkdata.net","","clientTransferProhibited","","",""
"13","fatcat.center","2020-05-06 18:57:59","2020-05-05","2020-05-05","2021-05-05","106","Ascio Technologies, Inc. Danmark - Filial af Ascio technologies, Inc. USA","whois.ascio.com","http://www.ascio.com","REDACTED FOR PRIVACY","","REDACTED FOR PRIVACY","REDACTED FOR PRIVACY","Harku","REDACTED FOR PRIVACY","Estonia","","REDACTED FOR PRIVACY","REDACTED FOR PRIVACY","","","","","","","","","","","","","","","","","","","","","","","","","","","","","","","","","","","addPeriod","clientTransferProhibited","",""
"14","field-force.com","2020-05-06 21:00:46","2020-05-04","2020-05-04","2021-05-04","1771","DropCatch.com 360 LLC","whois.namebright.com","http://www.dropcatch360.com","Redacted for GDPR privacy","","Redacted for GDPR privacy","Redacted for GDPR privacy","Harjumaa","Redacted for GDPR privacy","Estonia","","Redacted for GDPR privacy","Redacted for GDPR privacy","Redacted for GDPR privacy","Redacted for GDPR privacy","Redacted for GDPR privacy","Redacted for GDPR privacy","Redacted for GDPR privacy","Redacted for GDPR privacy","Redacted for GDPR privacy","","Redacted for GDPR privacy","Redacted for GDPR privacy","Redacted for GDPR privacy","Redacted for GDPR privacy","Redacted for GDPR privacy","Redacted for GDPR privacy","Redacted for GDPR privacy","Redacted for GDPR privacy","Redacted for GDPR privacy","","Redacted for GDPR privacy","Redacted for GDPR privacy","","","","","","","","","","","","","","","clientTransferProhibited","","",""
"15","index-education.bet","2020-05-06 14:38:25","2020-05-04","2020-05-04","2021-05-04","472","Dynadot, LLC","whois.dynadot.com","http://www.dynadot.com","","","","","Harjumaa","","Estonia","","","","","","","","","","","","","","","","","","","","","","","","","","","","","","","","","","ns1.dynadot.com","ns2.dynadot.com","","","addPeriod","serverTransferProhibited","",""
"16","isiklikassistent.com","2020-05-06 20:34:18","2020-05-05","2020-05-05","2021-05-05","106","Ascio Technologies, Inc. Danmark - Filial af Ascio technologies, Inc. USA","whois.ascio.com","http://www.ascio.com","Not Disclosed","Not Disclosed","Not Disclosed","Not Disclosed","Harjumaa","Not Disclosed","Estonia","","Not Disclosed","Not Disclosed","Not Disclosed","Not Disclosed","Not Disclosed","Not Disclosed","Not Disclosed","Not Disclosed","Not Disclosed","","Not Disclosed","Not Disclosed","Not Disclosed","Not Disclosed","Not Disclosed","Not Disclosed","Not Disclosed","Not Disclosed","Not Disclosed","","Not Disclosed","Not Disclosed","","","","","","","","","","","ns.zone.eu","ns2.zone.ee","ns3.zonedata.net","","clientTransferProhibited","","",""
"17","itafilm.net","2020-05-06 19:02:17","2020-05-05","2020-05-05","2021-05-05","472","Dynadot, LLC","whois.dynadot.com","http://www.dynadot.com","Jurgen Neeme","","Parnu Mnt 139C","Tallinn","Harjumaa","11317","Estonia","jurgen@opus.ws","+372.55983275","","Jurgen Neeme","","Parnu Mnt 139C","Tallinn","Harjumaa","11317","Estonia","jurgen@opus.ws","+372.55983275","","Jurgen Neeme","","Parnu Mnt 139C","Tallinn","Harjumaa","11317","Estonia","jurgen@opus.ws","+372.55983275","","","","","","","","","","","","ns1.dynadot.com","ns2.dynadot.com","","","","","",""
"18","pendingdns.com","2020-05-06 22:19:23","2020-05-05","2020-05-05","2021-05-05","433","OVH sas","whois.ovh.com","http://www.ovh.com","REDACTED FOR PRIVACY","Guitarium OU","REDACTED FOR PRIVACY","REDACTED FOR PRIVACY","","REDACTED FOR PRIVACY","Estonia","7bivx5b2hxzif40wsj5w@t.o-w-o.info","REDACTED FOR PRIVACY","REDACTED FOR PRIVACY","REDACTED FOR PRIVACY","REDACTED FOR PRIVACY","REDACTED FOR PRIVACY","REDACTED FOR PRIVACY","REDACTED FOR PRIVACY","REDACTED FOR PRIVACY","REDACTED FOR PRIVACY","6pn4gga47ht8i8qt91o5@d.o-w-o.info","REDACTED FOR PRIVACY","REDACTED FOR PRIVACY","REDACTED FOR PRIVACY","REDACTED FOR PRIVACY","REDACTED FOR PRIVACY","REDACTED FOR PRIVACY","REDACTED FOR PRIVACY","REDACTED FOR PRIVACY","REDACTED FOR PRIVACY","6pn4gga47ht8i8qt91o5@d.o-w-o.info","REDACTED FOR PRIVACY","REDACTED FOR PRIVACY","","","","","","","","","","","dns110.ovh.net","ns110.ovh.net","","","clientDeleteProhibited","clientTransferProhibited","",""
"19","personaalneassistent.com","2020-05-06 22:15:36","2020-05-05","2020-05-05","2021-05-05","106","Ascio Technologies, Inc. Danmark - Filial af Ascio technologies, Inc. USA","whois.ascio.com","http://www.ascio.com","Not Disclosed","Not Disclosed","Not Disclosed","Not Disclosed","Harjumaa","Not Disclosed","Estonia","","Not Disclosed","Not Disclosed","Not Disclosed","Not Disclosed","Not Disclosed","Not Disclosed","Not Disclosed","Not Disclosed","Not Disclosed","","Not Disclosed","Not Disclosed","Not Disclosed","Not Disclosed","Not Disclosed","Not Disclosed","Not Disclosed","Not Disclosed","Not Disclosed","","Not Disclosed","Not Disclosed","","","","","","","","","","","ns.zone.eu","ns2.zone.ee","ns3.zonedata.net","","clientTransferProhibited","","",""
"20","redepoo.com","2020-05-06 22:24:19","2020-05-05","2020-05-05","2021-05-04","1052","EuroDNS S.A.","http://whois.rotld.ro","http://www.eurodns.com","REDACTED FOR PRIVACY REDACTED FOR PRIVACY","REDACTED FOR PRIVACY","REDACTED FOR PRIVACY","Tallinn","","74013","Estonia","4694d64d0a16fb89332d088634dc384b_2227163_o@whoisprivacy.com","REDACTED FOR PRIVACY","REDACTED FOR PRIVACY","REDACTED FOR PRIVACY REDACTED FOR PRIVACY","REDACTED FOR PRIVACY","REDACTED FOR PRIVACY","Tallinn","","74013","Estonia","ede417f435bf74c23bc700da4695273e_2227163_a@whoisprivacy.com","REDACTED FOR PRIVACY","REDACTED FOR PRIVACY","REDACTED FOR PRIVACY REDACTED FOR PRIVACY","REDACTED FOR PRIVACY","REDACTED FOR PRIVACY","Tallinn","","74013","Estonia","090cfe5dfc5be526948fd4a3cdab60f7_2227163_t@whoisprivacy.com","REDACTED FOR PRIVACY","REDACTED FOR PRIVACY","","","","","","","","","","","ns.elkdata.ee","ns2.elkdata.ee","ns3.elkdata.net","","clientTransferProhibited","","",""
"21","reginamareta.com","2020-05-06 21:01:26","2020-05-04","2020-05-04","2021-05-04","1647","Hosting Concepts B.V. dba Openprovider","whois.registrar.eu","http://www.openprovider.com","REDACTED FOR PRIVACY","","REDACTED FOR PRIVACY","REDACTED FOR PRIVACY","","REDACTED FOR PRIVACY","Estonia","","REDACTED FOR PRIVACY","REDACTED FOR PRIVACY","REDACTED FOR PRIVACY","REDACTED FOR PRIVACY","REDACTED FOR PRIVACY","REDACTED FOR PRIVACY","REDACTED FOR PRIVACY","REDACTED FOR PRIVACY","REDACTED FOR PRIVACY","","REDACTED FOR PRIVACY","REDACTED FOR PRIVACY","REDACTED FOR PRIVACY","REDACTED FOR PRIVACY","REDACTED FOR PRIVACY","REDACTED FOR PRIVACY","REDACTED FOR PRIVACY","REDACTED FOR PRIVACY","REDACTED FOR PRIVACY","","REDACTED FOR PRIVACY","REDACTED FOR PRIVACY","","","","","","","","","","","ns1.openprovider.nl","ns2.openprovider.be","ns3.openprovider.eu","","clientTransferProhibited","ok","",""
"22","rhuteni.com","2020-05-06 23:13:04","2020-05-05","2020-05-05","2021-05-05","303","PDR Ltd. d/b/a PublicDomainRegistry.com","whois.publicdomainregistry.com","http://www.publicdomainregistry.com","GDPR Masked","GDPR Masked","GDPR Masked","GDPR Masked","Harjumaa","GDPR Masked","Estonia","gdpr-masking@gdpr-masked.com","GDPR Masked","GDPR Masked","GDPR Masked","GDPR Masked","GDPR Masked","GDPR Masked","GDPR Masked","GDPR Masked","GDPR Masked","gdpr-masking@gdpr-masked.com","GDPR Masked","GDPR Masked","GDPR Masked","GDPR Masked","GDPR Masked","GDPR Masked","GDPR Masked","GDPR Masked","GDPR Masked","gdpr-masking@gdpr-masked.com","GDPR Masked","GDPR Masked","","","","","","","","","","","ns.wavecom.ee","ns2.wavecom.ee","","","clientTransferProhibited","","",""
"23","rohering.com","2020-05-06 19:27:46","2020-05-05","2020-05-05","2021-05-04","1052","EuroDNS S.A.","http://whois.rotld.ro","http://www.eurodns.com","REDACTED FOR PRIVACY REDACTED FOR PRIVACY","REDACTED FOR PRIVACY","REDACTED FOR PRIVACY","Tallinn","","74013","Estonia","c61c9d11d30d26a743632da55b7fcfb1_2227164_o@whoisprivacy.com","REDACTED FOR PRIVACY","REDACTED FOR PRIVACY","REDACTED FOR PRIVACY REDACTED FOR PRIVACY","REDACTED FOR PRIVACY","REDACTED FOR PRIVACY","Tallinn","","74013","Estonia","94876bd89f2e555f88e36afa937a3bf6_2227164_a@whoisprivacy.com","REDACTED FOR PRIVACY","REDACTED FOR PRIVACY","REDACTED FOR PRIVACY REDACTED FOR PRIVACY","REDACTED FOR PRIVACY","REDACTED FOR PRIVACY","Tallinn","","74013","Estonia","2ce8ea63aa9e5c91fbeda2e42386e002_2227164_t@whoisprivacy.com","REDACTED FOR PRIVACY","REDACTED FOR PRIVACY","","","","","","","","","","","ns.elkdata.ee","ns2.elkdata.ee","ns3.elkdata.net","","clientTransferProhibited","","",""
"24","schoolaby.com","2020-05-06 23:17:55","2020-05-05","2020-05-05","2021-05-05","106","Ascio Technologies, Inc. Danmark - Filial af Ascio technologies, Inc. USA","whois.ascio.com","http://www.ascio.com","Not Disclosed","Not Disclosed","Not Disclosed","Not Disclosed","Harju","Not Disclosed","Estonia","","Not Disclosed","Not Disclosed","Not Disclosed","Not Disclosed","Not Disclosed","Not Disclosed","Not Disclosed","Not Disclosed","Not Disclosed","","Not Disclosed","Not Disclosed","Not Disclosed","Not Disclosed","Not Disclosed","Not Disclosed","Not Disclosed","Not Disclosed","Not Disclosed","","Not Disclosed","Not Disclosed","","","","","","","","","","","ns.zone.eu","ns2.zone.ee","ns3.zonedata.net","","clientTransferProhibited","","",""
"25","taichung-plaza.com","2020-05-06 21:09:43","2020-05-04","2020-05-04","2021-05-04","3615","DropCatch.com 1406 LLC","","","Redacted for GDPR privacy","","Redacted for GDPR privacy","Redacted for GDPR privacy","Harjumaa","Redacted for GDPR privacy","Estonia","","Redacted for GDPR privacy","Redacted for GDPR privacy","Redacted for GDPR privacy","Redacted for GDPR privacy","Redacted for GDPR privacy","Redacted for GDPR privacy","Redacted for GDPR privacy","Redacted for GDPR privacy","Redacted for GDPR privacy","","Redacted for GDPR privacy","Redacted for GDPR privacy","Redacted for GDPR privacy","Redacted for GDPR privacy","Redacted for GDPR privacy","Redacted for GDPR privacy","Redacted for GDPR privacy","Redacted for GDPR privacy","Redacted for GDPR privacy","","Redacted for GDPR privacy","Redacted for GDPR privacy","","","","","","","","","","","","","","","clientTransferProhibited","","",""
"26","wwwholland.com","2020-05-06 20:47:17","2020-05-04","2020-05-05","2021-05-04","2284","Dynadot15 LLC","whois.nic.asia","","Jurgen Neeme","","Parnu Mnt 139C","Tallinn","Harjumaa","11317","Estonia","jurgen@opus.ws","+372.55983275","","Jurgen Neeme","","Parnu Mnt 139C","Tallinn","Harjumaa","11317","Estonia","jurgen@opus.ws","+372.55983275","","Jurgen Neeme","","Parnu Mnt 139C","Tallinn","Harjumaa","11317","Estonia","jurgen@opus.ws","+372.55983275","","","","","","","","","","","","ns1.dynadot.com","ns2.dynadot.com","","","","","",""
"27","yogamereal.com","2020-05-06 22:23:28","2020-05-05","2020-05-05","2021-05-05","303","PDR Ltd. d/b/a PublicDomainRegistry.com","whois.publicdomainregistry.com","http://www.publicdomainregistry.com","GDPR Masked","GDPR Masked","GDPR Masked","GDPR Masked","Harjumaa","GDPR Masked","Estonia","gdpr-masking@gdpr-masked.com","GDPR Masked","GDPR Masked","GDPR Masked","GDPR Masked","GDPR Masked","GDPR Masked","GDPR Masked","GDPR Masked","GDPR Masked","gdpr-masking@gdpr-masked.com","GDPR Masked","GDPR Masked","GDPR Masked","GDPR Masked","GDPR Masked","GDPR Masked","GDPR Masked","GDPR Masked","GDPR Masked","gdpr-masking@gdpr-masked.com","GDPR Masked","GDPR Masked","","","","","","","","","","","ns1.beehosting.pro","ns2.beehosting.pro","ns3.beehosting.pro","ns4.beehosting.pro","clientTransferProhibited","","",""