"num","domain_name","query_time","create_date","update_date","expiry_date","domain_registrar_id","domain_registrar_name","domain_registrar_whois","domain_registrar_url","registrant_name","registrant_company","registrant_address","registrant_city","registrant_state","registrant_zip","registrant_country","registrant_email","registrant_phone","registrant_fax","administrative_name","administrative_company","administrative_address","administrative_city","administrative_state","administrative_zip","administrative_country","administrative_email","administrative_phone","administrative_fax","technical_name","technical_company","technical_address","technical_city","technical_state","technical_zip","technical_country","technical_email","technical_phone","technical_fax","billing_name","billing_company","billing_address","billing_city","billing_state","billing_zip","billing_country","billing_email","billing_phone","billing_fax","name_server_1","name_server_2","name_server_3","name_server_4","domain_status_1","domain_status_2","domain_status_3","domain_status_4"
"1","2020youtube.com","2020-05-07 01:14:02","2020-05-04","2020-05-04","2021-05-04","146","GoDaddy.com, LLC","whois.godaddy.com","http://registrar.godaddy.com","","","","","Tb","","Georgia","","","","","","","","","","","","","","","","","","","","","","","","","","","","","","","","","","ns1.servercount.com","ns2.servercount.com","ns3.servercount.com","","clientDeleteProhibited","clientRenewProhibited","clientTransferProhibited","clientUpdateProhibited"
"2","akido.biz","2020-05-06 14:47:10","2020-05-04","2020-05-04","2021-05-04","625","Name.com, Inc.","whois.name.com","http://www.name.com","","","","","kvemo kartli","","Georgia","","","","","","","","","","","","","","","","","","","","","","","","","","","","","","","","","","ns1cny.name.com","ns2fjz.name.com","ns3cjl.name.com","ns4jpz.name.com","addPeriod","clientTransferProhibited","",""
"3","clothes-shopping.com","2020-05-06 23:52:18","2020-05-05","2020-05-05","2021-05-05","146","GoDaddy.com, LLC","whois.godaddy.com","http://registrar.godaddy.com","","","","","Tbilisi","","Georgia","","","","","","","","","","","","","","","","","","","","","","","","","","","","","","","","","","ns49.domaincontrol.com","ns50.domaincontrol.com","","","clientDeleteProhibited","clientRenewProhibited","clientTransferProhibited","clientUpdateProhibited"
"4","dovlati.com","2020-05-06 23:09:27","2020-05-05","2020-05-05","2021-05-05","146","GoDaddy.com, LLC","whois.godaddy.com","http://registrar.godaddy.com","","","","","Tbilisi","","Georgia","","","","","","","","","","","","","","","","","","","","","","","","","","","","","","","","","","ns29.domaincontrol.com","ns30.domaincontrol.com","","","clientDeleteProhibited","clientRenewProhibited","clientTransferProhibited","clientUpdateProhibited"
"5","hungrypython.com","2020-05-06 23:43:34","2020-05-05","2020-05-05","2021-05-05","146","GoDaddy.com, LLC","whois.godaddy.com","http://registrar.godaddy.com","","","","","","","Georgia","","","","","","","","","","","","","","","","","","","","","","","","","","","","","","","","","","ns29.domaincontrol.com","ns30.domaincontrol.com","","","clientDeleteProhibited","clientRenewProhibited","clientTransferProhibited","clientUpdateProhibited"
"6","hyperbg.com","2020-05-06 23:32:31","2020-05-05","2020-05-05","2021-05-05","1387","1API GmbH","whois.1api.net","http://www.1api.net","REDACTED FOR PRIVACY","REDACTED FOR PRIVACY","REDACTED FOR PRIVACY","REDACTED FOR PRIVACY","Tehran","REDACTED FOR PRIVACY","Georgia","","REDACTED FOR PRIVACY","","REDACTED FOR PRIVACY","REDACTED FOR PRIVACY","REDACTED FOR PRIVACY","REDACTED FOR PRIVACY","REDACTED FOR PRIVACY","REDACTED FOR PRIVACY","REDACTED FOR PRIVACY","","REDACTED FOR PRIVACY","","REDACTED FOR PRIVACY","REDACTED FOR PRIVACY","REDACTED FOR PRIVACY","REDACTED FOR PRIVACY","REDACTED FOR PRIVACY","REDACTED FOR PRIVACY","REDACTED FOR PRIVACY","","REDACTED FOR PRIVACY","","","","","","","","","","","","irlinux07.iranhost.com","irlinux08.iranhost.com","","","clientTransferProhibited","","",""
"7","lazicaship.com","2020-05-06 22:51:05","2020-05-05","2020-05-05","2021-05-05","146","GoDaddy.com, LLC","whois.godaddy.com","http://registrar.godaddy.com","Lazica Shipmanagement LLC","Lazica Shipmanagement LLC","","","Adjara","","Georgia","","","","","","","","","","","","","","","","","","","","","","","","","","","","","","","","","","gloria.ns.cloudflare.com","justin.ns.cloudflare.com","","","clientDeleteProhibited","clientRenewProhibited","clientTransferProhibited","clientUpdateProhibited"
"8","rubinum2.biz","2020-05-06 07:48:10","2020-04-27","2020-05-02","2021-04-27","146","GoDaddy.com, LLC","whois.godaddy.com","http://registrar.godaddy.com","","","","","","","Georgia","","","","","","","","","","","","","","","","","","","","","","","","","","","","","","","","","","ns67.domaincontrol.com","ns68.domaincontrol.com","","","clientDeleteProhibited","clientRenewProhibited","clientTransferProhibited","clientUpdateProhibited"
"9","tr-ramazanaozel-giristrweb.com","2020-05-07 00:25:16","2020-05-05","2020-05-05","2021-05-05","146","GoDaddy.com, LLC","whois.godaddy.com","http://registrar.godaddy.com","","","","","\u0130stanbul","","Georgia","","","","","","","","","","","","","","","","","","","","","","","","","","","","","","","","","","ns77.domaincontrol.com","ns78.domaincontrol.com","","","clientDeleteProhibited","clientRenewProhibited","clientTransferProhibited","clientUpdateProhibited"
"10","vellevine.com","2020-05-06 23:13:29","2020-05-05","2020-05-05","2021-05-05","303","PDR Ltd. d/b/a PublicDomainRegistry.com","whois.publicdomainregistry.com","http://www.publicdomainregistry.com","Tornike Chikadze","","Toroshelidze str 10","Tbilisi","Tbilisi","0190","Georgia","tornike.chikadze@gmail.com","+995.595721603","","Tornike Chikadze","","Toroshelidze str 10","Tbilisi","Tbilisi","0190","Georgia","tornike.chikadze@gmail.com","+995.595721603","","Tornike Chikadze","","Toroshelidze str 10","Tbilisi","Tbilisi","0190","Georgia","tornike.chikadze@gmail.com","+995.595721603","","","","","","","","","","","","ns1.fastcloud.ge","ns2.fastcloud.ge","","","clientTransferProhibited","","",""