"num","domain_name","query_time","create_date","update_date","expiry_date","domain_registrar_id","domain_registrar_name","domain_registrar_whois","domain_registrar_url","registrant_name","registrant_company","registrant_address","registrant_city","registrant_state","registrant_zip","registrant_country","registrant_email","registrant_phone","registrant_fax","administrative_name","administrative_company","administrative_address","administrative_city","administrative_state","administrative_zip","administrative_country","administrative_email","administrative_phone","administrative_fax","technical_name","technical_company","technical_address","technical_city","technical_state","technical_zip","technical_country","technical_email","technical_phone","technical_fax","billing_name","billing_company","billing_address","billing_city","billing_state","billing_zip","billing_country","billing_email","billing_phone","billing_fax","name_server_1","name_server_2","name_server_3","name_server_4","domain_status_1","domain_status_2","domain_status_3","domain_status_4"
"1","21cafegame.com","2020-05-06 23:08:07","2020-05-05","2020-05-05","2021-05-05","82","OnlineNIC, Inc.","whois.onlinenic.com","http://www.onlinenic.com","NicAgent","NicAgent","","","PECS","","Hungary","","","","","","","","","","","","","","","","","","","","","","","","","","","","","","","","","","ns339.mihanwebhost.com","ns340.mihanwebhost.com","","","clientTransferProhibited","","",""
"2","3dalmas.com","2020-05-06 23:17:42","2020-05-05","2020-05-05","2021-05-05","82","OnlineNIC, Inc.","whois.onlinenic.com","http://www.onlinenic.com","NicAgent","NicAgent","","","PECS","","Hungary","","","","","","","","","","","","","","","","","","","","","","","","","","","","","","","","","","ns1.avadis.net","ns2.avadis.net","","","clientTransferProhibited","","",""
"3","adriennvogel.com","2020-05-06 23:09:18","2020-05-05","","2021-05-05","1505","Gransy s.r.o. d/b/a subreg.cz","whois.regtons.com","http://regtons.com","Not Disclosed Not Disclosed","Roger Racing Kft.","Not Disclosed","Not Disclosed","Pest","Not Disclosed","Hungary","webproxy@whoisprotection.domains","Not Disclosed","Not Disclosed","Not Disclosed Not Disclosed","","Not Disclosed","Not Disclosed","Not Disclosed","Not Disclosed","Not Disclosed","webproxy@whoisprotection.domains","Not Disclosed","Not Disclosed","Not Disclosed Not Disclosed","","Not Disclosed","Not Disclosed","Not Disclosed","Not Disclosed","Not Disclosed","webproxy@whoisprotection.domains","Not Disclosed","Not Disclosed","","","","","","","","","","","ns1.tarhely.com","ns2.tarhely.com","","","","","",""
"4","agkshop.com","2020-05-06 23:37:47","2020-05-05","2020-05-05","2021-05-05","82","OnlineNIC, Inc.","whois.onlinenic.com","http://www.onlinenic.com","NicAgent","NicAgent","","","PECS","","Hungary","","","","","","","","","","","","","","","","","","","","","","","","","","","","","","","","","","ns223.mihanwebhost.com","ns224.mihanwebhost.com","","","clientTransferProhibited","","",""
"5","akhgarmes.com","2020-05-07 00:09:16","2020-05-05","2020-05-05","2021-05-05","82","OnlineNIC, Inc.","whois.onlinenic.com","http://www.onlinenic.com","NicAgent","NicAgent","","","PECS","","Hungary","","","","","","","","","","","","","","","","","","","","","","","","","","","","","","","","","","ns339.mihanwebhost.com","ns340.mihanwebhost.com","","","clientTransferProhibited","","",""
"6","amazoneiran.com","2020-05-06 20:34:54","2020-05-05","2020-05-05","2021-05-05","113","CSL Computer Service Langenbach GmbH d/b/a joker.com","whois.joker.com","http://www.joker.com","none","none","","","PECS","","Hungary","","","","","","","","","","","","","","","","","","","","","","","","","","","","","","","","","","ns1.beno.biz","ns2.beno.biz","","","clientTransferProhibited","","",""
"7","animalinsitu.com","2020-05-06 22:32:48","2020-05-05","2020-05-05","2021-05-05","625","Name.com, Inc.","whois.name.com","http://www.name.com","Non-Public Data","","Non-Public Data","Non-Public Data","Hungary","00000","Hungary","","+00.0000000","","Non-Public Data","Non-Public Data","Non-Public Data","Non-Public Data","Non-Public Data","00000","","","+00.0000000","","Non-Public Data","Non-Public Data","Non-Public Data","Non-Public Data","Non-Public Data","00000","","","+00.0000000","","","","","","","","","","","","ns1qsy.name.com","ns2fln.name.com","ns3gnv.name.com","ns4ghm.name.com","addPeriod","clientTransferProhibited","",""
"8","aquacometpool.com","2020-05-06 22:45:32","2020-05-05","2020-05-05","2022-05-05","82","OnlineNIC, Inc.","whois.onlinenic.com","http://www.onlinenic.com","Aquacomet Kft.","Aquacomet Kft.","","","HU","","Hungary","","","","","","","","","","","","","","","","","","","","","","","","","","","","","","","","","","ns1.mediacenter.hu","ns2.mediacenter.hu","","","clientTransferProhibited","","",""
"9","aranyrog.com","2020-05-06 20:26:37","2020-05-05","2020-05-05","2021-05-05","303","PDR Ltd. d/b/a PublicDomainRegistry.com","whois.publicdomainregistry.com","http://www.publicdomainregistry.com","GDPR Masked","GDPR Masked","GDPR Masked","GDPR Masked","","GDPR Masked","Hungary","gdpr-masking@gdpr-masked.com","GDPR Masked","GDPR Masked","GDPR Masked","GDPR Masked","GDPR Masked","GDPR Masked","GDPR Masked","GDPR Masked","GDPR Masked","gdpr-masking@gdpr-masked.com","GDPR Masked","GDPR Masked","GDPR Masked","GDPR Masked","GDPR Masked","GDPR Masked","GDPR Masked","GDPR Masked","GDPR Masked","gdpr-masking@gdpr-masked.com","GDPR Masked","GDPR Masked","","","","","","","","","","","cns1.rackforest.com","cns2.rackforest.com","","","clientTransferProhibited","","",""
"10","architachra.com","2020-05-06 20:40:39","2020-05-04","2020-05-04","2021-05-04","82","OnlineNIC, Inc.","whois.onlinenic.com","http://www.onlinenic.com","NicAgent","NicAgent","","","PECS","","Hungary","","","","","","","","","","","","","","","","","","","","","","","","","","","","","","","","","","ns127.mihanwebhost.com","ns128.mihanwebhost.com","","","clientTransferProhibited","","",""
"11","arvandlms.com","2020-05-06 23:15:36","2020-05-05","2020-05-05","2021-05-05","82","OnlineNIC, Inc.","whois.onlinenic.com","http://www.onlinenic.com","NicAgent","NicAgent","","","PECS","","Hungary","","","","","","","","","","","","","","","","","","","","","","","","","","","","","","","","","","b.ns.arvancdn.com","n.ns.arvancdn.com","","","clientTransferProhibited","","",""
"12","arzeshsaham.com","2020-05-06 23:11:38","2020-05-05","2020-05-05","2021-05-05","82","OnlineNIC, Inc.","whois.onlinenic.com","http://www.onlinenic.com","NicAgent","NicAgent","","","PECS","","Hungary","","","","","","","","","","","","","","","","","","","","","","","","","","","","","","","","","","ns339.mihanwebhost.com","ns340.mihanwebhost.com","","","clientTransferProhibited","","",""
"13","autoesztetika.com","2020-05-06 19:26:59","2020-05-05","","2021-05-05","1505","Gransy s.r.o. d/b/a subreg.cz","whois.regtons.com","http://regtons.com","Not Disclosed Not Disclosed","B-M Auto Kft","Not Disclosed","Not Disclosed","none","Not Disclosed","Hungary","webproxy@whoisprotection.domains","Not Disclosed","Not Disclosed","Not Disclosed Not Disclosed","","Not Disclosed","Not Disclosed","Not Disclosed","Not Disclosed","Not Disclosed","webproxy@whoisprotection.domains","Not Disclosed","Not Disclosed","Not Disclosed Not Disclosed","","Not Disclosed","Not Disclosed","Not Disclosed","Not Disclosed","Not Disclosed","webproxy@whoisprotection.domains","Not Disclosed","Not Disclosed","","","","","","","","","","","ns0.domainregisztraciokft.hu","ns1.domainregisztraciokft.hu","","","","","",""
"14","awaleon.com","2020-05-06 23:10:47","2020-05-05","2020-05-05","2021-05-05","113","CSL Computer Service Langenbach GmbH d/b/a joker.com","whois.joker.com","http://www.joker.com","","","","","","","Hungary","","","","","","","","","","","","","","","","","","","","","","","","","","","","","","","","","","ns1.domdom.net","ns2.domdom.net","ns3.domdom.net","","clientTransferProhibited","","",""
"15","azuritesolutions.com","2020-05-06 22:12:38","2020-05-04","2020-05-04","2022-05-04","146","GoDaddy.com, LLC","whois.godaddy.com","http://registrar.godaddy.com","","","","","Hungary","","Hungary","","","","","","","","","","","","","","","","","","","","","","","","","","","","","","","","","","ns49.domaincontrol.com","ns50.domaincontrol.com","","","clientDeleteProhibited","clientRenewProhibited","clientTransferProhibited","clientUpdateProhibited"
"16","b2bethic.com","2020-05-06 22:27:06","2020-05-05","2020-05-05","2021-05-05","625","Name.com, Inc.","whois.name.com","http://www.name.com","Non-Public Data","","Non-Public Data","Non-Public Data","Hungary","00000","Hungary","","+00.0000000","","Non-Public Data","Non-Public Data","Non-Public Data","Non-Public Data","Non-Public Data","00000","","","+00.0000000","","Non-Public Data","Non-Public Data","Non-Public Data","Non-Public Data","Non-Public Data","00000","","","+00.0000000","","","","","","","","","","","","ns1qsy.name.com","ns2fln.name.com","ns3gnv.name.com","ns4ghm.name.com","addPeriod","clientTransferProhibited","",""
"17","b2bethical.com","2020-05-06 22:27:06","2020-05-05","2020-05-05","2021-05-05","625","Name.com, Inc.","whois.name.com","http://www.name.com","Non-Public Data","","Non-Public Data","Non-Public Data","Hungary","00000","Hungary","","+00.0000000","","Non-Public Data","Non-Public Data","Non-Public Data","Non-Public Data","Non-Public Data","00000","","","+00.0000000","","Non-Public Data","Non-Public Data","Non-Public Data","Non-Public Data","Non-Public Data","00000","","","+00.0000000","","","","","","","","","","","","ns1qsy.name.com","ns2fln.name.com","ns3gnv.name.com","ns4ghm.name.com","addPeriod","clientTransferProhibited","",""
"18","barbaripaitkht.com","2020-05-06 22:40:44","2020-05-05","2020-05-05","2021-05-05","82","OnlineNIC, Inc.","whois.onlinenic.com","http://www.onlinenic.com","NicAgent","NicAgent","","","PECS","","Hungary","","","","","","","","","","","","","","","","","","","","","","","","","","","","","","","","","","ns339.mihanwebhost.com","ns340.mihanwebhost.com","","","clientTransferProhibited","","",""
"19","battatherm.com","2020-05-06 22:41:46","2020-05-05","2020-05-05","2021-05-05","82","OnlineNIC, Inc.","whois.onlinenic.com","http://www.onlinenic.com","None","None","","","Pest","","Hungary","","","","","","","","","","","","","","","","","","","","","","","","","","","","","","","","","","ns.tns1.eu","ns.tns2.eu","","","clientTransferProhibited","","",""
"20","beladshop.com","2020-05-06 21:19:51","2020-05-04","2020-05-04","2021-05-04","82","OnlineNIC, Inc.","whois.onlinenic.com","http://www.onlinenic.com","NicAgent","NicAgent","","","PECS","","Hungary","","","","","","","","","","","","","","","","","","","","","","","","","","","","","","","","","","ns127.mihanwebhost.com","ns128.mihanwebhost.com","","","clientTransferProhibited","","",""
"21","billtick.com","2020-05-06 23:29:03","2020-05-05","2020-05-05","2021-05-05","1501","DotRoll Kft.","whois.dotroll.com","http://www.dotroll.com","iooo Online kft","iooo Online kft","","","","","Hungary","","","","","","","","","","","","","","","","","","","","","","","","","","","","","","","","","","ns1.dotroll.com","ns2.dotroll.com","","","OK","","",""
"22","biolotech.com","2020-05-07 01:02:10","2020-05-04","2020-05-04","2021-05-04","1501","DotRoll Kft.","whois.dotroll.com","http://www.dotroll.com","Megaplex Kft.","Megaplex Kft.","","","Budapest","","Hungary","","","","","","","","","","","","","","","","","","","","","","","","","","","","","","","","","","ns1.dotroll.com","ns2.dotroll.com","","","OK","","",""
"23","birdinsitu.com","2020-05-06 22:28:36","2020-05-05","2020-05-05","2021-05-05","625","Name.com, Inc.","whois.name.com","http://www.name.com","Non-Public Data","","Non-Public Data","Non-Public Data","Hungary","00000","Hungary","","+00.0000000","","Non-Public Data","Non-Public Data","Non-Public Data","Non-Public Data","Non-Public Data","00000","","","+00.0000000","","Non-Public Data","Non-Public Data","Non-Public Data","Non-Public Data","Non-Public Data","00000","","","+00.0000000","","","","","","","","","","","","ns1qsy.name.com","ns2fln.name.com","ns3gnv.name.com","ns4ghm.name.com","addPeriod","clientTransferProhibited","",""
"24","bodissport.com","2020-05-06 20:26:09","2020-05-05","2020-05-05","2021-05-05","82","OnlineNIC, Inc.","whois.onlinenic.com","http://www.onlinenic.com","None","None","","","Fejer","","Hungary","","","","","","","","","","","","","","","","","","","","","","","","","","","","","","","","","","ns.tns1.eu","ns.tns2.eu","","","clientTransferProhibited","","",""
"25","breakupwell.com","2020-05-07 01:15:18","2020-05-04","2020-05-04","2021-05-04","146","GoDaddy.com, LLC","whois.godaddy.com","http://registrar.godaddy.com","","","","","Borsod-Abauj-Zemplen","","Hungary","","","","","","","","","","","","","","","","","","","","","","","","","","","","","","","","","","ns77.domaincontrol.com","ns78.domaincontrol.com","","","clientDeleteProhibited","clientRenewProhibited","clientTransferProhibited","clientUpdateProhibited"
"26","chinspareparts.com","2020-05-06 23:27:09","2020-05-05","2020-05-05","2021-05-05","82","OnlineNIC, Inc.","whois.onlinenic.com","http://www.onlinenic.com","NicAgent","NicAgent","","","PECS","","Hungary","","","","","","","","","","","","","","","","","","","","","","","","","","","","","","","","","","ns339.mihanwebhost.com","ns340.mihanwebhost.com","","","clientTransferProhibited","","",""
"27","chuwipe.com","2020-05-06 20:26:00","2020-05-05","2020-05-05","2021-05-05","1387","1API GmbH","whois.1api.net","http://www.1api.net","REDACTED FOR PRIVACY","REDACTED FOR PRIVACY","REDACTED FOR PRIVACY","REDACTED FOR PRIVACY","","REDACTED FOR PRIVACY","Hungary","","REDACTED FOR PRIVACY","","REDACTED FOR PRIVACY","REDACTED FOR PRIVACY","REDACTED FOR PRIVACY","REDACTED FOR PRIVACY","REDACTED FOR PRIVACY","REDACTED FOR PRIVACY","REDACTED FOR PRIVACY","","REDACTED FOR PRIVACY","","REDACTED FOR PRIVACY","REDACTED FOR PRIVACY","REDACTED FOR PRIVACY","REDACTED FOR PRIVACY","REDACTED FOR PRIVACY","REDACTED FOR PRIVACY","REDACTED FOR PRIVACY","","REDACTED FOR PRIVACY","","","","","","","","","","","","ns1.dns24.hu","ns2.dns24.hu","ns3.dns24.hu","ns4.dns24.hu","clientTransferProhibited","","",""
"28","coaching-megoldasok.com","2020-05-06 23:34:11","2020-05-05","2020-05-05","2021-05-05","82","OnlineNIC, Inc.","whois.onlinenic.com","http://www.onlinenic.com","None","None","","","Bekes","","Hungary","","","","","","","","","","","","","","","","","","","","","","","","","","","","","","","","","","ns.tns1.eu","ns.tns2.eu","","","clientTransferProhibited","","",""
"29","coachingmegoldasok.com","2020-05-06 23:33:16","2020-05-05","2020-05-05","2021-05-05","82","OnlineNIC, Inc.","whois.onlinenic.com","http://www.onlinenic.com","None","None","","","Bekes","","Hungary","","","","","","","","","","","","","","","","","","","","","","","","","","","","","","","","","","ns.tns1.eu","ns.tns2.eu","","","clientTransferProhibited","","",""
"30","coavert.com","2020-05-06 22:24:11","2020-05-05","2020-05-05","2021-05-05","625","Name.com, Inc.","whois.name.com","http://www.name.com","Non-Public Data","","Non-Public Data","Non-Public Data","Hungary","00000","Hungary","","+00.0000000","","Non-Public Data","Non-Public Data","Non-Public Data","Non-Public Data","Non-Public Data","00000","","","+00.0000000","","Non-Public Data","Non-Public Data","Non-Public Data","Non-Public Data","Non-Public Data","00000","","","+00.0000000","","","","","","","","","","","","ns1qsy.name.com","ns2fln.name.com","ns3gnv.name.com","ns4ghm.name.com","addPeriod","clientTransferProhibited","",""
"31","compassionbasedcoaching.com","2020-05-06 20:59:21","2020-05-04","2020-05-04","2021-05-04","146","GoDaddy.com, LLC","whois.godaddy.com","http://registrar.godaddy.com","SCHIESZLER Consulting Ltd.","SCHIESZLER Consulting Ltd.","","","Pest","","Hungary","","","","","","","","","","","","","","","","","","","","","","","","","","","","","","","","","","ns49.domaincontrol.com","ns50.domaincontrol.com","","","clientDeleteProhibited","clientRenewProhibited","clientTransferProhibited","clientUpdateProhibited"
"32","cosmcoin.com","2020-05-06 20:42:35","2020-05-04","2020-05-04","2021-05-04","82","OnlineNIC, Inc.","whois.onlinenic.com","http://www.onlinenic.com","NicAgent","NicAgent","","","PECS","","Hungary","","","","","","","","","","","","","","","","","","","","","","","","","","","","","","","","","","ns159.mihanwebhost.com","ns160.mihanwebhost.com","","","clientTransferProhibited","","",""
"33","dayahesab.com","2020-05-07 01:14:03","2020-05-04","2020-05-04","2021-05-04","82","OnlineNIC, Inc.","whois.onlinenic.com","http://www.onlinenic.com","NicAgent","NicAgent","","","PECS","","Hungary","","","","","","","","","","","","","","","","","","","","","","","","","","","","","","","","","","ns207.mihanwebhost.com","ns208.mihanwebhost.com","","","clientTransferProhibited","","",""
"34","designsadra.com","2020-05-06 23:16:54","2020-05-05","2020-05-05","2021-05-05","82","OnlineNIC, Inc.","whois.onlinenic.com","http://www.onlinenic.com","NicAgent","NicAgent","","","PECS","","Hungary","","","","","","","","","","","","","","","","","","","","","","","","","","","","","","","","","","ns127.mihanwebhost.com","ns128.mihanwebhost.com","","","clientTransferProhibited","","",""
"35","drfoodpet.com","2020-05-06 21:30:22","2020-05-04","2020-05-04","2021-05-04","82","OnlineNIC, Inc.","whois.onlinenic.com","http://www.onlinenic.com","NicAgent","NicAgent","","","PECS","","Hungary","","","","","","","","","","","","","","","","","","","","","","","","","","","","","","","","","","ns207.mihanwebhost.com","ns208.mihanwebhost.com","","","clientTransferProhibited","","",""
"36","dueify.com","2020-05-06 22:24:47","2020-05-05","2020-05-05","2021-05-05","625","Name.com, Inc.","whois.name.com","http://www.name.com","Non-Public Data","","Non-Public Data","Non-Public Data","Hungary","00000","Hungary","","+00.0000000","","Non-Public Data","Non-Public Data","Non-Public Data","Non-Public Data","Non-Public Data","00000","","","+00.0000000","","Non-Public Data","Non-Public Data","Non-Public Data","Non-Public Data","Non-Public Data","00000","","","+00.0000000","","","","","","","","","","","","ns1qsy.name.com","ns2fln.name.com","ns3gnv.name.com","ns4ghm.name.com","addPeriod","clientTransferProhibited","",""
"37","eurolifeplus.com","2020-05-06 22:49:41","2020-05-05","2020-05-05","2021-05-05","82","OnlineNIC, Inc.","whois.onlinenic.com","http://www.onlinenic.com","NicAgent","NicAgent","","","PECS","","Hungary","","","","","","","","","","","","","","","","","","","","","","","","","","","","","","","","","","ns341.mihanwebhost.com","ns342.mihanwebhost.com","","","clientTransferProhibited","","",""
"38","everyonepictures.com","2020-05-06 22:28:32","2020-05-05","2020-05-05","2021-05-05","82","OnlineNIC, Inc.","whois.onlinenic.com","http://www.onlinenic.com","None","None","","","Komarom-Esztergom","","Hungary","","","","","","","","","","","","","","","","","","","","","","","","","","","","","","","","","","ns.tarhely.eu","ns56.tarhely.eu","","","clientTransferProhibited","","",""
"39","facility-managements.com","2020-05-06 22:59:58","2020-05-05","2020-05-05","2022-05-05","146","GoDaddy.com, LLC","whois.godaddy.com","http://registrar.godaddy.com","A.GY.Software Bt.","A.GY.Software Bt.","","","Pest","","Hungary","","","","","","","","","","","","","","","","","","","","","","","","","","","","","","","","","","ns77.domaincontrol.com","ns78.domaincontrol.com","","","clientDeleteProhibited","clientRenewProhibited","clientTransferProhibited","clientUpdateProhibited"
"40","felmas.com","2020-05-07 01:02:11","2020-05-04","2020-05-04","2021-05-04","1501","DotRoll Kft.","whois.dotroll.com","http://www.dotroll.com","Megaplex Kft.","Megaplex Kft.","","","Budapest","","Hungary","","","","","","","","","","","","","","","","","","","","","","","","","","","","","","","","","","ns1.dotroll.com","ns2.dotroll.com","","","OK","","",""
"41","fitpont.com","2020-05-06 21:15:03","2020-05-04","2020-05-04","2021-05-04","955","Launchpad, Inc.","whois.launchpad.com","http://www.launchpad.com","GDPR Masked","GDPR Masked","GDPR Masked","GDPR Masked","GS","GDPR Masked","Hungary","gdpr-masking@gdpr-masked.com","GDPR Masked","GDPR Masked","GDPR Masked","GDPR Masked","GDPR Masked","GDPR Masked","GDPR Masked","GDPR Masked","GDPR Masked","gdpr-masking@gdpr-masked.com","GDPR Masked","GDPR Masked","GDPR Masked","GDPR Masked","GDPR Masked","GDPR Masked","GDPR Masked","GDPR Masked","GDPR Masked","gdpr-masking@gdpr-masked.com","GDPR Masked","GDPR Masked","","","","","","","","","","","ns6089.hostgator.com","ns6090.hostgator.com","","","clientTransferProhibited","","",""
"42","forestinsider.com","2020-05-06 22:29:22","2020-05-05","2020-05-05","2021-05-05","625","Name.com, Inc.","whois.name.com","http://www.name.com","Non-Public Data","","Non-Public Data","Non-Public Data","Hungary","00000","Hungary","","+00.0000000","","Non-Public Data","Non-Public Data","Non-Public Data","Non-Public Data","Non-Public Data","00000","","","+00.0000000","","Non-Public Data","Non-Public Data","Non-Public Data","Non-Public Data","Non-Public Data","00000","","","+00.0000000","","","","","","","","","","","","ns1qsy.name.com","ns2fln.name.com","ns3gnv.name.com","ns4ghm.name.com","addPeriod","clientTransferProhibited","",""
"43","foursservice.com","2020-05-06 23:38:24","2020-05-05","2020-05-05","2021-05-05","82","OnlineNIC, Inc.","whois.onlinenic.com","http://www.onlinenic.com","NicAgent","NicAgent","","","PECS","","Hungary","","","","","","","","","","","","","","","","","","","","","","","","","","","","","","","","","","ns159.mihanwebhost.com","ns160.mihanwebhost.com","","","clientTransferProhibited","","",""
"44","freemeebra.com","2020-05-06 22:06:17","2020-05-04","2020-05-04","2021-05-04","1387","1API GmbH","whois.1api.net","http://www.1api.net","REDACTED FOR PRIVACY","REDACTED FOR PRIVACY","REDACTED FOR PRIVACY","REDACTED FOR PRIVACY","","REDACTED FOR PRIVACY","Hungary","","REDACTED FOR PRIVACY","","REDACTED FOR PRIVACY","REDACTED FOR PRIVACY","REDACTED FOR PRIVACY","REDACTED FOR PRIVACY","REDACTED FOR PRIVACY","REDACTED FOR PRIVACY","REDACTED FOR PRIVACY","","REDACTED FOR PRIVACY","","REDACTED FOR PRIVACY","REDACTED FOR PRIVACY","REDACTED FOR PRIVACY","REDACTED FOR PRIVACY","REDACTED FOR PRIVACY","REDACTED FOR PRIVACY","REDACTED FOR PRIVACY","","REDACTED FOR PRIVACY","","","","","","","","","","","","ns1.dns24.hu","ns2.dns24.hu","ns3.dns24.hu","ns4.dns24.hu","clientTransferProhibited","","",""
"45","gearkala.com","2020-05-07 00:03:15","2020-05-05","2020-05-05","2021-05-05","82","OnlineNIC, Inc.","whois.onlinenic.com","http://www.onlinenic.com","NicAgent","NicAgent","","","PECS","","Hungary","","","","","","","","","","","","","","","","","","","","","","","","","","","","","","","","","","ns127.mihanwebhost.com","ns128.mihanwebhost.com","","","clientTransferProhibited","","",""
"46","ghahvecenter.com","2020-05-06 21:00:23","2020-05-04","2020-05-04","2021-05-04","82","OnlineNIC, Inc.","whois.onlinenic.com","http://www.onlinenic.com","NicAgent","NicAgent","","","PECS","","Hungary","","","","","","","","","","","","","","","","","","","","","","","","","","","","","","","","","","ns127.mihanwebhost.com","ns128.mihanwebhost.com","","","clientTransferProhibited","","",""
"47","hadikhatiban.com","2020-05-06 23:23:13","2020-05-05","2020-05-05","2021-05-05","82","OnlineNIC, Inc.","whois.onlinenic.com","http://www.onlinenic.com","NicAgent","NicAgent","","","PECS","","Hungary","","","","","","","","","","","","","","","","","","","","","","","","","","","","","","","","","","ns127.mihanwebhost.com","ns128.mihanwebhost.com","","","clientTransferProhibited","","",""
"48","halekhoobman.com","2020-05-07 00:59:28","2020-05-04","2020-05-04","2021-05-04","82","OnlineNIC, Inc.","whois.onlinenic.com","http://www.onlinenic.com","NicAgent","NicAgent","","","PECS","","Hungary","","","","","","","","","","","","","","","","","","","","","","","","","","","","","","","","","","ns127.mihanwebhost.com","ns128.mihanwebhost.com","","","clientTransferProhibited","","",""
"49","healltassistant.com","2020-05-06 23:52:34","2020-05-05","2020-05-05","2021-05-05","146","GoDaddy.com, LLC","whois.godaddy.com","http://registrar.godaddy.com","All Info Europa Kft","All Info Europa Kft","","","Pest","","Hungary","","","","","","","","","","","","","","","","","","","","","","","","","","","","","","","","","","ns41.domaincontrol.com","ns42.domaincontrol.com","","","clientDeleteProhibited","clientRenewProhibited","clientTransferProhibited","clientUpdateProhibited"
"50","hermaangraphic.com","2020-05-06 22:58:49","2020-05-05","2020-05-05","2021-05-05","82","OnlineNIC, Inc.","whois.onlinenic.com","http://www.onlinenic.com","NicAgent","NicAgent","","","PECS","","Hungary","","","","","","","","","","","","","","","","","","","","","","","","","","","","","","","","","","ns339.mihanwebhost.com","ns340.mihanwebhost.com","","","clientTransferProhibited","","",""
"51","homepetify.com","2020-05-06 22:23:29","2020-05-05","2020-05-05","2021-05-05","625","Name.com, Inc.","whois.name.com","http://www.name.com","Non-Public Data","","Non-Public Data","Non-Public Data","Hungary","00000","Hungary","","+00.0000000","","Non-Public Data","Non-Public Data","Non-Public Data","Non-Public Data","Non-Public Data","00000","","","+00.0000000","","Non-Public Data","Non-Public Data","Non-Public Data","Non-Public Data","Non-Public Data","00000","","","+00.0000000","","","","","","","","","","","","ns1qsy.name.com","ns2fln.name.com","ns3gnv.name.com","ns4ghm.name.com","addPeriod","clientTransferProhibited","",""
"52","hungarianbridges.com","2020-05-06 22:27:52","2020-05-05","2020-05-05","2021-05-05","82","OnlineNIC, Inc.","whois.onlinenic.com","http://www.onlinenic.com","Enterprise Hungary Nonprofit Kft.","Enterprise Hungary Nonprofit Kft.","","","Hajdu Bihar","","Hungary","","","","","","","","","","","","","","","","","","","","","","","","","","","","","","","","","","ns.tns1.eu","ns.tns2.eu","","","clientTransferProhibited","","",""
"53","idealglint.com","2020-05-06 22:32:48","2020-05-05","2020-05-05","2021-05-05","625","Name.com, Inc.","whois.name.com","http://www.name.com","Non-Public Data","","Non-Public Data","Non-Public Data","Hungary","00000","Hungary","","+00.0000000","","Non-Public Data","Non-Public Data","Non-Public Data","Non-Public Data","Non-Public Data","00000","","","+00.0000000","","Non-Public Data","Non-Public Data","Non-Public Data","Non-Public Data","Non-Public Data","00000","","","+00.0000000","","","","","","","","","","","","ns1qsy.name.com","ns2fln.name.com","ns3gnv.name.com","ns4ghm.name.com","addPeriod","clientTransferProhibited","",""
"54","interestalk.com","2020-05-07 01:05:28","2020-05-04","2020-05-04","2021-05-04","146","GoDaddy.com, LLC","whois.godaddy.com","http://registrar.godaddy.com","","","","","","","Hungary","","","","","","","","","","","","","","","","","","","","","","","","","","","","","","","","","","ns63.domaincontrol.com","ns64.domaincontrol.com","","","clientDeleteProhibited","clientRenewProhibited","clientTransferProhibited","clientUpdateProhibited"
"55","jameh24.com","2020-05-06 23:11:07","2020-05-05","2020-05-05","2021-05-05","82","OnlineNIC, Inc.","whois.onlinenic.com","http://www.onlinenic.com","NicAgent","NicAgent","","","PECS","","Hungary","","","","","","","","","","","","","","","","","","","","","","","","","","","","","","","","","","ns127.mihanwebhost.com","ns128.mihanwebhost.com","","","clientTransferProhibited","","",""
"56","jungleinsitu.com","2020-05-06 22:28:33","2020-05-05","2020-05-05","2021-05-05","625","Name.com, Inc.","whois.name.com","http://www.name.com","Non-Public Data","","Non-Public Data","Non-Public Data","Hungary","00000","Hungary","","+00.0000000","","Non-Public Data","Non-Public Data","Non-Public Data","Non-Public Data","Non-Public Data","00000","","","+00.0000000","","Non-Public Data","Non-Public Data","Non-Public Data","Non-Public Data","Non-Public Data","00000","","","+00.0000000","","","","","","","","","","","","ns1qsy.name.com","ns2fln.name.com","ns3gnv.name.com","ns4ghm.name.com","addPeriod","clientTransferProhibited","",""
"57","kaavush.com","2020-05-06 23:27:19","2020-05-05","2020-05-05","2021-05-05","82","OnlineNIC, Inc.","whois.onlinenic.com","http://www.onlinenic.com","NicAgent","NicAgent","","","PECS","","Hungary","","","","","","","","","","","","","","","","","","","","","","","","","","","","","","","","","","ns127.mihanwebhost.com","ns128.mihanwebhost.com","","","clientTransferProhibited","","",""
"58","kanczler.com","2020-05-06 20:38:21","2020-05-04","2020-05-04","2021-05-04","1327","Vitalwerks Internet Solutions, LLC DBA No-IP","whois.no-ip.com","http://www.no-ip.com","REDACTED, REDACTED","","REDACTED REDACTED","REDACTED","Budapest","REDACTED","Hungary","cd682b132525b1c3-1090230@temp-gdpr-privacy.noip.com","REDACTED","REDACTED","REDACTED, REDACTED","","REDACTED REDACTED","REDACTED","REDACTED","REDACTED","REDACTED","cd682b132525b1c3-1090230@temp-gdpr-privacy.noip.com","REDACTED","REDACTED","REDACTED, REDACTED","REDACTED","REDACTED REDACTED","REDACTED","REDACTED","REDACTED","REDACTED","cd682b132525b1c3-1090230@temp-gdpr-privacy.noip.com","REDACTED","REDACTED","REDACTED, REDACTED","REDACTED","REDACTED REDACTED","REDACTED","REDACTED","REDACTED","REDACTED","cd682b132525b1c3-1090230@temp-gdpr-privacy.noip.com","REDACTED","REDACTED","static-1.no-ip.com","static-2.no-ip.com","static-3.no-ip.com","","clientTransferProhibited","","",""
"59","karakaraj.com","2020-05-06 23:23:26","2020-05-05","2020-05-05","2021-05-05","82","OnlineNIC, Inc.","whois.onlinenic.com","http://www.onlinenic.com","NicAgent","NicAgent","","","PECS","","Hungary","","","","","","","","","","","","","","","","","","","","","","","","","","","","","","","","","","ns207.mihanwebhost.com","ns208.mihanwebhost.com","","","clientTransferProhibited","","",""
"60","kataipress.com","2020-05-06 19:27:55","2020-05-05","2020-05-05","2021-05-05","146","GoDaddy.com, LLC","whois.godaddy.com","http://registrar.godaddy.com","KATAI-PRESS Kft.","KATAI-PRESS Kft.","","","Pest","","Hungary","","","","","","","","","","","","","","","","","","","","","","","","","","","","","","","","","","ans0.telekom.hu","ans1.telekom.hu","ans2.telekom.hu","","clientDeleteProhibited","clientRenewProhibited","clientTransferProhibited","clientUpdateProhibited"
"61","kavoshnet.com","2020-05-06 21:37:32","2020-05-04","2020-05-04","2021-05-04","82","OnlineNIC, Inc.","whois.onlinenic.com","http://www.onlinenic.com","NicAgent","NicAgent","","","PECS","","Hungary","","","","","","","","","","","","","","","","","","","","","","","","","","","","","","","","","","ns339.mihanwebhost.com","ns340.mihanwebhost.com","","","clientTransferProhibited","","",""
"62","ketabbamashop.com","2020-05-07 00:09:16","2020-05-05","2020-05-05","2021-05-05","82","OnlineNIC, Inc.","whois.onlinenic.com","http://www.onlinenic.com","NicAgent","NicAgent","","","PECS","","Hungary","","","","","","","","","","","","","","","","","","","","","","","","","","","","","","","","","","ns339.mihanwebhost.com","ns340.mihanwebhost.com","","","clientTransferProhibited","","",""
"63","lachmann-med.com","2020-05-06 23:14:35","2020-05-05","2020-05-05","2021-05-05","69","Tucows Domains Inc.","whois.tucows.com","http://domainhelp.opensrs.net","REDACTED FOR PRIVACY","REDACTED FOR PRIVACY","REDACTED FOR PRIVACY","REDACTED FOR PRIVACY","REDACTED FOR PRIVACY","REDACTED FOR PRIVACY","Hungary","","REDACTED FOR PRIVACY","REDACTED FOR PRIVACY","REDACTED FOR PRIVACY","REDACTED FOR PRIVACY","REDACTED FOR PRIVACY","REDACTED FOR PRIVACY","REDACTED FOR PRIVACY","REDACTED FOR PRIVACY","REDACTED FOR PRIVACY","","REDACTED FOR PRIVACY","REDACTED FOR PRIVACY","REDACTED FOR PRIVACY","REDACTED FOR PRIVACY","REDACTED FOR PRIVACY","REDACTED FOR PRIVACY","REDACTED FOR PRIVACY","REDACTED FOR PRIVACY","REDACTED FOR PRIVACY","","REDACTED FOR PRIVACY","REDACTED FOR PRIVACY","","","","","","","","","","","ns.forpsi.cz","ns.forpsi.it","ns.forpsi.net","","clientTransferProhibited","clientUpdateProhibited","",""
"64","lachmannmed.com","2020-05-06 23:17:42","2020-05-05","2020-05-05","2021-05-05","69","Tucows Domains Inc.","whois.tucows.com","http://domainhelp.opensrs.net","REDACTED FOR PRIVACY","REDACTED FOR PRIVACY","REDACTED FOR PRIVACY","REDACTED FOR PRIVACY","REDACTED FOR PRIVACY","REDACTED FOR PRIVACY","Hungary","","REDACTED FOR PRIVACY","REDACTED FOR PRIVACY","REDACTED FOR PRIVACY","REDACTED FOR PRIVACY","REDACTED FOR PRIVACY","REDACTED FOR PRIVACY","REDACTED FOR PRIVACY","REDACTED FOR PRIVACY","REDACTED FOR PRIVACY","","REDACTED FOR PRIVACY","REDACTED FOR PRIVACY","REDACTED FOR PRIVACY","REDACTED FOR PRIVACY","REDACTED FOR PRIVACY","REDACTED FOR PRIVACY","REDACTED FOR PRIVACY","REDACTED FOR PRIVACY","REDACTED FOR PRIVACY","","REDACTED FOR PRIVACY","REDACTED FOR PRIVACY","","","","","","","","","","","ns.forpsi.cz","ns.forpsi.it","ns.forpsi.net","","clientTransferProhibited","clientUpdateProhibited","",""
"65","lachmannmedical.com","2020-05-06 23:13:28","2020-05-05","2020-05-05","2021-05-05","69","Tucows Domains Inc.","whois.tucows.com","http://domainhelp.opensrs.net","REDACTED FOR PRIVACY","REDACTED FOR PRIVACY","REDACTED FOR PRIVACY","REDACTED FOR PRIVACY","REDACTED FOR PRIVACY","REDACTED FOR PRIVACY","Hungary","","REDACTED FOR PRIVACY","REDACTED FOR PRIVACY","REDACTED FOR PRIVACY","REDACTED FOR PRIVACY","REDACTED FOR PRIVACY","REDACTED FOR PRIVACY","REDACTED FOR PRIVACY","REDACTED FOR PRIVACY","REDACTED FOR PRIVACY","","REDACTED FOR PRIVACY","REDACTED FOR PRIVACY","REDACTED FOR PRIVACY","REDACTED FOR PRIVACY","REDACTED FOR PRIVACY","REDACTED FOR PRIVACY","REDACTED FOR PRIVACY","REDACTED FOR PRIVACY","REDACTED FOR PRIVACY","","REDACTED FOR PRIVACY","REDACTED FOR PRIVACY","","","","","","","","","","","ns.forpsi.cz","ns.forpsi.it","ns.forpsi.net","","clientTransferProhibited","clientUpdateProhibited","",""
"66","lifesitu.com","2020-05-06 22:23:29","2020-05-05","2020-05-05","2021-05-05","625","Name.com, Inc.","whois.name.com","http://www.name.com","Non-Public Data","","Non-Public Data","Non-Public Data","Hungary","00000","Hungary","","+00.0000000","","Non-Public Data","Non-Public Data","Non-Public Data","Non-Public Data","Non-Public Data","00000","","","+00.0000000","","Non-Public Data","Non-Public Data","Non-Public Data","Non-Public Data","Non-Public Data","00000","","","+00.0000000","","","","","","","","","","","","ns1qsy.name.com","ns2fln.name.com","ns3gnv.name.com","ns4ghm.name.com","addPeriod","clientTransferProhibited","",""
"67","livesider.com","2020-05-06 22:29:37","2020-05-05","2020-05-05","2021-05-05","625","Name.com, Inc.","whois.name.com","http://www.name.com","Non-Public Data","","Non-Public Data","Non-Public Data","Hungary","00000","Hungary","","+00.0000000","","Non-Public Data","Non-Public Data","Non-Public Data","Non-Public Data","Non-Public Data","00000","","","+00.0000000","","Non-Public Data","Non-Public Data","Non-Public Data","Non-Public Data","Non-Public Data","00000","","","+00.0000000","","","","","","","","","","","","ns1qsy.name.com","ns2fln.name.com","ns3gnv.name.com","ns4ghm.name.com","addPeriod","clientTransferProhibited","",""
"68","maahdor.com","2020-05-06 21:46:39","2020-05-05","2020-05-05","2021-05-05","82","OnlineNIC, Inc.","whois.onlinenic.com","http://www.onlinenic.com","NicAgent","NicAgent","","","PECS","","Hungary","","","","","","","","","","","","","","","","","","","","","","","","","","","","","","","","","","ns153.mihanwebhost.com","ns154.mihanwebhost.com","","","clientTransferProhibited","","",""
"69","mahdiran.net","2020-05-06 19:02:02","2020-05-05","2020-05-05","2021-05-05","113","CSL Computer Service Langenbach GmbH d/b/a joker.com","whois.joker.com","http://www.joker.com","none","none","","","PECS","","Hungary","","","","","","","","","","","","","","","","","","","","","","","","","","","","","","","","","","ns1.metadns.ir","ns2.metadns.ir","","","clientTransferProhibited","","",""
"70","malagacabrio.com","2020-05-06 23:22:37","2020-05-05","2020-05-05","2021-05-05","82","OnlineNIC, Inc.","whois.onlinenic.com","http://www.onlinenic.com","Aron Erdokozi","Aron Erdokozi","","","Budapest","","Hungary","","","","","","","","","","","","","","","","","","","","","","","","","","","","","","","","","","ns1.mile.hu","ns2.mile.hu","","","OK","","",""
"71","methodcarp.com","2020-05-06 21:15:43","2020-05-04","2020-05-04","2021-05-04","146","GoDaddy.com, LLC","whois.godaddy.com","http://registrar.godaddy.com","","","","","Borsod-Abauj-Zemplen","","Hungary","","","","","","","","","","","","","","","","","","","","","","","","","","","","","","","","","","ns77.domaincontrol.com","ns78.domaincontrol.com","","","clientDeleteProhibited","clientRenewProhibited","clientTransferProhibited","clientUpdateProhibited"
"72","mizangroup.net","2020-05-06 19:01:59","2020-05-05","2020-05-05","2021-05-05","82","OnlineNIC, Inc.","whois.onlinenic.com","http://www.onlinenic.com","NicAgent","NicAgent","","","PECS","","Hungary","","","","","","","","","","","","","","","","","","","","","","","","","","","","","","","","","","brenda.ns.cloudflare.com","clark.ns.cloudflare.com","","","clientTransferProhibited","","",""
"73","mobin-tajhiz.com","2020-05-06 23:02:55","2020-05-05","2020-05-05","2021-05-05","82","OnlineNIC, Inc.","whois.onlinenic.com","http://www.onlinenic.com","NicAgent","NicAgent","","","PECS","","Hungary","","","","","","","","","","","","","","","","","","","","","","","","","","","","","","","","","","ns127.mihanwebhost.com","ns128.mihanwebhost.com","","","clientTransferProhibited","","",""
"74","mozibarhol.com","2020-05-07 01:10:04","2020-05-04","2020-05-04","2021-05-04","1390","Mesh Digital Limited","whois.meshdigital.com","http://www.meshdigital.com","REDACTED FOR PRIVACY","","REDACTED FOR PRIVACY","REDACTED FOR PRIVACY","","REDACTED FOR PRIVACY","Hungary","","REDACTED FOR PRIVACY","REDACTED FOR PRIVACY","","","","","","","","","","","","","","","","","","","","","","","","","","","","","","","ns1.eco-dns.co.uk","ns2.eco-dns.co.uk","","","clientDeleteProhibited","clientTransferProhibited","clientUpdateProhibited",""
"75","mugdealr.com","2020-05-06 20:59:35","2020-05-04","2020-05-04","2021-05-04","146","GoDaddy.com, LLC","whois.godaddy.com","http://registrar.godaddy.com","mugdealr","mugdealr","","","Pest","","Hungary","","","","","","","","","","","","","","","","","","","","","","","","","","","","","","","","","","ns29.domaincontrol.com","ns30.domaincontrol.com","","","clientDeleteProhibited","clientRenewProhibited","clientTransferProhibited","clientUpdateProhibited"
"76","muszakimentok.com","2020-05-06 23:14:09","2020-05-05","2020-05-05","2021-05-05","69","Tucows Domains Inc.","whois.tucows.com","http://domainhelp.opensrs.net","REDACTED FOR PRIVACY","REDACTED FOR PRIVACY","REDACTED FOR PRIVACY","REDACTED FOR PRIVACY","REDACTED FOR PRIVACY","REDACTED FOR PRIVACY","Hungary","","REDACTED FOR PRIVACY","REDACTED FOR PRIVACY","REDACTED FOR PRIVACY","REDACTED FOR PRIVACY","REDACTED FOR PRIVACY","REDACTED FOR PRIVACY","REDACTED FOR PRIVACY","REDACTED FOR PRIVACY","REDACTED FOR PRIVACY","","REDACTED FOR PRIVACY","REDACTED FOR PRIVACY","REDACTED FOR PRIVACY","REDACTED FOR PRIVACY","REDACTED FOR PRIVACY","REDACTED FOR PRIVACY","REDACTED FOR PRIVACY","REDACTED FOR PRIVACY","REDACTED FOR PRIVACY","","REDACTED FOR PRIVACY","REDACTED FOR PRIVACY","","","","","","","","","","","ns.forpsi.cz","ns.forpsi.it","ns.forpsi.net","","clientTransferProhibited","clientUpdateProhibited","",""
"77","namayenazdic.com","2020-05-06 21:19:52","2020-05-04","2020-05-06","2021-05-04","82","OnlineNIC, Inc.","whois.onlinenic.com","http://www.onlinenic.com","NicAgent","NicAgent","","","PECS","","Hungary","","","","","","","","","","","","","","","","","","","","","","","","","","","","","","","","","","ns159.mihanwebhost.com","ns160.mihanwebhost.com","","","clientTransferProhibited","","",""
"78","namenaab.com","2020-05-06 22:07:35","2020-05-04","2020-05-04","2021-05-04","82","OnlineNIC, Inc.","whois.onlinenic.com","http://www.onlinenic.com","NicAgent","NicAgent","","","PECS","","Hungary","","","","","","","","","","","","","","","","","","","","","","","","","","","","","","","","","","ns205.mihanwebhost.com","ns206.mihanwebhost.com","","","clientTransferProhibited","","",""
"79","naturalstepcapital.com","2020-05-06 22:18:08","2020-05-05","2020-05-05","2021-05-05","1501","DotRoll Kft.","whois.dotroll.com","http://www.dotroll.com","","","","","","","Hungary","","","","","","","","","","","","","","","","","","","","","","","","","","","","","","","","","","ns1.dotroll.com","ns2.dotroll.com","","","OK","","",""
"80","neueinvest.com","2020-05-06 23:11:52","2020-05-05","2020-05-05","2021-05-05","146","GoDaddy.com, LLC","whois.godaddy.com","http://registrar.godaddy.com","","","","","Budapest","","Hungary","","","","","","","","","","","","","","","","","","","","","","","","","","","","","","","","","","ns41.domaincontrol.com","ns42.domaincontrol.com","","","clientDeleteProhibited","clientRenewProhibited","clientTransferProhibited","clientUpdateProhibited"
"81","nezzkorbe.com","2020-05-06 23:14:36","2020-05-05","2020-05-06","2022-05-05","69","Tucows Domains Inc.","whois.tucows.com","http://domainhelp.opensrs.net","REDACTED FOR PRIVACY","REDACTED FOR PRIVACY","REDACTED FOR PRIVACY","REDACTED FOR PRIVACY","REDACTED FOR PRIVACY","REDACTED FOR PRIVACY","Hungary","","REDACTED FOR PRIVACY","REDACTED FOR PRIVACY","REDACTED FOR PRIVACY","REDACTED FOR PRIVACY","REDACTED FOR PRIVACY","REDACTED FOR PRIVACY","REDACTED FOR PRIVACY","REDACTED FOR PRIVACY","REDACTED FOR PRIVACY","","REDACTED FOR PRIVACY","REDACTED FOR PRIVACY","REDACTED FOR PRIVACY","REDACTED FOR PRIVACY","REDACTED FOR PRIVACY","REDACTED FOR PRIVACY","REDACTED FOR PRIVACY","REDACTED FOR PRIVACY","REDACTED FOR PRIVACY","","REDACTED FOR PRIVACY","REDACTED FOR PRIVACY","","","","","","","","","","","dns1.ezit.hu","dns2.ezit.hu","","","clientTransferProhibited","clientUpdateProhibited","",""
"82","orriflame.com","2020-05-06 21:09:09","2020-05-04","2020-05-06","2021-05-04","82","OnlineNIC, Inc.","whois.onlinenic.com","http://www.onlinenic.com","NicAgent","NicAgent","","","PECS","","Hungary","","","","","","","","","","","","","","","","","","","","","","","","","","","","","","","","","","ns339.mihanwebhost.com","ns340.mihanwebhost.com","","","clientTransferProhibited","","",""
"83","osportplus.com","2020-05-06 20:59:43","2020-05-04","2020-05-04","2021-05-04","82","OnlineNIC, Inc.","whois.onlinenic.com","http://www.onlinenic.com","NicAgent","NicAgent","","","PECS","","Hungary","","","","","","","","","","","","","","","","","","","","","","","","","","","","","","","","","","ns127.mihanwebhost.com","ns128.mihanwebhost.com","","","clientTransferProhibited","","",""
"84","oxchili.com","2020-05-06 19:35:13","2020-05-04","2020-05-04","2021-05-04","303","PDR Ltd. d/b/a PublicDomainRegistry.com","whois.publicdomainregistry.com","http://www.publicdomainregistry.com","GDPR Masked","GDPR Masked","GDPR Masked","GDPR Masked","Somogy","GDPR Masked","Hungary","gdpr-masking@gdpr-masked.com","GDPR Masked","GDPR Masked","GDPR Masked","GDPR Masked","GDPR Masked","GDPR Masked","GDPR Masked","GDPR Masked","GDPR Masked","gdpr-masking@gdpr-masked.com","GDPR Masked","GDPR Masked","GDPR Masked","GDPR Masked","GDPR Masked","GDPR Masked","GDPR Masked","GDPR Masked","GDPR Masked","gdpr-masking@gdpr-masked.com","GDPR Masked","GDPR Masked","","","","","","","","","","","d3.hu","ns1.netidea.hu","","","clientTransferProhibited","","",""
"85","petifyhome.com","2020-05-06 22:28:35","2020-05-05","2020-05-05","2021-05-05","625","Name.com, Inc.","whois.name.com","http://www.name.com","Non-Public Data","","Non-Public Data","Non-Public Data","Hungary","00000","Hungary","","+00.0000000","","Non-Public Data","Non-Public Data","Non-Public Data","Non-Public Data","Non-Public Data","00000","","","+00.0000000","","Non-Public Data","Non-Public Data","Non-Public Data","Non-Public Data","Non-Public Data","00000","","","+00.0000000","","","","","","","","","","","","ns1qsy.name.com","ns2fln.name.com","ns3gnv.name.com","ns4ghm.name.com","addPeriod","clientTransferProhibited","",""
"86","powaro.com","2020-05-06 19:23:28","2020-05-05","2020-05-05","2021-05-05","82","OnlineNIC, Inc.","whois.onlinenic.com","http://www.onlinenic.com","NicAgent","NicAgent","","","PECS","","Hungary","","","","","","","","","","","","","","","","","","","","","","","","","","","","","","","","","","ns339.mihanwebhost.com","ns340.mihanwebhost.com","","","clientTransferProhibited","","",""
"87","priviparty.com","2020-05-06 22:38:10","2020-05-05","2020-05-05","2021-05-05","886","Domain.com, LLC","whois.domain.com","http://www.domain.com","REDACTED FOR PRIVACY","REDACTED FOR PRIVACY","REDACTED FOR PRIVACY","REDACTED FOR PRIVACY","NA","REDACTED FOR PRIVACY","Hungary","","REDACTED FOR PRIVACY","REDACTED FOR PRIVACY","REDACTED FOR PRIVACY","REDACTED FOR PRIVACY","REDACTED FOR PRIVACY","REDACTED FOR PRIVACY","REDACTED FOR PRIVACY","REDACTED FOR PRIVACY","REDACTED FOR PRIVACY","","REDACTED FOR PRIVACY","REDACTED FOR PRIVACY","REDACTED FOR PRIVACY","REDACTED FOR PRIVACY","REDACTED FOR PRIVACY","REDACTED FOR PRIVACY","REDACTED FOR PRIVACY","REDACTED FOR PRIVACY","REDACTED FOR PRIVACY","","REDACTED FOR PRIVACY","REDACTED FOR PRIVACY","","","","","","","","","","","ns1.domain.com","ns2.domain.com","","","","","",""
"88","r1crm.com","2020-05-06 21:30:01","2020-05-04","2020-05-04","2021-05-04","886","Domain.com, LLC","whois.domain.com","http://www.domain.com","REDACTED FOR PRIVACY","REDACTED FOR PRIVACY","REDACTED FOR PRIVACY","REDACTED FOR PRIVACY","REDACTED FOR PRIVACY","REDACTED FOR PRIVACY","Hungary","","REDACTED FOR PRIVACY","REDACTED FOR PRIVACY","REDACTED FOR PRIVACY","REDACTED FOR PRIVACY","REDACTED FOR PRIVACY","REDACTED FOR PRIVACY","REDACTED FOR PRIVACY","REDACTED FOR PRIVACY","REDACTED FOR PRIVACY","","REDACTED FOR PRIVACY","REDACTED FOR PRIVACY","REDACTED FOR PRIVACY","REDACTED FOR PRIVACY","REDACTED FOR PRIVACY","REDACTED FOR PRIVACY","REDACTED FOR PRIVACY","REDACTED FOR PRIVACY","REDACTED FOR PRIVACY","","REDACTED FOR PRIVACY","REDACTED FOR PRIVACY","","","","","","","","","","","ns1.domain.com","ns2.domain.com","","","","","",""
"89","rahjoopack.com","2020-05-06 22:27:00","2020-05-05","2020-05-05","2021-05-05","82","OnlineNIC, Inc.","whois.onlinenic.com","http://www.onlinenic.com","NicAgent","NicAgent","","","PECS","","Hungary","","","","","","","","","","","","","","","","","","","","","","","","","","","","","","","","","","ns127.mihanwebhost.com","ns128.mihanwebhost.com","","","clientTransferProhibited","","",""
"90","rapiddisinfectant.com","2020-05-06 23:32:41","2020-05-05","2020-05-05","2021-05-05","69","Tucows Domains Inc.","whois.tucows.com","http://domainhelp.opensrs.net","REDACTED FOR PRIVACY","REDACTED FOR PRIVACY","REDACTED FOR PRIVACY","REDACTED FOR PRIVACY","REDACTED FOR PRIVACY","REDACTED FOR PRIVACY","Hungary","","REDACTED FOR PRIVACY","REDACTED FOR PRIVACY","REDACTED FOR PRIVACY","REDACTED FOR PRIVACY","REDACTED FOR PRIVACY","REDACTED FOR PRIVACY","REDACTED FOR PRIVACY","REDACTED FOR PRIVACY","REDACTED FOR PRIVACY","","REDACTED FOR PRIVACY","REDACTED FOR PRIVACY","REDACTED FOR PRIVACY","REDACTED FOR PRIVACY","REDACTED FOR PRIVACY","REDACTED FOR PRIVACY","REDACTED FOR PRIVACY","REDACTED FOR PRIVACY","REDACTED FOR PRIVACY","","REDACTED FOR PRIVACY","REDACTED FOR PRIVACY","","","","","","","","","","","ns.forpsi.cz","ns.forpsi.it","ns.forpsi.net","","clientTransferProhibited","clientUpdateProhibited","",""
"91","roboplastquality.com","2020-05-06 19:26:46","2020-05-05","","2021-05-05","1505","Gransy s.r.o. d/b/a subreg.cz","whois.regtons.com","http://regtons.com","Not Disclosed Not Disclosed","Robo Plast Quality Kft","Not Disclosed","Not Disclosed","","Not Disclosed","Hungary","webproxy@whoisprotection.domains","Not Disclosed","Not Disclosed","Not Disclosed Not Disclosed","","Not Disclosed","Not Disclosed","Not Disclosed","Not Disclosed","Not Disclosed","webproxy@whoisprotection.domains","Not Disclosed","Not Disclosed","Not Disclosed Not Disclosed","","Not Disclosed","Not Disclosed","Not Disclosed","Not Disclosed","Not Disclosed","webproxy@whoisprotection.domains","Not Disclosed","Not Disclosed","","","","","","","","","","","ns1.nethely.hu","ns2.nethely.hu","","","","","",""
"92","sadaf1zanjan.com","2020-05-06 23:12:52","2020-05-05","2020-05-05","2021-05-05","82","OnlineNIC, Inc.","whois.onlinenic.com","http://www.onlinenic.com","NicAgent","NicAgent","","","PECS","","Hungary","","","","","","","","","","","","","","","","","","","","","","","","","","","","","","","","","","ns329.mihanwebhost.com","ns330.mihanwebhost.com","","","clientTransferProhibited","","",""
"93","selectiko.com","2020-05-07 01:03:05","2020-05-04","2020-05-04","2021-05-04","886","Domain.com, LLC","whois.domain.com","http://www.domain.com","REDACTED FOR PRIVACY","REDACTED FOR PRIVACY","REDACTED FOR PRIVACY","REDACTED FOR PRIVACY","NA","REDACTED FOR PRIVACY","Hungary","","REDACTED FOR PRIVACY","REDACTED FOR PRIVACY","REDACTED FOR PRIVACY","REDACTED FOR PRIVACY","REDACTED FOR PRIVACY","REDACTED FOR PRIVACY","REDACTED FOR PRIVACY","REDACTED FOR PRIVACY","REDACTED FOR PRIVACY","","REDACTED FOR PRIVACY","REDACTED FOR PRIVACY","REDACTED FOR PRIVACY","REDACTED FOR PRIVACY","REDACTED FOR PRIVACY","REDACTED FOR PRIVACY","REDACTED FOR PRIVACY","REDACTED FOR PRIVACY","REDACTED FOR PRIVACY","","REDACTED FOR PRIVACY","REDACTED FOR PRIVACY","","","","","","","","","","","ns1.domain.com","ns2.domain.com","","","","","",""
"94","selfaced.com","2020-05-06 22:24:53","2020-05-05","2020-05-05","2021-05-05","625","Name.com, Inc.","whois.name.com","http://www.name.com","Non-Public Data","","Non-Public Data","Non-Public Data","Hungary","00000","Hungary","","+00.0000000","","Non-Public Data","Non-Public Data","Non-Public Data","Non-Public Data","Non-Public Data","00000","","","+00.0000000","","Non-Public Data","Non-Public Data","Non-Public Data","Non-Public Data","Non-Public Data","00000","","","+00.0000000","","","","","","","","","","","","ns1qsy.name.com","ns2fln.name.com","ns3gnv.name.com","ns4ghm.name.com","addPeriod","clientTransferProhibited","",""
"95","selffaced.com","2020-05-06 22:27:12","2020-05-05","2020-05-05","2021-05-05","625","Name.com, Inc.","whois.name.com","http://www.name.com","Non-Public Data","","Non-Public Data","Non-Public Data","Hungary","00000","Hungary","","+00.0000000","","Non-Public Data","Non-Public Data","Non-Public Data","Non-Public Data","Non-Public Data","00000","","","+00.0000000","","Non-Public Data","Non-Public Data","Non-Public Data","Non-Public Data","Non-Public Data","00000","","","+00.0000000","","","","","","","","","","","","ns1qsy.name.com","ns2fln.name.com","ns3gnv.name.com","ns4ghm.name.com","addPeriod","clientTransferProhibited","",""
"96","simplex-co.com","2020-05-06 22:48:52","2020-05-05","2020-05-05","2021-05-05","82","OnlineNIC, Inc.","whois.onlinenic.com","http://www.onlinenic.com","NicAgent","NicAgent","","","PECS","","Hungary","","","","","","","","","","","","","","","","","","","","","","","","","","","","","","","","","","ns127.mihanwebhost.com","ns128.mihanwebhost.com","","","clientTransferProhibited","","",""
"97","skala-app.com","2020-05-06 22:32:05","2020-05-05","2020-05-05","2021-05-05","146","GoDaddy.com, LLC","whois.godaddy.com","http://registrar.godaddy.com","Akriv Group Zrt","Akriv Group Zrt","","","Budapest","","Hungary","","","","","","","","","","","","","","","","","","","","","","","","","","","","","","","","","","ns41.domaincontrol.com","ns42.domaincontrol.com","","","clientDeleteProhibited","clientRenewProhibited","clientTransferProhibited","clientUpdateProhibited"
"98","skala-commerce.com","2020-05-06 22:31:44","2020-05-05","2020-05-05","2021-05-05","146","GoDaddy.com, LLC","whois.godaddy.com","http://registrar.godaddy.com","Akriv Group Zrt","Akriv Group Zrt","","","Budapest","","Hungary","","","","","","","","","","","","","","","","","","","","","","","","","","","","","","","","","","ns49.domaincontrol.com","ns50.domaincontrol.com","","","clientDeleteProhibited","clientRenewProhibited","clientTransferProhibited","clientUpdateProhibited"
"99","skalaapp.com","2020-05-06 22:33:12","2020-05-05","2020-05-05","2021-05-05","146","GoDaddy.com, LLC","whois.godaddy.com","http://registrar.godaddy.com","Akriv Group Zrt","Akriv Group Zrt","","","Budapest","","Hungary","","","","","","","","","","","","","","","","","","","","","","","","","","","","","","","","","","ns77.domaincontrol.com","ns78.domaincontrol.com","","","clientDeleteProhibited","clientRenewProhibited","clientTransferProhibited","clientUpdateProhibited"
"100","skalacommerce.com","2020-05-06 22:32:05","2020-05-05","2020-05-05","2021-05-05","146","GoDaddy.com, LLC","whois.godaddy.com","http://registrar.godaddy.com","Akriv Group Zrt","Akriv Group Zrt","","","Budapest","","Hungary","","","","","","","","","","","","","","","","","","","","","","","","","","","","","","","","","","ns77.domaincontrol.com","ns78.domaincontrol.com","","","clientDeleteProhibited","clientRenewProhibited","clientTransferProhibited","clientUpdateProhibited"
"101","skalasolution.com","2020-05-06 22:40:09","2020-05-05","2020-05-05","2021-05-05","146","GoDaddy.com, LLC","whois.godaddy.com","http://registrar.godaddy.com","Akriv Group Zrt","Akriv Group Zrt","","","Budapest","","Hungary","","","","","","","","","","","","","","","","","","","","","","","","","","","","","","","","","","ns29.domaincontrol.com","ns30.domaincontrol.com","","","clientDeleteProhibited","clientRenewProhibited","clientTransferProhibited","clientUpdateProhibited"
"102","skalastore.com","2020-05-06 22:31:37","2020-05-05","2020-05-05","2021-05-05","146","GoDaddy.com, LLC","whois.godaddy.com","http://registrar.godaddy.com","Akriv Group Zrt","Akriv Group Zrt","","","Budapest","","Hungary","","","","","","","","","","","","","","","","","","","","","","","","","","","","","","","","","","ns41.domaincontrol.com","ns42.domaincontrol.com","","","clientDeleteProhibited","clientRenewProhibited","clientTransferProhibited","clientUpdateProhibited"
"103","solvenest.com","2020-05-07 01:10:15","2020-05-04","2020-05-04","2022-05-04","113","CSL Computer Service Langenbach GmbH d/b/a joker.com","whois.joker.com","http://www.joker.com","","","","","","","Hungary","","","","","","","","","","","","","","","","","","","","","","","","","","","","","","","","","","ns1.domdom.net","ns2.domdom.net","ns3.domdom.net","","clientTransferProhibited","","",""
"104","soroshmarket.com","2020-05-06 21:09:55","2020-05-04","2020-05-04","2021-05-04","82","OnlineNIC, Inc.","whois.onlinenic.com","http://www.onlinenic.com","NicAgent","NicAgent","","","PECS","","Hungary","","","","","","","","","","","","","","","","","","","","","","","","","","","","","","","","","","ns159.mihanwebhost.com","ns160.mihanwebhost.com","","","clientTransferProhibited","","",""
"105","stop-covid.care","2020-05-06 18:58:30","2020-05-04","2020-05-04","2021-05-04","1505","Gransy s.r.o. d/b/a subreg.cz","whois.regtons.com","http://regtons.com","REDACTED FOR PRIVACY","STOP drugstore, Kft.","REDACTED FOR PRIVACY","REDACTED FOR PRIVACY","","REDACTED FOR PRIVACY","Hungary","","REDACTED FOR PRIVACY","REDACTED FOR PRIVACY","","","","","","","","","","","","","","","","","","","","","","","","","","","","","","","","","","","addPeriod","","",""
"106","stop-virus.care","2020-05-06 18:58:29","2020-05-04","2020-05-04","2021-05-04","1505","Gransy s.r.o. d/b/a subreg.cz","whois.regtons.com","http://regtons.com","REDACTED FOR PRIVACY","STOP drugstore, Kft.","REDACTED FOR PRIVACY","REDACTED FOR PRIVACY","","REDACTED FOR PRIVACY","Hungary","","REDACTED FOR PRIVACY","REDACTED FOR PRIVACY","","","","","","","","","","","","","","","","","","","","","","","","","","","","","","","","","","","addPeriod","","",""
"107","szlavidanceart.com","2020-05-06 20:38:24","2020-05-04","","2021-05-04","1505","Gransy s.r.o. d/b/a subreg.cz","whois.regtons.com","http://regtons.com","Not Disclosed Not Disclosed","","Not Disclosed","Not Disclosed","","Not Disclosed","Hungary","webproxy@whoisprotection.domains","Not Disclosed","Not Disclosed","Not Disclosed Not Disclosed","","Not Disclosed","Not Disclosed","Not Disclosed","Not Disclosed","Not Disclosed","webproxy@whoisprotection.domains","Not Disclosed","Not Disclosed","Not Disclosed Not Disclosed","","Not Disclosed","Not Disclosed","Not Disclosed","Not Disclosed","Not Disclosed","webproxy@whoisprotection.domains","Not Disclosed","Not Disclosed","","","","","","","","","","","ns1.nethely.hu","ns2.nethely.hu","","","","","",""
"108","taamodesign.com","2020-05-06 21:10:50","2020-05-04","2020-05-04","2021-05-04","82","OnlineNIC, Inc.","whois.onlinenic.com","http://www.onlinenic.com","NicAgent","NicAgent","","","PECS","","Hungary","","","","","","","","","","","","","","","","","","","","","","","","","","","","","","","","","","ns289.mihanwebhost.com","ns290.mihanwebhost.com","","","clientTransferProhibited","","",""
"109","tanikcnc.com","2020-05-06 21:03:46","2020-05-04","2020-05-04","2021-05-04","82","OnlineNIC, Inc.","whois.onlinenic.com","http://www.onlinenic.com","NicAgent","NicAgent","","","PECS","","Hungary","","","","","","","","","","","","","","","","","","","","","","","","","","","","","","","","","","ns127.mihanwebhost.com","ns128.mihanwebhost.com","","","clientTransferProhibited","","",""
"110","theexcusegenerator.com","2020-05-06 20:45:38","2020-05-04","2020-05-04","2021-05-04","146","GoDaddy.com, LLC","whois.godaddy.com","http://registrar.godaddy.com","","","","","Pest","","Hungary","","","","","","","","","","","","","","","","","","","","","","","","","","","","","","","","","","ns63.domaincontrol.com","ns64.domaincontrol.com","","","clientDeleteProhibited","clientRenewProhibited","clientTransferProhibited","clientUpdateProhibited"
"111","theneverlandings.com","2020-05-06 23:19:32","2020-05-05","","2021-05-05","1505","Gransy s.r.o. d/b/a subreg.cz","whois.regtons.com","http://regtons.com","Not Disclosed Not Disclosed","","Not Disclosed","Not Disclosed","Pest","Not Disclosed","Hungary","webproxy@whoisprotection.domains","Not Disclosed","Not Disclosed","Not Disclosed Not Disclosed","","Not Disclosed","Not Disclosed","Not Disclosed","Not Disclosed","Not Disclosed","webproxy@whoisprotection.domains","Not Disclosed","Not Disclosed","Not Disclosed Not Disclosed","","Not Disclosed","Not Disclosed","Not Disclosed","Not Disclosed","Not Disclosed","webproxy@whoisprotection.domains","Not Disclosed","Not Disclosed","","","","","","","","","","","ns1.tarhely.com","ns2.tarhely.com","","","","","",""
"112","thermovir.com","2020-05-06 22:31:36","2020-05-05","2020-05-05","2021-05-05","886","Domain.com, LLC","whois.domain.com","http://www.domain.com","REDACTED FOR PRIVACY","REDACTED FOR PRIVACY","REDACTED FOR PRIVACY","REDACTED FOR PRIVACY","NA","REDACTED FOR PRIVACY","Hungary","","REDACTED FOR PRIVACY","REDACTED FOR PRIVACY","REDACTED FOR PRIVACY","REDACTED FOR PRIVACY","REDACTED FOR PRIVACY","REDACTED FOR PRIVACY","REDACTED FOR PRIVACY","REDACTED FOR PRIVACY","REDACTED FOR PRIVACY","","REDACTED FOR PRIVACY","REDACTED FOR PRIVACY","REDACTED FOR PRIVACY","REDACTED FOR PRIVACY","REDACTED FOR PRIVACY","REDACTED FOR PRIVACY","REDACTED FOR PRIVACY","REDACTED FOR PRIVACY","REDACTED FOR PRIVACY","","REDACTED FOR PRIVACY","REDACTED FOR PRIVACY","","","","","","","","","","","ns1.domain.com","ns2.domain.com","","","","","",""
"113","tmolnarkrisztina.com","2020-05-06 23:47:51","2020-05-05","2020-05-05","2021-05-05","303","PDR Ltd. d/b/a PublicDomainRegistry.com","whois.publicdomainregistry.com","http://www.publicdomainregistry.com","GDPR Masked","GDPR Masked","GDPR Masked","GDPR Masked","Budapest","GDPR Masked","Hungary","gdpr-masking@gdpr-masked.com","GDPR Masked","GDPR Masked","GDPR Masked","GDPR Masked","GDPR Masked","GDPR Masked","GDPR Masked","GDPR Masked","GDPR Masked","gdpr-masking@gdpr-masked.com","GDPR Masked","GDPR Masked","GDPR Masked","GDPR Masked","GDPR Masked","GDPR Masked","GDPR Masked","GDPR Masked","GDPR Masked","gdpr-masking@gdpr-masked.com","GDPR Masked","GDPR Masked","","","","","","","","","","","ns0.unas.eu","ns1.unas.eu","","","clientTransferProhibited","","",""
"114","varrosmassucco.com","2020-05-06 23:17:52","2020-05-05","2020-05-05","2021-05-05","146","GoDaddy.com, LLC","whois.godaddy.com","http://registrar.godaddy.com","","","","","Budapest","","Hungary","","","","","","","","","","","","","","","","","","","","","","","","","","","","","","","","","","ns63.domaincontrol.com","ns64.domaincontrol.com","","","clientDeleteProhibited","clientRenewProhibited","clientTransferProhibited","clientUpdateProhibited"
"115","veepick.com","2020-05-06 21:39:32","2020-05-04","2020-05-04","2021-05-04","146","GoDaddy.com, LLC","whois.godaddy.com","http://registrar.godaddy.com","","","","","Hungary","","Hungary","","","","","","","","","","","","","","","","","","","","","","","","","","","","","","","","","","ns77.domaincontrol.com","ns78.domaincontrol.com","","","clientDeleteProhibited","clientRenewProhibited","clientTransferProhibited","clientUpdateProhibited"
"116","vesemo.com","2020-05-07 00:05:11","2020-05-05","2020-05-05","2021-05-05","303","PDR Ltd. d/b/a PublicDomainRegistry.com","whois.publicdomainregistry.com","http://www.publicdomainregistry.com","GDPR Masked","GDPR Masked","GDPR Masked","GDPR Masked","Zala","GDPR Masked","Hungary","gdpr-masking@gdpr-masked.com","GDPR Masked","GDPR Masked","GDPR Masked","GDPR Masked","GDPR Masked","GDPR Masked","GDPR Masked","GDPR Masked","GDPR Masked","gdpr-masking@gdpr-masked.com","GDPR Masked","GDPR Masked","GDPR Masked","GDPR Masked","GDPR Masked","GDPR Masked","GDPR Masked","GDPR Masked","GDPR Masked","gdpr-masking@gdpr-masked.com","GDPR Masked","GDPR Masked","","","","","","","","","","","ns1.vhost.vn","ns2.vhost.vn","","","clientTransferProhibited","","",""
"117","webappmodule.com","2020-05-06 23:00:28","2020-05-05","2020-05-05","2021-05-05","82","OnlineNIC, Inc.","whois.onlinenic.com","http://www.onlinenic.com","NicAgent","NicAgent","","","PECS","","Hungary","","","","","","","","","","","","","","","","","","","","","","","","","","","","","","","","","","ns127.mihanwebhost.com","ns128.mihanwebhost.com","","","clientTransferProhibited","","",""
"118","wildinsitu.com","2020-05-06 22:29:22","2020-05-05","2020-05-05","2021-05-05","625","Name.com, Inc.","whois.name.com","http://www.name.com","Non-Public Data","","Non-Public Data","Non-Public Data","Hungary","00000","Hungary","","+00.0000000","","Non-Public Data","Non-Public Data","Non-Public Data","Non-Public Data","Non-Public Data","00000","","","+00.0000000","","Non-Public Data","Non-Public Data","Non-Public Data","Non-Public Data","Non-Public Data","00000","","","+00.0000000","","","","","","","","","","","","ns1qsy.name.com","ns2fln.name.com","ns3gnv.name.com","ns4ghm.name.com","addPeriod","clientTransferProhibited","",""
"119","wildkingtv.com","2020-05-06 22:29:25","2020-05-05","2020-05-05","2021-05-05","625","Name.com, Inc.","whois.name.com","http://www.name.com","Non-Public Data","","Non-Public Data","Non-Public Data","Hungary","00000","Hungary","","+00.0000000","","Non-Public Data","Non-Public Data","Non-Public Data","Non-Public Data","Non-Public Data","00000","","","+00.0000000","","Non-Public Data","Non-Public Data","Non-Public Data","Non-Public Data","Non-Public Data","00000","","","+00.0000000","","","","","","","","","","","","ns1qsy.name.com","ns2fln.name.com","ns3gnv.name.com","ns4ghm.name.com","addPeriod","clientTransferProhibited","",""
"120","woodaksawmill.com","2020-05-06 23:08:21","2020-05-05","2020-05-05","2021-05-05","82","OnlineNIC, Inc.","whois.onlinenic.com","http://www.onlinenic.com","Magyar Istvan Janos e.v.","Magyar Istvan Janos e.v.","","","Hungary","","Hungary","","","","","","","","","","","","","","","","","","","","","","","","","","","","","","","","","","dns1.hu","dns2.hu","dns3.hu","","OK","","",""
"121","wordpressforcreatives.com","2020-05-06 20:26:05","2020-05-05","2020-05-05","2021-05-05","1387","1API GmbH","whois.1api.net","http://www.1api.net","REDACTED FOR PRIVACY","REDACTED FOR PRIVACY","REDACTED FOR PRIVACY","REDACTED FOR PRIVACY","","REDACTED FOR PRIVACY","Hungary","","REDACTED FOR PRIVACY","","REDACTED FOR PRIVACY","REDACTED FOR PRIVACY","REDACTED FOR PRIVACY","REDACTED FOR PRIVACY","REDACTED FOR PRIVACY","REDACTED FOR PRIVACY","REDACTED FOR PRIVACY","","REDACTED FOR PRIVACY","","REDACTED FOR PRIVACY","REDACTED FOR PRIVACY","REDACTED FOR PRIVACY","REDACTED FOR PRIVACY","REDACTED FOR PRIVACY","REDACTED FOR PRIVACY","REDACTED FOR PRIVACY","","REDACTED FOR PRIVACY","","","","","","","","","","","","ns1.dns24.hu","ns2.dns24.hu","ns3.dns24.hu","ns4.dns24.hu","clientTransferProhibited","","",""
"122","xn--aranyrg-f1a.com","2020-05-06 20:25:58","2020-05-05","2020-05-05","2021-05-05","303","PDR Ltd. d/b/a PublicDomainRegistry.com","whois.publicdomainregistry.com","http://www.publicdomainregistry.com","GDPR Masked","GDPR Masked","GDPR Masked","GDPR Masked","","GDPR Masked","Hungary","gdpr-masking@gdpr-masked.com","GDPR Masked","GDPR Masked","GDPR Masked","GDPR Masked","GDPR Masked","GDPR Masked","GDPR Masked","GDPR Masked","GDPR Masked","gdpr-masking@gdpr-masked.com","GDPR Masked","GDPR Masked","GDPR Masked","GDPR Masked","GDPR Masked","GDPR Masked","GDPR Masked","GDPR Masked","GDPR Masked","gdpr-masking@gdpr-masked.com","GDPR Masked","GDPR Masked","","","","","","","","","","","ns1.rackforest.hu","sns1.rackforest.hu","","","clientTransferProhibited","","",""
"123","yadgiry.com","2020-05-06 19:31:38","2020-05-05","2020-05-05","2021-05-05","82","OnlineNIC, Inc.","whois.onlinenic.com","http://www.onlinenic.com","NicAgent","NicAgent","","","PECS","","Hungary","","","","","","","","","","","","","","","","","","","","","","","","","","","","","","","","","","ns127.mihanwebhost.com","ns128.mihanwebhost.com","","","clientTransferProhibited","","",""
"124","yearbook-city.com","2020-05-06 19:23:58","2020-05-05","2020-05-05","2021-05-05","146","GoDaddy.com, LLC","whois.godaddy.com","http://registrar.godaddy.com","Paragon 5 Limited","Paragon 5 Limited","","","Budapest","","Hungary","","","","","","","","","","","","","","","","","","","","","","","","","","","","","","","","","","ns77.domaincontrol.com","ns78.domaincontrol.com","","","clientDeleteProhibited","clientRenewProhibited","clientTransferProhibited","clientUpdateProhibited"
"125","yearbook-ncl.com","2020-05-06 20:20:35","2020-05-05","2020-05-05","2021-05-05","146","GoDaddy.com, LLC","whois.godaddy.com","http://registrar.godaddy.com","Paragon 5 Limited","Paragon 5 Limited","","","Budapest","","Hungary","","","","","","","","","","","","","","","","","","","","","","","","","","","","","","","","","","ns63.domaincontrol.com","ns64.domaincontrol.com","","","clientDeleteProhibited","clientRenewProhibited","clientTransferProhibited","clientUpdateProhibited"
"126","yearbook-qmul.com","2020-05-06 23:07:40","2020-05-05","2020-05-05","2021-05-05","146","GoDaddy.com, LLC","whois.godaddy.com","http://registrar.godaddy.com","Paragon 5 Limited","Paragon 5 Limited","","","Budapest","","Hungary","","","","","","","","","","","","","","","","","","","","","","","","","","","","","","","","","","ns63.domaincontrol.com","ns64.domaincontrol.com","","","clientDeleteProhibited","clientRenewProhibited","clientTransferProhibited","clientUpdateProhibited"
"127","zariinmehr.com","2020-05-06 22:57:52","2020-05-05","2020-05-05","2021-05-05","82","OnlineNIC, Inc.","whois.onlinenic.com","http://www.onlinenic.com","NicAgent","NicAgent","","","PECS","","Hungary","","","","","","","","","","","","","","","","","","","","","","","","","","","","","","","","","","ns127.mihanwebhost.com","ns128.mihanwebhost.com","","","clientTransferProhibited","","",""
"128","zariinpay.com","2020-05-06 23:02:44","2020-05-05","2020-05-05","2021-05-05","82","OnlineNIC, Inc.","whois.onlinenic.com","http://www.onlinenic.com","NicAgent","NicAgent","","","PECS","","Hungary","","","","","","","","","","","","","","","","","","","","","","","","","","","","","","","","","","ns127.mihanwebhost.com","ns128.mihanwebhost.com","","","clientTransferProhibited","","",""
"129","zariinshop.com","2020-05-06 22:58:58","2020-05-05","2020-05-05","2021-05-05","82","OnlineNIC, Inc.","whois.onlinenic.com","http://www.onlinenic.com","NicAgent","NicAgent","","","PECS","","Hungary","","","","","","","","","","","","","","","","","","","","","","","","","","","","","","","","","","ns127.mihanwebhost.com","ns128.mihanwebhost.com","","","clientTransferProhibited","","",""