"num","domain_name","query_time","create_date","update_date","expiry_date","domain_registrar_id","domain_registrar_name","domain_registrar_whois","domain_registrar_url","registrant_name","registrant_company","registrant_address","registrant_city","registrant_state","registrant_zip","registrant_country","registrant_email","registrant_phone","registrant_fax","administrative_name","administrative_company","administrative_address","administrative_city","administrative_state","administrative_zip","administrative_country","administrative_email","administrative_phone","administrative_fax","technical_name","technical_company","technical_address","technical_city","technical_state","technical_zip","technical_country","technical_email","technical_phone","technical_fax","billing_name","billing_company","billing_address","billing_city","billing_state","billing_zip","billing_country","billing_email","billing_phone","billing_fax","name_server_1","name_server_2","name_server_3","name_server_4","domain_status_1","domain_status_2","domain_status_3","domain_status_4"
"1","abbashilo.com","2020-05-06 23:24:02","2020-05-05","2020-05-05","2021-05-05","106","Ascio Technologies, Inc. Danmark - Filial af Ascio technologies, Inc. USA","whois.ascio.com","http://www.ascio.com","Not Disclosed","Not Disclosed","Not Disclosed","Not Disclosed","","Not Disclosed","Iraq","","Not Disclosed","Not Disclosed","Not Disclosed","Not Disclosed","Not Disclosed","Not Disclosed","Not Disclosed","Not Disclosed","Not Disclosed","","Not Disclosed","Not Disclosed","Not Disclosed","Not Disclosed","Not Disclosed","Not Disclosed","Not Disclosed","Not Disclosed","Not Disclosed","","Not Disclosed","Not Disclosed","","","","","","","","","","","dns1.123hjemmeside.dk","dns2.123hjemmeside.dk","dns3.123hjemmeside.dk","","OK","","",""
"2","akocopy.com","2020-05-07 01:07:07","2020-05-04","2020-05-04","2025-05-04","146","GoDaddy.com, LLC","whois.godaddy.com","http://registrar.godaddy.com","Akocopy","Akocopy","","","Iraq","","Iraq","","","","","","","","","","","","","","","","","","","","","","","","","","","","","","","","","","ns49.domaincontrol.com","ns50.domaincontrol.com","","","clientDeleteProhibited","clientRenewProhibited","clientTransferProhibited","clientUpdateProhibited"
"3","alktron.com","2020-05-07 01:00:15","2020-05-04","2020-05-06","2022-05-04","886","Domain.com, LLC","whois.domain.com","http://www.domain.com","REDACTED FOR PRIVACY","REDACTED FOR PRIVACY","REDACTED FOR PRIVACY","REDACTED FOR PRIVACY","REDACTED FOR PRIVACY","REDACTED FOR PRIVACY","Iraq","","REDACTED FOR PRIVACY","REDACTED FOR PRIVACY","REDACTED FOR PRIVACY","REDACTED FOR PRIVACY","REDACTED FOR PRIVACY","REDACTED FOR PRIVACY","REDACTED FOR PRIVACY","REDACTED FOR PRIVACY","REDACTED FOR PRIVACY","","REDACTED FOR PRIVACY","REDACTED FOR PRIVACY","REDACTED FOR PRIVACY","REDACTED FOR PRIVACY","REDACTED FOR PRIVACY","REDACTED FOR PRIVACY","REDACTED FOR PRIVACY","REDACTED FOR PRIVACY","REDACTED FOR PRIVACY","","REDACTED FOR PRIVACY","REDACTED FOR PRIVACY","","","","","","","","","","","ns1.freehosting.com","ns2.freehosting.com","","","","","",""
"4","asan-followers.com","2020-05-06 23:32:36","2020-05-05","2020-05-05","2021-05-05","113","CSL Computer Service Langenbach GmbH d/b/a joker.com","whois.joker.com","http://www.joker.com","","","","","mazandaran","","Iraq","","","","","","","","","","","","","","","","","","","","","","","","","","","","","","","","","","ns1.mehrbang.ir","ns2.mehrbang.ir","","","clientTransferProhibited","","",""
"5","darakiq.com","2020-05-06 22:22:35","2020-05-05","2020-05-05","2021-05-05","146","GoDaddy.com, LLC","whois.godaddy.com","http://registrar.godaddy.com","","","","","baghdad","","Iraq","","","","","","","","","","","","","","","","","","","","","","","","","","","","","","","","","","ns77.domaincontrol.com","ns78.domaincontrol.com","","","clientDeleteProhibited","clientRenewProhibited","clientTransferProhibited","clientUpdateProhibited"
"6","healthieriraq.com","2020-05-06 20:45:16","2020-05-04","2020-05-04","2021-05-04","303","PDR Ltd. d/b/a PublicDomainRegistry.com","whois.publicdomainregistry.com","http://www.publicdomainregistry.com","Tavga Ibrahim","Tavga Ibrahim","Iraq Kurdistan Erbil Ainkawa","Erbil","Kurdistan","44001","Iraq","tavgaibrahim2015@gmail.com","+964.7724000404","","Tavga Ibrahim","Tavga Ibrahim","Iraq Kurdistan Erbil Ainkawa","Erbil","Kurdistan","44001","Iraq","tavgaibrahim2015@gmail.com","+964.7724000404","","Tavga Ibrahim","Tavga Ibrahim","Iraq Kurdistan Erbil Ainkawa","Erbil","Kurdistan","44001","Iraq","tavgaibrahim2015@gmail.com","+964.7724000404","","","","","","","","","","","","ns1.dns-parking.com","ns2.dns-parking.com","","","clientTransferProhibited","","",""
"7","helensgourmet.net","2020-05-06 19:02:25","2020-05-05","2020-05-05","2021-05-05","146","GoDaddy.com, LLC","whois.godaddy.com","http://registrar.godaddy.com","","","","","Kurdistan","","Iraq","","","","","","","","","","","","","","","","","","","","","","","","","","","","","","","","","","ns63.domaincontrol.com","ns64.domaincontrol.com","","","clientDeleteProhibited","clientRenewProhibited","clientTransferProhibited","clientUpdateProhibited"
"8","hinetwork-iq.com","2020-05-06 20:21:53","2020-05-05","2020-05-05","2021-05-05","303","PDR Ltd. d/b/a PublicDomainRegistry.com","whois.publicdomainregistry.com","http://www.publicdomainregistry.com","AllSafe llbrmjt walalan","AllSafe llbrmjt walalan","Al Deewaniya, Al Deewaniya","Al Deewaniya","Al Deewaniya","58001","Iraq","pro.int3rnet@gmail.com","+964.7830200030","","AllSafe llbrmjt walalan","AllSafe llbrmjt walalan","Al Deewaniya, Al Deewaniya","Al Deewaniya","Al Deewaniya","58001","Iraq","pro.int3rnet@gmail.com","+964.7830200030","","AllSafe llbrmjt walalan","AllSafe llbrmjt walalan","Al Deewaniya, Al Deewaniya","Al Deewaniya","Al Deewaniya","58001","Iraq","pro.int3rnet@gmail.com","+964.7830200030","","","","","","","","","","","","plesk3300a.trouble-free.net","plesk3300b.trouble-free.net","","","clientTransferProhibited","","",""
"9","honarzib.com","2020-05-06 19:22:43","2020-05-05","2020-05-05","2021-05-05","82","OnlineNIC, Inc.","whois.onlinenic.com","http://www.onlinenic.com","Amin Abbasi","AHP","shiraz","shiraz","shiraz","1234569876","Iraq","1persian.gulf@gmail.com","+964.7116261586","+964.7116261586","Amin Abbasi","AHP","shiraz","shiraz","shiraz","1234569876","Iraq","1persian.gulf@gmail.com","+964.7116261586","+964.7116261586","Amin Abbasi","AHP","shiraz","shiraz","shiraz","1234569876","Iraq","1persian.gulf@gmail.com","+964.7116261586","+964.7116261586","","","","","","","","","","","ns1.ahp.co.ir","ns2.ahp.co.ir","","","clientTransferProhibited","","",""
"10","kreencard.com","2020-05-06 22:13:04","2020-05-04","2020-05-04","2022-05-04","146","GoDaddy.com, LLC","whois.godaddy.com","http://registrar.godaddy.com","","","","","Kurdistan","","Iraq","","","","","","","","","","","","","","","","","","","","","","","","","","","","","","","","","","ns63.domaincontrol.com","ns64.domaincontrol.com","","","clientDeleteProhibited","clientRenewProhibited","clientTransferProhibited","clientUpdateProhibited"
"11","kurdishgsm.com","2020-05-06 21:39:29","2020-05-04","2020-05-04","2021-05-04","146","GoDaddy.com, LLC","whois.godaddy.com","http://registrar.godaddy.com","","","","","Irbid","","Iraq","","","","","","","","","","","","","","","","","","","","","","","","","","","","","","","","","","ns1.kurdishgsm.com","ns2.kurdishgsm.com","","","clientDeleteProhibited","clientRenewProhibited","clientTransferProhibited","clientUpdateProhibited"
"12","loop20.com","2020-05-06 22:20:39","2020-05-05","2020-05-05","2021-05-05","146","GoDaddy.com, LLC","whois.godaddy.com","http://registrar.godaddy.com","","","","","Karkh","","Iraq","","","","","","","","","","","","","","","","","","","","","","","","","","","","","","","","","","ns41.domaincontrol.com","ns42.domaincontrol.com","","","clientDeleteProhibited","clientRenewProhibited","clientTransferProhibited","clientUpdateProhibited"
"13","ngowoman.com","2020-05-06 21:44:08","2020-05-05","2020-05-05","2021-05-05","146","GoDaddy.com, LLC","whois.godaddy.com","http://registrar.godaddy.com","","","","","ALMUTHANA","","Iraq","","","","","","","","","","","","","","","","","","","","","","","","","","","","","","","","","","ns63.domaincontrol.com","ns64.domaincontrol.com","","","clientDeleteProhibited","clientRenewProhibited","clientTransferProhibited","clientUpdateProhibited"
"14","oivayalitim.com","2020-05-06 21:40:15","2020-05-05","2020-05-05","2021-05-05","440","Wild West Domains, LLC","whois.wildwestdomains.com","http://www.wildwestdomains.com","Avesta Group","Avesta Group","","","SUL","","Iraq","","","","","","","","","","","","","","","","","","","","","","","","","","","","","","","","","","nola.ns.cloudflare.com","rocky.ns.cloudflare.com","","","clientDeleteProhibited","clientRenewProhibited","clientTransferProhibited","clientUpdateProhibited"
"15","sabeel-alasad.com","2020-05-06 22:24:32","2020-05-05","2020-05-05","2021-05-05","625","Name.com, Inc.","whois.name.com","http://www.name.com","Ali jaboori","Design Center","iraq-baghdad-alsenaa street","iraq","baghdad","00964","Iraq","info@hostdcenter.com","+964.7902743353","","Ali jaboori","Design Center","iraq-baghdad-alsenaa street","iraq","baghdad","00964","Iraq","info@hostdcenter.com","+964.7901417944","","Ali jaboori","Design Center","iraq-baghdad-alsenaa street","iraq","baghdad","00964","Iraq","info@hostdcenter.com","+964.7901417944","","","","","","","","","","","","ns1.hostdcenter.net","ns2.hostdcenter.net","ns3.hostdcenter.net","ns4.hostdcenter.net","addPeriod","clientTransferProhibited","",""
"16","soliffly.com","2020-05-07 00:53:52","2020-05-04","2020-05-04","2021-05-04","146","GoDaddy.com, LLC","whois.godaddy.com","http://registrar.godaddy.com","alikattan","alikattan","","","Kurdistan","","Iraq","","","","","","","","","","","","","","","","","","","","","","","","","","","","","","","","","","ns49.domaincontrol.com","ns50.domaincontrol.com","","","clientDeleteProhibited","clientRenewProhibited","clientTransferProhibited","clientUpdateProhibited"
"17","solifly.com","2020-05-07 00:53:50","2020-05-04","2020-05-04","2021-05-04","146","GoDaddy.com, LLC","whois.godaddy.com","http://registrar.godaddy.com","alikattan","alikattan","","","Kurdistan","","Iraq","","","","","","","","","","","","","","","","","","","","","","","","","","","","","","","","","","ns77.domaincontrol.com","ns78.domaincontrol.com","","","clientDeleteProhibited","clientRenewProhibited","clientTransferProhibited","clientUpdateProhibited"
"18","tajalhazbar.com","2020-05-06 22:59:50","2020-05-05","2020-05-05","2021-05-05","146","GoDaddy.com, LLC","whois.godaddy.com","http://registrar.godaddy.com","","","","","baghdad","","Iraq","","","","","","","","","","","","","","","","","","","","","","","","","","","","","","","","","","ns1.scopesky.iq","ns2.scopesky.iq","","","clientDeleteProhibited","clientRenewProhibited","clientTransferProhibited","clientUpdateProhibited"