"num","domain_name","query_time","create_date","update_date","expiry_date","domain_registrar_id","domain_registrar_name","domain_registrar_whois","domain_registrar_url","registrant_name","registrant_company","registrant_address","registrant_city","registrant_state","registrant_zip","registrant_country","registrant_email","registrant_phone","registrant_fax","administrative_name","administrative_company","administrative_address","administrative_city","administrative_state","administrative_zip","administrative_country","administrative_email","administrative_phone","administrative_fax","technical_name","technical_company","technical_address","technical_city","technical_state","technical_zip","technical_country","technical_email","technical_phone","technical_fax","billing_name","billing_company","billing_address","billing_city","billing_state","billing_zip","billing_country","billing_email","billing_phone","billing_fax","name_server_1","name_server_2","name_server_3","name_server_4","domain_status_1","domain_status_2","domain_status_3","domain_status_4"
"1","bmrngapp.com","2020-05-06 20:40:00","2020-05-04","2020-05-04","2021-05-04","1606","Limited Liability Company 'Registrar of domain names REG.RU'","whois.reg.ru","http://www.reg.ru","Andrey Buslaev","Private Person","pr. Dostyk, 162, kv. 223","Almaty","Almaty","050051","Kazakstan","basso@bk.ru","+7.7272677862","","Andrey Buslaev","Private Person","pr. Dostyk, 162, kv. 223","Almaty","Almaty","050051","Kazakstan","basso@bk.ru","+7.7272677862","","Andrey Buslaev","Private Person","pr. Dostyk, 162, kv. 223","Almaty","Almaty","050051","Kazakstan","basso@bk.ru","+7.7272677862","","","","","","","","","","","","ns1.ps.kz","ns2.ps.kz","ns3.ps.kz","","clientTransferProhibited","","",""
"2","buspar365.com","2020-05-06 22:14:22","2020-05-05","2020-05-05","2021-05-05","1647","Hosting Concepts B.V. dba Openprovider","whois.registrar.eu","http://www.openprovider.com","REDACTED FOR PRIVACY","","REDACTED FOR PRIVACY","REDACTED FOR PRIVACY","","REDACTED FOR PRIVACY","Kazakstan","","REDACTED FOR PRIVACY","REDACTED FOR PRIVACY","REDACTED FOR PRIVACY","REDACTED FOR PRIVACY","REDACTED FOR PRIVACY","REDACTED FOR PRIVACY","REDACTED FOR PRIVACY","REDACTED FOR PRIVACY","REDACTED FOR PRIVACY","","REDACTED FOR PRIVACY","REDACTED FOR PRIVACY","REDACTED FOR PRIVACY","REDACTED FOR PRIVACY","REDACTED FOR PRIVACY","REDACTED FOR PRIVACY","REDACTED FOR PRIVACY","REDACTED FOR PRIVACY","REDACTED FOR PRIVACY","","REDACTED FOR PRIVACY","REDACTED FOR PRIVACY","","","","","","","","","","","jeff.ns.cloudflare.com","magali.ns.cloudflare.com","","","clientTransferProhibited","ok","",""
"3","geocomltd.com","2020-05-06 23:52:23","2020-05-05","2020-05-05","2021-05-05","1606","Limited Liability Company 'Registrar of domain names REG.RU'","whois.reg.ru","http://www.reg.ru","Aleksey Pastuhov","Private Person","Baybolova 12","s. Baydibek Bi","Almatinskaya","040444","Kazakstan","alex_p_85@mail.ru","+7.7771183833","","Aleksey Pastuhov","Geocom LTD","Baybolova 12","s. Baydibek Bi","Almatinskaya","040444","Kazakstan","alex_p_85@mail.ru","+7.7771183833","","Aleksey Pastuhov","Geocom LTD","Baybolova 12","s. Baydibek Bi","Almatinskaya","040444","Kazakstan","alex_p_85@mail.ru","+7.7771183833","","","","","","","","","","","","ns1.ps.kz","ns2.ps.kz","ns3.ps.kz","","clientTransferProhibited","","",""
"4","ghjk78kjhb.net","2020-05-06 19:02:44","2020-05-05","2020-05-05","2021-05-05","82","OnlineNIC, Inc.","whois.onlinenic.com","http://www.onlinenic.com","Askar Dyussekeyev","Private person","Sarayshik str, 5E","Nur-Sultan","Nur-Sultan","Z05K6F0","Kazakstan","hostmaster@hoster.kz","+7.7027145679","+7.7027145679","Askar Dyussekeyev","Private person","Sarayshik str, 5E","Nur-Sultan","Nur-Sultan","Z05K6F0","Kazakstan","hostmaster@hoster.kz","+7.7027145679","+7.7027145679","Askar Dyussekeyev","Private person","Sarayshik str, 5E","Nur-Sultan","Nur-Sultan","Z05K6F0","Kazakstan","hostmaster@hoster.kz","+7.7027145679","+7.7027145679","","","","","","","","","","","ns1.hoster.kz","ns2.hoster.kz","ns3.hoster.kz","","clientTransferProhibited","","",""
"5","kultobe.com","2020-05-06 22:33:45","2020-05-05","2020-05-05","2021-05-05","1606","Limited Liability Company 'Registrar of domain names REG.RU'","whois.reg.ru","http://www.reg.ru","Ruslan Galyamov","TOO Crocos","rayon Esil, ul. Sarayshyk 7/235","Astana","Almaty","010000","Kazakstan","tatiana@st-group.kz","+7.7025728680","","Ruslan Galyamov","Private Person","rayon Esil, ul. Sarayshyk 7/235","Astana","Almaty","010000","Kazakstan","tatiana@st-group.kz","+7.7025728680","","Ruslan Galyamov","Private Person","rayon Esil, ul. Sarayshyk 7/235","Astana","Almaty","010000","Kazakstan","tatiana@st-group.kz","+7.7025728680","","","","","","","","","","","","ns1.ps.kz","ns2.ps.kz","ns3.ps.kz","","clientTransferProhibited","","",""
"6","majorbyhobbit.com","2020-05-06 23:43:30","2020-05-05","2020-05-05","2021-05-05","82","OnlineNIC, Inc.","whois.onlinenic.com","http://www.onlinenic.com","Abay","Abay Khassenov","Buhar Zhyrau 30","Nur-Sultan","Nur-Sultan","010000","Kazakstan","hostmaster@hoster.kz","+7.7059611818","+7.7059611818","Abay","Abay Khassenov","Buhar Zhyrau 30","Nur-Sultan","Nur-Sultan","010000","Kazakstan","hostmaster@hoster.kz","+7.7059611818","+7.7059611818","Abay","Abay Khassenov","Buhar Zhyrau 30","Nur-Sultan","Nur-Sultan","010000","Kazakstan","hostmaster@hoster.kz","+7.7059611818","+7.7059611818","","","","","","","","","","","ns1.hoster.kz","ns2.hoster.kz","ns3.hoster.kz","","clientTransferProhibited","","",""
"7","nassalskaya.com","2020-05-06 23:28:05","2020-05-05","2020-05-05","2021-05-05","1606","Limited Liability Company 'Registrar of domain names REG.RU'","whois.reg.ru","http://www.reg.ru","VYACHESLAV ISTYUFEEV","Private Person","DOSMUKHAMETOVA ST. 16, APP. 11","ALMATY","ALMATY","A05D0C6","Kazakstan","vist189@gmail.com","+7.7058771890","","VYACHESLAV ISTYUFEEV","Private Person","DOSMUKHAMETOVA ST. 16, APP. 11","ALMATY","ALMATY","A05D0C6","Kazakstan","vist189@gmail.com","+7.7058771890","","VYACHESLAV ISTYUFEEV","Private Person","DOSMUKHAMETOVA ST. 16, APP. 11","ALMATY","ALMATY","A05D0C6","Kazakstan","vist189@gmail.com","+7.7058771890","","","","","","","","","","","","ns1.gcloudns.com","ns1.getcourse.ru","ns2.gcloudns.com","ns3.getcourse.ru","clientTransferProhibited","","",""
"8","sstechnik.com","2020-05-06 22:34:05","2020-05-05","2020-05-05","2021-05-05","1606","Limited Liability Company 'Registrar of domain names REG.RU'","whois.reg.ru","http://www.reg.ru","Darya Gorohova","Optimus Via International","Medeuskiy rayon, ul. Esenberlina, d. 155, kv. 214","Almaty","Almaty","050007","Kazakstan","gorohova7@mail.ru","+7.7772702277","","Darya Gorohova","Optimus Via International","Medeuskiy rayon, ul. Esenberlina, d. 155, kv. 214","Almaty","Almaty","050007","Kazakstan","gorohova7@mail.ru","+7.7772702277","","Darya Gorohova","Optimus Via International","Medeuskiy rayon, ul. Esenberlina, d. 155, kv. 214","Almaty","Almaty","050007","Kazakstan","gorohova7@mail.ru","+7.7772702277","","","","","","","","","","","","ns1.ps.kz","ns2.ps.kz","ns3.ps.kz","","clientTransferProhibited","","",""
"9","woodilux.com","2020-05-06 23:27:13","2020-05-05","2020-05-05","2021-05-05","1606","Limited Liability Company 'Registrar of domain names REG.RU'","whois.reg.ru","http://www.reg.ru","Almas Masalim","Private Person","Qazaqbayev 2/2","Almaty","Almaty","050000","Kazakstan","massalim.almas@gmail.com","+7.7078074525","","Almas Masalim","Private Person","Qazaqbayev 2/2","Almaty","Almaty","050000","Kazakstan","massalim.almas@gmail.com","+7.7078074525","","Almas Masalim","Private Person","Qazaqbayev 2/2","Almaty","Almaty","050000","Kazakstan","massalim.almas@gmail.com","+7.7078074525","","","","","","","","","","","","ns1.ps.kz","ns2.ps.kz","ns3.ps.kz","","clientTransferProhibited","","",""