"num","domain_name","query_time","create_date","update_date","expiry_date","domain_registrar_id","domain_registrar_name","domain_registrar_whois","domain_registrar_url","registrant_name","registrant_company","registrant_address","registrant_city","registrant_state","registrant_zip","registrant_country","registrant_email","registrant_phone","registrant_fax","administrative_name","administrative_company","administrative_address","administrative_city","administrative_state","administrative_zip","administrative_country","administrative_email","administrative_phone","administrative_fax","technical_name","technical_company","technical_address","technical_city","technical_state","technical_zip","technical_country","technical_email","technical_phone","technical_fax","billing_name","billing_company","billing_address","billing_city","billing_state","billing_zip","billing_country","billing_email","billing_phone","billing_fax","name_server_1","name_server_2","name_server_3","name_server_4","domain_status_1","domain_status_2","domain_status_3","domain_status_4"
"1","7ajjti.com","2020-05-06 21:30:04","2020-05-04","2020-05-04","2021-05-04","2487","Internet Domain Services BS Corp","whois.publicinterestregistry.net","http://www.internetbs.net","Not disclosed Not disclosed","","Not disclosed, Not disclosed, Not disclosed","Not disclosed","","00000","Morocco","a31b4a7e4f0412bb476dae57c86b4873.gdrp@customers.whoisprivacycorp.com","+1.5163872248","","Not disclosed Not disclosed","","Not disclosed, Not disclosed, Not disclosed","Not disclosed","","00000","Morocco","a31b4a7e4f0412bb476dae57c86b4873.gdrp@customers.whoisprivacycorp.com","+1.5163872248","","Not disclosed Not disclosed","","Not disclosed, Not disclosed, Not disclosed","Not disclosed","","00000","Morocco","a31b4a7e4f0412bb476dae57c86b4873.gdrp@customers.whoisprivacycorp.com","+1.5163872248","","","","","","","","","","","","ns15.hoststage.net","ns16.hoststage.net","","","clientTransferProhibited","ok","",""
"2","abbatoiressahel.com","2020-05-06 21:44:04","2020-05-05","2020-05-05","2021-05-05","1630","Ligne Web Services SARL","whois.nic.fr","http://www.ait.com","","","","","","","Morocco","8b55429491984a39a9c9d030a4cd26e6@whois-anonymous.com","","","","","","","","","Morocco","8b55429491984a39a9c9d030a4cd26e6@whois-anonymous.com","","","","","","","","","Morocco","8b55429491984a39a9c9d030a4cd26e6@whois-anonymous.com","","","","","","","","","Morocco","8b55429491984a39a9c9d030a4cd26e6@whois-anonymous.com","","","","","","","More","clientTransferProhibited","informations","on"
"3","abdacereales.com","2020-05-06 20:26:29","2020-05-05","2020-05-05","2021-05-05","1630","Ligne Web Services SARL","whois.nic.fr","http://www.ait.com","","","","","","","Morocco","8b55429491984a39a9c9d030a4cd26e6@whois-anonymous.com","","","","","","","","","Morocco","8b55429491984a39a9c9d030a4cd26e6@whois-anonymous.com","","","","","","","","","Morocco","8b55429491984a39a9c9d030a4cd26e6@whois-anonymous.com","","","","","","","","","Morocco","8b55429491984a39a9c9d030a4cd26e6@whois-anonymous.com","","","","","","","More","clientTransferProhibited","informations","on"
"4","abgaz.com","2020-05-06 20:30:43","2020-05-05","2020-05-05","2021-05-05","1630","Ligne Web Services SARL","whois.nic.fr","http://www.ait.com","","","","","","","Morocco","8b55429491984a39a9c9d030a4cd26e6@whois-anonymous.com","","","","","","","","","Morocco","8b55429491984a39a9c9d030a4cd26e6@whois-anonymous.com","","","","","","","","","Morocco","8b55429491984a39a9c9d030a4cd26e6@whois-anonymous.com","","","","","","","","","Morocco","8b55429491984a39a9c9d030a4cd26e6@whois-anonymous.com","","","","","","","More","clientTransferProhibited","informations","on"
"5","actu24h.com","2020-05-06 22:52:27","2020-05-05","2020-05-05","2021-05-05","433","OVH sas","whois.ovh.com","http://www.ovh.com","REDACTED FOR PRIVACY","","REDACTED FOR PRIVACY","REDACTED FOR PRIVACY","","REDACTED FOR PRIVACY","Morocco","h9fh2dufisdggu0ikfuo@l.o-w-o.info","REDACTED FOR PRIVACY","REDACTED FOR PRIVACY","REDACTED FOR PRIVACY","REDACTED FOR PRIVACY","REDACTED FOR PRIVACY","REDACTED FOR PRIVACY","REDACTED FOR PRIVACY","REDACTED FOR PRIVACY","REDACTED FOR PRIVACY","z72ryk5w6cvt57pyp7f0@i.o-w-o.info","REDACTED FOR PRIVACY","REDACTED FOR PRIVACY","REDACTED FOR PRIVACY","REDACTED FOR PRIVACY","REDACTED FOR PRIVACY","REDACTED FOR PRIVACY","REDACTED FOR PRIVACY","REDACTED FOR PRIVACY","REDACTED FOR PRIVACY","z72ryk5w6cvt57pyp7f0@i.o-w-o.info","REDACTED FOR PRIVACY","REDACTED FOR PRIVACY","","","","","","","","","","","dns110.ovh.net","ns110.ovh.net","","","clientDeleteProhibited","clientTransferProhibited","",""
"6","alimagicshop.com","2020-05-06 20:27:31","2020-05-05","2020-05-05","2021-05-05","146","GoDaddy.com, LLC","whois.godaddy.com","http://registrar.godaddy.com","Ali Magic Shop","Ali Magic Shop","","","Tanger-Tetouan","","Morocco","","","","","","","","","","","","","","","","","","","","","","","","","","","","","","","","","","ns63.domaincontrol.com","ns64.domaincontrol.com","","","clientDeleteProhibited","clientRenewProhibited","clientTransferProhibited","clientUpdateProhibited"
"7","almos3if.com","2020-05-07 00:04:14","2020-05-05","2020-05-05","2021-05-05","433","OVH sas","whois.ovh.com","http://www.ovh.com","REDACTED FOR PRIVACY","www.naja7host.com","REDACTED FOR PRIVACY","REDACTED FOR PRIVACY","","REDACTED FOR PRIVACY","Morocco","fepqwysgaohbk87hfsl2@x.o-w-o.info","REDACTED FOR PRIVACY","REDACTED FOR PRIVACY","REDACTED FOR PRIVACY","REDACTED FOR PRIVACY","REDACTED FOR PRIVACY","REDACTED FOR PRIVACY","REDACTED FOR PRIVACY","REDACTED FOR PRIVACY","REDACTED FOR PRIVACY","fzf1bzqwoxhu7ojwtpk8@s.o-w-o.info","REDACTED FOR PRIVACY","REDACTED FOR PRIVACY","REDACTED FOR PRIVACY","REDACTED FOR PRIVACY","REDACTED FOR PRIVACY","REDACTED FOR PRIVACY","REDACTED FOR PRIVACY","REDACTED FOR PRIVACY","REDACTED FOR PRIVACY","fzf1bzqwoxhu7ojwtpk8@s.o-w-o.info","REDACTED FOR PRIVACY","REDACTED FOR PRIVACY","","","","","","","","","","","dns110.ovh.net","ns110.ovh.net","","","clientDeleteProhibited","clientTransferProhibited","",""
"8","alreadyathome.com","2020-05-06 22:44:05","2020-05-05","2020-05-05","2021-05-05","433","OVH sas","whois.ovh.com","http://www.ovh.com","REDACTED FOR PRIVACY","","REDACTED FOR PRIVACY","REDACTED FOR PRIVACY","","REDACTED FOR PRIVACY","Morocco","pqnolx9vfzohrcfmeq0w@a.o-w-o.info","REDACTED FOR PRIVACY","REDACTED FOR PRIVACY","REDACTED FOR PRIVACY","REDACTED FOR PRIVACY","REDACTED FOR PRIVACY","REDACTED FOR PRIVACY","REDACTED FOR PRIVACY","REDACTED FOR PRIVACY","REDACTED FOR PRIVACY","599dzgu7vb1yabec2eok@c.o-w-o.info","REDACTED FOR PRIVACY","REDACTED FOR PRIVACY","REDACTED FOR PRIVACY","REDACTED FOR PRIVACY","REDACTED FOR PRIVACY","REDACTED FOR PRIVACY","REDACTED FOR PRIVACY","REDACTED FOR PRIVACY","REDACTED FOR PRIVACY","599dzgu7vb1yabec2eok@c.o-w-o.info","REDACTED FOR PRIVACY","REDACTED FOR PRIVACY","","","","","","","","","","","dns110.ovh.net","ns110.ovh.net","","","clientDeleteProhibited","clientTransferProhibited","",""
"9","anxpostera.com","2020-05-07 00:38:57","2020-05-04","2020-05-04","2021-05-04","146","GoDaddy.com, LLC","whois.godaddy.com","http://registrar.godaddy.com","","","","","RABAT-SALE-KENITRA","","Morocco","","","","","","","","","","","","","","","","","","","","","","","","","","","","","","","","","","ns49.domaincontrol.com","ns50.domaincontrol.com","","","clientDeleteProhibited","clientRenewProhibited","clientTransferProhibited","clientUpdateProhibited"
"10","apoloiptv.com","2020-05-07 00:12:08","2020-05-05","2020-05-05","2021-05-05","625","Name.com, Inc.","whois.name.com","http://www.name.com","Rachid Gadir","","SIDI OTHMANE BLOC 38 NO 63","Casablanca","Casablanca-Settat","20670","Morocco","rachidgadircasa@gmail.com","+212.662706261","","Rachid Gadir","","SIDI OTHMANE BLOC 38 NO 63","Casablanca","Casablanca-Settat","20670","Morocco","rachidgadircasa@gmail.com","+212.662706261","","Rachid Gadir","","SIDI OTHMANE BLOC 38 NO 63","Casablanca","Casablanca-Settat","20670","Morocco","rachidgadircasa@gmail.com","+212.662706261","","","","","","","","","","","","ns1lmy.name.com","ns2dky.name.com","ns3gnv.name.com","ns4blx.name.com","addPeriod","clientTransferProhibited","",""
"11","asexpertiseconseil.com","2020-05-06 20:32:41","2020-05-05","2020-05-05","2021-05-05","1560","Genious Communications SARL/AU","whois.genious.net","http://www.genious.net","Ahmed SKALLI","SKL Conseils","40 Bd De Bordeaux","Casablanca","Casablanca","20000","Morocco","skalli.ahmed@gmail.com","+212.661946239","","Ahmed SKALLI","SKL Conseils","40 Bd De Bordeaux","Casablanca","Casablanca","20000","Morocco","skalli.ahmed@gmail.com","+212.661946239","","Ahmed SKALLI","SKL Conseils","40 Bd De Bordeaux","Casablanca","Casablanca","20000","Morocco","skalli.ahmed@gmail.com","+212.661946239","","","","","","","","","","","","dns1.genious.net","dns2.genious.net","dns3.genious.net","dns4.genious.net","clientTransferProhibited","","",""
"12","blog-artech.com","2020-05-06 20:45:47","2020-05-04","2020-05-04","2021-05-04","146","GoDaddy.com, LLC","whois.godaddy.com","http://registrar.godaddy.com","","","","","Tanger-Tetouan","","Morocco","","","","","","","","","","","","","","","","","","","","","","","","","","","","","","","","","","ns63.domaincontrol.com","ns64.domaincontrol.com","","","clientDeleteProhibited","clientRenewProhibited","clientTransferProhibited","clientUpdateProhibited"
"13","bodycarefit.com","2020-05-07 01:01:14","2020-05-04","2020-05-04","2021-05-04","955","Launchpad, Inc.","whois.launchpad.com","http://www.launchpad.com","hamza amraiguil","None","166 AV HASSAN 2","GUELMIM","14","81000","Morocco","amraiguilhamza@gmail.com","+212.625001268","","hamza amraiguil","None","166 AV HASSAN 2","GUELMIM","14","81000","Morocco","amraiguilhamza@gmail.com","+212.625001268","","hamza amraiguil","None","166 AV HASSAN 2","GUELMIM","14","81000","Morocco","amraiguilhamza@gmail.com","+212.625001268","","","","","","","","","","","","ns8103.hostgator.com","ns8104.hostgator.com","","","clientTransferProhibited","","",""
"14","boxsbunny.com","2020-05-07 01:11:30","2020-05-04","2020-05-04","2021-05-04","1154","FastDomain Inc.","whois.fastdomain.com","http://www.fastdomain.com","JAMAL AOURI","JAMAL AOURI","EXTENTION DAKHLA BLOC BOUJDOUR N102","AGADIR","NA","80060","Morocco","aourijamal@gmail.com","+212.0696838471","","JAMAL AOURI","JAMAL AOURI","EXTENTION DAKHLA BLOC BOUJDOUR N102","AGADIR","NA","80060","Morocco","aourijamal@gmail.com","+212.0696838471","","BLUEHOST INC","BLUEHOST.COM","550 E TIMPANOGOS PKWY","OREM","UTAH","84097","United States","domain@redl.ca","+1.8017659400","+1.8017651992","","","","","","","","","","","ns1.bluehost.com","ns2.bluehost.com","","","clientTransferProhibited","","",""
"15","brefimmo.com","2020-05-07 00:45:30","2020-05-04","2020-05-04","2021-05-04","1560","Genious Communications SARL/AU","whois.genious.net","http://www.genious.net","Badredine Boumghait","E-Khadamat","8 Avenue du Dr Sijelmassi 2eme etg appt 3","Casablanca","Grand Casablanca","20000","Morocco","bboumghait@gmail.com","+212.662821852","","Badredine Boumghait","E-Khadamat","8 Avenue du Dr Sijelmassi 2eme etg appt 3","Casablanca","Grand Casablanca","20000","Morocco","bboumghait@gmail.com","+212.662821852","","Badredine Boumghait","E-Khadamat","8 Avenue du Dr Sijelmassi 2eme etg appt 3","Casablanca","Grand Casablanca","20000","Morocco","bboumghait@gmail.com","+212.662821852","","","","","","","","","","","","sdns2.ovh.net","","","","clientTransferProhibited","","",""
"16","brzelectronics.com","2020-05-06 20:49:04","2020-05-04","2020-05-04","2021-05-04","146","GoDaddy.com, LLC","whois.godaddy.com","http://registrar.godaddy.com","","","","","Maroc","","Morocco","","","","","","","","","","","","","","","","","","","","","","","","","","","","","","","","","","ns41.domaincontrol.com","ns42.domaincontrol.com","","","clientDeleteProhibited","clientRenewProhibited","clientTransferProhibited","clientUpdateProhibited"
"17","buzztendance.com","2020-05-07 01:15:28","2020-05-04","2020-05-04","2021-05-04","146","GoDaddy.com, LLC","whois.godaddy.com","http://registrar.godaddy.com","","","","","Guelmim-Es Smara","","Morocco","","","","","","","","","","","","","","","","","","","","","","","","","","","","","","","","","","ns8103.hostgator.com","ns8104.hostgator.com","","","clientDeleteProhibited","clientRenewProhibited","clientTransferProhibited","clientUpdateProhibited"
"18","cccambird2.com","2020-05-07 00:39:02","2020-05-04","2020-05-05","2021-05-04","1443","Vautron Rechenzentrum AG","whois.antagus.de","http://www.vautron.de","","","","","","","Morocco","aae1febxl2@domprivacy.de","","","","","","","","","","aae1febxl2@domprivacy.de","","","","","","","","","","a4o7tygxoo@domprivacy.de","","","","","","","","","","","","","ns1.contabo.net","ns2.contabo.net","ns3.contabo.net","","OK","","",""
"19","chefoussama.com","2020-05-06 21:17:05","2020-05-04","2020-05-04","2021-05-04","303","PDR Ltd. d/b/a PublicDomainRegistry.com","whois.publicdomainregistry.com","http://www.publicdomainregistry.com","Med Oussama","DomaineServices.com","Technopolis Cite de la Technologie","Sala al jadida","Rabat-Sale-Zemmour-Zaer","11100","Morocco","domaineservices@gmail.com","+212.661342278","","Med Oussama","DomaineServices.com","Technopolis Cite de la Technologie","Sala al jadida","Rabat-Sale-Zemmour-Zaer","11100","Morocco","domaineservices@gmail.com","+212.661342278","","Med Oussama","DomaineServices.com","Technopolis Cite de la Technologie","Sala al jadida","Rabat-Sale-Zemmour-Zaer","11100","Morocco","domaineservices@gmail.com","+212.661342278","","","","","","","","","","","","ns1.domain.com","ns2.domain.com","","","clientTransferProhibited","","",""
"20","dabrh.com","2020-05-07 00:34:00","2020-05-04","2020-05-04","2021-05-04","433","OVH sas","whois.ovh.com","http://www.ovh.com","REDACTED FOR PRIVACY","","REDACTED FOR PRIVACY","REDACTED FOR PRIVACY","","REDACTED FOR PRIVACY","Morocco","rb2f4e6cyovf146nw562@p.o-w-o.info","REDACTED FOR PRIVACY","REDACTED FOR PRIVACY","REDACTED FOR PRIVACY","REDACTED FOR PRIVACY","REDACTED FOR PRIVACY","REDACTED FOR PRIVACY","REDACTED FOR PRIVACY","REDACTED FOR PRIVACY","REDACTED FOR PRIVACY","d3i65sipl4qi5r4x8i0p@u.o-w-o.info","REDACTED FOR PRIVACY","REDACTED FOR PRIVACY","REDACTED FOR PRIVACY","REDACTED FOR PRIVACY","REDACTED FOR PRIVACY","REDACTED FOR PRIVACY","REDACTED FOR PRIVACY","REDACTED FOR PRIVACY","REDACTED FOR PRIVACY","d3i65sipl4qi5r4x8i0p@u.o-w-o.info","REDACTED FOR PRIVACY","REDACTED FOR PRIVACY","","","","","","","","","","","dns110.ovh.net","ns110.ovh.net","","","clientDeleteProhibited","clientTransferProhibited","",""
"21","djoway.com","2020-05-07 01:13:38","2020-05-05","2020-05-05","2021-05-04","76","Nominalia Internet S.L.","whois.nominalia.com","http://www.nominalia.com","REDACTED FOR PRIVACY","REDACTED FOR PRIVACY","REDACTED FOR PRIVACY","REDACTED FOR PRIVACY","grand casablanca","REDACTED FOR PRIVACY","Morocco","","REDACTED.FORPRIVACY","REDACTED.FORPRIVACY","REDACTED FOR PRIVACY","REDACTED FOR PRIVACY","REDACTED FOR PRIVACY","REDACTED FOR PRIVACY","grand casablanca","REDACTED FOR PRIVACY","Morocco","","REDACTED.FORPRIVACY","REDACTED.FORPRIVACY","REDACTED FOR PRIVACY","REDACTED FOR PRIVACY","REDACTED FOR PRIVACY","REDACTED FOR PRIVACY","Barcelona","REDACTED FOR PRIVACY","Spain","","REDACTED.FORPRIVACY","REDACTED.FORPRIVACY","","","","","","","","","","","dns1.nominalia.com","dns2.nominalia.com","","","OK","","",""
"22","eclatarome.com","2020-05-07 00:38:51","2020-05-04","2020-05-04","2021-05-04","1560","Genious Communications SARL/AU","whois.genious.net","http://www.genious.net","rachid boumzough","palmekech-roues","medina medina","Marrakech","Maroc","40000","Morocco","palmekech@gmail.com","+212.661711534","","rachid boumzough","palmekech-roues","medina medina","Marrakech","Maroc","40000","Morocco","palmekech@gmail.com","+212.661711534","","rachid boumzough","palmekech-roues","medina medina","Marrakech","Maroc","40000","Morocco","palmekech@gmail.com","+212.661711534","","","","","","","","","","","","dns1.genious.net","dns2.genious.net","dns3.genious.net","dns4.genious.net","clientTransferProhibited","","",""
"23","erankfy.com","2020-05-06 21:14:17","2020-05-04","2020-05-04","2021-05-04","146","GoDaddy.com, LLC","whois.godaddy.com","http://registrar.godaddy.com","","","","","Grand Casablanca","","Morocco","","","","","","","","","","","","","","","","","","","","","","","","","","","","","","","","","","dedibox.fr","sd-135739.dedibox.fr","","","clientDeleteProhibited","clientRenewProhibited","clientTransferProhibited","clientUpdateProhibited"
"24","evenzer.com","2020-05-06 22:09:48","2020-05-04","2020-05-04","2021-05-04","76","Nominalia Internet S.L.","whois.nominalia.com","http://www.nominalia.com","REDACTED FOR PRIVACY","REDACTED FOR PRIVACY","REDACTED FOR PRIVACY","REDACTED FOR PRIVACY","Sous-Massa","REDACTED FOR PRIVACY","Morocco","","REDACTED.FORPRIVACY","REDACTED.FORPRIVACY","REDACTED FOR PRIVACY","REDACTED FOR PRIVACY","REDACTED FOR PRIVACY","REDACTED FOR PRIVACY","Sous-Massa","REDACTED FOR PRIVACY","Morocco","","REDACTED.FORPRIVACY","REDACTED.FORPRIVACY","REDACTED FOR PRIVACY","REDACTED FOR PRIVACY","REDACTED FOR PRIVACY","REDACTED FOR PRIVACY","Barcelona","REDACTED FOR PRIVACY","Spain","","REDACTED.FORPRIVACY","REDACTED.FORPRIVACY","","","","","","","","","","","cns163.hostgator.com","cns164.hostgator.com","","","OK","","",""
"25","exchangingbooks.com","2020-05-06 21:29:21","2020-05-04","2020-05-04","2021-05-04","1630","Ligne Web Services SARL","whois.nic.fr","http://www.ait.com","","","","","","","Morocco","12ceab0e2e40ce7539de317388705fc9@whois-anonymous.com","","","","","","","","","Morocco","12ceab0e2e40ce7539de317388705fc9@whois-anonymous.com","","","","","","","","","Morocco","12ceab0e2e40ce7539de317388705fc9@whois-anonymous.com","","","","","","","","","Morocco","12ceab0e2e40ce7539de317388705fc9@whois-anonymous.com","","","","","","","More","clientTransferProhibited","informations","on"
"26","freshwaystore.com","2020-05-07 00:25:13","2020-05-05","2020-05-05","2021-05-05","146","GoDaddy.com, LLC","whois.godaddy.com","http://registrar.godaddy.com","","","","","Meknes-Tafilalet","","Morocco","","","","","","","","","","","","","","","","","","","","","","","","","","","","","","","","","","ns41.domaincontrol.com","ns42.domaincontrol.com","","","clientDeleteProhibited","clientRenewProhibited","clientTransferProhibited","clientUpdateProhibited"
"27","generators2020.com","2020-05-06 20:38:14","2020-05-04","2020-05-04","2021-05-04","146","GoDaddy.com, LLC","whois.godaddy.com","http://registrar.godaddy.com","","","","","Bine melall-khnifra","","Morocco","","","","","","","","","","","","","","","","","","","","","","","","","","","","","","","","","","ns1.1usd.net","ns2.1usd.net","","","clientDeleteProhibited","clientRenewProhibited","clientTransferProhibited","clientUpdateProhibited"
"28","gofacture.com","2020-05-06 22:35:39","2020-05-05","2020-05-05","2021-05-05","433","OVH sas","whois.ovh.com","http://www.ovh.com","REDACTED FOR PRIVACY","","REDACTED FOR PRIVACY","REDACTED FOR PRIVACY","","REDACTED FOR PRIVACY","Morocco","jzp9nelc2squlw4jo2no@p.o-w-o.info","REDACTED FOR PRIVACY","REDACTED FOR PRIVACY","REDACTED FOR PRIVACY","REDACTED FOR PRIVACY","REDACTED FOR PRIVACY","REDACTED FOR PRIVACY","REDACTED FOR PRIVACY","REDACTED FOR PRIVACY","REDACTED FOR PRIVACY","4k0r3hal3g8uw3brqxi1@n.o-w-o.info","REDACTED FOR PRIVACY","REDACTED FOR PRIVACY","REDACTED FOR PRIVACY","REDACTED FOR PRIVACY","REDACTED FOR PRIVACY","REDACTED FOR PRIVACY","REDACTED FOR PRIVACY","REDACTED FOR PRIVACY","REDACTED FOR PRIVACY","4k0r3hal3g8uw3brqxi1@n.o-w-o.info","REDACTED FOR PRIVACY","REDACTED FOR PRIVACY","","","","","","","","","","","dns110.ovh.net","ns110.ovh.net","","","clientDeleteProhibited","clientTransferProhibited","",""
"29","goovada.com","2020-05-07 00:29:24","2020-05-05","2020-05-05","2021-05-05","146","GoDaddy.com, LLC","whois.godaddy.com","http://registrar.godaddy.com","","","","","Grand Casablanca","","Morocco","","","","","","","","","","","","","","","","","","","","","","","","","","","","","","","","","","ns41.domaincontrol.com","ns42.domaincontrol.com","","","clientDeleteProhibited","clientRenewProhibited","clientTransferProhibited","clientUpdateProhibited"
"30","greatala.com","2020-05-07 00:26:51","2020-05-05","2020-05-05","2021-05-05","146","GoDaddy.com, LLC","whois.godaddy.com","http://registrar.godaddy.com","greatala","greatala","","","Sous-Massa-Draa","","Morocco","","","","","","","","","","","","","","","","","","","","","","","","","","","","","","","","","","ns29.domaincontrol.com","ns30.domaincontrol.com","","","clientDeleteProhibited","clientRenewProhibited","clientTransferProhibited","clientUpdateProhibited"
"31","havana-s.com","2020-05-07 00:46:45","2020-05-04","2020-05-05","2021-05-04","1591","Promo People inc.","whois.nic.fr","http://www.ait.com","REDACTED FOR PRIVACY","REDACTED FOR PRIVACY","REDACTED FOR PRIVACY","REDACTED FOR PRIVACY","REDACTED FOR PRIVACY","REDACTED FOR PRIVACY","Morocco","","REDACTED FOR PRIVACY","REDACTED FOR PRIVACY","REDACTED FOR PRIVACY","REDACTED FOR PRIVACY","REDACTED FOR PRIVACY","REDACTED FOR PRIVACY","REDACTED FOR PRIVACY","REDACTED FOR PRIVACY","REDACTED FOR PRIVACY","","REDACTED FOR PRIVACY","REDACTED FOR PRIVACY","REDACTED FOR PRIVACY","REDACTED FOR PRIVACY","REDACTED FOR PRIVACY","REDACTED FOR PRIVACY","REDACTED FOR PRIVACY","REDACTED FOR PRIVACY","REDACTED FOR PRIVACY","","REDACTED FOR PRIVACY","REDACTED FOR PRIVACY","","","","","","","","","","","chase.ns.cloudflare.com","lila.ns.cloudflare.com","","","OK","","",""
"32","heremorocco.com","2020-05-07 00:44:21","2020-05-04","2020-05-04","2021-05-04","146","GoDaddy.com, LLC","whois.godaddy.com","http://registrar.godaddy.com","","","","","Oued Zem","","Morocco","","","","","","","","","","","","","","","","","","","","","","","","","","","","","","","","","","ns41.domaincontrol.com","ns42.domaincontrol.com","","","clientDeleteProhibited","clientRenewProhibited","clientTransferProhibited","clientUpdateProhibited"
"33","hikvisionalgeria.com","2020-05-06 22:56:11","2020-05-05","2020-05-05","2021-05-05","106","Ascio Technologies, Inc. Danmark - Filial af Ascio technologies, Inc. USA","whois.ascio.com","http://www.ascio.com","Not Disclosed","Not Disclosed","Not Disclosed","Not Disclosed","","Not Disclosed","Morocco","","Not Disclosed","Not Disclosed","Not Disclosed","Not Disclosed","Not Disclosed","Not Disclosed","Not Disclosed","Not Disclosed","Not Disclosed","","Not Disclosed","Not Disclosed","Not Disclosed","Not Disclosed","Not Disclosed","Not Disclosed","Not Disclosed","Not Disclosed","Not Disclosed","","Not Disclosed","Not Disclosed","","","","","","","","","","","dns1.123hjemmeside.dk","dns2.123hjemmeside.dk","dns3.123hjemmeside.dk","","OK","","",""
"34","idee-communication.com","2020-05-06 23:28:03","2020-05-05","2020-05-05","2021-05-05","1560","Genious Communications SARL/AU","whois.genious.net","http://www.genious.net","zouhair HAOUMI","IDEE COMMUNICATION","12, Rue Sabri Boujemaa, 1er etage, Apt N- 6","Casablanca","Casablanca","20000","Morocco","ideecommunication.com@gmail.com","+212.675953424","","zouhair HAOUMI","IDEE COMMUNICATION","12, Rue Sabri Boujemaa, 1er etage, Apt N- 6","Casablanca","Casablanca","20000","Morocco","ideecommunication.com@gmail.com","+212.675953424","","zouhair HAOUMI","IDEE COMMUNICATION","12, Rue Sabri Boujemaa, 1er etage, Apt N- 6","Casablanca","Casablanca","20000","Morocco","ideecommunication.com@gmail.com","+212.675953424","","","","","","","","","","","","ns337.websitewelcome.com","ns338.websitewelcome.com","","","clientTransferProhibited","","",""
"35","iheartcryptic.com","2020-05-06 22:31:40","2020-05-05","2020-05-05","2021-05-05","1630","Ligne Web Services SARL","whois.nic.fr","http://www.ait.com","","","","","","","Morocco","ee6593f36e2d5a381a6d6957aaf643e8@whois-anonymous.com","","","","","","","","","Morocco","ee6593f36e2d5a381a6d6957aaf643e8@whois-anonymous.com","","","","","","","","","Morocco","ee6593f36e2d5a381a6d6957aaf643e8@whois-anonymous.com","","","","","","","","","Morocco","ee6593f36e2d5a381a6d6957aaf643e8@whois-anonymous.com","","","","","","","More","clientTransferProhibited","informations","on"
"36","imeneblog.com","2020-05-07 00:20:08","2020-05-05","2020-05-05","2021-05-05","69","Tucows Domains Inc.","whois.tucows.com","http://domainhelp.opensrs.net","REDACTED FOR PRIVACY","REDACTED FOR PRIVACY","REDACTED FOR PRIVACY","REDACTED FOR PRIVACY","XX","REDACTED FOR PRIVACY","Morocco","","REDACTED FOR PRIVACY","REDACTED FOR PRIVACY","REDACTED FOR PRIVACY","REDACTED FOR PRIVACY","REDACTED FOR PRIVACY","REDACTED FOR PRIVACY","REDACTED FOR PRIVACY","REDACTED FOR PRIVACY","REDACTED FOR PRIVACY","","REDACTED FOR PRIVACY","REDACTED FOR PRIVACY","REDACTED FOR PRIVACY","REDACTED FOR PRIVACY","REDACTED FOR PRIVACY","REDACTED FOR PRIVACY","REDACTED FOR PRIVACY","REDACTED FOR PRIVACY","REDACTED FOR PRIVACY","","REDACTED FOR PRIVACY","REDACTED FOR PRIVACY","","","","","","","","","","","ns1.giow1084.siteground.us","ns2.giow1084.siteground.us","","","clientTransferProhibited","clientUpdateProhibited","",""
"37","info-plus-qhse.com","2020-05-07 00:10:42","2020-05-05","2020-05-05","2021-05-05","69","Tucows Domains Inc.","whois.tucows.com","http://domainhelp.opensrs.net","REDACTED FOR PRIVACY","REDACTED FOR PRIVACY","REDACTED FOR PRIVACY","REDACTED FOR PRIVACY","XX","REDACTED FOR PRIVACY","Morocco","","REDACTED FOR PRIVACY","REDACTED FOR PRIVACY","REDACTED FOR PRIVACY","REDACTED FOR PRIVACY","REDACTED FOR PRIVACY","REDACTED FOR PRIVACY","REDACTED FOR PRIVACY","REDACTED FOR PRIVACY","REDACTED FOR PRIVACY","","REDACTED FOR PRIVACY","REDACTED FOR PRIVACY","REDACTED FOR PRIVACY","REDACTED FOR PRIVACY","REDACTED FOR PRIVACY","REDACTED FOR PRIVACY","REDACTED FOR PRIVACY","REDACTED FOR PRIVACY","REDACTED FOR PRIVACY","","REDACTED FOR PRIVACY","REDACTED FOR PRIVACY","","","","","","","","","","","ns1.es1002.siteground.eu","ns2.es1002.siteground.eu","","","clientTransferProhibited","clientUpdateProhibited","",""
"38","iptvcobra.net","2020-05-06 19:02:18","2020-05-04","2020-05-04","2021-05-04","1630","Ligne Web Services SARL","whois.nic.fr","http://www.ait.com","","","","","","","Morocco","45994d410b4b9cfca78779ae13d6976c@whois-anonymous.com","","","","","","","","","Morocco","45994d410b4b9cfca78779ae13d6976c@whois-anonymous.com","","","","","","","","","Morocco","45994d410b4b9cfca78779ae13d6976c@whois-anonymous.com","","","","","","","","","Morocco","45994d410b4b9cfca78779ae13d6976c@whois-anonymous.com","","","","","","","More","informations","on",""
"39","jacadimaroc.com","2020-05-06 21:45:37","2020-05-05","2020-05-05","2021-05-05","48","eNom, Inc.","whois.enom.com","http://www.enom.com","REDACTED FOR PRIVACY","REDACTED FOR PRIVACY","REDACTED FOR PRIVACY","REDACTED FOR PRIVACY","casablanca","REDACTED FOR PRIVACY","Morocco","","REDACTED FOR PRIVACY","REDACTED FOR PRIVACY","REDACTED FOR PRIVACY","REDACTED FOR PRIVACY","REDACTED FOR PRIVACY","REDACTED FOR PRIVACY","REDACTED FOR PRIVACY","REDACTED FOR PRIVACY","REDACTED FOR PRIVACY","","REDACTED FOR PRIVACY","REDACTED FOR PRIVACY","REDACTED FOR PRIVACY","REDACTED FOR PRIVACY","REDACTED FOR PRIVACY","REDACTED FOR PRIVACY","REDACTED FOR PRIVACY","REDACTED FOR PRIVACY","REDACTED FOR PRIVACY","","REDACTED FOR PRIVACY","REDACTED FOR PRIVACY","","","","","","","","","","","ns1.adk-media.com","ns2.adk-media.com","","","addPeriod","clientTransferProhibited","",""
"40","jrane.com","2020-05-07 00:46:44","2020-05-04","2020-05-05","2021-05-04","1591","Promo People inc.","whois.nic.fr","http://www.ait.com","REDACTED FOR PRIVACY","REDACTED FOR PRIVACY","REDACTED FOR PRIVACY","REDACTED FOR PRIVACY","REDACTED FOR PRIVACY","REDACTED FOR PRIVACY","Morocco","","REDACTED FOR PRIVACY","REDACTED FOR PRIVACY","REDACTED FOR PRIVACY","REDACTED FOR PRIVACY","REDACTED FOR PRIVACY","REDACTED FOR PRIVACY","REDACTED FOR PRIVACY","REDACTED FOR PRIVACY","REDACTED FOR PRIVACY","","REDACTED FOR PRIVACY","REDACTED FOR PRIVACY","REDACTED FOR PRIVACY","REDACTED FOR PRIVACY","REDACTED FOR PRIVACY","REDACTED FOR PRIVACY","REDACTED FOR PRIVACY","REDACTED FOR PRIVACY","REDACTED FOR PRIVACY","","REDACTED FOR PRIVACY","REDACTED FOR PRIVACY","","","","","","","","","","","chase.ns.cloudflare.com","lila.ns.cloudflare.com","","","OK","","",""
"41","korsbaby.com","2020-05-06 23:59:12","2020-05-05","2020-05-05","2021-05-05","146","GoDaddy.com, LLC","whois.godaddy.com","http://registrar.godaddy.com","","","","","Moulay Rchid","","Morocco","","","","","","","","","","","","","","","","","","","","","","","","","","","","","","","","","","ns49.domaincontrol.com","ns50.domaincontrol.com","","","OK","","",""
"42","kulchy.com","2020-05-06 23:42:59","2020-05-05","2020-05-05","2021-05-05","146","GoDaddy.com, LLC","whois.godaddy.com","http://registrar.godaddy.com","Kulchy","Kulchy","","","Grand Casablanca","","Morocco","","","","","","","","","","","","","","","","","","","","","","","","","","","","","","","","","","ns41.domaincontrol.com","ns42.domaincontrol.com","","","clientDeleteProhibited","clientRenewProhibited","clientTransferProhibited","clientUpdateProhibited"
"43","kuzzna.com","2020-05-07 00:29:44","2020-05-05","2020-05-05","2021-05-05","146","GoDaddy.com, LLC","whois.godaddy.com","http://registrar.godaddy.com","","","","","Rabat-Sale-Zemmour-Zaer","","Morocco","","","","","","","","","","","","","","","","","","","","","","","","","","","","","","","","","","dns1.namecheaphosting.com","dns2.namecheaphosting.com","","","clientDeleteProhibited","clientRenewProhibited","clientTransferProhibited","clientUpdateProhibited"
"44","lekiosquedigital.com","2020-05-06 20:41:46","2020-05-04","2020-05-04","2021-05-04","3245","Arcanes Technologies","","","Nabil Moukasse","","Av. Sidi Mohamed Ben Abdellah, Imm. 42, appt 1","Rabat","","10050","Morocco","infos@majjane.ma","+212.637695858","","Nabil Moukasse","","Av. Sidi Mohamed Ben Abdellah, Imm. 42, appt 1","Rabat","","10050","Morocco","infos@majjane.ma","+212.637695858","","Nabil Moukasse","","Av. Sidi Mohamed Ben Abdellah, Imm. 42, appt 1","Rabat","","10050","Morocco","infos@majjane.ma","+212.637695858","","","","","","","","","","","","ns1.heberjahiz.com","ns2.heberjahiz.com","ns3.heberjahiz.com","ns4.heberjahiz.com","clientTransferProhibited","","",""
"45","lksito.com","2020-05-07 00:46:40","2020-05-04","2020-05-05","2021-05-04","1591","Promo People inc.","whois.nic.fr","http://www.ait.com","REDACTED FOR PRIVACY","REDACTED FOR PRIVACY","REDACTED FOR PRIVACY","REDACTED FOR PRIVACY","REDACTED FOR PRIVACY","REDACTED FOR PRIVACY","Morocco","","REDACTED FOR PRIVACY","REDACTED FOR PRIVACY","REDACTED FOR PRIVACY","REDACTED FOR PRIVACY","REDACTED FOR PRIVACY","REDACTED FOR PRIVACY","REDACTED FOR PRIVACY","REDACTED FOR PRIVACY","REDACTED FOR PRIVACY","","REDACTED FOR PRIVACY","REDACTED FOR PRIVACY","REDACTED FOR PRIVACY","REDACTED FOR PRIVACY","REDACTED FOR PRIVACY","REDACTED FOR PRIVACY","REDACTED FOR PRIVACY","REDACTED FOR PRIVACY","REDACTED FOR PRIVACY","","REDACTED FOR PRIVACY","REDACTED FOR PRIVACY","","","","","","","","","","","chase.ns.cloudflare.com","lila.ns.cloudflare.com","","","OK","","",""
"46","maaloumafidari.com","2020-05-06 20:26:05","2020-05-05","2020-05-05","2021-05-05","48","eNom, Inc.","whois.enom.com","http://www.enom.com","REDACTED FOR PRIVACY","REDACTED FOR PRIVACY","REDACTED FOR PRIVACY","REDACTED FOR PRIVACY","CASABLANCA-SETTAT","REDACTED FOR PRIVACY","Morocco","","REDACTED FOR PRIVACY","REDACTED FOR PRIVACY","REDACTED FOR PRIVACY","REDACTED FOR PRIVACY","REDACTED FOR PRIVACY","REDACTED FOR PRIVACY","REDACTED FOR PRIVACY","REDACTED FOR PRIVACY","REDACTED FOR PRIVACY","","REDACTED FOR PRIVACY","REDACTED FOR PRIVACY","REDACTED FOR PRIVACY","REDACTED FOR PRIVACY","REDACTED FOR PRIVACY","REDACTED FOR PRIVACY","REDACTED FOR PRIVACY","REDACTED FOR PRIVACY","REDACTED FOR PRIVACY","","REDACTED FOR PRIVACY","REDACTED FOR PRIVACY","","","","","","","","","","","ns1.adk-media.com","ns2.adk-media.com","","","addPeriod","clientTransferProhibited","",""
"47","magnet-supercharger.com","2020-05-06 23:44:07","2020-05-05","2020-05-05","2021-05-05","1630","Ligne Web Services SARL","whois.nic.fr","http://www.ait.com","","","","","","","Morocco","6e7d3d8a8d8fc06619936c78898690ec@whois-anonymous.com","","","","","","","","","Morocco","6e7d3d8a8d8fc06619936c78898690ec@whois-anonymous.com","","","","","","","","","Morocco","6e7d3d8a8d8fc06619936c78898690ec@whois-anonymous.com","","","","","","","","","Morocco","6e7d3d8a8d8fc06619936c78898690ec@whois-anonymous.com","","","","","","","More","clientTransferProhibited","informations","on"
"48","majalae.net","2020-05-06 19:02:02","2020-05-05","2020-05-05","2021-05-05","1630","Ligne Web Services SARL","whois.nic.fr","http://www.ait.com","","","","","","","Morocco","5bd5d5a91b78ebc4cae91d51c896e66c@whois-anonymous.com","","","","","","","","","Morocco","5bd5d5a91b78ebc4cae91d51c896e66c@whois-anonymous.com","","","","","","","","","Morocco","5bd5d5a91b78ebc4cae91d51c896e66c@whois-anonymous.com","","","","","","","","","Morocco","5bd5d5a91b78ebc4cae91d51c896e66c@whois-anonymous.com","","","","","","","More","informations","on",""
"49","manarbiotech.com","2020-05-06 22:40:10","2020-05-05","2020-05-05","2021-05-05","1560","Genious Communications SARL/AU","whois.genious.net","http://www.genious.net","zakaria ouahbi","Lifemoz","imm 2, apt 2, Rue tansift, aGdal","Rabat","Rabat","10000","Morocco","zak@lifemoz.com","+212.661136677","","zakaria ouahbi","Lifemoz","imm 2, apt 2, Rue tansift, aGdal","Rabat","Rabat","10000","Morocco","zak@lifemoz.com","+212.661136677","","zakaria ouahbi","Lifemoz","imm 2, apt 2, Rue tansift, aGdal","Rabat","Rabat","10000","Morocco","zak@lifemoz.com","+212.661136677","","","","","","","","","","","","dns1.genious.net","dns2.genious.net","dns3.genious.net","dns4.genious.net","clientTransferProhibited","","",""
"50","marketingonions.com","2020-05-07 00:45:57","2020-05-04","2020-05-04","2021-05-04","303","PDR Ltd. d/b/a PublicDomainRegistry.com","whois.publicdomainregistry.com","http://www.publicdomainregistry.com","yassir gazani","yassir gazani","mohamed 5 salam centre immeuble E appt 33","kenitra","gharb cherarda bni hssen","14009","Morocco","g.yassir10@gmail.com","+212.658552831","","yassir gazani","yassir gazani","mohamed 5 salam centre immeuble E appt 33","kenitra","gharb cherarda bni hssen","14009","Morocco","g.yassir10@gmail.com","+212.658552831","","yassir gazani","yassir gazani","mohamed 5 salam centre immeuble E appt 33","kenitra","gharb cherarda bni hssen","14009","Morocco","g.yassir10@gmail.com","+212.658552831","","","","","","","","","","","","ns1.dns-parking.com","ns2.dns-parking.com","","","clientTransferProhibited","","",""
"51","marouane-bouallala.com","2020-05-06 20:45:22","2020-05-04","2020-05-04","2021-05-04","146","GoDaddy.com, LLC","whois.godaddy.com","http://registrar.godaddy.com","","","","","Tanger-Tetouan","","Morocco","","","","","","","","","","","","","","","","","","","","","","","","","","","","","","","","","","ns10.wixdns.net","ns11.wixdns.net","","","clientDeleteProhibited","clientRenewProhibited","clientTransferProhibited","clientUpdateProhibited"
"52","matjrsakura.com","2020-05-06 22:27:55","2020-05-05","2020-05-05","2021-05-05","1560","Genious Communications SARL/AU","whois.genious.net","http://www.genious.net","fathi fathi oussama","ASIA GATE TO MOROCCO","86 RUE MICHEL DE L'HOSPITAL ETAGE 1 APPT12 RES PALMIER D'OR RN","CASABLANCA","Celibataire","20200","Morocco","fathioussama@gmail.com","+212.636137425","","fathi fathi oussama","ASIA GATE TO MOROCCO","86 RUE MICHEL DE L'HOSPITAL ETAGE 1 APPT12 RES PALMIER D'OR RN","CASABLANCA","Celibataire","20200","Morocco","fathioussama@gmail.com","+212.636137425","","fathi fathi oussama","ASIA GATE TO MOROCCO","86 RUE MICHEL DE L'HOSPITAL ETAGE 1 APPT12 RES PALMIER D'OR RN","CASABLANCA","Celibataire","20200","Morocco","fathioussama@gmail.com","+212.636137425","","","","","","","","","","","","ns1.youcan.shop","ns2.youcan.shop","","","clientTransferProhibited","","",""
"53","medadam.com","2020-05-07 01:05:11","2020-05-04","2020-05-04","2021-05-04","146","GoDaddy.com, LLC","whois.godaddy.com","http://registrar.godaddy.com","","","","","tanger tetouan al hoceima","","Morocco","","","","","","","","","","","","","","","","","","","","","","","","","","","","","","","","","","ns29.domaincontrol.com","ns30.domaincontrol.com","","","clientDeleteProhibited","clientRenewProhibited","clientTransferProhibited","clientUpdateProhibited"
"54","mkhada.com","2020-05-07 00:46:48","2020-05-04","2020-05-05","2021-05-04","1591","Promo People inc.","whois.nic.fr","http://www.ait.com","REDACTED FOR PRIVACY","REDACTED FOR PRIVACY","REDACTED FOR PRIVACY","REDACTED FOR PRIVACY","REDACTED FOR PRIVACY","REDACTED FOR PRIVACY","Morocco","","REDACTED FOR PRIVACY","REDACTED FOR PRIVACY","REDACTED FOR PRIVACY","REDACTED FOR PRIVACY","REDACTED FOR PRIVACY","REDACTED FOR PRIVACY","REDACTED FOR PRIVACY","REDACTED FOR PRIVACY","REDACTED FOR PRIVACY","","REDACTED FOR PRIVACY","REDACTED FOR PRIVACY","REDACTED FOR PRIVACY","REDACTED FOR PRIVACY","REDACTED FOR PRIVACY","REDACTED FOR PRIVACY","REDACTED FOR PRIVACY","REDACTED FOR PRIVACY","REDACTED FOR PRIVACY","","REDACTED FOR PRIVACY","REDACTED FOR PRIVACY","","","","","","","","","","","chase.ns.cloudflare.com","lila.ns.cloudflare.com","","","OK","","",""
"55","monstergirldoctor.com","2020-05-06 19:19:14","2020-05-05","2020-05-06","2021-05-05","76","Nominalia Internet S.L.","whois.nominalia.com","http://www.nominalia.com","REDACTED FOR PRIVACY","REDACTED FOR PRIVACY","REDACTED FOR PRIVACY","REDACTED FOR PRIVACY","Souss Massa","REDACTED FOR PRIVACY","Morocco","","REDACTED.FORPRIVACY","REDACTED.FORPRIVACY","REDACTED FOR PRIVACY","REDACTED FOR PRIVACY","REDACTED FOR PRIVACY","REDACTED FOR PRIVACY","Souss Massa","REDACTED FOR PRIVACY","Morocco","","REDACTED.FORPRIVACY","REDACTED.FORPRIVACY","REDACTED FOR PRIVACY","REDACTED FOR PRIVACY","REDACTED FOR PRIVACY","REDACTED FOR PRIVACY","Barcelona","REDACTED FOR PRIVACY","Spain","","REDACTED.FORPRIVACY","REDACTED.FORPRIVACY","","","","","","","","","","","adam.ns.cloudflare.com","june.ns.cloudflare.com","","","OK","","",""
"56","navman-mobile.com","2020-05-06 23:47:41","2020-05-05","2020-05-05","2021-05-05","146","GoDaddy.com, LLC","whois.godaddy.com","http://registrar.godaddy.com","","","","","Chaouia-Ouardigha","","Morocco","","","","","","","","","","","","","","","","","","","","","","","","","","","","","","","","","","ns63.domaincontrol.com","ns64.domaincontrol.com","","","clientDeleteProhibited","clientRenewProhibited","clientTransferProhibited","clientUpdateProhibited"
"57","netpasse.com","2020-05-06 22:27:28","2020-05-05","2020-05-05","2021-05-05","48","eNom, Inc.","whois.enom.com","http://www.enom.com","REDACTED FOR PRIVACY","REDACTED FOR PRIVACY","REDACTED FOR PRIVACY","REDACTED FOR PRIVACY","MA","REDACTED FOR PRIVACY","Morocco","","REDACTED FOR PRIVACY","REDACTED FOR PRIVACY","REDACTED FOR PRIVACY","REDACTED FOR PRIVACY","REDACTED FOR PRIVACY","REDACTED FOR PRIVACY","REDACTED FOR PRIVACY","REDACTED FOR PRIVACY","REDACTED FOR PRIVACY","","REDACTED FOR PRIVACY","REDACTED FOR PRIVACY","REDACTED FOR PRIVACY","REDACTED FOR PRIVACY","REDACTED FOR PRIVACY","REDACTED FOR PRIVACY","REDACTED FOR PRIVACY","REDACTED FOR PRIVACY","REDACTED FOR PRIVACY","","REDACTED FOR PRIVACY","REDACTED FOR PRIVACY","","","","","","","","","","","srv3-ns1.infomed-tech.net","srv3-ns2.infomed-tech.net","","","addPeriod","clientTransferProhibited","",""
"58","nicehubby.net","2020-05-06 19:01:50","2020-05-05","2020-05-05","2021-05-05","146","GoDaddy.com, LLC","whois.godaddy.com","http://registrar.godaddy.com","","","","","Kenitra","","Morocco","","","","","","","","","","","","","","","","","","","","","","","","","","","","","","","","","","ns77.domaincontrol.com","ns78.domaincontrol.com","","","clientDeleteProhibited","clientRenewProhibited","clientTransferProhibited","clientUpdateProhibited"
"59","objetsmaison.com","2020-05-06 21:06:18","2020-05-04","2020-05-04","2021-05-04","303","PDR Ltd. d/b/a PublicDomainRegistry.com","whois.publicdomainregistry.com","http://www.publicdomainregistry.com","cs digital","objetsmaison","2 Rue Ibn Adara","El Marrakouchi","Grand Casablanca","20240","Morocco","objetsmaison2020@gmail.com","+212.20240","","cs digital","objetsmaison","2 Rue Ibn Adara","El Marrakouchi","Grand Casablanca","20240","Morocco","objetsmaison2020@gmail.com","+212.20240","","cs digital","objetsmaison","2 Rue Ibn Adara","El Marrakouchi","Grand Casablanca","20240","Morocco","objetsmaison2020@gmail.com","+212.20240","","","","","","","","","","","","ns1.bluebellnepal.com","ns2.bluebellnepal.com","","","clientTransferProhibited","","",""
"60","omagrimapp.com","2020-05-06 20:31:03","2020-05-05","2020-05-05","2021-05-05","48","eNom, Inc.","whois.enom.com","http://www.enom.com","REDACTED FOR PRIVACY","REDACTED FOR PRIVACY","REDACTED FOR PRIVACY","REDACTED FOR PRIVACY","casablanca","REDACTED FOR PRIVACY","Morocco","","REDACTED FOR PRIVACY","REDACTED FOR PRIVACY","REDACTED FOR PRIVACY","REDACTED FOR PRIVACY","REDACTED FOR PRIVACY","REDACTED FOR PRIVACY","REDACTED FOR PRIVACY","REDACTED FOR PRIVACY","REDACTED FOR PRIVACY","","REDACTED FOR PRIVACY","REDACTED FOR PRIVACY","REDACTED FOR PRIVACY","REDACTED FOR PRIVACY","REDACTED FOR PRIVACY","REDACTED FOR PRIVACY","REDACTED FOR PRIVACY","REDACTED FOR PRIVACY","REDACTED FOR PRIVACY","","REDACTED FOR PRIVACY","REDACTED FOR PRIVACY","","","","","","","","","","","ns1.adk-media.com","ns2.adk-media.com","","","addPeriod","clientTransferProhibited","",""
"61","on-techaccessory.com","2020-05-06 19:17:40","2020-05-05","2020-05-05","2021-05-05","146","GoDaddy.com, LLC","whois.godaddy.com","http://registrar.godaddy.com","ON tech accessory","ON tech accessory","","","Rabat-Sale-Zemmour-Zaer","","Morocco","","","","","","","","","","","","","","","","","","","","","","","","","","","","","","","","","","ns41.domaincontrol.com","ns42.domaincontrol.com","","","clientDeleteProhibited","clientRenewProhibited","clientTransferProhibited","clientUpdateProhibited"
"62","orbity1.com","2020-05-06 21:13:49","2020-05-04","2020-05-04","2021-05-04","146","GoDaddy.com, LLC","whois.godaddy.com","http://registrar.godaddy.com","","","","","Celibataire","","Morocco","","","","","","","","","","","","","","","","","","","","","","","","","","","","","","","","","","ns29.domaincontrol.com","ns30.domaincontrol.com","","","clientDeleteProhibited","clientRenewProhibited","clientTransferProhibited","clientUpdateProhibited"
"63","orbity2.com","2020-05-06 21:13:50","2020-05-04","2020-05-04","2021-05-04","146","GoDaddy.com, LLC","whois.godaddy.com","http://registrar.godaddy.com","","","","","Celibataire","","Morocco","","","","","","","","","","","","","","","","","","","","","","","","","","","","","","","","","","ns41.domaincontrol.com","ns42.domaincontrol.com","","","clientDeleteProhibited","clientRenewProhibited","clientTransferProhibited","clientUpdateProhibited"
"64","orbity3.com","2020-05-06 21:13:50","2020-05-04","2020-05-04","2021-05-04","146","GoDaddy.com, LLC","whois.godaddy.com","http://registrar.godaddy.com","","","","","Celibataire","","Morocco","","","","","","","","","","","","","","","","","","","","","","","","","","","","","","","","","","ns29.domaincontrol.com","ns30.domaincontrol.com","","","clientDeleteProhibited","clientRenewProhibited","clientTransferProhibited","clientUpdateProhibited"
"65","orbity4.com","2020-05-06 20:45:10","2020-05-04","2020-05-04","2021-05-04","146","GoDaddy.com, LLC","whois.godaddy.com","http://registrar.godaddy.com","","","","","Celibataire","","Morocco","","","","","","","","","","","","","","","","","","","","","","","","","","","","","","","","","","ns63.domaincontrol.com","ns64.domaincontrol.com","","","clientDeleteProhibited","clientRenewProhibited","clientTransferProhibited","clientUpdateProhibited"
"66","orbity5.com","2020-05-06 20:45:54","2020-05-04","2020-05-04","2021-05-04","146","GoDaddy.com, LLC","whois.godaddy.com","http://registrar.godaddy.com","","","","","Celibataire","","Morocco","","","","","","","","","","","","","","","","","","","","","","","","","","","","","","","","","","ns41.domaincontrol.com","ns42.domaincontrol.com","","","clientDeleteProhibited","clientRenewProhibited","clientTransferProhibited","clientUpdateProhibited"
"67","physimath.com","2020-05-06 20:42:34","2020-05-04","2020-05-04","2022-05-04","146","GoDaddy.com, LLC","whois.godaddy.com","http://registrar.godaddy.com","","","","","Laayoune-Boujdour-Sakia El Hamra","","Morocco","","","","","","","","","","","","","","","","","","","","","","","","","","","","","","","","","","ns41.domaincontrol.com","ns42.domaincontrol.com","","","clientDeleteProhibited","clientRenewProhibited","clientTransferProhibited","clientUpdateProhibited"
"68","pizarophone.com","2020-05-06 23:10:58","2020-05-05","2020-05-06","2021-05-05","1479","Namesilo, LLC","whois.namesilo.com","http://www.namesilo.com","Mehdi Zitouni","","Bloc Farid 102 ne 1 sidi bernousdi casa","Casablanca","Sidi bernoussi","20610","Morocco","pizaromehdi@gmail.com","+212.212604128536","","Mehdi Zitouni","","Bloc Farid 102 ne 1 sidi bernousdi casa","Casablanca","Sidi bernoussi","20610","Morocco","pizaromehdi@gmail.com","+212.212604128536","","Mehdi Zitouni","","Bloc Farid 102 ne 1 sidi bernousdi casa","Casablanca","Sidi bernoussi","20610","Morocco","pizaromehdi@gmail.com","+212.212604128536","","","","","","","","","","","","ns1.dnsowl.com","ns2.dnsowl.com","ns3.dnsowl.com","","clientTransferProhibited","","",""
"69","prettysvg.com","2020-05-06 23:58:43","2020-05-05","2020-05-05","2021-05-05","76","Nominalia Internet S.L.","whois.nominalia.com","http://www.nominalia.com","REDACTED FOR PRIVACY","REDACTED FOR PRIVACY","REDACTED FOR PRIVACY","REDACTED FOR PRIVACY","Rabat","REDACTED FOR PRIVACY","Morocco","","REDACTED.FORPRIVACY","REDACTED.FORPRIVACY","REDACTED FOR PRIVACY","REDACTED FOR PRIVACY","REDACTED FOR PRIVACY","REDACTED FOR PRIVACY","Rabat","REDACTED FOR PRIVACY","Morocco","","REDACTED.FORPRIVACY","REDACTED.FORPRIVACY","REDACTED FOR PRIVACY","REDACTED FOR PRIVACY","REDACTED FOR PRIVACY","REDACTED FOR PRIVACY","Barcelona","REDACTED FOR PRIVACY","Spain","","REDACTED.FORPRIVACY","REDACTED.FORPRIVACY","","","","","","","","","","","dns1.nominalia.com","dns2.nominalia.com","","","OK","","",""
"70","prokdp.com","2020-05-06 23:41:13","2020-05-05","2020-05-07","2021-05-05","76","Nominalia Internet S.L.","whois.nominalia.com","http://www.nominalia.com","REDACTED FOR PRIVACY","REDACTED FOR PRIVACY","REDACTED FOR PRIVACY","REDACTED FOR PRIVACY","ERRACHIDIA","REDACTED FOR PRIVACY","Morocco","","REDACTED.FORPRIVACY","REDACTED.FORPRIVACY","REDACTED FOR PRIVACY","REDACTED FOR PRIVACY","REDACTED FOR PRIVACY","REDACTED FOR PRIVACY","ERRACHIDIA","REDACTED FOR PRIVACY","Morocco","","REDACTED.FORPRIVACY","REDACTED.FORPRIVACY","REDACTED FOR PRIVACY","REDACTED FOR PRIVACY","REDACTED FOR PRIVACY","REDACTED FOR PRIVACY","Barcelona","REDACTED FOR PRIVACY","Spain","","REDACTED.FORPRIVACY","REDACTED.FORPRIVACY","","","","","","","","","","","dns2029a.trouble-free.net","dns2029b.trouble-free.net","","","OK","","",""
"71","proled-screen.com","2020-05-07 01:01:12","2020-05-04","2020-05-04","2021-05-04","146","GoDaddy.com, LLC","whois.godaddy.com","http://registrar.godaddy.com","AUTO ENTREPRENEUR","AUTO ENTREPRENEUR","","","Meknes-Tafilalet","","Morocco","","","","","","","","","","","","","","","","","","","","","","","","","","","","","","","","","","ns77.domaincontrol.com","ns78.domaincontrol.com","","","clientDeleteProhibited","clientRenewProhibited","clientTransferProhibited","clientUpdateProhibited"
"72","ptitsouk.com","2020-05-06 20:25:22","2020-05-05","2020-05-05","2021-05-05","81","Gandi SAS","whois.gandi.net","http://www.gandi.net","REDACTED FOR PRIVACY","","REDACTED FOR PRIVACY","REDACTED FOR PRIVACY","","REDACTED FOR PRIVACY","Morocco","9224b93d61705ca2590d0fe44a5299b1-18880197@contact.gandi.net","REDACTED FOR PRIVACY","REDACTED FOR PRIVACY","REDACTED FOR PRIVACY","REDACTED FOR PRIVACY","REDACTED FOR PRIVACY","REDACTED FOR PRIVACY","REDACTED FOR PRIVACY","REDACTED FOR PRIVACY","REDACTED FOR PRIVACY","9224b93d61705ca2590d0fe44a5299b1-18880197@contact.gandi.net","REDACTED FOR PRIVACY","REDACTED FOR PRIVACY","REDACTED FOR PRIVACY","REDACTED FOR PRIVACY","REDACTED FOR PRIVACY","REDACTED FOR PRIVACY","REDACTED FOR PRIVACY","REDACTED FOR PRIVACY","REDACTED FOR PRIVACY","9224b93d61705ca2590d0fe44a5299b1-18880197@contact.gandi.net","REDACTED FOR PRIVACY","REDACTED FOR PRIVACY","","","","","","","","","","","ns-118-c.gandi.net","ns-136-b.gandi.net","ns-189-a.gandi.net","","clientTransferProhibited","","",""
"73","qhdtv-android.com","2020-05-07 00:54:25","2020-05-04","2020-05-04","2021-05-04","146","GoDaddy.com, LLC","whois.godaddy.com","http://registrar.godaddy.com","","","","","Taza-Al Hoceima-Taounate","","Morocco","","","","","","","","","","","","","","","","","","","","","","","","","","","","","","","","","","ns63.domaincontrol.com","ns64.domaincontrol.com","","","clientDeleteProhibited","clientRenewProhibited","clientTransferProhibited","clientUpdateProhibited"
"74","qhdtv-subscription.com","2020-05-07 00:49:25","2020-05-04","2020-05-04","2021-05-04","146","GoDaddy.com, LLC","whois.godaddy.com","http://registrar.godaddy.com","","","","","Taza-Al Hoceima-Taounate","","Morocco","","","","","","","","","","","","","","","","","","","","","","","","","","","","","","","","","","ns63.domaincontrol.com","ns64.domaincontrol.com","","","clientDeleteProhibited","clientRenewProhibited","clientTransferProhibited","clientUpdateProhibited"
"75","rehabtrading.com","2020-05-07 00:09:28","2020-05-05","2020-05-05","2022-05-05","146","GoDaddy.com, LLC","whois.godaddy.com","http://registrar.godaddy.com","","","","","FES","","Morocco","","","","","","","","","","","","","","","","","","","","","","","","","","","","","","","","","","ns41.domaincontrol.com","ns42.domaincontrol.com","","","clientDeleteProhibited","clientRenewProhibited","clientTransferProhibited","clientUpdateProhibited"
"76","remote4tv.com","2020-05-07 00:38:54","2020-05-04","2020-05-04","2022-05-04","146","GoDaddy.com, LLC","whois.godaddy.com","http://registrar.godaddy.com","","","","","Gharb-Chrarda-Beni Hssen","","Morocco","","","","","","","","","","","","","","","","","","","","","","","","","","","","","","","","","","dns1.namecheaphosting.com","dns2.namecheaphosting.com","","","clientDeleteProhibited","clientRenewProhibited","clientTransferProhibited","clientUpdateProhibited"
"77","resume-parsing.com","2020-05-06 20:44:31","2020-05-04","2020-05-04","2021-05-04","1560","Genious Communications SARL/AU","whois.genious.net","http://www.genious.net","jalal jihazi","CONSULTANCY AND TRAINING SERVICES GROUP SARLAU","147 boulevard mohamed Smiha 2eme etage 147 boulevard mohamed Smiha 2eme etage","Casablanca","casablanca","20000","Morocco","jalal.jihazi@the-cts-group.com","+212.648383920","","jalal jihazi","CONSULTANCY AND TRAINING SERVICES GROUP SARLAU","147 boulevard mohamed Smiha 2eme etage 147 boulevard mohamed Smiha 2eme etage","Casablanca","casablanca","20000","Morocco","jalal.jihazi@the-cts-group.com","+212.648383920","","jalal jihazi","CONSULTANCY AND TRAINING SERVICES GROUP SARLAU","147 boulevard mohamed Smiha 2eme etage 147 boulevard mohamed Smiha 2eme etage","Casablanca","casablanca","20000","Morocco","jalal.jihazi@the-cts-group.com","+212.648383920","","","","","","","","","","","","dns1.genious.net","dns2.genious.net","dns3.genious.net","dns4.genious.net","clientTransferProhibited","","",""
"78","salamgaz.com","2020-05-06 21:45:23","2020-05-05","2020-05-05","2021-05-05","1630","Ligne Web Services SARL","whois.nic.fr","http://www.ait.com","","","","","","","Morocco","8b55429491984a39a9c9d030a4cd26e6@whois-anonymous.com","","","","","","","","","Morocco","8b55429491984a39a9c9d030a4cd26e6@whois-anonymous.com","","","","","","","","","Morocco","8b55429491984a39a9c9d030a4cd26e6@whois-anonymous.com","","","","","","","","","Morocco","8b55429491984a39a9c9d030a4cd26e6@whois-anonymous.com","","","","","","","More","clientTransferProhibited","informations","on"
"79","santander-fallida.com","2020-05-06 23:16:23","2020-05-05","2020-05-05","2021-05-05","440","Wild West Domains, LLC","whois.wildwestdomains.com","http://www.wildwestdomains.com","","","","","madrid","","Morocco","","","","","","","","","","","","","","","","","","","","","","","","","","","","","","","","","","ns77.domaincontrol.com","ns78.domaincontrol.com","","","clientDeleteProhibited","clientRenewProhibited","clientTransferProhibited","clientUpdateProhibited"
"80","scoop-shopping.com","2020-05-06 22:08:14","2020-05-04","2020-05-04","2021-05-04","1154","FastDomain Inc.","whois.fastdomain.com","http://www.fastdomain.com","RADOUANE BAHJAOUI","","ZITOUNE JDID NO 12","MARRAKECH","","40000","Morocco","ridmane@gmail.com","+212.650311050","","RADOUANE BAHJAOUI","","ZITOUNE JDID NO 12","MARRAKECH","","40000","Morocco","ridmane@gmail.com","+212.650311050","","BLUEHOST INC","BLUEHOST.COM","550 E TIMPANOGOS PKWY","OREM","UTAH","84097","United States","domain@redl.ca","+1.8017659400","+1.8017651992","","","","","","","","","","","ns1.bluehost.com","ns2.bluehost.com","","","clientTransferProhibited","","",""
"81","shopdilo.com","2020-05-07 00:21:51","2020-05-05","2020-05-05","2021-05-05","146","GoDaddy.com, LLC","whois.godaddy.com","http://registrar.godaddy.com","","","","","Marrakech-Tensift-Al Haouz","","Morocco","","","","","","","","","","","","","","","","","","","","","","","","","","","","","","","","","","ns41.domaincontrol.com","ns42.domaincontrol.com","","","clientDeleteProhibited","clientRenewProhibited","clientTransferProhibited","clientUpdateProhibited"
"82","shopromotion.com","2020-05-06 22:03:53","2020-05-04","2020-05-04","2021-05-04","146","GoDaddy.com, LLC","whois.godaddy.com","http://registrar.godaddy.com","free lance","free lance","","","CASA-STATT","","Morocco","","","","","","","","","","","","","","","","","","","","","","","","","","","","","","","","","","ns41.domaincontrol.com","ns42.domaincontrol.com","","","clientDeleteProhibited","clientRenewProhibited","clientTransferProhibited","clientUpdateProhibited"
"83","sintaki.com","2020-05-07 00:53:45","2020-05-04","2020-05-04","2021-05-04","146","GoDaddy.com, LLC","whois.godaddy.com","http://registrar.godaddy.com","","","","","Gharb-Chrarda-Beni Hssen","","Morocco","","","","","","","","","","","","","","","","","","","","","","","","","","","","","","","","","","ns77.domaincontrol.com","ns78.domaincontrol.com","","","clientDeleteProhibited","clientRenewProhibited","clientTransferProhibited","clientUpdateProhibited"
"84","smartgeoloc.com","2020-05-06 22:35:23","2020-05-05","2020-05-05","2021-05-05","1630","Ligne Web Services SARL","whois.nic.fr","http://www.ait.com","","","","","","","Morocco","18bb8656fb7ab92a3008a5b5bb82728c@whois-anonymous.com","","","","","","","","","Morocco","18bb8656fb7ab92a3008a5b5bb82728c@whois-anonymous.com","","","","","","","","","Morocco","18bb8656fb7ab92a3008a5b5bb82728c@whois-anonymous.com","","","","","","","","","Morocco","18bb8656fb7ab92a3008a5b5bb82728c@whois-anonymous.com","","","","","","","More","clientTransferProhibited","informations","on"
"85","sofralim.com","2020-05-06 20:40:36","2020-05-04","2020-05-04","2021-05-04","1560","Genious Communications SARL/AU","whois.genious.net","http://www.genious.net","zakaria gagua","copralim","5 zone indust Oulad Salah , lot.5 27182 Bouskoura - Maroc","casablanca","maroc","27182","Morocco","zake.ga@gmail.com","+212.661462812","","zakaria gagua","copralim","5 zone indust Oulad Salah , lot.5 27182 Bouskoura - Maroc","casablanca","maroc","27182","Morocco","zake.ga@gmail.com","+212.661462812","","zakaria gagua","copralim","5 zone indust Oulad Salah , lot.5 27182 Bouskoura - Maroc","casablanca","maroc","27182","Morocco","zake.ga@gmail.com","+212.661462812","","","","","","","","","","","","dns1.genious.net","dns2.genious.net","dns3.genious.net","dns4.genious.net","clientTransferProhibited","","",""
"86","startuphormone.com","2020-05-06 21:03:31","2020-05-04","2020-05-04","2021-05-04","433","OVH sas","whois.ovh.com","http://www.ovh.com","REDACTED FOR PRIVACY","","REDACTED FOR PRIVACY","REDACTED FOR PRIVACY","","REDACTED FOR PRIVACY","Morocco","iboll8d5y65kfmly5wz6@n.o-w-o.info","REDACTED FOR PRIVACY","REDACTED FOR PRIVACY","REDACTED FOR PRIVACY","REDACTED FOR PRIVACY","REDACTED FOR PRIVACY","REDACTED FOR PRIVACY","REDACTED FOR PRIVACY","REDACTED FOR PRIVACY","REDACTED FOR PRIVACY","8z2ve1vmbbqtp3yn0hju@f.o-w-o.info","REDACTED FOR PRIVACY","REDACTED FOR PRIVACY","REDACTED FOR PRIVACY","REDACTED FOR PRIVACY","REDACTED FOR PRIVACY","REDACTED FOR PRIVACY","REDACTED FOR PRIVACY","REDACTED FOR PRIVACY","REDACTED FOR PRIVACY","8z2ve1vmbbqtp3yn0hju@f.o-w-o.info","REDACTED FOR PRIVACY","REDACTED FOR PRIVACY","","","","","","","","","","","dns110.ovh.net","ns110.ovh.net","","","clientDeleteProhibited","clientTransferProhibited","",""
"87","storiesthemoment.com","2020-05-07 01:12:47","2020-05-04","2020-05-04","2021-05-04","146","GoDaddy.com, LLC","whois.godaddy.com","http://registrar.godaddy.com","","","","","Taza-Al Hoceima-Taounateociema","","Morocco","","","","","","","","","","","","","","","","","","","","","","","","","","","","","","","","","","ns49.domaincontrol.com","ns50.domaincontrol.com","","","clientDeleteProhibited","clientRenewProhibited","clientTransferProhibited","clientUpdateProhibited"
"88","subtv-subscription.com","2020-05-07 00:53:32","2020-05-04","2020-05-04","2021-05-04","146","GoDaddy.com, LLC","whois.godaddy.com","http://registrar.godaddy.com","","","","","Taza-Al Hoceima-Taounate","","Morocco","","","","","","","","","","","","","","","","","","","","","","","","","","","","","","","","","","ns63.domaincontrol.com","ns64.domaincontrol.com","","","clientDeleteProhibited","clientRenewProhibited","clientTransferProhibited","clientUpdateProhibited"
"89","tboxee.com","2020-05-07 00:47:28","2020-05-04","2020-05-05","2021-05-04","1591","Promo People inc.","whois.nic.fr","http://www.ait.com","REDACTED FOR PRIVACY","REDACTED FOR PRIVACY","REDACTED FOR PRIVACY","REDACTED FOR PRIVACY","REDACTED FOR PRIVACY","REDACTED FOR PRIVACY","Morocco","","REDACTED FOR PRIVACY","REDACTED FOR PRIVACY","REDACTED FOR PRIVACY","REDACTED FOR PRIVACY","REDACTED FOR PRIVACY","REDACTED FOR PRIVACY","REDACTED FOR PRIVACY","REDACTED FOR PRIVACY","REDACTED FOR PRIVACY","","REDACTED FOR PRIVACY","REDACTED FOR PRIVACY","REDACTED FOR PRIVACY","REDACTED FOR PRIVACY","REDACTED FOR PRIVACY","REDACTED FOR PRIVACY","REDACTED FOR PRIVACY","REDACTED FOR PRIVACY","REDACTED FOR PRIVACY","","REDACTED FOR PRIVACY","REDACTED FOR PRIVACY","","","","","","","","","","","chase.ns.cloudflare.com","lila.ns.cloudflare.com","","","OK","","",""
"90","techenewlive.com","2020-05-06 20:28:58","2020-05-05","2020-05-05","2021-05-05","146","GoDaddy.com, LLC","whois.godaddy.com","http://registrar.godaddy.com","","","","","L'oriental","","Morocco","","","","","","","","","","","","","","","","","","","","","","","","","","","","","","","","","","ns63.domaincontrol.com","ns64.domaincontrol.com","","","clientDeleteProhibited","clientRenewProhibited","clientTransferProhibited","clientUpdateProhibited"
"91","theeminenceinshadow.com","2020-05-07 00:20:22","2020-05-05","2020-05-05","2021-05-05","76","Nominalia Internet S.L.","whois.nominalia.com","http://www.nominalia.com","REDACTED FOR PRIVACY","REDACTED FOR PRIVACY","REDACTED FOR PRIVACY","REDACTED FOR PRIVACY","Souss Massa","REDACTED FOR PRIVACY","Morocco","","REDACTED.FORPRIVACY","REDACTED.FORPRIVACY","REDACTED FOR PRIVACY","REDACTED FOR PRIVACY","REDACTED FOR PRIVACY","REDACTED FOR PRIVACY","Souss Massa","REDACTED FOR PRIVACY","Morocco","","REDACTED.FORPRIVACY","REDACTED.FORPRIVACY","REDACTED FOR PRIVACY","REDACTED FOR PRIVACY","REDACTED FOR PRIVACY","REDACTED FOR PRIVACY","Barcelona","REDACTED FOR PRIVACY","Spain","","REDACTED.FORPRIVACY","REDACTED.FORPRIVACY","","","","","","","","","","","dns1.namecheaphosting.com","dns2.namecheaphosting.com","","","OK","","",""
"92","thehealthmindzone.com","2020-05-06 20:45:19","2020-05-04","2020-05-04","2021-05-04","955","Launchpad, Inc.","whois.launchpad.com","http://www.launchpad.com","ayoub ziani","None","morocco fez fez","fez","05","30000","Morocco","ayoubziani150@gmail.com","+212.639947278","","ayoub ziani","None","morocco fez fez","fez","05","30000","Morocco","ayoubziani150@gmail.com","+212.639947278","","ayoub ziani","None","morocco fez fez","fez","05","30000","Morocco","ayoubziani150@gmail.com","+212.639947278","","","","","","","","","","","","ns8345.hostgator.com","ns8346.hostgator.com","","","clientTransferProhibited","","",""
"93","thenextisbest.com","2020-05-06 22:07:08","2020-05-04","2020-05-04","2021-05-04","955","Launchpad, Inc.","whois.launchpad.com","http://www.launchpad.com","Nefzan Mohamed","None","55 RUE DAY OLD SIDI BABA DERB GHALEF","casablanca","08","20070","Morocco","simonefzane@gmail.com","+212.624563190","","Nefzan Mohamed","None","55 RUE DAY OLD SIDI BABA DERB GHALEF","casablanca","08","20070","Morocco","simonefzane@gmail.com","+212.624563190","","Nefzan Mohamed","None","55 RUE DAY OLD SIDI BABA DERB GHALEF","casablanca","08","20070","Morocco","simonefzane@gmail.com","+212.624563190","","","","","","","","","","","","ns8345.hostgator.com","ns8346.hostgator.com","","","clientTransferProhibited","","",""
"94","tiryakmarket.com","2020-05-06 22:31:39","2020-05-05","2020-05-05","2021-05-05","440","Wild West Domains, LLC","whois.wildwestdomains.com","http://www.wildwestdomains.com","","","","","draa-tafilalet","","Morocco","","","","","","","","","","","","","","","","","","","","","","","","","","","","","","","","","","ns63.domaincontrol.com","ns64.domaincontrol.com","","","clientDeleteProhibited","clientRenewProhibited","clientTransferProhibited","clientUpdateProhibited"
"95","uzaki-chanwaasobitai.com","2020-05-06 19:19:12","2020-05-05","2020-05-05","2021-05-05","76","Nominalia Internet S.L.","whois.nominalia.com","http://www.nominalia.com","REDACTED FOR PRIVACY","REDACTED FOR PRIVACY","REDACTED FOR PRIVACY","REDACTED FOR PRIVACY","Souss Massa","REDACTED FOR PRIVACY","Morocco","","REDACTED.FORPRIVACY","REDACTED.FORPRIVACY","REDACTED FOR PRIVACY","REDACTED FOR PRIVACY","REDACTED FOR PRIVACY","REDACTED FOR PRIVACY","Souss Massa","REDACTED FOR PRIVACY","Morocco","","REDACTED.FORPRIVACY","REDACTED.FORPRIVACY","REDACTED FOR PRIVACY","REDACTED FOR PRIVACY","REDACTED FOR PRIVACY","REDACTED FOR PRIVACY","Barcelona","REDACTED FOR PRIVACY","Spain","","REDACTED.FORPRIVACY","REDACTED.FORPRIVACY","","","","","","","","","","","dns1.namecheaphosting.com","dns2.namecheaphosting.com","","","OK","","",""
"96","virtuallo-web.com","2020-05-06 20:45:45","2020-05-04","2020-05-04","2021-05-04","433","OVH sas","whois.ovh.com","http://www.ovh.com","REDACTED FOR PRIVACY","","REDACTED FOR PRIVACY","REDACTED FOR PRIVACY","","REDACTED FOR PRIVACY","Morocco","ftz03zr2kxosk51h6f82@c.o-w-o.info","REDACTED FOR PRIVACY","REDACTED FOR PRIVACY","REDACTED FOR PRIVACY","REDACTED FOR PRIVACY","REDACTED FOR PRIVACY","REDACTED FOR PRIVACY","REDACTED FOR PRIVACY","REDACTED FOR PRIVACY","REDACTED FOR PRIVACY","ax0ip6t1ggl9hip6kg8d@v.o-w-o.info","REDACTED FOR PRIVACY","REDACTED FOR PRIVACY","REDACTED FOR PRIVACY","REDACTED FOR PRIVACY","REDACTED FOR PRIVACY","REDACTED FOR PRIVACY","REDACTED FOR PRIVACY","REDACTED FOR PRIVACY","REDACTED FOR PRIVACY","ax0ip6t1ggl9hip6kg8d@v.o-w-o.info","REDACTED FOR PRIVACY","REDACTED FOR PRIVACY","","","","","","","","","","","dns110.ovh.net","ns110.ovh.net","","","clientDeleteProhibited","clientTransferProhibited","",""
"97","vumoo-movies.com","2020-05-06 21:41:30","2020-05-05","2020-05-05","2021-05-05","48","eNom, Inc.","whois.enom.com","http://www.enom.com","REDACTED FOR PRIVACY","REDACTED FOR PRIVACY","REDACTED FOR PRIVACY","REDACTED FOR PRIVACY","casablanca","REDACTED FOR PRIVACY","Morocco","","REDACTED FOR PRIVACY","REDACTED FOR PRIVACY","REDACTED FOR PRIVACY","REDACTED FOR PRIVACY","REDACTED FOR PRIVACY","REDACTED FOR PRIVACY","REDACTED FOR PRIVACY","REDACTED FOR PRIVACY","REDACTED FOR PRIVACY","","REDACTED FOR PRIVACY","REDACTED FOR PRIVACY","REDACTED FOR PRIVACY","REDACTED FOR PRIVACY","REDACTED FOR PRIVACY","REDACTED FOR PRIVACY","REDACTED FOR PRIVACY","REDACTED FOR PRIVACY","REDACTED FOR PRIVACY","","REDACTED FOR PRIVACY","REDACTED FOR PRIVACY","","","","","","","","","","","alex.ns.cloudflare.com","rose.ns.cloudflare.com","","","addPeriod","clientTransferProhibited","",""
"98","wassilakara.com","2020-05-06 20:26:03","2020-05-05","2020-05-05","2021-05-05","48","eNom, Inc.","whois.enom.com","http://www.enom.com","REDACTED FOR PRIVACY","REDACTED FOR PRIVACY","REDACTED FOR PRIVACY","REDACTED FOR PRIVACY","MA","REDACTED FOR PRIVACY","Morocco","","REDACTED FOR PRIVACY","REDACTED FOR PRIVACY","REDACTED FOR PRIVACY","REDACTED FOR PRIVACY","REDACTED FOR PRIVACY","REDACTED FOR PRIVACY","REDACTED FOR PRIVACY","REDACTED FOR PRIVACY","REDACTED FOR PRIVACY","","REDACTED FOR PRIVACY","REDACTED FOR PRIVACY","REDACTED FOR PRIVACY","REDACTED FOR PRIVACY","REDACTED FOR PRIVACY","REDACTED FOR PRIVACY","REDACTED FOR PRIVACY","REDACTED FOR PRIVACY","REDACTED FOR PRIVACY","","REDACTED FOR PRIVACY","REDACTED FOR PRIVACY","","","","","","","","","","","dns1.name-services.com","dns2.name-services.com","dns3.name-services.com","dns4.name-services.com","addPeriod","clientTransferProhibited","",""
"99","webensem.com","2020-05-06 22:57:37","2020-05-05","2020-05-05","2021-05-05","433","OVH sas","whois.ovh.com","http://www.ovh.com","REDACTED FOR PRIVACY","YomaSoft","REDACTED FOR PRIVACY","REDACTED FOR PRIVACY","","REDACTED FOR PRIVACY","Morocco","bcavy1edeowjbygswbqa@z.o-w-o.info","REDACTED FOR PRIVACY","REDACTED FOR PRIVACY","REDACTED FOR PRIVACY","REDACTED FOR PRIVACY","REDACTED FOR PRIVACY","REDACTED FOR PRIVACY","REDACTED FOR PRIVACY","REDACTED FOR PRIVACY","REDACTED FOR PRIVACY","mkyxogom03xodlthjj4c@w.o-w-o.info","REDACTED FOR PRIVACY","REDACTED FOR PRIVACY","REDACTED FOR PRIVACY","REDACTED FOR PRIVACY","REDACTED FOR PRIVACY","REDACTED FOR PRIVACY","REDACTED FOR PRIVACY","REDACTED FOR PRIVACY","REDACTED FOR PRIVACY","mkyxogom03xodlthjj4c@w.o-w-o.info","REDACTED FOR PRIVACY","REDACTED FOR PRIVACY","","","","","","","","","","","dns110.ovh.net","ns110.ovh.net","","","clientDeleteProhibited","clientTransferProhibited","",""
"100","wenayapro.com","2020-05-06 19:28:00","2020-05-05","2020-05-05","2022-05-05","1560","Genious Communications SARL/AU","whois.genious.net","http://www.genious.net","Mamoun Tadili","Wenaya","96 BD de la grande ceinture Ain Diab","Casablanca","Casablanca","20180","Morocco","mamountadili@gmail.com","+212.661548070","","Mamoun Tadili","Wenaya","96 BD de la grande ceinture Ain Diab","Casablanca","Casablanca","20180","Morocco","mamountadili@gmail.com","+212.661548070","","Mamoun Tadili","Wenaya","96 BD de la grande ceinture Ain Diab","Casablanca","Casablanca","20180","Morocco","mamountadili@gmail.com","+212.661548070","","","","","","","","","","","","dns1.genious.net","dns2.genious.net","dns3.genious.net","dns4.genious.net","clientTransferProhibited","","",""
"101","workoutarmy.com","2020-05-06 23:36:05","2020-05-05","2020-05-05","2021-05-05","146","GoDaddy.com, LLC","whois.godaddy.com","http://registrar.godaddy.com","exp news","exp news","","","fes","","Morocco","","","","","","","","","","","","","","","","","","","","","","","","","","","","","","","","","","pdns01.domaincontrol.com","pdns02.domaincontrol.com","","","clientDeleteProhibited","clientRenewProhibited","clientTransferProhibited","clientUpdateProhibited"
"102","youssagency.com","2020-05-07 00:20:59","2020-05-05","2020-05-05","2021-05-05","1560","Genious Communications SARL/AU","whois.genious.net","http://www.genious.net","soufiane goumrhar","","biougra riad","biougra","chtouka ait baha","80012","Morocco","valionner@gmail.com","+212.604923867","","soufiane goumrhar","","biougra riad","biougra","chtouka ait baha","80012","Morocco","valionner@gmail.com","+212.604923867","","soufiane goumrhar","","biougra riad","biougra","chtouka ait baha","80012","Morocco","valionner@gmail.com","+212.604923867","","","","","","","","","","","","dns1.genious.net","dns2.genious.net","dns3.genious.net","dns4.genious.net","clientTransferProhibited","","",""
"103","zirtv.com","2020-05-06 20:39:41","2020-05-04","2020-05-04","2021-05-04","303","PDR Ltd. d/b/a PublicDomainRegistry.com","whois.publicdomainregistry.com","http://www.publicdomainregistry.com","Abdellah Sousan","Zirtv","Nador Nador","Nador","Nador","62000","Morocco","kozal9@gmail.com","+212.0600481504","","Abdellah Sousan","Zirtv","Nador Nador","Nador","Nador","62000","Morocco","kozal9@gmail.com","+212.0600481504","","Abdellah Sousan","Zirtv","Nador Nador","Nador","Nador","62000","Morocco","kozal9@gmail.com","+212.0600481504","","","","","","","","","","","","ns1.cloud-dns.in","ns1.shared-host.in","ns2.cloud-dns.in","ns2.shared-host.in","clientTransferProhibited","","",""