"num","domain_name","query_time","create_date","update_date","expiry_date","domain_registrar_id","domain_registrar_name","domain_registrar_whois","domain_registrar_url","registrant_name","registrant_company","registrant_address","registrant_city","registrant_state","registrant_zip","registrant_country","registrant_email","registrant_phone","registrant_fax","administrative_name","administrative_company","administrative_address","administrative_city","administrative_state","administrative_zip","administrative_country","administrative_email","administrative_phone","administrative_fax","technical_name","technical_company","technical_address","technical_city","technical_state","technical_zip","technical_country","technical_email","technical_phone","technical_fax","billing_name","billing_company","billing_address","billing_city","billing_state","billing_zip","billing_country","billing_email","billing_phone","billing_fax","name_server_1","name_server_2","name_server_3","name_server_4","domain_status_1","domain_status_2","domain_status_3","domain_status_4"
"1","happyfitness-store.com","2020-05-06 23:24:05","2020-05-05","2020-05-05","2021-05-05","146","GoDaddy.com, LLC","whois.godaddy.com","http://registrar.godaddy.com","","","","","Yangon","","Myanmar","","","","","","","","","","","","","","","","","","","","","","","","","","","","","","","","","","ns29.domaincontrol.com","ns30.domaincontrol.com","","","clientDeleteProhibited","clientRenewProhibited","clientTransferProhibited","clientUpdateProhibited"
"2","sharingknowledgemm.com","2020-05-06 20:35:31","2020-05-05","2020-05-05","2021-05-05","303","PDR Ltd. d/b/a PublicDomainRegistry.com","whois.publicdomainregistry.com","http://www.publicdomainregistry.com","Than Htike Aung","Sharing Knowledge","Phyu,Bago","Yangon","Bago","08141","Myanmar","mgthanhtike081@gmail.com","+60.1121731095","","Than Htike Aung","Sharing Knowledge","Phyu,Bago","Yangon","Bago","08141","Myanmar","mgthanhtike081@gmail.com","+60.1121731095","","Than Htike Aung","Sharing Knowledge","Phyu,Bago","Yangon","Bago","08141","Myanmar","mgthanhtike081@gmail.com","+60.1121731095","","","","","","","","","","","","ns1.thehosta.com","ns2.thehosta.com","","","clientTransferProhibited","","",""
"3","shwelamin.com","2020-05-06 23:02:38","2020-05-05","2020-05-05","2021-05-05","146","GoDaddy.com, LLC","whois.godaddy.com","http://registrar.godaddy.com","it","it","","","Yangon","","Myanmar","","","","","","","","","","","","","","","","","","","","","","","","","","","","","","","","","","ns77.domaincontrol.com","ns78.domaincontrol.com","","","clientDeleteProhibited","clientRenewProhibited","clientTransferProhibited","clientUpdateProhibited"
"4","siselt.com","2020-05-07 00:00:44","2020-05-05","2020-05-05","2021-05-05","303","PDR Ltd. d/b/a PublicDomainRegistry.com","whois.publicdomainregistry.com","http://www.publicdomainregistry.com","Nyan Min Aung","Myanmar NIC","47 Nigyawda St","Tamwe","Yangon","11211","Myanmar","admin@myanmarnic.com","+95.933333372","","Nyan Min Aung","Myanmar NIC","47 Nigyawda St","Tamwe","Yangon","11211","Myanmar","admin@myanmarnic.com","+95.933333372","","Nyan Min Aung","Myanmar NIC","47 Nigyawda St","Tamwe","Yangon","11211","Myanmar","admin@myanmarnic.com","+95.933333372","","","","","","","","","","","","ns1.myanmarnic.com","ns2.myanmarnic.com","ns3.myanmarnic.com","ns4.myanmarnic.com","clientTransferProhibited","","",""
"5","tharaphusanrice.com","2020-05-06 23:42:13","2020-05-05","2020-05-05","2021-05-05","886","Domain.com, LLC","whois.domain.com","http://www.domain.com","REDACTED FOR PRIVACY","REDACTED FOR PRIVACY","REDACTED FOR PRIVACY","REDACTED FOR PRIVACY","NA","REDACTED FOR PRIVACY","Myanmar","","REDACTED FOR PRIVACY","REDACTED FOR PRIVACY","REDACTED FOR PRIVACY","REDACTED FOR PRIVACY","REDACTED FOR PRIVACY","REDACTED FOR PRIVACY","REDACTED FOR PRIVACY","REDACTED FOR PRIVACY","REDACTED FOR PRIVACY","","REDACTED FOR PRIVACY","REDACTED FOR PRIVACY","REDACTED FOR PRIVACY","REDACTED FOR PRIVACY","REDACTED FOR PRIVACY","REDACTED FOR PRIVACY","REDACTED FOR PRIVACY","REDACTED FOR PRIVACY","REDACTED FOR PRIVACY","","REDACTED FOR PRIVACY","REDACTED FOR PRIVACY","","","","","","","","","","","ns1.byet.org","ns1.domain.com","ns2.byet.org","ns2.domain.com","","","",""
"6","wishboxdelivery.com","2020-05-06 23:15:07","2020-05-05","2020-05-05","2021-05-05","303","PDR Ltd. d/b/a PublicDomainRegistry.com","whois.publicdomainregistry.com","http://www.publicdomainregistry.com","Thiri Tar","Wishbox co.,Ltd","77 Rd, 28x29 st,","Chan aye thar san township,","Mandalay","11211","Myanmar","dr.thiritar1990@gmail.com","+95.09976097995","","Thiri Tar","Wishbox co.,Ltd","77 Rd, 28x29 st,","Chan aye thar san township,","Mandalay","11211","Myanmar","dr.thiritar1990@gmail.com","+95.09976097995","","Thiri Tar","Wishbox co.,Ltd","77 Rd, 28x29 st,","Chan aye thar san township,","Mandalay","11211","Myanmar","dr.thiritar1990@gmail.com","+95.09976097995","","","","","","","","","","","","ns22.netscriper.com","ns23.netscriper.com","","","clientTransferProhibited","","",""