"num","domain_name","query_time","create_date","update_date","expiry_date","domain_registrar_id","domain_registrar_name","domain_registrar_whois","domain_registrar_url","registrant_name","registrant_company","registrant_address","registrant_city","registrant_state","registrant_zip","registrant_country","registrant_email","registrant_phone","registrant_fax","administrative_name","administrative_company","administrative_address","administrative_city","administrative_state","administrative_zip","administrative_country","administrative_email","administrative_phone","administrative_fax","technical_name","technical_company","technical_address","technical_city","technical_state","technical_zip","technical_country","technical_email","technical_phone","technical_fax","billing_name","billing_company","billing_address","billing_city","billing_state","billing_zip","billing_country","billing_email","billing_phone","billing_fax","name_server_1","name_server_2","name_server_3","name_server_4","domain_status_1","domain_status_2","domain_status_3","domain_status_4"
"1","2049bs.com","2020-05-06 22:29:41","2020-05-06","2020-05-06","2021-05-06","146","GoDaddy.com, LLC","whois.godaddy.com","http://registrar.godaddy.com","","","","","Bagmati","","Nepal","","","","","","","","","","","","","","","","","","","","","","","","","","","","","","","","","","ns37.domaincontrol.com","ns38.domaincontrol.com","","","clientDeleteProhibited","clientRenewProhibited","clientTransferProhibited","clientUpdateProhibited"
"2","24headline.com","2020-05-06 23:39:15","2020-05-05","2020-05-05","2021-05-05","468","Amazon Registrar, Inc.","whois.nic.ir","http://www.ait.com","Adish Joshi","","Panipokhari, Kathmandu","Kathmandu","","44600","Nepal","rupen.kayastha@gmail.com","+977.9801185132","","Adish Joshi","","Panipokhari, Kathmandu","Kathmandu","","44600","Nepal","rupen.kayastha@gmail.com","+977.9801185132","","Adish Joshi","","Panipokhari, Kathmandu","Kathmandu","","44600","Nepal","rupen.kayastha@gmail.com","+977.9801185132","","","","","","","","","","","","ns-1326.awsdns-37.org","ns-1915.awsdns-47.co.uk","ns-387.awsdns-48.com","ns-755.awsdns-30.net","addPeriod","ok","",""
"3","alphainto.com","2020-05-06 23:42:33","2020-05-05","2020-05-05","2021-05-05","303","PDR Ltd. d/b/a PublicDomainRegistry.com","whois.publicdomainregistry.com","http://www.publicdomainregistry.com","Savin Pokharel","","Biratnagar-4 Rajbanshi chowk","Biratnagar","1","56613","Nepal","sbntech868@gmail.com","+977.9862299670","","Savin Pokharel","","Biratnagar-4 Rajbanshi chowk","Biratnagar","1","56613","Nepal","sbntech868@gmail.com","+977.9862299670","","Savin Pokharel","","Biratnagar-4 Rajbanshi chowk","Biratnagar","1","56613","Nepal","sbntech868@gmail.com","+977.9862299670","","","","","","","","","","","","ns10.domaininnepal.com","ns11.domaininnepal.com","","","clientTransferProhibited","","",""
"4","arthalaya.com","2020-05-06 22:52:57","2020-05-05","2020-05-05","2021-05-05","303","PDR Ltd. d/b/a PublicDomainRegistry.com","whois.publicdomainregistry.com","http://www.publicdomainregistry.com","Ayush Pokhrel","Zinc Holding","Kathmandu, new baneshwor","Kathmandu","Bagmati","44600","Nepal","pokhrelayush@gmail.com","+977.5244687","","Ayush Pokhrel","Zinc Holding","Kathmandu, new baneshwor","Kathmandu","Bagmati","44600","Nepal","pokhrelayush@gmail.com","+977.5244687","","Ayush Pokhrel","Zinc Holding","Kathmandu, new baneshwor","Kathmandu","Bagmati","44600","Nepal","pokhrelayush@gmail.com","+977.5244687","","","","","","","","","","","","dns3.parkpage.foundationapi.com","dns4.parkpage.foundationapi.com","","","clientTransferProhibited","","",""
"5","chorbajar.com","2020-05-06 23:05:34","2020-05-05","2020-05-05","2021-05-05","303","PDR Ltd. d/b/a PublicDomainRegistry.com","whois.publicdomainregistry.com","http://www.publicdomainregistry.com","Rhino","rhinotech","kathmandu,nepal","kathmandu","","44600","Nepal","rhinotechpvt@gmail.com","+977.9851244881","","Rhino","rhinotech","kathmandu,nepal","kathmandu","","44600","Nepal","rhinotechpvt@gmail.com","+977.9851244881","","Rhino","rhinotech","kathmandu,nepal","kathmandu","","44600","Nepal","rhinotechpvt@gmail.com","+977.9851244881","","","","","","","","","","","","ohodomain.earth.orderbox-dns.com","ohodomain.mars.orderbox-dns.com","ohodomain.mercury.orderbox-dns.com","ohodomain.venus.orderbox-dns.com","clientTransferProhibited","","",""
"6","everestmartandmomos.com","2020-05-06 23:47:16","2020-05-05","2020-05-05","2021-05-05","955","Launchpad, Inc.","whois.launchpad.com","http://www.launchpad.com","Arjun Panday","Sysmeet","sorhkhutte","Kathmandu","BA","44600","Nepal","electronicarjun@gmail.com","+61.416770160","","Arjun Panday","Sysmeet","sorhkhutte","Kathmandu","BA","44600","Nepal","electronicarjun@gmail.com","+61.416770160","","Arjun Panday","Sysmeet","sorhkhutte","Kathmandu","BA","44600","Nepal","electronicarjun@gmail.com","+61.416770160","","","","","","","","","","","","ns1.hostgator.com","ns2.hostgator.com","","","clientTransferProhibited","","",""
"7","gorkhamall.com","2020-05-06 22:33:15","2020-05-05","2020-05-05","2021-05-05","303","PDR Ltd. d/b/a PublicDomainRegistry.com","whois.publicdomainregistry.com","http://www.publicdomainregistry.com","Bikash Shrestha","Canopus Technology","Putalisadak, Kathmandu","Kathmandu","Bagmati","44600","Nepal","bikash.canopustechnology@gmail.com","+977.9842174765","","Bikash Shrestha","Canopus Technology","Putalisadak, Kathmandu","Kathmandu","Bagmati","44600","Nepal","bikash.canopustechnology@gmail.com","+977.9842174765","","Bikash Shrestha","Canopus Technology","Putalisadak, Kathmandu","Kathmandu","Bagmati","44600","Nepal","bikash.canopustechnology@gmail.com","+977.9842174765","","","","","","","","","","","","ns1.canosofthost.com","ns2.canosofthost.com","","","clientTransferProhibited","","",""
"8","janamukhikhabar.com","2020-05-06 19:40:03","2020-05-05","","2021-05-05","1068","NameCheap, Inc.","whois.namecheap.com","http://www.namecheap.com","Nepal Transformer","Nepal Transformer and Allied Engineering","Bhaktapur, Nepal","Bhaktapur","Bagmati","44600","Nepal","upasargatechnology@gmail.com","+977.9851131100","","Nepal Transformer","Nepal Transformer and Allied Engineering","Bhaktapur, Nepal","Bhaktapur","Bagmati","44600","Nepal","upasargatechnology@gmail.com","+977.9851131100","","Nepal Transformer","Nepal Transformer and Allied Engineering","Bhaktapur, Nepal","Bhaktapur","Bagmati","44600","Nepal","upasargatechnology@gmail.com","+977.9851131100","","","","","","","","","","","","ns1.gskhanal.com","ns2.gskhanal.com","","","clientTransferProhibited","","",""
"9","madanikhabar.com","2020-05-06 20:53:06","2020-05-04","2020-05-04","2021-05-04","303","PDR Ltd. d/b/a PublicDomainRegistry.com","whois.publicdomainregistry.com","http://www.publicdomainregistry.com","Vishow Khanal","Web Fusion Nepal Pvt. Ltd.","Jawalakhel","Lalitpur","Bagmati","44600","Nepal","info@webfusion.com.np","+977.15540786","","Vishow Khanal","Web Fusion Nepal Pvt. Ltd.","Jawalakhel","Lalitpur","Bagmati","44600","Nepal","info@webfusion.com.np","+977.15540786","","Vishow Khanal","Web Fusion Nepal Pvt. Ltd.","Jawalakhel","Lalitpur","Bagmati","44600","Nepal","info@webfusion.com.np","+977.15540786","","","","","","","","","","","","ns1.wfusion.us","ns2.wfusion.us","","","clientTransferProhibited","","",""
"10","mambabilling.com","2020-05-06 22:50:59","2020-05-05","2020-05-05","2021-05-05","303","PDR Ltd. d/b/a PublicDomainRegistry.com","whois.publicdomainregistry.com","http://www.publicdomainregistry.com","Vivek Chandra Ojha","","Bhatkeko pool Chowk, Chabhill","Kathmandu","State 3","44600","Nepal","vivek.chandra.ojha@gmail.com","+977.9849937889","","Vivek Chandra Ojha","","Bhatkeko pool Chowk, Chabhill","Kathmandu","State 3","44600","Nepal","vivek.chandra.ojha@gmail.com","+977.9849937889","","Vivek Chandra Ojha","","Bhatkeko pool Chowk, Chabhill","Kathmandu","State 3","44600","Nepal","vivek.chandra.ojha@gmail.com","+977.9849937889","","","","","","","","","","","","ns1.himalayanhosting.com","ns2.himalayanhosting.com","","","clientTransferProhibited","","",""
"11","nafanepal.com","2020-05-06 23:44:11","2020-05-05","2020-05-05","2021-05-05","146","GoDaddy.com, LLC","whois.godaddy.com","http://registrar.godaddy.com","Nepal Agro Farmers Alliance","Nepal Agro Farmers Alliance","","","Bagmati","","Nepal","","","","","","","","","","","","","","","","","","","","","","","","","","","","","","","","","","dns2003a.trouble-free.net","dns2003b.trouble-free.net","","","clientDeleteProhibited","clientRenewProhibited","clientTransferProhibited","clientUpdateProhibited"
"12","nepalpustak.com","2020-05-06 23:45:16","2020-05-05","2020-05-05","2021-05-05","1291","Crazy Domains FZ-LLC","whois.crazydomains.com","http://www.crazydomains.com","NISHAN SHRESTHA","","PASHUHAAT","DAMAK","MECHI","57217","Nepal","messagenishan@gmail.com","+977.9814949566","","NISHAN SHRESTHA","","PASHUHAAT","DAMAK","MECHI","57217","Nepal","messagenishan@gmail.com","+977.9814949566","","NISHAN SHRESTHA","","PASHUHAAT","DAMAK","MECHI","57217","Nepal","messagenishan@gmail.com","+977.9814949566","","","","","","","","","","","","ns5.agmwebhosting.com","ns6.agmwebhosting.com","","","OK","","",""
"13","newtrendnepal.com","2020-05-06 23:52:59","2020-05-05","2020-05-05","2021-05-05","1291","Crazy Domains FZ-LLC","whois.crazydomains.com","http://www.crazydomains.com","ABHISHEK BHANDARI","","TOKHA-11","KATHMANDU","PROVINCE3","44600","Nepal","a.bhandari075@gmail.com","+977.9866405968","","ABHISHEK BHANDARI","","TOKHA-11","KATHMANDU","PROVINCE3","44600","Nepal","a.bhandari075@gmail.com","+977.9866405968","","ABHISHEK BHANDARI","","TOKHA-11","KATHMANDU","PROVINCE3","44600","Nepal","a.bhandari075@gmail.com","+977.9866405968","","","","","","","","","","","","uk1.ehostingserver.com","uk2.ehostingserver.com","","","OK","","",""
"14","nooblinux.com","2020-05-06 19:28:49","2020-05-05","2020-05-05","2021-05-05","303","PDR Ltd. d/b/a PublicDomainRegistry.com","whois.publicdomainregistry.com","http://www.publicdomainregistry.com","Maheshwor Dhakal","","Srijananagar","Bhaktapur","Bagmati","44800","Nepal","maheshwor89@gmail.com","+977.9849732586","","Maheshwor Dhakal","","Srijananagar","Bhaktapur","Bagmati","44800","Nepal","maheshwor89@gmail.com","+977.9849732586","","Maheshwor Dhakal","","Srijananagar","Bhaktapur","Bagmati","44800","Nepal","maheshwor89@gmail.com","+977.9849732586","","","","","","","","","","","","ns1.thulo.com","ns2.thulo.com","ns3.thulo.com","ns4.thulo.com","clientTransferProhibited","","",""
"15","raeelamart.com","2020-05-06 22:29:38","2020-05-05","2020-05-05","2021-05-05","303","PDR Ltd. d/b/a PublicDomainRegistry.com","whois.publicdomainregistry.com","http://www.publicdomainregistry.com","Shikhar Man Bajracharya","","Shankhamul","Kathmandu","Bagmati","44600","Nepal","shikharmanbajracharya@gmail.com","+977.9840892575","","Shikhar Man Bajracharya","","Shankhamul","Kathmandu","Bagmati","44600","Nepal","shikharmanbajracharya@gmail.com","+977.9840892575","","Shikhar Man Bajracharya","","Shankhamul","Kathmandu","Bagmati","44600","Nepal","shikharmanbajracharya@gmail.com","+977.9840892575","","","","","","","","","","","","ns1.thulo.com","ns2.thulo.com","ns3.thulo.com","ns4.thulo.com","clientTransferProhibited","","",""
"16","reggisliquordfw.com","2020-05-06 23:54:48","2020-05-05","2020-05-05","2021-05-05","303","PDR Ltd. d/b/a PublicDomainRegistry.com","whois.publicdomainregistry.com","http://www.publicdomainregistry.com","Kishan Pandey","","Kathmandu, Nepal","Kathmandu","Bagmati","44600","Nepal","mailtoquicksilver@gmail.com","+977.9851171736","","Kishan Pandey","","Kathmandu, Nepal","Kathmandu","Bagmati","44600","Nepal","mailtoquicksilver@gmail.com","+977.9851171736","","Kishan Pandey","","Kathmandu, Nepal","Kathmandu","Bagmati","44600","Nepal","mailtoquicksilver@gmail.com","+977.9851171736","","","","","","","","","","","","ns1.md-38.webhostbox.net","ns2.md-38.webhostbox.net","","","clientTransferProhibited","","",""
"17","rockseanepal.com","2020-05-06 20:25:28","2020-05-05","2020-05-05","2021-05-05","303","PDR Ltd. d/b/a PublicDomainRegistry.com","whois.publicdomainregistry.com","http://www.publicdomainregistry.com","Sundar Neupane","RockSeaNepal","Sakhamula kathmandu kathmandu","Kathmandu","Bagmati","44600","Nepal","sundarneupane3@gmail.com","+977.9851188160","","Sundar Neupane","RockSeaNepal","Sakhamula kathmandu kathmandu","Kathmandu","Bagmati","44600","Nepal","sundarneupane3@gmail.com","+977.9851188160","","Sundar Neupane","RockSeaNepal","Sakhamula kathmandu kathmandu","Kathmandu","Bagmati","44600","Nepal","sundarneupane3@gmail.com","+977.9851188160","","","","","","","","","","","","ohodomain.earth.orderbox-dns.com","ohodomain.mars.orderbox-dns.com","ohodomain.mercury.orderbox-dns.com","ohodomain.venus.orderbox-dns.com","clientTransferProhibited","","",""
"18","sherebrum.com","2020-05-06 22:17:28","2020-05-05","2020-05-05","2021-05-05","146","GoDaddy.com, LLC","whois.godaddy.com","http://registrar.godaddy.com","Sherebrum Art studio","Sherebrum Art studio","","","Bagmati","","Nepal","","","","","","","","","","","","","","","","","","","","","","","","","","","","","","","","","","ns29.domaincontrol.com","ns30.domaincontrol.com","","","OK","","",""
"19","sulavbazaar.com","2020-05-06 23:39:16","2020-05-05","2020-05-05","2021-05-05","1250","Trunkoz Technologies Pvt Ltd. d/b/a OwnRegistrar.com","whois.ownregistrar.com","http://www.ownregistrar.com","Yunesh Shrestha","Sarobar Technology","Lalitpur-14, Nakkhipot, Lalitpur","Lalitpur","Other","44700","Nepal","sth.yunesh@gmail.com","+977.9860195137","","Yunesh Shrestha","Sarobar Technology","Lalitpur-14, Nakkhipot, Lalitpur","Lalitpur","Other","44700","Nepal","sth.yunesh@gmail.com","+977-9860195137","","Yunesh Shrestha","Sarobar Technology","Lalitpur-14, Nakkhipot, Lalitpur","Lalitpur","Other","44700","Nepal","sth.yunesh@gmail.com","+977-9860195137","","","","","","","","","","","","ns1.contabo.net","ns2.contabo.net","","","OK","","",""