"num","domain_name","query_time","create_date","update_date","expiry_date","domain_registrar_id","domain_registrar_name","domain_registrar_whois","domain_registrar_url","registrant_name","registrant_company","registrant_address","registrant_city","registrant_state","registrant_zip","registrant_country","registrant_email","registrant_phone","registrant_fax","administrative_name","administrative_company","administrative_address","administrative_city","administrative_state","administrative_zip","administrative_country","administrative_email","administrative_phone","administrative_fax","technical_name","technical_company","technical_address","technical_city","technical_state","technical_zip","technical_country","technical_email","technical_phone","technical_fax","billing_name","billing_company","billing_address","billing_city","billing_state","billing_zip","billing_country","billing_email","billing_phone","billing_fax","name_server_1","name_server_2","name_server_3","name_server_4","domain_status_1","domain_status_2","domain_status_3","domain_status_4"
"1","abeltraders.com","2020-05-06 20:45:54","2020-05-04","2020-05-04","2021-05-04","146","GoDaddy.com, LLC","whois.godaddy.com","http://registrar.godaddy.com","","","","","Tamilnadu","","Qatar","","","","","","","","","","","","","","","","","","","","","","","","","","","","","","","","","","ns63.domaincontrol.com","ns64.domaincontrol.com","","","clientDeleteProhibited","clientRenewProhibited","clientTransferProhibited","clientUpdateProhibited"
"2","alamanaconsultancy.com","2020-05-06 21:09:24","2020-05-04","2020-05-04","2021-05-04","146","GoDaddy.com, LLC","whois.godaddy.com","http://registrar.godaddy.com","","","","","Qatar","","Qatar","","","","","","","","","","","","","","","","","","","","","","","","","","","","","","","","","","ns29.domaincontrol.com","ns30.domaincontrol.com","","","clientDeleteProhibited","clientRenewProhibited","clientTransferProhibited","clientUpdateProhibited"
"3","alkowari.com","2020-05-06 19:26:13","2020-05-05","2020-05-05","2022-05-05","625","Name.com, Inc.","whois.name.com","http://www.name.com","Mohammed Al-kuwari","","Qatar","Doha","00000","00000","Qatar","alkuwari@outlook.com","+974.30306090","","Mohammed Al-kuwari","","Qatar","Doha","00000","00000","Qatar","alkuwari@outlook.com","+974.30306090","","Mohammed Al-kuwari","","Qatar","Doha","00000","00000","Qatar","alkuwari@outlook.com","+974.30306090","","","","","","","","","","","","ns1dns.name.com","ns2cvx.name.com","ns3ckl.name.com","ns4dfh.name.com","addPeriod","clientTransferProhibited","",""
"4","cosmeticsworx.com","2020-05-07 00:26:39","2020-05-05","2020-05-05","2022-05-05","146","GoDaddy.com, LLC","whois.godaddy.com","http://registrar.godaddy.com","NAQQAP Corp","NAQQAP Corp","","","Doha","","Qatar","","","","","","","","","","","","","","","","","","","","","","","","","","","","","","","","","","ns77.domaincontrol.com","ns78.domaincontrol.com","","","clientDeleteProhibited","clientRenewProhibited","clientTransferProhibited","clientUpdateProhibited"
"5","ebankhub.com","2020-05-06 21:14:17","2020-05-04","2020-05-04","2021-05-04","146","GoDaddy.com, LLC","whois.godaddy.com","http://registrar.godaddy.com","Q-Mobile Middle East Co.","Q-Mobile Middle East Co.","","","Qatar","","Qatar","","","","","","","","","","","","","","","","","","","","","","","","","","","","","","","","","","ns29.domaincontrol.com","ns30.domaincontrol.com","","","clientDeleteProhibited","clientRenewProhibited","clientTransferProhibited","clientUpdateProhibited"
"6","etopuphub.com","2020-05-06 20:38:32","2020-05-04","2020-05-04","2021-05-04","146","GoDaddy.com, LLC","whois.godaddy.com","http://registrar.godaddy.com","Q-Mobile Middle East Co.","Q-Mobile Middle East Co.","","","Qatar","","Qatar","","","","","","","","","","","","","","","","","","","","","","","","","","","","","","","","","","ns41.domaincontrol.com","ns42.domaincontrol.com","","","clientDeleteProhibited","clientRenewProhibited","clientTransferProhibited","clientUpdateProhibited"
"7","etopupstore.com","2020-05-06 21:11:06","2020-05-04","2020-05-04","2021-05-04","146","GoDaddy.com, LLC","whois.godaddy.com","http://registrar.godaddy.com","Q-Mobile Middle East Co.","Q-Mobile Middle East Co.","","","Qatar","","Qatar","","","","","","","","","","","","","","","","","","","","","","","","","","","","","","","","","","ns49.domaincontrol.com","ns50.domaincontrol.com","","","clientDeleteProhibited","clientRenewProhibited","clientTransferProhibited","clientUpdateProhibited"
"8","fortecybernetics.com","2020-05-07 00:35:06","2020-05-05","2020-05-05","2021-05-05","303","PDR Ltd. d/b/a PublicDomainRegistry.com","whois.publicdomainregistry.com","http://www.publicdomainregistry.com","Imran Hamayun","CoralRyf","doha","doha","doha","0000","Qatar","inhamayun@gmail.com","+974.77744905","","Imran Hamayun","CoralRyf","doha","doha","doha","0000","Qatar","inhamayun@gmail.com","+974.77744905","","Imran Hamayun","CoralRyf","doha","doha","doha","0000","Qatar","inhamayun@gmail.com","+974.77744905","","","","","","","","","","","","ns401.hostbudget.net","ns402.hostbudget.net","","","clientTransferProhibited","","",""
"9","interactive-shops.com","2020-05-06 20:26:34","2020-05-05","2020-05-05","2021-05-05","146","GoDaddy.com, LLC","whois.godaddy.com","http://registrar.godaddy.com","","","","","Doha","","Qatar","","","","","","","","","","","","","","","","","","","","","","","","","","","","","","","","","","ns49.domaincontrol.com","ns50.domaincontrol.com","","","clientDeleteProhibited","clientRenewProhibited","clientTransferProhibited","clientUpdateProhibited"
"10","kiraayape.com","2020-05-06 22:07:58","2020-05-04","2020-05-04","2022-05-04","146","GoDaddy.com, LLC","whois.godaddy.com","http://registrar.godaddy.com","","","","","MH","","Qatar","","","","","","","","","","","","","","","","","","","","","","","","","","","","","","","","","","ns41.domaincontrol.com","ns42.domaincontrol.com","","","clientDeleteProhibited","clientRenewProhibited","clientTransferProhibited","clientUpdateProhibited"
"11","librtha.com","2020-05-06 23:26:39","2020-05-05","2020-05-05","2021-05-05","146","GoDaddy.com, LLC","whois.godaddy.com","http://registrar.godaddy.com","Parmajiat Foundation","Parmajiat Foundation","","","Doha","","Qatar","","","","","","","","","","","","","","","","","","","","","","","","","","","","","","","","","","ns63.domaincontrol.com","ns64.domaincontrol.com","","","clientDeleteProhibited","clientRenewProhibited","clientTransferProhibited","clientUpdateProhibited"
"12","links2pay.com","2020-05-06 23:02:42","2020-05-05","2020-05-05","2021-05-05","146","GoDaddy.com, LLC","whois.godaddy.com","http://registrar.godaddy.com","","","","","dawha","","Qatar","","","","","","","","","","","","","","","","","","","","","","","","","","","","","","","","","","ns77.domaincontrol.com","ns78.domaincontrol.com","","","clientDeleteProhibited","clientRenewProhibited","clientTransferProhibited","clientUpdateProhibited"
"13","notthestoreyoudeserveindia.com","2020-05-06 19:29:18","2020-05-05","2020-05-05","2021-05-05","146","GoDaddy.com, LLC","whois.godaddy.com","http://registrar.godaddy.com","","","","","MH","","Qatar","","","","","","","","","","","","","","","","","","","","","","","","","","","","","","","","","","ns29.domaincontrol.com","ns30.domaincontrol.com","","","clientDeleteProhibited","clientRenewProhibited","clientTransferProhibited","clientUpdateProhibited"
"14","nq6r.com","2020-05-06 20:20:29","2020-05-05","2020-05-05","2021-05-05","320","TLDs LLC dba SRSplus","whois.srsplus.com","http://www.srsplus.com","Nasser Alenazi","","Doha Qatar","Doha","","60005","Qatar","service@dynu.com","+974.55925520","","Nasser Alenazi","","Doha Qatar","Doha","","60005","Qatar","service@dynu.com","+974.55925520","","Nasser Alenazi","","Doha Qatar","Doha","","60005","Qatar","service@dynu.com","+974.55925520","","","","","","","","","","","","ns1.dynu.com","ns2.dynu.com","ns3.dynu.com","ns4.dynu.com","clientTransferProhibited","","",""
"15","primedoha.com","2020-05-06 21:19:26","2020-05-04","2020-05-04","2021-05-04","146","GoDaddy.com, LLC","whois.godaddy.com","http://registrar.godaddy.com","Al Nabiha","Al Nabiha","","","Doha","","Qatar","","","","","","","","","","","","","","","","","","","","","","","","","","","","","","","","","","ns63.domaincontrol.com","ns64.domaincontrol.com","","","clientDeleteProhibited","clientRenewProhibited","clientTransferProhibited","clientUpdateProhibited"
"16","theislandpassport.com","2020-05-06 19:18:29","2020-05-05","2020-05-05","2021-05-05","146","GoDaddy.com, LLC","whois.godaddy.com","http://registrar.godaddy.com","QA","QA","","","doha","","Qatar","","","","","","","","","","","","","","","","","","","","","","","","","","","","","","","","","","ns77.domaincontrol.com","ns78.domaincontrol.com","","","clientDeleteProhibited","clientRenewProhibited","clientTransferProhibited","clientUpdateProhibited"
"17","tq-ecgc.com","2020-05-06 23:43:37","2020-05-05","","2021-05-05","1068","NameCheap, Inc.","whois.namecheap.com","http://www.namecheap.com","Hasan Dilmac","TiME","PO Box 24360","Doha","Doha","0024360","Qatar","tq-ecgc@yandex.com","+974.55412306","+1.5555555555","Hasan Dilmac","TiME","PO Box 24360","Doha","Doha","0024360","Qatar","tq-ecgc@yandex.com","+974.55412306","+1.5555555555","Hasan Dilmac","TiME","PO Box 24360","Doha","Doha","0024360","Qatar","tq-ecgc@yandex.com","+974.55412306","+1.5555555555","","","","","","","","","","","dns1.registrar-servers.com","dns2.registrar-servers.com","","","clientTransferProhibited","","",""
"18","wbcti.com","2020-05-06 20:25:29","2020-05-05","2020-05-05","2021-05-05","146","GoDaddy.com, LLC","whois.godaddy.com","http://registrar.godaddy.com","","","","","Doha","","Qatar","","","","","","","","","","","","","","","","","","","","","","","","","","","","","","","","","","ns29.domaincontrol.com","ns30.domaincontrol.com","","","clientDeleteProhibited","clientRenewProhibited","clientTransferProhibited","clientUpdateProhibited"
"19","webandhome.com","2020-05-06 20:55:06","2020-05-04","2020-05-04","2021-05-04","3523","DropCatch.com 1314 LLC","","","Mohammed Azheruddin","","West bay","Doha","Ad Dawhah","00974","Qatar","sameer.11222@gmail.com","+974.50457318","","Mohammed Azheruddin","","West bay","Doha","Ad Dawhah","00974","Qatar","sameer.11222@gmail.com","+974.50457318","","Mohammed Azheruddin","","West bay","Doha","Ad Dawhah","00974","Qatar","sameer.11222@gmail.com","+974.50457318","","","","","","","","","","","","ns1.undeveloped.com","ns2.undeveloped.com","","","clientTransferProhibited","","",""