"num","domain_name","query_time","create_date","update_date","expiry_date","domain_registrar_id","domain_registrar_name","domain_registrar_whois","domain_registrar_url","registrant_name","registrant_company","registrant_address","registrant_city","registrant_state","registrant_zip","registrant_country","registrant_email","registrant_phone","registrant_fax","administrative_name","administrative_company","administrative_address","administrative_city","administrative_state","administrative_zip","administrative_country","administrative_email","administrative_phone","administrative_fax","technical_name","technical_company","technical_address","technical_city","technical_state","technical_zip","technical_country","technical_email","technical_phone","technical_fax","billing_name","billing_company","billing_address","billing_city","billing_state","billing_zip","billing_country","billing_email","billing_phone","billing_fax","name_server_1","name_server_2","name_server_3","name_server_4","domain_status_1","domain_status_2","domain_status_3","domain_status_4"
"1","251marsbahis.com","2020-05-06 21:24:47","2020-05-04","2020-05-04","2021-05-04","69","Tucows Domains Inc.","whois.tucows.com","http://domainhelp.opensrs.net","REDACTED FOR PRIVACY","REDACTED FOR PRIVACY","REDACTED FOR PRIVACY","REDACTED FOR PRIVACY","Charlestown","REDACTED FOR PRIVACY","Saint Kitts and Nevis","","REDACTED FOR PRIVACY","REDACTED FOR PRIVACY","REDACTED FOR PRIVACY","REDACTED FOR PRIVACY","REDACTED FOR PRIVACY","REDACTED FOR PRIVACY","REDACTED FOR PRIVACY","REDACTED FOR PRIVACY","REDACTED FOR PRIVACY","","REDACTED FOR PRIVACY","REDACTED FOR PRIVACY","REDACTED FOR PRIVACY","REDACTED FOR PRIVACY","REDACTED FOR PRIVACY","REDACTED FOR PRIVACY","REDACTED FOR PRIVACY","REDACTED FOR PRIVACY","REDACTED FOR PRIVACY","","REDACTED FOR PRIVACY","REDACTED FOR PRIVACY","","","","","","","","","","","ay.dnsc.in","yildiz.dnsc.in","","","clientTransferProhibited","clientUpdateProhibited","",""
"2","5240348.com","2020-05-07 01:07:26","2020-05-04","2020-05-04","2021-05-04","69","Tucows Domains Inc.","whois.tucows.com","http://domainhelp.opensrs.net","REDACTED FOR PRIVACY","REDACTED FOR PRIVACY","REDACTED FOR PRIVACY","REDACTED FOR PRIVACY","Charlestown","REDACTED FOR PRIVACY","Saint Kitts and Nevis","","REDACTED FOR PRIVACY","REDACTED FOR PRIVACY","REDACTED FOR PRIVACY","REDACTED FOR PRIVACY","REDACTED FOR PRIVACY","REDACTED FOR PRIVACY","REDACTED FOR PRIVACY","REDACTED FOR PRIVACY","REDACTED FOR PRIVACY","","REDACTED FOR PRIVACY","REDACTED FOR PRIVACY","REDACTED FOR PRIVACY","REDACTED FOR PRIVACY","REDACTED FOR PRIVACY","REDACTED FOR PRIVACY","REDACTED FOR PRIVACY","REDACTED FOR PRIVACY","REDACTED FOR PRIVACY","","REDACTED FOR PRIVACY","REDACTED FOR PRIVACY","","","","","","","","","","","cruz.ns.cloudflare.com","major.ns.cloudflare.com","","","clientTransferProhibited","clientUpdateProhibited","",""
"3","agriask.com","2020-05-06 23:44:14","2020-05-05","2020-05-06","2021-05-05","472","Dynadot, LLC","whois.dynadot.com","http://www.dynadot.com","Buy Corporate Companies Online","Selling Ready Made Corporate Companies with a website","St Kitts , Naile 32, silk road 32k","St.Kitts","St Kitts and Nevis","00000","Saint Kitts and Nevis","brandsellerbiz@gmail.com","+239.5342236297","","Buy Corporate Companies Online","Selling Ready Made Corporate Companies with a website","St Kitts , Naile 32, silk road 32k","St.Kitts","St Kitts and Nevis","00000","Saint Kitts and Nevis","brandsellerbiz@gmail.com","+239.5342236297","","Buy Corporate Companies Online","Selling Ready Made Corporate Companies with a website","St Kitts , Naile 32, silk road 32k","St.Kitts","St Kitts and Nevis","00000","Saint Kitts and Nevis","brandsellerbiz@gmail.com","+239.5342236297","","","","","","","","","","","","ns1.dan.com","ns2.dan.com","","","clientTransferProhibited","","",""
"4","agrimovers.com","2020-05-06 23:43:36","2020-05-05","2020-05-06","2021-05-05","472","Dynadot, LLC","whois.dynadot.com","http://www.dynadot.com","Buy Corporate Companies Online","Selling Ready Made Corporate Companies with a website","St Kitts , Naile 32, silk road 32k","St.Kitts","St Kitts and Nevis","00000","Saint Kitts and Nevis","brandsellerbiz@gmail.com","+239.5342236297","","Buy Corporate Companies Online","Selling Ready Made Corporate Companies with a website","St Kitts , Naile 32, silk road 32k","St.Kitts","St Kitts and Nevis","00000","Saint Kitts and Nevis","brandsellerbiz@gmail.com","+239.5342236297","","Buy Corporate Companies Online","Selling Ready Made Corporate Companies with a website","St Kitts , Naile 32, silk road 32k","St.Kitts","St Kitts and Nevis","00000","Saint Kitts and Nevis","brandsellerbiz@gmail.com","+239.5342236297","","","","","","","","","","","","ns1.dan.com","ns2.dan.com","","","clientTransferProhibited","","",""
"5","agrirepair.com","2020-05-06 23:48:23","2020-05-05","2020-05-06","2021-05-05","472","Dynadot, LLC","whois.dynadot.com","http://www.dynadot.com","Buy Corporate Companies Online","Selling Ready Made Corporate Companies with a website","St Kitts , Naile 32, silk road 32k","St.Kitts","St Kitts and Nevis","00000","Saint Kitts and Nevis","brandsellerbiz@gmail.com","+239.5342236297","","Buy Corporate Companies Online","Selling Ready Made Corporate Companies with a website","St Kitts , Naile 32, silk road 32k","St.Kitts","St Kitts and Nevis","00000","Saint Kitts and Nevis","brandsellerbiz@gmail.com","+239.5342236297","","Buy Corporate Companies Online","Selling Ready Made Corporate Companies with a website","St Kitts , Naile 32, silk road 32k","St.Kitts","St Kitts and Nevis","00000","Saint Kitts and Nevis","brandsellerbiz@gmail.com","+239.5342236297","","","","","","","","","","","","ns1.dan.com","ns2.dan.com","","","clientTransferProhibited","","",""
"6","americanpatrioticgoods.com","2020-05-07 00:00:05","2020-05-05","2020-05-05","2021-05-05","69","Tucows Domains Inc.","whois.tucows.com","http://domainhelp.opensrs.net","REDACTED FOR PRIVACY","REDACTED FOR PRIVACY","REDACTED FOR PRIVACY","REDACTED FOR PRIVACY","Charlestown","REDACTED FOR PRIVACY","Saint Kitts and Nevis","","REDACTED FOR PRIVACY","REDACTED FOR PRIVACY","REDACTED FOR PRIVACY","REDACTED FOR PRIVACY","REDACTED FOR PRIVACY","REDACTED FOR PRIVACY","REDACTED FOR PRIVACY","REDACTED FOR PRIVACY","REDACTED FOR PRIVACY","","REDACTED FOR PRIVACY","REDACTED FOR PRIVACY","REDACTED FOR PRIVACY","REDACTED FOR PRIVACY","REDACTED FOR PRIVACY","REDACTED FOR PRIVACY","REDACTED FOR PRIVACY","REDACTED FOR PRIVACY","REDACTED FOR PRIVACY","","REDACTED FOR PRIVACY","REDACTED FOR PRIVACY","","","","","","","","","","","john.ns.cloudflare.com","maxine.ns.cloudflare.com","","","clientTransferProhibited","clientUpdateProhibited","",""
"7","animaldevice.com","2020-05-06 23:43:35","2020-05-05","2020-05-06","2021-05-05","472","Dynadot, LLC","whois.dynadot.com","http://www.dynadot.com","Buy Corporate Companies Online","Selling Ready Made Corporate Companies with a website","St Kitts , Naile 32, silk road 32k","St.Kitts","St Kitts and Nevis","00000","Saint Kitts and Nevis","brandsellerbiz@gmail.com","+239.5342236297","","Buy Corporate Companies Online","Selling Ready Made Corporate Companies with a website","St Kitts , Naile 32, silk road 32k","St.Kitts","St Kitts and Nevis","00000","Saint Kitts and Nevis","brandsellerbiz@gmail.com","+239.5342236297","","Buy Corporate Companies Online","Selling Ready Made Corporate Companies with a website","St Kitts , Naile 32, silk road 32k","St.Kitts","St Kitts and Nevis","00000","Saint Kitts and Nevis","brandsellerbiz@gmail.com","+239.5342236297","","","","","","","","","","","","ns1.dan.com","ns2.dan.com","","","clientTransferProhibited","","",""
"8","animalrack.com","2020-05-06 23:44:16","2020-05-05","2020-05-06","2021-05-05","472","Dynadot, LLC","whois.dynadot.com","http://www.dynadot.com","Buy Corporate Companies Online","Selling Ready Made Corporate Companies with a website","St Kitts , Naile 32, silk road 32k","St.Kitts","St Kitts and Nevis","00000","Saint Kitts and Nevis","brandsellerbiz@gmail.com","+239.5342236297","","Buy Corporate Companies Online","Selling Ready Made Corporate Companies with a website","St Kitts , Naile 32, silk road 32k","St.Kitts","St Kitts and Nevis","00000","Saint Kitts and Nevis","brandsellerbiz@gmail.com","+239.5342236297","","Buy Corporate Companies Online","Selling Ready Made Corporate Companies with a website","St Kitts , Naile 32, silk road 32k","St.Kitts","St Kitts and Nevis","00000","Saint Kitts and Nevis","brandsellerbiz@gmail.com","+239.5342236297","","","","","","","","","","","","ns1.dan.com","ns2.dan.com","","","clientTransferProhibited","","",""
"9","anonwebz.com","2020-05-06 22:23:30","2020-05-05","2020-05-05","2021-05-05","69","Tucows Domains Inc.","whois.tucows.com","http://domainhelp.opensrs.net","REDACTED FOR PRIVACY","REDACTED FOR PRIVACY","REDACTED FOR PRIVACY","REDACTED FOR PRIVACY","Charlestown","REDACTED FOR PRIVACY","Saint Kitts and Nevis","","REDACTED FOR PRIVACY","REDACTED FOR PRIVACY","REDACTED FOR PRIVACY","REDACTED FOR PRIVACY","REDACTED FOR PRIVACY","REDACTED FOR PRIVACY","REDACTED FOR PRIVACY","REDACTED FOR PRIVACY","REDACTED FOR PRIVACY","","REDACTED FOR PRIVACY","REDACTED FOR PRIVACY","REDACTED FOR PRIVACY","REDACTED FOR PRIVACY","REDACTED FOR PRIVACY","REDACTED FOR PRIVACY","REDACTED FOR PRIVACY","REDACTED FOR PRIVACY","REDACTED FOR PRIVACY","","REDACTED FOR PRIVACY","REDACTED FOR PRIVACY","","","","","","","","","","","jeff.ns.cloudflare.com","raina.ns.cloudflare.com","","","clientTransferProhibited","clientUpdateProhibited","",""
"10","asianpinay.com","2020-05-06 20:59:15","2020-05-04","2020-05-05","2021-05-04","69","Tucows Domains Inc.","whois.tucows.com","http://domainhelp.opensrs.net","REDACTED FOR PRIVACY","REDACTED FOR PRIVACY","REDACTED FOR PRIVACY","REDACTED FOR PRIVACY","Charlestown","REDACTED FOR PRIVACY","Saint Kitts and Nevis","","REDACTED FOR PRIVACY","REDACTED FOR PRIVACY","REDACTED FOR PRIVACY","REDACTED FOR PRIVACY","REDACTED FOR PRIVACY","REDACTED FOR PRIVACY","REDACTED FOR PRIVACY","REDACTED FOR PRIVACY","REDACTED FOR PRIVACY","","REDACTED FOR PRIVACY","REDACTED FOR PRIVACY","REDACTED FOR PRIVACY","REDACTED FOR PRIVACY","REDACTED FOR PRIVACY","REDACTED FOR PRIVACY","REDACTED FOR PRIVACY","REDACTED FOR PRIVACY","REDACTED FOR PRIVACY","","REDACTED FOR PRIVACY","REDACTED FOR PRIVACY","","","","","","","","","","","anirban.ns.cloudflare.com","nucum.ns.cloudflare.com","","","clientTransferProhibited","clientUpdateProhibited","",""
"11","audiobooksbs.com","2020-05-06 23:52:37","2020-05-05","2020-05-05","2021-05-05","69","Tucows Domains Inc.","whois.tucows.com","http://domainhelp.opensrs.net","REDACTED FOR PRIVACY","REDACTED FOR PRIVACY","REDACTED FOR PRIVACY","REDACTED FOR PRIVACY","Charlestown","REDACTED FOR PRIVACY","Saint Kitts and Nevis","","REDACTED FOR PRIVACY","REDACTED FOR PRIVACY","REDACTED FOR PRIVACY","REDACTED FOR PRIVACY","REDACTED FOR PRIVACY","REDACTED FOR PRIVACY","REDACTED FOR PRIVACY","REDACTED FOR PRIVACY","REDACTED FOR PRIVACY","","REDACTED FOR PRIVACY","REDACTED FOR PRIVACY","REDACTED FOR PRIVACY","REDACTED FOR PRIVACY","REDACTED FOR PRIVACY","REDACTED FOR PRIVACY","REDACTED FOR PRIVACY","REDACTED FOR PRIVACY","REDACTED FOR PRIVACY","","REDACTED FOR PRIVACY","REDACTED FOR PRIVACY","","","","","","","","","","","1-you.njalla.no","2-can.njalla.in","3-get.njalla.fo","","clientTransferProhibited","clientUpdateProhibited","",""
"12","crazyunit.com","2020-05-06 23:43:37","2020-05-05","2020-05-06","2021-05-05","472","Dynadot, LLC","whois.dynadot.com","http://www.dynadot.com","Buy Corporate Companies Online","Selling Ready Made Corporate Companies with a website","St Kitts , Naile 32, silk road 32k","St.Kitts","St Kitts and Nevis","00000","Saint Kitts and Nevis","brandsellerbiz@gmail.com","+239.5342236297","","Buy Corporate Companies Online","Selling Ready Made Corporate Companies with a website","St Kitts , Naile 32, silk road 32k","St.Kitts","St Kitts and Nevis","00000","Saint Kitts and Nevis","brandsellerbiz@gmail.com","+239.5342236297","","Buy Corporate Companies Online","Selling Ready Made Corporate Companies with a website","St Kitts , Naile 32, silk road 32k","St.Kitts","St Kitts and Nevis","00000","Saint Kitts and Nevis","brandsellerbiz@gmail.com","+239.5342236297","","","","","","","","","","","","ns1.dan.com","ns2.dan.com","","","clientTransferProhibited","","",""
"13","dateiz.com","2020-05-07 00:43:42","2020-05-04","2020-05-06","2021-05-04","472","Dynadot, LLC","whois.dynadot.com","http://www.dynadot.com","Buy Corporate Companies Online","Selling Ready Made Corporate Companies with a website","St Kitts , Naile 32, silk road 32k","St.Kitts","St Kitts and Nevis","00000","Saint Kitts and Nevis","brandsellerbiz@gmail.com","+239.5342236297","","Buy Corporate Companies Online","Selling Ready Made Corporate Companies with a website","St Kitts , Naile 32, silk road 32k","St.Kitts","St Kitts and Nevis","00000","Saint Kitts and Nevis","brandsellerbiz@gmail.com","+239.5342236297","","Buy Corporate Companies Online","Selling Ready Made Corporate Companies with a website","St Kitts , Naile 32, silk road 32k","St.Kitts","St Kitts and Nevis","00000","Saint Kitts and Nevis","brandsellerbiz@gmail.com","+239.5342236297","","","","","","","","","","","","ns1.dan.com","ns2.dan.com","","","clientTransferProhibited","","",""
"14","elitemediahosting.com","2020-05-07 01:11:58","2020-05-04","2020-05-04","2021-05-04","69","Tucows Domains Inc.","whois.tucows.com","http://domainhelp.opensrs.net","REDACTED FOR PRIVACY","REDACTED FOR PRIVACY","REDACTED FOR PRIVACY","REDACTED FOR PRIVACY","Charlestown","REDACTED FOR PRIVACY","Saint Kitts and Nevis","","REDACTED FOR PRIVACY","REDACTED FOR PRIVACY","REDACTED FOR PRIVACY","REDACTED FOR PRIVACY","REDACTED FOR PRIVACY","REDACTED FOR PRIVACY","REDACTED FOR PRIVACY","REDACTED FOR PRIVACY","REDACTED FOR PRIVACY","","REDACTED FOR PRIVACY","REDACTED FOR PRIVACY","REDACTED FOR PRIVACY","REDACTED FOR PRIVACY","REDACTED FOR PRIVACY","REDACTED FOR PRIVACY","REDACTED FOR PRIVACY","REDACTED FOR PRIVACY","REDACTED FOR PRIVACY","","REDACTED FOR PRIVACY","REDACTED FOR PRIVACY","","","","","","","","","","","aaden.ns.cloudflare.com","aitana.ns.cloudflare.com","","","clientTransferProhibited","clientUpdateProhibited","",""
"15","elon-space.com","2020-05-06 20:51:51","2020-05-04","2020-05-04","2021-05-04","69","Tucows Domains Inc.","whois.tucows.com","http://domainhelp.opensrs.net","REDACTED FOR PRIVACY","REDACTED FOR PRIVACY","REDACTED FOR PRIVACY","REDACTED FOR PRIVACY","Charlestown","REDACTED FOR PRIVACY","Saint Kitts and Nevis","","REDACTED FOR PRIVACY","REDACTED FOR PRIVACY","REDACTED FOR PRIVACY","REDACTED FOR PRIVACY","REDACTED FOR PRIVACY","REDACTED FOR PRIVACY","REDACTED FOR PRIVACY","REDACTED FOR PRIVACY","REDACTED FOR PRIVACY","","REDACTED FOR PRIVACY","REDACTED FOR PRIVACY","REDACTED FOR PRIVACY","REDACTED FOR PRIVACY","REDACTED FOR PRIVACY","REDACTED FOR PRIVACY","REDACTED FOR PRIVACY","REDACTED FOR PRIVACY","REDACTED FOR PRIVACY","","REDACTED FOR PRIVACY","REDACTED FOR PRIVACY","","","","","","","","","","","harvey.ns.cloudflare.com","magali.ns.cloudflare.com","","","clientTransferProhibited","clientUpdateProhibited","",""
"16","fr-assistance.com","2020-05-07 00:56:20","2020-05-04","2020-05-04","2021-05-04","69","Tucows Domains Inc.","whois.tucows.com","http://domainhelp.opensrs.net","REDACTED FOR PRIVACY","REDACTED FOR PRIVACY","REDACTED FOR PRIVACY","REDACTED FOR PRIVACY","Charlestown","REDACTED FOR PRIVACY","Saint Kitts and Nevis","","REDACTED FOR PRIVACY","REDACTED FOR PRIVACY","REDACTED FOR PRIVACY","REDACTED FOR PRIVACY","REDACTED FOR PRIVACY","REDACTED FOR PRIVACY","REDACTED FOR PRIVACY","REDACTED FOR PRIVACY","REDACTED FOR PRIVACY","","REDACTED FOR PRIVACY","REDACTED FOR PRIVACY","REDACTED FOR PRIVACY","REDACTED FOR PRIVACY","REDACTED FOR PRIVACY","REDACTED FOR PRIVACY","REDACTED FOR PRIVACY","REDACTED FOR PRIVACY","REDACTED FOR PRIVACY","","REDACTED FOR PRIVACY","REDACTED FOR PRIVACY","","","","","","","","","","","1-you.njalla.no","2-can.njalla.in","3-get.njalla.fo","","clientTransferProhibited","clientUpdateProhibited","",""
"17","freshota.com","2020-05-06 23:44:17","2020-05-05","2020-05-06","2021-05-05","472","Dynadot, LLC","whois.dynadot.com","http://www.dynadot.com","Buy Corporate Companies Online","Selling Ready Made Corporate Companies with a website","St Kitts , Naile 32, silk road 32k","St.Kitts","St Kitts and Nevis","00000","Saint Kitts and Nevis","brandsellerbiz@gmail.com","+239.5342236297","","Buy Corporate Companies Online","Selling Ready Made Corporate Companies with a website","St Kitts , Naile 32, silk road 32k","St.Kitts","St Kitts and Nevis","00000","Saint Kitts and Nevis","brandsellerbiz@gmail.com","+239.5342236297","","Buy Corporate Companies Online","Selling Ready Made Corporate Companies with a website","St Kitts , Naile 32, silk road 32k","St.Kitts","St Kitts and Nevis","00000","Saint Kitts and Nevis","brandsellerbiz@gmail.com","+239.5342236297","","","","","","","","","","","","ns1.dan.com","ns2.dan.com","","","clientTransferProhibited","","",""
"18","friendax.com","2020-05-06 23:53:42","2020-05-05","2020-05-06","2021-05-05","472","Dynadot, LLC","whois.dynadot.com","http://www.dynadot.com","Buy Corporate Companies Online","Selling Ready Made Corporate Companies with a website","St Kitts , Naile 32, silk road 32k","St.Kitts","St Kitts and Nevis","00000","Saint Kitts and Nevis","brandsellerbiz@gmail.com","+239.5342236297","","Buy Corporate Companies Online","Selling Ready Made Corporate Companies with a website","St Kitts , Naile 32, silk road 32k","St.Kitts","St Kitts and Nevis","00000","Saint Kitts and Nevis","brandsellerbiz@gmail.com","+239.5342236297","","Buy Corporate Companies Online","Selling Ready Made Corporate Companies with a website","St Kitts , Naile 32, silk road 32k","St.Kitts","St Kitts and Nevis","00000","Saint Kitts and Nevis","brandsellerbiz@gmail.com","+239.5342236297","","","","","","","","","","","","ns1.dan.com","ns2.dan.com","","","clientTransferProhibited","","",""
"19","goldkammer24.com","2020-05-06 23:17:49","2020-05-05","2020-05-05","2021-05-05","69","Tucows Domains Inc.","whois.tucows.com","http://domainhelp.opensrs.net","REDACTED FOR PRIVACY","REDACTED FOR PRIVACY","REDACTED FOR PRIVACY","REDACTED FOR PRIVACY","Charlestown","REDACTED FOR PRIVACY","Saint Kitts and Nevis","","REDACTED FOR PRIVACY","REDACTED FOR PRIVACY","REDACTED FOR PRIVACY","REDACTED FOR PRIVACY","REDACTED FOR PRIVACY","REDACTED FOR PRIVACY","REDACTED FOR PRIVACY","REDACTED FOR PRIVACY","REDACTED FOR PRIVACY","","REDACTED FOR PRIVACY","REDACTED FOR PRIVACY","REDACTED FOR PRIVACY","REDACTED FOR PRIVACY","REDACTED FOR PRIVACY","REDACTED FOR PRIVACY","REDACTED FOR PRIVACY","REDACTED FOR PRIVACY","REDACTED FOR PRIVACY","","REDACTED FOR PRIVACY","REDACTED FOR PRIVACY","","","","","","","","","","","1-you.njalla.no","2-can.njalla.in","3-get.njalla.fo","","clientTransferProhibited","clientUpdateProhibited","",""
"20","grabnice.com","2020-05-06 23:44:14","2020-05-05","2020-05-06","2021-05-05","472","Dynadot, LLC","whois.dynadot.com","http://www.dynadot.com","Buy Corporate Companies Online","Selling Ready Made Corporate Companies with a website","St Kitts , Naile 32, silk road 32k","St.Kitts","St Kitts and Nevis","00000","Saint Kitts and Nevis","brandsellerbiz@gmail.com","+239.5342236297","","Buy Corporate Companies Online","Selling Ready Made Corporate Companies with a website","St Kitts , Naile 32, silk road 32k","St.Kitts","St Kitts and Nevis","00000","Saint Kitts and Nevis","brandsellerbiz@gmail.com","+239.5342236297","","Buy Corporate Companies Online","Selling Ready Made Corporate Companies with a website","St Kitts , Naile 32, silk road 32k","St.Kitts","St Kitts and Nevis","00000","Saint Kitts and Nevis","brandsellerbiz@gmail.com","+239.5342236297","","","","","","","","","","","","ns1.dan.com","ns2.dan.com","","","clientTransferProhibited","","",""
"21","hypodomus.com","2020-05-06 20:59:32","2020-05-04","2020-05-05","2021-05-04","2347","House of Domains, LLC","whois.housofdomains.com","http://www.housofdomains.com","DOMAIN ADMIN","Global IP Holdings Inc.","P.O. Box 355 Hunkins Plaza Main Street","Charlestown","NEVIS","SKN-PCS","Saint Kitts and Nevis","globalip@mailfence.com","+1.8694697292","","DOMAIN ADMIN","Global IP Holdings Inc.","P.O. Box 355 Hunkins Plaza Main Street","Charlestown","NEVIS","SKN-PCS","Saint Kitts and Nevis","globalip@mailfence.com","+1.8694697292","","DOMAIN ADMIN","Global IP Holdings Inc.","P.O. Box 355 Hunkins Plaza Main Street","Charlestown","NEVIS","SKN-PCS","Saint Kitts and Nevis","globalip@mailfence.com","+1.8694697292","","","","","","","","","","","","buy.internettraffic.com","sell.internettraffic.com","","","OK","","",""
"22","immer-besser.com","2020-05-06 20:50:58","2020-05-04","2020-05-04","2021-05-04","1769","DropCatch.com 358 LLC","whois.namebright.com","http://www.dropcatch358.com","Domain Admin","","P.O. Box 355, Hunkins Plaza Main Street","Charlestown","Charlestown","00000","Saint Kitts and Nevis","globalip@mailfence.com","+1.7027516695","","Domain Admin","","P.O. Box 355, Hunkins Plaza Main Street","Charlestown","Charlestown","00000","Saint Kitts and Nevis","globalip@mailfence.com","+1.7027516695","","Domain Admin","","P.O. Box 355, Hunkins Plaza Main Street","Charlestown","Charlestown","00000","Saint Kitts and Nevis","globalip@mailfence.com","+1.7027516695","","","","","","","","","","","","buy.internettraffic.com","sell.internettraffic.com","","","clientTransferProhibited","","",""
"23","investmentmigrationcouncil.com","2020-05-07 00:34:32","2020-05-05","2020-05-05","2021-05-05","69","Tucows Domains Inc.","whois.tucows.com","http://domainhelp.opensrs.net","REDACTED FOR PRIVACY","REDACTED FOR PRIVACY","REDACTED FOR PRIVACY","REDACTED FOR PRIVACY","Charlestown","REDACTED FOR PRIVACY","Saint Kitts and Nevis","","REDACTED FOR PRIVACY","REDACTED FOR PRIVACY","REDACTED FOR PRIVACY","REDACTED FOR PRIVACY","REDACTED FOR PRIVACY","REDACTED FOR PRIVACY","REDACTED FOR PRIVACY","REDACTED FOR PRIVACY","REDACTED FOR PRIVACY","","REDACTED FOR PRIVACY","REDACTED FOR PRIVACY","REDACTED FOR PRIVACY","REDACTED FOR PRIVACY","REDACTED FOR PRIVACY","REDACTED FOR PRIVACY","REDACTED FOR PRIVACY","REDACTED FOR PRIVACY","REDACTED FOR PRIVACY","","REDACTED FOR PRIVACY","REDACTED FOR PRIVACY","","","","","","","","","","","1-you.njalla.no","2-can.njalla.in","3-get.njalla.fo","","clientTransferProhibited","clientUpdateProhibited","",""
"24","invisalign-professional.com","2020-05-06 21:03:32","2020-05-04","2020-05-04","2021-05-04","3697","DropCatch.com 1488 LLC","","","Domain Admin","","P.O. Box 355, Hunkins Plaza Main Street","Charlestown","Charlestown","00000","Saint Kitts and Nevis","globalip@mailfence.com","+1.7027516695","","Domain Admin","","P.O. Box 355, Hunkins Plaza Main Street","Charlestown","Charlestown","00000","Saint Kitts and Nevis","globalip@mailfence.com","+1.7027516695","","Domain Admin","","P.O. Box 355, Hunkins Plaza Main Street","Charlestown","Charlestown","00000","Saint Kitts and Nevis","globalip@mailfence.com","+1.7027516695","","","","","","","","","","","","buy.internettraffic.com","sell.internettraffic.com","","","clientTransferProhibited","","",""
"25","jeremydossantos.com","2020-05-06 21:45:22","2020-05-05","2020-05-05","2021-05-05","69","Tucows Domains Inc.","whois.tucows.com","http://domainhelp.opensrs.net","REDACTED FOR PRIVACY","REDACTED FOR PRIVACY","REDACTED FOR PRIVACY","REDACTED FOR PRIVACY","Charlestown","REDACTED FOR PRIVACY","Saint Kitts and Nevis","","REDACTED FOR PRIVACY","REDACTED FOR PRIVACY","REDACTED FOR PRIVACY","REDACTED FOR PRIVACY","REDACTED FOR PRIVACY","REDACTED FOR PRIVACY","REDACTED FOR PRIVACY","REDACTED FOR PRIVACY","REDACTED FOR PRIVACY","","REDACTED FOR PRIVACY","REDACTED FOR PRIVACY","REDACTED FOR PRIVACY","REDACTED FOR PRIVACY","REDACTED FOR PRIVACY","REDACTED FOR PRIVACY","REDACTED FOR PRIVACY","REDACTED FOR PRIVACY","REDACTED FOR PRIVACY","","REDACTED FOR PRIVACY","REDACTED FOR PRIVACY","","","","","","","","","","","1-you.njalla.no","2-can.njalla.in","3-get.njalla.fo","","clientTransferProhibited","clientUpdateProhibited","",""
"26","juicyexploits.com","2020-05-07 00:53:40","2020-05-04","2020-05-05","2021-05-04","69","Tucows Domains Inc.","whois.tucows.com","http://domainhelp.opensrs.net","REDACTED FOR PRIVACY","REDACTED FOR PRIVACY","REDACTED FOR PRIVACY","REDACTED FOR PRIVACY","Charlestown","REDACTED FOR PRIVACY","Saint Kitts and Nevis","","REDACTED FOR PRIVACY","REDACTED FOR PRIVACY","REDACTED FOR PRIVACY","REDACTED FOR PRIVACY","REDACTED FOR PRIVACY","REDACTED FOR PRIVACY","REDACTED FOR PRIVACY","REDACTED FOR PRIVACY","REDACTED FOR PRIVACY","","REDACTED FOR PRIVACY","REDACTED FOR PRIVACY","REDACTED FOR PRIVACY","REDACTED FOR PRIVACY","REDACTED FOR PRIVACY","REDACTED FOR PRIVACY","REDACTED FOR PRIVACY","REDACTED FOR PRIVACY","REDACTED FOR PRIVACY","","REDACTED FOR PRIVACY","REDACTED FOR PRIVACY","","","","","","","","","","","1-you.njalla.no","2-can.njalla.in","3-get.njalla.fo","","clientTransferProhibited","clientUpdateProhibited","",""
"27","klugboard.com","2020-05-06 20:59:35","2020-05-04","2020-05-04","2021-05-04","69","Tucows Domains Inc.","whois.tucows.com","http://domainhelp.opensrs.net","REDACTED FOR PRIVACY","REDACTED FOR PRIVACY","REDACTED FOR PRIVACY","REDACTED FOR PRIVACY","Charlestown","REDACTED FOR PRIVACY","Saint Kitts and Nevis","","REDACTED FOR PRIVACY","REDACTED FOR PRIVACY","REDACTED FOR PRIVACY","REDACTED FOR PRIVACY","REDACTED FOR PRIVACY","REDACTED FOR PRIVACY","REDACTED FOR PRIVACY","REDACTED FOR PRIVACY","REDACTED FOR PRIVACY","","REDACTED FOR PRIVACY","REDACTED FOR PRIVACY","REDACTED FOR PRIVACY","REDACTED FOR PRIVACY","REDACTED FOR PRIVACY","REDACTED FOR PRIVACY","REDACTED FOR PRIVACY","REDACTED FOR PRIVACY","REDACTED FOR PRIVACY","","REDACTED FOR PRIVACY","REDACTED FOR PRIVACY","","","","","","","","","","","1-you.njalla.no","2-can.njalla.in","3-get.njalla.fo","","clientTransferProhibited","clientUpdateProhibited","",""
"28","labdemon.com","2020-05-07 01:11:57","2020-05-04","2020-05-04","2021-05-04","69","Tucows Domains Inc.","whois.tucows.com","http://domainhelp.opensrs.net","REDACTED FOR PRIVACY","REDACTED FOR PRIVACY","REDACTED FOR PRIVACY","REDACTED FOR PRIVACY","Charlestown","REDACTED FOR PRIVACY","Saint Kitts and Nevis","","REDACTED FOR PRIVACY","REDACTED FOR PRIVACY","REDACTED FOR PRIVACY","REDACTED FOR PRIVACY","REDACTED FOR PRIVACY","REDACTED FOR PRIVACY","REDACTED FOR PRIVACY","REDACTED FOR PRIVACY","REDACTED FOR PRIVACY","","REDACTED FOR PRIVACY","REDACTED FOR PRIVACY","REDACTED FOR PRIVACY","REDACTED FOR PRIVACY","REDACTED FOR PRIVACY","REDACTED FOR PRIVACY","REDACTED FOR PRIVACY","REDACTED FOR PRIVACY","REDACTED FOR PRIVACY","","REDACTED FOR PRIVACY","REDACTED FOR PRIVACY","","","","","","","","","","","harleigh.ns.cloudflare.com","nolan.ns.cloudflare.com","","","clientTransferProhibited","clientUpdateProhibited","",""
"29","movies123free.net","2020-05-06 19:01:55","2020-05-05","2020-05-05","2021-05-05","69","Tucows Domains Inc.","whois.tucows.com","http://domainhelp.opensrs.net","REDACTED FOR PRIVACY","REDACTED FOR PRIVACY","REDACTED FOR PRIVACY","REDACTED FOR PRIVACY","Charlestown","REDACTED FOR PRIVACY","Saint Kitts and Nevis","","REDACTED FOR PRIVACY","REDACTED FOR PRIVACY","REDACTED FOR PRIVACY","REDACTED FOR PRIVACY","REDACTED FOR PRIVACY","REDACTED FOR PRIVACY","REDACTED FOR PRIVACY","REDACTED FOR PRIVACY","REDACTED FOR PRIVACY","","REDACTED FOR PRIVACY","REDACTED FOR PRIVACY","REDACTED FOR PRIVACY","REDACTED FOR PRIVACY","REDACTED FOR PRIVACY","REDACTED FOR PRIVACY","REDACTED FOR PRIVACY","REDACTED FOR PRIVACY","REDACTED FOR PRIVACY","","REDACTED FOR PRIVACY","REDACTED FOR PRIVACY","","","","","","","","","","","bristol.ns.cloudflare.com","dion.ns.cloudflare.com","","","clientTransferProhibited","clientUpdateProhibited","",""
"30","okreviews.net","2020-05-06 19:01:48","2020-05-04","2020-05-04","2021-05-04","69","Tucows Domains Inc.","whois.tucows.com","http://domainhelp.opensrs.net","REDACTED FOR PRIVACY","REDACTED FOR PRIVACY","REDACTED FOR PRIVACY","REDACTED FOR PRIVACY","Charlestown","REDACTED FOR PRIVACY","Saint Kitts and Nevis","","REDACTED FOR PRIVACY","REDACTED FOR PRIVACY","REDACTED FOR PRIVACY","REDACTED FOR PRIVACY","REDACTED FOR PRIVACY","REDACTED FOR PRIVACY","REDACTED FOR PRIVACY","REDACTED FOR PRIVACY","REDACTED FOR PRIVACY","","REDACTED FOR PRIVACY","REDACTED FOR PRIVACY","REDACTED FOR PRIVACY","REDACTED FOR PRIVACY","REDACTED FOR PRIVACY","REDACTED FOR PRIVACY","REDACTED FOR PRIVACY","REDACTED FOR PRIVACY","REDACTED FOR PRIVACY","","REDACTED FOR PRIVACY","REDACTED FOR PRIVACY","","","","","","","","","","","dns13448.phdns18.es","ns13448.phdns18.es","","","clientTransferProhibited","clientUpdateProhibited","",""
"31","patriotoffersonline.com","2020-05-06 23:53:12","2020-05-05","2020-05-05","2021-05-05","69","Tucows Domains Inc.","whois.tucows.com","http://domainhelp.opensrs.net","REDACTED FOR PRIVACY","REDACTED FOR PRIVACY","REDACTED FOR PRIVACY","REDACTED FOR PRIVACY","Charlestown","REDACTED FOR PRIVACY","Saint Kitts and Nevis","","REDACTED FOR PRIVACY","REDACTED FOR PRIVACY","REDACTED FOR PRIVACY","REDACTED FOR PRIVACY","REDACTED FOR PRIVACY","REDACTED FOR PRIVACY","REDACTED FOR PRIVACY","REDACTED FOR PRIVACY","REDACTED FOR PRIVACY","","REDACTED FOR PRIVACY","REDACTED FOR PRIVACY","REDACTED FOR PRIVACY","REDACTED FOR PRIVACY","REDACTED FOR PRIVACY","REDACTED FOR PRIVACY","REDACTED FOR PRIVACY","REDACTED FOR PRIVACY","REDACTED FOR PRIVACY","","REDACTED FOR PRIVACY","REDACTED FOR PRIVACY","","","","","","","","","","","john.ns.cloudflare.com","maxine.ns.cloudflare.com","","","clientTransferProhibited","clientUpdateProhibited","",""
"32","pdfroom.com","2020-05-06 23:12:01","2020-05-05","2020-05-05","2021-05-05","69","Tucows Domains Inc.","whois.tucows.com","http://domainhelp.opensrs.net","REDACTED FOR PRIVACY","REDACTED FOR PRIVACY","REDACTED FOR PRIVACY","REDACTED FOR PRIVACY","Charlestown","REDACTED FOR PRIVACY","Saint Kitts and Nevis","","REDACTED FOR PRIVACY","REDACTED FOR PRIVACY","REDACTED FOR PRIVACY","REDACTED FOR PRIVACY","REDACTED FOR PRIVACY","REDACTED FOR PRIVACY","REDACTED FOR PRIVACY","REDACTED FOR PRIVACY","REDACTED FOR PRIVACY","","REDACTED FOR PRIVACY","REDACTED FOR PRIVACY","REDACTED FOR PRIVACY","REDACTED FOR PRIVACY","REDACTED FOR PRIVACY","REDACTED FOR PRIVACY","REDACTED FOR PRIVACY","REDACTED FOR PRIVACY","REDACTED FOR PRIVACY","","REDACTED FOR PRIVACY","REDACTED FOR PRIVACY","","","","","","","","","","","ollie.ns.cloudflare.com","rodney.ns.cloudflare.com","","","clientTransferProhibited","clientUpdateProhibited","",""
"33","proxxl-original.com","2020-05-07 01:02:13","2020-05-04","2020-05-04","2021-05-04","69","Tucows Domains Inc.","whois.tucows.com","http://domainhelp.opensrs.net","REDACTED FOR PRIVACY","REDACTED FOR PRIVACY","REDACTED FOR PRIVACY","REDACTED FOR PRIVACY","Charlestown","REDACTED FOR PRIVACY","Saint Kitts and Nevis","","REDACTED FOR PRIVACY","REDACTED FOR PRIVACY","REDACTED FOR PRIVACY","REDACTED FOR PRIVACY","REDACTED FOR PRIVACY","REDACTED FOR PRIVACY","REDACTED FOR PRIVACY","REDACTED FOR PRIVACY","REDACTED FOR PRIVACY","","REDACTED FOR PRIVACY","REDACTED FOR PRIVACY","REDACTED FOR PRIVACY","REDACTED FOR PRIVACY","REDACTED FOR PRIVACY","REDACTED FOR PRIVACY","REDACTED FOR PRIVACY","REDACTED FOR PRIVACY","REDACTED FOR PRIVACY","","REDACTED FOR PRIVACY","REDACTED FOR PRIVACY","","","","","","","","","","","dns13448.phdns18.es","ns13448.phdns18.es","","","clientTransferProhibited","clientUpdateProhibited","",""
"34","rateyourlandlordcardiff.com","2020-05-06 20:36:12","2020-05-05","2020-05-05","2021-05-05","69","Tucows Domains Inc.","whois.tucows.com","http://domainhelp.opensrs.net","REDACTED FOR PRIVACY","REDACTED FOR PRIVACY","REDACTED FOR PRIVACY","REDACTED FOR PRIVACY","Charlestown","REDACTED FOR PRIVACY","Saint Kitts and Nevis","","REDACTED FOR PRIVACY","REDACTED FOR PRIVACY","REDACTED FOR PRIVACY","REDACTED FOR PRIVACY","REDACTED FOR PRIVACY","REDACTED FOR PRIVACY","REDACTED FOR PRIVACY","REDACTED FOR PRIVACY","REDACTED FOR PRIVACY","","REDACTED FOR PRIVACY","REDACTED FOR PRIVACY","REDACTED FOR PRIVACY","REDACTED FOR PRIVACY","REDACTED FOR PRIVACY","REDACTED FOR PRIVACY","REDACTED FOR PRIVACY","REDACTED FOR PRIVACY","REDACTED FOR PRIVACY","","REDACTED FOR PRIVACY","REDACTED FOR PRIVACY","","","","","","","","","","","1-you.njalla.no","2-can.njalla.in","3-get.njalla.fo","","clientTransferProhibited","clientUpdateProhibited","",""
"35","sneakers-yezzy.com","2020-05-06 23:38:13","2020-05-05","2020-05-05","2021-05-05","69","Tucows Domains Inc.","whois.tucows.com","http://domainhelp.opensrs.net","REDACTED FOR PRIVACY","REDACTED FOR PRIVACY","REDACTED FOR PRIVACY","REDACTED FOR PRIVACY","Charlestown","REDACTED FOR PRIVACY","Saint Kitts and Nevis","","REDACTED FOR PRIVACY","REDACTED FOR PRIVACY","REDACTED FOR PRIVACY","REDACTED FOR PRIVACY","REDACTED FOR PRIVACY","REDACTED FOR PRIVACY","REDACTED FOR PRIVACY","REDACTED FOR PRIVACY","REDACTED FOR PRIVACY","","REDACTED FOR PRIVACY","REDACTED FOR PRIVACY","REDACTED FOR PRIVACY","REDACTED FOR PRIVACY","REDACTED FOR PRIVACY","REDACTED FOR PRIVACY","REDACTED FOR PRIVACY","REDACTED FOR PRIVACY","REDACTED FOR PRIVACY","","REDACTED FOR PRIVACY","REDACTED FOR PRIVACY","","","","","","","","","","","1-you.njalla.no","2-can.njalla.in","3-get.njalla.fo","","clientTransferProhibited","clientUpdateProhibited","",""
"36","southdakotaprobate.com","2020-05-06 21:26:50","2020-05-04","2020-05-06","2021-05-04","2817","Curveball Domains LLC","whois.curveballdomainsllc.com","http://www.curveballdomainsllc.com","Domain Administrator","","Hunkins Waterfront Plaza Main P.O. Box 556","Charlestown","NONE","00000","Saint Kitts and Nevis","synergy@synergytech.com","+1.8697654496","+1.5707088780","Domain Administrator","","Hunkins Waterfront Plaza Main P.O. Box 556","Charlestown","NONE","00000","Saint Kitts and Nevis","synergy@synergytech.com","+1.8697654496","+1.5707088780","Domain Administrator","","Hunkins Waterfront Plaza Main P.O. Box 556","Charlestown","NONE","00000","Saint Kitts and Nevis","synergy@synergytech.com","+1.8697654496","+1.5707088780","","","","","","","","","","","ns1.bodis.com","ns2.bodis.com","","","OK","","",""
"37","speedynext.com","2020-05-06 23:43:31","2020-05-05","2020-05-06","2021-05-05","472","Dynadot, LLC","whois.dynadot.com","http://www.dynadot.com","Buy Corporate Companies Online","Selling Ready Made Corporate Companies with a website","St Kitts , Naile 32, silk road 32k","St.Kitts","St Kitts and Nevis","00000","Saint Kitts and Nevis","brandsellerbiz@gmail.com","+239.5342236297","","Buy Corporate Companies Online","Selling Ready Made Corporate Companies with a website","St Kitts , Naile 32, silk road 32k","St.Kitts","St Kitts and Nevis","00000","Saint Kitts and Nevis","brandsellerbiz@gmail.com","+239.5342236297","","Buy Corporate Companies Online","Selling Ready Made Corporate Companies with a website","St Kitts , Naile 32, silk road 32k","St.Kitts","St Kitts and Nevis","00000","Saint Kitts and Nevis","brandsellerbiz@gmail.com","+239.5342236297","","","","","","","","","","","","ns1.dan.com","ns2.dan.com","","","clientTransferProhibited","","",""
"38","steuer-strafrecht.com","2020-05-06 20:57:51","2020-05-04","2020-05-04","2021-05-04","1852","DropCatch.com 441 LLC","whois.namebright.com","http://www.dropcatch441.com","Domain Admin","","P.O. Box 355, Hunkins Plaza Main Street","Charlestown","Charlestown","00000","Saint Kitts and Nevis","globalip@mailfence.com","+1.7027516695","","Domain Admin","","P.O. Box 355, Hunkins Plaza Main Street","Charlestown","Charlestown","00000","Saint Kitts and Nevis","globalip@mailfence.com","+1.7027516695","","Domain Admin","","P.O. Box 355, Hunkins Plaza Main Street","Charlestown","Charlestown","00000","Saint Kitts and Nevis","globalip@mailfence.com","+1.7027516695","","","","","","","","","","","","buy.internettraffic.com","sell.internettraffic.com","","","clientTransferProhibited","","",""
"39","storage2020-centr.com","2020-05-07 00:38:52","2020-05-04","2020-05-05","2021-05-04","69","Tucows Domains Inc.","whois.tucows.com","http://domainhelp.opensrs.net","REDACTED FOR PRIVACY","REDACTED FOR PRIVACY","REDACTED FOR PRIVACY","REDACTED FOR PRIVACY","Charlestown","REDACTED FOR PRIVACY","Saint Kitts and Nevis","","REDACTED FOR PRIVACY","REDACTED FOR PRIVACY","REDACTED FOR PRIVACY","REDACTED FOR PRIVACY","REDACTED FOR PRIVACY","REDACTED FOR PRIVACY","REDACTED FOR PRIVACY","REDACTED FOR PRIVACY","REDACTED FOR PRIVACY","","REDACTED FOR PRIVACY","REDACTED FOR PRIVACY","REDACTED FOR PRIVACY","REDACTED FOR PRIVACY","REDACTED FOR PRIVACY","REDACTED FOR PRIVACY","REDACTED FOR PRIVACY","REDACTED FOR PRIVACY","REDACTED FOR PRIVACY","","REDACTED FOR PRIVACY","REDACTED FOR PRIVACY","","","","","","","","","","","1-you.njalla.no","2-can.njalla.in","3-get.njalla.fo","","clientTransferProhibited","clientUpdateProhibited","",""
"40","storagecenter2020.com","2020-05-07 00:36:04","2020-05-04","2020-05-05","2021-05-04","69","Tucows Domains Inc.","whois.tucows.com","http://domainhelp.opensrs.net","REDACTED FOR PRIVACY","REDACTED FOR PRIVACY","REDACTED FOR PRIVACY","REDACTED FOR PRIVACY","Charlestown","REDACTED FOR PRIVACY","Saint Kitts and Nevis","","REDACTED FOR PRIVACY","REDACTED FOR PRIVACY","REDACTED FOR PRIVACY","REDACTED FOR PRIVACY","REDACTED FOR PRIVACY","REDACTED FOR PRIVACY","REDACTED FOR PRIVACY","REDACTED FOR PRIVACY","REDACTED FOR PRIVACY","","REDACTED FOR PRIVACY","REDACTED FOR PRIVACY","REDACTED FOR PRIVACY","REDACTED FOR PRIVACY","REDACTED FOR PRIVACY","REDACTED FOR PRIVACY","REDACTED FOR PRIVACY","REDACTED FOR PRIVACY","REDACTED FOR PRIVACY","","REDACTED FOR PRIVACY","REDACTED FOR PRIVACY","","","","","","","","","","","1-you.njalla.no","2-can.njalla.in","3-get.njalla.fo","","clientTransferProhibited","clientUpdateProhibited","",""
"41","storagecentre20.com","2020-05-07 00:38:51","2020-05-04","2020-05-05","2021-05-04","69","Tucows Domains Inc.","whois.tucows.com","http://domainhelp.opensrs.net","REDACTED FOR PRIVACY","REDACTED FOR PRIVACY","REDACTED FOR PRIVACY","REDACTED FOR PRIVACY","Charlestown","REDACTED FOR PRIVACY","Saint Kitts and Nevis","","REDACTED FOR PRIVACY","REDACTED FOR PRIVACY","REDACTED FOR PRIVACY","REDACTED FOR PRIVACY","REDACTED FOR PRIVACY","REDACTED FOR PRIVACY","REDACTED FOR PRIVACY","REDACTED FOR PRIVACY","REDACTED FOR PRIVACY","","REDACTED FOR PRIVACY","REDACTED FOR PRIVACY","REDACTED FOR PRIVACY","REDACTED FOR PRIVACY","REDACTED FOR PRIVACY","REDACTED FOR PRIVACY","REDACTED FOR PRIVACY","REDACTED FOR PRIVACY","REDACTED FOR PRIVACY","","REDACTED FOR PRIVACY","REDACTED FOR PRIVACY","","","","","","","","","","","1-you.njalla.no","2-can.njalla.in","3-get.njalla.fo","","clientTransferProhibited","clientUpdateProhibited","",""
"42","talentplushr.com","2020-05-06 19:17:26","2020-05-05","2020-05-05","2021-05-05","146","GoDaddy.com, LLC","whois.godaddy.com","http://registrar.godaddy.com","","","","","Gingerland","","Saint Kitts and Nevis","","","","","","","","","","","","","","","","","","","","","","","","","","","","","","","","","","ns29.domaincontrol.com","ns30.domaincontrol.com","","","clientDeleteProhibited","clientRenewProhibited","clientTransferProhibited","clientUpdateProhibited"
"43","thotvids.com","2020-05-06 21:23:27","2020-05-04","2020-05-04","2021-05-04","69","Tucows Domains Inc.","whois.tucows.com","http://domainhelp.opensrs.net","REDACTED FOR PRIVACY","REDACTED FOR PRIVACY","REDACTED FOR PRIVACY","REDACTED FOR PRIVACY","Charlestown","REDACTED FOR PRIVACY","Saint Kitts and Nevis","","REDACTED FOR PRIVACY","REDACTED FOR PRIVACY","REDACTED FOR PRIVACY","REDACTED FOR PRIVACY","REDACTED FOR PRIVACY","REDACTED FOR PRIVACY","REDACTED FOR PRIVACY","REDACTED FOR PRIVACY","REDACTED FOR PRIVACY","","REDACTED FOR PRIVACY","REDACTED FOR PRIVACY","REDACTED FOR PRIVACY","REDACTED FOR PRIVACY","REDACTED FOR PRIVACY","REDACTED FOR PRIVACY","REDACTED FOR PRIVACY","REDACTED FOR PRIVACY","REDACTED FOR PRIVACY","","REDACTED FOR PRIVACY","REDACTED FOR PRIVACY","","","","","","","","","","","aria.ns.cloudflare.com","yahir.ns.cloudflare.com","","","clientTransferProhibited","clientUpdateProhibited","",""
"44","toursdate.com","2020-05-06 23:44:14","2020-05-05","2020-05-06","2021-05-05","472","Dynadot, LLC","whois.dynadot.com","http://www.dynadot.com","Buy Corporate Companies Online","Selling Ready Made Corporate Companies with a website","St Kitts , Naile 32, silk road 32k","St.Kitts","St Kitts and Nevis","00000","Saint Kitts and Nevis","brandsellerbiz@gmail.com","+239.5342236297","","Buy Corporate Companies Online","Selling Ready Made Corporate Companies with a website","St Kitts , Naile 32, silk road 32k","St.Kitts","St Kitts and Nevis","00000","Saint Kitts and Nevis","brandsellerbiz@gmail.com","+239.5342236297","","Buy Corporate Companies Online","Selling Ready Made Corporate Companies with a website","St Kitts , Naile 32, silk road 32k","St.Kitts","St Kitts and Nevis","00000","Saint Kitts and Nevis","brandsellerbiz@gmail.com","+239.5342236297","","","","","","","","","","","","ns1.dan.com","ns2.dan.com","","","clientTransferProhibited","","",""
"45","universalsnab.com","2020-05-06 22:21:44","2020-05-05","2020-05-05","2021-05-05","69","Tucows Domains Inc.","whois.tucows.com","http://domainhelp.opensrs.net","REDACTED FOR PRIVACY","REDACTED FOR PRIVACY","REDACTED FOR PRIVACY","REDACTED FOR PRIVACY","Charlestown","REDACTED FOR PRIVACY","Saint Kitts and Nevis","","REDACTED FOR PRIVACY","REDACTED FOR PRIVACY","REDACTED FOR PRIVACY","REDACTED FOR PRIVACY","REDACTED FOR PRIVACY","REDACTED FOR PRIVACY","REDACTED FOR PRIVACY","REDACTED FOR PRIVACY","REDACTED FOR PRIVACY","","REDACTED FOR PRIVACY","REDACTED FOR PRIVACY","REDACTED FOR PRIVACY","REDACTED FOR PRIVACY","REDACTED FOR PRIVACY","REDACTED FOR PRIVACY","REDACTED FOR PRIVACY","REDACTED FOR PRIVACY","REDACTED FOR PRIVACY","","REDACTED FOR PRIVACY","REDACTED FOR PRIVACY","","","","","","","","","","","ns5.nl.hostsailor.com","ns6.nl.hostsailor.com","","","clientTransferProhibited","clientUpdateProhibited","",""
"46","usanationalstore.com","2020-05-06 23:54:27","2020-05-05","2020-05-05","2021-05-05","69","Tucows Domains Inc.","whois.tucows.com","http://domainhelp.opensrs.net","REDACTED FOR PRIVACY","REDACTED FOR PRIVACY","REDACTED FOR PRIVACY","REDACTED FOR PRIVACY","Charlestown","REDACTED FOR PRIVACY","Saint Kitts and Nevis","","REDACTED FOR PRIVACY","REDACTED FOR PRIVACY","REDACTED FOR PRIVACY","REDACTED FOR PRIVACY","REDACTED FOR PRIVACY","REDACTED FOR PRIVACY","REDACTED FOR PRIVACY","REDACTED FOR PRIVACY","REDACTED FOR PRIVACY","","REDACTED FOR PRIVACY","REDACTED FOR PRIVACY","REDACTED FOR PRIVACY","REDACTED FOR PRIVACY","REDACTED FOR PRIVACY","REDACTED FOR PRIVACY","REDACTED FOR PRIVACY","REDACTED FOR PRIVACY","REDACTED FOR PRIVACY","","REDACTED FOR PRIVACY","REDACTED FOR PRIVACY","","","","","","","","","","","john.ns.cloudflare.com","maxine.ns.cloudflare.com","","","clientTransferProhibited","clientUpdateProhibited","",""
"47","vumoofree.com","2020-05-06 23:49:42","2020-05-05","2020-05-06","2021-05-05","69","Tucows Domains Inc.","whois.tucows.com","http://domainhelp.opensrs.net","REDACTED FOR PRIVACY","REDACTED FOR PRIVACY","REDACTED FOR PRIVACY","REDACTED FOR PRIVACY","Charlestown","REDACTED FOR PRIVACY","Saint Kitts and Nevis","","REDACTED FOR PRIVACY","REDACTED FOR PRIVACY","REDACTED FOR PRIVACY","REDACTED FOR PRIVACY","REDACTED FOR PRIVACY","REDACTED FOR PRIVACY","REDACTED FOR PRIVACY","REDACTED FOR PRIVACY","REDACTED FOR PRIVACY","","REDACTED FOR PRIVACY","REDACTED FOR PRIVACY","REDACTED FOR PRIVACY","REDACTED FOR PRIVACY","REDACTED FOR PRIVACY","REDACTED FOR PRIVACY","REDACTED FOR PRIVACY","REDACTED FOR PRIVACY","REDACTED FOR PRIVACY","","REDACTED FOR PRIVACY","REDACTED FOR PRIVACY","","","","","","","","","","","elisabeth.ns.cloudflare.com","nile.ns.cloudflare.com","","","clientTransferProhibited","clientUpdateProhibited","",""
"48","walnutarchive.com","2020-05-06 23:18:25","2020-05-05","2020-05-05","2021-05-05","69","Tucows Domains Inc.","whois.tucows.com","http://domainhelp.opensrs.net","REDACTED FOR PRIVACY","REDACTED FOR PRIVACY","REDACTED FOR PRIVACY","REDACTED FOR PRIVACY","Charlestown","REDACTED FOR PRIVACY","Saint Kitts and Nevis","","REDACTED FOR PRIVACY","REDACTED FOR PRIVACY","REDACTED FOR PRIVACY","REDACTED FOR PRIVACY","REDACTED FOR PRIVACY","REDACTED FOR PRIVACY","REDACTED FOR PRIVACY","REDACTED FOR PRIVACY","REDACTED FOR PRIVACY","","REDACTED FOR PRIVACY","REDACTED FOR PRIVACY","REDACTED FOR PRIVACY","REDACTED FOR PRIVACY","REDACTED FOR PRIVACY","REDACTED FOR PRIVACY","REDACTED FOR PRIVACY","REDACTED FOR PRIVACY","REDACTED FOR PRIVACY","","REDACTED FOR PRIVACY","REDACTED FOR PRIVACY","","","","","","","","","","","1-you.njalla.no","2-can.njalla.in","3-get.njalla.fo","","clientTransferProhibited","clientUpdateProhibited","",""
"49","westerberg-law.com","2020-05-07 01:14:15","2020-05-04","2020-05-04","2021-05-04","69","Tucows Domains Inc.","whois.tucows.com","http://domainhelp.opensrs.net","REDACTED FOR PRIVACY","REDACTED FOR PRIVACY","REDACTED FOR PRIVACY","REDACTED FOR PRIVACY","Charlestown","REDACTED FOR PRIVACY","Saint Kitts and Nevis","","REDACTED FOR PRIVACY","REDACTED FOR PRIVACY","REDACTED FOR PRIVACY","REDACTED FOR PRIVACY","REDACTED FOR PRIVACY","REDACTED FOR PRIVACY","REDACTED FOR PRIVACY","REDACTED FOR PRIVACY","REDACTED FOR PRIVACY","","REDACTED FOR PRIVACY","REDACTED FOR PRIVACY","REDACTED FOR PRIVACY","REDACTED FOR PRIVACY","REDACTED FOR PRIVACY","REDACTED FOR PRIVACY","REDACTED FOR PRIVACY","REDACTED FOR PRIVACY","REDACTED FOR PRIVACY","","REDACTED FOR PRIVACY","REDACTED FOR PRIVACY","","","","","","","","","","","dns1.namecheaphosting.com","dns2.namecheaphosting.com","","","clientTransferProhibited","clientUpdateProhibited","",""