"num","domain_name","query_time","create_date","update_date","expiry_date","domain_registrar_id","domain_registrar_name","domain_registrar_whois","domain_registrar_url","registrant_name","registrant_company","registrant_address","registrant_city","registrant_state","registrant_zip","registrant_country","registrant_email","registrant_phone","registrant_fax","administrative_name","administrative_company","administrative_address","administrative_city","administrative_state","administrative_zip","administrative_country","administrative_email","administrative_phone","administrative_fax","technical_name","technical_company","technical_address","technical_city","technical_state","technical_zip","technical_country","technical_email","technical_phone","technical_fax","billing_name","billing_company","billing_address","billing_city","billing_state","billing_zip","billing_country","billing_email","billing_phone","billing_fax","name_server_1","name_server_2","name_server_3","name_server_4","domain_status_1","domain_status_2","domain_status_3","domain_status_4"
"1","abaq1.com","2020-05-06 23:04:59","2020-05-05","2020-05-05","2021-05-05","625","Name.com, Inc.","whois.name.com","http://www.name.com","Nawaf Hariri","Salla","P.O.Box13867","Makkah","Makkah","21955","Saudi Arabia","domains@salla.sa","+966.544444444","","Nawaf Hariri","Salla","P.O.Box13867","Makkah","Makkah","21955","Saudi Arabia","domains@salla.sa","+966.544444444","","Nawaf Hariri","Salla","P.O.Box13867","Makkah","Makkah","21955","Saudi Arabia","domains@salla.sa","+966.544444444","","","","","","","","","","","","donald.ns.cloudflare.com","leia.ns.cloudflare.com","","","addPeriod","clientTransferProhibited","",""
"2","abdallah-bl.com","2020-05-06 19:28:57","2020-05-05","2020-05-05","2021-05-05","625","Name.com, Inc.","whois.name.com","http://www.name.com","Nawaf Hariri","Salla","P.O.Box13867","Makkah","Makkah","21955","Saudi Arabia","domains@salla.sa","+966.544444444","","Nawaf Hariri","Salla","P.O.Box13867","Makkah","Makkah","21955","Saudi Arabia","domains@salla.sa","+966.544444444","","Nawaf Hariri","Salla","P.O.Box13867","Makkah","Makkah","21955","Saudi Arabia","domains@salla.sa","+966.544444444","","","","","","","","","","","","donald.ns.cloudflare.com","leia.ns.cloudflare.com","","","addPeriod","clientTransferProhibited","",""
"3","abdullahservices.com","2020-05-06 22:50:18","2020-05-05","2020-05-05","2021-05-05","625","Name.com, Inc.","whois.name.com","http://www.name.com","Nawaf Hariri","Salla","P.O.Box13867","Makkah","Makkah","21955","Saudi Arabia","domains@salla.sa","+966.544444444","","Nawaf Hariri","Salla","P.O.Box13867","Makkah","Makkah","21955","Saudi Arabia","domains@salla.sa","+966.544444444","","Nawaf Hariri","Salla","P.O.Box13867","Makkah","Makkah","21955","Saudi Arabia","domains@salla.sa","+966.544444444","","","","","","","","","","","","donald.ns.cloudflare.com","leia.ns.cloudflare.com","","","addPeriod","clientTransferProhibited","",""
"4","abshrbi.com","2020-05-06 23:17:44","2020-05-05","2020-05-05","2021-05-05","146","GoDaddy.com, LLC","whois.godaddy.com","http://registrar.godaddy.com","","","","","ryiadh","","Saudi Arabia","","","","","","","","","","","","","","","","","","","","","","","","","","","","","","","","","","ns29.domaincontrol.com","ns30.domaincontrol.com","","","clientDeleteProhibited","clientRenewProhibited","clientTransferProhibited","clientUpdateProhibited"
"5","afdalist.com","2020-05-07 01:14:11","2020-05-04","2020-05-04","2022-05-04","146","GoDaddy.com, LLC","whois.godaddy.com","http://registrar.godaddy.com","","","","","Riyadh","","Saudi Arabia","","","","","","","","","","","","","","","","","","","","","","","","","","","","","","","","","","ns63.domaincontrol.com","ns64.domaincontrol.com","","","clientDeleteProhibited","clientRenewProhibited","clientTransferProhibited","clientUpdateProhibited"
"6","ahmadnaji.com","2020-05-06 21:29:54","2020-05-04","2020-05-04","2021-05-04","48","eNom, Inc.","whois.enom.com","http://www.enom.com","REDACTED FOR PRIVACY","REDACTED FOR PRIVACY","REDACTED FOR PRIVACY","REDACTED FOR PRIVACY","Riyadh","REDACTED FOR PRIVACY","Saudi Arabia","","REDACTED FOR PRIVACY","REDACTED FOR PRIVACY","REDACTED FOR PRIVACY","REDACTED FOR PRIVACY","REDACTED FOR PRIVACY","REDACTED FOR PRIVACY","REDACTED FOR PRIVACY","REDACTED FOR PRIVACY","REDACTED FOR PRIVACY","","REDACTED FOR PRIVACY","REDACTED FOR PRIVACY","REDACTED FOR PRIVACY","REDACTED FOR PRIVACY","REDACTED FOR PRIVACY","REDACTED FOR PRIVACY","REDACTED FOR PRIVACY","REDACTED FOR PRIVACY","REDACTED FOR PRIVACY","","REDACTED FOR PRIVACY","REDACTED FOR PRIVACY","","","","","","","","","","","ns10.di.net.sa","ns20.di.net.sa","ns21.di.net.sa","","addPeriod","clientTransferProhibited","",""
"7","aicest.com","2020-05-06 23:14:31","2020-05-05","2020-05-05","2021-05-05","48","eNom, Inc.","whois.enom.com","http://www.enom.com","REDACTED FOR PRIVACY","REDACTED FOR PRIVACY","REDACTED FOR PRIVACY","REDACTED FOR PRIVACY","Eastern","REDACTED FOR PRIVACY","Saudi Arabia","","REDACTED FOR PRIVACY","REDACTED FOR PRIVACY","REDACTED FOR PRIVACY","REDACTED FOR PRIVACY","REDACTED FOR PRIVACY","REDACTED FOR PRIVACY","REDACTED FOR PRIVACY","REDACTED FOR PRIVACY","REDACTED FOR PRIVACY","","REDACTED FOR PRIVACY","REDACTED FOR PRIVACY","REDACTED FOR PRIVACY","REDACTED FOR PRIVACY","REDACTED FOR PRIVACY","REDACTED FOR PRIVACY","REDACTED FOR PRIVACY","REDACTED FOR PRIVACY","REDACTED FOR PRIVACY","","REDACTED FOR PRIVACY","REDACTED FOR PRIVACY","","","","","","","","","","","ns10.sahara.com.sa","ns11.sahara.com.sa","","","addPeriod","clientTransferProhibited","",""
"8","alaakamel.com","2020-05-07 00:53:40","2020-05-04","2020-05-04","2021-05-04","955","Launchpad, Inc.","whois.launchpad.com","http://www.launchpad.com","alaa kamel","None","Al madinah","Al madinah","03","94309","Saudi Arabia","eng.alaa.kamel@gmail.com","+966.541561737","","alaa kamel","None","Al madinah","Al madinah","03","94309","Saudi Arabia","eng.alaa.kamel@gmail.com","+966.541561737","","alaa kamel","None","Al madinah","Al madinah","03","94309","Saudi Arabia","eng.alaa.kamel@gmail.com","+966.541561737","","","","","","","","","","","","ns8411.hostgator.com","ns8412.hostgator.com","","","clientTransferProhibited","","",""
"9","aldukhi.com","2020-05-06 21:45:07","2020-05-05","2020-05-05","2021-05-05","146","GoDaddy.com, LLC","whois.godaddy.com","http://registrar.godaddy.com","","","","","KHBAR","","Saudi Arabia","","","","","","","","","","","","","","","","","","","","","","","","","","","","","","","","","","ns77.domaincontrol.com","ns78.domaincontrol.com","","","clientDeleteProhibited","clientRenewProhibited","clientTransferProhibited","clientUpdateProhibited"
"10","aljakni.com","2020-05-07 00:08:13","2020-05-05","2020-05-05","2021-05-05","146","GoDaddy.com, LLC","whois.godaddy.com","http://registrar.godaddy.com","","","","","0000","","Saudi Arabia","","","","","","","","","","","","","","","","","","","","","","","","","","","","","","","","","","ns63.domaincontrol.com","ns64.domaincontrol.com","","","clientDeleteProhibited","clientRenewProhibited","clientTransferProhibited","clientUpdateProhibited"
"11","alkhabria.com","2020-05-07 01:00:18","2020-05-04","2020-05-04","2021-05-04","625","Name.com, Inc.","whois.name.com","http://www.name.com","Taiseer Ibrahim","Bragma For IT","Naif Bin Abdulaziz Street , Al masif Dist.","tabuk","tabuk","47321","Saudi Arabia","bragma.ahmed@gmail.com","+966.504743155","","Taiseer Ibrahim","Bragma For IT","Naif Bin Abdulaziz Street , Al masif Dist.","tabuk","tabuk","47321","Saudi Arabia","bragma.ahmed@gmail.com","+966.504743155","","Taiseer Ibrahim","Bragma For IT","Naif Bin Abdulaziz Street , Al masif Dist.","tabuk","tabuk","47321","Saudi Arabia","bragma.ahmed@gmail.com","+966.504743155","","","","","","","","","","","","clyde.ns.cloudflare.com","zoe.ns.cloudflare.com","","","addPeriod","clientTransferProhibited","",""
"12","almo3lem.com","2020-05-07 00:53:29","2020-05-04","2020-05-04","2022-05-04","146","GoDaddy.com, LLC","whois.godaddy.com","http://registrar.godaddy.com","","","","","Almarwah","","Saudi Arabia","","","","","","","","","","","","","","","","","","","","","","","","","","","","","","","","","","ns41.domaincontrol.com","ns42.domaincontrol.com","","","clientDeleteProhibited","clientRenewProhibited","clientTransferProhibited","clientUpdateProhibited"
"13","alrobancen.com","2020-05-06 19:38:20","2020-05-05","","2021-05-05","1068","NameCheap, Inc.","whois.namecheap.com","http://www.namecheap.com","Mohsen m  Bazroon","","saudi arabia","Dammam","Dammam","31146","Saudi Arabia","gulfksa@hotmail.com","+966.582707090","","Mohsen m  Bazroon","","saudi arabia","Dammam","Dammam","31146","Saudi Arabia","gulfksa@hotmail.com","+966.582707090","","Mohsen m  Bazroon","","saudi arabia","Dammam","Dammam","31146","Saudi Arabia","gulfksa@hotmail.com","+966.582707090","","","","","","","","","","","","ns1.4hoste.com","ns2.4hoste.com","","","addPeriod","clientTransferProhibited","",""
"14","alyaacademy.com","2020-05-06 20:45:13","2020-05-04","2020-05-04","2021-05-04","303","PDR Ltd. d/b/a PublicDomainRegistry.com","whois.publicdomainregistry.com","http://www.publicdomainregistry.com","Rowaad Hosting","RH.NET.SA","Company Rowaad","Hail","Ha'il","00966","Saudi Arabia","domains@rh.net.sa","+966.550080449","","Rowaad Hosting","RH.NET.SA","Company Rowaad","Hail","Ha'il","00966","Saudi Arabia","domains@rh.net.sa","+966.550080449","","Rowaad Hosting","RH.NET.SA","Company Rowaad","Hail","Ha'il","00966","Saudi Arabia","domains@rh.net.sa","+966.550080449","","","","","","","","","","","","ns20.dhahost.net","ns21.dhahost.net","","","clientTransferProhibited","","",""
"15","alzahranistore.com","2020-05-07 00:09:34","2020-05-05","2020-05-05","2021-05-05","625","Name.com, Inc.","whois.name.com","http://www.name.com","Nawaf Hariri","Salla","P.O.Box13867","Makkah","Makkah","21955","Saudi Arabia","domains@salla.sa","+966.544444444","","Nawaf Hariri","Salla","P.O.Box13867","Makkah","Makkah","21955","Saudi Arabia","domains@salla.sa","+966.544444444","","Nawaf Hariri","Salla","P.O.Box13867","Makkah","Makkah","21955","Saudi Arabia","domains@salla.sa","+966.544444444","","","","","","","","","","","","donald.ns.cloudflare.com","leia.ns.cloudflare.com","","","addPeriod","clientTransferProhibited","",""
"16","amool-almneer.com","2020-05-07 00:55:26","2020-05-04","2020-05-04","2021-05-04","146","GoDaddy.com, LLC","whois.godaddy.com","http://registrar.godaddy.com","","","","","SHARQYA","","Saudi Arabia","","","","","","","","","","","","","","","","","","","","","","","","","","","","","","","","","","ns49.domaincontrol.com","ns50.domaincontrol.com","","","clientDeleteProhibited","clientRenewProhibited","clientTransferProhibited","clientUpdateProhibited"
"17","arabgatee.com","2020-05-06 19:18:19","2020-05-05","2020-05-05","2021-05-05","146","GoDaddy.com, LLC","whois.godaddy.com","http://registrar.godaddy.com","cit","cit","","","ksa","","Saudi Arabia","","","","","","","","","","","","","","","","","","","","","","","","","","","","","","","","","","ns1.snabchat.net","ns2.snabchat.net","","","clientDeleteProhibited","clientRenewProhibited","clientTransferProhibited","clientUpdateProhibited"
"18","awthag.com","2020-05-06 23:28:53","2020-05-05","2020-05-05","2021-05-05","955","Launchpad, Inc.","whois.launchpad.com","http://www.launchpad.com","Shaheem Allebdi","None","Almarwa","Jeddah","02","53214","Saudi Arabia","ssa999@gmail.com","+966.548765766","","Shaheem Allebdi","None","Almarwa","Jeddah","02","53214","Saudi Arabia","ssa999@gmail.com","+966.548765766","","Shaheem Allebdi","None","Almarwa","Jeddah","02","53214","Saudi Arabia","ssa999@gmail.com","+966.548765766","","","","","","","","","","","","ns8103.hostgator.com","ns8104.hostgator.com","","","clientTransferProhibited","","",""
"19","bayanatstore.com","2020-05-07 01:13:53","2020-05-04","2020-05-04","2022-05-04","146","GoDaddy.com, LLC","whois.godaddy.com","http://registrar.godaddy.com","","","","","shargya","","Saudi Arabia","","","","","","","","","","","","","","","","","","","","","","","","","","","","","","","","","","ns1.digitalocean.com","ns2.digitalocean.com","ns3.digitalocean.com","","clientDeleteProhibited","clientRenewProhibited","clientTransferProhibited","clientUpdateProhibited"
"20","be-kia.com","2020-05-07 01:14:51","2020-05-04","2020-05-04","2021-05-04","146","GoDaddy.com, LLC","whois.godaddy.com","http://registrar.godaddy.com","","","","","Riyadh","","Saudi Arabia","","","","","","","","","","","","","","","","","","","","","","","","","","","","","","","","","","ns5.ruu.cloud","ns6.ruu.cloud","","","clientDeleteProhibited","clientRenewProhibited","clientTransferProhibited","clientUpdateProhibited"
"21","be-thepartner.com","2020-05-07 00:19:29","2020-05-05","2020-05-05","2022-05-05","48","eNom, Inc.","whois.enom.com","http://www.enom.com","REDACTED FOR PRIVACY","REDACTED FOR PRIVACY","REDACTED FOR PRIVACY","REDACTED FOR PRIVACY","REDACTED FOR PRIVACY","REDACTED FOR PRIVACY","Saudi Arabia","","REDACTED FOR PRIVACY","REDACTED FOR PRIVACY","REDACTED FOR PRIVACY","REDACTED FOR PRIVACY","REDACTED FOR PRIVACY","REDACTED FOR PRIVACY","REDACTED FOR PRIVACY","REDACTED FOR PRIVACY","REDACTED FOR PRIVACY","","REDACTED FOR PRIVACY","REDACTED FOR PRIVACY","REDACTED FOR PRIVACY","REDACTED FOR PRIVACY","REDACTED FOR PRIVACY","REDACTED FOR PRIVACY","REDACTED FOR PRIVACY","REDACTED FOR PRIVACY","REDACTED FOR PRIVACY","","REDACTED FOR PRIVACY","REDACTED FOR PRIVACY","","","","","","","","","","","ns1.exaservers.com","ns2.exaservers.com","ns3.exaservers.com","ns4.exaservers.com","addPeriod","clientTransferProhibited","",""
"22","beautyhealth90.com","2020-05-06 23:53:14","2020-05-05","2020-05-05","2021-05-05","146","GoDaddy.com, LLC","whois.godaddy.com","http://registrar.godaddy.com","B","B","","","\u0627\u0644\u0631\u064a\u0627\u0636","","Saudi Arabia","","","","","","","","","","","","","","","","","","","","","","","","","","","","","","","","","","ns49.domaincontrol.com","ns50.domaincontrol.com","","","clientDeleteProhibited","clientRenewProhibited","clientTransferProhibited","clientUpdateProhibited"
"23","beehivealthnyyan.com","2020-05-06 23:32:54","2020-05-05","2020-05-05","2021-05-05","48","eNom, Inc.","whois.enom.com","http://www.enom.com","REDACTED FOR PRIVACY","REDACTED FOR PRIVACY","REDACTED FOR PRIVACY","REDACTED FOR PRIVACY","Riyadh","REDACTED FOR PRIVACY","Saudi Arabia","","REDACTED FOR PRIVACY","REDACTED FOR PRIVACY","REDACTED FOR PRIVACY","REDACTED FOR PRIVACY","REDACTED FOR PRIVACY","REDACTED FOR PRIVACY","REDACTED FOR PRIVACY","REDACTED FOR PRIVACY","REDACTED FOR PRIVACY","","REDACTED FOR PRIVACY","REDACTED FOR PRIVACY","REDACTED FOR PRIVACY","REDACTED FOR PRIVACY","REDACTED FOR PRIVACY","REDACTED FOR PRIVACY","REDACTED FOR PRIVACY","REDACTED FOR PRIVACY","REDACTED FOR PRIVACY","","REDACTED FOR PRIVACY","REDACTED FOR PRIVACY","","","","","","","","","","","ns3009.mochahost.com","ns4009.mochahost.com","","","addPeriod","clientTransferProhibited","",""
"24","beehivesalthunayyan.com","2020-05-06 23:23:13","2020-05-05","2020-05-05","2021-05-05","48","eNom, Inc.","whois.enom.com","http://www.enom.com","REDACTED FOR PRIVACY","REDACTED FOR PRIVACY","REDACTED FOR PRIVACY","REDACTED FOR PRIVACY","Riyadh","REDACTED FOR PRIVACY","Saudi Arabia","","REDACTED FOR PRIVACY","REDACTED FOR PRIVACY","REDACTED FOR PRIVACY","REDACTED FOR PRIVACY","REDACTED FOR PRIVACY","REDACTED FOR PRIVACY","REDACTED FOR PRIVACY","REDACTED FOR PRIVACY","REDACTED FOR PRIVACY","","REDACTED FOR PRIVACY","REDACTED FOR PRIVACY","REDACTED FOR PRIVACY","REDACTED FOR PRIVACY","REDACTED FOR PRIVACY","REDACTED FOR PRIVACY","REDACTED FOR PRIVACY","REDACTED FOR PRIVACY","REDACTED FOR PRIVACY","","REDACTED FOR PRIVACY","REDACTED FOR PRIVACY","","","","","","","","","","","ns3009.mochahost.com","ns4009.mochahost.com","","","addPeriod","clientTransferProhibited","",""
"25","bergsr.com","2020-05-06 20:44:39","2020-05-04","2020-05-04","2021-05-04","625","Name.com, Inc.","whois.name.com","http://www.name.com","Nawaf Hariri","Salla","P.O.Box13867","Makkah","Makkah","21955","Saudi Arabia","domains@salla.sa","+966.544444444","","Nawaf Hariri","Salla","P.O.Box13867","Makkah","Makkah","21955","Saudi Arabia","domains@salla.sa","+966.544444444","","Nawaf Hariri","Salla","P.O.Box13867","Makkah","Makkah","21955","Saudi Arabia","domains@salla.sa","+966.544444444","","","","","","","","","","","","donald.ns.cloudflare.com","leia.ns.cloudflare.com","","","addPeriod","clientTransferProhibited","",""
"26","bernwamah.com","2020-05-06 22:31:44","2020-05-05","2020-05-05","2021-05-05","625","Name.com, Inc.","whois.name.com","http://www.name.com","Nawaf Hariri","Salla","P.O.Box13867","Makkah","Makkah","21955","Saudi Arabia","domains@salla.sa","+966.544444444","","Nawaf Hariri","Salla","P.O.Box13867","Makkah","Makkah","21955","Saudi Arabia","domains@salla.sa","+966.544444444","","Nawaf Hariri","Salla","P.O.Box13867","Makkah","Makkah","21955","Saudi Arabia","domains@salla.sa","+966.544444444","","","","","","","","","","","","donald.ns.cloudflare.com","leia.ns.cloudflare.com","","","addPeriod","clientTransferProhibited","",""
"27","borzleather.com","2020-05-06 22:40:17","2020-05-05","2020-05-05","2021-05-05","146","GoDaddy.com, LLC","whois.godaddy.com","http://registrar.godaddy.com","","","","","MAKKAH","","Saudi Arabia","","","","","","","","","","","","","","","","","","","","","","","","","","","","","","","","","","ns63.domaincontrol.com","ns64.domaincontrol.com","","","clientDeleteProhibited","clientRenewProhibited","clientTransferProhibited","clientUpdateProhibited"
"28","cakeity.com","2020-05-06 20:51:02","2020-05-04","2020-05-05","2021-05-04","2487","Internet Domain Services BS Corp","whois.publicinterestregistry.net","http://www.internetbs.net","Not disclosed Not disclosed","LE42","AlKazzan Street","Safwa","Eastern","31921","Saudi Arabia","d7d6de80a66f7136c3106da41214c7f4.gdrp@customers.whoisprivacycorp.com","+1.5163872248","","Not disclosed Not disclosed","LE42","AlKazzan Street","Safwa","Eastern","31921","Saudi Arabia","d7d6de80a66f7136c3106da41214c7f4.gdrp@customers.whoisprivacycorp.com","+1.5163872248","","Not disclosed Not disclosed","LE42","AlKazzan Street","Safwa","Eastern","31921","Saudi Arabia","d7d6de80a66f7136c3106da41214c7f4.gdrp@customers.whoisprivacycorp.com","+1.5163872248","","","","","","","","","","","","ns-canada.topdns.com","ns-uk.topdns.com","ns-usa.topdns.com","","clientTransferProhibited","ok","",""
"29","camglee.com","2020-05-06 20:27:38","2020-05-05","2020-05-05","2021-05-05","146","GoDaddy.com, LLC","whois.godaddy.com","http://registrar.godaddy.com","CamGlee","CamGlee","","","EP","","Saudi Arabia","","","","","","","","","","","","","","","","","","","","","","","","","","","","","","","","","","ns49.domaincontrol.com","ns50.domaincontrol.com","","","clientDeleteProhibited","clientRenewProhibited","clientTransferProhibited","clientUpdateProhibited"
"30","cinemadubai.com","2020-05-06 19:25:16","2020-05-05","2020-05-05","2030-05-05","146","GoDaddy.com, LLC","whois.godaddy.com","http://registrar.godaddy.com","","","","","CR","","Saudi Arabia","","","","","","","","","","","","","","","","","","","","","","","","","","","","","","","","","","ns41.domaincontrol.com","ns42.domaincontrol.com","","","clientDeleteProhibited","clientRenewProhibited","clientTransferProhibited","clientUpdateProhibited"
"31","clarcoo.com","2020-05-06 23:23:12","2020-05-05","2020-05-05","2021-05-05","106","Ascio Technologies, Inc. Danmark - Filial af Ascio technologies, Inc. USA","whois.ascio.com","http://www.ascio.com","Not Disclosed","Not Disclosed","Not Disclosed","Not Disclosed","","Not Disclosed","Saudi Arabia","","Not Disclosed","Not Disclosed","Not Disclosed","Not Disclosed","Not Disclosed","Not Disclosed","Not Disclosed","Not Disclosed","Not Disclosed","","Not Disclosed","Not Disclosed","Not Disclosed","Not Disclosed","Not Disclosed","Not Disclosed","Not Disclosed","Not Disclosed","Not Disclosed","","Not Disclosed","Not Disclosed","","","","","","","","","","","dns1.123hjemmeside.dk","dns2.123hjemmeside.dk","dns3.123hjemmeside.dk","","OK","","",""
"32","colourproperty.com","2020-05-07 01:02:14","2020-05-04","2020-05-04","2021-05-04","146","GoDaddy.com, LLC","whois.godaddy.com","http://registrar.godaddy.com","","","","","8439","","Saudi Arabia","","","","","","","","","","","","","","","","","","","","","","","","","","","","","","","","","","ns1.aqarsoft.org","ns2.aqarsoft.org","","","clientDeleteProhibited","clientRenewProhibited","clientTransferProhibited","clientUpdateProhibited"
"33","consumerneedss.com","2020-05-06 21:44:47","2020-05-05","2020-05-05","2021-05-05","146","GoDaddy.com, LLC","whois.godaddy.com","http://registrar.godaddy.com","Consumer Needs Trading Est","Consumer Needs Trading Est","","","Makkah","","Saudi Arabia","","","","","","","","","","","","","","","","","","","","","","","","","","","","","","","","","","ns29.domaincontrol.com","ns30.domaincontrol.com","","","clientDeleteProhibited","clientRenewProhibited","clientTransferProhibited","clientUpdateProhibited"
"34","cordesfabric.com","2020-05-07 00:38:58","2020-05-04","2020-05-04","2021-05-04","625","Name.com, Inc.","whois.name.com","http://www.name.com","Nawaf Hariri","Salla","P.O.Box13867","Makkah","Makkah","21955","Saudi Arabia","domains@salla.sa","+966.544444444","","Nawaf Hariri","Salla","P.O.Box13867","Makkah","Makkah","21955","Saudi Arabia","domains@salla.sa","+966.544444444","","Nawaf Hariri","Salla","P.O.Box13867","Makkah","Makkah","21955","Saudi Arabia","domains@salla.sa","+966.544444444","","","","","","","","","","","","donald.ns.cloudflare.com","leia.ns.cloudflare.com","","","addPeriod","clientTransferProhibited","",""
"35","covid19herostories.com","2020-05-06 20:26:29","2020-05-05","2020-05-05","2021-05-05","1154","FastDomain Inc.","whois.fastdomain.com","http://www.fastdomain.com","HUSSAIN AL-SALIM","","QABIS","RIYADH","","12488","Saudi Arabia","hussain.alsalim@gmail.com","+966.505726334","","HUSSAIN AL-SALIM","","QABIS","RIYADH","","12488","Saudi Arabia","hussain.alsalim@gmail.com","+966.505726334","","BLUEHOST INC","BLUEHOST.COM","550 E TIMPANOGOS PKWY","OREM","UTAH","84097","United States","domain@redl.ca","+1.8017659400","+1.8017651992","","","","","","","","","","","ns1.bluehost.com","ns2.bluehost.com","","","clientTransferProhibited","","",""
"36","dacch.com","2020-05-06 22:12:37","2020-05-04","2020-05-04","2021-05-04","146","GoDaddy.com, LLC","whois.godaddy.com","http://registrar.godaddy.com","dacch","dacch","","","\u0627\u0644\u0645\u0646\u0637\u0642\u0629 \u0627\","","Saudi Arabia","","","","","","","","","","","","","","","","","","","","","","","","","","","","","","","","","","ns63.domaincontrol.com","ns64.domaincontrol.com","","","clientDeleteProhibited","clientRenewProhibited","clientTransferProhibited","clientUpdateProhibited"
"37","deanjcullen.com","2020-05-06 20:26:15","2020-05-05","2020-05-05","2021-05-05","1154","FastDomain Inc.","whois.fastdomain.com","http://www.fastdomain.com","IBRAHIM SULAYBI","ALFATECH","2ND INDUSTRIAL CITY GUWAIZAH AL MOUNTAZAHAT","JEDDAH","","21352","Saudi Arabia","baset2021@gmail.com","+966.557919063","","IBRAHIM SULAYBI","ALFATECH","2ND INDUSTRIAL CITY GUWAIZAH AL MOUNTAZAHAT","JEDDAH","","21352","Saudi Arabia","baset2021@gmail.com","+966.557919063","","BLUEHOST INC","BLUEHOST.COM","550 E TIMPANOGOS PKWY","OREM","UTAH","84097","United States","domain@redl.ca","+1.8017659400","+1.8017651992","","","","","","","","","","","ns1.bluehost.com","ns2.bluehost.com","","","clientTransferProhibited","","",""
"38","dokan22.com","2020-05-06 19:32:57","2020-05-04","2020-05-04","2021-05-04","146","GoDaddy.com, LLC","whois.godaddy.com","http://registrar.godaddy.com","","","","","Yanbu","","Saudi Arabia","","","","","","","","","","","","","","","","","","","","","","","","","","","","","","","","","","ns63.domaincontrol.com","ns64.domaincontrol.com","","","clientDeleteProhibited","clientRenewProhibited","clientTransferProhibited","clientUpdateProhibited"
"39","e9rar.com","2020-05-07 00:08:25","2020-05-05","2020-05-05","2021-05-05","1154","FastDomain Inc.","whois.fastdomain.com","http://www.fastdomain.com","MOHAMMED ALASFOUR","","LAYLA","ALAFLAJ","","16731","Saudi Arabia","esrar1422@gmail.com","+966.555639226","","MOHAMMED ALASFOUR","","LAYLA","ALAFLAJ","","16731","Saudi Arabia","esrar1422@gmail.com","+966.555639226","","BLUEHOST INC","BLUEHOST.COM","550 E TIMPANOGOS PKWY","OREM","UTAH","84097","United States","domain@redl.ca","+1.8017659400","+1.8017651992","","","","","","","","","","","ns1.bluehost.com","ns2.bluehost.com","","","clientTransferProhibited","","",""
"40","epi-stat.com","2020-05-07 01:07:31","2020-05-04","2020-05-04","2021-05-04","146","GoDaddy.com, LLC","whois.godaddy.com","http://registrar.godaddy.com","","","","","","","Saudi Arabia","","","","","","","","","","","","","","","","","","","","","","","","","","","","","","","","","","ns77.domaincontrol.com","ns78.domaincontrol.com","","","clientDeleteProhibited","clientRenewProhibited","clientTransferProhibited","clientUpdateProhibited"
"41","estsamsalsmoak.com","2020-05-06 22:23:57","2020-05-05","2020-05-05","2021-05-05","48","eNom, Inc.","whois.enom.com","http://www.enom.com","REDACTED FOR PRIVACY","REDACTED FOR PRIVACY","REDACTED FOR PRIVACY","REDACTED FOR PRIVACY","REDACTED FOR PRIVACY","REDACTED FOR PRIVACY","Saudi Arabia","","REDACTED FOR PRIVACY","REDACTED FOR PRIVACY","REDACTED FOR PRIVACY","REDACTED FOR PRIVACY","REDACTED FOR PRIVACY","REDACTED FOR PRIVACY","REDACTED FOR PRIVACY","REDACTED FOR PRIVACY","REDACTED FOR PRIVACY","","REDACTED FOR PRIVACY","REDACTED FOR PRIVACY","REDACTED FOR PRIVACY","REDACTED FOR PRIVACY","REDACTED FOR PRIVACY","REDACTED FOR PRIVACY","REDACTED FOR PRIVACY","REDACTED FOR PRIVACY","REDACTED FOR PRIVACY","","REDACTED FOR PRIVACY","REDACTED FOR PRIVACY","","","","","","","","","","","lee.ns.cloudflare.com","lola.ns.cloudflare.com","","","addPeriod","clientTransferProhibited","",""
"42","eventzdoneright.com","2020-05-06 23:14:39","2020-05-05","2020-05-05","2022-05-05","146","GoDaddy.com, LLC","whois.godaddy.com","http://registrar.godaddy.com","","","","","\u0645\u0643\u0647Makkah","","Saudi Arabia","","","","","","","","","","","","","","","","","","","","","","","","","","","","","","","","","","ns41.domaincontrol.com","ns42.domaincontrol.com","","","clientDeleteProhibited","clientRenewProhibited","clientTransferProhibited","clientUpdateProhibited"
"43","eyad4d.com","2020-05-06 23:20:01","2020-05-05","2020-05-05","2021-05-05","146","GoDaddy.com, LLC","whois.godaddy.com","http://registrar.godaddy.com","","","","","Riyadh","","Saudi Arabia","","","","","","","","","","","","","","","","","","","","","","","","","","","","","","","","","","ns41.domaincontrol.com","ns42.domaincontrol.com","","","clientDeleteProhibited","clientRenewProhibited","clientTransferProhibited","clientUpdateProhibited"
"44","fara2ed.com","2020-05-06 20:36:19","2020-05-05","2020-05-05","2021-05-05","48","eNom, Inc.","whois.enom.com","http://www.enom.com","REDACTED FOR PRIVACY","REDACTED FOR PRIVACY","REDACTED FOR PRIVACY","REDACTED FOR PRIVACY","REDACTED FOR PRIVACY","REDACTED FOR PRIVACY","Saudi Arabia","","REDACTED FOR PRIVACY","REDACTED FOR PRIVACY","REDACTED FOR PRIVACY","REDACTED FOR PRIVACY","REDACTED FOR PRIVACY","REDACTED FOR PRIVACY","REDACTED FOR PRIVACY","REDACTED FOR PRIVACY","REDACTED FOR PRIVACY","","REDACTED FOR PRIVACY","REDACTED FOR PRIVACY","REDACTED FOR PRIVACY","REDACTED FOR PRIVACY","REDACTED FOR PRIVACY","REDACTED FOR PRIVACY","REDACTED FOR PRIVACY","REDACTED FOR PRIVACY","REDACTED FOR PRIVACY","","REDACTED FOR PRIVACY","REDACTED FOR PRIVACY","","","","","","","","","","","ns1.dimofinf.net","ns2.dimofinf.net","ns3.dimofinf.net","","addPeriod","clientTransferProhibited","",""
"45","finjal-sa.com","2020-05-06 20:45:40","2020-05-04","2020-05-04","2021-05-04","625","Name.com, Inc.","whois.name.com","http://www.name.com","Nawaf Hariri","Salla","P.O.Box13867","Makkah","Makkah","21955","Saudi Arabia","domains@salla.sa","+966.544444444","","Nawaf Hariri","Salla","P.O.Box13867","Makkah","Makkah","21955","Saudi Arabia","domains@salla.sa","+966.544444444","","Nawaf Hariri","Salla","P.O.Box13867","Makkah","Makkah","21955","Saudi Arabia","domains@salla.sa","+966.544444444","","","","","","","","","","","","donald.ns.cloudflare.com","leia.ns.cloudflare.com","","","addPeriod","clientTransferProhibited","",""
"46","geekyhoox.com","2020-05-06 20:35:19","2020-05-05","2020-05-05","2021-05-05","303","PDR Ltd. d/b/a PublicDomainRegistry.com","whois.publicdomainregistry.com","http://www.publicdomainregistry.com","Zain Arshad","private person","Anas Bin Malik RD","Riyadh","Riyadh","11417","Saudi Arabia","xainxrshad@gmail.com","+966.0580033848","+966.0580033848","Zain Arshad","private person","Anas Bin Malik RD","Riyadh","Riyadh","11417","Saudi Arabia","xainxrshad@gmail.com","+966.0580033848","+966.0580033848","Zain Arshad","private person","Anas Bin Malik RD","Riyadh","Riyadh","11417","Saudi Arabia","xainxrshad@gmail.com","+966.0580033848","+966.0580033848","","","","","","","","","","","ns1.hostmena.com","ns2.hostmena.com","","","clientTransferProhibited","","",""
"47","gnon1.net","2020-05-06 19:02:35","2020-05-05","2020-05-05","2021-05-05","625","Name.com, Inc.","whois.name.com","http://www.name.com","basem alshmrani","sma.net.sa","71","dammam","sa","00966","Saudi Arabia","admin@sma.net.sa","+966.552211361","","basem alshmrani","sma.net.sa","71","dammam","sa","00966","Saudi Arabia","admin@sma.net.sa","+966.552211361","","basem alshmrani","sma.net.sa","71","dammam","sa","00966","Saudi Arabia","admin@sma.net.sa","+966.552211361","","","","","","","","","","","","cl1.murabba.com","cl2.murabba.com","cl3.murabba.com","cl4.murabba.com","addPeriod","clientTransferProhibited","",""
"48","goplexeserver.net","2020-05-06 19:02:32","2020-05-04","2020-05-04","2021-05-04","146","GoDaddy.com, LLC","whois.godaddy.com","http://registrar.godaddy.com","","","","","ALOWROD","","Saudi Arabia","","","","","","","","","","","","","","","","","","","","","","","","","","","","","","","","","","ns41.domaincontrol.com","ns42.domaincontrol.com","","","clientDeleteProhibited","clientRenewProhibited","clientTransferProhibited","clientUpdateProhibited"
"49","halqh.com","2020-05-07 01:08:08","2020-05-04","2020-05-04","2021-05-04","48","eNom, Inc.","whois.enom.com","http://www.enom.com","REDACTED FOR PRIVACY","REDACTED FOR PRIVACY","REDACTED FOR PRIVACY","REDACTED FOR PRIVACY","MAKKAH","REDACTED FOR PRIVACY","Saudi Arabia","","REDACTED FOR PRIVACY","REDACTED FOR PRIVACY","REDACTED FOR PRIVACY","REDACTED FOR PRIVACY","REDACTED FOR PRIVACY","REDACTED FOR PRIVACY","REDACTED FOR PRIVACY","REDACTED FOR PRIVACY","REDACTED FOR PRIVACY","","REDACTED FOR PRIVACY","REDACTED FOR PRIVACY","REDACTED FOR PRIVACY","REDACTED FOR PRIVACY","REDACTED FOR PRIVACY","REDACTED FOR PRIVACY","REDACTED FOR PRIVACY","REDACTED FOR PRIVACY","REDACTED FOR PRIVACY","","REDACTED FOR PRIVACY","REDACTED FOR PRIVACY","","","","","","","","","","","ns1.dimofinf.net","ns2.dimofinf.net","ns3.dimofinf.net","","addPeriod","clientTransferProhibited","",""
"50","homemade3.com","2020-05-06 22:50:12","2020-05-05","2020-05-05","2021-05-05","625","Name.com, Inc.","whois.name.com","http://www.name.com","Nawaf Hariri","Salla","P.O.Box13867","Makkah","Makkah","21955","Saudi Arabia","domains@salla.sa","+966.544444444","","Nawaf Hariri","Salla","P.O.Box13867","Makkah","Makkah","21955","Saudi Arabia","domains@salla.sa","+966.544444444","","Nawaf Hariri","Salla","P.O.Box13867","Makkah","Makkah","21955","Saudi Arabia","domains@salla.sa","+966.544444444","","","","","","","","","","","","donald.ns.cloudflare.com","leia.ns.cloudflare.com","","","addPeriod","clientTransferProhibited","",""
"51","hunterfut.com","2020-05-06 23:11:05","2020-05-05","2020-05-05","2021-05-05","48","eNom, Inc.","whois.enom.com","http://www.enom.com","REDACTED FOR PRIVACY","REDACTED FOR PRIVACY","REDACTED FOR PRIVACY","REDACTED FOR PRIVACY","West","REDACTED FOR PRIVACY","Saudi Arabia","","REDACTED FOR PRIVACY","REDACTED FOR PRIVACY","REDACTED FOR PRIVACY","REDACTED FOR PRIVACY","REDACTED FOR PRIVACY","REDACTED FOR PRIVACY","REDACTED FOR PRIVACY","REDACTED FOR PRIVACY","REDACTED FOR PRIVACY","","REDACTED FOR PRIVACY","REDACTED FOR PRIVACY","REDACTED FOR PRIVACY","REDACTED FOR PRIVACY","REDACTED FOR PRIVACY","REDACTED FOR PRIVACY","REDACTED FOR PRIVACY","REDACTED FOR PRIVACY","REDACTED FOR PRIVACY","","REDACTED FOR PRIVACY","REDACTED FOR PRIVACY","","","","","","","","","","","ns1.a2hosting.com","ns2.a2hosting.com","ns3.a2hosting.com","ns4.a2hosting.com","addPeriod","clientTransferProhibited","",""
"52","innovatemark.net","2020-05-06 19:02:19","2020-05-04","2020-05-04","2021-05-04","1472","LiquidNet Ltd.","whois.liquidnetlimited.com","http://www.liquidnetlimited.com","REDACTED FOR PRIVACY","REDACTED FOR PRIVACY","REDACTED FOR PRIVACY","REDACTED FOR PRIVACY","Central Province","REDACTED FOR PRIVACY","Saudi Arabia","","REDACTED FOR PRIVACY","REDACTED FOR PRIVACY","REDACTED FOR PRIVACY","REDACTED FOR PRIVACY","REDACTED FOR PRIVACY","REDACTED FOR PRIVACY","REDACTED FOR PRIVACY","REDACTED FOR PRIVACY","REDACTED FOR PRIVACY","","REDACTED FOR PRIVACY","REDACTED FOR PRIVACY","REDACTED FOR PRIVACY","REDACTED FOR PRIVACY","REDACTED FOR PRIVACY","REDACTED FOR PRIVACY","REDACTED FOR PRIVACY","REDACTED FOR PRIVACY","REDACTED FOR PRIVACY","","REDACTED FOR PRIVACY","REDACTED FOR PRIVACY","","","","","","","","","","","ns1.terabitcloud.com","ns2.terabitcloud.com","ns3.terabitcloud.com","ns4.terabitcloud.com","clientTransferProhibited","","",""
"53","iqinq.com","2020-05-06 22:31:59","2020-05-05","2020-05-05","2021-05-05","146","GoDaddy.com, LLC","whois.godaddy.com","http://registrar.godaddy.com","SATEDMA","SATEDMA","","","Not Applicable","","Saudi Arabia","","","","","","","","","","","","","","","","","","","","","","","","","","","","","","","","","","ns100.webhostingbuzz.com","ns101.webhostingbuzz.com","","","clientDeleteProhibited","clientRenewProhibited","clientTransferProhibited","clientUpdateProhibited"
"54","jahplatform.com","2020-05-06 22:24:08","2020-05-05","2020-05-05","2021-05-05","146","GoDaddy.com, LLC","whois.godaddy.com","http://registrar.godaddy.com","","","","","Eastern Province","","Saudi Arabia","","","","","","","","","","","","","","","","","","","","","","","","","","","","","","","","","","ns1.revival.one","ns2.revival.one","","","clientDeleteProhibited","clientRenewProhibited","clientTransferProhibited","clientUpdateProhibited"
"55","jakelm.com","2020-05-06 23:44:42","2020-05-05","2020-05-05","2022-05-05","146","GoDaddy.com, LLC","whois.godaddy.com","http://registrar.godaddy.com","","","","","Riyadh","","Saudi Arabia","","","","","","","","","","","","","","","","","","","","","","","","","","","","","","","","","","ns49.domaincontrol.com","ns50.domaincontrol.com","","","clientDeleteProhibited","clientRenewProhibited","clientTransferProhibited","clientUpdateProhibited"
"56","jawanii.com","2020-05-07 01:01:05","2020-05-04","2020-05-04","2021-05-04","625","Name.com, Inc.","whois.name.com","http://www.name.com","Nawaf Hariri","Salla","P.O.Box13867","Makkah","Makkah","21955","Saudi Arabia","domains@salla.sa","+966.544444444","","Nawaf Hariri","Salla","P.O.Box13867","Makkah","Makkah","21955","Saudi Arabia","domains@salla.sa","+966.544444444","","Nawaf Hariri","Salla","P.O.Box13867","Makkah","Makkah","21955","Saudi Arabia","domains@salla.sa","+966.544444444","","","","","","","","","","","","donald.ns.cloudflare.com","leia.ns.cloudflare.com","","","addPeriod","clientTransferProhibited","",""
"57","jigpc.net","2020-05-06 19:02:15","2020-05-04","2020-05-04","2021-05-04","146","GoDaddy.com, LLC","whois.godaddy.com","http://registrar.godaddy.com","","","","","Eastren province","","Saudi Arabia","","","","","","","","","","","","","","","","","","","","","","","","","","","","","","","","","","ns29.domaincontrol.com","ns30.domaincontrol.com","","","clientDeleteProhibited","clientRenewProhibited","clientTransferProhibited","clientUpdateProhibited"
"58","jinanaloud.com","2020-05-06 20:20:48","2020-05-05","2020-05-05","2021-05-05","625","Name.com, Inc.","whois.name.com","http://www.name.com","Nawaf Hariri","Salla","P.O.Box13867","Makkah","Makkah","21955","Saudi Arabia","domains@salla.sa","+966.544444444","","Nawaf Hariri","Salla","P.O.Box13867","Makkah","Makkah","21955","Saudi Arabia","domains@salla.sa","+966.544444444","","Nawaf Hariri","Salla","P.O.Box13867","Makkah","Makkah","21955","Saudi Arabia","domains@salla.sa","+966.544444444","","","","","","","","","","","","donald.ns.cloudflare.com","leia.ns.cloudflare.com","","","addPeriod","clientTransferProhibited","",""
"59","kharjhome1.com","2020-05-06 23:00:44","2020-05-05","2020-05-05","2021-05-05","48","eNom, Inc.","whois.enom.com","http://www.enom.com","REDACTED FOR PRIVACY","REDACTED FOR PRIVACY","REDACTED FOR PRIVACY","REDACTED FOR PRIVACY","Riyadh","REDACTED FOR PRIVACY","Saudi Arabia","","REDACTED FOR PRIVACY","REDACTED FOR PRIVACY","REDACTED FOR PRIVACY","REDACTED FOR PRIVACY","REDACTED FOR PRIVACY","REDACTED FOR PRIVACY","REDACTED FOR PRIVACY","REDACTED FOR PRIVACY","REDACTED FOR PRIVACY","","REDACTED FOR PRIVACY","REDACTED FOR PRIVACY","REDACTED FOR PRIVACY","REDACTED FOR PRIVACY","REDACTED FOR PRIVACY","REDACTED FOR PRIVACY","REDACTED FOR PRIVACY","REDACTED FOR PRIVACY","REDACTED FOR PRIVACY","","REDACTED FOR PRIVACY","REDACTED FOR PRIVACY","","","","","","","","","","","ns1.tarana.sa","ns2.tarana.sa","ns3.tarana.sa","","addPeriod","clientTransferProhibited","",""
"60","kharsaclinic.com","2020-05-06 23:44:12","2020-05-05","2020-05-05","2022-05-05","303","PDR Ltd. d/b/a PublicDomainRegistry.com","whois.publicdomainregistry.com","http://www.publicdomainregistry.com","Ryad Mansour Mansour","Kharsa Ortho-Dent","2949 Mousa Bin Nusair Street","Riyadh","Riyadh","11526","Saudi Arabia","wecare@kharsaortho.com","+966.546000347","","Ryad Mansour Mansour","Kharsa Ortho-Dent","2949 Mousa Bin Nusair Street","Riyadh","Riyadh","11526","Saudi Arabia","wecare@kharsaortho.com","+966.546000347","","Ryad Mansour Mansour","Kharsa Ortho-Dent","2949 Mousa Bin Nusair Street","Riyadh","Riyadh","11526","Saudi Arabia","wecare@kharsaortho.com","+966.546000347","","","","","","","","","","","","ns1.dns-parking.com","ns2.dns-parking.com","","","clientTransferProhibited","","",""
"61","kiwi11.com","2020-05-06 19:27:45","2020-05-05","2020-05-05","2021-05-05","146","GoDaddy.com, LLC","whois.godaddy.com","http://registrar.godaddy.com","kiwi11","kiwi11","","","\u0627\u0644\u0642\u0635\u064a\u0645","","Saudi Arabia","","","","","","","","","","","","","","","","","","","","","","","","","","","","","","","","","","ns1.perfectdns.com","ns2.perfectdns.com","","","clientDeleteProhibited","clientRenewProhibited","clientTransferProhibited","clientUpdateProhibited"
"62","leatherpuresa.com","2020-05-07 00:38:56","2020-05-04","2020-05-04","2021-05-04","146","GoDaddy.com, LLC","whois.godaddy.com","http://registrar.godaddy.com","AppsBunches","AppsBunches","","","Riyadh","","Saudi Arabia","","","","","","","","","","","","","","","","","","","","","","","","","","","","","","","","","","ns77.domaincontrol.com","ns78.domaincontrol.com","","","clientDeleteProhibited","clientRenewProhibited","clientTransferProhibited","clientUpdateProhibited"
"63","lienshoop.com","2020-05-06 20:35:30","2020-05-05","2020-05-05","2021-05-05","625","Name.com, Inc.","whois.name.com","http://www.name.com","Nawaf Hariri","Salla","P.O.Box13867","Makkah","Makkah","21955","Saudi Arabia","domains@salla.sa","+966.544444444","","Nawaf Hariri","Salla","P.O.Box13867","Makkah","Makkah","21955","Saudi Arabia","domains@salla.sa","+966.544444444","","Nawaf Hariri","Salla","P.O.Box13867","Makkah","Makkah","21955","Saudi Arabia","domains@salla.sa","+966.544444444","","","","","","","","","","","","donald.ns.cloudflare.com","leia.ns.cloudflare.com","","","addPeriod","clientTransferProhibited","",""
"64","majedworld.net","2020-05-06 19:02:02","2020-05-04","2020-05-04","2021-05-04","146","GoDaddy.com, LLC","whois.godaddy.com","http://registrar.godaddy.com","","","","","Na","","Saudi Arabia","","","","","","","","","","","","","","","","","","","","","","","","","","","","","","","","","","ns63.domaincontrol.com","ns64.domaincontrol.com","","","clientDeleteProhibited","clientRenewProhibited","clientTransferProhibited","clientUpdateProhibited"
"65","maketingono.com","2020-05-06 23:07:54","2020-05-05","2020-05-05","2021-05-05","146","GoDaddy.com, LLC","whois.godaddy.com","http://registrar.godaddy.com","","","","","Riadh","","Saudi Arabia","","","","","","","","","","","","","","","","","","","","","","","","","","","","","","","","","","ns29.domaincontrol.com","ns30.domaincontrol.com","","","clientDeleteProhibited","clientRenewProhibited","clientTransferProhibited","clientUpdateProhibited"
"66","makkahlana.com","2020-05-06 22:32:08","2020-05-05","2020-05-05","2021-05-05","146","GoDaddy.com, LLC","whois.godaddy.com","http://registrar.godaddy.com","","","","","ksa","","Saudi Arabia","","","","","","","","","","","","","","","","","","","","","","","","","","","","","","","","","","ns41.domaincontrol.com","ns42.domaincontrol.com","","","clientDeleteProhibited","clientRenewProhibited","clientTransferProhibited","clientUpdateProhibited"
"67","mandobat.com","2020-05-06 23:07:45","2020-05-05","2020-05-05","2021-05-05","146","GoDaddy.com, LLC","whois.godaddy.com","http://registrar.godaddy.com","","","","","Riaydh","","Saudi Arabia","","","","","","","","","","","","","","","","","","","","","","","","","","","","","","","","","","ns29.domaincontrol.com","ns30.domaincontrol.com","","","clientDeleteProhibited","clientRenewProhibited","clientTransferProhibited","clientUpdateProhibited"
"68","markfoib.com","2020-05-06 20:58:49","2020-05-04","2020-05-04","2021-05-04","625","Name.com, Inc.","whois.name.com","http://www.name.com","Nawaf Hariri","Salla","P.O.Box13867","Makkah","Makkah","21955","Saudi Arabia","domains@salla.sa","+966.544444444","","Nawaf Hariri","Salla","P.O.Box13867","Makkah","Makkah","21955","Saudi Arabia","domains@salla.sa","+966.544444444","","Nawaf Hariri","Salla","P.O.Box13867","Makkah","Makkah","21955","Saudi Arabia","domains@salla.sa","+966.544444444","","","","","","","","","","","","donald.ns.cloudflare.com","leia.ns.cloudflare.com","","","addPeriod","clientTransferProhibited","",""
"69","medicalcare-sa.com","2020-05-06 22:40:22","2020-05-05","2020-05-05","2022-05-05","2","Network Solutions, LLC","whois.networksolutions.com","http://networksolutions.com","RUSD","RUSD","P.O.Box 51536","Jeddah","Western","21553","Saudi Arabia","basharat_a_k@hotmail.com","+966.126656700","","RUSD","RUSD","P.O.Box 51536","Jeddah","Western","21553","Saudi Arabia","basharat_a_k@hotmail.com","+966.126656700","","RUSD","RUSD","P.O.Box 51536","Jeddah","Western","21553","Saudi Arabia","basharat_a_k@hotmail.com","+966.126656700","","","","","","","","","","","","ns43.worldnic.com","ns44.worldnic.com","","","clientTransferProhibited","","",""
"70","megdam-store.com","2020-05-06 21:03:41","2020-05-04","2020-05-04","2021-05-04","69","Tucows Domains Inc.","whois.tucows.com","http://domainhelp.opensrs.net","REDACTED FOR PRIVACY","REDACTED FOR PRIVACY","REDACTED FOR PRIVACY","REDACTED FOR PRIVACY","sulay","REDACTED FOR PRIVACY","Saudi Arabia","","REDACTED FOR PRIVACY","REDACTED FOR PRIVACY","REDACTED FOR PRIVACY","REDACTED FOR PRIVACY","REDACTED FOR PRIVACY","REDACTED FOR PRIVACY","REDACTED FOR PRIVACY","REDACTED FOR PRIVACY","REDACTED FOR PRIVACY","","REDACTED FOR PRIVACY","REDACTED FOR PRIVACY","REDACTED FOR PRIVACY","REDACTED FOR PRIVACY","REDACTED FOR PRIVACY","REDACTED FOR PRIVACY","REDACTED FOR PRIVACY","REDACTED FOR PRIVACY","REDACTED FOR PRIVACY","","REDACTED FOR PRIVACY","REDACTED FOR PRIVACY","","","","","","","","","","","ns7.win.arvixe.com","ns8.win.arvixe.com","","","clientTransferProhibited","clientUpdateProhibited","",""
"71","mela20.com","2020-05-06 20:26:36","2020-05-05","2020-05-05","2021-05-05","625","Name.com, Inc.","whois.name.com","http://www.name.com","Nawaf Hariri","Salla","P.O.Box13867","Makkah","Makkah","21955","Saudi Arabia","domains@salla.sa","+966.544444444","","Nawaf Hariri","Salla","P.O.Box13867","Makkah","Makkah","21955","Saudi Arabia","domains@salla.sa","+966.544444444","","Nawaf Hariri","Salla","P.O.Box13867","Makkah","Makkah","21955","Saudi Arabia","domains@salla.sa","+966.544444444","","","","","","","","","","","","donald.ns.cloudflare.com","leia.ns.cloudflare.com","","","addPeriod","clientTransferProhibited","",""
"72","mendobi.com","2020-05-06 23:04:31","2020-05-05","2020-05-05","2021-05-05","146","GoDaddy.com, LLC","whois.godaddy.com","http://registrar.godaddy.com","","","","","Riaydh","","Saudi Arabia","","","","","","","","","","","","","","","","","","","","","","","","","","","","","","","","","","ns77.domaincontrol.com","ns78.domaincontrol.com","","","clientDeleteProhibited","clientRenewProhibited","clientTransferProhibited","clientUpdateProhibited"
"73","mindnerds.com","2020-05-06 20:55:36","2020-05-04","2020-05-04","2021-05-04","146","GoDaddy.com, LLC","whois.godaddy.com","http://registrar.godaddy.com","","","","","\u0645\u0643\u0647","","Saudi Arabia","","","","","","","","","","","","","","","","","","","","","","","","","","","","","","","","","","ns41.domaincontrol.com","ns42.domaincontrol.com","","","clientDeleteProhibited","clientRenewProhibited","clientTransferProhibited","clientUpdateProhibited"
"74","mirsal-app.com","2020-05-07 01:11:03","2020-05-04","2020-05-04","2021-05-04","146","GoDaddy.com, LLC","whois.godaddy.com","http://registrar.godaddy.com","","","","","Riyadh","","Saudi Arabia","","","","","","","","","","","","","","","","","","","","","","","","","","","","","","","","","","ns1.supercp.com","ns2.supercp.com","ns3.supercp.com","ns4.supercp.com","clientDeleteProhibited","clientRenewProhibited","clientTransferProhibited","clientUpdateProhibited"
"75","moainah.com","2020-05-06 21:00:31","2020-05-04","2020-05-04","2021-05-04","146","GoDaddy.com, LLC","whois.godaddy.com","http://registrar.godaddy.com","Saudi Arabia - Taif","Saudi Arabia - Taif","","","Saudi Arabia","","Saudi Arabia","","","","","","","","","","","","","","","","","","","","","","","","","","","","","","","","","","ns1.cc-dvc.com","ns2.cc-dvc.com","","","clientDeleteProhibited","clientRenewProhibited","clientTransferProhibited","clientUpdateProhibited"
"76","mokhtasr.com","2020-05-07 00:59:35","2020-05-04","2020-05-04","2022-05-04","146","GoDaddy.com, LLC","whois.godaddy.com","http://registrar.godaddy.com","https://mokhtasr.net/","https://mokhtasr.net/","","","Riyadh","","Saudi Arabia","","","","","","","","","","","","","","","","","","","","","","","","","","","","","","","","","","donald.ns.cloudflare.com","leia.ns.cloudflare.com","","","clientDeleteProhibited","clientRenewProhibited","clientTransferProhibited","clientUpdateProhibited"
"77","momentsforgifts.com","2020-05-07 01:01:38","2020-05-04","2020-05-04","2021-05-04","625","Name.com, Inc.","whois.name.com","http://www.name.com","Nawaf Hariri","Salla","P.O.Box13867","Makkah","Makkah","21955","Saudi Arabia","domains@salla.sa","+966.544444444","","Nawaf Hariri","Salla","P.O.Box13867","Makkah","Makkah","21955","Saudi Arabia","domains@salla.sa","+966.544444444","","Nawaf Hariri","Salla","P.O.Box13867","Makkah","Makkah","21955","Saudi Arabia","domains@salla.sa","+966.544444444","","","","","","","","","","","","donald.ns.cloudflare.com","leia.ns.cloudflare.com","","","addPeriod","clientTransferProhibited","",""
"78","mosarofkm.com","2020-05-07 01:01:37","2020-05-04","2020-05-04","2021-05-04","106","Ascio Technologies, Inc. Danmark - Filial af Ascio technologies, Inc. USA","whois.ascio.com","http://www.ascio.com","Not Disclosed","Not Disclosed","Not Disclosed","Not Disclosed","","Not Disclosed","Saudi Arabia","","Not Disclosed","Not Disclosed","Not Disclosed","Not Disclosed","Not Disclosed","Not Disclosed","Not Disclosed","Not Disclosed","Not Disclosed","","Not Disclosed","Not Disclosed","Not Disclosed","Not Disclosed","Not Disclosed","Not Disclosed","Not Disclosed","Not Disclosed","Not Disclosed","","Not Disclosed","Not Disclosed","","","","","","","","","","","dns1.123hjemmeside.dk","dns2.123hjemmeside.dk","dns3.123hjemmeside.dk","","OK","","",""
"79","motaafi.com","2020-05-06 21:57:31","2020-05-04","2020-05-04","2021-05-04","146","GoDaddy.com, LLC","whois.godaddy.com","http://registrar.godaddy.com","motaafi","motaafi","","","hail","","Saudi Arabia","","","","","","","","","","","","","","","","","","","","","","","","","","","","","","","","","","ns63.domaincontrol.com","ns64.domaincontrol.com","","","clientDeleteProhibited","clientRenewProhibited","clientTransferProhibited","clientUpdateProhibited"
"80","motaafi.net","2020-05-06 19:01:55","2020-05-04","2020-05-04","2021-05-04","146","GoDaddy.com, LLC","whois.godaddy.com","http://registrar.godaddy.com","motaafi","motaafi","","","hail","","Saudi Arabia","","","","","","","","","","","","","","","","","","","","","","","","","","","","","","","","","","ns29.domaincontrol.com","ns30.domaincontrol.com","","","clientDeleteProhibited","clientRenewProhibited","clientTransferProhibited","clientUpdateProhibited"
"81","mujlahnews.com","2020-05-07 00:45:26","2020-05-04","2020-05-04","2021-05-04","146","GoDaddy.com, LLC","whois.godaddy.com","http://registrar.godaddy.com","","","","","MAKKAH","","Saudi Arabia","","","","","","","","","","","","","","","","","","","","","","","","","","","","","","","","","","ns41.domaincontrol.com","ns42.domaincontrol.com","","","clientDeleteProhibited","clientRenewProhibited","clientTransferProhibited","clientUpdateProhibited"
"82","nawajel.com","2020-05-06 20:58:58","2020-05-04","2020-05-04","2021-05-04","48","eNom, Inc.","whois.enom.com","http://www.enom.com","REDACTED FOR PRIVACY","REDACTED FOR PRIVACY","REDACTED FOR PRIVACY","REDACTED FOR PRIVACY","Riyadh","REDACTED FOR PRIVACY","Saudi Arabia","","REDACTED FOR PRIVACY","REDACTED FOR PRIVACY","REDACTED FOR PRIVACY","REDACTED FOR PRIVACY","REDACTED FOR PRIVACY","REDACTED FOR PRIVACY","REDACTED FOR PRIVACY","REDACTED FOR PRIVACY","REDACTED FOR PRIVACY","","REDACTED FOR PRIVACY","REDACTED FOR PRIVACY","REDACTED FOR PRIVACY","REDACTED FOR PRIVACY","REDACTED FOR PRIVACY","REDACTED FOR PRIVACY","REDACTED FOR PRIVACY","REDACTED FOR PRIVACY","REDACTED FOR PRIVACY","","REDACTED FOR PRIVACY","REDACTED FOR PRIVACY","","","","","","","","","","","ns1.s442.sureserver.com","ns2.s442.sureserver.com","","","addPeriod","clientTransferProhibited","",""
"83","nllu.net","2020-05-06 19:01:51","2020-05-05","2020-05-05","2021-05-05","48","eNom, Inc.","whois.enom.com","http://www.enom.com","REDACTED FOR PRIVACY","REDACTED FOR PRIVACY","REDACTED FOR PRIVACY","REDACTED FOR PRIVACY","Riyadh","REDACTED FOR PRIVACY","Saudi Arabia","","REDACTED FOR PRIVACY","REDACTED FOR PRIVACY","REDACTED FOR PRIVACY","REDACTED FOR PRIVACY","REDACTED FOR PRIVACY","REDACTED FOR PRIVACY","REDACTED FOR PRIVACY","REDACTED FOR PRIVACY","REDACTED FOR PRIVACY","","REDACTED FOR PRIVACY","REDACTED FOR PRIVACY","REDACTED FOR PRIVACY","REDACTED FOR PRIVACY","REDACTED FOR PRIVACY","REDACTED FOR PRIVACY","REDACTED FOR PRIVACY","REDACTED FOR PRIVACY","REDACTED FOR PRIVACY","","REDACTED FOR PRIVACY","REDACTED FOR PRIVACY","","","","","","","","","","","ns1.exaservers.com","ns2.exaservers.com","ns3.exaservers.com","ns4.exaservers.com","addPeriod","clientTransferProhibited","",""
"84","nqraa.net","2020-05-06 19:01:49","2020-05-04","2020-05-04","2021-05-04","1327","Vitalwerks Internet Solutions, LLC DBA No-IP","whois.no-ip.com","http://www.no-ip.com","abdedlkarim, ahmed","nqraa","yarmouk","Riyadh","Ryiadh","11673","Saudi Arabia","nqraa.it@gmail.com","+54.3568789","","abdedlkarim, ahmed","","yarmouk","Riyadh","Ryiadh","11673","Saudi Arabia","nqraa.it@gmail.com","+54.3568789","","abdedlkarim, ahmed","nqraa","yarmouk","Riyadh","Ryiadh","11673","Saudi Arabia","nqraa.it@gmail.com","+54.3568789","","abdedlkarim, ahmed","nqraa","yarmouk","Riyadh","Ryiadh","11673","Saudi Arabia","nqraa.it@gmail.com","+54.3568789","","static-1.no-ip.com","static-2.no-ip.com","static-3.no-ip.com","","clientTransferProhibited","","",""
"85","nuphar-perfume.com","2020-05-06 20:44:15","2020-05-04","2020-05-04","2021-05-04","625","Name.com, Inc.","whois.name.com","http://www.name.com","Nawaf Hariri","Salla","P.O.Box13867","Makkah","Makkah","21955","Saudi Arabia","domains@salla.sa","+966.544444444","","Nawaf Hariri","Salla","P.O.Box13867","Makkah","Makkah","21955","Saudi Arabia","domains@salla.sa","+966.544444444","","Nawaf Hariri","Salla","P.O.Box13867","Makkah","Makkah","21955","Saudi Arabia","domains@salla.sa","+966.544444444","","","","","","","","","","","","donald.ns.cloudflare.com","leia.ns.cloudflare.com","","","addPeriod","clientTransferProhibited","",""
"86","octtob.com","2020-05-06 22:19:13","2020-05-05","2020-05-05","2021-05-05","625","Name.com, Inc.","whois.name.com","http://www.name.com","Saleh Mulhi","MULHI","home No 43 , madina","madina","madina","41553","Saudi Arabia","salehit@msn.com","+966.550066155","","Saleh Mulhi","MULHI","home No 43 , madina","madina","madina","41553","Saudi Arabia","salehit@msn.com","+966.550066155","","Saleh Mulhi","MULHI","home No 43 , madina","madina","madina","41553","Saudi Arabia","salehit@msn.com","+966.550066155","","","","","","","","","","","","ns1mtw.name.com","ns2glx.name.com","ns3cjl.name.com","ns4ksy.name.com","addPeriod","clientTransferProhibited","",""
"87","optyserve.com","2020-05-06 23:19:21","2020-05-05","2020-05-05","2021-05-05","146","GoDaddy.com, LLC","whois.godaddy.com","http://registrar.godaddy.com","","","","","","","Saudi Arabia","","","","","","","","","","","","","","","","","","","","","","","","","","","","","","","","","","ns77.domaincontrol.com","ns78.domaincontrol.com","","","clientDeleteProhibited","clientRenewProhibited","clientTransferProhibited","clientUpdateProhibited"
"88","osamairfan.com","2020-05-07 00:38:59","2020-05-04","2020-05-04","2021-05-04","146","GoDaddy.com, LLC","whois.godaddy.com","http://registrar.godaddy.com","","","","","MAKKAH","","Saudi Arabia","","","","","","","","","","","","","","","","","","","","","","","","","","","","","","","","","","ns49.domaincontrol.com","ns50.domaincontrol.com","","","clientDeleteProhibited","clientRenewProhibited","clientTransferProhibited","clientUpdateProhibited"
"89","oudalanoud.com","2020-05-07 00:09:36","2020-05-05","2020-05-05","2021-05-05","625","Name.com, Inc.","whois.name.com","http://www.name.com","Nawaf Hariri","Salla","P.O.Box13867","Makkah","Makkah","21955","Saudi Arabia","domains@salla.sa","+966.544444444","","Nawaf Hariri","Salla","P.O.Box13867","Makkah","Makkah","21955","Saudi Arabia","domains@salla.sa","+966.544444444","","Nawaf Hariri","Salla","P.O.Box13867","Makkah","Makkah","21955","Saudi Arabia","domains@salla.sa","+966.544444444","","","","","","","","","","","","donald.ns.cloudflare.com","leia.ns.cloudflare.com","","","addPeriod","clientTransferProhibited","",""
"90","rowadtechs.com","2020-05-07 00:26:55","2020-05-05","2020-05-05","2021-05-05","625","Name.com, Inc.","whois.name.com","http://www.name.com","Nawaf Hariri","Salla","P.O.Box13867","Makkah","Makkah","21955","Saudi Arabia","domains@salla.sa","+966.544444444","","Nawaf Hariri","Salla","P.O.Box13867","Makkah","Makkah","21955","Saudi Arabia","domains@salla.sa","+966.544444444","","Nawaf Hariri","Salla","P.O.Box13867","Makkah","Makkah","21955","Saudi Arabia","domains@salla.sa","+966.544444444","","","","","","","","","","","","donald.ns.cloudflare.com","leia.ns.cloudflare.com","","","addPeriod","clientTransferProhibited","",""
"91","saham1.com","2020-05-07 00:28:06","2020-05-05","2020-05-05","2021-05-05","625","Name.com, Inc.","whois.name.com","http://www.name.com","Nawaf Hariri","Salla","P.O.Box13867","Makkah","Makkah","21955","Saudi Arabia","domains@salla.sa","+966.544444444","","Nawaf Hariri","Salla","P.O.Box13867","Makkah","Makkah","21955","Saudi Arabia","domains@salla.sa","+966.544444444","","Nawaf Hariri","Salla","P.O.Box13867","Makkah","Makkah","21955","Saudi Arabia","domains@salla.sa","+966.544444444","","","","","","","","","","","","donald.ns.cloudflare.com","leia.ns.cloudflare.com","","","addPeriod","clientTransferProhibited","",""
"92","sahbatsayijara.com","2020-05-07 00:49:48","2020-05-04","2020-05-04","2021-05-04","625","Name.com, Inc.","whois.name.com","http://www.name.com","Nawaf Hariri","Salla","P.O.Box13867","Makkah","Makkah","21955","Saudi Arabia","domains@salla.sa","+966.544444444","","Nawaf Hariri","Salla","P.O.Box13867","Makkah","Makkah","21955","Saudi Arabia","domains@salla.sa","+966.544444444","","Nawaf Hariri","Salla","P.O.Box13867","Makkah","Makkah","21955","Saudi Arabia","domains@salla.sa","+966.544444444","","","","","","","","","","","","donald.ns.cloudflare.com","leia.ns.cloudflare.com","","","addPeriod","clientTransferProhibited","",""
"93","salinestore.com","2020-05-06 21:33:50","2020-05-04","2020-05-04","2021-05-04","146","GoDaddy.com, LLC","whois.godaddy.com","http://registrar.godaddy.com","","","","","Yanbu","","Saudi Arabia","","","","","","","","","","","","","","","","","","","","","","","","","","","","","","","","","","ns49.domaincontrol.com","ns50.domaincontrol.com","","","clientDeleteProhibited","clientRenewProhibited","clientTransferProhibited","clientUpdateProhibited"
"94","sallatward.com","2020-05-06 21:04:11","2020-05-04","2020-05-04","2022-05-04","146","GoDaddy.com, LLC","whois.godaddy.com","http://registrar.godaddy.com","","","","","Alhasa","","Saudi Arabia","","","","","","","","","","","","","","","","","","","","","","","","","","","","","","","","","","ns41.domaincontrol.com","ns42.domaincontrol.com","","","clientDeleteProhibited","clientRenewProhibited","clientTransferProhibited","clientUpdateProhibited"
"95","saudieon.com","2020-05-06 22:44:54","2020-05-05","2020-05-05","2021-05-05","303","PDR Ltd. d/b/a PublicDomainRegistry.com","whois.publicdomainregistry.com","http://www.publicdomainregistry.com","Ali Al Nasser","OUTLETIS.COM","Eastern Province","Qatif","Eastern","31911","Saudi Arabia","sa.fixme@gmail.com","+966.578310101","","Ali Al Nasser","OUTLETIS.COM","Eastern Province","Qatif","Eastern","31911","Saudi Arabia","sa.fixme@gmail.com","+966.578310101","","Ali Al Nasser","OUTLETIS.COM","Eastern Province","Qatif","Eastern","31911","Saudi Arabia","sa.fixme@gmail.com","+966.578310101","","","","","","","","","","","","ns1.dns-parking.com","ns2.dns-parking.com","","","clientTransferProhibited","","",""
"96","saudioc.com","2020-05-06 20:34:49","2020-05-05","2020-05-05","2021-05-05","146","GoDaddy.com, LLC","whois.godaddy.com","http://registrar.godaddy.com","Bi","Bi","","","\u0627\u0644\u0631\u064a\u0627\u0636","","Saudi Arabia","","","","","","","","","","","","","","","","","","","","","","","","","","","","","","","","","","ns01.000webhost.com","ns02.000webhost.com","","","clientDeleteProhibited","clientRenewProhibited","clientTransferProhibited","clientUpdateProhibited"
"97","saudisamrtstores.com","2020-05-06 21:14:03","2020-05-04","2020-05-04","2021-05-04","146","GoDaddy.com, LLC","whois.godaddy.com","http://registrar.godaddy.com","","","","","taif","","Saudi Arabia","","","","","","","","","","","","","","","","","","","","","","","","","","","","","","","","","","ns73.domaincontrol.com","ns74.domaincontrol.com","","","clientDeleteProhibited","clientRenewProhibited","clientTransferProhibited","clientUpdateProhibited"
"98","saudismartstores.com","2020-05-06 21:37:42","2020-05-04","2020-05-04","2022-05-04","146","GoDaddy.com, LLC","whois.godaddy.com","http://registrar.godaddy.com","","","","","taif","","Saudi Arabia","","","","","","","","","","","","","","","","","","","","","","","","","","","","","","","","","","decker.ns.cloudflare.com","mckenzie.ns.cloudflare.com","","","clientDeleteProhibited","clientRenewProhibited","clientTransferProhibited","clientUpdateProhibited"
"99","saz4u.com","2020-05-06 22:28:36","2020-05-05","2020-05-05","2021-05-05","48","eNom, Inc.","whois.enom.com","http://www.enom.com","REDACTED FOR PRIVACY","REDACTED FOR PRIVACY","REDACTED FOR PRIVACY","REDACTED FOR PRIVACY","Riyadh","REDACTED FOR PRIVACY","Saudi Arabia","","REDACTED FOR PRIVACY","REDACTED FOR PRIVACY","REDACTED FOR PRIVACY","REDACTED FOR PRIVACY","REDACTED FOR PRIVACY","REDACTED FOR PRIVACY","REDACTED FOR PRIVACY","REDACTED FOR PRIVACY","REDACTED FOR PRIVACY","","REDACTED FOR PRIVACY","REDACTED FOR PRIVACY","REDACTED FOR PRIVACY","REDACTED FOR PRIVACY","REDACTED FOR PRIVACY","REDACTED FOR PRIVACY","REDACTED FOR PRIVACY","REDACTED FOR PRIVACY","REDACTED FOR PRIVACY","","REDACTED FOR PRIVACY","REDACTED FOR PRIVACY","","","","","","","","","","","ns1.a2hosting.com","ns2.a2hosting.com","ns3.a2hosting.com","ns4.a2hosting.com","addPeriod","clientTransferProhibited","",""
"100","seder-eng.com","2020-05-06 22:32:08","2020-05-05","2020-05-05","2021-05-05","48","eNom, Inc.","whois.enom.com","http://www.enom.com","REDACTED FOR PRIVACY","REDACTED FOR PRIVACY","REDACTED FOR PRIVACY","REDACTED FOR PRIVACY","CP","REDACTED FOR PRIVACY","Saudi Arabia","","REDACTED FOR PRIVACY","REDACTED FOR PRIVACY","REDACTED FOR PRIVACY","REDACTED FOR PRIVACY","REDACTED FOR PRIVACY","REDACTED FOR PRIVACY","REDACTED FOR PRIVACY","REDACTED FOR PRIVACY","REDACTED FOR PRIVACY","","REDACTED FOR PRIVACY","REDACTED FOR PRIVACY","REDACTED FOR PRIVACY","REDACTED FOR PRIVACY","REDACTED FOR PRIVACY","REDACTED FOR PRIVACY","REDACTED FOR PRIVACY","REDACTED FOR PRIVACY","REDACTED FOR PRIVACY","","REDACTED FOR PRIVACY","REDACTED FOR PRIVACY","","","","","","","","","","","ns1.cyberia.net.sa","ns2.cyberia.net.sa","","","addPeriod","clientTransferProhibited","",""
"101","sehaweghethaa.com","2020-05-06 19:25:42","2020-05-05","2020-05-05","2021-05-05","146","GoDaddy.com, LLC","whois.godaddy.com","http://registrar.godaddy.com","","","","","Eastern Province","","Saudi Arabia","","","","","","","","","","","","","","","","","","","","","","","","","","","","","","","","","","ns1.almobawabah.com","ns2.almobawabah.com","","","clientDeleteProhibited","clientRenewProhibited","clientTransferProhibited","clientUpdateProhibited"
"102","selfstoragesaudi.com","2020-05-07 00:53:35","2020-05-04","2020-05-04","2021-05-04","146","GoDaddy.com, LLC","whois.godaddy.com","http://registrar.godaddy.com","","","","","Eastern","","Saudi Arabia","","","","","","","","","","","","","","","","","","","","","","","","","","","","","","","","","","ns63.domaincontrol.com","ns64.domaincontrol.com","","","clientDeleteProhibited","clientRenewProhibited","clientTransferProhibited","clientUpdateProhibited"
"103","shoppingcartshop.com","2020-05-07 00:09:26","2020-05-05","2020-05-05","2021-05-05","625","Name.com, Inc.","whois.name.com","http://www.name.com","Nawaf Hariri","Salla","P.O.Box13867","Makkah","Makkah","21955","Saudi Arabia","domains@salla.sa","+966.544444444","","Nawaf Hariri","Salla","P.O.Box13867","Makkah","Makkah","21955","Saudi Arabia","domains@salla.sa","+966.544444444","","Nawaf Hariri","Salla","P.O.Box13867","Makkah","Makkah","21955","Saudi Arabia","domains@salla.sa","+966.544444444","","","","","","","","","","","","donald.ns.cloudflare.com","leia.ns.cloudflare.com","","","addPeriod","clientTransferProhibited","",""
"104","sportsclubstore1.com","2020-05-07 00:29:06","2020-05-05","2020-05-05","2021-05-05","146","GoDaddy.com, LLC","whois.godaddy.com","http://registrar.godaddy.com","","","","","\u0627\u0644\u0645\u0646\u0637\u0642\u0629 \u0627\","","Saudi Arabia","","","","","","","","","","","","","","","","","","","","","","","","","","","","","","","","","","ns77.domaincontrol.com","ns78.domaincontrol.com","","","clientDeleteProhibited","clientRenewProhibited","clientTransferProhibited","clientUpdateProhibited"
"105","storebmh.com","2020-05-06 20:31:56","2020-05-05","2020-05-05","2021-05-05","625","Name.com, Inc.","whois.name.com","http://www.name.com","Nawaf Hariri","Salla","P.O.Box13867","Makkah","Makkah","21955","Saudi Arabia","domains@salla.sa","+966.544444444","","Nawaf Hariri","Salla","P.O.Box13867","Makkah","Makkah","21955","Saudi Arabia","domains@salla.sa","+966.544444444","","Nawaf Hariri","Salla","P.O.Box13867","Makkah","Makkah","21955","Saudi Arabia","domains@salla.sa","+966.544444444","","","","","","","","","","","","donald.ns.cloudflare.com","leia.ns.cloudflare.com","","","addPeriod","clientTransferProhibited","",""
"106","taataar.com","2020-05-07 00:45:24","2020-05-04","2020-05-04","2021-05-04","48","eNom, Inc.","whois.enom.com","http://www.enom.com","REDACTED FOR PRIVACY","REDACTED FOR PRIVACY","REDACTED FOR PRIVACY","REDACTED FOR PRIVACY","rbeea","REDACTED FOR PRIVACY","Saudi Arabia","","REDACTED FOR PRIVACY","REDACTED FOR PRIVACY","REDACTED FOR PRIVACY","REDACTED FOR PRIVACY","REDACTED FOR PRIVACY","REDACTED FOR PRIVACY","REDACTED FOR PRIVACY","REDACTED FOR PRIVACY","REDACTED FOR PRIVACY","","REDACTED FOR PRIVACY","REDACTED FOR PRIVACY","REDACTED FOR PRIVACY","REDACTED FOR PRIVACY","REDACTED FOR PRIVACY","REDACTED FOR PRIVACY","REDACTED FOR PRIVACY","REDACTED FOR PRIVACY","REDACTED FOR PRIVACY","","REDACTED FOR PRIVACY","REDACTED FOR PRIVACY","","","","","","","","","","","ns1.a2hosting.com","ns2.a2hosting.com","ns3.a2hosting.com","ns4.a2hosting.com","addPeriod","clientTransferProhibited","",""
"107","taic-pifsa.com","2020-05-06 19:14:14","2020-05-04","2020-05-06","2021-05-04","1479","Namesilo, LLC","whois.namesilo.com","http://www.namesilo.com","Mohammad bin Salman Al-Saud","","P. O Box 4009","Riyadh","Riyadh","11491","Saudi Arabia","aaa.harris@yahoo.com","+966.114760601","","Mohammad bin Salman Al-Saud","","P. O Box 4009","Riyadh","Riyadh","11491","Saudi Arabia","aaa.harris@yahoo.com","+966.114760601","","Mohammad bin Salman Al-Saud","","P. O Box 4009","Riyadh","Riyadh","11491","Saudi Arabia","aaa.harris@yahoo.com","+966.114760601","","","","","","","","","","","","ns1.qhoster.net","ns2.qhoster.net","ns3.qhoster.net","ns4.qhoster.net","clientTransferProhibited","","",""
"108","tarmeems.com","2020-05-06 22:25:18","2020-05-05","2020-05-05","2021-05-05","146","GoDaddy.com, LLC","whois.godaddy.com","http://registrar.godaddy.com","\u0634\u0631\u0643\u0629 \u0627\u0644\u0623\u0648\u0628\u064a\u0","\u0634\u0631\u0643\u0629 \u0627\u0644\u0623\u0648\u0628\u064a\u0","","","\u0627\u0644\u0631\u064a\u0627\u0636","","Saudi Arabia","","","","","","","","","","","","","","","","","","","","","","","","","","","","","","","","","","ns29.domaincontrol.com","ns30.domaincontrol.com","","","clientDeleteProhibited","clientRenewProhibited","clientTransferProhibited","clientUpdateProhibited"
"109","tebiaan.com","2020-05-07 00:54:20","2020-05-04","2020-05-04","2021-05-04","625","Name.com, Inc.","whois.name.com","http://www.name.com","Nawaf Hariri","Salla","P.O.Box13867","Makkah","Makkah","21955","Saudi Arabia","domains@salla.sa","+966.544444444","","Nawaf Hariri","Salla","P.O.Box13867","Makkah","Makkah","21955","Saudi Arabia","domains@salla.sa","+966.544444444","","Nawaf Hariri","Salla","P.O.Box13867","Makkah","Makkah","21955","Saudi Arabia","domains@salla.sa","+966.544444444","","","","","","","","","","","","donald.ns.cloudflare.com","leia.ns.cloudflare.com","","","addPeriod","clientTransferProhibited","",""
"110","tech-land1.com","2020-05-06 23:53:20","2020-05-05","2020-05-05","2021-05-05","625","Name.com, Inc.","whois.name.com","http://www.name.com","Nawaf Hariri","Salla","P.O.Box13867","Makkah","Makkah","21955","Saudi Arabia","domains@salla.sa","+966.544444444","","Nawaf Hariri","Salla","P.O.Box13867","Makkah","Makkah","21955","Saudi Arabia","domains@salla.sa","+966.544444444","","Nawaf Hariri","Salla","P.O.Box13867","Makkah","Makkah","21955","Saudi Arabia","domains@salla.sa","+966.544444444","","","","","","","","","","","","donald.ns.cloudflare.com","leia.ns.cloudflare.com","","","addPeriod","clientTransferProhibited","",""
"111","technical-times.com","2020-05-06 23:13:59","2020-05-05","2020-05-05","2021-05-05","146","GoDaddy.com, LLC","whois.godaddy.com","http://registrar.godaddy.com","technical times","technical times","","","\u0627\u0644\u0631\u064a\u0627\u0636","","Saudi Arabia","","","","","","","","","","","","","","","","","","","","","","","","","","","","","","","","","","ns1.bluehost.com","ns2.bluehost.com","","","clientDeleteProhibited","clientRenewProhibited","clientTransferProhibited","clientUpdateProhibited"
"112","testuashi.com","2020-05-06 19:18:30","2020-05-05","2020-05-05","2021-05-05","146","GoDaddy.com, LLC","whois.godaddy.com","http://registrar.godaddy.com","","","","","\u0645\u0643\u0647","","Saudi Arabia","","","","","","","","","","","","","","","","","","","","","","","","","","","","","","","","","","ns77.domaincontrol.com","ns78.domaincontrol.com","","","clientDeleteProhibited","clientRenewProhibited","clientTransferProhibited","clientUpdateProhibited"
"113","theskyphone.com","2020-05-07 00:50:12","2020-05-04","2020-05-04","2021-05-04","625","Name.com, Inc.","whois.name.com","http://www.name.com","Nawaf Hariri","Salla","P.O.Box13867","Makkah","Makkah","21955","Saudi Arabia","domains@salla.sa","+966.544444444","","Nawaf Hariri","Salla","P.O.Box13867","Makkah","Makkah","21955","Saudi Arabia","domains@salla.sa","+966.544444444","","Nawaf Hariri","Salla","P.O.Box13867","Makkah","Makkah","21955","Saudi Arabia","domains@salla.sa","+966.544444444","","","","","","","","","","","","donald.ns.cloudflare.com","leia.ns.cloudflare.com","","","addPeriod","clientTransferProhibited","",""
"114","tnseqw09.com","2020-05-06 19:14:09","2020-05-04","2020-05-04","2021-05-04","433","OVH sas","whois.ovh.com","http://www.ovh.com","REDACTED FOR PRIVACY","","REDACTED FOR PRIVACY","REDACTED FOR PRIVACY","","REDACTED FOR PRIVACY","Saudi Arabia","2vwvvp9n6fent4y4gu8x@d.o-w-o.info","REDACTED FOR PRIVACY","REDACTED FOR PRIVACY","REDACTED FOR PRIVACY","REDACTED FOR PRIVACY","REDACTED FOR PRIVACY","REDACTED FOR PRIVACY","REDACTED FOR PRIVACY","REDACTED FOR PRIVACY","REDACTED FOR PRIVACY","cdlbp5mhlal5u87rzp1i@m.o-w-o.info","REDACTED FOR PRIVACY","REDACTED FOR PRIVACY","REDACTED FOR PRIVACY","REDACTED FOR PRIVACY","REDACTED FOR PRIVACY","REDACTED FOR PRIVACY","REDACTED FOR PRIVACY","REDACTED FOR PRIVACY","REDACTED FOR PRIVACY","cdlbp5mhlal5u87rzp1i@m.o-w-o.info","REDACTED FOR PRIVACY","REDACTED FOR PRIVACY","","","","","","","","","","","dns110.ovh.net","ns110.ovh.net","","","clientDeleteProhibited","clientTransferProhibited","",""
"115","topaz-cemter.com","2020-05-06 19:29:52","2020-05-05","2020-05-05","2021-05-05","625","Name.com, Inc.","whois.name.com","http://www.name.com","mohamed Ahmed","Tasawk","Salah aldin al ayubi al malaz , Riyadh ksa","Riyadh","Riyadh","11141","Saudi Arabia","t@tasawk.com","+966.543812067","","mohamed Ahmed","Tasawk","Salah aldin al ayubi al malaz , Riyadh ksa","Riyadh","Riyadh","11141","Saudi Arabia","t@tasawk.com","+966.543812067","","mohamed Ahmed","Tasawk","Salah aldin al ayubi al malaz , Riyadh ksa","Riyadh","Riyadh","11141","Saudi Arabia","t@tasawk.com","+966.543812067","","","","","","","","","","","","dns3.tasawk.com","dns4.tasawk.com","","","addPeriod","clientTransferProhibited","",""
"116","urdo-news.com","2020-05-06 19:31:42","2020-05-05","2020-05-05","2022-05-05","146","GoDaddy.com, LLC","whois.godaddy.com","http://registrar.godaddy.com","news","news","","","pakistan","","Saudi Arabia","","","","","","","","","","","","","","","","","","","","","","","","","","","","","","","","","","ns77.domaincontrol.com","ns78.domaincontrol.com","","","clientDeleteProhibited","clientRenewProhibited","clientTransferProhibited","clientUpdateProhibited"
"117","utprod.com","2020-05-06 21:30:42","2020-05-04","2020-05-04","2022-05-04","69","Tucows Domains Inc.","whois.tucows.com","http://domainhelp.opensrs.net","REDACTED FOR PRIVACY","REDACTED FOR PRIVACY","REDACTED FOR PRIVACY","REDACTED FOR PRIVACY","Yanbu","REDACTED FOR PRIVACY","Saudi Arabia","","REDACTED FOR PRIVACY","REDACTED FOR PRIVACY","REDACTED FOR PRIVACY","REDACTED FOR PRIVACY","REDACTED FOR PRIVACY","REDACTED FOR PRIVACY","REDACTED FOR PRIVACY","REDACTED FOR PRIVACY","REDACTED FOR PRIVACY","","REDACTED FOR PRIVACY","REDACTED FOR PRIVACY","REDACTED FOR PRIVACY","REDACTED FOR PRIVACY","REDACTED FOR PRIVACY","REDACTED FOR PRIVACY","REDACTED FOR PRIVACY","REDACTED FOR PRIVACY","REDACTED FOR PRIVACY","","REDACTED FOR PRIVACY","REDACTED FOR PRIVACY","","","","","","","","","","","ns1.arvixeshared.com","ns2.arvixeshared.com","","","clientTransferProhibited","clientUpdateProhibited","",""
"118","wisteriaadesign.com","2020-05-07 00:56:18","2020-05-04","2020-05-04","2021-05-04","625","Name.com, Inc.","whois.name.com","http://www.name.com","Nawaf Hariri","Salla","P.O.Box13867","Makkah","Makkah","21955","Saudi Arabia","domains@salla.sa","+966.544444444","","Nawaf Hariri","Salla","P.O.Box13867","Makkah","Makkah","21955","Saudi Arabia","domains@salla.sa","+966.544444444","","Nawaf Hariri","Salla","P.O.Box13867","Makkah","Makkah","21955","Saudi Arabia","domains@salla.sa","+966.544444444","","","","","","","","","","","","donald.ns.cloudflare.com","leia.ns.cloudflare.com","","","addPeriod","clientTransferProhibited","",""
"119","xn-----xsdsboc2bqbf3bzlbv5aj3a5d.com","2020-05-06 22:52:58","2020-05-05","2020-05-05","2022-05-05","146","GoDaddy.com, LLC","whois.godaddy.com","http://registrar.godaddy.com","","","","","CP","","Saudi Arabia","","","","","","","","","","","","","","","","","","","","","","","","","","","","","","","","","","ns41.domaincontrol.com","ns42.domaincontrol.com","","","clientDeleteProhibited","clientRenewProhibited","clientTransferProhibited","clientUpdateProhibited"
"120","zonicsystem.com","2020-05-06 21:34:44","2020-05-04","2020-05-04","2021-05-04","1154","FastDomain Inc.","whois.fastdomain.com","http://www.fastdomain.com","AHMED ALJAJAH","TIMTIK","ABHA - ALMANSAK - DR HAMZAH BUILDING","ABHA","","61961","Saudi Arabia","ahmad.aljajeh@hotmail.com","+966.535753055","","AHMED ALJAJAH","TIMTIK","ABHA - ALMANSAK - DR HAMZAH BUILDING","ABHA","","61961","Saudi Arabia","ahmad.aljajeh@hotmail.com","+966.535753055","","REGISTRARADS INC. INC.","REGISTRARADS, INC.","8100 NE PARKWAY DR STE 300","VANCOUVER,","WASHINGTON","98662","United States","buysdomains@gmail.com","+1.3602532210","","","","","","","","","","","","ns1.timtik.com","ns2.timtik.com","","","clientTransferProhibited","","",""
"121","zuhaifara21.com","2020-05-07 01:09:28","2020-05-04","2020-05-04","2021-05-04","48","eNom, Inc.","whois.enom.com","http://www.enom.com","REDACTED FOR PRIVACY","REDACTED FOR PRIVACY","REDACTED FOR PRIVACY","REDACTED FOR PRIVACY","Riyadh","REDACTED FOR PRIVACY","Saudi Arabia","","REDACTED FOR PRIVACY","REDACTED FOR PRIVACY","REDACTED FOR PRIVACY","REDACTED FOR PRIVACY","REDACTED FOR PRIVACY","REDACTED FOR PRIVACY","REDACTED FOR PRIVACY","REDACTED FOR PRIVACY","REDACTED FOR PRIVACY","","REDACTED FOR PRIVACY","REDACTED FOR PRIVACY","REDACTED FOR PRIVACY","REDACTED FOR PRIVACY","REDACTED FOR PRIVACY","REDACTED FOR PRIVACY","REDACTED FOR PRIVACY","REDACTED FOR PRIVACY","REDACTED FOR PRIVACY","","REDACTED FOR PRIVACY","REDACTED FOR PRIVACY","","","","","","","","","","","ns1.supercp.com","ns2.supercp.com","ns3.supercp.com","ns4.supercp.com","addPeriod","clientTransferProhibited","",""