"num","domain_name","query_time","create_date","update_date","expiry_date","domain_registrar_id","domain_registrar_name","domain_registrar_whois","domain_registrar_url","registrant_name","registrant_company","registrant_address","registrant_city","registrant_state","registrant_zip","registrant_country","registrant_email","registrant_phone","registrant_fax","administrative_name","administrative_company","administrative_address","administrative_city","administrative_state","administrative_zip","administrative_country","administrative_email","administrative_phone","administrative_fax","technical_name","technical_company","technical_address","technical_city","technical_state","technical_zip","technical_country","technical_email","technical_phone","technical_fax","billing_name","billing_company","billing_address","billing_city","billing_state","billing_zip","billing_country","billing_email","billing_phone","billing_fax","name_server_1","name_server_2","name_server_3","name_server_4","domain_status_1","domain_status_2","domain_status_3","domain_status_4"
"1","agency4esports.com","2020-05-06 23:29:08","2020-05-05","2020-05-05","2021-05-05","113","CSL Computer Service Langenbach GmbH d/b/a joker.com","whois.joker.com","http://www.joker.com","Lemur Legal d.o.o.","Lemur Legal d.o.o.","","","","","Slovenia","","","","","","","","","","","","","","","","","","","","","","","","","","","","","","","","","","cdns1.controlpanel.si","cdns2.controlpanel.si","","","clientTransferProhibited","","",""
"2","agency4gamers.com","2020-05-06 23:27:08","2020-05-05","2020-05-05","2021-05-05","113","CSL Computer Service Langenbach GmbH d/b/a joker.com","whois.joker.com","http://www.joker.com","Lemur Legal d.o.o.","Lemur Legal d.o.o.","","","","","Slovenia","","","","","","","","","","","","","","","","","","","","","","","","","","","","","","","","","","cdns1.controlpanel.si","cdns2.controlpanel.si","","","clientTransferProhibited","","",""
"3","agents4esports.com","2020-05-06 23:27:21","2020-05-05","2020-05-05","2021-05-05","113","CSL Computer Service Langenbach GmbH d/b/a joker.com","whois.joker.com","http://www.joker.com","Lemur Legal d.o.o.","Lemur Legal d.o.o.","","","","","Slovenia","","","","","","","","","","","","","","","","","","","","","","","","","","","","","","","","","","cdns1.controlpanel.si","cdns2.controlpanel.si","","","clientTransferProhibited","","",""
"4","agents4gamers.com","2020-05-06 23:27:21","2020-05-05","2020-05-05","2021-05-05","113","CSL Computer Service Langenbach GmbH d/b/a joker.com","whois.joker.com","http://www.joker.com","Lemur Legal d.o.o.","Lemur Legal d.o.o.","","","","","Slovenia","","","","","","","","","","","","","","","","","","","","","","","","","","","","","","","","","","cdns1.controlpanel.si","cdns2.controlpanel.si","","","clientTransferProhibited","","",""
"5","ajdalicious.com","2020-05-06 22:44:32","2020-05-05","2020-05-05","2022-05-05","146","GoDaddy.com, LLC","whois.godaddy.com","http://registrar.godaddy.com","","","","","Slovenija","","Slovenia","","","","","","","","","","","","","","","","","","","","","","","","","","","","","","","","","","ns29.domaincontrol.com","ns30.domaincontrol.com","","","clientDeleteProhibited","clientRenewProhibited","clientTransferProhibited","clientUpdateProhibited"
"6","apartment-celje.com","2020-05-06 22:18:33","2020-05-05","2020-05-05","2021-05-05","1505","Gransy s.r.o. d/b/a subreg.cz","whois.regtons.com","http://regtons.com","Not Disclosed Not Disclosed","","Not Disclosed","Not Disclosed","","Not Disclosed","Slovenia","webproxy@whoisprotection.domains","Not Disclosed","Not Disclosed","Not Disclosed Not Disclosed","","Not Disclosed","Not Disclosed","Not Disclosed","Not Disclosed","Not Disclosed","webproxy@whoisprotection.domains","Not Disclosed","Not Disclosed","Not Disclosed Not Disclosed","","Not Disclosed","Not Disclosed","Not Disclosed","Not Disclosed","Not Disclosed","webproxy@whoisprotection.domains","Not Disclosed","Not Disclosed","","","","","","","","","","","ns27.neoserv.si","ns28.neoserv.si","","","clientTransferProhibited","","",""
"7","apis.center","2020-05-06 18:57:59","2020-05-04","2020-05-04","2021-05-04","1505","Gransy s.r.o. d/b/a subreg.cz","whois.regtons.com","http://regtons.com","REDACTED FOR PRIVACY","ZAVOD ZA AVTORSKO PRODUKCIJO, IZOBRAZEVANJE, INOVATIVNOST IN SODELOVANJE","REDACTED FOR PRIVACY","REDACTED FOR PRIVACY","","REDACTED FOR PRIVACY","Slovenia","","REDACTED FOR PRIVACY","REDACTED FOR PRIVACY","","","","","","","","","","","","","","","","","","","","","","","","","","","","","","","","","","","addPeriod","clientTransferProhibited","",""
"8","arionstraps.com","2020-05-06 22:34:20","2020-05-05","2020-05-05","2023-05-05","1505","Gransy s.r.o. d/b/a subreg.cz","whois.regtons.com","http://regtons.com","Not Disclosed Not Disclosed","","Not Disclosed","Not Disclosed","","Not Disclosed","Slovenia","webproxy@whoisprotection.domains","Not Disclosed","Not Disclosed","Not Disclosed Not Disclosed","","Not Disclosed","Not Disclosed","Not Disclosed","Not Disclosed","Not Disclosed","webproxy@whoisprotection.domains","Not Disclosed","Not Disclosed","Not Disclosed Not Disclosed","","Not Disclosed","Not Disclosed","Not Disclosed","Not Disclosed","Not Disclosed","webproxy@whoisprotection.domains","Not Disclosed","Not Disclosed","","","","","","","","","","","ns1.neoserv.si","ns2.neoserv.si","","","clientTransferProhibited","","",""
"9","asianasphalt-th.com","2020-05-06 19:36:00","2020-05-04","2020-05-04","2021-05-04","303","PDR Ltd. d/b/a PublicDomainRegistry.com","whois.publicdomainregistry.com","http://www.publicdomainregistry.com","GDPR Masked","GDPR Masked","GDPR Masked","GDPR Masked","Dunajska 71 1311 Turjak","GDPR Masked","Slovenia","gdpr-masking@gdpr-masked.com","GDPR Masked","GDPR Masked","GDPR Masked","GDPR Masked","GDPR Masked","GDPR Masked","GDPR Masked","GDPR Masked","GDPR Masked","gdpr-masking@gdpr-masked.com","GDPR Masked","GDPR Masked","GDPR Masked","GDPR Masked","GDPR Masked","GDPR Masked","GDPR Masked","GDPR Masked","GDPR Masked","gdpr-masking@gdpr-masked.com","GDPR Masked","GDPR Masked","","","","","","","","","","","earth.monovm.com","mars.monovm.com","mercury.monovm.com","venus.monovm.com","clientTransferProhibited","","",""
"10","bb-radaitor.com","2020-05-06 22:58:00","2020-05-05","2020-05-05","2021-05-05","303","PDR Ltd. d/b/a PublicDomainRegistry.com","whois.publicdomainregistry.com","http://www.publicdomainregistry.com","GDPR Masked","GDPR Masked","GDPR Masked","GDPR Masked","Dunajska 71 1311 Turjak","GDPR Masked","Slovenia","gdpr-masking@gdpr-masked.com","GDPR Masked","GDPR Masked","GDPR Masked","GDPR Masked","GDPR Masked","GDPR Masked","GDPR Masked","GDPR Masked","GDPR Masked","gdpr-masking@gdpr-masked.com","GDPR Masked","GDPR Masked","GDPR Masked","GDPR Masked","GDPR Masked","GDPR Masked","GDPR Masked","GDPR Masked","GDPR Masked","gdpr-masking@gdpr-masked.com","GDPR Masked","GDPR Masked","","","","","","","","","","","earth.monovm.com","mars.monovm.com","mercury.monovm.com","venus.monovm.com","clientTransferProhibited","","",""
"11","biomasanadom.com","2020-05-06 22:40:44","2020-05-05","2020-05-05","2021-05-05","113","CSL Computer Service Langenbach GmbH d/b/a joker.com","whois.joker.com","http://www.joker.com","","","","","","","Slovenia","","","","","","","","","","","","","","","","","","","","","","","","","","","","","","","","","","ns1.contabo.net","ns2.contabo.net","ns3.contabo.net","","clientTransferProhibited","","",""
"12","biznisapp.com","2020-05-06 19:27:45","2020-05-05","2020-05-05","2021-05-05","113","CSL Computer Service Langenbach GmbH d/b/a joker.com","whois.joker.com","http://www.joker.com","","","","","","","Slovenia","","","","","","","","","","","","","","","","","","","","","","","","","","","","","","","","","","ns1.freedns.si","ns2.freedns.si","ns3.freedns.si","","clientTransferProhibited","","",""
"13","cossco-air-cn.com","2020-05-06 22:56:19","2020-05-05","2020-05-05","2021-05-05","303","PDR Ltd. d/b/a PublicDomainRegistry.com","whois.publicdomainregistry.com","http://www.publicdomainregistry.com","GDPR Masked","GDPR Masked","GDPR Masked","GDPR Masked","Dunajska 71 1311 Turjak","GDPR Masked","Slovenia","gdpr-masking@gdpr-masked.com","GDPR Masked","GDPR Masked","GDPR Masked","GDPR Masked","GDPR Masked","GDPR Masked","GDPR Masked","GDPR Masked","GDPR Masked","gdpr-masking@gdpr-masked.com","GDPR Masked","GDPR Masked","GDPR Masked","GDPR Masked","GDPR Masked","GDPR Masked","GDPR Masked","GDPR Masked","GDPR Masked","gdpr-masking@gdpr-masked.com","GDPR Masked","GDPR Masked","","","","","","","","","","","earth.monovm.com","mars.monovm.com","mercury.monovm.com","venus.monovm.com","clientTransferProhibited","","",""
"14","domen-airborne.com","2020-05-06 19:40:23","2020-05-05","2020-05-05","2021-05-05","113","CSL Computer Service Langenbach GmbH d/b/a joker.com","whois.joker.com","http://www.joker.com","","","","","","","Slovenia","","","","","","","","","","","","","","","","","","","","","","","","","","","","","","","","","","cdns1.controlpanel.si","cdns2.controlpanel.si","","","clientTransferProhibited","","",""
"15","dota2exodus.com","2020-05-06 22:07:20","2020-05-04","2020-05-04","2021-05-04","146","GoDaddy.com, LLC","whois.godaddy.com","http://registrar.godaddy.com","","","","","asdsad","","Slovenia","","","","","","","","","","","","","","","","","","","","","","","","","","","","","","","","","","hope.ns.cloudflare.com","mustafa.ns.cloudflare.com","","","clientDeleteProhibited","clientRenewProhibited","clientTransferProhibited","clientUpdateProhibited"
"16","gdprcompliantsite.com","2020-05-06 21:34:00","2020-05-04","2020-05-04","2021-05-04","113","CSL Computer Service Langenbach GmbH d/b/a joker.com","whois.joker.com","http://www.joker.com","Ales Lipicnik - INFORMATIKA s.p.","Ales Lipicnik - INFORMATIKA s.p.","","","","","Slovenia","","","","","","","","","","","","","","","","","","","","","","","","","","","","","","","","","","ns1.informatika.net","ns2.informatika.net","","","clientTransferProhibited","","",""
"17","growthsteam.com","2020-05-06 19:26:13","2020-05-05","2020-05-05","2021-05-05","113","CSL Computer Service Langenbach GmbH d/b/a joker.com","whois.joker.com","http://www.joker.com","","","","","","","Slovenia","","","","","","","","","","","","","","","","","","","","","","","","","","","","","","","","","","cdns1.controlpanel.si","cdns2.controlpanel.si","","","clientTransferProhibited","","",""
"18","hanamerc.com","2020-05-06 23:27:21","2020-05-05","2020-05-05","2021-05-05","113","CSL Computer Service Langenbach GmbH d/b/a joker.com","whois.joker.com","http://www.joker.com","Lemur Legal d.o.o.","Lemur Legal d.o.o.","","","","","Slovenia","","","","","","","","","","","","","","","","","","","","","","","","","","","","","","","","","","cdns1.controlpanel.si","cdns2.controlpanel.si","","","clientTransferProhibited","","",""
"19","happy-farmer.net","2020-05-06 19:02:27","2020-05-05","2020-05-05","2021-05-05","146","GoDaddy.com, LLC","whois.godaddy.com","http://registrar.godaddy.com","Snef.lov d.o.o.","Snef.lov d.o.o.","","","\u017dalec","","Slovenia","","","","","","","","","","","","","","","","","","","","","","","","","","","","","","","","","","ns41.domaincontrol.com","ns42.domaincontrol.com","","","clientDeleteProhibited","clientRenewProhibited","clientTransferProhibited","clientUpdateProhibited"
"20","hi-bagsandbackpacks.com","2020-05-06 20:51:08","2020-05-04","2020-05-04","2021-05-04","1505","Gransy s.r.o. d/b/a subreg.cz","whois.regtons.com","http://regtons.com","Not Disclosed Not Disclosed","MOHORKO MARIJA S.P. - RACUNOVODSKI SERVIS MOHORKO","Not Disclosed","Not Disclosed","","Not Disclosed","Slovenia","webproxy@whoisprotection.domains","Not Disclosed","Not Disclosed","Not Disclosed Not Disclosed","","Not Disclosed","Not Disclosed","Not Disclosed","Not Disclosed","Not Disclosed","webproxy@whoisprotection.domains","Not Disclosed","Not Disclosed","Not Disclosed Not Disclosed","","Not Disclosed","Not Disclosed","Not Disclosed","Not Disclosed","Not Disclosed","webproxy@whoisprotection.domains","Not Disclosed","Not Disclosed","","","","","","","","","","","ns21.neoserv.si","ns22.neoserv.si","","","clientTransferProhibited","","",""
"21","hibagsandbackpacks.com","2020-05-06 20:45:37","2020-05-04","2020-05-04","2021-05-04","1505","Gransy s.r.o. d/b/a subreg.cz","whois.regtons.com","http://regtons.com","Not Disclosed Not Disclosed","MOHORKO MARIJA S.P. - RACUNOVODSKI SERVIS MOHORKO","Not Disclosed","Not Disclosed","","Not Disclosed","Slovenia","webproxy@whoisprotection.domains","Not Disclosed","Not Disclosed","Not Disclosed Not Disclosed","","Not Disclosed","Not Disclosed","Not Disclosed","Not Disclosed","Not Disclosed","webproxy@whoisprotection.domains","Not Disclosed","Not Disclosed","Not Disclosed Not Disclosed","","Not Disclosed","Not Disclosed","Not Disclosed","Not Disclosed","Not Disclosed","webproxy@whoisprotection.domains","Not Disclosed","Not Disclosed","","","","","","","","","","","ns21.neoserv.si","ns22.neoserv.si","","","clientTransferProhibited","","",""
"22","hibox-hinet.com","2020-05-06 22:57:52","2020-05-05","2020-05-05","2021-05-05","303","PDR Ltd. d/b/a PublicDomainRegistry.com","whois.publicdomainregistry.com","http://www.publicdomainregistry.com","GDPR Masked","GDPR Masked","GDPR Masked","GDPR Masked","Dunajska 71 1311 Turjak","GDPR Masked","Slovenia","gdpr-masking@gdpr-masked.com","GDPR Masked","GDPR Masked","GDPR Masked","GDPR Masked","GDPR Masked","GDPR Masked","GDPR Masked","GDPR Masked","GDPR Masked","gdpr-masking@gdpr-masked.com","GDPR Masked","GDPR Masked","GDPR Masked","GDPR Masked","GDPR Masked","GDPR Masked","GDPR Masked","GDPR Masked","GDPR Masked","gdpr-masking@gdpr-masked.com","GDPR Masked","GDPR Masked","","","","","","","","","","","earth.monovm.com","mars.monovm.com","mercury.monovm.com","venus.monovm.com","clientTransferProhibited","","",""
"23","i-millions.net","2020-05-06 19:02:22","2020-05-05","2020-05-05","2021-05-05","146","GoDaddy.com, LLC","whois.godaddy.com","http://registrar.godaddy.com","The Big Game S.A.","The Big Game S.A.","","","Luxembourg","","Slovenia","","","","","","","","","","","","","","","","","","","","","","","","","","","","","","","","","","ns77.domaincontrol.com","ns78.domaincontrol.com","","","clientDeleteProhibited","clientRenewProhibited","clientTransferProhibited","clientUpdateProhibited"
"24","i-millions.pro","2020-05-06 19:09:58","2020-05-05","2020-05-05","2021-05-05","146","GoDaddy.com, LLC","whois.godaddy.com","http://registrar.godaddy.com","The Big Game S.A.","The Big Game S.A.","","","Luxembourg","","Slovenia","","","","","","","","","","","","","","","","","","","","","","","","","","","","","","","","","","ns63.domaincontrol.com","ns64.domaincontrol.com","","","addPeriod","clientDeleteProhibited","clientRenewProhibited","clientTransferProhibited"
"25","ifeelvelikaplanina.com","2020-05-06 19:31:42","2020-05-05","2020-05-05","2021-05-05","839","Realtime Register B.V.","whois.yoursrs.com","http://www.realtimeregister.com","REDACTED FOR PRIVACY","REDACTED FOR PRIVACY","REDACTED FOR PRIVACY","REDACTED FOR PRIVACY","SI","REDACTED FOR PRIVACY","Slovenia","","REDACTED FOR PRIVACY","REDACTED FOR PRIVACY","REDACTED FOR PRIVACY","REDACTED FOR PRIVACY","REDACTED FOR PRIVACY","REDACTED FOR PRIVACY","REDACTED FOR PRIVACY","REDACTED FOR PRIVACY","REDACTED FOR PRIVACY","","REDACTED FOR PRIVACY","REDACTED FOR PRIVACY","REDACTED FOR PRIVACY","REDACTED FOR PRIVACY","REDACTED FOR PRIVACY","REDACTED FOR PRIVACY","REDACTED FOR PRIVACY","REDACTED FOR PRIVACY","REDACTED FOR PRIVACY","","REDACTED FOR PRIVACY","REDACTED FOR PRIVACY","","","","","","","","","","","ns1.yoursrs.com","ns2.yoursrs.com","","","clientTransferProhibited","","",""
"26","imillions.pro","2020-05-06 19:09:59","2020-05-05","2020-05-05","2021-05-05","146","GoDaddy.com, LLC","whois.godaddy.com","http://registrar.godaddy.com","The Big Game S.A.","The Big Game S.A.","","","Luxembourg","","Slovenia","","","","","","","","","","","","","","","","","","","","","","","","","","","","","","","","","","ns29.domaincontrol.com","ns30.domaincontrol.com","","","addPeriod","clientDeleteProhibited","clientRenewProhibited","clientTransferProhibited"
"27","innovationoperative.net","2020-05-06 19:02:19","2020-05-05","2020-05-05","2021-05-05","303","PDR Ltd. d/b/a PublicDomainRegistry.com","whois.publicdomainregistry.com","http://www.publicdomainregistry.com","GDPR Masked","GDPR Masked","GDPR Masked","GDPR Masked","Podravska","GDPR Masked","Slovenia","gdpr-masking@gdpr-masked.com","GDPR Masked","GDPR Masked","GDPR Masked","GDPR Masked","GDPR Masked","GDPR Masked","GDPR Masked","GDPR Masked","GDPR Masked","gdpr-masking@gdpr-masked.com","GDPR Masked","GDPR Masked","GDPR Masked","GDPR Masked","GDPR Masked","GDPR Masked","GDPR Masked","GDPR Masked","GDPR Masked","gdpr-masking@gdpr-masked.com","GDPR Masked","GDPR Masked","","","","","","","","","","","emz.earth.orderbox-dns.com","emz.mars.orderbox-dns.com","emz.mercury.orderbox-dns.com","emz.venus.orderbox-dns.com","clientTransferProhibited","","",""
"28","jeilndustrial.com","2020-05-06 22:58:13","2020-05-05","2020-05-05","2021-05-05","303","PDR Ltd. d/b/a PublicDomainRegistry.com","whois.publicdomainregistry.com","http://www.publicdomainregistry.com","GDPR Masked","GDPR Masked","GDPR Masked","GDPR Masked","Dunajska 71 1311 Turjak","GDPR Masked","Slovenia","gdpr-masking@gdpr-masked.com","GDPR Masked","GDPR Masked","GDPR Masked","GDPR Masked","GDPR Masked","GDPR Masked","GDPR Masked","GDPR Masked","GDPR Masked","gdpr-masking@gdpr-masked.com","GDPR Masked","GDPR Masked","GDPR Masked","GDPR Masked","GDPR Masked","GDPR Masked","GDPR Masked","GDPR Masked","GDPR Masked","gdpr-masking@gdpr-masked.com","GDPR Masked","GDPR Masked","","","","","","","","","","","earth.monovm.com","mars.monovm.com","mercury.monovm.com","venus.monovm.com","clientTransferProhibited","","",""
"29","klingeklle.com","2020-05-06 22:57:28","2020-05-05","2020-05-05","2021-05-05","303","PDR Ltd. d/b/a PublicDomainRegistry.com","whois.publicdomainregistry.com","http://www.publicdomainregistry.com","GDPR Masked","GDPR Masked","GDPR Masked","GDPR Masked","Dunajska 71 1311 Turjak","GDPR Masked","Slovenia","gdpr-masking@gdpr-masked.com","GDPR Masked","GDPR Masked","GDPR Masked","GDPR Masked","GDPR Masked","GDPR Masked","GDPR Masked","GDPR Masked","GDPR Masked","gdpr-masking@gdpr-masked.com","GDPR Masked","GDPR Masked","GDPR Masked","GDPR Masked","GDPR Masked","GDPR Masked","GDPR Masked","GDPR Masked","GDPR Masked","gdpr-masking@gdpr-masked.com","GDPR Masked","GDPR Masked","","","","","","","","","","","earth.monovm.com","mars.monovm.com","mercury.monovm.com","venus.monovm.com","clientTransferProhibited","","",""
"30","legal4esports.com","2020-05-06 23:27:24","2020-05-05","2020-05-05","2021-05-05","113","CSL Computer Service Langenbach GmbH d/b/a joker.com","whois.joker.com","http://www.joker.com","Lemur Legal d.o.o.","Lemur Legal d.o.o.","","","","","Slovenia","","","","","","","","","","","","","","","","","","","","","","","","","","","","","","","","","","cdns1.controlpanel.si","cdns2.controlpanel.si","","","clientTransferProhibited","","",""
"31","legal4tech.com","2020-05-06 23:27:23","2020-05-05","2020-05-05","2021-05-05","113","CSL Computer Service Langenbach GmbH d/b/a joker.com","whois.joker.com","http://www.joker.com","Lemur Legal d.o.o.","Lemur Legal d.o.o.","","","","","Slovenia","","","","","","","","","","","","","","","","","","","","","","","","","","","","","","","","","","cdns1.controlpanel.si","cdns2.controlpanel.si","","","clientTransferProhibited","","",""
"32","manyabfit.com","2020-05-06 23:08:59","2020-05-05","2020-05-05","2021-05-05","955","Launchpad, Inc.","whois.launchpad.com","http://www.launchpad.com","GDPR Masked","GDPR Masked","GDPR Masked","GDPR Masked","061","GDPR Masked","Slovenia","gdpr-masking@gdpr-masked.com","GDPR Masked","GDPR Masked","GDPR Masked","GDPR Masked","GDPR Masked","GDPR Masked","GDPR Masked","GDPR Masked","GDPR Masked","gdpr-masking@gdpr-masked.com","GDPR Masked","GDPR Masked","GDPR Masked","GDPR Masked","GDPR Masked","GDPR Masked","GDPR Masked","GDPR Masked","GDPR Masked","gdpr-masking@gdpr-masked.com","GDPR Masked","GDPR Masked","","","","","","","","","","","ns8103.hostgator.com","ns8104.hostgator.com","","","clientTransferProhibited","","",""
"33","party-accessory.com","2020-05-06 22:18:04","2020-05-05","2020-05-05","2021-05-05","113","CSL Computer Service Langenbach GmbH d/b/a joker.com","whois.joker.com","http://www.joker.com","","","","","","","Slovenia","","","","","","","","","","","","","","","","","","","","","","","","","","","","","","","","","","cdns1.controlpanel.si","cdns2.controlpanel.si","","","clientTransferProhibited","","",""
"34","pasjeradosti.com","2020-05-06 20:26:38","2020-05-05","2020-05-05","2021-05-05","146","GoDaddy.com, LLC","whois.godaddy.com","http://registrar.godaddy.com","","","","","Ljubljana","","Slovenia","","","","","","","","","","","","","","","","","","","","","","","","","","","","","","","","","","ns49.domaincontrol.com","ns50.domaincontrol.com","","","clientDeleteProhibited","clientRenewProhibited","clientTransferProhibited","clientUpdateProhibited"
"35","peachysweat.com","2020-05-06 20:39:58","2020-05-04","2020-05-04","2021-05-04","146","GoDaddy.com, LLC","whois.godaddy.com","http://registrar.godaddy.com","","","","","Lasko","","Slovenia","","","","","","","","","","","","","","","","","","","","","","","","","","","","","","","","","","ns29.domaincontrol.com","ns30.domaincontrol.com","","","clientDeleteProhibited","clientRenewProhibited","clientTransferProhibited","clientUpdateProhibited"
"36","peletinadom.com","2020-05-06 22:45:05","2020-05-05","2020-05-05","2021-05-05","113","CSL Computer Service Langenbach GmbH d/b/a joker.com","whois.joker.com","http://www.joker.com","","","","","","","Slovenia","","","","","","","","","","","","","","","","","","","","","","","","","","","","","","","","","","ns1.contabo.net","ns2.contabo.net","ns3.contabo.net","","clientTransferProhibited","","",""
"37","plasiltech.com","2020-05-06 20:39:31","2020-05-04","2020-05-04","2025-05-04","303","PDR Ltd. d/b/a PublicDomainRegistry.com","whois.publicdomainregistry.com","http://www.publicdomainregistry.com","GDPR Masked","GDPR Masked","GDPR Masked","GDPR Masked","SLO","GDPR Masked","Slovenia","gdpr-masking@gdpr-masked.com","GDPR Masked","GDPR Masked","GDPR Masked","GDPR Masked","GDPR Masked","GDPR Masked","GDPR Masked","GDPR Masked","GDPR Masked","gdpr-masking@gdpr-masked.com","GDPR Masked","GDPR Masked","GDPR Masked","GDPR Masked","GDPR Masked","GDPR Masked","GDPR Masked","GDPR Masked","GDPR Masked","gdpr-masking@gdpr-masked.com","GDPR Masked","GDPR Masked","","","","","","","","","","","dns1.webicom.si","dns2.webicom.si","","","clientTransferProhibited","","",""
"38","pleskar-zagreb.com","2020-05-06 20:56:29","2020-05-04","2020-05-04","2021-05-04","303","PDR Ltd. d/b/a PublicDomainRegistry.com","whois.publicdomainregistry.com","http://www.publicdomainregistry.com","GDPR Masked","GDPR Masked","GDPR Masked","GDPR Masked","Slovenija","GDPR Masked","Slovenia","gdpr-masking@gdpr-masked.com","GDPR Masked","GDPR Masked","GDPR Masked","GDPR Masked","GDPR Masked","GDPR Masked","GDPR Masked","GDPR Masked","GDPR Masked","gdpr-masking@gdpr-masked.com","GDPR Masked","GDPR Masked","GDPR Masked","GDPR Masked","GDPR Masked","GDPR Masked","GDPR Masked","GDPR Masked","GDPR Masked","gdpr-masking@gdpr-masked.com","GDPR Masked","GDPR Masked","","","","","","","","","","","ns1.slovenijanet.com","ns2.slovenijanet.com","","","clientTransferProhibited","","",""
"39","smart-hoops.com","2020-05-06 20:31:07","2020-05-05","2020-05-05","2021-05-05","146","GoDaddy.com, LLC","whois.godaddy.com","http://registrar.godaddy.com","","","","","Ljubljana","","Slovenia","","","","","","","","","","","","","","","","","","","","","","","","","","","","","","","","","","ns1.digitalocean.com","ns2.digitalocean.com","ns3.digitalocean.com","","clientDeleteProhibited","clientRenewProhibited","clientTransferProhibited","clientUpdateProhibited"
"40","teroair.com","2020-05-06 23:44:09","2020-05-05","2020-05-05","2022-05-05","146","GoDaddy.com, LLC","whois.godaddy.com","http://registrar.godaddy.com","Pek Automotive d.o.o.","Pek Automotive d.o.o.","","","Vrhnika","","Slovenia","","","","","","","","","","","","","","","","","","","","","","","","","","","","","","","","","","ns41.domaincontrol.com","ns42.domaincontrol.com","","","clientDeleteProhibited","clientRenewProhibited","clientTransferProhibited","clientUpdateProhibited"
"41","vjezbezakraljeznicu.com","2020-05-06 23:14:06","2020-05-05","2020-05-05","2021-05-04","1052","EuroDNS S.A.","http://whois.rotld.ro","http://www.eurodns.com","Senica Janez","Krka, tovarna zdravil, d. d., Novo mesto","Smarjeska Cesta 6","Novo Mesto","","8000","Slovenia","janez.senica@krka.biz","+386.73317108","+386.73321537","Senica Janez","Krka, tovarna zdravil, d. d., Novo mesto","Smarjeska Cesta 6","Novo Mesto","","8000","Slovenia","janez.senica@krka.biz","+386.73317108","+386.73321537","Senica Janez","Krka, tovarna zdravil, d. d., Novo mesto","Smarjeska Cesta 6","Novo Mesto","","8000","Slovenia","janez.senica@krka.biz","+386.73317108","+386.73321537","","","","","","","","","","","ns.krka.si","ns2.krka.si","","","clientTransferProhibited","","",""
"42","vovk-weld.com","2020-05-07 00:56:34","2020-05-04","2020-05-04","2021-05-04","106","Ascio Technologies, Inc. Danmark - Filial af Ascio technologies, Inc. USA","whois.ascio.com","http://www.ascio.com","Not Disclosed","Not Disclosed","Not Disclosed","Not Disclosed","","Not Disclosed","Slovenia","","Not Disclosed","Not Disclosed","Not Disclosed","Not Disclosed","Not Disclosed","Not Disclosed","Not Disclosed","Not Disclosed","Not Disclosed","","Not Disclosed","Not Disclosed","Not Disclosed","Not Disclosed","Not Disclosed","Not Disclosed","Not Disclosed","Not Disclosed","Not Disclosed","","Not Disclosed","Not Disclosed","","","","","","","","","","","dns1.123hjemmeside.dk","dns2.123hjemmeside.dk","dns3.123hjemmeside.dk","","OK","","",""
"43","yogawithbarb.com","2020-05-06 19:27:49","2020-05-05","2020-05-05","2021-05-05","1505","Gransy s.r.o. d/b/a subreg.cz","whois.regtons.com","http://regtons.com","Not Disclosed Not Disclosed","PA-MG MULTIMEDIJSKE STORITVE, ALES URSEJ S.P.","Not Disclosed","Not Disclosed","","Not Disclosed","Slovenia","webproxy@whoisprotection.domains","Not Disclosed","Not Disclosed","Not Disclosed Not Disclosed","","Not Disclosed","Not Disclosed","Not Disclosed","Not Disclosed","Not Disclosed","webproxy@whoisprotection.domains","Not Disclosed","Not Disclosed","Not Disclosed Not Disclosed","","Not Disclosed","Not Disclosed","Not Disclosed","Not Disclosed","Not Disclosed","webproxy@whoisprotection.domains","Not Disclosed","Not Disclosed","","","","","","","","","","","ns29.neoserv.si","ns30.neoserv.si","","","clientTransferProhibited","","",""
"44","zavodzsi.com","2020-05-06 23:39:03","2020-05-05","2020-05-05","2021-05-05","113","CSL Computer Service Langenbach GmbH d/b/a joker.com","whois.joker.com","http://www.joker.com","","","","","","","Slovenia","","","","","","","","","","","","","","","","","","","","","","","","","","","","","","","","","","cdns1.controlpanel.si","cdns2.controlpanel.si","","","clientTransferProhibited","","",""