"num","domain_name","query_time","create_date","update_date","expiry_date","domain_registrar_id","domain_registrar_name","domain_registrar_whois","domain_registrar_url","registrant_name","registrant_company","registrant_address","registrant_city","registrant_state","registrant_zip","registrant_country","registrant_email","registrant_phone","registrant_fax","administrative_name","administrative_company","administrative_address","administrative_city","administrative_state","administrative_zip","administrative_country","administrative_email","administrative_phone","administrative_fax","technical_name","technical_company","technical_address","technical_city","technical_state","technical_zip","technical_country","technical_email","technical_phone","technical_fax","billing_name","billing_company","billing_address","billing_city","billing_state","billing_zip","billing_country","billing_email","billing_phone","billing_fax","name_server_1","name_server_2","name_server_3","name_server_4","domain_status_1","domain_status_2","domain_status_3","domain_status_4"
"1","269mrmagic.com","2020-05-06 23:38:52","2020-05-05","","2021-05-05","1068","NameCheap, Inc.","whois.namecheap.com","http://www.namecheap.com","Rurema Coliab","","Nansana","Kampala","Nansana","256","Uganda","rcoliab@yahoo.com","+256.789992044","","Rurema Coliab","","Nansana","Kampala","Nansana","256","Uganda","rcoliab@yahoo.com","+256.789992044","","Rurema Coliab","","Nansana","Kampala","Nansana","256","Uganda","rcoliab@yahoo.com","+256.789992044","","","","","","","","","","","","rs39a.registrar-servers.com","rs39b.registrar-servers.com","","","addPeriod","clientTransferProhibited","",""
"2","doorstepdeliveries-ug.com","2020-05-06 19:37:02","2020-05-05","2020-05-05","2021-05-05","48","eNom, Inc.","whois.enom.com","http://www.enom.com","REDACTED FOR PRIVACY","REDACTED FOR PRIVACY","REDACTED FOR PRIVACY","REDACTED FOR PRIVACY","East Africa","REDACTED FOR PRIVACY","Uganda","","REDACTED FOR PRIVACY","REDACTED FOR PRIVACY","REDACTED FOR PRIVACY","REDACTED FOR PRIVACY","REDACTED FOR PRIVACY","REDACTED FOR PRIVACY","REDACTED FOR PRIVACY","REDACTED FOR PRIVACY","REDACTED FOR PRIVACY","","REDACTED FOR PRIVACY","REDACTED FOR PRIVACY","REDACTED FOR PRIVACY","REDACTED FOR PRIVACY","REDACTED FOR PRIVACY","REDACTED FOR PRIVACY","REDACTED FOR PRIVACY","REDACTED FOR PRIVACY","REDACTED FOR PRIVACY","","REDACTED FOR PRIVACY","REDACTED FOR PRIVACY","","","","","","","","","","","ns3009.mochahost.com","ns4009.mochahost.com","","","addPeriod","clientTransferProhibited","",""
"3","ezzadentalcare.com","2020-05-06 23:57:03","2020-05-05","2020-05-05","2021-05-05","303","PDR Ltd. d/b/a PublicDomainRegistry.com","whois.publicdomainregistry.com","http://www.publicdomainregistry.com","kyeyune","Al-shaddai","Kampala","Kampala","Kampala","256","Uganda","engkyeyune@gmail.com","+256.750613584","","kyeyune","Al-shaddai","Kampala","Kampala","Kampala","256","Uganda","engkyeyune@gmail.com","+256.750613584","","kyeyune","Al-shaddai","Kampala","Kampala","Kampala","256","Uganda","engkyeyune@gmail.com","+256.750613584","","","","","","","","","","","","ns1.bh-10.webhostbox.net","ns2.bh-10.webhostbox.net","","","clientTransferProhibited","","",""
"4","gsrslab.com","2020-05-06 23:18:11","2020-05-05","2020-05-05","2021-05-05","303","PDR Ltd. d/b/a PublicDomainRegistry.com","whois.publicdomainregistry.com","http://www.publicdomainregistry.com","Dan Abudu","Muni University","Plot 2Independence Road, P.O Box 725","Arua","Arua","","Uganda","d.abudu@muni.ac.ug","+256.773027702","","Dan Abudu","Muni University","Plot 2Independence Road, P.O Box 725","Arua","Arua","","Uganda","d.abudu@muni.ac.ug","+256.773027702","","Dan Abudu","Muni University","Plot 2Independence Road, P.O Box 725","Arua","Arua","","Uganda","d.abudu@muni.ac.ug","+256.773027702","","","","","","","","","","","","ns1.crystalwebhosting.com","ns2.crystalwebhosting.com","","","clientTransferProhibited","","",""
"5","landfolkscapital.com","2020-05-06 19:37:33","2020-05-05","2020-05-05","2022-05-05","1154","FastDomain Inc.","whois.fastdomain.com","http://www.fastdomain.com","PETER KAJOBA","MIRACLE CAPITAL FUND","DURSTUR STREET","KAMPALA","","25641","Uganda","miraclecapitalfund@gmail.com","+256.772465418","","PETER KAJOBA","MIRACLE CAPITAL FUND","DURSTUR STREET","KAMPALA","","25641","Uganda","miraclecapitalfund@gmail.com","+256.772465418","","BLUEHOST INC","BLUEHOST.COM","550 E TIMPANOGOS PKWY","OREM","UTAH","84097","United States","domain@redl.ca","+1.8017659400","+1.8017651992","","","","","","","","","","","ns1.bluehost.com","ns2.bluehost.com","","","clientTransferProhibited","","",""
"6","livenewschatroom.com","2020-05-06 22:12:12","2020-05-05","2020-05-05","2021-05-05","955","Launchpad, Inc.","whois.launchpad.com","http://www.launchpad.com","Live News Chat Room","","Kampala","Kampala","Mitooma","","Uganda","livenewschatroom@gmail.com","+256.775597477","","Live News Chat Room","","Kampala","Kampala","Mitooma","","Uganda","livenewschatroom@gmail.com","+256.775597477","","Live News Chat Room","","Kampala","Kampala","Mitooma","","Uganda","livenewschatroom@gmail.com","+256.775597477","","","","","","","","","","","","ns8373.hostgator.com","ns8374.hostgator.com","","","clientTransferProhibited","","",""
"7","marasands.com","2020-05-06 21:33:14","2020-05-04","","2021-05-04","1068","NameCheap, Inc.","whois.namecheap.com","http://www.namecheap.com","Collins Sanya","","Innovation Village, Kampala","Kampala","Central","00256","Uganda","collinssanya@gmail.com","+256.782818481","","Collins Sanya","","Innovation Village, Kampala","Kampala","Central","00256","Uganda","collinssanya@gmail.com","+256.782818481","","Collins Sanya","","Innovation Village, Kampala","Kampala","Central","00256","Uganda","collinssanya@gmail.com","+256.782818481","","","","","","","","","","","","ns4021.websitewelcome.com","ns4022.websitewelcome.com","","","clientTransferProhibited","","",""
"8","mirrorsport-africa.com","2020-05-07 00:29:38","2020-05-05","2020-05-05","2021-05-05","69","Tucows Domains Inc.","whois.tucows.com","http://domainhelp.opensrs.net","REDACTED FOR PRIVACY","REDACTED FOR PRIVACY","REDACTED FOR PRIVACY","REDACTED FOR PRIVACY","KA","REDACTED FOR PRIVACY","Uganda","","REDACTED FOR PRIVACY","REDACTED FOR PRIVACY","REDACTED FOR PRIVACY","REDACTED FOR PRIVACY","REDACTED FOR PRIVACY","REDACTED FOR PRIVACY","REDACTED FOR PRIVACY","REDACTED FOR PRIVACY","REDACTED FOR PRIVACY","","REDACTED FOR PRIVACY","REDACTED FOR PRIVACY","REDACTED FOR PRIVACY","REDACTED FOR PRIVACY","REDACTED FOR PRIVACY","REDACTED FOR PRIVACY","REDACTED FOR PRIVACY","REDACTED FOR PRIVACY","REDACTED FOR PRIVACY","","REDACTED FOR PRIVACY","REDACTED FOR PRIVACY","","","","","","","","","","","ns1.site4now.net","ns2.site4now.net","ns3.site4now.net","","OK","","",""
"9","sediegarments.com","2020-05-06 22:24:28","2020-05-05","2020-05-05","2021-05-05","955","Launchpad, Inc.","whois.launchpad.com","http://www.launchpad.com","Edward Ssenyonyi","","P.o Box 250","Kampala","Kampala","","Uganda","essennyink@gmail.com","+256.774349185","","Edward Ssenyonyi","","P.o Box 250","Kampala","Kampala","","Uganda","essennyink@gmail.com","+256.774349185","","Edward Ssenyonyi","","P.o Box 250","Kampala","Kampala","","Uganda","essennyink@gmail.com","+256.774349185","","","","","","","","","","","","ns6237.hostgator.com","ns6238.hostgator.com","","","clientTransferProhibited","","",""
"10","terenomprogramming.com","2020-05-06 21:47:15","2020-05-04","2020-05-04","2021-05-04","303","PDR Ltd. d/b/a PublicDomainRegistry.com","whois.publicdomainregistry.com","http://www.publicdomainregistry.com","mwesige norbert","terenom","nateete busega","kampala","central","256","Uganda","terenomprogramming@gmail.com","+256.0752660661","","mwesige norbert","terenom","nateete busega","kampala","central","256","Uganda","terenomprogramming@gmail.com","+256.0752660661","","mwesige norbert","terenom","nateete busega","kampala","central","256","Uganda","terenomprogramming@gmail.com","+256.0752660661","","","","","","","","","","","","ns10.jixhost.com","ns9.jixhost.com","","","clientTransferProhibited","","",""