"num","domain_name","query_time","create_date","update_date","expiry_date","domain_registrar_id","domain_registrar_name","domain_registrar_whois","domain_registrar_url","registrant_name","registrant_company","registrant_address","registrant_city","registrant_state","registrant_zip","registrant_country","registrant_email","registrant_phone","registrant_fax","administrative_name","administrative_company","administrative_address","administrative_city","administrative_state","administrative_zip","administrative_country","administrative_email","administrative_phone","administrative_fax","technical_name","technical_company","technical_address","technical_city","technical_state","technical_zip","technical_country","technical_email","technical_phone","technical_fax","billing_name","billing_company","billing_address","billing_city","billing_state","billing_zip","billing_country","billing_email","billing_phone","billing_fax","name_server_1","name_server_2","name_server_3","name_server_4","domain_status_1","domain_status_2","domain_status_3","domain_status_4"
"1","artedigitaluy.com","2020-05-06 21:52:49","2020-05-04","2020-05-04","2021-05-04","146","GoDaddy.com, LLC","whois.godaddy.com","http://registrar.godaddy.com","","","","","Montevideo","","Uruguay","","","","","","","","","","","","","","","","","","","","","","","","","","","","","","","","","","ns63.domaincontrol.com","ns64.domaincontrol.com","","","clientDeleteProhibited","clientRenewProhibited","clientTransferProhibited","clientUpdateProhibited"
"2","batidoybienestar.com","2020-05-07 00:53:41","2020-05-04","2020-05-04","2021-05-04","146","GoDaddy.com, LLC","whois.godaddy.com","http://registrar.godaddy.com","Anni Ramos","Anni Ramos","","","Colonia","","Uruguay","","","","","","","","","","","","","","","","","","","","","","","","","","","","","","","","","","ns7.granred.com","ns9.granred.com","","","clientDeleteProhibited","clientRenewProhibited","clientTransferProhibited","clientUpdateProhibited"
"3","circuitofernandino.com","2020-05-06 23:44:11","2020-05-05","2020-05-05","2021-05-05","955","Launchpad, Inc.","whois.launchpad.com","http://www.launchpad.com","Circuito Fernandino","None","Punte del Este","Punta del Este","MA","20100","Uruguay","circuitofernandinodetenis@gmail.com","+598.94882307","","Circuito Fernandino","None","Punte del Este","Punta del Este","MA","20100","Uruguay","circuitofernandinodetenis@gmail.com","+598.94882307","","Circuito Fernandino","None","Punte del Este","Punta del Este","MA","20100","Uruguay","circuitofernandinodetenis@gmail.com","+598.94882307","","","","","","","","","","","","ns1.hostgator.com","ns2.hostgator.com","","","clientTransferProhibited","","",""
"4","cobrocorpo.com","2020-05-06 22:10:53","2020-05-05","2020-05-05","2021-05-05","146","GoDaddy.com, LLC","whois.godaddy.com","http://registrar.godaddy.com","","","","","Montevideo","","Uruguay","","","","","","","","","","","","","","","","","","","","","","","","","","","","","","","","","","ns49.domaincontrol.com","ns50.domaincontrol.com","","","clientDeleteProhibited","clientRenewProhibited","clientTransferProhibited","clientUpdateProhibited"
"5","cotobirra.com","2020-05-06 19:17:35","2020-05-05","2020-05-05","2021-05-05","955","Launchpad, Inc.","whois.launchpad.com","http://www.launchpad.com","Ignacio Cotelo","None","obligado 971/501","montevideo","MO","11300","Uruguay","ignacio.cotelo@gmail.com","+598.99684415","","Ignacio Cotelo","None","obligado 971/501","montevideo","MO","11300","Uruguay","ignacio.cotelo@gmail.com","+598.99684415","","Ignacio Cotelo","None","obligado 971/501","montevideo","MO","11300","Uruguay","ignacio.cotelo@gmail.com","+598.99684415","","","","","","","","","","","","ns8137.hostgator.com","ns8138.hostgator.com","","","clientTransferProhibited","","",""
"6","diganwhiskyyy.com","2020-05-06 21:38:29","2020-05-04","2020-05-04","2021-05-04","955","Launchpad, Inc.","whois.launchpad.com","http://www.launchpad.com","Lia Gonzalez","None","Guillermo Tell 1116","Nueva Helvecia","CO","70201","Uruguay","liagonzalezrovascio@gmail.com","+598.98443722","","Lia Gonzalez","None","Guillermo Tell 1116","Nueva Helvecia","CO","70201","Uruguay","liagonzalezrovascio@gmail.com","+598.98443722","","Lia Gonzalez","None","Guillermo Tell 1116","Nueva Helvecia","CO","70201","Uruguay","liagonzalezrovascio@gmail.com","+598.98443722","","","","","","","","","","","","ns8401.hostgator.com","ns8402.hostgator.com","","","clientTransferProhibited","","",""
"7","distanciajusta.com","2020-05-07 00:20:28","2020-05-05","2020-05-05","2021-05-05","146","GoDaddy.com, LLC","whois.godaddy.com","http://registrar.godaddy.com","joakomirasol","joakomirasol","","","Montevideo","","Uruguay","","","","","","","","","","","","","","","","","","","","","","","","","","","","","","","","","","ns1.epizy.com","ns2.epizy.com","","","clientDeleteProhibited","clientRenewProhibited","clientTransferProhibited","clientUpdateProhibited"
"8","elpatioviajero.com","2020-05-07 00:42:17","2020-05-04","2020-05-04","2021-05-04","146","GoDaddy.com, LLC","whois.godaddy.com","http://registrar.godaddy.com","","","","","Maldonado","","Uruguay","","","","","","","","","","","","","","","","","","","","","","","","","","","","","","","","","","ns29.domaincontrol.com","ns30.domaincontrol.com","","","clientDeleteProhibited","clientRenewProhibited","clientTransferProhibited","clientUpdateProhibited"
"9","escueladesandauruguay.com","2020-05-07 00:52:25","2020-05-04","2020-05-04","2021-05-04","146","GoDaddy.com, LLC","whois.godaddy.com","http://registrar.godaddy.com","","","","","Montevideo","","Uruguay","","","","","","","","","","","","","","","","","","","","","","","","","","","","","","","","","","ns63.domaincontrol.com","ns64.domaincontrol.com","","","clientDeleteProhibited","clientRenewProhibited","clientTransferProhibited","clientUpdateProhibited"
"10","escuelaholisticakelareish.com","2020-05-07 00:09:30","2020-05-05","2020-05-05","2021-05-05","146","GoDaddy.com, LLC","whois.godaddy.com","http://registrar.godaddy.com","Escuela Holistica y terapias integrales del ser","Escuela Holistica y terapias integrales del ser","","","Canelones","","Uruguay","","","","","","","","","","","","","","","","","","","","","","","","","","","","","","","","","","ns63.domaincontrol.com","ns64.domaincontrol.com","","","clientDeleteProhibited","clientRenewProhibited","clientTransferProhibited","clientUpdateProhibited"
"11","eventsmu.com","2020-05-07 00:53:33","2020-05-05","2020-05-05","2021-05-04","76","Nominalia Internet S.L.","whois.nominalia.com","http://www.nominalia.com","REDACTED FOR PRIVACY","REDACTED FOR PRIVACY","REDACTED FOR PRIVACY","REDACTED FOR PRIVACY","Soriano","REDACTED FOR PRIVACY","Uruguay","","REDACTED.FORPRIVACY","REDACTED.FORPRIVACY","REDACTED FOR PRIVACY","REDACTED FOR PRIVACY","REDACTED FOR PRIVACY","REDACTED FOR PRIVACY","Soriano","REDACTED FOR PRIVACY","Uruguay","","REDACTED.FORPRIVACY","REDACTED.FORPRIVACY","REDACTED FOR PRIVACY","REDACTED FOR PRIVACY","REDACTED FOR PRIVACY","REDACTED FOR PRIVACY","Barcelona","REDACTED FOR PRIVACY","Spain","","REDACTED.FORPRIVACY","REDACTED.FORPRIVACY","","","","","","","","","","","dns1.nominalia.com","dns2.nominalia.com","","","clientDeleteProhibited","clientTransferProhibited","clientUpdateProhibited",""
"12","liberaldiario.com","2020-05-07 00:30:34","2020-05-05","2020-05-05","2022-05-05","146","GoDaddy.com, LLC","whois.godaddy.com","http://registrar.godaddy.com","Manirey SA","Manirey SA","","","Montevideo","","Uruguay","","","","","","","","","","","","","","","","","","","","","","","","","","","","","","","","","","ns49.domaincontrol.com","ns50.domaincontrol.com","","","clientDeleteProhibited","clientRenewProhibited","clientTransferProhibited","clientUpdateProhibited"
"13","ludensbanda.com","2020-05-06 22:23:55","2020-05-05","2020-05-05","2021-05-05","303","PDR Ltd. d/b/a PublicDomainRegistry.com","whois.publicdomainregistry.com","http://www.publicdomainregistry.com","Federico Corbo","","Durazno 1809 apto. 102","Montevideo","Montevideo","11200","Uruguay","ludensup@gmail.com","+598.091980958","","Federico Corbo","","Durazno 1809 apto. 102","Montevideo","Montevideo","11200","Uruguay","ludensup@gmail.com","+598.091980958","","Federico Corbo","","Durazno 1809 apto. 102","Montevideo","Montevideo","11200","Uruguay","ludensup@gmail.com","+598.091980958","","","","","","","","","","","","dns571.dinamichosting.com","dns572.dinamichosting.com","","","clientTransferProhibited","","",""
"14","machinalinstinct.com","2020-05-07 00:07:34","2020-05-05","2020-05-05","2021-05-05","146","GoDaddy.com, LLC","whois.godaddy.com","http://registrar.godaddy.com","Outbox","Outbox","","","Montevideo","","Uruguay","","","","","","","","","","","","","","","","","","","","","","","","","","","","","","","","","","ns29.domaincontrol.com","ns30.domaincontrol.com","","","clientDeleteProhibited","clientRenewProhibited","clientTransferProhibited","clientUpdateProhibited"
"15","masajescsilgoria.com","2020-05-06 19:21:05","2020-05-05","2020-05-05","2021-05-05","955","Launchpad, Inc.","whois.launchpad.com","http://www.launchpad.com","Belen Brites","None","Eduardo acevedo 212","Paso Carrasco","CA","15000","Uruguay","belenbritesteleworker@gmail.com","+598.98664919","","Belen Brites","None","Eduardo acevedo 212","Paso Carrasco","CA","15000","Uruguay","belenbritesteleworker@gmail.com","+598.98664919","","Belen Brites","None","Eduardo acevedo 212","Paso Carrasco","CA","15000","Uruguay","belenbritesteleworker@gmail.com","+598.98664919","","","","","","","","","","","","ns8191.hostgator.com","ns8192.hostgator.com","","","clientTransferProhibited","","",""
"16","natalialzamendi.com","2020-05-06 23:52:30","2020-05-05","2020-05-05","2021-05-05","146","GoDaddy.com, LLC","whois.godaddy.com","http://registrar.godaddy.com","","","","","Florida","","Uruguay","","","","","","","","","","","","","","","","","","","","","","","","","","","","","","","","","","ns49.domaincontrol.com","ns50.domaincontrol.com","","","clientDeleteProhibited","clientRenewProhibited","clientTransferProhibited","clientUpdateProhibited"
"17","nucleomusicanueva.net","2020-05-06 19:01:48","2020-05-05","2020-05-05","2021-05-05","74","Online SAS","whois.bookmyname.com","http://www.bookmyname.com","Fabrice LENGRONNE","Asociaci?n N?cleo M?sica Nueva","1033 Eduardo Acevedo","MONTEVIDEO","","11200","Uruguay","fabrice.lengronne2@ecodeveloppement.org","+41.265041936","","Fabrice LENGRONNE","Asociaci?n N?cleo M?sica Nueva","1033 Eduardo Acevedo","MONTEVIDEO","","11200","Uruguay","fabrice.lengronne2@ecodeveloppement.org","+41.265041936","","Fabrice LENGRONNE","Asociaci?n N?cleo M?sica Nueva","1033 Eduardo Acevedo","MONTEVIDEO","","11200","Uruguay","fabrice.lengronne2@ecodeveloppement.org","+41.265041936","","","","","","","","","","","","ns1.coppint.com","ns2.coppint.com","","","clientTransferProhibited","","",""
"18","obrusly.com","2020-05-07 00:09:41","2020-05-05","2020-05-05","2021-05-05","146","GoDaddy.com, LLC","whois.godaddy.com","http://registrar.godaddy.com","","","","","Montevideo","","Uruguay","","","","","","","","","","","","","","","","","","","","","","","","","","","","","","","","","","ns77.domaincontrol.com","ns78.domaincontrol.com","","","clientDeleteProhibited","clientRenewProhibited","clientTransferProhibited","clientUpdateProhibited"
"19","pagonline.pro","2020-05-06 19:09:50","2020-05-05","2020-05-05","2021-05-05","303","PDR Ltd. d/b/a PublicDomainRegistry.com","whois.publicdomainregistry.com","http://www.publicdomainregistry.com","PagOnline","PagOnline","","","Montevideo","","Uruguay","","","","","","","","","","","","","","","","","","","","","","","","","","","","","","","","","","ns1.origami.uy","ns2.origami.uy","","","addPeriod","clientTransferProhibited","serverTransferProhibited",""
"20","pastorinosupport.com","2020-05-07 01:02:12","2020-05-04","2020-05-04","2021-05-04","146","GoDaddy.com, LLC","whois.godaddy.com","http://registrar.godaddy.com","","","","","Montevideo","","Uruguay","","","","","","","","","","","","","","","","","","","","","","","","","","","","","","","","","","ns29.domaincontrol.com","ns30.domaincontrol.com","","","clientDeleteProhibited","clientRenewProhibited","clientTransferProhibited","clientUpdateProhibited"
"21","patioviajero.com","2020-05-07 00:41:06","2020-05-04","2020-05-04","2021-05-04","146","GoDaddy.com, LLC","whois.godaddy.com","http://registrar.godaddy.com","","","","","Maldonado","","Uruguay","","","","","","","","","","","","","","","","","","","","","","","","","","","","","","","","","","ns41.domaincontrol.com","ns42.domaincontrol.com","","","clientDeleteProhibited","clientRenewProhibited","clientTransferProhibited","clientUpdateProhibited"
"22","recifewater.com","2020-05-06 19:21:56","2020-05-05","2020-05-05","2021-05-05","146","GoDaddy.com, LLC","whois.godaddy.com","http://registrar.godaddy.com","Fruityware","Fruityware","","","Montevideo","","Uruguay","","","","","","","","","","","","","","","","","","","","","","","","","","","","","","","","","","ns29.domaincontrol.com","ns30.domaincontrol.com","","","clientDeleteProhibited","clientRenewProhibited","clientTransferProhibited","clientUpdateProhibited"
"23","shoppyuruguay.com","2020-05-06 21:18:18","2020-05-04","2020-05-04","2021-05-04","303","PDR Ltd. d/b/a PublicDomainRegistry.com","whois.publicdomainregistry.com","http://www.publicdomainregistry.com","Cristina Salerno","LowEnd SA","Quijote","Montevideo","Montevideo","11600","Uruguay","tu.tienda.uru@gmail.com","+598.92322700","","Cristina Salerno","LowEnd SA","Quijote","Montevideo","Montevideo","11600","Uruguay","tu.tienda.uru@gmail.com","+598.92322700","","Cristina Salerno","LowEnd SA","Quijote","Montevideo","Montevideo","11600","Uruguay","tu.tienda.uru@gmail.com","+598.92322700","","","","","","","","","","","","ns1.magooserver.com.ar","ns2.magooserver.com.ar","","","clientTransferProhibited","","",""
"24","tellmewith.com","2020-05-06 20:45:41","2020-05-04","2020-05-04","2022-05-04","886","Domain.com, LLC","whois.domain.com","http://www.domain.com","REDACTED FOR PRIVACY","REDACTED FOR PRIVACY","REDACTED FOR PRIVACY","REDACTED FOR PRIVACY","NA","REDACTED FOR PRIVACY","Uruguay","","REDACTED FOR PRIVACY","REDACTED FOR PRIVACY","REDACTED FOR PRIVACY","REDACTED FOR PRIVACY","REDACTED FOR PRIVACY","REDACTED FOR PRIVACY","REDACTED FOR PRIVACY","REDACTED FOR PRIVACY","REDACTED FOR PRIVACY","","REDACTED FOR PRIVACY","REDACTED FOR PRIVACY","REDACTED FOR PRIVACY","REDACTED FOR PRIVACY","REDACTED FOR PRIVACY","REDACTED FOR PRIVACY","REDACTED FOR PRIVACY","REDACTED FOR PRIVACY","REDACTED FOR PRIVACY","","REDACTED FOR PRIVACY","REDACTED FOR PRIVACY","","","","","","","","","","","ns1.mydomaincom-default.domainparkingserver.net","ns2.mydomaincom-default.domainparkingserver.net","","","clientTransferProhibited","clientUpdateProhibited","",""
"25","thelmauy.com","2020-05-06 22:51:01","2020-05-05","2020-05-05","2021-05-05","1383","Soluciones Corporativas IP, SLU","whois.scip.es","http://www.dondominio.com","REDACTED FOR PRIVACY","","REDACTED FOR PRIVACY","REDACTED FOR PRIVACY","Montevideo","REDACTED FOR PRIVACY","Uruguay","","REDACTED FOR PRIVACY","REDACTED FOR PRIVACY","REDACTED FOR PRIVACY","REDACTED FOR PRIVACY","REDACTED FOR PRIVACY","REDACTED FOR PRIVACY","REDACTED FOR PRIVACY","REDACTED FOR PRIVACY","REDACTED FOR PRIVACY","","REDACTED FOR PRIVACY","REDACTED FOR PRIVACY","REDACTED FOR PRIVACY","REDACTED FOR PRIVACY","REDACTED FOR PRIVACY","REDACTED FOR PRIVACY","REDACTED FOR PRIVACY","REDACTED FOR PRIVACY","REDACTED FOR PRIVACY","","REDACTED FOR PRIVACY","REDACTED FOR PRIVACY","","","","","","","","","","","ns3051.webempresa.eu","ns3052.webempresa.eu","","","OK","","",""
"26","tumejorbienestar.com","2020-05-06 19:16:36","2020-05-05","2020-05-05","2021-05-05","146","GoDaddy.com, LLC","whois.godaddy.com","http://registrar.godaddy.com","Carolina Janavel","Carolina Janavel","","","Colonia","","Uruguay","","","","","","","","","","","","","","","","","","","","","","","","","","","","","","","","","","ns77.domaincontrol.com","ns78.domaincontrol.com","","","clientDeleteProhibited","clientRenewProhibited","clientTransferProhibited","clientUpdateProhibited"