"num","domain_name","query_time","create_date","update_date","expiry_date","domain_registrar_id","domain_registrar_name","domain_registrar_whois","domain_registrar_url","registrant_name","registrant_company","registrant_address","registrant_city","registrant_state","registrant_zip","registrant_country","registrant_email","registrant_phone","registrant_fax","administrative_name","administrative_company","administrative_address","administrative_city","administrative_state","administrative_zip","administrative_country","administrative_email","administrative_phone","administrative_fax","technical_name","technical_company","technical_address","technical_city","technical_state","technical_zip","technical_country","technical_email","technical_phone","technical_fax","billing_name","billing_company","billing_address","billing_city","billing_state","billing_zip","billing_country","billing_email","billing_phone","billing_fax","name_server_1","name_server_2","name_server_3","name_server_4","domain_status_1","domain_status_2","domain_status_3","domain_status_4"
"1","adfinityadvertising.com","2020-05-07 01:14:44","2020-05-04","2020-05-04","2021-05-04","1472","LiquidNet Ltd.","whois.liquidnetlimited.com","http://www.liquidnetlimited.com","REDACTED FOR PRIVACY","REDACTED FOR PRIVACY","REDACTED FOR PRIVACY","REDACTED FOR PRIVACY","Lusaka","REDACTED FOR PRIVACY","Zambia","","REDACTED FOR PRIVACY","REDACTED FOR PRIVACY","REDACTED FOR PRIVACY","REDACTED FOR PRIVACY","REDACTED FOR PRIVACY","REDACTED FOR PRIVACY","REDACTED FOR PRIVACY","REDACTED FOR PRIVACY","REDACTED FOR PRIVACY","","REDACTED FOR PRIVACY","REDACTED FOR PRIVACY","REDACTED FOR PRIVACY","REDACTED FOR PRIVACY","REDACTED FOR PRIVACY","REDACTED FOR PRIVACY","REDACTED FOR PRIVACY","REDACTED FOR PRIVACY","REDACTED FOR PRIVACY","","REDACTED FOR PRIVACY","REDACTED FOR PRIVACY","","","","","","","","","","","ns1.robbtechhosting.com","ns2.robbtechhosting.com","ns3.robbtechhosting.com","ns4.robbtechhosting.com","clientTransferProhibited","","",""
"2","chibwika.com","2020-05-06 23:44:33","2020-05-05","2020-05-05","2021-05-05","146","GoDaddy.com, LLC","whois.godaddy.com","http://registrar.godaddy.com","Artract Media","Artract Media","","","Lusaka","","Zambia","","","","","","","","","","","","","","","","","","","","","","","","","","","","","","","","","","ns77.domaincontrol.com","ns78.domaincontrol.com","","","clientDeleteProhibited","clientRenewProhibited","clientTransferProhibited","clientUpdateProhibited"
"3","kestrelagro.com","2020-05-06 20:34:52","2020-05-05","2020-05-05","2022-05-05","146","GoDaddy.com, LLC","whois.godaddy.com","http://registrar.godaddy.com","kestrelagro","kestrelagro","","","Copperbelt","","Zambia","","","","","","","","","","","","","","","","","","","","","","","","","","","","","","","","","","ns29.domaincontrol.com","ns30.domaincontrol.com","","","clientDeleteProhibited","clientRenewProhibited","clientTransferProhibited","clientUpdateProhibited"
"4","royaldigitalempire.com","2020-05-06 23:27:17","2020-05-05","2020-05-05","2021-05-05","146","GoDaddy.com, LLC","whois.godaddy.com","http://registrar.godaddy.com","Royal Digital Empire","Royal Digital Empire","","","NA","","Zambia","","","","","","","","","","","","","","","","","","","","","","","","","","","","","","","","","","ns49.domaincontrol.com","ns50.domaincontrol.com","","","clientDeleteProhibited","clientRenewProhibited","clientTransferProhibited","clientUpdateProhibited"
"5","zedlike.com","2020-05-06 23:08:20","2020-05-05","2020-05-05","2021-05-05","303","PDR Ltd. d/b/a PublicDomainRegistry.com","whois.publicdomainregistry.com","http://www.publicdomainregistry.com","Joewy Lombe","Joewy Lombe","Chelstone 1010","Lusaka","Lusaka","10101","Zambia","joewylombe@outlook.com","+260.973283978","","Joewy Lombe","Joewy Lombe","Chelstone 1010","Lusaka","Lusaka","10101","Zambia","joewylombe@outlook.com","+260.973283978","","Joewy Lombe","Joewy Lombe","Chelstone 1010","Lusaka","Lusaka","10101","Zambia","joewylombe@outlook.com","+260.973283978","","","","","","","","","","","","ns1.dns-parking.com","ns2.dns-parking.com","","","clientTransferProhibited","","",""