"num","domain_name","query_time","create_date","update_date","expiry_date","domain_registrar_id","domain_registrar_name","domain_registrar_whois","domain_registrar_url","registrant_name","registrant_company","registrant_address","registrant_city","registrant_state","registrant_zip","registrant_country","registrant_email","registrant_phone","registrant_fax","administrative_name","administrative_company","administrative_address","administrative_city","administrative_state","administrative_zip","administrative_country","administrative_email","administrative_phone","administrative_fax","technical_name","technical_company","technical_address","technical_city","technical_state","technical_zip","technical_country","technical_email","technical_phone","technical_fax","billing_name","billing_company","billing_address","billing_city","billing_state","billing_zip","billing_country","billing_email","billing_phone","billing_fax","name_server_1","name_server_2","name_server_3","name_server_4","domain_status_1","domain_status_2","domain_status_3","domain_status_4"
"1","10xtrade.info","2020-05-12 01:01:04","2020-05-04","2020-05-04","2021-05-04","303","PDR Ltd. d/b/a PublicDomainRegistry.com","whois.publicdomainregistry.com","http://www.publicdomainregistry.com","","","","","Chhattisgarh","","India","","","","","","","","","","","","","","","","","","","","","","","","","","","","","","","","","","dns1.bigrock.in","dns2.bigrock.in","dns3.bigrock.in","dns4.bigrock.in","clientTransferProhibited","serverTransferProhibited","",""
"2","1125sgrantst.info","2020-05-12 01:00:01","2020-05-04","2020-05-04","2021-05-04","146","GoDaddy.com, LLC","whois.godaddy.com","http://registrar.godaddy.com","The Subry Group","The Subry Group","","","Colorado","","United States","","","","","","","","","","","","","","","","","","","","","","","","","","","","","","","","","","ns29.domaincontrol.com","ns30.domaincontrol.com","","","clientDeleteProhibited","clientRenewProhibited","clientTransferProhibited","clientUpdateProhibited"
"3","2yota.info","2020-05-12 01:05:55","2020-05-04","2020-05-04","2021-05-04","472","Dynadot, LLC","whois.dynadot.com","http://www.dynadot.com","","","","","California","","United States","","","","","","","","","","","","","","","","","","","","","","","","","","","","","","","","","","ns1.dynadot.com","ns2.dynadot.com","","","clientTransferProhibited","serverTransferProhibited","",""
"4","30603.info","2020-05-12 01:05:19","2020-05-04","2020-05-04","2021-05-04","146","GoDaddy.com, LLC","whois.godaddy.com","http://registrar.godaddy.com","Domains By Proxy, LLC","Domains By Proxy, LLC","","","Arizona","","United States","","","","","","","","","","","","","","","","","","","","","","","","","","","","","","","","","","ns77.domaincontrol.com","ns78.domaincontrol.com","","","clientDeleteProhibited","clientRenewProhibited","clientTransferProhibited","clientUpdateProhibited"
"5","4dgc.info","2020-05-12 01:09:36","2020-05-04","2020-05-04","2022-05-04","886","Domain.com, LLC","whois.domain.com","http://www.domain.com","Domain Privacy Service FBO Registrant.","Domain Privacy Service FBO Registrant.","","","MA","","United States","","","","","","","","","","","","","","","","","","","","","","","","","","","","","","","","","","ns1.domain.com","ns2.domain.com","","","serverTransferProhibited","","",""
"6","advmm.cloud","2020-05-11 20:48:35","2020-05-04","2020-05-09","2021-05-04","146","GoDaddy.com, LLC","whois.godaddy.com","http://registrar.godaddy.com","tecnologia livre","tecnologia livre","","","Sao Paulo","","Brazil","","","","","","","","","","","","","","","","","","","","","","","","","","","","","","","","","","ns-1043.awsdns-02.org","ns-1906.awsdns-46.co.uk","ns-273.awsdns-34.com","ns-635.awsdns-15.net","clientDeleteProhibited","clientRenewProhibited","clientTransferProhibited","clientUpdateProhibited"
"7","alternativbehandling.biz","2020-05-11 15:48:19","2020-05-04","2020-05-09","2021-05-04","2","Network Solutions, LLC","whois.networksolutions.com","http://networksolutions.com","","","","","FL","","United States","","","","","","","","","","","","","","","","","","","","","","","","","","","","","","","","","","ns12.wixdns.net","ns13.wixdns.net","","","clientTransferProhibited","","",""
"8","amakeupartist.biz","2020-05-11 15:48:18","2020-05-04","2020-05-09","2021-05-04","303","PDR Ltd. d/b/a PublicDomainRegistry.com","whois.publicdomainregistry.com","http://www.publicdomainregistry.com","Privacy Protect, LLC (PrivacyProtect.org)","Privacy Protect, LLC (PrivacyProtect.org)","","","MA","","United States","","","","","","","","","","","","","","","","","","","","","","","","","","","","","","","","","","dara.ns.cloudflare.com","kurt.ns.cloudflare.com","","","clientTransferProhibited","","",""
"9","amerikadavergi.biz","2020-05-11 15:49:12","2020-05-04","2020-05-09","2022-05-04","146","GoDaddy.com, LLC","whois.godaddy.com","http://registrar.godaddy.com","Domains By Proxy, LLC","Domains By Proxy, LLC","","","Arizona","","United States","","","","","","","","","","","","","","","","","","","","","","","","","","","","","","","","","","ns23.domaincontrol.com","ns24.domaincontrol.com","","","clientDeleteProhibited","clientRenewProhibited","clientTransferProhibited","clientUpdateProhibited"
"10","amorfati.biz","2020-05-11 15:49:10","2020-05-04","2020-05-09","2021-05-04","244","Gabia, Inc.","whois.gabia.com","http://www.gabia.com","","","","","","","Korea","","","","","","","","","","","","","","","","","","","","","","","","","","","","","","","","","","ns.gabia.co.kr","ns.gabia.net","ns1.gabia.co.kr","","clientTransferProhibited","","",""
"11","anacardia.biz","2020-05-11 15:49:06","2020-05-04","2020-05-09","2021-05-04","460","Web Commerce Communications Limited dba WebNic.cc","whois.webnic.cc","http://www.webnic.cc","Whoisprotection.cc","Whoisprotection.cc","","","Wilayah Persekutuan","","Malaysia","","","","","","","","","","","","","","","","","","","","","","","","","","","","","","","","","","ns1.secure-webhosting.com","ns2.secure-webhosting.com","","","clientDeleteProhibited","clientTransferProhibited","clientUpdateProhibited",""
"12","andsimthermelectr.biz","2020-05-11 15:49:07","2020-05-04","2020-05-09","2021-05-04","69","Tucows Domains Inc.","whois.tucows.com","http://domainhelp.opensrs.net","Data Protected","Data Protected","","","ON","","Canada","","","","","","","","","","","","","","","","","","","","","","","","","","","","","","","","","","ns1.romarg.com","ns2.romarg.com","ns3.romarg.com","ns4.romarg.com","clientTransferProhibited","clientUpdateProhibited","",""
"13","andyou.biz","2020-05-11 15:50:11","2020-05-04","2020-05-09","2021-05-04","49","GMO Internet Inc.","whois.discount-domain.com","http://www.onamae.com","Whois Privacy Protection Service by onamae.com","Whois Privacy Protection Service by onamae.com","","","Tokyo","","Japan","","","","","","","","","","","","","","","","","","","","","","","","","","","","","","","","","","ns1.xserver.jp","ns2.xserver.jp","ns3.xserver.jp","ns4.xserver.jp","OK","","",""
"14","arizonareiki.biz","2020-05-11 15:51:56","2020-05-04","2020-05-09","2021-05-04","146","GoDaddy.com, LLC","whois.godaddy.com","http://registrar.godaddy.com","","","","","Tennessee","","United States","","","","","","","","","","","","","","","","","","","","","","","","","","","","","","","","","","ns23.domaincontrol.com","ns24.domaincontrol.com","","","clientDeleteProhibited","clientRenewProhibited","clientTransferProhibited","clientUpdateProhibited"
"15","artinvest.biz","2020-05-11 15:52:59","2020-05-04","2020-05-09","2021-05-04","269","Key-Systems GmbH","whois.rrpproxy.net","http://www.key-systems.net","","","","","","","Poland","","","","","","","","","","","","","","","","","","","","","","","","","","","","","","","","","","dns.home.pl","dns2.home.pl","dns3.home.pl","","OK","","",""
"16","buildingpropertysolutions.biz","2020-05-11 16:12:07","2020-05-04","2020-05-09","2021-05-04","895","Google, Inc.","whois.rrpproxy.net","http://www.google.com","Contact Privacy Inc. Customer 1247131002","Contact Privacy Inc. Customer 1247131002","","","ON","","Canada","","","","","","","","","","","","","","","","","","","","","","","","","","","","","","","","","","ns-cloud-a1.googledomains.com","ns-cloud-a2.googledomains.com","ns-cloud-a3.googledomains.com","ns-cloud-a4.googledomains.com","clientTransferProhibited","","",""
"17","celibatogo.biz","2020-05-11 16:17:11","2020-05-04","2020-05-09","2021-05-04","625","Name.com, Inc.","whois.name.com","http://www.name.com","PRO WEB GENIUS","PRO WEB GENIUS","","","Maritime","","Togo","","","","","","","","","","","","","","","","","","","","","","","","","","","","","","","","","","ns1000.mochahost.com","ns2000.mochahost.com","","","clientTransferProhibited","","",""
"18","cheapflyair.biz","2020-05-11 16:19:37","2020-05-04","2020-05-09","2021-05-04","146","GoDaddy.com, LLC","whois.godaddy.com","http://registrar.godaddy.com","","","","","California","","United States","","","","","","","","","","","","","","","","","","","","","","","","","","","","","","","","","","ns63.domaincontrol.com","ns64.domaincontrol.com","","","clientDeleteProhibited","clientRenewProhibited","clientTransferProhibited","clientUpdateProhibited"
"19","cheapmanoloblahnikshoessale.biz","2020-05-11 16:19:37","2020-05-04","2020-05-09","2021-05-04","49","GMO Internet Inc.","whois.discount-domain.com","http://www.onamae.com","Whois Privacy Protection Service by onamae.com","Whois Privacy Protection Service by onamae.com","","","Tokyo","","Japan","","","","","","","","","","","","","","","","","","","","","","","","","","","","","","","","","","ns1.xserver.jp","ns2.xserver.jp","ns3.xserver.jp","","OK","","",""
"20","dudleysalongroups.com","2020-05-11 06:11:13","2020-05-04","2020-05-04","2021-05-04","1527","DOMAIN NAME NETWORK PTY LTD","whois.ename.com","http://www.ename.com","","","","","Hunan","","China","","","","","","","","","","","","","","","","","","","","","","","","","","","","","","","","","","dns3.dns.com","dns4.dns.com","","","clientDeleteProhibited","clientTransferProhibited","",""
"21","eproduct.shopping","2020-05-11 07:32:13","2020-05-04","2020-05-09","2021-05-04","1531","Automattic Inc.","whois.ripn.net","http://alohanic.com","REDACTED FOR PRIVACY","Knock Knock WHOIS Not There, LLC","REDACTED FOR PRIVACY","REDACTED FOR PRIVACY","","REDACTED FOR PRIVACY","United States","","REDACTED FOR PRIVACY","REDACTED FOR PRIVACY","","","","","","","","","","","","","","","","","","","","","","","","","","","","","","","","","","","clientTransferProhibited","","",""
"22","funnyvideos.cloud","2020-05-11 20:59:32","2020-05-04","2020-05-09","2021-05-04","69","Tucows Domains Inc.","whois.tucows.com","http://domainhelp.opensrs.net","Data Protected","Data Protected","","","ON","","Canada","","","","","","","","","","","","","","","","","","","","","","","","","","","","","","","","","","cdns1.interserver.net","cdns2.interserver.net","cdns3.interserver.net","","OK","","",""
"23","gameforgame.cloud","2020-05-11 20:58:38","2020-05-04","2020-05-09","2021-05-04","69","Tucows Domains Inc.","whois.tucows.com","http://domainhelp.opensrs.net","Contact Privacy Inc. Customer 0157809183","Contact Privacy Inc. Customer 0157809183","","","ON","","Canada","","","","","","","","","","","","","","","","","","","","","","","","","","","","","","","","","","dns.technorail.com","dns2.technorail.com","dns3.arubadns.net","dns4.arubadns.cz","clientTransferProhibited","clientUpdateProhibited","",""
"24","gamestep.cloud","2020-05-11 20:58:34","2020-05-04","2020-05-09","2021-05-04","69","Tucows Domains Inc.","whois.tucows.com","http://domainhelp.opensrs.net","Contact Privacy Inc. Customer 0157809187","Contact Privacy Inc. Customer 0157809187","","","ON","","Canada","","","","","","","","","","","","","","","","","","","","","","","","","","","","","","","","","","dns.technorail.com","dns2.technorail.com","dns3.arubadns.net","dns4.arubadns.cz","clientTransferProhibited","clientUpdateProhibited","",""
"25","gasgo.cloud","2020-05-11 20:58:21","2020-05-04","2020-05-09","2021-05-04","472","Dynadot, LLC","whois.dynadot.com","http://www.dynadot.com","","","","","California","","United States","","","","","","","","","","","","","","","","","","","","","","","","","","","","","","","","","","dane.ns.cloudflare.com","donna.ns.cloudflare.com","","","clientTransferProhibited","","",""
"26","golive.rentals","2020-05-11 06:39:51","2020-05-04","2020-05-09","2021-05-04","146","GoDaddy.com, LLC","whois.godaddy.com","http://registrar.godaddy.com","REDACTED FOR PRIVACY","Video & Vision Multimedia","REDACTED FOR PRIVACY","REDACTED FOR PRIVACY","Rhode Island","REDACTED FOR PRIVACY","United States","","REDACTED FOR PRIVACY","REDACTED FOR PRIVACY","","","","","","","","","","","","","","","","","","","","","","","","","","","","","","","","","","","clientDeleteProhibited","clientRenewProhibited","clientTransferProhibited","clientUpdateProhibited"
"27","greenfingershop.com","2020-05-11 21:40:01","2020-05-04","2020-05-04","2021-05-04","69","Tucows Domains Inc.","whois.tucows.com","http://domainhelp.opensrs.net","Contact Privacy Inc. Customer 0157805541","Contact Privacy Inc. Customer 0157805541","96 Mowat Ave","Toronto","ON","M6K 3M1","Canada","greenfingershop.com@contactprivacy.com","+1.4165385457","","Contact Privacy Inc. Customer 0157805541","Contact Privacy Inc. Customer 0157805541","96 Mowat Ave","Toronto","ON","M6K 3M1","Canada","greenfingershop.com@contactprivacy.com","+1.4165385457","","Contact Privacy Inc. Customer 0157805541","Contact Privacy Inc. Customer 0157805541","96 Mowat Ave","Toronto","ON","M6K 3M1","Canada","greenfingershop.com@contactprivacy.com","+1.4165385457","","","","","","","","","","","","ns-cloud-d1.googledomains.com","ns-cloud-d2.googledomains.com","ns-cloud-d3.googledomains.com","ns-cloud-d4.googledomains.com","clientTransferProhibited","clientUpdateProhibited","",""
"28","hbyzzlyy.com","2020-05-11 19:59:09","2020-05-04","2020-05-04","2021-05-04","1915","West263 International Limited","whois.hkdns.hk","http://www.hkdns.hk","REDACTED FOR PRIVACY","REDACTED FOR PRIVACY","REDACTED FOR PRIVACY","Chengdu","Sichuan","REDACTED FOR PRIVACY","China","","REDACTED FOR PRIVACY","REDACTED FOR PRIVACY","REDACTED FOR PRIVACY","REDACTED FOR PRIVACY","REDACTED FOR PRIVACY","Chengdu","Sichuan","REDACTED FOR PRIVACY","China","","REDACTED FOR PRIVACY","REDACTED FOR PRIVACY","REDACTED FOR PRIVACY","REDACTED FOR PRIVACY","REDACTED FOR PRIVACY","Chengdu","Sichuan","REDACTED FOR PRIVACY","China","","REDACTED FOR PRIVACY","REDACTED FOR PRIVACY","","","","","","","","","","","ns1.myhostadmin.net","ns2.myhostadmin.net","","","OK","","",""
"29","information-rights.com","2020-05-06 19:14:22","2020-05-04","2020-05-04","2021-05-04","1531","Automattic Inc.","whois.ripn.net","http://alohanic.com","Private Whois","Knock Knock WHOIS Not There, LLC","9450 SW Gemini Dr #63259","Beaverton","","97008-7105","United States","information-rights.com@privatewho.is","+1.8772738550","","Private Whois","Knock Knock WHOIS Not There, LLC","9450 SW Gemini Dr #63259","Beaverton","","97008-7105","United States","information-rights.com@privatewho.is","+1.8772738550","","Private Whois","Knock Knock WHOIS Not There, LLC","9450 SW Gemini Dr #63259","Beaverton","","97008-7105","United States","information-rights.com@privatewho.is","+1.8772738550","","Private Whois","Knock Knock WHOIS Not There, LLC","9450 SW Gemini Dr #63259","Beaverton","","97008-7105","United States","information-rights.com@privatewho.is","+1.8772738550","","ns1.wordpress.com","ns2.wordpress.com","ns3.wordpress.com","","clientTransferProhibited","","",""
"30","itlreinforcedconcreteroll.biz","2020-05-11 17:32:44","2020-05-04","2020-05-09","2021-05-04","146","GoDaddy.com, LLC","whois.godaddy.com","http://registrar.godaddy.com","Domains By Proxy, LLC","Domains By Proxy, LLC","","","Arizona","","United States","","","","","","","","","","","","","","","","","","","","","","","","","","","","","","","","","","ns49.domaincontrol.com","ns50.domaincontrol.com","","","clientDeleteProhibited","clientRenewProhibited","clientTransferProhibited","clientUpdateProhibited"
"31","la-harris.biz","2020-05-11 17:48:06","2020-05-04","2020-05-09","2021-05-04","146","GoDaddy.com, LLC","whois.godaddy.com","http://registrar.godaddy.com","Domains By Proxy, LLC","Domains By Proxy, LLC","","","Arizona","","United States","","","","","","","","","","","","","","","","","","","","","","","","","","","","","","","","","","ns41.domaincontrol.com","ns42.domaincontrol.com","","","clientDeleteProhibited","clientRenewProhibited","clientTransferProhibited","clientUpdateProhibited"
"32","lacabanabakersfield.biz","2020-05-11 17:46:39","2020-05-04","2020-05-09","2021-05-04","146","GoDaddy.com, LLC","whois.godaddy.com","http://registrar.godaddy.com","La Cabana restaurant","La Cabana restaurant","","","California","","United States","","","","","","","","","","","","","","","","","","","","","","","","","","","","","","","","","","ns63.domaincontrol.com","ns64.domaincontrol.com","","","clientDeleteProhibited","clientRenewProhibited","clientTransferProhibited","clientUpdateProhibited"
"33","montanacbd.accountant","2020-05-11 14:46:35","2020-05-04","2020-05-09","2021-05-04","146","GoDaddy.com, LLC","whois.godaddy.com","http://registrar.godaddy.com","Domains By Proxy, LLC","Domains By Proxy, LLC","","","Arizona","","United States","","","","","","","","","","","","","","","","","","","","","","","","","","","","","","","","","","ns41.domaincontrol.com","ns42.domaincontrol.com","","","clientDeleteProhibited","clientRenewProhibited","clientTransferProhibited","clientUpdateProhibited"
"34","reddible.net","2020-05-05 23:18:47","2020-05-04","2020-05-04","2021-05-04","1531","Automattic Inc.","whois.ripn.net","http://alohanic.com","Private Whois","Knock Knock WHOIS Not There, LLC","9450 SW Gemini Dr #63259","Beaverton","","97008-7105","United States","reddible.net@privatewho.is","+1.8772738550","","Private Whois","Knock Knock WHOIS Not There, LLC","9450 SW Gemini Dr #63259","Beaverton","","97008-7105","United States","reddible.net@privatewho.is","+1.8772738550","","Private Whois","Knock Knock WHOIS Not There, LLC","9450 SW Gemini Dr #63259","Beaverton","","97008-7105","United States","reddible.net@privatewho.is","+1.8772738550","","Private Whois","Knock Knock WHOIS Not There, LLC","9450 SW Gemini Dr #63259","Beaverton","","97008-7105","United States","reddible.net@privatewho.is","+1.8772738550","","ns1.wordpress.com","ns2.wordpress.com","ns3.wordpress.com","","clientTransferProhibited","","",""
"35","thebrunettehijabi.com","2020-05-07 01:24:43","2020-05-04","2020-05-04","2021-05-04","955","Launchpad, Inc.","whois.launchpad.com","http://www.launchpad.com","Amina Khan","None","32-9914 Penhorwood Street","FORT MCMURRAY","AB","T9H 3N3","Canada","amina_awan@hotmail.com","+1.6478398152","","Amina Khan","None","32-9914 Penhorwood Street","FORT MCMURRAY","AB","T9H 3N3","Canada","amina_awan@hotmail.com","+1.6478398152","","Amina Khan","None","32-9914 Penhorwood Street","FORT MCMURRAY","AB","T9H 3N3","Canada","amina_awan@hotmail.com","+1.6478398152","","","","","","","","","","","","ns8051.hostgator.com","ns8052.hostgator.com","","","clientTransferProhibited","","",""
"36","thehealthyarab.com","2020-05-06 20:55:35","2020-05-04","2020-05-05","2021-05-04","886","Domain.com, LLC","whois.domain.com","http://www.domain.com","REDACTED FOR PRIVACY","REDACTED FOR PRIVACY","REDACTED FOR PRIVACY","REDACTED FOR PRIVACY","NA","REDACTED FOR PRIVACY","Jordan","","REDACTED FOR PRIVACY","REDACTED FOR PRIVACY","REDACTED FOR PRIVACY","REDACTED FOR PRIVACY","REDACTED FOR PRIVACY","REDACTED FOR PRIVACY","REDACTED FOR PRIVACY","REDACTED FOR PRIVACY","REDACTED FOR PRIVACY","","REDACTED FOR PRIVACY","REDACTED FOR PRIVACY","REDACTED FOR PRIVACY","REDACTED FOR PRIVACY","REDACTED FOR PRIVACY","REDACTED FOR PRIVACY","REDACTED FOR PRIVACY","REDACTED FOR PRIVACY","REDACTED FOR PRIVACY","","REDACTED FOR PRIVACY","REDACTED FOR PRIVACY","","","","","","","","","","","ns1.powweb.com","ns2.powweb.com","","","","","",""
"37","tutorial.tips","2020-05-11 09:30:28","2020-05-04","2020-05-09","2021-05-04","1068","NameCheap, Inc.","whois.namecheap.com","http://www.namecheap.com","REDACTED FOR PRIVACY","WhoisGuard, Inc.","REDACTED FOR PRIVACY","REDACTED FOR PRIVACY","Panama","REDACTED FOR PRIVACY","Panama","","REDACTED FOR PRIVACY","REDACTED FOR PRIVACY","","","","","","","","","","","","","","","","","","","","","","","","","","","","","","","","","","","clientTransferProhibited","","",""
"38","wudizhandoulixitong.cloud","2020-05-11 21:20:33","2020-05-04","2020-05-09","2021-05-04","1479","Namesilo, LLC","whois.namesilo.com","http://www.namesilo.com","See PrivacyGuardian.org","See PrivacyGuardian.org","","","AZ","","United States","","","","","","","","","","","","","","","","","","","","","","","","","","","","","","","","","","cesar.ns.cloudflare.com","marlowe.ns.cloudflare.com","","","clientTransferProhibited","","",""
"39","xbear.cloud","2020-05-11 21:19:50","2020-05-04","2020-05-09","2021-05-04","1599","Alibaba Cloud Computing Ltd. d/b/a HiChina (www.net.cn)","http://whois.hichina.com/","http://www.net.cn","Li Su","Li Su","","","Hu Nan","","China","","","","","","","","","","","","","","","","","","","","","","","","","","","","","","","","","","dns15.hichina.com","dns16.hichina.com","","","OK","","",""
"40","zenithhour.com","2020-05-06 20:39:33","2020-05-04","2020-05-04","2021-05-04","69","Tucows Domains Inc.","whois.tucows.com","http://domainhelp.opensrs.net","REDACTED FOR PRIVACY","REDACTED FOR PRIVACY","REDACTED FOR PRIVACY","REDACTED FOR PRIVACY","UT","REDACTED FOR PRIVACY","United States","","REDACTED FOR PRIVACY","REDACTED FOR PRIVACY","REDACTED FOR PRIVACY","REDACTED FOR PRIVACY","REDACTED FOR PRIVACY","REDACTED FOR PRIVACY","REDACTED FOR PRIVACY","REDACTED FOR PRIVACY","REDACTED FOR PRIVACY","","REDACTED FOR PRIVACY","REDACTED FOR PRIVACY","REDACTED FOR PRIVACY","REDACTED FOR PRIVACY","REDACTED FOR PRIVACY","REDACTED FOR PRIVACY","REDACTED FOR PRIVACY","REDACTED FOR PRIVACY","REDACTED FOR PRIVACY","","REDACTED FOR PRIVACY","REDACTED FOR PRIVACY","","","","","","","","","","","ns1.giow1083.siteground.us","ns2.giow1083.siteground.us","","","clientTransferProhibited","clientUpdateProhibited","",""