"num","domain_name","query_time","create_date","update_date","expiry_date","domain_registrar_id","domain_registrar_name","domain_registrar_whois","domain_registrar_url","registrant_name","registrant_company","registrant_address","registrant_city","registrant_state","registrant_zip","registrant_country","registrant_email","registrant_phone","registrant_fax","administrative_name","administrative_company","administrative_address","administrative_city","administrative_state","administrative_zip","administrative_country","administrative_email","administrative_phone","administrative_fax","technical_name","technical_company","technical_address","technical_city","technical_state","technical_zip","technical_country","technical_email","technical_phone","technical_fax","billing_name","billing_company","billing_address","billing_city","billing_state","billing_zip","billing_country","billing_email","billing_phone","billing_fax","name_server_1","name_server_2","name_server_3","name_server_4","domain_status_1","domain_status_2","domain_status_3","domain_status_4"
"1","6birds.net","2020-05-07 18:59:40","2020-05-05","2020-05-05","2021-05-05","303","PDR Ltd. d/b/a PublicDomainRegistry.com","whois.publicdomainregistry.com","http://www.publicdomainregistry.com","Domain Admin","Privacy Protect, LLC (PrivacyProtect.org)","10 Corporate Drive","Burlington","MA","01803","United States","contact@privacyprotect.org","+1.8022274003","","Domain Admin","Privacy Protect, LLC (PrivacyProtect.org)","10 Corporate Drive","Burlington","MA","01803","United States","contact@privacyprotect.org","+1.8022274003","","Domain Admin","Privacy Protect, LLC (PrivacyProtect.org)","10 Corporate Drive","Burlington","MA","01803","United States","contact@privacyprotect.org","+1.8022274003","","","","","","","","","","","","lynn.ns.cloudflare.com","miki.ns.cloudflare.com","","","clientTransferProhibited","","",""
"2","aesthetica.cloud","2020-05-11 20:48:22","2020-05-05","2020-05-10","2021-05-05","83","1&1 Internet AG","whois.schlund.info","http://1and1.com","1&1 Internet Limited","1&1 Internet Limited","","","GLS","","United Kingdom","","","","","","","","","","","","","","","","","","","","","","","","","","","","","","","","","","ns1044.ui-dns.com","ns1069.ui-dns.de","ns1074.ui-dns.org","ns1091.ui-dns.biz","clientTransferProhibited","","",""
"3","aibao.cloud","2020-05-11 20:47:28","2020-05-05","2020-05-10","2025-05-05","1599","Alibaba Cloud Computing Ltd. d/b/a HiChina (www.net.cn)","http://whois.hichina.com/","http://www.net.cn","you feng lei","you feng lei","","","Bei Jing","","China","","","","","","","","","","","","","","","","","","","","","","","","","","","","","","","","","","dns3.hichina.com","dns4.hichina.com","","","OK","","",""
"4","aichampions.cloud","2020-05-11 20:47:28","2020-05-05","2020-05-10","2021-05-05","146","GoDaddy.com, LLC","whois.godaddy.com","http://registrar.godaddy.com","High Profile International","High Profile International","","","New South Wales","","Australia","","","","","","","","","","","","","","","","","","","","","","","","","","","","","","","","","","ns41.domaincontrol.com","ns42.domaincontrol.com","","","clientDeleteProhibited","clientRenewProhibited","clientTransferProhibited","clientUpdateProhibited"
"5","amazingmoney21k.biz","2020-05-11 15:48:13","2020-05-05","2020-05-10","2021-05-05","1068","NameCheap, Inc.","whois.namecheap.com","http://www.namecheap.com","WhoisGuard, Inc.","WhoisGuard, Inc.","","","Panama","","Panama","","","","","","","","","","","","","","","","","","","","","","","","","","","","","","","","","","dns1.registrar-servers.com","dns2.registrar-servers.com","","","clientTransferProhibited","","",""
"6","amongallnations.biz","2020-05-11 15:49:10","2020-05-05","2020-05-10","2021-05-05","146","GoDaddy.com, LLC","whois.godaddy.com","http://registrar.godaddy.com","Minda's Fashions Inc.","Minda's Fashions Inc.","","","Virginia","","United States","","","","","","","","","","","","","","","","","","","","","","","","","","","","","","","","","","ns59.domaincontrol.com","ns60.domaincontrol.com","","","clientDeleteProhibited","clientRenewProhibited","clientTransferProhibited","clientUpdateProhibited"
"7","ampelwine.biz","2020-05-11 15:49:07","2020-05-05","2020-05-10","2021-05-05","303","PDR Ltd. d/b/a PublicDomainRegistry.com","whois.publicdomainregistry.com","http://www.publicdomainregistry.com","Private Person","Private Person","","","","","Georgia","","","","","","","","","","","","","","","","","","","","","","","","","","","","","","","","","","ns1.hosting.reg.ru","ns2.hosting.reg.ru","","","clientTransferProhibited","","",""
"8","areacritica.biz","2020-05-11 15:52:05","2020-05-05","2020-05-10","2021-05-05","625","Name.com, Inc.","whois.name.com","http://www.name.com","Domain Protection Services, Inc.","Domain Protection Services, Inc.","","","CO","","United States","","","","","","","","","","","","","","","","","","","","","","","","","","","","","","","","","","ns1djs.name.com","ns2glx.name.com","ns3cfp.name.com","ns4cjp.name.com","clientTransferProhibited","","",""
"9","azu.life","2020-05-07 06:06:36","2020-05-05","2020-05-05","2021-05-05","146","GoDaddy.com, LLC","whois.godaddy.com","http://registrar.godaddy.com","REDACTED FOR PRIVACY","","REDACTED FOR PRIVACY","REDACTED FOR PRIVACY","Alaska","REDACTED FOR PRIVACY","United States","","REDACTED FOR PRIVACY","REDACTED FOR PRIVACY","","","","","","","","","","","","","","","","","","","","","","","","","","","","","","","","","","","addPeriod","clientDeleteProhibited","clientRenewProhibited","clientTransferProhibited"
"10","buildalife.biz","2020-05-11 16:12:09","2020-05-05","2020-05-10","2021-05-05","146","GoDaddy.com, LLC","whois.godaddy.com","http://registrar.godaddy.com","","","","","Oklahoma","","United States","","","","","","","","","","","","","","","","","","","","","","","","","","","","","","","","","","ns19.domaincontrol.com","ns20.domaincontrol.com","","","clientDeleteProhibited","clientRenewProhibited","clientTransferProhibited","clientUpdateProhibited"
"11","buildingcreditscores.biz","2020-05-11 16:12:08","2020-05-05","2020-05-10","2021-05-05","146","GoDaddy.com, LLC","whois.godaddy.com","http://registrar.godaddy.com","","","","","Connecticut","","United States","","","","","","","","","","","","","","","","","","","","","","","","","","","","","","","","","","ns77.domaincontrol.com","ns78.domaincontrol.com","","","clientDeleteProhibited","clientRenewProhibited","clientTransferProhibited","clientUpdateProhibited"
"12","bulgarianwine.biz","2020-05-11 16:12:07","2020-05-05","2020-05-10","2021-05-05","146","GoDaddy.com, LLC","whois.godaddy.com","http://registrar.godaddy.com","driver information systems limited","driver information systems limited","","","London","","United Kingdom","","","","","","","","","","","","","","","","","","","","","","","","","","","","","","","","","","ns3.gotobg.net","ns4.gotobg.net","","","clientDeleteProhibited","clientRenewProhibited","clientTransferProhibited","clientUpdateProhibited"
"13","buluruz.biz","2020-05-11 16:12:04","2020-05-05","2020-05-10","2021-05-05","146","GoDaddy.com, LLC","whois.godaddy.com","http://registrar.godaddy.com","Domains By Proxy, LLC","Domains By Proxy, LLC","","","Arizona","","United States","","","","","","","","","","","","","","","","","","","","","","","","","","","","","","","","","","ns19.domaincontrol.com","ns20.domaincontrol.com","","","clientDeleteProhibited","clientRenewProhibited","clientTransferProhibited","clientUpdateProhibited"
"14","cbdfeed.biz","2020-05-11 16:17:28","2020-05-05","2020-05-10","2021-05-05","146","GoDaddy.com, LLC","whois.godaddy.com","http://registrar.godaddy.com","Domains By Proxy, LLC","Domains By Proxy, LLC","","","Arizona","","United States","","","","","","","","","","","","","","","","","","","","","","","","","","","","","","","","","","ns19.domaincontrol.com","ns20.domaincontrol.com","","","clientDeleteProhibited","clientRenewProhibited","clientTransferProhibited","clientUpdateProhibited"
"15","cxgdtech.com","2020-05-07 00:06:16","2020-05-05","2020-05-05","2021-05-05","1489","Megazone Corp., dba HOSTING.KR","whois.hosting.kr","http://www.hosting.kr","Gtvrdwrax Aqmpbkzk","Gtvrdwrax Aqmpbkzk","21, Gwonsamdeok-ro, Wansan-gu, Jeonju-si, Jeollabuk-do South Korea Gwonsamdeuk-ro, Wansan-gu,  Jeonju-si","Jeollabuk-do","","55005","Korea","obstructhygi@gmail.com","+82.3356223920","","Gtvrdwrax Aqmpbkzk","Gtvrdwrax Aqmpbkzk","21, Gwonsamdeok-ro, Wansan-gu, Jeonju-si, Jeollabuk-do South Korea Gwonsamdeuk-ro, Wansan-gu,  Jeonju-si","Jeollabuk-do","","55005","Korea","obstructhygi@gmail.com","+82.3356223920","","Gtvrdwrax Aqmpbkzk","Gtvrdwrax Aqmpbkzk","21, Gwonsamdeok-ro, Wansan-gu, Jeonju-si, Jeollabuk-do South Korea Gwonsamdeuk-ro, Wansan-gu,  Jeonju-si","Jeollabuk-do","","55005","Korea","obstructhygi@gmail.com","+82.3356223920","","","","","","","","","","","","ns1.dnsdun.com","ns1.dnsdun.net","","","OK","","",""
"16","dronivery.com","2020-05-07 20:41:30","2020-05-05","2020-05-05","2021-05-05","1531","Automattic Inc.","whois.ripn.net","http://alohanic.com","Private Whois","Knock Knock WHOIS Not There, LLC","9450 SW Gemini Dr #63259","Beaverton","","97008-7105","United States","dronivery.com@privatewho.is","+1.8772738550","","Private Whois","Knock Knock WHOIS Not There, LLC","9450 SW Gemini Dr #63259","Beaverton","","97008-7105","United States","dronivery.com@privatewho.is","+1.8772738550","","Private Whois","Knock Knock WHOIS Not There, LLC","9450 SW Gemini Dr #63259","Beaverton","","97008-7105","United States","dronivery.com@privatewho.is","+1.8772738550","","Private Whois","Knock Knock WHOIS Not There, LLC","9450 SW Gemini Dr #63259","Beaverton","","97008-7105","United States","dronivery.com@privatewho.is","+1.8772738550","","ns1.wordpress.com","ns2.wordpress.com","ns3.wordpress.com","","clientTransferProhibited","","",""
"17","espacelabpatho.biz","2020-05-11 16:52:42","2020-05-05","2020-05-10","2021-05-05","433","OVH sas","whois.ovh.com","http://www.ovh.com","ESPACE LAB FRANCE","ESPACE LAB FRANCE","","","","","France","","","","","","","","","","","","","","","","","","","","","","","","","","","","","","","","","","dns110.ovh.net","ns110.ovh.net","","","clientDeleteProhibited","clientTransferProhibited","",""
"18","fullhousebingo.biz","2020-05-11 17:06:30","2020-05-05","2020-05-10","2021-05-05","299","CSC Corporate Domains, Inc.","whois.corporatedomains.com","http://www.cscglobal.com/global/web/csc/digital-brand-services","Gamesys Limited","Gamesys Limited","","","ENG","","United Kingdom","","","","","","","","","","","","","","","","","","","","","","","","","","","","","","","","","","dns1.cscdns.net","dns2.cscdns.net","","","clientTransferProhibited","","",""
"19","fvcc.cloud","2020-05-11 20:59:14","2020-05-05","2020-05-10","2021-05-05","1479","Namesilo, LLC","whois.namesilo.com","http://www.namesilo.com","See PrivacyGuardian.org","See PrivacyGuardian.org","","","AZ","","United States","","","","","","","","","","","","","","","","","","","","","","","","","","","","","","","","","","ns1.dnsowl.com","ns2.dnsowl.com","","","clientTransferProhibited","","",""
"20","gambi.cloud","2020-05-11 20:58:39","2020-05-05","2020-05-10","2021-05-05","69","Tucows Domains Inc.","whois.tucows.com","http://domainhelp.opensrs.net","Data Protected","Data Protected","","","ON","","Canada","","","","","","","","","","","","","","","","","","","","","","","","","","","","","","","","","","dns.technorail.com","dns2.technorail.com","dns3.arubadns.net","dns4.arubadns.cz","clientTransferProhibited","clientUpdateProhibited","",""
"21","gaoxiaoshengdewanwu.cloud","2020-05-11 20:58:27","2020-05-05","2020-05-10","2021-05-05","1479","Namesilo, LLC","whois.namesilo.com","http://www.namesilo.com","See PrivacyGuardian.org","See PrivacyGuardian.org","","","AZ","","United States","","","","","","","","","","","","","","","","","","","","","","","","","","","","","","","","","","cesar.ns.cloudflare.com","marlowe.ns.cloudflare.com","","","clientTransferProhibited","","",""
"22","gdgulijin.com","2020-05-11 20:13:23","2020-05-05","2020-05-09","2021-05-05","471","Bizcn.com, Inc.","whois.bizcn.com","http://www.bizcn.com","","","","","Guangdong","","China","","","","","","","","","","","","","","","","","","","","","","","","","","","","","","","","","","ns7.cnmsn.net","ns8.cnmsn.net","","","clientDeleteProhibited","clientTransferProhibited","",""
"23","hitstixs.biz","2020-05-11 17:22:04","2020-05-05","2020-05-10","2021-05-05","895","Google, Inc.","whois.rrpproxy.net","http://www.google.com","Contact Privacy Inc. Customer 1247136703","Contact Privacy Inc. Customer 1247136703","","","ON","","Canada","","","","","","","","","","","","","","","","","","","","","","","","","","","","","","","","","","ns-cloud-b1.googledomains.com","ns-cloud-b2.googledomains.com","ns-cloud-b3.googledomains.com","ns-cloud-b4.googledomains.com","clientTransferProhibited","","",""
"24","hntrwetsuits.biz","2020-05-11 17:22:04","2020-05-05","2020-05-10","2021-05-05","146","GoDaddy.com, LLC","whois.godaddy.com","http://registrar.godaddy.com","Hunter Wetsuits","Hunter Wetsuits","","","CAlifornia","","United States","","","","","","","","","","","","","","","","","","","","","","","","","","","","","","","","","","ns73.domaincontrol.com","ns74.domaincontrol.com","","","clientDeleteProhibited","clientRenewProhibited","clientTransferProhibited","clientUpdateProhibited"
"25","hotpirate.biz","2020-05-11 17:21:52","2020-05-05","2020-05-10","2021-05-05","472","Dynadot, LLC","whois.dynadot.com","http://www.dynadot.com","hello@thedomain.io","hello@thedomain.io","","","Harju","","Estonia","","","","","","","","","","","","","","","","","","","","","","","","","","","","","","","","","","ns1.dynadot.com","ns2.dynadot.com","","","OK","","",""
"26","hottie.biz","2020-05-11 17:21:48","2020-05-05","2020-05-10","2021-05-05","625","Name.com, Inc.","whois.name.com","http://www.name.com","","","","","Boqueron","","Paraguay","","","","","","","","","","","","","","","","","","","","","","","","","","","","","","","","","","ns1.dan.com","ns2.dan.com","verification-e6510d17.ns3.dan.hosting","","clientTransferProhibited","","",""
"27","hzzyjjy.com","2020-05-11 19:59:17","2020-05-05","2020-05-05","2021-05-05","120","Xin Net Technology Corporation","whois.paycenter.com.cn","http://www.xinnet.com","REDACTED FOR PRIVACY","REDACTED FOR PRIVACY","REDACTED FOR PRIVACY","REDACTED FOR PRIVACY","REDACTED FOR PRIVACY","REDACTED FOR PRIVACY","REDACTED FOR PRIVACY","","REDACTED FOR PRIVACY","REDACTED FOR PRIVACY","REDACTED FOR PRIVACY","REDACTED FOR PRIVACY","REDACTED FOR PRIVACY","REDACTED FOR PRIVACY","REDACTED FOR PRIVACY","REDACTED FOR PRIVACY","REDACTED FOR PRIVACY","","REDACTED FOR PRIVACY","REDACTED FOR PRIVACY","REDACTED FOR PRIVACY","REDACTED FOR PRIVACY","REDACTED FOR PRIVACY","REDACTED FOR PRIVACY","REDACTED FOR PRIVACY","","REDACTED FOR PRIVACY","","REDACTED FOR PRIVACY","REDACTED FOR PRIVACY","","","","","","","","","","","ns11.xincache.com","ns12.xincache.com","","","","","",""
"28","impactsiis.biz","2020-05-11 17:28:36","2020-05-05","2020-05-10","2021-05-05","74","Online SAS","whois.bookmyname.com","http://www.bookmyname.com","","","","","","","Gabon","","","","","","","","","","","","","","","","","","","","","","","","","","","","","","","","","","ns1.o2switch.net","ns2.o2switch.net","","","clientTransferProhibited","","",""
"29","itacitylights.biz","2020-05-11 17:33:05","2020-05-05","2020-05-10","2021-05-05","2","Network Solutions, LLC","whois.networksolutions.com","http://networksolutions.com","ITA","ITA","","","IL","","United States","","","","","","","","","","","","","","","","","","","","","","","","","","","","","","","","","","ns11.worldnic.com","ns12.worldnic.com","","","clientTransferProhibited","","",""
"30","itours.biz","2020-05-11 17:32:39","2020-05-05","2020-05-10","2022-05-05","146","GoDaddy.com, LLC","whois.godaddy.com","http://registrar.godaddy.com","Domains By Proxy, LLC","Domains By Proxy, LLC","","","Arizona","","United States","","","","","","","","","","","","","","","","","","","","","","","","","","","","","","","","","","ns59.domaincontrol.com","ns60.domaincontrol.com","","","clientDeleteProhibited","clientRenewProhibited","clientTransferProhibited","clientUpdateProhibited"
"31","izjjuye.biz","2020-05-11 17:34:07","2020-05-05","2020-05-10","2021-05-05","49","GMO Internet Inc.","whois.discount-domain.com","http://www.onamae.com","Create,LLC","Create,LLC","","","Chiba","","Japan","","","","","","","","","","","","","","","","","","","","","","","","","","","","","","","","","","ns1.pom-g01.net","ns2.pom-g01.net","","","OK","","",""
"32","j-lodlive.biz","2020-05-11 17:34:02","2020-05-05","2020-05-10","2021-05-05","49","GMO Internet Inc.","whois.discount-domain.com","http://www.onamae.com","Whois Privacy Protection Service by onamae.com","Whois Privacy Protection Service by onamae.com","","","Tokyo","","Japan","","","","","","","","","","","","","","","","","","","","","","","","","","","","","","","","","","dns1.onamae.com","dns2.onamae.com","","","OK","","",""
"33","lafabriquedusmokedmeat.ca","2020-05-11 21:41:30","2020-05-05","2020-05-10","2021-05-05","","","","","Mitopa Inc.","","5010 Curie Rue","Laval","QC","H7W4W5","Canada","business@restomontreal.ca","+1.8889084431","","Mitopa Inc.","Mitopa Inc.","5010 Curie Rue","Laval","qc","H7W4W5","Canada","business@restomontreal.ca","+1.8889084431","","Mitopa Inc.","Mitopa Inc.","5010 Curie Rue","Laval","qc","H7W4W5","Canada","business@restomontreal.ca","+1.8889084431","","","","","","","","","","","","abby.ns.cloudflare.com","joel.ns.cloudflare.com","","","clientTransferProhibited","clientUpdateProhibited","serverTransferProhibited",""
"34","recoverpage-confirm.my.id","2020-05-11 01:29:06","2020-05-05","2020-05-05","2021-05-05","","","","","","","","","","","","","","","","","","","","","","","","","","","","","","","","","","","","","","","","","","","","","","","","","serverTransferProhibited","","",""
"35","risingupgc.com","2020-05-11 21:16:46","2020-05-05","2020-05-08","2021-05-05","3817","Wix.com Ltd.","","","","","","","","","","","","","","","","","","","","","","","","","","","","","","","","","","","","","","","","","","","ns6.wixdns.net","ns7.wixdns.net","","","clientTransferProhibited","clientUpdateProhibited","",""
"36","ruixuproduction.com","2020-05-07 20:24:28","2020-05-05","2020-05-05","2021-05-05","69","Tucows Domains Inc.","whois.tucows.com","http://domainhelp.opensrs.net","Contact Privacy Inc. Customer 0157827945","Contact Privacy Inc. Customer 0157827945","96 Mowat Ave","Toronto","ON","M6K 3M1","Canada","ruixuproduction.com@contactprivacy.com","+1.4165385457","","Contact Privacy Inc. Customer 0157827945","Contact Privacy Inc. Customer 0157827945","96 Mowat Ave","Toronto","ON","M6K 3M1","Canada","ruixuproduction.com@contactprivacy.com","+1.4165385457","","Contact Privacy Inc. Customer 0157827945","Contact Privacy Inc. Customer 0157827945","96 Mowat Ave","Toronto","ON","M6K 3M1","Canada","ruixuproduction.com@contactprivacy.com","+1.4165385457","","","","","","","","","","","","ns1.giow1084.siteground.us","ns2.giow1084.siteground.us","","","clientTransferProhibited","clientUpdateProhibited","",""
"37","sucursalpersonas-transaccionesbancolombiasa.com","2020-05-07 20:11:04","2020-05-05","2020-05-05","2021-05-05","1005","NetEarth One Inc. d/b/a NetEarth","whois.advancedregistrar.com","http://www.netearthone.com","Domain Admin","WHOIS IDCPrivacy Service c/o IDC (BVI) Limited","Suite 5, 7th Floor, 5 Greenwich View Place Visit www.idcprivacy.com to contact the domain contacts. Email to contact@idcprivacy.com for alternative instructions.","London","London","E14 9NN","United Kingdom","contact@idcprivacy.com","+44.2030262854","","Domain Admin","WHOIS IDCPrivacy Service c/o IDC (BVI) Limited","Suite 5, 7th Floor, 5 Greenwich View Place Visit www.idcprivacy.com to contact the domain contacts. Email to contact@idcprivacy.com for alternative instructions.","London","London","E14 9NN","United Kingdom","contact@idcprivacy.com","+44.2030262854","","Domain Admin","WHOIS IDCPrivacy Service c/o IDC (BVI) Limited","Suite 5, 7th Floor, 5 Greenwich View Place Visit www.idcprivacy.com to contact the domain contacts. Email to contact@idcprivacy.com for alternative instructions.","London","London","E14 9NN","United Kingdom","contact@idcprivacy.com","+44.2030262854","","","","","","","","","","","","ns5.hawkhost.com","ns6.hawkhost.com","","","clientTransferProhibited","","",""
"38","taj.watch","2020-05-11 17:07:20","2020-05-05","2020-05-10","2021-05-05","472","Dynadot, LLC","whois.dynadot.com","http://www.dynadot.com","REDACTED FOR PRIVACY","","REDACTED FOR PRIVACY","REDACTED FOR PRIVACY","California","REDACTED FOR PRIVACY","United States","","REDACTED FOR PRIVACY","REDACTED FOR PRIVACY","","","","","","","","","","","","","","","","","","","","","","","","","","","","","","","","","","","clientTransferProhibited","","",""
"39","trythingswithme.com","2020-05-07 19:31:03","2020-05-05","2020-05-05","2021-05-05","69","Tucows Domains Inc.","whois.tucows.com","http://domainhelp.opensrs.net","Contact Privacy Inc. Customer 0157826976","Contact Privacy Inc. Customer 0157826976","96 Mowat Ave","Toronto","ON","M6K 3M1","Canada","trythingswithme.com@contactprivacy.com","+1.4165385457","","Contact Privacy Inc. Customer 0157826976","Contact Privacy Inc. Customer 0157826976","96 Mowat Ave","Toronto","ON","M6K 3M1","Canada","trythingswithme.com@contactprivacy.com","+1.4165385457","","Contact Privacy Inc. Customer 0157826976","Contact Privacy Inc. Customer 0157826976","96 Mowat Ave","Toronto","ON","M6K 3M1","Canada","trythingswithme.com@contactprivacy.com","+1.4165385457","","","","","","","","","","","","dns1.p07.nsone.net","dns2.p07.nsone.net","dns3.p07.nsone.net","dns4.p07.nsone.net","clientTransferProhibited","clientUpdateProhibited","",""
"40","wudaolingtian.cloud","2020-05-11 21:20:34","2020-05-05","2020-05-10","2021-05-05","1479","Namesilo, LLC","whois.namesilo.com","http://www.namesilo.com","See PrivacyGuardian.org","See PrivacyGuardian.org","","","AZ","","United States","","","","","","","","","","","","","","","","","","","","","","","","","","","","","","","","","","cesar.ns.cloudflare.com","marlowe.ns.cloudflare.com","","","clientTransferProhibited","","",""
"41","xiangcunjiaoshi.cloud","2020-05-11 21:19:23","2020-05-05","2020-05-10","2021-05-05","1479","Namesilo, LLC","whois.namesilo.com","http://www.namesilo.com","See PrivacyGuardian.org","See PrivacyGuardian.org","","","AZ","","United States","","","","","","","","","","","","","","","","","","","","","","","","","","","","","","","","","","cesar.ns.cloudflare.com","marlowe.ns.cloudflare.com","","","clientTransferProhibited","","",""
"42","yaochensc.com","2020-05-11 20:10:28","2020-05-05","2020-05-09","2021-05-05","471","Bizcn.com, Inc.","whois.bizcn.com","http://www.bizcn.com","","","","","Guangxi","","China","","","","","","","","","","","","","","","","","","","","","","","","","","","","","","","","","","ns7.cnmsn.net","ns8.cnmsn.net","","","clientDeleteProhibited","clientTransferProhibited","",""
"43","yuanzun.team","2020-05-11 08:33:14","2020-05-05","2020-05-10","2021-05-05","1697","DNSPod, Inc.","whois.dnspod.com","http:// www.dnspod.cn","REDACTED FOR PRIVACY","guangdongyuanzunkejifazhanyouxiangongsi","REDACTED FOR PRIVACY","REDACTED FOR PRIVACY","guang dong sheng","REDACTED FOR PRIVACY","China","","REDACTED FOR PRIVACY","REDACTED FOR PRIVACY","","","","","","","","","","","","","","","","","","","","","","","","","","","","","","","","","","","OK","","",""