"num","domain_name","query_time","create_date","update_date","expiry_date","domain_registrar_id","domain_registrar_name","domain_registrar_whois","domain_registrar_url","registrant_name","registrant_company","registrant_address","registrant_city","registrant_state","registrant_zip","registrant_country","registrant_email","registrant_phone","registrant_fax","administrative_name","administrative_company","administrative_address","administrative_city","administrative_state","administrative_zip","administrative_country","administrative_email","administrative_phone","administrative_fax","technical_name","technical_company","technical_address","technical_city","technical_state","technical_zip","technical_country","technical_email","technical_phone","technical_fax","billing_name","billing_company","billing_address","billing_city","billing_state","billing_zip","billing_country","billing_email","billing_phone","billing_fax","name_server_1","name_server_2","name_server_3","name_server_4","domain_status_1","domain_status_2","domain_status_3","domain_status_4"
"1","elfaroradio.net","2020-05-12 21:48:09","2020-05-09","2020-05-09","2021-05-09","303","PDR Ltd. d/b/a PublicDomainRegistry.com","whois.publicdomainregistry.com","http://www.publicdomainregistry.com","Agustin  Roda","Agustin  Roda","Carriego 428","Concordia","Entre Rios","3200","Argentina","agustinroda@gmail.com","+54.1169074473","","Agustin  Roda","Agustin  Roda","Carriego 428","Concordia","Entre Rios","3200","Argentina","agustinroda@gmail.com","+54.1169074473","","Agustin  Roda","Agustin  Roda","Carriego 428","Concordia","Entre Rios","3200","Argentina","agustinroda@gmail.com","+54.1169074473","","","","","","","","","","","","ns1.dns-parking.com","ns2.dns-parking.com","","","clientTransferProhibited","","",""
"2","enjambre.info","2020-05-12 04:36:25","2020-05-10","2020-05-10","2021-05-10","146","GoDaddy.com, LLC","whois.godaddy.com","http://registrar.godaddy.com","","","","","Buenos Aires","","Argentina","","","","","","","","","","","","","","","","","","","","","","","","","","","","","","","","","","ns45.domaincontrol.com","ns46.domaincontrol.com","","","addPeriod","clientDeleteProhibited","clientRenewProhibited","clientTransferProhibited"
"3","ethernal.life","2020-05-12 21:08:21","2020-05-11","2020-05-11","2021-05-11","146","GoDaddy.com, LLC","whois.godaddy.com","http://registrar.godaddy.com","REDACTED FOR PRIVACY","","REDACTED FOR PRIVACY","REDACTED FOR PRIVACY","Santa Fe","REDACTED FOR PRIVACY","Argentina","","REDACTED FOR PRIVACY","REDACTED FOR PRIVACY","","","","","","","","","","","","","","","","","","","","","","","","","","","","","","","","","","","addPeriod","clientDeleteProhibited","clientRenewProhibited","clientTransferProhibited"
"4","ffresearchprueba.net","2020-05-12 21:47:53","2020-05-08","2020-05-08","2021-05-08","303","PDR Ltd. d/b/a PublicDomainRegistry.com","whois.publicdomainregistry.com","http://www.publicdomainregistry.com","mateo schiopetto","mateo schiopetto","adolfo alsina 1316","Buenos Aires","Buenos Aires","1638","Argentina","mschiopetto@ffresearch.net","+54.1156225515","","mateo schiopetto","mateo schiopetto","adolfo alsina 1316","Buenos Aires","Buenos Aires","1638","Argentina","mschiopetto@ffresearch.net","+54.1156225515","","mateo schiopetto","mateo schiopetto","adolfo alsina 1316","Buenos Aires","Buenos Aires","1638","Argentina","mschiopetto@ffresearch.net","+54.1156225515","","","","","","","","","","","","ns1.dns-parking.com","ns2.dns-parking.com","","","clientTransferProhibited","","",""
"5","ladiesgolf.biz","2020-05-12 17:04:14","2020-05-11","2020-05-11","2021-05-11","146","GoDaddy.com, LLC","whois.godaddy.com","http://registrar.godaddy.com","","","","","Buenos Aires","","Argentina","","","","","","","","","","","","","","","","","","","","","","","","","","","","","","","","","","ns23.domaincontrol.com","ns24.domaincontrol.com","","","addPeriod","clientDeleteProhibited","clientRenewProhibited","clientTransferProhibited"
"6","myclass.solutions","2020-05-12 20:37:32","2020-05-10","2020-05-10","2021-05-10","2","Network Solutions, LLC","whois.networksolutions.com","http://networksolutions.com","REDACTED FOR PRIVACY","","REDACTED FOR PRIVACY","REDACTED FOR PRIVACY","buenos aires","REDACTED FOR PRIVACY","Argentina","","REDACTED FOR PRIVACY","REDACTED FOR PRIVACY","","","","","","","","","","","","","","","","","","","","","","","","","","","","","","","","","","","addPeriod","clientTransferProhibited","",""
"7","nacetao.com","2020-05-12 21:26:16","2020-05-12","2020-05-12","2022-05-12","146","GoDaddy.com, LLC","whois.godaddy.com","http://registrar.godaddy.com","","","","","Buenos Aires","","Argentina","","","","","","","","","","","","","","","","","","","","","","","","","","","","","","","","","","ns27.domaincontrol.com","ns28.domaincontrol.com","","","clientDeleteProhibited","clientRenewProhibited","clientTransferProhibited","clientUpdateProhibited"
"8","oncativodecompras.com","2020-05-12 01:34:56","2020-05-11","2020-05-11","2021-05-11","146","GoDaddy.com, LLC","whois.godaddy.com","http://registrar.godaddy.com","","","","","Cordoba","","Argentina","","","","","","","","","","","","","","","","","","","","","","","","","","","","","","","","","","ns1.webhostingargentina.net","ns2.webhostingargentina.net","","","clientDeleteProhibited","clientRenewProhibited","clientTransferProhibited","clientUpdateProhibited"
"9","rodrigoseventos.net","2020-05-12 21:50:21","2020-05-08","2020-05-08","2021-05-08","440","Wild West Domains, LLC","whois.wildwestdomains.com","http://www.wildwestdomains.com","Logic Gate","Logic Gate","","","Buenos Aires","","Argentina","","","","","","","","","","","","","","","","","","","","","","","","","","","","","","","","","","ns69.domaincontrol.com","ns70.domaincontrol.com","","","clientDeleteProhibited","clientRenewProhibited","clientTransferProhibited","clientUpdateProhibited"
"10","seobeta.net","2020-05-12 21:49:58","2020-05-09","2020-05-09","2021-05-09","146","GoDaddy.com, LLC","whois.godaddy.com","http://registrar.godaddy.com","","","","","Buenos Aires","","Argentina","","","","","","","","","","","","","","","","","","","","","","","","","","","","","","","","","","ns63.domaincontrol.com","ns64.domaincontrol.com","","","clientDeleteProhibited","clientRenewProhibited","clientTransferProhibited","clientUpdateProhibited"
"11","tresor.life","2020-05-12 21:07:50","2020-05-08","2020-05-08","2021-05-08","2","Network Solutions, LLC","whois.networksolutions.com","http://networksolutions.com","REDACTED FOR PRIVACY","","REDACTED FOR PRIVACY","REDACTED FOR PRIVACY","Neuquen","REDACTED FOR PRIVACY","Argentina","","REDACTED FOR PRIVACY","REDACTED FOR PRIVACY","","","","","","","","","","","","","","","","","","","","","","","","","","","","","","","","","","","addPeriod","clientTransferProhibited","",""
"12","waltervuoto.info","2020-05-12 21:02:20","2020-05-11","2020-05-11","2021-05-11","146","GoDaddy.com, LLC","whois.godaddy.com","http://registrar.godaddy.com","estudio viertual","estudio viertual","","","Alicantealicante","","Argentina","","","","","","","","","","","","","","","","","","","","","","","","","","","","","","","","","","ns07.domaincontrol.com","ns08.domaincontrol.com","","","addPeriod","clientDeleteProhibited","clientRenewProhibited","clientTransferProhibited"