"num","domain_name","query_time","create_date","update_date","expiry_date","domain_registrar_id","domain_registrar_name","domain_registrar_whois","domain_registrar_url","registrant_name","registrant_company","registrant_address","registrant_city","registrant_state","registrant_zip","registrant_country","registrant_email","registrant_phone","registrant_fax","administrative_name","administrative_company","administrative_address","administrative_city","administrative_state","administrative_zip","administrative_country","administrative_email","administrative_phone","administrative_fax","technical_name","technical_company","technical_address","technical_city","technical_state","technical_zip","technical_country","technical_email","technical_phone","technical_fax","billing_name","billing_company","billing_address","billing_city","billing_state","billing_zip","billing_country","billing_email","billing_phone","billing_fax","name_server_1","name_server_2","name_server_3","name_server_4","domain_status_1","domain_status_2","domain_status_3","domain_status_4"
"1","cutesexvideos.pro","2020-05-12 22:47:42","2020-05-11","2020-05-11","2021-05-11","1387","1API GmbH","whois.1api.net","http://www.1api.net","","","","","Sofia","","Bulgaria","","","","","","","","","","","","","","","","","","","","","","","","","","","","","","","","","","ns1.parkingcrew.net","ns2.parkingcrew.net","","","addPeriod","clientTransferProhibited","serverTransferProhibited",""
"2","fishing-club.net","2020-05-12 21:47:50","2020-05-09","2020-05-09","2021-05-09","48","eNom, Inc.","whois.enom.com","http://www.enom.com","REDACTED FOR PRIVACY","REDACTED FOR PRIVACY","REDACTED FOR PRIVACY","REDACTED FOR PRIVACY","Sofiya","REDACTED FOR PRIVACY","Bulgaria","","REDACTED FOR PRIVACY","REDACTED FOR PRIVACY","REDACTED FOR PRIVACY","REDACTED FOR PRIVACY","REDACTED FOR PRIVACY","REDACTED FOR PRIVACY","REDACTED FOR PRIVACY","REDACTED FOR PRIVACY","REDACTED FOR PRIVACY","","REDACTED FOR PRIVACY","REDACTED FOR PRIVACY","REDACTED FOR PRIVACY","REDACTED FOR PRIVACY","REDACTED FOR PRIVACY","REDACTED FOR PRIVACY","REDACTED FOR PRIVACY","REDACTED FOR PRIVACY","REDACTED FOR PRIVACY","","REDACTED FOR PRIVACY","REDACTED FOR PRIVACY","","","","","","","","","","","ns100.superhosting.bg","ns99.superhosting.bg","","","addPeriod","clientTransferProhibited","",""
"3","maliatino.info","2020-05-12 07:53:16","2020-05-08","2020-05-08","2021-05-08","146","GoDaddy.com, LLC","whois.godaddy.com","http://registrar.godaddy.com","Vision Media Plus, Ltd","Vision Media Plus, Ltd","","","Rousse","","Bulgaria","","","","","","","","","","","","","","","","","","","","","","","","","","","","","","","","","","ns69.domaincontrol.com","ns70.domaincontrol.com","","","addPeriod","clientDeleteProhibited","clientRenewProhibited","clientTransferProhibited"
"4","misoguard.info","2020-05-12 08:19:18","2020-05-08","2020-05-08","2021-05-08","146","GoDaddy.com, LLC","whois.godaddy.com","http://registrar.godaddy.com","Vision Media Plus, Ltd","Vision Media Plus, Ltd","","","Rousse","","Bulgaria","","","","","","","","","","","","","","","","","","","","","","","","","","","","","","","","","","ns69.domaincontrol.com","ns70.domaincontrol.com","","","addPeriod","clientDeleteProhibited","clientRenewProhibited","clientTransferProhibited"
"5","personae.life","2020-05-12 21:08:02","2020-05-09","2020-05-09","2021-05-09","146","GoDaddy.com, LLC","whois.godaddy.com","http://registrar.godaddy.com","REDACTED FOR PRIVACY","","REDACTED FOR PRIVACY","REDACTED FOR PRIVACY","Sofia","REDACTED FOR PRIVACY","Bulgaria","","REDACTED FOR PRIVACY","REDACTED FOR PRIVACY","","","","","","","","","","","","","","","","","","","","","","","","","","","","","","","","","","","addPeriod","clientDeleteProhibited","clientRenewProhibited","clientTransferProhibited"
"6","precupan.info","2020-05-12 21:05:31","2020-05-08","2020-05-08","2021-05-08","146","GoDaddy.com, LLC","whois.godaddy.com","http://registrar.godaddy.com","Vision Media Plus, Ltd","Vision Media Plus, Ltd","","","Rousse","","Bulgaria","","","","","","","","","","","","","","","","","","","","","","","","","","","","","","","","","","ns69.domaincontrol.com","ns70.domaincontrol.com","","","addPeriod","clientDeleteProhibited","clientRenewProhibited","clientTransferProhibited"
"7","productsdepartment.info","2020-05-12 21:05:21","2020-05-08","2020-05-08","2021-05-08","113","CSL Computer Service Langenbach GmbH d/b/a joker.com","whois.joker.com","http://www.joker.com","","","","","","","Bulgaria","","","","","","","","","","","","","","","","","","","","","","","","","","","","","","","","","","maciej.ns.cloudflare.com","tina.ns.cloudflare.com","","","addPeriod","clientTransferProhibited","serverTransferProhibited",""
"8","rakuda-j.net","2020-05-12 21:50:27","2020-05-08","2020-05-08","2021-05-08","3293","DropCatch.com 1084 LLC","","","Aleksandar Todorov","","bul. Budapeshta 5","Sofia","Sofia-Capital","1000","Bulgaria","a.todorow@abv.bg","+359.883486159","","Aleksandar Todorov","","bul. Budapeshta 5","Sofia","Sofia-Capital","1000","Bulgaria","a.todorow@abv.bg","+359.883486159","","Aleksandar Todorov","","bul. Budapeshta 5","Sofia","Sofia-Capital","1000","Bulgaria","a.todorow@abv.bg","+359.883486159","","","","","","","","","","","","","","","","clientTransferProhibited","","",""
"9","saphty.net","2020-05-12 21:50:07","2020-05-10","2020-05-10","2022-05-10","303","PDR Ltd. d/b/a PublicDomainRegistry.com","whois.publicdomainregistry.com","http://www.publicdomainregistry.com","GDPR Masked","GDPR Masked","GDPR Masked","GDPR Masked","Sofia","GDPR Masked","Bulgaria","gdpr-masking@gdpr-masked.com","GDPR Masked","GDPR Masked","GDPR Masked","GDPR Masked","GDPR Masked","GDPR Masked","GDPR Masked","GDPR Masked","GDPR Masked","gdpr-masking@gdpr-masked.com","GDPR Masked","GDPR Masked","GDPR Masked","GDPR Masked","GDPR Masked","GDPR Masked","GDPR Masked","GDPR Masked","GDPR Masked","gdpr-masking@gdpr-masked.com","GDPR Masked","GDPR Masked","","","","","","","","","","","ns1.cloudns.net","ns2.cloudns.net","ns3.cloudns.net","ns4.cloudns.net","clientTransferProhibited","","",""
"10","scrap.plus","2020-05-12 18:09:02","2020-05-09","2020-05-09","2021-05-09","146","GoDaddy.com, LLC","whois.godaddy.com","http://registrar.godaddy.com","REDACTED FOR PRIVACY","","REDACTED FOR PRIVACY","REDACTED FOR PRIVACY","Sofia","REDACTED FOR PRIVACY","Bulgaria","","REDACTED FOR PRIVACY","REDACTED FOR PRIVACY","","","","","","","","","","","","","","","","","","","","","","","","","","","","","","","","","","","addPeriod","clientDeleteProhibited","clientRenewProhibited","clientTransferProhibited"
"11","tetraco.info","2020-05-12 11:55:23","2020-05-08","2020-05-08","2021-05-08","146","GoDaddy.com, LLC","whois.godaddy.com","http://registrar.godaddy.com","Vision Media Plus, Ltd","Vision Media Plus, Ltd","","","Rousse","","Bulgaria","","","","","","","","","","","","","","","","","","","","","","","","","","","","","","","","","","ns55.domaincontrol.com","ns56.domaincontrol.com","","","addPeriod","clientDeleteProhibited","clientRenewProhibited","clientTransferProhibited"
"12","zymbago.info","2020-05-12 13:44:32","2020-05-08","2020-05-08","2021-05-08","146","GoDaddy.com, LLC","whois.godaddy.com","http://registrar.godaddy.com","Vision Media Plus, Ltd","Vision Media Plus, Ltd","","","Rousse","","Bulgaria","","","","","","","","","","","","","","","","","","","","","","","","","","","","","","","","","","ns47.domaincontrol.com","ns48.domaincontrol.com","","","addPeriod","clientDeleteProhibited","clientRenewProhibited","clientTransferProhibited"