"num","domain_name","query_time","create_date","update_date","expiry_date","domain_registrar_id","domain_registrar_name","domain_registrar_whois","domain_registrar_url","registrant_name","registrant_company","registrant_address","registrant_city","registrant_state","registrant_zip","registrant_country","registrant_email","registrant_phone","registrant_fax","administrative_name","administrative_company","administrative_address","administrative_city","administrative_state","administrative_zip","administrative_country","administrative_email","administrative_phone","administrative_fax","technical_name","technical_company","technical_address","technical_city","technical_state","technical_zip","technical_country","technical_email","technical_phone","technical_fax","billing_name","billing_company","billing_address","billing_city","billing_state","billing_zip","billing_country","billing_email","billing_phone","billing_fax","name_server_1","name_server_2","name_server_3","name_server_4","domain_status_1","domain_status_2","domain_status_3","domain_status_4"
"1","kynex.biz","2020-05-12 17:04:14","2020-05-08","2020-05-08","2021-05-08","433","OVH sas","whois.ovh.com","http://www.ovh.com","","","","","","","Cambodia","","","","","","","","","","","","","","","","","","","","","","","","","","","","","","","","","","dns110.ovh.net","ns110.ovh.net","","","addPeriod","clientDeleteProhibited","clientTransferProhibited",""
"2","kynexdigital.biz","2020-05-12 17:04:18","2020-05-08","2020-05-08","2021-05-08","433","OVH sas","whois.ovh.com","http://www.ovh.com","","","","","","","Cambodia","","","","","","","","","","","","","","","","","","","","","","","","","","","","","","","","","","dns110.ovh.net","ns110.ovh.net","","","addPeriod","clientDeleteProhibited","clientTransferProhibited",""
"3","kynexdigital.business","2020-05-12 19:16:03","2020-05-08","2020-05-08","2021-05-08","433","OVH sas","whois.ovh.com","http://www.ovh.com","REDACTED FOR PRIVACY","","REDACTED FOR PRIVACY","REDACTED FOR PRIVACY","","REDACTED FOR PRIVACY","Cambodia","","REDACTED FOR PRIVACY","REDACTED FOR PRIVACY","","","","","","","","","","","","","","","","","","","","","","","","","","","","","","","","","","","addPeriod","clientDeleteProhibited","clientTransferProhibited",""
"4","livebaccarat.loan","2020-05-12 14:38:02","2020-05-10","2020-05-10","2021-05-10","3775","ALIBABA.COM SINGAPORE E-COMMERCE PRIVATE LIMITED","","","BS303","BS303","","","Bangkok","","Cambodia","","","","","","","","","","","","","","","","","","","","","","","","","","","","","","","","","","chloe.ns.cloudflare.com","cleo.ns.cloudflare.com","","","addPeriod","ok","",""
"5","sagame66.net","2020-05-12 21:50:10","2020-05-08","2020-05-08","2021-05-08","625","Name.com, Inc.","whois.name.com","http://www.name.com","Sunny Plus","Omx","Poipet City avenue","Ahumnetag","Huntonge","11321","Cambodia","omaxsbo@gmail.com","+66.813213321","","Sunny Plus","Omx","Poipet City avenue","Ahumnetag","Huntonge","11321","Cambodia","omaxsbo@gmail.com","+66.813213321","","Sunny Plus","Omx","Poipet City avenue","Ahumnetag","Huntonge","11321","Cambodia","omaxsbo@gmail.com","+66.813213321","","","","","","","","","","","","ns1jsv.name.com","ns2jrt.name.com","ns3jwx.name.com","ns4cpw.name.com","addPeriod","clientTransferProhibited","",""