"num","domain_name","query_time","create_date","update_date","expiry_date","domain_registrar_id","domain_registrar_name","domain_registrar_whois","domain_registrar_url","registrant_name","registrant_company","registrant_address","registrant_city","registrant_state","registrant_zip","registrant_country","registrant_email","registrant_phone","registrant_fax","administrative_name","administrative_company","administrative_address","administrative_city","administrative_state","administrative_zip","administrative_country","administrative_email","administrative_phone","administrative_fax","technical_name","technical_company","technical_address","technical_city","technical_state","technical_zip","technical_country","technical_email","technical_phone","technical_fax","billing_name","billing_company","billing_address","billing_city","billing_state","billing_zip","billing_country","billing_email","billing_phone","billing_fax","name_server_1","name_server_2","name_server_3","name_server_4","domain_status_1","domain_status_2","domain_status_3","domain_status_4"
"1","enviosmailz.net","2020-05-12 21:48:05","2020-05-08","2020-05-08","2021-05-08","303","PDR Ltd. d/b/a PublicDomainRegistry.com","whois.publicdomainregistry.com","http://www.publicdomainregistry.com","Marcos Contreras Baez","SOEX LTDA","Diagonal Paraguay 29 Metropolitana","Santiago","Santiago","8320000","Chile","macontreras.baez@gmail.com","+56.994611355","","Marcos Contreras Baez","SOEX LTDA","Diagonal Paraguay 29 Metropolitana","Santiago","Santiago","8320000","Chile","macontreras.baez@gmail.com","+56.994611355","","Marcos Contreras Baez","SOEX LTDA","Diagonal Paraguay 29 Metropolitana","Santiago","Santiago","8320000","Chile","macontreras.baez@gmail.com","+56.994611355","","","","","","","","","","","","1.5gspeedservice.com","2.5gspeedservice.com","","","clientTransferProhibited","","",""
"2","fivesp.net","2020-05-12 21:47:51","2020-05-08","2020-05-08","2021-05-08","303","PDR Ltd. d/b/a PublicDomainRegistry.com","whois.publicdomainregistry.com","http://www.publicdomainregistry.com","CRISTOBAL PENA","GRUPO PENA SALAS SPA","LOS CERROS , 573 TIL TIL","Santiago","RM","8374593","Chile","ktalina.salas@gmail.com","+56.938633595","","CRISTOBAL PENA","GRUPO PENA SALAS SPA","LOS CERROS , 573 TIL TIL","Santiago","RM","8374593","Chile","ktalina.salas@gmail.com","+56.938633595","","CRISTOBAL PENA","GRUPO PENA SALAS SPA","LOS CERROS , 573 TIL TIL","Santiago","RM","8374593","Chile","ktalina.salas@gmail.com","+56.938633595","","","","","","","","","","","","ns20.hostgator.cl","ns21.hostgator.cl","","","clientTransferProhibited","","",""
"3","kvark.biz","2020-05-12 17:04:13","2020-05-08","2020-05-08","2021-05-08","3765","NICENIC INTERNATIONAL GROUP CO., LIMITED","","","Richard Dilan","Richard Dilan","","","Atacama","","Chile","","","","","","","","","","","","","","","","","","","","","","","","","","","","","","","","","","ns1.ndns.cn","ns2.ndns.cn","","","addPeriod","clientDeleteProhibited","clientTransferProhibited",""
"4","peliculasenhd.net","2020-05-12 21:50:52","2020-05-11","2020-05-11","2021-05-11","76","Nominalia Internet S.L.","whois.nominalia.com","http://www.nominalia.com","REDACTED FOR PRIVACY","REDACTED FOR PRIVACY","REDACTED FOR PRIVACY","REDACTED FOR PRIVACY","Los Lagos","REDACTED FOR PRIVACY","Chile","","REDACTED.FORPRIVACY","REDACTED.FORPRIVACY","REDACTED FOR PRIVACY","REDACTED FOR PRIVACY","REDACTED FOR PRIVACY","REDACTED FOR PRIVACY","Los Lagos","REDACTED FOR PRIVACY","Chile","","REDACTED.FORPRIVACY","REDACTED.FORPRIVACY","REDACTED FOR PRIVACY","REDACTED FOR PRIVACY","REDACTED FOR PRIVACY","REDACTED FOR PRIVACY","Barcelona","REDACTED FOR PRIVACY","Spain","","REDACTED.FORPRIVACY","REDACTED.FORPRIVACY","","","","","","","","","","","dns1.nominalia.com","dns2.nominalia.com","","","OK","","",""
"5","tevendo.pro","2020-05-12 22:47:33","2020-05-11","2020-05-11","2021-05-11","146","GoDaddy.com, LLC","whois.godaddy.com","http://registrar.godaddy.com","Zenitx Informatica eirl","Zenitx Informatica eirl","","","Biobio","","Chile","","","","","","","","","","","","","","","","","","","","","","","","","","","","","","","","","","ns07.domaincontrol.com","ns08.domaincontrol.com","","","addPeriod","clientDeleteProhibited","clientRenewProhibited","clientTransferProhibited"