"num","domain_name","query_time","create_date","update_date","expiry_date","domain_registrar_id","domain_registrar_name","domain_registrar_whois","domain_registrar_url","registrant_name","registrant_company","registrant_address","registrant_city","registrant_state","registrant_zip","registrant_country","registrant_email","registrant_phone","registrant_fax","administrative_name","administrative_company","administrative_address","administrative_city","administrative_state","administrative_zip","administrative_country","administrative_email","administrative_phone","administrative_fax","technical_name","technical_company","technical_address","technical_city","technical_state","technical_zip","technical_country","technical_email","technical_phone","technical_fax","billing_name","billing_company","billing_address","billing_city","billing_state","billing_zip","billing_country","billing_email","billing_phone","billing_fax","name_server_1","name_server_2","name_server_3","name_server_4","domain_status_1","domain_status_2","domain_status_3","domain_status_4"
"1","centaur365.biz","2020-05-12 15:36:59","2020-05-10","2020-05-10","2022-05-10","146","GoDaddy.com, LLC","whois.godaddy.com","http://registrar.godaddy.com","","","","","Lakatamia","","Cyprus","","","","","","","","","","","","","","","","","","","","","","","","","","","","","","","","","","ns13.domaincontrol.com","ns14.domaincontrol.com","","","addPeriod","clientDeleteProhibited","clientRenewProhibited","clientTransferProhibited"
"2","centaur365.ltd","2020-05-12 21:16:54","2020-05-10","2020-05-10","2022-05-10","146","GoDaddy.com, LLC","whois.godaddy.com","http://registrar.godaddy.com","REDACTED FOR PRIVACY","","REDACTED FOR PRIVACY","REDACTED FOR PRIVACY","Lakatamia","REDACTED FOR PRIVACY","Cyprus","","REDACTED FOR PRIVACY","REDACTED FOR PRIVACY","","","","","","","","","","","","","","","","","","","","","","","","","","","","","","","","","","","addPeriod","clientDeleteProhibited","clientRenewProhibited","clientTransferProhibited"
"3","centaur365.support","2020-05-12 21:01:58","2020-05-10","2020-05-10","2022-05-10","146","GoDaddy.com, LLC","whois.godaddy.com","http://registrar.godaddy.com","REDACTED FOR PRIVACY","","REDACTED FOR PRIVACY","REDACTED FOR PRIVACY","Lakatamia","REDACTED FOR PRIVACY","Cyprus","","REDACTED FOR PRIVACY","REDACTED FOR PRIVACY","","","","","","","","","","","","","","","","","","","","","","","","","","","","","","","","","","","addPeriod","clientDeleteProhibited","clientRenewProhibited","clientTransferProhibited"
"4","pornodomen.net","2020-05-12 21:50:42","2020-05-10","2020-05-10","2021-05-10","1418","EvoPlus Ltd.","whois.evonames.com","http://www.evonames.com","DANESCO TRADING LTD","DANESCO TRADING LTD.","157, Archbishop Makarios Ave, office 1","Limassol","","3026","Cyprus","pornodomen.net@whoisprotectservice.net","+357.95713635","+357.95713635","DANESCO TRADING LTD","DANESCO TRADING LTD.","157, Archbishop Makarios Ave, office 1","Limassol","","3026","Cyprus","pornodomen.net@whoisprotectservice.net","+357.95713635","+357.95713635","DANESCO TRADING LTD","DANESCO TRADING LTD.","157, Archbishop Makarios Ave, office 1","Limassol","","3026","Cyprus","pornodomen.net@whoisprotectservice.net","+357.95713635","+357.95713635","DANESCO TRADING LTD","DANESCO TRADING LTD.","157, Archbishop Makarios Ave, office 1","Limassol","","3026","Cyprus","pornodomen.net@whoisprotectservice.net","+357.95713635","+357.95713635","ns1.topdns.me","ns2.topdns.me","ns3.topdns.me","","OK","","",""
"5","prostitutki-pitera.net","2020-05-12 21:50:38","2020-05-08","2020-05-08","2021-05-08","1418","EvoPlus Ltd.","whois.evonames.com","http://www.evonames.com","DANESCO TRADING LTD","DANESCO TRADING LTD.","157, Archbishop Makarios Ave, office 1","Limassol","","3026","Cyprus","prostitutki-pitera.net@whoisprotectservice.net","+357.95713635","+357.95713635","DANESCO TRADING LTD","DANESCO TRADING LTD.","157, Archbishop Makarios Ave, office 1","Limassol","","3026","Cyprus","prostitutki-pitera.net@whoisprotectservice.net","+357.95713635","+357.95713635","DANESCO TRADING LTD","DANESCO TRADING LTD.","157, Archbishop Makarios Ave, office 1","Limassol","","3026","Cyprus","prostitutki-pitera.net@whoisprotectservice.net","+357.95713635","+357.95713635","DANESCO TRADING LTD","DANESCO TRADING LTD.","157, Archbishop Makarios Ave, office 1","Limassol","","3026","Cyprus","prostitutki-pitera.net@whoisprotectservice.net","+357.95713635","+357.95713635","jay.ns.cloudflare.com","pam.ns.cloudflare.com","","","OK","","",""
"6","ptsangari.info","2020-05-12 21:05:12","2020-05-10","2020-05-10","2021-05-10","146","GoDaddy.com, LLC","whois.godaddy.com","http://registrar.godaddy.com","w3webster","w3webster","","","Synoikismos Kolossi","","Cyprus","","","","","","","","","","","","","","","","","","","","","","","","","","","","","","","","","","dns1.namecheaphosting.com","dns2.namecheaphosting.com","","","addPeriod","clientDeleteProhibited","clientRenewProhibited","clientTransferProhibited"
"7","school108.net","2020-05-12 21:50:03","2020-05-09","2020-05-09","2021-05-09","1418","EvoPlus Ltd.","whois.evonames.com","http://www.evonames.com","DANESCO TRADING LTD","DANESCO TRADING LTD.","157, Archbishop Makarios Ave, office 1","Limassol","","3026","Cyprus","school108.net@whoisprotectservice.net","+357.95713635","+357.95713635","DANESCO TRADING LTD","DANESCO TRADING LTD.","157, Archbishop Makarios Ave, office 1","Limassol","","3026","Cyprus","school108.net@whoisprotectservice.net","+357.95713635","+357.95713635","DANESCO TRADING LTD","DANESCO TRADING LTD.","157, Archbishop Makarios Ave, office 1","Limassol","","3026","Cyprus","school108.net@whoisprotectservice.net","+357.95713635","+357.95713635","DANESCO TRADING LTD","DANESCO TRADING LTD.","157, Archbishop Makarios Ave, office 1","Limassol","","3026","Cyprus","school108.net@whoisprotectservice.net","+357.95713635","+357.95713635","ns1.ucoz.net","ns2.ucoz.net","ns3.ucoz.net","","OK","","",""
"8","scrapbooknews.net","2020-05-12 21:50:02","2020-05-09","2020-05-09","2021-05-09","1418","EvoPlus Ltd.","whois.evonames.com","http://www.evonames.com","DANESCO TRADING LTD","DANESCO TRADING LTD.","157, Archbishop Makarios Ave, office 1","Limassol","","3026","Cyprus","scrapbooknews.net@whoisprotectservice.net","+357.95713635","+357.95713635","DANESCO TRADING LTD","DANESCO TRADING LTD.","157, Archbishop Makarios Ave, office 1","Limassol","","3026","Cyprus","scrapbooknews.net@whoisprotectservice.net","+357.95713635","+357.95713635","DANESCO TRADING LTD","DANESCO TRADING LTD.","157, Archbishop Makarios Ave, office 1","Limassol","","3026","Cyprus","scrapbooknews.net@whoisprotectservice.net","+357.95713635","+357.95713635","DANESCO TRADING LTD","DANESCO TRADING LTD.","157, Archbishop Makarios Ave, office 1","Limassol","","3026","Cyprus","scrapbooknews.net@whoisprotectservice.net","+357.95713635","+357.95713635","candy.ns.cloudflare.com","mitch.ns.cloudflare.com","","","clientDeleteProhibited","clientTransferProhibited","",""