"num","domain_name","query_time","create_date","update_date","expiry_date","domain_registrar_id","domain_registrar_name","domain_registrar_whois","domain_registrar_url","registrant_name","registrant_company","registrant_address","registrant_city","registrant_state","registrant_zip","registrant_country","registrant_email","registrant_phone","registrant_fax","administrative_name","administrative_company","administrative_address","administrative_city","administrative_state","administrative_zip","administrative_country","administrative_email","administrative_phone","administrative_fax","technical_name","technical_company","technical_address","technical_city","technical_state","technical_zip","technical_country","technical_email","technical_phone","technical_fax","billing_name","billing_company","billing_address","billing_city","billing_state","billing_zip","billing_country","billing_email","billing_phone","billing_fax","name_server_1","name_server_2","name_server_3","name_server_4","domain_status_1","domain_status_2","domain_status_3","domain_status_4"
"1","ecuadormoney.exchange","2020-05-12 20:09:32","2020-05-08","2020-05-08","2021-05-08","1647","Hosting Concepts B.V. dba Openprovider","whois.registrar.eu","http://www.openprovider.com","REDACTED FOR PRIVACY","","REDACTED FOR PRIVACY","REDACTED FOR PRIVACY","Guayas","REDACTED FOR PRIVACY","Ecuador","","REDACTED FOR PRIVACY","REDACTED FOR PRIVACY","","","","","","","","","","","","","","","","","","","","","","","","","","","","","","","","","","","addPeriod","clientTransferProhibited","",""
"2","eptvonline.net","2020-05-12 21:48:04","2020-05-09","2020-05-09","2021-05-09","146","GoDaddy.com, LLC","whois.godaddy.com","http://registrar.godaddy.com","","","","","Pichincha","","Ecuador","","","","","","","","","","","","","","","","","","","","","","","","","","","","","","","","","","ns45.domaincontrol.com","ns46.domaincontrol.com","","","clientDeleteProhibited","clientRenewProhibited","clientTransferProhibited","clientUpdateProhibited"
"3","expuestoec.net","2020-05-12 21:47:58","2020-05-11","2020-05-11","2021-05-11","1647","Hosting Concepts B.V. dba Openprovider","whois.registrar.eu","http://www.openprovider.com","Redacted for privacy","","Redacted for privacy","Redacted for privacy","Esmeraldas","Redacted for privacy","Ecuador","","Redacted for privacy","Redacted for privacy","REDACTED FOR PRIVACY","REDACTED FOR PRIVACY","REDACTED FOR PRIVACY","REDACTED FOR PRIVACY","REDACTED FOR PRIVACY","REDACTED FOR PRIVACY","REDACTED FOR PRIVACY","","REDACTED FOR PRIVACY","REDACTED FOR PRIVACY","REDACTED FOR PRIVACY","REDACTED FOR PRIVACY","REDACTED FOR PRIVACY","REDACTED FOR PRIVACY","REDACTED FOR PRIVACY","REDACTED FOR PRIVACY","REDACTED FOR PRIVACY","","REDACTED FOR PRIVACY","REDACTED FOR PRIVACY","","","","","","","","","","","dns1.sered.net","dns2.sered.net","","","clientTransferProhibited","ok","",""
"4","fiberbyte.net","2020-05-12 21:47:53","2020-05-08","2020-05-08","2021-05-08","1250","Trunkoz Technologies Pvt Ltd. d/b/a OwnRegistrar.com","whois.ownregistrar.com","http://www.ownregistrar.com","Franklin Coloma","Fiber Byte Cia. Ltda.","Av. Quitumbe Nan y General Julio Andrade","Quito","Pichincha","170701","Ecuador","fiberbyte.ec@gmail.com","+593.967780654","","Franklin Coloma","Fiber Byte Cia. Ltda.","Av. Quitumbe Nan y General Julio Andrade","Quito","Pichincha","170701","Ecuador","fiberbyte.ec@gmail.com","+593-967780654","","Franklin Coloma","Fiber Byte Cia. Ltda.","Av. Quitumbe Nan y General Julio Andrade","Quito","Pichincha","170701","Ecuador","fiberbyte.ec@gmail.com","+593-967780654","","","","","","","","","","","","ns1.kapcservice.com","ns2.kapcservice.com","ns3.kapcservice.com","ns4.kapcservice.com","OK","","",""
"5","laquka.com","2020-05-12 05:12:37","2020-05-12","2020-05-12","2021-05-12","146","GoDaddy.com, LLC","whois.godaddy.com","http://registrar.godaddy.com","laquka","laquka","","","Azuay","","Ecuador","","","","","","","","","","","","","","","","","","","","","","","","","","","","","","","","","","ns31.domaincontrol.com","ns32.domaincontrol.com","","","clientDeleteProhibited","clientRenewProhibited","clientTransferProhibited","clientUpdateProhibited"
"6","mitdi.info","2020-05-12 20:59:14","2020-05-11","2020-05-11","2021-05-11","146","GoDaddy.com, LLC","whois.godaddy.com","http://registrar.godaddy.com","","","","","Pichincha","","Ecuador","","","","","","","","","","","","","","","","","","","","","","","","","","","","","","","","","","ns7.interserver.space","ns8.interserver.space","","","addPeriod","clientDeleteProhibited","clientRenewProhibited","clientTransferProhibited"
"7","moodletorremar.info","2020-05-12 20:59:14","2020-05-11","2020-05-11","2021-05-11","146","GoDaddy.com, LLC","whois.godaddy.com","http://registrar.godaddy.com","TechTraining","TechTraining","","","Guayas","","Ecuador","","","","","","","","","","","","","","","","","","","","","","","","","","","","","","","","","","ns1.arvixeshared.com","ns2.arvixeshared.com","","","addPeriod","clientDeleteProhibited","clientRenewProhibited","clientTransferProhibited"