"num","domain_name","query_time","create_date","update_date","expiry_date","domain_registrar_id","domain_registrar_name","domain_registrar_whois","domain_registrar_url","registrant_name","registrant_company","registrant_address","registrant_city","registrant_state","registrant_zip","registrant_country","registrant_email","registrant_phone","registrant_fax","administrative_name","administrative_company","administrative_address","administrative_city","administrative_state","administrative_zip","administrative_country","administrative_email","administrative_phone","administrative_fax","technical_name","technical_company","technical_address","technical_city","technical_state","technical_zip","technical_country","technical_email","technical_phone","technical_fax","billing_name","billing_company","billing_address","billing_city","billing_state","billing_zip","billing_country","billing_email","billing_phone","billing_fax","name_server_1","name_server_2","name_server_3","name_server_4","domain_status_1","domain_status_2","domain_status_3","domain_status_4"
"1","bimshire.info","2020-05-12 02:29:15","2020-05-10","","2021-05-10","141","Cronon AG","whois.cronon.net","http://www.cronon.net","","","","","","","Estonia","","","","","","","","","","","","","","","","","","","","","","","","","","","","","","","","","","docks01.rzone.de","shades17.rzone.de","","","addPeriod","serverTransferProhibited","",""
"2","derock.info","2020-05-12 03:57:55","2020-05-10","","2021-05-10","141","Cronon AG","whois.cronon.net","http://www.cronon.net","","","","","","","Estonia","","","","","","","","","","","","","","","","","","","","","","","","","","","","","","","","","","docks02.rzone.de","shades20.rzone.de","","","addPeriod","serverTransferProhibited","",""
"3","graffide.net","2020-05-12 21:47:24","2020-05-08","2020-05-08","2021-05-07","1052","EuroDNS S.A.","http://whois.rotld.ro","http://www.eurodns.com","Nirk Andres","EEKLEY OU","Tartu linn, Tihase tn 3","Tartu linn","","50416","Estonia","andresnirk91@gmail.com","+372.53034486","","Nirk Andres","EEKLEY OU","Tartu linn, Tihase tn 3","Tartu linn","","50416","Estonia","andresnirk91@gmail.com","+372.53034486","","Nirk Andres","EEKLEY OU","Tartu linn, Tihase tn 3","Tartu linn","","50416","Estonia","andresnirk91@gmail.com","+372.53034486","","","","","","","","","","","","ns.elkdata.ee","ns2.elkdata.ee","ns3.elkdata.net","","clientTransferProhibited","","",""
"4","joybangla.mobi","2020-05-12 15:45:49","2020-05-10","2020-05-10","2021-05-10","1068","NameCheap, Inc.","whois.namecheap.com","http://www.namecheap.com","","","","","estonia","","Estonia","","","","","","","","","","","","","","","","","","","","","","","","","","","","","","","","","","ns1.digitalocean.com","ns2.digitalocean.com","ns3.digitalocean.com","","addPeriod","clientTransferProhibited","serverTransferProhibited",""
"5","lekarna-cz.life","2020-05-12 21:08:11","2020-05-09","2020-05-09","2021-05-09","472","Dynadot, LLC","whois.dynadot.com","http://www.dynadot.com","REDACTED FOR PRIVACY","","REDACTED FOR PRIVACY","REDACTED FOR PRIVACY","Harjumaa","REDACTED FOR PRIVACY","Estonia","","REDACTED FOR PRIVACY","REDACTED FOR PRIVACY","","","","","","","","","","","","","","","","","","","","","","","","","","","","","","","","","","","addPeriod","","",""
"6","lerdian.info","2020-05-12 07:30:36","2020-05-09","2020-05-10","2022-05-09","2","Network Solutions, LLC","whois.networksolutions.com","http://networksolutions.com","Lerdian ou","Lerdian ou","","","","","Estonia","","","","","","","","","","","","","","","","","","","","","","","","","","","","","","","","","","ns12.wixdns.net","ns13.wixdns.net","","","addPeriod","clientTransferProhibited","serverTransferProhibited",""
"7","mamul.pro","2020-05-12 22:47:34","2020-05-11","2020-05-11","2021-05-11","1068","NameCheap, Inc.","whois.namecheap.com","http://www.namecheap.com","","","","","estonia","","Estonia","","","","","","","","","","","","","","","","","","","","","","","","","","","","","","","","","","ns1.digitalocean.com","ns2.digitalocean.com","ns3.digitalocean.com","","addPeriod","clientTransferProhibited","serverTransferProhibited",""
"8","prodavaika.pro","2020-05-12 22:47:36","2020-05-11","2020-05-11","2021-05-11","1068","NameCheap, Inc.","whois.namecheap.com","http://www.namecheap.com","","","","","estonia","","Estonia","","","","","","","","","","","","","","","","","","","","","","","","","","","","","","","","","","ns1.digitalocean.com","ns2.digitalocean.com","ns3.digitalocean.com","","addPeriod","clientTransferProhibited","serverTransferProhibited",""
"9","recrooit.net","2020-05-12 21:50:27","2020-05-09","","2021-05-09","1068","NameCheap, Inc.","whois.namecheap.com","http://www.namecheap.com","Nevena Sofranic","Omnes Group OU","Lasnamae 4b-26","Tallinn","Estonia","11412","Estonia","nevena@omnesgroup.com","+372.53940792","","Sibin Grasic","SGi","Pozeska 106/20","Belgrade","Serbia","11000","Serbia","sibin.grasic@zool.rs","+381.648355858","","Sibin Grasic","SGi","Pozeska 106/20","Belgrade","Serbia","11000","Serbia","sibin.grasic@zool.rs","+381.648355858","","","","","","","","","","","","ns1.oblak.host","ns2.oblak.host","ns3.oblak.host","ns4.oblak.host","addPeriod","clientTransferProhibited","",""
"10","thuocgiamcan.pro","2020-05-12 19:07:50","2020-05-10","2020-05-10","2021-05-10","1068","NameCheap, Inc.","whois.namecheap.com","http://www.namecheap.com","","","","","estonia","","Estonia","","","","","","","","","","","","","","","","","","","","","","","","","","","","","","","","","","ns1.digitalocean.com","ns2.digitalocean.com","ns3.digitalocean.com","","addPeriod","clientTransferProhibited","serverTransferProhibited",""
"11","ymb.money","2020-05-12 21:34:13","2020-05-09","2020-05-09","2021-05-09","472","Dynadot, LLC","whois.dynadot.com","http://www.dynadot.com","REDACTED FOR PRIVACY","","REDACTED FOR PRIVACY","REDACTED FOR PRIVACY","Harjumaa","REDACTED FOR PRIVACY","Estonia","","REDACTED FOR PRIVACY","REDACTED FOR PRIVACY","","","","","","","","","","","","","","","","","","","","","","","","","","","","","","","","","","","addPeriod","","",""