"num","domain_name","query_time","create_date","update_date","expiry_date","domain_registrar_id","domain_registrar_name","domain_registrar_whois","domain_registrar_url","registrant_name","registrant_company","registrant_address","registrant_city","registrant_state","registrant_zip","registrant_country","registrant_email","registrant_phone","registrant_fax","administrative_name","administrative_company","administrative_address","administrative_city","administrative_state","administrative_zip","administrative_country","administrative_email","administrative_phone","administrative_fax","technical_name","technical_company","technical_address","technical_city","technical_state","technical_zip","technical_country","technical_email","technical_phone","technical_fax","billing_name","billing_company","billing_address","billing_city","billing_state","billing_zip","billing_country","billing_email","billing_phone","billing_fax","name_server_1","name_server_2","name_server_3","name_server_4","domain_status_1","domain_status_2","domain_status_3","domain_status_4"
"1","loimiranta.info","2020-05-12 20:59:18","2020-05-11","2020-05-11","2021-05-11","113","CSL Computer Service Langenbach GmbH d/b/a joker.com","whois.joker.com","http://www.joker.com","","","","","","","Finland","","","","","","","","","","","","","","","","","","","","","","","","","","","","","","","","","","ns1.euronic.fi","ns2.euronic.fi","ns3.euronic.fi","","addPeriod","clientTransferProhibited","serverTransferProhibited",""
"2","peililiukuovet.net","2020-05-12 21:50:52","2020-05-09","2020-05-09","2021-05-09","1387","1API GmbH","whois.1api.net","http://www.1api.net","REDACTED FOR PRIVACY","REDACTED FOR PRIVACY","REDACTED FOR PRIVACY","REDACTED FOR PRIVACY","","REDACTED FOR PRIVACY","Finland","","REDACTED FOR PRIVACY","","REDACTED FOR PRIVACY","REDACTED FOR PRIVACY","REDACTED FOR PRIVACY","REDACTED FOR PRIVACY","REDACTED FOR PRIVACY","REDACTED FOR PRIVACY","REDACTED FOR PRIVACY","","REDACTED FOR PRIVACY","","REDACTED FOR PRIVACY","REDACTED FOR PRIVACY","REDACTED FOR PRIVACY","REDACTED FOR PRIVACY","REDACTED FOR PRIVACY","REDACTED FOR PRIVACY","REDACTED FOR PRIVACY","","REDACTED FOR PRIVACY","","","","","","","","","","","","ns1.domainhotelli.fi","ns2.domainhotelli.fi","","","clientTransferProhibited","","",""
"3","playerrankings.net","2020-05-12 21:50:45","2020-05-10","2020-05-10","2021-05-10","303","PDR Ltd. d/b/a PublicDomainRegistry.com","whois.publicdomainregistry.com","http://www.publicdomainregistry.com","GDPR Masked","GDPR Masked","GDPR Masked","GDPR Masked","Uusimaa","GDPR Masked","Finland","gdpr-masking@gdpr-masked.com","GDPR Masked","GDPR Masked","GDPR Masked","GDPR Masked","GDPR Masked","GDPR Masked","GDPR Masked","GDPR Masked","GDPR Masked","gdpr-masking@gdpr-masked.com","GDPR Masked","GDPR Masked","GDPR Masked","GDPR Masked","GDPR Masked","GDPR Masked","GDPR Masked","GDPR Masked","GDPR Masked","gdpr-masking@gdpr-masked.com","GDPR Masked","GDPR Masked","","","","","","","","","","","ns1.dns-parking.com","ns2.dns-parking.com","","","clientTransferProhibited","","",""
"4","promodularum.net","2020-05-12 21:50:45","2020-05-09","2020-05-09","2021-05-09","48","eNom, Inc.","whois.enom.com","http://www.enom.com","REDACTED FOR PRIVACY","REDACTED FOR PRIVACY","REDACTED FOR PRIVACY","REDACTED FOR PRIVACY","REDACTED FOR PRIVACY","REDACTED FOR PRIVACY","Finland","","REDACTED FOR PRIVACY","REDACTED FOR PRIVACY","REDACTED FOR PRIVACY","REDACTED FOR PRIVACY","REDACTED FOR PRIVACY","REDACTED FOR PRIVACY","REDACTED FOR PRIVACY","REDACTED FOR PRIVACY","REDACTED FOR PRIVACY","","REDACTED FOR PRIVACY","REDACTED FOR PRIVACY","REDACTED FOR PRIVACY","REDACTED FOR PRIVACY","REDACTED FOR PRIVACY","REDACTED FOR PRIVACY","REDACTED FOR PRIVACY","REDACTED FOR PRIVACY","REDACTED FOR PRIVACY","","REDACTED FOR PRIVACY","REDACTED FOR PRIVACY","","","","","","","","","","","dns1.louhi.net","dns2.louhi.net","dns3.louhi.fi","","addPeriod","clientTransferProhibited","",""
"5","ravintolat.net","2020-05-12 21:50:26","2020-05-10","2020-05-10","2021-05-10","146","GoDaddy.com, LLC","whois.godaddy.com","http://registrar.godaddy.com","Tmi Puisto-Online","Tmi Puisto-Online","","","Etela-Savo","","Finland","","","","","","","","","","","","","","","","","","","","","","","","","","","","","","","","","","ns07.domaincontrol.com","ns08.domaincontrol.com","","","clientDeleteProhibited","clientRenewProhibited","clientTransferProhibited","clientUpdateProhibited"
"6","santatotta.info","2020-05-12 21:03:58","2020-05-10","2020-05-10","2021-05-10","1606","Limited Liability Company 'Registrar of domain names REG.RU'","whois.reg.ru","http://www.reg.ru","Private Person","Private Person","","","indiana","","Finland","","","","","","","","","","","","","","","","","","","","","","","","","","","","","","","","","","a.dnspod.com","c.dnspod.com","","","addPeriod","clientTransferProhibited","serverTransferProhibited",""
"7","sillanpaa.life","2020-05-12 21:07:55","2020-05-09","2020-05-09","2021-05-09","146","GoDaddy.com, LLC","whois.godaddy.com","http://registrar.godaddy.com","REDACTED FOR PRIVACY","Bitonet Oy","REDACTED FOR PRIVACY","REDACTED FOR PRIVACY","Uusimaa","REDACTED FOR PRIVACY","Finland","","REDACTED FOR PRIVACY","REDACTED FOR PRIVACY","","","","","","","","","","","","","","","","","","","","","","","","","","","","","","","","","","","addPeriod","clientDeleteProhibited","clientRenewProhibited","clientTransferProhibited"
"8","takti.pro","2020-05-12 22:47:33","2020-05-11","2020-05-11","2021-05-11","113","CSL Computer Service Langenbach GmbH d/b/a joker.com","whois.joker.com","http://www.joker.com","Takti Oy","Takti Oy","","","","","Finland","","","","","","","","","","","","","","","","","","","","","","","","","","","","","","","","","","ns1.zoner.fi","ns2.zoner.fi","ns3.zoner.fi","","addPeriod","clientTransferProhibited","serverTransferProhibited",""
"9","teknologiaonanointi.info","2020-05-12 11:51:57","2020-05-09","2020-05-09","2021-05-09","81","Gandi SAS","whois.gandi.net","http://www.gandi.net","","","","","","","Finland","","","","","","","","","","","","","","","","","","","","","","","","","","","","","","","","","","ns-181-c.gandi.net","ns-23-b.gandi.net","ns-44-a.gandi.net","","addPeriod","clientTransferProhibited","serverTransferProhibited",""
"10","xn--s-0faa.info","2020-05-12 21:02:16","2020-05-08","2020-05-08","2021-05-08","113","CSL Computer Service Langenbach GmbH d/b/a joker.com","whois.joker.com","http://www.joker.com","Sendanor","Sendanor","","","","","Finland","","","","","","","","","","","","","","","","","","","","","","","","","","","","","","","","","","ns1.sendanor.net","ns2.sendanor.net","","","addPeriod","clientTransferProhibited","serverTransferProhibited",""