"num","domain_name","query_time","create_date","update_date","expiry_date","domain_registrar_id","domain_registrar_name","domain_registrar_whois","domain_registrar_url","registrant_name","registrant_company","registrant_address","registrant_city","registrant_state","registrant_zip","registrant_country","registrant_email","registrant_phone","registrant_fax","administrative_name","administrative_company","administrative_address","administrative_city","administrative_state","administrative_zip","administrative_country","administrative_email","administrative_phone","administrative_fax","technical_name","technical_company","technical_address","technical_city","technical_state","technical_zip","technical_country","technical_email","technical_phone","technical_fax","billing_name","billing_company","billing_address","billing_city","billing_state","billing_zip","billing_country","billing_email","billing_phone","billing_fax","name_server_1","name_server_2","name_server_3","name_server_4","domain_status_1","domain_status_2","domain_status_3","domain_status_4"
"1","2030aa.com","2020-05-12 01:04:34","2020-05-12","2020-05-12","2021-05-12","146","GoDaddy.com, LLC","whois.godaddy.com","http://registrar.godaddy.com","","","","","91","","Hong Kong","","","","","","","","","","","","","","","","","","","","","","","","","","","","","","","","","","ns25.domaincontrol.com","ns26.domaincontrol.com","","","clientDeleteProhibited","clientRenewProhibited","clientTransferProhibited","clientUpdateProhibited"
"2","2030cc.com","2020-05-12 01:04:55","2020-05-12","2020-05-12","2021-05-12","146","GoDaddy.com, LLC","whois.godaddy.com","http://registrar.godaddy.com","","","","","91","","Hong Kong","","","","","","","","","","","","","","","","","","","","","","","","","","","","","","","","","","ns27.domaincontrol.com","ns28.domaincontrol.com","","","clientDeleteProhibited","clientRenewProhibited","clientTransferProhibited","clientUpdateProhibited"
"3","2277h.com","2020-05-12 16:37:42","2020-05-12","2020-05-12","2021-05-12","146","GoDaddy.com, LLC","whois.godaddy.com","http://registrar.godaddy.com","","","","","34","","Hong Kong","","","","","","","","","","","","","","","","","","","","","","","","","","","","","","","","","","ns25.domaincontrol.com","ns26.domaincontrol.com","","","clientDeleteProhibited","clientRenewProhibited","clientTransferProhibited","clientUpdateProhibited"
"4","91timi.com","2020-05-12 17:35:02","2020-05-12","2020-05-12","2021-05-12","146","GoDaddy.com, LLC","whois.godaddy.com","http://registrar.godaddy.com","Sha Fa Sha Fa","Sha Fa Sha Fa","","","Sa Fen Sa","","Hong Kong","","","","","","","","","","","","","","","","","","","","","","","","","","","","","","","","","","ns17.domaincontrol.com","ns18.domaincontrol.com","","","clientDeleteProhibited","clientRenewProhibited","clientTransferProhibited","clientUpdateProhibited"
"5","advance-speed.blue","2020-05-12 19:16:24","2020-05-11","2020-05-11","2021-05-11","303","PDR Ltd. d/b/a PublicDomainRegistry.com","whois.publicdomainregistry.com","http://www.publicdomainregistry.com","Roberts Pet Ltd","Roberts Pet Ltd","","","Not Applicable","","Hong Kong","","","","","","","","","","","","","","","","","","","","","","","","","","","","","","","","","","natsavpanel.earth.orderbox-dns.com","natsavpanel.mars.orderbox-dns.com","natsavpanel.mercury.orderbox-dns.com","natsavpanel.venus.orderbox-dns.com","addPeriod","clientTransferProhibited","serverTransferProhibited",""
"6","advance-speed.kim","2020-05-12 21:02:00","2020-05-11","2020-05-11","2021-05-11","303","PDR Ltd. d/b/a PublicDomainRegistry.com","whois.publicdomainregistry.com","http://www.publicdomainregistry.com","Roberts Pet Ltd","Roberts Pet Ltd","","","Not Applicable","","Hong Kong","","","","","","","","","","","","","","","","","","","","","","","","","","","","","","","","","","natsavpanel.earth.orderbox-dns.com","natsavpanel.mars.orderbox-dns.com","natsavpanel.mercury.orderbox-dns.com","natsavpanel.venus.orderbox-dns.com","addPeriod","clientTransferProhibited","serverTransferProhibited",""
"7","advancecleanup.kim","2020-05-12 13:57:47","2020-05-09","2020-05-09","2021-05-09","303","PDR Ltd. d/b/a PublicDomainRegistry.com","whois.publicdomainregistry.com","http://www.publicdomainregistry.com","Roberts Pet Ltd","Roberts Pet Ltd","","","Not Applicable","","Hong Kong","","","","","","","","","","","","","","","","","","","","","","","","","","","","","","","","","","natsavpanel.earth.orderbox-dns.com","natsavpanel.mars.orderbox-dns.com","natsavpanel.mercury.orderbox-dns.com","natsavpanel.venus.orderbox-dns.com","addPeriod","clientTransferProhibited","serverTransferProhibited",""
"8","advancecleanup.red","2020-05-12 19:21:44","2020-05-09","2020-05-09","2021-05-09","303","PDR Ltd. d/b/a PublicDomainRegistry.com","whois.publicdomainregistry.com","http://www.publicdomainregistry.com","Roberts Pet Ltd","Roberts Pet Ltd","","","Not Applicable","","Hong Kong","","","","","","","","","","","","","","","","","","","","","","","","","","","","","","","","","","natsavpanel.earth.orderbox-dns.com","natsavpanel.mars.orderbox-dns.com","natsavpanel.mercury.orderbox-dns.com","natsavpanel.venus.orderbox-dns.com","addPeriod","clientTransferProhibited","serverTransferProhibited",""
"9","advancespeed.kim","2020-05-12 13:57:47","2020-05-09","2020-05-09","2021-05-09","303","PDR Ltd. d/b/a PublicDomainRegistry.com","whois.publicdomainregistry.com","http://www.publicdomainregistry.com","Roberts Pet Ltd","Roberts Pet Ltd","","","Not Applicable","","Hong Kong","","","","","","","","","","","","","","","","","","","","","","","","","","","","","","","","","","natsavpanel.earth.orderbox-dns.com","natsavpanel.mars.orderbox-dns.com","natsavpanel.mercury.orderbox-dns.com","natsavpanel.venus.orderbox-dns.com","addPeriod","clientTransferProhibited","serverTransferProhibited",""
"10","advancespeed.mobi","2020-05-12 15:21:25","2020-05-09","2020-05-09","2021-05-09","303","PDR Ltd. d/b/a PublicDomainRegistry.com","whois.publicdomainregistry.com","http://www.publicdomainregistry.com","Roberts Pet Ltd","Roberts Pet Ltd","","","Not Applicable","","Hong Kong","","","","","","","","","","","","","","","","","","","","","","","","","","","","","","","","","","natsavpanel.earth.orderbox-dns.com","natsavpanel.mars.orderbox-dns.com","natsavpanel.mercury.orderbox-dns.com","natsavpanel.venus.orderbox-dns.com","addPeriod","clientTransferProhibited","serverTransferProhibited",""
"11","advancespeed.red","2020-05-12 19:21:44","2020-05-09","2020-05-09","2021-05-09","303","PDR Ltd. d/b/a PublicDomainRegistry.com","whois.publicdomainregistry.com","http://www.publicdomainregistry.com","Roberts Pet Ltd","Roberts Pet Ltd","","","Not Applicable","","Hong Kong","","","","","","","","","","","","","","","","","","","","","","","","","","","","","","","","","","natsavpanel.earth.orderbox-dns.com","natsavpanel.mars.orderbox-dns.com","natsavpanel.mercury.orderbox-dns.com","natsavpanel.venus.orderbox-dns.com","addPeriod","clientTransferProhibited","serverTransferProhibited",""
"12","apptechs.kim","2020-05-12 21:01:58","2020-05-11","2020-05-11","2021-05-11","303","PDR Ltd. d/b/a PublicDomainRegistry.com","whois.publicdomainregistry.com","http://www.publicdomainregistry.com","Roberts Pet Ltd","Roberts Pet Ltd","","","Not Applicable","","Hong Kong","","","","","","","","","","","","","","","","","","","","","","","","","","","","","","","","","","natsavpanel.earth.orderbox-dns.com","natsavpanel.mars.orderbox-dns.com","natsavpanel.mercury.orderbox-dns.com","natsavpanel.venus.orderbox-dns.com","addPeriod","clientTransferProhibited","serverTransferProhibited",""
"13","apptechs.promo","2020-05-12 22:47:30","2020-05-11","2020-05-11","2021-05-11","303","PDR Ltd. d/b/a PublicDomainRegistry.com","whois.publicdomainregistry.com","http://www.publicdomainregistry.com","Roberts Pet Ltd","Roberts Pet Ltd","","","Not Applicable","","Hong Kong","","","","","","","","","","","","","","","","","","","","","","","","","","","","","","","","","","natsavpanel.earth.orderbox-dns.com","natsavpanel.mars.orderbox-dns.com","natsavpanel.mercury.orderbox-dns.com","natsavpanel.venus.orderbox-dns.com","addPeriod","clientTransferProhibited","serverTransferProhibited",""
"14","costool.biz","2020-05-12 15:44:50","2020-05-11","2020-05-11","2021-05-11","303","PDR Ltd. d/b/a PublicDomainRegistry.com","whois.publicdomainregistry.com","http://www.publicdomainregistry.com","Roberts Pet Ltd","Roberts Pet Ltd","","","Not Applicable","","Hong Kong","","","","","","","","","","","","","","","","","","","","","","","","","","","","","","","","","","natsavpanel.earth.orderbox-dns.com","natsavpanel.mars.orderbox-dns.com","natsavpanel.mercury.orderbox-dns.com","natsavpanel.venus.orderbox-dns.com","addPeriod","clientTransferProhibited","",""
"15","costool.blue","2020-05-12 19:16:24","2020-05-11","2020-05-11","2021-05-11","303","PDR Ltd. d/b/a PublicDomainRegistry.com","whois.publicdomainregistry.com","http://www.publicdomainregistry.com","Roberts Pet Ltd","Roberts Pet Ltd","","","Not Applicable","","Hong Kong","","","","","","","","","","","","","","","","","","","","","","","","","","","","","","","","","","natsavpanel.earth.orderbox-dns.com","natsavpanel.mars.orderbox-dns.com","natsavpanel.mercury.orderbox-dns.com","natsavpanel.venus.orderbox-dns.com","addPeriod","clientTransferProhibited","serverTransferProhibited",""
"16","costool.kim","2020-05-12 21:01:59","2020-05-11","2020-05-11","2021-05-11","303","PDR Ltd. d/b/a PublicDomainRegistry.com","whois.publicdomainregistry.com","http://www.publicdomainregistry.com","Roberts Pet Ltd","Roberts Pet Ltd","","","Not Applicable","","Hong Kong","","","","","","","","","","","","","","","","","","","","","","","","","","","","","","","","","","natsavpanel.earth.orderbox-dns.com","natsavpanel.mars.orderbox-dns.com","natsavpanel.mercury.orderbox-dns.com","natsavpanel.venus.orderbox-dns.com","addPeriod","clientTransferProhibited","serverTransferProhibited",""
"17","costool.pro","2020-05-12 22:47:47","2020-05-11","2020-05-11","2021-05-11","303","PDR Ltd. d/b/a PublicDomainRegistry.com","whois.publicdomainregistry.com","http://www.publicdomainregistry.com","Roberts Pet Ltd","Roberts Pet Ltd","","","Not Applicable","","Hong Kong","","","","","","","","","","","","","","","","","","","","","","","","","","","","","","","","","","natsavpanel.earth.orderbox-dns.com","natsavpanel.mars.orderbox-dns.com","natsavpanel.mercury.orderbox-dns.com","natsavpanel.venus.orderbox-dns.com","addPeriod","clientTransferProhibited","serverTransferProhibited",""
"18","costool.promo","2020-05-12 22:47:34","2020-05-11","2020-05-11","2021-05-11","303","PDR Ltd. d/b/a PublicDomainRegistry.com","whois.publicdomainregistry.com","http://www.publicdomainregistry.com","Roberts Pet Ltd","Roberts Pet Ltd","","","Not Applicable","","Hong Kong","","","","","","","","","","","","","","","","","","","","","","","","","","","","","","","","","","natsavpanel.earth.orderbox-dns.com","natsavpanel.mars.orderbox-dns.com","natsavpanel.mercury.orderbox-dns.com","natsavpanel.venus.orderbox-dns.com","addPeriod","clientTransferProhibited","serverTransferProhibited",""
"19","cosystem.biz","2020-05-12 15:44:54","2020-05-11","2020-05-11","2021-05-11","303","PDR Ltd. d/b/a PublicDomainRegistry.com","whois.publicdomainregistry.com","http://www.publicdomainregistry.com","Roberts Pet Ltd","Roberts Pet Ltd","","","Not Applicable","","Hong Kong","","","","","","","","","","","","","","","","","","","","","","","","","","","","","","","","","","natsavpanel.earth.orderbox-dns.com","natsavpanel.mars.orderbox-dns.com","natsavpanel.mercury.orderbox-dns.com","natsavpanel.venus.orderbox-dns.com","addPeriod","clientTransferProhibited","",""
"20","cosystem.kim","2020-05-12 21:01:58","2020-05-11","2020-05-11","2021-05-11","303","PDR Ltd. d/b/a PublicDomainRegistry.com","whois.publicdomainregistry.com","http://www.publicdomainregistry.com","Roberts Pet Ltd","Roberts Pet Ltd","","","Not Applicable","","Hong Kong","","","","","","","","","","","","","","","","","","","","","","","","","","","","","","","","","","natsavpanel.earth.orderbox-dns.com","natsavpanel.mars.orderbox-dns.com","natsavpanel.mercury.orderbox-dns.com","natsavpanel.venus.orderbox-dns.com","addPeriod","clientTransferProhibited","serverTransferProhibited",""
"21","cosystem.pro","2020-05-12 22:47:48","2020-05-11","2020-05-11","2021-05-11","303","PDR Ltd. d/b/a PublicDomainRegistry.com","whois.publicdomainregistry.com","http://www.publicdomainregistry.com","Roberts Pet Ltd","Roberts Pet Ltd","","","Not Applicable","","Hong Kong","","","","","","","","","","","","","","","","","","","","","","","","","","","","","","","","","","natsavpanel.earth.orderbox-dns.com","natsavpanel.mars.orderbox-dns.com","natsavpanel.mercury.orderbox-dns.com","natsavpanel.venus.orderbox-dns.com","addPeriod","clientTransferProhibited","serverTransferProhibited",""
"22","cosystem.promo","2020-05-12 22:47:33","2020-05-11","2020-05-11","2021-05-11","303","PDR Ltd. d/b/a PublicDomainRegistry.com","whois.publicdomainregistry.com","http://www.publicdomainregistry.com","Roberts Pet Ltd","Roberts Pet Ltd","","","Not Applicable","","Hong Kong","","","","","","","","","","","","","","","","","","","","","","","","","","","","","","","","","","natsavpanel.earth.orderbox-dns.com","natsavpanel.mars.orderbox-dns.com","natsavpanel.mercury.orderbox-dns.com","natsavpanel.venus.orderbox-dns.com","addPeriod","clientTransferProhibited","serverTransferProhibited",""
"23","ed-114.net","2020-05-12 21:48:14","2020-05-09","2020-05-11","2021-05-09","2835","Domains Etc LLC","whois.domainsetcllc.com","http://www.networksolutions.com","DotMedia Limited","DotMedia Limited","7F,Star House,3 Salisbury Road,TST,Kowloon","Hong Kong","Hong Kong","999077","Hong Kong","whoisprivacy@dotmedia.com","+852.81799956","","DotMedia Limited","DotMedia Limited","7F,Star House,3 Salisbury Road,TST,Kowloon","Hong Kong","Hong Kong","999077","Hong Kong","whoisprivacy@dotmedia.com","+852.81799956","","DotMedia Limited","DotMedia Limited","7F,Star House,3 Salisbury Road,TST,Kowloon","Hong Kong","Hong Kong","999077","Hong Kong","whoisprivacy@dotmedia.com","+852.81799956","","","","","","","","","","","","ns1.xz.com","ns2.xz.com","","","OK","","",""
"24","ed-120.net","2020-05-12 21:48:14","2020-05-09","2020-05-09","2021-05-09","2192","DropCatch.com 712 LLC","whois.namebright.com","http://www.dropcatch712.com","DotMedia Limited","DotMedia Limited","7F,Star House,3 Salisbury Road,TST,Kowloon","Hong Kong","Hong Kong","999077","Hong Kong","whoisprivacy@dotmedia.com","+852.81799956","","DotMedia Limited","DotMedia Limited","7F,Star House,3 Salisbury Road,TST,Kowloon","Hong Kong","Hong Kong","999077","Hong Kong","whoisprivacy@dotmedia.com","+852.81799956","","DotMedia Limited","DotMedia Limited","7F,Star House,3 Salisbury Road,TST,Kowloon","Hong Kong","Hong Kong","999077","Hong Kong","whoisprivacy@dotmedia.com","+852.81799956","","","","","","","","","","","","ns1.xz.com","ns2.xz.com","","","clientTransferProhibited","","",""
"25","englishidea.net","2020-05-12 21:48:06","2020-05-08","2020-05-09","2021-05-08","2849","Freefall Domains LLC","whois.freefalldomainsllc.com","http://www.freefalldomainsllc.com","DotMedia Limited","DotMedia Limited","7F,Star House,3 Salisbury Road,TST,Kowloon","Hong Kong","Hong Kong","999077","Hong Kong","whoisprivacy@dotmedia.com","+852.81799956","","DotMedia Limited","DotMedia Limited","7F,Star House,3 Salisbury Road,TST,Kowloon","Hong Kong","Hong Kong","999077","Hong Kong","whoisprivacy@dotmedia.com","+852.81799956","","DotMedia Limited","DotMedia Limited","7F,Star House,3 Salisbury Road,TST,Kowloon","Hong Kong","Hong Kong","999077","Hong Kong","whoisprivacy@dotmedia.com","+852.81799956","","","","","","","","","","","","ns1.maff.com","ns2.maff.com","","","OK","","",""
"26","estabiliza.net","2020-05-12 21:48:03","2020-05-10","2020-05-10","2021-05-10","2141","DropCatch.com 661 LLC","whois.namebright.com","http://www.dropcatch661.com","DotMedia Limited","DotMedia Limited","7F,Star House,3 Salisbury Road,TST,Kowloon","Hong Kong","Hong Kong","999077","Hong Kong","whoisprivacy@dotmedia.com","+852.81799956","","DotMedia Limited","DotMedia Limited","7F,Star House,3 Salisbury Road,TST,Kowloon","Hong Kong","Hong Kong","999077","Hong Kong","whoisprivacy@dotmedia.com","+852.81799956","","DotMedia Limited","DotMedia Limited","7F,Star House,3 Salisbury Road,TST,Kowloon","Hong Kong","Hong Kong","999077","Hong Kong","whoisprivacy@dotmedia.com","+852.81799956","","","","","","","","","","","","ns1.maff.com","ns2.maff.com","","","clientTransferProhibited","","",""
"27","esutui.net","2020-05-12 21:48:02","2020-05-09","2020-05-09","2021-05-09","2071","DropCatch.com 591 LLC","whois.namebright.com","http://www.dropcatch591.com","DotMedia Limited","DotMedia Limited","7F,Star House,3 Salisbury Road,TST,Kowloon","Hong Kong","Hong Kong","999077","Hong Kong","whoisprivacy@dotmedia.com","+852.81799956","","DotMedia Limited","DotMedia Limited","7F,Star House,3 Salisbury Road,TST,Kowloon","Hong Kong","Hong Kong","999077","Hong Kong","whoisprivacy@dotmedia.com","+852.81799956","","DotMedia Limited","DotMedia Limited","7F,Star House,3 Salisbury Road,TST,Kowloon","Hong Kong","Hong Kong","999077","Hong Kong","whoisprivacy@dotmedia.com","+852.81799956","","","","","","","","","","","","ns1.xz.com","ns2.xz.com","","","clientTransferProhibited","","",""
"28","fanyingbi.com","2020-05-12 20:58:15","2020-05-11","2020-05-11","2021-05-11","146","GoDaddy.com, LLC","whois.godaddy.com","http://registrar.godaddy.com","","","","","Jiu Long","","Hong Kong","","","","","","","","","","","","","","","","","","","","","","","","","","","","","","","","","","ns31.domaincontrol.com","ns32.domaincontrol.com","","","clientDeleteProhibited","clientRenewProhibited","clientTransferProhibited","clientUpdateProhibited"
"29","fanyongle.com","2020-05-12 20:58:18","2020-05-11","2020-05-11","2021-05-11","146","GoDaddy.com, LLC","whois.godaddy.com","http://registrar.godaddy.com","","","","","Jiu Long","","Hong Kong","","","","","","","","","","","","","","","","","","","","","","","","","","","","","","","","","","ns09.domaincontrol.com","ns10.domaincontrol.com","","","clientDeleteProhibited","clientRenewProhibited","clientTransferProhibited","clientUpdateProhibited"
"30","fastxdn.net","2020-05-12 21:47:54","2020-05-09","2020-05-09","2021-05-09","2531","DROPCATCH.COM 772 LLC","whois.namebright.com","http://www.namebright.com","DotMedia Limited","DotMedia Limited","7F,Star House,3 Salisbury Road,TST,Kowloon","Hong Kong","Hong Kong","999077","Hong Kong","whoisprivacy@dotmedia.com","+852.81799956","","DotMedia Limited","DotMedia Limited","7F,Star House,3 Salisbury Road,TST,Kowloon","Hong Kong","Hong Kong","999077","Hong Kong","whoisprivacy@dotmedia.com","+852.81799956","","DotMedia Limited","DotMedia Limited","7F,Star House,3 Salisbury Road,TST,Kowloon","Hong Kong","Hong Kong","999077","Hong Kong","whoisprivacy@dotmedia.com","+852.81799956","","","","","","","","","","","","ns1.xz.com","ns2.xz.com","","","clientTransferProhibited","","",""
"31","feeshi.net","2020-05-12 21:47:53","2020-05-08","2020-05-08","2021-05-08","967","!  #1 Host Australia, Inc.","whois.1hostaustralia.com","http://www.networksolutions.com","lian xin zhou","","NO.18 CENTRE STREET, SAI YING P OFFICE 3A-9, 12/F, KAISER CENTRE","Hong Kong","HONG KONG","999077","Hong Kong","privacyprotectionabuse@gmail.com","+852.59386627","","lian xin zhou","","NO.18 CENTRE STREET, SAI YING P OFFICE 3A-9, 12/F, KAISER CENTRE","Hong Kong","HONG KONG","999077","Hong Kong","privacyprotectionabuse@gmail.com","+852.59386627","","lian xin zhou","","NO.18 CENTRE STREET, SAI YING P OFFICE 3A-9, 12/F, KAISER CENTRE","Hong Kong","HONG KONG","999077","Hong Kong","privacyprotectionabuse@gmail.com","+852.59386627","","","","","","","","","","","","v1.juming-xz.com","v1.xz-juming.com","","","OK","","",""
"32","foodforgood.net","2020-05-12 21:47:46","2020-05-10","2020-05-11","2021-05-10","2243","Noteworthy Domains, LLC","whois.noteworthydomains.com","http://www.netearthone.com","Ronald Tse","","31B Century Tower 1 1 Tregunter Path","Central","Hong Kong","00000","Hong Kong","ronald.tse@ribose.com","+852.25225155","+852.30104819","Ronald Tse","","31B Century Tower 1 1 Tregunter Path","Central","Hong Kong","00000","Hong Kong","ronald.tse@ribose.com","+852.25225155","+852.30104819","Ronald Tse","","31B Century Tower 1 1 Tregunter Path","Central","Hong Kong","00000","Hong Kong","ronald.tse@ribose.com","+852.25225155","+852.30104819","","","","","","","","","","","ns17.worldnic.com","ns18.worldnic.com","","","clientTransferProhibited","","",""
"33","fuyuan999.net","2020-05-12 21:47:39","2020-05-09","2020-05-11","2021-05-09","2239","Magnate Domains, LLC","whois.magnatedomains.com","http://www.magnatedomains.com","DotMedia Limited","DotMedia Limited","7F,Star House,3 Salisbury Road,TST,Kowloon","Hong Kong","Hong Kong","999077","Hong Kong","whoisprivacy@dotmedia.com","+852.81799956","","DotMedia Limited","DotMedia Limited","7F,Star House,3 Salisbury Road,TST,Kowloon","Hong Kong","Hong Kong","999077","Hong Kong","whoisprivacy@dotmedia.com","+852.81799956","","DotMedia Limited","DotMedia Limited","7F,Star House,3 Salisbury Road,TST,Kowloon","Hong Kong","Hong Kong","999077","Hong Kong","whoisprivacy@dotmedia.com","+852.81799956","","","","","","","","","","","","ns1.xz.com","ns2.xz.com","","","OK","","",""
"34","gaixingji.net","2020-05-12 21:47:36","2020-05-09","2020-05-09","2021-05-09","3316","DropCatch.com 1107 LLC","","","DotMedia Limited","DotMedia Limited","7F,Star House,3 Salisbury Road,TST,Kowloon","Hong Kong","Hong Kong","999077","Hong Kong","whoisprivacy@dotmedia.com","+852.81799956","","DotMedia Limited","DotMedia Limited","7F,Star House,3 Salisbury Road,TST,Kowloon","Hong Kong","Hong Kong","999077","Hong Kong","whoisprivacy@dotmedia.com","+852.81799956","","DotMedia Limited","DotMedia Limited","7F,Star House,3 Salisbury Road,TST,Kowloon","Hong Kong","Hong Kong","999077","Hong Kong","whoisprivacy@dotmedia.com","+852.81799956","","","","","","","","","","","","ns1.dns.com","ns2.dns.com","","","clientTransferProhibited","","",""
"35","gamcmc.com","2020-05-12 19:53:10","2020-05-12","2020-05-12","2021-05-12","146","GoDaddy.com, LLC","whois.godaddy.com","http://registrar.godaddy.com","","","","","Jiu Long","","Hong Kong","","","","","","","","","","","","","","","","","","","","","","","","","","","","","","","","","","ns17.domaincontrol.com","ns18.domaincontrol.com","","","clientDeleteProhibited","clientRenewProhibited","clientTransferProhibited","clientUpdateProhibited"
"36","game-ex.net","2020-05-12 21:47:41","2020-05-08","2020-05-10","2021-05-08","1213","Gradeadomainnames.com LLC","whois.gradeadomainnames.com","http://www.networksolutions.com","DotMedia Limited","DotMedia Limited","7F,Star House,3 Salisbury Road,TST,Kowloon","Hong Kong","Hong Kong","999077","Hong Kong","whoisprivacy@dotmedia.com","+852.81799956","","DotMedia Limited","DotMedia Limited","7F,Star House,3 Salisbury Road,TST,Kowloon","Hong Kong","Hong Kong","999077","Hong Kong","whoisprivacy@dotmedia.com","+852.81799956","","DotMedia Limited","DotMedia Limited","7F,Star House,3 Salisbury Road,TST,Kowloon","Hong Kong","Hong Kong","999077","Hong Kong","whoisprivacy@dotmedia.com","+852.81799956","","","","","","","","","","","","ns1.maff.com","ns2.maff.com","","","OK","","",""
"37","gebenhagen.net","2020-05-12 21:47:34","2020-05-10","2020-05-10","2021-05-10","146","GoDaddy.com, LLC","whois.godaddy.com","http://registrar.godaddy.com","","","","","Jiu Long","","Hong Kong","","","","","","","","","","","","","","","","","","","","","","","","","","","","","","","","","","ns55.domaincontrol.com","ns56.domaincontrol.com","","","clientDeleteProhibited","clientRenewProhibited","clientTransferProhibited","clientUpdateProhibited"
"38","glqg.net","2020-05-12 21:47:28","2020-05-10","2020-05-10","2021-05-10","146","GoDaddy.com, LLC","whois.godaddy.com","http://registrar.godaddy.com","","","","","Jiu Long","","Hong Kong","","","","","","","","","","","","","","","","","","","","","","","","","","","","","","","","","","ns55.domaincontrol.com","ns56.domaincontrol.com","","","clientDeleteProhibited","clientRenewProhibited","clientTransferProhibited","clientUpdateProhibited"
"39","gnbk.net","2020-05-12 21:47:29","2020-05-10","2020-05-10","2021-05-10","146","GoDaddy.com, LLC","whois.godaddy.com","http://registrar.godaddy.com","","","","","Jiu Long","","Hong Kong","","","","","","","","","","","","","","","","","","","","","","","","","","","","","","","","","","ns75.domaincontrol.com","ns76.domaincontrol.com","","","clientDeleteProhibited","clientRenewProhibited","clientTransferProhibited","clientUpdateProhibited"
"40","gnfyyy.net","2020-05-12 21:47:28","2020-05-10","2020-05-12","2021-05-10","1186","DomainSails.net LLC","whois.domainsails.net","http://www.networksolutions.com","DotMedia Limited","DotMedia Limited","7F,Star House,3 Salisbury Road,TST,Kowloon","Hong Kong","Hong Kong","999077","Hong Kong","whoisprivacy@dotmedia.com","+852.81799956","","DotMedia Limited","DotMedia Limited","7F,Star House,3 Salisbury Road,TST,Kowloon","Hong Kong","Hong Kong","999077","Hong Kong","whoisprivacy@dotmedia.com","+852.81799956","","DotMedia Limited","DotMedia Limited","7F,Star House,3 Salisbury Road,TST,Kowloon","Hong Kong","Hong Kong","999077","Hong Kong","whoisprivacy@dotmedia.com","+852.81799956","","","","","","","","","","","","ns1.xz.com","ns2.xz.com","","","OK","","",""
"41","gottaruncamp.net","2020-05-12 21:47:27","2020-05-10","2020-05-10","2021-05-10","3622","DropCatch.com 1413 LLC","","","DotMedia Limited","DotMedia Limited","7F,Star House,3 Salisbury Road,TST,Kowloon","Hong Kong","Hong Kong","999077","Hong Kong","whoisprivacy@dotmedia.com","+852.81799956","","DotMedia Limited","DotMedia Limited","7F,Star House,3 Salisbury Road,TST,Kowloon","Hong Kong","Hong Kong","999077","Hong Kong","whoisprivacy@dotmedia.com","+852.81799956","","DotMedia Limited","DotMedia Limited","7F,Star House,3 Salisbury Road,TST,Kowloon","Hong Kong","Hong Kong","999077","Hong Kong","whoisprivacy@dotmedia.com","+852.81799956","","","","","","","","","","","","ns1.maff.com","ns2.maff.com","","","clientTransferProhibited","","",""
"42","grassroots1.net","2020-05-12 21:47:23","2020-05-08","2020-05-08","2021-05-08","2759","DropCatch.com 1000 LLC","whois.namebright.com","http://www.namebright.com","DotMedia Limited","DotMedia Limited","7F,Star House,3 Salisbury Road,TST,Kowloon","Hong Kong","Hong Kong","999077","Hong Kong","whoisprivacy@dotmedia.com","+852.81799956","","DotMedia Limited","DotMedia Limited","7F,Star House,3 Salisbury Road,TST,Kowloon","Hong Kong","Hong Kong","999077","Hong Kong","whoisprivacy@dotmedia.com","+852.81799956","","DotMedia Limited","DotMedia Limited","7F,Star House,3 Salisbury Road,TST,Kowloon","Hong Kong","Hong Kong","999077","Hong Kong","whoisprivacy@dotmedia.com","+852.81799956","","","","","","","","","","","","ns1.xz.com","ns2.xz.com","","","clientTransferProhibited","","",""
"43","gv711.com","2020-05-12 16:20:51","2020-05-12","2020-05-12","2021-05-12","146","GoDaddy.com, LLC","whois.godaddy.com","http://registrar.godaddy.com","gvsama.com","gvsama.com","","","tuishaQI","","Hong Kong","","","","","","","","","","","","","","","","","","","","","","","","","","","","","","","","","","ernest.ns.cloudflare.com","jessica.ns.cloudflare.com","","","clientDeleteProhibited","clientRenewProhibited","clientTransferProhibited","clientUpdateProhibited"
"44","jdav1.life","2020-05-12 21:08:18","2020-05-10","2020-05-10","2021-05-10","146","GoDaddy.com, LLC","whois.godaddy.com","http://registrar.godaddy.com","REDACTED FOR PRIVACY","","REDACTED FOR PRIVACY","REDACTED FOR PRIVACY","xx","REDACTED FOR PRIVACY","Hong Kong","","REDACTED FOR PRIVACY","REDACTED FOR PRIVACY","","","","","","","","","","","","","","","","","","","","","","","","","","","","","","","","","","","addPeriod","clientDeleteProhibited","clientRenewProhibited","clientTransferProhibited"
"45","jdav2.life","2020-05-12 21:08:13","2020-05-10","2020-05-10","2021-05-10","146","GoDaddy.com, LLC","whois.godaddy.com","http://registrar.godaddy.com","REDACTED FOR PRIVACY","","REDACTED FOR PRIVACY","REDACTED FOR PRIVACY","xx","REDACTED FOR PRIVACY","Hong Kong","","REDACTED FOR PRIVACY","REDACTED FOR PRIVACY","","","","","","","","","","","","","","","","","","","","","","","","","","","","","","","","","","","addPeriod","clientDeleteProhibited","clientRenewProhibited","clientTransferProhibited"
"46","jdav3.life","2020-05-12 21:08:13","2020-05-10","2020-05-10","2021-05-10","146","GoDaddy.com, LLC","whois.godaddy.com","http://registrar.godaddy.com","REDACTED FOR PRIVACY","","REDACTED FOR PRIVACY","REDACTED FOR PRIVACY","xx","REDACTED FOR PRIVACY","Hong Kong","","REDACTED FOR PRIVACY","REDACTED FOR PRIVACY","","","","","","","","","","","","","","","","","","","","","","","","","","","","","","","","","","","addPeriod","clientDeleteProhibited","clientRenewProhibited","clientTransferProhibited"
"47","junson.biz","2020-05-12 16:56:01","2020-05-11","2020-05-11","2022-05-11","146","GoDaddy.com, LLC","whois.godaddy.com","http://registrar.godaddy.com","Junson Capital","Junson Capital","","","HONG KONG","","Hong Kong","","","","","","","","","","","","","","","","","","","","","","","","","","","","","","","","","","ns07.domaincontrol.com","ns08.domaincontrol.com","","","addPeriod","clientDeleteProhibited","clientRenewProhibited","clientTransferProhibited"
"48","keyapptime.biz","2020-05-12 16:56:59","2020-05-11","2020-05-11","2021-05-11","303","PDR Ltd. d/b/a PublicDomainRegistry.com","whois.publicdomainregistry.com","http://www.publicdomainregistry.com","Roberts Pet Ltd","Roberts Pet Ltd","","","Not Applicable","","Hong Kong","","","","","","","","","","","","","","","","","","","","","","","","","","","","","","","","","","natsavpanel.earth.orderbox-dns.com","natsavpanel.mars.orderbox-dns.com","natsavpanel.mercury.orderbox-dns.com","natsavpanel.venus.orderbox-dns.com","addPeriod","clientTransferProhibited","",""
"49","keyapptime.kim","2020-05-12 21:01:58","2020-05-11","2020-05-11","2021-05-11","303","PDR Ltd. d/b/a PublicDomainRegistry.com","whois.publicdomainregistry.com","http://www.publicdomainregistry.com","Roberts Pet Ltd","Roberts Pet Ltd","","","Not Applicable","","Hong Kong","","","","","","","","","","","","","","","","","","","","","","","","","","","","","","","","","","natsavpanel.earth.orderbox-dns.com","natsavpanel.mars.orderbox-dns.com","natsavpanel.mercury.orderbox-dns.com","natsavpanel.venus.orderbox-dns.com","addPeriod","clientTransferProhibited","serverTransferProhibited",""
"50","keyapptime.pro","2020-05-12 22:47:35","2020-05-11","2020-05-11","2021-05-11","303","PDR Ltd. d/b/a PublicDomainRegistry.com","whois.publicdomainregistry.com","http://www.publicdomainregistry.com","Roberts Pet Ltd","Roberts Pet Ltd","","","Not Applicable","","Hong Kong","","","","","","","","","","","","","","","","","","","","","","","","","","","","","","","","","","natsavpanel.earth.orderbox-dns.com","natsavpanel.mars.orderbox-dns.com","natsavpanel.mercury.orderbox-dns.com","natsavpanel.venus.orderbox-dns.com","addPeriod","clientTransferProhibited","serverTransferProhibited",""
"51","keyapptime.promo","2020-05-12 22:47:32","2020-05-11","2020-05-11","2021-05-11","303","PDR Ltd. d/b/a PublicDomainRegistry.com","whois.publicdomainregistry.com","http://www.publicdomainregistry.com","Roberts Pet Ltd","Roberts Pet Ltd","","","Not Applicable","","Hong Kong","","","","","","","","","","","","","","","","","","","","","","","","","","","","","","","","","","natsavpanel.earth.orderbox-dns.com","natsavpanel.mars.orderbox-dns.com","natsavpanel.mercury.orderbox-dns.com","natsavpanel.venus.orderbox-dns.com","addPeriod","clientTransferProhibited","serverTransferProhibited",""
"52","lylj.life","2020-05-12 21:08:08","2020-05-08","2020-05-08","2021-05-08","146","GoDaddy.com, LLC","whois.godaddy.com","http://registrar.godaddy.com","REDACTED FOR PRIVACY","","REDACTED FOR PRIVACY","REDACTED FOR PRIVACY","Shanxi","REDACTED FOR PRIVACY","Hong Kong","","REDACTED FOR PRIVACY","REDACTED FOR PRIVACY","","","","","","","","","","","","","","","","","","","","","","","","","","","","","","","","","","","addPeriod","clientDeleteProhibited","clientRenewProhibited","clientTransferProhibited"
"53","meiling.life","2020-05-12 21:08:07","2020-05-11","2020-05-11","2021-05-11","146","GoDaddy.com, LLC","whois.godaddy.com","http://registrar.godaddy.com","REDACTED FOR PRIVACY","Monsoon (H.K.) Ltd.","REDACTED FOR PRIVACY","REDACTED FOR PRIVACY","","REDACTED FOR PRIVACY","Hong Kong","","REDACTED FOR PRIVACY","REDACTED FOR PRIVACY","","","","","","","","","","","","","","","","","","","","","","","","","","","","","","","","","","","addPeriod","clientDeleteProhibited","clientRenewProhibited","clientTransferProhibited"
"54","myp22.pro","2020-05-12 18:55:07","2020-05-10","","2021-05-10","82","OnlineNIC, Inc.","whois.onlinenic.com","http://www.onlinenic.com","Domain ID Shield Service CO., Limited","Domain ID Shield Service CO., Limited","","","Hong Kong","","Hong Kong","","","","","","","","","","","","","","","","","","","","","","","","","","","","","","","","","","hank.ns.cloudflare.com","lily.ns.cloudflare.com","","","addPeriod","serverTransferProhibited","",""
"55","myp33.pro","2020-05-12 18:55:07","2020-05-10","","2021-05-10","82","OnlineNIC, Inc.","whois.onlinenic.com","http://www.onlinenic.com","Domain ID Shield Service CO., Limited","Domain ID Shield Service CO., Limited","","","Hong Kong","","Hong Kong","","","","","","","","","","","","","","","","","","","","","","","","","","","","","","","","","","hank.ns.cloudflare.com","lily.ns.cloudflare.com","","","addPeriod","serverTransferProhibited","",""
"56","myp55.pro","2020-05-12 18:55:35","2020-05-10","","2021-05-10","82","OnlineNIC, Inc.","whois.onlinenic.com","http://www.onlinenic.com","Domain ID Shield Service CO., Limited","Domain ID Shield Service CO., Limited","","","Hong Kong","","Hong Kong","","","","","","","","","","","","","","","","","","","","","","","","","","","","","","","","","","hank.ns.cloudflare.com","lily.ns.cloudflare.com","","","addPeriod","serverTransferProhibited","",""
"57","myp77.pro","2020-05-12 22:47:35","2020-05-10","","2021-05-10","82","OnlineNIC, Inc.","whois.onlinenic.com","http://www.onlinenic.com","Domain ID Shield Service CO., Limited","Domain ID Shield Service CO., Limited","","","Hong Kong","","Hong Kong","","","","","","","","","","","","","","","","","","","","","","","","","","","","","","","","","","hank.ns.cloudflare.com","lily.ns.cloudflare.com","","","addPeriod","serverTransferProhibited","",""
"58","myp99.pro","2020-05-12 22:47:34","2020-05-10","","2021-05-10","82","OnlineNIC, Inc.","whois.onlinenic.com","http://www.onlinenic.com","Domain ID Shield Service CO., Limited","Domain ID Shield Service CO., Limited","","","Hong Kong","","Hong Kong","","","","","","","","","","","","","","","","","","","","","","","","","","","","","","","","","","hank.ns.cloudflare.com","lily.ns.cloudflare.com","","","addPeriod","serverTransferProhibited","",""
"59","pcportablegamer.net","2020-05-12 21:50:52","2020-05-10","2020-05-10","2021-05-10","3318","DropCatch.com 1109 LLC","","","DotMedia Limited","DotMedia Limited","7F,Star House,3 Salisbury Road,TST,Kowloon","Hong Kong","Hong Kong","999077","Hong Kong","whoisprivacy@dotmedia.com","+852.81799956","","DotMedia Limited","DotMedia Limited","7F,Star House,3 Salisbury Road,TST,Kowloon","Hong Kong","Hong Kong","999077","Hong Kong","whoisprivacy@dotmedia.com","+852.81799956","","DotMedia Limited","DotMedia Limited","7F,Star House,3 Salisbury Road,TST,Kowloon","Hong Kong","Hong Kong","999077","Hong Kong","whoisprivacy@dotmedia.com","+852.81799956","","","","","","","","","","","","ns1.maff.com","ns2.maff.com","","","clientTransferProhibited","","",""
"60","pdsn.net","2020-05-12 21:50:56","2020-05-08","2020-05-08","2021-05-08","1823","DropCatch.com 412 LLC","whois.namebright.com","http://www.dropcatch412.com","DotMedia Limited","DotMedia Limited","7F,Star House,3 Salisbury Road,TST,Kowloon","Hong Kong","Hong Kong","999077","Hong Kong","whoisprivacy@dotmedia.com","+852.81799956","","DotMedia Limited","DotMedia Limited","7F,Star House,3 Salisbury Road,TST,Kowloon","Hong Kong","Hong Kong","999077","Hong Kong","whoisprivacy@dotmedia.com","+852.81799956","","DotMedia Limited","DotMedia Limited","7F,Star House,3 Salisbury Road,TST,Kowloon","Hong Kong","Hong Kong","999077","Hong Kong","whoisprivacy@dotmedia.com","+852.81799956","","","","","","","","","","","","ns1.maff.com","ns2.maff.com","","","clientTransferProhibited","","",""
"61","puissance2.net","2020-05-12 21:50:33","2020-05-09","2020-05-09","2021-05-09","3641","DropCatch.com 1432 LLC","","","DotMedia Limited","DotMedia Limited","7F,Star House,3 Salisbury Road,TST,Kowloon","Hong Kong","Hong Kong","999077","Hong Kong","whoisprivacy@dotmedia.com","+852.81799956","","DotMedia Limited","DotMedia Limited","7F,Star House,3 Salisbury Road,TST,Kowloon","Hong Kong","Hong Kong","999077","Hong Kong","whoisprivacy@dotmedia.com","+852.81799956","","DotMedia Limited","DotMedia Limited","7F,Star House,3 Salisbury Road,TST,Kowloon","Hong Kong","Hong Kong","999077","Hong Kong","whoisprivacy@dotmedia.com","+852.81799956","","","","","","","","","","","","ns1.maff.com","ns2.maff.com","","","clientTransferProhibited","","",""
"62","pwln.net","2020-05-12 21:50:33","2020-05-10","2020-05-10","2021-05-10","146","GoDaddy.com, LLC","whois.godaddy.com","http://registrar.godaddy.com","","","","","Jiu Long","","Hong Kong","","","","","","","","","","","","","","","","","","","","","","","","","","","","","","","","","","ns63.domaincontrol.com","ns64.domaincontrol.com","","","clientDeleteProhibited","clientRenewProhibited","clientTransferProhibited","clientUpdateProhibited"
"63","qimendunjia.net","2020-05-12 21:50:31","2020-05-09","2020-05-09","2021-05-09","3690","DropCatch.com 1481 LLC","","","DotMedia Limited","DotMedia Limited","7F,Star House,3 Salisbury Road,TST,Kowloon","Hong Kong","Hong Kong","999077","Hong Kong","whoisprivacy@dotmedia.com","+852.81799956","","DotMedia Limited","DotMedia Limited","7F,Star House,3 Salisbury Road,TST,Kowloon","Hong Kong","Hong Kong","999077","Hong Kong","whoisprivacy@dotmedia.com","+852.81799956","","DotMedia Limited","DotMedia Limited","7F,Star House,3 Salisbury Road,TST,Kowloon","Hong Kong","Hong Kong","999077","Hong Kong","whoisprivacy@dotmedia.com","+852.81799956","","","","","","","","","","","","ns1.xz.com","ns2.xz.com","","","clientTransferProhibited","","",""
"64","qinzoo.net","2020-05-12 21:50:38","2020-05-09","2020-05-09","2021-05-09","3602","DropCatch.com 1393 LLC","","","DotMedia Limited","DotMedia Limited","7F,Star House,3 Salisbury Road,TST,Kowloon","Hong Kong","Hong Kong","999077","Hong Kong","whoisprivacy@dotmedia.com","+852.81799956","","DotMedia Limited","DotMedia Limited","7F,Star House,3 Salisbury Road,TST,Kowloon","Hong Kong","Hong Kong","999077","Hong Kong","whoisprivacy@dotmedia.com","+852.81799956","","DotMedia Limited","DotMedia Limited","7F,Star House,3 Salisbury Road,TST,Kowloon","Hong Kong","Hong Kong","999077","Hong Kong","whoisprivacy@dotmedia.com","+852.81799956","","","","","","","","","","","","ns1.xz.com","ns2.xz.com","","","clientTransferProhibited","","",""
"65","rapooo.net","2020-05-12 21:50:26","2020-05-10","2020-05-12","2021-05-10","2273","Steamline Domains, LLC","whois.streamlinedomains.com","http://www.slamdunkdomainsllc.com","DotMedia Limited","DotMedia Limited","7F,Star House,3 Salisbury Road,TST,Kowloon","Hong Kong","Hong Kong","999077","Hong Kong","whoisprivacy@dotmedia.com","+852.81799956","","DotMedia Limited","DotMedia Limited","7F,Star House,3 Salisbury Road,TST,Kowloon","Hong Kong","Hong Kong","999077","Hong Kong","whoisprivacy@dotmedia.com","+852.81799956","","DotMedia Limited","DotMedia Limited","7F,Star House,3 Salisbury Road,TST,Kowloon","Hong Kong","Hong Kong","999077","Hong Kong","whoisprivacy@dotmedia.com","+852.81799956","","","","","","","","","","","","ns1.xz.com","ns2.xz.com","","","OK","","",""
"66","realbubee.net","2020-05-12 21:50:25","2020-05-09","2020-05-09","2021-05-09","2773","DropCatch.com 1014 LLC","whois.namebright.com","http://www.namebright.com","DotMedia Limited","DotMedia Limited","7F,Star House,3 Salisbury Road,TST,Kowloon","Hong Kong","Hong Kong","999077","Hong Kong","whoisprivacy@dotmedia.com","+852.81799956","","DotMedia Limited","DotMedia Limited","7F,Star House,3 Salisbury Road,TST,Kowloon","Hong Kong","Hong Kong","999077","Hong Kong","whoisprivacy@dotmedia.com","+852.81799956","","DotMedia Limited","DotMedia Limited","7F,Star House,3 Salisbury Road,TST,Kowloon","Hong Kong","Hong Kong","999077","Hong Kong","whoisprivacy@dotmedia.com","+852.81799956","","","","","","","","","","","","ns1.xz.com","ns2.xz.com","","","clientTransferProhibited","","",""
"67","ruixunyun.net","2020-05-12 21:50:13","2020-05-10","2020-05-10","2021-05-10","2510","DROPCATCH.COM 751 LLC","whois.namebright.com","http://www.dropcatch751.com","DotMedia Limited","DotMedia Limited","7F,Star House,3 Salisbury Road,TST,Kowloon","Hong Kong","Hong Kong","999077","Hong Kong","whoisprivacy@dotmedia.com","+852.81799956","","DotMedia Limited","DotMedia Limited","7F,Star House,3 Salisbury Road,TST,Kowloon","Hong Kong","Hong Kong","999077","Hong Kong","whoisprivacy@dotmedia.com","+852.81799956","","DotMedia Limited","DotMedia Limited","7F,Star House,3 Salisbury Road,TST,Kowloon","Hong Kong","Hong Kong","999077","Hong Kong","whoisprivacy@dotmedia.com","+852.81799956","","","","","","","","","","","","ns1.xz.com","ns2.xz.com","","","clientTransferProhibited","","",""
"68","rulai888.net","2020-05-12 21:50:12","2020-05-08","2020-05-08","2021-05-08","3273","DropCatch.com 1064 LLC","","","DotMedia Limited","DotMedia Limited","7F,Star House,3 Salisbury Road,TST,Kowloon","Hong Kong","Hong Kong","999077","Hong Kong","whoisprivacy@dotmedia.com","+852.81799956","","DotMedia Limited","DotMedia Limited","7F,Star House,3 Salisbury Road,TST,Kowloon","Hong Kong","Hong Kong","999077","Hong Kong","whoisprivacy@dotmedia.com","+852.81799956","","DotMedia Limited","DotMedia Limited","7F,Star House,3 Salisbury Road,TST,Kowloon","Hong Kong","Hong Kong","999077","Hong Kong","whoisprivacy@dotmedia.com","+852.81799956","","","","","","","","","","","","ns1.xz.com","ns2.xz.com","","","clientTransferProhibited","","",""
"69","sammay.net","2020-05-12 21:50:07","2020-05-09","2020-05-11","2021-05-09","1031","NamePal.com #8018","whois.nic.uk","http://namepal.com","DotMedia Limited","DotMedia Limited","7F,Star House,3 Salisbury Road,TST,Kowloon","Hong Kong","Hong Kong","999077","Hong Kong","whoisprivacy@dotmedia.com","+852.81799956","","DotMedia Limited","DotMedia Limited","7F,Star House,3 Salisbury Road,TST,Kowloon","Hong Kong","Hong Kong","999077","Hong Kong","whoisprivacy@dotmedia.com","+852.81799956","","DotMedia Limited","DotMedia Limited","7F,Star House,3 Salisbury Road,TST,Kowloon","Hong Kong","Hong Kong","999077","Hong Kong","whoisprivacy@dotmedia.com","+852.81799956","","","","","","","","","","","","ns1.xz.com","ns2.xz.com","","","OK","","",""
"70","samuelcoleman.net","2020-05-12 21:50:07","2020-05-08","2020-05-08","2021-05-08","2590","DROPCATCH.COM 831 LLC","whois.namebright.com","http://www.namebright.com","DotMedia Limited","DotMedia Limited","7F,Star House,3 Salisbury Road,TST,Kowloon","Hong Kong","Hong Kong","999077","Hong Kong","whoisprivacy@dotmedia.com","+852.81799956","","DotMedia Limited","DotMedia Limited","7F,Star House,3 Salisbury Road,TST,Kowloon","Hong Kong","Hong Kong","999077","Hong Kong","whoisprivacy@dotmedia.com","+852.81799956","","DotMedia Limited","DotMedia Limited","7F,Star House,3 Salisbury Road,TST,Kowloon","Hong Kong","Hong Kong","999077","Hong Kong","whoisprivacy@dotmedia.com","+852.81799956","","","","","","","","","","","","ns1.maff.com","ns2.maff.com","","","clientTransferProhibited","","",""
"71","satoracing.net","2020-05-12 21:50:05","2020-05-08","2020-05-09","2021-05-08","922","Afterdark Domains, Incorporated","whois.afterdarkdomainsincorporated.com","http://www.afterdarkdomainsincorporated.com","DotMedia Limited","DotMedia Limited","7F,Star House,3 Salisbury Road,TST,Kowloon","Hong Kong","Hong Kong","999077","Hong Kong","whoisprivacy@dotmedia.com","+852.81799956","","DotMedia Limited","DotMedia Limited","7F,Star House,3 Salisbury Road,TST,Kowloon","Hong Kong","Hong Kong","999077","Hong Kong","whoisprivacy@dotmedia.com","+852.81799956","","DotMedia Limited","DotMedia Limited","7F,Star House,3 Salisbury Road,TST,Kowloon","Hong Kong","Hong Kong","999077","Hong Kong","whoisprivacy@dotmedia.com","+852.81799956","","","","","","","","","","","","ns1.maff.com","ns2.maff.com","","","OK","","",""
"72","servertechnologies.net","2020-05-12 21:49:57","2020-05-09","2020-05-11","2021-05-09","2904","Zinc Domain Names LLC","whois.zincdomainnamesllc.com","http://www.zincdomainnamesllc.com","DotMedia Limited","DotMedia Limited","7F,Star House,3 Salisbury Road,TST,Kowloon","Hong Kong","Hong Kong","999077","Hong Kong","whoisprivacy@dotmedia.com","+852.81799956","","DotMedia Limited","DotMedia Limited","7F,Star House,3 Salisbury Road,TST,Kowloon","Hong Kong","Hong Kong","999077","Hong Kong","whoisprivacy@dotmedia.com","+852.81799956","","DotMedia Limited","DotMedia Limited","7F,Star House,3 Salisbury Road,TST,Kowloon","Hong Kong","Hong Kong","999077","Hong Kong","whoisprivacy@dotmedia.com","+852.81799956","","","","","","","","","","","","ns1.maff.com","ns2.maff.com","","","OK","","",""
"73","shenaidesign.net","2020-05-12 21:49:53","2020-05-10","2020-05-10","2021-05-10","1844","DropCatch.com 433 LLC","whois.namebright.com","http://www.dropcatch433.com","DotMedia Limited","DotMedia Limited","7F,Star House,3 Salisbury Road,TST,Kowloon","Hong Kong","Hong Kong","999077","Hong Kong","whoisprivacy@dotmedia.com","+852.81799956","","DotMedia Limited","DotMedia Limited","7F,Star House,3 Salisbury Road,TST,Kowloon","Hong Kong","Hong Kong","999077","Hong Kong","whoisprivacy@dotmedia.com","+852.81799956","","DotMedia Limited","DotMedia Limited","7F,Star House,3 Salisbury Road,TST,Kowloon","Hong Kong","Hong Kong","999077","Hong Kong","whoisprivacy@dotmedia.com","+852.81799956","","","","","","","","","","","","ns1.xz.com","ns2.xz.com","","","clientTransferProhibited","","",""
"74","shizuoka-eco.net","2020-05-12 21:49:54","2020-05-09","2020-05-10","2021-05-09","1354","Snoqulamiedomains.com LLC","whois.snoqulamiedomains.com","http://www.networksolutions.com","DotMedia Limited","DotMedia Limited","7F,Star House,3 Salisbury Road,TST,Kowloon","Hong Kong","Hong Kong","999077","Hong Kong","whoisprivacy@dotmedia.com","+852.81799956","","DotMedia Limited","DotMedia Limited","7F,Star House,3 Salisbury Road,TST,Kowloon","Hong Kong","Hong Kong","999077","Hong Kong","whoisprivacy@dotmedia.com","+852.81799956","","DotMedia Limited","DotMedia Limited","7F,Star House,3 Salisbury Road,TST,Kowloon","Hong Kong","Hong Kong","999077","Hong Kong","whoisprivacy@dotmedia.com","+852.81799956","","","","","","","","","","","","ns1.maff.com","ns2.maff.com","","","OK","","",""
"75","sjzshengqi.net","2020-05-12 21:49:47","2020-05-10","2020-05-10","2021-05-10","146","GoDaddy.com, LLC","whois.godaddy.com","http://registrar.godaddy.com","","","","","Jiu Long","","Hong Kong","","","","","","","","","","","","","","","","","","","","","","","","","","","","","","","","","","ns45.domaincontrol.com","ns46.domaincontrol.com","","","clientDeleteProhibited","clientRenewProhibited","clientTransferProhibited","clientUpdateProhibited"
"76","softrepair.info","2020-05-12 21:03:34","2020-05-11","2020-05-12","2021-05-11","303","PDR Ltd. d/b/a PublicDomainRegistry.com","whois.publicdomainregistry.com","http://www.publicdomainregistry.com","Roberts Pet Ltd","Roberts Pet Ltd","","","Not Applicable","","Hong Kong","","","","","","","","","","","","","","","","","","","","","","","","","","","","","","","","","","natsavpanel.earth.orderbox-dns.com","natsavpanel.mars.orderbox-dns.com","natsavpanel.mercury.orderbox-dns.com","natsavpanel.venus.orderbox-dns.com","addPeriod","clientTransferProhibited","serverHold","serverTransferProhibited"
"77","softrepair.kim","2020-05-12 21:01:57","2020-05-11","2020-05-11","2021-05-11","303","PDR Ltd. d/b/a PublicDomainRegistry.com","whois.publicdomainregistry.com","http://www.publicdomainregistry.com","Roberts Pet Ltd","Roberts Pet Ltd","","","Not Applicable","","Hong Kong","","","","","","","","","","","","","","","","","","","","","","","","","","","","","","","","","","natsavpanel.earth.orderbox-dns.com","natsavpanel.mars.orderbox-dns.com","natsavpanel.mercury.orderbox-dns.com","natsavpanel.venus.orderbox-dns.com","addPeriod","clientTransferProhibited","serverTransferProhibited",""
"78","softrepair.promo","2020-05-12 22:47:32","2020-05-11","2020-05-11","2021-05-11","303","PDR Ltd. d/b/a PublicDomainRegistry.com","whois.publicdomainregistry.com","http://www.publicdomainregistry.com","Roberts Pet Ltd","Roberts Pet Ltd","","","Not Applicable","","Hong Kong","","","","","","","","","","","","","","","","","","","","","","","","","","","","","","","","","","natsavpanel.earth.orderbox-dns.com","natsavpanel.mars.orderbox-dns.com","natsavpanel.mercury.orderbox-dns.com","natsavpanel.venus.orderbox-dns.com","addPeriod","clientTransferProhibited","serverTransferProhibited",""
"79","softrepairs.pro","2020-05-12 22:47:34","2020-05-11","2020-05-11","2021-05-11","303","PDR Ltd. d/b/a PublicDomainRegistry.com","whois.publicdomainregistry.com","http://www.publicdomainregistry.com","Roberts Pet Ltd","Roberts Pet Ltd","","","Not Applicable","","Hong Kong","","","","","","","","","","","","","","","","","","","","","","","","","","","","","","","","","","natsavpanel.earth.orderbox-dns.com","natsavpanel.mars.orderbox-dns.com","natsavpanel.mercury.orderbox-dns.com","natsavpanel.venus.orderbox-dns.com","addPeriod","clientTransferProhibited","serverTransferProhibited",""
"80","strategico.life","2020-05-12 21:07:55","2020-05-08","2020-05-08","2021-05-08","1345","Key-Systems, LLC","whois.nic.uk","http://www.key-systems.net/","REDACTED FOR PRIVACY","Petsy Corp Limited","REDACTED FOR PRIVACY","REDACTED FOR PRIVACY","EE","REDACTED FOR PRIVACY","Hong Kong","","REDACTED FOR PRIVACY","REDACTED FOR PRIVACY","","","","","","","","","","","","","","","","","","","","","","","","","","","","","","","","","","","addPeriod","","",""
"81","superfaster.blue","2020-05-12 19:16:14","2020-05-11","2020-05-11","2021-05-11","303","PDR Ltd. d/b/a PublicDomainRegistry.com","whois.publicdomainregistry.com","http://www.publicdomainregistry.com","Roberts Pet Ltd","Roberts Pet Ltd","","","Not Applicable","","Hong Kong","","","","","","","","","","","","","","","","","","","","","","","","","","","","","","","","","","natsavpanel.earth.orderbox-dns.com","natsavpanel.mars.orderbox-dns.com","natsavpanel.mercury.orderbox-dns.com","natsavpanel.venus.orderbox-dns.com","addPeriod","clientTransferProhibited","serverTransferProhibited",""
"82","superfaster.info","2020-05-12 21:03:27","2020-05-11","2020-05-12","2021-05-11","303","PDR Ltd. d/b/a PublicDomainRegistry.com","whois.publicdomainregistry.com","http://www.publicdomainregistry.com","Roberts Pet Ltd","Roberts Pet Ltd","","","Not Applicable","","Hong Kong","","","","","","","","","","","","","","","","","","","","","","","","","","","","","","","","","","natsavpanel.earth.orderbox-dns.com","natsavpanel.mars.orderbox-dns.com","natsavpanel.mercury.orderbox-dns.com","natsavpanel.venus.orderbox-dns.com","addPeriod","clientTransferProhibited","serverHold","serverTransferProhibited"
"83","superfaster.kim","2020-05-12 21:01:54","2020-05-11","2020-05-11","2021-05-11","303","PDR Ltd. d/b/a PublicDomainRegistry.com","whois.publicdomainregistry.com","http://www.publicdomainregistry.com","Roberts Pet Ltd","Roberts Pet Ltd","","","Not Applicable","","Hong Kong","","","","","","","","","","","","","","","","","","","","","","","","","","","","","","","","","","natsavpanel.earth.orderbox-dns.com","natsavpanel.mars.orderbox-dns.com","natsavpanel.mercury.orderbox-dns.com","natsavpanel.venus.orderbox-dns.com","addPeriod","clientTransferProhibited","serverTransferProhibited",""
"84","superfaster.promo","2020-05-12 22:47:32","2020-05-11","2020-05-11","2021-05-11","303","PDR Ltd. d/b/a PublicDomainRegistry.com","whois.publicdomainregistry.com","http://www.publicdomainregistry.com","Roberts Pet Ltd","Roberts Pet Ltd","","","Not Applicable","","Hong Kong","","","","","","","","","","","","","","","","","","","","","","","","","","","","","","","","","","natsavpanel.earth.orderbox-dns.com","natsavpanel.mars.orderbox-dns.com","natsavpanel.mercury.orderbox-dns.com","natsavpanel.venus.orderbox-dns.com","addPeriod","clientTransferProhibited","serverTransferProhibited",""
"85","tunestool.biz","2020-05-12 18:52:11","2020-05-11","2020-05-11","2021-05-11","303","PDR Ltd. d/b/a PublicDomainRegistry.com","whois.publicdomainregistry.com","http://www.publicdomainregistry.com","Roberts Pet Ltd","Roberts Pet Ltd","","","Not Applicable","","Hong Kong","","","","","","","","","","","","","","","","","","","","","","","","","","","","","","","","","","natsavpanel.earth.orderbox-dns.com","natsavpanel.mars.orderbox-dns.com","natsavpanel.mercury.orderbox-dns.com","natsavpanel.venus.orderbox-dns.com","addPeriod","clientTransferProhibited","",""
"86","tunestool.info","2020-05-12 21:02:44","2020-05-11","2020-05-12","2021-05-11","303","PDR Ltd. d/b/a PublicDomainRegistry.com","whois.publicdomainregistry.com","http://www.publicdomainregistry.com","Roberts Pet Ltd","Roberts Pet Ltd","","","Not Applicable","","Hong Kong","","","","","","","","","","","","","","","","","","","","","","","","","","","","","","","","","","natsavpanel.earth.orderbox-dns.com","natsavpanel.mars.orderbox-dns.com","natsavpanel.mercury.orderbox-dns.com","natsavpanel.venus.orderbox-dns.com","addPeriod","clientTransferProhibited","serverHold","serverTransferProhibited"
"87","tunestool.kim","2020-05-12 21:01:55","2020-05-11","2020-05-11","2021-05-11","303","PDR Ltd. d/b/a PublicDomainRegistry.com","whois.publicdomainregistry.com","http://www.publicdomainregistry.com","Roberts Pet Ltd","Roberts Pet Ltd","","","Not Applicable","","Hong Kong","","","","","","","","","","","","","","","","","","","","","","","","","","","","","","","","","","natsavpanel.earth.orderbox-dns.com","natsavpanel.mars.orderbox-dns.com","natsavpanel.mercury.orderbox-dns.com","natsavpanel.venus.orderbox-dns.com","addPeriod","clientTransferProhibited","serverTransferProhibited",""
"88","tunestool.pro","2020-05-12 22:47:33","2020-05-11","2020-05-11","2021-05-11","303","PDR Ltd. d/b/a PublicDomainRegistry.com","whois.publicdomainregistry.com","http://www.publicdomainregistry.com","Roberts Pet Ltd","Roberts Pet Ltd","","","Not Applicable","","Hong Kong","","","","","","","","","","","","","","","","","","","","","","","","","","","","","","","","","","natsavpanel.earth.orderbox-dns.com","natsavpanel.mars.orderbox-dns.com","natsavpanel.mercury.orderbox-dns.com","natsavpanel.venus.orderbox-dns.com","addPeriod","clientTransferProhibited","serverTransferProhibited",""
"89","xueshubu.com","2020-05-12 06:22:38","2020-05-11","2020-05-11","2021-05-11","146","GoDaddy.com, LLC","whois.godaddy.com","http://registrar.godaddy.com","","","","","Jiu Long","","Hong Kong","","","","","","","","","","","","","","","","","","","","","","","","","","","","","","","","","","ns31.domaincontrol.com","ns32.domaincontrol.com","","","clientDeleteProhibited","clientRenewProhibited","clientTransferProhibited","clientUpdateProhibited"
"90","yitongrong.life","2020-05-12 21:07:49","2020-05-11","2020-05-11","2021-05-11","146","GoDaddy.com, LLC","whois.godaddy.com","http://registrar.godaddy.com","REDACTED FOR PRIVACY","","REDACTED FOR PRIVACY","REDACTED FOR PRIVACY","Chang De Shi","REDACTED FOR PRIVACY","Hong Kong","","REDACTED FOR PRIVACY","REDACTED FOR PRIVACY","","","","","","","","","","","","","","","","","","","","","","","","","","","","","","","","","","","addPeriod","clientDeleteProhibited","clientRenewProhibited","clientTransferProhibited"