"num","domain_name","query_time","create_date","update_date","expiry_date","domain_registrar_id","domain_registrar_name","domain_registrar_whois","domain_registrar_url","registrant_name","registrant_company","registrant_address","registrant_city","registrant_state","registrant_zip","registrant_country","registrant_email","registrant_phone","registrant_fax","administrative_name","administrative_company","administrative_address","administrative_city","administrative_state","administrative_zip","administrative_country","administrative_email","administrative_phone","administrative_fax","technical_name","technical_company","technical_address","technical_city","technical_state","technical_zip","technical_country","technical_email","technical_phone","technical_fax","billing_name","billing_company","billing_address","billing_city","billing_state","billing_zip","billing_country","billing_email","billing_phone","billing_fax","name_server_1","name_server_2","name_server_3","name_server_4","domain_status_1","domain_status_2","domain_status_3","domain_status_4"
"1","dynamicdungeons.net","2020-05-12 21:48:41","2020-05-10","2020-05-10","2022-05-10","886","Domain.com, LLC","whois.domain.com","http://www.domain.com","REDACTED FOR PRIVACY","REDACTED FOR PRIVACY","REDACTED FOR PRIVACY","REDACTED FOR PRIVACY","NA","REDACTED FOR PRIVACY","Hungary","","REDACTED FOR PRIVACY","REDACTED FOR PRIVACY","REDACTED FOR PRIVACY","REDACTED FOR PRIVACY","REDACTED FOR PRIVACY","REDACTED FOR PRIVACY","REDACTED FOR PRIVACY","REDACTED FOR PRIVACY","REDACTED FOR PRIVACY","","REDACTED FOR PRIVACY","REDACTED FOR PRIVACY","REDACTED FOR PRIVACY","REDACTED FOR PRIVACY","REDACTED FOR PRIVACY","REDACTED FOR PRIVACY","REDACTED FOR PRIVACY","REDACTED FOR PRIVACY","REDACTED FOR PRIVACY","","REDACTED FOR PRIVACY","REDACTED FOR PRIVACY","","","","","","","","","","","ns1.domain.com","ns2.domain.com","","","","","",""
"2","jeeps.info","2020-05-12 06:49:26","2020-05-09","2020-05-09","2021-05-09","146","GoDaddy.com, LLC","whois.godaddy.com","http://registrar.godaddy.com","","","","","Budapest","","Hungary","","","","","","","","","","","","","","","","","","","","","","","","","","","","","","","","","","ns75.domaincontrol.com","ns76.domaincontrol.com","","","addPeriod","clientDeleteProhibited","clientRenewProhibited","clientTransferProhibited"
"3","mihansub.info","2020-05-12 20:59:16","2020-05-08","2020-05-09","2021-05-08","82","OnlineNIC, Inc.","whois.onlinenic.com","http://www.onlinenic.com","NicAgent","NicAgent","","","PECS","","Hungary","","","","","","","","","","","","","","","","","","","","","","","","","","","","","","","","","","ns207.mihanwebhost.com","ns208.mihanwebhost.com","","","addPeriod","serverTransferProhibited","",""
"4","mrprogrammer.info","2020-05-12 08:30:05","2020-05-08","","2021-05-08","82","OnlineNIC, Inc.","whois.onlinenic.com","http://www.onlinenic.com","NicAgent","NicAgent","","","PECS","","Hungary","","","","","","","","","","","","","","","","","","","","","","","","","","","","","","","","","","ns339.mihanwebhost.com","ns340.mihanwebhost.com","","","addPeriod","serverTransferProhibited","",""
"5","nadeurope.info","2020-05-12 20:59:12","2020-05-11","2020-05-11","2021-05-11","1647","Hosting Concepts B.V. dba Openprovider","whois.registrar.eu","http://www.openprovider.com","Bio Way's Future Kft.","Bio Way's Future Kft.","","","Budapest","","Hungary","","","","","","","","","","","","","","","","","","","","","","","","","","","","","","","","","","ns1.dns-parking.com","ns2.dns-parking.com","","","addPeriod","clientTransferProhibited","serverTransferProhibited",""
"6","uv-disinfection.info","2020-05-12 12:42:02","2020-05-08","2020-05-08","2021-05-08","146","GoDaddy.com, LLC","whois.godaddy.com","http://registrar.godaddy.com","Innova Group Ltd.","Innova Group Ltd.","","","Hungary","","Hungary","","","","","","","","","","","","","","","","","","","","","","","","","","","","","","","","","","ns59.domaincontrol.com","ns60.domaincontrol.com","","","addPeriod","clientDeleteProhibited","clientRenewProhibited","clientTransferProhibited"
"7","uvc-disinfection-robot.info","2020-05-12 12:41:59","2020-05-08","2020-05-08","2021-05-08","146","GoDaddy.com, LLC","whois.godaddy.com","http://registrar.godaddy.com","Innova Group Ltd.","Innova Group Ltd.","","","Hungary","","Hungary","","","","","","","","","","","","","","","","","","","","","","","","","","","","","","","","","","ns15.domaincontrol.com","ns16.domaincontrol.com","","","addPeriod","clientDeleteProhibited","clientRenewProhibited","clientTransferProhibited"
"8","uvc-disinfection.info","2020-05-12 12:41:59","2020-05-08","2020-05-08","2021-05-08","146","GoDaddy.com, LLC","whois.godaddy.com","http://registrar.godaddy.com","Innova Group Ltd.","Innova Group Ltd.","","","Hungary","","Hungary","","","","","","","","","","","","","","","","","","","","","","","","","","","","","","","","","","ns47.domaincontrol.com","ns48.domaincontrol.com","","","addPeriod","clientDeleteProhibited","clientRenewProhibited","clientTransferProhibited"
"9","uvc-disinfectionrobot.info","2020-05-12 12:42:00","2020-05-08","2020-05-08","2021-05-08","146","GoDaddy.com, LLC","whois.godaddy.com","http://registrar.godaddy.com","Innova Group Ltd.","Innova Group Ltd.","","","Hungary","","Hungary","","","","","","","","","","","","","","","","","","","","","","","","","","","","","","","","","","ns69.domaincontrol.com","ns70.domaincontrol.com","","","addPeriod","clientDeleteProhibited","clientRenewProhibited","clientTransferProhibited"
"10","uvc-robot.info","2020-05-12 12:41:58","2020-05-08","2020-05-08","2021-05-08","146","GoDaddy.com, LLC","whois.godaddy.com","http://registrar.godaddy.com","Innova Group Ltd.","Innova Group Ltd.","","","Hungary","","Hungary","","","","","","","","","","","","","","","","","","","","","","","","","","","","","","","","","","ns15.domaincontrol.com","ns16.domaincontrol.com","","","addPeriod","clientDeleteProhibited","clientRenewProhibited","clientTransferProhibited"
"11","uvcdisinfectionrobot.info","2020-05-12 12:41:59","2020-05-08","2020-05-08","2021-05-08","146","GoDaddy.com, LLC","whois.godaddy.com","http://registrar.godaddy.com","Innova Group Ltd.","Innova Group Ltd.","","","Hungary","","Hungary","","","","","","","","","","","","","","","","","","","","","","","","","","","","","","","","","","ns59.domaincontrol.com","ns60.domaincontrol.com","","","addPeriod","clientDeleteProhibited","clientRenewProhibited","clientTransferProhibited"
"12","uvcrobot.info","2020-05-12 12:41:59","2020-05-08","2020-05-08","2021-05-08","146","GoDaddy.com, LLC","whois.godaddy.com","http://registrar.godaddy.com","Innova Group Ltd.","Innova Group Ltd.","","","Hungary","","Hungary","","","","","","","","","","","","","","","","","","","","","","","","","","","","","","","","","","ns15.domaincontrol.com","ns16.domaincontrol.com","","","addPeriod","clientDeleteProhibited","clientRenewProhibited","clientTransferProhibited"
"13","vespuccipartners.info","2020-05-12 21:02:23","2020-05-10","","2021-05-10","82","OnlineNIC, Inc.","whois.onlinenic.com","http://www.onlinenic.com","Macher Peter","Macher Peter","","","Fejer megye","","Hungary","","","","","","","","","","","","","","","","","","","","","","","","","","","","","","","","","","ns.tns1.eu","ns.tns2.eu","","","addPeriod","serverTransferProhibited","",""