"num","domain_name","query_time","create_date","update_date","expiry_date","domain_registrar_id","domain_registrar_name","domain_registrar_whois","domain_registrar_url","registrant_name","registrant_company","registrant_address","registrant_city","registrant_state","registrant_zip","registrant_country","registrant_email","registrant_phone","registrant_fax","administrative_name","administrative_company","administrative_address","administrative_city","administrative_state","administrative_zip","administrative_country","administrative_email","administrative_phone","administrative_fax","technical_name","technical_company","technical_address","technical_city","technical_state","technical_zip","technical_country","technical_email","technical_phone","technical_fax","billing_name","billing_company","billing_address","billing_city","billing_state","billing_zip","billing_country","billing_email","billing_phone","billing_fax","name_server_1","name_server_2","name_server_3","name_server_4","domain_status_1","domain_status_2","domain_status_3","domain_status_4"
"1","e-zaya.net","2020-05-12 21:48:40","2020-05-10","2020-05-10","2021-05-10","1387","1API GmbH","whois.1api.net","http://www.1api.net","REDACTED FOR PRIVACY","REDACTED FOR PRIVACY","REDACTED FOR PRIVACY","REDACTED FOR PRIVACY","Tehran","REDACTED FOR PRIVACY","Iran","","REDACTED FOR PRIVACY","","REDACTED FOR PRIVACY","REDACTED FOR PRIVACY","REDACTED FOR PRIVACY","REDACTED FOR PRIVACY","REDACTED FOR PRIVACY","REDACTED FOR PRIVACY","REDACTED FOR PRIVACY","","REDACTED FOR PRIVACY","","REDACTED FOR PRIVACY","REDACTED FOR PRIVACY","REDACTED FOR PRIVACY","REDACTED FOR PRIVACY","REDACTED FOR PRIVACY","REDACTED FOR PRIVACY","REDACTED FOR PRIVACY","","REDACTED FOR PRIVACY","","","","","","","","","","","","ns3.iranhost.com","ns4.iranhost.com","","","clientTransferProhibited","","",""
"2","eaglemission.net","2020-05-12 21:48:32","2020-05-09","2020-05-09","2021-05-09","1647","Hosting Concepts B.V. dba Openprovider","whois.registrar.eu","http://www.openprovider.com","REDACTED FOR PRIVACY","","REDACTED FOR PRIVACY","REDACTED FOR PRIVACY","Kerman","REDACTED FOR PRIVACY","Iran","","REDACTED FOR PRIVACY","REDACTED FOR PRIVACY","REDACTED FOR PRIVACY","REDACTED FOR PRIVACY","REDACTED FOR PRIVACY","REDACTED FOR PRIVACY","REDACTED FOR PRIVACY","REDACTED FOR PRIVACY","REDACTED FOR PRIVACY","","REDACTED FOR PRIVACY","REDACTED FOR PRIVACY","REDACTED FOR PRIVACY","REDACTED FOR PRIVACY","REDACTED FOR PRIVACY","REDACTED FOR PRIVACY","REDACTED FOR PRIVACY","REDACTED FOR PRIVACY","REDACTED FOR PRIVACY","","REDACTED FOR PRIVACY","REDACTED FOR PRIVACY","","","","","","","","","","","ns1.mizbandp.com","ns2.mizbandp.com","ns3.mizbandp.com","ns4.mizbandp.com","clientTransferProhibited","ok","",""
"3","ezaya.net","2020-05-12 21:47:57","2020-05-10","2020-05-10","2021-05-10","1387","1API GmbH","whois.1api.net","http://www.1api.net","REDACTED FOR PRIVACY","REDACTED FOR PRIVACY","REDACTED FOR PRIVACY","REDACTED FOR PRIVACY","Tehran","REDACTED FOR PRIVACY","Iran","","REDACTED FOR PRIVACY","","REDACTED FOR PRIVACY","REDACTED FOR PRIVACY","REDACTED FOR PRIVACY","REDACTED FOR PRIVACY","REDACTED FOR PRIVACY","REDACTED FOR PRIVACY","REDACTED FOR PRIVACY","","REDACTED FOR PRIVACY","","REDACTED FOR PRIVACY","REDACTED FOR PRIVACY","REDACTED FOR PRIVACY","REDACTED FOR PRIVACY","REDACTED FOR PRIVACY","REDACTED FOR PRIVACY","REDACTED FOR PRIVACY","","REDACTED FOR PRIVACY","","","","","","","","","","","","ns3.iranhost.com","ns4.iranhost.com","","","clientTransferProhibited","","",""
"4","fullito.net","2020-05-12 21:47:38","2020-05-10","2020-05-10","2021-05-10","1387","1API GmbH","whois.1api.net","http://www.1api.net","REDACTED FOR PRIVACY","REDACTED FOR PRIVACY","REDACTED FOR PRIVACY","REDACTED FOR PRIVACY","Tehran","REDACTED FOR PRIVACY","Iran","","REDACTED FOR PRIVACY","","REDACTED FOR PRIVACY","REDACTED FOR PRIVACY","REDACTED FOR PRIVACY","REDACTED FOR PRIVACY","REDACTED FOR PRIVACY","REDACTED FOR PRIVACY","REDACTED FOR PRIVACY","","REDACTED FOR PRIVACY","","REDACTED FOR PRIVACY","REDACTED FOR PRIVACY","REDACTED FOR PRIVACY","REDACTED FOR PRIVACY","REDACTED FOR PRIVACY","REDACTED FOR PRIVACY","REDACTED FOR PRIVACY","","REDACTED FOR PRIVACY","","","","","","","","","","","","ns1.hostiran.net","ns2.hostiran.net","","","clientTransferProhibited","","",""
"5","hedayatco.biz","2020-05-12 16:36:54","2020-05-10","2020-05-11","2021-05-10","113","CSL Computer Service Langenbach GmbH d/b/a joker.com","whois.joker.com","http://www.joker.com","grvh snAti hdait","grvh snAti hdait","","","khrasan rzvi","","Iran","","","","","","","","","","","","","","","","","","","","","","","","","","","","","","","","","","irns89.serverpars.com","irns90.serverpars.com","","","addPeriod","clientTransferProhibited","",""
"6","parsiblog.net","2020-05-12 21:50:59","2020-05-09","2020-05-09","2021-05-09","1647","Hosting Concepts B.V. dba Openprovider","whois.registrar.eu","http://www.openprovider.com","REDACTED FOR PRIVACY","Tak System","REDACTED FOR PRIVACY","REDACTED FOR PRIVACY","Tehran","REDACTED FOR PRIVACY","Iran","","REDACTED FOR PRIVACY","REDACTED FOR PRIVACY","REDACTED FOR PRIVACY","REDACTED FOR PRIVACY","REDACTED FOR PRIVACY","REDACTED FOR PRIVACY","REDACTED FOR PRIVACY","REDACTED FOR PRIVACY","REDACTED FOR PRIVACY","","REDACTED FOR PRIVACY","REDACTED FOR PRIVACY","REDACTED FOR PRIVACY","REDACTED FOR PRIVACY","REDACTED FOR PRIVACY","REDACTED FOR PRIVACY","REDACTED FOR PRIVACY","REDACTED FOR PRIVACY","REDACTED FOR PRIVACY","","REDACTED FOR PRIVACY","REDACTED FOR PRIVACY","","","","","","","","","","","ns1.takpchost.com","ns2.takpchost.com","","","clientTransferProhibited","ok","",""
"7","pasargadfar.net","2020-05-12 21:50:55","2020-05-09","2020-05-09","2021-05-09","113","CSL Computer Service Langenbach GmbH d/b/a joker.com","whois.joker.com","http://www.joker.com","","","","","tehran","","Iran","","","","","","","","","","","","","","","","","","","","","","","","","","","","","","","","","","pp1.7hostir.com","pp2.7hostir.com","","","clientTransferProhibited","","",""
"8","peakblogger.net","2020-05-12 21:50:52","2020-05-09","2020-05-09","2021-05-09","69","Tucows Domains Inc.","whois.tucows.com","http://domainhelp.opensrs.net","REDACTED FOR PRIVACY","REDACTED FOR PRIVACY","REDACTED FOR PRIVACY","REDACTED FOR PRIVACY","Tehran","REDACTED FOR PRIVACY","Iran","","REDACTED FOR PRIVACY","REDACTED FOR PRIVACY","REDACTED FOR PRIVACY","REDACTED FOR PRIVACY","REDACTED FOR PRIVACY","REDACTED FOR PRIVACY","REDACTED FOR PRIVACY","REDACTED FOR PRIVACY","REDACTED FOR PRIVACY","","REDACTED FOR PRIVACY","REDACTED FOR PRIVACY","REDACTED FOR PRIVACY","REDACTED FOR PRIVACY","REDACTED FOR PRIVACY","REDACTED FOR PRIVACY","REDACTED FOR PRIVACY","REDACTED FOR PRIVACY","REDACTED FOR PRIVACY","","REDACTED FOR PRIVACY","REDACTED FOR PRIVACY","","","","","","","","","","","lns1.maralhost.com","lns2.maralhost.com","wns1.maralhost.com","wns2.maralhost.com","clientTransferProhibited","clientUpdateProhibited","",""
"9","peyket.net","2020-05-12 21:50:51","2020-05-09","2020-05-09","2021-05-09","113","CSL Computer Service Langenbach GmbH d/b/a joker.com","whois.joker.com","http://www.joker.com","","","","","mazandaran","","Iran","","","","","","","","","","","","","","","","","","","","","","","","","","","","","","","","","","ns1.serverpars.com","ns2.serverpars.com","","","clientTransferProhibited","","",""
"10","policlinic.net","2020-05-12 21:50:43","2020-05-10","2020-05-10","2021-05-10","113","CSL Computer Service Langenbach GmbH d/b/a joker.com","whois.joker.com","http://www.joker.com","amirabbas shahir","","avenue sadr p 35","berlin","berlin","59624","Iran","amir_shahire@yahoo.com","+98.9141000079","","amirabbas shahir","","avenue sadr p 35","berlin","berlin","59624","Iran","amir_shahire@yahoo.com","+98.9141000079","","amirabbas shahir","","avenue sadr p 35","berlin","berlin","59624","Iran","amir_shahire@yahoo.com","+98.9141000079","","","","","","","","","","","","irns13.saba.host","irns14.saba.host","ns13.saba.host","ns14.saba.host","clientTransferProhibited","","",""
"11","qudsday.net","2020-05-12 21:50:29","2020-05-10","2020-05-12","2021-05-10","1647","Hosting Concepts B.V. dba Openprovider","whois.registrar.eu","http://www.openprovider.com","REDACTED FOR PRIVACY","","REDACTED FOR PRIVACY","REDACTED FOR PRIVACY","tehran","REDACTED FOR PRIVACY","Iran","","REDACTED FOR PRIVACY","REDACTED FOR PRIVACY","REDACTED FOR PRIVACY","REDACTED FOR PRIVACY","REDACTED FOR PRIVACY","REDACTED FOR PRIVACY","REDACTED FOR PRIVACY","REDACTED FOR PRIVACY","REDACTED FOR PRIVACY","","REDACTED FOR PRIVACY","REDACTED FOR PRIVACY","REDACTED FOR PRIVACY","REDACTED FOR PRIVACY","REDACTED FOR PRIVACY","REDACTED FOR PRIVACY","REDACTED FOR PRIVACY","REDACTED FOR PRIVACY","REDACTED FOR PRIVACY","","REDACTED FOR PRIVACY","REDACTED FOR PRIVACY","","","","","","","","","","","k.ns.arvancdn.com","r.ns.arvancdn.com","","","clientTransferProhibited","ok","",""