"num","domain_name","query_time","create_date","update_date","expiry_date","domain_registrar_id","domain_registrar_name","domain_registrar_whois","domain_registrar_url","registrant_name","registrant_company","registrant_address","registrant_city","registrant_state","registrant_zip","registrant_country","registrant_email","registrant_phone","registrant_fax","administrative_name","administrative_company","administrative_address","administrative_city","administrative_state","administrative_zip","administrative_country","administrative_email","administrative_phone","administrative_fax","technical_name","technical_company","technical_address","technical_city","technical_state","technical_zip","technical_country","technical_email","technical_phone","technical_fax","billing_name","billing_company","billing_address","billing_city","billing_state","billing_zip","billing_country","billing_email","billing_phone","billing_fax","name_server_1","name_server_2","name_server_3","name_server_4","domain_status_1","domain_status_2","domain_status_3","domain_status_4"
"1","acid.technology","2020-05-13 00:48:37","2020-05-11","2020-05-11","2021-05-11","81","Gandi SAS","whois.gandi.net","http://www.gandi.net","REDACTED FOR PRIVACY","ACID Technologies","REDACTED FOR PRIVACY","REDACTED FOR PRIVACY","","REDACTED FOR PRIVACY","Israel","","REDACTED FOR PRIVACY","REDACTED FOR PRIVACY","","","","","","","","","","","","","","","","","","","","","","","","","","","","","","","","","","","addPeriod","clientTransferProhibited","",""
"2","aio.technology","2020-05-13 00:48:37","2020-05-11","2020-05-11","2021-05-11","81","Gandi SAS","whois.gandi.net","http://www.gandi.net","REDACTED FOR PRIVACY","AIO","REDACTED FOR PRIVACY","REDACTED FOR PRIVACY","","REDACTED FOR PRIVACY","Israel","","REDACTED FOR PRIVACY","REDACTED FOR PRIVACY","","","","","","","","","","","","","","","","","","","","","","","","","","","","","","","","","","","addPeriod","clientTransferProhibited","",""
"3","chill-in.biz","2020-05-12 15:44:09","2020-05-10","2020-05-10","2021-05-10","2","Network Solutions, LLC","whois.networksolutions.com","http://networksolutions.com","","","","","","","Israel","","","","","","","","","","","","","","","","","","","","","","","","","","","","","","","","","","ns14.wixdns.net","ns15.wixdns.net","","","addPeriod","clientTransferProhibited","",""
"4","ellax.info","2020-05-12 04:35:41","2020-05-09","2020-05-09","2021-05-09","418","CommuniGal Communication Ltd.","whois.communigal.net","http://www.galcomm.com","","","","","","","Israel","","","","","","","","","","","","","","","","","","","","","","","","","","","","","","","","","","ns15.above.com","ns16.above.com","","","addPeriod","clientTransferProhibited","serverTransferProhibited",""
"5","error.guru","2020-05-12 20:47:32","2020-05-11","2020-05-11","2021-05-11","146","GoDaddy.com, LLC","whois.godaddy.com","http://registrar.godaddy.com","REDACTED FOR PRIVACY","","REDACTED FOR PRIVACY","REDACTED FOR PRIVACY","","REDACTED FOR PRIVACY","Israel","","REDACTED FOR PRIVACY","REDACTED FOR PRIVACY","","","","","","","","","","","","","","","","","","","","","","","","","","","","","","","","","","","addPeriod","clientDeleteProhibited","clientRenewProhibited","clientTransferProhibited"
"6","eshtryonline.net","2020-05-12 21:48:08","2020-05-10","2020-05-10","2021-05-10","303","PDR Ltd. d/b/a PublicDomainRegistry.com","whois.publicdomainregistry.com","http://www.publicdomainregistry.com","alaa sharawni","alaa sharawni","jerusalem","jerusalem","israel","99990","Israel","eshtrysite@gmail.com","+972.543399949","","alaa sharawni","alaa sharawni","jerusalem","jerusalem","israel","99990","Israel","eshtrysite@gmail.com","+972.543399949","","alaa sharawni","alaa sharawni","jerusalem","jerusalem","israel","99990","Israel","eshtrysite@gmail.com","+972.543399949","","","","","","","","","","","","ns1.dns-parking.com","ns2.dns-parking.com","","","clientTransferProhibited","","",""
"7","excel-guy.com","2020-05-08 19:39:26","2020-05-07","2020-05-07","2021-05-07","48","eNom, Inc.","whois.enom.com","http://www.enom.com","REDACTED FOR PRIVACY","REDACTED FOR PRIVACY","REDACTED FOR PRIVACY","REDACTED FOR PRIVACY","REDACTED FOR PRIVACY","REDACTED FOR PRIVACY","Israel","","REDACTED FOR PRIVACY","REDACTED FOR PRIVACY","REDACTED FOR PRIVACY","REDACTED FOR PRIVACY","REDACTED FOR PRIVACY","REDACTED FOR PRIVACY","REDACTED FOR PRIVACY","REDACTED FOR PRIVACY","REDACTED FOR PRIVACY","","REDACTED FOR PRIVACY","REDACTED FOR PRIVACY","REDACTED FOR PRIVACY","REDACTED FOR PRIVACY","REDACTED FOR PRIVACY","REDACTED FOR PRIVACY","REDACTED FOR PRIVACY","REDACTED FOR PRIVACY","REDACTED FOR PRIVACY","","REDACTED FOR PRIVACY","REDACTED FOR PRIVACY","","","","","","","","","","","ns91.jetserver.net","ns92.jetserver.net","","","addPeriod","clientTransferProhibited","",""
"8","fitdh.net","2020-05-12 21:47:48","2020-05-09","2020-05-09","2021-05-09","303","PDR Ltd. d/b/a PublicDomainRegistry.com","whois.publicdomainregistry.com","http://www.publicdomainregistry.com","moshe eylon","moshe eylon","hanoter 3","even yehuda","israel","4050803","Israel","meylon@gmail.com","+972.528850905","","moshe eylon","moshe eylon","hanoter 3","even yehuda","israel","4050803","Israel","meylon@gmail.com","+972.528850905","","moshe eylon","moshe eylon","hanoter 3","even yehuda","israel","4050803","Israel","meylon@gmail.com","+972.528850905","","","","","","","","","","","","ns1.dns-parking.com","ns2.dns-parking.com","","","clientTransferProhibited","","",""
"9","flextrace.net","2020-05-12 21:47:47","2020-05-10","2020-05-12","2021-05-10","886","Domain.com, LLC","whois.domain.com","http://www.domain.com","REDACTED FOR PRIVACY","REDACTED FOR PRIVACY","REDACTED FOR PRIVACY","REDACTED FOR PRIVACY","NA","REDACTED FOR PRIVACY","Israel","","REDACTED FOR PRIVACY","REDACTED FOR PRIVACY","REDACTED FOR PRIVACY","REDACTED FOR PRIVACY","REDACTED FOR PRIVACY","REDACTED FOR PRIVACY","REDACTED FOR PRIVACY","REDACTED FOR PRIVACY","REDACTED FOR PRIVACY","","REDACTED FOR PRIVACY","REDACTED FOR PRIVACY","REDACTED FOR PRIVACY","REDACTED FOR PRIVACY","REDACTED FOR PRIVACY","REDACTED FOR PRIVACY","REDACTED FOR PRIVACY","REDACTED FOR PRIVACY","REDACTED FOR PRIVACY","","REDACTED FOR PRIVACY","REDACTED FOR PRIVACY","","","","","","","","","","","ns1.domain.com","ns2.domain.com","","","","","",""
"10","g-future.net","2020-05-12 21:47:37","2020-05-10","2020-05-10","2021-05-10","303","PDR Ltd. d/b/a PublicDomainRegistry.com","whois.publicdomainregistry.com","http://www.publicdomainregistry.com","Ern ern","Ern ern","ham 3","Tel Aviv","Tel-Aviv","80700","Israel","ernanc@gmail.com","+972.544647000","","Ern ern","Ern ern","ham 3","Tel Aviv","Tel-Aviv","80700","Israel","ernanc@gmail.com","+972.544647000","","Ern ern","Ern ern","ham 3","Tel Aviv","Tel-Aviv","80700","Israel","ernanc@gmail.com","+972.544647000","","","","","","","","","","","","ns1.dns-parking.com","ns2.dns-parking.com","","","clientTransferProhibited","","",""
"11","gderot.net","2020-05-12 21:47:39","2020-05-10","2020-05-12","2021-05-10","48","eNom, Inc.","whois.enom.com","http://www.enom.com","REDACTED FOR PRIVACY","REDACTED FOR PRIVACY","REDACTED FOR PRIVACY","REDACTED FOR PRIVACY","REDACTED FOR PRIVACY","REDACTED FOR PRIVACY","Israel","","REDACTED FOR PRIVACY","REDACTED FOR PRIVACY","REDACTED FOR PRIVACY","REDACTED FOR PRIVACY","REDACTED FOR PRIVACY","REDACTED FOR PRIVACY","REDACTED FOR PRIVACY","REDACTED FOR PRIVACY","REDACTED FOR PRIVACY","","REDACTED FOR PRIVACY","REDACTED FOR PRIVACY","REDACTED FOR PRIVACY","REDACTED FOR PRIVACY","REDACTED FOR PRIVACY","REDACTED FOR PRIVACY","REDACTED FOR PRIVACY","REDACTED FOR PRIVACY","REDACTED FOR PRIVACY","","REDACTED FOR PRIVACY","REDACTED FOR PRIVACY","","","","","","","","","","","ns1.itbiz.co.il","ns2.itbiz.co.il","","","addPeriod","clientTransferProhibited","",""
"12","gmsi.ltd","2020-05-12 21:16:53","2020-05-10","2020-05-10","2021-05-10","146","GoDaddy.com, LLC","whois.godaddy.com","http://registrar.godaddy.com","REDACTED FOR PRIVACY","","REDACTED FOR PRIVACY","REDACTED FOR PRIVACY","jerusalem","REDACTED FOR PRIVACY","Israel","","REDACTED FOR PRIVACY","REDACTED FOR PRIVACY","","","","","","","","","","","","","","","","","","","","","","","","","","","","","","","","","","","addPeriod","clientDeleteProhibited","clientRenewProhibited","clientTransferProhibited"
"13","hivefitness.guru","2020-05-12 20:47:27","2020-05-11","2020-05-11","2021-05-11","146","GoDaddy.com, LLC","whois.godaddy.com","http://registrar.godaddy.com","REDACTED FOR PRIVACY","Cortex","REDACTED FOR PRIVACY","REDACTED FOR PRIVACY","","REDACTED FOR PRIVACY","Israel","","REDACTED FOR PRIVACY","REDACTED FOR PRIVACY","","","","","","","","","","","","","","","","","","","","","","","","","","","","","","","","","","","addPeriod","clientDeleteProhibited","clientRenewProhibited","clientTransferProhibited"
"14","hivetraining.guru","2020-05-12 20:47:26","2020-05-11","2020-05-11","2021-05-11","146","GoDaddy.com, LLC","whois.godaddy.com","http://registrar.godaddy.com","REDACTED FOR PRIVACY","Cortex","REDACTED FOR PRIVACY","REDACTED FOR PRIVACY","","REDACTED FOR PRIVACY","Israel","","REDACTED FOR PRIVACY","REDACTED FOR PRIVACY","","","","","","","","","","","","","","","","","","","","","","","","","","","","","","","","","","","addPeriod","clientDeleteProhibited","clientRenewProhibited","clientTransferProhibited"
"15","ilcorsaroviola.info","2020-05-12 06:25:37","2020-05-10","2020-05-10","2021-05-10","418","CommuniGal Communication Ltd.","whois.communigal.net","http://www.galcomm.com","","","","","","","Israel","","","","","","","","","","","","","","","","","","","","","","","","","","","","","","","","","","ns15.above.com","ns16.above.com","","","addPeriod","clientTransferProhibited","serverTransferProhibited",""
"16","jhseminars.info","2020-05-12 06:49:53","2020-05-03","2020-05-03","2021-05-03","146","GoDaddy.com, LLC","whois.godaddy.com","http://registrar.godaddy.com","Pulseem","Pulseem","","","Israel","","Israel","","","","","","","","","","","","","","","","","","","","","","","","","","","","","","","","","","ns23.domaincontrol.com","ns24.domaincontrol.com","","","clientDeleteProhibited","clientRenewProhibited","clientTransferProhibited","clientUpdateProhibited"
"17","lior-plumber.info","2020-05-12 20:59:19","2020-05-10","2020-05-10","2021-05-10","146","GoDaddy.com, LLC","whois.godaddy.com","http://registrar.godaddy.com","Intersky","Intersky","","","il","","Israel","","","","","","","","","","","","","","","","","","","","","","","","","","","","","","","","","","ns1.interhost.co.il","ns2.interhost.co.il","ns4.interhost.co.il","ns6.interhost.co.il","addPeriod","clientDeleteProhibited","clientRenewProhibited","clientTransferProhibited"
"18","lochamey-hamezikim.info","2020-05-12 20:59:20","2020-05-11","2020-05-11","2021-05-11","146","GoDaddy.com, LLC","whois.godaddy.com","http://registrar.godaddy.com","Linktech Group Israel LTD","Linktech Group Israel LTD","","","Israel","","Israel","","","","","","","","","","","","","","","","","","","","","","","","","","","","","","","","","","ns1.linktechsites.com","ns2.linktechsites.com","","","addPeriod","clientDeleteProhibited","clientRenewProhibited","clientTransferProhibited"
"19","mahopercetit.info","2020-05-12 20:59:17","2020-05-11","2020-05-11","2021-05-11","418","CommuniGal Communication Ltd.","whois.communigal.net","http://www.galcomm.com","","","","","","","Israel","","","","","","","","","","","","","","","","","","","","","","","","","","","","","","","","","","ns15.above.com","ns16.above.com","","","addPeriod","clientTransferProhibited","serverTransferProhibited",""
"20","mifgashim.info","2020-05-12 08:16:15","2020-05-04","2020-05-07","2022-05-04","303","PDR Ltd. d/b/a PublicDomainRegistry.com","whois.publicdomainregistry.com","http://www.publicdomainregistry.com","Amira Paz","Amira Paz","","","","","Israel","","","","","","","","","","","","","","","","","","","","","","","","","","","","","","","","","","jack.ns.cloudflare.com","joan.ns.cloudflare.com","","","clientTransferProhibited","serverTransferProhibited","",""
"21","mrstroy.info","2020-05-12 20:59:13","2020-05-08","2020-05-08","2021-05-08","418","CommuniGal Communication Ltd.","whois.communigal.net","http://www.galcomm.com","","","","","","","Israel","","","","","","","","","","","","","","","","","","","","","","","","","","","","","","","","","","ns15.above.com","ns16.above.com","","","addPeriod","clientTransferProhibited","serverTransferProhibited",""
"22","mycomicpost.info","2020-05-12 20:59:13","2020-05-11","2020-05-11","2021-05-11","418","CommuniGal Communication Ltd.","whois.communigal.net","http://www.galcomm.com","","","","","","","Israel","","","","","","","","","","","","","","","","","","","","","","","","","","","","","","","","","","ns15.above.com","ns16.above.com","","","addPeriod","clientTransferProhibited","serverTransferProhibited",""
"23","netfredirect.info","2020-05-12 20:59:12","2020-05-09","2020-05-09","2021-05-09","418","CommuniGal Communication Ltd.","whois.communigal.net","http://www.galcomm.com","","","","","","","Israel","","","","","","","","","","","","","","","","","","","","","","","","","","","","","","","","","","ns15.above.com","ns16.above.com","","","addPeriod","clientTransferProhibited","serverTransferProhibited",""
"24","online-shopping-portugal.info","2020-05-12 09:11:07","2020-05-08","2020-05-08","2021-05-08","146","GoDaddy.com, LLC","whois.godaddy.com","http://registrar.godaddy.com","montana cowboy","montana cowboy","","","ISRAEL","","Israel","","","","","","","","","","","","","","","","","","","","","","","","","","","","","","","","","","ns65.domaincontrol.com","ns66.domaincontrol.com","","","addPeriod","clientDeleteProhibited","clientRenewProhibited","clientTransferProhibited"
"25","opensubtitles.info","2020-05-12 21:06:08","2020-05-11","2020-05-11","2021-05-11","418","CommuniGal Communication Ltd.","whois.communigal.net","http://www.galcomm.com","","","","","","","Israel","","","","","","","","","","","","","","","","","","","","","","","","","","","","","","","","","","ns15.above.com","ns16.above.com","","","addPeriod","clientTransferProhibited","serverTransferProhibited",""
"26","party-models.info","2020-05-12 21:06:02","2020-05-11","2020-05-11","2021-05-11","418","CommuniGal Communication Ltd.","whois.communigal.net","http://www.galcomm.com","","","","","","","Israel","","","","","","","","","","","","","","","","","","","","","","","","","","","","","","","","","","ns15.above.com","ns16.above.com","","","addPeriod","clientTransferProhibited","serverTransferProhibited",""
"27","paworks.info","2020-05-12 09:27:11","2020-05-08","2020-05-08","2021-05-08","418","CommuniGal Communication Ltd.","whois.communigal.net","http://www.galcomm.com","","","","","","","Israel","","","","","","","","","","","","","","","","","","","","","","","","","","","","","","","","","","ns15.above.com","ns16.above.com","","","addPeriod","clientTransferProhibited","serverTransferProhibited",""
"28","phoenix-united.net","2020-05-12 21:50:52","2020-05-10","2020-05-10","2021-05-10","69","Tucows Domains Inc.","whois.tucows.com","http://domainhelp.opensrs.net","REDACTED FOR PRIVACY","REDACTED FOR PRIVACY","REDACTED FOR PRIVACY","REDACTED FOR PRIVACY","IS","REDACTED FOR PRIVACY","Israel","","REDACTED FOR PRIVACY","REDACTED FOR PRIVACY","REDACTED FOR PRIVACY","REDACTED FOR PRIVACY","REDACTED FOR PRIVACY","REDACTED FOR PRIVACY","REDACTED FOR PRIVACY","REDACTED FOR PRIVACY","REDACTED FOR PRIVACY","","REDACTED FOR PRIVACY","REDACTED FOR PRIVACY","REDACTED FOR PRIVACY","REDACTED FOR PRIVACY","REDACTED FOR PRIVACY","REDACTED FOR PRIVACY","REDACTED FOR PRIVACY","REDACTED FOR PRIVACY","REDACTED FOR PRIVACY","","REDACTED FOR PRIVACY","REDACTED FOR PRIVACY","","","","","","","","","","","ns1.site4now.net","ns2.site4now.net","ns3.site4now.net","","OK","","",""
"29","portugal-online.info","2020-05-12 21:05:36","2020-05-08","2020-05-08","2021-05-08","146","GoDaddy.com, LLC","whois.godaddy.com","http://registrar.godaddy.com","montana cowboy","montana cowboy","","","ISRAEL","","Israel","","","","","","","","","","","","","","","","","","","","","","","","","","","","","","","","","","ns03.domaincontrol.com","ns04.domaincontrol.com","","","addPeriod","clientDeleteProhibited","clientRenewProhibited","clientTransferProhibited"
"30","portugal-shopping-online.info","2020-05-12 21:05:36","2020-05-08","2020-05-08","2021-05-08","146","GoDaddy.com, LLC","whois.godaddy.com","http://registrar.godaddy.com","montana cowboy","montana cowboy","","","ISRAEL","","Israel","","","","","","","","","","","","","","","","","","","","","","","","","","","","","","","","","","ns03.domaincontrol.com","ns04.domaincontrol.com","","","addPeriod","clientDeleteProhibited","clientRenewProhibited","clientTransferProhibited"
"31","pricephony.info","2020-05-12 21:05:29","2020-05-08","2020-05-08","2021-05-08","418","CommuniGal Communication Ltd.","whois.communigal.net","http://www.galcomm.com","","","","","","","Israel","","","","","","","","","","","","","","","","","","","","","","","","","","","","","","","","","","ns15.above.com","ns16.above.com","","","addPeriod","clientTransferProhibited","serverTransferProhibited",""
"32","protegezvous.life","2020-05-12 21:08:01","2020-05-11","2020-05-11","2021-05-11","433","OVH sas","whois.ovh.com","http://www.ovh.com","REDACTED FOR PRIVACY","ID SOLUTIONS","REDACTED FOR PRIVACY","REDACTED FOR PRIVACY","","REDACTED FOR PRIVACY","Israel","","REDACTED FOR PRIVACY","REDACTED FOR PRIVACY","","","","","","","","","","","","","","","","","","","","","","","","","","","","","","","","","","","addPeriod","clientDeleteProhibited","clientTransferProhibited",""
"33","rentalscombined.net","2020-05-12 21:50:19","2020-05-10","2020-05-11","2021-05-10","1264","enom373, Incorporated","whois.enom373.com","http://www.enom373.com","Nadav B","","Rashi","Kefar Sava","OTHER","4437339","Israel","tbsolutions.info@gmail.com","+972.16502044915","","Nadav B","","Rashi","Kefar Sava","OTHER","4437339","Israel","tbsolutions.info@gmail.com","+972.16502044915","","Nadav B","","Rashi","Kefar Sava","OTHER","4437339","Israel","tbsolutions.info@gmail.com","+972.16502044915","","","","","","","","","","","","ns31.worldnic.com","ns32.worldnic.com","","","clientTransferProhibited","","",""
"34","reviumrecovery.net","2020-05-12 21:50:17","2020-05-10","2020-05-10","2021-05-10","146","GoDaddy.com, LLC","whois.godaddy.com","http://registrar.godaddy.com","ReviumRecovery","ReviumRecovery","","","Israle","","Israel","","","","","","","","","","","","","","","","","","","","","","","","","","","","","","","","","","ns39.domaincontrol.com","ns40.domaincontrol.com","","","clientDeleteProhibited","clientRenewProhibited","clientTransferProhibited","clientUpdateProhibited"
"35","sanfierro-rp.net","2020-05-12 21:50:07","2020-05-10","2020-05-10","2021-05-10","1647","Hosting Concepts B.V. dba Openprovider","whois.registrar.eu","http://www.openprovider.com","REDACTED FOR PRIVACY","","REDACTED FOR PRIVACY","REDACTED FOR PRIVACY","haifa","REDACTED FOR PRIVACY","Israel","","REDACTED FOR PRIVACY","REDACTED FOR PRIVACY","REDACTED FOR PRIVACY","REDACTED FOR PRIVACY","REDACTED FOR PRIVACY","REDACTED FOR PRIVACY","REDACTED FOR PRIVACY","REDACTED FOR PRIVACY","REDACTED FOR PRIVACY","","REDACTED FOR PRIVACY","REDACTED FOR PRIVACY","REDACTED FOR PRIVACY","REDACTED FOR PRIVACY","REDACTED FOR PRIVACY","REDACTED FOR PRIVACY","REDACTED FOR PRIVACY","REDACTED FOR PRIVACY","REDACTED FOR PRIVACY","","REDACTED FOR PRIVACY","REDACTED FOR PRIVACY","","","","","","","","","","","ns1.blazingfast.io","ns2.blazingfast.io","","","clientTransferProhibited","ok","",""
"36","saritmassage.info","2020-05-12 10:43:10","2020-05-10","2020-05-10","2021-05-10","146","GoDaddy.com, LLC","whois.godaddy.com","http://registrar.godaddy.com","Intersky","Intersky","","","il","","Israel","","","","","","","","","","","","","","","","","","","","","","","","","","","","","","","","","","ns1.interhost.co.il","ns2.interhost.co.il","ns4.interhost.co.il","ns6.interhost.co.il","addPeriod","clientDeleteProhibited","clientRenewProhibited","clientTransferProhibited"
"37","secretdiet.life","2020-05-12 21:07:58","2020-05-11","2020-05-11","2021-05-11","146","GoDaddy.com, LLC","whois.godaddy.com","http://registrar.godaddy.com","REDACTED FOR PRIVACY","","REDACTED FOR PRIVACY","REDACTED FOR PRIVACY","jerusalem","REDACTED FOR PRIVACY","Israel","","REDACTED FOR PRIVACY","REDACTED FOR PRIVACY","","","","","","","","","","","","","","","","","","","","","","","","","","","","","","","","","","","addPeriod","clientDeleteProhibited","clientRenewProhibited","clientTransferProhibited"
"38","sellerplace.net","2020-05-12 21:49:59","2020-05-10","2020-05-10","2021-05-10","625","Name.com, Inc.","whois.name.com","http://www.name.com","Avi Katz","","Jerusalem","Jerusalem","Israel","000000","Israel","info510200@gmail.com","+972.542165740","","Avi Katz","","Jerusalem","Jerusalem","Israel","000000","Israel","info510200@gmail.com","+972.542165740","","Avi Katz","","Jerusalem","Jerusalem","Israel","000000","Israel","info510200@gmail.com","+972.542165740","","","","","","","","","","","","ns1lmy.name.com","ns2fwz.name.com","ns3fqs.name.com","ns4dls.name.com","addPeriod","clientTransferProhibited","",""
"39","speelbewustindehoreca.info","2020-05-12 11:22:24","2020-05-10","2020-05-10","2021-05-10","418","CommuniGal Communication Ltd.","whois.communigal.net","http://www.galcomm.com","","","","","","","Israel","","","","","","","","","","","","","","","","","","","","","","","","","","","","","","","","","","ns15.above.com","ns16.above.com","","","addPeriod","clientTransferProhibited","serverTransferProhibited",""
"40","toy-dog.info","2020-05-12 21:02:49","2020-05-11","2020-05-11","2021-05-11","418","CommuniGal Communication Ltd.","whois.communigal.net","http://www.galcomm.com","","","","","","","Israel","","","","","","","","","","","","","","","","","","","","","","","","","","","","","","","","","","ns15.above.com","ns16.above.com","","","addPeriod","clientTransferProhibited","serverTransferProhibited",""
"41","webtique.info","2020-05-12 21:02:18","2020-05-11","2020-05-11","2021-05-11","418","CommuniGal Communication Ltd.","whois.communigal.net","http://www.galcomm.com","","","","","","","Israel","","","","","","","","","","","","","","","","","","","","","","","","","","","","","","","","","","ns15.above.com","ns16.above.com","","","addPeriod","clientTransferProhibited","serverTransferProhibited",""
"42","y8c.info","2020-05-12 21:02:18","2020-05-10","2020-05-10","2021-05-10","418","CommuniGal Communication Ltd.","whois.communigal.net","http://www.galcomm.com","","","","","","","Israel","","","","","","","","","","","","","","","","","","","","","","","","","","","","","","","","","","ns15.above.com","ns16.above.com","","","addPeriod","clientTransferProhibited","serverTransferProhibited",""
"43","ytdl.info","2020-05-12 13:34:07","2020-05-08","2020-05-08","2021-05-08","418","CommuniGal Communication Ltd.","whois.communigal.net","http://www.galcomm.com","","","","","","","Israel","","","","","","","","","","","","","","","","","","","","","","","","","","","","","","","","","","ns15.above.com","ns16.above.com","","","addPeriod","clientTransferProhibited","serverTransferProhibited",""
"44","zooming.life","2020-05-12 21:07:48","2020-05-09","2020-05-09","2021-05-09","146","GoDaddy.com, LLC","whois.godaddy.com","http://registrar.godaddy.com","REDACTED FOR PRIVACY","Kobi Sadeh Ltd","REDACTED FOR PRIVACY","REDACTED FOR PRIVACY","ISRAEL","REDACTED FOR PRIVACY","Israel","","REDACTED FOR PRIVACY","REDACTED FOR PRIVACY","","","","","","","","","","","","","","","","","","","","","","","","","","","","","","","","","","","addPeriod","clientDeleteProhibited","clientRenewProhibited","clientTransferProhibited"