"num","domain_name","query_time","create_date","update_date","expiry_date","domain_registrar_id","domain_registrar_name","domain_registrar_whois","domain_registrar_url","registrant_name","registrant_company","registrant_address","registrant_city","registrant_state","registrant_zip","registrant_country","registrant_email","registrant_phone","registrant_fax","administrative_name","administrative_company","administrative_address","administrative_city","administrative_state","administrative_zip","administrative_country","administrative_email","administrative_phone","administrative_fax","technical_name","technical_company","technical_address","technical_city","technical_state","technical_zip","technical_country","technical_email","technical_phone","technical_fax","billing_name","billing_company","billing_address","billing_city","billing_state","billing_zip","billing_country","billing_email","billing_phone","billing_fax","name_server_1","name_server_2","name_server_3","name_server_4","domain_status_1","domain_status_2","domain_status_3","domain_status_4"
"1","fresh-wireless.net","2020-05-12 21:47:41","2020-05-08","2020-05-08","2021-05-08","460","Web Commerce Communications Limited dba WebNic.cc","whois.webnic.cc","http://www.webnic.cc","Domain Admin","Whoisprotection.cc","L4-E-2, Level 4, Enterprise 4, Technology Park Malaysia, Bukit Jalil","Kuala Lumpur","Wilayah Persekutuan","57000","Malaysia","reg_18148976@whoisprotection.cc","+60.389966788","+60.389966788","Domain Admin","Whoisprotection.cc","L4-E-2, Level 4, Enterprise 4, Technology Park Malaysia, Bukit Jalil","Kuala Lumpur","Wilayah Persekutuan","57000","Malaysia","adm_18148976@whoisprotection.cc","+60.389966788","+60.389966788","Domain Admin","Whoisprotection.cc","L4-E-2, Level 4, Enterprise 4, Technology Park Malaysia, Bukit Jalil","Kuala Lumpur","Wilayah Persekutuan","57000","Malaysia","tec_18148976@whoisprotection.cc","+60.389966788","+60.389966788","","","","","","","","","","","ns1.domainesia.net","ns2.domainesia.net","","","OK","","",""
"2","googleslidestemplate.net","2020-05-12 21:47:27","2020-05-09","2020-05-09","2021-05-09","460","Web Commerce Communications Limited dba WebNic.cc","whois.webnic.cc","http://www.webnic.cc","Domain Admin","Whoisprotection.cc","L4-E-2, Level 4, Enterprise 4, Technology Park Malaysia, Bukit Jalil","Kuala Lumpur","Wilayah Persekutuan","57000","Malaysia","reg_18149021@whoisprotection.cc","+60.389966788","+60.389966788","Domain Admin","Whoisprotection.cc","L4-E-2, Level 4, Enterprise 4, Technology Park Malaysia, Bukit Jalil","Kuala Lumpur","Wilayah Persekutuan","57000","Malaysia","adm_18149021@whoisprotection.cc","+60.389966788","+60.389966788","Domain Admin","Whoisprotection.cc","L4-E-2, Level 4, Enterprise 4, Technology Park Malaysia, Bukit Jalil","Kuala Lumpur","Wilayah Persekutuan","57000","Malaysia","tec_18149021@whoisprotection.cc","+60.389966788","+60.389966788","","","","","","","","","","","dns1.masterweb.com","dns2.masterweb.com","dns3.masterweb.net","dns4.masterwebnet.com","clientDeleteProhibited","clientTransferProhibited","clientUpdateProhibited",""
"3","goorganik.life","2020-05-12 21:08:18","2020-05-09","2020-05-12","2021-05-09","460","Web Commerce Communications Limited dba WebNic.cc","whois.webnic.cc","http://www.webnic.cc","REDACTED FOR PRIVACY","Whoisprotection.cc","REDACTED FOR PRIVACY","REDACTED FOR PRIVACY","Wilayah Persekutuan","REDACTED FOR PRIVACY","Malaysia","","REDACTED FOR PRIVACY","REDACTED FOR PRIVACY","","","","","","","","","","","","","","","","","","","","","","","","","","","","","","","","","","","addPeriod","","",""
"4","mamuhku.info","2020-05-12 20:59:16","2020-05-11","2020-05-12","2021-05-11","460","Web Commerce Communications Limited dba WebNic.cc","whois.webnic.cc","http://www.webnic.cc","Whoisprotection.cc","Whoisprotection.cc","","","Wilayah Persekutuan","","Malaysia","","","","","","","","","","","","","","","","","","","","","","","","","","","","","","","","","","ns1.domainesia.net","ns2.domainesia.net","","","addPeriod","clientDeleteProhibited","clientTransferProhibited","clientUpdateProhibited"
"5","myplay.info","2020-05-12 20:59:12","2020-05-11","2020-05-12","2021-05-11","1601","Atak Domain Hosting Internet d/b/a Atak Teknoloji","whois.verisign-grs.com","http://www.atakteknoloji.com","","","","","Kelantan Darul Naim","","Malaysia","","","","","","","","","","","","","","","","","","","","","","","","","","","","","","","","","","ns1.sedoparking.com","ns2.sedoparking.com","","","addPeriod","clientTransferProhibited","serverTransferProhibited",""
"6","pe111.net","2020-05-12 21:50:53","2020-05-10","2020-05-10","2021-05-10","460","Web Commerce Communications Limited dba WebNic.cc","whois.webnic.cc","http://www.webnic.cc","Domain Admin","Whoisprotection.cc","L4-E-2, Level 4, Enterprise 4, Technology Park Malaysia, Bukit Jalil","Kuala Lumpur","Wilayah Persekutuan","57000","Malaysia","reg_18149822@whoisprotection.cc","+60.389966788","+60.389966788","Domain Admin","Whoisprotection.cc","L4-E-2, Level 4, Enterprise 4, Technology Park Malaysia, Bukit Jalil","Kuala Lumpur","Wilayah Persekutuan","57000","Malaysia","adm_18149822@whoisprotection.cc","+60.389966788","+60.389966788","Domain Admin","Whoisprotection.cc","L4-E-2, Level 4, Enterprise 4, Technology Park Malaysia, Bukit Jalil","Kuala Lumpur","Wilayah Persekutuan","57000","Malaysia","tec_18149822@whoisprotection.cc","+60.389966788","+60.389966788","","","","","","","","","","","ns1.usacdn.net","ns2.usacdn.net","","","OK","","",""
"7","pingxin111.net","2020-05-12 21:50:48","2020-05-10","2020-05-10","2021-05-10","460","Web Commerce Communications Limited dba WebNic.cc","whois.webnic.cc","http://www.webnic.cc","Domain Admin","Whoisprotection.cc","L4-E-2, Level 4, Enterprise 4, Technology Park Malaysia, Bukit Jalil","Kuala Lumpur","Wilayah Persekutuan","57000","Malaysia","reg_18149747@whoisprotection.cc","+60.389966788","+60.389966788","Domain Admin","Whoisprotection.cc","L4-E-2, Level 4, Enterprise 4, Technology Park Malaysia, Bukit Jalil","Kuala Lumpur","Wilayah Persekutuan","57000","Malaysia","adm_18149747@whoisprotection.cc","+60.389966788","+60.389966788","Domain Admin","Whoisprotection.cc","L4-E-2, Level 4, Enterprise 4, Technology Park Malaysia, Bukit Jalil","Kuala Lumpur","Wilayah Persekutuan","57000","Malaysia","tec_18149747@whoisprotection.cc","+60.389966788","+60.389966788","","","","","","","","","","","ns1.usacdn.net","ns2.usacdn.net","","","OK","","",""
"8","pinxin111.net","2020-05-12 21:50:46","2020-05-10","2020-05-10","2021-05-10","460","Web Commerce Communications Limited dba WebNic.cc","whois.webnic.cc","http://www.webnic.cc","Domain Admin","Whoisprotection.cc","L4-E-2, Level 4, Enterprise 4, Technology Park Malaysia, Bukit Jalil","Kuala Lumpur","Wilayah Persekutuan","57000","Malaysia","reg_18149750@whoisprotection.cc","+60.389966788","+60.389966788","Domain Admin","Whoisprotection.cc","L4-E-2, Level 4, Enterprise 4, Technology Park Malaysia, Bukit Jalil","Kuala Lumpur","Wilayah Persekutuan","57000","Malaysia","adm_18149750@whoisprotection.cc","+60.389966788","+60.389966788","Domain Admin","Whoisprotection.cc","L4-E-2, Level 4, Enterprise 4, Technology Park Malaysia, Bukit Jalil","Kuala Lumpur","Wilayah Persekutuan","57000","Malaysia","tec_18149750@whoisprotection.cc","+60.389966788","+60.389966788","","","","","","","","","","","ns1.usacdn.net","ns2.usacdn.net","","","OK","","",""
"9","playunlov.net","2020-05-12 21:50:45","2020-05-09","2020-05-09","2021-05-09","460","Web Commerce Communications Limited dba WebNic.cc","whois.webnic.cc","http://www.webnic.cc","Domain Admin","Whoisprotection.cc","L4-E-2, Level 4, Enterprise 4, Technology Park Malaysia, Bukit Jalil","Kuala Lumpur","Wilayah Persekutuan","57000","Malaysia","reg_18149030@whoisprotection.cc","+60.389966788","+60.389966788","Domain Admin","Whoisprotection.cc","L4-E-2, Level 4, Enterprise 4, Technology Park Malaysia, Bukit Jalil","Kuala Lumpur","Wilayah Persekutuan","57000","Malaysia","adm_18149030@whoisprotection.cc","+60.389966788","+60.389966788","Domain Admin","Whoisprotection.cc","L4-E-2, Level 4, Enterprise 4, Technology Park Malaysia, Bukit Jalil","Kuala Lumpur","Wilayah Persekutuan","57000","Malaysia","tec_18149030@whoisprotection.cc","+60.389966788","+60.389966788","","","","","","","","","","","brett.ns.cloudflare.com","kay.ns.cloudflare.com","","","clientDeleteProhibited","clientTransferProhibited","clientUpdateProhibited",""
"10","pmt.taipei","2020-05-12 21:16:24","2020-05-09","2020-05-09","2021-05-09","460","Web Commerce Communications Limited dba WebNic.cc","whois.webnic.cc","http://www.webnic.cc","Whoisprotection.cc","Whoisprotection.cc","","","Wilayah Persekutuan","","Malaysia","","","","","","","","","","","","","","","","","","","","","","","","","","","","","","","","","","ns1.ezydomain.com","ns2.ezydomain.com","","","addPeriod","clientDeleteProhibited","clientTransferProhibited","clientUpdateProhibited"
"11","pn111.net","2020-05-12 21:50:44","2020-05-10","2020-05-10","2021-05-10","460","Web Commerce Communications Limited dba WebNic.cc","whois.webnic.cc","http://www.webnic.cc","Domain Admin","Whoisprotection.cc","L4-E-2, Level 4, Enterprise 4, Technology Park Malaysia, Bukit Jalil","Kuala Lumpur","Wilayah Persekutuan","57000","Malaysia","reg_18149742@whoisprotection.cc","+60.389966788","+60.389966788","Domain Admin","Whoisprotection.cc","L4-E-2, Level 4, Enterprise 4, Technology Park Malaysia, Bukit Jalil","Kuala Lumpur","Wilayah Persekutuan","57000","Malaysia","adm_18149742@whoisprotection.cc","+60.389966788","+60.389966788","Domain Admin","Whoisprotection.cc","L4-E-2, Level 4, Enterprise 4, Technology Park Malaysia, Bukit Jalil","Kuala Lumpur","Wilayah Persekutuan","57000","Malaysia","tec_18149742@whoisprotection.cc","+60.389966788","+60.389966788","","","","","","","","","","","ns1.usacdn.net","ns2.usacdn.net","","","OK","","",""
"12","powerpointanimation.net","2020-05-12 21:50:42","2020-05-09","2020-05-09","2021-05-09","460","Web Commerce Communications Limited dba WebNic.cc","whois.webnic.cc","http://www.webnic.cc","Domain Admin","Whoisprotection.cc","L4-E-2, Level 4, Enterprise 4, Technology Park Malaysia, Bukit Jalil","Kuala Lumpur","Wilayah Persekutuan","57000","Malaysia","reg_18149020@whoisprotection.cc","+60.389966788","+60.389966788","Domain Admin","Whoisprotection.cc","L4-E-2, Level 4, Enterprise 4, Technology Park Malaysia, Bukit Jalil","Kuala Lumpur","Wilayah Persekutuan","57000","Malaysia","adm_18149020@whoisprotection.cc","+60.389966788","+60.389966788","Domain Admin","Whoisprotection.cc","L4-E-2, Level 4, Enterprise 4, Technology Park Malaysia, Bukit Jalil","Kuala Lumpur","Wilayah Persekutuan","57000","Malaysia","tec_18149020@whoisprotection.cc","+60.389966788","+60.389966788","","","","","","","","","","","dns1.masterweb.com","dns2.masterweb.com","dns3.masterweb.net","dns4.masterwebnet.com","clientDeleteProhibited","clientTransferProhibited","clientUpdateProhibited",""
"13","pp111.net","2020-05-12 21:50:48","2020-05-10","2020-05-10","2021-05-10","460","Web Commerce Communications Limited dba WebNic.cc","whois.webnic.cc","http://www.webnic.cc","Domain Admin","Whoisprotection.cc","L4-E-2, Level 4, Enterprise 4, Technology Park Malaysia, Bukit Jalil","Kuala Lumpur","Wilayah Persekutuan","57000","Malaysia","reg_18149769@whoisprotection.cc","+60.389966788","+60.389966788","Domain Admin","Whoisprotection.cc","L4-E-2, Level 4, Enterprise 4, Technology Park Malaysia, Bukit Jalil","Kuala Lumpur","Wilayah Persekutuan","57000","Malaysia","adm_18149769@whoisprotection.cc","+60.389966788","+60.389966788","Domain Admin","Whoisprotection.cc","L4-E-2, Level 4, Enterprise 4, Technology Park Malaysia, Bukit Jalil","Kuala Lumpur","Wilayah Persekutuan","57000","Malaysia","tec_18149769@whoisprotection.cc","+60.389966788","+60.389966788","","","","","","","","","","","ns1.usacdn.net","ns2.usacdn.net","","","OK","","",""
"14","ps111.net","2020-05-12 21:50:35","2020-05-10","2020-05-10","2021-05-10","460","Web Commerce Communications Limited dba WebNic.cc","whois.webnic.cc","http://www.webnic.cc","Domain Admin","Whoisprotection.cc","L4-E-2, Level 4, Enterprise 4, Technology Park Malaysia, Bukit Jalil","Kuala Lumpur","Wilayah Persekutuan","57000","Malaysia","reg_18149718@whoisprotection.cc","+60.389966788","+60.389966788","Domain Admin","Whoisprotection.cc","L4-E-2, Level 4, Enterprise 4, Technology Park Malaysia, Bukit Jalil","Kuala Lumpur","Wilayah Persekutuan","57000","Malaysia","adm_18149718@whoisprotection.cc","+60.389966788","+60.389966788","Domain Admin","Whoisprotection.cc","L4-E-2, Level 4, Enterprise 4, Technology Park Malaysia, Bukit Jalil","Kuala Lumpur","Wilayah Persekutuan","57000","Malaysia","tec_18149718@whoisprotection.cc","+60.389966788","+60.389966788","","","","","","","","","","","ns1.usacdn.net","ns2.usacdn.net","","","OK","","",""
"15","psaa.life","2020-05-12 21:08:01","2020-05-11","2020-05-11","2021-05-11","146","GoDaddy.com, LLC","whois.godaddy.com","http://registrar.godaddy.com","REDACTED FOR PRIVACY","Positive2U sdn bhd","REDACTED FOR PRIVACY","REDACTED FOR PRIVACY","Pulau Pinang","REDACTED FOR PRIVACY","Malaysia","","REDACTED FOR PRIVACY","REDACTED FOR PRIVACY","","","","","","","","","","","","","","","","","","","","","","","","","","","","","","","","","","","addPeriod","clientDeleteProhibited","clientRenewProhibited","clientTransferProhibited"
"16","pt111.net","2020-05-12 21:50:33","2020-05-10","2020-05-10","2021-05-10","460","Web Commerce Communications Limited dba WebNic.cc","whois.webnic.cc","http://www.webnic.cc","Domain Admin","Whoisprotection.cc","L4-E-2, Level 4, Enterprise 4, Technology Park Malaysia, Bukit Jalil","Kuala Lumpur","Wilayah Persekutuan","57000","Malaysia","reg_18149743@whoisprotection.cc","+60.389966788","+60.389966788","Domain Admin","Whoisprotection.cc","L4-E-2, Level 4, Enterprise 4, Technology Park Malaysia, Bukit Jalil","Kuala Lumpur","Wilayah Persekutuan","57000","Malaysia","adm_18149743@whoisprotection.cc","+60.389966788","+60.389966788","Domain Admin","Whoisprotection.cc","L4-E-2, Level 4, Enterprise 4, Technology Park Malaysia, Bukit Jalil","Kuala Lumpur","Wilayah Persekutuan","57000","Malaysia","tec_18149743@whoisprotection.cc","+60.389966788","+60.389966788","","","","","","","","","","","ns1.usacdn.net","ns2.usacdn.net","","","OK","","",""
"17","px112.net","2020-05-12 21:50:32","2020-05-10","2020-05-10","2021-05-10","460","Web Commerce Communications Limited dba WebNic.cc","whois.webnic.cc","http://www.webnic.cc","Domain Admin","Whoisprotection.cc","L4-E-2, Level 4, Enterprise 4, Technology Park Malaysia, Bukit Jalil","Kuala Lumpur","Wilayah Persekutuan","57000","Malaysia","reg_18149777@whoisprotection.cc","+60.389966788","+60.389966788","Domain Admin","Whoisprotection.cc","L4-E-2, Level 4, Enterprise 4, Technology Park Malaysia, Bukit Jalil","Kuala Lumpur","Wilayah Persekutuan","57000","Malaysia","adm_18149777@whoisprotection.cc","+60.389966788","+60.389966788","Domain Admin","Whoisprotection.cc","L4-E-2, Level 4, Enterprise 4, Technology Park Malaysia, Bukit Jalil","Kuala Lumpur","Wilayah Persekutuan","57000","Malaysia","tec_18149777@whoisprotection.cc","+60.389966788","+60.389966788","","","","","","","","","","","ns1.usacdn.net","ns2.usacdn.net","","","OK","","",""
"18","px189.net","2020-05-12 21:50:32","2020-05-10","2020-05-10","2021-05-10","460","Web Commerce Communications Limited dba WebNic.cc","whois.webnic.cc","http://www.webnic.cc","Domain Admin","Whoisprotection.cc","L4-E-2, Level 4, Enterprise 4, Technology Park Malaysia, Bukit Jalil","Kuala Lumpur","Wilayah Persekutuan","57000","Malaysia","reg_18149825@whoisprotection.cc","+60.389966788","+60.389966788","Domain Admin","Whoisprotection.cc","L4-E-2, Level 4, Enterprise 4, Technology Park Malaysia, Bukit Jalil","Kuala Lumpur","Wilayah Persekutuan","57000","Malaysia","adm_18149825@whoisprotection.cc","+60.389966788","+60.389966788","Domain Admin","Whoisprotection.cc","L4-E-2, Level 4, Enterprise 4, Technology Park Malaysia, Bukit Jalil","Kuala Lumpur","Wilayah Persekutuan","57000","Malaysia","tec_18149825@whoisprotection.cc","+60.389966788","+60.389966788","","","","","","","","","","","ns1.usacdn.net","ns2.usacdn.net","","","OK","","",""
"19","px777.net","2020-05-12 21:50:32","2020-05-10","2020-05-10","2021-05-10","460","Web Commerce Communications Limited dba WebNic.cc","whois.webnic.cc","http://www.webnic.cc","Domain Admin","Whoisprotection.cc","L4-E-2, Level 4, Enterprise 4, Technology Park Malaysia, Bukit Jalil","Kuala Lumpur","Wilayah Persekutuan","57000","Malaysia","reg_18149793@whoisprotection.cc","+60.389966788","+60.389966788","Domain Admin","Whoisprotection.cc","L4-E-2, Level 4, Enterprise 4, Technology Park Malaysia, Bukit Jalil","Kuala Lumpur","Wilayah Persekutuan","57000","Malaysia","adm_18149793@whoisprotection.cc","+60.389966788","+60.389966788","Domain Admin","Whoisprotection.cc","L4-E-2, Level 4, Enterprise 4, Technology Park Malaysia, Bukit Jalil","Kuala Lumpur","Wilayah Persekutuan","57000","Malaysia","tec_18149793@whoisprotection.cc","+60.389966788","+60.389966788","","","","","","","","","","","ns1.usacdn.net","ns2.usacdn.net","","","OK","","",""
"20","pxzx11.net","2020-05-12 21:50:33","2020-05-11","2020-05-11","2021-05-11","460","Web Commerce Communications Limited dba WebNic.cc","whois.webnic.cc","http://www.webnic.cc","Domain Admin","Whoisprotection.cc","L4-E-2, Level 4, Enterprise 4, Technology Park Malaysia, Bukit Jalil","Kuala Lumpur","Wilayah Persekutuan","57000","Malaysia","reg_18149907@whoisprotection.cc","+60.389966788","+60.389966788","Domain Admin","Whoisprotection.cc","L4-E-2, Level 4, Enterprise 4, Technology Park Malaysia, Bukit Jalil","Kuala Lumpur","Wilayah Persekutuan","57000","Malaysia","adm_18149907@whoisprotection.cc","+60.389966788","+60.389966788","Domain Admin","Whoisprotection.cc","L4-E-2, Level 4, Enterprise 4, Technology Park Malaysia, Bukit Jalil","Kuala Lumpur","Wilayah Persekutuan","57000","Malaysia","tec_18149907@whoisprotection.cc","+60.389966788","+60.389966788","","","","","","","","","","","ns1.usacdn.net","ns2.usacdn.net","","","OK","","",""
"21","pxzx111.net","2020-05-12 21:50:32","2020-05-10","2020-05-10","2021-05-10","460","Web Commerce Communications Limited dba WebNic.cc","whois.webnic.cc","http://www.webnic.cc","Domain Admin","Whoisprotection.cc","L4-E-2, Level 4, Enterprise 4, Technology Park Malaysia, Bukit Jalil","Kuala Lumpur","Wilayah Persekutuan","57000","Malaysia","reg_18149748@whoisprotection.cc","+60.389966788","+60.389966788","Domain Admin","Whoisprotection.cc","L4-E-2, Level 4, Enterprise 4, Technology Park Malaysia, Bukit Jalil","Kuala Lumpur","Wilayah Persekutuan","57000","Malaysia","adm_18149748@whoisprotection.cc","+60.389966788","+60.389966788","Domain Admin","Whoisprotection.cc","L4-E-2, Level 4, Enterprise 4, Technology Park Malaysia, Bukit Jalil","Kuala Lumpur","Wilayah Persekutuan","57000","Malaysia","tec_18149748@whoisprotection.cc","+60.389966788","+60.389966788","","","","","","","","","","","ns1.usacdn.net","ns2.usacdn.net","","","OK","","",""
"22","py111.net","2020-05-12 21:50:33","2020-05-10","2020-05-10","2021-05-10","460","Web Commerce Communications Limited dba WebNic.cc","whois.webnic.cc","http://www.webnic.cc","Domain Admin","Whoisprotection.cc","L4-E-2, Level 4, Enterprise 4, Technology Park Malaysia, Bukit Jalil","Kuala Lumpur","Wilayah Persekutuan","57000","Malaysia","reg_18149720@whoisprotection.cc","+60.389966788","+60.389966788","Domain Admin","Whoisprotection.cc","L4-E-2, Level 4, Enterprise 4, Technology Park Malaysia, Bukit Jalil","Kuala Lumpur","Wilayah Persekutuan","57000","Malaysia","adm_18149720@whoisprotection.cc","+60.389966788","+60.389966788","Domain Admin","Whoisprotection.cc","L4-E-2, Level 4, Enterprise 4, Technology Park Malaysia, Bukit Jalil","Kuala Lumpur","Wilayah Persekutuan","57000","Malaysia","tec_18149720@whoisprotection.cc","+60.389966788","+60.389966788","","","","","","","","","","","ns1.usacdn.net","ns2.usacdn.net","","","OK","","",""
"23","qqnano.net","2020-05-12 21:50:30","2020-05-10","2020-05-10","2021-05-10","146","GoDaddy.com, LLC","whois.godaddy.com","http://registrar.godaddy.com","","","","","WP","","Malaysia","","","","","","","","","","","","","","","","","","","","","","","","","","","","","","","","","","alice.ns.cloudflare.com","jim.ns.cloudflare.com","","","clientDeleteProhibited","clientRenewProhibited","clientTransferProhibited","clientUpdateProhibited"
"24","qx11.net","2020-05-12 21:50:32","2020-05-10","2020-05-10","2021-05-10","460","Web Commerce Communications Limited dba WebNic.cc","whois.webnic.cc","http://www.webnic.cc","Domain Admin","Whoisprotection.cc","L4-E-2, Level 4, Enterprise 4, Technology Park Malaysia, Bukit Jalil","Kuala Lumpur","Wilayah Persekutuan","57000","Malaysia","reg_18149760@whoisprotection.cc","+60.389966788","+60.389966788","Domain Admin","Whoisprotection.cc","L4-E-2, Level 4, Enterprise 4, Technology Park Malaysia, Bukit Jalil","Kuala Lumpur","Wilayah Persekutuan","57000","Malaysia","adm_18149760@whoisprotection.cc","+60.389966788","+60.389966788","Domain Admin","Whoisprotection.cc","L4-E-2, Level 4, Enterprise 4, Technology Park Malaysia, Bukit Jalil","Kuala Lumpur","Wilayah Persekutuan","57000","Malaysia","tec_18149760@whoisprotection.cc","+60.389966788","+60.389966788","","","","","","","","","","","ns1.usacdn.net","ns2.usacdn.net","","","OK","","",""
"25","ratulebah.net","2020-05-12 21:50:26","2020-05-10","2020-05-10","2021-05-10","460","Web Commerce Communications Limited dba WebNic.cc","whois.webnic.cc","http://www.webnic.cc","Domain Admin","Whoisprotection.cc","L4-E-2, Level 4, Enterprise 4, Technology Park Malaysia, Bukit Jalil","Kuala Lumpur","Wilayah Persekutuan","57000","Malaysia","reg_18149462@whoisprotection.cc","+60.389966788","+60.389966788","Domain Admin","Whoisprotection.cc","L4-E-2, Level 4, Enterprise 4, Technology Park Malaysia, Bukit Jalil","Kuala Lumpur","Wilayah Persekutuan","57000","Malaysia","adm_18149462@whoisprotection.cc","+60.389966788","+60.389966788","Domain Admin","Whoisprotection.cc","L4-E-2, Level 4, Enterprise 4, Technology Park Malaysia, Bukit Jalil","Kuala Lumpur","Wilayah Persekutuan","57000","Malaysia","tec_18149462@whoisprotection.cc","+60.389966788","+60.389966788","","","","","","","","","","","ns1.hoster.co.id","ns2.hoster.co.id","","","clientDeleteProhibited","clientTransferProhibited","clientUpdateProhibited",""
"26","refinancerumah.net","2020-05-12 21:50:22","2020-05-09","2020-05-09","2021-05-09","146","GoDaddy.com, LLC","whois.godaddy.com","http://registrar.godaddy.com","","","","","Selangor","","Malaysia","","","","","","","","","","","","","","","","","","","","","","","","","","","","","","","","","","ns63.domaincontrol.com","ns64.domaincontrol.com","","","clientDeleteProhibited","clientRenewProhibited","clientTransferProhibited","clientUpdateProhibited"
"27","ryan-topgift.net","2020-05-12 21:50:11","2020-05-11","2020-05-11","2021-05-11","460","Web Commerce Communications Limited dba WebNic.cc","whois.webnic.cc","http://www.webnic.cc","Domain Admin","Whoisprotection.cc","L4-E-2, Level 4, Enterprise 4, Technology Park Malaysia, Bukit Jalil","Kuala Lumpur","Wilayah Persekutuan","57000","Malaysia","reg_18149985@whoisprotection.cc","+60.389966788","+60.389966788","Domain Admin","Whoisprotection.cc","L4-E-2, Level 4, Enterprise 4, Technology Park Malaysia, Bukit Jalil","Kuala Lumpur","Wilayah Persekutuan","57000","Malaysia","adm_18149985@whoisprotection.cc","+60.389966788","+60.389966788","Domain Admin","Whoisprotection.cc","L4-E-2, Level 4, Enterprise 4, Technology Park Malaysia, Bukit Jalil","Kuala Lumpur","Wilayah Persekutuan","57000","Malaysia","tec_18149985@whoisprotection.cc","+60.389966788","+60.389966788","","","","","","","","","","","ns1.domainesia.net","ns2.domainesia.net","","","OK","","",""
"28","sankorea.net","2020-05-12 21:50:11","2020-05-09","2020-05-09","2021-05-09","69","Tucows Domains Inc.","whois.tucows.com","http://domainhelp.opensrs.net","REDACTED FOR PRIVACY","REDACTED FOR PRIVACY","REDACTED FOR PRIVACY","REDACTED FOR PRIVACY","Kelantan","REDACTED FOR PRIVACY","Malaysia","","REDACTED FOR PRIVACY","REDACTED FOR PRIVACY","REDACTED FOR PRIVACY","REDACTED FOR PRIVACY","REDACTED FOR PRIVACY","REDACTED FOR PRIVACY","REDACTED FOR PRIVACY","REDACTED FOR PRIVACY","REDACTED FOR PRIVACY","","REDACTED FOR PRIVACY","REDACTED FOR PRIVACY","REDACTED FOR PRIVACY","REDACTED FOR PRIVACY","REDACTED FOR PRIVACY","REDACTED FOR PRIVACY","REDACTED FOR PRIVACY","REDACTED FOR PRIVACY","REDACTED FOR PRIVACY","","REDACTED FOR PRIVACY","REDACTED FOR PRIVACY","","","","","","","","","","","ns-cloud-e1.googledomains.com","ns-cloud-e2.googledomains.com","ns-cloud-e3.googledomains.com","ns-cloud-e4.googledomains.com","","","",""
"29","sea-isac.net","2020-05-12 21:50:02","2020-05-10","2020-05-10","2023-05-10","146","GoDaddy.com, LLC","whois.godaddy.com","http://registrar.godaddy.com","MyCrypto","MyCrypto","","","Selangor","","Malaysia","","","","","","","","","","","","","","","","","","","","","","","","","","","","","","","","","","ns13.domaincontrol.com","ns14.domaincontrol.com","","","clientDeleteProhibited","clientRenewProhibited","clientTransferProhibited","clientUpdateProhibited"
"30","sifoolan.net","2020-05-12 21:49:49","2020-05-10","2020-05-10","2021-05-10","303","PDR Ltd. d/b/a PublicDomainRegistry.com","whois.publicdomainregistry.com","http://www.publicdomainregistry.com","Mohd Azlan Johan  (sifoolan)","Hyperlan Computer","No. 122, Lorong Menteri 6 Taman Menteri","Selama","Perak","34100","Malaysia","sifoolan@gmail.com","+60.0164120098","","Mohd Azlan Johan  (sifoolan)","Hyperlan Computer","No. 122, Lorong Menteri 6 Taman Menteri","Selama","Perak","34100","Malaysia","sifoolan@gmail.com","+60.0164120098","","Mohd Azlan Johan  (sifoolan)","Hyperlan Computer","No. 122, Lorong Menteri 6 Taman Menteri","Selama","Perak","34100","Malaysia","sifoolan@gmail.com","+60.0164120098","","","","","","","","","","","","ns10.internet-webhosting.com","ns11.internet-webhosting.com","ns12.internet-webhosting.com","ns13.internet-webhosting.com","clientTransferProhibited","","",""
"31","twigpedia.info","2020-05-12 21:02:41","2020-05-10","2020-05-10","2021-05-10","146","GoDaddy.com, LLC","whois.godaddy.com","http://registrar.godaddy.com","","","","","Pulau Pinang","","Malaysia","","","","","","","","","","","","","","","","","","","","","","","","","","","","","","","","","","ns63.domaincontrol.com","ns64.domaincontrol.com","","","addPeriod","clientDeleteProhibited","clientRenewProhibited","clientTransferProhibited"