"num","domain_name","query_time","create_date","update_date","expiry_date","domain_registrar_id","domain_registrar_name","domain_registrar_whois","domain_registrar_url","registrant_name","registrant_company","registrant_address","registrant_city","registrant_state","registrant_zip","registrant_country","registrant_email","registrant_phone","registrant_fax","administrative_name","administrative_company","administrative_address","administrative_city","administrative_state","administrative_zip","administrative_country","administrative_email","administrative_phone","administrative_fax","technical_name","technical_company","technical_address","technical_city","technical_state","technical_zip","technical_country","technical_email","technical_phone","technical_fax","billing_name","billing_company","billing_address","billing_city","billing_state","billing_zip","billing_country","billing_email","billing_phone","billing_fax","name_server_1","name_server_2","name_server_3","name_server_4","domain_status_1","domain_status_2","domain_status_3","domain_status_4"
"1","casax.biz","2020-05-12 15:37:07","2020-05-10","2020-05-10","2021-05-10","146","GoDaddy.com, LLC","whois.godaddy.com","http://registrar.godaddy.com","","","","","Grand Casablanca","","Morocco","","","","","","","","","","","","","","","","","","","","","","","","","","","","","","","","","","ns23.domaincontrol.com","ns24.domaincontrol.com","","","addPeriod","clientDeleteProhibited","clientRenewProhibited","clientTransferProhibited"
"2","dkjdhsds.ovh","2020-05-12 22:17:33","2020-05-11","2020-05-11","2021-05-11","433","OVH sas","whois.ovh.com","http://www.ovh.com","REDACTED FOR PRIVACY","zakidotweb","REDACTED FOR PRIVACY","REDACTED FOR PRIVACY","","REDACTED FOR PRIVACY","Morocco","","REDACTED FOR PRIVACY","REDACTED FOR PRIVACY","REDACTED FOR PRIVACY","REDACTED FOR PRIVACY","REDACTED FOR PRIVACY","REDACTED FOR PRIVACY","REDACTED FOR PRIVACY","REDACTED FOR PRIVACY","REDACTED FOR PRIVACY","","REDACTED FOR PRIVACY","REDACTED FOR PRIVACY","REDACTED FOR PRIVACY","REDACTED FOR PRIVACY","REDACTED FOR PRIVACY","REDACTED FOR PRIVACY","REDACTED FOR PRIVACY","REDACTED FOR PRIVACY","REDACTED FOR PRIVACY","","REDACTED FOR PRIVACY","REDACTED FOR PRIVACY","","","","","","","","","","","dns109.ovh.net","ns109.ovh.net","","","addPeriod","clientDeleteProhibited","clientTransferProhibited",""
"3","elaoud.net","2020-05-12 21:48:10","2020-05-09","2020-05-10","2023-05-09","303","PDR Ltd. d/b/a PublicDomainRegistry.com","whois.publicdomainregistry.com","http://www.publicdomainregistry.com","rachid ELAOUD","rachid ELAOUD","84 Rue Ibn Mounir","Casablanca","Casablanca","20330","Morocco","rachid_elaoud@yahoo.fr","+212.661214066","","rachid ELAOUD","rachid ELAOUD","84 Rue Ibn Mounir","Casablanca","Casablanca","20330","Morocco","rachid_elaoud@yahoo.fr","+212.661214066","","rachid ELAOUD","rachid ELAOUD","84 Rue Ibn Mounir","Casablanca","Casablanca","20330","Morocco","rachid_elaoud@yahoo.fr","+212.661214066","","","","","","","","","","","","ns1.dns-parking.com","ns2.dns-parking.com","","","clientTransferProhibited","","",""
"4","fanbladi.net","2020-05-12 21:47:58","2020-05-09","2020-05-09","2021-05-09","303","PDR Ltd. d/b/a PublicDomainRegistry.com","whois.publicdomainregistry.com","http://www.publicdomainregistry.com","la societe A.D.P","A.D.P","RESIDENCE ZHAR 5 N:24 ZENATA","Mohammedia","CAS","20860","Morocco","fanbladi5@gmail.com","+212.0681639830","","la societe A.D.P","A.D.P","RESIDENCE ZHAR 5 N:24 ZENATA","Mohammedia","CAS","20860","Morocco","fanbladi5@gmail.com","+212.0681639830","","la societe A.D.P","A.D.P","RESIDENCE ZHAR 5 N:24 ZENATA","Mohammedia","CAS","20860","Morocco","fanbladi5@gmail.com","+212.0681639830","","","","","","","","","","","","loginbox.earth.orderbox-dns.com","loginbox.mars.orderbox-dns.com","loginbox.mercury.orderbox-dns.com","loginbox.venus.orderbox-dns.com","clientTransferProhibited","","",""
"5","fesiptv.net","2020-05-12 21:47:53","2020-05-09","2020-05-10","2021-05-09","1630","Ligne Web Services SARL","whois.nic.fr","http://www.ait.com","","","","","","","Morocco","2a111d2f75fbdf17e96e2b0cf880d62a@whois-anonymous.com","","","","","","","","","Morocco","2a111d2f75fbdf17e96e2b0cf880d62a@whois-anonymous.com","","","","","","","","","Morocco","2a111d2f75fbdf17e96e2b0cf880d62a@whois-anonymous.com","","","","","","","","","Morocco","2a111d2f75fbdf17e96e2b0cf880d62a@whois-anonymous.com","","","","","","","More","informations","on",""
"6","financial-coaching.net","2020-05-12 21:47:54","2020-05-10","2020-05-10","2021-05-10","48","eNom, Inc.","whois.enom.com","http://www.enom.com","REDACTED FOR PRIVACY","REDACTED FOR PRIVACY","REDACTED FOR PRIVACY","REDACTED FOR PRIVACY","MERS SULTANT","REDACTED FOR PRIVACY","Morocco","","REDACTED FOR PRIVACY","REDACTED FOR PRIVACY","REDACTED FOR PRIVACY","REDACTED FOR PRIVACY","REDACTED FOR PRIVACY","REDACTED FOR PRIVACY","REDACTED FOR PRIVACY","REDACTED FOR PRIVACY","REDACTED FOR PRIVACY","","REDACTED FOR PRIVACY","REDACTED FOR PRIVACY","REDACTED FOR PRIVACY","REDACTED FOR PRIVACY","REDACTED FOR PRIVACY","REDACTED FOR PRIVACY","REDACTED FOR PRIVACY","REDACTED FOR PRIVACY","REDACTED FOR PRIVACY","","REDACTED FOR PRIVACY","REDACTED FOR PRIVACY","","","","","","","","","","","ns1.heberfacile.net","ns2.heberfacile.net","","","addPeriod","clientTransferProhibited","",""
"7","foolf.pro","2020-05-12 22:47:39","2020-05-11","2020-05-11","2021-05-11","146","GoDaddy.com, LLC","whois.godaddy.com","http://registrar.godaddy.com","","","","","Doukhala","","Morocco","","","","","","","","","","","","","","","","","","","","","","","","","","","","","","","","","","ns07.domaincontrol.com","ns08.domaincontrol.com","","","addPeriod","clientDeleteProhibited","clientRenewProhibited","clientTransferProhibited"
"8","gamediscount.net","2020-05-12 21:47:38","2020-05-10","2020-05-11","2021-05-10","48","eNom, Inc.","whois.enom.com","http://www.enom.com","REDACTED FOR PRIVACY","REDACTED FOR PRIVACY","REDACTED FOR PRIVACY","REDACTED FOR PRIVACY","fes","REDACTED FOR PRIVACY","Morocco","","REDACTED FOR PRIVACY","REDACTED FOR PRIVACY","REDACTED FOR PRIVACY","REDACTED FOR PRIVACY","REDACTED FOR PRIVACY","REDACTED FOR PRIVACY","REDACTED FOR PRIVACY","REDACTED FOR PRIVACY","REDACTED FOR PRIVACY","","REDACTED FOR PRIVACY","REDACTED FOR PRIVACY","REDACTED FOR PRIVACY","REDACTED FOR PRIVACY","REDACTED FOR PRIVACY","REDACTED FOR PRIVACY","REDACTED FOR PRIVACY","REDACTED FOR PRIVACY","REDACTED FOR PRIVACY","","REDACTED FOR PRIVACY","REDACTED FOR PRIVACY","","","","","","","","","","","ns25.softsyshosting.com","ns26.softsyshosting.com","","","addPeriod","clientTransferProhibited","",""
"9","healthylifenutrition.info","2020-05-12 06:02:47","2020-05-07","2020-05-08","2021-05-07","146","GoDaddy.com, LLC","whois.godaddy.com","http://registrar.godaddy.com","","","","","Rabat-Sale-Zemmour-Zaer","","Morocco","","","","","","","","","","","","","","","","","","","","","","","","","","","","","","","","","","dns1.namecheaphosting.com","dns2.namecheaphosting.com","","","addPeriod","clientDeleteProhibited","clientRenewProhibited","clientTransferProhibited"
"10","imicrosofts.life","2020-05-12 21:08:13","2020-05-09","2020-05-09","2021-05-09","146","GoDaddy.com, LLC","whois.godaddy.com","http://registrar.godaddy.com","REDACTED FOR PRIVACY","","REDACTED FOR PRIVACY","REDACTED FOR PRIVACY","Delaware","REDACTED FOR PRIVACY","Morocco","","REDACTED FOR PRIVACY","REDACTED FOR PRIVACY","","","","","","","","","","","","","","","","","","","","","","","","","","","","","","","","","","","addPeriod","clientDeleteProhibited","clientRenewProhibited","clientTransferProhibited"
"11","lnvbvjgouytrsxyd.info","2020-05-12 20:59:18","2020-05-11","2020-05-11","2021-05-11","146","GoDaddy.com, LLC","whois.godaddy.com","http://registrar.godaddy.com","RRR","RRR","","","Tanger-Tetouan","","Morocco","","","","","","","","","","","","","","","","","","","","","","","","","","","","","","","","","","ns27.domaincontrol.com","ns28.domaincontrol.com","","","addPeriod","clientDeleteProhibited","clientRenewProhibited","clientTransferProhibited"
"12","opyprmlvbnhft.info","2020-05-12 21:06:07","2020-05-08","2020-05-08","2021-05-08","146","GoDaddy.com, LLC","whois.godaddy.com","http://registrar.godaddy.com","RRR","RRR","","","Tanger-Tetouan","","Morocco","","","","","","","","","","","","","","","","","","","","","","","","","","","","","","","","","","ns03.domaincontrol.com","ns04.domaincontrol.com","","","addPeriod","clientDeleteProhibited","clientRenewProhibited","clientTransferProhibited"
"13","pheztskcbnfhrygu.info","2020-05-12 09:34:05","2020-05-09","2020-05-09","2021-05-09","146","GoDaddy.com, LLC","whois.godaddy.com","http://registrar.godaddy.com","RRR","RRR","","","Tanger-Tetouan","","Morocco","","","","","","","","","","","","","","","","","","","","","","","","","","","","","","","","","","ns59.domaincontrol.com","ns60.domaincontrol.com","","","addPeriod","clientDeleteProhibited","clientRenewProhibited","clientTransferProhibited"
"14","pornasia.net","2020-05-12 21:50:43","2020-05-08","2020-05-08","2021-05-08","146","GoDaddy.com, LLC","whois.godaddy.com","http://registrar.godaddy.com","","","","","Agadir","","Morocco","","","","","","","","","","","","","","","","","","","","","","","","","","","","","","","","","","ns15.domaincontrol.com","ns16.domaincontrol.com","","","clientDeleteProhibited","clientRenewProhibited","clientTransferProhibited","clientUpdateProhibited"
"15","pythoniste.net","2020-05-12 21:50:32","2020-05-09","2020-05-09","2021-05-09","1630","Ligne Web Services SARL","whois.nic.fr","http://www.ait.com","","","","","","","Morocco","d876c906255955dfc6d04d92cb3daa03@whois-anonymous.com","","","","","","","","","Morocco","d876c906255955dfc6d04d92cb3daa03@whois-anonymous.com","","","","","","","","","Morocco","d876c906255955dfc6d04d92cb3daa03@whois-anonymous.com","","","","","","","","","Morocco","d876c906255955dfc6d04d92cb3daa03@whois-anonymous.com","","","","","","","More","informations","on",""
"16","read-demonslayer.net","2020-05-12 21:50:25","2020-05-10","2020-05-10","2021-05-10","76","Nominalia Internet S.L.","whois.nominalia.com","http://www.nominalia.com","REDACTED FOR PRIVACY","REDACTED FOR PRIVACY","REDACTED FOR PRIVACY","REDACTED FOR PRIVACY","Centre","REDACTED FOR PRIVACY","Morocco","","REDACTED.FORPRIVACY","REDACTED.FORPRIVACY","REDACTED FOR PRIVACY","REDACTED FOR PRIVACY","REDACTED FOR PRIVACY","REDACTED FOR PRIVACY","Centre","REDACTED FOR PRIVACY","Morocco","","REDACTED.FORPRIVACY","REDACTED.FORPRIVACY","REDACTED FOR PRIVACY","REDACTED FOR PRIVACY","REDACTED FOR PRIVACY","REDACTED FOR PRIVACY","Barcelona","REDACTED FOR PRIVACY","Spain","","REDACTED.FORPRIVACY","REDACTED.FORPRIVACY","","","","","","","","","","","dns1.nominalia.com","dns2.nominalia.com","","","OK","","",""
"17","yhjghkjkuikyokifds.info","2020-05-12 21:02:11","2020-05-11","2020-05-11","2021-05-11","146","GoDaddy.com, LLC","whois.godaddy.com","http://registrar.godaddy.com","RRR","RRR","","","Tanger-Tetouan","","Morocco","","","","","","","","","","","","","","","","","","","","","","","","","","","","","","","","","","ns13.domaincontrol.com","ns14.domaincontrol.com","","","addPeriod","clientDeleteProhibited","clientRenewProhibited","clientTransferProhibited"
"18","zxwmplknfigrtty.info","2020-05-12 13:47:17","2020-05-09","2020-05-09","2021-05-09","146","GoDaddy.com, LLC","whois.godaddy.com","http://registrar.godaddy.com","RRR","RRR","","","Tanger-Tetouan","","Morocco","","","","","","","","","","","","","","","","","","","","","","","","","","","","","","","","","","ns63.domaincontrol.com","ns64.domaincontrol.com","","","addPeriod","clientDeleteProhibited","clientRenewProhibited","clientTransferProhibited"