"num","domain_name","query_time","create_date","update_date","expiry_date","domain_registrar_id","domain_registrar_name","domain_registrar_whois","domain_registrar_url","registrant_name","registrant_company","registrant_address","registrant_city","registrant_state","registrant_zip","registrant_country","registrant_email","registrant_phone","registrant_fax","administrative_name","administrative_company","administrative_address","administrative_city","administrative_state","administrative_zip","administrative_country","administrative_email","administrative_phone","administrative_fax","technical_name","technical_company","technical_address","technical_city","technical_state","technical_zip","technical_country","technical_email","technical_phone","technical_fax","billing_name","billing_company","billing_address","billing_city","billing_state","billing_zip","billing_country","billing_email","billing_phone","billing_fax","name_server_1","name_server_2","name_server_3","name_server_4","domain_status_1","domain_status_2","domain_status_3","domain_status_4"
"1","drivetogether.info","2020-05-12 04:17:01","2020-05-04","","2021-05-04","106","Ascio Technologies, Inc. Danmark - Filial af Ascio technologies, Inc. USA","whois.ascio.com","http://www.ascio.com","Aivis Bozevnieks","Aivis Bozevnieks","","","","","Norway","","","","","","","","","","","","","","","","","","","","","","","","","","","","","","","","","","ns.datacenter.no","ns2.datacenter.no","","","serverTransferProhibited","","",""
"2","feiging.net","2020-05-12 21:47:53","2020-05-10","2020-05-10","2021-05-10","1001","Domeneshop AS dba  domainnameshop.com","whois.domainnameshop.com","http://www.domainnameshop.com","","","","","","","Norway","ndpptoadp7m8@privacy-protection.email","","","","","","","","","","74sncejkgcqn@privacy-protection.email","","","","","","","","","","hostmaster@domeneshop.no","","","","","","","","","","","","","ns1.hyp.net","ns2.hyp.net","ns3.hyp.net","","clientTransferProhibited","","",""
"3","homefree.life","2020-05-12 21:08:15","2020-05-09","2020-05-09","2021-05-09","1001","Domeneshop AS dba  domainnameshop.com","whois.domainnameshop.com","http://www.domainnameshop.com","REDACTED FOR PRIVACY","","REDACTED FOR PRIVACY","REDACTED FOR PRIVACY","","REDACTED FOR PRIVACY","Norway","","REDACTED FOR PRIVACY","REDACTED FOR PRIVACY","","","","","","","","","","","","","","","","","","","","","","","","","","","","","","","","","","","addPeriod","clientTransferProhibited","",""
"4","hugo.guru","2020-05-12 20:47:27","2020-05-10","2020-05-10","2021-05-10","1001","Domeneshop AS dba  domainnameshop.com","whois.domainnameshop.com","http://www.domainnameshop.com","REDACTED FOR PRIVACY","KLAKEGG CONSULTING AS","REDACTED FOR PRIVACY","REDACTED FOR PRIVACY","","REDACTED FOR PRIVACY","Norway","","REDACTED FOR PRIVACY","REDACTED FOR PRIVACY","","","","","","","","","","","","","","","","","","","","","","","","","","","","","","","","","","","addPeriod","clientTransferProhibited","",""
"5","pwno.info","2020-05-12 21:05:10","2020-05-10","2020-05-10","2021-05-10","1387","1API GmbH","whois.1api.net","http://www.1api.net","DOMENE AS","DOMENE AS","","","VESTFOLD","","Norway","","","","","","","","","","","","","","","","","","","","","","","","","","","","","","","","","","ns1.dnsdomene.net","ns2.dnsdomene.net","ns3.dnsdomene.net","","addPeriod","clientTransferProhibited","serverTransferProhibited",""
"6","visitsirdal.info","2020-05-12 21:02:22","2020-05-08","2020-05-08","2021-05-08","151","PSI-USA, Inc. dba Domain Robot","whois.psi-usa.info","http://www.psi-usa.info","","","","","NO","","Norway","","","","","","","","","","","","","","","","","","","","","","","","","","","","","","","","","","ns1.jimdo.com","ns2.jimdo.com","","","addPeriod","clientTransferProhibited","serverTransferProhibited",""