"num","domain_name","query_time","create_date","update_date","expiry_date","domain_registrar_id","domain_registrar_name","domain_registrar_whois","domain_registrar_url","registrant_name","registrant_company","registrant_address","registrant_city","registrant_state","registrant_zip","registrant_country","registrant_email","registrant_phone","registrant_fax","administrative_name","administrative_company","administrative_address","administrative_city","administrative_state","administrative_zip","administrative_country","administrative_email","administrative_phone","administrative_fax","technical_name","technical_company","technical_address","technical_city","technical_state","technical_zip","technical_country","technical_email","technical_phone","technical_fax","billing_name","billing_company","billing_address","billing_city","billing_state","billing_zip","billing_country","billing_email","billing_phone","billing_fax","name_server_1","name_server_2","name_server_3","name_server_4","domain_status_1","domain_status_2","domain_status_3","domain_status_4"
"1","executivesdiary.net","2020-05-12 21:47:59","2020-05-09","2020-05-09","2021-05-09","146","GoDaddy.com, LLC","whois.godaddy.com","http://registrar.godaddy.com","Nausal Technologies","Nausal Technologies","","","Islamabad","","Pakistan","","","","","","","","","","","","","","","","","","","","","","","","","","","","","","","","","","ns15.domaincontrol.com","ns16.domaincontrol.com","","","clientDeleteProhibited","clientRenewProhibited","clientTransferProhibited","clientUpdateProhibited"
"2","freelancerwebs.net","2020-05-12 21:47:47","2020-05-10","2020-05-10","2021-05-10","146","GoDaddy.com, LLC","whois.godaddy.com","http://registrar.godaddy.com","","","","","punjab","","Pakistan","","","","","","","","","","","","","","","","","","","","","","","","","","","","","","","","","","ns13.domaincontrol.com","ns14.domaincontrol.com","","","clientDeleteProhibited","clientRenewProhibited","clientTransferProhibited","clientUpdateProhibited"
"3","holistichealthcare.life","2020-05-12 21:08:15","2020-05-11","2020-05-11","2021-05-11","146","GoDaddy.com, LLC","whois.godaddy.com","http://registrar.godaddy.com","REDACTED FOR PRIVACY","Holistic Health Care","REDACTED FOR PRIVACY","REDACTED FOR PRIVACY","Lahore","REDACTED FOR PRIVACY","Pakistan","","REDACTED FOR PRIVACY","REDACTED FOR PRIVACY","","","","","","","","","","","","","","","","","","","","","","","","","","","","","","","","","","","addPeriod","clientDeleteProhibited","clientRenewProhibited","clientTransferProhibited"
"4","jkarcade.biz","2020-05-12 16:52:16","2020-05-10","2020-05-10","2021-05-10","303","PDR Ltd. d/b/a PublicDomainRegistry.com","whois.publicdomainregistry.com","http://www.publicdomainregistry.com","Nextech Web Solution's","Nextech Web Solution's","","","KPK","","Pakistan","","","","","","","","","","","","","","","","","","","","","","","","","","","","","","","","","","n1.hosterpk.com","n2.hosterpk.com","","","addPeriod","clientTransferProhibited","",""
"5","learntolive.info","2020-05-12 20:59:21","2020-05-10","2020-05-12","2021-05-10","146","GoDaddy.com, LLC","whois.godaddy.com","http://registrar.godaddy.com","","","","","Gujranwala","","Pakistan","","","","","","","","","","","","","","","","","","","","","","","","","","","","","","","","","","ns1.ipower.com","ns2.ipower.com","","","addPeriod","serverTransferProhibited","",""
"6","lemontreeconsulting.biz","2020-05-12 17:06:01","2020-05-09","2020-05-09","2021-05-09","1479","Namesilo, LLC","whois.namesilo.com","http://www.namesilo.com","","","","","Capital","","Pakistan","","","","","","","","","","","","","","","","","","","","","","","","","","","","","","","","","","ns7.thebeehost.com","ns8.thebeehost.com","","","addPeriod","clientTransferProhibited","",""
"7","levity.biz","2020-05-12 17:04:50","2020-05-10","2020-05-10","2021-05-10","146","GoDaddy.com, LLC","whois.godaddy.com","http://registrar.godaddy.com","","","","","Toba Take Singh","","Pakistan","","","","","","","","","","","","","","","","","","","","","","","","","","","","","","","","","","ns75.domaincontrol.com","ns76.domaincontrol.com","","","addPeriod","clientDeleteProhibited","clientRenewProhibited","clientTransferProhibited"
"8","link-it.biz","2020-05-12 17:10:10","2020-05-08","2020-05-08","2021-05-08","146","GoDaddy.com, LLC","whois.godaddy.com","http://registrar.godaddy.com","","","","","Korangi","","Pakistan","","","","","","","","","","","","","","","","","","","","","","","","","","","","","","","","","","ns03.domaincontrol.com","ns04.domaincontrol.com","","","addPeriod","clientDeleteProhibited","clientRenewProhibited","clientTransferProhibited"
"9","markyourbigday.info","2020-05-12 20:59:16","2020-05-11","2020-05-11","2021-05-11","146","GoDaddy.com, LLC","whois.godaddy.com","http://registrar.godaddy.com","PAF","PAF","","","Sindh","","Pakistan","","","","","","","","","","","","","","","","","","","","","","","","","","","","","","","","","","ns27.domaincontrol.com","ns28.domaincontrol.com","","","addPeriod","clientDeleteProhibited","clientRenewProhibited","clientTransferProhibited"
"10","maxmediaiptv.info","2020-05-12 20:59:20","2020-05-08","2020-05-08","2021-05-08","146","GoDaddy.com, LLC","whois.godaddy.com","http://registrar.godaddy.com","","","","","Sindh","","Pakistan","","","","","","","","","","","","","","","","","","","","","","","","","","","","","","","","","","ns51.domaincontrol.com","ns52.domaincontrol.com","","","addPeriod","clientDeleteProhibited","clientRenewProhibited","clientTransferProhibited"
"11","orbitgamers.ovh","2020-05-12 22:17:11","2020-05-11","2020-05-11","2021-05-11","433","OVH sas","whois.ovh.com","http://www.ovh.com","REDACTED FOR PRIVACY","","REDACTED FOR PRIVACY","REDACTED FOR PRIVACY","","REDACTED FOR PRIVACY","Pakistan","","REDACTED FOR PRIVACY","REDACTED FOR PRIVACY","REDACTED FOR PRIVACY","REDACTED FOR PRIVACY","REDACTED FOR PRIVACY","REDACTED FOR PRIVACY","REDACTED FOR PRIVACY","REDACTED FOR PRIVACY","REDACTED FOR PRIVACY","","REDACTED FOR PRIVACY","REDACTED FOR PRIVACY","REDACTED FOR PRIVACY","REDACTED FOR PRIVACY","REDACTED FOR PRIVACY","REDACTED FOR PRIVACY","REDACTED FOR PRIVACY","REDACTED FOR PRIVACY","REDACTED FOR PRIVACY","","REDACTED FOR PRIVACY","REDACTED FOR PRIVACY","","","","","","","","","","","dns111.ovh.net","ns111.ovh.net","","","addPeriod","clientDeleteProhibited","clientTransferProhibited",""
"12","rabrentacar.net","2020-05-12 21:50:29","2020-05-09","2020-05-09","2021-05-09","303","PDR Ltd. d/b/a PublicDomainRegistry.com","whois.publicdomainregistry.com","http://www.publicdomainregistry.com","Muhammad Danish","Onyks Solutions","D31 Block 7","Karachi","Sindh","75950","Pakistan","onykssolutions@gmail.com","+92.3330388313","","Domain Manager","HosterPK Pvt Ltd","LG # 2-3, Plaza # 117, Civic Center, Bahria Town Phase 4","Islamabad","ict","44000","Pakistan","domains@hosterpk.com","+92.80055355","","Domain Manager","HosterPK Pvt Ltd","LG # 2-3, Plaza # 117, Civic Center, Bahria Town Phase 4","Islamabad","ict","44000","Pakistan","domains@hosterpk.com","+92.80055355","","","","","","","","","","","","n1.hosterpk.com","n2.hosterpk.com","","","clientTransferProhibited","","",""
"13","sellsmart.biz","2020-05-12 18:12:23","2020-05-08","2020-05-08","2021-05-08","146","GoDaddy.com, LLC","whois.godaddy.com","http://registrar.godaddy.com","","","","","Sindh","","Pakistan","","","","","","","","","","","","","","","","","","","","","","","","","","","","","","","","","","ns1.eforte.net","ns2.eforte.net","","","addPeriod","clientDeleteProhibited","clientRenewProhibited","clientTransferProhibited"
"14","semanticscholar.net","2020-05-12 21:49:59","2020-05-09","2020-05-09","2021-05-09","146","GoDaddy.com, LLC","whois.godaddy.com","http://registrar.godaddy.com","","","","","Faisalabad","","Pakistan","","","","","","","","","","","","","","","","","","","","","","","","","","","","","","","","","","ns63.domaincontrol.com","ns64.domaincontrol.com","","","clientDeleteProhibited","clientRenewProhibited","clientTransferProhibited","clientUpdateProhibited"
"15","takmeelwebtv.info","2020-05-12 21:03:19","2020-05-11","2020-05-11","2021-05-11","146","GoDaddy.com, LLC","whois.godaddy.com","http://registrar.godaddy.com","Takmeel Lahore","Takmeel Lahore","","","Lahore","","Pakistan","","","","","","","","","","","","","","","","","","","","","","","","","","","","","","","","","","ns23.domaincontrol.com","ns24.domaincontrol.com","","","addPeriod","clientDeleteProhibited","clientRenewProhibited","clientTransferProhibited"
"16","tarnol.biz","2020-05-12 18:32:04","2020-05-11","2020-05-12","2021-05-11","303","PDR Ltd. d/b/a PublicDomainRegistry.com","whois.publicdomainregistry.com","http://www.publicdomainregistry.com","Captain Management & Development Center (CMDC)","Captain Management & Development Center (CMDC)","","","ICT","","Pakistan","","","","","","","","","","","","","","","","","","","","","","","","","","","","","","","","","","ns10.bluehostweb.com","ns9.bluehostweb.com","","","addPeriod","clientTransferProhibited","",""
"17","thingstodoinphoenix.info","2020-05-12 21:03:03","2020-05-11","2020-05-11","2021-05-11","1068","NameCheap, Inc.","whois.namecheap.com","http://www.namecheap.com","Hamza","Hamza","","","Punjab","","Pakistan","","","","","","","","","","","","","","","","","","","","","","","","","","","","","","","","","","ns181.ehostpk.com","ns182.ehostpk.com","","","addPeriod","clientTransferProhibited","serverTransferProhibited",""
"18","topupcomingmovies.info","2020-05-12 12:17:52","2020-05-10","2020-05-10","2021-05-10","303","PDR Ltd. d/b/a PublicDomainRegistry.com","whois.publicdomainregistry.com","http://www.publicdomainregistry.com","None","None","","","Sindh","","Pakistan","","","","","","","","","","","","","","","","","","","","","","","","","","","","","","","","","","n1.hosterpk.com","n2.hosterpk.com","","","addPeriod","clientTransferProhibited","serverTransferProhibited",""
"19","zoomstar.guru","2020-05-12 20:47:25","2020-05-11","2020-05-12","2021-05-11","146","GoDaddy.com, LLC","whois.godaddy.com","http://registrar.godaddy.com","REDACTED FOR PRIVACY","seochases","REDACTED FOR PRIVACY","REDACTED FOR PRIVACY","Khushab","REDACTED FOR PRIVACY","Pakistan","","REDACTED FOR PRIVACY","REDACTED FOR PRIVACY","","","","","","","","","","","","","","","","","","","","","","","","","","","","","","","","","","","addPeriod","clientDeleteProhibited","clientRenewProhibited","clientTransferProhibited"