"num","domain_name","query_time","create_date","update_date","expiry_date","domain_registrar_id","domain_registrar_name","domain_registrar_whois","domain_registrar_url","registrant_name","registrant_company","registrant_address","registrant_city","registrant_state","registrant_zip","registrant_country","registrant_email","registrant_phone","registrant_fax","administrative_name","administrative_company","administrative_address","administrative_city","administrative_state","administrative_zip","administrative_country","administrative_email","administrative_phone","administrative_fax","technical_name","technical_company","technical_address","technical_city","technical_state","technical_zip","technical_country","technical_email","technical_phone","technical_fax","billing_name","billing_company","billing_address","billing_city","billing_state","billing_zip","billing_country","billing_email","billing_phone","billing_fax","name_server_1","name_server_2","name_server_3","name_server_4","domain_status_1","domain_status_2","domain_status_3","domain_status_4"
"1","cacheritas.com","2020-05-12 20:02:32","2020-05-12","2020-05-12","2021-05-12","146","GoDaddy.com, LLC","whois.godaddy.com","http://registrar.godaddy.com","","","","","LIMA","","Peru","","","","","","","","","","","","","","","","","","","","","","","","","","","","","","","","","","europe-71.banahosting.com","europe-72.banahosting.com","","","clientDeleteProhibited","clientRenewProhibited","clientTransferProhibited","clientUpdateProhibited"
"2","clientedemo.info","2020-05-12 03:21:18","2020-05-10","2020-05-10","2021-05-10","303","PDR Ltd. d/b/a PublicDomainRegistry.com","whois.publicdomainregistry.com","http://www.publicdomainregistry.com","CODIGO UX","CODIGO UX","","","Lima","","Peru","","","","","","","","","","","","","","","","","","","","","","","","","","","","","","","","","","ns1.clientedemo.info","ns2.clientedemo.info","","","addPeriod","clientTransferProhibited","serverTransferProhibited",""
"3","escuchar.net","2020-05-12 21:48:04","2020-05-09","2020-05-09","2021-05-09","76","Nominalia Internet S.L.","whois.nominalia.com","http://www.nominalia.com","REDACTED FOR PRIVACY","REDACTED FOR PRIVACY","REDACTED FOR PRIVACY","REDACTED FOR PRIVACY","lima","REDACTED FOR PRIVACY","Peru","","REDACTED.FORPRIVACY","REDACTED.FORPRIVACY","REDACTED FOR PRIVACY","REDACTED FOR PRIVACY","REDACTED FOR PRIVACY","REDACTED FOR PRIVACY","lima","REDACTED FOR PRIVACY","Peru","","REDACTED.FORPRIVACY","REDACTED.FORPRIVACY","REDACTED FOR PRIVACY","REDACTED FOR PRIVACY","REDACTED FOR PRIVACY","REDACTED FOR PRIVACY","Barcelona","REDACTED FOR PRIVACY","Spain","","REDACTED.FORPRIVACY","REDACTED.FORPRIVACY","","","","","","","","","","","dns1.nominalia.com","dns2.nominalia.com","","","OK","","",""
"4","exploraperusac.net","2020-05-12 21:47:58","2020-05-09","2020-05-09","2021-05-09","146","GoDaddy.com, LLC","whois.godaddy.com","http://registrar.godaddy.com","Turismo Explora Peru sac","Turismo Explora Peru sac","","","LIMA","","Peru","","","","","","","","","","","","","","","","","","","","","","","","","","","","","","","","","","ns45.domaincontrol.com","ns46.domaincontrol.com","","","clientDeleteProhibited","clientRenewProhibited","clientTransferProhibited","clientUpdateProhibited"
"5","flipdio.net","2020-05-12 21:47:46","2020-05-08","2020-05-08","2021-05-08","146","GoDaddy.com, LLC","whois.godaddy.com","http://registrar.godaddy.com","","","","","LIMA","","Peru","","","","","","","","","","","","","","","","","","","","","","","","","","","","","","","","","","ns1.vodadns.com","ns2.vodadns.com","","","clientDeleteProhibited","clientRenewProhibited","clientTransferProhibited","clientUpdateProhibited"
"6","fullplaylist.net","2020-05-12 21:47:38","2020-05-09","2020-05-09","2021-05-09","146","GoDaddy.com, LLC","whois.godaddy.com","http://registrar.godaddy.com","GRUPOPAR","GRUPOPAR","","","PERU","","Peru","","","","","","","","","","","","","","","","","","","","","","","","","","","","","","","","","","ns5922.banahosting.com","ns5923.banahosting.com","","","clientDeleteProhibited","clientRenewProhibited","clientTransferProhibited","clientUpdateProhibited"
"7","gbound.net","2020-05-12 21:47:34","2020-05-11","2020-05-11","2021-05-11","146","GoDaddy.com, LLC","whois.godaddy.com","http://registrar.godaddy.com","","","","","LIMA","","Peru","","","","","","","","","","","","","","","","","","","","","","","","","","","","","","","","","","ns39.domaincontrol.com","ns40.domaincontrol.com","","","clientDeleteProhibited","clientRenewProhibited","clientTransferProhibited","clientUpdateProhibited"
"8","grossup.net","2020-05-12 21:47:24","2020-05-10","2020-05-10","2021-05-10","625","Name.com, Inc.","whois.name.com","http://www.name.com","Paul Holguin","Libre","Urb. San Isidro Mz T Lt 28 - I Etapa, Trujillo - La Libertad , Urb. San Isidro Mz T Lt 28 - I Etapa, Trujillo - La Libertad","Trujillo","La Libertad","13007","Peru","paulholguin.alburqueque@gmail.com","+51.989927794","","Paul Holguin","Libre","Urb. San Isidro Mz T Lt 28 - I Etapa, Trujillo - La Libertad , Urb. San Isidro Mz T Lt 28 - I Etapa, Trujillo - La Libertad","Trujillo","La Libertad","13007","Peru","paulholguin.alburqueque@gmail.com","+51.989927794","","Paul Holguin","Libre","Urb. San Isidro Mz T Lt 28 - I Etapa, Trujillo - La Libertad , Urb. San Isidro Mz T Lt 28 - I Etapa, Trujillo - La Libertad","Trujillo","La Libertad","13007","Peru","paulholguin.alburqueque@gmail.com","+51.989927794","","","","","","","","","","","","ns3921.banahosting.com","ns3922.banahosting.com","","","addPeriod","clientTransferProhibited","",""
"9","peruventas.net","2020-05-12 21:50:51","2020-05-08","2020-05-08","2021-05-08","303","PDR Ltd. d/b/a PublicDomainRegistry.com","whois.publicdomainregistry.com","http://www.publicdomainregistry.com","Jose Carlos Zorrilla","Andes Systems EIRL","Av. La Marina 1039 Of 501","La Perla","Callao/Lima","07026","Peru","jczc1205@gmail.com","+51.51995865858","","Jose Carlos Zorrilla","Andes Systems EIRL","Av. La Marina 1039 Of 501","La Perla","Callao/Lima","07026","Peru","jczc1205@gmail.com","+51.51995865858","","Jose Carlos Zorrilla","Andes Systems EIRL","Av. La Marina 1039 Of 501","La Perla","Callao/Lima","07026","Peru","jczc1205@gmail.com","+51.51995865858","","","","","","","","","","","","ns1.mihosting.net","ns2.mihosting.net","ns3.mihosting.net","","clientTransferProhibited","","",""
"10","radiozeta.net","2020-05-12 21:50:28","2020-05-08","2020-05-08","2021-05-08","379","Arsys Internet, S.L. dba NICLINE.COM","whois.nicline.com","http://www.nicline.com","REDACTED FOR PRIVACY","","REDACTED FOR PRIVACY","REDACTED FOR PRIVACY","SIN PROVINCIA","REDACTED FOR PRIVACY","Peru","whoiscontact@domainconnection.info","REDACTED FOR PRIVACY","REDACTED FOR PRIVACY","REDACTED FOR PRIVACY","REDACTED FOR PRIVACY","REDACTED FOR PRIVACY","REDACTED FOR PRIVACY","REDACTED FOR PRIVACY","REDACTED FOR PRIVACY","REDACTED FOR PRIVACY","whoiscontact@domainconnection.info","REDACTED FOR PRIVACY","REDACTED FOR PRIVACY","REDACTED FOR PRIVACY","REDACTED FOR PRIVACY","REDACTED FOR PRIVACY","REDACTED FOR PRIVACY","REDACTED FOR PRIVACY","REDACTED FOR PRIVACY","REDACTED FOR PRIVACY","whoiscontact@domainconnection.info","REDACTED FOR PRIVACY","REDACTED FOR PRIVACY","","","","","","","","","","","ns4760.banahosting.com","ns4761.banahosting.com","","","addPeriod","clientTransferProhibited","",""
"11","sanitizaperu.net","2020-05-12 21:50:07","2020-05-09","2020-05-09","2021-05-09","146","GoDaddy.com, LLC","whois.godaddy.com","http://registrar.godaddy.com","","","","","LIMA","","Peru","","","","","","","","","","","","","","","","","","","","","","","","","","","","","","","","","","ns59.domaincontrol.com","ns60.domaincontrol.com","","","clientDeleteProhibited","clientRenewProhibited","clientTransferProhibited","clientUpdateProhibited"
"12","similares.net","2020-05-12 21:49:55","2020-05-11","2020-05-11","2021-05-10","76","Nominalia Internet S.L.","whois.nominalia.com","http://www.nominalia.com","REDACTED FOR PRIVACY","Rkb Corp","REDACTED FOR PRIVACY","REDACTED FOR PRIVACY","Lima","REDACTED FOR PRIVACY","Peru","","REDACTED.FORPRIVACY","REDACTED.FORPRIVACY","REDACTED FOR PRIVACY","REDACTED FOR PRIVACY","REDACTED FOR PRIVACY","REDACTED FOR PRIVACY","lima","REDACTED FOR PRIVACY","Peru","","REDACTED.FORPRIVACY","REDACTED.FORPRIVACY","REDACTED FOR PRIVACY","REDACTED FOR PRIVACY","REDACTED FOR PRIVACY","REDACTED FOR PRIVACY","Barcelona","REDACTED FOR PRIVACY","Spain","","REDACTED.FORPRIVACY","REDACTED.FORPRIVACY","","","","","","","","","","","dns1.nominalia.com","dns2.nominalia.com","","","OK","","",""
"13","teamzero.pro","2020-05-12 22:47:36","2020-05-11","2020-05-11","2021-05-11","146","GoDaddy.com, LLC","whois.godaddy.com","http://registrar.godaddy.com","TEAM ZERO","TEAM ZERO","","","LAMBAYEQUE","","Peru","","","","","","","","","","","","","","","","","","","","","","","","","","","","","","","","","","ns27.domaincontrol.com","ns28.domaincontrol.com","","","addPeriod","clientDeleteProhibited","clientRenewProhibited","clientTransferProhibited"
"14","ventiladorsinaspas.pro","2020-05-12 19:09:47","2020-05-09","2020-05-09","2021-05-09","1647","Hosting Concepts B.V. dba Openprovider","whois.registrar.eu","http://www.openprovider.com","Maria Dalia Huaman Cordova","Maria Dalia Huaman Cordova","","","Lima","","Peru","","","","","","","","","","","","","","","","","","","","","","","","","","","","","","","","","","dns1.sered.net","dns2.sered.net","dns3.sered.net","dns4.sered.net","addPeriod","clientTransferProhibited","serverTransferProhibited",""