"num","domain_name","query_time","create_date","update_date","expiry_date","domain_registrar_id","domain_registrar_name","domain_registrar_whois","domain_registrar_url","registrant_name","registrant_company","registrant_address","registrant_city","registrant_state","registrant_zip","registrant_country","registrant_email","registrant_phone","registrant_fax","administrative_name","administrative_company","administrative_address","administrative_city","administrative_state","administrative_zip","administrative_country","administrative_email","administrative_phone","administrative_fax","technical_name","technical_company","technical_address","technical_city","technical_state","technical_zip","technical_country","technical_email","technical_phone","technical_fax","billing_name","billing_company","billing_address","billing_city","billing_state","billing_zip","billing_country","billing_email","billing_phone","billing_fax","name_server_1","name_server_2","name_server_3","name_server_4","domain_status_1","domain_status_2","domain_status_3","domain_status_4"
"1","copythatconverts.biz","2020-05-12 15:44:59","2020-05-04","2020-05-09","2021-05-04","1645","DiaMatrix C.C.","whois.domains.co.za","http://www.domains.co.za","Coal-Free.co.za","Coal-Free.co.za","","","Gauteng","","South Africa","","","","","","","","","","","","","","","","","","","","","","","","","","","","","","","","","","ns1.tld-ns.net","ns2.tld-ns.com","ns3.tld-ns.net","ns4.tld-ns.com","clientTransferProhibited","","",""
"2","greatsystems.net","2020-05-12 21:47:23","2020-05-08","2020-05-08","2021-05-08","69","Tucows Domains Inc.","whois.tucows.com","http://domainhelp.opensrs.net","REDACTED FOR PRIVACY","REDACTED FOR PRIVACY","REDACTED FOR PRIVACY","REDACTED FOR PRIVACY","Gauteng","REDACTED FOR PRIVACY","South Africa","","REDACTED FOR PRIVACY","REDACTED FOR PRIVACY","REDACTED FOR PRIVACY","REDACTED FOR PRIVACY","REDACTED FOR PRIVACY","REDACTED FOR PRIVACY","REDACTED FOR PRIVACY","REDACTED FOR PRIVACY","REDACTED FOR PRIVACY","","REDACTED FOR PRIVACY","REDACTED FOR PRIVACY","REDACTED FOR PRIVACY","REDACTED FOR PRIVACY","REDACTED FOR PRIVACY","REDACTED FOR PRIVACY","REDACTED FOR PRIVACY","REDACTED FOR PRIVACY","REDACTED FOR PRIVACY","","REDACTED FOR PRIVACY","REDACTED FOR PRIVACY","","","","","","","","","","","ns.dns1.co.za","ns.dns2.co.za","ns.otherdns.com","ns.otherdns.net","clientTransferProhibited","clientUpdateProhibited","",""
"3","hr.glass","2020-05-12 20:37:33","2020-05-09","2020-05-09","2021-05-09","146","GoDaddy.com, LLC","whois.godaddy.com","http://registrar.godaddy.com","REDACTED FOR PRIVACY","Minmac Pty Ltd","REDACTED FOR PRIVACY","REDACTED FOR PRIVACY","KwaZulu Natal","REDACTED FOR PRIVACY","South Africa","","REDACTED FOR PRIVACY","REDACTED FOR PRIVACY","","","","","","","","","","","","","","","","","","","","","","","","","","","","","","","","","","","addPeriod","clientDeleteProhibited","clientRenewProhibited","clientTransferProhibited"
"4","lekga.biz","2020-05-12 17:06:20","2020-05-11","2020-05-11","2021-05-11","1645","DiaMatrix C.C.","whois.domains.co.za","http://www.domains.co.za","Private","Private","","","Gauteng","","South Africa","","","","","","","","","","","","","","","","","","","","","","","","","","","","","","","","","","cp-ns1.mweb.co.za","cp-ns2.mweb.co.za","","","addPeriod","clientTransferProhibited","",""
"5","my-mentor.biz","2020-05-12 17:26:59","2020-05-08","2020-05-08","2021-05-08","146","GoDaddy.com, LLC","whois.godaddy.com","http://registrar.godaddy.com","","","","","Gauteng","","South Africa","","","","","","","","","","","","","","","","","","","","","","","","","","","","","","","","","","ns57.domaincontrol.com","ns58.domaincontrol.com","","","addPeriod","clientDeleteProhibited","clientRenewProhibited","clientTransferProhibited"
"6","quizmaster.durban","2020-05-12 19:53:58","2020-05-11","2020-05-11","2021-05-11","1645","DiaMatrix C.C.","whois.domains.co.za","http://www.domains.co.za","REDACTED","Praxos Hosting","REDACTED","REDACTED","Kwazulu Natal","REDACTED","South Africa","","REDACTED","REDACTED","REDACTED","REDACTED","REDACTED","REDACTED","REDACTED","REDACTED","REDACTED","","REDACTED","REDACTED","REDACTED","REDACTED","REDACTED","REDACTED","REDACTED","REDACTED","REDACTED","","REDACTED","REDACTED","REDACTED","REDACTED","REDACTED","REDACTED","REDACTED","REDACTED","REDACTED","","REDACTED","REDACTED","ns1.bh-62.webhostbox.net","ns2.bh-62.webhostbox.net","","","clientTransferProhibited","","",""
"7","reformfit.life","2020-05-12 21:07:59","2020-05-11","2020-05-11","2021-05-11","146","GoDaddy.com, LLC","whois.godaddy.com","http://registrar.godaddy.com","REDACTED FOR PRIVACY","NPO","REDACTED FOR PRIVACY","REDACTED FOR PRIVACY","Free State","REDACTED FOR PRIVACY","South Africa","","REDACTED FOR PRIVACY","REDACTED FOR PRIVACY","","","","","","","","","","","","","","","","","","","","","","","","","","","","","","","","","","","addPeriod","clientDeleteProhibited","clientRenewProhibited","clientTransferProhibited"
"8","saamedia.net","2020-05-12 21:50:12","2020-05-10","2020-05-10","2021-05-10","69","Tucows Domains Inc.","whois.tucows.com","http://domainhelp.opensrs.net","REDACTED FOR PRIVACY","REDACTED FOR PRIVACY","REDACTED FOR PRIVACY","REDACTED FOR PRIVACY","REDACTED FOR PRIVACY","REDACTED FOR PRIVACY","South Africa","","REDACTED FOR PRIVACY","REDACTED FOR PRIVACY","REDACTED FOR PRIVACY","REDACTED FOR PRIVACY","REDACTED FOR PRIVACY","REDACTED FOR PRIVACY","REDACTED FOR PRIVACY","REDACTED FOR PRIVACY","REDACTED FOR PRIVACY","","REDACTED FOR PRIVACY","REDACTED FOR PRIVACY","REDACTED FOR PRIVACY","REDACTED FOR PRIVACY","REDACTED FOR PRIVACY","REDACTED FOR PRIVACY","REDACTED FOR PRIVACY","REDACTED FOR PRIVACY","REDACTED FOR PRIVACY","","REDACTED FOR PRIVACY","REDACTED FOR PRIVACY","","","","","","","","","","","ns1.dns-h.com","ns1.host-h.net","ns2.dns-h.com","ns2.host-h.net","clientTransferProhibited","clientUpdateProhibited","",""
"9","saintsandsinners.life","2020-05-12 21:07:58","2020-05-08","2020-05-08","2021-05-08","146","GoDaddy.com, LLC","whois.godaddy.com","http://registrar.godaddy.com","REDACTED FOR PRIVACY","","REDACTED FOR PRIVACY","REDACTED FOR PRIVACY","KZN","REDACTED FOR PRIVACY","South Africa","","REDACTED FOR PRIVACY","REDACTED FOR PRIVACY","","","","","","","","","","","","","","","","","","","","","","","","","","","","","","","","","","","addPeriod","clientDeleteProhibited","clientRenewProhibited","clientTransferProhibited"
"10","zibomod.info","2020-05-12 13:38:45","2020-05-10","2020-05-10","2021-05-10","955","Launchpad, Inc.","whois.launchpad.com","http://www.launchpad.com","None","None","","","FS","","South Africa","","","","","","","","","","","","","","","","","","","","","","","","","","","","","","","","","","ns1.hostgator.com","ns2.hostgator.com","","","addPeriod","clientTransferProhibited","serverTransferProhibited",""