"num","domain_name","query_time","create_date","update_date","expiry_date","domain_registrar_id","domain_registrar_name","domain_registrar_whois","domain_registrar_url","registrant_name","registrant_company","registrant_address","registrant_city","registrant_state","registrant_zip","registrant_country","registrant_email","registrant_phone","registrant_fax","administrative_name","administrative_company","administrative_address","administrative_city","administrative_state","administrative_zip","administrative_country","administrative_email","administrative_phone","administrative_fax","technical_name","technical_company","technical_address","technical_city","technical_state","technical_zip","technical_country","technical_email","technical_phone","technical_fax","billing_name","billing_company","billing_address","billing_city","billing_state","billing_zip","billing_country","billing_email","billing_phone","billing_fax","name_server_1","name_server_2","name_server_3","name_server_4","domain_status_1","domain_status_2","domain_status_3","domain_status_4"
"1","agilemarketingspain.info","2020-05-12 01:26:29","2020-05-09","2020-05-09","2021-05-09","379","Arsys Internet, S.L. dba NICLINE.COM","whois.nicline.com","http://www.nicline.com","","","","","Madrid","","Spain","","","","","","","","","","","","","","","","","","","","","","","","","","","","","","","","","","dns49.servidoresdns.net","dns50.servidoresdns.net","","","addPeriod","clientTransferProhibited","serverTransferProhibited",""
"2","aire-acondicionado-portatil.info","2020-05-12 01:28:34","2020-05-08","2020-05-11","2022-05-08","433","OVH sas","whois.ovh.com","http://www.ovh.com","Miguel Angel Aduarte Carou","Miguel Angel Aduarte Carou","","","","","Spain","","","","","","","","","","","","","","","","","","","","","","","","","","","","","","","","","","dns111.ovh.net","ns111.ovh.net","","","addPeriod","clientDeleteProhibited","clientTransferProhibited","serverTransferProhibited"
"3","aliciaduarte.pro","2020-05-12 18:20:21","2020-05-10","2020-05-10","2021-05-10","1647","Hosting Concepts B.V. dba Openprovider","whois.registrar.eu","http://www.openprovider.com","","","","","Sevilla","","Spain","","","","","","","","","","","","","","","","","","","","","","","","","","","","","","","","","","dns1.sered.net","dns2.sered.net","dns3.sered.net","dns4.sered.net","addPeriod","clientTransferProhibited","serverTransferProhibited",""
"4","almen.ovh","2020-05-12 22:17:41","2020-05-11","2020-05-11","2021-05-11","433","OVH sas","whois.ovh.com","http://www.ovh.com","REDACTED FOR PRIVACY","ALMEN","REDACTED FOR PRIVACY","REDACTED FOR PRIVACY","","REDACTED FOR PRIVACY","Spain","","REDACTED FOR PRIVACY","REDACTED FOR PRIVACY","REDACTED FOR PRIVACY","REDACTED FOR PRIVACY","REDACTED FOR PRIVACY","REDACTED FOR PRIVACY","REDACTED FOR PRIVACY","REDACTED FOR PRIVACY","REDACTED FOR PRIVACY","","REDACTED FOR PRIVACY","REDACTED FOR PRIVACY","REDACTED FOR PRIVACY","REDACTED FOR PRIVACY","REDACTED FOR PRIVACY","REDACTED FOR PRIVACY","REDACTED FOR PRIVACY","REDACTED FOR PRIVACY","REDACTED FOR PRIVACY","","REDACTED FOR PRIVACY","REDACTED FOR PRIVACY","","","","","","","","","","","dns111.ovh.net","ns111.ovh.net","","","addPeriod","clientDeleteProhibited","clientTransferProhibited",""
"5","amalgamajoiers.cat","2020-05-12 19:21:43","2020-05-11","2020-05-11","2021-05-11","1262","Dinahosting s.l.","whois.dinahosting.com","http://www.dinahosting.com","","","","","Barcelona","","Spain","","","","","","","","","","","","","","","","","","","","","","","","","","","","","","","","","","ns.dinahosting.com","ns2.dinahosting.com","ns3.dinahosting.com","ns4.dinahosting.com","addPeriod","clientDeleteProhibited","clientTransferProhibited","serverTransferProhibited"
"6","bangkok.ovh","2020-05-12 22:17:38","2020-05-11","2020-05-11","2021-05-11","433","OVH sas","whois.ovh.com","http://www.ovh.com","REDACTED FOR PRIVACY","","REDACTED FOR PRIVACY","REDACTED FOR PRIVACY","","REDACTED FOR PRIVACY","Spain","","REDACTED FOR PRIVACY","REDACTED FOR PRIVACY","REDACTED FOR PRIVACY","REDACTED FOR PRIVACY","REDACTED FOR PRIVACY","REDACTED FOR PRIVACY","REDACTED FOR PRIVACY","REDACTED FOR PRIVACY","REDACTED FOR PRIVACY","","REDACTED FOR PRIVACY","REDACTED FOR PRIVACY","REDACTED FOR PRIVACY","REDACTED FOR PRIVACY","REDACTED FOR PRIVACY","REDACTED FOR PRIVACY","REDACTED FOR PRIVACY","REDACTED FOR PRIVACY","REDACTED FOR PRIVACY","","REDACTED FOR PRIVACY","REDACTED FOR PRIVACY","","","","","","","","","","","dns111.ovh.net","ns111.ovh.net","","","addPeriod","clientDeleteProhibited","clientTransferProhibited",""
"7","briconline.pro","2020-05-12 18:27:59","2020-05-10","2020-05-10","2021-05-10","1383","Soluciones Corporativas IP, SLU","whois.scip.es","http://www.dondominio.com","","","","","Madrid","","Spain","","","","","","","","","","","","","","","","","","","","","","","","","","","","","","","","","","europe131.banahosting.com","europe132.banahosting.com","","","addPeriod","serverTransferProhibited","",""
"8","bulletjournal.pro","2020-05-12 18:26:53","2020-05-10","2020-05-10","2021-05-10","1647","Hosting Concepts B.V. dba Openprovider","whois.registrar.eu","http://www.openprovider.com","","","","","Barcelona","","Spain","","","","","","","","","","","","","","","","","","","","","","","","","","","","","","","","","","dns1.sered.net","dns2.sered.net","","","addPeriod","clientTransferProhibited","serverTransferProhibited",""
"9","camirural.cat","2020-05-12 19:21:42","2020-05-11","","2021-05-11","696","Entorno Digital, S.A.","whois.entorno.es","http://www.entorno.es","Cami Rural","Cami Rural","","","Barcelona","","Spain","","","","","","","","","","","","","","","","","","","","","","","","","","","","","","","","","","ns1.entorndns.com","ns1.entorndns.net","ns2.entorndns.com","ns2.entorndns.net","addPeriod","serverTransferProhibited","",""
"10","cat-telecom.cat","2020-05-12 19:21:42","2020-05-11","","2021-05-11","76","Nominalia Internet S.L.","whois.nominalia.com","http://www.nominalia.com","ALVINYA I ASSOCIATS, SL","ALVINYA I ASSOCIATS, SL","","","B","","Spain","","","","","","","","","","","","","","","","","","","","","","","","","","","","","","","","","","dns1.nominalia.com","dns2.nominalia.com","","","addPeriod","serverTransferProhibited","",""
"11","cattel.cat","2020-05-12 19:21:43","2020-05-11","","2021-05-11","76","Nominalia Internet S.L.","whois.nominalia.com","http://www.nominalia.com","ALVINYA I ASSOCIATS, SL","ALVINYA I ASSOCIATS, SL","","","B","","Spain","","","","","","","","","","","","","","","","","","","","","","","","","","","","","","","","","","dns1.nominalia.com","dns2.nominalia.com","","","addPeriod","serverTransferProhibited","",""
"12","cattelecom.cat","2020-05-12 19:21:43","2020-05-11","","2021-05-11","76","Nominalia Internet S.L.","whois.nominalia.com","http://www.nominalia.com","ALVINYA I ASSOCIATS, SL","ALVINYA I ASSOCIATS, SL","","","B","","Spain","","","","","","","","","","","","","","","","","","","","","","","","","","","","","","","","","","dns1.nominalia.com","dns2.nominalia.com","","","addPeriod","serverTransferProhibited","",""
"13","ceipestorrentet.cat","2020-05-12 19:21:43","2020-05-11","2020-05-11","2021-05-11","379","Arsys Internet, S.L. dba NICLINE.COM","whois.nicline.com","http://www.nicline.com","Solucions Informatiques Icono, S.L.","Solucions Informatiques Icono, S.L.","","","BALEARES","","Spain","","","","","","","","","","","","","","","","","","","","","","","","","","","","","","","","","","dns11.servidoresdns.net","dns12.servidoresdns.net","","","addPeriod","clientTransferProhibited","serverTransferProhibited",""
"14","cigarconexion.info","2020-05-12 03:19:16","2020-05-09","2020-05-09","2021-05-09","291","DNC Holdings, Inc.","whois.directnic.com","http://www.directnic.com","Fedosal Trade, S.L.","Fedosal Trade, S.L.","","","Valencian Community","","Spain","","","","","","","","","","","","","","","","","","","","","","","","","","","","","","","","","","ns0.directnic.com","ns1.directnic.com","","","addPeriod","clientDeleteProhibited","clientTransferProhibited","clientUpdateProhibited"
"15","clj.cat","2020-05-12 19:21:42","2020-05-11","","2021-05-11","76","Nominalia Internet S.L.","whois.nominalia.com","http://www.nominalia.com","Consell Nacional De La Joventut De Catalunya","Consell Nacional De La Joventut De Catalunya","","","B","","Spain","","","","","","","","","","","","","","","","","","","","","","","","","","","","","","","","","","dns1.nominalia.com","dns2.nominalia.com","","","addPeriod","serverTransferProhibited","",""
"16","corcanoesoundprofile.ovh","2020-05-12 22:17:38","2020-05-11","2020-05-11","2021-05-11","433","OVH sas","whois.ovh.com","http://www.ovh.com","REDACTED FOR PRIVACY","","REDACTED FOR PRIVACY","REDACTED FOR PRIVACY","","REDACTED FOR PRIVACY","Spain","","REDACTED FOR PRIVACY","REDACTED FOR PRIVACY","REDACTED FOR PRIVACY","REDACTED FOR PRIVACY","REDACTED FOR PRIVACY","REDACTED FOR PRIVACY","REDACTED FOR PRIVACY","REDACTED FOR PRIVACY","REDACTED FOR PRIVACY","","REDACTED FOR PRIVACY","REDACTED FOR PRIVACY","REDACTED FOR PRIVACY","REDACTED FOR PRIVACY","REDACTED FOR PRIVACY","REDACTED FOR PRIVACY","REDACTED FOR PRIVACY","REDACTED FOR PRIVACY","REDACTED FOR PRIVACY","","REDACTED FOR PRIVACY","REDACTED FOR PRIVACY","","","","","","","","","","","dns111.ovh.net","ns111.ovh.net","","","addPeriod","clientDeleteProhibited","clientTransferProhibited",""
"17","ct-tel.cat","2020-05-12 19:21:43","2020-05-11","","2021-05-11","76","Nominalia Internet S.L.","whois.nominalia.com","http://www.nominalia.com","ALVINYA I ASSOCIATS, SL","ALVINYA I ASSOCIATS, SL","","","B","","Spain","","","","","","","","","","","","","","","","","","","","","","","","","","","","","","","","","","dns1.nominalia.com","dns2.nominalia.com","","","addPeriod","serverTransferProhibited","",""
"18","cttel.cat","2020-05-12 19:21:42","2020-05-11","","2021-05-11","76","Nominalia Internet S.L.","whois.nominalia.com","http://www.nominalia.com","ALVINYA I ASSOCIATS, SL","ALVINYA I ASSOCIATS, SL","","","B","","Spain","","","","","","","","","","","","","","","","","","","","","","","","","","","","","","","","","","dns1.nominalia.com","dns2.nominalia.com","","","addPeriod","serverTransferProhibited","",""
"19","cttelecom.cat","2020-05-12 19:21:44","2020-05-11","","2021-05-11","76","Nominalia Internet S.L.","whois.nominalia.com","http://www.nominalia.com","ALVINYA I ASSOCIATS, SL","ALVINYA I ASSOCIATS, SL","","","B","","Spain","","","","","","","","","","","","","","","","","","","","","","","","","","","","","","","","","","dns1.nominalia.com","dns2.nominalia.com","","","addPeriod","serverTransferProhibited","",""
"20","demana.cat","2020-05-12 19:21:42","2020-05-11","2020-05-11","2021-05-11","1262","Dinahosting s.l.","whois.dinahosting.com","http://www.dinahosting.com","","","","","Girona","","Spain","","","","","","","","","","","","","","","","","","","","","","","","","","","","","","","","","","ns.dinahosting.com","ns2.dinahosting.com","ns3.dinahosting.com","ns4.dinahosting.com","addPeriod","clientDeleteProhibited","clientTransferProhibited","serverTransferProhibited"
"21","depadel.pro","2020-05-12 18:30:31","2020-05-10","","2021-05-10","1383","Soluciones Corporativas IP, SLU","whois.scip.es","http://www.dondominio.com","","","","","Leon","","Spain","","","","","","","","","","","","","","","","","","","","","","","","","","","","","","","","","","ns1.dondominio.com","ns2.dondominio.com","","","addPeriod","serverTransferProhibited","",""
"22","drdingo.dog","2020-05-12 19:54:01","2020-05-11","2020-05-11","2021-05-11","433","OVH sas","whois.ovh.com","http://www.ovh.com","REDACTED FOR PRIVACY","DINGONATURA, S.L.","REDACTED FOR PRIVACY","REDACTED FOR PRIVACY","","REDACTED FOR PRIVACY","Spain","","REDACTED FOR PRIVACY","REDACTED FOR PRIVACY","","","","","","","","","","","","","","","","","","","","","","","","","","","","","","","","","","","addPeriod","clientDeleteProhibited","clientTransferProhibited",""
"23","dreamhorse.cat","2020-05-12 19:21:43","2020-05-11","2020-05-11","2021-05-11","379","Arsys Internet, S.L. dba NICLINE.COM","whois.nicline.com","http://www.nicline.com","My Hills, S.L.","My Hills, S.L.","","","GERONA","","Spain","","","","","","","","","","","","","","","","","","","","","","","","","","","","","","","","","","dns33.servidoresdns.net","dns34.servidoresdns.net","","","addPeriod","clientTransferProhibited","serverTransferProhibited",""
"24","drivium.net","2020-05-12 21:49:12","2020-05-10","2020-05-10","2021-05-10","83","1&1 Internet AG","whois.schlund.info","http://1and1.com","REDACTED FOR PRIVACY","","REDACTED FOR PRIVACY","REDACTED FOR PRIVACY","M","REDACTED FOR PRIVACY","Spain","dataprivacyprotected@1und1.de","REDACTED FOR PRIVACY","REDACTED FOR PRIVACY","REDACTED FOR PRIVACY","REDACTED FOR PRIVACY","REDACTED FOR PRIVACY","REDACTED FOR PRIVACY","REDACTED FOR PRIVACY","REDACTED FOR PRIVACY","REDACTED FOR PRIVACY","dataprivacyprotected@1und1.de","REDACTED FOR PRIVACY","REDACTED FOR PRIVACY","REDACTED FOR PRIVACY","REDACTED FOR PRIVACY","REDACTED FOR PRIVACY","REDACTED FOR PRIVACY","REDACTED FOR PRIVACY","REDACTED FOR PRIVACY","REDACTED FOR PRIVACY","dataprivacyprotected@1und1.de","REDACTED FOR PRIVACY","REDACTED FOR PRIVACY","","","","","","","","","","","ns1041.ui-dns.org","ns1064.ui-dns.de","ns1072.ui-dns.biz","ns1102.ui-dns.com","addPeriod","clientTransferProhibited","",""
"25","dubai.ovh","2020-05-12 22:17:23","2020-05-11","2020-05-11","2021-05-11","433","OVH sas","whois.ovh.com","http://www.ovh.com","REDACTED FOR PRIVACY","","REDACTED FOR PRIVACY","REDACTED FOR PRIVACY","","REDACTED FOR PRIVACY","Spain","","REDACTED FOR PRIVACY","REDACTED FOR PRIVACY","REDACTED FOR PRIVACY","REDACTED FOR PRIVACY","REDACTED FOR PRIVACY","REDACTED FOR PRIVACY","REDACTED FOR PRIVACY","REDACTED FOR PRIVACY","REDACTED FOR PRIVACY","","REDACTED FOR PRIVACY","REDACTED FOR PRIVACY","REDACTED FOR PRIVACY","REDACTED FOR PRIVACY","REDACTED FOR PRIVACY","REDACTED FOR PRIVACY","REDACTED FOR PRIVACY","REDACTED FOR PRIVACY","REDACTED FOR PRIVACY","","REDACTED FOR PRIVACY","REDACTED FOR PRIVACY","","","","","","","","","","","dns111.ovh.net","ns111.ovh.net","","","addPeriod","clientDeleteProhibited","clientTransferProhibited",""
"26","eatparade.net","2020-05-12 21:48:27","2020-05-08","2020-05-08","2021-05-08","379","Arsys Internet, S.L. dba NICLINE.COM","whois.nicline.com","http://www.nicline.com","REDACTED FOR PRIVACY","","REDACTED FOR PRIVACY","REDACTED FOR PRIVACY","BARCELONA","REDACTED FOR PRIVACY","Spain","whoiscontact@domainconnection.info","REDACTED FOR PRIVACY","REDACTED FOR PRIVACY","REDACTED FOR PRIVACY","REDACTED FOR PRIVACY","REDACTED FOR PRIVACY","REDACTED FOR PRIVACY","REDACTED FOR PRIVACY","REDACTED FOR PRIVACY","REDACTED FOR PRIVACY","whoiscontact@domainconnection.info","REDACTED FOR PRIVACY","REDACTED FOR PRIVACY","REDACTED FOR PRIVACY","REDACTED FOR PRIVACY","REDACTED FOR PRIVACY","REDACTED FOR PRIVACY","REDACTED FOR PRIVACY","REDACTED FOR PRIVACY","REDACTED FOR PRIVACY","whoiscontact@domainconnection.info","REDACTED FOR PRIVACY","REDACTED FOR PRIVACY","","","","","","","","","","","ns13.piensasolutions.com","ns14.piensasolutions.com","","","addPeriod","clientTransferProhibited","",""
"27","eduardodominguez.net","2020-05-12 21:48:13","2020-05-09","2020-05-09","2021-05-09","1262","Dinahosting s.l.","whois.dinahosting.com","http://www.dinahosting.com","EDUARDO DOMINGUEZ","","C/Paraguda n? 10","VIGO","Pontevedra","36231","Spain","edidomin@uvigo.es","+34.639758484","","EDUARDO DOMINGUEZ","","C/Paraguda n? 10","VIGO","Pontevedra","36231","Spain","edidomin@uvigo.es","+34.639758484","","EDUARDO DOMINGUEZ","","C/Paraguda n? 10","VIGO","Pontevedra","36231","Spain","edidomin@uvigo.es","+34.639758484","","","","","","","","","","","","ns.dinahosting.com","ns2.dinahosting.com","ns3.dinahosting.com","ns4.dinahosting.com","clientDeleteProhibited","clientTransferProhibited","",""
"28","elite-club.net","2020-05-12 21:48:12","2020-05-11","2020-05-11","2021-05-11","141","Cronon AG","whois.cronon.net","http://www.cronon.net","","","","","","","Spain","domaincontact@reg.xlink.net","","","","","","","","","","","","","","","","","","","","","","","","","","","","","","","","","docks04.rzone.de","shades17.rzone.de","","","OK","","",""
"29","elrelleusolidari.cat","2020-05-12 19:21:42","2020-05-11","2020-05-12","2021-05-11","696","Entorno Digital, S.A.","whois.entorno.es","http://www.entorno.es","SELFOODS S.A.","SELFOODS S.A.","","","Barcelona","","Spain","","","","","","","","","","","","","","","","","","","","","","","","","","","","","","","","","","ns7.nsprimario.com","ns8.nsprimario.com","","","addPeriod","serverTransferProhibited","",""
"30","elysiumcity.biz","2020-05-12 16:04:38","2020-05-10","2020-05-10","2021-05-10","146","GoDaddy.com, LLC","whois.godaddy.com","http://registrar.godaddy.com","castilblanco elysium siglo XXI, SLU","castilblanco elysium siglo XXI, SLU","","","Sevilla","","Spain","","","","","","","","","","","","","","","","","","","","","","","","","","","","","","","","","","ns63.domaincontrol.com","ns64.domaincontrol.com","","","addPeriod","clientDeleteProhibited","clientRenewProhibited","clientTransferProhibited"
"31","elysiumcity.net","2020-05-12 21:48:08","2020-05-10","2020-05-10","2021-05-10","146","GoDaddy.com, LLC","whois.godaddy.com","http://registrar.godaddy.com","castilblanco elysium siglo XXI, SLU","castilblanco elysium siglo XXI, SLU","","","Sevilla","","Spain","","","","","","","","","","","","","","","","","","","","","","","","","","","","","","","","","","ns75.domaincontrol.com","ns76.domaincontrol.com","","","clientDeleteProhibited","clientRenewProhibited","clientTransferProhibited","clientUpdateProhibited"
"32","equipcel.net","2020-05-12 21:48:06","2020-05-10","2020-05-10","2021-05-10","1383","Soluciones Corporativas IP, SLU","whois.scip.es","http://www.dondominio.com","REDACTED FOR PRIVACY","","REDACTED FOR PRIVACY","REDACTED FOR PRIVACY","Castellon","REDACTED FOR PRIVACY","Spain","","REDACTED FOR PRIVACY","REDACTED FOR PRIVACY","REDACTED FOR PRIVACY","REDACTED FOR PRIVACY","REDACTED FOR PRIVACY","REDACTED FOR PRIVACY","REDACTED FOR PRIVACY","REDACTED FOR PRIVACY","REDACTED FOR PRIVACY","","REDACTED FOR PRIVACY","REDACTED FOR PRIVACY","REDACTED FOR PRIVACY","REDACTED FOR PRIVACY","REDACTED FOR PRIVACY","REDACTED FOR PRIVACY","REDACTED FOR PRIVACY","REDACTED FOR PRIVACY","REDACTED FOR PRIVACY","","REDACTED FOR PRIVACY","REDACTED FOR PRIVACY","","","","","","","","","","","ns1.dondominio.com","ns2.dondominio.com","","","OK","","",""
"33","es-login.pro","2020-05-12 22:47:40","2020-05-11","2020-05-11","2021-05-11","146","GoDaddy.com, LLC","whois.godaddy.com","http://registrar.godaddy.com","","","","","Madrid","","Spain","","","","","","","","","","","","","","","","","","","","","","","","","","","","","","","","","","ns07.domaincontrol.com","ns08.domaincontrol.com","","","addPeriod","clientDeleteProhibited","clientHold","clientRenewProhibited"
"34","esdapcatalunya.cat","2020-05-12 19:21:42","2020-05-11","2020-05-11","2021-05-11","433","OVH sas","whois.ovh.com","http://www.ovh.com","Escola Superior de Disseny i Arts Plastiques de Catalunya","Escola Superior de Disseny i Arts Plastiques de Catalunya","","","","","Spain","","","","","","","","","","","","","","","","","","","","","","","","","","","","","","","","","","ns1.infoselfcloud.com","ns2.infoselfcloud.com","ns3.infoselfcloud.com","ns4.infoselfcloud.com","addPeriod","clientDeleteProhibited","clientTransferProhibited","serverTransferProhibited"
"35","espacioseguro.info","2020-05-12 04:40:52","2020-05-08","","2021-05-08","140","Acens Technologies, S.L.U.","whois.ascio.com","http://www.ascio.com","Grupo Ozono","Grupo Ozono","","","MADRID","","Spain","","","","","","","","","","","","","","","","","","","","","","","","","","","","","","","","","","ns10.servicio-online.net","ns11.servicio-online.net","ns12.servicio-online.net","","addPeriod","serverTransferProhibited","",""
"36","estefaniasanchez.net","2020-05-12 21:48:09","2020-05-09","2020-05-09","2021-05-09","140","Acens Technologies, S.L.U.","whois.ascio.com","http://www.ascio.com","OHANA BEAUTY ROOM S.L.","OHANA BEAUTY ROOM S.L.","","","ZARAGOZA","","Spain","","","","","","","","","","","","","","","","","","","","","","","","","","","","","","","","","","ns10.servicio-online.net","ns11.servicio-online.net","ns12.servicio-online.net","","OK","","",""
"37","eteo.net","2020-05-12 21:48:05","2020-05-09","2020-05-09","2021-05-09","379","Arsys Internet, S.L. dba NICLINE.COM","whois.nicline.com","http://www.nicline.com","REDACTED FOR PRIVACY","ABARCANDO, SL","REDACTED FOR PRIVACY","REDACTED FOR PRIVACY","MADRID","REDACTED FOR PRIVACY","Spain","whoiscontact@domainconnection.info","REDACTED FOR PRIVACY","REDACTED FOR PRIVACY","REDACTED FOR PRIVACY","REDACTED FOR PRIVACY","REDACTED FOR PRIVACY","REDACTED FOR PRIVACY","REDACTED FOR PRIVACY","REDACTED FOR PRIVACY","REDACTED FOR PRIVACY","whoiscontact@domainconnection.info","REDACTED FOR PRIVACY","REDACTED FOR PRIVACY","REDACTED FOR PRIVACY","REDACTED FOR PRIVACY","REDACTED FOR PRIVACY","REDACTED FOR PRIVACY","REDACTED FOR PRIVACY","REDACTED FOR PRIVACY","REDACTED FOR PRIVACY","whoiscontact@domainconnection.info","REDACTED FOR PRIVACY","REDACTED FOR PRIVACY","","","","","","","","","","","ns13.piensasolutions.com","ns14.piensasolutions.com","","","addPeriod","clientTransferProhibited","",""
"38","europeancomic.net","2020-05-12 21:48:02","2020-05-09","2020-05-09","2021-05-09","379","Arsys Internet, S.L. dba NICLINE.COM","whois.nicline.com","http://www.nicline.com","REDACTED FOR PRIVACY","","REDACTED FOR PRIVACY","REDACTED FOR PRIVACY","HUELVA","REDACTED FOR PRIVACY","Spain","whoiscontact@domainconnection.info","REDACTED FOR PRIVACY","REDACTED FOR PRIVACY","REDACTED FOR PRIVACY","REDACTED FOR PRIVACY","REDACTED FOR PRIVACY","REDACTED FOR PRIVACY","REDACTED FOR PRIVACY","REDACTED FOR PRIVACY","REDACTED FOR PRIVACY","whoiscontact@domainconnection.info","REDACTED FOR PRIVACY","REDACTED FOR PRIVACY","REDACTED FOR PRIVACY","REDACTED FOR PRIVACY","REDACTED FOR PRIVACY","REDACTED FOR PRIVACY","REDACTED FOR PRIVACY","REDACTED FOR PRIVACY","REDACTED FOR PRIVACY","whoiscontact@domainconnection.info","REDACTED FOR PRIVACY","REDACTED FOR PRIVACY","","","","","","","","","","","ns13.piensasolutions.com","ns14.piensasolutions.com","","","addPeriod","clientTransferProhibited","",""
"39","evolred.net","2020-05-12 21:48:00","2020-05-09","2020-05-09","2021-05-09","955","Launchpad, Inc.","whois.launchpad.com","http://www.launchpad.com","GDPR Masked","GDPR Masked","GDPR Masked","GDPR Masked","LE","GDPR Masked","Spain","gdpr-masking@gdpr-masked.com","GDPR Masked","GDPR Masked","GDPR Masked","GDPR Masked","GDPR Masked","GDPR Masked","GDPR Masked","GDPR Masked","GDPR Masked","gdpr-masking@gdpr-masked.com","GDPR Masked","GDPR Masked","GDPR Masked","GDPR Masked","GDPR Masked","GDPR Masked","GDPR Masked","GDPR Masked","GDPR Masked","gdpr-masking@gdpr-masked.com","GDPR Masked","GDPR Masked","","","","","","","","","","","ns8137.hostgator.com","ns8138.hostgator.com","","","clientTransferProhibited","","",""
"40","fedivers.net","2020-05-12 21:47:53","2020-05-09","2020-05-09","2021-05-09","1403","10dencehispahard, S.L.","whois.cdmon.com","http://www.cdmon.com","REDACTED FOR PRIVACY","","REDACTED FOR PRIVACY","REDACTED FOR PRIVACY","Barcelona","REDACTED FOR PRIVACY","Spain","","REDACTED FOR PRIVACY","REDACTED FOR PRIVACY","REDACTED FOR PRIVACY","REDACTED FOR PRIVACY","REDACTED FOR PRIVACY","REDACTED FOR PRIVACY","REDACTED FOR PRIVACY","REDACTED FOR PRIVACY","REDACTED FOR PRIVACY","","REDACTED FOR PRIVACY","REDACTED FOR PRIVACY","REDACTED FOR PRIVACY","REDACTED FOR PRIVACY","REDACTED FOR PRIVACY","REDACTED FOR PRIVACY","REDACTED FOR PRIVACY","REDACTED FOR PRIVACY","REDACTED FOR PRIVACY","","REDACTED FOR PRIVACY","REDACTED FOR PRIVACY","","","","","","","","","","","ns1.cdmon.net","ns2.cdmon.net","ns3.cdmon.net","ns4.cdmondns-01.org","clientTransferProhibited","","",""
"41","femcomarca.cat","2020-05-12 19:21:43","2020-05-11","","2021-05-11","76","Nominalia Internet S.L.","whois.nominalia.com","http://www.nominalia.com","LA PATUMAIRE EDICIONS, SL","LA PATUMAIRE EDICIONS, SL","","","B","","Spain","","","","","","","","","","","","","","","","","","","","","","","","","","","","","","","","","","dns1.nominalia.com","dns2.nominalia.com","","","addPeriod","serverTransferProhibited","",""
"42","fractals.blue","2020-05-12 19:16:15","2020-05-11","","2021-05-11","1383","Soluciones Corporativas IP, SLU","whois.scip.es","http://www.dondominio.com","Dueroimagen","Dueroimagen","","","Burgos","","Spain","","","","","","","","","","","","","","","","","","","","","","","","","","","","","","","","","","ns1.hostingrapido.com","ns2.hostingrapido.com","","","addPeriod","serverTransferProhibited","",""
"43","freeanimals.cat","2020-05-08 18:59:14","2020-05-07","","2021-05-07","76","Nominalia Internet S.L.","whois.nominalia.com","http://www.nominalia.com","Amat Batlle","Amat Batlle","","","B","","Spain","","","","","","","","","","","","","","","","","","","","","","","","","","","","","","","","","","dns1.nominalia.com","dns2.nominalia.com","","","addPeriod","serverTransferProhibited","",""
"44","frutascalvo.net","2020-05-12 21:47:42","2020-05-09","2020-05-09","2021-05-09","140","Acens Technologies, S.L.U.","whois.ascio.com","http://www.ascio.com","itzidata slu","itzidata slu","","","HUESCA","","Spain","","","","","","","","","","","","","","","","","","","","","","","","","","","","","","","","","","ns10.servicio-online.net","ns11.servicio-online.net","ns12.servicio-online.net","","OK","","",""
"45","fxstake.net","2020-05-12 21:47:38","2020-05-10","2020-05-10","2021-05-10","76","Nominalia Internet S.L.","whois.nominalia.com","http://www.nominalia.com","REDACTED FOR PRIVACY","REDACTED FOR PRIVACY","REDACTED FOR PRIVACY","REDACTED FOR PRIVACY","SA","REDACTED FOR PRIVACY","Spain","","REDACTED.FORPRIVACY","REDACTED.FORPRIVACY","REDACTED FOR PRIVACY","REDACTED FOR PRIVACY","REDACTED FOR PRIVACY","REDACTED FOR PRIVACY","SA","REDACTED FOR PRIVACY","Spain","","REDACTED.FORPRIVACY","REDACTED.FORPRIVACY","REDACTED FOR PRIVACY","REDACTED FOR PRIVACY","REDACTED FOR PRIVACY","REDACTED FOR PRIVACY","Barcelona","REDACTED FOR PRIVACY","Spain","","REDACTED.FORPRIVACY","REDACTED.FORPRIVACY","","","","","","","","","","","dns1.nominalia.com","dns2.nominalia.com","","","OK","","",""
"46","gafasymascarillas.net","2020-05-12 21:47:43","2020-05-09","2020-05-09","2021-05-09","76","Nominalia Internet S.L.","whois.nominalia.com","http://www.nominalia.com","REDACTED FOR PRIVACY","REDACTED FOR PRIVACY","REDACTED FOR PRIVACY","REDACTED FOR PRIVACY","A","REDACTED FOR PRIVACY","Spain","","REDACTED.FORPRIVACY","REDACTED.FORPRIVACY","REDACTED FOR PRIVACY","REDACTED FOR PRIVACY","REDACTED FOR PRIVACY","REDACTED FOR PRIVACY","A","REDACTED FOR PRIVACY","Spain","","REDACTED.FORPRIVACY","REDACTED.FORPRIVACY","REDACTED FOR PRIVACY","REDACTED FOR PRIVACY","REDACTED FOR PRIVACY","REDACTED FOR PRIVACY","Barcelona","REDACTED FOR PRIVACY","Spain","","REDACTED.FORPRIVACY","REDACTED.FORPRIVACY","","","","","","","","","","","dns1.nominalia.com","dns2.nominalia.com","","","OK","","",""
"47","garoelectronica.net","2020-05-12 21:47:35","2020-05-08","2020-05-12","2021-05-08","1383","Soluciones Corporativas IP, SLU","whois.scip.es","http://www.dondominio.com","Whois Privacy Service Protects this domain","Soluciones Corporativas IP, c/o Whois Proxy","C/ Menestrals 14","Manacor","Illes Balears","07500","Spain","garoelectronica.net@whoisprivacycontact.com","+34.871987733","+34.871986601","Whois Privacy Service Protects this domain","Soluciones Corporativas IP, c/o Whois Proxy","C/ Menestrals 14","Manacor","Illes Balears","07500","Spain","garoelectronica.net@whoisprivacycontact.com","+34.871987733","+34.871986601","Whois Privacy Service Protects this domain","Soluciones Corporativas IP, c/o Whois Proxy","C/ Menestrals 14","Manacor","Illes Balears","07500","Spain","garoelectronica.net@whoisprivacycontact.com","+34.871987733","+34.871986601","","","","","","","","","","","ns871.webempresa.eu","ns872.webempresa.eu","","","clientTransferProhibited","ok","",""
"48","gramatex.net","2020-05-12 21:47:27","2020-05-09","2020-05-10","2021-05-09","379","Arsys Internet, S.L. dba NICLINE.COM","whois.nicline.com","http://www.nicline.com","REDACTED FOR PRIVACY","MATEOS ADVOCATS, S. L.P","REDACTED FOR PRIVACY","REDACTED FOR PRIVACY","BARCELONA","REDACTED FOR PRIVACY","Spain","whoiscontact@domainconnection.info","REDACTED FOR PRIVACY","REDACTED FOR PRIVACY","REDACTED FOR PRIVACY","REDACTED FOR PRIVACY","REDACTED FOR PRIVACY","REDACTED FOR PRIVACY","REDACTED FOR PRIVACY","REDACTED FOR PRIVACY","REDACTED FOR PRIVACY","whoiscontact@domainconnection.info","REDACTED FOR PRIVACY","REDACTED FOR PRIVACY","REDACTED FOR PRIVACY","REDACTED FOR PRIVACY","REDACTED FOR PRIVACY","REDACTED FOR PRIVACY","REDACTED FOR PRIVACY","REDACTED FOR PRIVACY","REDACTED FOR PRIVACY","whoiscontact@domainconnection.info","REDACTED FOR PRIVACY","REDACTED FOR PRIVACY","","","","","","","","","","","dns49.servidoresdns.net","dns50.servidoresdns.net","","","addPeriod","clientTransferProhibited","",""
"49","gravitycraft.net","2020-05-12 21:47:23","2020-05-10","2020-05-10","2021-05-10","303","PDR Ltd. d/b/a PublicDomainRegistry.com","whois.publicdomainregistry.com","http://www.publicdomainregistry.com","GDPR Masked","GDPR Masked","GDPR Masked","GDPR Masked","Toledo","GDPR Masked","Spain","gdpr-masking@gdpr-masked.com","GDPR Masked","GDPR Masked","GDPR Masked","GDPR Masked","GDPR Masked","GDPR Masked","GDPR Masked","GDPR Masked","GDPR Masked","gdpr-masking@gdpr-masked.com","GDPR Masked","GDPR Masked","GDPR Masked","GDPR Masked","GDPR Masked","GDPR Masked","GDPR Masked","GDPR Masked","GDPR Masked","gdpr-masking@gdpr-masked.com","GDPR Masked","GDPR Masked","","","","","","","","","","","ns1.dns-parking.com","ns2.dns-parking.com","","","clientTransferProhibited","","",""
"50","happyproject.cat","2020-05-12 19:21:43","2020-05-11","2020-05-11","2021-05-11","1262","Dinahosting s.l.","whois.dinahosting.com","http://www.dinahosting.com","","","","","Barcelona","","Spain","","","","","","","","","","","","","","","","","","","","","","","","","","","","","","","","","","ns.dinahosting.com","ns2.dinahosting.com","ns3.dinahosting.com","ns4.dinahosting.com","addPeriod","clientDeleteProhibited","clientTransferProhibited","serverTransferProhibited"
"51","iase-certifications.foundation","2020-05-12 20:28:42","2020-05-11","2020-05-11","2021-05-11","433","OVH sas","whois.ovh.com","http://www.ovh.com","REDACTED FOR PRIVACY","Global Wealth Planning SL","REDACTED FOR PRIVACY","REDACTED FOR PRIVACY","","REDACTED FOR PRIVACY","Spain","","REDACTED FOR PRIVACY","REDACTED FOR PRIVACY","","","","","","","","","","","","","","","","","","","","","","","","","","","","","","","","","","","addPeriod","clientDeleteProhibited","clientTransferProhibited",""
"52","jairo.ovh","2020-05-12 22:17:23","2020-05-11","2020-05-11","2021-05-11","433","OVH sas","whois.ovh.com","http://www.ovh.com","REDACTED FOR PRIVACY","Elitek Soluciones Informaticas S. Coop. Galega","REDACTED FOR PRIVACY","REDACTED FOR PRIVACY","","REDACTED FOR PRIVACY","Spain","","REDACTED FOR PRIVACY","REDACTED FOR PRIVACY","REDACTED FOR PRIVACY","REDACTED FOR PRIVACY","REDACTED FOR PRIVACY","REDACTED FOR PRIVACY","REDACTED FOR PRIVACY","REDACTED FOR PRIVACY","REDACTED FOR PRIVACY","","REDACTED FOR PRIVACY","REDACTED FOR PRIVACY","REDACTED FOR PRIVACY","REDACTED FOR PRIVACY","REDACTED FOR PRIVACY","REDACTED FOR PRIVACY","REDACTED FOR PRIVACY","REDACTED FOR PRIVACY","REDACTED FOR PRIVACY","","REDACTED FOR PRIVACY","REDACTED FOR PRIVACY","","","","","","","","","","","dns111.ovh.net","ns111.ovh.net","","","addPeriod","clientDeleteProhibited","clientTransferProhibited",""
"53","jengibre.life","2020-05-12 21:08:12","2020-05-08","2020-05-08","2021-05-08","1647","Hosting Concepts B.V. dba Openprovider","whois.registrar.eu","http://www.openprovider.com","REDACTED FOR PRIVACY","","REDACTED FOR PRIVACY","REDACTED FOR PRIVACY","Santa Cruz de Tenerife","REDACTED FOR PRIVACY","Spain","","REDACTED FOR PRIVACY","REDACTED FOR PRIVACY","","","","","","","","","","","","","","","","","","","","","","","","","","","","","","","","","","","addPeriod","clientTransferProhibited","",""
"54","kiwano.pro","2020-05-12 22:47:35","2020-05-11","","2021-05-11","1383","Soluciones Corporativas IP, SLU","whois.scip.es","http://www.dondominio.com","KRANGEL & ASOCIADOS","KRANGEL & ASOCIADOS","","","Barcelona","","Spain","","","","","","","","","","","","","","","","","","","","","","","","","","","","","","","","","","ns1.dondominio.com","ns2.dondominio.com","","","addPeriod","serverTransferProhibited","",""
"55","km0.promo","2020-05-12 22:47:32","2020-05-09","","2021-05-09","1345","Key-Systems, LLC","whois.nic.uk","http://www.key-systems.net/","","","","","Barcelona","","Spain","","","","","","","","","","","","","","","","","","","","","","","","","","","","","","","","","","dns2.guebs.com","dns3.guebs.com","dns4.guebs.com","","addPeriod","serverTransferProhibited","",""
"56","lacita.cat","2020-05-12 19:21:46","2020-05-11","2020-05-11","2021-05-11","1262","Dinahosting s.l.","whois.dinahosting.com","http://www.dinahosting.com","Interactiu Comunicacio Digital, SL","Interactiu Comunicacio Digital, SL","","","Girona","","Spain","","","","","","","","","","","","","","","","","","","","","","","","","","","","","","","","","","ns.gestiondecuenta.com","ns2.gestiondecuenta.com","ns3.gestiondecuenta.com","ns4.gestiondecuenta.com","addPeriod","clientDeleteProhibited","clientTransferProhibited","serverTransferProhibited"
"57","lagela.cat","2020-05-12 19:21:43","2020-05-11","2020-05-11","2021-05-11","1647","Hosting Concepts B.V. dba Openprovider","whois.registrar.eu","http://www.openprovider.com","Grup Informatic de Serveis, S.L.","Grup Informatic de Serveis, S.L.","","","Tarragona","","Spain","","","","","","","","","","","","","","","","","","","","","","","","","","","","","","","","","","ns31.dnspropio.com","ns32.dnspropio.com","","","addPeriod","clientTransferProhibited","serverTransferProhibited",""
"58","lamatxina.cat","2020-05-12 19:21:43","2020-05-11","2020-05-11","2021-05-11","76","Nominalia Internet S.L.","whois.nominalia.com","http://www.nominalia.com","Asteroid Studio SRL","Asteroid Studio SRL","","","B","","Spain","","","","","","","","","","","","","","","","","","","","","","","","","","","","","","","","","","ns1.messagingengine.com","ns2.messagingengine.com","","","addPeriod","serverTransferProhibited","",""
"59","lanima-activitats-conscients.cat","2020-05-12 19:21:42","2020-05-11","","2021-05-11","1383","Soluciones Corporativas IP, SLU","whois.scip.es","http://www.dondominio.com","aTotArreu SL","aTotArreu SL","","","Barcelona","","Spain","","","","","","","","","","","","","","","","","","","","","","","","","","","","","","","","","","sdns2.ovh.net","virtualplesk1.atotarreu.com","","","addPeriod","serverTransferProhibited","",""
"60","lapatumaire.cat","2020-05-12 19:21:43","2020-05-11","","2021-05-11","76","Nominalia Internet S.L.","whois.nominalia.com","http://www.nominalia.com","LA PATUMAIRE EDICIONS, SL","LA PATUMAIRE EDICIONS, SL","","","B","","Spain","","","","","","","","","","","","","","","","","","","","","","","","","","","","","","","","","","dns1.nominalia.com","dns2.nominalia.com","","","addPeriod","serverTransferProhibited","",""
"61","lasfotosdelcole.info","2020-05-12 07:24:23","2020-05-09","2020-05-09","2021-05-09","1647","Hosting Concepts B.V. dba Openprovider","whois.registrar.eu","http://www.openprovider.com","","","","","","","Spain","","","","","","","","","","","","","","","","","","","","","","","","","","","","","","","","","","ns1.am20.siteground.biz","ns2.am20.siteground.biz","","","addPeriod","clientTransferProhibited","serverTransferProhibited",""
"62","manifiestoresidenciaspublicas.info","2020-05-12 20:59:19","2020-05-11","2020-05-11","2021-05-11","379","Arsys Internet, S.L. dba NICLINE.COM","whois.nicline.com","http://www.nicline.com","Asociacion Munzenberg Estudios Culturales","Asociacion Munzenberg Estudios Culturales","","","ZARAGOZA","","Spain","","","","","","","","","","","","","","","","","","","","","","","","","","","","","","","","","","dns49.servidoresdns.net","dns50.servidoresdns.net","","","addPeriod","clientTransferProhibited","serverTransferProhibited",""
"63","mascanbuch.cat","2020-05-12 19:21:44","2020-05-11","","2021-05-11","76","Nominalia Internet S.L.","whois.nominalia.com","http://www.nominalia.com","Gerard Bofill Vaque","Gerard Bofill Vaque","","","GI","","Spain","","","","","","","","","","","","","","","","","","","","","","","","","","","","","","","","","","dns1.nominalia.com","dns2.nominalia.com","","","addPeriod","serverTransferProhibited","",""
"64","medavirel.cat","2020-05-12 19:21:42","2020-05-11","2020-05-11","2021-05-11","379","Arsys Internet, S.L. dba NICLINE.COM","whois.nicline.com","http://www.nicline.com","FO2 SL","FO2 SL","","","BARCELONA","","Spain","","","","","","","","","","","","","","","","","","","","","","","","","","","","","","","","","","dns49.servidoresdns.net","dns50.servidoresdns.net","","","addPeriod","clientTransferProhibited","serverTransferProhibited",""
"65","mejorantivirus.info","2020-05-12 20:59:14","2020-05-10","2020-05-10","2021-05-10","146","GoDaddy.com, LLC","whois.godaddy.com","http://registrar.godaddy.com","","","","","Cadiz","","Spain","","","","","","","","","","","","","","","","","","","","","","","","","","","","","","","","","","ns55.domaincontrol.com","ns56.domaincontrol.com","","","addPeriod","clientDeleteProhibited","clientRenewProhibited","clientTransferProhibited"
"66","memobility.cat","2020-05-12 19:21:43","2020-05-11","","2021-05-11","76","Nominalia Internet S.L.","whois.nominalia.com","http://www.nominalia.com","Alberto Jumilla","Alberto Jumilla","","","B","","Spain","","","","","","","","","","","","","","","","","","","","","","","","","","","","","","","","","","dns1.nominalia.com","dns2.nominalia.com","","","addPeriod","serverTransferProhibited","",""
"67","menu.ovh","2020-05-12 22:17:16","2020-05-08","2020-05-08","2021-05-08","433","OVH sas","whois.ovh.com","http://www.ovh.com","REDACTED FOR PRIVACY","","REDACTED FOR PRIVACY","REDACTED FOR PRIVACY","","REDACTED FOR PRIVACY","Spain","","REDACTED FOR PRIVACY","REDACTED FOR PRIVACY","REDACTED FOR PRIVACY","REDACTED FOR PRIVACY","REDACTED FOR PRIVACY","REDACTED FOR PRIVACY","REDACTED FOR PRIVACY","REDACTED FOR PRIVACY","REDACTED FOR PRIVACY","","REDACTED FOR PRIVACY","REDACTED FOR PRIVACY","REDACTED FOR PRIVACY","REDACTED FOR PRIVACY","REDACTED FOR PRIVACY","REDACTED FOR PRIVACY","REDACTED FOR PRIVACY","REDACTED FOR PRIVACY","REDACTED FOR PRIVACY","","REDACTED FOR PRIVACY","REDACTED FOR PRIVACY","","","","","","","","","","","dns111.ovh.net","ns111.ovh.net","","","addPeriod","clientDeleteProhibited","clientTransferProhibited",""
"68","menuqr.info","2020-05-12 08:09:28","2020-05-08","2020-05-08","2021-05-08","379","Arsys Internet, S.L. dba NICLINE.COM","whois.nicline.com","http://www.nicline.com","","","","","ALICANTE","","Spain","","","","","","","","","","","","","","","","","","","","","","","","","","","","","","","","","","ns1.iukanet.com","ns2.iukanet.com","","","addPeriod","clientTransferProhibited","serverTransferProhibited",""
"69","minersl.cat","2020-05-12 19:21:44","2020-05-11","","2021-05-11","1383","Soluciones Corporativas IP, SLU","whois.scip.es","http://www.dondominio.com","LANCOMPUTER","LANCOMPUTER","","","Barcelona","","Spain","","","","","","","","","","","","","","","","","","","","","","","","","","","","","","","","","","ns0.dnshostprov.com","ns1.dnshostprov.com","ns2.dnshostprov.com","","addPeriod","serverTransferProhibited","",""
"70","mipiscina.info","2020-05-12 20:59:14","2020-05-11","2020-05-11","2022-05-11","433","OVH sas","whois.ovh.com","http://www.ovh.com","","","","","","","Spain","","","","","","","","","","","","","","","","","","","","","","","","","","","","","","","","","","dns111.ovh.net","ns111.ovh.net","","","addPeriod","clientDeleteProhibited","clientTransferProhibited","serverTransferProhibited"
"71","misantander-es.info","2020-05-12 20:59:18","2020-05-11","2020-05-11","2021-05-11","146","GoDaddy.com, LLC","whois.godaddy.com","http://registrar.godaddy.com","","","","","Ourense","","Spain","","","","","","","","","","","","","","","","","","","","","","","","","","","","","","","","","","ns23.domaincontrol.com","ns24.domaincontrol.com","","","addPeriod","clientDeleteProhibited","clientHold","clientRenewProhibited"
"72","mlforscientists.info","2020-05-12 20:59:14","2020-05-08","2020-05-08","2021-05-08","146","GoDaddy.com, LLC","whois.godaddy.com","http://registrar.godaddy.com","","","","","Madrid","","Spain","","","","","","","","","","","","","","","","","","","","","","","","","","","","","","","","","","ns55.domaincontrol.com","ns56.domaincontrol.com","","","addPeriod","clientDeleteProhibited","clientRenewProhibited","clientTransferProhibited"
"73","moda.ovh","2020-05-12 22:17:14","2020-05-08","2020-05-08","2021-05-08","433","OVH sas","whois.ovh.com","http://www.ovh.com","REDACTED FOR PRIVACY","","REDACTED FOR PRIVACY","REDACTED FOR PRIVACY","","REDACTED FOR PRIVACY","Spain","","REDACTED FOR PRIVACY","REDACTED FOR PRIVACY","REDACTED FOR PRIVACY","REDACTED FOR PRIVACY","REDACTED FOR PRIVACY","REDACTED FOR PRIVACY","REDACTED FOR PRIVACY","REDACTED FOR PRIVACY","REDACTED FOR PRIVACY","","REDACTED FOR PRIVACY","REDACTED FOR PRIVACY","REDACTED FOR PRIVACY","REDACTED FOR PRIVACY","REDACTED FOR PRIVACY","REDACTED FOR PRIVACY","REDACTED FOR PRIVACY","REDACTED FOR PRIVACY","REDACTED FOR PRIVACY","","REDACTED FOR PRIVACY","REDACTED FOR PRIVACY","","","","","","","","","","","dns111.ovh.net","ns111.ovh.net","","","addPeriod","clientDeleteProhibited","clientTransferProhibited",""
"74","morpheus.guru","2020-05-12 20:47:25","2020-05-10","2020-05-10","2021-05-10","146","GoDaddy.com, LLC","whois.godaddy.com","http://registrar.godaddy.com","REDACTED FOR PRIVACY","","REDACTED FOR PRIVACY","REDACTED FOR PRIVACY","Barcelona","REDACTED FOR PRIVACY","Spain","","REDACTED FOR PRIVACY","REDACTED FOR PRIVACY","","","","","","","","","","","","","","","","","","","","","","","","","","","","","","","","","","","addPeriod","clientDeleteProhibited","clientRenewProhibited","clientTransferProhibited"
"75","movil.ovh","2020-05-12 22:17:13","2020-05-08","2020-05-08","2021-05-08","433","OVH sas","whois.ovh.com","http://www.ovh.com","REDACTED FOR PRIVACY","","REDACTED FOR PRIVACY","REDACTED FOR PRIVACY","","REDACTED FOR PRIVACY","Spain","","REDACTED FOR PRIVACY","REDACTED FOR PRIVACY","REDACTED FOR PRIVACY","REDACTED FOR PRIVACY","REDACTED FOR PRIVACY","REDACTED FOR PRIVACY","REDACTED FOR PRIVACY","REDACTED FOR PRIVACY","REDACTED FOR PRIVACY","","REDACTED FOR PRIVACY","REDACTED FOR PRIVACY","REDACTED FOR PRIVACY","REDACTED FOR PRIVACY","REDACTED FOR PRIVACY","REDACTED FOR PRIVACY","REDACTED FOR PRIVACY","REDACTED FOR PRIVACY","REDACTED FOR PRIVACY","","REDACTED FOR PRIVACY","REDACTED FOR PRIVACY","","","","","","","","","","","dns111.ovh.net","ns111.ovh.net","","","addPeriod","clientDeleteProhibited","clientTransferProhibited",""
"76","mycounter.info","2020-05-12 20:59:14","2020-05-10","2020-05-10","2021-05-10","81","Gandi SAS","whois.gandi.net","http://www.gandi.net","","","","","B","","Spain","","","","","","","","","","","","","","","","","","","","","","","","","","","","","","","","","","ns-1396.awsdns-46.org","ns-2013.awsdns-59.co.uk","ns-510.awsdns-63.com","ns-660.awsdns-18.net","addPeriod","clientTransferProhibited","serverTransferProhibited",""
"77","myoffers.life","2020-05-12 21:08:05","2020-05-10","2020-05-10","2021-05-10","146","GoDaddy.com, LLC","whois.godaddy.com","http://registrar.godaddy.com","REDACTED FOR PRIVACY","","REDACTED FOR PRIVACY","REDACTED FOR PRIVACY","Huelva","REDACTED FOR PRIVACY","Spain","","REDACTED FOR PRIVACY","REDACTED FOR PRIVACY","","","","","","","","","","","","","","","","","","","","","","","","","","","","","","","","","","","addPeriod","clientDeleteProhibited","clientRenewProhibited","clientTransferProhibited"
"78","neumaticosvalencia.info","2020-05-12 20:59:12","2020-05-08","","2021-05-08","140","Acens Technologies, S.L.U.","whois.ascio.com","http://www.ascio.com","CESAR ESCRICHE","CESAR ESCRICHE","","","VALENCIA","","Spain","","","","","","","","","","","","","","","","","","","","","","","","","","","","","","","","","","ns3.dns-servicios.es","ns4.dns-servicios.es","","","addPeriod","serverTransferProhibited","",""
"79","oniric.guru","2020-05-12 20:47:26","2020-05-11","2020-05-11","2021-05-11","146","GoDaddy.com, LLC","whois.godaddy.com","http://registrar.godaddy.com","REDACTED FOR PRIVACY","","REDACTED FOR PRIVACY","REDACTED FOR PRIVACY","Barcelona","REDACTED FOR PRIVACY","Spain","","REDACTED FOR PRIVACY","REDACTED FOR PRIVACY","","","","","","","","","","","","","","","","","","","","","","","","","","","","","","","","","","","addPeriod","clientDeleteProhibited","clientRenewProhibited","clientTransferProhibited"
"80","orfeomanresa.cat","2020-05-12 19:21:43","2020-05-11","2020-05-11","2021-05-11","1262","Dinahosting s.l.","whois.dinahosting.com","http://www.dinahosting.com","","","","","a Coruna","","Spain","","","","","","","","","","","","","","","","","","","","","","","","","","","","","","","","","","ns.dinahosting.com","ns2.dinahosting.com","ns3.dinahosting.com","ns4.dinahosting.com","addPeriod","clientDeleteProhibited","clientTransferProhibited","serverTransferProhibited"
"81","osciloscopios.pro","2020-05-12 18:53:18","2020-05-10","2020-05-10","2021-05-10","1647","Hosting Concepts B.V. dba Openprovider","whois.registrar.eu","http://www.openprovider.com","","","","","Barcelona","","Spain","","","","","","","","","","","","","","","","","","","","","","","","","","","","","","","","","","dns1.sered.net","dns2.sered.net","dns3.sered.net","dns4.sered.net","addPeriod","clientTransferProhibited","serverTransferProhibited",""
"82","pagament.cat","2020-05-12 19:21:43","2020-05-11","2020-05-11","2021-05-11","379","Arsys Internet, S.L. dba NICLINE.COM","whois.nicline.com","http://www.nicline.com","Facil Internet y Host, S.L.","Facil Internet y Host, S.L.","","","LAS PALMAS","","Spain","","","","","","","","","","","","","","","","","","","","","","","","","","","","","","","","","","ns1.donweb.com","ns2.donweb.com","","","addPeriod","clientTransferProhibited","serverTransferProhibited",""
"83","paisageo.info","2020-05-12 21:06:03","2020-05-11","2020-05-12","2021-05-11","379","Arsys Internet, S.L. dba NICLINE.COM","whois.nicline.com","http://www.nicline.com","","","","","Navarra","","Spain","","","","","","","","","","","","","","","","","","","","","","","","","","","","","","","","","","dns1.tpiol.com","dns2.tpiol.com","","","addPeriod","serverTransferProhibited","",""
"84","palatedeorum.info","2020-05-12 21:06:04","2020-05-11","","2021-05-11","140","Acens Technologies, S.L.U.","whois.ascio.com","http://www.ascio.com","jaime reverte brotons","jaime reverte brotons","","","ALICANTE","","Spain","","","","","","","","","","","","","","","","","","","","","","","","","","","","","","","","","","ns10.servicio-online.net","ns11.servicio-online.net","ns12.servicio-online.net","","addPeriod","serverTransferProhibited","",""
"85","parabicicletas.info","2020-05-12 09:23:09","2020-05-10","2020-05-10","2021-05-10","1647","Hosting Concepts B.V. dba Openprovider","whois.registrar.eu","http://www.openprovider.com","","","","","Madrid","","Spain","","","","","","","","","","","","","","","","","","","","","","","","","","","","","","","","","","dns1.sered.net","dns2.sered.net","","","addPeriod","clientTransferProhibited","serverTransferProhibited",""
"86","paralanieve.info","2020-05-12 21:06:03","2020-05-11","2020-05-11","2021-05-11","1647","Hosting Concepts B.V. dba Openprovider","whois.registrar.eu","http://www.openprovider.com","","","","","Barcelona","","Spain","","","","","","","","","","","","","","","","","","","","","","","","","","","","","","","","","","dns1.sered.net","dns2.sered.net","","","addPeriod","clientTransferProhibited","serverTransferProhibited",""
"87","parapelorizado.info","2020-05-12 21:06:04","2020-05-10","2020-05-10","2021-05-10","1647","Hosting Concepts B.V. dba Openprovider","whois.registrar.eu","http://www.openprovider.com","","","","","MURCIA","","Spain","","","","","","","","","","","","","","","","","","","","","","","","","","","","","","","","","","dns1.sered.net","dns2.sered.net","","","addPeriod","clientTransferProhibited","serverTransferProhibited",""
"88","patidelgall.cat","2020-05-12 19:21:43","2020-05-11","2020-05-11","2021-05-11","1262","Dinahosting s.l.","whois.dinahosting.com","http://www.dinahosting.com","","","","","Barcelona","","Spain","","","","","","","","","","","","","","","","","","","","","","","","","","","","","","","","","","ns.gestiondecuenta.com","ns2.gestiondecuenta.com","ns3.gestiondecuenta.com","ns4.gestiondecuenta.com","addPeriod","clientDeleteProhibited","clientTransferProhibited","serverTransferProhibited"
"89","patogeno.info","2020-05-12 09:26:11","2020-05-09","2020-05-09","2021-05-09","1478","CV. Jogjacamp","whois.resellercamp.com","http://www.idwebhost.com","7 Media Networks LTD","7 Media Networks LTD","","","Birmingham","","Spain","","","","","","","","","","","","","","","","","","","","","","","","","","","","","","","","","","ns1.onlinesuite.net","ns2.onlinesuite.net","","","addPeriod","clientTransferProhibited","serverTransferProhibited",""
"90","patogenos.info","2020-05-12 09:26:13","2020-05-09","2020-05-09","2021-05-09","1478","CV. Jogjacamp","whois.resellercamp.com","http://www.idwebhost.com","7 Media Networks LTD","7 Media Networks LTD","","","Birmingham","","Spain","","","","","","","","","","","","","","","","","","","","","","","","","","","","","","","","","","ns1.onlinesuite.net","ns2.onlinesuite.net","","","addPeriod","clientTransferProhibited","serverTransferProhibited",""
"91","pattas.net","2020-05-12 21:50:54","2020-05-10","2020-05-10","2021-05-10","83","1&1 Internet AG","whois.schlund.info","http://1and1.com","REDACTED FOR PRIVACY","","REDACTED FOR PRIVACY","REDACTED FOR PRIVACY","SE","REDACTED FOR PRIVACY","Spain","dataprivacyprotected@1und1.de","REDACTED FOR PRIVACY","REDACTED FOR PRIVACY","REDACTED FOR PRIVACY","REDACTED FOR PRIVACY","REDACTED FOR PRIVACY","REDACTED FOR PRIVACY","REDACTED FOR PRIVACY","REDACTED FOR PRIVACY","REDACTED FOR PRIVACY","dataprivacyprotected@1und1.de","REDACTED FOR PRIVACY","REDACTED FOR PRIVACY","REDACTED FOR PRIVACY","REDACTED FOR PRIVACY","REDACTED FOR PRIVACY","REDACTED FOR PRIVACY","REDACTED FOR PRIVACY","REDACTED FOR PRIVACY","REDACTED FOR PRIVACY","dataprivacyprotected@1und1.de","REDACTED FOR PRIVACY","REDACTED FOR PRIVACY","","","","","","","","","","","ns1076.ui-dns.de","ns1108.ui-dns.biz","ns1121.ui-dns.org","ns1124.ui-dns.com","addPeriod","clientTransferProhibited","",""
"92","pdfescape.info","2020-05-12 21:06:02","2020-05-11","","2021-05-11","1383","Soluciones Corporativas IP, SLU","whois.scip.es","http://www.dondominio.com","Soluciones Corporativas IP, c/o Whois Proxy","Soluciones Corporativas IP, c/o Whois Proxy","","","Illes Balears","","Spain","","","","","","","","","","","","","","","","","","","","","","","","","","","","","","","","","","ns1601.webempresa.eu","ns1602.webempresa.eu","","","addPeriod","serverTransferProhibited","",""
"93","pecesyacuarios.net","2020-05-12 21:50:53","2020-05-09","2020-05-09","2021-05-09","1647","Hosting Concepts B.V. dba Openprovider","whois.registrar.eu","http://www.openprovider.com","REDACTED FOR PRIVACY","","REDACTED FOR PRIVACY","REDACTED FOR PRIVACY","Madrid","REDACTED FOR PRIVACY","Spain","","REDACTED FOR PRIVACY","REDACTED FOR PRIVACY","REDACTED FOR PRIVACY","REDACTED FOR PRIVACY","REDACTED FOR PRIVACY","REDACTED FOR PRIVACY","REDACTED FOR PRIVACY","REDACTED FOR PRIVACY","REDACTED FOR PRIVACY","","REDACTED FOR PRIVACY","REDACTED FOR PRIVACY","REDACTED FOR PRIVACY","REDACTED FOR PRIVACY","REDACTED FOR PRIVACY","REDACTED FOR PRIVACY","REDACTED FOR PRIVACY","REDACTED FOR PRIVACY","REDACTED FOR PRIVACY","","REDACTED FOR PRIVACY","REDACTED FOR PRIVACY","","","","","","","","","","","dns1.sered.net","dns2.sered.net","","","clientTransferProhibited","ok","",""
"94","penwin.info","2020-05-12 09:30:05","2020-05-08","2020-05-08","2021-05-08","146","GoDaddy.com, LLC","whois.godaddy.com","http://registrar.godaddy.com","BABY PENGUIN SL","BABY PENGUIN SL","","","Barcelona","","Spain","","","","","","","","","","","","","","","","","","","","","","","","","","","","","","","","","","ns65.domaincontrol.com","ns66.domaincontrol.com","","","addPeriod","clientDeleteProhibited","clientRenewProhibited","clientTransferProhibited"
"95","permeacare.net","2020-05-12 21:50:51","2020-05-10","2020-05-10","2021-05-10","141","Cronon AG","whois.cronon.net","http://www.cronon.net","","","","","","","Spain","domaincontact@reg.xlink.net","","","","","","","","","","","","","","","","","","","","","","","","","","","","","","","","","docks08.rzone.de","shades11.rzone.de","","","OK","","",""
"96","perravida.net","2020-05-12 21:50:51","2020-05-10","2020-05-10","2021-05-10","76","Nominalia Internet S.L.","whois.nominalia.com","http://www.nominalia.com","REDACTED FOR PRIVACY","REDACTED FOR PRIVACY","REDACTED FOR PRIVACY","REDACTED FOR PRIVACY","TO","REDACTED FOR PRIVACY","Spain","","REDACTED.FORPRIVACY","REDACTED.FORPRIVACY","REDACTED FOR PRIVACY","REDACTED FOR PRIVACY","REDACTED FOR PRIVACY","REDACTED FOR PRIVACY","TO","REDACTED FOR PRIVACY","Spain","","REDACTED.FORPRIVACY","REDACTED.FORPRIVACY","REDACTED FOR PRIVACY","REDACTED FOR PRIVACY","REDACTED FOR PRIVACY","REDACTED FOR PRIVACY","Barcelona","REDACTED FOR PRIVACY","Spain","","REDACTED.FORPRIVACY","REDACTED.FORPRIVACY","","","","","","","","","","","dns1.nominalia.com","dns2.nominalia.com","","","OK","","",""
"97","php2020.net","2020-05-12 21:50:48","2020-05-10","2020-05-10","2021-05-10","1383","Soluciones Corporativas IP, SLU","whois.scip.es","http://www.dondominio.com","REDACTED FOR PRIVACY","","REDACTED FOR PRIVACY","REDACTED FOR PRIVACY","Castellon","REDACTED FOR PRIVACY","Spain","","REDACTED FOR PRIVACY","REDACTED FOR PRIVACY","REDACTED FOR PRIVACY","REDACTED FOR PRIVACY","REDACTED FOR PRIVACY","REDACTED FOR PRIVACY","REDACTED FOR PRIVACY","REDACTED FOR PRIVACY","REDACTED FOR PRIVACY","","REDACTED FOR PRIVACY","REDACTED FOR PRIVACY","REDACTED FOR PRIVACY","REDACTED FOR PRIVACY","REDACTED FOR PRIVACY","REDACTED FOR PRIVACY","REDACTED FOR PRIVACY","REDACTED FOR PRIVACY","REDACTED FOR PRIVACY","","REDACTED FOR PRIVACY","REDACTED FOR PRIVACY","","","","","","","","","","","ns1.dondominio.com","ns2.dondominio.com","","","OK","","",""
"98","pickeasy.net","2020-05-12 21:50:48","2020-05-09","2020-05-09","2021-05-09","76","Nominalia Internet S.L.","whois.nominalia.com","http://www.nominalia.com","REDACTED FOR PRIVACY","REDACTED FOR PRIVACY","REDACTED FOR PRIVACY","REDACTED FOR PRIVACY","CR","REDACTED FOR PRIVACY","Spain","","REDACTED.FORPRIVACY","REDACTED.FORPRIVACY","REDACTED FOR PRIVACY","REDACTED FOR PRIVACY","REDACTED FOR PRIVACY","REDACTED FOR PRIVACY","CR","REDACTED FOR PRIVACY","Spain","","REDACTED.FORPRIVACY","REDACTED.FORPRIVACY","REDACTED FOR PRIVACY","REDACTED FOR PRIVACY","REDACTED FOR PRIVACY","REDACTED FOR PRIVACY","Barcelona","REDACTED FOR PRIVACY","Spain","","REDACTED.FORPRIVACY","REDACTED.FORPRIVACY","","","","","","","","","","","dns1.nominalia.com","dns2.nominalia.com","","","OK","","",""
"99","pneusenligne.net","2020-05-12 21:50:45","2020-05-08","2020-05-08","2021-05-08","2111","DropCatch.com 631 LLC","whois.namebright.com","http://www.dropcatch631.com","Redacted for GDPR privacy","david chelly","Redacted for GDPR privacy","Redacted for GDPR privacy","Valencia","Redacted for GDPR privacy","Spain","","Redacted for GDPR privacy","Redacted for GDPR privacy","Redacted for GDPR privacy","Redacted for GDPR privacy","Redacted for GDPR privacy","Redacted for GDPR privacy","Redacted for GDPR privacy","Redacted for GDPR privacy","Redacted for GDPR privacy","","Redacted for GDPR privacy","Redacted for GDPR privacy","Redacted for GDPR privacy","Redacted for GDPR privacy","Redacted for GDPR privacy","Redacted for GDPR privacy","Redacted for GDPR privacy","Redacted for GDPR privacy","Redacted for GDPR privacy","","Redacted for GDPR privacy","Redacted for GDPR privacy","","","","","","","","","","","","","","","clientTransferProhibited","","",""
"100","pozuelosalud.net","2020-05-12 21:50:42","2020-05-10","2020-05-10","2021-05-10","140","Acens Technologies, S.L.U.","whois.ascio.com","http://www.ascio.com","CarlosQ","CarlosQ","","","MADRID","","Spain","","","","","","","","","","","","","","","","","","","","","","","","","","","","","","","","","","ns10.servicio-online.net","ns11.servicio-online.net","ns12.servicio-online.net","","OK","","",""
"101","presupuestosueloradiante.cat","2020-05-12 19:21:42","2020-05-11","","2021-05-11","76","Nominalia Internet S.L.","whois.nominalia.com","http://www.nominalia.com","Paula Morales","Paula Morales","","","M","","Spain","","","","","","","","","","","","","","","","","","","","","","","","","","","","","","","","","","dns1.nominalia.com","dns2.nominalia.com","","","addPeriod","serverTransferProhibited","",""
"102","procupedia.net","2020-05-12 21:50:43","2020-05-10","2020-05-10","2022-05-10","146","GoDaddy.com, LLC","whois.godaddy.com","http://registrar.godaddy.com","","","","","a Coruna","","Spain","","","","","","","","","","","","","","","","","","","","","","","","","","","","","","","","","","ns07.domaincontrol.com","ns08.domaincontrol.com","","","clientDeleteProhibited","clientRenewProhibited","clientTransferProhibited","clientUpdateProhibited"
"103","propiedades-alimentos.net","2020-05-12 21:50:36","2020-05-10","2020-05-10","2021-05-10","69","Tucows Domains Inc.","whois.tucows.com","http://domainhelp.opensrs.net","REDACTED FOR PRIVACY","REDACTED FOR PRIVACY","REDACTED FOR PRIVACY","REDACTED FOR PRIVACY","Barcelona","REDACTED FOR PRIVACY","Spain","","REDACTED FOR PRIVACY","REDACTED FOR PRIVACY","REDACTED FOR PRIVACY","REDACTED FOR PRIVACY","REDACTED FOR PRIVACY","REDACTED FOR PRIVACY","REDACTED FOR PRIVACY","REDACTED FOR PRIVACY","REDACTED FOR PRIVACY","","REDACTED FOR PRIVACY","REDACTED FOR PRIVACY","REDACTED FOR PRIVACY","REDACTED FOR PRIVACY","REDACTED FOR PRIVACY","REDACTED FOR PRIVACY","REDACTED FOR PRIVACY","REDACTED FOR PRIVACY","REDACTED FOR PRIVACY","","REDACTED FOR PRIVACY","REDACTED FOR PRIVACY","","","","","","","","","","","ns1.losdns.net","ns2.losdns.net","ns3.losdns.net","","","","",""
"104","prototipo-socios24.ovh","2020-05-12 22:17:07","2020-05-11","2020-05-11","2021-05-11","433","OVH sas","whois.ovh.com","http://www.ovh.com","REDACTED FOR PRIVACY","","REDACTED FOR PRIVACY","REDACTED FOR PRIVACY","","REDACTED FOR PRIVACY","Spain","","REDACTED FOR PRIVACY","REDACTED FOR PRIVACY","REDACTED FOR PRIVACY","REDACTED FOR PRIVACY","REDACTED FOR PRIVACY","REDACTED FOR PRIVACY","REDACTED FOR PRIVACY","REDACTED FOR PRIVACY","REDACTED FOR PRIVACY","","REDACTED FOR PRIVACY","REDACTED FOR PRIVACY","REDACTED FOR PRIVACY","REDACTED FOR PRIVACY","REDACTED FOR PRIVACY","REDACTED FOR PRIVACY","REDACTED FOR PRIVACY","REDACTED FOR PRIVACY","REDACTED FOR PRIVACY","","REDACTED FOR PRIVACY","REDACTED FOR PRIVACY","","","","","","","","","","","ns3157296.ip-51-91-130.eu","sdns2.ovh.net","","","addPeriod","clientDeleteProhibited","clientTransferProhibited",""
"105","prototipo-socios26.ovh","2020-05-12 22:17:08","2020-05-11","2020-05-11","2021-05-11","433","OVH sas","whois.ovh.com","http://www.ovh.com","REDACTED FOR PRIVACY","","REDACTED FOR PRIVACY","REDACTED FOR PRIVACY","","REDACTED FOR PRIVACY","Spain","","REDACTED FOR PRIVACY","REDACTED FOR PRIVACY","REDACTED FOR PRIVACY","REDACTED FOR PRIVACY","REDACTED FOR PRIVACY","REDACTED FOR PRIVACY","REDACTED FOR PRIVACY","REDACTED FOR PRIVACY","REDACTED FOR PRIVACY","","REDACTED FOR PRIVACY","REDACTED FOR PRIVACY","REDACTED FOR PRIVACY","REDACTED FOR PRIVACY","REDACTED FOR PRIVACY","REDACTED FOR PRIVACY","REDACTED FOR PRIVACY","REDACTED FOR PRIVACY","REDACTED FOR PRIVACY","","REDACTED FOR PRIVACY","REDACTED FOR PRIVACY","","","","","","","","","","","ns3157296.ip-51-91-130.eu","sdns2.ovh.net","","","addPeriod","clientDeleteProhibited","clientTransferProhibited",""
"106","prototipo-socios27.ovh","2020-05-12 22:17:04","2020-05-11","2020-05-11","2021-05-11","433","OVH sas","whois.ovh.com","http://www.ovh.com","REDACTED FOR PRIVACY","","REDACTED FOR PRIVACY","REDACTED FOR PRIVACY","","REDACTED FOR PRIVACY","Spain","","REDACTED FOR PRIVACY","REDACTED FOR PRIVACY","REDACTED FOR PRIVACY","REDACTED FOR PRIVACY","REDACTED FOR PRIVACY","REDACTED FOR PRIVACY","REDACTED FOR PRIVACY","REDACTED FOR PRIVACY","REDACTED FOR PRIVACY","","REDACTED FOR PRIVACY","REDACTED FOR PRIVACY","REDACTED FOR PRIVACY","REDACTED FOR PRIVACY","REDACTED FOR PRIVACY","REDACTED FOR PRIVACY","REDACTED FOR PRIVACY","REDACTED FOR PRIVACY","REDACTED FOR PRIVACY","","REDACTED FOR PRIVACY","REDACTED FOR PRIVACY","","","","","","","","","","","ns3157296.ip-51-91-130.eu","sdns2.ovh.net","","","addPeriod","clientDeleteProhibited","clientTransferProhibited",""
"107","prototipo-socios28.ovh","2020-05-12 22:17:03","2020-05-11","2020-05-11","2021-05-11","433","OVH sas","whois.ovh.com","http://www.ovh.com","REDACTED FOR PRIVACY","","REDACTED FOR PRIVACY","REDACTED FOR PRIVACY","","REDACTED FOR PRIVACY","Spain","","REDACTED FOR PRIVACY","REDACTED FOR PRIVACY","REDACTED FOR PRIVACY","REDACTED FOR PRIVACY","REDACTED FOR PRIVACY","REDACTED FOR PRIVACY","REDACTED FOR PRIVACY","REDACTED FOR PRIVACY","REDACTED FOR PRIVACY","","REDACTED FOR PRIVACY","REDACTED FOR PRIVACY","REDACTED FOR PRIVACY","REDACTED FOR PRIVACY","REDACTED FOR PRIVACY","REDACTED FOR PRIVACY","REDACTED FOR PRIVACY","REDACTED FOR PRIVACY","REDACTED FOR PRIVACY","","REDACTED FOR PRIVACY","REDACTED FOR PRIVACY","","","","","","","","","","","ns3157296.ip-51-91-130.eu","sdns2.ovh.net","","","addPeriod","clientDeleteProhibited","clientTransferProhibited",""
"108","prototipo-socios29.ovh","2020-05-12 22:17:04","2020-05-11","2020-05-11","2021-05-11","433","OVH sas","whois.ovh.com","http://www.ovh.com","REDACTED FOR PRIVACY","","REDACTED FOR PRIVACY","REDACTED FOR PRIVACY","","REDACTED FOR PRIVACY","Spain","","REDACTED FOR PRIVACY","REDACTED FOR PRIVACY","REDACTED FOR PRIVACY","REDACTED FOR PRIVACY","REDACTED FOR PRIVACY","REDACTED FOR PRIVACY","REDACTED FOR PRIVACY","REDACTED FOR PRIVACY","REDACTED FOR PRIVACY","","REDACTED FOR PRIVACY","REDACTED FOR PRIVACY","REDACTED FOR PRIVACY","REDACTED FOR PRIVACY","REDACTED FOR PRIVACY","REDACTED FOR PRIVACY","REDACTED FOR PRIVACY","REDACTED FOR PRIVACY","REDACTED FOR PRIVACY","","REDACTED FOR PRIVACY","REDACTED FOR PRIVACY","","","","","","","","","","","ns3157296.ip-51-91-130.eu","sdns2.ovh.net","","","addPeriod","clientDeleteProhibited","clientTransferProhibited",""
"109","psoriasis.kim","2020-05-12 21:01:57","2020-05-11","2020-05-11","2021-05-11","1647","Hosting Concepts B.V. dba Openprovider","whois.registrar.eu","http://www.openprovider.com","La Manzana Blanca de Almazora SL","La Manzana Blanca de Almazora SL","","","CASTELLON","","Spain","","","","","","","","","","","","","","","","","","","","","","","","","","","","","","","","","","dns1.sered.net","dns2.sered.net","dns3.sered.net","dns4.sered.net","addPeriod","clientTransferProhibited","serverTransferProhibited",""
"110","puje.net","2020-05-12 21:50:34","2020-05-09","2020-05-09","2021-05-09","379","Arsys Internet, S.L. dba NICLINE.COM","whois.nicline.com","http://www.nicline.com","REDACTED FOR PRIVACY","ABARCANDO, SL","REDACTED FOR PRIVACY","REDACTED FOR PRIVACY","MADRID","REDACTED FOR PRIVACY","Spain","whoiscontact@domainconnection.info","REDACTED FOR PRIVACY","REDACTED FOR PRIVACY","REDACTED FOR PRIVACY","REDACTED FOR PRIVACY","REDACTED FOR PRIVACY","REDACTED FOR PRIVACY","REDACTED FOR PRIVACY","REDACTED FOR PRIVACY","REDACTED FOR PRIVACY","whoiscontact@domainconnection.info","REDACTED FOR PRIVACY","REDACTED FOR PRIVACY","REDACTED FOR PRIVACY","REDACTED FOR PRIVACY","REDACTED FOR PRIVACY","REDACTED FOR PRIVACY","REDACTED FOR PRIVACY","REDACTED FOR PRIVACY","REDACTED FOR PRIVACY","whoiscontact@domainconnection.info","REDACTED FOR PRIVACY","REDACTED FOR PRIVACY","","","","","","","","","","","ns13.piensasolutions.com","ns14.piensasolutions.com","","","addPeriod","clientTransferProhibited","",""
"111","puntosnegros.net","2020-05-12 21:50:38","2020-05-10","2020-05-10","2021-05-10","146","GoDaddy.com, LLC","whois.godaddy.com","http://registrar.godaddy.com","","","","","Salamanca","","Spain","","","","","","","","","","","","","","","","","","","","","","","","","","","","","","","","","","ns75.domaincontrol.com","ns76.domaincontrol.com","","","clientDeleteProhibited","clientRenewProhibited","clientTransferProhibited","clientUpdateProhibited"
"112","puzzlesde.net","2020-05-12 21:50:33","2020-05-10","2020-05-10","2021-05-10","1647","Hosting Concepts B.V. dba Openprovider","whois.registrar.eu","http://www.openprovider.com","REDACTED FOR PRIVACY","","REDACTED FOR PRIVACY","REDACTED FOR PRIVACY","Barcelona","REDACTED FOR PRIVACY","Spain","","REDACTED FOR PRIVACY","REDACTED FOR PRIVACY","REDACTED FOR PRIVACY","REDACTED FOR PRIVACY","REDACTED FOR PRIVACY","REDACTED FOR PRIVACY","REDACTED FOR PRIVACY","REDACTED FOR PRIVACY","REDACTED FOR PRIVACY","","REDACTED FOR PRIVACY","REDACTED FOR PRIVACY","REDACTED FOR PRIVACY","REDACTED FOR PRIVACY","REDACTED FOR PRIVACY","REDACTED FOR PRIVACY","REDACTED FOR PRIVACY","REDACTED FOR PRIVACY","REDACTED FOR PRIVACY","","REDACTED FOR PRIVACY","REDACTED FOR PRIVACY","","","","","","","","","","","dns1.sered.net","dns2.sered.net","dns3.sered.net","dns4.sered.net","clientTransferProhibited","ok","",""
"113","qualityesport.net","2020-05-12 21:50:30","2020-05-09","2020-05-09","2021-05-09","146","GoDaddy.com, LLC","whois.godaddy.com","http://registrar.godaddy.com","qualityesport","qualityesport","","","Madrid","","Spain","","","","","","","","","","","","","","","","","","","","","","","","","","","","","","","","","","ns55.domaincontrol.com","ns56.domaincontrol.com","","","clientDeleteProhibited","clientRenewProhibited","clientTransferProhibited","clientUpdateProhibited"
"114","rayosuvc.net","2020-05-12 21:50:26","2020-05-08","2020-05-08","2021-05-08","379","Arsys Internet, S.L. dba NICLINE.COM","whois.nicline.com","http://www.nicline.com","REDACTED FOR PRIVACY","Geometricaled Tecnicas Audiovisuales SL","REDACTED FOR PRIVACY","REDACTED FOR PRIVACY","VALLADOLID","REDACTED FOR PRIVACY","Spain","whoiscontact@domainconnection.info","REDACTED FOR PRIVACY","REDACTED FOR PRIVACY","REDACTED FOR PRIVACY","REDACTED FOR PRIVACY","REDACTED FOR PRIVACY","REDACTED FOR PRIVACY","REDACTED FOR PRIVACY","REDACTED FOR PRIVACY","REDACTED FOR PRIVACY","whoiscontact@domainconnection.info","REDACTED FOR PRIVACY","REDACTED FOR PRIVACY","REDACTED FOR PRIVACY","REDACTED FOR PRIVACY","REDACTED FOR PRIVACY","REDACTED FOR PRIVACY","REDACTED FOR PRIVACY","REDACTED FOR PRIVACY","REDACTED FOR PRIVACY","whoiscontact@domainconnection.info","REDACTED FOR PRIVACY","REDACTED FOR PRIVACY","","","","","","","","","","","ns13.piensasolutions.com","ns14.piensasolutions.com","","","addPeriod","clientTransferProhibited","",""
"115","recargasl40.net","2020-05-12 21:50:26","2020-05-10","2020-05-11","2021-05-10","1371","AB NameISP","whois.nameisp.com","http://www.nameisp.com","REDACTED FOR PRIVACY","REDACTED FOR PRIVACY","REDACTED FOR PRIVACY","REDACTED FOR PRIVACY","","REDACTED FOR PRIVACY","Spain","","REDACTED FOR PRIVACY","","REDACTED FOR PRIVACY","REDACTED FOR PRIVACY","REDACTED FOR PRIVACY","REDACTED FOR PRIVACY","REDACTED FOR PRIVACY","REDACTED FOR PRIVACY","REDACTED FOR PRIVACY","","REDACTED FOR PRIVACY","","REDACTED FOR PRIVACY","REDACTED FOR PRIVACY","REDACTED FOR PRIVACY","REDACTED FOR PRIVACY","REDACTED FOR PRIVACY","REDACTED FOR PRIVACY","REDACTED FOR PRIVACY","","REDACTED FOR PRIVACY","","","","","","","","","","","","dns196202.phdns2.es","dns196230.phdns2.es","","","clientTransferProhibited","","",""
"116","recetasveganasfaciles.net","2020-05-12 21:50:23","2020-05-09","2020-05-10","2021-05-09","1647","Hosting Concepts B.V. dba Openprovider","whois.registrar.eu","http://www.openprovider.com","REDACTED FOR PRIVACY","","REDACTED FOR PRIVACY","REDACTED FOR PRIVACY","Barcelona","REDACTED FOR PRIVACY","Spain","","REDACTED FOR PRIVACY","REDACTED FOR PRIVACY","REDACTED FOR PRIVACY","REDACTED FOR PRIVACY","REDACTED FOR PRIVACY","REDACTED FOR PRIVACY","REDACTED FOR PRIVACY","REDACTED FOR PRIVACY","REDACTED FOR PRIVACY","","REDACTED FOR PRIVACY","REDACTED FOR PRIVACY","REDACTED FOR PRIVACY","REDACTED FOR PRIVACY","REDACTED FOR PRIVACY","REDACTED FOR PRIVACY","REDACTED FOR PRIVACY","REDACTED FOR PRIVACY","REDACTED FOR PRIVACY","","REDACTED FOR PRIVACY","REDACTED FOR PRIVACY","","","","","","","","","","","dns1.sered.net","dns2.sered.net","","","clientTransferProhibited","ok","",""
"117","recruitingmetrics.info","2020-05-12 21:04:38","2020-05-11","2020-05-11","2021-05-11","81","Gandi SAS","whois.gandi.net","http://www.gandi.net","","","","","M","","Spain","","","","","","","","","","","","","","","","","","","","","","","","","","","","","","","","","","ns-163-b.gandi.net","ns-231-c.gandi.net","ns-50-a.gandi.net","","addPeriod","clientTransferProhibited","serverTransferProhibited",""
"118","regruesadora.net","2020-05-12 21:50:26","2020-05-08","2020-05-08","2021-05-08","1647","Hosting Concepts B.V. dba Openprovider","whois.registrar.eu","http://www.openprovider.com","REDACTED FOR PRIVACY","","REDACTED FOR PRIVACY","REDACTED FOR PRIVACY","Santa Cruz de Tenerife","REDACTED FOR PRIVACY","Spain","","REDACTED FOR PRIVACY","REDACTED FOR PRIVACY","REDACTED FOR PRIVACY","REDACTED FOR PRIVACY","REDACTED FOR PRIVACY","REDACTED FOR PRIVACY","REDACTED FOR PRIVACY","REDACTED FOR PRIVACY","REDACTED FOR PRIVACY","","REDACTED FOR PRIVACY","REDACTED FOR PRIVACY","REDACTED FOR PRIVACY","REDACTED FOR PRIVACY","REDACTED FOR PRIVACY","REDACTED FOR PRIVACY","REDACTED FOR PRIVACY","REDACTED FOR PRIVACY","REDACTED FOR PRIVACY","","REDACTED FOR PRIVACY","REDACTED FOR PRIVACY","","","","","","","","","","","dns1.sered.net","dns2.sered.net","","","clientTransferProhibited","ok","",""
"119","repartidron.net","2020-05-12 21:50:26","2020-05-10","2020-05-10","2021-05-10","76","Nominalia Internet S.L.","whois.nominalia.com","http://www.nominalia.com","REDACTED FOR PRIVACY","REDACTED FOR PRIVACY","REDACTED FOR PRIVACY","REDACTED FOR PRIVACY","TO","REDACTED FOR PRIVACY","Spain","","REDACTED.FORPRIVACY","REDACTED.FORPRIVACY","REDACTED FOR PRIVACY","REDACTED FOR PRIVACY","REDACTED FOR PRIVACY","REDACTED FOR PRIVACY","TO","REDACTED FOR PRIVACY","Spain","","REDACTED.FORPRIVACY","REDACTED.FORPRIVACY","REDACTED FOR PRIVACY","REDACTED FOR PRIVACY","REDACTED FOR PRIVACY","REDACTED FOR PRIVACY","Barcelona","REDACTED FOR PRIVACY","Spain","","REDACTED.FORPRIVACY","REDACTED.FORPRIVACY","","","","","","","","","","","dns1.nominalia.com","dns2.nominalia.com","","","OK","","",""
"120","repartidrone.net","2020-05-12 21:50:20","2020-05-10","2020-05-10","2021-05-10","76","Nominalia Internet S.L.","whois.nominalia.com","http://www.nominalia.com","REDACTED FOR PRIVACY","REDACTED FOR PRIVACY","REDACTED FOR PRIVACY","REDACTED FOR PRIVACY","TO","REDACTED FOR PRIVACY","Spain","","REDACTED.FORPRIVACY","REDACTED.FORPRIVACY","REDACTED FOR PRIVACY","REDACTED FOR PRIVACY","REDACTED FOR PRIVACY","REDACTED FOR PRIVACY","TO","REDACTED FOR PRIVACY","Spain","","REDACTED.FORPRIVACY","REDACTED.FORPRIVACY","REDACTED FOR PRIVACY","REDACTED FOR PRIVACY","REDACTED FOR PRIVACY","REDACTED FOR PRIVACY","Barcelona","REDACTED FOR PRIVACY","Spain","","REDACTED.FORPRIVACY","REDACTED.FORPRIVACY","","","","","","","","","","","dns1.nominalia.com","dns2.nominalia.com","","","OK","","",""
"121","repositori.net","2020-05-12 21:50:22","2020-05-09","2020-05-09","2021-05-09","1666","OpenTLD B.V.","http://www.freenom.com/whois","http://www.freenom.com/","REDACTED FOR PRIVACY","REDACTED FOR PRIVACY","REDACTED FOR PRIVACY","REDACTED FOR PRIVACY","ES-CT","REDACTED FOR PRIVACY","Spain","","REDACTED FOR PRIVACY","","REDACTED FOR PRIVACY","REDACTED FOR PRIVACY","REDACTED FOR PRIVACY","REDACTED FOR PRIVACY","REDACTED FOR PRIVACY","REDACTED FOR PRIVACY","REDACTED FOR PRIVACY","","REDACTED FOR PRIVACY","","REDACTED FOR PRIVACY","REDACTED FOR PRIVACY","REDACTED FOR PRIVACY","REDACTED FOR PRIVACY","REDACTED FOR PRIVACY","REDACTED FOR PRIVACY","REDACTED FOR PRIVACY","","REDACTED FOR PRIVACY","","","","","","","","","","","","ns01.freenom.com","ns02.freenom.com","ns03.freenom.com","ns04.freenom.com","clientTransferProhibited","","",""
"122","reservataxibcn.cat","2020-05-12 19:21:43","2020-05-11","","2021-05-11","76","Nominalia Internet S.L.","whois.nominalia.com","http://www.nominalia.com","Alejandro Carballo Antas","Alejandro Carballo Antas","","","B","","Spain","","","","","","","","","","","","","","","","","","","","","","","","","","","","","","","","","","dns1.nominalia.com","dns2.nominalia.com","","","addPeriod","serverTransferProhibited","",""
"123","residuo-cero.net","2020-05-12 21:50:19","2020-05-10","2020-05-10","2021-05-10","83","1&1 Internet AG","whois.schlund.info","http://1and1.com","REDACTED FOR PRIVACY","","REDACTED FOR PRIVACY","REDACTED FOR PRIVACY","C","REDACTED FOR PRIVACY","Spain","dataprivacyprotected@1und1.de","REDACTED FOR PRIVACY","REDACTED FOR PRIVACY","REDACTED FOR PRIVACY","REDACTED FOR PRIVACY","REDACTED FOR PRIVACY","REDACTED FOR PRIVACY","REDACTED FOR PRIVACY","REDACTED FOR PRIVACY","REDACTED FOR PRIVACY","dataprivacyprotected@1und1.de","REDACTED FOR PRIVACY","REDACTED FOR PRIVACY","REDACTED FOR PRIVACY","REDACTED FOR PRIVACY","REDACTED FOR PRIVACY","REDACTED FOR PRIVACY","REDACTED FOR PRIVACY","REDACTED FOR PRIVACY","REDACTED FOR PRIVACY","dataprivacyprotected@1und1.de","REDACTED FOR PRIVACY","REDACTED FOR PRIVACY","","","","","","","","","","","ns1029.ui-dns.de","ns1080.ui-dns.com","ns1097.ui-dns.biz","ns1126.ui-dns.org","addPeriod","clientTransferProhibited","",""
"124","robertocuesta.pro","2020-05-12 22:47:32","2020-05-11","","2021-05-11","1383","Soluciones Corporativas IP, SLU","whois.scip.es","http://www.dondominio.com","","","","","Burgos","","Spain","","","","","","","","","","","","","","","","","","","","","","","","","","","","","","","","","","ns1.dondominio.com","ns2.dondominio.com","","","addPeriod","serverTransferProhibited","",""
"125","robotaspirador10.pro","2020-05-12 22:47:34","2020-05-11","","2021-05-11","1383","Soluciones Corporativas IP, SLU","whois.scip.es","http://www.dondominio.com","","","","","GRANADA","","Spain","","","","","","","","","","","","","","","","","","","","","","","","","","","","","","","","","","europe2722.banahosting.com","europe2723.banahosting.com","","","addPeriod","serverTransferProhibited","",""
"126","rodillobicicletas.net","2020-05-12 21:50:15","2020-05-09","2020-05-09","2021-05-09","1647","Hosting Concepts B.V. dba Openprovider","whois.registrar.eu","http://www.openprovider.com","REDACTED FOR PRIVACY","","REDACTED FOR PRIVACY","REDACTED FOR PRIVACY","Tarragona","REDACTED FOR PRIVACY","Spain","","REDACTED FOR PRIVACY","REDACTED FOR PRIVACY","REDACTED FOR PRIVACY","REDACTED FOR PRIVACY","REDACTED FOR PRIVACY","REDACTED FOR PRIVACY","REDACTED FOR PRIVACY","REDACTED FOR PRIVACY","REDACTED FOR PRIVACY","","REDACTED FOR PRIVACY","REDACTED FOR PRIVACY","REDACTED FOR PRIVACY","REDACTED FOR PRIVACY","REDACTED FOR PRIVACY","REDACTED FOR PRIVACY","REDACTED FOR PRIVACY","REDACTED FOR PRIVACY","REDACTED FOR PRIVACY","","REDACTED FOR PRIVACY","REDACTED FOR PRIVACY","","","","","","","","","","","dns1.sered.net","dns2.sered.net","dns3.sered.net","dns4.sered.net","clientTransferProhibited","ok","",""
"127","ropamoda.info","2020-05-12 21:04:08","2020-05-11","2020-05-11","2021-05-11","1647","Hosting Concepts B.V. dba Openprovider","whois.registrar.eu","http://www.openprovider.com","","","","","Madrid","","Spain","","","","","","","","","","","","","","","","","","","","","","","","","","","","","","","","","","dns1.sered.net","dns2.sered.net","dns3.sered.net","dns4.sered.net","addPeriod","clientTransferProhibited","serverTransferProhibited",""
"128","rules-shop.info","2020-05-12 21:04:04","2020-05-08","","2021-05-08","140","Acens Technologies, S.L.U.","whois.ascio.com","http://www.ascio.com","SNOW INK SIERRA NEVADA SL","SNOW INK SIERRA NEVADA SL","","","Granada","","Spain","","","","","","","","","","","","","","","","","","","","","","","","","","","","","","","","","","ns10.servicio-online.net","ns11.servicio-online.net","ns12.servicio-online.net","","addPeriod","serverTransferProhibited","",""
"129","rupanigames.net","2020-05-12 21:50:11","2020-05-11","2020-05-11","2021-05-11","83","1&1 Internet AG","whois.schlund.info","http://1and1.com","REDACTED FOR PRIVACY","","REDACTED FOR PRIVACY","REDACTED FOR PRIVACY","TF","REDACTED FOR PRIVACY","Spain","dataprivacyprotected@1und1.de","REDACTED FOR PRIVACY","REDACTED FOR PRIVACY","REDACTED FOR PRIVACY","REDACTED FOR PRIVACY","REDACTED FOR PRIVACY","REDACTED FOR PRIVACY","REDACTED FOR PRIVACY","REDACTED FOR PRIVACY","REDACTED FOR PRIVACY","dataprivacyprotected@1und1.de","REDACTED FOR PRIVACY","REDACTED FOR PRIVACY","REDACTED FOR PRIVACY","REDACTED FOR PRIVACY","REDACTED FOR PRIVACY","REDACTED FOR PRIVACY","REDACTED FOR PRIVACY","REDACTED FOR PRIVACY","REDACTED FOR PRIVACY","dataprivacyprotected@1und1.de","REDACTED FOR PRIVACY","REDACTED FOR PRIVACY","","","","","","","","","","","ns1027.ui-dns.com","ns1079.ui-dns.de","ns1115.ui-dns.biz","ns1115.ui-dns.org","addPeriod","clientDeleteProhibited","clientTransferProhibited","clientUpdateProhibited"
"130","saludpozuelo.net","2020-05-12 21:50:09","2020-05-11","2020-05-11","2021-05-11","140","Acens Technologies, S.L.U.","whois.ascio.com","http://www.ascio.com","CarlosQ","CarlosQ","","","MADRID","","Spain","","","","","","","","","","","","","","","","","","","","","","","","","","","","","","","","","","ns10.servicio-online.net","ns11.servicio-online.net","ns12.servicio-online.net","","OK","","",""
"131","sanfranciscodeasis.info","2020-05-12 21:03:59","2020-05-09","2020-05-09","2022-05-09","2","Network Solutions, LLC","whois.networksolutions.com","http://networksolutions.com","Vicente Reguera Casado","Vicente Reguera Casado","","","ES-CL","","Spain","","","","","","","","","","","","","","","","","","","","","","","","","","","","","","","","","","ns6.wixdns.net","ns7.wixdns.net","","","addPeriod","clientTransferProhibited","serverTransferProhibited",""
"132","sasdigital.info","2020-05-12 21:03:55","2020-05-08","2020-05-08","2021-05-08","379","Arsys Internet, S.L. dba NICLINE.COM","whois.nicline.com","http://www.nicline.com","","","","","Sevilla","","Spain","","","","","","","","","","","","","","","","","","","","","","","","","","","","","","","","","","dns49.servidoresdns.net","dns50.servidoresdns.net","","","addPeriod","clientTransferProhibited","serverTransferProhibited",""
"133","seatleon.net","2020-05-12 21:50:01","2020-05-10","2020-05-10","2021-05-10","379","Arsys Internet, S.L. dba NICLINE.COM","whois.nicline.com","http://www.nicline.com","REDACTED FOR PRIVACY","","REDACTED FOR PRIVACY","REDACTED FOR PRIVACY","MADRID","REDACTED FOR PRIVACY","Spain","whoiscontact@domainconnection.info","REDACTED FOR PRIVACY","REDACTED FOR PRIVACY","REDACTED FOR PRIVACY","REDACTED FOR PRIVACY","REDACTED FOR PRIVACY","REDACTED FOR PRIVACY","REDACTED FOR PRIVACY","REDACTED FOR PRIVACY","REDACTED FOR PRIVACY","whoiscontact@domainconnection.info","REDACTED FOR PRIVACY","REDACTED FOR PRIVACY","REDACTED FOR PRIVACY","REDACTED FOR PRIVACY","REDACTED FOR PRIVACY","REDACTED FOR PRIVACY","REDACTED FOR PRIVACY","REDACTED FOR PRIVACY","REDACTED FOR PRIVACY","whoiscontact@domainconnection.info","REDACTED FOR PRIVACY","REDACTED FOR PRIVACY","","","","","","","","","","","ns13.piensasolutions.com","ns14.piensasolutions.com","","","addPeriod","clientTransferProhibited","",""
"134","semvilife.net","2020-05-12 21:49:59","2020-05-09","2020-05-09","2021-05-09","379","Arsys Internet, S.L. dba NICLINE.COM","whois.nicline.com","http://www.nicline.com","REDACTED FOR PRIVACY","Lloradu slu","REDACTED FOR PRIVACY","REDACTED FOR PRIVACY","BALEARES","REDACTED FOR PRIVACY","Spain","whoiscontact@domainconnection.info","REDACTED FOR PRIVACY","REDACTED FOR PRIVACY","REDACTED FOR PRIVACY","REDACTED FOR PRIVACY","REDACTED FOR PRIVACY","REDACTED FOR PRIVACY","REDACTED FOR PRIVACY","REDACTED FOR PRIVACY","REDACTED FOR PRIVACY","whoiscontact@domainconnection.info","REDACTED FOR PRIVACY","REDACTED FOR PRIVACY","REDACTED FOR PRIVACY","REDACTED FOR PRIVACY","REDACTED FOR PRIVACY","REDACTED FOR PRIVACY","REDACTED FOR PRIVACY","REDACTED FOR PRIVACY","REDACTED FOR PRIVACY","whoiscontact@domainconnection.info","REDACTED FOR PRIVACY","REDACTED FOR PRIVACY","","","","","","","","","","","dns49.servidoresdns.net","dns50.servidoresdns.net","","","addPeriod","clientTransferProhibited","",""
"135","seohuelva.net","2020-05-12 21:49:59","2020-05-10","2020-05-10","2021-05-10","1383","Soluciones Corporativas IP, SLU","whois.scip.es","http://www.dondominio.com","REDACTED FOR PRIVACY","","REDACTED FOR PRIVACY","REDACTED FOR PRIVACY","Huelva","REDACTED FOR PRIVACY","Spain","","REDACTED FOR PRIVACY","REDACTED FOR PRIVACY","REDACTED FOR PRIVACY","REDACTED FOR PRIVACY","REDACTED FOR PRIVACY","REDACTED FOR PRIVACY","REDACTED FOR PRIVACY","REDACTED FOR PRIVACY","REDACTED FOR PRIVACY","","REDACTED FOR PRIVACY","REDACTED FOR PRIVACY","REDACTED FOR PRIVACY","REDACTED FOR PRIVACY","REDACTED FOR PRIVACY","REDACTED FOR PRIVACY","REDACTED FOR PRIVACY","REDACTED FOR PRIVACY","REDACTED FOR PRIVACY","","REDACTED FOR PRIVACY","REDACTED FOR PRIVACY","","","","","","","","","","","ns1045.ui-dns.biz","ns1045.ui-dns.com","ns1045.ui-dns.de","ns1045.ui-dns.org","OK","","",""
"136","seonuba.net","2020-05-12 21:49:58","2020-05-10","2020-05-10","2021-05-10","1383","Soluciones Corporativas IP, SLU","whois.scip.es","http://www.dondominio.com","REDACTED FOR PRIVACY","","REDACTED FOR PRIVACY","REDACTED FOR PRIVACY","Huelva","REDACTED FOR PRIVACY","Spain","","REDACTED FOR PRIVACY","REDACTED FOR PRIVACY","REDACTED FOR PRIVACY","REDACTED FOR PRIVACY","REDACTED FOR PRIVACY","REDACTED FOR PRIVACY","REDACTED FOR PRIVACY","REDACTED FOR PRIVACY","REDACTED FOR PRIVACY","","REDACTED FOR PRIVACY","REDACTED FOR PRIVACY","REDACTED FOR PRIVACY","REDACTED FOR PRIVACY","REDACTED FOR PRIVACY","REDACTED FOR PRIVACY","REDACTED FOR PRIVACY","REDACTED FOR PRIVACY","REDACTED FOR PRIVACY","","REDACTED FOR PRIVACY","REDACTED FOR PRIVACY","","","","","","","","","","","ns1045.ui-dns.biz","ns1045.ui-dns.com","ns1045.ui-dns.de","ns1045.ui-dns.org","OK","","",""
"137","serenum.pro","2020-05-12 22:47:39","2020-05-11","2020-05-11","2021-05-11","146","GoDaddy.com, LLC","whois.godaddy.com","http://registrar.godaddy.com","Serenum Properties SL","Serenum Properties SL","","","CT","","Spain","","","","","","","","","","","","","","","","","","","","","","","","","","","","","","","","","","ns25.domaincontrol.com","ns26.domaincontrol.com","","","addPeriod","clientDeleteProhibited","clientRenewProhibited","clientTransferProhibited"
"138","sergiocarballo.net","2020-05-12 21:49:59","2020-05-08","2020-05-08","2021-05-08","1262","Dinahosting s.l.","whois.dinahosting.com","http://www.dinahosting.com","Redacted by Privacy","","Redacted by Privacy","Redacted by Privacy","A Coru?a","Redacted by Privacy","Spain","","Redacted by Privacy","","Redacted by Privacy","","Redacted by Privacy","Redacted by Privacy","Redacted by Privacy","Redacted by Privacy","Redacted by Privacy","","Redacted by Privacy","","Redacted by Privacy","","Redacted by Privacy","Redacted by Privacy","Redacted by Privacy","Redacted by Privacy","Redacted by Privacy","","Redacted by Privacy","","","","","","","","","","","","ns.dinahosting.com","ns2.dinahosting.com","ns3.dinahosting.com","ns4.dinahosting.com","clientDeleteProhibited","clientTransferProhibited","",""
"139","shaktishiva.net","2020-05-12 21:50:00","2020-05-09","2020-05-09","2021-05-09","1647","Hosting Concepts B.V. dba Openprovider","whois.registrar.eu","http://www.openprovider.com","REDACTED FOR PRIVACY","","REDACTED FOR PRIVACY","REDACTED FOR PRIVACY","Madrid","REDACTED FOR PRIVACY","Spain","","REDACTED FOR PRIVACY","REDACTED FOR PRIVACY","REDACTED FOR PRIVACY","REDACTED FOR PRIVACY","REDACTED FOR PRIVACY","REDACTED FOR PRIVACY","REDACTED FOR PRIVACY","REDACTED FOR PRIVACY","REDACTED FOR PRIVACY","","REDACTED FOR PRIVACY","REDACTED FOR PRIVACY","REDACTED FOR PRIVACY","REDACTED FOR PRIVACY","REDACTED FOR PRIVACY","REDACTED FOR PRIVACY","REDACTED FOR PRIVACY","REDACTED FOR PRIVACY","REDACTED FOR PRIVACY","","REDACTED FOR PRIVACY","REDACTED FOR PRIVACY","","","","","","","","","","","dns1.sered.net","dns2.sered.net","dns3.sered.net","dns4.sered.net","clientTransferProhibited","ok","",""
"140","siempreclean.info","2020-05-12 21:03:41","2020-05-11","2020-05-11","2021-05-11","379","Arsys Internet, S.L. dba NICLINE.COM","whois.nicline.com","http://www.nicline.com","maiconsa aplicaciones s.l.","maiconsa aplicaciones s.l.","","","MADRID","","Spain","","","","","","","","","","","","","","","","","","","","","","","","","","","","","","","","","","dns49.servidoresdns.net","dns50.servidoresdns.net","","","addPeriod","clientTransferProhibited","serverTransferProhibited",""
"141","simonesplendorimarketingconsulting.net","2020-05-12 21:49:48","2020-05-10","2020-05-10","2021-05-10","303","PDR Ltd. d/b/a PublicDomainRegistry.com","whois.publicdomainregistry.com","http://www.publicdomainregistry.com","GDPR Masked","GDPR Masked","GDPR Masked","GDPR Masked","ALICANTE","GDPR Masked","Spain","gdpr-masking@gdpr-masked.com","GDPR Masked","GDPR Masked","GDPR Masked","GDPR Masked","GDPR Masked","GDPR Masked","GDPR Masked","GDPR Masked","GDPR Masked","gdpr-masking@gdpr-masked.com","GDPR Masked","GDPR Masked","GDPR Masked","GDPR Masked","GDPR Masked","GDPR Masked","GDPR Masked","GDPR Masked","GDPR Masked","gdpr-masking@gdpr-masked.com","GDPR Masked","GDPR Masked","","","","","","","","","","","dns1.netsons.net","dns2.netsons.net","dns3.netsons.net","dns4.netsons.net","clientTransferProhibited","","",""
"142","simplefeed.info","2020-05-12 11:06:26","2020-05-10","2020-05-10","2021-05-10","146","GoDaddy.com, LLC","whois.godaddy.com","http://registrar.godaddy.com","","","","","Madrid","","Spain","","","","","","","","","","","","","","","","","","","","","","","","","","","","","","","","","","ns27.domaincontrol.com","ns28.domaincontrol.com","","","addPeriod","clientDeleteProhibited","clientRenewProhibited","clientTransferProhibited"
"143","simplyinmo.info","2020-05-12 11:05:18","2020-05-09","2020-05-09","2021-05-09","146","GoDaddy.com, LLC","whois.godaddy.com","http://registrar.godaddy.com","","","","","Madrid","","Spain","","","","","","","","","","","","","","","","","","","","","","","","","","","","","","","","","","ns15.domaincontrol.com","ns16.domaincontrol.com","","","addPeriod","clientDeleteProhibited","clientRenewProhibited","clientTransferProhibited"
"144","simplyinmo.net","2020-05-12 21:49:49","2020-05-09","2020-05-09","2021-05-09","146","GoDaddy.com, LLC","whois.godaddy.com","http://registrar.godaddy.com","","","","","Madrid","","Spain","","","","","","","","","","","","","","","","","","","","","","","","","","","","","","","","","","ns55.domaincontrol.com","ns56.domaincontrol.com","","","clientDeleteProhibited","clientRenewProhibited","clientTransferProhibited","clientUpdateProhibited"
"145","slowworld.travel","2020-05-13 00:54:21","2020-05-11","2020-05-11","2021-05-11","146","GoDaddy.com, LLC","whois.godaddy.com","http://registrar.godaddy.com","","","","","Sevilla","","Spain","","","","","","","","","","","","","","","","","","","","","","","","","","","","","","","","","","ns23.domaincontrol.com","ns24.domaincontrol.com","","","addPeriod","clientDeleteProhibited","clientRenewProhibited","clientTransferProhibited"
"146","somosregion.info","2020-05-12 21:03:36","2020-05-11","2020-05-11","2022-05-11","433","OVH sas","whois.ovh.com","http://www.ovh.com","SOMOS REGION S.A.","SOMOS REGION S.A.","","","","","Spain","","","","","","","","","","","","","","","","","","","","","","","","","","","","","","","","","","dns111.ovh.net","ns111.ovh.net","","","addPeriod","clientDeleteProhibited","clientTransferProhibited","serverTransferProhibited"
"147","spaindirectbusiness.info","2020-05-12 21:03:34","2020-05-11","2020-05-11","2022-05-11","433","OVH sas","whois.ovh.com","http://www.ovh.com","","","","","","","Spain","","","","","","","","","","","","","","","","","","","","","","","","","","","","","","","","","","dns111.ovh.net","ns111.ovh.net","","","addPeriod","clientDeleteProhibited","clientTransferProhibited","serverTransferProhibited"
"148","spainrp.ovh","2020-05-12 22:17:04","2020-05-11","2020-05-11","2021-05-11","433","OVH sas","whois.ovh.com","http://www.ovh.com","REDACTED FOR PRIVACY","","REDACTED FOR PRIVACY","REDACTED FOR PRIVACY","","REDACTED FOR PRIVACY","Spain","","REDACTED FOR PRIVACY","REDACTED FOR PRIVACY","REDACTED FOR PRIVACY","REDACTED FOR PRIVACY","REDACTED FOR PRIVACY","REDACTED FOR PRIVACY","REDACTED FOR PRIVACY","REDACTED FOR PRIVACY","REDACTED FOR PRIVACY","","REDACTED FOR PRIVACY","REDACTED FOR PRIVACY","REDACTED FOR PRIVACY","REDACTED FOR PRIVACY","REDACTED FOR PRIVACY","REDACTED FOR PRIVACY","REDACTED FOR PRIVACY","REDACTED FOR PRIVACY","REDACTED FOR PRIVACY","","REDACTED FOR PRIVACY","REDACTED FOR PRIVACY","","","","","","","","","","","dns111.ovh.net","ns111.ovh.net","","","addPeriod","clientDeleteProhibited","clientTransferProhibited",""
"149","strindbergfinachl.com","2020-05-12 15:03:15","2020-05-11","2020-05-11","2021-05-11","83","1&1 Internet AG","whois.schlund.info","http://1and1.com","REDACTED FOR PRIVACY","","REDACTED FOR PRIVACY","REDACTED FOR PRIVACY","GR","REDACTED FOR PRIVACY","Spain","dataprivacyprotected@1und1.de","REDACTED FOR PRIVACY","REDACTED FOR PRIVACY","REDACTED FOR PRIVACY","REDACTED FOR PRIVACY","REDACTED FOR PRIVACY","REDACTED FOR PRIVACY","REDACTED FOR PRIVACY","REDACTED FOR PRIVACY","REDACTED FOR PRIVACY","dataprivacyprotected@1und1.de","REDACTED FOR PRIVACY","REDACTED FOR PRIVACY","REDACTED FOR PRIVACY","REDACTED FOR PRIVACY","REDACTED FOR PRIVACY","REDACTED FOR PRIVACY","REDACTED FOR PRIVACY","REDACTED FOR PRIVACY","REDACTED FOR PRIVACY","dataprivacyprotected@1und1.de","REDACTED FOR PRIVACY","REDACTED FOR PRIVACY","","","","","","","","","","","ns1078.ui-dns.com","ns1081.ui-dns.org","ns1087.ui-dns.biz","ns1117.ui-dns.de","addPeriod","clientTransferProhibited","",""
"150","taitatic.pro","2020-05-12 19:03:59","2020-05-10","2020-05-10","2021-05-10","146","GoDaddy.com, LLC","whois.godaddy.com","http://registrar.godaddy.com","","","","","Barcelona","","Spain","","","","","","","","","","","","","","","","","","","","","","","","","","","","","","","","","","ns27.domaincontrol.com","ns28.domaincontrol.com","","","addPeriod","clientDeleteProhibited","clientRenewProhibited","clientTransferProhibited"
"151","theronde.info","2020-05-12 21:03:04","2020-05-10","","2021-05-10","140","Acens Technologies, S.L.U.","whois.ascio.com","http://www.ascio.com","EMILI JAEN GONZALEZ","EMILI JAEN GONZALEZ","","","BARCELONA","","Spain","","","","","","","","","","","","","","","","","","","","","","","","","","","","","","","","","","ns10.servicio-online.net","ns11.servicio-online.net","ns12.servicio-online.net","","addPeriod","serverTransferProhibited","",""
"152","titulares.info","2020-05-12 21:02:59","2020-05-11","2020-05-11","2022-05-11","433","OVH sas","whois.ovh.com","http://www.ovh.com","","","","","","","Spain","","","","","","","","","","","","","","","","","","","","","","","","","","","","","","","","","","dns1.p02.nsone.net","dns2.p02.nsone.net","dns3.p02.nsone.net","dns4.p02.nsone.net","addPeriod","clientDeleteProhibited","clientTransferProhibited","serverTransferProhibited"
"153","todomadera.pro","2020-05-12 22:47:30","2020-05-11","2020-05-11","2021-05-11","433","OVH sas","whois.ovh.com","http://www.ovh.com","","","","","","","Spain","","","","","","","","","","","","","","","","","","","","","","","","","","","","","","","","","","dns110.ovh.net","ns110.ovh.net","","","addPeriod","clientDeleteProhibited","clientTransferProhibited","serverTransferProhibited"
"154","tuabogadoparticular.info","2020-05-12 21:02:41","2020-05-11","2020-05-11","2022-05-11","433","OVH sas","whois.ovh.com","http://www.ovh.com","","","","","","","Spain","","","","","","","","","","","","","","","","","","","","","","","","","","","","","","","","","","dns111.ovh.net","ns111.ovh.net","","","addPeriod","clientDeleteProhibited","clientTransferProhibited","serverTransferProhibited"
"155","vincles.info","2020-05-12 12:53:48","2020-05-08","","2021-05-08","140","Acens Technologies, S.L.U.","whois.ascio.com","http://www.ascio.com","Martin Miralles Asensio","Martin Miralles Asensio","","","BARCELONA","","Spain","","","","","","","","","","","","","","","","","","","","","","","","","","","","","","","","","","ns10.servicio-online.net","ns11.servicio-online.net","ns12.servicio-online.net","","addPeriod","serverTransferProhibited","",""
"156","xn--pandmic-5xa.cat","2020-05-12 19:21:43","2020-05-10","2020-05-10","2021-05-10","1647","Hosting Concepts B.V. dba Openprovider","whois.registrar.eu","http://www.openprovider.com","","","","","","","Spain","","","","","","","","","","","","","","","","","","","","","","","","","","","","","","","","","","ns1.gnld1035.siteground.eu","ns2.gnld1035.siteground.eu","","","addPeriod","clientTransferProhibited","serverTransferProhibited",""