"num","domain_name","query_time","create_date","update_date","expiry_date","domain_registrar_id","domain_registrar_name","domain_registrar_whois","domain_registrar_url","registrant_name","registrant_company","registrant_address","registrant_city","registrant_state","registrant_zip","registrant_country","registrant_email","registrant_phone","registrant_fax","administrative_name","administrative_company","administrative_address","administrative_city","administrative_state","administrative_zip","administrative_country","administrative_email","administrative_phone","administrative_fax","technical_name","technical_company","technical_address","technical_city","technical_state","technical_zip","technical_country","technical_email","technical_phone","technical_fax","billing_name","billing_company","billing_address","billing_city","billing_state","billing_zip","billing_country","billing_email","billing_phone","billing_fax","name_server_1","name_server_2","name_server_3","name_server_4","domain_status_1","domain_status_2","domain_status_3","domain_status_4"
"1","ammannit.solutions","2020-05-12 20:31:15","2020-05-09","2020-05-09","2021-05-09","106","Ascio Technologies, Inc. Danmark - Filial af Ascio technologies, Inc. USA","whois.ascio.com","http://www.ascio.com","REDACTED FOR PRIVACY","Swiss Domain Trustee AG","REDACTED FOR PRIVACY","REDACTED FOR PRIVACY","SG","REDACTED FOR PRIVACY","Switzerland","","REDACTED FOR PRIVACY","REDACTED FOR PRIVACY","","","","","","","","","","","","","","","","","","","","","","","","","","","","","","","","","","","addPeriod","","",""
"2","blindness.ovh","2020-05-12 22:17:39","2020-05-11","2020-05-11","2021-05-11","433","OVH sas","whois.ovh.com","http://www.ovh.com","REDACTED FOR PRIVACY","","REDACTED FOR PRIVACY","REDACTED FOR PRIVACY","","REDACTED FOR PRIVACY","Switzerland","","REDACTED FOR PRIVACY","REDACTED FOR PRIVACY","REDACTED FOR PRIVACY","REDACTED FOR PRIVACY","REDACTED FOR PRIVACY","REDACTED FOR PRIVACY","REDACTED FOR PRIVACY","REDACTED FOR PRIVACY","REDACTED FOR PRIVACY","","REDACTED FOR PRIVACY","REDACTED FOR PRIVACY","REDACTED FOR PRIVACY","REDACTED FOR PRIVACY","REDACTED FOR PRIVACY","REDACTED FOR PRIVACY","REDACTED FOR PRIVACY","REDACTED FOR PRIVACY","REDACTED FOR PRIVACY","","REDACTED FOR PRIVACY","REDACTED FOR PRIVACY","","","","","","","","","","","dns111.ovh.net","ns111.ovh.net","","","addPeriod","clientDeleteProhibited","clientTransferProhibited",""
"3","community-mask.info","2020-05-12 03:27:33","2020-05-08","","2021-05-08","106","Ascio Technologies, Inc. Danmark - Filial af Ascio technologies, Inc. USA","whois.ascio.com","http://www.ascio.com","TESTEX AG","TESTEX AG","","","","","Switzerland","","","","","","","","","","","","","","","","","","","","","","","","","","","","","","","","","","ns.hostpoint.ch","ns2.hostpoint.ch","ns3.hostpoint.ch","","addPeriod","serverTransferProhibited","",""
"4","disconnect.network","2020-05-12 16:43:49","2020-05-09","2020-05-09","2021-05-09","146","GoDaddy.com, LLC","whois.godaddy.com","http://registrar.godaddy.com","REDACTED FOR PRIVACY","","REDACTED FOR PRIVACY","REDACTED FOR PRIVACY","Schweiz \u2014 St. Gallen","REDACTED FOR PRIVACY","Switzerland","","REDACTED FOR PRIVACY","REDACTED FOR PRIVACY","","","","","","","","","","","","","","","","","","","","","","","","","","","","","","","","","","","addPeriod","clientDeleteProhibited","clientRenewProhibited","clientTransferProhibited"
"5","dreamnauts.land","2020-05-12 21:06:43","2020-05-11","2020-05-11","2021-05-11","106","Ascio Technologies, Inc. Danmark - Filial af Ascio technologies, Inc. USA","whois.ascio.com","http://www.ascio.com","REDACTED FOR PRIVACY","Swiss Domain Trustee AG","REDACTED FOR PRIVACY","REDACTED FOR PRIVACY","SG","REDACTED FOR PRIVACY","Switzerland","","REDACTED FOR PRIVACY","REDACTED FOR PRIVACY","","","","","","","","","","","","","","","","","","","","","","","","","","","","","","","","","","","addPeriod","","",""
"6","ebankingswitzerland.net","2020-05-12 21:48:27","2020-05-10","2020-05-10","2021-05-10","81","Gandi SAS","whois.gandi.net","http://www.gandi.net","REDACTED FOR PRIVACY","","REDACTED FOR PRIVACY","REDACTED FOR PRIVACY","","REDACTED FOR PRIVACY","Switzerland","0a60fc44d9913afc9d81681d69b08005-18955921@contact.gandi.net","REDACTED FOR PRIVACY","REDACTED FOR PRIVACY","REDACTED FOR PRIVACY","REDACTED FOR PRIVACY","REDACTED FOR PRIVACY","REDACTED FOR PRIVACY","REDACTED FOR PRIVACY","REDACTED FOR PRIVACY","REDACTED FOR PRIVACY","0a60fc44d9913afc9d81681d69b08005-18955921@contact.gandi.net","REDACTED FOR PRIVACY","REDACTED FOR PRIVACY","REDACTED FOR PRIVACY","REDACTED FOR PRIVACY","REDACTED FOR PRIVACY","REDACTED FOR PRIVACY","REDACTED FOR PRIVACY","REDACTED FOR PRIVACY","REDACTED FOR PRIVACY","0a60fc44d9913afc9d81681d69b08005-18955921@contact.gandi.net","REDACTED FOR PRIVACY","REDACTED FOR PRIVACY","","","","","","","","","","","ns-48-a.gandi.net","ns-83-c.gandi.net","ns-93-b.gandi.net","","clientTransferProhibited","","",""
"7","ebebebio.net","2020-05-12 21:48:26","2020-05-09","2020-05-09","2021-05-09","106","Ascio Technologies, Inc. Danmark - Filial af Ascio technologies, Inc. USA","whois.ascio.com","http://www.ascio.com","Not Disclosed","Not Disclosed","Not Disclosed","Not Disclosed","","Not Disclosed","Switzerland","","Not Disclosed","Not Disclosed","Not Disclosed","Not Disclosed","Not Disclosed","Not Disclosed","Not Disclosed","Not Disclosed","Not Disclosed","","Not Disclosed","Not Disclosed","Not Disclosed","Not Disclosed","Not Disclosed","Not Disclosed","Not Disclosed","Not Disclosed","Not Disclosed","","Not Disclosed","Not Disclosed","","","","","","","","","","","ns.hostpoint.ch","ns2.hostpoint.ch","ns3.hostpoint.ch","","OK","","",""
"8","essentiallyclean.net","2020-05-12 21:48:05","2020-05-08","2020-05-08","2021-05-08","69","Tucows Domains Inc.","whois.tucows.com","http://domainhelp.opensrs.net","REDACTED FOR PRIVACY","REDACTED FOR PRIVACY","REDACTED FOR PRIVACY","REDACTED FOR PRIVACY","REDACTED FOR PRIVACY","REDACTED FOR PRIVACY","Switzerland","","REDACTED FOR PRIVACY","REDACTED FOR PRIVACY","REDACTED FOR PRIVACY","REDACTED FOR PRIVACY","REDACTED FOR PRIVACY","REDACTED FOR PRIVACY","REDACTED FOR PRIVACY","REDACTED FOR PRIVACY","REDACTED FOR PRIVACY","","REDACTED FOR PRIVACY","REDACTED FOR PRIVACY","REDACTED FOR PRIVACY","REDACTED FOR PRIVACY","REDACTED FOR PRIVACY","REDACTED FOR PRIVACY","REDACTED FOR PRIVACY","REDACTED FOR PRIVACY","REDACTED FOR PRIVACY","","REDACTED FOR PRIVACY","REDACTED FOR PRIVACY","","","","","","","","","","","logan.ns.cloudflare.com","maya.ns.cloudflare.com","","","OK","","",""
"9","eswissbanking.net","2020-05-12 21:48:02","2020-05-10","2020-05-10","2021-05-10","81","Gandi SAS","whois.gandi.net","http://www.gandi.net","REDACTED FOR PRIVACY","","REDACTED FOR PRIVACY","REDACTED FOR PRIVACY","","REDACTED FOR PRIVACY","Switzerland","1b5a6cf93a6fd148a62b71a246ca3885-18959781@contact.gandi.net","REDACTED FOR PRIVACY","REDACTED FOR PRIVACY","REDACTED FOR PRIVACY","REDACTED FOR PRIVACY","REDACTED FOR PRIVACY","REDACTED FOR PRIVACY","REDACTED FOR PRIVACY","REDACTED FOR PRIVACY","REDACTED FOR PRIVACY","1b5a6cf93a6fd148a62b71a246ca3885-18959781@contact.gandi.net","REDACTED FOR PRIVACY","REDACTED FOR PRIVACY","REDACTED FOR PRIVACY","REDACTED FOR PRIVACY","REDACTED FOR PRIVACY","REDACTED FOR PRIVACY","REDACTED FOR PRIVACY","REDACTED FOR PRIVACY","REDACTED FOR PRIVACY","1b5a6cf93a6fd148a62b71a246ca3885-18959781@contact.gandi.net","REDACTED FOR PRIVACY","REDACTED FOR PRIVACY","","","","","","","","","","","ns-127-a.gandi.net","ns-228-b.gandi.net","ns-96-c.gandi.net","","clientTransferProhibited","","",""
"10","eupa.info","2020-05-12 04:44:18","2020-05-10","","2021-05-10","1086","Marcaria.com International, Inc.","whois.melbourneit.com","http://www.melbourneit.com","","","","","CH","","Switzerland","","","","","","","","","","","","","","","","","","","","","","","","","","","","","","","","","","ns20912477143.a2dns.com","ns20912477144.a2dns.com","","","addPeriod","serverTransferProhibited","",""
"11","fabianskihd.net","2020-05-12 21:48:01","2020-05-09","2020-05-09","2021-05-09","1387","1API GmbH","whois.1api.net","http://www.1api.net","REDACTED FOR PRIVACY","REDACTED FOR PRIVACY","REDACTED FOR PRIVACY","REDACTED FOR PRIVACY","","REDACTED FOR PRIVACY","Switzerland","","REDACTED FOR PRIVACY","","REDACTED FOR PRIVACY","REDACTED FOR PRIVACY","REDACTED FOR PRIVACY","REDACTED FOR PRIVACY","REDACTED FOR PRIVACY","REDACTED FOR PRIVACY","REDACTED FOR PRIVACY","","REDACTED FOR PRIVACY","","REDACTED FOR PRIVACY","REDACTED FOR PRIVACY","REDACTED FOR PRIVACY","REDACTED FOR PRIVACY","REDACTED FOR PRIVACY","REDACTED FOR PRIVACY","REDACTED FOR PRIVACY","","REDACTED FOR PRIVACY","","","","","","","","","","","","ch.pro.io","nl.pro.io","","","clientTransferProhibited","","",""
"12","feeltheknead.net","2020-05-12 21:47:54","2020-05-09","2020-05-09","2021-05-09","69","Tucows Domains Inc.","whois.tucows.com","http://domainhelp.opensrs.net","REDACTED FOR PRIVACY","REDACTED FOR PRIVACY","REDACTED FOR PRIVACY","REDACTED FOR PRIVACY","REDACTED FOR PRIVACY","REDACTED FOR PRIVACY","Switzerland","","REDACTED FOR PRIVACY","REDACTED FOR PRIVACY","REDACTED FOR PRIVACY","REDACTED FOR PRIVACY","REDACTED FOR PRIVACY","REDACTED FOR PRIVACY","REDACTED FOR PRIVACY","REDACTED FOR PRIVACY","REDACTED FOR PRIVACY","","REDACTED FOR PRIVACY","REDACTED FOR PRIVACY","REDACTED FOR PRIVACY","REDACTED FOR PRIVACY","REDACTED FOR PRIVACY","REDACTED FOR PRIVACY","REDACTED FOR PRIVACY","REDACTED FOR PRIVACY","REDACTED FOR PRIVACY","","REDACTED FOR PRIVACY","REDACTED FOR PRIVACY","","","","","","","","","","","logan.ns.cloudflare.com","maya.ns.cloudflare.com","","","OK","","",""
"13","gastrosteril.info","2020-05-12 05:26:35","2020-05-09","","2021-05-09","106","Ascio Technologies, Inc. Danmark - Filial af Ascio technologies, Inc. USA","whois.ascio.com","http://www.ascio.com","Swiss Domain Trustee AG","Swiss Domain Trustee AG","","","SG","","Switzerland","","","","","","","","","","","","","","","","","","","","","","","","","","","","","","","","","","ns.hostpoint.ch","ns2.hostpoint.ch","ns3.hostpoint.ch","","addPeriod","serverTransferProhibited","",""
"14","gastrosteril.net","2020-05-12 21:47:35","2020-05-09","2020-05-09","2021-05-09","106","Ascio Technologies, Inc. Danmark - Filial af Ascio technologies, Inc. USA","whois.ascio.com","http://www.ascio.com","Swiss Domain Trustee AG","Swiss Domain Trustee AG","Neue Jonastrasse 60","Rapperswil-Jona","SG","8640","Switzerland","d7e134ef32a1bee@email-forwarding.swissdomaintrustee.ch","+41.844040404","","Dario Baumgartner","Swiss Domain Trustee AG","Neue Jonastrasse 60","Rapperswil-Jona","SG","8640","Switzerland","d7e134ef32a1bee@email-forwarding.swissdomaintrustee.ch","+41.844040404","","Dario Baumgartner","Swiss Domain Trustee AG","Neue Jonastrasse 60","Rapperswil-Jona","SG","8640","Switzerland","d7e134ef32a1bee@email-forwarding.swissdomaintrustee.ch","+41.844040404","","","","","","","","","","","","ns.hostpoint.ch","ns2.hostpoint.ch","ns3.hostpoint.ch","","OK","","",""
"15","global-advisory.net","2020-05-12 21:47:29","2020-05-10","2020-05-10","2021-05-10","3240","Infomaniak Network SA","","","REDACTED FOR PRIVACY","","REDACTED FOR PRIVACY","REDACTED FOR PRIVACY","","REDACTED FOR PRIVACY","Switzerland","","REDACTED FOR PRIVACY","REDACTED FOR PRIVACY","REDACTED FOR PRIVACY","","REDACTED FOR PRIVACY","REDACTED FOR PRIVACY","","REDACTED FOR PRIVACY","Switzerland","","REDACTED FOR PRIVACY","REDACTED FOR PRIVACY","REDACTED FOR PRIVACY","","REDACTED FOR PRIVACY","REDACTED FOR PRIVACY","","REDACTED FOR PRIVACY","Switzerland","","REDACTED FOR PRIVACY","REDACTED FOR PRIVACY","REDACTED FOR PRIVACY","","REDACTED FOR PRIVACY","REDACTED FOR PRIVACY","","REDACTED FOR PRIVACY","Switzerland","","REDACTED FOR PRIVACY","REDACTED FOR PRIVACY","ns31.infomaniak.com","ns32.infomaniak.com","","","clientTransferProhibited","ok","",""
"16","mapufin.investments","2020-05-12 21:01:58","2020-05-10","2020-05-11","2021-05-10","1408","united-domains AG","whois.udag.net","http://www.united-domains.de","REDACTED FOR PRIVACY","","REDACTED FOR PRIVACY","REDACTED FOR PRIVACY","","REDACTED FOR PRIVACY","Switzerland","","REDACTED FOR PRIVACY","REDACTED FOR PRIVACY","","","","","","","","","","","","","","","","","","","","","","","","","","","","","","","","","","","addPeriod","clientTransferProhibited","",""
"17","opuro.info","2020-05-12 21:06:09","2020-05-11","","2021-05-11","106","Ascio Technologies, Inc. Danmark - Filial af Ascio technologies, Inc. USA","whois.ascio.com","http://www.ascio.com","Ovivo Switzerland AG","Ovivo Switzerland AG","","","","","Switzerland","","","","","","","","","","","","","","","","","","","","","","","","","","","","","","","","","","ns.hostpoint.ch","ns2.hostpoint.ch","ns3.hostpoint.ch","","addPeriod","serverTransferProhibited","",""
"18","overo.info","2020-05-12 21:06:06","2020-05-11","","2021-05-11","106","Ascio Technologies, Inc. Danmark - Filial af Ascio technologies, Inc. USA","whois.ascio.com","http://www.ascio.com","Ovivo Switzerland AG","Ovivo Switzerland AG","","","","","Switzerland","","","","","","","","","","","","","","","","","","","","","","","","","","","","","","","","","","ns.hostpoint.ch","ns2.hostpoint.ch","ns3.hostpoint.ch","","addPeriod","serverTransferProhibited","",""
"19","pereduchesne.net","2020-05-12 21:50:52","2020-05-08","2020-05-08","2021-05-08","81","Gandi SAS","whois.gandi.net","http://www.gandi.net","REDACTED FOR PRIVACY","","REDACTED FOR PRIVACY","REDACTED FOR PRIVACY","","REDACTED FOR PRIVACY","Switzerland","ac5d74067c6fc58d8ebebdf0bcc5065f-18944073@contact.gandi.net","REDACTED FOR PRIVACY","REDACTED FOR PRIVACY","REDACTED FOR PRIVACY","REDACTED FOR PRIVACY","REDACTED FOR PRIVACY","REDACTED FOR PRIVACY","REDACTED FOR PRIVACY","REDACTED FOR PRIVACY","REDACTED FOR PRIVACY","ac5d74067c6fc58d8ebebdf0bcc5065f-18944073@contact.gandi.net","REDACTED FOR PRIVACY","REDACTED FOR PRIVACY","REDACTED FOR PRIVACY","REDACTED FOR PRIVACY","REDACTED FOR PRIVACY","REDACTED FOR PRIVACY","REDACTED FOR PRIVACY","REDACTED FOR PRIVACY","REDACTED FOR PRIVACY","ac5d74067c6fc58d8ebebdf0bcc5065f-18944073@contact.gandi.net","REDACTED FOR PRIVACY","REDACTED FOR PRIVACY","","","","","","","","","","","ns-181-a.gandi.net","ns-207-c.gandi.net","ns-53-b.gandi.net","","clientTransferProhibited","","",""
"20","pkp-code.net","2020-05-12 21:50:46","2020-05-10","2020-05-10","2021-05-10","401","Misk.com, Inc.","whois.misk.com","http://www.misk.com","oekokubus","oekokubus","","","","","Switzerland","","","","","","","","","","","","","","","","","","","","","","","","","","","","","","","","","","ns1.misk.com","ns2.misk.com","","","clientTransferProhibited","","",""
"21","pulse.jobs","2020-05-12 21:01:58","2020-05-06","2020-05-07","2021-05-06","625","Name.com, Inc.","whois.name.com","http://www.name.com","REDACTED FOR PRIVACY","Pulse digital agency s?rl","REDACTED FOR PRIVACY","REDACTED FOR PRIVACY","VAUD","REDACTED FOR PRIVACY","Switzerland","","REDACTED FOR PRIVACY","REDACTED FOR PRIVACY","REDACTED FOR PRIVACY","REDACTED FOR PRIVACY","REDACTED FOR PRIVACY","REDACTED FOR PRIVACY","REDACTED FOR PRIVACY","REDACTED FOR PRIVACY","REDACTED FOR PRIVACY","","REDACTED FOR PRIVACY","REDACTED FOR PRIVACY","REDACTED FOR PRIVACY","REDACTED FOR PRIVACY","REDACTED FOR PRIVACY","REDACTED FOR PRIVACY","REDACTED FOR PRIVACY","REDACTED FOR PRIVACY","REDACTED FOR PRIVACY","","REDACTED FOR PRIVACY","REDACTED FOR PRIVACY","REDACTED FOR PRIVACY","REDACTED FOR PRIVACY","REDACTED FOR PRIVACY","REDACTED FOR PRIVACY","REDACTED FOR PRIVACY","REDACTED FOR PRIVACY","REDACTED FOR PRIVACY","","REDACTED FOR PRIVACY","REDACTED FOR PRIVACY","ns1kpv.name.com","ns2nsy.name.com","ns3ckl.name.com","ns4fmw.name.com","OK","","",""
"22","quitaiecs.net","2020-05-12 21:50:29","2020-05-08","2020-05-08","2021-05-08","15","Corehub, S.R.L.","whois.corehub.net","http://www.corehub.net","","","","","","","Switzerland","","","","","","","","","","","","","","","","","","","","","","","","","","","","","","","","","","ns1.webland.ch","ns2.webland.ch","ns3.webland.ch","ns4.webland.ch","OK","","",""
"23","re-creation-of-humanity.net","2020-05-12 21:50:25","2020-05-09","2020-05-09","2021-05-09","106","Ascio Technologies, Inc. Danmark - Filial af Ascio technologies, Inc. USA","whois.ascio.com","http://www.ascio.com","Swiss Domain Trustee AG","Swiss Domain Trustee AG","Neue Jonastrasse 60","Rapperswil-Jona","SG","8640","Switzerland","01a4abef0726132@email-forwarding.swissdomaintrustee.ch","+41.844040404","","Dario Baumgartner","Swiss Domain Trustee AG","Neue Jonastrasse 60","Rapperswil-Jona","SG","8640","Switzerland","01a4abef0726132@email-forwarding.swissdomaintrustee.ch","+41.844040404","","Dario Baumgartner","Swiss Domain Trustee AG","Neue Jonastrasse 60","Rapperswil-Jona","SG","8640","Switzerland","01a4abef0726132@email-forwarding.swissdomaintrustee.ch","+41.844040404","","","","","","","","","","","","ns.hostpoint.ch","ns2.hostpoint.ch","ns3.hostpoint.ch","","OK","","",""
"24","remask.info","2020-05-12 21:04:32","2020-05-11","2020-05-11","2021-05-11","2","Network Solutions, LLC","whois.networksolutions.com","http://networksolutions.com","sitem insel","sitem insel","","","CH-BE","","Switzerland","","","","","","","","","","","","","","","","","","","","","","","","","","","","","","","","","","ns6.wixdns.net","ns7.wixdns.net","","","addPeriod","clientTransferProhibited","serverTransferProhibited",""
"25","respiratoryconsultingofmscpr.net","2020-05-12 21:50:24","2020-05-10","2020-05-10","2021-05-10","69","Tucows Domains Inc.","whois.tucows.com","http://domainhelp.opensrs.net","REDACTED FOR PRIVACY","REDACTED FOR PRIVACY","REDACTED FOR PRIVACY","REDACTED FOR PRIVACY","REDACTED FOR PRIVACY","REDACTED FOR PRIVACY","Switzerland","","REDACTED FOR PRIVACY","REDACTED FOR PRIVACY","REDACTED FOR PRIVACY","REDACTED FOR PRIVACY","REDACTED FOR PRIVACY","REDACTED FOR PRIVACY","REDACTED FOR PRIVACY","REDACTED FOR PRIVACY","REDACTED FOR PRIVACY","","REDACTED FOR PRIVACY","REDACTED FOR PRIVACY","REDACTED FOR PRIVACY","REDACTED FOR PRIVACY","REDACTED FOR PRIVACY","REDACTED FOR PRIVACY","REDACTED FOR PRIVACY","REDACTED FOR PRIVACY","REDACTED FOR PRIVACY","","REDACTED FOR PRIVACY","REDACTED FOR PRIVACY","","","","","","","","","","","logan.ns.cloudflare.com","maya.ns.cloudflare.com","","","OK","","",""
"26","riskonoff.info","2020-05-12 21:04:13","2020-05-09","2020-05-09","2022-05-09","146","GoDaddy.com, LLC","whois.godaddy.com","http://registrar.godaddy.com","visiton GmbH","visiton GmbH","","","ZH","","Switzerland","","","","","","","","","","","","","","","","","","","","","","","","","","","","","","","","","","ns55.domaincontrol.com","ns56.domaincontrol.com","","","addPeriod","clientDeleteProhibited","clientRenewProhibited","clientTransferProhibited"
"27","riskonoff.net","2020-05-12 21:50:16","2020-05-09","2020-05-09","2022-05-09","146","GoDaddy.com, LLC","whois.godaddy.com","http://registrar.godaddy.com","visiton GmbH","visiton GmbH","","","ZH","","Switzerland","","","","","","","","","","","","","","","","","","","","","","","","","","","","","","","","","","ns47.domaincontrol.com","ns48.domaincontrol.com","","","clientDeleteProhibited","clientRenewProhibited","clientTransferProhibited","clientUpdateProhibited"
"28","sammaliconnect.net","2020-05-12 21:50:08","2020-05-08","2020-05-08","2021-05-08","106","Ascio Technologies, Inc. Danmark - Filial af Ascio technologies, Inc. USA","whois.ascio.com","http://www.ascio.com","Swiss Domain Trustee AG","Swiss Domain Trustee AG","Neue Jonastrasse 60","Rapperswil-Jona","SG","8640","Switzerland","712e5f3601996fa@email-forwarding.swissdomaintrustee.ch","+41.844040404","","Dario Baumgartner","Swiss Domain Trustee AG","Neue Jonastrasse 60","Rapperswil-Jona","SG","8640","Switzerland","712e5f3601996fa@email-forwarding.swissdomaintrustee.ch","+41.844040404","","Dario Baumgartner","Swiss Domain Trustee AG","Neue Jonastrasse 60","Rapperswil-Jona","SG","8640","Switzerland","712e5f3601996fa@email-forwarding.swissdomaintrustee.ch","+41.844040404","","","","","","","","","","","","ns.hostpoint.ch","ns2.hostpoint.ch","ns3.hostpoint.ch","","OK","","",""
"29","sanctus-jpii.info","2020-05-12 21:03:59","2020-05-11","2020-05-11","2021-05-11","269","Key-Systems GmbH","whois.rrpproxy.net","http://www.key-systems.net","J.C. MEYER SA","J.C. MEYER SA","","","","","Switzerland","","","","","","","","","","","","","","","","","","","","","","","","","","","","","","","","","","ns31.infomaniak.com","ns32.infomaniak.com","","","addPeriod","clientTransferProhibited","serverTransferProhibited",""
"30","swisscollege.info","2020-05-12 11:41:43","2020-05-09","2020-05-09","2021-05-09","146","GoDaddy.com, LLC","whois.godaddy.com","http://registrar.godaddy.com","Edupolis GmbH","Edupolis GmbH","","","Bern-Mittelland","","Switzerland","","","","","","","","","","","","","","","","","","","","","","","","","","","","","","","","","","ns63.domaincontrol.com","ns64.domaincontrol.com","","","addPeriod","clientDeleteProhibited","clientRenewProhibited","clientTransferProhibited"
"31","topan-mapufin.investments","2020-05-12 21:01:58","2020-05-10","2020-05-11","2021-05-10","1408","united-domains AG","whois.udag.net","http://www.united-domains.de","REDACTED FOR PRIVACY","","REDACTED FOR PRIVACY","REDACTED FOR PRIVACY","","REDACTED FOR PRIVACY","Switzerland","","REDACTED FOR PRIVACY","REDACTED FOR PRIVACY","","","","","","","","","","","","","","","","","","","","","","","","","","","","","","","","","","","addPeriod","clientTransferProhibited","",""
"32","veganum.info","2020-05-12 12:48:25","2020-05-08","","2021-05-08","106","Ascio Technologies, Inc. Danmark - Filial af Ascio technologies, Inc. USA","whois.ascio.com","http://www.ascio.com","","","","","","","Switzerland","","","","","","","","","","","","","","","","","","","","","","","","","","","","","","","","","","ns.hostpoint.ch","ns2.hostpoint.ch","ns3.hostpoint.ch","","addPeriod","serverTransferProhibited","",""
"33","widerstandsbote.info","2020-05-12 21:02:17","2020-05-11","2020-05-12","2021-05-11","106","Ascio Technologies, Inc. Danmark - Filial af Ascio technologies, Inc. USA","whois.ascio.com","http://www.ascio.com","","","","","","","Switzerland","","","","","","","","","","","","","","","","","","","","","","","","","","","","","","","","","","ns.hostpoint.ch","ns2.hostpoint.ch","ns3.hostpoint.ch","","addPeriod","serverTransferProhibited","",""
"34","ws-spex-test-2020-05-11.info","2020-05-12 21:02:14","2020-05-11","2020-05-11","2021-05-11","151","PSI-USA, Inc. dba Domain Robot","whois.psi-usa.info","http://www.psi-usa.info","Worldsoft AG","Worldsoft AG","","","CH","","Switzerland","","","","","","","","","","","","","","","","","","","","","","","","","","","","","","","","","","dns1.worldsoft-isp.net","dns2.worldsoft-isp.net","","","addPeriod","clientTransferProhibited","serverTransferProhibited",""
"35","xn--wohntrume-02a.gmbh","2020-05-12 20:43:07","2020-05-11","2020-05-11","2021-05-11","1387","1API GmbH","whois.1api.net","http://www.1api.net","REDACTED FOR PRIVACY","chilimedia GmbH","REDACTED FOR PRIVACY","REDACTED FOR PRIVACY","","REDACTED FOR PRIVACY","Switzerland","","REDACTED FOR PRIVACY","REDACTED FOR PRIVACY","","","","","","","","","","","","","","","","","","","","","","","","","","","","","","","","","","","addPeriod","clientTransferProhibited","",""