"num","domain_name","query_time","create_date","update_date","expiry_date","domain_registrar_id","domain_registrar_name","domain_registrar_whois","domain_registrar_url","registrant_name","registrant_company","registrant_address","registrant_city","registrant_state","registrant_zip","registrant_country","registrant_email","registrant_phone","registrant_fax","administrative_name","administrative_company","administrative_address","administrative_city","administrative_state","administrative_zip","administrative_country","administrative_email","administrative_phone","administrative_fax","technical_name","technical_company","technical_address","technical_city","technical_state","technical_zip","technical_country","technical_email","technical_phone","technical_fax","billing_name","billing_company","billing_address","billing_city","billing_state","billing_zip","billing_country","billing_email","billing_phone","billing_fax","name_server_1","name_server_2","name_server_3","name_server_4","domain_status_1","domain_status_2","domain_status_3","domain_status_4"
"1","huise.life","2020-05-12 21:08:14","2020-05-09","2020-05-09","2021-05-09","146","GoDaddy.com, LLC","whois.godaddy.com","http://registrar.godaddy.com","REDACTED FOR PRIVACY","","REDACTED FOR PRIVACY","REDACTED FOR PRIVACY","Taiwan","REDACTED FOR PRIVACY","Taiwan","","REDACTED FOR PRIVACY","REDACTED FOR PRIVACY","","","","","","","","","","","","","","","","","","","","","","","","","","","","","","","","","","","addPeriod","clientDeleteProhibited","clientRenewProhibited","clientTransferProhibited"
"2","kwl-host.info","2020-05-12 20:59:22","2020-05-11","","2021-05-11","1443","Vautron Rechenzentrum AG","whois.antagus.de","http://www.vautron.de","privat","privat","","","","","Taiwan","","","","","","","","","","","","","","","","","","","","","","","","","","","","","","","","","","ns1.contabo.net","ns2.contabo.net","ns3.contabo.net","","addPeriod","serverTransferProhibited","",""
"3","mega-lan.info","2020-05-12 20:59:16","2020-05-08","2020-05-08","2021-05-08","146","GoDaddy.com, LLC","whois.godaddy.com","http://registrar.godaddy.com","","","","","Tai \u7063","","Taiwan","","","","","","","","","","","","","","","","","","","","","","","","","","","","","","","","","","ns51.domaincontrol.com","ns52.domaincontrol.com","","","addPeriod","clientDeleteProhibited","clientRenewProhibited","clientTransferProhibited"
"4","pmd.life","2020-05-12 21:08:01","2020-05-11","2020-05-12","2021-05-11","146","GoDaddy.com, LLC","whois.godaddy.com","http://registrar.godaddy.com","REDACTED FOR PRIVACY","","REDACTED FOR PRIVACY","REDACTED FOR PRIVACY","Tai Zhong Shi","REDACTED FOR PRIVACY","Taiwan","","REDACTED FOR PRIVACY","REDACTED FOR PRIVACY","","","","","","","","","","","","","","","","","","","","","","","","","","","","","","","","","","","addPeriod","clientHold","",""
"5","sh6666.net","2020-05-12 21:49:56","2020-05-09","2020-05-09","2021-05-09","146","GoDaddy.com, LLC","whois.godaddy.com","http://registrar.godaddy.com","","","","","Taiwan","","Taiwan","","","","","","","","","","","","","","","","","","","","","","","","","","","","","","","","","","ns55.domaincontrol.com","ns56.domaincontrol.com","","","clientDeleteProhibited","clientRenewProhibited","clientTransferProhibited","clientUpdateProhibited"
"6","slash.taipei","2020-05-12 21:16:20","2020-05-08","2020-05-08","2021-05-08","1336","Net-Chinese Co., Ltd.","whois.net-chinese.com.tw","http://www.net-chinese.com.tw","","","","","","","Taiwan","","","","","","","","","","","","","","","","","","","","","","","","","","","","","","","","","","admns1.hinet.net","admns2.hinet.net","","","addPeriod","ok","",""
"7","w-forex.life","2020-05-12 21:07:49","2020-05-11","2020-05-11","2021-05-11","146","GoDaddy.com, LLC","whois.godaddy.com","http://registrar.godaddy.com","REDACTED FOR PRIVACY","","REDACTED FOR PRIVACY","REDACTED FOR PRIVACY","Tai Zhong Shi","REDACTED FOR PRIVACY","Taiwan","","REDACTED FOR PRIVACY","REDACTED FOR PRIVACY","","","","","","","","","","","","","","","","","","","","","","","","","","","","","","","","","","","addPeriod","clientDeleteProhibited","clientRenewProhibited","clientTransferProhibited"
"8","yongjia.info","2020-05-12 21:02:12","2020-05-11","2020-05-11","2021-05-11","2","Network Solutions, LLC","whois.networksolutions.com","http://networksolutions.com","Yongjia","Yongjia","","","TW-TPQ","","Taiwan","","","","","","","","","","","","","","","","","","","","","","","","","","","","","","","","","","ns12.wixdns.net","ns13.wixdns.net","","","addPeriod","clientTransferProhibited","serverTransferProhibited",""
"9","zeus.taipei","2020-05-12 21:16:14","2020-05-07","2020-05-12","2022-05-07","1336","Net-Chinese Co., Ltd.","whois.net-chinese.com.tw","http://www.net-chinese.com.tw","LAJOYA BIOTECH CO.,LTD","LAJOYA BIOTECH CO.,LTD","","","","","Taiwan","","","","","","","","","","","","","","","","","","","","","","","","","","","","","","","","","","admns1.hinet.net","admns2.hinet.net","","","OK","","",""