"num","domain_name","query_time","create_date","update_date","expiry_date","domain_registrar_id","domain_registrar_name","domain_registrar_whois","domain_registrar_url","registrant_name","registrant_company","registrant_address","registrant_city","registrant_state","registrant_zip","registrant_country","registrant_email","registrant_phone","registrant_fax","administrative_name","administrative_company","administrative_address","administrative_city","administrative_state","administrative_zip","administrative_country","administrative_email","administrative_phone","administrative_fax","technical_name","technical_company","technical_address","technical_city","technical_state","technical_zip","technical_country","technical_email","technical_phone","technical_fax","billing_name","billing_company","billing_address","billing_city","billing_state","billing_zip","billing_country","billing_email","billing_phone","billing_fax","name_server_1","name_server_2","name_server_3","name_server_4","domain_status_1","domain_status_2","domain_status_3","domain_status_4"
"1","folkestyre.mobi","2020-05-12 15:35:59","2020-05-09","2020-05-09","2021-05-09","146","GoDaddy.com, LLC","whois.godaddy.com","http://registrar.godaddy.com","","","","","Phuket","","Thailand","","","","","","","","","","","","","","","","","","","","","","","","","","","","","","","","","","ns69.domaincontrol.com","ns70.domaincontrol.com","","","addPeriod","clientDeleteProhibited","clientRenewProhibited","clientTransferProhibited"
"2","furnit.biz","2020-05-12 16:20:16","2020-05-09","2020-05-09","2021-05-09","303","PDR Ltd. d/b/a PublicDomainRegistry.com","whois.publicdomainregistry.com","http://www.publicdomainregistry.com","parichat temjai","parichat temjai","","","","","Thailand","","","","","","","","","","","","","","","","","","","","","","","","","","","","","","","","","","ns1.lnwshop.com","ns2.lnwshop.com","","","addPeriod","clientTransferProhibited","",""
"3","houx.info","2020-05-12 06:14:27","2020-05-06","2020-05-06","2021-05-06","146","GoDaddy.com, LLC","whois.godaddy.com","http://registrar.godaddy.com","woners","woners","","","bkk","","Thailand","","","","","","","","","","","","","","","","","","","","","","","","","","","","","","","","","","dahlia.ns.cloudflare.com","theo.ns.cloudflare.com","","","clientDeleteProhibited","clientRenewProhibited","clientTransferProhibited","clientUpdateProhibited"
"4","jankongklang.info","2020-05-12 06:45:49","2020-05-07","2020-05-07","2021-05-07","146","GoDaddy.com, LLC","whois.godaddy.com","http://registrar.godaddy.com","","","","","Bangkok","","Thailand","","","","","","","","","","","","","","","","","","","","","","","","","","","","","","","","","","ns75.domaincontrol.com","ns76.domaincontrol.com","","","clientDeleteProhibited","clientRenewProhibited","clientTransferProhibited","clientUpdateProhibited"
"5","jfruit.info","2020-05-12 06:50:12","2020-05-06","2020-05-06","2021-05-06","2","Network Solutions, LLC","whois.networksolutions.com","http://networksolutions.com","","","","","TH-13","","Thailand","","","","","","","","","","","","","","","","","","","","","","","","","","","","","","","","","","ns10.wixdns.net","ns11.wixdns.net","","","clientTransferProhibited","serverTransferProhibited","",""
"6","lokikaz.info","2020-05-12 20:59:19","2020-05-11","2020-05-11","2021-05-11","146","GoDaddy.com, LLC","whois.godaddy.com","http://registrar.godaddy.com","","","","","Bangkok","","Thailand","","","","","","","","","","","","","","","","","","","","","","","","","","","","","","","","","","ns27.domaincontrol.com","ns28.domaincontrol.com","","","addPeriod","clientDeleteProhibited","clientRenewProhibited","clientTransferProhibited"
"7","offsetters.info","2020-05-12 09:05:18","2020-05-11","2020-05-11","2021-05-11","146","GoDaddy.com, LLC","whois.godaddy.com","http://registrar.godaddy.com","","","","","Bangkok","","Thailand","","","","","","","","","","","","","","","","","","","","","","","","","","","","","","","","","","ns39.domaincontrol.com","ns40.domaincontrol.com","","","addPeriod","clientDeleteProhibited","clientRenewProhibited","clientTransferProhibited"
"8","ratcoffee.net","2020-05-12 21:50:26","2020-05-09","2020-05-09","2021-05-09","925","Everyones Internet, Ltd. dba SoftLayer","whois.softlayer.com","http://www.softlayer.com","REDACTED FOR PRIVACY","REDACTED FOR PRIVACY","REDACTED FOR PRIVACY","REDACTED FOR PRIVACY","CHIANGMAI","REDACTED FOR PRIVACY","Thailand","","REDACTED FOR PRIVACY","REDACTED FOR PRIVACY","REDACTED FOR PRIVACY","REDACTED FOR PRIVACY","REDACTED FOR PRIVACY","REDACTED FOR PRIVACY","REDACTED FOR PRIVACY","REDACTED FOR PRIVACY","REDACTED FOR PRIVACY","","REDACTED FOR PRIVACY","REDACTED FOR PRIVACY","REDACTED FOR PRIVACY","REDACTED FOR PRIVACY","REDACTED FOR PRIVACY","REDACTED FOR PRIVACY","REDACTED FOR PRIVACY","REDACTED FOR PRIVACY","REDACTED FOR PRIVACY","","REDACTED FOR PRIVACY","REDACTED FOR PRIVACY","","","","","","","","","","","ns1.trakool.co.th","ns2.trakool.co.th","","","clientTransferProhibited","clientUpdateProhibited","",""
"9","shareshopping.net","2020-05-12 21:49:55","2020-05-09","2020-05-09","2021-05-09","303","PDR Ltd. d/b/a PublicDomainRegistry.com","whois.publicdomainregistry.com","http://www.publicdomainregistry.com","Prakal Jirapaschayanant","Prakal Jirapaschayanant","120/1 chimplee RD, ThawiWattana","TalingChan","","10170","Thailand","info@shareshipping.co","+66.830166890","+66.830166890","Prakal Jirapaschayanant","Prakal Jirapaschayanant","120/1 chimplee RD, ThawiWattana","TalingChan","","10170","Thailand","info@shareshipping.co","+66.830166890","+66.830166890","Prakal Jirapaschayanant","Prakal Jirapaschayanant","120/1 chimplee RD, ThawiWattana","TalingChan","","10170","Thailand","info@shareshipping.co","+66.830166890","+66.830166890","","","","","","","","","","","dns1.pathosting.com","dns2.pathosting.com","","","clientTransferProhibited","","",""
"10","ts911bet.info","2020-05-12 21:02:43","2020-05-09","2020-05-09","2021-05-09","146","GoDaddy.com, LLC","whois.godaddy.com","http://registrar.godaddy.com","","","","","tsbet","","Thailand","","","","","","","","","","","","","","","","","","","","","","","","","","","","","","","","","","eva.ns.cloudflare.com","uriah.ns.cloudflare.com","","","addPeriod","clientDeleteProhibited","clientRenewProhibited","clientTransferProhibited"