"num","domain_name","query_time","create_date","update_date","expiry_date","domain_registrar_id","domain_registrar_name","domain_registrar_whois","domain_registrar_url","registrant_name","registrant_company","registrant_address","registrant_city","registrant_state","registrant_zip","registrant_country","registrant_email","registrant_phone","registrant_fax","administrative_name","administrative_company","administrative_address","administrative_city","administrative_state","administrative_zip","administrative_country","administrative_email","administrative_phone","administrative_fax","technical_name","technical_company","technical_address","technical_city","technical_state","technical_zip","technical_country","technical_email","technical_phone","technical_fax","billing_name","billing_company","billing_address","billing_city","billing_state","billing_zip","billing_country","billing_email","billing_phone","billing_fax","name_server_1","name_server_2","name_server_3","name_server_4","domain_status_1","domain_status_2","domain_status_3","domain_status_4"
"1","a-plus.properties","2020-05-12 19:16:04","2020-05-08","2020-05-08","2021-05-08","303","PDR Ltd. d/b/a PublicDomainRegistry.com","whois.publicdomainregistry.com","http://www.publicdomainregistry.com","REDACTED FOR PRIVACY","Tezer Oner","REDACTED FOR PRIVACY","REDACTED FOR PRIVACY","","REDACTED FOR PRIVACY","Turkey","","REDACTED FOR PRIVACY","REDACTED FOR PRIVACY","","","","","","","","","","","","","","","","","","","","","","","","","","","","","","","","","","","addPeriod","clientTransferProhibited","",""
"2","ailehekimi.kim","2020-05-12 13:57:38","2020-05-08","2020-05-11","2021-05-08","1110","FBS Inc.","whois.isimtescil.net","http://www.isimtescil.net","FBS INC / Whoisprotection.biz","FBS INC / Whoisprotection.biz","","","Istanbul","","Turkey","","","","","","","","","","","","","","","","","","","","","","","","","","","","","","","","","","eu.dnsenable.com","tr.dnsenable.com","us.dnsenable.com","","addPeriod","serverTransferProhibited","",""
"3","alemcet.biz","2020-05-12 15:03:28","2020-05-10","2020-05-10","2021-05-10","146","GoDaddy.com, LLC","whois.godaddy.com","http://registrar.godaddy.com","","","","","","","Turkey","","","","","","","","","","","","","","","","","","","","","","","","","","","","","","","","","","ns1.tubilisim.com","ns2.tubilisim.com","","","addPeriod","clientDeleteProhibited","clientRenewProhibited","clientTransferProhibited"
"4","allahcc.info","2020-05-12 01:35:24","2020-05-06","2020-05-06","2022-05-06","146","GoDaddy.com, LLC","whois.godaddy.com","http://registrar.godaddy.com","","","","","\u0130stanbul","","Turkey","","","","","","","","","","","","","","","","","","","","","","","","","","","","","","","","","","ns37.domaincontrol.com","ns38.domaincontrol.com","","","clientDeleteProhibited","clientRenewProhibited","clientTransferProhibited","clientUpdateProhibited"
"5","avukatim.kim","2020-05-12 21:01:54","2020-05-08","2020-05-11","2021-05-08","1110","FBS Inc.","whois.isimtescil.net","http://www.isimtescil.net","FBS INC / Whoisprotection.biz","FBS INC / Whoisprotection.biz","","","Istanbul","","Turkey","","","","","","","","","","","","","","","","","","","","","","","","","","","","","","","","","","eu.dnsenable.com","tr.dnsenable.com","us.dnsenable.com","","addPeriod","serverTransferProhibited","",""
"6","bursaotoklima.biz","2020-05-12 15:28:09","2020-05-05","2020-05-10","2021-05-05","146","GoDaddy.com, LLC","whois.godaddy.com","http://registrar.godaddy.com","AnywareSoft","AnywareSoft","","","Nilufer","","Turkey","","","","","","","","","","","","","","","","","","","","","","","","","","","","","","","","","","ns41.domaincontrol.com","ns42.domaincontrol.com","","","clientDeleteProhibited","clientRenewProhibited","clientTransferProhibited","clientUpdateProhibited"
"7","cemkaleli.info","2020-05-12 03:05:25","2020-05-08","2020-05-08","2021-05-08","303","PDR Ltd. d/b/a PublicDomainRegistry.com","whois.publicdomainregistry.com","http://www.publicdomainregistry.com","Cem Burak KALELI","Cem Burak KALELI","","","cayyolu","","Turkey","","","","","","","","","","","","","","","","","","","","","","","","","","","","","","","","","","ns1.yoncu.com","ns2.yoncu.com","","","addPeriod","clientTransferProhibited","serverTransferProhibited",""
"8","ebuburak.net","2020-05-12 21:48:31","2020-05-09","2020-05-09","2021-05-09","146","GoDaddy.com, LLC","whois.godaddy.com","http://registrar.godaddy.com","","","","","Pendik","","Turkey","","","","","","","","","","","","","","","","","","","","","","","","","","","","","","","","","","ns69.domaincontrol.com","ns70.domaincontrol.com","","","clientDeleteProhibited","clientRenewProhibited","clientTransferProhibited","clientUpdateProhibited"
"9","edirne.biz","2020-05-12 16:04:43","2020-05-08","2020-05-09","2021-05-08","146","GoDaddy.com, LLC","whois.godaddy.com","http://registrar.godaddy.com","","","","","Edirne","","Turkey","","","","","","","","","","","","","","","","","","","","","","","","","","","","","","","","","","ns1.natrohost.com","ns2.natrohost.com","","","addPeriod","clientDeleteProhibited","clientRenewProhibited","clientTransferProhibited"
"10","egobrand.net","2020-05-12 21:48:11","2020-05-08","2020-05-08","2021-05-08","440","Wild West Domains, LLC","whois.wildwestdomains.com","http://www.wildwestdomains.com","","","","","Istanbul","","Turkey","","","","","","","","","","","","","","","","","","","","","","","","","","","","","","","","","","ns1.sedoparking.com","ns2.sedoparking.com","","","clientDeleteProhibited","clientRenewProhibited","clientTransferProhibited","clientUpdateProhibited"
"11","ekotech.net","2020-05-12 21:48:10","2020-05-09","2020-05-09","2021-05-09","440","Wild West Domains, LLC","whois.wildwestdomains.com","http://www.wildwestdomains.com","","","","","Istanbul","","Turkey","","","","","","","","","","","","","","","","","","","","","","","","","","","","","","","","","","ns1.sedoparking.com","ns2.sedoparking.com","","","clientDeleteProhibited","clientRenewProhibited","clientTransferProhibited","clientUpdateProhibited"
"12","emirhankibar.net","2020-05-12 21:48:12","2020-05-10","2020-05-10","2021-05-10","303","PDR Ltd. d/b/a PublicDomainRegistry.com","whois.publicdomainregistry.com","http://www.publicdomainregistry.com","Emirhan Kibar","Emirhan Kibar","Incirtepe mh. 241.sk no54 daire 6","Istanbul","Esenyurt","34000","Turkey","emrhnkbr-55@hotmail.com","+90.5446442072","","Emirhan Kibar","Emirhan Kibar","Incirtepe mh. 241.sk no54 daire 6","Istanbul","Esenyurt","34000","Turkey","emrhnkbr-55@hotmail.com","+90.5446442072","","Emirhan Kibar","Emirhan Kibar","Incirtepe mh. 241.sk no54 daire 6","Istanbul","Esenyurt","34000","Turkey","emrhnkbr-55@hotmail.com","+90.5446442072","","","","","","","","","","","","ns1.dns-parking.com","ns2.dns-parking.com","","","clientTransferProhibited","","",""
"13","eniyisohbet.net","2020-05-12 21:48:06","2020-05-10","2020-05-10","2021-05-10","303","PDR Ltd. d/b/a PublicDomainRegistry.com","whois.publicdomainregistry.com","http://www.publicdomainregistry.com","Murat Kamar","","Calikusu Sok/NO 58 D. 6 Kucuk Cekmece/kanarya","Istanbul","Kuukcekmece","34300","Turkey","bertanmurat943@gmail.com","+90.5465390278","","Murat Kamar","","Calikusu Sok/NO 58 D. 6 Kucuk Cekmece/kanarya","Istanbul","Kuukcekmece","34300","Turkey","bertanmurat943@gmail.com","+90.5465390278","","Murat Kamar","","Calikusu Sok/NO 58 D. 6 Kucuk Cekmece/kanarya","Istanbul","Kuukcekmece","34300","Turkey","bertanmurat943@gmail.com","+90.5465390278","","","","","","","","","","","","res3.sekershell.net","res4.sekershell.net","","","clientTransferProhibited","","",""
"14","enoconcept.net","2020-05-12 21:48:07","2020-05-09","2020-05-09","2021-05-09","146","GoDaddy.com, LLC","whois.godaddy.com","http://registrar.godaddy.com","","","","","","","Turkey","","","","","","","","","","","","","","","","","","","","","","","","","","","","","","","","","","ns1.internettescil.com","ns2.internettescil.com","","","clientDeleteProhibited","clientRenewProhibited","clientTransferProhibited","clientUpdateProhibited"
"15","erkankahveci.net","2020-05-12 21:48:04","2020-05-09","2020-05-09","2021-05-09","146","GoDaddy.com, LLC","whois.godaddy.com","http://registrar.godaddy.com","Gazidil Yabanc\u0131 Diller Kursu","Gazidil Yabanc\u0131 Diller Kursu","","","Gaziantep","","Turkey","","","","","","","","","","","","","","","","","","","","","","","","","","","","","","","","","","ns47.domaincontrol.com","ns48.domaincontrol.com","","","clientDeleteProhibited","clientRenewProhibited","clientTransferProhibited","clientUpdateProhibited"
"16","estheticana.net","2020-05-12 21:48:03","2020-05-08","2020-05-08","2021-05-08","146","GoDaddy.com, LLC","whois.godaddy.com","http://registrar.godaddy.com","","","","","Istanbul","","Turkey","","","","","","","","","","","","","","","","","","","","","","","","","","","","","","","","","","ns47.domaincontrol.com","ns48.domaincontrol.com","","","clientDeleteProhibited","clientRenewProhibited","clientTransferProhibited","clientUpdateProhibited"
"17","etarif.net","2020-05-12 21:48:01","2020-05-10","2020-05-10","2021-05-10","303","PDR Ltd. d/b/a PublicDomainRegistry.com","whois.publicdomainregistry.com","http://www.publicdomainregistry.com","Emre Can Ondes","","Manisa mesir mahallesi","Manisa","Yunusemre","34000","Turkey","emrecanondes@gmail.com","+90.5352773651","","Guzel Hosting","GNET Internet Telekomunikasyon A.S.","Icerenkoy Mh. Ertac Sk. Ardil Is Merkezi No 4/2","Istanbul","Atasehir","34752","Turkey","alanadi@guzel.net.tr","+90.908508850558","","Guzel Hosting","GNET Internet Telekomunikasyon A.S.","Icerenkoy Mh. Ertac Sk. Ardil Is Merkezi No 4/2","Istanbul","Atasehir","34752","Turkey","alanadi@guzel.net.tr","+90.908508850558","","","","","","","","","","","","eu.guzelhosting.com","sg.guzelhosting.com","tr.guzelhosting.com","us.guzelhosting.com","clientTransferProhibited","","",""
"18","evara.life","2020-05-12 21:08:21","2020-05-10","2020-05-11","2021-05-10","303","PDR Ltd. d/b/a PublicDomainRegistry.com","whois.publicdomainregistry.com","http://www.publicdomainregistry.com","REDACTED FOR PRIVACY","mehrdad radnasab","REDACTED FOR PRIVACY","REDACTED FOR PRIVACY","","REDACTED FOR PRIVACY","Turkey","","REDACTED FOR PRIVACY","REDACTED FOR PRIVACY","","","","","","","","","","","","","","","","","","","","","","","","","","","","","","","","","","","addPeriod","clientTransferProhibited","",""
"19","evdehayatvar20hediyesi.net","2020-05-12 21:48:07","2020-05-10","2020-05-10","2021-05-10","146","GoDaddy.com, LLC","whois.godaddy.com","http://registrar.godaddy.com","","","","","Istanbul","","Turkey","","","","","","","","","","","","","","","","","","","","","","","","","","","","","","","","","","ns55.domaincontrol.com","ns56.domaincontrol.com","","","clientDeleteProhibited","clientRenewProhibited","clientTransferProhibited","clientUpdateProhibited"
"20","expoline.net","2020-05-12 21:47:58","2020-05-09","2020-05-09","2021-05-09","440","Wild West Domains, LLC","whois.wildwestdomains.com","http://www.wildwestdomains.com","","","","","Istanbul","","Turkey","","","","","","","","","","","","","","","","","","","","","","","","","","","","","","","","","","ns1.sedoparking.com","ns2.sedoparking.com","","","clientDeleteProhibited","clientRenewProhibited","clientTransferProhibited","clientUpdateProhibited"
"21","fabrikasyon.net","2020-05-12 21:47:57","2020-05-08","2020-05-08","2021-05-08","1630","Ligne Web Services SARL","whois.nic.fr","http://www.ait.com","","","","","","","Turkey","9233e440362eeadad578dfc356dbc158@whois-anonymous.com","","","","","","","","","Turkey","9233e440362eeadad578dfc356dbc158@whois-anonymous.com","","","","","","","","","Turkey","9233e440362eeadad578dfc356dbc158@whois-anonymous.com","","","","","","","","","Turkey","9233e440362eeadad578dfc356dbc158@whois-anonymous.com","","","","","","","More","informations","on",""
"22","famoco.net","2020-05-12 21:47:55","2020-05-10","2020-05-10","2021-05-10","440","Wild West Domains, LLC","whois.wildwestdomains.com","http://www.wildwestdomains.com","","","","","Istanbul","","Turkey","","","","","","","","","","","","","","","","","","","","","","","","","","","","","","","","","","ns1.sedoparking.com","ns2.sedoparking.com","","","clientDeleteProhibited","clientRenewProhibited","clientTransferProhibited","clientUpdateProhibited"
"23","felsefi.net","2020-05-12 21:47:53","2020-05-08","2020-05-08","2021-05-08","1630","Ligne Web Services SARL","whois.nic.fr","http://www.ait.com","","","","","","","Turkey","c9225878e2feea799751bf8958447c65@whois-anonymous.com","","","","","","","","","Turkey","c9225878e2feea799751bf8958447c65@whois-anonymous.com","","","","","","","","","Turkey","c9225878e2feea799751bf8958447c65@whois-anonymous.com","","","","","","","","","Turkey","c9225878e2feea799751bf8958447c65@whois-anonymous.com","","","","","","","More","informations","on",""
"24","fikir.red","2020-05-12 19:21:40","2020-05-09","2020-05-10","2021-05-09","1110","FBS Inc.","whois.isimtescil.net","http://www.isimtescil.net","FBS INC / Whoisprotection.biz","FBS INC / Whoisprotection.biz","","","Istanbul","","Turkey","","","","","","","","","","","","","","","","","","","","","","","","","","","","","","","","","","ns1.logoyat.com","ns2.logoyat.com","","","addPeriod","serverTransferProhibited","",""
"25","forexhit.trade","2020-05-12 22:33:02","2020-05-09","2020-05-09","2021-05-09","1110","FBS Inc.","whois.isimtescil.net","http://www.isimtescil.net","FBS INC / Whoisprotection.biz","FBS INC / Whoisprotection.biz","","","Istanbul","","Turkey","","","","","","","","","","","","","","","","","","","","","","","","","","","","","","","","","","eu.dnsenable.com","tr.dnsenable.com","us.dnsenable.com","","addPeriod","ok","",""
"26","gamerarena.net","2020-05-12 21:47:36","2020-05-10","2020-05-10","2021-05-10","440","Wild West Domains, LLC","whois.wildwestdomains.com","http://www.wildwestdomains.com","Ts3Systems","Ts3Systems","","","Samsun","","Turkey","","","","","","","","","","","","","","","","","","","","","","","","","","","","","","","","","","aspen.ns.cloudflare.com","hugh.ns.cloudflare.com","","","clientDeleteProhibited","clientRenewProhibited","clientTransferProhibited","clientUpdateProhibited"
"27","gezzeg.net","2020-05-12 21:47:31","2020-05-09","2020-05-09","2021-05-09","303","PDR Ltd. d/b/a PublicDomainRegistry.com","whois.publicdomainregistry.com","http://www.publicdomainregistry.com","Ugur Aras","","Istanbul / Kad?koy","Istanbul","Kad?koy","34000","Turkey","dvlp.ugr@gmail.com","+90.05417898279","","Guzel Hosting","GNET Internet Telekomunikasyon A.S.","Icerenkoy Mh. Ertac Sk. Ardil Is Merkezi No 4/2","Istanbul","Atasehir","34752","Turkey","alanadi@guzel.net.tr","+90.908508850558","","Guzel Hosting","GNET Internet Telekomunikasyon A.S.","Icerenkoy Mh. Ertac Sk. Ardil Is Merkezi No 4/2","Istanbul","Atasehir","34752","Turkey","alanadi@guzel.net.tr","+90.908508850558","","","","","","","","","","","","ns1.guzelhosting.com","ns11.guzelhosting.com","ns12.guzelhosting.com","ns2.guzelhosting.com","clientTransferProhibited","","",""
"28","gloname.net","2020-05-12 21:47:29","2020-05-09","2020-05-09","2021-05-09","625","Name.com, Inc.","whois.name.com","http://www.name.com","davut kavranoglu","","Bilim, Sanayi ve Teknoloji Bakanligi , Eskisehir Yolu","Ankara","Turkey","06510","Turkey","dkavranoglu@gmail.com","+90.5552143340","","davut kavranoglu","","Bilim, Sanayi ve Teknoloji Bakanligi , Eskisehir Yolu","Ankara","Turkey","06510","Turkey","dkavranoglu@gmail.com","+90.5552143340","","davut kavranoglu","","Bilim, Sanayi ve Teknoloji Bakanligi , Eskisehir Yolu","Ankara","Turkey","06510","Turkey","dkavranoglu@gmail.com","+90.5552143340","","","","","","","","","","","","ns1bcp.name.com","ns2lns.name.com","ns3dty.name.com","ns4dfh.name.com","addPeriod","clientTransferProhibited","",""
"29","gokaysigorta.net","2020-05-12 21:47:28","2020-05-10","2020-05-10","2021-05-10","303","PDR Ltd. d/b/a PublicDomainRegistry.com","whois.publicdomainregistry.com","http://www.publicdomainregistry.com","metin onguc","Metin Onguc","15 TEMMUZ MAH. 1486. SK. NO: 19 IC KAPI NO: 3","Istanbul","Bagc?lar","34212","Turkey","metinnonguc@gmail.com","+90.5303806344","","Guzel Hosting","GNET Internet Telekomunikasyon A.S.","Icerenkoy Mh. Ertac Sk. Ardil Is Merkezi No 4/2","Istanbul","Atasehir","34752","Turkey","alanadi@guzel.net.tr","+90.908508850558","","Guzel Hosting","GNET Internet Telekomunikasyon A.S.","Icerenkoy Mh. Ertac Sk. Ardil Is Merkezi No 4/2","Istanbul","Atasehir","34752","Turkey","alanadi@guzel.net.tr","+90.908508850558","","","","","","","","","","","","ns1.guzelhosting.com","ns11.guzelhosting.com","ns12.guzelhosting.com","ns2.guzelhosting.com","clientTransferProhibited","","",""
"30","grandhyattistanbul.info","2020-05-12 05:42:06","2020-05-08","","2021-05-08","1454","Nics Telekomünikasyon Ticaret Ltd. Şti.","whois.nicproxy.com","http://www.nicproxy.com","Goktrans Turizm Ve Ticaret A.S","Goktrans Turizm Ve Ticaret A.S","","","Sariyer","","Turkey","","","","","","","","","","","","","","","","","","","","","","","","","","","","","","","","","","ns1.natrohost.com","ns2.natrohost.com","","","addPeriod","serverTransferProhibited","",""
"31","help-media-fb.info","2020-05-12 04:27:07","2020-05-08","2020-05-08","2021-05-08","146","GoDaddy.com, LLC","whois.godaddy.com","http://registrar.godaddy.com","B28193036","B28193036","","","Ankara","","Turkey","","","","","","","","","","","","","","","","","","","","","","","","","","","","","","","","","","tr10.bilisimist.net","tr9.bilisimist.net","","","addPeriod","clientDeleteProhibited","clientRenewProhibited","clientTransferProhibited"
"32","hzmuhammed.info","2020-05-12 06:19:57","2020-05-06","2020-05-06","2022-05-06","146","GoDaddy.com, LLC","whois.godaddy.com","http://registrar.godaddy.com","","","","","\u0130stanbul","","Turkey","","","","","","","","","","","","","","","","","","","","","","","","","","","","","","","","","","ns35.domaincontrol.com","ns36.domaincontrol.com","","","clientDeleteProhibited","clientRenewProhibited","clientTransferProhibited","clientUpdateProhibited"
"33","johnsonsessentials.co","2020-05-12 16:04:23","2020-05-07","2020-05-07","2021-05-07","146","GoDaddy.com, LLC","whois.godaddy.com","http://registrar.godaddy.com","","","","","","","Turkey","","","","","","","","","","","","","","","","","","","","","","","","","","","","","","","","","","ns65.domaincontrol.com","ns66.domaincontrol.com","","","addPeriod","clientDeleteProhibited","clientRenewProhibited","clientTransferProhibited"
"34","knightonline.info","2020-05-12 20:59:23","2020-05-09","2020-05-09","2021-05-09","1601","Atak Domain Hosting Internet d/b/a Atak Teknoloji","whois.verisign-grs.com","http://www.atakteknoloji.com","Siber DNS","Siber DNS","","","Esenyurt","","Turkey","","","","","","","","","","","","","","","","","","","","","","","","","","","","","","","","","","ns1.siberhosting.org","ns2.siberhosting.org","ns3.siberhosting.org","ns4.siberhosting.org","addPeriod","clientTransferProhibited","serverTransferProhibited",""
"35","kolndinhizmetleri.info","2020-05-12 20:59:23","2020-05-10","","2021-05-10","1454","Nics Telekomünikasyon Ticaret Ltd. Şti.","whois.nicproxy.com","http://www.nicproxy.com","Onur  Tepegoz","Onur  Tepegoz","","","Etimesgut","","Turkey","","","","","","","","","","","","","","","","","","","","","","","","","","","","","","","","","","ns1.natrohost.com","ns2.natrohost.com","","","addPeriod","serverTransferProhibited","",""
"36","losabu.com","2020-05-12 22:58:25","2020-05-12","2020-05-12","2021-05-12","146","GoDaddy.com, LLC","whois.godaddy.com","http://registrar.godaddy.com","Isbank","Isbank","","","istanbul,sile","","Turkey","","","","","","","","","","","","","","","","","","","","","","","","","","","","","","","","","","ns27.domaincontrol.com","ns28.domaincontrol.com","","","clientDeleteProhibited","clientRenewProhibited","clientTransferProhibited","clientUpdateProhibited"
"37","marsie.info","2020-05-12 20:59:17","2020-05-10","","2021-05-10","269","Key-Systems GmbH","whois.rrpproxy.net","http://www.key-systems.net","","","","","Istanbul","","Turkey","","","","","","","","","","","","","","","","","","","","","","","","","","","","","","","","","","ns1.parspack.co","ns2.parspack.co","ns3.parspack.co","ns4.parspack.co","addPeriod","serverTransferProhibited","",""
"38","mediclust.info","2020-05-12 20:59:15","2020-05-11","","2021-05-11","1454","Nics Telekomünikasyon Ticaret Ltd. Şti.","whois.nicproxy.com","http://www.nicproxy.com","Eren Bostan","Eren Bostan","","","Maslak","","Turkey","","","","","","","","","","","","","","","","","","","","","","","","","","","","","","","","","","ns1.natrohost.com","ns2.natrohost.com","","","addPeriod","serverTransferProhibited","",""
"39","merkezkayit.info","2020-05-12 20:59:15","2020-05-11","2020-05-11","2021-05-11","146","GoDaddy.com, LLC","whois.godaddy.com","http://registrar.godaddy.com","servis","servis","","","\u0130stanbul","","Turkey","","","","","","","","","","","","","","","","","","","","","","","","","","","","","","","","","","ns07.domaincontrol.com","ns08.domaincontrol.com","","","addPeriod","clientDeleteProhibited","clientRenewProhibited","clientTransferProhibited"
"40","merkezonlnedestek.info","2020-05-12 20:59:14","2020-05-08","2020-05-08","2021-05-08","146","GoDaddy.com, LLC","whois.godaddy.com","http://registrar.godaddy.com","servis","servis","","","\u0130stanbul","","Turkey","","","","","","","","","","","","","","","","","","","","","","","","","","","","","","","","","","ns51.domaincontrol.com","ns52.domaincontrol.com","","","addPeriod","clientDeleteProhibited","clientRenewProhibited","clientTransferProhibited"
"41","merkzonlinedestek.info","2020-05-12 20:59:14","2020-05-11","2020-05-11","2021-05-11","146","GoDaddy.com, LLC","whois.godaddy.com","http://registrar.godaddy.com","servis","servis","","","\u0130stanbul","","Turkey","","","","","","","","","","","","","","","","","","","","","","","","","","","","","","","","","","ns07.domaincontrol.com","ns08.domaincontrol.com","","","addPeriod","clientDeleteProhibited","clientRenewProhibited","clientTransferProhibited"
"42","metinbilir.kim","2020-05-12 21:01:54","2020-05-10","2020-05-10","2021-05-10","1110","FBS Inc.","whois.isimtescil.net","http://www.isimtescil.net","","","","","merkez","","Turkey","","","","","","","","","","","","","","","","","","","","","","","","","","","","","","","","","","ns1.metinbilir.com","ns2.metinbilir.com","","","addPeriod","serverTransferProhibited","",""
"43","mutas.info","2020-05-12 20:59:13","2020-05-11","2020-05-11","2021-05-11","146","GoDaddy.com, LLC","whois.godaddy.com","http://registrar.godaddy.com","","","","","\u0130stanbul","","Turkey","","","","","","","","","","","","","","","","","","","","","","","","","","","","","","","","","","ns27.domaincontrol.com","ns28.domaincontrol.com","","","addPeriod","clientDeleteProhibited","clientRenewProhibited","clientTransferProhibited"
"44","nappsak.info","2020-05-12 20:59:13","2020-05-11","2020-05-11","2021-05-11","146","GoDaddy.com, LLC","whois.godaddy.com","http://registrar.godaddy.com","emrah turkoglu","emrah turkoglu","","","kartal","","Turkey","","","","","","","","","","","","","","","","","","","","","","","","","","","","","","","","","","ns65.domaincontrol.com","ns66.domaincontrol.com","","","addPeriod","clientDeleteProhibited","clientRenewProhibited","clientTransferProhibited"
"45","pc-doctor.net","2020-05-12 21:50:53","2020-05-08","2020-05-08","2021-05-08","440","Wild West Domains, LLC","whois.wildwestdomains.com","http://www.wildwestdomains.com","","","","","Istanbul","","Turkey","","","","","","","","","","","","","","","","","","","","","","","","","","","","","","","","","","ns1.sedoparking.com","ns2.sedoparking.com","","","clientDeleteProhibited","clientRenewProhibited","clientTransferProhibited","clientUpdateProhibited"
"46","personalgiftshop.net","2020-05-12 21:50:51","2020-05-09","2020-05-09","2021-05-09","146","GoDaddy.com, LLC","whois.godaddy.com","http://registrar.godaddy.com","","","","","Umraniye","","Turkey","","","","","","","","","","","","","","","","","","","","","","","","","","","","","","","","","","ns63.domaincontrol.com","ns64.domaincontrol.com","","","clientDeleteProhibited","clientRenewProhibited","clientTransferProhibited","clientUpdateProhibited"
"47","petronist.info","2020-05-12 21:05:59","2020-05-11","","2021-05-11","1454","Nics Telekomünikasyon Ticaret Ltd. Şti.","whois.nicproxy.com","http://www.nicproxy.com","Alize Reklam Ajansi","Alize Reklam Ajansi","","","Meram","","Turkey","","","","","","","","","","","","","","","","","","","","","","","","","","","","","","","","","","ns1.alizereklam.com","ns2.alizereklam.com","","","addPeriod","serverTransferProhibited","",""
"48","peyzaj.info","2020-05-12 21:05:59","2020-05-09","2020-05-09","2021-05-09","1110","FBS Inc.","whois.isimtescil.net","http://www.isimtescil.net","FBS INC / Whoisprotection.biz","FBS INC / Whoisprotection.biz","","","Istanbul","","Turkey","","","","","","","","","","","","","","","","","","","","","","","","","","","","","","","","","","eu.dnsenable.com","tr.dnsenable.com","us.dnsenable.com","","addPeriod","serverTransferProhibited","",""
"49","planetpurepoint.net","2020-05-12 21:50:51","2020-05-09","2020-05-09","2021-05-09","1091","IHS Telekom, Inc.","whois.ihs.com.tr","http://www.ihs.com.tr","serdar gumus","serdar gumus","Beyoglu Istanbul","Istanbul","","21344","Turkey","serdar.gumus@yahoo.com.tr","+90.5322621946","+90.5322621946","serdar gumus","serdar gumus","Beyoglu Istanbul","Istanbul","","21344","Turkey","serdar.gumus@yahoo.com.tr","+90.5322621946","+90.5322621946","serdar gumus","serdar gumus","Beyoglu Istanbul","Istanbul","","21344","Turkey","serdar.gumus@yahoo.com.tr","+90.5322621946","+90.5322621946","","","","","","","","","","","ns1.ihsdnsw1.com","ns2.ihsdnsw1.com","","","clientTransferProhibited","","",""
"50","playpages.net","2020-05-12 21:50:47","2020-05-11","2020-05-11","2021-05-11","440","Wild West Domains, LLC","whois.wildwestdomains.com","http://www.wildwestdomains.com","","","","","Ankara","","Turkey","","","","","","","","","","","","","","","","","","","","","","","","","","","","","","","","","","ns1.teknoclouds.com","ns2.teknoclouds.com","","","clientDeleteProhibited","clientRenewProhibited","clientTransferProhibited","clientUpdateProhibited"
"51","pompis.net","2020-05-12 21:50:46","2020-05-11","2020-05-11","2021-05-11","440","Wild West Domains, LLC","whois.wildwestdomains.com","http://www.wildwestdomains.com","","","","","Ankara","","Turkey","","","","","","","","","","","","","","","","","","","","","","","","","","","","","","","","","","ns1.teknoclouds.com","ns2.teknoclouds.com","","","clientDeleteProhibited","clientRenewProhibited","clientTransferProhibited","clientUpdateProhibited"
"52","powerplustools.net","2020-05-12 21:50:41","2020-05-09","2020-05-09","2021-05-09","440","Wild West Domains, LLC","whois.wildwestdomains.com","http://www.wildwestdomains.com","","","","","Istanbul","","Turkey","","","","","","","","","","","","","","","","","","","","","","","","","","","","","","","","","","ns1.sedoparking.com","ns2.sedoparking.com","","","clientDeleteProhibited","clientRenewProhibited","clientTransferProhibited","clientUpdateProhibited"
"53","pushdigital.net","2020-05-12 21:50:33","2020-05-09","2020-05-09","2021-05-09","440","Wild West Domains, LLC","whois.wildwestdomains.com","http://www.wildwestdomains.com","","","","","Istanbul","","Turkey","","","","","","","","","","","","","","","","","","","","","","","","","","","","","","","","","","ns1.sedoparking.com","ns2.sedoparking.com","","","clientDeleteProhibited","clientRenewProhibited","clientTransferProhibited","clientUpdateProhibited"
"54","pyladesign.net","2020-05-12 21:50:33","2020-05-10","2020-05-10","2021-05-10","1091","IHS Telekom, Inc.","whois.ihs.com.tr","http://www.ihs.com.tr","Erol Kabatas","Erol Kabatas","Sultantepe Mah. No45 Uskudar","Istanbul","","34744","Turkey","admin@isimiznet.com","+90.05309559654","","Erol Kabatas","Erol Kabatas","Sultantepe Mah. No45 Uskudar","Istanbul","","34744","Turkey","admin@isimiznet.com","+90.05309559654","","Erol Kabatas","Erol Kabatas","Sultantepe Mah. No45 Uskudar","Istanbul","","34744","Turkey","admin@isimiznet.com","+90.05309559654","","","","","","","","","","","","ns1.isimiznet.com","ns2.isimiznet.com","","","clientTransferProhibited","","",""
"55","qrrp.net","2020-05-12 21:50:31","2020-05-10","2020-05-11","2021-05-10","303","PDR Ltd. d/b/a PublicDomainRegistry.com","whois.publicdomainregistry.com","http://www.publicdomainregistry.com","Mustafa Alperen","qRRp","Ata mh 122.cd 92.sk 53/3","Ankara","Cankaya","01011","Turkey","5nmustafaalperenguler@gmail.com","+90.5071736627","","Guzel Hosting","GNET Internet Telekomunikasyon A.S.","Icerenkoy Mh. Ertac Sk. Ardil Is Merkezi No 4/2","Istanbul","Atasehir","34752","Turkey","alanadi@guzel.net.tr","+90.908508850558","","Guzel Hosting","GNET Internet Telekomunikasyon A.S.","Icerenkoy Mh. Ertac Sk. Ardil Is Merkezi No 4/2","Istanbul","Atasehir","34752","Turkey","alanadi@guzel.net.tr","+90.908508850558","","","","","","","","","","","","betty.ns.cloudflare.com","hugh.ns.cloudflare.com","","","clientTransferProhibited","","",""
"56","radyo.life","2020-05-12 21:07:59","2020-05-11","2020-05-12","2021-05-11","303","PDR Ltd. d/b/a PublicDomainRegistry.com","whois.publicdomainregistry.com","http://www.publicdomainregistry.com","REDACTED FOR PRIVACY","SUR MEDIA","REDACTED FOR PRIVACY","REDACTED FOR PRIVACY","Edremit","REDACTED FOR PRIVACY","Turkey","","REDACTED FOR PRIVACY","REDACTED FOR PRIVACY","","","","","","","","","","","","","","","","","","","","","","","","","","","","","","","","","","","addPeriod","clientTransferProhibited","",""
"57","ramazan1aygecerli.net","2020-05-12 21:50:27","2020-05-09","2020-05-09","2021-05-09","146","GoDaddy.com, LLC","whois.godaddy.com","http://registrar.godaddy.com","","","","","\u0130stanbul","","Turkey","","","","","","","","","","","","","","","","","","","","","","","","","","","","","","","","","","ns59.domaincontrol.com","ns60.domaincontrol.com","","","clientDeleteProhibited","clientRenewProhibited","clientTransferProhibited","clientUpdateProhibited"
"58","re7la.net","2020-05-12 21:50:25","2020-05-09","2020-05-09","2021-05-09","925","Everyones Internet, Ltd. dba SoftLayer","whois.softlayer.com","http://www.softlayer.com","REDACTED FOR PRIVACY","REDACTED FOR PRIVACY","REDACTED FOR PRIVACY","REDACTED FOR PRIVACY","OT","REDACTED FOR PRIVACY","Turkey","","REDACTED FOR PRIVACY","REDACTED FOR PRIVACY","REDACTED FOR PRIVACY","REDACTED FOR PRIVACY","REDACTED FOR PRIVACY","REDACTED FOR PRIVACY","REDACTED FOR PRIVACY","REDACTED FOR PRIVACY","REDACTED FOR PRIVACY","","REDACTED FOR PRIVACY","REDACTED FOR PRIVACY","REDACTED FOR PRIVACY","REDACTED FOR PRIVACY","REDACTED FOR PRIVACY","REDACTED FOR PRIVACY","REDACTED FOR PRIVACY","REDACTED FOR PRIVACY","REDACTED FOR PRIVACY","","REDACTED FOR PRIVACY","REDACTED FOR PRIVACY","","","","","","","","","","","ns1.softlayer.com","ns2.softlayer.com","","","clientTransferProhibited","clientUpdateProhibited","",""
"59","redflagauction.net","2020-05-12 21:50:23","2020-05-08","2020-05-08","2021-05-08","303","PDR Ltd. d/b/a PublicDomainRegistry.com","whois.publicdomainregistry.com","http://www.publicdomainregistry.com","PORT FILTRE SAN. VE TIC. Ltd. Sti.","","FATIH MAH. CELEBI SOK. NO:3/2","ISTANBUL","SANCAKTEPE","34000","Turkey","info@portfiltre.com.tr","+90.05319717891","","Guzel Hosting","GNET Internet Telekomunikasyon A.S.","Icerenkoy Mh. Ertac Sk. Ardil Is Merkezi No 4/2","Istanbul","Atasehir","34752","Turkey","alanadi@guzel.net.tr","+90.908508850558","","Guzel Hosting","GNET Internet Telekomunikasyon A.S.","Icerenkoy Mh. Ertac Sk. Ardil Is Merkezi No 4/2","Istanbul","Atasehir","34752","Turkey","alanadi@guzel.net.tr","+90.908508850558","","","","","","","","","","","","eu.guzelhosting.com","sg.guzelhosting.com","tr.guzelhosting.com","us.guzelhosting.com","clientTransferProhibited","","",""
"60","renksohbet.net","2020-05-12 21:50:20","2020-05-10","2020-05-10","2021-05-10","303","PDR Ltd. d/b/a PublicDomainRegistry.com","whois.publicdomainregistry.com","http://www.publicdomainregistry.com","Mahmut Eliyaz?c?","","Kurtulus Mahallesi. Y?lmaz sokak. No:7","Bursa","Gursu","16000","Turkey","creaque@hotmail.com","+90.5439791067","","Mahmut Eliyaz?c?","","Kurtulus Mahallesi. Y?lmaz sokak. No:7","Bursa","Gursu","16000","Turkey","creaque@hotmail.com","+90.5439791067","","Mahmut Eliyaz?c?","","Kurtulus Mahallesi. Y?lmaz sokak. No:7","Bursa","Gursu","16000","Turkey","creaque@hotmail.com","+90.5439791067","","","","","","","","","","","","ns7.sekershell.com","ns8.sekershell.com","","","clientTransferProhibited","","",""
"61","resul.info","2020-05-12 21:04:26","2020-05-09","2020-05-09","2021-05-09","1454","Nics Telekomünikasyon Ticaret Ltd. Şti.","whois.nicproxy.com","http://www.nicproxy.com","Resul  Coskun","Resul  Coskun","","","Sisli","","Turkey","","","","","","","","","","","","","","","","","","","","","","","","","","","","","","","","","","dns1.yandex.net","dns2.yandex.net","","","addPeriod","serverTransferProhibited","",""
"62","roostersailing.net","2020-05-12 21:50:14","2020-05-10","2020-05-10","2021-05-10","440","Wild West Domains, LLC","whois.wildwestdomains.com","http://www.wildwestdomains.com","","","","","Istanbul","","Turkey","","","","","","","","","","","","","","","","","","","","","","","","","","","","","","","","","","ns1.sedoparking.com","ns2.sedoparking.com","","","clientDeleteProhibited","clientRenewProhibited","clientTransferProhibited","clientUpdateProhibited"
"63","saconsulting.net","2020-05-12 21:50:14","2020-05-10","2020-05-10","2021-05-10","440","Wild West Domains, LLC","whois.wildwestdomains.com","http://www.wildwestdomains.com","","","","","Istanbul","","Turkey","","","","","","","","","","","","","","","","","","","","","","","","","","","","","","","","","","ns1.sedoparking.com","ns2.sedoparking.com","","","clientDeleteProhibited","clientRenewProhibited","clientTransferProhibited","clientUpdateProhibited"
"64","saglikmotoru.net","2020-05-12 21:50:09","2020-05-10","2020-05-10","2021-05-10","1091","IHS Telekom, Inc.","whois.ihs.com.tr","http://www.ihs.com.tr","Yigitcan Hamamci","Yigitcan Hamamci","Beyoglu Istanbul","Istanbul","","21344","Turkey","yigitcan@varien.com.tr","+90.5548628405","+90.5548628405","Yigitcan Hamamci","Yigitcan Hamamci","Beyoglu Istanbul","Istanbul","","21344","Turkey","yigitcan@varien.com.tr","+90.5548628405","+90.5548628405","Yigitcan Hamamci","Yigitcan Hamamci","Beyoglu Istanbul","Istanbul","","21344","Turkey","yigitcan@varien.com.tr","+90.5548628405","+90.5548628405","","","","","","","","","","","ns1.ihsdnsw1.com","ns2.ihsdnsw1.com","","","clientTransferProhibited","","",""
"65","sahibinebak.net","2020-05-12 21:50:10","2020-05-08","2020-05-08","2021-05-08","303","PDR Ltd. d/b/a PublicDomainRegistry.com","whois.publicdomainregistry.com","http://www.publicdomainregistry.com","YUNUS ERDOGAN","","Y?ld?r?m beyaz?t mah. senkose cad. uzant? sok. NUR Sit. 13/10,","KAYSERI","MELIKGAZI","38000","Turkey","yunus_erdogan_66@hotmail.com","+90.05387059995","","Guzel Hosting","GNET Internet Telekomunikasyon A.S.","Icerenkoy Mh. Ertac Sk. Ardil Is Merkezi","Istanbul","Atasehir","34752","Turkey","alanadi@guzel.net.tr","+90.908508850558","","Guzel Hosting","GNET Internet Telekomunikasyon A.S.","Icerenkoy Mh. Ertac Sk. Ardil Is Merkezi","Istanbul","Atasehir","34752","Turkey","alanadi@guzel.net.tr","+90.908508850558","","","","","","","","","","","","eu.guzelhosting.com","sg.guzelhosting.com","tr.guzelhosting.com","us.guzelhosting.com","clientTransferProhibited","","",""
"66","sarkidunyasi.net","2020-05-12 21:50:05","2020-05-10","2020-05-10","2021-05-10","303","PDR Ltd. d/b/a PublicDomainRegistry.com","whois.publicdomainregistry.com","http://www.publicdomainregistry.com","Zafer Gergerli","","Diclekent Mimarl?k Sitesi A Blok No 10 Kayap?nar","Diyarbak?r","Kayap?nar","34000","Turkey","zafergergerli@windowslive.com","+90.05512407264","","Guzel Hosting","GNET Internet Telekomunikasyon A.S.","Icerenkoy Mh. Ertac Sk. Ardil Is Merkezi No 4/2","Istanbul","Atasehir","34752","Turkey","alanadi@guzel.net.tr","+90.908508850558","","Guzel Hosting","GNET Internet Telekomunikasyon A.S.","Icerenkoy Mh. Ertac Sk. Ardil Is Merkezi No 4/2","Istanbul","Atasehir","34752","Turkey","alanadi@guzel.net.tr","+90.908508850558","","","","","","","","","","","","ken.ns.cloudflare.com","leanna.ns.cloudflare.com","","","clientTransferProhibited","","",""
"67","sarkisozlerim.net","2020-05-12 21:50:05","2020-05-10","2020-05-10","2021-05-10","303","PDR Ltd. d/b/a PublicDomainRegistry.com","whois.publicdomainregistry.com","http://www.publicdomainregistry.com","Zafer Gergerli","","Diclekent Mimarl?k Sitesi A Blok No 10 Kayap?nar","Diyarbak?r","Kayap?nar","34000","Turkey","zafergergerli@windowslive.com","+90.05512407264","","Guzel Hosting","GNET Internet Telekomunikasyon A.S.","Icerenkoy Mh. Ertac Sk. Ardil Is Merkezi No 4/2","Istanbul","Atasehir","34752","Turkey","alanadi@guzel.net.tr","+90.908508850558","","Guzel Hosting","GNET Internet Telekomunikasyon A.S.","Icerenkoy Mh. Ertac Sk. Ardil Is Merkezi No 4/2","Istanbul","Atasehir","34752","Turkey","alanadi@guzel.net.tr","+90.908508850558","","","","","","","","","","","","ns1.guzelhosting.com","ns11.guzelhosting.com","ns12.guzelhosting.com","ns2.guzelhosting.com","clientTransferProhibited","","",""
"68","secdinle.net","2020-05-12 21:50:05","2020-05-11","2020-05-11","2021-05-11","303","PDR Ltd. d/b/a PublicDomainRegistry.com","whois.publicdomainregistry.com","http://www.publicdomainregistry.com","Seynur Alis","","Resitpasa cad no12/11","Istanbul","Avc?lar","34310","Turkey","seynuralis@hotmail.com","+90.05380762622","","Guzel Hosting","GNET Internet Telekomunikasyon A.S.","Icerenkoy Mh. Ertac Sk. Ardil Is Merkezi No 4/2","Istanbul","Atasehir","34752","Turkey","alanadi@guzel.net.tr","+90.908508850558","","Guzel Hosting","GNET Internet Telekomunikasyon A.S.","Icerenkoy Mh. Ertac Sk. Ardil Is Merkezi No 4/2","Istanbul","Atasehir","34752","Turkey","alanadi@guzel.net.tr","+90.908508850558","","","","","","","","","","","","ns21.guzelhosting.com","ns22.guzelhosting.com","","","clientTransferProhibited","","",""
"69","secizle.net","2020-05-12 21:50:01","2020-05-10","2020-05-10","2021-05-10","303","PDR Ltd. d/b/a PublicDomainRegistry.com","whois.publicdomainregistry.com","http://www.publicdomainregistry.com","Seynur Alis","","Resitpasa cad no12/11","Istanbul","Avc?lar","34310","Turkey","seynuralis@hotmail.com","+90.05380762622","","Guzel Hosting","GNET Internet Telekomunikasyon A.S.","Icerenkoy Mh. Ertac Sk. Ardil Is Merkezi No 4/2","Istanbul","Atasehir","34752","Turkey","alanadi@guzel.net.tr","+90.908508850558","","Guzel Hosting","GNET Internet Telekomunikasyon A.S.","Icerenkoy Mh. Ertac Sk. Ardil Is Merkezi No 4/2","Istanbul","Atasehir","34752","Turkey","alanadi@guzel.net.tr","+90.908508850558","","","","","","","","","","","","ns21.guzelhosting.com","ns22.guzelhosting.com","","","clientTransferProhibited","","",""
"70","senevde-kalturkiyem.net","2020-05-12 21:50:06","2020-05-10","2020-05-10","2021-05-10","146","GoDaddy.com, LLC","whois.godaddy.com","http://registrar.godaddy.com","","","","","Ankara","","Turkey","","","","","","","","","","","","","","","","","","","","","","","","","","","","","","","","","","ns27.domaincontrol.com","ns28.domaincontrol.com","","","clientDeleteProhibited","clientRenewProhibited","clientTransferProhibited","clientUpdateProhibited"
"71","seodanisman.net","2020-05-12 21:49:59","2020-05-10","2020-05-10","2021-05-10","440","Wild West Domains, LLC","whois.wildwestdomains.com","http://www.wildwestdomains.com","","","","","Adana","","Turkey","","","","","","","","","","","","","","","","","","","","","","","","","","","","","","","","","","ns1.teknoclouds.com","ns2.teknoclouds.com","","","clientDeleteProhibited","clientRenewProhibited","clientTransferProhibited","clientUpdateProhibited"
"72","serkanustun.net","2020-05-12 21:49:58","2020-05-10","2020-05-10","2021-05-10","839","Realtime Register B.V.","whois.yoursrs.com","http://www.realtimeregister.com","REDACTED FOR PRIVACY","REDACTED FOR PRIVACY","REDACTED FOR PRIVACY","REDACTED FOR PRIVACY","kocaeli","REDACTED FOR PRIVACY","Turkey","","REDACTED FOR PRIVACY","REDACTED FOR PRIVACY","REDACTED FOR PRIVACY","REDACTED FOR PRIVACY","REDACTED FOR PRIVACY","REDACTED FOR PRIVACY","REDACTED FOR PRIVACY","REDACTED FOR PRIVACY","REDACTED FOR PRIVACY","","REDACTED FOR PRIVACY","REDACTED FOR PRIVACY","REDACTED FOR PRIVACY","REDACTED FOR PRIVACY","REDACTED FOR PRIVACY","REDACTED FOR PRIVACY","REDACTED FOR PRIVACY","REDACTED FOR PRIVACY","REDACTED FOR PRIVACY","","REDACTED FOR PRIVACY","REDACTED FOR PRIVACY","","","","","","","","","","","ns1.alastyr.com","ns2.alastyr.com","ns3.alastyr.com","ns4.alastyr.com","clientTransferProhibited","ok","",""
"73","seymaca.net","2020-05-12 21:50:00","2020-05-08","2020-05-08","2021-05-08","303","PDR Ltd. d/b/a PublicDomainRegistry.com","whois.publicdomainregistry.com","http://www.publicdomainregistry.com","Cahit TERZIOGLU","","Zumrutevler Mah. F?rat Sok. No: 7 Daire: 26","Istanbul","Maltepe","34000","Turkey","terzioglu_cahit@hotmail.com","+90.05340600262","","Guzel Hosting","GNET Internet Telekomunikasyon A.S.","Icerenkoy Mh. Ertac Sk. Ardil Is Merkezi No 4/2","Istanbul","Atasehir","34752","Turkey","alanadi@guzel.net.tr","+90.908508850558","","Guzel Hosting","GNET Internet Telekomunikasyon A.S.","Icerenkoy Mh. Ertac Sk. Ardil Is Merkezi No 4/2","Istanbul","Atasehir","34752","Turkey","alanadi@guzel.net.tr","+90.908508850558","","","","","","","","","","","","ns1.guzelhosting.com","ns11.guzelhosting.com","ns12.guzelhosting.com","ns2.guzelhosting.com","clientTransferProhibited","","",""
"74","shopisma.net","2020-05-12 21:49:57","2020-05-09","2020-05-09","2021-05-09","146","GoDaddy.com, LLC","whois.godaddy.com","http://registrar.godaddy.com","Haratres","Haratres","","","Istanbul","","Turkey","","","","","","","","","","","","","","","","","","","","","","","","","","","","","","","","","","ns69.domaincontrol.com","ns70.domaincontrol.com","","","clientDeleteProhibited","clientRenewProhibited","clientTransferProhibited","clientUpdateProhibited"
"75","sindirella.net","2020-05-12 21:49:52","2020-05-11","2020-05-11","2021-05-11","440","Wild West Domains, LLC","whois.wildwestdomains.com","http://www.wildwestdomains.com","","","","","Ankara","","Turkey","","","","","","","","","","","","","","","","","","","","","","","","","","","","","","","","","","ns1.teknoclouds.com","ns2.teknoclouds.com","","","clientDeleteProhibited","clientRenewProhibited","clientTransferProhibited","clientUpdateProhibited"
"76","siteniz.net","2020-05-12 21:49:47","2020-05-09","2020-05-09","2021-05-09","303","PDR Ltd. d/b/a PublicDomainRegistry.com","whois.publicdomainregistry.com","http://www.publicdomainregistry.com","MUSTAFA CEYHAN","Vivo Bilisim Yaz?l?m Egitim Dan?smanl?k Ic ve D?s Ticaret - Mustafa Ceyhan","TURAN GUNES CD. NO:439-1 KAT:1","KOCAELI","IZMIT","41060","Turkey","zaferceyhan@hotmail.com","+90.8503041870","","Guzel Hosting","GNET Internet Telekomunikasyon A.S.","Icerenkoy Mh. Ertac Sk. Ardil Is Merkezi No 4/2","Istanbul","Atasehir","34752","Turkey","alanadi@guzel.net.tr","+90.908508850558","","Guzel Hosting","GNET Internet Telekomunikasyon A.S.","Icerenkoy Mh. Ertac Sk. Ardil Is Merkezi No 4/2","Istanbul","Atasehir","34752","Turkey","alanadi@guzel.net.tr","+90.908508850558","","","","","","","","","","","","ns1.guzelhosting.com","ns11.guzelhosting.com","ns12.guzelhosting.com","ns2.guzelhosting.com","clientTransferProhibited","","",""
"77","teamspeak.center","2020-05-12 19:21:41","2020-05-11","2020-05-11","2021-05-11","1601","Atak Domain Hosting Internet d/b/a Atak Teknoloji","whois.verisign-grs.com","http://www.atakteknoloji.com","REDACTED FOR PRIVACY","Ylmaz Ulukan","REDACTED FOR PRIVACY","REDACTED FOR PRIVACY","Nigde","REDACTED FOR PRIVACY","Turkey","","REDACTED FOR PRIVACY","REDACTED FOR PRIVACY","","","","","","","","","","","","","","","","","","","","","","","","","","","","","","","","","","","addPeriod","clientTransferProhibited","",""
"78","tempobutik.info","2020-05-12 21:03:10","2020-05-09","2020-05-09","2022-05-09","146","GoDaddy.com, LLC","whois.godaddy.com","http://registrar.godaddy.com","","","","","Ni\u011fde","","Turkey","","","","","","","","","","","","","","","","","","","","","","","","","","","","","","","","","","ns15.domaincontrol.com","ns16.domaincontrol.com","","","addPeriod","clientDeleteProhibited","clientRenewProhibited","clientTransferProhibited"
"79","tlg.life","2020-05-12 21:07:52","2020-05-10","2020-05-10","2021-05-10","146","GoDaddy.com, LLC","whois.godaddy.com","http://registrar.godaddy.com","REDACTED FOR PRIVACY","","REDACTED FOR PRIVACY","REDACTED FOR PRIVACY","\u0130zmir","REDACTED FOR PRIVACY","Turkey","","REDACTED FOR PRIVACY","REDACTED FOR PRIVACY","","","","","","","","","","","","","","","","","","","","","","","","","","","","","","","","","","","addPeriod","clientDeleteProhibited","clientRenewProhibited","clientTransferProhibited"
"80","tools4.business","2020-05-12 19:15:34","2020-05-10","2020-05-10","2021-05-10","146","GoDaddy.com, LLC","whois.godaddy.com","http://registrar.godaddy.com","REDACTED FOR PRIVACY","","REDACTED FOR PRIVACY","REDACTED FOR PRIVACY","istanbul","REDACTED FOR PRIVACY","Turkey","","REDACTED FOR PRIVACY","REDACTED FOR PRIVACY","","","","","","","","","","","","","","","","","","","","","","","","","","","","","","","","","","","addPeriod","clientDeleteProhibited","clientRenewProhibited","clientTransferProhibited"
"81","turkiyesigorta.biz","2020-05-12 18:52:06","2020-05-08","2020-05-08","2021-05-08","819","Reg2C.com Inc.","whois.reg2c.com","http://www.reg2c.com","Privatewhois biz","Privatewhois biz","","","","","Turkey","","","","","","","","","","","","","","","","","","","","","","","","","","","","","","","","","","ns1.turkticaret.net","ns3.turkticaret.net","","","addPeriod","clientTransferProhibited","",""
"82","turkiyesigorta.info","2020-05-12 12:29:23","2020-05-08","2020-05-08","2021-05-08","303","PDR Ltd. d/b/a PublicDomainRegistry.com","whois.publicdomainregistry.com","http://www.publicdomainregistry.com","Privatewhois biz","Privatewhois biz","","","","","Turkey","","","","","","","","","","","","","","","","","","","","","","","","","","","","","","","","","","ns1.turkticaret.net","ns3.turkticaret.net","","","addPeriod","clientTransferProhibited","serverTransferProhibited",""
"83","veteriner.kim","2020-05-12 21:01:57","2020-05-08","2020-05-11","2021-05-08","1110","FBS Inc.","whois.isimtescil.net","http://www.isimtescil.net","FBS INC / Whoisprotection.biz","FBS INC / Whoisprotection.biz","","","Istanbul","","Turkey","","","","","","","","","","","","","","","","","","","","","","","","","","","","","","","","","","eu.dnsenable.com","tr.dnsenable.com","us.dnsenable.com","","addPeriod","serverTransferProhibited","",""
"84","videoindir.biz","2020-05-12 18:52:32","2020-05-09","2020-05-11","2021-05-09","146","GoDaddy.com, LLC","whois.godaddy.com","http://registrar.godaddy.com","","","","","\u0130zmir","","Turkey","","","","","","","","","","","","","","","","","","","","","","","","","","","","","","","","","","ns55.domaincontrol.com","ns56.domaincontrol.com","","","addPeriod","clientDeleteProhibited","clientRenewProhibited","clientTransferProhibited"
"85","xn--mzikhaber-q9a.info","2020-05-12 21:02:13","2020-05-08","2020-05-08","2021-05-08","146","GoDaddy.com, LLC","whois.godaddy.com","http://registrar.godaddy.com","GBTIMES GLOBAL BROADCASTING TANITIM AJANSI AS","GBTIMES GLOBAL BROADCASTING TANITIM AJANSI AS","","","Istanbul","","Turkey","","","","","","","","","","","","","","","","","","","","","","","","","","","","","","","","","","ns1.dsteknoloji.com","ns2.dsteknoloji.com","","","addPeriod","clientDeleteProhibited","clientRenewProhibited","clientTransferProhibited"