"num","domain_name","query_time","create_date","update_date","expiry_date","domain_registrar_id","domain_registrar_name","domain_registrar_whois","domain_registrar_url","registrant_name","registrant_company","registrant_address","registrant_city","registrant_state","registrant_zip","registrant_country","registrant_email","registrant_phone","registrant_fax","administrative_name","administrative_company","administrative_address","administrative_city","administrative_state","administrative_zip","administrative_country","administrative_email","administrative_phone","administrative_fax","technical_name","technical_company","technical_address","technical_city","technical_state","technical_zip","technical_country","technical_email","technical_phone","technical_fax","billing_name","billing_company","billing_address","billing_city","billing_state","billing_zip","billing_country","billing_email","billing_phone","billing_fax","name_server_1","name_server_2","name_server_3","name_server_4","domain_status_1","domain_status_2","domain_status_3","domain_status_4"
"1","atomiccowboy.biz","2020-05-08 14:58:12","2020-05-01","2020-05-06","2021-05-01","625","Name.com, Inc.","whois.name.com","http://www.name.com","Domain Protection Services, Inc.","Domain Protection Services, Inc.","","","CO","","United States","","","","","","","","","","","","","","","","","","","","","","","","","","","","","","","","","","ns1dns.name.com","ns2kry.name.com","ns3ghw.name.com","ns4lny.name.com","clientTransferProhibited","","",""
"2","camteksoft.com","2020-05-03 19:47:17","2020-05-01","2020-05-01","2021-05-01","48","eNom, Inc.","whois.enom.com","http://www.enom.com","Redacted for privacy","Redacted for privacy","Redacted for privacy","Redacted for privacy","Hauts-de-Seine","Redacted for privacy","France","","Redacted for privacy","Redacted for privacy","REDACTED FOR PRIVACY","REDACTED FOR PRIVACY","REDACTED FOR PRIVACY","REDACTED FOR PRIVACY","REDACTED FOR PRIVACY","REDACTED FOR PRIVACY","REDACTED FOR PRIVACY","","REDACTED FOR PRIVACY","REDACTED FOR PRIVACY","REDACTED FOR PRIVACY","REDACTED FOR PRIVACY","REDACTED FOR PRIVACY","REDACTED FOR PRIVACY","REDACTED FOR PRIVACY","REDACTED FOR PRIVACY","REDACTED FOR PRIVACY","","REDACTED FOR PRIVACY","REDACTED FOR PRIVACY","","","","","","","","","","","xns31.dailyrazor.com","xns32.dailyrazor.com","","","addPeriod","clientTransferProhibited","",""
"3","cheerupca.biz","2020-05-08 12:08:39","2020-05-01","2020-05-06","2021-05-01","49","GMO Internet Inc.","whois.discount-domain.com","http://www.onamae.com","Whois Privacy Protection Service by onamae.com","Whois Privacy Protection Service by onamae.com","","","Tokyo","","Japan","","","","","","","","","","","","","","","","","","","","","","","","","","","","","","","","","","01.dnsv.jp","02.dnsv.jp","03.dnsv.jp","04.dnsv.jp","OK","","",""
"4","choosesuccess.biz","2020-05-08 12:08:40","2020-05-01","2020-05-06","2021-05-01","146","GoDaddy.com, LLC","whois.godaddy.com","http://registrar.godaddy.com","Sapientia Ventures LLC","Sapientia Ventures LLC","","","California","","United States","","","","","","","","","","","","","","","","","","","","","","","","","","","","","","","","","","ns39.domaincontrol.com","ns40.domaincontrol.com","","","clientDeleteProhibited","clientRenewProhibited","clientTransferProhibited","clientUpdateProhibited"
"5","chronostasis.biz","2020-05-08 12:08:39","2020-05-01","2020-05-06","2021-05-01","49","GMO Internet Inc.","whois.discount-domain.com","http://www.onamae.com","Whois Privacy Protection Service by onamae.com","Whois Privacy Protection Service by onamae.com","","","Tokyo","","Japan","","","","","","","","","","","","","","","","","","","","","","","","","","","","","","","","","","ns1.dns.ne.jp","ns2.dns.ne.jp","","","OK","","",""
"6","cimatri.biz","2020-05-08 12:08:39","2020-05-01","2020-05-06","2022-05-01","146","GoDaddy.com, LLC","whois.godaddy.com","http://registrar.godaddy.com","CIMATRI, LLC","CIMATRI, LLC","","","Virginia","","United States","","","","","","","","","","","","","","","","","","","","","","","","","","","","","","","","","","ns37.domaincontrol.com","ns38.domaincontrol.com","","","clientDeleteProhibited","clientRenewProhibited","clientTransferProhibited","clientUpdateProhibited"
"7","cirdal.biz","2020-05-08 12:08:39","2020-05-01","2020-05-06","2021-05-01","146","GoDaddy.com, LLC","whois.godaddy.com","http://registrar.godaddy.com","Finance House","Finance House","","","Abu Dhabi","","United Arab Emirates","","","","","","","","","","","","","","","","","","","","","","","","","","","","","","","","","","ns63.domaincontrol.com","ns64.domaincontrol.com","","","clientDeleteProhibited","clientRenewProhibited","clientTransferProhibited","clientUpdateProhibited"
"8","ck0cv075x8gl.biz","2020-05-08 12:08:38","2020-05-01","2020-05-06","2021-05-01","49","GMO Internet Inc.","whois.discount-domain.com","http://www.onamae.com","Name","Name","","","Tokyo","","Japan","","","","","","","","","","","","","","","","","","","","","","","","","","","","","","","","","","ns11.value-domain.com","ns12.value-domain.com","ns13.value-domain.com","","OK","","",""
"9","ckllc.biz","2020-05-08 12:08:38","2020-05-01","2020-05-06","2021-05-01","895","Google, Inc.","whois.rrpproxy.net","http://www.google.com","Contact Privacy Inc. Customer 1247103501","Contact Privacy Inc. Customer 1247103501","","","ON","","Canada","","","","","","","","","","","","","","","","","","","","","","","","","","","","","","","","","","ns-cloud-a1.googledomains.com","ns-cloud-a2.googledomains.com","ns-cloud-a3.googledomains.com","ns-cloud-a4.googledomains.com","clientTransferProhibited","","",""
"10","clarityx.biz","2020-05-08 12:08:33","2020-05-01","2020-05-06","2021-05-01","49","GMO Internet Inc.","whois.discount-domain.com","http://www.onamae.com","Whois Privacy Protection Service by VALUE-DOMAIN","Whois Privacy Protection Service by VALUE-DOMAIN","","","Osaka","","Japan","","","","","","","","","","","","","","","","","","","","","","","","","","","","","","","","","","ns11.value-domain.com","ns12.value-domain.com","ns13.value-domain.com","","OK","","",""
"11","cloudmig.biz","2020-05-08 15:26:13","2020-05-01","2020-05-06","2021-05-01","146","GoDaddy.com, LLC","whois.godaddy.com","http://registrar.godaddy.com","","","","","Haryana","","India","","","","","","","","","","","","","","","","","","","","","","","","","","","","","","","","","","ns75.domaincontrol.com","ns76.domaincontrol.com","","","clientDeleteProhibited","clientRenewProhibited","clientTransferProhibited","clientUpdateProhibited"
"12","cnnice.biz","2020-05-08 12:04:09","2020-05-01","2020-05-06","2021-05-01","418","CommuniGal Communication Ltd.","whois.communigal.net","http://www.galcomm.com","","","","","","","Romania","","","","","","","","","","","","","","","","","","","","","","","","","","","","","","","","","","ns15.above.com","ns16.above.com","","","clientTransferProhibited","","",""
"13","cnopt.biz","2020-05-08 12:04:12","2020-05-01","2020-05-06","2021-05-01","49","GMO Internet Inc.","whois.discount-domain.com","http://www.onamae.com","Whois Privacy Protection Service by VALUE-DOMAIN","Whois Privacy Protection Service by VALUE-DOMAIN","","","Osaka","","Japan","","","","","","","","","","","","","","","","","","","","","","","","","","","","","","","","","","ns11.value-domain.com","ns12.value-domain.com","ns13.value-domain.com","","OK","","",""
"14","coinprofit.biz","2020-05-08 12:04:09","2020-05-01","2020-05-06","2021-05-01","1068","NameCheap, Inc.","whois.namecheap.com","http://www.namecheap.com","WhoisGuard, Inc.","WhoisGuard, Inc.","","","Panama","","Panama","","","","","","","","","","","","","","","","","","","","","","","","","","","","","","","","","","dns1.namecheaphosting.com","dns2.namecheaphosting.com","","","clientTransferProhibited","","",""
"15","drivespace.biz","2020-05-08 11:52:45","2020-05-01","2020-05-06","2021-05-01","303","PDR Ltd. d/b/a PublicDomainRegistry.com","whois.publicdomainregistry.com","http://www.publicdomainregistry.com","GDPR Masked","GDPR Masked","","","GDPR Masked","","United States","","","","","","","","","","","","","","","","","","","","","","","","","","","","","","","","","","ns1.drivespace.org","ns2.drivespace.org","","","clientTransferProhibited","","",""
"16","drksd.biz","2020-05-08 11:52:48","2020-05-01","2020-05-06","2021-05-01","2","Network Solutions, LLC","whois.networksolutions.com","http://networksolutions.com","","","","","FL","","United States","","","","","","","","","","","","","","","","","","","","","","","","","","","","","","","","","","ns14.wixdns.net","ns15.wixdns.net","","","clientTransferProhibited","","",""
"17","dubznuu.biz","2020-05-08 11:52:36","2020-05-01","2020-05-06","2021-05-01","49","GMO Internet Inc.","whois.discount-domain.com","http://www.onamae.com","Create,LLC","Create,LLC","","","Chiba","","Japan","","","","","","","","","","","","","","","","","","","","","","","","","","","","","","","","","","ns1.pom-g01.net","ns2.pom-g01.net","","","OK","","",""
"18","duepxgd.biz","2020-05-08 11:52:30","2020-05-01","2020-05-06","2021-05-01","49","GMO Internet Inc.","whois.discount-domain.com","http://www.onamae.com","Create,LLC","Create,LLC","","","Chiba","","Japan","","","","","","","","","","","","","","","","","","","","","","","","","","","","","","","","","","ns1.pom-g01.net","ns2.pom-g01.net","","","OK","","",""
"19","evenza.biz","2020-05-08 15:59:34","2020-05-01","2020-05-06","2021-05-01","1861","Porkbun, LLC","whois.porkbun.com","http://porkbun.com","Private by Design, LLC","Private by Design, LLC","","","NC","","United States","","","","","","","","","","","","","","","","","","","","","","","","","","","","","","","","","","curitiba.porkbun.com","fortaleza.porkbun.com","maceio.porkbun.com","salvador.porkbun.com","clientDeleteProhibited","clientTransferProhibited","",""
"20","exclusivelyyours.biz","2020-05-08 15:59:28","2020-05-01","2020-05-06","2021-05-01","65","DomainPeople, Inc.","whois.domainpeople.com","http://www.domainpeople.com","Data Protected","Data Protected","","","WA","","United States","","","","","","","","","","","","","","","","","","","","","","","","","","","","","","","","","","adns.cs.siteprotect.com","bdns.cs.siteprotect.com","","","clientTransferProhibited","","",""
"21","exjob.biz","2020-05-08 15:59:27","2020-05-01","2020-05-06","2021-05-01","49","GMO Internet Inc.","whois.discount-domain.com","http://www.onamae.com","Whois Privacy Protection Service by onamae.com","Whois Privacy Protection Service by onamae.com","","","Tokyo","","Japan","","","","","","","","","","","","","","","","","","","","","","","","","","","","","","","","","","ns1.xserver.jp","ns2.xserver.jp","ns3.xserver.jp","ns4.xserver.jp","OK","","",""
"22","famcor.ovh","2020-05-08 23:18:14","2020-05-01","2020-05-06","2021-05-01","433","OVH sas","whois.ovh.com","http://www.ovh.com","REDACTED FOR PRIVACY","","REDACTED FOR PRIVACY","REDACTED FOR PRIVACY","","REDACTED FOR PRIVACY","France","","REDACTED FOR PRIVACY","REDACTED FOR PRIVACY","REDACTED FOR PRIVACY","REDACTED FOR PRIVACY","REDACTED FOR PRIVACY","REDACTED FOR PRIVACY","REDACTED FOR PRIVACY","REDACTED FOR PRIVACY","REDACTED FOR PRIVACY","","REDACTED FOR PRIVACY","REDACTED FOR PRIVACY","REDACTED FOR PRIVACY","REDACTED FOR PRIVACY","REDACTED FOR PRIVACY","REDACTED FOR PRIVACY","REDACTED FOR PRIVACY","REDACTED FOR PRIVACY","REDACTED FOR PRIVACY","","REDACTED FOR PRIVACY","REDACTED FOR PRIVACY","","","","","","","","","","","dns111.ovh.net","ns111.ovh.net","","","clientDeleteProhibited","clientTransferProhibited","",""
"23","gkihbm.biz","2020-05-08 11:36:14","2020-05-01","2020-05-06","2021-05-01","49","GMO Internet Inc.","whois.discount-domain.com","http://www.onamae.com","Create,LLC","Create,LLC","","","Chiba","","Japan","","","","","","","","","","","","","","","","","","","","","","","","","","","","","","","","","","ns124-02.ace02-gm.net","ns124.ace02-gm.net","","","OK","","",""
"24","glbzbfjdyog7.biz","2020-05-08 11:36:14","2020-05-01","2020-05-06","2021-05-01","49","GMO Internet Inc.","whois.discount-domain.com","http://www.onamae.com","Name","Name","","","Tokyo","","Japan","","","","","","","","","","","","","","","","","","","","","","","","","","","","","","","","","","ns11.value-domain.com","ns12.value-domain.com","ns13.value-domain.com","","OK","","",""
"25","gmjkmwz.biz","2020-05-08 11:36:14","2020-05-01","2020-05-06","2021-05-01","49","GMO Internet Inc.","whois.discount-domain.com","http://www.onamae.com","Create,LLC","Create,LLC","","","Chiba","","Japan","","","","","","","","","","","","","","","","","","","","","","","","","","","","","","","","","","ns1.pom-g01.net","ns2.pom-g01.net","","","OK","","",""
"26","gmmzaz.biz","2020-05-08 11:36:14","2020-05-01","2020-05-06","2021-05-01","49","GMO Internet Inc.","whois.discount-domain.com","http://www.onamae.com","Create,LLC","Create,LLC","","","Chiba","","Japan","","","","","","","","","","","","","","","","","","","","","","","","","","","","","","","","","","ns124-02.ace02-gm.net","ns124.ace02-gm.net","","","OK","","",""
"27","go3x0wqx3ni7.biz","2020-05-08 11:36:14","2020-05-01","2020-05-06","2021-05-01","49","GMO Internet Inc.","whois.discount-domain.com","http://www.onamae.com","Name","Name","","","Tokyo","","Japan","","","","","","","","","","","","","","","","","","","","","","","","","","","","","","","","","","ns11.value-domain.com","ns12.value-domain.com","ns13.value-domain.com","","OK","","",""
"28","goaladdin.biz","2020-05-08 11:36:14","2020-05-01","2020-05-06","2021-05-01","146","GoDaddy.com, LLC","whois.godaddy.com","http://registrar.godaddy.com","Ludhiana Ads","Ludhiana Ads","","","Punjab","","India","","","","","","","","","","","","","","","","","","","","","","","","","","","","","","","","","","ns59.domaincontrol.com","ns60.domaincontrol.com","","","clientDeleteProhibited","clientRenewProhibited","clientTransferProhibited","clientUpdateProhibited"
"29","gocelebrate.biz","2020-05-08 11:36:13","2020-05-01","2020-05-06","2021-05-01","146","GoDaddy.com, LLC","whois.godaddy.com","http://registrar.godaddy.com","Betallic","Betallic","","","Missouri","","United States","","","","","","","","","","","","","","","","","","","","","","","","","","","","","","","","","","ns37.domaincontrol.com","ns38.domaincontrol.com","","","clientDeleteProhibited","clientRenewProhibited","clientTransferProhibited","clientUpdateProhibited"
"30","goldenstateprovisions.biz","2020-05-08 11:36:08","2020-05-01","2020-05-06","2021-05-01","146","GoDaddy.com, LLC","whois.godaddy.com","http://registrar.godaddy.com","Domains By Proxy, LLC","Domains By Proxy, LLC","","","Arizona","","United States","","","","","","","","","","","","","","","","","","","","","","","","","","","","","","","","","","ns25.domaincontrol.com","ns26.domaincontrol.com","","","clientDeleteProhibited","clientRenewProhibited","clientTransferProhibited","clientUpdateProhibited"
"31","gxfmgz.biz","2020-05-08 16:19:25","2020-05-01","2020-05-06","2021-05-01","49","GMO Internet Inc.","whois.discount-domain.com","http://www.onamae.com","Create,LLC","Create,LLC","","","Chiba","","Japan","","","","","","","","","","","","","","","","","","","","","","","","","","","","","","","","","","ns124-02.ace02-gm.net","ns124.ace02-gm.net","","","OK","","",""
"32","hairenaa.club","2020-05-09 00:50:33","2020-05-01","2020-05-06","2021-05-01","1697","DNSPod, Inc.","whois.dnspod.com","http:// www.dnspod.cn","Wang Cheng","Wang Cheng","","","shan dong sheng","","China","","","","","","","","","","","","","","","","","","","","","","","","","","","","","","","","","","f1g1ns1.dnspod.net","f1g1ns2.dnspod.net","","","OK","","",""
"33","hat.plus","2020-05-08 23:16:56","2020-05-01","2020-05-06","2021-05-01","1366","Xiamen ChinaSource Internet Service Co., Ltd.","whois.cnolnic.com","http://www.zzy.cn","REDACTED FOR PRIVACY","Wangxiaoqin","REDACTED FOR PRIVACY","REDACTED FOR PRIVACY","Jiangsu","REDACTED FOR PRIVACY","China","","REDACTED FOR PRIVACY","REDACTED FOR PRIVACY","","","","","","","","","","","","","","","","","","","","","","","","","","","","","","","","","","","clientTransferProhibited","","",""
"34","jtwtfg.biz","2020-05-08 16:41:26","2020-05-01","2020-05-06","2021-05-01","49","GMO Internet Inc.","whois.discount-domain.com","http://www.onamae.com","Create,LLC","Create,LLC","","","Chiba","","Japan","","","","","","","","","","","","","","","","","","","","","","","","","","","","","","","","","","ns124-02.ace02-gm.net","ns124.ace02-gm.net","","","OK","","",""
"35","larsulfoxisterol.biz","2020-05-08 11:18:27","2020-05-01","2020-05-06","2021-05-01","2","Network Solutions, LLC","whois.networksolutions.com","http://networksolutions.com","","","","","FL","","United States","","","","","","","","","","","","","","","","","","","","","","","","","","","","","","","","","","ns73.worldnic.com","ns74.worldnic.com","","","clientTransferProhibited","","",""
"36","learnerscorner.biz","2020-05-08 11:18:12","2020-05-01","2020-05-06","2021-05-01","2","Network Solutions, LLC","whois.networksolutions.com","http://networksolutions.com","","","","","IN-KL","","India","","","","","","","","","","","","","","","","","","","","","","","","","","","","","","","","","","ns0.wixdns.net","ns1.wixdns.net","","","clientTransferProhibited","","",""
"37","leatherclub.biz","2020-05-08 11:18:12","2020-05-01","2020-05-06","2021-05-01","146","GoDaddy.com, LLC","whois.godaddy.com","http://registrar.godaddy.com","","","","","Hainaut","","Belgium","","","","","","","","","","","","","","","","","","","","","","","","","","","","","","","","","","ns75.domaincontrol.com","ns76.domaincontrol.com","","","clientDeleteProhibited","clientRenewProhibited","clientTransferProhibited","clientUpdateProhibited"
"38","leavelimits.com","2020-05-03 20:10:16","2020-05-01","2020-05-01","2021-05-01","895","Google, Inc.","whois.rrpproxy.net","http://www.google.com","Contact Privacy Inc. Customer 1243329890","Contact Privacy Inc. Customer 1243329890","96 Mowat Ave","Toronto","ON","M4K 3K1","Canada","njeg1plglcea@contactprivacy.email","+1.4165385487","","Contact Privacy Inc. Customer 1243329890","Contact Privacy Inc. Customer 1243329890","96 Mowat Ave","Toronto","ON","M4K 3K1","Canada","njeg1plglcea@contactprivacy.email","+1.4165385487","","Contact Privacy Inc. Customer 1243329890","Contact Privacy Inc. Customer 1243329890","96 Mowat Ave","Toronto","ON","M4K 3K1","Canada","njeg1plglcea@contactprivacy.email","+1.4165385487","","","","","","","","","","","","ns-cloud-a1.googledomains.com","ns-cloud-a2.googledomains.com","ns-cloud-a3.googledomains.com","ns-cloud-a4.googledomains.com","clientTransferProhibited","","",""
"39","legitbeats.biz","2020-05-08 11:18:16","2020-05-01","2020-05-06","2021-05-01","146","GoDaddy.com, LLC","whois.godaddy.com","http://registrar.godaddy.com","Domains By Proxy, LLC","Domains By Proxy, LLC","","","Arizona","","United States","","","","","","","","","","","","","","","","","","","","","","","","","","","","","","","","","","ns03.domaincontrol.com","ns04.domaincontrol.com","","","clientDeleteProhibited","clientRenewProhibited","clientTransferProhibited","clientUpdateProhibited"
"40","lemondedayden.biz","2020-05-08 11:18:16","2020-05-01","2020-05-06","2021-05-01","433","OVH sas","whois.ovh.com","http://www.ovh.com","ASBL Le monde d'Ayden","ASBL Le monde d'Ayden","","","","","Belgium","","","","","","","","","","","","","","","","","","","","","","","","","","","","","","","","","","dns110.ovh.net","ns110.ovh.net","","","clientDeleteProhibited","clientTransferProhibited","",""
"41","letterstovito.biz","2020-05-08 11:18:12","2020-05-01","2020-05-06","2021-05-01","146","GoDaddy.com, LLC","whois.godaddy.com","http://registrar.godaddy.com","","","","","Minnesota","","United States","","","","","","","","","","","","","","","","","","","","","","","","","","","","","","","","","","ns53.domaincontrol.com","ns54.domaincontrol.com","","","clientDeleteProhibited","clientRenewProhibited","clientTransferProhibited","clientUpdateProhibited"
"42","luhlazafh.com","2020-05-08 20:49:43","2020-05-01","2020-05-07","2021-05-01","48","eNom, Inc.","whois.enom.com","http://www.enom.com","Whois Agent (552127973)","Whois Privacy Protection Service, Inc.","PO Box 639 C/O luhlazafh.com","Kirkland","WA","98083","United States","fwfxwhfr@whoisprivacyprotect.com","+1.4252740657","+1.4259744730","Whois Agent","Whois Privacy Protection Service, Inc.","PO Box 639 C/O luhlazafh.com","Kirkland","WA","98083","United States","fwfxwhfr@whoisprivacyprotect.com","+1.4252740657","+1.4259744730","Whois Agent","Whois Privacy Protection Service, Inc.","PO Box 639 C/O luhlazafh.com","Kirkland","WA","98083","United States","fwfxwhfr@whoisprivacyprotect.com","+1.4252740657","+1.4259744730","","","","","","","","","","","cdns1.hkdns.co.za","cdns2.hkdns.co.za","","","clientTransferProhibited","","",""
"43","macsite.biz","2020-05-08 10:26:33","2020-05-01","2020-05-06","2021-05-01","303","PDR Ltd. d/b/a PublicDomainRegistry.com","whois.publicdomainregistry.com","http://www.publicdomainregistry.com","Thomas","Thomas","","","Rajasthan","","India","","","","","","","","","","","","","","","","","","","","","","","","","","","","","","","","","","natsavpanel.earth.orderbox-dns.com","natsavpanel.mars.orderbox-dns.com","natsavpanel.mercury.orderbox-dns.com","natsavpanel.venus.orderbox-dns.com","clientTransferProhibited","","",""
"44","maota.biz","2020-05-08 11:04:09","2020-05-01","2020-05-06","2021-05-01","1557","Netowl, Inc.","whois.star-domain.jp","http://www.netowl.jp","Maota","Maota","","","Aichi Prefecture","","Japan","","","","","","","","","","","","","","","","","","","","","","","","","","","","","","","","","","ns1.xserver.jp","ns2.xserver.jp","ns3.xserver.jp","ns4.xserver.jp","clientTransferProhibited","","",""
"45","metsulfoxisterol.biz","2020-05-08 10:42:12","2020-05-01","2020-05-06","2021-05-01","2","Network Solutions, LLC","whois.networksolutions.com","http://networksolutions.com","","","","","FL","","United States","","","","","","","","","","","","","","","","","","","","","","","","","","","","","","","","","","ns71.worldnic.com","ns72.worldnic.com","","","clientTransferProhibited","","",""
"46","montravonlatise.biz","2020-05-08 10:08:08","2020-05-01","2020-05-06","2021-05-01","2","Network Solutions, LLC","whois.networksolutions.com","http://networksolutions.com","","","","","FL","","United States","","","","","","","","","","","","","","","","","","","","","","","","","","","","","","","","","","ns10.wixdns.net","ns11.wixdns.net","","","clientTransferProhibited","","",""
"47","nicheconcepts.biz","2020-05-08 09:34:05","2020-05-01","2020-05-06","2022-05-01","1154","FastDomain Inc.","whois.fastdomain.com","http://www.fastdomain.com","The Endurance International Group, Inc.","The Endurance International Group, Inc.","","","Massachusetts","","United States","","","","","","","","","","","","","","","","","","","","","","","","","","","","","","","","","","ns1.bluehost.com","ns2.bluehost.com","","","clientTransferProhibited","","",""
"48","nusyzzs.biz","2020-05-08 09:24:38","2020-05-01","2020-05-06","2021-05-01","49","GMO Internet Inc.","whois.discount-domain.com","http://www.onamae.com","Create,LLC","Create,LLC","","","Chiba","","Japan","","","","","","","","","","","","","","","","","","","","","","","","","","","","","","","","","","ns1.pom-g01.net","ns2.pom-g01.net","","","OK","","",""
"49","pearlyraycreations.biz","2020-05-08 08:48:06","2020-05-01","2020-05-06","2021-05-01","69","Tucows Domains Inc.","whois.tucows.com","http://domainhelp.opensrs.net","Contact Privacy Inc. Customer 0157774558","Contact Privacy Inc. Customer 0157774558","","","ON","","Canada","","","","","","","","","","","","","","","","","","","","","","","","","","","","","","","","","","yns1.yahoo.com","yns2.yahoo.com","","","clientTransferProhibited","clientUpdateProhibited","",""
"50","pegacorn.biz","2020-05-08 17:30:39","2020-05-01","2020-05-06","2021-05-01","1068","NameCheap, Inc.","whois.namecheap.com","http://www.namecheap.com","WhoisGuard, Inc.","WhoisGuard, Inc.","","","Panama","","Panama","","","","","","","","","","","","","","","","","","","","","","","","","","","","","","","","","","dns1.registrar-servers.com","dns2.registrar-servers.com","","","clientTransferProhibited","","",""
"51","risefitnessco.com","2020-05-08 23:32:58","2020-05-01","2020-05-01","2021-05-01","69","Tucows Domains Inc.","whois.tucows.com","http://domainhelp.opensrs.net","Contact Privacy Inc. Customer 0157767617","Contact Privacy Inc. Customer 0157767617","96 Mowat Ave","Toronto","ON","M6K 3M1","Canada","risefitnessco.com@contactprivacy.com","+1.4165385457","","Contact Privacy Inc. Customer 0157767617","Contact Privacy Inc. Customer 0157767617","96 Mowat Ave","Toronto","ON","M6K 3M1","Canada","risefitnessco.com@contactprivacy.com","+1.4165385457","","Contact Privacy Inc. Customer 0157767617","Contact Privacy Inc. Customer 0157767617","96 Mowat Ave","Toronto","ON","M6K 3M1","Canada","risefitnessco.com@contactprivacy.com","+1.4165385457","","","","","","","","","","","","ns-cloud-a1.googledomains.com","ns-cloud-a2.googledomains.com","ns-cloud-a3.googledomains.com","ns-cloud-a4.googledomains.com","clientTransferProhibited","clientUpdateProhibited","",""
"52","rwtrxu.biz","2020-05-08 07:20:24","2020-05-01","2020-05-06","2021-05-01","49","GMO Internet Inc.","whois.discount-domain.com","http://www.onamae.com","Create,LLC","Create,LLC","","","Chiba","","Japan","","","","","","","","","","","","","","","","","","","","","","","","","","","","","","","","","","ns124-02.ace02-gm.net","ns124.ace02-gm.net","","","OK","","",""
"53","ryw6fof9qajg.biz","2020-05-08 07:20:19","2020-05-01","2020-05-06","2021-05-01","49","GMO Internet Inc.","whois.discount-domain.com","http://www.onamae.com","Name","Name","","","Tokyo","","Japan","","","","","","","","","","","","","","","","","","","","","","","","","","","","","","","","","","ns11.value-domain.com","ns12.value-domain.com","ns13.value-domain.com","","OK","","",""
"54","saldatura.biz","2020-05-08 07:16:10","2020-05-01","2020-05-06","2021-05-01","895","Google, Inc.","whois.rrpproxy.net","http://www.google.com","Contact Privacy Inc. Customer 1247101922","Contact Privacy Inc. Customer 1247101922","","","ON","","Canada","","","","","","","","","","","","","","","","","","","","","","","","","","","","","","","","","","ns-cloud-b1.googledomains.com","ns-cloud-b2.googledomains.com","ns-cloud-b3.googledomains.com","ns-cloud-b4.googledomains.com","clientTransferProhibited","","",""
"55","scfccn.com","2020-05-08 20:57:20","2020-05-01","2020-05-01","2023-05-01","3824","Cloud Yuqu LLC","","","REDACTED FOR PRIVACY","REDACTED FOR PRIVACY","REDACTED FOR PRIVACY","Chengdu","Sichuan","REDACTED FOR PRIVACY","China","","REDACTED FOR PRIVACY","REDACTED FOR PRIVACY","REDACTED FOR PRIVACY","REDACTED FOR PRIVACY","REDACTED FOR PRIVACY","Chengdu","Sichuan","REDACTED FOR PRIVACY","China","","REDACTED FOR PRIVACY","REDACTED FOR PRIVACY","REDACTED FOR PRIVACY","REDACTED FOR PRIVACY","REDACTED FOR PRIVACY","Chengdu","Sichuan","REDACTED FOR PRIVACY","China","","REDACTED FOR PRIVACY","REDACTED FOR PRIVACY","","","","","","","","","","","ns3.myhostadmin.net","ns4.myhostadmin.net","","","OK","","",""
"56","selfserviceenglish.com","2020-05-08 20:56:21","2020-05-01","2020-05-06","2021-05-01","48","eNom, Inc.","whois.enom.com","http://www.enom.com","REDACTED FOR PRIVACY","REDACTED FOR PRIVACY","REDACTED FOR PRIVACY","REDACTED FOR PRIVACY","MG","REDACTED FOR PRIVACY","Brazil","","REDACTED FOR PRIVACY","REDACTED FOR PRIVACY","REDACTED FOR PRIVACY","REDACTED FOR PRIVACY","REDACTED FOR PRIVACY","REDACTED FOR PRIVACY","REDACTED FOR PRIVACY","REDACTED FOR PRIVACY","REDACTED FOR PRIVACY","","REDACTED FOR PRIVACY","REDACTED FOR PRIVACY","REDACTED FOR PRIVACY","REDACTED FOR PRIVACY","REDACTED FOR PRIVACY","REDACTED FOR PRIVACY","REDACTED FOR PRIVACY","REDACTED FOR PRIVACY","REDACTED FOR PRIVACY","","REDACTED FOR PRIVACY","REDACTED FOR PRIVACY","","","","","","","","","","","cns10.my-hosting-panel.com","cns9.my-hosting-panel.com","","","clientTransferProhibited","","",""
"57","shopt.biz","2020-05-08 06:48:39","2020-05-01","2020-05-06","2021-05-01","299","CSC Corporate Domains, Inc.","whois.corporatedomains.com","http://www.cscglobal.com/global/web/csc/digital-brand-services","DAS","DAS","","","NY","","United States","","","","","","","","","","","","","","","","","","","","","","","","","","","","","","","","","","pdns82.ultradns.biz","pdns82.ultradns.com","pdns82.ultradns.net","pdns82.ultradns.org","clientTransferProhibited","","",""
"58","shopwildq.biz","2020-05-08 06:48:35","2020-05-01","2020-05-06","2021-05-01","146","GoDaddy.com, LLC","whois.godaddy.com","http://registrar.godaddy.com","E. Mason & Associates","E. Mason & Associates","","","Florida","","United States","","","","","","","","","","","","","","","","","","","","","","","","","","","","","","","","","","ns39.domaincontrol.com","ns40.domaincontrol.com","","","clientDeleteProhibited","clientRenewProhibited","clientTransferProhibited","clientUpdateProhibited"
"59","shulianshuang.com","2020-05-08 19:25:56","2020-05-01","2020-05-01","2021-05-01","1915","West263 International Limited","whois.hkdns.hk","http://www.hkdns.hk","REDACTED FOR PRIVACY","REDACTED FOR PRIVACY","REDACTED FOR PRIVACY","Chengdu","Sichuan","REDACTED FOR PRIVACY","China","","REDACTED FOR PRIVACY","REDACTED FOR PRIVACY","REDACTED FOR PRIVACY","REDACTED FOR PRIVACY","REDACTED FOR PRIVACY","Chengdu","Sichuan","REDACTED FOR PRIVACY","China","","REDACTED FOR PRIVACY","REDACTED FOR PRIVACY","REDACTED FOR PRIVACY","REDACTED FOR PRIVACY","REDACTED FOR PRIVACY","Chengdu","Sichuan","REDACTED FOR PRIVACY","China","","REDACTED FOR PRIVACY","REDACTED FOR PRIVACY","","","","","","","","","","","ns1.myhostadmin.net","ns2.myhostadmin.net","","","OK","","",""
"60","skrav.biz","2020-05-08 06:38:40","2020-05-01","2020-05-06","2021-05-01","2","Network Solutions, LLC","whois.networksolutions.com","http://networksolutions.com","","","","","FL","","United States","","","","","","","","","","","","","","","","","","","","","","","","","","","","","","","","","","ns12.wixdns.net","ns13.wixdns.net","","","clientTransferProhibited","","",""
"61","spotlesstraveler.biz","2020-05-08 06:02:36","2020-05-01","2020-05-06","2022-05-01","146","GoDaddy.com, LLC","whois.godaddy.com","http://registrar.godaddy.com","","","","","New York","","United States","","","","","","","","","","","","","","","","","","","","","","","","","","","","","","","","","","ns59.domaincontrol.com","ns60.domaincontrol.com","","","clientDeleteProhibited","clientRenewProhibited","clientTransferProhibited","clientUpdateProhibited"
"62","starfit.biz","2020-05-08 05:46:53","2020-05-01","2020-05-06","2021-05-01","2","Network Solutions, LLC","whois.networksolutions.com","http://networksolutions.com","Sanko Soflan Holdings co,ltd","Sanko Soflan Holdings co,ltd","","","Tokyo","","Japan","","","","","","","","","","","","","","","","","","","","","","","","","","","","","","","","","","ns0.wixdns.net","ns1.wixdns.net","","","clientTransferProhibited","","",""
"63","subsc.biz","2020-05-08 05:10:07","2020-05-01","2020-05-06","2021-05-01","49","GMO Internet Inc.","whois.discount-domain.com","http://www.onamae.com","Whois Privacy Protection Service by onamae.com","Whois Privacy Protection Service by onamae.com","","","Tokyo","","Japan","","","","","","","","","","","","","","","","","","","","","","","","","","","","","","","","","","dns1.onamae.com","dns2.onamae.com","","","OK","","",""
"64","success-storm.biz","2020-05-08 05:10:05","2020-05-01","2020-05-06","2021-05-01","48","eNom, Inc.","whois.enom.com","http://www.enom.com","Data Protected","Data Protected","","","WA","","United States","","","","","","","","","","","","","","","","","","","","","","","","","","","","","","","","","","ns1.dnsimple.com","ns2.dnsimple.com","ns3.dnsimple.com","ns4.dnsimple.com","clientTransferProhibited","","",""
"65","supportlocalbiz.biz","2020-05-08 04:50:39","2020-05-01","2020-05-06","2021-05-01","146","GoDaddy.com, LLC","whois.godaddy.com","http://registrar.godaddy.com","","","","","Indiana","","United States","","","","","","","","","","","","","","","","","","","","","","","","","","","","","","","","","","ns25.domaincontrol.com","ns26.domaincontrol.com","","","clientDeleteProhibited","clientRenewProhibited","clientTransferProhibited","clientUpdateProhibited"
"66","sxfesjw.biz","2020-05-08 04:37:35","2020-05-01","2020-05-06","2021-05-01","49","GMO Internet Inc.","whois.discount-domain.com","http://www.onamae.com","Create,LLC","Create,LLC","","","Chiba","","Japan","","","","","","","","","","","","","","","","","","","","","","","","","","","","","","","","","","ns1.pom-g01.net","ns2.pom-g01.net","","","OK","","",""
"67","sxsxs.biz","2020-05-08 04:37:33","2020-05-01","2020-05-06","2021-05-01","1557","Netowl, Inc.","whois.star-domain.jp","http://www.netowl.jp","XSERVER Inc.","XSERVER Inc.","","","Osaka","","Japan","","","","","","","","","","","","","","","","","","","","","","","","","","","","","","","","","","ns1.xserver.jp","ns2.xserver.jp","ns3.xserver.jp","ns4.xserver.jp","clientTransferProhibited","","",""
"68","syecology.com","2020-05-08 20:53:34","2020-05-01","2020-05-01","2021-05-01","1915","West263 International Limited","whois.hkdns.hk","http://www.hkdns.hk","REDACTED FOR PRIVACY","REDACTED FOR PRIVACY","REDACTED FOR PRIVACY","Chengdu","Sichuan","REDACTED FOR PRIVACY","China","","REDACTED FOR PRIVACY","REDACTED FOR PRIVACY","REDACTED FOR PRIVACY","REDACTED FOR PRIVACY","REDACTED FOR PRIVACY","Chengdu","Sichuan","REDACTED FOR PRIVACY","China","","REDACTED FOR PRIVACY","REDACTED FOR PRIVACY","REDACTED FOR PRIVACY","REDACTED FOR PRIVACY","REDACTED FOR PRIVACY","Chengdu","Sichuan","REDACTED FOR PRIVACY","China","","REDACTED FOR PRIVACY","REDACTED FOR PRIVACY","","","","","","","","","","","ns3.myhostadmin.net","ns4.myhostadmin.net","","","OK","","",""
"69","takahashirina.info","2020-05-09 00:40:04","2020-05-01","2020-05-07","2021-05-01","49","GMO Internet Inc.","whois.discount-domain.com","http://www.onamae.com","Whois Privacy Protection Service by onamae.com","Whois Privacy Protection Service by onamae.com","","","Tokyo","","Japan","","","","","","","","","","","","","","","","","","","","","","","","","","","","","","","","","","ns1.xserver.jp","ns2.xserver.jp","ns3.xserver.jp","ns4.xserver.jp","serverTransferProhibited","","",""
"70","tcsltd.biz","2020-05-08 04:13:15","2020-05-01","2020-05-06","2023-05-01","2","Network Solutions, LLC","whois.networksolutions.com","http://networksolutions.com","","","","","FL","","United States","","","","","","","","","","","","","","","","","","","","","","","","","","","","","","","","","","ns0.wixdns.net","ns1.wixdns.net","","","clientTransferProhibited","","",""
"71","thecaseygroup.biz","2020-05-08 03:38:30","2020-05-01","2020-05-06","2025-05-01","146","GoDaddy.com, LLC","whois.godaddy.com","http://registrar.godaddy.com","Domains By Proxy, LLC","Domains By Proxy, LLC","","","Arizona","","United States","","","","","","","","","","","","","","","","","","","","","","","","","","","","","","","","","","ns19.domaincontrol.com","ns20.domaincontrol.com","","","clientDeleteProhibited","clientRenewProhibited","clientTransferProhibited","clientUpdateProhibited"
"72","themultimilliondollar.biz","2020-05-08 03:29:25","2020-05-01","2020-05-06","2021-05-01","146","GoDaddy.com, LLC","whois.godaddy.com","http://registrar.godaddy.com","Bambini Soiree Designs","Bambini Soiree Designs","","","Florida","","United States","","","","","","","","","","","","","","","","","","","","","","","","","","","","","","","","","","ns59.domaincontrol.com","ns60.domaincontrol.com","","","clientDeleteProhibited","clientRenewProhibited","clientTransferProhibited","clientUpdateProhibited"
"73","uhjmhs.biz","2020-05-08 02:25:22","2020-05-01","2020-05-06","2021-05-01","49","GMO Internet Inc.","whois.discount-domain.com","http://www.onamae.com","Create,LLC","Create,LLC","","","Chiba","","Japan","","","","","","","","","","","","","","","","","","","","","","","","","","","","","","","","","","ns124-02.ace02-gm.net","ns124.ace02-gm.net","","","OK","","",""
"74","viarecta.biz","2020-05-08 01:52:08","2020-05-01","2020-05-06","2021-05-01","303","PDR Ltd. d/b/a PublicDomainRegistry.com","whois.publicdomainregistry.com","http://www.publicdomainregistry.com","pelangi","pelangi","","","jakarta","","Indonesia","","","","","","","","","","","","","","","","","","","","","","","","","","","","","","","","","","dns1.namecheaphosting.com","dns2.namecheaphosting.com","","","clientTransferProhibited","","",""
"75","vibepositive.biz","2020-05-08 01:52:07","2020-05-01","2020-05-06","2021-05-01","895","Google, Inc.","whois.rrpproxy.net","http://www.google.com","Contact Privacy Inc. Customer 1247100661","Contact Privacy Inc. Customer 1247100661","","","ON","","Canada","","","","","","","","","","","","","","","","","","","","","","","","","","","","","","","","","","ns-cloud-a1.googledomains.com","ns-cloud-a2.googledomains.com","ns-cloud-a3.googledomains.com","ns-cloud-a4.googledomains.com","clientTransferProhibited","","",""
"76","vipgamehacks.net","2020-05-02 23:40:29","2020-05-01","","2021-05-01","1068","NameCheap, Inc.","whois.namecheap.com","http://www.namecheap.com","WhoisGuard Protected","WhoisGuard, Inc.","P.O. Box 0823-03411","Panama","Panama","","Panama","d691425111bd418bbec4cb6e676dcf16.protect@whoisguard.com","+507.8365503","+51.17057182","WhoisGuard Protected","WhoisGuard, Inc.","P.O. Box 0823-03411","Panama","Panama","","Panama","d691425111bd418bbec4cb6e676dcf16.protect@whoisguard.com","+507.8365503","+51.17057182","WhoisGuard Protected","WhoisGuard, Inc.","P.O. Box 0823-03411","Panama","Panama","","Panama","d691425111bd418bbec4cb6e676dcf16.protect@whoisguard.com","+507.8365503","+51.17057182","","","","","","","","","","","dns1.registrar-servers.com","dns2.registrar-servers.com","","","addPeriod","clientTransferProhibited","",""
"77","wellzhang.com","2020-05-08 20:41:48","2020-05-01","2020-05-01","2021-05-01","120","Xin Net Technology Corporation","whois.paycenter.com.cn","http://www.xinnet.com","REDACTED FOR PRIVACY","REDACTED FOR PRIVACY","REDACTED FOR PRIVACY","REDACTED FOR PRIVACY","REDACTED FOR PRIVACY","REDACTED FOR PRIVACY","REDACTED FOR PRIVACY","","REDACTED FOR PRIVACY","REDACTED FOR PRIVACY","REDACTED FOR PRIVACY","REDACTED FOR PRIVACY","REDACTED FOR PRIVACY","REDACTED FOR PRIVACY","REDACTED FOR PRIVACY","REDACTED FOR PRIVACY","REDACTED FOR PRIVACY","","REDACTED FOR PRIVACY","REDACTED FOR PRIVACY","REDACTED FOR PRIVACY","REDACTED FOR PRIVACY","REDACTED FOR PRIVACY","REDACTED FOR PRIVACY","REDACTED FOR PRIVACY","","REDACTED FOR PRIVACY","","REDACTED FOR PRIVACY","REDACTED FOR PRIVACY","","","","","","","","","","","ns11.xincache.com","ns12.xincache.com","","","","","",""
"78","zhuqiw.com","2020-05-08 21:08:12","2020-05-01","2020-05-01","2021-05-01","120","Xin Net Technology Corporation","whois.paycenter.com.cn","http://www.xinnet.com","REDACTED FOR PRIVACY","REDACTED FOR PRIVACY","REDACTED FOR PRIVACY","REDACTED FOR PRIVACY","REDACTED FOR PRIVACY","REDACTED FOR PRIVACY","REDACTED FOR PRIVACY","","REDACTED FOR PRIVACY","REDACTED FOR PRIVACY","REDACTED FOR PRIVACY","REDACTED FOR PRIVACY","REDACTED FOR PRIVACY","REDACTED FOR PRIVACY","REDACTED FOR PRIVACY","REDACTED FOR PRIVACY","REDACTED FOR PRIVACY","","REDACTED FOR PRIVACY","REDACTED FOR PRIVACY","REDACTED FOR PRIVACY","REDACTED FOR PRIVACY","REDACTED FOR PRIVACY","REDACTED FOR PRIVACY","REDACTED FOR PRIVACY","","REDACTED FOR PRIVACY","","REDACTED FOR PRIVACY","REDACTED FOR PRIVACY","","","","","","","","","","","ns11.xincache.com","ns12.xincache.com","","","","","",""