"num","domain_name","query_time","create_date","update_date","expiry_date","domain_registrar_id","domain_registrar_name","domain_registrar_whois","domain_registrar_url","registrant_name","registrant_company","registrant_address","registrant_city","registrant_state","registrant_zip","registrant_country","registrant_email","registrant_phone","registrant_fax","administrative_name","administrative_company","administrative_address","administrative_city","administrative_state","administrative_zip","administrative_country","administrative_email","administrative_phone","administrative_fax","technical_name","technical_company","technical_address","technical_city","technical_state","technical_zip","technical_country","technical_email","technical_phone","technical_fax","billing_name","billing_company","billing_address","billing_city","billing_state","billing_zip","billing_country","billing_email","billing_phone","billing_fax","name_server_1","name_server_2","name_server_3","name_server_4","domain_status_1","domain_status_2","domain_status_3","domain_status_4"
"1","123456.blue","2020-05-08 18:59:24","2020-05-02","2020-05-06","2021-05-02","1697","DNSPod, Inc.","whois.dnspod.com","http:// www.dnspod.cn","???","???","","","shan dong sheng","","China","","","","","","","","","","","","","","","","","","","","","","","","","","","","","","","","","","f1g1ns1.dnspod.net","f1g1ns2.dnspod.net","","","serverTransferProhibited","","",""
"2","2345jie.com","2020-05-08 20:41:40","2020-05-02","2020-05-02","2021-05-02","120","Xin Net Technology Corporation","whois.paycenter.com.cn","http://www.xinnet.com","REDACTED FOR PRIVACY","REDACTED FOR PRIVACY","REDACTED FOR PRIVACY","REDACTED FOR PRIVACY","REDACTED FOR PRIVACY","REDACTED FOR PRIVACY","REDACTED FOR PRIVACY","","REDACTED FOR PRIVACY","REDACTED FOR PRIVACY","REDACTED FOR PRIVACY","REDACTED FOR PRIVACY","REDACTED FOR PRIVACY","REDACTED FOR PRIVACY","REDACTED FOR PRIVACY","REDACTED FOR PRIVACY","REDACTED FOR PRIVACY","","REDACTED FOR PRIVACY","REDACTED FOR PRIVACY","REDACTED FOR PRIVACY","REDACTED FOR PRIVACY","REDACTED FOR PRIVACY","REDACTED FOR PRIVACY","REDACTED FOR PRIVACY","","REDACTED FOR PRIVACY","","REDACTED FOR PRIVACY","REDACTED FOR PRIVACY","","","","","","","","","","","ns11.bigwww.com","ns12.bigwww.com","","","","","",""
"3","alovea.biz","2020-05-08 12:24:05","2020-05-02","2020-05-07","2021-05-02","440","Wild West Domains, LLC","whois.wildwestdomains.com","http://www.wildwestdomains.com","","","","","Virginia","","United States","","","","","","","","","","","","","","","","","","","","","","","","","","","","","","","","","","ns21.domaincontrol.com","ns22.domaincontrol.com","","","clientDeleteProhibited","clientRenewProhibited","clientTransferProhibited","clientUpdateProhibited"
"4","chonghing.biz","2020-05-08 12:08:39","2020-05-02","2020-05-07","2021-05-02","625","Name.com, Inc.","whois.name.com","http://www.name.com","","","","","CA","","United States","","","","","","","","","","","","","","","","","","","","","","","","","","","","","","","","","","ns1mtw.name.com","ns2bkr.name.com","ns3cqz.name.com","ns4fmw.name.com","clientTransferProhibited","","",""
"5","chriswesterman.biz","2020-05-08 12:08:39","2020-05-02","2020-05-07","2021-05-02","886","Domain.com, LLC","whois.domain.com","http://www.domain.com","Domain Privacy Service FBO Registrant.","Domain Privacy Service FBO Registrant.","","","MA","","United States","","","","","","","","","","","","","","","","","","","","","","","","","","","","","","","","","","ns1.ipage.com","ns2.ipage.com","","","OK","","",""
"6","cigros.biz","2020-05-08 12:08:39","2020-05-02","2020-05-07","2021-05-02","49","GMO Internet Inc.","whois.discount-domain.com","http://www.onamae.com","Whois Privacy Protection Service by MuuMuuDomain","Whois Privacy Protection Service by MuuMuuDomain","","","Fukuoka","","Japan","","","","","","","","","","","","","","","","","","","","","","","","","","","","","","","","","","ns1.xserver.jp","ns2.xserver.jp","ns3.xserver.jp","","clientTransferProhibited","","",""
"7","coldemail.biz","2020-05-08 12:04:08","2020-05-02","2020-05-07","2021-05-02","1387","1API GmbH","whois.1api.net","http://www.1api.net","Top","Top","","","Panama","","Panama","","","","","","","","","","","","","","","","","","","","","","","","","","","","","","","","","","ns1.cybercastco.com","ns2.cybercastco.com","","","OK","","",""
"8","donguri.biz","2020-05-08 11:52:52","2020-05-02","2020-05-07","2021-05-02","49","GMO Internet Inc.","whois.discount-domain.com","http://www.onamae.com","Whois Privacy Protection Service by MuuMuuDomain","Whois Privacy Protection Service by MuuMuuDomain","","","Fukuoka","","Japan","","","","","","","","","","","","","","","","","","","","","","","","","","","","","","","","","","dns01.muumuu-domain.com","dns02.muumuu-domain.com","","","clientTransferProhibited","","",""
"9","duckhollow.biz","2020-05-08 11:52:36","2020-05-02","2020-05-07","2021-05-02","69","Tucows Domains Inc.","whois.tucows.com","http://domainhelp.opensrs.net","Data Protected","Data Protected","","","ON","","Canada","","","","","","","","","","","","","","","","","","","","","","","","","","","","","","","","","","logan.ns.cloudflare.com","maya.ns.cloudflare.com","","","OK","","",""
"10","ezhouedu.com","2020-05-08 21:00:14","2020-05-02","2020-05-07","2021-05-02","471","Bizcn.com, Inc.","whois.bizcn.com","http://www.bizcn.com","","","","","Jiangsu","","China","","","","","","","","","","","","","","","","","","","","","","","","","","","","","","","","","","ns1.bdydns.cn","ns2.bdydns.cn","","","clientDeleteProhibited","clientTransferProhibited","",""
"11","globasource.biz","2020-05-08 11:36:14","2020-05-02","2020-05-07","2021-05-02","146","GoDaddy.com, LLC","whois.godaddy.com","http://registrar.godaddy.com","","","","","Middlesex","","United Kingdom","","","","","","","","","","","","","","","","","","","","","","","","","","","","","","","","","","ns03.domaincontrol.com","ns04.domaincontrol.com","","","clientDeleteProhibited","clientRenewProhibited","clientTransferProhibited","clientUpdateProhibited"
"12","gogrocery.biz","2020-05-08 11:36:14","2020-05-02","2020-05-07","2021-05-02","1495","BigRock Solutions Ltd.","whois.bigrock.com","http://www.bigrock.com","","","","","Other","","India","","","","","","","","","","","","","","","","","","","","","","","","","","","","","","","","","","dns1.bigrock.in","dns2.bigrock.in","dns3.bigrock.in","dns4.bigrock.in","clientTransferProhibited","","",""
"13","goldenpearls.biz","2020-05-08 11:36:13","2020-05-02","2020-05-07","2021-05-02","49","GMO Internet Inc.","whois.discount-domain.com","http://www.onamae.com","Personal","Personal","","","Okinawa","","Japan","","","","","","","","","","","","","","","","","","","","","","","","","","","","","","","","","","ns1.bittercloud.com","ns2.bittercloud.com","","","OK","","",""
"14","gstonegaia.biz","2020-05-08 16:19:59","2020-05-02","2020-05-07","2023-05-02","2","Network Solutions, LLC","whois.networksolutions.com","http://networksolutions.com","","","","","FL","","United States","","","","","","","","","","","","","","","","","","","","","","","","","","","","","","","","","","ns31.worldnic.com","ns32.worldnic.com","","","clientTransferProhibited","","",""
"15","h2sg.biz","2020-05-08 16:19:23","2020-05-02","2020-05-07","2021-05-02","303","PDR Ltd. d/b/a PublicDomainRegistry.com","whois.publicdomainregistry.com","http://www.publicdomainregistry.com","Privacy Protect, LLC (PrivacyProtect.org)","Privacy Protect, LLC (PrivacyProtect.org)","","","MA","","United States","","","","","","","","","","","","","","","","","","","","","","","","","","","","","","","","","","ns1.enter-system.com","ns2.enter-system.com","","","clientTransferProhibited","","",""
"16","henanjiadejixie.com","2020-05-08 19:18:49","2020-05-02","2020-05-02","2021-05-02","1915","West263 International Limited","whois.hkdns.hk","http://www.hkdns.hk","REDACTED FOR PRIVACY","REDACTED FOR PRIVACY","REDACTED FOR PRIVACY","Chengdu","Sichuan","REDACTED FOR PRIVACY","China","","REDACTED FOR PRIVACY","REDACTED FOR PRIVACY","REDACTED FOR PRIVACY","REDACTED FOR PRIVACY","REDACTED FOR PRIVACY","Chengdu","Sichuan","REDACTED FOR PRIVACY","China","","REDACTED FOR PRIVACY","REDACTED FOR PRIVACY","REDACTED FOR PRIVACY","REDACTED FOR PRIVACY","REDACTED FOR PRIVACY","Chengdu","Sichuan","REDACTED FOR PRIVACY","China","","REDACTED FOR PRIVACY","REDACTED FOR PRIVACY","","","","","","","","","","","ns5.myhostadmin.net","ns6.myhostadmin.net","","","OK","","",""
"17","hnyzjdp.com","2020-05-08 20:59:43","2020-05-02","2020-05-02","2021-05-02","3824","Cloud Yuqu LLC","","","REDACTED FOR PRIVACY","REDACTED FOR PRIVACY","REDACTED FOR PRIVACY","Chengdu","Sichuan","REDACTED FOR PRIVACY","China","","REDACTED FOR PRIVACY","REDACTED FOR PRIVACY","REDACTED FOR PRIVACY","REDACTED FOR PRIVACY","REDACTED FOR PRIVACY","Chengdu","Sichuan","REDACTED FOR PRIVACY","China","","REDACTED FOR PRIVACY","REDACTED FOR PRIVACY","REDACTED FOR PRIVACY","REDACTED FOR PRIVACY","REDACTED FOR PRIVACY","Chengdu","Sichuan","REDACTED FOR PRIVACY","China","","REDACTED FOR PRIVACY","REDACTED FOR PRIVACY","","","","","","","","","","","ns5.myhostadmin.net","ns6.myhostadmin.net","","","OK","","",""
"18","hrjsft.biz","2020-05-08 11:30:07","2020-05-02","2020-05-07","2021-05-02","49","GMO Internet Inc.","whois.discount-domain.com","http://www.onamae.com","Create,LLC","Create,LLC","","","Chiba","","Japan","","","","","","","","","","","","","","","","","","","","","","","","","","","","","","","","","","ns124-02.ace02-gm.net","ns124.ace02-gm.net","","","OK","","",""
"19","jfwrusn.biz","2020-05-08 16:41:34","2020-05-02","2020-05-07","2021-05-02","49","GMO Internet Inc.","whois.discount-domain.com","http://www.onamae.com","Create,LLC","Create,LLC","","","Chiba","","Japan","","","","","","","","","","","","","","","","","","","","","","","","","","","","","","","","","","ns1.pom-g01.net","ns2.pom-g01.net","","","OK","","",""
"20","join-wa18.my.id","2020-05-08 10:39:41","2020-05-02","","2021-05-02","","","","","","","","","","","","","","","","","","","","","","","","","","","","","","","","","","","","","","","","","","","","","","","","","serverTransferProhibited","","",""
"21","josuealvarez.biz","2020-05-08 16:41:27","2020-05-02","2020-05-07","2021-05-02","146","GoDaddy.com, LLC","whois.godaddy.com","http://registrar.godaddy.com","Domains By Proxy, LLC","Domains By Proxy, LLC","","","Arizona","","United States","","","","","","","","","","","","","","","","","","","","","","","","","","","","","","","","","","ns35.domaincontrol.com","ns36.domaincontrol.com","","","clientDeleteProhibited","clientRenewProhibited","clientTransferProhibited","clientUpdateProhibited"
"22","jscimedjrnl.biz","2020-05-08 16:41:24","2020-05-02","2020-05-07","2021-05-02","1495","BigRock Solutions Ltd.","whois.bigrock.com","http://www.bigrock.com","","","","","Telangana","","India","","","","","","","","","","","","","","","","","","","","","","","","","","","","","","","","","","ns1.eradiology.online","ns2.eradiology.online","","","clientTransferProhibited","","",""
"23","kpfdyl.com","2020-05-08 19:17:53","2020-05-02","2020-05-02","2021-05-02","1556","Chengdu West Dimension Digital Technology Co., Ltd.","whois.west263.com","http://www.west263.com","REDACTED FOR PRIVACY","REDACTED FOR PRIVACY","REDACTED FOR PRIVACY","Chengdu","Sichuan","REDACTED FOR PRIVACY","China","","REDACTED FOR PRIVACY","REDACTED FOR PRIVACY","REDACTED FOR PRIVACY","REDACTED FOR PRIVACY","REDACTED FOR PRIVACY","Chengdu","Sichuan","REDACTED FOR PRIVACY","China","","REDACTED FOR PRIVACY","REDACTED FOR PRIVACY","REDACTED FOR PRIVACY","REDACTED FOR PRIVACY","REDACTED FOR PRIVACY","Chengdu","Sichuan","REDACTED FOR PRIVACY","China","","REDACTED FOR PRIVACY","REDACTED FOR PRIVACY","","","","","","","","","","","ns3.myhostadmin.net","ns4.myhostadmin.net","","","OK","","",""
"24","leads4lawyers.biz","2020-05-08 11:18:13","2020-05-02","2020-05-07","2021-05-02","146","GoDaddy.com, LLC","whois.godaddy.com","http://registrar.godaddy.com","Domains By Proxy, LLC","Domains By Proxy, LLC","","","Arizona","","United States","","","","","","","","","","","","","","","","","","","","","","","","","","","","","","","","","","ns43.domaincontrol.com","ns44.domaincontrol.com","","","clientDeleteProhibited","clientRenewProhibited","clientTransferProhibited","clientUpdateProhibited"
"25","leads4me.biz","2020-05-08 11:18:14","2020-05-02","2020-05-07","2021-05-02","1068","NameCheap, Inc.","whois.namecheap.com","http://www.namecheap.com","WhoisGuard, Inc.","WhoisGuard, Inc.","","","Panama","","Panama","","","","","","","","","","","","","","","","","","","","","","","","","","","","","","","","","","dns1.registrar-servers.com","dns2.registrar-servers.com","","","clientTransferProhibited","","",""
"26","legal-partner.biz","2020-05-08 11:18:13","2020-05-02","2020-05-07","2021-05-02","49","GMO Internet Inc.","whois.discount-domain.com","http://www.onamae.com","Whois Privacy Protection Service by VALUE-DOMAIN","Whois Privacy Protection Service by VALUE-DOMAIN","","","Osaka","","Japan","","","","","","","","","","","","","","","","","","","","","","","","","","","","","","","","","","ns11.value-domain.com","ns12.value-domain.com","ns13.value-domain.com","","OK","","",""
"27","lenedesign.biz","2020-05-08 11:18:12","2020-05-02","2020-05-07","2021-05-02","2","Network Solutions, LLC","whois.networksolutions.com","http://networksolutions.com","","","","","FL","","United States","","","","","","","","","","","","","","","","","","","","","","","","","","","","","","","","","","ns8.wixdns.net","ns9.wixdns.net","","","clientTransferProhibited","","",""
"28","lessmore.biz","2020-05-08 11:18:17","2020-05-02","2020-05-07","2021-05-02","895","Google, Inc.","whois.rrpproxy.net","http://www.google.com","Contact Privacy Inc. Customer 1247110336","Contact Privacy Inc. Customer 1247110336","","","ON","","Canada","","","","","","","","","","","","","","","","","","","","","","","","","","","","","","","","","","ns-cloud-c1.googledomains.com","ns-cloud-c2.googledomains.com","ns-cloud-c3.googledomains.com","ns-cloud-c4.googledomains.com","clientTransferProhibited","","",""
"29","liangju.wang","2020-05-08 22:38:31","2020-05-02","2020-05-06","2021-05-02","1697","DNSPod, Inc.","whois.dnspod.com","http:// www.dnspod.cn","Wang Liang Ju","Wang Liang Ju","","","he nan sheng","","United Kingdom","","","","","","","","","","","","","","","","","","","","","","","","","","","","","","","","","","f1g1ns1.dnspod.net","f1g1ns2.dnspod.net","","","OK","","",""
"30","linkisponsorowane.biz","2020-05-08 11:14:05","2020-05-02","2020-05-07","2021-05-02","49","GMO Internet Inc.","whois.discount-domain.com","http://www.onamae.com","Whois Privacy Protection Service by MuuMuuDomain","Whois Privacy Protection Service by MuuMuuDomain","","","Fukuoka","","Japan","","","","","","","","","","","","","","","","","","","","","","","","","","","","","","","","","","ns1.muumuu-domain.com","ns2.muumuu-domain.com","","","clientTransferProhibited","","",""
"31","livingaloha.biz","2020-05-08 11:14:07","2020-05-02","2020-05-07","2021-05-02","48","eNom, Inc.","whois.enom.com","http://www.enom.com","Data Protected","Data Protected","","","WA","","United States","","","","","","","","","","","","","","","","","","","","","","","","","","","","","","","","","","ns1.dnsimple.com","ns2.dnsimple.com","ns3.dnsimple.com","ns4.dnsimple.com","clientTransferProhibited","","",""
"32","maddogmsolutions.biz","2020-05-08 10:26:29","2020-05-02","2020-05-07","2021-05-02","1068","NameCheap, Inc.","whois.namecheap.com","http://www.namecheap.com","WhoisGuard, Inc.","WhoisGuard, Inc.","","","Panama","","Panama","","","","","","","","","","","","","","","","","","","","","","","","","","","","","","","","","","dns1.registrar-servers.com","dns2.registrar-servers.com","","","clientTransferProhibited","","",""
"33","mycharterhr.biz","2020-05-08 09:52:11","2020-05-02","2020-05-07","2021-05-02","625","Name.com, Inc.","whois.name.com","http://www.name.com","","","","","CA","","United States","","","","","","","","","","","","","","","","","","","","","","","","","","","","","","","","","","ns1mtw.name.com","ns2bkr.name.com","ns3cqz.name.com","ns4fmw.name.com","clientTransferProhibited","","",""
"34","mycityplaces.biz","2020-05-08 09:52:09","2020-05-02","2020-05-07","2021-05-02","886","Domain.com, LLC","whois.domain.com","http://www.domain.com","Data Protected","Data Protected","","","ON","","Canada","","","","","","","","","","","","","","","","","","","","","","","","","","","","","","","","","","ns1.ipower.com","ns2.ipower.com","","","clientTransferProhibited","clientUpdateProhibited","",""
"35","nbyouth.club","2020-05-09 00:50:29","2020-05-02","2020-05-07","2021-05-02","1599","Alibaba Cloud Computing Ltd. d/b/a HiChina (www.net.cn)","http://whois.hichina.com/","http://www.net.cn","nikki","nikki","","","Beijing","","China","","","","","","","","","","","","","","","","","","","","","","","","","","","","","","","","","","dns15.hichina.com","dns16.hichina.com","","","OK","","",""
"36","neural.group","2020-05-08 19:00:34","2020-05-02","2020-05-07","2021-05-02","1366","Xiamen ChinaSource Internet Service Co., Ltd.","whois.cnolnic.com","http://www.zzy.cn","REDACTED FOR PRIVACY","Caofeng","REDACTED FOR PRIVACY","REDACTED FOR PRIVACY","Others","REDACTED FOR PRIVACY","China","","REDACTED FOR PRIVACY","REDACTED FOR PRIVACY","","","","","","","","","","","","","","","","","","","","","","","","","","","","","","","","","","","clientTransferProhibited","","",""
"37","neurosemantica.lat","2020-05-09 00:38:44","2020-05-02","2020-05-08","2021-05-02","1705","Network Information Center Mexico, S.C.","whois.inregistry.in","http://www.akky.mx","Michel Barria Maes","","Periferico Sur  4999-702F  Arenal Tepepan","Tlalpan","Ciudad de Mexico","14610","Mexico","mbarria@webandcart.com","+52.5584217768","","Michel Barria Maes","","Periferico Sur 4999-702F Arenal Tepepan","Tlalpan","Ciudad de Mexico","14610","Mexico","mbarria@webandcart.com","+52.5584217768","","Michel Barria Maes","","Periferico Sur 4999-702F Arenal Tepepan","Tlalpan","Ciudad de Mexico","14610","Mexico","mbarria@webandcart.com","+52.5584217768","","","","","","","","","","","","ns29.domaincontrol.com","ns30.domaincontrol.com","ns49.domaincontrol.com","ns50.domaincontrol.com","clientTransferProhibited","","",""
"38","newbeginningz.biz","2020-05-08 09:38:10","2020-05-02","2020-05-07","2021-05-02","146","GoDaddy.com, LLC","whois.godaddy.com","http://registrar.godaddy.com","Domains By Proxy, LLC","Domains By Proxy, LLC","","","Arizona","","United States","","","","","","","","","","","","","","","","","","","","","","","","","","","","","","","","","","ns43.domaincontrol.com","ns44.domaincontrol.com","","","clientDeleteProhibited","clientRenewProhibited","clientTransferProhibited","clientUpdateProhibited"
"39","pefilme.biz","2020-05-08 17:30:39","2020-05-02","2020-05-07","2022-05-02","1564","TLD Registrar Solutions Ltd.","whois.tldregistrarsolutions.com","http://www.tldregistrarsolutions.com","Whois Privacy Corp.","Whois Privacy Corp.","","","New Providence","","Bahamas","","","","","","","","","","","","","","","","","","","","","","","","","","","","","","","","","","lakas.ns.cloudflare.com","zara.ns.cloudflare.com","","","clientTransferProhibited","","",""
"40","pet.gold","2020-05-08 19:00:32","2020-05-02","2020-05-07","2021-05-02","1366","Xiamen ChinaSource Internet Service Co., Ltd.","whois.cnolnic.com","http://www.zzy.cn","REDACTED FOR PRIVACY","Wangxiaoqin","REDACTED FOR PRIVACY","REDACTED FOR PRIVACY","Jiangsu","REDACTED FOR PRIVACY","China","","REDACTED FOR PRIVACY","REDACTED FOR PRIVACY","","","","","","","","","","","","","","","","","","","","","","","","","","","","","","","","","","","clientTransferProhibited","","",""
"41","pheno.wang","2020-05-08 22:38:31","2020-05-02","2020-05-06","2021-05-02","1697","DNSPod, Inc.","whois.dnspod.com","http:// www.dnspod.cn","Wang Liang Ju","Wang Liang Ju","","","he nan sheng","","United Kingdom","","","","","","","","","","","","","","","","","","","","","","","","","","","","","","","","","","f1g1ns1.dnspod.net","f1g1ns2.dnspod.net","","","OK","","",""
"42","phillipandchristine.biz","2020-05-08 08:38:22","2020-05-02","2020-05-07","2021-05-02","895","Google, Inc.","whois.rrpproxy.net","http://www.google.com","Contact Privacy Inc. Customer 1247107494","Contact Privacy Inc. Customer 1247107494","","","ON","","Canada","","","","","","","","","","","","","","","","","","","","","","","","","","","","","","","","","","ns-cloud-b1.googledomains.com","ns-cloud-b2.googledomains.com","ns-cloud-b3.googledomains.com","ns-cloud-b4.googledomains.com","clientTransferProhibited","","",""
"43","philoxenia.biz","2020-05-08 08:38:20","2020-05-02","2020-05-07","2021-05-02","303","PDR Ltd. d/b/a PublicDomainRegistry.com","whois.publicdomainregistry.com","http://www.publicdomainregistry.com","","","","","Sylhet","","Bangladesh","","","","","","","","","","","","","","","","","","","","","","","","","","","","","","","","","","dns1.rangpursource.com","dns2.rangpursource.com","","","clientTransferProhibited","","",""
"44","qzy.red","2020-05-08 23:16:42","2020-05-02","2020-05-06","2021-05-02","1599","Alibaba Cloud Computing Ltd. d/b/a HiChina (www.net.cn)","http://whois.hichina.com/","http://www.net.cn","??????????????????","??????????????????","","","??","","China","","","","","","","","","","","","","","","","","","","","","","","","","","","","","","","","","","dns10.hichina.com","dns9.hichina.com","","","serverTransferProhibited","","",""
"45","rescom.biz","2020-05-08 07:40:05","2020-05-02","2020-05-07","2021-05-02","303","PDR Ltd. d/b/a PublicDomainRegistry.com","whois.publicdomainregistry.com","http://www.publicdomainregistry.com","","","","","Selangor","","Malaysia","","","","","","","","","","","","","","","","","","","","","","","","","","","","","","","","","","ns1.dns-parking.com","ns2.dns-parking.com","","","clientTransferProhibited","","",""
"46","ryanfornevada.biz","2020-05-08 07:20:21","2020-05-02","2020-05-07","2021-05-02","146","GoDaddy.com, LLC","whois.godaddy.com","http://registrar.godaddy.com","Domains By Proxy, LLC","Domains By Proxy, LLC","","","Arizona","","United States","","","","","","","","","","","","","","","","","","","","","","","","","","","","","","","","","","ns17.domaincontrol.com","ns18.domaincontrol.com","","","clientDeleteProhibited","clientRenewProhibited","clientTransferProhibited","clientUpdateProhibited"
"47","ryanhampton.biz","2020-05-08 07:20:21","2020-05-02","2020-05-07","2021-05-02","146","GoDaddy.com, LLC","whois.godaddy.com","http://registrar.godaddy.com","Domains By Proxy, LLC","Domains By Proxy, LLC","","","Arizona","","United States","","","","","","","","","","","","","","","","","","","","","","","","","","","","","","","","","","ns17.domaincontrol.com","ns18.domaincontrol.com","","","clientDeleteProhibited","clientRenewProhibited","clientTransferProhibited","clientUpdateProhibited"
"48","scottishoctopus.com","2020-05-04 19:22:56","2020-05-02","2020-05-02","2022-05-02","1154","FastDomain Inc.","whois.fastdomain.com","http://www.fastdomain.com","DOMAIN PRIVACY SERVICE FBO REGISTRANT","THE ENDURANCE INTERNATIONAL GROUP, INC.","10 CORPORATE DR, STE 300","BURLINGTON","MASSACHUSETTS","01803","United States","whois@bluehost.com","+1.8017659400","","DOMAIN PRIVACY SERVICE FBO REGISTRANT","THE ENDURANCE INTERNATIONAL GROUP, INC.","10 CORPORATE DR, STE 300","BURLINGTON","MASSACHUSETTS","01803","United States","whois@bluehost.com","+1.8017659400","","DOMAIN PRIVACY SERVICE FBO REGISTRANT","THE ENDURANCE INTERNATIONAL GROUP, INC.","10 CORPORATE DR, STE 300","BURLINGTON","MASSACHUSETTS","01803","United States","whois@bluehost.com","+1.8017659400","","","","","","","","","","","","ns1.bluehost.com","ns2.bluehost.com","","","clientTransferProhibited","","",""
"49","semintel.net","2020-05-09 00:32:39","2020-05-02","2020-05-02","2025-05-02","1915","West263 International Limited","whois.hkdns.hk","http://www.hkdns.hk","REDACTED FOR PRIVACY","REDACTED FOR PRIVACY","REDACTED FOR PRIVACY","Chengdu","Sichuan","REDACTED FOR PRIVACY","China","","REDACTED FOR PRIVACY","REDACTED FOR PRIVACY","REDACTED FOR PRIVACY","REDACTED FOR PRIVACY","REDACTED FOR PRIVACY","Chengdu","Sichuan","REDACTED FOR PRIVACY","China","","REDACTED FOR PRIVACY","REDACTED FOR PRIVACY","REDACTED FOR PRIVACY","REDACTED FOR PRIVACY","REDACTED FOR PRIVACY","Chengdu","Sichuan","REDACTED FOR PRIVACY","China","","REDACTED FOR PRIVACY","REDACTED FOR PRIVACY","","","","","","","","","","","ns3.myhostadmin.net","ns4.myhostadmin.net","","","OK","","",""
"50","shopbestcut.biz","2020-05-08 06:48:05","2020-05-02","2020-05-07","2021-05-02","146","GoDaddy.com, LLC","whois.godaddy.com","http://registrar.godaddy.com","","","","","New York","","United States","","","","","","","","","","","","","","","","","","","","","","","","","","","","","","","","","","ns35.domaincontrol.com","ns36.domaincontrol.com","","","clientDeleteProhibited","clientRenewProhibited","clientTransferProhibited","clientUpdateProhibited"
"51","skinquiz.biz","2020-05-08 06:38:43","2020-05-02","2020-05-07","2021-05-02","146","GoDaddy.com, LLC","whois.godaddy.com","http://registrar.godaddy.com","Domains By Proxy, LLC","Domains By Proxy, LLC","","","Arizona","","United States","","","","","","","","","","","","","","","","","","","","","","","","","","","","","","","","","","ns25.domaincontrol.com","ns26.domaincontrol.com","","","clientDeleteProhibited","clientRenewProhibited","clientTransferProhibited","clientUpdateProhibited"
"52","skyon.biz","2020-05-08 06:38:33","2020-05-02","2020-05-07","2021-05-02","440","Wild West Domains, LLC","whois.wildwestdomains.com","http://www.wildwestdomains.com","","","","","Ontario","","Canada","","","","","","","","","","","","","","","","","","","","","","","","","","","","","","","","","","ns37.domaincontrol.com","ns38.domaincontrol.com","","","clientDeleteProhibited","clientRenewProhibited","clientTransferProhibited","clientUpdateProhibited"
"53","sppdxne.biz","2020-05-08 06:02:32","2020-05-02","2020-05-07","2021-05-02","49","GMO Internet Inc.","whois.discount-domain.com","http://www.onamae.com","Create,LLC","Create,LLC","","","Chiba","","Japan","","","","","","","","","","","","","","","","","","","","","","","","","","","","","","","","","","ns1.pom-g01.net","ns2.pom-g01.net","","","OK","","",""
"54","stillman.biz","2020-05-08 05:26:34","2020-05-02","2020-05-07","2021-05-02","440","Wild West Domains, LLC","whois.wildwestdomains.com","http://www.wildwestdomains.com","","","","","Wisconsin","","United States","","","","","","","","","","","","","","","","","","","","","","","","","","","","","","","","","","ns1.bdm.microsoftonline.com","ns2.bdm.microsoftonline.com","","","clientDeleteProhibited","clientRenewProhibited","clientTransferProhibited","clientUpdateProhibited"
"55","stitches.biz","2020-05-08 05:26:09","2020-05-02","2020-05-07","2022-05-02","146","GoDaddy.com, LLC","whois.godaddy.com","http://registrar.godaddy.com","","","","","South Dakota","","United States","","","","","","","","","","","","","","","","","","","","","","","","","","","","","","","","","","ns17.domaincontrol.com","ns18.domaincontrol.com","","","clientDeleteProhibited","clientRenewProhibited","clientTransferProhibited","clientUpdateProhibited"
"56","suvotek.biz","2020-05-08 04:50:28","2020-05-02","2020-05-07","2021-05-02","146","GoDaddy.com, LLC","whois.godaddy.com","http://registrar.godaddy.com","Domains By Proxy, LLC","Domains By Proxy, LLC","","","Arizona","","United States","","","","","","","","","","","","","","","","","","","","","","","","","","","","","","","","","","ns37.domaincontrol.com","ns38.domaincontrol.com","","","clientDeleteProhibited","clientRenewProhibited","clientTransferProhibited","clientUpdateProhibited"
"57","thenextmobile.biz","2020-05-08 03:28:34","2020-05-02","2020-05-07","2021-05-02","49","GMO Internet Inc.","whois.discount-domain.com","http://www.onamae.com","Whois Privacy Protection Service by onamae.com","Whois Privacy Protection Service by onamae.com","","","Tokyo","","Japan","","","","","","","","","","","","","","","","","","","","","","","","","","","","","","","","","","ns-a1.cloud.z.com","ns-a3.cloud.z.com","ns-a4.cloud.z.com","","OK","","",""
"58","theodoremiddleton.biz","2020-05-08 03:28:20","2020-05-02","2020-05-07","2021-05-02","146","GoDaddy.com, LLC","whois.godaddy.com","http://registrar.godaddy.com","","","","","Maryland","","United States","","","","","","","","","","","","","","","","","","","","","","","","","","","","","","","","","","ns21.domaincontrol.com","ns22.domaincontrol.com","","","clientDeleteProhibited","clientRenewProhibited","clientTransferProhibited","clientUpdateProhibited"
"59","thescottishoctopus.com","2020-05-04 19:58:14","2020-05-02","2020-05-02","2022-05-02","1154","FastDomain Inc.","whois.fastdomain.com","http://www.fastdomain.com","DOMAIN PRIVACY SERVICE FBO REGISTRANT","THE ENDURANCE INTERNATIONAL GROUP, INC.","10 CORPORATE DR, STE 300","BURLINGTON","MASSACHUSETTS","01803","United States","whois@bluehost.com","+1.8017659400","","DOMAIN PRIVACY SERVICE FBO REGISTRANT","THE ENDURANCE INTERNATIONAL GROUP, INC.","10 CORPORATE DR, STE 300","BURLINGTON","MASSACHUSETTS","01803","United States","whois@bluehost.com","+1.8017659400","","DOMAIN PRIVACY SERVICE FBO REGISTRANT","THE ENDURANCE INTERNATIONAL GROUP, INC.","10 CORPORATE DR, STE 300","BURLINGTON","MASSACHUSETTS","01803","United States","whois@bluehost.com","+1.8017659400","","","","","","","","","","","","ns1.bluehost.com","ns2.bluehost.com","","","clientTransferProhibited","","",""
"60","tiken.biz","2020-05-08 03:10:17","2020-05-02","2020-05-07","2021-05-02","49","GMO Internet Inc.","whois.discount-domain.com","http://www.onamae.com","Whois Privacy Protection Service by onamae.com","Whois Privacy Protection Service by onamae.com","","","Tokyo","","Japan","","","","","","","","","","","","","","","","","","","","","","","","","","","","","","","","","","ns1.xserver.jp","ns2.xserver.jp","ns3.xserver.jp","ns4.xserver.jp","OK","","",""
"61","tilleygroup.biz","2020-05-08 03:10:13","2020-05-02","2020-05-07","2021-05-02","48","eNom, Inc.","whois.enom.com","http://www.enom.com","Data Protected","Data Protected","","","WA","","United States","","","","","","","","","","","","","","","","","","","","","","","","","","","","","","","","","","ns.123naahomeprotection.com","ns1.123naahomeprotection.com","","","clientTransferProhibited","","",""
"62","trans.center","2020-05-08 18:59:13","2020-05-02","2020-05-08","2021-05-02","1366","Xiamen ChinaSource Internet Service Co., Ltd.","whois.cnolnic.com","http://www.zzy.cn","REDACTED FOR PRIVACY","Caofeng","REDACTED FOR PRIVACY","REDACTED FOR PRIVACY","Others","REDACTED FOR PRIVACY","China","","REDACTED FOR PRIVACY","REDACTED FOR PRIVACY","","","","","","","","","","","","","","","","","","","","","","","","","","","","","","","","","","","clientTransferProhibited","","",""
"63","virtu.life","2020-05-09 00:39:54","2020-05-02","2020-05-07","2021-05-02","1366","Xiamen ChinaSource Internet Service Co., Ltd.","whois.cnolnic.com","http://www.zzy.cn","REDACTED FOR PRIVACY","Caofeng","REDACTED FOR PRIVACY","REDACTED FOR PRIVACY","Others","REDACTED FOR PRIVACY","China","","REDACTED FOR PRIVACY","REDACTED FOR PRIVACY","","","","","","","","","","","","","","","","","","","","","","","","","","","","","","","","","","","clientTransferProhibited","","",""
"64","xajmsj.com","2020-05-08 21:11:19","2020-05-02","2020-05-07","2021-05-02","471","Bizcn.com, Inc.","whois.bizcn.com","http://www.bizcn.com","","","","","Shanxi","","China","","","","","","","","","","","","","","","","","","","","","","","","","","","","","","","","","","ns1.bdydns.cn","ns2.bdydns.cn","","","clientDeleteProhibited","clientTransferProhibited","",""
"65","xemdhep.biz","2020-05-08 18:49:01","2020-05-02","2020-05-07","2021-05-02","49","GMO Internet Inc.","whois.discount-domain.com","http://www.onamae.com","Create,LLC","Create,LLC","","","Chiba","","Japan","","","","","","","","","","","","","","","","","","","","","","","","","","","","","","","","","","ns1.pom-g01.net","ns2.pom-g01.net","","","OK","","",""
"66","zfyebp.biz","2020-05-09 01:05:38","2020-05-02","2020-05-07","2021-05-02","49","GMO Internet Inc.","whois.discount-domain.com","http://www.onamae.com","Create,LLC","Create,LLC","","","Chiba","","Japan","","","","","","","","","","","","","","","","","","","","","","","","","","","","","","","","","","ns124-02.ace02-gm.net","ns124.ace02-gm.net","","","OK","","",""