"num","domain_name","query_time","create_date","update_date","expiry_date","domain_registrar_id","domain_registrar_name","domain_registrar_whois","domain_registrar_url","registrant_name","registrant_company","registrant_address","registrant_city","registrant_state","registrant_zip","registrant_country","registrant_email","registrant_phone","registrant_fax","administrative_name","administrative_company","administrative_address","administrative_city","administrative_state","administrative_zip","administrative_country","administrative_email","administrative_phone","administrative_fax","technical_name","technical_company","technical_address","technical_city","technical_state","technical_zip","technical_country","technical_email","technical_phone","technical_fax","billing_name","billing_company","billing_address","billing_city","billing_state","billing_zip","billing_country","billing_email","billing_phone","billing_fax","name_server_1","name_server_2","name_server_3","name_server_4","domain_status_1","domain_status_2","domain_status_3","domain_status_4"
"1","51touzi.gold","2020-05-08 19:00:33","2020-04-29","2020-05-06","2021-04-29","1599","Alibaba Cloud Computing Ltd. d/b/a HiChina (www.net.cn)","http://whois.hichina.com/","http://www.net.cn","REDACTED FOR PRIVACY","zhang tie fei","REDACTED FOR PRIVACY","REDACTED FOR PRIVACY","zhe jiang","REDACTED FOR PRIVACY","China","","REDACTED FOR PRIVACY","REDACTED FOR PRIVACY","","","","","","","","","","","","","","","","","","","","","","","","","","","","","","","","","","","OK","","",""
"2","audevco.biz","2020-05-08 14:58:12","2020-04-29","2020-05-04","2021-04-29","146","GoDaddy.com, LLC","whois.godaddy.com","http://registrar.godaddy.com","Almat Urban","Almat Urban","","","New York","","United States","","","","","","","","","","","","","","","","","","","","","","","","","","","","","","","","","","ns69.domaincontrol.com","ns70.domaincontrol.com","","","clientDeleteProhibited","clientRenewProhibited","clientTransferProhibited","clientUpdateProhibited"
"3","bridge.poker","2020-05-08 23:16:56","2020-04-29","2020-05-07","2021-04-29","1697","DNSPod, Inc.","whois.dnspod.com","http:// www.dnspod.cn","???","???","","","shang hai shi","","China","","","","","","","","","","","","","","","","","","","","","","","","","","","","","","","","","","f1g1ns1.dnspod.net","f1g1ns2.dnspod.net","","","serverTransferProhibited","","",""
"4","cafetresgallos.com","2020-05-08 21:20:37","2020-04-29","2020-05-06","2021-04-29","1705","Network Information Center Mexico, S.C.","whois.inregistry.in","http://www.akky.mx","Diego Garcia","","Lomas 22 Puebla","Puebla","Puebla","72830","Mexico","shopifycafegallos@gmail.com","+52.2224297160","","Diego Garcia","","Lomas 22 Puebla","Puebla","Puebla","72830","Mexico","shopifycafegallos@gmail.com","+52.2224297160","","Diego Garcia","","Lomas 22 Puebla","Puebla","Puebla","72830","Mexico","shopifycafegallos@gmail.com","+52.2224297160","","","","","","","","","","","","dns1.servicios-nic.com.mx","dns2.servicios-nic.com.mx","dns3.servicios-nic.com.mx","","clientTransferProhibited","","",""
"5","cherdak.biz","2020-05-08 12:08:40","2020-04-29","2020-05-04","2021-04-29","2","Network Solutions, LLC","whois.networksolutions.com","http://networksolutions.com","","","","","UA-12","","Ukraine","","","","","","","","","","","","","","","","","","","","","","","","","","","","","","","","","","ns2.wixdns.net","ns3.wixdns.net","","","clientTransferProhibited","","",""
"6","cjgiftshop.biz","2020-05-08 12:08:39","2020-04-29","2020-05-04","2021-04-29","9","register.com, Inc.","whois.register.com","http://www.register.com","","","","","FL","","United States","","","","","","","","","","","","","","","","","","","","","","","","","","","","","","","","","","ns1.allgiftneeds.com","ns2.allgiftneeds.com","","","clientTransferProhibited","","",""
"7","classappliances.biz","2020-05-08 12:08:38","2020-04-29","2020-05-04","2021-04-29","2","Network Solutions, LLC","whois.networksolutions.com","http://networksolutions.com","Class Appliance Center","Class Appliance Center","","","FL","","United States","","","","","","","","","","","","","","","","","","","","","","","","","","","","","","","","","","ns61.worldnic.com","ns62.worldnic.com","","","clientTransferProhibited","","",""
"8","cluster-space.biz","2020-05-08 12:04:09","2020-04-29","2020-05-04","2021-04-29","1420","InterNetworX Ltd. & Co. KG","whois.domrobot.com","http://www.domrobot.com","DL Data Solutions","DL Data Solutions","","","","","Germany","","","","","","","","","","","","","","","","","","","","","","","","","","","","","","","","","","ns1.dldatasolutions.com","ns2.dldatasolutions.de","ns3.dldatasolutions.com","ns4.dldatasolutions.org","clientTransferProhibited","","",""
"9","clusterspace.biz","2020-05-08 12:04:09","2020-04-29","2020-05-04","2021-04-29","1420","InterNetworX Ltd. & Co. KG","whois.domrobot.com","http://www.domrobot.com","DL Data Solutions","DL Data Solutions","","","","","Germany","","","","","","","","","","","","","","","","","","","","","","","","","","","","","","","","","","ns1.dldatasolutions.com","ns2.dldatasolutions.de","ns3.dldatasolutions.com","ns4.dldatasolutions.org","clientTransferProhibited","","",""
"10","coder-web.biz","2020-05-08 12:04:09","2020-04-29","2020-05-04","2021-04-29","1861","Porkbun, LLC","whois.porkbun.com","http://porkbun.com","Private by Design, LLC","Private by Design, LLC","","","NC","","United States","","","","","","","","","","","","","","","","","","","","","","","","","","","","","","","","","","curitiba.porkbun.com","fortaleza.porkbun.com","maceio.porkbun.com","salvador.porkbun.com","clientDeleteProhibited","clientTransferProhibited","",""
"11","coding4u.biz","2020-05-08 12:04:09","2020-04-29","2020-05-04","2021-04-29","2","Network Solutions, LLC","whois.networksolutions.com","http://networksolutions.com","","","","","FL","","United States","","","","","","","","","","","","","","","","","","","","","","","","","","","","","","","","","","ns14.wixdns.net","ns15.wixdns.net","","","clientTransferProhibited","","",""
"12","coinoma.biz","2020-05-08 12:04:09","2020-04-29","2020-05-04","2021-04-29","1068","NameCheap, Inc.","whois.namecheap.com","http://www.namecheap.com","WhoisGuard, Inc.","WhoisGuard, Inc.","","","Panama","","Panama","","","","","","","","","","","","","","","","","","","","","","","","","","","","","","","","","","ns3.koddos.com","ns4.koddos.com","","","clientTransferProhibited","","",""
"13","dreamersinla.biz","2020-05-08 11:52:45","2020-04-29","2020-05-04","2021-04-29","146","GoDaddy.com, LLC","whois.godaddy.com","http://registrar.godaddy.com","Online Blogging","Online Blogging","","","California","","United States","","","","","","","","","","","","","","","","","","","","","","","","","","","","","","","","","","ns07.domaincontrol.com","ns08.domaincontrol.com","","","clientDeleteProhibited","clientRenewProhibited","clientTransferProhibited","clientUpdateProhibited"
"14","droneimages.biz","2020-05-08 11:52:46","2020-04-29","2020-05-04","2022-04-29","146","GoDaddy.com, LLC","whois.godaddy.com","http://registrar.godaddy.com","","","","","Renfrewshire","","United Kingdom","","","","","","","","","","","","","","","","","","","","","","","","","","","","","","","","","","ns11.domaincontrol.com","ns12.domaincontrol.com","","","clientDeleteProhibited","clientRenewProhibited","clientTransferProhibited","clientUpdateProhibited"
"15","ds-consultant.biz","2020-05-08 11:52:44","2020-04-29","2020-05-04","2021-04-29","141","Cronon AG","whois.cronon.net","http://www.cronon.net","","","","","","","Germany","","","","","","","","","","","","","","","","","","","","","","","","","","","","","","","","","","docks12.rzone.de","shades03.rzone.de","","","OK","","",""
"16","dstarts.biz","2020-05-08 11:52:43","2020-04-29","2020-05-04","2021-04-29","49","GMO Internet Inc.","whois.discount-domain.com","http://www.onamae.com","Whois Privacy Protection Service by onamae.com","Whois Privacy Protection Service by onamae.com","","","Tokyo","","Japan","","","","","","","","","","","","","","","","","","","","","","","","","","","","","","","","","","dns1.onamae.com","dns2.onamae.com","","","OK","","",""
"17","gocoronago.biz","2020-05-08 11:36:14","2020-04-29","2020-05-04","2021-04-29","2","Network Solutions, LLC","whois.networksolutions.com","http://networksolutions.com","kadiam","kadiam","","","IN-GA","","India","","","","","","","","","","","","","","","","","","","","","","","","","","","","","","","","","","ns2.wixdns.net","ns3.wixdns.net","","","clientTransferProhibited","","",""
"18","godairiki.biz","2020-05-08 11:36:14","2020-04-29","2020-05-04","2022-04-29","2","Network Solutions, LLC","whois.networksolutions.com","http://networksolutions.com","","","","","FL","","United States","","","","","","","","","","","","","","","","","","","","","","","","","","","","","","","","","","ns4.wixdns.net","ns5.wixdns.net","","","clientTransferProhibited","","",""
"19","goldcoastinvestments.biz","2020-05-08 11:36:13","2020-04-29","2020-05-04","2022-04-29","146","GoDaddy.com, LLC","whois.godaddy.com","http://registrar.godaddy.com","Domains By Proxy, LLC","Domains By Proxy, LLC","","","Arizona","","United States","","","","","","","","","","","","","","","","","","","","","","","","","","","","","","","","","","ns69.domaincontrol.com","ns70.domaincontrol.com","","","clientDeleteProhibited","clientRenewProhibited","clientTransferProhibited","clientUpdateProhibited"
"20","h2hmarketing.biz","2020-05-08 16:19:24","2020-04-29","2020-05-04","2021-04-29","2","Network Solutions, LLC","whois.networksolutions.com","http://networksolutions.com","","","","","FL","","United States","","","","","","","","","","","","","","","","","","","","","","","","","","","","","","","","","","ns2.wixdns.net","ns3.wixdns.net","","","clientTransferProhibited","","",""
"21","jscisoptlight.biz","2020-05-08 16:41:25","2020-04-29","2020-05-04","2021-04-29","1495","BigRock Solutions Ltd.","whois.bigrock.com","http://www.bigrock.com","","","","","Other","","India","","","","","","","","","","","","","","","","","","","","","","","","","","","","","","","","","","ns1.sajarticlehub.biz","ns2.sajarticlehub.biz","","","clientTransferProhibited","","",""
"22","jsdeyang.com","2020-05-08 19:18:57","2020-04-29","2020-04-29","2023-04-29","1915","West263 International Limited","whois.hkdns.hk","http://www.hkdns.hk","REDACTED FOR PRIVACY","REDACTED FOR PRIVACY","REDACTED FOR PRIVACY","Chengdu","Sichuan","REDACTED FOR PRIVACY","China","","REDACTED FOR PRIVACY","REDACTED FOR PRIVACY","REDACTED FOR PRIVACY","REDACTED FOR PRIVACY","REDACTED FOR PRIVACY","Chengdu","Sichuan","REDACTED FOR PRIVACY","China","","REDACTED FOR PRIVACY","REDACTED FOR PRIVACY","REDACTED FOR PRIVACY","REDACTED FOR PRIVACY","REDACTED FOR PRIVACY","Chengdu","Sichuan","REDACTED FOR PRIVACY","China","","REDACTED FOR PRIVACY","REDACTED FOR PRIVACY","","","","","","","","","","","ns5.myhostadmin.net","ns6.myhostadmin.net","","","OK","","",""
"23","launchlist.biz","2020-05-08 11:18:17","2020-04-29","2020-05-04","2021-04-29","146","GoDaddy.com, LLC","whois.godaddy.com","http://registrar.godaddy.com","Domains By Proxy, LLC","Domains By Proxy, LLC","","","Arizona","","United States","","","","","","","","","","","","","","","","","","","","","","","","","","","","","","","","","","ns33.domaincontrol.com","ns34.domaincontrol.com","","","clientDeleteProhibited","clientRenewProhibited","clientTransferProhibited","clientUpdateProhibited"
"24","lesmiraclesdejack.biz","2020-05-08 11:18:14","2020-04-29","2020-05-04","2021-04-29","433","OVH sas","whois.ovh.com","http://www.ovh.com","","","","","","","Belgium","","","","","","","","","","","","","","","","","","","","","","","","","","","","","","","","","","dns110.ovh.net","ns110.ovh.net","","","clientDeleteProhibited","clientTransferProhibited","",""
"25","letobiotech.biz","2020-05-08 11:18:12","2020-04-29","2020-05-04","2021-04-29","146","GoDaddy.com, LLC","whois.godaddy.com","http://registrar.godaddy.com","","","","","California","","United States","","","","","","","","","","","","","","","","","","","","","","","","","","","","","","","","","","ns09.domaincontrol.com","ns10.domaincontrol.com","","","clientDeleteProhibited","clientRenewProhibited","clientTransferProhibited","clientUpdateProhibited"
"26","ptcloud.biz","2020-05-08 08:02:04","2020-04-29","2020-05-04","2021-04-29","69","Tucows Domains Inc.","whois.tucows.com","http://domainhelp.opensrs.net","Data Protected","Data Protected","","","ON","","Canada","","","","","","","","","","","","","","","","","","","","","","","","","","","","","","","","","","ns1.dns-h.com","ns1.host-h.net","ns2.dns-h.com","ns2.host-h.net","clientTransferProhibited","clientUpdateProhibited","",""
"27","ptmeet.biz","2020-05-08 08:02:03","2020-04-29","2020-05-04","2021-04-29","69","Tucows Domains Inc.","whois.tucows.com","http://domainhelp.opensrs.net","Data Protected","Data Protected","","","ON","","Canada","","","","","","","","","","","","","","","","","","","","","","","","","","","","","","","","","","ns1.dns-h.com","ns1.host-h.net","ns2.dns-h.com","ns2.host-h.net","clientTransferProhibited","clientUpdateProhibited","",""
"28","r-n-e.com","2020-05-08 19:25:57","2020-04-29","2020-04-29","2021-04-29","3824","Cloud Yuqu LLC","","","REDACTED FOR PRIVACY","REDACTED FOR PRIVACY","REDACTED FOR PRIVACY","Chengdu","Sichuan","REDACTED FOR PRIVACY","China","","REDACTED FOR PRIVACY","REDACTED FOR PRIVACY","REDACTED FOR PRIVACY","REDACTED FOR PRIVACY","REDACTED FOR PRIVACY","Chengdu","Sichuan","REDACTED FOR PRIVACY","China","","REDACTED FOR PRIVACY","REDACTED FOR PRIVACY","REDACTED FOR PRIVACY","REDACTED FOR PRIVACY","REDACTED FOR PRIVACY","Chengdu","Sichuan","REDACTED FOR PRIVACY","China","","REDACTED FOR PRIVACY","REDACTED FOR PRIVACY","","","","","","","","","","","ns1.myhostadmin.net","ns2.myhostadmin.net","","","OK","","",""
"29","resacademy.biz","2020-05-08 07:40:07","2020-04-29","2020-05-04","2021-04-29","1495","BigRock Solutions Ltd.","whois.bigrock.com","http://www.bigrock.com","","","","","Andhra Pradesh","","India","","","","","","","","","","","","","","","","","","","","","","","","","","","","","","","","","","ns1.apjournalopenaccess.biz","ns2.apjournalopenaccess.biz","","","clientTransferProhibited","","",""
"30","researchexpose.biz","2020-05-08 07:40:03","2020-04-29","2020-05-04","2021-04-29","1495","BigRock Solutions Ltd.","whois.bigrock.com","http://www.bigrock.com","","","","","Other","","India","","","","","","","","","","","","","","","","","","","","","","","","","","","","","","","","","","ns1.sajarticlehub.biz","ns2.sajarticlehub.biz","","","clientTransferProhibited","","",""
"31","researchfact.biz","2020-05-08 07:40:03","2020-04-29","2020-05-04","2021-04-29","1495","BigRock Solutions Ltd.","whois.bigrock.com","http://www.bigrock.com","","","","","Other","","India","","","","","","","","","","","","","","","","","","","","","","","","","","","","","","","","","","ns1.sajarticlehub.biz","ns2.sajarticlehub.biz","","","clientTransferProhibited","","",""
"32","researchgrab.biz","2020-05-08 07:40:03","2020-04-29","2020-05-04","2021-04-29","1495","BigRock Solutions Ltd.","whois.bigrock.com","http://www.bigrock.com","","","","","Andhra Pradesh","","India","","","","","","","","","","","","","","","","","","","","","","","","","","","","","","","","","","ns1.sajsciexpose.biz","ns2.sajsciexpose.biz","","","clientTransferProhibited","","",""
"33","sabakaran.biz","2020-05-08 07:20:16","2020-04-29","2020-05-04","2021-04-29","1861","Porkbun, LLC","whois.porkbun.com","http://porkbun.com","Private by Design, LLC","Private by Design, LLC","","","NC","","United States","","","","","","","","","","","","","","","","","","","","","","","","","","","","","","","","","","curitiba.porkbun.com","fortaleza.porkbun.com","maceio.porkbun.com","salvador.porkbun.com","clientDeleteProhibited","clientTransferProhibited","",""
"34","sajadvanceres.biz","2020-05-08 07:16:16","2020-04-29","2020-05-04","2021-04-29","1495","BigRock Solutions Ltd.","whois.bigrock.com","http://www.bigrock.com","","","","","Andhra Pradesh","","India","","","","","","","","","","","","","","","","","","","","","","","","","","","","","","","","","","ns1.sajsciexpose.biz","ns2.sajsciexpose.biz","","","clientTransferProhibited","","",""
"35","sajarticlehub.biz","2020-05-08 07:16:16","2020-04-29","2020-05-04","2021-04-29","1495","BigRock Solutions Ltd.","whois.bigrock.com","http://www.bigrock.com","","","","","Andhra Pradesh","","India","","","","","","","","","","","","","","","","","","","","","","","","","","","","","","","","","","ns1.sajarticlehub.biz","ns2.sajarticlehub.biz","","","clientTransferProhibited","","",""
"36","sajauthorship.biz","2020-05-08 07:16:16","2020-04-29","2020-05-04","2021-04-29","1495","BigRock Solutions Ltd.","whois.bigrock.com","http://www.bigrock.com","","","","","Andhra Pradesh","","India","","","","","","","","","","","","","","","","","","","","","","","","","","","","","","","","","","ns1.sajscholarscript.biz","ns2.sajscholarscript.biz","","","clientTransferProhibited","","",""
"37","sajdiscoverres.biz","2020-05-08 07:16:16","2020-04-29","2020-05-04","2021-04-29","1495","BigRock Solutions Ltd.","whois.bigrock.com","http://www.bigrock.com","","","","","Other","","India","","","","","","","","","","","","","","","","","","","","","","","","","","","","","","","","","","ns1.sajscischolar.biz","ns2.sajscischolar.biz","","","clientTransferProhibited","","",""
"38","sajfreeaccess.biz","2020-05-08 07:16:21","2020-04-29","2020-05-04","2021-04-29","1495","BigRock Solutions Ltd.","whois.bigrock.com","http://www.bigrock.com","","","","","Andhra Pradesh","","India","","","","","","","","","","","","","","","","","","","","","","","","","","","","","","","","","","ns1.sajscholarscript.biz","ns2.sajscholarscript.biz","","","clientTransferProhibited","","",""
"39","sajglobalscholar.biz","2020-05-08 07:16:16","2020-04-29","2020-05-04","2021-04-29","1495","BigRock Solutions Ltd.","whois.bigrock.com","http://www.bigrock.com","","","","","Andhra Pradesh","","India","","","","","","","","","","","","","","","","","","","","","","","","","","","","","","","","","","ns1.sajscholarscript.biz","ns2.sajscholarscript.biz","","","clientTransferProhibited","","",""
"40","sajopensource.biz","2020-05-08 07:16:15","2020-04-29","2020-05-04","2021-04-29","1495","BigRock Solutions Ltd.","whois.bigrock.com","http://www.bigrock.com","","","","","Andhra Pradesh","","India","","","","","","","","","","","","","","","","","","","","","","","","","","","","","","","","","","ns1.sajsciexpose.biz","ns2.sajsciexpose.biz","","","clientTransferProhibited","","",""
"41","sajrescind.biz","2020-05-08 07:16:16","2020-04-29","2020-05-04","2021-04-29","1495","BigRock Solutions Ltd.","whois.bigrock.com","http://www.bigrock.com","","","","","Other","","India","","","","","","","","","","","","","","","","","","","","","","","","","","","","","","","","","","ns1.sajscischolar.biz","ns2.sajscischolar.biz","","","clientTransferProhibited","","",""
"42","sajresexperts.biz","2020-05-08 07:16:16","2020-04-29","2020-05-04","2021-04-29","1495","BigRock Solutions Ltd.","whois.bigrock.com","http://www.bigrock.com","","","","","Andhra Pradesh","","India","","","","","","","","","","","","","","","","","","","","","","","","","","","","","","","","","","ns1.sajsciexpose.biz","ns2.sajsciexpose.biz","","","clientTransferProhibited","","",""
"43","sajresimpact.biz","2020-05-08 07:16:17","2020-04-29","2020-05-04","2021-04-29","1495","BigRock Solutions Ltd.","whois.bigrock.com","http://www.bigrock.com","","","","","Andhra Pradesh","","India","","","","","","","","","","","","","","","","","","","","","","","","","","","","","","","","","","ns1.sajsciexpose.biz","ns2.sajsciexpose.biz","","","clientTransferProhibited","","",""
"44","sajresinspect.biz","2020-05-08 07:16:15","2020-04-29","2020-05-04","2021-04-29","1495","BigRock Solutions Ltd.","whois.bigrock.com","http://www.bigrock.com","","","","","Andhra Pradesh","","India","","","","","","","","","","","","","","","","","","","","","","","","","","","","","","","","","","ns1.sajsciexpose.biz","ns2.sajsciexpose.biz","","","clientTransferProhibited","","",""
"45","sajscholarscript.biz","2020-05-08 07:16:15","2020-04-29","2020-05-04","2021-04-29","1495","BigRock Solutions Ltd.","whois.bigrock.com","http://www.bigrock.com","","","","","Andhra Pradesh","","India","","","","","","","","","","","","","","","","","","","","","","","","","","","","","","","","","","ns1.sajscholarscript.biz","ns2.sajscholarscript.biz","","","clientTransferProhibited","","",""
"46","sajsciadvent.biz","2020-05-08 07:16:15","2020-04-29","2020-05-04","2021-04-29","1495","BigRock Solutions Ltd.","whois.bigrock.com","http://www.bigrock.com","","","","","Other","","India","","","","","","","","","","","","","","","","","","","","","","","","","","","","","","","","","","ns1.sajscischolar.biz","ns2.sajscischolar.biz","","","clientTransferProhibited","","",""
"47","sajsciexpose.biz","2020-05-08 07:16:16","2020-04-29","2020-05-04","2021-04-29","1495","BigRock Solutions Ltd.","whois.bigrock.com","http://www.bigrock.com","","","","","Andhra Pradesh","","India","","","","","","","","","","","","","","","","","","","","","","","","","","","","","","","","","","ns1.sajsciexpose.biz","ns2.sajsciexpose.biz","","","clientTransferProhibited","","",""
"48","sajscifieldjrnl.biz","2020-05-08 07:16:16","2020-04-29","2020-05-04","2021-04-29","1495","BigRock Solutions Ltd.","whois.bigrock.com","http://www.bigrock.com","","","","","Other","","India","","","","","","","","","","","","","","","","","","","","","","","","","","","","","","","","","","ns1.sajscischolar.biz","ns2.sajscischolar.biz","","","clientTransferProhibited","","",""
"49","sonsofthesoil.biz","2020-05-08 18:08:10","2020-04-29","2020-05-04","2022-04-29","146","GoDaddy.com, LLC","whois.godaddy.com","http://registrar.godaddy.com","","","","","Renfrewshire","","United Kingdom","","","","","","","","","","","","","","","","","","","","","","","","","","","","","","","","","","ns69.domaincontrol.com","ns70.domaincontrol.com","","","clientDeleteProhibited","clientRenewProhibited","clientTransferProhibited","clientUpdateProhibited"
"50","soulslikeus.biz","2020-05-08 06:20:47","2020-04-29","2020-05-04","2021-04-29","269","Key-Systems GmbH","whois.rrpproxy.net","http://www.key-systems.net","HypnoFit","HypnoFit","","","Victoria","","Australia","","","","","","","","","","","","","","","","","","","","","","","","","","","","","","","","","","ns1.cheaperdomains.com.au","ns2.cheaperdomains.com.au","","","OK","","",""
"51","stickcraft.biz","2020-05-08 05:29:52","2020-04-29","2020-05-04","2021-04-29","895","Google, Inc.","whois.rrpproxy.net","http://www.google.com","Contact Privacy Inc. Customer 1247076440","Contact Privacy Inc. Customer 1247076440","","","ON","","Canada","","","","","","","","","","","","","","","","","","","","","","","","","","","","","","","","","","ns-cloud-c1.googledomains.com","ns-cloud-c2.googledomains.com","ns-cloud-c3.googledomains.com","ns-cloud-c4.googledomains.com","clientTransferProhibited","","",""
"52","studentloananalyzer.biz","2020-05-08 05:10:38","2020-04-29","2020-05-04","2021-04-29","146","GoDaddy.com, LLC","whois.godaddy.com","http://registrar.godaddy.com","UPSELLNATION.COM, INC","UPSELLNATION.COM, INC","","","New York","","United States","","","","","","","","","","","","","","","","","","","","","","","","","","","","","","","","","","ns01.cashparking.com","ns02.cashparking.com","","","clientDeleteProhibited","clientRenewProhibited","clientTransferProhibited","clientUpdateProhibited"
"53","supportlocalidaho.biz","2020-05-08 04:50:39","2020-04-29","2020-05-04","2021-04-29","146","GoDaddy.com, LLC","whois.godaddy.com","http://registrar.godaddy.com","","","","","Idaho","","United States","","","","","","","","","","","","","","","","","","","","","","","","","","","","","","","","","","ns09.domaincontrol.com","ns10.domaincontrol.com","","","clientDeleteProhibited","clientRenewProhibited","clientTransferProhibited","clientUpdateProhibited"
"54","treslecheria.com","2020-05-08 23:37:28","2020-04-29","2020-04-29","2021-04-29","3817","Wix.com Ltd.","","","","","","","","","","","","","","","","","","","","","","","","","","","","","","","","","","","","","","","","","","","ns6.wixdns.net","ns7.wixdns.net","","","clientTransferProhibited","clientUpdateProhibited","",""
"55","uacoin.biz","2020-05-08 02:22:51","2020-04-29","2020-05-04","2022-04-29","146","GoDaddy.com, LLC","whois.godaddy.com","http://registrar.godaddy.com","","","","","Singapore","","Singapore","","","","","","","","","","","","","","","","","","","","","","","","","","","","","","","","","","ns11.domaincontrol.com","ns12.domaincontrol.com","","","clientDeleteProhibited","clientRenewProhibited","clientTransferProhibited","clientUpdateProhibited"
"56","umdtech.ltd","2020-05-09 00:34:31","2020-04-29","2020-05-07","2025-04-29","1599","Alibaba Cloud Computing Ltd. d/b/a HiChina (www.net.cn)","http://whois.hichina.com/","http://www.net.cn","REDACTED FOR PRIVACY","da lian you mei de ke ji you xian gong si","REDACTED FOR PRIVACY","REDACTED FOR PRIVACY","liao ning","REDACTED FOR PRIVACY","China","","REDACTED FOR PRIVACY","REDACTED FOR PRIVACY","","","","","","","","","","","","","","","","","","","","","","","","","","","","","","","","","","","OK","","",""
"57","wybgjjzl.com","2020-05-08 20:46:06","2020-04-29","2020-04-29","2021-04-29","1915","West263 International Limited","whois.hkdns.hk","http://www.hkdns.hk","REDACTED FOR PRIVACY","REDACTED FOR PRIVACY","REDACTED FOR PRIVACY","Chengdu","Sichuan","REDACTED FOR PRIVACY","China","","REDACTED FOR PRIVACY","REDACTED FOR PRIVACY","REDACTED FOR PRIVACY","REDACTED FOR PRIVACY","REDACTED FOR PRIVACY","Chengdu","Sichuan","REDACTED FOR PRIVACY","China","","REDACTED FOR PRIVACY","REDACTED FOR PRIVACY","REDACTED FOR PRIVACY","REDACTED FOR PRIVACY","REDACTED FOR PRIVACY","Chengdu","Sichuan","REDACTED FOR PRIVACY","China","","REDACTED FOR PRIVACY","REDACTED FOR PRIVACY","","","","","","","","","","","ns3.myhostadmin.net","ns4.myhostadmin.net","","","OK","","",""
"58","xcjq.net","2020-05-09 00:22:51","2020-04-29","2020-04-29","2025-04-29","120","Xin Net Technology Corporation","whois.paycenter.com.cn","http://www.xinnet.com","REDACTED FOR PRIVACY","REDACTED FOR PRIVACY","REDACTED FOR PRIVACY","REDACTED FOR PRIVACY","REDACTED FOR PRIVACY","REDACTED FOR PRIVACY","REDACTED FOR PRIVACY","","REDACTED FOR PRIVACY","REDACTED FOR PRIVACY","REDACTED FOR PRIVACY","REDACTED FOR PRIVACY","REDACTED FOR PRIVACY","REDACTED FOR PRIVACY","REDACTED FOR PRIVACY","REDACTED FOR PRIVACY","REDACTED FOR PRIVACY","","REDACTED FOR PRIVACY","REDACTED FOR PRIVACY","REDACTED FOR PRIVACY","REDACTED FOR PRIVACY","REDACTED FOR PRIVACY","REDACTED FOR PRIVACY","REDACTED FOR PRIVACY","","REDACTED FOR PRIVACY","","REDACTED FOR PRIVACY","REDACTED FOR PRIVACY","","","","","","","","","","","ns11.xincache.com","ns12.xincache.com","","","","","",""
"59","xn--wbsy6nkt4ayfv7ga6t.com","2020-05-08 19:25:36","2020-04-29","2020-05-07","2021-04-29","471","Bizcn.com, Inc.","whois.bizcn.com","http://www.bizcn.com","","","","","Sichuan","","China","","","","","","","","","","","","","","","","","","","","","","","","","","","","","","","","","","ns7.cnmsn.net","ns8.cnmsn.net","","","OK","","",""
"60","yndongsen.com","2020-05-08 20:58:49","2020-04-29","2020-04-29","2021-04-29","1915","West263 International Limited","whois.hkdns.hk","http://www.hkdns.hk","REDACTED FOR PRIVACY","REDACTED FOR PRIVACY","REDACTED FOR PRIVACY","Chengdu","Sichuan","REDACTED FOR PRIVACY","China","","REDACTED FOR PRIVACY","REDACTED FOR PRIVACY","REDACTED FOR PRIVACY","REDACTED FOR PRIVACY","REDACTED FOR PRIVACY","Chengdu","Sichuan","REDACTED FOR PRIVACY","China","","REDACTED FOR PRIVACY","REDACTED FOR PRIVACY","REDACTED FOR PRIVACY","REDACTED FOR PRIVACY","REDACTED FOR PRIVACY","Chengdu","Sichuan","REDACTED FOR PRIVACY","China","","REDACTED FOR PRIVACY","REDACTED FOR PRIVACY","","","","","","","","","","","ns1.myhostadmin.net","ns2.myhostadmin.net","","","OK","","",""