"num","domain_name","query_time","create_date","update_date","expiry_date","domain_registrar_id","domain_registrar_name","domain_registrar_whois","domain_registrar_url","registrant_name","registrant_company","registrant_address","registrant_city","registrant_state","registrant_zip","registrant_country","registrant_email","registrant_phone","registrant_fax","administrative_name","administrative_company","administrative_address","administrative_city","administrative_state","administrative_zip","administrative_country","administrative_email","administrative_phone","administrative_fax","technical_name","technical_company","technical_address","technical_city","technical_state","technical_zip","technical_country","technical_email","technical_phone","technical_fax","billing_name","billing_company","billing_address","billing_city","billing_state","billing_zip","billing_country","billing_email","billing_phone","billing_fax","name_server_1","name_server_2","name_server_3","name_server_4","domain_status_1","domain_status_2","domain_status_3","domain_status_4"
"1","ai-automation.biz","2020-05-06 14:47:14","2020-05-02","2020-05-02","2022-05-02","146","GoDaddy.com, LLC","whois.godaddy.com","http://registrar.godaddy.com","Domains By Proxy, LLC","Domains By Proxy, LLC","","","Arizona","","United States","","","","","","","","","","","","","","","","","","","","","","","","","","","","","","","","","","ns43.domaincontrol.com","ns44.domaincontrol.com","","","addPeriod","clientDeleteProhibited","clientRenewProhibited","clientTransferProhibited"
"2","alter.pro","2020-05-06 19:10:17","2020-05-02","2020-05-05","2021-05-02","1366","Xiamen ChinaSource Internet Service Co., Ltd.","whois.cnolnic.com","http://www.zzy.cn","???","???","","","??","","China","","","","","","","","","","","","","","","","","","","","","","","","","","","","","","","","","","ns1.cnolnic.net","ns2.cnolnic.net","","","addPeriod","clientTransferProhibited","serverTransferProhibited",""
"3","apiuzjb.biz","2020-05-06 13:24:44","2020-05-02","2020-05-02","2021-05-02","49","GMO Internet Inc.","whois.discount-domain.com","http://www.onamae.com","Create,LLC","Create,LLC","","","Chiba","","Japan","","","","","","","","","","","","","","","","","","","","","","","","","","","","","","","","","","ns1.pom-g01.net","ns2.pom-g01.net","","","addPeriod","ok","",""
"4","billionairebabes.biz","2020-05-06 15:12:44","2020-05-02","2020-05-02","2022-05-02","146","GoDaddy.com, LLC","whois.godaddy.com","http://registrar.godaddy.com","Doughman Entertainment","Doughman Entertainment","","","Mississippi","","United States","","","","","","","","","","","","","","","","","","","","","","","","","","","","","","","","","","ns21.domaincontrol.com","ns22.domaincontrol.com","","","addPeriod","clientDeleteProhibited","clientRenewProhibited","clientTransferProhibited"
"5","biubiu.run","2020-05-06 19:09:15","2020-05-02","2020-05-04","2023-05-02","1697","DNSPod, Inc.","whois.dnspod.com","http:// www.dnspod.cn","REDACTED FOR PRIVACY","liudongdong","REDACTED FOR PRIVACY","REDACTED FOR PRIVACY","guang dong sheng","REDACTED FOR PRIVACY","China","","REDACTED FOR PRIVACY","REDACTED FOR PRIVACY","","","","","","","","","","","","","","","","","","","","","","","","","","","","","","","","","","","addPeriod","","",""
"6","charcoal.biz","2020-05-06 13:03:51","2020-05-02","2020-05-02","2021-05-02","303","PDR Ltd. d/b/a PublicDomainRegistry.com","whois.publicdomainregistry.com","http://www.publicdomainregistry.com","Privacy Protect, LLC (PrivacyProtect.org)","Privacy Protect, LLC (PrivacyProtect.org)","","","MA","","United States","","","","","","","","","","","","","","","","","","","","","","","","","","","","","","","","","","ns1.reg.ru","ns2.reg.ru","","","addPeriod","clientTransferProhibited","",""
"7","condominiosgdl.com","2020-05-06 22:34:58","2020-05-02","2020-05-04","2021-05-02","1705","Network Information Center Mexico, S.C.","whois.inregistry.in","http://www.akky.mx","Redacted for Privacy (Redactado por Privacidad)","","Redacted for Privacy (Redactado por Privacidad)","Redacted for Privacy (Redactado por Privacidad)","Guanajuato","Redacted for Privacy (Redactad","Mexico","","Redacted for Privacy (Redactad","Redacted for Privacy (Redactad","","","","","","","","","","","","","","","","","","","","","","","","","","","","","","","ns1.condominiosgdl.com","","","","clientTransferProhibited","","",""
"8","djrudd.biz","2020-05-06 15:44:23","2020-05-02","2020-05-02","2021-05-02","146","GoDaddy.com, LLC","whois.godaddy.com","http://registrar.godaddy.com","","","","","New York","","United States","","","","","","","","","","","","","","","","","","","","","","","","","","","","","","","","","","ns43.domaincontrol.com","ns44.domaincontrol.com","","","addPeriod","clientDeleteProhibited","clientRenewProhibited","clientTransferProhibited"
"9","dnmyii.biz","2020-05-06 15:44:19","2020-05-02","2020-05-05","2021-05-02","49","GMO Internet Inc.","whois.discount-domain.com","http://www.onamae.com","Create,LLC","Create,LLC","","","Chiba","","Japan","","","","","","","","","","","","","","","","","","","","","","","","","","","","","","","","","","ns124-02.ace02-gm.net","ns124.ace02-gm.net","","","addPeriod","ok","",""
"10","dominicmedia.biz","2020-05-06 15:43:27","2020-05-02","2020-05-02","2021-05-02","1068","NameCheap, Inc.","whois.namecheap.com","http://www.namecheap.com","WhoisGuard, Inc.","WhoisGuard, Inc.","","","Panama","","Panama","","","","","","","","","","","","","","","","","","","","","","","","","","","","","","","","","","dns1.registrar-servers.com","dns2.registrar-servers.com","","","addPeriod","clientTransferProhibited","",""
"11","drakefx.biz","2020-05-06 15:41:19","2020-05-02","2020-05-02","2021-05-02","48","eNom, Inc.","whois.enom.com","http://www.enom.com","Data Protected","Data Protected","","","WA","","United States","","","","","","","","","","","","","","","","","","","","","","","","","","","","","","","","","","ns1.dnsimple.com","ns2.dnsimple.com","ns3.dnsimple.com","ns4.dnsimple.com","addPeriod","clientTransferProhibited","",""
"12","dundiu.com","2020-05-06 22:51:32","2020-05-02","2020-05-02","2021-05-02","1915","West263 International Limited","whois.hkdns.hk","http://www.hkdns.hk","Wen Jun Zhu","Zhu Wen Jun","Hang Zhou Gong Shu Qu","Hang Zhou Shi","Zhe Jiang","310015","China","66013366@qq.com","+86.13958007529","+86.13958007529","Wen Jun Zhu","Wen Jun Zhu","Hang Zhou Gong Shu Qu","Hang Zhou Shi","Zhe Jiang","310015","China","66013366@qq.com","+86.13958007529","+86.13958007529","Wen Jun Zhu","Wen Jun Zhu","Hang Zhou Gong Shu Qu","Hang Zhou Shi","Zhe Jiang","310015","China","66013366@qq.com","+86.13958007529","+86.13958007529","","","","","","","","","","","ns1-show.myhostadmin.net","ns2-show.myhostadmin.net","","","OK","","",""
"13","e-desk.biz","2020-05-06 12:27:05","2020-05-02","2020-05-02","2022-05-02","48","eNom, Inc.","whois.enom.com","http://www.enom.com","Whois Privacy Protection Service, Inc.","Whois Privacy Protection Service, Inc.","","","WA","","United States","","","","","","","","","","","","","","","","","","","","","","","","","","","","","","","","","","ns1.tlh.ro","ns2.tlh.ro","","","addPeriod","clientTransferProhibited","",""
"14","feeyiib.biz","2020-05-06 12:26:53","2020-05-02","2020-05-02","2021-05-02","49","GMO Internet Inc.","whois.discount-domain.com","http://www.onamae.com","Create,LLC","Create,LLC","","","Chiba","","Japan","","","","","","","","","","","","","","","","","","","","","","","","","","","","","","","","","","ns1.pom-g01.net","ns2.pom-g01.net","","","addPeriod","ok","",""
"15","fitnesstrainer.biz","2020-05-06 12:23:08","2020-05-02","2020-05-02","2021-05-02","472","Dynadot, LLC","whois.dynadot.com","http://www.dynadot.com","","","","","California","","United States","","","","","","","","","","","","","","","","","","","","","","","","","","","","","","","","","","ns1.dynadot.com","ns2.dynadot.com","","","addPeriod","clientTransferProhibited","",""
"16","furunxiang.run","2020-05-06 19:09:15","2020-05-02","2020-05-05","2021-05-02","1697","DNSPod, Inc.","whois.dnspod.com","http:// www.dnspod.cn","REDACTED FOR PRIVACY","guizhoupanzhoushifurunxiangdianzishangwuyouxiangongsi","REDACTED FOR PRIVACY","REDACTED FOR PRIVACY","gui zhou sheng","REDACTED FOR PRIVACY","China","","REDACTED FOR PRIVACY","REDACTED FOR PRIVACY","","","","","","","","","","","","","","","","","","","","","","","","","","","","","","","","","","","addPeriod","","",""
"17","gooddeposit.biz","2020-05-06 16:18:49","2020-05-02","2020-05-02","2021-05-02","49","GMO Internet Inc.","whois.discount-domain.com","http://www.onamae.com","Personal","Personal","","","Okinawa","","Japan","","","","","","","","","","","","","","","","","","","","","","","","","","","","","","","","","","ns1.basicdomain.net","ns2.basicdomain.net","","","addPeriod","ok","",""
"18","gtvchannel.biz","2020-05-06 12:07:25","2020-05-02","","2021-05-02","49","GMO Internet Inc.","whois.discount-domain.com","http://www.onamae.com","Whois Privacy Protection Service by VALUE-DOMAIN","Whois Privacy Protection Service by VALUE-DOMAIN","","","Osaka","","Japan","","","","","","","","","","","","","","","","","","","","","","","","","","","","","","","","","","ns1.cbsv.jp","ns2.cbsv.jp","","","addPeriod","ok","",""
"19","heyejia.pro","2020-05-06 19:09:59","2020-05-02","2020-05-06","2021-05-02","1366","Xiamen ChinaSource Internet Service Co., Ltd.","whois.cnolnic.com","http://www.zzy.cn","??","??","","","??","","China","","","","","","","","","","","","","","","","","","","","","","","","","","","","","","","","","","f1g1ns1.dnspod.net","f1g1ns2.dnspod.net","","","addPeriod","clientTransferProhibited","serverTransferProhibited",""
"20","j4jjust4jesus.com","2020-05-06 23:54:59","2020-05-02","2020-05-02","2022-05-02","146","GoDaddy.com, LLC","whois.godaddy.com","http://registrar.godaddy.com","","","","","Florida","","United States","","","","","","","","","","","","","","","","","","","","","","","","","","","","","","","","","","ns37.domaincontrol.com","ns38.domaincontrol.com","","","clientDeleteProhibited","clientRenewProhibited","clientTransferProhibited","clientUpdateProhibited"
"21","konjophoto.com","2020-05-04 20:07:46","2020-05-02","2020-05-02","2021-05-02","303","PDR Ltd. d/b/a PublicDomainRegistry.com","whois.publicdomainregistry.com","http://www.publicdomainregistry.com","Domain Admin","Privacy Protect, LLC (PrivacyProtect.org)","10 Corporate Drive","Burlington","MA","01803","United States","contact@privacyprotect.org","+1.8022274003","","Domain Admin","Privacy Protect, LLC (PrivacyProtect.org)","10 Corporate Drive","Burlington","MA","01803","United States","contact@privacyprotect.org","+1.8022274003","","Domain Admin","Privacy Protect, LLC (PrivacyProtect.org)","10 Corporate Drive","Burlington","MA","01803","United States","contact@privacyprotect.org","+1.8022274003","","","","","","","","","","","","ns1.gatordns.com","ns2.gatordns.net","ns3.gatordns.org","ns4.gatordns.io","clientTransferProhibited","","",""
"22","llumarsz.com","2020-05-06 23:08:08","2020-05-02","2020-05-02","2021-05-02","1915","West263 International Limited","whois.hkdns.hk","http://www.hkdns.hk","REDACTED FOR PRIVACY","REDACTED FOR PRIVACY","REDACTED FOR PRIVACY","Chengdu","Sichuan","REDACTED FOR PRIVACY","China","","REDACTED FOR PRIVACY","REDACTED FOR PRIVACY","REDACTED FOR PRIVACY","REDACTED FOR PRIVACY","REDACTED FOR PRIVACY","Chengdu","Sichuan","REDACTED FOR PRIVACY","China","","REDACTED FOR PRIVACY","REDACTED FOR PRIVACY","REDACTED FOR PRIVACY","REDACTED FOR PRIVACY","REDACTED FOR PRIVACY","Chengdu","Sichuan","REDACTED FOR PRIVACY","China","","REDACTED FOR PRIVACY","REDACTED FOR PRIVACY","","","","","","","","","","","ns5.myhostadmin.net","ns6.myhostadmin.net","","","OK","","",""
"23","marthese.biz","2020-05-06 11:00:27","2020-05-02","2020-05-02","2021-05-02","48","eNom, Inc.","whois.enom.com","http://www.enom.com","Data Protected","Data Protected","","","WA","","United States","","","","","","","","","","","","","","","","","","","","","","","","","","","","","","","","","","ns1.dnsimple.com","ns2.dnsimple.com","ns3.dnsimple.com","ns4.dnsimple.com","addPeriod","clientTransferProhibited","",""
"24","matrix.run","2020-05-06 19:09:14","2020-05-02","2020-05-05","2021-05-02","1366","Xiamen ChinaSource Internet Service Co., Ltd.","whois.cnolnic.com","http://www.zzy.cn","REDACTED FOR PRIVACY","CharlesLee","REDACTED FOR PRIVACY","REDACTED FOR PRIVACY","Fujian","REDACTED FOR PRIVACY","China","","REDACTED FOR PRIVACY","REDACTED FOR PRIVACY","","","","","","","","","","","","","","","","","","","","","","","","","","","","","","","","","","","addPeriod","clientTransferProhibited","",""
"25","mikewatt.biz","2020-05-06 17:08:22","2020-05-02","2020-05-02","2021-05-02","83","1&1 Internet AG","whois.schlund.info","http://1and1.com","1&1 Internet Inc","1&1 Internet Inc","","","PA","","United States","","","","","","","","","","","","","","","","","","","","","","","","","","","","","","","","","","ns1031.ui-dns.org","ns1077.ui-dns.com","ns1104.ui-dns.biz","ns1113.ui-dns.de","addPeriod","clientTransferProhibited","",""
"26","milady.biz","2020-05-06 17:08:17","2020-05-02","2020-05-02","2022-05-02","1154","FastDomain Inc.","whois.fastdomain.com","http://www.fastdomain.com","The Endurance International Group, Inc.","The Endurance International Group, Inc.","","","Massachusetts","","United States","","","","","","","","","","","","","","","","","","","","","","","","","","","","","","","","","","ns1.bluehost.com","ns2.bluehost.com","","","addPeriod","clientTransferProhibited","",""
"27","miuping.com","2020-05-06 22:33:10","2020-05-02","2020-05-02","2021-05-02","1915","West263 International Limited","whois.hkdns.hk","http://www.hkdns.hk","Wen Jun Zhu","Zhu Wen Jun","Hang Zhou Gong Shu Qu","Hang Zhou Shi","Zhe Jiang","310015","China","66013366@qq.com","+86.13958007529","+86.13958007529","Wen Jun Zhu","Wen Jun Zhu","Hang Zhou Gong Shu Qu","Hang Zhou Shi","Zhe Jiang","310015","China","66013366@qq.com","+86.13958007529","+86.13958007529","Wen Jun Zhu","Wen Jun Zhu","Hang Zhou Gong Shu Qu","Hang Zhou Shi","Zhe Jiang","310015","China","66013366@qq.com","+86.13958007529","+86.13958007529","","","","","","","","","","","ns1-show.myhostadmin.net","ns2-show.myhostadmin.net","","","OK","","",""
"28","mysoulsigns.biz","2020-05-06 09:50:07","2020-05-02","2020-05-02","2021-05-02","895","Google, Inc.","whois.rrpproxy.net","http://www.google.com","Contact Privacy Inc. Customer 1247110652","Contact Privacy Inc. Customer 1247110652","","","ON","","Canada","","","","","","","","","","","","","","","","","","","","","","","","","","","","","","","","","","ns-cloud-e1.googledomains.com","ns-cloud-e2.googledomains.com","ns-cloud-e3.googledomains.com","ns-cloud-e4.googledomains.com","addPeriod","clientTransferProhibited","",""
"29","neiyec.biz","2020-05-06 17:14:08","2020-05-02","2020-05-05","2021-05-02","49","GMO Internet Inc.","whois.discount-domain.com","http://www.onamae.com","Create,LLC","Create,LLC","","","Chiba","","Japan","","","","","","","","","","","","","","","","","","","","","","","","","","","","","","","","","","ns124-02.ace02-gm.net","ns124.ace02-gm.net","","","addPeriod","ok","",""
"30","noirosestore.com","2020-05-04 20:22:25","2020-05-02","2020-05-02","2021-05-02","146","GoDaddy.com, LLC","whois.godaddy.com","http://registrar.godaddy.com","","","","","\u0130stanbul","","Turkey","","","","","","","","","","","","","","","","","","","","","","","","","","","","","","","","","","ns1.natrohost.com","ns2.natrohost.com","","","clientDeleteProhibited","clientRenewProhibited","clientTransferProhibited","clientUpdateProhibited"
"31","onlinekateikyoshi.biz","2020-05-06 09:14:28","2020-05-02","","2021-05-02","49","GMO Internet Inc.","whois.discount-domain.com","http://www.onamae.com","Whois Privacy Protection Service by VALUE-DOMAIN","Whois Privacy Protection Service by VALUE-DOMAIN","","","Osaka","","Japan","","","","","","","","","","","","","","","","","","","","","","","","","","","","","","","","","","ns1.cbsv.jp","ns2.cbsv.jp","","","addPeriod","ok","",""
"32","onlineyogaworkshop.biz","2020-05-06 09:14:22","2020-05-02","2020-05-02","2021-05-02","146","GoDaddy.com, LLC","whois.godaddy.com","http://registrar.godaddy.com","","","","","California","","United States","","","","","","","","","","","","","","","","","","","","","","","","","","","","","","","","","","ns27.domaincontrol.com","ns28.domaincontrol.com","","","addPeriod","clientDeleteProhibited","clientRenewProhibited","clientTransferProhibited"
"33","openamericanow.biz","2020-05-06 17:24:56","2020-05-02","2020-05-02","2021-05-02","146","GoDaddy.com, LLC","whois.godaddy.com","http://registrar.godaddy.com","Double D Distribution, Inc","Double D Distribution, Inc","","","Utah","","United States","","","","","","","","","","","","","","","","","","","","","","","","","","","","","","","","","","ns45.domaincontrol.com","ns46.domaincontrol.com","","","addPeriod","clientDeleteProhibited","clientRenewProhibited","clientTransferProhibited"
"34","phinanke.com","2020-05-06 22:50:42","2020-05-02","2020-05-04","2021-05-02","1705","Network Information Center Mexico, S.C.","whois.inregistry.in","http://www.akky.mx","Redacted for Privacy (Redactado por Privacidad)","","Redacted for Privacy (Redactado por Privacidad)","Redacted for Privacy (Redactado por Privacidad)","Ciudad de Mexico","Redacted for Privacy (Redactad","Mexico","","Redacted for Privacy (Redactad","Redacted for Privacy (Redactad","","","","","","","","","","","","","","","","","","","","","","","","","","","","","","","ns1.marketing-provision.com","","","","clientTransferProhibited","","",""
"35","preparemonos.com","2020-05-06 22:45:39","2020-05-02","2020-05-05","2021-05-02","1705","Network Information Center Mexico, S.C.","whois.inregistry.in","http://www.akky.mx","BARTOLOME MONGRELL CERNUDA","","9 poniente 1906 Barrio de Santiago","Puebla","Puebla","42410","Mexico","bmongrellc@yahoo.com.mx","+52.2224554716","","BARTOLOME MONGRELL CERNUDA","","9 poniente 1906 Barrio de Santiago","Puebla","Puebla","42410","Mexico","bmongrellc@yahoo.com.mx","+52.2224554716","","BARTOLOME MONGRELL CERNUDA","","9 poniente 1906 Barrio de Santiago","Puebla","Puebla","42410","Mexico","bmongrellc@yahoo.com.mx","+52.2224554716","","","","","","","","","","","","ns1-04.azure-dns.com","ns2-04.azure-dns.net","ns3-04.azure-dns.org","ns4-04.azure-dns.info","clientTransferProhibited","","",""
"36","promister.pro","2020-05-06 19:09:49","2020-05-02","2020-05-05","2021-05-02","1366","Xiamen ChinaSource Internet Service Co., Ltd.","whois.cnolnic.com","http://www.zzy.cn","??","??","","","??","","China","","","","","","","","","","","","","","","","","","","","","","","","","","","","","","","","","","ns1.cnolnic.net","ns2.cnolnic.net","","","addPeriod","clientTransferProhibited","serverTransferProhibited",""
"37","ralphkohlerofficialwebsite.biz","2020-05-06 08:14:14","2020-05-02","2020-05-02","2021-05-02","146","GoDaddy.com, LLC","whois.godaddy.com","http://registrar.godaddy.com","","","","","California","","United States","","","","","","","","","","","","","","","","","","","","","","","","","","","","","","","","","","ns45.domaincontrol.com","ns46.domaincontrol.com","","","addPeriod","clientDeleteProhibited","clientRenewProhibited","clientTransferProhibited"
"38","rockroots.biz","2020-05-06 07:54:30","2020-05-02","","2021-05-02","49","GMO Internet Inc.","whois.discount-domain.com","http://www.onamae.com","rockroots","rockroots","","","Toyama","","Japan","","","","","","","","","","","","","","","","","","","","","","","","","","","","","","","","","","ns11.value-domain.com","ns12.value-domain.com","ns13.value-domain.com","","addPeriod","ok","",""
"39","scottdylan.biz","2020-05-06 07:36:04","2020-05-02","2020-05-02","2021-05-02","146","GoDaddy.com, LLC","whois.godaddy.com","http://registrar.godaddy.com","","","","","Manchester","","United Kingdom","","","","","","","","","","","","","","","","","","","","","","","","","","","","","","","","","","ns17.domaincontrol.com","ns18.domaincontrol.com","","","addPeriod","clientDeleteProhibited","clientRenewProhibited","clientTransferProhibited"
"40","signatureleafcbd.com","2020-05-06 22:50:30","2020-05-02","2020-05-05","2022-05-02","2487","Internet Domain Services BS Corp","whois.publicinterestregistry.net","http://www.internetbs.net","Domain Admin","Whois Privacy Corp.","Ocean Centre, Montagu Foreshore, East Bay Street","Nassau","New Providence","","Bahamas","signatureleafcbd.com-owner-hvb9@customers.whoisprivacycorp.com","+1.5163872248","","Domain Admin","Whois Privacy Corp.","Ocean Centre, Montagu Foreshore, East Bay Street","Nassau","New Providence","","Bahamas","signatureleafcbd.com-admin-v2kl@customers.whoisprivacycorp.com","+1.5163872248","","Domain Admin","Whois Privacy Corp.","Ocean Centre, Montagu Foreshore, East Bay Street","Nassau","New Providence","","Bahamas","signatureleafcbd.com-tech-gpvg@customers.whoisprivacycorp.com","+1.5163872248","","","","","","","","","","","","beth.ns.cloudflare.com","tim.ns.cloudflare.com","","","clientTransferProhibited","ok","",""
"41","skrilldesignagency.com","2020-05-04 20:05:17","2020-05-02","2020-05-02","2021-05-02","146","GoDaddy.com, LLC","whois.godaddy.com","http://registrar.godaddy.com","Registration Private","Domains By Proxy, LLC","DomainsByProxy.com 14455 N. Hayden Road","Scottsdale","Arizona","85260","United States","skrilldesignagency.com@domainsbyproxy.com","+1.4806242599","+1.4806242598","Registration Private","Domains By Proxy, LLC","DomainsByProxy.com 14455 N. Hayden Road","Scottsdale","Arizona","85260","United States","skrilldesignagency.com@domainsbyproxy.com","+1.4806242599","+1.4806242598","Registration Private","Domains By Proxy, LLC","DomainsByProxy.com 14455 N. Hayden Road","Scottsdale","Arizona","85260","United States","skrilldesignagency.com@domainsbyproxy.com","+1.4806242599","+1.4806242598","","","","","","","","","","","ns21.domaincontrol.com","ns22.domaincontrol.com","","","clientDeleteProhibited","clientRenewProhibited","clientTransferProhibited","clientUpdateProhibited"
"42","soyderealeza.biz","2020-05-06 07:00:24","2020-05-02","2020-05-02","2021-05-02","2","Network Solutions, LLC","whois.networksolutions.com","http://networksolutions.com","","","","","FL","","United States","","","","","","","","","","","","","","","","","","","","","","","","","","","","","","","","","","ns2.wixdns.net","ns3.wixdns.net","","","addPeriod","clientTransferProhibited","",""
"43","sszbt.pro","2020-05-06 19:09:40","2020-05-02","2020-05-05","2021-05-02","1366","Xiamen ChinaSource Internet Service Co., Ltd.","whois.cnolnic.com","http://www.zzy.cn","??","??","","","??","","China","","","","","","","","","","","","","","","","","","","","","","","","","","","","","","","","","","ns1.cnolnic.net","ns2.cnolnic.net","","","addPeriod","clientTransferProhibited","serverTransferProhibited",""
"44","textforwork.com","2020-05-06 19:31:41","2020-05-02","2020-05-04","2021-05-02","1564","TLD Registrar Solutions Ltd.","whois.tldregistrarsolutions.com","http://www.tldregistrarsolutions.com","Domain Admin","Whois Privacy Corp.","Ocean Centre, Montagu Foreshore, East Bay Street","Nassau","New Providence","","Bahamas","textforwork.com-owner-ke9p@customers.whoisprivacycorp.com","+1.5163872248","","Domain Admin","Whois Privacy Corp.","Ocean Centre, Montagu Foreshore, East Bay Street","Nassau","New Providence","","Bahamas","textforwork.com-admin-hw3i@customers.whoisprivacycorp.com","+1.5163872248","","Domain Admin","Whois Privacy Corp.","Ocean Centre, Montagu Foreshore, East Bay Street","Nassau","New Providence","","Bahamas","textforwork.com-tech-682n@customers.whoisprivacycorp.com","+1.5163872248","","","","","","","","","","","","ns1.pql.net","ns2.pql.net","","","clientTransferProhibited","ok","",""
"45","thelifehouse.biz","2020-05-06 05:48:24","2020-05-02","2020-05-02","2022-05-02","146","GoDaddy.com, LLC","whois.godaddy.com","http://registrar.godaddy.com","Airjam Sports","Airjam Sports","","","Texas","","United States","","","","","","","","","","","","","","","","","","","","","","","","","","","","","","","","","","ns25.domaincontrol.com","ns26.domaincontrol.com","","","addPeriod","clientDeleteProhibited","clientRenewProhibited","clientTransferProhibited"
"46","theweddingpoetry.biz","2020-05-06 05:27:16","2020-05-02","2020-05-02","2022-05-02","146","GoDaddy.com, LLC","whois.godaddy.com","http://registrar.godaddy.com","Laqshya Live Experience","Laqshya Live Experience","","","maharashtra","","India","","","","","","","","","","","","","","","","","","","","","","","","","","","","","","","","","","ns43.domaincontrol.com","ns44.domaincontrol.com","","","addPeriod","clientDeleteProhibited","clientRenewProhibited","clientTransferProhibited"
"47","ths.biz","2020-05-06 05:22:29","2020-05-02","","2021-05-02","420","HiChina Zhicheng Technology Limited","grs-whois.hichina.com","http://www.net.cn","Xu Xin Rong","Xu Xin Rong","","","Jiang Su","","China","","","","","","","","","","","","","","","","","","","","","","","","","","","","","","","","","","dns21.hichina.com","dns22.hichina.com","","","addPeriod","ok","",""
"48","txghfxs.biz","2020-05-06 04:12:29","2020-05-02","2020-05-02","2021-05-02","49","GMO Internet Inc.","whois.discount-domain.com","http://www.onamae.com","Create,LLC","Create,LLC","","","Chiba","","Japan","","","","","","","","","","","","","","","","","","","","","","","","","","","","","","","","","","ns1.pom-g01.net","ns2.pom-g01.net","","","addPeriod","ok","",""
"49","vfallin.biz","2020-05-06 03:25:18","2020-05-02","2020-05-02","2021-05-02","1154","FastDomain Inc.","whois.fastdomain.com","http://www.fastdomain.com","The Endurance International Group, Inc.","The Endurance International Group, Inc.","","","Massachusetts","","United States","","","","","","","","","","","","","","","","","","","","","","","","","","","","","","","","","","ns1.bluehost.com","ns2.bluehost.com","","","addPeriod","clientTransferProhibited","",""
"50","visual.city","2020-05-06 18:57:52","2020-05-02","2020-05-05","2021-05-02","1366","Xiamen ChinaSource Internet Service Co., Ltd.","whois.cnolnic.com","http://www.zzy.cn","REDACTED FOR PRIVACY","CharlesLee","REDACTED FOR PRIVACY","REDACTED FOR PRIVACY","Fujian","REDACTED FOR PRIVACY","China","","REDACTED FOR PRIVACY","REDACTED FOR PRIVACY","","","","","","","","","","","","","","","","","","","","","","","","","","","","","","","","","","","addPeriod","clientTransferProhibited","",""
"51","vivadiscus.biz","2020-05-06 03:04:20","2020-05-02","2020-05-02","2021-05-02","303","PDR Ltd. d/b/a PublicDomainRegistry.com","whois.publicdomainregistry.com","http://www.publicdomainregistry.com","Privacy Protect, LLC (PrivacyProtect.org)","Privacy Protect, LLC (PrivacyProtect.org)","","","MA","","United States","","","","","","","","","","","","","","","","","","","","","","","","","","","","","","","","","","ns1.indrainc.com","ns2.indrainc.com","","","addPeriod","clientTransferProhibited","",""
"52","wslot88.biz","2020-05-06 01:53:40","2020-05-02","2020-05-02","2021-05-02","1479","Namesilo, LLC","whois.namesilo.com","http://www.namesilo.com","See PrivacyGuardian.org","See PrivacyGuardian.org","","","AZ","","United States","","","","","","","","","","","","","","","","","","","","","","","","","","","","","","","","","","ns1.dnsowl.com","ns2.dnsowl.com","ns3.dnsowl.com","","addPeriod","clientTransferProhibited","",""
"53","xiaobin.run","2020-05-06 19:09:14","2020-05-02","2020-05-04","2023-05-02","1599","Alibaba Cloud Computing Ltd. d/b/a HiChina (www.net.cn)","http://whois.hichina.com/","http://www.net.cn","REDACTED FOR PRIVACY","Zeng Bin","REDACTED FOR PRIVACY","REDACTED FOR PRIVACY","Hu Bei","REDACTED FOR PRIVACY","China","","REDACTED FOR PRIVACY","REDACTED FOR PRIVACY","","","","","","","","","","","","","","","","","","","","","","","","","","","","","","","","","","","addPeriod","clientTransferProhibited","",""
"54","xlslot88.biz","2020-05-06 01:40:09","2020-05-02","2020-05-02","2021-05-02","1479","Namesilo, LLC","whois.namesilo.com","http://www.namesilo.com","See PrivacyGuardian.org","See PrivacyGuardian.org","","","AZ","","United States","","","","","","","","","","","","","","","","","","","","","","","","","","","","","","","","","","ns1.dnsowl.com","ns2.dnsowl.com","ns3.dnsowl.com","","addPeriod","clientTransferProhibited","",""