"num","domain_name","query_time","create_date","update_date","expiry_date","domain_registrar_id","domain_registrar_name","domain_registrar_whois","domain_registrar_url","registrant_name","registrant_company","registrant_address","registrant_city","registrant_state","registrant_zip","registrant_country","registrant_email","registrant_phone","registrant_fax","administrative_name","administrative_company","administrative_address","administrative_city","administrative_state","administrative_zip","administrative_country","administrative_email","administrative_phone","administrative_fax","technical_name","technical_company","technical_address","technical_city","technical_state","technical_zip","technical_country","technical_email","technical_phone","technical_fax","billing_name","billing_company","billing_address","billing_city","billing_state","billing_zip","billing_country","billing_email","billing_phone","billing_fax","name_server_1","name_server_2","name_server_3","name_server_4","domain_status_1","domain_status_2","domain_status_3","domain_status_4"
"1","apple-sign-in-lnc-gps.us","2020-05-06 20:14:54","2020-04-29","2020-05-04","2021-04-29","303","PDR Ltd. d/b/a PublicDomainRegistry.com","whois.publicdomainregistry.com","http://www.publicdomainregistry.com","lai jinhe","","guangdongqingyuanshiqingchengqu","qingyuanshi","CN-44","511500","China","fa16781678@hxmail.com","+86.0436999855","","lai jinhe","","guangdongqingyuanshiqingchengqu","qingyuanshi","CN-44","511500","China","fa16781678@hxmail.com","+86.0436999855","","lai jinhe","","guangdongqingyuanshiqingchengqu","qingyuanshi","CN-44","511500","China","fa16781678@hxmail.com","+86.0436999855","","","","","","","","","","","","ns1.thdns.com","ns2.thdns.com","","","clientTransferProhibited","","",""
"2","biotyc.com","2020-05-01 22:59:29","2020-04-29","2020-04-29","2021-04-29","617","Epik Inc.","whois.epik.com","http://epik.com","Privacy Administrator","Anonymize, Inc.","704 228th Ave NE","Sammamish","WA","98074","United States","biotyc.com@anonymize.com","+1.4253668810","","Privacy Administrator","Anonymize, Inc.","704 228th Ave NE","Sammamish","WA","98074","United States","biotyc.com@anonymize.com","+1.4253668810","","Privacy Administrator","Anonymize, Inc.","704 228th Ave NE","Sammamish","WA","98074","United States","biotyc.com@anonymize.com","+1.4253668810","","","","","","","","","","","","ns3.epik.com","ns4.epik.com","","","clientTransferProhibited","","",""
"3","brendadon.com","2020-05-01 22:59:45","2020-04-29","","2021-04-29","1068","NameCheap, Inc.","whois.namecheap.com","http://www.namecheap.com","WhoisGuard Protected","WhoisGuard, Inc.","P.O. Box 0823-03411","Panama","Panama","","Panama","ddd403e5c74144ca8219cfff9fcc0fb1.protect@whoisguard.com","+507.8365503","+51.17057182","WhoisGuard Protected","WhoisGuard, Inc.","P.O. Box 0823-03411","Panama","Panama","","Panama","ddd403e5c74144ca8219cfff9fcc0fb1.protect@whoisguard.com","+507.8365503","+51.17057182","WhoisGuard Protected","WhoisGuard, Inc.","P.O. Box 0823-03411","Panama","Panama","","Panama","ddd403e5c74144ca8219cfff9fcc0fb1.protect@whoisguard.com","+507.8365503","+51.17057182","","","","","","","","","","","dns1.registrar-servers.com","dns2.registrar-servers.com","","","addPeriod","clientTransferProhibited","",""
"4","chabinvestment.com","2020-04-30 21:54:27","2020-04-29","2020-04-29","2021-04-29","1154","FastDomain Inc.","whois.fastdomain.com","http://www.fastdomain.com","DOMAIN PRIVACY SERVICE FBO REGISTRANT","THE ENDURANCE INTERNATIONAL GROUP, INC.","10 CORPORATE DR, STE 300","BURLINGTON","MASSACHUSETTS","01803","United States","whois@bluehost.com","+1.8017659400","","DOMAIN PRIVACY SERVICE FBO REGISTRANT","THE ENDURANCE INTERNATIONAL GROUP, INC.","10 CORPORATE DR, STE 300","BURLINGTON","MASSACHUSETTS","01803","United States","whois@bluehost.com","+1.8017659400","","DOMAIN PRIVACY SERVICE FBO REGISTRANT","THE ENDURANCE INTERNATIONAL GROUP, INC.","10 CORPORATE DR, STE 300","BURLINGTON","MASSACHUSETTS","01803","United States","whois@bluehost.com","+1.8017659400","","","","","","","","","","","","ns1.bluehost.com","ns2.bluehost.com","","","clientTransferProhibited","","",""
"5","dynamaxi.com","2020-05-06 22:48:42","2020-04-29","2020-05-05","2021-04-29","468","Amazon Registrar, Inc.","whois.nic.ir","http://www.ait.com","On behalf of dynamaxi.com owner","Whois Privacy Service","P.O. Box 81226","Seattle","WA","98108-1226","United States","owner-1523979@dynamaxi.com.whoisprivacyservice.org","+1.2065771368","","On behalf of dynamaxi.com administrative contact","Whois Privacy Service","P.O. Box 81226","Seattle","WA","98108-1226","United States","admin-1523979@dynamaxi.com.whoisprivacyservice.org","+1.2065771368","","On behalf of dynamaxi.com technical contact","Whois Privacy Service","P.O. Box 81226","Seattle","WA","98108-1226","United States","tech-1523979@dynamaxi.com.whoisprivacyservice.org","+1.2065771368","","","","","","","","","","","","ns1.theconnnectfirm.com","ns2.theconnnectfirm.com","","","OK","","",""
"6","e-firstfx.biz","2020-05-06 12:27:03","2020-04-29","2020-05-04","2021-04-29","146","GoDaddy.com, LLC","whois.godaddy.com","http://registrar.godaddy.com","Domains By Proxy, LLC","Domains By Proxy, LLC","","","Arizona","","United States","","","","","","","","","","","","","","","","","","","","","","","","","","","","","","","","","","ns07.domaincontrol.com","ns08.domaincontrol.com","","","clientDeleteProhibited","clientRenewProhibited","clientTransferProhibited","clientUpdateProhibited"
"7","e-trajet.biz","2020-05-06 12:26:29","2020-04-29","2020-05-04","2021-04-29","83","1&1 Internet AG","whois.schlund.info","http://1and1.com","Data Privacy Protected","Data Privacy Protected","","","BW","","Germany","","","","","","","","","","","","","","","","","","","","","","","","","","","","","","","","","","ns1032.ui-dns.org","ns1049.ui-dns.biz","ns1102.ui-dns.de","ns1119.ui-dns.com","clientTransferProhibited","","",""
"8","earths.biz","2020-05-06 12:26:26","2020-04-29","2020-05-04","2021-04-29","49","GMO Internet Inc.","whois.discount-domain.com","http://www.onamae.com","Whois Privacy Protection Service by onamae.com","Whois Privacy Protection Service by onamae.com","","","Tokyo","","Japan","","","","","","","","","","","","","","","","","","","","","","","","","","","","","","","","","","ns101.paidooserver.com","ns102.paidooserver.com","","","OK","","",""
"9","easycashadvance.biz","2020-05-06 12:26:30","2020-04-29","2020-05-04","2021-04-29","303","PDR Ltd. d/b/a PublicDomainRegistry.com","whois.publicdomainregistry.com","http://www.publicdomainregistry.com","Privacy Protect, LLC (PrivacyProtect.org)","Privacy Protect, LLC (PrivacyProtect.org)","","","MA","","United States","","","","","","","","","","","","","","","","","","","","","","","","","","","","","","","","","","ns1.enter-system.com","ns2.enter-system.com","","","clientTransferProhibited","","",""
"10","editorialedomani.biz","2020-05-06 12:26:19","2020-04-29","2020-05-04","2021-04-29","433","OVH sas","whois.ovh.com","http://www.ovh.com","ROMED S.p.A.","ROMED S.p.A.","","","","","Italy","","","","","","","","","","","","","","","","","","","","","","","","","","","","","","","","","","dns1.inrete.it","dns2.inrete.it","dns3.inrete.it","dns4.inrete.it","clientDeleteProhibited","clientTransferProhibited","",""
"11","empressivenaija.com","2020-04-30 21:25:55","2020-04-29","2020-04-29","2021-04-29","1479","Namesilo, LLC","whois.namesilo.com","http://www.namesilo.com","Domain Administrator","See PrivacyGuardian.org","1928 E. Highland Ave. Ste F104 PMB# 255","Phoenix","AZ","85016","United States","pw-0c14b5183f63dc2f8f263780099d8c63@privacyguardian.org","+1.3478717726","","Domain Administrator","See PrivacyGuardian.org","1928 E. Highland Ave. Ste F104 PMB# 255","Phoenix","AZ","85016","United States","pw-0c14b5183f63dc2f8f263780099d8c63@privacyguardian.org","+1.3478717726","","Domain Administrator","See PrivacyGuardian.org","1928 E. Highland Ave. Ste F104 PMB# 255","Phoenix","AZ","85016","United States","pw-0c14b5183f63dc2f8f263780099d8c63@privacyguardian.org","+1.3478717726","","","","","","","","","","","","ns1.dknoc.com","ns2.dknoc.com","","","clientTransferProhibited","","",""
"12","fashiondumpster.biz","2020-05-06 12:26:54","2020-04-29","2020-05-04","2021-04-29","146","GoDaddy.com, LLC","whois.godaddy.com","http://registrar.godaddy.com","","","","","Florida","","United States","","","","","","","","","","","","","","","","","","","","","","","","","","","","","","","","","","ns33.domaincontrol.com","ns34.domaincontrol.com","","","clientDeleteProhibited","clientRenewProhibited","clientTransferProhibited","clientUpdateProhibited"
"13","fastglossdetailing.biz","2020-05-06 12:26:53","2020-04-29","2020-05-04","2021-04-29","1068","NameCheap, Inc.","whois.namecheap.com","http://www.namecheap.com","WhoisGuard, Inc.","WhoisGuard, Inc.","","","Panama","","Panama","","","","","","","","","","","","","","","","","","","","","","","","","","","","","","","","","","dns1.registrar-servers.com","dns2.registrar-servers.com","","","clientTransferProhibited","","",""
"14","feihong.biz","2020-05-06 12:26:52","2020-04-29","2020-05-04","2021-04-29","1331","eName Technology Co., Ltd.","whois.ename.com","http://www.ename.net","Chen Zhi","Chen Zhi","","","GuiZhou","","China","","","","","","","","","","","","","","","","","","","","","","","","","","","","","","","","","","ns3.dns.com","ns4.dns.com","","","clientDeleteProhibited","clientTransferProhibited","",""
"15","graphics-central.com","2020-05-06 21:47:58","2020-04-29","2020-05-05","2021-04-29","2487","Internet Domain Services BS Corp","whois.publicinterestregistry.net","http://www.internetbs.net","Not disclosed Not disclosed","","Not disclosed, Not disclosed, Not disclosed","Not disclosed","","00000","United States","b94e52ea7b054cb5917757740c27fcdd.gdrp@customers.whoisprivacycorp.com","+1.5163872248","","Not disclosed Not disclosed","","Not disclosed, Not disclosed, Not disclosed","Not disclosed","","00000","United States","b94e52ea7b054cb5917757740c27fcdd.gdrp@customers.whoisprivacycorp.com","+1.5163872248","","Not disclosed Not disclosed","","Not disclosed, Not disclosed, Not disclosed","Not disclosed","","00000","United States","b94e52ea7b054cb5917757740c27fcdd.gdrp@customers.whoisprivacycorp.com","+1.5163872248","","","","","","","","","","","","ns1.hostcab.com","ns2.hostcab.com","","","clientTransferProhibited","","",""
"16","leyouyike.com","2020-05-06 21:47:58","2020-04-29","2020-04-29","2021-04-29","1915","West263 International Limited","whois.hkdns.hk","http://www.hkdns.hk","REDACTED FOR PRIVACY","REDACTED FOR PRIVACY","REDACTED FOR PRIVACY","Chengdu","Sichuan","REDACTED FOR PRIVACY","China","","REDACTED FOR PRIVACY","REDACTED FOR PRIVACY","REDACTED FOR PRIVACY","REDACTED FOR PRIVACY","REDACTED FOR PRIVACY","Chengdu","Sichuan","REDACTED FOR PRIVACY","China","","REDACTED FOR PRIVACY","REDACTED FOR PRIVACY","REDACTED FOR PRIVACY","REDACTED FOR PRIVACY","REDACTED FOR PRIVACY","Chengdu","Sichuan","REDACTED FOR PRIVACY","China","","REDACTED FOR PRIVACY","REDACTED FOR PRIVACY","","","","","","","","","","","ns1.myhostadmin.net","ns2.myhostadmin.net","","","OK","","",""
"17","llsgjzx.net","2020-05-06 19:02:06","2020-04-29","2020-04-29","2021-04-29","1915","West263 International Limited","whois.hkdns.hk","http://www.hkdns.hk","REDACTED FOR PRIVACY","REDACTED FOR PRIVACY","REDACTED FOR PRIVACY","Chengdu","Sichuan","REDACTED FOR PRIVACY","China","","REDACTED FOR PRIVACY","REDACTED FOR PRIVACY","REDACTED FOR PRIVACY","REDACTED FOR PRIVACY","REDACTED FOR PRIVACY","Chengdu","Sichuan","REDACTED FOR PRIVACY","China","","REDACTED FOR PRIVACY","REDACTED FOR PRIVACY","REDACTED FOR PRIVACY","REDACTED FOR PRIVACY","REDACTED FOR PRIVACY","Chengdu","Sichuan","REDACTED FOR PRIVACY","China","","REDACTED FOR PRIVACY","REDACTED FOR PRIVACY","","","","","","","","","","","ns3.myhostadmin.net","ns4.myhostadmin.net","","","OK","","",""
"18","luckypeople.biz","2020-05-06 11:34:53","2020-04-29","2020-05-04","2021-04-29","1112","Internet Invest, Ltd. dba Imena.ua","whois.imena.ua","http://www.imena.ua","Internet Invest, Ltd. dba Imena.ua","Internet Invest, Ltd. dba Imena.ua","","","Kyiv","","Ukraine","","","","","","","","","","","","","","","","","","","","","","","","","","","","","","","","","","dns.fastdns24.com","dns2.fastdns24.org","dns3.fastdns24.eu","dns4.fastdns24.link","clientTransferProhibited","","",""
"19","lvhpd.biz","2020-05-06 11:35:38","2020-04-29","2020-05-04","2021-04-29","895","Google, Inc.","whois.rrpproxy.net","http://www.google.com","Contact Privacy Inc. Customer 1247081356","Contact Privacy Inc. Customer 1247081356","","","ON","","Canada","","","","","","","","","","","","","","","","","","","","","","","","","","","","","","","","","","ns-cloud-e1.googledomains.com","ns-cloud-e2.googledomains.com","ns-cloud-e3.googledomains.com","ns-cloud-e4.googledomains.com","clientTransferProhibited","","",""
"20","lvlzr.biz","2020-05-06 11:35:37","2020-04-29","2020-05-04","2021-04-29","49","GMO Internet Inc.","whois.discount-domain.com","http://www.onamae.com","Whois Privacy Protection Service by onamae.com","Whois Privacy Protection Service by onamae.com","","","Tokyo","","Japan","","","","","","","","","","","","","","","","","","","","","","","","","","","","","","","","","","ns1.dns.ne.jp","ns2.dns.ne.jp","","","OK","","",""
"21","malonda.biz","2020-05-06 11:17:44","2020-04-29","2020-05-04","2021-04-29","472","Dynadot, LLC","whois.dynadot.com","http://www.dynadot.com","","","","","California","","United States","","","","","","","","","","","","","","","","","","","","","","","","","","","","","","","","","","ns727.dimedns.com","ns728.dimedns.com","","","clientTransferProhibited","","",""
"22","mammaelvira.biz","2020-05-06 11:17:16","2020-04-29","2020-05-04","2021-04-29","69","Tucows Domains Inc.","whois.tucows.com","http://domainhelp.opensrs.net","Data Protected","Data Protected","","","ON","","Canada","","","","","","","","","","","","","","","","","","","","","","","","","","","","","","","","","","dns.technorail.com","dns2.technorail.com","dns3.arubadns.net","dns4.arubadns.cz","clientTransferProhibited","clientUpdateProhibited","",""
"23","myfrechtrades.com","2020-04-30 21:28:09","2020-04-29","2020-04-29","2021-04-29","940","Above.com Pty Ltd.","whois.above.com","http://www.above.com","REDACTED FOR PRIVACY","REDACTED FOR PRIVACY","REDACTED FOR PRIVACY","REDACTED FOR PRIVACY","REDACTED FOR PRIVACY","REDACTED FOR PRIVACY","REDACTED FOR PRIVACY","myfrechtrades.com@privacy.above.com","REDACTED FOR PRIVACY","REDACTED FOR PRIVACY","REDACTED FOR PRIVACY","REDACTED FOR PRIVACY","REDACTED FOR PRIVACY","REDACTED FOR PRIVACY","REDACTED FOR PRIVACY","REDACTED FOR PRIVACY","REDACTED FOR PRIVACY","","REDACTED FOR PRIVACY","REDACTED FOR PRIVACY","REDACTED FOR PRIVACY","REDACTED FOR PRIVACY","REDACTED FOR PRIVACY","REDACTED FOR PRIVACY","REDACTED FOR PRIVACY","REDACTED FOR PRIVACY","REDACTED FOR PRIVACY","","REDACTED FOR PRIVACY","REDACTED FOR PRIVACY","","","","","","","","","","","271.ns1.above.com","271.ns2.above.com","","","clientTransferProhibited","","",""
"24","oxseafood.com","2020-05-07 00:34:34","2020-04-29","2020-05-05","2021-04-29","2487","Internet Domain Services BS Corp","whois.publicinterestregistry.net","http://www.internetbs.net","Domain Admin","Whois Privacy Corp.","Ocean Centre, Montagu Foreshore, East Bay Street","Nassau","New Providence","","Bahamas","oxseafood.com-owner-gai3@customers.whoisprivacycorp.com","+1.5163872248","","Domain Admin","Whois Privacy Corp.","Ocean Centre, Montagu Foreshore, East Bay Street","Nassau","New Providence","","Bahamas","oxseafood.com-admin-7dcb@customers.whoisprivacycorp.com","+1.5163872248","","Domain Admin","Whois Privacy Corp.","Ocean Centre, Montagu Foreshore, East Bay Street","Nassau","New Providence","","Bahamas","oxseafood.com-tech-wv6f@customers.whoisprivacycorp.com","+1.5163872248","","","","","","","","","","","","th75.hostatom.com","th76.hostatom.com","","","clientTransferProhibited","ok","",""
"25","sciadvanceres.biz","2020-05-06 07:36:16","2020-04-29","2020-05-04","2021-04-29","1495","BigRock Solutions Ltd.","whois.bigrock.com","http://www.bigrock.com","","","","","Other","","India","","","","","","","","","","","","","","","","","","","","","","","","","","","","","","","","","","ns1.sajarticlehub.biz","ns2.sajarticlehub.biz","","","clientTransferProhibited","","",""
"26","scienceavenue.biz","2020-05-06 07:36:16","2020-04-29","2020-05-04","2021-04-29","1495","BigRock Solutions Ltd.","whois.bigrock.com","http://www.bigrock.com","","","","","Andhra Pradesh","","India","","","","","","","","","","","","","","","","","","","","","","","","","","","","","","","","","","ns1.scienceavenue.biz","ns2.scienceavenue.biz","","","clientTransferProhibited","","",""
"27","scientificstudy.biz","2020-05-06 07:36:14","2020-04-29","2020-05-04","2021-04-29","1495","BigRock Solutions Ltd.","whois.bigrock.com","http://www.bigrock.com","","","","","Other","","India","","","","","","","","","","","","","","","","","","","","","","","","","","","","","","","","","","ns1.sajarticlehub.biz","ns2.sajarticlehub.biz","","","clientTransferProhibited","","",""
"28","scifreeaccess.biz","2020-05-06 07:36:13","2020-04-29","2020-05-04","2021-04-29","1495","BigRock Solutions Ltd.","whois.bigrock.com","http://www.bigrock.com","","","","","Andhra Pradesh","","India","","","","","","","","","","","","","","","","","","","","","","","","","","","","","","","","","","ns1.apjournalopenaccess.biz","ns2.apjournalopenaccess.biz","","","clientTransferProhibited","","",""
"29","sciprocure.biz","2020-05-06 07:36:13","2020-04-29","2020-05-04","2021-04-29","1495","BigRock Solutions Ltd.","whois.bigrock.com","http://www.bigrock.com","","","","","Other","","India","","","","","","","","","","","","","","","","","","","","","","","","","","","","","","","","","","ns1.sajarticlehub.biz","ns2.sajarticlehub.biz","","","clientTransferProhibited","","",""
"30","scisoptlight.biz","2020-05-06 07:36:13","2020-04-29","2020-05-04","2021-04-29","1495","BigRock Solutions Ltd.","whois.bigrock.com","http://www.bigrock.com","","","","","Other","","India","","","","","","","","","","","","","","","","","","","","","","","","","","","","","","","","","","ns1.sajscischolar.biz","ns2.sajscischolar.biz","","","clientTransferProhibited","","",""
"31","stopforth.biz","2020-05-06 18:11:07","2020-04-29","2020-05-04","2021-04-29","69","Tucows Domains Inc.","whois.tucows.com","http://domainhelp.opensrs.net","Data Protected","Data Protected","","","ON","","Canada","","","","","","","","","","","","","","","","","","","","","","","","","","","","","","","","","","ns1.dns-h.com","ns1.host-h.net","ns2.dns-h.com","ns2.host-h.net","clientTransferProhibited","clientUpdateProhibited","",""
"32","sustainableai.biz","2020-05-06 06:38:03","2020-04-29","2020-05-04","2021-04-29","146","GoDaddy.com, LLC","whois.godaddy.com","http://registrar.godaddy.com","ECT Services & Solutions Inc.","ECT Services & Solutions Inc.","","","Tennessee","","United States","","","","","","","","","","","","","","","","","","","","","","","","","","","","","","","","","","ns57.domaincontrol.com","ns58.domaincontrol.com","","","clientDeleteProhibited","clientRenewProhibited","clientTransferProhibited","clientUpdateProhibited"
"33","test-testaishutest66767.biz","2020-05-06 06:18:41","2020-04-29","2020-05-04","2021-04-29","886","Domain.com, LLC","whois.domain.com","http://www.domain.com","Data Protected","Data Protected","","","ON","","Canada","","","","","","","","","","","","","","","","","","","","","","","","","","","","","","","","","","ns1.ipage.com","ns2.ipage.com","","","OK","","",""
"34","therapyinmovementllc.biz","2020-05-06 05:33:15","2020-04-29","2020-05-04","2021-04-29","146","GoDaddy.com, LLC","whois.godaddy.com","http://registrar.godaddy.com","Domains By Proxy, LLC","Domains By Proxy, LLC","","","Arizona","","United States","","","","","","","","","","","","","","","","","","","","","","","","","","","","","","","","","","ns57.domaincontrol.com","ns58.domaincontrol.com","","","clientDeleteProhibited","clientRenewProhibited","clientTransferProhibited","clientUpdateProhibited"
"35","thereptilehouse.biz","2020-05-06 05:32:34","2020-04-29","2020-05-04","2022-04-29","2","Network Solutions, LLC","whois.networksolutions.com","http://networksolutions.com","","","","","FL","","United States","","","","","","","","","","","","","","","","","","","","","","","","","","","","","","","","","","ns4.wixdns.net","ns5.wixdns.net","","","clientTransferProhibited","","",""
"36","thewood.biz","2020-05-06 05:27:01","2020-04-29","2020-05-04","2021-04-29","65","DomainPeople, Inc.","whois.domainpeople.com","http://www.domainpeople.com","Data Protected","Data Protected","","","WA","","United States","","","","","","","","","","","","","","","","","","","","","","","","","","","","","","","","","","adns.cs.siteprotect.com","bdns.cs.siteprotect.com","","","clientTransferProhibited","","",""
"37","townhouses.biz","2020-05-06 05:02:50","2020-04-29","2020-05-04","2021-04-29","303","PDR Ltd. d/b/a PublicDomainRegistry.com","whois.publicdomainregistry.com","http://www.publicdomainregistry.com","Privacy Protect, LLC (PrivacyProtect.org)","Privacy Protect, LLC (PrivacyProtect.org)","","","MA","","United States","","","","","","","","","","","","","","","","","","","","","","","","","","","","","","","","","","ns1.whois.com","ns2.whois.com","ns3.whois.com","ns4.whois.com","clientTransferProhibited","","",""
"38","trucksnb.biz","2020-05-06 04:39:45","2020-04-29","2020-05-04","2021-04-29","433","OVH sas","whois.ovh.com","http://www.ovh.com","","","","","","","France","","","","","","","","","","","","","","","","","","","","","","","","","","","","","","","","","","dns110.ovh.net","ns110.ovh.net","","","clientDeleteProhibited","clientTransferProhibited","",""
"39","trustdata.biz","2020-05-06 04:26:37","2020-04-29","2020-05-04","2021-04-29","146","GoDaddy.com, LLC","whois.godaddy.com","http://registrar.godaddy.com","INFOREXX ltd","INFOREXX ltd","","","London","","United Kingdom","","","","","","","","","","","","","","","","","","","","","","","","","","","","","","","","","","ns33.domaincontrol.com","ns34.domaincontrol.com","","","clientDeleteProhibited","clientRenewProhibited","clientTransferProhibited","clientUpdateProhibited"
"40","ts3klan.biz","2020-05-06 04:30:06","2020-04-29","2020-05-04","2021-04-29","146","GoDaddy.com, LLC","whois.godaddy.com","http://registrar.godaddy.com","CrewB\u0130l","CrewB\u0130l","","","Alaska","","Turkey","","","","","","","","","","","","","","","","","","","","","","","","","","","","","","","","","","ns07.domaincontrol.com","ns08.domaincontrol.com","","","clientDeleteProhibited","clientRenewProhibited","clientTransferProhibited","clientUpdateProhibited"
"41","urduse.com","2020-05-01 23:09:34","2020-04-29","2020-04-29","2021-04-29","1154","FastDomain Inc.","whois.fastdomain.com","http://www.fastdomain.com","DOMAIN PRIVACY SERVICE FBO REGISTRANT","THE ENDURANCE INTERNATIONAL GROUP, INC.","10 CORPORATE DR, STE 300","BURLINGTON","MASSACHUSETTS","01803","United States","whois@bluehost.com","+1.8017659400","","DOMAIN PRIVACY SERVICE FBO REGISTRANT","THE ENDURANCE INTERNATIONAL GROUP, INC.","10 CORPORATE DR, STE 300","BURLINGTON","MASSACHUSETTS","01803","United States","whois@bluehost.com","+1.8017659400","","DOMAIN PRIVACY SERVICE FBO REGISTRANT","THE ENDURANCE INTERNATIONAL GROUP, INC.","10 CORPORATE DR, STE 300","BURLINGTON","MASSACHUSETTS","01803","United States","whois@bluehost.com","+1.8017659400","","","","","","","","","","","","ns1.bluehost.com","ns2.bluehost.com","","","clientTransferProhibited","","",""
"42","webonstore.com","2020-04-30 21:42:49","2020-04-29","2020-04-30","2021-04-29","69","Tucows Domains Inc.","whois.tucows.com","http://domainhelp.opensrs.net","REDACTED FOR PRIVACY","REDACTED FOR PRIVACY","REDACTED FOR PRIVACY","REDACTED FOR PRIVACY","Gauteng","REDACTED FOR PRIVACY","South Africa","","REDACTED FOR PRIVACY","REDACTED FOR PRIVACY","REDACTED FOR PRIVACY","REDACTED FOR PRIVACY","REDACTED FOR PRIVACY","REDACTED FOR PRIVACY","REDACTED FOR PRIVACY","REDACTED FOR PRIVACY","REDACTED FOR PRIVACY","","REDACTED FOR PRIVACY","REDACTED FOR PRIVACY","REDACTED FOR PRIVACY","REDACTED FOR PRIVACY","REDACTED FOR PRIVACY","REDACTED FOR PRIVACY","REDACTED FOR PRIVACY","REDACTED FOR PRIVACY","REDACTED FOR PRIVACY","","REDACTED FOR PRIVACY","REDACTED FOR PRIVACY","","","","","","","","","","","ns12.wixdns.net","ns13.wixdns.net","","","clientTransferProhibited","clientUpdateProhibited","",""
"43","xiaolian888.com","2020-05-07 01:15:24","2020-04-29","2020-04-29","2021-04-29","1915","West263 International Limited","whois.hkdns.hk","http://www.hkdns.hk","REDACTED FOR PRIVACY","REDACTED FOR PRIVACY","REDACTED FOR PRIVACY","Chengdu","Sichuan","REDACTED FOR PRIVACY","China","","REDACTED FOR PRIVACY","REDACTED FOR PRIVACY","REDACTED FOR PRIVACY","REDACTED FOR PRIVACY","REDACTED FOR PRIVACY","Chengdu","Sichuan","REDACTED FOR PRIVACY","China","","REDACTED FOR PRIVACY","REDACTED FOR PRIVACY","REDACTED FOR PRIVACY","REDACTED FOR PRIVACY","REDACTED FOR PRIVACY","Chengdu","Sichuan","REDACTED FOR PRIVACY","China","","REDACTED FOR PRIVACY","REDACTED FOR PRIVACY","","","","","","","","","","","ns3.myhostadmin.net","ns4.myhostadmin.net","","","OK","","",""
"44","yuqing9999.com","2020-05-06 21:48:00","2020-04-29","2020-04-29","2021-04-29","3824","Cloud Yuqu LLC","","","REDACTED FOR PRIVACY","REDACTED FOR PRIVACY","REDACTED FOR PRIVACY","Chengdu","Sichuan","REDACTED FOR PRIVACY","China","","REDACTED FOR PRIVACY","REDACTED FOR PRIVACY","REDACTED FOR PRIVACY","REDACTED FOR PRIVACY","REDACTED FOR PRIVACY","Chengdu","Sichuan","REDACTED FOR PRIVACY","China","","REDACTED FOR PRIVACY","REDACTED FOR PRIVACY","REDACTED FOR PRIVACY","REDACTED FOR PRIVACY","REDACTED FOR PRIVACY","Chengdu","Sichuan","REDACTED FOR PRIVACY","China","","REDACTED FOR PRIVACY","REDACTED FOR PRIVACY","","","","","","","","","","","ns5.myhostadmin.net","ns6.myhostadmin.net","","","OK","","",""
"45","zkgynb.com","2020-05-07 00:32:28","2020-04-29","2020-05-05","2021-04-29","420","HiChina Zhicheng Technology Limited","grs-whois.hichina.com","http://www.net.cn","","","","","Bei Jing","","China","","","","","","","","","","","","","","","","","","","","","","","","","","","","","","","","","","dns11.hichina.com","dns12.hichina.com","","","OK","","",""