"num","domain_name","query_time","create_date","update_date","expiry_date","domain_registrar_id","domain_registrar_name","domain_registrar_whois","domain_registrar_url","registrant_name","registrant_company","registrant_address","registrant_city","registrant_state","registrant_zip","registrant_country","registrant_email","registrant_phone","registrant_fax","administrative_name","administrative_company","administrative_address","administrative_city","administrative_state","administrative_zip","administrative_country","administrative_email","administrative_phone","administrative_fax","technical_name","technical_company","technical_address","technical_city","technical_state","technical_zip","technical_country","technical_email","technical_phone","technical_fax","billing_name","billing_company","billing_address","billing_city","billing_state","billing_zip","billing_country","billing_email","billing_phone","billing_fax","name_server_1","name_server_2","name_server_3","name_server_4","domain_status_1","domain_status_2","domain_status_3","domain_status_4"
"1","airwaterplughubs.com","2020-05-07 20:52:24","2020-05-05","2020-05-05","2021-05-05","57","Advanced Internet Technologies, Inc. (AIT)","whois.publicinterestregistry.net","http://www.ait.com","Peter  Ortmann","AngelPreneur Venture Group","11035 Lavender Hill Drive #160-410","las vegas","NV","89135","United States","peter@angelpreneurventures.com","+1.8054059255","","Peter  Ortmann","AngelPreneur Venture Group","11035 Lavender Hill Drive #160-410","las vegas","NV","89135","United States","peter@angelpreneurventures.com","+1.8054059255","","Peter  Ortmann","AngelPreneur Venture Group","11035 Lavender Hill Drive #160-410","las vegas","NV","89135","United States","peter@angelpreneurventures.com","+1.8054059255","","","","","","","","","","","","ns0.parkdomainwithait.com","ns1.parkdomainwithait.com","","","OK","","",""
"2","billiardsexpo.com","2020-05-07 19:09:38","2020-05-06","2020-05-06","2021-05-06","57","Advanced Internet Technologies, Inc. (AIT)","whois.publicinterestregistry.net","http://www.ait.com","Darryl  Walker","Darryl Walker","208 Lenox Avenue","Westfield","NJ","07090","United States","dns@wwwebsite.com","+1.9086544100","","Darryl  Walker","Darryl Walker","208 Lenox Avenue","Westfield","NJ","07090","United States","dns@wwwebsite.com","+1.9086544100","","Darryl  Walker","Darryl Walker","208 Lenox Avenue","Westfield","NJ","07090","United States","dns@wwwebsite.com","+1.9086544100","","","","","","","","","","","","ns0.westfieldnewjersey.com","ns1.westfieldnewjersey.com","ns2.westfieldnewjersey.com","","OK","","",""
"3","founding-fathers.biz","2020-05-07 16:03:44","2020-05-06","","2021-05-06","57","Advanced Internet Technologies, Inc. (AIT)","whois.publicinterestregistry.net","http://www.ait.com","Integrity Business Services, LLC","Integrity Business Services, LLC","","","CO","","United States","","","","","","","","","","","","","","","","","","","","","","","","","","","","","","","","","","ns1.bluehost.com","ns2.bluehost.com","","","addPeriod","ok","",""
"4","impactdrivenventures.com","2020-05-07 20:52:24","2020-05-05","2020-05-05","2021-05-05","57","Advanced Internet Technologies, Inc. (AIT)","whois.publicinterestregistry.net","http://www.ait.com","Peter  Ortmann","AngelPreneur Venture Group","11035 Lavender Hill Drive #160-410","las vegas","NV","89135","United States","peter@angelpreneurventures.com","+1.8054059255","","Peter  Ortmann","AngelPreneur Venture Group","11035 Lavender Hill Drive #160-410","las vegas","NV","89135","United States","peter@angelpreneurventures.com","+1.8054059255","","Peter  Ortmann","AngelPreneur Venture Group","11035 Lavender Hill Drive #160-410","las vegas","NV","89135","United States","peter@angelpreneurventures.com","+1.8054059255","","","","","","","","","","","","ns0.parkdomainwithait.com","ns1.parkdomainwithait.com","","","OK","","",""
"5","impactventureparks.com","2020-05-07 20:50:12","2020-05-05","2020-05-05","2021-05-05","57","Advanced Internet Technologies, Inc. (AIT)","whois.publicinterestregistry.net","http://www.ait.com","Peter  Ortmann","AngelPreneur Venture Group","11035 Lavender Hill Drive #160-410","las vegas","NV","89135","United States","peter@angelpreneurventures.com","+1.8054059255","","Peter  Ortmann","AngelPreneur Venture Group","11035 Lavender Hill Drive #160-410","las vegas","NV","89135","United States","peter@angelpreneurventures.com","+1.8054059255","","Peter  Ortmann","AngelPreneur Venture Group","11035 Lavender Hill Drive #160-410","las vegas","NV","89135","United States","peter@angelpreneurventures.com","+1.8054059255","","","","","","","","","","","","ns0.parkdomainwithait.com","ns1.parkdomainwithait.com","","","OK","","",""
"6","integratedsolarsystems.com","2020-05-07 20:52:25","2020-05-05","2020-05-05","2021-05-05","57","Advanced Internet Technologies, Inc. (AIT)","whois.publicinterestregistry.net","http://www.ait.com","Peter  Ortmann","AngelPreneur Venture Group","11035 Lavender Hill Drive #160-410","las vegas","NV","89135","United States","peter@angelpreneurventures.com","+1.8054059255","","Peter  Ortmann","AngelPreneur Venture Group","11035 Lavender Hill Drive #160-410","las vegas","NV","89135","United States","peter@angelpreneurventures.com","+1.8054059255","","Peter  Ortmann","AngelPreneur Venture Group","11035 Lavender Hill Drive #160-410","las vegas","NV","89135","United States","peter@angelpreneurventures.com","+1.8054059255","","","","","","","","","","","","ns0.parkdomainwithait.com","ns1.parkdomainwithait.com","","","OK","","",""
"7","jacquemichelleartworks.com","2020-05-07 20:33:00","2020-05-05","2020-05-05","2021-05-05","57","Advanced Internet Technologies, Inc. (AIT)","whois.publicinterestregistry.net","http://www.ait.com","Goozmo  Inc.","","1650 38th Street","Boulder","CO","80301","United States","domainname@goozmo.com","+1.8005197691","","Goozmo  Inc.","","1650 38th Street","Boulder","CO","80301","United States","domainname@goozmo.com","+1.8005197691","","Goozmo  Inc.","","1650 38th Street","Boulder","CO","80301","United States","domainname@goozmo.com","+1.8005197691","","","","","","","","","","","","ns1.goozmo.com","ns2.goozmo.com","","","OK","","",""
"8","publishedpage.net","2020-05-07 23:11:15","2020-05-05","2020-05-05","2021-05-05","57","Advanced Internet Technologies, Inc. (AIT)","whois.publicinterestregistry.net","http://www.ait.com","James  Hart","The Published Page Bookshop","PO Box 173214","Arlington","TX","76003","United States","jimhart@publishedpage.com","+1.8172170656","+1.4259202717","James  Hart","The Published Page Bookshop","PO Box 173214","Arlington","TX","76003","United States","jimhart@publishedpage.com","+1.8172170656","+1.4259202717","James  Hart","The Published Page Bookshop","PO Box 173214","Arlington","TX","76003","United States","jimhart@publishedpage.com","+1.8172170656","+1.4259202717","","","","","","","","","","","ns0.parkdomainwithait.com","ns1.parkdomainwithait.com","","","OK","","",""
"9","samtinic.com","2020-05-07 19:31:00","2020-05-05","2020-05-05","2021-05-05","57","Advanced Internet Technologies, Inc. (AIT)","whois.publicinterestregistry.net","http://www.ait.com","Hassan  Taleb","Talumm","calle+26N+%23+5an%2D50","Valle%2Bdel%2Bcauca","CAU","760046","Colombia","comercial@talumm.com","+57.3006525208","+57.3006525208","Hassan  Taleb","Talumm","calle+26N+%23+5an%2D50","Valle%2Bdel%2Bcauca","CAU","760046","Colombia","comercial@talumm.com","+57.3006525208","+57.3006525208","Hassan  Taleb","Talumm","calle+26N+%23+5an%2D50","Valle%2Bdel%2Bcauca","CAU","760046","Colombia","comercial@talumm.com","+57.3006525208","+57.3006525208","","","","","","","","","","","ns1.talumm.net","ns2.talumm.net","ns3.talumm.net","","OK","","",""