"num","domain_name","query_time","create_date","update_date","expiry_date","domain_registrar_id","domain_registrar_name","domain_registrar_whois","domain_registrar_url","registrant_name","registrant_company","registrant_address","registrant_city","registrant_state","registrant_zip","registrant_country","registrant_email","registrant_phone","registrant_fax","administrative_name","administrative_company","administrative_address","administrative_city","administrative_state","administrative_zip","administrative_country","administrative_email","administrative_phone","administrative_fax","technical_name","technical_company","technical_address","technical_city","technical_state","technical_zip","technical_country","technical_email","technical_phone","technical_fax","billing_name","billing_company","billing_address","billing_city","billing_state","billing_zip","billing_country","billing_email","billing_phone","billing_fax","name_server_1","name_server_2","name_server_3","name_server_4","domain_status_1","domain_status_2","domain_status_3","domain_status_4"
"1","artiststreaming.com","2020-05-07 19:35:35","2020-05-05","2020-05-05","2021-05-05","607","Annulet LLC","whois.ripn.net","http://www.annulet.com","This Domain For Sale Worldwide 3392225132","BuyDomains.com","10 Corporate Drive","Burlington","MA","01803","United States","brokerage@buydomains.com","+1-3392225132","+1-7818392801","This Domain For Sale Worldwide 3392225132","BuyDomains.com","10 Corporate Drive","Burlington","MA","01803","United States","brokerage@buydomains.com","+1-3392225132","+1-7818392801","This Domain For Sale Worldwide 3392225132","BuyDomains.com","10 Corporate Drive","Burlington","MA","01803","United States","brokerage@buydomains.com","+1-3392225132","+1-7818392801","","","","","","","","","","","ns.buydomains.com","this-domain-for-sale.com","","","OK","","",""
"2","blackcomposers.com","2020-05-07 20:18:01","2020-05-05","2020-05-05","2021-05-05","607","Annulet LLC","whois.ripn.net","http://www.annulet.com","This Domain For Sale Worldwide 3392225132","BuyDomains.com","10 Corporate Drive","Burlington","MA","01803","United States","brokerage@buydomains.com","+1-3392225132","+1-7818392801","This Domain For Sale Worldwide 3392225132","BuyDomains.com","10 Corporate Drive","Burlington","MA","01803","United States","brokerage@buydomains.com","+1-3392225132","+1-7818392801","This Domain For Sale Worldwide 3392225132","BuyDomains.com","10 Corporate Drive","Burlington","MA","01803","United States","brokerage@buydomains.com","+1-3392225132","+1-7818392801","","","","","","","","","","","ns.buydomains.com","this-domain-for-sale.com","","","OK","","",""
"3","differentiatedleadership.com","2020-05-07 20:14:41","2020-05-05","2020-05-05","2021-05-05","607","Annulet LLC","whois.ripn.net","http://www.annulet.com","This Domain For Sale Worldwide 3392225132","BuyDomains.com","10 Corporate Drive","Burlington","MA","01803","United States","brokerage@buydomains.com","+1-3392225132","+1-7818392801","This Domain For Sale Worldwide 3392225132","BuyDomains.com","10 Corporate Drive","Burlington","MA","01803","United States","brokerage@buydomains.com","+1-3392225132","+1-7818392801","This Domain For Sale Worldwide 3392225132","BuyDomains.com","10 Corporate Drive","Burlington","MA","01803","United States","brokerage@buydomains.com","+1-3392225132","+1-7818392801","","","","","","","","","","","ns.buydomains.com","this-domain-for-sale.com","","","OK","","",""
"4","geniusgenesis.com","2020-05-07 20:09:11","2020-05-05","2020-05-05","2021-05-05","607","Annulet LLC","whois.ripn.net","http://www.annulet.com","This Domain For Sale Worldwide 3392225132","BuyDomains.com","10 Corporate Drive","Burlington","MA","01803","United States","brokerage@buydomains.com","+1-3392225132","+1-7818392801","This Domain For Sale Worldwide 3392225132","BuyDomains.com","10 Corporate Drive","Burlington","MA","01803","United States","brokerage@buydomains.com","+1-3392225132","+1-7818392801","This Domain For Sale Worldwide 3392225132","BuyDomains.com","10 Corporate Drive","Burlington","MA","01803","United States","brokerage@buydomains.com","+1-3392225132","+1-7818392801","","","","","","","","","","","ns.buydomains.com","this-domain-for-sale.com","","","OK","","",""
"5","gerrol.com","2020-05-07 20:08:28","2020-05-05","2020-05-05","2021-05-05","607","Annulet LLC","whois.ripn.net","http://www.annulet.com","This Domain For Sale Worldwide 3392225132","BuyDomains.com","10 Corporate Drive","Burlington","MA","01803","United States","brokerage@buydomains.com","+1-3392225132","+1-7818392801","This Domain For Sale Worldwide 3392225132","BuyDomains.com","10 Corporate Drive","Burlington","MA","01803","United States","brokerage@buydomains.com","+1-3392225132","+1-7818392801","This Domain For Sale Worldwide 3392225132","BuyDomains.com","10 Corporate Drive","Burlington","MA","01803","United States","brokerage@buydomains.com","+1-3392225132","+1-7818392801","","","","","","","","","","","ns.buydomains.com","this-domain-for-sale.com","","","OK","","",""
"6","microtechsupply.com","2020-05-07 19:36:40","2020-05-05","2020-05-05","2021-05-05","607","Annulet LLC","whois.ripn.net","http://www.annulet.com","This Domain For Sale Worldwide 3392225132","BuyDomains.com","10 Corporate Drive","Burlington","MA","01803","United States","brokerage@buydomains.com","+1-3392225132","+1-7818392801","This Domain For Sale Worldwide 3392225132","BuyDomains.com","10 Corporate Drive","Burlington","MA","01803","United States","brokerage@buydomains.com","+1-3392225132","+1-7818392801","This Domain For Sale Worldwide 3392225132","BuyDomains.com","10 Corporate Drive","Burlington","MA","01803","United States","brokerage@buydomains.com","+1-3392225132","+1-7818392801","","","","","","","","","","","ns.buydomains.com","this-domain-for-sale.com","","","OK","","",""
"7","smartconvey.com","2020-05-07 19:33:17","2020-05-05","2020-05-05","2021-05-05","607","Annulet LLC","whois.ripn.net","http://www.annulet.com","This Domain For Sale Worldwide 3392225132","BuyDomains.com","10 Corporate Drive","Burlington","MA","01803","United States","brokerage@buydomains.com","+1-3392225132","+1-7818392801","This Domain For Sale Worldwide 3392225132","BuyDomains.com","10 Corporate Drive","Burlington","MA","01803","United States","brokerage@buydomains.com","+1-3392225132","+1-7818392801","This Domain For Sale Worldwide 3392225132","BuyDomains.com","10 Corporate Drive","Burlington","MA","01803","United States","brokerage@buydomains.com","+1-3392225132","+1-7818392801","","","","","","","","","","","ns.buydomains.com","this-domain-for-sale.com","","","OK","","",""
"8","technologylitigation.com","2020-05-07 19:33:16","2020-05-05","2020-05-05","2021-05-05","607","Annulet LLC","whois.ripn.net","http://www.annulet.com","This Domain For Sale Worldwide 3392225132","BuyDomains.com","10 Corporate Drive","Burlington","MA","01803","United States","brokerage@buydomains.com","+1-3392225132","+1-7818392801","This Domain For Sale Worldwide 3392225132","BuyDomains.com","10 Corporate Drive","Burlington","MA","01803","United States","brokerage@buydomains.com","+1-3392225132","+1-7818392801","This Domain For Sale Worldwide 3392225132","BuyDomains.com","10 Corporate Drive","Burlington","MA","01803","United States","brokerage@buydomains.com","+1-3392225132","+1-7818392801","","","","","","","","","","","ns.buydomains.com","this-domain-for-sale.com","","","OK","","",""
"9","trueeating.com","2020-05-07 20:02:45","2020-05-05","2020-05-05","2021-05-05","607","Annulet LLC","whois.ripn.net","http://www.annulet.com","This Domain For Sale Worldwide 3392225132","BuyDomains.com","10 Corporate Drive","Burlington","MA","01803","United States","brokerage@buydomains.com","+1-3392225132","+1-7818392801","This Domain For Sale Worldwide 3392225132","BuyDomains.com","10 Corporate Drive","Burlington","MA","01803","United States","brokerage@buydomains.com","+1-3392225132","+1-7818392801","This Domain For Sale Worldwide 3392225132","BuyDomains.com","10 Corporate Drive","Burlington","MA","01803","United States","brokerage@buydomains.com","+1-3392225132","+1-7818392801","","","","","","","","","","","ns.buydomains.com","this-domain-for-sale.com","","","OK","","",""
"10","unchartedgarden.com","2020-05-07 20:11:17","2020-05-05","2020-05-05","2021-05-05","607","Annulet LLC","whois.ripn.net","http://www.annulet.com","This Domain For Sale Worldwide 3392225132","BuyDomains.com","10 Corporate Drive","Burlington","MA","01803","United States","brokerage@buydomains.com","+1-3392225132","+1-7818392801","This Domain For Sale Worldwide 3392225132","BuyDomains.com","10 Corporate Drive","Burlington","MA","01803","United States","brokerage@buydomains.com","+1-3392225132","+1-7818392801","This Domain For Sale Worldwide 3392225132","BuyDomains.com","10 Corporate Drive","Burlington","MA","01803","United States","brokerage@buydomains.com","+1-3392225132","+1-7818392801","","","","","","","","","","","ns.buydomains.com","this-domain-for-sale.com","","","OK","","",""