"num","domain_name","query_time","create_date","update_date","expiry_date","domain_registrar_id","domain_registrar_name","domain_registrar_whois","domain_registrar_url","registrant_name","registrant_company","registrant_address","registrant_city","registrant_state","registrant_zip","registrant_country","registrant_email","registrant_phone","registrant_fax","administrative_name","administrative_company","administrative_address","administrative_city","administrative_state","administrative_zip","administrative_country","administrative_email","administrative_phone","administrative_fax","technical_name","technical_company","technical_address","technical_city","technical_state","technical_zip","technical_country","technical_email","technical_phone","technical_fax","billing_name","billing_company","billing_address","billing_city","billing_state","billing_zip","billing_country","billing_email","billing_phone","billing_fax","name_server_1","name_server_2","name_server_3","name_server_4","domain_status_1","domain_status_2","domain_status_3","domain_status_4"
"1","accesso-sicuro.info","2020-05-07 06:19:55","2020-05-05","","2021-05-05","1436","Center of Ukrainian Internet Names dba UKRNAMES","whois.publicinterestregistry.net","http://www.ukrnames.com","","","","","Cherepovets","","Russian Federation","","","","","","","","","","","","","","","","","","","","","","","","","","","","","","","","","","ns11.v-sys.org","ns12.v-sys.org","","","addPeriod","serverTransferProhibited","",""
"2","active-ox.com","2020-05-07 20:56:38","2020-05-06","2020-05-06","2021-05-06","1436","Center of Ukrainian Internet Names dba UKRNAMES","whois.publicinterestregistry.net","http://www.ukrnames.com","Sergej Siminenko","","65000, Odessa, Akademika Koroleva 92,  https://goo.gl/2VwEk9","Odessa","Odesskaya","65000","UKRAINE","company@ecohitek.com","+380.503365363","","Sergej Siminenko","Private person","65000, Odessa, Akademika Koroleva 92,  https://goo.gl/2VwEk9","Odessa","Odesskaya","65000","UKRAINE","company@ecohitek.com","+380.503365363","","Sergej Siminenko","Private person","65000, Odessa, Akademika Koroleva 92,","Odessa","Odesskaya","65000","UKRAINE","company@ecohitek.com","+380.503365363","","","","","","","","","","","","ns1.ukrnames.com","ns2.ukrnames.com","ns3.ukrnames.com","ns4.ukrnames.ua","OK","","",""
"3","alhabib1.com","2020-05-07 21:17:39","2020-05-06","2020-05-06","2021-05-06","1436","Center of Ukrainian Internet Names dba UKRNAMES","whois.publicinterestregistry.net","http://www.ukrnames.com","Abd Abdallah","","lesi ukrainki, 13","Kiev","Kievskaya","01133","UKRAINE","abdallah.1990ua@gmail.com","+7.31277777","","Abd Abdallah","","lesi ukrainki, 13","Kiev","Kievskaya","01133","UKRAINE","abdallah.1990ua@gmail.com","+7.31277777","","Abd Abdallah","","lesi ukrainki, 13","Kiev","Kievskaya","01133","UKRAINE","abdallah.1990ua@gmail.com","+7.31277777","","","","","","","","","","","","vps1.hyperhost.ua","vps2.hyperhost.ua","","","OK","","",""
"4","bestseller2you.com","2020-05-07 20:41:18","2020-05-05","2020-05-05","2021-05-05","1436","Center of Ukrainian Internet Names dba UKRNAMES","whois.publicinterestregistry.net","http://www.ukrnames.com","Anna Adom","","01032, Kiev, ul. Lva Tolstogo,  47/107,  24 https://goo.gl/2VwEk9","Kiev","Kievskaya","01032","UKRAINE","bestseller2you.com@gmail.com","+380.639639392","","Anna Adom","Private person","01032, Kiev, ul. Lva Tolstogo,  47/107,  24 https://goo.gl/2VwEk9","Kiev","Kievskaya","01032","UKRAINE","bestseller2you.com@gmail.com","+380.639639392","","Anna Adom","Private person","01032, Kiev, ul. Lva Tolstogo,  47/107,  24","Kiev","Kievskaya","01032","UKRAINE","bestseller2you.com@gmail.com","+380.639639392","","","","","","","","","","","","ns1.west-hoster.by","ns2.west-hoster.by","ns3.west-hoster.by","ns4.west-hoster.by","OK","","",""
"5","bisanbud.com","2020-05-07 20:09:44","2020-05-05","2020-05-05","2021-05-05","1436","Center of Ukrainian Internet Names dba UKRNAMES","whois.publicinterestregistry.net","http://www.ukrnames.com","Andrij Karapinka","","81131, Solonka, Orlika,  1b https://goo.gl/2VwEk9","Solonka","Lvivska","81131","UKRAINE","bisanbud@ukr.net","+380.983108114","","Andrij Karapinka","Private person","81131, Solonka, Orlika,  1b https://goo.gl/2VwEk9","Solonka","Lvivska","81131","UKRAINE","bisanbud@ukr.net","+380.983108114","","Andrij Karapinka","Private person","81131, Solonka, Orlika,  1b","Solonka","Lvivska","81131","UKRAINE","bisanbud@ukr.net","+380.983108114","","","","","","","","","","","","ns1.host.ukrnames.com","ns2.host.ukrnames.com","","","OK","","",""
"6","euro-opt.net","2020-05-07 23:20:36","2020-05-05","2020-05-05","2021-05-05","1436","Center of Ukrainian Internet Names dba UKRNAMES","whois.publicinterestregistry.net","http://www.ukrnames.com","Konstantin Voloshin","","49101, Dnepr, Vladimira Antonovicha,  6,  326 https://goo.gl/2VwEk9","Dnepr","Dnepropetrovskaya","49101","UKRAINE","germes.tabak.ukraina@gmail.com","+380.675236669","","Konstantin Voloshin","OOO Germes TABAK","49101, Dnepr, Vladimira Antonovicha,  6,  326 https://goo.gl/2VwEk9","Dnepr","Dnepropetrovskaya","49101","UKRAINE","germes.tabak.ukraina@gmail.com","+380.675236669","","Konstantin Voloshin","OOO Germes TABAK","49101, Dnepr, Vladimira Antonovicha,  6,  326","Dnepr","Dnepropetrovskaya","49101","UKRAINE","germes.tabak.ukraina@gmail.com","+380.675236669","","","","","","","","","","","","ns1.dns-parking.com","ns2.dns-parking.com","","","OK","","",""
"7","ingridkoblevo.com","2020-05-07 19:21:45","2020-05-06","2020-05-06","2021-05-06","1436","Center of Ukrainian Internet Names dba UKRNAMES","whois.publicinterestregistry.net","http://www.ukrnames.com","Daryna Kovalova","","57453, Kobleve, Mury,  3 https://goo.gl/2VwEk9","Kobleve","Nikolaevskaya","57453","UKRAINE","darinakovaliova@gmail.com","+380.977949492","","Daryna Kovalova","Private person","57453, Kobleve, Mury,  3 https://goo.gl/2VwEk9","Kobleve","Nikolaevskaya","57453","UKRAINE","darinakovaliova@gmail.com","+380.977949492","","Daryna Kovalova","Private person","57453, Kobleve, Mury,  3","Kobleve","Nikolaevskaya","57453","UKRAINE","darinakovaliova@gmail.com","+380.977949492","","","","","","","","","","","","ns1.ukrnames.com","ns2.ukrnames.com","ns3.ukrnames.com","ns4.ukrnames.ua","OK","","",""
"8","java-remote.com","2020-05-07 21:09:43","2020-05-06","2020-05-06","2021-05-06","1436","Center of Ukrainian Internet Names dba UKRNAMES","whois.publicinterestregistry.net","http://www.ukrnames.com","Igor Rubinshtejn","","01004, Kiev, Saksaganskogo,  12a https://goo.gl/2VwEk9","Kiev","Kievskaya","01004","UKRAINE","rubinsteinigor@gmail.com","+380.674034817","","Igor Rubinshtejn","Private person","01004, Kiev, Saksaganskogo,  12a https://goo.gl/2VwEk9","Kiev","Kievskaya","01004","UKRAINE","rubinsteinigor@gmail.com","+380.674034817","","Igor Rubinshtejn","Private person","01004, Kiev, Saksaganskogo,  12a","Kiev","Kievskaya","01004","UKRAINE","rubinsteinigor@gmail.com","+380.674034817","","","","","","","","","","","","ns13.inhostedns.com","ns23.inhostedns.net","ns33.inhostedns.org","","OK","","",""
"9","javascript-remote.com","2020-05-07 19:17:48","2020-05-06","2020-05-06","2021-05-06","1436","Center of Ukrainian Internet Names dba UKRNAMES","whois.publicinterestregistry.net","http://www.ukrnames.com","Igor Rubinshtejn","","01004, Kiev, Saksaganskogo,  12a https://goo.gl/2VwEk9","Kiev","Kievskaya","01004","UKRAINE","rubinsteinigor@gmail.com","+380.674034817","","Igor Rubinshtejn","Private person","01004, Kiev, Saksaganskogo,  12a https://goo.gl/2VwEk9","Kiev","Kievskaya","01004","UKRAINE","rubinsteinigor@gmail.com","+380.674034817","","Igor Rubinshtejn","Private person","01004, Kiev, Saksaganskogo,  12a","Kiev","Kievskaya","01004","UKRAINE","rubinsteinigor@gmail.com","+380.674034817","","","","","","","","","","","","ns13.inhostedns.com","ns23.inhostedns.net","ns33.inhostedns.org","","OK","","",""
"10","kazzak-news.net","2020-05-07 19:00:39","2020-05-05","2020-05-05","2021-05-05","1436","Center of Ukrainian Internet Names dba UKRNAMES","whois.publicinterestregistry.net","http://www.ukrnames.com","Aleksandr Petrov","","Malishka 11/94","Kiev","Kievskaya","02092","UKRAINE","viktorianewsss@gmail.com","+93.3967047","","Aleksandr Petrov","","Malishka 11/94","Kiev","Kievskaya","02092","UKRAINE","viktorianewsss@gmail.com","+93.3967047","","Aleksandr Petrov","","Malishka 11/94","Kiev","Kievskaya","02092","UKRAINE","viktorianewsss@gmail.com","+93.3967047","","","","","","","","","","","","ns1.wphost.me","ns2.wphost.me","","","OK","","",""
"11","localcrrush.com","2020-05-07 20:48:36","2020-05-05","2020-05-05","2021-05-05","1436","Center of Ukrainian Internet Names dba UKRNAMES","whois.publicinterestregistry.net","http://www.ukrnames.com","Kotov Alexey","","6507 Woodman ave","Van nuys","CA","91401","UKRAINE","boxing8801@gmail.com","+34.73025150","","Kotov Alexey","","6507 Woodman ave","Van nuys","CA","91401","UKRAINE","boxing8801@gmail.com","+34.73025150","","Kotov Alexey","","6507 Woodman ave","Van nuys","CA","91401","UKRAINE","boxing8801@gmail.com","+34.73025150","","","","","","","","","","","","dns1.hyperhost.ua","dns2.hyperhost.ua","","","OK","","",""
"12","mistershokola.com","2020-05-07 21:03:51","2020-05-06","2020-05-06","2021-05-06","1436","Center of Ukrainian Internet Names dba UKRNAMES","whois.publicinterestregistry.net","http://www.ukrnames.com","Richard Ross","","915 SE 2 Court","Ft. Lauderdale","FL","33301","UKRAINE","mail@weblium.com","+1.4806242599","+1.4806242599","Richard Ross","Jetimpex Inc","915 SE 2 Court","Ft. Lauderdale","FL","33301","UKRAINE","mail@weblium.com","+1.4806242599","+1.4806242599","Richard Ross","Jetimpex Inc","915 SE 2 Court","Ft. Lauderdale","FL","33301","UKRAINE","mail@weblium.com","+1.4806242599","+1.4806242599","","","","","","","","","","","ns1.weblium.com","ns2.weblium.com","ns3.weblium.com","ns4.weblium.com","OK","","",""
"13","nouvellawall.com","2020-05-07 20:56:14","2020-05-05","2020-05-05","2021-05-05","1436","Center of Ukrainian Internet Names dba UKRNAMES","whois.publicinterestregistry.net","http://www.ukrnames.com","Elena Gordienko","","49107, Dnepropetrovsk, Garazhnaya,  30,  2 https://goo.gl/2VwEk9","Dnepropetrovsk","Dnipropetrovska oblast","49107","UKRAINE","feminaelena@gmail.com","+380.502667274","","Elena Gordienko","Private person","49107, Dnepropetrovsk, Garazhnaya,  30,  2 https://goo.gl/2VwEk9","Dnepropetrovsk","Dnipropetrovska oblast","49107","UKRAINE","feminaelena@gmail.com","+380.502667274","","Elena Gordienko","Private person","49107, Dnepropetrovsk, Garazhnaya,  30,  2","Dnepropetrovsk","Dnipropetrovska oblast","49107","UKRAINE","feminaelena@gmail.com","+380.502667274","","","","","","","","","","","","ns1.ukrnames.com","ns2.ukrnames.com","ns3.ukrnames.com","ns4.ukrnames.ua","OK","","",""
"14","numouty.com","2020-05-07 21:07:08","2020-05-06","2020-05-06","2021-05-06","1436","Center of Ukrainian Internet Names dba UKRNAMES","whois.publicinterestregistry.net","http://www.ukrnames.com","Richard Ross","","915 SE 2 Court","Ft. Lauderdale","FL","33301","UKRAINE","mail@weblium.com","+1.4806242599","+1.4806242599","Richard Ross","Jetimpex Inc","915 SE 2 Court","Ft. Lauderdale","FL","33301","UKRAINE","mail@weblium.com","+1.4806242599","+1.4806242599","Richard Ross","Jetimpex Inc","915 SE 2 Court","Ft. Lauderdale","FL","33301","UKRAINE","mail@weblium.com","+1.4806242599","+1.4806242599","","","","","","","","","","","ns1.weblium.com","ns2.weblium.com","ns3.weblium.com","ns4.weblium.com","OK","","",""
"15","orhan-ninexx.com","2020-05-07 20:08:59","2020-05-05","2020-05-05","2021-05-05","1436","Center of Ukrainian Internet Names dba UKRNAMES","whois.publicinterestregistry.net","http://www.ukrnames.com","Richard Ross","","915 SE 2 Court","Ft. Lauderdale","FL","33301","UKRAINE","mail@weblium.com","+1.4806242599","+1.4806242599","Richard Ross","Jetimpex Inc","915 SE 2 Court","Ft. Lauderdale","FL","33301","UKRAINE","mail@weblium.com","+1.4806242599","+1.4806242599","Richard Ross","Jetimpex Inc","915 SE 2 Court","Ft. Lauderdale","FL","33301","UKRAINE","mail@weblium.com","+1.4806242599","+1.4806242599","","","","","","","","","","","ns1.weblium.com","ns2.weblium.com","ns3.weblium.com","ns4.weblium.com","OK","","",""
"16","php-remote.com","2020-05-07 21:09:43","2020-05-06","2020-05-06","2021-05-06","1436","Center of Ukrainian Internet Names dba UKRNAMES","whois.publicinterestregistry.net","http://www.ukrnames.com","Igor Rubinshtejn","","01004, Kiev, Saksaganskogo,  12a https://goo.gl/2VwEk9","Kiev","Kievskaya","01004","UKRAINE","rubinsteinigor@gmail.com","+380.674034817","","Igor Rubinshtejn","Private person","01004, Kiev, Saksaganskogo,  12a https://goo.gl/2VwEk9","Kiev","Kievskaya","01004","UKRAINE","rubinsteinigor@gmail.com","+380.674034817","","Igor Rubinshtejn","Private person","01004, Kiev, Saksaganskogo,  12a","Kiev","Kievskaya","01004","UKRAINE","rubinsteinigor@gmail.com","+380.674034817","","","","","","","","","","","","ns13.inhostedns.com","ns23.inhostedns.net","ns33.inhostedns.org","","OK","","",""
"17","pythonremote.com","2020-05-07 21:09:44","2020-05-06","2020-05-06","2021-05-06","1436","Center of Ukrainian Internet Names dba UKRNAMES","whois.publicinterestregistry.net","http://www.ukrnames.com","Igor Rubinshtejn","","01004, Kiev, Saksaganskogo,  12a https://goo.gl/2VwEk9","Kiev","Kievskaya","01004","UKRAINE","rubinsteinigor@gmail.com","+380.674034817","","Igor Rubinshtejn","Private person","01004, Kiev, Saksaganskogo,  12a https://goo.gl/2VwEk9","Kiev","Kievskaya","01004","UKRAINE","rubinsteinigor@gmail.com","+380.674034817","","Igor Rubinshtejn","Private person","01004, Kiev, Saksaganskogo,  12a","Kiev","Kievskaya","01004","UKRAINE","rubinsteinigor@gmail.com","+380.674034817","","","","","","","","","","","","ns13.inhostedns.com","ns23.inhostedns.net","ns33.inhostedns.org","","OK","","",""
"18","qr-cod.com","2020-05-07 20:29:55","2020-05-05","2020-05-05","2021-05-05","1436","Center of Ukrainian Internet Names dba UKRNAMES","whois.publicinterestregistry.net","http://www.ukrnames.com","Vasyl Dymarev","","Haharina st. 18b","Cherepovets","Cherepovets","630545","RUSSIAN FEDERATION","qr-code423@protonmail.com","+1.2344567","","Vasyl Dymarev","","Haharina st. 18b","Cherepovets","Cherepovets","630545","RUSSIAN FEDERATION","qr-code423@protonmail.com","+1.2344567","","Vasyl Dymarev","","Haharina st. 18b","Cherepovets","Cherepovets","630545","RUSSIAN FEDERATION","qr-code423@protonmail.com","+1.2344567","","","","","","","","","","","","ns11.cloudns.net","ns12.cloudns.net","pns11.cloudns.net","pns12.cloudns.net","OK","","",""
"19","rainbinary.com","2020-05-07 20:21:43","2020-05-06","2020-05-06","2021-05-06","1436","Center of Ukrainian Internet Names dba UKRNAMES","whois.publicinterestregistry.net","http://www.ukrnames.com","Hvosting Hvosting","","02222, Kiev, Kyiv,  https://goo.gl/2VwEk9","Kiev","Kievskaya","02222","UKRAINE","hostmaster@hvosting.ua","+380.672334957","","Hvosting Hvosting","Hvosting.ua","02222, Kiev, Kyiv,  https://goo.gl/2VwEk9","Kiev","Kievskaya","02222","UKRAINE","hostmaster@hvosting.ua","+380.672334957","","Hvosting Hvosting","Hvosting.ua","02222, Kiev, Kyiv,","Kiev","Kievskaya","02222","Ukraine","hostmaster@hvosting.ua","+380.672334957","","","","","","","","","","","","ns1.h69.hvosting.ua","ns2.h69.hvosting.ua","","","OK","","",""
"20","sekort.com","2020-05-07 01:36:36","2020-05-04","2020-05-04","2021-05-04","1436","Center of Ukrainian Internet Names dba UKRNAMES","whois.publicinterestregistry.net","http://www.ukrnames.com","Irina Grechana","","Ulitnaia 31","Kiev","Kiev","03115","UKRAINE","gre4ka@email.ua","+380.994049032","+380.994049032","Irina Grechana","","Ulitnaia 31","Kiev","Kiev","03115","UKRAINE","gre4ka@email.ua","+380.994049032","+380.994049032","Irina Grechana","","Ulitnaia 31","Kiev","Kiev","03115","UKRAINE","gre4ka@email.ua","+380.994049032","+380.994049032","","","","","","","","","","","ns1.isplevel.name","ns2.isplevel.name","","","OK","","",""
"21","websitesuntangled.com","2020-05-07 21:01:30","2020-05-06","2020-05-06","2021-05-06","1436","Center of Ukrainian Internet Names dba UKRNAMES","whois.publicinterestregistry.net","http://www.ukrnames.com","Richard Ross","","915 SE 2 Court","Ft. Lauderdale","FL","33301","UKRAINE","mail@weblium.com","+1.4806242599","+1.4806242599","Richard Ross","Jetimpex Inc","915 SE 2 Court","Ft. Lauderdale","FL","33301","UKRAINE","mail@weblium.com","+1.4806242599","+1.4806242599","Richard Ross","Jetimpex Inc","915 SE 2 Court","Ft. Lauderdale","FL","33301","UKRAINE","mail@weblium.com","+1.4806242599","+1.4806242599","","","","","","","","","","","ns1.weblium.com","ns2.weblium.com","ns3.weblium.com","ns4.weblium.com","OK","","",""