"num","domain_name","query_time","create_date","update_date","expiry_date","domain_registrar_id","domain_registrar_name","domain_registrar_whois","domain_registrar_url","registrant_name","registrant_company","registrant_address","registrant_city","registrant_state","registrant_zip","registrant_country","registrant_email","registrant_phone","registrant_fax","administrative_name","administrative_company","administrative_address","administrative_city","administrative_state","administrative_zip","administrative_country","administrative_email","administrative_phone","administrative_fax","technical_name","technical_company","technical_address","technical_city","technical_state","technical_zip","technical_country","technical_email","technical_phone","technical_fax","billing_name","billing_company","billing_address","billing_city","billing_state","billing_zip","billing_country","billing_email","billing_phone","billing_fax","name_server_1","name_server_2","name_server_3","name_server_4","domain_status_1","domain_status_2","domain_status_3","domain_status_4"
"1","06-2901778.com","2020-05-07 21:09:46","2020-05-06","2020-05-06","2021-05-06","1527","DOMAIN NAME NETWORK PTY LTD","whois.ename.com","http://www.ename.com","","","","","Guangdong","","China","","","","","","","","","","","","","","","","","","","","","","","","","","","","","","","","","","dns3.dns.com","dns4.dns.com","","","clientDeleteProhibited","clientTransferProhibited","",""
"2","3cwowsf.com","2020-05-07 21:14:48","2020-05-06","2020-05-06","2021-05-06","1527","DOMAIN NAME NETWORK PTY LTD","whois.ename.com","http://www.ename.com","","","","","Guangdong","","China","","","","","","","","","","","","","","","","","","","","","","","","","","","","","","","","","","dns3.dns.com","dns4.dns.com","","","clientDeleteProhibited","clientTransferProhibited","",""
"3","4006688238.com","2020-05-07 21:09:53","2020-05-06","2020-05-06","2021-05-06","1527","DOMAIN NAME NETWORK PTY LTD","whois.ename.com","http://www.ename.com","","","","","Guangdong","","China","","","","","","","","","","","","","","","","","","","","","","","","","","","","","","","","","","dns3.dns.com","dns4.dns.com","","","clientDeleteProhibited","clientTransferProhibited","",""
"4","51dianchaoguo.com","2020-05-07 21:09:54","2020-05-06","2020-05-06","2021-05-06","1527","DOMAIN NAME NETWORK PTY LTD","whois.ename.com","http://www.ename.com","","","","","Guangdong","","China","","","","","","","","","","","","","","","","","","","","","","","","","","","","","","","","","","dns3.dns.com","dns4.dns.com","","","clientDeleteProhibited","clientTransferProhibited","",""
"5","51jinggangshan.com","2020-05-07 21:10:34","2020-05-06","2020-05-06","2021-05-06","1527","DOMAIN NAME NETWORK PTY LTD","whois.ename.com","http://www.ename.com","","","","","Guangdong","","China","","","","","","","","","","","","","","","","","","","","","","","","","","","","","","","","","","dns3.dns.com","dns4.dns.com","","","clientDeleteProhibited","clientTransferProhibited","",""
"6","51jiuhuashan.com","2020-05-07 21:09:45","2020-05-06","2020-05-06","2021-05-06","1527","DOMAIN NAME NETWORK PTY LTD","whois.ename.com","http://www.ename.com","","","","","Guangdong","","China","","","","","","","","","","","","","","","","","","","","","","","","","","","","","","","","","","dns3.dns.com","dns4.dns.com","","","clientDeleteProhibited","clientTransferProhibited","",""
"7","51shennongjia.com","2020-05-07 21:09:39","2020-05-06","2020-05-06","2021-05-06","1527","DOMAIN NAME NETWORK PTY LTD","whois.ename.com","http://www.ename.com","","","","","Guangdong","","China","","","","","","","","","","","","","","","","","","","","","","","","","","","","","","","","","","dns3.dns.com","dns4.dns.com","","","clientDeleteProhibited","clientTransferProhibited","",""
"8","51tianzhushan.com","2020-05-07 21:09:42","2020-05-06","2020-05-06","2021-05-06","1527","DOMAIN NAME NETWORK PTY LTD","whois.ename.com","http://www.ename.com","","","","","Guangdong","","China","","","","","","","","","","","","","","","","","","","","","","","","","","","","","","","","","","dns3.dns.com","dns4.dns.com","","","clientDeleteProhibited","clientTransferProhibited","",""
"9","51zhangjiajie.com","2020-05-07 21:09:51","2020-05-06","2020-05-06","2021-05-06","1527","DOMAIN NAME NETWORK PTY LTD","whois.ename.com","http://www.ename.com","","","","","Guangdong","","China","","","","","","","","","","","","","","","","","","","","","","","","","","","","","","","","","","dns3.dns.com","dns4.dns.com","","","clientDeleteProhibited","clientTransferProhibited","",""
"10","antakidsapp.com","2020-05-07 21:09:51","2020-05-06","2020-05-06","2021-05-06","1527","DOMAIN NAME NETWORK PTY LTD","whois.ename.com","http://www.ename.com","","","","","Guangdong","","China","","","","","","","","","","","","","","","","","","","","","","","","","","","","","","","","","","dns3.dns.com","dns4.dns.com","","","clientDeleteProhibited","clientTransferProhibited","",""
"11","chankuongkei.com","2020-05-07 21:10:30","2020-05-06","2020-05-06","2021-05-06","1527","DOMAIN NAME NETWORK PTY LTD","whois.ename.com","http://www.ename.com","","","","","Guangdong","","China","","","","","","","","","","","","","","","","","","","","","","","","","","","","","","","","","","dns3.dns.com","dns4.dns.com","","","clientDeleteProhibited","clientTransferProhibited","",""
"12","estate-miyamoto.com","2020-05-07 21:09:47","2020-05-06","2020-05-06","2021-05-06","1527","DOMAIN NAME NETWORK PTY LTD","whois.ename.com","http://www.ename.com","","","","","Guangdong","","China","","","","","","","","","","","","","","","","","","","","","","","","","","","","","","","","","","dns3.dns.com","dns4.dns.com","","","clientDeleteProhibited","clientTransferProhibited","",""
"13","firetaw.com","2020-05-07 21:09:49","2020-05-06","2020-05-06","2021-05-06","1527","DOMAIN NAME NETWORK PTY LTD","whois.ename.com","http://www.ename.com","","","","","Guangdong","","China","","","","","","","","","","","","","","","","","","","","","","","","","","","","","","","","","","dns3.dns.com","dns4.dns.com","","","clientDeleteProhibited","clientTransferProhibited","",""
"14","gp00678.com","2020-05-07 21:09:40","2020-05-06","2020-05-06","2021-05-06","1527","DOMAIN NAME NETWORK PTY LTD","whois.ename.com","http://www.ename.com","","","","","Guangdong","","China","","","","","","","","","","","","","","","","","","","","","","","","","","","","","","","","","","dns3.dns.com","dns4.dns.com","","","clientDeleteProhibited","clientTransferProhibited","",""
"15","guozhen-songhuafen.com","2020-05-07 21:09:41","2020-05-06","2020-05-06","2021-05-06","1527","DOMAIN NAME NETWORK PTY LTD","whois.ename.com","http://www.ename.com","","","","","Guangdong","","China","","","","","","","","","","","","","","","","","","","","","","","","","","","","","","","","","","dns3.dns.com","dns4.dns.com","","","clientDeleteProhibited","clientTransferProhibited","",""
"16","hybkk.com","2020-05-07 21:09:50","2020-05-06","2020-05-06","2021-05-06","1527","DOMAIN NAME NETWORK PTY LTD","whois.ename.com","http://www.ename.com","","","","","Guangdong","","China","","","","","","","","","","","","","","","","","","","","","","","","","","","","","","","","","","dns3.dns.com","dns4.dns.com","","","clientDeleteProhibited","clientTransferProhibited","",""
"17","ilemonphone.com","2020-05-07 21:14:39","2020-05-06","2020-05-06","2021-05-06","1527","DOMAIN NAME NETWORK PTY LTD","whois.ename.com","http://www.ename.com","","","","","Guangdong","","China","","","","","","","","","","","","","","","","","","","","","","","","","","","","","","","","","","dns3.dns.com","dns4.dns.com","","","clientDeleteProhibited","clientTransferProhibited","",""
"18","jfczm.com","2020-05-07 21:10:37","2020-05-06","2020-05-06","2021-05-06","1527","DOMAIN NAME NETWORK PTY LTD","whois.ename.com","http://www.ename.com","","","","","Guangdong","","China","","","","","","","","","","","","","","","","","","","","","","","","","","","","","","","","","","dns3.dns.com","dns4.dns.com","","","clientDeleteProhibited","clientTransferProhibited","",""
"19","kckckckckckc.com","2020-05-07 21:09:45","2020-05-06","2020-05-06","2021-05-06","1527","DOMAIN NAME NETWORK PTY LTD","whois.ename.com","http://www.ename.com","","","","","Guangdong","","China","","","","","","","","","","","","","","","","","","","","","","","","","","","","","","","","","","dns3.dns.com","dns4.dns.com","","","clientDeleteProhibited","clientTransferProhibited","",""
"20","leptincafe.com","2020-05-07 21:09:54","2020-05-06","2020-05-06","2021-05-06","1527","DOMAIN NAME NETWORK PTY LTD","whois.ename.com","http://www.ename.com","","","","","Guangdong","","China","","","","","","","","","","","","","","","","","","","","","","","","","","","","","","","","","","dns3.dns.com","dns4.dns.com","","","clientDeleteProhibited","clientTransferProhibited","",""
"21","lz8pig.com","2020-05-07 21:14:46","2020-05-06","2020-05-06","2021-05-06","1527","DOMAIN NAME NETWORK PTY LTD","whois.ename.com","http://www.ename.com","","","","","Guangdong","","China","","","","","","","","","","","","","","","","","","","","","","","","","","","","","","","","","","dns3.dns.com","dns4.dns.com","","","clientDeleteProhibited","clientTransferProhibited","",""
"22","r7h1.com","2020-05-07 21:09:46","2020-05-06","2020-05-06","2021-05-06","1527","DOMAIN NAME NETWORK PTY LTD","whois.ename.com","http://www.ename.com","","","","","Guangdong","","China","","","","","","","","","","","","","","","","","","","","","","","","","","","","","","","","","","dns3.dns.com","dns4.dns.com","","","clientDeleteProhibited","clientTransferProhibited","",""
"23","shoushen-jianfeiyao.com","2020-05-07 21:14:45","2020-05-06","2020-05-06","2021-05-06","1527","DOMAIN NAME NETWORK PTY LTD","whois.ename.com","http://www.ename.com","","","","","Guangdong","","China","","","","","","","","","","","","","","","","","","","","","","","","","","","","","","","","","","dns3.dns.com","dns4.dns.com","","","clientDeleteProhibited","clientTransferProhibited","",""
"24","shundacs688.com","2020-05-07 21:10:36","2020-05-06","2020-05-06","2021-05-06","1527","DOMAIN NAME NETWORK PTY LTD","whois.ename.com","http://www.ename.com","","","","","Guangdong","","China","","","","","","","","","","","","","","","","","","","","","","","","","","","","","","","","","","dns3.dns.com","dns4.dns.com","","","clientDeleteProhibited","clientTransferProhibited","",""
"25","tangniaobingren.com","2020-05-07 21:09:47","2020-05-06","2020-05-06","2021-05-06","1527","DOMAIN NAME NETWORK PTY LTD","whois.ename.com","http://www.ename.com","","","","","Guangdong","","China","","","","","","","","","","","","","","","","","","","","","","","","","","","","","","","","","","dns3.dns.com","dns4.dns.com","","","clientDeleteProhibited","clientTransferProhibited","",""
"26","wangludianshi.com","2020-05-07 21:09:51","2020-05-06","2020-05-06","2021-05-06","1527","DOMAIN NAME NETWORK PTY LTD","whois.ename.com","http://www.ename.com","","","","","Guangdong","","China","","","","","","","","","","","","","","","","","","","","","","","","","","","","","","","","","","dns3.dns.com","dns4.dns.com","","","clientDeleteProhibited","clientTransferProhibited","",""
"27","xeastsz.com","2020-05-07 21:09:40","2020-05-06","2020-05-06","2021-05-06","1527","DOMAIN NAME NETWORK PTY LTD","whois.ename.com","http://www.ename.com","","","","","Guangdong","","China","","","","","","","","","","","","","","","","","","","","","","","","","","","","","","","","","","dns3.dns.com","dns4.dns.com","","","clientDeleteProhibited","clientTransferProhibited","",""
"28","yeedu-sale.com","2020-05-07 21:09:42","2020-05-06","2020-05-06","2021-05-06","1527","DOMAIN NAME NETWORK PTY LTD","whois.ename.com","http://www.ename.com","","","","","Guangdong","","China","","","","","","","","","","","","","","","","","","","","","","","","","","","","","","","","","","dns3.dns.com","dns4.dns.com","","","clientDeleteProhibited","clientTransferProhibited","",""
"29","yundingyulecheng16.com","2020-05-07 21:09:52","2020-05-06","2020-05-06","2021-05-06","1527","DOMAIN NAME NETWORK PTY LTD","whois.ename.com","http://www.ename.com","","","","","Guangdong","","China","","","","","","","","","","","","","","","","","","","","","","","","","","","","","","","","","","dns3.dns.com","dns4.dns.com","","","clientDeleteProhibited","clientTransferProhibited","",""
"30","ywyouchuang.com","2020-05-07 21:09:44","2020-05-06","2020-05-06","2021-05-06","1527","DOMAIN NAME NETWORK PTY LTD","whois.ename.com","http://www.ename.com","","","","","Guangdong","","China","","","","","","","","","","","","","","","","","","","","","","","","","","","","","","","","","","dns3.dns.com","dns4.dns.com","","","clientDeleteProhibited","clientTransferProhibited","",""
"31","zhangxinhua999.com","2020-05-07 21:09:51","2020-05-06","2020-05-06","2021-05-06","1527","DOMAIN NAME NETWORK PTY LTD","whois.ename.com","http://www.ename.com","","","","","Guangdong","","China","","","","","","","","","","","","","","","","","","","","","","","","","","","","","","","","","","dns3.dns.com","dns4.dns.com","","","clientDeleteProhibited","clientTransferProhibited","",""