"num","domain_name","query_time","create_date","update_date","expiry_date","domain_registrar_id","domain_registrar_name","domain_registrar_whois","domain_registrar_url","registrant_name","registrant_company","registrant_address","registrant_city","registrant_state","registrant_zip","registrant_country","registrant_email","registrant_phone","registrant_fax","administrative_name","administrative_company","administrative_address","administrative_city","administrative_state","administrative_zip","administrative_country","administrative_email","administrative_phone","administrative_fax","technical_name","technical_company","technical_address","technical_city","technical_state","technical_zip","technical_country","technical_email","technical_phone","technical_fax","billing_name","billing_company","billing_address","billing_city","billing_state","billing_zip","billing_country","billing_email","billing_phone","billing_fax","name_server_1","name_server_2","name_server_3","name_server_4","domain_status_1","domain_status_2","domain_status_3","domain_status_4"
"1","adiwear.com","2020-05-07 20:08:58","2020-05-05","2020-05-05","2021-05-05","2008","DropCatch.com 528 LLC","whois.namebright.com","http://www.dropcatch528.com","Domain Admin / This Domain is For Sale","HugeDomains.com","2635 Walnut Street","Denver","CO","80205","United States","domains@hugedomains.com","+1.3038930552","","Domain Admin / This Domain is For Sale","HugeDomains.com","2635 Walnut Street","Denver","CO","80205","United States","domains@hugedomains.com","+1.3038930552","","Domain Admin / This Domain is For Sale","HugeDomains.com","2635 Walnut Street","Denver","CO","80205","United States","domains@hugedomains.com","+1.3038930552","","","","","","","","","","","","nsg1.namebrightdns.com","nsg2.namebrightdns.com","","","clientTransferProhibited","","",""
"2","baziwealth.com","2020-05-07 20:09:12","2020-05-05","2020-05-05","2021-05-05","2008","DropCatch.com 528 LLC","whois.namebright.com","http://www.dropcatch528.com","jianfeng wu","","hefeishi,luyangqu,caifuguangchangshouzuo,1107hao","hefei","Anhui Sheng","230001","China","admin@juming.com","+86.4009972996","","jianfeng wu","","hefeishi,luyangqu,caifuguangchangshouzuo,1107hao","hefei","Anhui Sheng","230001","China","admin@juming.com","+86.4009972996","","jianfeng wu","","hefeishi,luyangqu,caifuguangchangshouzuo,1107hao","hefei","Anhui Sheng","230001","China","admin@juming.com","+86.4009972996","","","","","","","","","","","","jm1.dns.com","jm2.dns.com","","","clientTransferProhibited","","",""
"3","digitalfreezone.com","2020-05-07 20:09:05","2020-05-05","2020-05-05","2021-05-05","2008","DropCatch.com 528 LLC","whois.namebright.com","http://www.dropcatch528.com","Redacted for GDPR privacy","","Redacted for GDPR privacy","Redacted for GDPR privacy","ENG","Redacted for GDPR privacy","United Kingdom","","Redacted for GDPR privacy","Redacted for GDPR privacy","Redacted for GDPR privacy","Redacted for GDPR privacy","Redacted for GDPR privacy","Redacted for GDPR privacy","Redacted for GDPR privacy","Redacted for GDPR privacy","Redacted for GDPR privacy","","Redacted for GDPR privacy","Redacted for GDPR privacy","Redacted for GDPR privacy","Redacted for GDPR privacy","Redacted for GDPR privacy","Redacted for GDPR privacy","Redacted for GDPR privacy","Redacted for GDPR privacy","Redacted for GDPR privacy","","Redacted for GDPR privacy","Redacted for GDPR privacy","","","","","","","","","","","","","","","clientTransferProhibited","","",""
"4","orbitop.com","2020-05-07 20:05:21","2020-05-05","2020-05-05","2021-05-05","2008","DropCatch.com 528 LLC","whois.namebright.com","http://www.dropcatch528.com","jian kong cui","cui jian kong","qiao dong qu, lao ya zhuang zhen, shang xiao zhan cun, 1 pian 105 hao","zhang jia kou shi","HE BEI","075000","China","xl9599995@163.com","+86.18505518409","","jian kong cui","cui jian kong","qiao dong qu, lao ya zhuang zhen, shang xiao zhan cun, 1 pian 105 hao","zhang jia kou shi","HE BEI","075000","China","xl9599995@163.com","+86.18505518409","","jian kong cui","cui jian kong","qiao dong qu, lao ya zhuang zhen, shang xiao zhan cun, 1 pian 105 hao","zhang jia kou shi","HE BEI","075000","China","xl9599995@163.com","+86.18505518409","","","","","","","","","","","","jm1.dns.com","jm2.dns.com","","","clientTransferProhibited","","",""
"5","sawdayi.com","2020-05-07 20:09:03","2020-05-05","2020-05-05","2021-05-05","2008","DropCatch.com 528 LLC","whois.namebright.com","http://www.dropcatch528.com","bao jia zhao","zhao bao jia","ci xian, dou dang xiang, lian hua cun, san zu, 4 hao","han dan shi","HE BEI","056500","China","lha131425@163.com","+86.16632059387","","bao jia zhao","zhao bao jia","ci xian, dou dang xiang, lian hua cun, san zu, 4 hao","han dan shi","HE BEI","056500","China","lha131425@163.com","+86.16632059387","","bao jia zhao","zhao bao jia","ci xian, dou dang xiang, lian hua cun, san zu, 4 hao","han dan shi","HE BEI","056500","China","lha131425@163.com","+86.16632059387","","","","","","","","","","","","jm1.dns.com","jm2.dns.com","","","clientTransferProhibited","","",""
"6","xhkmb.com","2020-05-07 20:07:38","2020-05-05","2020-05-05","2021-05-05","2008","DropCatch.com 528 LLC","whois.namebright.com","http://www.dropcatch528.com","guang nian chen","chen guang nian","hai cheng qu, guang xi, bei hai shi, hai cheng qu, hu hai xiao qu, 5 chuang, A zuo, 602 shi","bei hai shi","GUANG XI","536000","China","cscelue998@gmail.com","+86.13211875671","","guang nian chen","chen guang nian","hai cheng qu, guang xi, bei hai shi, hai cheng qu, hu hai xiao qu, 5 chuang, A zuo, 602 shi","bei hai shi","GUANG XI","536000","China","cscelue998@gmail.com","+86.13211875671","","guang nian chen","chen guang nian","hai cheng qu, guang xi, bei hai shi, hai cheng qu, hu hai xiao qu, 5 chuang, A zuo, 602 shi","bei hai shi","GUANG XI","536000","China","cscelue998@gmail.com","+86.13211875671","","","","","","","","","","","","jm1.dns.com","jm2.dns.com","","","clientTransferProhibited","","",""