"num","domain_name","query_time","create_date","update_date","expiry_date","domain_registrar_id","domain_registrar_name","domain_registrar_whois","domain_registrar_url","registrant_name","registrant_company","registrant_address","registrant_city","registrant_state","registrant_zip","registrant_country","registrant_email","registrant_phone","registrant_fax","administrative_name","administrative_company","administrative_address","administrative_city","administrative_state","administrative_zip","administrative_country","administrative_email","administrative_phone","administrative_fax","technical_name","technical_company","technical_address","technical_city","technical_state","technical_zip","technical_country","technical_email","technical_phone","technical_fax","billing_name","billing_company","billing_address","billing_city","billing_state","billing_zip","billing_country","billing_email","billing_phone","billing_fax","name_server_1","name_server_2","name_server_3","name_server_4","domain_status_1","domain_status_2","domain_status_3","domain_status_4"
"1","fengjiesha.com","2020-05-07 20:09:05","2020-05-05","2020-05-05","2021-05-05","3287","DropCatch.com 1078 LLC","","","gang zheng","zheng gang","zi zhong xian, 8 she 22 hao, tong luo cun, yin shan zhen, zi zhong xian","nei jiang shi","SI CHUAN","641200","China","15084764889@163.com","+86.13050601792","","gang zheng","zheng gang","zi zhong xian, 8 she 22 hao, tong luo cun, yin shan zhen, zi zhong xian","nei jiang shi","SI CHUAN","641200","China","15084764889@163.com","+86.13050601792","","gang zheng","zheng gang","zi zhong xian, 8 she 22 hao, tong luo cun, yin shan zhen, zi zhong xian","nei jiang shi","SI CHUAN","641200","China","15084764889@163.com","+86.13050601792","","","","","","","","","","","","jm1.dns.com","jm2.dns.com","","","clientTransferProhibited","","",""
"2","fishdrones.com","2020-05-07 20:08:55","2020-05-05","2020-05-05","2021-05-05","3287","DropCatch.com 1078 LLC","","","Domain Admin / This Domain is For Sale","HugeDomains.com","2635 Walnut Street","Denver","CO","80205","United States","domains@hugedomains.com","+1.3038930552","","Domain Admin / This Domain is For Sale","HugeDomains.com","2635 Walnut Street","Denver","CO","80205","United States","domains@hugedomains.com","+1.3038930552","","Domain Admin / This Domain is For Sale","HugeDomains.com","2635 Walnut Street","Denver","CO","80205","United States","domains@hugedomains.com","+1.3038930552","","","","","","","","","","","","nsg1.namebrightdns.com","nsg2.namebrightdns.com","","","clientTransferProhibited","","",""
"3","sugarlipsdessert.com","2020-05-07 20:10:09","2020-05-05","2020-05-05","2021-05-05","3287","DropCatch.com 1078 LLC","","","Domain Admin / This Domain is For Sale","HugeDomains.com","2635 Walnut Street","Denver","CO","80205","United States","domains@hugedomains.com","+1.3038930552","","Domain Admin / This Domain is For Sale","HugeDomains.com","2635 Walnut Street","Denver","CO","80205","United States","domains@hugedomains.com","+1.3038930552","","Domain Admin / This Domain is For Sale","HugeDomains.com","2635 Walnut Street","Denver","CO","80205","United States","domains@hugedomains.com","+1.3038930552","","","","","","","","","","","","nsg1.namebrightdns.com","nsg2.namebrightdns.com","","","clientTransferProhibited","","",""
"4","szrpf.com","2020-05-07 20:14:41","2020-05-05","2020-05-05","2021-05-05","3287","DropCatch.com 1078 LLC","","","jin long li","li jin long","lin xian, da yu xiang, yan tou 168 hao","lyu liang","SHAN XI","033200","China","qq13265674312@yeah.net","+86.13265674312","","jin long li","li jin long","lin xian, da yu xiang, yan tou 168 hao","lyu liang","SHAN XI","033200","China","qq13265674312@yeah.net","+86.13265674312","","jin long li","li jin long","lin xian, da yu xiang, yan tou 168 hao","lyu liang","SHAN XI","033200","China","qq13265674312@yeah.net","+86.13265674312","","","","","","","","","","","","jm1.dns.com","jm2.dns.com","","","clientTransferProhibited","","",""
"5","tdw888y.com","2020-05-07 20:22:08","2020-05-05","2020-05-05","2021-05-05","3287","DropCatch.com 1078 LLC","","","jin long li","li jin long","lin xian, da yu xiang, yan tou 168 hao","lyu liang","SHAN XI","033200","China","qq13265674312@yeah.net","+86.13265674312","","jin long li","li jin long","lin xian, da yu xiang, yan tou 168 hao","lyu liang","SHAN XI","033200","China","qq13265674312@yeah.net","+86.13265674312","","jin long li","li jin long","lin xian, da yu xiang, yan tou 168 hao","lyu liang","SHAN XI","033200","China","qq13265674312@yeah.net","+86.13265674312","","","","","","","","","","","","jm1.dns.com","jm2.dns.com","","","clientTransferProhibited","","",""