"num","domain_name","query_time","create_date","update_date","expiry_date","domain_registrar_id","domain_registrar_name","domain_registrar_whois","domain_registrar_url","registrant_name","registrant_company","registrant_address","registrant_city","registrant_state","registrant_zip","registrant_country","registrant_email","registrant_phone","registrant_fax","administrative_name","administrative_company","administrative_address","administrative_city","administrative_state","administrative_zip","administrative_country","administrative_email","administrative_phone","administrative_fax","technical_name","technical_company","technical_address","technical_city","technical_state","technical_zip","technical_country","technical_email","technical_phone","technical_fax","billing_name","billing_company","billing_address","billing_city","billing_state","billing_zip","billing_country","billing_email","billing_phone","billing_fax","name_server_1","name_server_2","name_server_3","name_server_4","domain_status_1","domain_status_2","domain_status_3","domain_status_4"
"1","completelocksmiths.com","2020-05-07 20:10:10","2020-05-05","2020-05-05","2021-05-05","2777","DropCatch.com 1018 LLC","whois.namebright.com","http://www.namebright.com","Domain Admin / This Domain is For Sale","HugeDomains.com","2635 Walnut Street","Denver","CO","80205","United States","domains@hugedomains.com","+1.3038930552","","Domain Admin / This Domain is For Sale","HugeDomains.com","2635 Walnut Street","Denver","CO","80205","United States","domains@hugedomains.com","+1.3038930552","","Domain Admin / This Domain is For Sale","HugeDomains.com","2635 Walnut Street","Denver","CO","80205","United States","domains@hugedomains.com","+1.3038930552","","","","","","","","","","","","nsg1.namebrightdns.com","nsg2.namebrightdns.com","","","clientTransferProhibited","","",""
"2","csyar.com","2020-05-07 20:30:26","2020-05-05","2020-05-05","2021-05-05","2777","DropCatch.com 1018 LLC","whois.namebright.com","http://www.namebright.com","zhi bo tan","tan zhi bo","pan shi shi, dong ning jie dao, tai an wei, ba zu","ji lin shi","JI LIN","132300","China","youcai668@gmail.com","+86.15243273919","","zhi bo tan","tan zhi bo","pan shi shi, dong ning jie dao, tai an wei, ba zu","ji lin shi","JI LIN","132300","China","youcai668@gmail.com","+86.15243273919","","zhi bo tan","tan zhi bo","pan shi shi, dong ning jie dao, tai an wei, ba zu","ji lin shi","JI LIN","132300","China","youcai668@gmail.com","+86.15243273919","","","","","","","","","","","","jm1.dns.com","jm2.dns.com","","","clientTransferProhibited","","",""
"3","glautoservice.com","2020-05-07 20:23:31","2020-05-05","2020-05-05","2021-05-05","2777","DropCatch.com 1018 LLC","whois.namebright.com","http://www.namebright.com","Domain Administrator","","202, 28 Guanri road","Xiamen","Fujian","361008","China","dotmedia3@dotmedia.com","+86.5925990220","","Domain Administrator","","202, 28 Guanri road","Xiamen","Fujian","361008","China","dotmedia3@dotmedia.com","+86.5925990220","","Domain Administrator","","202, 28 Guanri road","Xiamen","Fujian","361008","China","dotmedia3@dotmedia.com","+86.5925990220","","","","","","","","","","","","v1.juming-xz.com","v1.xz-juming.com","","","clientTransferProhibited","","",""
"4","leadbest.net","2020-05-07 19:00:33","2020-05-05","2020-05-05","2021-05-05","2777","DropCatch.com 1018 LLC","whois.namebright.com","http://www.namebright.com","wan li huang","huang wan li","shang shui xian, zhang zhuang xiang, da guo zhuang cun, si zu","zhou kou","he nan","466100","China","maigan1182@gmail.com","+86.15646568162","","wan li huang","huang wan li","shang shui xian, zhang zhuang xiang, da guo zhuang cun, si zu","zhou kou","he nan","466100","China","maigan1182@gmail.com","+86.15646568162","","wan li huang","huang wan li","shang shui xian, zhang zhuang xiang, da guo zhuang cun, si zu","zhou kou","he nan","466100","China","maigan1182@gmail.com","+86.15646568162","","","","","","","","","","","","jm1.dns.com","jm2.dns.com","","","clientTransferProhibited","","",""
"5","muanicklienquan.com","2020-05-07 20:10:07","2020-05-05","2020-05-05","2021-05-05","2777","DropCatch.com 1018 LLC","whois.namebright.com","http://www.namebright.com","tao tao peng","peng tao tao","xiao shan qu, xiao shan, jing ji ji shu kai fa qu","hang zhou shi","ZHE JIANG","311200","China","576182248@qq.com","+86.57164895099","","tao tao peng","peng tao tao","xiao shan qu, xiao shan, jing ji ji shu kai fa qu","hang zhou shi","ZHE JIANG","311200","China","576182248@qq.com","+86.57164895099","","tao tao peng","peng tao tao","xiao shan qu, xiao shan, jing ji ji shu kai fa qu","hang zhou shi","ZHE JIANG","311200","China","576182248@qq.com","+86.57164895099","","","","","","","","","","","","v1.dnsdun.com","v1.dnsdun.net","","","clientTransferProhibited","","",""
"6","priceunion.com","2020-05-07 20:22:53","2020-05-05","2020-05-05","2021-05-05","2777","DropCatch.com 1018 LLC","whois.namebright.com","http://www.namebright.com","Domain Admin / This Domain is For Sale","HugeDomains.com","2635 Walnut Street","Denver","CO","80205","United States","domains@hugedomains.com","+1.3038930552","","Domain Admin / This Domain is For Sale","HugeDomains.com","2635 Walnut Street","Denver","CO","80205","United States","domains@hugedomains.com","+1.3038930552","","Domain Admin / This Domain is For Sale","HugeDomains.com","2635 Walnut Street","Denver","CO","80205","United States","domains@hugedomains.com","+1.3038930552","","","","","","","","","","","","nsg1.namebrightdns.com","nsg2.namebrightdns.com","","","clientTransferProhibited","","",""