"num","domain_name","query_time","create_date","update_date","expiry_date","domain_registrar_id","domain_registrar_name","domain_registrar_whois","domain_registrar_url","registrant_name","registrant_company","registrant_address","registrant_city","registrant_state","registrant_zip","registrant_country","registrant_email","registrant_phone","registrant_fax","administrative_name","administrative_company","administrative_address","administrative_city","administrative_state","administrative_zip","administrative_country","administrative_email","administrative_phone","administrative_fax","technical_name","technical_company","technical_address","technical_city","technical_state","technical_zip","technical_country","technical_email","technical_phone","technical_fax","billing_name","billing_company","billing_address","billing_city","billing_state","billing_zip","billing_country","billing_email","billing_phone","billing_fax","name_server_1","name_server_2","name_server_3","name_server_4","domain_status_1","domain_status_2","domain_status_3","domain_status_4"
"1","9eeedd.com","2020-05-07 20:28:13","2020-05-05","2020-05-05","2021-05-05","3549","DropCatch.com 1340 LLC","","","bao jia zhao","zhao bao jia","ci xian, dou dang xiang, lian hua cun, san zu, 4 hao","han dan shi","HE BEI","056500","China","lha131425@163.com","+86.16632059387","","bao jia zhao","zhao bao jia","ci xian, dou dang xiang, lian hua cun, san zu, 4 hao","han dan shi","HE BEI","056500","China","lha131425@163.com","+86.16632059387","","bao jia zhao","zhao bao jia","ci xian, dou dang xiang, lian hua cun, san zu, 4 hao","han dan shi","HE BEI","056500","China","lha131425@163.com","+86.16632059387","","","","","","","","","","","","jm1.dns.com","jm2.dns.com","","","clientTransferProhibited","","",""
"2","afrikanation.com","2020-05-07 20:18:06","2020-05-05","2020-05-05","2021-05-05","3549","DropCatch.com 1340 LLC","","","Domain Admin / This Domain is For Sale","HugeDomains.com","2635 Walnut Street","Denver","CO","80205","United States","domains@hugedomains.com","+1.3038930552","","Domain Admin / This Domain is For Sale","HugeDomains.com","2635 Walnut Street","Denver","CO","80205","United States","domains@hugedomains.com","+1.3038930552","","Domain Admin / This Domain is For Sale","HugeDomains.com","2635 Walnut Street","Denver","CO","80205","United States","domains@hugedomains.com","+1.3038930552","","","","","","","","","","","","nsg1.namebrightdns.com","nsg2.namebrightdns.com","","","clientTransferProhibited","","",""
"3","gyihui.com","2020-05-07 20:19:41","2020-05-05","2020-05-05","2021-05-05","3549","DropCatch.com 1340 LLC","","","chun chun hu","hu chun chun","pei xian, pei cheng zhen, long wang zhuang, 47 hao","xu zhou shi","JIANG SU","221600","China","rabbit19821020@gmail.com","+86.18030517061","","chun chun hu","hu chun chun","pei xian, pei cheng zhen, long wang zhuang, 47 hao","xu zhou shi","JIANG SU","221600","China","rabbit19821020@gmail.com","+86.18030517061","","chun chun hu","hu chun chun","pei xian, pei cheng zhen, long wang zhuang, 47 hao","xu zhou shi","JIANG SU","221600","China","rabbit19821020@gmail.com","+86.18030517061","","","","","","","","","","","","jm1.dns.com","jm2.dns.com","","","clientTransferProhibited","","",""
"4","sqlfan.com","2020-05-07 20:08:33","2020-05-05","2020-05-05","2021-05-05","3549","DropCatch.com 1340 LLC","","","Domain Admin / This Domain is For Sale","HugeDomains.com","2635 Walnut Street","Denver","CO","80205","United States","domains@hugedomains.com","+1.3038930552","","Domain Admin / This Domain is For Sale","HugeDomains.com","2635 Walnut Street","Denver","CO","80205","United States","domains@hugedomains.com","+1.3038930552","","Domain Admin / This Domain is For Sale","HugeDomains.com","2635 Walnut Street","Denver","CO","80205","United States","domains@hugedomains.com","+1.3038930552","","","","","","","","","","","","nsg1.namebrightdns.com","nsg2.namebrightdns.com","","","clientTransferProhibited","","",""
"5","tapuzmobile.com","2020-05-07 20:23:32","2020-05-05","2020-05-05","2021-05-05","3549","DropCatch.com 1340 LLC","","","Domain Admin / This Domain is For Sale","HugeDomains.com","2635 Walnut Street","Denver","CO","80205","United States","domains@hugedomains.com","+1.3038930552","","Domain Admin / This Domain is For Sale","HugeDomains.com","2635 Walnut Street","Denver","CO","80205","United States","domains@hugedomains.com","+1.3038930552","","Domain Admin / This Domain is For Sale","HugeDomains.com","2635 Walnut Street","Denver","CO","80205","United States","domains@hugedomains.com","+1.3038930552","","","","","","","","","","","","nsg1.namebrightdns.com","nsg2.namebrightdns.com","","","clientTransferProhibited","","",""