"num","domain_name","query_time","create_date","update_date","expiry_date","domain_registrar_id","domain_registrar_name","domain_registrar_whois","domain_registrar_url","registrant_name","registrant_company","registrant_address","registrant_city","registrant_state","registrant_zip","registrant_country","registrant_email","registrant_phone","registrant_fax","administrative_name","administrative_company","administrative_address","administrative_city","administrative_state","administrative_zip","administrative_country","administrative_email","administrative_phone","administrative_fax","technical_name","technical_company","technical_address","technical_city","technical_state","technical_zip","technical_country","technical_email","technical_phone","technical_fax","billing_name","billing_company","billing_address","billing_city","billing_state","billing_zip","billing_country","billing_email","billing_phone","billing_fax","name_server_1","name_server_2","name_server_3","name_server_4","domain_status_1","domain_status_2","domain_status_3","domain_status_4"
"1","clttsms.com","2020-05-07 20:11:21","2020-05-05","2020-05-05","2021-05-05","2799","DropCatch.com 1040 LLC","whois.namebright.com","http://www.dropcatch1040.com","jianfeng wu","","hefeishi,luyangqu,caifuguangchangshouzuo,1107hao","hefei","Anhui Sheng","230001","China","admin@juming.com","+86.4009972996","","jianfeng wu","","hefeishi,luyangqu,caifuguangchangshouzuo,1107hao","hefei","Anhui Sheng","230001","China","admin@juming.com","+86.4009972996","","jianfeng wu","","hefeishi,luyangqu,caifuguangchangshouzuo,1107hao","hefei","Anhui Sheng","230001","China","admin@juming.com","+86.4009972996","","","","","","","","","","","","jm1.dns.com","jm2.dns.com","","","clientTransferProhibited","","",""
"2","hafkin.com","2020-05-07 20:09:48","2020-05-05","2020-05-05","2021-05-05","2799","DropCatch.com 1040 LLC","whois.namebright.com","http://www.dropcatch1040.com","Domain Admin / This Domain is For Sale","HugeDomains.com","2635 Walnut Street","Denver","CO","80205","United States","domains@hugedomains.com","+1.3038930552","","Domain Admin / This Domain is For Sale","HugeDomains.com","2635 Walnut Street","Denver","CO","80205","United States","domains@hugedomains.com","+1.3038930552","","Domain Admin / This Domain is For Sale","HugeDomains.com","2635 Walnut Street","Denver","CO","80205","United States","domains@hugedomains.com","+1.3038930552","","","","","","","","","","","","nsg1.namebrightdns.com","nsg2.namebrightdns.com","","","clientTransferProhibited","","",""
"3","mibafood.com","2020-05-07 20:08:33","2020-05-05","2020-05-05","2021-05-05","2799","DropCatch.com 1040 LLC","whois.namebright.com","http://www.dropcatch1040.com","Domain Admin / This Domain is For Sale","HugeDomains.com","2635 Walnut Street","Denver","CO","80205","United States","domains@hugedomains.com","+1.3038930552","","Domain Admin / This Domain is For Sale","HugeDomains.com","2635 Walnut Street","Denver","CO","80205","United States","domains@hugedomains.com","+1.3038930552","","Domain Admin / This Domain is For Sale","HugeDomains.com","2635 Walnut Street","Denver","CO","80205","United States","domains@hugedomains.com","+1.3038930552","","","","","","","","","","","","nsg1.namebrightdns.com","nsg2.namebrightdns.com","","","clientTransferProhibited","","",""
"4","nepalroom.com","2020-05-07 20:24:07","2020-05-05","2020-05-05","2021-05-05","2799","DropCatch.com 1040 LLC","whois.namebright.com","http://www.dropcatch1040.com","Domain Admin / This Domain is For Sale","HugeDomains.com","2635 Walnut Street","Denver","CO","80205","United States","domains@hugedomains.com","+1.3038930552","","Domain Admin / This Domain is For Sale","HugeDomains.com","2635 Walnut Street","Denver","CO","80205","United States","domains@hugedomains.com","+1.3038930552","","Domain Admin / This Domain is For Sale","HugeDomains.com","2635 Walnut Street","Denver","CO","80205","United States","domains@hugedomains.com","+1.3038930552","","","","","","","","","","","","nsg1.namebrightdns.com","nsg2.namebrightdns.com","","","clientTransferProhibited","","",""
"5","oi-uk.com","2020-05-07 19:59:34","2020-05-05","2020-05-05","2021-05-05","2799","DropCatch.com 1040 LLC","whois.namebright.com","http://www.dropcatch1040.com","Domain Lions","","2311 Almondwood Avenue","Lancaster","CA","93535","United States","domainlionsw@gmail.com","+381.631041891","","Domain Lions","","2311 Almondwood Avenue","Lancaster","CA","93535","United States","domainlionsw@gmail.com","+381.631041891","","Domain Lions","","2311 Almondwood Avenue","Lancaster","CA","93535","United States","domainlionsw@gmail.com","+381.631041891","","","","","","","","","","","","ns199.adriahost.com","ns200.adriahost.com","","","clientTransferProhibited","","",""
"6","speedysc.com","2020-05-07 20:08:38","2020-05-05","2020-05-05","2021-05-05","2799","DropCatch.com 1040 LLC","whois.namebright.com","http://www.dropcatch1040.com","Domain Admin / This Domain is For Sale","HugeDomains.com","2635 Walnut Street","Denver","CO","80205","United States","domains@hugedomains.com","+1.3038930552","","Domain Admin / This Domain is For Sale","HugeDomains.com","2635 Walnut Street","Denver","CO","80205","United States","domains@hugedomains.com","+1.3038930552","","Domain Admin / This Domain is For Sale","HugeDomains.com","2635 Walnut Street","Denver","CO","80205","United States","domains@hugedomains.com","+1.3038930552","","","","","","","","","","","","nsg1.namebrightdns.com","nsg2.namebrightdns.com","","","clientTransferProhibited","","",""
"7","youralphacloud.com","2020-05-07 19:33:21","2020-05-05","2020-05-05","2021-05-05","2799","DropCatch.com 1040 LLC","whois.namebright.com","http://www.dropcatch1040.com","Domain Admin / This Domain is For Sale","HugeDomains.com","2635 Walnut Street","Denver","CO","80205","United States","domains@hugedomains.com","+1.3038930552","","Domain Admin / This Domain is For Sale","HugeDomains.com","2635 Walnut Street","Denver","CO","80205","United States","domains@hugedomains.com","+1.3038930552","","Domain Admin / This Domain is For Sale","HugeDomains.com","2635 Walnut Street","Denver","CO","80205","United States","domains@hugedomains.com","+1.3038930552","","","","","","","","","","","","nsg1.namebrightdns.com","nsg2.namebrightdns.com","","","clientTransferProhibited","","",""
"8","yzymilk.com","2020-05-07 20:30:27","2020-05-05","2020-05-05","2021-05-05","2799","DropCatch.com 1040 LLC","whois.namebright.com","http://www.dropcatch1040.com","jianfeng wu","","hefeishi,luyangqu,caifuguangchangshouzuo,1107hao","hefei","Anhui Sheng","230001","China","admin@juming.com","+86.4009972996","","jianfeng wu","","hefeishi,luyangqu,caifuguangchangshouzuo,1107hao","hefei","Anhui Sheng","230001","China","admin@juming.com","+86.4009972996","","jianfeng wu","","hefeishi,luyangqu,caifuguangchangshouzuo,1107hao","hefei","Anhui Sheng","230001","China","admin@juming.com","+86.4009972996","","","","","","","","","","","","jm1.dns.com","jm2.dns.com","","","clientTransferProhibited","","",""