"num","domain_name","query_time","create_date","update_date","expiry_date","domain_registrar_id","domain_registrar_name","domain_registrar_whois","domain_registrar_url","registrant_name","registrant_company","registrant_address","registrant_city","registrant_state","registrant_zip","registrant_country","registrant_email","registrant_phone","registrant_fax","administrative_name","administrative_company","administrative_address","administrative_city","administrative_state","administrative_zip","administrative_country","administrative_email","administrative_phone","administrative_fax","technical_name","technical_company","technical_address","technical_city","technical_state","technical_zip","technical_country","technical_email","technical_phone","technical_fax","billing_name","billing_company","billing_address","billing_city","billing_state","billing_zip","billing_country","billing_email","billing_phone","billing_fax","name_server_1","name_server_2","name_server_3","name_server_4","domain_status_1","domain_status_2","domain_status_3","domain_status_4"
"1","chakridgebands.com","2020-05-07 20:03:12","2020-05-05","2020-05-05","2021-05-05","3458","DropCatch.com 1249 LLC","","","Domain Admin / This Domain is For Sale","HugeDomains.com","2635 Walnut Street","Denver","CO","80205","United States","domains@hugedomains.com","+1.3038930552","","Domain Admin / This Domain is For Sale","HugeDomains.com","2635 Walnut Street","Denver","CO","80205","United States","domains@hugedomains.com","+1.3038930552","","Domain Admin / This Domain is For Sale","HugeDomains.com","2635 Walnut Street","Denver","CO","80205","United States","domains@hugedomains.com","+1.3038930552","","","","","","","","","","","","nsg1.namebrightdns.com","nsg2.namebrightdns.com","","","clientTransferProhibited","","",""
"2","megabeerpong.com","2020-05-07 20:09:06","2020-05-05","2020-05-05","2021-05-05","3458","DropCatch.com 1249 LLC","","","jianfeng wu","","hefeishi,luyangqu,caifuguangchangshouzuo,1107hao","hefei","Anhui Sheng","230001","China","admin@juming.com","+86.4009972996","","jianfeng wu","","hefeishi,luyangqu,caifuguangchangshouzuo,1107hao","hefei","Anhui Sheng","230001","China","admin@juming.com","+86.4009972996","","jianfeng wu","","hefeishi,luyangqu,caifuguangchangshouzuo,1107hao","hefei","Anhui Sheng","230001","China","admin@juming.com","+86.4009972996","","","","","","","","","","","","jm1.dns.com","jm2.dns.com","","","clientTransferProhibited","","",""
"3","szhcyly.com","2020-05-07 20:08:29","2020-05-05","2020-05-05","2021-05-05","3458","DropCatch.com 1249 LLC","","","wen juan tang","tang wen juan","si hong xian, jiang su sheng su qian shi si hong xian shuang gou zhen, li zhuang cun, san zu 43 hao","su qian shi","JIANG SU","223900","China","2674440784@qq.com","+86.13013360408","","wen juan tang","tang wen juan","si hong xian, jiang su sheng su qian shi si hong xian shuang gou zhen, li zhuang cun, san zu 43 hao","su qian shi","JIANG SU","223900","China","2674440784@qq.com","+86.13013360408","","wen juan tang","tang wen juan","si hong xian, jiang su sheng su qian shi si hong xian shuang gou zhen, li zhuang cun, san zu 43 hao","su qian shi","JIANG SU","223900","China","2674440784@qq.com","+86.13013360408","","","","","","","","","","","","jm1.dns.com","jm2.dns.com","","","clientTransferProhibited","","",""
"4","vgtyy.com","2020-05-07 20:09:42","2020-05-05","2020-05-05","2021-05-05","3458","DropCatch.com 1249 LLC","","","tian you jin","jin tian you","yu gan xian, de sheng da dao, 56 hao, 12201","shang rao shi","JIANG XI","335100","China","wangj5056@gmail.com","+86.13699558399","","tian you jin","jin tian you","yu gan xian, de sheng da dao, 56 hao, 12201","shang rao shi","JIANG XI","335100","China","wangj5056@gmail.com","+86.13699558399","","tian you jin","jin tian you","yu gan xian, de sheng da dao, 56 hao, 12201","shang rao shi","JIANG XI","335100","China","wangj5056@gmail.com","+86.13699558399","","","","","","","","","","","","jm1.dns.com","jm2.dns.com","","","clientTransferProhibited","","",""
"5","wataugarecovery.com","2020-05-07 20:24:08","2020-05-05","2020-05-05","2021-05-05","3458","DropCatch.com 1249 LLC","","","Domain Admin / This Domain is For Sale","HugeDomains.com","2635 Walnut Street","Denver","CO","80205","United States","domains@hugedomains.com","+1.3038930552","","Domain Admin / This Domain is For Sale","HugeDomains.com","2635 Walnut Street","Denver","CO","80205","United States","domains@hugedomains.com","+1.3038930552","","Domain Admin / This Domain is For Sale","HugeDomains.com","2635 Walnut Street","Denver","CO","80205","United States","domains@hugedomains.com","+1.3038930552","","","","","","","","","","","","nsg1.namebrightdns.com","nsg2.namebrightdns.com","","","clientTransferProhibited","","",""