"num","domain_name","query_time","create_date","update_date","expiry_date","domain_registrar_id","domain_registrar_name","domain_registrar_whois","domain_registrar_url","registrant_name","registrant_company","registrant_address","registrant_city","registrant_state","registrant_zip","registrant_country","registrant_email","registrant_phone","registrant_fax","administrative_name","administrative_company","administrative_address","administrative_city","administrative_state","administrative_zip","administrative_country","administrative_email","administrative_phone","administrative_fax","technical_name","technical_company","technical_address","technical_city","technical_state","technical_zip","technical_country","technical_email","technical_phone","technical_fax","billing_name","billing_company","billing_address","billing_city","billing_state","billing_zip","billing_country","billing_email","billing_phone","billing_fax","name_server_1","name_server_2","name_server_3","name_server_4","domain_status_1","domain_status_2","domain_status_3","domain_status_4"
"1","52haixi.com","2020-05-07 19:32:31","2020-05-05","2020-05-05","2021-05-05","2104","DropCatch.com 624 LLC","whois.namebright.com","http://www.dropcatch624.com","jianfeng wu","","hefeishi,luyangqu,caifuguangchangshouzuo,1107hao","hefei","Anhui Sheng","230001","China","admin@juming.com","+86.4009972996","","jianfeng wu","","hefeishi,luyangqu,caifuguangchangshouzuo,1107hao","hefei","Anhui Sheng","230001","China","admin@juming.com","+86.4009972996","","jianfeng wu","","hefeishi,luyangqu,caifuguangchangshouzuo,1107hao","hefei","Anhui Sheng","230001","China","admin@juming.com","+86.4009972996","","","","","","","","","","","","jm1.dns.com","jm2.dns.com","","","clientTransferProhibited","","",""
"2","hsbplc.com","2020-05-07 20:23:22","2020-05-05","2020-05-05","2021-05-05","2104","DropCatch.com 624 LLC","whois.namebright.com","http://www.dropcatch624.com","zhi bo tan","tan zhi bo","pan shi shi, dong ning jie dao, tai an wei, ba zu","ji lin shi","JI LIN","132300","China","youcai668@gmail.com","+86.15243273919","","zhi bo tan","tan zhi bo","pan shi shi, dong ning jie dao, tai an wei, ba zu","ji lin shi","JI LIN","132300","China","youcai668@gmail.com","+86.15243273919","","zhi bo tan","tan zhi bo","pan shi shi, dong ning jie dao, tai an wei, ba zu","ji lin shi","JI LIN","132300","China","youcai668@gmail.com","+86.15243273919","","","","","","","","","","","","jm1.dns.com","jm2.dns.com","","","clientTransferProhibited","","",""
"3","protectalllives.com","2020-05-07 20:22:08","2020-05-05","2020-05-05","2021-05-05","2104","DropCatch.com 624 LLC","whois.namebright.com","http://www.dropcatch624.com","Domain Admin / This Domain is For Sale","HugeDomains.com","2635 Walnut Street","Denver","CO","80205","United States","domains@hugedomains.com","+1.3038930552","","Domain Admin / This Domain is For Sale","HugeDomains.com","2635 Walnut Street","Denver","CO","80205","United States","domains@hugedomains.com","+1.3038930552","","Domain Admin / This Domain is For Sale","HugeDomains.com","2635 Walnut Street","Denver","CO","80205","United States","domains@hugedomains.com","+1.3038930552","","","","","","","","","","","","nsg1.namebrightdns.com","nsg2.namebrightdns.com","","","clientTransferProhibited","","",""
"4","ss123ss.com","2020-05-07 20:08:45","2020-05-05","2020-05-05","2021-05-05","2104","DropCatch.com 624 LLC","whois.namebright.com","http://www.dropcatch624.com","Domain Administrator","","202, 28 Guanri road","Xiamen","Fujian","361008","China","dotmedia3@dotmedia.com","+86.5925990220","","Domain Administrator","","202, 28 Guanri road","Xiamen","Fujian","361008","China","dotmedia3@dotmedia.com","+86.5925990220","","Domain Administrator","","202, 28 Guanri road","Xiamen","Fujian","361008","China","dotmedia3@dotmedia.com","+86.5925990220","","","","","","","","","","","","v1.juming-xz.com","v1.xz-juming.com","","","clientTransferProhibited","","",""
"5","yuanlongglass.com","2020-05-07 20:56:10","2020-05-05","2020-05-05","2021-05-05","2104","DropCatch.com 624 LLC","whois.namebright.com","http://www.dropcatch624.com","Domain Administrator","","202, 28 Guanri road","Xiamen","Fujian","361008","China","dotmedia3@dotmedia.com","+86.5925990220","","Domain Administrator","","202, 28 Guanri road","Xiamen","Fujian","361008","China","dotmedia3@dotmedia.com","+86.5925990220","","Domain Administrator","","202, 28 Guanri road","Xiamen","Fujian","361008","China","dotmedia3@dotmedia.com","+86.5925990220","","","","","","","","","","","","v1.juming-xz.com","v1.xz-juming.com","","","clientTransferProhibited","","",""