"num","domain_name","query_time","create_date","update_date","expiry_date","domain_registrar_id","domain_registrar_name","domain_registrar_whois","domain_registrar_url","registrant_name","registrant_company","registrant_address","registrant_city","registrant_state","registrant_zip","registrant_country","registrant_email","registrant_phone","registrant_fax","administrative_name","administrative_company","administrative_address","administrative_city","administrative_state","administrative_zip","administrative_country","administrative_email","administrative_phone","administrative_fax","technical_name","technical_company","technical_address","technical_city","technical_state","technical_zip","technical_country","technical_email","technical_phone","technical_fax","billing_name","billing_company","billing_address","billing_city","billing_state","billing_zip","billing_country","billing_email","billing_phone","billing_fax","name_server_1","name_server_2","name_server_3","name_server_4","domain_status_1","domain_status_2","domain_status_3","domain_status_4"
"1","82wl.com","2020-05-07 19:34:43","2020-05-05","2020-05-05","2021-05-05","1962","DropCatch.com 482 LLC","whois.namebright.com","http://www.dropcatch482.com","MAGNUM DOMAINS","MAGNUM DOMAINS","4104 MONITOR","CHICAGO","IL","60634","United States","magnumdomains@gmail.com","+1.8478454757","","MAGNUM DOMAINS","MAGNUM DOMAINS","4104 MONITOR","CHICAGO","IL","60634","United States","magnumdomains@gmail.com","+1.8478454757","","MAGNUM DOMAINS","MAGNUM DOMAINS","4104 MONITOR","CHICAGO","IL","60634","United States","magnumdomains@gmail.com","+1.8478454757","","","","","","","","","","","","ns1.eftydns.com","ns2.eftydns.com","","","clientTransferProhibited","","",""
"2","abumiya.com","2020-05-07 20:14:17","2020-05-05","2020-05-05","2021-05-05","1962","DropCatch.com 482 LLC","whois.namebright.com","http://www.dropcatch482.com","Domain Admin / This Domain is For Sale","HugeDomains.com","2635 Walnut Street","Denver","CO","80205","United States","domains@hugedomains.com","+1.3038930552","","Domain Admin / This Domain is For Sale","HugeDomains.com","2635 Walnut Street","Denver","CO","80205","United States","domains@hugedomains.com","+1.3038930552","","Domain Admin / This Domain is For Sale","HugeDomains.com","2635 Walnut Street","Denver","CO","80205","United States","domains@hugedomains.com","+1.3038930552","","","","","","","","","","","","nsg1.namebrightdns.com","nsg2.namebrightdns.com","","","clientTransferProhibited","","",""
"3","cfjyfd.com","2020-05-07 19:32:46","2020-05-05","2020-05-05","2021-05-05","1962","DropCatch.com 482 LLC","whois.namebright.com","http://www.dropcatch482.com","ying long","long ying","kai li shi, yan jiang lu, 230 hao, 4 dong, 2 dan yuan, 4 lou 8 hao","qian dong nan miao zu dong zu zi zhi zhou","GUI ZHOU","556000","China","lb6612@126.com","+86.13011296037","","ying long","long ying","kai li shi, yan jiang lu, 230 hao, 4 dong, 2 dan yuan, 4 lou 8 hao","qian dong nan miao zu dong zu zi zhi zhou","GUI ZHOU","556000","China","lb6612@126.com","+86.13011296037","","ying long","long ying","kai li shi, yan jiang lu, 230 hao, 4 dong, 2 dan yuan, 4 lou 8 hao","qian dong nan miao zu dong zu zi zhi zhou","GUI ZHOU","556000","China","lb6612@126.com","+86.13011296037","","","","","","","","","","","","jm1.dns.com","jm2.dns.com","","","clientTransferProhibited","","",""
"4","jx-sxqy.com","2020-05-07 20:02:25","2020-05-05","2020-05-05","2021-05-05","1962","DropCatch.com 482 LLC","whois.namebright.com","http://www.dropcatch482.com","Domain Administrator","","202, 28 Guanri road","Xiamen","Fujian","361008","China","dotmedia3@dotmedia.com","+86.5925990220","","Domain Administrator","","202, 28 Guanri road","Xiamen","Fujian","361008","China","dotmedia3@dotmedia.com","+86.5925990220","","Domain Administrator","","202, 28 Guanri road","Xiamen","Fujian","361008","China","dotmedia3@dotmedia.com","+86.5925990220","","","","","","","","","","","","v1.juming-xz.com","v1.xz-juming.com","","","clientTransferProhibited","","",""
"5","xxwy0832.com","2020-05-07 20:10:15","2020-05-05","2020-05-05","2021-05-05","1962","DropCatch.com 482 LLC","whois.namebright.com","http://www.dropcatch482.com","bao jia zhao","zhao bao jia","ci xian, dou dang xiang, lian hua cun, san zu, 4 hao","han dan shi","HE BEI","056500","China","lha131425@163.com","+86.16632059387","","bao jia zhao","zhao bao jia","ci xian, dou dang xiang, lian hua cun, san zu, 4 hao","han dan shi","HE BEI","056500","China","lha131425@163.com","+86.16632059387","","bao jia zhao","zhao bao jia","ci xian, dou dang xiang, lian hua cun, san zu, 4 hao","han dan shi","HE BEI","056500","China","lha131425@163.com","+86.16632059387","","","","","","","","","","","","jm1.dns.com","jm2.dns.com","","","clientTransferProhibited","","",""