"num","domain_name","query_time","create_date","update_date","expiry_date","domain_registrar_id","domain_registrar_name","domain_registrar_whois","domain_registrar_url","registrant_name","registrant_company","registrant_address","registrant_city","registrant_state","registrant_zip","registrant_country","registrant_email","registrant_phone","registrant_fax","administrative_name","administrative_company","administrative_address","administrative_city","administrative_state","administrative_zip","administrative_country","administrative_email","administrative_phone","administrative_fax","technical_name","technical_company","technical_address","technical_city","technical_state","technical_zip","technical_country","technical_email","technical_phone","technical_fax","billing_name","billing_company","billing_address","billing_city","billing_state","billing_zip","billing_country","billing_email","billing_phone","billing_fax","name_server_1","name_server_2","name_server_3","name_server_4","domain_status_1","domain_status_2","domain_status_3","domain_status_4"
"1","doubleupmusic.com","2020-05-07 20:11:53","2020-05-05","2020-05-05","2021-05-05","1829","DropCatch.com 418 LLC","whois.namebright.com","http://www.dropcatch418.com","Domain Admin / This Domain is For Sale","HugeDomains.com","2635 Walnut Street","Denver","CO","80205","United States","domains@hugedomains.com","+1.3038930552","","Domain Admin / This Domain is For Sale","HugeDomains.com","2635 Walnut Street","Denver","CO","80205","United States","domains@hugedomains.com","+1.3038930552","","Domain Admin / This Domain is For Sale","HugeDomains.com","2635 Walnut Street","Denver","CO","80205","United States","domains@hugedomains.com","+1.3038930552","","","","","","","","","","","","nsg1.namebrightdns.com","nsg2.namebrightdns.com","","","clientTransferProhibited","","",""
"2","hrshac.com","2020-05-07 20:23:22","2020-05-05","2020-05-05","2021-05-05","1829","DropCatch.com 418 LLC","whois.namebright.com","http://www.dropcatch418.com","guang nian chen","chen guang nian","dong cheng qu, jiu xian zhen, gu cheng lu, 14 hao","bei jing shi","BEI JING","100000","China","lzmarco0511@gmail.com","+86.18511551155","","guang nian chen","chen guang nian","dong cheng qu, jiu xian zhen, gu cheng lu, 14 hao","bei jing shi","BEI JING","100000","China","lzmarco0511@gmail.com","+86.18511551155","","guang nian chen","chen guang nian","dong cheng qu, jiu xian zhen, gu cheng lu, 14 hao","bei jing shi","BEI JING","100000","China","lzmarco0511@gmail.com","+86.18511551155","","","","","","","","","","","","jm1.dns.com","jm2.dns.com","","","clientTransferProhibited","","",""
"3","pianolangenfeld.com","2020-05-07 19:33:21","2020-05-05","2020-05-05","2021-05-05","1829","DropCatch.com 418 LLC","whois.namebright.com","http://www.dropcatch418.com","Domain Admin / This Domain is For Sale","HugeDomains.com","2635 Walnut Street","Denver","CO","80205","United States","domains@hugedomains.com","+1.3038930552","","Domain Admin / This Domain is For Sale","HugeDomains.com","2635 Walnut Street","Denver","CO","80205","United States","domains@hugedomains.com","+1.3038930552","","Domain Admin / This Domain is For Sale","HugeDomains.com","2635 Walnut Street","Denver","CO","80205","United States","domains@hugedomains.com","+1.3038930552","","","","","","","","","","","","nsg1.namebrightdns.com","nsg2.namebrightdns.com","","","clientTransferProhibited","","",""
"4","samvinna.com","2020-05-07 19:33:45","2020-05-05","2020-05-05","2021-05-05","1829","DropCatch.com 418 LLC","whois.namebright.com","http://www.dropcatch418.com","Domain Admin / This Domain is For Sale","HugeDomains.com","2635 Walnut Street","Denver","CO","80205","United States","domains@hugedomains.com","+1.3038930552","","Domain Admin / This Domain is For Sale","HugeDomains.com","2635 Walnut Street","Denver","CO","80205","United States","domains@hugedomains.com","+1.3038930552","","Domain Admin / This Domain is For Sale","HugeDomains.com","2635 Walnut Street","Denver","CO","80205","United States","domains@hugedomains.com","+1.3038930552","","","","","","","","","","","","nsg1.namebrightdns.com","nsg2.namebrightdns.com","","","clientTransferProhibited","","",""
"5","th0731.com","2020-05-07 20:07:11","2020-05-05","2020-05-05","2021-05-05","1829","DropCatch.com 418 LLC","whois.namebright.com","http://www.dropcatch418.com","jin long li","li jin long","lin xian, da yu xiang, yan tou 168 hao","lyu liang","SHAN XI","033200","China","qq13265674312@yeah.net","+86.13265674312","","jin long li","li jin long","lin xian, da yu xiang, yan tou 168 hao","lyu liang","SHAN XI","033200","China","qq13265674312@yeah.net","+86.13265674312","","jin long li","li jin long","lin xian, da yu xiang, yan tou 168 hao","lyu liang","SHAN XI","033200","China","qq13265674312@yeah.net","+86.13265674312","","","","","","","","","","","","jm1.dns.com","jm2.dns.com","","","clientTransferProhibited","","",""
"6","zdw118.com","2020-05-07 20:08:29","2020-05-05","2020-05-05","2021-05-05","1829","DropCatch.com 418 LLC","whois.namebright.com","http://www.dropcatch418.com","yuan ke hua","hua yuan ke","yan jiang qu, he ping bei lu, 148 hao","zi yang","SI CHUAN","641300","China","libai8181@gmail.com","+86.13371865221","","yuan ke hua","hua yuan ke","yan jiang qu, he ping bei lu, 148 hao","zi yang","SI CHUAN","641300","China","libai8181@gmail.com","+86.13371865221","","yuan ke hua","hua yuan ke","yan jiang qu, he ping bei lu, 148 hao","zi yang","SI CHUAN","641300","China","libai8181@gmail.com","+86.13371865221","","","","","","","","","","","","jm1.dns.com","jm2.dns.com","","","clientTransferProhibited","","",""