"num","domain_name","query_time","create_date","update_date","expiry_date","domain_registrar_id","domain_registrar_name","domain_registrar_whois","domain_registrar_url","registrant_name","registrant_company","registrant_address","registrant_city","registrant_state","registrant_zip","registrant_country","registrant_email","registrant_phone","registrant_fax","administrative_name","administrative_company","administrative_address","administrative_city","administrative_state","administrative_zip","administrative_country","administrative_email","administrative_phone","administrative_fax","technical_name","technical_company","technical_address","technical_city","technical_state","technical_zip","technical_country","technical_email","technical_phone","technical_fax","billing_name","billing_company","billing_address","billing_city","billing_state","billing_zip","billing_country","billing_email","billing_phone","billing_fax","name_server_1","name_server_2","name_server_3","name_server_4","domain_status_1","domain_status_2","domain_status_3","domain_status_4"
"1","attitudegames.com","2020-05-07 20:14:42","2020-05-05","2020-05-05","2021-05-05","2077","DropCatch.com 597 LLC","whois.namebright.com","http://www.dropcatch597.com","Domain Admin / This Domain is For Sale","HugeDomains.com","2635 Walnut Street","Denver","CO","80205","United States","domains@hugedomains.com","+1.3038930552","","Domain Admin / This Domain is For Sale","HugeDomains.com","2635 Walnut Street","Denver","CO","80205","United States","domains@hugedomains.com","+1.3038930552","","Domain Admin / This Domain is For Sale","HugeDomains.com","2635 Walnut Street","Denver","CO","80205","United States","domains@hugedomains.com","+1.3038930552","","","","","","","","","","","","nsg1.namebrightdns.com","nsg2.namebrightdns.com","","","clientTransferProhibited","","",""
"2","myongjigo.com","2020-05-07 20:09:48","2020-05-05","2020-05-05","2021-05-05","2077","DropCatch.com 597 LLC","whois.namebright.com","http://www.dropcatch597.com","Domain Admin / This Domain is For Sale","HugeDomains.com","2635 Walnut Street","Denver","CO","80205","United States","domains@hugedomains.com","+1.3038930552","","Domain Admin / This Domain is For Sale","HugeDomains.com","2635 Walnut Street","Denver","CO","80205","United States","domains@hugedomains.com","+1.3038930552","","Domain Admin / This Domain is For Sale","HugeDomains.com","2635 Walnut Street","Denver","CO","80205","United States","domains@hugedomains.com","+1.3038930552","","","","","","","","","","","","nsg1.namebrightdns.com","nsg2.namebrightdns.com","","","clientTransferProhibited","","",""
"3","qiagaxiu.com","2020-05-07 20:08:57","2020-05-05","2020-05-05","2021-05-05","2077","DropCatch.com 597 LLC","whois.namebright.com","http://www.dropcatch597.com","DotMedia Limited","DotMedia Limited","7F,Star House,3 Salisbury Road,TST,Kowloon","Hong Kong","Hong Kong","999077","Hong Kong","whoisprivacy@dotmedia.com","+852.81799956","","DotMedia Limited","DotMedia Limited","7F,Star House,3 Salisbury Road,TST,Kowloon","Hong Kong","Hong Kong","999077","Hong Kong","whoisprivacy@dotmedia.com","+852.81799956","","DotMedia Limited","DotMedia Limited","7F,Star House,3 Salisbury Road,TST,Kowloon","Hong Kong","Hong Kong","999077","Hong Kong","whoisprivacy@dotmedia.com","+852.81799956","","","","","","","","","","","","ns1.xz.com","ns2.xz.com","","","clientTransferProhibited","","",""
"4","srpjg.com","2020-05-07 19:33:25","2020-05-05","2020-05-05","2021-05-05","2077","DropCatch.com 597 LLC","whois.namebright.com","http://www.dropcatch597.com","gang zheng","zheng gang","zi zhong xian, 8 she 22 hao, tong luo cun, yin shan zhen, zi zhong xian","nei jiang shi","SI CHUAN","641200","China","15084764889@163.com","+86.13050601792","","gang zheng","zheng gang","zi zhong xian, 8 she 22 hao, tong luo cun, yin shan zhen, zi zhong xian","nei jiang shi","SI CHUAN","641200","China","15084764889@163.com","+86.13050601792","","gang zheng","zheng gang","zi zhong xian, 8 she 22 hao, tong luo cun, yin shan zhen, zi zhong xian","nei jiang shi","SI CHUAN","641200","China","15084764889@163.com","+86.13050601792","","","","","","","","","","","","jm1.dns.com","jm2.dns.com","","","clientTransferProhibited","","",""
"5","synergycreate.com","2020-05-07 19:59:34","2020-05-05","2020-05-05","2021-05-05","2077","DropCatch.com 597 LLC","whois.namebright.com","http://www.dropcatch597.com","Domain Admin / This Domain is For Sale","HugeDomains.com","2635 Walnut Street","Denver","CO","80205","United States","domains@hugedomains.com","+1.3038930552","","Domain Admin / This Domain is For Sale","HugeDomains.com","2635 Walnut Street","Denver","CO","80205","United States","domains@hugedomains.com","+1.3038930552","","Domain Admin / This Domain is For Sale","HugeDomains.com","2635 Walnut Street","Denver","CO","80205","United States","domains@hugedomains.com","+1.3038930552","","","","","","","","","","","","nsg1.namebrightdns.com","nsg2.namebrightdns.com","","","clientTransferProhibited","","",""