"num","domain_name","query_time","create_date","update_date","expiry_date","domain_registrar_id","domain_registrar_name","domain_registrar_whois","domain_registrar_url","registrant_name","registrant_company","registrant_address","registrant_city","registrant_state","registrant_zip","registrant_country","registrant_email","registrant_phone","registrant_fax","administrative_name","administrative_company","administrative_address","administrative_city","administrative_state","administrative_zip","administrative_country","administrative_email","administrative_phone","administrative_fax","technical_name","technical_company","technical_address","technical_city","technical_state","technical_zip","technical_country","technical_email","technical_phone","technical_fax","billing_name","billing_company","billing_address","billing_city","billing_state","billing_zip","billing_country","billing_email","billing_phone","billing_fax","name_server_1","name_server_2","name_server_3","name_server_4","domain_status_1","domain_status_2","domain_status_3","domain_status_4"
"1","ekkoton.com","2020-05-07 20:03:09","2020-05-05","2020-05-06","2021-05-05","2282","Dynadot13 LLC","","","Super Privacy Service LTD c/o Dynadot","","PO Box 701","San Mateo","California","94401","United States","ekkoton.com@superprivacyservice.com","+1.6505854708","","Super Privacy Service LTD c/o Dynadot","","PO Box 701","San Mateo","California","94401","United States","ekkoton.com@superprivacyservice.com","+1.6505854708","","Super Privacy Service LTD c/o Dynadot","","PO Box 701","San Mateo","California","94401","United States","ekkoton.com@superprivacyservice.com","+1.6505854708","","","","","","","","","","","","ns1.brainydns.com","ns2.brainydns.com","","","clientTransferProhibited","","",""
"2","eliink.com","2020-05-07 20:01:55","2020-05-05","2020-05-05","2021-05-05","2282","Dynadot13 LLC","","","Super Privacy Service LTD c/o Dynadot","","PO Box 701","San Mateo","California","94401","United States","eliink.com@superprivacyservice.com","+1.6505854708","","Super Privacy Service LTD c/o Dynadot","","PO Box 701","San Mateo","California","94401","United States","eliink.com@superprivacyservice.com","+1.6505854708","","Super Privacy Service LTD c/o Dynadot","","PO Box 701","San Mateo","California","94401","United States","eliink.com@superprivacyservice.com","+1.6505854708","","","","","","","","","","","","ns15.above.com","ns16.above.com","","","clientTransferProhibited","","",""
"3","expatpodcast.com","2020-05-07 19:20:29","2020-05-03","2020-05-05","2021-05-03","2282","Dynadot13 LLC","","","Super Privacy Service LTD c/o Dynadot","","PO Box 701","San Mateo","California","94401","United States","expatpodcast.com@superprivacyservice.com","+1.6505854708","","Super Privacy Service LTD c/o Dynadot","","PO Box 701","San Mateo","California","94401","United States","expatpodcast.com@superprivacyservice.com","+1.6505854708","","Super Privacy Service LTD c/o Dynadot","","PO Box 701","San Mateo","California","94401","United States","expatpodcast.com@superprivacyservice.com","+1.6505854708","","","","","","","","","","","","ns1.dynadot.com","ns2.dynadot.com","","","clientTransferProhibited","","",""
"4","itwabudhabi.com","2020-05-07 19:32:26","2020-05-05","2020-05-06","2021-05-05","2282","Dynadot13 LLC","","","Super Privacy Service LTD c/o Dynadot","","PO Box 701","San Mateo","California","94401","United States","itwabudhabi.com@superprivacyservice.com","+1.6505854708","","Super Privacy Service LTD c/o Dynadot","","PO Box 701","San Mateo","California","94401","United States","itwabudhabi.com@superprivacyservice.com","+1.6505854708","","Super Privacy Service LTD c/o Dynadot","","PO Box 701","San Mateo","California","94401","United States","itwabudhabi.com@superprivacyservice.com","+1.6505854708","","","","","","","","","","","","ns1.jetorbit.net","ns2.jetorbit.net","","","clientTransferProhibited","","",""
"5","religious4u.com","2020-05-07 20:08:52","2020-05-05","2020-05-05","2021-05-05","2282","Dynadot13 LLC","","","Super Privacy Service LTD c/o Dynadot","","PO Box 701","San Mateo","California","94401","United States","religious4u.com@superprivacyservice.com","+1.6505854708","","Super Privacy Service LTD c/o Dynadot","","PO Box 701","San Mateo","California","94401","United States","religious4u.com@superprivacyservice.com","+1.6505854708","","Super Privacy Service LTD c/o Dynadot","","PO Box 701","San Mateo","California","94401","United States","religious4u.com@superprivacyservice.com","+1.6505854708","","","","","","","","","","","","ns15.above.com","ns16.above.com","","","clientTransferProhibited","","",""
"6","schoolua.com","2020-05-07 20:02:25","2020-05-05","2020-05-05","2021-05-05","2282","Dynadot13 LLC","","","Super Privacy Service LTD c/o Dynadot","","PO Box 701","San Mateo","California","94401","United States","schoolua.com@superprivacyservice.com","+1.6505854708","","Super Privacy Service LTD c/o Dynadot","","PO Box 701","San Mateo","California","94401","United States","schoolua.com@superprivacyservice.com","+1.6505854708","","Super Privacy Service LTD c/o Dynadot","","PO Box 701","San Mateo","California","94401","United States","schoolua.com@superprivacyservice.com","+1.6505854708","","","","","","","","","","","","ns15.above.com","ns16.above.com","","","clientTransferProhibited","","",""
"7","woofy.net","2020-05-07 19:01:30","2020-05-05","2020-05-05","2021-05-05","2282","Dynadot13 LLC","","","Super Privacy Service LTD c/o Dynadot","","PO Box 701","San Mateo","California","94401","United States","woofy.net@superprivacyservice.com","+1.6505854708","","Super Privacy Service LTD c/o Dynadot","","PO Box 701","San Mateo","California","94401","United States","woofy.net@superprivacyservice.com","+1.6505854708","","Super Privacy Service LTD c/o Dynadot","","PO Box 701","San Mateo","California","94401","United States","woofy.net@superprivacyservice.com","+1.6505854708","","","","","","","","","","","","ns1.sedoparking.com","ns2.sedoparking.com","","","clientTransferProhibited","","",""