"num","domain_name","query_time","create_date","update_date","expiry_date","domain_registrar_id","domain_registrar_name","domain_registrar_whois","domain_registrar_url","registrant_name","registrant_company","registrant_address","registrant_city","registrant_state","registrant_zip","registrant_country","registrant_email","registrant_phone","registrant_fax","administrative_name","administrative_company","administrative_address","administrative_city","administrative_state","administrative_zip","administrative_country","administrative_email","administrative_phone","administrative_fax","technical_name","technical_company","technical_address","technical_city","technical_state","technical_zip","technical_country","technical_email","technical_phone","technical_fax","billing_name","billing_company","billing_address","billing_city","billing_state","billing_zip","billing_country","billing_email","billing_phone","billing_fax","name_server_1","name_server_2","name_server_3","name_server_4","domain_status_1","domain_status_2","domain_status_3","domain_status_4"
"1","1ea2.com","2020-05-07 21:05:49","2020-05-06","2020-05-06","2021-05-06","1868","Eranet International Limited","whois.eranet.com","http://www.eranet.com","REDACTED FOR PRIVACY","","REDACTED FOR PRIVACY","REDACTED FOR PRIVACY","Frankfurt","REDACTED FOR PRIVACY","Germany","","REDACTED FOR PRIVACY","REDACTED FOR PRIVACY","REDACTED FOR PRIVACY","REDACTED FOR PRIVACY","REDACTED FOR PRIVACY","REDACTED FOR PRIVACY","REDACTED FOR PRIVACY","REDACTED FOR PRIVACY","REDACTED FOR PRIVACY","","REDACTED FOR PRIVACY","REDACTED FOR PRIVACY","REDACTED FOR PRIVACY","REDACTED FOR PRIVACY","REDACTED FOR PRIVACY","REDACTED FOR PRIVACY","REDACTED FOR PRIVACY","REDACTED FOR PRIVACY","REDACTED FOR PRIVACY","","REDACTED FOR PRIVACY","REDACTED FOR PRIVACY","","","","","","","","","","","a.dnspod.com","c.dnspod.com","","","clientTransferProhibited","","",""
"2","1fbe.com","2020-05-08 00:32:04","2020-05-06","2020-05-06","2021-05-06","1868","Eranet International Limited","whois.eranet.com","http://www.eranet.com","REDACTED FOR PRIVACY","","REDACTED FOR PRIVACY","REDACTED FOR PRIVACY","Frankfurt","REDACTED FOR PRIVACY","Germany","","REDACTED FOR PRIVACY","REDACTED FOR PRIVACY","REDACTED FOR PRIVACY","REDACTED FOR PRIVACY","REDACTED FOR PRIVACY","REDACTED FOR PRIVACY","REDACTED FOR PRIVACY","REDACTED FOR PRIVACY","REDACTED FOR PRIVACY","","REDACTED FOR PRIVACY","REDACTED FOR PRIVACY","REDACTED FOR PRIVACY","REDACTED FOR PRIVACY","REDACTED FOR PRIVACY","REDACTED FOR PRIVACY","REDACTED FOR PRIVACY","REDACTED FOR PRIVACY","REDACTED FOR PRIVACY","","REDACTED FOR PRIVACY","REDACTED FOR PRIVACY","","","","","","","","","","","ns1.erans.ru","ns2.erans.ru","","","clientTransferProhibited","","",""
"3","ac-ffpay.com","2020-05-07 20:30:21","2020-05-06","2020-05-06","2021-05-06","1868","Eranet International Limited","whois.eranet.com","http://www.eranet.com","REDACTED FOR PRIVACY","","REDACTED FOR PRIVACY","REDACTED FOR PRIVACY","Rostovskaa","REDACTED FOR PRIVACY","Russian Federation","","REDACTED FOR PRIVACY","REDACTED FOR PRIVACY","REDACTED FOR PRIVACY","REDACTED FOR PRIVACY","REDACTED FOR PRIVACY","REDACTED FOR PRIVACY","REDACTED FOR PRIVACY","REDACTED FOR PRIVACY","REDACTED FOR PRIVACY","","REDACTED FOR PRIVACY","REDACTED FOR PRIVACY","REDACTED FOR PRIVACY","REDACTED FOR PRIVACY","REDACTED FOR PRIVACY","REDACTED FOR PRIVACY","REDACTED FOR PRIVACY","REDACTED FOR PRIVACY","REDACTED FOR PRIVACY","","REDACTED FOR PRIVACY","REDACTED FOR PRIVACY","","","","","","","","","","","now1.dns.com","now2.dns.com","","","clientTransferProhibited","","",""
"4","ac-rspay.com","2020-05-07 19:32:10","2020-05-06","2020-05-06","2021-05-06","1868","Eranet International Limited","whois.eranet.com","http://www.eranet.com","REDACTED FOR PRIVACY","","REDACTED FOR PRIVACY","REDACTED FOR PRIVACY","Rostovskaa","REDACTED FOR PRIVACY","Russian Federation","","REDACTED FOR PRIVACY","REDACTED FOR PRIVACY","REDACTED FOR PRIVACY","REDACTED FOR PRIVACY","REDACTED FOR PRIVACY","REDACTED FOR PRIVACY","REDACTED FOR PRIVACY","REDACTED FOR PRIVACY","REDACTED FOR PRIVACY","","REDACTED FOR PRIVACY","REDACTED FOR PRIVACY","REDACTED FOR PRIVACY","REDACTED FOR PRIVACY","REDACTED FOR PRIVACY","REDACTED FOR PRIVACY","REDACTED FOR PRIVACY","REDACTED FOR PRIVACY","REDACTED FOR PRIVACY","","REDACTED FOR PRIVACY","REDACTED FOR PRIVACY","","","","","","","","","","","now1.dns.com","now2.dns.com","","","clientTransferProhibited","","",""
"5","alanshop.info","2020-05-07 06:25:53","2020-05-05","2020-05-05","2021-05-05","1868","Eranet International Limited","whois.eranet.com","http://www.eranet.com","Oleg Petrov","Oleg Petrov","","","calif","","Seychelles","","","","","","","","","","","","","","","","","","","","","","","","","","","","","","","","","","dahlia.ns.cloudflare.com","james.ns.cloudflare.com","","","addPeriod","clientTransferProhibited","serverTransferProhibited",""
"6","as-uupay.com","2020-05-07 20:30:14","2020-05-06","2020-05-06","2021-05-06","1868","Eranet International Limited","whois.eranet.com","http://www.eranet.com","REDACTED FOR PRIVACY","","REDACTED FOR PRIVACY","REDACTED FOR PRIVACY","Rostovskaa","REDACTED FOR PRIVACY","Russian Federation","","REDACTED FOR PRIVACY","REDACTED FOR PRIVACY","REDACTED FOR PRIVACY","REDACTED FOR PRIVACY","REDACTED FOR PRIVACY","REDACTED FOR PRIVACY","REDACTED FOR PRIVACY","REDACTED FOR PRIVACY","REDACTED FOR PRIVACY","","REDACTED FOR PRIVACY","REDACTED FOR PRIVACY","REDACTED FOR PRIVACY","REDACTED FOR PRIVACY","REDACTED FOR PRIVACY","REDACTED FOR PRIVACY","REDACTED FOR PRIVACY","REDACTED FOR PRIVACY","REDACTED FOR PRIVACY","","REDACTED FOR PRIVACY","REDACTED FOR PRIVACY","","","","","","","","","","","now1.dns.com","now2.dns.com","","","clientTransferProhibited","","",""
"7","ax-ppay.com","2020-05-07 19:32:11","2020-05-06","2020-05-06","2021-05-06","1868","Eranet International Limited","whois.eranet.com","http://www.eranet.com","REDACTED FOR PRIVACY","","REDACTED FOR PRIVACY","REDACTED FOR PRIVACY","Rostovskaa","REDACTED FOR PRIVACY","Russian Federation","","REDACTED FOR PRIVACY","REDACTED FOR PRIVACY","REDACTED FOR PRIVACY","REDACTED FOR PRIVACY","REDACTED FOR PRIVACY","REDACTED FOR PRIVACY","REDACTED FOR PRIVACY","REDACTED FOR PRIVACY","REDACTED FOR PRIVACY","","REDACTED FOR PRIVACY","REDACTED FOR PRIVACY","REDACTED FOR PRIVACY","REDACTED FOR PRIVACY","REDACTED FOR PRIVACY","REDACTED FOR PRIVACY","REDACTED FOR PRIVACY","REDACTED FOR PRIVACY","REDACTED FOR PRIVACY","","REDACTED FOR PRIVACY","REDACTED FOR PRIVACY","","","","","","","","","","","now1.dns.com","now2.dns.com","","","clientTransferProhibited","","",""
"8","ax-rpay.com","2020-05-07 20:30:15","2020-05-06","2020-05-06","2021-05-06","1868","Eranet International Limited","whois.eranet.com","http://www.eranet.com","REDACTED FOR PRIVACY","","REDACTED FOR PRIVACY","REDACTED FOR PRIVACY","Rostovskaa","REDACTED FOR PRIVACY","Russian Federation","","REDACTED FOR PRIVACY","REDACTED FOR PRIVACY","REDACTED FOR PRIVACY","REDACTED FOR PRIVACY","REDACTED FOR PRIVACY","REDACTED FOR PRIVACY","REDACTED FOR PRIVACY","REDACTED FOR PRIVACY","REDACTED FOR PRIVACY","","REDACTED FOR PRIVACY","REDACTED FOR PRIVACY","REDACTED FOR PRIVACY","REDACTED FOR PRIVACY","REDACTED FOR PRIVACY","REDACTED FOR PRIVACY","REDACTED FOR PRIVACY","REDACTED FOR PRIVACY","REDACTED FOR PRIVACY","","REDACTED FOR PRIVACY","REDACTED FOR PRIVACY","","","","","","","","","","","now1.dns.com","now2.dns.com","","","clientTransferProhibited","","",""
"9","beprgroup.net","2020-05-07 18:59:24","2020-05-06","2020-05-06","2021-05-06","1868","Eranet International Limited","whois.eranet.com","http://www.eranet.com","REDACTED FOR PRIVACY","","REDACTED FOR PRIVACY","REDACTED FOR PRIVACY","DK","REDACTED FOR PRIVACY","United States","","REDACTED FOR PRIVACY","REDACTED FOR PRIVACY","REDACTED FOR PRIVACY","REDACTED FOR PRIVACY","REDACTED FOR PRIVACY","REDACTED FOR PRIVACY","REDACTED FOR PRIVACY","REDACTED FOR PRIVACY","REDACTED FOR PRIVACY","","REDACTED FOR PRIVACY","REDACTED FOR PRIVACY","REDACTED FOR PRIVACY","REDACTED FOR PRIVACY","REDACTED FOR PRIVACY","REDACTED FOR PRIVACY","REDACTED FOR PRIVACY","REDACTED FOR PRIVACY","REDACTED FOR PRIVACY","","REDACTED FOR PRIVACY","REDACTED FOR PRIVACY","","","","","","","","","","","a.dnspod.com","c.dnspod.com","","","clientTransferProhibited","","",""
"10","bpergruop.net","2020-05-07 18:59:17","2020-05-06","2020-05-06","2021-05-06","1868","Eranet International Limited","whois.eranet.com","http://www.eranet.com","REDACTED FOR PRIVACY","","REDACTED FOR PRIVACY","REDACTED FOR PRIVACY","DK","REDACTED FOR PRIVACY","United States","","REDACTED FOR PRIVACY","REDACTED FOR PRIVACY","REDACTED FOR PRIVACY","REDACTED FOR PRIVACY","REDACTED FOR PRIVACY","REDACTED FOR PRIVACY","REDACTED FOR PRIVACY","REDACTED FOR PRIVACY","REDACTED FOR PRIVACY","","REDACTED FOR PRIVACY","REDACTED FOR PRIVACY","REDACTED FOR PRIVACY","REDACTED FOR PRIVACY","REDACTED FOR PRIVACY","REDACTED FOR PRIVACY","REDACTED FOR PRIVACY","REDACTED FOR PRIVACY","REDACTED FOR PRIVACY","","REDACTED FOR PRIVACY","REDACTED FOR PRIVACY","","","","","","","","","","","a.dnspod.com","c.dnspod.com","","","clientTransferProhibited","","",""
"11","busineshcbs.com","2020-05-07 21:08:04","2020-05-06","2020-05-06","2021-05-06","1868","Eranet International Limited","whois.eranet.com","http://www.eranet.com","REDACTED FOR PRIVACY","","REDACTED FOR PRIVACY","REDACTED FOR PRIVACY","DK","REDACTED FOR PRIVACY","United States","","REDACTED FOR PRIVACY","REDACTED FOR PRIVACY","REDACTED FOR PRIVACY","REDACTED FOR PRIVACY","REDACTED FOR PRIVACY","REDACTED FOR PRIVACY","REDACTED FOR PRIVACY","REDACTED FOR PRIVACY","REDACTED FOR PRIVACY","","REDACTED FOR PRIVACY","REDACTED FOR PRIVACY","REDACTED FOR PRIVACY","REDACTED FOR PRIVACY","REDACTED FOR PRIVACY","REDACTED FOR PRIVACY","REDACTED FOR PRIVACY","REDACTED FOR PRIVACY","REDACTED FOR PRIVACY","","REDACTED FOR PRIVACY","REDACTED FOR PRIVACY","","","","","","","","","","","a.dnspod.com","c.dnspod.com","","","clientTransferProhibited","","",""
"12","businesshcbs.com","2020-05-07 21:08:01","2020-05-06","2020-05-06","2021-05-06","1868","Eranet International Limited","whois.eranet.com","http://www.eranet.com","REDACTED FOR PRIVACY","","REDACTED FOR PRIVACY","REDACTED FOR PRIVACY","DK","REDACTED FOR PRIVACY","United States","","REDACTED FOR PRIVACY","REDACTED FOR PRIVACY","REDACTED FOR PRIVACY","REDACTED FOR PRIVACY","REDACTED FOR PRIVACY","REDACTED FOR PRIVACY","REDACTED FOR PRIVACY","REDACTED FOR PRIVACY","REDACTED FOR PRIVACY","","REDACTED FOR PRIVACY","REDACTED FOR PRIVACY","REDACTED FOR PRIVACY","REDACTED FOR PRIVACY","REDACTED FOR PRIVACY","REDACTED FOR PRIVACY","REDACTED FOR PRIVACY","REDACTED FOR PRIVACY","REDACTED FOR PRIVACY","","REDACTED FOR PRIVACY","REDACTED FOR PRIVACY","","","","","","","","","","","a.dnspod.com","c.dnspod.com","","","clientTransferProhibited","","",""
"13","businesshsb.com","2020-05-07 21:07:58","2020-05-06","2020-05-06","2021-05-06","1868","Eranet International Limited","whois.eranet.com","http://www.eranet.com","REDACTED FOR PRIVACY","","REDACTED FOR PRIVACY","REDACTED FOR PRIVACY","DK","REDACTED FOR PRIVACY","United States","","REDACTED FOR PRIVACY","REDACTED FOR PRIVACY","REDACTED FOR PRIVACY","REDACTED FOR PRIVACY","REDACTED FOR PRIVACY","REDACTED FOR PRIVACY","REDACTED FOR PRIVACY","REDACTED FOR PRIVACY","REDACTED FOR PRIVACY","","REDACTED FOR PRIVACY","REDACTED FOR PRIVACY","REDACTED FOR PRIVACY","REDACTED FOR PRIVACY","REDACTED FOR PRIVACY","REDACTED FOR PRIVACY","REDACTED FOR PRIVACY","REDACTED FOR PRIVACY","REDACTED FOR PRIVACY","","REDACTED FOR PRIVACY","REDACTED FOR PRIVACY","","","","","","","","","","","a.dnspod.com","c.dnspod.com","","","clientTransferProhibited","","",""
"14","e84d.com","2020-05-07 21:05:48","2020-05-06","2020-05-06","2021-05-06","1868","Eranet International Limited","whois.eranet.com","http://www.eranet.com","REDACTED FOR PRIVACY","","REDACTED FOR PRIVACY","REDACTED FOR PRIVACY","Frankfurt","REDACTED FOR PRIVACY","Germany","","REDACTED FOR PRIVACY","REDACTED FOR PRIVACY","REDACTED FOR PRIVACY","REDACTED FOR PRIVACY","REDACTED FOR PRIVACY","REDACTED FOR PRIVACY","REDACTED FOR PRIVACY","REDACTED FOR PRIVACY","REDACTED FOR PRIVACY","","REDACTED FOR PRIVACY","REDACTED FOR PRIVACY","REDACTED FOR PRIVACY","REDACTED FOR PRIVACY","REDACTED FOR PRIVACY","REDACTED FOR PRIVACY","REDACTED FOR PRIVACY","REDACTED FOR PRIVACY","REDACTED FOR PRIVACY","","REDACTED FOR PRIVACY","REDACTED FOR PRIVACY","","","","","","","","","","","a.dnspod.com","c.dnspod.com","","","clientTransferProhibited","","",""
"15","fd1c.com","2020-05-07 21:05:26","2020-05-06","2020-05-06","2021-05-06","1868","Eranet International Limited","whois.eranet.com","http://www.eranet.com","REDACTED FOR PRIVACY","","REDACTED FOR PRIVACY","REDACTED FOR PRIVACY","Frankfurt","REDACTED FOR PRIVACY","Germany","","REDACTED FOR PRIVACY","REDACTED FOR PRIVACY","REDACTED FOR PRIVACY","REDACTED FOR PRIVACY","REDACTED FOR PRIVACY","REDACTED FOR PRIVACY","REDACTED FOR PRIVACY","REDACTED FOR PRIVACY","REDACTED FOR PRIVACY","","REDACTED FOR PRIVACY","REDACTED FOR PRIVACY","REDACTED FOR PRIVACY","REDACTED FOR PRIVACY","REDACTED FOR PRIVACY","REDACTED FOR PRIVACY","REDACTED FOR PRIVACY","REDACTED FOR PRIVACY","REDACTED FOR PRIVACY","","REDACTED FOR PRIVACY","REDACTED FOR PRIVACY","","","","","","","","","","","a.dnspod.com","c.dnspod.com","","","clientTransferProhibited","","",""
"16","giftboi.com","2020-05-07 19:21:46","2020-05-06","2020-05-06","2021-05-06","1868","Eranet International Limited","whois.eranet.com","http://www.eranet.com","REDACTED FOR PRIVACY","","REDACTED FOR PRIVACY","REDACTED FOR PRIVACY","SC","REDACTED FOR PRIVACY","United States","","REDACTED FOR PRIVACY","REDACTED FOR PRIVACY","REDACTED FOR PRIVACY","REDACTED FOR PRIVACY","REDACTED FOR PRIVACY","REDACTED FOR PRIVACY","REDACTED FOR PRIVACY","REDACTED FOR PRIVACY","REDACTED FOR PRIVACY","","REDACTED FOR PRIVACY","REDACTED FOR PRIVACY","REDACTED FOR PRIVACY","REDACTED FOR PRIVACY","REDACTED FOR PRIVACY","REDACTED FOR PRIVACY","REDACTED FOR PRIVACY","REDACTED FOR PRIVACY","REDACTED FOR PRIVACY","","REDACTED FOR PRIVACY","REDACTED FOR PRIVACY","","","","","","","","","","","ns1.incodns.net","ns2.incodns.net","","","clientTransferProhibited","","",""
"17","hsbc-helpdesk.net","2020-05-07 19:00:52","2020-05-06","2020-05-06","2021-05-06","1868","Eranet International Limited","whois.eranet.com","http://www.eranet.com","REDACTED FOR PRIVACY","","REDACTED FOR PRIVACY","REDACTED FOR PRIVACY","jdsks","REDACTED FOR PRIVACY","Seychelles","","REDACTED FOR PRIVACY","REDACTED FOR PRIVACY","REDACTED FOR PRIVACY","REDACTED FOR PRIVACY","REDACTED FOR PRIVACY","REDACTED FOR PRIVACY","REDACTED FOR PRIVACY","REDACTED FOR PRIVACY","REDACTED FOR PRIVACY","","REDACTED FOR PRIVACY","REDACTED FOR PRIVACY","REDACTED FOR PRIVACY","REDACTED FOR PRIVACY","REDACTED FOR PRIVACY","REDACTED FOR PRIVACY","REDACTED FOR PRIVACY","REDACTED FOR PRIVACY","REDACTED FOR PRIVACY","","REDACTED FOR PRIVACY","REDACTED FOR PRIVACY","","","","","","","","","","","now1.dns.com","now2.dns.com","","","clientTransferProhibited","","",""
"18","hsbchelpdesk.net","2020-05-07 19:00:52","2020-05-06","2020-05-07","2021-05-06","1868","Eranet International Limited","whois.eranet.com","http://www.eranet.com","REDACTED FOR PRIVACY","","REDACTED FOR PRIVACY","REDACTED FOR PRIVACY","jdsks","REDACTED FOR PRIVACY","Seychelles","","REDACTED FOR PRIVACY","REDACTED FOR PRIVACY","REDACTED FOR PRIVACY","REDACTED FOR PRIVACY","REDACTED FOR PRIVACY","REDACTED FOR PRIVACY","REDACTED FOR PRIVACY","REDACTED FOR PRIVACY","REDACTED FOR PRIVACY","","REDACTED FOR PRIVACY","REDACTED FOR PRIVACY","REDACTED FOR PRIVACY","REDACTED FOR PRIVACY","REDACTED FOR PRIVACY","REDACTED FOR PRIVACY","REDACTED FOR PRIVACY","REDACTED FOR PRIVACY","REDACTED FOR PRIVACY","","REDACTED FOR PRIVACY","REDACTED FOR PRIVACY","","","","","","","","","","","ns1.incodns.net","ns2.incodns.net","","","clientTransferProhibited","","",""
"19","hydaruzxpnew4af-onion.com","2020-05-07 21:13:27","2020-05-06","2020-05-06","2021-05-06","1868","Eranet International Limited","whois.eranet.com","http://www.eranet.com","REDACTED FOR PRIVACY","","REDACTED FOR PRIVACY","REDACTED FOR PRIVACY","Orenburg region","REDACTED FOR PRIVACY","Russian Federation","","REDACTED FOR PRIVACY","REDACTED FOR PRIVACY","REDACTED FOR PRIVACY","REDACTED FOR PRIVACY","REDACTED FOR PRIVACY","REDACTED FOR PRIVACY","REDACTED FOR PRIVACY","REDACTED FOR PRIVACY","REDACTED FOR PRIVACY","","REDACTED FOR PRIVACY","REDACTED FOR PRIVACY","REDACTED FOR PRIVACY","REDACTED FOR PRIVACY","REDACTED FOR PRIVACY","REDACTED FOR PRIVACY","REDACTED FOR PRIVACY","REDACTED FOR PRIVACY","REDACTED FOR PRIVACY","","REDACTED FOR PRIVACY","REDACTED FOR PRIVACY","","","","","","","","","","","sunny.ns.cloudflare.com","yichun.ns.cloudflare.com","","","clientTransferProhibited","","",""
"20","irvvn.com","2020-05-07 20:41:16","2020-05-06","2020-05-06","2021-05-06","1868","Eranet International Limited","whois.eranet.com","http://www.eranet.com","REDACTED FOR PRIVACY","","REDACTED FOR PRIVACY","REDACTED FOR PRIVACY","Frankfurt","REDACTED FOR PRIVACY","Germany","","REDACTED FOR PRIVACY","REDACTED FOR PRIVACY","REDACTED FOR PRIVACY","REDACTED FOR PRIVACY","REDACTED FOR PRIVACY","REDACTED FOR PRIVACY","REDACTED FOR PRIVACY","REDACTED FOR PRIVACY","REDACTED FOR PRIVACY","","REDACTED FOR PRIVACY","REDACTED FOR PRIVACY","REDACTED FOR PRIVACY","REDACTED FOR PRIVACY","REDACTED FOR PRIVACY","REDACTED FOR PRIVACY","REDACTED FOR PRIVACY","REDACTED FOR PRIVACY","REDACTED FOR PRIVACY","","REDACTED FOR PRIVACY","REDACTED FOR PRIVACY","","","","","","","","","","","a.dnspod.com","c.dnspod.com","","","clientTransferProhibited","","",""
"21","kleinzeigen.net","2020-05-07 19:00:39","2020-05-06","2020-05-06","2021-05-06","1868","Eranet International Limited","whois.eranet.com","http://www.eranet.com","REDACTED FOR PRIVACY","","REDACTED FOR PRIVACY","REDACTED FOR PRIVACY","JL","REDACTED FOR PRIVACY","United States","","REDACTED FOR PRIVACY","REDACTED FOR PRIVACY","REDACTED FOR PRIVACY","REDACTED FOR PRIVACY","REDACTED FOR PRIVACY","REDACTED FOR PRIVACY","REDACTED FOR PRIVACY","REDACTED FOR PRIVACY","REDACTED FOR PRIVACY","","REDACTED FOR PRIVACY","REDACTED FOR PRIVACY","REDACTED FOR PRIVACY","REDACTED FOR PRIVACY","REDACTED FOR PRIVACY","REDACTED FOR PRIVACY","REDACTED FOR PRIVACY","REDACTED FOR PRIVACY","REDACTED FOR PRIVACY","","REDACTED FOR PRIVACY","REDACTED FOR PRIVACY","","","","","","","","","","","bjorn.ns.cloudflare.com","khloe.ns.cloudflare.com","","","clientTransferProhibited","","",""
"22","knotstaste.com","2020-05-07 21:16:32","2020-05-06","2020-05-06","2021-05-06","1868","Eranet International Limited","whois.eranet.com","http://www.eranet.com","REDACTED FOR PRIVACY","1981 ????????","REDACTED FOR PRIVACY","REDACTED FOR PRIVACY","GD","REDACTED FOR PRIVACY","China","","REDACTED FOR PRIVACY","REDACTED FOR PRIVACY","REDACTED FOR PRIVACY","REDACTED FOR PRIVACY","REDACTED FOR PRIVACY","REDACTED FOR PRIVACY","REDACTED FOR PRIVACY","REDACTED FOR PRIVACY","REDACTED FOR PRIVACY","","REDACTED FOR PRIVACY","REDACTED FOR PRIVACY","REDACTED FOR PRIVACY","REDACTED FOR PRIVACY","REDACTED FOR PRIVACY","REDACTED FOR PRIVACY","REDACTED FOR PRIVACY","REDACTED FOR PRIVACY","REDACTED FOR PRIVACY","","REDACTED FOR PRIVACY","REDACTED FOR PRIVACY","","","","","","","","","","","now1.dns.com","now2.dns.com","","","clientTransferProhibited","","",""
"23","lambolambo.top","2020-05-07 02:50:52","2020-05-04","2020-05-04","2021-05-04","1868","Eranet International Limited","whois.eranet.com","http://www.eranet.com","Leland Hillman","Tye Dye Eye","2767 Stuart Street","Texas","DK","15017","United States","hipleaseleavemealone@gmail.com","","+1.13152265160","Leland Hillman","Tye Dye Eye","2767 Stuart Street","Texas","DK","15017","United States","hipleaseleavemealone@gmail.com","","+1.13152265160","Leland Hillman","Tye Dye Eye","2767 Stuart Street","Texas","DK","15017","United States","hipleaseleavemealone@gmail.com","","+1.13152265160","","","","","","","","","","","a.dnspod.com","c.dnspod.com","","","addPeriod","clientTransferProhibited","",""
"24","logmein.top","2020-05-07 22:16:50","2020-05-05","2020-05-05","2021-05-05","1868","Eranet International Limited","whois.eranet.com","http://www.eranet.com","n.a.","n.a.","","","","","","whois-protect@hotmail.com","","+86.5925765543","n.a.","n.a.","","","","","","whois-protect@hotmail.com","","+86.5925765543","n.a.","n.a.","","","","","","whois-protect@hotmail.com","","+86.5925765543","","","","","","","","","","","ns31.cloudns.net","ns32.cloudns.net","","","addPeriod","clientTransferProhibited","",""
"25","majubinacapital.com","2020-05-07 19:18:29","2020-05-06","2020-05-06","2021-05-06","1868","Eranet International Limited","whois.eranet.com","http://www.eranet.com","REDACTED FOR PRIVACY","MAJUBINA AGROTRADE INDUSTRIES(M) SDN  BHD","REDACTED FOR PRIVACY","REDACTED FOR PRIVACY","selangor","REDACTED FOR PRIVACY","Malaysia","","REDACTED FOR PRIVACY","REDACTED FOR PRIVACY","REDACTED FOR PRIVACY","REDACTED FOR PRIVACY","REDACTED FOR PRIVACY","REDACTED FOR PRIVACY","REDACTED FOR PRIVACY","REDACTED FOR PRIVACY","REDACTED FOR PRIVACY","","REDACTED FOR PRIVACY","REDACTED FOR PRIVACY","REDACTED FOR PRIVACY","REDACTED FOR PRIVACY","REDACTED FOR PRIVACY","REDACTED FOR PRIVACY","REDACTED FOR PRIVACY","REDACTED FOR PRIVACY","REDACTED FOR PRIVACY","","REDACTED FOR PRIVACY","REDACTED FOR PRIVACY","","","","","","","","","","","now1.dns.com","now2.dns.com","","","clientTransferProhibited","","",""
"26","newtshirt.top","2020-05-07 02:50:52","2020-05-04","2020-05-04","2021-05-04","1868","Eranet International Limited","whois.eranet.com","http://www.eranet.com","Leland Hillman","Tye Dye Eye","2767 Stuart Street","Texas","DK","15017","United States","hipleaseleavemealone@gmail.com","","+1.13152265160","Leland Hillman","Tye Dye Eye","2767 Stuart Street","Texas","DK","15017","United States","hipleaseleavemealone@gmail.com","","+1.13152265160","Leland Hillman","Tye Dye Eye","2767 Stuart Street","Texas","DK","15017","United States","hipleaseleavemealone@gmail.com","","+1.13152265160","","","","","","","","","","","a.dnspod.com","c.dnspod.com","","","addPeriod","clientTransferProhibited","",""
"27","nl-testbetaling.com","2020-05-07 20:52:17","2020-05-06","2020-05-06","2021-05-06","1868","Eranet International Limited","whois.eranet.com","http://www.eranet.com","REDACTED FOR PRIVACY","","REDACTED FOR PRIVACY","REDACTED FOR PRIVACY","Frankfurt","REDACTED FOR PRIVACY","Germany","","REDACTED FOR PRIVACY","REDACTED FOR PRIVACY","REDACTED FOR PRIVACY","REDACTED FOR PRIVACY","REDACTED FOR PRIVACY","REDACTED FOR PRIVACY","REDACTED FOR PRIVACY","REDACTED FOR PRIVACY","REDACTED FOR PRIVACY","","REDACTED FOR PRIVACY","REDACTED FOR PRIVACY","REDACTED FOR PRIVACY","REDACTED FOR PRIVACY","REDACTED FOR PRIVACY","REDACTED FOR PRIVACY","REDACTED FOR PRIVACY","REDACTED FOR PRIVACY","REDACTED FOR PRIVACY","","REDACTED FOR PRIVACY","REDACTED FOR PRIVACY","","","","","","","","","","","a.dnspod.com","c.dnspod.com","","","clientTransferProhibited","","",""
"28","nl-testbetaling.info","2020-05-07 06:12:07","2020-05-05","2020-05-05","2021-05-05","1868","Eranet International Limited","whois.eranet.com","http://www.eranet.com","n.a.","n.a.","","","FRANKFURT","","Germany","","","","","","","","","","","","","","","","","","","","","","","","","","","","","","","","","","a.dnspod.com","c.dnspod.com","","","addPeriod","clientTransferProhibited","serverTransferProhibited",""
"29","pleasedontbanthis.top","2020-05-07 22:16:38","2020-05-05","2020-05-05","2021-05-05","1868","Eranet International Limited","whois.eranet.com","http://www.eranet.com","Leland Hillman","Tye Dye Eye","2767 Stuart Street","Texas","DK","15017","United States","hipleaseleavemealone@gmail.com","","+1.13152265160","Leland Hillman","Tye Dye Eye","2767 Stuart Street","Texas","DK","15017","United States","hipleaseleavemealone@gmail.com","","+1.13152265160","Leland Hillman","Tye Dye Eye","2767 Stuart Street","Texas","DK","15017","United States","hipleaseleavemealone@gmail.com","","+1.13152265160","","","","","","","","","","","a.dnspod.com","c.dnspod.com","","","addPeriod","clientTransferProhibited","serverHold",""
"30","polenboeller.net","2020-05-07 23:15:50","2020-05-06","2020-05-06","2021-05-06","1868","Eranet International Limited","whois.eranet.com","http://www.eranet.com","REDACTED FOR PRIVACY","","REDACTED FOR PRIVACY","REDACTED FOR PRIVACY","d","REDACTED FOR PRIVACY","Serbia","","REDACTED FOR PRIVACY","REDACTED FOR PRIVACY","REDACTED FOR PRIVACY","REDACTED FOR PRIVACY","REDACTED FOR PRIVACY","REDACTED FOR PRIVACY","REDACTED FOR PRIVACY","REDACTED FOR PRIVACY","REDACTED FOR PRIVACY","","REDACTED FOR PRIVACY","REDACTED FOR PRIVACY","REDACTED FOR PRIVACY","REDACTED FOR PRIVACY","REDACTED FOR PRIVACY","REDACTED FOR PRIVACY","REDACTED FOR PRIVACY","REDACTED FOR PRIVACY","REDACTED FOR PRIVACY","","REDACTED FOR PRIVACY","REDACTED FOR PRIVACY","","","","","","","","","","","cory.ns.cloudflare.com","gwen.ns.cloudflare.com","","","clientTransferProhibited","","",""
"31","privatefilesharing.top","2020-05-07 22:16:37","2020-05-05","2020-05-06","2021-05-05","1868","Eranet International Limited","whois.eranet.com","http://www.eranet.com","n.a.","n.a.","","","","","","whois-protect@hotmail.com","","+86.5925765543","n.a.","n.a.","","","","","","whois-protect@hotmail.com","","+86.5925765543","n.a.","n.a.","","","","","","whois-protect@hotmail.com","","+86.5925765543","","","","","","","","","","","javon.ns.cloudflare.com","mckinley.ns.cloudflare.com","","","addPeriod","clientTransferProhibited","",""
"32","profoliscapital.com","2020-05-07 21:17:21","2020-05-06","2020-05-06","2021-05-06","1868","Eranet International Limited","whois.eranet.com","http://www.eranet.com","REDACTED FOR PRIVACY","","REDACTED FOR PRIVACY","REDACTED FOR PRIVACY","HK","REDACTED FOR PRIVACY","Hong Kong","","REDACTED FOR PRIVACY","REDACTED FOR PRIVACY","REDACTED FOR PRIVACY","REDACTED FOR PRIVACY","REDACTED FOR PRIVACY","REDACTED FOR PRIVACY","REDACTED FOR PRIVACY","REDACTED FOR PRIVACY","REDACTED FOR PRIVACY","","REDACTED FOR PRIVACY","REDACTED FOR PRIVACY","REDACTED FOR PRIVACY","REDACTED FOR PRIVACY","REDACTED FOR PRIVACY","REDACTED FOR PRIVACY","REDACTED FOR PRIVACY","REDACTED FOR PRIVACY","REDACTED FOR PRIVACY","","REDACTED FOR PRIVACY","REDACTED FOR PRIVACY","","","","","","","","","","","now1.dns.com","now2.dns.com","","","clientTransferProhibited","","",""
"33","promegapixel.com","2020-05-07 19:15:22","2020-05-06","2020-05-06","2021-05-06","1868","Eranet International Limited","whois.eranet.com","http://www.eranet.com","REDACTED FOR PRIVACY","","REDACTED FOR PRIVACY","REDACTED FOR PRIVACY","3","REDACTED FOR PRIVACY","Seychelles","","REDACTED FOR PRIVACY","REDACTED FOR PRIVACY","REDACTED FOR PRIVACY","REDACTED FOR PRIVACY","REDACTED FOR PRIVACY","REDACTED FOR PRIVACY","REDACTED FOR PRIVACY","REDACTED FOR PRIVACY","REDACTED FOR PRIVACY","","REDACTED FOR PRIVACY","REDACTED FOR PRIVACY","REDACTED FOR PRIVACY","REDACTED FOR PRIVACY","REDACTED FOR PRIVACY","REDACTED FOR PRIVACY","REDACTED FOR PRIVACY","REDACTED FOR PRIVACY","REDACTED FOR PRIVACY","","REDACTED FOR PRIVACY","REDACTED FOR PRIVACY","","","","","","","","","","","dns1.namecheaphosting.com","dns2.namecheaphosting.com","","","clientTransferProhibited","","",""
"34","rewardsclearchoice.com","2020-05-07 20:41:10","2020-05-06","2020-05-06","2021-05-06","1868","Eranet International Limited","whois.eranet.com","http://www.eranet.com","REDACTED FOR PRIVACY","","REDACTED FOR PRIVACY","REDACTED FOR PRIVACY","Frankfurt","REDACTED FOR PRIVACY","Germany","","REDACTED FOR PRIVACY","REDACTED FOR PRIVACY","REDACTED FOR PRIVACY","REDACTED FOR PRIVACY","REDACTED FOR PRIVACY","REDACTED FOR PRIVACY","REDACTED FOR PRIVACY","REDACTED FOR PRIVACY","REDACTED FOR PRIVACY","","REDACTED FOR PRIVACY","REDACTED FOR PRIVACY","REDACTED FOR PRIVACY","REDACTED FOR PRIVACY","REDACTED FOR PRIVACY","REDACTED FOR PRIVACY","REDACTED FOR PRIVACY","REDACTED FOR PRIVACY","REDACTED FOR PRIVACY","","REDACTED FOR PRIVACY","REDACTED FOR PRIVACY","","","","","","","","","","","a.dnspod.com","c.dnspod.com","","","clientTransferProhibited","","",""
"35","ritualstereovacuum.top","2020-05-07 02:40:00","2020-05-04","2020-05-04","2021-05-04","1868","Eranet International Limited","whois.eranet.com","http://www.eranet.com","Leland Hillman","Tye Dye Eye","2767 Stuart Street","Texas","DK","15017","United States","hipleaseleavemealone@gmail.com","","+1.13152265160","Leland Hillman","Tye Dye Eye","2767 Stuart Street","Texas","DK","15017","United States","hipleaseleavemealone@gmail.com","","+1.13152265160","Leland Hillman","Tye Dye Eye","2767 Stuart Street","Texas","DK","15017","United States","hipleaseleavemealone@gmail.com","","+1.13152265160","","","","","","","","","","","a.dnspod.com","c.dnspod.com","","","addPeriod","clientTransferProhibited","",""
"36","rongchuangzg.com","2020-05-07 21:09:14","2020-05-06","2020-05-06","2021-05-06","1868","Eranet International Limited","whois.eranet.com","http://www.eranet.com","REDACTED FOR PRIVACY","","REDACTED FOR PRIVACY","REDACTED FOR PRIVACY","??","REDACTED FOR PRIVACY","China","","REDACTED FOR PRIVACY","REDACTED FOR PRIVACY","REDACTED FOR PRIVACY","REDACTED FOR PRIVACY","REDACTED FOR PRIVACY","REDACTED FOR PRIVACY","REDACTED FOR PRIVACY","REDACTED FOR PRIVACY","REDACTED FOR PRIVACY","","REDACTED FOR PRIVACY","REDACTED FOR PRIVACY","REDACTED FOR PRIVACY","REDACTED FOR PRIVACY","REDACTED FOR PRIVACY","REDACTED FOR PRIVACY","REDACTED FOR PRIVACY","REDACTED FOR PRIVACY","REDACTED FOR PRIVACY","","REDACTED FOR PRIVACY","REDACTED FOR PRIVACY","","","","","","","","","","","now1.dns.com","now2.dns.com","","","clientTransferProhibited","","",""
"37","rrvbx.com","2020-05-07 20:41:16","2020-05-06","2020-05-06","2021-05-06","1868","Eranet International Limited","whois.eranet.com","http://www.eranet.com","REDACTED FOR PRIVACY","","REDACTED FOR PRIVACY","REDACTED FOR PRIVACY","Frankfurt","REDACTED FOR PRIVACY","Germany","","REDACTED FOR PRIVACY","REDACTED FOR PRIVACY","REDACTED FOR PRIVACY","REDACTED FOR PRIVACY","REDACTED FOR PRIVACY","REDACTED FOR PRIVACY","REDACTED FOR PRIVACY","REDACTED FOR PRIVACY","REDACTED FOR PRIVACY","","REDACTED FOR PRIVACY","REDACTED FOR PRIVACY","REDACTED FOR PRIVACY","REDACTED FOR PRIVACY","REDACTED FOR PRIVACY","REDACTED FOR PRIVACY","REDACTED FOR PRIVACY","REDACTED FOR PRIVACY","REDACTED FOR PRIVACY","","REDACTED FOR PRIVACY","REDACTED FOR PRIVACY","","","","","","","","","","","a.dnspod.com","c.dnspod.com","","","clientTransferProhibited","","",""
"38","sharedgdrive.top","2020-05-07 19:07:28","2020-05-05","2020-05-06","2021-05-05","1868","Eranet International Limited","whois.eranet.com","http://www.eranet.com","n.a.","n.a.","","","","","","whois-protect@hotmail.com","","+86.5925765543","n.a.","n.a.","","","","","","whois-protect@hotmail.com","","+86.5925765543","n.a.","n.a.","","","","","","whois-protect@hotmail.com","","+86.5925765543","","","","","","","","","","","javon.ns.cloudflare.com","mckinley.ns.cloudflare.com","","","addPeriod","clientTransferProhibited","",""
"39","silverain.top","2020-05-07 02:39:57","2020-05-04","2020-05-04","2021-05-04","1868","Eranet International Limited","whois.eranet.com","http://www.eranet.com","Leland Hillman","Tye Dye Eye","2767 Stuart Street","Texas","DK","15017","United States","hipleaseleavemealone@gmail.com","","+1.13152265160","Leland Hillman","Tye Dye Eye","2767 Stuart Street","Texas","DK","15017","United States","hipleaseleavemealone@gmail.com","","+1.13152265160","Leland Hillman","Tye Dye Eye","2767 Stuart Street","Texas","DK","15017","United States","hipleaseleavemealone@gmail.com","","+1.13152265160","","","","","","","","","","","a.dnspod.com","c.dnspod.com","","","addPeriod","clientTransferProhibited","",""
"40","skyflights.info","2020-05-07 06:07:12","2020-05-05","2020-05-05","2021-05-05","1868","Eranet International Limited","whois.eranet.com","http://www.eranet.com","Avia Tickets","Avia Tickets","","","RU","","Russian Federation","","","","","","","","","","","","","","","","","","","","","","","","","","","","","","","","","","carl.ns.cloudflare.com","norah.ns.cloudflare.com","","","addPeriod","clientTransferProhibited","serverTransferProhibited",""
"41","thundav.com","2020-05-07 19:13:44","2020-05-06","2020-05-06","2021-05-06","1868","Eranet International Limited","whois.eranet.com","http://www.eranet.com","REDACTED FOR PRIVACY","","REDACTED FOR PRIVACY","REDACTED FOR PRIVACY","MSK","REDACTED FOR PRIVACY","Russian Federation","","REDACTED FOR PRIVACY","REDACTED FOR PRIVACY","REDACTED FOR PRIVACY","REDACTED FOR PRIVACY","REDACTED FOR PRIVACY","REDACTED FOR PRIVACY","REDACTED FOR PRIVACY","REDACTED FOR PRIVACY","REDACTED FOR PRIVACY","","REDACTED FOR PRIVACY","REDACTED FOR PRIVACY","REDACTED FOR PRIVACY","REDACTED FOR PRIVACY","REDACTED FOR PRIVACY","REDACTED FOR PRIVACY","REDACTED FOR PRIVACY","REDACTED FOR PRIVACY","REDACTED FOR PRIVACY","","REDACTED FOR PRIVACY","REDACTED FOR PRIVACY","","","","","","","","","","","now1.dns.com","now2.dns.com","","","clientTransferProhibited","","",""
"42","vanillacraves.com","2020-05-07 20:02:45","2020-05-06","2020-05-06","2021-05-06","1868","Eranet International Limited","whois.eranet.com","http://www.eranet.com","REDACTED FOR PRIVACY","","REDACTED FOR PRIVACY","REDACTED FOR PRIVACY","WV","REDACTED FOR PRIVACY","Seychelles","","REDACTED FOR PRIVACY","REDACTED FOR PRIVACY","REDACTED FOR PRIVACY","REDACTED FOR PRIVACY","REDACTED FOR PRIVACY","REDACTED FOR PRIVACY","REDACTED FOR PRIVACY","REDACTED FOR PRIVACY","REDACTED FOR PRIVACY","","REDACTED FOR PRIVACY","REDACTED FOR PRIVACY","REDACTED FOR PRIVACY","REDACTED FOR PRIVACY","REDACTED FOR PRIVACY","REDACTED FOR PRIVACY","REDACTED FOR PRIVACY","REDACTED FOR PRIVACY","REDACTED FOR PRIVACY","","REDACTED FOR PRIVACY","REDACTED FOR PRIVACY","","","","","","","","","","","now1.dns.com","now2.dns.com","","","clientTransferProhibited","","",""
"43","vanillarat.com","2020-05-07 19:21:46","2020-05-06","2020-05-06","2021-05-06","1868","Eranet International Limited","whois.eranet.com","http://www.eranet.com","REDACTED FOR PRIVACY","","REDACTED FOR PRIVACY","REDACTED FOR PRIVACY","SC","REDACTED FOR PRIVACY","United States","","REDACTED FOR PRIVACY","REDACTED FOR PRIVACY","REDACTED FOR PRIVACY","REDACTED FOR PRIVACY","REDACTED FOR PRIVACY","REDACTED FOR PRIVACY","REDACTED FOR PRIVACY","REDACTED FOR PRIVACY","REDACTED FOR PRIVACY","","REDACTED FOR PRIVACY","REDACTED FOR PRIVACY","REDACTED FOR PRIVACY","REDACTED FOR PRIVACY","REDACTED FOR PRIVACY","REDACTED FOR PRIVACY","REDACTED FOR PRIVACY","REDACTED FOR PRIVACY","REDACTED FOR PRIVACY","","REDACTED FOR PRIVACY","REDACTED FOR PRIVACY","","","","","","","","","","","ns1.incodns.net","ns2.incodns.net","","","clientTransferProhibited","","",""
"44","www-cai.com","2020-05-07 20:41:21","2020-05-06","2020-05-06","2021-05-06","1868","Eranet International Limited","whois.eranet.com","http://www.eranet.com","REDACTED FOR PRIVACY","","REDACTED FOR PRIVACY","REDACTED FOR PRIVACY","Frankfurt","REDACTED FOR PRIVACY","Germany","","REDACTED FOR PRIVACY","REDACTED FOR PRIVACY","REDACTED FOR PRIVACY","REDACTED FOR PRIVACY","REDACTED FOR PRIVACY","REDACTED FOR PRIVACY","REDACTED FOR PRIVACY","REDACTED FOR PRIVACY","REDACTED FOR PRIVACY","","REDACTED FOR PRIVACY","REDACTED FOR PRIVACY","REDACTED FOR PRIVACY","REDACTED FOR PRIVACY","REDACTED FOR PRIVACY","REDACTED FOR PRIVACY","REDACTED FOR PRIVACY","REDACTED FOR PRIVACY","REDACTED FOR PRIVACY","","REDACTED FOR PRIVACY","REDACTED FOR PRIVACY","","","","","","","","","","","a.dnspod.com","c.dnspod.com","","","clientTransferProhibited","","",""
"45","www-irx.com","2020-05-07 20:52:18","2020-05-06","2020-05-06","2021-05-06","1868","Eranet International Limited","whois.eranet.com","http://www.eranet.com","REDACTED FOR PRIVACY","","REDACTED FOR PRIVACY","REDACTED FOR PRIVACY","Frankfurt","REDACTED FOR PRIVACY","Germany","","REDACTED FOR PRIVACY","REDACTED FOR PRIVACY","REDACTED FOR PRIVACY","REDACTED FOR PRIVACY","REDACTED FOR PRIVACY","REDACTED FOR PRIVACY","REDACTED FOR PRIVACY","REDACTED FOR PRIVACY","REDACTED FOR PRIVACY","","REDACTED FOR PRIVACY","REDACTED FOR PRIVACY","REDACTED FOR PRIVACY","REDACTED FOR PRIVACY","REDACTED FOR PRIVACY","REDACTED FOR PRIVACY","REDACTED FOR PRIVACY","REDACTED FOR PRIVACY","REDACTED FOR PRIVACY","","REDACTED FOR PRIVACY","REDACTED FOR PRIVACY","","","","","","","","","","","a.dnspod.com","c.dnspod.com","","","clientTransferProhibited","","",""
"46","zeldacoin.info","2020-05-07 06:06:04","2020-05-05","2020-05-05","2021-05-05","1868","Eranet International Limited","whois.eranet.com","http://www.eranet.com","Genry Simon","Genry Simon","","","Moscow","","Russian Federation","","","","","","","","","","","","","","","","","","","","","","","","","","","","","","","","","","now1.dns.com","now2.dns.com","","","addPeriod","clientTransferProhibited","serverTransferProhibited",""