"num","domain_name","query_time","create_date","update_date","expiry_date","domain_registrar_id","domain_registrar_name","domain_registrar_whois","domain_registrar_url","registrant_name","registrant_company","registrant_address","registrant_city","registrant_state","registrant_zip","registrant_country","registrant_email","registrant_phone","registrant_fax","administrative_name","administrative_company","administrative_address","administrative_city","administrative_state","administrative_zip","administrative_country","administrative_email","administrative_phone","administrative_fax","technical_name","technical_company","technical_address","technical_city","technical_state","technical_zip","technical_country","technical_email","technical_phone","technical_fax","billing_name","billing_company","billing_address","billing_city","billing_state","billing_zip","billing_country","billing_email","billing_phone","billing_fax","name_server_1","name_server_2","name_server_3","name_server_4","domain_status_1","domain_status_2","domain_status_3","domain_status_4"
"1","lamtirilawsfirm.com","2020-05-07 20:37:47","2020-05-05","2020-05-05","2021-05-05","1560","Genious Communications SARL/AU","whois.genious.net","http://www.genious.net","Domain Admin","Privacy Protect, LLC (PrivacyProtect.org)","10 Corporate Drive","Burlington","MA","01803","United States","contact@privacyprotect.org","+1.8022274003","","Domain Admin","Privacy Protect, LLC (PrivacyProtect.org)","10 Corporate Drive","Burlington","MA","01803","United States","contact@privacyprotect.org","+1.8022274003","","Domain Admin","Privacy Protect, LLC (PrivacyProtect.org)","10 Corporate Drive","Burlington","MA","01803","United States","contact@privacyprotect.org","+1.8022274003","","","","","","","","","","","","dns1.genious.net","dns2.genious.net","dns3.genious.net","dns4.genious.net","clientTransferProhibited","","",""
"2","mes-dattes.com","2020-05-07 21:35:09","2020-05-06","2020-05-06","2021-05-06","1560","Genious Communications SARL/AU","whois.genious.net","http://www.genious.net","Mohammed Damiri","Idpartners","5 rue point du jour","casablanca","maroc","20000","Morocco","sdamiri@hotmail.com","+212.675874307","","Mohammed Damiri","Idpartners","5 rue point du jour","casablanca","maroc","20000","Morocco","sdamiri@hotmail.com","+212.675874307","","Mohammed Damiri","Idpartners","5 rue point du jour","casablanca","maroc","20000","Morocco","sdamiri@hotmail.com","+212.675874307","","","","","","","","","","","","dns1.genious.net","dns2.genious.net","dns3.genious.net","dns4.genious.net","clientTransferProhibited","","",""
"3","pertiniumgroup.com","2020-05-07 21:07:49","2020-05-06","2020-05-06","2021-05-06","1560","Genious Communications SARL/AU","whois.genious.net","http://www.genious.net","Amine GHALLAB","PERTINIUM Group","66 boulevard Moulay Ismail Roches Noires","Casablanca","Casablanca","20290","Morocco","amineghallab@gmail.com","+212.522400333","","Amine GHALLAB","PERTINIUM Group","66 boulevard Moulay Ismail Roches Noires","Casablanca","Casablanca","20290","Morocco","amineghallab@gmail.com","+212.522400333","","Amine GHALLAB","PERTINIUM Group","66 boulevard Moulay Ismail Roches Noires","Casablanca","Casablanca","20290","Morocco","amineghallab@gmail.com","+212.522400333","","","","","","","","","","","","wahim.genious.net","yassine.genious.net","","","clientTransferProhibited","","",""
"4","pharma5.net","2020-05-07 05:45:05","2020-05-05","2020-05-05","2021-05-05","1560","Genious Communications SARL/AU","whois.genious.net","http://www.genious.net","Kama web","Kama Web","283, Blvd. Yacoub El Mansour Etage 1, Appt. 1.","Casablanca","Casablanca","20000","Morocco","bouamar@gmail.com","+212.522364149","","Kama web","Kama Web","283, Blvd. Yacoub El Mansour Etage 1, Appt. 1.","Casablanca","Casablanca","20000","Morocco","bouamar@gmail.com","+212.522364149","","Kama web","Kama Web","283, Blvd. Yacoub El Mansour Etage 1, Appt. 1.","Casablanca","Casablanca","20000","Morocco","bouamar@gmail.com","+212.522364149","","","","","","","","","","","","ns1045.ui-dns.biz","ns1045.ui-dns.com","ns1045.ui-dns.de","ns1045.ui-dns.org","clientTransferProhibited","","",""
"5","razine.net","2020-05-07 05:43:59","2020-05-05","2020-05-05","2021-05-05","1560","Genious Communications SARL/AU","whois.genious.net","http://www.genious.net","Mohamed RAZINE","","73 Angle Oqba Ibn Naafi et Rue Oued Sebou","Rabat","Rabat","10000","Morocco","contact.razine@gmail.com","+212.661434249","","Mohamed RAZINE","","73 Angle Oqba Ibn Naafi et Rue Oued Sebou","Rabat","Rabat","10000","Morocco","contact.razine@gmail.com","+212.661434249","","Mohamed RAZINE","","73 Angle Oqba Ibn Naafi et Rue Oued Sebou","Rabat","Rabat","10000","Morocco","contact.razine@gmail.com","+212.661434249","","","","","","","","","","","","dns1.genious.net","dns2.genious.net","dns3.genious.net","dns4.genious.net","clientTransferProhibited","","",""
"6","renaulttrucks-covid19.com","2020-05-07 21:06:55","2020-05-06","2020-05-06","2021-05-06","1560","Genious Communications SARL/AU","whois.genious.net","http://www.genious.net","mohamed ettagmouti","322Media","367 boulervard Zerktouni","Casablanca","Casablanca","20250","Morocco","m.ettagmouti@322media.com","+212.660738550","","mohamed ettagmouti","322Media","367 boulervard Zerktouni","Casablanca","Casablanca","20250","Morocco","m.ettagmouti@322media.com","+212.660738550","","mohamed ettagmouti","322Media","367 boulervard Zerktouni","Casablanca","Casablanca","20250","Morocco","m.ettagmouti@322media.com","+212.660738550","","","","","","","","","","","","ns1.dns-parking.com","ns2.dns-parking.com","","","clientTransferProhibited","","",""
"7","tvr-ing.com","2020-05-07 21:03:50","2020-05-06","2020-05-06","2021-05-06","1560","Genious Communications SARL/AU","whois.genious.net","http://www.genious.net","Domain Admin","Privacy Protect, LLC (PrivacyProtect.org)","10 Corporate Drive","Burlington","MA","01803","United States","contact@privacyprotect.org","+1.8022274003","","Domain Admin","Privacy Protect, LLC (PrivacyProtect.org)","10 Corporate Drive","Burlington","MA","01803","United States","contact@privacyprotect.org","+1.8022274003","","Domain Admin","Privacy Protect, LLC (PrivacyProtect.org)","10 Corporate Drive","Burlington","MA","01803","United States","contact@privacyprotect.org","+1.8022274003","","","","","","","","","","","","ihsan.genious.net","yousra.genious.net","","","clientTransferProhibited","","",""