"num","domain_name","query_time","create_date","update_date","expiry_date","domain_registrar_id","domain_registrar_name","domain_registrar_whois","domain_registrar_url","registrant_name","registrant_company","registrant_address","registrant_city","registrant_state","registrant_zip","registrant_country","registrant_email","registrant_phone","registrant_fax","administrative_name","administrative_company","administrative_address","administrative_city","administrative_state","administrative_zip","administrative_country","administrative_email","administrative_phone","administrative_fax","technical_name","technical_company","technical_address","technical_city","technical_state","technical_zip","technical_country","technical_email","technical_phone","technical_fax","billing_name","billing_company","billing_address","billing_city","billing_state","billing_zip","billing_country","billing_email","billing_phone","billing_fax","name_server_1","name_server_2","name_server_3","name_server_4","domain_status_1","domain_status_2","domain_status_3","domain_status_4"
"1","octagocases.com","2020-05-07 21:15:20","2020-05-06","2020-05-06","2021-05-06","1493","Ilait AB","whois.nic.ir","http://www.ilait.com","MA Forvaltning AB","MA Forvaltning AB","","","","","Sweden","","","","","","","","","","","","","","","","","","","","","","","","","","","","","","","","","","ns1.ilait.se","ns2.ilait.se","ns3.ilait.se","ns4.ilait.se","OK","","",""
"2","renstandard.net","2020-05-07 05:43:54","2020-05-05","2020-05-05","2021-05-05","1493","Ilait AB","whois.nic.ir","http://www.ilait.com","Ren Standard i Stockholm AB","Ren Standard i Stockholm AB","","","","","Sweden","","","","","","","","","","","","","","","","","","","","","","","","","","","","","","","","","","ns1.ilait.se","ns2.ilait.se","ns3.ilait.se","ns4.ilait.se","OK","","",""
"3","rinoma.net","2020-05-07 23:11:08","2020-05-06","2020-05-07","2021-05-06","1493","Ilait AB","whois.nic.ir","http://www.ilait.com","S000002 Rinoma AB","S000002 Rinoma AB","","","","","Sweden","","","","","","","","","","","","","","","","","","","","","","","","","","","","","","","","","","ns1.broadview.se","ns2.broadview.se","ns3.broadview.se","ns4.broadview.se","OK","","",""
"4","trinax.net","2020-05-07 19:03:00","2020-05-06","2020-05-06","2021-05-06","1493","Ilait AB","whois.nic.ir","http://www.ilait.com","Trinax AB","Trinax AB","","","","","Sweden","","","","","","","","","","","","","","","","","","","","","","","","","","","","","","","","","","ns1.ilait.se","ns2.ilait.se","ns3.ilait.se","ns4.ilait.se","OK","","",""
"5","ventilationsgruppen.net","2020-05-07 05:36:31","2020-05-05","2020-05-05","2021-05-05","1493","Ilait AB","whois.nic.ir","http://www.ilait.com","VGH Sverige AB","VGH Sverige AB","","","","","Sweden","","","","","","","","","","","","","","","","","","","","","","","","","","","","","","","","","","ns1.ilait.se","ns2.ilait.se","ns3.ilait.se","ns4.ilait.se","OK","","",""