"num","domain_name","query_time","create_date","update_date","expiry_date","domain_registrar_id","domain_registrar_name","domain_registrar_whois","domain_registrar_url","registrant_name","registrant_company","registrant_address","registrant_city","registrant_state","registrant_zip","registrant_country","registrant_email","registrant_phone","registrant_fax","administrative_name","administrative_company","administrative_address","administrative_city","administrative_state","administrative_zip","administrative_country","administrative_email","administrative_phone","administrative_fax","technical_name","technical_company","technical_address","technical_city","technical_state","technical_zip","technical_country","technical_email","technical_phone","technical_fax","billing_name","billing_company","billing_address","billing_city","billing_state","billing_zip","billing_country","billing_email","billing_phone","billing_fax","name_server_1","name_server_2","name_server_3","name_server_4","domain_status_1","domain_status_2","domain_status_3","domain_status_4"
"1","180.coffee","2020-05-07 06:32:07","2020-05-05","2020-05-05","2021-05-05","1086","Marcaria.com International, Inc.","whois.melbourneit.com","http://www.melbourneit.com","REDACTED FOR PRIVACY","180","REDACTED FOR PRIVACY","REDACTED FOR PRIVACY","eastren","REDACTED FOR PRIVACY","Saudi Arabia","","REDACTED FOR PRIVACY","REDACTED FOR PRIVACY","","","","","","","","","","","","","","","","","","","","","","","","","","","","","","","","","","","addPeriod","clientTransferProhibited","",""
"2","bepartofthebiorevolution.com","2020-05-07 19:21:20","2020-05-06","2020-05-06","2021-05-06","1086","Marcaria.com International, Inc.","whois.melbourneit.com","http://www.melbourneit.com","GDPR Masked","GDPR Masked","GDPR Masked","GDPR Masked","MADRID","GDPR Masked","Spain","gdpr-masking@gdpr-masked.com","GDPR Masked","GDPR Masked","GDPR Masked","GDPR Masked","GDPR Masked","GDPR Masked","GDPR Masked","GDPR Masked","GDPR Masked","gdpr-masking@gdpr-masked.com","GDPR Masked","GDPR Masked","GDPR Masked","GDPR Masked","GDPR Masked","GDPR Masked","GDPR Masked","GDPR Masked","GDPR Masked","gdpr-masking@gdpr-masked.com","GDPR Masked","GDPR Masked","","","","","","","","","","","ns01.trademarkarea.com","ns02.trademarkarea.com","ns03.trademarkarea.com","","clientTransferProhibited","","",""
"3","colegioonline.lat","2020-05-07 06:05:08","2020-05-03","2020-05-03","2021-05-03","1086","Marcaria.com International, Inc.","whois.melbourneit.com","http://www.melbourneit.com","Michel Morales","Michel Morales","Nueva Uno 739","RM","RM","8070083","Chile","mic.morales@yahoo.com","+56.0225709115","","Michel Morales","Michel Morales","Nueva Uno 739","RM","RM","8070083","Chile","mic.morales@yahoo.com","+56.0225709115","","Marcaria.com, International","Marcaria.com, International","8345 NW 66 ST #B1673","Miami","Florida","33166","United States","domains@marcaria.com","+1.3054348621","","","","","","","","","","","","ns1.dreamhost.com","ns2.dreamhost.com","ns3.dreamhost.com","","addPeriod","ok","",""
"4","colegiosonline.lat","2020-05-07 06:05:07","2020-05-03","2020-05-03","2021-05-03","1086","Marcaria.com International, Inc.","whois.melbourneit.com","http://www.melbourneit.com","Michel Morales","Michel Morales","Nueva Uno 739","RM","RM","8070083","Chile","mic.morales@yahoo.com","+56.0225709115","","Michel Morales","Michel Morales","Nueva Uno 739","RM","RM","8070083","Chile","mic.morales@yahoo.com","+56.0225709115","","Marcaria.com, International","Marcaria.com, International","8345 NW 66 ST #B1673","Miami","Florida","33166","United States","domains@marcaria.com","+1.3054348621","","","","","","","","","","","","ns1.dreamhost.com","ns2.dreamhost.com","ns3.dreamhost.com","","addPeriod","ok","",""
"5","colombiasportravel.com","2020-05-07 21:28:18","2020-05-06","2020-05-06","2021-05-06","1086","Marcaria.com International, Inc.","whois.melbourneit.com","http://www.melbourneit.com","JOSE PAOLONI","","OHIGGINS 1325 DTO 1","GODOY CRUZ","MENDOZA","5501","Argentina","josepaoloni@hotmail.com","+54.2614285690","","JOSE PAOLONI","","OHIGGINS 1325 DTO 1","GODOY CRUZ","MENDOZA","5501","Argentina","josepaoloni@hotmail.com","+54.2614285690","","Domain Manager","Marcaria.com LLC","8345 NW 66 ST #B1673","Miami","Florida","33195","United States","domains@marcaria.com","+1.3054348621","","","","","","","","","","","","ns01.trademarkarea.com","ns02.trademarkarea.com","ns03.trademarkarea.com","","clientTransferProhibited","","",""
"6","corraldeguevara.com","2020-05-07 21:02:31","2020-05-06","2020-05-06","2021-05-06","1086","Marcaria.com International, Inc.","whois.melbourneit.com","http://www.melbourneit.com","PATRICIA GONZALEZ","","AV. ENRIQUE MOLINA GARMENDIA 1300, DEPTO. 603","LA SERENA","REGION DE COQUIMBO","8547564","Chile","pgonzalt@gmail.com","+56.82935798","","PATRICIA GONZALEZ","","AV. ENRIQUE MOLINA GARMENDIA 1300, DEPTO. 603","LA SERENA","REGION DE COQUIMBO","8547564","Chile","pgonzalt@gmail.com","+56.82935798","","Domain Manager","Marcaria.com LLC","8345 NW 66 ST #B1673","Miami","Florida","33195","United States","domains@marcaria.com","+1.3054348621","","","","","","","","","","","","ns01.trademarkarea.com","ns02.trademarkarea.com","ns03.trademarkarea.com","","clientTransferProhibited","","",""
"7","ecuadorsportravel.com","2020-05-07 21:27:56","2020-05-06","2020-05-06","2021-05-06","1086","Marcaria.com International, Inc.","whois.melbourneit.com","http://www.melbourneit.com","JOSE PAOLONI","","OHIGGINS 1325 DTO 1","GODOY CRUZ","MENDOZA","5501","Argentina","josepaoloni@hotmail.com","+54.2614285690","","JOSE PAOLONI","","OHIGGINS 1325 DTO 1","GODOY CRUZ","MENDOZA","5501","Argentina","josepaoloni@hotmail.com","+54.2614285690","","Domain Manager","Marcaria.com LLC","8345 NW 66 ST #B1673","Miami","Florida","33195","United States","domains@marcaria.com","+1.3054348621","","","","","","","","","","","","ns01.trademarkarea.com","ns02.trademarkarea.com","ns03.trademarkarea.com","","clientTransferProhibited","","",""
"8","elavocado.tienda","2020-05-07 22:21:00","2020-05-05","2020-05-05","2021-05-05","1086","Marcaria.com International, Inc.","whois.melbourneit.com","http://www.melbourneit.com","REDACTED FOR PRIVACY","","REDACTED FOR PRIVACY","REDACTED FOR PRIVACY","la altagracia","REDACTED FOR PRIVACY","Dominican Republic","","REDACTED FOR PRIVACY","REDACTED FOR PRIVACY","","","","","","","","","","","","","","","","","","","","","","","","","","","","","","","","","","","addPeriod","clientTransferProhibited","",""
"9","im-school.info","2020-05-07 06:18:28","2020-05-05","","2021-05-05","1086","Marcaria.com International, Inc.","whois.melbourneit.com","http://www.melbourneit.com","","","","","Moscow","","Russian Federation","","","","","","","","","","","","","","","","","","","","","","","","","","","","","","","","","","ns01.trademarkarea.com","ns02.trademarkarea.com","ns03.trademarkarea.com","","addPeriod","serverTransferProhibited","",""
"10","jointhebiorevolution.com","2020-05-07 19:21:32","2020-05-06","2020-05-06","2021-05-06","1086","Marcaria.com International, Inc.","whois.melbourneit.com","http://www.melbourneit.com","GDPR Masked","GDPR Masked","GDPR Masked","GDPR Masked","MADRID","GDPR Masked","Spain","gdpr-masking@gdpr-masked.com","GDPR Masked","GDPR Masked","GDPR Masked","GDPR Masked","GDPR Masked","GDPR Masked","GDPR Masked","GDPR Masked","GDPR Masked","gdpr-masking@gdpr-masked.com","GDPR Masked","GDPR Masked","GDPR Masked","GDPR Masked","GDPR Masked","GDPR Masked","GDPR Masked","GDPR Masked","GDPR Masked","gdpr-masking@gdpr-masked.com","GDPR Masked","GDPR Masked","","","","","","","","","","","ns01.trademarkarea.com","ns02.trademarkarea.com","ns03.trademarkarea.com","","clientTransferProhibited","","",""
"11","m2l2.plus","2020-05-07 03:16:07","2020-05-05","2020-05-05","2021-05-05","1086","Marcaria.com International, Inc.","whois.melbourneit.com","http://www.melbourneit.com","REDACTED FOR PRIVACY","Marc-Andre Leblanc","REDACTED FOR PRIVACY","REDACTED FOR PRIVACY","Quebec","REDACTED FOR PRIVACY","Canada","","REDACTED FOR PRIVACY","REDACTED FOR PRIVACY","","","","","","","","","","","","","","","","","","","","","","","","","","","","","","","","","","","addPeriod","clientTransferProhibited","",""
"12","merrithewconnect.com","2020-05-07 20:29:55","2020-05-05","2020-05-05","2021-05-05","1086","Marcaria.com International, Inc.","whois.melbourneit.com","http://www.melbourneit.com","Domain Manager","Merrithew International Inc.","2200 Yonge Street, Suite 500","Toronto","Ontario","M4S 2C6","Canada","marketing@merrithew.com","+1.8009100001","","Domain Manager","Merrithew International Inc.","2200 Yonge Street, Suite 500","Toronto","Ontario","M4S 2C6","Canada","marketing@merrithew.com","+1.8009100001","","Domain Manager","Marcaria.com LLC","8345 NW 66 ST #B1673","Miami","Florida","33195","United States","domains@marcaria.com","+1.3054348621","","","","","","","","","","","","ns01.trademarkarea.com","ns02.trademarkarea.com","ns03.trademarkarea.com","","clientTransferProhibited","","",""
"13","monedospain.com","2020-05-07 19:21:17","2020-05-06","2020-05-06","2021-05-06","1086","Marcaria.com International, Inc.","whois.melbourneit.com","http://www.melbourneit.com","GDPR Masked","GDPR Masked","GDPR Masked","GDPR Masked","Hamburg","GDPR Masked","Germany","gdpr-masking@gdpr-masked.com","GDPR Masked","GDPR Masked","GDPR Masked","GDPR Masked","GDPR Masked","GDPR Masked","GDPR Masked","GDPR Masked","GDPR Masked","gdpr-masking@gdpr-masked.com","GDPR Masked","GDPR Masked","GDPR Masked","GDPR Masked","GDPR Masked","GDPR Masked","GDPR Masked","GDPR Masked","GDPR Masked","gdpr-masking@gdpr-masked.com","GDPR Masked","GDPR Masked","","","","","","","","","","","ns01.trademarkarea.com","ns02.trademarkarea.com","ns03.trademarkarea.com","","clientTransferProhibited","","",""
"14","perusportravel.com","2020-05-07 21:26:52","2020-05-06","2020-05-06","2021-05-06","1086","Marcaria.com International, Inc.","whois.melbourneit.com","http://www.melbourneit.com","JOSE PAOLONI","","OHIGGINS 1325 DTO 1","GODOY CRUZ","MENDOZA","5501","Argentina","josepaoloni@hotmail.com","+54.2614285690","","JOSE PAOLONI","","OHIGGINS 1325 DTO 1","GODOY CRUZ","MENDOZA","5501","Argentina","josepaoloni@hotmail.com","+54.2614285690","","Domain Manager","Marcaria.com LLC","8345 NW 66 ST #B1673","Miami","Florida","33195","United States","domains@marcaria.com","+1.3054348621","","","","","","","","","","","","ns01.trademarkarea.com","ns02.trademarkarea.com","ns03.trademarkarea.com","","clientTransferProhibited","","",""
"15","quotationgenie.com","2020-05-07 20:20:39","2020-05-05","2020-05-05","2021-05-05","1086","Marcaria.com International, Inc.","whois.melbourneit.com","http://www.melbourneit.com","GDPR Masked","GDPR Masked","GDPR Masked","GDPR Masked","Leinster","GDPR Masked","Ireland","gdpr-masking@gdpr-masked.com","GDPR Masked","GDPR Masked","GDPR Masked","GDPR Masked","GDPR Masked","GDPR Masked","GDPR Masked","GDPR Masked","GDPR Masked","gdpr-masking@gdpr-masked.com","GDPR Masked","GDPR Masked","GDPR Masked","GDPR Masked","GDPR Masked","GDPR Masked","GDPR Masked","GDPR Masked","GDPR Masked","gdpr-masking@gdpr-masked.com","GDPR Masked","GDPR Masked","","","","","","","","","","","ns01.trademarkarea.com","ns02.trademarkarea.com","ns03.trademarkarea.com","","clientTransferProhibited","","",""
"16","quotemegenie.com","2020-05-07 20:21:40","2020-05-05","2020-05-05","2021-05-05","1086","Marcaria.com International, Inc.","whois.melbourneit.com","http://www.melbourneit.com","GDPR Masked","GDPR Masked","GDPR Masked","GDPR Masked","Leinster","GDPR Masked","Ireland","gdpr-masking@gdpr-masked.com","GDPR Masked","GDPR Masked","GDPR Masked","GDPR Masked","GDPR Masked","GDPR Masked","GDPR Masked","GDPR Masked","GDPR Masked","gdpr-masking@gdpr-masked.com","GDPR Masked","GDPR Masked","GDPR Masked","GDPR Masked","GDPR Masked","GDPR Masked","GDPR Masked","GDPR Masked","GDPR Masked","gdpr-masking@gdpr-masked.com","GDPR Masked","GDPR Masked","","","","","","","","","","","ns01.trademarkarea.com","ns02.trademarkarea.com","ns03.trademarkarea.com","","clientTransferProhibited","","",""
"17","tu-plomero-experto.com","2020-05-07 01:38:20","2020-05-04","2020-05-04","2021-05-04","1086","Marcaria.com International, Inc.","whois.melbourneit.com","http://www.melbourneit.com","Domain Manager","cerrajero en barcelona 24 horas","dinamarca 2536","lomas de zamora","buenos aires","1834","Argentina","maurowalterperez@gmail.com","+54.01128642988","","Domain Manager","cerrajero en barcelona 24 horas","dinamarca 2536","lomas de zamora","buenos aires","1834","Argentina","maurowalterperez@gmail.com","+54.01128642988","","Domain Manager","Marcaria.com LLC","8345 NW 66 ST #B1673","Miami","Florida","33195","United States","domains@marcaria.com","+1.3054348621","","","","","","","","","","","","ns1.elserver.com","ns2.elserver.com","","","clientTransferProhibited","","",""
"18","uruguaysportravel.com","2020-05-07 21:31:17","2020-05-06","2020-05-06","2021-05-06","1086","Marcaria.com International, Inc.","whois.melbourneit.com","http://www.melbourneit.com","JOSE PAOLONI","","OHIGGINS 1325 DTO 1","GODOY CRUZ","MENDOZA","5501","Argentina","josepaoloni@hotmail.com","+54.2614285690","","JOSE PAOLONI","","OHIGGINS 1325 DTO 1","GODOY CRUZ","MENDOZA","5501","Argentina","josepaoloni@hotmail.com","+54.2614285690","","Domain Manager","Marcaria.com LLC","8345 NW 66 ST #B1673","Miami","Florida","33195","United States","domains@marcaria.com","+1.3054348621","","","","","","","","","","","","ns01.trademarkarea.com","ns02.trademarkarea.com","ns03.trademarkarea.com","","clientTransferProhibited","","",""
"19","williams1840.com","2020-05-07 21:01:43","2020-05-06","2020-05-06","2021-05-06","1086","Marcaria.com International, Inc.","whois.melbourneit.com","http://www.melbourneit.com","Domain Manager","Combe Incorporated","1101 Westchester Ave","White Plains","New York","10604","United States","domains@combe.com","+1.9144614000","","Domain Manager","Combe Incorporated","1101 Westchester Ave","White Plains","New York","10604","United States","domains@combe.com","+1.9144614000","","Domain Manager","Marcaria.com LLC","8345 NW 66 ST #B1673","Miami","Florida","33195","United States","domains@marcaria.com","+1.3054348621","","","","","","","","","","","","ns01.trademarkarea.com","ns02.trademarkarea.com","ns03.trademarkarea.com","","clientTransferProhibited","","",""
"20","ximenatello.lat","2020-05-07 06:05:05","2020-05-03","2020-05-03","2021-05-03","1086","Marcaria.com International, Inc.","whois.melbourneit.com","http://www.melbourneit.com","EXPERIMENTA.LAT","EXPERIMENTA.LAT","GENERAL KORNER 1094","santiago","santiago","8020387","Chile","orlandosilva.cl@gmail.com","+95.966898","","EXPERIMENTA.LAT","EXPERIMENTA.LAT","GENERAL KORNER 1094","santiago","santiago","8020387","Chile","orlandosilva.cl@gmail.com","+95.966898","","Marcaria.com, International","Marcaria.com, International","8345 NW 66 ST #B1673","Miami","Florida","33166","United States","domains@marcaria.com","+1.3054348621","","","","","","","","","","","","mx1.dnsmisitio.net","ns1.dnsmisitio.net","ns2.dnsmisitio.net","ns3.dnsmisitio.net","addPeriod","ok","",""
"21","ykpat.com","2020-05-07 19:21:43","2020-05-06","2020-05-06","2021-05-06","1086","Marcaria.com International, Inc.","whois.melbourneit.com","http://www.melbourneit.com","Domain Manager","Yang","Sungho Bldg, 18 Fl., 11 Teheran-ro 28-gil, Gangnam-gu","Seoul","Seoul","110-110","Korea","ykpat123@gmail.com","+82.26676688","","Domain Manager","Yang","Sungho Bldg, 18 Fl., 11 Teheran-ro 28-gil, Gangnam-gu","Seoul","Seoul","110-110","Korea","ykpat123@gmail.com","+82.26676688","","Domain Manager","Marcaria.com LLC","8345 NW 66 ST #B1673","Miami","Florida","33195","United States","domains@marcaria.com","+1.3054348621","","","","","","","","","","","","ns01.trademarkarea.com","ns02.trademarkarea.com","ns03.trademarkarea.com","","clientTransferProhibited","","",""