"num","domain_name","query_time","create_date","update_date","expiry_date","domain_registrar_id","domain_registrar_name","domain_registrar_whois","domain_registrar_url","registrant_name","registrant_company","registrant_address","registrant_city","registrant_state","registrant_zip","registrant_country","registrant_email","registrant_phone","registrant_fax","administrative_name","administrative_company","administrative_address","administrative_city","administrative_state","administrative_zip","administrative_country","administrative_email","administrative_phone","administrative_fax","technical_name","technical_company","technical_address","technical_city","technical_state","technical_zip","technical_country","technical_email","technical_phone","technical_fax","billing_name","billing_company","billing_address","billing_city","billing_state","billing_zip","billing_country","billing_email","billing_phone","billing_fax","name_server_1","name_server_2","name_server_3","name_server_4","domain_status_1","domain_status_2","domain_status_3","domain_status_4"
"1","5201av.com","2020-05-07 20:25:03","2020-05-05","2020-05-06","2021-05-05","1671","MidWestDomains, LLC","whois.dotmobiregistry.net","http://www.networksolutions.com","New Ventures Services, Corp","New Ventures Services, Corp","PO BOX 459 Drums","Drums","PA","18222","United States","admin@newvcorp.com","+1.8558971723","","New Ventures Services, Corp","New Ventures Services, Corp","PO BOX 459 Drums","Drums","PA","18222","United States","admin@newvcorp.com","+1.8558971723","","New Ventures Services, Corp","New Ventures Services, Corp","PO BOX 459 Drums","Drums","PA","18222","United States","admin@newvcorp.com","+1.8558971723","","","","","","","","","","","","ns1626.ztomy.com","ns2626.ztomy.com","","","OK","","",""
"2","afarmhousefable.com","2020-05-07 19:34:36","2020-05-05","2020-05-06","2021-05-05","1671","MidWestDomains, LLC","whois.dotmobiregistry.net","http://www.networksolutions.com","New Ventures Services, Corp","New Ventures Services, Corp","PO BOX 459 Drums","Drums","PA","18222","United States","admin@newvcorp.com","+1.8558971723","","New Ventures Services, Corp","New Ventures Services, Corp","PO BOX 459 Drums","Drums","PA","18222","United States","admin@newvcorp.com","+1.8558971723","","New Ventures Services, Corp","New Ventures Services, Corp","PO BOX 459 Drums","Drums","PA","18222","United States","admin@newvcorp.com","+1.8558971723","","","","","","","","","","","","ns1626.ztomy.com","ns2626.ztomy.com","","","OK","","",""
"3","allacrossindia.com","2020-05-07 19:31:05","2020-05-05","2020-05-06","2021-05-05","1671","MidWestDomains, LLC","whois.dotmobiregistry.net","http://www.networksolutions.com","New Ventures Services, Corp","New Ventures Services, Corp","PO BOX 459 Drums","Drums","PA","18222","United States","admin@newvcorp.com","+1.8558971723","","New Ventures Services, Corp","New Ventures Services, Corp","PO BOX 459 Drums","Drums","PA","18222","United States","admin@newvcorp.com","+1.8558971723","","New Ventures Services, Corp","New Ventures Services, Corp","PO BOX 459 Drums","Drums","PA","18222","United States","admin@newvcorp.com","+1.8558971723","","","","","","","","","","","","ns1626.ztomy.com","ns2626.ztomy.com","","","OK","","",""
"4","arlingtonareahomesforsale.com","2020-05-07 19:36:36","2020-05-05","2020-05-06","2021-05-05","1671","MidWestDomains, LLC","whois.dotmobiregistry.net","http://www.networksolutions.com","New Ventures Services, Corp","New Ventures Services, Corp","PO BOX 459 Drums","Drums","PA","18222","United States","admin@newvcorp.com","+1.8558971723","","New Ventures Services, Corp","New Ventures Services, Corp","PO BOX 459 Drums","Drums","PA","18222","United States","admin@newvcorp.com","+1.8558971723","","New Ventures Services, Corp","New Ventures Services, Corp","PO BOX 459 Drums","Drums","PA","18222","United States","admin@newvcorp.com","+1.8558971723","","","","","","","","","","","","ns1626.ztomy.com","ns2626.ztomy.com","","","OK","","",""
"5","asaptransportservices.com","2020-05-07 19:30:51","2020-05-05","2020-05-06","2021-05-05","1671","MidWestDomains, LLC","whois.dotmobiregistry.net","http://www.networksolutions.com","New Ventures Services, Corp","New Ventures Services, Corp","PO BOX 459 Drums","Drums","PA","18222","United States","admin@newvcorp.com","+1.8558971723","","New Ventures Services, Corp","New Ventures Services, Corp","PO BOX 459 Drums","Drums","PA","18222","United States","admin@newvcorp.com","+1.8558971723","","New Ventures Services, Corp","New Ventures Services, Corp","PO BOX 459 Drums","Drums","PA","18222","United States","admin@newvcorp.com","+1.8558971723","","","","","","","","","","","","ns1626.ztomy.com","ns2626.ztomy.com","","","OK","","",""
"6","balmytoe.com","2020-05-07 19:36:41","2020-05-05","2020-05-06","2021-05-05","1671","MidWestDomains, LLC","whois.dotmobiregistry.net","http://www.networksolutions.com","New Ventures Services, Corp","New Ventures Services, Corp","PO BOX 459 Drums","Drums","PA","18222","United States","admin@newvcorp.com","+1.8558971723","","New Ventures Services, Corp","New Ventures Services, Corp","PO BOX 459 Drums","Drums","PA","18222","United States","admin@newvcorp.com","+1.8558971723","","New Ventures Services, Corp","New Ventures Services, Corp","PO BOX 459 Drums","Drums","PA","18222","United States","admin@newvcorp.com","+1.8558971723","","","","","","","","","","","","ns1626.ztomy.com","ns2626.ztomy.com","","","OK","","",""
"7","bci-direct.com","2020-05-07 20:03:11","2020-05-05","2020-05-06","2021-05-05","1671","MidWestDomains, LLC","whois.dotmobiregistry.net","http://www.networksolutions.com","New Ventures Services, Corp","New Ventures Services, Corp","PO BOX 459 Drums","Drums","PA","18222","United States","admin@newvcorp.com","+1.8558971723","","New Ventures Services, Corp","New Ventures Services, Corp","PO BOX 459 Drums","Drums","PA","18222","United States","admin@newvcorp.com","+1.8558971723","","New Ventures Services, Corp","New Ventures Services, Corp","PO BOX 459 Drums","Drums","PA","18222","United States","admin@newvcorp.com","+1.8558971723","","","","","","","","","","","","ns1626.ztomy.com","ns2626.ztomy.com","","","OK","","",""
"8","conceptlives.com","2020-05-07 20:21:46","2020-05-05","2020-05-06","2021-05-05","1671","MidWestDomains, LLC","whois.dotmobiregistry.net","http://www.networksolutions.com","New Ventures Services, Corp","New Ventures Services, Corp","PO BOX 459 Drums","Drums","PA","18222","United States","admin@newvcorp.com","+1.8558971723","","New Ventures Services, Corp","New Ventures Services, Corp","PO BOX 459 Drums","Drums","PA","18222","United States","admin@newvcorp.com","+1.8558971723","","New Ventures Services, Corp","New Ventures Services, Corp","PO BOX 459 Drums","Drums","PA","18222","United States","admin@newvcorp.com","+1.8558971723","","","","","","","","","","","","ns1626.ztomy.com","ns2626.ztomy.com","","","OK","","",""
"9","directoryworkshop.com","2020-05-07 20:08:47","2020-05-05","2020-05-06","2021-05-05","1671","MidWestDomains, LLC","whois.dotmobiregistry.net","http://www.networksolutions.com","New Ventures Services, Corp","New Ventures Services, Corp","PO BOX 459 Drums","Drums","PA","18222","United States","admin@newvcorp.com","+1.8558971723","","New Ventures Services, Corp","New Ventures Services, Corp","PO BOX 459 Drums","Drums","PA","18222","United States","admin@newvcorp.com","+1.8558971723","","New Ventures Services, Corp","New Ventures Services, Corp","PO BOX 459 Drums","Drums","PA","18222","United States","admin@newvcorp.com","+1.8558971723","","","","","","","","","","","","ns1626.ztomy.com","ns2626.ztomy.com","","","OK","","",""
"10","dj-recommends.com","2020-05-07 20:15:46","2020-05-05","2020-05-06","2021-05-05","1671","MidWestDomains, LLC","whois.dotmobiregistry.net","http://www.networksolutions.com","New Ventures Services, Corp","New Ventures Services, Corp","PO BOX 459 Drums","Drums","PA","18222","United States","admin@newvcorp.com","+1.8558971723","","New Ventures Services, Corp","New Ventures Services, Corp","PO BOX 459 Drums","Drums","PA","18222","United States","admin@newvcorp.com","+1.8558971723","","New Ventures Services, Corp","New Ventures Services, Corp","PO BOX 459 Drums","Drums","PA","18222","United States","admin@newvcorp.com","+1.8558971723","","","","","","","","","","","","ns1626.ztomy.com","ns2626.ztomy.com","","","OK","","",""
"11","gamerslitterbox.com","2020-05-07 20:21:05","2020-05-05","2020-05-06","2021-05-05","1671","MidWestDomains, LLC","whois.dotmobiregistry.net","http://www.networksolutions.com","New Ventures Services, Corp","New Ventures Services, Corp","PO BOX 459 Drums","Drums","PA","18222","United States","admin@newvcorp.com","+1.8558971723","","New Ventures Services, Corp","New Ventures Services, Corp","PO BOX 459 Drums","Drums","PA","18222","United States","admin@newvcorp.com","+1.8558971723","","New Ventures Services, Corp","New Ventures Services, Corp","PO BOX 459 Drums","Drums","PA","18222","United States","admin@newvcorp.com","+1.8558971723","","","","","","","","","","","","ns1626.ztomy.com","ns2626.ztomy.com","","","OK","","",""
"12","greenplanetelectricity.com","2020-05-07 20:10:56","2020-05-05","2020-05-06","2021-05-05","1671","MidWestDomains, LLC","whois.dotmobiregistry.net","http://www.networksolutions.com","New Ventures Services, Corp","New Ventures Services, Corp","PO BOX 459 Drums","Drums","PA","18222","United States","admin@newvcorp.com","+1.8558971723","","New Ventures Services, Corp","New Ventures Services, Corp","PO BOX 459 Drums","Drums","PA","18222","United States","admin@newvcorp.com","+1.8558971723","","New Ventures Services, Corp","New Ventures Services, Corp","PO BOX 459 Drums","Drums","PA","18222","United States","admin@newvcorp.com","+1.8558971723","","","","","","","","","","","","ns1626.ztomy.com","ns2626.ztomy.com","","","OK","","",""
"13","hydra-russia.com","2020-05-07 20:03:10","2020-05-05","2020-05-06","2021-05-05","1671","MidWestDomains, LLC","whois.dotmobiregistry.net","http://www.networksolutions.com","New Ventures Services, Corp","New Ventures Services, Corp","PO BOX 459 Drums","Drums","PA","18222","United States","admin@newvcorp.com","+1.8558971723","","New Ventures Services, Corp","New Ventures Services, Corp","PO BOX 459 Drums","Drums","PA","18222","United States","admin@newvcorp.com","+1.8558971723","","New Ventures Services, Corp","New Ventures Services, Corp","PO BOX 459 Drums","Drums","PA","18222","United States","admin@newvcorp.com","+1.8558971723","","","","","","","","","","","","ns1626.ztomy.com","ns2626.ztomy.com","","","OK","","",""
"14","hzlmr.com","2020-05-07 20:10:16","2020-05-05","2020-05-06","2021-05-05","1671","MidWestDomains, LLC","whois.dotmobiregistry.net","http://www.networksolutions.com","yuanke hua","huayuanke","yanjiangqu,hepingbeilu,148hao","ziyang","sichuan","641300","China","libai8181@gmail.com","+86.13371865221","+86.13371865221","yuanke hua","huayuanke","yanjiangqu,hepingbeilu,148hao","ziyang","sichuan","641300","China","libai8181@gmail.com","+86.13371865221","+86.13371865221","yuanke hua","huayuanke","yanjiangqu,hepingbeilu,148hao","ziyang","sichuan","641300","China","libai8181@gmail.com","+86.13371865221","+86.13371865221","","","","","","","","","","","jm1.dns.com","jm2.dns.com","","","OK","","",""
"15","kayserisempatikveterinerklinigi.com","2020-05-07 19:33:42","2020-05-05","2020-05-06","2021-05-05","1671","MidWestDomains, LLC","whois.dotmobiregistry.net","http://www.networksolutions.com","PERFECT PRIVACY, LLC","","5335 Gate Parkway","Jacksonville","FL","32256","United States","aarf5io004grmathmrbctgn2k4@domaindiscreet.com","+1.9027492701","","PERFECT PRIVACY, LLC","","5335 Gate Parkway","Jacksonville","FL","32256","United States","aarf5io004grmathmrbctgn2k4@domaindiscreet.com","+1.9027492701","","PERFECT PRIVACY, LLC","","5335 Gate Parkway","Jacksonville","FL","32256","United States","aarf5io004grmathmrbctgn2k4@domaindiscreet.com","+1.9027492701","","","","","","","","","","","","ns15.above.com","ns16.above.com","","","OK","","",""
"16","kycancercare.com","2020-05-07 20:09:03","2020-05-05","2020-05-06","2021-05-05","1671","MidWestDomains, LLC","whois.dotmobiregistry.net","http://www.networksolutions.com","New Ventures Services, Corp","New Ventures Services, Corp","PO BOX 459 Drums","Drums","PA","18222","United States","admin@newvcorp.com","+1.8558971723","","New Ventures Services, Corp","New Ventures Services, Corp","PO BOX 459 Drums","Drums","PA","18222","United States","admin@newvcorp.com","+1.8558971723","","New Ventures Services, Corp","New Ventures Services, Corp","PO BOX 459 Drums","Drums","PA","18222","United States","admin@newvcorp.com","+1.8558971723","","","","","","","","","","","","ns1626.ztomy.com","ns2626.ztomy.com","","","OK","","",""
"17","marvinsoftware.com","2020-05-07 20:17:33","2020-05-05","2020-05-06","2021-05-05","1671","MidWestDomains, LLC","whois.dotmobiregistry.net","http://www.networksolutions.com","New Ventures Services, Corp","New Ventures Services, Corp","PO BOX 459 Drums","Drums","PA","18222","United States","admin@newvcorp.com","+1.8558971723","","New Ventures Services, Corp","New Ventures Services, Corp","PO BOX 459 Drums","Drums","PA","18222","United States","admin@newvcorp.com","+1.8558971723","","New Ventures Services, Corp","New Ventures Services, Corp","PO BOX 459 Drums","Drums","PA","18222","United States","admin@newvcorp.com","+1.8558971723","","","","","","","","","","","","ns1626.ztomy.com","ns2626.ztomy.com","","","OK","","",""
"18","monumentvalleyapp.com","2020-05-07 20:25:03","2020-05-05","2020-05-06","2021-05-05","1671","MidWestDomains, LLC","whois.dotmobiregistry.net","http://www.networksolutions.com","New Ventures Services, Corp","New Ventures Services, Corp","PO BOX 459 Drums","Drums","PA","18222","United States","admin@newvcorp.com","+1.8558971723","","New Ventures Services, Corp","New Ventures Services, Corp","PO BOX 459 Drums","Drums","PA","18222","United States","admin@newvcorp.com","+1.8558971723","","New Ventures Services, Corp","New Ventures Services, Corp","PO BOX 459 Drums","Drums","PA","18222","United States","admin@newvcorp.com","+1.8558971723","","","","","","","","","","","","ns1626.ztomy.com","ns2626.ztomy.com","","","OK","","",""
"19","onwheyproteins.com","2020-05-07 20:08:34","2020-05-05","2020-05-06","2021-05-05","1671","MidWestDomains, LLC","whois.dotmobiregistry.net","http://www.networksolutions.com","New Ventures Services, Corp","New Ventures Services, Corp","PO BOX 459 Drums","Drums","PA","18222","United States","admin@newvcorp.com","+1.8558971723","","New Ventures Services, Corp","New Ventures Services, Corp","PO BOX 459 Drums","Drums","PA","18222","United States","admin@newvcorp.com","+1.8558971723","","New Ventures Services, Corp","New Ventures Services, Corp","PO BOX 459 Drums","Drums","PA","18222","United States","admin@newvcorp.com","+1.8558971723","","","","","","","","","","","","ns1626.ztomy.com","ns2626.ztomy.com","","","OK","","",""
"20","persiamedtour.com","2020-05-07 20:22:15","2020-05-05","2020-05-06","2021-05-05","1671","MidWestDomains, LLC","whois.dotmobiregistry.net","http://www.networksolutions.com","New Ventures Services, Corp","New Ventures Services, Corp","PO BOX 459 Drums","Drums","PA","18222","United States","admin@newvcorp.com","+1.8558971723","","New Ventures Services, Corp","New Ventures Services, Corp","PO BOX 459 Drums","Drums","PA","18222","United States","admin@newvcorp.com","+1.8558971723","","New Ventures Services, Corp","New Ventures Services, Corp","PO BOX 459 Drums","Drums","PA","18222","United States","admin@newvcorp.com","+1.8558971723","","","","","","","","","","","","ns1626.ztomy.com","ns2626.ztomy.com","","","OK","","",""
"21","saltydogcharter.com","2020-05-07 20:04:56","2020-05-05","2020-05-06","2021-05-05","1671","MidWestDomains, LLC","whois.dotmobiregistry.net","http://www.networksolutions.com","New Ventures Services, Corp","New Ventures Services, Corp","PO BOX 459 Drums","Drums","PA","18222","United States","admin@newvcorp.com","+1.8558971723","","New Ventures Services, Corp","New Ventures Services, Corp","PO BOX 459 Drums","Drums","PA","18222","United States","admin@newvcorp.com","+1.8558971723","","New Ventures Services, Corp","New Ventures Services, Corp","PO BOX 459 Drums","Drums","PA","18222","United States","admin@newvcorp.com","+1.8558971723","","","","","","","","","","","","ns1626.ztomy.com","ns2626.ztomy.com","","","OK","","",""
"22","sendnospam.com","2020-05-07 19:32:44","2020-05-05","2020-05-06","2021-05-05","1671","MidWestDomains, LLC","whois.dotmobiregistry.net","http://www.networksolutions.com","New Ventures Services, Corp","New Ventures Services, Corp","PO BOX 459 Drums","Drums","PA","18222","United States","admin@newvcorp.com","+1.8558971723","","New Ventures Services, Corp","New Ventures Services, Corp","PO BOX 459 Drums","Drums","PA","18222","United States","admin@newvcorp.com","+1.8558971723","","New Ventures Services, Corp","New Ventures Services, Corp","PO BOX 459 Drums","Drums","PA","18222","United States","admin@newvcorp.com","+1.8558971723","","","","","","","","","","","","ns1626.ztomy.com","ns2626.ztomy.com","","","OK","","",""
"23","socialdependency.com","2020-05-07 20:08:39","2020-05-05","2020-05-06","2021-05-05","1671","MidWestDomains, LLC","whois.dotmobiregistry.net","http://www.networksolutions.com","New Ventures Services, Corp","New Ventures Services, Corp","PO BOX 459 Drums","Drums","PA","18222","United States","admin@newvcorp.com","+1.8558971723","","New Ventures Services, Corp","New Ventures Services, Corp","PO BOX 459 Drums","Drums","PA","18222","United States","admin@newvcorp.com","+1.8558971723","","New Ventures Services, Corp","New Ventures Services, Corp","PO BOX 459 Drums","Drums","PA","18222","United States","admin@newvcorp.com","+1.8558971723","","","","","","","","","","","","ns1626.ztomy.com","ns2626.ztomy.com","","","OK","","",""
"24","soonzy.com","2020-05-07 19:33:53","2020-05-05","2020-05-06","2021-05-05","1671","MidWestDomains, LLC","whois.dotmobiregistry.net","http://www.networksolutions.com","ying long","longying","kailishi,yanjianglu,230hao,4dong,2danyuan,4lou8hao","qiandongnanmiaozudongzuzizhizhou","guizhou","556000","China","lb6612@126.com","+86.13011296037","+86.13011296037","ying long","longying","kailishi,yanjianglu,230hao,4dong,2danyuan,4lou8hao","qiandongnanmiaozudongzuzizhizhou","guizhou","556000","China","lb6612@126.com","+86.13011296037","+86.13011296037","ying long","longying","kailishi,yanjianglu,230hao,4dong,2danyuan,4lou8hao","qiandongnanmiaozudongzuzizhizhou","guizhou","556000","China","lb6612@126.com","+86.13011296037","+86.13011296037","","","","","","","","","","","v1.juming-xz.com","v1.xz-juming.com","","","OK","","",""
"25","supermexx.com","2020-05-07 19:34:33","2020-05-05","2020-05-06","2021-05-05","1671","MidWestDomains, LLC","whois.dotmobiregistry.net","http://www.networksolutions.com","New Ventures Services, Corp","New Ventures Services, Corp","PO BOX 459 Drums","Drums","PA","18222","United States","admin@newvcorp.com","+1.8558971723","","New Ventures Services, Corp","New Ventures Services, Corp","PO BOX 459 Drums","Drums","PA","18222","United States","admin@newvcorp.com","+1.8558971723","","New Ventures Services, Corp","New Ventures Services, Corp","PO BOX 459 Drums","Drums","PA","18222","United States","admin@newvcorp.com","+1.8558971723","","","","","","","","","","","","ns1626.ztomy.com","ns2626.ztomy.com","","","OK","","",""
"26","theleadingdesigns.com","2020-05-07 20:19:41","2020-05-05","2020-05-06","2021-05-05","1671","MidWestDomains, LLC","whois.dotmobiregistry.net","http://www.networksolutions.com","New Ventures Services, Corp","New Ventures Services, Corp","PO BOX 459 Drums","Drums","PA","18222","United States","admin@newvcorp.com","+1.8558971723","","New Ventures Services, Corp","New Ventures Services, Corp","PO BOX 459 Drums","Drums","PA","18222","United States","admin@newvcorp.com","+1.8558971723","","New Ventures Services, Corp","New Ventures Services, Corp","PO BOX 459 Drums","Drums","PA","18222","United States","admin@newvcorp.com","+1.8558971723","","","","","","","","","","","","ns1626.ztomy.com","ns2626.ztomy.com","","","OK","","",""
"27","ventusgames.com","2020-05-07 20:23:02","2020-05-05","2020-05-06","2021-05-05","1671","MidWestDomains, LLC","whois.dotmobiregistry.net","http://www.networksolutions.com","PERFECT PRIVACY, LLC","","5335 Gate Parkway","Jacksonville","FL","32256","United States","fi77vb7iqmj3pbr3t6ppuk098k@domaindiscreet.com","+1.9027492701","","PERFECT PRIVACY, LLC","","5335 Gate Parkway","Jacksonville","FL","32256","United States","fi77vb7iqmj3pbr3t6ppuk098k@domaindiscreet.com","+1.9027492701","","PERFECT PRIVACY, LLC","","5335 Gate Parkway","Jacksonville","FL","32256","United States","fi77vb7iqmj3pbr3t6ppuk098k@domaindiscreet.com","+1.9027492701","","","","","","","","","","","","ns1.dnsnuts.com","ns2.dnsnuts.com","","","OK","","",""
"28","welongauto.com","2020-05-07 20:11:52","2020-05-05","2020-05-06","2021-05-05","1671","MidWestDomains, LLC","whois.dotmobiregistry.net","http://www.networksolutions.com","New Ventures Services, Corp","New Ventures Services, Corp","PO BOX 459 Drums","Drums","PA","18222","United States","admin@newvcorp.com","+1.8558971723","","New Ventures Services, Corp","New Ventures Services, Corp","PO BOX 459 Drums","Drums","PA","18222","United States","admin@newvcorp.com","+1.8558971723","","New Ventures Services, Corp","New Ventures Services, Corp","PO BOX 459 Drums","Drums","PA","18222","United States","admin@newvcorp.com","+1.8558971723","","","","","","","","","","","","ns1626.ztomy.com","ns2626.ztomy.com","","","OK","","",""