"num","domain_name","query_time","create_date","update_date","expiry_date","domain_registrar_id","domain_registrar_name","domain_registrar_whois","domain_registrar_url","registrant_name","registrant_company","registrant_address","registrant_city","registrant_state","registrant_zip","registrant_country","registrant_email","registrant_phone","registrant_fax","administrative_name","administrative_company","administrative_address","administrative_city","administrative_state","administrative_zip","administrative_country","administrative_email","administrative_phone","administrative_fax","technical_name","technical_company","technical_address","technical_city","technical_state","technical_zip","technical_country","technical_email","technical_phone","technical_fax","billing_name","billing_company","billing_address","billing_city","billing_state","billing_zip","billing_country","billing_email","billing_phone","billing_fax","name_server_1","name_server_2","name_server_3","name_server_4","domain_status_1","domain_status_2","domain_status_3","domain_status_4"
"1","321run.com","2020-05-07 20:08:40","2020-05-05","2020-05-06","2021-05-05","2868","Names Express LLC","whois.namesexpressllc.com","http://www.networksolutions.com","Statutory Masking Enabled","Statutory Masking Enabled","Statutory Masking Enabled","Statutory Masking Enabled","lisbon","Statutory Masking Enabled","Portugal","abuse@web.com","Statutory Masking Enabled","Statutory Masking Enabled","Statutory Masking Enabled","Statutory Masking Enabled","Statutory Masking Enabled","Statutory Masking Enabled","Statutory Masking Enabled","Statutory Masking Enabled","Statutory Masking Enabled","abuse@web.com","Statutory Masking Enabled","Statutory Masking Enabled","Statutory Masking Enabled","Statutory Masking Enabled","Statutory Masking Enabled","Statutory Masking Enabled","Statutory Masking Enabled","Statutory Masking Enabled","Statutory Masking Enabled","abuse@web.com","Statutory Masking Enabled","Statutory Masking Enabled","","","","","","","","","","","ns1.dan.com","ns2.dan.com","","","OK","","",""
"2","demandanautopsy.com","2020-05-07 20:14:41","2020-05-05","2020-05-07","2021-05-05","2868","Names Express LLC","whois.namesexpressllc.com","http://www.networksolutions.com","DotMedia Limited","DotMedia Limited","7F,Star House,3 Salisbury Road,TST,Kowloon","Hong Kong","Hong Kong","999077","Hong Kong","whoisprivacy@dotmedia.com","+852.81799956","","DotMedia Limited","DotMedia Limited","7F,Star House,3 Salisbury Road,TST,Kowloon","Hong Kong","Hong Kong","999077","Hong Kong","whoisprivacy@dotmedia.com","+852.81799956","","DotMedia Limited","DotMedia Limited","7F,Star House,3 Salisbury Road,TST,Kowloon","Hong Kong","Hong Kong","999077","Hong Kong","whoisprivacy@dotmedia.com","+852.81799956","","","","","","","","","","","","ns1.maff.com","ns2.maff.com","","","OK","","",""
"3","hottubrepairnearme.com","2020-05-07 20:21:46","2020-05-05","2020-05-07","2021-05-05","2868","Names Express LLC","whois.namesexpressllc.com","http://www.networksolutions.com","Jurgen De Vos","","166 E 9000 S","SANDY","UT","84070-2327","United States","jaadeevee9196@gmail.com","+1.8015565247","","Jurgen De Vos","","166 E 9000 S","SANDY","UT","84070-2327","United States","jaadeevee9196@gmail.com","+1.8015565247","","Domain Admin","Network Solutions","13861 Sunrise Valley Dr","Herndon","VA","20170","United States","ollntld405@networksolutions.com","+1.7036685203","","","","","","","","","","","","dns1.register.com","dns2.register.com","","","OK","","",""
"4","qqfqfq.com","2020-05-07 19:33:29","2020-05-05","2020-05-06","2021-05-05","2868","Names Express LLC","whois.namesexpressllc.com","http://www.networksolutions.com","yu jing zhang","zhang yu jing","po yang xian, lian hu xiang, mu li cun, 282","shang rao shi","jiang xi","333100","China","djjsqyl@163.com","+86.079388888888","+86.079388888888","yu jing zhang","zhang yu jing","po yang xian, lian hu xiang, mu li cun, 282","shang rao shi","jiang xi","333100","China","djjsqyl@163.com","+86.079388888888","+86.079388888888","yu jing zhang","zhang yu jing","po yang xian, lian hu xiang, mu li cun, 282","shang rao shi","jiang xi","333100","China","djjsqyl@163.com","+86.079388888888","+86.079388888888","","","","","","","","","","","pedro.ns.cloudflare.com","princess.ns.cloudflare.com","","","OK","","",""
"5","seaxx.com","2020-05-07 20:10:02","2020-05-05","2020-05-05","2021-05-05","2868","Names Express LLC","whois.namesexpressllc.com","http://www.networksolutions.com","Statutory Masking Enabled","Statutory Masking Enabled","Statutory Masking Enabled","Statutory Masking Enabled","Alpes Maritimes","Statutory Masking Enabled","France","abuse@web.com","Statutory Masking Enabled","Statutory Masking Enabled","Statutory Masking Enabled","Statutory Masking Enabled","Statutory Masking Enabled","Statutory Masking Enabled","Statutory Masking Enabled","Statutory Masking Enabled","Statutory Masking Enabled","abuse@web.com","Statutory Masking Enabled","Statutory Masking Enabled","Statutory Masking Enabled","Statutory Masking Enabled","Statutory Masking Enabled","Statutory Masking Enabled","Statutory Masking Enabled","Statutory Masking Enabled","Statutory Masking Enabled","abuse@web.com","Statutory Masking Enabled","Statutory Masking Enabled","","","","","","","","","","","ns1.undeveloped.com","ns2.undeveloped.com","","","OK","","",""