"num","domain_name","query_time","create_date","update_date","expiry_date","domain_registrar_id","domain_registrar_name","domain_registrar_whois","domain_registrar_url","registrant_name","registrant_company","registrant_address","registrant_city","registrant_state","registrant_zip","registrant_country","registrant_email","registrant_phone","registrant_fax","administrative_name","administrative_company","administrative_address","administrative_city","administrative_state","administrative_zip","administrative_country","administrative_email","administrative_phone","administrative_fax","technical_name","technical_company","technical_address","technical_city","technical_state","technical_zip","technical_country","technical_email","technical_phone","technical_fax","billing_name","billing_company","billing_address","billing_city","billing_state","billing_zip","billing_country","billing_email","billing_phone","billing_fax","name_server_1","name_server_2","name_server_3","name_server_4","domain_status_1","domain_status_2","domain_status_3","domain_status_4"
"1","2006xh.com","2020-05-07 20:07:41","2020-05-05","2020-05-06","2021-05-05","762","NamePal.com #8024","whois.namepal.com","http://www.domainsatcost.ca","PERFECT PRIVACY, LLC","","5335 Gate Parkway","Jacksonville","FL","32256","United States","4du94k79aah0jbe1k9lq8ec2vn@domaindiscreet.com","+1.9027492701","","PERFECT PRIVACY, LLC","","5335 Gate Parkway","Jacksonville","FL","32256","United States","4du94k79aah0jbe1k9lq8ec2vn@domaindiscreet.com","+1.9027492701","","PERFECT PRIVACY, LLC","","5335 Gate Parkway","Jacksonville","FL","32256","United States","4du94k79aah0jbe1k9lq8ec2vn@domaindiscreet.com","+1.9027492701","","","","","","","","","","","","ns15.above.com","ns16.above.com","","","OK","","",""
"2","african-circle.com","2020-05-07 20:08:38","2020-05-05","2020-05-06","2021-05-05","762","NamePal.com #8024","whois.namepal.com","http://www.domainsatcost.ca","New Ventures Services, Corp","New Ventures Services, Corp","PO BOX 459 Drums","Drums","PA","18222","United States","admin@newvcorp.com","+1.8558971723","","New Ventures Services, Corp","New Ventures Services, Corp","PO BOX 459 Drums","Drums","PA","18222","United States","admin@newvcorp.com","+1.8558971723","","New Ventures Services, Corp","New Ventures Services, Corp","PO BOX 459 Drums","Drums","PA","18222","United States","admin@newvcorp.com","+1.8558971723","","","","","","","","","","","","ns1626.ztomy.com","ns2626.ztomy.com","","","OK","","",""
"3","arizona-airpark.com","2020-05-07 20:08:59","2020-05-05","2020-05-06","2021-05-05","762","NamePal.com #8024","whois.namepal.com","http://www.domainsatcost.ca","New Ventures Services, Corp","New Ventures Services, Corp","PO BOX 459 Drums","Drums","PA","18222","United States","admin@newvcorp.com","+1.8558971723","","New Ventures Services, Corp","New Ventures Services, Corp","PO BOX 459 Drums","Drums","PA","18222","United States","admin@newvcorp.com","+1.8558971723","","New Ventures Services, Corp","New Ventures Services, Corp","PO BOX 459 Drums","Drums","PA","18222","United States","admin@newvcorp.com","+1.8558971723","","","","","","","","","","","","ns1626.ztomy.com","ns2626.ztomy.com","","","OK","","",""
"4","blogonpoint.com","2020-05-07 20:30:14","2020-05-05","2020-05-06","2021-05-05","762","NamePal.com #8024","whois.namepal.com","http://www.domainsatcost.ca","Nanci Nette","","1619 N. La Brea Ave","Los Angeles","CA","90028","United States","domains@namemanagementgroup.com","+1.2249355722","","Nanci Nette","","1619 N. La Brea Ave","Los Angeles","CA","90028","United States","domains@namemanagementgroup.com","+1.2249355722","","Nanci Nette","","1619 N. La Brea Ave","Los Angeles","CA","90028","United States","domains@namemanagementgroup.com","+1.2249355722","","","","","","","","","","","","ns1.brainydns.com","ns2.brainydns.com","","","clientTransferProhibited","","",""
"5","buscommandsystem.com","2020-05-07 19:36:48","2020-05-05","2020-05-06","2021-05-05","762","NamePal.com #8024","whois.namepal.com","http://www.domainsatcost.ca","New Ventures Services, Corp","New Ventures Services, Corp","PO BOX 459 Drums","Drums","PA","18222","United States","admin@newvcorp.com","+1.8558971723","","New Ventures Services, Corp","New Ventures Services, Corp","PO BOX 459 Drums","Drums","PA","18222","United States","admin@newvcorp.com","+1.8558971723","","New Ventures Services, Corp","New Ventures Services, Corp","PO BOX 459 Drums","Drums","PA","18222","United States","admin@newvcorp.com","+1.8558971723","","","","","","","","","","","","ns1626.ztomy.com","ns2626.ztomy.com","","","OK","","",""
"6","cheesebombgifts.com","2020-05-07 20:05:31","2020-05-05","2020-05-06","2021-05-05","762","NamePal.com #8024","whois.namepal.com","http://www.domainsatcost.ca","New Ventures Services, Corp","New Ventures Services, Corp","PO BOX 459 Drums","Drums","PA","18222","United States","admin@newvcorp.com","+1.8558971723","","New Ventures Services, Corp","New Ventures Services, Corp","PO BOX 459 Drums","Drums","PA","18222","United States","admin@newvcorp.com","+1.8558971723","","New Ventures Services, Corp","New Ventures Services, Corp","PO BOX 459 Drums","Drums","PA","18222","United States","admin@newvcorp.com","+1.8558971723","","","","","","","","","","","","ns1626.ztomy.com","ns2626.ztomy.com","","","OK","","",""
"7","cxws2.com","2020-05-07 20:15:37","2020-05-05","2020-05-06","2021-05-05","762","NamePal.com #8024","whois.namepal.com","http://www.domainsatcost.ca","tian you jin","jin tian you","yu gan xian, de sheng da dao, 56 hao, 12201","shang rao shi","jiang xi","335100","China","wangj5056@gmail.com","+86.13699558399","+86.13699558399","tian you jin","jin tian you","yu gan xian, de sheng da dao, 56 hao, 12201","shang rao shi","jiang xi","335100","China","wangj5056@gmail.com","+86.13699558399","+86.13699558399","tian you jin","jin tian you","yu gan xian, de sheng da dao, 56 hao, 12201","shang rao shi","jiang xi","335100","China","wangj5056@gmail.com","+86.13699558399","+86.13699558399","","","","","","","","","","","v1.juming-xz.com","v1.xz-juming.com","","","OK","","",""
"8","daminw.com","2020-05-07 20:10:07","2020-05-05","2020-05-06","2021-05-05","762","NamePal.com #8024","whois.namepal.com","http://www.domainsatcost.ca","New Ventures Services, Corp","New Ventures Services, Corp","PO BOX 459 Drums","Drums","PA","18222","United States","admin@newvcorp.com","+1.8558971723","","New Ventures Services, Corp","New Ventures Services, Corp","PO BOX 459 Drums","Drums","PA","18222","United States","admin@newvcorp.com","+1.8558971723","","New Ventures Services, Corp","New Ventures Services, Corp","PO BOX 459 Drums","Drums","PA","18222","United States","admin@newvcorp.com","+1.8558971723","","","","","","","","","","","","ns1626.ztomy.com","ns2626.ztomy.com","","","OK","","",""
"9","directory4women.com","2020-05-07 20:23:30","2020-05-05","2020-05-06","2021-05-05","762","NamePal.com #8024","whois.namepal.com","http://www.domainsatcost.ca","New Ventures Services, Corp","New Ventures Services, Corp","PO BOX 459 Drums","Drums","PA","18222","United States","admin@newvcorp.com","+1.8558971723","","New Ventures Services, Corp","New Ventures Services, Corp","PO BOX 459 Drums","Drums","PA","18222","United States","admin@newvcorp.com","+1.8558971723","","New Ventures Services, Corp","New Ventures Services, Corp","PO BOX 459 Drums","Drums","PA","18222","United States","admin@newvcorp.com","+1.8558971723","","","","","","","","","","","","ns1626.ztomy.com","ns2626.ztomy.com","","","OK","","",""
"10","dreamyend.com","2020-05-07 20:21:35","2020-05-05","2020-05-06","2021-05-05","762","NamePal.com #8024","whois.namepal.com","http://www.domainsatcost.ca","New Ventures Services, Corp","New Ventures Services, Corp","PO BOX 459 Drums","Drums","PA","18222","United States","admin@newvcorp.com","+1.8558971723","","New Ventures Services, Corp","New Ventures Services, Corp","PO BOX 459 Drums","Drums","PA","18222","United States","admin@newvcorp.com","+1.8558971723","","New Ventures Services, Corp","New Ventures Services, Corp","PO BOX 459 Drums","Drums","PA","18222","United States","admin@newvcorp.com","+1.8558971723","","","","","","","","","","","","ns1626.ztomy.com","ns2626.ztomy.com","","","OK","","",""
"11","extremeunlockers.com","2020-05-07 20:30:18","2020-05-05","2020-05-06","2021-05-05","762","NamePal.com #8024","whois.namepal.com","http://www.domainsatcost.ca","New Ventures Services, Corp","New Ventures Services, Corp","PO BOX 459 Drums","Drums","PA","18222","United States","admin@newvcorp.com","+1.8558971723","","New Ventures Services, Corp","New Ventures Services, Corp","PO BOX 459 Drums","Drums","PA","18222","United States","admin@newvcorp.com","+1.8558971723","","New Ventures Services, Corp","New Ventures Services, Corp","PO BOX 459 Drums","Drums","PA","18222","United States","admin@newvcorp.com","+1.8558971723","","","","","","","","","","","","ns1626.ztomy.com","ns2626.ztomy.com","","","OK","","",""
"12","forumlatvia.com","2020-05-07 19:36:49","2020-05-05","2020-05-06","2021-05-05","762","NamePal.com #8024","whois.namepal.com","http://www.domainsatcost.ca","New Ventures Services, Corp","New Ventures Services, Corp","PO BOX 459 Drums","Drums","PA","18222","United States","admin@newvcorp.com","+1.8558971723","","New Ventures Services, Corp","New Ventures Services, Corp","PO BOX 459 Drums","Drums","PA","18222","United States","admin@newvcorp.com","+1.8558971723","","New Ventures Services, Corp","New Ventures Services, Corp","PO BOX 459 Drums","Drums","PA","18222","United States","admin@newvcorp.com","+1.8558971723","","","","","","","","","","","","ns1626.ztomy.com","ns2626.ztomy.com","","","OK","","",""
"13","fullerhamlets.com","2020-05-07 20:25:53","2020-05-05","2020-05-06","2021-05-05","762","NamePal.com #8024","whois.namepal.com","http://www.domainsatcost.ca","New Ventures Services, Corp","New Ventures Services, Corp","PO BOX 459 Drums","Drums","PA","18222","United States","admin@newvcorp.com","+1.8558971723","","New Ventures Services, Corp","New Ventures Services, Corp","PO BOX 459 Drums","Drums","PA","18222","United States","admin@newvcorp.com","+1.8558971723","","New Ventures Services, Corp","New Ventures Services, Corp","PO BOX 459 Drums","Drums","PA","18222","United States","admin@newvcorp.com","+1.8558971723","","","","","","","","","","","","ns1626.ztomy.com","ns2626.ztomy.com","","","OK","","",""
"14","ihindistatus.com","2020-05-07 20:30:15","2020-05-05","2020-05-06","2021-05-05","762","NamePal.com #8024","whois.namepal.com","http://www.domainsatcost.ca","New Ventures Services, Corp","New Ventures Services, Corp","PO BOX 459 Drums","Drums","PA","18222","United States","admin@newvcorp.com","+1.8558971723","","New Ventures Services, Corp","New Ventures Services, Corp","PO BOX 459 Drums","Drums","PA","18222","United States","admin@newvcorp.com","+1.8558971723","","New Ventures Services, Corp","New Ventures Services, Corp","PO BOX 459 Drums","Drums","PA","18222","United States","admin@newvcorp.com","+1.8558971723","","","","","","","","","","","","ns1626.ztomy.com","ns2626.ztomy.com","","","OK","","",""
"15","mailoss.com","2020-05-07 19:59:34","2020-05-05","2020-05-06","2021-05-05","762","NamePal.com #8024","whois.namepal.com","http://www.domainsatcost.ca","New Ventures Services, Corp","New Ventures Services, Corp","PO BOX 459 Drums","Drums","PA","18222","United States","admin@newvcorp.com","+1.8558971723","","New Ventures Services, Corp","New Ventures Services, Corp","PO BOX 459 Drums","Drums","PA","18222","United States","admin@newvcorp.com","+1.8558971723","","New Ventures Services, Corp","New Ventures Services, Corp","PO BOX 459 Drums","Drums","PA","18222","United States","admin@newvcorp.com","+1.8558971723","","","","","","","","","","","","ns1626.ztomy.com","ns2626.ztomy.com","","","OK","","",""
"16","myblogforest.com","2020-05-07 20:22:02","2020-05-05","2020-05-06","2021-05-05","762","NamePal.com #8024","whois.namepal.com","http://www.domainsatcost.ca","New Ventures Services, Corp","New Ventures Services, Corp","PO BOX 459 Drums","Drums","PA","18222","United States","admin@newvcorp.com","+1.8558971723","","New Ventures Services, Corp","New Ventures Services, Corp","PO BOX 459 Drums","Drums","PA","18222","United States","admin@newvcorp.com","+1.8558971723","","New Ventures Services, Corp","New Ventures Services, Corp","PO BOX 459 Drums","Drums","PA","18222","United States","admin@newvcorp.com","+1.8558971723","","","","","","","","","","","","ns1626.ztomy.com","ns2626.ztomy.com","","","OK","","",""
"17","mysecretsystems.com","2020-05-07 20:17:34","2020-05-05","2020-05-06","2021-05-05","762","NamePal.com #8024","whois.namepal.com","http://www.domainsatcost.ca","New Ventures Services, Corp","New Ventures Services, Corp","PO BOX 459 Drums","Drums","PA","18222","United States","admin@newvcorp.com","+1.8558971723","","New Ventures Services, Corp","New Ventures Services, Corp","PO BOX 459 Drums","Drums","PA","18222","United States","admin@newvcorp.com","+1.8558971723","","New Ventures Services, Corp","New Ventures Services, Corp","PO BOX 459 Drums","Drums","PA","18222","United States","admin@newvcorp.com","+1.8558971723","","","","","","","","","","","","ns1626.ztomy.com","ns2626.ztomy.com","","","OK","","",""
"18","puregun.com","2020-05-07 20:22:01","2020-05-05","2020-05-06","2021-05-05","762","NamePal.com #8024","whois.namepal.com","http://www.domainsatcost.ca","New Ventures Services, Corp","New Ventures Services, Corp","PO BOX 459 Drums","Drums","PA","18222","United States","admin@newvcorp.com","+1.8558971723","","New Ventures Services, Corp","New Ventures Services, Corp","PO BOX 459 Drums","Drums","PA","18222","United States","admin@newvcorp.com","+1.8558971723","","New Ventures Services, Corp","New Ventures Services, Corp","PO BOX 459 Drums","Drums","PA","18222","United States","admin@newvcorp.com","+1.8558971723","","","","","","","","","","","","ns1626.ztomy.com","ns2626.ztomy.com","","","OK","","",""
"19","ramblingyak.com","2020-05-07 19:33:21","2020-05-05","2020-05-06","2021-05-05","762","NamePal.com #8024","whois.namepal.com","http://www.domainsatcost.ca","New Ventures Services, Corp","New Ventures Services, Corp","PO BOX 459 Drums","Drums","PA","18222","United States","admin@newvcorp.com","+1.8558971723","","New Ventures Services, Corp","New Ventures Services, Corp","PO BOX 459 Drums","Drums","PA","18222","United States","admin@newvcorp.com","+1.8558971723","","New Ventures Services, Corp","New Ventures Services, Corp","PO BOX 459 Drums","Drums","PA","18222","United States","admin@newvcorp.com","+1.8558971723","","","","","","","","","","","","ns1626.ztomy.com","ns2626.ztomy.com","","","OK","","",""
"20","rwandaholidays.com","2020-05-07 20:25:52","2020-05-05","2020-05-06","2021-05-05","762","NamePal.com #8024","whois.namepal.com","http://www.domainsatcost.ca","New Ventures Services, Corp","New Ventures Services, Corp","PO BOX 459 Drums","Drums","PA","18222","United States","admin@newvcorp.com","+1.8558971723","","New Ventures Services, Corp","New Ventures Services, Corp","PO BOX 459 Drums","Drums","PA","18222","United States","admin@newvcorp.com","+1.8558971723","","New Ventures Services, Corp","New Ventures Services, Corp","PO BOX 459 Drums","Drums","PA","18222","United States","admin@newvcorp.com","+1.8558971723","","","","","","","","","","","","ns1626.ztomy.com","ns2626.ztomy.com","","","OK","","",""
"21","savingstalksnews.com","2020-05-07 19:31:16","2020-05-05","2020-05-06","2021-05-05","762","NamePal.com #8024","whois.namepal.com","http://www.domainsatcost.ca","New Ventures Services, Corp","New Ventures Services, Corp","PO BOX 459 Drums","Drums","PA","18222","United States","admin@newvcorp.com","+1.8558971723","","New Ventures Services, Corp","New Ventures Services, Corp","PO BOX 459 Drums","Drums","PA","18222","United States","admin@newvcorp.com","+1.8558971723","","New Ventures Services, Corp","New Ventures Services, Corp","PO BOX 459 Drums","Drums","PA","18222","United States","admin@newvcorp.com","+1.8558971723","","","","","","","","","","","","ns1626.ztomy.com","ns2626.ztomy.com","","","OK","","",""
"22","seven24vip.com","2020-05-07 20:11:03","2020-05-05","2020-05-06","2021-05-05","762","NamePal.com #8024","whois.namepal.com","http://www.domainsatcost.ca","New Ventures Services, Corp","New Ventures Services, Corp","PO BOX 459 Drums","Drums","PA","18222","United States","admin@newvcorp.com","+1.8558971723","","New Ventures Services, Corp","New Ventures Services, Corp","PO BOX 459 Drums","Drums","PA","18222","United States","admin@newvcorp.com","+1.8558971723","","New Ventures Services, Corp","New Ventures Services, Corp","PO BOX 459 Drums","Drums","PA","18222","United States","admin@newvcorp.com","+1.8558971723","","","","","","","","","","","","ns1626.ztomy.com","ns2626.ztomy.com","","","OK","","",""
"23","stitchesandhose.com","2020-05-07 19:36:47","2020-05-05","2020-05-06","2021-05-05","762","NamePal.com #8024","whois.namepal.com","http://www.domainsatcost.ca","New Ventures Services, Corp","New Ventures Services, Corp","PO BOX 459 Drums","Drums","PA","18222","United States","admin@newvcorp.com","+1.8558971723","","New Ventures Services, Corp","New Ventures Services, Corp","PO BOX 459 Drums","Drums","PA","18222","United States","admin@newvcorp.com","+1.8558971723","","New Ventures Services, Corp","New Ventures Services, Corp","PO BOX 459 Drums","Drums","PA","18222","United States","admin@newvcorp.com","+1.8558971723","","","","","","","","","","","","ns1626.ztomy.com","ns2626.ztomy.com","","","OK","","",""
"24","style4lessvegas.com","2020-05-07 20:06:23","2020-05-05","2020-05-06","2021-05-05","762","NamePal.com #8024","whois.namepal.com","http://www.domainsatcost.ca","New Ventures Services, Corp","New Ventures Services, Corp","PO BOX 459 Drums","Drums","PA","18222","United States","admin@newvcorp.com","+1.8558971723","","New Ventures Services, Corp","New Ventures Services, Corp","PO BOX 459 Drums","Drums","PA","18222","United States","admin@newvcorp.com","+1.8558971723","","New Ventures Services, Corp","New Ventures Services, Corp","PO BOX 459 Drums","Drums","PA","18222","United States","admin@newvcorp.com","+1.8558971723","","","","","","","","","","","","ns1626.ztomy.com","ns2626.ztomy.com","","","OK","","",""
"25","thedigitalherbalist.com","2020-05-07 19:36:14","2020-05-05","2020-05-06","2021-05-05","762","NamePal.com #8024","whois.namepal.com","http://www.domainsatcost.ca","New Ventures Services, Corp","New Ventures Services, Corp","PO BOX 459 Drums","Drums","PA","18222","United States","admin@newvcorp.com","+1.8558971723","","New Ventures Services, Corp","New Ventures Services, Corp","PO BOX 459 Drums","Drums","PA","18222","United States","admin@newvcorp.com","+1.8558971723","","New Ventures Services, Corp","New Ventures Services, Corp","PO BOX 459 Drums","Drums","PA","18222","United States","admin@newvcorp.com","+1.8558971723","","","","","","","","","","","","ns1626.ztomy.com","ns2626.ztomy.com","","","OK","","",""
"26","threepieceheart.com","2020-05-07 19:33:16","2020-05-05","2020-05-06","2021-05-05","762","NamePal.com #8024","whois.namepal.com","http://www.domainsatcost.ca","New Ventures Services, Corp","New Ventures Services, Corp","PO BOX 459 Drums","Drums","PA","18222","United States","admin@newvcorp.com","+1.8558971723","","New Ventures Services, Corp","New Ventures Services, Corp","PO BOX 459 Drums","Drums","PA","18222","United States","admin@newvcorp.com","+1.8558971723","","New Ventures Services, Corp","New Ventures Services, Corp","PO BOX 459 Drums","Drums","PA","18222","United States","admin@newvcorp.com","+1.8558971723","","","","","","","","","","","","ns1626.ztomy.com","ns2626.ztomy.com","","","OK","","",""
"27","topgamerzone.com","2020-05-07 20:10:46","2020-05-05","2020-05-06","2021-05-05","762","NamePal.com #8024","whois.namepal.com","http://www.domainsatcost.ca","New Ventures Services, Corp","New Ventures Services, Corp","PO BOX 459 Drums","Drums","PA","18222","United States","admin@newvcorp.com","+1.8558971723","","New Ventures Services, Corp","New Ventures Services, Corp","PO BOX 459 Drums","Drums","PA","18222","United States","admin@newvcorp.com","+1.8558971723","","New Ventures Services, Corp","New Ventures Services, Corp","PO BOX 459 Drums","Drums","PA","18222","United States","admin@newvcorp.com","+1.8558971723","","","","","","","","","","","","ns1626.ztomy.com","ns2626.ztomy.com","","","OK","","",""
"28","uenus.com","2020-05-07 19:34:47","2020-05-05","2020-05-06","2021-05-05","762","NamePal.com #8024","whois.namepal.com","http://www.domainsatcost.ca","jinlong li","lijinlong","linxian,dayuxiang,yantou168hao","lvliang","shanxi","033200","China","qq13265674312@yeah.net","+86.13265674312","+86.13265674312","jinlong li","lijinlong","linxian,dayuxiang,yantou168hao","lvliang","shanxi","033200","China","qq13265674312@yeah.net","+86.13265674312","+86.13265674312","jinlong li","lijinlong","linxian,dayuxiang,yantou168hao","lvliang","shanxi","033200","China","qq13265674312@yeah.net","+86.13265674312","+86.13265674312","","","","","","","","","","","v1.juming-xz.com","v1.xz-juming.com","","","OK","","",""
"29","willacove.com","2020-05-07 20:10:49","2020-05-05","2020-05-06","2021-05-05","762","NamePal.com #8024","whois.namepal.com","http://www.domainsatcost.ca","New Ventures Services, Corp","New Ventures Services, Corp","PO BOX 459 Drums","Drums","PA","18222","United States","admin@newvcorp.com","+1.8558971723","","New Ventures Services, Corp","New Ventures Services, Corp","PO BOX 459 Drums","Drums","PA","18222","United States","admin@newvcorp.com","+1.8558971723","","New Ventures Services, Corp","New Ventures Services, Corp","PO BOX 459 Drums","Drums","PA","18222","United States","admin@newvcorp.com","+1.8558971723","","","","","","","","","","","","ns1626.ztomy.com","ns2626.ztomy.com","","","OK","","",""
"30","worldsfashionblogger.com","2020-05-07 20:22:52","2020-05-05","2020-05-06","2021-05-05","762","NamePal.com #8024","whois.namepal.com","http://www.domainsatcost.ca","New Ventures Services, Corp","New Ventures Services, Corp","PO BOX 459 Drums","Drums","PA","18222","United States","admin@newvcorp.com","+1.8558971723","","New Ventures Services, Corp","New Ventures Services, Corp","PO BOX 459 Drums","Drums","PA","18222","United States","admin@newvcorp.com","+1.8558971723","","New Ventures Services, Corp","New Ventures Services, Corp","PO BOX 459 Drums","Drums","PA","18222","United States","admin@newvcorp.com","+1.8558971723","","","","","","","","","","","","ns1626.ztomy.com","ns2626.ztomy.com","","","OK","","",""