"num","domain_name","query_time","create_date","update_date","expiry_date","domain_registrar_id","domain_registrar_name","domain_registrar_whois","domain_registrar_url","registrant_name","registrant_company","registrant_address","registrant_city","registrant_state","registrant_zip","registrant_country","registrant_email","registrant_phone","registrant_fax","administrative_name","administrative_company","administrative_address","administrative_city","administrative_state","administrative_zip","administrative_country","administrative_email","administrative_phone","administrative_fax","technical_name","technical_company","technical_address","technical_city","technical_state","technical_zip","technical_country","technical_email","technical_phone","technical_fax","billing_name","billing_company","billing_address","billing_city","billing_state","billing_zip","billing_country","billing_email","billing_phone","billing_fax","name_server_1","name_server_2","name_server_3","name_server_4","domain_status_1","domain_status_2","domain_status_3","domain_status_4"
"1","autoecolema.com","2020-05-07 19:33:13","2020-05-05","2020-05-06","2021-05-05","1023","NamePal.com #8011","whois.namepal.com","http://namepal.com","PERFECT PRIVACY, LLC","","5335 Gate Parkway","Jacksonville","FL","32256","United States","d42e6u2co8h0k8unhpjht4dmjv@domaindiscreet.com","+1.9027492701","","PERFECT PRIVACY, LLC","","5335 Gate Parkway","Jacksonville","FL","32256","United States","d42e6u2co8h0k8unhpjht4dmjv@domaindiscreet.com","+1.9027492701","","PERFECT PRIVACY, LLC","","5335 Gate Parkway","Jacksonville","FL","32256","United States","d42e6u2co8h0k8unhpjht4dmjv@domaindiscreet.com","+1.9027492701","","","","","","","","","","","","ns15.above.com","ns16.above.com","","","OK","","",""
"2","diaojuth.com","2020-05-07 20:08:36","2020-05-05","2020-05-06","2021-05-05","1023","NamePal.com #8011","whois.namepal.com","http://namepal.com","jinlong li","lijinlong","linxian,dayuxiang,yantou168hao","lvliang","shanxi","033200","China","qq13265674312@yeah.net","+86.13265674312","+86.13265674312","jinlong li","lijinlong","linxian,dayuxiang,yantou168hao","lvliang","shanxi","033200","China","qq13265674312@yeah.net","+86.13265674312","+86.13265674312","jinlong li","lijinlong","linxian,dayuxiang,yantou168hao","lvliang","shanxi","033200","China","qq13265674312@yeah.net","+86.13265674312","+86.13265674312","","","","","","","","","","","v1.juming-xz.com","v1.xz-juming.com","","","OK","","",""
"3","guerreromovie.com","2020-05-07 20:23:22","2020-05-05","2020-05-07","2021-05-05","1023","NamePal.com #8011","whois.namepal.com","http://namepal.com","lina cao","caolina","guanglingqu,hongqiaogongyeyuanqu,touqiaozhen","yangzhoushi","jiangsu","225000","China","3598397301@qq.com","+86.051487267778","+86.051487267778","lina cao","caolina","guanglingqu,hongqiaogongyeyuanqu,touqiaozhen","yangzhoushi","jiangsu","225000","China","3598397301@qq.com","+86.051487267778","+86.051487267778","lina cao","caolina","guanglingqu,hongqiaogongyeyuanqu,touqiaozhen","yangzhoushi","jiangsu","225000","China","3598397301@qq.com","+86.051487267778","+86.051487267778","","","","","","","","","","","v1.juming-xz.com","v1.xz-juming.com","","","OK","","",""
"4","szdnhy.com","2020-05-07 19:34:38","2020-05-05","2020-05-06","2021-05-05","1023","NamePal.com #8011","whois.namepal.com","http://namepal.com","yuanke hua","huayuanke","yanjiangqu,hepingbeilu,148hao","ziyang","sichuan","641300","China","libai8181@gmail.com","+86.13371865221","+86.13371865221","yuanke hua","huayuanke","yanjiangqu,hepingbeilu,148hao","ziyang","sichuan","641300","China","libai8181@gmail.com","+86.13371865221","+86.13371865221","yuanke hua","huayuanke","yanjiangqu,hepingbeilu,148hao","ziyang","sichuan","641300","China","libai8181@gmail.com","+86.13371865221","+86.13371865221","","","","","","","","","","","jm1.dns.com","jm2.dns.com","","","OK","","",""
"5","zet1.com","2020-05-07 20:08:34","2020-05-05","2020-05-06","2021-05-05","1023","NamePal.com #8011","whois.namepal.com","http://namepal.com","Statutory Masking Enabled","Statutory Masking Enabled","Statutory Masking Enabled","Statutory Masking Enabled","Alpes Maritimes","Statutory Masking Enabled","France","abuse@web.com","Statutory Masking Enabled","Statutory Masking Enabled","Statutory Masking Enabled","Statutory Masking Enabled","Statutory Masking Enabled","Statutory Masking Enabled","Statutory Masking Enabled","Statutory Masking Enabled","Statutory Masking Enabled","abuse@web.com","Statutory Masking Enabled","Statutory Masking Enabled","Statutory Masking Enabled","Statutory Masking Enabled","Statutory Masking Enabled","Statutory Masking Enabled","Statutory Masking Enabled","Statutory Masking Enabled","Statutory Masking Enabled","abuse@web.com","Statutory Masking Enabled","Statutory Masking Enabled","","","","","","","","","","","ns1.undeveloped.com","ns2.undeveloped.com","","","OK","","",""