"num","domain_name","query_time","create_date","update_date","expiry_date","domain_registrar_id","domain_registrar_name","domain_registrar_whois","domain_registrar_url","registrant_name","registrant_company","registrant_address","registrant_city","registrant_state","registrant_zip","registrant_country","registrant_email","registrant_phone","registrant_fax","administrative_name","administrative_company","administrative_address","administrative_city","administrative_state","administrative_zip","administrative_country","administrative_email","administrative_phone","administrative_fax","technical_name","technical_company","technical_address","technical_city","technical_state","technical_zip","technical_country","technical_email","technical_phone","technical_fax","billing_name","billing_company","billing_address","billing_city","billing_state","billing_zip","billing_country","billing_email","billing_phone","billing_fax","name_server_1","name_server_2","name_server_3","name_server_4","domain_status_1","domain_status_2","domain_status_3","domain_status_4"
"1","archanashahcpa.com","2020-05-07 01:38:14","2020-05-04","2020-05-04","2021-05-04","1895","Namespro Solutions Inc.","whois.namespro.ca","http://www.namespro.ca/","Namespro.ca PrivateWHOIS","Namespro.ca PrivateWHOIS","PO Box 28123, West Pender St PO","Vancouver","BC","V6C3T7","Canada","87a-34119ea0@namesproprivacy.ca","+1.6046828059","","Namespro.ca PrivateWHOIS","Namespro.ca PrivateWHOIS","PO Box 28123, West Pender St PO","Vancouver","BC","V6C3T7","Canada","87a-34119ea0@namesproprivacy.ca","+1.6046828059","","Namespro.ca PrivateWHOIS","Namespro.ca PrivateWHOIS","PO Box 28123, West Pender St PO","Vancouver","BC","V6C3T7","Canada","87a-34119ea0@namesproprivacy.ca","+1.6046828059","","","","","","","","","","","","ns59.namespro.ca","ns60.namespro.ca","","","clientTransferProhibited","","",""
"2","bnidashboard.com","2020-05-07 19:21:40","2020-05-06","2020-05-06","2021-05-06","1895","Namespro Solutions Inc.","whois.namespro.ca","http://www.namespro.ca/","Moji Ajele","Thermakon Enterprises Ltd.","47 Mckenzie Lake Manor SE","Calgary AB","AB","T2Z1Y4","Canada","mojiajele@gmail.com","+1.4038003017","","Moji Ajele","Thermakon Enterprises Ltd.","47 Mckenzie Lake Manor SE","Calgary AB","AB","T2Z1Y4","Canada","mojiajele@gmail.com","+1.4038003017","","Moji Ajele","Thermakon Enterprises Ltd.","47 Mckenzie Lake Manor SE","Calgary AB","AB","T2Z1Y4","Canada","mojiajele@gmail.com","+1.4038003017","","","","","","","","","","","","ns6347.hostgator.com","ns6348.hostgator.com","","","clientTransferProhibited","","",""
"3","bnipassport.com","2020-05-07 19:21:50","2020-05-06","2020-05-06","2021-05-06","1895","Namespro Solutions Inc.","whois.namespro.ca","http://www.namespro.ca/","Moji Ajele","Thermakon Enterprises Ltd.","47 Mckenzie Lake Manor SE","Calgary AB","AB","T2Z1Y4","Canada","mojiajele@gmail.com","+1.4038003017","","Moji Ajele","Thermakon Enterprises Ltd.","47 Mckenzie Lake Manor SE","Calgary AB","AB","T2Z1Y4","Canada","mojiajele@gmail.com","+1.4038003017","","Moji Ajele","Thermakon Enterprises Ltd.","47 Mckenzie Lake Manor SE","Calgary AB","AB","T2Z1Y4","Canada","mojiajele@gmail.com","+1.4038003017","","","","","","","","","","","","ns6347.hostgator.com","ns6348.hostgator.com","","","clientTransferProhibited","","",""
"4","emotism.com","2020-05-07 19:31:02","2020-05-05","2020-05-05","2021-05-05","1895","Namespro Solutions Inc.","whois.namespro.ca","http://www.namespro.ca/","Joseph North","Joseph North","P.O. Box 2171","Lillooet","BC","V0K1V0","Canada","north@sublink.ca","+1.2502560227","","Joseph North","Joseph North","P.O. Box 2171","Lillooet","BC","V0K1V0","Canada","north@sublink.ca","+1.2502560227","","Joseph North","Joseph North","P.O. Box 2171","Lillooet","BC","V0K1V0","Canada","north@sublink.ca","+1.2502560227","","","","","","","","","","","","slns1.namespro.ca","slns2.namespro.ca","","","clientTransferProhibited","","",""
"5","hinoboucherville.com","2020-05-07 21:01:16","2020-05-06","2020-05-06","2021-05-06","1895","Namespro Solutions Inc.","whois.namespro.ca","http://www.namespro.ca/","Namespro.ca PrivateWHOIS","Namespro.ca PrivateWHOIS","PO Box 28123, West Pender St PO","Vancouver","BC","V6C3T7","Canada","f43-1506e2a9@namesproprivacy.ca","+1.6046828059","","Namespro.ca PrivateWHOIS","Namespro.ca PrivateWHOIS","PO Box 28123, West Pender St PO","Vancouver","BC","V6C3T7","Canada","f43-1506e2a9@namesproprivacy.ca","+1.6046828059","","Namespro.ca PrivateWHOIS","Namespro.ca PrivateWHOIS","PO Box 28123, West Pender St PO","Vancouver","BC","V6C3T7","Canada","f43-1506e2a9@namesproprivacy.ca","+1.6046828059","","","","","","","","","","","","slns1.namespro.ca","slns2.namespro.ca","","","clientTransferProhibited","","",""
"6","homebasepros.com","2020-05-07 21:05:50","2020-05-06","2020-05-06","2021-05-06","1895","Namespro Solutions Inc.","whois.namespro.ca","http://www.namespro.ca/","Namespro.ca PrivateWHOIS","Namespro.ca PrivateWHOIS","Box 276, 130-8191 Westminster Highway","Richmond","BC","V6X1A7","Canada","tvt-kyt8zg5t@namesproprivacy.ca","+1.6046828059","","Namespro.ca PrivateWHOIS","Namespro.ca PrivateWHOIS","Box 276, 130-8191 Westminster Highway","Richmond","BC","V6X1A7","Canada","tvt-kyt8zg5t@namesproprivacy.ca","+1.6046828059","","Namespro.ca PrivateWHOIS","Namespro.ca PrivateWHOIS","Box 276, 130-8191 Westminster Highway","Richmond","BC","V6X1A7","Canada","tvt-kyt8zg5t@namesproprivacy.ca","+1.6046828059","","","","","","","","","","","","slns1.namespro.ca","slns2.namespro.ca","","","clientTransferProhibited","","",""
"7","humberviewcollision.com","2020-05-07 19:21:37","2020-05-06","2020-05-06","2022-05-06","1895","Namespro Solutions Inc.","whois.namespro.ca","http://www.namespro.ca/","Namespro.ca PrivateWHOIS","Namespro.ca PrivateWHOIS","PO Box 28123, West Pender St PO","Vancouver","BC","V6C3T7","Canada","77f-930e3db7@namesproprivacy.ca","+1.6046828059","","Namespro.ca PrivateWHOIS","Namespro.ca PrivateWHOIS","PO Box 28123, West Pender St PO","Vancouver","BC","V6C3T7","Canada","77f-930e3db7@namesproprivacy.ca","+1.6046828059","","Namespro.ca PrivateWHOIS","Namespro.ca PrivateWHOIS","PO Box 28123, West Pender St PO","Vancouver","BC","V6C3T7","Canada","77f-930e3db7@namesproprivacy.ca","+1.6046828059","","","","","","","","","","","","ns1.bluehost.com","ns2.bluehost.com","","","clientTransferProhibited","","",""
"8","luxclover.com","2020-05-07 21:21:25","2020-05-06","2020-05-06","2021-05-06","1895","Namespro Solutions Inc.","whois.namespro.ca","http://www.namespro.ca/","Namespro.ca PrivateWHOIS","Namespro.ca PrivateWHOIS","Box 276, 130-8191 Westminster Highway","Richmond","BC","V6X1A7","Canada","41d-2ee4fddc@namesproprivacy.ca","+1.6046828059","","Namespro.ca PrivateWHOIS","Namespro.ca PrivateWHOIS","Box 276, 130-8191 Westminster Highway","Richmond","BC","V6X1A7","Canada","41d-2ee4fddc@namesproprivacy.ca","+1.6046828059","","Namespro.ca PrivateWHOIS","Namespro.ca PrivateWHOIS","Box 276, 130-8191 Westminster Highway","Richmond","BC","V6X1A7","Canada","41d-2ee4fddc@namesproprivacy.ca","+1.6046828059","","","","","","","","","","","","slns1.namespro.ca","slns2.namespro.ca","","","clientTransferProhibited","","",""
"9","luxedinners.com","2020-05-07 21:07:01","2020-05-06","2020-05-06","2023-05-06","1895","Namespro Solutions Inc.","whois.namespro.ca","http://www.namespro.ca/","Namespro.ca PrivateWHOIS","Namespro.ca PrivateWHOIS","PO Box 28123, West Pender St PO","Vancouver","BC","V6C3T7","Canada","info@clubhub.ca","+1.6046828059","","Namespro.ca PrivateWHOIS","Namespro.ca PrivateWHOIS","PO Box 28123, West Pender St PO","Vancouver","BC","V6C3T7","Canada","info@clubhub.ca","+1.6046828059","","Namespro.ca PrivateWHOIS","Namespro.ca PrivateWHOIS","PO Box 28123, West Pender St PO","Vancouver","BC","V6C3T7","Canada","info@clubhub.ca","+1.6046828059","","","","","","","","","","","","slns1.namespro.ca","slns2.namespro.ca","","","clientTransferProhibited","","",""
"10","nxdotsecurity.com","2020-05-07 19:36:47","2020-05-05","2020-05-05","2022-05-05","1895","Namespro Solutions Inc.","whois.namespro.ca","http://www.namespro.ca/","Stephen Chiu","","330 AltonTowers Circle,  Unit1211","Toronto","ON","M1V5H3","Canada","ssc1024@yandex.com","+1.6472187678","","Stephen Chiu","","330 AltonTowers Circle,  Unit1211","Toronto","ON","M1V5H3","Canada","ssc1024@yandex.com","+1.6472187678","","Stephen Chiu","","330 AltonTowers Circle,  Unit1211","Toronto","ON","M1V5H3","Canada","ssc1024@yandex.com","+1.6472187678","","","","","","","","","","","","slns1.namespro.ca","slns2.namespro.ca","","","clientTransferProhibited","","",""
"11","semc.info","2020-05-07 06:18:25","2020-05-05","2020-05-05","2022-05-05","1895","Namespro Solutions Inc.","whois.namespro.ca","http://www.namespro.ca/","Helena Hickman","Helena Hickman","","","BC","","Canada","","","","","","","","","","","","","","","","","","","","","","","","","","","","","","","","","","slns1.namespro.ca","slns2.namespro.ca","","","addPeriod","clientTransferProhibited","renewPeriod","serverTransferProhibited"
"12","shodananalytical.com","2020-05-07 21:32:42","2020-05-06","2020-05-06","2022-05-06","1895","Namespro Solutions Inc.","whois.namespro.ca","http://www.namespro.ca/","Pietro Galluzzo","Shodan Analytical Incorporated","3305 Waxwing Drive","Mississauga","ON","L5N5W3","Canada","sigmatau0001@gmail.com","+1.4168571216","","Pietro Galluzzo","Shodan Analytical Incorporated","3305 Waxwing Drive","Mississauga","ON","L5N5W3","Canada","sigmatau0001@gmail.com","+1.4168571216","","Pietro Galluzzo","Shodan Analytical Incorporated","3305 Waxwing Drive","Mississauga","ON","L5N5W3","Canada","sigmatau0001@gmail.com","+1.4168571216","","","","","","","","","","","","slns1.namespro.ca","slns2.namespro.ca","","","clientTransferProhibited","","",""
"13","startupcfoacademy.com","2020-05-07 21:36:17","2020-05-06","2020-05-06","2022-05-06","1895","Namespro Solutions Inc.","whois.namespro.ca","http://www.namespro.ca/","Namespro.ca PrivateWHOIS","Namespro.ca PrivateWHOIS","PO Box 28123, West Pender St PO","Vancouver","BC","V6C3T7","Canada","660-8a245864@namesproprivacy.ca","+1.6046828059","","Namespro.ca PrivateWHOIS","Namespro.ca PrivateWHOIS","PO Box 28123, West Pender St PO","Vancouver","BC","V6C3T7","Canada","660-8a245864@namesproprivacy.ca","+1.6046828059","","Namespro.ca PrivateWHOIS","Namespro.ca PrivateWHOIS","PO Box 28123, West Pender St PO","Vancouver","BC","V6C3T7","Canada","660-8a245864@namesproprivacy.ca","+1.6046828059","","","","","","","","","","","","slns1.namespro.ca","slns2.namespro.ca","","","clientTransferProhibited","","",""
"14","tricitiesmidwifery.com","2020-05-07 20:45:07","2020-05-05","2020-05-05","2022-05-05","1895","Namespro Solutions Inc.","whois.namespro.ca","http://www.namespro.ca/","Namespro.ca PrivateWHOIS","Namespro.ca PrivateWHOIS","Box 276, 130-8191 Westminster Highway","Richmond","BC","V6X1A7","Canada","dbc-b74db941@namesproprivacy.ca","+1.6046828059","","Namespro.ca PrivateWHOIS","Namespro.ca PrivateWHOIS","Box 276, 130-8191 Westminster Highway","Richmond","BC","V6X1A7","Canada","dbc-b74db941@namesproprivacy.ca","+1.6046828059","","Namespro.ca PrivateWHOIS","Namespro.ca PrivateWHOIS","Box 276, 130-8191 Westminster Highway","Richmond","BC","V6X1A7","Canada","dbc-b74db941@namesproprivacy.ca","+1.6046828059","","","","","","","","","","","","slns1.namespro.ca","slns2.namespro.ca","","","clientTransferProhibited","","",""
"15","tricitymidwives.com","2020-05-07 20:40:36","2020-05-05","2020-05-05","2022-05-05","1895","Namespro Solutions Inc.","whois.namespro.ca","http://www.namespro.ca/","Namespro.ca PrivateWHOIS","Namespro.ca PrivateWHOIS","Box 276, 130-8191 Westminster Highway","Richmond","BC","V6X1A7","Canada","dbc-b74db941@namesproprivacy.ca","+1.6046828059","","Namespro.ca PrivateWHOIS","Namespro.ca PrivateWHOIS","Box 276, 130-8191 Westminster Highway","Richmond","BC","V6X1A7","Canada","dbc-b74db941@namesproprivacy.ca","+1.6046828059","","Namespro.ca PrivateWHOIS","Namespro.ca PrivateWHOIS","Box 276, 130-8191 Westminster Highway","Richmond","BC","V6X1A7","Canada","dbc-b74db941@namesproprivacy.ca","+1.6046828059","","","","","","","","","","","","slns1.namespro.ca","slns2.namespro.ca","","","clientTransferProhibited","","",""
"16","whitecollarcrimeexperts.com","2020-05-07 20:59:17","2020-05-06","2020-05-06","2021-05-06","1895","Namespro Solutions Inc.","whois.namespro.ca","http://www.namespro.ca/","Adrienne Warren","Adrienne Warren","88 Chiltern hill rd","Toronto","ON","M6C3B8","Canada","damalamed@hotmail.com","+1.4167276722","","Adrienne Warren","Adrienne Warren","88 Chiltern hill rd","Toronto","ON","M6C3B8","Canada","damalamed@hotmail.com","+1.4167276722","","Adrienne Warren","Adrienne Warren","88 Chiltern hill rd","Toronto","ON","M6C3B8","Canada","damalamed@hotmail.com","+1.4167276722","","","","","","","","","","","","slns1.namespro.ca","slns2.namespro.ca","","","clientTransferProhibited","","",""
"17","whitecolloarexperts.com","2020-05-07 21:01:07","2020-05-06","2020-05-06","2021-05-06","1895","Namespro Solutions Inc.","whois.namespro.ca","http://www.namespro.ca/","Adrienne Warren","Adrienne Warren","88 Chiltern hill rd","Toronto","ON","M6C3B8","Canada","damalamed@hotmail.com","+1.4167276722","","Adrienne Warren","Adrienne Warren","88 Chiltern hill rd","Toronto","ON","M6C3B8","Canada","damalamed@hotmail.com","+1.4167276722","","Adrienne Warren","Adrienne Warren","88 Chiltern hill rd","Toronto","ON","M6C3B8","Canada","damalamed@hotmail.com","+1.4167276722","","","","","","","","","","","","slns1.namespro.ca","slns2.namespro.ca","","","clientTransferProhibited","","",""
"18","yourlifeline.net","2020-05-07 23:10:04","2020-05-06","2020-05-06","2022-05-06","1895","Namespro Solutions Inc.","whois.namespro.ca","http://www.namespro.ca/","Namespro.ca PrivateWHOIS","Namespro.ca PrivateWHOIS","PO Box 28123, West Pender St PO","Vancouver","BC","V6C3T7","Canada","a48-da348c74@namesproprivacy.ca","+1.6046828059","","Namespro.ca PrivateWHOIS","Namespro.ca PrivateWHOIS","PO Box 28123, West Pender St PO","Vancouver","BC","V6C3T7","Canada","a48-da348c74@namesproprivacy.ca","+1.6046828059","","Namespro.ca PrivateWHOIS","Namespro.ca PrivateWHOIS","PO Box 28123, West Pender St PO","Vancouver","BC","V6C3T7","Canada","a48-da348c74@namesproprivacy.ca","+1.6046828059","","","","","","","","","","","","slns1.namespro.ca","slns2.namespro.ca","","","clientTransferProhibited","","",""