"num","domain_name","query_time","create_date","update_date","expiry_date","domain_registrar_id","domain_registrar_name","domain_registrar_whois","domain_registrar_url","registrant_name","registrant_company","registrant_address","registrant_city","registrant_state","registrant_zip","registrant_country","registrant_email","registrant_phone","registrant_fax","administrative_name","administrative_company","administrative_address","administrative_city","administrative_state","administrative_zip","administrative_country","administrative_email","administrative_phone","administrative_fax","technical_name","technical_company","technical_address","technical_city","technical_state","technical_zip","technical_country","technical_email","technical_phone","technical_fax","billing_name","billing_company","billing_address","billing_city","billing_state","billing_zip","billing_country","billing_email","billing_phone","billing_fax","name_server_1","name_server_2","name_server_3","name_server_4","domain_status_1","domain_status_2","domain_status_3","domain_status_4"
"1","bibliyografya.net","2020-05-07 18:59:21","2020-05-05","2020-05-05","2021-05-05","1454","Nics Telekomünikasyon Ticaret Ltd. Şti.","whois.nicproxy.com","http://www.nicproxy.com","Selcuk Uzun","Selcuk Uzun","","","","","Turkey","","","","","","","","","","","","","","","","","","","","","","","","","","","","","","","","","","ns1.natrohost.com","ns2.natrohost.com","","","OK","","",""
"2","canimcigerim.info","2020-05-07 06:17:59","2020-05-05","","2021-05-05","1454","Nics Telekomünikasyon Ticaret Ltd. Şti.","whois.nicproxy.com","http://www.nicproxy.com","Mustafa Perk","Mustafa Perk","","","Sultanhamam","","Turkey","","","","","","","","","","","","","","","","","","","","","","","","","","","","","","","","","","ns1.natrohost.com","ns2.natrohost.com","","","addPeriod","serverTransferProhibited","",""
"3","e-medicineconference.com","2020-05-07 21:08:08","2020-05-06","2020-05-06","2021-05-06","1454","Nics Telekomünikasyon Ticaret Ltd. Şti.","whois.nicproxy.com","http://www.nicproxy.com","Seyhan Tepe","Seyhan Tepe","","","","","Turkey","","","","","","","","","","","","","","","","","","","","","","","","","","","","","","","","","","ns1.natrohost.com","ns2.natrohost.com","","","OK","","",""
"4","e-tipkongresi.com","2020-05-07 21:08:11","2020-05-06","2020-05-06","2021-05-06","1454","Nics Telekomünikasyon Ticaret Ltd. Şti.","whois.nicproxy.com","http://www.nicproxy.com","Seyhan Tepe","Seyhan Tepe","","","","","Turkey","","","","","","","","","","","","","","","","","","","","","","","","","","","","","","","","","","ns1.natrohost.com","ns2.natrohost.com","","","OK","","",""
"5","eczacigucu.com","2020-05-07 21:15:00","2020-05-06","2020-05-06","2021-05-06","1454","Nics Telekomünikasyon Ticaret Ltd. Şti.","whois.nicproxy.com","http://www.nicproxy.com","Erhan Erdem","Erhan Erdem","","","","","Turkey","","","","","","","","","","","","","","","","","","","","","","","","","","","","","","","","","","ns1.natrohost.com","ns2.natrohost.com","","","OK","","",""
"6","firmalardizini.com","2020-05-07 20:22:18","2020-05-05","2020-05-05","2021-05-05","1454","Nics Telekomünikasyon Ticaret Ltd. Şti.","whois.nicproxy.com","http://www.nicproxy.com","Selcuk Uzun","Selcuk Uzun","","","","","Turkey","","","","","","","","","","","","","","","","","","","","","","","","","","","","","","","","","","ns1.natrohost.com","ns2.natrohost.com","","","OK","","",""
"7","meet-online.info","2020-05-07 23:25:09","2020-05-06","","2021-05-06","1454","Nics Telekomünikasyon Ticaret Ltd. Şti.","whois.nicproxy.com","http://www.nicproxy.com","Temp Organization","Temp Organization","","","Temp State","","Turkey","","","","","","","","","","","","","","","","","","","","","","","","","","","","","","","","","","ns1.natrohost.com","ns2.natrohost.com","","","addPeriod","serverTransferProhibited","",""
"8","pamukiplik.club","2020-05-07 06:32:21","2020-05-04","2020-05-04","2021-05-04","1454","Nics Telekomünikasyon Ticaret Ltd. Şti.","whois.nicproxy.com","http://www.nicproxy.com","Emka Insan Kaynaklari Veistihdam Hizmetleri Ltd.Sti.","Emka Insan Kaynaklari Veistihdam Hizmetleri Ltd.Sti.","","","Nilufer","","Turkey","","","","","","","","","","","","","","","","","","","","","","","","","","","","","","","","","","matteo.ns.cloudflare.com","mimi.ns.cloudflare.com","ns-cloud-b3.googledomains.com","ns-cloud-b4.googledomains.com","addPeriod","ok","",""
"9","sortelinke.club","2020-05-07 06:32:16","2020-05-05","2020-05-05","2021-05-05","1454","Nics Telekomünikasyon Ticaret Ltd. Şti.","whois.nicproxy.com","http://www.nicproxy.com","Burhan Kazan","Burhan Kazan","","","Merkez","","Turkey","","","","","","","","","","","","","","","","","","","","","","","","","","","","","","","","","","ns1.sortelinke.club","ns2.sortelinke.club","","","addPeriod","ok","",""
"10","toplantiduyuru.info","2020-05-07 23:22:23","2020-05-06","","2021-05-06","1454","Nics Telekomünikasyon Ticaret Ltd. Şti.","whois.nicproxy.com","http://www.nicproxy.com","Temp Organization","Temp Organization","","","Temp State","","Turkey","","","","","","","","","","","","","","","","","","","","","","","","","","","","","","","","","","ns1.natrohost.com","ns2.natrohost.com","","","addPeriod","serverTransferProhibited","",""
"11","tylos.club","2020-05-07 06:32:10","2020-05-05","","2021-05-05","1454","Nics Telekomünikasyon Ticaret Ltd. Şti.","whois.nicproxy.com","http://www.nicproxy.com","Temp Organization","Temp Organization","","","Temp State","","Turkey","","","","","","","","","","","","","","","","","","","","","","","","","","","","","","","","","","ns1.natrohost.com","ns2.natrohost.com","","","addPeriod","ok","",""