"num","domain_name","query_time","create_date","update_date","expiry_date","domain_registrar_id","domain_registrar_name","domain_registrar_whois","domain_registrar_url","registrant_name","registrant_company","registrant_address","registrant_city","registrant_state","registrant_zip","registrant_country","registrant_email","registrant_phone","registrant_fax","administrative_name","administrative_company","administrative_address","administrative_city","administrative_state","administrative_zip","administrative_country","administrative_email","administrative_phone","administrative_fax","technical_name","technical_company","technical_address","technical_city","technical_state","technical_zip","technical_country","technical_email","technical_phone","technical_fax","billing_name","billing_company","billing_address","billing_city","billing_state","billing_zip","billing_country","billing_email","billing_phone","billing_fax","name_server_1","name_server_2","name_server_3","name_server_4","domain_status_1","domain_status_2","domain_status_3","domain_status_4"
"1","006898.com","2020-05-07 20:18:16","2020-05-05","2020-05-05","2021-05-05","1666","OpenTLD B.V.","http://www.freenom.com/whois","http://www.freenom.com/","REDACTED FOR PRIVACY","REDACTED FOR PRIVACY","REDACTED FOR PRIVACY","REDACTED FOR PRIVACY","NL-NH","REDACTED FOR PRIVACY","Netherlands","","REDACTED FOR PRIVACY","","REDACTED FOR PRIVACY","REDACTED FOR PRIVACY","REDACTED FOR PRIVACY","REDACTED FOR PRIVACY","REDACTED FOR PRIVACY","REDACTED FOR PRIVACY","REDACTED FOR PRIVACY","","REDACTED FOR PRIVACY","+31.20.5315721","REDACTED FOR PRIVACY","REDACTED FOR PRIVACY","REDACTED FOR PRIVACY","REDACTED FOR PRIVACY","REDACTED FOR PRIVACY","REDACTED FOR PRIVACY","REDACTED FOR PRIVACY","","REDACTED FOR PRIVACY","","","","","","","","","","","","ns01.freenom.com","ns02.freenom.com","ns03.freenom.com","ns04.freenom.com","clientTransferProhibited","","",""
"2","agercargo.com","2020-05-07 19:15:35","2020-05-06","2020-05-06","2021-05-06","1666","OpenTLD B.V.","http://www.freenom.com/whois","http://www.freenom.com/","REDACTED FOR PRIVACY","REDACTED FOR PRIVACY","REDACTED FOR PRIVACY","REDACTED FOR PRIVACY","Arges","REDACTED FOR PRIVACY","Romania","","REDACTED FOR PRIVACY","","REDACTED FOR PRIVACY","REDACTED FOR PRIVACY","REDACTED FOR PRIVACY","REDACTED FOR PRIVACY","REDACTED FOR PRIVACY","REDACTED FOR PRIVACY","REDACTED FOR PRIVACY","","REDACTED FOR PRIVACY","","REDACTED FOR PRIVACY","REDACTED FOR PRIVACY","REDACTED FOR PRIVACY","REDACTED FOR PRIVACY","REDACTED FOR PRIVACY","REDACTED FOR PRIVACY","REDACTED FOR PRIVACY","","REDACTED FOR PRIVACY","","","","","","","","","","","","ns0.yourz.ro","ns1.yourz.ro","","","clientTransferProhibited","","",""
"3","aliumsoft.com","2020-05-07 21:20:17","2020-05-06","2020-05-06","2021-05-06","1666","OpenTLD B.V.","http://www.freenom.com/whois","http://www.freenom.com/","REDACTED FOR PRIVACY","REDACTED FOR PRIVACY","REDACTED FOR PRIVACY","REDACTED FOR PRIVACY","NL-NH","REDACTED FOR PRIVACY","Netherlands","","REDACTED FOR PRIVACY","","REDACTED FOR PRIVACY","REDACTED FOR PRIVACY","REDACTED FOR PRIVACY","REDACTED FOR PRIVACY","REDACTED FOR PRIVACY","REDACTED FOR PRIVACY","REDACTED FOR PRIVACY","","REDACTED FOR PRIVACY","+31.20.5315721","REDACTED FOR PRIVACY","REDACTED FOR PRIVACY","REDACTED FOR PRIVACY","REDACTED FOR PRIVACY","REDACTED FOR PRIVACY","REDACTED FOR PRIVACY","REDACTED FOR PRIVACY","","REDACTED FOR PRIVACY","","","","","","","","","","","","ns1.hostens.com","ns2.hostens.com","","","clientTransferProhibited","","",""
"4","altabah1aloula.net","2020-05-07 18:59:35","2020-05-05","2020-05-05","2021-05-05","1666","OpenTLD B.V.","http://www.freenom.com/whois","http://www.freenom.com/","REDACTED FOR PRIVACY","REDACTED FOR PRIVACY","REDACTED FOR PRIVACY","REDACTED FOR PRIVACY","NL-NH","REDACTED FOR PRIVACY","Netherlands","","REDACTED FOR PRIVACY","","REDACTED FOR PRIVACY","REDACTED FOR PRIVACY","REDACTED FOR PRIVACY","REDACTED FOR PRIVACY","REDACTED FOR PRIVACY","REDACTED FOR PRIVACY","REDACTED FOR PRIVACY","","REDACTED FOR PRIVACY","+31.20.5315721","REDACTED FOR PRIVACY","REDACTED FOR PRIVACY","REDACTED FOR PRIVACY","REDACTED FOR PRIVACY","REDACTED FOR PRIVACY","REDACTED FOR PRIVACY","REDACTED FOR PRIVACY","","REDACTED FOR PRIVACY","","","","","","","","","","","","ns1.site4now.net","ns2.site4now.net","ns3.site4now.net","","clientTransferProhibited","","",""
"5","aresbar.net","2020-05-07 18:59:31","2020-05-06","2020-05-06","2021-05-06","1666","OpenTLD B.V.","http://www.freenom.com/whois","http://www.freenom.com/","REDACTED FOR PRIVACY","REDACTED FOR PRIVACY","REDACTED FOR PRIVACY","REDACTED FOR PRIVACY","NL-NH","REDACTED FOR PRIVACY","Netherlands","","REDACTED FOR PRIVACY","","REDACTED FOR PRIVACY","REDACTED FOR PRIVACY","REDACTED FOR PRIVACY","REDACTED FOR PRIVACY","REDACTED FOR PRIVACY","REDACTED FOR PRIVACY","REDACTED FOR PRIVACY","","REDACTED FOR PRIVACY","+31.20.5315721","REDACTED FOR PRIVACY","REDACTED FOR PRIVACY","REDACTED FOR PRIVACY","REDACTED FOR PRIVACY","REDACTED FOR PRIVACY","REDACTED FOR PRIVACY","REDACTED FOR PRIVACY","","REDACTED FOR PRIVACY","","","","","","","","","","","","ns01.freenom.com","ns02.freenom.com","ns03.freenom.com","ns04.freenom.com","clientTransferProhibited","","",""
"6","atualizacaomodulodeseguranca.com","2020-05-07 19:18:53","2020-05-06","2020-05-06","2021-05-06","1666","OpenTLD B.V.","http://www.freenom.com/whois","http://www.freenom.com/","REDACTED FOR PRIVACY","REDACTED FOR PRIVACY","REDACTED FOR PRIVACY","REDACTED FOR PRIVACY","NL-NH","REDACTED FOR PRIVACY","Netherlands","","REDACTED FOR PRIVACY","","REDACTED FOR PRIVACY","REDACTED FOR PRIVACY","REDACTED FOR PRIVACY","REDACTED FOR PRIVACY","REDACTED FOR PRIVACY","REDACTED FOR PRIVACY","REDACTED FOR PRIVACY","","REDACTED FOR PRIVACY","+31.20.5315721","REDACTED FOR PRIVACY","REDACTED FOR PRIVACY","REDACTED FOR PRIVACY","REDACTED FOR PRIVACY","REDACTED FOR PRIVACY","REDACTED FOR PRIVACY","REDACTED FOR PRIVACY","","REDACTED FOR PRIVACY","","","","","","","","","","","","ns01.freenom.com","ns02.freenom.com","ns03.freenom.com","ns04.freenom.com","clientTransferProhibited","","",""
"7","aykutsahin.net","2020-05-07 18:59:26","2020-05-06","2020-05-06","2021-05-06","1666","OpenTLD B.V.","http://www.freenom.com/whois","http://www.freenom.com/","REDACTED FOR PRIVACY","REDACTED FOR PRIVACY","REDACTED FOR PRIVACY","REDACTED FOR PRIVACY","NL-NH","REDACTED FOR PRIVACY","Netherlands","","REDACTED FOR PRIVACY","","REDACTED FOR PRIVACY","REDACTED FOR PRIVACY","REDACTED FOR PRIVACY","REDACTED FOR PRIVACY","REDACTED FOR PRIVACY","REDACTED FOR PRIVACY","REDACTED FOR PRIVACY","","REDACTED FOR PRIVACY","+31.20.5315721","REDACTED FOR PRIVACY","REDACTED FOR PRIVACY","REDACTED FOR PRIVACY","REDACTED FOR PRIVACY","REDACTED FOR PRIVACY","REDACTED FOR PRIVACY","REDACTED FOR PRIVACY","","REDACTED FOR PRIVACY","","","","","","","","","","","","ns01.freenom.com","ns02.freenom.com","ns03.freenom.com","ns04.freenom.com","clientTransferProhibited","","",""
"8","biokinshop.com","2020-05-07 20:23:03","2020-05-05","2020-05-05","2021-05-05","1666","OpenTLD B.V.","http://www.freenom.com/whois","http://www.freenom.com/","REDACTED FOR PRIVACY","REDACTED FOR PRIVACY","REDACTED FOR PRIVACY","REDACTED FOR PRIVACY","Kinshasa","REDACTED FOR PRIVACY","Congo, Democratic Republic","","REDACTED FOR PRIVACY","","REDACTED FOR PRIVACY","REDACTED FOR PRIVACY","REDACTED FOR PRIVACY","REDACTED FOR PRIVACY","REDACTED FOR PRIVACY","REDACTED FOR PRIVACY","REDACTED FOR PRIVACY","","REDACTED FOR PRIVACY","","REDACTED FOR PRIVACY","REDACTED FOR PRIVACY","REDACTED FOR PRIVACY","REDACTED FOR PRIVACY","REDACTED FOR PRIVACY","REDACTED FOR PRIVACY","REDACTED FOR PRIVACY","","REDACTED FOR PRIVACY","","","","","","","","","","","","ns1.afrikahosting.net","ns2.afrikahosting.net","","","clientTransferProhibited","","",""
"9","bsrelay.com","2020-05-07 01:22:03","2020-05-04","2020-05-04","2021-05-04","1666","OpenTLD B.V.","http://www.freenom.com/whois","http://www.freenom.com/","REDACTED FOR PRIVACY","REDACTED FOR PRIVACY","REDACTED FOR PRIVACY","REDACTED FOR PRIVACY","NL-NH","REDACTED FOR PRIVACY","Netherlands","","REDACTED FOR PRIVACY","","REDACTED FOR PRIVACY","REDACTED FOR PRIVACY","REDACTED FOR PRIVACY","REDACTED FOR PRIVACY","REDACTED FOR PRIVACY","REDACTED FOR PRIVACY","REDACTED FOR PRIVACY","","REDACTED FOR PRIVACY","+31.20.5315721","REDACTED FOR PRIVACY","REDACTED FOR PRIVACY","REDACTED FOR PRIVACY","REDACTED FOR PRIVACY","REDACTED FOR PRIVACY","REDACTED FOR PRIVACY","REDACTED FOR PRIVACY","","REDACTED FOR PRIVACY","","","","","","","","","","","","ns1.dreamhost.com","ns2.dreamhost.com","","","clientTransferProhibited","","",""
"10","cailoli.com","2020-05-07 19:10:16","2020-05-06","2020-05-06","2021-05-06","1666","OpenTLD B.V.","http://www.freenom.com/whois","http://www.freenom.com/","REDACTED FOR PRIVACY","REDACTED FOR PRIVACY","REDACTED FOR PRIVACY","REDACTED FOR PRIVACY","NL-NH","REDACTED FOR PRIVACY","Netherlands","","REDACTED FOR PRIVACY","","REDACTED FOR PRIVACY","REDACTED FOR PRIVACY","REDACTED FOR PRIVACY","REDACTED FOR PRIVACY","REDACTED FOR PRIVACY","REDACTED FOR PRIVACY","REDACTED FOR PRIVACY","","REDACTED FOR PRIVACY","+31.20.5315721","REDACTED FOR PRIVACY","REDACTED FOR PRIVACY","REDACTED FOR PRIVACY","REDACTED FOR PRIVACY","REDACTED FOR PRIVACY","REDACTED FOR PRIVACY","REDACTED FOR PRIVACY","","REDACTED FOR PRIVACY","","","","","","","","","","","","chin.ns.cloudflare.com","hal.ns.cloudflare.com","","","clientTransferProhibited","","",""
"11","dailyprize.net","2020-05-07 05:53:11","2020-05-04","2020-05-04","2021-05-04","1666","OpenTLD B.V.","http://www.freenom.com/whois","http://www.freenom.com/","REDACTED FOR PRIVACY","REDACTED FOR PRIVACY","REDACTED FOR PRIVACY","REDACTED FOR PRIVACY","NL-NH","REDACTED FOR PRIVACY","Netherlands","","REDACTED FOR PRIVACY","","REDACTED FOR PRIVACY","REDACTED FOR PRIVACY","REDACTED FOR PRIVACY","REDACTED FOR PRIVACY","REDACTED FOR PRIVACY","REDACTED FOR PRIVACY","REDACTED FOR PRIVACY","","REDACTED FOR PRIVACY","+31.20.5315721","REDACTED FOR PRIVACY","REDACTED FOR PRIVACY","REDACTED FOR PRIVACY","REDACTED FOR PRIVACY","REDACTED FOR PRIVACY","REDACTED FOR PRIVACY","REDACTED FOR PRIVACY","","REDACTED FOR PRIVACY","","","","","","","","","","","","ns-1489.awsdns-58.org","ns-1611.awsdns-09.co.uk","ns-253.awsdns-31.com","ns-932.awsdns-52.net","clientTransferProhibited","","",""
"12","diaspora-senegal.com","2020-05-07 21:34:05","2020-05-06","2020-05-06","2021-05-06","1666","OpenTLD B.V.","http://www.freenom.com/whois","http://www.freenom.com/","REDACTED FOR PRIVACY","REDACTED FOR PRIVACY","REDACTED FOR PRIVACY","REDACTED FOR PRIVACY","NL-NH","REDACTED FOR PRIVACY","Netherlands","","REDACTED FOR PRIVACY","","REDACTED FOR PRIVACY","REDACTED FOR PRIVACY","REDACTED FOR PRIVACY","REDACTED FOR PRIVACY","REDACTED FOR PRIVACY","REDACTED FOR PRIVACY","REDACTED FOR PRIVACY","","REDACTED FOR PRIVACY","+31.20.5315721","REDACTED FOR PRIVACY","REDACTED FOR PRIVACY","REDACTED FOR PRIVACY","REDACTED FOR PRIVACY","REDACTED FOR PRIVACY","REDACTED FOR PRIVACY","REDACTED FOR PRIVACY","","REDACTED FOR PRIVACY","","","","","","","","","","","","melina.ns.cloudflare.com","wilson.ns.cloudflare.com","","","clientTransferProhibited","","",""
"13","epicnewslive.com","2020-05-07 21:20:19","2020-05-06","2020-05-06","2021-05-06","1666","OpenTLD B.V.","http://www.freenom.com/whois","http://www.freenom.com/","REDACTED FOR PRIVACY","REDACTED FOR PRIVACY","REDACTED FOR PRIVACY","REDACTED FOR PRIVACY","NL-NH","REDACTED FOR PRIVACY","Netherlands","","REDACTED FOR PRIVACY","","REDACTED FOR PRIVACY","REDACTED FOR PRIVACY","REDACTED FOR PRIVACY","REDACTED FOR PRIVACY","REDACTED FOR PRIVACY","REDACTED FOR PRIVACY","REDACTED FOR PRIVACY","","REDACTED FOR PRIVACY","+31.20.5315721","REDACTED FOR PRIVACY","REDACTED FOR PRIVACY","REDACTED FOR PRIVACY","REDACTED FOR PRIVACY","REDACTED FOR PRIVACY","REDACTED FOR PRIVACY","REDACTED FOR PRIVACY","","REDACTED FOR PRIVACY","","","","","","","","","","","","cp1.ns.mydata.city","cp2.ns.mydata.city","","","clientTransferProhibited","","",""
"14","fabricanegocios.com","2020-05-07 20:46:31","2020-05-05","2020-05-05","2021-05-05","1666","OpenTLD B.V.","http://www.freenom.com/whois","http://www.freenom.com/","REDACTED FOR PRIVACY","REDACTED FOR PRIVACY","REDACTED FOR PRIVACY","REDACTED FOR PRIVACY","NL-NH","REDACTED FOR PRIVACY","Netherlands","","REDACTED FOR PRIVACY","","REDACTED FOR PRIVACY","REDACTED FOR PRIVACY","REDACTED FOR PRIVACY","REDACTED FOR PRIVACY","REDACTED FOR PRIVACY","REDACTED FOR PRIVACY","REDACTED FOR PRIVACY","","REDACTED FOR PRIVACY","+31.20.5315721","REDACTED FOR PRIVACY","REDACTED FOR PRIVACY","REDACTED FOR PRIVACY","REDACTED FOR PRIVACY","REDACTED FOR PRIVACY","REDACTED FOR PRIVACY","REDACTED FOR PRIVACY","","REDACTED FOR PRIVACY","","","","","","","","","","","","ns1.digitalocean.com","ns2.digitalocean.com","ns3.digitalocean.com","","clientTransferProhibited","","",""
"15","freeskyhosting.com","2020-05-07 01:28:33","2020-05-04","2020-05-04","2021-05-04","1666","OpenTLD B.V.","http://www.freenom.com/whois","http://www.freenom.com/","REDACTED FOR PRIVACY","REDACTED FOR PRIVACY","REDACTED FOR PRIVACY","REDACTED FOR PRIVACY","NL-NH","REDACTED FOR PRIVACY","Netherlands","","REDACTED FOR PRIVACY","","REDACTED FOR PRIVACY","REDACTED FOR PRIVACY","REDACTED FOR PRIVACY","REDACTED FOR PRIVACY","REDACTED FOR PRIVACY","REDACTED FOR PRIVACY","REDACTED FOR PRIVACY","","REDACTED FOR PRIVACY","+31.20.5315721","REDACTED FOR PRIVACY","REDACTED FOR PRIVACY","REDACTED FOR PRIVACY","REDACTED FOR PRIVACY","REDACTED FOR PRIVACY","REDACTED FOR PRIVACY","REDACTED FOR PRIVACY","","REDACTED FOR PRIVACY","","","","","","","","","","","","ns01.freenom.com","ns02.freenom.com","ns03.freenom.com","ns04.freenom.com","clientTransferProhibited","","",""
"16","gartensale.net","2020-05-07 23:15:05","2020-05-05","2020-05-05","2021-05-05","1666","OpenTLD B.V.","http://www.freenom.com/whois","http://www.freenom.com/","REDACTED FOR PRIVACY","REDACTED FOR PRIVACY","REDACTED FOR PRIVACY","REDACTED FOR PRIVACY","jessore","REDACTED FOR PRIVACY","Bangladesh","","REDACTED FOR PRIVACY","","REDACTED FOR PRIVACY","REDACTED FOR PRIVACY","REDACTED FOR PRIVACY","REDACTED FOR PRIVACY","REDACTED FOR PRIVACY","REDACTED FOR PRIVACY","REDACTED FOR PRIVACY","","REDACTED FOR PRIVACY","","REDACTED FOR PRIVACY","REDACTED FOR PRIVACY","REDACTED FOR PRIVACY","REDACTED FOR PRIVACY","REDACTED FOR PRIVACY","REDACTED FOR PRIVACY","REDACTED FOR PRIVACY","","REDACTED FOR PRIVACY","","","","","","","","","","","","ns1.gartensale.net","ns2.gartensale.net","","","clientTransferProhibited","","",""
"17","geoffreyolson.com","2020-05-07 21:25:34","2020-05-06","2020-05-06","2021-05-06","1666","OpenTLD B.V.","http://www.freenom.com/whois","http://www.freenom.com/","REDACTED FOR PRIVACY","REDACTED FOR PRIVACY","REDACTED FOR PRIVACY","REDACTED FOR PRIVACY","NL-NH","REDACTED FOR PRIVACY","Netherlands","","REDACTED FOR PRIVACY","","REDACTED FOR PRIVACY","REDACTED FOR PRIVACY","REDACTED FOR PRIVACY","REDACTED FOR PRIVACY","REDACTED FOR PRIVACY","REDACTED FOR PRIVACY","REDACTED FOR PRIVACY","","REDACTED FOR PRIVACY","+31.20.5315721","REDACTED FOR PRIVACY","REDACTED FOR PRIVACY","REDACTED FOR PRIVACY","REDACTED FOR PRIVACY","REDACTED FOR PRIVACY","REDACTED FOR PRIVACY","REDACTED FOR PRIVACY","","REDACTED FOR PRIVACY","","","","","","","","","","","","ns1.digitalocean.com","ns2.digitalocean.com","ns3.digitalocean.com","","clientTransferProhibited","","",""
"18","hitechwebhosting.com","2020-05-07 01:38:20","2020-05-04","2020-05-04","2021-05-04","1666","OpenTLD B.V.","http://www.freenom.com/whois","http://www.freenom.com/","REDACTED FOR PRIVACY","REDACTED FOR PRIVACY","REDACTED FOR PRIVACY","REDACTED FOR PRIVACY","CD-NK","REDACTED FOR PRIVACY","Congo, Democratic Republic","","REDACTED FOR PRIVACY","","REDACTED FOR PRIVACY","REDACTED FOR PRIVACY","REDACTED FOR PRIVACY","REDACTED FOR PRIVACY","REDACTED FOR PRIVACY","REDACTED FOR PRIVACY","REDACTED FOR PRIVACY","","REDACTED FOR PRIVACY","","REDACTED FOR PRIVACY","REDACTED FOR PRIVACY","REDACTED FOR PRIVACY","REDACTED FOR PRIVACY","REDACTED FOR PRIVACY","REDACTED FOR PRIVACY","REDACTED FOR PRIVACY","","REDACTED FOR PRIVACY","","","","","","","","","","","","ns1.afrikahosting.net","ns2.afrikahosting.net","","","clientTransferProhibited","","",""
"19","huanakefu.net","2020-05-07 19:00:52","2020-05-06","2020-05-06","2021-05-06","1666","OpenTLD B.V.","http://www.freenom.com/whois","http://www.freenom.com/","REDACTED FOR PRIVACY","REDACTED FOR PRIVACY","REDACTED FOR PRIVACY","REDACTED FOR PRIVACY","US-CA","REDACTED FOR PRIVACY","United States","","REDACTED FOR PRIVACY","","REDACTED FOR PRIVACY","REDACTED FOR PRIVACY","REDACTED FOR PRIVACY","REDACTED FOR PRIVACY","REDACTED FOR PRIVACY","REDACTED FOR PRIVACY","REDACTED FOR PRIVACY","","REDACTED FOR PRIVACY","","REDACTED FOR PRIVACY","REDACTED FOR PRIVACY","REDACTED FOR PRIVACY","REDACTED FOR PRIVACY","REDACTED FOR PRIVACY","REDACTED FOR PRIVACY","REDACTED FOR PRIVACY","","REDACTED FOR PRIVACY","","","","","","","","","","","","f1g1ns1.dnspod.net","f1g1ns2.dnspod.net","","","clientTransferProhibited","","",""
"20","itisadomain.net","2020-05-07 19:00:46","2020-05-06","2020-05-06","2021-05-06","1666","OpenTLD B.V.","http://www.freenom.com/whois","http://www.freenom.com/","REDACTED FOR PRIVACY","REDACTED FOR PRIVACY","REDACTED FOR PRIVACY","REDACTED FOR PRIVACY","NL-NH","REDACTED FOR PRIVACY","Netherlands","","REDACTED FOR PRIVACY","","REDACTED FOR PRIVACY","REDACTED FOR PRIVACY","REDACTED FOR PRIVACY","REDACTED FOR PRIVACY","REDACTED FOR PRIVACY","REDACTED FOR PRIVACY","REDACTED FOR PRIVACY","","REDACTED FOR PRIVACY","+31.20.5315721","REDACTED FOR PRIVACY","REDACTED FOR PRIVACY","REDACTED FOR PRIVACY","REDACTED FOR PRIVACY","REDACTED FOR PRIVACY","REDACTED FOR PRIVACY","REDACTED FOR PRIVACY","","REDACTED FOR PRIVACY","","","","","","","","","","","","ns01.freenom.com","ns02.freenom.com","ns03.freenom.com","ns04.freenom.com","clientTransferProhibited","","",""
"21","jmgeneralserviceperu.com","2020-05-07 20:22:57","2020-05-05","2020-05-05","2021-05-05","1666","OpenTLD B.V.","http://www.freenom.com/whois","http://www.freenom.com/","REDACTED FOR PRIVACY","REDACTED FOR PRIVACY","REDACTED FOR PRIVACY","REDACTED FOR PRIVACY","NL-NH","REDACTED FOR PRIVACY","Netherlands","","REDACTED FOR PRIVACY","","REDACTED FOR PRIVACY","REDACTED FOR PRIVACY","REDACTED FOR PRIVACY","REDACTED FOR PRIVACY","REDACTED FOR PRIVACY","REDACTED FOR PRIVACY","REDACTED FOR PRIVACY","","REDACTED FOR PRIVACY","+31.20.5315721","REDACTED FOR PRIVACY","REDACTED FOR PRIVACY","REDACTED FOR PRIVACY","REDACTED FOR PRIVACY","REDACTED FOR PRIVACY","REDACTED FOR PRIVACY","REDACTED FOR PRIVACY","","REDACTED FOR PRIVACY","","","","","","","","","","","","ns1.gemmaster.net","ns2.gemmaster.net","","","clientTransferProhibited","","",""
"22","jokerstorearg.net","2020-05-07 19:00:42","2020-05-06","2020-05-06","2021-05-06","1666","OpenTLD B.V.","http://www.freenom.com/whois","http://www.freenom.com/","REDACTED FOR PRIVACY","REDACTED FOR PRIVACY","REDACTED FOR PRIVACY","REDACTED FOR PRIVACY","NL-NH","REDACTED FOR PRIVACY","Netherlands","","REDACTED FOR PRIVACY","","REDACTED FOR PRIVACY","REDACTED FOR PRIVACY","REDACTED FOR PRIVACY","REDACTED FOR PRIVACY","REDACTED FOR PRIVACY","REDACTED FOR PRIVACY","REDACTED FOR PRIVACY","","REDACTED FOR PRIVACY","+31.20.5315721","REDACTED FOR PRIVACY","REDACTED FOR PRIVACY","REDACTED FOR PRIVACY","REDACTED FOR PRIVACY","REDACTED FOR PRIVACY","REDACTED FOR PRIVACY","REDACTED FOR PRIVACY","","REDACTED FOR PRIVACY","","","","","","","","","","","","ns01.freenom.com","ns02.freenom.com","ns03.freenom.com","ns04.freenom.com","clientTransferProhibited","","",""
"23","k-squaredmedia.com","2020-05-07 21:05:53","2020-05-06","2020-05-06","2021-05-06","1666","OpenTLD B.V.","http://www.freenom.com/whois","http://www.freenom.com/","REDACTED FOR PRIVACY","REDACTED FOR PRIVACY","REDACTED FOR PRIVACY","REDACTED FOR PRIVACY","NL-NH","REDACTED FOR PRIVACY","Netherlands","","REDACTED FOR PRIVACY","","REDACTED FOR PRIVACY","REDACTED FOR PRIVACY","REDACTED FOR PRIVACY","REDACTED FOR PRIVACY","REDACTED FOR PRIVACY","REDACTED FOR PRIVACY","REDACTED FOR PRIVACY","","REDACTED FOR PRIVACY","+31.20.5315721","REDACTED FOR PRIVACY","REDACTED FOR PRIVACY","REDACTED FOR PRIVACY","REDACTED FOR PRIVACY","REDACTED FOR PRIVACY","REDACTED FOR PRIVACY","REDACTED FOR PRIVACY","","REDACTED FOR PRIVACY","","","","","","","","","","","","ns1.supercp.com","ns2.supercp.com","ns3.supercp.com","ns4.supercp.com","clientTransferProhibited","","",""
"24","kinqueen.net","2020-05-07 19:00:39","2020-05-06","2020-05-06","2021-05-06","1666","OpenTLD B.V.","http://www.freenom.com/whois","http://www.freenom.com/","REDACTED FOR PRIVACY","REDACTED FOR PRIVACY","REDACTED FOR PRIVACY","REDACTED FOR PRIVACY","NL-NH","REDACTED FOR PRIVACY","Netherlands","","REDACTED FOR PRIVACY","","REDACTED FOR PRIVACY","REDACTED FOR PRIVACY","REDACTED FOR PRIVACY","REDACTED FOR PRIVACY","REDACTED FOR PRIVACY","REDACTED FOR PRIVACY","REDACTED FOR PRIVACY","","REDACTED FOR PRIVACY","+31.20.5315721","REDACTED FOR PRIVACY","REDACTED FOR PRIVACY","REDACTED FOR PRIVACY","REDACTED FOR PRIVACY","REDACTED FOR PRIVACY","REDACTED FOR PRIVACY","REDACTED FOR PRIVACY","","REDACTED FOR PRIVACY","","","","","","","","","","","","cp1.ns.mydata.city","cp2.ns.mydata.city","","","clientTransferProhibited","","",""
"25","manosolidaria.com","2020-05-07 01:20:18","2020-05-04","2020-05-04","2021-05-04","1666","OpenTLD B.V.","http://www.freenom.com/whois","http://www.freenom.com/","REDACTED FOR PRIVACY","REDACTED FOR PRIVACY","REDACTED FOR PRIVACY","REDACTED FOR PRIVACY","NL-NH","REDACTED FOR PRIVACY","Netherlands","","REDACTED FOR PRIVACY","","REDACTED FOR PRIVACY","REDACTED FOR PRIVACY","REDACTED FOR PRIVACY","REDACTED FOR PRIVACY","REDACTED FOR PRIVACY","REDACTED FOR PRIVACY","REDACTED FOR PRIVACY","","REDACTED FOR PRIVACY","+31.20.5315721","REDACTED FOR PRIVACY","REDACTED FOR PRIVACY","REDACTED FOR PRIVACY","REDACTED FOR PRIVACY","REDACTED FOR PRIVACY","REDACTED FOR PRIVACY","REDACTED FOR PRIVACY","","REDACTED FOR PRIVACY","","","","","","","","","","","","ns1.supercp.com","ns2.supercp.com","ns3.supercp.com","ns4.supercp.com","clientTransferProhibited","","",""
"26","meister.mobi","2020-05-07 18:59:47","2020-05-06","2020-05-06","2021-05-06","1666","OpenTLD B.V.","http://www.freenom.com/whois","http://www.freenom.com/","Stichting OpenTLD WHOIS Proxy","Stichting OpenTLD WHOIS Proxy","","","NL-NH","","Netherlands","","","","","","","","","","","","","","","","","","","","","","","","","","","","","","","","","","ns1.value-domain.com","ns2.value-domain.com","ns3.value-domain.com","ns4.value-domain.com","addPeriod","clientTransferProhibited","serverTransferProhibited",""
"27","mufighters6.com","2020-05-07 19:08:57","2020-05-06","2020-05-07","2021-05-06","1666","OpenTLD B.V.","http://www.freenom.com/whois","http://www.freenom.com/","REDACTED FOR PRIVACY","REDACTED FOR PRIVACY","REDACTED FOR PRIVACY","REDACTED FOR PRIVACY","NL-NH","REDACTED FOR PRIVACY","Netherlands","","REDACTED FOR PRIVACY","","REDACTED FOR PRIVACY","REDACTED FOR PRIVACY","REDACTED FOR PRIVACY","REDACTED FOR PRIVACY","REDACTED FOR PRIVACY","REDACTED FOR PRIVACY","REDACTED FOR PRIVACY","","REDACTED FOR PRIVACY","+31.20.5315721","REDACTED FOR PRIVACY","REDACTED FOR PRIVACY","REDACTED FOR PRIVACY","REDACTED FOR PRIVACY","REDACTED FOR PRIVACY","REDACTED FOR PRIVACY","REDACTED FOR PRIVACY","","REDACTED FOR PRIVACY","","","","","","","","","","","","dave.ns.cloudflare.com","iris.ns.cloudflare.com","","","clientTransferProhibited","","",""
"28","mulyons.com","2020-05-07 20:40:27","2020-05-05","2020-05-05","2021-05-05","1666","OpenTLD B.V.","http://www.freenom.com/whois","http://www.freenom.com/","REDACTED FOR PRIVACY","REDACTED FOR PRIVACY","REDACTED FOR PRIVACY","REDACTED FOR PRIVACY","NL-NH","REDACTED FOR PRIVACY","Netherlands","","REDACTED FOR PRIVACY","","REDACTED FOR PRIVACY","REDACTED FOR PRIVACY","REDACTED FOR PRIVACY","REDACTED FOR PRIVACY","REDACTED FOR PRIVACY","REDACTED FOR PRIVACY","REDACTED FOR PRIVACY","","REDACTED FOR PRIVACY","+31.20.5315721","REDACTED FOR PRIVACY","REDACTED FOR PRIVACY","REDACTED FOR PRIVACY","REDACTED FOR PRIVACY","REDACTED FOR PRIVACY","REDACTED FOR PRIVACY","REDACTED FOR PRIVACY","","REDACTED FOR PRIVACY","","","","","","","","","","","","ns1.canada.ind.br","ns2.canada.ind.br","ns3.canada.ind.br","ns4.canada.ind.br","clientTransferProhibited","","",""
"29","murevolutionsperu.com","2020-05-07 21:31:24","2020-05-06","2020-05-06","2021-05-06","1666","OpenTLD B.V.","http://www.freenom.com/whois","http://www.freenom.com/","REDACTED FOR PRIVACY","REDACTED FOR PRIVACY","REDACTED FOR PRIVACY","REDACTED FOR PRIVACY","NL-NH","REDACTED FOR PRIVACY","Netherlands","","REDACTED FOR PRIVACY","","REDACTED FOR PRIVACY","REDACTED FOR PRIVACY","REDACTED FOR PRIVACY","REDACTED FOR PRIVACY","REDACTED FOR PRIVACY","REDACTED FOR PRIVACY","REDACTED FOR PRIVACY","","REDACTED FOR PRIVACY","+31.20.5315721","REDACTED FOR PRIVACY","REDACTED FOR PRIVACY","REDACTED FOR PRIVACY","REDACTED FOR PRIVACY","REDACTED FOR PRIVACY","REDACTED FOR PRIVACY","REDACTED FOR PRIVACY","","REDACTED FOR PRIVACY","","","","","","","","","","","","ns1.protect-host.com","ns2.protect-host.com","","","clientTransferProhibited","","",""
"30","permhouse.com","2020-05-07 21:34:21","2020-05-06","2020-05-06","2021-05-06","1666","OpenTLD B.V.","http://www.freenom.com/whois","http://www.freenom.com/","REDACTED FOR PRIVACY","REDACTED FOR PRIVACY","REDACTED FOR PRIVACY","REDACTED FOR PRIVACY","NL-NH","REDACTED FOR PRIVACY","Netherlands","","REDACTED FOR PRIVACY","","REDACTED FOR PRIVACY","REDACTED FOR PRIVACY","REDACTED FOR PRIVACY","REDACTED FOR PRIVACY","REDACTED FOR PRIVACY","REDACTED FOR PRIVACY","REDACTED FOR PRIVACY","","REDACTED FOR PRIVACY","+31.20.5315721","REDACTED FOR PRIVACY","REDACTED FOR PRIVACY","REDACTED FOR PRIVACY","REDACTED FOR PRIVACY","REDACTED FOR PRIVACY","REDACTED FOR PRIVACY","REDACTED FOR PRIVACY","","REDACTED FOR PRIVACY","","","","","","","","","","","","ns01.freenom.com","ns02.freenom.com","ns03.freenom.com","ns04.freenom.com","clientTransferProhibited","","",""
"31","sakg.net","2020-05-07 23:11:11","2020-05-06","2020-05-07","2021-05-06","1666","OpenTLD B.V.","http://www.freenom.com/whois","http://www.freenom.com/","REDACTED FOR PRIVACY","REDACTED FOR PRIVACY","REDACTED FOR PRIVACY","REDACTED FOR PRIVACY","NL-NH","REDACTED FOR PRIVACY","Netherlands","","REDACTED FOR PRIVACY","","REDACTED FOR PRIVACY","REDACTED FOR PRIVACY","REDACTED FOR PRIVACY","REDACTED FOR PRIVACY","REDACTED FOR PRIVACY","REDACTED FOR PRIVACY","REDACTED FOR PRIVACY","","REDACTED FOR PRIVACY","+31.20.5315721","REDACTED FOR PRIVACY","REDACTED FOR PRIVACY","REDACTED FOR PRIVACY","REDACTED FOR PRIVACY","REDACTED FOR PRIVACY","REDACTED FOR PRIVACY","REDACTED FOR PRIVACY","","REDACTED FOR PRIVACY","","","","","","","","","","","","ns6.wixdns.net","ns7.wixdns.net","","","clientTransferProhibited","","",""
"32","strumpower.com","2020-05-07 21:46:29","2020-05-05","2020-05-05","2021-05-05","1666","OpenTLD B.V.","http://www.freenom.com/whois","http://www.freenom.com/","REDACTED FOR PRIVACY","REDACTED FOR PRIVACY","REDACTED FOR PRIVACY","REDACTED FOR PRIVACY","Var","REDACTED FOR PRIVACY","France","","REDACTED FOR PRIVACY","","REDACTED FOR PRIVACY","REDACTED FOR PRIVACY","REDACTED FOR PRIVACY","REDACTED FOR PRIVACY","REDACTED FOR PRIVACY","REDACTED FOR PRIVACY","REDACTED FOR PRIVACY","","REDACTED FOR PRIVACY","","REDACTED FOR PRIVACY","REDACTED FOR PRIVACY","REDACTED FOR PRIVACY","REDACTED FOR PRIVACY","REDACTED FOR PRIVACY","REDACTED FOR PRIVACY","REDACTED FOR PRIVACY","","REDACTED FOR PRIVACY","","","","","","","","","","","","ns1.greenfxhost.com","ns2.greenfxhost.com","","","clientTransferProhibited","","",""
"33","tgscraft.net","2020-05-07 19:03:52","2020-05-06","2020-05-06","2021-05-06","1666","OpenTLD B.V.","http://www.freenom.com/whois","http://www.freenom.com/","REDACTED FOR PRIVACY","REDACTED FOR PRIVACY","REDACTED FOR PRIVACY","REDACTED FOR PRIVACY","NL-NH","REDACTED FOR PRIVACY","Netherlands","","REDACTED FOR PRIVACY","","REDACTED FOR PRIVACY","REDACTED FOR PRIVACY","REDACTED FOR PRIVACY","REDACTED FOR PRIVACY","REDACTED FOR PRIVACY","REDACTED FOR PRIVACY","REDACTED FOR PRIVACY","","REDACTED FOR PRIVACY","+31.20.5315721","REDACTED FOR PRIVACY","REDACTED FOR PRIVACY","REDACTED FOR PRIVACY","REDACTED FOR PRIVACY","REDACTED FOR PRIVACY","REDACTED FOR PRIVACY","REDACTED FOR PRIVACY","","REDACTED FOR PRIVACY","","","","","","","","","","","","irma.ns.cloudflare.com","owen.ns.cloudflare.com","","","clientTransferProhibited","","",""
"34","thriftystartup.com","2020-05-07 21:17:57","2020-05-06","2020-05-06","2021-05-06","1666","OpenTLD B.V.","http://www.freenom.com/whois","http://www.freenom.com/","REDACTED FOR PRIVACY","REDACTED FOR PRIVACY","REDACTED FOR PRIVACY","REDACTED FOR PRIVACY","NL-NH","REDACTED FOR PRIVACY","Netherlands","","REDACTED FOR PRIVACY","","REDACTED FOR PRIVACY","REDACTED FOR PRIVACY","REDACTED FOR PRIVACY","REDACTED FOR PRIVACY","REDACTED FOR PRIVACY","REDACTED FOR PRIVACY","REDACTED FOR PRIVACY","","REDACTED FOR PRIVACY","+31.20.5315721","REDACTED FOR PRIVACY","REDACTED FOR PRIVACY","REDACTED FOR PRIVACY","REDACTED FOR PRIVACY","REDACTED FOR PRIVACY","REDACTED FOR PRIVACY","REDACTED FOR PRIVACY","","REDACTED FOR PRIVACY","","","","","","","","","","","","ns01.freenom.com","ns02.freenom.com","ns03.freenom.com","ns04.freenom.com","clientTransferProhibited","","",""
"35","turfrika.net","2020-05-07 23:10:10","2020-05-05","2020-05-07","2021-05-05","1666","OpenTLD B.V.","http://www.freenom.com/whois","http://www.freenom.com/","REDACTED FOR PRIVACY","REDACTED FOR PRIVACY","REDACTED FOR PRIVACY","REDACTED FOR PRIVACY","NL-NH","REDACTED FOR PRIVACY","Netherlands","","REDACTED FOR PRIVACY","","REDACTED FOR PRIVACY","REDACTED FOR PRIVACY","REDACTED FOR PRIVACY","REDACTED FOR PRIVACY","REDACTED FOR PRIVACY","REDACTED FOR PRIVACY","REDACTED FOR PRIVACY","","REDACTED FOR PRIVACY","+31.20.5315721","REDACTED FOR PRIVACY","REDACTED FOR PRIVACY","REDACTED FOR PRIVACY","REDACTED FOR PRIVACY","REDACTED FOR PRIVACY","REDACTED FOR PRIVACY","REDACTED FOR PRIVACY","","REDACTED FOR PRIVACY","","","","","","","","","","","","ns1.boxsecured.com","ns2.boxsecured.com","","","clientTransferProhibited","","",""
"36","turkiyesigortaemeklilik.net","2020-05-07 23:10:10","2020-05-05","2020-05-05","2021-05-05","1666","OpenTLD B.V.","http://www.freenom.com/whois","http://www.freenom.com/","REDACTED FOR PRIVACY","REDACTED FOR PRIVACY","REDACTED FOR PRIVACY","REDACTED FOR PRIVACY","NL-NH","REDACTED FOR PRIVACY","Netherlands","","REDACTED FOR PRIVACY","","REDACTED FOR PRIVACY","REDACTED FOR PRIVACY","REDACTED FOR PRIVACY","REDACTED FOR PRIVACY","REDACTED FOR PRIVACY","REDACTED FOR PRIVACY","REDACTED FOR PRIVACY","","REDACTED FOR PRIVACY","+31.20.5315721","REDACTED FOR PRIVACY","REDACTED FOR PRIVACY","REDACTED FOR PRIVACY","REDACTED FOR PRIVACY","REDACTED FOR PRIVACY","REDACTED FOR PRIVACY","REDACTED FOR PRIVACY","","REDACTED FOR PRIVACY","","","","","","","","","","","","ns01.freenom.com","ns02.freenom.com","ns03.freenom.com","ns04.freenom.com","clientTransferProhibited","","",""
"37","uudia.com","2020-05-07 21:46:13","2020-05-05","2020-05-06","2021-05-05","1666","OpenTLD B.V.","http://www.freenom.com/whois","http://www.freenom.com/","REDACTED FOR PRIVACY","REDACTED FOR PRIVACY","REDACTED FOR PRIVACY","REDACTED FOR PRIVACY","NL-NH","REDACTED FOR PRIVACY","Netherlands","","REDACTED FOR PRIVACY","","REDACTED FOR PRIVACY","REDACTED FOR PRIVACY","REDACTED FOR PRIVACY","REDACTED FOR PRIVACY","REDACTED FOR PRIVACY","REDACTED FOR PRIVACY","REDACTED FOR PRIVACY","","REDACTED FOR PRIVACY","+31.20.5315721","REDACTED FOR PRIVACY","REDACTED FOR PRIVACY","REDACTED FOR PRIVACY","REDACTED FOR PRIVACY","REDACTED FOR PRIVACY","REDACTED FOR PRIVACY","REDACTED FOR PRIVACY","","REDACTED FOR PRIVACY","","","","","","","","","","","","ns01.freenom.com","ns02.freenom.com","ns03.freenom.com","ns04.freenom.com","clientTransferProhibited","","",""
"38","vnc-officiel.info","2020-05-07 06:06:38","2020-05-05","2020-05-05","2021-05-05","1666","OpenTLD B.V.","http://www.freenom.com/whois","http://www.freenom.com/","Stichting OpenTLD WHOIS Proxy","Stichting OpenTLD WHOIS Proxy","","","NL-NH","","Netherlands","","","","","","","","","","","","","","","","","","","","","","","","","","","","","","","","","","ns1.afrikahosting.net","ns2.afrikahosting.net","","","addPeriod","clientTransferProhibited","serverTransferProhibited",""
"39","zuisolutions.com","2020-05-07 20:02:36","2020-05-05","2020-05-05","2021-05-05","1666","OpenTLD B.V.","http://www.freenom.com/whois","http://www.freenom.com/","REDACTED FOR PRIVACY","REDACTED FOR PRIVACY","REDACTED FOR PRIVACY","REDACTED FOR PRIVACY","NL-NH","REDACTED FOR PRIVACY","Netherlands","","REDACTED FOR PRIVACY","","REDACTED FOR PRIVACY","REDACTED FOR PRIVACY","REDACTED FOR PRIVACY","REDACTED FOR PRIVACY","REDACTED FOR PRIVACY","REDACTED FOR PRIVACY","REDACTED FOR PRIVACY","","REDACTED FOR PRIVACY","+31.20.5315721","REDACTED FOR PRIVACY","REDACTED FOR PRIVACY","REDACTED FOR PRIVACY","REDACTED FOR PRIVACY","REDACTED FOR PRIVACY","REDACTED FOR PRIVACY","REDACTED FOR PRIVACY","","REDACTED FOR PRIVACY","","","","","","","","","","","","eu.domainhizmetleri.net","tr.domainhizmetleri.net","","","clientTransferProhibited","","",""