"num","domain_name","query_time","create_date","update_date","expiry_date","domain_registrar_id","domain_registrar_name","domain_registrar_whois","domain_registrar_url","registrant_name","registrant_company","registrant_address","registrant_city","registrant_state","registrant_zip","registrant_country","registrant_email","registrant_phone","registrant_fax","administrative_name","administrative_company","administrative_address","administrative_city","administrative_state","administrative_zip","administrative_country","administrative_email","administrative_phone","administrative_fax","technical_name","technical_company","technical_address","technical_city","technical_state","technical_zip","technical_country","technical_email","technical_phone","technical_fax","billing_name","billing_company","billing_address","billing_city","billing_state","billing_zip","billing_country","billing_email","billing_phone","billing_fax","name_server_1","name_server_2","name_server_3","name_server_4","domain_status_1","domain_status_2","domain_status_3","domain_status_4"
"1","360cloud-tech.com","2020-05-07 20:15:44","2020-05-05","2020-05-06","2021-05-05","754","Sssasss, Incorporated","whois.sssasss.com","http://www.sssasss.com","New Ventures Services, Corp","New Ventures Services, Corp","PO BOX 459 Drums","Drums","PA","18222","United States","admin@newvcorp.com","+1.8558971723","","New Ventures Services, Corp","New Ventures Services, Corp","PO BOX 459 Drums","Drums","PA","18222","United States","admin@newvcorp.com","+1.8558971723","","New Ventures Services, Corp","New Ventures Services, Corp","PO BOX 459 Drums","Drums","PA","18222","United States","admin@newvcorp.com","+1.8558971723","","","","","","","","","","","","ns1626.ztomy.com","ns2626.ztomy.com","","","OK","","",""
"2","agro-sped.com","2020-05-07 20:08:53","2020-05-05","2020-05-06","2021-05-05","754","Sssasss, Incorporated","whois.sssasss.com","http://www.sssasss.com","New Ventures Services, Corp","New Ventures Services, Corp","PO BOX 459 Drums","Drums","PA","18222","United States","admin@newvcorp.com","+1.8558971723","","New Ventures Services, Corp","New Ventures Services, Corp","PO BOX 459 Drums","Drums","PA","18222","United States","admin@newvcorp.com","+1.8558971723","","New Ventures Services, Corp","New Ventures Services, Corp","PO BOX 459 Drums","Drums","PA","18222","United States","admin@newvcorp.com","+1.8558971723","","","","","","","","","","","","ns1626.ztomy.com","ns2626.ztomy.com","","","OK","","",""
"3","asphotoservices.com","2020-05-07 19:32:40","2020-05-05","2020-05-06","2021-05-05","754","Sssasss, Incorporated","whois.sssasss.com","http://www.sssasss.com","New Ventures Services, Corp","New Ventures Services, Corp","PO BOX 459 Drums","Drums","PA","18222","United States","admin@newvcorp.com","+1.8558971723","","New Ventures Services, Corp","New Ventures Services, Corp","PO BOX 459 Drums","Drums","PA","18222","United States","admin@newvcorp.com","+1.8558971723","","New Ventures Services, Corp","New Ventures Services, Corp","PO BOX 459 Drums","Drums","PA","18222","United States","admin@newvcorp.com","+1.8558971723","","","","","","","","","","","","ns1626.ztomy.com","ns2626.ztomy.com","","","OK","","",""
"4","coloredcoffee.com","2020-05-07 20:08:52","2020-05-05","2020-05-06","2021-05-05","754","Sssasss, Incorporated","whois.sssasss.com","http://www.sssasss.com","New Ventures Services, Corp","New Ventures Services, Corp","PO BOX 459 Drums","Drums","PA","18222","United States","admin@newvcorp.com","+1.8558971723","","New Ventures Services, Corp","New Ventures Services, Corp","PO BOX 459 Drums","Drums","PA","18222","United States","admin@newvcorp.com","+1.8558971723","","New Ventures Services, Corp","New Ventures Services, Corp","PO BOX 459 Drums","Drums","PA","18222","United States","admin@newvcorp.com","+1.8558971723","","","","","","","","","","","","ns1626.ztomy.com","ns2626.ztomy.com","","","OK","","",""
"5","dentalhealthsystems.com","2020-05-07 20:14:42","2020-05-05","2020-05-06","2021-05-05","754","Sssasss, Incorporated","whois.sssasss.com","http://www.sssasss.com","PERFECT PRIVACY, LLC","","5335 Gate Parkway","Jacksonville","FL","32256","United States","d4u6g27q0khk580i4g7f6lparu@domaindiscreet.com","+1.9027492701","","PERFECT PRIVACY, LLC","","5335 Gate Parkway","Jacksonville","FL","32256","United States","d4u6g27q0khk580i4g7f6lparu@domaindiscreet.com","+1.9027492701","","PERFECT PRIVACY, LLC","","5335 Gate Parkway","Jacksonville","FL","32256","United States","d4u6g27q0khk580i4g7f6lparu@domaindiscreet.com","+1.9027492701","","","","","","","","","","","","buy.internettraffic.com","sell.internettraffic.com","","","OK","","",""
"6","endzoneshop.com","2020-05-07 19:59:31","2020-05-05","2020-05-06","2021-05-05","754","Sssasss, Incorporated","whois.sssasss.com","http://www.sssasss.com","New Ventures Services, Corp","New Ventures Services, Corp","PO BOX 459 Drums","Drums","PA","18222","United States","admin@newvcorp.com","+1.8558971723","","New Ventures Services, Corp","New Ventures Services, Corp","PO BOX 459 Drums","Drums","PA","18222","United States","admin@newvcorp.com","+1.8558971723","","New Ventures Services, Corp","New Ventures Services, Corp","PO BOX 459 Drums","Drums","PA","18222","United States","admin@newvcorp.com","+1.8558971723","","","","","","","","","","","","ns1626.ztomy.com","ns2626.ztomy.com","","","OK","","",""
"7","enjoy-clash-royale.com","2020-05-07 20:14:30","2020-05-05","2020-05-06","2021-05-05","754","Sssasss, Incorporated","whois.sssasss.com","http://www.sssasss.com","New Ventures Services, Corp","New Ventures Services, Corp","PO BOX 459 Drums","Drums","PA","18222","United States","admin@newvcorp.com","+1.8558971723","","New Ventures Services, Corp","New Ventures Services, Corp","PO BOX 459 Drums","Drums","PA","18222","United States","admin@newvcorp.com","+1.8558971723","","New Ventures Services, Corp","New Ventures Services, Corp","PO BOX 459 Drums","Drums","PA","18222","United States","admin@newvcorp.com","+1.8558971723","","","","","","","","","","","","ns1626.ztomy.com","ns2626.ztomy.com","","","OK","","",""
"8","freelancer-central.com","2020-05-07 20:23:22","2020-05-05","2020-05-06","2021-05-05","754","Sssasss, Incorporated","whois.sssasss.com","http://www.sssasss.com","New Ventures Services, Corp","New Ventures Services, Corp","PO BOX 459 Drums","Drums","PA","18222","United States","admin@newvcorp.com","+1.8558971723","","New Ventures Services, Corp","New Ventures Services, Corp","PO BOX 459 Drums","Drums","PA","18222","United States","admin@newvcorp.com","+1.8558971723","","New Ventures Services, Corp","New Ventures Services, Corp","PO BOX 459 Drums","Drums","PA","18222","United States","admin@newvcorp.com","+1.8558971723","","","","","","","","","","","","ns1626.ztomy.com","ns2626.ztomy.com","","","OK","","",""
"9","groceryondoor.com","2020-05-07 19:31:08","2020-05-05","2020-05-06","2021-05-05","754","Sssasss, Incorporated","whois.sssasss.com","http://www.sssasss.com","New Ventures Services, Corp","New Ventures Services, Corp","PO BOX 459 Drums","Drums","PA","18222","United States","admin@newvcorp.com","+1.8558971723","","New Ventures Services, Corp","New Ventures Services, Corp","PO BOX 459 Drums","Drums","PA","18222","United States","admin@newvcorp.com","+1.8558971723","","New Ventures Services, Corp","New Ventures Services, Corp","PO BOX 459 Drums","Drums","PA","18222","United States","admin@newvcorp.com","+1.8558971723","","","","","","","","","","","","ns1626.ztomy.com","ns2626.ztomy.com","","","OK","","",""
"10","live-tech365.com","2020-05-07 20:30:18","2020-05-05","2020-05-06","2021-05-05","754","Sssasss, Incorporated","whois.sssasss.com","http://www.sssasss.com","New Ventures Services, Corp","New Ventures Services, Corp","PO BOX 459 Drums","Drums","PA","18222","United States","admin@newvcorp.com","+1.8558971723","","New Ventures Services, Corp","New Ventures Services, Corp","PO BOX 459 Drums","Drums","PA","18222","United States","admin@newvcorp.com","+1.8558971723","","New Ventures Services, Corp","New Ventures Services, Corp","PO BOX 459 Drums","Drums","PA","18222","United States","admin@newvcorp.com","+1.8558971723","","","","","","","","","","","","ns1626.ztomy.com","ns2626.ztomy.com","","","OK","","",""
"11","manifest-daily.com","2020-05-07 20:22:58","2020-05-05","2020-05-06","2021-05-05","754","Sssasss, Incorporated","whois.sssasss.com","http://www.sssasss.com","New Ventures Services, Corp","New Ventures Services, Corp","PO BOX 459 Drums","Drums","PA","18222","United States","admin@newvcorp.com","+1.8558971723","","New Ventures Services, Corp","New Ventures Services, Corp","PO BOX 459 Drums","Drums","PA","18222","United States","admin@newvcorp.com","+1.8558971723","","New Ventures Services, Corp","New Ventures Services, Corp","PO BOX 459 Drums","Drums","PA","18222","United States","admin@newvcorp.com","+1.8558971723","","","","","","","","","","","","ns1626.ztomy.com","ns2626.ztomy.com","","","OK","","",""
"12","mdsarmor.com","2020-05-07 20:29:59","2020-05-05","2020-05-06","2021-05-05","754","Sssasss, Incorporated","whois.sssasss.com","http://www.sssasss.com","New Ventures Services, Corp","New Ventures Services, Corp","PO BOX 459 Drums","Drums","PA","18222","United States","admin@newvcorp.com","+1.8558971723","","New Ventures Services, Corp","New Ventures Services, Corp","PO BOX 459 Drums","Drums","PA","18222","United States","admin@newvcorp.com","+1.8558971723","","New Ventures Services, Corp","New Ventures Services, Corp","PO BOX 459 Drums","Drums","PA","18222","United States","admin@newvcorp.com","+1.8558971723","","","","","","","","","","","","ns1626.ztomy.com","ns2626.ztomy.com","","","OK","","",""
"13","oddtoday.com","2020-05-07 19:32:32","2020-05-05","2020-05-06","2021-05-05","754","Sssasss, Incorporated","whois.sssasss.com","http://www.sssasss.com","New Ventures Services, Corp","New Ventures Services, Corp","PO BOX 459 Drums","Drums","PA","18222","United States","admin@newvcorp.com","+1.8558971723","","New Ventures Services, Corp","New Ventures Services, Corp","PO BOX 459 Drums","Drums","PA","18222","United States","admin@newvcorp.com","+1.8558971723","","New Ventures Services, Corp","New Ventures Services, Corp","PO BOX 459 Drums","Drums","PA","18222","United States","admin@newvcorp.com","+1.8558971723","","","","","","","","","","","","ns1626.ztomy.com","ns2626.ztomy.com","","","OK","","",""
"14","pal-surf.com","2020-05-07 20:09:02","2020-05-05","2020-05-06","2021-05-05","754","Sssasss, Incorporated","whois.sssasss.com","http://www.sssasss.com","New Ventures Services, Corp","New Ventures Services, Corp","PO BOX 459 Drums","Drums","PA","18222","United States","admin@newvcorp.com","+1.8558971723","","New Ventures Services, Corp","New Ventures Services, Corp","PO BOX 459 Drums","Drums","PA","18222","United States","admin@newvcorp.com","+1.8558971723","","New Ventures Services, Corp","New Ventures Services, Corp","PO BOX 459 Drums","Drums","PA","18222","United States","admin@newvcorp.com","+1.8558971723","","","","","","","","","","","","ns1626.ztomy.com","ns2626.ztomy.com","","","OK","","",""
"15","peak10publishing.com","2020-05-07 19:32:40","2020-05-05","2020-05-06","2021-05-05","754","Sssasss, Incorporated","whois.sssasss.com","http://www.sssasss.com","New Ventures Services, Corp","New Ventures Services, Corp","PO BOX 459 Drums","Drums","PA","18222","United States","admin@newvcorp.com","+1.8558971723","","New Ventures Services, Corp","New Ventures Services, Corp","PO BOX 459 Drums","Drums","PA","18222","United States","admin@newvcorp.com","+1.8558971723","","New Ventures Services, Corp","New Ventures Services, Corp","PO BOX 459 Drums","Drums","PA","18222","United States","admin@newvcorp.com","+1.8558971723","","","","","","","","","","","","ns1626.ztomy.com","ns2626.ztomy.com","","","OK","","",""
"16","profighterapparel.com","2020-05-07 20:03:17","2020-05-05","2020-05-06","2021-05-05","754","Sssasss, Incorporated","whois.sssasss.com","http://www.sssasss.com","New Ventures Services, Corp","New Ventures Services, Corp","PO BOX 459 Drums","Drums","PA","18222","United States","admin@newvcorp.com","+1.8558971723","","New Ventures Services, Corp","New Ventures Services, Corp","PO BOX 459 Drums","Drums","PA","18222","United States","admin@newvcorp.com","+1.8558971723","","New Ventures Services, Corp","New Ventures Services, Corp","PO BOX 459 Drums","Drums","PA","18222","United States","admin@newvcorp.com","+1.8558971723","","","","","","","","","","","","ns1626.ztomy.com","ns2626.ztomy.com","","","OK","","",""
"17","rockwooduk.com","2020-05-07 20:09:07","2020-05-05","2020-05-06","2021-05-05","754","Sssasss, Incorporated","whois.sssasss.com","http://www.sssasss.com","New Ventures Services, Corp","New Ventures Services, Corp","PO BOX 459 Drums","Drums","PA","18222","United States","admin@newvcorp.com","+1.8558971723","","New Ventures Services, Corp","New Ventures Services, Corp","PO BOX 459 Drums","Drums","PA","18222","United States","admin@newvcorp.com","+1.8558971723","","New Ventures Services, Corp","New Ventures Services, Corp","PO BOX 459 Drums","Drums","PA","18222","United States","admin@newvcorp.com","+1.8558971723","","","","","","","","","","","","ns1626.ztomy.com","ns2626.ztomy.com","","","OK","","",""
"18","sacredsellingsystem.com","2020-05-07 20:09:08","2020-05-05","2020-05-06","2021-05-05","754","Sssasss, Incorporated","whois.sssasss.com","http://www.sssasss.com","New Ventures Services, Corp","New Ventures Services, Corp","PO BOX 459 Drums","Drums","PA","18222","United States","admin@newvcorp.com","+1.8558971723","","New Ventures Services, Corp","New Ventures Services, Corp","PO BOX 459 Drums","Drums","PA","18222","United States","admin@newvcorp.com","+1.8558971723","","New Ventures Services, Corp","New Ventures Services, Corp","PO BOX 459 Drums","Drums","PA","18222","United States","admin@newvcorp.com","+1.8558971723","","","","","","","","","","","","ns1626.ztomy.com","ns2626.ztomy.com","","","OK","","",""
"19","softfussion.com","2020-05-07 20:08:59","2020-05-05","2020-05-06","2021-05-05","754","Sssasss, Incorporated","whois.sssasss.com","http://www.sssasss.com","New Ventures Services, Corp","New Ventures Services, Corp","PO BOX 459 Drums","Drums","PA","18222","United States","admin@newvcorp.com","+1.8558971723","","New Ventures Services, Corp","New Ventures Services, Corp","PO BOX 459 Drums","Drums","PA","18222","United States","admin@newvcorp.com","+1.8558971723","","New Ventures Services, Corp","New Ventures Services, Corp","PO BOX 459 Drums","Drums","PA","18222","United States","admin@newvcorp.com","+1.8558971723","","","","","","","","","","","","ns1626.ztomy.com","ns2626.ztomy.com","","","OK","","",""
"20","sweettoothbear.com","2020-05-07 20:19:39","2020-05-05","2020-05-06","2021-05-05","754","Sssasss, Incorporated","whois.sssasss.com","http://www.sssasss.com","New Ventures Services, Corp","New Ventures Services, Corp","PO BOX 459 Drums","Drums","PA","18222","United States","admin@newvcorp.com","+1.8558971723","","New Ventures Services, Corp","New Ventures Services, Corp","PO BOX 459 Drums","Drums","PA","18222","United States","admin@newvcorp.com","+1.8558971723","","New Ventures Services, Corp","New Ventures Services, Corp","PO BOX 459 Drums","Drums","PA","18222","United States","admin@newvcorp.com","+1.8558971723","","","","","","","","","","","","ns1626.ztomy.com","ns2626.ztomy.com","","","OK","","",""
"21","thesocialmonk.com","2020-05-07 19:33:23","2020-05-05","2020-05-06","2021-05-05","754","Sssasss, Incorporated","whois.sssasss.com","http://www.sssasss.com","New Ventures Services, Corp","New Ventures Services, Corp","PO BOX 459 Drums","Drums","PA","18222","United States","admin@newvcorp.com","+1.8558971723","","New Ventures Services, Corp","New Ventures Services, Corp","PO BOX 459 Drums","Drums","PA","18222","United States","admin@newvcorp.com","+1.8558971723","","New Ventures Services, Corp","New Ventures Services, Corp","PO BOX 459 Drums","Drums","PA","18222","United States","admin@newvcorp.com","+1.8558971723","","","","","","","","","","","","ns1626.ztomy.com","ns2626.ztomy.com","","","OK","","",""
"22","vetusmiles.com","2020-05-07 19:33:17","2020-05-05","2020-05-06","2021-05-05","754","Sssasss, Incorporated","whois.sssasss.com","http://www.sssasss.com","New Ventures Services, Corp","New Ventures Services, Corp","PO BOX 459 Drums","Drums","PA","18222","United States","admin@newvcorp.com","+1.8558971723","","New Ventures Services, Corp","New Ventures Services, Corp","PO BOX 459 Drums","Drums","PA","18222","United States","admin@newvcorp.com","+1.8558971723","","New Ventures Services, Corp","New Ventures Services, Corp","PO BOX 459 Drums","Drums","PA","18222","United States","admin@newvcorp.com","+1.8558971723","","","","","","","","","","","","ns1626.ztomy.com","ns2626.ztomy.com","","","OK","","",""
"23","workingtradesmen.com","2020-05-07 20:08:51","2020-05-05","2020-05-06","2021-05-05","754","Sssasss, Incorporated","whois.sssasss.com","http://www.sssasss.com","New Ventures Services, Corp","New Ventures Services, Corp","PO BOX 459 Drums","Drums","PA","18222","United States","admin@newvcorp.com","+1.8558971723","","New Ventures Services, Corp","New Ventures Services, Corp","PO BOX 459 Drums","Drums","PA","18222","United States","admin@newvcorp.com","+1.8558971723","","New Ventures Services, Corp","New Ventures Services, Corp","PO BOX 459 Drums","Drums","PA","18222","United States","admin@newvcorp.com","+1.8558971723","","","","","","","","","","","","ns1626.ztomy.com","ns2626.ztomy.com","","","OK","","",""
"24","zestexcitingfood.com","2020-05-07 20:05:01","2020-05-05","2020-05-06","2021-05-05","754","Sssasss, Incorporated","whois.sssasss.com","http://www.sssasss.com","New Ventures Services, Corp","New Ventures Services, Corp","PO BOX 459 Drums","Drums","PA","18222","United States","admin@newvcorp.com","+1.8558971723","","New Ventures Services, Corp","New Ventures Services, Corp","PO BOX 459 Drums","Drums","PA","18222","United States","admin@newvcorp.com","+1.8558971723","","New Ventures Services, Corp","New Ventures Services, Corp","PO BOX 459 Drums","Drums","PA","18222","United States","admin@newvcorp.com","+1.8558971723","","","","","","","","","","","","ns1626.ztomy.com","ns2626.ztomy.com","","","OK","","",""