"num","domain_name","query_time","create_date","update_date","expiry_date","domain_registrar_id","domain_registrar_name","domain_registrar_whois","domain_registrar_url","registrant_name","registrant_company","registrant_address","registrant_city","registrant_state","registrant_zip","registrant_country","registrant_email","registrant_phone","registrant_fax","administrative_name","administrative_company","administrative_address","administrative_city","administrative_state","administrative_zip","administrative_country","administrative_email","administrative_phone","administrative_fax","technical_name","technical_company","technical_address","technical_city","technical_state","technical_zip","technical_country","technical_email","technical_phone","technical_fax","billing_name","billing_company","billing_address","billing_city","billing_state","billing_zip","billing_country","billing_email","billing_phone","billing_fax","name_server_1","name_server_2","name_server_3","name_server_4","domain_status_1","domain_status_2","domain_status_3","domain_status_4"
"1","1918wines.com","2020-05-07 20:40:18","2020-05-05","2020-05-05","2021-05-05","123","The Registry at Info Avenue, LLC d/b/a Spirit Communications","whois.iaregistry.com","http://www.spiritdomains.com","NESTOR MANRIQUEZ","AGROVERDI WINES","AV. AMERICO VESPUCIO 2880 OF 302","SANTIAGO","Region Metropolitanade Santiago","8320000","Chile","nestor.manriquez@agroverdi.cl","+56.226244811","","NESTOR MANRIQUEZ","AGROVERDI WINES","AV. AMERICO VESPUCIO 2880 OF 302","SANTIAGO","Region Metropolitanade Santiago","8320000","Chile","nestor.manriquez@agroverdi.cl","+56.226244811","","NESTOR MANRIQUEZ","AGROVERDI WINES","AV. AMERICO VESPUCIO 2880 OF 302","SANTIAGO","Region Metropolitanade Santiago","8320000","Chile","nestor.manriquez@agroverdi.cl","+56.226244811","","","","","","","","","","","","dns1.spiritdomains.com","dns2.spiritdomains.com","dns3.spiritdomains.com","dns4.spiritdomains.com","clientTransferProhibited","","",""
"2","8bitwonder.com","2020-05-07 20:56:18","2020-05-06","2020-05-06","2021-05-06","123","The Registry at Info Avenue, LLC d/b/a Spirit Communications","whois.iaregistry.com","http://www.spiritdomains.com","Joshua Shiflet","","960 N Tustin St #202","Orange","California","92867","United States","rockotiger@gmail.com","+1.3102200321","","Joshua Shiflet","","960 N Tustin St #202","Orange","California","92867","United States","rockotiger@gmail.com","+1.3102200321","","Joshua Shiflet","","960 N Tustin St #202","Orange","California","92867","United States","rockotiger@gmail.com","+1.3102200321","","","","","","","","","","","","dns1.spiritdomains.com","dns2.spiritdomains.com","dns3.spiritdomains.com","dns4.spiritdomains.com","clientTransferProhibited","","",""
"3","cheferos.net","2020-05-07 23:19:24","2020-05-06","2020-05-06","2021-05-06","123","The Registry at Info Avenue, LLC d/b/a Spirit Communications","whois.iaregistry.com","http://www.spiritdomains.com","Dayo Adekanmbi","Dilouette RepubliQ","Port harcourt lagos","Lagos","Lagos state","234011","Nigeria","iamdilouette@gmail.com","+234.08030988470","","Dayo Adekanmbi","Dilouette RepubliQ","Port harcourt lagos","Lagos","Lagos state","234011","Nigeria","iamdilouette@gmail.com","+234.08030988470","","Dayo Adekanmbi","Dilouette RepubliQ","Port harcourt lagos","Lagos","Lagos state","234011","Nigeria","iamdilouette@gmail.com","+234.08030988470","","","","","","","","","","","","ns1.syskay.com","ns2.syskay.com","","","clientTransferProhibited","","",""
"4","choosingreallove.com","2020-05-07 21:01:10","2020-05-06","2020-05-06","2021-05-06","123","The Registry at Info Avenue, LLC d/b/a Spirit Communications","whois.iaregistry.com","http://www.spiritdomains.com","Domain Admin","Privacy Protect, LLC (PrivacyProtect.org)","10 Corporate Drive","Burlington","MA","01803","United States","contact@privacyprotect.org","+1.8022274003","","Domain Admin","Privacy Protect, LLC (PrivacyProtect.org)","10 Corporate Drive","Burlington","MA","01803","United States","contact@privacyprotect.org","+1.8022274003","","Domain Admin","Privacy Protect, LLC (PrivacyProtect.org)","10 Corporate Drive","Burlington","MA","01803","United States","contact@privacyprotect.org","+1.8022274003","","","","","","","","","","","","ns6391.hostgator.com","ns6392.hostgator.com","","","clientTransferProhibited","","",""
"5","choosingreallove.net","2020-05-07 23:19:22","2020-05-06","2020-05-06","2021-05-06","123","The Registry at Info Avenue, LLC d/b/a Spirit Communications","whois.iaregistry.com","http://www.spiritdomains.com","Domain Admin","Privacy Protect, LLC (PrivacyProtect.org)","10 Corporate Drive","Burlington","MA","01803","United States","contact@privacyprotect.org","+1.8022274003","","Domain Admin","Privacy Protect, LLC (PrivacyProtect.org)","10 Corporate Drive","Burlington","MA","01803","United States","contact@privacyprotect.org","+1.8022274003","","Domain Admin","Privacy Protect, LLC (PrivacyProtect.org)","10 Corporate Drive","Burlington","MA","01803","United States","contact@privacyprotect.org","+1.8022274003","","","","","","","","","","","","ns6391.hostgator.com","ns6392.hostgator.com","","","clientTransferProhibited","","",""
"6","gtbs2020.com","2020-05-07 20:55:20","2020-05-05","2020-05-05","2021-05-05","123","The Registry at Info Avenue, LLC d/b/a Spirit Communications","whois.iaregistry.com","http://www.spiritdomains.com","Farmers Telephone Coop","FTC","108 W Main St","Kingstree","South Carolina","29556","United States","needhelp@ftc-i.net","+1.8034695301","","Farmers Telephone Coop","FTC","108 W Main St","Kingstree","South Carolina","29556","United States","needhelp@ftc-i.net","+1.8034695301","","Farmers Telephone Coop","FTC","108 W Main St","Kingstree","South Carolina","29556","United States","needhelp@ftc-i.net","+1.8034695301","","","","","","","","","","","","ns1.ftc-i.net","ns2.ftc-i.net","","","clientTransferProhibited","","",""
"7","hba-holding.com","2020-05-07 20:50:14","2020-05-05","2020-05-05","2021-05-05","123","The Registry at Info Avenue, LLC d/b/a Spirit Communications","whois.iaregistry.com","http://www.spiritdomains.com","GDPR Masked","GDPR Masked","GDPR Masked","GDPR Masked","Zug(de)","GDPR Masked","Switzerland","gdpr-masking@gdpr-masked.com","GDPR Masked","GDPR Masked","GDPR Masked","GDPR Masked","GDPR Masked","GDPR Masked","GDPR Masked","GDPR Masked","GDPR Masked","gdpr-masking@gdpr-masked.com","GDPR Masked","GDPR Masked","GDPR Masked","GDPR Masked","GDPR Masked","GDPR Masked","GDPR Masked","GDPR Masked","GDPR Masked","gdpr-masking@gdpr-masked.com","GDPR Masked","GDPR Masked","","","","","","","","","","","dns1.spiritdomains.com","dns2.spiritdomains.com","dns3.spiritdomains.com","dns4.spiritdomains.com","clientTransferProhibited","","",""
"8","joshshiflet.com","2020-05-07 19:22:35","2020-05-06","2020-05-06","2021-05-06","123","The Registry at Info Avenue, LLC d/b/a Spirit Communications","whois.iaregistry.com","http://www.spiritdomains.com","Joshua Shiflet","","960 N Tustin St #202","Orange","California","92867","United States","rockotiger@gmail.com","+1.3102200321","","Joshua Shiflet","","960 N Tustin St #202","Orange","California","92867","United States","rockotiger@gmail.com","+1.3102200321","","Joshua Shiflet","","960 N Tustin St #202","Orange","California","92867","United States","rockotiger@gmail.com","+1.3102200321","","","","","","","","","","","","dns1.spiritdomains.com","dns2.spiritdomains.com","dns3.spiritdomains.com","dns4.spiritdomains.com","clientTransferProhibited","","",""
"9","joshuashiflet.com","2020-05-07 20:56:34","2020-05-06","2020-05-06","2021-05-06","123","The Registry at Info Avenue, LLC d/b/a Spirit Communications","whois.iaregistry.com","http://www.spiritdomains.com","Joshua Shiflet","","960 N Tustin St #202","Orange","California","92867","United States","rockotiger@gmail.com","+1.3102200321","","Joshua Shiflet","","960 N Tustin St #202","Orange","California","92867","United States","rockotiger@gmail.com","+1.3102200321","","Joshua Shiflet","","960 N Tustin St #202","Orange","California","92867","United States","rockotiger@gmail.com","+1.3102200321","","","","","","","","","","","","dns1.spiritdomains.com","dns2.spiritdomains.com","dns3.spiritdomains.com","dns4.spiritdomains.com","clientTransferProhibited","","",""
"10","ketoanthuehoanggia.com","2020-05-07 19:10:05","2020-05-06","2020-05-06","2021-05-06","123","The Registry at Info Avenue, LLC d/b/a Spirit Communications","whois.iaregistry.com","http://www.spiritdomains.com","Hoang Giang","Ke Toan Hoang Gia Co., Ltd","Thuan An","Binh Duong","Binh Duong","710000","Vietnam","hoanggiangcfo.pro@gmail.com","+84.903661255","","Hoang Giang","Ke Toan Hoang Gia Co., Ltd","Thuan An","Binh Duong","Binh Duong","710000","Vietnam","hoanggiangcfo.pro@gmail.com","+84.903661255","","Hoang Giang","Ke Toan Hoang Gia Co., Ltd","Thuan An","Binh Duong","Binh Duong","710000","Vietnam","hoanggiangcfo.pro@gmail.com","+84.903661255","","","","","","","","","","","","ns1.vinadc.net","ns2.vinadc.net","ns3.vinadc.net","ns4.vinadc.net","clientTransferProhibited","","",""
"11","orangeretro.com","2020-05-07 21:01:14","2020-05-06","2020-05-06","2021-05-06","123","The Registry at Info Avenue, LLC d/b/a Spirit Communications","whois.iaregistry.com","http://www.spiritdomains.com","Joshua Shiflet","","960 N Tustin St #202","Orange","California","92867","United States","rockotiger@gmail.com","+1.3102200321","","Joshua Shiflet","","960 N Tustin St #202","Orange","California","92867","United States","rockotiger@gmail.com","+1.3102200321","","Joshua Shiflet","","960 N Tustin St #202","Orange","California","92867","United States","rockotiger@gmail.com","+1.3102200321","","","","","","","","","","","","dns1.spiritdomains.com","dns2.spiritdomains.com","dns3.spiritdomains.com","dns4.spiritdomains.com","clientTransferProhibited","","",""
"12","orangeretro.net","2020-05-07 23:12:18","2020-05-06","2020-05-06","2021-05-06","123","The Registry at Info Avenue, LLC d/b/a Spirit Communications","whois.iaregistry.com","http://www.spiritdomains.com","Joshua Shiflet","","960 N Tustin St #202","Orange","California","92867","United States","rockotiger@gmail.com","+1.3102200321","","Joshua Shiflet","","960 N Tustin St #202","Orange","California","92867","United States","rockotiger@gmail.com","+1.3102200321","","Joshua Shiflet","","960 N Tustin St #202","Orange","California","92867","United States","rockotiger@gmail.com","+1.3102200321","","","","","","","","","","","","dns1.spiritdomains.com","dns2.spiritdomains.com","dns3.spiritdomains.com","dns4.spiritdomains.com","clientTransferProhibited","","",""
"13","procentias.com","2020-05-07 20:49:38","2020-05-05","2020-05-05","2021-05-05","123","The Registry at Info Avenue, LLC d/b/a Spirit Communications","whois.iaregistry.com","http://www.spiritdomains.com","GDPR Masked","GDPR Masked","GDPR Masked","GDPR Masked","UK","GDPR Masked","United Kingdom","gdpr-masking@gdpr-masked.com","GDPR Masked","GDPR Masked","GDPR Masked","GDPR Masked","GDPR Masked","GDPR Masked","GDPR Masked","GDPR Masked","GDPR Masked","gdpr-masking@gdpr-masked.com","GDPR Masked","GDPR Masked","GDPR Masked","GDPR Masked","GDPR Masked","GDPR Masked","GDPR Masked","GDPR Masked","GDPR Masked","gdpr-masking@gdpr-masked.com","GDPR Masked","GDPR Masked","","","","","","","","","","","dns1.spiritdomains.com","dns2.spiritdomains.com","dns3.spiritdomains.com","dns4.spiritdomains.com","clientTransferProhibited","","",""
"14","wadesmotorsports.com","2020-05-07 20:56:31","2020-05-06","2020-05-06","2021-05-06","123","The Registry at Info Avenue, LLC d/b/a Spirit Communications","whois.iaregistry.com","http://www.spiritdomains.com","Will Wade","Wade Motor Sports","808 N Main St.","Clover","South Carolina","29710","United States","wadesmotorsports17@gmail.com","+1.8036162815","","Terence Kendrick","ATierOne","570 Woodberry Rd.","Rock Hill","","29732","United States","tkendrickmail@yahoo.com","+1.8033249717","+1.8033665242","Terence Kendrick","ATierOne","570 Woodberry Rd.","Rock Hill","","29732","United States","tkendrickmail@yahoo.com","+1.8033249717","+1.8033665242","","","","","","","","","","","ns1.atierone.org","ns2.atierone.org","","","clientTransferProhibited","","",""
"15","zoomminar.com","2020-05-07 21:36:12","2020-05-06","2020-05-06","2021-05-06","123","The Registry at Info Avenue, LLC d/b/a Spirit Communications","whois.iaregistry.com","http://www.spiritdomains.com","Jayne Obioma  Onwumere","","House J49 Close 6 Off Road 3 Vgc","Ikota","Lagos","234001","Nigeria","jayneonwumere@gmail.com","+234.09099999842","","Jayne Obioma  Onwumere","","House J49 Close 6 Off Road 3 Vgc","Ikota","Lagos","234001","Nigeria","jayneonwumere@gmail.com","+234.09099999842","","Jayne Obioma  Onwumere","","House J49 Close 6 Off Road 3 Vgc","Ikota","Lagos","234001","Nigeria","jayneonwumere@gmail.com","+234.09099999842","","","","","","","","","","","","ns3.utiware.net","ns5.utiware.net","","","clientTransferProhibited","","",""
"16","zoomminars.com","2020-05-07 19:08:48","2020-05-06","2020-05-06","2021-05-06","123","The Registry at Info Avenue, LLC d/b/a Spirit Communications","whois.iaregistry.com","http://www.spiritdomains.com","Jayne Obioma  Onwumere","","House J49 Close 6 Off Road 3 Vgc","Ikota","Lagos","234001","Nigeria","jayneonwumere@gmail.com","+234.09099999842","","Jayne Obioma  Onwumere","","House J49 Close 6 Off Road 3 Vgc","Ikota","Lagos","234001","Nigeria","jayneonwumere@gmail.com","+234.09099999842","","Jayne Obioma  Onwumere","","House J49 Close 6 Off Road 3 Vgc","Ikota","Lagos","234001","Nigeria","jayneonwumere@gmail.com","+234.09099999842","","","","","","","","","","","","ns3.utiware.net","ns5.utiware.net","","","clientTransferProhibited","","",""