"num","domain_name","query_time","create_date","update_date","expiry_date","domain_registrar_id","domain_registrar_name","domain_registrar_whois","domain_registrar_url","registrant_name","registrant_company","registrant_address","registrant_city","registrant_state","registrant_zip","registrant_country","registrant_email","registrant_phone","registrant_fax","administrative_name","administrative_company","administrative_address","administrative_city","administrative_state","administrative_zip","administrative_country","administrative_email","administrative_phone","administrative_fax","technical_name","technical_company","technical_address","technical_city","technical_state","technical_zip","technical_country","technical_email","technical_phone","technical_fax","billing_name","billing_company","billing_address","billing_city","billing_state","billing_zip","billing_country","billing_email","billing_phone","billing_fax","name_server_1","name_server_2","name_server_3","name_server_4","domain_status_1","domain_status_2","domain_status_3","domain_status_4"
"1","gurusblogger.com","2020-05-07 20:11:18","2020-05-05","2020-05-05","2021-05-05","2892","Top Level Domains LLC","whois.topleveldomainsllc.com","http://www.tlh.ro","PERFECT PRIVACY, LLC","","5335 Gate Parkway","Jacksonville","FL","32256","United States","1k4lndmrhmhqlbcgc72q57lf2a@domaindiscreet.com","+1.9027492701","","PERFECT PRIVACY, LLC","","5335 Gate Parkway","Jacksonville","FL","32256","United States","1k4lndmrhmhqlbcgc72q57lf2a@domaindiscreet.com","+1.9027492701","","PERFECT PRIVACY, LLC","","5335 Gate Parkway","Jacksonville","FL","32256","United States","1k4lndmrhmhqlbcgc72q57lf2a@domaindiscreet.com","+1.9027492701","","","","","","","","","","","","ns15.above.com","ns16.above.com","","","OK","","",""
"2","hnsedu.com","2020-05-07 20:08:36","2020-05-05","2020-05-06","2021-05-05","2892","Top Level Domains LLC","whois.topleveldomainsllc.com","http://www.tlh.ro","zhi bo tan","tan zhi bo","pan shi shi, dong ning jie dao, tai an wei, ba zu","ji lin shi","ji lin","132300","China","youcai668@gmail.com","+86.15243273919","+86.15243273919","zhi bo tan","tan zhi bo","pan shi shi, dong ning jie dao, tai an wei, ba zu","ji lin shi","ji lin","132300","China","youcai668@gmail.com","+86.15243273919","+86.15243273919","zhi bo tan","tan zhi bo","pan shi shi, dong ning jie dao, tai an wei, ba zu","ji lin shi","ji lin","132300","China","youcai668@gmail.com","+86.15243273919","+86.15243273919","","","","","","","","","","","jm1.dns.com","jm2.dns.com","","","OK","","",""
"3","musikhof.net","2020-05-07 23:13:19","2020-05-05","2020-05-05","2021-05-05","2892","Top Level Domains LLC","whois.topleveldomainsllc.com","http://www.tlh.ro","PERFECT PRIVACY, LLC","","5335 Gate Parkway","Jacksonville","FL","32256","United States","4gi8meg8pigfeb745g2m31olfp@domaindiscreet.com","+1.9027492701","","PERFECT PRIVACY, LLC","","5335 Gate Parkway","Jacksonville","FL","32256","United States","4gi8meg8pigfeb745g2m31olfp@domaindiscreet.com","+1.9027492701","","PERFECT PRIVACY, LLC","","5335 Gate Parkway","Jacksonville","FL","32256","United States","4gi8meg8pigfeb745g2m31olfp@domaindiscreet.com","+1.9027492701","","","","","","","","","","","","parkdns1.internetvikings.com","parkdns2.internetvikings.com","","","OK","","",""
"4","qdqijiwu.com","2020-05-07 20:24:14","2020-05-05","2020-05-06","2021-05-05","2892","Top Level Domains LLC","whois.topleveldomainsllc.com","http://www.tlh.ro","guang nian chen","chen guang nian","dong cheng qu, jiu xian zhen, gu cheng lu, 14 hao","bei jing shi","bei jing","100000","China","lzmarco0511@gmail.com","+86.18511551155","+86.18511551155","guang nian chen","chen guang nian","dong cheng qu, jiu xian zhen, gu cheng lu, 14 hao","bei jing shi","bei jing","100000","China","lzmarco0511@gmail.com","+86.18511551155","+86.18511551155","guang nian chen","chen guang nian","dong cheng qu, jiu xian zhen, gu cheng lu, 14 hao","bei jing shi","bei jing","100000","China","lzmarco0511@gmail.com","+86.18511551155","+86.18511551155","","","","","","","","","","","jm1.dns.com","jm2.dns.com","","","OK","","",""
"5","twtuan.net","2020-05-07 19:02:49","2020-05-05","2020-05-05","2021-05-05","2892","Top Level Domains LLC","whois.topleveldomainsllc.com","http://www.tlh.ro","PERFECT PRIVACY, LLC","","5335 Gate Parkway","Jacksonville","FL","32256","United States","1k4lndmrhmhqlbcgc72q57lf2a@domaindiscreet.com","+1.9027492701","","PERFECT PRIVACY, LLC","","5335 Gate Parkway","Jacksonville","FL","32256","United States","1k4lndmrhmhqlbcgc72q57lf2a@domaindiscreet.com","+1.9027492701","","PERFECT PRIVACY, LLC","","5335 Gate Parkway","Jacksonville","FL","32256","United States","1k4lndmrhmhqlbcgc72q57lf2a@domaindiscreet.com","+1.9027492701","","","","","","","","","","","","ns15.above.com","ns16.above.com","","","OK","","",""