"num","domain_name","query_time","create_date","update_date","expiry_date","domain_registrar_id","domain_registrar_name","domain_registrar_whois","domain_registrar_url","registrant_name","registrant_company","registrant_address","registrant_city","registrant_state","registrant_zip","registrant_country","registrant_email","registrant_phone","registrant_fax","administrative_name","administrative_company","administrative_address","administrative_city","administrative_state","administrative_zip","administrative_country","administrative_email","administrative_phone","administrative_fax","technical_name","technical_company","technical_address","technical_city","technical_state","technical_zip","technical_country","technical_email","technical_phone","technical_fax","billing_name","billing_company","billing_address","billing_city","billing_state","billing_zip","billing_country","billing_email","billing_phone","billing_fax","name_server_1","name_server_2","name_server_3","name_server_4","domain_status_1","domain_status_2","domain_status_3","domain_status_4"
"1","558.mobi","2020-05-07 18:59:49","2020-05-05","2020-05-06","2021-05-05","1366","Xiamen ChinaSource Internet Service Co., Ltd.","whois.cnolnic.com","http://www.zzy.cn","???","???","","","??","","China","","","","","","","","","","","","","","","","","","","","","","","","","","","","","","","","","","ns1.cnolnic.net","ns2.cnolnic.net","","","addPeriod","clientTransferProhibited","serverTransferProhibited",""
"2","activity.world","2020-05-07 19:04:58","2020-05-03","2020-05-05","2021-05-03","1366","Xiamen ChinaSource Internet Service Co., Ltd.","whois.cnolnic.com","http://www.zzy.cn","REDACTED FOR PRIVACY","Wangxiaoqin","REDACTED FOR PRIVACY","REDACTED FOR PRIVACY","Jiangsu","REDACTED FOR PRIVACY","China","","REDACTED FOR PRIVACY","REDACTED FOR PRIVACY","","","","","","","","","","","","","","","","","","","","","","","","","","","","","","","","","","","addPeriod","clientTransferProhibited","",""
"3","alley.info","2020-05-07 23:25:47","2020-05-03","2020-05-06","2021-05-03","1366","Xiamen ChinaSource Internet Service Co., Ltd.","whois.cnolnic.com","http://www.zzy.cn","???","???","","","??","","China","","","","","","","","","","","","","","","","","","","","","","","","","","","","","","","","","","ns1.cnolnic.net","ns2.cnolnic.net","","","addPeriod","clientTransferProhibited","serverTransferProhibited",""
"4","bidet.world","2020-05-07 02:28:22","2020-05-02","2020-05-04","2021-05-02","1366","Xiamen ChinaSource Internet Service Co., Ltd.","whois.cnolnic.com","http://www.zzy.cn","REDACTED FOR PRIVACY","Wangxiaoqin","REDACTED FOR PRIVACY","REDACTED FOR PRIVACY","Jiangsu","REDACTED FOR PRIVACY","China","","REDACTED FOR PRIVACY","REDACTED FOR PRIVACY","","","","","","","","","","","","","","","","","","","","","","","","","","","","","","","","","","","addPeriod","clientTransferProhibited","",""
"5","buddy.zone","2020-05-07 21:46:43","2020-05-02","2020-05-07","2021-05-02","1366","Xiamen ChinaSource Internet Service Co., Ltd.","whois.cnolnic.com","http://www.zzy.cn","REDACTED FOR PRIVACY","Wangxiaoqin","REDACTED FOR PRIVACY","REDACTED FOR PRIVACY","Jiangsu","REDACTED FOR PRIVACY","China","","REDACTED FOR PRIVACY","REDACTED FOR PRIVACY","","","","","","","","","","","","","","","","","","","","","","","","","","","","","","","","","","","clientTransferProhibited","","",""
"6","ccifamc.ltd","2020-05-07 23:20:58","2020-05-02","2020-05-07","2021-05-02","1366","Xiamen ChinaSource Internet Service Co., Ltd.","whois.cnolnic.com","http://www.zzy.cn","REDACTED FOR PRIVACY","Litao","REDACTED FOR PRIVACY","REDACTED FOR PRIVACY","Others","REDACTED FOR PRIVACY","China","","REDACTED FOR PRIVACY","REDACTED FOR PRIVACY","","","","","","","","","","","","","","","","","","","","","","","","","","","","","","","","","","","clientTransferProhibited","","",""
"7","contract.today","2020-05-07 22:24:01","2020-05-02","2020-05-07","2021-05-02","1366","Xiamen ChinaSource Internet Service Co., Ltd.","whois.cnolnic.com","http://www.zzy.cn","REDACTED FOR PRIVACY","Wangxiaoqin","REDACTED FOR PRIVACY","REDACTED FOR PRIVACY","Jiangsu","REDACTED FOR PRIVACY","China","","REDACTED FOR PRIVACY","REDACTED FOR PRIVACY","","","","","","","","","","","","","","","","","","","","","","","","","","","","","","","","","","","clientTransferProhibited","","",""
"8","convenient.life","2020-05-07 06:06:37","2020-05-05","2020-05-05","2021-05-05","1366","Xiamen ChinaSource Internet Service Co., Ltd.","whois.cnolnic.com","http://www.zzy.cn","REDACTED FOR PRIVACY","Caofeng","REDACTED FOR PRIVACY","REDACTED FOR PRIVACY","Others","REDACTED FOR PRIVACY","China","","REDACTED FOR PRIVACY","REDACTED FOR PRIVACY","","","","","","","","","","","","","","","","","","","","","","","","","","","","","","","","","","","addPeriod","clientTransferProhibited","",""
"9","dadaguo.mobi","2020-05-07 05:54:14","2020-05-02","2020-05-05","2021-05-02","1366","Xiamen ChinaSource Internet Service Co., Ltd.","whois.cnolnic.com","http://www.zzy.cn","??","??","","","??","","China","","","","","","","","","","","","","","","","","","","","","","","","","","","","","","","","","","ns1.cnolnic.net","ns2.cnolnic.net","","","addPeriod","clientTransferProhibited","serverTransferProhibited",""
"10","diannaoweixiu.wang","2020-05-07 19:05:54","2020-05-05","2020-05-06","2021-05-05","1366","Xiamen ChinaSource Internet Service Co., Ltd.","whois.cnolnic.com","http://www.zzy.cn","??","??","???????????????194?","??","??","432012","China","88418782@qq.com","+86.075487734685","+86.075487734685","??","??","???????????????194?","??","??","432012","China","88418782@qq.com","+86.075487734685","+86.075487734685","??","??","???????????????194?","??","??","432012","China","88418782@qq.com","+86.075487734685","+86.075487734685","","","","","","","","","","","f1g1ns1.dnspod.net","f1g1ns2.dnspod.net","","","addPeriod","clientTransferProhibited","",""
"11","elan.pro","2020-05-07 03:16:10","2020-05-04","2020-05-05","2021-05-04","1366","Xiamen ChinaSource Internet Service Co., Ltd.","whois.cnolnic.com","http://www.zzy.cn","???","???","","","??","","China","","","","","","","","","","","","","","","","","","","","","","","","","","","","","","","","","","ns1.cnolnic.net","ns2.cnolnic.net","","","addPeriod","clientTransferProhibited","serverTransferProhibited",""
"12","event.gold","2020-05-07 06:21:52","2020-05-02","2020-05-05","2021-05-02","1366","Xiamen ChinaSource Internet Service Co., Ltd.","whois.cnolnic.com","http://www.zzy.cn","REDACTED FOR PRIVACY","Wangxiaoqin","REDACTED FOR PRIVACY","REDACTED FOR PRIVACY","Jiangsu","REDACTED FOR PRIVACY","China","","REDACTED FOR PRIVACY","REDACTED FOR PRIVACY","","","","","","","","","","","","","","","","","","","","","","","","","","","","","","","","","","","addPeriod","clientTransferProhibited","",""
"13","forth.info","2020-05-07 23:26:49","2020-05-03","2020-05-06","2021-05-03","1366","Xiamen ChinaSource Internet Service Co., Ltd.","whois.cnolnic.com","http://www.zzy.cn","???","???","","","??","","China","","","","","","","","","","","","","","","","","","","","","","","","","","","","","","","","","","ns1.cnolnic.net","ns2.cnolnic.net","","","addPeriod","clientTransferProhibited","serverTransferProhibited",""
"14","hjkj.wang","2020-05-07 19:05:55","2020-05-01","2020-05-05","2021-05-01","1366","Xiamen ChinaSource Internet Service Co., Ltd.","whois.cnolnic.com","http://www.zzy.cn","??","??","???????7?","??","??","266000","China","635501991@qq.com","+86.53287613813","+86.53287613813","??","??","???????7?","??","??","266000","China","635501991@qq.com","+86.53287613813","+86.53287613813","??","??","???????7?","??","??","266000","China","635501991@qq.com","+86.53287613813","+86.53287613813","","","","","","","","","","","ns1.cnolnic.net","ns2.cnolnic.net","","","clientTransferProhibited","","",""
"15","jzyy2019.club","2020-05-07 06:32:47","2020-05-03","2020-05-05","2021-05-03","1366","Xiamen ChinaSource Internet Service Co., Ltd.","whois.cnolnic.com","http://www.zzy.cn","Fengbingxian","Fengbingxian","","","Jiangmen","","China","","","","","","","","","","","","","","","","","","","","","","","","","","","","","","","","","","ns1.cnolnic.net","ns2.cnolnic.net","","","addPeriod","clientTransferProhibited","",""
"16","kart.center","2020-05-07 18:58:54","2020-05-03","2020-05-06","2021-05-03","1366","Xiamen ChinaSource Internet Service Co., Ltd.","whois.cnolnic.com","http://www.zzy.cn","REDACTED FOR PRIVACY","Wangxiaoqin","REDACTED FOR PRIVACY","REDACTED FOR PRIVACY","Jiangsu","REDACTED FOR PRIVACY","China","","REDACTED FOR PRIVACY","REDACTED FOR PRIVACY","","","","","","","","","","","","","","","","","","","","","","","","","","","","","","","","","","","addPeriod","clientTransferProhibited","",""
"17","land-mark.club","2020-05-07 06:32:45","2020-05-03","2020-05-05","2021-05-03","1366","Xiamen ChinaSource Internet Service Co., Ltd.","whois.cnolnic.com","http://www.zzy.cn","Litao","Litao","","","Others","","China","","","","","","","","","","","","","","","","","","","","","","","","","","","","","","","","","","ns1.cnolnic.net","ns2.cnolnic.net","","","addPeriod","clientTransferProhibited","",""
"18","landscape.today","2020-05-07 22:20:54","2020-05-05","2020-05-05","2021-05-05","1366","Xiamen ChinaSource Internet Service Co., Ltd.","whois.cnolnic.com","http://www.zzy.cn","REDACTED FOR PRIVACY","Wangxiaoqin","REDACTED FOR PRIVACY","REDACTED FOR PRIVACY","Jiangsu","REDACTED FOR PRIVACY","China","","REDACTED FOR PRIVACY","REDACTED FOR PRIVACY","","","","","","","","","","","","","","","","","","","","","","","","","","","","","","","","","","","addPeriod","clientTransferProhibited","",""
"19","luminary.world","2020-05-07 02:28:20","2020-05-01","2020-05-06","2021-05-01","1366","Xiamen ChinaSource Internet Service Co., Ltd.","whois.cnolnic.com","http://www.zzy.cn","REDACTED FOR PRIVACY","Caofeng","REDACTED FOR PRIVACY","REDACTED FOR PRIVACY","Others","REDACTED FOR PRIVACY","China","","REDACTED FOR PRIVACY","REDACTED FOR PRIVACY","","","","","","","","","","","","","","","","","","","","","","","","","","","","","","","","","","","clientTransferProhibited","","",""
"20","lwpblog.club","2020-05-07 06:32:45","2020-05-02","2020-05-07","2021-05-02","1366","Xiamen ChinaSource Internet Service Co., Ltd.","whois.cnolnic.com","http://www.zzy.cn","Litao","Litao","","","Others","","China","","","","","","","","","","","","","","","","","","","","","","","","","","","","","","","","","","ns1.cnolnic.net","ns2.cnolnic.net","","","clientTransferProhibited","","",""
"21","mambo.world","2020-05-07 19:04:57","2020-05-03","2020-05-05","2021-05-03","1366","Xiamen ChinaSource Internet Service Co., Ltd.","whois.cnolnic.com","http://www.zzy.cn","REDACTED FOR PRIVACY","Wangxiaoqin","REDACTED FOR PRIVACY","REDACTED FOR PRIVACY","Jiangsu","REDACTED FOR PRIVACY","China","","REDACTED FOR PRIVACY","REDACTED FOR PRIVACY","","","","","","","","","","","","","","","","","","","","","","","","","","","","","","","","","","","addPeriod","clientTransferProhibited","",""
"22","mefat.club","2020-05-07 06:32:43","2020-05-02","2020-05-07","2021-05-02","1366","Xiamen ChinaSource Internet Service Co., Ltd.","whois.cnolnic.com","http://www.zzy.cn","Liuyongbi","Liuyongbi","","","Zhongqing","","China","","","","","","","","","","","","","","","","","","","","","","","","","","","","","","","","","","ns1.alidns.com","ns2.alidns.com","","","clientTransferProhibited","","",""
"23","much.world","2020-05-07 02:28:20","2020-05-04","2020-05-04","2021-05-04","1366","Xiamen ChinaSource Internet Service Co., Ltd.","whois.cnolnic.com","http://www.zzy.cn","REDACTED FOR PRIVACY","Wenjinchuan","REDACTED FOR PRIVACY","REDACTED FOR PRIVACY","Sichuan","REDACTED FOR PRIVACY","China","","REDACTED FOR PRIVACY","REDACTED FOR PRIVACY","","","","","","","","","","","","","","","","","","","","","","","","","","","","","","","","","","","addPeriod","clientTransferProhibited","",""
"24","networks.team","2020-05-07 22:22:14","2020-05-05","2020-05-05","2021-05-05","1366","Xiamen ChinaSource Internet Service Co., Ltd.","whois.cnolnic.com","http://www.zzy.cn","REDACTED FOR PRIVACY","Wangxiaoqin","REDACTED FOR PRIVACY","REDACTED FOR PRIVACY","Jiangsu","REDACTED FOR PRIVACY","China","","REDACTED FOR PRIVACY","REDACTED FOR PRIVACY","","","","","","","","","","","","","","","","","","","","","","","","","","","","","","","","","","","addPeriod","clientTransferProhibited","",""
"25","nixiaoxin.club","2020-05-07 06:32:42","2020-05-03","2020-05-05","2021-05-03","1366","Xiamen ChinaSource Internet Service Co., Ltd.","whois.cnolnic.com","http://www.zzy.cn","Litao","Litao","","","Others","","China","","","","","","","","","","","","","","","","","","","","","","","","","","","","","","","","","","ns1.cnolnic.net","ns2.cnolnic.net","","","addPeriod","clientTransferProhibited","",""
"26","nongliang.club","2020-05-07 06:32:42","2020-05-03","2020-05-05","2021-05-03","1366","Xiamen ChinaSource Internet Service Co., Ltd.","whois.cnolnic.com","http://www.zzy.cn","Fengbingxian","Fengbingxian","","","Jiangmen","","China","","","","","","","","","","","","","","","","","","","","","","","","","","","","","","","","","","ns1.cnolnic.net","ns2.cnolnic.net","","","addPeriod","clientTransferProhibited","",""
"27","odds.life","2020-05-07 06:00:51","2020-05-04","2020-05-05","2021-05-04","1366","Xiamen ChinaSource Internet Service Co., Ltd.","whois.cnolnic.com","http://www.zzy.cn","REDACTED FOR PRIVACY","Caofeng","REDACTED FOR PRIVACY","REDACTED FOR PRIVACY","Others","REDACTED FOR PRIVACY","China","","REDACTED FOR PRIVACY","REDACTED FOR PRIVACY","","","","","","","","","","","","","","","","","","","","","","","","","","","","","","","","","","","addPeriod","clientTransferProhibited","",""
"28","piaoguanjia.mobi","2020-05-07 18:59:48","2020-05-04","2020-05-06","2021-05-04","1366","Xiamen ChinaSource Internet Service Co., Ltd.","whois.cnolnic.com","http://www.zzy.cn","??","??","","","??","","China","","","","","","","","","","","","","","","","","","","","","","","","","","","","","","","","","","f1g1ns1.dnspod.net","f1g1ns2.dnspod.net","","","addPeriod","clientTransferProhibited","serverTransferProhibited",""
"29","qianling.info","2020-05-07 06:18:26","2020-05-02","2020-05-05","2021-05-02","1366","Xiamen ChinaSource Internet Service Co., Ltd.","whois.cnolnic.com","http://www.zzy.cn","??","??","","","??","","China","","","","","","","","","","","","","","","","","","","","","","","","","","","","","","","","","","ns1.cnolnic.net","ns2.cnolnic.net","","","addPeriod","clientTransferProhibited","serverTransferProhibited",""
"30","rete.life","2020-05-07 06:00:51","2020-05-05","2020-05-05","2021-05-05","1366","Xiamen ChinaSource Internet Service Co., Ltd.","whois.cnolnic.com","http://www.zzy.cn","REDACTED FOR PRIVACY","Caofeng","REDACTED FOR PRIVACY","REDACTED FOR PRIVACY","Others","REDACTED FOR PRIVACY","China","","REDACTED FOR PRIVACY","REDACTED FOR PRIVACY","","","","","","","","","","","","","","","","","","","","","","","","","","","","","","","","","","","addPeriod","clientTransferProhibited","",""
"31","ridge.info","2020-05-07 06:07:45","2020-05-04","2020-05-05","2021-05-04","1366","Xiamen ChinaSource Internet Service Co., Ltd.","whois.cnolnic.com","http://www.zzy.cn","???","???","","","??","","China","","","","","","","","","","","","","","","","","","","","","","","","","","","","","","","","","","ns1.cnolnic.net","ns2.cnolnic.net","","","addPeriod","clientTransferProhibited","serverTransferProhibited",""
"32","uranium.world","2020-05-07 19:04:56","2020-05-04","2020-05-05","2021-05-04","1366","Xiamen ChinaSource Internet Service Co., Ltd.","whois.cnolnic.com","http://www.zzy.cn","REDACTED FOR PRIVACY","Caofeng","REDACTED FOR PRIVACY","REDACTED FOR PRIVACY","Others","REDACTED FOR PRIVACY","China","","REDACTED FOR PRIVACY","REDACTED FOR PRIVACY","","","","","","","","","","","","","","","","","","","","","","","","","","","","","","","","","","","addPeriod","clientTransferProhibited","",""
"33","weaving.life","2020-05-07 06:00:48","2020-05-03","2020-05-05","2021-05-03","1366","Xiamen ChinaSource Internet Service Co., Ltd.","whois.cnolnic.com","http://www.zzy.cn","REDACTED FOR PRIVACY","Wangxiaoqin","REDACTED FOR PRIVACY","REDACTED FOR PRIVACY","Jiangsu","REDACTED FOR PRIVACY","China","","REDACTED FOR PRIVACY","REDACTED FOR PRIVACY","","","","","","","","","","","","","","","","","","","","","","","","","","","","","","","","","","","addPeriod","clientTransferProhibited","",""
"34","wuqiangblog.club","2020-05-07 06:32:07","2020-05-02","2020-05-07","2021-05-02","1366","Xiamen ChinaSource Internet Service Co., Ltd.","whois.cnolnic.com","http://www.zzy.cn","Litao","Litao","","","Others","","China","","","","","","","","","","","","","","","","","","","","","","","","","","","","","","","","","","ns1.cnolnic.net","ns2.cnolnic.net","","","clientTransferProhibited","","",""
"35","xmz.kim","2020-05-07 06:05:20","2020-05-01","2020-05-06","2021-05-01","1366","Xiamen ChinaSource Internet Service Co., Ltd.","whois.cnolnic.com","http://www.zzy.cn","??","??","","","??","","China","","","","","","","","","","","","","","","","","","","","","","","","","","","","","","","","","","f1g1ns1.dnspod.net","f1g1ns2.dnspod.net","","","clientTransferProhibited","serverTransferProhibited","",""
"36","xt12.club","2020-05-07 06:32:08","2020-05-02","2020-05-07","2021-05-02","1366","Xiamen ChinaSource Internet Service Co., Ltd.","whois.cnolnic.com","http://www.zzy.cn","Liuyongbi","Liuyongbi","","","Zhongqing","","China","","","","","","","","","","","","","","","","","","","","","","","","","","","","","","","","","","ns1.alidns.com","ns2.alidns.com","","","clientTransferProhibited","","",""
"37","xtml.ltd","2020-05-07 05:54:56","2020-05-04","2020-05-05","2021-05-04","1366","Xiamen ChinaSource Internet Service Co., Ltd.","whois.cnolnic.com","http://www.zzy.cn","REDACTED FOR PRIVACY","Chenlin","REDACTED FOR PRIVACY","REDACTED FOR PRIVACY","Hubei","REDACTED FOR PRIVACY","China","","REDACTED FOR PRIVACY","REDACTED FOR PRIVACY","","","","","","","","","","","","","","","","","","","","","","","","","","","","","","","","","","","addPeriod","clientTransferProhibited","",""
"38","xtml.wang","2020-05-07 22:15:44","2020-05-05","2020-05-06","2021-05-05","1366","Xiamen ChinaSource Internet Service Co., Ltd.","whois.cnolnic.com","http://www.zzy.cn","??","??","???????????????194?","??","??","432012","China","88418782@qq.com","+86.075487734685","+86.075487734685","??","??","???????????????194?","??","??","432012","China","88418782@qq.com","+86.075487734685","+86.075487734685","??","??","???????????????194?","??","??","432012","China","88418782@qq.com","+86.075487734685","+86.075487734685","","","","","","","","","","","f1g1ns1.dnspod.net","f1g1ns2.dnspod.net","","","addPeriod","clientTransferProhibited","",""
"39","yingzill.club","2020-05-07 06:32:07","2020-05-03","2020-05-06","2021-05-03","1366","Xiamen ChinaSource Internet Service Co., Ltd.","whois.cnolnic.com","http://www.zzy.cn","Liuyongbi","Liuyongbi","","","Zhongqing","","China","","","","","","","","","","","","","","","","","","","","","","","","","","","","","","","","","","ns1.alidns.com","ns2.alidns.com","","","addPeriod","clientTransferProhibited","",""
"40","yljy.ltd","2020-05-07 18:59:49","2020-05-02","2020-05-07","2021-05-02","1366","Xiamen ChinaSource Internet Service Co., Ltd.","whois.cnolnic.com","http://www.zzy.cn","REDACTED FOR PRIVACY","Litao","REDACTED FOR PRIVACY","REDACTED FOR PRIVACY","Others","REDACTED FOR PRIVACY","China","","REDACTED FOR PRIVACY","REDACTED FOR PRIVACY","","","","","","","","","","","","","","","","","","","","","","","","","","","","","","","","","","","clientTransferProhibited","","",""
"41","yusi.pro","2020-05-07 03:16:05","2020-05-02","2020-05-06","2021-05-02","1366","Xiamen ChinaSource Internet Service Co., Ltd.","whois.cnolnic.com","http://www.zzy.cn","???","???","","","??","","China","","","","","","","","","","","","","","","","","","","","","","","","","","","","","","","","","","ns1.alidns.com","ns2.alidns.com","","","addPeriod","clientTransferProhibited","serverTransferProhibited",""
"42","zhaofanli.club","2020-05-07 06:32:05","2020-05-03","2020-05-06","2021-05-03","1366","Xiamen ChinaSource Internet Service Co., Ltd.","whois.cnolnic.com","http://www.zzy.cn","Chenlin","Chenlin","","","Xiaogan","","China","","","","","","","","","","","","","","","","","","","","","","","","","","","","","","","","","","f1g1ns1.dnspod.net","f1g1ns2.dnspod.net","","","addPeriod","clientTransferProhibited","",""
"43","zhmapi.club","2020-05-07 06:32:07","2020-05-05","2020-05-05","2021-05-05","1366","Xiamen ChinaSource Internet Service Co., Ltd.","whois.cnolnic.com","http://www.zzy.cn","Chenlin","Chenlin","","","Xiaogan","","China","","","","","","","","","","","","","","","","","","","","","","","","","","","","","","","","","","f1g1ns1.dnspod.net","f1g1ns2.dnspod.net","","","addPeriod","clientTransferProhibited","",""
"44","zhongbaohuhui.mobi","2020-05-07 05:54:00","2020-05-02","2020-05-05","2021-05-02","1366","Xiamen ChinaSource Internet Service Co., Ltd.","whois.cnolnic.com","http://www.zzy.cn","??","??","","","??","","China","","","","","","","","","","","","","","","","","","","","","","","","","","","","","","","","","","ns1.cnolnic.net","ns2.cnolnic.net","","","addPeriod","clientTransferProhibited","serverTransferProhibited",""