"num","domain_name","query_time","create_date","update_date","expiry_date","domain_registrar_id","domain_registrar_name","domain_registrar_whois","domain_registrar_url","registrant_name","registrant_company","registrant_address","registrant_city","registrant_state","registrant_zip","registrant_country","registrant_email","registrant_phone","registrant_fax","administrative_name","administrative_company","administrative_address","administrative_city","administrative_state","administrative_zip","administrative_country","administrative_email","administrative_phone","administrative_fax","technical_name","technical_company","technical_address","technical_city","technical_state","technical_zip","technical_country","technical_email","technical_phone","technical_fax","billing_name","billing_company","billing_address","billing_city","billing_state","billing_zip","billing_country","billing_email","billing_phone","billing_fax","name_server_1","name_server_2","name_server_3","name_server_4","domain_status_1","domain_status_2","domain_status_3","domain_status_4"
"1","1df8.com","2020-05-07 19:10:58","2020-05-06","2020-05-06","2021-05-06","2805","Zhengzhou Century Connect Electronic Technology Development Co., Ltd","whois.reg.cn","http://www.reg.cn","","","","Shang Rao Shi","Jiang Xi Sheng","","","","","","","","","","","","","","","","","","","","","","","","","","","","","","","","","","","","dm1.dns.com","dm2.dns.com","","","OK","","",""
"2","2013qb.com","2020-05-07 21:03:58","2020-05-06","2020-05-06","2021-05-06","2805","Zhengzhou Century Connect Electronic Technology Development Co., Ltd","whois.reg.cn","http://www.reg.cn","","","","nan chang shi","jiang xi sheng","","","","","","","","","","","","","","","","","","","","","","","","","","","","","","","","","","","","ns1.dns.com","ns2.dns.com","","","OK","","",""
"3","51hawana.com","2020-05-07 20:22:01","2020-05-06","2020-05-06","2021-05-06","2805","Zhengzhou Century Connect Electronic Technology Development Co., Ltd","whois.reg.cn","http://www.reg.cn","","","","Hai Dian Qu","Bei Jing Shi","","","","","","","","","","","","","","","","","","","","","","","","","","","","","","","","","","","","17ex1.dns.com","17ex2.dns.com","","","OK","","",""
"4","88bfhome.com","2020-05-07 19:10:57","2020-05-06","2020-05-06","2021-05-06","2805","Zhengzhou Century Connect Electronic Technology Development Co., Ltd","whois.reg.cn","http://www.reg.cn","","","","Shang Rao Shi","Jiang Xi Sheng","","","","","","","","","","","","","","","","","","","","","","","","","","","","","","","","","","","","dm1.dns.com","dm2.dns.com","","","OK","","",""
"5","95jzfa.com","2020-05-07 19:10:56","2020-05-06","2020-05-06","2021-05-06","2805","Zhengzhou Century Connect Electronic Technology Development Co., Ltd","whois.reg.cn","http://www.reg.cn","","","","Shang Rao Shi","Jiang Xi Sheng","","","","","","","","","","","","","","","","","","","","","","","","","","","","","","","","","","","","dm1.dns.com","dm2.dns.com","","","OK","","",""
"6","bifa88home.com","2020-05-07 19:10:56","2020-05-06","2020-05-06","2021-05-06","2805","Zhengzhou Century Connect Electronic Technology Development Co., Ltd","whois.reg.cn","http://www.reg.cn","","","","Shang Rao Shi","Jiang Xi Sheng","","","","","","","","","","","","","","","","","","","","","","","","","","","","","","","","","","","","dm1.dns.com","dm2.dns.com","","","OK","","",""
"7","binchyo.com","2020-05-07 19:10:54","2020-05-06","2020-05-06","2021-05-06","2805","Zhengzhou Century Connect Electronic Technology Development Co., Ltd","whois.reg.cn","http://www.reg.cn","","","","Shang Rao Shi","Jiang Xi Sheng","","","","","","","","","","","","","","","","","","","","","","","","","","","","","","","","","","","","dm1.dns.com","dm2.dns.com","","","OK","","",""
"8","descollege.com","2020-05-07 20:15:43","2020-05-06","2020-05-06","2021-05-06","2805","Zhengzhou Century Connect Electronic Technology Development Co., Ltd","whois.reg.cn","http://www.reg.cn","","","","Hai Dian Qu","Bei Jing Shi","","","","","","","","","","","","","","","","","","","","","","","","","","","","","","","","","","","","17ex1.dns.com","17ex2.dns.com","","","OK","","",""
"9","diyizhuji.net","2020-05-07 05:48:49","2020-05-05","2020-05-05","2021-05-05","2805","Zhengzhou Century Connect Electronic Technology Development Co., Ltd","whois.reg.cn","http://www.reg.cn","","","","Handan","Hebei","","","","","","","","","","","","","","","","","","","","","","","","","","","","","","","","","","","","dm1.dns.com","dm2.dns.com","","","OK","","",""
"10","freddigiouanni.com","2020-05-07 19:31:23","2020-05-06","2020-05-06","2021-05-06","2805","Zhengzhou Century Connect Electronic Technology Development Co., Ltd","whois.reg.cn","http://www.reg.cn","","","","Sui Hua Shi","Hei Long Jiang Sheng","","","","","","","","","","","","","","","","","","","","","","","","","","","","","","","","","","","","dm1.dns.com","dm2.dns.com","","","OK","","",""
"11","hanshangmaoyi.com","2020-05-07 20:11:12","2020-05-06","2020-05-06","2021-05-06","2805","Zhengzhou Century Connect Electronic Technology Development Co., Ltd","whois.reg.cn","http://www.reg.cn","","","","Sui Hua Shi","Hei Long Jiang Sheng","","","","","","","","","","","","","","","","","","","","","","","","","","","","","","","","","","","","dm1.dns.com","dm2.dns.com","","","OK","","",""
"12","hongtengjiuzhou.com","2020-05-07 20:12:30","2020-05-06","2020-05-06","2021-05-06","2805","Zhengzhou Century Connect Electronic Technology Development Co., Ltd","whois.reg.cn","http://www.reg.cn","","","","Sui Hua Shi","Hei Long Jiang Sheng","","","","","","","","","","","","","","","","","","","","","","","","","","","","","","","","","","","","dm1.dns.com","dm2.dns.com","","","OK","","",""
"13","hrbjhmy.com","2020-05-07 20:11:13","2020-05-06","2020-05-06","2021-05-06","2805","Zhengzhou Century Connect Electronic Technology Development Co., Ltd","whois.reg.cn","http://www.reg.cn","","","","Sui Hua Shi","Hei Long Jiang Sheng","","","","","","","","","","","","","","","","","","","","","","","","","","","","","","","","","","","","dm1.dns.com","dm2.dns.com","","","OK","","",""
"14","ibaby-china.com","2020-05-07 20:48:51","2020-05-02","2020-05-06","2021-05-02","2805","Zhengzhou Century Connect Electronic Technology Development Co., Ltd","whois.reg.cn","http://www.reg.cn","","","","nan chang shi","jiang xi sheng","","","","","","","","","","","","","","","","","","","","","","","","","","","","","","","","","","","","ns1.dns.com","ns2.dns.com","","","OK","","",""
"15","jingbapp.com","2020-05-07 19:11:00","2020-05-06","2020-05-06","2021-05-06","2805","Zhengzhou Century Connect Electronic Technology Development Co., Ltd","whois.reg.cn","http://www.reg.cn","","","","Shang Rao Shi","Jiang Xi Sheng","","","","","","","","","","","","","","","","","","","","","","","","","","","","","","","","","","","","dm1.dns.com","dm2.dns.com","","","OK","","",""
"16","jytxgh.com","2020-05-07 19:31:24","2020-05-06","2020-05-06","2021-05-06","2805","Zhengzhou Century Connect Electronic Technology Development Co., Ltd","whois.reg.cn","http://www.reg.cn","","","","Sui Hua Shi","Hei Long Jiang Sheng","","","","","","","","","","","","","","","","","","","","","","","","","","","","","","","","","","","","dm1.dns.com","dm2.dns.com","","","OK","","",""
"17","kanqizhi.net","2020-05-07 19:00:39","2020-05-06","2020-05-06","2021-05-06","2805","Zhengzhou Century Connect Electronic Technology Development Co., Ltd","whois.reg.cn","http://www.reg.cn","","","","nan chang shi","jiang xi sheng","","","","","","","","","","","","","","","","","","","","","","","","","","","","","","","","","","","","ns1.dns.com","ns2.dns.com","","","OK","","",""
"18","livestudio.top","2020-05-07 22:16:50","2020-05-05","","2028-05-05","2805","Zhengzhou Century Connect Electronic Technology Development Co., Ltd","whois.reg.cn","http://www.reg.cn","XueTao","XueTao","Yue Xiu Qu Lian Xin Lu 1 1 1 Hao Zhi Si 2 0 1 Fang","Guang Zhou Shi","Guang Dong Sheng","510030","China","mr_xuetao@126.com","+86.018675871023","+86.018675871023","XueTao","XueTao","Yue Xiu Qu Lian Xin Lu 1 1 1 Hao Zhi Si 2 0 1 Fang","Guang Zhou Shi","Guang Dong Sheng","510030","China","mr_xuetao@126.com","+86.018675871023","+86.018675871023","XueTao","XueTao","Yue Xiu Qu Lian Xin Lu 1 1 1 Hao Zhi Si 2 0 1 Fang","Guang Zhou Shi","Guang Dong Sheng","510030","China","mr_xuetao@126.com","+86.018675871023","+86.018675871023","","","","","","","","","","","dm1.dns.com","dm2.dns.com","","","addPeriod","ok","",""
"19","macdavidpro.com","2020-05-07 19:18:42","2020-05-02","2020-05-06","2021-05-02","2805","Zhengzhou Century Connect Electronic Technology Development Co., Ltd","whois.reg.cn","http://www.reg.cn","","","","nan chang shi","jiang xi sheng","","","","","","","","","","","","","","","","","","","","","","","","","","","","","","","","","","","","ns1.dns.com","ns2.dns.com","","","OK","","",""
"20","masteryourgolfswingnow.com","2020-05-07 21:04:03","2020-05-06","2020-05-06","2021-05-06","2805","Zhengzhou Century Connect Electronic Technology Development Co., Ltd","whois.reg.cn","http://www.reg.cn","","","","nan chang shi","jiang xi sheng","","","","","","","","","","","","","","","","","","","","","","","","","","","","","","","","","","","","ns1.dns.com","ns2.dns.com","","","OK","","",""
"21","miaosuxue.com","2020-05-07 21:02:24","2020-05-06","2020-05-07","2021-05-06","2805","Zhengzhou Century Connect Electronic Technology Development Co., Ltd","whois.reg.cn","http://www.reg.cn","","","","shenyangshi","liaoningsheng","","","","","","","","","","","","","","","","","","","","","","","","","","","","","","","","","","","","dm1.dns.com","dm2.dns.com","","","OK","","",""
"22","mwntour.com","2020-05-07 19:33:27","2020-05-06","2020-05-06","2021-05-06","2805","Zhengzhou Century Connect Electronic Technology Development Co., Ltd","whois.reg.cn","http://www.reg.cn","","","","Hai Dian Qu","Bei Jing Shi","","","","","","","","","","","","","","","","","","","","","","","","","","","","","","","","","","","","17ex1.dns.com","17ex2.dns.com","","","OK","","",""
"23","n88app.com","2020-05-07 19:10:53","2020-05-06","2020-05-06","2021-05-06","2805","Zhengzhou Century Connect Electronic Technology Development Co., Ltd","whois.reg.cn","http://www.reg.cn","","","","Shang Rao Shi","Jiang Xi Sheng","","","","","","","","","","","","","","","","","","","","","","","","","","","","","","","","","","","","dm1.dns.com","dm2.dns.com","","","OK","","",""
"24","qusaishi.com","2020-05-07 21:35:20","2020-05-06","2020-05-06","2021-05-06","2805","Zhengzhou Century Connect Electronic Technology Development Co., Ltd","whois.reg.cn","http://www.reg.cn","","","","Hai Dian Qu","Bei Jing Shi","","","","","","","","","","","","","","","","","","","","","","","","","","","","","","","","","","","","17ex1.dns.com","17ex2.dns.com","","","OK","","",""
"25","sihunling.com","2020-05-07 20:30:54","2020-05-06","2020-05-06","2021-05-06","2805","Zhengzhou Century Connect Electronic Technology Development Co., Ltd","whois.reg.cn","http://www.reg.cn","","","","Hai Dian Qu","Bei Jing Shi","","","","","","","","","","","","","","","","","","","","","","","","","","","","","","","","","","","","17ex1.dns.com","17ex2.dns.com","","","OK","","",""
"26","tbdownload.com","2020-05-07 19:10:57","2020-05-06","2020-05-06","2021-05-06","2805","Zhengzhou Century Connect Electronic Technology Development Co., Ltd","whois.reg.cn","http://www.reg.cn","","","","Shang Rao Shi","Jiang Xi Sheng","","","","","","","","","","","","","","","","","","","","","","","","","","","","","","","","","","","","dm1.dns.com","dm2.dns.com","","","OK","","",""
"27","vanichina.com","2020-05-07 20:56:11","2020-05-04","2020-05-06","2021-05-04","2805","Zhengzhou Century Connect Electronic Technology Development Co., Ltd","whois.reg.cn","http://www.reg.cn","","","","Shen ZhenShi","Guang Dong Sheng","","","","","","","","","","","","","","","","","","","","","","","","","","","","","","","","","","","","dm1.dns.com","dm2.dns.com","","","OK","","",""
"28","wanjia22.com","2020-05-07 19:10:53","2020-05-06","2020-05-06","2021-05-06","2805","Zhengzhou Century Connect Electronic Technology Development Co., Ltd","whois.reg.cn","http://www.reg.cn","","","","Shang Rao Shi","Jiang Xi Sheng","","","","","","","","","","","","","","","","","","","","","","","","","","","","","","","","","","","","dm1.dns.com","dm2.dns.com","","","OK","","",""
"29","watchmanufacturersinchina.com","2020-05-07 21:32:00","2020-05-03","2020-05-06","2021-05-03","2805","Zhengzhou Century Connect Electronic Technology Development Co., Ltd","whois.reg.cn","http://www.reg.cn","","","","Beijingshi","Beijing","","","","","","","","","","","","","","","","","","","","","","","","","","","","","","","","","","","","dm1.dns.com","dm2.dns.com","","","OK","","",""