"num","domain_name","query_time","create_date","update_date","expiry_date","domain_registrar_id","domain_registrar_name","domain_registrar_whois","domain_registrar_url","registrant_name","registrant_company","registrant_address","registrant_city","registrant_state","registrant_zip","registrant_country","registrant_email","registrant_phone","registrant_fax","administrative_name","administrative_company","administrative_address","administrative_city","administrative_state","administrative_zip","administrative_country","administrative_email","administrative_phone","administrative_fax","technical_name","technical_company","technical_address","technical_city","technical_state","technical_zip","technical_country","technical_email","technical_phone","technical_fax","billing_name","billing_company","billing_address","billing_city","billing_state","billing_zip","billing_country","billing_email","billing_phone","billing_fax","name_server_1","name_server_2","name_server_3","name_server_4","domain_status_1","domain_status_2","domain_status_3","domain_status_4"
"1","arinahost.com","2020-05-03 20:12:49","2020-05-01","2020-05-01","2021-05-01","1861","Porkbun, LLC","whois.porkbun.com","http://porkbun.com","Whois Privacy","Private by Design, LLC","500 Westover Dr #9816","Sanford","NC","27330","United States","","+1.9712666028","","Whois Privacy","Private by Design, LLC","500 Westover Dr #9816","Sanford","NC","27330","United States","","+1.9712666028","","Whois Privacy","Private by Design, LLC","500 Westover Dr #9816","Sanford","NC","27330","United States","","+1.9712666028","","","","","","","","","","","","ns1.dombd.com","ns2.dombd.com","","","clientDeleteProhibited","clientTransferProhibited","",""
"2","dynamitebusinesscoach.biz","2020-05-09 16:45:03","2020-05-01","2020-05-06","2021-05-01","146","GoDaddy.com, LLC","whois.godaddy.com","http://registrar.godaddy.com","","","","","Texas","","United States","","","","","","","","","","","","","","","","","","","","","","","","","","","","","","","","","","ns25.domaincontrol.com","ns26.domaincontrol.com","","","clientDeleteProhibited","clientRenewProhibited","clientTransferProhibited","clientUpdateProhibited"
"3","gospelapp.biz","2020-05-09 17:14:05","2020-05-01","2020-05-06","2021-05-01","269","Key-Systems GmbH","whois.rrpproxy.net","http://www.key-systems.net","","","","","Kisumu","","Kenya","","","","","","","","","","","","","","","","","","","","","","","","","","","","","","","","","","ns1.safaricombusiness.co.ke","ns2.safaricombusiness.co.ke","ns3.safaricombusiness.co.ke","ns4.safaricombusiness.co.ke","clientDeleteProhibited","clientTransferProhibited","",""
"4","greenfieldmedical.biz","2020-05-09 17:12:32","2020-05-01","2020-05-06","2021-05-01","2","Network Solutions, LLC","whois.networksolutions.com","http://networksolutions.com","GreenField Medical Sourcing, Inc.","GreenField Medical Sourcing, Inc.","","","TX","","United States","","","","","","","","","","","","","","","","","","","","","","","","","","","","","","","","","","ns23.worldnic.com","ns24.worldnic.com","","","clientTransferProhibited","","",""
"5","halowater.biz","2020-05-09 17:14:33","2020-05-01","2020-05-06","2021-05-01","146","GoDaddy.com, LLC","whois.godaddy.com","http://registrar.godaddy.com","Halo Water Systems","Halo Water Systems","","","California","","United States","","","","","","","","","","","","","","","","","","","","","","","","","","","","","","","","","","ns03.domaincontrol.com","ns04.domaincontrol.com","","","clientDeleteProhibited","clientRenewProhibited","clientTransferProhibited","clientUpdateProhibited"
"6","kartapobytu.biz","2020-05-09 11:32:05","2020-05-01","2020-05-06","2021-05-01","303","PDR Ltd. d/b/a PublicDomainRegistry.com","whois.publicdomainregistry.com","http://www.publicdomainregistry.com","GDPR Masked","GDPR Masked","","","GDPR Masked","","United States","","","","","","","","","","","","","","","","","","","","","","","","","","","","","","","","","","nsr1.domeny.com","nsr2.domeny.com","nsr3.domeny.com","nsr4.domeny.com","clientTransferProhibited","","",""
"7","kbfkgnn.biz","2020-05-09 11:32:06","2020-05-01","2020-05-06","2021-05-01","49","GMO Internet Inc.","whois.discount-domain.com","http://www.onamae.com","Create,LLC","Create,LLC","","","Chiba","","Japan","","","","","","","","","","","","","","","","","","","","","","","","","","","","","","","","","","ns1.pom-g01.net","ns2.pom-g01.net","","","OK","","",""
"8","mapabiznesu.biz","2020-05-09 11:10:39","2020-05-01","2020-05-06","2021-05-01","269","Key-Systems GmbH","whois.rrpproxy.net","http://www.key-systems.net","Piotr Palma","Piotr Palma","","","","","Poland","","","","","","","","","","","","","","","","","","","","","","","","","","","","","","","","","","ns1.aftermarket.pl","ns2.aftermarket.pl","","","OK","","",""
"9","mapainternetu.biz","2020-05-09 11:10:38","2020-05-01","2020-05-06","2021-05-01","269","Key-Systems GmbH","whois.rrpproxy.net","http://www.key-systems.net","Piotr Palma","Piotr Palma","","","","","Poland","","","","","","","","","","","","","","","","","","","","","","","","","","","","","","","","","","ns1.aftermarket.pl","ns2.aftermarket.pl","","","OK","","",""
"10","music-fish.net","2020-05-09 23:56:45","2020-05-01","2020-05-01","2021-05-01","49","GMO Internet Inc.","whois.discount-domain.com","http://www.onamae.com","Whois Privacy Protection Service by MuuMuuDomain","Whois Privacy Protection Service by MuuMuuDomain","2-7-21 Tenjin Chuo-ku Tenjin Prime 8F","Fukuoka-shi","Fukuoka","810-0001","Japan","privacy@whoisprivacyprotection.info","+81.927137999","+81.927137944","Whois Privacy Protection Service by MuuMuuDomain","Whois Privacy Protection Service by MuuMuuDomain","2-7-21 Tenjin Chuo-ku Tenjin Prime 8F","Fukuoka-shi","Fukuoka","810-0001","Japan","privacy@whoisprivacyprotection.info","+81.927137999","+81.927137944","Whois Privacy Protection Service by MuuMuuDomain","Whois Privacy Protection Service by MuuMuuDomain","2-7-21 Tenjin Chuo-ku Tenjin Prime 8F","Fukuoka-shi","Fukuoka","810-0001","Japan","privacy@whoisprivacyprotection.info","+81.927137999","+81.927137944","","","","","","","","","","","ns1.dns.ne.jp","ns2.dns.ne.jp","","","clientTransferProhibited","","",""
"11","proofpositivegroup.biz","2020-05-09 08:50:18","2020-05-01","2020-05-06","2021-05-01","886","Domain.com, LLC","whois.domain.com","http://www.domain.com","Domain Privacy Service FBO Registrant.","Domain Privacy Service FBO Registrant.","","","MA","","United States","","","","","","","","","","","","","","","","","","","","","","","","","","","","","","","","","","ns1.domain.com","ns2.domain.com","","","OK","","",""
"12","repelentelovena.biz","2020-05-09 08:20:23","2020-05-01","2020-05-06","2021-05-01","1861","Porkbun, LLC","whois.porkbun.com","http://porkbun.com","Private by Design, LLC","Private by Design, LLC","","","NC","","United States","","","","","","","","","","","","","","","","","","","","","","","","","","","","","","","","","","curitiba.porkbun.com","fortaleza.porkbun.com","maceio.porkbun.com","salvador.porkbun.com","clientDeleteProhibited","clientTransferProhibited","",""
"13","securevideo.biz","2020-05-09 07:46:06","2020-05-01","2020-05-06","2021-05-01","141","Cronon AG","whois.cronon.net","http://www.cronon.net","","","","","","","Germany","","","","","","","","","","","","","","","","","","","","","","","","","","","","","","","","","","docks05.rzone.de","shades13.rzone.de","","","OK","","",""
"14","smallwhale.club","2020-05-09 20:34:49","2020-05-01","2020-05-07","2021-05-01","1697","DNSPod, Inc.","whois.dnspod.com","http:// www.dnspod.cn","Liu Lian Feng","Liu Lian Feng","","","hu nan sheng","","China","","","","","","","","","","","","","","","","","","","","","","","","","","","","","","","","","","f1g1ns1.dnspod.net","f1g1ns2.dnspod.net","","","OK","","",""
"15","ustppr.biz","2020-05-09 19:38:04","2020-05-01","2020-05-07","2021-05-01","49","GMO Internet Inc.","whois.discount-domain.com","http://www.onamae.com","Create,LLC","Create,LLC","","","Chiba","","Japan","","","","","","","","","","","","","","","","","","","","","","","","","","","","","","","","","","ns124-02.ace02-gm.net","ns124.ace02-gm.net","","","OK","","",""
"16","ydiwad.biz","2020-05-09 19:58:34","2020-05-01","2020-05-07","2021-05-01","49","GMO Internet Inc.","whois.discount-domain.com","http://www.onamae.com","Create,LLC","Create,LLC","","","Chiba","","Japan","","","","","","","","","","","","","","","","","","","","","","","","","","","","","","","","","","ns124-02.ace02-gm.net","ns124.ace02-gm.net","","","OK","","",""
"17","ypzhbkk.biz","2020-05-09 01:22:09","2020-05-01","2020-05-06","2021-05-01","49","GMO Internet Inc.","whois.discount-domain.com","http://www.onamae.com","Create,LLC","Create,LLC","","","Chiba","","Japan","","","","","","","","","","","","","","","","","","","","","","","","","","","","","","","","","","ns1.pom-g01.net","ns2.pom-g01.net","","","OK","","",""
"18","yusocewom.com","2020-05-09 15:46:03","2020-05-01","2020-05-01","2021-05-01","895","Google, Inc.","whois.rrpproxy.net","http://www.google.com","Contact Privacy Inc. Customer 1247105693","Contact Privacy Inc. Customer 1247105693","96 Mowat Ave","Toronto","ON","M4K 3K1","Canada","qlyhs9lzxub7@contactprivacy.email","+1.4165385487","","Contact Privacy Inc. Customer 1247105693","Contact Privacy Inc. Customer 1247105693","96 Mowat Ave","Toronto","ON","M4K 3K1","Canada","qlyhs9lzxub7@contactprivacy.email","+1.4165385487","","Contact Privacy Inc. Customer 1247105693","Contact Privacy Inc. Customer 1247105693","96 Mowat Ave","Toronto","ON","M4K 3K1","Canada","qlyhs9lzxub7@contactprivacy.email","+1.4165385487","","","","","","","","","","","","ns-cloud-b1.googledomains.com","ns-cloud-b2.googledomains.com","ns-cloud-b3.googledomains.com","ns-cloud-b4.googledomains.com","clientTransferProhibited","","",""