"num","domain_name","query_time","create_date","update_date","expiry_date","domain_registrar_id","domain_registrar_name","domain_registrar_whois","domain_registrar_url","registrant_name","registrant_company","registrant_address","registrant_city","registrant_state","registrant_zip","registrant_country","registrant_email","registrant_phone","registrant_fax","administrative_name","administrative_company","administrative_address","administrative_city","administrative_state","administrative_zip","administrative_country","administrative_email","administrative_phone","administrative_fax","technical_name","technical_company","technical_address","technical_city","technical_state","technical_zip","technical_country","technical_email","technical_phone","technical_fax","billing_name","billing_company","billing_address","billing_city","billing_state","billing_zip","billing_country","billing_email","billing_phone","billing_fax","name_server_1","name_server_2","name_server_3","name_server_4","domain_status_1","domain_status_2","domain_status_3","domain_status_4"
"1","acessaitaubr.com","2020-05-07 19:08:11","2020-05-06","2020-05-06","2021-05-06","146","GoDaddy.com, LLC","whois.godaddy.com","http://registrar.godaddy.com","sites","sites","","","Sao Paulo","","Brazil","","","","","","","","","","","","","","","","","","","","","","","","","","","","","","","","","","ns71.domaincontrol.com","ns72.domaincontrol.com","","","clientDeleteProhibited","clientRenewProhibited","clientTransferProhibited","clientUpdateProhibited"
"2","agi-capital.biz","2020-05-09 15:45:23","2020-05-06","2020-05-06","2021-05-06","269","Key-Systems GmbH","whois.rrpproxy.net","http://www.key-systems.net","","","","","","","Switzerland","","","","","","","","","","","","","","","","","","","","","","","","","","","","","","","","","","ns31.infomaniak.com","ns32.infomaniak.com","","","addPeriod","clientTransferProhibited","",""
"3","ahostingwebsiteav5q2dft.biz","2020-05-09 15:45:13","2020-05-06","2020-05-08","2021-05-06","472","Dynadot, LLC","whois.dynadot.com","http://www.dynadot.com","","","","","California","","United States","","","","","","","","","","","","","","","","","","","","","","","","","","","","","","","","","","ns1.phonesear.ch","ns2.phonesear.ch","ns3.phonesear.ch","","addPeriod","clientTransferProhibited","",""
"4","ahostingwebsitepyw8y2ah.biz","2020-05-09 15:45:13","2020-05-06","2020-05-08","2021-05-06","472","Dynadot, LLC","whois.dynadot.com","http://www.dynadot.com","","","","","California","","United States","","","","","","","","","","","","","","","","","","","","","","","","","","","","","","","","","","ns1.phonesear.ch","ns2.phonesear.ch","ns3.phonesear.ch","","addPeriod","clientTransferProhibited","",""
"5","bart-web.biz","2020-05-09 16:02:30","2020-05-06","2020-05-06","2021-05-06","49","GMO Internet Inc.","whois.discount-domain.com","http://www.onamae.com","Whois Privacy Protection Service by onamae.com","Whois Privacy Protection Service by onamae.com","","","Tokyo","","Japan","","","","","","","","","","","","","","","","","","","","","","","","","","","","","","","","","","ns1.dns.ne.jp","ns2.dns.ne.jp","","","addPeriod","ok","",""
"6","bigbadwolfproductions.biz","2020-05-09 16:04:16","2020-05-06","2020-05-06","2021-05-06","146","GoDaddy.com, LLC","whois.godaddy.com","http://registrar.godaddy.com","BD Insurance","BD Insurance","","","Indiana","","United States","","","","","","","","","","","","","","","","","","","","","","","","","","","","","","","","","","ns35.domaincontrol.com","ns36.domaincontrol.com","","","addPeriod","clientDeleteProhibited","clientRenewProhibited","clientTransferProhibited"
"7","bige.plus","2020-05-10 00:00:46","2020-05-06","2020-05-07","2025-05-06","1599","Alibaba Cloud Computing Ltd. d/b/a HiChina (www.net.cn)","http://whois.hichina.com/","http://www.net.cn","REDACTED FOR PRIVACY","cheng du ke shang ke ji you xian gong si","REDACTED FOR PRIVACY","REDACTED FOR PRIVACY","si chuan","REDACTED FOR PRIVACY","China","","REDACTED FOR PRIVACY","REDACTED FOR PRIVACY","","","","","","","","","","","","","","","","","","","","","","","","","","","","","","","","","","","addPeriod","","",""
"8","cryptoline.co","2020-05-09 14:51:23","2020-05-06","2020-05-07","2021-05-06","472","Dynadot, LLC","whois.dynadot.com","http://www.dynadot.com","","","","","California","","United States","","","","","","","","","","","","","","","","","","","","","","","","","","","","","","","","","","ns1.dan.com","ns2.dan.com","","","addPeriod","clientTransferProhibited","",""
"9","dcepchina.plus","2020-05-10 00:00:43","2020-05-06","2020-05-07","2025-05-06","1599","Alibaba Cloud Computing Ltd. d/b/a HiChina (www.net.cn)","http://whois.hichina.com/","http://www.net.cn","REDACTED FOR PRIVACY","buyunlu","REDACTED FOR PRIVACY","REDACTED FOR PRIVACY","beijing","REDACTED FOR PRIVACY","China","","REDACTED FOR PRIVACY","REDACTED FOR PRIVACY","","","","","","","","","","","","","","","","","","","","","","","","","","","","","","","","","","","addPeriod","","",""
"10","dynamics365customervoice.biz","2020-05-09 16:45:12","2020-05-06","2020-05-06","2021-05-06","292","MarkMonitor Inc.","whois.markmonitor.com","http://www.markmonitor.com","Microsoft Corporation","Microsoft Corporation","","","WA","","United States","","","","","","","","","","","","","","","","","","","","","","","","","","","","","","","","","","ns1-07.azure-dns.com","ns2-07.azure-dns.net","ns3-07.azure-dns.org","ns4-07.azure-dns.info","addPeriod","clientDeleteProhibited","clientTransferProhibited","clientUpdateProhibited"
"11","dynamicscustomervoice.biz","2020-05-09 16:45:10","2020-05-06","2020-05-06","2021-05-06","292","MarkMonitor Inc.","whois.markmonitor.com","http://www.markmonitor.com","Microsoft Corporation","Microsoft Corporation","","","WA","","United States","","","","","","","","","","","","","","","","","","","","","","","","","","","","","","","","","","ns1-08.azure-dns.com","ns2-08.azure-dns.net","ns3-08.azure-dns.org","ns4-08.azure-dns.info","addPeriod","clientDeleteProhibited","clientTransferProhibited","clientUpdateProhibited"
"12","dzialkibudowlane.biz","2020-05-09 16:44:28","2020-05-06","2020-05-06","2021-05-06","1456","NetArt Registrar Sp. z o.o.","whois.netart-registrar.com","http://www.netart-registrar.com","Whois Data Protection Sp. z o.o.","Whois Data Protection Sp. z o.o.","","","malopolskie","","Poland","","","","","","","","","","","","","","","","","","","","","","","","","","","","","","","","","","ns1.nazwa.pl","ns2.nazwa.pl","ns3.nazwa.pl","","addPeriod","clientTransferProhibited","",""
"13","essentiallifeneeds.biz","2020-05-09 16:58:04","2020-05-06","2020-05-06","2021-05-06","1082","Register4Less, Inc.","whois.register4less.com","http://register4less.com","iWave Holdings N.A., L.L.C.","iWave Holdings N.A., L.L.C.","","","Texas","","United States","","","","","","","","","","","","","","","","","","","","","","","","","","","","","","","","","","ns1.r4l.com","ns2.r4l.com","","","addPeriod","clientTransferProhibited","",""
"14","essentialsolutions.biz","2020-05-09 16:54:10","2020-05-06","2020-05-06","2021-05-06","146","GoDaddy.com, LLC","whois.godaddy.com","http://registrar.godaddy.com","Domains By Proxy, LLC","Domains By Proxy, LLC","","","Arizona","","United States","","","","","","","","","","","","","","","","","","","","","","","","","","","","","","","","","","ns75.domaincontrol.com","ns76.domaincontrol.com","","","addPeriod","clientDeleteProhibited","clientRenewProhibited","clientTransferProhibited"
"15","fahertyrealestate.com","2020-05-07 19:15:52","2020-05-06","2020-05-06","2021-05-06","146","GoDaddy.com, LLC","whois.godaddy.com","http://registrar.godaddy.com","OK","OK","","","Massachusetts","","United States","","","","","","","","","","","","","","","","","","","","","","","","","","","","","","","","","","ns71.domaincontrol.com","ns72.domaincontrol.com","","","clientDeleteProhibited","clientRenewProhibited","clientTransferProhibited","clientUpdateProhibited"
"16","fantastichg.club","2020-05-09 20:36:46","2020-05-06","2020-05-07","2021-05-06","1697","DNSPod, Inc.","whois.dnspod.com","http:// www.dnspod.cn","Li Jian Hong","Li Jian Hong","","","guang dong sheng","","China","","","","","","","","","","","","","","","","","","","","","","","","","","","","","","","","","","f1g1ns1.dnspod.net","f1g1ns2.dnspod.net","","","addPeriod","ok","",""
"17","flash.pro","2020-05-10 00:23:01","2020-05-06","2020-05-08","2021-05-06","1653","Dynadot5 LLC","whois.publicinterestregistry.net","http://www.dynadot5.com","","","","","California","","United States","","","","","","","","","","","","","","","","","","","","","","","","","","","","","","","","","","ns1.parkingcrew.net","ns2.parkingcrew.net","","","addPeriod","serverTransferProhibited","",""
"18","gotexmart.biz","2020-05-09 17:14:03","2020-05-06","2020-05-06","2021-05-06","303","PDR Ltd. d/b/a PublicDomainRegistry.com","whois.publicdomainregistry.com","http://www.publicdomainregistry.com","GOTEX  FOOTWEAR  PVT. LTD","GOTEX  FOOTWEAR  PVT. LTD","","","Delhi","","India","","","","","","","","","","","","","","","","","","","","","","","","","","","","","","","","","","ns1.mitsu.in","ns2.mitsu.in","ns3.mitsu.in","ns4.mitsu.in","addPeriod","clientTransferProhibited","",""
"19","gradeserve.biz","2020-05-09 17:12:32","2020-05-06","2020-05-08","2021-05-06","472","Dynadot, LLC","whois.dynadot.com","http://www.dynadot.com","","","","","California","","United States","","","","","","","","","","","","","","","","","","","","","","","","","","","","","","","","","","ns1.phonesear.ch","ns2.phonesear.ch","ns3.phonesear.ch","","addPeriod","clientTransferProhibited","",""
"20","gripher.biz","2020-05-09 17:12:33","2020-05-06","2020-05-06","2021-05-06","49","GMO Internet Inc.","whois.discount-domain.com","http://www.onamae.com","Whois Privacy Protection Service by mixhost","Whois Privacy Protection Service by mixhost","","","Osaka","","Japan","","","","","","","","","","","","","","","","","","","","","","","","","","","","","","","","","","ns1.mixhost.jp","ns2.mixhost.jp","ns3.mixhost.jp","ns4.mixhost.jp","addPeriod","clientTransferProhibited","",""
"21","hanworth.estate","2020-05-09 22:10:54","2020-05-06","2020-05-07","2021-05-06","146","GoDaddy.com, LLC","whois.godaddy.com","http://registrar.godaddy.com","REDACTED FOR PRIVACY","","REDACTED FOR PRIVACY","REDACTED FOR PRIVACY","South Glamorgan","REDACTED FOR PRIVACY","United Kingdom","","REDACTED FOR PRIVACY","REDACTED FOR PRIVACY","","","","","","","","","","","","","","","","","","","","","","","","","","","","","","","","","","","addPeriod","clientDeleteProhibited","clientRenewProhibited","clientTransferProhibited"
"22","healbit.cc","2020-05-09 07:03:20","2020-05-06","2020-05-06","2021-05-06","1068","NameCheap, Inc.","whois.namecheap.com","http://www.namecheap.com","","","","","","","","","","","","","","","","","","","","","","","","","","","","","","","","","","","","","","","","","dns1.storm-pro.net","dns2.storm-pro.net","","","clientTransferProhibited","","",""
"23","hillhousevii.club","2020-05-09 20:36:23","2020-05-06","2020-05-07","2021-05-06","1599","Alibaba Cloud Computing Ltd. d/b/a HiChina (www.net.cn)","http://whois.hichina.com/","http://www.net.cn","Yuekai Liu","Yuekai Liu","","","Beijing","","China","","","","","","","","","","","","","","","","","","","","","","","","","","","","","","","","","","dns19.hichina.com","dns20.hichina.com","","","addPeriod","ok","",""
"24","indegoextensions.com","2020-05-09 13:49:11","2020-05-06","2020-05-06","2021-05-06","69","Tucows Domains Inc.","whois.tucows.com","http://domainhelp.opensrs.net","Contact Privacy Inc. Customer 0157829495","Contact Privacy Inc. Customer 0157829495","96 Mowat Ave","Toronto","ON","M6K 3M1","Canada","indegoextensions.com@contactprivacy.com","+1.4165385457","","Contact Privacy Inc. Customer 0157829495","Contact Privacy Inc. Customer 0157829495","96 Mowat Ave","Toronto","ON","M6K 3M1","Canada","indegoextensions.com@contactprivacy.com","+1.4165385457","","Contact Privacy Inc. Customer 0157829495","Contact Privacy Inc. Customer 0157829495","96 Mowat Ave","Toronto","ON","M6K 3M1","Canada","indegoextensions.com@contactprivacy.com","+1.4165385457","","","","","","","","","","","","ns-cloud-e1.googledomains.com","ns-cloud-e2.googledomains.com","ns-cloud-e3.googledomains.com","ns-cloud-e4.googledomains.com","clientTransferProhibited","clientUpdateProhibited","",""
"25","intellibelly.biz","2020-05-09 11:34:36","2020-05-06","2020-05-06","2021-05-06","146","GoDaddy.com, LLC","whois.godaddy.com","http://registrar.godaddy.com","Dr.","Dr.","","","Massachusetts","","United States","","","","","","","","","","","","","","","","","","","","","","","","","","","","","","","","","","ns59.domaincontrol.com","ns60.domaincontrol.com","","","addPeriod","clientDeleteProhibited","clientRenewProhibited","clientTransferProhibited"
"26","jclimited.biz","2020-05-09 17:35:05","2020-05-06","2020-05-06","2021-05-06","146","GoDaddy.com, LLC","whois.godaddy.com","http://registrar.godaddy.com","","","","","KYUNGBUK","","Korea","","","","","","","","","","","","","","","","","","","","","","","","","","","","","","","","","","ns1.dns-parking.com","ns2.dns-parking.com","","","addPeriod","clientDeleteProhibited","clientRenewProhibited","clientTransferProhibited"
"27","katoclinic.biz","2020-05-09 11:32:07","2020-05-06","","2021-05-06","49","GMO Internet Inc.","whois.discount-domain.com","http://www.onamae.com","Kato Clinic","Kato Clinic","","","Ehime","","Japan","","","","","","","","","","","","","","","","","","","","","","","","","","","","","","","","","","dns01.js-hpbs.jp","dns02.js-hpbs.jp","","","addPeriod","ok","",""
"28","knewmind.biz","2020-05-09 17:47:04","2020-05-06","2020-05-06","2021-05-06","146","GoDaddy.com, LLC","whois.godaddy.com","http://registrar.godaddy.com","","","","","Cambridgeshire","","United Kingdom","","","","","","","","","","","","","","","","","","","","","","","","","","","","","","","","","","ns75.domaincontrol.com","ns76.domaincontrol.com","","","addPeriod","clientDeleteProhibited","clientRenewProhibited","clientTransferProhibited"
"29","manifista.biz","2020-05-09 17:58:08","2020-05-06","2020-05-06","2021-05-06","1647","Hosting Concepts B.V. dba Openprovider","whois.registrar.eu","http://www.openprovider.com","","","","","","","United States","","","","","","","","","","","","","","","","","","","","","","","","","","","","","","","","","","ns1.us177.siteground.us","ns2.us177.siteground.us","","","addPeriod","clientTransferProhibited","",""
"30","max.biz","2020-05-09 18:01:43","2020-05-06","","2021-05-06","1489","Megazone Corp., dba HOSTING.KR","whois.hosting.kr","http://www.hosting.kr","Crystal International","Crystal International","","","Gangnam-gu","","Korea","","","","","","","","","","","","","","","","","","","","","","","","","","","","","","","","","","ns1.hosting.co.kr","ns2.hosting.co.kr","","","addPeriod","ok","",""
"31","office-n.biz","2020-05-09 09:44:30","2020-05-06","2020-05-06","2021-05-06","49","GMO Internet Inc.","whois.discount-domain.com","http://www.onamae.com","Whois Privacy Protection Service by MuuMuuDomain","Whois Privacy Protection Service by MuuMuuDomain","","","Fukuoka","","Japan","","","","","","","","","","","","","","","","","","","","","","","","","","","","","","","","","","uns01.lolipop.jp","uns02.lolipop.jp","","","addPeriod","clientTransferProhibited","",""
"32","pac3.biz","2020-05-09 09:28:23","2020-05-06","2020-05-06","2021-05-06","2","Network Solutions, LLC","whois.networksolutions.com","http://networksolutions.com","","","","","OK","","United States","","","","","","","","","","","","","","","","","","","","","","","","","","","","","","","","","","ns2.wixdns.net","ns3.wixdns.net","","","addPeriod","clientTransferProhibited","",""
"33","pdsos4az.com","2020-05-07 21:36:17","2020-05-06","2020-05-06","2021-05-06","440","Wild West Domains, LLC","whois.wildwestdomains.com","http://www.wildwestdomains.com","Registration Private","Domains By Proxy, LLC","DomainsByProxy.com 14455 N. Hayden Road","Scottsdale","Arizona","85260","United States","pdsos4az.com@domainsbyproxy.com","+1.4806242599","+1.4806242598","Registration Private","Domains By Proxy, LLC","DomainsByProxy.com 14455 N. Hayden Road","Scottsdale","Arizona","85260","United States","pdsos4az.com@domainsbyproxy.com","+1.4806242599","+1.4806242598","Registration Private","Domains By Proxy, LLC","DomainsByProxy.com 14455 N. Hayden Road","Scottsdale","Arizona","85260","United States","pdsos4az.com@domainsbyproxy.com","+1.4806242599","+1.4806242598","","","","","","","","","","","ns1-02.azure-dns.com","ns2-02.azure-dns.net","ns3-02.azure-dns.org","ns4-02.azure-dns.info","clientDeleteProhibited","clientRenewProhibited","clientTransferProhibited","clientUpdateProhibited"
"34","picaorion.biz","2020-05-09 09:14:17","2020-05-06","2020-05-06","2022-05-06","2","Network Solutions, LLC","whois.networksolutions.com","http://networksolutions.com","","","","","FL","","United States","","","","","","","","","","","","","","","","","","","","","","","","","","","","","","","","","","ns8.wixdns.net","ns9.wixdns.net","","","addPeriod","clientTransferProhibited","",""
"35","plumbersserverstee0uq2.biz","2020-05-09 09:06:29","2020-05-06","2020-05-08","2021-05-06","472","Dynadot, LLC","whois.dynadot.com","http://www.dynadot.com","","","","","California","","United States","","","","","","","","","","","","","","","","","","","","","","","","","","","","","","","","","","ns1.phonesear.ch","ns2.phonesear.ch","ns3.phonesear.ch","","addPeriod","clientTransferProhibited","",""
"36","promokod-vulkan.biz","2020-05-09 08:50:20","2020-05-06","2020-05-06","2021-05-06","303","PDR Ltd. d/b/a PublicDomainRegistry.com","whois.publicdomainregistry.com","http://www.publicdomainregistry.com","Privacy Protect, LLC (PrivacyProtect.org)","Privacy Protect, LLC (PrivacyProtect.org)","","","MA","","United States","","","","","","","","","","","","","","","","","","","","","","","","","","","","","","","","","","ns1.beget.com","ns1.beget.pro","ns2.beget.com","ns2.beget.pro","addPeriod","clientTransferProhibited","",""
"37","proskincaretraining.biz","2020-05-09 08:50:16","2020-05-06","2020-05-06","2023-05-06","146","GoDaddy.com, LLC","whois.godaddy.com","http://registrar.godaddy.com","Professional Skincare Training LLC","Professional Skincare Training LLC","","","Arizona","","United States","","","","","","","","","","","","","","","","","","","","","","","","","","","","","","","","","","ns75.domaincontrol.com","ns76.domaincontrol.com","","","addPeriod","clientDeleteProhibited","clientRenewProhibited","clientTransferProhibited"
"38","psychiatry.academy","2020-05-09 14:43:07","2020-05-06","2020-05-06","2021-05-06","1861","Porkbun, LLC","whois.porkbun.com","http://porkbun.com","REDACTED FOR PRIVACY","Private by Design, LLC","REDACTED FOR PRIVACY","REDACTED FOR PRIVACY","NC","REDACTED FOR PRIVACY","United States","","REDACTED FOR PRIVACY","REDACTED FOR PRIVACY","","","","","","","","","","","","","","","","","","","","","","","","","","","","","","","","","","","addPeriod","clientDeleteProhibited","clientTransferProhibited",""
"39","rahularora.academy","2020-05-09 14:43:05","2020-05-06","2020-05-07","2021-05-06","895","Google, Inc.","whois.rrpproxy.net","http://www.google.com","REDACTED FOR PRIVACY","Contact Privacy Inc. Customer 1247144442","REDACTED FOR PRIVACY","REDACTED FOR PRIVACY","ON","REDACTED FOR PRIVACY","Canada","","REDACTED FOR PRIVACY","REDACTED FOR PRIVACY","","","","","","","","","","","","","","","","","","","","","","","","","","","","","","","","","","","addPeriod","clientTransferProhibited","",""
"40","reshop.biz","2020-05-09 08:20:12","2020-05-06","2020-05-06","2021-05-06","146","GoDaddy.com, LLC","whois.godaddy.com","http://registrar.godaddy.com","SITE-MASTER","SITE-MASTER","","","Ohio","","United States","","","","","","","","","","","","","","","","","","","","","","","","","","","","","","","","","","ns73.domaincontrol.com","ns74.domaincontrol.com","","","addPeriod","clientDeleteProhibited","clientRenewProhibited","clientTransferProhibited"
"41","rituhasan.biz","2020-05-09 18:50:29","2020-05-06","2020-05-06","2021-05-06","146","GoDaddy.com, LLC","whois.godaddy.com","http://registrar.godaddy.com","","","","","California","","United States","","","","","","","","","","","","","","","","","","","","","","","","","","","","","","","","","","ns19.domaincontrol.com","ns20.domaincontrol.com","","","addPeriod","clientDeleteProhibited","clientRenewProhibited","clientTransferProhibited"
"42","rocks.academy","2020-05-09 14:42:54","2020-05-06","2020-05-06","2021-05-06","69","Tucows Domains Inc.","whois.tucows.com","http://domainhelp.opensrs.net","REDACTED FOR PRIVACY","Contact Privacy Inc. Customer 0157834816","REDACTED FOR PRIVACY","REDACTED FOR PRIVACY","ON","REDACTED FOR PRIVACY","Canada","","REDACTED FOR PRIVACY","REDACTED FOR PRIVACY","","","","","","","","","","","","","","","","","","","","","","","","","","","","","","","","","","","addPeriod","clientTransferProhibited","clientUpdateProhibited",""
"43","rsptransportllc.com","2020-05-09 20:56:38","2020-05-06","","2021-05-06","1068","NameCheap, Inc.","whois.namecheap.com","http://www.namecheap.com","WhoisGuard Protected","WhoisGuard, Inc.","P.O. Box 0823-03411","Panama","Panama","","Panama","627fb3bf973f4834885dffc81172cc9e.protect@whoisguard.com","+507.8365503","+51.17057182","WhoisGuard Protected","WhoisGuard, Inc.","P.O. Box 0823-03411","Panama","Panama","","Panama","627fb3bf973f4834885dffc81172cc9e.protect@whoisguard.com","+507.8365503","+51.17057182","WhoisGuard Protected","WhoisGuard, Inc.","P.O. Box 0823-03411","Panama","Panama","","Panama","627fb3bf973f4834885dffc81172cc9e.protect@whoisguard.com","+507.8365503","+51.17057182","","","","","","","","","","","dns1.registrar-servers.com","dns2.registrar-servers.com","","","addPeriod","clientTransferProhibited","",""
"44","schmidl.biz","2020-05-09 07:54:41","2020-05-06","2020-05-06","2021-05-06","1390","Mesh Digital Limited","whois.meshdigital.com","http://www.meshdigital.com","","","","","","","Germany","","","","","","","","","","","","","","","","","","","","","","","","","","","","","","","","","","ns.namespace4you.com","ns2.namespace4you.com","","","addPeriod","clientDeleteProhibited","clientTransferProhibited","clientUpdateProhibited"
"45","stonegoose.biz","2020-05-09 07:04:09","2020-05-06","2020-05-07","2021-05-06","303","PDR Ltd. d/b/a PublicDomainRegistry.com","whois.publicdomainregistry.com","http://www.publicdomainregistry.com","GDPR Masked","GDPR Masked","","","GDPR Masked","","United States","","","","","","","","","","","","","","","","","","","","","","","","","","","","","","","","","","ns6.az.pl","ns7.az.pl","ns8.az.pl","","addPeriod","clientTransferProhibited","",""
"46","stonextrading.biz","2020-05-09 07:04:08","2020-05-06","2020-05-06","2021-05-06","146","GoDaddy.com, LLC","whois.godaddy.com","http://registrar.godaddy.com","Domains By Proxy, LLC","Domains By Proxy, LLC","","","Arizona","","United States","","","","","","","","","","","","","","","","","","","","","","","","","","","","","","","","","","ns59.domaincontrol.com","ns60.domaincontrol.com","","","addPeriod","clientDeleteProhibited","clientRenewProhibited","clientTransferProhibited"
"47","storyfunnels.biz","2020-05-09 07:04:45","2020-05-06","2020-05-06","2021-05-06","146","GoDaddy.com, LLC","whois.godaddy.com","http://registrar.godaddy.com","Roquemore Media Group Inc.","Roquemore Media Group Inc.","","","Florida","","United States","","","","","","","","","","","","","","","","","","","","","","","","","","","","","","","","","","ns19.domaincontrol.com","ns20.domaincontrol.com","","","addPeriod","clientDeleteProhibited","clientRenewProhibited","clientTransferProhibited"
"48","tattaze.biz","2020-05-09 06:44:09","2020-05-06","","2021-05-06","1454","Nics Telekomünikasyon Ticaret Ltd. Şti.","whois.nicproxy.com","http://www.nicproxy.com","Evsa Yapi Ins. Tesisat Turizm Gida Makina Tic. Taah. Ve San. A.S","Evsa Yapi Ins. Tesisat Turizm Gida Makina Tic. Taah. Ve San. A.S","","","Cankaya","","Turkey","","","","","","","","","","","","","","","","","","","","","","","","","","","","","","","","","","ns1.natrohost.com","ns2.natrohost.com","","","addPeriod","ok","",""
"49","teetalks.biz","2020-05-09 06:40:11","2020-05-06","2020-05-06","2021-05-06","2","Network Solutions, LLC","whois.networksolutions.com","http://networksolutions.com","","","","","","","United Kingdom","","","","","","","","","","","","","","","","","","","","","","","","","","","","","","","","","","ns4.wixdns.net","ns5.wixdns.net","","","addPeriod","clientTransferProhibited","",""
"50","tekem.biz","2020-05-09 06:40:05","2020-05-06","2020-05-06","2021-05-06","303","PDR Ltd. d/b/a PublicDomainRegistry.com","whois.publicdomainregistry.com","http://www.publicdomainregistry.com","Private Person","Private Person","","","Shirvan","","Azerbaijan","","","","","","","","","","","","","","","","","","","","","","","","","","","","","","","","","","ns13.hostwap.az","ns14.hostwap.az","","","addPeriod","clientTransferProhibited","",""
"51","tempdns.biz","2020-05-09 19:20:47","2020-05-06","2020-05-06","2021-05-06","1068","NameCheap, Inc.","whois.namecheap.com","http://www.namecheap.com","WhoisGuard, Inc.","WhoisGuard, Inc.","","","Panama","","Panama","","","","","","","","","","","","","","","","","","","","","","","","","","","","","","","","","","dns1.registrar-servers.com","dns2.registrar-servers.com","","","addPeriod","clientTransferProhibited","",""
"52","thewing.amsterdam","2020-05-09 15:03:25","2020-05-06","","2021-05-06","2288","Metaregistrar BV Applications","whois.eu","","Redacted for privacy","Gokhan Ciftci","Redacted for privacy","Redacted for privacy","","Redacted for privacy","Netherlands","","Redacted for privacy","Redacted for privacy","REDACTED FOR PRIVACY","REDACTED FOR PRIVACY","REDACTED FOR PRIVACY","REDACTED FOR PRIVACY","","REDACTED FOR PRIVACY","REDACTED FOR PRIVACY","","REDACTED FOR PRIVACY","REDACTED FOR PRIVACY","REDACTED FOR PRIVACY","REDACTED FOR PRIVACY","REDACTED FOR PRIVACY","REDACTED FOR PRIVACY","","REDACTED FOR PRIVACY","REDACTED FOR PRIVACY","","REDACTED FOR PRIVACY","REDACTED FOR PRIVACY","","","","","","","","","","","ns1.metaregistrar.nl","ns2.metaregistrar.nl","","","OK","","",""
"53","thrivehomeproducts.com","2020-05-09 02:20:06","2020-05-06","","2021-05-06","1068","NameCheap, Inc.","whois.namecheap.com","http://www.namecheap.com","WhoisGuard Protected","WhoisGuard, Inc.","P.O. Box 0823-03411","Panama","Panama","","Panama","0fe89f110df348ecaa2667db6b2fd801.protect@whoisguard.com","+507.8365503","+51.17057182","WhoisGuard Protected","WhoisGuard, Inc.","P.O. Box 0823-03411","Panama","Panama","","Panama","0fe89f110df348ecaa2667db6b2fd801.protect@whoisguard.com","+507.8365503","+51.17057182","WhoisGuard Protected","WhoisGuard, Inc.","P.O. Box 0823-03411","Panama","Panama","","Panama","0fe89f110df348ecaa2667db6b2fd801.protect@whoisguard.com","+507.8365503","+51.17057182","","","","","","","","","","","dns1.registrar-servers.com","dns2.registrar-servers.com","","","addPeriod","clientTransferProhibited","",""
"54","triview.biz","2020-05-09 05:30:37","2020-05-06","2020-05-06","2021-05-06","106","Ascio Technologies, Inc. Danmark - Filial af Ascio technologies, Inc. USA","whois.ascio.com","http://www.ascio.com","Stevens Consultant","Stevens Consultant","","","","","Belgium","","","","","","","","","","","","","","","","","","","","","","","","","","","","","","","","","","ns3.combell.net","ns4.combell.net","","","addPeriod","clientTransferProhibited","",""
"55","tulyv.biz","2020-05-09 05:26:29","2020-05-06","2020-05-06","2022-05-06","146","GoDaddy.com, LLC","whois.godaddy.com","http://registrar.godaddy.com","Domains By Proxy, LLC","Domains By Proxy, LLC","","","Arizona","","United States","","","","","","","","","","","","","","","","","","","","","","","","","","","","","","","","","","ns11.domaincontrol.com","ns12.domaincontrol.com","","","addPeriod","clientDeleteProhibited","clientRenewProhibited","clientTransferProhibited"
"56","virtualafrica.biz","2020-05-09 04:10:18","2020-05-06","","2021-05-06","269","Key-Systems GmbH","whois.rrpproxy.net","http://www.key-systems.net","TY Dollar Partners","TY Dollar Partners","","","Kenya","","Kenya","","","","","","","","","","","","","","","","","","","","","","","","","","","","","","","","","","ns1.safaricombusiness.co.ke","ns2.safaricombusiness.co.ke","ns3.safaricombusiness.co.ke","ns4.safaricombusiness.co.ke","addPeriod","ok","",""
"57","wanwanba.club","2020-05-09 20:34:25","2020-05-06","2020-05-07","2021-05-06","1599","Alibaba Cloud Computing Ltd. d/b/a HiChina (www.net.cn)","http://whois.hichina.com/","http://www.net.cn","yang li jian","yang li jian","","","guang dong","","China","","","","","","","","","","","","","","","","","","","","","","","","","","","","","","","","","","dns31.hichina.com","dns32.hichina.com","","","addPeriod","ok","",""
"58","webtools.biz","2020-05-09 03:20:25","2020-05-06","","2021-05-06","269","Key-Systems GmbH","whois.rrpproxy.net","http://www.key-systems.net","WebTools.de","WebTools.de","","","","","Germany","","","","","","","","","","","","","","","","","","","","","","","","","","","","","","","","","","ns.second-ns.com","ns1.your-server.de","ns3.second-ns.de","","addPeriod","ok","",""
"59","weplant.biz","2020-05-09 03:10:09","2020-05-06","2020-05-06","2021-05-06","83","1&1 Internet AG","whois.schlund.info","http://1and1.com","1&1 Internet Inc","1&1 Internet Inc","","","PA","","United States","","","","","","","","","","","","","","","","","","","","","","","","","","","","","","","","","","ns1023.ui-dns.com","ns1086.ui-dns.org","ns1101.ui-dns.biz","ns1107.ui-dns.de","addPeriod","clientTransferProhibited","",""
"60","xn--2z1bo23cgta.biz","2020-05-09 02:26:43","2020-05-06","","2021-05-06","1132","Dotname Korea Corp.","whois.dotname.co.kr","http://www.dotname.co.kr","yun joon baek","yun joon baek","","","","","Korea","","","","","","","","","","","","","","","","","","","","","","","","","","","","","","","","","","ns11.dnstool.net","ns12.dnstool.net","ns13.dnstool.net","","addPeriod","ok","",""
"61","xpressbind.biz","2020-05-09 01:52:20","2020-05-06","2020-05-06","2023-05-06","2","Network Solutions, LLC","whois.networksolutions.com","http://networksolutions.com","Zurich Insurance Services, Inc.","Zurich Insurance Services, Inc.","","","FL","","United States","","","","","","","","","","","","","","","","","","","","","","","","","","","","","","","","","","ns25.worldnic.com","ns26.worldnic.com","","","addPeriod","clientTransferProhibited","",""
"62","ywtwrqtyquaasdoq.com","2020-05-09 02:43:18","2020-05-06","2020-05-06","2021-05-06","895","Google, Inc.","whois.rrpproxy.net","http://www.google.com","Contact Privacy Inc. Customer 1247150381","Contact Privacy Inc. Customer 1247150381","96 Mowat Ave","Toronto","ON","M4K 3K1","Canada","cphllhatl1ua@contactprivacy.email","+1.4165385487","","Contact Privacy Inc. Customer 1247150381","Contact Privacy Inc. Customer 1247150381","96 Mowat Ave","Toronto","ON","M4K 3K1","Canada","cphllhatl1ua@contactprivacy.email","+1.4165385487","","Contact Privacy Inc. Customer 1247150381","Contact Privacy Inc. Customer 1247150381","96 Mowat Ave","Toronto","ON","M4K 3K1","Canada","cphllhatl1ua@contactprivacy.email","+1.4165385487","","","","","","","","","","","","ns-cloud-e1.googledomains.com","ns-cloud-e2.googledomains.com","ns-cloud-e3.googledomains.com","ns-cloud-e4.googledomains.com","clientTransferProhibited","","",""
"63","zuiai4.com","2020-05-07 21:16:06","2020-05-06","2020-05-06","2021-05-06","420","HiChina Zhicheng Technology Limited","grs-whois.hichina.com","http://www.net.cn","","","","","guang dong","","China","","","","","","","","","","","","","","","","","","","","","","","","","","","","","","","","","","dns15.hichina.com","dns16.hichina.com","","","OK","","",""