"num","domain_name","query_time","create_date","update_date","expiry_date","domain_registrar_id","domain_registrar_name","domain_registrar_whois","domain_registrar_url","registrant_name","registrant_company","registrant_address","registrant_city","registrant_state","registrant_zip","registrant_country","registrant_email","registrant_phone","registrant_fax","administrative_name","administrative_company","administrative_address","administrative_city","administrative_state","administrative_zip","administrative_country","administrative_email","administrative_phone","administrative_fax","technical_name","technical_company","technical_address","technical_city","technical_state","technical_zip","technical_country","technical_email","technical_phone","technical_fax","billing_name","billing_company","billing_address","billing_city","billing_state","billing_zip","billing_country","billing_email","billing_phone","billing_fax","name_server_1","name_server_2","name_server_3","name_server_4","domain_status_1","domain_status_2","domain_status_3","domain_status_4"
"1","betaalpas-vervang.info","2020-05-03 18:57:45","2020-05-02","2020-05-02","2021-05-02","1741","Shinjiru MSC Sdn Bhd","whois.ilovewww.com","http://www.ilovewww.com","GDPR Masked","GDPR Masked","","","GDPR Masked","","United States","","","","","","","","","","","","","","","","","","","","","","","","","","","","","","","","","","ns1.incodns.net","ns2.incodns.net","","","addPeriod","clientTransferProhibited","serverTransferProhibited",""
"2","brysonrecycling.biz","2020-05-09 16:18:06","2020-05-02","2020-05-07","2021-05-02","146","GoDaddy.com, LLC","whois.godaddy.com","http://registrar.godaddy.com","Domains By Proxy, LLC","Domains By Proxy, LLC","","","Arizona","","United States","","","","","","","","","","","","","","","","","","","","","","","","","","","","","","","","","","ns43.domaincontrol.com","ns44.domaincontrol.com","","","clientDeleteProhibited","clientRenewProhibited","clientTransferProhibited","clientUpdateProhibited"
"3","cloudoffantasy.com","2020-05-04 20:01:19","2020-05-02","2020-05-02","2022-05-02","146","GoDaddy.com, LLC","whois.godaddy.com","http://registrar.godaddy.com","","","","","California","","United States","","","","","","","","","","","","","","","","","","","","","","","","","","","","","","","","","","ns-1295.awsdns-33.org","ns-1920.awsdns-48.co.uk","ns-58.awsdns-07.com","ns-612.awsdns-12.net","clientDeleteProhibited","clientRenewProhibited","clientTransferProhibited","clientUpdateProhibited"
"4","enviohub.com","2020-05-03 20:24:28","2020-05-02","2020-05-02","2021-05-02","1861","Porkbun, LLC","whois.porkbun.com","http://porkbun.com","Whois Privacy","Private by Design, LLC","500 Westover Dr #9816","Sanford","NC","27330","United States","","+1.9712666028","","Whois Privacy","Private by Design, LLC","500 Westover Dr #9816","Sanford","NC","27330","United States","","+1.9712666028","","Whois Privacy","Private by Design, LLC","500 Westover Dr #9816","Sanford","NC","27330","United States","","+1.9712666028","","","","","","","","","","","","ns1.dombd.com","ns2.dombd.com","","","clientDeleteProhibited","clientTransferProhibited","",""
"5","insulationstore.biz","2020-05-09 11:34:39","2020-05-02","2020-05-07","2021-05-02","303","PDR Ltd. d/b/a PublicDomainRegistry.com","whois.publicdomainregistry.com","http://www.publicdomainregistry.com","GDPR Masked","GDPR Masked","","","GDPR Masked","","United States","","","","","","","","","","","","","","","","","","","","","","","","","","","","","","","","","","ns21.cloudns.net","ns22.cloudns.net","ns23.cloudns.net","ns24.cloudns.net","clientTransferProhibited","","",""
"6","invoicing.biz","2020-05-09 17:34:04","2020-05-02","2020-05-07","2021-05-02","472","Dynadot, LLC","whois.dynadot.com","http://www.dynadot.com","","","","","California","","United States","","","","","","","","","","","","","","","","","","","","","","","","","","","","","","","","","","ns1.dynadot.com","ns2.dynadot.com","","","clientTransferProhibited","","",""
"7","invoyce.biz","2020-05-09 17:34:03","2020-05-02","2020-05-07","2021-05-02","146","GoDaddy.com, LLC","whois.godaddy.com","http://registrar.godaddy.com","APPSPACE INNOVATION PVT LTD","APPSPACE INNOVATION PVT LTD","","","Telangana","","India","","","","","","","","","","","","","","","","","","","","","","","","","","","","","","","","","","ns03.domaincontrol.com","ns04.domaincontrol.com","","","clientDeleteProhibited","clientRenewProhibited","clientTransferProhibited","clientUpdateProhibited"
"8","kamandula.biz","2020-05-09 11:32:05","2020-05-02","2020-05-07","2021-05-02","69","Tucows Domains Inc.","whois.tucows.com","http://domainhelp.opensrs.net","Contact Privacy Inc. Customer 0157779562","Contact Privacy Inc. Customer 0157779562","","","ON","","Canada","","","","","","","","","","","","","","","","","","","","","","","","","","","","","","","","","","yns1.yahoo.com","yns2.yahoo.com","","","clientTransferProhibited","clientUpdateProhibited","",""
"9","lonestarfencepros.com","2020-05-04 20:02:01","2020-05-02","2020-05-02","2021-05-02","1531","Automattic Inc.","whois.ripn.net","http://alohanic.com","Private Whois","Knock Knock WHOIS Not There, LLC","9450 SW Gemini Dr #63259","Beaverton","","97008-7105","United States","lonestarfencepros.com@privatewho.is","+1.8772738550","","Private Whois","Knock Knock WHOIS Not There, LLC","9450 SW Gemini Dr #63259","Beaverton","","97008-7105","United States","lonestarfencepros.com@privatewho.is","+1.8772738550","","Private Whois","Knock Knock WHOIS Not There, LLC","9450 SW Gemini Dr #63259","Beaverton","","97008-7105","United States","lonestarfencepros.com@privatewho.is","+1.8772738550","","Private Whois","Knock Knock WHOIS Not There, LLC","9450 SW Gemini Dr #63259","Beaverton","","97008-7105","United States","lonestarfencepros.com@privatewho.is","+1.8772738550","","ns1.wordpress.com","ns2.wordpress.com","ns3.wordpress.com","","clientTransferProhibited","","",""
"10","medicalcenterclinic.biz","2020-05-09 10:54:32","2020-05-02","2020-05-07","2021-05-02","625","Name.com, Inc.","whois.name.com","http://www.name.com","","","","","CA","","United States","","","","","","","","","","","","","","","","","","","","","","","","","","","","","","","","","","ns1mtw.name.com","ns2bkr.name.com","ns3cqz.name.com","ns4fmw.name.com","clientTransferProhibited","","",""
"11","myuniv.biz","2020-05-09 10:14:06","2020-05-02","2020-05-07","2021-05-02","1495","BigRock Solutions Ltd.","whois.bigrock.com","http://www.bigrock.com","","","","","Karnataka","","India","","","","","","","","","","","","","","","","","","","","","","","","","","","","","","","","","","sns401.bigrock.com","sns402.bigrock.com","","","clientTransferProhibited","","",""
"12","nimmio.biz","2020-05-09 18:17:19","2020-05-02","2020-05-07","2021-05-02","146","GoDaddy.com, LLC","whois.godaddy.com","http://registrar.godaddy.com","BonzoHeads Interactive LLP","BonzoHeads Interactive LLP","","","Hariyana","","India","","","","","","","","","","","","","","","","","","","","","","","","","","","","","","","","","","ns39.domaincontrol.com","ns40.domaincontrol.com","","","clientDeleteProhibited","clientRenewProhibited","clientTransferProhibited","clientUpdateProhibited"
"13","nirxjfk.biz","2020-05-09 18:17:14","2020-05-02","2020-05-07","2021-05-02","49","GMO Internet Inc.","whois.discount-domain.com","http://www.onamae.com","Create,LLC","Create,LLC","","","Chiba","","Japan","","","","","","","","","","","","","","","","","","","","","","","","","","","","","","","","","","ns1.pom-g01.net","ns2.pom-g01.net","","","OK","","",""
"14","pedgog.biz","2020-05-09 18:30:11","2020-05-02","2020-05-07","2021-05-02","303","PDR Ltd. d/b/a PublicDomainRegistry.com","whois.publicdomainregistry.com","http://www.publicdomainregistry.com","IKR","IKR","","","Maharashtra","","India","","","","","","","","","","","","","","","","","","","","","","","","","","","","","","","","","","dns3.parkpage.foundationapi.com","dns4.parkpage.foundationapi.com","","","clientTransferProhibited","","",""
"15","picante.biz","2020-05-09 09:14:15","2020-05-02","2020-05-07","2021-05-02","1068","NameCheap, Inc.","whois.namecheap.com","http://www.namecheap.com","WhoisGuard, Inc.","WhoisGuard, Inc.","","","Panama","","Panama","","","","","","","","","","","","","","","","","","","","","","","","","","","","","","","","","","dns1.registrar-servers.com","dns2.registrar-servers.com","","","clientTransferProhibited","","",""
"16","prolificcleaners.biz","2020-05-09 08:50:23","2020-05-02","2020-05-07","2022-05-02","146","GoDaddy.com, LLC","whois.godaddy.com","http://registrar.godaddy.com","Domains By Proxy, LLC","Domains By Proxy, LLC","","","Arizona","","United States","","","","","","","","","","","","","","","","","","","","","","","","","","","","","","","","","","ns25.domaincontrol.com","ns26.domaincontrol.com","","","clientDeleteProhibited","clientRenewProhibited","clientTransferProhibited","clientUpdateProhibited"
"17","prom2020online.biz","2020-05-09 08:50:22","2020-05-02","2020-05-07","2021-05-02","146","GoDaddy.com, LLC","whois.godaddy.com","http://registrar.godaddy.com","PeniMill","PeniMill","","","Texas","","United States","","","","","","","","","","","","","","","","","","","","","","","","","","","","","","","","","","ns21.domaincontrol.com","ns22.domaincontrol.com","","","clientDeleteProhibited","clientRenewProhibited","clientTransferProhibited","clientUpdateProhibited"
"18","rentsplit.biz","2020-05-09 08:20:26","2020-05-02","2020-05-07","2021-05-02","895","Google, Inc.","whois.rrpproxy.net","http://www.google.com","Contact Privacy Inc. Customer 1247110997","Contact Privacy Inc. Customer 1247110997","","","ON","","Canada","","","","","","","","","","","","","","","","","","","","","","","","","","","","","","","","","","ns-cloud-e1.googledomains.com","ns-cloud-e2.googledomains.com","ns-cloud-e3.googledomains.com","ns-cloud-e4.googledomains.com","clientTransferProhibited","","",""
"19","repelisplus.biz","2020-05-09 08:20:23","2020-05-02","2020-05-07","2021-05-02","625","Name.com, Inc.","whois.name.com","http://www.name.com","Domain Protection Services, Inc.","Domain Protection Services, Inc.","","","CO","","United States","","","","","","","","","","","","","","","","","","","","","","","","","","","","","","","","","","ns4731.banahosting.com","ns4732.banahosting.com","","","clientTransferProhibited","","",""
"20","resellerhosting.biz","2020-05-09 08:20:17","2020-05-02","2020-05-07","2021-05-02","472","Dynadot, LLC","whois.dynadot.com","http://www.dynadot.com","","","","","California","","United States","","","","","","","","","","","","","","","","","","","","","","","","","","","","","","","","","","ns1.dynadot.com","ns2.dynadot.com","","","clientTransferProhibited","","",""
"21","simplydisinfect.co","2020-05-09 23:08:31","2020-05-02","2020-05-07","2021-05-02","146","GoDaddy.com, LLC","whois.godaddy.com","http://registrar.godaddy.com","","","","","Colorado","","United States","","","","","","","","","","","","","","","","","","","","","","","","","","","","","","","","","","pdns03.domaincontrol.com","pdns04.domaincontrol.com","","","clientDeleteProhibited","clientRenewProhibited","clientTransferProhibited","clientUpdateProhibited"
"22","thefinishingshoppe.com","2020-05-03 19:07:38","2020-05-02","2020-05-02","2021-05-02","146","GoDaddy.com, LLC","whois.godaddy.com","http://registrar.godaddy.com","","","","","Upper Austria","","Austria","","","","","","","","","","","","","","","","","","","","","","","","","","","","","","","","","","ns43.domaincontrol.com","ns44.domaincontrol.com","","","clientDeleteProhibited","clientRenewProhibited","clientTransferProhibited","clientUpdateProhibited"
"23","theno-nonsenselife.com","2020-05-03 21:07:12","2020-05-02","2020-05-02","2021-05-02","895","Google, Inc.","whois.rrpproxy.net","http://www.google.com","Contact Privacy Inc. Customer 1247069287","Contact Privacy Inc. Customer 1247069287","96 Mowat Ave","Toronto","ON","M4K 3K1","Canada","ersvjawe62hi@contactprivacy.email","+1.4165385487","","Contact Privacy Inc. Customer 1247069287","Contact Privacy Inc. Customer 1247069287","96 Mowat Ave","Toronto","ON","M4K 3K1","Canada","ersvjawe62hi@contactprivacy.email","+1.4165385487","","Contact Privacy Inc. Customer 1247069287","Contact Privacy Inc. Customer 1247069287","96 Mowat Ave","Toronto","ON","M4K 3K1","Canada","ersvjawe62hi@contactprivacy.email","+1.4165385487","","","","","","","","","","","","ns2.wixdns.net","ns3.wixdns.net","","","OK","","",""
"24","thriftygoat.biz","2020-05-09 06:26:28","2020-05-02","2020-05-07","2021-05-02","69","Tucows Domains Inc.","whois.tucows.com","http://domainhelp.opensrs.net","Contact Privacy Inc. Customer 0157784928","Contact Privacy Inc. Customer 0157784928","","","ON","","Canada","","","","","","","","","","","","","","","","","","","","","","","","","","","","","","","","","","yns1.yahoo.com","yns2.yahoo.com","","","clientTransferProhibited","clientUpdateProhibited","",""
"25","timetraveller.biz","2020-05-09 06:26:19","2020-05-02","2020-05-07","2021-05-02","303","PDR Ltd. d/b/a PublicDomainRegistry.com","whois.publicdomainregistry.com","http://www.publicdomainregistry.com","Privacy Protect, LLC (PrivacyProtect.org)","Privacy Protect, LLC (PrivacyProtect.org)","","","MA","","United States","","","","","","","","","","","","","","","","","","","","","","","","","","","","","","","","","","ns1.guzelhosting.com","ns11.guzelhosting.com","ns12.guzelhosting.com","ns2.guzelhosting.com","clientTransferProhibited","","",""
"26","timhickey.biz","2020-05-09 06:26:18","2020-05-02","2020-05-07","2021-05-02","895","Google, Inc.","whois.rrpproxy.net","http://www.google.com","Contact Privacy Inc. Customer 1247111777","Contact Privacy Inc. Customer 1247111777","","","ON","","Canada","","","","","","","","","","","","","","","","","","","","","","","","","","","","","","","","","","ns-cloud-a1.googledomains.com","ns-cloud-a2.googledomains.com","ns-cloud-a3.googledomains.com","ns-cloud-a4.googledomains.com","clientTransferProhibited","","",""
"27","timhockenberry.biz","2020-05-09 06:26:18","2020-05-02","2020-05-07","2021-05-02","146","GoDaddy.com, LLC","whois.godaddy.com","http://registrar.godaddy.com","Domains By Proxy, LLC","Domains By Proxy, LLC","","","Arizona","","United States","","","","","","","","","","","","","","","","","","","","","","","","","","","","","","","","","","ns17.domaincontrol.com","ns18.domaincontrol.com","","","clientDeleteProhibited","clientRenewProhibited","clientTransferProhibited","clientUpdateProhibited"
"28","traveldolo.com","2020-05-04 20:26:55","2020-05-02","2020-05-02","2021-05-02","1515","Webfusion Ltd.","whois.123-reg.co.uk","http://www.123-reg.co.uk","REDACTED FOR PRIVACY","","REDACTED FOR PRIVACY","REDACTED FOR PRIVACY","","REDACTED FOR PRIVACY","Bangladesh","","REDACTED FOR PRIVACY","REDACTED FOR PRIVACY","","","","","","","","","","","","","","","","","","","","","","","","","","","","","","","ns1.unlimithosting.com","ns2.unlimithosting.com","","","clientDeleteProhibited","clientTransferProhibited","clientUpdateProhibited",""
"29","westernbakeriesjm.com","2020-05-04 20:02:01","2020-05-02","2020-05-02","2021-05-02","146","GoDaddy.com, LLC","whois.godaddy.com","http://registrar.godaddy.com","","","","","Pistoia","","Italy","","","","","","","","","","","","","","","","","","","","","","","","","","","","","","","","","","ns35.domaincontrol.com","ns36.domaincontrol.com","","","clientDeleteProhibited","clientRenewProhibited","clientTransferProhibited","clientUpdateProhibited"
"30","ykwfdd.biz","2020-05-09 01:36:30","2020-05-02","2020-05-07","2021-05-02","49","GMO Internet Inc.","whois.discount-domain.com","http://www.onamae.com","Create,LLC","Create,LLC","","","Chiba","","Japan","","","","","","","","","","","","","","","","","","","","","","","","","","","","","","","","","","ns124-02.ace02-gm.net","ns124.ace02-gm.net","","","OK","","",""
"31","yugemail.biz","2020-05-09 01:23:37","2020-05-02","2020-05-07","2021-05-02","49","GMO Internet Inc.","whois.discount-domain.com","http://www.onamae.com","Whois Privacy Protection Service by onamae.com","Whois Privacy Protection Service by onamae.com","","","Tokyo","","Japan","","","","","","","","","","","","","","","","","","","","","","","","","","","","","","","","","","01.dnsv.jp","02.dnsv.jp","03.dnsv.jp","04.dnsv.jp","OK","","",""
"32","zamsecure.com","2020-05-04 19:47:20","2020-05-02","2020-05-02","2021-05-02","146","GoDaddy.com, LLC","whois.godaddy.com","http://registrar.godaddy.com","ITLOGi","ITLOGi","","","Punjab","","Pakistan","","","","","","","","","","","","","","","","","","","","","","","","","","","","","","","","","","dns1.namecheaphosting.com","dns2.namecheaphosting.com","","","clientDeleteProhibited","clientRenewProhibited","clientTransferProhibited","clientUpdateProhibited"