"num","domain_name","query_time","create_date","update_date","expiry_date","domain_registrar_id","domain_registrar_name","domain_registrar_whois","domain_registrar_url","registrant_name","registrant_company","registrant_address","registrant_city","registrant_state","registrant_zip","registrant_country","registrant_email","registrant_phone","registrant_fax","administrative_name","administrative_company","administrative_address","administrative_city","administrative_state","administrative_zip","administrative_country","administrative_email","administrative_phone","administrative_fax","technical_name","technical_company","technical_address","technical_city","technical_state","technical_zip","technical_country","technical_email","technical_phone","technical_fax","billing_name","billing_company","billing_address","billing_city","billing_state","billing_zip","billing_country","billing_email","billing_phone","billing_fax","name_server_1","name_server_2","name_server_3","name_server_4","domain_status_1","domain_status_2","domain_status_3","domain_status_4"
"1","amazonnpr.com","2020-05-08 19:53:16","2020-05-07","2020-05-07","2021-05-07","2","Network Solutions, LLC","whois.networksolutions.com","http://networksolutions.com","engelskirchen  kitchen","engelskirchen  kitchen","155  Kelly Street","Concord","","NC","Afghanistan","pelecita66@yahoo.com","704-920-8331","","engelskirchen  kitchen","engelskirchen  kitchen","155  Kelly Street","Concord","","NC","Afghanistan","pelecita66@yahoo.com","704-920-8331","","engelskirchen  kitchen","engelskirchen  kitchen","155  Kelly Street","Concord","","NC","Afghanistan","pelecita66@yahoo.com","704-920-8331","","","","","","","","","","","","ns43.worldnic.com","ns44.worldnic.com","","","clientTransferProhibited","","",""
"2","avghna.com","2020-05-08 20:53:23","2020-05-07","2020-05-07","2021-05-07","82","OnlineNIC, Inc.","whois.onlinenic.com","http://www.onlinenic.com","Jafar Frotan","Zeytoon","Karte 3","Pole Surkh","Kabul","1001","Afghanistan","info@zeytoon.ws","+93.790907050","+93.790907050","Jafar Frotan","Zeytoon","Karte 3","Pole Surkh","Kabul","1001","Afghanistan","info@zeytoon.ws","+93.790907050","+93.790907050","Jafar Frotan","Zeytoon","Karte 3","Pole Surkh","Kabul","1001","Afghanistan","info@zeytoon.ws","+93.790907050","+93.790907050","","","","","","","","","","","ns70.zeytoon.ws","ns90.zeytoon.ws","","","clientTransferProhibited","","",""
"3","claritypartnerslp.net","2020-05-08 19:03:38","2020-05-07","","2021-05-07","1068","NameCheap, Inc.","whois.namecheap.com","http://www.namecheap.com","Leydy Mendez","","33 W 46th st 3rd fl","New York","33","10036","Afghanistan","peter.parren@coleparmer.com","+1.3247548856","","Leydy Mendez","","33 W 46th st 3rd fl","New York","33","10036","Afghanistan","peter.parren@coleparmer.com","+1.3247548856","","Leydy Mendez","","33 W 46th st 3rd fl","New York","33","10036","Afghanistan","peter.parren@coleparmer.com","+1.3247548856","","","","","","","","","","","","ns1.bdm.microsoftonline.com","ns2.bdm.microsoftonline.com","ns3.bdm.microsoftonline.com","ns4.bdm.microsoftonline.com","clientTransferProhibited","","",""
"4","ggsio.com","2020-05-08 20:42:26","2020-05-07","2020-05-07","2021-05-07","69","Tucows Domains Inc.","whois.tucows.com","http://domainhelp.opensrs.net","REDACTED FOR PRIVACY","REDACTED FOR PRIVACY","REDACTED FOR PRIVACY","REDACTED FOR PRIVACY","afghanistan","REDACTED FOR PRIVACY","Afghanistan","","REDACTED FOR PRIVACY","REDACTED FOR PRIVACY","REDACTED FOR PRIVACY","REDACTED FOR PRIVACY","REDACTED FOR PRIVACY","REDACTED FOR PRIVACY","REDACTED FOR PRIVACY","REDACTED FOR PRIVACY","REDACTED FOR PRIVACY","","REDACTED FOR PRIVACY","REDACTED FOR PRIVACY","REDACTED FOR PRIVACY","REDACTED FOR PRIVACY","REDACTED FOR PRIVACY","REDACTED FOR PRIVACY","REDACTED FOR PRIVACY","REDACTED FOR PRIVACY","REDACTED FOR PRIVACY","","REDACTED FOR PRIVACY","REDACTED FOR PRIVACY","","","","","","","","","","","ns8481.hostgator.com","ns8482.hostgator.com","","","clientTransferProhibited","clientUpdateProhibited","",""
"5","khoshkbartohid.com","2020-05-08 20:38:13","2020-05-07","2020-05-07","2021-05-07","82","OnlineNIC, Inc.","whois.onlinenic.com","http://www.onlinenic.com","majid honarvar","tohid","1 Queen Caroline Close","Hove","east sussex","BN3 7GS","Afghanistan","majidhonarvar81@gmail.com","+44.1273271660","+44.1273271660","majid honarvar","tohid","1 Queen Caroline Close","Hove","east sussex","BN3 7GS","Afghanistan","majidhonarvar81@gmail.com","+44.1273271660","+44.1273271660","majid honarvar","tohid","1 Queen Caroline Close","Hove","east sussex","BN3 7GS","Afghanistan","majidhonarvar81@gmail.com","+44.1273271660","+44.1273271660","","","","","","","","","","","ns1.mihannic.com","ns2.mihannic.com","","","OK","","",""
"6","monibox.net","2020-05-09 00:31:39","2020-05-07","2020-05-07","2021-05-07","955","Launchpad, Inc.","whois.launchpad.com","http://www.launchpad.com","Hamid Zia","eStore","karte 4 street1  jamal meena","kabul","Kabol","8001","Afghanistan","omed.zia@hotmail.com","+93.795051518","","Hamid Zia","eStore","karte 4 street1  jamal meena","kabul","Kabol","8001","Afghanistan","omed.zia@hotmail.com","+93.795051518","","Hamid Zia","eStore","karte 4 street1  jamal meena","kabul","Kabol","8001","Afghanistan","omed.zia@hotmail.com","+93.795051518","","","","","","","","","","","","ns-1583.awsdns-05.co.uk","ns-699.awsdns-23.net","","","clientTransferProhibited","","",""
"7","plusfam.info","2020-05-09 00:40:22","2020-05-07","","2025-05-07","82","OnlineNIC, Inc.","whois.onlinenic.com","http://www.onlinenic.com","plusFAM","plusFAM","","","east sussex","","Afghanistan","","","","","","","","","","","","","","","","","","","","","","","","","","","","","","","","","","ns1.mihannic.com","ns2.mihannic.com","","","addPeriod","serverTransferProhibited","",""
"8","plusfam.net","2020-05-09 00:29:19","2020-05-07","2020-05-07","2025-05-07","82","OnlineNIC, Inc.","whois.onlinenic.com","http://www.onlinenic.com","plusFAM","plusFAM","1 Queen Caroline Close","Hove","east sussex","BN3 7GS","Afghanistan","info@famco.co.ir","+44.1273271660","+44.1273271660","Masoud Naseri","plusFAM","1 Queen Caroline Close","Hove","east sussex","BN3 7GS","Afghanistan","info@famco.co.ir","+44.1273271660","+44.1273271660","Masoud Naseri","plusFAM","1 Queen Caroline Close","Hove","east sussex","BN3 7GS","Afghanistan","info@famco.co.ir","+44.1273271660","+44.1273271660","","","","","","","","","","","ns1.mihannic.com","ns2.mihannic.com","","","OK","","",""
"9","smohseni.com","2020-05-08 19:40:59","2020-05-07","2020-05-07","2021-05-07","82","OnlineNIC, Inc.","whois.onlinenic.com","http://www.onlinenic.com","mohsenisaeideh","mohsenisaeideh","am wall","Bm","hb","28195","Afghanistan","mohsenisaeideh@gmail.com","+49.1702381155","+49.1702381155","mohsenisaeideh","mohsenisaeideh","am wall","Bm","hb","28195","Afghanistan","mohsenisaeideh@gmail.com","+49.1702381155","+49.1702381155","mohsenisaeideh","mohsenisaeideh","am wall","Bm","hb","28195","Afghanistan","mohsenisaeideh@gmail.com","+49.1702381155","+49.1702381155","","","","","","","","","","","ns1.hannoverit.com","ns2.hannoverit.com","","","OK","","",""
"10","toastwallet.net","2020-05-09 00:28:19","2020-05-07","2020-05-07","2021-05-07","82","OnlineNIC, Inc.","whois.onlinenic.com","http://www.onlinenic.com","toast wallet","toastwallet","usa","usa","usa","50219","Afghanistan","1664063798@qq.com","+1.4072164157","+1.4072164157","toast wallet","toastwallet","usa","usa","usa","50219","Afghanistan","1664063798@qq.com","+1.4072164157","+1.4072164157","toast wallet","toastwallet","usa","usa","usa","50219","Afghanistan","1664063798@qq.com","+1.4072164157","+1.4072164157","","","","","","","","","","","ns1.dns-diy.net","ns2.dns-diy.net","","","clientTransferProhibited","","",""