"num","domain_name","query_time","create_date","update_date","expiry_date","domain_registrar_id","domain_registrar_name","domain_registrar_whois","domain_registrar_url","registrant_name","registrant_company","registrant_address","registrant_city","registrant_state","registrant_zip","registrant_country","registrant_email","registrant_phone","registrant_fax","administrative_name","administrative_company","administrative_address","administrative_city","administrative_state","administrative_zip","administrative_country","administrative_email","administrative_phone","administrative_fax","technical_name","technical_company","technical_address","technical_city","technical_state","technical_zip","technical_country","technical_email","technical_phone","technical_fax","billing_name","billing_company","billing_address","billing_city","billing_state","billing_zip","billing_country","billing_email","billing_phone","billing_fax","name_server_1","name_server_2","name_server_3","name_server_4","domain_status_1","domain_status_2","domain_status_3","domain_status_4"
"1","1000dinars.com","2020-05-08 20:44:56","2020-05-07","2020-05-07","2021-05-07","82","OnlineNIC, Inc.","whois.onlinenic.com","http://www.onlinenic.com","BENZIDOUN  ABDELKADER","DZAIR INFO","Bt 13 A Local N 03 Bab Ezzouar","Algiers","Algeria","16042","Algeria","benzidoun@dzair-info.com","+213.21240329","+213.21240376","BENZIDOUN  ABDELKADER","DZAIR INFO","Bt 13 A Local N 03 Bab Ezzouar","Algiers","Algeria","16042","Algeria","benzidoun@dzair-info.com","+213.21240329","+213.21240376","BENZIDOUN  ABDELKADER","DZAIR INFO","Bt 13 A Local N 03 Bab Ezzouar","Algiers","Algeria","16042","Algeria","benzidoun@dzair-info.com","+213.21240329","+213.21240376","","","","","","","","","","","ns365.websitewelcome.com","ns366.websitewelcome.com","","","clientTransferProhibited","","",""
"2","alarabelyoum.com","2020-05-08 19:20:46","2020-05-07","2020-05-07","2021-05-07","146","GoDaddy.com, LLC","whois.godaddy.com","http://registrar.godaddy.com","","","","","msila","","Algeria","","","","","","","","","","","","","","","","","","","","","","","","","","","","","","","","","","ns11.domaincontrol.com","ns12.domaincontrol.com","","","clientDeleteProhibited","clientRenewProhibited","clientTransferProhibited","clientUpdateProhibited"
"3","assiremivahlal.com","2020-05-08 20:27:19","2020-05-06","2020-05-06","2021-05-06","1630","Ligne Web Services SARL","whois.nic.fr","http://www.ait.com","","","","","","","Algeria","60e9a73a4826adc167ce53f75057104c@whois-anonymous.com","","","","","","","","","Algeria","60e9a73a4826adc167ce53f75057104c@whois-anonymous.com","","","","","","","","","Algeria","60e9a73a4826adc167ce53f75057104c@whois-anonymous.com","","","","","","","","","Algeria","60e9a73a4826adc167ce53f75057104c@whois-anonymous.com","","","","","","","More","clientTransferProhibited","informations","on"
"4","atnewsdz.com","2020-05-08 20:46:58","2020-05-07","2020-05-07","2021-05-07","146","GoDaddy.com, LLC","whois.godaddy.com","http://registrar.godaddy.com","","","","","Mila","","Algeria","","","","","","","","","","","","","","","","","","","","","","","","","","","","","","","","","","ns31.boxsecured.com","ns32.boxsecured.com","","","clientDeleteProhibited","clientRenewProhibited","clientTransferProhibited","clientUpdateProhibited"
"5","attssawakenligne.com","2020-05-08 21:08:56","2020-05-06","2020-05-07","2021-05-06","81","Gandi SAS","whois.gandi.net","http://www.gandi.net","REDACTED FOR PRIVACY","","REDACTED FOR PRIVACY","REDACTED FOR PRIVACY","","REDACTED FOR PRIVACY","Algeria","8a3d4ba652913e60979aec8fdc2c05df-18922157@contact.gandi.net","REDACTED FOR PRIVACY","REDACTED FOR PRIVACY","REDACTED FOR PRIVACY","REDACTED FOR PRIVACY","REDACTED FOR PRIVACY","REDACTED FOR PRIVACY","REDACTED FOR PRIVACY","REDACTED FOR PRIVACY","REDACTED FOR PRIVACY","8a3d4ba652913e60979aec8fdc2c05df-18922157@contact.gandi.net","REDACTED FOR PRIVACY","REDACTED FOR PRIVACY","REDACTED FOR PRIVACY","REDACTED FOR PRIVACY","REDACTED FOR PRIVACY","REDACTED FOR PRIVACY","REDACTED FOR PRIVACY","REDACTED FOR PRIVACY","REDACTED FOR PRIVACY","8a3d4ba652913e60979aec8fdc2c05df-18922157@contact.gandi.net","REDACTED FOR PRIVACY","REDACTED FOR PRIVACY","","","","","","","","","","","a.dns.gandi.net","b.dns.gandi.net","c.dns.gandi.net","","clientTransferProhibited","","",""
"6","battlefac.com","2020-05-08 19:58:01","2020-05-07","2020-05-07","2021-05-07","1630","Ligne Web Services SARL","whois.nic.fr","http://www.ait.com","","","","","","","Algeria","b1607805a1979583cfa56dc254fe93b8@whois-anonymous.com","","","","","","","","","Algeria","b1607805a1979583cfa56dc254fe93b8@whois-anonymous.com","","","","","","","","","Algeria","b1607805a1979583cfa56dc254fe93b8@whois-anonymous.com","","","","","","","","","Algeria","b1607805a1979583cfa56dc254fe93b8@whois-anonymous.com","","","","","","","More","clientTransferProhibited","informations","on"
"7","bestbuzzoffers.com","2020-05-08 20:54:58","2020-05-07","2020-05-07","2021-05-07","146","GoDaddy.com, LLC","whois.godaddy.com","http://registrar.godaddy.com","john","john","","","MEDEA","","Algeria","","","","","","","","","","","","","","","","","","","","","","","","","","","","","","","","","","ns11.domaincontrol.com","ns12.domaincontrol.com","","","clientDeleteProhibited","clientRenewProhibited","clientTransferProhibited","clientUpdateProhibited"
"8","casabella-dz.com","2020-05-08 20:03:49","2020-05-06","2020-05-06","2021-05-06","303","PDR Ltd. d/b/a PublicDomainRegistry.com","whois.publicdomainregistry.com","http://www.publicdomainregistry.com","faycal kerba","faycal kerba","Hai Yasmine oran","Hai El Yasmine","oran","31095","Algeria","casabella.linge@gmail.com","+213.794969433","","faycal kerba","faycal kerba","Hai Yasmine oran","Hai El Yasmine","oran","31095","Algeria","casabella.linge@gmail.com","+213.794969433","","faycal kerba","faycal kerba","Hai Yasmine oran","Hai El Yasmine","oran","31095","Algeria","casabella.linge@gmail.com","+213.794969433","","","","","","","","","","","","ns1.dns-parking.com","ns2.dns-parking.com","","","clientTransferProhibited","","",""
"9","coachzakaria.com","2020-05-08 20:36:34","2020-05-07","2020-05-07","2021-05-07","69","Tucows Domains Inc.","whois.tucows.com","http://domainhelp.opensrs.net","REDACTED FOR PRIVACY","REDACTED FOR PRIVACY","REDACTED FOR PRIVACY","REDACTED FOR PRIVACY","XX","REDACTED FOR PRIVACY","Algeria","","REDACTED FOR PRIVACY","REDACTED FOR PRIVACY","REDACTED FOR PRIVACY","REDACTED FOR PRIVACY","REDACTED FOR PRIVACY","REDACTED FOR PRIVACY","REDACTED FOR PRIVACY","REDACTED FOR PRIVACY","REDACTED FOR PRIVACY","","REDACTED FOR PRIVACY","REDACTED FOR PRIVACY","REDACTED FOR PRIVACY","REDACTED FOR PRIVACY","REDACTED FOR PRIVACY","REDACTED FOR PRIVACY","REDACTED FOR PRIVACY","REDACTED FOR PRIVACY","REDACTED FOR PRIVACY","","REDACTED FOR PRIVACY","REDACTED FOR PRIVACY","","","","","","","","","","","ns1.giow1085.siteground.us","ns2.giow1085.siteground.us","","","clientTransferProhibited","clientUpdateProhibited","",""
"10","diydecorhome.com","2020-05-08 21:11:46","2020-05-07","2020-05-07","2021-05-06","168","Register.it SPA","whois.register.it","http://we.register.it","REDACTED FOR PRIVACY","REDACTED FOR PRIVACY","REDACTED FOR PRIVACY","REDACTED FOR PRIVACY","sidi bel abbes","REDACTED FOR PRIVACY","Algeria","","REDACTED.FORPRIVACY","REDACTED.FORPRIVACY","REDACTED FOR PRIVACY","REDACTED FOR PRIVACY","REDACTED FOR PRIVACY","REDACTED FOR PRIVACY","sidi bel abbes","REDACTED FOR PRIVACY","Algeria","","REDACTED.FORPRIVACY","REDACTED.FORPRIVACY","REDACTED FOR PRIVACY","REDACTED FOR PRIVACY","REDACTED FOR PRIVACY","REDACTED FOR PRIVACY","Paris","REDACTED FOR PRIVACY","France","","REDACTED.FORPRIVACY","REDACTED.FORPRIVACY","","","","","","","","","","","ns1.amenworld.com","ns2.amenworld.com","","","OK","","",""
"11","djwebtest.com","2020-05-08 19:58:32","2020-05-07","2020-05-07","2021-05-07","433","OVH sas","whois.ovh.com","http://www.ovh.com","REDACTED FOR PRIVACY","Algerie hosting","REDACTED FOR PRIVACY","REDACTED FOR PRIVACY","","REDACTED FOR PRIVACY","Algeria","yqoaewdkht6eow4iwuve@d.o-w-o.info","REDACTED FOR PRIVACY","REDACTED FOR PRIVACY","REDACTED FOR PRIVACY","REDACTED FOR PRIVACY","REDACTED FOR PRIVACY","REDACTED FOR PRIVACY","REDACTED FOR PRIVACY","REDACTED FOR PRIVACY","REDACTED FOR PRIVACY","wqb8wiu0xk16zs3ou08e@h.o-w-o.info","REDACTED FOR PRIVACY","REDACTED FOR PRIVACY","REDACTED FOR PRIVACY","REDACTED FOR PRIVACY","REDACTED FOR PRIVACY","REDACTED FOR PRIVACY","REDACTED FOR PRIVACY","REDACTED FOR PRIVACY","REDACTED FOR PRIVACY","wqb8wiu0xk16zs3ou08e@h.o-w-o.info","REDACTED FOR PRIVACY","REDACTED FOR PRIVACY","","","","","","","","","","","dns110.ovh.net","ns110.ovh.net","","","clientDeleteProhibited","clientTransferProhibited","",""
"12","dzkhidma.com","2020-05-08 21:12:28","2020-05-06","2020-05-06","2021-05-06","146","GoDaddy.com, LLC","whois.godaddy.com","http://registrar.godaddy.com","","","","","Algeria","","Algeria","","","","","","","","","","","","","","","","","","","","","","","","","","","","","","","","","","ns35.domaincontrol.com","ns36.domaincontrol.com","","","clientDeleteProhibited","clientRenewProhibited","clientTransferProhibited","clientUpdateProhibited"
"13","elhayat-life.com","2020-05-08 19:40:40","2020-05-07","2020-05-07","2021-05-07","146","GoDaddy.com, LLC","whois.godaddy.com","http://registrar.godaddy.com","","","","","Ain Defla","","Algeria","","","","","","","","","","","","","","","","","","","","","","","","","","","","","","","","","","ns75.domaincontrol.com","ns76.domaincontrol.com","","","clientDeleteProhibited","clientRenewProhibited","clientTransferProhibited","clientUpdateProhibited"
"14","forpcgames.com","2020-05-08 21:22:20","2020-05-06","2020-05-06","2021-05-06","146","GoDaddy.com, LLC","whois.godaddy.com","http://registrar.godaddy.com","Zeghlache","Zeghlache","","","M'Sila","","Algeria","","","","","","","","","","","","","","","","","","","","","","","","","","","","","","","","","","ns11.domaincontrol.com","ns12.domaincontrol.com","","","clientDeleteProhibited","clientRenewProhibited","clientTransferProhibited","clientUpdateProhibited"
"15","free4you.today","2020-05-08 22:48:03","2020-05-06","2020-05-06","2021-05-06","146","GoDaddy.com, LLC","whois.godaddy.com","http://registrar.godaddy.com","REDACTED FOR PRIVACY","","REDACTED FOR PRIVACY","REDACTED FOR PRIVACY","Djelfa","REDACTED FOR PRIVACY","Algeria","","REDACTED FOR PRIVACY","REDACTED FOR PRIVACY","","","","","","","","","","","","","","","","","","","","","","","","","","","","","","","","","","","addPeriod","clientDeleteProhibited","clientRenewProhibited","clientTransferProhibited"
"16","futtech.net","2020-05-08 19:02:54","2020-05-06","2020-05-06","2021-05-06","303","PDR Ltd. d/b/a PublicDomainRegistry.com","whois.publicdomainregistry.com","http://www.publicdomainregistry.com","Karim Leulmi","Futtech","Alger","Alger","Alger","16000","Algeria","karim73@gmail.com","+213.12121212","","Karim Leulmi","Futtech","Alger","Alger","Alger","16000","Algeria","karim73@gmail.com","+213.12121212","","Karim Leulmi","Futtech","Alger","Alger","Alger","16000","Algeria","karim73@gmail.com","+213.12121212","","","","","","","","","","","","digitalixia.earth.orderbox-dns.com","digitalixia.mars.orderbox-dns.com","digitalixia.mercury.orderbox-dns.com","digitalixia.venus.orderbox-dns.com","clientTransferProhibited","","",""
"17","futursight.com","2020-05-08 20:00:07","2020-05-07","2020-05-07","2021-05-07","1630","Ligne Web Services SARL","whois.nic.fr","http://www.ait.com","","","","","","","Algeria","5cea543162974db8da48c390ae133fae@whois-anonymous.com","","","","","","","","","Algeria","5cea543162974db8da48c390ae133fae@whois-anonymous.com","","","","","","","","","Algeria","5cea543162974db8da48c390ae133fae@whois-anonymous.com","","","","","","","","","Algeria","5cea543162974db8da48c390ae133fae@whois-anonymous.com","","","","","","","More","clientTransferProhibited","informations","on"
"18","gamezorio.com","2020-05-08 19:39:34","2020-05-07","2020-05-07","2021-05-07","146","GoDaddy.com, LLC","whois.godaddy.com","http://registrar.godaddy.com","amai","amai","","","bordj","","Algeria","","","","","","","","","","","","","","","","","","","","","","","","","","","","","","","","","","ns53.domaincontrol.com","ns54.domaincontrol.com","","","clientDeleteProhibited","clientRenewProhibited","clientTransferProhibited","clientUpdateProhibited"
"19","grandbaby-dz.com","2020-05-08 19:26:19","2020-05-07","2020-05-07","2021-05-07","303","PDR Ltd. d/b/a PublicDomainRegistry.com","whois.publicdomainregistry.com","http://www.publicdomainregistry.com","DSN","GSI","Tour ALGERIA BUSINESS CENTER 11eme etage, Pins Maritimes Mohammadia","Alger","Alger","16000","Algeria","gsi@gs-internet.net","+213.661754777","+213.21211882","DSN","GSI","Tour ALGERIA BUSINESS CENTER 11eme etage, Pins Maritimes Mohammadia","Alger","Alger","16000","Algeria","gsi@gs-internet.net","+213.661754777","+213.21211882","DSN","GSI","Tour ALGERIA BUSINESS CENTER 11eme etage, Pins Maritimes Mohammadia","Alger","Alger","16000","Algeria","gsi@gs-internet.net","+213.661754777","+213.21211882","","","","","","","","","","","ns211.gs-internet.net","ns212.gs-internet.net","ns213.gs-internet.net","ns214.gs-internet.net","clientTransferProhibited","","",""
"20","infotech-dz.com","2020-05-08 19:59:59","2020-05-07","2020-05-07","2021-05-07","303","PDR Ltd. d/b/a PublicDomainRegistry.com","whois.publicdomainregistry.com","http://www.publicdomainregistry.com","Abd Madjid Kemari","IT Support","07 Campagne Zaaf, Hussein-Dey","Alger","Hussein-Dey","16005","Algeria","kemari.madjid@outlook.com","+213.777929602","","Abd Madjid Kemari","IT Support","07 Campagne Zaaf, Hussein-Dey","Alger","Hussein-Dey","16005","Algeria","kemari.madjid@outlook.com","+213.777929602","","Abd Madjid Kemari","IT Support","07 Campagne Zaaf, Hussein-Dey","Alger","Hussein-Dey","16005","Algeria","kemari.madjid@outlook.com","+213.777929602","","","","","","","","","","","","ns2.dzhoster.net","ns303.dzhoster.net","","","clientTransferProhibited","","",""
"21","kolchey2.com","2020-05-08 20:03:13","2020-05-06","2020-05-06","2021-05-06","146","GoDaddy.com, LLC","whois.godaddy.com","http://registrar.godaddy.com","kolchey2","kolchey2","","","algeria","","Algeria","","","","","","","","","","","","","","","","","","","","","","","","","","","","","","","","","","ns37.domaincontrol.com","ns38.domaincontrol.com","","","clientDeleteProhibited","clientRenewProhibited","clientTransferProhibited","clientUpdateProhibited"
"22","kora-07.com","2020-05-08 19:20:50","2020-05-07","2020-05-07","2021-05-07","146","GoDaddy.com, LLC","whois.godaddy.com","http://registrar.godaddy.com","","","","","bougara","","Algeria","","","","","","","","","","","","","","","","","","","","","","","","","","","","","","","","","","ns35.domaincontrol.com","ns36.domaincontrol.com","","","clientDeleteProhibited","clientRenewProhibited","clientTransferProhibited","clientUpdateProhibited"
"23","maghrebinfluencerawards.com","2020-05-08 19:54:57","2020-05-07","2020-05-07","2021-05-07","303","PDR Ltd. d/b/a PublicDomainRegistry.com","whois.publicdomainregistry.com","http://www.publicdomainregistry.com","Ikram Nour","ICONE","75, Parc Ben Omar, Kouba, ALGER. ALGERIE. 16050","Kouba","Alger","16050","Algeria","ikramloubnanour@gmail.com","+213.213781462706","","Ikram Nour","ICONE","75, Parc Ben Omar, Kouba, ALGER. ALGERIE. 16050","Kouba","Alger","16050","Algeria","ikramloubnanour@gmail.com","+213.213781462706","","Ikram Nour","ICONE","75, Parc Ben Omar, Kouba, ALGER. ALGERIE. 16050","Kouba","Alger","16050","Algeria","ikramloubnanour@gmail.com","+213.213781462706","","","","","","","","","","","","ns1.kualo.net","ns2.kualo.net","ns3.kualo.net","ns4.kualo.net","clientTransferProhibited","","",""
"24","mihfadatidz.com","2020-05-08 19:53:16","2020-05-07","2020-05-07","2021-05-07","433","OVH sas","whois.ovh.com","http://www.ovh.com","REDACTED FOR PRIVACY","?Algeriahost","REDACTED FOR PRIVACY","REDACTED FOR PRIVACY","","REDACTED FOR PRIVACY","Algeria","diiazsfr8dxfcub3ga7v@o.o-w-o.info","REDACTED FOR PRIVACY","REDACTED FOR PRIVACY","REDACTED FOR PRIVACY","REDACTED FOR PRIVACY","REDACTED FOR PRIVACY","REDACTED FOR PRIVACY","REDACTED FOR PRIVACY","REDACTED FOR PRIVACY","REDACTED FOR PRIVACY","eaip89dqafrisggk6dnz@b.o-w-o.info","REDACTED FOR PRIVACY","REDACTED FOR PRIVACY","REDACTED FOR PRIVACY","REDACTED FOR PRIVACY","REDACTED FOR PRIVACY","REDACTED FOR PRIVACY","REDACTED FOR PRIVACY","REDACTED FOR PRIVACY","REDACTED FOR PRIVACY","eaip89dqafrisggk6dnz@b.o-w-o.info","REDACTED FOR PRIVACY","REDACTED FOR PRIVACY","","","","","","","","","","","ns1.algeriahost.com","ns2.algeriahost.com","","","clientDeleteProhibited","clientTransferProhibited","",""
"25","omg-what.com","2020-05-08 19:55:01","2020-05-07","2020-05-07","2021-05-07","146","GoDaddy.com, LLC","whois.godaddy.com","http://registrar.godaddy.com","","","","","Skikda","","Algeria","","","","","","","","","","","","","","","","","","","","","","","","","","","","","","","","","","coleman.ns.cloudflare.com","desi.ns.cloudflare.com","","","clientDeleteProhibited","clientRenewProhibited","clientTransferProhibited","clientUpdateProhibited"
"26","opilabo.com","2020-05-08 19:58:03","2020-05-07","2020-05-07","2021-05-07","303","PDR Ltd. d/b/a PublicDomainRegistry.com","whois.publicdomainregistry.com","http://www.publicdomainregistry.com","Ikram Nour","ICONE","75, Parc Ben Omar, Kouba, ALGER. ALGERIE. 16050","Kouba","Alger","16050","Algeria","ikramloubnanour@gmail.com","+213.213781462706","","Ikram Nour","ICONE","75, Parc Ben Omar, Kouba, ALGER. ALGERIE. 16050","Kouba","Alger","16050","Algeria","ikramloubnanour@gmail.com","+213.213781462706","","Ikram Nour","ICONE","75, Parc Ben Omar, Kouba, ALGER. ALGERIE. 16050","Kouba","Alger","16050","Algeria","ikramloubnanour@gmail.com","+213.213781462706","","","","","","","","","","","","ns1.kualo.net","ns2.kualo.net","ns3.kualo.net","ns4.kualo.net","clientTransferProhibited","","",""
"27","petitetbeau.com","2020-05-08 20:01:34","2020-05-06","2020-05-06","2021-05-06","955","Launchpad, Inc.","whois.launchpad.com","http://www.launchpad.com","islam djiar","None","45 Avenu Amera Youcef","Blida","09","09000","Algeria","islamdjiar@gmail.com","+213.791351353","","islam djiar","None","45 Avenu Amera Youcef","Blida","09","09000","Algeria","islamdjiar@gmail.com","+213.791351353","","islam djiar","None","45 Avenu Amera Youcef","Blida","09","09000","Algeria","islamdjiar@gmail.com","+213.791351353","","","","","","","","","","","","ns6279.hostgator.com","ns6280.hostgator.com","","","clientTransferProhibited","","",""
"28","petrogel.info","2020-05-09 00:41:20","2020-05-07","2020-05-07","2021-05-07","303","PDR Ltd. d/b/a PublicDomainRegistry.com","whois.publicdomainregistry.com","http://www.publicdomainregistry.com","TicLink","TicLink","","","Batna","","Algeria","","","","","","","","","","","","","","","","","","","","","","","","","","","","","","","","","","ns2.dzhoster.net","ns303.dzhoster.net","","","addPeriod","clientTransferProhibited","serverTransferProhibited",""
"29","ragazcouture.com","2020-05-08 19:53:23","2020-05-07","2020-05-07","2021-05-07","303","PDR Ltd. d/b/a PublicDomainRegistry.com","whois.publicdomainregistry.com","http://www.publicdomainregistry.com","Ahmed SAKR","SAHM","13, rue kouider meftah","Oran","Oran","31000","Algeria","domains@sahmtech.dz","+213.41291285","","Ahmed SAKR","SAHM","13, rue kouider meftah","Oran","Oran","31000","Algeria","domains@sahmtech.dz","+213.41291285","","Ahmed SAKR","SAHM","13, rue kouider meftah","Oran","Oran","31000","Algeria","domains@sahmtech.dz","+213.41291285","","","","","","","","","","","","ns3.sahmnet.net","ns4.sahmnet.net","","","clientTransferProhibited","","",""
"30","rahma-lifestyle.com","2020-05-08 20:48:55","2020-05-07","2020-05-07","2021-05-07","303","PDR Ltd. d/b/a PublicDomainRegistry.com","whois.publicdomainregistry.com","http://www.publicdomainregistry.com","MOSTEFA BELMEKKI","","Cite 242  LOGTS  N172  Ain El Bey","CONSTANTINE","CONSTANTINE","25021","Algeria","bmostefa@gmail.com","+213.213553154005","","MOSTEFA BELMEKKI","","Cite 242  LOGTS  N172  Ain El Bey","CONSTANTINE","CONSTANTINE","25021","Algeria","bmostefa@gmail.com","+213.213553154005","","MOSTEFA BELMEKKI","","Cite 242  LOGTS  N172  Ain El Bey","CONSTANTINE","CONSTANTINE","25021","Algeria","bmostefa@gmail.com","+213.213553154005","","","","","","","","","","","","ns0.thundercloud.uk","ns1.thundercloud.uk","","","clientTransferProhibited","","",""
"31","saphircentre.com","2020-05-08 19:40:34","2020-05-07","2020-05-07","2021-05-07","146","GoDaddy.com, LLC","whois.godaddy.com","http://registrar.godaddy.com","Saphir Language Centre","Saphir Language Centre","","","Biskra","","Algeria","","","","","","","","","","","","","","","","","","","","","","","","","","","","","","","","","","ns8.wixdns.net","ns9.wixdns.net","","","clientDeleteProhibited","clientRenewProhibited","clientTransferProhibited","clientUpdateProhibited"
"32","softwarestationpc.com","2020-05-08 21:08:42","2020-05-06","2020-05-06","2021-05-06","433","OVH sas","whois.ovh.com","http://www.ovh.com","REDACTED FOR PRIVACY","","REDACTED FOR PRIVACY","REDACTED FOR PRIVACY","","REDACTED FOR PRIVACY","Algeria","q1n1dattim74g168vitm@l.o-w-o.info","REDACTED FOR PRIVACY","REDACTED FOR PRIVACY","REDACTED FOR PRIVACY","REDACTED FOR PRIVACY","REDACTED FOR PRIVACY","REDACTED FOR PRIVACY","REDACTED FOR PRIVACY","REDACTED FOR PRIVACY","REDACTED FOR PRIVACY","9344bfqpnrckv6vvcx02@r.o-w-o.info","REDACTED FOR PRIVACY","REDACTED FOR PRIVACY","REDACTED FOR PRIVACY","REDACTED FOR PRIVACY","REDACTED FOR PRIVACY","REDACTED FOR PRIVACY","REDACTED FOR PRIVACY","REDACTED FOR PRIVACY","REDACTED FOR PRIVACY","9344bfqpnrckv6vvcx02@r.o-w-o.info","REDACTED FOR PRIVACY","REDACTED FOR PRIVACY","","","","","","","","","","","dns2-r.dzsecurity.net","jupiter-shared.dzsecurity.net","","","clientDeleteProhibited","clientTransferProhibited","",""
"33","tahironet.com","2020-05-08 20:39:40","2020-05-07","2020-05-07","2021-05-07","146","GoDaddy.com, LLC","whois.godaddy.com","http://registrar.godaddy.com","","","","","\u0628\u0631\u062c \u0628\u0648\u0639\u0631\u064a\","","Algeria","","","","","","","","","","","","","","","","","","","","","","","","","","","","","","","","","","ns35.domaincontrol.com","ns36.domaincontrol.com","","","clientDeleteProhibited","clientRenewProhibited","clientTransferProhibited","clientUpdateProhibited"
"34","tiksou.com","2020-05-08 21:09:04","2020-05-06","2020-05-06","2021-05-06","433","OVH sas","whois.ovh.com","http://www.ovh.com","REDACTED FOR PRIVACY","","REDACTED FOR PRIVACY","REDACTED FOR PRIVACY","","REDACTED FOR PRIVACY","Algeria","20jlsvldx9377dxpi6mp@w.o-w-o.info","REDACTED FOR PRIVACY","REDACTED FOR PRIVACY","REDACTED FOR PRIVACY","REDACTED FOR PRIVACY","REDACTED FOR PRIVACY","REDACTED FOR PRIVACY","REDACTED FOR PRIVACY","REDACTED FOR PRIVACY","REDACTED FOR PRIVACY","9344bfqpnrckv6vvcx02@r.o-w-o.info","REDACTED FOR PRIVACY","REDACTED FOR PRIVACY","REDACTED FOR PRIVACY","REDACTED FOR PRIVACY","REDACTED FOR PRIVACY","REDACTED FOR PRIVACY","REDACTED FOR PRIVACY","REDACTED FOR PRIVACY","REDACTED FOR PRIVACY","9344bfqpnrckv6vvcx02@r.o-w-o.info","REDACTED FOR PRIVACY","REDACTED FOR PRIVACY","","","","","","","","","","","dns2-r.dzsecurity.net","jupiter-shared.dzsecurity.net","","","clientDeleteProhibited","clientTransferProhibited","",""
"35","weightlossfast.net","2020-05-09 00:23:30","2020-05-06","","2021-05-06","1068","NameCheap, Inc.","whois.namecheap.com","http://www.namecheap.com","Chahbi Mohamed El Amine","","Street A 182 Star Melouk City","Biskra","Biskra","07000","Algeria","minou_kamizole31@yahoo.fr","+213.661507940","","Chahbi Mohamed El Amine","","Street A 182 Star Melouk City","Biskra","Biskra","07000","Algeria","minou_kamizole31@yahoo.fr","+213.661507940","","Chahbi Mohamed El Amine","","Street A 182 Star Melouk City","Biskra","Biskra","07000","Algeria","minou_kamizole31@yahoo.fr","+213.661507940","","","","","","","","","","","","dns1.registrar-servers.com","dns2.registrar-servers.com","","","addPeriod","clientTransferProhibited","",""
"36","wizzardleads.com","2020-05-08 21:12:39","2020-05-06","2020-05-06","2021-05-06","146","GoDaddy.com, LLC","whois.godaddy.com","http://registrar.godaddy.com","1997","1997","","","Athens","","Algeria","","","","","","","","","","","","","","","","","","","","","","","","","","","","","","","","","","ns1.solidseovps.com","ns2.solidseovps.com","","","clientDeleteProhibited","clientRenewProhibited","clientTransferProhibited","clientUpdateProhibited"
"37","yallanexi.com","2020-05-08 21:09:39","2020-05-06","2020-05-06","2021-05-06","433","OVH sas","whois.ovh.com","http://www.ovh.com","REDACTED FOR PRIVACY","","REDACTED FOR PRIVACY","REDACTED FOR PRIVACY","","REDACTED FOR PRIVACY","Algeria","i5nsj4f53ejyl5om966j@a.o-w-o.info","REDACTED FOR PRIVACY","REDACTED FOR PRIVACY","REDACTED FOR PRIVACY","REDACTED FOR PRIVACY","REDACTED FOR PRIVACY","REDACTED FOR PRIVACY","REDACTED FOR PRIVACY","REDACTED FOR PRIVACY","REDACTED FOR PRIVACY","9344bfqpnrckv6vvcx02@r.o-w-o.info","REDACTED FOR PRIVACY","REDACTED FOR PRIVACY","REDACTED FOR PRIVACY","REDACTED FOR PRIVACY","REDACTED FOR PRIVACY","REDACTED FOR PRIVACY","REDACTED FOR PRIVACY","REDACTED FOR PRIVACY","REDACTED FOR PRIVACY","9344bfqpnrckv6vvcx02@r.o-w-o.info","REDACTED FOR PRIVACY","REDACTED FOR PRIVACY","","","","","","","","","","","dns2-r.dzsecurity.net","jupiter-shared.dzsecurity.net","","","clientDeleteProhibited","clientTransferProhibited","",""