"num","domain_name","query_time","create_date","update_date","expiry_date","domain_registrar_id","domain_registrar_name","domain_registrar_whois","domain_registrar_url","registrant_name","registrant_company","registrant_address","registrant_city","registrant_state","registrant_zip","registrant_country","registrant_email","registrant_phone","registrant_fax","administrative_name","administrative_company","administrative_address","administrative_city","administrative_state","administrative_zip","administrative_country","administrative_email","administrative_phone","administrative_fax","technical_name","technical_company","technical_address","technical_city","technical_state","technical_zip","technical_country","technical_email","technical_phone","technical_fax","billing_name","billing_company","billing_address","billing_city","billing_state","billing_zip","billing_country","billing_email","billing_phone","billing_fax","name_server_1","name_server_2","name_server_3","name_server_4","domain_status_1","domain_status_2","domain_status_3","domain_status_4"
"1","20six.life","2020-05-09 00:39:56","2020-05-06","2020-05-06","2021-05-06","1408","united-domains AG","whois.udag.net","http://www.united-domains.de","REDACTED FOR PRIVACY","Audiovisual Production Zarraga NV","REDACTED FOR PRIVACY","REDACTED FOR PRIVACY","","REDACTED FOR PRIVACY","Aruba","","REDACTED FOR PRIVACY","REDACTED FOR PRIVACY","","","","","","","","","","","","","","","","","","","","","","","","","","","","","","","","","","","addPeriod","clientTransferProhibited","",""
"2","edm-party.com","2020-05-08 21:19:17","2020-05-06","2020-05-06","2021-05-06","146","GoDaddy.com, LLC","whois.godaddy.com","http://registrar.godaddy.com","Dream Teaser bTrading N.V.","Dream Teaser bTrading N.V.","","","Noord","","Aruba","","","","","","","","","","","","","","","","","","","","","","","","","","","","","","","","","","ns11.domaincontrol.com","ns12.domaincontrol.com","","","clientDeleteProhibited","clientRenewProhibited","clientTransferProhibited","clientUpdateProhibited"
"3","electronic-party.com","2020-05-08 21:19:18","2020-05-06","2020-05-06","2021-05-06","146","GoDaddy.com, LLC","whois.godaddy.com","http://registrar.godaddy.com","Dream Teaser bTrading N.V.","Dream Teaser bTrading N.V.","","","Noord","","Aruba","","","","","","","","","","","","","","","","","","","","","","","","","","","","","","","","","","ns53.domaincontrol.com","ns54.domaincontrol.com","","","clientDeleteProhibited","clientRenewProhibited","clientTransferProhibited","clientUpdateProhibited"
"4","happyhoursaruba.info","2020-05-09 00:43:31","2020-05-07","2020-05-07","2021-05-07","146","GoDaddy.com, LLC","whois.godaddy.com","http://registrar.godaddy.com","","","","","Oj","","Aruba","","","","","","","","","","","","","","","","","","","","","","","","","","","","","","","","","","ns37.domaincontrol.com","ns38.domaincontrol.com","","","addPeriod","clientDeleteProhibited","clientRenewProhibited","clientTransferProhibited"
"5","rigt.company","2020-05-09 00:49:00","2020-05-06","2020-05-06","2021-05-06","146","GoDaddy.com, LLC","whois.godaddy.com","http://registrar.godaddy.com","REDACTED FOR PRIVACY","","REDACTED FOR PRIVACY","REDACTED FOR PRIVACY","NA","REDACTED FOR PRIVACY","Aruba","","REDACTED FOR PRIVACY","REDACTED FOR PRIVACY","","","","","","","","","","","","","","","","","","","","","","","","","","","","","","","","","","","addPeriod","clientDeleteProhibited","clientRenewProhibited","clientTransferProhibited"
"6","thenewsaruba.com","2020-05-08 19:54:48","2020-05-07","2020-05-07","2021-05-07","146","GoDaddy.com, LLC","whois.godaddy.com","http://registrar.godaddy.com","","","","","Oj","","Aruba","","","","","","","","","","","","","","","","","","","","","","","","","","","","","","","","","","ns11.domaincontrol.com","ns12.domaincontrol.com","","","clientDeleteProhibited","clientRenewProhibited","clientTransferProhibited","clientUpdateProhibited"
"7","urbanenterprisesaruba.com","2020-05-08 19:58:27","2020-05-07","2020-05-07","2023-05-07","146","GoDaddy.com, LLC","whois.godaddy.com","http://registrar.godaddy.com","Urban Enterprises","Urban Enterprises","","","Fl","","Aruba","","","","","","","","","","","","","","","","","","","","","","","","","","","","","","","","","","ns37.domaincontrol.com","ns38.domaincontrol.com","","","clientDeleteProhibited","clientRenewProhibited","clientTransferProhibited","clientUpdateProhibited"
"8","viputopia.com","2020-05-08 20:27:26","2020-05-06","2020-05-06","2021-05-06","625","Name.com, Inc.","whois.name.com","http://www.name.com","Michel Ramp","Michel Ramp","pobox 4166","Noord","xx","00000","Aruba","vipcarib@hotmail.com","+297.5613999","","Michel Ramp","Michel Ramp","pobox 4166","Noord","xx","00000","Aruba","vipcarib@hotmail.com","+297.5613999","","Michel Ramp","Michel Ramp","pobox 4166","Noord","xx","00000","Aruba","vipcarib@hotmail.com","+297.5613999","","","","","","","","","","","","ns1bcp.name.com","ns2hkt.name.com","ns3gnv.name.com","ns4dls.name.com","addPeriod","clientTransferProhibited","",""