"num","domain_name","query_time","create_date","update_date","expiry_date","domain_registrar_id","domain_registrar_name","domain_registrar_whois","domain_registrar_url","registrant_name","registrant_company","registrant_address","registrant_city","registrant_state","registrant_zip","registrant_country","registrant_email","registrant_phone","registrant_fax","administrative_name","administrative_company","administrative_address","administrative_city","administrative_state","administrative_zip","administrative_country","administrative_email","administrative_phone","administrative_fax","technical_name","technical_company","technical_address","technical_city","technical_state","technical_zip","technical_country","technical_email","technical_phone","technical_fax","billing_name","billing_company","billing_address","billing_city","billing_state","billing_zip","billing_country","billing_email","billing_phone","billing_fax","name_server_1","name_server_2","name_server_3","name_server_4","domain_status_1","domain_status_2","domain_status_3","domain_status_4"
"1","allinsarl.com","2020-05-08 19:29:23","2020-05-07","2020-05-07","2021-05-07","1630","Ligne Web Services SARL","whois.nic.fr","http://www.ait.com","","","","","","","Benin","b7f96f397bc3e881bdf8a7d38f8e1bc0@whois-anonymous.com","","","","","","","","","Benin","b7f96f397bc3e881bdf8a7d38f8e1bc0@whois-anonymous.com","","","","","","","","","Benin","b7f96f397bc3e881bdf8a7d38f8e1bc0@whois-anonymous.com","","","","","","","","","Benin","b7f96f397bc3e881bdf8a7d38f8e1bc0@whois-anonymous.com","","","","","","","More","clientTransferProhibited","informations","on"
"2","banquedesbiens.com","2020-05-08 21:15:52","2020-05-06","2020-05-06","2021-05-06","1472","LiquidNet Ltd.","whois.liquidnetlimited.com","http://www.liquidnetlimited.com","REDACTED FOR PRIVACY","REDACTED FOR PRIVACY","REDACTED FOR PRIVACY","REDACTED FOR PRIVACY","Littoral","REDACTED FOR PRIVACY","Benin","","REDACTED FOR PRIVACY","REDACTED FOR PRIVACY","REDACTED FOR PRIVACY","REDACTED FOR PRIVACY","REDACTED FOR PRIVACY","REDACTED FOR PRIVACY","REDACTED FOR PRIVACY","REDACTED FOR PRIVACY","REDACTED FOR PRIVACY","","REDACTED FOR PRIVACY","REDACTED FOR PRIVACY","REDACTED FOR PRIVACY","REDACTED FOR PRIVACY","REDACTED FOR PRIVACY","REDACTED FOR PRIVACY","REDACTED FOR PRIVACY","REDACTED FOR PRIVACY","REDACTED FOR PRIVACY","","REDACTED FOR PRIVACY","REDACTED FOR PRIVACY","","","","","","","","","","","dns1.sgtic-sarl.com","ns4.sgtic-sarl.com","","","addPeriod","clientTransferProhibited","",""
"3","bertolottiprestito-finanza.com","2020-05-08 21:14:14","2020-05-06","2020-05-06","2021-05-06","625","Name.com, Inc.","whois.name.com","http://www.name.com","mireil codo","action web","3 rue salicetti , 07","Cotonou","cotonou","2589","Benin","hobohist@gmail.com","+229.95977669","","mireil codo","action web","3 rue salicetti , 07","Cotonou","cotonou","2589","Benin","hobohist@gmail.com","+229.95977669","","mireil codo","action web","3 rue salicetti , 07","Cotonou","cotonou","2589","Benin","hobohist@gmail.com","+229.95977669","","","","","","","","","","","","ns1.hobohost.com","ns2.hobohost.com","","","addPeriod","clientTransferProhibited","",""
"4","betaalshopping.com","2020-05-08 20:39:58","2020-05-07","2020-05-07","2021-05-07","303","PDR Ltd. d/b/a PublicDomainRegistry.com","whois.publicdomainregistry.com","http://www.publicdomainregistry.com","Pacome SENNOU","SENNOU","381 Chemin Ligne Berthaud","Saint Gilles les Hauts","Atlantique","","Benin","sennoupacome@gmail.com","+229.68294895","","Pacome SENNOU","SENNOU","381 Chemin Ligne Berthaud","Saint Gilles les Hauts","Atlantique","","Benin","sennoupacome@gmail.com","+229.68294895","","Pacome SENNOU","SENNOU","381 Chemin Ligne Berthaud","Saint Gilles les Hauts","Atlantique","","Benin","sennoupacome@gmail.com","+229.68294895","","","","","","","","","","","","ns1.cp-18.webhostbox.net","ns2.cp-18.webhostbox.net","","","clientTransferProhibited","","",""
"5","buralistes-coupon-france.com","2020-05-08 19:40:58","2020-05-07","2020-05-07","2021-05-07","303","PDR Ltd. d/b/a PublicDomainRegistry.com","whois.publicdomainregistry.com","http://www.publicdomainregistry.com","Mailis Mirabelle AMEGAN","Mailis Mirabelle AMEGAN","Calavi","Cotonou","Sud","00229","Benin","mailisamegan@gmail.com","+225.66933075","","Mailis Mirabelle AMEGAN","Mailis Mirabelle AMEGAN","Calavi","Cotonou","Sud","00229","Benin","mailisamegan@gmail.com","+225.66933075","","Mailis Mirabelle AMEGAN","Mailis Mirabelle AMEGAN","Calavi","Cotonou","Sud","00229","Benin","mailisamegan@gmail.com","+225.66933075","","","","","","","","","","","","ns1.dns-parking.com","ns2.dns-parking.com","","","clientTransferProhibited","","",""
"6","dare-motion.com","2020-05-08 20:42:25","2020-05-07","2020-05-07","2021-05-07","1630","Ligne Web Services SARL","whois.nic.fr","http://www.ait.com","","","","","","","Benin","554fe61eef22f914f5d54d83c0e4a2f4@whois-anonymous.com","","","","","","","","","Benin","554fe61eef22f914f5d54d83c0e4a2f4@whois-anonymous.com","","","","","","","","","Benin","554fe61eef22f914f5d54d83c0e4a2f4@whois-anonymous.com","","","","","","","","","Benin","554fe61eef22f914f5d54d83c0e4a2f4@whois-anonymous.com","","","","","","","More","clientTransferProhibited","informations","on"
"7","ecoledunetafrica.com","2020-05-08 20:50:00","2020-05-07","2020-05-07","2021-05-07","1630","Ligne Web Services SARL","whois.nic.fr","http://www.ait.com","","","","","","","Benin","37d693cf21b81ac6cbbc3a7b90f6ed1a@whois-anonymous.com","","","","","","","","","Benin","37d693cf21b81ac6cbbc3a7b90f6ed1a@whois-anonymous.com","","","","","","","","","Benin","37d693cf21b81ac6cbbc3a7b90f6ed1a@whois-anonymous.com","","","","","","","","","Benin","37d693cf21b81ac6cbbc3a7b90f6ed1a@whois-anonymous.com","","","","","","","More","clientTransferProhibited","informations","on"
"8","electrolands-shop.com","2020-05-08 20:05:59","2020-05-06","2020-05-06","2021-05-06","625","Name.com, Inc.","whois.name.com","http://www.name.com","pruvorst smith","UNiversalfnc","12 rue de la paix , 16 avenue richie","cotonou","ouidah","00229","Benin","pruvorstsmith13@gmail.com","+229.653412594","","pruvorst smith","UNiversalfnc","12 rue de la paix , 16 avenue richie","cotonou","ouidah","00229","Benin","pruvorstsmith13@gmail.com","+229.653412594","","pruvorst smith","UNiversalfnc","12 rue de la paix , 16 avenue richie","cotonou","ouidah","00229","Benin","pruvorstsmith13@gmail.com","+229.653412594","","","","","","","","","","","","ns1.hobohost.com","ns2.hobohost.com","","","addPeriod","clientTransferProhibited","",""
"9","giftofnurses.com","2020-05-08 19:53:07","2020-05-07","2020-05-07","2021-05-07","168","Register.it SPA","whois.register.it","http://we.register.it","REDACTED FOR PRIVACY","REDACTED FOR PRIVACY","REDACTED FOR PRIVACY","REDACTED FOR PRIVACY","LITTORAL","REDACTED FOR PRIVACY","Benin","","REDACTED.FORPRIVACY","REDACTED.FORPRIVACY","REDACTED FOR PRIVACY","REDACTED FOR PRIVACY","REDACTED FOR PRIVACY","REDACTED FOR PRIVACY","LITTORAL","REDACTED FOR PRIVACY","Benin","","REDACTED.FORPRIVACY","REDACTED.FORPRIVACY","REDACTED FOR PRIVACY","REDACTED FOR PRIVACY","REDACTED FOR PRIVACY","REDACTED FOR PRIVACY","Paris","REDACTED FOR PRIVACY","France","","REDACTED.FORPRIVACY","REDACTED.FORPRIVACY","","","","","","","","","","","ns1.amenworld.com","ns2.amenworld.com","","","OK","","",""
"10","kasia-electromarket.com","2020-05-08 21:09:12","2020-05-06","2020-05-06","2021-05-06","625","Name.com, Inc.","whois.name.com","http://www.name.com","pruvorst smith","UNiversalfnc","12 rue de la paix , 16 avenue richie","cotonou","ouidah","00229","Benin","pruvorstsmith13@gmail.com","+229.653412594","","pruvorst smith","UNiversalfnc","12 rue de la paix , 16 avenue richie","cotonou","ouidah","00229","Benin","pruvorstsmith13@gmail.com","+229.653412594","","pruvorst smith","UNiversalfnc","12 rue de la paix , 16 avenue richie","cotonou","ouidah","00229","Benin","pruvorstsmith13@gmail.com","+229.653412594","","","","","","","","","","","","ns1.hobohost.com","ns2.hobohost.com","","","addPeriod","clientTransferProhibited","",""
"11","kovish-finanz.com","2020-05-08 19:27:32","2020-05-07","2020-05-07","2021-05-07","303","PDR Ltd. d/b/a PublicDomainRegistry.com","whois.publicdomainregistry.com","http://www.publicdomainregistry.com","Ella  LAURA","","nikki","Nikki","Borgou","00229","Benin","ellalaura883@gmail.com","+229.68100797","","Ella  LAURA","","nikki","Nikki","Borgou","00229","Benin","ellalaura883@gmail.com","+229.68100797","","Ella  LAURA","","nikki","Nikki","Borgou","00229","Benin","ellalaura883@gmail.com","+229.68100797","","","","","","","","","","","","ns1.inter-systeme.net","ns2.inter-systeme.net","","","clientTransferProhibited","","",""
"12","kweedi.com","2020-05-08 20:56:56","2020-05-07","2020-05-07","2021-05-07","146","GoDaddy.com, LLC","whois.godaddy.com","http://registrar.godaddy.com","","","","","littoral","","Benin","","","","","","","","","","","","","","","","","","","","","","","","","","","","","","","","","","ns11.domaincontrol.com","ns12.domaincontrol.com","","","clientDeleteProhibited","clientRenewProhibited","clientTransferProhibited","clientUpdateProhibited"
"13","linxschool.com","2020-05-08 19:33:03","2020-05-06","2020-05-06","2021-05-06","146","GoDaddy.com, LLC","whois.godaddy.com","http://registrar.godaddy.com","","","","","Cotonou","","Benin","","","","","","","","","","","","","","","","","","","","","","","","","","","","","","","","","","ns11.domaincontrol.com","ns12.domaincontrol.com","","","clientDeleteProhibited","clientRenewProhibited","clientTransferProhibited","clientUpdateProhibited"
"14","private-finanzierung.net","2020-05-09 00:29:08","2020-05-06","2020-05-06","2021-05-06","625","Name.com, Inc.","whois.name.com","http://www.name.com","pruvorst smith","UNiversalfnc","12 rue de la paix , 16 avenue richie","cotonou","ouidah","00229","Benin","pruvorstsmith13@gmail.com","+229.653412594","","pruvorst smith","UNiversalfnc","12 rue de la paix , 16 avenue richie","cotonou","ouidah","00229","Benin","pruvorstsmith13@gmail.com","+229.653412594","","pruvorst smith","UNiversalfnc","12 rue de la paix , 16 avenue richie","cotonou","ouidah","00229","Benin","pruvorstsmith13@gmail.com","+229.653412594","","","","","","","","","","","","ns1.hobohost.com","ns2.hobohost.com","","","addPeriod","clientTransferProhibited","",""
"15","regional-finance.com","2020-05-08 19:56:21","2020-05-07","2020-05-07","2021-05-07","303","PDR Ltd. d/b/a PublicDomainRegistry.com","whois.publicdomainregistry.com","http://www.publicdomainregistry.com","Assane BIGNON","","Gorobaani","Banikoara","Borgou","229","Benin","assanebignon@gmail.com","+229.98331133","","Assane BIGNON","","Gorobaani","Banikoara","Borgou","229","Benin","assanebignon@gmail.com","+229.98331133","","Assane BIGNON","","Gorobaani","Banikoara","Borgou","229","Benin","assanebignon@gmail.com","+229.98331133","","","","","","","","","","","","ns1.bh-51.webhostbox.net","ns2.bh-51.webhostbox.net","","","clientTransferProhibited","","",""
"16","salomonayah.com","2020-05-08 20:27:05","2020-05-06","2020-05-06","2021-05-06","1630","Ligne Web Services SARL","whois.nic.fr","http://www.ait.com","","","","","","","Benin","c0740c2a149c2b4b2a99f8ef7f4455dc@whois-anonymous.com","","","","","","","","","Benin","c0740c2a149c2b4b2a99f8ef7f4455dc@whois-anonymous.com","","","","","","","","","Benin","c0740c2a149c2b4b2a99f8ef7f4455dc@whois-anonymous.com","","","","","","","","","Benin","c0740c2a149c2b4b2a99f8ef7f4455dc@whois-anonymous.com","","","","","","","More","clientTransferProhibited","informations","on"
"17","sedjromediasolution.com","2020-05-08 19:26:10","2020-05-07","2020-05-07","2021-05-07","74","Online SAS","whois.bookmyname.com","http://www.bookmyname.com","Cyrus d'ALMEIDA","","midombo, c242","Cotonou","","05BP9032","Benin","dns-nospam@o2switch.fr","+33.444446040","","Alexandre YEPES","O2SWITCH","222 Boulevard Gustave Flaubert, For Customer","CLERMONT FERRAND","","63000","France","dns-nospam@o2switch.fr","+33.444446040","+33.444446041","Alexandre YEPES","O2SWITCH","222 Boulevard Gustave Flaubert, For Customer","CLERMONT FERRAND","","63000","France","dns-nospam@o2switch.fr","+33.444446040","+33.444446041","","","","","","","","","","","ns1.o2switch.net","ns2.o2switch.net","","","clientTransferProhibited","","",""
"18","swiss-portailshop.com","2020-05-08 21:11:38","2020-05-06","2020-05-06","2021-05-06","625","Name.com, Inc.","whois.name.com","http://www.name.com","pruvorst smith","UNiversalfnc","12 rue de la paix , 16 avenue richie","cotonou","ouidah","00229","Benin","pruvorstsmith13@gmail.com","+229.653412594","","pruvorst smith","UNiversalfnc","12 rue de la paix , 16 avenue richie","cotonou","ouidah","00229","Benin","pruvorstsmith13@gmail.com","+229.653412594","","pruvorst smith","UNiversalfnc","12 rue de la paix , 16 avenue richie","cotonou","ouidah","00229","Benin","pruvorstsmith13@gmail.com","+229.653412594","","","","","","","","","","","","ns1.hobohost.com","ns2.hobohost.com","","","addPeriod","clientTransferProhibited","",""