"num","domain_name","query_time","create_date","update_date","expiry_date","domain_registrar_id","domain_registrar_name","domain_registrar_whois","domain_registrar_url","registrant_name","registrant_company","registrant_address","registrant_city","registrant_state","registrant_zip","registrant_country","registrant_email","registrant_phone","registrant_fax","administrative_name","administrative_company","administrative_address","administrative_city","administrative_state","administrative_zip","administrative_country","administrative_email","administrative_phone","administrative_fax","technical_name","technical_company","technical_address","technical_city","technical_state","technical_zip","technical_country","technical_email","technical_phone","technical_fax","billing_name","billing_company","billing_address","billing_city","billing_state","billing_zip","billing_country","billing_email","billing_phone","billing_fax","name_server_1","name_server_2","name_server_3","name_server_4","domain_status_1","domain_status_2","domain_status_3","domain_status_4"
"1","adasayur.com","2020-05-08 19:29:30","2020-05-07","2020-05-07","2021-05-07","303","PDR Ltd. d/b/a PublicDomainRegistry.com","whois.publicdomainregistry.com","http://www.publicdomainregistry.com","PrivacyDotLink Customer","PrivacyDotLink Customer","PO Box 000000","Seven Mile Beach","Grand Cayman","KY1-1202","Cayman Islands","customer@privacy-customer.idwebspace.com","+1.13609870000","","PrivacyDotLink Customer","PrivacyDotLink Customer","PO Box 000000","Seven Mile Beach","Grand Cayman","KY1-1202","Cayman Islands","customer@privacy-customer.idwebspace.com","+1.13609870000","","PrivacyDotLink Customer","PrivacyDotLink Customer","PO Box 000000","Seven Mile Beach","Grand Cayman","KY1-1202","Cayman Islands","customer@privacy-customer.idwebspace.com","+1.13609870000","","","","","","","","","","","","ns1.digitalocean.com","ns2.digitalocean.com","ns3.digitalocean.com","","clientTransferProhibited","","",""
"2","alipay-ipo.com","2020-05-08 19:30:55","2020-05-06","2020-05-06","2022-05-06","299","CSC Corporate Domains, Inc.","whois.corporatedomains.com","http://www.cscglobal.com/global/web/csc/digital-brand-services","Timothy Alexander Steinert","Advanced New Technologies Co., Ltd.","P.O. Box 31119 Grand Pavilion, Hibiscus Way, 802 West Bay Road, Grand Cayman, KY1-1205 Cayman Islands","Grand Cayman","","KY1-1205","Cayman Islands","dnsadmin@alibaba-inc.com","+852.22155100","+852.22155200","Timothy Alexander Steinert","Advanced New Technologies Co., Ltd.","P.O. Box 31119 Grand Pavilion, Hibiscus Way, 802 West Bay Road, Grand Cayman, KY1-1205 Cayman Islands","Grand Cayman","","KY1-1205","Cayman Islands","dnsadmin@alibaba-inc.com","+852.22155100","+852.22155200","Timothy Alexander Steinert","Advanced New Technologies Co., Ltd.","P.O. Box 31119 Grand Pavilion, Hibiscus Way, 802 West Bay Road, Grand Cayman, KY1-1205 Cayman Islands","Grand Cayman","","KY1-1205","Cayman Islands","dnsadmin@alibaba-inc.com","+852.22155100","+852.22155200","","","","","","","","","","","dns1.cscdns.net","dns2.cscdns.net","","","clientTransferProhibited","","",""
"3","alipayipo.com","2020-05-08 19:30:40","2020-05-06","2020-05-06","2022-05-06","299","CSC Corporate Domains, Inc.","whois.corporatedomains.com","http://www.cscglobal.com/global/web/csc/digital-brand-services","Timothy Alexander Steinert","Advanced New Technologies Co., Ltd.","P.O. Box 31119 Grand Pavilion, Hibiscus Way, 802 West Bay Road, Grand Cayman, KY1-1205 Cayman Islands","Grand Cayman","","KY1-1205","Cayman Islands","dnsadmin@alibaba-inc.com","+852.22155100","+852.22155200","Timothy Alexander Steinert","Advanced New Technologies Co., Ltd.","P.O. Box 31119 Grand Pavilion, Hibiscus Way, 802 West Bay Road, Grand Cayman, KY1-1205 Cayman Islands","Grand Cayman","","KY1-1205","Cayman Islands","dnsadmin@alibaba-inc.com","+852.22155100","+852.22155200","Timothy Alexander Steinert","Advanced New Technologies Co., Ltd.","P.O. Box 31119 Grand Pavilion, Hibiscus Way, 802 West Bay Road, Grand Cayman, KY1-1205 Cayman Islands","Grand Cayman","","KY1-1205","Cayman Islands","dnsadmin@alibaba-inc.com","+852.22155100","+852.22155200","","","","","","","","","","","dns1.cscdns.net","dns2.cscdns.net","","","clientTransferProhibited","","",""
"4","anterberas.com","2020-05-08 19:29:38","2020-05-07","2020-05-07","2021-05-07","303","PDR Ltd. d/b/a PublicDomainRegistry.com","whois.publicdomainregistry.com","http://www.publicdomainregistry.com","PrivacyDotLink Customer","PrivacyDotLink Customer","PO Box 000000","Seven Mile Beach","Grand Cayman","KY1-1202","Cayman Islands","customer@privacy-customer.idwebspace.com","+1.13609870000","","PrivacyDotLink Customer","PrivacyDotLink Customer","PO Box 000000","Seven Mile Beach","Grand Cayman","KY1-1202","Cayman Islands","customer@privacy-customer.idwebspace.com","+1.13609870000","","PrivacyDotLink Customer","PrivacyDotLink Customer","PO Box 000000","Seven Mile Beach","Grand Cayman","KY1-1202","Cayman Islands","customer@privacy-customer.idwebspace.com","+1.13609870000","","","","","","","","","","","","dns100.idwebspace.net","dns200.idwebspace.net","dns300.idwebspace.net","dns400.idwebspace.net","clientTransferProhibited","","",""
"5","antfinancialipo.com","2020-05-08 19:31:08","2020-05-06","2020-05-06","2022-05-06","299","CSC Corporate Domains, Inc.","whois.corporatedomains.com","http://www.cscglobal.com/global/web/csc/digital-brand-services","Timothy Alexander Steinert","Advanced New Technologies Co., Ltd.","P.O. Box 31119 Grand Pavilion, Hibiscus Way, 802 West Bay Road, Grand Cayman, KY1-1205 Cayman Islands","Grand Cayman","","KY1-1205","Cayman Islands","dnsadmin@alibaba-inc.com","+852.22155100","+852.22155200","Timothy Alexander Steinert","Advanced New Technologies Co., Ltd.","P.O. Box 31119 Grand Pavilion, Hibiscus Way, 802 West Bay Road, Grand Cayman, KY1-1205 Cayman Islands","Grand Cayman","","KY1-1205","Cayman Islands","dnsadmin@alibaba-inc.com","+852.22155100","+852.22155200","Timothy Alexander Steinert","Advanced New Technologies Co., Ltd.","P.O. Box 31119 Grand Pavilion, Hibiscus Way, 802 West Bay Road, Grand Cayman, KY1-1205 Cayman Islands","Grand Cayman","","KY1-1205","Cayman Islands","dnsadmin@alibaba-inc.com","+852.22155100","+852.22155200","","","","","","","","","","","dns1.cscdns.net","dns2.cscdns.net","","","clientTransferProhibited","","",""
"6","bfutures.info","2020-05-09 00:45:52","2020-05-07","2020-05-07","2021-05-07","81","Gandi SAS","whois.gandi.net","http://www.gandi.net","Binance Holdings Limited","Binance Holdings Limited","","","","","Cayman Islands","","","","","","","","","","","","","","","","","","","","","","","","","","","","","","","","","","ns-1-a.gandi.net","ns-208-c.gandi.net","ns-76-b.gandi.net","","addPeriod","clientTransferProhibited","serverTransferProhibited",""
"7","bfutures.mobi","2020-05-09 00:34:27","2020-05-07","2020-05-07","2021-05-07","81","Gandi SAS","whois.gandi.net","http://www.gandi.net","Binance Holdings Limited","Binance Holdings Limited","","","","","Cayman Islands","","","","","","","","","","","","","","","","","","","","","","","","","","","","","","","","","","ns-119-c.gandi.net","ns-148-b.gandi.net","ns-74-a.gandi.net","","addPeriod","clientTransferProhibited","serverTransferProhibited",""
"8","bfutures.net","2020-05-09 00:33:19","2020-05-07","2020-05-07","2021-05-07","81","Gandi SAS","whois.gandi.net","http://www.gandi.net","REDACTED FOR PRIVACY","Binance Holdings Limited","REDACTED FOR PRIVACY","REDACTED FOR PRIVACY","","REDACTED FOR PRIVACY","Cayman Islands","babc2b2e09e3709fa628137f95790039-18924565@contact.gandi.net","REDACTED FOR PRIVACY","REDACTED FOR PRIVACY","REDACTED FOR PRIVACY","REDACTED FOR PRIVACY","REDACTED FOR PRIVACY","REDACTED FOR PRIVACY","REDACTED FOR PRIVACY","REDACTED FOR PRIVACY","REDACTED FOR PRIVACY","babc2b2e09e3709fa628137f95790039-18924565@contact.gandi.net","REDACTED FOR PRIVACY","REDACTED FOR PRIVACY","REDACTED FOR PRIVACY","REDACTED FOR PRIVACY","REDACTED FOR PRIVACY","REDACTED FOR PRIVACY","REDACTED FOR PRIVACY","REDACTED FOR PRIVACY","REDACTED FOR PRIVACY","babc2b2e09e3709fa628137f95790039-18924565@contact.gandi.net","REDACTED FOR PRIVACY","REDACTED FOR PRIVACY","","","","","","","","","","","ns-1155.awsdns-16.org","ns-1610.awsdns-09.co.uk","ns-62.awsdns-07.com","ns-948.awsdns-54.net","clientTransferProhibited","","",""
"9","caymanluxury.rentals","2020-05-08 23:16:42","2020-05-07","2020-05-07","2021-05-07","146","GoDaddy.com, LLC","whois.godaddy.com","http://registrar.godaddy.com","REDACTED FOR PRIVACY","Cayman Vacation Home Rentals Ltd.","REDACTED FOR PRIVACY","REDACTED FOR PRIVACY","Grand Cayman","REDACTED FOR PRIVACY","Cayman Islands","","REDACTED FOR PRIVACY","REDACTED FOR PRIVACY","","","","","","","","","","","","","","","","","","","","","","","","","","","","","","","","","","","addPeriod","clientDeleteProhibited","clientRenewProhibited","clientTransferProhibited"
"10","caymanluxurybeachfrontrentals.com","2020-05-08 21:04:26","2020-05-07","2020-05-07","2021-05-07","146","GoDaddy.com, LLC","whois.godaddy.com","http://registrar.godaddy.com","Cayman Vacation Home Rentals Ltd.","Cayman Vacation Home Rentals Ltd.","","","Grand Cayman","","Cayman Islands","","","","","","","","","","","","","","","","","","","","","","","","","","","","","","","","","","ns11.domaincontrol.com","ns12.domaincontrol.com","","","clientDeleteProhibited","clientRenewProhibited","clientTransferProhibited","clientUpdateProhibited"
"11","ctdemocrats.house","2020-05-09 00:47:53","2020-05-06","2020-05-06","2021-05-06","1659","Uniregistrar Corp","whois.uniregistrar.com","http://www.uniregistrar.com","REDACTED FOR PRIVACY","","REDACTED FOR PRIVACY","REDACTED FOR PRIVACY","Grand Cayman","REDACTED FOR PRIVACY","Cayman Islands","","REDACTED FOR PRIVACY","REDACTED FOR PRIVACY","","","","","","","","","","","","","","","","","","","","","","","","","","","","","","","","","","","addPeriod","clientTransferProhibited","",""
"12","dennyspizzadrivethru.com","2020-05-08 20:22:29","2020-05-06","2020-05-06","2021-05-06","2185","DropCatch.com 705 LLC","whois.namebright.com","http://www.dropcatch705.com","Jane Dew","","233 Markey Street","Camana Bay","Grand Cayman","KY1-9006","Cayman Islands","1domains12345@gmail.com","+1.2542245346","","Jane Dew","","233 Markey Street","Camana Bay","Grand Cayman","KY1-9006","Cayman Islands","1domains12345@gmail.com","+1.2542245346","","Jane Dew","","233 Markey Street","Camana Bay","Grand Cayman","KY1-9006","Cayman Islands","1domains12345@gmail.com","+1.2542245346","","","","","","","","","","","","ns1.brainydns.com","ns2.brainydns.com","","","clientTransferProhibited","","",""
"13","eudaemoniauniversity.com","2020-05-08 20:25:07","2020-05-06","2020-05-06","2021-05-06","303","PDR Ltd. d/b/a PublicDomainRegistry.com","whois.publicdomainregistry.com","http://www.publicdomainregistry.com","PrivacyDotLink Customer","PrivacyDotLink Customer","PO Box 000000","Seven Mile Beach","Grand Cayman","KY1-1202","Cayman Islands","customer@privacy-customer.idwebspace.com","+1.13609870000","","PrivacyDotLink Customer","PrivacyDotLink Customer","PO Box 000000","Seven Mile Beach","Grand Cayman","KY1-1202","Cayman Islands","customer@privacy-customer.idwebspace.com","+1.13609870000","","PrivacyDotLink Customer","PrivacyDotLink Customer","PO Box 000000","Seven Mile Beach","Grand Cayman","KY1-1202","Cayman Islands","customer@privacy-customer.idwebspace.com","+1.13609870000","","","","","","","","","","","","dns100.idwebspace.net","dns200.idwebspace.net","dns300.idwebspace.net","dns400.idwebspace.net","clientTransferProhibited","","",""
"14","farook.net","2020-05-08 19:03:01","2020-05-06","2020-05-06","2021-05-06","2040","DropCatch.com 560 LLC","whois.namebright.com","http://www.dropcatch560.com","Jane Dew","","233 Markey Street","Camana Bay","Grand Cayman","KY1-9006","Cayman Islands","1domains12345@gmail.com","+1.2542245346","","Jane Dew","","233 Markey Street","Camana Bay","Grand Cayman","KY1-9006","Cayman Islands","1domains12345@gmail.com","+1.2542245346","","Jane Dew","","233 Markey Street","Camana Bay","Grand Cayman","KY1-9006","Cayman Islands","1domains12345@gmail.com","+1.2542245346","","","","","","","","","","","","ns1.parklogic.com","ns2.parklogic.com","","","clientTransferProhibited","","",""
"15","gipa.wtf","2020-05-08 22:28:07","2020-05-06","2020-05-06","2021-05-06","1659","Uniregistrar Corp","whois.uniregistrar.com","http://www.uniregistrar.com","REDACTED FOR PRIVACY","","REDACTED FOR PRIVACY","REDACTED FOR PRIVACY","Grand Cayman","REDACTED FOR PRIVACY","Cayman Islands","","REDACTED FOR PRIVACY","REDACTED FOR PRIVACY","","","","","","","","","","","","","","","","","","","","","","","","","","","","","","","","","","","addPeriod","clientTransferProhibited","",""
"16","jackpocket.codes","2020-05-09 00:49:03","2020-05-06","2020-05-06","2021-05-06","1659","Uniregistrar Corp","whois.uniregistrar.com","http://www.uniregistrar.com","REDACTED FOR PRIVACY","","REDACTED FOR PRIVACY","REDACTED FOR PRIVACY","Grand Cayman","REDACTED FOR PRIVACY","Cayman Islands","","REDACTED FOR PRIVACY","REDACTED FOR PRIVACY","","","","","","","","","","","","","","","","","","","","","","","","","","","","","","","","","","","addPeriod","clientTransferProhibited","",""
"17","keyworker.club","2020-05-09 00:50:31","2020-05-06","2020-05-06","2021-05-06","1659","Uniregistrar Corp","whois.uniregistrar.com","http://www.uniregistrar.com","","","","","Grand Cayman","","Cayman Islands","","","","","","","","","","","","","","","","","","","","","","","","","","","","","","","","","","ns1.uniregistry-dns.com","ns1.uniregistry-dns.net","ns2.uniregistry-dns.com","ns2.uniregistry-dns.net","addPeriod","clientTransferProhibited","",""
"18","khadedras.biz","2020-05-08 16:42:17","2020-05-05","2020-05-05","2021-05-05","146","GoDaddy.com, LLC","whois.godaddy.com","http://registrar.godaddy.com","","","","","Grand Cayman","","Cayman Islands","","","","","","","","","","","","","","","","","","","","","","","","","","","","","","","","","","ns71.domaincontrol.com","ns72.domaincontrol.com","","","addPeriod","clientDeleteProhibited","clientRenewProhibited","clientTransferProhibited"
"19","kozelporn.com","2020-05-08 20:27:24","2020-05-06","2020-05-06","2021-05-06","3512","DropCatch.com 1303 LLC","","","Jane Dew","","233 Markey Street","Camana Bay","Grand Cayman","KY1-9006","Cayman Islands","1domains12345@gmail.com","+1.2542245346","","Jane Dew","","233 Markey Street","Camana Bay","Grand Cayman","KY1-9006","Cayman Islands","1domains12345@gmail.com","+1.2542245346","","Jane Dew","","233 Markey Street","Camana Bay","Grand Cayman","KY1-9006","Cayman Islands","1domains12345@gmail.com","+1.2542245346","","","","","","","","","","","","ns1.brainydns.com","ns2.brainydns.com","","","clientTransferProhibited","","",""
"20","lawyer.one","2020-05-09 00:19:15","2020-05-07","2020-05-07","2021-05-07","1659","Uniregistrar Corp","whois.uniregistrar.com","http://www.uniregistrar.com","","","","","Grand Cayman","","Cayman Islands","","","","","","","","","","","","","","","","","","","","","","","","","","","","","","","","","","ns1.uniregistry-dns.com","ns1.uniregistry-dns.net","ns2.uniregistry-dns.com","ns2.uniregistry-dns.net","addPeriod","clientTransferProhibited","",""
"21","lifeworks20181122.com","2020-05-08 20:29:41","2020-05-06","2020-05-06","2021-05-06","3379","DropCatch.com 1170 LLC","","","Jane Dew","","233 Markey Street","Camana Bay","Grand Cayman","KY1-9006","Cayman Islands","1domains12345@gmail.com","+1.2542245346","","Jane Dew","","233 Markey Street","Camana Bay","Grand Cayman","KY1-9006","Cayman Islands","1domains12345@gmail.com","+1.2542245346","","Jane Dew","","233 Markey Street","Camana Bay","Grand Cayman","KY1-9006","Cayman Islands","1domains12345@gmail.com","+1.2542245346","","","","","","","","","","","","ns1.parklogic.com","ns2.parklogic.com","","","clientTransferProhibited","","",""
"22","lightweightdream.com","2020-05-08 20:23:41","2020-05-06","2020-05-06","2021-05-06","3529","DropCatch.com 1320 LLC","","","Jane Dew","","233 Markey Street","Camana Bay","Grand Cayman","KY1-9006","Cayman Islands","1domains12345@gmail.com","+1.2542245346","","Jane Dew","","233 Markey Street","Camana Bay","Grand Cayman","KY1-9006","Cayman Islands","1domains12345@gmail.com","+1.2542245346","","Jane Dew","","233 Markey Street","Camana Bay","Grand Cayman","KY1-9006","Cayman Islands","1domains12345@gmail.com","+1.2542245346","","","","","","","","","","","","ns1.brainydns.com","ns2.brainydns.com","","","clientTransferProhibited","","",""
"23","luxurycaymanbeachfrontrentals.com","2020-05-08 21:04:27","2020-05-07","2020-05-07","2021-05-07","146","GoDaddy.com, LLC","whois.godaddy.com","http://registrar.godaddy.com","Cayman Vacation Home Rentals Ltd.","Cayman Vacation Home Rentals Ltd.","","","Grand Cayman","","Cayman Islands","","","","","","","","","","","","","","","","","","","","","","","","","","","","","","","","","","ns37.domaincontrol.com","ns38.domaincontrol.com","","","clientDeleteProhibited","clientRenewProhibited","clientTransferProhibited","clientUpdateProhibited"
"24","meteorlagu.com","2020-05-08 20:25:26","2020-05-06","2020-05-06","2021-05-06","2800","DropCatch.com 1041 LLC","whois.namebright.com","http://www.namebright.com","Jane Dew","","233 Markey Street","Camana Bay","Grand Cayman","KY1-9006","Cayman Islands","1domains12345@gmail.com","+1.2542245346","","Jane Dew","","233 Markey Street","Camana Bay","Grand Cayman","KY1-9006","Cayman Islands","1domains12345@gmail.com","+1.2542245346","","Jane Dew","","233 Markey Street","Camana Bay","Grand Cayman","KY1-9006","Cayman Islands","1domains12345@gmail.com","+1.2542245346","","","","","","","","","","","","ns1.brainydns.com","ns2.brainydns.com","","","clientTransferProhibited","","",""
"25","neuromaencer.com","2020-05-08 20:24:16","2020-05-06","2020-05-06","2021-05-06","1779","DropCatch.com 368 LLC","whois.namebright.com","http://www.dropcatch368.com","Jane Dew","","233 Markey Street","Camana Bay","Grand Cayman","KY1-9006","Cayman Islands","1domains12345@gmail.com","+1.2542245346","","Jane Dew","","233 Markey Street","Camana Bay","Grand Cayman","KY1-9006","Cayman Islands","1domains12345@gmail.com","+1.2542245346","","Jane Dew","","233 Markey Street","Camana Bay","Grand Cayman","KY1-9006","Cayman Islands","1domains12345@gmail.com","+1.2542245346","","","","","","","","","","","","ns1.brainydns.com","ns2.brainydns.com","","","clientTransferProhibited","","",""
"26","poe-rates.com","2020-05-08 19:37:46","2020-05-06","2020-05-06","2021-05-06","1759","DropCatch.com 348 LLC","whois.namebright.com","http://www.dropcatch348.com","Jane Dew","","233 Markey Street","Camana Bay","Grand Cayman","KY1-9006","Cayman Islands","1domains12345@gmail.com","+1.2542245346","","Jane Dew","","233 Markey Street","Camana Bay","Grand Cayman","KY1-9006","Cayman Islands","1domains12345@gmail.com","+1.2542245346","","Jane Dew","","233 Markey Street","Camana Bay","Grand Cayman","KY1-9006","Cayman Islands","1domains12345@gmail.com","+1.2542245346","","","","","","","","","","","","ns1.brainydns.com","ns2.brainydns.com","","","clientTransferProhibited","","",""
"27","politicalnews.network","2020-05-09 00:22:38","2020-05-06","2020-05-06","2021-05-06","1659","Uniregistrar Corp","whois.uniregistrar.com","http://www.uniregistrar.com","REDACTED FOR PRIVACY","","REDACTED FOR PRIVACY","REDACTED FOR PRIVACY","Grand Cayman","REDACTED FOR PRIVACY","Cayman Islands","","REDACTED FOR PRIVACY","REDACTED FOR PRIVACY","","","","","","","","","","","","","","","","","","","","","","","","","","","","","","","","","","","addPeriod","clientTransferProhibited","",""
"28","puroxbox.com","2020-05-08 20:23:12","2020-05-06","2020-05-06","2021-05-06","2001","DropCatch.com 521 LLC","whois.namebright.com","http://www.dropcatch521.com","Jane Dew","","233 Markey Street","Camana Bay","Grand Cayman","KY1-9006","Cayman Islands","1domains12345@gmail.com","+1.2542245346","","Jane Dew","","233 Markey Street","Camana Bay","Grand Cayman","KY1-9006","Cayman Islands","1domains12345@gmail.com","+1.2542245346","","Jane Dew","","233 Markey Street","Camana Bay","Grand Cayman","KY1-9006","Cayman Islands","1domains12345@gmail.com","+1.2542245346","","","","","","","","","","","","ns1.brainydns.com","ns2.brainydns.com","","","clientTransferProhibited","","",""
"29","series20b.com","2020-05-08 20:13:38","2020-05-06","2020-05-06","2021-05-06","1574","DotNamed LLC","whois.dotnamed.com","http://www.dotnamed.com","Jane Dew","","233 Markey Street","Camana Bay","Grand Cayman","KY1-9006","Cayman Islands","1domains12345@gmail.com","+1.2542245346","","Jane Dew","","233 Markey Street","Camana Bay","Grand Cayman","KY1-9006","Cayman Islands","1domains12345@gmail.com","+1.2542245346","","Jane Dew","","233 Markey Street","Camana Bay","Grand Cayman","KY1-9006","Cayman Islands","1domains12345@gmail.com","+1.2542245346","","","","","","","","","","","","ns1.brainydns.com","ns2.brainydns.com","","","clientTransferProhibited","","",""
"30","sexysoloteens.com","2020-05-08 20:21:24","2020-05-06","2020-05-06","2021-05-06","3577","DropCatch.com 1368 LLC","","","Jane Dew","","233 Markey Street","Camana Bay","Grand Cayman","KY1-9006","Cayman Islands","1domains12345@gmail.com","+1.2542245346","","Jane Dew","","233 Markey Street","Camana Bay","Grand Cayman","KY1-9006","Cayman Islands","1domains12345@gmail.com","+1.2542245346","","Jane Dew","","233 Markey Street","Camana Bay","Grand Cayman","KY1-9006","Cayman Islands","1domains12345@gmail.com","+1.2542245346","","","","","","","","","","","","ns1.parklogic.com","ns2.parklogic.com","","","clientTransferProhibited","","",""
"31","thausredmsmt.com","2020-05-08 20:21:18","2020-05-06","2020-05-06","2021-05-06","3569","DropCatch.com 1360 LLC","","","Jane Dew","","233 Markey Street","Camana Bay","Grand Cayman","KY1-9006","Cayman Islands","1domains12345@gmail.com","+1.2542245346","","Jane Dew","","233 Markey Street","Camana Bay","Grand Cayman","KY1-9006","Cayman Islands","1domains12345@gmail.com","+1.2542245346","","Jane Dew","","233 Markey Street","Camana Bay","Grand Cayman","KY1-9006","Cayman Islands","1domains12345@gmail.com","+1.2542245346","","","","","","","","","","","","ns1.parklogic.com","ns2.parklogic.com","","","clientTransferProhibited","","",""
"32","titsyoungpic.com","2020-05-08 20:25:52","2020-05-06","2020-05-06","2021-05-06","1992","DropCatch.com 512 LLC","whois.namebright.com","http://www.dropcatch512.com","Jane Dew","","233 Markey Street","Camana Bay","Grand Cayman","KY1-9006","Cayman Islands","1domains12345@gmail.com","+1.2542245346","","Jane Dew","","233 Markey Street","Camana Bay","Grand Cayman","KY1-9006","Cayman Islands","1domains12345@gmail.com","+1.2542245346","","Jane Dew","","233 Markey Street","Camana Bay","Grand Cayman","KY1-9006","Cayman Islands","1domains12345@gmail.com","+1.2542245346","","","","","","","","","","","","ns1.brainydns.com","ns2.brainydns.com","","","clientTransferProhibited","","",""
"33","top1aff.com","2020-05-08 20:22:21","2020-05-06","2020-05-06","2021-05-06","2013","DropCatch.com 533 LLC","whois.namebright.com","http://www.dropcatch533.com","Jane Dew","","233 Markey Street","Camana Bay","Grand Cayman","KY1-9006","Cayman Islands","1domains12345@gmail.com","+1.2542245346","","Jane Dew","","233 Markey Street","Camana Bay","Grand Cayman","KY1-9006","Cayman Islands","1domains12345@gmail.com","+1.2542245346","","Jane Dew","","233 Markey Street","Camana Bay","Grand Cayman","KY1-9006","Cayman Islands","1domains12345@gmail.com","+1.2542245346","","","","","","","","","","","","ns1.parklogic.com","ns2.parklogic.com","","","clientTransferProhibited","","",""
"34","vapostarr.com","2020-05-08 19:32:14","2020-05-06","2020-05-06","2021-05-06","2597","DROPCATCH.COM 838 LLC","whois.namebright.com","http://www.namebright.com","Jane Dew","","233 Markey Street","Camana Bay","Grand Cayman","KY1-9006","Cayman Islands","1domains12345@gmail.com","+1.2542245346","","Jane Dew","","233 Markey Street","Camana Bay","Grand Cayman","KY1-9006","Cayman Islands","1domains12345@gmail.com","+1.2542245346","","Jane Dew","","233 Markey Street","Camana Bay","Grand Cayman","KY1-9006","Cayman Islands","1domains12345@gmail.com","+1.2542245346","","","","","","","","","","","","ns1.brainydns.com","ns2.brainydns.com","","","clientTransferProhibited","","",""