"num","domain_name","query_time","create_date","update_date","expiry_date","domain_registrar_id","domain_registrar_name","domain_registrar_whois","domain_registrar_url","registrant_name","registrant_company","registrant_address","registrant_city","registrant_state","registrant_zip","registrant_country","registrant_email","registrant_phone","registrant_fax","administrative_name","administrative_company","administrative_address","administrative_city","administrative_state","administrative_zip","administrative_country","administrative_email","administrative_phone","administrative_fax","technical_name","technical_company","technical_address","technical_city","technical_state","technical_zip","technical_country","technical_email","technical_phone","technical_fax","billing_name","billing_company","billing_address","billing_city","billing_state","billing_zip","billing_country","billing_email","billing_phone","billing_fax","name_server_1","name_server_2","name_server_3","name_server_4","domain_status_1","domain_status_2","domain_status_3","domain_status_4"
"1","23chile.com","2020-05-08 21:03:26","2020-05-07","2020-05-07","2021-05-07","146","GoDaddy.com, LLC","whois.godaddy.com","http://registrar.godaddy.com","","","","","Metropolitana","","Chile","","","","","","","","","","","","","","","","","","","","","","","","","","","","","","","","","","ns37.domaincontrol.com","ns38.domaincontrol.com","","","clientDeleteProhibited","clientRenewProhibited","clientTransferProhibited","clientUpdateProhibited"
"2","2muchenergy.com","2020-05-08 20:47:34","2020-05-07","2020-05-07","2022-05-07","146","GoDaddy.com, LLC","whois.godaddy.com","http://registrar.godaddy.com","2Much Inc Spa","2Much Inc Spa","","","Region de Valparaiso","","Chile","","","","","","","","","","","","","","","","","","","","","","","","","","","","","","","","","","ns1.zglobalhost.com","ns2.zglobalhost.com","ns3.zglobalhost.com","ns4.zglobalhost.com","clientDeleteProhibited","clientRenewProhibited","clientTransferProhibited","clientUpdateProhibited"
"3","abcmetalurgica.com","2020-05-08 20:53:10","2020-05-07","2020-05-07","2021-05-07","955","Launchpad, Inc.","whois.launchpad.com","http://www.launchpad.com","LINDA BAHAMONDES","None","PIRENA 1541","PUERTO MONTT","LL","5480000","Chile","linda.bahamondes@gmail.com","+56.957465636","","LINDA BAHAMONDES","None","PIRENA 1541","PUERTO MONTT","LL","5480000","Chile","linda.bahamondes@gmail.com","+56.957465636","","LINDA BAHAMONDES","None","PIRENA 1541","PUERTO MONTT","LL","5480000","Chile","linda.bahamondes@gmail.com","+56.957465636","","","","","","","","","","","","ns8103.hostgator.com","ns8104.hostgator.com","","","clientTransferProhibited","","",""
"4","alehormazabal.com","2020-05-08 21:04:12","2020-05-07","2020-05-07","2022-05-07","146","GoDaddy.com, LLC","whois.godaddy.com","http://registrar.godaddy.com","","","","","santiago","","Chile","","","","","","","","","","","","","","","","","","","","","","","","","","","","","","","","","","ns75.domaincontrol.com","ns76.domaincontrol.com","","","clientDeleteProhibited","clientRenewProhibited","clientTransferProhibited","clientUpdateProhibited"
"5","animaleros.club","2020-05-09 00:51:20","2020-05-06","2020-05-06","2021-05-06","146","GoDaddy.com, LLC","whois.godaddy.com","http://registrar.godaddy.com","TheMindsProject","TheMindsProject","","","Region Metropolitana","","Chile","","","","","","","","","","","","","","","","","","","","","","","","","","","","","","","","","","ns53.domaincontrol.com","ns54.domaincontrol.com","","","addPeriod","clientDeleteProhibited","clientRenewProhibited","clientTransferProhibited"
"6","arteindomito.com","2020-05-08 21:05:51","2020-05-07","2020-05-07","2021-05-07","48","eNom, Inc.","whois.enom.com","http://www.enom.com","REDACTED FOR PRIVACY","REDACTED FOR PRIVACY","REDACTED FOR PRIVACY","REDACTED FOR PRIVACY","valparaiso","REDACTED FOR PRIVACY","Chile","","REDACTED FOR PRIVACY","REDACTED FOR PRIVACY","REDACTED FOR PRIVACY","REDACTED FOR PRIVACY","REDACTED FOR PRIVACY","REDACTED FOR PRIVACY","REDACTED FOR PRIVACY","REDACTED FOR PRIVACY","REDACTED FOR PRIVACY","","REDACTED FOR PRIVACY","REDACTED FOR PRIVACY","REDACTED FOR PRIVACY","REDACTED FOR PRIVACY","REDACTED FOR PRIVACY","REDACTED FOR PRIVACY","REDACTED FOR PRIVACY","REDACTED FOR PRIVACY","REDACTED FOR PRIVACY","","REDACTED FOR PRIVACY","REDACTED FOR PRIVACY","","","","","","","","","","","ns1.cpanelhost.cl","ns2.cpanelhost.cl","","","addPeriod","clientTransferProhibited","",""
"7","bajarpeliculasgratis.net","2020-05-09 00:33:23","2020-05-07","2020-05-07","2021-05-06","76","Nominalia Internet S.L.","whois.nominalia.com","http://www.nominalia.com","REDACTED FOR PRIVACY","REDACTED FOR PRIVACY","REDACTED FOR PRIVACY","REDACTED FOR PRIVACY","Los Lagos","REDACTED FOR PRIVACY","Chile","","REDACTED.FORPRIVACY","REDACTED.FORPRIVACY","REDACTED FOR PRIVACY","REDACTED FOR PRIVACY","REDACTED FOR PRIVACY","REDACTED FOR PRIVACY","Los Lagos","REDACTED FOR PRIVACY","Chile","","REDACTED.FORPRIVACY","REDACTED.FORPRIVACY","REDACTED FOR PRIVACY","REDACTED FOR PRIVACY","REDACTED FOR PRIVACY","REDACTED FOR PRIVACY","Barcelona","REDACTED FOR PRIVACY","Spain","","REDACTED.FORPRIVACY","REDACTED.FORPRIVACY","","","","","","","","","","","dns1.nominalia.com","dns2.nominalia.com","","","OK","","",""
"8","belas58cl.com","2020-05-08 21:01:01","2020-05-07","2020-05-07","2021-05-07","146","GoDaddy.com, LLC","whois.godaddy.com","http://registrar.godaddy.com","","","","","Metropolitana","","Chile","","","","","","","","","","","","","","","","","","","","","","","","","","","","","","","","","","ns75.domaincontrol.com","ns76.domaincontrol.com","","","clientDeleteProhibited","clientRenewProhibited","clientTransferProhibited","clientUpdateProhibited"
"9","brainstormthestorm.com","2020-05-08 19:52:29","2020-05-07","2020-05-07","2021-05-07","146","GoDaddy.com, LLC","whois.godaddy.com","http://registrar.godaddy.com","CIBERVIVIENTE Agencia SpA","CIBERVIVIENTE Agencia SpA","","","Region Metropolitana","","Chile","","","","","","","","","","","","","","","","","","","","","","","","","","","","","","","","","","ns53.domaincontrol.com","ns54.domaincontrol.com","","","clientDeleteProhibited","clientRenewProhibited","clientTransferProhibited","clientUpdateProhibited"
"10","brandistas.com","2020-05-08 20:13:32","2020-05-06","2020-05-06","2021-05-06","146","GoDaddy.com, LLC","whois.godaddy.com","http://registrar.godaddy.com","Vestuario Dd Ltda","Vestuario Dd Ltda","","","Metropolitana","","Chile","","","","","","","","","","","","","","","","","","","","","","","","","","","","","","","","","","ns53.domaincontrol.com","ns54.domaincontrol.com","","","clientDeleteProhibited","clientRenewProhibited","clientTransferProhibited","clientUpdateProhibited"
"11","brotesvida.com","2020-05-08 21:06:01","2020-05-07","2020-05-07","2021-05-07","303","PDR Ltd. d/b/a PublicDomainRegistry.com","whois.publicdomainregistry.com","http://www.publicdomainregistry.com","Eugenio Valdecantos","Brotes Vida Spa","Talinay 10408 k-13","Santiago","Region Metropolitana, La Reina","7880384","Chile","eugenio@brotesvida.cl","+56.56994420337","","Eugenio Valdecantos","Brotes Vida Spa","Talinay 10408 k-13","Santiago","Region Metropolitana, La Reina","7880384","Chile","eugenio@brotesvida.cl","+56.56994420337","","Eugenio Valdecantos","Brotes Vida Spa","Talinay 10408 k-13","Santiago","Region Metropolitana, La Reina","7880384","Chile","eugenio@brotesvida.cl","+56.56994420337","","","","","","","","","","","","ns1.dnsmisitio.net","ns2.dnsmisitio.net","ns3.dnsmisitio.net","","clientTransferProhibited","","",""
"12","buenavista-otavalo.com","2020-05-08 19:17:39","2020-05-06","2020-05-06","2021-05-06","1086","Marcaria.com International, Inc.","whois.melbourneit.com","http://www.melbourneit.com","Guillermo Leniz","","Holanda 3418","Santiago","Santiago","7591538","Chile","tomaslenizp@gmail.com","+56.989034752","","Guillermo Leniz","","Holanda 3418","Santiago","Santiago","7591538","Chile","tomaslenizp@gmail.com","+56.989034752","","Domain Manager","Marcaria.com LLC","8345 NW 66 ST #B1673","Miami","Florida","33195","United States","domains@marcaria.com","+1.3054348621","","","","","","","","","","","","ns1.justhost.com","ns2.justhost.com","","","clientTransferProhibited","","",""
"13","byccapacitacion.com","2020-05-08 21:15:55","2020-05-06","2020-05-06","2021-05-06","625","Name.com, Inc.","whois.name.com","http://www.name.com","rene arias","ocean green chile","o'higgins 380 oficina 41","valdivia","valdivia","5090000","Chile","rene.ariasgaldames@gmail.com","+56.950857145","","rene arias","ocean green chile","o'higgins 380 oficina 41","valdivia","valdivia","5090000","Chile","rene.ariasgaldames@gmail.com","+56.950857145","","rene arias","ocean green chile","o'higgins 380 oficina 41","valdivia","valdivia","5090000","Chile","rene.ariasgaldames@gmail.com","+56.950857145","","","","","","","","","","","","ns1.pymedns.net","ns2.pymedns.net","ns3.pymedns.net","","addPeriod","clientTransferProhibited","",""
"14","cassandraornano.com","2020-05-08 19:39:36","2020-05-07","2020-05-07","2022-05-07","146","GoDaddy.com, LLC","whois.godaddy.com","http://registrar.godaddy.com","","","","","santiago","","Chile","","","","","","","","","","","","","","","","","","","","","","","","","","","","","","","","","","ns1.wirenetchile.com","ns2.wirenetchile.com","","","clientDeleteProhibited","clientRenewProhibited","clientTransferProhibited","clientUpdateProhibited"
"15","catedradigitalonline.com","2020-05-08 21:14:10","2020-05-06","2020-05-06","2022-05-06","146","GoDaddy.com, LLC","whois.godaddy.com","http://registrar.godaddy.com","","","","","Vitacura","","Chile","","","","","","","","","","","","","","","","","","","","","","","","","","","","","","","","","","ns53.domaincontrol.com","ns54.domaincontrol.com","","","clientDeleteProhibited","clientRenewProhibited","clientTransferProhibited","clientUpdateProhibited"
"16","clasicorpconsulting.com","2020-05-08 19:56:43","2020-05-07","2020-05-07","2021-05-07","146","GoDaddy.com, LLC","whois.godaddy.com","http://registrar.godaddy.com","Blizuu","Blizuu","","","FL","","Chile","","","","","","","","","","","","","","","","","","","","","","","","","","","","","","","","","","ns53.domaincontrol.com","ns54.domaincontrol.com","","","clientDeleteProhibited","clientRenewProhibited","clientTransferProhibited","clientUpdateProhibited"
"17","cloudcaretoday.com","2020-05-08 19:39:24","2020-05-07","2020-05-07","2021-05-07","146","GoDaddy.com, LLC","whois.godaddy.com","http://registrar.godaddy.com","Tre Bandiere","Tre Bandiere","","","Metropolitana","","Chile","","","","","","","","","","","","","","","","","","","","","","","","","","","","","","","","","","ns37.domaincontrol.com","ns38.domaincontrol.com","","","clientDeleteProhibited","clientRenewProhibited","clientTransferProhibited","clientUpdateProhibited"
"18","coach2teams.com","2020-05-08 21:10:38","2020-05-06","2020-05-06","2021-05-06","379","Arsys Internet, S.L. dba NICLINE.COM","whois.nicline.com","http://www.nicline.com","REDACTED FOR PRIVACY","","REDACTED FOR PRIVACY","REDACTED FOR PRIVACY","N A","REDACTED FOR PRIVACY","Chile","whoiscontact@domainconnection.info","REDACTED FOR PRIVACY","REDACTED FOR PRIVACY","REDACTED FOR PRIVACY","REDACTED FOR PRIVACY","REDACTED FOR PRIVACY","REDACTED FOR PRIVACY","REDACTED FOR PRIVACY","REDACTED FOR PRIVACY","REDACTED FOR PRIVACY","whoiscontact@domainconnection.info","REDACTED FOR PRIVACY","REDACTED FOR PRIVACY","REDACTED FOR PRIVACY","REDACTED FOR PRIVACY","REDACTED FOR PRIVACY","REDACTED FOR PRIVACY","REDACTED FOR PRIVACY","REDACTED FOR PRIVACY","REDACTED FOR PRIVACY","whoiscontact@domainconnection.info","REDACTED FOR PRIVACY","REDACTED FOR PRIVACY","","","","","","","","","","","dns49.servidoresdns.net","dns50.servidoresdns.net","","","addPeriod","clientTransferProhibited","",""
"19","coach2teams.net","2020-05-08 19:03:31","2020-05-06","2020-05-06","2021-05-06","379","Arsys Internet, S.L. dba NICLINE.COM","whois.nicline.com","http://www.nicline.com","REDACTED FOR PRIVACY","","REDACTED FOR PRIVACY","REDACTED FOR PRIVACY","N A","REDACTED FOR PRIVACY","Chile","whoiscontact@domainconnection.info","REDACTED FOR PRIVACY","REDACTED FOR PRIVACY","REDACTED FOR PRIVACY","REDACTED FOR PRIVACY","REDACTED FOR PRIVACY","REDACTED FOR PRIVACY","REDACTED FOR PRIVACY","REDACTED FOR PRIVACY","REDACTED FOR PRIVACY","whoiscontact@domainconnection.info","REDACTED FOR PRIVACY","REDACTED FOR PRIVACY","REDACTED FOR PRIVACY","REDACTED FOR PRIVACY","REDACTED FOR PRIVACY","REDACTED FOR PRIVACY","REDACTED FOR PRIVACY","REDACTED FOR PRIVACY","REDACTED FOR PRIVACY","whoiscontact@domainconnection.info","REDACTED FOR PRIVACY","REDACTED FOR PRIVACY","","","","","","","","","","","dns49.servidoresdns.net","dns50.servidoresdns.net","","","addPeriod","clientTransferProhibited","",""
"20","coachingoncologico.net","2020-05-08 19:03:31","2020-05-06","2020-05-06","2021-05-06","379","Arsys Internet, S.L. dba NICLINE.COM","whois.nicline.com","http://www.nicline.com","REDACTED FOR PRIVACY","","REDACTED FOR PRIVACY","REDACTED FOR PRIVACY","N A","REDACTED FOR PRIVACY","Chile","whoiscontact@domainconnection.info","REDACTED FOR PRIVACY","REDACTED FOR PRIVACY","REDACTED FOR PRIVACY","REDACTED FOR PRIVACY","REDACTED FOR PRIVACY","REDACTED FOR PRIVACY","REDACTED FOR PRIVACY","REDACTED FOR PRIVACY","REDACTED FOR PRIVACY","whoiscontact@domainconnection.info","REDACTED FOR PRIVACY","REDACTED FOR PRIVACY","REDACTED FOR PRIVACY","REDACTED FOR PRIVACY","REDACTED FOR PRIVACY","REDACTED FOR PRIVACY","REDACTED FOR PRIVACY","REDACTED FOR PRIVACY","REDACTED FOR PRIVACY","whoiscontact@domainconnection.info","REDACTED FOR PRIVACY","REDACTED FOR PRIVACY","","","","","","","","","","","dns49.servidoresdns.net","dns50.servidoresdns.net","","","addPeriod","clientTransferProhibited","",""
"21","coipatrialvirtuial.com","2020-05-08 21:12:51","2020-05-06","2020-05-06","2021-05-06","303","PDR Ltd. d/b/a PublicDomainRegistry.com","whois.publicdomainregistry.com","http://www.publicdomainregistry.com","wilder pena","","calle 12 n 34 m 12, aysen del genrela los vientos","Cisnes","AI","8320000","Chile","skatebord_1001@hotmail.com","+56.317772838","","wilder pena","","calle 12 n 34 m 12, aysen del genrela los vientos","Cisnes","AI","8320000","Chile","skatebord_1001@hotmail.com","+56.317772838","","wilder pena","","calle 12 n 34 m 12, aysen del genrela los vientos","Cisnes","AI","8320000","Chile","skatebord_1001@hotmail.com","+56.317772838","","","","","","","","","","","","nspro12.hostgator.cl","nspro13.hostgator.cl","","","clientTransferProhibited","","",""
"22","colgrafica.com","2020-05-08 19:34:19","2020-05-06","2020-05-06","2021-05-06","440","Wild West Domains, LLC","whois.wildwestdomains.com","http://www.wildwestdomains.com","","","","","Tarapaca","","Chile","","","","","","","","","","","","","","","","","","","","","","","","","","","","","","","","","","ns53.domaincontrol.com","ns54.domaincontrol.com","","","clientDeleteProhibited","clientRenewProhibited","clientTransferProhibited","clientUpdateProhibited"
"23","comexdesdecasa.com","2020-05-08 21:12:18","2020-05-06","2020-05-06","2021-05-06","69","Tucows Domains Inc.","whois.tucows.com","http://domainhelp.opensrs.net","REDACTED FOR PRIVACY","REDACTED FOR PRIVACY","REDACTED FOR PRIVACY","REDACTED FOR PRIVACY","XX","REDACTED FOR PRIVACY","Chile","","REDACTED FOR PRIVACY","REDACTED FOR PRIVACY","REDACTED FOR PRIVACY","REDACTED FOR PRIVACY","REDACTED FOR PRIVACY","REDACTED FOR PRIVACY","REDACTED FOR PRIVACY","REDACTED FOR PRIVACY","REDACTED FOR PRIVACY","","REDACTED FOR PRIVACY","REDACTED FOR PRIVACY","REDACTED FOR PRIVACY","REDACTED FOR PRIVACY","REDACTED FOR PRIVACY","REDACTED FOR PRIVACY","REDACTED FOR PRIVACY","REDACTED FOR PRIVACY","REDACTED FOR PRIVACY","","REDACTED FOR PRIVACY","REDACTED FOR PRIVACY","","","","","","","","","","","ns1.giowm1031.siteground.biz","ns2.giowm1031.siteground.biz","","","clientTransferProhibited","clientUpdateProhibited","",""
"24","condominiolosarrecifes.com","2020-05-08 19:24:33","2020-05-07","2020-05-07","2021-05-07","625","Name.com, Inc.","whois.name.com","http://www.name.com","Victor San Martin","Victor San Martin","Carmencita 25, of. 11 , Las Condes","Santiago","Region Metropolitana","7550157","Chile","questchile@gmail.com","+56.988209975","","Victor San Martin","Victor San Martin","Carmencita 25, of. 11 , Las Condes","Santiago","Region Metropolitana","7550157","Chile","questchile@gmail.com","+56.988209975","","Victor San Martin","Victor San Martin","Carmencita 25, of. 11 , Las Condes","Santiago","Region Metropolitana","7550157","Chile","questchile@gmail.com","+56.988209975","","","","","","","","","","","","ivan.ns.cloudflare.com","mary.ns.cloudflare.com","","","addPeriod","clientTransferProhibited","",""
"25","constructoralexxal.com","2020-05-08 20:02:53","2020-05-06","2020-05-06","2021-05-06","433","OVH sas","whois.ovh.com","http://www.ovh.com","REDACTED FOR PRIVACY","","REDACTED FOR PRIVACY","REDACTED FOR PRIVACY","Region IX La Araucania - Cautin","REDACTED FOR PRIVACY","Chile","m7wb59zu17qwjnd211ss@n.o-w-o.info","REDACTED FOR PRIVACY","REDACTED FOR PRIVACY","REDACTED FOR PRIVACY","REDACTED FOR PRIVACY","REDACTED FOR PRIVACY","REDACTED FOR PRIVACY","REDACTED FOR PRIVACY","REDACTED FOR PRIVACY","REDACTED FOR PRIVACY","0wq1h9u7ym4g05x3w5eh@c.o-w-o.info","REDACTED FOR PRIVACY","REDACTED FOR PRIVACY","REDACTED FOR PRIVACY","REDACTED FOR PRIVACY","REDACTED FOR PRIVACY","REDACTED FOR PRIVACY","REDACTED FOR PRIVACY","REDACTED FOR PRIVACY","REDACTED FOR PRIVACY","0wq1h9u7ym4g05x3w5eh@c.o-w-o.info","REDACTED FOR PRIVACY","REDACTED FOR PRIVACY","","","","","","","","","","","dns110.ovh.net","ns110.ovh.net","","","clientDeleteProhibited","clientTransferProhibited","",""
"26","correosdirectos.com","2020-05-08 19:53:27","2020-05-07","2020-05-07","2021-05-07","146","GoDaddy.com, LLC","whois.godaddy.com","http://registrar.godaddy.com","AtrapaPuntos","AtrapaPuntos","","","Region Metropolitana","","Chile","","","","","","","","","","","","","","","","","","","","","","","","","","","","","","","","","","ns1.sendinblue.com","ns2.sendinblue.com","","","clientDeleteProhibited","clientRenewProhibited","clientTransferProhibited","clientUpdateProhibited"
"27","cotelopez.info","2020-05-09 00:47:47","2020-05-07","2020-05-07","2023-05-07","146","GoDaddy.com, LLC","whois.godaddy.com","http://registrar.godaddy.com","IMPORTADORA JIMENEZ LOPEZ","IMPORTADORA JIMENEZ LOPEZ","","","COLINA","","Chile","","","","","","","","","","","","","","","","","","","","","","","","","","","","","","","","","","ns03.domaincontrol.com","ns04.domaincontrol.com","","","addPeriod","clientDeleteProhibited","clientRenewProhibited","clientTransferProhibited"
"28","covidatos.info","2020-05-09 00:44:50","2020-05-07","2020-05-07","2021-05-07","146","GoDaddy.com, LLC","whois.godaddy.com","http://registrar.godaddy.com","","","","","Region de Los Lagos","","Chile","","","","","","","","","","","","","","","","","","","","","","","","","","","","","","","","","","ns57.domaincontrol.com","ns58.domaincontrol.com","","","addPeriod","clientDeleteProhibited","clientRenewProhibited","clientTransferProhibited"
"29","covidesinfecciones.com","2020-05-08 21:12:20","2020-05-06","2020-05-06","2021-05-06","69","Tucows Domains Inc.","whois.tucows.com","http://domainhelp.opensrs.net","REDACTED FOR PRIVACY","REDACTED FOR PRIVACY","REDACTED FOR PRIVACY","REDACTED FOR PRIVACY","XX","REDACTED FOR PRIVACY","Chile","","REDACTED FOR PRIVACY","REDACTED FOR PRIVACY","REDACTED FOR PRIVACY","REDACTED FOR PRIVACY","REDACTED FOR PRIVACY","REDACTED FOR PRIVACY","REDACTED FOR PRIVACY","REDACTED FOR PRIVACY","REDACTED FOR PRIVACY","","REDACTED FOR PRIVACY","REDACTED FOR PRIVACY","REDACTED FOR PRIVACY","REDACTED FOR PRIVACY","REDACTED FOR PRIVACY","REDACTED FOR PRIVACY","REDACTED FOR PRIVACY","REDACTED FOR PRIVACY","REDACTED FOR PRIVACY","","REDACTED FOR PRIVACY","REDACTED FOR PRIVACY","","","","","","","","","","","ns1.giowm1031.siteground.biz","ns2.giowm1031.siteground.biz","","","clientTransferProhibited","clientUpdateProhibited","",""
"30","cyc-sport.com","2020-05-08 21:18:32","2020-05-06","2020-05-06","2021-05-06","106","Ascio Technologies, Inc. Danmark - Filial af Ascio technologies, Inc. USA","whois.ascio.com","http://www.ascio.com","Not Disclosed","Not Disclosed","Not Disclosed","Not Disclosed","","Not Disclosed","Chile","","Not Disclosed","Not Disclosed","Not Disclosed","Not Disclosed","Not Disclosed","Not Disclosed","Not Disclosed","Not Disclosed","Not Disclosed","","Not Disclosed","Not Disclosed","Not Disclosed","Not Disclosed","Not Disclosed","Not Disclosed","Not Disclosed","Not Disclosed","Not Disclosed","","Not Disclosed","Not Disclosed","","","","","","","","","","","dns1.123hjemmeside.dk","dns2.123hjemmeside.dk","dns3.123hjemmeside.dk","","OK","","",""
"31","cyr-construcciones.com","2020-05-08 21:13:41","2020-05-06","2020-05-06","2021-05-06","76","Nominalia Internet S.L.","whois.nominalia.com","http://www.nominalia.com","REDACTED FOR PRIVACY","REDACTED FOR PRIVACY","REDACTED FOR PRIVACY","REDACTED FOR PRIVACY","Region Metropolitana","REDACTED FOR PRIVACY","Chile","","REDACTED.FORPRIVACY","REDACTED.FORPRIVACY","REDACTED FOR PRIVACY","REDACTED FOR PRIVACY","REDACTED FOR PRIVACY","REDACTED FOR PRIVACY","Region Metropolitana","REDACTED FOR PRIVACY","Chile","","REDACTED.FORPRIVACY","REDACTED.FORPRIVACY","REDACTED FOR PRIVACY","REDACTED FOR PRIVACY","REDACTED FOR PRIVACY","REDACTED FOR PRIVACY","Barcelona","REDACTED FOR PRIVACY","Spain","","REDACTED.FORPRIVACY","REDACTED.FORPRIVACY","","","","","","","","","","","dns1.nominalia.com","dns2.nominalia.com","","","OK","","",""
"32","dassmarket.com","2020-05-08 20:27:52","2020-05-06","2020-05-06","2021-05-06","955","Launchpad, Inc.","whois.launchpad.com","http://www.launchpad.com","Claudio Sotomayor","None","Ruben dario 207","Valdivia","LR","5090000","Chile","cl.sotomayoru@gmail.com","+56.964438839","","Claudio Sotomayor","None","Ruben dario 207","Valdivia","LR","5090000","Chile","cl.sotomayoru@gmail.com","+56.964438839","","Claudio Sotomayor","None","Ruben dario 207","Valdivia","LR","5090000","Chile","cl.sotomayoru@gmail.com","+56.964438839","","","","","","","","","","","","ns8051.hostgator.com","ns8052.hostgator.com","","","clientTransferProhibited","","",""
"33","demenciacinefila.com","2020-05-08 21:02:07","2020-05-07","2020-05-07","2021-05-07","440","Wild West Domains, LLC","whois.wildwestdomains.com","http://www.wildwestdomains.com","Demencia Cinefila","Demencia Cinefila","","","Metropolitana","","Chile","","","","","","","","","","","","","","","","","","","","","","","","","","","","","","","","","","ns37.domaincontrol.com","ns38.domaincontrol.com","","","clientDeleteProhibited","clientRenewProhibited","clientTransferProhibited","clientUpdateProhibited"
"34","dextrumchile.com","2020-05-08 19:20:57","2020-05-07","2020-05-07","2021-05-07","303","PDR Ltd. d/b/a PublicDomainRegistry.com","whois.publicdomainregistry.com","http://www.publicdomainregistry.com","Pablo Constancio","","Paso el Roble 311, dpto 116 La Florida","Santiago","RM","8241588","Chile","pabloconstancio@gmail.com","+56.942226875","","Pablo Constancio","","Paso el Roble 311, dpto 116 La Florida","Santiago","RM","8241588","Chile","pabloconstancio@gmail.com","+56.942226875","","Pablo Constancio","","Paso el Roble 311, dpto 116 La Florida","Santiago","RM","8241588","Chile","pabloconstancio@gmail.com","+56.942226875","","","","","","","","","","","","ns1.dnsmisitio.net","ns2.dnsmisitio.net","ns3.dnsmisitio.net","","clientTransferProhibited","","",""
"35","difumazbeats.com","2020-05-08 20:58:14","2020-05-07","2020-05-07","2021-05-07","955","Launchpad, Inc.","whois.launchpad.com","http://www.launchpad.com","Cristian Pino","None","pasaje las aguilas 746 san bernardo","Santiago","RM","3580000","Chile","cp.andrediaz@gmail.com","+56.975581958","","Cristian Pino","None","pasaje las aguilas 746 san bernardo","Santiago","RM","3580000","Chile","cp.andrediaz@gmail.com","+56.975581958","","Cristian Pino","None","pasaje las aguilas 746 san bernardo","Santiago","RM","3580000","Chile","cp.andrediaz@gmail.com","+56.975581958","","","","","","","","","","","","ns6521.hostgator.com","ns6522.hostgator.com","","","clientTransferProhibited","","",""
"36","dimensiontecnologica.com","2020-05-08 20:50:47","2020-05-07","2020-05-07","2021-05-07","1600","Estrategias WebSite S.L.","whois2.virtualname.es","http://www.virtualpyme.com/","Francisco Medina","","Santa Isabel 517","Santiago","Santiago","8331146","Chile","solucionencomputacion@gmail.com","+56.56982537345","","Francisco Medina","","Santa Isabel 517","Santiago","Santiago","8331146","Chile","solucionencomputacion@gmail.com","+56.56982537345","","Francisco Medina","","Santa Isabel 517","Santiago","Santiago","8331146","Chile","solucionencomputacion@gmail.com","+56.56982537345","","","","","","","","","","","","ns1.laprimeracloud04.com","ns2.laprimeracloud04.com","","","clientTransferProhibited","","",""
"37","eltioexcel.com","2020-05-08 21:02:02","2020-05-07","2020-05-07","2021-05-07","303","PDR Ltd. d/b/a PublicDomainRegistry.com","whois.publicdomainregistry.com","http://www.publicdomainregistry.com","Luis Emmanuel","","Lo Ovalle, 1177 Depto 1601 San miguel","San Miguel","RM","8920549","Chile","luischavez_1990@hotmail.com","+56.982853197","","Luis Emmanuel","","Lo Ovalle, 1177 Depto 1601 San miguel","San Miguel","RM","8920549","Chile","luischavez_1990@hotmail.com","+56.982853197","","Luis Emmanuel","","Lo Ovalle, 1177 Depto 1601 San miguel","San Miguel","RM","8920549","Chile","luischavez_1990@hotmail.com","+56.982853197","","","","","","","","","","","","ns18.hostgator.cl","ns19.hostgator.cl","","","clientTransferProhibited","","",""
"38","fabianvergara.com","2020-05-08 20:58:43","2020-05-07","2020-05-07","2021-05-07","2","Network Solutions, LLC","whois.networksolutions.com","http://networksolutions.com","Vergara Del Pino, Fabian","","Av. Colon 4720","Santiago","Metropolitana","7580254","Chile","fabian.alexis@gmail.com","+56 9 9969 3870","","Vergara Del Pino, Fabian","","Av. Colon 4720","Santiago","Metropolitana","7580254","Chile","fabian.alexis@gmail.com","+56 9 9969 3870","","Vergara Del Pino, Fabian","","Av. Colon 4720","Santiago","Metropolitana","7580254","Chile","fabian.alexis@gmail.com","+56 9 9969 3870","","","","","","","","","","","","ns3.worldnic.com","ns4.worldnic.com","","","clientTransferProhibited","","",""
"39","ferreteriagalvarino.com","2020-05-08 21:12:25","2020-05-06","2020-05-06","2021-05-06","146","GoDaddy.com, LLC","whois.godaddy.com","http://registrar.godaddy.com","","","","","Metropolitana","","Chile","","","","","","","","","","","","","","","","","","","","","","","","","","","","","","","","","","ns75.domaincontrol.com","ns76.domaincontrol.com","","","clientDeleteProhibited","clientRenewProhibited","clientTransferProhibited","clientUpdateProhibited"
"40","franopazo.com","2020-05-08 21:07:43","2020-05-07","2020-05-07","2021-05-07","1383","Soluciones Corporativas IP, SLU","whois.scip.es","http://www.dondominio.com","REDACTED FOR PRIVACY","","REDACTED FOR PRIVACY","REDACTED FOR PRIVACY","Region Metropolitana","REDACTED FOR PRIVACY","Chile","","REDACTED FOR PRIVACY","REDACTED FOR PRIVACY","REDACTED FOR PRIVACY","REDACTED FOR PRIVACY","REDACTED FOR PRIVACY","REDACTED FOR PRIVACY","REDACTED FOR PRIVACY","REDACTED FOR PRIVACY","REDACTED FOR PRIVACY","","REDACTED FOR PRIVACY","REDACTED FOR PRIVACY","REDACTED FOR PRIVACY","REDACTED FOR PRIVACY","REDACTED FOR PRIVACY","REDACTED FOR PRIVACY","REDACTED FOR PRIVACY","REDACTED FOR PRIVACY","REDACTED FOR PRIVACY","","REDACTED FOR PRIVACY","REDACTED FOR PRIVACY","","","","","","","","","","","ns1551.webempresa.eu","ns1552.webempresa.eu","","","clientTransferProhibited","ok","",""
"41","freshmarketbox.com","2020-05-08 20:01:11","2020-05-06","2020-05-07","2021-05-06","69","Tucows Domains Inc.","whois.tucows.com","http://domainhelp.opensrs.net","REDACTED FOR PRIVACY","REDACTED FOR PRIVACY","REDACTED FOR PRIVACY","REDACTED FOR PRIVACY","chile","REDACTED FOR PRIVACY","Chile","","REDACTED FOR PRIVACY","REDACTED FOR PRIVACY","REDACTED FOR PRIVACY","REDACTED FOR PRIVACY","REDACTED FOR PRIVACY","REDACTED FOR PRIVACY","REDACTED FOR PRIVACY","REDACTED FOR PRIVACY","REDACTED FOR PRIVACY","","REDACTED FOR PRIVACY","REDACTED FOR PRIVACY","REDACTED FOR PRIVACY","REDACTED FOR PRIVACY","REDACTED FOR PRIVACY","REDACTED FOR PRIVACY","REDACTED FOR PRIVACY","REDACTED FOR PRIVACY","REDACTED FOR PRIVACY","","REDACTED FOR PRIVACY","REDACTED FOR PRIVACY","","","","","","","","","","","ns1.systemdns.com","ns2.systemdns.com","ns3.systemdns.com","","","","",""
"42","futal100.com","2020-05-08 21:18:16","2020-05-06","2020-05-06","2021-05-06","146","GoDaddy.com, LLC","whois.godaddy.com","http://registrar.godaddy.com","","","","","Chile","","Chile","","","","","","","","","","","","","","","","","","","","","","","","","","","","","","","","","","ns37.domaincontrol.com","ns38.domaincontrol.com","","","clientDeleteProhibited","clientRenewProhibited","clientTransferProhibited","clientUpdateProhibited"
"43","futureknows.com","2020-05-08 20:56:48","2020-05-07","2020-05-07","2021-05-07","146","GoDaddy.com, LLC","whois.godaddy.com","http://registrar.godaddy.com","Villa San Matias","Villa San Matias","","","Metropolitana","","Chile","","","","","","","","","","","","","","","","","","","","","","","","","","","","","","","","","","dns1.p05.nsone.net","dns2.p05.nsone.net","dns3.p05.nsone.net","dns4.p05.nsone.net","clientDeleteProhibited","clientRenewProhibited","clientTransferProhibited","clientUpdateProhibited"
"44","gexcos.com","2020-05-08 19:18:04","2020-05-06","2020-05-06","2021-05-06","146","GoDaddy.com, LLC","whois.godaddy.com","http://registrar.godaddy.com","GEXCOS","GEXCOS","","","Santiago","","Chile","","","","","","","","","","","","","","","","","","","","","","","","","","","","","","","","","","ns11.domaincontrol.com","ns12.domaincontrol.com","","","clientDeleteProhibited","clientRenewProhibited","clientTransferProhibited","clientUpdateProhibited"
"45","globalindustrialprocesses.com","2020-05-08 19:59:48","2020-05-07","2020-05-07","2021-05-07","146","GoDaddy.com, LLC","whois.godaddy.com","http://registrar.godaddy.com","","","","","Region de Coquimbo","","Chile","","","","","","","","","","","","","","","","","","","","","","","","","","","","","","","","","","ns37.domaincontrol.com","ns38.domaincontrol.com","","","clientDeleteProhibited","clientRenewProhibited","clientTransferProhibited","clientUpdateProhibited"
"46","gregory55.com","2020-05-08 21:04:04","2020-05-07","2020-05-07","2021-05-07","955","Launchpad, Inc.","whois.launchpad.com","http://www.launchpad.com","Jeanluc Henry","None","Ernesto wagner1270","Villarrica","AR","4930000","Chile","jeanluch713@gmail.com","+56.964549176","","Jeanluc Henry","None","Ernesto wagner1270","Villarrica","AR","4930000","Chile","jeanluch713@gmail.com","+56.964549176","","Jeanluc Henry","None","Ernesto wagner1270","Villarrica","AR","4930000","Chile","jeanluch713@gmail.com","+56.964549176","","","","","","","","","","","","ns8269.hostgator.com","ns8270.hostgator.com","","","clientTransferProhibited","","",""
"47","horadelcambio.com","2020-05-08 19:54:05","2020-05-07","2020-05-07","2021-05-07","69","Tucows Domains Inc.","whois.tucows.com","http://domainhelp.opensrs.net","REDACTED FOR PRIVACY","REDACTED FOR PRIVACY","REDACTED FOR PRIVACY","REDACTED FOR PRIVACY","XX","REDACTED FOR PRIVACY","Chile","","REDACTED FOR PRIVACY","REDACTED FOR PRIVACY","REDACTED FOR PRIVACY","REDACTED FOR PRIVACY","REDACTED FOR PRIVACY","REDACTED FOR PRIVACY","REDACTED FOR PRIVACY","REDACTED FOR PRIVACY","REDACTED FOR PRIVACY","","REDACTED FOR PRIVACY","REDACTED FOR PRIVACY","REDACTED FOR PRIVACY","REDACTED FOR PRIVACY","REDACTED FOR PRIVACY","REDACTED FOR PRIVACY","REDACTED FOR PRIVACY","REDACTED FOR PRIVACY","REDACTED FOR PRIVACY","","REDACTED FOR PRIVACY","REDACTED FOR PRIVACY","","","","","","","","","","","ns1.giow1079.siteground.us","ns2.giow1079.siteground.us","","","clientTransferProhibited","clientUpdateProhibited","",""
"48","iclasna.com","2020-05-08 20:06:46","2020-05-06","2020-05-06","2021-05-06","146","GoDaddy.com, LLC","whois.godaddy.com","http://registrar.godaddy.com","","","","","Valparaiso","","Chile","","","","","","","","","","","","","","","","","","","","","","","","","","","","","","","","","","ns75.domaincontrol.com","ns76.domaincontrol.com","","","clientDeleteProhibited","clientRenewProhibited","clientTransferProhibited","clientUpdateProhibited"
"49","immunotecoportunidad.com","2020-05-08 19:30:39","2020-05-07","2020-05-07","2021-05-07","303","PDR Ltd. d/b/a PublicDomainRegistry.com","whois.publicdomainregistry.com","http://www.publicdomainregistry.com","Andres Juarez","","Francisco de Villagra 327","Santiago","Region Metropolitana de Santiago","7760016","Chile","andresalejandro18@gmail.com","+56.962925543","","Andres Juarez","","Francisco de Villagra 327","Santiago","Region Metropolitana de Santiago","7760016","Chile","andresalejandro18@gmail.com","+56.962925543","","Andres Juarez","","Francisco de Villagra 327","Santiago","Region Metropolitana de Santiago","7760016","Chile","andresalejandro18@gmail.com","+56.962925543","","","","","","","","","","","","dns1.cl2-serveronet.com","dns2.cl2-serveronet.com","","","clientTransferProhibited","","",""
"50","importadoralemarc.com","2020-05-08 21:08:44","2020-05-06","2020-05-07","2021-05-06","303","PDR Ltd. d/b/a PublicDomainRegistry.com","whois.publicdomainregistry.com","http://www.publicdomainregistry.com","marcos  suarez","Importadora lemarc spa","Gabriela mistral 4000","la serena","coquimbo","1700000","Chile","marcos.mmsa@hotmail.com","+56.955230387","","marcos  suarez","Importadora lemarc spa","Gabriela mistral 4000","la serena","coquimbo","1700000","Chile","marcos.mmsa@hotmail.com","+56.955230387","","marcos  suarez","Importadora lemarc spa","Gabriela mistral 4000","la serena","coquimbo","1700000","Chile","marcos.mmsa@hotmail.com","+56.955230387","","","","","","","","","","","","ns1.dnsmisitio.net","ns2.dnsmisitio.net","ns3.dnsmisitio.net","","clientTransferProhibited","","",""
"51","industrialisgenius.com","2020-05-08 21:14:06","2020-05-06","2020-05-07","2021-05-06","1383","Soluciones Corporativas IP, SLU","whois.scip.es","http://www.dondominio.com","REDACTED FOR PRIVACY","","REDACTED FOR PRIVACY","REDACTED FOR PRIVACY","SANTIAGO","REDACTED FOR PRIVACY","Chile","","REDACTED FOR PRIVACY","REDACTED FOR PRIVACY","REDACTED FOR PRIVACY","REDACTED FOR PRIVACY","REDACTED FOR PRIVACY","REDACTED FOR PRIVACY","REDACTED FOR PRIVACY","REDACTED FOR PRIVACY","REDACTED FOR PRIVACY","","REDACTED FOR PRIVACY","REDACTED FOR PRIVACY","REDACTED FOR PRIVACY","REDACTED FOR PRIVACY","REDACTED FOR PRIVACY","REDACTED FOR PRIVACY","REDACTED FOR PRIVACY","REDACTED FOR PRIVACY","REDACTED FOR PRIVACY","","REDACTED FOR PRIVACY","REDACTED FOR PRIVACY","","","","","","","","","","","ns1741.webempresa.eu","ns1742.webempresa.eu","","","OK","","",""
"52","inflcme.com","2020-05-08 21:08:02","2020-05-07","2020-05-07","2021-05-07","303","PDR Ltd. d/b/a PublicDomainRegistry.com","whois.publicdomainregistry.com","http://www.publicdomainregistry.com","Matias  de la Vega","Matias  de la Vega","Santiago","Santiago","Santiago","7560801","Chile","matias@influenciame.cl","+56.935737201","","Matias  de la Vega","Matias  de la Vega","Santiago","Santiago","Santiago","7560801","Chile","matias@influenciame.cl","+56.935737201","","Matias  de la Vega","Matias  de la Vega","Santiago","Santiago","Santiago","7560801","Chile","matias@influenciame.cl","+56.935737201","","","","","","","","","","","","ns1.dns-parking.com","ns2.dns-parking.com","","","clientTransferProhibited","","",""
"53","inmobiliariaaldunate.com","2020-05-08 20:58:49","2020-05-07","2020-05-07","2021-05-07","146","GoDaddy.com, LLC","whois.godaddy.com","http://registrar.godaddy.com","","","","","Region Metropolitana","","Chile","","","","","","","","","","","","","","","","","","","","","","","","","","","","","","","","","","ns53.domaincontrol.com","ns54.domaincontrol.com","","","clientDeleteProhibited","clientRenewProhibited","clientTransferProhibited","clientUpdateProhibited"
"54","insumosnb.com","2020-05-08 19:17:16","2020-05-06","2020-05-06","2021-05-06","146","GoDaddy.com, LLC","whois.godaddy.com","http://registrar.godaddy.com","","","","","Metropolitana","","Chile","","","","","","","","","","","","","","","","","","","","","","","","","","","","","","","","","","ns37.domaincontrol.com","ns38.domaincontrol.com","","","clientDeleteProhibited","clientRenewProhibited","clientTransferProhibited","clientUpdateProhibited"
"55","iwo.life","2020-05-09 00:38:28","2020-05-06","2020-05-06","2021-05-06","146","GoDaddy.com, LLC","whois.godaddy.com","http://registrar.godaddy.com","REDACTED FOR PRIVACY","","REDACTED FOR PRIVACY","REDACTED FOR PRIVACY","metropolitana","REDACTED FOR PRIVACY","Chile","","REDACTED FOR PRIVACY","REDACTED FOR PRIVACY","","","","","","","","","","","","","","","","","","","","","","","","","","","","","","","","","","","addPeriod","clientDeleteProhibited","clientRenewProhibited","clientTransferProhibited"
"56","jrlastra.com","2020-05-08 20:57:09","2020-05-07","2020-05-07","2021-05-07","69","Tucows Domains Inc.","whois.tucows.com","http://domainhelp.opensrs.net","REDACTED FOR PRIVACY","REDACTED FOR PRIVACY","REDACTED FOR PRIVACY","REDACTED FOR PRIVACY","XX","REDACTED FOR PRIVACY","Chile","","REDACTED FOR PRIVACY","REDACTED FOR PRIVACY","REDACTED FOR PRIVACY","REDACTED FOR PRIVACY","REDACTED FOR PRIVACY","REDACTED FOR PRIVACY","REDACTED FOR PRIVACY","REDACTED FOR PRIVACY","REDACTED FOR PRIVACY","","REDACTED FOR PRIVACY","REDACTED FOR PRIVACY","REDACTED FOR PRIVACY","REDACTED FOR PRIVACY","REDACTED FOR PRIVACY","REDACTED FOR PRIVACY","REDACTED FOR PRIVACY","REDACTED FOR PRIVACY","REDACTED FOR PRIVACY","","REDACTED FOR PRIVACY","REDACTED FOR PRIVACY","","","","","","","","","","","ns1.giow1085.siteground.us","ns2.giow1085.siteground.us","","","clientTransferProhibited","clientUpdateProhibited","",""
"57","labuenapublicidad.com","2020-05-08 20:30:34","2020-05-06","2020-05-06","2021-05-06","146","GoDaddy.com, LLC","whois.godaddy.com","http://registrar.godaddy.com","CIBERVIVIENTE Agencia SpA","CIBERVIVIENTE Agencia SpA","","","Region Metropolitana","","Chile","","","","","","","","","","","","","","","","","","","","","","","","","","","","","","","","","","ns37.domaincontrol.com","ns38.domaincontrol.com","","","clientDeleteProhibited","clientRenewProhibited","clientTransferProhibited","clientUpdateProhibited"
"58","ladyraspberry.com","2020-05-08 21:18:16","2020-05-06","2020-05-06","2021-05-06","146","GoDaddy.com, LLC","whois.godaddy.com","http://registrar.godaddy.com","","","","","RM","","Chile","","","","","","","","","","","","","","","","","","","","","","","","","","","","","","","","","","ns1.axialdiseno.cl","ns2.axialdiseno.cl","","","clientDeleteProhibited","clientRenewProhibited","clientTransferProhibited","clientUpdateProhibited"
"59","lamantisingenieria.digital","2020-05-08 19:00:53","2020-05-06","2020-05-06","2021-05-06","146","GoDaddy.com, LLC","whois.godaddy.com","http://registrar.godaddy.com","REDACTED FOR PRIVACY","ingenieria digital","REDACTED FOR PRIVACY","REDACTED FOR PRIVACY","Metropolitana","REDACTED FOR PRIVACY","Chile","","REDACTED FOR PRIVACY","REDACTED FOR PRIVACY","","","","","","","","","","","","","","","","","","","","","","","","","","","","","","","","","","","addPeriod","clientDeleteProhibited","clientRenewProhibited","clientTransferProhibited"
"60","latechfull.com","2020-05-08 21:11:05","2020-05-06","2020-05-06","2021-05-06","303","PDR Ltd. d/b/a PublicDomainRegistry.com","whois.publicdomainregistry.com","http://www.publicdomainregistry.com","LORENA ANALIA CHAVEZ ALVARADO","","limache 127, 202 nunoa","Santiago","RM","7800009","Chile","jorburgos@gmail.com","+56.991470661","","LORENA ANALIA CHAVEZ ALVARADO","","limache 127, 202 nunoa","Santiago","RM","7800009","Chile","jorburgos@gmail.com","+56.991470661","","LORENA ANALIA CHAVEZ ALVARADO","","limache 127, 202 nunoa","Santiago","RM","7800009","Chile","jorburgos@gmail.com","+56.991470661","","","","","","","","","","","","ns20.hostgator.cl","ns21.hostgator.cl","","","clientTransferProhibited","","",""
"61","leonardoacosta.com","2020-05-08 21:07:19","2020-05-07","2020-05-07","2021-05-07","151","PSI-USA, Inc. dba Domain Robot","whois.psi-usa.info","http://www.psi-usa.info","REDACTED FOR PRIVACY","mariana hales beseler","REDACTED FOR PRIVACY","REDACTED FOR PRIVACY","CL","REDACTED FOR PRIVACY","Chile","","REDACTED FOR PRIVACY","REDACTED FOR PRIVACY","REDACTED FOR PRIVACY","REDACTED FOR PRIVACY","REDACTED FOR PRIVACY","REDACTED FOR PRIVACY","REDACTED FOR PRIVACY","REDACTED FOR PRIVACY","REDACTED FOR PRIVACY","","REDACTED FOR PRIVACY","REDACTED FOR PRIVACY","REDACTED FOR PRIVACY","REDACTED FOR PRIVACY","REDACTED FOR PRIVACY","REDACTED FOR PRIVACY","REDACTED FOR PRIVACY","REDACTED FOR PRIVACY","REDACTED FOR PRIVACY","","REDACTED FOR PRIVACY","REDACTED FOR PRIVACY","","","","","","","","","","","ns1.jimdo.com","ns2.jimdo.com","","","clientTransferProhibited","","",""
"62","leteraeasylearning.com","2020-05-08 21:14:20","2020-05-06","2020-05-06","2021-05-06","303","PDR Ltd. d/b/a PublicDomainRegistry.com","whois.publicdomainregistry.com","http://www.publicdomainregistry.com","Raul Navarrete Diaz","Letera Servicios de Capacitacion Limitada","Caupolican 86 B, Lote 1, Maipu","Santiago","Metropolitana","9250000","Chile","raulnavarrete@letera.cl","+56.994385717","","Raul Navarrete Diaz","Letera Servicios de Capacitacion Limitada","Caupolican 86 B, Lote 1, Maipu","Santiago","Metropolitana","9250000","Chile","raulnavarrete@letera.cl","+56.994385717","","Raul Navarrete Diaz","Letera Servicios de Capacitacion Limitada","Caupolican 86 B, Lote 1, Maipu","Santiago","Metropolitana","9250000","Chile","raulnavarrete@letera.cl","+56.994385717","","","","","","","","","","","","ns1.us15.tmd.cloud","ns2.us15.tmd.cloud","","","clientTransferProhibited","","",""
"63","lexcobroabogados.com","2020-05-08 21:20:00","2020-05-06","2020-05-06","2021-05-06","303","PDR Ltd. d/b/a PublicDomainRegistry.com","whois.publicdomainregistry.com","http://www.publicdomainregistry.com","OSCAR FLORES","FULLDATOS","COMPANIA 1390 OFICINA 2305","SANTIAGO","Region Metropolitana de Santiago","8320000","Chile","oscar.flores@lexcobroabogados.cl","+56.226884762","","OSCAR FLORES","FULLDATOS","COMPANIA 1390 OFICINA 2305","SANTIAGO","Region Metropolitana de Santiago","8320000","Chile","oscar.flores@lexcobroabogados.cl","+56.226884762","","OSCAR FLORES","FULLDATOS","COMPANIA 1390 OFICINA 2305","SANTIAGO","Region Metropolitana de Santiago","8320000","Chile","oscar.flores@lexcobroabogados.cl","+56.226884762","","","","","","","","","","","","ns1.pymedns.net","ns2.pymedns.net","ns3.pymedns.net","","clientTransferProhibited","","",""
"64","madamelacebolla.com","2020-05-08 21:19:31","2020-05-06","2020-05-06","2021-05-06","303","PDR Ltd. d/b/a PublicDomainRegistry.com","whois.publicdomainregistry.com","http://www.publicdomainregistry.com","Carolina Lyskawa","CHILE BEST CONTACT SPA","Alonso de Camargo 5870, 502 Las Condes","Las Condes","RM","7580646","Chile","carolinalyskawa@gmail.com","+56.957799336","","Carolina Lyskawa","CHILE BEST CONTACT SPA","Alonso de Camargo 5870, 502 Las Condes","Las Condes","RM","7580646","Chile","carolinalyskawa@gmail.com","+56.957799336","","Carolina Lyskawa","CHILE BEST CONTACT SPA","Alonso de Camargo 5870, 502 Las Condes","Las Condes","RM","7580646","Chile","carolinalyskawa@gmail.com","+56.957799336","","","","","","","","","","","","ns20.hostgator.cl","ns21.hostgator.cl","","","clientTransferProhibited","","",""
"65","maestranzaindumar.com","2020-05-08 19:39:26","2020-05-07","2020-05-07","2021-05-07","303","PDR Ltd. d/b/a PublicDomainRegistry.com","whois.publicdomainregistry.com","http://www.publicdomainregistry.com","Jose Jose Jose Ramirez","","Benevento, 1240 HUALPEN","Hualpen","BI","4600000","Chile","j.ramirezmonsalvez@gmail.com","+56.25021986","","Jose Jose Jose Ramirez","","Benevento, 1240 HUALPEN","Hualpen","BI","4600000","Chile","j.ramirezmonsalvez@gmail.com","+56.25021986","","Jose Jose Jose Ramirez","","Benevento, 1240 HUALPEN","Hualpen","BI","4600000","Chile","j.ramirezmonsalvez@gmail.com","+56.25021986","","","","","","","","","","","","ns1.reservado.hostgator.mx","ns2.reservado.hostgator.mx","","","clientTransferProhibited","","",""
"66","maestranzamonsalvez.com","2020-05-08 19:52:51","2020-05-07","2020-05-07","2021-05-07","303","PDR Ltd. d/b/a PublicDomainRegistry.com","whois.publicdomainregistry.com","http://www.publicdomainregistry.com","Jose Jose Jose Ramirez","","Benevento, 1240 HUALPEN","Hualpen","BI","4600000","Chile","j.ramirezmonsalvez@gmail.com","+56.25021986","","Jose Jose Jose Ramirez","","Benevento, 1240 HUALPEN","Hualpen","BI","4600000","Chile","j.ramirezmonsalvez@gmail.com","+56.25021986","","Jose Jose Jose Ramirez","","Benevento, 1240 HUALPEN","Hualpen","BI","4600000","Chile","j.ramirezmonsalvez@gmail.com","+56.25021986","","","","","","","","","","","","ns1.reservado.hostgator.mx","ns2.reservado.hostgator.mx","","","clientTransferProhibited","","",""
"67","majaexpress.com","2020-05-08 21:19:56","2020-05-06","2020-05-06","2021-05-06","303","PDR Ltd. d/b/a PublicDomainRegistry.com","whois.publicdomainregistry.com","http://www.publicdomainregistry.com","Javier Comunian","","Rio Drau 4533","Santiago","Lo Barnechea","7700852","Chile","jcomunian@gmail.com","+56.993576156","","Javier Comunian","","Rio Drau 4533","Santiago","Lo Barnechea","7700852","Chile","jcomunian@gmail.com","+56.993576156","","Javier Comunian","","Rio Drau 4533","Santiago","Lo Barnechea","7700852","Chile","jcomunian@gmail.com","+56.993576156","","","","","","","","","","","","ns1551.webempresa.eu","ns1552.webempresa.eu","","","clientTransferProhibited","","",""
"68","maquillajebarbaraazua.com","2020-05-08 21:18:11","2020-05-06","2020-05-06","2021-05-06","106","Ascio Technologies, Inc. Danmark - Filial af Ascio technologies, Inc. USA","whois.ascio.com","http://www.ascio.com","Not Disclosed","Not Disclosed","Not Disclosed","Not Disclosed","","Not Disclosed","Chile","","Not Disclosed","Not Disclosed","Not Disclosed","Not Disclosed","Not Disclosed","Not Disclosed","Not Disclosed","Not Disclosed","Not Disclosed","","Not Disclosed","Not Disclosed","Not Disclosed","Not Disclosed","Not Disclosed","Not Disclosed","Not Disclosed","Not Disclosed","Not Disclosed","","Not Disclosed","Not Disclosed","","","","","","","","","","","dns1.123hjemmeside.dk","dns2.123hjemmeside.dk","dns3.123hjemmeside.dk","","OK","","",""
"69","maridelo.com","2020-05-08 20:03:47","2020-05-06","2020-05-06","2021-05-06","146","GoDaddy.com, LLC","whois.godaddy.com","http://registrar.godaddy.com","","","","","santiago","","Chile","","","","","","","","","","","","","","","","","","","","","","","","","","","","","","","","","","ns37.domaincontrol.com","ns38.domaincontrol.com","","","clientDeleteProhibited","clientRenewProhibited","clientTransferProhibited","clientUpdateProhibited"
"70","marimaca.com","2020-05-08 21:17:04","2020-05-06","2020-05-07","2022-05-06","886","Domain.com, LLC","whois.domain.com","http://www.domain.com","REDACTED FOR PRIVACY","REDACTED FOR PRIVACY","REDACTED FOR PRIVACY","REDACTED FOR PRIVACY","NA","REDACTED FOR PRIVACY","Chile","","REDACTED FOR PRIVACY","REDACTED FOR PRIVACY","REDACTED FOR PRIVACY","REDACTED FOR PRIVACY","REDACTED FOR PRIVACY","REDACTED FOR PRIVACY","REDACTED FOR PRIVACY","REDACTED FOR PRIVACY","REDACTED FOR PRIVACY","","REDACTED FOR PRIVACY","REDACTED FOR PRIVACY","REDACTED FOR PRIVACY","REDACTED FOR PRIVACY","REDACTED FOR PRIVACY","REDACTED FOR PRIVACY","REDACTED FOR PRIVACY","REDACTED FOR PRIVACY","REDACTED FOR PRIVACY","","REDACTED FOR PRIVACY","REDACTED FOR PRIVACY","","","","","","","","","","","ram.ns.cloudflare.com","ulla.ns.cloudflare.com","","","","","",""
"71","marketking.club","2020-05-09 00:50:30","2020-05-07","2020-05-07","2021-05-07","146","GoDaddy.com, LLC","whois.godaddy.com","http://registrar.godaddy.com","","","","","Region de Coquimbo","","Chile","","","","","","","","","","","","","","","","","","","","","","","","","","","","","","","","","","ns37.domaincontrol.com","ns38.domaincontrol.com","","","addPeriod","clientDeleteProhibited","clientRenewProhibited","clientTransferProhibited"
"72","mesetup.com","2020-05-08 21:05:22","2020-05-07","2020-05-07","2021-05-07","146","GoDaddy.com, LLC","whois.godaddy.com","http://registrar.godaddy.com","","","","","Arica y Parinacota","","Chile","","","","","","","","","","","","","","","","","","","","","","","","","","","","","","","","","","ns75.domaincontrol.com","ns76.domaincontrol.com","","","clientDeleteProhibited","clientRenewProhibited","clientTransferProhibited","clientUpdateProhibited"
"73","mg888999.com","2020-05-08 20:55:14","2020-05-06","2020-05-08","2021-05-06","1621","Shanghai Meicheng Technology Information Co., Ltd","whois.cndns.com","http://www.cndns.com","","","","","ZhiLi","","Chile","","","","","","","","","","","","","","","","","","","","","","","","","","","","","","","","","","ns1.ezdnscenter.com","ns2.ezdnscenter.com","ns3.ezdnscenter.com","ns4.ezdnscenter.com","OK","","",""
"74","miappsushito.com","2020-05-08 20:00:17","2020-05-07","2020-05-07","2021-05-07","146","GoDaddy.com, LLC","whois.godaddy.com","http://registrar.godaddy.com","llantas aros providencia","llantas aros providencia","","","Metropolitanas","","Chile","","","","","","","","","","","","","","","","","","","","","","","","","","","","","","","","","","ns35.domaincontrol.com","ns36.domaincontrol.com","","","clientDeleteProhibited","clientRenewProhibited","clientTransferProhibited","clientUpdateProhibited"
"75","midgardrpg.com","2020-05-08 19:33:44","2020-05-06","2020-05-06","2021-05-06","303","PDR Ltd. d/b/a PublicDomainRegistry.com","whois.publicdomainregistry.com","http://www.publicdomainregistry.com","Michael Acevedo Dubreuil","","Juan Punto, 6038 Maipu","Maipu","RM","8340422","Chile","latincrafters2020@gmail.com","+56.951296971","","Michael Acevedo Dubreuil","","Juan Punto, 6038 Maipu","Maipu","RM","8340422","Chile","latincrafters2020@gmail.com","+56.951296971","","Michael Acevedo Dubreuil","","Juan Punto, 6038 Maipu","Maipu","RM","8340422","Chile","latincrafters2020@gmail.com","+56.951296971","","","","","","","","","","","","dana.ns.cloudflare.com","jeff.ns.cloudflare.com","","","clientTransferProhibited","","",""
"76","mindart.club","2020-05-09 00:50:30","2020-05-06","2020-05-06","2021-05-06","2","Network Solutions, LLC","whois.networksolutions.com","http://networksolutions.com","","","","","CL-RM","","Chile","","","","","","","","","","","","","","","","","","","","","","","","","","","","","","","","","","ns8.wixdns.net","ns9.wixdns.net","","","addPeriod","clientTransferProhibited","",""
"77","multigremial.com","2020-05-08 19:39:10","2020-05-07","2020-05-07","2022-05-07","146","GoDaddy.com, LLC","whois.godaddy.com","http://registrar.godaddy.com","","","","","Region Metropolitana","","Chile","","","","","","","","","","","","","","","","","","","","","","","","","","","","","","","","","","ns11.domaincontrol.com","ns12.domaincontrol.com","","","clientDeleteProhibited","clientRenewProhibited","clientTransferProhibited","clientUpdateProhibited"
"78","musicalmondale.com","2020-05-08 21:04:33","2020-05-07","2020-05-07","2021-05-07","151","PSI-USA, Inc. dba Domain Robot","whois.psi-usa.info","http://www.psi-usa.info","REDACTED FOR PRIVACY","","REDACTED FOR PRIVACY","REDACTED FOR PRIVACY","CL","REDACTED FOR PRIVACY","Chile","","REDACTED FOR PRIVACY","REDACTED FOR PRIVACY","REDACTED FOR PRIVACY","REDACTED FOR PRIVACY","REDACTED FOR PRIVACY","REDACTED FOR PRIVACY","REDACTED FOR PRIVACY","REDACTED FOR PRIVACY","REDACTED FOR PRIVACY","","REDACTED FOR PRIVACY","REDACTED FOR PRIVACY","REDACTED FOR PRIVACY","REDACTED FOR PRIVACY","REDACTED FOR PRIVACY","REDACTED FOR PRIVACY","REDACTED FOR PRIVACY","REDACTED FOR PRIVACY","REDACTED FOR PRIVACY","","REDACTED FOR PRIVACY","REDACTED FOR PRIVACY","","","","","","","","","","","ns1.jimdo.com","ns2.jimdo.com","","","clientTransferProhibited","","",""
"79","nativoinversiones.com","2020-05-08 20:05:38","2020-05-06","2020-05-06","2021-05-06","433","OVH sas","whois.ovh.com","http://www.ovh.com","REDACTED FOR PRIVACY","","REDACTED FOR PRIVACY","REDACTED FOR PRIVACY","Region IX La Araucania - Cautin","REDACTED FOR PRIVACY","Chile","zelnmvi3cuns5ei37kl6@k.o-w-o.info","REDACTED FOR PRIVACY","REDACTED FOR PRIVACY","REDACTED FOR PRIVACY","REDACTED FOR PRIVACY","REDACTED FOR PRIVACY","REDACTED FOR PRIVACY","REDACTED FOR PRIVACY","REDACTED FOR PRIVACY","REDACTED FOR PRIVACY","0wq1h9u7ym4g05x3w5eh@c.o-w-o.info","REDACTED FOR PRIVACY","REDACTED FOR PRIVACY","REDACTED FOR PRIVACY","REDACTED FOR PRIVACY","REDACTED FOR PRIVACY","REDACTED FOR PRIVACY","REDACTED FOR PRIVACY","REDACTED FOR PRIVACY","REDACTED FOR PRIVACY","0wq1h9u7ym4g05x3w5eh@c.o-w-o.info","REDACTED FOR PRIVACY","REDACTED FOR PRIVACY","","","","","","","","","","","dns110.ovh.net","ns110.ovh.net","","","clientDeleteProhibited","clientTransferProhibited","",""
"80","neverlandchile.com","2020-05-08 20:53:39","2020-05-07","2020-05-07","2021-05-07","146","GoDaddy.com, LLC","whois.godaddy.com","http://registrar.godaddy.com","Neverland Chile","Neverland Chile","","","Metropolitana","","Chile","","","","","","","","","","","","","","","","","","","","","","","","","","","","","","","","","","ns53.domaincontrol.com","ns54.domaincontrol.com","","","clientDeleteProhibited","clientRenewProhibited","clientTransferProhibited","clientUpdateProhibited"
"81","nicohealthy.com","2020-05-08 20:58:47","2020-05-07","2020-05-07","2021-05-07","146","GoDaddy.com, LLC","whois.godaddy.com","http://registrar.godaddy.com","","","","","nuble","","Chile","","","","","","","","","","","","","","","","","","","","","","","","","","","","","","","","","","ns75.domaincontrol.com","ns76.domaincontrol.com","","","clientDeleteProhibited","clientRenewProhibited","clientTransferProhibited","clientUpdateProhibited"
"82","nkjoyas.com","2020-05-08 19:36:27","2020-05-06","2020-05-06","2021-05-06","955","Launchpad, Inc.","whois.launchpad.com","http://www.launchpad.com","Maria Martinez","None","La Cabana 123, dpto 320. Las Condes","Santiago","RM","7590947","Chile","coco.martinez@gmail.com","+56.940130618","","Maria Martinez","None","La Cabana 123, dpto 320. Las Condes","Santiago","RM","7590947","Chile","coco.martinez@gmail.com","+56.940130618","","Maria Martinez","None","La Cabana 123, dpto 320. Las Condes","Santiago","RM","7590947","Chile","coco.martinez@gmail.com","+56.940130618","","","","","","","","","","","","ns8279.hostgator.com","ns8280.hostgator.com","","","clientTransferProhibited","","",""
"83","olivierlyskawa.com","2020-05-08 21:22:05","2020-05-06","2020-05-06","2021-05-06","303","PDR Ltd. d/b/a PublicDomainRegistry.com","whois.publicdomainregistry.com","http://www.publicdomainregistry.com","Carolina Lyskawa","CHILE BEST CONTACT SPA","Alonso de Camargo 5870, 502 Las Condes","Las Condes","RM","7580646","Chile","carolinalyskawa@gmail.com","+56.957799336","","Carolina Lyskawa","CHILE BEST CONTACT SPA","Alonso de Camargo 5870, 502 Las Condes","Las Condes","RM","7580646","Chile","carolinalyskawa@gmail.com","+56.957799336","","Carolina Lyskawa","CHILE BEST CONTACT SPA","Alonso de Camargo 5870, 502 Las Condes","Las Condes","RM","7580646","Chile","carolinalyskawa@gmail.com","+56.957799336","","","","","","","","","","","","ns20.hostgator.cl","ns21.hostgator.cl","","","clientTransferProhibited","","",""
"84","osopanoso.com","2020-05-08 20:52:47","2020-05-07","2020-05-07","2021-05-07","440","Wild West Domains, LLC","whois.wildwestdomains.com","http://www.wildwestdomains.com","","","","","santiago region metropolitana","","Chile","","","","","","","","","","","","","","","","","","","","","","","","","","","","","","","","","","ns11.domaincontrol.com","ns12.domaincontrol.com","","","clientDeleteProhibited","clientRenewProhibited","clientTransferProhibited","clientUpdateProhibited"
"85","pablolabra.com","2020-05-08 19:19:29","2020-05-07","2020-05-07","2022-05-07","146","GoDaddy.com, LLC","whois.godaddy.com","http://registrar.godaddy.com","","","","","Providencia","","Chile","","","","","","","","","","","","","","","","","","","","","","","","","","","","","","","","","","ns12.wixdns.net","ns13.wixdns.net","","","clientDeleteProhibited","clientRenewProhibited","clientTransferProhibited","clientUpdateProhibited"
"86","patitasart.com","2020-05-08 21:02:13","2020-05-07","2020-05-07","2022-05-07","146","GoDaddy.com, LLC","whois.godaddy.com","http://registrar.godaddy.com","","","","","Region del Maule","","Chile","","","","","","","","","","","","","","","","","","","","","","","","","","","","","","","","","","ns75.domaincontrol.com","ns76.domaincontrol.com","","","clientDeleteProhibited","clientRenewProhibited","clientTransferProhibited","clientUpdateProhibited"
"87","pcplus.cloud","2020-05-09 00:51:25","2020-05-06","2020-05-06","2021-05-06","146","GoDaddy.com, LLC","whois.godaddy.com","http://registrar.godaddy.com","","","","","Metropolitana","","Chile","","","","","","","","","","","","","","","","","","","","","","","","","","","","","","","","","","ns37.domaincontrol.com","ns38.domaincontrol.com","","","addPeriod","clientDeleteProhibited","clientRenewProhibited","clientTransferProhibited"
"88","pedrodevaldivia.com","2020-05-08 20:52:49","2020-05-07","2020-05-07","2021-05-07","303","PDR Ltd. d/b/a PublicDomainRegistry.com","whois.publicdomainregistry.com","http://www.publicdomainregistry.com","JUAN ANDRES TREJO REYES","JUAN ANDRES TREJO REYES","GUACOLDA 201","SANTIAGO","SANTIAGO","8311033","Chile","info@alcepropiedades.cl","+56.0995779000","","JUAN ANDRES TREJO REYES","JUAN ANDRES TREJO REYES","GUACOLDA 201","SANTIAGO","SANTIAGO","8311033","Chile","info@alcepropiedades.cl","+56.0995779000","","JUAN ANDRES TREJO REYES","JUAN ANDRES TREJO REYES","GUACOLDA 201","SANTIAGO","SANTIAGO","8311033","Chile","info@alcepropiedades.cl","+56.0995779000","","","","","","","","","","","","ns1.donweb.cl","ns1.donweb.co","ns1.donweb.mx","ns1.donweb.uy","clientTransferProhibited","","",""
"89","pedrovicencio.com","2020-05-08 21:06:59","2020-05-07","2020-05-07","2021-05-07","146","GoDaddy.com, LLC","whois.godaddy.com","http://registrar.godaddy.com","","","","","Maipu","","Chile","","","","","","","","","","","","","","","","","","","","","","","","","","","","","","","","","","ns75.domaincontrol.com","ns76.domaincontrol.com","","","clientDeleteProhibited","clientRenewProhibited","clientTransferProhibited","clientUpdateProhibited"
"90","pegeans.com","2020-05-08 19:24:21","2020-05-07","2020-05-07","2021-05-07","303","PDR Ltd. d/b/a PublicDomainRegistry.com","whois.publicdomainregistry.com","http://www.publicdomainregistry.com","Exequiel alvarado","","pasaje cerro cordillera #1083 (casa interior)","coyhaique","coyhaique","5950000","Chile","cuentarandomexequiel@gmail.com","+56.981358747","","Exequiel alvarado","","pasaje cerro cordillera #1083 (casa interior)","coyhaique","coyhaique","5950000","Chile","cuentarandomexequiel@gmail.com","+56.981358747","","Exequiel alvarado","","pasaje cerro cordillera #1083 (casa interior)","coyhaique","coyhaique","5950000","Chile","cuentarandomexequiel@gmail.com","+56.981358747","","","","","","","","","","","","ns1.dnsmisitio.net","ns2.dnsmisitio.net","ns3.dnsmisitio.net","","clientTransferProhibited","","",""
"91","peruplaytv.club","2020-05-09 00:50:28","2020-05-06","2020-05-06","2021-05-06","146","GoDaddy.com, LLC","whois.godaddy.com","http://registrar.godaddy.com","Unlimited","Unlimited","","","Santiago","","Chile","","","","","","","","","","","","","","","","","","","","","","","","","","","","","","","","","","ns59.domaincontrol.com","ns60.domaincontrol.com","","","addPeriod","clientDeleteProhibited","clientRenewProhibited","clientTransferProhibited"
"92","pizzeriapasteleriariodeva.com","2020-05-08 20:59:41","2020-05-07","2020-05-07","2021-05-07","379","Arsys Internet, S.L. dba NICLINE.COM","whois.nicline.com","http://www.nicline.com","REDACTED FOR PRIVACY","","REDACTED FOR PRIVACY","REDACTED FOR PRIVACY","Ohiggins","REDACTED FOR PRIVACY","Chile","whoiscontact@domainconnection.info","REDACTED FOR PRIVACY","REDACTED FOR PRIVACY","REDACTED FOR PRIVACY","REDACTED FOR PRIVACY","REDACTED FOR PRIVACY","REDACTED FOR PRIVACY","REDACTED FOR PRIVACY","REDACTED FOR PRIVACY","REDACTED FOR PRIVACY","whoiscontact@domainconnection.info","REDACTED FOR PRIVACY","REDACTED FOR PRIVACY","REDACTED FOR PRIVACY","REDACTED FOR PRIVACY","REDACTED FOR PRIVACY","REDACTED FOR PRIVACY","REDACTED FOR PRIVACY","REDACTED FOR PRIVACY","REDACTED FOR PRIVACY","whoiscontact@domainconnection.info","REDACTED FOR PRIVACY","REDACTED FOR PRIVACY","","","","","","","","","","","ns1.dns-principal-22.com","ns2.dns-principal-22.com","","","addPeriod","clientTransferProhibited","",""
"93","plastchile.com","2020-05-08 20:02:44","2020-05-06","2020-05-06","2021-05-06","303","PDR Ltd. d/b/a PublicDomainRegistry.com","whois.publicdomainregistry.com","http://www.publicdomainregistry.com","diego perez cazarlo","","cruz del molino, 675 andatevio","Camarones","AP","9999999","Chile","rotce17@gmail.com","+56.095235252","","diego perez cazarlo","","cruz del molino, 675 andatevio","Camarones","AP","9999999","Chile","rotce17@gmail.com","+56.095235252","","diego perez cazarlo","","cruz del molino, 675 andatevio","Camarones","AP","9999999","Chile","rotce17@gmail.com","+56.095235252","","","","","","","","","","","","ns20.hostgator.cl","ns21.hostgator.cl","","","clientTransferProhibited","","",""
"94","poliferia.com","2020-05-08 19:35:43","2020-05-06","2020-05-06","2021-05-06","886","Domain.com, LLC","whois.domain.com","http://www.domain.com","REDACTED FOR PRIVACY","REDACTED FOR PRIVACY","REDACTED FOR PRIVACY","REDACTED FOR PRIVACY","NA","REDACTED FOR PRIVACY","Chile","","REDACTED FOR PRIVACY","REDACTED FOR PRIVACY","REDACTED FOR PRIVACY","REDACTED FOR PRIVACY","REDACTED FOR PRIVACY","REDACTED FOR PRIVACY","REDACTED FOR PRIVACY","REDACTED FOR PRIVACY","REDACTED FOR PRIVACY","","REDACTED FOR PRIVACY","REDACTED FOR PRIVACY","REDACTED FOR PRIVACY","REDACTED FOR PRIVACY","REDACTED FOR PRIVACY","REDACTED FOR PRIVACY","REDACTED FOR PRIVACY","REDACTED FOR PRIVACY","REDACTED FOR PRIVACY","","REDACTED FOR PRIVACY","REDACTED FOR PRIVACY","","","","","","","","","","","ns1.dreamhost.com","ns2.dreamhost.com","ns3.dreamhost.com","","","","",""
"95","polimercado.com","2020-05-08 21:07:24","2020-05-07","2020-05-07","2021-05-07","886","Domain.com, LLC","whois.domain.com","http://www.domain.com","REDACTED FOR PRIVACY","REDACTED FOR PRIVACY","REDACTED FOR PRIVACY","REDACTED FOR PRIVACY","NA","REDACTED FOR PRIVACY","Chile","","REDACTED FOR PRIVACY","REDACTED FOR PRIVACY","REDACTED FOR PRIVACY","REDACTED FOR PRIVACY","REDACTED FOR PRIVACY","REDACTED FOR PRIVACY","REDACTED FOR PRIVACY","REDACTED FOR PRIVACY","REDACTED FOR PRIVACY","","REDACTED FOR PRIVACY","REDACTED FOR PRIVACY","REDACTED FOR PRIVACY","REDACTED FOR PRIVACY","REDACTED FOR PRIVACY","REDACTED FOR PRIVACY","REDACTED FOR PRIVACY","REDACTED FOR PRIVACY","REDACTED FOR PRIVACY","","REDACTED FOR PRIVACY","REDACTED FOR PRIVACY","","","","","","","","","","","ns1.dreamhost.com","ns2.dreamhost.com","ns3.dreamhost.com","","","","",""
"96","prueba1abc.com","2020-05-08 21:12:30","2020-05-06","2020-05-06","2021-05-06","303","PDR Ltd. d/b/a PublicDomainRegistry.com","whois.publicdomainregistry.com","http://www.publicdomainregistry.com","Claudia  QA Haulmer","Villa los Robles pasaje San Ignacio, casa 146","curico curico","Curico","Curico","3340000","Chile","claudia.munoz@haulmer.com","+56.963333333","","Claudia  QA Haulmer","Villa los Robles pasaje San Ignacio, casa 146","curico curico","Curico","Curico","3340000","Chile","claudia.munoz@haulmer.com","+56.963333333","","Claudia  QA Haulmer","Villa los Robles pasaje San Ignacio, casa 146","curico curico","Curico","Curico","3340000","Chile","claudia.munoz@haulmer.com","+56.963333333","","","","","","","","","","","","ns1.dnsmisitio.net","ns2.dnsmisitio.net","ns3.dnsmisitio.net","","clientTransferProhibited","","",""
"97","prueba1ooo.com","2020-05-08 20:21:30","2020-05-06","2020-05-06","2021-05-06","303","PDR Ltd. d/b/a PublicDomainRegistry.com","whois.publicdomainregistry.com","http://www.publicdomainregistry.com","Cristian Gomez","Cristian Gomez","Avenida Borde Laguna 1002. Casa 7. Curauma.","Valparaiso","Valparaiso","2373230","Chile","matias.rodriguez@haulmer.com","+56.932039606","","Cristian Gomez","Cristian Gomez","Avenida Borde Laguna 1002. Casa 7. Curauma.","Valparaiso","Valparaiso","2373230","Chile","matias.rodriguez@haulmer.com","+56.932039606","","Cristian Gomez","Cristian Gomez","Avenida Borde Laguna 1002. Casa 7. Curauma.","Valparaiso","Valparaiso","2373230","Chile","matias.rodriguez@haulmer.com","+56.932039606","","","","","","","","","","","","ns1.dnshosty.net","ns2.dnshosty.net","ns3.dnshosty.net","","clientTransferProhibited","","",""
"98","prueba35oo.com","2020-05-08 20:28:44","2020-05-06","2020-05-06","2021-05-06","303","PDR Ltd. d/b/a PublicDomainRegistry.com","whois.publicdomainregistry.com","http://www.publicdomainregistry.com","Cristian Gomez","Cristian Gomez","Avenida Borde Laguna 1002. Casa 7. Curauma.","Valparaiso","Valparaiso","2373230","Chile","matias.rodriguez@haulmer.com","+56.932039606","","Cristian Gomez","Cristian Gomez","Avenida Borde Laguna 1002. Casa 7. Curauma.","Valparaiso","Valparaiso","2373230","Chile","matias.rodriguez@haulmer.com","+56.932039606","","Cristian Gomez","Cristian Gomez","Avenida Borde Laguna 1002. Casa 7. Curauma.","Valparaiso","Valparaiso","2373230","Chile","matias.rodriguez@haulmer.com","+56.932039606","","","","","","","","","","","","ns1.dnshosty.net","ns2.dnshosty.net","ns3.dnshosty.net","","clientTransferProhibited","","",""
"99","pruebaabc1.com","2020-05-08 21:20:48","2020-05-06","2020-05-06","2021-05-06","303","PDR Ltd. d/b/a PublicDomainRegistry.com","whois.publicdomainregistry.com","http://www.publicdomainregistry.com","Cristian Gomez","Cristian Gomez","Avenida Borde Laguna 1002. Casa 7. Curauma.","Valparaiso","Valparaiso","2373230","Chile","matias.rodriguez@haulmer.com","+56.932039606","","Cristian Gomez","Cristian Gomez","Avenida Borde Laguna 1002. Casa 7. Curauma.","Valparaiso","Valparaiso","2373230","Chile","matias.rodriguez@haulmer.com","+56.932039606","","Cristian Gomez","Cristian Gomez","Avenida Borde Laguna 1002. Casa 7. Curauma.","Valparaiso","Valparaiso","2373230","Chile","matias.rodriguez@haulmer.com","+56.932039606","","","","","","","","","","","","ns1.dnshosty.net","ns2.dnshosty.net","ns3.dnshosty.net","","clientTransferProhibited","","",""
"100","pruebaabc2.com","2020-05-08 21:19:44","2020-05-06","2020-05-06","2021-05-06","303","PDR Ltd. d/b/a PublicDomainRegistry.com","whois.publicdomainregistry.com","http://www.publicdomainregistry.com","Cristian Gomez","Cristian Gomez","Avenida Borde Laguna 1002. Casa 7. Curauma.","Valparaiso","Valparaiso","2373230","Chile","matias.rodriguez@haulmer.com","+56.932039606","","Cristian Gomez","Cristian Gomez","Avenida Borde Laguna 1002. Casa 7. Curauma.","Valparaiso","Valparaiso","2373230","Chile","matias.rodriguez@haulmer.com","+56.932039606","","Cristian Gomez","Cristian Gomez","Avenida Borde Laguna 1002. Casa 7. Curauma.","Valparaiso","Valparaiso","2373230","Chile","matias.rodriguez@haulmer.com","+56.932039606","","","","","","","","","","","","ns1.dnshosty.net","ns2.dnshosty.net","ns3.dnshosty.net","","clientTransferProhibited","","",""
"101","pruebaooo.com","2020-05-08 21:22:11","2020-05-06","2020-05-06","2021-05-06","303","PDR Ltd. d/b/a PublicDomainRegistry.com","whois.publicdomainregistry.com","http://www.publicdomainregistry.com","Cristian Gomez","Cristian Gomez","Avenida Borde Laguna 1002. Casa 7. Curauma.","Valparaiso","Valparaiso","2373230","Chile","matias.rodriguez@haulmer.com","+56.932039606","","Cristian Gomez","Cristian Gomez","Avenida Borde Laguna 1002. Casa 7. Curauma.","Valparaiso","Valparaiso","2373230","Chile","matias.rodriguez@haulmer.com","+56.932039606","","Cristian Gomez","Cristian Gomez","Avenida Borde Laguna 1002. Casa 7. Curauma.","Valparaiso","Valparaiso","2373230","Chile","matias.rodriguez@haulmer.com","+56.932039606","","","","","","","","","","","","ns1.dnshosty.net","ns2.dnshosty.net","ns3.dnshosty.net","","clientTransferProhibited","","",""
"102","pruebatabc2.com","2020-05-08 21:19:54","2020-05-06","2020-05-06","2021-05-06","303","PDR Ltd. d/b/a PublicDomainRegistry.com","whois.publicdomainregistry.com","http://www.publicdomainregistry.com","Cristian Gomez","Cristian Gomez","Avenida Borde Laguna 1002. Casa 7. Curauma.","Valparaiso","Valparaiso","2373230","Chile","matias.rodriguez@haulmer.com","+56.932039606","","Cristian Gomez","Cristian Gomez","Avenida Borde Laguna 1002. Casa 7. Curauma.","Valparaiso","Valparaiso","2373230","Chile","matias.rodriguez@haulmer.com","+56.932039606","","Cristian Gomez","Cristian Gomez","Avenida Borde Laguna 1002. Casa 7. Curauma.","Valparaiso","Valparaiso","2373230","Chile","matias.rodriguez@haulmer.com","+56.932039606","","","","","","","","","","","","ns1.dnshosty.net","ns2.dnshosty.net","","","clientTransferProhibited","","",""
"103","psicologoclaudioap.com","2020-05-08 21:17:03","2020-05-06","2020-05-06","2021-05-06","303","PDR Ltd. d/b/a PublicDomainRegistry.com","whois.publicdomainregistry.com","http://www.publicdomainregistry.com","Claudio Alarcon","psicologoclaudioalarcon","Britania 1824","Santiago","Metropolitana","8301942","Chile","ps.claudioalarcon@gmail.com","+56.945048550","","Claudio Alarcon","psicologoclaudioalarcon","Britania 1824","Santiago","Metropolitana","8301942","Chile","ps.claudioalarcon@gmail.com","+56.945048550","","Claudio Alarcon","psicologoclaudioalarcon","Britania 1824","Santiago","Metropolitana","8301942","Chile","ps.claudioalarcon@gmail.com","+56.945048550","","","","","","","","","","","","ns1.tuwebdns.net","ns2.tuwebdns.net","ns3.tuwebdns.net","","clientTransferProhibited","","",""
"104","puralodge.com","2020-05-08 21:07:03","2020-05-07","2020-05-07","2021-05-07","303","PDR Ltd. d/b/a PublicDomainRegistry.com","whois.publicdomainregistry.com","http://www.publicdomainregistry.com","Divalweb","","S/N","Valdivia","Los Lagos","5090000","Chile","dominios@divalweb.com","+56.560993990353","","Puralodge","","S/N","San Pedro de la Paz","Bio-Bio","4130000","Chile","dominios@divalweb.com","+56.560993990353","","Divalweb","","S/N","Valdivia","Los Lagos","5090000","Chile","dominios@divalweb.com","+56.560993990353","","","","","","","","","","","","ns1.divalservers.com","ns2.divalservers.com","","","clientTransferProhibited","","",""
"105","ramadadecampo.com","2020-05-08 19:17:37","2020-05-06","2020-05-06","2021-05-06","303","PDR Ltd. d/b/a PublicDomainRegistry.com","whois.publicdomainregistry.com","http://www.publicdomainregistry.com","Miguel Bravo Barrera","Ramada de Campo","Villa Los Prados del Valle - Valle Central 2085","CURICO","MAULE","3340000","Chile","miguelon.bra@gmail.com","+56.957255839","","Miguel Bravo Barrera","Ramada de Campo","Villa Los Prados del Valle - Valle Central 2085","CURICO","MAULE","3340000","Chile","miguelon.bra@gmail.com","+56.957255839","","Miguel Bravo Barrera","Ramada de Campo","Villa Los Prados del Valle - Valle Central 2085","CURICO","MAULE","3340000","Chile","miguelon.bra@gmail.com","+56.957255839","","","","","","","","","","","","ns1.dnsmisitio.net","ns2.dnsmisitio.net","ns3.dnsmisitio.net","","clientTransferProhibited","","",""
"106","recuerda.club","2020-05-09 00:50:27","2020-05-06","2020-05-06","2021-05-06","146","GoDaddy.com, LLC","whois.godaddy.com","http://registrar.godaddy.com","","","","","Metropolitana","","Chile","","","","","","","","","","","","","","","","","","","","","","","","","","","","","","","","","","ns37.domaincontrol.com","ns38.domaincontrol.com","","","addPeriod","clientDeleteProhibited","clientRenewProhibited","clientTransferProhibited"
"107","reddmacrosur.com","2020-05-08 21:07:24","2020-05-07","2020-05-07","2021-05-07","146","GoDaddy.com, LLC","whois.godaddy.com","http://registrar.godaddy.com","REDDMACROSUR","REDDMACROSUR","","","Region de La Araucania","","Chile","","","","","","","","","","","","","","","","","","","","","","","","","","","","","","","","","","ns11.domaincontrol.com","ns12.domaincontrol.com","","","clientDeleteProhibited","clientRenewProhibited","clientTransferProhibited","clientUpdateProhibited"
"108","reithagency.com","2020-05-08 19:56:52","2020-05-07","2020-05-07","2021-05-07","146","GoDaddy.com, LLC","whois.godaddy.com","http://registrar.godaddy.com","Vendrix","Vendrix","","","Region Metropolitana","","Chile","","","","","","","","","","","","","","","","","","","","","","","","","","","","","","","","","","ns75.domaincontrol.com","ns76.domaincontrol.com","","","clientDeleteProhibited","clientRenewProhibited","clientTransferProhibited","clientUpdateProhibited"
"109","renatonef.com","2020-05-08 20:30:32","2020-05-06","2020-05-06","2021-05-06","303","PDR Ltd. d/b/a PublicDomainRegistry.com","whois.publicdomainregistry.com","http://www.publicdomainregistry.com","Renato Nef","","Gladys Marin Mille, 6365 Estacion central","Estacion Central","RM","9190079","Chile","renato.nef@gmail.com","+56.990783060","","Renato Nef","","Gladys Marin Mille, 6365 Estacion central","Estacion Central","RM","9190079","Chile","renato.nef@gmail.com","+56.990783060","","Renato Nef","","Gladys Marin Mille, 6365 Estacion central","Estacion Central","RM","9190079","Chile","renato.nef@gmail.com","+56.990783060","","","","","","","","","","","","ns18.hostgator.cl","ns19.hostgator.cl","","","clientTransferProhibited","","",""
"110","rnpchile.com","2020-05-08 21:11:06","2020-05-06","2020-05-06","2021-05-06","146","GoDaddy.com, LLC","whois.godaddy.com","http://registrar.godaddy.com","","","","","santiago","","Chile","","","","","","","","","","","","","","","","","","","","","","","","","","","","","","","","","","ns53.domaincontrol.com","ns54.domaincontrol.com","","","clientDeleteProhibited","clientRenewProhibited","clientTransferProhibited","clientUpdateProhibited"
"111","rodriguezedinson.com","2020-05-08 21:05:23","2020-05-07","2020-05-07","2021-05-07","106","Ascio Technologies, Inc. Danmark - Filial af Ascio technologies, Inc. USA","whois.ascio.com","http://www.ascio.com","Not Disclosed","Not Disclosed","Not Disclosed","Not Disclosed","","Not Disclosed","Chile","","Not Disclosed","Not Disclosed","Not Disclosed","Not Disclosed","Not Disclosed","Not Disclosed","Not Disclosed","Not Disclosed","Not Disclosed","","Not Disclosed","Not Disclosed","Not Disclosed","Not Disclosed","Not Disclosed","Not Disclosed","Not Disclosed","Not Disclosed","Not Disclosed","","Not Disclosed","Not Disclosed","","","","","","","","","","","dns1.123hjemmeside.dk","dns2.123hjemmeside.dk","dns3.123hjemmeside.dk","","OK","","",""
"112","roukafood.com","2020-05-08 21:18:14","2020-05-06","2020-05-06","2021-05-06","955","Launchpad, Inc.","whois.launchpad.com","http://www.launchpad.com","Maria Mora","None","4259 Santo Domingo #1102","Santiago","RM","8320000","Chile","mjmora.cl@gmail.com","+507.3881580","","Maria Mora","None","4259 Santo Domingo #1102","Santiago","RM","8320000","Chile","mjmora.cl@gmail.com","+507.3881580","","Maria Mora","None","4259 Santo Domingo #1102","Santiago","RM","8320000","Chile","mjmora.cl@gmail.com","+507.3881580","","","","","","","","","","","","ns1.hostgator.com","ns2.hostgator.com","","","clientTransferProhibited","","",""
"113","rowmakers.com","2020-05-08 19:22:36","2020-05-07","2020-05-07","2021-05-07","303","PDR Ltd. d/b/a PublicDomainRegistry.com","whois.publicdomainregistry.com","http://www.publicdomainregistry.com","Pablo Constancio","","Paso el Roble 311, dpto 116 La Florida","Santiago","RM","8241588","Chile","pabloconstancio@gmail.com","+56.942226875","","Pablo Constancio","","Paso el Roble 311, dpto 116 La Florida","Santiago","RM","8241588","Chile","pabloconstancio@gmail.com","+56.942226875","","Pablo Constancio","","Paso el Roble 311, dpto 116 La Florida","Santiago","RM","8241588","Chile","pabloconstancio@gmail.com","+56.942226875","","","","","","","","","","","","ns1.dnsmisitio.net","ns2.dnsmisitio.net","ns3.dnsmisitio.net","","clientTransferProhibited","","",""
"114","ryrtecnologia.com","2020-05-08 21:08:42","2020-05-06","2020-05-06","2021-05-06","146","GoDaddy.com, LLC","whois.godaddy.com","http://registrar.godaddy.com","RyR Tecnologia SPA","RyR Tecnologia SPA","","","Santiago","","Chile","","","","","","","","","","","","","","","","","","","","","","","","","","","","","","","","","","ns1.digitalocean.com","ns2.digitalocean.com","","","clientDeleteProhibited","clientRenewProhibited","clientTransferProhibited","clientUpdateProhibited"
"115","santiagoantinogeneonline.com","2020-05-08 20:20:32","2020-05-06","2020-05-06","2022-05-06","146","GoDaddy.com, LLC","whois.godaddy.com","http://registrar.godaddy.com","","","","","Metropolitana","","Chile","","","","","","","","","","","","","","","","","","","","","","","","","","","","","","","","","","ns1.c65299.sgvps.net","ns2.c65299.sgvps.net","","","clientDeleteProhibited","clientRenewProhibited","clientTransferProhibited","clientUpdateProhibited"
"116","sebatoboggan.com","2020-05-08 21:20:11","2020-05-06","2020-05-06","2021-05-06","303","PDR Ltd. d/b/a PublicDomainRegistry.com","whois.publicdomainregistry.com","http://www.publicdomainregistry.com","Carolina Lyskawa","CHILE BEST CONTACT SPA","Alonso de Camargo 5870, 502 Las Condes","Las Condes","RM","7580646","Chile","carolinalyskawa@gmail.com","+56.957799336","","Carolina Lyskawa","CHILE BEST CONTACT SPA","Alonso de Camargo 5870, 502 Las Condes","Las Condes","RM","7580646","Chile","carolinalyskawa@gmail.com","+56.957799336","","Carolina Lyskawa","CHILE BEST CONTACT SPA","Alonso de Camargo 5870, 502 Las Condes","Las Condes","RM","7580646","Chile","carolinalyskawa@gmail.com","+56.957799336","","","","","","","","","","","","ns20.hostgator.cl","ns21.hostgator.cl","","","clientTransferProhibited","","",""
"117","seminarioancudterra.red","2020-05-08 23:16:42","2020-05-06","2020-05-06","2021-05-06","146","GoDaddy.com, LLC","whois.godaddy.com","http://registrar.godaddy.com","","","","","Region de La Araucania","","Chile","","","","","","","","","","","","","","","","","","","","","","","","","","","","","","","","","","ns53.domaincontrol.com","ns54.domaincontrol.com","","","addPeriod","serverTransferProhibited","",""
"118","sharehardware.net","2020-05-09 00:26:40","2020-05-07","2020-05-07","2021-05-07","146","GoDaddy.com, LLC","whois.godaddy.com","http://registrar.godaddy.com","LEAR Software E.I.R.L.","LEAR Software E.I.R.L.","","","Region Metropolitana","","Chile","","","","","","","","","","","","","","","","","","","","","","","","","","","","","","","","","","ns75.domaincontrol.com","ns76.domaincontrol.com","","","clientDeleteProhibited","clientRenewProhibited","clientTransferProhibited","clientUpdateProhibited"
"119","soloaliens.com","2020-05-08 21:06:10","2020-05-07","2020-05-07","2022-05-07","146","GoDaddy.com, LLC","whois.godaddy.com","http://registrar.godaddy.com","Soloaliens","Soloaliens","","","Valparaiso","","Chile","","","","","","","","","","","","","","","","","","","","","","","","","","","","","","","","","","ns1.cdmon.net","ns2.cdmon.net","ns3.cdmon.net","ns4.cdmondns-01.org","clientDeleteProhibited","clientRenewProhibited","clientTransferProhibited","clientUpdateProhibited"
"120","superiorbolt.net","2020-05-09 00:28:31","2020-05-07","2020-05-07","2025-05-07","303","PDR Ltd. d/b/a PublicDomainRegistry.com","whois.publicdomainregistry.com","http://www.publicdomainregistry.com","MATIAS SALAZAR","","AV. CERRO PARANAL 210 EDIF. TRANCURA D 86","ANTOFAGASTA","RM","7500000","Chile","matiassalazar2016@gmail.com","+56.56991394792","","MATIAS SALAZAR","","AV. CERRO PARANAL 210 EDIF. TRANCURA D 86","ANTOFAGASTA","RM","7500000","Chile","matiassalazar2016@gmail.com","+56.56991394792","","MATIAS SALAZAR","","AV. CERRO PARANAL 210 EDIF. TRANCURA D 86","ANTOFAGASTA","RM","7500000","Chile","matiassalazar2016@gmail.com","+56.56991394792","","","","","","","","","","","","dns1.hostingplus.cl","dns2.hostingplus.cl","dns3.hostingplus.cl","","clientTransferProhibited","","",""
"121","tensexbox.com","2020-05-08 21:17:54","2020-05-06","2020-05-06","2022-05-06","146","GoDaddy.com, LLC","whois.godaddy.com","http://registrar.godaddy.com","","","","","Metropolitana","","Chile","","","","","","","","","","","","","","","","","","","","","","","","","","","","","","","","","","ns11.domaincontrol.com","ns12.domaincontrol.com","","","clientDeleteProhibited","clientRenewProhibited","clientTransferProhibited","clientUpdateProhibited"
"122","themountainswecarryinside.com","2020-05-08 21:17:04","2020-05-06","2020-05-06","2023-05-06","9","register.com, Inc.","whois.register.com","http://www.register.com","Leal, Hernan","","Eliodoro Yanez 1893","santiago","Region metropolitana","-01","Chile","hernan@hernanleal.com","56993598889","","Leal, Hernan","","Eliodoro Yanez 1893","santiago","Region metropolitana","-01","Chile","hernan@hernanleal.com","56993598889","","Leal, Hernan","","Eliodoro Yanez 1893","santiago","Region metropolitana","-01","Chile","hernan@hernanleal.com","56993598889","","","","","","","","","","","","ns3.fastco.cl","ns4.fastco.cl","","","clientTransferProhibited","","",""
"123","thomasheimdesign.com","2020-05-08 20:31:22","2020-05-06","2020-05-06","2021-05-06","303","PDR Ltd. d/b/a PublicDomainRegistry.com","whois.publicdomainregistry.com","http://www.publicdomainregistry.com","Thomas Heim","Thomas Heim","Alamos 430","Vina del Mar","Valparaiso","2571492","Chile","thomasheimrojas@gmail.com","+56.967062967","","Thomas Heim","Thomas Heim","Alamos 430","Vina del Mar","Valparaiso","2571492","Chile","thomasheimrojas@gmail.com","+56.967062967","","Thomas Heim","Thomas Heim","Alamos 430","Vina del Mar","Valparaiso","2571492","Chile","thomasheimrojas@gmail.com","+56.967062967","","","","","","","","","","","","ns1.dns-parking.com","ns2.dns-parking.com","","","clientTransferProhibited","","",""
"124","todomandos.net","2020-05-09 00:24:25","2020-05-07","2020-05-07","2021-05-07","955","Launchpad, Inc.","whois.launchpad.com","http://www.launchpad.com","Ale Miranda","None","Alejandro","Providencia","RM","7500000","Chile","ale.joan@gmail.com","+56.999772493","","Ale Miranda","None","Alejandro","Providencia","RM","7500000","Chile","ale.joan@gmail.com","+56.999772493","","Ale Miranda","None","Alejandro","Providencia","RM","7500000","Chile","ale.joan@gmail.com","+56.999772493","","","","","","","","","","","","ns8279.hostgator.com","ns8280.hostgator.com","","","clientTransferProhibited","","",""
"125","totoralillochile.com","2020-05-08 21:12:32","2020-05-06","2020-05-06","2021-05-06","303","PDR Ltd. d/b/a PublicDomainRegistry.com","whois.publicdomainregistry.com","http://www.publicdomainregistry.com","hurtado claudio","hurtado claudio","Nueva Recoleta 3525","Recoleta","santiago","8431016","Chile","clasesch@gmail.com","+56.999410328","","hurtado claudio","hurtado claudio","Nueva Recoleta 3525","Recoleta","santiago","8431016","Chile","clasesch@gmail.com","+56.999410328","","hurtado claudio","hurtado claudio","Nueva Recoleta 3525","Recoleta","santiago","8431016","Chile","clasesch@gmail.com","+56.999410328","","","","","","","","","","","","ns1.mihosting.net","ns2.mihosting.net","ns3.mihosting.net","","clientTransferProhibited","","",""
"126","tracircordillera.com","2020-05-08 21:18:19","2020-05-06","2020-05-06","2023-05-06","303","PDR Ltd. d/b/a PublicDomainRegistry.com","whois.publicdomainregistry.com","http://www.publicdomainregistry.com","William  Cisterna","Tracir Cordillera SpA","Ternura 1067 Gabriela Mistralriela","San Fernando","OHiggins","3070000","Chile","tracirmaquinarias@gmail.com","+56.963281418","","William  Cisterna","Tracir Cordillera SpA","Ternura 1067 Gabriela Mistralriela","San Fernando","OHiggins","3070000","Chile","tracirmaquinarias@gmail.com","+56.963281418","","William  Cisterna","Tracir Cordillera SpA","Ternura 1067 Gabriela Mistralriela","San Fernando","OHiggins","3070000","Chile","tracirmaquinarias@gmail.com","+56.963281418","","","","","","","","","","","","ns1.midnsbox.net","ns2.midnsbox.net","ns3.midnsbox.net","","clientTransferProhibited","","",""
"127","tradingconforex.com","2020-05-08 21:08:44","2020-05-07","2020-05-07","2021-05-06","76","Nominalia Internet S.L.","whois.nominalia.com","http://www.nominalia.com","REDACTED FOR PRIVACY","REDACTED FOR PRIVACY","REDACTED FOR PRIVACY","REDACTED FOR PRIVACY","Los Lagos","REDACTED FOR PRIVACY","Chile","","REDACTED.FORPRIVACY","REDACTED.FORPRIVACY","REDACTED FOR PRIVACY","REDACTED FOR PRIVACY","REDACTED FOR PRIVACY","REDACTED FOR PRIVACY","Los Lagos","REDACTED FOR PRIVACY","Chile","","REDACTED.FORPRIVACY","REDACTED.FORPRIVACY","REDACTED FOR PRIVACY","REDACTED FOR PRIVACY","REDACTED FOR PRIVACY","REDACTED FOR PRIVACY","Barcelona","REDACTED FOR PRIVACY","Spain","","REDACTED.FORPRIVACY","REDACTED.FORPRIVACY","","","","","","","","","","","dns1.nominalia.com","dns2.nominalia.com","","","OK","","",""
"128","trempulkalwe.com","2020-05-08 21:19:40","2020-05-06","2020-05-06","2021-05-06","303","PDR Ltd. d/b/a PublicDomainRegistry.com","whois.publicdomainregistry.com","http://www.publicdomainregistry.com","Felipe Cespedes","persona natural","garcia reyes 30","santiago centro","metropolitana","8350630","Chile","luxfare@gmail.com","+56.56994527121","","Felipe Cespedes","persona natural","garcia reyes 30","santiago centro","metropolitana","8350630","Chile","luxfare@gmail.com","+56.56994527121","","Felipe Cespedes","persona natural","garcia reyes 30","santiago centro","metropolitana","8350630","Chile","luxfare@gmail.com","+56.56994527121","","","","","","","","","","","","ns-cloud-a1.googledomains.com","ns-cloud-a2.googledomains.com","ns-cloud-a3.googledomains.com","ns-cloud-a4.googledomains.com","clientTransferProhibited","","",""
"129","vcdsolutions.com","2020-05-08 19:58:39","2020-05-07","2020-05-07","2021-05-07","303","PDR Ltd. d/b/a PublicDomainRegistry.com","whois.publicdomainregistry.com","http://www.publicdomainregistry.com","Enrique javier","","escuela agricola, 1305 macul","Santiago","RM","8320000","Chile","ejsosa94@gmail.com","+56.957218938","","Enrique javier","","escuela agricola, 1305 macul","Santiago","RM","8320000","Chile","ejsosa94@gmail.com","+56.957218938","","Enrique javier","","escuela agricola, 1305 macul","Santiago","RM","8320000","Chile","ejsosa94@gmail.com","+56.957218938","","","","","","","","","","","","ns1.reservado.hostgator.mx","ns2.reservado.hostgator.mx","","","clientTransferProhibited","","",""
"130","verydeli.net","2020-05-09 00:28:03","2020-05-06","2020-05-06","2022-05-06","440","Wild West Domains, LLC","whois.wildwestdomains.com","http://www.wildwestdomains.com","BIZARRO LIVE","BIZARRO LIVE","","","AL","","Chile","","","","","","","","","","","","","","","","","","","","","","","","","","","","","","","","","","ns53.domaincontrol.com","ns54.domaincontrol.com","","","clientDeleteProhibited","clientRenewProhibited","clientTransferProhibited","clientUpdateProhibited"
"131","vilu.world","2020-05-08 22:28:07","2020-05-07","2020-05-07","2021-05-07","146","GoDaddy.com, LLC","whois.godaddy.com","http://registrar.godaddy.com","REDACTED FOR PRIVACY","Privado","REDACTED FOR PRIVACY","REDACTED FOR PRIVACY","Limari","REDACTED FOR PRIVACY","Chile","","REDACTED FOR PRIVACY","REDACTED FOR PRIVACY","","","","","","","","","","","","","","","","","","","","","","","","","","","","","","","","","","","addPeriod","clientDeleteProhibited","clientRenewProhibited","clientTransferProhibited"
"132","vntecnologias.com","2020-05-08 19:57:42","2020-05-07","2020-05-07","2021-05-07","303","PDR Ltd. d/b/a PublicDomainRegistry.com","whois.publicdomainregistry.com","http://www.publicdomainregistry.com","juan nuniez","juan nuniez","Francisco de Orellana 1985","Conecpcion","Conecpcion","0000000","Chile","juan.nunez@proserk.cl","+56.412798271","","juan nuniez","juan nuniez","Francisco de Orellana 1985","Conecpcion","Conecpcion","0000000","Chile","juan.nunez@proserk.cl","+56.412798271","","juan nuniez","juan nuniez","Francisco de Orellana 1985","Conecpcion","Conecpcion","0000000","Chile","juan.nunez@proserk.cl","+56.412798271","","","","","","","","","","","","ns1.hostmonster.com","ns2.hostmonster.com","","","clientTransferProhibited","","",""
"133","wowprimitive.com","2020-05-08 21:15:30","2020-05-06","2020-05-06","2021-05-06","1383","Soluciones Corporativas IP, SLU","whois.scip.es","http://www.dondominio.com","REDACTED FOR PRIVACY","","REDACTED FOR PRIVACY","REDACTED FOR PRIVACY","Valparaiso","REDACTED FOR PRIVACY","Chile","","REDACTED FOR PRIVACY","REDACTED FOR PRIVACY","REDACTED FOR PRIVACY","REDACTED FOR PRIVACY","REDACTED FOR PRIVACY","REDACTED FOR PRIVACY","REDACTED FOR PRIVACY","REDACTED FOR PRIVACY","REDACTED FOR PRIVACY","","REDACTED FOR PRIVACY","REDACTED FOR PRIVACY","REDACTED FOR PRIVACY","REDACTED FOR PRIVACY","REDACTED FOR PRIVACY","REDACTED FOR PRIVACY","REDACTED FOR PRIVACY","REDACTED FOR PRIVACY","REDACTED FOR PRIVACY","","REDACTED FOR PRIVACY","REDACTED FOR PRIVACY","","","","","","","","","","","ns1.dondominio.com","ns2.dondominio.com","","","OK","","",""
"134","xn--oftalmologa-xcb.com","2020-05-08 21:14:00","2020-05-06","2020-05-06","2021-05-06","146","GoDaddy.com, LLC","whois.godaddy.com","http://registrar.godaddy.com","","","","","FL","","Chile","","","","","","","","","","","","","","","","","","","","","","","","","","","","","","","","","","ns75.domaincontrol.com","ns76.domaincontrol.com","","","clientDeleteProhibited","clientRenewProhibited","clientTransferProhibited","clientUpdateProhibited"