"num","domain_name","query_time","create_date","update_date","expiry_date","domain_registrar_id","domain_registrar_name","domain_registrar_whois","domain_registrar_url","registrant_name","registrant_company","registrant_address","registrant_city","registrant_state","registrant_zip","registrant_country","registrant_email","registrant_phone","registrant_fax","administrative_name","administrative_company","administrative_address","administrative_city","administrative_state","administrative_zip","administrative_country","administrative_email","administrative_phone","administrative_fax","technical_name","technical_company","technical_address","technical_city","technical_state","technical_zip","technical_country","technical_email","technical_phone","technical_fax","billing_name","billing_company","billing_address","billing_city","billing_state","billing_zip","billing_country","billing_email","billing_phone","billing_fax","name_server_1","name_server_2","name_server_3","name_server_4","domain_status_1","domain_status_2","domain_status_3","domain_status_4"
"1","adescr.com","2020-05-08 21:19:48","2020-05-06","2020-05-06","2021-05-06","303","PDR Ltd. d/b/a PublicDomainRegistry.com","whois.publicdomainregistry.com","http://www.publicdomainregistry.com","Chris Webb","Chris Webb","San Jose","san jose","sj","10109","Costa Rica","webbwc@hotmail.com","+506.88170288","","Chris Webb","Chris Webb","San Jose","san jose","sj","10109","Costa Rica","webbwc@hotmail.com","+506.88170288","","Chris Webb","Chris Webb","San Jose","san jose","sj","10109","Costa Rica","webbwc@hotmail.com","+506.88170288","","","","","","","","","","","","ns1.dns-parking.com","ns2.dns-parking.com","","","clientTransferProhibited","","",""
"2","agenciatopacio.com","2020-05-08 21:15:35","2020-05-06","2020-05-06","2021-05-06","146","GoDaddy.com, LLC","whois.godaddy.com","http://registrar.godaddy.com","","","","","San Jose","","Costa Rica","","","","","","","","","","","","","","","","","","","","","","","","","","","","","","","","","","ns35.domaincontrol.com","ns36.domaincontrol.com","","","clientDeleteProhibited","clientRenewProhibited","clientTransferProhibited","clientUpdateProhibited"
"3","alfaro.club","2020-05-09 00:51:22","2020-05-06","2020-05-07","2021-05-06","146","GoDaddy.com, LLC","whois.godaddy.com","http://registrar.godaddy.com","EEI","EEI","","","San Jose","","Costa Rica","","","","","","","","","","","","","","","","","","","","","","","","","","","","","","","","","","ns1-06.azure-dns.com","ns2-06.azure-dns.net","","","addPeriod","clientDeleteProhibited","clientRenewProhibited","clientTransferProhibited"
"4","anillomundocr.com","2020-05-08 20:58:29","2020-05-07","2020-05-07","2021-05-07","146","GoDaddy.com, LLC","whois.godaddy.com","http://registrar.godaddy.com","La Casa del Reloj","La Casa del Reloj","","","Santa Ana","","Costa Rica","","","","","","","","","","","","","","","","","","","","","","","","","","","","","","","","","","ns37.domaincontrol.com","ns38.domaincontrol.com","","","clientDeleteProhibited","clientRenewProhibited","clientTransferProhibited","clientUpdateProhibited"
"5","aquaplanetsave.com","2020-05-08 20:02:48","2020-05-06","2020-05-06","2021-05-06","146","GoDaddy.com, LLC","whois.godaddy.com","http://registrar.godaddy.com","","","","","La Union","","Costa Rica","","","","","","","","","","","","","","","","","","","","","","","","","","","","","","","","","","ns0.wixdns.net","ns1.wixdns.net","","","clientDeleteProhibited","clientRenewProhibited","clientTransferProhibited","clientUpdateProhibited"
"6","avaluosdecasa.com","2020-05-08 19:29:37","2020-05-07","2020-05-07","2021-05-07","146","GoDaddy.com, LLC","whois.godaddy.com","http://registrar.godaddy.com","CiberComercio","CiberComercio","","","Cartago","","Costa Rica","","","","","","","","","","","","","","","","","","","","","","","","","","","","","","","","","","ns01.cashparking.com","ns02.cashparking.com","","","clientDeleteProhibited","clientRenewProhibited","clientTransferProhibited","clientUpdateProhibited"
"7","beelinecostarica.com","2020-05-08 21:01:31","2020-05-07","2020-05-07","2021-05-07","146","GoDaddy.com, LLC","whois.godaddy.com","http://registrar.godaddy.com","","","","","Cartago","","Costa Rica","","","","","","","","","","","","","","","","","","","","","","","","","","","","","","","","","","ns11.domaincontrol.com","ns12.domaincontrol.com","","","clientDeleteProhibited","clientRenewProhibited","clientTransferProhibited","clientUpdateProhibited"
"8","bicicompras.com","2020-05-08 20:40:10","2020-05-07","2020-05-07","2021-05-07","146","GoDaddy.com, LLC","whois.godaddy.com","http://registrar.godaddy.com","CiberComercio","CiberComercio","","","Cartago","","Costa Rica","","","","","","","","","","","","","","","","","","","","","","","","","","","","","","","","","","ns01.cashparking.com","ns02.cashparking.com","","","clientDeleteProhibited","clientRenewProhibited","clientTransferProhibited","clientUpdateProhibited"
"9","biovert-protein.com","2020-05-08 19:19:41","2020-05-07","2020-05-07","2021-05-07","146","GoDaddy.com, LLC","whois.godaddy.com","http://registrar.godaddy.com","Biovert Protein","Biovert Protein","","","San Jose","","Costa Rica","","","","","","","","","","","","","","","","","","","","","","","","","","","","","","","","","","ns35.domaincontrol.com","ns36.domaincontrol.com","","","clientDeleteProhibited","clientRenewProhibited","clientTransferProhibited","clientUpdateProhibited"
"10","blashcosmetics.com","2020-05-08 20:58:25","2020-05-07","2020-05-07","2021-05-07","146","GoDaddy.com, LLC","whois.godaddy.com","http://registrar.godaddy.com","Rocket Lab","Rocket Lab","","","Heredia","","Costa Rica","","","","","","","","","","","","","","","","","","","","","","","","","","","","","","","","","","ns35.domaincontrol.com","ns36.domaincontrol.com","","","clientDeleteProhibited","clientRenewProhibited","clientTransferProhibited","clientUpdateProhibited"
"11","blashskincare.com","2020-05-08 20:58:35","2020-05-07","2020-05-07","2021-05-07","146","GoDaddy.com, LLC","whois.godaddy.com","http://registrar.godaddy.com","Rocket Lab","Rocket Lab","","","Heredia","","Costa Rica","","","","","","","","","","","","","","","","","","","","","","","","","","","","","","","","","","ns75.domaincontrol.com","ns76.domaincontrol.com","","","clientDeleteProhibited","clientRenewProhibited","clientTransferProhibited","clientUpdateProhibited"
"12","boticasolera.com","2020-05-08 21:12:27","2020-05-06","2020-05-06","2021-05-06","146","GoDaddy.com, LLC","whois.godaddy.com","http://registrar.godaddy.com","CreativeDrive Latam","CreativeDrive Latam","","","SJ","","Costa Rica","","","","","","","","","","","","","","","","","","","","","","","","","","","","","","","","","","ns75.domaincontrol.com","ns76.domaincontrol.com","","","clientDeleteProhibited","clientRenewProhibited","clientTransferProhibited","clientUpdateProhibited"
"13","brokeredcash.com","2020-05-08 21:10:00","2020-05-06","2020-05-06","2021-05-06","146","GoDaddy.com, LLC","whois.godaddy.com","http://registrar.godaddy.com","Mezumen Internacional Holdings Company S.A.","Mezumen Internacional Holdings Company S.A.","","","costa rica","","Costa Rica","","","","","","","","","","","","","","","","","","","","","","","","","","","","","","","","","","ns53.domaincontrol.com","ns54.domaincontrol.com","","","clientDeleteProhibited","clientRenewProhibited","clientTransferProhibited","clientUpdateProhibited"
"14","caribeanline.com","2020-05-08 20:14:48","2020-05-06","2020-05-06","2021-05-06","146","GoDaddy.com, LLC","whois.godaddy.com","http://registrar.godaddy.com","Cariben Line","Cariben Line","","","Alajuelita","","Costa Rica","","","","","","","","","","","","","","","","","","","","","","","","","","","","","","","","","","ns53.domaincontrol.com","ns54.domaincontrol.com","","","clientDeleteProhibited","clientRenewProhibited","clientTransferProhibited","clientUpdateProhibited"
"15","cbcsports.bet","2020-05-08 14:37:12","2020-05-07","2020-05-07","2021-05-07","146","GoDaddy.com, LLC","whois.godaddy.com","http://registrar.godaddy.com","","","","","Fl","","Costa Rica","","","","","","","","","","","","","","","","","","","","","","","","","","","","","","","","","","ns03.domaincontrol.com","ns04.domaincontrol.com","","","addPeriod","clientDeleteProhibited","clientRenewProhibited","clientTransferProhibited"
"16","cbradvisory.com","2020-05-08 21:19:23","2020-05-06","2020-05-06","2021-05-06","955","Launchpad, Inc.","whois.launchpad.com","http://www.launchpad.com","Esteban Granados","Website","San Jose","San Jose","San Jose","94088","Costa Rica","egranadosg@gmail.com","+506.88300328","","Esteban Granados","Website","San Jose","San Jose","San Jose","94088","Costa Rica","egranadosg@gmail.com","+506.88300328","","Esteban Granados","Website","San Jose","San Jose","San Jose","94088","Costa Rica","egranadosg@gmail.com","+506.88300328","","","","","","","","","","","","ns8017.hostgator.com","ns8018.hostgator.com","","","clientTransferProhibited","","",""
"17","cerealpoppers.com","2020-05-08 21:13:45","2020-05-06","2020-05-06","2021-05-06","146","GoDaddy.com, LLC","whois.godaddy.com","http://registrar.godaddy.com","Pixel Design Costa Rica","Pixel Design Costa Rica","","","San Jose","","Costa Rica","","","","","","","","","","","","","","","","","","","","","","","","","","","","","","","","","","ns75.domaincontrol.com","ns76.domaincontrol.com","","","clientDeleteProhibited","clientRenewProhibited","clientTransferProhibited","clientUpdateProhibited"
"18","cerveceriaencasa.com","2020-05-08 20:39:58","2020-05-07","2020-05-07","2021-05-07","146","GoDaddy.com, LLC","whois.godaddy.com","http://registrar.godaddy.com","CiberComercio","CiberComercio","","","Cartago","","Costa Rica","","","","","","","","","","","","","","","","","","","","","","","","","","","","","","","","","","ns01.cashparking.com","ns02.cashparking.com","","","clientDeleteProhibited","clientRenewProhibited","clientTransferProhibited","clientUpdateProhibited"
"19","chancerodigital.com","2020-05-08 20:56:35","2020-05-07","2020-05-07","2021-05-07","146","GoDaddy.com, LLC","whois.godaddy.com","http://registrar.godaddy.com","Independiete","Independiete","","","Casado/a","","Costa Rica","","","","","","","","","","","","","","","","","","","","","","","","","","","","","","","","","","ns37.domaincontrol.com","ns38.domaincontrol.com","","","clientDeleteProhibited","clientRenewProhibited","clientTransferProhibited","clientUpdateProhibited"
"20","chloehandmade.com","2020-05-08 20:05:27","2020-05-06","2020-05-06","2021-05-06","146","GoDaddy.com, LLC","whois.godaddy.com","http://registrar.godaddy.com","SuppCenterSA","SuppCenterSA","","","Heredia","","Costa Rica","","","","","","","","","","","","","","","","","","","","","","","","","","","","","","","","","","pdns07.domaincontrol.com","pdns08.domaincontrol.com","","","clientDeleteProhibited","clientRenewProhibited","clientTransferProhibited","clientUpdateProhibited"
"21","cleanlightcr.net","2020-05-08 19:03:32","2020-05-06","2020-05-06","2021-05-06","146","GoDaddy.com, LLC","whois.godaddy.com","http://registrar.godaddy.com","JAMUVI","JAMUVI","","","San Jose","","Costa Rica","","","","","","","","","","","","","","","","","","","","","","","","","","","","","","","","","","ns37.domaincontrol.com","ns38.domaincontrol.com","","","clientDeleteProhibited","clientRenewProhibited","clientTransferProhibited","clientUpdateProhibited"
"22","clinicanouvellecr.com","2020-05-08 21:22:09","2020-05-06","2020-05-06","2021-05-06","146","GoDaddy.com, LLC","whois.godaddy.com","http://registrar.godaddy.com","","","","","Tibas","","Costa Rica","","","","","","","","","","","","","","","","","","","","","","","","","","","","","","","","","","ns1.giow1085.siteground.us","ns2.giow1085.siteground.us","","","clientDeleteProhibited","clientRenewProhibited","clientTransferProhibited","clientUpdateProhibited"
"23","clinicavascularteria.com","2020-05-08 20:56:28","2020-05-07","2020-05-07","2021-05-07","146","GoDaddy.com, LLC","whois.godaddy.com","http://registrar.godaddy.com","","","","","San Jose","","Costa Rica","","","","","","","","","","","","","","","","","","","","","","","","","","","","","","","","","","ns11.domaincontrol.com","ns12.domaincontrol.com","","","clientDeleteProhibited","clientRenewProhibited","clientTransferProhibited","clientUpdateProhibited"
"24","cosmecr.com","2020-05-08 19:56:17","2020-05-07","2020-05-07","2021-05-07","146","GoDaddy.com, LLC","whois.godaddy.com","http://registrar.godaddy.com","","","","","Limon","","Costa Rica","","","","","","","","","","","","","","","","","","","","","","","","","","","","","","","","","","ns8507.hostgator.com","ns8508.hostgator.com","","","clientDeleteProhibited","clientRenewProhibited","clientTransferProhibited","clientUpdateProhibited"
"25","costaricafederacionindependientes.com","2020-05-08 20:03:51","2020-05-06","2020-05-06","2021-05-06","146","GoDaddy.com, LLC","whois.godaddy.com","http://registrar.godaddy.com","Asociacion de Guias y Scouts de Costa Rica","Asociacion de Guias y Scouts de Costa Rica","","","San Jose","","Costa Rica","","","","","","","","","","","","","","","","","","","","","","","","","","","","","","","","","","ns37.domaincontrol.com","ns38.domaincontrol.com","","","clientDeleteProhibited","clientRenewProhibited","clientTransferProhibited","clientUpdateProhibited"
"26","ewaletstalk.com","2020-05-08 20:02:08","2020-05-06","2020-05-06","2022-05-06","146","GoDaddy.com, LLC","whois.godaddy.com","http://registrar.godaddy.com","Servicios Technologicos Antares -- Telharbor","Servicios Technologicos Antares -- Telharbor","","","San Jose","","Costa Rica","","","","","","","","","","","","","","","","","","","","","","","","","","","","","","","","","","ns.telharbor.com","ns1.telharbor.com","ns2.telharbor.com","ns3.telharbor.com","clientDeleteProhibited","clientRenewProhibited","clientTransferProhibited","clientUpdateProhibited"
"27","exostrategys.com","2020-05-08 20:06:57","2020-05-06","2020-05-06","2021-05-06","146","GoDaddy.com, LLC","whois.godaddy.com","http://registrar.godaddy.com","","","","","San Jose","","Costa Rica","","","","","","","","","","","","","","","","","","","","","","","","","","","","","","","","","","ns11.domaincontrol.com","ns12.domaincontrol.com","","","clientDeleteProhibited","clientRenewProhibited","clientTransferProhibited","clientUpdateProhibited"
"28","eybproducciones.com","2020-05-08 21:00:57","2020-05-07","2020-05-07","2021-05-07","146","GoDaddy.com, LLC","whois.godaddy.com","http://registrar.godaddy.com","eybproducciones","eybproducciones","","","Barva","","Costa Rica","","","","","","","","","","","","","","","","","","","","","","","","","","","","","","","","","","ns1.giow1085.siteground.us","ns2.giow1085.siteground.us","","","clientDeleteProhibited","clientRenewProhibited","clientTransferProhibited","clientUpdateProhibited"
"29","fabioleiva.com","2020-05-08 19:18:11","2020-05-06","2020-05-06","2021-05-06","69","Tucows Domains Inc.","whois.tucows.com","http://domainhelp.opensrs.net","REDACTED FOR PRIVACY","REDACTED FOR PRIVACY","REDACTED FOR PRIVACY","REDACTED FOR PRIVACY","XX","REDACTED FOR PRIVACY","Costa Rica","","REDACTED FOR PRIVACY","REDACTED FOR PRIVACY","REDACTED FOR PRIVACY","REDACTED FOR PRIVACY","REDACTED FOR PRIVACY","REDACTED FOR PRIVACY","REDACTED FOR PRIVACY","REDACTED FOR PRIVACY","REDACTED FOR PRIVACY","","REDACTED FOR PRIVACY","REDACTED FOR PRIVACY","REDACTED FOR PRIVACY","REDACTED FOR PRIVACY","REDACTED FOR PRIVACY","REDACTED FOR PRIVACY","REDACTED FOR PRIVACY","REDACTED FOR PRIVACY","REDACTED FOR PRIVACY","","REDACTED FOR PRIVACY","REDACTED FOR PRIVACY","","","","","","","","","","","ns1.giow1085.siteground.us","ns2.giow1085.siteground.us","","","clientTransferProhibited","clientUpdateProhibited","",""
"30","firmacr.com","2020-05-08 21:12:16","2020-05-06","2020-05-06","2021-05-06","303","PDR Ltd. d/b/a PublicDomainRegistry.com","whois.publicdomainregistry.com","http://www.publicdomainregistry.com","Randal Barrantes","Randal Barrantes","San Jose","SanJose","","1000","Costa Rica","randalbarrante@gmail.com","+506.62328612","","Randal Barrantes","Randal Barrantes","San Jose","SanJose","","1000","Costa Rica","randalbarrante@gmail.com","+506.62328612","","Randal Barrantes","Randal Barrantes","San Jose","SanJose","","1000","Costa Rica","randalbarrante@gmail.com","+506.62328612","","","","","","","","","","","","ns1.dns-parking.com","ns2.dns-parking.com","","","clientTransferProhibited","","",""
"31","firmadigitalcrgo.com","2020-05-08 20:57:50","2020-05-07","2020-05-08","2021-05-07","303","PDR Ltd. d/b/a PublicDomainRegistry.com","whois.publicdomainregistry.com","http://www.publicdomainregistry.com","Alvaro Navarro Orozco","","Las lajas, 22r55787 12","Tejar","Cartago","01101","Costa Rica","nalvaro148@gmail.com","+506.60287876","","Alvaro Navarro Orozco","","Las lajas, 22r55787 12","Tejar","Cartago","01101","Costa Rica","nalvaro148@gmail.com","+506.60287876","","Alvaro Navarro Orozco","","Las lajas, 22r55787 12","Tejar","Cartago","01101","Costa Rica","nalvaro148@gmail.com","+506.60287876","","","","","","","","","","","","ns1.suspended-domain.com","ns2.suspended-domain.com","","","clientDeleteProhibited","clientHold","clientTransferProhibited","clientUpdateProhibited"
"32","freshnowcr.net","2020-05-08 19:02:57","2020-05-07","2020-05-07","2021-05-07","1647","Hosting Concepts B.V. dba Openprovider","whois.registrar.eu","http://www.openprovider.com","REDACTED FOR PRIVACY","Fresh Now","REDACTED FOR PRIVACY","REDACTED FOR PRIVACY","","REDACTED FOR PRIVACY","Costa Rica","","REDACTED FOR PRIVACY","REDACTED FOR PRIVACY","REDACTED FOR PRIVACY","REDACTED FOR PRIVACY","REDACTED FOR PRIVACY","REDACTED FOR PRIVACY","REDACTED FOR PRIVACY","REDACTED FOR PRIVACY","REDACTED FOR PRIVACY","","REDACTED FOR PRIVACY","REDACTED FOR PRIVACY","REDACTED FOR PRIVACY","REDACTED FOR PRIVACY","REDACTED FOR PRIVACY","REDACTED FOR PRIVACY","REDACTED FOR PRIVACY","REDACTED FOR PRIVACY","REDACTED FOR PRIVACY","","REDACTED FOR PRIVACY","REDACTED FOR PRIVACY","","","","","","","","","","","ns1.giow1032.siteground.us","ns2.giow1032.siteground.us","","","clientTransferProhibited","","",""
"33","getexpresscr.com","2020-05-08 21:10:48","2020-05-06","2020-05-06","2021-05-06","440","Wild West Domains, LLC","whois.wildwestdomains.com","http://www.wildwestdomains.com","Zephysoft de Costa Rica","Zephysoft de Costa Rica","","","San Jose","","Costa Rica","","","","","","","","","","","","","","","","","","","","","","","","","","","","","","","","","","ns75.domaincontrol.com","ns76.domaincontrol.com","","","clientDeleteProhibited","clientRenewProhibited","clientTransferProhibited","clientUpdateProhibited"
"34","greatlandsrealestate.com","2020-05-08 21:19:56","2020-05-06","2020-05-06","2021-05-06","146","GoDaddy.com, LLC","whois.godaddy.com","http://registrar.godaddy.com","Great Lands Real Estate","Great Lands Real Estate","","","San Jose","","Costa Rica","","","","","","","","","","","","","","","","","","","","","","","","","","","","","","","","","","ns75.domaincontrol.com","ns76.domaincontrol.com","","","clientDeleteProhibited","clientRenewProhibited","clientTransferProhibited","clientUpdateProhibited"
"35","grupoquepos.com","2020-05-08 20:01:35","2020-05-06","2020-05-06","2021-05-06","146","GoDaddy.com, LLC","whois.godaddy.com","http://registrar.godaddy.com","","","","","Puntarenas","","Costa Rica","","","","","","","","","","","","","","","","","","","","","","","","","","","","","","","","","","ns11.domaincontrol.com","ns12.domaincontrol.com","","","clientDeleteProhibited","clientRenewProhibited","clientTransferProhibited","clientUpdateProhibited"
"36","gtradecr.com","2020-05-08 19:33:45","2020-05-06","2020-05-06","2021-05-06","146","GoDaddy.com, LLC","whois.godaddy.com","http://registrar.godaddy.com","","","","","Belen","","Costa Rica","","","","","","","","","","","","","","","","","","","","","","","","","","","","","","","","","","ns53.domaincontrol.com","ns54.domaincontrol.com","","","clientDeleteProhibited","clientRenewProhibited","clientTransferProhibited","clientUpdateProhibited"
"37","gustavorf.com","2020-05-08 20:47:11","2020-05-07","2020-05-07","2021-05-07","146","GoDaddy.com, LLC","whois.godaddy.com","http://registrar.godaddy.com","","","","","San Ramon","","Costa Rica","","","","","","","","","","","","","","","","","","","","","","","","","","","","","","","","","","ns75.domaincontrol.com","ns76.domaincontrol.com","","","clientDeleteProhibited","clientRenewProhibited","clientTransferProhibited","clientUpdateProhibited"
"38","hagamoslorealidad.com","2020-05-08 20:02:02","2020-05-06","2020-05-06","2021-05-06","146","GoDaddy.com, LLC","whois.godaddy.com","http://registrar.godaddy.com","Tecnica Mercadeo","Tecnica Mercadeo","","","San Jose","","Costa Rica","","","","","","","","","","","","","","","","","","","","","","","","","","","","","","","","","","ns75.domaincontrol.com","ns76.domaincontrol.com","","","clientDeleteProhibited","clientRenewProhibited","clientTransferProhibited","clientUpdateProhibited"
"39","handsuplescocr.com","2020-05-08 20:55:33","2020-05-07","2020-05-07","2021-05-07","146","GoDaddy.com, LLC","whois.godaddy.com","http://registrar.godaddy.com","HandsUP LESCO","HandsUP LESCO","","","Alajuela","","Costa Rica","","","","","","","","","","","","","","","","","","","","","","","","","","","","","","","","","","ns2.wixdns.net","ns3.wixdns.net","","","clientDeleteProhibited","clientRenewProhibited","clientTransferProhibited","clientUpdateProhibited"
"40","herediaemprende.com","2020-05-08 19:24:39","2020-05-07","2020-05-07","2021-05-07","146","GoDaddy.com, LLC","whois.godaddy.com","http://registrar.godaddy.com","","","","","San Jose","","Costa Rica","","","","","","","","","","","","","","","","","","","","","","","","","","","","","","","","","","ns37.domaincontrol.com","ns38.domaincontrol.com","","","clientDeleteProhibited","clientRenewProhibited","clientTransferProhibited","clientUpdateProhibited"
"41","infrateccr.net","2020-05-08 19:02:37","2020-05-06","2020-05-06","2021-05-06","320","TLDs LLC dba SRSplus","whois.srsplus.com","http://www.srsplus.com","Cyberfuel Administrator","Cyberfuel S. A.","Parque Empresarial Forum Edif. E 2do. piso","San Jose","SJO","6155","Costa Rica","domains@cyberfuel.com","+506.22049494","+506.22049495","Domain Administrator","Cyberfuel S.A.","PO Box 77-6155 FORUM","Santa Ana","San Jose","6155","Costa Rica","domains@cyberfuel.com","+506.22049494","","Domain Administrator","Cyberfuel S.A.","PO Box 77-6155 FORUM","Santa Ana","San Jose","6155","Costa Rica","domains@cyberfuel.com","+506.22049494","","","","","","","","","","","","ns1.cyberfuel.com","ns2.cyberfuel.com","","","clientTransferProhibited","","",""
"42","innova-cr.com","2020-05-08 20:01:45","2020-05-06","2020-05-06","2021-05-06","320","TLDs LLC dba SRSplus","whois.srsplus.com","http://www.srsplus.com","Jos???? Pablo Flores Duarte","MINERVA Y APOLLO S A A","San Jose","San Jose","","6155","Costa Rica","jpflores@miasacr.com","+506.89956515","","Jos???? Pablo Flores Duarte","MINERVA Y APOLLO S A A","San Jose","San Jose","","6155","Costa Rica","jpflores@miasacr.com","+506.89956515","","Domain Administrator","Cyberfuel S.A.","PO Box 77-6155 FORUM","Santa Ana","San Jose","6155","Costa Rica","domains@cyberfuel.com","+506.22049494","","","","","","","","","","","","ns1.cyberfuel.com","ns2.cyberfuel.com","","","clientTransferProhibited","","",""
"43","intrauso.com","2020-05-08 19:25:37","2020-05-07","2020-05-07","2021-05-07","303","PDR Ltd. d/b/a PublicDomainRegistry.com","whois.publicdomainregistry.com","http://www.publicdomainregistry.com","Daniel Balma","Daniel Balma","Barrio San Angel.  De la Casona de Laly 300m Este.","Curridabat","San Jose","1000","Costa Rica","danbalma@gmail.com","+506.87302346","","Daniel Balma","Daniel Balma","Barrio San Angel.  De la Casona de Laly 300m Este.","Curridabat","San Jose","1000","Costa Rica","danbalma@gmail.com","+506.87302346","","Daniel Balma","Daniel Balma","Barrio San Angel.  De la Casona de Laly 300m Este.","Curridabat","San Jose","1000","Costa Rica","danbalma@gmail.com","+506.87302346","","","","","","","","","","","","ns1.dns-parking.com","ns2.dns-parking.com","","","clientTransferProhibited","","",""
"44","juntoscolombia.com","2020-05-08 20:54:31","2020-05-07","2020-05-07","2021-05-07","146","GoDaddy.com, LLC","whois.godaddy.com","http://registrar.godaddy.com","Asuaire","Asuaire","","","FL","","Costa Rica","","","","","","","","","","","","","","","","","","","","","","","","","","","","","","","","","","ns75.domaincontrol.com","ns76.domaincontrol.com","","","clientDeleteProhibited","clientRenewProhibited","clientTransferProhibited","clientUpdateProhibited"
"45","juntoslatinos.com","2020-05-08 20:54:40","2020-05-07","2020-05-07","2021-05-07","146","GoDaddy.com, LLC","whois.godaddy.com","http://registrar.godaddy.com","Asuaire","Asuaire","","","FL","","Costa Rica","","","","","","","","","","","","","","","","","","","","","","","","","","","","","","","","","","ns75.domaincontrol.com","ns76.domaincontrol.com","","","clientDeleteProhibited","clientRenewProhibited","clientTransferProhibited","clientUpdateProhibited"
"46","juntospanama.com","2020-05-08 20:54:42","2020-05-07","2020-05-07","2021-05-07","146","GoDaddy.com, LLC","whois.godaddy.com","http://registrar.godaddy.com","Asuaire","Asuaire","","","FL","","Costa Rica","","","","","","","","","","","","","","","","","","","","","","","","","","","","","","","","","","ns53.domaincontrol.com","ns54.domaincontrol.com","","","clientDeleteProhibited","clientRenewProhibited","clientTransferProhibited","clientUpdateProhibited"
"47","kafashiongroup.com","2020-05-08 21:17:25","2020-05-06","2020-05-06","2021-05-06","146","GoDaddy.com, LLC","whois.godaddy.com","http://registrar.godaddy.com","Kafashion","Kafashion","","","San Jose","","Costa Rica","","","","","","","","","","","","","","","","","","","","","","","","","","","","","","","","","","ns35.domaincontrol.com","ns36.domaincontrol.com","","","clientDeleteProhibited","clientRenewProhibited","clientTransferProhibited","clientUpdateProhibited"
"48","laboratoriosbonilla.com","2020-05-08 21:02:42","2020-05-07","2020-05-07","2021-05-07","146","GoDaddy.com, LLC","whois.godaddy.com","http://registrar.godaddy.com","Laboratios Bonilla","Laboratios Bonilla","","","San Jose","","Costa Rica","","","","","","","","","","","","","","","","","","","","","","","","","","","","","","","","","","ns11.domaincontrol.com","ns12.domaincontrol.com","","","clientDeleteProhibited","clientRenewProhibited","clientTransferProhibited","clientUpdateProhibited"
"49","lafirmaenlinea.com","2020-05-08 21:15:07","2020-05-06","2020-05-06","2021-05-06","146","GoDaddy.com, LLC","whois.godaddy.com","http://registrar.godaddy.com","Grupo Mercranet S.A.","Grupo Mercranet S.A.","","","Alajuela","","Costa Rica","","","","","","","","","","","","","","","","","","","","","","","","","","","","","","","","","","ns1.mercranet.com","ns2.mercranet.com","","","clientDeleteProhibited","clientRenewProhibited","clientTransferProhibited","clientUpdateProhibited"
"50","lamitadmasunoguadalupe.com","2020-05-08 21:05:06","2020-05-07","2020-05-07","2021-05-07","146","GoDaddy.com, LLC","whois.godaddy.com","http://registrar.godaddy.com","","","","","Heredia","","Costa Rica","","","","","","","","","","","","","","","","","","","","","","","","","","","","","","","","","","ns75.domaincontrol.com","ns76.domaincontrol.com","","","clientDeleteProhibited","clientRenewProhibited","clientTransferProhibited","clientUpdateProhibited"
"51","legaltouchcr.com","2020-05-08 21:11:12","2020-05-06","2020-05-06","2021-05-06","146","GoDaddy.com, LLC","whois.godaddy.com","http://registrar.godaddy.com","Centro","Centro","","","San Carlos","","Costa Rica","","","","","","","","","","","","","","","","","","","","","","","","","","","","","","","","","","ns35.domaincontrol.com","ns36.domaincontrol.com","","","clientDeleteProhibited","clientRenewProhibited","clientTransferProhibited","clientUpdateProhibited"
"52","letseatsushi.com","2020-05-08 21:10:01","2020-05-06","2020-05-06","2021-05-06","146","GoDaddy.com, LLC","whois.godaddy.com","http://registrar.godaddy.com","Mezumen Internacional Holdings Company S.A.","Mezumen Internacional Holdings Company S.A.","","","costa rica","","Costa Rica","","","","","","","","","","","","","","","","","","","","","","","","","","","","","","","","","","ns11.domaincontrol.com","ns12.domaincontrol.com","","","clientDeleteProhibited","clientRenewProhibited","clientTransferProhibited","clientUpdateProhibited"
"53","lia-studios.com","2020-05-08 20:14:13","2020-05-06","2020-05-06","2021-05-06","146","GoDaddy.com, LLC","whois.godaddy.com","http://registrar.godaddy.com","Lia Studios","Lia Studios","","","soltera","","Costa Rica","","","","","","","","","","","","","","","","","","","","","","","","","","","","","","","","","","ns35.domaincontrol.com","ns36.domaincontrol.com","","","clientDeleteProhibited","clientRenewProhibited","clientTransferProhibited","clientUpdateProhibited"
"54","machakita.com","2020-05-08 21:12:59","2020-05-06","2020-05-06","2021-05-06","955","Launchpad, Inc.","whois.launchpad.com","http://www.launchpad.com","Allan Quesada","None","Heredia","Heredia","4","40101","Costa Rica","allan.quesada.esquivel@outlook.com","+506.87040526","","Allan Quesada","None","Heredia","Heredia","4","40101","Costa Rica","allan.quesada.esquivel@outlook.com","+506.87040526","","Allan Quesada","None","Heredia","Heredia","4","40101","Costa Rica","allan.quesada.esquivel@outlook.com","+506.87040526","","","","","","","","","","","","ns6279.hostgator.com","ns6280.hostgator.com","","","clientTransferProhibited","","",""
"55","mapaalexito.com","2020-05-08 20:52:37","2020-05-07","2020-05-07","2021-05-07","146","GoDaddy.com, LLC","whois.godaddy.com","http://registrar.godaddy.com","Mapa al Exito","Mapa al Exito","","","Heredia","","Costa Rica","","","","","","","","","","","","","","","","","","","","","","","","","","","","","","","","","","osmar.ns.cloudflare.com","sky.ns.cloudflare.com","","","clientDeleteProhibited","clientRenewProhibited","clientTransferProhibited","clientUpdateProhibited"
"56","maxcleancr.com","2020-05-08 21:00:19","2020-05-07","2020-05-07","2021-05-07","440","Wild West Domains, LLC","whois.wildwestdomains.com","http://www.wildwestdomains.com","Grupo Megatravel","Grupo Megatravel","","","Heredia","","Costa Rica","","","","","","","","","","","","","","","","","","","","","","","","","","","","","","","","","","ns75.domaincontrol.com","ns76.domaincontrol.com","","","clientDeleteProhibited","clientRenewProhibited","clientTransferProhibited","clientUpdateProhibited"
"57","mgdetalles.com","2020-05-08 21:13:41","2020-05-06","2020-05-06","2021-05-06","69","Tucows Domains Inc.","whois.tucows.com","http://domainhelp.opensrs.net","REDACTED FOR PRIVACY","REDACTED FOR PRIVACY","REDACTED FOR PRIVACY","REDACTED FOR PRIVACY","Cartago","REDACTED FOR PRIVACY","Costa Rica","","REDACTED FOR PRIVACY","REDACTED FOR PRIVACY","REDACTED FOR PRIVACY","REDACTED FOR PRIVACY","REDACTED FOR PRIVACY","REDACTED FOR PRIVACY","REDACTED FOR PRIVACY","REDACTED FOR PRIVACY","REDACTED FOR PRIVACY","","REDACTED FOR PRIVACY","REDACTED FOR PRIVACY","REDACTED FOR PRIVACY","REDACTED FOR PRIVACY","REDACTED FOR PRIVACY","REDACTED FOR PRIVACY","REDACTED FOR PRIVACY","REDACTED FOR PRIVACY","REDACTED FOR PRIVACY","","REDACTED FOR PRIVACY","REDACTED FOR PRIVACY","","","","","","","","","","","ns1.systemdns.com","ns2.systemdns.com","ns3.systemdns.com","","clientTransferProhibited","clientUpdateProhibited","",""
"58","midesarrollo.club","2020-05-09 00:50:30","2020-05-06","2020-05-06","2021-05-06","146","GoDaddy.com, LLC","whois.godaddy.com","http://registrar.godaddy.com","","","","","Heredia","","Costa Rica","","","","","","","","","","","","","","","","","","","","","","","","","","","","","","","","","","ns37.domaincontrol.com","ns38.domaincontrol.com","","","addPeriod","clientDeleteProhibited","clientRenewProhibited","clientTransferProhibited"
"59","minepiedra.net","2020-05-09 00:31:50","2020-05-07","2020-05-07","2021-05-07","146","GoDaddy.com, LLC","whois.godaddy.com","http://registrar.godaddy.com","MinePiedra","MinePiedra","","","Moravia","","Costa Rica","","","","","","","","","","","","","","","","","","","","","","","","","","","","","","","","","","ns37.domaincontrol.com","ns38.domaincontrol.com","","","clientDeleteProhibited","clientRenewProhibited","clientTransferProhibited","clientUpdateProhibited"
"60","mueblesrois.com","2020-05-08 19:40:29","2020-05-07","2020-05-07","2021-05-07","146","GoDaddy.com, LLC","whois.godaddy.com","http://registrar.godaddy.com","","","","","merced","","Costa Rica","","","","","","","","","","","","","","","","","","","","","","","","","","","","","","","","","","ns35.domaincontrol.com","ns36.domaincontrol.com","","","clientDeleteProhibited","clientRenewProhibited","clientTransferProhibited","clientUpdateProhibited"
"61","naturatrading.net","2020-05-09 00:31:07","2020-05-06","2020-05-06","2022-05-06","146","GoDaddy.com, LLC","whois.godaddy.com","http://registrar.godaddy.com","","","","","Alajuela","","Costa Rica","","","","","","","","","","","","","","","","","","","","","","","","","","","","","","","","","","ns35.domaincontrol.com","ns36.domaincontrol.com","","","clientDeleteProhibited","clientRenewProhibited","clientTransferProhibited","clientUpdateProhibited"
"62","negociourbano.com","2020-05-08 20:56:53","2020-05-07","2020-05-07","2021-05-07","1443","Vautron Rechenzentrum AG","whois.antagus.de","http://www.vautron.de","","","","","","","Costa Rica","a2bl5m2yhe@domprivacy.de","","","","","","","","","","a2bl5m2yhe@domprivacy.de","","","","","","","","","","a4o7tygxoo@domprivacy.de","","","","","","","","","","","","","ns1.contabo.net","ns2.contabo.net","ns3.contabo.net","","OK","","",""
"63","newsolutionscr.com","2020-05-08 20:48:56","2020-05-07","","2021-05-07","1068","NameCheap, Inc.","whois.namecheap.com","http://www.namecheap.com","Luis Goyenaga","Luis Goyenaga","Jose Maria Zeledon","Curridabat","San Jose","2300","Costa Rica","lgoyenaga@gmail.com","+506.88968977","","WebHostingBuzz USA LLC","WebHostingBuzz USA LLC","850 Southbridge Street","Auburn","MA","01501","United States","domains@webhostingbuzz.com","+1.8002521887","","WebHostingBuzz USA LLC","WebHostingBuzz USA LLC","850 Southbridge Street","Auburn","MA","01501","United States","domains@webhostingbuzz.com","+1.8002521887","","","","","","","","","","","","ns100.webhostingbuzz.com","ns101.webhostingbuzz.com","","","addPeriod","clientTransferProhibited","",""
"64","nexsototal.com","2020-05-08 21:15:36","2020-05-06","2020-05-06","2021-05-06","146","GoDaddy.com, LLC","whois.godaddy.com","http://registrar.godaddy.com","ROGER ALEXANDER LINO","ROGER ALEXANDER LINO","","","San Jose","","Costa Rica","","","","","","","","","","","","","","","","","","","","","","","","","","","","","","","","","","ns53.domaincontrol.com","ns54.domaincontrol.com","","","clientDeleteProhibited","clientRenewProhibited","clientTransferProhibited","clientUpdateProhibited"
"65","noegiron.com","2020-05-08 21:10:41","2020-05-06","2020-05-06","2021-05-06","146","GoDaddy.com, LLC","whois.godaddy.com","http://registrar.godaddy.com","","","","","Turrialba","","Costa Rica","","","","","","","","","","","","","","","","","","","","","","","","","","","","","","","","","","ns37.domaincontrol.com","ns38.domaincontrol.com","","","clientDeleteProhibited","clientRenewProhibited","clientTransferProhibited","clientUpdateProhibited"
"66","nutripec.com","2020-05-08 20:03:50","2020-05-06","2020-05-06","2022-05-06","146","GoDaddy.com, LLC","whois.godaddy.com","http://registrar.godaddy.com","Randall Rojas","Randall Rojas","","","Alajuela","","Costa Rica","","","","","","","","","","","","","","","","","","","","","","","","","","","","","","","","","","ns53.domaincontrol.com","ns54.domaincontrol.com","","","clientDeleteProhibited","clientRenewProhibited","clientTransferProhibited","clientUpdateProhibited"
"67","olayaoquendo.com","2020-05-08 21:21:01","2020-05-06","2020-05-06","2021-05-06","146","GoDaddy.com, LLC","whois.godaddy.com","http://registrar.godaddy.com","olayaoquendo","olayaoquendo","","","heredia","","Costa Rica","","","","","","","","","","","","","","","","","","","","","","","","","","","","","","","","","","ns1.bbscomunicaciones.com","ns2.bbscomunicaciones.com","","","clientDeleteProhibited","clientRenewProhibited","clientTransferProhibited","clientUpdateProhibited"
"68","omlpro.com","2020-05-08 21:13:45","2020-05-06","2020-05-06","2021-05-06","303","PDR Ltd. d/b/a PublicDomainRegistry.com","whois.publicdomainregistry.com","http://www.publicdomainregistry.com","Oscar Garcia","Oscar Garcia","Centro","San Isidro del General","San Jose","11901","Costa Rica","oscargpcr@gmail.com","+506.87125264","","Oscar Garcia","Oscar Garcia","Centro","San Isidro del General","San Jose","11901","Costa Rica","oscargpcr@gmail.com","+506.87125264","","Oscar Garcia","Oscar Garcia","Centro","San Isidro del General","San Jose","11901","Costa Rica","oscargpcr@gmail.com","+506.87125264","","","","","","","","","","","","ns1.dns-parking.com","ns2.dns-parking.com","","","clientTransferProhibited","","",""
"69","postcr.com","2020-05-08 20:35:41","2020-05-07","","2021-05-07","1068","NameCheap, Inc.","whois.namecheap.com","http://www.namecheap.com","RONALD MADRIGAL","","SANTA ANA","SANTA ANA","SAN JOSE","10901","Costa Rica","info@costaricainfolink.com","+506.83050652","","RONALD MADRIGAL","","SANTA ANA","SANTA ANA","SAN JOSE","10901","Costa Rica","info@costaricainfolink.com","+506.83050652","","RONALD MADRIGAL","","SANTA ANA","SANTA ANA","SAN JOSE","10901","Costa Rica","info@costaricainfolink.com","+506.83050652","","","","","","","","","","","","ns695.websitewelcome.com","ns696.websitewelcome.com","","","clientTransferProhibited","","",""
"70","proanalisis.net","2020-05-09 00:29:07","2020-05-06","2020-05-06","2021-05-06","146","GoDaddy.com, LLC","whois.godaddy.com","http://registrar.godaddy.com","Neoklass","Neoklass","","","San Ramon","","Costa Rica","","","","","","","","","","","","","","","","","","","","","","","","","","","","","","","","","","ns11.domaincontrol.com","ns12.domaincontrol.com","","","clientDeleteProhibited","clientRenewProhibited","clientTransferProhibited","clientUpdateProhibited"
"71","redecommercecr.com","2020-05-08 19:33:21","2020-05-06","2020-05-06","2021-05-06","146","GoDaddy.com, LLC","whois.godaddy.com","http://registrar.godaddy.com","","","","","San Jose","","Costa Rica","","","","","","","","","","","","","","","","","","","","","","","","","","","","","","","","","","ns35.domaincontrol.com","ns36.domaincontrol.com","","","clientDeleteProhibited","clientRenewProhibited","clientTransferProhibited","clientUpdateProhibited"
"72","redmujeresemprendedoras.com","2020-05-08 20:58:15","2020-05-07","2020-05-07","2021-05-07","146","GoDaddy.com, LLC","whois.godaddy.com","http://registrar.godaddy.com","","","","","Alajuela","","Costa Rica","","","","","","","","","","","","","","","","","","","","","","","","","","","","","","","","","","ns75.domaincontrol.com","ns76.domaincontrol.com","","","clientDeleteProhibited","clientRenewProhibited","clientTransferProhibited","clientUpdateProhibited"
"73","rey-design.com","2020-05-08 19:37:18","2020-05-06","2020-05-06","2021-05-06","146","GoDaddy.com, LLC","whois.godaddy.com","http://registrar.godaddy.com","The_Garage Costa Rica","The_Garage Costa Rica","","","Puntarenas","","Costa Rica","","","","","","","","","","","","","","","","","","","","","","","","","","","","","","","","","","ns8613.hostgator.com","ns8614.hostgator.com","","","clientDeleteProhibited","clientRenewProhibited","clientTransferProhibited","clientUpdateProhibited"
"74","rhremoto.com","2020-05-08 20:45:39","2020-05-07","2020-05-07","2021-05-07","146","GoDaddy.com, LLC","whois.godaddy.com","http://registrar.godaddy.com","AMBI S.A.","AMBI S.A.","","","San Jose","","Costa Rica","","","","","","","","","","","","","","","","","","","","","","","","","","","","","","","","","","ns1.exitovirtual.com","ns2.exitovirtual.com","","","clientDeleteProhibited","clientRenewProhibited","clientTransferProhibited","clientUpdateProhibited"
"75","rhremoto.net","2020-05-09 00:27:22","2020-05-07","2020-05-07","2021-05-07","146","GoDaddy.com, LLC","whois.godaddy.com","http://registrar.godaddy.com","AMBI S.A.","AMBI S.A.","","","San Jose","","Costa Rica","","","","","","","","","","","","","","","","","","","","","","","","","","","","","","","","","","ns1.exitovirtual.com","ns2.exitovirtual.com","","","clientDeleteProhibited","clientRenewProhibited","clientTransferProhibited","clientUpdateProhibited"
"76","ritualcr.com","2020-05-08 21:16:47","2020-05-06","2020-05-06","2021-05-06","146","GoDaddy.com, LLC","whois.godaddy.com","http://registrar.godaddy.com","","","","","San Jose","","Costa Rica","","","","","","","","","","","","","","","","","","","","","","","","","","","","","","","","","","anna.ns.cloudflare.com","guss.ns.cloudflare.com","","","clientDeleteProhibited","clientRenewProhibited","clientTransferProhibited","clientUpdateProhibited"
"77","seguridadpreventiva.com","2020-05-08 20:39:55","2020-05-07","2020-05-07","2021-05-07","146","GoDaddy.com, LLC","whois.godaddy.com","http://registrar.godaddy.com","CiberComercio","CiberComercio","","","Cartago","","Costa Rica","","","","","","","","","","","","","","","","","","","","","","","","","","","","","","","","","","ns01.cashparking.com","ns02.cashparking.com","","","clientDeleteProhibited","clientRenewProhibited","clientTransferProhibited","clientUpdateProhibited"
"78","sombreroblanco.pro","2020-05-08 23:16:49","2020-05-07","2020-05-07","2021-05-07","146","GoDaddy.com, LLC","whois.godaddy.com","http://registrar.godaddy.com","","","","","San Jose","","Costa Rica","","","","","","","","","","","","","","","","","","","","","","","","","","","","","","","","","","ns53.domaincontrol.com","ns54.domaincontrol.com","","","addPeriod","clientDeleteProhibited","clientRenewProhibited","clientTransferProhibited"
"79","tiquetapp.com","2020-05-08 21:18:49","2020-05-06","2020-05-06","2021-05-06","146","GoDaddy.com, LLC","whois.godaddy.com","http://registrar.godaddy.com","PB Marketing","PB Marketing","","","Goicoechea","","Costa Rica","","","","","","","","","","","","","","","","","","","","","","","","","","","","","","","","","","ns11.domaincontrol.com","ns12.domaincontrol.com","","","clientDeleteProhibited","clientRenewProhibited","clientTransferProhibited","clientUpdateProhibited"
"80","topocaribe.com","2020-05-08 21:02:11","2020-05-07","2020-05-07","2022-05-07","1086","Marcaria.com International, Inc.","whois.melbourneit.com","http://www.melbourneit.com","Domain Manager","Grupo Logistico Yaslin","50mts Este del Black Star Line","Limon Centro","Limon","70101","Costa Rica","oyaslin@hotmail.com","+506.27983030","","Domain Manager","Grupo Logistico Yaslin","50mts Este del Black Star Line","Limon Centro","Limon","70101","Costa Rica","oyaslin@hotmail.com","+506.27983030","","Domain Manager","Marcaria.com LLC","8345 NW 66 ST #B1673","Miami","Florida","33195","United States","domains@marcaria.com","+1.3054348621","","","","","","","","","","","","ns1.dreamhost.com","ns2.dreamhost.com","ns3.dreamhost.com","","clientTransferProhibited","","",""
"81","tribu404.com","2020-05-08 21:09:03","2020-05-06","2020-05-06","2021-05-06","303","PDR Ltd. d/b/a PublicDomainRegistry.com","whois.publicdomainregistry.com","http://www.publicdomainregistry.com","Roberto  Sanchez","PYMES","San Jose, Costa Rica Coronado, Patio de Agua","Costa Rica","San Jose","00000","Costa Rica","robertosanchezcr@outlook.com","+506.72988522","","Roberto  Sanchez","PYMES","San Jose, Costa Rica Coronado, Patio de Agua","Costa Rica","San Jose","00000","Costa Rica","robertosanchezcr@outlook.com","+506.72988522","","Roberto  Sanchez","PYMES","San Jose, Costa Rica Coronado, Patio de Agua","Costa Rica","San Jose","00000","Costa Rica","robertosanchezcr@outlook.com","+506.72988522","","","","","","","","","","","","fast1.alojamientowp.com","fast2.alojamientowp.com","fast3.alojamientowp.com","","clientTransferProhibited","","",""
"82","tubarato.com","2020-05-08 20:40:11","2020-05-07","2020-05-07","2021-05-07","146","GoDaddy.com, LLC","whois.godaddy.com","http://registrar.godaddy.com","CiberComercio","CiberComercio","","","Cartago","","Costa Rica","","","","","","","","","","","","","","","","","","","","","","","","","","","","","","","","","","ns01.cashparking.com","ns02.cashparking.com","","","clientDeleteProhibited","clientRenewProhibited","clientTransferProhibited","clientUpdateProhibited"
"83","turrinegocios.com","2020-05-08 19:32:59","2020-05-06","2020-05-06","2021-05-06","1441","TurnCommerce, Inc. DBA NameBright.com","whois.namebright.com","http://www.namebright.com","Donald Fernandez","","1010-1002 P. Estudiantes","San Jose","San Jose","1010-1002","Costa Rica","donaldfcr@outlook.com","+506.50070000","","Donald Fernandez","","1010-1002 P. Estudiantes","San Jose","San Jose","1010-1002","Costa Rica","donaldfcr@outlook.com","+506.50070000","","Donald Fernandez","","1010-1002 P. Estudiantes","San Jose","San Jose","1010-1002","Costa Rica","donaldfcr@outlook.com","+506.50070000","","","","","","","","","","","","ns1.namebrightdns.com","ns2.namebrightdns.com","","","clientTransferProhibited","","",""
"84","ultimosdiasdeluz.com","2020-05-08 21:15:22","2020-05-06","2020-05-06","2022-05-06","146","GoDaddy.com, LLC","whois.godaddy.com","http://registrar.godaddy.com","","","","","San Jose","","Costa Rica","","","","","","","","","","","","","","","","","","","","","","","","","","","","","","","","","","ns53.domaincontrol.com","ns54.domaincontrol.com","","","clientDeleteProhibited","clientRenewProhibited","clientTransferProhibited","clientUpdateProhibited"
"85","unionmipymes.com","2020-05-08 21:13:51","2020-05-06","2020-05-06","2021-05-06","146","GoDaddy.com, LLC","whois.godaddy.com","http://registrar.godaddy.com","ROGER ALEXANDER LINO","ROGER ALEXANDER LINO","","","San Jose","","Costa Rica","","","","","","","","","","","","","","","","","","","","","","","","","","","","","","","","","","ns37.domaincontrol.com","ns38.domaincontrol.com","","","clientDeleteProhibited","clientRenewProhibited","clientTransferProhibited","clientUpdateProhibited"
"86","vanessatorresg.com","2020-05-08 20:18:47","2020-05-06","2020-05-06","2021-05-06","146","GoDaddy.com, LLC","whois.godaddy.com","http://registrar.godaddy.com","SITCR.S.A.","SITCR.S.A.","","","San Jose","","Costa Rica","","","","","","","","","","","","","","","","","","","","","","","","","","","","","","","","","","ns4023.websitewelcome.com","ns4024.websitewelcome.com","","","clientDeleteProhibited","clientRenewProhibited","clientTransferProhibited","clientUpdateProhibited"
"87","vitapurisima.com","2020-05-08 20:01:07","2020-05-06","2020-05-06","2021-05-06","146","GoDaddy.com, LLC","whois.godaddy.com","http://registrar.godaddy.com","Vita Purisima","Vita Purisima","","","soltero","","Costa Rica","","","","","","","","","","","","","","","","","","","","","","","","","","","","","","","","","","ns53.domaincontrol.com","ns54.domaincontrol.com","","","clientDeleteProhibited","clientRenewProhibited","clientTransferProhibited","clientUpdateProhibited"
"88","xn--juntosespaa-beb.com","2020-05-08 20:54:38","2020-05-07","2020-05-07","2021-05-07","146","GoDaddy.com, LLC","whois.godaddy.com","http://registrar.godaddy.com","Asuaire","Asuaire","","","FL","","Costa Rica","","","","","","","","","","","","","","","","","","","","","","","","","","","","","","","","","","ns11.domaincontrol.com","ns12.domaincontrol.com","","","clientDeleteProhibited","clientRenewProhibited","clientTransferProhibited","clientUpdateProhibited"
"89","xprsnow.com","2020-05-08 19:24:33","2020-05-07","2020-05-07","2021-05-07","146","GoDaddy.com, LLC","whois.godaddy.com","http://registrar.godaddy.com","","","","","San Jose","","Costa Rica","","","","","","","","","","","","","","","","","","","","","","","","","","","","","","","","","","ns75.domaincontrol.com","ns76.domaincontrol.com","","","clientDeleteProhibited","clientRenewProhibited","clientTransferProhibited","clientUpdateProhibited"
"90","yurikashop.com","2020-05-08 21:02:17","2020-05-07","2020-05-07","2021-05-07","146","GoDaddy.com, LLC","whois.godaddy.com","http://registrar.godaddy.com","Yurika Studio","Yurika Studio","","","Moravia","","Costa Rica","","","","","","","","","","","","","","","","","","","","","","","","","","","","","","","","","","ns75.domaincontrol.com","ns76.domaincontrol.com","","","clientDeleteProhibited","clientRenewProhibited","clientTransferProhibited","clientUpdateProhibited"