"num","domain_name","query_time","create_date","update_date","expiry_date","domain_registrar_id","domain_registrar_name","domain_registrar_whois","domain_registrar_url","registrant_name","registrant_company","registrant_address","registrant_city","registrant_state","registrant_zip","registrant_country","registrant_email","registrant_phone","registrant_fax","administrative_name","administrative_company","administrative_address","administrative_city","administrative_state","administrative_zip","administrative_country","administrative_email","administrative_phone","administrative_fax","technical_name","technical_company","technical_address","technical_city","technical_state","technical_zip","technical_country","technical_email","technical_phone","technical_fax","billing_name","billing_company","billing_address","billing_city","billing_state","billing_zip","billing_country","billing_email","billing_phone","billing_fax","name_server_1","name_server_2","name_server_3","name_server_4","domain_status_1","domain_status_2","domain_status_3","domain_status_4"
"1","233gifts.com","2020-05-08 20:40:15","2020-05-07","2020-05-07","2021-05-07","69","Tucows Domains Inc.","whois.tucows.com","http://domainhelp.opensrs.net","REDACTED FOR PRIVACY","REDACTED FOR PRIVACY","REDACTED FOR PRIVACY","REDACTED FOR PRIVACY","XX","REDACTED FOR PRIVACY","Ghana","","REDACTED FOR PRIVACY","REDACTED FOR PRIVACY","REDACTED FOR PRIVACY","REDACTED FOR PRIVACY","REDACTED FOR PRIVACY","REDACTED FOR PRIVACY","REDACTED FOR PRIVACY","REDACTED FOR PRIVACY","REDACTED FOR PRIVACY","","REDACTED FOR PRIVACY","REDACTED FOR PRIVACY","REDACTED FOR PRIVACY","REDACTED FOR PRIVACY","REDACTED FOR PRIVACY","REDACTED FOR PRIVACY","REDACTED FOR PRIVACY","REDACTED FOR PRIVACY","REDACTED FOR PRIVACY","","REDACTED FOR PRIVACY","REDACTED FOR PRIVACY","","","","","","","","","","","ns1.siteground161.com","ns2.siteground161.com","","","clientTransferProhibited","clientUpdateProhibited","",""
"2","24hourssports.com","2020-05-08 19:30:34","2020-05-07","2020-05-07","2021-05-07","303","PDR Ltd. d/b/a PublicDomainRegistry.com","whois.publicdomainregistry.com","http://www.publicdomainregistry.com","opoku isaac","","Asuoyeboah","tepa","Ashanti","43","Ghana","nimfourisaacopoku@gmail.com","+233.240858481","","opoku isaac","","Asuoyeboah","tepa","Ashanti","43","Ghana","nimfourisaacopoku@gmail.com","+233.240858481","","opoku isaac","","Asuoyeboah","tepa","Ashanti","43","Ghana","nimfourisaacopoku@gmail.com","+233.240858481","","","","","","","","","","","","ns5.stormerhost.com","ns6.stormerhost.com","ns7.stormerhost.com","ns8.stormerhost.com","clientTransferProhibited","","",""
"3","5fingerscatering.com","2020-05-08 19:40:58","2020-05-07","2020-05-07","2021-05-07","303","PDR Ltd. d/b/a PublicDomainRegistry.com","whois.publicdomainregistry.com","http://www.publicdomainregistry.com","Stephen Kissi","STEK I.T","P.O.Box 10919","Accra","Greater Accra","233","Ghana","stephenkissiappiah@yahoo.com","+233.248218481","","Stephen Kissi","STEK I.T","P.O.Box 10919","Accra","Greater Accra","233","Ghana","stephenkissiappiah@yahoo.com","+233.248218481","","Stephen Kissi","STEK I.T","P.O.Box 10919","Accra","Greater Accra","233","Ghana","stephenkissiappiah@yahoo.com","+233.248218481","","","","","","","","","","","","ns3.stormerhost.com","ns4.stormerhost.com","","","clientTransferProhibited","","",""
"4","africangiftbasket.com","2020-05-08 19:22:31","2020-05-07","2020-05-07","2021-05-07","146","GoDaddy.com, LLC","whois.godaddy.com","http://registrar.godaddy.com","","","","","Greater Accra Region","","Ghana","","","","","","","","","","","","","","","","","","","","","","","","","","","","","","","","","","ns35.domaincontrol.com","ns36.domaincontrol.com","","","clientDeleteProhibited","clientRenewProhibited","clientTransferProhibited","clientUpdateProhibited"
"5","ajhtm.com","2020-05-08 19:54:41","2020-05-07","2020-05-07","2021-05-07","303","PDR Ltd. d/b/a PublicDomainRegistry.com","whois.publicdomainregistry.com","http://www.publicdomainregistry.com","Anthony","tonemmultitech","box 123","cape coast","Central","23233","Ghana","tonemmultitech@gmail.com","+233.209207775","","Anthony","tonemmultitech","box 123","cape coast","Central","23233","Ghana","tonemmultitech@gmail.com","+233.209207775","","Anthony","tonemmultitech","box 123","cape coast","Central","23233","Ghana","tonemmultitech@gmail.com","+233.209207775","","","","","","","","","","","","ns1.cykob.com","ns2.cykob.com","ns3.cykob.com","ns4.cykob.com","clientTransferProhibited","","",""
"6","alliedglobalsecurity.com","2020-05-08 20:33:55","2020-05-07","2020-05-07","2021-05-07","146","GoDaddy.com, LLC","whois.godaddy.com","http://registrar.godaddy.com","","","","","Greater Accra","","Ghana","","","","","","","","","","","","","","","","","","","","","","","","","","","","","","","","","","ns53.domaincontrol.com","ns54.domaincontrol.com","","","clientDeleteProhibited","clientRenewProhibited","clientTransferProhibited","clientUpdateProhibited"
"7","amandaclintonministries.com","2020-05-08 20:40:26","2020-05-07","2020-05-07","2021-05-07","303","PDR Ltd. d/b/a PublicDomainRegistry.com","whois.publicdomainregistry.com","http://www.publicdomainregistry.com","Amanda Clinton Clinton","Amanda Clinton Global","8 Heming Road","Edgware","London","HA8 9AE","Ghana","amandamclinton@gmail.com","+233.272522695","","Amanda Clinton Clinton","Amanda Clinton Global","8 Heming Road","Edgware","London","HA8 9AE","Ghana","amandamclinton@gmail.com","+233.272522695","","Amanda Clinton Clinton","Amanda Clinton Global","8 Heming Road","Edgware","London","HA8 9AE","Ghana","amandamclinton@gmail.com","+233.272522695","","","","","","","","","","","","ns1.dns-parking.com","ns2.dns-parking.com","","","clientTransferProhibited","","",""
"8","aquaspringghana.com","2020-05-08 19:59:50","2020-05-07","2020-05-07","2021-05-07","146","GoDaddy.com, LLC","whois.godaddy.com","http://registrar.godaddy.com","JHAGAN Industry","JHAGAN Industry","","","GH","","Ghana","","","","","","","","","","","","","","","","","","","","","","","","","","","","","","","","","","ns11.domaincontrol.com","ns12.domaincontrol.com","","","clientDeleteProhibited","clientRenewProhibited","clientTransferProhibited","clientUpdateProhibited"
"9","armaikano.com","2020-05-08 19:38:29","2020-05-07","2020-05-08","2021-05-07","1479","Namesilo, LLC","whois.namesilo.com","http://www.namesilo.com","Abdallah Abdul Rashid","","P.O BOX TL384,Tamale P.O BOX TL384,Tamale","Tamale","Northern Region","233","Ghana","stephenpender6060@gmail.com","+233.233549528251","","Abdallah Abdul Rashid","","P.O BOX TL384,Tamale P.O BOX TL384,Tamale","Tamale","Northern Region","233","Ghana","stephenpender6060@gmail.com","+233.233549528251","","Abdallah Abdul Rashid","","P.O BOX TL384,Tamale P.O BOX TL384,Tamale","Tamale","Northern Region","233","Ghana","stephenpender6060@gmail.com","+233.233549528251","","","","","","","","","","","","c1.magnointernet.com","c2.magnointernet.com","","","clientTransferProhibited","","",""
"10","beauzique.com","2020-05-08 20:49:29","2020-05-07","2020-05-07","2021-05-07","303","PDR Ltd. d/b/a PublicDomainRegistry.com","whois.publicdomainregistry.com","http://www.publicdomainregistry.com","Malcolm Aaron","","17118 Library Boulevard","Ruther Gleb","","22546","Ghana","krobofind@gmail.com","+233.0505370677","","Malcolm Aaron","","17118 Library Boulevard","Ruther Gleb","","22546","Ghana","krobofind@gmail.com","+233.0505370677","","Malcolm Aaron","","17118 Library Boulevard","Ruther Gleb","","22546","Ghana","krobofind@gmail.com","+233.0505370677","","","","","","","","","","","","ns101.darrelconceptsghana.com","ns102.darrelconceptsghana.com","","","clientTransferProhibited","","",""
"11","christalivechapel.com","2020-05-08 19:55:06","2020-05-07","2020-05-07","2021-05-07","146","GoDaddy.com, LLC","whois.godaddy.com","http://registrar.godaddy.com","John Essien","John Essien","","","Ashanti","","Ghana","","","","","","","","","","","","","","","","","","","","","","","","","","","","","","","","","","ns1.ipage.com","ns2.ipage.com","","","clientDeleteProhibited","clientRenewProhibited","clientTransferProhibited","clientUpdateProhibited"
"12","christianelongue.com","2020-05-08 19:56:38","2020-05-07","2020-05-07","2021-05-07","433","OVH sas","whois.ovh.com","http://www.ovh.com","REDACTED FOR PRIVACY","","REDACTED FOR PRIVACY","REDACTED FOR PRIVACY","","REDACTED FOR PRIVACY","Ghana","wo25degpdp923chai11h@d.o-w-o.info","REDACTED FOR PRIVACY","REDACTED FOR PRIVACY","REDACTED FOR PRIVACY","REDACTED FOR PRIVACY","REDACTED FOR PRIVACY","REDACTED FOR PRIVACY","REDACTED FOR PRIVACY","REDACTED FOR PRIVACY","REDACTED FOR PRIVACY","unpl44vb0yfeh5of7hat@d.o-w-o.info","REDACTED FOR PRIVACY","REDACTED FOR PRIVACY","REDACTED FOR PRIVACY","REDACTED FOR PRIVACY","REDACTED FOR PRIVACY","REDACTED FOR PRIVACY","REDACTED FOR PRIVACY","REDACTED FOR PRIVACY","REDACTED FOR PRIVACY","unpl44vb0yfeh5of7hat@d.o-w-o.info","REDACTED FOR PRIVACY","REDACTED FOR PRIVACY","","","","","","","","","","","dns110.ovh.net","ns110.ovh.net","","","clientDeleteProhibited","clientTransferProhibited","",""
"13","circularplace.com","2020-05-08 21:06:15","2020-05-07","2020-05-07","2021-05-07","146","GoDaddy.com, LLC","whois.godaddy.com","http://registrar.godaddy.com","","","","","Accra","","Ghana","","","","","","","","","","","","","","","","","","","","","","","","","","","","","","","","","","ns37.domaincontrol.com","ns38.domaincontrol.com","","","clientDeleteProhibited","clientRenewProhibited","clientTransferProhibited","clientUpdateProhibited"
"14","debercosmetics.com","2020-05-08 20:27:42","2020-05-06","2020-05-06","2021-05-06","69","Tucows Domains Inc.","whois.tucows.com","http://domainhelp.opensrs.net","REDACTED FOR PRIVACY","REDACTED FOR PRIVACY","REDACTED FOR PRIVACY","REDACTED FOR PRIVACY","Greater Accra","REDACTED FOR PRIVACY","Ghana","","REDACTED FOR PRIVACY","REDACTED FOR PRIVACY","REDACTED FOR PRIVACY","REDACTED FOR PRIVACY","REDACTED FOR PRIVACY","REDACTED FOR PRIVACY","REDACTED FOR PRIVACY","REDACTED FOR PRIVACY","REDACTED FOR PRIVACY","","REDACTED FOR PRIVACY","REDACTED FOR PRIVACY","REDACTED FOR PRIVACY","REDACTED FOR PRIVACY","REDACTED FOR PRIVACY","REDACTED FOR PRIVACY","REDACTED FOR PRIVACY","REDACTED FOR PRIVACY","REDACTED FOR PRIVACY","","REDACTED FOR PRIVACY","REDACTED FOR PRIVACY","","","","","","","","","","","ns.inmotionhosting.com","ns2.inmotionhosting.com","","","","","",""
"15","denamatrading.com","2020-05-08 20:25:11","2020-05-06","2020-05-06","2021-05-06","69","Tucows Domains Inc.","whois.tucows.com","http://domainhelp.opensrs.net","REDACTED FOR PRIVACY","REDACTED FOR PRIVACY","REDACTED FOR PRIVACY","REDACTED FOR PRIVACY","Greater Accra","REDACTED FOR PRIVACY","Ghana","","REDACTED FOR PRIVACY","REDACTED FOR PRIVACY","REDACTED FOR PRIVACY","REDACTED FOR PRIVACY","REDACTED FOR PRIVACY","REDACTED FOR PRIVACY","REDACTED FOR PRIVACY","REDACTED FOR PRIVACY","REDACTED FOR PRIVACY","","REDACTED FOR PRIVACY","REDACTED FOR PRIVACY","REDACTED FOR PRIVACY","REDACTED FOR PRIVACY","REDACTED FOR PRIVACY","REDACTED FOR PRIVACY","REDACTED FOR PRIVACY","REDACTED FOR PRIVACY","REDACTED FOR PRIVACY","","REDACTED FOR PRIVACY","REDACTED FOR PRIVACY","","","","","","","","","","","ns.inmotionhosting.com","ns2.inmotionhosting.com","","","","","",""
"16","dimejiolaniyan.com","2020-05-08 20:59:03","2020-05-07","2020-05-07","2021-05-07","146","GoDaddy.com, LLC","whois.godaddy.com","http://registrar.godaddy.com","","","","","Accra","","Ghana","","","","","","","","","","","","","","","","","","","","","","","","","","","","","","","","","","ns11.domaincontrol.com","ns12.domaincontrol.com","","","clientDeleteProhibited","clientRenewProhibited","clientTransferProhibited","clientUpdateProhibited"
"17","diploshipping.com","2020-05-08 21:15:57","2020-05-06","2020-05-06","2021-05-06","664","Web4Africa Inc","whois.web4africa.net","http://www.web4africa.net","Garry White","","Sowutuom, Accra","Accra","Accra","00233","Ghana","diplomaticcourier.services@diplomats.com","+233.238505093","","Garry White","","Sowutuom, Accra","Accra","Accra","00233","Ghana","diplomaticcourier.services@diplomats.com","+233.238505093","","Garry White","","Sowutuom, Accra","Accra","Accra","00233","Ghana","diplomaticcourier.services@diplomats.com","+233.238505093","","","","","","","","","","","","ns1.web4africa.com","ns2.web4africa.com","ns3.web4africa.com","ns4.web4africa.com","clientTransferProhibited","","",""
"18","domesticsportsgh.com","2020-05-08 20:44:10","2020-05-07","2020-05-07","2021-05-07","303","PDR Ltd. d/b/a PublicDomainRegistry.com","whois.publicdomainregistry.com","http://www.publicdomainregistry.com","Rexford Ackah Armoo","Sun News Ghana","196 Kasoa","Accra","Greater Accra","0000","Ghana","rexarmoo@gmail.com","+233.540445474","","Rexford Ackah Armoo","Sun News Ghana","196 Kasoa","Accra","Greater Accra","0000","Ghana","rexarmoo@gmail.com","+233.540445474","","Rexford Ackah Armoo","Sun News Ghana","196 Kasoa","Accra","Greater Accra","0000","Ghana","rexarmoo@gmail.com","+233.540445474","","","","","","","","","","","","ns1.ultrahostghana.com","ns101.ultrahostghana.com","ns102.ultrahostghana.com","ns2.ultrahostghana.com","clientTransferProhibited","","",""
"19","ekelogisticsgh.com","2020-05-08 21:12:13","2020-05-06","2020-05-06","2021-05-06","146","GoDaddy.com, LLC","whois.godaddy.com","http://registrar.godaddy.com","Graphyplus","Graphyplus","","","Accra","","Ghana","","","","","","","","","","","","","","","","","","","","","","","","","","","","","","","","","","ns1.linuxsupercloud.com","ns2.linuxsupercloud.com","","","clientDeleteProhibited","clientRenewProhibited","clientTransferProhibited","clientUpdateProhibited"
"20","ensolengineering.com","2020-05-08 20:10:03","2020-05-06","2020-05-06","2021-05-06","625","Name.com, Inc.","whois.name.com","http://www.name.com","Tag Concepts","Tag Concepts","Box CT 667 Cantonments - Accra","Accra","Greater Accra","00233","Ghana","info@tagedstudio.com","+233.506993404","","Tag Concepts","Tag Concepts","Box CT 667 Cantonments - Accra","Accra","Greater Accra","00233","Ghana","info@tagedstudio.com","+233.506993404","","Tag Concepts","Tag Concepts","Box CT 667 Cantonments - Accra","Accra","Greater Accra","00233","Ghana","info@tagedstudio.com","+233.506993404","","","","","","","","","","","","ns735.websitewelcome.com","ns736.websitewelcome.com","","","addPeriod","clientTransferProhibited","",""
"21","espressoblaque.com","2020-05-08 19:36:59","2020-05-06","2020-05-06","2021-05-06","303","PDR Ltd. d/b/a PublicDomainRegistry.com","whois.publicdomainregistry.com","http://www.publicdomainregistry.com","Malcolm Aaron","","17118 Library Boulevard","Ruther Gleb","","22546","Ghana","krobofind@gmail.com","+233.0505370677","","Malcolm Aaron","","17118 Library Boulevard","Ruther Gleb","","22546","Ghana","krobofind@gmail.com","+233.0505370677","","Malcolm Aaron","","17118 Library Boulevard","Ruther Gleb","","22546","Ghana","krobofind@gmail.com","+233.0505370677","","","","","","","","","","","","ns101.darrelconceptsghana.com","ns102.darrelconceptsghana.com","","","clientTransferProhibited","","",""
"22","fasthelpersgroup.com","2020-05-08 20:00:08","2020-05-07","2020-05-07","2021-05-07","303","PDR Ltd. d/b/a PublicDomainRegistry.com","whois.publicdomainregistry.com","http://www.publicdomainregistry.com","Richard Essuman","Digital Valley","P.O. Box AD640","Cape Coast","CR","0000","Ghana","amponsa@gmail.com","+233.242545363","","Richard Essuman","Digital Valley","P.O. Box AD640","Cape Coast","CR","0000","Ghana","amponsa@gmail.com","+233.242545363","","Richard Essuman","Digital Valley","P.O. Box AD640","Cape Coast","CR","0000","Ghana","amponsa@gmail.com","+233.242545363","","","","","","","","","","","","ns1.ultrahostghana.com","ns101.ultrahostghana.com","ns102.ultrahostghana.com","ns2.ultrahostghana.com","clientTransferProhibited","","",""
"23","fedestbuy.com","2020-05-08 20:53:35","2020-05-07","2020-05-07","2021-05-07","303","PDR Ltd. d/b/a PublicDomainRegistry.com","whois.publicdomainregistry.com","http://www.publicdomainregistry.com","Fedest Ghana","","16 farmers avenue","Accra","Spintex","020","Ghana","fedestghana@gmail.com","+233.267153796","","Fedest Ghana","","16 farmers avenue","Accra","Spintex","020","Ghana","fedestghana@gmail.com","+233.267153796","","Fedest Ghana","","16 farmers avenue","Accra","Spintex","020","Ghana","fedestghana@gmail.com","+233.267153796","","","","","","","","","","","","ns3.stormerhost.com","ns4.stormerhost.com","","","clientTransferProhibited","","",""
"24","ghanatechdaily.com","2020-05-08 20:38:46","2020-05-07","2020-05-08","2021-05-07","1479","Namesilo, LLC","whois.namesilo.com","http://www.namesilo.com","Enam Kumi","","Gbawe Accra","Accra","None (International)","233","Ghana","teamdigijag@gmail.com","+233.0243706059","","Enam Kumi","","Gbawe Accra","Accra","None (International)","233","Ghana","teamdigijag@gmail.com","+233.0243706059","","Enam Kumi","","Gbawe Accra","Accra","None (International)","233","Ghana","teamdigijag@gmail.com","+233.0243706059","","","","","","","","","","","","ns1.accraconnect.net","ns2.accraconnect.net","","","clientTransferProhibited","","",""
"25","ghonenews.com","2020-05-08 19:38:53","2020-05-07","2020-05-07","2021-05-07","303","PDR Ltd. d/b/a PublicDomainRegistry.com","whois.publicdomainregistry.com","http://www.publicdomainregistry.com","Solomon Baidoo","Kofi Atinka Business Ventures","Assin Foso Mempeasem Azadotse street Assin Foso","Assin Foso","Assin Central","167","Ghana","baidoonews@gmail.com","+233.242493721","","Solomon Baidoo","Kofi Atinka Business Ventures","Assin Foso Mempeasem Azadotse street Assin Foso","Assin Foso","Assin Central","167","Ghana","baidoonews@gmail.com","+233.242493721","","Solomon Baidoo","Kofi Atinka Business Ventures","Assin Foso Mempeasem Azadotse street Assin Foso","Assin Foso","Assin Central","167","Ghana","baidoonews@gmail.com","+233.242493721","","","","","","","","","","","","ns5.stormerhost.com","ns6.stormerhost.com","ns7.stormerhost.com","ns8.stormerhost.com","clientTransferProhibited","","",""
"26","gigpharmacyinc.com","2020-05-08 20:47:07","2020-05-07","2020-05-07","2022-05-07","146","GoDaddy.com, LLC","whois.godaddy.com","http://registrar.godaddy.com","Four Thirteen Digital Studios","Four Thirteen Digital Studios","","","Greater Accra Region","","Ghana","","","","","","","","","","","","","","","","","","","","","","","","","","","","","","","","","","ns11.domaincontrol.com","ns12.domaincontrol.com","","","clientDeleteProhibited","clientRenewProhibited","clientTransferProhibited","clientUpdateProhibited"
"27","goterk.com","2020-05-08 20:01:03","2020-05-06","2020-05-07","2021-05-06","1479","Namesilo, LLC","whois.namesilo.com","http://www.namesilo.com","Francis Abu Bonsrah","","Plt 45 Blk Q Gyinyase","Kumasi","Ashanti","00233","Ghana","fabubonsrahgh@gmail.com","+233.203484034","","Francis Abu Bonsrah","","Plt 45 Blk Q Gyinyase","Kumasi","Ashanti","00233","Ghana","fabubonsrahgh@gmail.com","+233.203484034","","Francis Abu Bonsrah","","Plt 45 Blk Q Gyinyase","Kumasi","Ashanti","00233","Ghana","fabubonsrahgh@gmail.com","+233.203484034","","","","","","","","","","","","ns1.nakroteck.net","ns2.nakroteck.net","","","clientTransferProhibited","","",""
"28","hazelnurt.com","2020-05-08 20:45:33","2020-05-07","2020-05-07","2021-05-07","146","GoDaddy.com, LLC","whois.godaddy.com","http://registrar.godaddy.com","","","","","Greater Accra","","Ghana","","","","","","","","","","","","","","","","","","","","","","","","","","","","","","","","","","ns11.domaincontrol.com","ns12.domaincontrol.com","","","clientDeleteProhibited","clientRenewProhibited","clientTransferProhibited","clientUpdateProhibited"
"29","henrynarhandassociates.com","2020-05-08 19:40:23","2020-05-07","2020-05-07","2021-05-07","303","PDR Ltd. d/b/a PublicDomainRegistry.com","whois.publicdomainregistry.com","http://www.publicdomainregistry.com","Henry  Narh","Henry Narh & Associates","AU Road, Community five, Tema","Tema","Tema, Greater Accra","00233","Ghana","henrienarh@gmail.com","+233.276238711","","Henry  Narh","Henry Narh & Associates","AU Road, Community five, Tema","Tema","Tema, Greater Accra","00233","Ghana","henrienarh@gmail.com","+233.276238711","","Henry  Narh","Henry Narh & Associates","AU Road, Community five, Tema","Tema","Tema, Greater Accra","00233","Ghana","henrienarh@gmail.com","+233.276238711","","","","","","","","","","","","ns3.stormerhost.com","ns4.stormerhost.com","","","clientTransferProhibited","","",""
"30","jandjcollection.com","2020-05-08 19:55:55","2020-05-07","2020-05-07","2021-05-07","303","PDR Ltd. d/b/a PublicDomainRegistry.com","whois.publicdomainregistry.com","http://www.publicdomainregistry.com","Frank Kwarteng","JayCollection","P.O Box 745 DK","Accra","Accra","00233","Ghana","f.kwarteng4296@gmail.com","+233.243259464","","Frank Kwarteng","JayCollection","P.O Box 745 DK","Accra","Accra","00233","Ghana","f.kwarteng4296@gmail.com","+233.243259464","","Frank Kwarteng","JayCollection","P.O Box 745 DK","Accra","Accra","00233","Ghana","f.kwarteng4296@gmail.com","+233.243259464","","","","","","","","","","","","ns1.ultrahostghana.com","ns101.ultrahostghana.com","ns102.ultrahostghana.com","ns2.ultrahostghana.com","clientTransferProhibited","","",""
"31","jeemenzshipping.com","2020-05-08 19:55:51","2020-05-07","2020-05-07","2021-05-07","303","PDR Ltd. d/b/a PublicDomainRegistry.com","whois.publicdomainregistry.com","http://www.publicdomainregistry.com","Prince Gabriel Johnson","Jeemenzshipping","MBO 378, Accra Ministries CG17605274","Kasoa","CENTRAL","Male","Ghana","princegabrieljohnson95@outlook.com","+233.552310053","","Prince Gabriel Johnson","Jeemenzshipping","MBO 378, Accra Ministries CG17605274","Kasoa","CENTRAL","Male","Ghana","princegabrieljohnson95@outlook.com","+233.552310053","","Prince Gabriel Johnson","Jeemenzshipping","MBO 378, Accra Ministries CG17605274","Kasoa","CENTRAL","Male","Ghana","princegabrieljohnson95@outlook.com","+233.552310053","","","","","","","","","","","","ns3.stormerhost.com","ns4.stormerhost.com","","","clientTransferProhibited","","",""
"32","joolawfirm.com","2020-05-08 19:19:44","2020-05-07","2020-05-07","2021-05-07","303","PDR Ltd. d/b/a PublicDomainRegistry.com","whois.publicdomainregistry.com","http://www.publicdomainregistry.com","Jason smith","Jason smith","p.o.box 13","kannasas","lar","4364","Ghana","jasonmith2013@gmail.com","+44.7545666","","Jason smith","Jason smith","p.o.box 13","kannasas","lar","4364","Ghana","jasonmith2013@gmail.com","+44.7545666","","Jason smith","Jason smith","p.o.box 13","kannasas","lar","4364","Ghana","jasonmith2013@gmail.com","+44.7545666","","","","","","","","","","","","ns1.dns-parking.com","ns2.dns-parking.com","","","clientTransferProhibited","","",""
"33","kotilyrics.com","2020-05-08 21:06:04","2020-05-07","2020-05-07","2021-05-07","146","GoDaddy.com, LLC","whois.godaddy.com","http://registrar.godaddy.com","","","","","West Africa","","Ghana","","","","","","","","","","","","","","","","","","","","","","","","","","","","","","","","","","hans.ns.cloudflare.com","rihana.ns.cloudflare.com","","","clientDeleteProhibited","clientRenewProhibited","clientTransferProhibited","clientUpdateProhibited"
"34","kupastationery.com","2020-05-08 21:20:46","2020-05-06","2020-05-06","2021-05-06","303","PDR Ltd. d/b/a PublicDomainRegistry.com","whois.publicdomainregistry.com","http://www.publicdomainregistry.com","Enoch Otoo","Xpress I.t Consult","Dansoman Russia Road","Accra","Greater Accra","23321","Ghana","ayamsmoke@gmail.com","+233.248099067","","Enoch Otoo","Xpress I.t Consult","Dansoman Russia Road","Accra","Greater Accra","23321","Ghana","ayamsmoke@gmail.com","+233.248099067","","Enoch Otoo","Xpress I.t Consult","Dansoman Russia Road","Accra","Greater Accra","23321","Ghana","ayamsmoke@gmail.com","+233.248099067","","","","","","","","","","","","ns3.stormerhost.com","ns4.stormerhost.com","","","clientTransferProhibited","","",""
"35","linkgatesconsult.com","2020-05-08 20:00:22","2020-05-06","2020-05-06","2021-05-06","303","PDR Ltd. d/b/a PublicDomainRegistry.com","whois.publicdomainregistry.com","http://www.publicdomainregistry.com","Erdene Leven","Erdene Leven","10 Ulan Street","Accra","Greater Accra","0000","Ghana","erdeneleven@outlook.com","+233.55555555","","Erdene Leven","Erdene Leven","10 Ulan Street","Accra","Greater Accra","0000","Ghana","erdeneleven@outlook.com","+233.55555555","","Erdene Leven","Erdene Leven","10 Ulan Street","Accra","Greater Accra","0000","Ghana","erdeneleven@outlook.com","+233.55555555","","","","","","","","","","","","ns1.ultrahostghana.com","ns101.ultrahostghana.com","ns102.ultrahostghana.com","ns2.ultrahostghana.com","clientTransferProhibited","","",""
"36","macropremiumconsult.com","2020-05-08 20:40:00","2020-05-07","","2021-05-07","1068","NameCheap, Inc.","whois.namecheap.com","http://www.namecheap.com","Felix Nyarko","Macro Premium Consult","P. O. Box MC 3070","Takoradi","Western","+233","Ghana","felixnyarko145@gmail.com","+233.0555027111","","Felix Nyarko","Macro Premium Consult","P. O. Box MC 3070","Takoradi","Western","+233","Ghana","felixnyarko145@gmail.com","+233.0555027111","","Felix Nyarko","Macro Premium Consult","P. O. Box MC 3070","Takoradi","Western","+233","Ghana","felixnyarko145@gmail.com","+233.0555027111","","","","","","","","","","","","dns1.registrar-servers.com","dns2.registrar-servers.com","","","addPeriod","clientTransferProhibited","",""
"37","makerevoltd.com","2020-05-08 19:51:12","2020-05-07","2020-05-07","2021-05-07","303","PDR Ltd. d/b/a PublicDomainRegistry.com","whois.publicdomainregistry.com","http://www.publicdomainregistry.com","Anthony","tonemmultitech","box 123","cape coast","Central","23233","Ghana","tonemmultitech@gmail.com","+233.209207775","","Anthony","tonemmultitech","box 123","cape coast","Central","23233","Ghana","tonemmultitech@gmail.com","+233.209207775","","Anthony","tonemmultitech","box 123","cape coast","Central","23233","Ghana","tonemmultitech@gmail.com","+233.209207775","","","","","","","","","","","","dns1.tonemwebhosting.com","dns2.tonemwebhosting.com","","","clientTransferProhibited","","",""
"38","maxigoldrealestate.com","2020-05-08 20:47:56","2020-05-07","2020-05-07","2021-05-07","303","PDR Ltd. d/b/a PublicDomainRegistry.com","whois.publicdomainregistry.com","http://www.publicdomainregistry.com","PRINCE ADU","PBWEB SOLUTIONS","BOX 5114 KUMASI BOX 1480 KUMASI","KUMASI","GHANA","00233","Ghana","contactpbgospel@gmail.com","+233.244924513","","PRINCE ADU","PBWEB SOLUTIONS","BOX 5114 KUMASI BOX 1480 KUMASI","KUMASI","GHANA","00233","Ghana","contactpbgospel@gmail.com","+233.244924513","","PRINCE ADU","PBWEB SOLUTIONS","BOX 5114 KUMASI BOX 1480 KUMASI","KUMASI","GHANA","00233","Ghana","contactpbgospel@gmail.com","+233.244924513","","","","","","","","","","","","ns1.ovationstores.com","ns2.ovationstores.com","","","clientTransferProhibited","","",""
"39","mietelsolutions.com","2020-05-08 20:49:00","2020-05-07","2020-05-07","2021-05-07","303","PDR Ltd. d/b/a PublicDomainRegistry.com","whois.publicdomainregistry.com","http://www.publicdomainregistry.com","Courage Smith","MIETEL SOLUTIONS","Accra Ringroad","Accra","Accra","233","Ghana","couragesmith@gmail.com","+233.244213353","","Courage Smith","MIETEL SOLUTIONS","Accra Ringroad","Accra","Accra","233","Ghana","couragesmith@gmail.com","+233.244213353","","Courage Smith","MIETEL SOLUTIONS","Accra Ringroad","Accra","Accra","233","Ghana","couragesmith@gmail.com","+233.244213353","","","","","","","","","","","","ns10.darrelconceptsghana.com","ns4.darrelconceptsghana.com","ns7.darrelconceptsghana.com","ns9.darrelconceptsghana.com","clientTransferProhibited","","",""
"40","mmdoilandgas.com","2020-05-08 19:55:59","2020-05-07","2020-05-07","2021-05-07","625","Name.com, Inc.","whois.name.com","http://www.name.com","smollett Osae","Online media Ghana LLC","box 172","Nsawam","eatern region","00233","Ghana","support@omghlimited.com","+233.207537466x28954663","","smollett Osae","Online media Ghana LLC","box 172","Nsawam","eatern region","00233","Ghana","support@omghlimited.com","+233.207537466x28954663","","smollett Osae","Online media Ghana LLC","box 172","Nsawam","eatern region","00233","Ghana","support@omghlimited.com","+233.207537466x28954663","","","","","","","","","","","","ns1.ihostuk.com","ns2.ihostuk.com","","","addPeriod","clientTransferProhibited","",""
"41","mnfantinqueandgold.com","2020-05-08 19:48:40","2020-05-07","2020-05-07","2021-05-07","146","GoDaddy.com, LLC","whois.godaddy.com","http://registrar.godaddy.com","","","","","Greater Accra","","Ghana","","","","","","","","","","","","","","","","","","","","","","","","","","","","","","","","","","ns35.domaincontrol.com","ns36.domaincontrol.com","","","clientDeleteProhibited","clientRenewProhibited","clientTransferProhibited","clientUpdateProhibited"
"42","musikwaves.net","2020-05-09 00:31:24","2020-05-07","2020-05-07","2021-05-07","303","PDR Ltd. d/b/a PublicDomainRegistry.com","whois.publicdomainregistry.com","http://www.publicdomainregistry.com","Daniel Mort","","Bolgatanga Box 285 Kongo","Bolgatanga","Upper East Region","400003","Ghana","mortdanielyen5@gmail.com","+233.200008011","","Daniel Mort","","Bolgatanga Box 285 Kongo","Bolgatanga","Upper East Region","400003","Ghana","mortdanielyen5@gmail.com","+233.200008011","","Daniel Mort","","Bolgatanga Box 285 Kongo","Bolgatanga","Upper East Region","400003","Ghana","mortdanielyen5@gmail.com","+233.200008011","","","","","","","","","","","","ns3.stormerhost.com","ns4.stormerhost.com","","","clientTransferProhibited","","",""
"43","myestatecontrol.com","2020-05-08 19:55:03","2020-05-07","2020-05-07","2021-05-07","886","Domain.com, LLC","whois.domain.com","http://www.domain.com","REDACTED FOR PRIVACY","REDACTED FOR PRIVACY","REDACTED FOR PRIVACY","REDACTED FOR PRIVACY","NA","REDACTED FOR PRIVACY","Ghana","","REDACTED FOR PRIVACY","REDACTED FOR PRIVACY","REDACTED FOR PRIVACY","REDACTED FOR PRIVACY","REDACTED FOR PRIVACY","REDACTED FOR PRIVACY","REDACTED FOR PRIVACY","REDACTED FOR PRIVACY","REDACTED FOR PRIVACY","","REDACTED FOR PRIVACY","REDACTED FOR PRIVACY","REDACTED FOR PRIVACY","REDACTED FOR PRIVACY","REDACTED FOR PRIVACY","REDACTED FOR PRIVACY","REDACTED FOR PRIVACY","REDACTED FOR PRIVACY","REDACTED FOR PRIVACY","","REDACTED FOR PRIVACY","REDACTED FOR PRIVACY","","","","","","","","","","","ns1.ipage.com","ns2.ipage.com","","","","","",""
"44","myhorme.com","2020-05-08 19:55:37","2020-05-07","2020-05-07","2021-05-07","146","GoDaddy.com, LLC","whois.godaddy.com","http://registrar.godaddy.com","","","","","Bono region","","Ghana","","","","","","","","","","","","","","","","","","","","","","","","","","","","","","","","","","ns53.domaincontrol.com","ns54.domaincontrol.com","","","clientDeleteProhibited","clientRenewProhibited","clientTransferProhibited","clientUpdateProhibited"
"45","myooverse.com","2020-05-08 20:55:01","2020-05-07","2020-05-07","2021-05-07","146","GoDaddy.com, LLC","whois.godaddy.com","http://registrar.godaddy.com","","","","","Ashanti","","Ghana","","","","","","","","","","","","","","","","","","","","","","","","","","","","","","","","","","ns75.domaincontrol.com","ns76.domaincontrol.com","","","clientDeleteProhibited","clientRenewProhibited","clientTransferProhibited","clientUpdateProhibited"
"46","nationalfoodprogram.com","2020-05-08 19:58:38","2020-05-07","2020-05-07","2021-05-07","146","GoDaddy.com, LLC","whois.godaddy.com","http://registrar.godaddy.com","","","","","AL","","Ghana","","","","","","","","","","","","","","","","","","","","","","","","","","","","","","","","","","ns11.domaincontrol.com","ns12.domaincontrol.com","","","clientDeleteProhibited","clientRenewProhibited","clientTransferProhibited","clientUpdateProhibited"
"47","odartstevedore.com","2020-05-08 19:38:56","2020-05-07","2020-05-07","2021-05-07","146","GoDaddy.com, LLC","whois.godaddy.com","http://registrar.godaddy.com","","","","","GHANA","","Ghana","","","","","","","","","","","","","","","","","","","","","","","","","","","","","","","","","","ns53.domaincontrol.com","ns54.domaincontrol.com","","","clientDeleteProhibited","clientRenewProhibited","clientTransferProhibited","clientUpdateProhibited"
"48","printforcepos.com","2020-05-08 19:39:16","2020-05-07","2020-05-07","2021-05-07","1472","LiquidNet Ltd.","whois.liquidnetlimited.com","http://www.liquidnetlimited.com","REDACTED FOR PRIVACY","REDACTED FOR PRIVACY","REDACTED FOR PRIVACY","REDACTED FOR PRIVACY","NORTHERN REGION","REDACTED FOR PRIVACY","Ghana","","REDACTED FOR PRIVACY","REDACTED FOR PRIVACY","REDACTED FOR PRIVACY","REDACTED FOR PRIVACY","REDACTED FOR PRIVACY","REDACTED FOR PRIVACY","REDACTED FOR PRIVACY","REDACTED FOR PRIVACY","REDACTED FOR PRIVACY","","REDACTED FOR PRIVACY","REDACTED FOR PRIVACY","REDACTED FOR PRIVACY","REDACTED FOR PRIVACY","REDACTED FOR PRIVACY","REDACTED FOR PRIVACY","REDACTED FOR PRIVACY","REDACTED FOR PRIVACY","REDACTED FOR PRIVACY","","REDACTED FOR PRIVACY","REDACTED FOR PRIVACY","","","","","","","","","","","dns1.supremedns.com","dns2.supremedns.com","dns3.supremedns.com","dns4.supremedns.com","clientTransferProhibited","","",""
"49","relationshipwithjesus.com","2020-05-08 20:39:49","2020-05-07","2020-05-07","2021-05-07","303","PDR Ltd. d/b/a PublicDomainRegistry.com","whois.publicdomainregistry.com","http://www.publicdomainregistry.com","Amanda Clinton Clinton","Amanda Clinton Global","8 Heming Road","Edgware","London","HA8 9AE","Ghana","amandamclinton@gmail.com","+233.272522695","","Amanda Clinton Clinton","Amanda Clinton Global","8 Heming Road","Edgware","London","HA8 9AE","Ghana","amandamclinton@gmail.com","+233.272522695","","Amanda Clinton Clinton","Amanda Clinton Global","8 Heming Road","Edgware","London","HA8 9AE","Ghana","amandamclinton@gmail.com","+233.272522695","","","","","","","","","","","","ns1.dns-parking.com","ns2.dns-parking.com","","","clientTransferProhibited","","",""
"50","reonghana.com","2020-05-08 20:44:05","2020-05-07","2020-05-07","2021-05-07","303","PDR Ltd. d/b/a PublicDomainRegistry.com","whois.publicdomainregistry.com","http://www.publicdomainregistry.com","Ephraim Arthur","Socialbost","Box 79 Tarkwa Western Region, Ghana","Tarkwa","Western Region","0000","Ghana","socialbost@gmail.com","+233.553815584","","Ephraim Arthur","Socialbost","Box 79 Tarkwa Western Region, Ghana","Tarkwa","Western Region","0000","Ghana","socialbost@gmail.com","+233.553815584","","Ephraim Arthur","Socialbost","Box 79 Tarkwa Western Region, Ghana","Tarkwa","Western Region","0000","Ghana","socialbost@gmail.com","+233.553815584","","","","","","","","","","","","ns1.ultrahostghana.com","ns101.ultrahostghana.com","ns102.ultrahostghana.com","ns2.ultrahostghana.com","clientTransferProhibited","","",""
"51","rscbanking.com","2020-05-08 20:34:23","2020-05-07","2020-05-07","2021-05-07","303","PDR Ltd. d/b/a PublicDomainRegistry.com","whois.publicdomainregistry.com","http://www.publicdomainregistry.com","Joseph Quaye","JOELIZY TECH","Akweiman Link Dansoman Old Police Station","Greater-Accra","Accra","00233","Ghana","joelizytech@gmail.com","+233.240115265","","Joseph Quaye","JOELIZY TECH","Akweiman Link Dansoman Old Police Station","Greater-Accra","Accra","00233","Ghana","joelizytech@gmail.com","+233.240115265","","Joseph Quaye","JOELIZY TECH","Akweiman Link Dansoman Old Police Station","Greater-Accra","Accra","00233","Ghana","joelizytech@gmail.com","+233.240115265","","","","","","","","","","","","dns1.namecheaphosting.com","dns2.namecheaphosting.com","","","clientTransferProhibited","","",""
"52","s-dasshipping.com","2020-05-08 20:01:22","2020-05-06","2020-05-06","2021-05-06","146","GoDaddy.com, LLC","whois.godaddy.com","http://registrar.godaddy.com","","","","","Greater Accra","","Ghana","","","","","","","","","","","","","","","","","","","","","","","","","","","","","","","","","","dns1.ogdwebhost.com","dns2.ogdwebhost.com","","","clientDeleteProhibited","clientRenewProhibited","clientTransferProhibited","clientUpdateProhibited"
"53","saggersdirection.com","2020-05-08 19:27:45","2020-05-07","2020-05-07","2021-05-07","69","Tucows Domains Inc.","whois.tucows.com","http://domainhelp.opensrs.net","REDACTED FOR PRIVACY","REDACTED FOR PRIVACY","REDACTED FOR PRIVACY","REDACTED FOR PRIVACY","XX","REDACTED FOR PRIVACY","Ghana","","REDACTED FOR PRIVACY","REDACTED FOR PRIVACY","REDACTED FOR PRIVACY","REDACTED FOR PRIVACY","REDACTED FOR PRIVACY","REDACTED FOR PRIVACY","REDACTED FOR PRIVACY","REDACTED FOR PRIVACY","REDACTED FOR PRIVACY","","REDACTED FOR PRIVACY","REDACTED FOR PRIVACY","REDACTED FOR PRIVACY","REDACTED FOR PRIVACY","REDACTED FOR PRIVACY","REDACTED FOR PRIVACY","REDACTED FOR PRIVACY","REDACTED FOR PRIVACY","REDACTED FOR PRIVACY","","REDACTED FOR PRIVACY","REDACTED FOR PRIVACY","","","","","","","","","","","ns1.usm106.siteground.biz","ns2.usm106.siteground.biz","","","clientTransferProhibited","clientUpdateProhibited","",""
"54","samahaonline.com","2020-05-08 20:41:19","2020-05-07","2020-05-07","2021-05-07","146","GoDaddy.com, LLC","whois.godaddy.com","http://registrar.godaddy.com","Samahaonline","Samahaonline","","","Ghana","","Ghana","","","","","","","","","","","","","","","","","","","","","","","","","","","","","","","","","","ns11.domaincontrol.com","ns12.domaincontrol.com","","","clientDeleteProhibited","clientRenewProhibited","clientTransferProhibited","clientUpdateProhibited"
"55","seysmithattorneys.com","2020-05-08 19:41:08","2020-05-07","2020-05-07","2021-05-07","146","GoDaddy.com, LLC","whois.godaddy.com","http://registrar.godaddy.com","","","","","Greater Accra","","Ghana","","","","","","","","","","","","","","","","","","","","","","","","","","","","","","","","","","ns37.domaincontrol.com","ns38.domaincontrol.com","","","clientDeleteProhibited","clientRenewProhibited","clientTransferProhibited","clientUpdateProhibited"
"56","sfacompanyltd.com","2020-05-08 20:09:09","2020-05-06","2020-05-06","2021-05-06","146","GoDaddy.com, LLC","whois.godaddy.com","http://registrar.godaddy.com","","","","","Greater Accra Region","","Ghana","","","","","","","","","","","","","","","","","","","","","","","","","","","","","","","","","","ns1.dreamhost.com","ns2.dreamhost.com","ns3.dreamhost.com","","clientDeleteProhibited","clientRenewProhibited","clientTransferProhibited","clientUpdateProhibited"
"57","skidemy.com","2020-05-08 19:54:05","2020-05-07","2020-05-07","2021-05-07","303","PDR Ltd. d/b/a PublicDomainRegistry.com","whois.publicdomainregistry.com","http://www.publicdomainregistry.com","Kwadwo Wisleon","Authentic Consulting Agency","P. O. Box OD 713, Odorkor Accra","Accra","Greater Accra","233","Ghana","kwadwowisleon@gmail.com","+233.0277576793","","Kwadwo Wisleon","Authentic Consulting Agency","P. O. Box OD 713, Odorkor Accra","Accra","Greater Accra","233","Ghana","kwadwowisleon@gmail.com","+233.0277576793","","Kwadwo Wisleon","Authentic Consulting Agency","P. O. Box OD 713, Odorkor Accra","Accra","Greater Accra","233","Ghana","kwadwowisleon@gmail.com","+233.0277576793","","","","","","","","","","","","ns21.garanntor.net","ns22.garanntor.net","","","clientTransferProhibited","","",""
"58","sptghana.com","2020-05-08 19:57:42","2020-05-07","2020-05-07","2021-05-07","303","PDR Ltd. d/b/a PublicDomainRegistry.com","whois.publicdomainregistry.com","http://www.publicdomainregistry.com","Irving Kwakye - Bismarck","Ibrand Limited","P. O. Box AN 19409, Accra-North, Ghana","McCarthy Hill","GREATER ACCRA REGION","0000","Ghana","irvingbismarck@yahoo.com","+233.244981619","","Irving Kwakye - Bismarck","Ibrand Limited","P. O. Box AN 19409, Accra-North, Ghana","McCarthy Hill","GREATER ACCRA REGION","0000","Ghana","irvingbismarck@yahoo.com","+233.244981619","","Irving Kwakye - Bismarck","Ibrand Limited","P. O. Box AN 19409, Accra-North, Ghana","McCarthy Hill","GREATER ACCRA REGION","0000","Ghana","irvingbismarck@yahoo.com","+233.244981619","","","","","","","","","","","","ns1.ultrahostghana.com","ns101.ultrahostghana.com","ns102.ultrahostghana.com","ns2.ultrahostghana.com","clientTransferProhibited","","",""
"59","stylishmeboutique.com","2020-05-08 19:56:42","2020-05-07","2020-05-07","2021-05-07","625","Name.com, Inc.","whois.name.com","http://www.name.com","Kwame Kusi","NIIKUS I.T Group","PINK House , Chemu Road, Banana Inn","Accra","GA","233","Ghana","niikusit@gmail.com","+233.264203161","","Kwame Kusi","NIIKUS I.T Group","PINK House , Chemu Road, Banana Inn","Accra","GA","233","Ghana","niikusit@gmail.com","+233.264203161","","Kwame Kusi","NIIKUS I.T Group","PINK House, Chemu Road , Banana Inn","Accra","GA","233","Ghana","niikusit@gmail.com","+233.264203161","","","","","","","","","","","","ns1.yenkodigital.net","ns2.yenkodigital.net","","","addPeriod","clientTransferProhibited","",""
"60","therealjamesasante.com","2020-05-08 19:59:47","2020-05-07","2020-05-07","2021-05-07","69","Tucows Domains Inc.","whois.tucows.com","http://domainhelp.opensrs.net","REDACTED FOR PRIVACY","REDACTED FOR PRIVACY","REDACTED FOR PRIVACY","REDACTED FOR PRIVACY","NA","REDACTED FOR PRIVACY","Ghana","","REDACTED FOR PRIVACY","REDACTED FOR PRIVACY","REDACTED FOR PRIVACY","REDACTED FOR PRIVACY","REDACTED FOR PRIVACY","REDACTED FOR PRIVACY","REDACTED FOR PRIVACY","REDACTED FOR PRIVACY","REDACTED FOR PRIVACY","","REDACTED FOR PRIVACY","REDACTED FOR PRIVACY","REDACTED FOR PRIVACY","REDACTED FOR PRIVACY","REDACTED FOR PRIVACY","REDACTED FOR PRIVACY","REDACTED FOR PRIVACY","REDACTED FOR PRIVACY","REDACTED FOR PRIVACY","","REDACTED FOR PRIVACY","REDACTED FOR PRIVACY","","","","","","","","","","","ns200.accountservergroup.com","ns201.accountservergroup.com","","","OK","","",""
"61","thewomaninus.com","2020-05-08 19:56:20","2020-05-07","2020-05-07","2021-05-07","146","GoDaddy.com, LLC","whois.godaddy.com","http://registrar.godaddy.com","","","","","Bono region","","Ghana","","","","","","","","","","","","","","","","","","","","","","","","","","","","","","","","","","ns11.domaincontrol.com","ns12.domaincontrol.com","","","clientDeleteProhibited","clientRenewProhibited","clientTransferProhibited","clientUpdateProhibited"
"62","ukbarclaysbank.com","2020-05-08 20:58:07","2020-05-07","2020-05-07","2021-05-07","146","GoDaddy.com, LLC","whois.godaddy.com","http://registrar.godaddy.com","GP Media","GP Media","","","accra","","Ghana","","","","","","","","","","","","","","","","","","","","","","","","","","","","","","","","","","ns1.vpshared.com","ns2.vpshared.com","","","clientDeleteProhibited","clientRenewProhibited","clientTransferProhibited","clientUpdateProhibited"
"63","uliftruralsupport.com","2020-05-08 20:48:51","2020-05-07","2020-05-07","2021-05-07","303","PDR Ltd. d/b/a PublicDomainRegistry.com","whois.publicdomainregistry.com","http://www.publicdomainregistry.com","Kwabena Asomaning","uliftruralsupport","Martey Street","Accra","Accra","00233","Ghana","uliftrural@gmail.com","+233.244797443","","Kwabena Asomaning","uliftruralsupport","Martey Street","Accra","Accra","00233","Ghana","uliftrural@gmail.com","+233.244797443","","Kwabena Asomaning","uliftruralsupport","Martey Street","Accra","Accra","00233","Ghana","uliftrural@gmail.com","+233.244797443","","","","","","","","","","","","ns3.stormerhost.com","ns4.stormerhost.com","","","clientTransferProhibited","","",""
"64","varucci.com","2020-05-08 19:55:07","2020-05-07","2020-05-07","2022-05-07","146","GoDaddy.com, LLC","whois.godaddy.com","http://registrar.godaddy.com","","","","","GR","","Ghana","","","","","","","","","","","","","","","","","","","","","","","","","","","","","","","","","","ns53.domaincontrol.com","ns54.domaincontrol.com","","","clientDeleteProhibited","clientRenewProhibited","clientTransferProhibited","clientUpdateProhibited"
"65","velloxx.com","2020-05-08 20:26:06","2020-05-06","2020-05-06","2021-05-06","146","GoDaddy.com, LLC","whois.godaddy.com","http://registrar.godaddy.com","Softweb Network Ventures","Softweb Network Ventures","","","Ashanti","","Ghana","","","","","","","","","","","","","","","","","","","","","","","","","","","","","","","","","","ns53.domaincontrol.com","ns54.domaincontrol.com","","","clientDeleteProhibited","clientRenewProhibited","clientTransferProhibited","clientUpdateProhibited"
"66","wenomarket.com","2020-05-08 20:03:23","2020-05-06","2020-05-06","2021-05-06","48","eNom, Inc.","whois.enom.com","http://www.enom.com","REDACTED FOR PRIVACY","REDACTED FOR PRIVACY","REDACTED FOR PRIVACY","REDACTED FOR PRIVACY","Accra","REDACTED FOR PRIVACY","Ghana","","REDACTED FOR PRIVACY","REDACTED FOR PRIVACY","REDACTED FOR PRIVACY","REDACTED FOR PRIVACY","REDACTED FOR PRIVACY","REDACTED FOR PRIVACY","REDACTED FOR PRIVACY","REDACTED FOR PRIVACY","REDACTED FOR PRIVACY","","REDACTED FOR PRIVACY","REDACTED FOR PRIVACY","REDACTED FOR PRIVACY","REDACTED FOR PRIVACY","REDACTED FOR PRIVACY","REDACTED FOR PRIVACY","REDACTED FOR PRIVACY","REDACTED FOR PRIVACY","REDACTED FOR PRIVACY","","REDACTED FOR PRIVACY","REDACTED FOR PRIVACY","","","","","","","","","","","ns1.wenotek.com","ns2.wenotek.com","","","addPeriod","clientTransferProhibited","",""
"67","wingxtrer.com","2020-05-08 20:06:01","2020-05-06","2020-05-06","2021-05-06","303","PDR Ltd. d/b/a PublicDomainRegistry.com","whois.publicdomainregistry.com","http://www.publicdomainregistry.com","Emmanuel Sarpong","GoClev","Box 4421, Adum Box 4421, Adum","Kumasi","Ghana","00233","Ghana","esarpong51@gmail.com","+233.554253285","","Emmanuel Sarpong","GoClev","Box 4421, Adum Box 4421, Adum","Kumasi","Ghana","00233","Ghana","esarpong51@gmail.com","+233.554253285","","Emmanuel Sarpong","GoClev","Box 4421, Adum Box 4421, Adum","Kumasi","Ghana","00233","Ghana","esarpong51@gmail.com","+233.554253285","","","","","","","","","","","","ns1.bluehost.com","ns2.bluehost.com","","","clientTransferProhibited","","",""
"68","winnebayouthchoirgh.com","2020-05-08 19:58:00","2020-05-07","2020-05-08","2021-05-07","1479","Namesilo, LLC","whois.namesilo.com","http://www.namesilo.com","Michael Lamptey","","North Kaneshie Otu St.","Accra","Accra Metropolitan","00233","Ghana","michaellamptey88@yahoo.com","+233.573934415","","Michael Lamptey","","North Kaneshie Otu St.","Accra","Accra Metropolitan","00233","Ghana","michaellamptey88@yahoo.com","+233.573934415","","Michael Lamptey","","North Kaneshie Otu St.","Accra","Accra Metropolitan","00233","Ghana","michaellamptey88@yahoo.com","+233.573934415","","","","","","","","","","","","ns1.nakroteck.net","ns2.nakroteck.net","","","clientTransferProhibited","","",""
"69","wyetey.com","2020-05-08 21:06:22","2020-05-07","2020-05-07","2021-05-07","146","GoDaddy.com, LLC","whois.godaddy.com","http://registrar.godaddy.com","","","","","Accra","","Ghana","","","","","","","","","","","","","","","","","","","","","","","","","","","","","","","","","","ns11.domaincontrol.com","ns12.domaincontrol.com","","","clientDeleteProhibited","clientRenewProhibited","clientTransferProhibited","clientUpdateProhibited"