"num","domain_name","query_time","create_date","update_date","expiry_date","domain_registrar_id","domain_registrar_name","domain_registrar_whois","domain_registrar_url","registrant_name","registrant_company","registrant_address","registrant_city","registrant_state","registrant_zip","registrant_country","registrant_email","registrant_phone","registrant_fax","administrative_name","administrative_company","administrative_address","administrative_city","administrative_state","administrative_zip","administrative_country","administrative_email","administrative_phone","administrative_fax","technical_name","technical_company","technical_address","technical_city","technical_state","technical_zip","technical_country","technical_email","technical_phone","technical_fax","billing_name","billing_company","billing_address","billing_city","billing_state","billing_zip","billing_country","billing_email","billing_phone","billing_fax","name_server_1","name_server_2","name_server_3","name_server_4","domain_status_1","domain_status_2","domain_status_3","domain_status_4"
"1","abarroteriaramos.com","2020-05-08 19:24:29","2020-05-07","2020-05-07","2021-05-07","146","GoDaddy.com, LLC","whois.godaddy.com","http://registrar.godaddy.com","Abarroteria Ramos","Abarroteria Ramos","","","Cortes","","Honduras","","","","","","","","","","","","","","","","","","","","","","","","","","","","","","","","","","ns-cloud-b1.googledomains.com","ns-cloud-b2.googledomains.com","ns-cloud-b3.googledomains.com","ns-cloud-b4.googledomains.com","clientDeleteProhibited","clientRenewProhibited","clientTransferProhibited","clientUpdateProhibited"
"2","becoolhn.com","2020-05-08 20:58:17","2020-05-07","2020-05-07","2021-05-07","69","Tucows Domains Inc.","whois.tucows.com","http://domainhelp.opensrs.net","REDACTED FOR PRIVACY","REDACTED FOR PRIVACY","REDACTED FOR PRIVACY","REDACTED FOR PRIVACY","XX","REDACTED FOR PRIVACY","Honduras","","REDACTED FOR PRIVACY","REDACTED FOR PRIVACY","REDACTED FOR PRIVACY","REDACTED FOR PRIVACY","REDACTED FOR PRIVACY","REDACTED FOR PRIVACY","REDACTED FOR PRIVACY","REDACTED FOR PRIVACY","REDACTED FOR PRIVACY","","REDACTED FOR PRIVACY","REDACTED FOR PRIVACY","REDACTED FOR PRIVACY","REDACTED FOR PRIVACY","REDACTED FOR PRIVACY","REDACTED FOR PRIVACY","REDACTED FOR PRIVACY","REDACTED FOR PRIVACY","REDACTED FOR PRIVACY","","REDACTED FOR PRIVACY","REDACTED FOR PRIVACY","","","","","","","","","","","ns1.giow1085.siteground.us","ns2.giow1085.siteground.us","","","clientTransferProhibited","clientUpdateProhibited","",""
"3","befxhn.com","2020-05-08 21:11:05","2020-05-06","2020-05-07","2021-05-06","1387","1API GmbH","whois.1api.net","http://www.1api.net","REDACTED FOR PRIVACY","REDACTED FOR PRIVACY","REDACTED FOR PRIVACY","REDACTED FOR PRIVACY","Cortes","REDACTED FOR PRIVACY","Honduras","","REDACTED FOR PRIVACY","","REDACTED FOR PRIVACY","REDACTED FOR PRIVACY","REDACTED FOR PRIVACY","REDACTED FOR PRIVACY","REDACTED FOR PRIVACY","REDACTED FOR PRIVACY","REDACTED FOR PRIVACY","","REDACTED FOR PRIVACY","","REDACTED FOR PRIVACY","REDACTED FOR PRIVACY","REDACTED FOR PRIVACY","REDACTED FOR PRIVACY","REDACTED FOR PRIVACY","REDACTED FOR PRIVACY","REDACTED FOR PRIVACY","","REDACTED FOR PRIVACY","","","","","","","","","","","","ns2021.banahosting.com","ns2022.banahosting.com","","","clientTransferProhibited","","",""
"4","coffeberaca.com","2020-05-08 21:11:46","2020-05-06","2020-05-06","2021-05-06","146","GoDaddy.com, LLC","whois.godaddy.com","http://registrar.godaddy.com","","","","","Francisco Morazan","","Honduras","","","","","","","","","","","","","","","","","","","","","","","","","","","","","","","","","","ns11.domaincontrol.com","ns12.domaincontrol.com","","","clientDeleteProhibited","clientRenewProhibited","clientTransferProhibited","clientUpdateProhibited"
"5","denisseboutique.com","2020-05-08 21:15:09","2020-05-06","2020-05-06","2021-05-06","955","Launchpad, Inc.","whois.launchpad.com","http://www.launchpad.com","Hugo Erazo","Innova Soluciones","Barrio El Centro","Juticalpa","OL","16101","Honduras","innova.soluciones.soporte@gmail.com","+504.98511713","","Hugo Erazo","Innova Soluciones","Barrio El Centro","Juticalpa","OL","16101","Honduras","innova.soluciones.soporte@gmail.com","+504.98511713","","Hugo Erazo","Innova Soluciones","Barrio El Centro","Juticalpa","OL","16101","Honduras","innova.soluciones.soporte@gmail.com","+504.98511713","","","","","","","","","","","","ns1.solucionesinnova.net","ns2.solucionesinnova.net","","","clientTransferProhibited","","",""
"6","divinitykafajeboutique.com","2020-05-08 19:18:58","2020-05-07","2020-05-07","2021-05-07","303","PDR Ltd. d/b/a PublicDomainRegistry.com","whois.publicdomainregistry.com","http://www.publicdomainregistry.com","Henry Canales","Divinity Kafaje Boutique","Residencial Villa Florencia 18 Calle 8 avenida","San Pedro Sula","Cortes","21101","Honduras","ka.saravia90@gmail.com","+504.33924036","","Henry Canales","Divinity Kafaje Boutique","Residencial Villa Florencia 18 Calle 8 avenida","San Pedro Sula","Cortes","21101","Honduras","ka.saravia90@gmail.com","+504.33924036","","Henry Canales","Divinity Kafaje Boutique","Residencial Villa Florencia 18 Calle 8 avenida","San Pedro Sula","Cortes","21101","Honduras","ka.saravia90@gmail.com","+504.33924036","","","","","","","","","","","","ns1.dns-parking.com","ns2.dns-parking.com","","","clientTransferProhibited","","",""
"7","edcomerce.com","2020-05-08 21:15:53","2020-05-06","2020-05-06","2021-05-06","303","PDR Ltd. d/b/a PublicDomainRegistry.com","whois.publicdomainregistry.com","http://www.publicdomainregistry.com","Leonardo Beneditt","EDC ingenieria, S.A.","2da calle, # 3909 Lomas de Guijarro - La Cumbre","Tegucigalpa","Honduras","11101","Honduras","edc.tech504@gmail.com","+504.99010403","","Leonardo Beneditt","EDC ingenieria, S.A.","2da calle, # 3909 Lomas de Guijarro - La Cumbre","Tegucigalpa","Honduras","11101","Honduras","edc.tech504@gmail.com","+504.99010403","","Leonardo Beneditt","EDC ingenieria, S.A.","2da calle, # 3909 Lomas de Guijarro - La Cumbre","Tegucigalpa","Honduras","11101","Honduras","edc.tech504@gmail.com","+504.99010403","","","","","","","","","","","","ns1.reservado.hostgator.mx","ns2.reservado.hostgator.mx","","","clientTransferProhibited","","",""
"8","elmercado504.com","2020-05-08 21:15:31","2020-05-06","2020-05-06","2021-05-06","303","PDR Ltd. d/b/a PublicDomainRegistry.com","whois.publicdomainregistry.com","http://www.publicdomainregistry.com","Leonardo Beneditt","EDC ingenieria, S.A.","2da calle, # 3909 Lomas de Guijarro - La Cumbre","Tegucigalpa","Honduras","11101","Honduras","edc.tech504@gmail.com","+504.99010403","","Leonardo Beneditt","EDC ingenieria, S.A.","2da calle, # 3909 Lomas de Guijarro - La Cumbre","Tegucigalpa","Honduras","11101","Honduras","edc.tech504@gmail.com","+504.99010403","","Leonardo Beneditt","EDC ingenieria, S.A.","2da calle, # 3909 Lomas de Guijarro - La Cumbre","Tegucigalpa","Honduras","11101","Honduras","edc.tech504@gmail.com","+504.99010403","","","","","","","","","","","","ns76.hostgator.mx","ns77.hostgator.mx","","","clientTransferProhibited","","",""
"9","entregazaz.com","2020-05-08 19:17:48","2020-05-06","2020-05-06","2021-05-06","146","GoDaddy.com, LLC","whois.godaddy.com","http://registrar.godaddy.com","","","","","Cortes","","Honduras","","","","","","","","","","","","","","","","","","","","","","","","","","","","","","","","","","ns11.domaincontrol.com","ns12.domaincontrol.com","","","clientDeleteProhibited","clientRenewProhibited","clientTransferProhibited","clientUpdateProhibited"
"10","materhn.com","2020-05-08 20:55:02","2020-05-07","2020-05-07","2022-05-07","146","GoDaddy.com, LLC","whois.godaddy.com","http://registrar.godaddy.com","Distribuidora Mater S. de R.L. de C.V.","Distribuidora Mater S. de R.L. de C.V.","","","Francisco Morazan","","Honduras","","","","","","","","","","","","","","","","","","","","","","","","","","","","","","","","","","ns37.domaincontrol.com","ns38.domaincontrol.com","","","clientDeleteProhibited","clientRenewProhibited","clientTransferProhibited","clientUpdateProhibited"
"11","psc-security.com","2020-05-08 21:15:33","2020-05-06","2020-05-06","2021-05-06","146","GoDaddy.com, LLC","whois.godaddy.com","http://registrar.godaddy.com","sofhard","sofhard","","","francisco morazan","","Honduras","","","","","","","","","","","","","","","","","","","","","","","","","","","","","","","","","","ns6375.hostgator.com","ns6376.hostgator.com","","","clientDeleteProhibited","clientRenewProhibited","clientTransferProhibited","clientUpdateProhibited"
"12","pymes504.com","2020-05-08 21:10:44","2020-05-06","2020-05-06","2021-05-06","69","Tucows Domains Inc.","whois.tucows.com","http://domainhelp.opensrs.net","REDACTED FOR PRIVACY","REDACTED FOR PRIVACY","REDACTED FOR PRIVACY","REDACTED FOR PRIVACY","Cortes","REDACTED FOR PRIVACY","Honduras","","REDACTED FOR PRIVACY","REDACTED FOR PRIVACY","REDACTED FOR PRIVACY","REDACTED FOR PRIVACY","REDACTED FOR PRIVACY","REDACTED FOR PRIVACY","REDACTED FOR PRIVACY","REDACTED FOR PRIVACY","REDACTED FOR PRIVACY","","REDACTED FOR PRIVACY","REDACTED FOR PRIVACY","REDACTED FOR PRIVACY","REDACTED FOR PRIVACY","REDACTED FOR PRIVACY","REDACTED FOR PRIVACY","REDACTED FOR PRIVACY","REDACTED FOR PRIVACY","REDACTED FOR PRIVACY","","REDACTED FOR PRIVACY","REDACTED FOR PRIVACY","","","","","","","","","","","ns6241.hostgator.com","ns6242.hostgator.com","","","OK","","",""
"13","riolindo-express.com","2020-05-08 21:01:44","2020-05-07","2020-05-07","2021-05-07","146","GoDaddy.com, LLC","whois.godaddy.com","http://registrar.godaddy.com","RioLindoExpress","RioLindoExpress","","","Departamento de Cortes","","Honduras","","","","","","","","","","","","","","","","","","","","","","","","","","","","","","","","","","ns1.site4now.net","ns2.site4now.net","ns3.site4now.net","","clientDeleteProhibited","clientRenewProhibited","clientTransferProhibited","clientUpdateProhibited"
"14","serviciosferremundo.com","2020-05-08 21:14:01","2020-05-06","2020-05-06","2021-05-06","146","GoDaddy.com, LLC","whois.godaddy.com","http://registrar.godaddy.com","FERREMUNDO","FERREMUNDO","","","Comayagua","","Honduras","","","","","","","","","","","","","","","","","","","","","","","","","","","","","","","","","","ns37.domaincontrol.com","ns38.domaincontrol.com","","","clientDeleteProhibited","clientRenewProhibited","clientTransferProhibited","clientUpdateProhibited"
"15","supermercadoumanzor.com","2020-05-08 19:38:53","2020-05-07","2020-05-07","2021-05-07","69","Tucows Domains Inc.","whois.tucows.com","http://domainhelp.opensrs.net","REDACTED FOR PRIVACY","REDACTED FOR PRIVACY","REDACTED FOR PRIVACY","REDACTED FOR PRIVACY","Cortes","REDACTED FOR PRIVACY","Honduras","","REDACTED FOR PRIVACY","REDACTED FOR PRIVACY","REDACTED FOR PRIVACY","REDACTED FOR PRIVACY","REDACTED FOR PRIVACY","REDACTED FOR PRIVACY","REDACTED FOR PRIVACY","REDACTED FOR PRIVACY","REDACTED FOR PRIVACY","","REDACTED FOR PRIVACY","REDACTED FOR PRIVACY","REDACTED FOR PRIVACY","REDACTED FOR PRIVACY","REDACTED FOR PRIVACY","REDACTED FOR PRIVACY","REDACTED FOR PRIVACY","REDACTED FOR PRIVACY","REDACTED FOR PRIVACY","","REDACTED FOR PRIVACY","REDACTED FOR PRIVACY","","","","","","","","","","","dns.site5.com","dns2.site5.com","","","clientTransferProhibited","clientUpdateProhibited","",""
"16","tecnogamesdanli.com","2020-05-08 20:25:02","2020-05-06","2020-05-06","2021-05-06","69","Tucows Domains Inc.","whois.tucows.com","http://domainhelp.opensrs.net","REDACTED FOR PRIVACY","REDACTED FOR PRIVACY","REDACTED FOR PRIVACY","REDACTED FOR PRIVACY","El Paraiso","REDACTED FOR PRIVACY","Honduras","","REDACTED FOR PRIVACY","REDACTED FOR PRIVACY","REDACTED FOR PRIVACY","REDACTED FOR PRIVACY","REDACTED FOR PRIVACY","REDACTED FOR PRIVACY","REDACTED FOR PRIVACY","REDACTED FOR PRIVACY","REDACTED FOR PRIVACY","","REDACTED FOR PRIVACY","REDACTED FOR PRIVACY","REDACTED FOR PRIVACY","REDACTED FOR PRIVACY","REDACTED FOR PRIVACY","REDACTED FOR PRIVACY","REDACTED FOR PRIVACY","REDACTED FOR PRIVACY","REDACTED FOR PRIVACY","","REDACTED FOR PRIVACY","REDACTED FOR PRIVACY","","","","","","","","","","","dns2030a.trouble-free.net","dns2030b.trouble-free.net","","","clientTransferProhibited","clientUpdateProhibited","",""
"17","televicab.com","2020-05-08 20:58:44","2020-05-07","2020-05-07","2021-05-07","146","GoDaddy.com, LLC","whois.godaddy.com","http://registrar.godaddy.com","","","","","Atlantida","","Honduras","","","","","","","","","","","","","","","","","","","","","","","","","","","","","","","","","","ns37.domaincontrol.com","ns38.domaincontrol.com","","","clientDeleteProhibited","clientRenewProhibited","clientTransferProhibited","clientUpdateProhibited"
"18","togo-504.com","2020-05-08 19:33:30","2020-05-06","2020-05-06","2021-05-06","146","GoDaddy.com, LLC","whois.godaddy.com","http://registrar.godaddy.com","","","","","sps","","Honduras","","","","","","","","","","","","","","","","","","","","","","","","","","","","","","","","","","ns75.domaincontrol.com","ns76.domaincontrol.com","","","clientDeleteProhibited","clientRenewProhibited","clientTransferProhibited","clientUpdateProhibited"
"19","tonerdehonduras.com","2020-05-08 20:59:41","2020-05-07","2020-05-07","2021-05-07","146","GoDaddy.com, LLC","whois.godaddy.com","http://registrar.godaddy.com","Toner de Honduras","Toner de Honduras","","","Francisco Morazan","","Honduras","","","","","","","","","","","","","","","","","","","","","","","","","","","","","","","","","","ns11.domaincontrol.com","ns12.domaincontrol.com","","","clientDeleteProhibited","clientRenewProhibited","clientTransferProhibited","clientUpdateProhibited"
"20","tuproposito360.com","2020-05-08 20:03:17","2020-05-06","2020-05-06","2021-05-06","303","PDR Ltd. d/b/a PublicDomainRegistry.com","whois.publicdomainregistry.com","http://www.publicdomainregistry.com","David Mejia Cervantes","David Mejia Cervantes","Residencial Villas del Caribe Casa B27","La Ceiba","Atlantida","31101","Honduras","dmc1001cristo@gmail.com","+504.98992295","","David Mejia Cervantes","David Mejia Cervantes","Residencial Villas del Caribe Casa B27","La Ceiba","Atlantida","31101","Honduras","dmc1001cristo@gmail.com","+504.98992295","","David Mejia Cervantes","David Mejia Cervantes","Residencial Villas del Caribe Casa B27","La Ceiba","Atlantida","31101","Honduras","dmc1001cristo@gmail.com","+504.98992295","","","","","","","","","","","","ns1.dns-parking.com","ns2.dns-parking.com","","","clientTransferProhibited","","",""
"21","villelavillela.com","2020-05-08 21:15:52","2020-05-06","2020-05-06","2021-05-06","146","GoDaddy.com, LLC","whois.godaddy.com","http://registrar.godaddy.com","Logos Studio","Logos Studio","","","Francisco Morazan","","Honduras","","","","","","","","","","","","","","","","","","","","","","","","","","","","","","","","","","sean.ns.cloudflare.com","tia.ns.cloudflare.com","","","clientDeleteProhibited","clientRenewProhibited","clientTransferProhibited","clientUpdateProhibited"