"num","domain_name","query_time","create_date","update_date","expiry_date","domain_registrar_id","domain_registrar_name","domain_registrar_whois","domain_registrar_url","registrant_name","registrant_company","registrant_address","registrant_city","registrant_state","registrant_zip","registrant_country","registrant_email","registrant_phone","registrant_fax","administrative_name","administrative_company","administrative_address","administrative_city","administrative_state","administrative_zip","administrative_country","administrative_email","administrative_phone","administrative_fax","technical_name","technical_company","technical_address","technical_city","technical_state","technical_zip","technical_country","technical_email","technical_phone","technical_fax","billing_name","billing_company","billing_address","billing_city","billing_state","billing_zip","billing_country","billing_email","billing_phone","billing_fax","name_server_1","name_server_2","name_server_3","name_server_4","domain_status_1","domain_status_2","domain_status_3","domain_status_4"
"1","3dportraitstudio.com","2020-05-08 19:27:28","2020-05-07","2020-05-07","2021-05-07","303","PDR Ltd. d/b/a PublicDomainRegistry.com","whois.publicdomainregistry.com","http://www.publicdomainregistry.com","GDPR Masked","GDPR Masked","GDPR Masked","GDPR Masked","","GDPR Masked","Hungary","gdpr-masking@gdpr-masked.com","GDPR Masked","GDPR Masked","GDPR Masked","GDPR Masked","GDPR Masked","GDPR Masked","GDPR Masked","GDPR Masked","GDPR Masked","gdpr-masking@gdpr-masked.com","GDPR Masked","GDPR Masked","GDPR Masked","GDPR Masked","GDPR Masked","GDPR Masked","GDPR Masked","GDPR Masked","GDPR Masked","gdpr-masking@gdpr-masked.com","GDPR Masked","GDPR Masked","","","","","","","","","","","ns1.iworx-host.com","ns2.iworx-host.com","ns3.iworx-host.com","","clientTransferProhibited","","",""
"2","5lords.com","2020-05-08 21:19:36","2020-05-06","2020-05-06","2021-05-06","82","OnlineNIC, Inc.","whois.onlinenic.com","http://www.onlinenic.com","NicAgent","NicAgent","","","PECS","","Hungary","","","","","","","","","","","","","","","","","","","","","","","","","","","","","","","","","","ns127.mihanwebhost.com","ns128.mihanwebhost.com","","","clientTransferProhibited","","",""
"3","aalijenab-urmia.com","2020-05-08 19:52:47","2020-05-07","2020-05-07","2021-05-07","82","OnlineNIC, Inc.","whois.onlinenic.com","http://www.onlinenic.com","NicAgent","NicAgent","","","PECS","","Hungary","","","","","","","","","","","","","","","","","","","","","","","","","","","","","","","","","","ns1.shikoop.com","ns2.shikoop.com","","","clientTransferProhibited","","",""
"4","abzarmehran.com","2020-05-08 20:20:25","2020-05-06","2020-05-06","2021-05-06","82","OnlineNIC, Inc.","whois.onlinenic.com","http://www.onlinenic.com","NicAgent","NicAgent","","","PECS","","Hungary","","","","","","","","","","","","","","","","","","","","","","","","","","","","","","","","","","ns339.mihanwebhost.com","ns340.mihanwebhost.com","","","clientTransferProhibited","","",""
"5","alobandarkala.com","2020-05-08 19:59:35","2020-05-07","2020-05-07","2021-05-07","82","OnlineNIC, Inc.","whois.onlinenic.com","http://www.onlinenic.com","NicAgent","NicAgent","","","PECS","","Hungary","","","","","","","","","","","","","","","","","","","","","","","","","","","","","","","","","","ns339.mihanwebhost.com","ns340.mihanwebhost.com","","","clientTransferProhibited","","",""
"6","amolaklak.com","2020-05-08 20:25:31","2020-05-06","2020-05-06","2021-05-06","82","OnlineNIC, Inc.","whois.onlinenic.com","http://www.onlinenic.com","NicAgent","NicAgent","","","PECS","","Hungary","","","","","","","","","","","","","","","","","","","","","","","","","","","","","","","","","","ns127.mihanwebhost.com","ns128.mihanwebhost.com","","","clientTransferProhibited","","",""
"7","amolaklak.download","2020-05-09 00:48:22","2020-05-06","","2021-05-06","82","OnlineNIC, Inc.","whois.onlinenic.com","http://www.onlinenic.com","NicAgent","NicAgent","","","PECS","","Hungary","","","","","","","","","","","","","","","","","","","","","","","","","","","","","","","","","","ns127.mihanwebhost.com","ns128.mihanwebhost.com","","","addPeriod","ok","",""
"8","amolaklak.net","2020-05-09 00:33:36","2020-05-06","2020-05-06","2021-05-06","82","OnlineNIC, Inc.","whois.onlinenic.com","http://www.onlinenic.com","NicAgent","NicAgent","","","PECS","","Hungary","","","","","","","","","","","","","","","","","","","","","","","","","","","","","","","","","","ns127.mihanwebhost.com","ns128.mihanwebhost.com","","","clientTransferProhibited","","",""
"9","amoolaklak.com","2020-05-08 20:20:03","2020-05-06","2020-05-06","2021-05-06","82","OnlineNIC, Inc.","whois.onlinenic.com","http://www.onlinenic.com","NicAgent","NicAgent","","","PECS","","Hungary","","","","","","","","","","","","","","","","","","","","","","","","","","","","","","","","","","ns127.mihanwebhost.com","ns128.mihanwebhost.com","","","clientTransferProhibited","","",""
"10","amoolaklak.download","2020-05-09 00:48:21","2020-05-06","","2021-05-06","82","OnlineNIC, Inc.","whois.onlinenic.com","http://www.onlinenic.com","NicAgent","NicAgent","","","PECS","","Hungary","","","","","","","","","","","","","","","","","","","","","","","","","","","","","","","","","","ns127.mihanwebhost.com","ns128.mihanwebhost.com","","","addPeriod","ok","",""
"11","amoolaklak.net","2020-05-09 00:33:34","2020-05-06","2020-05-06","2021-05-06","82","OnlineNIC, Inc.","whois.onlinenic.com","http://www.onlinenic.com","NicAgent","NicAgent","","","PECS","","Hungary","","","","","","","","","","","","","","","","","","","","","","","","","","","","","","","","","","ns127.mihanwebhost.com","ns128.mihanwebhost.com","","","clientTransferProhibited","","",""
"12","antaracommunications.com","2020-05-08 19:58:11","2020-05-07","2020-05-07","2021-05-07","895","Google, Inc.","whois.rrpproxy.net","http://www.google.com","","","","","","","Hungary","","","","","","","","","","","","","","","","","","","","","","","","","","","","","","","","","","ns-cloud-d1.googledomains.com","ns-cloud-d2.googledomains.com","ns-cloud-d3.googledomains.com","ns-cloud-d4.googledomains.com","clientTransferProhibited","","",""
"13","arkasat.com","2020-05-08 20:45:15","2020-05-07","2020-05-07","2021-05-07","82","OnlineNIC, Inc.","whois.onlinenic.com","http://www.onlinenic.com","NicAgent","NicAgent","","","PECS","","Hungary","","","","","","","","","","","","","","","","","","","","","","","","","","","","","","","","","","ns127.mihanwebhost.com","ns128.mihanwebhost.com","","","clientTransferProhibited","","",""
"14","belabanhegyi.com","2020-05-08 20:29:18","2020-05-06","2020-05-06","2021-05-06","303","PDR Ltd. d/b/a PublicDomainRegistry.com","whois.publicdomainregistry.com","http://www.publicdomainregistry.com","GDPR Masked","GDPR Masked","GDPR Masked","GDPR Masked","","GDPR Masked","Hungary","gdpr-masking@gdpr-masked.com","GDPR Masked","GDPR Masked","GDPR Masked","GDPR Masked","GDPR Masked","GDPR Masked","GDPR Masked","GDPR Masked","GDPR Masked","gdpr-masking@gdpr-masked.com","GDPR Masked","GDPR Masked","GDPR Masked","GDPR Masked","GDPR Masked","GDPR Masked","GDPR Masked","GDPR Masked","GDPR Masked","gdpr-masking@gdpr-masked.com","GDPR Masked","GDPR Masked","","","","","","","","","","","ns1.secdns.eu","ns2.secdns.eu","ns3.secdns.eu","ns4.secdns.eu","clientTransferProhibited","","",""
"15","bevasarolok.net","2020-05-09 00:33:18","2020-05-07","2020-05-07","2021-05-07","303","PDR Ltd. d/b/a PublicDomainRegistry.com","whois.publicdomainregistry.com","http://www.publicdomainregistry.com","GDPR Masked","GDPR Masked","GDPR Masked","GDPR Masked","Budapest","GDPR Masked","Hungary","gdpr-masking@gdpr-masked.com","GDPR Masked","GDPR Masked","GDPR Masked","GDPR Masked","GDPR Masked","GDPR Masked","GDPR Masked","GDPR Masked","GDPR Masked","gdpr-masking@gdpr-masked.com","GDPR Masked","GDPR Masked","GDPR Masked","GDPR Masked","GDPR Masked","GDPR Masked","GDPR Masked","GDPR Masked","GDPR Masked","gdpr-masking@gdpr-masked.com","GDPR Masked","GDPR Masked","","","","","","","","","","","ns0.unas.eu","ns1.unas.eu","","","clientTransferProhibited","","",""
"16","brandssi.com","2020-05-08 20:10:21","2020-05-06","","2021-05-06","1068","NameCheap, Inc.","whois.namecheap.com","http://www.namecheap.com","Csilla Toviskes Kele","private enterpreneur","Egyetem sugarut 38","Debrecen","Hajdu Bihar","4027","Hungary","kelecsilla2@gmail.com","+36.06304387870","","Csilla Toviskes Kele","private enterpreneur","Egyetem sugarut 38","Debrecen","Hajdu Bihar","4027","Hungary","kelecsilla2@gmail.com","+36.06304387870","","Csilla Toviskes Kele","private enterpreneur","Egyetem sugarut 38","Debrecen","Hajdu Bihar","4027","Hungary","kelecsilla2@gmail.com","+36.06304387870","","","","","","","","","","","","dns1.namecheaphosting.com","dns2.namecheaphosting.com","","","addPeriod","clientTransferProhibited","",""
"17","budapesthomeconnection.com","2020-05-08 19:33:37","2020-05-06","2020-05-06","2021-05-06","303","PDR Ltd. d/b/a PublicDomainRegistry.com","whois.publicdomainregistry.com","http://www.publicdomainregistry.com","GDPR Masked","GDPR Masked","GDPR Masked","GDPR Masked","","GDPR Masked","Hungary","gdpr-masking@gdpr-masked.com","GDPR Masked","GDPR Masked","GDPR Masked","GDPR Masked","GDPR Masked","GDPR Masked","GDPR Masked","GDPR Masked","GDPR Masked","gdpr-masking@gdpr-masked.com","GDPR Masked","GDPR Masked","GDPR Masked","GDPR Masked","GDPR Masked","GDPR Masked","GDPR Masked","GDPR Masked","GDPR Masked","gdpr-masking@gdpr-masked.com","GDPR Masked","GDPR Masked","","","","","","","","","","","ns1.silicium.eu","ns3.silicium.eu","","","clientTransferProhibited","","",""
"18","budapesthomeluxury.com","2020-05-08 20:24:59","2020-05-06","2020-05-06","2021-05-06","303","PDR Ltd. d/b/a PublicDomainRegistry.com","whois.publicdomainregistry.com","http://www.publicdomainregistry.com","GDPR Masked","GDPR Masked","GDPR Masked","GDPR Masked","","GDPR Masked","Hungary","gdpr-masking@gdpr-masked.com","GDPR Masked","GDPR Masked","GDPR Masked","GDPR Masked","GDPR Masked","GDPR Masked","GDPR Masked","GDPR Masked","GDPR Masked","gdpr-masking@gdpr-masked.com","GDPR Masked","GDPR Masked","GDPR Masked","GDPR Masked","GDPR Masked","GDPR Masked","GDPR Masked","GDPR Masked","GDPR Masked","gdpr-masking@gdpr-masked.com","GDPR Masked","GDPR Masked","","","","","","","","","","","ns1.silicium.eu","ns3.silicium.eu","","","clientTransferProhibited","","",""
"19","budcb.com","2020-05-08 19:24:51","2020-05-07","","2021-05-07","1505","Gransy s.r.o. d/b/a subreg.cz","whois.regtons.com","http://regtons.com","Not Disclosed Not Disclosed","Magyar Kongresszusi Iroda Kft.","Not Disclosed","Not Disclosed","","Not Disclosed","Hungary","webproxy@whoisprotection.domains","Not Disclosed","Not Disclosed","Not Disclosed Not Disclosed","","Not Disclosed","Not Disclosed","Not Disclosed","Not Disclosed","Not Disclosed","webproxy@whoisprotection.domains","Not Disclosed","Not Disclosed","Not Disclosed Not Disclosed","","Not Disclosed","Not Disclosed","Not Disclosed","Not Disclosed","Not Disclosed","webproxy@whoisprotection.domains","Not Disclosed","Not Disclosed","","","","","","","","","","","ns1.gyumolcstarhely.hu","ns2.gyumolcstarhely.hu","ns3.gyumolcstarhely.hu","","","","",""
"20","chalipagroup.com","2020-05-08 20:03:43","2020-05-06","2020-05-06","2021-05-06","82","OnlineNIC, Inc.","whois.onlinenic.com","http://www.onlinenic.com","NicAgent","NicAgent","","","PECS","","Hungary","","","","","","","","","","","","","","","","","","","","","","","","","","","","","","","","","","ns127.mihanwebhost.com","ns128.mihanwebhost.com","","","clientTransferProhibited","","",""
"21","chameleoncipo.com","2020-05-08 20:56:57","2020-05-07","2020-05-07","2021-05-07","48","eNom, Inc.","whois.enom.com","http://www.enom.com","REDACTED FOR PRIVACY","REDACTED FOR PRIVACY","REDACTED FOR PRIVACY","REDACTED FOR PRIVACY","Pest Megye","REDACTED FOR PRIVACY","Hungary","","REDACTED FOR PRIVACY","REDACTED FOR PRIVACY","REDACTED FOR PRIVACY","REDACTED FOR PRIVACY","REDACTED FOR PRIVACY","REDACTED FOR PRIVACY","REDACTED FOR PRIVACY","REDACTED FOR PRIVACY","REDACTED FOR PRIVACY","","REDACTED FOR PRIVACY","REDACTED FOR PRIVACY","REDACTED FOR PRIVACY","REDACTED FOR PRIVACY","REDACTED FOR PRIVACY","REDACTED FOR PRIVACY","REDACTED FOR PRIVACY","REDACTED FOR PRIVACY","REDACTED FOR PRIVACY","","REDACTED FOR PRIVACY","REDACTED FOR PRIVACY","","","","","","","","","","","ns1.duosol.net","ns2.duosol.net","","","addPeriod","clientTransferProhibited","",""
"22","citybookmeysam.com","2020-05-08 19:54:05","2020-05-07","2020-05-07","2021-05-07","82","OnlineNIC, Inc.","whois.onlinenic.com","http://www.onlinenic.com","NicAgent","NicAgent","","","PECS","","Hungary","","","","","","","","","","","","","","","","","","","","","","","","","","","","","","","","","","ns127.mihanwebhost.com","ns128.mihanwebhost.com","","","clientTransferProhibited","","",""
"23","cometvalleybordercollies.com","2020-05-08 19:17:18","2020-05-06","2020-05-06","2021-05-06","1387","1API GmbH","whois.1api.net","http://www.1api.net","REDACTED FOR PRIVACY","REDACTED FOR PRIVACY","REDACTED FOR PRIVACY","REDACTED FOR PRIVACY","","REDACTED FOR PRIVACY","Hungary","","REDACTED FOR PRIVACY","","REDACTED FOR PRIVACY","REDACTED FOR PRIVACY","REDACTED FOR PRIVACY","REDACTED FOR PRIVACY","REDACTED FOR PRIVACY","REDACTED FOR PRIVACY","REDACTED FOR PRIVACY","","REDACTED FOR PRIVACY","","REDACTED FOR PRIVACY","REDACTED FOR PRIVACY","REDACTED FOR PRIVACY","REDACTED FOR PRIVACY","REDACTED FOR PRIVACY","REDACTED FOR PRIVACY","REDACTED FOR PRIVACY","","REDACTED FOR PRIVACY","","","","","","","","","","","","ns1.webonic.hu","ns2.webonic.hu","ns3.webonic.hu","","clientTransferProhibited","","",""
"24","cosmetogether.com","2020-05-08 19:40:13","2020-05-07","2020-05-07","2021-05-07","82","OnlineNIC, Inc.","whois.onlinenic.com","http://www.onlinenic.com","Static Pro Ep Kft","Static Pro Ep Kft","","","Pest","","Hungary","","","","","","","","","","","","","","","","","","","","","","","","","","","","","","","","","","ns.tarhely.eu","ns56.tarhely.eu","","","clientTransferProhibited","","",""
"25","developpack.com","2020-05-08 20:45:09","2020-05-07","2020-05-07","2021-05-07","82","OnlineNIC, Inc.","whois.onlinenic.com","http://www.onlinenic.com","NicAgent","NicAgent","","","PECS","","Hungary","","","","","","","","","","","","","","","","","","","","","","","","","","","","","","","","","","ns339.mihanwebhost.com","ns340.mihanwebhost.com","","","clientTransferProhibited","","",""
"26","digitalmedia-worldwide.com","2020-05-08 20:45:07","2020-05-07","2020-05-07","2021-05-07","82","OnlineNIC, Inc.","whois.onlinenic.com","http://www.onlinenic.com","NicAgent","NicAgent","","","PECS","","Hungary","","","","","","","","","","","","","","","","","","","","","","","","","","","","","","","","","","ns339.mihanwebhost.com","ns340.mihanwebhost.com","","","clientTransferProhibited","","",""
"27","dmbambo.com","2020-05-08 20:03:51","2020-05-06","2020-05-06","2021-05-06","82","OnlineNIC, Inc.","whois.onlinenic.com","http://www.onlinenic.com","NicAgent","NicAgent","","","PECS","","Hungary","","","","","","","","","","","","","","","","","","","","","","","","","","","","","","","","","","ns127.mihanwebhost.com","ns128.mihanwebhost.com","","","clientTransferProhibited","","",""
"28","dmtaktaz.com","2020-05-08 20:14:15","2020-05-06","2020-05-06","2021-05-06","82","OnlineNIC, Inc.","whois.onlinenic.com","http://www.onlinenic.com","NicAgent","NicAgent","","","PECS","","Hungary","","","","","","","","","","","","","","","","","","","","","","","","","","","","","","","","","","ns127.mihanwebhost.com","ns128.mihanwebhost.com","","","clientTransferProhibited","","",""
"29","dr-a-jafarinejad.com","2020-05-08 19:55:59","2020-05-07","2020-05-07","2021-05-07","82","OnlineNIC, Inc.","whois.onlinenic.com","http://www.onlinenic.com","NicAgent","NicAgent","","","PECS","","Hungary","","","","","","","","","","","","","","","","","","","","","","","","","","","","","","","","","","ns339.mihanwebhost.com","ns340.mihanwebhost.com","","","clientTransferProhibited","","",""
"30","dynastysyrup.com","2020-05-08 19:40:16","2020-05-07","2020-05-07","2021-05-07","113","CSL Computer Service Langenbach GmbH d/b/a joker.com","whois.joker.com","http://www.joker.com","","","","","","","Hungary","","","","","","","","","","","","","","","","","","","","","","","","","","","","","","","","","","ns1.domdom.net","ns2.domdom.net","ns3.domdom.net","","clientTransferProhibited","","",""
"31","elitablak.com","2020-05-08 20:02:09","2020-05-06","2020-05-06","2021-05-06","1387","1API GmbH","whois.1api.net","http://www.1api.net","REDACTED FOR PRIVACY","REDACTED FOR PRIVACY","REDACTED FOR PRIVACY","REDACTED FOR PRIVACY","","REDACTED FOR PRIVACY","Hungary","","REDACTED FOR PRIVACY","","REDACTED FOR PRIVACY","REDACTED FOR PRIVACY","REDACTED FOR PRIVACY","REDACTED FOR PRIVACY","REDACTED FOR PRIVACY","REDACTED FOR PRIVACY","REDACTED FOR PRIVACY","","REDACTED FOR PRIVACY","","REDACTED FOR PRIVACY","REDACTED FOR PRIVACY","REDACTED FOR PRIVACY","REDACTED FOR PRIVACY","REDACTED FOR PRIVACY","REDACTED FOR PRIVACY","REDACTED FOR PRIVACY","","REDACTED FOR PRIVACY","","","","","","","","","","","","ns1.dns24.hu","ns2.dns24.hu","ns3.dns24.hu","ns4.dns24.hu","clientTransferProhibited","","",""
"32","elitnyilaszaro.com","2020-05-08 20:09:10","2020-05-06","2020-05-06","2021-05-06","1387","1API GmbH","whois.1api.net","http://www.1api.net","REDACTED FOR PRIVACY","REDACTED FOR PRIVACY","REDACTED FOR PRIVACY","REDACTED FOR PRIVACY","","REDACTED FOR PRIVACY","Hungary","","REDACTED FOR PRIVACY","","REDACTED FOR PRIVACY","REDACTED FOR PRIVACY","REDACTED FOR PRIVACY","REDACTED FOR PRIVACY","REDACTED FOR PRIVACY","REDACTED FOR PRIVACY","REDACTED FOR PRIVACY","","REDACTED FOR PRIVACY","","REDACTED FOR PRIVACY","REDACTED FOR PRIVACY","REDACTED FOR PRIVACY","REDACTED FOR PRIVACY","REDACTED FOR PRIVACY","REDACTED FOR PRIVACY","REDACTED FOR PRIVACY","","REDACTED FOR PRIVACY","","","","","","","","","","","","ns1.dns24.hu","ns2.dns24.hu","ns3.dns24.hu","ns4.dns24.hu","clientTransferProhibited","","",""
"33","elka-s-n.com","2020-05-08 19:25:37","2020-05-07","2020-05-07","2021-05-07","82","OnlineNIC, Inc.","whois.onlinenic.com","http://www.onlinenic.com","NicAgent","NicAgent","","","PECS","","Hungary","","","","","","","","","","","","","","","","","","","","","","","","","","","","","","","","","","ns339.mihanwebhost.com","ns340.mihanwebhost.com","","","clientTransferProhibited","","",""
"34","farasabt.com","2020-05-08 21:07:52","2020-05-07","2020-05-07","2021-05-07","82","OnlineNIC, Inc.","whois.onlinenic.com","http://www.onlinenic.com","NicAgent","NicAgent","","","PECS","","Hungary","","","","","","","","","","","","","","","","","","","","","","","","","","","","","","","","","","ns127.mihanwebhost.com","ns128.mihanwebhost.com","ns339.mihanwebhost.com","ns340.mihanwebhost.com","OK","","",""
"35","fortunagoddes.com","2020-05-08 20:38:21","2020-05-07","2020-05-07","2021-05-07","146","GoDaddy.com, LLC","whois.godaddy.com","http://registrar.godaddy.com","","","","","Pest","","Hungary","","","","","","","","","","","","","","","","","","","","","","","","","","","","","","","","","","ns11.domaincontrol.com","ns12.domaincontrol.com","","","clientDeleteProhibited","clientRenewProhibited","clientTransferProhibited","clientUpdateProhibited"
"36","furst-art.com","2020-05-08 19:26:31","2020-05-07","2020-05-07","2021-05-07","303","PDR Ltd. d/b/a PublicDomainRegistry.com","whois.publicdomainregistry.com","http://www.publicdomainregistry.com","GDPR Masked","GDPR Masked","GDPR Masked","GDPR Masked","Hungary","GDPR Masked","Hungary","gdpr-masking@gdpr-masked.com","GDPR Masked","GDPR Masked","GDPR Masked","GDPR Masked","GDPR Masked","GDPR Masked","GDPR Masked","GDPR Masked","GDPR Masked","gdpr-masking@gdpr-masked.com","GDPR Masked","GDPR Masked","GDPR Masked","GDPR Masked","GDPR Masked","GDPR Masked","GDPR Masked","GDPR Masked","GDPR Masked","gdpr-masking@gdpr-masked.com","GDPR Masked","GDPR Masked","","","","","","","","","","","ns1.dns-parking.com","ns2.dns-parking.com","","","clientTransferProhibited","","",""
"37","gabriellrose.com","2020-05-08 19:53:04","2020-05-07","2020-05-07","2021-05-07","303","PDR Ltd. d/b/a PublicDomainRegistry.com","whois.publicdomainregistry.com","http://www.publicdomainregistry.com","GDPR Masked","GDPR Masked","GDPR Masked","GDPR Masked","Pest","GDPR Masked","Hungary","gdpr-masking@gdpr-masked.com","GDPR Masked","GDPR Masked","GDPR Masked","GDPR Masked","GDPR Masked","GDPR Masked","GDPR Masked","GDPR Masked","GDPR Masked","gdpr-masking@gdpr-masked.com","GDPR Masked","GDPR Masked","GDPR Masked","GDPR Masked","GDPR Masked","GDPR Masked","GDPR Masked","GDPR Masked","GDPR Masked","gdpr-masking@gdpr-masked.com","GDPR Masked","GDPR Masked","","","","","","","","","","","ns1.tarhelypark.hu","ns3.tarhelypark.hu","","","clientTransferProhibited","","",""
"38","gearboxtamirgah.com","2020-05-08 20:49:34","2020-05-07","2020-05-07","2021-05-07","82","OnlineNIC, Inc.","whois.onlinenic.com","http://www.onlinenic.com","NicAgent","NicAgent","","","PECS","","Hungary","","","","","","","","","","","","","","","","","","","","","","","","","","","","","","","","","","ns339.mihanwebhost.com","ns340.mihanwebhost.com","","","clientTransferProhibited","","",""
"39","gemgraphy.com","2020-05-08 20:06:43","2020-05-06","2020-05-07","2021-05-06","82","OnlineNIC, Inc.","whois.onlinenic.com","http://www.onlinenic.com","NicAgent","NicAgent","","","PECS","","Hungary","","","","","","","","","","","","","","","","","","","","","","","","","","","","","","","","","","ns145.mihanwebhost.com","ns146.mihanwebhost.com","","","clientTransferProhibited","","",""
"40","glam.reisen","2020-05-08 23:16:42","2020-05-06","2020-05-06","2021-05-06","809","Ledl.net GmbH","whois.ledl.net","http://www.domaintechnik.at","REDACTED FOR PRIVACY","","REDACTED FOR PRIVACY","REDACTED FOR PRIVACY","Magyarorszag (Hungary)","REDACTED FOR PRIVACY","Hungary","","REDACTED FOR PRIVACY","REDACTED FOR PRIVACY","","","","","","","","","","","","","","","","","","","","","","","","","","","","","","","","","","","addPeriod","","",""
"41","gymlife-app.com","2020-05-08 20:51:29","2020-05-07","2020-05-07","2021-05-07","82","OnlineNIC, Inc.","whois.onlinenic.com","http://www.onlinenic.com","NicAgent","NicAgent","","","PECS","","Hungary","","","","","","","","","","","","","","","","","","","","","","","","","","","","","","","","","","ns339.mihanwebhost.com","ns340.mihanwebhost.com","","","clientTransferProhibited","","",""
"42","healthyverzum.com","2020-05-08 20:45:35","2020-05-07","2020-05-07","2021-05-07","48","eNom, Inc.","whois.enom.com","http://www.enom.com","REDACTED FOR PRIVACY","REDACTED FOR PRIVACY","REDACTED FOR PRIVACY","REDACTED FOR PRIVACY","Hajdu-Bihar","REDACTED FOR PRIVACY","Hungary","","REDACTED FOR PRIVACY","REDACTED FOR PRIVACY","REDACTED FOR PRIVACY","REDACTED FOR PRIVACY","REDACTED FOR PRIVACY","REDACTED FOR PRIVACY","REDACTED FOR PRIVACY","REDACTED FOR PRIVACY","REDACTED FOR PRIVACY","","REDACTED FOR PRIVACY","REDACTED FOR PRIVACY","REDACTED FOR PRIVACY","REDACTED FOR PRIVACY","REDACTED FOR PRIVACY","REDACTED FOR PRIVACY","REDACTED FOR PRIVACY","REDACTED FOR PRIVACY","REDACTED FOR PRIVACY","","REDACTED FOR PRIVACY","REDACTED FOR PRIVACY","","","","","","","","","","","ns1.sybell.hu","ns2.sybell.hu","","","addPeriod","clientTransferProhibited","",""
"43","heliodor-e.com","2020-05-08 20:46:22","2020-05-07","2020-05-07","2021-05-07","82","OnlineNIC, Inc.","whois.onlinenic.com","http://www.onlinenic.com","None","None","","","Budapest","","Hungary","","","","","","","","","","","","","","","","","","","","","","","","","","","","","","","","","","ns.tns1.eu","ns.tns2.eu","","","clientTransferProhibited","","",""
"44","hoseinifar.com","2020-05-08 20:47:40","2020-05-07","2020-05-07","2021-05-07","82","OnlineNIC, Inc.","whois.onlinenic.com","http://www.onlinenic.com","NicAgent","NicAgent","","","PECS","","Hungary","","","","","","","","","","","","","","","","","","","","","","","","","","","","","","","","","","ns127.mihanwebhost.com","ns128.mihanwebhost.com","","","clientTransferProhibited","","",""
"45","hosseintadi.com","2020-05-08 19:59:15","2020-05-07","2020-05-07","2021-05-07","82","OnlineNIC, Inc.","whois.onlinenic.com","http://www.onlinenic.com","NicAgent","NicAgent","","","PECS","","Hungary","","","","","","","","","","","","","","","","","","","","","","","","","","","","","","","","","","ns127.mihanwebhost.com","ns128.mihanwebhost.com","","","clientTransferProhibited","","",""
"46","hungarodo.com","2020-05-08 19:52:55","2020-05-07","2020-05-07","2021-05-07","82","OnlineNIC, Inc.","whois.onlinenic.com","http://www.onlinenic.com","Oregional Kft","Oregional Kft","","","Pest","","Hungary","","","","","","","","","","","","","","","","","","","","","","","","","","","","","","","","","","ns.tns1.eu","ns.tns2.eu","","","clientTransferProhibited","","",""
"47","ingatlan.one","2020-05-09 00:19:12","2020-05-06","2020-05-06","2025-05-06","82","OnlineNIC, Inc.","whois.onlinenic.com","http://www.onlinenic.com","Varaljai Viktor","Varaljai Viktor","","","Hungary","","Hungary","","","","","","","","","","","","","","","","","","","","","","","","","","","","","","","","","","dns1.hu","dns2.hu","dns3.hu","","addPeriod","ok","",""
"48","innozoneservice.com","2020-05-08 21:09:48","2020-05-06","2020-05-06","2021-05-06","1387","1API GmbH","whois.1api.net","http://www.1api.net","REDACTED FOR PRIVACY","REDACTED FOR PRIVACY","REDACTED FOR PRIVACY","REDACTED FOR PRIVACY","","REDACTED FOR PRIVACY","Hungary","","REDACTED FOR PRIVACY","","REDACTED FOR PRIVACY","REDACTED FOR PRIVACY","REDACTED FOR PRIVACY","REDACTED FOR PRIVACY","REDACTED FOR PRIVACY","REDACTED FOR PRIVACY","REDACTED FOR PRIVACY","","REDACTED FOR PRIVACY","","REDACTED FOR PRIVACY","REDACTED FOR PRIVACY","REDACTED FOR PRIVACY","REDACTED FOR PRIVACY","REDACTED FOR PRIVACY","REDACTED FOR PRIVACY","REDACTED FOR PRIVACY","","REDACTED FOR PRIVACY","","","","","","","","","","","","ns1.dns24.hu","ns2.dns24.hu","ns3.dns24.hu","ns4.dns24.hu","clientTransferProhibited","","",""
"49","ionwebteam.com","2020-05-08 20:33:40","2020-05-07","2020-05-07","2021-05-07","69","Tucows Domains Inc.","whois.tucows.com","http://domainhelp.opensrs.net","REDACTED FOR PRIVACY","REDACTED FOR PRIVACY","REDACTED FOR PRIVACY","REDACTED FOR PRIVACY","XX","REDACTED FOR PRIVACY","Hungary","","REDACTED FOR PRIVACY","REDACTED FOR PRIVACY","REDACTED FOR PRIVACY","REDACTED FOR PRIVACY","REDACTED FOR PRIVACY","REDACTED FOR PRIVACY","REDACTED FOR PRIVACY","REDACTED FOR PRIVACY","REDACTED FOR PRIVACY","","REDACTED FOR PRIVACY","REDACTED FOR PRIVACY","REDACTED FOR PRIVACY","REDACTED FOR PRIVACY","REDACTED FOR PRIVACY","REDACTED FOR PRIVACY","REDACTED FOR PRIVACY","REDACTED FOR PRIVACY","REDACTED FOR PRIVACY","","REDACTED FOR PRIVACY","REDACTED FOR PRIVACY","","","","","","","","","","","ns1.gnldm1012.siteground.biz","ns2.gnldm1012.siteground.biz","","","clientTransferProhibited","clientUpdateProhibited","",""
"50","iranconmin.com","2020-05-08 19:35:11","2020-05-06","2020-05-06","2021-05-06","113","CSL Computer Service Langenbach GmbH d/b/a joker.com","whois.joker.com","http://www.joker.com","none","none","","","PECS","","Hungary","","","","","","","","","","","","","","","","","","","","","","","","","","","","","","","","","","ns127.mihanwebhost.com","ns128.mihanwebhost.com","","","clientTransferProhibited","","",""
"51","izmindireka.com","2020-05-08 21:15:03","2020-05-06","2020-05-06","2021-05-06","955","Launchpad, Inc.","whois.launchpad.com","http://www.launchpad.com","GDPR Masked","GDPR Masked","GDPR Masked","GDPR Masked","SF","GDPR Masked","Hungary","gdpr-masking@gdpr-masked.com","GDPR Masked","GDPR Masked","GDPR Masked","GDPR Masked","GDPR Masked","GDPR Masked","GDPR Masked","GDPR Masked","GDPR Masked","gdpr-masking@gdpr-masked.com","GDPR Masked","GDPR Masked","GDPR Masked","GDPR Masked","GDPR Masked","GDPR Masked","GDPR Masked","GDPR Masked","GDPR Masked","gdpr-masking@gdpr-masked.com","GDPR Masked","GDPR Masked","","","","","","","","","","","wns2029.hostgator.com","wns2030.hostgator.com","","","clientTransferProhibited","","",""
"52","jadouschool.com","2020-05-08 20:06:12","2020-05-06","2020-05-06","2021-05-06","82","OnlineNIC, Inc.","whois.onlinenic.com","http://www.onlinenic.com","NicAgent","NicAgent","","","PECS","","Hungary","","","","","","","","","","","","","","","","","","","","","","","","","","","","","","","","","","ns127.mihanwebhost.com","ns128.mihanwebhost.com","","","clientTransferProhibited","","",""
"53","jcbior.com","2020-05-08 19:26:02","2020-05-07","2020-05-07","2021-05-07","82","OnlineNIC, Inc.","whois.onlinenic.com","http://www.onlinenic.com","NicAgent","NicAgent","","","PECS","","Hungary","","","","","","","","","","","","","","","","","","","","","","","","","","","","","","","","","","ns339.mihanwebhost.com","ns340.mihanwebhost.com","","","clientTransferProhibited","","",""
"54","joco1114.life","2020-05-09 00:39:55","2020-05-06","2020-05-06","2021-05-06","113","CSL Computer Service Langenbach GmbH d/b/a joker.com","whois.joker.com","http://www.joker.com","REDACTED FOR PRIVACY","","REDACTED FOR PRIVACY","REDACTED FOR PRIVACY","","REDACTED FOR PRIVACY","Hungary","","REDACTED FOR PRIVACY","REDACTED FOR PRIVACY","","","","","","","","","","","","","","","","","","","","","","","","","","","","","","","","","","","addPeriod","clientTransferProhibited","",""
"55","kep-neked.com","2020-05-08 20:47:08","2020-05-07","2020-05-07","2021-05-07","69","Tucows Domains Inc.","whois.tucows.com","http://domainhelp.opensrs.net","REDACTED FOR PRIVACY","REDACTED FOR PRIVACY","REDACTED FOR PRIVACY","REDACTED FOR PRIVACY","REDACTED FOR PRIVACY","REDACTED FOR PRIVACY","Hungary","","REDACTED FOR PRIVACY","REDACTED FOR PRIVACY","REDACTED FOR PRIVACY","REDACTED FOR PRIVACY","REDACTED FOR PRIVACY","REDACTED FOR PRIVACY","REDACTED FOR PRIVACY","REDACTED FOR PRIVACY","REDACTED FOR PRIVACY","","REDACTED FOR PRIVACY","REDACTED FOR PRIVACY","REDACTED FOR PRIVACY","REDACTED FOR PRIVACY","REDACTED FOR PRIVACY","REDACTED FOR PRIVACY","REDACTED FOR PRIVACY","REDACTED FOR PRIVACY","REDACTED FOR PRIVACY","","REDACTED FOR PRIVACY","REDACTED FOR PRIVACY","","","","","","","","","","","ns.forpsi.cz","ns.forpsi.it","ns.forpsi.net","","clientTransferProhibited","clientUpdateProhibited","",""
"56","keyhan-group.com","2020-05-08 20:34:31","2020-05-07","2020-05-07","2021-05-07","82","OnlineNIC, Inc.","whois.onlinenic.com","http://www.onlinenic.com","NicAgent","NicAgent","","","PECS","","Hungary","","","","","","","","","","","","","","","","","","","","","","","","","","","","","","","","","","ns201.mihanwebhost.com","ns202.mihanwebhost.com","","","clientTransferProhibited","","",""
"57","koncertpromo.com","2020-05-08 20:40:23","2020-05-07","2020-05-07","2021-05-07","82","OnlineNIC, Inc.","whois.onlinenic.com","http://www.onlinenic.com","BPM Management Group Kft.","BPM Management Group Kft.","","","Pest","","Hungary","","","","","","","","","","","","","","","","","","","","","","","","","","","","","","","","","","ns.tns1.eu","ns.tns2.eu","","","clientTransferProhibited","","",""
"58","konyhaszabosag.com","2020-05-08 20:01:32","2020-05-06","2020-05-06","2021-05-06","106","Ascio Technologies, Inc. Danmark - Filial af Ascio technologies, Inc. USA","whois.ascio.com","http://www.ascio.com","Not Disclosed","Not Disclosed","Not Disclosed","Not Disclosed","","Not Disclosed","Hungary","","Not Disclosed","Not Disclosed","Not Disclosed","Not Disclosed","Not Disclosed","Not Disclosed","Not Disclosed","Not Disclosed","Not Disclosed","","Not Disclosed","Not Disclosed","Not Disclosed","Not Disclosed","Not Disclosed","Not Disclosed","Not Disclosed","Not Disclosed","Not Disclosed","","Not Disclosed","Not Disclosed","","","","","","","","","","","dns1.123hjemmeside.dk","dns2.123hjemmeside.dk","dns3.123hjemmeside.dk","","OK","","",""
"59","kovaszfx.com","2020-05-08 20:47:30","2020-05-07","2020-05-07","2021-05-07","1501","DotRoll Kft.","whois.dotroll.com","http://www.dotroll.com","iDevice Kft","iDevice Kft","","","","","Hungary","","","","","","","","","","","","","","","","","","","","","","","","","","","","","","","","","","ns1.dotroll.com","ns2.dotroll.com","","","OK","","",""
"60","laslorent.com","2020-05-08 19:51:22","2020-05-07","2020-05-07","2021-05-07","303","PDR Ltd. d/b/a PublicDomainRegistry.com","whois.publicdomainregistry.com","http://www.publicdomainregistry.com","GDPR Masked","GDPR Masked","GDPR Masked","GDPR Masked","","GDPR Masked","Hungary","gdpr-masking@gdpr-masked.com","GDPR Masked","GDPR Masked","GDPR Masked","GDPR Masked","GDPR Masked","GDPR Masked","GDPR Masked","GDPR Masked","GDPR Masked","gdpr-masking@gdpr-masked.com","GDPR Masked","GDPR Masked","GDPR Masked","GDPR Masked","GDPR Masked","GDPR Masked","GDPR Masked","GDPR Masked","GDPR Masked","gdpr-masking@gdpr-masked.com","GDPR Masked","GDPR Masked","","","","","","","","","","","ns1.webpark.hu","ns2.webpark.hu","","","clientTransferProhibited","","",""
"61","learnhungarian.today","2020-05-08 22:48:01","2020-05-06","2020-05-06","2021-05-06","146","GoDaddy.com, LLC","whois.godaddy.com","http://registrar.godaddy.com","REDACTED FOR PRIVACY","","REDACTED FOR PRIVACY","REDACTED FOR PRIVACY","Central Hungary","REDACTED FOR PRIVACY","Hungary","","REDACTED FOR PRIVACY","REDACTED FOR PRIVACY","","","","","","","","","","","","","","","","","","","","","","","","","","","","","","","","","","","addPeriod","clientDeleteProhibited","clientRenewProhibited","clientTransferProhibited"
"62","legobrickfilms.com","2020-05-08 19:28:03","2020-05-07","","2021-05-07","1505","Gransy s.r.o. d/b/a subreg.cz","whois.regtons.com","http://regtons.com","Not Disclosed Not Disclosed","","Not Disclosed","Not Disclosed","","Not Disclosed","Hungary","webproxy@whoisprotection.domains","Not Disclosed","Not Disclosed","Not Disclosed Not Disclosed","","Not Disclosed","Not Disclosed","Not Disclosed","Not Disclosed","Not Disclosed","webproxy@whoisprotection.domains","Not Disclosed","Not Disclosed","Not Disclosed Not Disclosed","","Not Disclosed","Not Disclosed","Not Disclosed","Not Disclosed","Not Disclosed","webproxy@whoisprotection.domains","Not Disclosed","Not Disclosed","","","","","","","","","","","ns1.gyumolcstarhely.hu","ns2.gyumolcstarhely.hu","ns3.gyumolcstarhely.hu","","","","",""
"63","letteralingo.com","2020-05-08 20:03:17","2020-05-06","2020-05-06","2021-05-06","1387","1API GmbH","whois.1api.net","http://www.1api.net","REDACTED FOR PRIVACY","REDACTED FOR PRIVACY","REDACTED FOR PRIVACY","REDACTED FOR PRIVACY","","REDACTED FOR PRIVACY","Hungary","","REDACTED FOR PRIVACY","","REDACTED FOR PRIVACY","REDACTED FOR PRIVACY","REDACTED FOR PRIVACY","REDACTED FOR PRIVACY","REDACTED FOR PRIVACY","REDACTED FOR PRIVACY","REDACTED FOR PRIVACY","","REDACTED FOR PRIVACY","","REDACTED FOR PRIVACY","REDACTED FOR PRIVACY","REDACTED FOR PRIVACY","REDACTED FOR PRIVACY","REDACTED FOR PRIVACY","REDACTED FOR PRIVACY","REDACTED FOR PRIVACY","","REDACTED FOR PRIVACY","","","","","","","","","","","","ns1.dns24.hu","ns2.dns24.hu","ns3.dns24.hu","ns4.dns24.hu","clientTransferProhibited","","",""
"64","littleavin.com","2020-05-08 20:39:44","2020-05-07","2020-05-07","2021-05-07","82","OnlineNIC, Inc.","whois.onlinenic.com","http://www.onlinenic.com","NicAgent","NicAgent","","","PECS","","Hungary","","","","","","","","","","","","","","","","","","","","","","","","","","","","","","","","","","ns127.mihanwebhost.com","ns128.mihanwebhost.com","","","clientTransferProhibited","","",""
"65","lux-home-properties.com","2020-05-08 20:00:24","2020-05-07","2020-05-07","2022-05-07","82","OnlineNIC, Inc.","whois.onlinenic.com","http://www.onlinenic.com","Lux Home Bau Kft.","Lux Home Bau Kft.","","","HU","","Hungary","","","","","","","","","","","","","","","","","","","","","","","","","","","","","","","","","","ns1.mediacenter.hu","ns2.mediacenter.hu","","","clientTransferProhibited","","",""
"66","lux-home-property.com","2020-05-08 20:00:18","2020-05-07","2020-05-07","2022-05-07","82","OnlineNIC, Inc.","whois.onlinenic.com","http://www.onlinenic.com","Lux Home Bau Kft.","Lux Home Bau Kft.","","","HU","","Hungary","","","","","","","","","","","","","","","","","","","","","","","","","","","","","","","","","","ns1.mediacenter.hu","ns2.mediacenter.hu","","","clientTransferProhibited","","",""
"67","madresehkala.com","2020-05-08 19:40:13","2020-05-07","2020-05-07","2021-05-07","82","OnlineNIC, Inc.","whois.onlinenic.com","http://www.onlinenic.com","NicAgent","NicAgent","","","PECS","","Hungary","","","","","","","","","","","","","","","","","","","","","","","","","","","","","","","","","","ns127.mihanwebhost.com","ns128.mihanwebhost.com","","","clientTransferProhibited","","",""
"68","magecmed.com","2020-05-08 20:39:58","2020-05-07","2020-05-07","2021-05-07","146","GoDaddy.com, LLC","whois.godaddy.com","http://registrar.godaddy.com","","","","","Hajdu-Bihar","","Hungary","","","","","","","","","","","","","","","","","","","","","","","","","","","","","","","","","","ns11.domaincontrol.com","ns12.domaincontrol.com","","","clientDeleteProhibited","clientRenewProhibited","clientTransferProhibited","clientUpdateProhibited"
"69","mentavill.com","2020-05-08 20:45:27","2020-05-07","2020-05-07","2021-05-07","1501","DotRoll Kft.","whois.dotroll.com","http://www.dotroll.com","MENTAVILL Villamosipari Kereskedelmi es Szolgaltato Kft.","MENTAVILL Villamosipari Kereskedelmi es Szolgaltato Kft.","","","Fejer","","Hungary","","","","","","","","","","","","","","","","","","","","","","","","","","","","","","","","","","ns1.dotroll.com","ns2.dotroll.com","","","OK","","",""
"70","mirasmelk.com","2020-05-08 20:46:16","2020-05-07","2020-05-07","2021-05-07","82","OnlineNIC, Inc.","whois.onlinenic.com","http://www.onlinenic.com","NicAgent","NicAgent","","","PECS","","Hungary","","","","","","","","","","","","","","","","","","","","","","","","","","","","","","","","","","ns327.mihanwebhost.com","ns328.mihanwebhost.com","","","clientTransferProhibited","","",""
"71","mlmdatacenter.com","2020-05-08 20:46:11","2020-05-07","2020-05-07","2021-05-07","1501","DotRoll Kft.","whois.dotroll.com","http://www.dotroll.com","Xpertstudio Kft","Xpertstudio Kft","","","","","Hungary","","","","","","","","","","","","","","","","","","","","","","","","","","","","","","","","","","ns1.dotroll.com","ns2.dotroll.com","","","OK","","",""
"72","mobilklima.net","2020-05-09 00:31:42","2020-05-06","2020-05-07","2021-05-06","1501","DotRoll Kft.","whois.dotroll.com","http://www.dotroll.com","Aori Kft.","Aori Kft.","","","","","Hungary","","","","","","","","","","","","","","","","","","","","","","","","","","","","","","","","","","ns1.m.glbns.com","ns2.m.glbns.com","","","clientTransferProhibited","","",""
"73","msinas.com","2020-05-08 20:49:46","2020-05-07","2020-05-07","2021-05-07","82","OnlineNIC, Inc.","whois.onlinenic.com","http://www.onlinenic.com","NicAgent","NicAgent","","","PECS","","Hungary","","","","","","","","","","","","","","","","","","","","","","","","","","","","","","","","","","ns193.mihanwebhost.com","ns194.mihanwebhost.com","","","clientTransferProhibited","","",""
"74","mylifeisafestival.com","2020-05-08 20:33:13","2020-05-07","2020-05-07","2021-05-07","1501","DotRoll Kft.","whois.dotroll.com","http://www.dotroll.com","Fashion Management Kft.","Fashion Management Kft.","","","Pest","","Hungary","","","","","","","","","","","","","","","","","","","","","","","","","","","","","","","","","","ns1.dotroll.com","ns2.dotroll.com","","","OK","","",""
"75","myrazonit.com","2020-05-08 20:43:10","2020-05-07","","2021-05-07","1505","Gransy s.r.o. d/b/a subreg.cz","whois.regtons.com","http://regtons.com","Not Disclosed Not Disclosed","Green Edge Media Group Kft.","Not Disclosed","Not Disclosed","","Not Disclosed","Hungary","webproxy@whoisprotection.domains","Not Disclosed","Not Disclosed","Not Disclosed Not Disclosed","","Not Disclosed","Not Disclosed","Not Disclosed","Not Disclosed","Not Disclosed","webproxy@whoisprotection.domains","Not Disclosed","Not Disclosed","Not Disclosed Not Disclosed","","Not Disclosed","Not Disclosed","Not Disclosed","Not Disclosed","Not Disclosed","webproxy@whoisprotection.domains","Not Disclosed","Not Disclosed","","","","","","","","","","","ns1.gyumolcstarhely.hu","ns2.gyumolcstarhely.hu","ns3.gyumolcstarhely.hu","","","","",""
"76","mystofcreation.com","2020-05-08 19:54:43","2020-05-07","2020-05-07","2021-05-07","303","PDR Ltd. d/b/a PublicDomainRegistry.com","whois.publicdomainregistry.com","http://www.publicdomainregistry.com","GDPR Masked","GDPR Masked","GDPR Masked","GDPR Masked","Pest","GDPR Masked","Hungary","gdpr-masking@gdpr-masked.com","GDPR Masked","GDPR Masked","GDPR Masked","GDPR Masked","GDPR Masked","GDPR Masked","GDPR Masked","GDPR Masked","GDPR Masked","gdpr-masking@gdpr-masked.com","GDPR Masked","GDPR Masked","GDPR Masked","GDPR Masked","GDPR Masked","GDPR Masked","GDPR Masked","GDPR Masked","GDPR Masked","gdpr-masking@gdpr-masked.com","GDPR Masked","GDPR Masked","","","","","","","","","","","ns1.tarhelypark.hu","ns2.tarhelypark.hu","ns3.tarhelypark.hu","","clientTransferProhibited","","",""
"77","naeinzarrin.com","2020-05-08 20:43:30","2020-05-07","2020-05-07","2021-05-07","82","OnlineNIC, Inc.","whois.onlinenic.com","http://www.onlinenic.com","NicAgent","NicAgent","","","PECS","","Hungary","","","","","","","","","","","","","","","","","","","","","","","","","","","","","","","","","","ns339.mihanwebhost.com","ns340.mihanwebhost.com","","","clientTransferProhibited","","",""
"78","nanuzarinplast.com","2020-05-08 20:51:30","2020-05-07","2020-05-07","2021-05-07","82","OnlineNIC, Inc.","whois.onlinenic.com","http://www.onlinenic.com","NicAgent","NicAgent","","","PECS","","Hungary","","","","","","","","","","","","","","","","","","","","","","","","","","","","","","","","","","ns201.mihanwebhost.com","ns202.mihanwebhost.com","","","clientTransferProhibited","","",""
"79","nikkiczehart.com","2020-05-08 20:01:11","2020-05-06","2020-05-06","2022-05-06","146","GoDaddy.com, LLC","whois.godaddy.com","http://registrar.godaddy.com","","","","","Pest","","Hungary","","","","","","","","","","","","","","","","","","","","","","","","","","","","","","","","","","ns37.domaincontrol.com","ns38.domaincontrol.com","","","clientDeleteProhibited","clientRenewProhibited","clientTransferProhibited","clientUpdateProhibited"
"80","nilusdivat.com","2020-05-08 21:15:24","2020-05-06","2020-05-06","2021-05-06","69","Tucows Domains Inc.","whois.tucows.com","http://domainhelp.opensrs.net","REDACTED FOR PRIVACY","REDACTED FOR PRIVACY","REDACTED FOR PRIVACY","REDACTED FOR PRIVACY","REDACTED FOR PRIVACY","REDACTED FOR PRIVACY","Hungary","","REDACTED FOR PRIVACY","REDACTED FOR PRIVACY","REDACTED FOR PRIVACY","REDACTED FOR PRIVACY","REDACTED FOR PRIVACY","REDACTED FOR PRIVACY","REDACTED FOR PRIVACY","REDACTED FOR PRIVACY","REDACTED FOR PRIVACY","","REDACTED FOR PRIVACY","REDACTED FOR PRIVACY","REDACTED FOR PRIVACY","REDACTED FOR PRIVACY","REDACTED FOR PRIVACY","REDACTED FOR PRIVACY","REDACTED FOR PRIVACY","REDACTED FOR PRIVACY","REDACTED FOR PRIVACY","","REDACTED FOR PRIVACY","REDACTED FOR PRIVACY","","","","","","","","","","","ns.forpsi.cz","ns.forpsi.it","ns.forpsi.net","","clientTransferProhibited","clientUpdateProhibited","",""
"81","notrikaatlasalborz.com","2020-05-08 20:53:06","2020-05-07","2020-05-07","2021-05-07","82","OnlineNIC, Inc.","whois.onlinenic.com","http://www.onlinenic.com","NicAgent","NicAgent","","","PECS","","Hungary","","","","","","","","","","","","","","","","","","","","","","","","","","","","","","","","","","ns339.mihanwebhost.com","ns340.mihanwebhost.com","","","clientTransferProhibited","","",""
"82","novinshahrsaz.com","2020-05-08 21:19:34","2020-05-06","2020-05-06","2021-05-06","82","OnlineNIC, Inc.","whois.onlinenic.com","http://www.onlinenic.com","NicAgent","NicAgent","","","PECS","","Hungary","","","","","","","","","","","","","","","","","","","","","","","","","","","","","","","","","","ns127.mihanwebhost.com","ns128.mihanwebhost.com","","","clientTransferProhibited","","",""
"83","owjkade.com","2020-05-08 20:33:22","2020-05-07","2020-05-07","2021-05-07","82","OnlineNIC, Inc.","whois.onlinenic.com","http://www.onlinenic.com","NicAgent","NicAgent","","","PECS","","Hungary","","","","","","","","","","","","","","","","","","","","","","","","","","","","","","","","","","ns183.mihanwebhost.com","ns184.mihanwebhost.com","","","clientTransferProhibited","","",""
"84","parizadhandcraft.com","2020-05-08 20:02:06","2020-05-06","2020-05-06","2021-05-06","82","OnlineNIC, Inc.","whois.onlinenic.com","http://www.onlinenic.com","NicAgent","NicAgent","","","PECS","","Hungary","","","","","","","","","","","","","","","","","","","","","","","","","","","","","","","","","","ns127.mihanwebhost.com","ns128.mihanwebhost.com","","","clientTransferProhibited","","",""
"85","parsehpodcast.com","2020-05-08 20:44:55","2020-05-07","2020-05-07","2021-05-07","82","OnlineNIC, Inc.","whois.onlinenic.com","http://www.onlinenic.com","NicAgent","NicAgent","","","PECS","","Hungary","","","","","","","","","","","","","","","","","","","","","","","","","","","","","","","","","","ns339.mihanwebhost.com","ns340.mihanwebhost.com","","","clientTransferProhibited","","",""
"86","parsepodcast.com","2020-05-08 20:44:54","2020-05-07","2020-05-07","2021-05-07","82","OnlineNIC, Inc.","whois.onlinenic.com","http://www.onlinenic.com","NicAgent","NicAgent","","","PECS","","Hungary","","","","","","","","","","","","","","","","","","","","","","","","","","","","","","","","","","ns339.mihanwebhost.com","ns340.mihanwebhost.com","","","clientTransferProhibited","","",""
"87","partyfutar.com","2020-05-08 19:51:26","2020-05-07","2020-05-07","2021-05-07","69","Tucows Domains Inc.","whois.tucows.com","http://domainhelp.opensrs.net","REDACTED FOR PRIVACY","REDACTED FOR PRIVACY","REDACTED FOR PRIVACY","REDACTED FOR PRIVACY","REDACTED FOR PRIVACY","REDACTED FOR PRIVACY","Hungary","","REDACTED FOR PRIVACY","REDACTED FOR PRIVACY","REDACTED FOR PRIVACY","REDACTED FOR PRIVACY","REDACTED FOR PRIVACY","REDACTED FOR PRIVACY","REDACTED FOR PRIVACY","REDACTED FOR PRIVACY","REDACTED FOR PRIVACY","","REDACTED FOR PRIVACY","REDACTED FOR PRIVACY","REDACTED FOR PRIVACY","REDACTED FOR PRIVACY","REDACTED FOR PRIVACY","REDACTED FOR PRIVACY","REDACTED FOR PRIVACY","REDACTED FOR PRIVACY","REDACTED FOR PRIVACY","","REDACTED FOR PRIVACY","REDACTED FOR PRIVACY","","","","","","","","","","","ns.forpsi.cz","ns.forpsi.it","ns.forpsi.net","","clientTransferProhibited","clientUpdateProhibited","",""
"88","personalbudapestguide.com","2020-05-08 20:38:36","2020-05-07","2020-05-07","2021-05-07","69","Tucows Domains Inc.","whois.tucows.com","http://domainhelp.opensrs.net","REDACTED FOR PRIVACY","REDACTED FOR PRIVACY","REDACTED FOR PRIVACY","REDACTED FOR PRIVACY","REDACTED FOR PRIVACY","REDACTED FOR PRIVACY","Hungary","","REDACTED FOR PRIVACY","REDACTED FOR PRIVACY","REDACTED FOR PRIVACY","REDACTED FOR PRIVACY","REDACTED FOR PRIVACY","REDACTED FOR PRIVACY","REDACTED FOR PRIVACY","REDACTED FOR PRIVACY","REDACTED FOR PRIVACY","","REDACTED FOR PRIVACY","REDACTED FOR PRIVACY","REDACTED FOR PRIVACY","REDACTED FOR PRIVACY","REDACTED FOR PRIVACY","REDACTED FOR PRIVACY","REDACTED FOR PRIVACY","REDACTED FOR PRIVACY","REDACTED FOR PRIVACY","","REDACTED FOR PRIVACY","REDACTED FOR PRIVACY","","","","","","","","","","","ns.forpsi.cz","ns.forpsi.it","ns.forpsi.net","","clientTransferProhibited","clientUpdateProhibited","",""
"89","pishyar-group.com","2020-05-08 20:42:56","2020-05-07","2020-05-07","2021-05-07","82","OnlineNIC, Inc.","whois.onlinenic.com","http://www.onlinenic.com","NicAgent","NicAgent","","","PECS","","Hungary","","","","","","","","","","","","","","","","","","","","","","","","","","","","","","","","","","ns159.mihanwebhost.com","ns160.mihanwebhost.com","","","clientTransferProhibited","","",""
"90","qliqen.com","2020-05-08 20:26:09","2020-05-06","2020-05-06","2023-05-06","146","GoDaddy.com, LLC","whois.godaddy.com","http://registrar.godaddy.com","","","","","Szabolcs-Szatmar-Bereg megye","","Hungary","","","","","","","","","","","","","","","","","","","","","","","","","","","","","","","","","","ns11.domaincontrol.com","ns12.domaincontrol.com","","","clientDeleteProhibited","clientRenewProhibited","clientTransferProhibited","clientUpdateProhibited"
"91","qliqn.com","2020-05-08 20:13:36","2020-05-06","2020-05-06","2023-05-06","146","GoDaddy.com, LLC","whois.godaddy.com","http://registrar.godaddy.com","","","","","Szabolcs-Szatmar-Bereg megye","","Hungary","","","","","","","","","","","","","","","","","","","","","","","","","","","","","","","","","","ns53.domaincontrol.com","ns54.domaincontrol.com","","","clientDeleteProhibited","clientRenewProhibited","clientTransferProhibited","clientUpdateProhibited"
"92","rabindars.com","2020-05-08 20:01:54","2020-05-06","2020-05-06","2021-05-06","82","OnlineNIC, Inc.","whois.onlinenic.com","http://www.onlinenic.com","NicAgent","NicAgent","","","PECS","","Hungary","","","","","","","","","","","","","","","","","","","","","","","","","","","","","","","","","","ns127.mihanwebhost.com","ns128.mihanwebhost.com","","","clientTransferProhibited","","",""
"93","rayandadehgostar.com","2020-05-08 21:19:45","2020-05-06","2020-05-06","2021-05-06","82","OnlineNIC, Inc.","whois.onlinenic.com","http://www.onlinenic.com","NicAgent","NicAgent","","","PECS","","Hungary","","","","","","","","","","","","","","","","","","","","","","","","","","","","","","","","","","ns127.mihanwebhost.com","ns128.mihanwebhost.com","","","clientTransferProhibited","","",""
"94","riversidejajrood.com","2020-05-08 20:17:58","2020-05-06","2020-05-06","2021-05-06","82","OnlineNIC, Inc.","whois.onlinenic.com","http://www.onlinenic.com","NicAgent","NicAgent","","","PECS","","Hungary","","","","","","","","","","","","","","","","","","","","","","","","","","","","","","","","","","ns159.mihanwebhost.com","ns160.mihanwebhost.com","","","clientTransferProhibited","","",""
"95","royaliya.com","2020-05-08 19:59:08","2020-05-07","2020-05-07","2021-05-07","82","OnlineNIC, Inc.","whois.onlinenic.com","http://www.onlinenic.com","NicAgent","NicAgent","","","PECS","","Hungary","","","","","","","","","","","","","","","","","","","","","","","","","","","","","","","","","","ns127.mihanwebhost.com","ns128.mihanwebhost.com","","","clientTransferProhibited","","",""
"96","royaljame.com","2020-05-08 19:40:15","2020-05-07","2020-05-07","2021-05-07","82","OnlineNIC, Inc.","whois.onlinenic.com","http://www.onlinenic.com","NicAgent","NicAgent","","","PECS","","Hungary","","","","","","","","","","","","","","","","","","","","","","","","","","","","","","","","","","ns127.mihanwebhost.com","ns128.mihanwebhost.com","","","clientTransferProhibited","","",""
"97","royalpoosh.com","2020-05-08 19:54:05","2020-05-07","2020-05-07","2021-05-07","82","OnlineNIC, Inc.","whois.onlinenic.com","http://www.onlinenic.com","NicAgent","NicAgent","","","PECS","","Hungary","","","","","","","","","","","","","","","","","","","","","","","","","","","","","","","","","","ns127.mihanwebhost.com","ns128.mihanwebhost.com","","","clientTransferProhibited","","",""
"98","royalvitrin.com","2020-05-08 19:52:41","2020-05-07","2020-05-07","2021-05-07","82","OnlineNIC, Inc.","whois.onlinenic.com","http://www.onlinenic.com","NicAgent","NicAgent","","","PECS","","Hungary","","","","","","","","","","","","","","","","","","","","","","","","","","","","","","","","","","ns127.mihanwebhost.com","ns128.mihanwebhost.com","","","clientTransferProhibited","","",""
"99","sajdik.com","2020-05-08 19:38:37","2020-05-07","2020-05-07","2022-05-07","440","Wild West Domains, LLC","whois.wildwestdomains.com","http://www.wildwestdomains.com","kArton alapitvany","kArton alapitvany","","","Pest","","Hungary","","","","","","","","","","","","","","","","","","","","","","","","","","","","","","","","","","ns37.domaincontrol.com","ns38.domaincontrol.com","","","clientDeleteProhibited","clientRenewProhibited","clientTransferProhibited","clientUpdateProhibited"
"100","sikibrothers.com","2020-05-08 20:19:58","2020-05-06","2020-05-06","2021-05-06","69","Tucows Domains Inc.","whois.tucows.com","http://domainhelp.opensrs.net","REDACTED FOR PRIVACY","REDACTED FOR PRIVACY","REDACTED FOR PRIVACY","REDACTED FOR PRIVACY","REDACTED FOR PRIVACY","REDACTED FOR PRIVACY","Hungary","","REDACTED FOR PRIVACY","REDACTED FOR PRIVACY","REDACTED FOR PRIVACY","REDACTED FOR PRIVACY","REDACTED FOR PRIVACY","REDACTED FOR PRIVACY","REDACTED FOR PRIVACY","REDACTED FOR PRIVACY","REDACTED FOR PRIVACY","","REDACTED FOR PRIVACY","REDACTED FOR PRIVACY","REDACTED FOR PRIVACY","REDACTED FOR PRIVACY","REDACTED FOR PRIVACY","REDACTED FOR PRIVACY","REDACTED FOR PRIVACY","REDACTED FOR PRIVACY","REDACTED FOR PRIVACY","","REDACTED FOR PRIVACY","REDACTED FOR PRIVACY","","","","","","","","","","","ns.forpsi.cz","ns.forpsi.it","ns.forpsi.net","","clientTransferProhibited","clientUpdateProhibited","",""
"101","snorkel-fishing.com","2020-05-08 19:53:25","2020-05-07","2020-05-07","2021-05-07","146","GoDaddy.com, LLC","whois.godaddy.com","http://registrar.godaddy.com","Vas 15 Bt.","Vas 15 Bt.","","","Pest","","Hungary","","","","","","","","","","","","","","","","","","","","","","","","","","","","","","","","","","ns35.domaincontrol.com","ns36.domaincontrol.com","","","clientDeleteProhibited","clientRenewProhibited","clientTransferProhibited","clientUpdateProhibited"
"102","sportmate.fitness","2020-05-08 19:00:38","2020-05-06","2020-05-06","2021-05-06","625","Name.com, Inc.","whois.name.com","http://www.name.com","REDACTED FOR PRIVACY","SportMate Club Kft.","REDACTED FOR PRIVACY","REDACTED FOR PRIVACY","Gyor-Moson-Sopron","REDACTED FOR PRIVACY","Hungary","","REDACTED FOR PRIVACY","REDACTED FOR PRIVACY","","","","","","","","","","","","","","","","","","","","","","","","","","","","","","","","","","","addPeriod","clientTransferProhibited","",""
"103","szef-nagyker.com","2020-05-08 20:48:52","2020-05-07","2020-05-07","2021-05-07","303","PDR Ltd. d/b/a PublicDomainRegistry.com","whois.publicdomainregistry.com","http://www.publicdomainregistry.com","GDPR Masked","GDPR Masked","GDPR Masked","GDPR Masked","Pecs","GDPR Masked","Hungary","gdpr-masking@gdpr-masked.com","GDPR Masked","GDPR Masked","GDPR Masked","GDPR Masked","GDPR Masked","GDPR Masked","GDPR Masked","GDPR Masked","GDPR Masked","gdpr-masking@gdpr-masked.com","GDPR Masked","GDPR Masked","GDPR Masked","GDPR Masked","GDPR Masked","GDPR Masked","GDPR Masked","GDPR Masked","GDPR Masked","gdpr-masking@gdpr-masked.com","GDPR Masked","GDPR Masked","","","","","","","","","","","ns0.unas.eu","ns1.unas.eu","","","clientTransferProhibited","","",""
"104","tarantulashop-hu.com","2020-05-08 20:33:16","2020-05-07","2020-05-07","2021-05-07","303","PDR Ltd. d/b/a PublicDomainRegistry.com","whois.publicdomainregistry.com","http://www.publicdomainregistry.com","GDPR Masked","GDPR Masked","GDPR Masked","GDPR Masked","Hungary","GDPR Masked","Hungary","gdpr-masking@gdpr-masked.com","GDPR Masked","GDPR Masked","GDPR Masked","GDPR Masked","GDPR Masked","GDPR Masked","GDPR Masked","GDPR Masked","GDPR Masked","gdpr-masking@gdpr-masked.com","GDPR Masked","GDPR Masked","GDPR Masked","GDPR Masked","GDPR Masked","GDPR Masked","GDPR Masked","GDPR Masked","GDPR Masked","gdpr-masking@gdpr-masked.com","GDPR Masked","GDPR Masked","","","","","","","","","","","ns1.enter-system.com","ns2.enter-system.com","","","clientTransferProhibited","","",""
"105","tasisatvip.com","2020-05-08 20:45:24","2020-05-07","2020-05-07","2021-05-07","82","OnlineNIC, Inc.","whois.onlinenic.com","http://www.onlinenic.com","NicAgent","NicAgent","","","PECS","","Hungary","","","","","","","","","","","","","","","","","","","","","","","","","","","","","","","","","","ns127.mihanwebhost.com","ns128.mihanwebhost.com","","","clientTransferProhibited","","",""
"106","terelvalaszto.com","2020-05-08 19:34:17","2020-05-06","","2021-05-06","1505","Gransy s.r.o. d/b/a subreg.cz","whois.regtons.com","http://regtons.com","Not Disclosed Not Disclosed","","Not Disclosed","Not Disclosed","","Not Disclosed","Hungary","webproxy@whoisprotection.domains","Not Disclosed","Not Disclosed","Not Disclosed Not Disclosed","","Not Disclosed","Not Disclosed","Not Disclosed","Not Disclosed","Not Disclosed","webproxy@whoisprotection.domains","Not Disclosed","Not Disclosed","Not Disclosed Not Disclosed","","Not Disclosed","Not Disclosed","Not Disclosed","Not Disclosed","Not Disclosed","webproxy@whoisprotection.domains","Not Disclosed","Not Disclosed","","","","","","","","","","","ns1.gyumolcstarhely.hu","ns2.gyumolcstarhely.hu","ns3.gyumolcstarhely.hu","","","","",""
"107","truang.net","2020-05-09 00:28:07","2020-05-07","2020-05-07","2021-05-07","146","GoDaddy.com, LLC","whois.godaddy.com","http://registrar.godaddy.com","","","","","Pest","","Hungary","","","","","","","","","","","","","","","","","","","","","","","","","","","","","","","","","","ns35.domaincontrol.com","ns36.domaincontrol.com","","","clientDeleteProhibited","clientRenewProhibited","clientTransferProhibited","clientUpdateProhibited"
"108","urmafan.club","2020-05-09 00:49:10","2020-05-06","2020-05-06","2021-05-06","146","GoDaddy.com, LLC","whois.godaddy.com","http://registrar.godaddy.com","","","","","SzSzB megye","","Hungary","","","","","","","","","","","","","","","","","","","","","","","","","","","","","","","","","","ns53.domaincontrol.com","ns54.domaincontrol.com","","","addPeriod","clientDeleteProhibited","clientRenewProhibited","clientTransferProhibited"
"109","vampyderma.com","2020-05-08 21:15:33","2020-05-06","2020-05-06","2021-05-06","82","OnlineNIC, Inc.","whois.onlinenic.com","http://www.onlinenic.com","NicAgent","NicAgent","","","PECS","","Hungary","","","","","","","","","","","","","","","","","","","","","","","","","","","","","","","","","","ns339.mihanwebhost.com","ns340.mihanwebhost.com","","","clientTransferProhibited","","",""
"110","varliparts.com","2020-05-08 20:25:11","2020-05-06","2020-05-06","2021-05-06","82","OnlineNIC, Inc.","whois.onlinenic.com","http://www.onlinenic.com","NicAgent","NicAgent","","","PECS","","Hungary","","","","","","","","","","","","","","","","","","","","","","","","","","","","","","","","","","ns339.mihanwebhost.com","ns340.mihanwebhost.com","","","clientTransferProhibited","","",""
"111","vbnevt.com","2020-05-08 20:40:03","2020-05-07","2020-05-07","2021-05-07","303","PDR Ltd. d/b/a PublicDomainRegistry.com","whois.publicdomainregistry.com","http://www.publicdomainregistry.com","GDPR Masked","GDPR Masked","GDPR Masked","GDPR Masked","Sopron","GDPR Masked","Hungary","gdpr-masking@gdpr-masked.com","GDPR Masked","GDPR Masked","GDPR Masked","GDPR Masked","GDPR Masked","GDPR Masked","GDPR Masked","GDPR Masked","GDPR Masked","gdpr-masking@gdpr-masked.com","GDPR Masked","GDPR Masked","GDPR Masked","GDPR Masked","GDPR Masked","GDPR Masked","GDPR Masked","GDPR Masked","GDPR Masked","gdpr-masking@gdpr-masked.com","GDPR Masked","GDPR Masked","","","","","","","","","","","dalns127.hostwindsdns.com","dalns128.hostwindsdns.com","","","clientTransferProhibited","","",""
"112","veragraphic.com","2020-05-08 20:47:19","2020-05-07","2020-05-07","2021-05-07","82","OnlineNIC, Inc.","whois.onlinenic.com","http://www.onlinenic.com","NicAgent","NicAgent","","","PECS","","Hungary","","","","","","","","","","","","","","","","","","","","","","","","","","","","","","","","","","ns339.mihanwebhost.com","ns340.mihanwebhost.com","","","clientTransferProhibited","","",""
"113","visionxlaser.com","2020-05-08 19:51:07","2020-05-07","2020-05-07","2021-05-07","82","OnlineNIC, Inc.","whois.onlinenic.com","http://www.onlinenic.com","Hesse Trade Kft","Hesse Trade Kft","","","Pest","","Hungary","","","","","","","","","","","","","","","","","","","","","","","","","","","","","","","","","","ns.tns1.eu","ns.tns2.eu","","","clientTransferProhibited","","",""
"114","vytamin.net","2020-05-09 00:23:41","2020-05-06","2020-05-06","2021-05-06","146","GoDaddy.com, LLC","whois.godaddy.com","http://registrar.godaddy.com","","","","","Jasz-Nagykun-Szolnok","","Hungary","","","","","","","","","","","","","","","","","","","","","","","","","","","","","","","","","","ns11.domaincontrol.com","ns12.domaincontrol.com","","","clientDeleteProhibited","clientRenewProhibited","clientTransferProhibited","clientUpdateProhibited"
"115","widyl.com","2020-05-08 20:43:48","2020-05-07","2020-05-07","2021-05-07","82","OnlineNIC, Inc.","whois.onlinenic.com","http://www.onlinenic.com","Angyali Cukraszda Kft.","Angyali Cukraszda Kft.","","","Budapest","","Hungary","","","","","","","","","","","","","","","","","","","","","","","","","","","","","","","","","","ajakos.dima.hu","amidala.dima.hu","","","clientTransferProhibited","","",""
"116","woododesign.com","2020-05-08 19:26:22","2020-05-07","2020-05-07","2021-05-07","303","PDR Ltd. d/b/a PublicDomainRegistry.com","whois.publicdomainregistry.com","http://www.publicdomainregistry.com","GDPR Masked","GDPR Masked","GDPR Masked","GDPR Masked","Hungary","GDPR Masked","Hungary","gdpr-masking@gdpr-masked.com","GDPR Masked","GDPR Masked","GDPR Masked","GDPR Masked","GDPR Masked","GDPR Masked","GDPR Masked","GDPR Masked","GDPR Masked","gdpr-masking@gdpr-masked.com","GDPR Masked","GDPR Masked","GDPR Masked","GDPR Masked","GDPR Masked","GDPR Masked","GDPR Masked","GDPR Masked","GDPR Masked","gdpr-masking@gdpr-masked.com","GDPR Masked","GDPR Masked","","","","","","","","","","","ns1.dns-parking.com","ns2.dns-parking.com","","","clientTransferProhibited","","",""
"117","write.media","2020-05-09 00:34:28","2020-05-07","2020-05-07","2021-05-07","1387","1API GmbH","whois.1api.net","http://www.1api.net","REDACTED FOR PRIVACY","Virtua Drug","REDACTED FOR PRIVACY","REDACTED FOR PRIVACY","","REDACTED FOR PRIVACY","Hungary","","REDACTED FOR PRIVACY","REDACTED FOR PRIVACY","","","","","","","","","","","","","","","","","","","","","","","","","","","","","","","","","","","addPeriod","clientTransferProhibited","",""
"118","xfaptain.com","2020-05-08 20:03:22","2020-05-06","2020-05-06","2021-05-06","146","GoDaddy.com, LLC","whois.godaddy.com","http://registrar.godaddy.com","Marketingtechnikai Intezet Kft","Marketingtechnikai Intezet Kft","","","Pest","","Hungary","","","","","","","","","","","","","","","","","","","","","","","","","","","","","","","","","","ns11.domaincontrol.com","ns12.domaincontrol.com","","","clientDeleteProhibited","clientRenewProhibited","clientTransferProhibited","clientUpdateProhibited"
"119","yearbook-birminghamcity.com","2020-05-08 20:01:35","2020-05-06","2020-05-06","2021-05-06","146","GoDaddy.com, LLC","whois.godaddy.com","http://registrar.godaddy.com","Paragon 5 Limited","Paragon 5 Limited","","","Budapest","","Hungary","","","","","","","","","","","","","","","","","","","","","","","","","","","","","","","","","","ns35.domaincontrol.com","ns36.domaincontrol.com","","","clientDeleteProhibited","clientRenewProhibited","clientTransferProhibited","clientUpdateProhibited"
"120","yearbook-cardiff.com","2020-05-08 19:38:32","2020-05-07","2020-05-07","2021-05-07","146","GoDaddy.com, LLC","whois.godaddy.com","http://registrar.godaddy.com","Paragon 5 Limited","Paragon 5 Limited","","","Budapest","","Hungary","","","","","","","","","","","","","","","","","","","","","","","","","","","","","","","","","","ns75.domaincontrol.com","ns76.domaincontrol.com","","","clientDeleteProhibited","clientRenewProhibited","clientTransferProhibited","clientUpdateProhibited"
"121","zadobandkala.com","2020-05-08 19:40:57","2020-05-07","2020-05-07","2021-05-07","82","OnlineNIC, Inc.","whois.onlinenic.com","http://www.onlinenic.com","NicAgent","NicAgent","","","PECS","","Hungary","","","","","","","","","","","","","","","","","","","","","","","","","","","","","","","","","","ns339.mihanwebhost.com","ns340.mihanwebhost.com","","","clientTransferProhibited","","",""