"num","domain_name","query_time","create_date","update_date","expiry_date","domain_registrar_id","domain_registrar_name","domain_registrar_whois","domain_registrar_url","registrant_name","registrant_company","registrant_address","registrant_city","registrant_state","registrant_zip","registrant_country","registrant_email","registrant_phone","registrant_fax","administrative_name","administrative_company","administrative_address","administrative_city","administrative_state","administrative_zip","administrative_country","administrative_email","administrative_phone","administrative_fax","technical_name","technical_company","technical_address","technical_city","technical_state","technical_zip","technical_country","technical_email","technical_phone","technical_fax","billing_name","billing_company","billing_address","billing_city","billing_state","billing_zip","billing_country","billing_email","billing_phone","billing_fax","name_server_1","name_server_2","name_server_3","name_server_4","domain_status_1","domain_status_2","domain_status_3","domain_status_4"
"1","acjpg.com","2020-05-08 21:14:16","2020-05-06","2020-05-06","2021-05-06","886","Domain.com, LLC","whois.domain.com","http://www.domain.com","REDACTED FOR PRIVACY","REDACTED FOR PRIVACY","REDACTED FOR PRIVACY","REDACTED FOR PRIVACY","NA","REDACTED FOR PRIVACY","Iraq","","REDACTED FOR PRIVACY","REDACTED FOR PRIVACY","REDACTED FOR PRIVACY","REDACTED FOR PRIVACY","REDACTED FOR PRIVACY","REDACTED FOR PRIVACY","REDACTED FOR PRIVACY","REDACTED FOR PRIVACY","REDACTED FOR PRIVACY","","REDACTED FOR PRIVACY","REDACTED FOR PRIVACY","REDACTED FOR PRIVACY","REDACTED FOR PRIVACY","REDACTED FOR PRIVACY","REDACTED FOR PRIVACY","REDACTED FOR PRIVACY","REDACTED FOR PRIVACY","REDACTED FOR PRIVACY","","REDACTED FOR PRIVACY","REDACTED FOR PRIVACY","","","","","","","","","","","ns1.ipage.com","ns2.ipage.com","","","clientTransferProhibited","clientUpdateProhibited","",""
"2","alanbarairport.net","2020-05-09 00:34:02","2020-05-07","2020-05-07","2021-05-07","146","GoDaddy.com, LLC","whois.godaddy.com","http://registrar.godaddy.com","","","","","iraq","","Iraq","","","","","","","","","","","","","","","","","","","","","","","","","","","","","","","","","","ns75.domaincontrol.com","ns76.domaincontrol.com","","","clientDeleteProhibited","clientRenewProhibited","clientTransferProhibited","clientUpdateProhibited"
"3","aldobash-iq.com","2020-05-08 20:40:24","2020-05-07","2020-05-07","2021-05-07","625","Name.com, Inc.","whois.name.com","http://www.name.com","Seven Arts","Se7eN Arts","Jubaila","Basra","Jubaila","20003","Iraq","syria4tech@gmail.com","+964.7707172820","+964.7707172820","Seven Arts","Se7eN Arts","Jubaila","Basra","Jubaila","20003","Iraq","syria4tech@gmail.com","+964.7707172820","+964.7707172820","Seven Arts","Se7eN Arts","Jubaila","Basra","Jubaila","20003","Iraq","syria4tech@gmail.com","+964.7707172820","+964.7707172820","","","","","","","","","","","ns1.i2-host.com","ns2.i2-host.com","","","addPeriod","clientTransferProhibited","",""
"4","alfbe.com","2020-05-08 21:11:14","2020-05-06","2020-05-06","2021-05-06","146","GoDaddy.com, LLC","whois.godaddy.com","http://registrar.godaddy.com","","","","","KRG","","Iraq","","","","","","","","","","","","","","","","","","","","","","","","","","","","","","","","","","ns37.domaincontrol.com","ns38.domaincontrol.com","","","clientDeleteProhibited","clientRenewProhibited","clientTransferProhibited","clientUpdateProhibited"
"5","haimservice.com","2020-05-08 19:28:56","2020-05-07","2020-05-07","2021-05-07","146","GoDaddy.com, LLC","whois.godaddy.com","http://registrar.godaddy.com","Company","Company","","","AL","","Iraq","","","","","","","","","","","","","","","","","","","","","","","","","","","","","","","","","","ns1.dns-parking.com","ns2.dns-parking.com","","","clientDeleteProhibited","clientRenewProhibited","clientTransferProhibited","clientUpdateProhibited"
"6","laith1-athal.com","2020-05-08 21:11:10","2020-05-06","2020-05-06","2021-05-06","69","Tucows Domains Inc.","whois.tucows.com","http://domainhelp.opensrs.net","REDACTED FOR PRIVACY","REDACTED FOR PRIVACY","REDACTED FOR PRIVACY","REDACTED FOR PRIVACY","???????","REDACTED FOR PRIVACY","Iraq","","REDACTED FOR PRIVACY","REDACTED FOR PRIVACY","REDACTED FOR PRIVACY","REDACTED FOR PRIVACY","REDACTED FOR PRIVACY","REDACTED FOR PRIVACY","REDACTED FOR PRIVACY","REDACTED FOR PRIVACY","REDACTED FOR PRIVACY","","REDACTED FOR PRIVACY","REDACTED FOR PRIVACY","REDACTED FOR PRIVACY","REDACTED FOR PRIVACY","REDACTED FOR PRIVACY","REDACTED FOR PRIVACY","REDACTED FOR PRIVACY","REDACTED FOR PRIVACY","REDACTED FOR PRIVACY","","REDACTED FOR PRIVACY","REDACTED FOR PRIVACY","","","","","","","","","","","dns900a.trouble-free.net","dns900b.trouble-free.net","","","clientTransferProhibited","clientUpdateProhibited","",""
"7","mirangret.com","2020-05-08 21:12:23","2020-05-06","2020-05-06","2021-05-06","625","Name.com, Inc.","whois.name.com","http://www.name.com","Rawand Peshdary","RMR-Soft","www.rmr4it.com","Erbil","Erbil","00964","Iraq","info@rmr4it.com","+964.7507138355","","Rawand Peshdary","RMR-Soft","www.rmr4it.com","Erbil","Erbil","00964","Iraq","info@rmr4it.com","+964.7507138355","","Rawand Peshdary","RMR-Soft","www.rmr4it.com","Erbil","Erbil","00964","Iraq","info@rmr4it.com","+964.7507138355","","","","","","","","","","","","ns102.rmr4it.org","ns103.rmr4it.org","","","addPeriod","clientTransferProhibited","",""
"8","muheettele.com","2020-05-08 20:38:10","2020-05-07","2020-05-07","2021-05-07","625","Name.com, Inc.","whois.name.com","http://www.name.com","Mahdi Alzubaidi","","Baghdad","Baghdad","Karaddah","00964","Iraq","mi_ds@ymail.com","+964.7705707666","","Mahdi Alzubaidi","","Baghdad","Baghdad","Karaddah","00964","Iraq","mi_ds@ymail.com","+964.7705707666","","Mahdi Alzubaidi","","Baghdad","Baghdad","Karaddah","00964","Iraq","mi_ds@ymail.com","+964.7705707666","","","","","","","","","","","","ns1jlp.name.com","ns2kqz.name.com","ns3fgh.name.com","ns4fmx.name.com","addPeriod","clientTransferProhibited","",""
"9","nastyagroup.com","2020-05-08 19:25:34","2020-05-07","2020-05-07","2021-05-07","146","GoDaddy.com, LLC","whois.godaddy.com","http://registrar.godaddy.com","Nastya Technologies","Nastya Technologies","","","Sadoon","","Iraq","","","","","","","","","","","","","","","","","","","","","","","","","","","","","","","","","","ns11.domaincontrol.com","ns12.domaincontrol.com","","","clientDeleteProhibited","clientRenewProhibited","clientTransferProhibited","clientUpdateProhibited"
"10","omarfalih.com","2020-05-08 21:15:14","2020-05-06","2020-05-06","2022-05-06","146","GoDaddy.com, LLC","whois.godaddy.com","http://registrar.godaddy.com","","","","","+964 1","","Iraq","","","","","","","","","","","","","","","","","","","","","","","","","","","","","","","","","","ns1.biz.nf","ns2.biz.nf","","","clientDeleteProhibited","clientRenewProhibited","clientTransferProhibited","clientUpdateProhibited"
"11","pakf.net","2020-05-09 00:32:42","2020-05-07","2020-05-07","2021-05-07","625","Name.com, Inc.","whois.name.com","http://www.name.com","zana salm","web for kurd","Kurdistan Erbil Muzafarya","Hawler","erbil","00964","Iraq","info@web4kurd.com","+964.7504633902","+964.7504633902","zana salm","web for kurd","Kurdistan Erbil Muzafarya","Hawler","erbil","00964","Iraq","info@web4kurd.com","+964.7504633902","+964.7504633902","zana salm","web for kurd","Kurdistan Erbil Muzafarya","Hawler","erbil","00964","Iraq","info@web4kurd.com","+964.7504633902","+964.7504633902","","","","","","","","","","","ns1dhq.name.com","ns2fgp.name.com","ns3gnv.name.com","ns4qxz.name.com","addPeriod","clientTransferProhibited","",""
"12","rawah-albayan.com","2020-05-08 20:16:05","2020-05-06","2020-05-06","2021-05-06","625","Name.com, Inc.","whois.name.com","http://www.name.com","MISBAR TECH","ALMISBAR TECH LTD.","Al-Sina'a St, Baghdad, Iraq","Baghdad","Karadah","00964","Iraq","info@misbarcom.com","+964.7813655996","","MISBAR TECH","ALMISBAR TECH LTD.","Al-Sina'a St, Baghdad, Iraq","Baghdad","Karadah","00964","Iraq","info@misbarcom.com","+964.7813655996","","MISBAR TECH","ALMISBAR TECH LTD.","Al-Sina'a St, Baghdad, Iraq","Baghdad","Karadah","00964","Iraq","info@misbarcom.com","+964.7813655996","","","","","","","","","","","","ns1.pearhosting.net","ns2.pearhosting.net","","","addPeriod","clientTransferProhibited","",""
"13","shroqiq.com","2020-05-08 20:42:26","2020-05-07","2020-05-07","2021-05-07","625","Name.com, Inc.","whois.name.com","http://www.name.com","faieros sofe","211","iraq , iraq","Baghdad","Green","10008","Iraq","opropar@gmail.com","+964.7516288156","","faieros sofe","211","iraq , iraq","Baghdad","Green","10008","Iraq","opropar@gmail.com","+964.7516288156","","faieros sofe","211","iraq , iraq","Baghdad","Green","10008","Iraq","opropar@gmail.com","+964.7516288156","","","","","","","","","","","","brianna.ns.cloudflare.com","todd.ns.cloudflare.com","","","addPeriod","clientTransferProhibited","",""
"14","swissmanshop.com","2020-05-08 21:16:29","2020-05-06","2020-05-06","2021-05-06","146","GoDaddy.com, LLC","whois.godaddy.com","http://registrar.godaddy.com","","","","","BGD","","Iraq","","","","","","","","","","","","","","","","","","","","","","","","","","","","","","","","","","ns37.domaincontrol.com","ns38.domaincontrol.com","","","clientDeleteProhibited","clientRenewProhibited","clientTransferProhibited","clientUpdateProhibited"
"15","wasithousingcontractingoffice.com","2020-05-08 21:17:22","2020-05-06","2020-05-06","2021-05-06","303","PDR Ltd. d/b/a PublicDomainRegistry.com","whois.publicdomainregistry.com","http://www.publicdomainregistry.com","ALSCO Today","ALSCO Software","Baghdad Tower Street-ALSCO Building","Baghdad","Baghdad","10001","Iraq","alscotoday@alscosoftware.com","+964.7712996570","","ALSCO Today","ALSCO Software","Baghdad Tower Street-ALSCO Building","Baghdad","Baghdad","10001","Iraq","alscotoday@alscosoftware.com","+964.7712996570","","ALSCO Today","ALSCO Software","Baghdad Tower Street-ALSCO Building","Baghdad","Baghdad","10001","Iraq","alscotoday@alscosoftware.com","+964.7712996570","","","","","","","","","","","","ns1.alscocloud.net","ns2.alscocloud.net","","","clientTransferProhibited","","",""