"num","domain_name","query_time","create_date","update_date","expiry_date","domain_registrar_id","domain_registrar_name","domain_registrar_whois","domain_registrar_url","registrant_name","registrant_company","registrant_address","registrant_city","registrant_state","registrant_zip","registrant_country","registrant_email","registrant_phone","registrant_fax","administrative_name","administrative_company","administrative_address","administrative_city","administrative_state","administrative_zip","administrative_country","administrative_email","administrative_phone","administrative_fax","technical_name","technical_company","technical_address","technical_city","technical_state","technical_zip","technical_country","technical_email","technical_phone","technical_fax","billing_name","billing_company","billing_address","billing_city","billing_state","billing_zip","billing_country","billing_email","billing_phone","billing_fax","name_server_1","name_server_2","name_server_3","name_server_4","domain_status_1","domain_status_2","domain_status_3","domain_status_4"
"1","al-massat.com","2020-05-08 19:52:52","2020-05-07","2020-05-07","2021-05-07","146","GoDaddy.com, LLC","whois.godaddy.com","http://registrar.godaddy.com","1st Business Solutions","1st Business Solutions","","","","","Jordan","","","","","","","","","","","","","","","","","","","","","","","","","","","","","","","","","","amsns3.hostwindsdns.com","amsns4.hostwindsdns.com","","","clientDeleteProhibited","clientRenewProhibited","clientTransferProhibited","clientUpdateProhibited"
"2","atpdiesels.com","2020-05-08 19:27:05","2020-05-07","2020-05-07","2021-05-07","955","Launchpad, Inc.","whois.launchpad.com","http://www.launchpad.com","Ammar Jawhari","Alfayasel Laboratories","17214","amman","AJ","11195","Jordan","nara_matches@yahoo.com","+962.776755557","","Ammar Jawhari","Alfayasel Laboratories","17214","amman","AJ","11195","Jordan","nara_matches@yahoo.com","+962.776755557","","Ammar Jawhari","Alfayasel Laboratories","17214","amman","AJ","11195","Jordan","nara_matches@yahoo.com","+962.776755557","","","","","","","","","","","","ns1.bluehost.com","ns2.bluehost.com","","","clientTransferProhibited","","",""
"3","auto360s.com","2020-05-08 21:03:48","2020-05-07","2020-05-07","2022-05-07","146","GoDaddy.com, LLC","whois.godaddy.com","http://registrar.godaddy.com","AutoHub service center","AutoHub service center","","","Jordan","","Jordan","","","","","","","","","","","","","","","","","","","","","","","","","","","","","","","","","","ns75.domaincontrol.com","ns76.domaincontrol.com","","","clientDeleteProhibited","clientRenewProhibited","clientTransferProhibited","clientUpdateProhibited"
"4","beambrosia.com","2020-05-08 20:54:57","2020-05-07","2020-05-07","2021-05-07","303","PDR Ltd. d/b/a PublicDomainRegistry.com","whois.publicdomainregistry.com","http://www.publicdomainregistry.com","Samer Halteh","Zita","24 Abed Al Raheem Al Hajj Street Swefieh","Amman","Outside USA","11118","Jordan","info@zitaconsultancy.com","+962.962790785454","","Samer Halteh","Zita","24 Abed Al Raheem Al Hajj Street Swefieh","Amman","Outside USA","11118","Jordan","info@zitaconsultancy.com","+962.962790785454","","Samer Halteh","Zita","24 Abed Al Raheem Al Hajj Street Swefieh","Amman","Outside USA","11118","Jordan","info@zitaconsultancy.com","+962.962790785454","","","","","","","","","","","","ns1.sabsites.com","ns2.sabsites.com","","","clientTransferProhibited","","",""
"5","chocolattah.com","2020-05-08 20:57:48","2020-05-07","2020-05-07","2021-05-07","303","PDR Ltd. d/b/a PublicDomainRegistry.com","whois.publicdomainregistry.com","http://www.publicdomainregistry.com","Samer Halteh","Zita","24 Abed Al Raheem Al Hajj Street Swefieh","Amman","Outside USA","11118","Jordan","info@zitaconsultancy.com","+962.962790785454","","Samer Halteh","Zita","24 Abed Al Raheem Al Hajj Street Swefieh","Amman","Outside USA","11118","Jordan","info@zitaconsultancy.com","+962.962790785454","","Samer Halteh","Zita","24 Abed Al Raheem Al Hajj Street Swefieh","Amman","Outside USA","11118","Jordan","info@zitaconsultancy.com","+962.962790785454","","","","","","","","","","","","ns1.sabsites.com","ns2.sabsites.com","","","clientTransferProhibited","","",""
"6","covid19uujo.com","2020-05-08 21:17:18","2020-05-06","2020-05-06","2021-05-06","146","GoDaddy.com, LLC","whois.godaddy.com","http://registrar.godaddy.com","COVID-19 Unites Us","COVID-19 Unites Us","","","Amman","","Jordan","","","","","","","","","","","","","","","","","","","","","","","","","","","","","","","","","","ns53.domaincontrol.com","ns54.domaincontrol.com","","","OK","","",""
"7","dof3a.com","2020-05-08 21:13:47","2020-05-06","2020-05-06","2022-05-06","886","Domain.com, LLC","whois.domain.com","http://www.domain.com","REDACTED FOR PRIVACY","REDACTED FOR PRIVACY","REDACTED FOR PRIVACY","REDACTED FOR PRIVACY","NA","REDACTED FOR PRIVACY","Jordan","","REDACTED FOR PRIVACY","REDACTED FOR PRIVACY","REDACTED FOR PRIVACY","REDACTED FOR PRIVACY","REDACTED FOR PRIVACY","REDACTED FOR PRIVACY","REDACTED FOR PRIVACY","REDACTED FOR PRIVACY","REDACTED FOR PRIVACY","","REDACTED FOR PRIVACY","REDACTED FOR PRIVACY","REDACTED FOR PRIVACY","REDACTED FOR PRIVACY","REDACTED FOR PRIVACY","REDACTED FOR PRIVACY","REDACTED FOR PRIVACY","REDACTED FOR PRIVACY","REDACTED FOR PRIVACY","","REDACTED FOR PRIVACY","REDACTED FOR PRIVACY","","","","","","","","","","","ns1.mydomaincom-default.domainparkingserver.net","ns2.mydomaincom-default.domainparkingserver.net","","","clientTransferProhibited","clientUpdateProhibited","",""
"8","dostcams.net","2020-05-08 19:03:17","2020-05-07","2020-05-07","2021-05-07","955","Launchpad, Inc.","whois.launchpad.com","http://www.launchpad.com","Ammar Jawhari","Alfayasel Laboratories","17214","amman","AJ","11195","Jordan","nara_matches@yahoo.com","+962.776755557","","Ammar Jawhari","Alfayasel Laboratories","17214","amman","AJ","11195","Jordan","nara_matches@yahoo.com","+962.776755557","","Ammar Jawhari","Alfayasel Laboratories","17214","amman","AJ","11195","Jordan","nara_matches@yahoo.com","+962.776755557","","","","","","","","","","","","ns1.bluehost.com","ns2.bluehost.com","","","clientTransferProhibited","","",""
"9","estaitiehdecoration.com","2020-05-08 19:26:05","2020-05-07","2020-05-07","2021-05-07","146","GoDaddy.com, LLC","whois.godaddy.com","http://registrar.godaddy.com","WSI","WSI","","","Amman","","Jordan","","","","","","","","","","","","","","","","","","","","","","","","","","","","","","","","","","ns11.domaincontrol.com","ns12.domaincontrol.com","","","clientDeleteProhibited","clientRenewProhibited","clientTransferProhibited","clientUpdateProhibited"
"10","ftalogistics-nl.com","2020-05-08 19:27:27","2020-05-07","2020-05-07","2021-05-07","955","Launchpad, Inc.","whois.launchpad.com","http://www.launchpad.com","Ammar Jawhari","Alfayasel Laboratories","17214","amman","AJ","11195","Jordan","nara_matches@yahoo.com","+962.776755557","","Ammar Jawhari","Alfayasel Laboratories","17214","amman","AJ","11195","Jordan","nara_matches@yahoo.com","+962.776755557","","Ammar Jawhari","Alfayasel Laboratories","17214","amman","AJ","11195","Jordan","nara_matches@yahoo.com","+962.776755557","","","","","","","","","","","","ns1.bluehost.com","ns2.bluehost.com","","","clientTransferProhibited","","",""
"11","fututreleaders.com","2020-05-08 19:53:00","2020-05-07","2020-05-07","2021-05-07","303","PDR Ltd. d/b/a PublicDomainRegistry.com","whois.publicdomainregistry.com","http://www.publicdomainregistry.com","Omar Sulieman  Sulieman","Omar Sulieman  Sulieman","Yajoux","Zarqa","Zarqa","13710","Jordan","omarsalah.os10@gmail.com","+962.799406391","","Omar Sulieman  Sulieman","Omar Sulieman  Sulieman","Yajoux","Zarqa","Zarqa","13710","Jordan","omarsalah.os10@gmail.com","+962.799406391","","Omar Sulieman  Sulieman","Omar Sulieman  Sulieman","Yajoux","Zarqa","Zarqa","13710","Jordan","omarsalah.os10@gmail.com","+962.799406391","","","","","","","","","","","","ns1.dns-parking.com","ns2.dns-parking.com","","","clientTransferProhibited","","",""
"12","healthcare-jo.com","2020-05-08 19:54:38","2020-05-07","2020-05-07","2021-05-07","69","Tucows Domains Inc.","whois.tucows.com","http://domainhelp.opensrs.net","REDACTED FOR PRIVACY","REDACTED FOR PRIVACY","REDACTED FOR PRIVACY","REDACTED FOR PRIVACY","XX","REDACTED FOR PRIVACY","Jordan","","REDACTED FOR PRIVACY","REDACTED FOR PRIVACY","REDACTED FOR PRIVACY","REDACTED FOR PRIVACY","REDACTED FOR PRIVACY","REDACTED FOR PRIVACY","REDACTED FOR PRIVACY","REDACTED FOR PRIVACY","REDACTED FOR PRIVACY","","REDACTED FOR PRIVACY","REDACTED FOR PRIVACY","REDACTED FOR PRIVACY","REDACTED FOR PRIVACY","REDACTED FOR PRIVACY","REDACTED FOR PRIVACY","REDACTED FOR PRIVACY","REDACTED FOR PRIVACY","REDACTED FOR PRIVACY","","REDACTED FOR PRIVACY","REDACTED FOR PRIVACY","","","","","","","","","","","ns1.gnld1034.siteground.eu","ns2.gnld1034.siteground.eu","","","clientTransferProhibited","clientUpdateProhibited","",""
"13","huzgo.com","2020-05-08 21:14:00","2020-05-06","2020-05-06","2021-05-06","146","GoDaddy.com, LLC","whois.godaddy.com","http://registrar.godaddy.com","11DAYS","11DAYS","","","","","Jordan","","","","","","","","","","","","","","","","","","","","","","","","","","","","","","","","","","ns8401.hostgator.com","ns8402.hostgator.com","","","clientDeleteProhibited","clientRenewProhibited","clientTransferProhibited","clientUpdateProhibited"
"14","huzgo.net","2020-05-08 19:02:47","2020-05-06","2020-05-06","2021-05-06","146","GoDaddy.com, LLC","whois.godaddy.com","http://registrar.godaddy.com","11DAYS","11DAYS","","","","","Jordan","","","","","","","","","","","","","","","","","","","","","","","","","","","","","","","","","","ns37.domaincontrol.com","ns38.domaincontrol.com","","","clientDeleteProhibited","clientRenewProhibited","clientTransferProhibited","clientUpdateProhibited"
"15","intelligence.support","2020-05-08 22:50:45","2020-05-06","2020-05-06","2021-05-06","146","GoDaddy.com, LLC","whois.godaddy.com","http://registrar.godaddy.com","REDACTED FOR PRIVACY","Identities Agency","REDACTED FOR PRIVACY","REDACTED FOR PRIVACY","","REDACTED FOR PRIVACY","Jordan","","REDACTED FOR PRIVACY","REDACTED FOR PRIVACY","","","","","","","","","","","","","","","","","","","","","","","","","","","","","","","","","","","addPeriod","clientDeleteProhibited","clientRenewProhibited","clientTransferProhibited"
"16","jo-plus.com","2020-05-08 21:14:09","2020-05-06","2020-05-06","2021-05-06","146","GoDaddy.com, LLC","whois.godaddy.com","http://registrar.godaddy.com","Kilograms Creative Tactics","Kilograms Creative Tactics","","","Khalda","","Jordan","","","","","","","","","","","","","","","","","","","","","","","","","","","","","","","","","","ns35.domaincontrol.com","ns36.domaincontrol.com","","","clientDeleteProhibited","clientRenewProhibited","clientTransferProhibited","clientUpdateProhibited"
"17","jo.plus","2020-05-08 23:16:57","2020-05-06","2020-05-06","2021-05-06","146","GoDaddy.com, LLC","whois.godaddy.com","http://registrar.godaddy.com","REDACTED FOR PRIVACY","Kilograms Creative Tactics","REDACTED FOR PRIVACY","REDACTED FOR PRIVACY","Khalda","REDACTED FOR PRIVACY","Jordan","","REDACTED FOR PRIVACY","REDACTED FOR PRIVACY","","","","","","","","","","","","","","","","","","","","","","","","","","","","","","","","","","","addPeriod","clientDeleteProhibited","clientRenewProhibited","clientTransferProhibited"
"18","joaraq.com","2020-05-08 20:35:26","2020-05-07","2020-05-07","2021-05-07","146","GoDaddy.com, LLC","whois.godaddy.com","http://registrar.godaddy.com","Cherkesov","Cherkesov","","","Dahiet Rasheed","","Jordan","","","","","","","","","","","","","","","","","","","","","","","","","","","","","","","","","","ns37.domaincontrol.com","ns38.domaincontrol.com","","","clientDeleteProhibited","clientRenewProhibited","clientTransferProhibited","clientUpdateProhibited"
"19","ketohomechef.com","2020-05-08 20:21:48","2020-05-06","2020-05-06","2021-05-06","146","GoDaddy.com, LLC","whois.godaddy.com","http://registrar.godaddy.com","","","","","aljbeeha","","Jordan","","","","","","","","","","","","","","","","","","","","","","","","","","","","","","","","","","ns1.sedoparking.com","ns2.sedoparking.com","","","clientDeleteProhibited","clientRenewProhibited","clientTransferProhibited","clientUpdateProhibited"
"20","khayale.com","2020-05-08 21:21:11","2020-05-06","2020-05-06","2021-05-06","146","GoDaddy.com, LLC","whois.godaddy.com","http://registrar.godaddy.com","khayale studio","khayale studio","","","Amman","","Jordan","","","","","","","","","","","","","","","","","","","","","","","","","","","","","","","","","","ns11.domaincontrol.com","ns12.domaincontrol.com","","","clientDeleteProhibited","clientRenewProhibited","clientTransferProhibited","clientUpdateProhibited"
"21","lbseh.com","2020-05-08 19:17:54","2020-05-06","2020-05-06","2021-05-06","146","GoDaddy.com, LLC","whois.godaddy.com","http://registrar.godaddy.com","lbseh","lbseh","","","Amman","","Jordan","","","","","","","","","","","","","","","","","","","","","","","","","","","","","","","","","","ns37.domaincontrol.com","ns38.domaincontrol.com","","","clientDeleteProhibited","clientRenewProhibited","clientTransferProhibited","clientUpdateProhibited"
"22","lelievrerparis.com","2020-05-08 19:27:05","2020-05-07","2020-05-07","2021-05-07","955","Launchpad, Inc.","whois.launchpad.com","http://www.launchpad.com","Ammar Jawhari","Alfayasel Laboratories","17214","amman","AJ","11195","Jordan","nara_matches@yahoo.com","+962.776755557","","Ammar Jawhari","Alfayasel Laboratories","17214","amman","AJ","11195","Jordan","nara_matches@yahoo.com","+962.776755557","","Ammar Jawhari","Alfayasel Laboratories","17214","amman","AJ","11195","Jordan","nara_matches@yahoo.com","+962.776755557","","","","","","","","","","","","ns1.bluehost.com","ns2.bluehost.com","","","clientTransferProhibited","","",""
"23","matelda-demo.com","2020-05-08 21:14:23","2020-05-06","2020-05-06","2021-05-06","48","eNom, Inc.","whois.enom.com","http://www.enom.com","REDACTED FOR PRIVACY","REDACTED FOR PRIVACY","REDACTED FOR PRIVACY","REDACTED FOR PRIVACY","amman","REDACTED FOR PRIVACY","Jordan","","REDACTED FOR PRIVACY","REDACTED FOR PRIVACY","REDACTED FOR PRIVACY","REDACTED FOR PRIVACY","REDACTED FOR PRIVACY","REDACTED FOR PRIVACY","REDACTED FOR PRIVACY","REDACTED FOR PRIVACY","REDACTED FOR PRIVACY","","REDACTED FOR PRIVACY","REDACTED FOR PRIVACY","REDACTED FOR PRIVACY","REDACTED FOR PRIVACY","REDACTED FOR PRIVACY","REDACTED FOR PRIVACY","REDACTED FOR PRIVACY","REDACTED FOR PRIVACY","REDACTED FOR PRIVACY","","REDACTED FOR PRIVACY","REDACTED FOR PRIVACY","","","","","","","","","","","corporate.vip41.noc40.com","corporate.vip42.noc40.com","","","addPeriod","clientTransferProhibited","",""
"24","motherzon.com","2020-05-08 20:52:40","2020-05-07","2020-05-07","2021-05-07","146","GoDaddy.com, LLC","whois.godaddy.com","http://registrar.godaddy.com","website","website","","","Amman Governorate","","Jordan","","","","","","","","","","","","","","","","","","","","","","","","","","","","","","","","","","ns35.domaincontrol.com","ns36.domaincontrol.com","","","clientDeleteProhibited","clientRenewProhibited","clientTransferProhibited","clientUpdateProhibited"
"25","omantribe.com","2020-05-08 19:38:58","2020-05-07","2020-05-07","2021-05-07","146","GoDaddy.com, LLC","whois.godaddy.com","http://registrar.godaddy.com","Lingo Shack","Lingo Shack","","","Amman","","Jordan","","","","","","","","","","","","","","","","","","","","","","","","","","","","","","","","","","ns11.domaincontrol.com","ns12.domaincontrol.com","","","clientDeleteProhibited","clientRenewProhibited","clientTransferProhibited","clientUpdateProhibited"
"26","omantribes.com","2020-05-08 19:58:29","2020-05-07","2020-05-07","2021-05-07","146","GoDaddy.com, LLC","whois.godaddy.com","http://registrar.godaddy.com","Lingo Shack","Lingo Shack","","","Amman","","Jordan","","","","","","","","","","","","","","","","","","","","","","","","","","","","","","","","","","ns53.domaincontrol.com","ns54.domaincontrol.com","","","clientDeleteProhibited","clientRenewProhibited","clientTransferProhibited","clientUpdateProhibited"
"27","omantribes.net","2020-05-09 00:30:19","2020-05-07","2020-05-07","2021-05-07","146","GoDaddy.com, LLC","whois.godaddy.com","http://registrar.godaddy.com","Lingo Shack","Lingo Shack","","","Amman","","Jordan","","","","","","","","","","","","","","","","","","","","","","","","","","","","","","","","","","ns75.domaincontrol.com","ns76.domaincontrol.com","","","clientDeleteProhibited","clientRenewProhibited","clientTransferProhibited","clientUpdateProhibited"
"28","panoramaartgallery.com","2020-05-08 19:27:28","2020-05-07","2020-05-07","2021-05-07","146","GoDaddy.com, LLC","whois.godaddy.com","http://registrar.godaddy.com","jordan-explorer","jordan-explorer","","","Amman","","Jordan","","","","","","","","","","","","","","","","","","","","","","","","","","","","","","","","","","ns35.domaincontrol.com","ns36.domaincontrol.com","","","clientDeleteProhibited","clientRenewProhibited","clientTransferProhibited","clientUpdateProhibited"
"29","pinnacle-crm.com","2020-05-08 21:17:24","2020-05-06","2020-05-06","2021-05-06","146","GoDaddy.com, LLC","whois.godaddy.com","http://registrar.godaddy.com","Pinnacle Business & Marketing Consulting","Pinnacle Business & Marketing Consulting","","","AM","","Jordan","","","","","","","","","","","","","","","","","","","","","","","","","","","","","","","","","","ns53.domaincontrol.com","ns54.domaincontrol.com","","","clientDeleteProhibited","clientRenewProhibited","clientTransferProhibited","clientUpdateProhibited"
"30","qatarinvention.com","2020-05-08 19:38:40","2020-05-07","2020-05-07","2021-05-07","146","GoDaddy.com, LLC","whois.godaddy.com","http://registrar.godaddy.com","Lingo Shack","Lingo Shack","","","Amman","","Jordan","","","","","","","","","","","","","","","","","","","","","","","","","","","","","","","","","","ns75.domaincontrol.com","ns76.domaincontrol.com","","","clientDeleteProhibited","clientRenewProhibited","clientTransferProhibited","clientUpdateProhibited"
"31","qatarinvention.net","2020-05-09 00:28:58","2020-05-07","2020-05-07","2021-05-07","146","GoDaddy.com, LLC","whois.godaddy.com","http://registrar.godaddy.com","Lingo Shack","Lingo Shack","","","Amman","","Jordan","","","","","","","","","","","","","","","","","","","","","","","","","","","","","","","","","","ns35.domaincontrol.com","ns36.domaincontrol.com","","","clientDeleteProhibited","clientRenewProhibited","clientTransferProhibited","clientUpdateProhibited"
"32","qatarinventions.com","2020-05-08 19:57:54","2020-05-07","2020-05-07","2021-05-07","146","GoDaddy.com, LLC","whois.godaddy.com","http://registrar.godaddy.com","Lingo Shack","Lingo Shack","","","Amman","","Jordan","","","","","","","","","","","","","","","","","","","","","","","","","","","","","","","","","","ns53.domaincontrol.com","ns54.domaincontrol.com","","","clientDeleteProhibited","clientRenewProhibited","clientTransferProhibited","clientUpdateProhibited"
"33","qatarinventions.net","2020-05-09 00:28:58","2020-05-07","2020-05-07","2021-05-07","146","GoDaddy.com, LLC","whois.godaddy.com","http://registrar.godaddy.com","Lingo Shack","Lingo Shack","","","Amman","","Jordan","","","","","","","","","","","","","","","","","","","","","","","","","","","","","","","","","","ns37.domaincontrol.com","ns38.domaincontrol.com","","","clientDeleteProhibited","clientRenewProhibited","clientTransferProhibited","clientUpdateProhibited"
"34","qualifynetworks.com","2020-05-08 20:34:25","2020-05-07","2020-05-07","2021-05-07","440","Wild West Domains, LLC","whois.wildwestdomains.com","http://www.wildwestdomains.com","","","","","Amman","","Jordan","","","","","","","","","","","","","","","","","","","","","","","","","","","","","","","","","","ns3.kensoft.net","ns4.kensoft.net","","","clientDeleteProhibited","clientRenewProhibited","clientTransferProhibited","clientUpdateProhibited"
"35","romans-showers.com","2020-05-08 19:27:10","2020-05-07","2020-05-07","2021-05-07","955","Launchpad, Inc.","whois.launchpad.com","http://www.launchpad.com","Ammar Jawhari","Alfayasel Laboratories","17214","amman","AJ","11195","Jordan","nara_matches@yahoo.com","+962.776755557","","Ammar Jawhari","Alfayasel Laboratories","17214","amman","AJ","11195","Jordan","nara_matches@yahoo.com","+962.776755557","","Ammar Jawhari","Alfayasel Laboratories","17214","amman","AJ","11195","Jordan","nara_matches@yahoo.com","+962.776755557","","","","","","","","","","","","ns1.bluehost.com","ns2.bluehost.com","","","clientTransferProhibited","","",""
"36","sauditribe.com","2020-05-08 19:58:32","2020-05-07","2020-05-07","2021-05-07","146","GoDaddy.com, LLC","whois.godaddy.com","http://registrar.godaddy.com","Lingo Shack","Lingo Shack","","","Amman","","Jordan","","","","","","","","","","","","","","","","","","","","","","","","","","","","","","","","","","ns37.domaincontrol.com","ns38.domaincontrol.com","","","clientDeleteProhibited","clientRenewProhibited","clientTransferProhibited","clientUpdateProhibited"
"37","sauditribe.info","2020-05-09 00:41:14","2020-05-07","2020-05-07","2021-05-07","146","GoDaddy.com, LLC","whois.godaddy.com","http://registrar.godaddy.com","Lingo Shack","Lingo Shack","","","Amman","","Jordan","","","","","","","","","","","","","","","","","","","","","","","","","","","","","","","","","","ns53.domaincontrol.com","ns54.domaincontrol.com","","","addPeriod","clientDeleteProhibited","clientRenewProhibited","clientTransferProhibited"
"38","sauditribe.net","2020-05-09 00:26:59","2020-05-07","2020-05-07","2021-05-07","146","GoDaddy.com, LLC","whois.godaddy.com","http://registrar.godaddy.com","Lingo Shack","Lingo Shack","","","Amman","","Jordan","","","","","","","","","","","","","","","","","","","","","","","","","","","","","","","","","","ns11.domaincontrol.com","ns12.domaincontrol.com","","","clientDeleteProhibited","clientRenewProhibited","clientTransferProhibited","clientUpdateProhibited"
"39","sha3lan.com","2020-05-08 19:39:00","2020-05-07","2020-05-07","2021-05-07","146","GoDaddy.com, LLC","whois.godaddy.com","http://registrar.godaddy.com","Lingo Shack","Lingo Shack","","","Amman","","Jordan","","","","","","","","","","","","","","","","","","","","","","","","","","","","","","","","","","ns11.domaincontrol.com","ns12.domaincontrol.com","","","clientDeleteProhibited","clientRenewProhibited","clientTransferProhibited","clientUpdateProhibited"
"40","sha3lan.net","2020-05-09 00:26:42","2020-05-07","2020-05-07","2021-05-07","146","GoDaddy.com, LLC","whois.godaddy.com","http://registrar.godaddy.com","Lingo Shack","Lingo Shack","","","Amman","","Jordan","","","","","","","","","","","","","","","","","","","","","","","","","","","","","","","","","","ns11.domaincontrol.com","ns12.domaincontrol.com","","","clientDeleteProhibited","clientRenewProhibited","clientTransferProhibited","clientUpdateProhibited"
"41","sharekher.com","2020-05-08 20:03:24","2020-05-06","2020-05-06","2021-05-06","146","GoDaddy.com, LLC","whois.godaddy.com","http://registrar.godaddy.com","ShareKher","ShareKher","","","AA","","Jordan","","","","","","","","","","","","","","","","","","","","","","","","","","","","","","","","","","ns11.domaincontrol.com","ns12.domaincontrol.com","","","clientDeleteProhibited","clientRenewProhibited","clientTransferProhibited","clientUpdateProhibited"
"42","ssds-jo.com","2020-05-08 21:05:08","2020-05-07","2020-05-07","2021-05-07","146","GoDaddy.com, LLC","whois.godaddy.com","http://registrar.godaddy.com","Global Contratcs","Global Contratcs","","","Amman","","Jordan","","","","","","","","","","","","","","","","","","","","","","","","","","","","","","","","","","ns11.domaincontrol.com","ns12.domaincontrol.com","","","clientDeleteProhibited","clientRenewProhibited","clientTransferProhibited","clientUpdateProhibited"
"43","symphonymills.net","2020-05-09 00:28:30","2020-05-07","2020-05-07","2021-05-07","955","Launchpad, Inc.","whois.launchpad.com","http://www.launchpad.com","Ammar Jawhari","Alfayasel Laboratories","17214","amman","AJ","11195","Jordan","nara_matches@yahoo.com","+962.776755557","","Ammar Jawhari","Alfayasel Laboratories","17214","amman","AJ","11195","Jordan","nara_matches@yahoo.com","+962.776755557","","Ammar Jawhari","Alfayasel Laboratories","17214","amman","AJ","11195","Jordan","nara_matches@yahoo.com","+962.776755557","","","","","","","","","","","","ns1.bluehost.com","ns2.bluehost.com","","","clientTransferProhibited","","",""
"44","taskitat.com","2020-05-08 21:15:28","2020-05-06","2020-05-06","2021-05-06","146","GoDaddy.com, LLC","whois.godaddy.com","http://registrar.godaddy.com","","","","","Amman","","Jordan","","","","","","","","","","","","","","","","","","","","","","","","","","","","","","","","","","ns37.domaincontrol.com","ns38.domaincontrol.com","","","clientDeleteProhibited","clientRenewProhibited","clientTransferProhibited","clientUpdateProhibited"
"45","technoatc.com","2020-05-08 20:14:16","2020-05-06","2020-05-06","2021-05-06","625","Name.com, Inc.","whois.name.com","http://www.name.com","ahmad mustafa","tti","jordan , amman","amman","amman","00962","Jordan","support@technomenaa.com","+962.790643640","","ahmad mustafa","tti","jordan , amman","amman","amman","00962","Jordan","support@technomenaa.com","+962.790643640","","ahmad mustafa","tti","jordan , amman","amman","amman","00962","Jordan","support@technomenaa.com","+962.790643640","","","","","","","","","","","","ns1.technomenaa.com","ns2.technomenaa.com","","","addPeriod","clientTransferProhibited","",""
"46","trendsestore.com","2020-05-08 19:32:06","2020-05-06","2020-05-06","2021-05-06","146","GoDaddy.com, LLC","whois.godaddy.com","http://registrar.godaddy.com","ammman","ammman","","","amman","","Jordan","","","","","","","","","","","","","","","","","","","","","","","","","","","","","","","","","","ns37.domaincontrol.com","ns38.domaincontrol.com","","","clientDeleteProhibited","clientRenewProhibited","clientTransferProhibited","clientUpdateProhibited"
"47","utg-omn.com","2020-05-08 20:31:40","2020-05-06","2020-05-06","2021-05-06","146","GoDaddy.com, LLC","whois.godaddy.com","http://registrar.godaddy.com","","","","","Amman","","Jordan","","","","","","","","","","","","","","","","","","","","","","","","","","","","","","","","","","ns55.domaincontrol.com","ns56.domaincontrol.com","","","clientDeleteProhibited","clientRenewProhibited","clientTransferProhibited","clientUpdateProhibited"
"48","virtualjogging.com","2020-05-08 20:05:32","2020-05-06","2020-05-06","2021-05-06","146","GoDaddy.com, LLC","whois.godaddy.com","http://registrar.godaddy.com","","","","","aljbeeha","","Jordan","","","","","","","","","","","","","","","","","","","","","","","","","","","","","","","","","","ns1.sedoparking.com","ns2.sedoparking.com","","","clientDeleteProhibited","clientRenewProhibited","clientTransferProhibited","clientUpdateProhibited"
"49","virtualtelevisions.com","2020-05-08 20:29:50","2020-05-06","2020-05-06","2021-05-06","146","GoDaddy.com, LLC","whois.godaddy.com","http://registrar.godaddy.com","","","","","aljbeeha","","Jordan","","","","","","","","","","","","","","","","","","","","","","","","","","","","","","","","","","ns1.sedoparking.com","ns2.sedoparking.com","","","clientDeleteProhibited","clientRenewProhibited","clientTransferProhibited","clientUpdateProhibited"
"50","virtualunitedkingdom.com","2020-05-08 20:13:32","2020-05-06","2020-05-06","2021-05-06","146","GoDaddy.com, LLC","whois.godaddy.com","http://registrar.godaddy.com","","","","","aljbeeha","","Jordan","","","","","","","","","","","","","","","","","","","","","","","","","","","","","","","","","","ns1.sedoparking.com","ns2.sedoparking.com","","","clientDeleteProhibited","clientRenewProhibited","clientTransferProhibited","clientUpdateProhibited"
"51","visitjordanfromhome.com","2020-05-08 20:43:21","2020-05-07","2020-05-07","2021-05-07","146","GoDaddy.com, LLC","whois.godaddy.com","http://registrar.godaddy.com","Imagine for IT Services","Imagine for IT Services","","","Not Applicable","","Jordan","","","","","","","","","","","","","","","","","","","","","","","","","","","","","","","","","","ns75.domaincontrol.com","ns76.domaincontrol.com","","","clientDeleteProhibited","clientRenewProhibited","clientTransferProhibited","clientUpdateProhibited"
"52","wwcgame.com","2020-05-08 20:17:29","2020-05-06","2020-05-06","2021-05-06","146","GoDaddy.com, LLC","whois.godaddy.com","http://registrar.godaddy.com","","","","","Amman","","Jordan","","","","","","","","","","","","","","","","","","","","","","","","","","","","","","","","","","ns8533.hostgator.com","ns8534.hostgator.com","","","clientDeleteProhibited","clientRenewProhibited","clientTransferProhibited","clientUpdateProhibited"