"num","domain_name","query_time","create_date","update_date","expiry_date","domain_registrar_id","domain_registrar_name","domain_registrar_whois","domain_registrar_url","registrant_name","registrant_company","registrant_address","registrant_city","registrant_state","registrant_zip","registrant_country","registrant_email","registrant_phone","registrant_fax","administrative_name","administrative_company","administrative_address","administrative_city","administrative_state","administrative_zip","administrative_country","administrative_email","administrative_phone","administrative_fax","technical_name","technical_company","technical_address","technical_city","technical_state","technical_zip","technical_country","technical_email","technical_phone","technical_fax","billing_name","billing_company","billing_address","billing_city","billing_state","billing_zip","billing_country","billing_email","billing_phone","billing_fax","name_server_1","name_server_2","name_server_3","name_server_4","domain_status_1","domain_status_2","domain_status_3","domain_status_4"
"1","abocampaign.com","2020-05-08 19:54:41","2020-05-07","2020-05-07","2021-05-07","886","Domain.com, LLC","whois.domain.com","http://www.domain.com","REDACTED FOR PRIVACY","REDACTED FOR PRIVACY","REDACTED FOR PRIVACY","REDACTED FOR PRIVACY","NA","REDACTED FOR PRIVACY","Kenya","","REDACTED FOR PRIVACY","REDACTED FOR PRIVACY","REDACTED FOR PRIVACY","REDACTED FOR PRIVACY","REDACTED FOR PRIVACY","REDACTED FOR PRIVACY","REDACTED FOR PRIVACY","REDACTED FOR PRIVACY","REDACTED FOR PRIVACY","","REDACTED FOR PRIVACY","REDACTED FOR PRIVACY","REDACTED FOR PRIVACY","REDACTED FOR PRIVACY","REDACTED FOR PRIVACY","REDACTED FOR PRIVACY","REDACTED FOR PRIVACY","REDACTED FOR PRIVACY","REDACTED FOR PRIVACY","","REDACTED FOR PRIVACY","REDACTED FOR PRIVACY","","","","","","","","","","","ns10.wixdns.net","ns11.wixdns.net","","","","","",""
"2","afrikaswhiteages.com","2020-05-08 19:51:31","2020-05-07","2020-05-08","2021-05-07","1479","Namesilo, LLC","whois.namesilo.com","http://www.namesilo.com","Moses Kandaya","","Upperhill Gardens, Block B32","Nairobi","Nairobi","00100","Kenya","webcrunchkenya@gmail.com","+254.725050752","","Moses Kandaya","","Upperhill Gardens, Block B32","Nairobi","Nairobi","00100","Kenya","webcrunchkenya@gmail.com","+254.725050752","","Moses Kandaya","","Upperhill Gardens, Block B32","Nairobi","Nairobi","00100","Kenya","webcrunchkenya@gmail.com","+254.725050752","","","","","","","","","","","","ns1.cloudoon.com","ns2.cloudoon.com","ns3.cloudoon.com","","clientTransferProhibited","","",""
"3","alexandermacharia.com","2020-05-08 19:28:37","2020-05-07","2020-05-07","2021-05-07","146","GoDaddy.com, LLC","whois.godaddy.com","http://registrar.godaddy.com","krom","krom","","","NAirobi","","Kenya","","","","","","","","","","","","","","","","","","","","","","","","","","","","","","","","","","ns35.domaincontrol.com","ns36.domaincontrol.com","","","clientDeleteProhibited","clientRenewProhibited","clientTransferProhibited","clientUpdateProhibited"
"4","asam-one.com","2020-05-08 20:08:12","2020-05-06","2020-05-06","2021-05-06","886","Domain.com, LLC","whois.domain.com","http://www.domain.com","REDACTED FOR PRIVACY","REDACTED FOR PRIVACY","REDACTED FOR PRIVACY","REDACTED FOR PRIVACY","NA","REDACTED FOR PRIVACY","Kenya","","REDACTED FOR PRIVACY","REDACTED FOR PRIVACY","REDACTED FOR PRIVACY","REDACTED FOR PRIVACY","REDACTED FOR PRIVACY","REDACTED FOR PRIVACY","REDACTED FOR PRIVACY","REDACTED FOR PRIVACY","REDACTED FOR PRIVACY","","REDACTED FOR PRIVACY","REDACTED FOR PRIVACY","REDACTED FOR PRIVACY","REDACTED FOR PRIVACY","REDACTED FOR PRIVACY","REDACTED FOR PRIVACY","REDACTED FOR PRIVACY","REDACTED FOR PRIVACY","REDACTED FOR PRIVACY","","REDACTED FOR PRIVACY","REDACTED FOR PRIVACY","","","","","","","","","","","ns1.ipage.com","ns2.ipage.com","","","","","",""
"5","assignmentaffordableessays.com","2020-05-08 20:59:51","2020-05-07","2020-05-07","2021-05-07","146","GoDaddy.com, LLC","whois.godaddy.com","http://registrar.godaddy.com","","","","","Machakos","","Kenya","","","","","","","","","","","","","","","","","","","","","","","","","","","","","","","","","","ns37.domaincontrol.com","ns38.domaincontrol.com","","","clientDeleteProhibited","clientRenewProhibited","clientTransferProhibited","clientUpdateProhibited"
"6","beilessgroup.com","2020-05-08 19:54:06","2020-05-07","2020-05-08","2021-05-07","1479","Namesilo, LLC","whois.namesilo.com","http://www.namesilo.com","June Syowia","","50392","Nairobi","Nairobi","00200","Kenya","junesyowia@gmail.com","+254.0705911174","","June Syowia","","50392","Nairobi","Nairobi","00200","Kenya","junesyowia@gmail.com","+254.0705911174","","June Syowia","","50392","Nairobi","Nairobi","00200","Kenya","junesyowia@gmail.com","+254.0705911174","","","","","","","","","","","","ns8523.hostgator.com","ns8524.hostgator.com","","","clientTransferProhibited","","",""
"7","bridgpoint.com","2020-05-08 20:45:02","2020-05-07","2020-05-07","2021-05-07","303","PDR Ltd. d/b/a PublicDomainRegistry.com","whois.publicdomainregistry.com","http://www.publicdomainregistry.com","Jackson Ondala","Bridgapp","9390","Nairobi","Nairobi","00100","Kenya","jackweya@gmail.com","+254.254720664715","","Jackson Ondala","Bridgapp","9390","Nairobi","Nairobi","00100","Kenya","jackweya@gmail.com","+254.254720664715","","Jackson Ondala","Bridgapp","9390","Nairobi","Nairobi","00100","Kenya","jackweya@gmail.com","+254.254720664715","","","","","","","","","","","","ns1.bluehost.com","ns2.bluehost.com","","","clientTransferProhibited","","",""
"8","chariotforwarders.com","2020-05-08 20:01:26","2020-05-06","2020-05-06","2021-05-06","48","eNom, Inc.","whois.enom.com","http://www.enom.com","REDACTED FOR PRIVACY","REDACTED FOR PRIVACY","REDACTED FOR PRIVACY","REDACTED FOR PRIVACY","KE","REDACTED FOR PRIVACY","Kenya","","REDACTED FOR PRIVACY","REDACTED FOR PRIVACY","REDACTED FOR PRIVACY","REDACTED FOR PRIVACY","REDACTED FOR PRIVACY","REDACTED FOR PRIVACY","REDACTED FOR PRIVACY","REDACTED FOR PRIVACY","REDACTED FOR PRIVACY","","REDACTED FOR PRIVACY","REDACTED FOR PRIVACY","REDACTED FOR PRIVACY","REDACTED FOR PRIVACY","REDACTED FOR PRIVACY","REDACTED FOR PRIVACY","REDACTED FOR PRIVACY","REDACTED FOR PRIVACY","REDACTED FOR PRIVACY","","REDACTED FOR PRIVACY","REDACTED FOR PRIVACY","","","","","","","","","","","ns1.obwaka.org","ns2.obwaka.org","","","addPeriod","clientTransferProhibited","",""
"9","chekitv.com","2020-05-08 20:14:49","2020-05-06","2020-05-06","2021-05-06","303","PDR Ltd. d/b/a PublicDomainRegistry.com","whois.publicdomainregistry.com","http://www.publicdomainregistry.com","Peterson Kariuki","onfon media","69825","Nairobi","Nairobi","00400","Kenya","jonnieke@yahoo.com","+254.254724457435","","Peterson Kariuki","onfon media","69825","Nairobi","Nairobi","00400","Kenya","jonnieke@yahoo.com","+254.254724457435","","Peterson Kariuki","onfon media","69825","Nairobi","Nairobi","00400","Kenya","jonnieke@yahoo.com","+254.254724457435","","","","","","","","","","","","ns5001.mochahost.com","ns6001.mochahost.com","","","clientTransferProhibited","","",""
"10","classic105songs.com","2020-05-08 20:04:46","2020-05-06","2020-05-06","2021-05-06","955","Launchpad, Inc.","whois.launchpad.com","http://www.launchpad.com","Hot Hooks","None","Nairobi","Nairobi","01","00500","Kenya","pendamovie@gmail.com","+254.702916648","","Hot Hooks","None","Nairobi","Nairobi","01","00500","Kenya","pendamovie@gmail.com","+254.702916648","","Hot Hooks","None","Nairobi","Nairobi","01","00500","Kenya","pendamovie@gmail.com","+254.702916648","","","","","","","","","","","","ns1.linode.com","ns2.linode.com","ns3.linode.com","ns4.linode.com","clientTransferProhibited","","",""
"11","cosmeticvillageltd.com","2020-05-08 19:48:44","2020-05-07","2020-05-08","2021-05-07","1479","Namesilo, LLC","whois.namesilo.com","http://www.namesilo.com","Abraham Leleshep","","00100","Nairobi","Nairobi","00200","Kenya","abrolajiku@gmail.com","+254.0707591918","","Abraham Leleshep","","00100","Nairobi","Nairobi","00200","Kenya","abrolajiku@gmail.com","+254.0707591918","","Abraham Leleshep","","00100","Nairobi","Nairobi","00200","Kenya","abrolajiku@gmail.com","+254.0707591918","","","","","","","","","","","","ns1.cloudoon.com","ns2.cloudoon.com","ns3.cloudoon.com","","clientTransferProhibited","","",""
"12","demfrytraders.com","2020-05-08 19:57:35","2020-05-07","2020-05-07","2021-05-07","303","PDR Ltd. d/b/a PublicDomainRegistry.com","whois.publicdomainregistry.com","http://www.publicdomainregistry.com","Mteja Kwanza","","9816","nairobi","Nairobi Municipality","00200","Kenya","order@hawlast.com","+254.720401869","","Mteja Kwanza","","9816","nairobi","Nairobi Municipality","00200","Kenya","order@hawlast.com","+254.720401869","","Mteja Kwanza","","9816","nairobi","Nairobi Municipality","00200","Kenya","order@hawlast.com","+254.720401869","","","","","","","","","","","","ns1.accountsupport.com","ns2.accountsupport.com","","","clientTransferProhibited","","",""
"13","duka-tech.com","2020-05-08 21:18:36","2020-05-06","2020-05-06","2022-05-06","146","GoDaddy.com, LLC","whois.godaddy.com","http://registrar.godaddy.com","Dukatech Stores","Dukatech Stores","","","Nairobi","","Kenya","","","","","","","","","","","","","","","","","","","","","","","","","","","","","","","","","","ns1.duka-tech.com","ns2.duka-tech.com","ns3.duka-tech.com","ns4.duka-tech.com","clientDeleteProhibited","clientRenewProhibited","clientTransferProhibited","clientUpdateProhibited"
"14","elapko.com","2020-05-08 19:56:08","2020-05-07","2020-05-07","2021-05-07","303","PDR Ltd. d/b/a PublicDomainRegistry.com","whois.publicdomainregistry.com","http://www.publicdomainregistry.com","Jeffrey Cherogony","Kosmerc Systems Ltd","Muhuni House 1st Floor, Mchumbi Rd, South B P.O. Box 86166","Nairobi","Nairobi Area","00200","Kenya","jeffrey@kosmerc.com","+254.207861012","","Jeffrey Cherogony","Kosmerc Systems Ltd","Muhuni House 1st Floor, Mchumbi Rd, South B P.O. Box 86166","Nairobi","Nairobi Area","00200","Kenya","jeffrey@kosmerc.com","+254.207861012","","Jeffrey Cherogony","Kosmerc Systems Ltd","Muhuni House 1st Floor, Mchumbi Rd, South B P.O. Box 86166","Nairobi","Nairobi Area","00200","Kenya","jeffrey@kosmerc.com","+254.207861012","","","","","","","","","","","","ns0.sasahost.com","ns33.sasahost.com","","","clientTransferProhibited","","",""
"15","elmiphoneplace.com","2020-05-08 20:43:02","2020-05-07","2020-05-07","2021-05-07","955","Launchpad, Inc.","whois.launchpad.com","http://www.launchpad.com","Jimson Karungu","Imager Hub","Bishop Magua Center","Nairobi","200","01000","Kenya","jimsonkarungu@gmail.com","+254.780131163","","Jimson Karungu","Imager Hub","Bishop Magua Center","Nairobi","200","01000","Kenya","jimsonkarungu@gmail.com","+254.780131163","","Jimson Karungu","Imager Hub","Bishop Magua Center","Nairobi","200","01000","Kenya","jimsonkarungu@gmail.com","+254.780131163","","","","","","","","","","","","ns8519.hostgator.com","ns8520.hostgator.com","","","clientTransferProhibited","","",""
"16","emma-knoll.com","2020-05-08 20:50:47","2020-05-07","2020-05-07","2021-05-07","1005","NetEarth One Inc. d/b/a NetEarth","whois.advancedregistrar.com","http://www.netearthone.com","Lewis N","","76798","Nairobi","Nairobi","00620","Kenya","nganga.lesiah@gmail.com","+254.722554795","","Lewis N","","76798","Nairobi","Nairobi","00620","Kenya","nganga.lesiah@gmail.com","+254.722554795","","Lewis N","","76798","Nairobi","Nairobi","00620","Kenya","nganga.lesiah@gmail.com","+254.722554795","","","","","","","","","","","","ns0.sasahost.com","ns369.sasahost.com","ns370.sasahost.com","ns418.sasahost.com","clientTransferProhibited","","",""
"17","fakenewsafrica.com","2020-05-08 19:54:02","2020-05-07","2020-05-07","2021-05-07","303","PDR Ltd. d/b/a PublicDomainRegistry.com","whois.publicdomainregistry.com","http://www.publicdomainregistry.com","Stephen Mbego","","1584 Eldoret","Eldoret","kenya","30100","Kenya","stevetony21@gmail.com","+254.0727635791","","Stephen Mbego","","1584 Eldoret","Eldoret","kenya","30100","Kenya","stevetony21@gmail.com","+254.0727635791","","Stephen Mbego","","1584 Eldoret","Eldoret","kenya","30100","Kenya","stevetony21@gmail.com","+254.0727635791","","","","","","","","","","","","dns1000.kenyawebexperts.com","dns1001.kenyawebexperts.com","","","clientTransferProhibited","","",""
"18","favouredwarriors.com","2020-05-08 20:47:45","2020-05-07","2020-05-08","2021-05-07","1479","Namesilo, LLC","whois.namesilo.com","http://www.namesilo.com","Joseph Noblepal","","A7, Wathegi Court","Ruaka, Muchatha","Kiambu County","00900","Kenya","zeronillzero@gmail.com","+254.726266668","","Joseph Noblepal","","A7, Wathegi Court","Ruaka, Muchatha","Kiambu County","00900","Kenya","zeronillzero@gmail.com","+254.726266668","","Joseph Noblepal","","A7, Wathegi Court","Ruaka, Muchatha","Kiambu County","00900","Kenya","zeronillzero@gmail.com","+254.726266668","","","","","","","","","","","","ns1.cloudoon.com","ns2.cloudoon.com","ns3.cloudoon.com","","clientTransferProhibited","","",""
"19","fewsnewsafrica.com","2020-05-08 19:51:17","2020-05-07","2020-05-07","2021-05-07","303","PDR Ltd. d/b/a PublicDomainRegistry.com","whois.publicdomainregistry.com","http://www.publicdomainregistry.com","Stephen Mbego","","1584 Eldoret","Eldoret","kenya","30100","Kenya","stevetony21@gmail.com","+254.0727635791","","Stephen Mbego","","1584 Eldoret","Eldoret","kenya","30100","Kenya","stevetony21@gmail.com","+254.0727635791","","Stephen Mbego","","1584 Eldoret","Eldoret","kenya","30100","Kenya","stevetony21@gmail.com","+254.0727635791","","","","","","","","","","","","dns1000.kenyawebexperts.com","dns1001.kenyawebexperts.com","","","clientTransferProhibited","","",""
"20","flametrend.net","2020-05-08 19:03:00","2020-05-07","2020-05-07","2021-05-07","303","PDR Ltd. d/b/a PublicDomainRegistry.com","whois.publicdomainregistry.com","http://www.publicdomainregistry.com","hussein ibrahim","ismart technology","13467 13467","nakuru","riftvalley","20100","Kenya","ismart936@gmail.com","+254.0700810435","","hussein ibrahim","ismart technology","13467 13467","nakuru","riftvalley","20100","Kenya","ismart936@gmail.com","+254.0700810435","","hussein ibrahim","ismart technology","13467 13467","nakuru","riftvalley","20100","Kenya","ismart936@gmail.com","+254.0700810435","","","","","","","","","","","","dns1000.kenyawebexperts.com","dns1001.kenyawebexperts.com","","","clientTransferProhibited","","",""
"21","flaxmall.com","2020-05-08 20:47:12","2020-05-07","2020-05-07","2021-05-07","48","eNom, Inc.","whois.enom.com","http://www.enom.com","REDACTED FOR PRIVACY","REDACTED FOR PRIVACY","REDACTED FOR PRIVACY","REDACTED FOR PRIVACY","110","REDACTED FOR PRIVACY","Kenya","","REDACTED FOR PRIVACY","REDACTED FOR PRIVACY","REDACTED FOR PRIVACY","REDACTED FOR PRIVACY","REDACTED FOR PRIVACY","REDACTED FOR PRIVACY","REDACTED FOR PRIVACY","REDACTED FOR PRIVACY","REDACTED FOR PRIVACY","","REDACTED FOR PRIVACY","REDACTED FOR PRIVACY","REDACTED FOR PRIVACY","REDACTED FOR PRIVACY","REDACTED FOR PRIVACY","REDACTED FOR PRIVACY","REDACTED FOR PRIVACY","REDACTED FOR PRIVACY","REDACTED FOR PRIVACY","","REDACTED FOR PRIVACY","REDACTED FOR PRIVACY","","","","","","","","","","","ns1.bigcommerce.com","ns2.bigcommerce.com","ns3.bigcommerce.com","","addPeriod","clientTransferProhibited","",""
"22","georgekinuthia.com","2020-05-08 20:52:57","2020-05-07","2020-05-07","2021-05-07","146","GoDaddy.com, LLC","whois.godaddy.com","http://registrar.godaddy.com","","","","","Nairobi","","Kenya","","","","","","","","","","","","","","","","","","","","","","","","","","","","","","","","","","ns-1164.awsdns-17.org","ns-1641.awsdns-13.co.uk","ns-246.awsdns-30.com","ns-786.awsdns-34.net","clientDeleteProhibited","clientRenewProhibited","clientTransferProhibited","clientUpdateProhibited"
"23","glenmont.biz","2020-05-08 11:36:14","2020-05-04","2020-05-04","2021-05-04","146","GoDaddy.com, LLC","whois.godaddy.com","http://registrar.godaddy.com","Peak Vision Solutions Ltd.","Peak Vision Solutions Ltd.","","","Nairobi","","Kenya","","","","","","","","","","","","","","","","","","","","","","","","","","","","","","","","","","ns69.domaincontrol.com","ns70.domaincontrol.com","","","addPeriod","clientDeleteProhibited","clientRenewProhibited","clientTransferProhibited"
"24","goldlinesolutionsltd.com","2020-05-08 20:13:50","2020-05-06","2020-05-06","2021-05-06","303","PDR Ltd. d/b/a PublicDomainRegistry.com","whois.publicdomainregistry.com","http://www.publicdomainregistry.com","SAMWEL GICHUNGU","connectukenya","13411 13411","NAKURU","NAKURU","20100","Kenya","samwelgichungu@gmail.com","+254.254715805406","","SAMWEL GICHUNGU","connectukenya","13411 13411","NAKURU","NAKURU","20100","Kenya","samwelgichungu@gmail.com","+254.254715805406","","SAMWEL GICHUNGU","connectukenya","13411 13411","NAKURU","NAKURU","20100","Kenya","samwelgichungu@gmail.com","+254.254715805406","","","","","","","","","","","","ns3016.mochahost.com","ns4016.mochahost.com","","","clientTransferProhibited","","",""
"25","gymevolvemombasa.com","2020-05-08 19:49:46","2020-05-07","2020-05-08","2021-05-07","1479","Namesilo, LLC","whois.namesilo.com","http://www.namesilo.com","EDWARD MWALUMA","","MOMBASA GANJONI","MOMBASA","COAST","80110","Kenya","e.mwaluma@yahoo.com","+254.718708474","","EDWARD MWALUMA","","MOMBASA GANJONI","MOMBASA","COAST","80110","Kenya","e.mwaluma@yahoo.com","+254.718708474","","EDWARD MWALUMA","","MOMBASA GANJONI","MOMBASA","COAST","80110","Kenya","e.mwaluma@yahoo.com","+254.718708474","","","","","","","","","","","","ns1.cloudoon.com","ns2.cloudoon.com","ns3.cloudoon.com","","clientTransferProhibited","","",""
"26","internationaltradingdev.com","2020-05-08 20:21:35","2020-05-06","2020-05-06","2021-05-06","303","PDR Ltd. d/b/a PublicDomainRegistry.com","whois.publicdomainregistry.com","http://www.publicdomainregistry.com","geoffrey mutua","prettybelle","p.o.box 39-00217","limuru","kiambuu","00100","Kenya","geoffreymutua01@gmail.com","+254.254795451228","","geoffrey mutua","prettybelle","p.o.box 39-00217","limuru","kiambuu","00100","Kenya","geoffreymutua01@gmail.com","+254.254795451228","","geoffrey mutua","prettybelle","p.o.box 39-00217","limuru","kiambuu","00100","Kenya","geoffreymutua01@gmail.com","+254.254795451228","","","","","","","","","","","","ns53.kenyawebexperts.com","ns54.kenyawebexperts.com","","","clientTransferProhibited","","",""
"27","isobarke-staging.com","2020-05-08 19:55:48","2020-05-07","2020-05-08","2021-05-07","1587","Mijn InternetOplossing B.V.","whois.mijninternetoplossing.nl","http://www.mijninternetoplossing.nl","REDACTED FOR PRIVACY","REDACTED FOR PRIVACY","REDACTED FOR PRIVACY","REDACTED FOR PRIVACY","","REDACTED FOR PRIVACY","Kenya","","REDACTED FOR PRIVACY","REDACTED FOR PRIVACY","REDACTED FOR PRIVACY","REDACTED FOR PRIVACY","REDACTED FOR PRIVACY","REDACTED FOR PRIVACY","REDACTED FOR PRIVACY","REDACTED FOR PRIVACY","REDACTED FOR PRIVACY","","REDACTED FOR PRIVACY","REDACTED FOR PRIVACY","REDACTED FOR PRIVACY","REDACTED FOR PRIVACY","REDACTED FOR PRIVACY","REDACTED FOR PRIVACY","REDACTED FOR PRIVACY","REDACTED FOR PRIVACY","REDACTED FOR PRIVACY","","REDACTED FOR PRIVACY","REDACTED FOR PRIVACY","","","","","","","","","","","ns1.zitana.com","ns2.zitana.com","","","clientTransferProhibited","ok","",""
"28","jadacom.network","2020-05-09 00:22:38","2020-05-06","2020-05-06","2021-05-06","1479","Namesilo, LLC","whois.namesilo.com","http://www.namesilo.com","REDACTED FOR PRIVACY","","REDACTED FOR PRIVACY","REDACTED FOR PRIVACY","NAIROBI","REDACTED FOR PRIVACY","Kenya","","REDACTED FOR PRIVACY","REDACTED FOR PRIVACY","","","","","","","","","","","","","","","","","","","","","","","","","","","","","","","","","","","addPeriod","clientTransferProhibited","",""
"29","kalvvosupplies.com","2020-05-08 20:39:27","2020-05-07","2020-05-07","2021-05-07","303","PDR Ltd. d/b/a PublicDomainRegistry.com","whois.publicdomainregistry.com","http://www.publicdomainregistry.com","Samuel  Kamangu","Liltobil systems","Moi Avenue P.O BOX 18078","Nairobi","Nairobi","00100","Kenya","sk.gatoto@gmail.com","+254.0725347157","","Domain Administrator","Webhost Kenya Ltd","P.O.Box 1175 Gemina Court","Nairobi","Nairobi","00606","Kenya","registry@webhostkenya.co.ke","+254.254728787401","","Domain Administrator","Webhost Kenya Ltd","P.O.Box 1175 Gemina Court","Nairobi","Nairobi","00606","Kenya","registry@webhostkenya.co.ke","+254.254728787401","","","","","","","","","","","","ns1.webhostkenya.co.ke","ns2.webhostkenya.co.ke","ns3.webhostkenya.co.ke","ns4.webhostkenya.co.ke","clientTransferProhibited","","",""
"30","kenyantrivia.com","2020-05-08 20:47:27","2020-05-07","2020-05-07","2021-05-07","303","PDR Ltd. d/b/a PublicDomainRegistry.com","whois.publicdomainregistry.com","http://www.publicdomainregistry.com","moses mwongela","moses mwongela","Kibera station road","Nairobi","Nairobi","00100","Kenya","moses1889@gmail.com","+254.724784992","","moses mwongela","moses mwongela","Kibera station road","Nairobi","Nairobi","00100","Kenya","moses1889@gmail.com","+254.724784992","","moses mwongela","moses mwongela","Kibera station road","Nairobi","Nairobi","00100","Kenya","moses1889@gmail.com","+254.724784992","","","","","","","","","","","","ns1.dns-parking.com","ns2.dns-parking.com","","","clientTransferProhibited","","",""
"31","kijanifresh.com","2020-05-08 20:45:48","2020-05-07","2020-05-07","2021-05-07","146","GoDaddy.com, LLC","whois.godaddy.com","http://registrar.godaddy.com","","","","","Nairobi","","Kenya","","","","","","","","","","","","","","","","","","","","","","","","","","","","","","","","","","ns35.domaincontrol.com","ns36.domaincontrol.com","","","clientDeleteProhibited","clientRenewProhibited","clientTransferProhibited","clientUpdateProhibited"
"32","maarifalabs.com","2020-05-08 20:29:44","2020-05-06","2020-05-06","2021-05-06","303","PDR Ltd. d/b/a PublicDomainRegistry.com","whois.publicdomainregistry.com","http://www.publicdomainregistry.com","Okoth Felix","Maarifa Labs","6211","Kisumu","Kisumu","00100","Kenya","okothfelix85@gmail.com","+254.0797634087","","Okoth Felix","Maarifa Labs","6211","Kisumu","Kisumu","00100","Kenya","okothfelix85@gmail.com","+254.0797634087","","Okoth Felix","Maarifa Labs","6211","Kisumu","Kisumu","00100","Kenya","okothfelix85@gmail.com","+254.0797634087","","","","","","","","","","","","dns1000.kenyawebexperts.com","dns1001.kenyawebexperts.com","","","clientTransferProhibited","","",""
"33","mambochapchap.com","2020-05-08 19:59:58","2020-05-07","2020-05-07","2021-05-07","146","GoDaddy.com, LLC","whois.godaddy.com","http://registrar.godaddy.com","1981","1981","","","Nairobi","","Kenya","","","","","","","","","","","","","","","","","","","","","","","","","","","","","","","","","","ns37.domaincontrol.com","ns38.domaincontrol.com","","","clientDeleteProhibited","clientRenewProhibited","clientTransferProhibited","clientUpdateProhibited"
"34","medallionconferences.com","2020-05-08 20:46:13","2020-05-07","2020-05-07","2021-05-07","1005","NetEarth One Inc. d/b/a NetEarth","whois.advancedregistrar.com","http://www.netearthone.com","Janet  Olonde","0734572869","Woodley Suna Apartments opposite Citam Woodley","Nairobi","Kenya","00200","Kenya","janet.okal002@gmail.com","+254.725568062","","Janet  Olonde","0734572869","Woodley Suna Apartments opposite Citam Woodley","Nairobi","Kenya","00200","Kenya","janet.okal002@gmail.com","+254.725568062","","Janet  Olonde","0734572869","Woodley Suna Apartments opposite Citam Woodley","Nairobi","Kenya","00200","Kenya","janet.okal002@gmail.com","+254.725568062","","","","","","","","","","","","ns0.sasahost.com","ns174.sasahost.com","ns175.sasahost.com","ns418.sasahost.com","clientTransferProhibited","","",""
"35","morningcoolmusic.com","2020-05-08 19:56:09","2020-05-07","2020-05-07","2021-05-07","303","PDR Ltd. d/b/a PublicDomainRegistry.com","whois.publicdomainregistry.com","http://www.publicdomainregistry.com","Patrick Chapia","Morning Cool Music","0720957836","Nairobi","Nairobi","00100","Kenya","chapiapatrice@gmail.com","+254.720957836","","Patrick Chapia","Morning Cool Music","0720957836","Nairobi","Nairobi","00100","Kenya","chapiapatrice@gmail.com","+254.720957836","","Patrick Chapia","Morning Cool Music","0720957836","Nairobi","Nairobi","00100","Kenya","chapiapatrice@gmail.com","+254.720957836","","","","","","","","","","","","ns1.dns-parking.com","ns2.dns-parking.com","","","clientTransferProhibited","","",""
"36","moseskuriafoundation.com","2020-05-08 20:29:52","2020-05-06","2020-05-06","2021-05-06","303","PDR Ltd. d/b/a PublicDomainRegistry.com","whois.publicdomainregistry.com","http://www.publicdomainregistry.com","Moses Kuria","Fanaka Mobile","P.O Box 1838","Nairobi","Nairobi","00200","Kenya","moseskuria13@gmail.com","+254.721899064","","Moses Kuria","Fanaka Mobile","P.O Box 1838","Nairobi","Nairobi","00200","Kenya","moseskuria13@gmail.com","+254.721899064","","Moses Kuria","Fanaka Mobile","P.O Box 1838","Nairobi","Nairobi","00200","Kenya","moseskuria13@gmail.com","+254.721899064","","","","","","","","","","","","ophelia.ns.cloudflare.com","watson.ns.cloudflare.com","","","clientTransferProhibited","","",""
"37","nebsamgps.com","2020-05-08 20:44:59","2020-05-07","2020-05-07","2021-05-07","303","PDR Ltd. d/b/a PublicDomainRegistry.com","whois.publicdomainregistry.com","http://www.publicdomainregistry.com","james kinuthia","nekta engineering","nairobi","nairobi","nairobi","00100","Kenya","jameskinuthiary@gmail.com","+254.0725091605","","james kinuthia","nekta engineering","nairobi","nairobi","nairobi","00100","Kenya","jameskinuthiary@gmail.com","+254.0725091605","","james kinuthia","nekta engineering","nairobi","nairobi","nairobi","00100","Kenya","jameskinuthiary@gmail.com","+254.0725091605","","","","","","","","","","","","dns1000.kenyawebexperts.com","dns1001.kenyawebexperts.com","","","clientTransferProhibited","","",""
"38","opportunitycheque.com","2020-05-08 20:14:18","2020-05-06","2020-05-06","2021-05-06","303","PDR Ltd. d/b/a PublicDomainRegistry.com","whois.publicdomainregistry.com","http://www.publicdomainregistry.com","David Chuthi","TotoSci Limited","2768","Nairobi","Kiambu","00100","Kenya","david.kchuthi@gmail.com","+254.0723081406","","David Chuthi","TotoSci Limited","2768","Nairobi","Kiambu","00100","Kenya","david.kchuthi@gmail.com","+254.0723081406","","David Chuthi","TotoSci Limited","2768","Nairobi","Kiambu","00100","Kenya","david.kchuthi@gmail.com","+254.0723081406","","","","","","","","","","","","ns263.kenyawebexperts.com","ns264.kenyawebexperts.com","","","clientTransferProhibited","","",""
"39","pacqtechnologies.net","2020-05-09 00:32:48","2020-05-07","2020-05-07","2021-05-07","48","eNom, Inc.","whois.enom.com","http://www.enom.com","REDACTED FOR PRIVACY","REDACTED FOR PRIVACY","REDACTED FOR PRIVACY","REDACTED FOR PRIVACY","Nairobi","REDACTED FOR PRIVACY","Kenya","","REDACTED FOR PRIVACY","REDACTED FOR PRIVACY","REDACTED FOR PRIVACY","REDACTED FOR PRIVACY","REDACTED FOR PRIVACY","REDACTED FOR PRIVACY","REDACTED FOR PRIVACY","REDACTED FOR PRIVACY","REDACTED FOR PRIVACY","","REDACTED FOR PRIVACY","REDACTED FOR PRIVACY","REDACTED FOR PRIVACY","REDACTED FOR PRIVACY","REDACTED FOR PRIVACY","REDACTED FOR PRIVACY","REDACTED FOR PRIVACY","REDACTED FOR PRIVACY","REDACTED FOR PRIVACY","","REDACTED FOR PRIVACY","REDACTED FOR PRIVACY","","","","","","","","","","","ns1.supercp.com","ns2.supercp.com","ns3.supercp.com","ns4.supercp.com","addPeriod","clientTransferProhibited","",""
"40","reggaedutainer.com","2020-05-08 19:25:28","2020-05-07","2020-05-07","2021-05-07","303","PDR Ltd. d/b/a PublicDomainRegistry.com","whois.publicdomainregistry.com","http://www.publicdomainregistry.com","Peterson mbugua","Edutainment Reggae","38","NAIROBI","Kenya","00100","Kenya","munyuapeterson@gmail.com","+254.254720002586","","Peterson mbugua","Edutainment Reggae","38","NAIROBI","Kenya","00100","Kenya","munyuapeterson@gmail.com","+254.254720002586","","Peterson mbugua","Edutainment Reggae","38","NAIROBI","Kenya","00100","Kenya","munyuapeterson@gmail.com","+254.254720002586","","","","","","","","","","","","ns53.kenyawebexperts.com","ns54.kenyawebexperts.com","","","clientTransferProhibited","","",""
"41","salinatransporters.com","2020-05-08 20:47:10","2020-05-07","2020-05-08","2021-05-07","1479","Namesilo, LLC","whois.namesilo.com","http://www.namesilo.com","daniel kubai","","nairobi","nairobi","kenya","020","Kenya","dnlkubai@yahoo.co.uk","+254.722529221","","daniel kubai","","nairobi","nairobi","kenya","020","Kenya","dnlkubai@yahoo.co.uk","+254.722529221","","daniel kubai","","nairobi","nairobi","kenya","020","Kenya","dnlkubai@yahoo.co.uk","+254.722529221","","","","","","","","","","","","ns1.cloudoon.com","ns2.cloudoon.com","ns3.cloudoon.com","","clientTransferProhibited","","",""
"42","sembuse.com","2020-05-08 20:22:34","2020-05-06","2020-05-06","2021-05-06","303","PDR Ltd. d/b/a PublicDomainRegistry.com","whois.publicdomainregistry.com","http://www.publicdomainregistry.com","Hezron Kute","","Nairobi","Nairobi","Nairobi","00100","Kenya","hezron.kute@gmail.com","+254.0722758466","","Hezron Kute","","Nairobi","Nairobi","Nairobi","00100","Kenya","hezron.kute@gmail.com","+254.0722758466","","Hezron Kute","","Nairobi","Nairobi","Nairobi","00100","Kenya","hezron.kute@gmail.com","+254.0722758466","","","","","","","","","","","","dns1000.kenyawebexperts.com","dns1001.kenyawebexperts.com","","","clientTransferProhibited","","",""
"43","smartvov.com","2020-05-08 20:53:04","2020-05-07","2020-05-07","2021-05-07","303","PDR Ltd. d/b/a PublicDomainRegistry.com","whois.publicdomainregistry.com","http://www.publicdomainregistry.com","Abdirahman Yussuf","Alba & Associates Ltd","P.O. Box 1234","Nairobi","Nairobi","00100","Kenya","yuabdirahman1@gmail.com","+254.733595045","","Abdirahman Yussuf","Alba & Associates Ltd","P.O. Box 1234","Nairobi","Nairobi","00100","Kenya","yuabdirahman1@gmail.com","+254.733595045","","Abdirahman Yussuf","Alba & Associates Ltd","P.O. Box 1234","Nairobi","Nairobi","00100","Kenya","yuabdirahman1@gmail.com","+254.733595045","","","","","","","","","","","","ns6.itexpertskenya.co.ke","ns7.itexpertskenya.co.ke","ns8.itexpertskenya.co.ke","","clientTransferProhibited","","",""
"44","sokolakwetu.com","2020-05-08 21:09:36","2020-05-06","2020-05-06","2021-05-06","146","GoDaddy.com, LLC","whois.godaddy.com","http://registrar.godaddy.com","SOKO LA KWETU","SOKO LA KWETU","","","KENYA","","Kenya","","","","","","","","","","","","","","","","","","","","","","","","","","","","","","","","","","ns59.domaincontrol.com","ns60.domaincontrol.com","","","clientDeleteProhibited","clientRenewProhibited","clientTransferProhibited","clientUpdateProhibited"
"45","somakenya.com","2020-05-08 20:20:37","2020-05-06","2020-05-07","2021-05-06","1479","Namesilo, LLC","whois.namesilo.com","http://www.namesilo.com","Reuben Gikonyo","","Vision Plaza Mombasa Road","Nairobi","Nairobi","52497","Kenya","admin@cits.co.ke","+254.725284989","","Reuben Gikonyo","","Vision Plaza Mombasa Road","Nairobi","Nairobi","52497","Kenya","admin@cits.co.ke","+254.725284989","","Reuben Gikonyo","","Vision Plaza Mombasa Road","Nairobi","Nairobi","52497","Kenya","admin@cits.co.ke","+254.725284989","","","","","","","","","","","","corporate.vip41.noc40.com","corporate.vip42.noc40.com","","","clientTransferProhibited","","",""
"46","stylishcruisecargo.com","2020-05-08 20:46:55","2020-05-07","2020-05-08","2021-05-07","1479","Namesilo, LLC","whois.namesilo.com","http://www.namesilo.com","Gerish Gwatsima","","Nairobi","Nairobi","Nairobi","00100","Kenya","gwatsimaster@gmail.com","+254.720121359","","Gerish Gwatsima","","Nairobi","Nairobi","Nairobi","00100","Kenya","gwatsimaster@gmail.com","+254.720121359","","Gerish Gwatsima","","Nairobi","Nairobi","Nairobi","00100","Kenya","gwatsimaster@gmail.com","+254.720121359","","","","","","","","","","","","ns1.cloudoon.com","ns2.cloudoon.com","ns3.cloudoon.com","","clientTransferProhibited","","",""
"47","sunhouseengineering.com","2020-05-08 20:21:36","2020-05-06","2020-05-06","2021-05-06","303","PDR Ltd. d/b/a PublicDomainRegistry.com","whois.publicdomainregistry.com","http://www.publicdomainregistry.com","Sam Mucha","Discovery Systems Solutions","P.O. Box 13841 Nairobi","Nairobi","Kenya","00800","Kenya","muchasam.sm@gmail.com","+254.0718133109","","DEEPAFRICA LIMITED","DEEPAFRICA.COM","72740","NAIROBI","NAIROBI","00200","Kenya","mydomain@deepafrica.com","+254.711488025","","DEEPAFRICA LIMITED","DEEPAFRICA.COM","72740","NAIROBI","NAIROBI","00200","Kenya","mydomain@deepafrica.com","+254.711488025","","","","","","","","","","","","ns722.deepafrica.com","ns723.deepafrica.com","","","clientTransferProhibited","","",""
"48","supreme-glass.com","2020-05-08 20:17:18","2020-05-06","2020-05-06","2021-05-06","303","PDR Ltd. d/b/a PublicDomainRegistry.com","whois.publicdomainregistry.com","http://www.publicdomainregistry.com","Mustafa Mohammed Malla","Supreme Glass and Security","Lumumba Road","Nairobi","Nairobi","00100","Kenya","mustar.mala7@gmail.com","+254.739265923","","Mustafa Mohammed Malla","Supreme Glass and Security","Lumumba Road","Nairobi","Nairobi","00100","Kenya","mustar.mala7@gmail.com","+254.739265923","","Mustafa Mohammed Malla","Supreme Glass and Security","Lumumba Road","Nairobi","Nairobi","00100","Kenya","mustar.mala7@gmail.com","+254.739265923","","","","","","","","","","","","ns35.ziprof.co.ke","ns36.ziprof.co.ke","","","clientTransferProhibited","","",""
"49","tatussuperdeals.com","2020-05-08 21:19:24","2020-05-06","2020-05-06","2021-05-06","303","PDR Ltd. d/b/a PublicDomainRegistry.com","whois.publicdomainregistry.com","http://www.publicdomainregistry.com","Alexander Nyongesa","","NAIROBI","NAIROBI","NAIROBI","00100","Kenya","alextatu2014@gmail.com","+254.711113638","","Alexander Nyongesa","","NAIROBI","NAIROBI","NAIROBI","00100","Kenya","alextatu2014@gmail.com","+254.711113638","","Alexander Nyongesa","","NAIROBI","NAIROBI","NAIROBI","00100","Kenya","alextatu2014@gmail.com","+254.711113638","","","","","","","","","","","","ns1.eu12.tmd.cloud","ns2.eu12.tmd.cloud","","","clientTransferProhibited","","",""
"50","techdesignsafrica.com","2020-05-08 20:49:24","2020-05-07","2020-05-07","2021-05-07","303","PDR Ltd. d/b/a PublicDomainRegistry.com","whois.publicdomainregistry.com","http://www.publicdomainregistry.com","Muriithi Njau","","100574","Nairobi","Nairobi","00101","Kenya","muriithi.njau@gmail.com","+254.0723173399","","DEEPAFRICA LIMITED","DEEPAFRICA.COM","72740","NAIROBI","NAIROBI","00200","Kenya","mydomain@deepafrica.com","+254.712500500","","DEEPAFRICA LIMITED","DEEPAFRICA.COM","72740","NAIROBI","NAIROBI","00200","Kenya","mydomain@deepafrica.com","+254.712500500","","","","","","","","","","","","ns722.deepafrica.com","ns723.deepafrica.com","","","clientTransferProhibited","","",""
"51","tembeqa.com","2020-05-08 20:29:32","2020-05-06","2020-05-06","2021-05-06","303","PDR Ltd. d/b/a PublicDomainRegistry.com","whois.publicdomainregistry.com","http://www.publicdomainregistry.com","Duncan Karari","Brands Advertising EA","101454","Nairobi","Kenya","00100","Kenya","dunmukabi@gmail.com","+254.0720824873","","Duncan Karari","Brands Advertising EA","101454","Nairobi","Kenya","00100","Kenya","dunmukabi@gmail.com","+254.0720824873","","Duncan Karari","Brands Advertising EA","101454","Nairobi","Kenya","00100","Kenya","dunmukabi@gmail.com","+254.0720824873","","","","","","","","","","","","dns1000.kenyawebexperts.com","dns1001.kenyawebexperts.com","","","clientTransferProhibited","","",""
"52","thefamousworld.com","2020-05-08 21:14:17","2020-05-06","2020-05-06","2021-05-06","146","GoDaddy.com, LLC","whois.godaddy.com","http://registrar.godaddy.com","","","","","Nairobi county","","Kenya","","","","","","","","","","","","","","","","","","","","","","","","","","","","","","","","","","ns75.domaincontrol.com","ns76.domaincontrol.com","","","clientDeleteProhibited","clientRenewProhibited","clientTransferProhibited","clientUpdateProhibited"
"53","viralaid.world","2020-05-08 22:28:06","2020-05-06","2020-05-06","2021-05-06","303","PDR Ltd. d/b/a PublicDomainRegistry.com","whois.publicdomainregistry.com","http://www.publicdomainregistry.com","REDACTED FOR PRIVACY","The Village Creative Limited","REDACTED FOR PRIVACY","REDACTED FOR PRIVACY","KENYA","REDACTED FOR PRIVACY","Kenya","","REDACTED FOR PRIVACY","REDACTED FOR PRIVACY","","","","","","","","","","","","","","","","","","","","","","","","","","","","","","","","","","","addPeriod","clientTransferProhibited","",""
"54","wolcfb.com","2020-05-08 20:45:33","2020-05-07","2020-05-07","2021-05-07","303","PDR Ltd. d/b/a PublicDomainRegistry.com","whois.publicdomainregistry.com","http://www.publicdomainregistry.com","John Ochuro","Krox Media","1962","Bungoma","Bungoma","50200","Kenya","ochuro@gmail.com","+254.0727064120","","DEEPAFRICA LIMITED","DEEPAFRICA.COM","72740","NAIROBI","NAIROBI","00200","Kenya","mydomain@deepafrica.com","+254.712500500","","DEEPAFRICA LIMITED","DEEPAFRICA.COM","72740","NAIROBI","NAIROBI","00200","Kenya","mydomain@deepafrica.com","+254.712500500","","","","","","","","","","","","ns722.deepafrica.com","ns723.deepafrica.com","","","clientTransferProhibited","","",""
"55","woodreefschool.com","2020-05-08 19:25:32","2020-05-07","2020-05-07","2021-05-07","303","PDR Ltd. d/b/a PublicDomainRegistry.com","whois.publicdomainregistry.com","http://www.publicdomainregistry.com","Harrison  Wachira","Wood reef school","8896","Nairobi","Kenya","00100","Kenya","hiwachiram@gmail.com","+254.0700312364","","Harrison  Wachira","Wood reef school","8896","Nairobi","Kenya","00100","Kenya","hiwachiram@gmail.com","+254.0700312364","","Harrison  Wachira","Wood reef school","8896","Nairobi","Kenya","00100","Kenya","hiwachiram@gmail.com","+254.0700312364","","","","","","","","","","","","ns1.solarisafaris.com","ns2.solarisafaris.com","","","clientTransferProhibited","","",""
"56","zimply.life","2020-05-09 00:38:10","2020-05-06","2020-05-06","2021-05-06","146","GoDaddy.com, LLC","whois.godaddy.com","http://registrar.godaddy.com","REDACTED FOR PRIVACY","Zilojo Limited","REDACTED FOR PRIVACY","REDACTED FOR PRIVACY","Nairobi","REDACTED FOR PRIVACY","Kenya","","REDACTED FOR PRIVACY","REDACTED FOR PRIVACY","","","","","","","","","","","","","","","","","","","","","","","","","","","","","","","","","","","addPeriod","clientDeleteProhibited","clientRenewProhibited","clientTransferProhibited"