"num","domain_name","query_time","create_date","update_date","expiry_date","domain_registrar_id","domain_registrar_name","domain_registrar_whois","domain_registrar_url","registrant_name","registrant_company","registrant_address","registrant_city","registrant_state","registrant_zip","registrant_country","registrant_email","registrant_phone","registrant_fax","administrative_name","administrative_company","administrative_address","administrative_city","administrative_state","administrative_zip","administrative_country","administrative_email","administrative_phone","administrative_fax","technical_name","technical_company","technical_address","technical_city","technical_state","technical_zip","technical_country","technical_email","technical_phone","technical_fax","billing_name","billing_company","billing_address","billing_city","billing_state","billing_zip","billing_country","billing_email","billing_phone","billing_fax","name_server_1","name_server_2","name_server_3","name_server_4","domain_status_1","domain_status_2","domain_status_3","domain_status_4"
"1","erdenejas.com","2020-05-08 19:25:35","2020-05-07","2020-05-07","2021-05-07","955","Launchpad, Inc.","whois.launchpad.com","http://www.launchpad.com","Javkhlan Tumenbayar","None","Room 604, J Tower, Avtozamchdiin street, Sukhbaatar District","Ulaanbaatar","1","83153","Mongolia","avgatj@gmail.com","+976.99252627","","Javkhlan Tumenbayar","None","Room 604, J Tower, Avtozamchdiin street, Sukhbaatar District","Ulaanbaatar","1","83153","Mongolia","avgatj@gmail.com","+976.99252627","","Javkhlan Tumenbayar","None","Room 604, J Tower, Avtozamchdiin street, Sukhbaatar District","Ulaanbaatar","1","83153","Mongolia","avgatj@gmail.com","+976.99252627","","","","","","","","","","","","ns6089.hostgator.com","ns6090.hostgator.com","","","clientTransferProhibited","","",""
"2","goldmongolia.net","2020-05-08 19:02:51","2020-05-07","2020-05-07","2021-05-07","146","GoDaddy.com, LLC","whois.godaddy.com","http://registrar.godaddy.com","","","","","Selenge","","Mongolia","","","","","","","","","","","","","","","","","","","","","","","","","","","","","","","","","","ns11.domaincontrol.com","ns12.domaincontrol.com","","","clientDeleteProhibited","clientRenewProhibited","clientTransferProhibited","clientUpdateProhibited"
"3","lovejaal.com","2020-05-08 20:47:04","2020-05-07","2020-05-07","2021-05-07","303","PDR Ltd. d/b/a PublicDomainRegistry.com","whois.publicdomainregistry.com","http://www.publicdomainregistry.com","Tugsamar Enkhtuvshin","mkor llc","Bzd 13 district 0","Ulaanbaatar","Mongolia","11000","Mongolia","enkhtuvshin.tu@gmail.com","+976.99847688","","Tugsamar Enkhtuvshin","mkor llc","Bzd 13 district 0","Ulaanbaatar","Mongolia","11000","Mongolia","enkhtuvshin.tu@gmail.com","+976.99847688","","Tugsamar Enkhtuvshin","mkor llc","Bzd 13 district 0","Ulaanbaatar","Mongolia","11000","Mongolia","enkhtuvshin.tu@gmail.com","+976.99847688","","","","","","","","","","","","dns21.isafespace.com","dns22.isafespace.com","dns23.isafespace.com","dns24.isafespace.com","clientTransferProhibited","","",""
"4","object-imm.bid","2020-05-08 14:37:14","2020-05-07","2020-05-07","2021-05-07","3775","ALIBABA.COM SINGAPORE E-COMMERCE PRIVATE LIMITED","","","Pinmax International","Pinmax International","","","Tuv","","Mongolia","","","","","","","","","","","","","","","","","","","","","","","","","","","","","","","","","","pete.ns.cloudflare.com","sarah.ns.cloudflare.com","","","addPeriod","ok","",""
"5","onlymongolia.com","2020-05-08 19:40:29","2020-05-07","2020-05-07","2021-05-07","146","GoDaddy.com, LLC","whois.godaddy.com","http://registrar.godaddy.com","","","","","Selenge","","Mongolia","","","","","","","","","","","","","","","","","","","","","","","","","","","","","","","","","","ns75.domaincontrol.com","ns76.domaincontrol.com","","","clientDeleteProhibited","clientRenewProhibited","clientTransferProhibited","clientUpdateProhibited"
"6","onlymongolia.net","2020-05-09 00:32:42","2020-05-07","2020-05-07","2021-05-07","146","GoDaddy.com, LLC","whois.godaddy.com","http://registrar.godaddy.com","","","","","Selenge","","Mongolia","","","","","","","","","","","","","","","","","","","","","","","","","","","","","","","","","","ns35.domaincontrol.com","ns36.domaincontrol.com","","","clientDeleteProhibited","clientRenewProhibited","clientTransferProhibited","clientUpdateProhibited"