"num","domain_name","query_time","create_date","update_date","expiry_date","domain_registrar_id","domain_registrar_name","domain_registrar_whois","domain_registrar_url","registrant_name","registrant_company","registrant_address","registrant_city","registrant_state","registrant_zip","registrant_country","registrant_email","registrant_phone","registrant_fax","administrative_name","administrative_company","administrative_address","administrative_city","administrative_state","administrative_zip","administrative_country","administrative_email","administrative_phone","administrative_fax","technical_name","technical_company","technical_address","technical_city","technical_state","technical_zip","technical_country","technical_email","technical_phone","technical_fax","billing_name","billing_company","billing_address","billing_city","billing_state","billing_zip","billing_country","billing_email","billing_phone","billing_fax","name_server_1","name_server_2","name_server_3","name_server_4","domain_status_1","domain_status_2","domain_status_3","domain_status_4"
"1","365dayshandsanitizer.com","2020-05-08 20:53:01","2020-05-07","2020-05-07","2021-05-07","146","GoDaddy.com, LLC","whois.godaddy.com","http://registrar.godaddy.com","SAINO INTERNATIONAL PTY LTD","SAINO INTERNATIONAL PTY LTD","","","New South Wales","","Nepal","","","","","","","","","","","","","","","","","","","","","","","","","","","","","","","","","","ns35.domaincontrol.com","ns36.domaincontrol.com","","","clientDeleteProhibited","clientRenewProhibited","clientTransferProhibited","clientUpdateProhibited"
"2","arogyakoirala.com","2020-05-08 19:56:17","2020-05-07","2020-05-07","2025-05-07","146","GoDaddy.com, LLC","whois.godaddy.com","http://registrar.godaddy.com","","","","","Bagmati","","Nepal","","","","","","","","","","","","","","","","","","","","","","","","","","","","","","","","","","ns11.domaincontrol.com","ns12.domaincontrol.com","","","clientDeleteProhibited","clientRenewProhibited","clientTransferProhibited","clientUpdateProhibited"
"3","civiltaskforce.com","2020-05-08 19:40:37","2020-05-07","2020-05-07","2021-05-07","146","GoDaddy.com, LLC","whois.godaddy.com","http://registrar.godaddy.com","Civil Task Force Private Limited","Civil Task Force Private Limited","","","Pradesh 3","","Nepal","","","","","","","","","","","","","","","","","","","","","","","","","","","","","","","","","","ns75.domaincontrol.com","ns76.domaincontrol.com","","","clientDeleteProhibited","clientRenewProhibited","clientTransferProhibited","clientUpdateProhibited"
"4","dailyaawaj.com","2020-05-08 19:59:28","2020-05-07","2020-05-07","2021-05-07","303","PDR Ltd. d/b/a PublicDomainRegistry.com","whois.publicdomainregistry.com","http://www.publicdomainregistry.com","Macos Xetry","axion infosys","Butwal kalikanagar","Butwal","Lumbini","32900","Nepal","macos.kc77@gmail.com","+977.9809837550","","Macos Xetry","axion infosys","Butwal kalikanagar","Butwal","Lumbini","32900","Nepal","macos.kc77@gmail.com","+977.9809837550","","Macos Xetry","axion infosys","Butwal kalikanagar","Butwal","Lumbini","32900","Nepal","macos.kc77@gmail.com","+977.9809837550","","","","","","","","","","","","ns41.namastehost.com","ns42.namastehost.com","","","clientTransferProhibited","","",""
"5","fooddeliverynepal.com","2020-05-08 19:30:24","2020-05-07","2020-05-07","2021-05-07","303","PDR Ltd. d/b/a PublicDomainRegistry.com","whois.publicdomainregistry.com","http://www.publicdomainregistry.com","Sitaram Rimal","sitaramrimal.com.np","Bagbagar","Kathmandu","Bagmati","44601","Nepal","sitaram@weblinknepal.com","+977.9851099764","","Sitaram Rimal","sitaramrimal.com.np","Bagbagar","Kathmandu","Bagmati","44601","Nepal","sitaram@weblinknepal.com","+977.9851099764","","Sitaram Rimal","sitaramrimal.com.np","Bagbagar","Kathmandu","Bagmati","44601","Nepal","sitaram@weblinknepal.com","+977.9851099764","","","","","","","","","","","","ns1.freehostingnepal.com","ns2.freehostingnepal.com","","","clientTransferProhibited","","",""
"6","glossbysryzna.com","2020-05-08 20:53:41","2020-05-07","2020-05-07","2021-05-07","1250","Trunkoz Technologies Pvt Ltd. d/b/a OwnRegistrar.com","whois.ownregistrar.com","http://www.ownregistrar.com","Amit Ghimire","Stuffs Info","Buddhanagar-10","Kathmandu","Bagmati","00977","Nepal","arajghimire@gmail.com","+977.9851182274","","Amit Ghimire","Stuffs Info","Buddhanagar-10","Kathmandu","Bagmati","00977","Nepal","arajghimire@gmail.com","+977-9851182274","","Amit Ghimire","Stuffs Info","Buddhanagar-10","Kathmandu","Bagmati","00977","Nepal","arajghimire@gmail.com","+977-9851182274","","","","","","","","","","","","ns1.nepallink.net","ns2.nepallink.net","ns3.nepallink.net","","OK","","",""
"7","gulfassignment.com","2020-05-08 19:31:04","2020-05-07","2020-05-07","2021-05-07","69","Tucows Domains Inc.","whois.tucows.com","http://domainhelp.opensrs.net","REDACTED FOR PRIVACY","REDACTED FOR PRIVACY","REDACTED FOR PRIVACY","REDACTED FOR PRIVACY","XX","REDACTED FOR PRIVACY","Nepal","","REDACTED FOR PRIVACY","REDACTED FOR PRIVACY","REDACTED FOR PRIVACY","REDACTED FOR PRIVACY","REDACTED FOR PRIVACY","REDACTED FOR PRIVACY","REDACTED FOR PRIVACY","REDACTED FOR PRIVACY","REDACTED FOR PRIVACY","","REDACTED FOR PRIVACY","REDACTED FOR PRIVACY","REDACTED FOR PRIVACY","REDACTED FOR PRIVACY","REDACTED FOR PRIVACY","REDACTED FOR PRIVACY","REDACTED FOR PRIVACY","REDACTED FOR PRIVACY","REDACTED FOR PRIVACY","","REDACTED FOR PRIVACY","REDACTED FOR PRIVACY","","","","","","","","","","","ns1.gsgp1026.siteground.asia","ns2.gsgp1026.siteground.asia","","","clientTransferProhibited","clientUpdateProhibited","",""
"8","hcnepal.com","2020-05-08 20:35:48","2020-05-07","2020-05-07","2021-05-07","303","PDR Ltd. d/b/a PublicDomainRegistry.com","whois.publicdomainregistry.com","http://www.publicdomainregistry.com","Yaduraj Nepal","Career Counseling Center Pvt Ltd","Samakhusi","Kathmandu","Bagmati","44600","Nepal","yadu_nepal1@yahoo.com","+977.4353376","","Yaduraj Nepal","Career Counseling Center Pvt Ltd","Samakhusi","Kathmandu","Bagmati","44600","Nepal","yadu_nepal1@yahoo.com","+977.4353376","","Yaduraj Nepal","Career Counseling Center Pvt Ltd","Samakhusi","Kathmandu","Bagmati","44600","Nepal","yadu_nepal1@yahoo.com","+977.4353376","","","","","","","","","","","","ohodomain.earth.orderbox-dns.com","ohodomain.mars.orderbox-dns.com","ohodomain.mercury.orderbox-dns.com","ohodomain.venus.orderbox-dns.com","clientTransferProhibited","","",""
"9","hellohpc.com","2020-05-08 20:42:57","2020-05-07","2020-05-07","2021-05-07","303","PDR Ltd. d/b/a PublicDomainRegistry.com","whois.publicdomainregistry.com","http://www.publicdomainregistry.com","Hari Prasad Chaudhary","MeroSaprk Tech","Dhangadhi kailali","Dhangadhi","Seti","10912","Nepal","hpc.hari@gmail.com","+977.9815699156","","Hari Prasad Chaudhary","MeroSaprk Tech","Dhangadhi kailali","Dhangadhi","Seti","10912","Nepal","hpc.hari@gmail.com","+977.9815699156","","Hari Prasad Chaudhary","MeroSaprk Tech","Dhangadhi kailali","Dhangadhi","Seti","10912","Nepal","hpc.hari@gmail.com","+977.9815699156","","","","","","","","","","","","mary.ns.cloudflare.com","norm.ns.cloudflare.com","","","clientTransferProhibited","","",""
"10","job4canada.com","2020-05-08 20:43:16","2020-05-07","2020-05-07","2021-05-07","303","PDR Ltd. d/b/a PublicDomainRegistry.com","whois.publicdomainregistry.com","http://www.publicdomainregistry.com","Hira Lal Thapa","A To Z Chat Pvt. Ltd.","chabahil-7 kathmandu","Kathmandu","Bagmati","00977","Nepal","skrillnepal@gmail.com","+977.9860997753","","Hira Lal Thapa","A To Z Chat Pvt. Ltd.","chabahil-7 kathmandu","Kathmandu","Bagmati","00977","Nepal","skrillnepal@gmail.com","+977.9860997753","","Hira Lal Thapa","A To Z Chat Pvt. Ltd.","chabahil-7 kathmandu","Kathmandu","Bagmati","00977","Nepal","skrillnepal@gmail.com","+977.9860997753","","","","","","","","","","","","ns1.gsgp1026.siteground.asia","ns2.gsgp1026.siteground.asia","","","clientTransferProhibited","","",""
"11","karnaalikhabar.com","2020-05-08 20:52:32","2020-05-07","2020-05-07","2021-05-07","146","GoDaddy.com, LLC","whois.godaddy.com","http://registrar.godaddy.com","SoftNEP Pvt Ltd","SoftNEP Pvt Ltd","","","Bagmati","","Nepal","","","","","","","","","","","","","","","","","","","","","","","","","","","","","","","","","","ns1.totalnepal.com","ns2.totalnepal.com","","","clientDeleteProhibited","clientRenewProhibited","clientTransferProhibited","clientUpdateProhibited"
"12","meropromocodes.com","2020-05-08 19:49:53","2020-05-07","2020-05-07","2021-05-07","1250","Trunkoz Technologies Pvt Ltd. d/b/a OwnRegistrar.com","whois.ownregistrar.com","http://www.ownregistrar.com","binod chaudhary","Individual","Near health postJeetpur-3","Jeetpur","Other","44400","Nepal","chaudharyb680@gmail.com","+977.9804251998","","binod chaudhary","Individual","Near health postJeetpur-3","Jeetpur","Other","44400","Nepal","chaudharyb680@gmail.com","+977-9804251998","","binod chaudhary","Individual","Near health postJeetpur-3","Jeetpur","Other","44400","Nepal","chaudharyb680@gmail.com","+977-9804251998","","","","","","","","","","","","ns100.ehostingserver.com","ns101.ehostingserver.com","","","OK","","",""
"13","nameanepal.com","2020-05-08 20:43:39","2020-05-07","2020-05-07","2021-05-07","1250","Trunkoz Technologies Pvt Ltd. d/b/a OwnRegistrar.com","whois.ownregistrar.com","http://www.ownregistrar.com","ashish dahal","NA","kathmandu","kupoloer","Other","777","Nepal","ashishdahal64@mail.com","+977.9860854899","","ashish dahal","NA","kathmandu","kupoloer","Other","777","Nepal","ashishdahal64@mail.com","+977-9860854899","","ashish dahal","NA","kathmandu","kupoloer","Other","777","Nepal","ashishdahal64@mail.com","+977-9860854899","","","","","","","","","","","","ns1.merocloud.host","ns2.merocloud.host","","","OK","","",""
"14","radulaforce.com","2020-05-08 19:40:37","2020-05-07","2020-05-07","2021-05-07","1250","Trunkoz Technologies Pvt Ltd. d/b/a OwnRegistrar.com","whois.ownregistrar.com","http://www.ownregistrar.com","Bheshraj Chhetri","NA","Kathmandu, Nepal","Lalitpur","Bagmati","44600","Nepal","piretsofyou@gmail.com","+977.9801060247","","Bheshraj Chhetri","NA","Kathmandu, Nepal","Lalitpur","Bagmati","44600","Nepal","piretsofyou@gmail.com","+977-9801060247","","Bheshraj Chhetri","NA","Kathmandu, Nepal","Lalitpur","Bagmati","44600","Nepal","piretsofyou@gmail.com","+977-9801060247","","","","","","","","","","","","ns1.ehostingserver.com","ns2.ehostingserver.com","","","OK","","",""
"15","rightwayadvisorcompany.com","2020-05-08 19:27:22","2020-05-07","2020-05-07","2021-05-07","303","PDR Ltd. d/b/a PublicDomainRegistry.com","whois.publicdomainregistry.com","http://www.publicdomainregistry.com","Prabin  Suwal","Rightway Advisor Company Pvt.Ltd","Bhaktapur Jagati","Bhaktapur","Bagmati","44800","Nepal","prabinsuwal555@gmail.com","+977.9851063789","","Prabin  Suwal","Rightway Advisor Company Pvt.Ltd","Bhaktapur Jagati","Bhaktapur","Bagmati","44800","Nepal","prabinsuwal555@gmail.com","+977.9851063789","","Prabin  Suwal","Rightway Advisor Company Pvt.Ltd","Bhaktapur Jagati","Bhaktapur","Bagmati","44800","Nepal","prabinsuwal555@gmail.com","+977.9851063789","","","","","","","","","","","","ns1.himalayanhosting.com","ns2.himalayanhosting.com","ns3.himalayanhosting.com","ns4.himalayanhosting.com","clientTransferProhibited","","",""
"16","sansardainik.com","2020-05-08 19:58:10","2020-05-07","2020-05-07","2021-05-07","303","PDR Ltd. d/b/a PublicDomainRegistry.com","whois.publicdomainregistry.com","http://www.publicdomainregistry.com","Macos Xetry","axion infosys","Butwal kalikanagar","Butwal","Lumbini","32900","Nepal","macos.kc77@gmail.com","+977.9809837550","","Macos Xetry","axion infosys","Butwal kalikanagar","Butwal","Lumbini","32900","Nepal","macos.kc77@gmail.com","+977.9809837550","","Macos Xetry","axion infosys","Butwal kalikanagar","Butwal","Lumbini","32900","Nepal","macos.kc77@gmail.com","+977.9809837550","","","","","","","","","","","","ns41.namastehost.com","ns42.namastehost.com","","","clientTransferProhibited","","",""
"17","saptarangi.com","2020-05-08 21:02:34","2020-05-07","2020-05-07","2021-05-07","303","PDR Ltd. d/b/a PublicDomainRegistry.com","whois.publicdomainregistry.com","http://www.publicdomainregistry.com","Smriti Pun","","Kathmandu","Kathmandu","Bagmati","00977","Nepal","naru_pun16@yahoo.com","+977.9801017163","","Smriti Pun","","Kathmandu","Kathmandu","Bagmati","00977","Nepal","naru_pun16@yahoo.com","+977.9801017163","","Smriti Pun","","Kathmandu","Kathmandu","Bagmati","00977","Nepal","naru_pun16@yahoo.com","+977.9801017163","","","","","","","","","","","","ns1.subidha.net","ns2.subidha.net","","","clientTransferProhibited","","",""
"18","satakshikhabar.com","2020-05-08 20:40:15","2020-05-07","2020-05-07","2021-05-07","69","Tucows Domains Inc.","whois.tucows.com","http://domainhelp.opensrs.net","REDACTED FOR PRIVACY","REDACTED FOR PRIVACY","REDACTED FOR PRIVACY","REDACTED FOR PRIVACY","Mechi","REDACTED FOR PRIVACY","Nepal","","REDACTED FOR PRIVACY","REDACTED FOR PRIVACY","REDACTED FOR PRIVACY","REDACTED FOR PRIVACY","REDACTED FOR PRIVACY","REDACTED FOR PRIVACY","REDACTED FOR PRIVACY","REDACTED FOR PRIVACY","REDACTED FOR PRIVACY","","REDACTED FOR PRIVACY","REDACTED FOR PRIVACY","REDACTED FOR PRIVACY","REDACTED FOR PRIVACY","REDACTED FOR PRIVACY","REDACTED FOR PRIVACY","REDACTED FOR PRIVACY","REDACTED FOR PRIVACY","REDACTED FOR PRIVACY","","REDACTED FOR PRIVACY","REDACTED FOR PRIVACY","","","","","","","","","","","ns1.msdesign.com.np","ns2.msdeisgn.com.np","","","clientTransferProhibited","clientUpdateProhibited","",""
"19","traveltoggle.com","2020-05-08 20:39:24","2020-05-07","2020-05-07","2021-05-07","1291","Crazy Domains FZ-LLC","whois.crazydomains.com","http://www.crazydomains.com","HARI BHATTARAI","","BANESHWOR, KATHMANDU BANESHWOR, KATHMANDU","KATHMANDU","BAGMATI","44600","Nepal","hawrryharsh@gmail.com","+977.9843215122","","HARI BHATTARAI","","BANESHWOR, KATHMANDU BANESHWOR, KATHMANDU","KATHMANDU","BAGMATI","44600","Nepal","hawrryharsh@gmail.com","+977.9843215122","","HARI BHATTARAI","","BANESHWOR, KATHMANDU BANESHWOR, KATHMANDU","KATHMANDU","BAGMATI","44600","Nepal","hawrryharsh@gmail.com","+977.9843215122","","","","","","","","","","","","dns1.thulo.com","dns101.gurkhahost.com","dns102.gurkhahost.com","dns2.thulo.com","OK","","",""
"20","udayapurktmcc.com","2020-05-08 19:27:33","2020-05-07","2020-05-07","2021-05-07","303","PDR Ltd. d/b/a PublicDomainRegistry.com","whois.publicdomainregistry.com","http://www.publicdomainregistry.com","Narad Mani Bastola","Ad Crew Media pvt. Ltd.","Anamnagar, Kathmandu","Kathmandu","Bagmati","44600","Nepal","narad.bastola@gmail.com","+977.014246500","","Narad Mani Bastola","Ad Crew Media pvt. Ltd.","Anamnagar, Kathmandu","Kathmandu","Bagmati","44600","Nepal","narad.bastola@gmail.com","+977.014246500","","Narad Mani Bastola","Ad Crew Media pvt. Ltd.","Anamnagar, Kathmandu","Kathmandu","Bagmati","44600","Nepal","narad.bastola@gmail.com","+977.014246500","","","","","","","","","","","","ns1.mynxgdns.com","ns2.mynxgdns.com","ns3.mynxgdns.com","","clientTransferProhibited","","",""
"21","unfoldedliving.com","2020-05-08 19:20:58","2020-05-07","2020-05-07","2021-05-07","955","Launchpad, Inc.","whois.launchpad.com","http://www.launchpad.com","Baibhav Dhakal","None","Biratnagar","Biratnagar","KO","56613","Nepal","baibhavdkl@gmail.com","+977.9800971967","","Baibhav Dhakal","None","Biratnagar","Biratnagar","KO","56613","Nepal","baibhavdkl@gmail.com","+977.9800971967","","Baibhav Dhakal","None","Biratnagar","Biratnagar","KO","56613","Nepal","baibhavdkl@gmail.com","+977.9800971967","","","","","","","","","","","","ns8401.hostgator.com","ns8402.hostgator.com","","","clientTransferProhibited","","",""
"22","urlabarionline.com","2020-05-08 19:51:27","2020-05-07","2020-05-07","2021-05-07","303","PDR Ltd. d/b/a PublicDomainRegistry.com","whois.publicdomainregistry.com","http://www.publicdomainregistry.com","shrestha","roshan","canada","Canada","Gandaki","44001","Nepal","the_roshans@hotmail.com","+977.9801072300","","shrestha","roshan","canada","Canada","Gandaki","44001","Nepal","the_roshans@hotmail.com","+977.9801072300","","shrestha","roshan","canada","Canada","Gandaki","44001","Nepal","the_roshans@hotmail.com","+977.9801072300","","","","","","","","","","","","linux1.ihostnepal.com","linux2.ihostnepal.com","","","clientTransferProhibited","","",""
"23","vcardnepal.com","2020-05-08 20:05:34","2020-05-06","2020-05-06","2021-05-06","303","PDR Ltd. d/b/a PublicDomainRegistry.com","whois.publicdomainregistry.com","http://www.publicdomainregistry.com","Gitanath Dhungana","Sajilo Technology","Hetauda","Hetauda","Narayani","00977","Nepal","dhunganagitanath@gmail.com","+977.9845027957","","Gitanath Dhungana","Sajilo Technology","Hetauda","Hetauda","Narayani","00977","Nepal","dhunganagitanath@gmail.com","+977.9845027957","","Gitanath Dhungana","Sajilo Technology","Hetauda","Hetauda","Narayani","00977","Nepal","dhunganagitanath@gmail.com","+977.9845027957","","","","","","","","","","","","dns3.parkpage.foundationapi.com","dns4.parkpage.foundationapi.com","","","clientTransferProhibited","","",""