"num","domain_name","query_time","create_date","update_date","expiry_date","domain_registrar_id","domain_registrar_name","domain_registrar_whois","domain_registrar_url","registrant_name","registrant_company","registrant_address","registrant_city","registrant_state","registrant_zip","registrant_country","registrant_email","registrant_phone","registrant_fax","administrative_name","administrative_company","administrative_address","administrative_city","administrative_state","administrative_zip","administrative_country","administrative_email","administrative_phone","administrative_fax","technical_name","technical_company","technical_address","technical_city","technical_state","technical_zip","technical_country","technical_email","technical_phone","technical_fax","billing_name","billing_company","billing_address","billing_city","billing_state","billing_zip","billing_country","billing_email","billing_phone","billing_fax","name_server_1","name_server_2","name_server_3","name_server_4","domain_status_1","domain_status_2","domain_status_3","domain_status_4"
"1","24hclinic.com","2020-05-08 20:23:10","2020-05-06","2020-05-06","2021-05-06","146","GoDaddy.com, LLC","whois.godaddy.com","http://registrar.godaddy.com","Godaddy","Godaddy","","","ON","","Paraguay","","","","","","","","","","","","","","","","","","","","","","","","","","","","","","","","","","ns1.uniregistrymarket.link","ns2.uniregistrymarket.link","","","clientDeleteProhibited","clientRenewProhibited","clientTransferProhibited","clientUpdateProhibited"
"2","24hgamble.com","2020-05-08 20:03:38","2020-05-06","2020-05-06","2021-05-06","146","GoDaddy.com, LLC","whois.godaddy.com","http://registrar.godaddy.com","Godaddy","Godaddy","","","ON","","Paraguay","","","","","","","","","","","","","","","","","","","","","","","","","","","","","","","","","","ns1.uniregistrymarket.link","ns2.uniregistrymarket.link","","","clientDeleteProhibited","clientRenewProhibited","clientTransferProhibited","clientUpdateProhibited"
"3","24hmechanic.com","2020-05-08 20:03:36","2020-05-06","2020-05-06","2021-05-06","146","GoDaddy.com, LLC","whois.godaddy.com","http://registrar.godaddy.com","Godaddy","Godaddy","","","ON","","Paraguay","","","","","","","","","","","","","","","","","","","","","","","","","","","","","","","","","","ns1.uniregistrymarket.link","ns2.uniregistrymarket.link","","","clientDeleteProhibited","clientRenewProhibited","clientTransferProhibited","clientUpdateProhibited"
"4","24hrautos.com","2020-05-08 20:02:13","2020-05-06","2020-05-06","2021-05-06","146","GoDaddy.com, LLC","whois.godaddy.com","http://registrar.godaddy.com","Godaddy","Godaddy","","","ON","","Paraguay","","","","","","","","","","","","","","","","","","","","","","","","","","","","","","","","","","ns1.uniregistrymarket.link","ns2.uniregistrymarket.link","","","clientDeleteProhibited","clientRenewProhibited","clientTransferProhibited","clientUpdateProhibited"
"5","24hrdrs.com","2020-05-08 20:30:36","2020-05-06","2020-05-06","2021-05-06","146","GoDaddy.com, LLC","whois.godaddy.com","http://registrar.godaddy.com","Godaddy","Godaddy","","","ON","","Paraguay","","","","","","","","","","","","","","","","","","","","","","","","","","","","","","","","","","ns1.uniregistrymarket.link","ns2.uniregistrymarket.link","","","clientDeleteProhibited","clientRenewProhibited","clientTransferProhibited","clientUpdateProhibited"
"6","24hrgamble.com","2020-05-08 20:06:53","2020-05-06","2020-05-06","2021-05-06","146","GoDaddy.com, LLC","whois.godaddy.com","http://registrar.godaddy.com","Godaddy","Godaddy","","","ON","","Paraguay","","","","","","","","","","","","","","","","","","","","","","","","","","","","","","","","","","ns1.uniregistrymarket.link","ns2.uniregistrymarket.link","","","clientDeleteProhibited","clientRenewProhibited","clientTransferProhibited","clientUpdateProhibited"
"7","24hrgambling.com","2020-05-08 20:02:06","2020-05-06","2020-05-06","2021-05-06","146","GoDaddy.com, LLC","whois.godaddy.com","http://registrar.godaddy.com","Godaddy","Godaddy","","","ON","","Paraguay","","","","","","","","","","","","","","","","","","","","","","","","","","","","","","","","","","ns1.uniregistrymarket.link","ns2.uniregistrymarket.link","","","clientDeleteProhibited","clientRenewProhibited","clientTransferProhibited","clientUpdateProhibited"
"8","24hrpet.com","2020-05-08 20:20:30","2020-05-06","2020-05-06","2021-05-06","146","GoDaddy.com, LLC","whois.godaddy.com","http://registrar.godaddy.com","Godaddy","Godaddy","","","ON","","Paraguay","","","","","","","","","","","","","","","","","","","","","","","","","","","","","","","","","","ns1.uniregistrymarket.link","ns2.uniregistrymarket.link","","","clientDeleteProhibited","clientRenewProhibited","clientTransferProhibited","clientUpdateProhibited"
"9","aduanerospy.com","2020-05-08 19:40:27","2020-05-07","2020-05-07","2021-05-07","69","Tucows Domains Inc.","whois.tucows.com","http://domainhelp.opensrs.net","REDACTED FOR PRIVACY","REDACTED FOR PRIVACY","REDACTED FOR PRIVACY","REDACTED FOR PRIVACY","REDACTED FOR PRIVACY","REDACTED FOR PRIVACY","Paraguay","","REDACTED FOR PRIVACY","REDACTED FOR PRIVACY","REDACTED FOR PRIVACY","REDACTED FOR PRIVACY","REDACTED FOR PRIVACY","REDACTED FOR PRIVACY","REDACTED FOR PRIVACY","REDACTED FOR PRIVACY","REDACTED FOR PRIVACY","","REDACTED FOR PRIVACY","REDACTED FOR PRIVACY","REDACTED FOR PRIVACY","REDACTED FOR PRIVACY","REDACTED FOR PRIVACY","REDACTED FOR PRIVACY","REDACTED FOR PRIVACY","REDACTED FOR PRIVACY","REDACTED FOR PRIVACY","","REDACTED FOR PRIVACY","REDACTED FOR PRIVACY","","","","","","","","","","","ns1.hostingparaguay.org","ns2.hostingparaguay.org","","","OK","","",""
"10","agenciaocampo.com","2020-05-08 21:06:17","2020-05-07","2020-05-07","2021-05-07","303","PDR Ltd. d/b/a PublicDomainRegistry.com","whois.publicdomainregistry.com","http://www.publicdomainregistry.com","Victor Ocampo Zaracho","Agencia Ocampo","4 de Julio y Jose Campos Lanzoni","Asuncion","Central","1929","Paraguay","victorocampozaracho@hotmail.com","+595.981493831","","Victor Ocampo Zaracho","Agencia Ocampo","4 de Julio y Jose Campos Lanzoni","Asuncion","Central","1929","Paraguay","victorocampozaracho@hotmail.com","+595.981493831","","Victor Ocampo Zaracho","Agencia Ocampo","4 de Julio y Jose Campos Lanzoni","Asuncion","Central","1929","Paraguay","victorocampozaracho@hotmail.com","+595.981493831","","","","","","","","","","","","ns3.prodominios.com","ns4.prodominios.com","ns7.prodominios.com","ns8.prodominios.com","clientTransferProhibited","","",""
"11","agenciaruizdiaz.com","2020-05-08 19:58:18","2020-05-07","2020-05-07","2021-05-07","106","Ascio Technologies, Inc. Danmark - Filial af Ascio technologies, Inc. USA","whois.ascio.com","http://www.ascio.com","Not Disclosed","Not Disclosed","Not Disclosed","Not Disclosed","","Not Disclosed","Paraguay","","Not Disclosed","Not Disclosed","Not Disclosed","Not Disclosed","Not Disclosed","Not Disclosed","Not Disclosed","Not Disclosed","Not Disclosed","","Not Disclosed","Not Disclosed","Not Disclosed","Not Disclosed","Not Disclosed","Not Disclosed","Not Disclosed","Not Disclosed","Not Disclosed","","Not Disclosed","Not Disclosed","","","","","","","","","","","dns1.123hjemmeside.dk","dns2.123hjemmeside.dk","dns3.123hjemmeside.dk","","OK","","",""
"12","alliancetradingpy.com","2020-05-08 21:13:00","2020-05-06","2020-05-06","2021-05-06","303","PDR Ltd. d/b/a PublicDomainRegistry.com","whois.publicdomainregistry.com","http://www.publicdomainregistry.com","Martha  Segovia Franco","","Doctor Justo Prieto c/ Bliloff-Triplex 5","Asuncion","Central","1929","Paraguay","alliancetradingpy@gmail.com","+595.985646098","","Martha  Segovia Franco","","Doctor Justo Prieto c/ Bliloff-Triplex 5","Asuncion","Central","1929","Paraguay","alliancetradingpy@gmail.com","+595.985646098","","Martha  Segovia Franco","","Doctor Justo Prieto c/ Bliloff-Triplex 5","Asuncion","Central","1929","Paraguay","alliancetradingpy@gmail.com","+595.985646098","","","","","","","","","","","","ns1.prodominios.com","ns11.prodominios.com","ns12.prodominios.com","ns2.prodominios.com","clientTransferProhibited","","",""
"13","aycwarehouse.com","2020-05-08 20:01:26","2020-05-06","2020-05-06","2021-05-06","955","Launchpad, Inc.","whois.launchpad.com","http://www.launchpad.com","Rodrigo Ruiz Diaz","Peigriega","Gobernador Irala 1012","Asuncion","11","1119","Paraguay","yoyivera_91@hotmail.com","+595.21420444","","Rodrigo Ruiz Diaz","Peigriega","Gobernador Irala 1012","Asuncion","11","1119","Paraguay","yoyivera_91@hotmail.com","+595.21420444","","Rodrigo Ruiz Diaz","Peigriega","Gobernador Irala 1012","Asuncion","11","1119","Paraguay","yoyivera_91@hotmail.com","+595.21420444","","","","","","","","","","","","ns1.peigriega.com","ns2.peigriega.com","","","clientTransferProhibited","","",""
"14","citasparatodos.com","2020-05-08 21:16:53","2020-05-06","2020-05-06","2021-05-06","146","GoDaddy.com, LLC","whois.godaddy.com","http://registrar.godaddy.com","","","","","Asuncion","","Paraguay","","","","","","","","","","","","","","","","","","","","","","","","","","","","","","","","","","ns37.domaincontrol.com","ns38.domaincontrol.com","","","clientDeleteProhibited","clientRenewProhibited","clientTransferProhibited","clientUpdateProhibited"
"15","clasespy.com","2020-05-08 21:15:25","2020-05-06","2020-05-06","2021-05-06","379","Arsys Internet, S.L. dba NICLINE.COM","whois.nicline.com","http://www.nicline.com","REDACTED FOR PRIVACY","","REDACTED FOR PRIVACY","REDACTED FOR PRIVACY","Central","REDACTED FOR PRIVACY","Paraguay","whoiscontact@domainconnection.info","REDACTED FOR PRIVACY","REDACTED FOR PRIVACY","REDACTED FOR PRIVACY","REDACTED FOR PRIVACY","REDACTED FOR PRIVACY","REDACTED FOR PRIVACY","REDACTED FOR PRIVACY","REDACTED FOR PRIVACY","REDACTED FOR PRIVACY","whoiscontact@domainconnection.info","REDACTED FOR PRIVACY","REDACTED FOR PRIVACY","REDACTED FOR PRIVACY","REDACTED FOR PRIVACY","REDACTED FOR PRIVACY","REDACTED FOR PRIVACY","REDACTED FOR PRIVACY","REDACTED FOR PRIVACY","REDACTED FOR PRIVACY","whoiscontact@domainconnection.info","REDACTED FOR PRIVACY","REDACTED FOR PRIVACY","","","","","","","","","","","ns1.vultr.com","ns2.vultr.com","","","addPeriod","clientTransferProhibited","",""
"16","clinic24hr.com","2020-05-08 20:00:25","2020-05-06","2020-05-06","2021-05-06","146","GoDaddy.com, LLC","whois.godaddy.com","http://registrar.godaddy.com","Godaddy","Godaddy","","","ON","","Paraguay","","","","","","","","","","","","","","","","","","","","","","","","","","","","","","","","","","ns1.uniregistrymarket.link","ns2.uniregistrymarket.link","","","clientDeleteProhibited","clientRenewProhibited","clientTransferProhibited","clientUpdateProhibited"
"17","clinicamartinezpy.com","2020-05-08 20:05:53","2020-05-06","2020-05-06","2021-05-06","379","Arsys Internet, S.L. dba NICLINE.COM","whois.nicline.com","http://www.nicline.com","REDACTED FOR PRIVACY","","REDACTED FOR PRIVACY","REDACTED FOR PRIVACY","Central","REDACTED FOR PRIVACY","Paraguay","whoiscontact@domainconnection.info","REDACTED FOR PRIVACY","REDACTED FOR PRIVACY","REDACTED FOR PRIVACY","REDACTED FOR PRIVACY","REDACTED FOR PRIVACY","REDACTED FOR PRIVACY","REDACTED FOR PRIVACY","REDACTED FOR PRIVACY","REDACTED FOR PRIVACY","whoiscontact@domainconnection.info","REDACTED FOR PRIVACY","REDACTED FOR PRIVACY","REDACTED FOR PRIVACY","REDACTED FOR PRIVACY","REDACTED FOR PRIVACY","REDACTED FOR PRIVACY","REDACTED FOR PRIVACY","REDACTED FOR PRIVACY","REDACTED FOR PRIVACY","whoiscontact@domainconnection.info","REDACTED FOR PRIVACY","REDACTED FOR PRIVACY","","","","","","","","","","","ns29.maxdominios.com","ns30.maxdominios.com","","","addPeriod","clientTransferProhibited","",""
"18","deadcowrevenge.com","2020-05-08 21:12:20","2020-05-06","2020-05-06","2021-05-06","146","GoDaddy.com, LLC","whois.godaddy.com","http://registrar.godaddy.com","PROCER LATINO","PROCER LATINO","","","Central","","Paraguay","","","","","","","","","","","","","","","","","","","","","","","","","","","","","","","","","","ns75.domaincontrol.com","ns76.domaincontrol.com","","","clientDeleteProhibited","clientRenewProhibited","clientTransferProhibited","clientUpdateProhibited"
"19","depart.biz","2020-05-08 15:38:39","2020-05-05","2020-05-05","2021-05-05","625","Name.com, Inc.","whois.name.com","http://www.name.com","","","","","Boqueron","","Paraguay","","","","","","","","","","","","","","","","","","","","","","","","","","","","","","","","","","ns1.dan.com","ns2.dan.com","verification-e6510d17.ns3.dan.hosting","","addPeriod","clientTransferProhibited","",""
"20","emergency24h.com","2020-05-08 20:24:53","2020-05-06","2020-05-06","2021-05-06","146","GoDaddy.com, LLC","whois.godaddy.com","http://registrar.godaddy.com","Godaddy","Godaddy","","","ON","","Paraguay","","","","","","","","","","","","","","","","","","","","","","","","","","","","","","","","","","ns1.uniregistrymarket.link","ns2.uniregistrymarket.link","","","clientDeleteProhibited","clientRenewProhibited","clientTransferProhibited","clientUpdateProhibited"
"21","emergency24hr.com","2020-05-08 20:01:35","2020-05-06","2020-05-06","2021-05-06","146","GoDaddy.com, LLC","whois.godaddy.com","http://registrar.godaddy.com","Godaddy","Godaddy","","","ON","","Paraguay","","","","","","","","","","","","","","","","","","","","","","","","","","","","","","","","","","ns1.uniregistrymarket.link","ns2.uniregistrymarket.link","","","clientDeleteProhibited","clientRenewProhibited","clientTransferProhibited","clientUpdateProhibited"
"22","entrasinpapel.com","2020-05-08 21:04:05","2020-05-07","2020-05-07","2021-05-07","379","Arsys Internet, S.L. dba NICLINE.COM","whois.nicline.com","http://www.nicline.com","REDACTED FOR PRIVACY","","REDACTED FOR PRIVACY","REDACTED FOR PRIVACY","Central","REDACTED FOR PRIVACY","Paraguay","whoiscontact@domainconnection.info","REDACTED FOR PRIVACY","REDACTED FOR PRIVACY","REDACTED FOR PRIVACY","REDACTED FOR PRIVACY","REDACTED FOR PRIVACY","REDACTED FOR PRIVACY","REDACTED FOR PRIVACY","REDACTED FOR PRIVACY","REDACTED FOR PRIVACY","whoiscontact@domainconnection.info","REDACTED FOR PRIVACY","REDACTED FOR PRIVACY","REDACTED FOR PRIVACY","REDACTED FOR PRIVACY","REDACTED FOR PRIVACY","REDACTED FOR PRIVACY","REDACTED FOR PRIVACY","REDACTED FOR PRIVACY","REDACTED FOR PRIVACY","whoiscontact@domainconnection.info","REDACTED FOR PRIVACY","REDACTED FOR PRIVACY","","","","","","","","","","","ns37.maxdominios.com","ns38.maxdominios.com","","","addPeriod","clientTransferProhibited","",""
"23","g5xpress.com","2020-05-08 21:11:31","2020-05-06","2020-05-06","2021-05-06","146","GoDaddy.com, LLC","whois.godaddy.com","http://registrar.godaddy.com","CEROCINCO","CEROCINCO","","","central","","Paraguay","","","","","","","","","","","","","","","","","","","","","","","","","","","","","","","","","","ns37.domaincontrol.com","ns38.domaincontrol.com","","","clientDeleteProhibited","clientRenewProhibited","clientTransferProhibited","clientUpdateProhibited"
"24","gamble24hr.com","2020-05-08 19:33:38","2020-05-06","2020-05-06","2021-05-06","146","GoDaddy.com, LLC","whois.godaddy.com","http://registrar.godaddy.com","Godaddy","Godaddy","","","ON","","Paraguay","","","","","","","","","","","","","","","","","","","","","","","","","","","","","","","","","","ns1.uniregistrymarket.link","ns2.uniregistrymarket.link","","","clientDeleteProhibited","clientRenewProhibited","clientTransferProhibited","clientUpdateProhibited"
"25","gambling24hr.com","2020-05-08 20:01:36","2020-05-06","2020-05-06","2021-05-06","146","GoDaddy.com, LLC","whois.godaddy.com","http://registrar.godaddy.com","Godaddy","Godaddy","","","ON","","Paraguay","","","","","","","","","","","","","","","","","","","","","","","","","","","","","","","","","","ns1.uniregistrymarket.link","ns2.uniregistrymarket.link","","","clientDeleteProhibited","clientRenewProhibited","clientTransferProhibited","clientUpdateProhibited"
"26","glider.biz","2020-05-08 11:36:15","2020-05-05","2020-05-05","2021-05-05","625","Name.com, Inc.","whois.name.com","http://www.name.com","","","","","Boqueron","","Paraguay","","","","","","","","","","","","","","","","","","","","","","","","","","","","","","","","","","ns1.dan.com","ns2.dan.com","verification-e6510d17.ns3.dan.hosting","","addPeriod","clientTransferProhibited","",""
"27","insolvenz-corona.com","2020-05-08 20:49:01","2020-05-07","2020-05-07","2021-05-07","1443","Vautron Rechenzentrum AG","whois.antagus.de","http://www.vautron.de","","","","","Central","","Paraguay","ax4m87htzv@domprivacy.de","","","","","","","","","","ap60jmh7bn@domprivacy.de","","","","","","","","","","ap60jmh7bn@domprivacy.de","","","","","","","","","","","","","5x5.info","ns1.5x5.info","ns2.5x5.info","","OK","","",""
"28","investinglung.com","2020-05-08 20:22:21","2020-05-06","2020-05-06","2021-05-06","48","eNom, Inc.","whois.enom.com","http://www.enom.com","REDACTED FOR PRIVACY","REDACTED FOR PRIVACY","REDACTED FOR PRIVACY","REDACTED FOR PRIVACY","Itapua","REDACTED FOR PRIVACY","Paraguay","","REDACTED FOR PRIVACY","REDACTED FOR PRIVACY","REDACTED FOR PRIVACY","REDACTED FOR PRIVACY","REDACTED FOR PRIVACY","REDACTED FOR PRIVACY","REDACTED FOR PRIVACY","REDACTED FOR PRIVACY","REDACTED FOR PRIVACY","","REDACTED FOR PRIVACY","REDACTED FOR PRIVACY","REDACTED FOR PRIVACY","REDACTED FOR PRIVACY","REDACTED FOR PRIVACY","REDACTED FOR PRIVACY","REDACTED FOR PRIVACY","REDACTED FOR PRIVACY","REDACTED FOR PRIVACY","","REDACTED FOR PRIVACY","REDACTED FOR PRIVACY","","","","","","","","","","","ns1.cnidcloud.com","ns2.cnidcloud.com","","","addPeriod","clientTransferProhibited","",""
"29","jatopa.net","2020-05-09 00:33:03","2020-05-07","2020-05-07","2021-05-07","146","GoDaddy.com, LLC","whois.godaddy.com","http://registrar.godaddy.com","Jatopa","Jatopa","","","Tetavore Central","","Paraguay","","","","","","","","","","","","","","","","","","","","","","","","","","","","","","","","","","ns75.domaincontrol.com","ns76.domaincontrol.com","","","clientDeleteProhibited","clientRenewProhibited","clientTransferProhibited","clientUpdateProhibited"
"30","lexer.biz","2020-05-08 11:18:12","2020-05-05","2020-05-05","2021-05-05","625","Name.com, Inc.","whois.name.com","http://www.name.com","","","","","Boqueron","","Paraguay","","","","","","","","","","","","","","","","","","","","","","","","","","","","","","","","","","ns1.dan.com","ns2.dan.com","verification-e6510d17.ns3.dan.hosting","","addPeriod","clientTransferProhibited","",""
"31","luamont.com","2020-05-08 21:00:43","2020-05-07","2020-05-07","2021-05-07","379","Arsys Internet, S.L. dba NICLINE.COM","whois.nicline.com","http://www.nicline.com","REDACTED FOR PRIVACY","","REDACTED FOR PRIVACY","REDACTED FOR PRIVACY","Central","REDACTED FOR PRIVACY","Paraguay","whoiscontact@domainconnection.info","REDACTED FOR PRIVACY","REDACTED FOR PRIVACY","REDACTED FOR PRIVACY","REDACTED FOR PRIVACY","REDACTED FOR PRIVACY","REDACTED FOR PRIVACY","REDACTED FOR PRIVACY","REDACTED FOR PRIVACY","REDACTED FOR PRIVACY","whoiscontact@domainconnection.info","REDACTED FOR PRIVACY","REDACTED FOR PRIVACY","REDACTED FOR PRIVACY","REDACTED FOR PRIVACY","REDACTED FOR PRIVACY","REDACTED FOR PRIVACY","REDACTED FOR PRIVACY","REDACTED FOR PRIVACY","REDACTED FOR PRIVACY","whoiscontact@domainconnection.info","REDACTED FOR PRIVACY","REDACTED FOR PRIVACY","","","","","","","","","","","ns37.maxdominios.com","ns38.maxdominios.com","","","addPeriod","clientTransferProhibited","",""
"32","macron.biz","2020-05-08 10:26:34","2020-05-05","2020-05-05","2021-05-05","625","Name.com, Inc.","whois.name.com","http://www.name.com","","","","","Boqueron","","Paraguay","","","","","","","","","","","","","","","","","","","","","","","","","","","","","","","","","","ns1.dan.com","ns2.dan.com","verification-e6510d17.ns3.dan.hosting","","addPeriod","clientTransferProhibited","",""
"33","mechanic24hr.com","2020-05-08 20:06:53","2020-05-06","2020-05-06","2021-05-06","146","GoDaddy.com, LLC","whois.godaddy.com","http://registrar.godaddy.com","Godaddy","Godaddy","","","ON","","Paraguay","","","","","","","","","","","","","","","","","","","","","","","","","","","","","","","","","","ns1.uniregistrymarket.link","ns2.uniregistrymarket.link","","","clientDeleteProhibited","clientRenewProhibited","clientTransferProhibited","clientUpdateProhibited"
"34","medicationprint.com","2020-05-08 20:56:04","2020-05-07","2020-05-07","2021-05-07","146","GoDaddy.com, LLC","whois.godaddy.com","http://registrar.godaddy.com","Godaddy","Godaddy","","","ON","","Paraguay","","","","","","","","","","","","","","","","","","","","","","","","","","","","","","","","","","ns1.uniregistrymarket.link","ns2.uniregistrymarket.link","","","clientDeleteProhibited","clientRenewProhibited","clientTransferProhibited","clientUpdateProhibited"
"35","miturnopy.com","2020-05-08 19:40:46","2020-05-07","2020-05-07","2021-05-07","955","Launchpad, Inc.","whois.launchpad.com","http://www.launchpad.com","webdeveloperspy webdeveloperspy","webdeveloperspy","Asuncion Asuncion","Asuncion","ASU","2169","Paraguay","webdeveloperspy@gmail.com","+595.985111111","","webdeveloperspy webdeveloperspy","webdeveloperspy","Asuncion Asuncion","Asuncion","ASU","2169","Paraguay","webdeveloperspy@gmail.com","+595.985111111","","webdeveloperspy webdeveloperspy","webdeveloperspy","Asuncion Asuncion","Asuncion","ASU","2169","Paraguay","webdeveloperspy@gmail.com","+595.985111111","","","","","","","","","","","","ns4003.hostgator.com","ns4004.hostgator.com","","","clientTransferProhibited","","",""
"36","naguarabit.com","2020-05-08 19:17:49","2020-05-06","2020-05-06","2021-05-06","48","eNom, Inc.","whois.enom.com","http://www.enom.com","REDACTED FOR PRIVACY","REDACTED FOR PRIVACY","REDACTED FOR PRIVACY","REDACTED FOR PRIVACY","Central","REDACTED FOR PRIVACY","Paraguay","","REDACTED FOR PRIVACY","REDACTED FOR PRIVACY","REDACTED FOR PRIVACY","REDACTED FOR PRIVACY","REDACTED FOR PRIVACY","REDACTED FOR PRIVACY","REDACTED FOR PRIVACY","REDACTED FOR PRIVACY","REDACTED FOR PRIVACY","","REDACTED FOR PRIVACY","REDACTED FOR PRIVACY","REDACTED FOR PRIVACY","REDACTED FOR PRIVACY","REDACTED FOR PRIVACY","REDACTED FOR PRIVACY","REDACTED FOR PRIVACY","REDACTED FOR PRIVACY","REDACTED FOR PRIVACY","","REDACTED FOR PRIVACY","REDACTED FOR PRIVACY","","","","","","","","","","","ns1.lineadns.com","ns2.lineadns.com","","","addPeriod","clientTransferProhibited","",""
"37","neeaty.com","2020-05-08 21:15:03","2020-05-06","2020-05-06","2021-05-06","379","Arsys Internet, S.L. dba NICLINE.COM","whois.nicline.com","http://www.nicline.com","REDACTED FOR PRIVACY","","REDACTED FOR PRIVACY","REDACTED FOR PRIVACY","Central","REDACTED FOR PRIVACY","Paraguay","whoiscontact@domainconnection.info","REDACTED FOR PRIVACY","REDACTED FOR PRIVACY","REDACTED FOR PRIVACY","REDACTED FOR PRIVACY","REDACTED FOR PRIVACY","REDACTED FOR PRIVACY","REDACTED FOR PRIVACY","REDACTED FOR PRIVACY","REDACTED FOR PRIVACY","whoiscontact@domainconnection.info","REDACTED FOR PRIVACY","REDACTED FOR PRIVACY","REDACTED FOR PRIVACY","REDACTED FOR PRIVACY","REDACTED FOR PRIVACY","REDACTED FOR PRIVACY","REDACTED FOR PRIVACY","REDACTED FOR PRIVACY","REDACTED FOR PRIVACY","whoiscontact@domainconnection.info","REDACTED FOR PRIVACY","REDACTED FOR PRIVACY","","","","","","","","","","","ns1.vultr.com","ns2.vultr.com","","","addPeriod","clientTransferProhibited","",""
"38","nu-mixingideas.com","2020-05-08 20:03:17","2020-05-06","2020-05-06","2021-05-06","146","GoDaddy.com, LLC","whois.godaddy.com","http://registrar.godaddy.com","nu - mixing ideas","nu - mixing ideas","","","Central","","Paraguay","","","","","","","","","","","","","","","","","","","","","","","","","","","","","","","","","","ns35.domaincontrol.com","ns36.domaincontrol.com","","","clientDeleteProhibited","clientRenewProhibited","clientTransferProhibited","clientUpdateProhibited"
"39","paraguayimmobilien-und-einwanderung.com","2020-05-08 19:56:44","2020-05-07","2020-05-07","2021-05-07","303","PDR Ltd. d/b/a PublicDomainRegistry.com","whois.publicdomainregistry.com","http://www.publicdomainregistry.com","Claus Detlef Sittner","","Paraguay","Asuncion","Capital","1209","Paraguay","clausdsittner@gmail.com","+595.981153673","","Claus Detlef Sittner","","Paraguay","Asuncion","Capital","1209","Paraguay","clausdsittner@gmail.com","+595.981153673","","Claus Detlef Sittner","","Paraguay","Asuncion","Capital","1209","Paraguay","clausdsittner@gmail.com","+595.981153673","","","","","","","","","","","","ns1.prodominios.com","ns11.prodominios.com","ns12.prodominios.com","","clientTransferProhibited","","",""
"40","pet24hr.com","2020-05-08 20:03:37","2020-05-06","2020-05-06","2021-05-06","146","GoDaddy.com, LLC","whois.godaddy.com","http://registrar.godaddy.com","Godaddy","Godaddy","","","ON","","Paraguay","","","","","","","","","","","","","","","","","","","","","","","","","","","","","","","","","","ns1.uniregistrymarket.link","ns2.uniregistrymarket.link","","","clientDeleteProhibited","clientRenewProhibited","clientTransferProhibited","clientUpdateProhibited"
"41","plumbing24h.com","2020-05-08 20:01:36","2020-05-06","2020-05-06","2021-05-06","146","GoDaddy.com, LLC","whois.godaddy.com","http://registrar.godaddy.com","Godaddy","Godaddy","","","ON","","Paraguay","","","","","","","","","","","","","","","","","","","","","","","","","","","","","","","","","","ns1.uniregistrymarket.link","ns2.uniregistrymarket.link","","","clientDeleteProhibited","clientRenewProhibited","clientTransferProhibited","clientUpdateProhibited"
"42","plumbing24hr.com","2020-05-08 20:03:32","2020-05-06","2020-05-06","2021-05-06","146","GoDaddy.com, LLC","whois.godaddy.com","http://registrar.godaddy.com","Godaddy","Godaddy","","","ON","","Paraguay","","","","","","","","","","","","","","","","","","","","","","","","","","","","","","","","","","ns1.uniregistrymarket.link","ns2.uniregistrymarket.link","","","clientDeleteProhibited","clientRenewProhibited","clientTransferProhibited","clientUpdateProhibited"
"43","quierowanderlust.com","2020-05-08 19:59:49","2020-05-07","2020-05-07","2021-05-07","303","PDR Ltd. d/b/a PublicDomainRegistry.com","whois.publicdomainregistry.com","http://www.publicdomainregistry.com","Alejandra Lopez","Altamira Paraguay","Tte. Martinez Ramella Nro 1103","Asuncion","Central","1514","Paraguay","altamirapy@gmail.com","+595.0981662324","","Alejandra Lopez","Altamira Paraguay","Tte. Martinez Ramella Nro 1103","Asuncion","Central","1514","Paraguay","altamirapy@gmail.com","+595.0981662324","","Alejandra Lopez","Altamira Paraguay","Tte. Martinez Ramella Nro 1103","Asuncion","Central","1514","Paraguay","altamirapy@gmail.com","+595.0981662324","","","","","","","","","","","","ns1.bh-64.webhostbox.net","ns2.bh-64.webhostbox.net","","","clientTransferProhibited","","",""
"44","radiosdevillarrica.com","2020-05-08 21:11:34","2020-05-06","2020-05-06","2021-05-06","1086","Marcaria.com International, Inc.","whois.melbourneit.com","http://www.melbourneit.com","GRUPO GUAIRA","","PRESIDENTE FRANCO 751","VILLARRICA","guaira","5000","Paraguay","info@radioguaira.com.py","+595.981944026","","GRUPO GUAIRA","","PRESIDENTE FRANCO 751","VILLARRICA","guaira","5000","Paraguay","info@radioguaira.com.py","+595.981944026","","Domain Manager","Marcaria.com LLC","8345 NW 66 ST #B1673","Miami","Florida","33195","United States","domains@marcaria.com","+1.3054348621","","","","","","","","","","","","ns01.trademarkarea.com","ns02.trademarkarea.com","ns03.trademarkarea.com","","clientTransferProhibited","","",""
"45","stigma.biz","2020-05-08 05:29:50","2020-05-05","2020-05-05","2021-05-05","625","Name.com, Inc.","whois.name.com","http://www.name.com","","","","","Boqueron","","Paraguay","","","","","","","","","","","","","","","","","","","","","","","","","","","","","","","","","","ns1.dan.com","ns2.dan.com","verification-e6510d17.ns3.dan.hosting","","addPeriod","clientTransferProhibited","",""
"46","tow24h.com","2020-05-08 20:13:26","2020-05-06","2020-05-06","2021-05-06","146","GoDaddy.com, LLC","whois.godaddy.com","http://registrar.godaddy.com","Godaddy","Godaddy","","","ON","","Paraguay","","","","","","","","","","","","","","","","","","","","","","","","","","","","","","","","","","ns1.uniregistrymarket.link","ns2.uniregistrymarket.link","","","clientDeleteProhibited","clientRenewProhibited","clientTransferProhibited","clientUpdateProhibited"
"47","towing24hr.com","2020-05-08 20:04:23","2020-05-06","2020-05-06","2021-05-06","146","GoDaddy.com, LLC","whois.godaddy.com","http://registrar.godaddy.com","Godaddy","Godaddy","","","ON","","Paraguay","","","","","","","","","","","","","","","","","","","","","","","","","","","","","","","","","","ns1.uniregistrymarket.link","ns2.uniregistrymarket.link","","","clientDeleteProhibited","clientRenewProhibited","clientTransferProhibited","clientUpdateProhibited"
"48","trench.biz","2020-05-08 02:38:08","2020-05-05","2020-05-05","2021-05-05","625","Name.com, Inc.","whois.name.com","http://www.name.com","","","","","Boqueron","","Paraguay","","","","","","","","","","","","","","","","","","","","","","","","","","","","","","","","","","ns1.dan.com","ns2.dan.com","verification-e6510d17.ns3.dan.hosting","","addPeriod","clientTransferProhibited","",""
"49","tutrabajopy.com","2020-05-08 20:29:53","2020-05-06","2020-05-06","2021-05-06","69","Tucows Domains Inc.","whois.tucows.com","http://domainhelp.opensrs.net","REDACTED FOR PRIVACY","REDACTED FOR PRIVACY","REDACTED FOR PRIVACY","REDACTED FOR PRIVACY","REDACTED FOR PRIVACY","REDACTED FOR PRIVACY","Paraguay","","REDACTED FOR PRIVACY","REDACTED FOR PRIVACY","REDACTED FOR PRIVACY","REDACTED FOR PRIVACY","REDACTED FOR PRIVACY","REDACTED FOR PRIVACY","REDACTED FOR PRIVACY","REDACTED FOR PRIVACY","REDACTED FOR PRIVACY","","REDACTED FOR PRIVACY","REDACTED FOR PRIVACY","REDACTED FOR PRIVACY","REDACTED FOR PRIVACY","REDACTED FOR PRIVACY","REDACTED FOR PRIVACY","REDACTED FOR PRIVACY","REDACTED FOR PRIVACY","REDACTED FOR PRIVACY","","REDACTED FOR PRIVACY","REDACTED FOR PRIVACY","","","","","","","","","","","ns1.hostingparaguay.org","ns2.hostingparaguay.org","","","OK","","",""
"50","venganzavacamuerta.com","2020-05-08 21:12:23","2020-05-06","2020-05-06","2021-05-06","146","GoDaddy.com, LLC","whois.godaddy.com","http://registrar.godaddy.com","PROCER LATINO","PROCER LATINO","","","Central","","Paraguay","","","","","","","","","","","","","","","","","","","","","","","","","","","","","","","","","","ns35.domaincontrol.com","ns36.domaincontrol.com","","","clientDeleteProhibited","clientRenewProhibited","clientTransferProhibited","clientUpdateProhibited"
"51","vesper.biz","2020-05-08 01:56:14","2020-05-05","2020-05-05","2021-05-05","625","Name.com, Inc.","whois.name.com","http://www.name.com","","","","","Boqueron","","Paraguay","","","","","","","","","","","","","","","","","","","","","","","","","","","","","","","","","","ns1.dan.com","ns2.dan.com","verification-e6510d17.ns3.dan.hosting","","addPeriod","clientTransferProhibited","",""
"52","vidazenbusiness.com","2020-05-08 20:01:05","2020-05-06","2020-05-06","2021-05-06","146","GoDaddy.com, LLC","whois.godaddy.com","http://registrar.godaddy.com","","","","","central","","Paraguay","","","","","","","","","","","","","","","","","","","","","","","","","","","","","","","","","","ns53.domaincontrol.com","ns54.domaincontrol.com","","","clientDeleteProhibited","clientRenewProhibited","clientTransferProhibited","clientUpdateProhibited"
"53","vitaminasparaelcuerpo.com","2020-05-08 19:34:26","2020-05-06","2020-05-06","2021-05-06","146","GoDaddy.com, LLC","whois.godaddy.com","http://registrar.godaddy.com","","","","","central","","Paraguay","","","","","","","","","","","","","","","","","","","","","","","","","","","","","","","","","","ns75.domaincontrol.com","ns76.domaincontrol.com","","","clientDeleteProhibited","clientRenewProhibited","clientTransferProhibited","clientUpdateProhibited"
"54","vmsvirtual.com","2020-05-08 19:48:40","2020-05-07","2020-05-07","2021-05-07","379","Arsys Internet, S.L. dba NICLINE.COM","whois.nicline.com","http://www.nicline.com","REDACTED FOR PRIVACY","","REDACTED FOR PRIVACY","REDACTED FOR PRIVACY","Asuncion","REDACTED FOR PRIVACY","Paraguay","whoiscontact@domainconnection.info","REDACTED FOR PRIVACY","REDACTED FOR PRIVACY","REDACTED FOR PRIVACY","REDACTED FOR PRIVACY","REDACTED FOR PRIVACY","REDACTED FOR PRIVACY","REDACTED FOR PRIVACY","REDACTED FOR PRIVACY","REDACTED FOR PRIVACY","whoiscontact@domainconnection.info","REDACTED FOR PRIVACY","REDACTED FOR PRIVACY","REDACTED FOR PRIVACY","REDACTED FOR PRIVACY","REDACTED FOR PRIVACY","REDACTED FOR PRIVACY","REDACTED FOR PRIVACY","REDACTED FOR PRIVACY","REDACTED FOR PRIVACY","whoiscontact@domainconnection.info","REDACTED FOR PRIVACY","REDACTED FOR PRIVACY","","","","","","","","","","","ns37.maxdominios.com","ns38.maxdominios.com","","","addPeriod","clientTransferProhibited","",""
"55","web-demo.club","2020-05-09 00:49:06","2020-05-07","2020-05-07","2021-05-07","146","GoDaddy.com, LLC","whois.godaddy.com","http://registrar.godaddy.com","","","","","central","","Paraguay","","","","","","","","","","","","","","","","","","","","","","","","","","","","","","","","","","ns1289.websitewelcome.com","ns1290.websitewelcome.com","","","addPeriod","clientDeleteProhibited","clientRenewProhibited","clientTransferProhibited"