"num","domain_name","query_time","create_date","update_date","expiry_date","domain_registrar_id","domain_registrar_name","domain_registrar_whois","domain_registrar_url","registrant_name","registrant_company","registrant_address","registrant_city","registrant_state","registrant_zip","registrant_country","registrant_email","registrant_phone","registrant_fax","administrative_name","administrative_company","administrative_address","administrative_city","administrative_state","administrative_zip","administrative_country","administrative_email","administrative_phone","administrative_fax","technical_name","technical_company","technical_address","technical_city","technical_state","technical_zip","technical_country","technical_email","technical_phone","technical_fax","billing_name","billing_company","billing_address","billing_city","billing_state","billing_zip","billing_country","billing_email","billing_phone","billing_fax","name_server_1","name_server_2","name_server_3","name_server_4","domain_status_1","domain_status_2","domain_status_3","domain_status_4"
"1","emcmltd.com","2020-05-08 20:55:06","2020-05-07","2020-05-07","2021-05-07","146","GoDaddy.com, LLC","whois.godaddy.com","http://registrar.godaddy.com","EMCM Limited","EMCM Limited","","","Saint Vincent","","Saint Vincent and the Grenadines","","","","","","","","","","","","","","","","","","","","","","","","","","","","","","","","","","lilyana.ns.cloudflare.com","osmar.ns.cloudflare.com","","","clientDeleteProhibited","clientRenewProhibited","clientTransferProhibited","clientUpdateProhibited"
"2","plotkinasset.com","2020-05-08 20:55:18","2020-05-07","2020-05-07","2021-05-07","303","PDR Ltd. d/b/a PublicDomainRegistry.com","whois.publicdomainregistry.com","http://www.publicdomainregistry.com","Raja","","305","Kingstown","Kingstown","VC0120","Saint Vincent and the Grenadines","rangemarkets@yahoo.com","+1.150342132","","Raja","","305","Kingstown","Kingstown","VC0120","Saint Vincent and the Grenadines","rangemarkets@yahoo.com","+1.150342132","","Raja","","305","Kingstown","Kingstown","VC0120","Saint Vincent and the Grenadines","rangemarkets@yahoo.com","+1.150342132","","","","","","","","","","","","dns3.parkpage.foundationapi.com","dns4.parkpage.foundationapi.com","","","clientTransferProhibited","","",""
"3","plotkinspreadbet.com","2020-05-08 20:55:23","2020-05-07","2020-05-07","2021-05-07","303","PDR Ltd. d/b/a PublicDomainRegistry.com","whois.publicdomainregistry.com","http://www.publicdomainregistry.com","Raja","","305","Kingstown","Kingstown","VC0120","Saint Vincent and the Grenadines","rangemarkets@yahoo.com","+1.150342132","","Raja","","305","Kingstown","Kingstown","VC0120","Saint Vincent and the Grenadines","rangemarkets@yahoo.com","+1.150342132","","Raja","","305","Kingstown","Kingstown","VC0120","Saint Vincent and the Grenadines","rangemarkets@yahoo.com","+1.150342132","","","","","","","","","","","","dns3.parkpage.foundationapi.com","dns4.parkpage.foundationapi.com","","","clientTransferProhibited","","",""
"4","sagebetting.com","2020-05-08 20:55:18","2020-05-07","2020-05-07","2021-05-07","303","PDR Ltd. d/b/a PublicDomainRegistry.com","whois.publicdomainregistry.com","http://www.publicdomainregistry.com","Raja","","305","Kingstown","Kingstown","VC0120","Saint Vincent and the Grenadines","rangemarkets@yahoo.com","+1.150342132","","Raja","","305","Kingstown","Kingstown","VC0120","Saint Vincent and the Grenadines","rangemarkets@yahoo.com","+1.150342132","","Raja","","305","Kingstown","Kingstown","VC0120","Saint Vincent and the Grenadines","rangemarkets@yahoo.com","+1.150342132","","","","","","","","","","","","dns3.parkpage.foundationapi.com","dns4.parkpage.foundationapi.com","","","clientTransferProhibited","","",""
"5","vincycuisine.com","2020-05-08 20:31:21","2020-05-06","2020-05-06","2021-05-06","146","GoDaddy.com, LLC","whois.godaddy.com","http://registrar.godaddy.com","","","","","SVD","","Saint Vincent and the Grenadines","","","","","","","","","","","","","","","","","","","","","","","","","","","","","","","","","","ns53.domaincontrol.com","ns54.domaincontrol.com","","","clientDeleteProhibited","clientRenewProhibited","clientTransferProhibited","clientUpdateProhibited"