"num","domain_name","query_time","create_date","update_date","expiry_date","domain_registrar_id","domain_registrar_name","domain_registrar_whois","domain_registrar_url","registrant_name","registrant_company","registrant_address","registrant_city","registrant_state","registrant_zip","registrant_country","registrant_email","registrant_phone","registrant_fax","administrative_name","administrative_company","administrative_address","administrative_city","administrative_state","administrative_zip","administrative_country","administrative_email","administrative_phone","administrative_fax","technical_name","technical_company","technical_address","technical_city","technical_state","technical_zip","technical_country","technical_email","technical_phone","technical_fax","billing_name","billing_company","billing_address","billing_city","billing_state","billing_zip","billing_country","billing_email","billing_phone","billing_fax","name_server_1","name_server_2","name_server_3","name_server_4","domain_status_1","domain_status_2","domain_status_3","domain_status_4"
"1","ekoeoegypt.com","2020-05-08 20:41:57","2020-05-07","2020-05-07","2021-05-07","303","PDR Ltd. d/b/a PublicDomainRegistry.com","whois.publicdomainregistry.com","http://www.publicdomainregistry.com","Goldrich Ltd","","10 dagbo street","Mahe","PONDICHERRY","673310","Seychelles","goldrichass1td1@hotmail.com","+248.08067287107","","Goldrich Ltd","","10 dagbo street","Mahe","PONDICHERRY","673310","Seychelles","goldrichass1td1@hotmail.com","+248.08067287107","","Goldrich Ltd","","10 dagbo street","Mahe","PONDICHERRY","673310","Seychelles","goldrichass1td1@hotmail.com","+248.08067287107","","","","","","","","","","","","earth.monovm.com","mars.monovm.com","mercury.monovm.com","venus.monovm.com","clientTransferProhibited","","",""
"2","ganzjahresgriller.com","2020-05-08 20:38:03","2020-05-07","2020-05-07","2021-05-07","1387","1API GmbH","whois.1api.net","http://www.1api.net","REDACTED FOR PRIVACY","REDACTED FOR PRIVACY","REDACTED FOR PRIVACY","REDACTED FOR PRIVACY","","REDACTED FOR PRIVACY","Seychelles","","REDACTED FOR PRIVACY","","REDACTED FOR PRIVACY","REDACTED FOR PRIVACY","REDACTED FOR PRIVACY","REDACTED FOR PRIVACY","REDACTED FOR PRIVACY","REDACTED FOR PRIVACY","REDACTED FOR PRIVACY","","REDACTED FOR PRIVACY","","REDACTED FOR PRIVACY","REDACTED FOR PRIVACY","REDACTED FOR PRIVACY","REDACTED FOR PRIVACY","REDACTED FOR PRIVACY","REDACTED FOR PRIVACY","REDACTED FOR PRIVACY","","REDACTED FOR PRIVACY","","","","","","","","","","","","ns1.domainoffensive.de","ns2.domainoffensive.de","ns3.domainoffensive.de","","clientTransferProhibited","","",""
"3","goraku-world.ltd","2020-05-09 00:34:32","2020-05-06","2020-05-06","2022-05-06","146","GoDaddy.com, LLC","whois.godaddy.com","http://registrar.godaddy.com","REDACTED FOR PRIVACY","","REDACTED FOR PRIVACY","REDACTED FOR PRIVACY","Mahe","REDACTED FOR PRIVACY","Seychelles","","REDACTED FOR PRIVACY","REDACTED FOR PRIVACY","","","","","","","","","","","","","","","","","","","","","","","","","","","","","","","","","","","addPeriod","clientDeleteProhibited","clientRenewProhibited","clientTransferProhibited"
"4","himbasket.com","2020-05-08 19:52:28","2020-05-07","2020-05-07","2021-05-07","146","GoDaddy.com, LLC","whois.godaddy.com","http://registrar.godaddy.com","AnantaGlobalTech","AnantaGlobalTech","","","Mont Fleuri","","Seychelles","","","","","","","","","","","","","","","","","","","","","","","","","","","","","","","","","","ns53.domaincontrol.com","ns54.domaincontrol.com","","","clientDeleteProhibited","clientRenewProhibited","clientTransferProhibited","clientUpdateProhibited"
"5","jboxcdn.com","2020-05-08 19:31:52","2020-05-06","2020-05-07","2021-05-06","1271","enom389, Incorporated","whois.enom389.com","http://www.enom389.com","Dmitry Vasilev","Elmaco Ltd.","106 PREMIER BUILDING, ALBERT STREET","Victoria","","00000","Seychelles","domkeeper777@gmail.com","+248.37258630645","+248.037258630645","Dmitry Vasilev","Elmaco Ltd.","106 PREMIER BUILDING, ALBERT STREET","Victoria","","00000","Seychelles","domkeeper777@gmail.com","+248.37258630645","+248.037258630645","Dmitry Vasilev","Elmaco Ltd.","106 PREMIER BUILDING, ALBERT STREET","Victoria","","00000","Seychelles","domkeeper777@gmail.com","+248.37258630645","+248.037258630645","","","","","","","","","","","pns1.cloudns.net","pns2.cloudns.net","","","OK","","",""
"6","pilot.bet","2020-05-08 14:37:11","2020-05-06","2020-05-06","2021-05-06","440","Wild West Domains, LLC","whois.wildwestdomains.com","http://www.wildwestdomains.com","","","","","Mahe","","Seychelles","","","","","","","","","","","","","","","","","","","","","","","","","","","","","","","","","","ns37.domaincontrol.com","ns38.domaincontrol.com","","","addPeriod","clientDeleteProhibited","clientRenewProhibited","clientTransferProhibited"
"7","rm-group.ltd","2020-05-09 00:34:30","2020-05-06","2020-05-06","2022-05-06","146","GoDaddy.com, LLC","whois.godaddy.com","http://registrar.godaddy.com","REDACTED FOR PRIVACY","","REDACTED FOR PRIVACY","REDACTED FOR PRIVACY","Mahe","REDACTED FOR PRIVACY","Seychelles","","REDACTED FOR PRIVACY","REDACTED FOR PRIVACY","","","","","","","","","","","","","","","","","","","","","","","","","","","","","","","","","","","addPeriod","clientDeleteProhibited","clientRenewProhibited","clientTransferProhibited"