"num","domain_name","query_time","create_date","update_date","expiry_date","domain_registrar_id","domain_registrar_name","domain_registrar_whois","domain_registrar_url","registrant_name","registrant_company","registrant_address","registrant_city","registrant_state","registrant_zip","registrant_country","registrant_email","registrant_phone","registrant_fax","administrative_name","administrative_company","administrative_address","administrative_city","administrative_state","administrative_zip","administrative_country","administrative_email","administrative_phone","administrative_fax","technical_name","technical_company","technical_address","technical_city","technical_state","technical_zip","technical_country","technical_email","technical_phone","technical_fax","billing_name","billing_company","billing_address","billing_city","billing_state","billing_zip","billing_country","billing_email","billing_phone","billing_fax","name_server_1","name_server_2","name_server_3","name_server_4","domain_status_1","domain_status_2","domain_status_3","domain_status_4"
"1","0024.info","2020-05-09 00:47:06","2020-05-07","2020-05-08","2021-05-07","146","GoDaddy.com, LLC","whois.godaddy.com","http://registrar.godaddy.com","ceo","ceo","","","Singapore","","Singapore","","","","","","","","","","","","","","","","","","","","","","","","","","","","","","","","","","ns75.domaincontrol.com","ns76.domaincontrol.com","","","addPeriod","clientDeleteProhibited","clientHold","clientRenewProhibited"
"2","0024.mobi","2020-05-09 00:34:27","2020-05-07","2020-05-08","2021-05-07","146","GoDaddy.com, LLC","whois.godaddy.com","http://registrar.godaddy.com","ceo","ceo","","","Singapore","","Singapore","","","","","","","","","","","","","","","","","","","","","","","","","","","","","","","","","","ns11.domaincontrol.com","ns12.domaincontrol.com","","","addPeriod","clientDeleteProhibited","clientHold","clientRenewProhibited"
"3","0024.pro","2020-05-08 23:16:55","2020-05-07","2020-05-08","2021-05-07","146","GoDaddy.com, LLC","whois.godaddy.com","http://registrar.godaddy.com","ceo","ceo","","","Singapore","","Singapore","","","","","","","","","","","","","","","","","","","","","","","","","","","","","","","","","","ns35.domaincontrol.com","ns36.domaincontrol.com","","","addPeriod","clientDeleteProhibited","clientHold","clientRenewProhibited"
"4","121escort.com","2020-05-08 19:56:26","2020-05-07","2020-05-07","2021-05-07","1291","Crazy Domains FZ-LLC","whois.crazydomains.com","http://www.crazydomains.com","SKY CHEUNG","","HOUGANG","SINGAPORE","SINGAPORE","530309","Singapore","sky.cheung1185@gmail.com","+65.00000000","","SKY CHEUNG","","HOUGANG","SINGAPORE","SINGAPORE","530309","Singapore","sky.cheung1185@gmail.com","+65.00000000","","SKY CHEUNG","","HOUGANG","SINGAPORE","SINGAPORE","530309","Singapore","sky.cheung1185@gmail.com","+65.00000000","","","","","","","","","","","","ns1.vodien.com","ns2.vodien.com","","","OK","","",""
"5","222424.info","2020-05-09 00:47:01","2020-05-07","2020-05-08","2021-05-07","146","GoDaddy.com, LLC","whois.godaddy.com","http://registrar.godaddy.com","ceo","ceo","","","Singapore","","Singapore","","","","","","","","","","","","","","","","","","","","","","","","","","","","","","","","","","ns75.domaincontrol.com","ns76.domaincontrol.com","","","addPeriod","clientDeleteProhibited","clientHold","clientRenewProhibited"
"6","2424242424.info","2020-05-09 00:47:53","2020-05-07","2020-05-08","2021-05-07","146","GoDaddy.com, LLC","whois.godaddy.com","http://registrar.godaddy.com","ceo","ceo","","","Singapore","","Singapore","","","","","","","","","","","","","","","","","","","","","","","","","","","","","","","","","","ns37.domaincontrol.com","ns38.domaincontrol.com","","","addPeriod","clientDeleteProhibited","clientHold","clientRenewProhibited"
"7","2424242424.mobi","2020-05-09 00:34:27","2020-05-07","2020-05-08","2021-05-07","146","GoDaddy.com, LLC","whois.godaddy.com","http://registrar.godaddy.com","ceo","ceo","","","Singapore","","Singapore","","","","","","","","","","","","","","","","","","","","","","","","","","","","","","","","","","ns75.domaincontrol.com","ns76.domaincontrol.com","","","addPeriod","clientDeleteProhibited","clientHold","clientRenewProhibited"
"8","24862486.bet","2020-05-08 14:37:11","2020-05-07","2020-05-07","2023-05-07","146","GoDaddy.com, LLC","whois.godaddy.com","http://registrar.godaddy.com","ceo","ceo","","","Singapore","","Singapore","","","","","","","","","","","","","","","","","","","","","","","","","","","","","","","","","","ns11.domaincontrol.com","ns12.domaincontrol.com","","","addPeriod","clientDeleteProhibited","clientRenewProhibited","clientTransferProhibited"
"9","2486666.bet","2020-05-08 14:37:12","2020-05-07","2020-05-07","2023-05-07","146","GoDaddy.com, LLC","whois.godaddy.com","http://registrar.godaddy.com","ceo","ceo","","","Singapore","","Singapore","","","","","","","","","","","","","","","","","","","","","","","","","","","","","","","","","","ns75.domaincontrol.com","ns76.domaincontrol.com","","","addPeriod","clientDeleteProhibited","clientRenewProhibited","clientTransferProhibited"
"10","289bet.info","2020-05-09 00:46:59","2020-05-07","2020-05-07","2021-05-07","146","GoDaddy.com, LLC","whois.godaddy.com","http://registrar.godaddy.com","UBC","UBC","","","Singapore","","Singapore","","","","","","","","","","","","","","","","","","","","","","","","","","","","","","","","","","pdns07.domaincontrol.com","pdns08.domaincontrol.com","","","addPeriod","clientDeleteProhibited","clientRenewProhibited","clientTransferProhibited"
"11","2msweb.com","2020-05-08 20:44:56","2020-05-07","2020-05-07","2021-05-07","146","GoDaddy.com, LLC","whois.godaddy.com","http://registrar.godaddy.com","","","","","UTTAR PRADESH","","Singapore","","","","","","","","","","","","","","","","","","","","","","","","","","","","","","","","","","ns75.domaincontrol.com","ns76.domaincontrol.com","","","clientDeleteProhibited","clientRenewProhibited","clientTransferProhibited","clientUpdateProhibited"
"12","441421429959.info","2020-05-09 00:47:52","2020-05-07","2020-05-08","2021-05-07","146","GoDaddy.com, LLC","whois.godaddy.com","http://registrar.godaddy.com","ceo","ceo","","","Singapore","","Singapore","","","","","","","","","","","","","","","","","","","","","","","","","","","","","","","","","","ns35.domaincontrol.com","ns36.domaincontrol.com","","","addPeriod","clientDeleteProhibited","clientHold","clientRenewProhibited"
"13","absolutehomessg.com","2020-05-08 19:24:09","2020-05-07","2020-05-07","2021-05-07","146","GoDaddy.com, LLC","whois.godaddy.com","http://registrar.godaddy.com","","","","","Singapore","","Singapore","","","","","","","","","","","","","","","","","","","","","","","","","","","","","","","","","","ns0.wixdns.net","ns1.wixdns.net","","","clientDeleteProhibited","clientRenewProhibited","clientTransferProhibited","clientUpdateProhibited"
"14","accidentaldesigners.com","2020-05-08 21:00:36","2020-05-07","2020-05-07","2021-05-07","113","CSL Computer Service Langenbach GmbH d/b/a joker.com","whois.joker.com","http://www.joker.com","pxdlabs","pxdlabs","","","","","Singapore","","","","","","","","","","","","","","","","","","","","","","","","","","","","","","","","","","x.ns.joker.com","y.ns.joker.com","z.ns.joker.com","","clientTransferProhibited","","",""
"15","aerlobby.com","2020-05-08 20:01:44","2020-05-06","2020-05-06","2022-05-06","146","GoDaddy.com, LLC","whois.godaddy.com","http://registrar.godaddy.com","","","","","SingaporeSingapore","","Singapore","","","","","","","","","","","","","","","","","","","","","","","","","","","","","","","","","","ns37.domaincontrol.com","ns38.domaincontrol.com","","","clientDeleteProhibited","clientRenewProhibited","clientTransferProhibited","clientUpdateProhibited"
"16","aerstash.com","2020-05-08 20:14:12","2020-05-06","2020-05-06","2021-05-06","146","GoDaddy.com, LLC","whois.godaddy.com","http://registrar.godaddy.com","","","","","SingaporeSingapore","","Singapore","","","","","","","","","","","","","","","","","","","","","","","","","","","","","","","","","","ns35.domaincontrol.com","ns36.domaincontrol.com","","","clientDeleteProhibited","clientRenewProhibited","clientTransferProhibited","clientUpdateProhibited"
"17","airpotr.com","2020-05-08 20:29:13","2020-05-06","2020-05-06","2022-05-06","146","GoDaddy.com, LLC","whois.godaddy.com","http://registrar.godaddy.com","","","","","SingaporeSingapore","","Singapore","","","","","","","","","","","","","","","","","","","","","","","","","","","","","","","","","","ns37.domaincontrol.com","ns38.domaincontrol.com","","","clientDeleteProhibited","clientRenewProhibited","clientTransferProhibited","clientUpdateProhibited"
"18","alcovd.com","2020-05-08 20:26:46","2020-05-06","2020-05-06","2021-05-06","146","GoDaddy.com, LLC","whois.godaddy.com","http://registrar.godaddy.com","","","","","SingaporeSingapore","","Singapore","","","","","","","","","","","","","","","","","","","","","","","","","","","","","","","","","","ns11.domaincontrol.com","ns12.domaincontrol.com","","","clientDeleteProhibited","clientRenewProhibited","clientTransferProhibited","clientUpdateProhibited"
"19","aldonusantara.com","2020-05-08 19:59:12","2020-05-07","2020-05-07","2022-05-07","146","GoDaddy.com, LLC","whois.godaddy.com","http://registrar.godaddy.com","","","","","Others","","Singapore","","","","","","","","","","","","","","","","","","","","","","","","","","","","","","","","","","ns53.domaincontrol.com","ns54.domaincontrol.com","","","clientDeleteProhibited","clientRenewProhibited","clientTransferProhibited","clientUpdateProhibited"
"20","aldonusantara.info","2020-05-09 00:46:25","2020-05-07","2020-05-07","2021-05-07","146","GoDaddy.com, LLC","whois.godaddy.com","http://registrar.godaddy.com","","","","","Others","","Singapore","","","","","","","","","","","","","","","","","","","","","","","","","","","","","","","","","","ns11.domaincontrol.com","ns12.domaincontrol.com","","","addPeriod","clientDeleteProhibited","clientRenewProhibited","clientTransferProhibited"
"21","aldonusantara.net","2020-05-09 00:33:58","2020-05-07","2020-05-07","2021-05-07","146","GoDaddy.com, LLC","whois.godaddy.com","http://registrar.godaddy.com","","","","","Others","","Singapore","","","","","","","","","","","","","","","","","","","","","","","","","","","","","","","","","","ns11.domaincontrol.com","ns12.domaincontrol.com","","","clientDeleteProhibited","clientRenewProhibited","clientTransferProhibited","clientUpdateProhibited"
"22","allaboutacidity.com","2020-05-08 19:53:05","2020-05-07","2020-05-07","2021-05-07","69","Tucows Domains Inc.","whois.tucows.com","http://domainhelp.opensrs.net","REDACTED FOR PRIVACY","REDACTED FOR PRIVACY","REDACTED FOR PRIVACY","REDACTED FOR PRIVACY","XX","REDACTED FOR PRIVACY","Singapore","","REDACTED FOR PRIVACY","REDACTED FOR PRIVACY","REDACTED FOR PRIVACY","REDACTED FOR PRIVACY","REDACTED FOR PRIVACY","REDACTED FOR PRIVACY","REDACTED FOR PRIVACY","REDACTED FOR PRIVACY","REDACTED FOR PRIVACY","","REDACTED FOR PRIVACY","REDACTED FOR PRIVACY","REDACTED FOR PRIVACY","REDACTED FOR PRIVACY","REDACTED FOR PRIVACY","REDACTED FOR PRIVACY","REDACTED FOR PRIVACY","REDACTED FOR PRIVACY","REDACTED FOR PRIVACY","","REDACTED FOR PRIVACY","REDACTED FOR PRIVACY","","","","","","","","","","","ns1.gsgp1026.siteground.asia","ns2.gsgp1026.siteground.asia","","","clientTransferProhibited","clientUpdateProhibited","",""
"23","allaroundsingapore.com","2020-05-08 19:28:46","2020-05-07","2020-05-07","2021-05-07","69","Tucows Domains Inc.","whois.tucows.com","http://domainhelp.opensrs.net","REDACTED FOR PRIVACY","REDACTED FOR PRIVACY","REDACTED FOR PRIVACY","REDACTED FOR PRIVACY","XX","REDACTED FOR PRIVACY","Singapore","","REDACTED FOR PRIVACY","REDACTED FOR PRIVACY","REDACTED FOR PRIVACY","REDACTED FOR PRIVACY","REDACTED FOR PRIVACY","REDACTED FOR PRIVACY","REDACTED FOR PRIVACY","REDACTED FOR PRIVACY","REDACTED FOR PRIVACY","","REDACTED FOR PRIVACY","REDACTED FOR PRIVACY","REDACTED FOR PRIVACY","REDACTED FOR PRIVACY","REDACTED FOR PRIVACY","REDACTED FOR PRIVACY","REDACTED FOR PRIVACY","REDACTED FOR PRIVACY","REDACTED FOR PRIVACY","","REDACTED FOR PRIVACY","REDACTED FOR PRIVACY","","","","","","","","","","","ns1.gsgp1026.siteground.asia","ns2.gsgp1026.siteground.asia","","","clientTransferProhibited","clientUpdateProhibited","",""
"24","alltimeboardgame.com","2020-05-08 20:13:55","2020-05-06","2020-05-06","2023-05-06","146","GoDaddy.com, LLC","whois.godaddy.com","http://registrar.godaddy.com","","","","","Singapore","","Singapore","","","","","","","","","","","","","","","","","","","","","","","","","","","","","","","","","","ns75.domaincontrol.com","ns76.domaincontrol.com","","","clientDeleteProhibited","clientRenewProhibited","clientTransferProhibited","clientUpdateProhibited"
"25","alltimefamilyboardgame.com","2020-05-08 19:31:35","2020-05-06","2020-05-06","2023-05-06","146","GoDaddy.com, LLC","whois.godaddy.com","http://registrar.godaddy.com","","","","","Singapore","","Singapore","","","","","","","","","","","","","","","","","","","","","","","","","","","","","","","","","","ns53.domaincontrol.com","ns54.domaincontrol.com","","","clientDeleteProhibited","clientRenewProhibited","clientTransferProhibited","clientUpdateProhibited"
"26","almightyracing.com","2020-05-08 20:55:06","2020-05-07","2020-05-07","2021-05-07","146","GoDaddy.com, LLC","whois.godaddy.com","http://registrar.godaddy.com","Almighty Racing Pty Ltd","Almighty Racing Pty Ltd","","","New South Wales","","Singapore","","","","","","","","","","","","","","","","","","","","","","","","","","","","","","","","","","ns11.domaincontrol.com","ns12.domaincontrol.com","","","clientDeleteProhibited","clientRenewProhibited","clientTransferProhibited","clientUpdateProhibited"
"27","asimplewealth.com","2020-05-08 20:20:11","2020-05-06","2020-05-06","2021-05-06","146","GoDaddy.com, LLC","whois.godaddy.com","http://registrar.godaddy.com","","","","","Singapore","","Singapore","","","","","","","","","","","","","","","","","","","","","","","","","","","","","","","","","","ns75.domaincontrol.com","ns76.domaincontrol.com","","","clientDeleteProhibited","clientRenewProhibited","clientTransferProhibited","clientUpdateProhibited"
"28","assign20.com","2020-05-08 20:44:15","2020-05-07","2020-05-07","2021-05-07","146","GoDaddy.com, LLC","whois.godaddy.com","http://registrar.godaddy.com","","","","","AR","","Singapore","","","","","","","","","","","","","","","","","","","","","","","","","","","","","","","","","","ns53.domaincontrol.com","ns54.domaincontrol.com","","","clientDeleteProhibited","clientRenewProhibited","clientTransferProhibited","clientUpdateProhibited"
"29","assign21.com","2020-05-08 20:45:13","2020-05-07","2020-05-07","2021-05-07","146","GoDaddy.com, LLC","whois.godaddy.com","http://registrar.godaddy.com","","","","","AR","","Singapore","","","","","","","","","","","","","","","","","","","","","","","","","","","","","","","","","","ns53.domaincontrol.com","ns54.domaincontrol.com","","","clientDeleteProhibited","clientRenewProhibited","clientTransferProhibited","clientUpdateProhibited"
"30","assign24.com","2020-05-08 20:45:58","2020-05-07","2020-05-07","2021-05-07","146","GoDaddy.com, LLC","whois.godaddy.com","http://registrar.godaddy.com","","","","","AR","","Singapore","","","","","","","","","","","","","","","","","","","","","","","","","","","","","","","","","","ns35.domaincontrol.com","ns36.domaincontrol.com","","","clientDeleteProhibited","clientRenewProhibited","clientTransferProhibited","clientUpdateProhibited"
"31","auntyhong.com","2020-05-08 19:53:19","2020-05-07","2020-05-07","2022-05-07","146","GoDaddy.com, LLC","whois.godaddy.com","http://registrar.godaddy.com","","","","","Singapore","","Singapore","","","","","","","","","","","","","","","","","","","","","","","","","","","","","","","","","","ns37.domaincontrol.com","ns38.domaincontrol.com","","","clientDeleteProhibited","clientRenewProhibited","clientTransferProhibited","clientUpdateProhibited"
"32","balikkampungbussorahstreet.com","2020-05-08 20:59:07","2020-05-07","2020-05-07","2021-05-07","1291","Crazy Domains FZ-LLC","whois.crazydomains.com","http://www.crazydomains.com","ROSMAN SAHLAN","","472C FERNVALE STREET #05-61","SINGAPORE","SINGAPORE","793472","Singapore","sahlan.rozana@gmail.com","+963.11488","","ROSMAN SAHLAN","","472C FERNVALE STREET #05-61","SINGAPORE","SINGAPORE","793472","Singapore","sahlan.rozana@gmail.com","+963.11488","","ROSMAN SAHLAN","","472C FERNVALE STREET #05-61","SINGAPORE","SINGAPORE","793472","Singapore","sahlan.rozana@gmail.com","+963.11488","","","","","","","","","","","","ns1.vodien.com","ns2.vodien.com","","","OK","","",""
"33","beemartph.com","2020-05-08 19:26:19","2020-05-07","2020-05-07","2021-05-07","146","GoDaddy.com, LLC","whois.godaddy.com","http://registrar.godaddy.com","","","","","Ho Chi Minh City","","Singapore","","","","","","","","","","","","","","","","","","","","","","","","","","","","","","","","","","ns37.domaincontrol.com","ns38.domaincontrol.com","","","clientDeleteProhibited","clientRenewProhibited","clientTransferProhibited","clientUpdateProhibited"
"34","best10intheworld.com","2020-05-08 20:47:20","2020-05-07","2020-05-08","2021-05-07","1291","Crazy Domains FZ-LLC","whois.crazydomains.com","http://www.crazydomains.com","KOH SZE HUAN","","7 KEPPEL ROAD, 02-04, TANJONG PAGAR COMPLEX","SINGAPORE","SINGAPORE","089053","Singapore","tommyksh@gmail.com","+98.638665","","KOH SZE HUAN","","7 KEPPEL ROAD, 02-04, TANJONG PAGAR COMPLEX","SINGAPORE","SINGAPORE","089053","Singapore","tommyksh@gmail.com","+65.98638665","+65.","KOH SZE HUAN","","7 KEPPEL ROAD, 02-04, TANJONG PAGAR COMPLEX","SINGAPORE","SINGAPORE","089053","Singapore","tommyksh@gmail.com","+65.98638665","+65.","","","","","","","","","","","ns1.vodien.com","ns2.vodien.com","","","OK","","",""
"35","biokres.com","2020-05-08 21:02:16","2020-05-07","2020-05-07","2022-05-07","146","GoDaddy.com, LLC","whois.godaddy.com","http://registrar.godaddy.com","","","","","TN","","Singapore","","","","","","","","","","","","","","","","","","","","","","","","","","","","","","","","","","ns53.domaincontrol.com","ns54.domaincontrol.com","","","clientDeleteProhibited","clientRenewProhibited","clientTransferProhibited","clientUpdateProhibited"
"36","bldgsearch.com","2020-05-08 20:54:40","2020-05-07","2020-05-07","2021-05-07","146","GoDaddy.com, LLC","whois.godaddy.com","http://registrar.godaddy.com","","","","","Singapore","","Singapore","","","","","","","","","","","","","","","","","","","","","","","","","","","","","","","","","","ns35.domaincontrol.com","ns36.domaincontrol.com","","","clientDeleteProhibited","clientRenewProhibited","clientTransferProhibited","clientUpdateProhibited"
"37","boonlock.com","2020-05-08 20:28:33","2020-05-06","2020-05-06","2021-05-06","146","GoDaddy.com, LLC","whois.godaddy.com","http://registrar.godaddy.com","","","","","SingaporeSingapore","","Singapore","","","","","","","","","","","","","","","","","","","","","","","","","","","","","","","","","","ns53.domaincontrol.com","ns54.domaincontrol.com","","","clientDeleteProhibited","clientRenewProhibited","clientTransferProhibited","clientUpdateProhibited"
"38","brightcoffeecompany.com","2020-05-08 19:20:01","2020-05-07","2020-05-07","2021-05-07","1291","Crazy Domains FZ-LLC","whois.crazydomains.com","http://www.crazydomains.com","ROSS BRIGHT","HE COFFEE PTE LTD","8 A ADMIRALTY STREET 03-01 FOODXCHANGE@ADMIRALTY","SINGAPORE","SINGAPORE","757437","Singapore","brightcoffeecompany@gmail.com","+65.97894780","","ROSS BRIGHT","HE COFFEE PTE LTD","8 A ADMIRALTY STREET 03-01 FOODXCHANGE@ADMIRALTY","SINGAPORE","SINGAPORE","757437","Singapore","brightcoffeecompany@gmail.com","+65.97894780","+65.","ROSS BRIGHT","HE COFFEE PTE LTD","8 A ADMIRALTY STREET 03-01 FOODXCHANGE@ADMIRALTY","SINGAPORE","SINGAPORE","757437","Singapore","brightcoffeecompany@gmail.com","+65.97894780","+65.","","","","","","","","","","","ns1.syrahost.com","ns2.syrahost.com","","","OK","","",""
"39","caliphfeed.com","2020-05-08 21:00:43","2020-05-07","2020-05-07","2021-05-07","1154","FastDomain Inc.","whois.fastdomain.com","http://www.fastdomain.com","KHAIRUL SOLY","CALIPH GROUP","ANG MO KIO","SINGAPORE","","560626","Singapore","heycaliph@gmail.com","+65.87159585","","KHAIRUL SOLY","CALIPH GROUP","ANG MO KIO","SINGAPORE","","560626","Singapore","heycaliph@gmail.com","+65.87159585","","BLUEHOST INC","BLUEHOST.COM","550 E TIMPANOGOS PKWY","OREM","UTAH","84097","United States","domain@redl.ca","+1.8017659400","+1.8017651992","","","","","","","","","","","ns1.bluehost.com","ns2.bluehost.com","","","clientTransferProhibited","","",""
"40","cbd-soundness.com","2020-05-08 20:47:31","2020-05-07","2020-05-07","2021-05-07","146","GoDaddy.com, LLC","whois.godaddy.com","http://registrar.godaddy.com","","","","","Singapore","","Singapore","","","","","","","","","","","","","","","","","","","","","","","","","","","","","","","","","","ns37.domaincontrol.com","ns38.domaincontrol.com","","","clientDeleteProhibited","clientRenewProhibited","clientTransferProhibited","clientUpdateProhibited"
"41","cerexio.com","2020-05-08 20:47:22","2020-05-07","2020-05-07","2025-05-07","146","GoDaddy.com, LLC","whois.godaddy.com","http://registrar.godaddy.com","","","","","Singapore","","Singapore","","","","","","","","","","","","","","","","","","","","","","","","","","","","","","","","","","ns53.domaincontrol.com","ns54.domaincontrol.com","","","clientDeleteProhibited","clientRenewProhibited","clientTransferProhibited","clientUpdateProhibited"
"42","christianharrell.com","2020-05-08 19:40:15","2020-05-07","2020-05-07","2023-05-07","146","GoDaddy.com, LLC","whois.godaddy.com","http://registrar.godaddy.com","","","","","Singapore","","Singapore","","","","","","","","","","","","","","","","","","","","","","","","","","","","","","","","","","ns37.domaincontrol.com","ns38.domaincontrol.com","","","clientDeleteProhibited","clientRenewProhibited","clientTransferProhibited","clientUpdateProhibited"
"43","ckforever.com","2020-05-08 20:46:22","2020-05-07","2020-05-07","2022-05-07","146","GoDaddy.com, LLC","whois.godaddy.com","http://registrar.godaddy.com","CK Forever","CK Forever","","","Singapore","","Singapore","","","","","","","","","","","","","","","","","","","","","","","","","","","","","","","","","","ns75.domaincontrol.com","ns76.domaincontrol.com","","","clientDeleteProhibited","clientRenewProhibited","clientTransferProhibited","clientUpdateProhibited"
"44","climaxusa.com","2020-05-08 20:20:37","2020-05-06","2020-05-06","2021-05-06","1695","AvidDomain LLC","whois.nic.ir","http://www.aviddomain.com","Themis Pte. Ltd.","","120 Robinson Road","Singapore","Central Singapore","068913","Singapore","whois@themis.com.sg","+65.68125710","","Themis Pte. Ltd.","","120 Robinson Road","Singapore","Central Singapore","068913","Singapore","whois@themis.com.sg","+65.68125710","","Themis Pte. Ltd.","","120 Robinson Road","Singapore","Central Singapore","068913","Singapore","whois@themis.com.sg","+65.68125710","","","","","","","","","","","","ns1.parkingcrew.net","ns2.parkingcrew.net","","","clientTransferProhibited","","",""
"45","cloudbldg.com","2020-05-08 20:54:41","2020-05-07","2020-05-07","2021-05-07","146","GoDaddy.com, LLC","whois.godaddy.com","http://registrar.godaddy.com","","","","","Singapore","","Singapore","","","","","","","","","","","","","","","","","","","","","","","","","","","","","","","","","","ns75.domaincontrol.com","ns76.domaincontrol.com","","","clientDeleteProhibited","clientRenewProhibited","clientTransferProhibited","clientUpdateProhibited"
"46","comeandhear.com","2020-05-08 20:18:11","2020-05-06","2020-05-06","2021-05-06","2802","DropCatch.com 1043 LLC","whois.namebright.com","http://www.dropcatch1043.com","Themis Pte. Ltd.","","120 Robinson Road","Singapore","Central Singapore","068913","Singapore","whois@themis.com.sg","+65.68125710","","Themis Pte. Ltd.","","120 Robinson Road","Singapore","Central Singapore","068913","Singapore","whois@themis.com.sg","+65.68125710","","Themis Pte. Ltd.","","120 Robinson Road","Singapore","Central Singapore","068913","Singapore","whois@themis.com.sg","+65.68125710","","","","","","","","","","","","ns1.parkingcrew.net","ns2.parkingcrew.net","","","clientTransferProhibited","","",""
"47","covid-19sg.com","2020-05-08 20:14:02","2020-05-06","2020-05-06","2021-05-06","146","GoDaddy.com, LLC","whois.godaddy.com","http://registrar.godaddy.com","","","","","Singapore","","Singapore","","","","","","","","","","","","","","","","","","","","","","","","","","","","","","","","","","ns8293.hostgator.com","ns8294.hostgator.com","","","clientDeleteProhibited","clientRenewProhibited","clientTransferProhibited","clientUpdateProhibited"
"48","covidrecountal.com","2020-05-08 20:01:04","2020-05-06","2020-05-06","2021-05-06","146","GoDaddy.com, LLC","whois.godaddy.com","http://registrar.godaddy.com","","","","","SingaporeSingapore","","Singapore","","","","","","","","","","","","","","","","","","","","","","","","","","","","","","","","","","ns75.domaincontrol.com","ns76.domaincontrol.com","","","clientDeleteProhibited","clientRenewProhibited","clientTransferProhibited","clientUpdateProhibited"
"49","d-haven.com","2020-05-08 20:40:29","2020-05-07","2020-05-07","2023-05-07","303","PDR Ltd. d/b/a PublicDomainRegistry.com","whois.publicdomainregistry.com","http://www.publicdomainregistry.com","cheng wong","cheng wong","Singapore","Singapore","SINGAPORE","530506","Singapore","ly3ah@yahoo.com","+65.85187272","","cheng wong","cheng wong","Singapore","Singapore","SINGAPORE","530506","Singapore","ly3ah@yahoo.com","+65.85187272","","cheng wong","cheng wong","Singapore","Singapore","SINGAPORE","530506","Singapore","ly3ah@yahoo.com","+65.85187272","","","","","","","","","","","","ns1.dns-parking.com","ns2.dns-parking.com","","","clientTransferProhibited","","",""
"50","dannylimanseta.com","2020-05-08 20:47:35","2020-05-07","2020-05-07","2022-05-07","146","GoDaddy.com, LLC","whois.godaddy.com","http://registrar.godaddy.com","","","","","Singapore","","Singapore","","","","","","","","","","","","","","","","","","","","","","","","","","","","","","","","","","ns12.wixdns.net","ns13.wixdns.net","","","clientDeleteProhibited","clientRenewProhibited","clientTransferProhibited","clientUpdateProhibited"
"51","dear-holidays.com","2020-05-08 19:53:25","2020-05-07","2020-05-07","2021-05-07","146","GoDaddy.com, LLC","whois.godaddy.com","http://registrar.godaddy.com","Dear-holidays.com","Dear-holidays.com","","","Singapore","","Singapore","","","","","","","","","","","","","","","","","","","","","","","","","","","","","","","","","","ns35.domaincontrol.com","ns36.domaincontrol.com","","","clientDeleteProhibited","clientRenewProhibited","clientTransferProhibited","clientUpdateProhibited"
"52","duriansanddumbbells.com","2020-05-08 19:27:11","2020-05-07","2020-05-07","2022-05-07","146","GoDaddy.com, LLC","whois.godaddy.com","http://registrar.godaddy.com","WODWEWEAR","WODWEWEAR","","","Singapore","","Singapore","","","","","","","","","","","","","","","","","","","","","","","","","","","","","","","","","","ns11.domaincontrol.com","ns12.domaincontrol.com","","","clientDeleteProhibited","clientRenewProhibited","clientTransferProhibited","clientUpdateProhibited"
"53","duriansanddumbells.com","2020-05-08 20:48:57","2020-05-07","2020-05-07","2022-05-07","146","GoDaddy.com, LLC","whois.godaddy.com","http://registrar.godaddy.com","WODWEWEAR","WODWEWEAR","","","Singapore","","Singapore","","","","","","","","","","","","","","","","","","","","","","","","","","","","","","","","","","ns37.domaincontrol.com","ns38.domaincontrol.com","","","clientDeleteProhibited","clientRenewProhibited","clientTransferProhibited","clientUpdateProhibited"
"54","empire-me.net","2020-05-08 19:03:11","2020-05-06","2020-05-06","2021-05-06","3335","DropCatch.com 1126 LLC","","","Themis Pte. Ltd.","","120 Robinson Road","Singapore","Central Singapore","068913","Singapore","whois@themis.com.sg","+65.68125710","","Themis Pte. Ltd.","","120 Robinson Road","Singapore","Central Singapore","068913","Singapore","whois@themis.com.sg","+65.68125710","","Themis Pte. Ltd.","","120 Robinson Road","Singapore","Central Singapore","068913","Singapore","whois@themis.com.sg","+65.68125710","","","","","","","","","","","","ns1.parkingcrew.net","ns2.parkingcrew.net","","","clientTransferProhibited","","",""
"55","escoscientific.com","2020-05-08 20:39:37","2020-05-07","2020-05-07","2022-05-07","146","GoDaddy.com, LLC","whois.godaddy.com","http://registrar.godaddy.com","Esco Micro Pte Ltd","Esco Micro Pte Ltd","","","Singapore","","Singapore","","","","","","","","","","","","","","","","","","","","","","","","","","","","","","","","","","ns11.domaincontrol.com","ns12.domaincontrol.com","","","clientDeleteProhibited","clientRenewProhibited","clientTransferProhibited","clientUpdateProhibited"
"56","fairandnoble.com","2020-05-08 20:09:32","2020-05-06","2020-05-06","2022-05-06","146","GoDaddy.com, LLC","whois.godaddy.com","http://registrar.godaddy.com","","","","","SG","","Singapore","","","","","","","","","","","","","","","","","","","","","","","","","","","","","","","","","","ns35.domaincontrol.com","ns36.domaincontrol.com","","","clientDeleteProhibited","clientRenewProhibited","clientTransferProhibited","clientUpdateProhibited"
"57","fengshuimasterlim.com","2020-05-08 20:38:05","2020-05-07","2020-05-07","2021-05-07","82","OnlineNIC, Inc.","whois.onlinenic.com","http://www.onlinenic.com","Eric  Lim","Fengshui Master Lim","VBox 886136","Singapore","Singapore","919191","Singapore","webhosting@ebrainnetwork.net","+65.90264251","+65.90264251","Eric  Lim","Fengshui Master Lim","VBox 886136","Singapore","Singapore","919191","Singapore","webhosting@ebrainnetwork.net","+65.90264251","+65.90264251","Eric  Lim","Fengshui Master Lim","VBox 886136","Singapore","Singapore","919191","Singapore","webhosting@ebrainnetwork.net","+65.90264251","+65.90264251","","","","","","","","","","","161host.ebrainnetwork.org","162host.ebrainnetwork.org","","","clientTransferProhibited","","",""
"58","flighttickethotelbooking.com","2020-05-08 19:30:33","2020-05-07","2020-05-07","2021-05-07","303","PDR Ltd. d/b/a PublicDomainRegistry.com","whois.publicdomainregistry.com","http://www.publicdomainregistry.com","Rene VIER","projetos-internet Classified Project Limited","39 Scotts Rd, Singapore 228230","Singapore","Singapore","228230","Singapore","projetos-internet@hotmail.com","+65.67376889","","Rene VIER","projetos-internet Classified Project Limited","39 Scotts Rd, Singapore 228230","Singapore","Singapore","228230","Singapore","projetos-internet@hotmail.com","+65.67376889","","Rene VIER","projetos-internet Classified Project Limited","39 Scotts Rd, Singapore 228230","Singapore","Singapore","228230","Singapore","projetos-internet@hotmail.com","+65.67376889","","","","","","","","","","","","ns1.dns-parking.com","ns2.dns-parking.com","","","clientTransferProhibited","","",""
"59","fluff-nation.com","2020-05-08 19:29:19","2020-05-07","2020-05-07","2021-05-07","303","PDR Ltd. d/b/a PublicDomainRegistry.com","whois.publicdomainregistry.com","http://www.publicdomainregistry.com","matthew tan","matthew tan","50 lengkong tujoh #10-35","Singapore","Singapore","417398","Singapore","schlifffen@gmail.com","+65.86662364","","matthew tan","matthew tan","50 lengkong tujoh #10-35","Singapore","Singapore","417398","Singapore","schlifffen@gmail.com","+65.86662364","","matthew tan","matthew tan","50 lengkong tujoh #10-35","Singapore","Singapore","417398","Singapore","schlifffen@gmail.com","+65.86662364","","","","","","","","","","","","ns1.dns-parking.com","ns2.dns-parking.com","","","clientTransferProhibited","","",""
"60","freebusinessapp.com","2020-05-08 20:49:36","2020-05-07","2020-05-07","2022-05-07","146","GoDaddy.com, LLC","whois.godaddy.com","http://registrar.godaddy.com","CONNECTUPZ PTE LTD","CONNECTUPZ PTE LTD","","","SG","","Singapore","","","","","","","","","","","","","","","","","","","","","","","","","","","","","","","","","","ns75.domaincontrol.com","ns76.domaincontrol.com","","","clientDeleteProhibited","clientRenewProhibited","clientTransferProhibited","clientUpdateProhibited"
"61","gettrnow.com","2020-05-08 20:03:30","2020-05-06","2020-05-06","2022-05-06","146","GoDaddy.com, LLC","whois.godaddy.com","http://registrar.godaddy.com","","","","","SingaporeSingapore","","Singapore","","","","","","","","","","","","","","","","","","","","","","","","","","","","","","","","","","ns75.domaincontrol.com","ns76.domaincontrol.com","","","clientDeleteProhibited","clientRenewProhibited","clientTransferProhibited","clientUpdateProhibited"
"62","gettrright.com","2020-05-08 20:05:19","2020-05-06","2020-05-06","2021-05-06","146","GoDaddy.com, LLC","whois.godaddy.com","http://registrar.godaddy.com","","","","","SingaporeSingapore","","Singapore","","","","","","","","","","","","","","","","","","","","","","","","","","","","","","","","","","ns11.domaincontrol.com","ns12.domaincontrol.com","","","clientDeleteProhibited","clientRenewProhibited","clientTransferProhibited","clientUpdateProhibited"
"63","gettrthere.com","2020-05-08 20:03:15","2020-05-06","2020-05-06","2022-05-06","146","GoDaddy.com, LLC","whois.godaddy.com","http://registrar.godaddy.com","","","","","SingaporeSingapore","","Singapore","","","","","","","","","","","","","","","","","","","","","","","","","","","","","","","","","","ns53.domaincontrol.com","ns54.domaincontrol.com","","","clientDeleteProhibited","clientRenewProhibited","clientTransferProhibited","clientUpdateProhibited"
"64","grab-fit.com","2020-05-08 20:44:57","2020-05-07","2020-05-07","2022-05-07","146","GoDaddy.com, LLC","whois.godaddy.com","http://registrar.godaddy.com","","","","","Singapore","","Singapore","","","","","","","","","","","","","","","","","","","","","","","","","","","","","","","","","","ns75.domaincontrol.com","ns76.domaincontrol.com","","","clientDeleteProhibited","clientRenewProhibited","clientTransferProhibited","clientUpdateProhibited"
"65","gratisinter.net","2020-05-08 19:02:47","2020-05-07","2020-05-07","2021-05-07","146","GoDaddy.com, LLC","whois.godaddy.com","http://registrar.godaddy.com","","","","","\u0130stanbul","","Singapore","","","","","","","","","","","","","","","","","","","","","","","","","","","","","","","","","","ns75.domaincontrol.com","ns76.domaincontrol.com","","","clientDeleteProhibited","clientRenewProhibited","clientTransferProhibited","clientUpdateProhibited"
"66","h4x0r.codes","2020-05-09 00:49:02","2020-05-06","2020-05-06","2021-05-06","81","Gandi SAS","whois.gandi.net","http://www.gandi.net","REDACTED FOR PRIVACY","","REDACTED FOR PRIVACY","REDACTED FOR PRIVACY","","REDACTED FOR PRIVACY","Singapore","","REDACTED FOR PRIVACY","REDACTED FOR PRIVACY","","","","","","","","","","","","","","","","","","","","","","","","","","","","","","","","","","","addPeriod","clientTransferProhibited","",""
"67","heritageparkfarm.com","2020-05-08 20:59:44","2020-05-07","2020-05-07","2021-05-07","146","GoDaddy.com, LLC","whois.godaddy.com","http://registrar.godaddy.com","Almighty Racing Pty Ltd","Almighty Racing Pty Ltd","","","New South Wales","","Singapore","","","","","","","","","","","","","","","","","","","","","","","","","","","","","","","","","","ns37.domaincontrol.com","ns38.domaincontrol.com","","","clientDeleteProhibited","clientRenewProhibited","clientTransferProhibited","clientUpdateProhibited"
"68","highqualityrenovation.com","2020-05-08 19:55:44","2020-05-07","2020-05-07","2021-05-07","151","PSI-USA, Inc. dba Domain Robot","whois.psi-usa.info","http://www.psi-usa.info","PELEMA PTE. LTD.","PELEMA PTE. LTD.","211 ANG MO KIO AVENUE 3 #07-1450","Singapore","SG","560211","Singapore","fl@pelema.biz","+49.6196204700","+49.61962047099","Felix Michael Lautenschlager","PELEMA PTE. LTD.","211 ANG MO KIO AVENUE 3 #07-1450","Singapore","SG","560211","Singapore","fl@pelema.biz","+49.6196204700","+49.61962047099","Felix Michael Lautenschlager","PELEMA PTE. LTD.","211 ANG MO KIO AVENUE 3 #07-1450","Singapore","SG","560211","Singapore","fl@pelema.biz","+49.6196204700","+49.61962047099","","","","","","","","","","","a.ns14.net","b.ns14.net","c.ns14.net","d.ns14.net","clientTransferProhibited","","",""
"69","idartists.com","2020-05-08 19:36:06","2020-05-06","2020-05-06","2021-05-06","3530","DropCatch.com 1321 LLC","","","Themis Pte. Ltd.","","120 Robinson Road","Singapore","Central Singapore","068913","Singapore","whois@themis.com.sg","+65.68125710","","Themis Pte. Ltd.","","120 Robinson Road","Singapore","Central Singapore","068913","Singapore","whois@themis.com.sg","+65.68125710","","Themis Pte. Ltd.","","120 Robinson Road","Singapore","Central Singapore","068913","Singapore","whois@themis.com.sg","+65.68125710","","","","","","","","","","","","ns1.parkingcrew.net","ns2.parkingcrew.net","","","clientTransferProhibited","","",""
"70","imperium-consortium.com","2020-05-08 19:26:29","2020-05-07","2020-05-07","2021-05-07","1291","Crazy Domains FZ-LLC","whois.crazydomains.com","http://www.crazydomains.com","BOON TAN","DINGZHENG (SINGAPORE) ENGINEERING PTE LTD","BLOCK34 WHAMPOA WEST 01-39","SINGAPORE","SINGAPORE","330034","Singapore","boon@kmc.sg","+0.091283939","","BOON TAN","DINGZHENG (SINGAPORE) ENGINEERING PTE LTD","BLOCK34 WHAMPOA WEST 01-39","SINGAPORE","SINGAPORE","330034","Singapore","boon@kmc.sg","+0.091283939","","BOON TAN","DINGZHENG (SINGAPORE) ENGINEERING PTE LTD","BLOCK34 WHAMPOA WEST 01-39","SINGAPORE","SINGAPORE","330034","Singapore","boon@kmc.sg","+0.091283939","","","","","","","","","","","","ns1.vodien.com","ns2.vodien.com","","","OK","","",""
"71","imperium-constructions.com","2020-05-08 19:26:29","2020-05-07","2020-05-07","2021-05-07","1291","Crazy Domains FZ-LLC","whois.crazydomains.com","http://www.crazydomains.com","BOON TAN","DINGZHENG (SINGAPORE) ENGINEERING PTE LTD","BLOCK34 WHAMPOA WEST 01-39","SINGAPORE","SINGAPORE","330034","Singapore","boon@kmc.sg","+0.091283939","","BOON TAN","DINGZHENG (SINGAPORE) ENGINEERING PTE LTD","BLOCK34 WHAMPOA WEST 01-39","SINGAPORE","SINGAPORE","330034","Singapore","boon@kmc.sg","+0.091283939","","BOON TAN","DINGZHENG (SINGAPORE) ENGINEERING PTE LTD","BLOCK34 WHAMPOA WEST 01-39","SINGAPORE","SINGAPORE","330034","Singapore","boon@kmc.sg","+0.091283939","","","","","","","","","","","","ns1.vodien.com","ns2.vodien.com","","","OK","","",""
"72","imperium-enterprise.com","2020-05-08 19:26:25","2020-05-07","2020-05-07","2021-05-07","1291","Crazy Domains FZ-LLC","whois.crazydomains.com","http://www.crazydomains.com","BOON TAN","DINGZHENG (SINGAPORE) ENGINEERING PTE LTD","BLOCK34 WHAMPOA WEST 01-39","SINGAPORE","SINGAPORE","330034","Singapore","boon@kmc.sg","+0.091283939","","BOON TAN","DINGZHENG (SINGAPORE) ENGINEERING PTE LTD","BLOCK34 WHAMPOA WEST 01-39","SINGAPORE","SINGAPORE","330034","Singapore","boon@kmc.sg","+0.091283939","","BOON TAN","DINGZHENG (SINGAPORE) ENGINEERING PTE LTD","BLOCK34 WHAMPOA WEST 01-39","SINGAPORE","SINGAPORE","330034","Singapore","boon@kmc.sg","+0.091283939","","","","","","","","","","","","ns1.vodien.com","ns2.vodien.com","","","OK","","",""
"73","isrpfivem.com","2020-05-08 19:23:15","2020-05-07","2020-05-07","2021-05-07","48","eNom, Inc.","whois.enom.com","http://www.enom.com","REDACTED FOR PRIVACY","REDACTED FOR PRIVACY","REDACTED FOR PRIVACY","REDACTED FOR PRIVACY","Singapore","REDACTED FOR PRIVACY","Singapore","","REDACTED FOR PRIVACY","REDACTED FOR PRIVACY","REDACTED FOR PRIVACY","REDACTED FOR PRIVACY","REDACTED FOR PRIVACY","REDACTED FOR PRIVACY","REDACTED FOR PRIVACY","REDACTED FOR PRIVACY","REDACTED FOR PRIVACY","","REDACTED FOR PRIVACY","REDACTED FOR PRIVACY","REDACTED FOR PRIVACY","REDACTED FOR PRIVACY","REDACTED FOR PRIVACY","REDACTED FOR PRIVACY","REDACTED FOR PRIVACY","REDACTED FOR PRIVACY","REDACTED FOR PRIVACY","","REDACTED FOR PRIVACY","REDACTED FOR PRIVACY","","","","","","","","","","","ns1.enjin.com","ns2.enjin.com","ns3.enjin.com","ns4.enjin.com","addPeriod","clientTransferProhibited","",""
"74","jameslek.com","2020-05-08 19:40:37","2020-05-07","2020-05-07","2021-05-07","146","GoDaddy.com, LLC","whois.godaddy.com","http://registrar.godaddy.com","","","","","Singapore","","Singapore","","","","","","","","","","","","","","","","","","","","","","","","","","","","","","","","","","ns53.domaincontrol.com","ns54.domaincontrol.com","","","clientDeleteProhibited","clientRenewProhibited","clientTransferProhibited","clientUpdateProhibited"
"75","jincaieco.com","2020-05-08 20:50:43","2020-05-07","2020-05-07","2021-05-07","146","GoDaddy.com, LLC","whois.godaddy.com","http://registrar.godaddy.com","JIN CAI ECO","JIN CAI ECO","","","Singapore","","Singapore","","","","","","","","","","","","","","","","","","","","","","","","","","","","","","","","","","ns35.domaincontrol.com","ns36.domaincontrol.com","","","clientDeleteProhibited","clientRenewProhibited","clientTransferProhibited","clientUpdateProhibited"
"76","jjakco.com","2020-05-08 19:59:16","2020-05-07","2020-05-07","2022-05-07","146","GoDaddy.com, LLC","whois.godaddy.com","http://registrar.godaddy.com","","","","","Singapore","","Singapore","","","","","","","","","","","","","","","","","","","","","","","","","","","","","","","","","","ns11.domaincontrol.com","ns12.domaincontrol.com","","","clientDeleteProhibited","clientRenewProhibited","clientTransferProhibited","clientUpdateProhibited"
"77","jsmnusantara.com","2020-05-08 19:50:01","2020-05-07","2020-05-07","2022-05-07","146","GoDaddy.com, LLC","whois.godaddy.com","http://registrar.godaddy.com","","","","","Others","","Singapore","","","","","","","","","","","","","","","","","","","","","","","","","","","","","","","","","","ns53.domaincontrol.com","ns54.domaincontrol.com","","","clientDeleteProhibited","clientRenewProhibited","clientTransferProhibited","clientUpdateProhibited"
"78","jsmnusantara.net","2020-05-09 00:32:59","2020-05-07","2020-05-07","2021-05-07","146","GoDaddy.com, LLC","whois.godaddy.com","http://registrar.godaddy.com","","","","","Others","","Singapore","","","","","","","","","","","","","","","","","","","","","","","","","","","","","","","","","","ns53.domaincontrol.com","ns54.domaincontrol.com","","","clientDeleteProhibited","clientRenewProhibited","clientTransferProhibited","clientUpdateProhibited"
"79","kegniuf.com","2020-05-08 19:39:35","2020-05-07","2020-05-07","2021-05-07","146","GoDaddy.com, LLC","whois.godaddy.com","http://registrar.godaddy.com","","","","","Singapore","","Singapore","","","","","","","","","","","","","","","","","","","","","","","","","","","","","","","","","","ns75.domaincontrol.com","ns76.domaincontrol.com","","","clientDeleteProhibited","clientRenewProhibited","clientTransferProhibited","clientUpdateProhibited"
"80","kissysimz.com","2020-05-08 19:56:01","2020-05-07","2020-05-07","2021-05-07","146","GoDaddy.com, LLC","whois.godaddy.com","http://registrar.godaddy.com","","","","","Singapore","","Singapore","","","","","","","","","","","","","","","","","","","","","","","","","","","","","","","","","","ns53.domaincontrol.com","ns54.domaincontrol.com","","","clientDeleteProhibited","clientRenewProhibited","clientTransferProhibited","clientUpdateProhibited"
"81","kitchdeck.com","2020-05-08 20:52:47","2020-05-07","2020-05-07","2021-05-07","146","GoDaddy.com, LLC","whois.godaddy.com","http://registrar.godaddy.com","","","","","Singapore","","Singapore","","","","","","","","","","","","","","","","","","","","","","","","","","","","","","","","","","ns35.domaincontrol.com","ns36.domaincontrol.com","","","clientDeleteProhibited","clientRenewProhibited","clientTransferProhibited","clientUpdateProhibited"
"82","lalapear.com","2020-05-08 20:57:09","2020-05-07","2020-05-07","2021-05-07","146","GoDaddy.com, LLC","whois.godaddy.com","http://registrar.godaddy.com","ED Yeo +65-9090-8088","ED Yeo +65-9090-8088","","","Singapore","","Singapore","","","","","","","","","","","","","","","","","","","","","","","","","","","","","","","","","","ns35.domaincontrol.com","ns36.domaincontrol.com","","","clientDeleteProhibited","clientRenewProhibited","clientTransferProhibited","clientUpdateProhibited"
"83","lanternskingdom.com","2020-05-08 19:40:29","2020-05-07","2020-05-07","2022-05-07","146","GoDaddy.com, LLC","whois.godaddy.com","http://registrar.godaddy.com","","","","","Singapore","","Singapore","","","","","","","","","","","","","","","","","","","","","","","","","","","","","","","","","","ns37.domaincontrol.com","ns38.domaincontrol.com","","","clientDeleteProhibited","clientRenewProhibited","clientTransferProhibited","clientUpdateProhibited"
"84","lilianchanproperty.com","2020-05-08 19:26:27","2020-05-07","2020-05-07","2022-05-07","1291","Crazy Domains FZ-LLC","whois.crazydomains.com","http://www.crazydomains.com","LILIAN CHAN","","593B MONTREAL LINK #09-52","SINGAPORE","SINGAPORE","752593","Singapore","lili9n72@gmail.com","+84.446872","","LILIAN CHAN","","593B MONTREAL LINK #09-52","SINGAPORE","SINGAPORE","752593","Singapore","lili9n72@gmail.com","+65.84446872","+65.","LILIAN CHAN","","593B MONTREAL LINK #09-52","SINGAPORE","SINGAPORE","752593","Singapore","lili9n72@gmail.com","+65.84446872","+65.","","","","","","","","","","","ns1.vodien.com","ns2.vodien.com","","","OK","","",""
"85","limestonewater.com","2020-05-08 20:20:05","2020-05-06","2020-05-06","2021-05-06","1832","DropCatch.com 421 LLC","whois.namebright.com","http://www.dropcatch421.com","Themis Pte. Ltd.","","120 Robinson Road","Singapore","Central Singapore","068913","Singapore","whois@themis.com.sg","+65.68125710","","Themis Pte. Ltd.","","120 Robinson Road","Singapore","Central Singapore","068913","Singapore","whois@themis.com.sg","+65.68125710","","Themis Pte. Ltd.","","120 Robinson Road","Singapore","Central Singapore","068913","Singapore","whois@themis.com.sg","+65.68125710","","","","","","","","","","","","ns1.parkingcrew.net","ns2.parkingcrew.net","","","clientTransferProhibited","","",""
"86","limonebakery.com","2020-05-08 19:50:00","2020-05-07","2020-05-07","2022-05-07","146","GoDaddy.com, LLC","whois.godaddy.com","http://registrar.godaddy.com","","","","","Singapore","","Singapore","","","","","","","","","","","","","","","","","","","","","","","","","","","","","","","","","","ns53.domaincontrol.com","ns54.domaincontrol.com","","","clientDeleteProhibited","clientRenewProhibited","clientTransferProhibited","clientUpdateProhibited"
"87","livetess.com","2020-05-08 19:30:55","2020-05-07","2020-05-07","2022-05-07","146","GoDaddy.com, LLC","whois.godaddy.com","http://registrar.godaddy.com","","","","","Singapore","","Singapore","","","","","","","","","","","","","","","","","","","","","","","","","","","","","","","","","","ns75.domaincontrol.com","ns76.domaincontrol.com","","","clientDeleteProhibited","clientRenewProhibited","clientTransferProhibited","clientUpdateProhibited"
"88","medical-asean.com","2020-05-08 19:24:48","2020-05-07","2020-05-07","2021-05-07","3775","ALIBABA.COM SINGAPORE E-COMMERCE PRIVATE LIMITED","","","","","","","Bedok","","Singapore","","","","","","","","","","","","","","","","","","","","","","","","","","","","","","","","","","vip7.alidns.com","vip8.alidns.com","","","OK","","",""
"89","mjgl.biz","2020-05-08 10:14:08","2020-05-06","2020-05-06","2021-05-06","146","GoDaddy.com, LLC","whois.godaddy.com","http://registrar.godaddy.com","","","","","Singapore","","Singapore","","","","","","","","","","","","","","","","","","","","","","","","","","","","","","","","","","ns73.domaincontrol.com","ns74.domaincontrol.com","","","addPeriod","clientDeleteProhibited","clientRenewProhibited","clientTransferProhibited"
"90","mtmnargis.com","2020-05-08 20:49:37","2020-05-07","2020-05-07","2021-05-07","146","GoDaddy.com, LLC","whois.godaddy.com","http://registrar.godaddy.com","mtmnargis","mtmnargis","","","Singapore","","Singapore","","","","","","","","","","","","","","","","","","","","","","","","","","","","","","","","","","ns53.domaincontrol.com","ns54.domaincontrol.com","","","clientDeleteProhibited","clientRenewProhibited","clientTransferProhibited","clientUpdateProhibited"
"91","musicbyflo.com","2020-05-08 20:40:35","2020-05-07","2020-05-07","2022-05-07","625","Name.com, Inc.","whois.name.com","http://www.name.com","Carlos Olavarria","","27A Dunsfold Drive","Singapore","Singapore","359404","Singapore","carlosolavarria68@gmail.com","+65.82920840","","Carlos Olavarria","","27A Dunsfold Drive","Singapore","Singapore","359404","Singapore","carlosolavarria68@gmail.com","+65.82920840","","Carlos Olavarria","","27A Dunsfold Drive","Singapore","Singapore","359404","Singapore","carlosolavarria68@gmail.com","+65.82920840","","","","","","","","","","","","ns1ntw.name.com","ns2bkr.name.com","ns3jwx.name.com","ns4lrt.name.com","addPeriod","clientTransferProhibited","",""
"92","mylineplus.com","2020-05-08 20:00:02","2020-05-07","2020-05-07","2021-05-07","146","GoDaddy.com, LLC","whois.godaddy.com","http://registrar.godaddy.com","","","","","Singapore","","Singapore","","","","","","","","","","","","","","","","","","","","","","","","","","","","","","","","","","ns75.domaincontrol.com","ns76.domaincontrol.com","","","clientDeleteProhibited","clientRenewProhibited","clientTransferProhibited","clientUpdateProhibited"
"93","mysuperline.com","2020-05-08 19:52:47","2020-05-07","2020-05-07","2021-05-07","146","GoDaddy.com, LLC","whois.godaddy.com","http://registrar.godaddy.com","","","","","Singapore","","Singapore","","","","","","","","","","","","","","","","","","","","","","","","","","","","","","","","","","ns11.domaincontrol.com","ns12.domaincontrol.com","","","clientDeleteProhibited","clientRenewProhibited","clientTransferProhibited","clientUpdateProhibited"
"94","nadehi.academy","2020-05-08 14:38:06","2020-05-07","2020-05-07","2021-05-07","146","GoDaddy.com, LLC","whois.godaddy.com","http://registrar.godaddy.com","REDACTED FOR PRIVACY","","REDACTED FOR PRIVACY","REDACTED FOR PRIVACY","Singapore","REDACTED FOR PRIVACY","Singapore","","REDACTED FOR PRIVACY","REDACTED FOR PRIVACY","","","","","","","","","","","","","","","","","","","","","","","","","","","","","","","","","","","addPeriod","clientDeleteProhibited","clientRenewProhibited","clientTransferProhibited"
"95","nadehi.net","2020-05-09 00:32:50","2020-05-07","2020-05-07","2021-05-07","146","GoDaddy.com, LLC","whois.godaddy.com","http://registrar.godaddy.com","","","","","Singapore","","Singapore","","","","","","","","","","","","","","","","","","","","","","","","","","","","","","","","","","ns75.domaincontrol.com","ns76.domaincontrol.com","","","clientDeleteProhibited","clientRenewProhibited","clientTransferProhibited","clientUpdateProhibited"
"96","nadehiacademy.com","2020-05-08 19:54:58","2020-05-07","2020-05-07","2021-05-07","146","GoDaddy.com, LLC","whois.godaddy.com","http://registrar.godaddy.com","","","","","Singapore","","Singapore","","","","","","","","","","","","","","","","","","","","","","","","","","","","","","","","","","ns75.domaincontrol.com","ns76.domaincontrol.com","","","clientDeleteProhibited","clientRenewProhibited","clientTransferProhibited","clientUpdateProhibited"
"97","neu3food.com","2020-05-08 19:30:30","2020-05-07","2020-05-07","2021-05-07","440","Wild West Domains, LLC","whois.wildwestdomains.com","http://www.wildwestdomains.com","Whatsfund Holdings Co Ltd","Whatsfund Holdings Co Ltd","","","SG","","Singapore","","","","","","","","","","","","","","","","","","","","","","","","","","","","","","","","","","ns53.domaincontrol.com","ns54.domaincontrol.com","","","clientDeleteProhibited","clientRenewProhibited","clientTransferProhibited","clientUpdateProhibited"
"98","newlaunchavenue.com","2020-05-08 19:52:46","2020-05-07","2020-05-07","2021-05-07","146","GoDaddy.com, LLC","whois.godaddy.com","http://registrar.godaddy.com","","","","","Singapore","","Singapore","","","","","","","","","","","","","","","","","","","","","","","","","","","","","","","","","","ns-a-1.getresponse.com","ns-a-2.getresponse.com","","","clientDeleteProhibited","clientRenewProhibited","clientTransferProhibited","clientUpdateProhibited"
"99","newnormalandtea.com","2020-05-08 19:55:02","2020-05-07","2020-05-07","2022-05-07","146","GoDaddy.com, LLC","whois.godaddy.com","http://registrar.godaddy.com","New Normal & Tea","New Normal & Tea","","","Singapore","","Singapore","","","","","","","","","","","","","","","","","","","","","","","","","","","","","","","","","","ns37.domaincontrol.com","ns38.domaincontrol.com","","","clientDeleteProhibited","clientRenewProhibited","clientTransferProhibited","clientUpdateProhibited"
"100","numerologyanswer.com","2020-05-08 20:46:56","2020-05-07","2020-05-07","2022-05-07","146","GoDaddy.com, LLC","whois.godaddy.com","http://registrar.godaddy.com","","","","","Singapore","","Singapore","","","","","","","","","","","","","","","","","","","","","","","","","","","","","","","","","","ns11.domaincontrol.com","ns12.domaincontrol.com","","","clientDeleteProhibited","clientRenewProhibited","clientTransferProhibited","clientUpdateProhibited"
"101","oddiv.com","2020-05-08 19:30:44","2020-05-06","2020-05-06","2021-05-06","146","GoDaddy.com, LLC","whois.godaddy.com","http://registrar.godaddy.com","","","","","Singapore","","Singapore","","","","","","","","","","","","","","","","","","","","","","","","","","","","","","","","","","ns1.squadhelp.com","ns2.squadhelp.com","","","clientDeleteProhibited","clientRenewProhibited","clientTransferProhibited","clientUpdateProhibited"
"102","oldgoldbarber.com","2020-05-08 19:24:26","2020-05-07","2020-05-07","2021-05-07","146","GoDaddy.com, LLC","whois.godaddy.com","http://registrar.godaddy.com","","","","","Singapore","","Singapore","","","","","","","","","","","","","","","","","","","","","","","","","","","","","","","","","","ns11.domaincontrol.com","ns12.domaincontrol.com","","","clientDeleteProhibited","clientRenewProhibited","clientTransferProhibited","clientUpdateProhibited"
"103","omnilodge.com","2020-05-08 20:03:15","2020-05-06","2020-05-06","2022-05-06","146","GoDaddy.com, LLC","whois.godaddy.com","http://registrar.godaddy.com","","","","","SingaporeSingapore","","Singapore","","","","","","","","","","","","","","","","","","","","","","","","","","","","","","","","","","ns37.domaincontrol.com","ns38.domaincontrol.com","","","clientDeleteProhibited","clientRenewProhibited","clientTransferProhibited","clientUpdateProhibited"
"104","omnipacificsg.com","2020-05-08 20:22:34","2020-05-06","2020-05-06","2021-05-06","69","Tucows Domains Inc.","whois.tucows.com","http://domainhelp.opensrs.net","REDACTED FOR PRIVACY","REDACTED FOR PRIVACY","REDACTED FOR PRIVACY","REDACTED FOR PRIVACY","Singapore","REDACTED FOR PRIVACY","Singapore","","REDACTED FOR PRIVACY","REDACTED FOR PRIVACY","REDACTED FOR PRIVACY","REDACTED FOR PRIVACY","REDACTED FOR PRIVACY","REDACTED FOR PRIVACY","REDACTED FOR PRIVACY","REDACTED FOR PRIVACY","REDACTED FOR PRIVACY","","REDACTED FOR PRIVACY","REDACTED FOR PRIVACY","REDACTED FOR PRIVACY","REDACTED FOR PRIVACY","REDACTED FOR PRIVACY","REDACTED FOR PRIVACY","REDACTED FOR PRIVACY","REDACTED FOR PRIVACY","REDACTED FOR PRIVACY","","REDACTED FOR PRIVACY","REDACTED FOR PRIVACY","","","","","","","","","","","yns1.yahoo.com","yns2.yahoo.com","","","clientTransferProhibited","clientUpdateProhibited","",""
"105","oneplusflooring.com","2020-05-08 19:59:13","2020-05-07","2020-05-07","2021-05-07","146","GoDaddy.com, LLC","whois.godaddy.com","http://registrar.godaddy.com","","","","","Singapore","","Singapore","","","","","","","","","","","","","","","","","","","","","","","","","","","","","","","","","","ns65.domaincontrol.com","ns66.domaincontrol.com","","","clientDeleteProhibited","clientRenewProhibited","clientTransferProhibited","clientUpdateProhibited"
"106","orientaleditions.com","2020-05-08 20:13:51","2020-05-06","2020-05-06","2021-05-06","146","GoDaddy.com, LLC","whois.godaddy.com","http://registrar.godaddy.com","","","","","Singapore","","Singapore","","","","","","","","","","","","","","","","","","","","","","","","","","","","","","","","","","ns11.domaincontrol.com","ns12.domaincontrol.com","","","clientDeleteProhibited","clientRenewProhibited","clientTransferProhibited","clientUpdateProhibited"
"107","outreach.world","2020-05-08 22:28:08","2020-05-07","2020-05-07","2021-05-07","146","GoDaddy.com, LLC","whois.godaddy.com","http://registrar.godaddy.com","REDACTED FOR PRIVACY","Steven Lim LLP","REDACTED FOR PRIVACY","REDACTED FOR PRIVACY","Singapore","REDACTED FOR PRIVACY","Singapore","","REDACTED FOR PRIVACY","REDACTED FOR PRIVACY","","","","","","","","","","","","","","","","","","","","","","","","","","","","","","","","","","","addPeriod","clientDeleteProhibited","clientRenewProhibited","clientTransferProhibited"
"108","pang-ball.com","2020-05-08 21:00:44","2020-05-07","2020-05-07","2021-05-07","303","PDR Ltd. d/b/a PublicDomainRegistry.com","whois.publicdomainregistry.com","http://www.publicdomainregistry.com","Domain Admin","privacy-security.org","30 Orange Grove Rd Visit privacy-security.org to contact the domain owner","Singapore","","258352","Singapore","privacy@privacy-security.org","+65.18511241123","","Domain Admin","privacy-security.org","30 Orange Grove Rd Visit privacy-security.org to contact the domain owner","Singapore","","258352","Singapore","privacy@privacy-security.org","+65.18511241123","","Domain Admin","privacy-security.org","30 Orange Grove Rd Visit privacy-security.org to contact the domain owner","Singapore","","258352","Singapore","privacy@privacy-security.org","+65.18511241123","","","","","","","","","","","","ns334998.protect-dservers.com","ns527263.protect-dservers.net","ns598646.protect-servers.net","ns817445.protect-servers.org","clientTransferProhibited","","",""
"109","panoramadulivre.com","2020-05-08 19:33:44","2020-05-06","2020-05-06","2021-05-06","3639","DropCatch.com 1430 LLC","","","Themis Pte. Ltd.","","120 Robinson Road","Singapore","Central Singapore","068913","Singapore","whois@themis.com.sg","+65.68125710","","Themis Pte. Ltd.","","120 Robinson Road","Singapore","Central Singapore","068913","Singapore","whois@themis.com.sg","+65.68125710","","Themis Pte. Ltd.","","120 Robinson Road","Singapore","Central Singapore","068913","Singapore","whois@themis.com.sg","+65.68125710","","","","","","","","","","","","ns1.parkingcrew.net","ns2.parkingcrew.net","","","clientTransferProhibited","","",""
"110","paraoball.com","2020-05-08 19:54:10","2020-05-07","2020-05-07","2021-05-07","303","PDR Ltd. d/b/a PublicDomainRegistry.com","whois.publicdomainregistry.com","http://www.publicdomainregistry.com","Domain Admin","privacy-security.org","30 Orange Grove Rd Visit privacy-security.org to contact the domain owner","Singapore","","258352","Singapore","privacy@privacy-security.org","+65.18511241123","","Domain Admin","privacy-security.org","30 Orange Grove Rd Visit privacy-security.org to contact the domain owner","Singapore","","258352","Singapore","privacy@privacy-security.org","+65.18511241123","","Domain Admin","privacy-security.org","30 Orange Grove Rd Visit privacy-security.org to contact the domain owner","Singapore","","258352","Singapore","privacy@privacy-security.org","+65.18511241123","","","","","","","","","","","","ns208989.protect-servers.com","ns364271.protect-dservers.org","ns487428.protect-servers.org","ns707110.protect-dservers.com","clientTransferProhibited","","",""
"111","patchannan.com","2020-05-08 20:53:47","2020-05-07","2020-05-07","2021-05-07","146","GoDaddy.com, LLC","whois.godaddy.com","http://registrar.godaddy.com","","","","","Singapore","","Singapore","","","","","","","","","","","","","","","","","","","","","","","","","","","","","","","","","","ns37.domaincontrol.com","ns38.domaincontrol.com","","","clientDeleteProhibited","clientRenewProhibited","clientTransferProhibited","clientUpdateProhibited"
"112","pepitawauran.com","2020-05-08 20:03:29","2020-05-06","2020-05-06","2021-05-06","69","Tucows Domains Inc.","whois.tucows.com","http://domainhelp.opensrs.net","REDACTED FOR PRIVACY","REDACTED FOR PRIVACY","REDACTED FOR PRIVACY","REDACTED FOR PRIVACY","REDACTED FOR PRIVACY","REDACTED FOR PRIVACY","Singapore","","REDACTED FOR PRIVACY","REDACTED FOR PRIVACY","REDACTED FOR PRIVACY","REDACTED FOR PRIVACY","REDACTED FOR PRIVACY","REDACTED FOR PRIVACY","REDACTED FOR PRIVACY","REDACTED FOR PRIVACY","REDACTED FOR PRIVACY","","REDACTED FOR PRIVACY","REDACTED FOR PRIVACY","REDACTED FOR PRIVACY","REDACTED FOR PRIVACY","REDACTED FOR PRIVACY","REDACTED FOR PRIVACY","REDACTED FOR PRIVACY","REDACTED FOR PRIVACY","REDACTED FOR PRIVACY","","REDACTED FOR PRIVACY","REDACTED FOR PRIVACY","","","","","","","","","","","ns1.systemdns.com","ns2.systemdns.com","ns3.systemdns.com","","clientTransferProhibited","clientUpdateProhibited","",""
"113","quest.money","2020-05-09 00:34:25","2020-05-07","2020-05-07","2021-05-07","146","GoDaddy.com, LLC","whois.godaddy.com","http://registrar.godaddy.com","REDACTED FOR PRIVACY","QUESTVC PTE LTD","REDACTED FOR PRIVACY","REDACTED FOR PRIVACY","Singapore","REDACTED FOR PRIVACY","Singapore","","REDACTED FOR PRIVACY","REDACTED FOR PRIVACY","","","","","","","","","","","","","","","","","","","","","","","","","","","","","","","","","","","addPeriod","clientDeleteProhibited","clientRenewProhibited","clientTransferProhibited"
"114","rauzs.com","2020-05-08 20:54:52","2020-05-07","2020-05-07","2025-05-07","146","GoDaddy.com, LLC","whois.godaddy.com","http://registrar.godaddy.com","Rauz Design Development Ltd.","Rauz Design Development Ltd.","","","SIngapore","","Singapore","","","","","","","","","","","","","","","","","","","","","","","","","","","","","","","","","","ns37.domaincontrol.com","ns38.domaincontrol.com","","","clientDeleteProhibited","clientRenewProhibited","clientTransferProhibited","clientUpdateProhibited"
"115","readshuttle.com","2020-05-08 19:56:07","2020-05-07","2020-05-07","2021-05-07","48","eNom, Inc.","whois.enom.com","http://www.enom.com","REDACTED FOR PRIVACY","REDACTED FOR PRIVACY","REDACTED FOR PRIVACY","REDACTED FOR PRIVACY","Singapore","REDACTED FOR PRIVACY","Singapore","","REDACTED FOR PRIVACY","REDACTED FOR PRIVACY","REDACTED FOR PRIVACY","REDACTED FOR PRIVACY","REDACTED FOR PRIVACY","REDACTED FOR PRIVACY","REDACTED FOR PRIVACY","REDACTED FOR PRIVACY","REDACTED FOR PRIVACY","","REDACTED FOR PRIVACY","REDACTED FOR PRIVACY","REDACTED FOR PRIVACY","REDACTED FOR PRIVACY","REDACTED FOR PRIVACY","REDACTED FOR PRIVACY","REDACTED FOR PRIVACY","REDACTED FOR PRIVACY","REDACTED FOR PRIVACY","","REDACTED FOR PRIVACY","REDACTED FOR PRIVACY","","","","","","","","","","","ns1.a2hosting.com","ns2.a2hosting.com","ns3.a2hosting.com","ns4.a2hosting.com","addPeriod","clientTransferProhibited","",""
"116","rodnbait.com","2020-05-08 20:01:33","2020-05-06","2020-05-07","2021-05-06","83","1&1 Internet AG","whois.schlund.info","http://1and1.com","REDACTED FOR PRIVACY","","REDACTED FOR PRIVACY","REDACTED FOR PRIVACY","","REDACTED FOR PRIVACY","Singapore","dataprivacyprotected@1und1.de","REDACTED FOR PRIVACY","REDACTED FOR PRIVACY","REDACTED FOR PRIVACY","REDACTED FOR PRIVACY","REDACTED FOR PRIVACY","REDACTED FOR PRIVACY","REDACTED FOR PRIVACY","REDACTED FOR PRIVACY","REDACTED FOR PRIVACY","dataprivacyprotected@1und1.de","REDACTED FOR PRIVACY","REDACTED FOR PRIVACY","REDACTED FOR PRIVACY","REDACTED FOR PRIVACY","REDACTED FOR PRIVACY","REDACTED FOR PRIVACY","REDACTED FOR PRIVACY","REDACTED FOR PRIVACY","REDACTED FOR PRIVACY","dataprivacyprotected@1und1.de","REDACTED FOR PRIVACY","REDACTED FOR PRIVACY","","","","","","","","","","","ns14.wixdns.net","ns15.wixdns.net","","","addPeriod","clientTransferProhibited","",""
"117","seethepossibility.com","2020-05-08 20:40:17","2020-05-07","2020-05-07","2021-05-07","1291","Crazy Domains FZ-LLC","whois.crazydomains.com","http://www.crazydomains.com","JASMINE VINCENT","JASMINE VINCENT INTERNATIONAL PTE LTD","1 WALLICH STREET #14-01 GUOCO TOWER","SINGAPORE","SINGAPORE","078881","Singapore","jasmine@jasminevincent.com","+65.64034083","","JASMINE VINCENT","JASMINE VINCENT INTERNATIONAL PTE LTD","1 WALLICH STREET #14-01 GUOCO TOWER","SINGAPORE","SINGAPORE","078881","Singapore","jasmine@jasminevincent.com","+65.64034083","+65.","JASMINE VINCENT","JASMINE VINCENT INTERNATIONAL PTE LTD","1 WALLICH STREET #14-01 GUOCO TOWER","SINGAPORE","SINGAPORE","078881","Singapore","jasmine@jasminevincent.com","+65.64034083","+65.","","","","","","","","","","","ns1.vodien.com","ns2.vodien.com","","","OK","","",""
"118","simplicityisworthy.com","2020-05-08 20:47:19","2020-05-07","2020-05-07","2021-05-07","69","Tucows Domains Inc.","whois.tucows.com","http://domainhelp.opensrs.net","REDACTED FOR PRIVACY","REDACTED FOR PRIVACY","REDACTED FOR PRIVACY","REDACTED FOR PRIVACY","XX","REDACTED FOR PRIVACY","Singapore","","REDACTED FOR PRIVACY","REDACTED FOR PRIVACY","REDACTED FOR PRIVACY","REDACTED FOR PRIVACY","REDACTED FOR PRIVACY","REDACTED FOR PRIVACY","REDACTED FOR PRIVACY","REDACTED FOR PRIVACY","REDACTED FOR PRIVACY","","REDACTED FOR PRIVACY","REDACTED FOR PRIVACY","REDACTED FOR PRIVACY","REDACTED FOR PRIVACY","REDACTED FOR PRIVACY","REDACTED FOR PRIVACY","REDACTED FOR PRIVACY","REDACTED FOR PRIVACY","REDACTED FOR PRIVACY","","REDACTED FOR PRIVACY","REDACTED FOR PRIVACY","","","","","","","","","","","ns1.gsgp1026.siteground.asia","ns2.gsgp1026.siteground.asia","","","clientTransferProhibited","clientUpdateProhibited","",""
"119","simplifyliv.com","2020-05-08 20:53:50","2020-05-07","2020-05-07","2021-05-07","1154","FastDomain Inc.","whois.fastdomain.com","http://www.fastdomain.com","CM CHANG","SIMPLIFYLIV","ANCHORVALE","SINGAPORE","","550222","Singapore","simplify.liv@gmail.com","+65.83225550","","CM CHANG","SIMPLIFYLIV","ANCHORVALE","SINGAPORE","","550222","Singapore","simplify.liv@gmail.com","+65.83225550","","BLUEHOST INC","BLUEHOST.COM","550 E TIMPANOGOS PKWY","OREM","UTAH","84097","United States","domain@redl.ca","+1.8017659400","+1.8017651992","","","","","","","","","","","ns1.bluehost.com","ns2.bluehost.com","","","clientTransferProhibited","","",""
"120","singapore-expat.com","2020-05-08 20:56:46","2020-05-07","2020-05-07","2021-05-07","146","GoDaddy.com, LLC","whois.godaddy.com","http://registrar.godaddy.com","","","","","Singapore","","Singapore","","","","","","","","","","","","","","","","","","","","","","","","","","","","","","","","","","ns37.domaincontrol.com","ns38.domaincontrol.com","","","clientDeleteProhibited","clientRenewProhibited","clientTransferProhibited","clientUpdateProhibited"
"121","singaporemattresses.com","2020-05-08 20:46:13","2020-05-07","2020-05-07","2021-05-07","303","PDR Ltd. d/b/a PublicDomainRegistry.com","whois.publicdomainregistry.com","http://www.publicdomainregistry.com","Evarina Jani","","Blk 174C Edgedale Plains #07-179 #07-179","Singapore","","823174","Singapore","p19com@yahoo.com.sg","+65.90262849","","Evarina Jani","","Blk 174C Edgedale Plains #07-179 #07-179","Singapore","","823174","Singapore","p19com@yahoo.com.sg","+65.90262849","","Evarina Jani","","Blk 174C Edgedale Plains #07-179 #07-179","Singapore","","823174","Singapore","p19com@yahoo.com.sg","+65.90262849","","","","","","","","","","","","1.namedc.com","2.namedc.com","","","clientTransferProhibited","","",""
"122","sosyaldesteknet.com","2020-05-08 20:38:36","2020-05-07","2020-05-07","2021-05-07","146","GoDaddy.com, LLC","whois.godaddy.com","http://registrar.godaddy.com","","","","","Herault","","Singapore","","","","","","","","","","","","","","","","","","","","","","","","","","","","","","","","","","ns11.domaincontrol.com","ns12.domaincontrol.com","","","clientDeleteProhibited","clientRenewProhibited","clientTransferProhibited","clientUpdateProhibited"
"123","soulthai-cuisine.com","2020-05-08 21:01:46","2020-05-07","2020-05-07","2021-05-07","146","GoDaddy.com, LLC","whois.godaddy.com","http://registrar.godaddy.com","","","","","Singapore","","Singapore","","","","","","","","","","","","","","","","","","","","","","","","","","","","","","","","","","ns75.domaincontrol.com","ns76.domaincontrol.com","","","clientDeleteProhibited","clientRenewProhibited","clientTransferProhibited","clientUpdateProhibited"
"124","swisscalculator.com","2020-05-08 19:59:12","2020-05-07","2020-05-07","2021-05-07","81","Gandi SAS","whois.gandi.net","http://www.gandi.net","REDACTED FOR PRIVACY","","REDACTED FOR PRIVACY","REDACTED FOR PRIVACY","","REDACTED FOR PRIVACY","Singapore","cdad54850b4bd323ce6eeb2799b7eeb1-18932293@contact.gandi.net","REDACTED FOR PRIVACY","REDACTED FOR PRIVACY","REDACTED FOR PRIVACY","REDACTED FOR PRIVACY","REDACTED FOR PRIVACY","REDACTED FOR PRIVACY","REDACTED FOR PRIVACY","REDACTED FOR PRIVACY","REDACTED FOR PRIVACY","cdad54850b4bd323ce6eeb2799b7eeb1-18932293@contact.gandi.net","REDACTED FOR PRIVACY","REDACTED FOR PRIVACY","REDACTED FOR PRIVACY","REDACTED FOR PRIVACY","REDACTED FOR PRIVACY","REDACTED FOR PRIVACY","REDACTED FOR PRIVACY","REDACTED FOR PRIVACY","REDACTED FOR PRIVACY","cdad54850b4bd323ce6eeb2799b7eeb1-18932293@contact.gandi.net","REDACTED FOR PRIVACY","REDACTED FOR PRIVACY","","","","","","","","","","","ns-137-b.gandi.net","ns-138-a.gandi.net","ns-59-c.gandi.net","","clientTransferProhibited","","",""
"125","tattootattaa.com","2020-05-08 20:02:03","2020-05-06","2020-05-06","2021-05-06","2737","DropCatch.com 978 LLC","whois.namebright.com","http://www.namebright.com","Themis Pte. Ltd.","","120 Robinson Road","Singapore","Central Singapore","068913","Singapore","whois@themis.com.sg","+65.68125710","","Themis Pte. Ltd.","","120 Robinson Road","Singapore","Central Singapore","068913","Singapore","whois@themis.com.sg","+65.68125710","","Themis Pte. Ltd.","","120 Robinson Road","Singapore","Central Singapore","068913","Singapore","whois@themis.com.sg","+65.68125710","","","","","","","","","","","","ns1.parkingcrew.net","ns2.parkingcrew.net","","","clientTransferProhibited","","",""
"126","thebaliguru.com","2020-05-08 21:05:56","2020-05-07","2020-05-07","2021-05-07","146","GoDaddy.com, LLC","whois.godaddy.com","http://registrar.godaddy.com","CRITELAB PTE LTD","CRITELAB PTE LTD","","","SINGAPORE","","Singapore","","","","","","","","","","","","","","","","","","","","","","","","","","","","","","","","","","pdns07.domaincontrol.com","pdns08.domaincontrol.com","","","clientDeleteProhibited","clientRenewProhibited","clientTransferProhibited","clientUpdateProhibited"
"127","thepackpenguin.com","2020-05-08 20:57:02","2020-05-07","2020-05-07","2021-05-07","146","GoDaddy.com, LLC","whois.godaddy.com","http://registrar.godaddy.com","","","","","Singapore","","Singapore","","","","","","","","","","","","","","","","","","","","","","","","","","","","","","","","","","ns11.domaincontrol.com","ns12.domaincontrol.com","","","clientDeleteProhibited","clientRenewProhibited","clientTransferProhibited","clientUpdateProhibited"
"128","thepixle.com","2020-05-08 19:27:55","2020-05-07","2020-05-07","2022-05-07","146","GoDaddy.com, LLC","whois.godaddy.com","http://registrar.godaddy.com","","","","","Singapore","","Singapore","","","","","","","","","","","","","","","","","","","","","","","","","","","","","","","","","","ns11.domaincontrol.com","ns12.domaincontrol.com","","","clientDeleteProhibited","clientRenewProhibited","clientTransferProhibited","clientUpdateProhibited"
"129","thervmillenia.com","2020-05-08 20:34:41","2020-05-07","2020-05-07","2021-05-07","1291","Crazy Domains FZ-LLC","whois.crazydomains.com","http://www.crazydomains.com","JING HON KWAN","","BLK 211C, PUNGGOL WALK, #12-651","SINGAPORE","SINGAPORE","823211","Singapore","jinghonkwan@gmail.com","+65.94897004","","JING HON KWAN","","BLK 211C, PUNGGOL WALK, #12-651","SINGAPORE","SINGAPORE","823211","Singapore","jinghonkwan@gmail.com","+65.94897004","+65.","JING HON KWAN","","BLK 211C, PUNGGOL WALK, #12-651","SINGAPORE","SINGAPORE","823211","Singapore","jinghonkwan@gmail.com","+65.94897004","+65.","","","","","","","","","","","ns1.vodien.com","ns2.vodien.com","","","OK","","",""
"130","tittyhentai.com","2020-05-08 19:25:33","2020-05-07","2020-05-07","2021-05-07","146","GoDaddy.com, LLC","whois.godaddy.com","http://registrar.godaddy.com","","","","","Singapore","","Singapore","","","","","","","","","","","","","","","","","","","","","","","","","","","","","","","","","","ns11.domaincontrol.com","ns12.domaincontrol.com","","","clientDeleteProhibited","clientRenewProhibited","clientTransferProhibited","clientUpdateProhibited"
"131","trash-movie.com","2020-05-08 20:21:51","2020-05-06","2020-05-06","2021-05-06","2662","DropCatch.com 903 LLC","whois.namebright.com","http://www.dropcatch903.com","Themis Pte. Ltd.","","120 Robinson Road","Singapore","Central Singapore","068913","Singapore","whois@themis.com.sg","+65.68125710","","Themis Pte. Ltd.","","120 Robinson Road","Singapore","Central Singapore","068913","Singapore","whois@themis.com.sg","+65.68125710","","Themis Pte. Ltd.","","120 Robinson Road","Singapore","Central Singapore","068913","Singapore","whois@themis.com.sg","+65.68125710","","","","","","","","","","","","ns1.parkingcrew.net","ns2.parkingcrew.net","","","clientTransferProhibited","","",""
"132","tripperb.com","2020-05-08 19:53:26","2020-05-07","2020-05-07","2021-05-07","69","Tucows Domains Inc.","whois.tucows.com","http://domainhelp.opensrs.net","REDACTED FOR PRIVACY","REDACTED FOR PRIVACY","REDACTED FOR PRIVACY","REDACTED FOR PRIVACY","XX","REDACTED FOR PRIVACY","Singapore","","REDACTED FOR PRIVACY","REDACTED FOR PRIVACY","REDACTED FOR PRIVACY","REDACTED FOR PRIVACY","REDACTED FOR PRIVACY","REDACTED FOR PRIVACY","REDACTED FOR PRIVACY","REDACTED FOR PRIVACY","REDACTED FOR PRIVACY","","REDACTED FOR PRIVACY","REDACTED FOR PRIVACY","REDACTED FOR PRIVACY","REDACTED FOR PRIVACY","REDACTED FOR PRIVACY","REDACTED FOR PRIVACY","REDACTED FOR PRIVACY","REDACTED FOR PRIVACY","REDACTED FOR PRIVACY","","REDACTED FOR PRIVACY","REDACTED FOR PRIVACY","","","","","","","","","","","ns1.giow1054.siteground.us","ns2.giow1054.siteground.us","","","clientTransferProhibited","clientUpdateProhibited","",""
"133","uacoin.biz","2020-05-08 02:22:51","2020-04-29","2020-05-04","2022-04-29","146","GoDaddy.com, LLC","whois.godaddy.com","http://registrar.godaddy.com","","","","","Singapore","","Singapore","","","","","","","","","","","","","","","","","","","","","","","","","","","","","","","","","","ns11.domaincontrol.com","ns12.domaincontrol.com","","","clientDeleteProhibited","clientRenewProhibited","clientTransferProhibited","clientUpdateProhibited"
"134","waltlee.info","2020-05-09 00:39:18","2020-05-07","2020-05-07","2022-05-07","2","Network Solutions, LLC","whois.networksolutions.com","http://networksolutions.com","","","","","SG-03","","Singapore","","","","","","","","","","","","","","","","","","","","","","","","","","","","","","","","","","ns12.wixdns.net","ns13.wixdns.net","","","addPeriod","clientTransferProhibited","serverTransferProhibited",""
"135","wellesleyfarmersmarket.com","2020-05-08 20:01:05","2020-05-06","2020-05-06","2021-05-06","3496","DropCatch.com 1287 LLC","","","Themis Pte. Ltd.","","120 Robinson Road","Singapore","Central Singapore","068913","Singapore","whois@themis.com.sg","+65.68125710","","Themis Pte. Ltd.","","120 Robinson Road","Singapore","Central Singapore","068913","Singapore","whois@themis.com.sg","+65.68125710","","Themis Pte. Ltd.","","120 Robinson Road","Singapore","Central Singapore","068913","Singapore","whois@themis.com.sg","+65.68125710","","","","","","","","","","","","ns1.parkingcrew.net","ns2.parkingcrew.net","","","clientTransferProhibited","","",""
"136","wuye4.com","2020-05-08 20:32:23","2020-05-07","2020-05-07","2021-05-07","146","GoDaddy.com, LLC","whois.godaddy.com","http://registrar.godaddy.com","asdasd","asdasd","","","dsasd","","Singapore","","","","","","","","","","","","","","","","","","","","","","","","","","","","","","","","","","ns37.domaincontrol.com","ns38.domaincontrol.com","","","clientDeleteProhibited","clientRenewProhibited","clientTransferProhibited","clientUpdateProhibited"
"137","wuye5.com","2020-05-08 20:37:28","2020-05-07","2020-05-07","2021-05-07","146","GoDaddy.com, LLC","whois.godaddy.com","http://registrar.godaddy.com","asdasd","asdasd","","","dsasd","","Singapore","","","","","","","","","","","","","","","","","","","","","","","","","","","","","","","","","","ns11.domaincontrol.com","ns12.domaincontrol.com","","","clientDeleteProhibited","clientRenewProhibited","clientTransferProhibited","clientUpdateProhibited"
"138","wuye6.com","2020-05-08 20:31:45","2020-05-07","2020-05-07","2021-05-07","146","GoDaddy.com, LLC","whois.godaddy.com","http://registrar.godaddy.com","asdasd","asdasd","","","dsasd","","Singapore","","","","","","","","","","","","","","","","","","","","","","","","","","","","","","","","","","ns35.domaincontrol.com","ns36.domaincontrol.com","","","clientDeleteProhibited","clientRenewProhibited","clientTransferProhibited","clientUpdateProhibited"
"139","xazm8899.com","2020-05-08 19:25:32","2020-05-07","2020-05-07","2021-05-07","146","GoDaddy.com, LLC","whois.godaddy.com","http://registrar.godaddy.com","j","j","","","kj","","Singapore","","","","","","","","","","","","","","","","","","","","","","","","","","","","","","","","","","ns11.domaincontrol.com","ns12.domaincontrol.com","","","clientDeleteProhibited","clientRenewProhibited","clientTransferProhibited","clientUpdateProhibited"
"140","xn--4gqs73d.com","2020-05-08 19:28:41","2020-05-07","2020-05-07","2021-05-07","609","NameKing.com Inc.","whois.nameking.com","http://www.nameking.com","P ONG","","47A GILSTEAD ROAD","SINGAPORE","SINGAPORE","309091","Singapore","domain@friendclub.com","+65.96543188","","P ONG","","47A GILSTEAD ROAD","SINGAPORE","SINGAPORE","309091","Singapore","domain@friendclub.com","+65.96543188","","P ONG","","47A GILSTEAD ROAD","SINGAPORE","SINGAPORE","309091","Singapore","domain@friendclub.com","+65.96543188","","","","","","","","","","","","ns1.friendclub.com","ns2.friendclub.com","","","clientTransferProhibited","","",""
"141","xn--swtz13aguv.com","2020-05-08 20:40:03","2020-05-07","2020-05-07","2021-05-07","609","NameKing.com Inc.","whois.nameking.com","http://www.nameking.com","P ONG","","47A GILSTEAD ROAD","SINGAPORE","SINGAPORE","309091","Singapore","domain@friendclub.com","+65.96543188","","P ONG","","47A GILSTEAD ROAD","SINGAPORE","SINGAPORE","309091","Singapore","domain@friendclub.com","+65.96543188","","P ONG","","47A GILSTEAD ROAD","SINGAPORE","SINGAPORE","309091","Singapore","domain@friendclub.com","+65.96543188","","","","","","","","","","","","ns1.friendclub.com","ns2.friendclub.com","","","clientTransferProhibited","","",""
"142","yonderbuggy.com","2020-05-08 20:02:59","2020-05-06","2020-05-06","2021-05-06","146","GoDaddy.com, LLC","whois.godaddy.com","http://registrar.godaddy.com","","","","","SingaporeSingapore","","Singapore","","","","","","","","","","","","","","","","","","","","","","","","","","","","","","","","","","ns37.domaincontrol.com","ns38.domaincontrol.com","","","clientDeleteProhibited","clientRenewProhibited","clientTransferProhibited","clientUpdateProhibited"
"143","yonderfull.com","2020-05-08 20:29:27","2020-05-06","2020-05-06","2021-05-06","146","GoDaddy.com, LLC","whois.godaddy.com","http://registrar.godaddy.com","","","","","SingaporeSingapore","","Singapore","","","","","","","","","","","","","","","","","","","","","","","","","","","","","","","","","","ns35.domaincontrol.com","ns36.domaincontrol.com","","","clientDeleteProhibited","clientRenewProhibited","clientTransferProhibited","clientUpdateProhibited"
"144","youngsecret328.com","2020-05-08 20:40:09","2020-05-07","","2021-05-07","1068","NameCheap, Inc.","whois.namecheap.com","http://www.namecheap.com","Na Na","","19 PASIR RIS GROVE #09-29","SINGAPORE","SINGAPORE","518144","Singapore","youngsecret328@gmail.com","+65.88261687","","Na Na","","19 PASIR RIS GROVE #09-29","SINGAPORE","SINGAPORE","518144","Singapore","youngsecret328@gmail.com","+65.88261687","","Na Na","","19 PASIR RIS GROVE #09-29","SINGAPORE","SINGAPORE","518144","Singapore","youngsecret328@gmail.com","+65.88261687","","","","","","","","","","","","ns231.hostsserver.com","ns232.hostsserver.com","","","clientTransferProhibited","","",""
"145","yuanguangquan.com","2020-05-08 19:29:09","2020-05-07","2020-05-07","2021-05-07","609","NameKing.com Inc.","whois.nameking.com","http://www.nameking.com","P ONG","","47A GILSTEAD ROAD","SINGAPORE","SINGAPORE","309091","Singapore","domain@friendclub.com","+65.96543188","","P ONG","","47A GILSTEAD ROAD","SINGAPORE","SINGAPORE","309091","Singapore","domain@friendclub.com","+65.96543188","","P ONG","","47A GILSTEAD ROAD","SINGAPORE","SINGAPORE","309091","Singapore","domain@friendclub.com","+65.96543188","","","","","","","","","","","","ns1.friendclub.com","ns2.friendclub.com","","","clientTransferProhibited","","",""
"146","zac-albukhari.com","2020-05-08 20:50:55","2020-05-07","2020-05-07","2021-05-07","955","Launchpad, Inc.","whois.launchpad.com","http://www.launchpad.com","Muhammad  Zulfiqar","None","Blk 744 Pasir Ris St 71 #05-03","Singapore","01","510744","Singapore","zacrayz@gmail.com","+65.93279400","","Muhammad  Zulfiqar","None","Blk 744 Pasir Ris St 71 #05-03","Singapore","01","510744","Singapore","zacrayz@gmail.com","+65.93279400","","Muhammad  Zulfiqar","None","Blk 744 Pasir Ris St 71 #05-03","Singapore","01","510744","Singapore","zacrayz@gmail.com","+65.93279400","","","","","","","","","","","","ns6283.hostgator.com","ns6284.hostgator.com","","","clientTransferProhibited","","",""