"num","domain_name","query_time","create_date","update_date","expiry_date","domain_registrar_id","domain_registrar_name","domain_registrar_whois","domain_registrar_url","registrant_name","registrant_company","registrant_address","registrant_city","registrant_state","registrant_zip","registrant_country","registrant_email","registrant_phone","registrant_fax","administrative_name","administrative_company","administrative_address","administrative_city","administrative_state","administrative_zip","administrative_country","administrative_email","administrative_phone","administrative_fax","technical_name","technical_company","technical_address","technical_city","technical_state","technical_zip","technical_country","technical_email","technical_phone","technical_fax","billing_name","billing_company","billing_address","billing_city","billing_state","billing_zip","billing_country","billing_email","billing_phone","billing_fax","name_server_1","name_server_2","name_server_3","name_server_4","domain_status_1","domain_status_2","domain_status_3","domain_status_4"
"1","abdiwahabelmi.com","2020-05-08 20:44:56","2020-05-07","2020-05-07","2021-05-07","1154","FastDomain Inc.","whois.fastdomain.com","http://www.fastdomain.com","ABDIWAHAB ELMI","BRAVO GROUP","KM4, MOGADISHU","MOGADISHU","","252","Somalia","abdiwahab.a.e@gmail.com","+252.612253332","","ABDIWAHAB ELMI","BRAVO GROUP","KM4, MOGADISHU","MOGADISHU","","252","Somalia","abdiwahab.a.e@gmail.com","+252.612253332","","BLUEHOST INC","BLUEHOST.COM","550 E TIMPANOGOS PKWY","OREM","UTAH","84097","United States","domain@redl.ca","+1.8017659400","+1.8017651992","","","","","","","","","","","ns1.bluehost.com","ns2.bluehost.com","","","clientTransferProhibited","","",""
"2","ceynaan.com","2020-05-08 19:40:28","2020-05-07","2020-05-07","2021-05-07","1390","Mesh Digital Limited","whois.meshdigital.com","http://www.meshdigital.com","REDACTED FOR PRIVACY","","REDACTED FOR PRIVACY","REDACTED FOR PRIVACY","Banaadir","REDACTED FOR PRIVACY","Somalia","","REDACTED FOR PRIVACY","REDACTED FOR PRIVACY","","","","","","","","","","","","","","","","","","","","","","","","","","","","","","","ns1.hawdhost.com","ns2.hawdhost.com","","","OK","","",""
"3","cilmibilelms.com","2020-05-08 20:37:48","2020-05-07","2020-05-07","2021-05-07","303","PDR Ltd. d/b/a PublicDomainRegistry.com","whois.publicdomainregistry.com","http://www.publicdomainregistry.com","ikit LMS","ikit Technology","Mog-Somalia","Mogadishu","Banaadir","25161","Somalia","ikitlms@gmail.com","+252.615755983","","ikit LMS","ikit Technology","Mog-Somalia","Mogadishu","Banaadir","25161","Somalia","ikitlms@gmail.com","+252.615755983","","ikit LMS","ikit Technology","Mog-Somalia","Mogadishu","Banaadir","25161","Somalia","ikitlms@gmail.com","+252.615755983","","","","","","","","","","","","dns3.parkpage.foundationapi.com","dns4.parkpage.foundationapi.com","","","clientTransferProhibited","","",""
"4","edusoftfoundation.com","2020-05-08 19:27:10","2020-05-07","2020-05-07","2021-05-07","303","PDR Ltd. d/b/a PublicDomainRegistry.com","whois.publicdomainregistry.com","http://www.publicdomainregistry.com","sharmaake Dahir","","km4","Mogadishu","Banaadir","25261","Somalia","sales@ikitsolutions.com","+252.615755983","","sharmaake Dahir","","km4","Mogadishu","Banaadir","25261","Somalia","sales@ikitsolutions.com","+252.615755983","","sharmaake Dahir","","km4","Mogadishu","Banaadir","25261","Somalia","sales@ikitsolutions.com","+252.615755983","","","","","","","","","","","","dns3.parkpage.foundationapi.com","dns4.parkpage.foundationapi.com","","","clientTransferProhibited","","",""
"5","jirdhis.com","2020-05-08 19:30:26","2020-05-07","2020-05-07","2021-05-07","955","Launchpad, Inc.","whois.launchpad.com","http://www.launchpad.com","Yusuf Mohamed","None","warshada street","Mogadishu","BN","00621","Somalia","jaafuli1992@gmail.com","+252.615755441","","Yusuf Mohamed","None","warshada street","Mogadishu","BN","00621","Somalia","jaafuli1992@gmail.com","+252.615755441","","Yusuf Mohamed","None","warshada street","Mogadishu","BN","00621","Somalia","jaafuli1992@gmail.com","+252.615755441","","","","","","","","","","","","wns15.hostgator.com","wns16.hostgator.com","","","clientTransferProhibited","","",""
"6","maantanews.com","2020-05-08 20:35:40","2020-05-07","2020-05-07","2021-05-07","1390","Mesh Digital Limited","whois.meshdigital.com","http://www.meshdigital.com","REDACTED FOR PRIVACY","","REDACTED FOR PRIVACY","REDACTED FOR PRIVACY","Banaadir","REDACTED FOR PRIVACY","Somalia","","REDACTED FOR PRIVACY","REDACTED FOR PRIVACY","","","","","","","","","","","","","","","","","","","","","","","","","","","","","","","ns1.hawdhost.net","ns2.hawdhost.net","","","OK","","",""
"7","maazimonline.com","2020-05-08 20:34:44","2020-05-07","2020-05-07","2021-05-07","1154","FastDomain Inc.","whois.fastdomain.com","http://www.fastdomain.com","AHMEDNOUR ADEM MOHOMED","MAAZIMONLINE","ROAD1,DOWN TOWN","HARGEYSA","","2563","Somalia","ahmedqareen9@gmail.com","+252.634092858","","AHMEDNOUR ADEM MOHOMED","MAAZIMONLINE","ROAD1,DOWN TOWN","HARGEYSA","","2563","Somalia","ahmedqareen9@gmail.com","+252.634092858","","BLUEHOST INC","BLUEHOST.COM","550 E TIMPANOGOS PKWY","OREM","UTAH","84097","United States","domain@redl.ca","+1.8017659400","+1.8017651992","","","","","","","","","","","ns1.bluehost.com","ns2.bluehost.com","","","clientTransferProhibited","","",""