"num","domain_name","query_time","create_date","update_date","expiry_date","domain_registrar_id","domain_registrar_name","domain_registrar_whois","domain_registrar_url","registrant_name","registrant_company","registrant_address","registrant_city","registrant_state","registrant_zip","registrant_country","registrant_email","registrant_phone","registrant_fax","administrative_name","administrative_company","administrative_address","administrative_city","administrative_state","administrative_zip","administrative_country","administrative_email","administrative_phone","administrative_fax","technical_name","technical_company","technical_address","technical_city","technical_state","technical_zip","technical_country","technical_email","technical_phone","technical_fax","billing_name","billing_company","billing_address","billing_city","billing_state","billing_zip","billing_country","billing_email","billing_phone","billing_fax","name_server_1","name_server_2","name_server_3","name_server_4","domain_status_1","domain_status_2","domain_status_3","domain_status_4"
"1","1or9lives.com","2020-05-08 19:56:16","2020-05-07","2020-05-07","2021-05-07","146","GoDaddy.com, LLC","whois.godaddy.com","http://registrar.godaddy.com","D Solutions","D Solutions","","","Western","","Sri Lanka","","","","","","","","","","","","","","","","","","","","","","","","","","","","","","","","","","cdns1.interserver.net","cdns2.interserver.net","cdns3.interserver.net","","clientDeleteProhibited","clientRenewProhibited","clientTransferProhibited","clientUpdateProhibited"
"2","accesscontrollanka.com","2020-05-08 19:38:59","2020-05-07","2020-05-07","2021-05-07","146","GoDaddy.com, LLC","whois.godaddy.com","http://registrar.godaddy.com","","","","","","","Sri Lanka","","","","","","","","","","","","","","","","","","","","","","","","","","","","","","","","","","ns53.domaincontrol.com","ns54.domaincontrol.com","","","clientDeleteProhibited","clientRenewProhibited","clientTransferProhibited","clientUpdateProhibited"
"3","achetersapilule.com","2020-05-08 20:42:23","2020-05-07","2020-05-07","2021-05-07","1371","AB NameISP","whois.nameisp.com","http://www.nameisp.com","REDACTED FOR PRIVACY","REDACTED FOR PRIVACY","REDACTED FOR PRIVACY","REDACTED FOR PRIVACY","LK","REDACTED FOR PRIVACY","Sri Lanka","","REDACTED FOR PRIVACY","","REDACTED FOR PRIVACY","REDACTED FOR PRIVACY","REDACTED FOR PRIVACY","REDACTED FOR PRIVACY","REDACTED FOR PRIVACY","REDACTED FOR PRIVACY","REDACTED FOR PRIVACY","","REDACTED FOR PRIVACY","","REDACTED FOR PRIVACY","REDACTED FOR PRIVACY","REDACTED FOR PRIVACY","REDACTED FOR PRIVACY","REDACTED FOR PRIVACY","REDACTED FOR PRIVACY","REDACTED FOR PRIVACY","","REDACTED FOR PRIVACY","","","","","","","","","","","","ns1.nameisp.info","ns2.nameisp.info","","","clientTransferProhibited","","",""
"4","avacadis.com","2020-05-08 20:46:11","2020-05-07","2020-05-07","2022-05-07","146","GoDaddy.com, LLC","whois.godaddy.com","http://registrar.godaddy.com","Amiradts Group Pvt Ltd.","Amiradts Group Pvt Ltd.","","","Trincomalee","","Sri Lanka","","","","","","","","","","","","","","","","","","","","","","","","","","","","","","","","","","ns53.domaincontrol.com","ns54.domaincontrol.com","","","clientDeleteProhibited","clientRenewProhibited","clientTransferProhibited","clientUpdateProhibited"
"5","ayselint.com","2020-05-08 19:54:03","2020-05-07","2020-05-07","2021-05-07","303","PDR Ltd. d/b/a PublicDomainRegistry.com","whois.publicdomainregistry.com","http://www.publicdomainregistry.com","Lahsan","ideabase","No 99, Galle Road,","Colombo 05","Colombo","00400","Sri Lanka","ayselfuture@gmail.com","+94.7738808","","Lahsan","ideabase","No 99, Galle Road,","Colombo 05","Colombo","00400","Sri Lanka","ayselfuture@gmail.com","+94.7738808","","Lahsan","ideabase","No 99, Galle Road,","Colombo 05","Colombo","00400","Sri Lanka","ayselfuture@gmail.com","+94.7738808","","","","","","","","","","","","ns1377.websitewelcome.com","ns1378.websitewelcome.com","","","clientTransferProhibited","","",""
"6","bathalegalavillege.com","2020-05-08 20:47:23","2020-05-07","2020-05-07","2021-05-07","146","GoDaddy.com, LLC","whois.godaddy.com","http://registrar.godaddy.com","touarism and hotel","touarism and hotel","","","Kegalle","","Sri Lanka","","","","","","","","","","","","","","","","","","","","","","","","","","","","","","","","","","ns53.domaincontrol.com","ns54.domaincontrol.com","","","clientDeleteProhibited","clientRenewProhibited","clientTransferProhibited","clientUpdateProhibited"
"7","bbcsuper.com","2020-05-08 19:58:17","2020-05-07","2020-05-07","2021-05-07","146","GoDaddy.com, LLC","whois.godaddy.com","http://registrar.godaddy.com","touarism and hotel","touarism and hotel","","","Kegalle","","Sri Lanka","","","","","","","","","","","","","","","","","","","","","","","","","","","","","","","","","","ns53.domaincontrol.com","ns54.domaincontrol.com","","","clientDeleteProhibited","clientRenewProhibited","clientTransferProhibited","clientUpdateProhibited"
"8","bestpartslk.com","2020-05-08 20:37:52","2020-05-07","2020-05-07","2021-05-07","303","PDR Ltd. d/b/a PublicDomainRegistry.com","whois.publicdomainregistry.com","http://www.publicdomainregistry.com","Best Parts","Best Parts LK","Kaduwela","Colombo","Western","10640","Sri Lanka","bestpartstube@gmail.com","+94.94718580171","","Best Parts","Best Parts LK","Kaduwela","Colombo","Western","10640","Sri Lanka","bestpartstube@gmail.com","+94.94718580171","","Best Parts","Best Parts LK","Kaduwela","Colombo","Western","10640","Sri Lanka","bestpartstube@gmail.com","+94.94718580171","","","","","","","","","","","","ns1.bestpartslk.com","ns2.bestpartslk.com","","","clientTransferProhibited","","",""
"9","bigbaag.com","2020-05-08 19:27:47","2020-05-07","2020-05-07","2021-05-07","303","PDR Ltd. d/b/a PublicDomainRegistry.com","whois.publicdomainregistry.com","http://www.publicdomainregistry.com","SHAMIL jaufer","","No. 562 Galle Road","Colombo 3","WESTERN PROVINCE","00300","Sri Lanka","shaenator@gmail.com","+94.777820613","","SHAMIL jaufer","","No. 562 Galle Road","Colombo 3","WESTERN PROVINCE","00300","Sri Lanka","shaenator@gmail.com","+94.777820613","","SHAMIL jaufer","","No. 562 Galle Road","Colombo 3","WESTERN PROVINCE","00300","Sri Lanka","shaenator@gmail.com","+94.777820613","","","","","","","","","","","","dns1.provider.lk","dns2.provider.lk","","","clientTransferProhibited","","",""
"10","borichchi.com","2020-05-08 20:38:07","2020-05-07","2020-05-07","2021-05-07","146","GoDaddy.com, LLC","whois.godaddy.com","http://registrar.godaddy.com","Gfella Inc.","Gfella Inc.","","","Western","","Sri Lanka","","","","","","","","","","","","","","","","","","","","","","","","","","","","","","","","","","ns11.domaincontrol.com","ns12.domaincontrol.com","","","clientDeleteProhibited","clientRenewProhibited","clientTransferProhibited","clientUpdateProhibited"
"11","cargillsonline.com","2020-05-08 20:54:44","2020-05-07","2020-05-07","2021-05-07","146","GoDaddy.com, LLC","whois.godaddy.com","http://registrar.godaddy.com","Kalbe","Kalbe","","","Western","","Sri Lanka","","","","","","","","","","","","","","","","","","","","","","","","","","","","","","","","","","ns35.domaincontrol.com","ns36.domaincontrol.com","","","clientDeleteProhibited","clientRenewProhibited","clientTransferProhibited","clientUpdateProhibited"
"12","ceylonline.com","2020-05-08 19:24:04","2020-05-07","2020-05-07","2021-05-07","146","GoDaddy.com, LLC","whois.godaddy.com","http://registrar.godaddy.com","","","","","Polonnaruwa","","Sri Lanka","","","","","","","","","","","","","","","","","","","","","","","","","","","","","","","","","","ns37.domaincontrol.com","ns38.domaincontrol.com","","","clientDeleteProhibited","clientRenewProhibited","clientTransferProhibited","clientUpdateProhibited"
"13","ceylontravelplan.com","2020-05-08 20:49:17","2020-05-07","2020-05-07","2021-05-07","146","GoDaddy.com, LLC","whois.godaddy.com","http://registrar.godaddy.com","","","","","Western Province","","Sri Lanka","","","","","","","","","","","","","","","","","","","","","","","","","","","","","","","","","","ns53.domaincontrol.com","ns54.domaincontrol.com","","","clientDeleteProhibited","clientRenewProhibited","clientTransferProhibited","clientUpdateProhibited"
"14","cfoaspect.com","2020-05-08 19:25:31","2020-05-07","2020-05-07","2021-05-07","146","GoDaddy.com, LLC","whois.godaddy.com","http://registrar.godaddy.com","","","","","Colombo","","Sri Lanka","","","","","","","","","","","","","","","","","","","","","","","","","","","","","","","","","","ns11.domaincontrol.com","ns12.domaincontrol.com","","","clientDeleteProhibited","clientRenewProhibited","clientTransferProhibited","clientUpdateProhibited"
"15","circuitmaniac.com","2020-05-08 20:31:50","2020-05-07","2020-05-07","2021-05-07","146","GoDaddy.com, LLC","whois.godaddy.com","http://registrar.godaddy.com","","","","","North Central","","Sri Lanka","","","","","","","","","","","","","","","","","","","","","","","","","","","","","","","","","","curt.ns.cloudflare.com","leanna.ns.cloudflare.com","","","clientDeleteProhibited","clientRenewProhibited","clientTransferProhibited","clientUpdateProhibited"
"16","clivereedbooks.com","2020-05-08 19:57:48","2020-05-07","2020-05-07","2021-05-07","303","PDR Ltd. d/b/a PublicDomainRegistry.com","whois.publicdomainregistry.com","http://www.publicdomainregistry.com","Lakmal Pattapola","","22/1/B Ranundeniya rd, Kiribathkumbura","Kandy","Central","20000","Sri Lanka","designplat4m@gmail.com","+94.94774331268","","Lakmal Pattapola","","22/1/B Ranundeniya rd, Kiribathkumbura","Kandy","Central","20000","Sri Lanka","designplat4m@gmail.com","+94.94774331268","","Lakmal Pattapola","","22/1/B Ranundeniya rd, Kiribathkumbura","Kandy","Central","20000","Sri Lanka","designplat4m@gmail.com","+94.94774331268","","","","","","","","","","","","ns1-lion.vivawebhost.com","ns2-lion.vivawebhost.com","","","clientTransferProhibited","","",""
"17","codxonic.biz","2020-05-08 15:26:07","2020-05-07","2020-05-08","2021-05-07","146","GoDaddy.com, LLC","whois.godaddy.com","http://registrar.godaddy.com","","","","","North Western","","Sri Lanka","","","","","","","","","","","","","","","","","","","","","","","","","","","","","","","","","","ns-1066.awsdns-05.org","ns-1672.awsdns-17.co.uk","ns-382.awsdns-47.com","ns-779.awsdns-33.net","addPeriod","clientDeleteProhibited","clientRenewProhibited","clientTransferProhibited"
"18","connexit.club","2020-05-09 00:51:19","2020-05-06","2020-05-06","2021-05-06","146","GoDaddy.com, LLC","whois.godaddy.com","http://registrar.godaddy.com","Lasitha OU","Lasitha OU","","","Kandy","","Sri Lanka","","","","","","","","","","","","","","","","","","","","","","","","","","","","","","","","","","ns31.domaincontrol.com","ns32.domaincontrol.com","","","addPeriod","clientDeleteProhibited","clientRenewProhibited","clientTransferProhibited"
"19","desilvaexports.com","2020-05-08 21:02:08","2020-05-07","2020-05-07","2021-05-07","146","GoDaddy.com, LLC","whois.godaddy.com","http://registrar.godaddy.com","De Silva Trading","De Silva Trading","","","Colombo","","Sri Lanka","","","","","","","","","","","","","","","","","","","","","","","","","","","","","","","","","","ns35.domaincontrol.com","ns36.domaincontrol.com","","","clientDeleteProhibited","clientRenewProhibited","clientTransferProhibited","clientUpdateProhibited"
"20","dmnchinthaka.com","2020-05-08 21:07:03","2020-05-07","2020-05-07","2021-05-07","303","PDR Ltd. d/b/a PublicDomainRegistry.com","whois.publicdomainregistry.com","http://www.publicdomainregistry.com","D.M.N. Chinthaka","no","31, Minipuragama, Maligawila. Moneragala. 0","Moneragala","Western","00100","Sri Lanka","dmnchinthaka@gmail.com","+94.0710134610","","D.M.N. Chinthaka","no","31, Minipuragama, Maligawila. Moneragala. 0","Moneragala","Western","00100","Sri Lanka","dmnchinthaka@gmail.com","+94.0710134610","","D.M.N. Chinthaka","no","31, Minipuragama, Maligawila. Moneragala. 0","Moneragala","Western","00100","Sri Lanka","dmnchinthaka@gmail.com","+94.0710134610","","","","","","","","","","","","dns54.lankahost.net","dns55.lankahost.net","","","clientTransferProhibited","","",""
"21","ecliniclk.com","2020-05-08 19:39:14","2020-05-07","2020-05-07","2021-05-07","146","GoDaddy.com, LLC","whois.godaddy.com","http://registrar.godaddy.com","Cinedreams (PVT) Ltd","Cinedreams (PVT) Ltd","","","Colombo","","Sri Lanka","","","","","","","","","","","","","","","","","","","","","","","","","","","","","","","","","","ns37.domaincontrol.com","ns38.domaincontrol.com","","","clientDeleteProhibited","clientRenewProhibited","clientTransferProhibited","clientUpdateProhibited"
"22","epatashala.net","2020-05-08 19:03:06","2020-05-06","2020-05-06","2021-05-06","303","PDR Ltd. d/b/a PublicDomainRegistry.com","whois.publicdomainregistry.com","http://www.publicdomainregistry.com","Prasanna K D M","Tandy Electronics","141/B, Pragathi mawatha Nagoda Kalutara","Kalutara","Kalutara","12000","Sri Lanka","tandy.electronics@gmail.com","+94.777595959","","Prasanna K D M","Tandy Electronics","141/B, Pragathi mawatha Nagoda Kalutara","Kalutara","Kalutara","12000","Sri Lanka","tandy.electronics@gmail.com","+94.777595959","","Prasanna K D M","Tandy Electronics","141/B, Pragathi mawatha Nagoda Kalutara","Kalutara","Kalutara","12000","Sri Lanka","tandy.electronics@gmail.com","+94.777595959","","","","","","","","","","","","ns1.digitalocean.com","ns2.digitalocean.com","","","clientTransferProhibited","","",""
"23","esiphala.com","2020-05-08 20:55:44","2020-05-07","2020-05-07","2021-05-07","146","GoDaddy.com, LLC","whois.godaddy.com","http://registrar.godaddy.com","","","","","Polonnaruwa","","Sri Lanka","","","","","","","","","","","","","","","","","","","","","","","","","","","","","","","","","","ns75.domaincontrol.com","ns76.domaincontrol.com","","","clientDeleteProhibited","clientRenewProhibited","clientTransferProhibited","clientUpdateProhibited"
"24","fahadcader.win","2020-05-08 22:33:23","2020-05-07","","2021-05-07","3775","ALIBABA.COM SINGAPORE E-COMMERCE PRIVATE LIMITED","","","Fahad PLC","Fahad PLC","","","Western","","Sri Lanka","","","","","","","","","","","","","","","","","","","","","","","","","","","","","","","","","","ns7.alidns.com","ns8.alidns.com","","","addPeriod","ok","",""
"25","fixeduptech.com","2020-05-08 19:57:57","2020-05-07","2020-05-07","2021-05-07","303","PDR Ltd. d/b/a PublicDomainRegistry.com","whois.publicdomainregistry.com","http://www.publicdomainregistry.com","Samuel Richardson","Daddys Solutions","No. 22, Textiles Colony, Kadirana, Demanhandiya.","Negombo","Gampaha","11270","Sri Lanka","therickyrichard@gmail.com","+94.772773318","","Samuel Richardson","Daddys Solutions","No. 22, Textiles Colony, Kadirana, Demanhandiya.","Negombo","Gampaha","11270","Sri Lanka","therickyrichard@gmail.com","+94.772773318","","Samuel Richardson","Daddys Solutions","No. 22, Textiles Colony, Kadirana, Demanhandiya.","Negombo","Gampaha","11270","Sri Lanka","therickyrichard@gmail.com","+94.772773318","","","","","","","","","","","","ns1.bh-76.webhostbox.net","ns2.bh-76.webhostbox.net","","","clientTransferProhibited","","",""
"26","flybuysl.com","2020-05-08 20:46:16","2020-05-07","2020-05-08","2021-05-07","886","Domain.com, LLC","whois.domain.com","http://www.domain.com","REDACTED FOR PRIVACY","REDACTED FOR PRIVACY","REDACTED FOR PRIVACY","REDACTED FOR PRIVACY","NA","REDACTED FOR PRIVACY","Sri Lanka","","REDACTED FOR PRIVACY","REDACTED FOR PRIVACY","REDACTED FOR PRIVACY","REDACTED FOR PRIVACY","REDACTED FOR PRIVACY","REDACTED FOR PRIVACY","REDACTED FOR PRIVACY","REDACTED FOR PRIVACY","REDACTED FOR PRIVACY","","REDACTED FOR PRIVACY","REDACTED FOR PRIVACY","REDACTED FOR PRIVACY","REDACTED FOR PRIVACY","REDACTED FOR PRIVACY","REDACTED FOR PRIVACY","REDACTED FOR PRIVACY","REDACTED FOR PRIVACY","REDACTED FOR PRIVACY","","REDACTED FOR PRIVACY","REDACTED FOR PRIVACY","","","","","","","","","","","ns1.domain.com","ns2.domain.com","ns75.domaincontrol.com","ns76.domaincontrol.com","OK","","",""
"27","fo-ha.com","2020-05-08 19:55:47","2020-05-07","2020-05-07","2021-05-07","146","GoDaddy.com, LLC","whois.godaddy.com","http://registrar.godaddy.com","","","","","Kalutara","","Sri Lanka","","","","","","","","","","","","","","","","","","","","","","","","","","","","","","","","","","ns53.domaincontrol.com","ns54.domaincontrol.com","","","clientDeleteProhibited","clientRenewProhibited","clientTransferProhibited","clientUpdateProhibited"
"28","fujiinnovations.com","2020-05-08 20:46:57","2020-05-07","2020-05-07","2021-05-07","303","PDR Ltd. d/b/a PublicDomainRegistry.com","whois.publicdomainregistry.com","http://www.publicdomainregistry.com","Manoj Chamarindu","Bell Solutions","9/6 Vihara mawatha","Kelaniya","Western","11600","Sri Lanka","wpmanojc@gmail.com","+94.94112987654","","Manoj Chamarindu","Bell Solutions","9/6 Vihara mawatha","Kelaniya","Western","11600","Sri Lanka","wpmanojc@gmail.com","+94.94112987654","","Manoj Chamarindu","Bell Solutions","9/6 Vihara mawatha","Kelaniya","Western","11600","Sri Lanka","wpmanojc@gmail.com","+94.94112987654","","","","","","","","","","","","elma.ns.cloudflare.com","marek.ns.cloudflare.com","","","clientTransferProhibited","","",""
"29","girlsfashionhub.com","2020-05-08 20:59:53","2020-05-07","2020-05-07","2021-05-07","146","GoDaddy.com, LLC","whois.godaddy.com","http://registrar.godaddy.com","Emask Digital","Emask Digital","","","Western","","Sri Lanka","","","","","","","","","","","","","","","","","","","","","","","","","","","","","","","","","","ns35.domaincontrol.com","ns36.domaincontrol.com","","","clientDeleteProhibited","clientRenewProhibited","clientTransferProhibited","clientUpdateProhibited"
"30","globalmaritimelanka.com","2020-05-08 20:16:47","2020-05-06","2020-05-06","2021-05-06","146","GoDaddy.com, LLC","whois.godaddy.com","http://registrar.godaddy.com","NONE","NONE","","","western","","Sri Lanka","","","","","","","","","","","","","","","","","","","","","","","","","","","","","","","","","","ns1.srilankahost.net","ns2.srilankahost.net","","","clientDeleteProhibited","clientRenewProhibited","clientTransferProhibited","clientUpdateProhibited"
"31","globetravelwayfarer.com","2020-05-08 19:26:05","2020-05-07","2020-05-07","2021-05-07","303","PDR Ltd. d/b/a PublicDomainRegistry.com","whois.publicdomainregistry.com","http://www.publicdomainregistry.com","Thuvaragan Sathiabalan","Thuvaragan Sathiabalan","321 Brown Road","Jaffna","Northern","40000","Sri Lanka","globetravelwayfarer@gmail.com","+94.770500857","","Thuvaragan Sathiabalan","Thuvaragan Sathiabalan","321 Brown Road","Jaffna","Northern","40000","Sri Lanka","globetravelwayfarer@gmail.com","+94.770500857","","Thuvaragan Sathiabalan","Thuvaragan Sathiabalan","321 Brown Road","Jaffna","Northern","40000","Sri Lanka","globetravelwayfarer@gmail.com","+94.770500857","","","","","","","","","","","","ns1.dns-parking.com","ns2.dns-parking.com","","","clientTransferProhibited","","",""
"32","greeno-go.com","2020-05-08 20:40:18","2020-05-07","2020-05-07","2021-05-07","146","GoDaddy.com, LLC","whois.godaddy.com","http://registrar.godaddy.com","kuttyblacky","kuttyblacky","","","Ampara","","Sri Lanka","","","","","","","","","","","","","","","","","","","","","","","","","","","","","","","","","","ns37.domaincontrol.com","ns38.domaincontrol.com","","","clientDeleteProhibited","clientRenewProhibited","clientTransferProhibited","clientUpdateProhibited"
"33","hikkaduwa.city","2020-05-08 18:59:15","2020-05-06","2020-05-06","2021-05-06","146","GoDaddy.com, LLC","whois.godaddy.com","http://registrar.godaddy.com","REDACTED FOR PRIVACY","Artlib","REDACTED FOR PRIVACY","REDACTED FOR PRIVACY","","REDACTED FOR PRIVACY","Sri Lanka","","REDACTED FOR PRIVACY","REDACTED FOR PRIVACY","","","","","","","","","","","","","","","","","","","","","","","","","","","","","","","","","","","addPeriod","clientDeleteProhibited","clientRenewProhibited","clientTransferProhibited"
"34","imarketfund.com","2020-05-08 19:54:41","2020-05-07","2020-05-07","2022-05-07","146","GoDaddy.com, LLC","whois.godaddy.com","http://registrar.godaddy.com","","","","","western","","Sri Lanka","","","","","","","","","","","","","","","","","","","","","","","","","","","","","","","","","","ns11.domaincontrol.com","ns12.domaincontrol.com","","","clientDeleteProhibited","clientRenewProhibited","clientTransferProhibited","clientUpdateProhibited"
"35","insuredlifecare.com","2020-05-08 20:33:04","2020-05-07","2020-05-07","2021-05-07","440","Wild West Domains, LLC","whois.wildwestdomains.com","http://www.wildwestdomains.com","iSoft Lanka","iSoft Lanka","","","Weston Province","","Sri Lanka","","","","","","","","","","","","","","","","","","","","","","","","","","","","","","","","","","ns1.bh-ht-5.webhostbox.net","ns2.bh-ht-5.webhostbox.net","","","clientDeleteProhibited","clientRenewProhibited","clientTransferProhibited","clientUpdateProhibited"
"36","jerifarm.com","2020-05-08 21:06:16","2020-05-07","2020-05-07","2021-05-07","146","GoDaddy.com, LLC","whois.godaddy.com","http://registrar.godaddy.com","Jeri Farm","Jeri Farm","","","Sri Lanka","","Sri Lanka","","","","","","","","","","","","","","","","","","","","","","","","","","","","","","","","","","ns1.umkserver.com","ns2.umkserver.com","","","clientDeleteProhibited","clientRenewProhibited","clientTransferProhibited","clientUpdateProhibited"
"37","kofemint.com","2020-05-08 19:30:53","2020-05-07","2020-05-07","2021-05-07","303","PDR Ltd. d/b/a PublicDomainRegistry.com","whois.publicdomainregistry.com","http://www.publicdomainregistry.com","Habeeb Ur Rahuman","The Job Net Glbal Ltd","Darly Road, 445/3 null null","Colombo","2088","00010","Sri Lanka","netqatar@gmail.com","+94.722210111","","Habeeb Ur Rahuman","The Job Net Glbal Ltd","Darly Road, 445/3 null null","Colombo","2088","00010","Sri Lanka","netqatar@gmail.com","+94.722210111","","Habeeb Ur Rahuman","The Job Net Glbal Ltd","Darly Road, 445/3 null null","Colombo","2088","00010","Sri Lanka","netqatar@gmail.com","+94.722210111","","","","","","","","","","","","ns1.bh-ht-12.webhostbox.net","ns2.bh-ht-12.webhostbox.net","","","clientTransferProhibited","","",""
"38","lakmaldesigns.com","2020-05-08 21:08:17","2020-05-06","2020-05-06","2021-05-06","303","PDR Ltd. d/b/a PublicDomainRegistry.com","whois.publicdomainregistry.com","http://www.publicdomainregistry.com","Lakmal Pattapola","","22/1/B Ranundeniya rd, Kiribathkumbura","Kandy","Central","20000","Sri Lanka","designplat4m@gmail.com","+94.94774331268","","Lakmal Pattapola","","22/1/B Ranundeniya rd, Kiribathkumbura","Kandy","Central","20000","Sri Lanka","designplat4m@gmail.com","+94.94774331268","","Lakmal Pattapola","","22/1/B Ranundeniya rd, Kiribathkumbura","Kandy","Central","20000","Sri Lanka","designplat4m@gmail.com","+94.94774331268","","","","","","","","","","","","ns1-lion.vivawebhost.com","ns2-lion.vivawebhost.com","","","clientTransferProhibited","","",""
"39","lankadrophub.com","2020-05-08 20:46:11","2020-05-07","2020-05-07","2022-05-07","1154","FastDomain Inc.","whois.fastdomain.com","http://www.fastdomain.com","LADS NISHANTHA","","10/3 D","PILIYANDALA","","10300","Sri Lanka","onlinemalupola@gmail.com","+94.763212150","","LADS NISHANTHA","","10/3 D","PILIYANDALA","","10300","Sri Lanka","onlinemalupola@gmail.com","+94.763212150","","BLUEHOST INC","BLUEHOST.COM","550 E TIMPANOGOS PKWY","OREM","UTAH","84097","United States","domain@redl.ca","+1.8017659400","+1.8017651992","","","","","","","","","","","ns1.bluehost.com","ns2.bluehost.com","","","clientTransferProhibited","","",""
"40","lankaexams.com","2020-05-08 19:27:45","2020-05-07","2020-05-07","2021-05-07","303","PDR Ltd. d/b/a PublicDomainRegistry.com","whois.publicdomainregistry.com","http://www.publicdomainregistry.com","Chaturanga Bandara","","87, Fairland Estate Uda Eriyagama","Peradeniya","Central Province","20400","Sri Lanka","chaturanga87@gmail.com","+94.719002630","","Chaturanga Bandara","","87, Fairland Estate Uda Eriyagama","Peradeniya","Central Province","20400","Sri Lanka","chaturanga87@gmail.com","+94.719002630","","Chaturanga Bandara","","87, Fairland Estate Uda Eriyagama","Peradeniya","Central Province","20400","Sri Lanka","chaturanga87@gmail.com","+94.719002630","","","","","","","","","","","","dns1.provider.lk","dns2.provider.lk","","","clientTransferProhibited","","",""
"41","lankaonlinestore.com","2020-05-08 19:54:54","2020-05-07","2020-05-07","2021-05-07","146","GoDaddy.com, LLC","whois.godaddy.com","http://registrar.godaddy.com","","","","","Sri Lanka","","Sri Lanka","","","","","","","","","","","","","","","","","","","","","","","","","","","","","","","","","","ns1.freehosting.com","ns2.freehosting.com","","","OK","","",""
"42","lifeofwaste.com","2020-05-08 19:27:12","2020-05-07","2020-05-07","2021-05-07","303","PDR Ltd. d/b/a PublicDomainRegistry.com","whois.publicdomainregistry.com","http://www.publicdomainregistry.com","Iroshan Kulatunga","COEXIN BRANDCOM","124/A,Beach Road, Polhena,","Matara","Southern Province","81000","Sri Lanka","iroshank@gmail.com","+94.0773849056","","Iroshan Kulatunga","COEXIN BRANDCOM","124/A,Beach Road, Polhena,","Matara","Southern Province","81000","Sri Lanka","iroshank@gmail.com","+94.0773849056","","Iroshan Kulatunga","COEXIN BRANDCOM","124/A,Beach Road, Polhena,","Matara","Southern Province","81000","Sri Lanka","iroshank@gmail.com","+94.0773849056","","","","","","","","","","","","ns1.lankahost.net","ns2.lankahost.net","","","clientTransferProhibited","","",""
"43","momostations.com","2020-05-08 20:48:50","2020-05-07","2020-05-07","2021-05-07","146","GoDaddy.com, LLC","whois.godaddy.com","http://registrar.godaddy.com","","","","","Colombotern","","Sri Lanka","","","","","","","","","","","","","","","","","","","","","","","","","","","","","","","","","","ns53.domaincontrol.com","ns54.domaincontrol.com","","","clientDeleteProhibited","clientRenewProhibited","clientTransferProhibited","clientUpdateProhibited"
"44","mservicebox.com","2020-05-08 20:04:29","2020-05-06","2020-05-06","2025-05-06","146","GoDaddy.com, LLC","whois.godaddy.com","http://registrar.godaddy.com","Premium Software Solutions","Premium Software Solutions","","","Western","","Sri Lanka","","","","","","","","","","","","","","","","","","","","","","","","","","","","","","","","","","ns-1319.awsdns-36.org","ns-1979.awsdns-55.co.uk","ns-294.awsdns-36.com","ns-919.awsdns-50.net","clientDeleteProhibited","clientRenewProhibited","clientTransferProhibited","clientUpdateProhibited"
"45","mttserver.com","2020-05-08 19:27:16","2020-05-07","2020-05-07","2021-05-07","303","PDR Ltd. d/b/a PublicDomainRegistry.com","whois.publicdomainregistry.com","http://www.publicdomainregistry.com","Manoj Nilantha Perera","","60/17, Malalage Mw, Dharamarama Rd Malamulla","Panadura","Western","00100","Sri Lanka","umnperera1@gmail.com","+94.765383500","","Manoj Nilantha Perera","","60/17, Malalage Mw, Dharamarama Rd Malamulla","Panadura","Western","00100","Sri Lanka","umnperera1@gmail.com","+94.765383500","","Manoj Nilantha Perera","","60/17, Malalage Mw, Dharamarama Rd Malamulla","Panadura","Western","00100","Sri Lanka","umnperera1@gmail.com","+94.765383500","","","","","","","","","","","","dns54.lankahost.net","dns55.lankahost.net","","","clientTransferProhibited","","",""
"46","myhattonlk.com","2020-05-08 20:25:59","2020-05-06","2020-05-06","2021-05-06","886","Domain.com, LLC","whois.domain.com","http://www.domain.com","REDACTED FOR PRIVACY","REDACTED FOR PRIVACY","REDACTED FOR PRIVACY","REDACTED FOR PRIVACY","NA","REDACTED FOR PRIVACY","Sri Lanka","","REDACTED FOR PRIVACY","REDACTED FOR PRIVACY","REDACTED FOR PRIVACY","REDACTED FOR PRIVACY","REDACTED FOR PRIVACY","REDACTED FOR PRIVACY","REDACTED FOR PRIVACY","REDACTED FOR PRIVACY","REDACTED FOR PRIVACY","","REDACTED FOR PRIVACY","REDACTED FOR PRIVACY","REDACTED FOR PRIVACY","REDACTED FOR PRIVACY","REDACTED FOR PRIVACY","REDACTED FOR PRIVACY","REDACTED FOR PRIVACY","REDACTED FOR PRIVACY","REDACTED FOR PRIVACY","","REDACTED FOR PRIVACY","REDACTED FOR PRIVACY","","","","","","","","","","","ns1.ipage.com","ns2.ipage.com","","","","","",""
"47","mysolotraveller.info","2020-05-09 00:42:22","2020-05-07","2020-05-07","2021-05-07","146","GoDaddy.com, LLC","whois.godaddy.com","http://registrar.godaddy.com","lokka","lokka","","","Gampahawestern","","Sri Lanka","","","","","","","","","","","","","","","","","","","","","","","","","","","","","","","","","","ns1.bluehost.com","ns2.bluehost.com","","","addPeriod","clientDeleteProhibited","clientRenewProhibited","clientTransferProhibited"
"48","negombofoods.com","2020-05-08 20:47:22","2020-05-07","2020-05-07","2021-05-07","146","GoDaddy.com, LLC","whois.godaddy.com","http://registrar.godaddy.com","","","","","Gampaha","","Sri Lanka","","","","","","","","","","","","","","","","","","","","","","","","","","","","","","","","","","ns6199.hostgator.com","ns6200.hostgator.com","","","clientDeleteProhibited","clientRenewProhibited","clientTransferProhibited","clientUpdateProhibited"
"49","niswarbadhibi.com","2020-05-08 19:56:27","2020-05-07","2020-05-07","2021-05-07","146","GoDaddy.com, LLC","whois.godaddy.com","http://registrar.godaddy.com","kandyansoft","kandyansoft","","","ce","","Sri Lanka","","","","","","","","","","","","","","","","","","","","","","","","","","","","","","","","","","ns1.fastserver.club","ns2.fastserver.club","","","clientDeleteProhibited","clientRenewProhibited","clientTransferProhibited","clientUpdateProhibited"
"50","paranacar.com","2020-05-08 19:41:22","2020-05-07","2020-05-07","2021-05-07","69","Tucows Domains Inc.","whois.tucows.com","http://domainhelp.opensrs.net","REDACTED FOR PRIVACY","REDACTED FOR PRIVACY","REDACTED FOR PRIVACY","REDACTED FOR PRIVACY","WP","REDACTED FOR PRIVACY","Sri Lanka","","REDACTED FOR PRIVACY","REDACTED FOR PRIVACY","REDACTED FOR PRIVACY","REDACTED FOR PRIVACY","REDACTED FOR PRIVACY","REDACTED FOR PRIVACY","REDACTED FOR PRIVACY","REDACTED FOR PRIVACY","REDACTED FOR PRIVACY","","REDACTED FOR PRIVACY","REDACTED FOR PRIVACY","REDACTED FOR PRIVACY","REDACTED FOR PRIVACY","REDACTED FOR PRIVACY","REDACTED FOR PRIVACY","REDACTED FOR PRIVACY","REDACTED FOR PRIVACY","REDACTED FOR PRIVACY","","REDACTED FOR PRIVACY","REDACTED FOR PRIVACY","","","","","","","","","","","ns1.hosthoney.com","ns2.hosthoney.com","","","clientTransferProhibited","clientUpdateProhibited","",""
"51","sahanpanagoda.com","2020-05-08 21:04:09","2020-05-07","2020-05-07","2021-05-07","955","Launchpad, Inc.","whois.launchpad.com","http://www.launchpad.com","sahan panagoda","None","301/a welmilla","bandaragama","1","12534","Sri Lanka","sahanppanagoda35@gmail.com","+94.761590338","","sahan panagoda","None","301/a welmilla","bandaragama","1","12534","Sri Lanka","sahanppanagoda35@gmail.com","+94.761590338","","sahan panagoda","None","301/a welmilla","bandaragama","1","12534","Sri Lanka","sahanppanagoda35@gmail.com","+94.761590338","","","","","","","","","","","","ns6283.hostgator.com","ns6284.hostgator.com","","","clientTransferProhibited","","",""
"52","simple360biz.com","2020-05-08 21:12:23","2020-05-06","2020-05-06","2021-05-06","146","GoDaddy.com, LLC","whois.godaddy.com","http://registrar.godaddy.com","","","","","western","","Sri Lanka","","","","","","","","","","","","","","","","","","","","","","","","","","","","","","","","","","ns37.domaincontrol.com","ns38.domaincontrol.com","","","clientDeleteProhibited","clientRenewProhibited","clientTransferProhibited","clientUpdateProhibited"
"53","simple360erp.com","2020-05-08 21:12:16","2020-05-06","2020-05-06","2021-05-06","146","GoDaddy.com, LLC","whois.godaddy.com","http://registrar.godaddy.com","","","","","western","","Sri Lanka","","","","","","","","","","","","","","","","","","","","","","","","","","","","","","","","","","jack.ns.cloudflare.com","sue.ns.cloudflare.com","","","clientDeleteProhibited","clientRenewProhibited","clientTransferProhibited","clientUpdateProhibited"
"54","slonlinediscountstore.com","2020-05-08 19:59:53","2020-05-07","2020-05-07","2021-05-07","886","Domain.com, LLC","whois.domain.com","http://www.domain.com","REDACTED FOR PRIVACY","REDACTED FOR PRIVACY","REDACTED FOR PRIVACY","REDACTED FOR PRIVACY","NA","REDACTED FOR PRIVACY","Sri Lanka","","REDACTED FOR PRIVACY","REDACTED FOR PRIVACY","REDACTED FOR PRIVACY","REDACTED FOR PRIVACY","REDACTED FOR PRIVACY","REDACTED FOR PRIVACY","REDACTED FOR PRIVACY","REDACTED FOR PRIVACY","REDACTED FOR PRIVACY","","REDACTED FOR PRIVACY","REDACTED FOR PRIVACY","REDACTED FOR PRIVACY","REDACTED FOR PRIVACY","REDACTED FOR PRIVACY","REDACTED FOR PRIVACY","REDACTED FOR PRIVACY","REDACTED FOR PRIVACY","REDACTED FOR PRIVACY","","REDACTED FOR PRIVACY","REDACTED FOR PRIVACY","","","","","","","","","","","ns1.domain.com","ns2.domain.com","","","","","",""
"55","steuartonline.com","2020-05-08 20:44:56","2020-05-07","2020-05-07","2021-05-07","146","GoDaddy.com, LLC","whois.godaddy.com","http://registrar.godaddy.com","George Steuart Optimize Pvt Ltd","George Steuart Optimize Pvt Ltd","","","Western","","Sri Lanka","","","","","","","","","","","","","","","","","","","","","","","","","","","","","","","","","","ns37.domaincontrol.com","ns38.domaincontrol.com","","","clientDeleteProhibited","clientRenewProhibited","clientTransferProhibited","clientUpdateProhibited"
"56","themediahubs.info","2020-05-09 00:40:01","2020-05-07","2020-05-07","2021-05-07","146","GoDaddy.com, LLC","whois.godaddy.com","http://registrar.godaddy.com","","","","","CMB","","Sri Lanka","","","","","","","","","","","","","","","","","","","","","","","","","","","","","","","","","","ns53.domaincontrol.com","ns54.domaincontrol.com","","","addPeriod","clientDeleteProhibited","clientRenewProhibited","clientTransferProhibited"
"57","thurumi.com","2020-05-08 19:39:00","2020-05-07","2020-05-07","2021-05-07","146","GoDaddy.com, LLC","whois.godaddy.com","http://registrar.godaddy.com","","","","","Select","","Sri Lanka","","","","","","","","","","","","","","","","","","","","","","","","","","","","","","","","","","ns35.domaincontrol.com","ns36.domaincontrol.com","","","clientDeleteProhibited","clientRenewProhibited","clientTransferProhibited","clientUpdateProhibited"
"58","timeattendancelanka.com","2020-05-08 20:46:11","2020-05-07","2020-05-07","2021-05-07","146","GoDaddy.com, LLC","whois.godaddy.com","http://registrar.godaddy.com","","","","","","","Sri Lanka","","","","","","","","","","","","","","","","","","","","","","","","","","","","","","","","","","ns53.domaincontrol.com","ns54.domaincontrol.com","","","clientDeleteProhibited","clientRenewProhibited","clientTransferProhibited","clientUpdateProhibited"
"59","tracksbyn.com","2020-05-08 20:44:53","2020-05-07","2020-05-07","2022-05-07","146","GoDaddy.com, LLC","whois.godaddy.com","http://registrar.godaddy.com","Independent","Independent","","","Colombo","","Sri Lanka","","","","","","","","","","","","","","","","","","","","","","","","","","","","","","","","","","ns75.domaincontrol.com","ns76.domaincontrol.com","","","clientDeleteProhibited","clientRenewProhibited","clientTransferProhibited","clientUpdateProhibited"
"60","trendinz.com","2020-05-08 20:47:37","2020-05-07","2020-05-07","2021-05-07","146","GoDaddy.com, LLC","whois.godaddy.com","http://registrar.godaddy.com","REye Photography","REye Photography","","","Gampaha","","Sri Lanka","","","","","","","","","","","","","","","","","","","","","","","","","","","","","","","","","","ns35.domaincontrol.com","ns36.domaincontrol.com","","","clientDeleteProhibited","clientRenewProhibited","clientTransferProhibited","clientUpdateProhibited"
"61","trioscoffee.com","2020-05-08 19:55:03","2020-05-07","2020-05-07","2021-05-07","146","GoDaddy.com, LLC","whois.godaddy.com","http://registrar.godaddy.com","TriosCoffee","TriosCoffee","","","colombo","","Sri Lanka","","","","","","","","","","","","","","","","","","","","","","","","","","","","","","","","","","ns53.domaincontrol.com","ns54.domaincontrol.com","","","clientDeleteProhibited","clientRenewProhibited","clientTransferProhibited","clientUpdateProhibited"
"62","vacadis.com","2020-05-08 20:46:11","2020-05-07","2020-05-07","2021-05-07","146","GoDaddy.com, LLC","whois.godaddy.com","http://registrar.godaddy.com","Amiradts Group Pvt Ltd.","Amiradts Group Pvt Ltd.","","","Trincomalee","","Sri Lanka","","","","","","","","","","","","","","","","","","","","","","","","","","","","","","","","","","ns35.domaincontrol.com","ns36.domaincontrol.com","","","clientDeleteProhibited","clientRenewProhibited","clientTransferProhibited","clientUpdateProhibited"
"63","withmuchluv.com","2020-05-08 20:52:31","2020-05-07","2020-05-07","2021-05-07","146","GoDaddy.com, LLC","whois.godaddy.com","http://registrar.godaddy.com","Crystal Furniture (Pvt) Ltd","Crystal Furniture (Pvt) Ltd","","","Western Province","","Sri Lanka","","","","","","","","","","","","","","","","","","","","","","","","","","","","","","","","","","ns37.domaincontrol.com","ns38.domaincontrol.com","","","OK","","",""
"64","xpras.com","2020-05-08 19:24:53","2020-05-07","2020-05-07","2021-05-07","146","GoDaddy.com, LLC","whois.godaddy.com","http://registrar.godaddy.com","","","","","Badulla","","Sri Lanka","","","","","","","","","","","","","","","","","","","","","","","","","","","","","","","","","","ns37.domaincontrol.com","ns38.domaincontrol.com","","","clientDeleteProhibited","clientRenewProhibited","clientTransferProhibited","clientUpdateProhibited"