"num","domain_name","query_time","create_date","update_date","expiry_date","domain_registrar_id","domain_registrar_name","domain_registrar_whois","domain_registrar_url","registrant_name","registrant_company","registrant_address","registrant_city","registrant_state","registrant_zip","registrant_country","registrant_email","registrant_phone","registrant_fax","administrative_name","administrative_company","administrative_address","administrative_city","administrative_state","administrative_zip","administrative_country","administrative_email","administrative_phone","administrative_fax","technical_name","technical_company","technical_address","technical_city","technical_state","technical_zip","technical_country","technical_email","technical_phone","technical_fax","billing_name","billing_company","billing_address","billing_city","billing_state","billing_zip","billing_country","billing_email","billing_phone","billing_fax","name_server_1","name_server_2","name_server_3","name_server_4","domain_status_1","domain_status_2","domain_status_3","domain_status_4"
"1","blackhalstudios.com","2020-05-08 19:58:04","2020-05-07","2020-05-07","2021-05-07","146","GoDaddy.com, LLC","whois.godaddy.com","http://registrar.godaddy.com","","","","","PORT OF SPAIN","","Trinidad and Tobago","","","","","","","","","","","","","","","","","","","","","","","","","","","","","","","","","","ns37.domaincontrol.com","ns38.domaincontrol.com","","","clientDeleteProhibited","clientRenewProhibited","clientTransferProhibited","clientUpdateProhibited"
"2","bluegro.net","2020-05-09 00:33:16","2020-05-06","2020-05-06","2021-05-06","146","GoDaddy.com, LLC","whois.godaddy.com","http://registrar.godaddy.com","","","","","Chaguanas","","Trinidad and Tobago","","","","","","","","","","","","","","","","","","","","","","","","","","","","","","","","","","ns37.domaincontrol.com","ns38.domaincontrol.com","","","clientDeleteProhibited","clientRenewProhibited","clientTransferProhibited","clientUpdateProhibited"
"3","grandsativa.com","2020-05-08 21:08:00","2020-05-07","2020-05-07","2021-05-07","146","GoDaddy.com, LLC","whois.godaddy.com","http://registrar.godaddy.com","","","","","ST George","","Trinidad and Tobago","","","","","","","","","","","","","","","","","","","","","","","","","","","","","","","","","","ns75.domaincontrol.com","ns76.domaincontrol.com","","","clientDeleteProhibited","clientRenewProhibited","clientTransferProhibited","clientUpdateProhibited"
"4","hannasadminservice.com","2020-05-08 20:49:07","2020-05-07","2020-05-07","2021-05-07","440","Wild West Domains, LLC","whois.wildwestdomains.com","http://www.wildwestdomains.com","Hannas administrative service","Hannas administrative service","","","Trinidad and Tobago","","Trinidad and Tobago","","","","","","","","","","","","","","","","","","","","","","","","","","","","","","","","","","ns11.domaincontrol.com","ns12.domaincontrol.com","","","clientDeleteProhibited","clientRenewProhibited","clientTransferProhibited","clientUpdateProhibited"
"5","hasonjolt.com","2020-05-08 19:25:57","2020-05-07","2020-05-07","2030-05-07","146","GoDaddy.com, LLC","whois.godaddy.com","http://registrar.godaddy.com","Hason Jolt","Hason Jolt","","","DC","","Trinidad and Tobago","","","","","","","","","","","","","","","","","","","","","","","","","","","","","","","","","","ns53.domaincontrol.com","ns54.domaincontrol.com","","","clientDeleteProhibited","clientRenewProhibited","clientTransferProhibited","clientUpdateProhibited"
"6","metropowers.com","2020-05-08 20:27:12","2020-05-06","2020-05-06","2021-05-06","146","GoDaddy.com, LLC","whois.godaddy.com","http://registrar.godaddy.com","Digi Data Systems Limited","Digi Data Systems Limited","","","Port of Spain","","Trinidad and Tobago","","","","","","","","","","","","","","","","","","","","","","","","","","","","","","","","","","ns75.domaincontrol.com","ns76.domaincontrol.com","","","clientDeleteProhibited","clientRenewProhibited","clientTransferProhibited","clientUpdateProhibited"
"7","nicolenimrodblake.com","2020-05-08 21:19:42","2020-05-06","2020-05-06","2021-05-06","146","GoDaddy.com, LLC","whois.godaddy.com","http://registrar.godaddy.com","","","","","PORT OF SPAIN","","Trinidad and Tobago","","","","","","","","","","","","","","","","","","","","","","","","","","","","","","","","","","ns37.domaincontrol.com","ns38.domaincontrol.com","","","clientDeleteProhibited","clientRenewProhibited","clientTransferProhibited","clientUpdateProhibited"
"8","omnlmax.com","2020-05-08 20:09:16","2020-05-06","2020-05-06","2021-05-06","146","GoDaddy.com, LLC","whois.godaddy.com","http://registrar.godaddy.com","","","","","PORT OF SPAIN","","Trinidad and Tobago","","","","","","","","","","","","","","","","","","","","","","","","","","","","","","","","","","ns11.domaincontrol.com","ns12.domaincontrol.com","","","clientDeleteProhibited","clientRenewProhibited","clientTransferProhibited","clientUpdateProhibited"
"9","upchurchglobal.com","2020-05-08 19:30:07","2020-05-06","2020-05-06","2023-05-06","1154","FastDomain Inc.","whois.fastdomain.com","http://www.fastdomain.com","JOSEPH ABRAHAM","","P.O.BOX 134","PORT OF SPAIN","","000000","Trinidad and Tobago","freedomhouseglobal@gmail.com","+1.9547627621","","JOSEPH ABRAHAM","","P.O.BOX 134","PORT OF SPAIN","","000000","Trinidad and Tobago","freedomhouseglobal@gmail.com","+1.9547627621","","BLUEHOST INC","BLUEHOST.COM","550 E TIMPANOGOS PKWY","OREM","UTAH","84097","United States","domain@redl.ca","+1.8017659400","+1.8017651992","","","","","","","","","","","ns1.bluehost.com","ns2.bluehost.com","","","clientTransferProhibited","","",""
"10","upchurchglobal.net","2020-05-09 00:24:00","2020-05-06","2020-05-06","2023-05-06","1154","FastDomain Inc.","whois.fastdomain.com","http://www.fastdomain.com","JOSEPH ABRAHAM","","P.O.BOX 134","PORT OF SPAIN","","000000","Trinidad and Tobago","freedomhouseglobal@gmail.com","+1.9547627621","","JOSEPH ABRAHAM","","P.O.BOX 134","PORT OF SPAIN","","000000","Trinidad and Tobago","freedomhouseglobal@gmail.com","+1.9547627621","","BLUEHOST INC","BLUEHOST.COM","1958 SOUTH 950 EAST","PROVO","UTAH","84606","United States","whois@bluehost.com","+1.8017659400","+1.8017651992","","","","","","","","","","","ns1.bluehost.com","ns2.bluehost.com","","","clientTransferProhibited","","",""
"11","uppointservices.com","2020-05-08 20:34:37","2020-05-07","2020-05-07","2021-05-07","146","GoDaddy.com, LLC","whois.godaddy.com","http://registrar.godaddy.com","--None--","--None--","","","New York","","Trinidad and Tobago","","","","","","","","","","","","","","","","","","","","","","","","","","","","","","","","","","ns53.domaincontrol.com","ns54.domaincontrol.com","","","clientDeleteProhibited","clientRenewProhibited","clientTransferProhibited","clientUpdateProhibited"
"12","uppointsolutions.com","2020-05-08 20:34:36","2020-05-07","2020-05-07","2021-05-07","146","GoDaddy.com, LLC","whois.godaddy.com","http://registrar.godaddy.com","--None--","--None--","","","New York","","Trinidad and Tobago","","","","","","","","","","","","","","","","","","","","","","","","","","","","","","","","","","ns11.domaincontrol.com","ns12.domaincontrol.com","","","clientDeleteProhibited","clientRenewProhibited","clientTransferProhibited","clientUpdateProhibited"
"13","uppointsourcing.com","2020-05-08 20:34:37","2020-05-07","2020-05-07","2021-05-07","146","GoDaddy.com, LLC","whois.godaddy.com","http://registrar.godaddy.com","--None--","--None--","","","New York","","Trinidad and Tobago","","","","","","","","","","","","","","","","","","","","","","","","","","","","","","","","","","ns11.domaincontrol.com","ns12.domaincontrol.com","","","clientDeleteProhibited","clientRenewProhibited","clientTransferProhibited","clientUpdateProhibited"
"14","williannys.com","2020-05-08 20:53:25","2020-05-07","2020-05-07","2021-05-07","146","GoDaddy.com, LLC","whois.godaddy.com","http://registrar.godaddy.com","","","","","Trinidad","","Trinidad and Tobago","","","","","","","","","","","","","","","","","","","","","","","","","","","","","","","","","","ns53.domaincontrol.com","ns54.domaincontrol.com","","","clientDeleteProhibited","clientRenewProhibited","clientTransferProhibited","clientUpdateProhibited"