"num","domain_name","query_time","create_date","update_date","expiry_date","domain_registrar_id","domain_registrar_name","domain_registrar_whois","domain_registrar_url","registrant_name","registrant_company","registrant_address","registrant_city","registrant_state","registrant_zip","registrant_country","registrant_email","registrant_phone","registrant_fax","administrative_name","administrative_company","administrative_address","administrative_city","administrative_state","administrative_zip","administrative_country","administrative_email","administrative_phone","administrative_fax","technical_name","technical_company","technical_address","technical_city","technical_state","technical_zip","technical_country","technical_email","technical_phone","technical_fax","billing_name","billing_company","billing_address","billing_city","billing_state","billing_zip","billing_country","billing_email","billing_phone","billing_fax","name_server_1","name_server_2","name_server_3","name_server_4","domain_status_1","domain_status_2","domain_status_3","domain_status_4"
"1","100porcientonatural.com","2020-05-08 19:19:26","2020-05-07","2020-05-07","2021-05-07","146","GoDaddy.com, LLC","whois.godaddy.com","http://registrar.godaddy.com","Fruityware","Fruityware","","","Montevideo","","Uruguay","","","","","","","","","","","","","","","","","","","","","","","","","","","","","","","","","","ns53.domaincontrol.com","ns54.domaincontrol.com","","","clientDeleteProhibited","clientRenewProhibited","clientTransferProhibited","clientUpdateProhibited"
"2","abpropiedades.com","2020-05-08 21:19:18","2020-05-06","2020-05-06","2021-05-06","146","GoDaddy.com, LLC","whois.godaddy.com","http://registrar.godaddy.com","AB Grupo Inmobiliario","AB Grupo Inmobiliario","","","Montevideo","","Uruguay","","","","","","","","","","","","","","","","","","","","","","","","","","","","","","","","","","ns53.domaincontrol.com","ns54.domaincontrol.com","","","clientDeleteProhibited","clientRenewProhibited","clientTransferProhibited","clientUpdateProhibited"
"3","bbqpositos.com","2020-05-08 20:55:39","2020-05-07","2020-05-07","2022-05-07","146","GoDaddy.com, LLC","whois.godaddy.com","http://registrar.godaddy.com","ARCADIAN S.R.L","ARCADIAN S.R.L","","","Montevideo","","Uruguay","","","","","","","","","","","","","","","","","","","","","","","","","","","","","","","","","","ns37.domaincontrol.com","ns38.domaincontrol.com","","","clientDeleteProhibited","clientRenewProhibited","clientTransferProhibited","clientUpdateProhibited"
"4","borderdfa.com","2020-05-08 21:04:11","2020-05-07","2020-05-07","2021-05-07","303","PDR Ltd. d/b/a PublicDomainRegistry.com","whois.publicdomainregistry.com","http://www.publicdomainregistry.com","Diana  Ramundey","","Paysandu 1443/102","Montevideo","Montevideo","11200","Uruguay","dianaramundey@gmail.com","+598.093723657","","Diana  Ramundey","","Paysandu 1443/102","Montevideo","Montevideo","11200","Uruguay","dianaramundey@gmail.com","+598.093723657","","Diana  Ramundey","","Paysandu 1443/102","Montevideo","Montevideo","11200","Uruguay","dianaramundey@gmail.com","+598.093723657","","","","","","","","","","","","ns1.servidorlinux12.com","ns2.servidorlinux12.com","","","clientTransferProhibited","","",""
"5","bordermacanudo.com","2020-05-08 21:04:11","2020-05-07","2020-05-07","2021-05-07","303","PDR Ltd. d/b/a PublicDomainRegistry.com","whois.publicdomainregistry.com","http://www.publicdomainregistry.com","Diana  Ramundey","","Paysandu 1443/102","Montevideo","Montevideo","11200","Uruguay","dianaramundey@gmail.com","+598.093723657","","Diana  Ramundey","","Paysandu 1443/102","Montevideo","Montevideo","11200","Uruguay","dianaramundey@gmail.com","+598.093723657","","Diana  Ramundey","","Paysandu 1443/102","Montevideo","Montevideo","11200","Uruguay","dianaramundey@gmail.com","+598.093723657","","","","","","","","","","","","ns1.servidorlinux12.com","ns2.servidorlinux12.com","","","clientTransferProhibited","","",""
"6","capileauruguay.com","2020-05-08 21:18:30","2020-05-06","2020-05-06","2021-05-06","146","GoDaddy.com, LLC","whois.godaddy.com","http://registrar.godaddy.com","GANISOL S.A.","GANISOL S.A.","","","Not Applicable","","Uruguay","","","","","","","","","","","","","","","","","","","","","","","","","","","","","","","","","","ns1.montevideo.com.uy","ns2.montevideo.com.uy","","","clientDeleteProhibited","clientRenewProhibited","clientTransferProhibited","clientUpdateProhibited"
"7","ciceronehoteles.com","2020-05-08 20:04:23","2020-05-06","2020-05-06","2021-05-06","303","PDR Ltd. d/b/a PublicDomainRegistry.com","whois.publicdomainregistry.com","http://www.publicdomainregistry.com","Picaporte Design","","Garcia Lorca 1104 Ap 122","Montevideo","Montevideo","00000","Uruguay","creative@picaportedesign.com","+598.95892297","","Picaporte Design","","Garcia Lorca 1104 Ap 122","Montevideo","Montevideo","00000","Uruguay","creative@picaportedesign.com","+598.95892297","","Picaporte Design","","Garcia Lorca 1104 Ap 122","Montevideo","Montevideo","00000","Uruguay","creative@picaportedesign.com","+598.95892297","","","","","","","","","","","","ns1.servidorlinux12.com","ns2.servidorlinux12.com","","","clientTransferProhibited","","",""
"8","elresto1927.com","2020-05-08 20:05:23","2020-05-06","2020-05-06","2021-05-06","1383","Soluciones Corporativas IP, SLU","whois.scip.es","http://www.dondominio.com","Redacted for privacy","","Redacted for privacy","Redacted for privacy","San Jose","Redacted for privacy","Uruguay","","Redacted for privacy","Redacted for privacy","REDACTED FOR PRIVACY","REDACTED FOR PRIVACY","REDACTED FOR PRIVACY","REDACTED FOR PRIVACY","REDACTED FOR PRIVACY","REDACTED FOR PRIVACY","REDACTED FOR PRIVACY","","REDACTED FOR PRIVACY","REDACTED FOR PRIVACY","REDACTED FOR PRIVACY","REDACTED FOR PRIVACY","REDACTED FOR PRIVACY","REDACTED FOR PRIVACY","REDACTED FOR PRIVACY","REDACTED FOR PRIVACY","REDACTED FOR PRIVACY","","REDACTED FOR PRIVACY","REDACTED FOR PRIVACY","","","","","","","","","","","ns1721.webempresa.eu","ns1722.webempresa.eu","","","OK","","",""
"9","enlasaludnatural.com","2020-05-08 19:39:30","2020-05-07","2020-05-07","2021-05-07","146","GoDaddy.com, LLC","whois.godaddy.com","http://registrar.godaddy.com","Programadetodo","Programadetodo","","","Capital","","Uruguay","","","","","","","","","","","","","","","","","","","","","","","","","","","","","","","","","","ns53.domaincontrol.com","ns54.domaincontrol.com","","","clientDeleteProhibited","clientRenewProhibited","clientTransferProhibited","clientUpdateProhibited"
"10","fasciolimarketing.com","2020-05-08 20:01:31","2020-05-06","2020-05-06","2021-05-06","955","Launchpad, Inc.","whois.launchpad.com","http://www.launchpad.com","josefina fascioli","None","Uruguay","Montevideo","PA","11300","Uruguay","fascioli.josefina@gmail.com","+598.99508677","","josefina fascioli","None","Uruguay","Montevideo","PA","11300","Uruguay","fascioli.josefina@gmail.com","+598.99508677","","josefina fascioli","None","Uruguay","Montevideo","PA","11300","Uruguay","fascioli.josefina@gmail.com","+598.99508677","","","","","","","","","","","","ns6089.hostgator.com","ns6090.hostgator.com","","","clientTransferProhibited","","",""
"11","genesisuy.com","2020-05-08 19:27:42","2020-05-07","2020-05-07","2022-05-07","146","GoDaddy.com, LLC","whois.godaddy.com","http://registrar.godaddy.com","contacto@sintropia.com.uy","contacto@sintropia.com.uy","","","Montevideo","","Uruguay","","","","","","","","","","","","","","","","","","","","","","","","","","","","","","","","","","ns35.domaincontrol.com","ns36.domaincontrol.com","","","clientDeleteProhibited","clientRenewProhibited","clientTransferProhibited","clientUpdateProhibited"
"12","guerrerohaus.com","2020-05-08 19:58:40","2020-05-07","2020-05-07","2021-05-07","146","GoDaddy.com, LLC","whois.godaddy.com","http://registrar.godaddy.com","","","","","Blanqueada","","Uruguay","","","","","","","","","","","","","","","","","","","","","","","","","","","","","","","","","","ns35.domaincontrol.com","ns36.domaincontrol.com","","","clientDeleteProhibited","clientRenewProhibited","clientTransferProhibited","clientUpdateProhibited"
"13","importaperfumesuruguay.com","2020-05-08 20:02:06","2020-05-06","2020-05-06","2021-05-06","69","Tucows Domains Inc.","whois.tucows.com","http://domainhelp.opensrs.net","REDACTED FOR PRIVACY","REDACTED FOR PRIVACY","REDACTED FOR PRIVACY","REDACTED FOR PRIVACY","XX","REDACTED FOR PRIVACY","Uruguay","","REDACTED FOR PRIVACY","REDACTED FOR PRIVACY","REDACTED FOR PRIVACY","REDACTED FOR PRIVACY","REDACTED FOR PRIVACY","REDACTED FOR PRIVACY","REDACTED FOR PRIVACY","REDACTED FOR PRIVACY","REDACTED FOR PRIVACY","","REDACTED FOR PRIVACY","REDACTED FOR PRIVACY","REDACTED FOR PRIVACY","REDACTED FOR PRIVACY","REDACTED FOR PRIVACY","REDACTED FOR PRIVACY","REDACTED FOR PRIVACY","REDACTED FOR PRIVACY","REDACTED FOR PRIVACY","","REDACTED FOR PRIVACY","REDACTED FOR PRIVACY","","","","","","","","","","","ns1.giow1085.siteground.us","ns2.giow1085.siteground.us","","","clientTransferProhibited","clientUpdateProhibited","",""
"14","iniciativasustentables.net","2020-05-08 19:02:30","2020-05-06","2020-05-06","2021-05-06","303","PDR Ltd. d/b/a PublicDomainRegistry.com","whois.publicdomainregistry.com","http://www.publicdomainregistry.com","Alejandro Yurisich","Prodibo","Paraje el Leon s/n","Aigua","Maldonado","20500","Uruguay","ayurisich2011@gmail.com","+598.98107149","","Alejandro Yurisich","Prodibo","Paraje el Leon s/n","Aigua","Maldonado","20500","Uruguay","ayurisich2011@gmail.com","+598.98107149","","Alejandro Yurisich","Prodibo","Paraje el Leon s/n","Aigua","Maldonado","20500","Uruguay","ayurisich2011@gmail.com","+598.98107149","","","","","","","","","","","","ns1.prodibo.com","ns2.prodibo.com","","","clientTransferProhibited","","",""
"15","inmobiliariaduner.com","2020-05-08 19:19:00","2020-05-07","2020-05-07","2021-05-07","955","Launchpad, Inc.","whois.launchpad.com","http://www.launchpad.com","Lourdes Keiflian","None","Lourdes","Montevideo","MO","11200","Uruguay","darilur2@hotmail.com","+598.93798293","","Lourdes Keiflian","None","Lourdes","Montevideo","MO","11200","Uruguay","darilur2@hotmail.com","+598.93798293","","Lourdes Keiflian","None","Lourdes","Montevideo","MO","11200","Uruguay","darilur2@hotmail.com","+598.93798293","","","","","","","","","","","","ns8191.hostgator.com","ns8192.hostgator.com","","","clientTransferProhibited","","",""
"16","josefinamkt.com","2020-05-08 20:13:51","2020-05-06","2020-05-06","2021-05-06","955","Launchpad, Inc.","whois.launchpad.com","http://www.launchpad.com","josefina fascioli","None","Uruguay","Montevideo","PA","11300","Uruguay","fascioli.josefina@gmail.com","+598.99508677","","josefina fascioli","None","Uruguay","Montevideo","PA","11300","Uruguay","fascioli.josefina@gmail.com","+598.99508677","","josefina fascioli","None","Uruguay","Montevideo","PA","11300","Uruguay","fascioli.josefina@gmail.com","+598.99508677","","","","","","","","","","","","ns8191.hostgator.com","ns8192.hostgator.com","","","clientTransferProhibited","","",""
"17","lapelotaviajera.com","2020-05-08 21:19:16","2020-05-06","2020-05-06","2021-05-06","146","GoDaddy.com, LLC","whois.godaddy.com","http://registrar.godaddy.com","","","","","Montevideo","","Uruguay","","","","","","","","","","","","","","","","","","","","","","","","","","","","","","","","","","ns37.domaincontrol.com","ns38.domaincontrol.com","","","clientDeleteProhibited","clientRenewProhibited","clientTransferProhibited","clientUpdateProhibited"
"18","madestiloybelleza.net","2020-05-09 00:32:03","2020-05-06","2020-05-06","2021-05-06","955","Launchpad, Inc.","whois.launchpad.com","http://www.launchpad.com","Jaimel Delgado","None","59897508605 Maldonado # 1048","Montevideo","MO","11100","Uruguay","jaimeldesperon@gmail.com","+598.97508605","","Jaimel Delgado","None","59897508605 Maldonado # 1048","Montevideo","MO","11100","Uruguay","jaimeldesperon@gmail.com","+598.97508605","","Jaimel Delgado","None","59897508605 Maldonado # 1048","Montevideo","MO","11100","Uruguay","jaimeldesperon@gmail.com","+598.97508605","","","","","","","","","","","","ns8137.hostgator.com","ns8138.hostgator.com","","","clientTransferProhibited","","",""
"19","mconteri.com","2020-05-08 21:19:43","2020-05-06","2020-05-06","2021-05-06","955","Launchpad, Inc.","whois.launchpad.com","http://www.launchpad.com","matias conteri","None","tiburcio gomez 1343","montevideo","MO","11300","Uruguay","mconteri8@gmail.com","+598.94030271","","matias conteri","None","tiburcio gomez 1343","montevideo","MO","11300","Uruguay","mconteri8@gmail.com","+598.94030271","","matias conteri","None","tiburcio gomez 1343","montevideo","MO","11300","Uruguay","mconteri8@gmail.com","+598.94030271","","","","","","","","","","","","ns8103.hostgator.com","ns8104.hostgator.com","","","clientTransferProhibited","","",""
"20","monfenailsesculpidas.com","2020-05-08 20:53:17","2020-05-07","2020-05-07","2021-05-07","146","GoDaddy.com, LLC","whois.godaddy.com","http://registrar.godaddy.com","","","","","Montevideo","","Uruguay","","","","","","","","","","","","","","","","","","","","","","","","","","","","","","","","","","itzel.ns.cloudflare.com","theo.ns.cloudflare.com","","","clientDeleteProhibited","clientRenewProhibited","clientTransferProhibited","clientUpdateProhibited"
"21","mymoodlist.com","2020-05-08 21:15:11","2020-05-06","2020-05-06","2021-05-06","146","GoDaddy.com, LLC","whois.godaddy.com","http://registrar.godaddy.com","moodlist","moodlist","","","Montevideo","","Uruguay","","","","","","","","","","","","","","","","","","","","","","","","","","","","","","","","","","ns53.domaincontrol.com","ns54.domaincontrol.com","","","clientDeleteProhibited","clientRenewProhibited","clientTransferProhibited","clientUpdateProhibited"
"22","nexofmuy.com","2020-05-08 19:56:27","2020-05-07","2020-05-08","2021-05-07","140","Acens Technologies, S.L.U.","whois.ascio.com","http://www.ascio.com","rodrigo lalana","rodrigo lalana","","","MONTEVIDEO","","Uruguay","","","","","","","","","","","","","","","","","","","","","","","","","","","","","","","","","","s.ns10.intelsrv.net","s.ns9.intelsrv.net","","","OK","","",""
"23","nonnacosmetics.com","2020-05-08 21:03:38","2020-05-07","2020-05-07","2021-05-07","303","PDR Ltd. d/b/a PublicDomainRegistry.com","whois.publicdomainregistry.com","http://www.publicdomainregistry.com","Guillermo Rege","todoweb","Las Violetas 874 214547880017","Montevideo","Montevideo","12900","Uruguay","guillermo@todoweb.com.uy","+598.23588532","","Guillermo Rege","todoweb","Las Violetas 874 214547880017","Montevideo","Montevideo","12900","Uruguay","guillermo@todoweb.com.uy","+598.23588532","","Guillermo Rege","todoweb","Las Violetas 874 214547880017","Montevideo","Montevideo","12900","Uruguay","guillermo@todoweb.com.uy","+598.23588532","","","","","","","","","","","","ns1.servidorlinux12.com","ns2.servidorlinux12.com","","","clientTransferProhibited","","",""
"24","panaderianueva13.com","2020-05-08 19:34:23","2020-05-06","2020-05-06","2021-05-06","69","Tucows Domains Inc.","whois.tucows.com","http://domainhelp.opensrs.net","Redacted for privacy","Redacted for privacy","Redacted for privacy","Redacted for privacy","Canelones","Redacted for privacy","Uruguay","","Redacted for privacy","Redacted for privacy","REDACTED FOR PRIVACY","REDACTED FOR PRIVACY","REDACTED FOR PRIVACY","REDACTED FOR PRIVACY","REDACTED FOR PRIVACY","REDACTED FOR PRIVACY","REDACTED FOR PRIVACY","","REDACTED FOR PRIVACY","REDACTED FOR PRIVACY","REDACTED FOR PRIVACY","REDACTED FOR PRIVACY","REDACTED FOR PRIVACY","REDACTED FOR PRIVACY","REDACTED FOR PRIVACY","REDACTED FOR PRIVACY","REDACTED FOR PRIVACY","","REDACTED FOR PRIVACY","REDACTED FOR PRIVACY","","","","","","","","","","","ns1.systemdns.com","ns2.systemdns.com","ns3.systemdns.com","","clientTransferProhibited","clientUpdateProhibited","",""
"25","senchamarketing.com","2020-05-08 19:17:12","2020-05-06","2020-05-06","2022-05-06","146","GoDaddy.com, LLC","whois.godaddy.com","http://registrar.godaddy.com","","","","","Rivera","","Uruguay","","","","","","","","","","","","","","","","","","","","","","","","","","","","","","","","","","ns37.domaincontrol.com","ns38.domaincontrol.com","","","clientDeleteProhibited","clientRenewProhibited","clientTransferProhibited","clientUpdateProhibited"
"26","shooterstlc.com","2020-05-08 21:18:50","2020-05-06","2020-05-06","2021-05-06","146","GoDaddy.com, LLC","whois.godaddy.com","http://registrar.godaddy.com","Shooters Sports","Shooters Sports","","","MD","","Uruguay","","","","","","","","","","","","","","","","","","","","","","","","","","","","","","","","","","ns11.domaincontrol.com","ns12.domaincontrol.com","","","clientDeleteProhibited","clientRenewProhibited","clientTransferProhibited","clientUpdateProhibited"
"27","tapabocasuy.com","2020-05-08 19:50:01","2020-05-07","2020-05-07","2021-05-07","146","GoDaddy.com, LLC","whois.godaddy.com","http://registrar.godaddy.com","Tapabocas Uy","Tapabocas Uy","","","Montevideo","","Uruguay","","","","","","","","","","","","","","","","","","","","","","","","","","","","","","","","","","ns35.domaincontrol.com","ns36.domaincontrol.com","","","clientDeleteProhibited","clientRenewProhibited","clientTransferProhibited","clientUpdateProhibited"