"num","domain_name","query_time","create_date","update_date","expiry_date","domain_registrar_id","domain_registrar_name","domain_registrar_whois","domain_registrar_url","registrant_name","registrant_company","registrant_address","registrant_city","registrant_state","registrant_zip","registrant_country","registrant_email","registrant_phone","registrant_fax","administrative_name","administrative_company","administrative_address","administrative_city","administrative_state","administrative_zip","administrative_country","administrative_email","administrative_phone","administrative_fax","technical_name","technical_company","technical_address","technical_city","technical_state","technical_zip","technical_country","technical_email","technical_phone","technical_fax","billing_name","billing_company","billing_address","billing_city","billing_state","billing_zip","billing_country","billing_email","billing_phone","billing_fax","name_server_1","name_server_2","name_server_3","name_server_4","domain_status_1","domain_status_2","domain_status_3","domain_status_4"
"1","agmarknick.com","2020-05-08 20:38:03","2020-05-07","2020-05-07","2021-05-07","69","Tucows Domains Inc.","whois.tucows.com","http://domainhelp.opensrs.net","REDACTED FOR PRIVACY","REDACTED FOR PRIVACY","REDACTED FOR PRIVACY","REDACTED FOR PRIVACY","XX","REDACTED FOR PRIVACY","Uzbekistan","","REDACTED FOR PRIVACY","REDACTED FOR PRIVACY","REDACTED FOR PRIVACY","REDACTED FOR PRIVACY","REDACTED FOR PRIVACY","REDACTED FOR PRIVACY","REDACTED FOR PRIVACY","REDACTED FOR PRIVACY","REDACTED FOR PRIVACY","","REDACTED FOR PRIVACY","REDACTED FOR PRIVACY","REDACTED FOR PRIVACY","REDACTED FOR PRIVACY","REDACTED FOR PRIVACY","REDACTED FOR PRIVACY","REDACTED FOR PRIVACY","REDACTED FOR PRIVACY","REDACTED FOR PRIVACY","","REDACTED FOR PRIVACY","REDACTED FOR PRIVACY","","","","","","","","","","","ns1.giow1085.siteground.us","ns2.giow1085.siteground.us","","","clientTransferProhibited","clientUpdateProhibited","",""
"2","dvnuqnm.com","2020-05-08 20:38:26","2020-05-07","2020-05-07","2021-05-07","146","GoDaddy.com, LLC","whois.godaddy.com","http://registrar.godaddy.com","","","","","\u0422\u0430\u0448\u043a\u0435\u043d\u0442","","Uzbekistan","","","","","","","","","","","","","","","","","","","","","","","","","","","","","","","","","","ns1.hostline.ru","ns2.hostline.ru","","","clientDeleteProhibited","clientRenewProhibited","clientTransferProhibited","clientUpdateProhibited"
"3","impulsdi.com","2020-05-08 20:28:52","2020-05-06","2020-05-06","2021-05-06","303","PDR Ltd. d/b/a PublicDomainRegistry.com","whois.publicdomainregistry.com","http://www.publicdomainregistry.com","Ojbek Umarov","","ul. Sangzor, dom-13","Dzizzak","Dzizakskaa oblast","130100","Uzbekistan","kroxus@gmail.com","+998.998993541478","","Ojbek Umarov","","ul. Sangzor, dom-13","Dzizzak","Dzizakskaa oblast","130100","Uzbekistan","kroxus@gmail.com","+998.998993541478","","Ojbek Umarov","","ul. Sangzor, dom-13","Dzizzak","Dzizakskaa oblast","130100","Uzbekistan","kroxus@gmail.com","+998.998993541478","","","","","","","","","","","","ns1.ahost.cloud","ns1.ahost.uz","ns2.ahost.cloud","ns2.ahost.uz","clientTransferProhibited","","",""
"4","lonta.net","2020-05-09 00:32:08","2020-05-07","2020-05-07","2021-05-07","303","PDR Ltd. d/b/a PublicDomainRegistry.com","whois.publicdomainregistry.com","http://www.publicdomainregistry.com","FERUZ MEYLIYEV","","Lilovaya,13","Kanshi","Kashkadarya","181365","Uzbekistan","otzyvynew@gmail.com","+998.9875558331","","FERUZ MEYLIYEV","","Lilovaya,13","Kanshi","Kashkadarya","181365","Uzbekistan","otzyvynew@gmail.com","+998.9875558331","","FERUZ MEYLIYEV","","Lilovaya,13","Kanshi","Kashkadarya","181365","Uzbekistan","otzyvynew@gmail.com","+998.9875558331","","","","","","","","","","","","ns1.timeweb.ru","ns2.timeweb.ru","ns3.timeweb.org","ns4.timeweb.org","clientTransferProhibited","","",""
"5","rtsbowling.com","2020-05-08 20:39:32","2020-05-07","2020-05-07","2021-05-07","146","GoDaddy.com, LLC","whois.godaddy.com","http://registrar.godaddy.com","","","","","\u0422\u0430\u0448\u043a\u0435\u043d\u0442","","Uzbekistan","","","","","","","","","","","","","","","","","","","","","","","","","","","","","","","","","","ns1.hostline.ru","ns2.hostline.ru","","","clientDeleteProhibited","clientRenewProhibited","clientTransferProhibited","clientUpdateProhibited"
"6","uface.info","2020-05-09 00:39:22","2020-05-07","2020-05-07","2021-05-07","146","GoDaddy.com, LLC","whois.godaddy.com","http://registrar.godaddy.com","","","","","Tashkent","","Uzbekistan","","","","","","","","","","","","","","","","","","","","","","","","","","","","","","","","","","ns75.domaincontrol.com","ns76.domaincontrol.com","","","addPeriod","clientDeleteProhibited","clientRenewProhibited","clientTransferProhibited"