"num","domain_name","query_time","create_date","update_date","expiry_date","domain_registrar_id","domain_registrar_name","domain_registrar_whois","domain_registrar_url","registrant_name","registrant_company","registrant_address","registrant_city","registrant_state","registrant_zip","registrant_country","registrant_email","registrant_phone","registrant_fax","administrative_name","administrative_company","administrative_address","administrative_city","administrative_state","administrative_zip","administrative_country","administrative_email","administrative_phone","administrative_fax","technical_name","technical_company","technical_address","technical_city","technical_state","technical_zip","technical_country","technical_email","technical_phone","technical_fax","billing_name","billing_company","billing_address","billing_city","billing_state","billing_zip","billing_country","billing_email","billing_phone","billing_fax","name_server_1","name_server_2","name_server_3","name_server_4","domain_status_1","domain_status_2","domain_status_3","domain_status_4"
"1","alejaledezma.com","2020-05-08 20:03:17","2020-05-06","2020-05-06","2021-05-06","76","Nominalia Internet S.L.","whois.nominalia.com","http://www.nominalia.com","REDACTED FOR PRIVACY","REDACTED FOR PRIVACY","REDACTED FOR PRIVACY","REDACTED FOR PRIVACY","yaracuy","REDACTED FOR PRIVACY","Venezuela","","REDACTED.FORPRIVACY","REDACTED.FORPRIVACY","REDACTED FOR PRIVACY","REDACTED FOR PRIVACY","REDACTED FOR PRIVACY","REDACTED FOR PRIVACY","yaracuy","REDACTED FOR PRIVACY","Venezuela","","REDACTED.FORPRIVACY","REDACTED.FORPRIVACY","REDACTED FOR PRIVACY","REDACTED FOR PRIVACY","REDACTED FOR PRIVACY","REDACTED FOR PRIVACY","Barcelona","REDACTED FOR PRIVACY","Spain","","REDACTED.FORPRIVACY","REDACTED.FORPRIVACY","","","","","","","","","","","dns1.nominalia.com","dns2.nominalia.com","","","OK","","",""
"2","americanimportvzla.com","2020-05-08 21:09:06","2020-05-06","2020-05-06","2021-05-06","303","PDR Ltd. d/b/a PublicDomainRegistry.com","whois.publicdomainregistry.com","http://www.publicdomainregistry.com","jesus orlando baena carrillo","","urb. piedras del sol condominio 1 casa 16 circunvalacion 3 calle 99u-2 entrando por detras del hotel venus via aeropuerto ,","maracaibo","zulia","4001","Venezuela","baena.jesus@gmail.com","+58.582617331158","","jesus orlando baena carrillo","","urb. piedras del sol condominio 1 casa 16 circunvalacion 3 calle 99u-2 entrando por detras del hotel venus via aeropuerto ,","maracaibo","zulia","4001","Venezuela","baena.jesus@gmail.com","+58.582617331158","","jesus orlando baena carrillo","","urb. piedras del sol condominio 1 casa 16 circunvalacion 3 calle 99u-2 entrando por detras del hotel venus via aeropuerto ,","maracaibo","zulia","4001","Venezuela","baena.jesus@gmail.com","+58.582617331158","","","","","","","","","","","","matrix1.adclichosting.com","matrix2.adclichosting.com","","","clientTransferProhibited","","",""
"3","banosycocinas.com","2020-05-08 21:16:51","2020-05-06","2020-05-06","2025-05-06","146","GoDaddy.com, LLC","whois.godaddy.com","http://registrar.godaddy.com","","","","","FL","","Venezuela","","","","","","","","","","","","","","","","","","","","","","","","","","","","","","","","","","ns53.domaincontrol.com","ns54.domaincontrol.com","","","clientDeleteProhibited","clientRenewProhibited","clientTransferProhibited","clientUpdateProhibited"
"4","clubempathyagency.com","2020-05-08 21:12:22","2020-05-06","2020-05-06","2021-05-06","146","GoDaddy.com, LLC","whois.godaddy.com","http://registrar.godaddy.com","Inversiones AJCG, C.A.","Inversiones AJCG, C.A.","","","Carabobo","","Venezuela","","","","","","","","","","","","","","","","","","","","","","","","","","","","","","","","","","ns1.gfserver.net","ns2.gfserver.net","","","clientDeleteProhibited","clientRenewProhibited","clientTransferProhibited","clientUpdateProhibited"
"5","consulfree.com","2020-05-08 20:13:57","2020-05-06","2020-05-06","2021-05-06","146","GoDaddy.com, LLC","whois.godaddy.com","http://registrar.godaddy.com","ADN PUBLICIDAD","ADN PUBLICIDAD","","","ANZOATEGUI","","Venezuela","","","","","","","","","","","","","","","","","","","","","","","","","","","","","","","","","","ns11.domaincontrol.com","ns12.domaincontrol.com","","","clientDeleteProhibited","clientRenewProhibited","clientTransferProhibited","clientUpdateProhibited"
"6","creeryquerer.com","2020-05-08 21:15:14","2020-05-06","2020-05-06","2021-05-06","303","PDR Ltd. d/b/a PublicDomainRegistry.com","whois.publicdomainregistry.com","http://www.publicdomainregistry.com","Eric Goyo","Asociacion Cooperativa La Familia Suplidores de Peluqueria","Calle Central, Conj.Res. AB, Edif. 2, PB, Apto 2.","Caracas","Distrito Capital","1090","Venezuela","wakucapilar@hotmail.com","+58.04166189567","","Eric Goyo","Asociacion Cooperativa La Familia Suplidores de Peluqueria","Calle Central, Conj.Res. AB, Edif. 2, PB, Apto 2.","Caracas","Distrito Capital","1090","Venezuela","wakucapilar@hotmail.com","+58.04166189567","","Eric Goyo","Asociacion Cooperativa La Familia Suplidores de Peluqueria","Calle Central, Conj.Res. AB, Edif. 2, PB, Apto 2.","Caracas","Distrito Capital","1090","Venezuela","wakucapilar@hotmail.com","+58.04166189567","","","","","","","","","","","","ns5.tepuyserver.net","ns6.tepuyserver.net","","","clientTransferProhibited","","",""
"7","devochos.com","2020-05-08 21:04:16","2020-05-07","2020-05-07","2021-05-07","1647","Hosting Concepts B.V. dba Openprovider","whois.registrar.eu","http://www.openprovider.com","REDACTED FOR PRIVACY","Devochos","REDACTED FOR PRIVACY","REDACTED FOR PRIVACY","Distrito Capital","REDACTED FOR PRIVACY","Venezuela","","REDACTED FOR PRIVACY","REDACTED FOR PRIVACY","REDACTED FOR PRIVACY","REDACTED FOR PRIVACY","REDACTED FOR PRIVACY","REDACTED FOR PRIVACY","REDACTED FOR PRIVACY","REDACTED FOR PRIVACY","REDACTED FOR PRIVACY","","REDACTED FOR PRIVACY","REDACTED FOR PRIVACY","REDACTED FOR PRIVACY","REDACTED FOR PRIVACY","REDACTED FOR PRIVACY","REDACTED FOR PRIVACY","REDACTED FOR PRIVACY","REDACTED FOR PRIVACY","REDACTED FOR PRIVACY","","REDACTED FOR PRIVACY","REDACTED FOR PRIVACY","","","","","","","","","","","dns1.sered.net","dns2.sered.net","dns3.sered.net","dns4.sered.net","clientTransferProhibited","ok","",""
"8","digaloconcultura.com","2020-05-08 19:57:34","2020-05-07","2020-05-07","2021-05-07","1472","LiquidNet Ltd.","whois.liquidnetlimited.com","http://www.liquidnetlimited.com","REDACTED FOR PRIVACY","REDACTED FOR PRIVACY","REDACTED FOR PRIVACY","REDACTED FOR PRIVACY","Miranda","REDACTED FOR PRIVACY","Venezuela","","REDACTED FOR PRIVACY","REDACTED FOR PRIVACY","REDACTED FOR PRIVACY","REDACTED FOR PRIVACY","REDACTED FOR PRIVACY","REDACTED FOR PRIVACY","REDACTED FOR PRIVACY","REDACTED FOR PRIVACY","REDACTED FOR PRIVACY","","REDACTED FOR PRIVACY","REDACTED FOR PRIVACY","REDACTED FOR PRIVACY","REDACTED FOR PRIVACY","REDACTED FOR PRIVACY","REDACTED FOR PRIVACY","REDACTED FOR PRIVACY","REDACTED FOR PRIVACY","REDACTED FOR PRIVACY","","REDACTED FOR PRIVACY","REDACTED FOR PRIVACY","","","","","","","","","","","ns1.heartbeathost.com","ns2.heartbeathost.com","ns3.heartbeathost.com","ns4.heartbeathost.com","clientTransferProhibited","","",""
"9","diloconcultura.com","2020-05-08 19:38:47","2020-05-07","2020-05-07","2021-05-07","1472","LiquidNet Ltd.","whois.liquidnetlimited.com","http://www.liquidnetlimited.com","REDACTED FOR PRIVACY","REDACTED FOR PRIVACY","REDACTED FOR PRIVACY","REDACTED FOR PRIVACY","Miranda","REDACTED FOR PRIVACY","Venezuela","","REDACTED FOR PRIVACY","REDACTED FOR PRIVACY","REDACTED FOR PRIVACY","REDACTED FOR PRIVACY","REDACTED FOR PRIVACY","REDACTED FOR PRIVACY","REDACTED FOR PRIVACY","REDACTED FOR PRIVACY","REDACTED FOR PRIVACY","","REDACTED FOR PRIVACY","REDACTED FOR PRIVACY","REDACTED FOR PRIVACY","REDACTED FOR PRIVACY","REDACTED FOR PRIVACY","REDACTED FOR PRIVACY","REDACTED FOR PRIVACY","REDACTED FOR PRIVACY","REDACTED FOR PRIVACY","","REDACTED FOR PRIVACY","REDACTED FOR PRIVACY","","","","","","","","","","","ns1.heartbeathost.com","ns2.heartbeathost.com","ns3.heartbeathost.com","ns4.heartbeathost.com","clientTransferProhibited","","",""
"10","encargosya.com","2020-05-08 19:18:07","2020-05-06","2020-05-06","2021-05-06","146","GoDaddy.com, LLC","whois.godaddy.com","http://registrar.godaddy.com","","","","","Miranda","","Venezuela","","","","","","","","","","","","","","","","","","","","","","","","","","","","","","","","","","ns11.domaincontrol.com","ns12.domaincontrol.com","","","clientDeleteProhibited","clientRenewProhibited","clientTransferProhibited","clientUpdateProhibited"
"11","f1lap.com","2020-05-08 20:14:08","2020-05-06","2020-05-06","2021-05-06","146","GoDaddy.com, LLC","whois.godaddy.com","http://registrar.godaddy.com","","","","","RM","","Venezuela","","","","","","","","","","","","","","","","","","","","","","","","","","","","","","","","","","ns53.domaincontrol.com","ns54.domaincontrol.com","","","clientDeleteProhibited","clientRenewProhibited","clientTransferProhibited","clientUpdateProhibited"
"12","genquitec.com","2020-05-08 20:47:25","2020-05-07","2020-05-07","2021-05-07","1005","NetEarth One Inc. d/b/a NetEarth","whois.advancedregistrar.com","http://www.netearthone.com","Franklyn  GOnzalez","Personal","Calle Germanies, 39, Planta 2, Puerta 14, Torrente","Caraballeda","Vargas","1165","Venezuela","franklyn.gonzalez.gonzalez@gmail.com","+58.34622025903","","Franklyn  GOnzalez","Personal","Calle Germanies, 39, Planta 2, Puerta 14, Torrente","Caraballeda","Vargas","1165","Venezuela","franklyn.gonzalez.gonzalez@gmail.com","+58.34622025903","","Franklyn  GOnzalez","Personal","Calle Germanies, 39, Planta 2, Puerta 14, Torrente","Caraballeda","Vargas","1165","Venezuela","franklyn.gonzalez.gonzalez@gmail.com","+58.34622025903","","","","","","","","","","","","ns2061.banahosting.com","ns2062.banahosting.com","","","clientTransferProhibited","","",""
"13","inverone.com","2020-05-08 20:28:52","2020-05-06","2020-05-06","2022-05-06","146","GoDaddy.com, LLC","whois.godaddy.com","http://registrar.godaddy.com","","","","","Anzoategui","","Venezuela","","","","","","","","","","","","","","","","","","","","","","","","","","","","","","","","","","ns11.domaincontrol.com","ns12.domaincontrol.com","","","clientDeleteProhibited","clientRenewProhibited","clientTransferProhibited","clientUpdateProhibited"
"14","josefitness.com","2020-05-08 19:20:56","2020-05-07","2020-05-07","2021-05-07","625","Name.com, Inc.","whois.name.com","http://www.name.com","Billly Yanez","Bemonio Software Co.","Costa Azul","Porlamar","Nueva Esparta","6301","Venezuela","bemonio@gmail.com","+58.4168969836","","Billly Yanez","Bemonio Software Co.","Costa Azul","Porlamar","Nueva Esparta","6301","Venezuela","bemonio@gmail.com","+58.4168969836","","Billly Yanez","Bemonio Software Co.","Costa Azul","Porlamar","Nueva Esparta","6301","Venezuela","bemonio@gmail.com","+58.4168969836","","","","","","","","","","","","ns1kpv.name.com","ns2jqz.name.com","ns3qty.name.com","ns4lpv.name.com","addPeriod","clientTransferProhibited","",""
"15","kayramakeup.com","2020-05-08 20:11:30","2020-05-06","2020-05-06","2021-05-06","146","GoDaddy.com, LLC","whois.godaddy.com","http://registrar.godaddy.com","","","","","Carabobo","","Venezuela","","","","","","","","","","","","","","","","","","","","","","","","","","","","","","","","","","ns35.domaincontrol.com","ns36.domaincontrol.com","","","clientDeleteProhibited","clientRenewProhibited","clientTransferProhibited","clientUpdateProhibited"
"16","kayramakeupinternacional.com","2020-05-08 20:29:51","2020-05-06","2020-05-06","2021-05-06","146","GoDaddy.com, LLC","whois.godaddy.com","http://registrar.godaddy.com","","","","","Carabobo","","Venezuela","","","","","","","","","","","","","","","","","","","","","","","","","","","","","","","","","","ns35.domaincontrol.com","ns36.domaincontrol.com","","","clientDeleteProhibited","clientRenewProhibited","clientTransferProhibited","clientUpdateProhibited"
"17","lagloberiaoficial.com","2020-05-08 21:09:34","2020-05-06","2020-05-06","2022-05-06","146","GoDaddy.com, LLC","whois.godaddy.com","http://registrar.godaddy.com","HOTEL","HOTEL","","","Bolivar","","Venezuela","","","","","","","","","","","","","","","","","","","","","","","","","","","","","","","","","","ns35.domaincontrol.com","ns36.domaincontrol.com","","","clientDeleteProhibited","clientRenewProhibited","clientTransferProhibited","clientUpdateProhibited"
"18","legosystem.bet","2020-05-08 14:37:12","2020-05-07","2020-05-07","2021-05-07","433","OVH sas","whois.ovh.com","http://www.ovh.com","Desarrollando Web","Desarrollando Web","","","","","Venezuela","","","","","","","","","","","","","","","","","","","","","","","","","","","","","","","","","","dns111.ovh.net","ns111.ovh.net","","","addPeriod","clientDeleteProhibited","clientTransferProhibited","serverTransferProhibited"
"19","levelcarwashmobil.com","2020-05-08 19:19:27","2020-05-07","2020-05-07","2021-05-07","146","GoDaddy.com, LLC","whois.godaddy.com","http://registrar.godaddy.com","IMPULSO CREATIVO, C.A.","IMPULSO CREATIVO, C.A.","","","ZULIA","","Venezuela","","","","","","","","","","","","","","","","","","","","","","","","","","","","","","","","","","ns1.impulsocreativo.com","ns2.impulsocreativo.com","","","clientDeleteProhibited","clientRenewProhibited","clientTransferProhibited","clientUpdateProhibited"
"20","madhideblanc.com","2020-05-08 19:56:23","2020-05-07","2020-05-07","2021-05-07","303","PDR Ltd. d/b/a PublicDomainRegistry.com","whois.publicdomainregistry.com","http://www.publicdomainregistry.com","Samadhi Gabriela Delgado Blanco","","Urb. Las Minas, Edificio Araguaney, piso 7, apto 7-B","San Antonio de Los Altos","Miranda","1204","Venezuela","paralasredes.madhi@gmail.com","+58.4242197367","","Samadhi Gabriela Delgado Blanco","","Urb. Las Minas, Edificio Araguaney, piso 7, apto 7-B","San Antonio de Los Altos","Miranda","1204","Venezuela","paralasredes.madhi@gmail.com","+58.4242197367","","Samadhi Gabriela Delgado Blanco","","Urb. Las Minas, Edificio Araguaney, piso 7, apto 7-B","San Antonio de Los Altos","Miranda","1204","Venezuela","paralasredes.madhi@gmail.com","+58.4242197367","","","","","","","","","","","","ns15.tepuyserver.net","ns16.tepuyserver.net","","","clientTransferProhibited","","",""
"21","maquinasdesbrozadoras.com","2020-05-08 21:15:38","2020-05-06","2020-05-06","2021-05-06","76","Nominalia Internet S.L.","whois.nominalia.com","http://www.nominalia.com","REDACTED FOR PRIVACY","REDACTED FOR PRIVACY","REDACTED FOR PRIVACY","REDACTED FOR PRIVACY","Aragua","REDACTED FOR PRIVACY","Venezuela","","REDACTED.FORPRIVACY","REDACTED.FORPRIVACY","REDACTED FOR PRIVACY","REDACTED FOR PRIVACY","REDACTED FOR PRIVACY","REDACTED FOR PRIVACY","Aragua","REDACTED FOR PRIVACY","Venezuela","","REDACTED.FORPRIVACY","REDACTED.FORPRIVACY","REDACTED FOR PRIVACY","REDACTED FOR PRIVACY","REDACTED FOR PRIVACY","REDACTED FOR PRIVACY","Barcelona","REDACTED FOR PRIVACY","Spain","","REDACTED.FORPRIVACY","REDACTED.FORPRIVACY","","","","","","","","","","","ns1.hostpapa.com","ns2.hostpapa.com","","","OK","","",""
"22","maxishoppingvzla.com","2020-05-08 19:57:43","2020-05-07","2020-05-07","2021-05-07","48","eNom, Inc.","whois.enom.com","http://www.enom.com","REDACTED FOR PRIVACY","REDACTED FOR PRIVACY","REDACTED FOR PRIVACY","REDACTED FOR PRIVACY","Miranda","REDACTED FOR PRIVACY","Venezuela","","REDACTED FOR PRIVACY","REDACTED FOR PRIVACY","REDACTED FOR PRIVACY","REDACTED FOR PRIVACY","REDACTED FOR PRIVACY","REDACTED FOR PRIVACY","REDACTED FOR PRIVACY","REDACTED FOR PRIVACY","REDACTED FOR PRIVACY","","REDACTED FOR PRIVACY","REDACTED FOR PRIVACY","REDACTED FOR PRIVACY","REDACTED FOR PRIVACY","REDACTED FOR PRIVACY","REDACTED FOR PRIVACY","REDACTED FOR PRIVACY","REDACTED FOR PRIVACY","REDACTED FOR PRIVACY","","REDACTED FOR PRIVACY","REDACTED FOR PRIVACY","","","","","","","","","","","ns6866204202.a2dns.com","ns686620451.a2dns.com","","","addPeriod","ok","",""
"23","melendezcoe.com","2020-05-08 20:25:16","2020-05-06","2020-05-06","2021-05-06","303","PDR Ltd. d/b/a PublicDomainRegistry.com","whois.publicdomainregistry.com","http://www.publicdomainregistry.com","Ricardo Frassati","Ricardo Frassati","barrio la pastora, AV51 con calle 96, casa#96A-02","maracaibo","Zulia","4001","Venezuela","frassati60@gmail.com","+58.4247560767","","Ricardo Frassati","Ricardo Frassati","barrio la pastora, AV51 con calle 96, casa#96A-02","maracaibo","Zulia","4001","Venezuela","frassati60@gmail.com","+58.4247560767","","Ricardo Frassati","Ricardo Frassati","barrio la pastora, AV51 con calle 96, casa#96A-02","maracaibo","Zulia","4001","Venezuela","frassati60@gmail.com","+58.4247560767","","","","","","","","","","","","ns1.dns-parking.com","ns2.dns-parking.com","","","clientTransferProhibited","","",""
"24","milestrategias.com","2020-05-08 19:54:02","2020-05-07","2020-05-07","2021-05-07","82","OnlineNIC, Inc.","whois.onlinenic.com","http://www.onlinenic.com","Caracashosting.com","Caracashosting.com","caracashosting.com","caracas","df","1050a","Venezuela","info@caracashosting.com","+58.2127618340","+58.2127618340","Caracashosting.com","Caracashosting.com","caracashosting.com","caracas","df","1050a","Venezuela","info@caracashosting.com","+58.2127618340","+58.2127618340","Caracashosting.com","Caracashosting.com","caracashosting.com","caracas","df","1050a","Venezuela","info@caracashosting.com","+58.2127618340","+58.2127618340","","","","","","","","","","","dns1.dominioscaracas.com","dns2.dominioscaracas.com","","","clientTransferProhibited","","",""
"25","ortezdesign.com","2020-05-08 20:20:25","2020-05-06","2020-05-06","2021-05-06","146","GoDaddy.com, LLC","whois.godaddy.com","http://registrar.godaddy.com","","","","","Miranda","","Venezuela","","","","","","","","","","","","","","","","","","","","","","","","","","","","","","","","","","ns1.aerioushosting.com","ns2.aerioushosting.com","","","clientDeleteProhibited","clientRenewProhibited","clientTransferProhibited","clientUpdateProhibited"
"26","picsume-ca.com","2020-05-08 20:00:06","2020-05-07","2020-05-07","2021-05-07","303","PDR Ltd. d/b/a PublicDomainRegistry.com","whois.publicdomainregistry.com","http://www.publicdomainregistry.com","Jesus Castro","Digital Web Venezuela C.A","Av. Universidad de Naguanagua C.C Free Market Piso 1 Local V-81","Naguanagua","Carabobo","0000","Venezuela","jcastro@digitalwebdesign.com.ve","+58.04144713508","","Jesus Castro","Digital Web Venezuela C.A","Av. Universidad de Naguanagua C.C Free Market Piso 1 Local V-81","Naguanagua","Carabobo","0000","Venezuela","jcastro@digitalwebdesign.com.ve","+58.04144713508","","Jesus Castro","Digital Web Venezuela C.A","Av. Universidad de Naguanagua C.C Free Market Piso 1 Local V-81","Naguanagua","Carabobo","0000","Venezuela","jcastro@digitalwebdesign.com.ve","+58.04144713508","","","","","","","","","","","","c.dns40.com","d.dns40.com","","","clientTransferProhibited","","",""
"27","refrimaq-aire.com","2020-05-08 21:08:07","2020-05-07","2020-05-07","2021-05-07","303","PDR Ltd. d/b/a PublicDomainRegistry.com","whois.publicdomainregistry.com","http://www.publicdomainregistry.com","Nehiel Tovar","Sinabro Investment C.A.","Av. Buena Vista con calle San Antonio Av. Buena Vista cruce con calle San Antonio, Edificio BEFCA, pis","Caracas","Miranda","1073","Venezuela","web.sinabrosa@gmail.com","+58.2122139158","","Nehiel Tovar","Sinabro Investment C.A.","Av. Buena Vista con calle San Antonio Av. Buena Vista cruce con calle San Antonio, Edificio BEFCA, pis","Caracas","Miranda","1073","Venezuela","web.sinabrosa@gmail.com","+58.2122139158","","Nehiel Tovar","Sinabro Investment C.A.","Av. Buena Vista con calle San Antonio Av. Buena Vista cruce con calle San Antonio, Edificio BEFCA, pis","Caracas","Miranda","1073","Venezuela","web.sinabrosa@gmail.com","+58.2122139158","","","","","","","","","","","","sinabro1.adclic-hosting.info","sinabro2.adclic-hosting.info","","","clientTransferProhibited","","",""
"28","segomarket.com","2020-05-08 19:39:11","2020-05-07","2020-05-07","2021-05-07","303","PDR Ltd. d/b/a PublicDomainRegistry.com","whois.publicdomainregistry.com","http://www.publicdomainregistry.com","Victor Alfonzo Suarez","Segomarket, C.A","Carrera 1 entre calles 2 y 3, Urb. Nueva Segovia, Barquisimeto 3 001,","Barquisimeto","Iribarren","3001","Venezuela","victorsuarez0268@gmail.com","+58.4145572836","","Victor Alfonzo Suarez","Segomarket, C.A","Carrera 1 entre calles 2 y 3, Urb. Nueva Segovia, Barquisimeto 3 001,","Barquisimeto","Iribarren","3001","Venezuela","victorsuarez0268@gmail.com","+58.4145572836","","Victor Alfonzo Suarez","Segomarket, C.A","Carrera 1 entre calles 2 y 3, Urb. Nueva Segovia, Barquisimeto 3 001,","Barquisimeto","Iribarren","3001","Venezuela","victorsuarez0268@gmail.com","+58.4145572836","","","","","","","","","","","","ns5.tepuyserver.net","ns6.tepuyserver.net","","","clientTransferProhibited","","",""
"29","selfmademanproject.com","2020-05-08 21:01:58","2020-05-07","2020-05-07","2021-05-07","146","GoDaddy.com, LLC","whois.godaddy.com","http://registrar.godaddy.com","","","","","FL","","Venezuela","","","","","","","","","","","","","","","","","","","","","","","","","","","","","","","","","","ns11.domaincontrol.com","ns12.domaincontrol.com","","","clientDeleteProhibited","clientRenewProhibited","clientTransferProhibited","clientUpdateProhibited"
"30","sersucont.com","2020-05-08 21:14:13","2020-05-06","2020-05-06","2021-05-06","146","GoDaddy.com, LLC","whois.godaddy.com","http://registrar.godaddy.com","","","","","Miranda","","Venezuela","","","","","","","","","","","","","","","","","","","","","","","","","","","","","","","","","","ns53.domaincontrol.com","ns54.domaincontrol.com","","","clientDeleteProhibited","clientRenewProhibited","clientTransferProhibited","clientUpdateProhibited"
"31","servinetisp.com","2020-05-08 19:30:48","2020-05-07","2020-05-07","2021-05-07","440","Wild West Domains, LLC","whois.wildwestdomains.com","http://www.wildwestdomains.com","PaymaSoft C.A.","PaymaSoft C.A.","","","Carabobo","","Venezuela","","","","","","","","","","","","","","","","","","","","","","","","","","","","","","","","","","ns1.paymasoft.com","ns2.paymasoft.com","","","clientDeleteProhibited","clientRenewProhibited","clientTransferProhibited","clientUpdateProhibited"
"32","theselfmademanproject.com","2020-05-08 19:20:46","2020-05-07","2020-05-07","2021-05-07","146","GoDaddy.com, LLC","whois.godaddy.com","http://registrar.godaddy.com","","","","","FL","","Venezuela","","","","","","","","","","","","","","","","","","","","","","","","","","","","","","","","","","ns11.domaincontrol.com","ns12.domaincontrol.com","","","clientDeleteProhibited","clientRenewProhibited","clientTransferProhibited","clientUpdateProhibited"
"33","torres-y-asociados.com","2020-05-08 19:40:23","2020-05-07","2020-05-07","2021-05-07","303","PDR Ltd. d/b/a PublicDomainRegistry.com","whois.publicdomainregistry.com","http://www.publicdomainregistry.com","Samuel Ferreira","SFTechnology Company","Res. Italia, Apto 81-C","Cua","Miranda","1211","Venezuela","sams.ferr.29@gmail.com","+58.04122418911","","Samuel Ferreira","SFTechnology Company","Res. Italia, Apto 81-C","Cua","Miranda","1211","Venezuela","sams.ferr.29@gmail.com","+58.04122418911","","Samuel Ferreira","SFTechnology Company","Res. Italia, Apto 81-C","Cua","Miranda","1211","Venezuela","sams.ferr.29@gmail.com","+58.04122418911","","","","","","","","","","","","y.dns40.com","z.dns40.com","","","clientTransferProhibited","","",""
"34","vpwhost.com","2020-05-08 20:56:40","2020-05-07","2020-05-07","2021-05-07","303","PDR Ltd. d/b/a PublicDomainRegistry.com","whois.publicdomainregistry.com","http://www.publicdomainregistry.com","Ruddy Gutierrez Palmar","VendoPaginasWeb.com, S.A.","Primera Avenida con Francisco de Miranda Edif. Roxul, Urb. Los Palos grandes, Chacao","Caracas","Dist Cap","1060","Venezuela","vendopaginasweb@gmail.com","+58.584125303571","","Ruddy Gutierrez Palmar","VendoPaginasWeb.com, S.A.","Primera Avenida con Francisco de Miranda Edif. Roxul, Urb. Los Palos grandes, Chacao","Caracas","Dist Cap","1060","Venezuela","vendopaginasweb@gmail.com","+58.584125303571","","Ruddy Gutierrez Palmar","VendoPaginasWeb.com, S.A.","Primera Avenida con Francisco de Miranda Edif. Roxul, Urb. Los Palos grandes, Chacao","Caracas","Dist Cap","1060","Venezuela","vendopaginasweb@gmail.com","+58.584125303571","","","","","","","","","","","","label.ns7.co","white.ns6.co","","","clientTransferProhibited","","",""