"num","domain_name","query_time","create_date","update_date","expiry_date","domain_registrar_id","domain_registrar_name","domain_registrar_whois","domain_registrar_url","registrant_name","registrant_company","registrant_address","registrant_city","registrant_state","registrant_zip","registrant_country","registrant_email","registrant_phone","registrant_fax","administrative_name","administrative_company","administrative_address","administrative_city","administrative_state","administrative_zip","administrative_country","administrative_email","administrative_phone","administrative_fax","technical_name","technical_company","technical_address","technical_city","technical_state","technical_zip","technical_country","technical_email","technical_phone","technical_fax","billing_name","billing_company","billing_address","billing_city","billing_state","billing_zip","billing_country","billing_email","billing_phone","billing_fax","name_server_1","name_server_2","name_server_3","name_server_4","domain_status_1","domain_status_2","domain_status_3","domain_status_4"
"1","abrishamtex.com","2020-05-11 19:59:50","2020-05-08","2020-05-08","2030-05-08","1387","1API GmbH","whois.1api.net","http://www.1api.net","REDACTED FOR PRIVACY","REDACTED FOR PRIVACY","REDACTED FOR PRIVACY","REDACTED FOR PRIVACY","Tehran","REDACTED FOR PRIVACY","Iran","","REDACTED FOR PRIVACY","","REDACTED FOR PRIVACY","REDACTED FOR PRIVACY","REDACTED FOR PRIVACY","REDACTED FOR PRIVACY","REDACTED FOR PRIVACY","REDACTED FOR PRIVACY","REDACTED FOR PRIVACY","","REDACTED FOR PRIVACY","","REDACTED FOR PRIVACY","REDACTED FOR PRIVACY","REDACTED FOR PRIVACY","REDACTED FOR PRIVACY","REDACTED FOR PRIVACY","REDACTED FOR PRIVACY","REDACTED FOR PRIVACY","","REDACTED FOR PRIVACY","","","","","","","","","","","","ns3.iranhost.com","ns4.iranhost.com","","","clientTransferProhibited","","",""
"2","actelevator.com","2020-05-11 19:56:50","2020-05-09","2020-05-09","2021-05-09","1387","1API GmbH","whois.1api.net","http://www.1api.net","REDACTED FOR PRIVACY","REDACTED FOR PRIVACY","REDACTED FOR PRIVACY","REDACTED FOR PRIVACY","Tehran","REDACTED FOR PRIVACY","Iran","","REDACTED FOR PRIVACY","","REDACTED FOR PRIVACY","REDACTED FOR PRIVACY","REDACTED FOR PRIVACY","REDACTED FOR PRIVACY","REDACTED FOR PRIVACY","REDACTED FOR PRIVACY","REDACTED FOR PRIVACY","","REDACTED FOR PRIVACY","","REDACTED FOR PRIVACY","REDACTED FOR PRIVACY","REDACTED FOR PRIVACY","REDACTED FOR PRIVACY","REDACTED FOR PRIVACY","REDACTED FOR PRIVACY","REDACTED FOR PRIVACY","","REDACTED FOR PRIVACY","","","","","","","","","","","","ns1.epizy.com","ns2.epizy.com","","","clientTransferProhibited","","",""
"3","ahurany.com","2020-05-11 20:14:40","2020-05-08","2020-05-08","2021-05-08","1387","1API GmbH","whois.1api.net","http://www.1api.net","REDACTED FOR PRIVACY","REDACTED FOR PRIVACY","REDACTED FOR PRIVACY","REDACTED FOR PRIVACY","Tehran","REDACTED FOR PRIVACY","Iran","","REDACTED FOR PRIVACY","","REDACTED FOR PRIVACY","REDACTED FOR PRIVACY","REDACTED FOR PRIVACY","REDACTED FOR PRIVACY","REDACTED FOR PRIVACY","REDACTED FOR PRIVACY","REDACTED FOR PRIVACY","","REDACTED FOR PRIVACY","","REDACTED FOR PRIVACY","REDACTED FOR PRIVACY","REDACTED FOR PRIVACY","REDACTED FOR PRIVACY","REDACTED FOR PRIVACY","REDACTED FOR PRIVACY","REDACTED FOR PRIVACY","","REDACTED FOR PRIVACY","","","","","","","","","","","","ns3.iranhost.com","ns4.iranhost.com","","","clientTransferProhibited","","",""
"4","andreabarbara.com","2020-05-11 20:06:24","2020-05-09","2020-05-09","2021-05-09","1387","1API GmbH","whois.1api.net","http://www.1api.net","REDACTED FOR PRIVACY","REDACTED FOR PRIVACY","REDACTED FOR PRIVACY","REDACTED FOR PRIVACY","","REDACTED FOR PRIVACY","Switzerland","","REDACTED FOR PRIVACY","","REDACTED FOR PRIVACY","REDACTED FOR PRIVACY","REDACTED FOR PRIVACY","REDACTED FOR PRIVACY","REDACTED FOR PRIVACY","REDACTED FOR PRIVACY","REDACTED FOR PRIVACY","","REDACTED FOR PRIVACY","","REDACTED FOR PRIVACY","REDACTED FOR PRIVACY","REDACTED FOR PRIVACY","REDACTED FOR PRIVACY","REDACTED FOR PRIVACY","REDACTED FOR PRIVACY","REDACTED FOR PRIVACY","","REDACTED FOR PRIVACY","","","","","","","","","","","","ns1.hosttech.ch","ns2.hosttech.ch","ns3.hosttech.ch","","clientTransferProhibited","","",""
"5","anotherdaytogether.com","2020-05-11 20:14:14","2020-05-08","2020-05-08","2021-05-08","1387","1API GmbH","whois.1api.net","http://www.1api.net","REDACTED FOR PRIVACY","REDACTED FOR PRIVACY","REDACTED FOR PRIVACY","REDACTED FOR PRIVACY","ON","REDACTED FOR PRIVACY","Canada","","REDACTED FOR PRIVACY","","REDACTED FOR PRIVACY","REDACTED FOR PRIVACY","REDACTED FOR PRIVACY","REDACTED FOR PRIVACY","REDACTED FOR PRIVACY","REDACTED FOR PRIVACY","REDACTED FOR PRIVACY","","REDACTED FOR PRIVACY","","REDACTED FOR PRIVACY","REDACTED FOR PRIVACY","REDACTED FOR PRIVACY","REDACTED FOR PRIVACY","REDACTED FOR PRIVACY","REDACTED FOR PRIVACY","REDACTED FOR PRIVACY","","REDACTED FOR PRIVACY","","","","","","","","","","","","ns1.whc.ca","ns2.whc.ca","ns3.whc.ca","","clientTransferProhibited","","",""
"6","authcustomer-invoice.com","2020-05-11 20:14:55","2020-05-08","2020-05-08","2021-05-08","1387","1API GmbH","whois.1api.net","http://www.1api.net","REDACTED FOR PRIVACY","REDACTED FOR PRIVACY","REDACTED FOR PRIVACY","REDACTED FOR PRIVACY","PA","REDACTED FOR PRIVACY","United States","","REDACTED FOR PRIVACY","","REDACTED FOR PRIVACY","REDACTED FOR PRIVACY","REDACTED FOR PRIVACY","REDACTED FOR PRIVACY","REDACTED FOR PRIVACY","REDACTED FOR PRIVACY","REDACTED FOR PRIVACY","","REDACTED FOR PRIVACY","","REDACTED FOR PRIVACY","REDACTED FOR PRIVACY","REDACTED FOR PRIVACY","REDACTED FOR PRIVACY","REDACTED FOR PRIVACY","REDACTED FOR PRIVACY","REDACTED FOR PRIVACY","","REDACTED FOR PRIVACY","","","","","","","","","","","","ns1192.hexonet.net","ns2164.hexonet.net","ns3183.hexonet.net","","clientTransferProhibited","","",""
"7","bk2d.com","2020-05-11 20:14:58","2020-05-08","2020-05-08","2021-05-08","1387","1API GmbH","whois.1api.net","http://www.1api.net","REDACTED FOR PRIVACY","REDACTED FOR PRIVACY","REDACTED FOR PRIVACY","REDACTED FOR PRIVACY","Hongkong","REDACTED FOR PRIVACY","China","","REDACTED FOR PRIVACY","","REDACTED FOR PRIVACY","REDACTED FOR PRIVACY","REDACTED FOR PRIVACY","REDACTED FOR PRIVACY","REDACTED FOR PRIVACY","REDACTED FOR PRIVACY","REDACTED FOR PRIVACY","","REDACTED FOR PRIVACY","","REDACTED FOR PRIVACY","REDACTED FOR PRIVACY","REDACTED FOR PRIVACY","REDACTED FOR PRIVACY","REDACTED FOR PRIVACY","REDACTED FOR PRIVACY","REDACTED FOR PRIVACY","","REDACTED FOR PRIVACY","","","","","","","","","","","","f1g1ns1.dnspod.net","f1g1ns2.dnspod.net","","","clientTransferProhibited","","",""
"8","bouph.com","2020-05-11 19:55:40","2020-05-09","2020-05-09","2021-05-09","1387","1API GmbH","whois.1api.net","http://www.1api.net","REDACTED FOR PRIVACY","REDACTED FOR PRIVACY","REDACTED FOR PRIVACY","REDACTED FOR PRIVACY","azarbayjan sharghi","REDACTED FOR PRIVACY","Azerbaijan","","REDACTED FOR PRIVACY","","REDACTED FOR PRIVACY","REDACTED FOR PRIVACY","REDACTED FOR PRIVACY","REDACTED FOR PRIVACY","REDACTED FOR PRIVACY","REDACTED FOR PRIVACY","REDACTED FOR PRIVACY","","REDACTED FOR PRIVACY","","REDACTED FOR PRIVACY","REDACTED FOR PRIVACY","REDACTED FOR PRIVACY","REDACTED FOR PRIVACY","REDACTED FOR PRIVACY","REDACTED FOR PRIVACY","REDACTED FOR PRIVACY","","REDACTED FOR PRIVACY","","","","","","","","","","","","ns3.dadetejarat.com","ns4.dadetejarat.com","","","clientTransferProhibited","","",""
"9","crazymodell.com","2020-05-11 20:05:24","2020-05-09","2020-05-11","2021-05-09","1387","1API GmbH","whois.1api.net","http://www.1api.net","REDACTED FOR PRIVACY","REDACTED FOR PRIVACY","REDACTED FOR PRIVACY","REDACTED FOR PRIVACY","SO","REDACTED FOR PRIVACY","Switzerland","","REDACTED FOR PRIVACY","","REDACTED FOR PRIVACY","REDACTED FOR PRIVACY","REDACTED FOR PRIVACY","REDACTED FOR PRIVACY","REDACTED FOR PRIVACY","REDACTED FOR PRIVACY","REDACTED FOR PRIVACY","","REDACTED FOR PRIVACY","","REDACTED FOR PRIVACY","REDACTED FOR PRIVACY","REDACTED FOR PRIVACY","REDACTED FOR PRIVACY","REDACTED FOR PRIVACY","REDACTED FOR PRIVACY","REDACTED FOR PRIVACY","","REDACTED FOR PRIVACY","","","","","","","","","","","","ns1.dnservice.ch","ns2.dnservice.ch","ns3.dnservice.ch","","clientTransferProhibited","","",""
"10","dansehmod.com","2020-05-11 19:55:16","2020-05-09","2020-05-09","2021-05-09","1387","1API GmbH","whois.1api.net","http://www.1api.net","REDACTED FOR PRIVACY","REDACTED FOR PRIVACY","REDACTED FOR PRIVACY","REDACTED FOR PRIVACY","Tehran","REDACTED FOR PRIVACY","Iran","","REDACTED FOR PRIVACY","","REDACTED FOR PRIVACY","REDACTED FOR PRIVACY","REDACTED FOR PRIVACY","REDACTED FOR PRIVACY","REDACTED FOR PRIVACY","REDACTED FOR PRIVACY","REDACTED FOR PRIVACY","","REDACTED FOR PRIVACY","","REDACTED FOR PRIVACY","REDACTED FOR PRIVACY","REDACTED FOR PRIVACY","REDACTED FOR PRIVACY","REDACTED FOR PRIVACY","REDACTED FOR PRIVACY","REDACTED FOR PRIVACY","","REDACTED FOR PRIVACY","","","","","","","","","","","","ns3.iranhost.com","ns4.iranhost.com","","","clientTransferProhibited","","",""
"11","deine-business-cloud.com","2020-05-11 19:56:41","2020-05-08","2020-05-08","2021-05-08","1387","1API GmbH","whois.1api.net","http://www.1api.net","REDACTED FOR PRIVACY","REDACTED FOR PRIVACY","REDACTED FOR PRIVACY","REDACTED FOR PRIVACY","B","REDACTED FOR PRIVACY","Germany","","REDACTED FOR PRIVACY","","REDACTED FOR PRIVACY","REDACTED FOR PRIVACY","REDACTED FOR PRIVACY","REDACTED FOR PRIVACY","REDACTED FOR PRIVACY","REDACTED FOR PRIVACY","REDACTED FOR PRIVACY","","REDACTED FOR PRIVACY","","REDACTED FOR PRIVACY","REDACTED FOR PRIVACY","REDACTED FOR PRIVACY","REDACTED FOR PRIVACY","REDACTED FOR PRIVACY","REDACTED FOR PRIVACY","REDACTED FOR PRIVACY","","REDACTED FOR PRIVACY","","","","","","","","","","","","pns01.dcsix.net","pns02.dcsix.net","pns03.dcsix.net","pns04.dcsix.net","clientTransferProhibited","","",""
"12","eamesplay.com","2020-05-11 20:02:02","2020-05-08","2020-05-08","2021-05-08","1387","1API GmbH","whois.1api.net","http://www.1api.net","c/o WHOIStrustee.com Limited","Registrant of eamesplay.com","6 Thornes Office Park Monckton Road","Wakefield","West Yorkshire","WF2 7AN","United Kingdom","c8d4c89e36@eamesplay.com.whoistrustee.com","+49.68416984300","","c/o WHOIStrustee.com Limited","Registrant of eamesplay.com","6 Thornes Office Park Monckton Road","Wakefield","West Yorkshire","WF2 7AN","United Kingdom","c8d4c89e36@eamesplay.com.whoistrustee.com","+49.68416984300","","c/o WHOIStrustee.com Limited","Registrant of eamesplay.com","6 Thornes Office Park Monckton Road","Wakefield","West Yorkshire","WF2 7AN","United Kingdom","c8d4c89e36@eamesplay.com.whoistrustee.com","+49.68416984300","","","","","","","","","","","","ns1.iwantmyname.net","ns2.iwantmyname.net","ns3.iwantmyname.net","ns4.iwantmyname.net","clientTransferProhibited","","",""
"13","eequebecdev.com","2020-05-11 19:57:08","2020-05-08","2020-05-11","2021-05-08","1387","1API GmbH","whois.1api.net","http://www.1api.net","REDACTED FOR PRIVACY","REDACTED FOR PRIVACY","REDACTED FOR PRIVACY","REDACTED FOR PRIVACY","QC","REDACTED FOR PRIVACY","Canada","","REDACTED FOR PRIVACY","","REDACTED FOR PRIVACY","REDACTED FOR PRIVACY","REDACTED FOR PRIVACY","REDACTED FOR PRIVACY","REDACTED FOR PRIVACY","REDACTED FOR PRIVACY","REDACTED FOR PRIVACY","","REDACTED FOR PRIVACY","","REDACTED FOR PRIVACY","REDACTED FOR PRIVACY","REDACTED FOR PRIVACY","REDACTED FOR PRIVACY","REDACTED FOR PRIVACY","REDACTED FOR PRIVACY","REDACTED FOR PRIVACY","","REDACTED FOR PRIVACY","","","","","","","","","","","","ns1-20-7302.hosting-management.com","ns2-20-7302.hosting-management.com","","","clientTransferProhibited","","",""
"14","erotikabenteuer.com","2020-05-11 20:04:04","2020-05-08","2020-05-08","2021-05-08","1387","1API GmbH","whois.1api.net","http://www.1api.net","REDACTED FOR PRIVACY","REDACTED FOR PRIVACY","REDACTED FOR PRIVACY","REDACTED FOR PRIVACY","","REDACTED FOR PRIVACY","Germany","","REDACTED FOR PRIVACY","","REDACTED FOR PRIVACY","REDACTED FOR PRIVACY","REDACTED FOR PRIVACY","REDACTED FOR PRIVACY","REDACTED FOR PRIVACY","REDACTED FOR PRIVACY","REDACTED FOR PRIVACY","","REDACTED FOR PRIVACY","","REDACTED FOR PRIVACY","REDACTED FOR PRIVACY","REDACTED FOR PRIVACY","REDACTED FOR PRIVACY","REDACTED FOR PRIVACY","REDACTED FOR PRIVACY","REDACTED FOR PRIVACY","","REDACTED FOR PRIVACY","","","","","","","","","","","","ns1.parkingcrew.net","ns2.parkingcrew.net","","","clientTransferProhibited","","",""
"15","fancybabyshoppe.com","2020-05-11 20:14:53","2020-05-08","2020-05-08","2021-05-08","1387","1API GmbH","whois.1api.net","http://www.1api.net","c/o WHOIStrustee.com Limited","Registrant of fancybabyshoppe.com","6 Thornes Office Park Monckton Road","Wakefield","West Yorkshire","WF2 7AN","United Kingdom","8f2b2c5d62@fancybabyshoppe.com.whoistrustee.com","+49.68416984300","","c/o WHOIStrustee.com Limited","Registrant of fancybabyshoppe.com","6 Thornes Office Park Monckton Road","Wakefield","West Yorkshire","WF2 7AN","United Kingdom","8f2b2c5d62@fancybabyshoppe.com.whoistrustee.com","+49.68416984300","","c/o WHOIStrustee.com Limited","Registrant of fancybabyshoppe.com","6 Thornes Office Park Monckton Road","Wakefield","West Yorkshire","WF2 7AN","United Kingdom","8f2b2c5d62@fancybabyshoppe.com.whoistrustee.com","+49.68416984300","","","","","","","","","","","","ns1.iwantmyname.net","ns2.iwantmyname.net","ns3.iwantmyname.net","ns4.iwantmyname.net","clientTransferProhibited","","",""
"16","fokme.com","2020-05-11 19:55:20","2020-05-08","2020-05-11","2021-05-08","1387","1API GmbH","whois.1api.net","http://www.1api.net","c/o WHOIStrustee.com Limited","Registrant of fokme.com","6 Thornes Office Park Monckton Road","Wakefield","West Yorkshire","WF2 7AN","United Kingdom","9c2c33647d@fokme.com.whoistrustee.com","+49.68416984300","","c/o WHOIStrustee.com Limited","Registrant of fokme.com","6 Thornes Office Park Monckton Road","Wakefield","West Yorkshire","WF2 7AN","United Kingdom","9c2c33647d@fokme.com.whoistrustee.com","+49.68416984300","","c/o WHOIStrustee.com Limited","Registrant of fokme.com","6 Thornes Office Park Monckton Road","Wakefield","West Yorkshire","WF2 7AN","United Kingdom","9c2c33647d@fokme.com.whoistrustee.com","+49.68416984300","","","","","","","","","","","","ns1.ispapi.net","ns2.ispapi.net","ns3.ispapi.net","","clientTransferProhibited","","",""
"17","garmkaran.com","2020-05-11 20:09:53","2020-05-09","2020-05-09","2021-05-09","1387","1API GmbH","whois.1api.net","http://www.1api.net","REDACTED FOR PRIVACY","REDACTED FOR PRIVACY","REDACTED FOR PRIVACY","REDACTED FOR PRIVACY","?????","REDACTED FOR PRIVACY","Iran","","REDACTED FOR PRIVACY","","REDACTED FOR PRIVACY","REDACTED FOR PRIVACY","REDACTED FOR PRIVACY","REDACTED FOR PRIVACY","REDACTED FOR PRIVACY","REDACTED FOR PRIVACY","REDACTED FOR PRIVACY","","REDACTED FOR PRIVACY","","REDACTED FOR PRIVACY","REDACTED FOR PRIVACY","REDACTED FOR PRIVACY","REDACTED FOR PRIVACY","REDACTED FOR PRIVACY","REDACTED FOR PRIVACY","REDACTED FOR PRIVACY","","REDACTED FOR PRIVACY","","","","","","","","","","","","ns3420.ritahost.com","ns7393.ritahost.com","","","clientTransferProhibited","","",""
"18","gmbhnow.com","2020-05-11 20:04:04","2020-05-08","2020-05-08","2021-05-08","1387","1API GmbH","whois.1api.net","http://www.1api.net","REDACTED FOR PRIVACY","REDACTED FOR PRIVACY","REDACTED FOR PRIVACY","REDACTED FOR PRIVACY","","REDACTED FOR PRIVACY","Germany","","REDACTED FOR PRIVACY","","REDACTED FOR PRIVACY","REDACTED FOR PRIVACY","REDACTED FOR PRIVACY","REDACTED FOR PRIVACY","REDACTED FOR PRIVACY","REDACTED FOR PRIVACY","REDACTED FOR PRIVACY","","REDACTED FOR PRIVACY","","REDACTED FOR PRIVACY","REDACTED FOR PRIVACY","REDACTED FOR PRIVACY","REDACTED FOR PRIVACY","REDACTED FOR PRIVACY","REDACTED FOR PRIVACY","REDACTED FOR PRIVACY","","REDACTED FOR PRIVACY","","","","","","","","","","","","ns1.parkingcrew.net","ns2.parkingcrew.net","","","clientTransferProhibited","","",""
"19","jadelegalllp.com","2020-05-11 20:14:04","2020-05-08","2020-05-08","2021-05-08","1387","1API GmbH","whois.1api.net","http://www.1api.net","c/o WHOIStrustee.com Limited","Registrant of jadelegalllp.com","6 Thornes Office Park Monckton Road","Wakefield","West Yorkshire","WF2 7AN","United Kingdom","dece4fb719@jadelegalllp.com.whoistrustee.com","+49.68416984300","","c/o WHOIStrustee.com Limited","Registrant of jadelegalllp.com","6 Thornes Office Park Monckton Road","Wakefield","West Yorkshire","WF2 7AN","United Kingdom","dece4fb719@jadelegalllp.com.whoistrustee.com","+49.68416984300","","c/o WHOIStrustee.com Limited","Registrant of jadelegalllp.com","6 Thornes Office Park Monckton Road","Wakefield","West Yorkshire","WF2 7AN","United Kingdom","dece4fb719@jadelegalllp.com.whoistrustee.com","+49.68416984300","","","","","","","","","","","","ns1.whc.ca","ns2.whc.ca","ns3.whc.ca","","clientTransferProhibited","","",""
"20","jahane-elm.com","2020-05-11 20:07:36","2020-05-09","2020-05-11","2021-05-09","1387","1API GmbH","whois.1api.net","http://www.1api.net","REDACTED FOR PRIVACY","REDACTED FOR PRIVACY","REDACTED FOR PRIVACY","REDACTED FOR PRIVACY","?????? ? ????????","REDACTED FOR PRIVACY","Iran","","REDACTED FOR PRIVACY","","REDACTED FOR PRIVACY","REDACTED FOR PRIVACY","REDACTED FOR PRIVACY","REDACTED FOR PRIVACY","REDACTED FOR PRIVACY","REDACTED FOR PRIVACY","REDACTED FOR PRIVACY","","REDACTED FOR PRIVACY","","REDACTED FOR PRIVACY","REDACTED FOR PRIVACY","REDACTED FOR PRIVACY","REDACTED FOR PRIVACY","REDACTED FOR PRIVACY","REDACTED FOR PRIVACY","REDACTED FOR PRIVACY","","REDACTED FOR PRIVACY","","","","","","","","","","","","armando.ns.cloudflare.com","marlowe.ns.cloudflare.com","","","clientTransferProhibited","","",""
"21","josephsspaghettished.com","2020-05-11 20:00:28","2020-05-08","2020-05-08","2025-05-08","1387","1API GmbH","whois.1api.net","http://www.1api.net","REDACTED FOR PRIVACY","REDACTED FOR PRIVACY","REDACTED FOR PRIVACY","REDACTED FOR PRIVACY","NH","REDACTED FOR PRIVACY","United States","","REDACTED FOR PRIVACY","","REDACTED FOR PRIVACY","REDACTED FOR PRIVACY","REDACTED FOR PRIVACY","REDACTED FOR PRIVACY","REDACTED FOR PRIVACY","REDACTED FOR PRIVACY","REDACTED FOR PRIVACY","","REDACTED FOR PRIVACY","","REDACTED FOR PRIVACY","REDACTED FOR PRIVACY","REDACTED FOR PRIVACY","REDACTED FOR PRIVACY","REDACTED FOR PRIVACY","REDACTED FOR PRIVACY","REDACTED FOR PRIVACY","","REDACTED FOR PRIVACY","","","","","","","","","","","","lara.ns.cloudflare.com","will.ns.cloudflare.com","","","clientTransferProhibited","","",""
"22","juliawernig.com","2020-05-11 20:15:32","2020-05-09","2020-05-09","2021-05-09","1387","1API GmbH","whois.1api.net","http://www.1api.net","REDACTED FOR PRIVACY","REDACTED FOR PRIVACY","REDACTED FOR PRIVACY","REDACTED FOR PRIVACY","","REDACTED FOR PRIVACY","Austria","","REDACTED FOR PRIVACY","","REDACTED FOR PRIVACY","REDACTED FOR PRIVACY","REDACTED FOR PRIVACY","REDACTED FOR PRIVACY","REDACTED FOR PRIVACY","REDACTED FOR PRIVACY","REDACTED FOR PRIVACY","","REDACTED FOR PRIVACY","","REDACTED FOR PRIVACY","REDACTED FOR PRIVACY","REDACTED FOR PRIVACY","REDACTED FOR PRIVACY","REDACTED FOR PRIVACY","REDACTED FOR PRIVACY","REDACTED FOR PRIVACY","","REDACTED FOR PRIVACY","","","","","","","","","","","","ns1.hosttech.at","ns2.hosttech.at","ns3.hosttech.at","","clientTransferProhibited","","",""
"23","katykatbrooks.com","2020-05-11 20:14:44","2020-05-08","2020-05-08","2021-05-08","1387","1API GmbH","whois.1api.net","http://www.1api.net","c/o WHOIStrustee.com Limited","Registrant of katykatbrooks.com","6 Thornes Office Park Monckton Road","Wakefield","West Yorkshire","WF2 7AN","United Kingdom","ad0a881b68@katykatbrooks.com.whoistrustee.com","+49.68416984300","","c/o WHOIStrustee.com Limited","Registrant of katykatbrooks.com","6 Thornes Office Park Monckton Road","Wakefield","West Yorkshire","WF2 7AN","United Kingdom","ad0a881b68@katykatbrooks.com.whoistrustee.com","+49.68416984300","","c/o WHOIStrustee.com Limited","Registrant of katykatbrooks.com","6 Thornes Office Park Monckton Road","Wakefield","West Yorkshire","WF2 7AN","United Kingdom","ad0a881b68@katykatbrooks.com.whoistrustee.com","+49.68416984300","","","","","","","","","","","","ns1.iwantmyname.net","ns2.iwantmyname.net","ns3.iwantmyname.net","ns4.iwantmyname.net","clientTransferProhibited","","",""
"24","kilotah.com","2020-05-11 20:15:32","2020-05-09","2020-05-09","2021-05-09","1387","1API GmbH","whois.1api.net","http://www.1api.net","c/o WHOIStrustee.com Limited","Registrant of kilotah.com","6 Thornes Office Park Monckton Road","Wakefield","West Yorkshire","WF2 7AN","United Kingdom","6a88b86940@kilotah.com.whoistrustee.com","+49.68416984300","","c/o WHOIStrustee.com Limited","Registrant of kilotah.com","6 Thornes Office Park Monckton Road","Wakefield","West Yorkshire","WF2 7AN","United Kingdom","6a88b86940@kilotah.com.whoistrustee.com","+49.68416984300","","c/o WHOIStrustee.com Limited","Registrant of kilotah.com","6 Thornes Office Park Monckton Road","Wakefield","West Yorkshire","WF2 7AN","United Kingdom","6a88b86940@kilotah.com.whoistrustee.com","+49.68416984300","","","","","","","","","","","","cloud1.whc.ca","cloud2.whc.ca","","","clientTransferProhibited","","",""
"25","lane.industries","2020-05-12 00:57:49","2020-05-10","2020-05-10","2021-05-10","1387","1API GmbH","whois.1api.net","http://www.1api.net","REDACTED FOR PRIVACY","Registrant of lane.industries","REDACTED FOR PRIVACY","REDACTED FOR PRIVACY","West Yorkshire","REDACTED FOR PRIVACY","United Kingdom","","REDACTED FOR PRIVACY","REDACTED FOR PRIVACY","","","","","","","","","","","","","","","","","","","","","","","","","","","","","","","","","","","addPeriod","clientTransferProhibited","",""
"26","lavabottega.com","2020-05-11 20:13:30","2020-05-09","2020-05-09","2021-05-09","1387","1API GmbH","whois.1api.net","http://www.1api.net","REDACTED FOR PRIVACY","REDACTED FOR PRIVACY","REDACTED FOR PRIVACY","REDACTED FOR PRIVACY","?????","REDACTED FOR PRIVACY","Iran","","REDACTED FOR PRIVACY","","REDACTED FOR PRIVACY","REDACTED FOR PRIVACY","REDACTED FOR PRIVACY","REDACTED FOR PRIVACY","REDACTED FOR PRIVACY","REDACTED FOR PRIVACY","REDACTED FOR PRIVACY","","REDACTED FOR PRIVACY","","REDACTED FOR PRIVACY","REDACTED FOR PRIVACY","REDACTED FOR PRIVACY","REDACTED FOR PRIVACY","REDACTED FOR PRIVACY","REDACTED FOR PRIVACY","REDACTED FOR PRIVACY","","REDACTED FOR PRIVACY","","","","","","","","","","","","ns50.sitesazz.com","ns51.sitesazz.com","","","clientTransferProhibited","","",""
"27","leapfrogvc.com","2020-05-11 20:02:51","2020-05-08","2020-05-08","2021-05-08","1387","1API GmbH","whois.1api.net","http://www.1api.net","c/o WHOIStrustee.com Limited","Registrant of leapfrogvc.com","6 Thornes Office Park Monckton Road","Wakefield","West Yorkshire","WF2 7AN","United Kingdom","7776ddaadd@leapfrogvc.com.whoistrustee.com","+49.68416984300","","c/o WHOIStrustee.com Limited","Registrant of leapfrogvc.com","6 Thornes Office Park Monckton Road","Wakefield","West Yorkshire","WF2 7AN","United Kingdom","7776ddaadd@leapfrogvc.com.whoistrustee.com","+49.68416984300","","c/o WHOIStrustee.com Limited","Registrant of leapfrogvc.com","6 Thornes Office Park Monckton Road","Wakefield","West Yorkshire","WF2 7AN","United Kingdom","7776ddaadd@leapfrogvc.com.whoistrustee.com","+49.68416984300","","","","","","","","","","","","ns1.iwantmyname.net","ns2.iwantmyname.net","ns3.iwantmyname.net","ns4.iwantmyname.net","clientTransferProhibited","","",""
"28","maciatorres.com","2020-05-11 20:02:31","2020-05-08","2020-05-08","2021-05-08","1387","1API GmbH","whois.1api.net","http://www.1api.net","REDACTED FOR PRIVACY","REDACTED FOR PRIVACY","REDACTED FOR PRIVACY","REDACTED FOR PRIVACY","CA","REDACTED FOR PRIVACY","United States","","REDACTED FOR PRIVACY","","REDACTED FOR PRIVACY","REDACTED FOR PRIVACY","REDACTED FOR PRIVACY","REDACTED FOR PRIVACY","REDACTED FOR PRIVACY","REDACTED FOR PRIVACY","REDACTED FOR PRIVACY","","REDACTED FOR PRIVACY","","REDACTED FOR PRIVACY","REDACTED FOR PRIVACY","REDACTED FOR PRIVACY","REDACTED FOR PRIVACY","REDACTED FOR PRIVACY","REDACTED FOR PRIVACY","REDACTED FOR PRIVACY","","REDACTED FOR PRIVACY","","","","","","","","","","","","ns1.dreamhost.com","ns2.dreamhost.com","ns3.dreamhost.com","","clientTransferProhibited","","",""
"29","macphersonmarketingsocial.com","2020-05-11 20:15:49","2020-05-09","2020-05-09","2021-05-09","1387","1API GmbH","whois.1api.net","http://www.1api.net","c/o WHOIStrustee.com Limited","Registrant of macphersonmarketingsocial.com","6 Thornes Office Park Monckton Road","Wakefield","West Yorkshire","WF2 7AN","United Kingdom","aa9d9f9a6d@macphersonmarketingsocial.com.whoistrustee.com","+49.68416984300","","c/o WHOIStrustee.com Limited","Registrant of macphersonmarketingsocial.com","6 Thornes Office Park Monckton Road","Wakefield","West Yorkshire","WF2 7AN","United Kingdom","aa9d9f9a6d@macphersonmarketingsocial.com.whoistrustee.com","+49.68416984300","","c/o WHOIStrustee.com Limited","Registrant of macphersonmarketingsocial.com","6 Thornes Office Park Monckton Road","Wakefield","West Yorkshire","WF2 7AN","United Kingdom","aa9d9f9a6d@macphersonmarketingsocial.com.whoistrustee.com","+49.68416984300","","","","","","","","","","","","dns1.macphersonhosting.com","dns2.macphersonhosting.com","","","OK","","",""
"30","makemebuff.com","2020-05-11 20:14:32","2020-05-08","2020-05-08","2021-05-08","1387","1API GmbH","whois.1api.net","http://www.1api.net","c/o WHOIStrustee.com Limited","Registrant of makemebuff.com","6 Thornes Office Park Monckton Road","Wakefield","West Yorkshire","WF2 7AN","United Kingdom","339b4864ec@makemebuff.com.whoistrustee.com","+49.68416984300","","c/o WHOIStrustee.com Limited","Registrant of makemebuff.com","6 Thornes Office Park Monckton Road","Wakefield","West Yorkshire","WF2 7AN","United Kingdom","339b4864ec@makemebuff.com.whoistrustee.com","+49.68416984300","","c/o WHOIStrustee.com Limited","Registrant of makemebuff.com","6 Thornes Office Park Monckton Road","Wakefield","West Yorkshire","WF2 7AN","United Kingdom","339b4864ec@makemebuff.com.whoistrustee.com","+49.68416984300","","","","","","","","","","","","ns1.iwantmyname.net","ns2.iwantmyname.net","ns3.iwantmyname.net","ns4.iwantmyname.net","clientTransferProhibited","","",""
"31","manage5upport-app1erecovery.com","2020-05-11 17:44:30","2020-05-11","2020-05-11","2021-05-11","1387","1API GmbH","whois.1api.net","http://www.1api.net","REDACTED FOR PRIVACY","REDACTED FOR PRIVACY","REDACTED FOR PRIVACY","REDACTED FOR PRIVACY","CA","REDACTED FOR PRIVACY","United States","","REDACTED FOR PRIVACY","","REDACTED FOR PRIVACY","REDACTED FOR PRIVACY","REDACTED FOR PRIVACY","REDACTED FOR PRIVACY","REDACTED FOR PRIVACY","REDACTED FOR PRIVACY","REDACTED FOR PRIVACY","","REDACTED FOR PRIVACY","","REDACTED FOR PRIVACY","REDACTED FOR PRIVACY","REDACTED FOR PRIVACY","REDACTED FOR PRIVACY","REDACTED FOR PRIVACY","REDACTED FOR PRIVACY","REDACTED FOR PRIVACY","","REDACTED FOR PRIVACY","","","","","","","","","","","","ns1222.hexonet.net","ns2212.hexonet.net","ns3161.hexonet.net","","clientTransferProhibited","","",""
"32","manageconf1rm-app1erecovery.com","2020-05-11 19:39:38","2020-05-11","2020-05-11","2021-05-11","1387","1API GmbH","whois.1api.net","http://www.1api.net","REDACTED FOR PRIVACY","REDACTED FOR PRIVACY","REDACTED FOR PRIVACY","REDACTED FOR PRIVACY","CA","REDACTED FOR PRIVACY","United States","","REDACTED FOR PRIVACY","","REDACTED FOR PRIVACY","REDACTED FOR PRIVACY","REDACTED FOR PRIVACY","REDACTED FOR PRIVACY","REDACTED FOR PRIVACY","REDACTED FOR PRIVACY","REDACTED FOR PRIVACY","","REDACTED FOR PRIVACY","","REDACTED FOR PRIVACY","REDACTED FOR PRIVACY","REDACTED FOR PRIVACY","REDACTED FOR PRIVACY","REDACTED FOR PRIVACY","REDACTED FOR PRIVACY","REDACTED FOR PRIVACY","","REDACTED FOR PRIVACY","","","","","","","","","","","","ns1222.hexonet.net","ns2212.hexonet.net","ns3161.hexonet.net","","clientTransferProhibited","","",""
"33","mayhemcasual.com","2020-05-11 19:56:21","2020-05-08","2020-05-08","2021-05-08","1387","1API GmbH","whois.1api.net","http://www.1api.net","REDACTED FOR PRIVACY","REDACTED FOR PRIVACY","REDACTED FOR PRIVACY","REDACTED FOR PRIVACY","mazowieckie","REDACTED FOR PRIVACY","Poland","","REDACTED FOR PRIVACY","","REDACTED FOR PRIVACY","REDACTED FOR PRIVACY","REDACTED FOR PRIVACY","REDACTED FOR PRIVACY","REDACTED FOR PRIVACY","REDACTED FOR PRIVACY","REDACTED FOR PRIVACY","","REDACTED FOR PRIVACY","","REDACTED FOR PRIVACY","REDACTED FOR PRIVACY","REDACTED FOR PRIVACY","REDACTED FOR PRIVACY","REDACTED FOR PRIVACY","REDACTED FOR PRIVACY","REDACTED FOR PRIVACY","","REDACTED FOR PRIVACY","","","","","","","","","","","","ns1.zenbox.pl","ns2.zenbox.pl","","","clientTransferProhibited","","",""
"34","meat.land","2020-05-11 01:19:17","2020-05-08","2020-05-08","2021-05-08","1387","1API GmbH","whois.1api.net","http://www.1api.net","REDACTED FOR PRIVACY","","REDACTED FOR PRIVACY","REDACTED FOR PRIVACY","Ke","REDACTED FOR PRIVACY","India","","REDACTED FOR PRIVACY","REDACTED FOR PRIVACY","","","","","","","","","","","","","","","","","","","","","","","","","","","","","","","","","","","addPeriod","clientTransferProhibited","",""
"35","middleeastculture.com","2020-05-11 20:14:12","2020-05-08","2020-05-08","2021-05-08","1387","1API GmbH","whois.1api.net","http://www.1api.net","c/o WHOIStrustee.com Limited","Registrant of middleeastculture.com","6 Thornes Office Park Monckton Road","Wakefield","West Yorkshire","WF2 7AN","United Kingdom","fd6773797e@middleeastculture.com.whoistrustee.com","+49.68416984300","","c/o WHOIStrustee.com Limited","Registrant of middleeastculture.com","6 Thornes Office Park Monckton Road","Wakefield","West Yorkshire","WF2 7AN","United Kingdom","fd6773797e@middleeastculture.com.whoistrustee.com","+49.68416984300","","c/o WHOIStrustee.com Limited","Registrant of middleeastculture.com","6 Thornes Office Park Monckton Road","Wakefield","West Yorkshire","WF2 7AN","United Kingdom","fd6773797e@middleeastculture.com.whoistrustee.com","+49.68416984300","","","","","","","","","","","","ns1.iwantmyname.net","ns2.iwantmyname.net","ns3.iwantmyname.net","ns4.iwantmyname.net","clientTransferProhibited","","",""
"36","mmkj1667.com","2020-05-11 20:13:32","2020-05-09","2020-05-09","2021-05-09","1387","1API GmbH","whois.1api.net","http://www.1api.net","REDACTED FOR PRIVACY","REDACTED FOR PRIVACY","REDACTED FOR PRIVACY","REDACTED FOR PRIVACY","Zhejiang","REDACTED FOR PRIVACY","China","","REDACTED FOR PRIVACY","","REDACTED FOR PRIVACY","REDACTED FOR PRIVACY","REDACTED FOR PRIVACY","REDACTED FOR PRIVACY","REDACTED FOR PRIVACY","REDACTED FOR PRIVACY","REDACTED FOR PRIVACY","","REDACTED FOR PRIVACY","","REDACTED FOR PRIVACY","REDACTED FOR PRIVACY","REDACTED FOR PRIVACY","REDACTED FOR PRIVACY","REDACTED FOR PRIVACY","REDACTED FOR PRIVACY","REDACTED FOR PRIVACY","","REDACTED FOR PRIVACY","","","","","","","","","","","","f1g1ns1.dnspod.net","f1g1ns2.dnspod.net","","","clientTransferProhibited","","",""
"37","nedayemodaresan.com","2020-05-11 19:58:28","2020-05-08","2020-05-08","2021-05-08","1387","1API GmbH","whois.1api.net","http://www.1api.net","REDACTED FOR PRIVACY","REDACTED FOR PRIVACY","REDACTED FOR PRIVACY","REDACTED FOR PRIVACY","?????","REDACTED FOR PRIVACY","Iran","","REDACTED FOR PRIVACY","","REDACTED FOR PRIVACY","REDACTED FOR PRIVACY","REDACTED FOR PRIVACY","REDACTED FOR PRIVACY","REDACTED FOR PRIVACY","REDACTED FOR PRIVACY","REDACTED FOR PRIVACY","","REDACTED FOR PRIVACY","","REDACTED FOR PRIVACY","REDACTED FOR PRIVACY","REDACTED FOR PRIVACY","REDACTED FOR PRIVACY","REDACTED FOR PRIVACY","REDACTED FOR PRIVACY","REDACTED FOR PRIVACY","","REDACTED FOR PRIVACY","","","","","","","","","","","","ns1.neogaming.ir","ns2.neogaming.ir","","","clientTransferProhibited","","",""
"38","ocrnetwork.community","2020-05-11 21:34:13","2020-05-10","2020-05-10","2021-05-10","1387","1API GmbH","whois.1api.net","http://www.1api.net","REDACTED FOR PRIVACY","Registrant of ocrnetwork.community","REDACTED FOR PRIVACY","REDACTED FOR PRIVACY","West Yorkshire","REDACTED FOR PRIVACY","United Kingdom","","REDACTED FOR PRIVACY","REDACTED FOR PRIVACY","","","","","","","","","","","","","","","","","","","","","","","","","","","","","","","","","","","addPeriod","clientTransferProhibited","",""
"39","openplastics.com","2020-05-11 20:00:22","2020-05-08","2020-05-08","2021-05-08","1387","1API GmbH","whois.1api.net","http://www.1api.net","c/o WHOIStrustee.com Limited","Registrant of openplastics.com","6 Thornes Office Park Monckton Road","Wakefield","West Yorkshire","WF2 7AN","United Kingdom","1eee616bea@openplastics.com.whoistrustee.com","+49.68416984300","","c/o WHOIStrustee.com Limited","Registrant of openplastics.com","6 Thornes Office Park Monckton Road","Wakefield","West Yorkshire","WF2 7AN","United Kingdom","1eee616bea@openplastics.com.whoistrustee.com","+49.68416984300","","c/o WHOIStrustee.com Limited","Registrant of openplastics.com","6 Thornes Office Park Monckton Road","Wakefield","West Yorkshire","WF2 7AN","United Kingdom","1eee616bea@openplastics.com.whoistrustee.com","+49.68416984300","","","","","","","","","","","","ns1.iwantmyname.net","ns2.iwantmyname.net","ns3.iwantmyname.net","ns4.iwantmyname.net","clientTransferProhibited","","",""
"40","painlessrehab.com","2020-05-11 19:55:06","2020-05-08","2020-05-11","2021-05-08","1387","1API GmbH","whois.1api.net","http://www.1api.net","c/o WHOIStrustee.com Limited","Registrant of painlessrehab.com","6 Thornes Office Park Monckton Road","Wakefield","West Yorkshire","WF2 7AN","United Kingdom","29fa8aa4ac@painlessrehab.com.whoistrustee.com","+49.68416984300","","c/o WHOIStrustee.com Limited","Registrant of painlessrehab.com","6 Thornes Office Park Monckton Road","Wakefield","West Yorkshire","WF2 7AN","United Kingdom","29fa8aa4ac@painlessrehab.com.whoistrustee.com","+49.68416984300","","c/o WHOIStrustee.com Limited","Registrant of painlessrehab.com","6 Thornes Office Park Monckton Road","Wakefield","West Yorkshire","WF2 7AN","United Kingdom","29fa8aa4ac@painlessrehab.com.whoistrustee.com","+49.68416984300","","","","","","","","","","","","ns1.ispapi.net","ns2.ispapi.net","ns3.ispapi.net","","clientTransferProhibited","","",""
"41","payment-authz.com","2020-05-11 20:14:04","2020-05-08","2020-05-08","2021-05-08","1387","1API GmbH","whois.1api.net","http://www.1api.net","REDACTED FOR PRIVACY","REDACTED FOR PRIVACY","REDACTED FOR PRIVACY","REDACTED FOR PRIVACY","PA","REDACTED FOR PRIVACY","United States","","REDACTED FOR PRIVACY","","REDACTED FOR PRIVACY","REDACTED FOR PRIVACY","REDACTED FOR PRIVACY","REDACTED FOR PRIVACY","REDACTED FOR PRIVACY","REDACTED FOR PRIVACY","REDACTED FOR PRIVACY","","REDACTED FOR PRIVACY","","REDACTED FOR PRIVACY","REDACTED FOR PRIVACY","REDACTED FOR PRIVACY","REDACTED FOR PRIVACY","REDACTED FOR PRIVACY","REDACTED FOR PRIVACY","REDACTED FOR PRIVACY","","REDACTED FOR PRIVACY","","","","","","","","","","","","ns1192.hexonet.net","ns2164.hexonet.net","ns3183.hexonet.net","","clientTransferProhibited","","",""
"42","pedosophia.com","2020-05-11 19:55:08","2020-05-09","2020-05-09","2021-05-09","1387","1API GmbH","whois.1api.net","http://www.1api.net","c/o WHOIStrustee.com Limited","Registrant of pedosophia.com","6 Thornes Office Park Monckton Road","Wakefield","West Yorkshire","WF2 7AN","United Kingdom","1744629a41@pedosophia.com.whoistrustee.com","+49.68416984300","","c/o WHOIStrustee.com Limited","Registrant of pedosophia.com","6 Thornes Office Park Monckton Road","Wakefield","West Yorkshire","WF2 7AN","United Kingdom","1744629a41@pedosophia.com.whoistrustee.com","+49.68416984300","","c/o WHOIStrustee.com Limited","Registrant of pedosophia.com","6 Thornes Office Park Monckton Road","Wakefield","West Yorkshire","WF2 7AN","United Kingdom","1744629a41@pedosophia.com.whoistrustee.com","+49.68416984300","","","","","","","","","","","","ns1eu.service-dns.net","ns2eu.service-dns.net","ns3eu.service-dns.net","","clientTransferProhibited","","",""
"43","persisgold.com","2020-05-11 20:16:03","2020-05-09","2020-05-09","2021-05-09","1387","1API GmbH","whois.1api.net","http://www.1api.net","REDACTED FOR PRIVACY","REDACTED FOR PRIVACY","REDACTED FOR PRIVACY","REDACTED FOR PRIVACY","Tehran","REDACTED FOR PRIVACY","Iran","","REDACTED FOR PRIVACY","","REDACTED FOR PRIVACY","REDACTED FOR PRIVACY","REDACTED FOR PRIVACY","REDACTED FOR PRIVACY","REDACTED FOR PRIVACY","REDACTED FOR PRIVACY","REDACTED FOR PRIVACY","","REDACTED FOR PRIVACY","","REDACTED FOR PRIVACY","REDACTED FOR PRIVACY","REDACTED FOR PRIVACY","REDACTED FOR PRIVACY","REDACTED FOR PRIVACY","REDACTED FOR PRIVACY","REDACTED FOR PRIVACY","","REDACTED FOR PRIVACY","","","","","","","","","","","","ns3.iranhost.com","ns4.iranhost.com","","","clientTransferProhibited","","",""
"44","powdersandpills.com","2020-05-11 20:14:32","2020-05-08","2020-05-08","2021-05-08","1387","1API GmbH","whois.1api.net","http://www.1api.net","c/o WHOIStrustee.com Limited","Registrant of powdersandpills.com","6 Thornes Office Park Monckton Road","Wakefield","West Yorkshire","WF2 7AN","United Kingdom","ba1cf3ac84@powdersandpills.com.whoistrustee.com","+49.68416984300","","c/o WHOIStrustee.com Limited","Registrant of powdersandpills.com","6 Thornes Office Park Monckton Road","Wakefield","West Yorkshire","WF2 7AN","United Kingdom","ba1cf3ac84@powdersandpills.com.whoistrustee.com","+49.68416984300","","c/o WHOIStrustee.com Limited","Registrant of powdersandpills.com","6 Thornes Office Park Monckton Road","Wakefield","West Yorkshire","WF2 7AN","United Kingdom","ba1cf3ac84@powdersandpills.com.whoistrustee.com","+49.68416984300","","","","","","","","","","","","ns1.iwantmyname.net","ns2.iwantmyname.net","ns3.iwantmyname.net","ns4.iwantmyname.net","clientTransferProhibited","","",""
"45","productionsjr.com","2020-05-11 20:05:22","2020-05-09","2020-05-09","2021-05-09","1387","1API GmbH","whois.1api.net","http://www.1api.net","REDACTED FOR PRIVACY","REDACTED FOR PRIVACY","REDACTED FOR PRIVACY","REDACTED FOR PRIVACY","QC","REDACTED FOR PRIVACY","Canada","","REDACTED FOR PRIVACY","","REDACTED FOR PRIVACY","REDACTED FOR PRIVACY","REDACTED FOR PRIVACY","REDACTED FOR PRIVACY","REDACTED FOR PRIVACY","REDACTED FOR PRIVACY","REDACTED FOR PRIVACY","","REDACTED FOR PRIVACY","","REDACTED FOR PRIVACY","REDACTED FOR PRIVACY","REDACTED FOR PRIVACY","REDACTED FOR PRIVACY","REDACTED FOR PRIVACY","REDACTED FOR PRIVACY","REDACTED FOR PRIVACY","","REDACTED FOR PRIVACY","","","","","","","","","","","","ns1.whc.ca","ns2.whc.ca","ns3.whc.ca","","clientTransferProhibited","","",""
"46","provenrehab.com","2020-05-11 19:54:57","2020-05-08","2020-05-11","2021-05-08","1387","1API GmbH","whois.1api.net","http://www.1api.net","c/o WHOIStrustee.com Limited","Registrant of provenrehab.com","6 Thornes Office Park Monckton Road","Wakefield","West Yorkshire","WF2 7AN","United Kingdom","f11fb5b0c3@provenrehab.com.whoistrustee.com","+49.68416984300","","c/o WHOIStrustee.com Limited","Registrant of provenrehab.com","6 Thornes Office Park Monckton Road","Wakefield","West Yorkshire","WF2 7AN","United Kingdom","f11fb5b0c3@provenrehab.com.whoistrustee.com","+49.68416984300","","c/o WHOIStrustee.com Limited","Registrant of provenrehab.com","6 Thornes Office Park Monckton Road","Wakefield","West Yorkshire","WF2 7AN","United Kingdom","f11fb5b0c3@provenrehab.com.whoistrustee.com","+49.68416984300","","","","","","","","","","","","ns1.ispapi.net","ns2.ispapi.net","ns3.ispapi.net","","clientTransferProhibited","","",""
"47","psiquiatrianutricional.com","2020-05-11 20:04:06","2020-05-08","2020-05-08","2021-05-08","1387","1API GmbH","whois.1api.net","http://www.1api.net","c/o WHOIStrustee.com Limited","Registrant of psiquiatrianutricional.com","6 Thornes Office Park Monckton Road","Wakefield","West Yorkshire","WF2 7AN","United Kingdom","276b9b39ce@psiquiatrianutricional.com.whoistrustee.com","+49.68416984300","","c/o WHOIStrustee.com Limited","Registrant of psiquiatrianutricional.com","6 Thornes Office Park Monckton Road","Wakefield","West Yorkshire","WF2 7AN","United Kingdom","276b9b39ce@psiquiatrianutricional.com.whoistrustee.com","+49.68416984300","","c/o WHOIStrustee.com Limited","Registrant of psiquiatrianutricional.com","6 Thornes Office Park Monckton Road","Wakefield","West Yorkshire","WF2 7AN","United Kingdom","276b9b39ce@psiquiatrianutricional.com.whoistrustee.com","+49.68416984300","","","","","","","","","","","","ns1.whc.ca","ns2.whc.ca","ns3.whc.ca","","clientTransferProhibited","","",""
"48","redlinnet.com","2020-05-11 20:02:17","2020-05-08","2020-05-08","2021-05-08","1387","1API GmbH","whois.1api.net","http://www.1api.net","REDACTED FOR PRIVACY","REDACTED FOR PRIVACY","REDACTED FOR PRIVACY","REDACTED FOR PRIVACY","Khuzestan","REDACTED FOR PRIVACY","Iran","","REDACTED FOR PRIVACY","","REDACTED FOR PRIVACY","REDACTED FOR PRIVACY","REDACTED FOR PRIVACY","REDACTED FOR PRIVACY","REDACTED FOR PRIVACY","REDACTED FOR PRIVACY","REDACTED FOR PRIVACY","","REDACTED FOR PRIVACY","","REDACTED FOR PRIVACY","REDACTED FOR PRIVACY","REDACTED FOR PRIVACY","REDACTED FOR PRIVACY","REDACTED FOR PRIVACY","REDACTED FOR PRIVACY","REDACTED FOR PRIVACY","","REDACTED FOR PRIVACY","","","","","","","","","","","","ns3.iranhost.com","ns4.iranhost.com","","","clientTransferProhibited","","",""
"49","sabooeducation.com","2020-05-11 20:00:55","2020-05-09","2020-05-11","2022-05-09","1387","1API GmbH","whois.1api.net","http://www.1api.net","REDACTED FOR PRIVACY","REDACTED FOR PRIVACY","REDACTED FOR PRIVACY","REDACTED FOR PRIVACY","Tehran","REDACTED FOR PRIVACY","Iran","","REDACTED FOR PRIVACY","","REDACTED FOR PRIVACY","REDACTED FOR PRIVACY","REDACTED FOR PRIVACY","REDACTED FOR PRIVACY","REDACTED FOR PRIVACY","REDACTED FOR PRIVACY","REDACTED FOR PRIVACY","","REDACTED FOR PRIVACY","","REDACTED FOR PRIVACY","REDACTED FOR PRIVACY","REDACTED FOR PRIVACY","REDACTED FOR PRIVACY","REDACTED FOR PRIVACY","REDACTED FOR PRIVACY","REDACTED FOR PRIVACY","","REDACTED FOR PRIVACY","","","","","","","","","","","","s1-76.spadit.com","s2-76.spadit.com","","","clientTransferProhibited","","",""
"50","shopify-reunite.com","2020-05-11 20:02:13","2020-05-08","2020-05-08","2021-05-08","1387","1API GmbH","whois.1api.net","http://www.1api.net","c/o WHOIStrustee.com Limited","Registrant of shopify-reunite.com","6 Thornes Office Park Monckton Road","Wakefield","West Yorkshire","WF2 7AN","United Kingdom","0b2171b907@shopify-reunite.com.whoistrustee.com","+49.68416984300","","c/o WHOIStrustee.com Limited","Registrant of shopify-reunite.com","6 Thornes Office Park Monckton Road","Wakefield","West Yorkshire","WF2 7AN","United Kingdom","0b2171b907@shopify-reunite.com.whoistrustee.com","+49.68416984300","","c/o WHOIStrustee.com Limited","Registrant of shopify-reunite.com","6 Thornes Office Park Monckton Road","Wakefield","West Yorkshire","WF2 7AN","United Kingdom","0b2171b907@shopify-reunite.com.whoistrustee.com","+49.68416984300","","","","","","","","","","","","ns1.dan.com","ns2.dan.com","","","clientTransferProhibited","","",""
"51","shopifyreunite.com","2020-05-11 20:02:12","2020-05-08","2020-05-08","2021-05-08","1387","1API GmbH","whois.1api.net","http://www.1api.net","c/o WHOIStrustee.com Limited","Registrant of shopifyreunite.com","6 Thornes Office Park Monckton Road","Wakefield","West Yorkshire","WF2 7AN","United Kingdom","dbfda1ef94@shopifyreunite.com.whoistrustee.com","+49.68416984300","","c/o WHOIStrustee.com Limited","Registrant of shopifyreunite.com","6 Thornes Office Park Monckton Road","Wakefield","West Yorkshire","WF2 7AN","United Kingdom","dbfda1ef94@shopifyreunite.com.whoistrustee.com","+49.68416984300","","c/o WHOIStrustee.com Limited","Registrant of shopifyreunite.com","6 Thornes Office Park Monckton Road","Wakefield","West Yorkshire","WF2 7AN","United Kingdom","dbfda1ef94@shopifyreunite.com.whoistrustee.com","+49.68416984300","","","","","","","","","","","","ns1.dan.com","ns2.dan.com","","","clientTransferProhibited","","",""
"52","spicesak.com","2020-05-11 20:03:43","2020-05-08","2020-05-08","2021-05-08","1387","1API GmbH","whois.1api.net","http://www.1api.net","c/o WHOIStrustee.com Limited","Registrant of spicesak.com","6 Thornes Office Park Monckton Road","Wakefield","West Yorkshire","WF2 7AN","United Kingdom","a1f522d3ea@spicesak.com.whoistrustee.com","+49.68416984300","","c/o WHOIStrustee.com Limited","Registrant of spicesak.com","6 Thornes Office Park Monckton Road","Wakefield","West Yorkshire","WF2 7AN","United Kingdom","a1f522d3ea@spicesak.com.whoistrustee.com","+49.68416984300","","c/o WHOIStrustee.com Limited","Registrant of spicesak.com","6 Thornes Office Park Monckton Road","Wakefield","West Yorkshire","WF2 7AN","United Kingdom","a1f522d3ea@spicesak.com.whoistrustee.com","+49.68416984300","","","","","","","","","","","","ns1.iwantmyname.net","ns2.iwantmyname.net","ns3.iwantmyname.net","ns4.iwantmyname.net","clientTransferProhibited","","",""
"53","thermopompeqc.com","2020-05-11 20:01:15","2020-05-08","2020-05-08","2021-05-08","1387","1API GmbH","whois.1api.net","http://www.1api.net","REDACTED FOR PRIVACY","REDACTED FOR PRIVACY","REDACTED FOR PRIVACY","REDACTED FOR PRIVACY","QC","REDACTED FOR PRIVACY","Canada","","REDACTED FOR PRIVACY","","REDACTED FOR PRIVACY","REDACTED FOR PRIVACY","REDACTED FOR PRIVACY","REDACTED FOR PRIVACY","REDACTED FOR PRIVACY","REDACTED FOR PRIVACY","REDACTED FOR PRIVACY","","REDACTED FOR PRIVACY","","REDACTED FOR PRIVACY","REDACTED FOR PRIVACY","REDACTED FOR PRIVACY","REDACTED FOR PRIVACY","REDACTED FOR PRIVACY","REDACTED FOR PRIVACY","REDACTED FOR PRIVACY","","REDACTED FOR PRIVACY","","","","","","","","","","","","ns1.whc.ca","ns2.whc.ca","ns3.whc.ca","","clientTransferProhibited","","",""
"54","thesugarmakerbakery.com","2020-05-11 20:00:25","2020-05-08","2020-05-08","2025-05-08","1387","1API GmbH","whois.1api.net","http://www.1api.net","REDACTED FOR PRIVACY","REDACTED FOR PRIVACY","REDACTED FOR PRIVACY","REDACTED FOR PRIVACY","NH","REDACTED FOR PRIVACY","United States","","REDACTED FOR PRIVACY","","REDACTED FOR PRIVACY","REDACTED FOR PRIVACY","REDACTED FOR PRIVACY","REDACTED FOR PRIVACY","REDACTED FOR PRIVACY","REDACTED FOR PRIVACY","REDACTED FOR PRIVACY","","REDACTED FOR PRIVACY","","REDACTED FOR PRIVACY","REDACTED FOR PRIVACY","REDACTED FOR PRIVACY","REDACTED FOR PRIVACY","REDACTED FOR PRIVACY","REDACTED FOR PRIVACY","REDACTED FOR PRIVACY","","REDACTED FOR PRIVACY","","","","","","","","","","","","lara.ns.cloudflare.com","will.ns.cloudflare.com","","","clientTransferProhibited","","",""
"55","tml.deals","2020-05-11 21:51:37","2020-05-11","2020-05-11","2021-05-11","1387","1API GmbH","whois.1api.net","http://www.1api.net","REDACTED FOR PRIVACY","RevGenApps.com","REDACTED FOR PRIVACY","REDACTED FOR PRIVACY","MB","REDACTED FOR PRIVACY","Canada","","REDACTED FOR PRIVACY","REDACTED FOR PRIVACY","","","","","","","","","","","","","","","","","","","","","","","","","","","","","","","","","","","addPeriod","clientTransferProhibited","",""
"56","tribunnewz.com","2020-05-11 20:06:12","2020-05-09","2020-05-09","2021-05-09","1387","1API GmbH","whois.1api.net","http://www.1api.net","REDACTED FOR PRIVACY","REDACTED FOR PRIVACY","REDACTED FOR PRIVACY","REDACTED FOR PRIVACY","HE","REDACTED FOR PRIVACY","Germany","","REDACTED FOR PRIVACY","","REDACTED FOR PRIVACY","REDACTED FOR PRIVACY","REDACTED FOR PRIVACY","REDACTED FOR PRIVACY","REDACTED FOR PRIVACY","REDACTED FOR PRIVACY","REDACTED FOR PRIVACY","","REDACTED FOR PRIVACY","","REDACTED FOR PRIVACY","REDACTED FOR PRIVACY","REDACTED FOR PRIVACY","REDACTED FOR PRIVACY","REDACTED FOR PRIVACY","REDACTED FOR PRIVACY","REDACTED FOR PRIVACY","","REDACTED FOR PRIVACY","","","","","","","","","","","","ns1168.hexonet.net","ns2194.hexonet.net","ns3184.hexonet.net","","clientTransferProhibited","","",""
"57","xn--dfisapprochesolutions-b5b.com","2020-05-11 19:59:13","2020-05-08","2020-05-08","2021-05-08","1387","1API GmbH","whois.1api.net","http://www.1api.net","REDACTED FOR PRIVACY","REDACTED FOR PRIVACY","REDACTED FOR PRIVACY","REDACTED FOR PRIVACY","BC","REDACTED FOR PRIVACY","Canada","","REDACTED FOR PRIVACY","","REDACTED FOR PRIVACY","REDACTED FOR PRIVACY","REDACTED FOR PRIVACY","REDACTED FOR PRIVACY","REDACTED FOR PRIVACY","REDACTED FOR PRIVACY","REDACTED FOR PRIVACY","","REDACTED FOR PRIVACY","","REDACTED FOR PRIVACY","REDACTED FOR PRIVACY","REDACTED FOR PRIVACY","REDACTED FOR PRIVACY","REDACTED FOR PRIVACY","REDACTED FOR PRIVACY","REDACTED FOR PRIVACY","","REDACTED FOR PRIVACY","","","","","","","","","","","","ns1.whc.ca","ns2.whc.ca","ns3.whc.ca","","clientTransferProhibited","","",""
"58","xn--gemsehndler-q8a22a.com","2020-05-11 20:13:28","2020-05-09","2020-05-09","2021-05-09","1387","1API GmbH","whois.1api.net","http://www.1api.net","REDACTED FOR PRIVACY","REDACTED FOR PRIVACY","REDACTED FOR PRIVACY","REDACTED FOR PRIVACY","Bern","REDACTED FOR PRIVACY","Switzerland","","REDACTED FOR PRIVACY","","REDACTED FOR PRIVACY","REDACTED FOR PRIVACY","REDACTED FOR PRIVACY","REDACTED FOR PRIVACY","REDACTED FOR PRIVACY","REDACTED FOR PRIVACY","REDACTED FOR PRIVACY","","REDACTED FOR PRIVACY","","REDACTED FOR PRIVACY","REDACTED FOR PRIVACY","REDACTED FOR PRIVACY","REDACTED FOR PRIVACY","REDACTED FOR PRIVACY","REDACTED FOR PRIVACY","REDACTED FOR PRIVACY","","REDACTED FOR PRIVACY","","","","","","","","","","","","ns1210.ispapi.net","ns2161.ispapi.net","ns3183.ispapi.net","","clientTransferProhibited","","",""
"59","yogikath.com","2020-05-11 19:55:24","2020-05-09","2020-05-09","2021-05-09","1387","1API GmbH","whois.1api.net","http://www.1api.net","c/o WHOIStrustee.com Limited","Registrant of yogikath.com","6 Thornes Office Park Monckton Road","Wakefield","West Yorkshire","WF2 7AN","United Kingdom","4c83b7c1aa@yogikath.com.whoistrustee.com","+49.68416984300","","c/o WHOIStrustee.com Limited","Registrant of yogikath.com","6 Thornes Office Park Monckton Road","Wakefield","West Yorkshire","WF2 7AN","United Kingdom","4c83b7c1aa@yogikath.com.whoistrustee.com","+49.68416984300","","c/o WHOIStrustee.com Limited","Registrant of yogikath.com","6 Thornes Office Park Monckton Road","Wakefield","West Yorkshire","WF2 7AN","United Kingdom","4c83b7c1aa@yogikath.com.whoistrustee.com","+49.68416984300","","","","","","","","","","","","ns1.iwantmyname.net","ns2.iwantmyname.net","ns3.iwantmyname.net","ns4.iwantmyname.net","clientTransferProhibited","","",""
"60","yougochef.com","2020-05-11 20:03:39","2020-05-08","2020-05-08","2021-05-08","1387","1API GmbH","whois.1api.net","http://www.1api.net","REDACTED FOR PRIVACY","REDACTED FOR PRIVACY","REDACTED FOR PRIVACY","REDACTED FOR PRIVACY","QC","REDACTED FOR PRIVACY","Canada","","REDACTED FOR PRIVACY","","REDACTED FOR PRIVACY","REDACTED FOR PRIVACY","REDACTED FOR PRIVACY","REDACTED FOR PRIVACY","REDACTED FOR PRIVACY","REDACTED FOR PRIVACY","REDACTED FOR PRIVACY","","REDACTED FOR PRIVACY","","REDACTED FOR PRIVACY","REDACTED FOR PRIVACY","REDACTED FOR PRIVACY","REDACTED FOR PRIVACY","REDACTED FOR PRIVACY","REDACTED FOR PRIVACY","REDACTED FOR PRIVACY","","REDACTED FOR PRIVACY","","","","","","","","","","","","ns1.whc.ca","ns2.whc.ca","ns3.whc.ca","","clientTransferProhibited","","",""
"61","zeag-acces.com","2020-05-11 20:14:54","2020-05-08","2020-05-08","2021-05-08","1387","1API GmbH","whois.1api.net","http://www.1api.net","REDACTED FOR PRIVACY","REDACTED FOR PRIVACY","REDACTED FOR PRIVACY","REDACTED FOR PRIVACY","PA","REDACTED FOR PRIVACY","United States","","REDACTED FOR PRIVACY","","REDACTED FOR PRIVACY","REDACTED FOR PRIVACY","REDACTED FOR PRIVACY","REDACTED FOR PRIVACY","REDACTED FOR PRIVACY","REDACTED FOR PRIVACY","REDACTED FOR PRIVACY","","REDACTED FOR PRIVACY","","REDACTED FOR PRIVACY","REDACTED FOR PRIVACY","REDACTED FOR PRIVACY","REDACTED FOR PRIVACY","REDACTED FOR PRIVACY","REDACTED FOR PRIVACY","REDACTED FOR PRIVACY","","REDACTED FOR PRIVACY","","","","","","","","","","","","ns1192.hexonet.net","ns2164.hexonet.net","ns3183.hexonet.net","","clientTransferProhibited","","",""
"62","zeag-cen.com","2020-05-11 20:14:40","2020-05-08","2020-05-08","2021-05-08","1387","1API GmbH","whois.1api.net","http://www.1api.net","REDACTED FOR PRIVACY","REDACTED FOR PRIVACY","REDACTED FOR PRIVACY","REDACTED FOR PRIVACY","PA","REDACTED FOR PRIVACY","United States","","REDACTED FOR PRIVACY","","REDACTED FOR PRIVACY","REDACTED FOR PRIVACY","REDACTED FOR PRIVACY","REDACTED FOR PRIVACY","REDACTED FOR PRIVACY","REDACTED FOR PRIVACY","REDACTED FOR PRIVACY","","REDACTED FOR PRIVACY","","REDACTED FOR PRIVACY","REDACTED FOR PRIVACY","REDACTED FOR PRIVACY","REDACTED FOR PRIVACY","REDACTED FOR PRIVACY","REDACTED FOR PRIVACY","REDACTED FOR PRIVACY","","REDACTED FOR PRIVACY","","","","","","","","","","","","ns1192.hexonet.net","ns2164.hexonet.net","ns3183.hexonet.net","","clientTransferProhibited","","",""
"63","zeag-pay.com","2020-05-11 20:14:26","2020-05-08","2020-05-08","2021-05-08","1387","1API GmbH","whois.1api.net","http://www.1api.net","REDACTED FOR PRIVACY","REDACTED FOR PRIVACY","REDACTED FOR PRIVACY","REDACTED FOR PRIVACY","PA","REDACTED FOR PRIVACY","United States","","REDACTED FOR PRIVACY","","REDACTED FOR PRIVACY","REDACTED FOR PRIVACY","REDACTED FOR PRIVACY","REDACTED FOR PRIVACY","REDACTED FOR PRIVACY","REDACTED FOR PRIVACY","REDACTED FOR PRIVACY","","REDACTED FOR PRIVACY","","REDACTED FOR PRIVACY","REDACTED FOR PRIVACY","REDACTED FOR PRIVACY","REDACTED FOR PRIVACY","REDACTED FOR PRIVACY","REDACTED FOR PRIVACY","REDACTED FOR PRIVACY","","REDACTED FOR PRIVACY","","","","","","","","","","","","ns1192.hexonet.net","ns2164.hexonet.net","ns3183.hexonet.net","","clientTransferProhibited","","",""
"64","zeag-yell.com","2020-05-11 20:14:54","2020-05-08","2020-05-08","2021-05-08","1387","1API GmbH","whois.1api.net","http://www.1api.net","REDACTED FOR PRIVACY","REDACTED FOR PRIVACY","REDACTED FOR PRIVACY","REDACTED FOR PRIVACY","PA","REDACTED FOR PRIVACY","United States","","REDACTED FOR PRIVACY","","REDACTED FOR PRIVACY","REDACTED FOR PRIVACY","REDACTED FOR PRIVACY","REDACTED FOR PRIVACY","REDACTED FOR PRIVACY","REDACTED FOR PRIVACY","REDACTED FOR PRIVACY","","REDACTED FOR PRIVACY","","REDACTED FOR PRIVACY","REDACTED FOR PRIVACY","REDACTED FOR PRIVACY","REDACTED FOR PRIVACY","REDACTED FOR PRIVACY","REDACTED FOR PRIVACY","REDACTED FOR PRIVACY","","REDACTED FOR PRIVACY","","","","","","","","","","","","ns1192.hexonet.net","ns2164.hexonet.net","ns3183.hexonet.net","","clientTransferProhibited","","",""
"65","zeag-zig.com","2020-05-11 20:14:03","2020-05-08","2020-05-08","2021-05-08","1387","1API GmbH","whois.1api.net","http://www.1api.net","REDACTED FOR PRIVACY","REDACTED FOR PRIVACY","REDACTED FOR PRIVACY","REDACTED FOR PRIVACY","PA","REDACTED FOR PRIVACY","United States","","REDACTED FOR PRIVACY","","REDACTED FOR PRIVACY","REDACTED FOR PRIVACY","REDACTED FOR PRIVACY","REDACTED FOR PRIVACY","REDACTED FOR PRIVACY","REDACTED FOR PRIVACY","REDACTED FOR PRIVACY","","REDACTED FOR PRIVACY","","REDACTED FOR PRIVACY","REDACTED FOR PRIVACY","REDACTED FOR PRIVACY","REDACTED FOR PRIVACY","REDACTED FOR PRIVACY","REDACTED FOR PRIVACY","REDACTED FOR PRIVACY","","REDACTED FOR PRIVACY","","","","","","","","","","","","ns1192.hexonet.net","ns2164.hexonet.net","ns3183.hexonet.net","","clientTransferProhibited","","",""
"66","zimfarmersforum.com","2020-05-11 19:55:44","2020-05-09","2020-05-09","2021-05-09","1387","1API GmbH","whois.1api.net","http://www.1api.net","REDACTED FOR PRIVACY","REDACTED FOR PRIVACY","REDACTED FOR PRIVACY","REDACTED FOR PRIVACY","Eastern Cape","REDACTED FOR PRIVACY","South Africa","","REDACTED FOR PRIVACY","","REDACTED FOR PRIVACY","REDACTED FOR PRIVACY","REDACTED FOR PRIVACY","REDACTED FOR PRIVACY","REDACTED FOR PRIVACY","REDACTED FOR PRIVACY","REDACTED FOR PRIVACY","","REDACTED FOR PRIVACY","","REDACTED FOR PRIVACY","REDACTED FOR PRIVACY","REDACTED FOR PRIVACY","REDACTED FOR PRIVACY","REDACTED FOR PRIVACY","REDACTED FOR PRIVACY","REDACTED FOR PRIVACY","","REDACTED FOR PRIVACY","","","","","","","","","","","","ns1.mydnscloud.co.za","ns2.mydnscloud.co.za","ns3.mydnscloud.co.za","ns4.mydnscloud.co.za","clientTransferProhibited","","",""