"num","domain_name","query_time","create_date","update_date","expiry_date","domain_registrar_id","domain_registrar_name","domain_registrar_whois","domain_registrar_url","registrant_name","registrant_company","registrant_address","registrant_city","registrant_state","registrant_zip","registrant_country","registrant_email","registrant_phone","registrant_fax","administrative_name","administrative_company","administrative_address","administrative_city","administrative_state","administrative_zip","administrative_country","administrative_email","administrative_phone","administrative_fax","technical_name","technical_company","technical_address","technical_city","technical_state","technical_zip","technical_country","technical_email","technical_phone","technical_fax","billing_name","billing_company","billing_address","billing_city","billing_state","billing_zip","billing_country","billing_email","billing_phone","billing_fax","name_server_1","name_server_2","name_server_3","name_server_4","domain_status_1","domain_status_2","domain_status_3","domain_status_4"
"1","gxjianxiong.com","2020-05-11 20:13:22","2020-05-09","2020-05-09","2024-05-09","1556","Chengdu West Dimension Digital Technology Co., Ltd.","whois.west263.com","http://www.west263.com","REDACTED FOR PRIVACY","REDACTED FOR PRIVACY","REDACTED FOR PRIVACY","Chengdu","Sichuan","REDACTED FOR PRIVACY","China","","REDACTED FOR PRIVACY","REDACTED FOR PRIVACY","REDACTED FOR PRIVACY","REDACTED FOR PRIVACY","REDACTED FOR PRIVACY","Chengdu","Sichuan","REDACTED FOR PRIVACY","China","","REDACTED FOR PRIVACY","REDACTED FOR PRIVACY","REDACTED FOR PRIVACY","REDACTED FOR PRIVACY","REDACTED FOR PRIVACY","Chengdu","Sichuan","REDACTED FOR PRIVACY","China","","REDACTED FOR PRIVACY","REDACTED FOR PRIVACY","","","","","","","","","","","ns3.myhostadmin.net","ns4.myhostadmin.net","","","OK","","",""
"2","huanxiang.cool","2020-05-11 21:53:32","2020-05-10","2020-05-10","2021-05-10","1556","Chengdu West Dimension Digital Technology Co., Ltd.","whois.west263.com","http://www.west263.com","REDACTED FOR PRIVACY","Cang Long Zhao","REDACTED FOR PRIVACY","REDACTED FOR PRIVACY","Shan Dong","REDACTED FOR PRIVACY","China","","REDACTED FOR PRIVACY","REDACTED FOR PRIVACY","","","","","","","","","","","","","","","","","","","","","","","","","","","","","","","","","","","addPeriod","","",""
"3","jinnianjiandong.com","2020-05-11 20:06:10","2020-05-09","2020-05-09","2023-05-09","1556","Chengdu West Dimension Digital Technology Co., Ltd.","whois.west263.com","http://www.west263.com","REDACTED FOR PRIVACY","REDACTED FOR PRIVACY","REDACTED FOR PRIVACY","Chengdu","Sichuan","REDACTED FOR PRIVACY","China","","REDACTED FOR PRIVACY","REDACTED FOR PRIVACY","REDACTED FOR PRIVACY","REDACTED FOR PRIVACY","REDACTED FOR PRIVACY","Chengdu","Sichuan","REDACTED FOR PRIVACY","China","","REDACTED FOR PRIVACY","REDACTED FOR PRIVACY","REDACTED FOR PRIVACY","REDACTED FOR PRIVACY","REDACTED FOR PRIVACY","Chengdu","Sichuan","REDACTED FOR PRIVACY","China","","REDACTED FOR PRIVACY","REDACTED FOR PRIVACY","","","","","","","","","","","ns1.myhostadmin.net","ns2.myhostadmin.net","","","OK","","",""
"4","lsfloors.mobi","2020-05-11 03:33:38","2020-05-07","2020-05-08","2021-05-07","1556","Chengdu West Dimension Digital Technology Co., Ltd.","whois.west263.com","http://www.west263.com","???","???","","","???","","China","","","","","","","","","","","","","","","","","","","","","","","","","","","","","","","","","","f1g1ns1.dnspod.net","f1g1ns2.dnspod.net","","","addPeriod","clientTransferProhibited","serverTransferProhibited",""
"5","lswszsjt.com","2020-05-11 20:06:22","2020-05-09","2020-05-09","2021-05-09","1556","Chengdu West Dimension Digital Technology Co., Ltd.","whois.west263.com","http://www.west263.com","REDACTED FOR PRIVACY","REDACTED FOR PRIVACY","REDACTED FOR PRIVACY","Chengdu","Sichuan","REDACTED FOR PRIVACY","China","","REDACTED FOR PRIVACY","REDACTED FOR PRIVACY","REDACTED FOR PRIVACY","REDACTED FOR PRIVACY","REDACTED FOR PRIVACY","Chengdu","Sichuan","REDACTED FOR PRIVACY","China","","REDACTED FOR PRIVACY","REDACTED FOR PRIVACY","REDACTED FOR PRIVACY","REDACTED FOR PRIVACY","REDACTED FOR PRIVACY","Chengdu","Sichuan","REDACTED FOR PRIVACY","China","","REDACTED FOR PRIVACY","REDACTED FOR PRIVACY","","","","","","","","","","","ns3.myhostadmin.net","ns4.myhostadmin.net","","","OK","","",""
"6","raybf.com","2020-05-11 20:06:24","2020-05-09","2020-05-09","2021-05-09","1556","Chengdu West Dimension Digital Technology Co., Ltd.","whois.west263.com","http://www.west263.com","REDACTED FOR PRIVACY","REDACTED FOR PRIVACY","REDACTED FOR PRIVACY","Chengdu","Sichuan","REDACTED FOR PRIVACY","China","","REDACTED FOR PRIVACY","REDACTED FOR PRIVACY","REDACTED FOR PRIVACY","REDACTED FOR PRIVACY","REDACTED FOR PRIVACY","Chengdu","Sichuan","REDACTED FOR PRIVACY","China","","REDACTED FOR PRIVACY","REDACTED FOR PRIVACY","REDACTED FOR PRIVACY","REDACTED FOR PRIVACY","REDACTED FOR PRIVACY","Chengdu","Sichuan","REDACTED FOR PRIVACY","China","","REDACTED FOR PRIVACY","REDACTED FOR PRIVACY","","","","","","","","","","","ns1.thdns.com","ns2.thdns.com","","","clientHold","","",""
"7","shengboyazhi.com","2020-05-11 20:00:55","2020-05-07","2020-05-07","2021-05-07","1556","Chengdu West Dimension Digital Technology Co., Ltd.","whois.west263.com","http://www.west263.com","REDACTED FOR PRIVACY","REDACTED FOR PRIVACY","REDACTED FOR PRIVACY","Chengdu","Sichuan","REDACTED FOR PRIVACY","China","","REDACTED FOR PRIVACY","REDACTED FOR PRIVACY","REDACTED FOR PRIVACY","REDACTED FOR PRIVACY","REDACTED FOR PRIVACY","Chengdu","Sichuan","REDACTED FOR PRIVACY","China","","REDACTED FOR PRIVACY","REDACTED FOR PRIVACY","REDACTED FOR PRIVACY","REDACTED FOR PRIVACY","REDACTED FOR PRIVACY","Chengdu","Sichuan","REDACTED FOR PRIVACY","China","","REDACTED FOR PRIVACY","REDACTED FOR PRIVACY","","","","","","","","","","","ns1.myhostadmin.net","ns2.myhostadmin.net","","","OK","","",""
"8","shengxiangzs.com","2020-05-11 20:04:05","2020-05-08","2020-05-08","2025-05-08","1556","Chengdu West Dimension Digital Technology Co., Ltd.","whois.west263.com","http://www.west263.com","REDACTED FOR PRIVACY","REDACTED FOR PRIVACY","REDACTED FOR PRIVACY","Chengdu","Sichuan","REDACTED FOR PRIVACY","China","","REDACTED FOR PRIVACY","REDACTED FOR PRIVACY","REDACTED FOR PRIVACY","REDACTED FOR PRIVACY","REDACTED FOR PRIVACY","Chengdu","Sichuan","REDACTED FOR PRIVACY","China","","REDACTED FOR PRIVACY","REDACTED FOR PRIVACY","REDACTED FOR PRIVACY","REDACTED FOR PRIVACY","REDACTED FOR PRIVACY","Chengdu","Sichuan","REDACTED FOR PRIVACY","China","","REDACTED FOR PRIVACY","REDACTED FOR PRIVACY","","","","","","","","","","","ns3.myhostadmin.net","ns4.myhostadmin.net","","","OK","","",""
"9","sxsfny.com","2020-05-11 20:04:13","2020-05-08","2020-05-08","2021-05-08","1556","Chengdu West Dimension Digital Technology Co., Ltd.","whois.west263.com","http://www.west263.com","REDACTED FOR PRIVACY","REDACTED FOR PRIVACY","REDACTED FOR PRIVACY","Chengdu","Sichuan","REDACTED FOR PRIVACY","China","","REDACTED FOR PRIVACY","REDACTED FOR PRIVACY","REDACTED FOR PRIVACY","REDACTED FOR PRIVACY","REDACTED FOR PRIVACY","Chengdu","Sichuan","REDACTED FOR PRIVACY","China","","REDACTED FOR PRIVACY","REDACTED FOR PRIVACY","REDACTED FOR PRIVACY","REDACTED FOR PRIVACY","REDACTED FOR PRIVACY","Chengdu","Sichuan","REDACTED FOR PRIVACY","China","","REDACTED FOR PRIVACY","REDACTED FOR PRIVACY","","","","","","","","","","","ns5.myhostadmin.net","ns6.myhostadmin.net","","","OK","","",""
"10","sycz11.com","2020-05-11 20:13:18","2020-05-09","2020-05-09","2021-05-09","1556","Chengdu West Dimension Digital Technology Co., Ltd.","whois.west263.com","http://www.west263.com","REDACTED FOR PRIVACY","REDACTED FOR PRIVACY","REDACTED FOR PRIVACY","Chengdu","Sichuan","REDACTED FOR PRIVACY","China","","REDACTED FOR PRIVACY","REDACTED FOR PRIVACY","REDACTED FOR PRIVACY","REDACTED FOR PRIVACY","REDACTED FOR PRIVACY","Chengdu","Sichuan","REDACTED FOR PRIVACY","China","","REDACTED FOR PRIVACY","REDACTED FOR PRIVACY","REDACTED FOR PRIVACY","REDACTED FOR PRIVACY","REDACTED FOR PRIVACY","Chengdu","Sichuan","REDACTED FOR PRIVACY","China","","REDACTED FOR PRIVACY","REDACTED FOR PRIVACY","","","","","","","","","","","ns1.thdns.com","ns2.thdns.com","","","OK","","",""
"11","tun.cool","2020-05-11 21:45:42","2020-05-07","2020-05-08","2021-05-07","1556","Chengdu West Dimension Digital Technology Co., Ltd.","whois.west263.com","http://www.west263.com","REDACTED FOR PRIVACY","wu gao cen","REDACTED FOR PRIVACY","REDACTED FOR PRIVACY","Guang Dong","REDACTED FOR PRIVACY","China","","REDACTED FOR PRIVACY","REDACTED FOR PRIVACY","","","","","","","","","","","","","","","","","","","","","","","","","","","","","","","","","","","addPeriod","","",""
"12","xhx.cool","2020-05-11 21:42:48","2020-05-10","2020-05-10","2021-05-10","1556","Chengdu West Dimension Digital Technology Co., Ltd.","whois.west263.com","http://www.west263.com","REDACTED FOR PRIVACY","Ya Hong Yang","REDACTED FOR PRIVACY","REDACTED FOR PRIVACY","Fu Jian","REDACTED FOR PRIVACY","China","","REDACTED FOR PRIVACY","REDACTED FOR PRIVACY","","","","","","","","","","","","","","","","","","","","","","","","","","","","","","","","","","","addPeriod","","",""
"13","xn--gmqz0e16c5z4e.com","2020-05-11 20:04:21","2020-05-08","2020-05-08","2023-05-08","1556","Chengdu West Dimension Digital Technology Co., Ltd.","whois.west263.com","http://www.west263.com","REDACTED FOR PRIVACY","REDACTED FOR PRIVACY","REDACTED FOR PRIVACY","Chengdu","Sichuan","REDACTED FOR PRIVACY","China","","REDACTED FOR PRIVACY","REDACTED FOR PRIVACY","REDACTED FOR PRIVACY","REDACTED FOR PRIVACY","REDACTED FOR PRIVACY","Chengdu","Sichuan","REDACTED FOR PRIVACY","China","","REDACTED FOR PRIVACY","REDACTED FOR PRIVACY","REDACTED FOR PRIVACY","REDACTED FOR PRIVACY","REDACTED FOR PRIVACY","Chengdu","Sichuan","REDACTED FOR PRIVACY","China","","REDACTED FOR PRIVACY","REDACTED FOR PRIVACY","","","","","","","","","","","ns3.myhostadmin.net","ns4.myhostadmin.net","","","OK","","",""
"14","zsfurongyunshu.com","2020-05-11 20:04:59","2020-05-09","2020-05-09","2021-05-09","1556","Chengdu West Dimension Digital Technology Co., Ltd.","whois.west263.com","http://www.west263.com","REDACTED FOR PRIVACY","REDACTED FOR PRIVACY","REDACTED FOR PRIVACY","Chengdu","Sichuan","REDACTED FOR PRIVACY","China","","REDACTED FOR PRIVACY","REDACTED FOR PRIVACY","REDACTED FOR PRIVACY","REDACTED FOR PRIVACY","REDACTED FOR PRIVACY","Chengdu","Sichuan","REDACTED FOR PRIVACY","China","","REDACTED FOR PRIVACY","REDACTED FOR PRIVACY","REDACTED FOR PRIVACY","REDACTED FOR PRIVACY","REDACTED FOR PRIVACY","Chengdu","Sichuan","REDACTED FOR PRIVACY","China","","REDACTED FOR PRIVACY","REDACTED FOR PRIVACY","","","","","","","","","","","f1g1ns1.dnspod.net","f1g1ns2.dnspod.net","","","OK","","",""