"num","domain_name","query_time","create_date","update_date","expiry_date","domain_registrar_id","domain_registrar_name","domain_registrar_whois","domain_registrar_url","registrant_name","registrant_company","registrant_address","registrant_city","registrant_state","registrant_zip","registrant_country","registrant_email","registrant_phone","registrant_fax","administrative_name","administrative_company","administrative_address","administrative_city","administrative_state","administrative_zip","administrative_country","administrative_email","administrative_phone","administrative_fax","technical_name","technical_company","technical_address","technical_city","technical_state","technical_zip","technical_country","technical_email","technical_phone","technical_fax","billing_name","billing_company","billing_address","billing_city","billing_state","billing_zip","billing_country","billing_email","billing_phone","billing_fax","name_server_1","name_server_2","name_server_3","name_server_4","domain_status_1","domain_status_2","domain_status_3","domain_status_4"
"1","beaumontmako.com","2020-05-11 20:10:54","2020-05-09","2020-05-09","2021-05-09","299","CSC Corporate Domains, Inc.","whois.corporatedomains.com","http://www.cscglobal.com/global/web/csc/digital-brand-services","Stryker Hostmaster","Stryker Corporation","2825 Airview Boulevard","Kalamazoo","MI","49002","United States","hostmaster@stryker.com","+1.2693852600","+1.2693851062","Stryker Hostmaster","Stryker Corporation","2825 Airview Boulevard","Kalamazoo","MI","49002","United States","hostmaster@stryker.com","+1.2693852600","+1.2693851062","DNS Administrator","CSC Corporate Domains, Inc.","251 Little Falls Drive","Wilmington","DE","19808","United States","dns-admin@cscglobal.com","+1.3026365400","+1.3026365454","","","","","","","","","","","dns1.cscdns.net","dns2.cscdns.net","","","clientTransferProhibited","","",""
"2","browne-carney.com","2020-05-11 19:57:44","2020-05-08","2020-05-08","2021-05-08","299","CSC Corporate Domains, Inc.","whois.corporatedomains.com","http://www.cscglobal.com/global/web/csc/digital-brand-services","Domain Administrator","CSC Corporate Domains, Inc.","251 Little Falls Drive","Wilmington","DE","19808","United States","admin@internationaladmin.com","+1.3026365400","+1.3026365454","Domain Administrator","CSC Corporate Domains, Inc.","251 Little Falls Drive","Wilmington","DE","19808","United States","admin@internationaladmin.com","+1.3026365400","+1.3026365454","DNS Administrator","CSC Corporate Domains, Inc.","251 Little Falls Drive","Wilmington","DE","19808","United States","dns-admin@cscglobal.com","+1.3026365400","+1.3026365454","","","","","","","","","","","dns1.cscdns.net","dns2.cscdns.net","","","clientTransferProhibited","","",""
"3","brownecarney.com","2020-05-11 19:57:47","2020-05-08","2020-05-08","2021-05-08","299","CSC Corporate Domains, Inc.","whois.corporatedomains.com","http://www.cscglobal.com/global/web/csc/digital-brand-services","Domain Administrator","CSC Corporate Domains, Inc.","251 Little Falls Drive","Wilmington","DE","19808","United States","admin@internationaladmin.com","+1.3026365400","+1.3026365454","Domain Administrator","CSC Corporate Domains, Inc.","251 Little Falls Drive","Wilmington","DE","19808","United States","admin@internationaladmin.com","+1.3026365400","+1.3026365454","DNS Administrator","CSC Corporate Domains, Inc.","251 Little Falls Drive","Wilmington","DE","19808","United States","dns-admin@cscglobal.com","+1.3026365400","+1.3026365454","","","","","","","","","","","dns1.cscdns.net","dns2.cscdns.net","","","clientTransferProhibited","","",""
"4","carney-browne.com","2020-05-11 19:57:43","2020-05-08","2020-05-08","2021-05-08","299","CSC Corporate Domains, Inc.","whois.corporatedomains.com","http://www.cscglobal.com/global/web/csc/digital-brand-services","Domain Administrator","CSC Corporate Domains, Inc.","251 Little Falls Drive","Wilmington","DE","19808","United States","admin@internationaladmin.com","+1.3026365400","+1.3026365454","Domain Administrator","CSC Corporate Domains, Inc.","251 Little Falls Drive","Wilmington","DE","19808","United States","admin@internationaladmin.com","+1.3026365400","+1.3026365454","DNS Administrator","CSC Corporate Domains, Inc.","251 Little Falls Drive","Wilmington","DE","19808","United States","dns-admin@cscglobal.com","+1.3026365400","+1.3026365454","","","","","","","","","","","dns1.cscdns.net","dns2.cscdns.net","","","clientTransferProhibited","","",""
"5","carneybrowne.com","2020-05-11 19:57:47","2020-05-08","2020-05-08","2021-05-08","299","CSC Corporate Domains, Inc.","whois.corporatedomains.com","http://www.cscglobal.com/global/web/csc/digital-brand-services","Domain Administrator","CSC Corporate Domains, Inc.","251 Little Falls Drive","Wilmington","DE","19808","United States","admin@internationaladmin.com","+1.3026365400","+1.3026365454","Domain Administrator","CSC Corporate Domains, Inc.","251 Little Falls Drive","Wilmington","DE","19808","United States","admin@internationaladmin.com","+1.3026365400","+1.3026365454","DNS Administrator","CSC Corporate Domains, Inc.","251 Little Falls Drive","Wilmington","DE","19808","United States","dns-admin@cscglobal.com","+1.3026365400","+1.3026365454","","","","","","","","","","","dns1.cscdns.net","dns2.cscdns.net","","","clientTransferProhibited","","",""
"6","cbiopharma.biz","2020-05-11 16:17:30","2020-05-06","2020-05-06","2021-05-06","299","CSC Corporate Domains, Inc.","whois.corporatedomains.com","http://www.cscglobal.com/global/web/csc/digital-brand-services","Mallinckrodt Enterprises LLC","Mallinckrodt Enterprises LLC","","","NJ","","United States","","","","","","","","","","","","","","","","","","","","","","","","","","","","","","","","","","ns1.mnk.com","ns2.mnk.com","","","addPeriod","clientTransferProhibited","",""
"7","fullhousebingo.biz","2020-05-11 17:06:30","2020-05-05","2020-05-10","2021-05-05","299","CSC Corporate Domains, Inc.","whois.corporatedomains.com","http://www.cscglobal.com/global/web/csc/digital-brand-services","Gamesys Limited","Gamesys Limited","","","ENG","","United Kingdom","","","","","","","","","","","","","","","","","","","","","","","","","","","","","","","","","","dns1.cscdns.net","dns2.cscdns.net","","","clientTransferProhibited","","",""
"8","legacyacnstaging.com","2020-05-11 19:57:43","2020-05-08","2020-05-08","2021-05-08","299","CSC Corporate Domains, Inc.","whois.corporatedomains.com","http://www.cscglobal.com/global/web/csc/digital-brand-services","Accenture Global Services Limited","Accenture Global Services Limited","3 Grand Canal Plaza","Dublin","Ireland","4","Ireland","accenturedomains@accenture.com","+353.16462000","+353.16462020","Accenture Global Services Limited","Accenture Global Services Limited","3 Grand Canal Plaza","Dublin","IE","4","Ireland","accenturedomains@accenture.com","+353.16462000","+353.16462020","Accenture Global Services Limited","Accenture Global Services Limited","3 Grand Canal Plaza","Dublin","IE","4","Ireland","accenturedomains@accenture.com","+353.16462000","+353.16462020","","","","","","","","","","","amrns1501.accenture.com","apans3501.accenture.com","emens3501.accenture.com","","clientTransferProhibited","","",""
"9","museumtowermia.com","2020-05-11 20:00:25","2020-05-08","2020-05-08","2021-05-08","299","CSC Corporate Domains, Inc.","whois.corporatedomains.com","http://www.cscglobal.com/global/web/csc/digital-brand-services","Domain Administrator","Jones Lang LaSalle IP, Inc.","200 E. Randolph Dr.","Chicago","IL","60601","United States","hostmaster@joneslanglasalle.com","+1.3127825800","+1.3127824339","Domain Administrator","Jones Lang LaSalle IP, Inc.","200 E. Randolph Dr.","Chicago","IL","60601","United States","hostmaster@joneslanglasalle.com","+1.3127825800","+1.3127824339","DNS Administrator","CSC Corporate Domains, Inc.","251 Little Falls Drive","Wilmington","DE","19808","United States","dns-admin@cscglobal.com","+1.3026365400","+1.3026365454","","","","","","","","","","","dns1.cscdns.net","dns2.cscdns.net","","","clientTransferProhibited","","",""