"num","domain_name","query_time","create_date","update_date","expiry_date","domain_registrar_id","domain_registrar_name","domain_registrar_whois","domain_registrar_url","registrant_name","registrant_company","registrant_address","registrant_city","registrant_state","registrant_zip","registrant_country","registrant_email","registrant_phone","registrant_fax","administrative_name","administrative_company","administrative_address","administrative_city","administrative_state","administrative_zip","administrative_country","administrative_email","administrative_phone","administrative_fax","technical_name","technical_company","technical_address","technical_city","technical_state","technical_zip","technical_country","technical_email","technical_phone","technical_fax","billing_name","billing_company","billing_address","billing_city","billing_state","billing_zip","billing_country","billing_email","billing_phone","billing_fax","name_server_1","name_server_2","name_server_3","name_server_4","domain_status_1","domain_status_2","domain_status_3","domain_status_4"
"1","akkarsuaritma.com","2020-05-11 20:03:50","2020-05-08","2020-05-08","2021-05-08","1091","IHS Telekom, Inc.","whois.ihs.com.tr","http://www.ihs.com.tr","Eyup OZKURNAZ","Eyup OZKURNAZ","Eski kuyumcular mh. Abdulgaffur Efendi cd. No13/17","Balikesir","","34744","Turkey","info@ozguweb.net","+90.2662430198","","Eyup OZKURNAZ","Eyup OZKURNAZ","Eski kuyumcular mh. Abdulgaffur Efendi cd. No13/17","Balikesir","","34744","Turkey","info@ozguweb.net","+90.2662430198","","Eyup OZKURNAZ","Eyup OZKURNAZ","Eski kuyumcular mh. Abdulgaffur Efendi cd. No13/17","Balikesir","","34744","Turkey","info@ozguweb.net","+90.2662430198","","","","","","","","","","","","ns3.ozguweb.net","ns4.ozguweb.net","","","clientTransferProhibited","","",""
"2","bereketshop.com","2020-05-11 20:02:26","2020-05-08","2020-05-08","2021-05-08","1091","IHS Telekom, Inc.","whois.ihs.com.tr","http://www.ihs.com.tr","Erol Kabakci","Erol Kabakci","Erol Kabakci P.O np1tm7","Istanbul","","34744","Turkey","portalmerkezi@gmail.com","+90.5544515267","","Erol Kabakci","Erol Kabakci","Erol Kabakci P.O np1tm7","Istanbul","","34744","Turkey","portalmerkezi@gmail.com","+90.5544515267","","Erol Kabakci","Erol Kabakci","Erol Kabakci P.O np1tm7","Istanbul","","34744","Turkey","portalmerkezi@gmail.com","+90.5544515267","","","","","","","","","","","","ns1.sinirlifirsat.com","ns2.sinirlifirsat.com","","","clientTransferProhibited","","",""
"3","cosachem.com","2020-05-11 19:58:32","2020-05-09","2020-05-09","2021-05-09","1091","IHS Telekom, Inc.","whois.ihs.com.tr","http://www.ihs.com.tr","fatih baskaya","fatih baskaya","atilay sok saadet apt no.13 / 7","Istanbul","","21344","Turkey","fatihbaskaya@yahoo.com","+90.5322877308","+90.5322877308","fatih baskaya","fatih baskaya","atilay sok saadet apt no.13 / 7","Istanbul","","21344","Turkey","fatihbaskaya@yahoo.com","+90.5322877308","+90.5322877308","fatih baskaya","fatih baskaya","atilay sok saadet apt no.13 / 7","Istanbul","","21344","Turkey","fatihbaskaya@yahoo.com","+90.5322877308","+90.5322877308","","","","","","","","","","","ns8.wixdns.net","ns9.wixdns.net","","","clientTransferProhibited","","",""
"4","cybertechboard.com","2020-05-11 20:03:31","2020-05-08","2020-05-08","2021-05-08","1091","IHS Telekom, Inc.","whois.ihs.com.tr","http://www.ihs.com.tr","mustafa kugu","mustafa kugu","mustafa kugu","Istanbul","","34744","Turkey","kugu.mustafa@gmail.com","+90.5336881035","","mustafa kugu","mustafa kugu","mustafa kugu","Istanbul","","34744","Turkey","kugu.mustafa@gmail.com","+90.5336881035","","mustafa kugu","mustafa kugu","mustafa kugu","Istanbul","","34744","Turkey","kugu.mustafa@gmail.com","+90.5336881035","","","","","","","","","","","","ns1.ihsdnsw1.com","ns2.ihsdnsw1.com","","","clientTransferProhibited","","",""
"5","ebruince.com","2020-05-11 19:55:13","2020-05-09","2020-05-09","2021-05-09","1091","IHS Telekom, Inc.","whois.ihs.com.tr","http://www.ihs.com.tr","Ebru INCE","Ebru INCE","KOCAELI","Istanbul","","21344","Turkey","ebruince2@gmail.com","+90.5340771075","+90.","Ebru INCE","Ebru INCE","KOCAELI","Istanbul","","21344","Turkey","ebruince2@gmail.com","+90.5340771075","+90.","Ebru INCE","Ebru INCE","KOCAELI","Istanbul","","21344","Turkey","ebruince2@gmail.com","+90.5340771075","+90.","","","","","","","","","","","ns1.ihsdnsx49.com","ns2.ihsdnsx49.com","","","clientTransferProhibited","","",""
"6","farzetkioyun.com","2020-05-11 20:02:19","2020-05-08","2020-05-08","2021-05-08","1091","IHS Telekom, Inc.","whois.ihs.com.tr","http://www.ihs.com.tr","Recep Ozturk","Recep Ozturk","HUQQA MEDIA NO.1","Istanbul","","21344","Turkey","krutzopecer@gmail.com","+90.5446969986","+90.","Recep Ozturk","Recep Ozturk","HUQQA MEDIA NO.1","Istanbul","","21344","Turkey","krutzopecer@gmail.com","+90.5446969986","+90.","Recep Ozturk","Recep Ozturk","HUQQA MEDIA NO.1","Istanbul","","21344","Turkey","krutzopecer@gmail.com","+90.5446969986","+90.","","","","","","","","","","","ns1.glactro.com","ns2.glactro.com","","","clientTransferProhibited","","",""
"7","konyamersan.com","2020-05-11 19:55:43","2020-05-09","2020-05-09","2021-05-09","1091","IHS Telekom, Inc.","whois.ihs.com.tr","http://www.ihs.com.tr","Ebubekir SIMSEK","Ebubekir SIMSEK","Ebubekir SIMSEK","KONYA","","34744","Turkey","ebubekirsimsek@hotmail.com","+90.5434868533","","Ebubekir SIMSEK","Ebubekir SIMSEK","Ebubekir SIMSEK","KONYA","","34744","Turkey","ebubekirsimsek@hotmail.com","+90.5434868533","","Ebubekir SIMSEK","Ebubekir SIMSEK","Ebubekir SIMSEK","KONYA","","34744","Turkey","ebubekirsimsek@hotmail.com","+90.5434868533","","","","","","","","","","","","rcns041.srvpanel.com","rcns042.srvpanel.com","","","clientTransferProhibited","","",""
"8","ozelsepetim.com","2020-05-11 20:03:49","2020-05-08","2020-05-08","2021-05-08","1091","IHS Telekom, Inc.","whois.ihs.com.tr","http://www.ihs.com.tr","bunyamin bayar","bunyamin bayar","fakiusagi mah. pr dr.kazim tulucu bulv. no78 b blok 8 numara os","Istanbul","","21344","Turkey","bunyaminbyr151@gmail.com","+90.5512628510","+90.","bunyamin bayar","bunyamin bayar","fakiusagi mah. pr dr.kazim tulucu bulv. no78 b blok 8 numara os","Istanbul","","21344","Turkey","bunyaminbyr151@gmail.com","+90.5512628510","+90.","bunyamin bayar","bunyamin bayar","fakiusagi mah. pr dr.kazim tulucu bulv. no78 b blok 8 numara os","Istanbul","","21344","Turkey","bunyaminbyr151@gmail.com","+90.5512628510","+90.","","","","","","","","","","","ns1.ihsdnsx61.com","ns2.ihsdnsx61.com","","","clientTransferProhibited","","",""
"9","pertevniyaltv.com","2020-05-11 20:02:50","2020-05-08","2020-05-08","2021-05-08","1091","IHS Telekom, Inc.","whois.ihs.com.tr","http://www.ihs.com.tr","OSMAN GULTEKIN","OSMAN GULTEKIN","OSMAN GULTEKIN P.O yd6crh","Istanbul","","34744","Turkey","osman@eduyork.com","+90.5327040774","","OSMAN GULTEKIN","OSMAN GULTEKIN","OSMAN GULTEKIN P.O yd6crh","Istanbul","","34744","Turkey","osman@eduyork.com","+90.5327040774","","OSMAN GULTEKIN","OSMAN GULTEKIN","OSMAN GULTEKIN P.O yd6crh","Istanbul","","34744","Turkey","osman@eduyork.com","+90.5327040774","","","","","","","","","","","","ns1.ihsdnsw1.com","ns2.ihsdnsw1.com","","","clientTransferProhibited","","",""
"10","sozsu.com","2020-05-11 19:58:14","2020-05-08","2020-05-08","2021-05-08","1091","IHS Telekom, Inc.","whois.ihs.com.tr","http://www.ihs.com.tr","Kerem Akin","Kerem Akin","Kayisdagi Mahallesi","Istanbul","","21344","Turkey","keremakintr@gmail.com","+90.5525522508","+90.","Kerem Akin","Kerem Akin","Kayisdagi Mahallesi","Istanbul","","21344","Turkey","keremakintr@gmail.com","+90.5525522508","+90.","Kerem Akin","Kerem Akin","Kayisdagi Mahallesi","Istanbul","","21344","Turkey","keremakintr@gmail.com","+90.5525522508","+90.","","","","","","","","","","","ns1.sedoparking.com","ns2.sedoparking.com","","","clientTransferProhibited","","",""
"11","tarmanins.com","2020-05-11 20:01:23","2020-05-08","2020-05-08","2021-05-08","1091","IHS Telekom, Inc.","whois.ihs.com.tr","http://www.ihs.com.tr","Murat SADAK","Murat SADAK","Baglica mah.1269.sokak Gokcekent sitesi no13/1","Ankara","","34744","Turkey","muratsadak@gmail.com","+90.5077418298","","Murat SADAK","Murat SADAK","Baglica mah.1269.sokak Gokcekent sitesi no13/1","Ankara","","34744","Turkey","muratsadak@gmail.com","+90.5077418298","","Murat SADAK","Murat SADAK","Baglica mah.1269.sokak Gokcekent sitesi no13/1","Ankara","","34744","Turkey","muratsadak@gmail.com","+90.5077418298","","","","","","","","","","","","ns1.filnet.gen.tr","ns2.filnet.gen.tr","","","clientTransferProhibited","","",""
"12","tourvidi.com","2020-05-11 20:02:24","2020-05-08","2020-05-08","2021-05-08","1091","IHS Telekom, Inc.","whois.ihs.com.tr","http://www.ihs.com.tr","viva travel","viva travel","lope de vega 22 24 4 4","barcelona","","08005","Turkey","vivatravelsl@gmail.com","+90.05425558877","+90.","viva travel","viva travel","lope de vega 22 24 4 4","barcelona","","08005","Turkey","vivatravelsl@gmail.com","+90.05425558877","+90.","viva travel","viva travel","lope de vega 22 24 4 4","barcelona","","08005","Turkey","vivatravelsl@gmail.com","+90.05425558877","+90.","","","","","","","","","","","ns1.ihsdnsx50.com","ns2.ihsdnsx50.com","","","clientTransferProhibited","","",""
"13","vavahome.com","2020-05-11 20:01:12","2020-05-08","2020-05-08","2021-05-08","1091","IHS Telekom, Inc.","whois.ihs.com.tr","http://www.ihs.com.tr","Serkan Orkun","Serkan Orkun","Serkan Orkun","Istanbul","","34744","Turkey","serkanorkun@hotmail.com","+90.5557416474","","Serkan Orkun","Serkan Orkun","Serkan Orkun","Istanbul","","34744","Turkey","serkanorkun@hotmail.com","+90.5557416474","","Serkan Orkun","Serkan Orkun","Serkan Orkun","Istanbul","","34744","Turkey","serkanorkun@hotmail.com","+90.5557416474","","","","","","","","","","","","ns1.ihsdnsw1.com","ns2.ihsdnsw1.com","","","clientTransferProhibited","","",""