"num","domain_name","query_time","create_date","update_date","expiry_date","domain_registrar_id","domain_registrar_name","domain_registrar_whois","domain_registrar_url","registrant_name","registrant_company","registrant_address","registrant_city","registrant_state","registrant_zip","registrant_country","registrant_email","registrant_phone","registrant_fax","administrative_name","administrative_company","administrative_address","administrative_city","administrative_state","administrative_zip","administrative_country","administrative_email","administrative_phone","administrative_fax","technical_name","technical_company","technical_address","technical_city","technical_state","technical_zip","technical_country","technical_email","technical_phone","technical_fax","billing_name","billing_company","billing_address","billing_city","billing_state","billing_zip","billing_country","billing_email","billing_phone","billing_fax","name_server_1","name_server_2","name_server_3","name_server_4","domain_status_1","domain_status_2","domain_status_3","domain_status_4"
"1","2italy.info","2020-05-12 01:07:35","2020-05-10","2020-05-10","2021-05-10","1606","Limited Liability Company 'Registrar of domain names REG.RU'","whois.reg.ru","http://www.reg.ru","Privacy Protection","Privacy Protection","","","","","Russian Federation","","","","","","","","","","","","","","","","","","","","","","","","","","","","","","","","","","ns118.inhostedns.com","ns218.inhostedns.net","ns318.inhostedns.org","","addPeriod","clientTransferProhibited","serverTransferProhibited",""
"2","ad-payments.com","2020-05-11 20:00:55","2020-05-09","2020-05-09","2021-05-09","1606","Limited Liability Company 'Registrar of domain names REG.RU'","whois.reg.ru","http://www.reg.ru","Protection of Private Person","","PO box 87, REG.RU Protection Service","Moscow","","123007","Russian Federation","ad-payments.com@regprivate.ru","+7.4955801111","+7.4955801111","Protection of Private Person","","PO box 87, REG.RU Protection Service","Moscow","","123007","Russian Federation","ad-payments.com@regprivate.ru","+7.4955801111","+7.4955801111","Protection of Private Person","","PO box 87, REG.RU Protection Service","Moscow","","123007","Russian Federation","ad-payments.com@regprivate.ru","+7.4955801111","+7.4955801111","","","","","","","","","","","cora.ns.cloudflare.com","jay.ns.cloudflare.com","","","clientTransferProhibited","","",""
"3","adv-payment.com","2020-05-11 20:00:37","2020-05-09","2020-05-09","2021-05-09","1606","Limited Liability Company 'Registrar of domain names REG.RU'","whois.reg.ru","http://www.reg.ru","Protection of Private Person","","PO box 87, REG.RU Protection Service","Moscow","","123007","Russian Federation","adv-payment.com@regprivate.ru","+7.4955801111","+7.4955801111","Protection of Private Person","","PO box 87, REG.RU Protection Service","Moscow","","123007","Russian Federation","adv-payment.com@regprivate.ru","+7.4955801111","+7.4955801111","Protection of Private Person","","PO box 87, REG.RU Protection Service","Moscow","","123007","Russian Federation","adv-payment.com@regprivate.ru","+7.4955801111","+7.4955801111","","","","","","","","","","","cora.ns.cloudflare.com","jay.ns.cloudflare.com","","","clientTransferProhibited","","",""
"4","allyourhomedesign.com","2020-05-11 20:17:45","2020-05-09","2020-05-09","2021-05-09","1606","Limited Liability Company 'Registrar of domain names REG.RU'","whois.reg.ru","http://www.reg.ru","Protection of Private Person","","PO box 87, REG.RU Protection Service","Moscow","","123007","Russian Federation","allyourhomedesign.com@regprivate.ru","+7.4955801111","+7.4955801111","Protection of Private Person","","PO box 87, REG.RU Protection Service","Moscow","","123007","Russian Federation","allyourhomedesign.com@regprivate.ru","+7.4955801111","+7.4955801111","Protection of Private Person","","PO box 87, REG.RU Protection Service","Moscow","","123007","Russian Federation","allyourhomedesign.com@regprivate.ru","+7.4955801111","+7.4955801111","","","","","","","","","","","buck.ns.cloudflare.com","ophelia.ns.cloudflare.com","","","clientTransferProhibited","","",""
"5","application-required.com","2020-05-11 20:14:09","2020-05-08","2020-05-10","2021-05-08","1606","Limited Liability Company 'Registrar of domain names REG.RU'","whois.reg.ru","http://www.reg.ru","Protection of Private Person","","PO box 87, REG.RU Protection Service","Moscow","","123007","Russian Federation","application-required.com@regprivate.ru","+7.4955801111","+7.4955801111","Protection of Private Person","","PO box 87, REG.RU Protection Service","Moscow","","123007","Russian Federation","application-required.com@regprivate.ru","+7.4955801111","+7.4955801111","Protection of Private Person","","PO box 87, REG.RU Protection Service","Moscow","","123007","Russian Federation","application-required.com@regprivate.ru","+7.4955801111","+7.4955801111","","","","","","","","","","","ns-117.awsdns-14.com","ns-1373.awsdns-43.org","ns-1803.awsdns-33.co.uk","ns-866.awsdns-44.net","clientTransferProhibited","","",""
"6","atsalert.com","2020-05-11 20:15:51","2020-05-09","2020-05-09","2021-05-09","1606","Limited Liability Company 'Registrar of domain names REG.RU'","whois.reg.ru","http://www.reg.ru","Protection of Private Person","","PO box 87, REG.RU Protection Service","Moscow","","123007","Russian Federation","atsalert.com@regprivate.ru","+7.4955801111","+7.4955801111","Protection of Private Person","","PO box 87, REG.RU Protection Service","Moscow","","123007","Russian Federation","atsalert.com@regprivate.ru","+7.4955801111","+7.4955801111","Protection of Private Person","","PO box 87, REG.RU Protection Service","Moscow","","123007","Russian Federation","atsalert.com@regprivate.ru","+7.4955801111","+7.4955801111","","","","","","","","","","","ns1.hosting.reg.ru","ns2.hosting.reg.ru","","","clientTransferProhibited","","",""
"7","balance-clean.com","2020-05-11 19:55:35","2020-05-09","2020-05-09","2021-05-09","1606","Limited Liability Company 'Registrar of domain names REG.RU'","whois.reg.ru","http://www.reg.ru","Vladyslav Shol","Private Person","Chornobylska vul, 14, 110","Kyiv","Kyiv","03179","Ukraine","vshol.bz@gmail.com","+380.632449027","","Vladyslav Shol","Private Person","Chornobylska vul, 14, 110","Kyiv","Kyiv","03179","Ukraine","vshol.bz@gmail.com","+380.632449027","","Vladyslav Shol","Private Person","Chornobylska vul, 14, 110","Kyiv","Kyiv","03179","Ukraine","vshol.bz@gmail.com","+380.632449027","","","","","","","","","","","","ns1.selectel.org","ns2.selectel.org","ns3.selectel.org","ns4.selectel.org","clientTransferProhibited","","",""
"8","bestcannabuy.com","2020-05-11 20:16:01","2020-05-09","2020-05-09","2021-05-09","1606","Limited Liability Company 'Registrar of domain names REG.RU'","whois.reg.ru","http://www.reg.ru","Mikhail Semenov","Private Person","Fruit street 5","Moscow","Moscow","127545","Russian Federation","mikhail80@inbox.ru","+7.9262832060","","Mikhail Semenov","Private Person","Fruit street 5","Moscow","Moscow","127545","Russian Federation","mikhail80@inbox.ru","+7.9262832060","","Mikhail Semenov","Private Person","Fruit street 5","Moscow","Moscow","127545","Russian Federation","mikhail80@inbox.ru","+7.9262832060","","","","","","","","","","","","ns1.firstvds.ru","ns2.firstvds.ru","","","clientTransferProhibited","","",""
"9","bongocams7.com","2020-05-11 20:16:18","2020-05-09","2020-05-09","2021-05-09","1606","Limited Liability Company 'Registrar of domain names REG.RU'","whois.reg.ru","http://www.reg.ru","Protection of Private Person","","PO box 87, REG.RU Protection Service","Moscow","","123007","Russian Federation","bongocams7.com@regprivate.ru","+7.4955801111","+7.4955801111","Protection of Private Person","","PO box 87, REG.RU Protection Service","Moscow","","123007","Russian Federation","bongocams7.com@regprivate.ru","+7.4955801111","+7.4955801111","Protection of Private Person","","PO box 87, REG.RU Protection Service","Moscow","","123007","Russian Federation","bongocams7.com@regprivate.ru","+7.4955801111","+7.4955801111","","","","","","","","","","","ns1.domainparking.ru","ns2.domainparking.ru","","","clientTransferProhibited","","",""
"10","buckschalk.com","2020-05-11 20:10:53","2020-05-09","2020-05-09","2021-05-09","1606","Limited Liability Company 'Registrar of domain names REG.RU'","whois.reg.ru","http://www.reg.ru","Protection of Private Person","","PO box 87, REG.RU Protection Service","Moscow","","123007","Russian Federation","buckschalk.com@regprivate.ru","+7.4955801111","+7.4955801111","Protection of Private Person","","PO box 87, REG.RU Protection Service","Moscow","","123007","Russian Federation","buckschalk.com@regprivate.ru","+7.4955801111","+7.4955801111","Protection of Private Person","","PO box 87, REG.RU Protection Service","Moscow","","123007","Russian Federation","buckschalk.com@regprivate.ru","+7.4955801111","+7.4955801111","","","","","","","","","","","adaline.ns.cloudflare.com","kianchau.ns.cloudflare.com","","","clientTransferProhibited","","",""
"11","changinglifetips.com","2020-05-11 19:56:46","2020-05-08","2020-05-08","2021-05-08","1606","Limited Liability Company 'Registrar of domain names REG.RU'","whois.reg.ru","http://www.reg.ru","Protection of Private Person","","PO box 87, REG.RU Protection Service","Moscow","","123007","Russian Federation","changinglifetips.com@regprivate.ru","+7.4955801111","+7.4955801111","Protection of Private Person","","PO box 87, REG.RU Protection Service","Moscow","","123007","Russian Federation","changinglifetips.com@regprivate.ru","+7.4955801111","+7.4955801111","Protection of Private Person","","PO box 87, REG.RU Protection Service","Moscow","","123007","Russian Federation","changinglifetips.com@regprivate.ru","+7.4955801111","+7.4955801111","","","","","","","","","","","cris.ns.cloudflare.com","meg.ns.cloudflare.com","","","clientTransferProhibited","","",""
"12","christineframe.com","2020-05-11 20:04:01","2020-05-08","2020-05-08","2021-05-08","1606","Limited Liability Company 'Registrar of domain names REG.RU'","whois.reg.ru","http://www.reg.ru","Sergei Zhizhoma","Private Person","ul. Krasnoarmeiskaya, 44-b, kv. 21","g. Yalta","Respublika Krim","298607","Russian Federation","s.zhizhoma@gmail.com","+7.9788554244","","Sergei Zhizhoma","Private Person","ul. Krasnoarmeiskaya, 44-b, kv. 21","g. Yalta","Respublika Krim","298607","Russian Federation","s.zhizhoma@gmail.com","+7.9788554244","","Sergei Zhizhoma","Private Person","ul. Krasnoarmeiskaya, 44-b, kv. 21","g. Yalta","Respublika Krim","298607","Russian Federation","s.zhizhoma@gmail.com","+7.9788554244","","","","","","","","","","","","ns1.hosting.reg.ru","ns2.hosting.reg.ru","","","clientTransferProhibited","","",""
"13","cloudymasterbrand.com","2020-05-11 19:56:59","2020-05-08","2020-05-08","2021-05-08","1606","Limited Liability Company 'Registrar of domain names REG.RU'","whois.reg.ru","http://www.reg.ru","Ivan Bannikov","Private Person","Dubrovitsy, 4, 16","Podolsk","Moscow region","142132","Russian Federation","cloudy-master@yandex.ru","+7.9150121925","","Ivan Bannikov","Private Person","Dubrovitsy, 4, 16","Podolsk","Moscow region","142132","Russian Federation","cloudy-master@yandex.ru","+7.9150121925","","Ivan Bannikov","Private Person","Dubrovitsy, 4, 16","Podolsk","Moscow region","142132","Russian Federation","cloudy-master@yandex.ru","+7.9150121925","","","","","","","","","","","","ns1.selectel.org","ns2.selectel.org","ns3.selectel.org","ns4.selectel.org","clientTransferProhibited","","",""
"14","geek-bird.com","2020-05-11 20:14:34","2020-05-08","2020-05-08","2021-05-08","1606","Limited Liability Company 'Registrar of domain names REG.RU'","whois.reg.ru","http://www.reg.ru","Protection of Private Person","","PO box 87, REG.RU Protection Service","Moscow","","123007","Russian Federation","geek-bird.com@regprivate.ru","+7.4955801111","+7.4955801111","Protection of Private Person","","PO box 87, REG.RU Protection Service","Moscow","","123007","Russian Federation","geek-bird.com@regprivate.ru","+7.4955801111","+7.4955801111","Protection of Private Person","","PO box 87, REG.RU Protection Service","Moscow","","123007","Russian Federation","geek-bird.com@regprivate.ru","+7.4955801111","+7.4955801111","","","","","","","","","","","ns1.hosting.reg.ru","ns2.hosting.reg.ru","","","clientTransferProhibited","","",""
"15","greadeplus.com","2020-05-11 20:15:37","2020-05-09","2020-05-09","2021-05-09","1606","Limited Liability Company 'Registrar of domain names REG.RU'","whois.reg.ru","http://www.reg.ru","Protection of Private Person","","PO box 87, REG.RU Protection Service","Moscow","","123007","Russian Federation","greadeplus.com@regprivate.ru","+7.4955801111","+7.4955801111","Protection of Private Person","","PO box 87, REG.RU Protection Service","Moscow","","123007","Russian Federation","greadeplus.com@regprivate.ru","+7.4955801111","+7.4955801111","Protection of Private Person","","PO box 87, REG.RU Protection Service","Moscow","","123007","Russian Federation","greadeplus.com@regprivate.ru","+7.4955801111","+7.4955801111","","","","","","","","","","","ns1.reg.ru","ns2.reg.ru","","","clientTransferProhibited","","",""
"16","home-howto.com","2020-05-11 19:55:10","2020-05-09","2020-05-09","2021-05-09","1606","Limited Liability Company 'Registrar of domain names REG.RU'","whois.reg.ru","http://www.reg.ru","Protection of Private Person","","PO box 87, REG.RU Protection Service","Moscow","","123007","Russian Federation","home-howto.com@regprivate.ru","+7.4955801111","+7.4955801111","Protection of Private Person","","PO box 87, REG.RU Protection Service","Moscow","","123007","Russian Federation","home-howto.com@regprivate.ru","+7.4955801111","+7.4955801111","Protection of Private Person","","PO box 87, REG.RU Protection Service","Moscow","","123007","Russian Federation","home-howto.com@regprivate.ru","+7.4955801111","+7.4955801111","","","","","","","","","","","katelyn.ns.cloudflare.com","kurt.ns.cloudflare.com","","","clientTransferProhibited","","",""
"17","homecorrection.com","2020-05-11 20:15:59","2020-05-09","2020-05-10","2021-05-09","1606","Limited Liability Company 'Registrar of domain names REG.RU'","whois.reg.ru","http://www.reg.ru","Protection of Private Person","","PO box 87, REG.RU Protection Service","Moscow","","123007","Russian Federation","homecorrection.com@regprivate.ru","+7.4955801111","+7.4955801111","Protection of Private Person","","PO box 87, REG.RU Protection Service","Moscow","","123007","Russian Federation","homecorrection.com@regprivate.ru","+7.4955801111","+7.4955801111","Protection of Private Person","","PO box 87, REG.RU Protection Service","Moscow","","123007","Russian Federation","homecorrection.com@regprivate.ru","+7.4955801111","+7.4955801111","","","","","","","","","","","chin.ns.cloudflare.com","damian.ns.cloudflare.com","","","clientTransferProhibited","","",""
"18","hyperion68.com","2020-05-11 20:15:38","2020-05-09","2020-05-09","2021-05-09","1606","Limited Liability Company 'Registrar of domain names REG.RU'","whois.reg.ru","http://www.reg.ru","Protection of Private Person","","PO box 87, REG.RU Protection Service","Moscow","","123007","Russian Federation","hyperion68.com@regprivate.ru","+7.4955801111","+7.4955801111","Protection of Private Person","","PO box 87, REG.RU Protection Service","Moscow","","123007","Russian Federation","hyperion68.com@regprivate.ru","+7.4955801111","+7.4955801111","Protection of Private Person","","PO box 87, REG.RU Protection Service","Moscow","","123007","Russian Federation","hyperion68.com@regprivate.ru","+7.4955801111","+7.4955801111","","","","","","","","","","","ns1.reg.ru","ns2.reg.ru","","","clientTransferProhibited","","",""
"19","junus-coban.com","2020-05-11 20:04:08","2020-05-08","2020-05-08","2021-05-08","1606","Limited Liability Company 'Registrar of domain names REG.RU'","whois.reg.ru","http://www.reg.ru","Protection of Private Person","","PO box 87, REG.RU Protection Service","Moscow","","123007","Russian Federation","junus-coban.com@regprivate.ru","+7.4955801111","+7.4955801111","Protection of Private Person","","PO box 87, REG.RU Protection Service","Moscow","","123007","Russian Federation","junus-coban.com@regprivate.ru","+7.4955801111","+7.4955801111","Protection of Private Person","","PO box 87, REG.RU Protection Service","Moscow","","123007","Russian Federation","junus-coban.com@regprivate.ru","+7.4955801111","+7.4955801111","","","","","","","","","","","ns1.reg.ru","ns2.reg.ru","","","clientTransferProhibited","","",""
"20","ksletherm.com","2020-05-11 20:17:26","2020-05-09","2020-05-09","2021-05-09","1606","Limited Liability Company 'Registrar of domain names REG.RU'","whois.reg.ru","http://www.reg.ru","Protection of Private Person","","PO box 87, REG.RU Protection Service","Moscow","","123007","Russian Federation","ksletherm.com@regprivate.ru","+7.4955801111","+7.4955801111","Protection of Private Person","","PO box 87, REG.RU Protection Service","Moscow","","123007","Russian Federation","ksletherm.com@regprivate.ru","+7.4955801111","+7.4955801111","Protection of Private Person","","PO box 87, REG.RU Protection Service","Moscow","","123007","Russian Federation","ksletherm.com@regprivate.ru","+7.4955801111","+7.4955801111","","","","","","","","","","","ns1.reg.ru","ns2.reg.ru","","","clientTransferProhibited","","",""
"21","ladiesunion.com","2020-05-11 20:00:42","2020-05-08","2020-05-08","2021-05-08","1606","Limited Liability Company 'Registrar of domain names REG.RU'","whois.reg.ru","http://www.reg.ru","Protection of Private Person","","PO box 87, REG.RU Protection Service","Moscow","","123007","Russian Federation","ladiesunion.com@regprivate.ru","+7.4955801111","+7.4955801111","Protection of Private Person","","PO box 87, REG.RU Protection Service","Moscow","","123007","Russian Federation","ladiesunion.com@regprivate.ru","+7.4955801111","+7.4955801111","Protection of Private Person","","PO box 87, REG.RU Protection Service","Moscow","","123007","Russian Federation","ladiesunion.com@regprivate.ru","+7.4955801111","+7.4955801111","","","","","","","","","","","ns1.beget.com","ns1.beget.pro","ns2.beget.com","ns2.beget.pro","clientTransferProhibited","","",""
"22","ledviser.com","2020-05-11 20:16:02","2020-05-09","2020-05-09","2021-05-09","1606","Limited Liability Company 'Registrar of domain names REG.RU'","whois.reg.ru","http://www.reg.ru","Protection of Private Person","","PO box 87, REG.RU Protection Service","Moscow","","123007","Russian Federation","ledviser.com@regprivate.ru","+7.4955801111","+7.4955801111","Protection of Private Person","","PO box 87, REG.RU Protection Service","Moscow","","123007","Russian Federation","ledviser.com@regprivate.ru","+7.4955801111","+7.4955801111","Protection of Private Person","","PO box 87, REG.RU Protection Service","Moscow","","123007","Russian Federation","ledviser.com@regprivate.ru","+7.4955801111","+7.4955801111","","","","","","","","","","","ns1.reg.ru","ns2.reg.ru","","","clientTransferProhibited","","",""
"23","markcetcsgo.com","2020-05-11 20:00:29","2020-05-08","2020-05-10","2021-05-08","1606","Limited Liability Company 'Registrar of domain names REG.RU'","whois.reg.ru","http://www.reg.ru","Protection of Private Person","","PO box 87, REG.RU Protection Service","Moscow","","123007","Russian Federation","markcetcsgo.com@regprivate.ru","+7.4955801111","+7.4955801111","Protection of Private Person","","PO box 87, REG.RU Protection Service","Moscow","","123007","Russian Federation","markcetcsgo.com@regprivate.ru","+7.4955801111","+7.4955801111","Protection of Private Person","","PO box 87, REG.RU Protection Service","Moscow","","123007","Russian Federation","markcetcsgo.com@regprivate.ru","+7.4955801111","+7.4955801111","","","","","","","","","","","ns1.reg.ru","ns2.reg.ru","","","clientTransferProhibited","","",""
"24","mestechko-chernivtsi.com","2020-05-11 19:55:40","2020-05-09","2020-05-09","2021-05-09","1606","Limited Liability Company 'Registrar of domain names REG.RU'","whois.reg.ru","http://www.reg.ru","Protection of Private Person","","PO box 87, REG.RU Protection Service","Moscow","","123007","Russian Federation","mestechko-chernivtsi.com@regprivate.ru","+7.4955801111","+7.4955801111","Protection of Private Person","","PO box 87, REG.RU Protection Service","Moscow","","123007","Russian Federation","mestechko-chernivtsi.com@regprivate.ru","+7.4955801111","+7.4955801111","Protection of Private Person","","PO box 87, REG.RU Protection Service","Moscow","","123007","Russian Federation","mestechko-chernivtsi.com@regprivate.ru","+7.4955801111","+7.4955801111","","","","","","","","","","","ns1.reg.ru","ns2.reg.ru","","","clientTransferProhibited","","",""
"25","newcigarclub.com","2020-05-11 20:15:47","2020-05-09","2020-05-09","2021-05-09","1606","Limited Liability Company 'Registrar of domain names REG.RU'","whois.reg.ru","http://www.reg.ru","Protection of Private Person","","PO box 87, REG.RU Protection Service","Moscow","","123007","Russian Federation","newcigarclub.com@regprivate.ru","+7.4955801111","+7.4955801111","Protection of Private Person","","PO box 87, REG.RU Protection Service","Moscow","","123007","Russian Federation","newcigarclub.com@regprivate.ru","+7.4955801111","+7.4955801111","Protection of Private Person","","PO box 87, REG.RU Protection Service","Moscow","","123007","Russian Federation","newcigarclub.com@regprivate.ru","+7.4955801111","+7.4955801111","","","","","","","","","","","brad.ns.cloudflare.com","galilea.ns.cloudflare.com","","","clientTransferProhibited","","",""
"26","nowbesttrip.com","2020-05-11 20:14:16","2020-05-08","2020-05-08","2021-05-08","1606","Limited Liability Company 'Registrar of domain names REG.RU'","whois.reg.ru","http://www.reg.ru","Protection of Private Person","","PO box 87, REG.RU Protection Service","Moscow","","123007","Russian Federation","nowbesttrip.com@regprivate.ru","+7.4955801111","+7.4955801111","Protection of Private Person","","PO box 87, REG.RU Protection Service","Moscow","","123007","Russian Federation","nowbesttrip.com@regprivate.ru","+7.4955801111","+7.4955801111","Protection of Private Person","","PO box 87, REG.RU Protection Service","Moscow","","123007","Russian Federation","nowbesttrip.com@regprivate.ru","+7.4955801111","+7.4955801111","","","","","","","","","","","burt.ns.cloudflare.com","nicole.ns.cloudflare.com","","","clientTransferProhibited","","",""
"27","obyavliene.com","2020-05-11 19:59:10","2020-05-08","2020-05-08","2021-05-08","1606","Limited Liability Company 'Registrar of domain names REG.RU'","whois.reg.ru","http://www.reg.ru","Protection of Private Person","","PO box 87, REG.RU Protection Service","Moscow","","123007","Russian Federation","obyavliene.com@regprivate.ru","+7.4955801111","+7.4955801111","Protection of Private Person","","PO box 87, REG.RU Protection Service","Moscow","","123007","Russian Federation","obyavliene.com@regprivate.ru","+7.4955801111","+7.4955801111","Protection of Private Person","","PO box 87, REG.RU Protection Service","Moscow","","123007","Russian Federation","obyavliene.com@regprivate.ru","+7.4955801111","+7.4955801111","","","","","","","","","","","ns1.hosting.reg.ru","ns2.hosting.reg.ru","","","clientTransferProhibited","","",""
"28","onlineprodesign.com","2020-05-11 20:03:30","2020-05-08","2020-05-08","2021-05-08","1606","Limited Liability Company 'Registrar of domain names REG.RU'","whois.reg.ru","http://www.reg.ru","Protection of Private Person","","PO box 87, REG.RU Protection Service","Moscow","","123007","Russian Federation","onlineprodesign.com@regprivate.ru","+7.4955801111","+7.4955801111","Protection of Private Person","","PO box 87, REG.RU Protection Service","Moscow","","123007","Russian Federation","onlineprodesign.com@regprivate.ru","+7.4955801111","+7.4955801111","Protection of Private Person","","PO box 87, REG.RU Protection Service","Moscow","","123007","Russian Federation","onlineprodesign.com@regprivate.ru","+7.4955801111","+7.4955801111","","","","","","","","","","","ns1.reg.ru","ns2.reg.ru","","","clientTransferProhibited","","",""
"29","pizzobeachclub115g.com","2020-05-11 19:57:50","2020-05-08","2020-05-11","2021-05-08","1606","Limited Liability Company 'Registrar of domain names REG.RU'","whois.reg.ru","http://www.reg.ru","Protection of Private Person","","PO box 87, REG.RU Protection Service","Moscow","","123007","Russian Federation","pizzobeachclub115g.com@regprivate.ru","+7.4955801111","+7.4955801111","Protection of Private Person","","PO box 87, REG.RU Protection Service","Moscow","","123007","Russian Federation","pizzobeachclub115g.com@regprivate.ru","+7.4955801111","+7.4955801111","Protection of Private Person","","PO box 87, REG.RU Protection Service","Moscow","","123007","Russian Federation","pizzobeachclub115g.com@regprivate.ru","+7.4955801111","+7.4955801111","","","","","","","","","","","ns1.hosting.reg.ru","ns2.hosting.reg.ru","","","clientTransferProhibited","","",""
"30","rosprombank.com","2020-05-11 20:14:34","2020-05-08","2020-05-08","2021-05-08","1606","Limited Liability Company 'Registrar of domain names REG.RU'","whois.reg.ru","http://www.reg.ru","Protection of Private Person","","PO box 87, REG.RU Protection Service","Moscow","","123007","Russian Federation","rosprombank.com@regprivate.ru","+7.4955801111","+7.4955801111","Protection of Private Person","","PO box 87, REG.RU Protection Service","Moscow","","123007","Russian Federation","rosprombank.com@regprivate.ru","+7.4955801111","+7.4955801111","Protection of Private Person","","PO box 87, REG.RU Protection Service","Moscow","","123007","Russian Federation","rosprombank.com@regprivate.ru","+7.4955801111","+7.4955801111","","","","","","","","","","","abby.ns.cloudflare.com","lloyd.ns.cloudflare.com","","","clientTransferProhibited","","",""
"31","royalintlsch.com","2020-05-11 20:09:53","2020-05-09","2020-05-09","2021-05-09","1606","Limited Liability Company 'Registrar of domain names REG.RU'","whois.reg.ru","http://www.reg.ru","Protection of Private Person","","PO box 87, REG.RU Protection Service","Moscow","","123007","Russian Federation","royalintlsch.com@regprivate.ru","+7.4955801111","+7.4955801111","Protection of Private Person","","PO box 87, REG.RU Protection Service","Moscow","","123007","Russian Federation","royalintlsch.com@regprivate.ru","+7.4955801111","+7.4955801111","Protection of Private Person","","PO box 87, REG.RU Protection Service","Moscow","","123007","Russian Federation","royalintlsch.com@regprivate.ru","+7.4955801111","+7.4955801111","","","","","","","","","","","ns1.cishost.ru","ns2.cishost.ru","","","clientTransferProhibited","","",""
"32","satallpay.com","2020-05-11 20:12:06","2020-05-09","2020-05-09","2021-05-09","1606","Limited Liability Company 'Registrar of domain names REG.RU'","whois.reg.ru","http://www.reg.ru","Guldana Kanabekova","Private Person","Chaykinoy 3, kv 80","Almaty","Almaty","050000","Kazakstan","gkmgroup.kz@gmail.com","+7.7012626091","","Guldana Kanabekova","Private Person","Chaykinoy 3, kv 80","Almaty","Almaty","050000","Kazakstan","gkmgroup.kz@gmail.com","+7.7012626091","","Guldana Kanabekova","Private Person","Chaykinoy 3, kv 80","Almaty","Almaty","050000","Kazakstan","gkmgroup.kz@gmail.com","+7.7012626091","","","","","","","","","","","","ns1.ps.kz","ns2.ps.kz","ns3.ps.kz","","clientTransferProhibited","","",""
"33","servicedogsforindependence.com","2020-05-11 19:55:35","2020-05-09","2020-05-09","2021-05-09","1606","Limited Liability Company 'Registrar of domain names REG.RU'","whois.reg.ru","http://www.reg.ru","Protection of Private Person","","PO box 87, REG.RU Protection Service","Moscow","","123007","Russian Federation","servicedogsforindependence.com@regprivate.ru","+7.4955801111","+7.4955801111","Protection of Private Person","","PO box 87, REG.RU Protection Service","Moscow","","123007","Russian Federation","servicedogsforindependence.com@regprivate.ru","+7.4955801111","+7.4955801111","Protection of Private Person","","PO box 87, REG.RU Protection Service","Moscow","","123007","Russian Federation","servicedogsforindependence.com@regprivate.ru","+7.4955801111","+7.4955801111","","","","","","","","","","","dara.ns.cloudflare.com","jerome.ns.cloudflare.com","","","clientTransferProhibited","","",""
"34","texasserenades.com","2020-05-11 20:17:37","2020-05-09","2020-05-09","2021-05-09","1606","Limited Liability Company 'Registrar of domain names REG.RU'","whois.reg.ru","http://www.reg.ru","Protection of Private Person","","PO box 87, REG.RU Protection Service","Moscow","","123007","Russian Federation","texasserenades.com@regprivate.ru","+7.4955801111","+7.4955801111","Protection of Private Person","","PO box 87, REG.RU Protection Service","Moscow","","123007","Russian Federation","texasserenades.com@regprivate.ru","+7.4955801111","+7.4955801111","Protection of Private Person","","PO box 87, REG.RU Protection Service","Moscow","","123007","Russian Federation","texasserenades.com@regprivate.ru","+7.4955801111","+7.4955801111","","","","","","","","","","","ns1.reg.ru","ns2.reg.ru","","","clientTransferProhibited","","",""
"35","tooth-helper.com","2020-05-11 20:15:27","2020-05-09","2020-05-09","2021-05-09","1606","Limited Liability Company 'Registrar of domain names REG.RU'","whois.reg.ru","http://www.reg.ru","Protection of Private Person","","PO box 87, REG.RU Protection Service","Moscow","","123007","Russian Federation","tooth-helper.com@regprivate.ru","+7.4955801111","+7.4955801111","Protection of Private Person","","PO box 87, REG.RU Protection Service","Moscow","","123007","Russian Federation","tooth-helper.com@regprivate.ru","+7.4955801111","+7.4955801111","Protection of Private Person","","PO box 87, REG.RU Protection Service","Moscow","","123007","Russian Federation","tooth-helper.com@regprivate.ru","+7.4955801111","+7.4955801111","","","","","","","","","","","ns1.reg.ru","ns2.reg.ru","","","clientTransferProhibited","","",""
"36","varvarasvistunova.com","2020-05-11 20:15:32","2020-05-09","2020-05-09","2021-05-09","1606","Limited Liability Company 'Registrar of domain names REG.RU'","whois.reg.ru","http://www.reg.ru","Protection of Private Person","","PO box 87, REG.RU Protection Service","Moscow","","123007","Russian Federation","varvarasvistunova.com@regprivate.ru","+7.4955801111","+7.4955801111","Protection of Private Person","","PO box 87, REG.RU Protection Service","Moscow","","123007","Russian Federation","varvarasvistunova.com@regprivate.ru","+7.4955801111","+7.4955801111","Protection of Private Person","","PO box 87, REG.RU Protection Service","Moscow","","123007","Russian Federation","varvarasvistunova.com@regprivate.ru","+7.4955801111","+7.4955801111","","","","","","","","","","","ns1.reg.ru","ns2.reg.ru","","","clientTransferProhibited","","",""
"37","veryimportantpersonnel.com","2020-05-11 19:57:11","2020-05-09","2020-05-09","2021-05-09","1606","Limited Liability Company 'Registrar of domain names REG.RU'","whois.reg.ru","http://www.reg.ru","Protection of Private Person","","PO box 87, REG.RU Protection Service","Moscow","","123007","Russian Federation","veryimportantpersonnel.com@regprivate.ru","+7.4955801111","+7.4955801111","Protection of Private Person","","PO box 87, REG.RU Protection Service","Moscow","","123007","Russian Federation","veryimportantpersonnel.com@regprivate.ru","+7.4955801111","+7.4955801111","Protection of Private Person","","PO box 87, REG.RU Protection Service","Moscow","","123007","Russian Federation","veryimportantpersonnel.com@regprivate.ru","+7.4955801111","+7.4955801111","","","","","","","","","","","ns1.reg.ru","ns2.reg.ru","","","clientTransferProhibited","","",""
"38","victoryapptoday.com","2020-05-11 20:16:03","2020-05-09","2020-05-09","2021-05-09","1606","Limited Liability Company 'Registrar of domain names REG.RU'","whois.reg.ru","http://www.reg.ru","Osipov Oleg","IP Osipov O.","ul.Rogojskiy val 12","Moscow","Moscow Region","109147","Russian Federation","ivanft@mail.ru","+7.9819624753","","Osipov Oleg","IP Osipov O.","ul.Rogojskiy val 12","Moscow","Moscow Region","109147","Russian Federation","ivanft@mail.ru","+7.9819624753","","Osipov Oleg","IP Osipov O.","ul.Rogojskiy val 12","Moscow","Moscow Region","109147","Russian Federation","ivanft@mail.ru","+7.9819624753","","","","","","","","","","","","ns1.reg.ru","ns2.reg.ru","","","clientTransferProhibited","","",""
"39","vptwood.com","2020-05-11 20:16:05","2020-05-09","2020-05-09","2021-05-09","1606","Limited Liability Company 'Registrar of domain names REG.RU'","whois.reg.ru","http://www.reg.ru","Protection of Private Person","","PO box 87, REG.RU Protection Service","Moscow","","123007","Russian Federation","vptwood.com@regprivate.ru","+7.4955801111","+7.4955801111","Protection of Private Person","","PO box 87, REG.RU Protection Service","Moscow","","123007","Russian Federation","vptwood.com@regprivate.ru","+7.4955801111","+7.4955801111","Protection of Private Person","","PO box 87, REG.RU Protection Service","Moscow","","123007","Russian Federation","vptwood.com@regprivate.ru","+7.4955801111","+7.4955801111","","","","","","","","","","","ns1.reg.ru","ns2.reg.ru","","","clientTransferProhibited","","",""
"40","walkarea.com","2020-05-11 19:55:12","2020-05-09","2020-05-09","2021-05-09","1606","Limited Liability Company 'Registrar of domain names REG.RU'","whois.reg.ru","http://www.reg.ru","Protection of Private Person","","PO box 87, REG.RU Protection Service","Moscow","","123007","Russian Federation","walkarea.com@regprivate.ru","+7.4955801111","+7.4955801111","Protection of Private Person","","PO box 87, REG.RU Protection Service","Moscow","","123007","Russian Federation","walkarea.com@regprivate.ru","+7.4955801111","+7.4955801111","Protection of Private Person","","PO box 87, REG.RU Protection Service","Moscow","","123007","Russian Federation","walkarea.com@regprivate.ru","+7.4955801111","+7.4955801111","","","","","","","","","","","ns1.reg.ru","ns2.reg.ru","","","clientTransferProhibited","","",""
"41","waterhousegroupdesign.com","2020-05-11 19:56:45","2020-05-08","2020-05-08","2021-05-08","1606","Limited Liability Company 'Registrar of domain names REG.RU'","whois.reg.ru","http://www.reg.ru","Protection of Private Person","","PO box 87, REG.RU Protection Service","Moscow","","123007","Russian Federation","waterhousegroupdesign.com@regprivate.ru","+7.4955801111","+7.4955801111","Protection of Private Person","","PO box 87, REG.RU Protection Service","Moscow","","123007","Russian Federation","waterhousegroupdesign.com@regprivate.ru","+7.4955801111","+7.4955801111","Protection of Private Person","","PO box 87, REG.RU Protection Service","Moscow","","123007","Russian Federation","waterhousegroupdesign.com@regprivate.ru","+7.4955801111","+7.4955801111","","","","","","","","","","","ns.masterhost.ru","ns1.masterhost.ru","ns2.masterhost.ru","","clientTransferProhibited","","",""
"42","word-of-sex.com","2020-05-11 19:56:30","2020-05-09","2020-05-09","2021-05-09","1606","Limited Liability Company 'Registrar of domain names REG.RU'","whois.reg.ru","http://www.reg.ru","Protection of Private Person","","PO box 87, REG.RU Protection Service","Moscow","","123007","Russian Federation","word-of-sex.com@regprivate.ru","+7.4955801111","+7.4955801111","Protection of Private Person","","PO box 87, REG.RU Protection Service","Moscow","","123007","Russian Federation","word-of-sex.com@regprivate.ru","+7.4955801111","+7.4955801111","Protection of Private Person","","PO box 87, REG.RU Protection Service","Moscow","","123007","Russian Federation","word-of-sex.com@regprivate.ru","+7.4955801111","+7.4955801111","","","","","","","","","","","ns1.reg.ru","ns2.reg.ru","","","clientTransferProhibited","","",""
"43","xashatwelve.com","2020-05-11 20:05:23","2020-05-09","2020-05-09","2021-05-09","1606","Limited Liability Company 'Registrar of domain names REG.RU'","whois.reg.ru","http://www.reg.ru","Protection of Private Person","","PO box 87, REG.RU Protection Service","Moscow","","123007","Russian Federation","xashatwelve.com@regprivate.ru","+7.4955801111","+7.4955801111","Protection of Private Person","","PO box 87, REG.RU Protection Service","Moscow","","123007","Russian Federation","xashatwelve.com@regprivate.ru","+7.4955801111","+7.4955801111","Protection of Private Person","","PO box 87, REG.RU Protection Service","Moscow","","123007","Russian Federation","xashatwelve.com@regprivate.ru","+7.4955801111","+7.4955801111","","","","","","","","","","","ns1.sedoparking.com","ns2.sedoparking.com","","","clientTransferProhibited","","",""
"44","xyzglobalexpressuk.com","2020-05-11 20:06:06","2020-05-09","2020-05-09","2021-05-09","1606","Limited Liability Company 'Registrar of domain names REG.RU'","whois.reg.ru","http://www.reg.ru","Protection of Private Person","","PO box 87, REG.RU Protection Service","Moscow","","123007","Russian Federation","xyzglobalexpressuk.com@regprivate.ru","+7.4955801111","+7.4955801111","Protection of Private Person","","PO box 87, REG.RU Protection Service","Moscow","","123007","Russian Federation","xyzglobalexpressuk.com@regprivate.ru","+7.4955801111","+7.4955801111","Protection of Private Person","","PO box 87, REG.RU Protection Service","Moscow","","123007","Russian Federation","xyzglobalexpressuk.com@regprivate.ru","+7.4955801111","+7.4955801111","","","","","","","","","","","ns3.owlhost.net","ns4.owlhost.net","","","clientTransferProhibited","","",""
"45","ykbplc.com","2020-05-11 19:55:08","2020-05-08","2020-05-08","2021-05-08","1606","Limited Liability Company 'Registrar of domain names REG.RU'","whois.reg.ru","http://www.reg.ru","Protection of Private Person","","PO box 87, REG.RU Protection Service","Moscow","","123007","Russian Federation","ykbplc.com@regprivate.ru","+7.4955801111","+7.4955801111","Protection of Private Person","","PO box 87, REG.RU Protection Service","Moscow","","123007","Russian Federation","ykbplc.com@regprivate.ru","+7.4955801111","+7.4955801111","Protection of Private Person","","PO box 87, REG.RU Protection Service","Moscow","","123007","Russian Federation","ykbplc.com@regprivate.ru","+7.4955801111","+7.4955801111","","","","","","","","","","","ns1.hosting.reg.ru","ns2.hosting.reg.ru","","","clientTransferProhibited","","",""
"46","yogamatx.com","2020-05-11 20:02:34","2020-05-08","2020-05-08","2021-05-08","1606","Limited Liability Company 'Registrar of domain names REG.RU'","whois.reg.ru","http://www.reg.ru","Protection of Private Person","","PO box 87, REG.RU Protection Service","Moscow","","123007","Russian Federation","yogamatx.com@regprivate.ru","+7.4955801111","+7.4955801111","Protection of Private Person","","PO box 87, REG.RU Protection Service","Moscow","","123007","Russian Federation","yogamatx.com@regprivate.ru","+7.4955801111","+7.4955801111","Protection of Private Person","","PO box 87, REG.RU Protection Service","Moscow","","123007","Russian Federation","yogamatx.com@regprivate.ru","+7.4955801111","+7.4955801111","","","","","","","","","","","ns1.reg.ru","ns2.reg.ru","","","clientTransferProhibited","","",""
"47","your-mebel.com","2020-05-11 19:57:06","2020-05-08","2020-05-08","2021-05-08","1606","Limited Liability Company 'Registrar of domain names REG.RU'","whois.reg.ru","http://www.reg.ru","Protection of Private Person","","PO box 87, REG.RU Protection Service","Moscow","","123007","Russian Federation","your-mebel.com@regprivate.ru","+7.4955801111","+7.4955801111","Protection of Private Person","","PO box 87, REG.RU Protection Service","Moscow","","123007","Russian Federation","your-mebel.com@regprivate.ru","+7.4955801111","+7.4955801111","Protection of Private Person","","PO box 87, REG.RU Protection Service","Moscow","","123007","Russian Federation","your-mebel.com@regprivate.ru","+7.4955801111","+7.4955801111","","","","","","","","","","","ns1.buromi.ru","ns2.buromi.ru","","","clientTransferProhibited","","",""
"48","zomzcast.com","2020-05-11 20:14:06","2020-05-08","2020-05-08","2021-05-08","1606","Limited Liability Company 'Registrar of domain names REG.RU'","whois.reg.ru","http://www.reg.ru","Alexander Mironov","Zagorsk Optical Plant","Chaykoskogo 9","Sergiev Posad","Moscow Area","141300","Russian Federation","johnvik2000@gmail.com","+7.9267306135","","Alexander Mironov","Zagorsk Optical Plant","Chaykoskogo 9","Sergiev Posad","Moscow Area","141300","Russian Federation","johnvik2000@gmail.com","+7.9267306135","","Alexander Mironov","Zagorsk Optical Plant","Chaykoskogo 9","Sergiev Posad","Moscow Area","141300","Russian Federation","johnvik2000@gmail.com","+7.9267306135","","","","","","","","","","","","ns1.selectel.org","ns2.selectel.org","ns3.selectel.org","ns4.selectel.org","clientTransferProhibited","","",""