"num","domain_name","query_time","create_date","update_date","expiry_date","domain_registrar_id","domain_registrar_name","domain_registrar_whois","domain_registrar_url","registrant_name","registrant_company","registrant_address","registrant_city","registrant_state","registrant_zip","registrant_country","registrant_email","registrant_phone","registrant_fax","administrative_name","administrative_company","administrative_address","administrative_city","administrative_state","administrative_zip","administrative_country","administrative_email","administrative_phone","administrative_fax","technical_name","technical_company","technical_address","technical_city","technical_state","technical_zip","technical_country","technical_email","technical_phone","technical_fax","billing_name","billing_company","billing_address","billing_city","billing_state","billing_zip","billing_country","billing_email","billing_phone","billing_fax","name_server_1","name_server_2","name_server_3","name_server_4","domain_status_1","domain_status_2","domain_status_3","domain_status_4"
"1","4x4beyond.com","2020-05-11 20:07:56","2020-05-09","2020-05-09","2021-05-09","13","Melbourne IT, Ltd","whois.melbourneit.com","http://www.melbourneit.com","My Private Registration","My Private Registration","PO BOX 270","Broadway","NSW","2007","Australia","4x4beyond.com@domainprivacyservice.com.au","+61.299340501","","My Private Registration","My Private Registration","PO BOX 270","Broadway","NSW","2007","Australia","4x4beyond.com@domainprivacyservice.com.au","+61.299340501","","My Private Registration","My Private Registration","PO BOX 270","Broadway","NSW","2007","Australia","4x4beyond.com@domainprivacyservice.com.au","+61.299340501","","","","","","","","","","","","ns1.netregistry.net","ns2.netregistry.net","ns3.netregistry.net","","OK","","",""
"2","buildersboq.com","2020-05-11 20:05:10","2020-05-09","2020-05-09","2021-05-09","13","Melbourne IT, Ltd","whois.melbourneit.com","http://www.melbourneit.com","REDACTED FOR PRIVACY","REDACTED FOR PRIVACY","REDACTED FOR PRIVACY","REDACTED FOR PRIVACY","QLD","REDACTED FOR PRIVACY","Australia","","REDACTED FOR PRIVACY","REDACTED FOR PRIVACY","REDACTED FOR PRIVACY","REDACTED FOR PRIVACY","REDACTED FOR PRIVACY","REDACTED FOR PRIVACY","REDACTED FOR PRIVACY","REDACTED FOR PRIVACY","REDACTED FOR PRIVACY","","REDACTED FOR PRIVACY","REDACTED FOR PRIVACY","REDACTED FOR PRIVACY","REDACTED FOR PRIVACY","REDACTED FOR PRIVACY","REDACTED FOR PRIVACY","REDACTED FOR PRIVACY","REDACTED FOR PRIVACY","REDACTED FOR PRIVACY","","REDACTED FOR PRIVACY","REDACTED FOR PRIVACY","","","","","","","","","","","ns1.netregistry.net","ns2.netregistry.net","ns3.netregistry.net","","OK","","",""
"3","cranechains.com","2020-05-11 20:05:00","2020-05-09","2020-05-09","2025-05-09","13","Melbourne IT, Ltd","whois.melbourneit.com","http://www.melbourneit.com","REDACTED FOR PRIVACY","REDACTED FOR PRIVACY","REDACTED FOR PRIVACY","REDACTED FOR PRIVACY","QLD","REDACTED FOR PRIVACY","Australia","","REDACTED FOR PRIVACY","REDACTED FOR PRIVACY","REDACTED FOR PRIVACY","REDACTED FOR PRIVACY","REDACTED FOR PRIVACY","REDACTED FOR PRIVACY","REDACTED FOR PRIVACY","REDACTED FOR PRIVACY","REDACTED FOR PRIVACY","","REDACTED FOR PRIVACY","REDACTED FOR PRIVACY","REDACTED FOR PRIVACY","REDACTED FOR PRIVACY","REDACTED FOR PRIVACY","REDACTED FOR PRIVACY","REDACTED FOR PRIVACY","REDACTED FOR PRIVACY","REDACTED FOR PRIVACY","","REDACTED FOR PRIVACY","REDACTED FOR PRIVACY","","","","","","","","","","","ns1.netregistry.net","ns2.netregistry.net","ns3.netregistry.net","","OK","","",""
"4","elizabethgaltpsychology.com","2020-05-11 19:55:00","2020-05-09","2020-05-09","2022-05-09","13","Melbourne IT, Ltd","whois.melbourneit.com","http://www.melbourneit.com","My Private Registration","My Private Registration","PO BOX 270","Broadway","NSW","2007","Australia","elizabethgaltpsychology.com@domainprivacyservice.com.au","+61.299340501","","My Private Registration","My Private Registration","PO BOX 270","Broadway","NSW","2007","Australia","elizabethgaltpsychology.com@domainprivacyservice.com.au","+61.299340501","","My Private Registration","My Private Registration","PO BOX 270","Broadway","NSW","2007","Australia","elizabethgaltpsychology.com@domainprivacyservice.com.au","+61.299340501","","","","","","","","","","","","ns1.netregistry.net","ns2.netregistry.net","ns3.netregistry.net","","OK","","",""
"5","flixrmedia.com","2020-05-11 20:06:50","2020-05-09","2020-05-09","2022-05-09","13","Melbourne IT, Ltd","whois.melbourneit.com","http://www.melbourneit.com","REDACTED FOR PRIVACY","REDACTED FOR PRIVACY","REDACTED FOR PRIVACY","REDACTED FOR PRIVACY","QLD","REDACTED FOR PRIVACY","Australia","","REDACTED FOR PRIVACY","REDACTED FOR PRIVACY","REDACTED FOR PRIVACY","REDACTED FOR PRIVACY","REDACTED FOR PRIVACY","REDACTED FOR PRIVACY","REDACTED FOR PRIVACY","REDACTED FOR PRIVACY","REDACTED FOR PRIVACY","","REDACTED FOR PRIVACY","REDACTED FOR PRIVACY","REDACTED FOR PRIVACY","REDACTED FOR PRIVACY","REDACTED FOR PRIVACY","REDACTED FOR PRIVACY","REDACTED FOR PRIVACY","REDACTED FOR PRIVACY","REDACTED FOR PRIVACY","","REDACTED FOR PRIVACY","REDACTED FOR PRIVACY","","","","","","","","","","","ns1.netregistry.net","ns2.netregistry.net","ns3.netregistry.net","","OK","","",""
"6","macbryd.com","2020-05-11 20:13:28","2020-05-09","2020-05-09","2021-05-09","13","Melbourne IT, Ltd","whois.melbourneit.com","http://www.melbourneit.com","REDACTED FOR PRIVACY","REDACTED FOR PRIVACY","REDACTED FOR PRIVACY","REDACTED FOR PRIVACY","VIC","REDACTED FOR PRIVACY","Australia","","REDACTED FOR PRIVACY","REDACTED FOR PRIVACY","REDACTED FOR PRIVACY","REDACTED FOR PRIVACY","REDACTED FOR PRIVACY","REDACTED FOR PRIVACY","REDACTED FOR PRIVACY","REDACTED FOR PRIVACY","REDACTED FOR PRIVACY","","REDACTED FOR PRIVACY","REDACTED FOR PRIVACY","REDACTED FOR PRIVACY","REDACTED FOR PRIVACY","REDACTED FOR PRIVACY","REDACTED FOR PRIVACY","REDACTED FOR PRIVACY","REDACTED FOR PRIVACY","REDACTED FOR PRIVACY","","REDACTED FOR PRIVACY","REDACTED FOR PRIVACY","","","","","","","","","","","ns1.netregistry.net","ns2.netregistry.net","ns3.netregistry.net","","OK","","",""
"7","otepotigames.com","2020-05-11 19:55:01","2020-05-09","2020-05-09","2021-05-09","13","Melbourne IT, Ltd","whois.melbourneit.com","http://www.melbourneit.com","REDACTED FOR PRIVACY","REDACTED FOR PRIVACY","REDACTED FOR PRIVACY","REDACTED FOR PRIVACY","Otago","REDACTED FOR PRIVACY","New Zealand","","REDACTED FOR PRIVACY","REDACTED FOR PRIVACY","REDACTED FOR PRIVACY","REDACTED FOR PRIVACY","REDACTED FOR PRIVACY","REDACTED FOR PRIVACY","REDACTED FOR PRIVACY","REDACTED FOR PRIVACY","REDACTED FOR PRIVACY","","REDACTED FOR PRIVACY","REDACTED FOR PRIVACY","REDACTED FOR PRIVACY","REDACTED FOR PRIVACY","REDACTED FOR PRIVACY","REDACTED FOR PRIVACY","REDACTED FOR PRIVACY","REDACTED FOR PRIVACY","REDACTED FOR PRIVACY","","REDACTED FOR PRIVACY","REDACTED FOR PRIVACY","","","","","","","","","","","ns1.nsserver.net.nz","ns2.nsserver.net.nz","ns3.nsserver.net.nz","","OK","","",""
"8","sleepy-threads.com","2020-05-11 20:07:55","2020-05-09","2020-05-10","2021-05-09","13","Melbourne IT, Ltd","whois.melbourneit.com","http://www.melbourneit.com","REDACTED FOR PRIVACY","REDACTED FOR PRIVACY","REDACTED FOR PRIVACY","REDACTED FOR PRIVACY","VIC","REDACTED FOR PRIVACY","Australia","","REDACTED FOR PRIVACY","REDACTED FOR PRIVACY","REDACTED FOR PRIVACY","REDACTED FOR PRIVACY","REDACTED FOR PRIVACY","REDACTED FOR PRIVACY","REDACTED FOR PRIVACY","REDACTED FOR PRIVACY","REDACTED FOR PRIVACY","","REDACTED FOR PRIVACY","REDACTED FOR PRIVACY","REDACTED FOR PRIVACY","REDACTED FOR PRIVACY","REDACTED FOR PRIVACY","REDACTED FOR PRIVACY","REDACTED FOR PRIVACY","REDACTED FOR PRIVACY","REDACTED FOR PRIVACY","","REDACTED FOR PRIVACY","REDACTED FOR PRIVACY","","","","","","","","","","","ns1.netregistry.net","ns2.netregistry.net","ns3.netregistry.net","","OK","","",""