"num","domain_name","query_time","create_date","update_date","expiry_date","domain_registrar_id","domain_registrar_name","domain_registrar_whois","domain_registrar_url","registrant_name","registrant_company","registrant_address","registrant_city","registrant_state","registrant_zip","registrant_country","registrant_email","registrant_phone","registrant_fax","administrative_name","administrative_company","administrative_address","administrative_city","administrative_state","administrative_zip","administrative_country","administrative_email","administrative_phone","administrative_fax","technical_name","technical_company","technical_address","technical_city","technical_state","technical_zip","technical_country","technical_email","technical_phone","technical_fax","billing_name","billing_company","billing_address","billing_city","billing_state","billing_zip","billing_country","billing_email","billing_phone","billing_fax","name_server_1","name_server_2","name_server_3","name_server_4","domain_status_1","domain_status_2","domain_status_3","domain_status_4"
"1","art-carousel.com","2020-05-11 19:55:35","2020-05-08","2020-05-08","2021-05-08","762","NamePal.com #8024","whois.namepal.com","http://www.domainsatcost.ca","New Ventures Services, Corp","New Ventures Services, Corp","PO BOX 459 Drums","Drums","PA","18222","United States","admin@newvcorp.com","+1.8558971723","","New Ventures Services, Corp","New Ventures Services, Corp","PO BOX 459 Drums","Drums","PA","18222","United States","admin@newvcorp.com","+1.8558971723","","New Ventures Services, Corp","New Ventures Services, Corp","PO BOX 459 Drums","Drums","PA","18222","United States","admin@newvcorp.com","+1.8558971723","","","","","","","","","","","","ns1626.ztomy.com","ns2626.ztomy.com","","","OK","","",""
"2","bestbrandsco.com","2020-05-11 19:56:52","2020-05-08","2020-05-08","2021-05-08","762","NamePal.com #8024","whois.namepal.com","http://www.domainsatcost.ca","New Ventures Services, Corp","New Ventures Services, Corp","PO BOX 459 Drums","Drums","PA","18222","United States","admin@newvcorp.com","+1.8558971723","","New Ventures Services, Corp","New Ventures Services, Corp","PO BOX 459 Drums","Drums","PA","18222","United States","admin@newvcorp.com","+1.8558971723","","New Ventures Services, Corp","New Ventures Services, Corp","PO BOX 459 Drums","Drums","PA","18222","United States","admin@newvcorp.com","+1.8558971723","","","","","","","","","","","","ns1626.ztomy.com","ns2626.ztomy.com","","","OK","","",""
"3","encompassstudio.com","2020-05-11 19:56:53","2020-05-08","2020-05-08","2021-05-08","762","NamePal.com #8024","whois.namepal.com","http://www.domainsatcost.ca","New Ventures Services, Corp","New Ventures Services, Corp","PO BOX 459 Drums","Drums","PA","18222","United States","admin@newvcorp.com","+1.8558971723","","New Ventures Services, Corp","New Ventures Services, Corp","PO BOX 459 Drums","Drums","PA","18222","United States","admin@newvcorp.com","+1.8558971723","","New Ventures Services, Corp","New Ventures Services, Corp","PO BOX 459 Drums","Drums","PA","18222","United States","admin@newvcorp.com","+1.8558971723","","","","","","","","","","","","ns1626.ztomy.com","ns2626.ztomy.com","","","OK","","",""
"4","gaminghold.com","2020-05-11 19:56:47","2020-05-08","2020-05-08","2021-05-08","762","NamePal.com #8024","whois.namepal.com","http://www.domainsatcost.ca","New Ventures Services, Corp","New Ventures Services, Corp","PO BOX 459 Drums","Drums","PA","18222","United States","admin@newvcorp.com","+1.8558971723","","New Ventures Services, Corp","New Ventures Services, Corp","PO BOX 459 Drums","Drums","PA","18222","United States","admin@newvcorp.com","+1.8558971723","","New Ventures Services, Corp","New Ventures Services, Corp","PO BOX 459 Drums","Drums","PA","18222","United States","admin@newvcorp.com","+1.8558971723","","","","","","","","","","","","ns1626.ztomy.com","ns2626.ztomy.com","","","OK","","",""
"5","jamonbouquet.com","2020-05-11 19:58:29","2020-05-08","2020-05-08","2021-05-08","762","NamePal.com #8024","whois.namepal.com","http://www.domainsatcost.ca","New Ventures Services, Corp","New Ventures Services, Corp","PO BOX 459 Drums","Drums","PA","18222","United States","admin@newvcorp.com","+1.8558971723","","New Ventures Services, Corp","New Ventures Services, Corp","PO BOX 459 Drums","Drums","PA","18222","United States","admin@newvcorp.com","+1.8558971723","","New Ventures Services, Corp","New Ventures Services, Corp","PO BOX 459 Drums","Drums","PA","18222","United States","admin@newvcorp.com","+1.8558971723","","","","","","","","","","","","ns1626.ztomy.com","ns2626.ztomy.com","","","OK","","",""
"6","justbetterservices.com","2020-05-11 19:56:53","2020-05-08","2020-05-08","2021-05-08","762","NamePal.com #8024","whois.namepal.com","http://www.domainsatcost.ca","New Ventures Services, Corp","New Ventures Services, Corp","PO BOX 459 Drums","Drums","PA","18222","United States","admin@newvcorp.com","+1.8558971723","","New Ventures Services, Corp","New Ventures Services, Corp","PO BOX 459 Drums","Drums","PA","18222","United States","admin@newvcorp.com","+1.8558971723","","New Ventures Services, Corp","New Ventures Services, Corp","PO BOX 459 Drums","Drums","PA","18222","United States","admin@newvcorp.com","+1.8558971723","","","","","","","","","","","","ns1626.ztomy.com","ns2626.ztomy.com","","","OK","","",""
"7","pioneersportsboston.com","2020-05-11 19:57:45","2020-05-08","2020-05-08","2021-05-08","762","NamePal.com #8024","whois.namepal.com","http://www.domainsatcost.ca","New Ventures Services, Corp","New Ventures Services, Corp","PO BOX 459 Drums","Drums","PA","18222","United States","admin@newvcorp.com","+1.8558971723","","New Ventures Services, Corp","New Ventures Services, Corp","PO BOX 459 Drums","Drums","PA","18222","United States","admin@newvcorp.com","+1.8558971723","","New Ventures Services, Corp","New Ventures Services, Corp","PO BOX 459 Drums","Drums","PA","18222","United States","admin@newvcorp.com","+1.8558971723","","","","","","","","","","","","ns1626.ztomy.com","ns2626.ztomy.com","","","OK","","",""
"8","wartalenetwork.com","2020-05-11 19:58:25","2020-05-08","2020-05-08","2021-05-08","762","NamePal.com #8024","whois.namepal.com","http://www.domainsatcost.ca","New Ventures Services, Corp","New Ventures Services, Corp","PO BOX 459 Drums","Drums","PA","18222","United States","admin@newvcorp.com","+1.8558971723","","New Ventures Services, Corp","New Ventures Services, Corp","PO BOX 459 Drums","Drums","PA","18222","United States","admin@newvcorp.com","+1.8558971723","","New Ventures Services, Corp","New Ventures Services, Corp","PO BOX 459 Drums","Drums","PA","18222","United States","admin@newvcorp.com","+1.8558971723","","","","","","","","","","","","ns1626.ztomy.com","ns2626.ztomy.com","","","OK","","",""
"9","whatsoul.com","2020-05-11 19:58:09","2020-05-08","2020-05-08","2021-05-08","762","NamePal.com #8024","whois.namepal.com","http://www.domainsatcost.ca","New Ventures Services, Corp","New Ventures Services, Corp","PO BOX 459 Drums","Drums","PA","18222","United States","admin@newvcorp.com","+1.8558971723","","New Ventures Services, Corp","New Ventures Services, Corp","PO BOX 459 Drums","Drums","PA","18222","United States","admin@newvcorp.com","+1.8558971723","","New Ventures Services, Corp","New Ventures Services, Corp","PO BOX 459 Drums","Drums","PA","18222","United States","admin@newvcorp.com","+1.8558971723","","","","","","","","","","","","ns1626.ztomy.com","ns2626.ztomy.com","","","OK","","",""