"num","domain_name","query_time","create_date","update_date","expiry_date","domain_registrar_id","domain_registrar_name","domain_registrar_whois","domain_registrar_url","registrant_name","registrant_company","registrant_address","registrant_city","registrant_state","registrant_zip","registrant_country","registrant_email","registrant_phone","registrant_fax","administrative_name","administrative_company","administrative_address","administrative_city","administrative_state","administrative_zip","administrative_country","administrative_email","administrative_phone","administrative_fax","technical_name","technical_company","technical_address","technical_city","technical_state","technical_zip","technical_country","technical_email","technical_phone","technical_fax","billing_name","billing_company","billing_address","billing_city","billing_state","billing_zip","billing_country","billing_email","billing_phone","billing_fax","name_server_1","name_server_2","name_server_3","name_server_4","domain_status_1","domain_status_2","domain_status_3","domain_status_4"
"1","ddecholuteca.com","2020-05-11 20:04:57","2020-05-09","2020-05-09","2021-05-09","1005","NetEarth One Inc. d/b/a NetEarth","whois.advancedregistrar.com","http://www.netearthone.com","Domain Admin","WHOIS IDCPrivacy Service c/o IDC (BVI) Limited","Suite 5, 7th Floor, 5 Greenwich View Place Visit www.idcprivacy.com to contact the domain contacts. Email to contact@idcprivacy.com for alternative instructions.","London","London","E14 9NN","United Kingdom","contact@idcprivacy.com","+44.2030262854","","Domain Admin","WHOIS IDCPrivacy Service c/o IDC (BVI) Limited","Suite 5, 7th Floor, 5 Greenwich View Place Visit www.idcprivacy.com to contact the domain contacts. Email to contact@idcprivacy.com for alternative instructions.","London","London","E14 9NN","United Kingdom","contact@idcprivacy.com","+44.2030262854","","Domain Admin","WHOIS IDCPrivacy Service c/o IDC (BVI) Limited","Suite 5, 7th Floor, 5 Greenwich View Place Visit www.idcprivacy.com to contact the domain contacts. Email to contact@idcprivacy.com for alternative instructions.","London","London","E14 9NN","United Kingdom","contact@idcprivacy.com","+44.2030262854","","","","","","","","","","","","ns61.neothek.com","ns62.neothek.com","","","clientTransferProhibited","","",""
"2","devloperweb.com","2020-05-11 20:09:50","2020-05-09","2020-05-09","2021-05-09","1005","NetEarth One Inc. d/b/a NetEarth","whois.advancedregistrar.com","http://www.netearthone.com","Domain Admin","WHOIS IDCPrivacy Service c/o IDC (BVI) Limited","Suite 5, 7th Floor, 5 Greenwich View Place Visit www.idcprivacy.com to contact the domain contacts. Email to contact@idcprivacy.com for alternative instructions.","London","London","E14 9NN","United Kingdom","contact@idcprivacy.com","+44.2030262854","","Domain Admin","WHOIS IDCPrivacy Service c/o IDC (BVI) Limited","Suite 5, 7th Floor, 5 Greenwich View Place Visit www.idcprivacy.com to contact the domain contacts. Email to contact@idcprivacy.com for alternative instructions.","London","London","E14 9NN","United Kingdom","contact@idcprivacy.com","+44.2030262854","","Domain Admin","WHOIS IDCPrivacy Service c/o IDC (BVI) Limited","Suite 5, 7th Floor, 5 Greenwich View Place Visit www.idcprivacy.com to contact the domain contacts. Email to contact@idcprivacy.com for alternative instructions.","London","London","E14 9NN","United Kingdom","contact@idcprivacy.com","+44.2030262854","","","","","","","","","","","","europe131.banahosting.com","europe132.banahosting.com","","","clientTransferProhibited","","",""
"3","fb-item-markteplace-business-page.com","2020-05-11 20:50:51","2020-05-08","2020-05-08","2021-05-08","1005","NetEarth One Inc. d/b/a NetEarth","whois.advancedregistrar.com","http://www.netearthone.com","salma giana","amsiazu","3495 Alpha Avenue 3495 Alpha Avenue","Tyler","Texas","75757","United States","salmagiana53@gmail.com","+1.9039391721","","salma giana","amsiazu","3495 Alpha Avenue 3495 Alpha Avenue","Tyler","Texas","75757","United States","salmagiana53@gmail.com","+1.9039391721","","salma giana","amsiazu","3495 Alpha Avenue 3495 Alpha Avenue","Tyler","Texas","75757","United States","salmagiana53@gmail.com","+1.9039391721","","","","","","","","","","","","ns1.hawkhost.com","ns2.hawkhost.com","","","clientTransferProhibited","","",""
"4","goexpertwriters.com","2020-05-11 19:55:05","2020-05-09","2020-05-09","2021-05-09","1005","NetEarth One Inc. d/b/a NetEarth","whois.advancedregistrar.com","http://www.netearthone.com","Japhet  Ombui","","00 00","Nairobi","KE-110","00100","Kenya","japhetombui17@gmail.com","+254.790923419","","Japhet  Ombui","","00 00","Nairobi","KE-110","00100","Kenya","japhetombui17@gmail.com","+254.790923419","","Japhet  Ombui","","00 00","Nairobi","KE-110","00100","Kenya","japhetombui17@gmail.com","+254.790923419","","","","","","","","","","","","ns235.sasahost.com","ns236.sasahost.com","ns237.sasahost.com","ns418.sasahost.com","clientTransferProhibited","","",""
"5","inviertoenbitcoin.com","2020-05-11 19:59:38","2020-05-08","2020-05-08","2021-05-08","1005","NetEarth One Inc. d/b/a NetEarth","whois.advancedregistrar.com","http://www.netearthone.com","Domain Admin","WHOIS IDCPrivacy Service c/o IDC (BVI) Limited","Suite 5, 7th Floor, 5 Greenwich View Place Visit www.idcprivacy.com to contact the domain contacts. Email to contact@idcprivacy.com for alternative instructions.","London","London","E14 9NN","United Kingdom","contact@idcprivacy.com","+44.2030262854","","Domain Admin","WHOIS IDCPrivacy Service c/o IDC (BVI) Limited","Suite 5, 7th Floor, 5 Greenwich View Place Visit www.idcprivacy.com to contact the domain contacts. Email to contact@idcprivacy.com for alternative instructions.","London","London","E14 9NN","United Kingdom","contact@idcprivacy.com","+44.2030262854","","Domain Admin","WHOIS IDCPrivacy Service c/o IDC (BVI) Limited","Suite 5, 7th Floor, 5 Greenwich View Place Visit www.idcprivacy.com to contact the domain contacts. Email to contact@idcprivacy.com for alternative instructions.","London","London","E14 9NN","United Kingdom","contact@idcprivacy.com","+44.2030262854","","","","","","","","","","","","mds03.misdns.org","ns.misdns.org","","","clientTransferProhibited","","",""
"6","jk-vndesign.com","2020-05-11 20:15:33","2020-05-09","2020-05-09","2021-05-09","1005","NetEarth One Inc. d/b/a NetEarth","whois.advancedregistrar.com","http://www.netearthone.com","GDPR Masked","GDPR Masked","GDPR Masked","GDPR Masked","Middlesbrough","GDPR Masked","United Kingdom","gdpr-masking@gdpr-masked.com","GDPR Masked","GDPR Masked","GDPR Masked","GDPR Masked","GDPR Masked","GDPR Masked","GDPR Masked","GDPR Masked","GDPR Masked","gdpr-masking@gdpr-masked.com","GDPR Masked","GDPR Masked","GDPR Masked","GDPR Masked","GDPR Masked","GDPR Masked","GDPR Masked","GDPR Masked","GDPR Masked","gdpr-masking@gdpr-masked.com","GDPR Masked","GDPR Masked","","","","","","","","","","","ns1.hawkhost.com","ns2.hawkhost.com","","","clientTransferProhibited","","",""
"7","justintimegarden.com","2020-05-11 20:03:29","2020-05-08","2020-05-08","2021-05-08","1005","NetEarth One Inc. d/b/a NetEarth","whois.advancedregistrar.com","http://www.netearthone.com","Jay Clayton","wE rEthink llc","2700 Peach Drive","Little Elm","TX","75068","United States","jayclayton@netzero.net","+1.8175789316","","Jay Clayton","wE rEthink llc","2700 Peach Drive","Little Elm","TX","75068","United States","jayclayton@netzero.net","+1.8175789316","","Jay Clayton","wE rEthink llc","2700 Peach Drive","Little Elm","TX","75068","United States","jayclayton@netzero.net","+1.8175789316","","","","","","","","","","","","ns13.databasemart.net","ns14.databasemart.net","","","clientTransferProhibited","","",""
"8","justintimegardening.com","2020-05-11 20:03:31","2020-05-08","2020-05-08","2021-05-08","1005","NetEarth One Inc. d/b/a NetEarth","whois.advancedregistrar.com","http://www.netearthone.com","Jay Clayton","wE rEthink llc","2700 Peach Drive","Little Elm","TX","75068","United States","jayclayton@netzero.net","+1.8175789316","","Jay Clayton","wE rEthink llc","2700 Peach Drive","Little Elm","TX","75068","United States","jayclayton@netzero.net","+1.8175789316","","Jay Clayton","wE rEthink llc","2700 Peach Drive","Little Elm","TX","75068","United States","jayclayton@netzero.net","+1.8175789316","","","","","","","","","","","","ns13.databasemart.net","ns14.databasemart.net","","","clientTransferProhibited","","",""
"9","letscookpare.com","2020-05-11 20:06:40","2020-05-09","2020-05-09","2021-05-09","1005","NetEarth One Inc. d/b/a NetEarth","whois.advancedregistrar.com","http://www.netearthone.com","Don Coeli","Lattice Systems, Inc.","2105B West Tower, PSE Bldg. Exchange Road, Ortigas","Pasig City","Metro Manila","1000","Philippines","dcoeli@latticesystems.com","+63.6673152","","Don Coeli","Lattice Systems, Inc.","2105B West Tower, PSE Bldg. Exchange Road, Ortigas","Pasig City","Metro Manila","1000","Philippines","dcoeli@latticesystems.com","+63.6673152","","Don Coeli","Lattice Systems, Inc.","2105B West Tower, PSE Bldg. Exchange Road, Ortigas","Pasig City","Metro Manila","1000","Philippines","dcoeli@latticesystems.com","+63.6673152","","","","","","","","","","","","ns.latticesystems.com","ns2.latticesystems.com","","","clientTransferProhibited","","",""
"10","luckycaddycompetitions.com","2020-05-11 19:57:55","2020-05-08","2020-05-08","2021-05-08","1005","NetEarth One Inc. d/b/a NetEarth","whois.advancedregistrar.com","http://www.netearthone.com","GDPR Masked","GDPR Masked","GDPR Masked","GDPR Masked","Co. Londonderry","GDPR Masked","United Kingdom","gdpr-masking@gdpr-masked.com","GDPR Masked","GDPR Masked","GDPR Masked","GDPR Masked","GDPR Masked","GDPR Masked","GDPR Masked","GDPR Masked","GDPR Masked","gdpr-masking@gdpr-masked.com","GDPR Masked","GDPR Masked","GDPR Masked","GDPR Masked","GDPR Masked","GDPR Masked","GDPR Masked","GDPR Masked","GDPR Masked","gdpr-masking@gdpr-masked.com","GDPR Masked","GDPR Masked","","","","","","","","","","","ns0.liveboxserver.uk","ns1.liveboxserver.uk","","","clientTransferProhibited","","",""
"11","niostyle.com","2020-05-11 20:16:17","2020-05-09","2020-05-09","2021-05-09","1005","NetEarth One Inc. d/b/a NetEarth","whois.advancedregistrar.com","http://www.netearthone.com","Niobel de leon","nioshowing","Nueva Jerusalen Las Americas Casa","Santo Domingo","Este","11606","Dominican Republic","nioshowing@gmail.com","+1.8098497470","","Niobel de leon","nioshowing","Nueva Jerusalen Las Americas Casa","Santo Domingo","Este","11606","Dominican Republic","nioshowing@gmail.com","+1.8098497470","","Niobel de leon","nioshowing","Nueva Jerusalen Las Americas Casa","Santo Domingo","Este","11606","Dominican Republic","nioshowing@gmail.com","+1.8098497470","","","","","","","","","","","","ns7061.banahosting.com","ns7062.banahosting.com","","","clientTransferProhibited","","",""
"12","outsourceofficial.com","2020-05-11 20:01:06","2020-05-08","2020-05-08","2021-05-08","1005","NetEarth One Inc. d/b/a NetEarth","whois.advancedregistrar.com","http://www.netearthone.com","Domain Admin","WHOIS IDCPrivacy Service c/o IDC (BVI) Limited","Suite 5, 7th Floor, 5 Greenwich View Place Visit www.idcprivacy.com to contact the domain contacts. Email to contact@idcprivacy.com for alternative instructions.","London","London","E14 9NN","United Kingdom","contact@idcprivacy.com","+44.2030262854","","Domain Admin","WHOIS IDCPrivacy Service c/o IDC (BVI) Limited","Suite 5, 7th Floor, 5 Greenwich View Place Visit www.idcprivacy.com to contact the domain contacts. Email to contact@idcprivacy.com for alternative instructions.","London","London","E14 9NN","United Kingdom","contact@idcprivacy.com","+44.2030262854","","Domain Admin","WHOIS IDCPrivacy Service c/o IDC (BVI) Limited","Suite 5, 7th Floor, 5 Greenwich View Place Visit www.idcprivacy.com to contact the domain contacts. Email to contact@idcprivacy.com for alternative instructions.","London","London","E14 9NN","United Kingdom","contact@idcprivacy.com","+44.2030262854","","","","","","","","","","","","ns1.hawkhost.com","ns2.hawkhost.com","","","clientTransferProhibited","","",""
"13","pastorspdx.com","2020-05-11 20:14:10","2020-05-08","2020-05-08","2021-05-08","1005","NetEarth One Inc. d/b/a NetEarth","whois.advancedregistrar.com","http://www.netearthone.com","CBC IT Support","","9200 NE Fremont St.","Portland","OR","97220","United States","itsupport@citybiblechurch.org","+1.5032552224","","CBC IT Support","","9200 NE Fremont St.","Portland","OR","97220","United States","itsupport@citybiblechurch.org","+1.5032552224","","CBC IT Support","","9200 NE Fremont St.","Portland","OR","97220","United States","itsupport@citybiblechurch.org","+1.5032552224","","","","","","","","","","","","ns5.domainmonger.com","ns6.domainmonger.com","ns7.domainmonger.com","ns8.domainmonger.com","clientTransferProhibited","","",""
"14","saludymoringa.com","2020-05-11 19:56:42","2020-05-08","2020-05-08","2021-05-08","1005","NetEarth One Inc. d/b/a NetEarth","whois.advancedregistrar.com","http://www.netearthone.com","cristhian serquen","","av revolucion 3534","lima","lima","15001","Peru","crismonserq@gmail.com","+51.931904509","","cristhian serquen","","av revolucion 3534","lima","lima","15001","Peru","crismonserq@gmail.com","+51.931904509","","cristhian serquen","","av revolucion 3534","lima","lima","15001","Peru","crismonserq@gmail.com","+51.931904509","","","","","","","","","","","","ns4910.banahosting.com","ns4911.banahosting.com","","","clientTransferProhibited","","",""
"15","soccerhabari.com","2020-05-11 20:16:11","2020-05-09","2020-05-09","2021-05-09","1005","NetEarth One Inc. d/b/a NetEarth","whois.advancedregistrar.com","http://www.netearthone.com","Elvis Nyakangi","Nyakreal Inc","6","Kisii","Kisii","40220","Kenya","kenyayotecare@gmail.com","+254.0720680341","","Elvis Nyakangi","Nyakreal Inc","6","Kisii","Kisii","40220","Kenya","kenyayotecare@gmail.com","+254.0720680341","","Elvis Nyakangi","Nyakreal Inc","6","Kisii","Kisii","40220","Kenya","kenyayotecare@gmail.com","+254.0720680341","","","","","","","","","","","","ns235.sasahost.com","ns236.sasahost.com","ns237.sasahost.com","ns418.sasahost.com","clientTransferProhibited","","",""
"16","sucursalpersonas-transaccionesbancolombiasa.com","2020-05-07 20:11:04","2020-05-05","2020-05-05","2021-05-05","1005","NetEarth One Inc. d/b/a NetEarth","whois.advancedregistrar.com","http://www.netearthone.com","Domain Admin","WHOIS IDCPrivacy Service c/o IDC (BVI) Limited","Suite 5, 7th Floor, 5 Greenwich View Place Visit www.idcprivacy.com to contact the domain contacts. Email to contact@idcprivacy.com for alternative instructions.","London","London","E14 9NN","United Kingdom","contact@idcprivacy.com","+44.2030262854","","Domain Admin","WHOIS IDCPrivacy Service c/o IDC (BVI) Limited","Suite 5, 7th Floor, 5 Greenwich View Place Visit www.idcprivacy.com to contact the domain contacts. Email to contact@idcprivacy.com for alternative instructions.","London","London","E14 9NN","United Kingdom","contact@idcprivacy.com","+44.2030262854","","Domain Admin","WHOIS IDCPrivacy Service c/o IDC (BVI) Limited","Suite 5, 7th Floor, 5 Greenwich View Place Visit www.idcprivacy.com to contact the domain contacts. Email to contact@idcprivacy.com for alternative instructions.","London","London","E14 9NN","United Kingdom","contact@idcprivacy.com","+44.2030262854","","","","","","","","","","","","ns5.hawkhost.com","ns6.hawkhost.com","","","clientTransferProhibited","","",""