"num","domain_name","query_time","create_date","update_date","expiry_date","domain_registrar_id","domain_registrar_name","domain_registrar_whois","domain_registrar_url","registrant_name","registrant_company","registrant_address","registrant_city","registrant_state","registrant_zip","registrant_country","registrant_email","registrant_phone","registrant_fax","administrative_name","administrative_company","administrative_address","administrative_city","administrative_state","administrative_zip","administrative_country","administrative_email","administrative_phone","administrative_fax","technical_name","technical_company","technical_address","technical_city","technical_state","technical_zip","technical_country","technical_email","technical_phone","technical_fax","billing_name","billing_company","billing_address","billing_city","billing_state","billing_zip","billing_country","billing_email","billing_phone","billing_fax","name_server_1","name_server_2","name_server_3","name_server_4","domain_status_1","domain_status_2","domain_status_3","domain_status_4"
"1","amore-amore-amore.com","2020-05-11 19:55:28","2020-05-09","2020-05-09","2021-05-09","1557","Netowl, Inc.","whois.star-domain.jp","http://www.netowl.jp","Xserver XSERVER Inc.","XSERVER Inc.","GRAND FRONT OSAKA TOWER A 32F 4-20 Ofukacho, Kita-ku","Osaka","Osaka","5300011","Japan","info@xserver.co.jp","+81.662928811","","Xserver XSERVER Inc.","XSERVER Inc.","GRAND FRONT OSAKA TOWER A 32F 4-20 Ofukacho, Kita-ku","Osaka","Osaka","5300011","Japan","info@xserver.co.jp","+81.662928811","","Xserver XSERVER Inc.","XSERVER Inc.","GRAND FRONT OSAKA TOWER A 32F 4-20 Ofukacho, Kita-ku","Osaka","Osaka","5300011","Japan","info@xserver.co.jp","+81.662928811","","","","","","","","","","","","ns1.xserver.jp","ns2.xserver.jp","ns3.xserver.jp","ns4.xserver.jp","clientTransferProhibited","","",""
"2","as-happi.com","2020-05-11 20:06:37","2020-05-09","2020-05-09","2021-05-09","1557","Netowl, Inc.","whois.star-domain.jp","http://www.netowl.jp","Xserver XSERVER Inc.","XSERVER Inc.","GRAND FRONT OSAKA TOWER A 32F 4-20 Ofukacho, Kita-ku","Osaka","Osaka","5300011","Japan","info@xserver.co.jp","+81.662928811","","Xserver XSERVER Inc.","XSERVER Inc.","GRAND FRONT OSAKA TOWER A 32F 4-20 Ofukacho, Kita-ku","Osaka","Osaka","5300011","Japan","info@xserver.co.jp","+81.662928811","","Xserver XSERVER Inc.","XSERVER Inc.","GRAND FRONT OSAKA TOWER A 32F 4-20 Ofukacho, Kita-ku","Osaka","Osaka","5300011","Japan","info@xserver.co.jp","+81.662928811","","","","","","","","","","","","ns1.xserver.jp","ns2.xserver.jp","ns3.xserver.jp","ns4.xserver.jp","clientTransferProhibited","","",""
"3","bikai35.com","2020-05-11 20:17:32","2020-05-09","2020-05-09","2021-05-09","1557","Netowl, Inc.","whois.star-domain.jp","http://www.netowl.jp","Xserver XSERVER Inc.","XSERVER Inc.","GRAND FRONT OSAKA TOWER A 32F 4-20 Ofukacho, Kita-ku","Osaka","Osaka","5300011","Japan","info@xserver.co.jp","+81.662928811","","Xserver XSERVER Inc.","XSERVER Inc.","GRAND FRONT OSAKA TOWER A 32F 4-20 Ofukacho, Kita-ku","Osaka","Osaka","5300011","Japan","info@xserver.co.jp","+81.662928811","","Xserver XSERVER Inc.","XSERVER Inc.","GRAND FRONT OSAKA TOWER A 32F 4-20 Ofukacho, Kita-ku","Osaka","Osaka","5300011","Japan","info@xserver.co.jp","+81.662928811","","","","","","","","","","","","ns1.xserver.jp","ns2.xserver.jp","ns3.xserver.jp","ns4.xserver.jp","clientTransferProhibited","","",""
"4","canacanafamily.com","2020-05-11 20:05:20","2020-05-09","2020-05-09","2021-05-09","1557","Netowl, Inc.","whois.star-domain.jp","http://www.netowl.jp","Xserver XSERVER Inc.","XSERVER Inc.","GRAND FRONT OSAKA TOWER A 32F 4-20 Ofukacho, Kita-ku","Osaka","Osaka","5300011","Japan","info@xserver.co.jp","+81.662928811","","Xserver XSERVER Inc.","XSERVER Inc.","GRAND FRONT OSAKA TOWER A 32F 4-20 Ofukacho, Kita-ku","Osaka","Osaka","5300011","Japan","info@xserver.co.jp","+81.662928811","","Xserver XSERVER Inc.","XSERVER Inc.","GRAND FRONT OSAKA TOWER A 32F 4-20 Ofukacho, Kita-ku","Osaka","Osaka","5300011","Japan","info@xserver.co.jp","+81.662928811","","","","","","","","","","","","ns1.xserver.jp","ns2.xserver.jp","ns3.xserver.jp","ns4.xserver.jp","clientTransferProhibited","","",""
"5","cha-cha-chapuche.com","2020-05-11 19:55:45","2020-05-09","2020-05-09","2021-05-09","1557","Netowl, Inc.","whois.star-domain.jp","http://www.netowl.jp","Xserver XSERVER Inc.","XSERVER Inc.","GRAND FRONT OSAKA TOWER A 32F 4-20 Ofukacho, Kita-ku","Osaka","Osaka","5300011","Japan","info@xserver.co.jp","+81.662928811","","Xserver XSERVER Inc.","XSERVER Inc.","GRAND FRONT OSAKA TOWER A 32F 4-20 Ofukacho, Kita-ku","Osaka","Osaka","5300011","Japan","info@xserver.co.jp","+81.662928811","","Xserver XSERVER Inc.","XSERVER Inc.","GRAND FRONT OSAKA TOWER A 32F 4-20 Ofukacho, Kita-ku","Osaka","Osaka","5300011","Japan","info@xserver.co.jp","+81.662928811","","","","","","","","","","","","ns1.xserver.jp","ns2.xserver.jp","ns3.xserver.jp","ns4.xserver.jp","clientTransferProhibited","","",""
"6","ee-haisui.com","2020-05-11 20:16:19","2020-05-09","2020-05-09","2021-05-09","1557","Netowl, Inc.","whois.star-domain.jp","http://www.netowl.jp","Xserver XSERVER Inc.","XSERVER Inc.","GRAND FRONT OSAKA TOWER A 32F 4-20 Ofukacho, Kita-ku","Osaka","Osaka","5300011","Japan","info@xserver.co.jp","+81.662928811","","Xserver XSERVER Inc.","XSERVER Inc.","GRAND FRONT OSAKA TOWER A 32F 4-20 Ofukacho, Kita-ku","Osaka","Osaka","5300011","Japan","info@xserver.co.jp","+81.662928811","","Xserver XSERVER Inc.","XSERVER Inc.","GRAND FRONT OSAKA TOWER A 32F 4-20 Ofukacho, Kita-ku","Osaka","Osaka","5300011","Japan","info@xserver.co.jp","+81.662928811","","","","","","","","","","","","ns1.xserver.jp","ns2.xserver.jp","ns3.xserver.jp","ns4.xserver.jp","clientTransferProhibited","","",""
"7","eikaiwa01.com","2020-05-11 19:55:09","2020-05-09","2020-05-09","2021-05-09","1557","Netowl, Inc.","whois.star-domain.jp","http://www.netowl.jp","Xserver XSERVER Inc.","XSERVER Inc.","GRAND FRONT OSAKA TOWER A 32F 4-20 Ofukacho, Kita-ku","Osaka","Osaka","5300011","Japan","info@xserver.co.jp","+81.662928811","","Xserver XSERVER Inc.","XSERVER Inc.","GRAND FRONT OSAKA TOWER A 32F 4-20 Ofukacho, Kita-ku","Osaka","Osaka","5300011","Japan","info@xserver.co.jp","+81.662928811","","Xserver XSERVER Inc.","XSERVER Inc.","GRAND FRONT OSAKA TOWER A 32F 4-20 Ofukacho, Kita-ku","Osaka","Osaka","5300011","Japan","info@xserver.co.jp","+81.662928811","","","","","","","","","","","","ns1.xserver.jp","ns2.xserver.jp","ns3.xserver.jp","ns4.xserver.jp","clientTransferProhibited","","",""
"8","ensemble-hd.com","2020-05-11 20:06:12","2020-05-09","2020-05-09","2021-05-09","1557","Netowl, Inc.","whois.star-domain.jp","http://www.netowl.jp","Xserver XSERVER Inc.","XSERVER Inc.","GRAND FRONT OSAKA TOWER A 32F 4-20 Ofukacho, Kita-ku","Osaka","Osaka","5300011","Japan","info@xserver.co.jp","+81.662928811","","Xserver XSERVER Inc.","XSERVER Inc.","GRAND FRONT OSAKA TOWER A 32F 4-20 Ofukacho, Kita-ku","Osaka","Osaka","5300011","Japan","info@xserver.co.jp","+81.662928811","","Xserver XSERVER Inc.","XSERVER Inc.","GRAND FRONT OSAKA TOWER A 32F 4-20 Ofukacho, Kita-ku","Osaka","Osaka","5300011","Japan","info@xserver.co.jp","+81.662928811","","","","","","","","","","","","ns1.xserver.jp","ns2.xserver.jp","ns3.xserver.jp","ns4.xserver.jp","clientTransferProhibited","","",""
"9","eternalfieldcompany.com","2020-05-11 20:16:11","2020-05-09","2020-05-09","2021-05-09","1557","Netowl, Inc.","whois.star-domain.jp","http://www.netowl.jp","Xserver XSERVER Inc.","XSERVER Inc.","GRAND FRONT OSAKA TOWER A 32F 4-20 Ofukacho, Kita-ku","Osaka","Osaka","5300011","Japan","info@xserver.co.jp","+81.662928811","","Xserver XSERVER Inc.","XSERVER Inc.","GRAND FRONT OSAKA TOWER A 32F 4-20 Ofukacho, Kita-ku","Osaka","Osaka","5300011","Japan","info@xserver.co.jp","+81.662928811","","Xserver XSERVER Inc.","XSERVER Inc.","GRAND FRONT OSAKA TOWER A 32F 4-20 Ofukacho, Kita-ku","Osaka","Osaka","5300011","Japan","info@xserver.co.jp","+81.662928811","","","","","","","","","","","","ns1.xserver.jp","ns2.xserver.jp","ns3.xserver.jp","ns4.xserver.jp","clientTransferProhibited","","",""
"10","flyabroadwithlika.com","2020-05-11 20:09:04","2020-05-09","2020-05-09","2021-05-09","1557","Netowl, Inc.","whois.star-domain.jp","http://www.netowl.jp","Xserver XSERVER Inc.","XSERVER Inc.","GRAND FRONT OSAKA TOWER A 32F 4-20 Ofukacho, Kita-ku","Osaka","Osaka","5300011","Japan","info@xserver.co.jp","+81.662928811","","Xserver XSERVER Inc.","XSERVER Inc.","GRAND FRONT OSAKA TOWER A 32F 4-20 Ofukacho, Kita-ku","Osaka","Osaka","5300011","Japan","info@xserver.co.jp","+81.662928811","","Xserver XSERVER Inc.","XSERVER Inc.","GRAND FRONT OSAKA TOWER A 32F 4-20 Ofukacho, Kita-ku","Osaka","Osaka","5300011","Japan","info@xserver.co.jp","+81.662928811","","","","","","","","","","","","ns1.xserver.jp","ns2.xserver.jp","ns3.xserver.jp","ns4.xserver.jp","clientTransferProhibited","","",""
"11","gutarablog.com","2020-05-11 20:11:22","2020-05-09","2020-05-09","2021-05-09","1557","Netowl, Inc.","whois.star-domain.jp","http://www.netowl.jp","Xserver XSERVER Inc.","XSERVER Inc.","GRAND FRONT OSAKA TOWER A 32F 4-20 Ofukacho, Kita-ku","Osaka","Osaka","5300011","Japan","info@xserver.co.jp","+81.662928811","","Xserver XSERVER Inc.","XSERVER Inc.","GRAND FRONT OSAKA TOWER A 32F 4-20 Ofukacho, Kita-ku","Osaka","Osaka","5300011","Japan","info@xserver.co.jp","+81.662928811","","Xserver XSERVER Inc.","XSERVER Inc.","GRAND FRONT OSAKA TOWER A 32F 4-20 Ofukacho, Kita-ku","Osaka","Osaka","5300011","Japan","info@xserver.co.jp","+81.662928811","","","","","","","","","","","","ns1.xserver.jp","ns2.xserver.jp","ns3.xserver.jp","ns4.xserver.jp","clientTransferProhibited","","",""
"12","high-low-options.com","2020-05-11 20:13:34","2020-05-09","2020-05-09","2021-05-09","1557","Netowl, Inc.","whois.star-domain.jp","http://www.netowl.jp","Xserver XSERVER Inc.","XSERVER Inc.","GRAND FRONT OSAKA TOWER A 32F 4-20 Ofukacho, Kita-ku","Osaka","Osaka","5300011","Japan","info@xserver.co.jp","+81.662928811","","Xserver XSERVER Inc.","XSERVER Inc.","GRAND FRONT OSAKA TOWER A 32F 4-20 Ofukacho, Kita-ku","Osaka","Osaka","5300011","Japan","info@xserver.co.jp","+81.662928811","","Xserver XSERVER Inc.","XSERVER Inc.","GRAND FRONT OSAKA TOWER A 32F 4-20 Ofukacho, Kita-ku","Osaka","Osaka","5300011","Japan","info@xserver.co.jp","+81.662928811","","","","","","","","","","","","ns1.xserver.jp","ns2.xserver.jp","ns3.xserver.jp","ns4.xserver.jp","clientTransferProhibited","","",""
"13","himekonoonnamichi.com","2020-05-11 20:16:22","2020-05-09","2020-05-09","2021-05-09","1557","Netowl, Inc.","whois.star-domain.jp","http://www.netowl.jp","Xserver XSERVER Inc.","XSERVER Inc.","GRAND FRONT OSAKA TOWER A 32F 4-20 Ofukacho, Kita-ku","Osaka","Osaka","5300011","Japan","info@xserver.co.jp","+81.662928811","","Xserver XSERVER Inc.","XSERVER Inc.","GRAND FRONT OSAKA TOWER A 32F 4-20 Ofukacho, Kita-ku","Osaka","Osaka","5300011","Japan","info@xserver.co.jp","+81.662928811","","Xserver XSERVER Inc.","XSERVER Inc.","GRAND FRONT OSAKA TOWER A 32F 4-20 Ofukacho, Kita-ku","Osaka","Osaka","5300011","Japan","info@xserver.co.jp","+81.662928811","","","","","","","","","","","","ns1.xserver.jp","ns2.xserver.jp","ns3.xserver.jp","ns4.xserver.jp","clientTransferProhibited","","",""
"14","hiroseyoshie.com","2020-05-11 20:08:15","2020-05-09","2020-05-09","2021-05-09","1557","Netowl, Inc.","whois.star-domain.jp","http://www.netowl.jp","Xserver XSERVER Inc.","XSERVER Inc.","GRAND FRONT OSAKA TOWER A 32F 4-20 Ofukacho, Kita-ku","Osaka","Osaka","5300011","Japan","info@xserver.co.jp","+81.662928811","","Xserver XSERVER Inc.","XSERVER Inc.","GRAND FRONT OSAKA TOWER A 32F 4-20 Ofukacho, Kita-ku","Osaka","Osaka","5300011","Japan","info@xserver.co.jp","+81.662928811","","Xserver XSERVER Inc.","XSERVER Inc.","GRAND FRONT OSAKA TOWER A 32F 4-20 Ofukacho, Kita-ku","Osaka","Osaka","5300011","Japan","info@xserver.co.jp","+81.662928811","","","","","","","","","","","","ns1.xserver.jp","ns2.xserver.jp","ns3.xserver.jp","ns4.xserver.jp","clientTransferProhibited","","",""
"15","hiza-tre.com","2020-05-11 19:55:19","2020-05-09","2020-05-09","2021-05-09","1557","Netowl, Inc.","whois.star-domain.jp","http://www.netowl.jp","Xserver XSERVER Inc.","XSERVER Inc.","GRAND FRONT OSAKA TOWER A 32F 4-20 Ofukacho, Kita-ku","Osaka","Osaka","5300011","Japan","info@xserver.co.jp","+81.662928811","","Xserver XSERVER Inc.","XSERVER Inc.","GRAND FRONT OSAKA TOWER A 32F 4-20 Ofukacho, Kita-ku","Osaka","Osaka","5300011","Japan","info@xserver.co.jp","+81.662928811","","Xserver XSERVER Inc.","XSERVER Inc.","GRAND FRONT OSAKA TOWER A 32F 4-20 Ofukacho, Kita-ku","Osaka","Osaka","5300011","Japan","info@xserver.co.jp","+81.662928811","","","","","","","","","","","","ns1.xserver.jp","ns2.xserver.jp","ns3.xserver.jp","ns4.xserver.jp","clientTransferProhibited","","",""
"16","jiroukichi.com","2020-05-11 20:15:35","2020-05-09","2020-05-09","2021-05-09","1557","Netowl, Inc.","whois.star-domain.jp","http://www.netowl.jp","Xserver XSERVER Inc.","XSERVER Inc.","GRAND FRONT OSAKA TOWER A 32F 4-20 Ofukacho, Kita-ku","Osaka","Osaka","5300011","Japan","info@xserver.co.jp","+81.662928811","","Xserver XSERVER Inc.","XSERVER Inc.","GRAND FRONT OSAKA TOWER A 32F 4-20 Ofukacho, Kita-ku","Osaka","Osaka","5300011","Japan","info@xserver.co.jp","+81.662928811","","Xserver XSERVER Inc.","XSERVER Inc.","GRAND FRONT OSAKA TOWER A 32F 4-20 Ofukacho, Kita-ku","Osaka","Osaka","5300011","Japan","info@xserver.co.jp","+81.662928811","","","","","","","","","","","","ns1.xserver.jp","ns2.xserver.jp","ns3.xserver.jp","ns4.xserver.jp","clientTransferProhibited","","",""
"17","k-luce.com","2020-05-11 20:16:03","2020-05-09","2020-05-09","2021-05-09","1557","Netowl, Inc.","whois.star-domain.jp","http://www.netowl.jp","Xserver XSERVER Inc.","XSERVER Inc.","GRAND FRONT OSAKA TOWER A 32F 4-20 Ofukacho, Kita-ku","Osaka","Osaka","5300011","Japan","info@xserver.co.jp","+81.662928811","","Xserver XSERVER Inc.","XSERVER Inc.","GRAND FRONT OSAKA TOWER A 32F 4-20 Ofukacho, Kita-ku","Osaka","Osaka","5300011","Japan","info@xserver.co.jp","+81.662928811","","Xserver XSERVER Inc.","XSERVER Inc.","GRAND FRONT OSAKA TOWER A 32F 4-20 Ofukacho, Kita-ku","Osaka","Osaka","5300011","Japan","info@xserver.co.jp","+81.662928811","","","","","","","","","","","","ns1.xserver.jp","ns2.xserver.jp","ns3.xserver.jp","ns4.xserver.jp","clientTransferProhibited","","",""
"18","kennys-lounge.com","2020-05-11 20:04:54","2020-05-09","2020-05-09","2021-05-09","1557","Netowl, Inc.","whois.star-domain.jp","http://www.netowl.jp","Xserver XSERVER Inc.","XSERVER Inc.","GRAND FRONT OSAKA TOWER A 32F 4-20 Ofukacho, Kita-ku","Osaka","Osaka","5300011","Japan","info@xserver.co.jp","+81.662928811","","Xserver XSERVER Inc.","XSERVER Inc.","GRAND FRONT OSAKA TOWER A 32F 4-20 Ofukacho, Kita-ku","Osaka","Osaka","5300011","Japan","info@xserver.co.jp","+81.662928811","","Xserver XSERVER Inc.","XSERVER Inc.","GRAND FRONT OSAKA TOWER A 32F 4-20 Ofukacho, Kita-ku","Osaka","Osaka","5300011","Japan","info@xserver.co.jp","+81.662928811","","","","","","","","","","","","ns1.xserver.jp","ns2.xserver.jp","ns3.xserver.jp","ns4.xserver.jp","clientTransferProhibited","","",""
"19","kishikishiyanyankishiyanyan.com","2020-05-11 20:15:47","2020-05-09","2020-05-09","2021-05-09","1557","Netowl, Inc.","whois.star-domain.jp","http://www.netowl.jp","Xserver XSERVER Inc.","XSERVER Inc.","GRAND FRONT OSAKA TOWER A 32F 4-20 Ofukacho, Kita-ku","Osaka","Osaka","5300011","Japan","info@xserver.co.jp","+81.662928811","","Xserver XSERVER Inc.","XSERVER Inc.","GRAND FRONT OSAKA TOWER A 32F 4-20 Ofukacho, Kita-ku","Osaka","Osaka","5300011","Japan","info@xserver.co.jp","+81.662928811","","Xserver XSERVER Inc.","XSERVER Inc.","GRAND FRONT OSAKA TOWER A 32F 4-20 Ofukacho, Kita-ku","Osaka","Osaka","5300011","Japan","info@xserver.co.jp","+81.662928811","","","","","","","","","","","","ns1.xserver.jp","ns2.xserver.jp","ns3.xserver.jp","ns4.xserver.jp","clientTransferProhibited","","",""
"20","kohayumusic.com","2020-05-11 20:05:03","2020-05-09","2020-05-09","2021-05-09","1557","Netowl, Inc.","whois.star-domain.jp","http://www.netowl.jp","wpX XSERVER Inc.","XSERVER Inc.","GRAND FRONT OSAKA TOWER A 32F 4-20 Ofukacho, Kita-ku","Osaka","Osaka","5300011","Japan","info@xserver.co.jp","+81.662928811","","wpX XSERVER Inc.","XSERVER Inc.","GRAND FRONT OSAKA TOWER A 32F 4-20 Ofukacho, Kita-ku","Osaka","Osaka","5300011","Japan","info@xserver.co.jp","+81.662928811","","wpX XSERVER Inc.","XSERVER Inc.","GRAND FRONT OSAKA TOWER A 32F 4-20 Ofukacho, Kita-ku","Osaka","Osaka","5300011","Japan","info@xserver.co.jp","+81.662928811","","","","","","","","","","","","ns1.wpx.ne.jp","ns2.wpx.ne.jp","ns3.wpx.ne.jp","","clientTransferProhibited","","",""
"21","kumanuts-iddm.com","2020-05-11 20:05:03","2020-05-09","2020-05-09","2021-05-09","1557","Netowl, Inc.","whois.star-domain.jp","http://www.netowl.jp","Xserver XSERVER Inc.","XSERVER Inc.","GRAND FRONT OSAKA TOWER A 32F 4-20 Ofukacho, Kita-ku","Osaka","Osaka","5300011","Japan","info@xserver.co.jp","+81.662928811","","Xserver XSERVER Inc.","XSERVER Inc.","GRAND FRONT OSAKA TOWER A 32F 4-20 Ofukacho, Kita-ku","Osaka","Osaka","5300011","Japan","info@xserver.co.jp","+81.662928811","","Xserver XSERVER Inc.","XSERVER Inc.","GRAND FRONT OSAKA TOWER A 32F 4-20 Ofukacho, Kita-ku","Osaka","Osaka","5300011","Japan","info@xserver.co.jp","+81.662928811","","","","","","","","","","","","ns1.xserver.jp","ns2.xserver.jp","ns3.xserver.jp","ns4.xserver.jp","clientTransferProhibited","","",""
"22","logtakuya.com","2020-05-11 20:16:12","2020-05-09","2020-05-09","2021-05-09","1557","Netowl, Inc.","whois.star-domain.jp","http://www.netowl.jp","Xserver XSERVER Inc.","XSERVER Inc.","GRAND FRONT OSAKA TOWER A 32F 4-20 Ofukacho, Kita-ku","Osaka","Osaka","5300011","Japan","info@xserver.co.jp","+81.662928811","","Xserver XSERVER Inc.","XSERVER Inc.","GRAND FRONT OSAKA TOWER A 32F 4-20 Ofukacho, Kita-ku","Osaka","Osaka","5300011","Japan","info@xserver.co.jp","+81.662928811","","Xserver XSERVER Inc.","XSERVER Inc.","GRAND FRONT OSAKA TOWER A 32F 4-20 Ofukacho, Kita-ku","Osaka","Osaka","5300011","Japan","info@xserver.co.jp","+81.662928811","","","","","","","","","","","","ns1.xserver.jp","ns2.xserver.jp","ns3.xserver.jp","ns4.xserver.jp","clientTransferProhibited","","",""
"23","makeflea.com","2020-05-11 11:45:42","2020-05-11","2020-05-11","2021-05-11","1557","Netowl, Inc.","whois.star-domain.jp","http://www.netowl.jp","Xserver XSERVER Inc.","XSERVER Inc.","GRAND FRONT OSAKA TOWER A 32F 4-20 Ofukacho, Kita-ku","Osaka","Osaka","5300011","Japan","info@xserver.co.jp","+81.662928811","","Xserver XSERVER Inc.","XSERVER Inc.","GRAND FRONT OSAKA TOWER A 32F 4-20 Ofukacho, Kita-ku","Osaka","Osaka","5300011","Japan","info@xserver.co.jp","+81.662928811","","Xserver XSERVER Inc.","XSERVER Inc.","GRAND FRONT OSAKA TOWER A 32F 4-20 Ofukacho, Kita-ku","Osaka","Osaka","5300011","Japan","info@xserver.co.jp","+81.662928811","","","","","","","","","","","","ns1.xserver.jp","ns2.xserver.jp","ns3.xserver.jp","ns4.xserver.jp","clientTransferProhibited","","",""
"24","mia-promotion.com","2020-05-11 19:57:00","2020-05-09","2020-05-09","2021-05-09","1557","Netowl, Inc.","whois.star-domain.jp","http://www.netowl.jp","Star Domain","Netowl,Inc.","7F FIS Bldg., 403 Shimomaruya-cho, Nakagyo-ku","Kyoto","Kyoto","604-8006","Japan","whois@netowl.jp","+81.752568553","","Star Domain","Netowl,Inc.","7F FIS Bldg., 403 Shimomaruya-cho, Nakagyo-ku","Kyoto","Kyoto","604-8006","Japan","whois@netowl.jp","+81.752568553","","Star Domain","Netowl,Inc.","7F FIS Bldg., 403 Shimomaruya-cho, Nakagyo-ku","Kyoto","Kyoto","604-8006","Japan","whois@netowl.jp","+81.752568553","","","","","","","","","","","","ns1.star-domain.jp","ns2.star-domain.jp","ns3.star-domain.jp","","clientTransferProhibited","","",""
"25","midoritama.com","2020-05-11 20:04:02","2020-05-08","2020-05-08","2021-05-08","1557","Netowl, Inc.","whois.star-domain.jp","http://www.netowl.jp","Xserver XSERVER Inc.","XSERVER Inc.","GRAND FRONT OSAKA TOWER A 32F 4-20 Ofukacho, Kita-ku","Osaka","Osaka","5300011","Japan","info@xserver.co.jp","+81.662928811","","Xserver XSERVER Inc.","XSERVER Inc.","GRAND FRONT OSAKA TOWER A 32F 4-20 Ofukacho, Kita-ku","Osaka","Osaka","5300011","Japan","info@xserver.co.jp","+81.662928811","","Xserver XSERVER Inc.","XSERVER Inc.","GRAND FRONT OSAKA TOWER A 32F 4-20 Ofukacho, Kita-ku","Osaka","Osaka","5300011","Japan","info@xserver.co.jp","+81.662928811","","","","","","","","","","","","ns1.xserver.jp","ns2.xserver.jp","ns3.xserver.jp","ns4.xserver.jp","clientTransferProhibited","","",""
"26","mukavakoti.com","2020-05-11 20:16:21","2020-05-09","2020-05-09","2021-05-09","1557","Netowl, Inc.","whois.star-domain.jp","http://www.netowl.jp","Xserver XSERVER Inc.","XSERVER Inc.","GRAND FRONT OSAKA TOWER A 32F 4-20 Ofukacho, Kita-ku","Osaka","Osaka","5300011","Japan","info@xserver.co.jp","+81.662928811","","Xserver XSERVER Inc.","XSERVER Inc.","GRAND FRONT OSAKA TOWER A 32F 4-20 Ofukacho, Kita-ku","Osaka","Osaka","5300011","Japan","info@xserver.co.jp","+81.662928811","","Xserver XSERVER Inc.","XSERVER Inc.","GRAND FRONT OSAKA TOWER A 32F 4-20 Ofukacho, Kita-ku","Osaka","Osaka","5300011","Japan","info@xserver.co.jp","+81.662928811","","","","","","","","","","","","ns1.xserver.jp","ns2.xserver.jp","ns3.xserver.jp","ns4.xserver.jp","clientTransferProhibited","","",""
"27","nns-design.com","2020-05-11 20:09:53","2020-05-09","2020-05-09","2021-05-09","1557","Netowl, Inc.","whois.star-domain.jp","http://www.netowl.jp","Xserver XSERVER Inc.","XSERVER Inc.","GRAND FRONT OSAKA TOWER A 32F 4-20 Ofukacho, Kita-ku","Osaka","Osaka","5300011","Japan","info@xserver.co.jp","+81.662928811","","Xserver XSERVER Inc.","XSERVER Inc.","GRAND FRONT OSAKA TOWER A 32F 4-20 Ofukacho, Kita-ku","Osaka","Osaka","5300011","Japan","info@xserver.co.jp","+81.662928811","","Xserver XSERVER Inc.","XSERVER Inc.","GRAND FRONT OSAKA TOWER A 32F 4-20 Ofukacho, Kita-ku","Osaka","Osaka","5300011","Japan","info@xserver.co.jp","+81.662928811","","","","","","","","","","","","ns1.xserver.jp","ns2.xserver.jp","ns3.xserver.jp","ns4.xserver.jp","clientTransferProhibited","","",""
"28","nomad-dai.com","2020-05-11 20:14:37","2020-05-08","2020-05-08","2021-05-08","1557","Netowl, Inc.","whois.star-domain.jp","http://www.netowl.jp","Xserver XSERVER Inc.","XSERVER Inc.","GRAND FRONT OSAKA TOWER A 32F 4-20 Ofukacho, Kita-ku","Osaka","Osaka","5300011","Japan","info@xserver.co.jp","+81.662928811","","Xserver XSERVER Inc.","XSERVER Inc.","GRAND FRONT OSAKA TOWER A 32F 4-20 Ofukacho, Kita-ku","Osaka","Osaka","5300011","Japan","info@xserver.co.jp","+81.662928811","","Xserver XSERVER Inc.","XSERVER Inc.","GRAND FRONT OSAKA TOWER A 32F 4-20 Ofukacho, Kita-ku","Osaka","Osaka","5300011","Japan","info@xserver.co.jp","+81.662928811","","","","","","","","","","","","ns1.xserver.jp","ns2.xserver.jp","ns3.xserver.jp","ns4.xserver.jp","clientTransferProhibited","","",""
"29","nommy-465.com","2020-05-11 20:07:39","2020-05-09","2020-05-09","2021-05-09","1557","Netowl, Inc.","whois.star-domain.jp","http://www.netowl.jp","Xserver XSERVER Inc.","XSERVER Inc.","GRAND FRONT OSAKA TOWER A 32F 4-20 Ofukacho, Kita-ku","Osaka","Osaka","5300011","Japan","info@xserver.co.jp","+81.662928811","","Xserver XSERVER Inc.","XSERVER Inc.","GRAND FRONT OSAKA TOWER A 32F 4-20 Ofukacho, Kita-ku","Osaka","Osaka","5300011","Japan","info@xserver.co.jp","+81.662928811","","Xserver XSERVER Inc.","XSERVER Inc.","GRAND FRONT OSAKA TOWER A 32F 4-20 Ofukacho, Kita-ku","Osaka","Osaka","5300011","Japan","info@xserver.co.jp","+81.662928811","","","","","","","","","","","","ns1.xserver.jp","ns2.xserver.jp","ns3.xserver.jp","ns4.xserver.jp","clientTransferProhibited","","",""
"30","number84log.com","2020-05-11 20:09:12","2020-05-09","2020-05-09","2021-05-09","1557","Netowl, Inc.","whois.star-domain.jp","http://www.netowl.jp","Xserver XSERVER Inc.","XSERVER Inc.","GRAND FRONT OSAKA TOWER A 32F 4-20 Ofukacho, Kita-ku","Osaka","Osaka","5300011","Japan","info@xserver.co.jp","+81.662928811","","Xserver XSERVER Inc.","XSERVER Inc.","GRAND FRONT OSAKA TOWER A 32F 4-20 Ofukacho, Kita-ku","Osaka","Osaka","5300011","Japan","info@xserver.co.jp","+81.662928811","","Xserver XSERVER Inc.","XSERVER Inc.","GRAND FRONT OSAKA TOWER A 32F 4-20 Ofukacho, Kita-ku","Osaka","Osaka","5300011","Japan","info@xserver.co.jp","+81.662928811","","","","","","","","","","","","ns1.xserver.jp","ns2.xserver.jp","ns3.xserver.jp","ns4.xserver.jp","clientTransferProhibited","","",""
"31","okashi-paspo.com","2020-05-11 20:06:10","2020-05-09","2020-05-09","2021-05-09","1557","Netowl, Inc.","whois.star-domain.jp","http://www.netowl.jp","Xserver XSERVER Inc.","XSERVER Inc.","GRAND FRONT OSAKA TOWER A 32F 4-20 Ofukacho, Kita-ku","Osaka","Osaka","5300011","Japan","info@xserver.co.jp","+81.662928811","","Xserver XSERVER Inc.","XSERVER Inc.","GRAND FRONT OSAKA TOWER A 32F 4-20 Ofukacho, Kita-ku","Osaka","Osaka","5300011","Japan","info@xserver.co.jp","+81.662928811","","Xserver XSERVER Inc.","XSERVER Inc.","GRAND FRONT OSAKA TOWER A 32F 4-20 Ofukacho, Kita-ku","Osaka","Osaka","5300011","Japan","info@xserver.co.jp","+81.662928811","","","","","","","","","","","","ns1.xserver.jp","ns2.xserver.jp","ns3.xserver.jp","ns4.xserver.jp","clientTransferProhibited","","",""
"32","oshigoto-column.com","2020-05-11 20:06:29","2020-05-09","2020-05-09","2021-05-09","1557","Netowl, Inc.","whois.star-domain.jp","http://www.netowl.jp","Xserver XSERVER Inc.","XSERVER Inc.","GRAND FRONT OSAKA TOWER A 32F 4-20 Ofukacho, Kita-ku","Osaka","Osaka","5300011","Japan","info@xserver.co.jp","+81.662928811","","Xserver XSERVER Inc.","XSERVER Inc.","GRAND FRONT OSAKA TOWER A 32F 4-20 Ofukacho, Kita-ku","Osaka","Osaka","5300011","Japan","info@xserver.co.jp","+81.662928811","","Xserver XSERVER Inc.","XSERVER Inc.","GRAND FRONT OSAKA TOWER A 32F 4-20 Ofukacho, Kita-ku","Osaka","Osaka","5300011","Japan","info@xserver.co.jp","+81.662928811","","","","","","","","","","","","ns1.xserver.jp","ns2.xserver.jp","ns3.xserver.jp","ns4.xserver.jp","clientTransferProhibited","","",""
"33","osushisan.com","2020-05-11 20:09:53","2020-05-09","2020-05-09","2021-05-09","1557","Netowl, Inc.","whois.star-domain.jp","http://www.netowl.jp","Xserver XSERVER Inc.","XSERVER Inc.","GRAND FRONT OSAKA TOWER A 32F 4-20 Ofukacho, Kita-ku","Osaka","Osaka","5300011","Japan","info@xserver.co.jp","+81.662928811","","Xserver XSERVER Inc.","XSERVER Inc.","GRAND FRONT OSAKA TOWER A 32F 4-20 Ofukacho, Kita-ku","Osaka","Osaka","5300011","Japan","info@xserver.co.jp","+81.662928811","","Xserver XSERVER Inc.","XSERVER Inc.","GRAND FRONT OSAKA TOWER A 32F 4-20 Ofukacho, Kita-ku","Osaka","Osaka","5300011","Japan","info@xserver.co.jp","+81.662928811","","","","","","","","","","","","ns1.xserver.jp","ns2.xserver.jp","ns3.xserver.jp","ns4.xserver.jp","clientTransferProhibited","","",""
"34","pakupakuuu.com","2020-05-11 20:16:04","2020-05-09","2020-05-09","2021-05-09","1557","Netowl, Inc.","whois.star-domain.jp","http://www.netowl.jp","Xserver XSERVER Inc.","XSERVER Inc.","GRAND FRONT OSAKA TOWER A 32F 4-20 Ofukacho, Kita-ku","Osaka","Osaka","5300011","Japan","info@xserver.co.jp","+81.662928811","","Xserver XSERVER Inc.","XSERVER Inc.","GRAND FRONT OSAKA TOWER A 32F 4-20 Ofukacho, Kita-ku","Osaka","Osaka","5300011","Japan","info@xserver.co.jp","+81.662928811","","Xserver XSERVER Inc.","XSERVER Inc.","GRAND FRONT OSAKA TOWER A 32F 4-20 Ofukacho, Kita-ku","Osaka","Osaka","5300011","Japan","info@xserver.co.jp","+81.662928811","","","","","","","","","","","","ns1.xserver.jp","ns2.xserver.jp","ns3.xserver.jp","ns4.xserver.jp","clientTransferProhibited","","",""
"35","petit-parade.com","2020-05-11 20:08:14","2020-05-09","2020-05-09","2021-05-09","1557","Netowl, Inc.","whois.star-domain.jp","http://www.netowl.jp","Xserver XSERVER Inc.","XSERVER Inc.","GRAND FRONT OSAKA TOWER A 32F 4-20 Ofukacho, Kita-ku","Osaka","Osaka","5300011","Japan","info@xserver.co.jp","+81.662928811","","Xserver XSERVER Inc.","XSERVER Inc.","GRAND FRONT OSAKA TOWER A 32F 4-20 Ofukacho, Kita-ku","Osaka","Osaka","5300011","Japan","info@xserver.co.jp","+81.662928811","","Xserver XSERVER Inc.","XSERVER Inc.","GRAND FRONT OSAKA TOWER A 32F 4-20 Ofukacho, Kita-ku","Osaka","Osaka","5300011","Japan","info@xserver.co.jp","+81.662928811","","","","","","","","","","","","ns1.xdomain.ne.jp","ns2.xdomain.ne.jp","ns3.xdomain.ne.jp","","clientTransferProhibited","","",""
"36","rashisashienkk.com","2020-05-11 20:07:17","2020-05-09","2020-05-09","2021-05-09","1557","Netowl, Inc.","whois.star-domain.jp","http://www.netowl.jp","Xserver XSERVER Inc.","XSERVER Inc.","GRAND FRONT OSAKA TOWER A 32F 4-20 Ofukacho, Kita-ku","Osaka","Osaka","5300011","Japan","info@xserver.co.jp","+81.662928811","","Xserver XSERVER Inc.","XSERVER Inc.","GRAND FRONT OSAKA TOWER A 32F 4-20 Ofukacho, Kita-ku","Osaka","Osaka","5300011","Japan","info@xserver.co.jp","+81.662928811","","Xserver XSERVER Inc.","XSERVER Inc.","GRAND FRONT OSAKA TOWER A 32F 4-20 Ofukacho, Kita-ku","Osaka","Osaka","5300011","Japan","info@xserver.co.jp","+81.662928811","","","","","","","","","","","","ns1.xserver.jp","ns2.xserver.jp","ns3.xserver.jp","ns4.xserver.jp","clientTransferProhibited","","",""
"37","roxana-kazue.com","2020-05-11 20:15:00","2020-05-08","2020-05-08","2021-05-08","1557","Netowl, Inc.","whois.star-domain.jp","http://www.netowl.jp","Xserver XSERVER Inc.","XSERVER Inc.","GRAND FRONT OSAKA TOWER A 32F 4-20 Ofukacho, Kita-ku","Osaka","Osaka","5300011","Japan","info@xserver.co.jp","+81.662928811","","Xserver XSERVER Inc.","XSERVER Inc.","GRAND FRONT OSAKA TOWER A 32F 4-20 Ofukacho, Kita-ku","Osaka","Osaka","5300011","Japan","info@xserver.co.jp","+81.662928811","","Xserver XSERVER Inc.","XSERVER Inc.","GRAND FRONT OSAKA TOWER A 32F 4-20 Ofukacho, Kita-ku","Osaka","Osaka","5300011","Japan","info@xserver.co.jp","+81.662928811","","","","","","","","","","","","ns1.xserver.jp","ns2.xserver.jp","ns3.xserver.jp","ns4.xserver.jp","clientTransferProhibited","","",""
"38","sekaizen.com","2020-05-11 20:09:53","2020-05-09","2020-05-09","2021-05-09","1557","Netowl, Inc.","whois.star-domain.jp","http://www.netowl.jp","Xserver XSERVER Inc.","XSERVER Inc.","GRAND FRONT OSAKA TOWER A 32F 4-20 Ofukacho, Kita-ku","Osaka","Osaka","5300011","Japan","info@xserver.co.jp","+81.662928811","","Xserver XSERVER Inc.","XSERVER Inc.","GRAND FRONT OSAKA TOWER A 32F 4-20 Ofukacho, Kita-ku","Osaka","Osaka","5300011","Japan","info@xserver.co.jp","+81.662928811","","Xserver XSERVER Inc.","XSERVER Inc.","GRAND FRONT OSAKA TOWER A 32F 4-20 Ofukacho, Kita-ku","Osaka","Osaka","5300011","Japan","info@xserver.co.jp","+81.662928811","","","","","","","","","","","","ns1.xserver.jp","ns2.xserver.jp","ns3.xserver.jp","ns4.xserver.jp","clientTransferProhibited","","",""
"39","setsujyo.com","2020-05-11 19:56:52","2020-05-09","2020-05-09","2021-05-09","1557","Netowl, Inc.","whois.star-domain.jp","http://www.netowl.jp","Xserver XSERVER Inc.","XSERVER Inc.","GRAND FRONT OSAKA TOWER A 32F 4-20 Ofukacho, Kita-ku","Osaka","Osaka","5300011","Japan","info@xserver.co.jp","+81.662928811","","Xserver XSERVER Inc.","XSERVER Inc.","GRAND FRONT OSAKA TOWER A 32F 4-20 Ofukacho, Kita-ku","Osaka","Osaka","5300011","Japan","info@xserver.co.jp","+81.662928811","","Xserver XSERVER Inc.","XSERVER Inc.","GRAND FRONT OSAKA TOWER A 32F 4-20 Ofukacho, Kita-ku","Osaka","Osaka","5300011","Japan","info@xserver.co.jp","+81.662928811","","","","","","","","","","","","uns01.lolipop.jp","uns02.lolipop.jp","","","clientTransferProhibited","","",""
"40","suidou99s.com","2020-05-11 20:15:32","2020-05-09","2020-05-09","2021-05-09","1557","Netowl, Inc.","whois.star-domain.jp","http://www.netowl.jp","Xserver XSERVER Inc.","XSERVER Inc.","GRAND FRONT OSAKA TOWER A 32F 4-20 Ofukacho, Kita-ku","Osaka","Osaka","5300011","Japan","info@xserver.co.jp","+81.662928811","","Xserver XSERVER Inc.","XSERVER Inc.","GRAND FRONT OSAKA TOWER A 32F 4-20 Ofukacho, Kita-ku","Osaka","Osaka","5300011","Japan","info@xserver.co.jp","+81.662928811","","Xserver XSERVER Inc.","XSERVER Inc.","GRAND FRONT OSAKA TOWER A 32F 4-20 Ofukacho, Kita-ku","Osaka","Osaka","5300011","Japan","info@xserver.co.jp","+81.662928811","","","","","","","","","","","","ns1.xserver.jp","ns2.xserver.jp","ns3.xserver.jp","ns4.xserver.jp","clientTransferProhibited","","",""
"41","sundescends.com","2020-05-11 20:13:30","2020-05-09","2020-05-09","2021-05-09","1557","Netowl, Inc.","whois.star-domain.jp","http://www.netowl.jp","Star Domain","Netowl,Inc.","7F FIS Bldg., 403 Shimomaruya-cho, Nakagyo-ku","Kyoto","Kyoto","604-8006","Japan","whois@netowl.jp","+81.752568553","","Star Domain","Netowl,Inc.","7F FIS Bldg., 403 Shimomaruya-cho, Nakagyo-ku","Kyoto","Kyoto","604-8006","Japan","whois@netowl.jp","+81.752568553","","Star Domain","Netowl,Inc.","7F FIS Bldg., 403 Shimomaruya-cho, Nakagyo-ku","Kyoto","Kyoto","604-8006","Japan","whois@netowl.jp","+81.752568553","","","","","","","","","","","","ns1.star-domain.jp","ns2.star-domain.jp","ns3.star-domain.jp","","clientTransferProhibited","","",""
"42","suzuvelpesmuguet.com","2020-05-11 20:06:39","2020-05-09","2020-05-09","2021-05-09","1557","Netowl, Inc.","whois.star-domain.jp","http://www.netowl.jp","Xserver XSERVER Inc.","XSERVER Inc.","GRAND FRONT OSAKA TOWER A 32F 4-20 Ofukacho, Kita-ku","Osaka","Osaka","5300011","Japan","info@xserver.co.jp","+81.662928811","","Xserver XSERVER Inc.","XSERVER Inc.","GRAND FRONT OSAKA TOWER A 32F 4-20 Ofukacho, Kita-ku","Osaka","Osaka","5300011","Japan","info@xserver.co.jp","+81.662928811","","Xserver XSERVER Inc.","XSERVER Inc.","GRAND FRONT OSAKA TOWER A 32F 4-20 Ofukacho, Kita-ku","Osaka","Osaka","5300011","Japan","info@xserver.co.jp","+81.662928811","","","","","","","","","","","","ns1.xserver.jp","ns2.xserver.jp","ns3.xserver.jp","ns4.xserver.jp","clientTransferProhibited","","",""
"43","tagamiyuki.com","2020-05-11 20:05:27","2020-05-09","2020-05-09","2021-05-09","1557","Netowl, Inc.","whois.star-domain.jp","http://www.netowl.jp","Xserver XSERVER Inc.","XSERVER Inc.","GRAND FRONT OSAKA TOWER A 32F 4-20 Ofukacho, Kita-ku","Osaka","Osaka","5300011","Japan","info@xserver.co.jp","+81.662928811","","Xserver XSERVER Inc.","XSERVER Inc.","GRAND FRONT OSAKA TOWER A 32F 4-20 Ofukacho, Kita-ku","Osaka","Osaka","5300011","Japan","info@xserver.co.jp","+81.662928811","","Xserver XSERVER Inc.","XSERVER Inc.","GRAND FRONT OSAKA TOWER A 32F 4-20 Ofukacho, Kita-ku","Osaka","Osaka","5300011","Japan","info@xserver.co.jp","+81.662928811","","","","","","","","","","","","ns1.xserver.jp","ns2.xserver.jp","ns3.xserver.jp","ns4.xserver.jp","clientTransferProhibited","","",""
"44","takataka-sfk.com","2020-05-11 20:11:44","2020-05-09","2020-05-09","2021-05-09","1557","Netowl, Inc.","whois.star-domain.jp","http://www.netowl.jp","Xserver XSERVER Inc.","XSERVER Inc.","GRAND FRONT OSAKA TOWER A 32F 4-20 Ofukacho, Kita-ku","Osaka","Osaka","5300011","Japan","info@xserver.co.jp","+81.662928811","","Xserver XSERVER Inc.","XSERVER Inc.","GRAND FRONT OSAKA TOWER A 32F 4-20 Ofukacho, Kita-ku","Osaka","Osaka","5300011","Japan","info@xserver.co.jp","+81.662928811","","Xserver XSERVER Inc.","XSERVER Inc.","GRAND FRONT OSAKA TOWER A 32F 4-20 Ofukacho, Kita-ku","Osaka","Osaka","5300011","Japan","info@xserver.co.jp","+81.662928811","","","","","","","","","","","","ns1.xserver.jp","ns2.xserver.jp","ns3.xserver.jp","ns4.xserver.jp","clientTransferProhibited","","",""
"45","tamoko-ouchi.com","2020-05-11 20:06:12","2020-05-09","2020-05-09","2021-05-09","1557","Netowl, Inc.","whois.star-domain.jp","http://www.netowl.jp","Xserver XSERVER Inc.","XSERVER Inc.","GRAND FRONT OSAKA TOWER A 32F 4-20 Ofukacho, Kita-ku","Osaka","Osaka","5300011","Japan","info@xserver.co.jp","+81.662928811","","Xserver XSERVER Inc.","XSERVER Inc.","GRAND FRONT OSAKA TOWER A 32F 4-20 Ofukacho, Kita-ku","Osaka","Osaka","5300011","Japan","info@xserver.co.jp","+81.662928811","","Xserver XSERVER Inc.","XSERVER Inc.","GRAND FRONT OSAKA TOWER A 32F 4-20 Ofukacho, Kita-ku","Osaka","Osaka","5300011","Japan","info@xserver.co.jp","+81.662928811","","","","","","","","","","","","ns1.xserver.jp","ns2.xserver.jp","ns3.xserver.jp","ns4.xserver.jp","clientTransferProhibited","","",""
"46","torendoneta.com","2020-05-11 20:03:36","2020-05-08","2020-05-08","2021-05-08","1557","Netowl, Inc.","whois.star-domain.jp","http://www.netowl.jp","Xserver XSERVER Inc.","XSERVER Inc.","GRAND FRONT OSAKA TOWER A 32F 4-20 Ofukacho, Kita-ku","Osaka","Osaka","5300011","Japan","info@xserver.co.jp","+81.662928811","","Xserver XSERVER Inc.","XSERVER Inc.","GRAND FRONT OSAKA TOWER A 32F 4-20 Ofukacho, Kita-ku","Osaka","Osaka","5300011","Japan","info@xserver.co.jp","+81.662928811","","Xserver XSERVER Inc.","XSERVER Inc.","GRAND FRONT OSAKA TOWER A 32F 4-20 Ofukacho, Kita-ku","Osaka","Osaka","5300011","Japan","info@xserver.co.jp","+81.662928811","","","","","","","","","","","","ns1.xserver.jp","ns2.xserver.jp","ns3.xserver.jp","ns4.xserver.jp","clientTransferProhibited","","",""
"47","utuwata.com","2020-05-11 20:14:08","2020-05-08","2020-05-08","2021-05-08","1557","Netowl, Inc.","whois.star-domain.jp","http://www.netowl.jp","Xserver XSERVER Inc.","XSERVER Inc.","GRAND FRONT OSAKA TOWER A 32F 4-20 Ofukacho, Kita-ku","Osaka","Osaka","5300011","Japan","info@xserver.co.jp","+81.662928811","","Xserver XSERVER Inc.","XSERVER Inc.","GRAND FRONT OSAKA TOWER A 32F 4-20 Ofukacho, Kita-ku","Osaka","Osaka","5300011","Japan","info@xserver.co.jp","+81.662928811","","Xserver XSERVER Inc.","XSERVER Inc.","GRAND FRONT OSAKA TOWER A 32F 4-20 Ofukacho, Kita-ku","Osaka","Osaka","5300011","Japan","info@xserver.co.jp","+81.662928811","","","","","","","","","","","","ns1.xserver.jp","ns2.xserver.jp","ns3.xserver.jp","ns4.xserver.jp","clientTransferProhibited","","",""
"48","wataruabe.com","2020-05-11 19:55:02","2020-05-09","2020-05-09","2021-05-09","1557","Netowl, Inc.","whois.star-domain.jp","http://www.netowl.jp","Xserver XSERVER Inc.","XSERVER Inc.","GRAND FRONT OSAKA TOWER A 32F 4-20 Ofukacho, Kita-ku","Osaka","Osaka","5300011","Japan","info@xserver.co.jp","+81.662928811","","Xserver XSERVER Inc.","XSERVER Inc.","GRAND FRONT OSAKA TOWER A 32F 4-20 Ofukacho, Kita-ku","Osaka","Osaka","5300011","Japan","info@xserver.co.jp","+81.662928811","","Xserver XSERVER Inc.","XSERVER Inc.","GRAND FRONT OSAKA TOWER A 32F 4-20 Ofukacho, Kita-ku","Osaka","Osaka","5300011","Japan","info@xserver.co.jp","+81.662928811","","","","","","","","","","","","ns1.xserver.jp","ns2.xserver.jp","ns3.xserver.jp","ns4.xserver.jp","clientTransferProhibited","","",""
"49","woggygameblog.com","2020-05-11 20:14:30","2020-05-08","2020-05-08","2021-05-08","1557","Netowl, Inc.","whois.star-domain.jp","http://www.netowl.jp","Xserver XSERVER Inc.","XSERVER Inc.","GRAND FRONT OSAKA TOWER A 32F 4-20 Ofukacho, Kita-ku","Osaka","Osaka","5300011","Japan","info@xserver.co.jp","+81.662928811","","Xserver XSERVER Inc.","XSERVER Inc.","GRAND FRONT OSAKA TOWER A 32F 4-20 Ofukacho, Kita-ku","Osaka","Osaka","5300011","Japan","info@xserver.co.jp","+81.662928811","","Xserver XSERVER Inc.","XSERVER Inc.","GRAND FRONT OSAKA TOWER A 32F 4-20 Ofukacho, Kita-ku","Osaka","Osaka","5300011","Japan","info@xserver.co.jp","+81.662928811","","","","","","","","","","","","ns1.xserver.jp","ns2.xserver.jp","ns3.xserver.jp","ns4.xserver.jp","clientTransferProhibited","","",""
"50","yagiaswa3.com","2020-05-11 20:10:30","2020-05-09","2020-05-09","2021-05-09","1557","Netowl, Inc.","whois.star-domain.jp","http://www.netowl.jp","Xserver XSERVER Inc.","XSERVER Inc.","GRAND FRONT OSAKA TOWER A 32F 4-20 Ofukacho, Kita-ku","Osaka","Osaka","5300011","Japan","info@xserver.co.jp","+81.662928811","","Xserver XSERVER Inc.","XSERVER Inc.","GRAND FRONT OSAKA TOWER A 32F 4-20 Ofukacho, Kita-ku","Osaka","Osaka","5300011","Japan","info@xserver.co.jp","+81.662928811","","Xserver XSERVER Inc.","XSERVER Inc.","GRAND FRONT OSAKA TOWER A 32F 4-20 Ofukacho, Kita-ku","Osaka","Osaka","5300011","Japan","info@xserver.co.jp","+81.662928811","","","","","","","","","","","","ns1.xserver.jp","ns2.xserver.jp","ns3.xserver.jp","ns4.xserver.jp","clientTransferProhibited","","",""
"51","yamako2020.com","2020-05-11 20:03:37","2020-05-08","2020-05-08","2021-05-08","1557","Netowl, Inc.","whois.star-domain.jp","http://www.netowl.jp","Xserver XSERVER Inc.","XSERVER Inc.","GRAND FRONT OSAKA TOWER A 32F 4-20 Ofukacho, Kita-ku","Osaka","Osaka","5300011","Japan","info@xserver.co.jp","+81.662928811","","Xserver XSERVER Inc.","XSERVER Inc.","GRAND FRONT OSAKA TOWER A 32F 4-20 Ofukacho, Kita-ku","Osaka","Osaka","5300011","Japan","info@xserver.co.jp","+81.662928811","","Xserver XSERVER Inc.","XSERVER Inc.","GRAND FRONT OSAKA TOWER A 32F 4-20 Ofukacho, Kita-ku","Osaka","Osaka","5300011","Japan","info@xserver.co.jp","+81.662928811","","","","","","","","","","","","ns1.xserver.jp","ns2.xserver.jp","ns3.xserver.jp","ns4.xserver.jp","clientTransferProhibited","","",""