"num","domain_name","query_time","create_date","update_date","expiry_date","domain_registrar_id","domain_registrar_name","domain_registrar_whois","domain_registrar_url","registrant_name","registrant_company","registrant_address","registrant_city","registrant_state","registrant_zip","registrant_country","registrant_email","registrant_phone","registrant_fax","administrative_name","administrative_company","administrative_address","administrative_city","administrative_state","administrative_zip","administrative_country","administrative_email","administrative_phone","administrative_fax","technical_name","technical_company","technical_address","technical_city","technical_state","technical_zip","technical_country","technical_email","technical_phone","technical_fax","billing_name","billing_company","billing_address","billing_city","billing_state","billing_zip","billing_country","billing_email","billing_phone","billing_fax","name_server_1","name_server_2","name_server_3","name_server_4","domain_status_1","domain_status_2","domain_status_3","domain_status_4"
"1","70slovewine.com","2020-05-11 20:16:09","2020-05-09","2020-05-09","2021-05-09","9","register.com, Inc.","whois.register.com","http://www.register.com","xinyue zhang","","26 Clement Ct","Napa","CA","94558","United States","70slovewine@gmail.com","+1.5305748968","","xinyue zhang","","26 Clement Ct","Napa","CA","94558","United States","70slovewine@gmail.com","+1.5305748968","","xinyue zhang","","26 Clement Ct","Napa","CA","94558","United States","70slovewine@gmail.com","+1.5305748968","","","","","","","","","","","","dns1.register.com","dns2.register.com","","","clientTransferProhibited","","",""
"2","aeaxwxxlyrgjuhe.com","2020-05-11 19:55:34","2020-05-08","2020-05-08","2021-05-08","9","register.com, Inc.","whois.register.com","http://www.register.com","PERFECT PRIVACY, LLC","","5335 Gate Parkway","Jacksonville","FL","32256","United States","3132b84252ia88s7t4a3tvioio@domaindiscreet.com","+1.9027492701","","PERFECT PRIVACY, LLC","","5335 Gate Parkway","Jacksonville","FL","32256","United States","3132b84252ia88s7t4a3tvioio@domaindiscreet.com","+1.9027492701","","PERFECT PRIVACY, LLC","","5335 Gate Parkway","Jacksonville","FL","32256","United States","3132b84252ia88s7t4a3tvioio@domaindiscreet.com","+1.9027492701","","","","","","","","","","","","dns1.register.com","dns2.register.com","","","clientTransferProhibited","","",""
"3","aerandtravel.com","2020-05-11 19:55:47","2020-05-09","2020-05-09","2025-05-09","9","register.com, Inc.","whois.register.com","http://www.register.com","PERFECT PRIVACY, LLC","","5335 Gate Parkway care of REGISTER.COM","Jacksonville","FL","32256","United States","ws2rw2ue94w@myprivatename.com","+1.5707088780","","PERFECT PRIVACY, LLC","","5335 Gate Parkway care of REGISTER.COM","Jacksonville","FL","32256","United States","ws2rw2ue94w@myprivatename.com","+1.5707088780","","PERFECT PRIVACY, LLC","","5335 Gate Parkway care of REGISTER.COM","Jacksonville","FL","32256","United States","ws2rw2ue94w@myprivatename.com","+1.5707088780","","","","","","","","","","","","dns105.register.com","dns106.register.com","","","clientTransferProhibited","","",""
"4","allsedanshop.com","2020-05-11 20:03:59","2020-05-08","2020-05-08","2021-05-08","9","register.com, Inc.","whois.register.com","http://www.register.com","PERFECT PRIVACY, LLC","","5335 Gate Parkway","Jacksonville","FL","32256","United States","a9gkmqsijsg2s99b0t4u3l79us@domaindiscreet.com","+1.9027492701","","PERFECT PRIVACY, LLC","","5335 Gate Parkway","Jacksonville","FL","32256","United States","a9gkmqsijsg2s99b0t4u3l79us@domaindiscreet.com","+1.9027492701","","PERFECT PRIVACY, LLC","","5335 Gate Parkway","Jacksonville","FL","32256","United States","a9gkmqsijsg2s99b0t4u3l79us@domaindiscreet.com","+1.9027492701","","","","","","","","","","","","dns1.register.com","dns2.register.com","","","clientTransferProhibited","","",""
"5","arehabcompany.com","2020-05-11 20:01:03","2020-05-08","2020-05-08","2021-05-08","9","register.com, Inc.","whois.register.com","http://www.register.com","PERFECT PRIVACY, LLC","","5335 Gate Parkway","Jacksonville","FL","32256","United States","5p0tpoptfkjeo9k9oopavt2nj4@domaindiscreet.com","+1.9027492701","","PERFECT PRIVACY, LLC","","5335 Gate Parkway","Jacksonville","FL","32256","United States","5p0tpoptfkjeo9k9oopavt2nj4@domaindiscreet.com","+1.9027492701","","PERFECT PRIVACY, LLC","","5335 Gate Parkway","Jacksonville","FL","32256","United States","5p0tpoptfkjeo9k9oopavt2nj4@domaindiscreet.com","+1.9027492701","","","","","","","","","","","","dns1.register.com","dns2.register.com","","","clientTransferProhibited","","",""
"6","auroranoche.com","2020-05-11 20:00:41","2020-05-08","2020-05-08","2021-05-08","9","register.com, Inc.","whois.register.com","http://www.register.com","Aurora S Noche","","2236 Mariner Square Drive Ste 100","Alameda","CA","94501-1071","United States","sfdomain@mysfdomain.com","+1.8778283131","","Aurora S Noche","","2236 Mariner Square Drive Ste 100","Alameda","CA","94501-1071","United States","sfdomain@mysfdomain.com","+1.8778283131","","Aurora S Noche","","2236 Mariner Square Drive Ste 100","Alameda","CA","94501-1071","United States","sfdomain@mysfdomain.com","+1.8778283131","","","","","","","","","","","","dns1.register.com","dns2.register.com","","","clientTransferProhibited","","",""
"7","bakatsudoca.com","2020-05-11 20:16:27","2020-05-09","2020-05-09","2021-05-09","9","register.com, Inc.","whois.register.com","http://www.register.com","PERFECT PRIVACY, LLC","","5335 Gate Parkway","Jacksonville","FL","32256","United States","79il0ljivoj4ob5jm6ttn541ha@domaindiscreet.com","+1.9027492701","","PERFECT PRIVACY, LLC","","5335 Gate Parkway","Jacksonville","FL","32256","United States","79il0ljivoj4ob5jm6ttn541ha@domaindiscreet.com","+1.9027492701","","PERFECT PRIVACY, LLC","","5335 Gate Parkway","Jacksonville","FL","32256","United States","79il0ljivoj4ob5jm6ttn541ha@domaindiscreet.com","+1.9027492701","","","","","","","","","","","","dns1.register.com","dns2.register.com","","","clientTransferProhibited","","",""
"8","bakatsudoim.com","2020-05-11 20:15:47","2020-05-09","2020-05-09","2021-05-09","9","register.com, Inc.","whois.register.com","http://www.register.com","PERFECT PRIVACY, LLC","","5335 Gate Parkway","Jacksonville","FL","32256","United States","cejdss64f8i9t8gael5g4e1i92@domaindiscreet.com","+1.9027492701","","PERFECT PRIVACY, LLC","","5335 Gate Parkway","Jacksonville","FL","32256","United States","cejdss64f8i9t8gael5g4e1i92@domaindiscreet.com","+1.9027492701","","PERFECT PRIVACY, LLC","","5335 Gate Parkway","Jacksonville","FL","32256","United States","cejdss64f8i9t8gael5g4e1i92@domaindiscreet.com","+1.9027492701","","","","","","","","","","","","dns1.register.com","dns2.register.com","","","clientTransferProhibited","","",""
"9","bakatsudojp.com","2020-05-11 20:16:24","2020-05-09","2020-05-09","2021-05-09","9","register.com, Inc.","whois.register.com","http://www.register.com","PERFECT PRIVACY, LLC","","5335 Gate Parkway","Jacksonville","FL","32256","United States","86q6ih5j40gs8bt8d8v01phns7@domaindiscreet.com","+1.9027492701","","PERFECT PRIVACY, LLC","","5335 Gate Parkway","Jacksonville","FL","32256","United States","86q6ih5j40gs8bt8d8v01phns7@domaindiscreet.com","+1.9027492701","","PERFECT PRIVACY, LLC","","5335 Gate Parkway","Jacksonville","FL","32256","United States","86q6ih5j40gs8bt8d8v01phns7@domaindiscreet.com","+1.9027492701","","","","","","","","","","","","dns1.register.com","dns2.register.com","","","clientTransferProhibited","","",""
"10","blissfully-buttered.com","2020-05-11 20:15:40","2020-05-09","2020-05-09","2021-05-09","9","register.com, Inc.","whois.register.com","http://www.register.com","PERFECT PRIVACY, LLC","","5335 Gate Parkway","Jacksonville","FL","32256","United States","9kg5jgkg6gh55a0hotup2hj4v6@domaindiscreet.com","+1.9027492701","","PERFECT PRIVACY, LLC","","5335 Gate Parkway","Jacksonville","FL","32256","United States","9kg5jgkg6gh55a0hotup2hj4v6@domaindiscreet.com","+1.9027492701","","PERFECT PRIVACY, LLC","","5335 Gate Parkway","Jacksonville","FL","32256","United States","9kg5jgkg6gh55a0hotup2hj4v6@domaindiscreet.com","+1.9027492701","","","","","","","","","","","","dns1.register.com","dns2.register.com","","","clientTransferProhibited","","",""
"11","blyedymond.com","2020-05-11 20:08:52","2020-05-09","2020-05-09","2021-05-09","9","register.com, Inc.","whois.register.com","http://www.register.com","PERFECT PRIVACY, LLC","","5335 Gate Parkway","Jacksonville","FL","32256","United States","1qhmjtkjschh7b9jbjh2bsb8n4@domaindiscreet.com","+1.9027492701","","PERFECT PRIVACY, LLC","","5335 Gate Parkway","Jacksonville","FL","32256","United States","1qhmjtkjschh7b9jbjh2bsb8n4@domaindiscreet.com","+1.9027492701","","PERFECT PRIVACY, LLC","","5335 Gate Parkway","Jacksonville","FL","32256","United States","1qhmjtkjschh7b9jbjh2bsb8n4@domaindiscreet.com","+1.9027492701","","","","","","","","","","","","dns1.register.com","dns2.register.com","","","clientTransferProhibited","","",""
"12","bmxatbjvbtaafdh.com","2020-05-11 19:55:26","2020-05-08","2020-05-08","2021-05-08","9","register.com, Inc.","whois.register.com","http://www.register.com","PERFECT PRIVACY, LLC","","5335 Gate Parkway","Jacksonville","FL","32256","United States","2j0g1lh7eaj7ub82jvooc07t6o@domaindiscreet.com","+1.9027492701","","PERFECT PRIVACY, LLC","","5335 Gate Parkway","Jacksonville","FL","32256","United States","2j0g1lh7eaj7ub82jvooc07t6o@domaindiscreet.com","+1.9027492701","","PERFECT PRIVACY, LLC","","5335 Gate Parkway","Jacksonville","FL","32256","United States","2j0g1lh7eaj7ub82jvooc07t6o@domaindiscreet.com","+1.9027492701","","","","","","","","","","","","dns1.register.com","dns2.register.com","","","clientTransferProhibited","","",""
"13","brandonthomascello.com","2020-05-11 19:55:35","2020-05-08","2020-05-08","2021-05-08","9","register.com, Inc.","whois.register.com","http://www.register.com","PERFECT PRIVACY, LLC","","5335 Gate Parkway","Jacksonville","FL","32256","United States","1t1asm7af6h6ebvunodgp4p6vr@domaindiscreet.com","+1.9027492701","","PERFECT PRIVACY, LLC","","5335 Gate Parkway","Jacksonville","FL","32256","United States","1t1asm7af6h6ebvunodgp4p6vr@domaindiscreet.com","+1.9027492701","","PERFECT PRIVACY, LLC","","5335 Gate Parkway","Jacksonville","FL","32256","United States","1t1asm7af6h6ebvunodgp4p6vr@domaindiscreet.com","+1.9027492701","","","","","","","","","","","","dns1.register.com","dns2.register.com","","","clientTransferProhibited","","",""
"14","captivateearthwaxatticpenaltyrotten.com","2020-05-11 19:55:28","2020-05-09","2020-05-09","2021-05-09","9","register.com, Inc.","whois.register.com","http://www.register.com","PERFECT PRIVACY, LLC","","5335 Gate Parkway","Jacksonville","FL","32256","United States","7bc1f6ce2eis7btufrcemgg6ta@domaindiscreet.com","+1.9027492701","","PERFECT PRIVACY, LLC","","5335 Gate Parkway","Jacksonville","FL","32256","United States","7bc1f6ce2eis7btufrcemgg6ta@domaindiscreet.com","+1.9027492701","","PERFECT PRIVACY, LLC","","5335 Gate Parkway","Jacksonville","FL","32256","United States","7bc1f6ce2eis7btufrcemgg6ta@domaindiscreet.com","+1.9027492701","","","","","","","","","","","","dns1.register.com","dns2.register.com","","","clientTransferProhibited","","",""
"15","colorfulaurabycb.com","2020-05-11 20:04:15","2020-05-08","2020-05-08","2021-05-08","9","register.com, Inc.","whois.register.com","http://www.register.com","PERFECT PRIVACY, LLC","","5335 Gate Parkway","Jacksonville","FL","32256","United States","52d32flknggmr94n7ha0ull95m@domaindiscreet.com","+1.9027492701","","PERFECT PRIVACY, LLC","","5335 Gate Parkway","Jacksonville","FL","32256","United States","52d32flknggmr94n7ha0ull95m@domaindiscreet.com","+1.9027492701","","PERFECT PRIVACY, LLC","","5335 Gate Parkway","Jacksonville","FL","32256","United States","52d32flknggmr94n7ha0ull95m@domaindiscreet.com","+1.9027492701","","","","","","","","","","","","dns1.register.com","dns2.register.com","","","clientTransferProhibited","","",""
"16","confessionmobilestrainepisodeglide.com","2020-05-11 19:55:15","2020-05-09","2020-05-09","2021-05-09","9","register.com, Inc.","whois.register.com","http://www.register.com","PERFECT PRIVACY, LLC","","5335 Gate Parkway","Jacksonville","FL","32256","United States","1nduq01dbii0587gu32ikv0u3l@domaindiscreet.com","+1.9027492701","","PERFECT PRIVACY, LLC","","5335 Gate Parkway","Jacksonville","FL","32256","United States","1nduq01dbii0587gu32ikv0u3l@domaindiscreet.com","+1.9027492701","","PERFECT PRIVACY, LLC","","5335 Gate Parkway","Jacksonville","FL","32256","United States","1nduq01dbii0587gu32ikv0u3l@domaindiscreet.com","+1.9027492701","","","","","","","","","","","","dns1.register.com","dns2.register.com","","","clientTransferProhibited","","",""
"17","cuamayifitness.com","2020-05-11 20:15:28","2020-05-09","2020-05-09","2021-05-09","9","register.com, Inc.","whois.register.com","http://www.register.com","PERFECT PRIVACY, LLC","","5335 Gate Parkway","Jacksonville","FL","32256","United States","dh4e6gkqh6g4h89b0us67lqamr@domaindiscreet.com","+1.9027492701","","PERFECT PRIVACY, LLC","","5335 Gate Parkway","Jacksonville","FL","32256","United States","dh4e6gkqh6g4h89b0us67lqamr@domaindiscreet.com","+1.9027492701","","PERFECT PRIVACY, LLC","","5335 Gate Parkway","Jacksonville","FL","32256","United States","dh4e6gkqh6g4h89b0us67lqamr@domaindiscreet.com","+1.9027492701","","","","","","","","","","","","dns1.register.com","dns2.register.com","","","clientTransferProhibited","","",""
"18","dazzlingdiadems.com","2020-05-11 19:56:57","2020-05-08","2020-05-08","2021-05-08","9","register.com, Inc.","whois.register.com","http://www.register.com","PERFECT PRIVACY, LLC","","5335 Gate Parkway","Jacksonville","FL","32256","United States","b8ijstbmpggm1b0n8k86rvu1bo@domaindiscreet.com","+1.9027492701","","PERFECT PRIVACY, LLC","","5335 Gate Parkway","Jacksonville","FL","32256","United States","b8ijstbmpggm1b0n8k86rvu1bo@domaindiscreet.com","+1.9027492701","","PERFECT PRIVACY, LLC","","5335 Gate Parkway","Jacksonville","FL","32256","United States","b8ijstbmpggm1b0n8k86rvu1bo@domaindiscreet.com","+1.9027492701","","","","","","","","","","","","dns1.register.com","dns2.register.com","","","clientTransferProhibited","","",""
"19","dietzinsurance.com","2020-05-11 20:14:01","2020-05-08","2020-05-08","2021-05-08","9","register.com, Inc.","whois.register.com","http://www.register.com","John Dietz","","15404 N 99th Avenue","Sun City","AZ","85351-1972","United States","sfdomain@mysfdomain.com","+1.8778283131","","John Dietz","","15404 N 99th Avenue","Sun City","AZ","85351-1972","United States","sfdomain@mysfdomain.com","+1.8778283131","","John Dietz","","15404 N 99th Avenue","Sun City","AZ","85351-1972","United States","sfdomain@mysfdomain.com","+1.8778283131","","","","","","","","","","","","dns1.register.com","dns2.register.com","","","clientTransferProhibited","","",""
"20","dominadairyandcreamery.com","2020-05-11 20:02:01","2020-05-08","2020-05-08","2021-05-08","9","register.com, Inc.","whois.register.com","http://www.register.com","PERFECT PRIVACY, LLC","","5335 Gate Parkway","Jacksonville","FL","32256","United States","1sk83jke4ai1mad2iteategbsu@domaindiscreet.com","+1.9027492701","","PERFECT PRIVACY, LLC","","5335 Gate Parkway","Jacksonville","FL","32256","United States","1sk83jke4ai1mad2iteategbsu@domaindiscreet.com","+1.9027492701","","PERFECT PRIVACY, LLC","","5335 Gate Parkway","Jacksonville","FL","32256","United States","1sk83jke4ai1mad2iteategbsu@domaindiscreet.com","+1.9027492701","","","","","","","","","","","","dns1.register.com","dns2.register.com","","","clientTransferProhibited","","",""
"21","doulapraktijk-aan-zee.com","2020-05-11 20:01:16","2020-05-08","2020-05-08","2021-05-08","9","register.com, Inc.","whois.register.com","http://www.register.com","Statutory Masking Enabled","Statutory Masking Enabled","Statutory Masking Enabled","Statutory Masking Enabled","","Statutory Masking Enabled","Belgium","abuse@web.com","Statutory Masking Enabled","Statutory Masking Enabled","Statutory Masking Enabled","Statutory Masking Enabled","Statutory Masking Enabled","Statutory Masking Enabled","Statutory Masking Enabled","Statutory Masking Enabled","Statutory Masking Enabled","abuse@web.com","Statutory Masking Enabled","Statutory Masking Enabled","Statutory Masking Enabled","Statutory Masking Enabled","Statutory Masking Enabled","Statutory Masking Enabled","Statutory Masking Enabled","Statutory Masking Enabled","Statutory Masking Enabled","abuse@web.com","Statutory Masking Enabled","Statutory Masking Enabled","","","","","","","","","","","dns1.register.com","dns2.register.com","","","clientTransferProhibited","","",""
"22","drinkglask.com","2020-05-11 20:04:07","2020-05-08","2020-05-08","2021-05-08","9","register.com, Inc.","whois.register.com","http://www.register.com","PERFECT PRIVACY, LLC","","5335 Gate Parkway","Jacksonville","FL","32256","United States","5gm7bjob5mh0a8h3tko9bpcvuc@domaindiscreet.com","+1.9027492701","","PERFECT PRIVACY, LLC","","5335 Gate Parkway","Jacksonville","FL","32256","United States","5gm7bjob5mh0a8h3tko9bpcvuc@domaindiscreet.com","+1.9027492701","","PERFECT PRIVACY, LLC","","5335 Gate Parkway","Jacksonville","FL","32256","United States","5gm7bjob5mh0a8h3tko9bpcvuc@domaindiscreet.com","+1.9027492701","","","","","","","","","","","","dns1.register.com","dns2.register.com","","","clientTransferProhibited","","",""
"23","fireflyvillagesiren.com","2020-05-11 20:14:36","2020-05-08","2020-05-08","2021-05-08","9","register.com, Inc.","whois.register.com","http://www.register.com","PERFECT PRIVACY, LLC","","5335 Gate Parkway","Jacksonville","FL","32256","United States","aibr9j36n8j7kb97foi0rms51q@domaindiscreet.com","+1.9027492701","","PERFECT PRIVACY, LLC","","5335 Gate Parkway","Jacksonville","FL","32256","United States","aibr9j36n8j7kb97foi0rms51q@domaindiscreet.com","+1.9027492701","","PERFECT PRIVACY, LLC","","5335 Gate Parkway","Jacksonville","FL","32256","United States","aibr9j36n8j7kb97foi0rms51q@domaindiscreet.com","+1.9027492701","","","","","","","","","","","","dns1.register.com","dns2.register.com","","","clientTransferProhibited","","",""
"24","flocimarisi9.com","2020-05-11 19:56:41","2020-05-09","2020-05-09","2021-05-09","9","register.com, Inc.","whois.register.com","http://www.register.com","PERFECT PRIVACY, LLC","","5335 Gate Parkway","Jacksonville","FL","32256","United States","avi1qejgrsgd58dsebpobqk559@domaindiscreet.com","+1.9027492701","","PERFECT PRIVACY, LLC","","5335 Gate Parkway","Jacksonville","FL","32256","United States","avi1qejgrsgd58dsebpobqk559@domaindiscreet.com","+1.9027492701","","PERFECT PRIVACY, LLC","","5335 Gate Parkway","Jacksonville","FL","32256","United States","avi1qejgrsgd58dsebpobqk559@domaindiscreet.com","+1.9027492701","","","","","","","","","","","","dns1.register.com","dns2.register.com","","","clientTransferProhibited","","",""
"25","foreclosuresforlenders.com","2020-05-11 20:00:26","2020-05-08","2020-05-08","2021-05-08","9","register.com, Inc.","whois.register.com","http://www.register.com","Website Support Department","Martindale LLC","121 Chanlon Road","New Providence","NJ","07974","United States","lhpdomains@martindale.com","+1.8005264902","+1.908665355","Website Support Department","Martindale LLC","121 Chanlon Road","New Providence","NJ","07974","United States","lhpdomains@martindale.com","+1.8005264902","+1.908665355","Website Support Department","Martindale LLC","121 Chanlon Road","New Providence","NJ","07974","United States","lhpdomains@martindale.com","+1.8005264902","+1.908665355","","","","","","","","","","","dns1.register.com","dns2.register.com","","","clientTransferProhibited","","",""
"26","friendsoflanihay.com","2020-05-11 20:03:58","2020-05-08","2020-05-08","2021-05-08","9","register.com, Inc.","whois.register.com","http://www.register.com","hay, lani","","14641 LEE HWY # D105","Centreville","VA","20121-5817","United States","lani.hay@lmt-inc.com","+1.5717662200","","hay, lani","","14641 LEE HWY # D105","Centreville","VA","20121-5817","United States","lani.hay@lmt-inc.com","+1.5717662200","","hay, lani","","14641 LEE HWY # D105","Centreville","VA","20121-5817","United States","lani.hay@lmt-inc.com","+1.5717662200","","","","","","","","","","","","dns105.register.com","dns106.register.com","","","clientTransferProhibited","","",""
"27","gilacohenarts.com","2020-05-11 20:03:34","2020-05-08","2020-05-08","2021-05-08","9","register.com, Inc.","whois.register.com","http://www.register.com","PERFECT PRIVACY, LLC","","5335 Gate Parkway","Jacksonville","FL","32256","United States","0d2p174ct0ju9a6l6lhnhgqkfd@domaindiscreet.com","+1.9027492701","","PERFECT PRIVACY, LLC","","5335 Gate Parkway","Jacksonville","FL","32256","United States","0d2p174ct0ju9a6l6lhnhgqkfd@domaindiscreet.com","+1.9027492701","","PERFECT PRIVACY, LLC","","5335 Gate Parkway","Jacksonville","FL","32256","United States","0d2p174ct0ju9a6l6lhnhgqkfd@domaindiscreet.com","+1.9027492701","","","","","","","","","","","","dns1.register.com","dns2.register.com","","","clientTransferProhibited","","",""
"28","glamboutiquebynejma.com","2020-05-11 20:03:47","2020-05-08","2020-05-08","2021-05-08","9","register.com, Inc.","whois.register.com","http://www.register.com","PERFECT PRIVACY, LLC","","5335 Gate Parkway","Jacksonville","FL","32256","United States","cn386igm8ijuhagmhcffbsjur1@domaindiscreet.com","+1.9027492701","","PERFECT PRIVACY, LLC","","5335 Gate Parkway","Jacksonville","FL","32256","United States","cn386igm8ijuhagmhcffbsjur1@domaindiscreet.com","+1.9027492701","","PERFECT PRIVACY, LLC","","5335 Gate Parkway","Jacksonville","FL","32256","United States","cn386igm8ijuhagmhcffbsjur1@domaindiscreet.com","+1.9027492701","","","","","","","","","","","","dns1.register.com","dns2.register.com","","","clientTransferProhibited","","",""
"29","healthfashionsports.com","2020-05-11 20:01:08","2020-05-08","2020-05-08","2021-05-08","9","register.com, Inc.","whois.register.com","http://www.register.com","PERFECT PRIVACY, LLC","","5335 Gate Parkway","Jacksonville","FL","32256","United States","162rpg1gvaj6aardoib2jm05c1@domaindiscreet.com","+1.9027492701","","PERFECT PRIVACY, LLC","","5335 Gate Parkway","Jacksonville","FL","32256","United States","162rpg1gvaj6aardoib2jm05c1@domaindiscreet.com","+1.9027492701","","PERFECT PRIVACY, LLC","","5335 Gate Parkway","Jacksonville","FL","32256","United States","162rpg1gvaj6aardoib2jm05c1@domaindiscreet.com","+1.9027492701","","","","","","","","","","","","dns1.register.com","dns2.register.com","","","clientTransferProhibited","","",""
"30","helenschenck.com","2020-05-11 20:02:15","2020-05-08","2020-05-08","2021-05-08","9","register.com, Inc.","whois.register.com","http://www.register.com","PERFECT PRIVACY, LLC","","5335 Gate Parkway","Jacksonville","FL","32256","United States","1elve5oi2gipubjgp1p9q2k3ku@domaindiscreet.com","+1.9027492701","","PERFECT PRIVACY, LLC","","5335 Gate Parkway","Jacksonville","FL","32256","United States","1elve5oi2gipubjgp1p9q2k3ku@domaindiscreet.com","+1.9027492701","","PERFECT PRIVACY, LLC","","5335 Gate Parkway","Jacksonville","FL","32256","United States","1elve5oi2gipubjgp1p9q2k3ku@domaindiscreet.com","+1.9027492701","","","","","","","","","","","","dns1.register.com","dns2.register.com","","","clientTransferProhibited","","",""
"31","hemexasd.com","2020-05-11 20:02:49","2020-05-08","2020-05-08","2021-05-08","9","register.com, Inc.","whois.register.com","http://www.register.com","PERFECT PRIVACY, LLC","","5335 Gate Parkway","Jacksonville","FL","32256","United States","9g1vcjnis0i4u8mupjh0qcvejo@domaindiscreet.com","+1.9027492701","","PERFECT PRIVACY, LLC","","5335 Gate Parkway","Jacksonville","FL","32256","United States","9g1vcjnis0i4u8mupjh0qcvejo@domaindiscreet.com","+1.9027492701","","PERFECT PRIVACY, LLC","","5335 Gate Parkway","Jacksonville","FL","32256","United States","9g1vcjnis0i4u8mupjh0qcvejo@domaindiscreet.com","+1.9027492701","","","","","","","","","","","","dns1.register.com","dns2.register.com","","","clientTransferProhibited","","",""
"32","her-lab.com","2020-05-11 20:03:59","2020-05-08","2020-05-08","2025-05-08","9","register.com, Inc.","whois.register.com","http://www.register.com","Kerri Hickenbottom","","2815 E 2nd St","Tucson","AZ","85716","United States","klh15@arizona.edu","+1.7758130213","","Kerri Hickenbottom","","2815 E 2nd St","Tucson","AZ","85716","United States","klh15@arizona.edu","+1.7758130213","","Kerri Hickenbottom","","2815 E 2nd St","Tucson","AZ","85716","United States","klh15@arizona.edu","+1.7758130213","","","","","","","","","","","","dns1.register.com","dns2.register.com","","","clientTransferProhibited","","",""
"33","houseofhollywoodglam.com","2020-05-11 20:17:27","2020-05-09","2020-05-09","2021-05-09","9","register.com, Inc.","whois.register.com","http://www.register.com","PERFECT PRIVACY, LLC","","5335 Gate Parkway","Jacksonville","FL","32256","United States","9lbrcjhb78g2s92uv0s34ro1bn@domaindiscreet.com","+1.9027492701","","PERFECT PRIVACY, LLC","","5335 Gate Parkway","Jacksonville","FL","32256","United States","9lbrcjhb78g2s92uv0s34ro1bn@domaindiscreet.com","+1.9027492701","","PERFECT PRIVACY, LLC","","5335 Gate Parkway","Jacksonville","FL","32256","United States","9lbrcjhb78g2s92uv0s34ro1bn@domaindiscreet.com","+1.9027492701","","","","","","","","","","","","dns1.register.com","dns2.register.com","","","clientTransferProhibited","","",""
"34","humblepieandmilkmoney.com","2020-05-11 20:14:18","2020-05-08","2020-05-08","2021-05-08","9","register.com, Inc.","whois.register.com","http://www.register.com","PERFECT PRIVACY, LLC","","5335 Gate Parkway","Jacksonville","FL","32256","United States","5rd3mgnaisg769jk70gifgnbh3@domaindiscreet.com","+1.9027492701","","PERFECT PRIVACY, LLC","","5335 Gate Parkway","Jacksonville","FL","32256","United States","5rd3mgnaisg769jk70gifgnbh3@domaindiscreet.com","+1.9027492701","","PERFECT PRIVACY, LLC","","5335 Gate Parkway","Jacksonville","FL","32256","United States","5rd3mgnaisg769jk70gifgnbh3@domaindiscreet.com","+1.9027492701","","","","","","","","","","","","dns1.register.com","dns2.register.com","","","clientTransferProhibited","","",""
"35","huyersdf.com","2020-05-11 20:02:53","2020-05-08","2020-05-08","2021-05-08","9","register.com, Inc.","whois.register.com","http://www.register.com","PERFECT PRIVACY, LLC","","5335 Gate Parkway","Jacksonville","FL","32256","United States","a4ofir119ih719m5qqqpkra1t5@domaindiscreet.com","+1.9027492701","","PERFECT PRIVACY, LLC","","5335 Gate Parkway","Jacksonville","FL","32256","United States","a4ofir119ih719m5qqqpkra1t5@domaindiscreet.com","+1.9027492701","","PERFECT PRIVACY, LLC","","5335 Gate Parkway","Jacksonville","FL","32256","United States","a4ofir119ih719m5qqqpkra1t5@domaindiscreet.com","+1.9027492701","","","","","","","","","","","","dns1.register.com","dns2.register.com","","","clientTransferProhibited","","",""
"36","iamdoriijinal.com","2020-05-11 20:02:18","2020-05-08","2020-05-08","2021-05-08","9","register.com, Inc.","whois.register.com","http://www.register.com","PERFECT PRIVACY, LLC","","5335 Gate Parkway","Jacksonville","FL","32256","United States","5tprtoib9ail39hjepagaabf7c@domaindiscreet.com","+1.9027492701","","PERFECT PRIVACY, LLC","","5335 Gate Parkway","Jacksonville","FL","32256","United States","5tprtoib9ail39hjepagaabf7c@domaindiscreet.com","+1.9027492701","","PERFECT PRIVACY, LLC","","5335 Gate Parkway","Jacksonville","FL","32256","United States","5tprtoib9ail39hjepagaabf7c@domaindiscreet.com","+1.9027492701","","","","","","","","","","","","dns1.register.com","dns2.register.com","","","clientTransferProhibited","","",""
"37","inipriceinvestments.com","2020-05-11 19:58:02","2020-05-08","2020-05-08","2021-05-08","9","register.com, Inc.","whois.register.com","http://www.register.com","PERFECT PRIVACY, LLC","","5335 Gate Parkway","Jacksonville","FL","32256","United States","67pnv4jb7ajs697j3qa7mra07j@domaindiscreet.com","+1.9027492701","","PERFECT PRIVACY, LLC","","5335 Gate Parkway","Jacksonville","FL","32256","United States","fdr5abg5hkgq39qv4p1ridsv9i@domaindiscreet.com","+1.9027492701","","PERFECT PRIVACY, LLC","","5335 Gate Parkway","Jacksonville","FL","32256","United States","3ksc7igrm2j5mb1d5q4ivn5iq5@domaindiscreet.com","+1.9027492701","","","","","","","","","","","","dns1.registeredsite.com","dns2.registeredsite.com","dns3.registeredsite.com","","clientTransferProhibited","","",""
"38","inmagnitudefeedadministrationsymbol.com","2020-05-11 19:55:43","2020-05-09","2020-05-09","2021-05-09","9","register.com, Inc.","whois.register.com","http://www.register.com","PERFECT PRIVACY, LLC","","5335 Gate Parkway","Jacksonville","FL","32256","United States","88tccdneokhpkbclb3930qtkuh@domaindiscreet.com","+1.9027492701","","PERFECT PRIVACY, LLC","","5335 Gate Parkway","Jacksonville","FL","32256","United States","88tccdneokhpkbclb3930qtkuh@domaindiscreet.com","+1.9027492701","","PERFECT PRIVACY, LLC","","5335 Gate Parkway","Jacksonville","FL","32256","United States","88tccdneokhpkbclb3930qtkuh@domaindiscreet.com","+1.9027492701","","","","","","","","","","","","dns1.register.com","dns2.register.com","","","clientTransferProhibited","","",""
"39","inventshit.com","2020-05-11 20:05:25","2020-05-09","2020-05-09","2021-05-09","9","register.com, Inc.","whois.register.com","http://www.register.com","PERFECT PRIVACY, LLC","","5335 Gate Parkway","Jacksonville","FL","32256","United States","1lvcgn0u9qhcg9hdipdm3qr1bp@domaindiscreet.com","+1.9027492701","","PERFECT PRIVACY, LLC","","5335 Gate Parkway","Jacksonville","FL","32256","United States","1lvcgn0u9qhcg9hdipdm3qr1bp@domaindiscreet.com","+1.9027492701","","PERFECT PRIVACY, LLC","","5335 Gate Parkway","Jacksonville","FL","32256","United States","1lvcgn0u9qhcg9hdipdm3qr1bp@domaindiscreet.com","+1.9027492701","","","","","","","","","","","","dns1.register.com","dns2.register.com","","","clientTransferProhibited","","",""
"40","iupdat2374.com","2020-05-11 20:00:46","2020-05-08","2020-05-08","2021-05-08","9","register.com, Inc.","whois.register.com","http://www.register.com","Statutory Masking Enabled","Statutory Masking Enabled","Statutory Masking Enabled","Statutory Masking Enabled","Not","Statutory Masking Enabled","United Kingdom","abuse@web.com","Statutory Masking Enabled","Statutory Masking Enabled","Statutory Masking Enabled","Statutory Masking Enabled","Statutory Masking Enabled","Statutory Masking Enabled","Statutory Masking Enabled","Statutory Masking Enabled","Statutory Masking Enabled","abuse@web.com","Statutory Masking Enabled","Statutory Masking Enabled","Statutory Masking Enabled","Statutory Masking Enabled","Statutory Masking Enabled","Statutory Masking Enabled","Statutory Masking Enabled","Statutory Masking Enabled","Statutory Masking Enabled","abuse@web.com","Statutory Masking Enabled","Statutory Masking Enabled","","","","","","","","","","","dns1.register.com","dns2.register.com","","","clientTransferProhibited","","",""
"41","jacobsbrookcampground.biz","2020-05-11 17:33:43","2020-05-06","2020-05-11","2021-05-06","9","register.com, Inc.","whois.register.com","http://www.register.com","","","","","FL","","United States","","","","","","","","","","","","","","","","","","","","","","","","","","","","","","","","","","dns1.registeredsite.com","dns2.registeredsite.com","dns3.registeredsite.com","","clientTransferProhibited","","",""
"42","jarsofclayhomer.com","2020-05-11 19:58:03","2020-05-08","2020-05-08","2025-05-08","9","register.com, Inc.","whois.register.com","http://www.register.com","PERFECT PRIVACY, LLC","","5335 Gate Parkway","Jacksonville","FL","32256","United States","6v4p2ejsjuing9ul302eqdfdpj@domaindiscreet.com","+1.9027492701","","PERFECT PRIVACY, LLC","","5335 Gate Parkway","Jacksonville","FL","32256","United States","6v4p2ejsjuing9ul302eqdfdpj@domaindiscreet.com","+1.9027492701","","PERFECT PRIVACY, LLC","","5335 Gate Parkway","Jacksonville","FL","32256","United States","6v4p2ejsjuing9ul302eqdfdpj@domaindiscreet.com","+1.9027492701","","","","","","","","","","","","dns1.register.com","dns2.register.com","","","clientTransferProhibited","","",""
"43","johnanthonyshairstudio.com","2020-05-11 19:58:15","2020-05-08","2020-05-08","2025-05-08","9","register.com, Inc.","whois.register.com","http://www.register.com","Slowson, Inc","Slowson, Inc","1102 1ST ST S APT A","JACKSONVILLE BEACH","FL","32250-6547","United States","kevinslowey@comcast.net","9043383363","","Slowson, Inc","Slowson, Inc","1102 1ST ST S APT A","JACKSONVILLE BEACH","FL","32250-6547","United States","kevinslowey@comcast.net","9043383363","","Slowson, Inc","Slowson, Inc","1102 1ST ST S APT A","JACKSONVILLE BEACH","FL","32250-6547","United States","kevinslowey@comcast.net","9043383363","","","","","","","","","","","","dns105.register.com","dns106.register.com","","","clientTransferProhibited","","",""
"44","juzzyblend.com","2020-05-11 20:01:21","2020-05-08","2020-05-08","2021-05-08","9","register.com, Inc.","whois.register.com","http://www.register.com","PERFECT PRIVACY, LLC","","5335 Gate Parkway","Jacksonville","FL","32256","United States","01kbffvuishmibm1r22afis4m7@domaindiscreet.com","+1.9027492701","","PERFECT PRIVACY, LLC","","5335 Gate Parkway","Jacksonville","FL","32256","United States","01kbffvuishmibm1r22afis4m7@domaindiscreet.com","+1.9027492701","","PERFECT PRIVACY, LLC","","5335 Gate Parkway","Jacksonville","FL","32256","United States","01kbffvuishmibm1r22afis4m7@domaindiscreet.com","+1.9027492701","","","","","","","","","","","","dns1.register.com","dns2.register.com","","","clientTransferProhibited","","",""
"45","karlwernerinc.com","2020-05-11 20:04:07","2020-05-08","2020-05-08","2021-05-08","9","register.com, Inc.","whois.register.com","http://www.register.com","PERFECT PRIVACY, LLC","","5335 Gate Parkway","Jacksonville","FL","32256","United States","e1dc0ndi9mg2784c07qaqsnpfs@domaindiscreet.com","+1.9027492701","","PERFECT PRIVACY, LLC","","5335 Gate Parkway","Jacksonville","FL","32256","United States","e1dc0ndi9mg2784c07qaqsnpfs@domaindiscreet.com","+1.9027492701","","PERFECT PRIVACY, LLC","","5335 Gate Parkway","Jacksonville","FL","32256","United States","e1dc0ndi9mg2784c07qaqsnpfs@domaindiscreet.com","+1.9027492701","","","","","","","","","","","","dns1.register.com","dns2.register.com","","","clientTransferProhibited","","",""
"46","keffiyehmasks.com","2020-05-11 20:02:38","2020-05-08","2020-05-08","2021-05-08","9","register.com, Inc.","whois.register.com","http://www.register.com","PERFECT PRIVACY, LLC","","5335 Gate Parkway","Jacksonville","FL","32256","United States","bq0g9nd7dmgsibl1v1ogr7im94@domaindiscreet.com","+1.9027492701","","PERFECT PRIVACY, LLC","","5335 Gate Parkway","Jacksonville","FL","32256","United States","bq0g9nd7dmgsibl1v1ogr7im94@domaindiscreet.com","+1.9027492701","","PERFECT PRIVACY, LLC","","5335 Gate Parkway","Jacksonville","FL","32256","United States","bq0g9nd7dmgsibl1v1ogr7im94@domaindiscreet.com","+1.9027492701","","","","","","","","","","","","dns1.register.com","dns2.register.com","","","clientTransferProhibited","","",""
"47","keishabeckles.com","2020-05-11 20:15:46","2020-05-09","2020-05-09","2021-05-09","9","register.com, Inc.","whois.register.com","http://www.register.com","PERFECT PRIVACY, LLC","","5335 Gate Parkway","Jacksonville","FL","32256","United States","0787pn43hoj0h96qa9pa5bftt5@domaindiscreet.com","+1.9027492701","","PERFECT PRIVACY, LLC","","5335 Gate Parkway","Jacksonville","FL","32256","United States","0787pn43hoj0h96qa9pa5bftt5@domaindiscreet.com","+1.9027492701","","PERFECT PRIVACY, LLC","","5335 Gate Parkway","Jacksonville","FL","32256","United States","0787pn43hoj0h96qa9pa5bftt5@domaindiscreet.com","+1.9027492701","","","","","","","","","","","","dns1.register.com","dns2.register.com","","","clientTransferProhibited","","",""
"48","kopxxx.com","2020-05-11 20:02:40","2020-05-08","2020-05-08","2021-05-08","9","register.com, Inc.","whois.register.com","http://www.register.com","PERFECT PRIVACY, LLC","","5335 Gate Parkway","Jacksonville","FL","32256","United States","6f7kab649ajbmbr222r4dgl9ts@domaindiscreet.com","+1.9027492701","","PERFECT PRIVACY, LLC","","5335 Gate Parkway","Jacksonville","FL","32256","United States","6f7kab649ajbmbr222r4dgl9ts@domaindiscreet.com","+1.9027492701","","PERFECT PRIVACY, LLC","","5335 Gate Parkway","Jacksonville","FL","32256","United States","6f7kab649ajbmbr222r4dgl9ts@domaindiscreet.com","+1.9027492701","","","","","","","","","","","","dns1.register.com","dns2.register.com","","","clientTransferProhibited","","",""
"49","lancoplumbinginctx.com","2020-05-11 19:55:56","2020-05-08","2020-05-08","2021-05-08","9","register.com, Inc.","whois.register.com","http://www.register.com","Beke Acomb","LocalEdge","61 John Muir Dr","Buffalo","NY","14228","United States","sysadmin@localedge.com","+1.8668729327","","Beke Acomb","LocalEdge","61 John Muir Dr","Buffalo","NY","14228","United States","sysadmin@localedge.com","+1.8668729327","","Beke Acomb","White Directory Publishers","1945 Sheridan Drive","Buffalo","NY","14223","United States","sysadmin@localedge.com","+1.8668729327","+1.7168744585","","","","","","","","","","","ns1.white-directory.com","ns2.white-directory.com","","","clientTransferProhibited","","",""
"50","lani-hay.com","2020-05-11 20:03:57","2020-05-08","2020-05-08","2021-05-08","9","register.com, Inc.","whois.register.com","http://www.register.com","hay, lani","","14641 LEE HWY # D105","Centreville","VA","20121-5817","United States","lani.hay@lmt-inc.com","+1.5717662200","","hay, lani","","14641 LEE HWY # D105","Centreville","VA","20121-5817","United States","lani.hay@lmt-inc.com","+1.5717662200","","hay, lani","","14641 LEE HWY # D105","Centreville","VA","20121-5817","United States","lani.hay@lmt-inc.com","+1.5717662200","","","","","","","","","","","","dns105.register.com","dns106.register.com","","","clientTransferProhibited","","",""
"51","lawforalltt.com","2020-05-11 19:59:48","2020-05-08","2020-05-08","2021-05-08","9","register.com, Inc.","whois.register.com","http://www.register.com","PERFECT PRIVACY, LLC","","5335 Gate Parkway","Jacksonville","FL","32256","United States","5p4v9nhpuegp38pncnpfaagu9o@domaindiscreet.com","+1.9027492701","","PERFECT PRIVACY, LLC","","5335 Gate Parkway","Jacksonville","FL","32256","United States","5p4v9nhpuegp38pncnpfaagu9o@domaindiscreet.com","+1.9027492701","","PERFECT PRIVACY, LLC","","5335 Gate Parkway","Jacksonville","FL","32256","United States","5p4v9nhpuegp38pncnpfaagu9o@domaindiscreet.com","+1.9027492701","","","","","","","","","","","","dns1.register.com","dns2.register.com","","","clientTransferProhibited","","",""
"52","lexroseco.com","2020-05-11 20:01:08","2020-05-08","2020-05-08","2021-05-08","9","register.com, Inc.","whois.register.com","http://www.register.com","PERFECT PRIVACY, LLC","","5335 Gate Parkway","Jacksonville","FL","32256","United States","c3nadegi46grobq6ind32rquo2@domaindiscreet.com","+1.9027492701","","PERFECT PRIVACY, LLC","","5335 Gate Parkway","Jacksonville","FL","32256","United States","c3nadegi46grobq6ind32rquo2@domaindiscreet.com","+1.9027492701","","PERFECT PRIVACY, LLC","","5335 Gate Parkway","Jacksonville","FL","32256","United States","c3nadegi46grobq6ind32rquo2@domaindiscreet.com","+1.9027492701","","","","","","","","","","","","dns1.register.com","dns2.register.com","","","clientTransferProhibited","","",""
"53","manescrunch.com","2020-05-11 20:15:55","2020-05-09","2020-05-09","2021-05-09","9","register.com, Inc.","whois.register.com","http://www.register.com","PERFECT PRIVACY, LLC","","5335 Gate Parkway","Jacksonville","FL","32256","United States","4jaoe99sg4h1p8u8c9uhma7i0q@domaindiscreet.com","+1.9027492701","","PERFECT PRIVACY, LLC","","5335 Gate Parkway","Jacksonville","FL","32256","United States","4jaoe99sg4h1p8u8c9uhma7i0q@domaindiscreet.com","+1.9027492701","","PERFECT PRIVACY, LLC","","5335 Gate Parkway","Jacksonville","FL","32256","United States","4jaoe99sg4h1p8u8c9uhma7i0q@domaindiscreet.com","+1.9027492701","","","","","","","","","","","","dns1.register.com","dns2.register.com","","","clientTransferProhibited","","",""
"54","meetinglibrarystaging.com","2020-05-11 20:00:44","2020-05-08","2020-05-08","2021-05-08","9","register.com, Inc.","whois.register.com","http://www.register.com","PERFECT PRIVACY, LLC","","5335 Gate Parkway","Jacksonville","FL","32256","United States","2ou513ue60iek9utftu4nfsldr@domaindiscreet.com","+1.9027492701","","PERFECT PRIVACY, LLC","","5335 Gate Parkway","Jacksonville","FL","32256","United States","2ou513ue60iek9utftu4nfsldr@domaindiscreet.com","+1.9027492701","","PERFECT PRIVACY, LLC","","5335 Gate Parkway","Jacksonville","FL","32256","United States","2ou513ue60iek9utftu4nfsldr@domaindiscreet.com","+1.9027492701","","","","","","","","","","","","dns1.register.com","dns2.register.com","","","clientTransferProhibited","","",""
"55","microgermdefensect.com","2020-05-11 20:01:08","2020-05-08","2020-05-08","2021-05-08","9","register.com, Inc.","whois.register.com","http://www.register.com","PERFECT PRIVACY, LLC","","5335 Gate Parkway","Jacksonville","FL","32256","United States","2lma98j3d8hqpb5oppgdt18qd6@domaindiscreet.com","+1.9027492701","","PERFECT PRIVACY, LLC","","5335 Gate Parkway","Jacksonville","FL","32256","United States","2lma98j3d8hqpb5oppgdt18qd6@domaindiscreet.com","+1.9027492701","","PERFECT PRIVACY, LLC","","5335 Gate Parkway","Jacksonville","FL","32256","United States","2lma98j3d8hqpb5oppgdt18qd6@domaindiscreet.com","+1.9027492701","","","","","","","","","","","","dns1.register.com","dns2.register.com","","","clientTransferProhibited","","",""
"56","microgermdefensepa.com","2020-05-11 20:00:52","2020-05-08","2020-05-08","2021-05-08","9","register.com, Inc.","whois.register.com","http://www.register.com","PERFECT PRIVACY, LLC","","5335 Gate Parkway","Jacksonville","FL","32256","United States","3fgd0hf54ii6lbg20h95otnvi3@domaindiscreet.com","+1.9027492701","","PERFECT PRIVACY, LLC","","5335 Gate Parkway","Jacksonville","FL","32256","United States","3fgd0hf54ii6lbg20h95otnvi3@domaindiscreet.com","+1.9027492701","","PERFECT PRIVACY, LLC","","5335 Gate Parkway","Jacksonville","FL","32256","United States","3fgd0hf54ii6lbg20h95otnvi3@domaindiscreet.com","+1.9027492701","","","","","","","","","","","","dns1.register.com","dns2.register.com","","","clientTransferProhibited","","",""
"57","mysppidersdream.com","2020-05-11 19:55:22","2020-05-09","2020-05-09","2021-05-09","9","register.com, Inc.","whois.register.com","http://www.register.com","PERFECT PRIVACY, LLC","","5335 Gate Parkway","Jacksonville","FL","32256","United States","cvkog7empsg2d9o5tivgo3g30j@domaindiscreet.com","+1.9027492701","","PERFECT PRIVACY, LLC","","5335 Gate Parkway","Jacksonville","FL","32256","United States","cvkog7empsg2d9o5tivgo3g30j@domaindiscreet.com","+1.9027492701","","PERFECT PRIVACY, LLC","","5335 Gate Parkway","Jacksonville","FL","32256","United States","cvkog7empsg2d9o5tivgo3g30j@domaindiscreet.com","+1.9027492701","","","","","","","","","","","","dns1.register.com","dns2.register.com","","","clientTransferProhibited","","",""
"58","netflixsubsupdate.com","2020-05-11 19:57:50","2020-05-08","2020-05-08","2021-05-08","9","register.com, Inc.","whois.register.com","http://www.register.com","PERFECT PRIVACY, LLC","","5335 Gate Parkway","Jacksonville","FL","32256","United States","21le6treuugmc8k5bimbaq7f5m@domaindiscreet.com","+1.9027492701","","PERFECT PRIVACY, LLC","","5335 Gate Parkway","Jacksonville","FL","32256","United States","21le6treuugmc8k5bimbaq7f5m@domaindiscreet.com","+1.9027492701","","PERFECT PRIVACY, LLC","","5335 Gate Parkway","Jacksonville","FL","32256","United States","21le6treuugmc8k5bimbaq7f5m@domaindiscreet.com","+1.9027492701","","","","","","","","","","","","dns1.register.com","dns2.register.com","","","clientTransferProhibited","","",""
"59","nichenichenewyork.com","2020-05-11 19:55:49","2020-05-08","2020-05-08","2021-05-08","9","register.com, Inc.","whois.register.com","http://www.register.com","PERFECT PRIVACY, LLC","","5335 Gate Parkway","Jacksonville","FL","32256","United States","7ec8rej03oh4eb10990dqcbj8n@domaindiscreet.com","+1.9027492701","","PERFECT PRIVACY, LLC","","5335 Gate Parkway","Jacksonville","FL","32256","United States","7ec8rej03oh4eb10990dqcbj8n@domaindiscreet.com","+1.9027492701","","PERFECT PRIVACY, LLC","","5335 Gate Parkway","Jacksonville","FL","32256","United States","7ec8rej03oh4eb10990dqcbj8n@domaindiscreet.com","+1.9027492701","","","","","","","","","","","","dns1.register.com","dns2.register.com","","","clientTransferProhibited","","",""
"60","olivero-multiservices.com","2020-05-11 20:02:33","2020-05-08","2020-05-08","2021-05-08","9","register.com, Inc.","whois.register.com","http://www.register.com","PERFECT PRIVACY, LLC","","5335 Gate Parkway","Jacksonville","FL","32256","United States","f2h6pkvvvshfrb4usvtoe4sfv0@domaindiscreet.com","+1.9027492701","","PERFECT PRIVACY, LLC","","5335 Gate Parkway","Jacksonville","FL","32256","United States","f2h6pkvvvshfrb4usvtoe4sfv0@domaindiscreet.com","+1.9027492701","","PERFECT PRIVACY, LLC","","5335 Gate Parkway","Jacksonville","FL","32256","United States","f2h6pkvvvshfrb4usvtoe4sfv0@domaindiscreet.com","+1.9027492701","","","","","","","","","","","","dns1.register.com","dns2.register.com","","","clientTransferProhibited","","",""
"61","openforbusinesswa.com","2020-05-11 20:02:08","2020-05-08","2020-05-08","2021-05-08","9","register.com, Inc.","whois.register.com","http://www.register.com","PERFECT PRIVACY, LLC","","5335 Gate Parkway","Jacksonville","FL","32256","United States","bm6jsgs1hijddafarmdf5fd7t9@domaindiscreet.com","+1.9027492701","","PERFECT PRIVACY, LLC","","5335 Gate Parkway","Jacksonville","FL","32256","United States","bm6jsgs1hijddafarmdf5fd7t9@domaindiscreet.com","+1.9027492701","","PERFECT PRIVACY, LLC","","5335 Gate Parkway","Jacksonville","FL","32256","United States","bm6jsgs1hijddafarmdf5fd7t9@domaindiscreet.com","+1.9027492701","","","","","","","","","","","","dns1.register.com","dns2.register.com","","","clientTransferProhibited","","",""
"62","ordinaryclimbattractiondoubleappoint.com","2020-05-11 19:55:38","2020-05-09","2020-05-09","2021-05-09","9","register.com, Inc.","whois.register.com","http://www.register.com","PERFECT PRIVACY, LLC","","5335 Gate Parkway","Jacksonville","FL","32256","United States","bpnn3jj4tejur8r7sgf6cvbhvg@domaindiscreet.com","+1.9027492701","","PERFECT PRIVACY, LLC","","5335 Gate Parkway","Jacksonville","FL","32256","United States","bpnn3jj4tejur8r7sgf6cvbhvg@domaindiscreet.com","+1.9027492701","","PERFECT PRIVACY, LLC","","5335 Gate Parkway","Jacksonville","FL","32256","United States","bpnn3jj4tejur8r7sgf6cvbhvg@domaindiscreet.com","+1.9027492701","","","","","","","","","","","","dns1.register.com","dns2.register.com","","","clientTransferProhibited","","",""
"63","oroscohvac.com","2020-05-11 20:15:32","2020-05-09","2020-05-09","2021-05-09","9","register.com, Inc.","whois.register.com","http://www.register.com","PERFECT PRIVACY, LLC","","5335 Gate Parkway","Jacksonville","FL","32256","United States","731n50iovmh8ka075i5e5n7r23@domaindiscreet.com","+1.9027492701","","PERFECT PRIVACY, LLC","","5335 Gate Parkway","Jacksonville","FL","32256","United States","731n50iovmh8ka075i5e5n7r23@domaindiscreet.com","+1.9027492701","","PERFECT PRIVACY, LLC","","5335 Gate Parkway","Jacksonville","FL","32256","United States","731n50iovmh8ka075i5e5n7r23@domaindiscreet.com","+1.9027492701","","","","","","","","","","","","dns1.register.com","dns2.register.com","","","clientTransferProhibited","","",""
"64","orrforfallenpatriots.com","2020-05-11 20:15:55","2020-05-09","2020-05-09","2021-05-09","9","register.com, Inc.","whois.register.com","http://www.register.com","PERFECT PRIVACY, LLC","","5335 Gate Parkway","Jacksonville","FL","32256","United States","13236hm024iob9lcuep05827ka@domaindiscreet.com","+1.9027492701","","PERFECT PRIVACY, LLC","","5335 Gate Parkway","Jacksonville","FL","32256","United States","13236hm024iob9lcuep05827ka@domaindiscreet.com","+1.9027492701","","PERFECT PRIVACY, LLC","","5335 Gate Parkway","Jacksonville","FL","32256","United States","13236hm024iob9lcuep05827ka@domaindiscreet.com","+1.9027492701","","","","","","","","","","","","dns1.register.com","dns2.register.com","","","clientTransferProhibited","","",""
"65","oscarchong.com","2020-05-11 20:02:32","2020-05-08","2020-05-08","2021-05-08","9","register.com, Inc.","whois.register.com","http://www.register.com","PERFECT PRIVACY, LLC","","5335 Gate Parkway","Jacksonville","FL","32256","United States","1fn1icsb8gicla07vvngsunpk2@domaindiscreet.com","+1.9027492701","","PERFECT PRIVACY, LLC","","5335 Gate Parkway","Jacksonville","FL","32256","United States","1fn1icsb8gicla07vvngsunpk2@domaindiscreet.com","+1.9027492701","","PERFECT PRIVACY, LLC","","5335 Gate Parkway","Jacksonville","FL","32256","United States","1fn1icsb8gicla07vvngsunpk2@domaindiscreet.com","+1.9027492701","","","","","","","","","","","","dns1.register.com","dns2.register.com","","","clientTransferProhibited","","",""
"66","owningeverymoment.com","2020-05-11 20:16:19","2020-05-09","2020-05-09","2021-05-09","9","register.com, Inc.","whois.register.com","http://www.register.com","PERFECT PRIVACY, LLC","","5335 Gate Parkway","Jacksonville","FL","32256","United States","36hfjh23pei37al2kefdgl0n7g@domaindiscreet.com","+1.9027492701","","PERFECT PRIVACY, LLC","","5335 Gate Parkway","Jacksonville","FL","32256","United States","36hfjh23pei37al2kefdgl0n7g@domaindiscreet.com","+1.9027492701","","PERFECT PRIVACY, LLC","","5335 Gate Parkway","Jacksonville","FL","32256","United States","36hfjh23pei37al2kefdgl0n7g@domaindiscreet.com","+1.9027492701","","","","","","","","","","","","dns1.register.com","dns2.register.com","","","clientTransferProhibited","","",""
"67","papawithash.com","2020-05-11 20:14:32","2020-05-08","2020-05-08","2021-05-08","9","register.com, Inc.","whois.register.com","http://www.register.com","PERFECT PRIVACY, LLC","","5335 Gate Parkway","Jacksonville","FL","32256","United States","8b7rg4mvp0iolakuprrqahajst@domaindiscreet.com","+1.9027492701","","PERFECT PRIVACY, LLC","","5335 Gate Parkway","Jacksonville","FL","32256","United States","8b7rg4mvp0iolakuprrqahajst@domaindiscreet.com","+1.9027492701","","PERFECT PRIVACY, LLC","","5335 Gate Parkway","Jacksonville","FL","32256","United States","8b7rg4mvp0iolakuprrqahajst@domaindiscreet.com","+1.9027492701","","","","","","","","","","","","dns1.register.com","dns2.register.com","","","clientTransferProhibited","","",""
"68","ponlinemarket.com","2020-05-11 20:02:21","2020-05-08","2020-05-08","2021-05-08","9","register.com, Inc.","whois.register.com","http://www.register.com","PERFECT PRIVACY, LLC","","5335 Gate Parkway","Jacksonville","FL","32256","United States","12f7f1t7ooitsb1v71purlvvhj@domaindiscreet.com","+1.9027492701","","PERFECT PRIVACY, LLC","","5335 Gate Parkway","Jacksonville","FL","32256","United States","12f7f1t7ooitsb1v71purlvvhj@domaindiscreet.com","+1.9027492701","","PERFECT PRIVACY, LLC","","5335 Gate Parkway","Jacksonville","FL","32256","United States","12f7f1t7ooitsb1v71purlvvhj@domaindiscreet.com","+1.9027492701","","","","","","","","","","","","dns1.register.com","dns2.register.com","","","clientTransferProhibited","","",""
"69","precisingoncology.com","2020-05-11 20:08:57","2020-05-09","2020-05-09","2021-05-09","9","register.com, Inc.","whois.register.com","http://www.register.com","Clark-Swanson, Kamala","","5141 N 35th St","Phoenix","AZ","85018","United States","kamalaclark@gmail.com","2066602841","","Clark-Swanson, Kamala","","5141 N 35th St","Phoenix","AZ","85018","United States","kamalaclark@gmail.com","2066602841","","Clark-Swanson, Kamala","","5141 N 35th St","Phoenix","AZ","85018","United States","kamalaclark@gmail.com","2066602841","","","","","","","","","","","","dns105.register.com","dns106.register.com","","","clientTransferProhibited","","",""
"70","realbudbros.com","2020-05-11 20:03:36","2020-05-08","2020-05-08","2021-05-08","9","register.com, Inc.","whois.register.com","http://www.register.com","PERFECT PRIVACY, LLC","","5335 Gate Parkway","Jacksonville","FL","32256","United States","92go144oa8jj78jcie4ciiigtp@domaindiscreet.com","+1.9027492701","","PERFECT PRIVACY, LLC","","5335 Gate Parkway","Jacksonville","FL","32256","United States","92go144oa8jj78jcie4ciiigtp@domaindiscreet.com","+1.9027492701","","PERFECT PRIVACY, LLC","","5335 Gate Parkway","Jacksonville","FL","32256","United States","92go144oa8jj78jcie4ciiigtp@domaindiscreet.com","+1.9027492701","","","","","","","","","","","","dns1.register.com","dns2.register.com","","","clientTransferProhibited","","",""
"71","reasonablefrozenapparatuscivilizationpersonal.com","2020-05-11 19:55:24","2020-05-09","2020-05-09","2021-05-09","9","register.com, Inc.","whois.register.com","http://www.register.com","PERFECT PRIVACY, LLC","","5335 Gate Parkway","Jacksonville","FL","32256","United States","7k286pt1noj908ff9gl9n13a95@domaindiscreet.com","+1.9027492701","","PERFECT PRIVACY, LLC","","5335 Gate Parkway","Jacksonville","FL","32256","United States","7k286pt1noj908ff9gl9n13a95@domaindiscreet.com","+1.9027492701","","PERFECT PRIVACY, LLC","","5335 Gate Parkway","Jacksonville","FL","32256","United States","7k286pt1noj908ff9gl9n13a95@domaindiscreet.com","+1.9027492701","","","","","","","","","","","","dns1.register.com","dns2.register.com","","","clientTransferProhibited","","",""
"72","roosablom.com","2020-05-11 20:16:20","2020-05-09","2020-05-09","2021-05-09","9","register.com, Inc.","whois.register.com","http://www.register.com","Statutory Masking Enabled","Statutory Masking Enabled","Statutory Masking Enabled","Statutory Masking Enabled","","Statutory Masking Enabled","Finland","abuse@web.com","Statutory Masking Enabled","Statutory Masking Enabled","Statutory Masking Enabled","Statutory Masking Enabled","Statutory Masking Enabled","Statutory Masking Enabled","Statutory Masking Enabled","Statutory Masking Enabled","Statutory Masking Enabled","abuse@web.com","Statutory Masking Enabled","Statutory Masking Enabled","Statutory Masking Enabled","Statutory Masking Enabled","Statutory Masking Enabled","Statutory Masking Enabled","Statutory Masking Enabled","Statutory Masking Enabled","Statutory Masking Enabled","abuse@web.com","Statutory Masking Enabled","Statutory Masking Enabled","","","","","","","","","","","dns1.register.com","dns2.register.com","","","clientTransferProhibited","","",""
"73","rrginvestmentgroup.com","2020-05-11 20:05:07","2020-05-09","2020-05-09","2021-05-09","9","register.com, Inc.","whois.register.com","http://www.register.com","PERFECT PRIVACY, LLC","","5335 Gate Parkway","Jacksonville","FL","32256","United States","1eev0oosk6htl9k19beb04230o@domaindiscreet.com","+1.9027492701","","PERFECT PRIVACY, LLC","","5335 Gate Parkway","Jacksonville","FL","32256","United States","1eev0oosk6htl9k19beb04230o@domaindiscreet.com","+1.9027492701","","PERFECT PRIVACY, LLC","","5335 Gate Parkway","Jacksonville","FL","32256","United States","1eev0oosk6htl9k19beb04230o@domaindiscreet.com","+1.9027492701","","","","","","","","","","","","dns1.registeredsite.com","dns2.registeredsite.com","dns3.registeredsite.com","","clientTransferProhibited","","",""
"74","seminarbreakfastcontractionbehavesymbol.com","2020-05-11 19:55:44","2020-05-09","2020-05-09","2021-05-09","9","register.com, Inc.","whois.register.com","http://www.register.com","PERFECT PRIVACY, LLC","","5335 Gate Parkway","Jacksonville","FL","32256","United States","9330arm24oj0o9fqhu9dpr9n14@domaindiscreet.com","+1.9027492701","","PERFECT PRIVACY, LLC","","5335 Gate Parkway","Jacksonville","FL","32256","United States","9330arm24oj0o9fqhu9dpr9n14@domaindiscreet.com","+1.9027492701","","PERFECT PRIVACY, LLC","","5335 Gate Parkway","Jacksonville","FL","32256","United States","9330arm24oj0o9fqhu9dpr9n14@domaindiscreet.com","+1.9027492701","","","","","","","","","","","","dns1.register.com","dns2.register.com","","","clientTransferProhibited","","",""
"75","sewingwithsugar.com","2020-05-11 20:03:44","2020-05-08","2020-05-08","2021-05-08","9","register.com, Inc.","whois.register.com","http://www.register.com","PERFECT PRIVACY, LLC","","5335 Gate Parkway","Jacksonville","FL","32256","United States","0anaukbedihrpalp4q6qp8e177@domaindiscreet.com","+1.9027492701","","PERFECT PRIVACY, LLC","","5335 Gate Parkway","Jacksonville","FL","32256","United States","0anaukbedihrpalp4q6qp8e177@domaindiscreet.com","+1.9027492701","","PERFECT PRIVACY, LLC","","5335 Gate Parkway","Jacksonville","FL","32256","United States","0anaukbedihrpalp4q6qp8e177@domaindiscreet.com","+1.9027492701","","","","","","","","","","","","dns1.register.com","dns2.register.com","","","clientTransferProhibited","","",""
"76","shopflawlesstacoma.com","2020-05-11 20:05:24","2020-05-09","2020-05-09","2022-05-09","9","register.com, Inc.","whois.register.com","http://www.register.com","PERFECT PRIVACY, LLC","","5335 Gate Parkway","Jacksonville","FL","32256","United States","66rjahichgihkagsega67dacvp@domaindiscreet.com","+1.9027492701","","PERFECT PRIVACY, LLC","","5335 Gate Parkway","Jacksonville","FL","32256","United States","66rjahichgihkagsega67dacvp@domaindiscreet.com","+1.9027492701","","PERFECT PRIVACY, LLC","","5335 Gate Parkway","Jacksonville","FL","32256","United States","66rjahichgihkagsega67dacvp@domaindiscreet.com","+1.9027492701","","","","","","","","","","","","dns1.register.com","dns2.register.com","","","clientTransferProhibited","","",""
"77","simplycreativekidsyoga.com","2020-05-11 20:08:46","2020-05-09","2020-05-09","2021-05-09","9","register.com, Inc.","whois.register.com","http://www.register.com","PERFECT PRIVACY, LLC","","5335 Gate Parkway","Jacksonville","FL","32256","United States","5ou7utjoiqhr9bdmhcsljiij47@domaindiscreet.com","+1.9027492701","","PERFECT PRIVACY, LLC","","5335 Gate Parkway","Jacksonville","FL","32256","United States","5ou7utjoiqhr9bdmhcsljiij47@domaindiscreet.com","+1.9027492701","","PERFECT PRIVACY, LLC","","5335 Gate Parkway","Jacksonville","FL","32256","United States","5ou7utjoiqhr9bdmhcsljiij47@domaindiscreet.com","+1.9027492701","","","","","","","","","","","","dns1.register.com","dns2.register.com","","","clientTransferProhibited","","",""
"78","spin-automation.com","2020-05-11 20:04:18","2020-05-08","2020-05-08","2021-05-08","9","register.com, Inc.","whois.register.com","http://www.register.com","PERFECT PRIVACY, LLC","","5335 Gate Parkway","Jacksonville","FL","32256","United States","f6g5he7j4cj049mr6trfvvg42e@domaindiscreet.com","+1.9027492701","","PERFECT PRIVACY, LLC","","5335 Gate Parkway","Jacksonville","FL","32256","United States","f6g5he7j4cj049mr6trfvvg42e@domaindiscreet.com","+1.9027492701","","PERFECT PRIVACY, LLC","","5335 Gate Parkway","Jacksonville","FL","32256","United States","f6g5he7j4cj049mr6trfvvg42e@domaindiscreet.com","+1.9027492701","","","","","","","","","","","","dns1.register.com","dns2.register.com","","","clientTransferProhibited","","",""
"79","stordahlshandymanservices.com","2020-05-11 20:02:25","2020-05-08","2020-05-08","2021-05-08","9","register.com, Inc.","whois.register.com","http://www.register.com","PERFECT PRIVACY, LLC","","5335 Gate Parkway","Jacksonville","FL","32256","United States","06qhm684rqim69m63c3hnvbuom@domaindiscreet.com","+1.9027492701","","PERFECT PRIVACY, LLC","","5335 Gate Parkway","Jacksonville","FL","32256","United States","06qhm684rqim69m63c3hnvbuom@domaindiscreet.com","+1.9027492701","","PERFECT PRIVACY, LLC","","5335 Gate Parkway","Jacksonville","FL","32256","United States","06qhm684rqim69m63c3hnvbuom@domaindiscreet.com","+1.9027492701","","","","","","","","","","","","dns1.register.com","dns2.register.com","","","clientTransferProhibited","","",""
"80","summerfun2020.com","2020-05-11 20:09:52","2020-05-09","2020-05-09","2021-05-09","9","register.com, Inc.","whois.register.com","http://www.register.com","PERFECT PRIVACY, LLC","","5335 Gate Parkway","Jacksonville","FL","32256","United States","dr0ajn5ohagtk9td5o235h16dl@domaindiscreet.com","+1.9027492701","","PERFECT PRIVACY, LLC","","5335 Gate Parkway","Jacksonville","FL","32256","United States","dr0ajn5ohagtk9td5o235h16dl@domaindiscreet.com","+1.9027492701","","PERFECT PRIVACY, LLC","","5335 Gate Parkway","Jacksonville","FL","32256","United States","dr0ajn5ohagtk9td5o235h16dl@domaindiscreet.com","+1.9027492701","","","","","","","","","","","","dns1.register.com","dns2.register.com","","","clientTransferProhibited","","",""
"81","suopinionvale.pro","2020-05-11 06:22:04","2020-05-09","2020-05-09","2021-05-09","9","register.com, Inc.","whois.register.com","http://www.register.com","360 LOYALTY","360 LOYALTY","","","Buenos Aires","","Argentina","","","","","","","","","","","","","","","","","","","","","","","","","","","","","","","","","","dns105.register.com","dns106.register.com","","","addPeriod","clientTransferProhibited","serverTransferProhibited",""
"82","tinaholliday.com","2020-05-11 20:02:09","2020-05-08","2020-05-08","2021-05-08","9","register.com, Inc.","whois.register.com","http://www.register.com","Sites LLC Support","Sites LLC","3010 Highland Parkway Suite 200","Downers Grove","IL","60515","United States","domains@therapysites.com","+1.8665972674","","Sites LLC Support","Sites LLC","3010 Highland Parkway Suite 200","Downers Grove","IL","60515","United States","domains@therapysites.com","+1.8665972674","","Sites LLC Support","Sites LLC","3010 Highland Parkway Suite 200","Downers Grove","IL","60515","United States","domains@therapysites.com","+1.8665972674","","","","","","","","","","","","lola.ns.cloudflare.com","skip.ns.cloudflare.com","","","clientTransferProhibited","","",""
"83","topchoicemask.com","2020-05-11 20:16:02","2020-05-09","2020-05-09","2021-05-09","9","register.com, Inc.","whois.register.com","http://www.register.com","PERFECT PRIVACY, LLC","","5335 Gate Parkway care of REGISTER.COM","Jacksonville","FL","32256","United States","ej2xx3c26pu@myprivatename.com","+1.5707088780","","PERFECT PRIVACY, LLC","","5335 Gate Parkway care of REGISTER.COM","Jacksonville","FL","32256","United States","ej2xx3c26pu@myprivatename.com","+1.5707088780","","PERFECT PRIVACY, LLC","","5335 Gate Parkway care of REGISTER.COM","Jacksonville","FL","32256","United States","ej2xx3c26pu@myprivatename.com","+1.5707088780","","","","","","","","","","","","dns105.register.com","dns106.register.com","","","clientTransferProhibited","","",""
"84","topchoicemasks.com","2020-05-11 20:15:34","2020-05-09","2020-05-09","2021-05-09","9","register.com, Inc.","whois.register.com","http://www.register.com","PERFECT PRIVACY, LLC","","5335 Gate Parkway care of REGISTER.COM","Jacksonville","FL","32256","United States","ej2xx3c26pu@myprivatename.com","+1.5707088780","","PERFECT PRIVACY, LLC","","5335 Gate Parkway care of REGISTER.COM","Jacksonville","FL","32256","United States","ej2xx3c26pu@myprivatename.com","+1.5707088780","","PERFECT PRIVACY, LLC","","5335 Gate Parkway care of REGISTER.COM","Jacksonville","FL","32256","United States","ej2xx3c26pu@myprivatename.com","+1.5707088780","","","","","","","","","","","","dns105.register.com","dns106.register.com","","","clientTransferProhibited","","",""
"85","towingservicesnearmelosangeles.com","2020-05-11 20:02:51","2020-05-08","2020-05-08","2021-05-08","9","register.com, Inc.","whois.register.com","http://www.register.com","PERFECT PRIVACY, LLC","","5335 Gate Parkway","Jacksonville","FL","32256","United States","22af0alskggvi9p2l22bqm3j9j@domaindiscreet.com","+1.9027492701","","PERFECT PRIVACY, LLC","","5335 Gate Parkway","Jacksonville","FL","32256","United States","22af0alskggvi9p2l22bqm3j9j@domaindiscreet.com","+1.9027492701","","PERFECT PRIVACY, LLC","","5335 Gate Parkway","Jacksonville","FL","32256","United States","22af0alskggvi9p2l22bqm3j9j@domaindiscreet.com","+1.9027492701","","","","","","","","","","","","dns1.register.com","dns2.register.com","","","clientTransferProhibited","","",""
"86","update232234-i.com","2020-05-11 20:00:53","2020-05-08","2020-05-08","2021-05-08","9","register.com, Inc.","whois.register.com","http://www.register.com","Statutory Masking Enabled","Statutory Masking Enabled","Statutory Masking Enabled","Statutory Masking Enabled","Not","Statutory Masking Enabled","United Kingdom","abuse@web.com","Statutory Masking Enabled","Statutory Masking Enabled","Statutory Masking Enabled","Statutory Masking Enabled","Statutory Masking Enabled","Statutory Masking Enabled","Statutory Masking Enabled","Statutory Masking Enabled","Statutory Masking Enabled","abuse@web.com","Statutory Masking Enabled","Statutory Masking Enabled","Statutory Masking Enabled","Statutory Masking Enabled","Statutory Masking Enabled","Statutory Masking Enabled","Statutory Masking Enabled","Statutory Masking Enabled","Statutory Masking Enabled","abuse@web.com","Statutory Masking Enabled","Statutory Masking Enabled","","","","","","","","","","","dns1.register.com","dns2.register.com","","","clientTransferProhibited","","",""
"87","vaughanandlester.com","2020-05-11 20:16:03","2020-05-09","2020-05-09","2021-05-09","9","register.com, Inc.","whois.register.com","http://www.register.com","Statutory Masking Enabled","Statutory Masking Enabled","Statutory Masking Enabled","Statutory Masking Enabled","","Statutory Masking Enabled","United Kingdom","abuse@web.com","Statutory Masking Enabled","Statutory Masking Enabled","Statutory Masking Enabled","Statutory Masking Enabled","Statutory Masking Enabled","Statutory Masking Enabled","Statutory Masking Enabled","Statutory Masking Enabled","Statutory Masking Enabled","abuse@web.com","Statutory Masking Enabled","Statutory Masking Enabled","Statutory Masking Enabled","Statutory Masking Enabled","Statutory Masking Enabled","Statutory Masking Enabled","Statutory Masking Enabled","Statutory Masking Enabled","Statutory Masking Enabled","abuse@web.com","Statutory Masking Enabled","Statutory Masking Enabled","","","","","","","","","","","dns1.register.com","dns2.register.com","","","clientTransferProhibited","","",""
"88","whisky-dude.com","2020-05-11 20:02:43","2020-05-08","2020-05-08","2021-05-08","9","register.com, Inc.","whois.register.com","http://www.register.com","Ollenburg, Jessica","Human Resource Services, Inc.","PO Box 2226","Brookfield","WI","53008","United States","purchasing@askhrs.com","4142812240","","Ollenburg, Jessica","Human Resource Services, Inc.","PO Box 2226","Brookfield","WI","53008","United States","purchasing@askhrs.com","4142812240","","Ollenburg, Jessica","Human Resource Services, Inc.","PO Box 2226","Brookfield","WI","53008","United States","purchasing@askhrs.com","4142812240","","","","","","","","","","","","dns105.register.com","dns106.register.com","","","clientTransferProhibited","","",""
"89","windyflatfarm.com","2020-05-11 20:06:04","2020-05-09","2020-05-09","2021-05-09","9","register.com, Inc.","whois.register.com","http://www.register.com","PERFECT PRIVACY, LLC","","5335 Gate Parkway","Jacksonville","FL","32256","United States","60vmd33ehegbvapgubvk5ngtli@domaindiscreet.com","+1.9027492701","","PERFECT PRIVACY, LLC","","5335 Gate Parkway","Jacksonville","FL","32256","United States","60vmd33ehegbvapgubvk5ngtli@domaindiscreet.com","+1.9027492701","","PERFECT PRIVACY, LLC","","5335 Gate Parkway","Jacksonville","FL","32256","United States","60vmd33ehegbvapgubvk5ngtli@domaindiscreet.com","+1.9027492701","","","","","","","","","","","","dns1.register.com","dns2.register.com","","","clientTransferProhibited","","",""
"90","zenithcounselingservices.com","2020-05-11 19:55:06","2020-05-08","2020-05-08","2021-05-08","9","register.com, Inc.","whois.register.com","http://www.register.com","Sites LLC Support","Sites LLC","3010 Highland Parkway Suite 200","Downers Grove","IL","60515","United States","domains@therapysites.com","+1.8665972674","","Sites LLC Support","Sites LLC","3010 Highland Parkway Suite 200","Downers Grove","IL","60515","United States","domains@therapysites.com","+1.8665972674","","Sites LLC Support","Sites LLC","3010 Highland Parkway Suite 200","Downers Grove","IL","60515","United States","domains@therapysites.com","+1.8665972674","","","","","","","","","","","","lola.ns.cloudflare.com","skip.ns.cloudflare.com","","","clientTransferProhibited","","",""
"91","zwnctralgnkizqg.com","2020-05-11 19:55:51","2020-05-08","2020-05-08","2021-05-08","9","register.com, Inc.","whois.register.com","http://www.register.com","PERFECT PRIVACY, LLC","","5335 Gate Parkway","Jacksonville","FL","32256","United States","4quo2nq96qh5gbvf023379g634@domaindiscreet.com","+1.9027492701","","PERFECT PRIVACY, LLC","","5335 Gate Parkway","Jacksonville","FL","32256","United States","4quo2nq96qh5gbvf023379g634@domaindiscreet.com","+1.9027492701","","PERFECT PRIVACY, LLC","","5335 Gate Parkway","Jacksonville","FL","32256","United States","4quo2nq96qh5gbvf023379g634@domaindiscreet.com","+1.9027492701","","","","","","","","","","","","dns1.register.com","dns2.register.com","","","clientTransferProhibited","","",""