"num","domain_name","query_time","create_date","update_date","expiry_date","domain_registrar_id","domain_registrar_name","domain_registrar_whois","domain_registrar_url","registrant_name","registrant_company","registrant_address","registrant_city","registrant_state","registrant_zip","registrant_country","registrant_email","registrant_phone","registrant_fax","administrative_name","administrative_company","administrative_address","administrative_city","administrative_state","administrative_zip","administrative_country","administrative_email","administrative_phone","administrative_fax","technical_name","technical_company","technical_address","technical_city","technical_state","technical_zip","technical_country","technical_email","technical_phone","technical_fax","billing_name","billing_company","billing_address","billing_city","billing_state","billing_zip","billing_country","billing_email","billing_phone","billing_fax","name_server_1","name_server_2","name_server_3","name_server_4","domain_status_1","domain_status_2","domain_status_3","domain_status_4"
"1","abbracciame.com","2020-05-11 20:15:43","2020-05-09","2020-05-09","2022-05-09","1518","Shanghai Best Oray Information S&T Co., Ltd","whois.oray.com","http://www.oray.com","","","","shanghaishi","shanghaishi","","","","","","","","","","","","","","","","","","","","","","","","","","","","","","","","","","","","ns1.oray.net","ns2.oray.net","","","clientDeleteProhibited","clientTransferProhibited","",""
"2","gangwondoculzang.com","2020-05-11 20:05:13","2020-05-09","2020-05-09","2021-05-09","1518","Shanghai Best Oray Information S&T Co., Ltd","whois.oray.com","http://www.oray.com","","","","YanBianZhou","JiLinSheng","","","","","","","","","","","","","","","","","","","","","","","","","","","","","","","","","","","","ns1.oray.net","ns2.oray.net","","","clientDeleteProhibited","clientTransferProhibited","",""
"3","incheonculzang.com","2020-05-11 20:05:00","2020-05-09","2020-05-09","2021-05-09","1518","Shanghai Best Oray Information S&T Co., Ltd","whois.oray.com","http://www.oray.com","","","","YanBianZhou","JiLinSheng","","","","","","","","","","","","","","","","","","","","","","","","","","","","","","","","","","","","ns1.oray.net","ns2.oray.net","","","clientDeleteProhibited","clientTransferProhibited","",""
"4","kedichuanmei.com","2020-05-11 20:14:30","2020-05-08","2020-05-08","2021-05-08","1518","Shanghai Best Oray Information S&T Co., Ltd","whois.oray.com","http://www.oray.com","","","","YangShi","HeNanSheng","","","","","","","","","","","","","","","","","","","","","","","","","","","","","","","","","","","","ns1.oray.net","ns2.oray.net","","","clientDeleteProhibited","clientTransferProhibited","",""
"5","qsymail.com","2020-05-11 20:16:16","2020-05-09","2020-05-09","2023-05-09","1518","Shanghai Best Oray Information S&T Co., Ltd","whois.oray.com","http://www.oray.com","","","","ningboshi","zhejiangsheng","","","","","","","","","","","","","","","","","","","","","","","","","","","","","","","","","","","","ns1.oray.net","ns2.oray.net","","","clientDeleteProhibited","clientTransferProhibited","",""
"6","seoulculzang.com","2020-05-11 20:05:24","2020-05-09","2020-05-09","2021-05-09","1518","Shanghai Best Oray Information S&T Co., Ltd","whois.oray.com","http://www.oray.com","","","","YanBianZhou","JiLinSheng","","","","","","","","","","","","","","","","","","","","","","","","","","","","","","","","","","","","ns1.oray.net","ns2.oray.net","","","clientDeleteProhibited","clientTransferProhibited","",""