"num","domain_name","query_time","create_date","update_date","expiry_date","domain_registrar_id","domain_registrar_name","domain_registrar_whois","domain_registrar_url","registrant_name","registrant_company","registrant_address","registrant_city","registrant_state","registrant_zip","registrant_country","registrant_email","registrant_phone","registrant_fax","administrative_name","administrative_company","administrative_address","administrative_city","administrative_state","administrative_zip","administrative_country","administrative_email","administrative_phone","administrative_fax","technical_name","technical_company","technical_address","technical_city","technical_state","technical_zip","technical_country","technical_email","technical_phone","technical_fax","billing_name","billing_company","billing_address","billing_city","billing_state","billing_zip","billing_country","billing_email","billing_phone","billing_fax","name_server_1","name_server_2","name_server_3","name_server_4","domain_status_1","domain_status_2","domain_status_3","domain_status_4"
"1","alertchampaign.com","2020-05-11 19:57:07","2020-05-08","2020-05-08","2021-05-08","754","Sssasss, Incorporated","whois.sssasss.com","http://www.sssasss.com","New Ventures Services, Corp","New Ventures Services, Corp","PO BOX 459 Drums","Drums","PA","18222","United States","admin@newvcorp.com","+1.8558971723","","New Ventures Services, Corp","New Ventures Services, Corp","PO BOX 459 Drums","Drums","PA","18222","United States","admin@newvcorp.com","+1.8558971723","","New Ventures Services, Corp","New Ventures Services, Corp","PO BOX 459 Drums","Drums","PA","18222","United States","admin@newvcorp.com","+1.8558971723","","","","","","","","","","","","ns1626.ztomy.com","ns2626.ztomy.com","","","OK","","",""
"2","big007.com","2020-05-11 19:58:14","2020-05-08","2020-05-08","2021-05-08","754","Sssasss, Incorporated","whois.sssasss.com","http://www.sssasss.com","PERFECT PRIVACY, LLC","","5335 Gate Parkway","Jacksonville","FL","32256","United States","0irp6pb2tsj3ebj9a1880n0e7c@domaindiscreet.com","+1.9027492701","","PERFECT PRIVACY, LLC","","5335 Gate Parkway","Jacksonville","FL","32256","United States","0irp6pb2tsj3ebj9a1880n0e7c@domaindiscreet.com","+1.9027492701","","PERFECT PRIVACY, LLC","","5335 Gate Parkway","Jacksonville","FL","32256","United States","0irp6pb2tsj3ebj9a1880n0e7c@domaindiscreet.com","+1.9027492701","","","","","","","","","","","","ns15.above.com","ns16.above.com","","","OK","","",""
"3","boontie.com","2020-05-11 19:58:20","2020-05-08","2020-05-08","2021-05-08","754","Sssasss, Incorporated","whois.sssasss.com","http://www.sssasss.com","New Ventures Services, Corp","New Ventures Services, Corp","PO BOX 459 Drums","Drums","PA","18222","United States","admin@newvcorp.com","+1.8558971723","","New Ventures Services, Corp","New Ventures Services, Corp","PO BOX 459 Drums","Drums","PA","18222","United States","admin@newvcorp.com","+1.8558971723","","New Ventures Services, Corp","New Ventures Services, Corp","PO BOX 459 Drums","Drums","PA","18222","United States","admin@newvcorp.com","+1.8558971723","","","","","","","","","","","","ns1626.ztomy.com","ns2626.ztomy.com","","","OK","","",""
"4","destinyoverwatch.com","2020-05-11 19:58:01","2020-05-08","2020-05-08","2021-05-08","754","Sssasss, Incorporated","whois.sssasss.com","http://www.sssasss.com","New Ventures Services, Corp","New Ventures Services, Corp","PO BOX 459 Drums","Drums","PA","18222","United States","admin@newvcorp.com","+1.8558971723","","New Ventures Services, Corp","New Ventures Services, Corp","PO BOX 459 Drums","Drums","PA","18222","United States","admin@newvcorp.com","+1.8558971723","","New Ventures Services, Corp","New Ventures Services, Corp","PO BOX 459 Drums","Drums","PA","18222","United States","admin@newvcorp.com","+1.8558971723","","","","","","","","","","","","ns1626.ztomy.com","ns2626.ztomy.com","","","OK","","",""
"5","ironbearvisions.com","2020-05-11 20:14:25","2020-05-08","2020-05-08","2021-05-08","754","Sssasss, Incorporated","whois.sssasss.com","http://www.sssasss.com","New Ventures Services, Corp","New Ventures Services, Corp","PO BOX 459 Drums","Drums","PA","18222","United States","admin@newvcorp.com","+1.8558971723","","New Ventures Services, Corp","New Ventures Services, Corp","PO BOX 459 Drums","Drums","PA","18222","United States","admin@newvcorp.com","+1.8558971723","","New Ventures Services, Corp","New Ventures Services, Corp","PO BOX 459 Drums","Drums","PA","18222","United States","admin@newvcorp.com","+1.8558971723","","","","","","","","","","","","ns1626.ztomy.com","ns2626.ztomy.com","","","OK","","",""
"6","isavezone.com","2020-05-11 19:55:54","2020-05-08","2020-05-08","2021-05-08","754","Sssasss, Incorporated","whois.sssasss.com","http://www.sssasss.com","New Ventures Services, Corp","New Ventures Services, Corp","PO BOX 459 Drums","Drums","PA","18222","United States","admin@newvcorp.com","+1.8558971723","","New Ventures Services, Corp","New Ventures Services, Corp","PO BOX 459 Drums","Drums","PA","18222","United States","admin@newvcorp.com","+1.8558971723","","New Ventures Services, Corp","New Ventures Services, Corp","PO BOX 459 Drums","Drums","PA","18222","United States","admin@newvcorp.com","+1.8558971723","","","","","","","","","","","","ns1626.ztomy.com","ns2626.ztomy.com","","","OK","","",""
"7","rebatehacker.com","2020-05-11 19:58:33","2020-05-08","2020-05-08","2021-05-08","754","Sssasss, Incorporated","whois.sssasss.com","http://www.sssasss.com","New Ventures Services, Corp","New Ventures Services, Corp","PO BOX 459 Drums","Drums","PA","18222","United States","admin@newvcorp.com","+1.8558971723","","New Ventures Services, Corp","New Ventures Services, Corp","PO BOX 459 Drums","Drums","PA","18222","United States","admin@newvcorp.com","+1.8558971723","","New Ventures Services, Corp","New Ventures Services, Corp","PO BOX 459 Drums","Drums","PA","18222","United States","admin@newvcorp.com","+1.8558971723","","","","","","","","","","","","ns1626.ztomy.com","ns2626.ztomy.com","","","OK","","",""
"8","supremeflip.com","2020-05-11 19:58:20","2020-05-08","2020-05-08","2021-05-08","754","Sssasss, Incorporated","whois.sssasss.com","http://www.sssasss.com","New Ventures Services, Corp","New Ventures Services, Corp","PO BOX 459 Drums","Drums","PA","18222","United States","admin@newvcorp.com","+1.8558971723","","New Ventures Services, Corp","New Ventures Services, Corp","PO BOX 459 Drums","Drums","PA","18222","United States","admin@newvcorp.com","+1.8558971723","","New Ventures Services, Corp","New Ventures Services, Corp","PO BOX 459 Drums","Drums","PA","18222","United States","admin@newvcorp.com","+1.8558971723","","","","","","","","","","","","ns1626.ztomy.com","ns2626.ztomy.com","","","OK","","",""