"num","domain_name","query_time","create_date","update_date","expiry_date","domain_registrar_id","domain_registrar_name","domain_registrar_whois","domain_registrar_url","registrant_name","registrant_company","registrant_address","registrant_city","registrant_state","registrant_zip","registrant_country","registrant_email","registrant_phone","registrant_fax","administrative_name","administrative_company","administrative_address","administrative_city","administrative_state","administrative_zip","administrative_country","administrative_email","administrative_phone","administrative_fax","technical_name","technical_company","technical_address","technical_city","technical_state","technical_zip","technical_country","technical_email","technical_phone","technical_fax","billing_name","billing_company","billing_address","billing_city","billing_state","billing_zip","billing_country","billing_email","billing_phone","billing_fax","name_server_1","name_server_2","name_server_3","name_server_4","domain_status_1","domain_status_2","domain_status_3","domain_status_4"
"1","agenrumahklaten.com","2020-05-11 20:09:49","2020-05-09","2020-05-09","2021-05-09","460","Web Commerce Communications Limited dba WebNic.cc","whois.webnic.cc","http://www.webnic.cc","Domain Admin","Whoisprotection.cc","L4-E-2, Level 4, Enterprise 4, Technology Park Malaysia, Bukit Jalil","Kuala Lumpur","Wilayah Persekutuan","57000","Malaysia","reg_18149076@whoisprotection.cc","+60.389966788","+60.389966788","Domain Admin","Whoisprotection.cc","L4-E-2, Level 4, Enterprise 4, Technology Park Malaysia, Bukit Jalil","Kuala Lumpur","Wilayah Persekutuan","57000","Malaysia","adm_18149076@whoisprotection.cc","+60.389966788","+60.389966788","Domain Admin","Whoisprotection.cc","L4-E-2, Level 4, Enterprise 4, Technology Park Malaysia, Bukit Jalil","Kuala Lumpur","Wilayah Persekutuan","57000","Malaysia","tec_18149076@whoisprotection.cc","+60.389966788","+60.389966788","","","","","","","","","","","ns1.domainesia.net","ns2.domainesia.net","","","OK","","",""
"2","aleenaexclusive.com","2020-05-11 20:16:06","2020-05-09","2020-05-09","2021-05-09","460","Web Commerce Communications Limited dba WebNic.cc","whois.webnic.cc","http://www.webnic.cc","Domain Admin","Whoisprotection.cc","L4-E-2, Level 4, Enterprise 4, Technology Park Malaysia, Bukit Jalil","Kuala Lumpur","Wilayah Persekutuan","57000","Malaysia","reg_18149388@whoisprotection.cc","+60.389966788","+60.389966788","Domain Admin","Whoisprotection.cc","L4-E-2, Level 4, Enterprise 4, Technology Park Malaysia, Bukit Jalil","Kuala Lumpur","Wilayah Persekutuan","57000","Malaysia","adm_18149388@whoisprotection.cc","+60.389966788","+60.389966788","Domain Admin","Whoisprotection.cc","L4-E-2, Level 4, Enterprise 4, Technology Park Malaysia, Bukit Jalil","Kuala Lumpur","Wilayah Persekutuan","57000","Malaysia","tec_18149388@whoisprotection.cc","+60.389966788","+60.389966788","","","","","","","","","","","ns1519.securen.net","ns1520.securen.net","","","clientDeleteProhibited","clientTransferProhibited","clientUpdateProhibited",""
"3","anacardia.biz","2020-05-11 15:49:06","2020-05-04","2020-05-09","2021-05-04","460","Web Commerce Communications Limited dba WebNic.cc","whois.webnic.cc","http://www.webnic.cc","Whoisprotection.cc","Whoisprotection.cc","","","Wilayah Persekutuan","","Malaysia","","","","","","","","","","","","","","","","","","","","","","","","","","","","","","","","","","ns1.secure-webhosting.com","ns2.secure-webhosting.com","","","clientDeleteProhibited","clientTransferProhibited","clientUpdateProhibited",""
"4","anrfashion.com","2020-05-11 20:07:10","2020-05-09","2020-05-09","2021-05-09","460","Web Commerce Communications Limited dba WebNic.cc","whois.webnic.cc","http://www.webnic.cc","Domain Admin","Whoisprotection.cc","L4-E-2, Level 4, Enterprise 4, Technology Park Malaysia, Bukit Jalil","Kuala Lumpur","Wilayah Persekutuan","57000","Malaysia","reg_18149077@whoisprotection.cc","+60.389966788","+60.389966788","Domain Admin","Whoisprotection.cc","L4-E-2, Level 4, Enterprise 4, Technology Park Malaysia, Bukit Jalil","Kuala Lumpur","Wilayah Persekutuan","57000","Malaysia","adm_18149077@whoisprotection.cc","+60.389966788","+60.389966788","Domain Admin","Whoisprotection.cc","L4-E-2, Level 4, Enterprise 4, Technology Park Malaysia, Bukit Jalil","Kuala Lumpur","Wilayah Persekutuan","57000","Malaysia","tec_18149077@whoisprotection.cc","+60.389966788","+60.389966788","","","","","","","","","","","ns101.bigdomaincloud.com","ns102.bigdomaincloud.com","","","clientDeleteProhibited","clientTransferProhibited","clientUpdateProhibited",""
"5","autosultanexchanger.com","2020-05-11 20:06:34","2020-05-09","2020-05-09","2021-05-09","460","Web Commerce Communications Limited dba WebNic.cc","whois.webnic.cc","http://www.webnic.cc","Domain Admin","Whoisprotection.cc","L4-E-2, Level 4, Enterprise 4, Technology Park Malaysia, Bukit Jalil","Kuala Lumpur","Wilayah Persekutuan","57000","Malaysia","reg_18149038@whoisprotection.cc","+60.389966788","+60.389966788","Domain Admin","Whoisprotection.cc","L4-E-2, Level 4, Enterprise 4, Technology Park Malaysia, Bukit Jalil","Kuala Lumpur","Wilayah Persekutuan","57000","Malaysia","adm_18149038@whoisprotection.cc","+60.389966788","+60.389966788","Domain Admin","Whoisprotection.cc","L4-E-2, Level 4, Enterprise 4, Technology Park Malaysia, Bukit Jalil","Kuala Lumpur","Wilayah Persekutuan","57000","Malaysia","tec_18149038@whoisprotection.cc","+60.389966788","+60.389966788","","","","","","","","","","","ns1.domainesia.net","ns2.domainesia.net","","","OK","","",""
"6","ayasya-collection.com","2020-05-11 19:55:01","2020-05-09","2020-05-09","2021-05-09","460","Web Commerce Communications Limited dba WebNic.cc","whois.webnic.cc","http://www.webnic.cc","Domain Admin","Whoisprotection.cc","L4-E-2, Level 4, Enterprise 4, Technology Park Malaysia, Bukit Jalil","Kuala Lumpur","Wilayah Persekutuan","57000","Malaysia","reg_18149327@whoisprotection.cc","+60.389966788","+60.389966788","Domain Admin","Whoisprotection.cc","L4-E-2, Level 4, Enterprise 4, Technology Park Malaysia, Bukit Jalil","Kuala Lumpur","Wilayah Persekutuan","57000","Malaysia","adm_18149327@whoisprotection.cc","+60.389966788","+60.389966788","Domain Admin","Whoisprotection.cc","L4-E-2, Level 4, Enterprise 4, Technology Park Malaysia, Bukit Jalil","Kuala Lumpur","Wilayah Persekutuan","57000","Malaysia","tec_18149327@whoisprotection.cc","+60.389966788","+60.389966788","","","","","","","","","","","ns1.domainesia.net","ns2.domainesia.net","","","OK","","",""
"7","bebeksupreme.com","2020-05-11 20:04:54","2020-05-09","2020-05-09","2021-05-09","460","Web Commerce Communications Limited dba WebNic.cc","whois.webnic.cc","http://www.webnic.cc","Domain Admin","Whoisprotection.cc","L4-E-2, Level 4, Enterprise 4, Technology Park Malaysia, Bukit Jalil","Kuala Lumpur","Wilayah Persekutuan","57000","Malaysia","reg_18149024@whoisprotection.cc","+60.389966788","+60.389966788","Domain Admin","Whoisprotection.cc","L4-E-2, Level 4, Enterprise 4, Technology Park Malaysia, Bukit Jalil","Kuala Lumpur","Wilayah Persekutuan","57000","Malaysia","adm_18149024@whoisprotection.cc","+60.389966788","+60.389966788","Domain Admin","Whoisprotection.cc","L4-E-2, Level 4, Enterprise 4, Technology Park Malaysia, Bukit Jalil","Kuala Lumpur","Wilayah Persekutuan","57000","Malaysia","tec_18149024@whoisprotection.cc","+60.389966788","+60.389966788","","","","","","","","","","","dns1.indowebsite.net","dns2.indowebsite.net","dns3.indowebsite.net","dns4.indowebsite.net","OK","","",""
"8","belidaritemen.com","2020-05-11 19:55:38","2020-05-09","2020-05-09","2021-05-09","460","Web Commerce Communications Limited dba WebNic.cc","whois.webnic.cc","http://www.webnic.cc","Domain Admin","Whoisprotection.cc","L4-E-2, Level 4, Enterprise 4, Technology Park Malaysia, Bukit Jalil","Kuala Lumpur","Wilayah Persekutuan","57000","Malaysia","reg_18149326@whoisprotection.cc","+60.389966788","+60.389966788","Domain Admin","Whoisprotection.cc","L4-E-2, Level 4, Enterprise 4, Technology Park Malaysia, Bukit Jalil","Kuala Lumpur","Wilayah Persekutuan","57000","Malaysia","adm_18149326@whoisprotection.cc","+60.389966788","+60.389966788","Domain Admin","Whoisprotection.cc","L4-E-2, Level 4, Enterprise 4, Technology Park Malaysia, Bukit Jalil","Kuala Lumpur","Wilayah Persekutuan","57000","Malaysia","tec_18149326@whoisprotection.cc","+60.389966788","+60.389966788","","","","","","","","","","","ns1.digitalocean.com","ns2.digitalocean.com","ns3.digitalocean.com","","clientDeleteProhibited","clientTransferProhibited","clientUpdateProhibited",""
"9","berkahgalleryfurniture.com","2020-05-11 20:13:16","2020-05-09","2020-05-09","2021-05-09","460","Web Commerce Communications Limited dba WebNic.cc","whois.webnic.cc","http://www.webnic.cc","Domain Admin","Whoisprotection.cc","L4-E-2, Level 4, Enterprise 4, Technology Park Malaysia, Bukit Jalil","Kuala Lumpur","Wilayah Persekutuan","57000","Malaysia","reg_18149236@whoisprotection.cc","+60.389966788","+60.389966788","Domain Admin","Whoisprotection.cc","L4-E-2, Level 4, Enterprise 4, Technology Park Malaysia, Bukit Jalil","Kuala Lumpur","Wilayah Persekutuan","57000","Malaysia","adm_18149236@whoisprotection.cc","+60.389966788","+60.389966788","Domain Admin","Whoisprotection.cc","L4-E-2, Level 4, Enterprise 4, Technology Park Malaysia, Bukit Jalil","Kuala Lumpur","Wilayah Persekutuan","57000","Malaysia","tec_18149236@whoisprotection.cc","+60.389966788","+60.389966788","","","","","","","","","","","ns1.dewaweb.com","ns2.dewaweb.com","ns3.dewaweb.com","","clientDeleteProhibited","clientTransferProhibited","clientUpdateProhibited",""
"10","cheerfulness.biz","2020-05-11 16:19:34","2020-05-07","2020-05-07","2021-05-07","460","Web Commerce Communications Limited dba WebNic.cc","whois.webnic.cc","http://www.webnic.cc","Whoisprotection.cc","Whoisprotection.cc","","","Wilayah Persekutuan","","Malaysia","","","","","","","","","","","","","","","","","","","","","","","","","","","","","","","","","","ns1.cyberdns.tw","ns2.cyberdns.tw","","","addPeriod","clientDeleteProhibited","clientTransferProhibited","clientUpdateProhibited"
"11","clubindonesianarowana.com","2020-05-11 19:55:39","2020-05-09","2020-05-09","2021-05-09","460","Web Commerce Communications Limited dba WebNic.cc","whois.webnic.cc","http://www.webnic.cc","Domain Admin","Whoisprotection.cc","L4-E-2, Level 4, Enterprise 4, Technology Park Malaysia, Bukit Jalil","Kuala Lumpur","Wilayah Persekutuan","57000","Malaysia","reg_18149321@whoisprotection.cc","+60.389966788","+60.389966788","Domain Admin","Whoisprotection.cc","L4-E-2, Level 4, Enterprise 4, Technology Park Malaysia, Bukit Jalil","Kuala Lumpur","Wilayah Persekutuan","57000","Malaysia","adm_18149321@whoisprotection.cc","+60.389966788","+60.389966788","Domain Admin","Whoisprotection.cc","L4-E-2, Level 4, Enterprise 4, Technology Park Malaysia, Bukit Jalil","Kuala Lumpur","Wilayah Persekutuan","57000","Malaysia","tec_18149321@whoisprotection.cc","+60.389966788","+60.389966788","","","","","","","","","","","ns01.cloudhost.id","ns02.cloudhost.id","","","OK","","",""
"12","danacovic.com","2020-05-11 20:06:24","2020-05-09","2020-05-09","2021-05-09","460","Web Commerce Communications Limited dba WebNic.cc","whois.webnic.cc","http://www.webnic.cc","Domain Admin","Whoisprotection.cc","L4-E-2, Level 4, Enterprise 4, Technology Park Malaysia, Bukit Jalil","Kuala Lumpur","Wilayah Persekutuan","57000","Malaysia","reg_18149039@whoisprotection.cc","+60.389966788","+60.389966788","Domain Admin","Whoisprotection.cc","L4-E-2, Level 4, Enterprise 4, Technology Park Malaysia, Bukit Jalil","Kuala Lumpur","Wilayah Persekutuan","57000","Malaysia","adm_18149039@whoisprotection.cc","+60.389966788","+60.389966788","Domain Admin","Whoisprotection.cc","L4-E-2, Level 4, Enterprise 4, Technology Park Malaysia, Bukit Jalil","Kuala Lumpur","Wilayah Persekutuan","57000","Malaysia","tec_18149039@whoisprotection.cc","+60.389966788","+60.389966788","","","","","","","","","","","ns1039.securen.net","ns1040.securen.net","","","clientDeleteProhibited","clientTransferProhibited","clientUpdateProhibited",""
"13","delimacorner.com","2020-05-11 20:09:40","2020-05-09","2020-05-09","2021-05-09","460","Web Commerce Communications Limited dba WebNic.cc","whois.webnic.cc","http://www.webnic.cc","Domain Admin","Whoisprotection.cc","L4-E-2, Level 4, Enterprise 4, Technology Park Malaysia, Bukit Jalil","Kuala Lumpur","Wilayah Persekutuan","57000","Malaysia","reg_18149074@whoisprotection.cc","+60.389966788","+60.389966788","Domain Admin","Whoisprotection.cc","L4-E-2, Level 4, Enterprise 4, Technology Park Malaysia, Bukit Jalil","Kuala Lumpur","Wilayah Persekutuan","57000","Malaysia","adm_18149074@whoisprotection.cc","+60.389966788","+60.389966788","Domain Admin","Whoisprotection.cc","L4-E-2, Level 4, Enterprise 4, Technology Park Malaysia, Bukit Jalil","Kuala Lumpur","Wilayah Persekutuan","57000","Malaysia","tec_18149074@whoisprotection.cc","+60.389966788","+60.389966788","","","","","","","","","","","ns1.dewaweb.com","ns2.dewaweb.com","ns3.dewaweb.com","","OK","","",""
"14","dindaalwa.com","2020-05-11 20:15:43","2020-05-09","2020-05-09","2021-05-09","460","Web Commerce Communications Limited dba WebNic.cc","whois.webnic.cc","http://www.webnic.cc","Domain Admin","Whoisprotection.cc","L4-E-2, Level 4, Enterprise 4, Technology Park Malaysia, Bukit Jalil","Kuala Lumpur","Wilayah Persekutuan","57000","Malaysia","reg_18149403@whoisprotection.cc","+60.389966788","+60.389966788","Domain Admin","Whoisprotection.cc","L4-E-2, Level 4, Enterprise 4, Technology Park Malaysia, Bukit Jalil","Kuala Lumpur","Wilayah Persekutuan","57000","Malaysia","adm_18149403@whoisprotection.cc","+60.389966788","+60.389966788","Domain Admin","Whoisprotection.cc","L4-E-2, Level 4, Enterprise 4, Technology Park Malaysia, Bukit Jalil","Kuala Lumpur","Wilayah Persekutuan","57000","Malaysia","tec_18149403@whoisprotection.cc","+60.389966788","+60.389966788","","","","","","","","","","","ns1.domainesia.net","ns2.domainesia.net","","","OK","","",""
"15","dodoyshop.com","2020-05-11 20:00:49","2020-05-08","2020-05-08","2021-05-08","460","Web Commerce Communications Limited dba WebNic.cc","whois.webnic.cc","http://www.webnic.cc","Domain Admin","Whoisprotection.cc","L4-E-2, Level 4, Enterprise 4, Technology Park Malaysia, Bukit Jalil","Kuala Lumpur","Wilayah Persekutuan","57000","Malaysia","reg_18148993@whoisprotection.cc","+60.389966788","+60.389966788","Domain Admin","Whoisprotection.cc","L4-E-2, Level 4, Enterprise 4, Technology Park Malaysia, Bukit Jalil","Kuala Lumpur","Wilayah Persekutuan","57000","Malaysia","adm_18148993@whoisprotection.cc","+60.389966788","+60.389966788","Domain Admin","Whoisprotection.cc","L4-E-2, Level 4, Enterprise 4, Technology Park Malaysia, Bukit Jalil","Kuala Lumpur","Wilayah Persekutuan","57000","Malaysia","tec_18148993@whoisprotection.cc","+60.389966788","+60.389966788","","","","","","","","","","","ns1.rumahosting.com","ns2.rumahosting.com","","","clientDeleteProhibited","clientTransferProhibited","clientUpdateProhibited",""
"16","happthy.com","2020-05-11 20:02:30","2020-05-08","2020-05-08","2021-05-08","460","Web Commerce Communications Limited dba WebNic.cc","whois.webnic.cc","http://www.webnic.cc","Domain Admin","Whoisprotection.cc","L4-E-2, Level 4, Enterprise 4, Technology Park Malaysia, Bukit Jalil","Kuala Lumpur","Wilayah Persekutuan","57000","Malaysia","reg_18149000@whoisprotection.cc","+60.389966788","+60.389966788","Domain Admin","Whoisprotection.cc","L4-E-2, Level 4, Enterprise 4, Technology Park Malaysia, Bukit Jalil","Kuala Lumpur","Wilayah Persekutuan","57000","Malaysia","adm_18149000@whoisprotection.cc","+60.389966788","+60.389966788","Domain Admin","Whoisprotection.cc","L4-E-2, Level 4, Enterprise 4, Technology Park Malaysia, Bukit Jalil","Kuala Lumpur","Wilayah Persekutuan","57000","Malaysia","tec_18149000@whoisprotection.cc","+60.389966788","+60.389966788","","","","","","","","","","","ns1.domainesia.net","ns2.domainesia.net","","","OK","","",""
"17","katanoa.com","2020-05-11 20:17:31","2020-05-09","2020-05-09","2021-05-09","460","Web Commerce Communications Limited dba WebNic.cc","whois.webnic.cc","http://www.webnic.cc","Domain Admin","Whoisprotection.cc","L4-E-2, Level 4, Enterprise 4, Technology Park Malaysia, Bukit Jalil","Kuala Lumpur","Wilayah Persekutuan","57000","Malaysia","reg_18149370@whoisprotection.cc","+60.389966788","+60.389966788","Domain Admin","Whoisprotection.cc","L4-E-2, Level 4, Enterprise 4, Technology Park Malaysia, Bukit Jalil","Kuala Lumpur","Wilayah Persekutuan","57000","Malaysia","adm_18149370@whoisprotection.cc","+60.389966788","+60.389966788","Domain Admin","Whoisprotection.cc","L4-E-2, Level 4, Enterprise 4, Technology Park Malaysia, Bukit Jalil","Kuala Lumpur","Wilayah Persekutuan","57000","Malaysia","tec_18149370@whoisprotection.cc","+60.389966788","+60.389966788","","","","","","","","","","","ns03.cloudhost.id","ns04.cloudhost.id","","","OK","","",""
"18","kheeart.com","2020-05-11 20:13:13","2020-05-09","2020-05-09","2021-05-09","460","Web Commerce Communications Limited dba WebNic.cc","whois.webnic.cc","http://www.webnic.cc","Domain Admin","Whoisprotection.cc","L4-E-2, Level 4, Enterprise 4, Technology Park Malaysia, Bukit Jalil","Kuala Lumpur","Wilayah Persekutuan","57000","Malaysia","reg_18149249@whoisprotection.cc","+60.389966788","+60.389966788","Domain Admin","Whoisprotection.cc","L4-E-2, Level 4, Enterprise 4, Technology Park Malaysia, Bukit Jalil","Kuala Lumpur","Wilayah Persekutuan","57000","Malaysia","adm_18149249@whoisprotection.cc","+60.389966788","+60.389966788","Domain Admin","Whoisprotection.cc","L4-E-2, Level 4, Enterprise 4, Technology Park Malaysia, Bukit Jalil","Kuala Lumpur","Wilayah Persekutuan","57000","Malaysia","tec_18149249@whoisprotection.cc","+60.389966788","+60.389966788","","","","","","","","","","","ns3.awesomesites.org","ns4.awesomesites.org","","","clientDeleteProhibited","clientTransferProhibited","clientUpdateProhibited",""
"19","komikdakwah.com","2020-05-11 20:09:55","2020-05-09","2020-05-09","2021-05-09","460","Web Commerce Communications Limited dba WebNic.cc","whois.webnic.cc","http://www.webnic.cc","Domain Admin","Whoisprotection.cc","L4-E-2, Level 4, Enterprise 4, Technology Park Malaysia, Bukit Jalil","Kuala Lumpur","Wilayah Persekutuan","57000","Malaysia","reg_18149069@whoisprotection.cc","+60.389966788","+60.389966788","Domain Admin","Whoisprotection.cc","L4-E-2, Level 4, Enterprise 4, Technology Park Malaysia, Bukit Jalil","Kuala Lumpur","Wilayah Persekutuan","57000","Malaysia","adm_18149069@whoisprotection.cc","+60.389966788","+60.389966788","Domain Admin","Whoisprotection.cc","L4-E-2, Level 4, Enterprise 4, Technology Park Malaysia, Bukit Jalil","Kuala Lumpur","Wilayah Persekutuan","57000","Malaysia","tec_18149069@whoisprotection.cc","+60.389966788","+60.389966788","","","","","","","","","","","ns1.domainesia.net","ns2.domainesia.net","","","OK","","",""
"20","kordion.com","2020-05-11 20:06:05","2020-05-09","2020-05-09","2021-05-09","460","Web Commerce Communications Limited dba WebNic.cc","whois.webnic.cc","http://www.webnic.cc","Domain Admin","Whoisprotection.cc","L4-E-2, Level 4, Enterprise 4, Technology Park Malaysia, Bukit Jalil","Kuala Lumpur","Wilayah Persekutuan","57000","Malaysia","reg_18149046@whoisprotection.cc","+60.389966788","+60.389966788","Domain Admin","Whoisprotection.cc","L4-E-2, Level 4, Enterprise 4, Technology Park Malaysia, Bukit Jalil","Kuala Lumpur","Wilayah Persekutuan","57000","Malaysia","adm_18149046@whoisprotection.cc","+60.389966788","+60.389966788","Domain Admin","Whoisprotection.cc","L4-E-2, Level 4, Enterprise 4, Technology Park Malaysia, Bukit Jalil","Kuala Lumpur","Wilayah Persekutuan","57000","Malaysia","tec_18149046@whoisprotection.cc","+60.389966788","+60.389966788","","","","","","","","","","","ns1.domainesia.net","ns2.domainesia.net","","","clientDeleteProhibited","clientTransferProhibited","clientUpdateProhibited",""
"21","kstarcenter.com","2020-05-11 20:15:35","2020-05-09","2020-05-09","2021-05-09","460","Web Commerce Communications Limited dba WebNic.cc","whois.webnic.cc","http://www.webnic.cc","Domain Admin","Whoisprotection.cc","L4-E-2, Level 4, Enterprise 4, Technology Park Malaysia, Bukit Jalil","Kuala Lumpur","Wilayah Persekutuan","57000","Malaysia","reg_18149406@whoisprotection.cc","+60.389966788","+60.389966788","Domain Admin","Whoisprotection.cc","L4-E-2, Level 4, Enterprise 4, Technology Park Malaysia, Bukit Jalil","Kuala Lumpur","Wilayah Persekutuan","57000","Malaysia","adm_18149406@whoisprotection.cc","+60.389966788","+60.389966788","Domain Admin","Whoisprotection.cc","L4-E-2, Level 4, Enterprise 4, Technology Park Malaysia, Bukit Jalil","Kuala Lumpur","Wilayah Persekutuan","57000","Malaysia","tec_18149406@whoisprotection.cc","+60.389966788","+60.389966788","","","","","","","","","","","cloud-linux107.thaidata.net","cloud-linux107.thaidatahosting.com","","","OK","","",""
"22","maskanerooz.com","2020-05-11 20:01:03","2020-05-08","2020-05-08","2021-05-08","460","Web Commerce Communications Limited dba WebNic.cc","whois.webnic.cc","http://www.webnic.cc","Domain Admin","Whoisprotection.cc","L4-E-2, Level 4, Enterprise 4, Technology Park Malaysia, Bukit Jalil","Kuala Lumpur","Wilayah Persekutuan","57000","Malaysia","reg_18148987@whoisprotection.cc","+60.389966788","+60.389966788","Domain Admin","Whoisprotection.cc","L4-E-2, Level 4, Enterprise 4, Technology Park Malaysia, Bukit Jalil","Kuala Lumpur","Wilayah Persekutuan","57000","Malaysia","adm_18148987@whoisprotection.cc","+60.389966788","+60.389966788","Domain Admin","Whoisprotection.cc","L4-E-2, Level 4, Enterprise 4, Technology Park Malaysia, Bukit Jalil","Kuala Lumpur","Wilayah Persekutuan","57000","Malaysia","tec_18148987@whoisprotection.cc","+60.389966788","+60.389966788","","","","","","","","","","","ns46.phtco.com","ns47.phtco.com","","","OK","","",""
"23","nakros.com","2020-05-11 20:06:24","2020-05-09","2020-05-09","2021-05-09","460","Web Commerce Communications Limited dba WebNic.cc","whois.webnic.cc","http://www.webnic.cc","Domain Admin","Whoisprotection.cc","L4-E-2, Level 4, Enterprise 4, Technology Park Malaysia, Bukit Jalil","Kuala Lumpur","Wilayah Persekutuan","57000","Malaysia","reg_18149040@whoisprotection.cc","+60.389966788","+60.389966788","Domain Admin","Whoisprotection.cc","L4-E-2, Level 4, Enterprise 4, Technology Park Malaysia, Bukit Jalil","Kuala Lumpur","Wilayah Persekutuan","57000","Malaysia","adm_18149040@whoisprotection.cc","+60.389966788","+60.389966788","Domain Admin","Whoisprotection.cc","L4-E-2, Level 4, Enterprise 4, Technology Park Malaysia, Bukit Jalil","Kuala Lumpur","Wilayah Persekutuan","57000","Malaysia","tec_18149040@whoisprotection.cc","+60.389966788","+60.389966788","","","","","","","","","","","ns1523.securen.net","ns1524.securen.net","","","clientDeleteProhibited","clientTransferProhibited","clientUpdateProhibited",""
"24","next38years.com","2020-05-11 20:13:13","2020-05-09","2020-05-09","2021-05-09","460","Web Commerce Communications Limited dba WebNic.cc","whois.webnic.cc","http://www.webnic.cc","Domain Admin","Whoisprotection.cc","L4-E-2, Level 4, Enterprise 4, Technology Park Malaysia, Bukit Jalil","Kuala Lumpur","Wilayah Persekutuan","57000","Malaysia","reg_18149247@whoisprotection.cc","+60.389966788","+60.389966788","Domain Admin","Whoisprotection.cc","L4-E-2, Level 4, Enterprise 4, Technology Park Malaysia, Bukit Jalil","Kuala Lumpur","Wilayah Persekutuan","57000","Malaysia","adm_18149247@whoisprotection.cc","+60.389966788","+60.389966788","Domain Admin","Whoisprotection.cc","L4-E-2, Level 4, Enterprise 4, Technology Park Malaysia, Bukit Jalil","Kuala Lumpur","Wilayah Persekutuan","57000","Malaysia","tec_18149247@whoisprotection.cc","+60.389966788","+60.389966788","","","","","","","","","","","ns3.awesomesites.org","ns4.awesomesites.org","","","clientDeleteProhibited","clientTransferProhibited","clientUpdateProhibited",""
"25","pakhshetoranj.com","2020-05-11 19:55:52","2020-05-09","2020-05-09","2021-05-09","460","Web Commerce Communications Limited dba WebNic.cc","whois.webnic.cc","http://www.webnic.cc","Domain Admin","Whoisprotection.cc","L4-E-2, Level 4, Enterprise 4, Technology Park Malaysia, Bukit Jalil","Kuala Lumpur","Wilayah Persekutuan","57000","Malaysia","reg_18149316@whoisprotection.cc","+60.389966788","+60.389966788","Domain Admin","Whoisprotection.cc","L4-E-2, Level 4, Enterprise 4, Technology Park Malaysia, Bukit Jalil","Kuala Lumpur","Wilayah Persekutuan","57000","Malaysia","adm_18149316@whoisprotection.cc","+60.389966788","+60.389966788","Domain Admin","Whoisprotection.cc","L4-E-2, Level 4, Enterprise 4, Technology Park Malaysia, Bukit Jalil","Kuala Lumpur","Wilayah Persekutuan","57000","Malaysia","tec_18149316@whoisprotection.cc","+60.389966788","+60.389966788","","","","","","","","","","","ns46.phtco.com","ns47.phtco.com","","","OK","","",""
"26","prolifewaterfilter.com","2020-05-11 20:12:49","2020-05-09","2020-05-09","2021-05-09","460","Web Commerce Communications Limited dba WebNic.cc","whois.webnic.cc","http://www.webnic.cc","Domain Admin","Whoisprotection.cc","L4-E-2, Level 4, Enterprise 4, Technology Park Malaysia, Bukit Jalil","Kuala Lumpur","Wilayah Persekutuan","57000","Malaysia","reg_18149237@whoisprotection.cc","+60.389966788","+60.389966788","Domain Admin","Whoisprotection.cc","L4-E-2, Level 4, Enterprise 4, Technology Park Malaysia, Bukit Jalil","Kuala Lumpur","Wilayah Persekutuan","57000","Malaysia","adm_18149237@whoisprotection.cc","+60.389966788","+60.389966788","Domain Admin","Whoisprotection.cc","L4-E-2, Level 4, Enterprise 4, Technology Park Malaysia, Bukit Jalil","Kuala Lumpur","Wilayah Persekutuan","57000","Malaysia","tec_18149237@whoisprotection.cc","+60.389966788","+60.389966788","","","","","","","","","","","ns3.awesomesites.org","ns4.awesomesites.org","","","clientDeleteProhibited","clientTransferProhibited","clientUpdateProhibited",""
"27","pusat-indihome.com","2020-05-11 19:55:43","2020-05-09","2020-05-09","2021-05-09","460","Web Commerce Communications Limited dba WebNic.cc","whois.webnic.cc","http://www.webnic.cc","Domain Admin","Whoisprotection.cc","L4-E-2, Level 4, Enterprise 4, Technology Park Malaysia, Bukit Jalil","Kuala Lumpur","Wilayah Persekutuan","57000","Malaysia","reg_18149318@whoisprotection.cc","+60.389966788","+60.389966788","Domain Admin","Whoisprotection.cc","L4-E-2, Level 4, Enterprise 4, Technology Park Malaysia, Bukit Jalil","Kuala Lumpur","Wilayah Persekutuan","57000","Malaysia","adm_18149318@whoisprotection.cc","+60.389966788","+60.389966788","Domain Admin","Whoisprotection.cc","L4-E-2, Level 4, Enterprise 4, Technology Park Malaysia, Bukit Jalil","Kuala Lumpur","Wilayah Persekutuan","57000","Malaysia","tec_18149318@whoisprotection.cc","+60.389966788","+60.389966788","","","","","","","","","","","ns1.domainesia.net","ns2.domainesia.net","","","OK","","",""
"28","queencha.com","2020-05-11 19:55:03","2020-05-09","2020-05-09","2021-05-09","460","Web Commerce Communications Limited dba WebNic.cc","whois.webnic.cc","http://www.webnic.cc","Domain Admin","Whoisprotection.cc","L4-E-2, Level 4, Enterprise 4, Technology Park Malaysia, Bukit Jalil","Kuala Lumpur","Wilayah Persekutuan","57000","Malaysia","reg_18149328@whoisprotection.cc","+60.389966788","+60.389966788","Domain Admin","Whoisprotection.cc","L4-E-2, Level 4, Enterprise 4, Technology Park Malaysia, Bukit Jalil","Kuala Lumpur","Wilayah Persekutuan","57000","Malaysia","adm_18149328@whoisprotection.cc","+60.389966788","+60.389966788","Domain Admin","Whoisprotection.cc","L4-E-2, Level 4, Enterprise 4, Technology Park Malaysia, Bukit Jalil","Kuala Lumpur","Wilayah Persekutuan","57000","Malaysia","tec_18149328@whoisprotection.cc","+60.389966788","+60.389966788","","","","","","","","","","","ns1.dewaweb.com","ns2.dewaweb.com","ns3.dewaweb.com","","OK","","",""
"29","renlighttech.com","2020-05-11 20:14:13","2020-05-08","2020-05-08","2021-05-08","460","Web Commerce Communications Limited dba WebNic.cc","whois.webnic.cc","http://www.webnic.cc","Domain Admin","Whoisprotection.cc","L4-E-2, Level 4, Enterprise 4, Technology Park Malaysia, Bukit Jalil","Kuala Lumpur","Wilayah Persekutuan","57000","Malaysia","reg_18148948@whoisprotection.cc","+60.389966788","+60.389966788","Domain Admin","Whoisprotection.cc","L4-E-2, Level 4, Enterprise 4, Technology Park Malaysia, Bukit Jalil","Kuala Lumpur","Wilayah Persekutuan","57000","Malaysia","adm_18148948@whoisprotection.cc","+60.389966788","+60.389966788","Domain Admin","Whoisprotection.cc","L4-E-2, Level 4, Enterprise 4, Technology Park Malaysia, Bukit Jalil","Kuala Lumpur","Wilayah Persekutuan","57000","Malaysia","tec_18148948@whoisprotection.cc","+60.389966788","+60.389966788","","","","","","","","","","","ns11.g-dns.com","ns12.g-dns.com","","","clientDeleteProhibited","clientTransferProhibited","clientUpdateProhibited",""
"30","satifest.com","2020-05-11 20:15:41","2020-05-09","2020-05-09","2021-05-09","460","Web Commerce Communications Limited dba WebNic.cc","whois.webnic.cc","http://www.webnic.cc","Domain Admin","Whoisprotection.cc","L4-E-2, Level 4, Enterprise 4, Technology Park Malaysia, Bukit Jalil","Kuala Lumpur","Wilayah Persekutuan","57000","Malaysia","reg_18149383@whoisprotection.cc","+60.389966788","+60.389966788","Domain Admin","Whoisprotection.cc","L4-E-2, Level 4, Enterprise 4, Technology Park Malaysia, Bukit Jalil","Kuala Lumpur","Wilayah Persekutuan","57000","Malaysia","adm_18149383@whoisprotection.cc","+60.389966788","+60.389966788","Domain Admin","Whoisprotection.cc","L4-E-2, Level 4, Enterprise 4, Technology Park Malaysia, Bukit Jalil","Kuala Lumpur","Wilayah Persekutuan","57000","Malaysia","tec_18149383@whoisprotection.cc","+60.389966788","+60.389966788","","","","","","","","","","","ns-1510.ipxcdn.com","ns-2379.ipxcdn.com","","","clientDeleteProhibited","clientTransferProhibited","clientUpdateProhibited",""
"31","setareshop.com","2020-05-11 19:56:41","2020-05-09","2020-05-09","2021-05-09","460","Web Commerce Communications Limited dba WebNic.cc","whois.webnic.cc","http://www.webnic.cc","Domain Admin","Whoisprotection.cc","L4-E-2, Level 4, Enterprise 4, Technology Park Malaysia, Bukit Jalil","Kuala Lumpur","Wilayah Persekutuan","57000","Malaysia","reg_18149346@whoisprotection.cc","+60.389966788","+60.389966788","Domain Admin","Whoisprotection.cc","L4-E-2, Level 4, Enterprise 4, Technology Park Malaysia, Bukit Jalil","Kuala Lumpur","Wilayah Persekutuan","57000","Malaysia","adm_18149346@whoisprotection.cc","+60.389966788","+60.389966788","Domain Admin","Whoisprotection.cc","L4-E-2, Level 4, Enterprise 4, Technology Park Malaysia, Bukit Jalil","Kuala Lumpur","Wilayah Persekutuan","57000","Malaysia","tec_18149346@whoisprotection.cc","+60.389966788","+60.389966788","","","","","","","","","","","ns1.parspack.co","ns2.parspack.co","","","OK","","",""
"32","singaporeantuition.com","2020-05-11 20:13:12","2020-05-09","2020-05-09","2021-05-09","460","Web Commerce Communications Limited dba WebNic.cc","whois.webnic.cc","http://www.webnic.cc","Domain Admin","Whoisprotection.cc","L4-E-2, Level 4, Enterprise 4, Technology Park Malaysia, Bukit Jalil","Kuala Lumpur","Wilayah Persekutuan","57000","Malaysia","reg_18149241@whoisprotection.cc","+60.389966788","+60.389966788","Domain Admin","Whoisprotection.cc","L4-E-2, Level 4, Enterprise 4, Technology Park Malaysia, Bukit Jalil","Kuala Lumpur","Wilayah Persekutuan","57000","Malaysia","adm_18149241@whoisprotection.cc","+60.389966788","+60.389966788","Domain Admin","Whoisprotection.cc","L4-E-2, Level 4, Enterprise 4, Technology Park Malaysia, Bukit Jalil","Kuala Lumpur","Wilayah Persekutuan","57000","Malaysia","tec_18149241@whoisprotection.cc","+60.389966788","+60.389966788","","","","","","","","","","","ns3.awesomesites.org","ns4.awesomesites.org","","","clientDeleteProhibited","clientTransferProhibited","clientUpdateProhibited",""
"33","sisiextension.com","2020-05-11 19:55:43","2020-05-09","2020-05-09","2021-05-09","460","Web Commerce Communications Limited dba WebNic.cc","whois.webnic.cc","http://www.webnic.cc","Domain Admin","Whoisprotection.cc","L4-E-2, Level 4, Enterprise 4, Technology Park Malaysia, Bukit Jalil","Kuala Lumpur","Wilayah Persekutuan","57000","Malaysia","reg_18149319@whoisprotection.cc","+60.389966788","+60.389966788","Domain Admin","Whoisprotection.cc","L4-E-2, Level 4, Enterprise 4, Technology Park Malaysia, Bukit Jalil","Kuala Lumpur","Wilayah Persekutuan","57000","Malaysia","adm_18149319@whoisprotection.cc","+60.389966788","+60.389966788","Domain Admin","Whoisprotection.cc","L4-E-2, Level 4, Enterprise 4, Technology Park Malaysia, Bukit Jalil","Kuala Lumpur","Wilayah Persekutuan","57000","Malaysia","tec_18149319@whoisprotection.cc","+60.389966788","+60.389966788","","","","","","","","","","","ns46.phtco.com","ns47.phtco.com","","","OK","","",""
"34","topikesehatan.com","2020-05-11 20:02:12","2020-05-08","2020-05-08","2021-05-08","460","Web Commerce Communications Limited dba WebNic.cc","whois.webnic.cc","http://www.webnic.cc","Domain Admin","Whoisprotection.cc","L4-E-2, Level 4, Enterprise 4, Technology Park Malaysia, Bukit Jalil","Kuala Lumpur","Wilayah Persekutuan","57000","Malaysia","reg_18149001@whoisprotection.cc","+60.389966788","+60.389966788","Domain Admin","Whoisprotection.cc","L4-E-2, Level 4, Enterprise 4, Technology Park Malaysia, Bukit Jalil","Kuala Lumpur","Wilayah Persekutuan","57000","Malaysia","adm_18149001@whoisprotection.cc","+60.389966788","+60.389966788","Domain Admin","Whoisprotection.cc","L4-E-2, Level 4, Enterprise 4, Technology Park Malaysia, Bukit Jalil","Kuala Lumpur","Wilayah Persekutuan","57000","Malaysia","tec_18149001@whoisprotection.cc","+60.389966788","+60.389966788","","","","","","","","","","","ns1.domainesia.net","ns2.domainesia.net","","","OK","","",""
"35","webboss-id.com","2020-05-11 19:59:05","2020-05-08","2020-05-08","2021-05-08","460","Web Commerce Communications Limited dba WebNic.cc","whois.webnic.cc","http://www.webnic.cc","Domain Admin","Whoisprotection.cc","L4-E-2, Level 4, Enterprise 4, Technology Park Malaysia, Bukit Jalil","Kuala Lumpur","Wilayah Persekutuan","57000","Malaysia","reg_18148985@whoisprotection.cc","+60.389966788","+60.389966788","Domain Admin","Whoisprotection.cc","L4-E-2, Level 4, Enterprise 4, Technology Park Malaysia, Bukit Jalil","Kuala Lumpur","Wilayah Persekutuan","57000","Malaysia","adm_18148985@whoisprotection.cc","+60.389966788","+60.389966788","Domain Admin","Whoisprotection.cc","L4-E-2, Level 4, Enterprise 4, Technology Park Malaysia, Bukit Jalil","Kuala Lumpur","Wilayah Persekutuan","57000","Malaysia","tec_18148985@whoisprotection.cc","+60.389966788","+60.389966788","","","","","","","","","","","ns1.dewaweb.com","ns2.dewaweb.com","ns3.dewaweb.com","","OK","","",""
"36","wirecardsecurityaccount.com","2020-05-11 20:16:06","2020-05-09","2020-05-09","2021-05-09","460","Web Commerce Communications Limited dba WebNic.cc","whois.webnic.cc","http://www.webnic.cc","Domain Admin","Whoisprotection.cc","L4-E-2, Level 4, Enterprise 4, Technology Park Malaysia, Bukit Jalil","Kuala Lumpur","Wilayah Persekutuan","57000","Malaysia","reg_18149390@whoisprotection.cc","+60.389966788","+60.389966788","Domain Admin","Whoisprotection.cc","L4-E-2, Level 4, Enterprise 4, Technology Park Malaysia, Bukit Jalil","Kuala Lumpur","Wilayah Persekutuan","57000","Malaysia","adm_18149390@whoisprotection.cc","+60.389966788","+60.389966788","Domain Admin","Whoisprotection.cc","L4-E-2, Level 4, Enterprise 4, Technology Park Malaysia, Bukit Jalil","Kuala Lumpur","Wilayah Persekutuan","57000","Malaysia","tec_18149390@whoisprotection.cc","+60.389966788","+60.389966788","","","","","","","","","","","ns01.cloudhost.id","ns02.cloudhost.id","","","OK","","",""