"num","domain_name","query_time","create_date","update_date","expiry_date","domain_registrar_id","domain_registrar_name","domain_registrar_whois","domain_registrar_url","registrant_name","registrant_company","registrant_address","registrant_city","registrant_state","registrant_zip","registrant_country","registrant_email","registrant_phone","registrant_fax","administrative_name","administrative_company","administrative_address","administrative_city","administrative_state","administrative_zip","administrative_country","administrative_email","administrative_phone","administrative_fax","technical_name","technical_company","technical_address","technical_city","technical_state","technical_zip","technical_country","technical_email","technical_phone","technical_fax","billing_name","billing_company","billing_address","billing_city","billing_state","billing_zip","billing_country","billing_email","billing_phone","billing_fax","name_server_1","name_server_2","name_server_3","name_server_4","domain_status_1","domain_status_2","domain_status_3","domain_status_4"
"1","80000.pro","2020-05-11 05:38:41","2020-05-08","2020-05-09","2021-05-08","1366","Xiamen ChinaSource Internet Service Co., Ltd.","whois.cnolnic.com","http://www.zzy.cn","??","??","","","??","","China","","","","","","","","","","","","","","","","","","","","","","","","","","","","","","","","","","f1g1ns1.dnspod.net","f1g1ns2.dnspod.net","","","addPeriod","clientTransferProhibited","serverTransferProhibited",""
"2","chameleon.pro","2020-05-11 05:46:00","2020-05-08","2020-05-10","2021-05-08","1366","Xiamen ChinaSource Internet Service Co., Ltd.","whois.cnolnic.com","http://www.zzy.cn","??","??","","","??","","China","","","","","","","","","","","","","","","","","","","","","","","","","","","","","","","","","","ns1.dan.com","ns2.dan.com","","","addPeriod","clientTransferProhibited","serverTransferProhibited",""
"3","contractor.mobi","2020-05-11 02:58:46","2020-05-08","2020-05-09","2021-05-08","1366","Xiamen ChinaSource Internet Service Co., Ltd.","whois.cnolnic.com","http://www.zzy.cn","???","???","","","??","","China","","","","","","","","","","","","","","","","","","","","","","","","","","","","","","","","","","ns1.cnolnic.net","ns2.cnolnic.net","","","addPeriod","clientTransferProhibited","serverTransferProhibited",""
"4","conversation.chat","2020-05-11 20:36:12","2020-05-07","2020-05-09","2021-05-07","1366","Xiamen ChinaSource Internet Service Co., Ltd.","whois.cnolnic.com","http://www.zzy.cn","REDACTED FOR PRIVACY","Wangxiaoqin","REDACTED FOR PRIVACY","REDACTED FOR PRIVACY","Jiangsu","REDACTED FOR PRIVACY","China","","REDACTED FOR PRIVACY","REDACTED FOR PRIVACY","","","","","","","","","","","","","","","","","","","","","","","","","","","","","","","","","","","addPeriod","clientTransferProhibited","",""
"5","herborn.mobi","2020-05-11 03:08:07","2020-05-08","2020-05-09","2021-05-08","1366","Xiamen ChinaSource Internet Service Co., Ltd.","whois.cnolnic.com","http://www.zzy.cn","??","??","","","??","","China","","","","","","","","","","","","","","","","","","","","","","","","","","","","","","","","","","f1g1ns1.dnspod.net","f1g1ns2.dnspod.net","","","addPeriod","clientTransferProhibited","serverTransferProhibited",""
"6","valuevalue.mobi","2020-05-11 03:53:33","2020-05-06","2020-05-10","2021-05-06","1366","Xiamen ChinaSource Internet Service Co., Ltd.","whois.cnolnic.com","http://www.zzy.cn","??","??","","","??","","China","","","","","","","","","","","","","","","","","","","","","","","","","","","","","","","","","","f1g1ns1.dnspod.net","f1g1ns2.dnspod.net","","","addPeriod","clientTransferProhibited","serverTransferProhibited",""
"7","yuanliang.green","2020-05-12 00:28:02","2020-05-10","2020-05-10","2021-05-10","1366","Xiamen ChinaSource Internet Service Co., Ltd.","whois.cnolnic.com","http://www.zzy.cn","???","???","","","??","","China","","","","","","","","","","","","","","","","","","","","","","","","","","","","","","","","","","ns1.hwclouds-dns.com","ns1.hwclouds-dns.net","","","addPeriod","clientTransferProhibited","serverTransferProhibited",""