"num","domain_name","query_time","create_date","update_date","expiry_date","domain_registrar_id","domain_registrar_name","domain_registrar_whois","domain_registrar_url","registrant_name","registrant_company","registrant_address","registrant_city","registrant_state","registrant_zip","registrant_country","registrant_email","registrant_phone","registrant_fax","administrative_name","administrative_company","administrative_address","administrative_city","administrative_state","administrative_zip","administrative_country","administrative_email","administrative_phone","administrative_fax","technical_name","technical_company","technical_address","technical_city","technical_state","technical_zip","technical_country","technical_email","technical_phone","technical_fax","billing_name","billing_company","billing_address","billing_city","billing_state","billing_zip","billing_country","billing_email","billing_phone","billing_fax","name_server_1","name_server_2","name_server_3","name_server_4","domain_status_1","domain_status_2","domain_status_3","domain_status_4"
"1","bjcxhc518.com","2020-05-11 20:06:06","2020-05-09","2020-05-11","2021-05-09","2805","Zhengzhou Century Connect Electronic Technology Development Co., Ltd","whois.reg.cn","http://www.reg.cn","","","","Ji An Shi","Jiang Xi Sheng","","","","","","","","","","","","","","","","","","","","","","","","","","","","","","","","","","","","dm1.dns.com","dm2.dns.com","","","OK","","",""
"2","majiangqingxiji.com","2020-05-11 20:06:13","2020-05-09","2020-05-11","2021-05-09","2805","Zhengzhou Century Connect Electronic Technology Development Co., Ltd","whois.reg.cn","http://www.reg.cn","","","","Ji An Shi","Jiang Xi Sheng","","","","","","","","","","","","","","","","","","","","","","","","","","","","","","","","","","","","dm1.dns.com","dm2.dns.com","","","OK","","",""
"3","qhjshow.com","2020-05-11 20:06:07","2020-05-09","2020-05-11","2021-05-09","2805","Zhengzhou Century Connect Electronic Technology Development Co., Ltd","whois.reg.cn","http://www.reg.cn","","","","Ji An Shi","Jiang Xi Sheng","","","","","","","","","","","","","","","","","","","","","","","","","","","","","","","","","","","","dm1.dns.com","dm2.dns.com","","","OK","","",""
"4","sdbsrhz.com","2020-05-11 20:06:10","2020-05-09","2020-05-11","2021-05-09","2805","Zhengzhou Century Connect Electronic Technology Development Co., Ltd","whois.reg.cn","http://www.reg.cn","","","","Ji An Shi","Jiang Xi Sheng","","","","","","","","","","","","","","","","","","","","","","","","","","","","","","","","","","","","dm1.dns.com","dm2.dns.com","","","OK","","",""
"5","shanghaiguiyu.com","2020-05-11 20:06:07","2020-05-09","2020-05-11","2021-05-09","2805","Zhengzhou Century Connect Electronic Technology Development Co., Ltd","whois.reg.cn","http://www.reg.cn","","","","Ji An Shi","Jiang Xi Sheng","","","","","","","","","","","","","","","","","","","","","","","","","","","","","","","","","","","","dm1.dns.com","dm2.dns.com","","","OK","","",""
"6","srjyds.com","2020-05-11 20:06:06","2020-05-09","2020-05-11","2021-05-09","2805","Zhengzhou Century Connect Electronic Technology Development Co., Ltd","whois.reg.cn","http://www.reg.cn","","","","Ji An Shi","Jiang Xi Sheng","","","","","","","","","","","","","","","","","","","","","","","","","","","","","","","","","","","","dm1.dns.com","dm2.dns.com","","","OK","","",""
"7","szhlzydz.com","2020-05-11 20:06:06","2020-05-09","2020-05-11","2021-05-09","2805","Zhengzhou Century Connect Electronic Technology Development Co., Ltd","whois.reg.cn","http://www.reg.cn","","","","Ji An Shi","Jiang Xi Sheng","","","","","","","","","","","","","","","","","","","","","","","","","","","","","","","","","","","","dm1.dns.com","dm2.dns.com","","","OK","","",""
"8","xiaoxigua.cloud","2020-05-11 21:19:16","2020-05-08","2020-05-08","2021-05-08","2805","Zhengzhou Century Connect Electronic Technology Development Co., Ltd","whois.reg.cn","http://www.reg.cn","Shi Jie","Shi Jie","","","Wen Zhou Shi","","China","","","","","","","","","","","","","","","","","","","","","","","","","","","","","","","","","","ns1.alidns.com","ns2.alidns.com","","","addPeriod","ok","",""
"9","zbzhenweiyuan.com","2020-05-11 20:06:07","2020-05-09","2020-05-11","2021-05-09","2805","Zhengzhou Century Connect Electronic Technology Development Co., Ltd","whois.reg.cn","http://www.reg.cn","","","","Ji An Shi","Jiang Xi Sheng","","","","","","","","","","","","","","","","","","","","","","","","","","","","","","","","","","","","dm1.dns.com","dm2.dns.com","","","OK","","",""