"num","domain_name","query_time","create_date","update_date","expiry_date","domain_registrar_id","domain_registrar_name","domain_registrar_whois","domain_registrar_url","registrant_name","registrant_company","registrant_address","registrant_city","registrant_state","registrant_zip","registrant_country","registrant_email","registrant_phone","registrant_fax","administrative_name","administrative_company","administrative_address","administrative_city","administrative_state","administrative_zip","administrative_country","administrative_email","administrative_phone","administrative_fax","technical_name","technical_company","technical_address","technical_city","technical_state","technical_zip","technical_country","technical_email","technical_phone","technical_fax","billing_name","billing_company","billing_address","billing_city","billing_state","billing_zip","billing_country","billing_email","billing_phone","billing_fax","name_server_1","name_server_2","name_server_3","name_server_4","domain_status_1","domain_status_2","domain_status_3","domain_status_4"
"1","algpresse.com","2020-05-07 21:01:19","2020-05-06","2020-05-06","2021-05-06","146","GoDaddy.com, LLC","whois.godaddy.com","http://registrar.godaddy.com","","","","","Alger","","Algeria","","","","","","","","","","","","","","","","","","","","","","","","","","","","","","","","","","ns19.domaincontrol.com","ns20.domaincontrol.com","","","clientDeleteProhibited","clientRenewProhibited","clientTransferProhibited","clientUpdateProhibited"
"2","alimaghreb.com","2020-05-07 20:10:53","2020-05-05","2020-05-05","2021-05-05","433","OVH sas","whois.ovh.com","http://www.ovh.com","REDACTED FOR PRIVACY","","REDACTED FOR PRIVACY","REDACTED FOR PRIVACY","","REDACTED FOR PRIVACY","Algeria","hhg6e2oubspzc8v77d85@t.o-w-o.info","REDACTED FOR PRIVACY","REDACTED FOR PRIVACY","REDACTED FOR PRIVACY","REDACTED FOR PRIVACY","REDACTED FOR PRIVACY","REDACTED FOR PRIVACY","REDACTED FOR PRIVACY","REDACTED FOR PRIVACY","REDACTED FOR PRIVACY","nxvqs2vgya4cgce734po@l.o-w-o.info","REDACTED FOR PRIVACY","REDACTED FOR PRIVACY","REDACTED FOR PRIVACY","REDACTED FOR PRIVACY","REDACTED FOR PRIVACY","REDACTED FOR PRIVACY","REDACTED FOR PRIVACY","REDACTED FOR PRIVACY","REDACTED FOR PRIVACY","nxvqs2vgya4cgce734po@l.o-w-o.info","REDACTED FOR PRIVACY","REDACTED FOR PRIVACY","","","","","","","","","","","dns2-r.dzsecurity.net","jupiter-shared.dzsecurity.net","","","clientDeleteProhibited","clientTransferProhibited","",""
"3","archsys-dz.com","2020-05-07 21:46:20","2020-05-06","2020-05-06","2021-05-06","1630","Ligne Web Services SARL","whois.nic.fr","http://www.ait.com","","","","","","","Algeria","a0d11a1e4da0fbb4a698e2b78d4555aa@whois-anonymous.com","","","","","","","","","Algeria","a0d11a1e4da0fbb4a698e2b78d4555aa@whois-anonymous.com","","","","","","","","","Algeria","a0d11a1e4da0fbb4a698e2b78d4555aa@whois-anonymous.com","","","","","","","","","Algeria","a0d11a1e4da0fbb4a698e2b78d4555aa@whois-anonymous.com","","","","","","","More","clientTransferProhibited","informations","on"
"4","assouakna.com","2020-05-07 21:06:41","2020-05-06","2020-05-06","2021-05-06","48","eNom, Inc.","whois.enom.com","http://www.enom.com","REDACTED FOR PRIVACY","REDACTED FOR PRIVACY","REDACTED FOR PRIVACY","REDACTED FOR PRIVACY","Msila","REDACTED FOR PRIVACY","Algeria","","REDACTED FOR PRIVACY","REDACTED FOR PRIVACY","REDACTED FOR PRIVACY","REDACTED FOR PRIVACY","REDACTED FOR PRIVACY","REDACTED FOR PRIVACY","REDACTED FOR PRIVACY","REDACTED FOR PRIVACY","REDACTED FOR PRIVACY","","REDACTED FOR PRIVACY","REDACTED FOR PRIVACY","REDACTED FOR PRIVACY","REDACTED FOR PRIVACY","REDACTED FOR PRIVACY","REDACTED FOR PRIVACY","REDACTED FOR PRIVACY","REDACTED FOR PRIVACY","REDACTED FOR PRIVACY","","REDACTED FOR PRIVACY","REDACTED FOR PRIVACY","","","","","","","","","","","ns1.a2hosting.com","ns2.a2hosting.com","ns3.a2hosting.com","ns4.a2hosting.com","addPeriod","clientTransferProhibited","",""
"5","atlantiistore.com","2020-05-07 21:06:35","2020-05-06","2020-05-06","2021-05-06","146","GoDaddy.com, LLC","whois.godaddy.com","http://registrar.godaddy.com","","","","","setif","","Algeria","","","","","","","","","","","","","","","","","","","","","","","","","","","","","","","","","","diva.ns.cloudflare.com","oswald.ns.cloudflare.com","","","clientDeleteProhibited","clientRenewProhibited","clientTransferProhibited","clientUpdateProhibited"
"6","bac4edu.com","2020-05-07 20:10:55","2020-05-06","2020-05-06","2021-05-05","168","Register.it SPA","whois.register.it","http://we.register.it","REDACTED FOR PRIVACY","REDACTED FOR PRIVACY","REDACTED FOR PRIVACY","REDACTED FOR PRIVACY","fkirina","REDACTED FOR PRIVACY","Algeria","","REDACTED.FORPRIVACY","REDACTED.FORPRIVACY","REDACTED FOR PRIVACY","REDACTED FOR PRIVACY","REDACTED FOR PRIVACY","REDACTED FOR PRIVACY","fkirina","REDACTED FOR PRIVACY","Algeria","","REDACTED.FORPRIVACY","REDACTED.FORPRIVACY","REDACTED FOR PRIVACY","REDACTED FOR PRIVACY","REDACTED FOR PRIVACY","REDACTED FOR PRIVACY","Paris","REDACTED FOR PRIVACY","France","","REDACTED.FORPRIVACY","REDACTED.FORPRIVACY","","","","","","","","","","","ns1.amenworld.com","ns2.amenworld.com","","","OK","","",""
"7","betechdz.com","2020-05-07 21:04:08","2020-05-06","2020-05-06","2021-05-06","69","Tucows Domains Inc.","whois.tucows.com","http://domainhelp.opensrs.net","REDACTED FOR PRIVACY","REDACTED FOR PRIVACY","REDACTED FOR PRIVACY","REDACTED FOR PRIVACY","XX","REDACTED FOR PRIVACY","Algeria","","REDACTED FOR PRIVACY","REDACTED FOR PRIVACY","REDACTED FOR PRIVACY","REDACTED FOR PRIVACY","REDACTED FOR PRIVACY","REDACTED FOR PRIVACY","REDACTED FOR PRIVACY","REDACTED FOR PRIVACY","REDACTED FOR PRIVACY","","REDACTED FOR PRIVACY","REDACTED FOR PRIVACY","REDACTED FOR PRIVACY","REDACTED FOR PRIVACY","REDACTED FOR PRIVACY","REDACTED FOR PRIVACY","REDACTED FOR PRIVACY","REDACTED FOR PRIVACY","REDACTED FOR PRIVACY","","REDACTED FOR PRIVACY","REDACTED FOR PRIVACY","","","","","","","","","","","ns1.giow1085.siteground.us","ns2.giow1085.siteground.us","","","clientTransferProhibited","clientUpdateProhibited","",""
"8","ccucolorado.com","2020-05-07 19:21:37","2020-05-06","2020-05-06","2021-05-06","146","GoDaddy.com, LLC","whois.godaddy.com","http://registrar.godaddy.com","","","","","Saida","","Algeria","","","","","","","","","","","","","","","","","","","","","","","","","","","","","","","","","","ns1.bluehost.com","ns2.bluehost.com","","","clientDeleteProhibited","clientRenewProhibited","clientTransferProhibited","clientUpdateProhibited"
"9","coloradospringsadvertise.com","2020-05-07 19:23:11","2020-05-06","2020-05-06","2021-05-06","146","GoDaddy.com, LLC","whois.godaddy.com","http://registrar.godaddy.com","","","","","Saida","","Algeria","","","","","","","","","","","","","","","","","","","","","","","","","","","","","","","","","","ns19.domaincontrol.com","ns20.domaincontrol.com","","","clientDeleteProhibited","clientRenewProhibited","clientTransferProhibited","clientUpdateProhibited"
"10","daytodaydz.com","2020-05-07 20:28:20","2020-05-05","2020-05-05","2021-05-05","625","Name.com, Inc.","whois.name.com","http://www.name.com","boukredine reda","net creativity","Fakharine 2 Villa 28 , Fakharine 2 Villa 28","Annaba","Annaba","23000","Algeria","boukredine.reda@gmail.com","+213.558366746","","boukredine reda","net creativity","Fakharine 2 Villa 28 , Fakharine 2 Villa 28","Annaba","Annaba","23000","Algeria","boukredine.reda@gmail.com","+213.558366746","","boukredine reda","net creativity","Fakharine 2 Villa 28 , Fakharine 2 Villa 28","Annaba","Annaba","23000","Algeria","boukredine.reda@gmail.com","+213.558366746","","","","","","","","","","","","dns.trouble-free.net","dns2.trouble-free.net","","","addPeriod","clientTransferProhibited","",""
"11","draywell.com","2020-05-07 20:23:26","2020-05-05","2020-05-05","2021-05-05","433","OVH sas","whois.ovh.com","http://www.ovh.com","REDACTED FOR PRIVACY","","REDACTED FOR PRIVACY","REDACTED FOR PRIVACY","","REDACTED FOR PRIVACY","Algeria","4pcey20tkp6fxn9v9i5v@o.o-w-o.info","REDACTED FOR PRIVACY","REDACTED FOR PRIVACY","REDACTED FOR PRIVACY","REDACTED FOR PRIVACY","REDACTED FOR PRIVACY","REDACTED FOR PRIVACY","REDACTED FOR PRIVACY","REDACTED FOR PRIVACY","REDACTED FOR PRIVACY","nxvqs2vgya4cgce734po@l.o-w-o.info","REDACTED FOR PRIVACY","REDACTED FOR PRIVACY","REDACTED FOR PRIVACY","REDACTED FOR PRIVACY","REDACTED FOR PRIVACY","REDACTED FOR PRIVACY","REDACTED FOR PRIVACY","REDACTED FOR PRIVACY","REDACTED FOR PRIVACY","nxvqs2vgya4cgce734po@l.o-w-o.info","REDACTED FOR PRIVACY","REDACTED FOR PRIVACY","","","","","","","","","","","dns2-r.dzsecurity.net","jupiter-shared.dzsecurity.net","","","clientDeleteProhibited","clientTransferProhibited","",""
"12","dz4win.com","2020-05-07 20:56:37","2020-05-06","2020-05-06","2021-05-06","146","GoDaddy.com, LLC","whois.godaddy.com","http://registrar.godaddy.com","","","","","BOUMERDAS","","Algeria","","","","","","","","","","","","","","","","","","","","","","","","","","","","","","","","","","ns71.domaincontrol.com","ns72.domaincontrol.com","","","clientDeleteProhibited","clientRenewProhibited","clientTransferProhibited","clientUpdateProhibited"
"13","ecolify.net","2020-05-07 05:48:05","2020-05-05","2020-05-05","2025-05-05","303","PDR Ltd. d/b/a PublicDomainRegistry.com","whois.publicdomainregistry.com","http://www.publicdomainregistry.com","Djamal Ghemri","Ecolify","Garbouze ouargla","Ouargla","Ouargla","30000","Algeria","djamel.ghemri@gmail.com","+213.660076815","","Djamal Ghemri","Ecolify","Garbouze ouargla","Ouargla","Ouargla","30000","Algeria","djamel.ghemri@gmail.com","+213.660076815","","Djamal Ghemri","Ecolify","Garbouze ouargla","Ouargla","Ouargla","30000","Algeria","djamel.ghemri@gmail.com","+213.660076815","","","","","","","","","","","","cns01.domains321.com","cns02.domains321.com","cns03.domains321.com","","clientTransferProhibited","","",""
"14","elahdaf.net","2020-05-07 05:48:03","2020-05-04","2020-05-04","2021-05-04","1387","1API GmbH","whois.1api.net","http://www.1api.net","REDACTED FOR PRIVACY","REDACTED FOR PRIVACY","REDACTED FOR PRIVACY","REDACTED FOR PRIVACY","Alger","REDACTED FOR PRIVACY","Algeria","","REDACTED FOR PRIVACY","","REDACTED FOR PRIVACY","REDACTED FOR PRIVACY","REDACTED FOR PRIVACY","REDACTED FOR PRIVACY","REDACTED FOR PRIVACY","REDACTED FOR PRIVACY","REDACTED FOR PRIVACY","","REDACTED FOR PRIVACY","","REDACTED FOR PRIVACY","REDACTED FOR PRIVACY","REDACTED FOR PRIVACY","REDACTED FOR PRIVACY","REDACTED FOR PRIVACY","REDACTED FOR PRIVACY","REDACTED FOR PRIVACY","","REDACTED FOR PRIVACY","","","","","","","","","","","","ns1.whc.ca","ns2.whc.ca","ns3.whc.ca","","clientTransferProhibited","","",""
"15","elassimiabooking.com","2020-05-07 21:01:32","2020-05-06","2020-05-06","2021-05-06","433","OVH sas","whois.ovh.com","http://www.ovh.com","REDACTED FOR PRIVACY","HOTELIDH","REDACTED FOR PRIVACY","REDACTED FOR PRIVACY","","REDACTED FOR PRIVACY","Algeria","lvpcopx2n3y15roasudu@e.o-w-o.info","REDACTED FOR PRIVACY","REDACTED FOR PRIVACY","REDACTED FOR PRIVACY","REDACTED FOR PRIVACY","REDACTED FOR PRIVACY","REDACTED FOR PRIVACY","REDACTED FOR PRIVACY","REDACTED FOR PRIVACY","REDACTED FOR PRIVACY","hnojhtldb3ltx3hhcogg@r.o-w-o.info","REDACTED FOR PRIVACY","REDACTED FOR PRIVACY","REDACTED FOR PRIVACY","REDACTED FOR PRIVACY","REDACTED FOR PRIVACY","REDACTED FOR PRIVACY","REDACTED FOR PRIVACY","REDACTED FOR PRIVACY","REDACTED FOR PRIVACY","hnojhtldb3ltx3hhcogg@r.o-w-o.info","REDACTED FOR PRIVACY","REDACTED FOR PRIVACY","","","","","","","","","","","dns110.ovh.net","ns110.ovh.net","","","clientDeleteProhibited","clientTransferProhibited","",""
"16","emjeztawsil.com","2020-05-07 19:31:16","2020-05-05","2020-05-05","2021-05-05","69","Tucows Domains Inc.","whois.tucows.com","http://domainhelp.opensrs.net","REDACTED FOR PRIVACY","REDACTED FOR PRIVACY","REDACTED FOR PRIVACY","REDACTED FOR PRIVACY","Skikda","REDACTED FOR PRIVACY","Algeria","","REDACTED FOR PRIVACY","REDACTED FOR PRIVACY","REDACTED FOR PRIVACY","REDACTED FOR PRIVACY","REDACTED FOR PRIVACY","REDACTED FOR PRIVACY","REDACTED FOR PRIVACY","REDACTED FOR PRIVACY","REDACTED FOR PRIVACY","","REDACTED FOR PRIVACY","REDACTED FOR PRIVACY","REDACTED FOR PRIVACY","REDACTED FOR PRIVACY","REDACTED FOR PRIVACY","REDACTED FOR PRIVACY","REDACTED FOR PRIVACY","REDACTED FOR PRIVACY","REDACTED FOR PRIVACY","","REDACTED FOR PRIVACY","REDACTED FOR PRIVACY","","","","","","","","","","","dns2019a.trouble-free.net","dns2019b.trouble-free.net","","","OK","","",""
"17","futurexelite.com","2020-05-07 21:16:26","2020-05-06","2020-05-06","2021-05-06","303","PDR Ltd. d/b/a PublicDomainRegistry.com","whois.publicdomainregistry.com","http://www.publicdomainregistry.com","Hacene OURTEMACHE","","Taourirt Akfado","Bejaia","Bejaia","06025","Algeria","contact@futurex-dz.com","+213.556422105","","Hacene OURTEMACHE","","Taourirt Akfado","Bejaia","Bejaia","06025","Algeria","contact@futurex-dz.com","+213.556422105","","Hacene OURTEMACHE","","Taourirt Akfado","Bejaia","Bejaia","06025","Algeria","contact@futurex-dz.com","+213.556422105","","","","","","","","","","","","ns2.dzhoster.net","ns303.dzhoster.net","","","clientTransferProhibited","","",""
"18","imar-livraison.com","2020-05-07 21:10:40","2020-05-06","2020-05-06","2021-05-06","146","GoDaddy.com, LLC","whois.godaddy.com","http://registrar.godaddy.com","","","","","Batna","","Algeria","","","","","","","","","","","","","","","","","","","","","","","","","","","","","","","","","","ns35.domaincontrol.com","ns36.domaincontrol.com","","","OK","","",""
"19","jardipoche.com","2020-05-07 19:11:40","2020-05-06","2020-05-06","2021-05-06","146","GoDaddy.com, LLC","whois.godaddy.com","http://registrar.godaddy.com","","","","","tlemcen","","Algeria","","","","","","","","","","","","","","","","","","","","","","","","","","","","","","","","","","ns71.domaincontrol.com","ns72.domaincontrol.com","","","clientDeleteProhibited","clientRenewProhibited","clientTransferProhibited","clientUpdateProhibited"
"20","kxm339.com","2020-05-07 21:15:23","2020-05-06","2020-05-06","2021-05-06","1387","1API GmbH","whois.1api.net","http://www.1api.net","REDACTED FOR PRIVACY","REDACTED FOR PRIVACY","REDACTED FOR PRIVACY","REDACTED FOR PRIVACY","Hongkong","REDACTED FOR PRIVACY","Algeria","","REDACTED FOR PRIVACY","","REDACTED FOR PRIVACY","REDACTED FOR PRIVACY","REDACTED FOR PRIVACY","REDACTED FOR PRIVACY","REDACTED FOR PRIVACY","REDACTED FOR PRIVACY","REDACTED FOR PRIVACY","","REDACTED FOR PRIVACY","","REDACTED FOR PRIVACY","REDACTED FOR PRIVACY","REDACTED FOR PRIVACY","REDACTED FOR PRIVACY","REDACTED FOR PRIVACY","REDACTED FOR PRIVACY","REDACTED FOR PRIVACY","","REDACTED FOR PRIVACY","","","","","","","","","","","","ns1.ispapi.net","ns2.ispapi.net","ns3.ispapi.net","","clientTransferProhibited","","",""
"21","letstravelnow.net","2020-05-07 19:00:33","2020-05-06","2020-05-06","2021-05-06","1154","FastDomain Inc.","whois.fastdomain.com","http://www.fastdomain.com","YASSINE BENSAOUCHA","","YASSINE BENSAOUCHA  BP 1539 28000 M'SILA RP ALGERIA ALGERIE","M'SILA","","28000","Algeria","yacinepes1@gmail.com","+213.0663772798","","YASSINE BENSAOUCHA","","YASSINE BENSAOUCHA  BP 1539 28000 M'SILA RP ALGERIA ALGERIE","M'SILA","","28000","Algeria","yacinepes1@gmail.com","+213.0663772798","","BLUEHOST INC","BLUEHOST.COM","1958 SOUTH 950 EAST","PROVO","UTAH","84606","United States","whois@bluehost.com","+1.8017659400","+1.8017651992","","","","","","","","","","","ns1.bluehost.com","ns2.bluehost.com","","","clientTransferProhibited","","",""
"22","lexuravie.com","2020-05-07 19:20:12","2020-05-06","2020-05-06","2021-05-06","303","PDR Ltd. d/b/a PublicDomainRegistry.com","whois.publicdomainregistry.com","http://www.publicdomainregistry.com","Octenium Support","Octenium","Rue Miloudi Moussa N02","Zeralda","Alger","16000","Algeria","support@octenium.com","+213.023325429","","Octenium Support","Octenium","Rue Miloudi Moussa N02","Zeralda","Alger","16000","Algeria","support@octenium.com","+213.023325429","","Octenium Support","Octenium","Rue Miloudi Moussa N02","Zeralda","Alger","16000","Algeria","support@octenium.com","+213.023325429","","","","","","","","","","","","ns1.octenium.net","ns2.octenium.net","ns3.octenium.net","ns4.octenium.net","clientTransferProhibited","","",""
"23","manzili-dz.com","2020-05-07 20:16:07","2020-05-05","2020-05-05","2021-05-05","625","Name.com, Inc.","whois.name.com","http://www.name.com","boukredine reda","net creativity","Fakharine 2 Villa 28 , Fakharine 2 Villa 28","Annaba","Annaba","23000","Algeria","boukredine.reda@gmail.com","+213.558366746","","boukredine reda","net creativity","Fakharine 2 Villa 28 , Fakharine 2 Villa 28","Annaba","Annaba","23000","Algeria","boukredine.reda@gmail.com","+213.558366746","","boukredine reda","net creativity","Fakharine 2 Villa 28 , Fakharine 2 Villa 28","Annaba","Annaba","23000","Algeria","boukredine.reda@gmail.com","+213.558366746","","","","","","","","","","","","dns2035a.trouble-free.net","dns2035b.trouble-free.net","","","addPeriod","clientTransferProhibited","",""
"24","me-gdz.com","2020-05-07 21:11:42","2020-05-06","2020-05-06","2021-05-06","146","GoDaddy.com, LLC","whois.godaddy.com","http://registrar.godaddy.com","","","","","Saida","","Algeria","","","","","","","","","","","","","","","","","","","","","","","","","","","","","","","","","","ns6517.hostgator.com","ns6518.hostgator.com","","","clientDeleteProhibited","clientRenewProhibited","clientTransferProhibited","clientUpdateProhibited"
"25","mihawal.com","2020-05-07 19:17:01","2020-05-06","2020-05-06","2021-05-06","303","PDR Ltd. d/b/a PublicDomainRegistry.com","whois.publicdomainregistry.com","http://www.publicdomainregistry.com","Younes SBIA","YouBra","06 rue lombese ex plateux","Oran","Oran","31000","Algeria","youbra133@gmail.com","+213.770228077","","Younes SBIA","YouBra","06 rue lombese ex plateux","Oran","Oran","31000","Algeria","youbra133@gmail.com","+213.770228077","","Younes SBIA","YouBra","06 rue lombese ex plateux","Oran","Oran","31000","Algeria","youbra133@gmail.com","+213.770228077","","","","","","","","","","","","ns2.dzhoster.net","ns303.dzhoster.net","","","clientTransferProhibited","","",""
"26","newcreditcardservice.com","2020-05-07 20:58:25","2020-05-06","2020-05-06","2021-05-06","146","GoDaddy.com, LLC","whois.godaddy.com","http://registrar.godaddy.com","","","","","Saida","","Algeria","","","","","","","","","","","","","","","","","","","","","","","","","","","","","","","","","","ns31.domaincontrol.com","ns32.domaincontrol.com","","","clientDeleteProhibited","clientRenewProhibited","clientTransferProhibited","clientUpdateProhibited"
"27","psoriasisguttates.com","2020-05-07 21:32:55","2020-05-06","2020-05-06","2021-05-06","69","Tucows Domains Inc.","whois.tucows.com","http://domainhelp.opensrs.net","REDACTED FOR PRIVACY","REDACTED FOR PRIVACY","REDACTED FOR PRIVACY","REDACTED FOR PRIVACY","Jijel","REDACTED FOR PRIVACY","Algeria","","REDACTED FOR PRIVACY","REDACTED FOR PRIVACY","REDACTED FOR PRIVACY","REDACTED FOR PRIVACY","REDACTED FOR PRIVACY","REDACTED FOR PRIVACY","REDACTED FOR PRIVACY","REDACTED FOR PRIVACY","REDACTED FOR PRIVACY","","REDACTED FOR PRIVACY","REDACTED FOR PRIVACY","REDACTED FOR PRIVACY","REDACTED FOR PRIVACY","REDACTED FOR PRIVACY","REDACTED FOR PRIVACY","REDACTED FOR PRIVACY","REDACTED FOR PRIVACY","REDACTED FOR PRIVACY","","REDACTED FOR PRIVACY","REDACTED FOR PRIVACY","","","","","","","","","","","ns.inmotionhosting.com","ns2.inmotionhosting.com","","","","","",""
"28","roomstogosynchrony.com","2020-05-07 19:21:35","2020-05-06","2020-05-06","2021-05-06","146","GoDaddy.com, LLC","whois.godaddy.com","http://registrar.godaddy.com","","","","","Saida","","Algeria","","","","","","","","","","","","","","","","","","","","","","","","","","","","","","","","","","ns1.bluehost.com","ns2.bluehost.com","","","clientDeleteProhibited","clientRenewProhibited","clientTransferProhibited","clientUpdateProhibited"
"29","tizicoffreplus.com","2020-05-07 20:29:48","2020-05-05","2020-05-05","2021-05-05","433","OVH sas","whois.ovh.com","http://www.ovh.com","REDACTED FOR PRIVACY","","REDACTED FOR PRIVACY","REDACTED FOR PRIVACY","","REDACTED FOR PRIVACY","Algeria","ps9glrbyunuce00erqqy@n.o-w-o.info","REDACTED FOR PRIVACY","REDACTED FOR PRIVACY","REDACTED FOR PRIVACY","REDACTED FOR PRIVACY","REDACTED FOR PRIVACY","REDACTED FOR PRIVACY","REDACTED FOR PRIVACY","REDACTED FOR PRIVACY","REDACTED FOR PRIVACY","nxvqs2vgya4cgce734po@l.o-w-o.info","REDACTED FOR PRIVACY","REDACTED FOR PRIVACY","REDACTED FOR PRIVACY","REDACTED FOR PRIVACY","REDACTED FOR PRIVACY","REDACTED FOR PRIVACY","REDACTED FOR PRIVACY","REDACTED FOR PRIVACY","REDACTED FOR PRIVACY","nxvqs2vgya4cgce734po@l.o-w-o.info","REDACTED FOR PRIVACY","REDACTED FOR PRIVACY","","","","","","","","","","","dns2-r.dzsecurity.net","jupiter-shared.dzsecurity.net","","","clientDeleteProhibited","clientTransferProhibited","",""
"30","whytoknow.com","2020-05-07 21:09:46","2020-05-06","2020-05-06","2021-05-06","146","GoDaddy.com, LLC","whois.godaddy.com","http://registrar.godaddy.com","","","","","madena","","Algeria","","","","","","","","","","","","","","","","","","","","","","","","","","","","","","","","","","ns59.domaincontrol.com","ns60.domaincontrol.com","","","clientDeleteProhibited","clientRenewProhibited","clientTransferProhibited","clientUpdateProhibited"
"31","wikipresets.com","2020-05-07 20:11:08","2020-05-05","2020-05-05","2021-05-05","146","GoDaddy.com, LLC","whois.godaddy.com","http://registrar.godaddy.com","","","","","CALIFOR","","Algeria","","","","","","","","","","","","","","","","","","","","","","","","","","","","","","","","","","ns73.domaincontrol.com","ns74.domaincontrol.com","","","clientDeleteProhibited","clientRenewProhibited","clientTransferProhibited","clientUpdateProhibited"
"32","younes-lhwariiptv.net","2020-05-07 23:10:03","2020-05-05","2020-05-05","2021-05-05","433","OVH sas","whois.ovh.com","http://www.ovh.com","REDACTED FOR PRIVACY","","REDACTED FOR PRIVACY","REDACTED FOR PRIVACY","","REDACTED FOR PRIVACY","Algeria","nk8yziae3g7s9ds3rum2@p.o-w-o.info","REDACTED FOR PRIVACY","REDACTED FOR PRIVACY","REDACTED FOR PRIVACY","REDACTED FOR PRIVACY","REDACTED FOR PRIVACY","REDACTED FOR PRIVACY","REDACTED FOR PRIVACY","REDACTED FOR PRIVACY","REDACTED FOR PRIVACY","nxvqs2vgya4cgce734po@l.o-w-o.info","REDACTED FOR PRIVACY","REDACTED FOR PRIVACY","REDACTED FOR PRIVACY","REDACTED FOR PRIVACY","REDACTED FOR PRIVACY","REDACTED FOR PRIVACY","REDACTED FOR PRIVACY","REDACTED FOR PRIVACY","REDACTED FOR PRIVACY","nxvqs2vgya4cgce734po@l.o-w-o.info","REDACTED FOR PRIVACY","REDACTED FOR PRIVACY","","","","","","","","","","","dns2-r.dzsecurity.net","jupiter-shared.dzsecurity.net","","","clientDeleteProhibited","clientTransferProhibited","",""