"num","domain_name","query_time","create_date","update_date","expiry_date","domain_registrar_id","domain_registrar_name","domain_registrar_whois","domain_registrar_url","registrant_name","registrant_company","registrant_address","registrant_city","registrant_state","registrant_zip","registrant_country","registrant_email","registrant_phone","registrant_fax","administrative_name","administrative_company","administrative_address","administrative_city","administrative_state","administrative_zip","administrative_country","administrative_email","administrative_phone","administrative_fax","technical_name","technical_company","technical_address","technical_city","technical_state","technical_zip","technical_country","technical_email","technical_phone","technical_fax","billing_name","billing_company","billing_address","billing_city","billing_state","billing_zip","billing_country","billing_email","billing_phone","billing_fax","name_server_1","name_server_2","name_server_3","name_server_4","domain_status_1","domain_status_2","domain_status_3","domain_status_4"
"1","azertech.biz","2020-05-07 15:00:30","2020-05-02","2020-05-02","2021-05-02","146","GoDaddy.com, LLC","whois.godaddy.com","http://registrar.godaddy.com","fa studio","fa studio","","","17 mikrorayon","","Azerbaijan","","","","","","","","","","","","","","","","","","","","","","","","","","","","","","","","","","ns03.domaincontrol.com","ns04.domaincontrol.com","","","addPeriod","clientDeleteProhibited","clientRenewProhibited","clientTransferProhibited"
"2","bizshop99.com","2020-05-07 19:13:55","2020-05-06","2020-05-06","2021-05-06","1387","1API GmbH","whois.1api.net","http://www.1api.net","REDACTED FOR PRIVACY","REDACTED FOR PRIVACY","REDACTED FOR PRIVACY","REDACTED FOR PRIVACY","azarbayjansharghi","REDACTED FOR PRIVACY","Azerbaijan","","REDACTED FOR PRIVACY","","REDACTED FOR PRIVACY","REDACTED FOR PRIVACY","REDACTED FOR PRIVACY","REDACTED FOR PRIVACY","REDACTED FOR PRIVACY","REDACTED FOR PRIVACY","REDACTED FOR PRIVACY","","REDACTED FOR PRIVACY","","REDACTED FOR PRIVACY","REDACTED FOR PRIVACY","REDACTED FOR PRIVACY","REDACTED FOR PRIVACY","REDACTED FOR PRIVACY","REDACTED FOR PRIVACY","REDACTED FOR PRIVACY","","REDACTED FOR PRIVACY","","","","","","","","","","","","ns3.dadetejarat.com","ns4.dadetejarat.com","","","clientTransferProhibited","","",""
"3","davudoglu.com","2020-05-07 01:32:30","2020-05-04","2020-05-04","2021-05-04","146","GoDaddy.com, LLC","whois.godaddy.com","http://registrar.godaddy.com","DAVUDO\u011eLU GLOBAL TRADING COMPANY","DAVUDO\u011eLU GLOBAL TRADING COMPANY","","","T\u0259r-T\u0259r","","Azerbaijan","","","","","","","","","","","","","","","","","","","","","","","","","","","","","","","","","","ns49.domaincontrol.com","ns50.domaincontrol.com","","","clientDeleteProhibited","clientRenewProhibited","clientTransferProhibited","clientUpdateProhibited"
"4","drkokorech.com","2020-05-07 01:24:02","2020-05-04","2020-05-04","2021-05-04","106","Ascio Technologies, Inc. Danmark - Filial af Ascio technologies, Inc. USA","whois.ascio.com","http://www.ascio.com","Not Disclosed","Not Disclosed","Not Disclosed","Not Disclosed","","Not Disclosed","Azerbaijan","","Not Disclosed","Not Disclosed","Not Disclosed","Not Disclosed","Not Disclosed","Not Disclosed","Not Disclosed","Not Disclosed","Not Disclosed","","Not Disclosed","Not Disclosed","Not Disclosed","Not Disclosed","Not Disclosed","Not Disclosed","Not Disclosed","Not Disclosed","Not Disclosed","","Not Disclosed","Not Disclosed","","","","","","","","","","","dns1.123hjemmeside.dk","dns2.123hjemmeside.dk","dns3.123hjemmeside.dk","","OK","","",""
"5","ecehiz.com","2020-05-07 21:31:19","2020-05-06","2020-05-06","2021-05-06","146","GoDaddy.com, LLC","whois.godaddy.com","http://registrar.godaddy.com","","","","","Janub","","Azerbaijan","","","","","","","","","","","","","","","","","","","","","","","","","","","","","","","","","","ns1.omedia.az","ns2.omedia.az","","","clientDeleteProhibited","clientRenewProhibited","clientTransferProhibited","clientUpdateProhibited"
"6","ermineentertainment.com","2020-05-07 20:10:51","2020-05-05","2020-05-05","2021-05-05","146","GoDaddy.com, LLC","whois.godaddy.com","http://registrar.godaddy.com","entertainment","entertainment","","","Yasamal","","Azerbaijan","","","","","","","","","","","","","","","","","","","","","","","","","","","","","","","","","","ns59.domaincontrol.com","ns60.domaincontrol.com","","","clientDeleteProhibited","clientRenewProhibited","clientTransferProhibited","clientUpdateProhibited"
"7","eticaretkolleci.com","2020-05-07 20:49:36","2020-05-05","2020-05-05","2021-05-05","146","GoDaddy.com, LLC","whois.godaddy.com","http://registrar.godaddy.com","","","","","Narimanov","","Azerbaijan","","","","","","","","","","","","","","","","","","","","","","","","","","","","","","","","","","ns19.domaincontrol.com","ns20.domaincontrol.com","","","clientDeleteProhibited","clientRenewProhibited","clientTransferProhibited","clientUpdateProhibited"
"8","inteqral.com","2020-05-07 19:34:24","2020-05-05","2020-05-05","2021-05-05","303","PDR Ltd. d/b/a PublicDomainRegistry.com","whois.publicdomainregistry.com","http://www.publicdomainregistry.com","Korkmaz Ashrafov","Private Person","new yasamal 2","Baku","","AZ 1000","Azerbaijan","qorxmaz79@mail.ru","+994.707901011","","Korkmaz Ashrafov","Private Person","new yasamal 2","Baku","","AZ 1000","Azerbaijan","qorxmaz79@mail.ru","+994.707901011","","Korkmaz Ashrafov","Private Person","new yasamal 2","Baku","","AZ 1000","Azerbaijan","qorxmaz79@mail.ru","+994.707901011","","","","","","","","","","","","ns49.hostia.name","ns50.hostia.name","","","clientTransferProhibited","","",""
"9","isayevshaig.com","2020-05-07 19:13:07","2020-05-06","2020-05-06","2022-05-06","1154","FastDomain Inc.","whois.fastdomain.com","http://www.fastdomain.com","SHAIG ISAYEV","SHAIGIM","ANASHKIN 16Y","BAKU","","1001","Azerbaijan","shaig.isayev@gmail.com","+994.552309054","","SHAIG ISAYEV","SHAIGIM","ANASHKIN 16Y","BAKU","","1001","Azerbaijan","shaig.isayev@gmail.com","+994.552309054","","BLUEHOST INC","BLUEHOST.COM","550 E TIMPANOGOS PKWY","OREM","UTAH","84097","United States","domain@redl.ca","+1.8017659400","+1.8017651992","","","","","","","","","","","ns1.bluehost.com","ns2.bluehost.com","","","clientTransferProhibited","","",""
"10","khazarmarket.com","2020-05-07 21:07:42","2020-05-06","2020-05-06","2021-05-06","82","OnlineNIC, Inc.","whois.onlinenic.com","http://www.onlinenic.com","Yaghoub Abedini","Behesht e Pars Co","No 27, H Building","Baku","Baku","1196743859","Azerbaijan","oy221@yahoo.com","+97.2824653378","+97.2824653379","Yaghoub Abedini","Behesht e Pars Co","No 27, H Building","Baku","Baku","1196743859","Azerbaijan","oy221@yahoo.com","+97.2824653378","+97.2824653379","Yaghoub Abedini","Behesht e Pars Co","No 27, H Building","Baku","Baku","1196743859","Azerbaijan","oy221@yahoo.com","+97.2824653378","+97.2824653379","","","","","","","","","","","ns1.targanco.com","ns2.targanco.com","","","OK","","",""
"11","luxelwin.com","2020-05-07 21:07:40","2020-05-06","2020-05-06","2021-05-06","146","GoDaddy.com, LLC","whois.godaddy.com","http://registrar.godaddy.com","LUXE","LUXE","","","\u015e\u0259ki","","Azerbaijan","","","","","","","","","","","","","","","","","","","","","","","","","","","","","","","","","","ns71.domaincontrol.com","ns72.domaincontrol.com","","","clientDeleteProhibited","clientRenewProhibited","clientTransferProhibited","clientUpdateProhibited"
"12","mmamedoff.com","2020-05-07 19:17:20","2020-05-06","2020-05-06","2021-05-06","303","PDR Ltd. d/b/a PublicDomainRegistry.com","whois.publicdomainregistry.com","http://www.publicdomainregistry.com","Mamed Mamedov","Mamed Mamedov","M.Hadi 66","Baku","Baku","AZ 1124","Azerbaijan","mamed.photographer@gmail.com","+994.705474163","","Mamed Mamedov","Mamed Mamedov","M.Hadi 66","Baku","Baku","AZ 1124","Azerbaijan","mamed.photographer@gmail.com","+994.705474163","","Mamed Mamedov","Mamed Mamedov","M.Hadi 66","Baku","Baku","AZ 1124","Azerbaijan","mamed.photographer@gmail.com","+994.705474163","","","","","","","","","","","","dns1.wfolio.ru","dns2.wfolio.ru","","","clientTransferProhibited","","",""
"13","mygoodok.com","2020-05-07 21:11:38","2020-05-06","","2021-05-05","463","Regional Network Information Center, JSC dba RU-CENTER","whois.nic.ru","http://www.nic.ru","Shovgi Bagirov Cavid oglu","Shovgi Bagirov Cavid oglu","Nasimi dist. Abkikhanov str 42 19","Baku","Azerbaijan","1000","Azerbaijan","shovgi.bagirov48@gmail.com","+994.772557530","","Shovgi Bagirov Cavid oglu","Shovgi Bagirov Cavid oglu","Nasimi dist. Abkikhanov str 42 19","Baku","Azerbaijan","1000","Azerbaijan","shovgi.bagirov48@gmail.com","+994.772557530","","Shovgi Bagirov Cavid oglu","Shovgi Bagirov Cavid oglu","Nasimi dist. Abkikhanov str 42 19","Baku","Azerbaijan","1000","Azerbaijan","shovgi.bagirov48@gmail.com","+994.772557530","","","","","","","","","","","","statuspage1.nic.ru","statuspage2.nic.ru","","","clientTransferProhibited","","",""
"14","naxishaz.com","2020-05-07 20:26:58","2020-05-05","2020-05-05","2021-05-05","955","Launchpad, Inc.","whois.launchpad.com","http://www.launchpad.com","Samir Valiyev","","A.Aliyev 66","Baku","ABS","AZ 4200","Azerbaijan","samreh@bk.ru","+994.556419589","","Samir Valiyev","","A.Aliyev 66","Baku","ABS","AZ 4200","Azerbaijan","samreh@bk.ru","+994.556419589","","Samir Valiyev","","A.Aliyev 66","Baku","ABS","AZ 4200","Azerbaijan","samreh@bk.ru","+994.556419589","","","","","","","","","","","","ns8107.hostgator.com","ns8108.hostgator.com","","","clientTransferProhibited","","",""
"15","rubldex.com","2020-05-07 19:08:11","2020-05-06","2020-05-06","2021-05-06","146","GoDaddy.com, LLC","whois.godaddy.com","http://registrar.godaddy.com","rubldex","rubldex","","","XATA\u0130","","Azerbaijan","","","","","","","","","","","","","","","","","","","","","","","","","","","","","","","","","","ns37.domaincontrol.com","ns38.domaincontrol.com","","","clientDeleteProhibited","clientRenewProhibited","clientTransferProhibited","clientUpdateProhibited"
"16","slippersinaction.com","2020-05-07 19:14:18","2020-05-06","2020-05-06","2021-05-06","1154","FastDomain Inc.","whois.fastdomain.com","http://www.fastdomain.com","NARMIN SULTANLI","","A. GARDASHOV 11","ZAGATALA","","6200","Azerbaijan","contact.narminblog@gmail.com","+994.0552442392","","NARMIN SULTANLI","","A. GARDASHOV 11","ZAGATALA","","6200","Azerbaijan","contact.narminblog@gmail.com","+994.0552442392","","BLUEHOST INC","BLUEHOST.COM","550 E TIMPANOGOS PKWY","OREM","UTAH","84097","United States","domain@redl.ca","+1.8017659400","+1.8017651992","","","","","","","","","","","ns1.bluehost.com","ns2.bluehost.com","","","clientTransferProhibited","","",""
"17","tezibu.com","2020-05-07 19:17:31","2020-05-06","2020-05-06","2021-05-06","303","PDR Ltd. d/b/a PublicDomainRegistry.com","whois.publicdomainregistry.com","http://www.publicdomainregistry.com","meharet","","Baku","Baku","","az 1001","Azerbaijan","addsite541@mail.ru","+994.558252628","","meharet","","Baku","Baku","","az 1001","Azerbaijan","addsite541@mail.ru","+994.558252628","","meharet","","Baku","Baku","","az 1001","Azerbaijan","addsite541@mail.ru","+994.558252628","","","","","","","","","","","","ns5.sayt.az","ns6.sayt.az","","","clientTransferProhibited","","",""
"18","topcanadianreviews.com","2020-05-07 01:23:12","2020-05-04","2020-05-04","2021-05-04","146","GoDaddy.com, LLC","whois.godaddy.com","http://registrar.godaddy.com","","","","","Nizami","","Azerbaijan","","","","","","","","","","","","","","","","","","","","","","","","","","","","","","","","","","ns77.domaincontrol.com","ns78.domaincontrol.com","","","clientDeleteProhibited","clientRenewProhibited","clientTransferProhibited","clientUpdateProhibited"