"num","domain_name","query_time","create_date","update_date","expiry_date","domain_registrar_id","domain_registrar_name","domain_registrar_whois","domain_registrar_url","registrant_name","registrant_company","registrant_address","registrant_city","registrant_state","registrant_zip","registrant_country","registrant_email","registrant_phone","registrant_fax","administrative_name","administrative_company","administrative_address","administrative_city","administrative_state","administrative_zip","administrative_country","administrative_email","administrative_phone","administrative_fax","technical_name","technical_company","technical_address","technical_city","technical_state","technical_zip","technical_country","technical_email","technical_phone","technical_fax","billing_name","billing_company","billing_address","billing_city","billing_state","billing_zip","billing_country","billing_email","billing_phone","billing_fax","name_server_1","name_server_2","name_server_3","name_server_4","domain_status_1","domain_status_2","domain_status_3","domain_status_4"
"1","1xbethizligiris.com","2020-05-07 19:20:21","2020-05-06","2020-05-06","2021-05-06","146","GoDaddy.com, LLC","whois.godaddy.com","http://registrar.godaddy.com","","","","","Minsk","","Belarus","","","","","","","","","","","","","","","","","","","","","","","","","","","","","","","","","","ns19.domaincontrol.com","ns20.domaincontrol.com","","","clientDeleteProhibited","clientRenewProhibited","clientTransferProhibited","clientUpdateProhibited"
"2","black-swan.pro","2020-05-07 22:46:31","2020-05-06","","2021-05-06","3246","Reliable Software, Ltd.","","","Contact Privacy","Contact Privacy","","","","","Belarus","","","","","","","","","","","","","","","","","","","","","","","","","","","","","","","","","","ns1.hoster.by","ns2.hoster.by","","","addPeriod","serverTransferProhibited","",""
"3","brainy-agency.com","2020-05-07 21:09:18","2020-05-06","2020-05-06","2021-05-06","625","Name.com, Inc.","whois.name.com","http://www.name.com","Mikhail Shostak","","Yanki Mavra 48, 37","Minsk","Minsk","220015","Belarus","most.ak47@gmail.com","+375.291635546","","Mikhail Shostak","","Yanki Mavra 48, 37","Minsk","Minsk","220015","Belarus","most.ak47@gmail.com","+375.291635546","","Mikhail Shostak","","Yanki Mavra 48, 37","Minsk","Minsk","220015","Belarus","most.ak47@gmail.com","+375.291635546","","","","","","","","","","","","ns1glr.name.com","ns2dky.name.com","ns3nrz.name.com","ns4lpv.name.com","addPeriod","clientTransferProhibited","",""
"4","compteflix.com","2020-05-07 01:20:16","2020-05-04","2020-05-04","2021-05-04","48","eNom, Inc.","whois.enom.com","http://www.enom.com","REDACTED FOR PRIVACY","REDACTED FOR PRIVACY","REDACTED FOR PRIVACY","REDACTED FOR PRIVACY","Grodno","REDACTED FOR PRIVACY","Belarus","","REDACTED FOR PRIVACY","REDACTED FOR PRIVACY","REDACTED FOR PRIVACY","REDACTED FOR PRIVACY","REDACTED FOR PRIVACY","REDACTED FOR PRIVACY","REDACTED FOR PRIVACY","REDACTED FOR PRIVACY","REDACTED FOR PRIVACY","","REDACTED FOR PRIVACY","REDACTED FOR PRIVACY","REDACTED FOR PRIVACY","REDACTED FOR PRIVACY","REDACTED FOR PRIVACY","REDACTED FOR PRIVACY","REDACTED FOR PRIVACY","REDACTED FOR PRIVACY","REDACTED FOR PRIVACY","","REDACTED FOR PRIVACY","REDACTED FOR PRIVACY","","","","","","","","","","","ingrid.ns.onehostcloud.hosting","jane.ns.onehostcloud.hosting","norman.ns.onehostcloud.hosting","zlate.ns.onehostcloud.hosting","addPeriod","clientTransferProhibited","",""
"5","eivyn.com","2020-05-07 19:20:16","2020-05-06","2020-05-06","2021-05-06","303","PDR Ltd. d/b/a PublicDomainRegistry.com","whois.publicdomainregistry.com","http://www.publicdomainregistry.com","Aleksandr I Kapusta","","g. Bobrujsk  , ul. Maskovskaya d. 108 kv. 22","","","213819","Belarus","sashadepo@mail.ru","+86.13264223338","","Aleksandr I Kapusta","","g. Bobrujsk  , ul. Maskovskaya d. 108 kv. 22","","","213819","Belarus","sashadepo@mail.ru","+86.13264223338","","Aleksandr I Kapusta","","g. Bobrujsk  , ul. Maskovskaya d. 108 kv. 22","","","213819","Belarus","sashadepo@mail.ru","+86.13264223338","","","","","","","","","","","","ns1.timeweb.ru","ns2.timeweb.ru","ns3.timeweb.org","ns4.timeweb.org","clientTransferProhibited","","",""
"6","epoha.pro","2020-05-07 03:16:06","2020-05-05","2020-05-06","2021-05-05","3246","Reliable Software, Ltd.","","","Contact Privacy","Contact Privacy","","","","","Belarus","","","","","","","","","","","","","","","","","","","","","","","","","","","","","","","","","","u1.hoster.by","u2.hoster.by","","","addPeriod","serverTransferProhibited","",""
"7","evgenyzalesski.com","2020-05-07 21:17:43","2020-05-06","2020-05-06","2021-05-06","303","PDR Ltd. d/b/a PublicDomainRegistry.com","whois.publicdomainregistry.com","http://www.publicdomainregistry.com","Evgeniy Zalesskiy","","ul.Sinickogo, 7-70","Smorgon","","231000","Belarus","evgenyzalesski@gmail.com","+375.375292680128","","Evgeniy Zalesskiy","","ul.Sinickogo, 7-70","Smorgon","","231000","Belarus","evgenyzalesski@gmail.com","+375.375292680128","","Evgeniy Zalesskiy","","ul.Sinickogo, 7-70","Smorgon","","231000","Belarus","evgenyzalesski@gmail.com","+375.375292680128","","","","","","","","","","","","ns1.vigbo.com","ns2.vigbo.com","","","clientTransferProhibited","","",""
"8","illi.pro","2020-05-07 22:46:29","2020-05-06","2020-05-06","2021-05-06","3246","Reliable Software, Ltd.","","","Contact Privacy","Contact Privacy","","","","","Belarus","","","","","","","","","","","","","","","","","","","","","","","","","","","","","","","","","","u1.hoster.by","u2.hoster.by","","","addPeriod","serverTransferProhibited","",""
"9","ioannvoin.com","2020-05-07 21:13:11","2020-05-06","2020-05-06","2021-05-06","69","Tucows Domains Inc.","whois.tucows.com","http://domainhelp.opensrs.net","REDACTED FOR PRIVACY","REDACTED FOR PRIVACY","REDACTED FOR PRIVACY","REDACTED FOR PRIVACY","Minskaia oblast","REDACTED FOR PRIVACY","Belarus","","REDACTED FOR PRIVACY","REDACTED FOR PRIVACY","REDACTED FOR PRIVACY","REDACTED FOR PRIVACY","REDACTED FOR PRIVACY","REDACTED FOR PRIVACY","REDACTED FOR PRIVACY","REDACTED FOR PRIVACY","REDACTED FOR PRIVACY","","REDACTED FOR PRIVACY","REDACTED FOR PRIVACY","REDACTED FOR PRIVACY","REDACTED FOR PRIVACY","REDACTED FOR PRIVACY","REDACTED FOR PRIVACY","REDACTED FOR PRIVACY","REDACTED FOR PRIVACY","REDACTED FOR PRIVACY","","REDACTED FOR PRIVACY","REDACTED FOR PRIVACY","","","","","","","","","","","ns1.activeby.net","ns2.activeby.net","","","","","",""
"10","kolibrio.pro","2020-05-07 22:46:28","2020-05-06","2020-05-06","2021-05-06","3246","Reliable Software, Ltd.","","","","","","","","","Belarus","","","","","","","","","","","","","","","","","","","","","","","","","","","","","","","","","","u1.hoster.by","u2.hoster.by","","","addPeriod","serverTransferProhibited","",""
"11","korana-news.com","2020-05-07 20:56:42","2020-05-06","2020-05-06","2021-05-06","146","GoDaddy.com, LLC","whois.godaddy.com","http://registrar.godaddy.com","","","","","Belarus","","Belarus","","","","","","","","","","","","","","","","","","","","","","","","","","","","","","","","","","ns59.domaincontrol.com","ns60.domaincontrol.com","","","clientDeleteProhibited","clientRenewProhibited","clientTransferProhibited","clientUpdateProhibited"
"12","malaka.one","2020-05-07 05:32:50","2020-05-05","2020-05-05","2021-05-05","146","GoDaddy.com, LLC","whois.godaddy.com","http://registrar.godaddy.com","","","","","Minsk reg.","","Belarus","","","","","","","","","","","","","","","","","","","","","","","","","","","","","","","","","","ns49.domaincontrol.com","ns50.domaincontrol.com","","","addPeriod","clientDeleteProhibited","clientRenewProhibited","clientTransferProhibited"
"13","milesight.pro","2020-05-07 22:46:28","2020-05-06","","2021-05-06","3246","Reliable Software, Ltd.","","","Contact Privacy","Contact Privacy","","","","","Belarus","","","","","","","","","","","","","","","","","","","","","","","","","","","","","","","","","","ns1.hoster.by","ns2.hoster.by","","","addPeriod","serverTransferProhibited","",""
"14","monostitos.com","2020-05-07 19:27:16","2020-05-05","2020-05-05","2021-05-04","463","Regional Network Information Center, JSC dba RU-CENTER","whois.nic.ru","http://www.nic.ru","Zeldin Anton","Zeldin Anton","Bolshoy Golovin, 11","Moscow","Moscow","107045","Belarus","neferzem@gmail.com","+7.9217586819","","Zeldin Anton","Zeldin Anton","Bolshoy Golovin, 11","Moscow","Moscow","107045","Belarus","neferzem@gmail.com","+7.9217586819","","Zeldin Anton","Zeldin Anton","Bolshoy Golovin, 11","Moscow","Moscow","107045","Belarus","neferzem@gmail.com","+7.9217586819","","","","","","","","","","","","ns3-l2.nic.ru","ns4-cloud.nic.ru","ns4-l2.nic.ru","ns8-cloud.nic.ru","clientTransferProhibited","","",""
"15","plitkagames.com","2020-05-07 20:36:15","2020-05-05","2020-05-05","2021-05-05","303","PDR Ltd. d/b/a PublicDomainRegistry.com","whois.publicdomainregistry.com","http://www.publicdomainregistry.com","Yauheni Herasimenka","LLC KURENTER","Feduninskogo 17","Homel","Homelskaya","246007","Belarus","jackenddaniels@gmail.com","+375.256048565","","Yauheni Herasimenka","LLC KURENTER","Feduninskogo 17","Homel","Homelskaya","246007","Belarus","jackenddaniels@gmail.com","+375.256048565","","Yauheni Herasimenka","LLC KURENTER","Feduninskogo 17","Homel","Homelskaya","246007","Belarus","jackenddaniels@gmail.com","+375.256048565","","","","","","","","","","","","ns1.dns-parking.com","ns2.dns-parking.com","","","clientTransferProhibited","","",""
"16","pokereducation.net","2020-05-07 05:48:44","2020-05-05","2020-05-05","2021-05-05","3806","Beget LLC","","","Maksim Paddubniak Olegovich","","Ul. Engelsa 15","disna","vitebskay","211950","Belarus","worldchangeteam@gmail.com","+375.293313243","","Maksim Paddubniak Olegovich","","Ul. Engelsa 15","disna","vitebskay","211950","Belarus","worldchangeteam@gmail.com","+375.293313243","","Maksim Paddubniak Olegovich","","Ul. Engelsa 15","disna","vitebskay","211950","Belarus","worldchangeteam@gmail.com","+375.293313243","","","","","","","","","","","","ns1.beget.com","ns1.beget.pro","ns2.beget.com","ns2.beget.pro","clientTransferProhibited","","",""
"17","popan.pro","2020-05-07 22:46:26","2020-05-06","2020-05-06","2021-05-06","3246","Reliable Software, Ltd.","","","Contact Privacy","Contact Privacy","","","","","Belarus","","","","","","","","","","","","","","","","","","","","","","","","","","","","","","","","","","ns1.hoster.by","ns2.hoster.by","","","addPeriod","serverTransferProhibited","",""
"18","promos4profits.com","2020-05-07 21:19:01","2020-05-06","2020-05-06","2021-05-06","146","GoDaddy.com, LLC","whois.godaddy.com","http://registrar.godaddy.com","","","","","Belarus","","Belarus","","","","","","","","","","","","","","","","","","","","","","","","","","","","","","","","","","ns1.classyhost.com","ns2.classyhost.com","","","clientDeleteProhibited","clientRenewProhibited","clientTransferProhibited","clientUpdateProhibited"
"19","pugachovsky.com","2020-05-07 19:21:20","2020-05-06","2020-05-06","2021-05-06","303","PDR Ltd. d/b/a PublicDomainRegistry.com","whois.publicdomainregistry.com","http://www.publicdomainregistry.com","Galina CHernoshey","private person","Pugacheva 52","Gomel","Gomel","246000","Belarus","galinatchernoshei@yandex.ru","+375.291039794","+375.291039794","Galina CHernoshey","private person","Pugacheva 52","Gomel","Gomel","246000","Belarus","galinatchernoshei@yandex.ru","+375.291039794","+375.291039794","Galina CHernoshey","private person","Pugacheva 52","Gomel","Gomel","246000","Belarus","galinatchernoshei@yandex.ru","+375.291039794","+375.291039794","","","","","","","","","","","ns1.handyhost.ru","ns2.handyhost.ru","","","clientTransferProhibited","","",""
"20","sauna-minsk.info","2020-05-07 06:07:37","2020-05-05","2020-05-05","2021-05-05","303","PDR Ltd. d/b/a PublicDomainRegistry.com","whois.publicdomainregistry.com","http://www.publicdomainregistry.com","","","","","Minsk","","Belarus","","","","","","","","","","","","","","","","","","","","","","","","","","","","","","","","","","ns01.zonereg.ru","ns02.zonereg.ru","","","addPeriod","clientTransferProhibited","serverTransferProhibited",""
"21","sauna-minska.info","2020-05-07 06:11:51","2020-05-05","2020-05-05","2021-05-05","303","PDR Ltd. d/b/a PublicDomainRegistry.com","whois.publicdomainregistry.com","http://www.publicdomainregistry.com","","","","","Minsk","","Belarus","","","","","","","","","","","","","","","","","","","","","","","","","","","","","","","","","","ns01.zonereg.ru","ns02.zonereg.ru","","","addPeriod","clientTransferProhibited","serverTransferProhibited",""
"22","saunybani.info","2020-05-07 06:07:36","2020-05-05","2020-05-05","2021-05-05","303","PDR Ltd. d/b/a PublicDomainRegistry.com","whois.publicdomainregistry.com","http://www.publicdomainregistry.com","","","","","Minsk","","Belarus","","","","","","","","","","","","","","","","","","","","","","","","","","","","","","","","","","ns01.zonereg.ru","ns02.zonereg.ru","","","addPeriod","clientTransferProhibited","serverTransferProhibited",""
"23","slothunterpartners.com","2020-05-07 21:08:11","2020-05-06","2020-05-06","2021-05-06","146","GoDaddy.com, LLC","whois.godaddy.com","http://registrar.godaddy.com","","","","","Belarus","","Belarus","","","","","","","","","","","","","","","","","","","","","","","","","","","","","","","","","","ns73.domaincontrol.com","ns74.domaincontrol.com","","","clientDeleteProhibited","clientRenewProhibited","clientTransferProhibited","clientUpdateProhibited"
"24","tipidor.com","2020-05-07 21:01:44","2020-05-06","2020-05-06","2021-05-06","146","GoDaddy.com, LLC","whois.godaddy.com","http://registrar.godaddy.com","","","","","Minsk","","Belarus","","","","","","","","","","","","","","","","","","","","","","","","","","","","","","","","","","ns1.digitalocean.com","ns2.digitalocean.com","ns3.digitalocean.com","","clientDeleteProhibited","clientRenewProhibited","clientTransferProhibited","clientUpdateProhibited"
"25","turbox.pro","2020-05-07 22:46:24","2020-05-06","","2021-05-06","3246","Reliable Software, Ltd.","","","Contact Privacy","Contact Privacy","","","","","Belarus","","","","","","","","","","","","","","","","","","","","","","","","","","","","","","","","","","ns1.hoster.by","ns2.hoster.by","","","addPeriod","serverTransferProhibited","",""
"26","vittruckteh.com","2020-05-07 21:09:51","2020-05-06","2020-05-06","2021-05-06","1606","Limited Liability Company 'Registrar of domain names REG.RU'","whois.reg.ru","http://www.reg.ru","Yury Haidukou","VitTruckTeh","Tereshkovoi 11a","VItebsk","Vitebsk","210038","Belarus","gaidukoff@list.ru","+375.293747347","","Yury Haidukou","VitTruckTeh","Tereshkovoi 11a","VItebsk","Vitebsk","210038","Belarus","gaidukoff@list.ru","+375.293747347","","Yury Haidukou","VitTruckTeh","Tereshkovoi 11a","VItebsk","Vitebsk","210038","Belarus","gaidukoff@list.ru","+375.293747347","","","","","","","","","","","","ns1.selectel.org","ns2.selectel.org","ns3.selectel.org","ns4.selectel.org","clientTransferProhibited","","",""
"27","xmentor.pro","2020-05-07 03:16:09","2020-05-05","","2021-05-05","3246","Reliable Software, Ltd.","","","Contact Privacy","Contact Privacy","","","","","Belarus","","","","","","","","","","","","","","","","","","","","","","","","","","","","","","","","","","ns1.hoster.by","ns2.hoster.by","","","addPeriod","serverTransferProhibited","",""
"28","yoganadia.com","2020-05-07 20:34:47","2020-05-05","2020-05-05","2021-05-05","146","GoDaddy.com, LLC","whois.godaddy.com","http://registrar.godaddy.com","","","","","\u041c\u0438\u043d\u0441\u043a\u0430\u044f","","Belarus","","","","","","","","","","","","","","","","","","","","","","","","","","","","","","","","","","ns59.domaincontrol.com","ns60.domaincontrol.com","","","clientDeleteProhibited","clientRenewProhibited","clientTransferProhibited","clientUpdateProhibited"