"num","domain_name","query_time","create_date","update_date","expiry_date","domain_registrar_id","domain_registrar_name","domain_registrar_whois","domain_registrar_url","registrant_name","registrant_company","registrant_address","registrant_city","registrant_state","registrant_zip","registrant_country","registrant_email","registrant_phone","registrant_fax","administrative_name","administrative_company","administrative_address","administrative_city","administrative_state","administrative_zip","administrative_country","administrative_email","administrative_phone","administrative_fax","technical_name","technical_company","technical_address","technical_city","technical_state","technical_zip","technical_country","technical_email","technical_phone","technical_fax","billing_name","billing_company","billing_address","billing_city","billing_state","billing_zip","billing_country","billing_email","billing_phone","billing_fax","name_server_1","name_server_2","name_server_3","name_server_4","domain_status_1","domain_status_2","domain_status_3","domain_status_4"
"1","arimaxe.com","2020-05-07 21:06:49","2020-05-06","2020-05-06","2021-05-06","1630","Ligne Web Services SARL","whois.nic.fr","http://www.ait.com","","","","","","","Benin","2c8d262065e85ff11e7c50676841cf47@whois-anonymous.com","","","","","","","","","Benin","2c8d262065e85ff11e7c50676841cf47@whois-anonymous.com","","","","","","","","","Benin","2c8d262065e85ff11e7c50676841cf47@whois-anonymous.com","","","","","","","","","Benin","2c8d262065e85ff11e7c50676841cf47@whois-anonymous.com","","","","","","","More","clientTransferProhibited","informations","on"
"2","associationyamadjako.net","2020-05-07 05:52:01","2020-05-04","2020-05-04","2021-05-04","1630","Ligne Web Services SARL","whois.nic.fr","http://www.ait.com","","","","","","","Benin","09af1a702b2c8368339dd52a93cd2d81@whois-anonymous.com","","","","","","","","","Benin","09af1a702b2c8368339dd52a93cd2d81@whois-anonymous.com","","","","","","","","","Benin","09af1a702b2c8368339dd52a93cd2d81@whois-anonymous.com","","","","","","","","","Benin","09af1a702b2c8368339dd52a93cd2d81@whois-anonymous.com","","","","","","","More","informations","on",""
"3","benin-immo-prestige.com","2020-05-07 21:07:52","2020-05-06","2020-05-06","2021-05-06","303","PDR Ltd. d/b/a PublicDomainRegistry.com","whois.publicdomainregistry.com","http://www.publicdomainregistry.com","Benjamin Tetevi","","C/1769 Fidjrosse Cotonou Benin","Cotonou","Littoral","229","Benin","benjamintetevi@gmail.com","+229.97727512","","Benjamin Tetevi","","C/1769 Fidjrosse Cotonou Benin","Cotonou","Littoral","229","Benin","benjamintetevi@gmail.com","+229.97727512","","Benjamin Tetevi","","C/1769 Fidjrosse Cotonou Benin","Cotonou","Littoral","229","Benin","benjamintetevi@gmail.com","+229.97727512","","","","","","","","","","","","ns1.depro3.fcomet.com","ns2.depro3.fcomet.com","","","clientTransferProhibited","","",""
"4","c-agricola.com","2020-05-07 21:08:02","2020-05-06","2020-05-06","2021-05-06","1630","Ligne Web Services SARL","whois.nic.fr","http://www.ait.com","","","","","","","Benin","a79aa057cb6e8c2dfa459446f13780d4@whois-anonymous.com","","","","","","","","","Benin","a79aa057cb6e8c2dfa459446f13780d4@whois-anonymous.com","","","","","","","","","Benin","a79aa057cb6e8c2dfa459446f13780d4@whois-anonymous.com","","","","","","","","","Benin","a79aa057cb6e8c2dfa459446f13780d4@whois-anonymous.com","","","","","","","More","clientTransferProhibited","informations","on"
"5","cludfex.com","2020-05-07 21:09:16","2020-05-06","2020-05-06","2021-05-06","146","GoDaddy.com, LLC","whois.godaddy.com","http://registrar.godaddy.com","Judcon","Judcon","","","Oueme","","Benin","","","","","","","","","","","","","","","","","","","","","","","","","","","","","","","","","","ns59.domaincontrol.com","ns60.domaincontrol.com","","","clientDeleteProhibited","clientRenewProhibited","clientTransferProhibited","clientUpdateProhibited"
"6","credits-social.com","2020-05-07 21:00:27","2020-05-06","2020-05-06","2021-05-06","69","Tucows Domains Inc.","whois.tucows.com","http://domainhelp.opensrs.net","REDACTED FOR PRIVACY","REDACTED FOR PRIVACY","REDACTED FOR PRIVACY","REDACTED FOR PRIVACY","XX","REDACTED FOR PRIVACY","Benin","","REDACTED FOR PRIVACY","REDACTED FOR PRIVACY","REDACTED FOR PRIVACY","REDACTED FOR PRIVACY","REDACTED FOR PRIVACY","REDACTED FOR PRIVACY","REDACTED FOR PRIVACY","REDACTED FOR PRIVACY","REDACTED FOR PRIVACY","","REDACTED FOR PRIVACY","REDACTED FOR PRIVACY","REDACTED FOR PRIVACY","REDACTED FOR PRIVACY","REDACTED FOR PRIVACY","REDACTED FOR PRIVACY","REDACTED FOR PRIVACY","REDACTED FOR PRIVACY","REDACTED FOR PRIVACY","","REDACTED FOR PRIVACY","REDACTED FOR PRIVACY","","","","","","","","","","","ns1.giow1085.siteground.us","ns2.giow1085.siteground.us","","","clientTransferProhibited","clientUpdateProhibited","",""
"7","dcolinspire.com","2020-05-07 20:21:06","2020-05-05","2020-05-06","2021-05-05","81","Gandi SAS","whois.gandi.net","http://www.gandi.net","REDACTED FOR PRIVACY","Dcolsay","REDACTED FOR PRIVACY","REDACTED FOR PRIVACY","","REDACTED FOR PRIVACY","Benin","e7df390eda18a04adc583fcdd1e446da-18890901@contact.gandi.net","REDACTED FOR PRIVACY","REDACTED FOR PRIVACY","REDACTED FOR PRIVACY","REDACTED FOR PRIVACY","REDACTED FOR PRIVACY","REDACTED FOR PRIVACY","REDACTED FOR PRIVACY","REDACTED FOR PRIVACY","REDACTED FOR PRIVACY","e7df390eda18a04adc583fcdd1e446da-18890901@contact.gandi.net","REDACTED FOR PRIVACY","REDACTED FOR PRIVACY","REDACTED FOR PRIVACY","REDACTED FOR PRIVACY","REDACTED FOR PRIVACY","REDACTED FOR PRIVACY","REDACTED FOR PRIVACY","REDACTED FOR PRIVACY","REDACTED FOR PRIVACY","e7df390eda18a04adc583fcdd1e446da-18890901@contact.gandi.net","REDACTED FOR PRIVACY","REDACTED FOR PRIVACY","","","","","","","","","","","ns-172-a.gandi.net","ns-67-c.gandi.net","ns-97-b.gandi.net","","clientTransferProhibited","","",""
"8","especesnetfinances.com","2020-05-07 21:01:35","2020-05-06","2020-05-06","2021-05-06","303","PDR Ltd. d/b/a PublicDomainRegistry.com","whois.publicdomainregistry.com","http://www.publicdomainregistry.com","Espece Net Finance","","Cotonou","Cotonou","Atakora","","Benin","everspiroska@gmail.com","+229.97368163","","Espece Net Finance","","Cotonou","Cotonou","Atakora","","Benin","everspiroska@gmail.com","+229.97368163","","Espece Net Finance","","Cotonou","Cotonou","Atakora","","Benin","everspiroska@gmail.com","+229.97368163","","","","","","","","","","","","ns1.cp-21.webhostbox.net","ns2.cp-21.webhostbox.net","","","clientTransferProhibited","","",""
"9","fertileisland.com","2020-05-07 21:04:08","2020-05-06","2020-05-06","2021-05-06","1630","Ligne Web Services SARL","whois.nic.fr","http://www.ait.com","","","","","","","Benin","1b2b93b6d20cdd0e5355bd856ddcea68@whois-anonymous.com","","","","","","","","","Benin","1b2b93b6d20cdd0e5355bd856ddcea68@whois-anonymous.com","","","","","","","","","Benin","1b2b93b6d20cdd0e5355bd856ddcea68@whois-anonymous.com","","","","","","","","","Benin","1b2b93b6d20cdd0e5355bd856ddcea68@whois-anonymous.com","","","","","","","More","clientTransferProhibited","informations","on"
"10","gestion-vote-soava.com","2020-05-07 19:17:37","2020-05-06","2020-05-06","2021-05-06","1630","Ligne Web Services SARL","whois.nic.fr","http://www.ait.com","","","","","","","Benin","113434083a923eb07ba51189da47ea61@whois-anonymous.com","","","","","","","","","Benin","113434083a923eb07ba51189da47ea61@whois-anonymous.com","","","","","","","","","Benin","113434083a923eb07ba51189da47ea61@whois-anonymous.com","","","","","","","","","Benin","113434083a923eb07ba51189da47ea61@whois-anonymous.com","","","","","","","More","clientTransferProhibited","informations","on"
"11","grubergruppe.com","2020-05-07 21:09:07","2020-05-06","2020-05-06","2021-05-06","1630","Ligne Web Services SARL","whois.nic.fr","http://www.ait.com","","","","","","","Benin","a79aa057cb6e8c2dfa459446f13780d4@whois-anonymous.com","","","","","","","","","Benin","a79aa057cb6e8c2dfa459446f13780d4@whois-anonymous.com","","","","","","","","","Benin","a79aa057cb6e8c2dfa459446f13780d4@whois-anonymous.com","","","","","","","","","Benin","a79aa057cb6e8c2dfa459446f13780d4@whois-anonymous.com","","","","","","","More","clientTransferProhibited","informations","on"
"12","hnestate.com","2020-05-07 21:06:03","2020-05-06","2020-05-06","2021-05-06","433","OVH sas","whois.ovh.com","http://www.ovh.com","REDACTED FOR PRIVACY","IBK TECHNOLOGIES","REDACTED FOR PRIVACY","REDACTED FOR PRIVACY","","REDACTED FOR PRIVACY","Benin","6k2m1tvbd0f0xdtlukb5@o.o-w-o.info","REDACTED FOR PRIVACY","REDACTED FOR PRIVACY","REDACTED FOR PRIVACY","REDACTED FOR PRIVACY","REDACTED FOR PRIVACY","REDACTED FOR PRIVACY","REDACTED FOR PRIVACY","REDACTED FOR PRIVACY","REDACTED FOR PRIVACY","qtq7wnegptt8bp4d924z@s.o-w-o.info","REDACTED FOR PRIVACY","REDACTED FOR PRIVACY","REDACTED FOR PRIVACY","REDACTED FOR PRIVACY","REDACTED FOR PRIVACY","REDACTED FOR PRIVACY","REDACTED FOR PRIVACY","REDACTED FOR PRIVACY","REDACTED FOR PRIVACY","qtq7wnegptt8bp4d924z@s.o-w-o.info","REDACTED FOR PRIVACY","REDACTED FOR PRIVACY","","","","","","","","","","","dns110.ovh.net","ns110.ovh.net","","","clientDeleteProhibited","clientTransferProhibited","",""
"13","jackwart.com","2020-05-07 21:04:08","2020-05-06","2020-05-06","2021-05-06","1630","Ligne Web Services SARL","whois.nic.fr","http://www.ait.com","","","","","","","Benin","1b2b93b6d20cdd0e5355bd856ddcea68@whois-anonymous.com","","","","","","","","","Benin","1b2b93b6d20cdd0e5355bd856ddcea68@whois-anonymous.com","","","","","","","","","Benin","1b2b93b6d20cdd0e5355bd856ddcea68@whois-anonymous.com","","","","","","","","","Benin","1b2b93b6d20cdd0e5355bd856ddcea68@whois-anonymous.com","","","","","","","More","clientTransferProhibited","informations","on"
"14","myslendertea.net","2020-05-07 23:15:56","2020-05-06","2020-05-06","2021-05-06","1630","Ligne Web Services SARL","whois.nic.fr","http://www.ait.com","","","","","","","Benin","400b783105cf2eb89e83d178edcb8c55@whois-anonymous.com","","","","","","","","","Benin","400b783105cf2eb89e83d178edcb8c55@whois-anonymous.com","","","","","","","","","Benin","400b783105cf2eb89e83d178edcb8c55@whois-anonymous.com","","","","","","","","","Benin","400b783105cf2eb89e83d178edcb8c55@whois-anonymous.com","","","","","","","More","informations","on",""
"15","pecunia-shoping.com","2020-05-07 21:07:09","2020-05-06","2020-05-06","2021-05-06","1630","Ligne Web Services SARL","whois.nic.fr","http://www.ait.com","","","","","","","Benin","33b791b7ad484732dff50e5ffbb2f8d6@whois-anonymous.com","","","","","","","","","Benin","33b791b7ad484732dff50e5ffbb2f8d6@whois-anonymous.com","","","","","","","","","Benin","33b791b7ad484732dff50e5ffbb2f8d6@whois-anonymous.com","","","","","","","","","Benin","33b791b7ad484732dff50e5ffbb2f8d6@whois-anonymous.com","","","","","","","More","clientTransferProhibited","informations","on"
"16","unicoreco.com","2020-05-07 21:06:44","2020-05-06","2020-05-06","2021-05-06","1630","Ligne Web Services SARL","whois.nic.fr","http://www.ait.com","","","","","","","Benin","fd454e8955c9828832149b6877d9079b@whois-anonymous.com","","","","","","","","","Benin","fd454e8955c9828832149b6877d9079b@whois-anonymous.com","","","","","","","","","Benin","fd454e8955c9828832149b6877d9079b@whois-anonymous.com","","","","","","","","","Benin","fd454e8955c9828832149b6877d9079b@whois-anonymous.com","","","","","","","More","clientTransferProhibited","informations","on"