"num","domain_name","query_time","create_date","update_date","expiry_date","domain_registrar_id","domain_registrar_name","domain_registrar_whois","domain_registrar_url","registrant_name","registrant_company","registrant_address","registrant_city","registrant_state","registrant_zip","registrant_country","registrant_email","registrant_phone","registrant_fax","administrative_name","administrative_company","administrative_address","administrative_city","administrative_state","administrative_zip","administrative_country","administrative_email","administrative_phone","administrative_fax","technical_name","technical_company","technical_address","technical_city","technical_state","technical_zip","technical_country","technical_email","technical_phone","technical_fax","billing_name","billing_company","billing_address","billing_city","billing_state","billing_zip","billing_country","billing_email","billing_phone","billing_fax","name_server_1","name_server_2","name_server_3","name_server_4","domain_status_1","domain_status_2","domain_status_3","domain_status_4"
"1","9inmovil.com","2020-05-07 20:09:49","2020-05-05","2020-05-05","2021-05-05","1403","10dencehispahard, S.L.","whois.cdmon.com","http://www.cdmon.com","REDACTED FOR PRIVACY","","REDACTED FOR PRIVACY","REDACTED FOR PRIVACY","santa cruz","REDACTED FOR PRIVACY","Bolivia","","REDACTED FOR PRIVACY","REDACTED FOR PRIVACY","REDACTED FOR PRIVACY","REDACTED FOR PRIVACY","REDACTED FOR PRIVACY","REDACTED FOR PRIVACY","REDACTED FOR PRIVACY","REDACTED FOR PRIVACY","REDACTED FOR PRIVACY","","REDACTED FOR PRIVACY","REDACTED FOR PRIVACY","REDACTED FOR PRIVACY","REDACTED FOR PRIVACY","REDACTED FOR PRIVACY","REDACTED FOR PRIVACY","REDACTED FOR PRIVACY","REDACTED FOR PRIVACY","REDACTED FOR PRIVACY","","REDACTED FOR PRIVACY","REDACTED FOR PRIVACY","","","","","","","","","","","ns1.cdmon.net","ns2.cdmon.net","ns3.cdmon.net","ns4.cdmondns-01.org","clientTransferProhibited","","",""
"2","alexisrojo.com","2020-05-07 21:21:38","2020-05-06","2020-05-06","2021-05-06","1647","Hosting Concepts B.V. dba Openprovider","whois.registrar.eu","http://www.openprovider.com","REDACTED FOR PRIVACY","","REDACTED FOR PRIVACY","REDACTED FOR PRIVACY","Murillo","REDACTED FOR PRIVACY","Bolivia","","REDACTED FOR PRIVACY","REDACTED FOR PRIVACY","REDACTED FOR PRIVACY","REDACTED FOR PRIVACY","REDACTED FOR PRIVACY","REDACTED FOR PRIVACY","REDACTED FOR PRIVACY","REDACTED FOR PRIVACY","REDACTED FOR PRIVACY","","REDACTED FOR PRIVACY","REDACTED FOR PRIVACY","REDACTED FOR PRIVACY","REDACTED FOR PRIVACY","REDACTED FOR PRIVACY","REDACTED FOR PRIVACY","REDACTED FOR PRIVACY","REDACTED FOR PRIVACY","REDACTED FOR PRIVACY","","REDACTED FOR PRIVACY","REDACTED FOR PRIVACY","","","","","","","","","","","dns1.sered.net","dns2.sered.net","dns3.sered.net","dns4.sered.net","clientTransferProhibited","ok","",""
"3","andreacisnerosmkt.com","2020-05-07 19:21:29","2020-05-06","2020-05-06","2021-05-06","955","Launchpad, Inc.","whois.launchpad.com","http://www.launchpad.com","Andre Cisneros","","Villa San Antonio Bajo Calle La Paz Bolivia","La Paz","La Paz","","Bolivia","cisnerosandre@gmail.com","+591.60516534","","Andre Cisneros","","Villa San Antonio Bajo Calle La Paz Bolivia","La Paz","La Paz","","Bolivia","cisnerosandre@gmail.com","+591.60516534","","Andre Cisneros","","Villa San Antonio Bajo Calle La Paz Bolivia","La Paz","La Paz","","Bolivia","cisnerosandre@gmail.com","+591.60516534","","","","","","","","","","","","ns8137.hostgator.com","ns8138.hostgator.com","","","clientTransferProhibited","","",""
"4","appeatit-delivery.com","2020-05-07 20:10:00","2020-05-05","2020-05-05","2021-05-05","303","PDR Ltd. d/b/a PublicDomainRegistry.com","whois.publicdomainregistry.com","http://www.publicdomainregistry.com","Tito Villalpando","Andinahost","Santiago II Av. 1 N.2","El Alto","La Paz","0000","Bolivia","ventas@avancehost.com","+591.2813436","","Tito Villalpando","Andinahost","Santiago II Av. 1 N.2","El Alto","La Paz","0000","Bolivia","ventas@avancehost.com","+591.2813436","","Tito Villalpando","Andinahost","Santiago II Av. 1 N.2","El Alto","La Paz","0000","Bolivia","ventas@avancehost.com","+591.2813436","","","","","","","","","","","","ns1.avancehost.com","ns2.avancehost.com","","","clientTransferProhibited","","",""
"5","bipmarketingonline.com","2020-05-07 20:25:04","2020-05-05","2020-05-05","2021-05-05","955","Launchpad, Inc.","whois.launchpad.com","http://www.launchpad.com","Priscila Limachi","","priscila","la paz","L","","Bolivia","bip.mktsolutions@gmail.com","+591.78866488","","Priscila Limachi","","priscila","la paz","L","","Bolivia","bip.mktsolutions@gmail.com","+591.78866488","","Priscila Limachi","","priscila","la paz","L","","Bolivia","bip.mktsolutions@gmail.com","+591.78866488","","","","","","","","","","","","ns6433.hostgator.com","ns6434.hostgator.com","","","clientTransferProhibited","","",""
"6","camptestcm.com","2020-05-07 20:11:21","2020-05-05","2020-05-05","2021-05-05","303","PDR Ltd. d/b/a PublicDomainRegistry.com","whois.publicdomainregistry.com","http://www.publicdomainregistry.com","Jorge Miguel Cervantes Mamani","unknon","Av. petrolera km. 7","Cochabamba","Cercado","00000","Bolivia","jorgemiguel.jmcm@gmail.com","+591.77924850","","Jorge Miguel Cervantes Mamani","unknon","Av. petrolera km. 7","Cochabamba","Cercado","00000","Bolivia","jorgemiguel.jmcm@gmail.com","+591.77924850","","Jorge Miguel Cervantes Mamani","unknon","Av. petrolera km. 7","Cochabamba","Cercado","00000","Bolivia","jorgemiguel.jmcm@gmail.com","+591.77924850","","","","","","","","","","","","ns1.dns-parking.com","ns2.dns-parking.com","","","clientTransferProhibited","","",""
"7","canillita.net","2020-05-07 23:19:49","2020-05-06","2020-05-06","2021-05-06","886","Domain.com, LLC","whois.domain.com","http://www.domain.com","REDACTED FOR PRIVACY","REDACTED FOR PRIVACY","REDACTED FOR PRIVACY","REDACTED FOR PRIVACY","NA","REDACTED FOR PRIVACY","Bolivia","","REDACTED FOR PRIVACY","REDACTED FOR PRIVACY","REDACTED FOR PRIVACY","REDACTED FOR PRIVACY","REDACTED FOR PRIVACY","REDACTED FOR PRIVACY","REDACTED FOR PRIVACY","REDACTED FOR PRIVACY","REDACTED FOR PRIVACY","","REDACTED FOR PRIVACY","REDACTED FOR PRIVACY","REDACTED FOR PRIVACY","REDACTED FOR PRIVACY","REDACTED FOR PRIVACY","REDACTED FOR PRIVACY","REDACTED FOR PRIVACY","REDACTED FOR PRIVACY","REDACTED FOR PRIVACY","","REDACTED FOR PRIVACY","REDACTED FOR PRIVACY","","","","","","","","","","","ns1.startlogic.com","ns2.startlogic.com","","","clientTransferProhibited","clientUpdateProhibited","",""
"8","clubcenter-host.com","2020-05-07 20:22:09","2020-05-05","2020-05-05","2023-05-05","146","GoDaddy.com, LLC","whois.godaddy.com","http://registrar.godaddy.com","clubcenterhost","clubcenterhost","","","TOMAS FRIAS","","Bolivia","","","","","","","","","","","","","","","","","","","","","","","","","","","","","","","","","","ns1.clubcenter-host.com","ns2.clubcenter-host.com","","","clientDeleteProhibited","clientRenewProhibited","clientTransferProhibited","clientUpdateProhibited"
"9","contraveltalleres.com","2020-05-07 21:01:24","2020-05-06","2020-05-06","2021-05-06","146","GoDaddy.com, LLC","whois.godaddy.com","http://registrar.godaddy.com","PMQ","PMQ","","","Cercado","","Bolivia","","","","","","","","","","","","","","","","","","","","","","","","","","","","","","","","","","ns35.domaincontrol.com","ns36.domaincontrol.com","","","clientDeleteProhibited","clientRenewProhibited","clientTransferProhibited","clientUpdateProhibited"
"10","digital-process.net","2020-05-07 23:17:30","2020-05-05","2020-05-05","2021-05-05","303","PDR Ltd. d/b/a PublicDomainRegistry.com","whois.publicdomainregistry.com","http://www.publicdomainregistry.com","Grover Carlo","","Calle 27b Esquina Jose Aguirre Zona Los Pinos","La Paz","La Paz","00000","Bolivia","grover.m.carlo@gmail.com","+591.79443330","","Grover Carlo","","Calle 27b Esquina Jose Aguirre Zona Los Pinos","La Paz","La Paz","00000","Bolivia","grover.m.carlo@gmail.com","+591.79443330","","Grover Carlo","","Calle 27b Esquina Jose Aguirre Zona Los Pinos","La Paz","La Paz","00000","Bolivia","grover.m.carlo@gmail.com","+591.79443330","","","","","","","","","","","","ns3.alojamiento.vip","ns4.alojamiento.vip","","","clientTransferProhibited","","",""
"11","eduhubacademia.com","2020-05-07 21:31:47","2020-05-06","2020-05-06","2022-05-06","146","GoDaddy.com, LLC","whois.godaddy.com","http://registrar.godaddy.com","infinity","infinity","","","Cercado","","Bolivia","","","","","","","","","","","","","","","","","","","","","","","","","","","","","","","","","","ns59.domaincontrol.com","ns60.domaincontrol.com","","","clientDeleteProhibited","clientRenewProhibited","clientTransferProhibited","clientUpdateProhibited"
"12","elproveedor.net","2020-05-07 23:16:46","2020-05-06","2020-05-06","2021-05-06","1005","NetEarth One Inc. d/b/a NetEarth","whois.advancedregistrar.com","http://www.netearthone.com","Enin Baqueros","EninSoft-Cloud","Calle Cuellar #244","Santa Cruz de la Sierra","Santa Cruz","0000","Bolivia","eninbaqueros@gmail.com","+591.77073052","","Enin Baqueros","EninSoft-Cloud","Calle Cuellar #244","Santa Cruz de la Sierra","Santa Cruz","0000","Bolivia","eninbaqueros@gmail.com","+591.77073052","","Enin Baqueros","EninSoft-Cloud","Calle Cuellar #244","Santa Cruz de la Sierra","Santa Cruz","0000","Bolivia","eninbaqueros@gmail.com","+591.77073052","","","","","","","","","","","","ns71.neothek.com","ns72.neothek.com","","","clientTransferProhibited","","",""
"13","emisantacruz.com","2020-05-07 20:30:20","2020-05-05","2020-05-05","2021-05-05","146","GoDaddy.com, LLC","whois.godaddy.com","http://registrar.godaddy.com","","","","","Andres Ibanez","","Bolivia","","","","","","","","","","","","","","","","","","","","","","","","","","","","","","","","","","ns1.isolmedia.com","ns2.isolmedia.com","","","clientDeleteProhibited","clientRenewProhibited","clientTransferProhibited","clientUpdateProhibited"
"14","ferreteriawaliki.com","2020-05-07 21:35:35","2020-05-06","2020-05-06","2021-05-06","955","Launchpad, Inc.","whois.launchpad.com","http://www.launchpad.com","johnny borda","xtreme","av. ramos gavilan 1881","la paz","La Paz","0020","Bolivia","xtremeservices@hotmail.com","+591.73249400","","johnny borda","xtreme","av. ramos gavilan 1881","la paz","La Paz","0020","Bolivia","xtremeservices@hotmail.com","+591.73249400","","johnny borda","xtreme","av. ramos gavilan 1881","la paz","La Paz","0020","Bolivia","xtremeservices@hotmail.com","+591.73249400","","","","","","","","","","","","ns6515.hostgator.com","ns6516.hostgator.com","","","clientTransferProhibited","","",""
"15","fisiolivelp.com","2020-05-07 21:36:57","2020-05-06","2020-05-06","2021-05-06","955","Launchpad, Inc.","whois.launchpad.com","http://www.launchpad.com","Karina Criales","","Av Diego","La Paz","L","","Bolivia","fisiolive.lapaz@gmail.com","+591.71586181","","Karina Criales","","Av Diego","La Paz","L","","Bolivia","fisiolive.lapaz@gmail.com","+591.71586181","","Karina Criales","","Av Diego","La Paz","L","","Bolivia","fisiolive.lapaz@gmail.com","+591.71586181","","","","","","","","","","","","ns8279.hostgator.com","ns8280.hostgator.com","","","clientTransferProhibited","","",""
"16","futbolclub11.com","2020-05-07 01:18:02","2020-05-04","2020-05-04","2021-05-04","303","PDR Ltd. d/b/a PublicDomainRegistry.com","whois.publicdomainregistry.com","http://www.publicdomainregistry.com","jose cuba","","Av san martin no 123","cbba","Cochabamba","00591","Bolivia","doctorcuba1@gmail.com","+591.77400119","","jose cuba","","Av san martin no 123","cbba","Cochabamba","00591","Bolivia","doctorcuba1@gmail.com","+591.77400119","","jose cuba","","Av san martin no 123","cbba","Cochabamba","00591","Bolivia","doctorcuba1@gmail.com","+591.77400119","","","","","","","","","","","","rns5.webhostbox.net","rns6.webhostbox.net","","","clientTransferProhibited","","",""
"17","icrecimientoemprendedor.com","2020-05-07 20:36:19","2020-05-05","2020-05-05","2021-05-05","303","PDR Ltd. d/b/a PublicDomainRegistry.com","whois.publicdomainregistry.com","http://www.publicdomainregistry.com","Sergio Ballon","reserhost","jose saravia 1699","la paz","La Paz","591","Bolivia","reserdigital@gmail.com","+591.2487731","","Sergio Ballon","reserhost","jose saravia 1699","la paz","La Paz","591","Bolivia","reserdigital@gmail.com","+591.2487731","","Sergio Ballon","reserhost","jose saravia 1699","la paz","La Paz","591","Bolivia","reserdigital@gmail.com","+591.2487731","","","","","","","","","","","","ns1.bh-72.webhostbox.net","ns2.bh-72.webhostbox.net","","","clientTransferProhibited","","",""
"18","inesco-teams.com","2020-05-07 20:57:13","2020-05-06","2020-05-06","2021-05-06","1387","1API GmbH","whois.1api.net","http://www.1api.net","REDACTED FOR PRIVACY","REDACTED FOR PRIVACY","REDACTED FOR PRIVACY","REDACTED FOR PRIVACY","Santa cruz","REDACTED FOR PRIVACY","Bolivia","","REDACTED FOR PRIVACY","","REDACTED FOR PRIVACY","REDACTED FOR PRIVACY","REDACTED FOR PRIVACY","REDACTED FOR PRIVACY","REDACTED FOR PRIVACY","REDACTED FOR PRIVACY","REDACTED FOR PRIVACY","","REDACTED FOR PRIVACY","","REDACTED FOR PRIVACY","REDACTED FOR PRIVACY","REDACTED FOR PRIVACY","REDACTED FOR PRIVACY","REDACTED FOR PRIVACY","REDACTED FOR PRIVACY","REDACTED FOR PRIVACY","","REDACTED FOR PRIVACY","","","","","","","","","","","","ns1.whc.ca","ns2.whc.ca","ns3.whc.ca","","clientTransferProhibited","","",""
"19","jeraweb.com","2020-05-07 21:46:13","2020-05-05","2020-05-05","2021-05-05","955","Launchpad, Inc.","whois.launchpad.com","http://www.launchpad.com","Teodoro Quispe Leva","","neetwork","Sucre","H","","Bolivia","ing.tql@gmail.com","+591.72890660","","Teodoro Quispe Leva","","neetwork","Sucre","H","","Bolivia","ing.tql@gmail.com","+591.72890660","","Teodoro Quispe Leva","","neetwork","Sucre","H","","Bolivia","ing.tql@gmail.com","+591.72890660","","","","","","","","","","","","ns8345.hostgator.com","ns8346.hostgator.com","","","clientTransferProhibited","","",""
"20","justoatiempos.com","2020-05-07 20:11:20","2020-05-05","2020-05-05","2021-05-05","146","GoDaddy.com, LLC","whois.godaddy.com","http://registrar.godaddy.com","sn","sn","","","Bolivia","","Bolivia","","","","","","","","","","","","","","","","","","","","","","","","","","","","","","","","","","ns73.domaincontrol.com","ns74.domaincontrol.com","","","clientDeleteProhibited","clientRenewProhibited","clientTransferProhibited","clientUpdateProhibited"
"21","kirikubolivia.com","2020-05-07 19:10:56","2020-05-06","2020-05-06","2021-05-06","1647","Hosting Concepts B.V. dba Openprovider","whois.registrar.eu","http://www.openprovider.com","REDACTED FOR PRIVACY","Gregorio Patzi","REDACTED FOR PRIVACY","REDACTED FOR PRIVACY","Murillo","REDACTED FOR PRIVACY","Bolivia","","REDACTED FOR PRIVACY","REDACTED FOR PRIVACY","REDACTED FOR PRIVACY","REDACTED FOR PRIVACY","REDACTED FOR PRIVACY","REDACTED FOR PRIVACY","REDACTED FOR PRIVACY","REDACTED FOR PRIVACY","REDACTED FOR PRIVACY","","REDACTED FOR PRIVACY","REDACTED FOR PRIVACY","REDACTED FOR PRIVACY","REDACTED FOR PRIVACY","REDACTED FOR PRIVACY","REDACTED FOR PRIVACY","REDACTED FOR PRIVACY","REDACTED FOR PRIVACY","REDACTED FOR PRIVACY","","REDACTED FOR PRIVACY","REDACTED FOR PRIVACY","","","","","","","","","","","dns1.sered.net","dns2.sered.net","","","clientTransferProhibited","ok","",""
"22","lenguajesmusicales.com","2020-05-07 21:38:24","2020-05-06","2020-05-06","2021-05-06","146","GoDaddy.com, LLC","whois.godaddy.com","http://registrar.godaddy.com","Lenguajes Musicales","Lenguajes Musicales","","","Tarija","","Bolivia","","","","","","","","","","","","","","","","","","","","","","","","","","","","","","","","","","ns31.domaincontrol.com","ns32.domaincontrol.com","","","clientDeleteProhibited","clientRenewProhibited","clientTransferProhibited","clientUpdateProhibited"
"23","limpulse.com","2020-05-07 20:15:56","2020-05-05","2020-05-05","2021-05-05","303","PDR Ltd. d/b/a PublicDomainRegistry.com","whois.publicdomainregistry.com","http://www.publicdomainregistry.com","marco jaldin","","paraguay, 347 campus verdes","CBBA","CBBA","0000","Bolivia","marco777jaldin@gmail.com","+591.67443755","","marco jaldin","","paraguay, 347 campus verdes","CBBA","CBBA","0000","Bolivia","marco777jaldin@gmail.com","+591.67443755","","marco jaldin","","paraguay, 347 campus verdes","CBBA","CBBA","0000","Bolivia","marco777jaldin@gmail.com","+591.67443755","","","","","","","","","","","","ns46.hostgator.mx","ns47.hostgator.mx","","","clientTransferProhibited","","",""
"24","livinglegacieswithlaveta.com","2020-05-07 20:52:12","2020-05-05","2020-05-05","2021-05-05","76","Nominalia Internet S.L.","whois.nominalia.com","http://www.nominalia.com","REDACTED FOR PRIVACY","REDACTED FOR PRIVACY","REDACTED FOR PRIVACY","REDACTED FOR PRIVACY","Cochabamba","REDACTED FOR PRIVACY","Bolivia","","REDACTED.FORPRIVACY","REDACTED.FORPRIVACY","REDACTED FOR PRIVACY","REDACTED FOR PRIVACY","REDACTED FOR PRIVACY","REDACTED FOR PRIVACY","Cochabamba","REDACTED FOR PRIVACY","Bolivia","","REDACTED.FORPRIVACY","REDACTED.FORPRIVACY","REDACTED FOR PRIVACY","REDACTED FOR PRIVACY","REDACTED FOR PRIVACY","REDACTED FOR PRIVACY","Barcelona","REDACTED FOR PRIVACY","Spain","","REDACTED.FORPRIVACY","REDACTED.FORPRIVACY","","","","","","","","","","","ns1.serverbraket.com","ns2.serverbraket.com","","","OK","","",""
"25","negociosinternacionales.net","2020-05-07 23:15:55","2020-05-06","2020-05-06","2021-05-06","146","GoDaddy.com, LLC","whois.godaddy.com","http://registrar.godaddy.com","","","","","La Paz","","Bolivia","","","","","","","","","","","","","","","","","","","","","","","","","","","","","","","","","","ns31.domaincontrol.com","ns32.domaincontrol.com","","","clientDeleteProhibited","clientRenewProhibited","clientTransferProhibited","clientUpdateProhibited"
"26","ore-soft.com","2020-05-07 21:28:09","2020-05-06","2020-05-06","2021-05-06","48","eNom, Inc.","whois.enom.com","http://www.enom.com","REDACTED FOR PRIVACY","REDACTED FOR PRIVACY","REDACTED FOR PRIVACY","REDACTED FOR PRIVACY","La Paz","REDACTED FOR PRIVACY","Bolivia","","REDACTED FOR PRIVACY","REDACTED FOR PRIVACY","REDACTED FOR PRIVACY","REDACTED FOR PRIVACY","REDACTED FOR PRIVACY","REDACTED FOR PRIVACY","REDACTED FOR PRIVACY","REDACTED FOR PRIVACY","REDACTED FOR PRIVACY","","REDACTED FOR PRIVACY","REDACTED FOR PRIVACY","REDACTED FOR PRIVACY","REDACTED FOR PRIVACY","REDACTED FOR PRIVACY","REDACTED FOR PRIVACY","REDACTED FOR PRIVACY","REDACTED FOR PRIVACY","REDACTED FOR PRIVACY","","REDACTED FOR PRIVACY","REDACTED FOR PRIVACY","","","","","","","","","","","ns1000.mochahost.com","ns2000.mochahost.com","","","addPeriod","clientTransferProhibited","",""
"27","promoadictos.com","2020-05-07 20:11:14","2020-05-05","2020-05-05","2021-05-05","48","eNom, Inc.","whois.enom.com","http://www.enom.com","REDACTED FOR PRIVACY","REDACTED FOR PRIVACY","REDACTED FOR PRIVACY","REDACTED FOR PRIVACY","SCZ","REDACTED FOR PRIVACY","Bolivia","","REDACTED FOR PRIVACY","REDACTED FOR PRIVACY","REDACTED FOR PRIVACY","REDACTED FOR PRIVACY","REDACTED FOR PRIVACY","REDACTED FOR PRIVACY","REDACTED FOR PRIVACY","REDACTED FOR PRIVACY","REDACTED FOR PRIVACY","","REDACTED FOR PRIVACY","REDACTED FOR PRIVACY","REDACTED FOR PRIVACY","REDACTED FOR PRIVACY","REDACTED FOR PRIVACY","REDACTED FOR PRIVACY","REDACTED FOR PRIVACY","REDACTED FOR PRIVACY","REDACTED FOR PRIVACY","","REDACTED FOR PRIVACY","REDACTED FOR PRIVACY","","","","","","","","","","","ns1.dongee.com","ns2.dongee.com","ns3.dongee.com","","addPeriod","clientTransferProhibited","",""
"28","quecurioso.info","2020-05-07 06:11:54","2020-05-05","2020-05-05","2021-05-05","146","GoDaddy.com, LLC","whois.godaddy.com","http://registrar.godaddy.com","nn","nn","","","Pt","","Bolivia","","","","","","","","","","","","","","","","","","","","","","","","","","","","","","","","","","ns63.domaincontrol.com","ns64.domaincontrol.com","","","addPeriod","clientDeleteProhibited","clientRenewProhibited","clientTransferProhibited"
"29","radiodelchaco.net","2020-05-07 23:11:13","2020-05-05","2020-05-05","2021-05-05","303","PDR Ltd. d/b/a PublicDomainRegistry.com","whois.publicdomainregistry.com","http://www.publicdomainregistry.com","Galo Hubner","FmBolivia","La Paz","La Paz","La Paz","20050","Bolivia","info@fmbolivia.com.bo","+591.73007200","","Galo Hubner","FmBolivia","La Paz","La Paz","La Paz","20050","Bolivia","info@fmbolivia.com.bo","+591.73007200","","Galo Hubner","FmBolivia","La Paz","La Paz","La Paz","20050","Bolivia","info@fmbolivia.com.bo","+591.73007200","","","","","","","","","","","","ns1.bluehost.com","ns2.bluehost.com","","","clientTransferProhibited","","",""
"30","redcobol.com","2020-05-07 21:36:50","2020-05-06","2020-05-06","2021-05-06","955","Launchpad, Inc.","whois.launchpad.com","http://www.launchpad.com","Aurora Quispe","","Calle 9, #5","Oruro","Oruro","","Bolivia","auroralidia@msn.com","+591.5242275","","Aurora Quispe","","Calle 9, #5","Oruro","Oruro","","Bolivia","auroralidia@msn.com","+591.5242275","","Aurora Quispe","","Calle 9, #5","Oruro","Oruro","","Bolivia","auroralidia@msn.com","+591.5242275","","","","","","","","","","","","ns6123.hostgator.com","ns6124.hostgator.com","","","clientTransferProhibited","","",""
"31","reywinmarketing.com","2020-05-07 20:22:59","2020-05-05","2020-05-05","2021-05-05","955","Launchpad, Inc.","whois.launchpad.com","http://www.launchpad.com","Reynaldo Aguado Yucra","","B. NUEVOS HORIZONTES S/N -Z. RUMI RUMI","Sucre","H","","Bolivia","reynaldoaguado22@gmail.com","+591.75798956","","Reynaldo Aguado Yucra","","B. NUEVOS HORIZONTES S/N -Z. RUMI RUMI","Sucre","H","","Bolivia","reynaldoaguado22@gmail.com","+591.75798956","","Reynaldo Aguado Yucra","","B. NUEVOS HORIZONTES S/N -Z. RUMI RUMI","Sucre","H","","Bolivia","reynaldoaguado22@gmail.com","+591.75798956","","","","","","","","","","","","ns6089.hostgator.com","ns6090.hostgator.com","","","clientTransferProhibited","","",""
"32","shopping-delivery.com","2020-05-07 20:30:08","2020-05-05","2020-05-05","2021-05-05","146","GoDaddy.com, LLC","whois.godaddy.com","http://registrar.godaddy.com","Shopping Delivery","Shopping Delivery","","","Bolivia","","Bolivia","","","","","","","","","","","","","","","","","","","","","","","","","","","","","","","","","","eric.ns.cloudflare.com","kira.ns.cloudflare.com","","","clientDeleteProhibited","clientRenewProhibited","clientTransferProhibited","clientUpdateProhibited"
"33","tareasyasesoriaderechobolivia.com","2020-05-07 21:17:27","2020-05-06","2020-05-06","2021-05-06","955","Launchpad, Inc.","whois.launchpad.com","http://www.launchpad.com","Paolo Marco Villarrubia Martinez","","Fe y Alegria N 94","Sucre","Chuquisaca","","Bolivia","paolexxx93@gmail.com","+591.71162540","","Paolo Marco Villarrubia Martinez","","Fe y Alegria N 94","Sucre","Chuquisaca","","Bolivia","paolexxx93@gmail.com","+591.71162540","","Paolo Marco Villarrubia Martinez","","Fe y Alegria N 94","Sucre","Chuquisaca","","Bolivia","paolexxx93@gmail.com","+591.71162540","","","","","","","","","","","","ns8179.hostgator.com","ns8180.hostgator.com","","","clientTransferProhibited","","",""
"34","titanfactory.life","2020-05-07 06:00:49","2020-05-05","2020-05-05","2021-05-05","146","GoDaddy.com, LLC","whois.godaddy.com","http://registrar.godaddy.com","REDACTED FOR PRIVACY","","REDACTED FOR PRIVACY","REDACTED FOR PRIVACY","BOLIVIA","REDACTED FOR PRIVACY","Bolivia","","REDACTED FOR PRIVACY","REDACTED FOR PRIVACY","","","","","","","","","","","","","","","","","","","","","","","","","","","","","","","","","","","addPeriod","clientDeleteProhibited","clientRenewProhibited","clientTransferProhibited"
"35","travelingworldjdc.com","2020-05-07 20:11:10","2020-05-05","2020-05-05","2021-05-05","303","PDR Ltd. d/b/a PublicDomainRegistry.com","whois.publicdomainregistry.com","http://www.publicdomainregistry.com","jose cuba","","Av san martin no 123","cbba","Cochabamba","00591","Bolivia","doctorcuba1@gmail.com","+591.77400119","","jose cuba","","Av san martin no 123","cbba","Cochabamba","00591","Bolivia","doctorcuba1@gmail.com","+591.77400119","","jose cuba","","Av san martin no 123","cbba","Cochabamba","00591","Bolivia","doctorcuba1@gmail.com","+591.77400119","","","","","","","","","","","","rns5.webhostbox.net","rns6.webhostbox.net","","","clientTransferProhibited","","",""
"36","tuytubienestar.com","2020-05-07 01:17:44","2020-05-04","2020-05-04","2021-05-04","303","PDR Ltd. d/b/a PublicDomainRegistry.com","whois.publicdomainregistry.com","http://www.publicdomainregistry.com","jose cuba","","Av san martin no 123","cbba","Cochabamba","00591","Bolivia","doctorcuba1@gmail.com","+591.77400119","","jose cuba","","Av san martin no 123","cbba","Cochabamba","00591","Bolivia","doctorcuba1@gmail.com","+591.77400119","","jose cuba","","Av san martin no 123","cbba","Cochabamba","00591","Bolivia","doctorcuba1@gmail.com","+591.77400119","","","","","","","","","","","","rns5.webhostbox.net","rns6.webhostbox.net","","","clientTransferProhibited","","",""
"37","unagrannacion.com","2020-05-07 19:22:53","2020-05-06","2020-05-06","2021-05-06","146","GoDaddy.com, LLC","whois.godaddy.com","http://registrar.godaddy.com","PMQ","PMQ","","","Cercado","","Bolivia","","","","","","","","","","","","","","","","","","","","","","","","","","","","","","","","","","ns59.domaincontrol.com","ns60.domaincontrol.com","","","clientDeleteProhibited","clientRenewProhibited","clientTransferProhibited","clientUpdateProhibited"
"38","virtualcursosgc.com","2020-05-07 19:23:00","2020-05-06","2020-05-06","2021-05-06","303","PDR Ltd. d/b/a PublicDomainRegistry.com","whois.publicdomainregistry.com","http://www.publicdomainregistry.com","Fernando D","Bolsystem","Av. Mutualista y 3er. anillo Interno Frente a Banco Union","Santa Cruz","Santa Cruz","","Bolivia","soporte@bolsystem.com","+591.70836948","","Fernando D","Bolsystem","Av. Mutualista y 3er. anillo Interno Frente a Banco Union","Santa Cruz","Santa Cruz","","Bolivia","soporte@bolsystem.com","+591.70836948","","Fernando D","Bolsystem","Av. Mutualista y 3er. anillo Interno Frente a Banco Union","Santa Cruz","Santa Cruz","","Bolivia","soporte@bolsystem.com","+591.70836948","","","","","","","","","","","","dns1.bolsystem.com","dns2.bolsystem.com","","","clientTransferProhibited","","",""