"num","domain_name","query_time","create_date","update_date","expiry_date","domain_registrar_id","domain_registrar_name","domain_registrar_whois","domain_registrar_url","registrant_name","registrant_company","registrant_address","registrant_city","registrant_state","registrant_zip","registrant_country","registrant_email","registrant_phone","registrant_fax","administrative_name","administrative_company","administrative_address","administrative_city","administrative_state","administrative_zip","administrative_country","administrative_email","administrative_phone","administrative_fax","technical_name","technical_company","technical_address","technical_city","technical_state","technical_zip","technical_country","technical_email","technical_phone","technical_fax","billing_name","billing_company","billing_address","billing_city","billing_state","billing_zip","billing_country","billing_email","billing_phone","billing_fax","name_server_1","name_server_2","name_server_3","name_server_4","domain_status_1","domain_status_2","domain_status_3","domain_status_4"
"1","barrel-coffee.com","2020-05-07 21:16:14","2020-05-06","2020-05-06","2021-05-06","625","Name.com, Inc.","whois.name.com","http://www.name.com","dario knezovic","gospodarstvo.ba","mostar","mostar","BiH","88000","Bosnia and Herzegovina","gogo1707@hotmail.com","+387.63403197","","dario knezovic","gospodarstvo.ba","mostar","mostar","BiH","88000","Bosnia and Herzegovina","igorsoldo@hotmail.com","+387.63403197","","dario knezovic","gospodarstvo.ba","mostar","mostar","BiH","88000","Bosnia and Herzegovina","igorsoldo@hotmail.com","+387.63403197","","","","","","","","","","","","ns1045.ui-dns.biz","ns1045.ui-dns.com","ns1045.ui-dns.de","ns1045.ui-dns.org","addPeriod","clientTransferProhibited","",""
"2","chaosreigns.life","2020-05-07 06:04:39","2020-05-05","2020-05-05","2021-05-05","146","GoDaddy.com, LLC","whois.godaddy.com","http://registrar.godaddy.com","REDACTED FOR PRIVACY","","REDACTED FOR PRIVACY","REDACTED FOR PRIVACY","Sarajevski Kanton","REDACTED FOR PRIVACY","Bosnia and Herzegovina","","REDACTED FOR PRIVACY","REDACTED FOR PRIVACY","","","","","","","","","","","","","","","","","","","","","","","","","","","","","","","","","","","addPeriod","clientDeleteProhibited","clientRenewProhibited","clientTransferProhibited"
"3","chaosreingsclothing.com","2020-05-07 21:14:51","2020-05-06","2020-05-06","2021-05-06","146","GoDaddy.com, LLC","whois.godaddy.com","http://registrar.godaddy.com","","","","","Sarajevski Kanton","","Bosnia and Herzegovina","","","","","","","","","","","","","","","","","","","","","","","","","","","","","","","","","","ns19.domaincontrol.com","ns20.domaincontrol.com","","","clientDeleteProhibited","clientRenewProhibited","clientTransferProhibited","clientUpdateProhibited"
"4","choosingeasy.com","2020-05-07 20:56:31","2020-05-06","2020-05-06","2021-05-06","69","Tucows Domains Inc.","whois.tucows.com","http://domainhelp.opensrs.net","REDACTED FOR PRIVACY","REDACTED FOR PRIVACY","REDACTED FOR PRIVACY","REDACTED FOR PRIVACY","XX","REDACTED FOR PRIVACY","Bosnia and Herzegovina","","REDACTED FOR PRIVACY","REDACTED FOR PRIVACY","REDACTED FOR PRIVACY","REDACTED FOR PRIVACY","REDACTED FOR PRIVACY","REDACTED FOR PRIVACY","REDACTED FOR PRIVACY","REDACTED FOR PRIVACY","REDACTED FOR PRIVACY","","REDACTED FOR PRIVACY","REDACTED FOR PRIVACY","REDACTED FOR PRIVACY","REDACTED FOR PRIVACY","REDACTED FOR PRIVACY","REDACTED FOR PRIVACY","REDACTED FOR PRIVACY","REDACTED FOR PRIVACY","REDACTED FOR PRIVACY","","REDACTED FOR PRIVACY","REDACTED FOR PRIVACY","","","","","","","","","","","ns1.gnld1034.siteground.eu","ns2.gnld1034.siteground.eu","","","clientTransferProhibited","clientUpdateProhibited","",""
"5","dodig-detailing.com","2020-05-07 19:26:36","2020-05-05","2020-05-05","2021-05-05","303","PDR Ltd. d/b/a PublicDomainRegistry.com","whois.publicdomainregistry.com","http://www.publicdomainregistry.com","Ranko Petrusic","InfoARS","Carice Milice 43","Banja Luka","Republic of Srpska","78000","Bosnia and Herzegovina","petrusicranko@gmail.com","+387.66996600","","Ranko Petrusic","InfoARS","Carice Milice 43","Banja Luka","Republic of Srpska","78000","Bosnia and Herzegovina","petrusicranko@gmail.com","+387.66996600","","Ranko Petrusic","InfoARS","Carice Milice 43","Banja Luka","Republic of Srpska","78000","Bosnia and Herzegovina","petrusicranko@gmail.com","+387.66996600","","","","","","","","","","","","ns1.infoarts.host","ns2.infoarts.host","","","clientTransferProhibited","","",""
"6","drcoprka.com","2020-05-07 01:28:26","2020-05-04","2020-05-04","2021-05-04","303","PDR Ltd. d/b/a PublicDomainRegistry.com","whois.publicdomainregistry.com","http://www.publicdomainregistry.com","Davor Mitrovic","","Vida Njezica bb","Banja Luka","Republika Srpska","78000","Bosnia and Herzegovina","davormit@gmail.com","+387.065047887","","Davor Mitrovic","","Vida Njezica bb","Banja Luka","Republika Srpska","78000","Bosnia and Herzegovina","davormit@gmail.com","+387.065047887","","Davor Mitrovic","","Vida Njezica bb","Banja Luka","Republika Srpska","78000","Bosnia and Herzegovina","davormit@gmail.com","+387.065047887","","","","","","","","","","","","ns1.crohost.net","ns2.crohost.net","","","clientTransferProhibited","","",""
"7","gasicgoran.com","2020-05-07 01:18:59","2020-05-04","2020-05-04","2025-05-04","146","GoDaddy.com, LLC","whois.godaddy.com","http://registrar.godaddy.com","Way Seven d.o.o.","Way Seven d.o.o.","","","Banja Luka","","Bosnia and Herzegovina","","","","","","","","","","","","","","","","","","","","","","","","","","","","","","","","","","ns41.domaincontrol.com","ns42.domaincontrol.com","","","clientDeleteProhibited","clientRenewProhibited","clientTransferProhibited","clientUpdateProhibited"
"8","mtalku.com","2020-05-07 21:15:12","2020-05-06","2020-05-06","2021-05-06","69","Tucows Domains Inc.","whois.tucows.com","http://domainhelp.opensrs.net","REDACTED FOR PRIVACY","REDACTED FOR PRIVACY","REDACTED FOR PRIVACY","REDACTED FOR PRIVACY","XX","REDACTED FOR PRIVACY","Bosnia and Herzegovina","","REDACTED FOR PRIVACY","REDACTED FOR PRIVACY","REDACTED FOR PRIVACY","REDACTED FOR PRIVACY","REDACTED FOR PRIVACY","REDACTED FOR PRIVACY","REDACTED FOR PRIVACY","REDACTED FOR PRIVACY","REDACTED FOR PRIVACY","","REDACTED FOR PRIVACY","REDACTED FOR PRIVACY","REDACTED FOR PRIVACY","REDACTED FOR PRIVACY","REDACTED FOR PRIVACY","REDACTED FOR PRIVACY","REDACTED FOR PRIVACY","REDACTED FOR PRIVACY","REDACTED FOR PRIVACY","","REDACTED FOR PRIVACY","REDACTED FOR PRIVACY","","","","","","","","","","","ns1.gnld1034.siteground.eu","ns2.gnld1034.siteground.eu","","","clientTransferProhibited","clientUpdateProhibited","",""
"9","nevesinjeonline.com","2020-05-07 21:08:11","2020-05-06","2020-05-06","2021-05-06","69","Tucows Domains Inc.","whois.tucows.com","http://domainhelp.opensrs.net","REDACTED FOR PRIVACY","REDACTED FOR PRIVACY","REDACTED FOR PRIVACY","REDACTED FOR PRIVACY","XX","REDACTED FOR PRIVACY","Bosnia and Herzegovina","","REDACTED FOR PRIVACY","REDACTED FOR PRIVACY","REDACTED FOR PRIVACY","REDACTED FOR PRIVACY","REDACTED FOR PRIVACY","REDACTED FOR PRIVACY","REDACTED FOR PRIVACY","REDACTED FOR PRIVACY","REDACTED FOR PRIVACY","","REDACTED FOR PRIVACY","REDACTED FOR PRIVACY","REDACTED FOR PRIVACY","REDACTED FOR PRIVACY","REDACTED FOR PRIVACY","REDACTED FOR PRIVACY","REDACTED FOR PRIVACY","REDACTED FOR PRIVACY","REDACTED FOR PRIVACY","","REDACTED FOR PRIVACY","REDACTED FOR PRIVACY","","","","","","","","","","","ns1.gnld1034.siteground.eu","ns2.gnld1034.siteground.eu","","","clientTransferProhibited","clientUpdateProhibited","",""
"10","poliklinikaghetaldus.com","2020-05-07 19:20:13","2020-05-06","2020-05-06","2021-05-06","303","PDR Ltd. d/b/a PublicDomainRegistry.com","whois.publicdomainregistry.com","http://www.publicdomainregistry.com","Sead Sadic","","Mehmedagica 22","Brcko","BiH","76100","Bosnia and Herzegovina","sead23@gmail.com","+387.061743596","","Sead Sadic","","Mehmedagica 22","Brcko","BiH","76100","Bosnia and Herzegovina","sead23@gmail.com","+387.061743596","","Sead Sadic","","Mehmedagica 22","Brcko","BiH","76100","Bosnia and Herzegovina","sead23@gmail.com","+387.061743596","","","","","","","","","","","","ns1.totohost.com","ns2.totohost.com","ns3.totohost.com","ns4.totohost.com","clientTransferProhibited","","",""
"11","rotomont.com","2020-05-07 21:17:46","2020-05-06","2020-05-07","2021-05-06","1387","1API GmbH","whois.1api.net","http://www.1api.net","REDACTED FOR PRIVACY","REDACTED FOR PRIVACY","REDACTED FOR PRIVACY","REDACTED FOR PRIVACY","","REDACTED FOR PRIVACY","Bosnia and Herzegovina","","REDACTED FOR PRIVACY","","REDACTED FOR PRIVACY","REDACTED FOR PRIVACY","REDACTED FOR PRIVACY","REDACTED FOR PRIVACY","REDACTED FOR PRIVACY","REDACTED FOR PRIVACY","REDACTED FOR PRIVACY","","REDACTED FOR PRIVACY","","REDACTED FOR PRIVACY","REDACTED FOR PRIVACY","REDACTED FOR PRIVACY","REDACTED FOR PRIVACY","REDACTED FOR PRIVACY","REDACTED FOR PRIVACY","REDACTED FOR PRIVACY","","REDACTED FOR PRIVACY","","","","","","","","","","","","ns1.cpanel.dihostnet.com","ns2.cpanel.dihostnet.com","","","clientTransferProhibited","","",""
"12","svezavizu.net","2020-05-07 05:40:52","2020-05-05","2020-05-05","2021-05-05","303","PDR Ltd. d/b/a PublicDomainRegistry.com","whois.publicdomainregistry.com","http://www.publicdomainregistry.com","Haris Alesevic","","Ozimice 2","Bihac","Unsko-sanska","77000","Bosnia and Herzegovina","haris_alesevic@hotmail.com","+387.61395909","","Haris Alesevic","","Ozimice 2","Bihac","Unsko-sanska","77000","Bosnia and Herzegovina","haris_alesevic@hotmail.com","+387.61395909","","Haris Alesevic","","Ozimice 2","Bihac","Unsko-sanska","77000","Bosnia and Herzegovina","haris_alesevic@hotmail.com","+387.61395909","","","","","","","","","","","","ns1.crohost.net","ns2.crohost.net","","","clientTransferProhibited","","",""
"13","vinplastiks.com","2020-05-07 21:17:49","2020-05-06","2020-05-06","2021-05-06","1387","1API GmbH","whois.1api.net","http://www.1api.net","REDACTED FOR PRIVACY","REDACTED FOR PRIVACY","REDACTED FOR PRIVACY","REDACTED FOR PRIVACY","","REDACTED FOR PRIVACY","Bosnia and Herzegovina","","REDACTED FOR PRIVACY","","REDACTED FOR PRIVACY","REDACTED FOR PRIVACY","REDACTED FOR PRIVACY","REDACTED FOR PRIVACY","REDACTED FOR PRIVACY","REDACTED FOR PRIVACY","REDACTED FOR PRIVACY","","REDACTED FOR PRIVACY","","REDACTED FOR PRIVACY","REDACTED FOR PRIVACY","REDACTED FOR PRIVACY","REDACTED FOR PRIVACY","REDACTED FOR PRIVACY","REDACTED FOR PRIVACY","REDACTED FOR PRIVACY","","REDACTED FOR PRIVACY","","","","","","","","","","","","ns1.cpanel.dihostnet.com","ns2.cpanel.dihostnet.com","","","clientTransferProhibited","","",""
"14","wear-clothing.com","2020-05-07 19:22:52","2020-05-06","2020-05-06","2021-05-06","303","PDR Ltd. d/b/a PublicDomainRegistry.com","whois.publicdomainregistry.com","http://www.publicdomainregistry.com","Kristijan Cuturic","","Dr. Cire Truhelke 10D","Zenica","ZE-DO","72000","Bosnia and Herzegovina","kicho_chuturich@hotmail.com","+387.63657573","","Kristijan Cuturic","","Dr. Cire Truhelke 10D","Zenica","ZE-DO","72000","Bosnia and Herzegovina","kicho_chuturich@hotmail.com","+387.63657573","","Kristijan Cuturic","","Dr. Cire Truhelke 10D","Zenica","ZE-DO","72000","Bosnia and Herzegovina","kicho_chuturich@hotmail.com","+387.63657573","","","","","","","","","","","","ns1.amgenesis.net","ns2.amgenesis.net","","","clientTransferProhibited","","",""
"15","witaljdoo.com","2020-05-07 21:17:45","2020-05-06","2020-05-07","2021-05-06","1387","1API GmbH","whois.1api.net","http://www.1api.net","REDACTED FOR PRIVACY","REDACTED FOR PRIVACY","REDACTED FOR PRIVACY","REDACTED FOR PRIVACY","","REDACTED FOR PRIVACY","Bosnia and Herzegovina","","REDACTED FOR PRIVACY","","REDACTED FOR PRIVACY","REDACTED FOR PRIVACY","REDACTED FOR PRIVACY","REDACTED FOR PRIVACY","REDACTED FOR PRIVACY","REDACTED FOR PRIVACY","REDACTED FOR PRIVACY","","REDACTED FOR PRIVACY","","REDACTED FOR PRIVACY","REDACTED FOR PRIVACY","REDACTED FOR PRIVACY","REDACTED FOR PRIVACY","REDACTED FOR PRIVACY","REDACTED FOR PRIVACY","REDACTED FOR PRIVACY","","REDACTED FOR PRIVACY","","","","","","","","","","","","ns1.cpanel.dihostnet.com","ns2.cpanel.dihostnet.com","","","clientTransferProhibited","","",""