"num","domain_name","query_time","create_date","update_date","expiry_date","domain_registrar_id","domain_registrar_name","domain_registrar_whois","domain_registrar_url","registrant_name","registrant_company","registrant_address","registrant_city","registrant_state","registrant_zip","registrant_country","registrant_email","registrant_phone","registrant_fax","administrative_name","administrative_company","administrative_address","administrative_city","administrative_state","administrative_zip","administrative_country","administrative_email","administrative_phone","administrative_fax","technical_name","technical_company","technical_address","technical_city","technical_state","technical_zip","technical_country","technical_email","technical_phone","technical_fax","billing_name","billing_company","billing_address","billing_city","billing_state","billing_zip","billing_country","billing_email","billing_phone","billing_fax","name_server_1","name_server_2","name_server_3","name_server_4","domain_status_1","domain_status_2","domain_status_3","domain_status_4"
"1","100.business","2020-05-07 06:35:14","2020-05-05","2020-05-05","2021-05-05","1659","Uniregistrar Corp","whois.uniregistrar.com","http://www.uniregistrar.com","REDACTED FOR PRIVACY","","REDACTED FOR PRIVACY","REDACTED FOR PRIVACY","Grand Cayman","REDACTED FOR PRIVACY","Cayman Islands","","REDACTED FOR PRIVACY","REDACTED FOR PRIVACY","","","","","","","","","","","","","","","","","","","","","","","","","","","","","","","","","","","addPeriod","clientTransferProhibited","",""
"2","43.business","2020-05-07 06:35:14","2020-05-05","2020-05-05","2021-05-05","1659","Uniregistrar Corp","whois.uniregistrar.com","http://www.uniregistrar.com","REDACTED FOR PRIVACY","","REDACTED FOR PRIVACY","REDACTED FOR PRIVACY","Grand Cayman","REDACTED FOR PRIVACY","Cayman Islands","","REDACTED FOR PRIVACY","REDACTED FOR PRIVACY","","","","","","","","","","","","","","","","","","","","","","","","","","","","","","","","","","","addPeriod","clientTransferProhibited","",""
"3","90.business","2020-05-07 06:35:14","2020-05-05","2020-05-05","2021-05-05","1659","Uniregistrar Corp","whois.uniregistrar.com","http://www.uniregistrar.com","REDACTED FOR PRIVACY","","REDACTED FOR PRIVACY","REDACTED FOR PRIVACY","Grand Cayman","REDACTED FOR PRIVACY","Cayman Islands","","REDACTED FOR PRIVACY","REDACTED FOR PRIVACY","","","","","","","","","","","","","","","","","","","","","","","","","","","","","","","","","","","addPeriod","clientTransferProhibited","",""
"4","bombstrap.com","2020-05-07 20:08:36","2020-05-05","2020-05-05","2021-05-05","3393","DropCatch.com 1184 LLC","","","Jane Dew","","233 Markey Street","Camana Bay","Grand Cayman","KY1-9006","Cayman Islands","1domains12345@gmail.com","+1.2542245346","","Jane Dew","","233 Markey Street","Camana Bay","Grand Cayman","KY1-9006","Cayman Islands","1domains12345@gmail.com","+1.2542245346","","Jane Dew","","233 Markey Street","Camana Bay","Grand Cayman","KY1-9006","Cayman Islands","1domains12345@gmail.com","+1.2542245346","","","","","","","","","","","","ns1.brainydns.com","ns2.brainydns.com","","","clientTransferProhibited","","",""
"5","brotos.net","2020-05-07 05:53:32","2020-05-04","2020-05-04","2021-05-04","3719","DropCatch.com 1510 LLC","","","Jane Dew","","233 Markey Street","Camana Bay","Grand Cayman","KY1-9006","Cayman Islands","1domains12345@gmail.com","+1.2542245346","","Jane Dew","","233 Markey Street","Camana Bay","Grand Cayman","KY1-9006","Cayman Islands","1domains12345@gmail.com","+1.2542245346","","Jane Dew","","233 Markey Street","Camana Bay","Grand Cayman","KY1-9006","Cayman Islands","1domains12345@gmail.com","+1.2542245346","","","","","","","","","","","","ns1.parklogic.com","ns2.parklogic.com","","","clientTransferProhibited","","",""
"6","cats.gifts","2020-05-07 18:58:32","2020-05-05","2020-05-05","2021-05-05","1659","Uniregistrar Corp","whois.uniregistrar.com","http://www.uniregistrar.com","REDACTED FOR PRIVACY","","REDACTED FOR PRIVACY","REDACTED FOR PRIVACY","Grand Cayman","REDACTED FOR PRIVACY","Cayman Islands","","REDACTED FOR PRIVACY","REDACTED FOR PRIVACY","","","","","","","","","","","","","","","","","","","","","","","","","","","","","","","","","","","addPeriod","clientTransferProhibited","",""
"7","checks.cheap","2020-05-07 18:58:52","2020-05-05","2020-05-05","2021-05-05","1659","Uniregistrar Corp","whois.uniregistrar.com","http://www.uniregistrar.com","REDACTED FOR PRIVACY","","REDACTED FOR PRIVACY","REDACTED FOR PRIVACY","Grand Cayman","REDACTED FOR PRIVACY","Cayman Islands","","REDACTED FOR PRIVACY","REDACTED FOR PRIVACY","","","","","","","","","","","","","","","","","","","","","","","","","","","","","","","","","","","addPeriod","clientTransferProhibited","",""
"8","clevercreditcards.com","2020-05-07 19:32:28","2020-05-05","2020-05-05","2021-05-05","3500","DropCatch.com 1291 LLC","","","Jane Dew","","233 Markey Street","Camana Bay","Grand Cayman","KY1-9006","Cayman Islands","1domains12345@gmail.com","+1.2542245346","","Jane Dew","","233 Markey Street","Camana Bay","Grand Cayman","KY1-9006","Cayman Islands","1domains12345@gmail.com","+1.2542245346","","Jane Dew","","233 Markey Street","Camana Bay","Grand Cayman","KY1-9006","Cayman Islands","1domains12345@gmail.com","+1.2542245346","","","","","","","","","","","","ns1.brainydns.com","ns2.brainydns.com","","","clientTransferProhibited","","",""
"9","cliveelsonlifestylechangeadventure.com","2020-05-07 20:29:48","2020-05-05","2020-05-05","2021-05-05","69","Tucows Domains Inc.","whois.tucows.com","http://domainhelp.opensrs.net","REDACTED FOR PRIVACY","REDACTED FOR PRIVACY","REDACTED FOR PRIVACY","REDACTED FOR PRIVACY","Cayman%20Island","REDACTED FOR PRIVACY","Cayman Islands","","REDACTED FOR PRIVACY","REDACTED FOR PRIVACY","REDACTED FOR PRIVACY","REDACTED FOR PRIVACY","REDACTED FOR PRIVACY","REDACTED FOR PRIVACY","REDACTED FOR PRIVACY","REDACTED FOR PRIVACY","REDACTED FOR PRIVACY","","REDACTED FOR PRIVACY","REDACTED FOR PRIVACY","REDACTED FOR PRIVACY","REDACTED FOR PRIVACY","REDACTED FOR PRIVACY","REDACTED FOR PRIVACY","REDACTED FOR PRIVACY","REDACTED FOR PRIVACY","REDACTED FOR PRIVACY","","REDACTED FOR PRIVACY","REDACTED FOR PRIVACY","","","","","","","","","","","ns1.digitalbusinesslounge.com","ns2.digitalbusinesslounge.com","","","clientTransferProhibited","clientUpdateProhibited","",""
"10","coininc.company","2020-05-07 18:58:51","2020-05-05","2020-05-05","2021-05-05","81","Gandi SAS","whois.gandi.net","http://www.gandi.net","REDACTED FOR PRIVACY","Binance Holdings Limited","REDACTED FOR PRIVACY","REDACTED FOR PRIVACY","","REDACTED FOR PRIVACY","Cayman Islands","","REDACTED FOR PRIVACY","REDACTED FOR PRIVACY","","","","","","","","","","","","","","","","","","","","","","","","","","","","","","","","","","","addPeriod","clientTransferProhibited","",""
"11","coininc.email","2020-05-07 18:58:34","2020-05-05","2020-05-05","2021-05-05","81","Gandi SAS","whois.gandi.net","http://www.gandi.net","REDACTED FOR PRIVACY","Binance Holdings Limited","REDACTED FOR PRIVACY","REDACTED FOR PRIVACY","","REDACTED FOR PRIVACY","Cayman Islands","","REDACTED FOR PRIVACY","REDACTED FOR PRIVACY","","","","","","","","","","","","","","","","","","","","","","","","","","","","","","","","","","","addPeriod","clientTransferProhibited","",""
"12","coininc.exchange","2020-05-07 06:28:20","2020-05-05","2020-05-05","2021-05-05","81","Gandi SAS","whois.gandi.net","http://www.gandi.net","REDACTED FOR PRIVACY","Binance Holdings Limited","REDACTED FOR PRIVACY","REDACTED FOR PRIVACY","","REDACTED FOR PRIVACY","Cayman Islands","","REDACTED FOR PRIVACY","REDACTED FOR PRIVACY","","","","","","","","","","","","","","","","","","","","","","","","","","","","","","","","","","","addPeriod","clientTransferProhibited","",""
"13","coininc.guru","2020-05-07 18:58:31","2020-05-05","2020-05-05","2021-05-05","81","Gandi SAS","whois.gandi.net","http://www.gandi.net","REDACTED FOR PRIVACY","Binance Holdings Limited","REDACTED FOR PRIVACY","REDACTED FOR PRIVACY","","REDACTED FOR PRIVACY","Cayman Islands","","REDACTED FOR PRIVACY","REDACTED FOR PRIVACY","","","","","","","","","","","","","","","","","","","","","","","","","","","","","","","","","","","addPeriod","clientTransferProhibited","",""
"14","coininc.info","2020-05-07 06:17:42","2020-05-05","2020-05-05","2021-05-05","81","Gandi SAS","whois.gandi.net","http://www.gandi.net","Binance Holdings Limited","Binance Holdings Limited","","","","","Cayman Islands","","","","","","","","","","","","","","","","","","","","","","","","","","","","","","","","","","ns-136-c.gandi.net","ns-137-b.gandi.net","ns-6-a.gandi.net","","addPeriod","clientTransferProhibited","serverTransferProhibited",""
"15","coininc.one","2020-05-07 05:32:52","2020-05-05","2020-05-05","2021-05-05","81","Gandi SAS","whois.gandi.net","http://www.gandi.net","Binance Holdings Limited","Binance Holdings Limited","","","","","Cayman Islands","","","","","","","","","","","","","","","","","","","","","","","","","","","","","","","","","","ns-116-c.gandi.net","ns-168-a.gandi.net","ns-78-b.gandi.net","","addPeriod","clientTransferProhibited","",""
"16","coininc.red","2020-05-07 22:46:23","2020-05-05","2020-05-05","2021-05-05","81","Gandi SAS","whois.gandi.net","http://www.gandi.net","Binance Holdings Limited","Binance Holdings Limited","","","","","Cayman Islands","","","","","","","","","","","","","","","","","","","","","","","","","","","","","","","","","","ns-138-a.gandi.net","ns-191-c.gandi.net","ns-233-b.gandi.net","","addPeriod","clientTransferProhibited","serverTransferProhibited",""
"17","coininc.report","2020-05-07 22:46:22","2020-05-05","2020-05-05","2021-05-05","81","Gandi SAS","whois.gandi.net","http://www.gandi.net","REDACTED FOR PRIVACY","Binance Holdings Limited","REDACTED FOR PRIVACY","REDACTED FOR PRIVACY","","REDACTED FOR PRIVACY","Cayman Islands","","REDACTED FOR PRIVACY","REDACTED FOR PRIVACY","","","","","","","","","","","","","","","","","","","","","","","","","","","","","","","","","","","addPeriod","clientTransferProhibited","",""
"18","coininc.win","2020-05-07 19:05:49","2020-05-05","2020-05-05","2021-05-05","81","Gandi SAS","whois.gandi.net","http://www.gandi.net","Binance Holdings Limited","Binance Holdings Limited","","","","","Cayman Islands","","","","","","","","","","","","","","","","","","","","","","","","","","","","","","","","","","ns-139-c.gandi.net","ns-198-b.gandi.net","ns-62-a.gandi.net","","addPeriod","clientTransferProhibited","",""
"19","cucinamiasi.com","2020-05-06 19:38:24","2020-05-05","2020-05-05","2021-05-05","146","GoDaddy.com, LLC","whois.godaddy.com","http://registrar.godaddy.com","Wis INC","Wis INC","","","GCM","","Cayman Islands","","","","","","","","","","","","","","","","","","","","","","","","","","","","","","","","","","ns1.expiereddnsmanager.com","ns2.expiereddnsmanager.com","","","clientDeleteProhibited","clientRenewProhibited","clientTransferProhibited","clientUpdateProhibited"
"20","deepuv.systems","2020-05-07 02:47:56","2020-05-05","2020-05-05","2021-05-05","1659","Uniregistrar Corp","whois.uniregistrar.com","http://www.uniregistrar.com","REDACTED FOR PRIVACY","","REDACTED FOR PRIVACY","REDACTED FOR PRIVACY","Grand Cayman","REDACTED FOR PRIVACY","Cayman Islands","","REDACTED FOR PRIVACY","REDACTED FOR PRIVACY","","","","","","","","","","","","","","","","","","","","","","","","","","","","","","","","","","","addPeriod","clientTransferProhibited","",""
"21","dodowind.com","2020-05-07 20:15:42","2020-05-05","2020-05-05","2021-05-05","3532","DropCatch.com 1323 LLC","","","Jane Dew","","233 Markey Street","Camana Bay","Grand Cayman","KY1-9006","Cayman Islands","1domains12345@gmail.com","+1.2542245346","","Jane Dew","","233 Markey Street","Camana Bay","Grand Cayman","KY1-9006","Cayman Islands","1domains12345@gmail.com","+1.2542245346","","Jane Dew","","233 Markey Street","Camana Bay","Grand Cayman","KY1-9006","Cayman Islands","1domains12345@gmail.com","+1.2542245346","","","","","","","","","","","","ns1.parklogic.com","ns2.parklogic.com","","","clientTransferProhibited","","",""
"22","emailloginchecker.com","2020-05-07 01:21:58","2020-05-04","2020-05-04","2021-05-04","2487","Internet Domain Services BS Corp","whois.publicinterestregistry.net","http://www.internetbs.net","Not disclosed Not disclosed","Eightpoint Technologies Ltd., SEZC","P.O Box 10315","Grand Cayman","","KY1-1003","Cayman Islands","a8ff74f4b5c11ce18fea0f637fb128e0.gdrp@customers.whoisprivacycorp.com","+1.5163872248","","Not disclosed Not disclosed","Eightpoint Technologies Ltd., SEZC","P.O Box 10315","Grand Cayman","","KY1-1003","Cayman Islands","a8ff74f4b5c11ce18fea0f637fb128e0.gdrp@customers.whoisprivacycorp.com","+1.5163872248","","Not disclosed Not disclosed","Eightpoint Technologies Ltd., SEZC","P.O Box 10315","Grand Cayman","","KY1-1003","Cayman Islands","a8ff74f4b5c11ce18fea0f637fb128e0.gdrp@customers.whoisprivacycorp.com","+1.5163872248","","","","","","","","","","","","ns-1077.awsdns-06.org","ns-1989.awsdns-56.co.uk","ns-433.awsdns-54.com","ns-524.awsdns-01.net","clientTransferProhibited","ok","",""
"23","enoleaks.com","2020-05-07 21:05:56","2020-05-06","2020-05-06","2021-05-06","146","GoDaddy.com, LLC","whois.godaddy.com","http://registrar.godaddy.com","FBC Consulting","FBC Consulting","","","Grand Cayman","","Cayman Islands","","","","","","","","","","","","","","","","","","","","","","","","","","","","","","","","","","ns59.domaincontrol.com","ns60.domaincontrol.com","","","clientDeleteProhibited","clientRenewProhibited","clientTransferProhibited","clientUpdateProhibited"
"24","gorgeous.gifts","2020-05-07 18:58:32","2020-05-05","2020-05-05","2021-05-05","1659","Uniregistrar Corp","whois.uniregistrar.com","http://www.uniregistrar.com","REDACTED FOR PRIVACY","","REDACTED FOR PRIVACY","REDACTED FOR PRIVACY","Grand Cayman","REDACTED FOR PRIVACY","Cayman Islands","","REDACTED FOR PRIVACY","REDACTED FOR PRIVACY","","","","","","","","","","","","","","","","","","","","","","","","","","","","","","","","","","","addPeriod","clientTransferProhibited","",""
"25","guerlain-uk.com","2020-05-07 20:23:14","2020-05-05","2020-05-05","2021-05-05","3334","DropCatch.com 1125 LLC","","","Jane Dew","","233 Markey Street","Camana Bay","Grand Cayman","KY1-9006","Cayman Islands","1domains12345@gmail.com","+1.2542245346","","Jane Dew","","233 Markey Street","Camana Bay","Grand Cayman","KY1-9006","Cayman Islands","1domains12345@gmail.com","+1.2542245346","","Jane Dew","","233 Markey Street","Camana Bay","Grand Cayman","KY1-9006","Cayman Islands","1domains12345@gmail.com","+1.2542245346","","","","","","","","","","","","ns1.brainydns.com","ns2.brainydns.com","","","clientTransferProhibited","","",""
"26","harrisonfoster.com","2020-05-07 20:45:57","2020-05-05","2020-05-05","2030-05-05","106","Ascio Technologies, Inc. Danmark - Filial af Ascio technologies, Inc. USA","whois.ascio.com","http://www.ascio.com","Not Disclosed","Not Disclosed","Not Disclosed","Not Disclosed","NULL","Not Disclosed","Cayman Islands","","Not Disclosed","Not Disclosed","Not Disclosed","Not Disclosed","Not Disclosed","Not Disclosed","Not Disclosed","Not Disclosed","Not Disclosed","","Not Disclosed","Not Disclosed","Not Disclosed","Not Disclosed","Not Disclosed","Not Disclosed","Not Disclosed","Not Disclosed","Not Disclosed","","Not Disclosed","Not Disclosed","","","","","","","","","","","ns1.meganameservers.eu","ns2.meganameservers.eu","ns3.meganameservers.eu","","OK","","",""
"27","hemailloginchecker.com","2020-05-07 01:21:56","2020-05-04","2020-05-04","2021-05-04","2487","Internet Domain Services BS Corp","whois.publicinterestregistry.net","http://www.internetbs.net","Not disclosed Not disclosed","Eightpoint Technologies Ltd., SEZC","P.O Box 10315","Grand Cayman","","KY1-1003","Cayman Islands","a8ff74f4b5c11ce18fea0f637fb128e0.gdrp@customers.whoisprivacycorp.com","+1.5163872248","","Not disclosed Not disclosed","Eightpoint Technologies Ltd., SEZC","P.O Box 10315","Grand Cayman","","KY1-1003","Cayman Islands","a8ff74f4b5c11ce18fea0f637fb128e0.gdrp@customers.whoisprivacycorp.com","+1.5163872248","","Not disclosed Not disclosed","Eightpoint Technologies Ltd., SEZC","P.O Box 10315","Grand Cayman","","KY1-1003","Cayman Islands","a8ff74f4b5c11ce18fea0f637fb128e0.gdrp@customers.whoisprivacycorp.com","+1.5163872248","","","","","","","","","","","","ns-1300.awsdns-34.org","ns-1688.awsdns-19.co.uk","ns-285.awsdns-35.com","ns-658.awsdns-18.net","clientTransferProhibited","ok","",""
"28","homeros-zep.com","2020-05-07 19:36:45","2020-05-05","2020-05-05","2021-05-05","1970","DropCatch.com 490 LLC","whois.namebright.com","http://www.dropcatch490.com","Jane Dew","","233 Markey Street","Camana Bay","Grand Cayman","KY1-9006","Cayman Islands","1domains12345@gmail.com","+1.2542245346","","Jane Dew","","233 Markey Street","Camana Bay","Grand Cayman","KY1-9006","Cayman Islands","1domains12345@gmail.com","+1.2542245346","","Jane Dew","","233 Markey Street","Camana Bay","Grand Cayman","KY1-9006","Cayman Islands","1domains12345@gmail.com","+1.2542245346","","","","","","","","","","","","ns1.brainydns.com","ns2.brainydns.com","","","clientTransferProhibited","","",""
"29","homplet.com","2020-05-07 20:10:56","2020-05-05","2020-05-05","2021-05-05","2670","DropCatch.com 911 LLC","whois.namebright.com","http://www.namebright.com","Jane Dew","","233 Markey Street","Camana Bay","Grand Cayman","KY1-9006","Cayman Islands","1domains12345@gmail.com","+1.2542245346","","Jane Dew","","233 Markey Street","Camana Bay","Grand Cayman","KY1-9006","Cayman Islands","1domains12345@gmail.com","+1.2542245346","","Jane Dew","","233 Markey Street","Camana Bay","Grand Cayman","KY1-9006","Cayman Islands","1domains12345@gmail.com","+1.2542245346","","","","","","","","","","","","ns1.brainydns.com","ns2.brainydns.com","","","clientTransferProhibited","","",""
"30","ice-coolmobileacmaintenance.com","2020-05-07 20:20:33","2020-05-05","2020-05-05","2021-05-05","146","GoDaddy.com, LLC","whois.godaddy.com","http://registrar.godaddy.com","","","","","West Bay","","Cayman Islands","","","","","","","","","","","","","","","","","","","","","","","","","","","","","","","","","","ns19.domaincontrol.com","ns20.domaincontrol.com","","","clientDeleteProhibited","clientRenewProhibited","clientTransferProhibited","clientUpdateProhibited"
"31","inclavare-containers.com","2020-05-07 19:15:37","2020-05-06","2020-05-06","2022-05-06","299","CSC Corporate Domains, Inc.","whois.corporatedomains.com","http://www.cscglobal.com/global/web/csc/digital-brand-services","Timothy Alexander Steinert","Alibaba Group Holding Limited","Fourth Floor, One Capital Place, P.O. Box 847","George Town","Grand Cayman","KY1-1103","Cayman Islands","dnsadmin@alibaba-inc.com","+852.22155100","+852.22155100","Timothy Alexander Steinert","Alibaba Group Holding Limited","Fourth Floor, One Capital Place, P.O. Box 847","George Town","Grand Cayman","KY1-1103","Cayman Islands","dnsadmin@alibaba-inc.com","+852.22155100","+852.22155100","Domain Tech Contact","Alibaba Group Holding Limited","Fourth Floor, One Capital Place, P.O. Box 847","George Town","Grand Cayman","KY1-1103","Cayman Islands","dnstech@alibaba-inc.com","+852.22155100","+852.22155100","","","","","","","","","","","vip3.alidns.com","vip4.alidns.com","","","clientTransferProhibited","","",""
"32","jotunheim-ragnarok.com","2020-05-07 19:33:19","2020-05-05","2020-05-05","2021-05-05","2022","DropCatch.com 542 LLC","whois.namebright.com","http://www.dropcatch542.com","Jane Dew","","233 Markey Street","Camana Bay","Grand Cayman","KY1-9006","Cayman Islands","1domains12345@gmail.com","+1.2542245346","","Jane Dew","","233 Markey Street","Camana Bay","Grand Cayman","KY1-9006","Cayman Islands","1domains12345@gmail.com","+1.2542245346","","Jane Dew","","233 Markey Street","Camana Bay","Grand Cayman","KY1-9006","Cayman Islands","1domains12345@gmail.com","+1.2542245346","","","","","","","","","","","","ns1.brainydns.com","ns2.brainydns.com","","","clientTransferProhibited","","",""
"33","khadedras.info","2020-05-07 06:10:58","2020-05-05","2020-05-05","2021-05-05","146","GoDaddy.com, LLC","whois.godaddy.com","http://registrar.godaddy.com","","","","","Grand Cayman","","Cayman Islands","","","","","","","","","","","","","","","","","","","","","","","","","","","","","","","","","","ns31.domaincontrol.com","ns32.domaincontrol.com","","","addPeriod","clientDeleteProhibited","clientRenewProhibited","clientTransferProhibited"
"34","khadedras.mobi","2020-05-07 05:54:12","2020-05-05","2020-05-05","2021-05-05","146","GoDaddy.com, LLC","whois.godaddy.com","http://registrar.godaddy.com","","","","","Grand Cayman","","Cayman Islands","","","","","","","","","","","","","","","","","","","","","","","","","","","","","","","","","","ns19.domaincontrol.com","ns20.domaincontrol.com","","","addPeriod","clientDeleteProhibited","clientRenewProhibited","clientTransferProhibited"
"35","khadedras.net","2020-05-07 19:00:37","2020-05-05","2020-05-05","2021-05-05","146","GoDaddy.com, LLC","whois.godaddy.com","http://registrar.godaddy.com","","","","","Grand Cayman","","Cayman Islands","","","","","","","","","","","","","","","","","","","","","","","","","","","","","","","","","","ns73.domaincontrol.com","ns74.domaincontrol.com","","","clientDeleteProhibited","clientRenewProhibited","clientTransferProhibited","clientUpdateProhibited"
"36","konobuta.com","2020-05-07 20:23:21","2020-05-05","2020-05-05","2021-05-05","3730","DropCatch.com 1521 LLC","","","Jane Dew","","233 Markey Street","Camana Bay","Grand Cayman","KY1-9006","Cayman Islands","1domains12345@gmail.com","+1.2542245346","","Jane Dew","","233 Markey Street","Camana Bay","Grand Cayman","KY1-9006","Cayman Islands","1domains12345@gmail.com","+1.2542245346","","Jane Dew","","233 Markey Street","Camana Bay","Grand Cayman","KY1-9006","Cayman Islands","1domains12345@gmail.com","+1.2542245346","","","","","","","","","","","","ns1.parklogic.com","ns2.parklogic.com","","","clientTransferProhibited","","",""
"37","laser.engineering","2020-05-07 06:28:21","2020-05-05","2020-05-05","2021-05-05","1659","Uniregistrar Corp","whois.uniregistrar.com","http://www.uniregistrar.com","REDACTED FOR PRIVACY","","REDACTED FOR PRIVACY","REDACTED FOR PRIVACY","Grand Cayman","REDACTED FOR PRIVACY","Cayman Islands","","REDACTED FOR PRIVACY","REDACTED FOR PRIVACY","","","","","","","","","","","","","","","","","","","","","","","","","","","","","","","","","","","addPeriod","clientTransferProhibited","",""
"38","monoceros.ltd","2020-05-07 05:55:04","2020-05-04","2020-05-04","2022-05-04","146","GoDaddy.com, LLC","whois.godaddy.com","http://registrar.godaddy.com","REDACTED FOR PRIVACY","","REDACTED FOR PRIVACY","REDACTED FOR PRIVACY","Grand Cayman","REDACTED FOR PRIVACY","Cayman Islands","","REDACTED FOR PRIVACY","REDACTED FOR PRIVACY","","","","","","","","","","","","","","","","","","","","","","","","","","","","","","","","","","","addPeriod","clientDeleteProhibited","clientRenewProhibited","clientTransferProhibited"
"39","payments.fyi","2020-05-07 06:30:53","2020-05-06","2020-05-06","2021-05-06","1659","Uniregistrar Corp","whois.uniregistrar.com","http://www.uniregistrar.com","REDACTED FOR PRIVACY","","REDACTED FOR PRIVACY","REDACTED FOR PRIVACY","Grand Cayman","REDACTED FOR PRIVACY","Cayman Islands","","REDACTED FOR PRIVACY","REDACTED FOR PRIVACY","","","","","","","","","","","","","","","","","","","","","","","","","","","","","","","","","","","addPeriod","clientTransferProhibited","",""
"40","scienceand.technology","2020-05-07 02:42:06","2020-05-04","2020-05-04","2021-05-04","1659","Uniregistrar Corp","whois.uniregistrar.com","http://www.uniregistrar.com","REDACTED FOR PRIVACY","","REDACTED FOR PRIVACY","REDACTED FOR PRIVACY","Grand Cayman","REDACTED FOR PRIVACY","Cayman Islands","","REDACTED FOR PRIVACY","REDACTED FOR PRIVACY","","","","","","","","","","","","","","","","","","","","","","","","","","","","","","","","","","","addPeriod","clientTransferProhibited","",""
"41","sleep.gifts","2020-05-07 18:58:31","2020-05-05","2020-05-05","2021-05-05","1659","Uniregistrar Corp","whois.uniregistrar.com","http://www.uniregistrar.com","REDACTED FOR PRIVACY","","REDACTED FOR PRIVACY","REDACTED FOR PRIVACY","Grand Cayman","REDACTED FOR PRIVACY","Cayman Islands","","REDACTED FOR PRIVACY","REDACTED FOR PRIVACY","","","","","","","","","","","","","","","","","","","","","","","","","","","","","","","","","","","addPeriod","clientTransferProhibited","",""
"42","solviapp.com","2020-05-07 20:05:19","2020-05-05","2020-05-05","2021-05-05","3751","DropCatch.com 1542 LLC","","","Jane Dew","","233 Markey Street","Camana Bay","Grand Cayman","KY1-9006","Cayman Islands","1domains12345@gmail.com","+1.2542245346","","Jane Dew","","233 Markey Street","Camana Bay","Grand Cayman","KY1-9006","Cayman Islands","1domains12345@gmail.com","+1.2542245346","","Jane Dew","","233 Markey Street","Camana Bay","Grand Cayman","KY1-9006","Cayman Islands","1domains12345@gmail.com","+1.2542245346","","","","","","","","","","","","ns1.brainydns.com","ns2.brainydns.com","","","clientTransferProhibited","","",""
"43","studyedition.com","2020-05-07 20:08:41","2020-05-05","2020-05-05","2021-05-05","2007","DropCatch.com 527 LLC","whois.namebright.com","http://www.dropcatch527.com","Jane Dew","","233 Markey Street","Camana Bay","Grand Cayman","KY1-9006","Cayman Islands","1domains12345@gmail.com","+1.2542245346","","Jane Dew","","233 Markey Street","Camana Bay","Grand Cayman","KY1-9006","Cayman Islands","1domains12345@gmail.com","+1.2542245346","","Jane Dew","","233 Markey Street","Camana Bay","Grand Cayman","KY1-9006","Cayman Islands","1domains12345@gmail.com","+1.2542245346","","","","","","","","","","","","ns1.brainydns.com","ns2.brainydns.com","","","clientTransferProhibited","","",""
"44","timeiskeyescape.com","2020-05-07 20:06:41","2020-05-05","2020-05-05","2021-05-05","3377","DropCatch.com 1168 LLC","","","Jane Dew","","233 Markey Street","Camana Bay","Grand Cayman","KY1-9006","Cayman Islands","1domains12345@gmail.com","+1.2542245346","","Jane Dew","","233 Markey Street","Camana Bay","Grand Cayman","KY1-9006","Cayman Islands","1domains12345@gmail.com","+1.2542245346","","Jane Dew","","233 Markey Street","Camana Bay","Grand Cayman","KY1-9006","Cayman Islands","1domains12345@gmail.com","+1.2542245346","","","","","","","","","","","","ns1.brainydns.com","ns2.brainydns.com","","","clientTransferProhibited","","",""
"45","uvlaser.systems","2020-05-07 02:47:55","2020-05-05","2020-05-05","2021-05-05","1659","Uniregistrar Corp","whois.uniregistrar.com","http://www.uniregistrar.com","REDACTED FOR PRIVACY","","REDACTED FOR PRIVACY","REDACTED FOR PRIVACY","Grand Cayman","REDACTED FOR PRIVACY","Cayman Islands","","REDACTED FOR PRIVACY","REDACTED FOR PRIVACY","","","","","","","","","","","","","","","","","","","","","","","","","","","","","","","","","","","addPeriod","clientTransferProhibited","",""