"num","domain_name","query_time","create_date","update_date","expiry_date","domain_registrar_id","domain_registrar_name","domain_registrar_whois","domain_registrar_url","registrant_name","registrant_company","registrant_address","registrant_city","registrant_state","registrant_zip","registrant_country","registrant_email","registrant_phone","registrant_fax","administrative_name","administrative_company","administrative_address","administrative_city","administrative_state","administrative_zip","administrative_country","administrative_email","administrative_phone","administrative_fax","technical_name","technical_company","technical_address","technical_city","technical_state","technical_zip","technical_country","technical_email","technical_phone","technical_fax","billing_name","billing_company","billing_address","billing_city","billing_state","billing_zip","billing_country","billing_email","billing_phone","billing_fax","name_server_1","name_server_2","name_server_3","name_server_4","domain_status_1","domain_status_2","domain_status_3","domain_status_4"
"1","actives.support","2020-05-07 02:47:58","2020-05-04","2020-05-04","2021-05-04","146","GoDaddy.com, LLC","whois.godaddy.com","http://registrar.godaddy.com","REDACTED FOR PRIVACY","","REDACTED FOR PRIVACY","REDACTED FOR PRIVACY","Quezaltepeque","REDACTED FOR PRIVACY","El Salvador","","REDACTED FOR PRIVACY","REDACTED FOR PRIVACY","","","","","","","","","","","","","","","","","","","","","","","","","","","","","","","","","","","addPeriod","clientDeleteProhibited","clientRenewProhibited","clientTransferProhibited"
"2","alcoholgelcostarica.com","2020-05-07 21:46:12","2020-05-05","2020-05-05","2021-05-05","146","GoDaddy.com, LLC","whois.godaddy.com","http://registrar.godaddy.com","DISTRIBUIDORA CUSCATLAN","DISTRIBUIDORA CUSCATLAN","","","LA LIBERTAD","","El Salvador","","","","","","","","","","","","","","","","","","","","","","","","","","","","","","","","","","ns71.domaincontrol.com","ns72.domaincontrol.com","","","clientDeleteProhibited","clientRenewProhibited","clientTransferProhibited","clientUpdateProhibited"
"3","alcoholgelhonduras.com","2020-05-07 21:46:06","2020-05-05","2020-05-05","2021-05-05","146","GoDaddy.com, LLC","whois.godaddy.com","http://registrar.godaddy.com","DISTRIBUIDORA CUSCATLAN","DISTRIBUIDORA CUSCATLAN","","","LA LIBERTAD","","El Salvador","","","","","","","","","","","","","","","","","","","","","","","","","","","","","","","","","","ns71.domaincontrol.com","ns72.domaincontrol.com","","","clientDeleteProhibited","clientRenewProhibited","clientTransferProhibited","clientUpdateProhibited"
"4","alcoholgelnicaragua.com","2020-05-07 21:42:54","2020-05-05","2020-05-05","2021-05-05","146","GoDaddy.com, LLC","whois.godaddy.com","http://registrar.godaddy.com","DISTRIBUIDORA CUSCATLAN","DISTRIBUIDORA CUSCATLAN","","","LA LIBERTAD","","El Salvador","","","","","","","","","","","","","","","","","","","","","","","","","","","","","","","","","","ns31.domaincontrol.com","ns32.domaincontrol.com","","","clientDeleteProhibited","clientRenewProhibited","clientTransferProhibited","clientUpdateProhibited"
"5","argosoftconsulting.com","2020-05-07 21:03:56","2020-05-06","2020-05-06","2021-05-06","955","Launchpad, Inc.","whois.launchpad.com","http://www.launchpad.com","ARGOsoft Group","ARGOsoft Group S.A. de C.V.","Centro Profesional Perlex, 81 Avenida Norte, No. 333, Colonia Escalon","San Salvador","SS","1101","El Salvador","elvis.castaneda@gmail.com","+503.22055700","","ARGOsoft Group","ARGOsoft Group S.A. de C.V.","Centro Profesional Perlex, 81 Avenida Norte, No. 333, Colonia Escalon","San Salvador","SS","1101","El Salvador","elvis.castaneda@gmail.com","+503.22055700","","ARGOsoft Group","ARGOsoft Group S.A. de C.V.","Centro Profesional Perlex, 81 Avenida Norte, No. 333, Colonia Escalon","San Salvador","SS","1101","El Salvador","elvis.castaneda@gmail.com","+503.22055700","","","","","","","","","","","","ns1.hostgator.com","ns2.hostgator.com","","","clientTransferProhibited","","",""
"6","argosoftdesign.com","2020-05-07 21:03:55","2020-05-06","2020-05-06","2021-05-06","955","Launchpad, Inc.","whois.launchpad.com","http://www.launchpad.com","ARGOsoft Group","ARGOsoft Group S.A. de C.V.","Centro Profesional Perlex, 81 Avenida Norte, No. 333, Colonia Escalon","San Salvador","SS","1101","El Salvador","elvis.castaneda@gmail.com","+503.22055700","","ARGOsoft Group","ARGOsoft Group S.A. de C.V.","Centro Profesional Perlex, 81 Avenida Norte, No. 333, Colonia Escalon","San Salvador","SS","1101","El Salvador","elvis.castaneda@gmail.com","+503.22055700","","ARGOsoft Group","ARGOsoft Group S.A. de C.V.","Centro Profesional Perlex, 81 Avenida Norte, No. 333, Colonia Escalon","San Salvador","SS","1101","El Salvador","elvis.castaneda@gmail.com","+503.22055700","","","","","","","","","","","","ns1.hostgator.com","ns2.hostgator.com","","","clientTransferProhibited","","",""
"7","argosoftstudios.com","2020-05-07 21:03:57","2020-05-06","2020-05-06","2021-05-06","955","Launchpad, Inc.","whois.launchpad.com","http://www.launchpad.com","ARGOsoft Group","ARGOsoft Group S.A. de C.V.","Centro Profesional Perlex, 81 Avenida Norte, No. 333, Colonia Escalon","San Salvador","SS","1101","El Salvador","elvis.castaneda@gmail.com","+503.22055700","","ARGOsoft Group","ARGOsoft Group S.A. de C.V.","Centro Profesional Perlex, 81 Avenida Norte, No. 333, Colonia Escalon","San Salvador","SS","1101","El Salvador","elvis.castaneda@gmail.com","+503.22055700","","ARGOsoft Group","ARGOsoft Group S.A. de C.V.","Centro Profesional Perlex, 81 Avenida Norte, No. 333, Colonia Escalon","San Salvador","SS","1101","El Salvador","elvis.castaneda@gmail.com","+503.22055700","","","","","","","","","","","","ns1.hostgator.com","ns2.hostgator.com","","","clientTransferProhibited","","",""
"8","atonsecurity.net","2020-05-07 18:59:29","2020-05-06","2020-05-06","2021-05-06","146","GoDaddy.com, LLC","whois.godaddy.com","http://registrar.godaddy.com","","","","","SS","","El Salvador","","","","","","","","","","","","","","","","","","","","","","","","","","","","","","","","","","ns1.dns-parking.com","ns2.dns-parking.com","","","clientDeleteProhibited","clientRenewProhibited","clientTransferProhibited","clientUpdateProhibited"
"9","cenfotras.com","2020-05-07 20:27:37","2020-05-05","2020-05-05","2021-05-05","69","Tucows Domains Inc.","whois.tucows.com","http://domainhelp.opensrs.net","REDACTED FOR PRIVACY","REDACTED FOR PRIVACY","REDACTED FOR PRIVACY","REDACTED FOR PRIVACY","XX","REDACTED FOR PRIVACY","El Salvador","","REDACTED FOR PRIVACY","REDACTED FOR PRIVACY","REDACTED FOR PRIVACY","REDACTED FOR PRIVACY","REDACTED FOR PRIVACY","REDACTED FOR PRIVACY","REDACTED FOR PRIVACY","REDACTED FOR PRIVACY","REDACTED FOR PRIVACY","","REDACTED FOR PRIVACY","REDACTED FOR PRIVACY","REDACTED FOR PRIVACY","REDACTED FOR PRIVACY","REDACTED FOR PRIVACY","REDACTED FOR PRIVACY","REDACTED FOR PRIVACY","REDACTED FOR PRIVACY","REDACTED FOR PRIVACY","","REDACTED FOR PRIVACY","REDACTED FOR PRIVACY","","","","","","","","","","","ns1.gnld1034.siteground.eu","ns2.gnld1034.siteground.eu","","","clientTransferProhibited","clientUpdateProhibited","",""
"10","deestoyaquello.com","2020-05-07 20:29:54","2020-05-05","2020-05-05","2021-05-05","146","GoDaddy.com, LLC","whois.godaddy.com","http://registrar.godaddy.com","","","","","San Salvador","","El Salvador","","","","","","","","","","","","","","","","","","","","","","","","","","","","","","","","","","ns19.domaincontrol.com","ns20.domaincontrol.com","","","clientDeleteProhibited","clientRenewProhibited","clientTransferProhibited","clientUpdateProhibited"
"11","engineeringdme.com","2020-05-07 21:42:55","2020-05-05","2020-05-06","2021-05-05","69","Tucows Domains Inc.","whois.tucows.com","http://domainhelp.opensrs.net","Redacted for privacy","Redacted for privacy","Redacted for privacy","Redacted for privacy","la libertad","Redacted for privacy","El Salvador","","Redacted for privacy","Redacted for privacy","REDACTED FOR PRIVACY","REDACTED FOR PRIVACY","REDACTED FOR PRIVACY","REDACTED FOR PRIVACY","REDACTED FOR PRIVACY","REDACTED FOR PRIVACY","REDACTED FOR PRIVACY","","REDACTED FOR PRIVACY","REDACTED FOR PRIVACY","REDACTED FOR PRIVACY","REDACTED FOR PRIVACY","REDACTED FOR PRIVACY","REDACTED FOR PRIVACY","REDACTED FOR PRIVACY","REDACTED FOR PRIVACY","REDACTED FOR PRIVACY","","REDACTED FOR PRIVACY","REDACTED FOR PRIVACY","","","","","","","","","","","dns1000a.trouble-free.net","dns1000b.trouble-free.net","","","OK","","",""
"12","eroot2.com","2020-05-07 21:39:34","2020-05-06","2020-05-06","2021-05-06","146","GoDaddy.com, LLC","whois.godaddy.com","http://registrar.godaddy.com","Inversiones Bonilla, S.A. de C.V.","Inversiones Bonilla, S.A. de C.V.","","","San Salvador","","El Salvador","","","","","","","","","","","","","","","","","","","","","","","","","","","","","","","","","","ns71.domaincontrol.com","ns72.domaincontrol.com","","","clientDeleteProhibited","clientRenewProhibited","clientTransferProhibited","clientUpdateProhibited"
"13","fervegamedia.com","2020-05-07 21:36:20","2020-05-06","2020-05-06","2021-05-06","146","GoDaddy.com, LLC","whois.godaddy.com","http://registrar.godaddy.com","","","","","San Salvador","","El Salvador","","","","","","","","","","","","","","","","","","","","","","","","","","","","","","","","","","ns19.domaincontrol.com","ns20.domaincontrol.com","","","clientDeleteProhibited","clientRenewProhibited","clientTransferProhibited","clientUpdateProhibited"
"14","gogoshoppingsv.com","2020-05-07 21:39:38","2020-05-06","2020-05-06","2021-05-06","146","GoDaddy.com, LLC","whois.godaddy.com","http://registrar.godaddy.com","Inversiones Bonilla, S.A. de C.V.","Inversiones Bonilla, S.A. de C.V.","","","San Salvador","","El Salvador","","","","","","","","","","","","","","","","","","","","","","","","","","","","","","","","","","ns71.domaincontrol.com","ns72.domaincontrol.com","","","clientDeleteProhibited","clientRenewProhibited","clientTransferProhibited","clientUpdateProhibited"
"15","idesignu.net","2020-05-07 19:00:49","2020-05-06","2020-05-06","2021-05-06","146","GoDaddy.com, LLC","whois.godaddy.com","http://registrar.godaddy.com","","","","","San Salvador","","El Salvador","","","","","","","","","","","","","","","","","","","","","","","","","","","","","","","","","","ns73.domaincontrol.com","ns74.domaincontrol.com","","","clientDeleteProhibited","clientRenewProhibited","clientTransferProhibited","clientUpdateProhibited"
"16","karlagalvez.com","2020-05-07 20:28:48","2020-05-05","2020-05-05","2021-05-05","146","GoDaddy.com, LLC","whois.godaddy.com","http://registrar.godaddy.com","","","","","ANCHORAGE","","El Salvador","","","","","","","","","","","","","","","","","","","","","","","","","","","","","","","","","","ns19.domaincontrol.com","ns20.domaincontrol.com","","","clientDeleteProhibited","clientRenewProhibited","clientTransferProhibited","clientUpdateProhibited"
"17","laninalatam.com","2020-05-07 20:15:33","2020-05-05","2020-05-05","2021-05-05","146","GoDaddy.com, LLC","whois.godaddy.com","http://registrar.godaddy.com","","","","","San Salvador","","El Salvador","","","","","","","","","","","","","","","","","","","","","","","","","","","","","","","","","","ns31.domaincontrol.com","ns32.domaincontrol.com","","","clientDeleteProhibited","clientRenewProhibited","clientTransferProhibited","clientUpdateProhibited"
"18","melisalazar.com","2020-05-07 19:15:53","2020-05-06","2020-05-06","2021-05-06","303","PDR Ltd. d/b/a PublicDomainRegistry.com","whois.publicdomainregistry.com","http://www.publicdomainregistry.com","Melissa Salazar","VORTEX CAPITAL","Calle El Mirador y Calle Francisco Gavidia #142, Col. Escalon","San Salvador","San Salvador","1101","El Salvador","melissa.salaga@gmail.com","+503.378707000","","Melissa Salazar","VORTEX CAPITAL","Calle El Mirador y Calle Francisco Gavidia #142, Col. Escalon","San Salvador","San Salvador","1101","El Salvador","melissa.salaga@gmail.com","+503.378707000","","Melissa Salazar","VORTEX CAPITAL","Calle El Mirador y Calle Francisco Gavidia #142, Col. Escalon","San Salvador","San Salvador","1101","El Salvador","melissa.salaga@gmail.com","+503.378707000","","","","","","","","","","","","ns1.mihosting.net","ns2.mihosting.net","ns3.mihosting.net","","clientTransferProhibited","","",""
"19","micuponero.com","2020-05-07 20:28:47","2020-05-05","2020-05-05","2021-05-05","146","GoDaddy.com, LLC","whois.godaddy.com","http://registrar.godaddy.com","TadeOSystems","TadeOSystems","","","La Libertad","","El Salvador","","","","","","","","","","","","","","","","","","","","","","","","","","","","","","","","","","ns73.domaincontrol.com","ns74.domaincontrol.com","","","clientDeleteProhibited","clientRenewProhibited","clientTransferProhibited","clientUpdateProhibited"
"20","necoinsa.com","2020-05-07 20:10:17","2020-05-05","2020-05-05","2021-05-05","379","Arsys Internet, S.L. dba NICLINE.COM","whois.nicline.com","http://www.nicline.com","REDACTED FOR PRIVACY","Telecom-Publicar, Directorios, S.A. de C.V.","REDACTED FOR PRIVACY","REDACTED FOR PRIVACY","San Salvador","REDACTED FOR PRIVACY","El Salvador","whoiscontact@domainconnection.info","REDACTED FOR PRIVACY","REDACTED FOR PRIVACY","REDACTED FOR PRIVACY","REDACTED FOR PRIVACY","REDACTED FOR PRIVACY","REDACTED FOR PRIVACY","REDACTED FOR PRIVACY","REDACTED FOR PRIVACY","REDACTED FOR PRIVACY","whoiscontact@domainconnection.info","REDACTED FOR PRIVACY","REDACTED FOR PRIVACY","REDACTED FOR PRIVACY","REDACTED FOR PRIVACY","REDACTED FOR PRIVACY","REDACTED FOR PRIVACY","REDACTED FOR PRIVACY","REDACTED FOR PRIVACY","REDACTED FOR PRIVACY","whoiscontact@domainconnection.info","REDACTED FOR PRIVACY","REDACTED FOR PRIVACY","","","","","","","","","","","ns1.no-ip.com","ns2.no-ip.com","","","addPeriod","clientTransferProhibited","",""
"21","nexterraca.com","2020-05-07 20:09:48","2020-05-05","2020-05-05","2021-05-05","146","GoDaddy.com, LLC","whois.godaddy.com","http://registrar.godaddy.com","Dinamica Industrial","Dinamica Industrial","","","San Salvador","","El Salvador","","","","","","","","","","","","","","","","","","","","","","","","","","","","","","","","","","ns73.domaincontrol.com","ns74.domaincontrol.com","","","clientDeleteProhibited","clientRenewProhibited","clientTransferProhibited","clientUpdateProhibited"
"22","ninalatam.com","2020-05-07 20:55:18","2020-05-05","2020-05-05","2021-05-05","146","GoDaddy.com, LLC","whois.godaddy.com","http://registrar.godaddy.com","","","","","San Salvador","","El Salvador","","","","","","","","","","","","","","","","","","","","","","","","","","","","","","","","","","ns71.domaincontrol.com","ns72.domaincontrol.com","","","clientDeleteProhibited","clientRenewProhibited","clientTransferProhibited","clientUpdateProhibited"
"23","parroquialquezaltepeque.info","2020-05-07 23:23:53","2020-05-06","2020-05-06","2021-05-06","1647","Hosting Concepts B.V. dba Openprovider","whois.registrar.eu","http://www.openprovider.com","Complejo Educativo Catolico Doctora Maria Julia Hernandez","Complejo Educativo Catolico Doctora Maria Julia Hernandez","","","La Libertad","","El Salvador","","","","","","","","","","","","","","","","","","","","","","","","","","","","","","","","","","ns1.dns-parking.com","ns2.dns-parking.com","","","addPeriod","clientTransferProhibited","serverTransferProhibited",""
"24","royalsilverwheelchairtransportation.com","2020-05-07 01:21:17","2020-05-04","2020-05-04","2021-05-04","146","GoDaddy.com, LLC","whois.godaddy.com","http://registrar.godaddy.com","","","","","El Salvador","","El Salvador","","","","","","","","","","","","","","","","","","","","","","","","","","","","","","","","","","ns63.domaincontrol.com","ns64.domaincontrol.com","","","clientDeleteProhibited","clientRenewProhibited","clientTransferProhibited","clientUpdateProhibited"
"25","secure-server-update-010010103secure.com","2020-05-07 20:58:01","2020-05-06","2020-05-06","2021-05-06","1483","Neubox Internet S.A. de C.V.","whois.nic.mx","http://www.neubox.com","Erci Acuna","No Company","calle cortezbco pte 17","la libertad","antiguo cuscatlan","0501","El Salvador","kjovelde@hotmail.com","+49.0370223799","","Erci Acuna","No Company","calle cortezbco pte 17","la libertad","antiguo cuscatlan","0501","El Salvador","kjovelde@hotmail.com","+49.0370223799","","Erci Acuna","No Company","calle cortezbco pte 17","la libertad","antiguo cuscatlan","0501","El Salvador","kjovelde@hotmail.com","+49.0370223799","","","","","","","","","","","","ns143.neubox.net","ns144.neubox.net","ns245.neubox.net","","clientTransferProhibited","","",""
"26","segurosaguilarsv.com","2020-05-07 20:30:09","2020-05-05","2020-05-05","2021-05-05","1154","FastDomain Inc.","whois.fastdomain.com","http://www.fastdomain.com","ALEX STEVEN AGUILAR TREJO","AGUILAR ASESORES DE SEGUROS","COL CIUDAD PACIFICA I, AV. ALFREDO CRISTIANI, POL. B-1 CASA","SAN MIGUEL","","3301","El Salvador","alex.27aguilar.aa@gmail.com","+503.76821044","","ALEX STEVEN AGUILAR TREJO","AGUILAR ASESORES DE SEGUROS","COL CIUDAD PACIFICA I, AV. ALFREDO CRISTIANI, POL. B-1 CASA","SAN MIGUEL","","3301","El Salvador","alex.27aguilar.aa@gmail.com","+503.76821044","","BLUEHOST INC","BLUEHOST.COM","550 E TIMPANOGOS PKWY","OREM","UTAH","84097","United States","domain@redl.ca","+1.8017659400","+1.8017651992","","","","","","","","","","","ns1.bluehost.com","ns2.bluehost.com","","","clientTransferProhibited","","",""
"27","smartsecuritys.com","2020-05-07 21:01:38","2020-05-06","2020-05-06","2021-05-06","146","GoDaddy.com, LLC","whois.godaddy.com","http://registrar.godaddy.com","Parada","Parada","","","San Miguel","","El Salvador","","","","","","","","","","","","","","","","","","","","","","","","","","","","","","","","","","joan.ns.cloudflare.com","simon.ns.cloudflare.com","","","clientDeleteProhibited","clientRenewProhibited","clientTransferProhibited","clientUpdateProhibited"