"num","domain_name","query_time","create_date","update_date","expiry_date","domain_registrar_id","domain_registrar_name","domain_registrar_whois","domain_registrar_url","registrant_name","registrant_company","registrant_address","registrant_city","registrant_state","registrant_zip","registrant_country","registrant_email","registrant_phone","registrant_fax","administrative_name","administrative_company","administrative_address","administrative_city","administrative_state","administrative_zip","administrative_country","administrative_email","administrative_phone","administrative_fax","technical_name","technical_company","technical_address","technical_city","technical_state","technical_zip","technical_country","technical_email","technical_phone","technical_fax","billing_name","billing_company","billing_address","billing_city","billing_state","billing_zip","billing_country","billing_email","billing_phone","billing_fax","name_server_1","name_server_2","name_server_3","name_server_4","domain_status_1","domain_status_2","domain_status_3","domain_status_4"
"1","550.info","2020-05-07 06:20:01","2020-05-01","2020-05-05","2021-05-01","1866","Dynadot11 LLC","whois.dynadot11.com","http://www.dynadot11.com","","","","","Harjumaa","","Estonia","","","","","","","","","","","","","","","","","","","","","","","","","","","","","","","","","","ns1.dynadot.com","ns2.dynadot.com","","","serverTransferProhibited","","",""
"2","alohilany.com","2020-05-07 21:08:14","2020-05-06","2020-05-06","2022-05-06","146","GoDaddy.com, LLC","whois.godaddy.com","http://registrar.godaddy.com","HKN OU","HKN OU","","","Harjumaa","","Estonia","","","","","","","","","","","","","","","","","","","","","","","","","","","","","","","","","","ns71.domaincontrol.com","ns72.domaincontrol.com","","","clientDeleteProhibited","clientRenewProhibited","clientTransferProhibited","clientUpdateProhibited"
"3","amazingneck.com","2020-05-07 20:35:59","2020-05-05","2020-05-05","2021-05-05","146","GoDaddy.com, LLC","whois.godaddy.com","http://registrar.godaddy.com","","","","","Valgamaa","","Estonia","","","","","","","","","","","","","","","","","","","","","","","","","","","","","","","","","","ns73.domaincontrol.com","ns74.domaincontrol.com","","","clientDeleteProhibited","clientRenewProhibited","clientTransferProhibited","clientUpdateProhibited"
"4","annatryus.com","2020-05-07 20:30:03","2020-05-05","2020-05-05","2021-05-05","106","Ascio Technologies, Inc. Danmark - Filial af Ascio technologies, Inc. USA","whois.ascio.com","http://www.ascio.com","Not Disclosed","Not Disclosed","Not Disclosed","Not Disclosed","Harju maakond","Not Disclosed","Estonia","","Not Disclosed","Not Disclosed","Not Disclosed","Not Disclosed","Not Disclosed","Not Disclosed","Not Disclosed","Not Disclosed","Not Disclosed","","Not Disclosed","Not Disclosed","Not Disclosed","Not Disclosed","Not Disclosed","Not Disclosed","Not Disclosed","Not Disclosed","Not Disclosed","","Not Disclosed","Not Disclosed","","","","","","","","","","","ns.zone.eu","ns2.zone.ee","ns3.zonedata.net","","clientTransferProhibited","","",""
"5","archivecancerjournal.com","2020-05-07 20:28:23","2020-05-05","2020-05-05","2021-05-05","303","PDR Ltd. d/b/a PublicDomainRegistry.com","whois.publicdomainregistry.com","http://www.publicdomainregistry.com","GDPR Masked","GDPR Masked","GDPR Masked","GDPR Masked","Harju maakond","GDPR Masked","Estonia","gdpr-masking@gdpr-masked.com","GDPR Masked","GDPR Masked","GDPR Masked","GDPR Masked","GDPR Masked","GDPR Masked","GDPR Masked","GDPR Masked","GDPR Masked","gdpr-masking@gdpr-masked.com","GDPR Masked","GDPR Masked","GDPR Masked","GDPR Masked","GDPR Masked","GDPR Masked","GDPR Masked","GDPR Masked","GDPR Masked","gdpr-masking@gdpr-masked.com","GDPR Masked","GDPR Masked","","","","","","","","","","","ns1.dns-parking.com","ns2.dns-parking.com","","","clientTransferProhibited","","",""
"6","archivecancerresearch.com","2020-05-07 20:31:16","2020-05-05","2020-05-05","2021-05-05","303","PDR Ltd. d/b/a PublicDomainRegistry.com","whois.publicdomainregistry.com","http://www.publicdomainregistry.com","GDPR Masked","GDPR Masked","GDPR Masked","GDPR Masked","Harju maakond","GDPR Masked","Estonia","gdpr-masking@gdpr-masked.com","GDPR Masked","GDPR Masked","GDPR Masked","GDPR Masked","GDPR Masked","GDPR Masked","GDPR Masked","GDPR Masked","GDPR Masked","gdpr-masking@gdpr-masked.com","GDPR Masked","GDPR Masked","GDPR Masked","GDPR Masked","GDPR Masked","GDPR Masked","GDPR Masked","GDPR Masked","GDPR Masked","gdpr-masking@gdpr-masked.com","GDPR Masked","GDPR Masked","","","","","","","","","","","ns1.dns-parking.com","ns2.dns-parking.com","","","clientTransferProhibited","","",""
"7","archiveoncologyresearch.com","2020-05-07 20:30:26","2020-05-05","2020-05-05","2021-05-05","303","PDR Ltd. d/b/a PublicDomainRegistry.com","whois.publicdomainregistry.com","http://www.publicdomainregistry.com","GDPR Masked","GDPR Masked","GDPR Masked","GDPR Masked","Harju maakond","GDPR Masked","Estonia","gdpr-masking@gdpr-masked.com","GDPR Masked","GDPR Masked","GDPR Masked","GDPR Masked","GDPR Masked","GDPR Masked","GDPR Masked","GDPR Masked","GDPR Masked","gdpr-masking@gdpr-masked.com","GDPR Masked","GDPR Masked","GDPR Masked","GDPR Masked","GDPR Masked","GDPR Masked","GDPR Masked","GDPR Masked","GDPR Masked","gdpr-masking@gdpr-masked.com","GDPR Masked","GDPR Masked","","","","","","","","","","","ns1.dns-parking.com","ns2.dns-parking.com","","","clientTransferProhibited","","",""
"8","auroraengineerings.com","2020-05-07 21:16:41","2020-05-06","2020-05-06","2021-05-06","106","Ascio Technologies, Inc. Danmark - Filial af Ascio technologies, Inc. USA","whois.ascio.com","http://www.ascio.com","Not Disclosed","Not Disclosed","Not Disclosed","Not Disclosed","Harju","Not Disclosed","Estonia","","Not Disclosed","Not Disclosed","Not Disclosed","Not Disclosed","Not Disclosed","Not Disclosed","Not Disclosed","Not Disclosed","Not Disclosed","","Not Disclosed","Not Disclosed","Not Disclosed","Not Disclosed","Not Disclosed","Not Disclosed","Not Disclosed","Not Disclosed","Not Disclosed","","Not Disclosed","Not Disclosed","","","","","","","","","","","ns.zone.eu","ns2.zone.ee","ns3.zonedata.net","","clientTransferProhibited","","",""
"9","awecuisine.com","2020-05-07 21:18:37","2020-05-06","2020-05-06","2021-05-06","106","Ascio Technologies, Inc. Danmark - Filial af Ascio technologies, Inc. USA","whois.ascio.com","http://www.ascio.com","Not Disclosed","Not Disclosed","Not Disclosed","Not Disclosed","Harjumaa","Not Disclosed","Estonia","","Not Disclosed","Not Disclosed","Not Disclosed","Not Disclosed","Not Disclosed","Not Disclosed","Not Disclosed","Not Disclosed","Not Disclosed","","Not Disclosed","Not Disclosed","Not Disclosed","Not Disclosed","Not Disclosed","Not Disclosed","Not Disclosed","Not Disclosed","Not Disclosed","","Not Disclosed","Not Disclosed","","","","","","","","","","","ns.zone.eu","ns2.zone.ee","ns3.zonedata.net","","clientTransferProhibited","","",""
"10","beresheet.info","2020-05-07 23:25:39","2020-05-06","2020-05-06","2021-05-06","2","Network Solutions, LLC","whois.networksolutions.com","http://networksolutions.com","Beresheet Ou","Beresheet Ou","","","","","Estonia","","","","","","","","","","","","","","","","","","","","","","","","","","","","","","","","","","ns14.wixdns.net","ns15.wixdns.net","","","addPeriod","clientTransferProhibited","serverTransferProhibited",""
"11","btcprivate.pro","2020-05-07 22:46:32","2020-05-06","2020-05-06","2021-05-06","1068","NameCheap, Inc.","whois.namecheap.com","http://www.namecheap.com","","","","","estonia","","Estonia","","","","","","","","","","","","","","","","","","","","","","","","","","","","","","","","","","ns1.digitalocean.com","ns2.digitalocean.com","ns3.digitalocean.com","","addPeriod","clientTransferProhibited","serverTransferProhibited",""
"12","cardiovascularamericanjournal.com","2020-05-07 20:14:56","2020-05-05","2020-05-05","2021-05-05","303","PDR Ltd. d/b/a PublicDomainRegistry.com","whois.publicdomainregistry.com","http://www.publicdomainregistry.com","GDPR Masked","GDPR Masked","GDPR Masked","GDPR Masked","Harju maakond","GDPR Masked","Estonia","gdpr-masking@gdpr-masked.com","GDPR Masked","GDPR Masked","GDPR Masked","GDPR Masked","GDPR Masked","GDPR Masked","GDPR Masked","GDPR Masked","GDPR Masked","gdpr-masking@gdpr-masked.com","GDPR Masked","GDPR Masked","GDPR Masked","GDPR Masked","GDPR Masked","GDPR Masked","GDPR Masked","GDPR Masked","GDPR Masked","gdpr-masking@gdpr-masked.com","GDPR Masked","GDPR Masked","","","","","","","","","","","ns1.dns-parking.com","ns2.dns-parking.com","","","clientTransferProhibited","","",""
"13","cardiovasculareuropeanjournal.com","2020-05-07 20:15:41","2020-05-05","2020-05-05","2021-05-05","303","PDR Ltd. d/b/a PublicDomainRegistry.com","whois.publicdomainregistry.com","http://www.publicdomainregistry.com","GDPR Masked","GDPR Masked","GDPR Masked","GDPR Masked","Harju maakond","GDPR Masked","Estonia","gdpr-masking@gdpr-masked.com","GDPR Masked","GDPR Masked","GDPR Masked","GDPR Masked","GDPR Masked","GDPR Masked","GDPR Masked","GDPR Masked","GDPR Masked","gdpr-masking@gdpr-masked.com","GDPR Masked","GDPR Masked","GDPR Masked","GDPR Masked","GDPR Masked","GDPR Masked","GDPR Masked","GDPR Masked","GDPR Masked","gdpr-masking@gdpr-masked.com","GDPR Masked","GDPR Masked","","","","","","","","","","","ns1.dns-parking.com","ns2.dns-parking.com","","","clientTransferProhibited","","",""
"14","casereportcardiology.com","2020-05-07 20:15:40","2020-05-05","2020-05-05","2021-05-05","303","PDR Ltd. d/b/a PublicDomainRegistry.com","whois.publicdomainregistry.com","http://www.publicdomainregistry.com","GDPR Masked","GDPR Masked","GDPR Masked","GDPR Masked","Harju maakond","GDPR Masked","Estonia","gdpr-masking@gdpr-masked.com","GDPR Masked","GDPR Masked","GDPR Masked","GDPR Masked","GDPR Masked","GDPR Masked","GDPR Masked","GDPR Masked","GDPR Masked","gdpr-masking@gdpr-masked.com","GDPR Masked","GDPR Masked","GDPR Masked","GDPR Masked","GDPR Masked","GDPR Masked","GDPR Masked","GDPR Masked","GDPR Masked","gdpr-masking@gdpr-masked.com","GDPR Masked","GDPR Masked","","","","","","","","","","","ns1.dns-parking.com","ns2.dns-parking.com","","","clientTransferProhibited","","",""
"15","cdn-scripts.com","2020-05-07 19:14:25","2020-05-06","2020-05-06","2022-05-06","106","Ascio Technologies, Inc. Danmark - Filial af Ascio technologies, Inc. USA","whois.ascio.com","http://www.ascio.com","Not Disclosed","Not Disclosed","Not Disclosed","Not Disclosed","Harju maakond","Not Disclosed","Estonia","","Not Disclosed","Not Disclosed","Not Disclosed","Not Disclosed","Not Disclosed","Not Disclosed","Not Disclosed","Not Disclosed","Not Disclosed","","Not Disclosed","Not Disclosed","Not Disclosed","Not Disclosed","Not Disclosed","Not Disclosed","Not Disclosed","Not Disclosed","Not Disclosed","","Not Disclosed","Not Disclosed","","","","","","","","","","","ns.zone.eu","ns2.zone.ee","ns3.zonedata.net","","clientTransferProhibited","","",""
"16","childrens-web.net","2020-05-07 23:19:22","2020-05-06","2020-05-06","2021-05-06","83","1&1 Internet AG","whois.schlund.info","http://1and1.com","REDACTED FOR PRIVACY","Le Chirurgien Digital","REDACTED FOR PRIVACY","REDACTED FOR PRIVACY","","REDACTED FOR PRIVACY","Estonia","dataprivacyprotected@1und1.de","REDACTED FOR PRIVACY","REDACTED FOR PRIVACY","REDACTED FOR PRIVACY","REDACTED FOR PRIVACY","REDACTED FOR PRIVACY","REDACTED FOR PRIVACY","REDACTED FOR PRIVACY","REDACTED FOR PRIVACY","REDACTED FOR PRIVACY","dataprivacyprotected@1und1.de","REDACTED FOR PRIVACY","REDACTED FOR PRIVACY","REDACTED FOR PRIVACY","REDACTED FOR PRIVACY","REDACTED FOR PRIVACY","REDACTED FOR PRIVACY","REDACTED FOR PRIVACY","REDACTED FOR PRIVACY","REDACTED FOR PRIVACY","dataprivacyprotected@1und1.de","REDACTED FOR PRIVACY","REDACTED FOR PRIVACY","","","","","","","","","","","ns1022.ui-dns.com","ns1042.ui-dns.de","ns1045.ui-dns.biz","ns1115.ui-dns.org","addPeriod","clientTransferProhibited","",""
"17","contactlessbuilding.com","2020-05-07 21:16:38","2020-05-06","2020-05-06","2021-05-06","106","Ascio Technologies, Inc. Danmark - Filial af Ascio technologies, Inc. USA","whois.ascio.com","http://www.ascio.com","Not Disclosed","Not Disclosed","Not Disclosed","Not Disclosed","Harjumaa","Not Disclosed","Estonia","","Not Disclosed","Not Disclosed","Not Disclosed","Not Disclosed","Not Disclosed","Not Disclosed","Not Disclosed","Not Disclosed","Not Disclosed","","Not Disclosed","Not Disclosed","Not Disclosed","Not Disclosed","Not Disclosed","Not Disclosed","Not Disclosed","Not Disclosed","Not Disclosed","","Not Disclosed","Not Disclosed","","","","","","","","","","","ns.zone.eu","ns2.zone.ee","ns3.zonedata.net","","clientTransferProhibited","","",""
"18","djdoubleclap.com","2020-05-07 21:09:24","2020-05-06","2020-05-06","2021-05-06","113","CSL Computer Service Langenbach GmbH d/b/a joker.com","whois.joker.com","http://www.joker.com","","","","","","","Estonia","","","","","","","","","","","","","","","","","","","","","","","","","","","","","","","","","","x.ns.joker.com","y.ns.joker.com","z.ns.joker.com","","clientTransferProhibited","","",""
"19","estimask.com","2020-05-07 21:21:16","2020-05-06","2020-05-06","2021-05-06","146","GoDaddy.com, LLC","whois.godaddy.com","http://registrar.godaddy.com","","","","","Ida-Virumaa","","Estonia","","","","","","","","","","","","","","","","","","","","","","","","","","","","","","","","","","ns1-351.axc.nl","ns2-351.axc.nl","","","clientDeleteProhibited","clientRenewProhibited","clientTransferProhibited","clientUpdateProhibited"
"20","fatcat.business","2020-05-07 06:35:11","2020-05-05","2020-05-05","2021-05-05","106","Ascio Technologies, Inc. Danmark - Filial af Ascio technologies, Inc. USA","whois.ascio.com","http://www.ascio.com","REDACTED FOR PRIVACY","","REDACTED FOR PRIVACY","REDACTED FOR PRIVACY","Harku","REDACTED FOR PRIVACY","Estonia","","REDACTED FOR PRIVACY","REDACTED FOR PRIVACY","","","","","","","","","","","","","","","","","","","","","","","","","","","","","","","","","","","addPeriod","clientTransferProhibited","",""
"21","fatcat.domains","2020-05-07 06:30:59","2020-05-05","2020-05-05","2021-05-05","106","Ascio Technologies, Inc. Danmark - Filial af Ascio technologies, Inc. USA","whois.ascio.com","http://www.ascio.com","REDACTED FOR PRIVACY","","REDACTED FOR PRIVACY","REDACTED FOR PRIVACY","Harku","REDACTED FOR PRIVACY","Estonia","","REDACTED FOR PRIVACY","REDACTED FOR PRIVACY","","","","","","","","","","","","","","","","","","","","","","","","","","","","","","","","","","","addPeriod","clientTransferProhibited","",""
"22","fatcat.email","2020-05-07 18:58:34","2020-05-05","2020-05-05","2021-05-05","106","Ascio Technologies, Inc. Danmark - Filial af Ascio technologies, Inc. USA","whois.ascio.com","http://www.ascio.com","REDACTED FOR PRIVACY","","REDACTED FOR PRIVACY","REDACTED FOR PRIVACY","Harku","REDACTED FOR PRIVACY","Estonia","","REDACTED FOR PRIVACY","REDACTED FOR PRIVACY","","","","","","","","","","","","","","","","","","","","","","","","","","","","","","","","","","","addPeriod","clientTransferProhibited","",""
"23","fatcat.tools","2020-05-07 02:45:15","2020-05-05","2020-05-05","2021-05-05","106","Ascio Technologies, Inc. Danmark - Filial af Ascio technologies, Inc. USA","whois.ascio.com","http://www.ascio.com","REDACTED FOR PRIVACY","","REDACTED FOR PRIVACY","REDACTED FOR PRIVACY","Harku","REDACTED FOR PRIVACY","Estonia","","REDACTED FOR PRIVACY","REDACTED FOR PRIVACY","","","","","","","","","","","","","","","","","","","","","","","","","","","","","","","","","","","addPeriod","clientTransferProhibited","",""
"24","fatcat.world","2020-05-07 19:04:57","2020-05-05","2020-05-05","2021-05-05","106","Ascio Technologies, Inc. Danmark - Filial af Ascio technologies, Inc. USA","whois.ascio.com","http://www.ascio.com","REDACTED FOR PRIVACY","","REDACTED FOR PRIVACY","REDACTED FOR PRIVACY","Harku","REDACTED FOR PRIVACY","Estonia","","REDACTED FOR PRIVACY","REDACTED FOR PRIVACY","","","","","","","","","","","","","","","","","","","","","","","","","","","","","","","","","","","addPeriod","clientTransferProhibited","",""
"25","hedword.com","2020-05-07 21:16:05","2020-05-06","2020-05-06","2021-05-05","1052","EuroDNS S.A.","http://whois.rotld.ro","http://www.eurodns.com","Tistova Svetlana","HEADROOM OU","Tartu linn, Voru tn 90-6","Tartu linn","","50111","Estonia","headroomou@gmail.com","+372.53450405","","Tistova Svetlana","HEADROOM OU","Tartu linn, Voru tn 90-6","Tartu linn","","50111","Estonia","headroomou@gmail.com","+372.53450405","","Tistova Svetlana","HEADROOM OU","Tartu linn, Voru tn 90-6","Tartu linn","","50111","Estonia","headroomou@gmail.com","+372.53450405","","","","","","","","","","","","ns.elkdata.ee","ns2.elkdata.ee","ns3.elkdata.net","","clientTransferProhibited","","",""
"26","heetsestonia.com","2020-05-07 21:21:30","2020-05-06","2020-05-06","2021-05-06","106","Ascio Technologies, Inc. Danmark - Filial af Ascio technologies, Inc. USA","whois.ascio.com","http://www.ascio.com","Not Disclosed","Not Disclosed","Not Disclosed","Not Disclosed","Tartumaa","Not Disclosed","Estonia","","Not Disclosed","Not Disclosed","Not Disclosed","Not Disclosed","Not Disclosed","Not Disclosed","Not Disclosed","Not Disclosed","Not Disclosed","","Not Disclosed","Not Disclosed","Not Disclosed","Not Disclosed","Not Disclosed","Not Disclosed","Not Disclosed","Not Disclosed","Not Disclosed","","Not Disclosed","Not Disclosed","","","","","","","","","","","ns.zone.eu","ns2.zone.ee","ns3.zonedata.net","","clientTransferProhibited","","",""
"27","hyperajans.com","2020-05-07 19:21:08","2020-05-06","2020-05-06","2021-05-06","146","GoDaddy.com, LLC","whois.godaddy.com","http://registrar.godaddy.com","Hydrachip OU","Hydrachip OU","","","Buca","","Estonia","","","","","","","","","","","","","","","","","","","","","","","","","","","","","","","","","","ns73.domaincontrol.com","ns74.domaincontrol.com","","","clientDeleteProhibited","clientRenewProhibited","clientTransferProhibited","clientUpdateProhibited"
"28","keikal.com","2020-05-07 21:15:02","2020-05-06","2020-05-06","2021-05-05","1052","EuroDNS S.A.","http://whois.rotld.ro","http://www.eurodns.com","Piiriste Tiiu","Keikal Grupp OU","Tervise 9","Keila","","76608","Estonia","tiiu@jonson.ee","+372.5130737","","Piiriste Tiiu","Keikal Grupp OU","Tervise 9","Keila","","76608","Estonia","tiiu@jonson.ee","+372.5130737","","Piiriste Tiiu","Keikal Grupp OU","Tervise 9","Keila","","76608","Estonia","tiiu@jonson.ee","+372.5130737","","","","","","","","","","","","ns.elkdata.ee","ns2.elkdata.ee","ns3.elkdata.net","","clientTransferProhibited","","",""
"29","leleekids.com","2020-05-07 21:06:57","2020-05-06","2020-05-07","2021-05-06","106","Ascio Technologies, Inc. Danmark - Filial af Ascio technologies, Inc. USA","whois.ascio.com","http://www.ascio.com","Not Disclosed","Not Disclosed","Not Disclosed","Not Disclosed","Harjumaa","Not Disclosed","Estonia","","Not Disclosed","Not Disclosed","Not Disclosed","Not Disclosed","Not Disclosed","Not Disclosed","Not Disclosed","Not Disclosed","Not Disclosed","","Not Disclosed","Not Disclosed","Not Disclosed","Not Disclosed","Not Disclosed","Not Disclosed","Not Disclosed","Not Disclosed","Not Disclosed","","Not Disclosed","Not Disclosed","","","","","","","","","","","ns.zone.eu","ns2.zone.ee","ns3.zonedata.net","","clientTransferProhibited","","",""
"30","limerise.net","2020-05-07 19:00:31","2020-05-06","2020-05-06","2021-05-06","141","Cronon AG","whois.cronon.net","http://www.cronon.net","","","","","","","Estonia","domaincontact@reg.xlink.net","","","","","","","","","","","","","","","","","","","","","","","","","","","","","","","","","docks08.rzone.de","shades12.rzone.de","","","OK","","",""
"31","menu.taxi","2020-05-07 22:22:15","2020-05-05","2020-05-05","2021-05-05","1564","TLD Registrar Solutions Ltd.","whois.tldregistrarsolutions.com","http://www.tldregistrarsolutions.com","REDACTED FOR PRIVACY","Digital Core Group","REDACTED FOR PRIVACY","REDACTED FOR PRIVACY","","REDACTED FOR PRIVACY","Estonia","","REDACTED FOR PRIVACY","REDACTED FOR PRIVACY","","","","","","","","","","","","","","","","","","","","","","","","","","","","","","","","","","","addPeriod","clientTransferProhibited","",""
"32","minupusa.com","2020-05-07 21:02:46","2020-05-06","2020-05-06","2021-05-05","1052","EuroDNS S.A.","http://whois.rotld.ro","http://www.eurodns.com","Hall Arved","Sargid-Vargid.ee LLC","Tulika 15 17, A-203","Tallinn","","10613","Estonia","arved@shrt.ee","+372.5118186","","Hall Arved","Sargid-Vargid.ee LLC","Tulika 15 17, A-203","Tallinn","","10613","Estonia","arved@shrt.ee","+372.5118186","","Hall Arved","Sargid-Vargid.ee LLC","Tulika 15 17, A-203","Tallinn","","10613","Estonia","arved@shrt.ee","+372.5118186","","","","","","","","","","","","ns.elkdata.ee","ns2.elkdata.ee","ns3.elkdata.net","","clientTransferProhibited","","",""
"33","mpcblog.com","2020-05-07 19:59:28","2020-05-05","2020-05-05","2021-05-04","1052","EuroDNS S.A.","http://whois.rotld.ro","http://www.eurodns.com","REDACTED FOR PRIVACY REDACTED FOR PRIVACY","REDACTED FOR PRIVACY","REDACTED FOR PRIVACY","Tammiste kula","","85009","Estonia","dfdcfaa4b0b7f348ed327f1173a2b786_2227240_o@whoisprivacy.com","REDACTED FOR PRIVACY","REDACTED FOR PRIVACY","REDACTED FOR PRIVACY REDACTED FOR PRIVACY","REDACTED FOR PRIVACY","REDACTED FOR PRIVACY","Tammiste kula","","85009","Estonia","fd6df87df757f491f7f26e98c0f3d7db_2227240_a@whoisprivacy.com","REDACTED FOR PRIVACY","REDACTED FOR PRIVACY","REDACTED FOR PRIVACY REDACTED FOR PRIVACY","REDACTED FOR PRIVACY","REDACTED FOR PRIVACY","Tammiste kula","","85009","Estonia","360f6d47fffa0fba769753603334977a_2227240_t@whoisprivacy.com","REDACTED FOR PRIVACY","REDACTED FOR PRIVACY","","","","","","","","","","","ns.elkdata.ee","ns2.elkdata.ee","ns3.elkdata.net","","clientTransferProhibited","","",""
"34","multimaxshop.com","2020-05-07 21:14:55","2020-05-06","2020-05-06","2021-05-06","146","GoDaddy.com, LLC","whois.godaddy.com","http://registrar.godaddy.com","Selling Photos OU","Selling Photos OU","","","Harjumaa","","Estonia","","","","","","","","","","","","","","","","","","","","","","","","","","","","","","","","","","ns31.domaincontrol.com","ns32.domaincontrol.com","","","clientDeleteProhibited","clientRenewProhibited","clientTransferProhibited","clientUpdateProhibited"
"35","muuma.com","2020-05-07 20:23:13","2020-05-05","2020-05-05","2021-05-05","2027","DropCatch.com 547 LLC","whois.namebright.com","http://www.dropcatch547.com","Redacted for GDPR privacy","","Redacted for GDPR privacy","Redacted for GDPR privacy","Harjumaa","Redacted for GDPR privacy","Estonia","","Redacted for GDPR privacy","Redacted for GDPR privacy","Redacted for GDPR privacy","Redacted for GDPR privacy","Redacted for GDPR privacy","Redacted for GDPR privacy","Redacted for GDPR privacy","Redacted for GDPR privacy","Redacted for GDPR privacy","","Redacted for GDPR privacy","Redacted for GDPR privacy","Redacted for GDPR privacy","Redacted for GDPR privacy","Redacted for GDPR privacy","Redacted for GDPR privacy","Redacted for GDPR privacy","Redacted for GDPR privacy","Redacted for GDPR privacy","","Redacted for GDPR privacy","Redacted for GDPR privacy","","","","","","","","","","","","","","","clientTransferProhibited","","",""
"36","newtubemoney.com","2020-05-07 19:14:23","2020-05-06","2020-05-06","2022-05-06","146","GoDaddy.com, LLC","whois.godaddy.com","http://registrar.godaddy.com","GoodKaarma OU","GoodKaarma OU","","","Saaremaa","","Estonia","","","","","","","","","","","","","","","","","","","","","","","","","","","","","","","","","","ns31.domaincontrol.com","ns32.domaincontrol.com","","","clientDeleteProhibited","clientRenewProhibited","clientTransferProhibited","clientUpdateProhibited"
"37","nordicchocolates.com","2020-05-07 20:43:50","2020-05-05","2020-05-05","2021-05-05","146","GoDaddy.com, LLC","whois.godaddy.com","http://registrar.godaddy.com","Habicht OU","Habicht OU","","","Harjumaa","","Estonia","","","","","","","","","","","","","","","","","","","","","","","","","","","","","","","","","","ns19.domaincontrol.com","ns20.domaincontrol.com","","","clientDeleteProhibited","clientRenewProhibited","clientTransferProhibited","clientUpdateProhibited"
"38","oncologyamericanjournal.com","2020-05-07 20:09:59","2020-05-05","2020-05-05","2021-05-05","303","PDR Ltd. d/b/a PublicDomainRegistry.com","whois.publicdomainregistry.com","http://www.publicdomainregistry.com","GDPR Masked","GDPR Masked","GDPR Masked","GDPR Masked","Harju maakond","GDPR Masked","Estonia","gdpr-masking@gdpr-masked.com","GDPR Masked","GDPR Masked","GDPR Masked","GDPR Masked","GDPR Masked","GDPR Masked","GDPR Masked","GDPR Masked","GDPR Masked","gdpr-masking@gdpr-masked.com","GDPR Masked","GDPR Masked","GDPR Masked","GDPR Masked","GDPR Masked","GDPR Masked","GDPR Masked","GDPR Masked","GDPR Masked","gdpr-masking@gdpr-masked.com","GDPR Masked","GDPR Masked","","","","","","","","","","","ns1.dns-parking.com","ns2.dns-parking.com","","","clientTransferProhibited","","",""
"39","optcrops.com","2020-05-07 21:00:33","2020-05-06","2020-05-06","2021-05-06","146","GoDaddy.com, LLC","whois.godaddy.com","http://registrar.godaddy.com","","","","","Tallinn","","Estonia","","","","","","","","","","","","","","","","","","","","","","","","","","","","","","","","","","ns71.domaincontrol.com","ns72.domaincontrol.com","","","OK","","",""
"40","pajamas.info","2020-05-07 06:08:40","2020-05-01","2020-05-05","2021-05-01","1637","Dynadot0 LLC","whois.worldsite.ws","","","","","","Harjumaa","","Estonia","","","","","","","","","","","","","","","","","","","","","","","","","","","","","","","","","","ns1.dynadot.com","ns2.dynadot.com","","","serverTransferProhibited","","",""
"41","palacebaby.com","2020-05-07 21:19:06","2020-05-06","2020-05-06","2021-05-06","106","Ascio Technologies, Inc. Danmark - Filial af Ascio technologies, Inc. USA","whois.ascio.com","http://www.ascio.com","Not Disclosed","Not Disclosed","Not Disclosed","Not Disclosed","Parnumaa","Not Disclosed","Estonia","","Not Disclosed","Not Disclosed","Not Disclosed","Not Disclosed","Not Disclosed","Not Disclosed","Not Disclosed","Not Disclosed","Not Disclosed","","Not Disclosed","Not Disclosed","Not Disclosed","Not Disclosed","Not Disclosed","Not Disclosed","Not Disclosed","Not Disclosed","Not Disclosed","","Not Disclosed","Not Disclosed","","","","","","","","","","","ns.zone.eu","ns2.zone.ee","ns3.zonedata.net","","clientTransferProhibited","","",""
"42","pleiterfit.com","2020-05-07 21:08:01","2020-05-06","2020-05-06","2021-05-06","146","GoDaddy.com, LLC","whois.godaddy.com","http://registrar.godaddy.com","","","","","Harjumaa","","Estonia","","","","","","","","","","","","","","","","","","","","","","","","","","","","","","","","","","ace.ns.cloudflare.com","alla.ns.cloudflare.com","","","clientDeleteProhibited","clientRenewProhibited","clientTransferProhibited","clientUpdateProhibited"
"43","qasw.guru","2020-05-07 18:58:30","2020-05-05","2020-05-05","2021-05-05","146","GoDaddy.com, LLC","whois.godaddy.com","http://registrar.godaddy.com","REDACTED FOR PRIVACY","","REDACTED FOR PRIVACY","REDACTED FOR PRIVACY","Harjumaa","REDACTED FOR PRIVACY","Estonia","","REDACTED FOR PRIVACY","REDACTED FOR PRIVACY","","","","","","","","","","","","","","","","","","","","","","","","","","","","","","","","","","","addPeriod","clientDeleteProhibited","clientRenewProhibited","clientTransferProhibited"
"44","retete.club","2020-05-07 06:32:18","2020-05-04","2020-05-04","2021-05-04","1068","NameCheap, Inc.","whois.namecheap.com","http://www.namecheap.com","","","","","estonia","","Estonia","","","","","","","","","","","","","","","","","","","","","","","","","","","","","","","","","","ns1.digitalocean.com","ns2.digitalocean.com","ns3.digitalocean.com","","addPeriod","clientTransferProhibited","",""
"45","rhuteni.net","2020-05-07 05:43:52","2020-05-05","2020-05-05","2021-05-05","303","PDR Ltd. d/b/a PublicDomainRegistry.com","whois.publicdomainregistry.com","http://www.publicdomainregistry.com","GDPR Masked","GDPR Masked","GDPR Masked","GDPR Masked","Harjumaa","GDPR Masked","Estonia","gdpr-masking@gdpr-masked.com","GDPR Masked","GDPR Masked","GDPR Masked","GDPR Masked","GDPR Masked","GDPR Masked","GDPR Masked","GDPR Masked","GDPR Masked","gdpr-masking@gdpr-masked.com","GDPR Masked","GDPR Masked","GDPR Masked","GDPR Masked","GDPR Masked","GDPR Masked","GDPR Masked","GDPR Masked","GDPR Masked","gdpr-masking@gdpr-masked.com","GDPR Masked","GDPR Masked","","","","","","","","","","","ns.wavecom.ee","ns2.wavecom.ee","","","clientTransferProhibited","","",""
"46","scoopyride.com","2020-05-07 01:16:42","2020-05-04","2020-05-04","2021-05-04","106","Ascio Technologies, Inc. Danmark - Filial af Ascio technologies, Inc. USA","whois.ascio.com","http://www.ascio.com","Not Disclosed","Not Disclosed","Not Disclosed","Not Disclosed","Harjumaa","Not Disclosed","Estonia","","Not Disclosed","Not Disclosed","Not Disclosed","Not Disclosed","Not Disclosed","Not Disclosed","Not Disclosed","Not Disclosed","Not Disclosed","","Not Disclosed","Not Disclosed","Not Disclosed","Not Disclosed","Not Disclosed","Not Disclosed","Not Disclosed","Not Disclosed","Not Disclosed","","Not Disclosed","Not Disclosed","","","","","","","","","","","ns.zone.eu","ns2.zone.ee","ns3.zonedata.net","","clientTransferProhibited","","",""
"47","shopblog.club","2020-05-07 06:32:16","2020-05-04","2020-05-04","2021-05-04","1068","NameCheap, Inc.","whois.namecheap.com","http://www.namecheap.com","","","","","estonia","","Estonia","","","","","","","","","","","","","","","","","","","","","","","","","","","","","","","","","","ns1.digitalocean.com","ns2.digitalocean.com","ns3.digitalocean.com","","addPeriod","clientTransferProhibited","",""
"48","sloganbulamadim.com","2020-05-07 20:56:28","2020-05-06","2020-05-06","2021-05-06","146","GoDaddy.com, LLC","whois.godaddy.com","http://registrar.godaddy.com","Hydrachip OU","Hydrachip OU","","","Buca","","Estonia","","","","","","","","","","","","","","","","","","","","","","","","","","","","","","","","","","ns31.domaincontrol.com","ns32.domaincontrol.com","","","clientDeleteProhibited","clientRenewProhibited","clientTransferProhibited","clientUpdateProhibited"
"49","sundrops.net","2020-05-07 05:41:01","2020-05-04","2020-05-04","2021-05-04","1854","DropCatch.com 443 LLC","whois.namebright.com","http://www.dropcatch443.com","Redacted for GDPR privacy","","Redacted for GDPR privacy","Redacted for GDPR privacy","Harjumaa","Redacted for GDPR privacy","Estonia","","Redacted for GDPR privacy","Redacted for GDPR privacy","Redacted for GDPR privacy","Redacted for GDPR privacy","Redacted for GDPR privacy","Redacted for GDPR privacy","Redacted for GDPR privacy","Redacted for GDPR privacy","Redacted for GDPR privacy","","Redacted for GDPR privacy","Redacted for GDPR privacy","Redacted for GDPR privacy","Redacted for GDPR privacy","Redacted for GDPR privacy","Redacted for GDPR privacy","Redacted for GDPR privacy","Redacted for GDPR privacy","Redacted for GDPR privacy","","Redacted for GDPR privacy","Redacted for GDPR privacy","","","","","","","","","","","","","","","clientTransferProhibited","","",""
"50","tamilrocker.tel","2020-05-07 02:45:16","2020-05-06","2020-05-06","2021-05-06","472","Dynadot, LLC","whois.dynadot.com","http://www.dynadot.com","","","","","Harjumaa","","Estonia","","","","","","","","","","","","","","","","","","","","","","","","","","","","","","","","","","ns1.dynadot.com","ns2.dynadot.com","","","addPeriod","ok","",""
"51","tartustreetart.com","2020-05-07 20:16:01","2020-05-05","2020-05-06","2021-05-04","1052","EuroDNS S.A.","http://whois.rotld.ro","http://www.eurodns.com","Joala Sirje","Tartu Meemiloome Instituut MTU","Salme 18","Tartu","","50106","Estonia","sirlacool@gmail.com","+372.58123417","","Joala Sirje","Tartu Meemiloome Instituut MTU","Salme 18","Tartu","","50106","Estonia","sirlacool@gmail.com","+372.58123417","","Joala Sirje","Tartu Meemiloome Instituut MTU","Salme 18","Tartu","","50106","Estonia","sirlacool@gmail.com","+372.58123417","","","","","","","","","","","","ns.elkdata.ee","ns2.elkdata.ee","ns3.elkdata.net","","clientTransferProhibited","","",""
"52","tennislab.club","2020-05-07 06:32:42","2020-05-04","2020-05-04","2021-05-04","1068","NameCheap, Inc.","whois.namecheap.com","http://www.namecheap.com","","","","","estonia","","Estonia","","","","","","","","","","","","","","","","","","","","","","","","","","","","","","","","","","ns1.digitalocean.com","ns2.digitalocean.com","ns3.digitalocean.com","","addPeriod","clientTransferProhibited","",""
"53","tiviland.com","2020-05-07 21:02:18","2020-05-06","2020-05-06","2021-05-06","146","GoDaddy.com, LLC","whois.godaddy.com","http://registrar.godaddy.com","Hydrachip OU","Hydrachip OU","","","Buca","","Estonia","","","","","","","","","","","","","","","","","","","","","","","","","","","","","","","","","","ns19.domaincontrol.com","ns20.domaincontrol.com","","","clientDeleteProhibited","clientRenewProhibited","clientTransferProhibited","clientUpdateProhibited"
"54","traderspros.com","2020-05-07 20:50:57","2020-05-05","2020-05-05","2021-05-05","81","Gandi SAS","whois.gandi.net","http://www.gandi.net","REDACTED FOR PRIVACY","AllPro Tech OU","REDACTED FOR PRIVACY","REDACTED FOR PRIVACY","","REDACTED FOR PRIVACY","Estonia","0520a94d0fceeb92eece7df2ad7a4012-18883769@contact.gandi.net","REDACTED FOR PRIVACY","REDACTED FOR PRIVACY","REDACTED FOR PRIVACY","REDACTED FOR PRIVACY","REDACTED FOR PRIVACY","REDACTED FOR PRIVACY","REDACTED FOR PRIVACY","REDACTED FOR PRIVACY","REDACTED FOR PRIVACY","0520a94d0fceeb92eece7df2ad7a4012-18883769@contact.gandi.net","REDACTED FOR PRIVACY","REDACTED FOR PRIVACY","REDACTED FOR PRIVACY","REDACTED FOR PRIVACY","REDACTED FOR PRIVACY","REDACTED FOR PRIVACY","REDACTED FOR PRIVACY","REDACTED FOR PRIVACY","REDACTED FOR PRIVACY","0520a94d0fceeb92eece7df2ad7a4012-18883769@contact.gandi.net","REDACTED FOR PRIVACY","REDACTED FOR PRIVACY","","","","","","","","","","","ns-144-a.gandi.net","ns-205-b.gandi.net","ns-23-c.gandi.net","","clientTransferProhibited","","",""
"55","triitme.com","2020-05-07 19:31:07","2020-05-05","2020-05-05","2021-05-05","2507","DROPCATCH.COM 748 LLC","whois.namebright.com","http://www.dropcatch748.com","Redacted for GDPR privacy","","Redacted for GDPR privacy","Redacted for GDPR privacy","Harjumaa","Redacted for GDPR privacy","Estonia","","Redacted for GDPR privacy","Redacted for GDPR privacy","Redacted for GDPR privacy","Redacted for GDPR privacy","Redacted for GDPR privacy","Redacted for GDPR privacy","Redacted for GDPR privacy","Redacted for GDPR privacy","Redacted for GDPR privacy","","Redacted for GDPR privacy","Redacted for GDPR privacy","Redacted for GDPR privacy","Redacted for GDPR privacy","Redacted for GDPR privacy","Redacted for GDPR privacy","Redacted for GDPR privacy","Redacted for GDPR privacy","Redacted for GDPR privacy","","Redacted for GDPR privacy","Redacted for GDPR privacy","","","","","","","","","","","","","","","clientTransferProhibited","","",""
"56","unblocked.wtf","2020-05-07 02:28:16","2020-05-04","2020-05-04","2021-05-04","1387","1API GmbH","whois.1api.net","http://www.1api.net","REDACTED FOR PRIVACY","","REDACTED FOR PRIVACY","REDACTED FOR PRIVACY","Harjumaa","REDACTED FOR PRIVACY","Estonia","","REDACTED FOR PRIVACY","REDACTED FOR PRIVACY","","","","","","","","","","","","","","","","","","","","","","","","","","","","","","","","","","","addPeriod","clientTransferProhibited","",""
"57","unimailma.com","2020-05-07 21:07:02","2020-05-06","2020-05-07","2021-05-06","106","Ascio Technologies, Inc. Danmark - Filial af Ascio technologies, Inc. USA","whois.ascio.com","http://www.ascio.com","Not Disclosed","Not Disclosed","Not Disclosed","Not Disclosed","Tartumaa","Not Disclosed","Estonia","","Not Disclosed","Not Disclosed","Not Disclosed","Not Disclosed","Not Disclosed","Not Disclosed","Not Disclosed","Not Disclosed","Not Disclosed","","Not Disclosed","Not Disclosed","Not Disclosed","Not Disclosed","Not Disclosed","Not Disclosed","Not Disclosed","Not Disclosed","Not Disclosed","","Not Disclosed","Not Disclosed","","","","","","","","","","","ns.zone.eu","ns2.zone.ee","ns3.zonedata.net","","clientTransferProhibited","","",""
"58","vncgourmet.com","2020-05-07 20:52:52","2020-05-05","2020-05-05","2021-05-05","106","Ascio Technologies, Inc. Danmark - Filial af Ascio technologies, Inc. USA","whois.ascio.com","http://www.ascio.com","Not Disclosed","Not Disclosed","Not Disclosed","Not Disclosed","Jogevamaa","Not Disclosed","Estonia","","Not Disclosed","Not Disclosed","Not Disclosed","Not Disclosed","Not Disclosed","Not Disclosed","Not Disclosed","Not Disclosed","Not Disclosed","","Not Disclosed","Not Disclosed","Not Disclosed","Not Disclosed","Not Disclosed","Not Disclosed","Not Disclosed","Not Disclosed","Not Disclosed","","Not Disclosed","Not Disclosed","","","","","","","","","","","ns.zone.eu","ns2.zone.ee","ns3.zonedata.net","","clientTransferProhibited","","",""
"59","webopload.net","2020-05-07 19:01:53","2020-05-06","2020-05-06","2021-05-06","83","1&1 Internet AG","whois.schlund.info","http://1and1.com","REDACTED FOR PRIVACY","Le Chirurgien Digital","REDACTED FOR PRIVACY","REDACTED FOR PRIVACY","","REDACTED FOR PRIVACY","Estonia","dataprivacyprotected@1und1.de","REDACTED FOR PRIVACY","REDACTED FOR PRIVACY","REDACTED FOR PRIVACY","REDACTED FOR PRIVACY","REDACTED FOR PRIVACY","REDACTED FOR PRIVACY","REDACTED FOR PRIVACY","REDACTED FOR PRIVACY","REDACTED FOR PRIVACY","dataprivacyprotected@1und1.de","REDACTED FOR PRIVACY","REDACTED FOR PRIVACY","REDACTED FOR PRIVACY","REDACTED FOR PRIVACY","REDACTED FOR PRIVACY","REDACTED FOR PRIVACY","REDACTED FOR PRIVACY","REDACTED FOR PRIVACY","REDACTED FOR PRIVACY","dataprivacyprotected@1und1.de","REDACTED FOR PRIVACY","REDACTED FOR PRIVACY","","","","","","","","","","","ns1042.ui-dns.de","ns1069.ui-dns.com","ns1073.ui-dns.org","ns1089.ui-dns.biz","addPeriod","clientTransferProhibited","",""
"60","whyrall.com","2020-05-07 20:10:22","2020-05-05","2020-05-05","2021-05-05","146","GoDaddy.com, LLC","whois.godaddy.com","http://registrar.godaddy.com","","","","","Harjumaa","","Estonia","","","","","","","","","","","","","","","","","","","","","","","","","","","","","","","","","","ns73.domaincontrol.com","ns74.domaincontrol.com","","","clientDeleteProhibited","clientRenewProhibited","clientTransferProhibited","clientUpdateProhibited"
"61","workerseek.com","2020-05-07 21:16:15","2020-05-06","2020-05-06","2021-05-06","2487","Internet Domain Services BS Corp","whois.publicinterestregistry.net","http://www.internetbs.net","Not disclosed Not disclosed","Digital Core Group","Sepapaja 6","Tallinn","","15551","Estonia","23b099112148e7b8d75d24b3f5d355ec.gdrp@customers.whoisprivacycorp.com","+1.5163872248","","Not disclosed Not disclosed","Digital Core Group","Sepapaja 6","Tallinn","","15551","Estonia","23b099112148e7b8d75d24b3f5d355ec.gdrp@customers.whoisprivacycorp.com","+1.5163872248","","Not disclosed Not disclosed","Digital Core Group","Sepapaja 6","Tallinn","","15551","Estonia","23b099112148e7b8d75d24b3f5d355ec.gdrp@customers.whoisprivacycorp.com","+1.5163872248","","","","","","","","","","","","roxy.ns.cloudflare.com","sid.ns.cloudflare.com","","","clientTransferProhibited","ok","",""