"num","domain_name","query_time","create_date","update_date","expiry_date","domain_registrar_id","domain_registrar_name","domain_registrar_whois","domain_registrar_url","registrant_name","registrant_company","registrant_address","registrant_city","registrant_state","registrant_zip","registrant_country","registrant_email","registrant_phone","registrant_fax","administrative_name","administrative_company","administrative_address","administrative_city","administrative_state","administrative_zip","administrative_country","administrative_email","administrative_phone","administrative_fax","technical_name","technical_company","technical_address","technical_city","technical_state","technical_zip","technical_country","technical_email","technical_phone","technical_fax","billing_name","billing_company","billing_address","billing_city","billing_state","billing_zip","billing_country","billing_email","billing_phone","billing_fax","name_server_1","name_server_2","name_server_3","name_server_4","domain_status_1","domain_status_2","domain_status_3","domain_status_4"
"1","aleksanteri13.com","2020-05-07 21:17:49","2020-05-06","2020-05-06","2021-05-06","106","Ascio Technologies, Inc. Danmark - Filial af Ascio technologies, Inc. USA","whois.ascio.com","http://www.ascio.com","Not Disclosed","Not Disclosed","Not Disclosed","Not Disclosed","","Not Disclosed","Finland","","Not Disclosed","Not Disclosed","Not Disclosed","Not Disclosed","Not Disclosed","Not Disclosed","Not Disclosed","Not Disclosed","Not Disclosed","","Not Disclosed","Not Disclosed","Not Disclosed","Not Disclosed","Not Disclosed","Not Disclosed","Not Disclosed","Not Disclosed","Not Disclosed","","Not Disclosed","Not Disclosed","","","","","","","","","","","ns1.sitehosting.fi","ns2.sitehosting.fi","","","OK","","",""
"2","amrefeurope.com","2020-05-07 20:41:31","2020-05-05","2020-05-05","2021-05-05","146","GoDaddy.com, LLC","whois.godaddy.com","http://registrar.godaddy.com","","","","","Nyland","","Finland","","","","","","","","","","","","","","","","","","","","","","","","","","","","","","","","","","ns71.domaincontrol.com","ns72.domaincontrol.com","","","clientDeleteProhibited","clientRenewProhibited","clientTransferProhibited","clientUpdateProhibited"
"3","ankaafinland.com","2020-05-07 21:04:20","2020-05-06","2020-05-06","2022-05-06","146","GoDaddy.com, LLC","whois.godaddy.com","http://registrar.godaddy.com","","","","","Pirkanmaa","","Finland","","","","","","","","","","","","","","","","","","","","","","","","","","","","","","","","","","ns19.domaincontrol.com","ns20.domaincontrol.com","","","clientDeleteProhibited","clientRenewProhibited","clientTransferProhibited","clientUpdateProhibited"
"4","annidohlen.com","2020-05-07 19:12:53","2020-05-06","2020-05-06","2021-05-06","113","CSL Computer Service Langenbach GmbH d/b/a joker.com","whois.joker.com","http://www.joker.com","Anni Dohlen Art","Anni Dohlen Art","","","","","Finland","","","","","","","","","","","","","","","","","","","","","","","","","","","","","","","","","","ns1.zoner.fi","ns2.zoner.fi","ns3.zoner.fi","","clientTransferProhibited","","",""
"5","antoniopicasso.com","2020-05-07 21:09:45","2020-05-06","2020-05-06","2021-05-06","433","OVH sas","whois.ovh.com","http://www.ovh.com","REDACTED FOR PRIVACY","Expy Oy","REDACTED FOR PRIVACY","REDACTED FOR PRIVACY","","REDACTED FOR PRIVACY","Finland","9g3beta3241abwwbtzee@s.o-w-o.info","REDACTED FOR PRIVACY","REDACTED FOR PRIVACY","REDACTED FOR PRIVACY","REDACTED FOR PRIVACY","REDACTED FOR PRIVACY","REDACTED FOR PRIVACY","REDACTED FOR PRIVACY","REDACTED FOR PRIVACY","REDACTED FOR PRIVACY","o2sih32yk50n4uphuu33@z.o-w-o.info","REDACTED FOR PRIVACY","REDACTED FOR PRIVACY","REDACTED FOR PRIVACY","REDACTED FOR PRIVACY","REDACTED FOR PRIVACY","REDACTED FOR PRIVACY","REDACTED FOR PRIVACY","REDACTED FOR PRIVACY","REDACTED FOR PRIVACY","o2sih32yk50n4uphuu33@z.o-w-o.info","REDACTED FOR PRIVACY","REDACTED FOR PRIVACY","","","","","","","","","","","dns110.ovh.net","ns110.ovh.net","","","clientDeleteProhibited","clientTransferProhibited","",""
"6","aseptgames.com","2020-05-07 20:04:53","2020-05-05","2020-05-05","2021-05-05","433","OVH sas","whois.ovh.com","http://www.ovh.com","REDACTED FOR PRIVACY","","REDACTED FOR PRIVACY","REDACTED FOR PRIVACY","","REDACTED FOR PRIVACY","Finland","uhe4juisqk5e74jmjq1g@k.o-w-o.info","REDACTED FOR PRIVACY","REDACTED FOR PRIVACY","REDACTED FOR PRIVACY","REDACTED FOR PRIVACY","REDACTED FOR PRIVACY","REDACTED FOR PRIVACY","REDACTED FOR PRIVACY","REDACTED FOR PRIVACY","REDACTED FOR PRIVACY","45m9xbaq4d44an13ttia@l.o-w-o.info","REDACTED FOR PRIVACY","REDACTED FOR PRIVACY","REDACTED FOR PRIVACY","REDACTED FOR PRIVACY","REDACTED FOR PRIVACY","REDACTED FOR PRIVACY","REDACTED FOR PRIVACY","REDACTED FOR PRIVACY","REDACTED FOR PRIVACY","45m9xbaq4d44an13ttia@l.o-w-o.info","REDACTED FOR PRIVACY","REDACTED FOR PRIVACY","","","","","","","","","","","dns200.anycast.me","ns200.anycast.me","","","clientDeleteProhibited","clientTransferProhibited","",""
"7","aseptgames.net","2020-05-07 18:59:30","2020-05-05","2020-05-05","2021-05-05","433","OVH sas","whois.ovh.com","http://www.ovh.com","REDACTED FOR PRIVACY","","REDACTED FOR PRIVACY","REDACTED FOR PRIVACY","","REDACTED FOR PRIVACY","Finland","lwo0hk37tuivzzsrz6b2@n.o-w-o.info","REDACTED FOR PRIVACY","REDACTED FOR PRIVACY","REDACTED FOR PRIVACY","REDACTED FOR PRIVACY","REDACTED FOR PRIVACY","REDACTED FOR PRIVACY","REDACTED FOR PRIVACY","REDACTED FOR PRIVACY","REDACTED FOR PRIVACY","45m9xbaq4d44an13ttia@l.o-w-o.info","REDACTED FOR PRIVACY","REDACTED FOR PRIVACY","REDACTED FOR PRIVACY","REDACTED FOR PRIVACY","REDACTED FOR PRIVACY","REDACTED FOR PRIVACY","REDACTED FOR PRIVACY","REDACTED FOR PRIVACY","REDACTED FOR PRIVACY","45m9xbaq4d44an13ttia@l.o-w-o.info","REDACTED FOR PRIVACY","REDACTED FOR PRIVACY","","","","","","","","","","","dns200.anycast.me","ns200.anycast.me","","","clientDeleteProhibited","clientTransferProhibited","",""
"8","aseptgamesteam.com","2020-05-07 19:32:40","2020-05-05","2020-05-05","2021-05-05","433","OVH sas","whois.ovh.com","http://www.ovh.com","REDACTED FOR PRIVACY","","REDACTED FOR PRIVACY","REDACTED FOR PRIVACY","","REDACTED FOR PRIVACY","Finland","e797aojhu9qjt5azopvo@t.o-w-o.info","REDACTED FOR PRIVACY","REDACTED FOR PRIVACY","REDACTED FOR PRIVACY","REDACTED FOR PRIVACY","REDACTED FOR PRIVACY","REDACTED FOR PRIVACY","REDACTED FOR PRIVACY","REDACTED FOR PRIVACY","REDACTED FOR PRIVACY","45m9xbaq4d44an13ttia@l.o-w-o.info","REDACTED FOR PRIVACY","REDACTED FOR PRIVACY","REDACTED FOR PRIVACY","REDACTED FOR PRIVACY","REDACTED FOR PRIVACY","REDACTED FOR PRIVACY","REDACTED FOR PRIVACY","REDACTED FOR PRIVACY","REDACTED FOR PRIVACY","45m9xbaq4d44an13ttia@l.o-w-o.info","REDACTED FOR PRIVACY","REDACTED FOR PRIVACY","","","","","","","","","","","dns200.anycast.me","ns200.anycast.me","","","clientDeleteProhibited","clientTransferProhibited","",""
"9","aseptgamesteam.net","2020-05-07 18:59:30","2020-05-05","2020-05-05","2021-05-05","433","OVH sas","whois.ovh.com","http://www.ovh.com","REDACTED FOR PRIVACY","","REDACTED FOR PRIVACY","REDACTED FOR PRIVACY","","REDACTED FOR PRIVACY","Finland","gg2t3lbeimkvzyhbmddh@z.o-w-o.info","REDACTED FOR PRIVACY","REDACTED FOR PRIVACY","REDACTED FOR PRIVACY","REDACTED FOR PRIVACY","REDACTED FOR PRIVACY","REDACTED FOR PRIVACY","REDACTED FOR PRIVACY","REDACTED FOR PRIVACY","REDACTED FOR PRIVACY","45m9xbaq4d44an13ttia@l.o-w-o.info","REDACTED FOR PRIVACY","REDACTED FOR PRIVACY","REDACTED FOR PRIVACY","REDACTED FOR PRIVACY","REDACTED FOR PRIVACY","REDACTED FOR PRIVACY","REDACTED FOR PRIVACY","REDACTED FOR PRIVACY","REDACTED FOR PRIVACY","45m9xbaq4d44an13ttia@l.o-w-o.info","REDACTED FOR PRIVACY","REDACTED FOR PRIVACY","","","","","","","","","","","dns200.anycast.me","ns200.anycast.me","","","clientDeleteProhibited","clientTransferProhibited","",""
"10","autovuokraamotuukkanen.net","2020-05-07 18:59:28","2020-05-06","2020-05-06","2021-05-06","69","Tucows Domains Inc.","whois.tucows.com","http://domainhelp.opensrs.net","REDACTED FOR PRIVACY","REDACTED FOR PRIVACY","REDACTED FOR PRIVACY","REDACTED FOR PRIVACY","REDACTED FOR PRIVACY","REDACTED FOR PRIVACY","Finland","","REDACTED FOR PRIVACY","REDACTED FOR PRIVACY","REDACTED FOR PRIVACY","REDACTED FOR PRIVACY","REDACTED FOR PRIVACY","REDACTED FOR PRIVACY","REDACTED FOR PRIVACY","REDACTED FOR PRIVACY","REDACTED FOR PRIVACY","","REDACTED FOR PRIVACY","REDACTED FOR PRIVACY","REDACTED FOR PRIVACY","REDACTED FOR PRIVACY","REDACTED FOR PRIVACY","REDACTED FOR PRIVACY","REDACTED FOR PRIVACY","REDACTED FOR PRIVACY","REDACTED FOR PRIVACY","","REDACTED FOR PRIVACY","REDACTED FOR PRIVACY","","","","","","","","","","","ns.nebula.fi","ns2.nebula.fi","","","","","",""
"11","avoraciousreader.com","2020-05-07 20:03:17","2020-05-05","2020-05-05","2022-05-05","146","GoDaddy.com, LLC","whois.godaddy.com","http://registrar.godaddy.com","","","","","OULU","","Finland","","","","","","","","","","","","","","","","","","","","","","","","","","","","","","","","","","ns1.wordpress.com","ns2.wordpress.com","ns3.wordpress.com","","clientDeleteProhibited","clientRenewProhibited","clientTransferProhibited","clientUpdateProhibited"
"12","boksit.net","2020-05-07 05:51:35","2020-05-05","2020-05-05","2021-05-05","1387","1API GmbH","whois.1api.net","http://www.1api.net","REDACTED FOR PRIVACY","REDACTED FOR PRIVACY","REDACTED FOR PRIVACY","REDACTED FOR PRIVACY","","REDACTED FOR PRIVACY","Finland","","REDACTED FOR PRIVACY","","REDACTED FOR PRIVACY","REDACTED FOR PRIVACY","REDACTED FOR PRIVACY","REDACTED FOR PRIVACY","REDACTED FOR PRIVACY","REDACTED FOR PRIVACY","REDACTED FOR PRIVACY","","REDACTED FOR PRIVACY","","REDACTED FOR PRIVACY","REDACTED FOR PRIVACY","REDACTED FOR PRIVACY","REDACTED FOR PRIVACY","REDACTED FOR PRIVACY","REDACTED FOR PRIVACY","REDACTED FOR PRIVACY","","REDACTED FOR PRIVACY","","","","","","","","","","","","ns1.hostingpalvelu.fi","ns2.hostingpalvelu.fi","","","clientTransferProhibited","","",""
"13","braveagile.net","2020-05-07 05:51:32","2020-05-05","2020-05-05","2021-05-05","48","eNom, Inc.","whois.enom.com","http://www.enom.com","REDACTED FOR PRIVACY","REDACTED FOR PRIVACY","REDACTED FOR PRIVACY","REDACTED FOR PRIVACY","REDACTED FOR PRIVACY","REDACTED FOR PRIVACY","Finland","","REDACTED FOR PRIVACY","REDACTED FOR PRIVACY","REDACTED FOR PRIVACY","REDACTED FOR PRIVACY","REDACTED FOR PRIVACY","REDACTED FOR PRIVACY","REDACTED FOR PRIVACY","REDACTED FOR PRIVACY","REDACTED FOR PRIVACY","","REDACTED FOR PRIVACY","REDACTED FOR PRIVACY","REDACTED FOR PRIVACY","REDACTED FOR PRIVACY","REDACTED FOR PRIVACY","REDACTED FOR PRIVACY","REDACTED FOR PRIVACY","REDACTED FOR PRIVACY","REDACTED FOR PRIVACY","","REDACTED FOR PRIVACY","REDACTED FOR PRIVACY","","","","","","","","","","","dns1.louhi.net","dns2.louhi.net","dns3.louhi.fi","","addPeriod","clientTransferProhibited","",""
"14","cassiopeia.center","2020-05-07 18:58:54","2020-05-06","2020-05-06","2021-05-06","2","Network Solutions, LLC","whois.networksolutions.com","http://networksolutions.com","REDACTED FOR PRIVACY","","REDACTED FOR PRIVACY","REDACTED FOR PRIVACY","FI-12","REDACTED FOR PRIVACY","Finland","","REDACTED FOR PRIVACY","REDACTED FOR PRIVACY","","","","","","","","","","","","","","","","","","","","","","","","","","","","","","","","","","","addPeriod","clientTransferProhibited","",""
"15","cragtopo.com","2020-05-07 19:21:32","2020-05-06","2020-05-06","2021-05-06","146","GoDaddy.com, LLC","whois.godaddy.com","http://registrar.godaddy.com","","","","","Uusimaa","","Finland","","","","","","","","","","","","","","","","","","","","","","","","","","","","","","","","","","ns3.spaceweb.pro","ns4.spaceweb.pro","","","clientDeleteProhibited","clientRenewProhibited","clientTransferProhibited","clientUpdateProhibited"
"16","digistoori.com","2020-05-07 21:19:51","2020-05-06","2020-05-06","2021-05-06","1387","1API GmbH","whois.1api.net","http://www.1api.net","REDACTED FOR PRIVACY","REDACTED FOR PRIVACY","REDACTED FOR PRIVACY","REDACTED FOR PRIVACY","","REDACTED FOR PRIVACY","Finland","","REDACTED FOR PRIVACY","","REDACTED FOR PRIVACY","REDACTED FOR PRIVACY","REDACTED FOR PRIVACY","REDACTED FOR PRIVACY","REDACTED FOR PRIVACY","REDACTED FOR PRIVACY","REDACTED FOR PRIVACY","","REDACTED FOR PRIVACY","","REDACTED FOR PRIVACY","REDACTED FOR PRIVACY","REDACTED FOR PRIVACY","REDACTED FOR PRIVACY","REDACTED FOR PRIVACY","REDACTED FOR PRIVACY","REDACTED FOR PRIVACY","","REDACTED FOR PRIVACY","","","","","","","","","","","","ns1.domainhotelli.fi","ns2.domainhotelli.fi","","","clientTransferProhibited","","",""
"17","digistudio.pro","2020-05-07 03:16:10","2020-05-05","2020-05-05","2021-05-05","433","OVH sas","whois.ovh.com","http://www.ovh.com","","","","","","","Finland","","","","","","","","","","","","","","","","","","","","","","","","","","","","","","","","","","dns110.ovh.net","ns110.ovh.net","","","addPeriod","clientDeleteProhibited","clientTransferProhibited","serverTransferProhibited"
"18","diippii.info","2020-05-07 06:16:34","2020-05-05","2020-05-05","2021-05-05","146","GoDaddy.com, LLC","whois.godaddy.com","http://registrar.godaddy.com","","","","","Liperi","","Finland","","","","","","","","","","","","","","","","","","","","","","","","","","","","","","","","","","ns41.domaincontrol.com","ns42.domaincontrol.com","","","addPeriod","clientDeleteProhibited","clientRenewProhibited","clientTransferProhibited"
"19","domainrekisteri.info","2020-05-07 18:58:07","2020-05-06","2020-05-06","2021-05-06","146","GoDaddy.com, LLC","whois.godaddy.com","http://registrar.godaddy.com","Soulcom Oy","Soulcom Oy","","","Pohjois-Pohjanmaa","","Finland","","","","","","","","","","","","","","","","","","","","","","","","","","","","","","","","","","ns53.domaincontrol.com","ns54.domaincontrol.com","","","addPeriod","clientDeleteProhibited","clientRenewProhibited","clientTransferProhibited"
"20","dragabo.com","2020-05-07 19:22:50","2020-05-06","2020-05-06","2021-05-06","113","CSL Computer Service Langenbach GmbH d/b/a joker.com","whois.joker.com","http://www.joker.com","","","","","","","Finland","","","","","","","","","","","","","","","","","","","","","","","","","","","","","","","","","","ns1.webhotelli.fi","ns2.webhotelli.fi","","","clientTransferProhibited","","",""
"21","dreamratio.com","2020-05-07 20:08:35","2020-05-05","2020-05-05","2021-05-05","955","Launchpad, Inc.","whois.launchpad.com","http://www.launchpad.com","GDPR Masked","GDPR Masked","GDPR Masked","GDPR Masked","ES","GDPR Masked","Finland","gdpr-masking@gdpr-masked.com","GDPR Masked","GDPR Masked","GDPR Masked","GDPR Masked","GDPR Masked","GDPR Masked","GDPR Masked","GDPR Masked","GDPR Masked","gdpr-masking@gdpr-masked.com","GDPR Masked","GDPR Masked","GDPR Masked","GDPR Masked","GDPR Masked","GDPR Masked","GDPR Masked","GDPR Masked","GDPR Masked","gdpr-masking@gdpr-masked.com","GDPR Masked","GDPR Masked","","","","","","","","","","","ns8051.hostgator.com","ns8052.hostgator.com","","","clientTransferProhibited","","",""
"22","e-autourheilu.com","2020-05-07 19:17:43","2020-05-06","2020-05-06","2023-05-06","291","DNC Holdings, Inc.","whois.directnic.com","http://www.directnic.com","REDACTED FOR PRIVACY","Avoine Oy","REDACTED FOR PRIVACY","REDACTED FOR PRIVACY","REDACTED FOR PRIVACY","REDACTED FOR PRIVACY","Finland","e-autourheilu.com-registrant@directnicwhoiscompliance.com","REDACTED FOR PRIVACY","REDACTED FOR PRIVACY","REDACTED FOR PRIVACY","Avoine Oy","REDACTED FOR PRIVACY","REDACTED FOR PRIVACY","REDACTED FOR PRIVACY","REDACTED FOR PRIVACY","Finland","e-autourheilu.com-admin@directnicwhoiscompliance.com","REDACTED FOR PRIVACY","REDACTED FOR PRIVACY","REDACTED FOR PRIVACY","Avoine Oy","REDACTED FOR PRIVACY","REDACTED FOR PRIVACY","REDACTED FOR PRIVACY","REDACTED FOR PRIVACY","Finland","e-autourheilu.com-tech@directnicwhoiscompliance.com","REDACTED FOR PRIVACY","REDACTED FOR PRIVACY","","","","","","","","","","","ns1.optinet.fi","ns2.optinet.fi","","","addPeriod","clientDeleteProhibited","clientTransferProhibited","clientUpdateProhibited"
"23","eautourheilu.com","2020-05-07 19:17:42","2020-05-06","2020-05-06","2023-05-06","291","DNC Holdings, Inc.","whois.directnic.com","http://www.directnic.com","REDACTED FOR PRIVACY","Avoine Oy","REDACTED FOR PRIVACY","REDACTED FOR PRIVACY","REDACTED FOR PRIVACY","REDACTED FOR PRIVACY","Finland","eautourheilu.com-registrant@directnicwhoiscompliance.com","REDACTED FOR PRIVACY","REDACTED FOR PRIVACY","REDACTED FOR PRIVACY","Avoine Oy","REDACTED FOR PRIVACY","REDACTED FOR PRIVACY","REDACTED FOR PRIVACY","REDACTED FOR PRIVACY","Finland","eautourheilu.com-admin@directnicwhoiscompliance.com","REDACTED FOR PRIVACY","REDACTED FOR PRIVACY","REDACTED FOR PRIVACY","Avoine Oy","REDACTED FOR PRIVACY","REDACTED FOR PRIVACY","REDACTED FOR PRIVACY","REDACTED FOR PRIVACY","Finland","eautourheilu.com-tech@directnicwhoiscompliance.com","REDACTED FOR PRIVACY","REDACTED FOR PRIVACY","","","","","","","","","","","ns1.optinet.fi","ns2.optinet.fi","","","addPeriod","clientDeleteProhibited","clientTransferProhibited","clientUpdateProhibited"
"24","ekokuu.com","2020-05-07 21:21:18","2020-05-06","2020-05-06","2021-05-06","1387","1API GmbH","whois.1api.net","http://www.1api.net","REDACTED FOR PRIVACY","REDACTED FOR PRIVACY","REDACTED FOR PRIVACY","REDACTED FOR PRIVACY","","REDACTED FOR PRIVACY","Finland","","REDACTED FOR PRIVACY","","REDACTED FOR PRIVACY","REDACTED FOR PRIVACY","REDACTED FOR PRIVACY","REDACTED FOR PRIVACY","REDACTED FOR PRIVACY","REDACTED FOR PRIVACY","REDACTED FOR PRIVACY","","REDACTED FOR PRIVACY","","REDACTED FOR PRIVACY","REDACTED FOR PRIVACY","REDACTED FOR PRIVACY","REDACTED FOR PRIVACY","REDACTED FOR PRIVACY","REDACTED FOR PRIVACY","REDACTED FOR PRIVACY","","REDACTED FOR PRIVACY","","","","","","","","","","","","ns1.hostingpalvelu.fi","ns2.hostingpalvelu.fi","","","clientTransferProhibited","","",""
"25","ematilda.net","2020-05-07 23:16:44","2020-05-06","2020-05-06","2030-05-06","113","CSL Computer Service Langenbach GmbH d/b/a joker.com","whois.joker.com","http://www.joker.com","","","","","","","Finland","","","","","","","","","","","","","","","","","","","","","","","","","","","","","","","","","","ns1.welcomnet.fi","ns2.helppi.net","","","clientTransferProhibited","","",""
"26","fi-cloudadvisor.com","2020-05-07 20:11:16","2020-05-05","2020-05-05","2021-05-05","146","GoDaddy.com, LLC","whois.godaddy.com","http://registrar.godaddy.com","","","","","Uusimaa","","Finland","","","","","","","","","","","","","","","","","","","","","","","","","","","","","","","","","","ns31.domaincontrol.com","ns32.domaincontrol.com","","","clientDeleteProhibited","clientRenewProhibited","clientTransferProhibited","clientUpdateProhibited"
"27","fin-server.com","2020-05-07 21:06:03","2020-05-06","2020-05-07","2021-05-06","48","eNom, Inc.","whois.enom.com","http://www.enom.com","REDACTED FOR PRIVACY","REDACTED FOR PRIVACY","REDACTED FOR PRIVACY","REDACTED FOR PRIVACY","FI","REDACTED FOR PRIVACY","Finland","","REDACTED FOR PRIVACY","REDACTED FOR PRIVACY","REDACTED FOR PRIVACY","REDACTED FOR PRIVACY","REDACTED FOR PRIVACY","REDACTED FOR PRIVACY","REDACTED FOR PRIVACY","REDACTED FOR PRIVACY","REDACTED FOR PRIVACY","","REDACTED FOR PRIVACY","REDACTED FOR PRIVACY","REDACTED FOR PRIVACY","REDACTED FOR PRIVACY","REDACTED FOR PRIVACY","REDACTED FOR PRIVACY","REDACTED FOR PRIVACY","REDACTED FOR PRIVACY","REDACTED FOR PRIVACY","","REDACTED FOR PRIVACY","REDACTED FOR PRIVACY","","","","","","","","","","","ns1.misspark.com","ns2.misspark.com","ns3.misspark.com","ns4.misspark.com","addPeriod","clientTransferProhibited","",""
"28","handjobgloves.net","2020-05-07 05:45:55","2020-05-05","2020-05-05","2021-05-05","113","CSL Computer Service Langenbach GmbH d/b/a joker.com","whois.joker.com","http://www.joker.com","Sun Promotions","Sun Promotions","","","","","Finland","","","","","","","","","","","","","","","","","","","","","","","","","","","","","","","","","","ns1.shellit.org","ns2.shellit.org","ns3.shellit.org","","clientTransferProhibited","","",""
"29","herculeslive.com","2020-05-07 19:13:02","2020-05-06","2020-05-06","2021-05-06","113","CSL Computer Service Langenbach GmbH d/b/a joker.com","whois.joker.com","http://www.joker.com","Oy MOEK Trading Ltd","Oy MOEK Trading Ltd","","","","","Finland","","","","","","","","","","","","","","","","","","","","","","","","","","","","","","","","","","ns1.webhotelli.fi","ns2.webhotelli.fi","","","clientTransferProhibited","","",""
"30","hhakanen.com","2020-05-07 21:19:07","2020-05-06","2020-05-06","2022-05-06","146","GoDaddy.com, LLC","whois.godaddy.com","http://registrar.godaddy.com","Ab Snow Factory Oy","Ab Snow Factory Oy","","","Ostrobothnia","","Finland","","","","","","","","","","","","","","","","","","","","","","","","","","","","","","","","","","ns19.domaincontrol.com","ns20.domaincontrol.com","","","clientDeleteProhibited","clientRenewProhibited","clientTransferProhibited","clientUpdateProhibited"
"31","itvalvonta.com","2020-05-07 21:07:49","2020-05-06","2020-05-06","2021-05-06","146","GoDaddy.com, LLC","whois.godaddy.com","http://registrar.godaddy.com","","","","","Paijat-hame","","Finland","","","","","","","","","","","","","","","","","","","","","","","","","","","","","","","","","","ns59.domaincontrol.com","ns60.domaincontrol.com","","","clientDeleteProhibited","clientRenewProhibited","clientTransferProhibited","clientUpdateProhibited"
"32","jealousjewelrys.com","2020-05-07 21:13:39","2020-05-06","2020-05-06","2023-05-06","113","CSL Computer Service Langenbach GmbH d/b/a joker.com","whois.joker.com","http://www.joker.com","","","","","FI","","Finland","","","","","","","","","","","","","","","","","","","","","","","","","","","","","","","","","","ns1.euronic.fi","ns2.euronic.fi","ns3.euronic.fi","","clientTransferProhibited","","",""
"33","jennaone.com","2020-05-07 21:16:16","2020-05-06","2020-05-06","2023-05-06","113","CSL Computer Service Langenbach GmbH d/b/a joker.com","whois.joker.com","http://www.joker.com","Xioxmara Oy","Xioxmara Oy","","","","","Finland","","","","","","","","","","","","","","","","","","","","","","","","","","","","","","","","","","dns1.zoner.fi","dns2.zoner.fi","","","clientTransferProhibited","","",""
"34","jorest.info","2020-05-07 06:12:34","2020-05-05","2020-05-05","2021-05-05","113","CSL Computer Service Langenbach GmbH d/b/a joker.com","whois.joker.com","http://www.joker.com","","","","","","","Finland","","","","","","","","","","","","","","","","","","","","","","","","","","","","","","","","","","dns1.zoner.fi","dns2.zoner.fi","","","addPeriod","clientTransferProhibited","serverTransferProhibited",""
"35","kanalmuda.com","2020-05-07 20:14:24","2020-05-05","2020-05-05","2022-05-05","146","GoDaddy.com, LLC","whois.godaddy.com","http://registrar.godaddy.com","","","","","Uusimaa","","Finland","","","","","","","","","","","","","","","","","","","","","","","","","","","","","","","","","","ns8223.hostgator.com","ns8224.hostgator.com","","","clientDeleteProhibited","clientRenewProhibited","clientTransferProhibited","clientUpdateProhibited"
"36","kansalaismaski.com","2020-05-07 21:24:23","2020-05-06","2020-05-06","2023-05-06","113","CSL Computer Service Langenbach GmbH d/b/a joker.com","whois.joker.com","http://www.joker.com","Secco Systems Ky","Secco Systems Ky","","","","","Finland","","","","","","","","","","","","","","","","","","","","","","","","","","","","","","","","","","ns1.hostaan.fi","ns2.hostaan.fi","","","clientTransferProhibited","","",""
"37","kansanmaski.com","2020-05-07 19:59:31","2020-05-05","2020-05-05","2022-05-05","146","GoDaddy.com, LLC","whois.godaddy.com","http://registrar.godaddy.com","posoni oy","posoni oy","","","Nyland","","Finland","","","","","","","","","","","","","","","","","","","","","","","","","","","","","","","","","","ns31.domaincontrol.com","ns32.domaincontrol.com","","","clientDeleteProhibited","clientRenewProhibited","clientTransferProhibited","clientUpdateProhibited"
"38","kansanvisiiri.com","2020-05-07 21:04:29","2020-05-06","2020-05-06","2021-05-06","440","Wild West Domains, LLC","whois.wildwestdomains.com","http://www.wildwestdomains.com","HS-Works Oy","HS-Works Oy","","","Uusimaa","","Finland","","","","","","","","","","","","","","","","","","","","","","","","","","","","","","","","","","ns112-1.netfinn.net","ns112-2.netfinn.net","","","clientDeleteProhibited","clientRenewProhibited","clientTransferProhibited","clientUpdateProhibited"
"39","kauhee.com","2020-05-07 21:02:49","2020-05-06","2020-05-06","2021-05-06","146","GoDaddy.com, LLC","whois.godaddy.com","http://registrar.godaddy.com","","","","","Helsinki","","Finland","","","","","","","","","","","","","","","","","","","","","","","","","","","","","","","","","","ns31.domaincontrol.com","ns32.domaincontrol.com","","","clientDeleteProhibited","clientRenewProhibited","clientTransferProhibited","clientUpdateProhibited"
"40","kortesjarvenms.com","2020-05-07 19:20:29","2020-05-06","2020-05-06","2021-05-06","113","CSL Computer Service Langenbach GmbH d/b/a joker.com","whois.joker.com","http://www.joker.com","Kortesjarven Metsastysseura","Kortesjarven Metsastysseura","","","","","Finland","","","","","","","","","","","","","","","","","","","","","","","","","","","","","","","","","","ns1.webhotelli.fi","ns2.webhotelli.fi","","","clientTransferProhibited","","",""
"41","kpakarinen.com","2020-05-07 19:14:05","2020-05-06","2020-05-06","2021-05-06","113","CSL Computer Service Langenbach GmbH d/b/a joker.com","whois.joker.com","http://www.joker.com","","","","","","","Finland","","","","","","","","","","","","","","","","","","","","","","","","","","","","","","","","","","ns1.zoner.fi","ns2.zoner.fi","ns3.zoner.fi","","clientTransferProhibited","","",""
"42","kynttilat.com","2020-05-07 20:52:01","2020-05-05","2020-05-05","2021-05-05","146","GoDaddy.com, LLC","whois.godaddy.com","http://registrar.godaddy.com","Tmi Puisto-Online","Tmi Puisto-Online","","","Sodra Savolax","","Finland","","","","","","","","","","","","","","","","","","","","","","","","","","","","","","","","","","ns73.domaincontrol.com","ns74.domaincontrol.com","","","clientDeleteProhibited","clientRenewProhibited","clientTransferProhibited","clientUpdateProhibited"
"43","laukkutalo.com","2020-05-07 19:15:07","2020-05-06","2020-05-06","2021-05-06","113","CSL Computer Service Langenbach GmbH d/b/a joker.com","whois.joker.com","http://www.joker.com","Netpoint Media Oy","Netpoint Media Oy","","","","","Finland","","","","","","","","","","","","","","","","","","","","","","","","","","","","","","","","","","ns1.zoner.fi","ns2.zoner.fi","ns3.zoner.fi","","clientTransferProhibited","","",""
"44","lifewitheth.com","2020-05-07 20:30:18","2020-05-05","2020-05-05","2021-05-05","48","eNom, Inc.","whois.enom.com","http://www.enom.com","REDACTED FOR PRIVACY","REDACTED FOR PRIVACY","REDACTED FOR PRIVACY","REDACTED FOR PRIVACY","Espoo","REDACTED FOR PRIVACY","Finland","","REDACTED FOR PRIVACY","REDACTED FOR PRIVACY","REDACTED FOR PRIVACY","REDACTED FOR PRIVACY","REDACTED FOR PRIVACY","REDACTED FOR PRIVACY","REDACTED FOR PRIVACY","REDACTED FOR PRIVACY","REDACTED FOR PRIVACY","","REDACTED FOR PRIVACY","REDACTED FOR PRIVACY","REDACTED FOR PRIVACY","REDACTED FOR PRIVACY","REDACTED FOR PRIVACY","REDACTED FOR PRIVACY","REDACTED FOR PRIVACY","REDACTED FOR PRIVACY","REDACTED FOR PRIVACY","","REDACTED FOR PRIVACY","REDACTED FOR PRIVACY","","","","","","","","","","","dns1.name-services.com","dns2.name-services.com","dns3.name-services.com","dns4.name-services.com","addPeriod","ok","",""
"45","loppucomics.com","2020-05-07 19:18:56","2020-05-06","2020-05-06","2023-05-06","146","GoDaddy.com, LLC","whois.godaddy.com","http://registrar.godaddy.com","Tmi Mikko Saarainen","Tmi Mikko Saarainen","","","Paijanne-Tavastland","","Finland","","","","","","","","","","","","","","","","","","","","","","","","","","","","","","","","","","ns59.domaincontrol.com","ns60.domaincontrol.com","","","clientDeleteProhibited","clientRenewProhibited","clientTransferProhibited","clientUpdateProhibited"
"46","maajussilleduunari.com","2020-05-07 21:11:42","2020-05-06","2020-05-06","2021-05-06","48","eNom, Inc.","whois.enom.com","http://www.enom.com","REDACTED FOR PRIVACY","REDACTED FOR PRIVACY","REDACTED FOR PRIVACY","REDACTED FOR PRIVACY","REDACTED FOR PRIVACY","REDACTED FOR PRIVACY","Finland","","REDACTED FOR PRIVACY","REDACTED FOR PRIVACY","REDACTED FOR PRIVACY","REDACTED FOR PRIVACY","REDACTED FOR PRIVACY","REDACTED FOR PRIVACY","REDACTED FOR PRIVACY","REDACTED FOR PRIVACY","REDACTED FOR PRIVACY","","REDACTED FOR PRIVACY","REDACTED FOR PRIVACY","REDACTED FOR PRIVACY","REDACTED FOR PRIVACY","REDACTED FOR PRIVACY","REDACTED FOR PRIVACY","REDACTED FOR PRIVACY","REDACTED FOR PRIVACY","REDACTED FOR PRIVACY","","REDACTED FOR PRIVACY","REDACTED FOR PRIVACY","","","","","","","","","","","dns1.louhi.net","dns2.louhi.net","dns3.louhi.fi","","addPeriod","clientTransferProhibited","",""
"47","manalaband.com","2020-05-07 21:25:24","2020-05-06","2020-05-06","2021-05-06","113","CSL Computer Service Langenbach GmbH d/b/a joker.com","whois.joker.com","http://www.joker.com","","","","","","","Finland","","","","","","","","","","","","","","","","","","","","","","","","","","","","","","","","","","ns1.hostaan.fi","ns2.hostaan.fi","","","clientTransferProhibited","","",""
"48","martin.vin","2020-05-07 19:06:31","2020-05-05","2020-05-05","2021-05-05","113","CSL Computer Service Langenbach GmbH d/b/a joker.com","whois.joker.com","http://www.joker.com","REDACTED FOR PRIVACY","IC","REDACTED FOR PRIVACY","REDACTED FOR PRIVACY","","REDACTED FOR PRIVACY","Finland","","REDACTED FOR PRIVACY","REDACTED FOR PRIVACY","","","","","","","","","","","","","","","","","","","","","","","","","","","","","","","","","","","addPeriod","clientTransferProhibited","",""
"49","mikkelinihme.com","2020-05-07 19:13:48","2020-05-06","2020-05-06","2021-05-06","955","Launchpad, Inc.","whois.launchpad.com","http://www.launchpad.com","GDPR Masked","GDPR Masked","GDPR Masked","GDPR Masked","IS","GDPR Masked","Finland","gdpr-masking@gdpr-masked.com","GDPR Masked","GDPR Masked","GDPR Masked","GDPR Masked","GDPR Masked","GDPR Masked","GDPR Masked","GDPR Masked","GDPR Masked","gdpr-masking@gdpr-masked.com","GDPR Masked","GDPR Masked","GDPR Masked","GDPR Masked","GDPR Masked","GDPR Masked","GDPR Masked","GDPR Masked","GDPR Masked","gdpr-masking@gdpr-masked.com","GDPR Masked","GDPR Masked","","","","","","","","","","","ns6279.hostgator.com","ns6280.hostgator.com","","","clientTransferProhibited","","",""
"50","millasaarikko.com","2020-05-07 21:13:45","2020-05-06","2020-05-06","2021-05-06","1387","1API GmbH","whois.1api.net","http://www.1api.net","REDACTED FOR PRIVACY","REDACTED FOR PRIVACY","REDACTED FOR PRIVACY","REDACTED FOR PRIVACY","","REDACTED FOR PRIVACY","Finland","","REDACTED FOR PRIVACY","","REDACTED FOR PRIVACY","REDACTED FOR PRIVACY","REDACTED FOR PRIVACY","REDACTED FOR PRIVACY","REDACTED FOR PRIVACY","REDACTED FOR PRIVACY","REDACTED FOR PRIVACY","","REDACTED FOR PRIVACY","","REDACTED FOR PRIVACY","REDACTED FOR PRIVACY","REDACTED FOR PRIVACY","REDACTED FOR PRIVACY","REDACTED FOR PRIVACY","REDACTED FOR PRIVACY","REDACTED FOR PRIVACY","","REDACTED FOR PRIVACY","","","","","","","","","","","","ns1.domainhotelli.fi","ns2.domainhotelli.fi","","","clientTransferProhibited","","",""
"51","mobvisor.com","2020-05-07 21:16:28","2020-05-06","2020-05-06","2021-05-06","69","Tucows Domains Inc.","whois.tucows.com","http://domainhelp.opensrs.net","REDACTED FOR PRIVACY","REDACTED FOR PRIVACY","REDACTED FOR PRIVACY","REDACTED FOR PRIVACY","XX","REDACTED FOR PRIVACY","Finland","","REDACTED FOR PRIVACY","REDACTED FOR PRIVACY","REDACTED FOR PRIVACY","REDACTED FOR PRIVACY","REDACTED FOR PRIVACY","REDACTED FOR PRIVACY","REDACTED FOR PRIVACY","REDACTED FOR PRIVACY","REDACTED FOR PRIVACY","","REDACTED FOR PRIVACY","REDACTED FOR PRIVACY","REDACTED FOR PRIVACY","REDACTED FOR PRIVACY","REDACTED FOR PRIVACY","REDACTED FOR PRIVACY","REDACTED FOR PRIVACY","REDACTED FOR PRIVACY","REDACTED FOR PRIVACY","","REDACTED FOR PRIVACY","REDACTED FOR PRIVACY","","","","","","","","","","","ns1.gnld1034.siteground.eu","ns2.gnld1034.siteground.eu","","","clientTransferProhibited","clientUpdateProhibited","",""
"52","mukula.net","2020-05-07 23:15:56","2020-05-06","2020-05-06","2021-05-06","440","Wild West Domains, LLC","whois.wildwestdomains.com","http://www.wildwestdomains.com","Base Solutions Oy","Base Solutions Oy","","","Etela-Pohjanmaa","","Finland","","","","","","","","","","","","","","","","","","","","","","","","","","","","","","","","","","ns1.mediarappunen.com","ns2.mediarappunen.com","","","clientDeleteProhibited","clientRenewProhibited","clientTransferProhibited","clientUpdateProhibited"
"53","newstandards.info","2020-05-07 06:12:08","2020-05-05","2020-05-05","2021-05-05","113","CSL Computer Service Langenbach GmbH d/b/a joker.com","whois.joker.com","http://www.joker.com","Arkkitehtuurikeskus ry","Arkkitehtuurikeskus ry","","","","","Finland","","","","","","","","","","","","","","","","","","","","","","","","","","","","","","","","","","ns1.shellit.org","ns2.shellit.org","ns3.shellit.org","","addPeriod","clientTransferProhibited","serverTransferProhibited",""
"54","nokiankumivaensairauskassa.com","2020-05-07 21:20:30","2020-05-06","2020-05-06","2025-05-06","291","DNC Holdings, Inc.","whois.directnic.com","http://www.directnic.com","REDACTED FOR PRIVACY","Avoine Oy","REDACTED FOR PRIVACY","REDACTED FOR PRIVACY","REDACTED FOR PRIVACY","REDACTED FOR PRIVACY","Finland","nokiankumivaensairauskassa.com-registrant@directnicwhoiscompliance.com","REDACTED FOR PRIVACY","REDACTED FOR PRIVACY","REDACTED FOR PRIVACY","Avoine Oy","REDACTED FOR PRIVACY","REDACTED FOR PRIVACY","REDACTED FOR PRIVACY","REDACTED FOR PRIVACY","Finland","nokiankumivaensairauskassa.com-admin@directnicwhoiscompliance.com","REDACTED FOR PRIVACY","REDACTED FOR PRIVACY","REDACTED FOR PRIVACY","Avoine Oy","REDACTED FOR PRIVACY","REDACTED FOR PRIVACY","REDACTED FOR PRIVACY","REDACTED FOR PRIVACY","Finland","nokiankumivaensairauskassa.com-tech@directnicwhoiscompliance.com","REDACTED FOR PRIVACY","REDACTED FOR PRIVACY","","","","","","","","","","","ns1.optinet.fi","ns2.optinet.fi","","","addPeriod","clientDeleteProhibited","clientTransferProhibited","clientUpdateProhibited"
"55","onyx.digital","2020-05-07 06:31:00","2020-05-04","2020-05-04","2021-05-04","1479","Namesilo, LLC","whois.namesilo.com","http://www.namesilo.com","REDACTED FOR PRIVACY","INTL Enterprises","REDACTED FOR PRIVACY","REDACTED FOR PRIVACY","Uusimaa","REDACTED FOR PRIVACY","Finland","","REDACTED FOR PRIVACY","REDACTED FOR PRIVACY","","","","","","","","","","","","","","","","","","","","","","","","","","","","","","","","","","","addPeriod","clientTransferProhibited","",""
"56","perhokalastuskauppa.com","2020-05-07 21:20:00","2020-05-06","2020-05-06","2021-05-06","1387","1API GmbH","whois.1api.net","http://www.1api.net","REDACTED FOR PRIVACY","REDACTED FOR PRIVACY","REDACTED FOR PRIVACY","REDACTED FOR PRIVACY","","REDACTED FOR PRIVACY","Finland","","REDACTED FOR PRIVACY","","REDACTED FOR PRIVACY","REDACTED FOR PRIVACY","REDACTED FOR PRIVACY","REDACTED FOR PRIVACY","REDACTED FOR PRIVACY","REDACTED FOR PRIVACY","REDACTED FOR PRIVACY","","REDACTED FOR PRIVACY","","REDACTED FOR PRIVACY","REDACTED FOR PRIVACY","REDACTED FOR PRIVACY","REDACTED FOR PRIVACY","REDACTED FOR PRIVACY","REDACTED FOR PRIVACY","REDACTED FOR PRIVACY","","REDACTED FOR PRIVACY","","","","","","","","","","","","ns1.hostingpalvelu.fi","ns2.hostingpalvelu.fi","","","clientTransferProhibited","","",""
"57","pooli.pro","2020-05-07 22:46:26","2020-05-06","2020-05-06","2021-05-06","1387","1API GmbH","whois.1api.net","http://www.1api.net","Litmala Group Oy","Litmala Group Oy","","","","","Finland","","","","","","","","","","","","","","","","","","","","","","","","","","","","","","","","","","ns1.domainhotelli.fi","ns2.domainhotelli.fi","","","addPeriod","clientTransferProhibited","serverTransferProhibited",""
"58","porkkalanmarina.com","2020-05-07 21:07:56","2020-05-06","2020-05-06","2021-05-06","146","GoDaddy.com, LLC","whois.godaddy.com","http://registrar.godaddy.com","Beemray","Beemray","","","Varsinais-Suomi","","Finland","","","","","","","","","","","","","","","","","","","","","","","","","","","","","","","","","","ns31.domaincontrol.com","ns32.domaincontrol.com","","","clientDeleteProhibited","clientRenewProhibited","clientTransferProhibited","clientUpdateProhibited"
"59","pressutalli.info","2020-05-07 06:08:18","2020-05-05","2020-05-05","2021-05-05","146","GoDaddy.com, LLC","whois.godaddy.com","http://registrar.godaddy.com","Stratman Oy","Stratman Oy","","","Pirkanmaa","","Finland","","","","","","","","","","","","","","","","","","","","","","","","","","","","","","","","","","prodns.kotisivut.com","prodns2.kotisivut.com","","","addPeriod","clientDeleteProhibited","clientRenewProhibited","clientTransferProhibited"
"60","puhtaudenpalomuuri.com","2020-05-07 19:10:58","2020-05-06","2020-05-06","2021-05-06","1387","1API GmbH","whois.1api.net","http://www.1api.net","REDACTED FOR PRIVACY","REDACTED FOR PRIVACY","REDACTED FOR PRIVACY","REDACTED FOR PRIVACY","","REDACTED FOR PRIVACY","Finland","","REDACTED FOR PRIVACY","","REDACTED FOR PRIVACY","REDACTED FOR PRIVACY","REDACTED FOR PRIVACY","REDACTED FOR PRIVACY","REDACTED FOR PRIVACY","REDACTED FOR PRIVACY","REDACTED FOR PRIVACY","","REDACTED FOR PRIVACY","","REDACTED FOR PRIVACY","REDACTED FOR PRIVACY","REDACTED FOR PRIVACY","REDACTED FOR PRIVACY","REDACTED FOR PRIVACY","REDACTED FOR PRIVACY","REDACTED FOR PRIVACY","","REDACTED FOR PRIVACY","","","","","","","","","","","","ns1.hostingpalvelu.fi","ns2.hostingpalvelu.fi","","","clientTransferProhibited","","",""
"61","puisto.info","2020-05-07 06:08:10","2020-05-05","2020-05-05","2021-05-05","146","GoDaddy.com, LLC","whois.godaddy.com","http://registrar.godaddy.com","Tmi Puisto-Online","Tmi Puisto-Online","","","Sodra Savolax","","Finland","","","","","","","","","","","","","","","","","","","","","","","","","","","","","","","","","","ns73.domaincontrol.com","ns74.domaincontrol.com","","","addPeriod","clientDeleteProhibited","clientRenewProhibited","clientTransferProhibited"
"62","pulakka.net","2020-05-07 05:44:20","2020-05-05","2020-05-05","2021-05-05","113","CSL Computer Service Langenbach GmbH d/b/a joker.com","whois.joker.com","http://www.joker.com","Pulakka Lab Oy","Pulakka Lab Oy","","","","","Finland","","","","","","","","","","","","","","","","","","","","","","","","","","","","","","","","","","ns1.webbinen.fi","ns2.webbinen.fi","","","clientTransferProhibited","","",""
"63","pulkki.net","2020-05-07 23:11:15","2020-05-06","2020-05-06","2021-05-06","113","CSL Computer Service Langenbach GmbH d/b/a joker.com","whois.joker.com","http://www.joker.com","","","","","","","Finland","","","","","","","","","","","","","","","","","","","","","","","","","","","","","","","","","","ns1.zoner.fi","ns2.zoner.fi","ns3.zoner.fi","","clientTransferProhibited","","",""
"64","raudratas.com","2020-05-07 20:41:12","2020-05-05","2020-05-05","2021-05-05","106","Ascio Technologies, Inc. Danmark - Filial af Ascio technologies, Inc. USA","whois.ascio.com","http://www.ascio.com","Not Disclosed","Not Disclosed","Not Disclosed","Not Disclosed","","Not Disclosed","Finland","","Not Disclosed","Not Disclosed","Not Disclosed","Not Disclosed","Not Disclosed","Not Disclosed","Not Disclosed","Not Disclosed","Not Disclosed","","Not Disclosed","Not Disclosed","Not Disclosed","Not Disclosed","Not Disclosed","Not Disclosed","Not Disclosed","Not Disclosed","Not Disclosed","","Not Disclosed","Not Disclosed","","","","","","","","","","","dns1.123hjemmeside.dk","dns2.123hjemmeside.dk","dns3.123hjemmeside.dk","","OK","","",""
"65","reactive-technologies.fail","2020-05-07 06:28:19","2020-05-05","2020-05-05","2021-05-05","81","Gandi SAS","whois.gandi.net","http://www.gandi.net","REDACTED FOR PRIVACY","Reactive Technologies Finland Oy","REDACTED FOR PRIVACY","REDACTED FOR PRIVACY","","REDACTED FOR PRIVACY","Finland","","REDACTED FOR PRIVACY","REDACTED FOR PRIVACY","","","","","","","","","","","","","","","","","","","","","","","","","","","","","","","","","","","addPeriod","clientTransferProhibited","",""
"66","reactive-technologies.works","2020-05-07 19:04:57","2020-05-05","2020-05-05","2021-05-05","81","Gandi SAS","whois.gandi.net","http://www.gandi.net","REDACTED FOR PRIVACY","Reactive Technologies Finland Oy","REDACTED FOR PRIVACY","REDACTED FOR PRIVACY","","REDACTED FOR PRIVACY","Finland","","REDACTED FOR PRIVACY","REDACTED FOR PRIVACY","","","","","","","","","","","","","","","","","","","","","","","","","","","","","","","","","","","addPeriod","clientTransferProhibited","",""
"67","remotepundit.com","2020-05-07 21:31:44","2020-05-06","2020-05-06","2022-05-06","146","GoDaddy.com, LLC","whois.godaddy.com","http://registrar.godaddy.com","","","","","Texas","","Finland","","","","","","","","","","","","","","","","","","","","","","","","","","","","","","","","","","ns59.domaincontrol.com","ns60.domaincontrol.com","","","clientDeleteProhibited","clientRenewProhibited","clientTransferProhibited","clientUpdateProhibited"
"68","rolly.group","2020-05-07 18:58:31","2020-05-05","2020-05-05","2022-05-05","146","GoDaddy.com, LLC","whois.godaddy.com","http://registrar.godaddy.com","REDACTED FOR PRIVACY","Hietamaki Invest Oy","REDACTED FOR PRIVACY","REDACTED FOR PRIVACY","Nyland","REDACTED FOR PRIVACY","Finland","","REDACTED FOR PRIVACY","REDACTED FOR PRIVACY","","","","","","","","","","","","","","","","","","","","","","","","","","","","","","","","","","","addPeriod","clientDeleteProhibited","clientRenewProhibited","clientTransferProhibited"
"69","rolly.info","2020-05-07 06:07:44","2020-05-05","2020-05-05","2022-05-05","146","GoDaddy.com, LLC","whois.godaddy.com","http://registrar.godaddy.com","Hietamaki Invest Oy","Hietamaki Invest Oy","","","Nyland","","Finland","","","","","","","","","","","","","","","","","","","","","","","","","","","","","","","","","","ns77.domaincontrol.com","ns78.domaincontrol.com","","","addPeriod","clientDeleteProhibited","clientRenewProhibited","clientTransferProhibited"
"70","rolly.services","2020-05-07 22:46:07","2020-05-05","2020-05-05","2022-05-05","146","GoDaddy.com, LLC","whois.godaddy.com","http://registrar.godaddy.com","REDACTED FOR PRIVACY","Hietamaki Invest Oy","REDACTED FOR PRIVACY","REDACTED FOR PRIVACY","Nyland","REDACTED FOR PRIVACY","Finland","","REDACTED FOR PRIVACY","REDACTED FOR PRIVACY","","","","","","","","","","","","","","","","","","","","","","","","","","","","","","","","","","","addPeriod","clientDeleteProhibited","clientRenewProhibited","clientTransferProhibited"
"71","rolly.solutions","2020-05-07 03:03:24","2020-05-05","2020-05-05","2022-05-05","146","GoDaddy.com, LLC","whois.godaddy.com","http://registrar.godaddy.com","REDACTED FOR PRIVACY","Hietamaki Invest Oy","REDACTED FOR PRIVACY","REDACTED FOR PRIVACY","Nyland","REDACTED FOR PRIVACY","Finland","","REDACTED FOR PRIVACY","REDACTED FOR PRIVACY","","","","","","","","","","","","","","","","","","","","","","","","","","","","","","","","","","","addPeriod","clientDeleteProhibited","clientRenewProhibited","clientTransferProhibited"
"72","rolly.taxi","2020-05-07 22:22:15","2020-05-05","2020-05-05","2022-05-05","146","GoDaddy.com, LLC","whois.godaddy.com","http://registrar.godaddy.com","REDACTED FOR PRIVACY","Hietamaki Invest Oy","REDACTED FOR PRIVACY","REDACTED FOR PRIVACY","Nyland","REDACTED FOR PRIVACY","Finland","","REDACTED FOR PRIVACY","REDACTED FOR PRIVACY","","","","","","","","","","","","","","","","","","","","","","","","","","","","","","","","","","","addPeriod","clientDeleteProhibited","clientRenewProhibited","clientTransferProhibited"
"73","runner.delivery","2020-05-07 06:32:00","2020-05-04","2020-05-04","2021-05-04","113","CSL Computer Service Langenbach GmbH d/b/a joker.com","whois.joker.com","http://www.joker.com","REDACTED FOR PRIVACY","Mainonnan Vuolas Vastavirta Oy","REDACTED FOR PRIVACY","REDACTED FOR PRIVACY","","REDACTED FOR PRIVACY","Finland","","REDACTED FOR PRIVACY","REDACTED FOR PRIVACY","","","","","","","","","","","","","","","","","","","","","","","","","","","","","","","","","","","addPeriod","clientTransferProhibited","",""
"74","ryskykalusto.com","2020-05-07 20:15:52","2020-05-05","2020-05-05","2021-05-05","433","OVH sas","whois.ovh.com","http://www.ovh.com","REDACTED FOR PRIVACY","Sonic Factory","REDACTED FOR PRIVACY","REDACTED FOR PRIVACY","","REDACTED FOR PRIVACY","Finland","qhfxklp0b4y9k7zqajew@b.o-w-o.info","REDACTED FOR PRIVACY","REDACTED FOR PRIVACY","REDACTED FOR PRIVACY","REDACTED FOR PRIVACY","REDACTED FOR PRIVACY","REDACTED FOR PRIVACY","REDACTED FOR PRIVACY","REDACTED FOR PRIVACY","REDACTED FOR PRIVACY","84wrkxwcvl8tz4mar8ud@s.o-w-o.info","REDACTED FOR PRIVACY","REDACTED FOR PRIVACY","REDACTED FOR PRIVACY","REDACTED FOR PRIVACY","REDACTED FOR PRIVACY","REDACTED FOR PRIVACY","REDACTED FOR PRIVACY","REDACTED FOR PRIVACY","REDACTED FOR PRIVACY","84wrkxwcvl8tz4mar8ud@s.o-w-o.info","REDACTED FOR PRIVACY","REDACTED FOR PRIVACY","","","","","","","","","","","dns110.ovh.net","ns110.ovh.net","","","clientDeleteProhibited","clientTransferProhibited","",""
"75","ryskykalusto.net","2020-05-07 23:11:05","2020-05-05","2020-05-05","2021-05-05","433","OVH sas","whois.ovh.com","http://www.ovh.com","REDACTED FOR PRIVACY","Sonic Factory","REDACTED FOR PRIVACY","REDACTED FOR PRIVACY","","REDACTED FOR PRIVACY","Finland","i0o0cwbyeaeg8goi7dwn@a.o-w-o.info","REDACTED FOR PRIVACY","REDACTED FOR PRIVACY","REDACTED FOR PRIVACY","REDACTED FOR PRIVACY","REDACTED FOR PRIVACY","REDACTED FOR PRIVACY","REDACTED FOR PRIVACY","REDACTED FOR PRIVACY","REDACTED FOR PRIVACY","84wrkxwcvl8tz4mar8ud@s.o-w-o.info","REDACTED FOR PRIVACY","REDACTED FOR PRIVACY","REDACTED FOR PRIVACY","REDACTED FOR PRIVACY","REDACTED FOR PRIVACY","REDACTED FOR PRIVACY","REDACTED FOR PRIVACY","REDACTED FOR PRIVACY","REDACTED FOR PRIVACY","84wrkxwcvl8tz4mar8ud@s.o-w-o.info","REDACTED FOR PRIVACY","REDACTED FOR PRIVACY","","","","","","","","","","","dns111.ovh.net","ns111.ovh.net","","","clientDeleteProhibited","clientTransferProhibited","",""
"76","santa-totta.info","2020-05-07 06:07:37","2020-05-05","2020-05-05","2021-05-05","1606","Limited Liability Company 'Registrar of domain names REG.RU'","whois.reg.ru","http://www.reg.ru","Private Person","Private Person","","","indiana","","Finland","","","","","","","","","","","","","","","","","","","","","","","","","","","","","","","","","","a.dnspod.com","c.dnspod.com","","","addPeriod","clientTransferProhibited","serverTransferProhibited",""
"77","santan-totta.info","2020-05-07 06:07:37","2020-05-05","2020-05-05","2021-05-05","1606","Limited Liability Company 'Registrar of domain names REG.RU'","whois.reg.ru","http://www.reg.ru","Private Person","Private Person","","","indiana","","Finland","","","","","","","","","","","","","","","","","","","","","","","","","","","","","","","","","","a.dnspod.com","c.dnspod.com","","","addPeriod","clientTransferProhibited","serverTransferProhibited",""
"78","saynatsalo.info","2020-05-07 06:11:51","2020-05-05","2020-05-05","2021-05-05","113","CSL Computer Service Langenbach GmbH d/b/a joker.com","whois.joker.com","http://www.joker.com","Toiminimi Harri Taskinen","Toiminimi Harri Taskinen","","","","","Finland","","","","","","","","","","","","","","","","","","","","","","","","","","","","","","","","","","ns1.zoner.fi","ns2.zoner.fi","ns3.zoner.fi","","addPeriod","clientTransferProhibited","serverTransferProhibited",""
"79","scheluder.com","2020-05-07 20:32:13","2020-05-05","2020-05-05","2021-05-05","1387","1API GmbH","whois.1api.net","http://www.1api.net","REDACTED FOR PRIVACY","REDACTED FOR PRIVACY","REDACTED FOR PRIVACY","REDACTED FOR PRIVACY","","REDACTED FOR PRIVACY","Finland","","REDACTED FOR PRIVACY","","REDACTED FOR PRIVACY","REDACTED FOR PRIVACY","REDACTED FOR PRIVACY","REDACTED FOR PRIVACY","REDACTED FOR PRIVACY","REDACTED FOR PRIVACY","REDACTED FOR PRIVACY","","REDACTED FOR PRIVACY","","REDACTED FOR PRIVACY","REDACTED FOR PRIVACY","REDACTED FOR PRIVACY","REDACTED FOR PRIVACY","REDACTED FOR PRIVACY","REDACTED FOR PRIVACY","REDACTED FOR PRIVACY","","REDACTED FOR PRIVACY","","","","","","","","","","","","ns1.domainhotelli.fi","ns2.domainhotelli.fi","","","clientTransferProhibited","","",""
"80","seabris.com","2020-05-07 19:32:38","2020-05-05","2020-05-05","2021-05-05","69","Tucows Domains Inc.","whois.tucows.com","http://domainhelp.opensrs.net","REDACTED FOR PRIVACY","REDACTED FOR PRIVACY","REDACTED FOR PRIVACY","REDACTED FOR PRIVACY","%C3%85land%20Islands","REDACTED FOR PRIVACY","Finland","","REDACTED FOR PRIVACY","REDACTED FOR PRIVACY","REDACTED FOR PRIVACY","REDACTED FOR PRIVACY","REDACTED FOR PRIVACY","REDACTED FOR PRIVACY","REDACTED FOR PRIVACY","REDACTED FOR PRIVACY","REDACTED FOR PRIVACY","","REDACTED FOR PRIVACY","REDACTED FOR PRIVACY","REDACTED FOR PRIVACY","REDACTED FOR PRIVACY","REDACTED FOR PRIVACY","REDACTED FOR PRIVACY","REDACTED FOR PRIVACY","REDACTED FOR PRIVACY","REDACTED FOR PRIVACY","","REDACTED FOR PRIVACY","REDACTED FOR PRIVACY","","","","","","","","","","","ns1.digitalbusinesslounge.com","ns2.digitalbusinesslounge.com","","","clientTransferProhibited","clientUpdateProhibited","",""
"81","shirtdrops.net","2020-05-07 05:42:23","2020-05-05","2020-05-05","2021-05-05","433","OVH sas","whois.ovh.com","http://www.ovh.com","REDACTED FOR PRIVACY","","REDACTED FOR PRIVACY","REDACTED FOR PRIVACY","","REDACTED FOR PRIVACY","Finland","a8m5gj78uihlsbhaw2xn@x.o-w-o.info","REDACTED FOR PRIVACY","REDACTED FOR PRIVACY","REDACTED FOR PRIVACY","REDACTED FOR PRIVACY","REDACTED FOR PRIVACY","REDACTED FOR PRIVACY","REDACTED FOR PRIVACY","REDACTED FOR PRIVACY","REDACTED FOR PRIVACY","l4wowtiys14e0wjti9dx@d.o-w-o.info","REDACTED FOR PRIVACY","REDACTED FOR PRIVACY","REDACTED FOR PRIVACY","REDACTED FOR PRIVACY","REDACTED FOR PRIVACY","REDACTED FOR PRIVACY","REDACTED FOR PRIVACY","REDACTED FOR PRIVACY","REDACTED FOR PRIVACY","l4wowtiys14e0wjti9dx@d.o-w-o.info","REDACTED FOR PRIVACY","REDACTED FOR PRIVACY","","","","","","","","","","","dns111.ovh.net","ns111.ovh.net","","","clientDeleteProhibited","clientTransferProhibited","",""
"82","skinches.com","2020-05-07 20:46:26","2020-05-05","2020-05-05","2021-05-05","146","GoDaddy.com, LLC","whois.godaddy.com","http://registrar.godaddy.com","","","","","Uusimaa","","Finland","","","","","","","","","","","","","","","","","","","","","","","","","","","","","","","","","","ns59.domaincontrol.com","ns60.domaincontrol.com","","","clientDeleteProhibited","clientRenewProhibited","clientTransferProhibited","clientUpdateProhibited"
"83","spicyparts.com","2020-05-07 19:20:20","2020-05-06","2020-05-06","2021-05-06","113","CSL Computer Service Langenbach GmbH d/b/a joker.com","whois.joker.com","http://www.joker.com","Frontside Oy","Frontside Oy","","","","","Finland","","","","","","","","","","","","","","","","","","","","","","","","","","","","","","","","","","helium.ns.hetzner.de","hydrogen.ns.hetzner.com","oxygen.ns.hetzner.com","","clientTransferProhibited","","",""
"84","spicyparts.net","2020-05-07 23:10:15","2020-05-06","2020-05-06","2021-05-06","113","CSL Computer Service Langenbach GmbH d/b/a joker.com","whois.joker.com","http://www.joker.com","Frontside Oy","Frontside Oy","","","","","Finland","","","","","","","","","","","","","","","","","","","","","","","","","","","","","","","","","","ns1.first-ns.de","robotns2.second-ns.de","robotns3.second-ns.com","","clientTransferProhibited","","",""
"85","substition.info","2020-05-07 23:22:31","2020-05-06","2020-05-06","2021-05-06","1068","NameCheap, Inc.","whois.namecheap.com","http://www.namecheap.com","","","","","Aland Islands","","Finland","","","","","","","","","","","","","","","","","","","","","","","","","","","","","","","","","","ns1.digitalocean.com","ns2.digitalocean.com","ns3.digitalocean.com","","addPeriod","clientTransferProhibited","serverTransferProhibited",""
"86","suojat.com","2020-05-07 19:12:32","2020-05-06","2020-05-06","2021-05-06","113","CSL Computer Service Langenbach GmbH d/b/a joker.com","whois.joker.com","http://www.joker.com","","","","","","","Finland","","","","","","","","","","","","","","","","","","","","","","","","","","","","","","","","","","ns.mmd.net","ns2.mmd.net","ns3.mmd.net","","clientTransferProhibited","","",""
"87","terveytesipalvelut.com","2020-05-07 21:07:09","2020-05-06","2020-05-06","2021-05-06","1387","1API GmbH","whois.1api.net","http://www.1api.net","REDACTED FOR PRIVACY","REDACTED FOR PRIVACY","REDACTED FOR PRIVACY","REDACTED FOR PRIVACY","","REDACTED FOR PRIVACY","Finland","","REDACTED FOR PRIVACY","","REDACTED FOR PRIVACY","REDACTED FOR PRIVACY","REDACTED FOR PRIVACY","REDACTED FOR PRIVACY","REDACTED FOR PRIVACY","REDACTED FOR PRIVACY","REDACTED FOR PRIVACY","","REDACTED FOR PRIVACY","","REDACTED FOR PRIVACY","REDACTED FOR PRIVACY","REDACTED FOR PRIVACY","REDACTED FOR PRIVACY","REDACTED FOR PRIVACY","REDACTED FOR PRIVACY","REDACTED FOR PRIVACY","","REDACTED FOR PRIVACY","","","","","","","","","","","","ns1.domainhotelli.fi","ns2.domainhotelli.fi","","","clientTransferProhibited","","",""
"88","tilaatehtaalta.net","2020-05-07 05:43:40","2020-05-05","2020-05-05","2021-05-05","146","GoDaddy.com, LLC","whois.godaddy.com","http://registrar.godaddy.com","Kooders","Kooders","","","North Karelia","","Finland","","","","","","","","","","","","","","","","","","","","","","","","","","","","","","","","","","ns77.domaincontrol.com","ns78.domaincontrol.com","","","clientDeleteProhibited","clientRenewProhibited","clientTransferProhibited","clientUpdateProhibited"
"89","tilikone.com","2020-05-07 21:19:08","2020-05-06","2020-05-06","2021-05-06","113","CSL Computer Service Langenbach GmbH d/b/a joker.com","whois.joker.com","http://www.joker.com","Tilikone Oy","Tilikone Oy","","","","","Finland","","","","","","","","","","","","","","","","","","","","","","","","","","","","","","","","","","x.ns.joker.com","y.ns.joker.com","z.ns.joker.com","","clientTransferProhibited","","",""
"90","tknkla.net","2020-05-07 05:43:42","2020-05-05","2020-05-05","2021-05-05","113","CSL Computer Service Langenbach GmbH d/b/a joker.com","whois.joker.com","http://www.joker.com","Teknokala Ky","Teknokala Ky","","","","","Finland","","","","","","","","","","","","","","","","","","","","","","","","","","","","","","","","","","ns.mmd.net","ns2.mmd.net","ns3.mmd.net","","clientTransferProhibited","","",""
"91","tomkeen.agency","2020-05-07 14:36:22","2020-05-06","2020-05-06","2021-05-06","146","GoDaddy.com, LLC","whois.godaddy.com","http://registrar.godaddy.com","REDACTED FOR PRIVACY","Cupcake Labs Oy Ltd","REDACTED FOR PRIVACY","REDACTED FOR PRIVACY","Suomi","REDACTED FOR PRIVACY","Finland","","REDACTED FOR PRIVACY","REDACTED FOR PRIVACY","","","","","","","","","","","","","","","","","","","","","","","","","","","","","","","","","","","addPeriod","clientDeleteProhibited","clientRenewProhibited","clientTransferProhibited"
"92","totta-santa.info","2020-05-07 06:06:44","2020-05-05","2020-05-05","2021-05-05","1606","Limited Liability Company 'Registrar of domain names REG.RU'","whois.reg.ru","http://www.reg.ru","Private Person","Private Person","","","indiana","","Finland","","","","","","","","","","","","","","","","","","","","","","","","","","","","","","","","","","a.dnspod.com","c.dnspod.com","","","addPeriod","clientTransferProhibited","serverTransferProhibited",""
"93","totta-santan.info","2020-05-07 06:06:42","2020-05-05","2020-05-05","2021-05-05","1606","Limited Liability Company 'Registrar of domain names REG.RU'","whois.reg.ru","http://www.reg.ru","Private Person","Private Person","","","indiana","","Finland","","","","","","","","","","","","","","","","","","","","","","","","","","","","","","","","","","a.dnspod.com","c.dnspod.com","","","addPeriod","clientTransferProhibited","serverTransferProhibited",""
"94","uusimaa.info","2020-05-07 23:21:19","2020-05-06","2020-05-06","2021-05-06","146","GoDaddy.com, LLC","whois.godaddy.com","http://registrar.godaddy.com","","","","","Nyland","","Finland","","","","","","","","","","","","","","","","","","","","","","","","","","","","","","","","","","ns11.domaincontrol.com","ns12.domaincontrol.com","","","addPeriod","clientDeleteProhibited","clientRenewProhibited","clientTransferProhibited"
"95","vakuuttavataho.com","2020-05-07 19:17:20","2020-05-06","2020-05-06","2021-05-06","113","CSL Computer Service Langenbach GmbH d/b/a joker.com","whois.joker.com","http://www.joker.com","Ahjo Wellness","Ahjo Wellness","","","","","Finland","","","","","","","","","","","","","","","","","","","","","","","","","","","","","","","","","","ns1.zoner.fi","ns2.zoner.fi","ns3.zoner.fi","","clientTransferProhibited","","",""
"96","variphone.pro","2020-05-07 22:46:24","2020-05-06","2020-05-06","2021-05-06","113","CSL Computer Service Langenbach GmbH d/b/a joker.com","whois.joker.com","http://www.joker.com","","","","","","","Finland","","","","","","","","","","","","","","","","","","","","","","","","","","","","","","","","","","ns1.euronic.fi","ns2.euronic.fi","ns3.euronic.fi","","addPeriod","clientTransferProhibited","serverTransferProhibited",""
"97","webbiapteekki.com","2020-05-07 19:21:47","2020-05-06","2020-05-06","2021-05-06","1387","1API GmbH","whois.1api.net","http://www.1api.net","REDACTED FOR PRIVACY","REDACTED FOR PRIVACY","REDACTED FOR PRIVACY","REDACTED FOR PRIVACY","","REDACTED FOR PRIVACY","Finland","","REDACTED FOR PRIVACY","","REDACTED FOR PRIVACY","REDACTED FOR PRIVACY","REDACTED FOR PRIVACY","REDACTED FOR PRIVACY","REDACTED FOR PRIVACY","REDACTED FOR PRIVACY","REDACTED FOR PRIVACY","","REDACTED FOR PRIVACY","","REDACTED FOR PRIVACY","REDACTED FOR PRIVACY","REDACTED FOR PRIVACY","REDACTED FOR PRIVACY","REDACTED FOR PRIVACY","REDACTED FOR PRIVACY","REDACTED FOR PRIVACY","","REDACTED FOR PRIVACY","","","","","","","","","","","","ns1.hostingpalvelu.fi","ns2.hostingpalvelu.fi","","","clientTransferProhibited","","",""
"98","weirdantiques.info","2020-05-07 23:21:17","2020-05-06","2020-05-06","2021-05-06","113","CSL Computer Service Langenbach GmbH d/b/a joker.com","whois.joker.com","http://www.joker.com","Jukka Mikander","Jukka Mikander","","","","","Finland","","","","","","","","","","","","","","","","","","","","","","","","","","","","","","","","","","ns1.webhotelli.fi","ns2.webhotelli.fi","","","addPeriod","clientTransferProhibited","serverTransferProhibited",""
"99","wisedining.restaurant","2020-05-07 22:46:11","2020-05-05","2020-05-05","2021-05-05","1387","1API GmbH","whois.1api.net","http://www.1api.net","REDACTED FOR PRIVACY","Atelier Hosting","REDACTED FOR PRIVACY","REDACTED FOR PRIVACY","Helsinki","REDACTED FOR PRIVACY","Finland","","REDACTED FOR PRIVACY","REDACTED FOR PRIVACY","","","","","","","","","","","","","","","","","","","","","","","","","","","","","","","","","","","addPeriod","clientTransferProhibited","",""
"100","wisedining.services","2020-05-07 22:46:06","2020-05-05","2020-05-05","2021-05-05","1387","1API GmbH","whois.1api.net","http://www.1api.net","REDACTED FOR PRIVACY","Atelier Hosting","REDACTED FOR PRIVACY","REDACTED FOR PRIVACY","Helsinki","REDACTED FOR PRIVACY","Finland","","REDACTED FOR PRIVACY","REDACTED FOR PRIVACY","","","","","","","","","","","","","","","","","","","","","","","","","","","","","","","","","","","addPeriod","clientTransferProhibited","",""
"101","wisedining.solutions","2020-05-07 03:03:23","2020-05-05","2020-05-05","2021-05-05","1387","1API GmbH","whois.1api.net","http://www.1api.net","REDACTED FOR PRIVACY","Atelier Hosting","REDACTED FOR PRIVACY","REDACTED FOR PRIVACY","Helsinki","REDACTED FOR PRIVACY","Finland","","REDACTED FOR PRIVACY","REDACTED FOR PRIVACY","","","","","","","","","","","","","","","","","","","","","","","","","","","","","","","","","","","addPeriod","clientTransferProhibited","",""
"102","wisedining.works","2020-05-07 19:04:58","2020-05-05","2020-05-05","2021-05-05","1387","1API GmbH","whois.1api.net","http://www.1api.net","REDACTED FOR PRIVACY","Atelier Hosting","REDACTED FOR PRIVACY","REDACTED FOR PRIVACY","Helsinki","REDACTED FOR PRIVACY","Finland","","REDACTED FOR PRIVACY","REDACTED FOR PRIVACY","","","","","","","","","","","","","","","","","","","","","","","","","","","","","","","","","","","addPeriod","clientTransferProhibited","",""
"103","writteninstone.technology","2020-05-07 02:42:04","2020-05-04","2020-05-04","2021-05-04","146","GoDaddy.com, LLC","whois.godaddy.com","http://registrar.godaddy.com","REDACTED FOR PRIVACY","","REDACTED FOR PRIVACY","REDACTED FOR PRIVACY","Kanta-Hame","REDACTED FOR PRIVACY","Finland","","REDACTED FOR PRIVACY","REDACTED FOR PRIVACY","","","","","","","","","","","","","","","","","","","","","","","","","","","","","","","","","","","addPeriod","clientDeleteProhibited","clientRenewProhibited","clientTransferProhibited"
"104","xn--kynttilt-6za.com","2020-05-07 20:47:26","2020-05-05","2020-05-05","2021-05-05","146","GoDaddy.com, LLC","whois.godaddy.com","http://registrar.godaddy.com","Tmi Puisto-Online","Tmi Puisto-Online","","","Sodra Savolax","","Finland","","","","","","","","","","","","","","","","","","","","","","","","","","","","","","","","","","ns59.domaincontrol.com","ns60.domaincontrol.com","","","clientDeleteProhibited","clientRenewProhibited","clientTransferProhibited","clientUpdateProhibited"
"105","yanikabeliza.com","2020-05-07 21:41:42","2020-05-06","","2021-05-06","839","Realtime Register B.V.","whois.yoursrs.com","http://www.realtimeregister.com","REDACTED FOR PRIVACY","REDACTED FOR PRIVACY","REDACTED FOR PRIVACY","REDACTED FOR PRIVACY","","REDACTED FOR PRIVACY","Finland","","REDACTED FOR PRIVACY","REDACTED FOR PRIVACY","REDACTED FOR PRIVACY","REDACTED FOR PRIVACY","REDACTED FOR PRIVACY","REDACTED FOR PRIVACY","REDACTED FOR PRIVACY","REDACTED FOR PRIVACY","REDACTED FOR PRIVACY","","REDACTED FOR PRIVACY","REDACTED FOR PRIVACY","REDACTED FOR PRIVACY","REDACTED FOR PRIVACY","REDACTED FOR PRIVACY","REDACTED FOR PRIVACY","REDACTED FOR PRIVACY","REDACTED FOR PRIVACY","REDACTED FOR PRIVACY","","REDACTED FOR PRIVACY","REDACTED FOR PRIVACY","","","","","","","","","","","ns-3mhd5n3mfd.dnswnd.be","ns-9yjzbv9yed.dnswnd.de","ns-9yrpbf9ygd.dnswnd.eu","","OK","","",""
"106","ylis.info","2020-05-07 06:06:08","2020-05-05","2020-05-05","2021-05-05","113","CSL Computer Service Langenbach GmbH d/b/a joker.com","whois.joker.com","http://www.joker.com","","","","","","","Finland","","","","","","","","","","","","","","","","","","","","","","","","","","","","","","","","","","ns.mmd.net","ns2.mmd.net","ns3.mmd.net","","addPeriod","clientTransferProhibited","serverTransferProhibited",""
"107","yllasservice.com","2020-05-07 21:08:17","2020-05-06","2020-05-06","2022-05-06","146","GoDaddy.com, LLC","whois.godaddy.com","http://registrar.godaddy.com","CodeBlock Oy","CodeBlock Oy","","","Not Applicable","","Finland","","","","","","","","","","","","","","","","","","","","","","","","","","","","","","","","","","pns31.cloudns.net","pns32.cloudns.net","pns33.cloudns.net","","clientDeleteProhibited","clientRenewProhibited","clientTransferProhibited","clientUpdateProhibited"