"num","domain_name","query_time","create_date","update_date","expiry_date","domain_registrar_id","domain_registrar_name","domain_registrar_whois","domain_registrar_url","registrant_name","registrant_company","registrant_address","registrant_city","registrant_state","registrant_zip","registrant_country","registrant_email","registrant_phone","registrant_fax","administrative_name","administrative_company","administrative_address","administrative_city","administrative_state","administrative_zip","administrative_country","administrative_email","administrative_phone","administrative_fax","technical_name","technical_company","technical_address","technical_city","technical_state","technical_zip","technical_country","technical_email","technical_phone","technical_fax","billing_name","billing_company","billing_address","billing_city","billing_state","billing_zip","billing_country","billing_email","billing_phone","billing_fax","name_server_1","name_server_2","name_server_3","name_server_4","domain_status_1","domain_status_2","domain_status_3","domain_status_4"
"1","agespi-gouv.com","2020-05-07 21:01:22","2020-05-06","2020-05-06","2021-05-06","433","OVH sas","whois.ovh.com","http://www.ovh.com","REDACTED FOR PRIVACY","","REDACTED FOR PRIVACY","REDACTED FOR PRIVACY","","REDACTED FOR PRIVACY","Guinea","2b1zxlf2yyovzk770d3n@x.o-w-o.info","REDACTED FOR PRIVACY","REDACTED FOR PRIVACY","REDACTED FOR PRIVACY","REDACTED FOR PRIVACY","REDACTED FOR PRIVACY","REDACTED FOR PRIVACY","REDACTED FOR PRIVACY","REDACTED FOR PRIVACY","REDACTED FOR PRIVACY","dzhvsazfp75ugcdasuix@y.o-w-o.info","REDACTED FOR PRIVACY","REDACTED FOR PRIVACY","REDACTED FOR PRIVACY","REDACTED FOR PRIVACY","REDACTED FOR PRIVACY","REDACTED FOR PRIVACY","REDACTED FOR PRIVACY","REDACTED FOR PRIVACY","REDACTED FOR PRIVACY","dzhvsazfp75ugcdasuix@y.o-w-o.info","REDACTED FOR PRIVACY","REDACTED FOR PRIVACY","","","","","","","","","","","dns110.ovh.net","ns110.ovh.net","","","clientDeleteProhibited","clientTransferProhibited","",""
"2","bizguinee.net","2020-05-07 18:59:20","2020-05-06","2020-05-06","2021-05-06","303","PDR Ltd. d/b/a PublicDomainRegistry.com","whois.publicdomainregistry.com","http://www.publicdomainregistry.com","Sosthene Nsimba","SARL Solutions Novatrices","Nongo, Ratoma","Conakry","Conakry","000","Guinea","sarlsolnov@gmail.com","+224.620174765","","Sosthene Nsimba","SARL Solutions Novatrices","Nongo, Ratoma","Conakry","Conakry","000","Guinea","sarlsolnov@gmail.com","+224.620174765","","Sosthene Nsimba","SARL Solutions Novatrices","Nongo, Ratoma","Conakry","Conakry","000","Guinea","sarlsolnov@gmail.com","+224.620174765","","","","","","","","","","","","ns1.dns-parking.com","ns2.dns-parking.com","","","clientTransferProhibited","","",""
"3","resto224.com","2020-05-07 19:15:24","2020-05-06","2020-05-06","2021-05-06","1630","Ligne Web Services SARL","whois.nic.fr","http://www.ait.com","","","","","","","Guinea","6bc35d55e2ab5c27c6c2012a80173318@whois-anonymous.com","","","","","","","","","Guinea","6bc35d55e2ab5c27c6c2012a80173318@whois-anonymous.com","","","","","","","","","Guinea","6bc35d55e2ab5c27c6c2012a80173318@whois-anonymous.com","","","","","","","","","Guinea","6bc35d55e2ab5c27c6c2012a80173318@whois-anonymous.com","","","","","","","More","clientTransferProhibited","informations","on"
"4","shoot-communication.com","2020-05-07 20:29:04","2020-05-05","2020-05-05","2021-05-05","303","PDR Ltd. d/b/a PublicDomainRegistry.com","whois.publicdomainregistry.com","http://www.publicdomainregistry.com","ibrahima sory SYLLA","SHOOT COMMUNICATION","wanindara","Conakry","Conakry","001","Guinea","isylla327@gmail.com","+224.623005186","","ibrahima sory SYLLA","SHOOT COMMUNICATION","wanindara","Conakry","Conakry","001","Guinea","isylla327@gmail.com","+224.623005186","","ibrahima sory SYLLA","SHOOT COMMUNICATION","wanindara","Conakry","Conakry","001","Guinea","isylla327@gmail.com","+224.623005186","","","","","","","","","","","","ns1.dns-parking.com","ns2.dns-parking.com","","","clientTransferProhibited","","",""
"5","vivajob.net","2020-05-07 05:36:30","2020-05-05","2020-05-05","2021-05-05","1630","Ligne Web Services SARL","whois.nic.fr","http://www.ait.com","","","","","","","Guinea","7193af7148c0c5a30241eda19c9b94c4@whois-anonymous.com","","","","","","","","","Guinea","7193af7148c0c5a30241eda19c9b94c4@whois-anonymous.com","","","","","","","","","Guinea","7193af7148c0c5a30241eda19c9b94c4@whois-anonymous.com","","","","","","","","","Guinea","7193af7148c0c5a30241eda19c9b94c4@whois-anonymous.com","","","","","","","More","informations","on",""