"num","domain_name","query_time","create_date","update_date","expiry_date","domain_registrar_id","domain_registrar_name","domain_registrar_whois","domain_registrar_url","registrant_name","registrant_company","registrant_address","registrant_city","registrant_state","registrant_zip","registrant_country","registrant_email","registrant_phone","registrant_fax","administrative_name","administrative_company","administrative_address","administrative_city","administrative_state","administrative_zip","administrative_country","administrative_email","administrative_phone","administrative_fax","technical_name","technical_company","technical_address","technical_city","technical_state","technical_zip","technical_country","technical_email","technical_phone","technical_fax","billing_name","billing_company","billing_address","billing_city","billing_state","billing_zip","billing_country","billing_email","billing_phone","billing_fax","name_server_1","name_server_2","name_server_3","name_server_4","domain_status_1","domain_status_2","domain_status_3","domain_status_4"
"1","avanzatrading.com","2020-05-07 20:09:07","2020-05-05","2020-05-05","2023-05-05","146","GoDaddy.com, LLC","whois.godaddy.com","http://registrar.godaddy.com","","","","","Cortes","","Honduras","","","","","","","","","","","","","","","","","","","","","","","","","","","","","","","","","","ns73.domaincontrol.com","ns74.domaincontrol.com","","","clientDeleteProhibited","clientRenewProhibited","clientTransferProhibited","clientUpdateProhibited"
"2","beautyroomhn.com","2020-05-07 20:15:28","2020-05-05","2020-05-05","2021-05-05","146","GoDaddy.com, LLC","whois.godaddy.com","http://registrar.godaddy.com","beutyroomhn","beutyroomhn","","","francisco morazan","","Honduras","","","","","","","","","","","","","","","","","","","","","","","","","","","","","","","","","","kayleigh.ns.cloudflare.com","sean.ns.cloudflare.com","","","clientDeleteProhibited","clientRenewProhibited","clientTransferProhibited","clientUpdateProhibited"
"3","chequecito.com","2020-05-07 21:35:04","2020-05-06","2020-05-06","2021-05-06","1005","NetEarth One Inc. d/b/a NetEarth","whois.advancedregistrar.com","http://www.netearthone.com","Herbert Munguia Canales","","Distrito Central","Tegucigalpa","FM","11101","Honduras","herbert.munguia@hpluss.net","+504.33017879","","Herbert Munguia Canales","","Distrito Central","Tegucigalpa","FM","11101","Honduras","herbert.munguia@hpluss.net","+504.33017879","","Herbert Munguia Canales","","Distrito Central","Tegucigalpa","FM","11101","Honduras","herbert.munguia@hpluss.net","+504.33017879","","","","","","","","","","","","ns9040.banahosting.com","ns9041.banahosting.com","","","clientTransferProhibited","","",""
"4","comohacerunaencuesta.com","2020-05-07 20:09:57","2020-05-05","2020-05-05","2021-05-05","379","Arsys Internet, S.L. dba NICLINE.COM","whois.nicline.com","http://www.nicline.com","REDACTED FOR PRIVACY","","REDACTED FOR PRIVACY","REDACTED FOR PRIVACY","SIN PROVINCIA","REDACTED FOR PRIVACY","Honduras","whoiscontact@domainconnection.info","REDACTED FOR PRIVACY","REDACTED FOR PRIVACY","REDACTED FOR PRIVACY","REDACTED FOR PRIVACY","REDACTED FOR PRIVACY","REDACTED FOR PRIVACY","REDACTED FOR PRIVACY","REDACTED FOR PRIVACY","REDACTED FOR PRIVACY","whoiscontact@domainconnection.info","REDACTED FOR PRIVACY","REDACTED FOR PRIVACY","REDACTED FOR PRIVACY","REDACTED FOR PRIVACY","REDACTED FOR PRIVACY","REDACTED FOR PRIVACY","REDACTED FOR PRIVACY","REDACTED FOR PRIVACY","REDACTED FOR PRIVACY","whoiscontact@domainconnection.info","REDACTED FOR PRIVACY","REDACTED FOR PRIVACY","","","","","","","","","","","ns13.piensasolutions.com","ns14.piensasolutions.com","","","addPeriod","clientTransferProhibited","",""
"5","diagonalproductos.com","2020-05-07 21:03:30","2020-05-06","2020-05-06","2021-05-06","146","GoDaddy.com, LLC","whois.godaddy.com","http://registrar.godaddy.com","Diagonal S&P S. R.L","Diagonal S&P S. R.L","","","FM","","Honduras","","","","","","","","","","","","","","","","","","","","","","","","","","","","","","","","","","ns59.domaincontrol.com","ns60.domaincontrol.com","","","clientDeleteProhibited","clientRenewProhibited","clientTransferProhibited","clientUpdateProhibited"
"6","edutec06.com","2020-05-07 20:29:51","2020-05-05","2020-05-05","2022-05-05","146","GoDaddy.com, LLC","whois.godaddy.com","http://registrar.godaddy.com","","","","","Honduras","","Honduras","","","","","","","","","","","","","","","","","","","","","","","","","","","","","","","","","","ns73.domaincontrol.com","ns74.domaincontrol.com","","","clientDeleteProhibited","clientRenewProhibited","clientTransferProhibited","clientUpdateProhibited"
"7","farmaciacervanteshn.com","2020-05-07 21:05:35","2020-05-06","2020-05-06","2021-05-06","955","Launchpad, Inc.","whois.launchpad.com","http://www.launchpad.com","Ruben Martinez","None","Barrio El Centro Avenida La Republica 7 Calle Edificio Cervantes Local #1","La Ceiba","AT","31101","Honduras","fciacervantes@gmail.com","+504.95570216","","Ruben Martinez","None","Barrio El Centro Avenida La Republica 7 Calle Edificio Cervantes Local #1","La Ceiba","AT","31101","Honduras","fciacervantes@gmail.com","+504.95570216","","Ruben Martinez","None","Barrio El Centro Avenida La Republica 7 Calle Edificio Cervantes Local #1","La Ceiba","AT","31101","Honduras","fciacervantes@gmail.com","+504.95570216","","","","","","","","","","","","ns8279.hostgator.com","ns8280.hostgator.com","","","clientTransferProhibited","","",""
"8","hazlotumismoweb.com","2020-05-07 20:10:48","2020-05-05","2020-05-05","2021-05-05","379","Arsys Internet, S.L. dba NICLINE.COM","whois.nicline.com","http://www.nicline.com","REDACTED FOR PRIVACY","","REDACTED FOR PRIVACY","REDACTED FOR PRIVACY","SIN PROVINCIA","REDACTED FOR PRIVACY","Honduras","whoiscontact@domainconnection.info","REDACTED FOR PRIVACY","REDACTED FOR PRIVACY","REDACTED FOR PRIVACY","REDACTED FOR PRIVACY","REDACTED FOR PRIVACY","REDACTED FOR PRIVACY","REDACTED FOR PRIVACY","REDACTED FOR PRIVACY","REDACTED FOR PRIVACY","whoiscontact@domainconnection.info","REDACTED FOR PRIVACY","REDACTED FOR PRIVACY","REDACTED FOR PRIVACY","REDACTED FOR PRIVACY","REDACTED FOR PRIVACY","REDACTED FOR PRIVACY","REDACTED FOR PRIVACY","REDACTED FOR PRIVACY","REDACTED FOR PRIVACY","whoiscontact@domainconnection.info","REDACTED FOR PRIVACY","REDACTED FOR PRIVACY","","","","","","","","","","","dns1.sered.net","dns2.sered.net","","","addPeriod","clientTransferProhibited","",""
"9","inmobiliariaramos.com","2020-05-07 20:30:53","2020-05-05","2020-05-05","2021-05-05","146","GoDaddy.com, LLC","whois.godaddy.com","http://registrar.godaddy.com","Inmobiliaria y constructora ramos","Inmobiliaria y constructora ramos","","","Departamento de Cortes","","Honduras","","","","","","","","","","","","","","","","","","","","","","","","","","","","","","","","","","ns59.domaincontrol.com","ns60.domaincontrol.com","","","clientDeleteProhibited","clientRenewProhibited","clientTransferProhibited","clientUpdateProhibited"
"10","mirawa.club","2020-05-07 06:32:43","2020-05-04","2020-05-04","2021-05-04","146","GoDaddy.com, LLC","whois.godaddy.com","http://registrar.godaddy.com","Monkey Soluciones Digitales S. de R. L.","Monkey Soluciones Digitales S. de R. L.","","","Francisco morazan","","Honduras","","","","","","","","","","","","","","","","","","","","","","","","","","","","","","","","","","ns41.domaincontrol.com","ns42.domaincontrol.com","","","addPeriod","clientDeleteProhibited","clientRenewProhibited","clientTransferProhibited"
"11","nelson-garcia.com","2020-05-07 21:31:20","2020-05-06","2020-05-07","2021-05-06","48","eNom, Inc.","whois.enom.com","http://www.enom.com","REDACTED FOR PRIVACY","REDACTED FOR PRIVACY","REDACTED FOR PRIVACY","REDACTED FOR PRIVACY","Francisco MorazA?n","REDACTED FOR PRIVACY","Honduras","","REDACTED FOR PRIVACY","REDACTED FOR PRIVACY","REDACTED FOR PRIVACY","REDACTED FOR PRIVACY","REDACTED FOR PRIVACY","REDACTED FOR PRIVACY","REDACTED FOR PRIVACY","REDACTED FOR PRIVACY","REDACTED FOR PRIVACY","","REDACTED FOR PRIVACY","REDACTED FOR PRIVACY","REDACTED FOR PRIVACY","REDACTED FOR PRIVACY","REDACTED FOR PRIVACY","REDACTED FOR PRIVACY","REDACTED FOR PRIVACY","REDACTED FOR PRIVACY","REDACTED FOR PRIVACY","","REDACTED FOR PRIVACY","REDACTED FOR PRIVACY","","","","","","","","","","","ns3013.mochahost.com","ns4013.mochahost.com","","","addPeriod","clientTransferProhibited","",""
"12","pacific-cash.com","2020-05-07 01:28:15","2020-05-04","2020-05-04","2021-05-04","1591","Promo People inc.","whois.nic.fr","http://www.ait.com","REDACTED FOR PRIVACY","REDACTED FOR PRIVACY","REDACTED FOR PRIVACY","REDACTED FOR PRIVACY","REDACTED FOR PRIVACY","REDACTED FOR PRIVACY","Honduras","","REDACTED FOR PRIVACY","REDACTED FOR PRIVACY","REDACTED FOR PRIVACY","REDACTED FOR PRIVACY","REDACTED FOR PRIVACY","REDACTED FOR PRIVACY","REDACTED FOR PRIVACY","REDACTED FOR PRIVACY","REDACTED FOR PRIVACY","","REDACTED FOR PRIVACY","REDACTED FOR PRIVACY","REDACTED FOR PRIVACY","REDACTED FOR PRIVACY","REDACTED FOR PRIVACY","REDACTED FOR PRIVACY","REDACTED FOR PRIVACY","REDACTED FOR PRIVACY","REDACTED FOR PRIVACY","","REDACTED FOR PRIVACY","REDACTED FOR PRIVACY","","","","","","","","","","","ns1.hostpapa.com","ns2.hostpapa.com","","","clientTransferProhibited","clientUpdateProhibited","",""
"13","pcr-soluciones.com","2020-05-07 01:28:13","2020-05-04","2020-05-04","2021-05-04","1591","Promo People inc.","whois.nic.fr","http://www.ait.com","REDACTED FOR PRIVACY","REDACTED FOR PRIVACY","REDACTED FOR PRIVACY","REDACTED FOR PRIVACY","REDACTED FOR PRIVACY","REDACTED FOR PRIVACY","Honduras","","REDACTED FOR PRIVACY","REDACTED FOR PRIVACY","REDACTED FOR PRIVACY","REDACTED FOR PRIVACY","REDACTED FOR PRIVACY","REDACTED FOR PRIVACY","REDACTED FOR PRIVACY","REDACTED FOR PRIVACY","REDACTED FOR PRIVACY","","REDACTED FOR PRIVACY","REDACTED FOR PRIVACY","REDACTED FOR PRIVACY","REDACTED FOR PRIVACY","REDACTED FOR PRIVACY","REDACTED FOR PRIVACY","REDACTED FOR PRIVACY","REDACTED FOR PRIVACY","REDACTED FOR PRIVACY","","REDACTED FOR PRIVACY","REDACTED FOR PRIVACY","","","","","","","","","","","ns1.hostpapa.com","ns2.hostpapa.com","","","clientTransferProhibited","clientUpdateProhibited","",""
"14","profitex-linem.com","2020-05-07 21:35:20","2020-05-06","2020-05-06","2021-05-06","303","PDR Ltd. d/b/a PublicDomainRegistry.com","whois.publicdomainregistry.com","http://www.publicdomainregistry.com","Honduras Caritas-","","Tegucigalpa,Honduras","Tegucigalpa","Tegucigalpa","34101","Honduras","svp.sc.botswan@gmail.com","+504.22206698","","Honduras Caritas-","","Tegucigalpa,Honduras","Tegucigalpa","Tegucigalpa","34101","Honduras","svp.sc.botswan@gmail.com","+504.22206698","","Honduras Caritas-","","Tegucigalpa,Honduras","Tegucigalpa","Tegucigalpa","34101","Honduras","svp.sc.botswan@gmail.com","+504.22206698","","","","","","","","","","","","earth.monovm.com","mars.monovm.com","mercury.monovm.com","venus.monovm.com","clientTransferProhibited","","",""
"15","quimiprostore.com","2020-05-07 01:27:55","2020-05-04","2020-05-05","2021-05-04","69","Tucows Domains Inc.","whois.tucows.com","http://domainhelp.opensrs.net","REDACTED FOR PRIVACY","REDACTED FOR PRIVACY","REDACTED FOR PRIVACY","REDACTED FOR PRIVACY","XX","REDACTED FOR PRIVACY","Honduras","","REDACTED FOR PRIVACY","REDACTED FOR PRIVACY","REDACTED FOR PRIVACY","REDACTED FOR PRIVACY","REDACTED FOR PRIVACY","REDACTED FOR PRIVACY","REDACTED FOR PRIVACY","REDACTED FOR PRIVACY","REDACTED FOR PRIVACY","","REDACTED FOR PRIVACY","REDACTED FOR PRIVACY","REDACTED FOR PRIVACY","REDACTED FOR PRIVACY","REDACTED FOR PRIVACY","REDACTED FOR PRIVACY","REDACTED FOR PRIVACY","REDACTED FOR PRIVACY","REDACTED FOR PRIVACY","","REDACTED FOR PRIVACY","REDACTED FOR PRIVACY","","","","","","","","","","","ns1.gnld1034.siteground.eu","ns2.gnld1034.siteground.eu","","","clientTransferProhibited","clientUpdateProhibited","",""
"16","radiojusticia.com","2020-05-07 20:22:58","2020-05-05","2020-05-05","2021-05-05","146","GoDaddy.com, LLC","whois.godaddy.com","http://registrar.godaddy.com","Poder Judicial de Honduras","Poder Judicial de Honduras","","","Valle De Angeles","","Honduras","","","","","","","","","","","","","","","","","","","","","","","","","","","","","","","","","","ns31.domaincontrol.com","ns32.domaincontrol.com","","","clientDeleteProhibited","clientRenewProhibited","clientTransferProhibited","clientUpdateProhibited"
"17","te-asisto.com","2020-05-07 01:27:57","2020-05-04","2020-05-05","2021-05-04","1591","Promo People inc.","whois.nic.fr","http://www.ait.com","REDACTED FOR PRIVACY","REDACTED FOR PRIVACY","REDACTED FOR PRIVACY","REDACTED FOR PRIVACY","Francisco Morazan","REDACTED FOR PRIVACY","Honduras","","REDACTED FOR PRIVACY","REDACTED FOR PRIVACY","REDACTED FOR PRIVACY","REDACTED FOR PRIVACY","REDACTED FOR PRIVACY","REDACTED FOR PRIVACY","REDACTED FOR PRIVACY","REDACTED FOR PRIVACY","REDACTED FOR PRIVACY","","REDACTED FOR PRIVACY","REDACTED FOR PRIVACY","REDACTED FOR PRIVACY","REDACTED FOR PRIVACY","REDACTED FOR PRIVACY","REDACTED FOR PRIVACY","REDACTED FOR PRIVACY","REDACTED FOR PRIVACY","REDACTED FOR PRIVACY","","REDACTED FOR PRIVACY","REDACTED FOR PRIVACY","","","","","","","","","","","ns1.hostpapa.com","ns2.hostpapa.com","","","clientTransferProhibited","clientUpdateProhibited","",""
"18","tubazarenlinea.com","2020-05-07 20:19:11","2020-05-05","2020-05-05","2021-05-05","303","PDR Ltd. d/b/a PublicDomainRegistry.com","whois.publicdomainregistry.com","http://www.publicdomainregistry.com","Marlon Caballero","Musa Latam","Col. Guadalpe","San Pedro Sula","Cortes","21103","Honduras","mar_1126@hotmail.com","+504.96472774","","Marlon Caballero","Musa Latam","Col. Guadalpe","San Pedro Sula","Cortes","21103","Honduras","mar_1126@hotmail.com","+504.96472774","","Marlon Caballero","Musa Latam","Col. Guadalpe","San Pedro Sula","Cortes","21103","Honduras","mar_1126@hotmail.com","+504.96472774","","","","","","","","","","","","ns1.dns-parking.com","ns2.dns-parking.com","","","clientTransferProhibited","","",""