"num","domain_name","query_time","create_date","update_date","expiry_date","domain_registrar_id","domain_registrar_name","domain_registrar_whois","domain_registrar_url","registrant_name","registrant_company","registrant_address","registrant_city","registrant_state","registrant_zip","registrant_country","registrant_email","registrant_phone","registrant_fax","administrative_name","administrative_company","administrative_address","administrative_city","administrative_state","administrative_zip","administrative_country","administrative_email","administrative_phone","administrative_fax","technical_name","technical_company","technical_address","technical_city","technical_state","technical_zip","technical_country","technical_email","technical_phone","technical_fax","billing_name","billing_company","billing_address","billing_city","billing_state","billing_zip","billing_country","billing_email","billing_phone","billing_fax","name_server_1","name_server_2","name_server_3","name_server_4","domain_status_1","domain_status_2","domain_status_3","domain_status_4"
"1","alizeeli.com","2020-05-07 20:31:18","2020-05-05","2020-05-05","2021-05-05","1606","Limited Liability Company 'Registrar of domain names REG.RU'","whois.reg.ru","http://www.reg.ru","Aliya Makhmetova","Private Person","Esenberlin ul, 2 a, 9","Kazakhstan Astana (Nur-Sultan)","Kazakhstan Astana (Nur-Sultan)","010011","Kazakstan","alicasew@gmail.com","+7.7024091209","","Aliya Makhmetova","Private Person","Esenberlin ul, 2 a, 9","Kazakhstan Astana (Nur-Sultan)","Kazakhstan Astana (Nur-Sultan)","010011","Kazakstan","alicasew@gmail.com","+7.7024091209","","Aliya Makhmetova","Private Person","Esenberlin ul, 2 a, 9","Kazakhstan Astana (Nur-Sultan)","Kazakhstan Astana (Nur-Sultan)","010011","Kazakstan","alicasew@gmail.com","+7.7024091209","","","","","","","","","","","","ns1.selectel.org","ns2.selectel.org","ns3.selectel.org","ns4.selectel.org","clientTransferProhibited","","",""
"2","astanadc.com","2020-05-07 20:52:14","2020-05-05","2020-05-05","2021-05-05","1606","Limited Liability Company 'Registrar of domain names REG.RU'","whois.reg.ru","http://www.reg.ru","Indira Mahmetova","Private Person","Astana street X","Astana","Akmola","010000","Kazakstan","issmatart1@gmail.com","+7.7088974471","","Darkhan Nausharipov","Private Person","Karaganda","Karaganda","Karagandinskaya","100000","Kazakstan","nausharipov@gmail.com","+7.7770007600","","Darkhan Nausharipov","Private Person","Karaganda","Karaganda","Karagandinskaya","100000","Kazakstan","nausharipov@gmail.com","+7.7770007600","","","","","","","","","","","","ns1.hosting.reg.ru","ns2.hosting.reg.ru","","","clientTransferProhibited","","",""
"3","audition.agency","2020-05-07 14:36:25","2020-05-06","2020-05-06","2021-05-06","82","OnlineNIC, Inc.","whois.onlinenic.com","http://www.onlinenic.com","REDACTED FOR PRIVACY","Bulakhov, Andrey K.","REDACTED FOR PRIVACY","REDACTED FOR PRIVACY","Kazakhstan","REDACTED FOR PRIVACY","Kazakstan","","REDACTED FOR PRIVACY","REDACTED FOR PRIVACY","","","","","","","","","","","","","","","","","","","","","","","","","","","","","","","","","","","addPeriod","","",""
"4","cookapie.com","2020-05-07 21:07:53","2020-05-06","2020-05-06","2021-05-06","303","PDR Ltd. d/b/a PublicDomainRegistry.com","whois.publicdomainregistry.com","http://www.publicdomainregistry.com","Zhulduz Z Kusajnova","","o-Kazahstanskaya oblast, Kurchumskij rajon, ul.B.Momyishulyi 250","","","071200","Kazakstan","kusajnova82@mail.ru","+7.7054615766","","Zhulduz Z Kusajnova","","o-Kazahstanskaya oblast, Kurchumskij rajon, ul.B.Momyishulyi 250","","","071200","Kazakstan","kusajnova82@mail.ru","+7.7054615766","","Zhulduz Z Kusajnova","","o-Kazahstanskaya oblast, Kurchumskij rajon, ul.B.Momyishulyi 250","","","071200","Kazakstan","kusajnova82@mail.ru","+7.7054615766","","","","","","","","","","","","ns1.timeweb.ru","ns2.timeweb.ru","ns3.timeweb.org","ns4.timeweb.org","clientTransferProhibited","","",""
"5","dosyma.com","2020-05-07 20:29:04","2020-05-05","2020-05-05","2021-05-05","106","Ascio Technologies, Inc. Danmark - Filial af Ascio technologies, Inc. USA","whois.ascio.com","http://www.ascio.com","Not Disclosed","Not Disclosed","Not Disclosed","Not Disclosed","","Not Disclosed","Kazakstan","","Not Disclosed","Not Disclosed","Not Disclosed","Not Disclosed","Not Disclosed","Not Disclosed","Not Disclosed","Not Disclosed","Not Disclosed","","Not Disclosed","Not Disclosed","Not Disclosed","Not Disclosed","Not Disclosed","Not Disclosed","Not Disclosed","Not Disclosed","Not Disclosed","","Not Disclosed","Not Disclosed","","","","","","","","","","","dns1.123hjemmeside.dk","dns2.123hjemmeside.dk","dns3.123hjemmeside.dk","","OK","","",""
"6","evolutioner.info","2020-05-07 18:58:02","2020-05-06","2020-05-06","2021-05-06","146","GoDaddy.com, LLC","whois.godaddy.com","http://registrar.godaddy.com","","","","","Almaty","","Kazakstan","","","","","","","","","","","","","","","","","","","","","","","","","","","","","","","","","","ns53.domaincontrol.com","ns54.domaincontrol.com","","","addPeriod","clientDeleteProhibited","clientRenewProhibited","clientTransferProhibited"
"7","ieltsforward.com","2020-05-07 21:05:36","2020-05-06","2020-05-06","2021-05-06","303","PDR Ltd. d/b/a PublicDomainRegistry.com","whois.publicdomainregistry.com","http://www.publicdomainregistry.com","Ielts Forward","Ielts Forward","Kabanbay batyr ave.","Nur-Sultan","Aqmola","010000","Kazakstan","forward.ielts@gmail.com","+7.77757912684","","Ielts Forward","Ielts Forward","Kabanbay batyr ave.","Nur-Sultan","Aqmola","010000","Kazakstan","forward.ielts@gmail.com","+7.77757912684","","Ielts Forward","Ielts Forward","Kabanbay batyr ave.","Nur-Sultan","Aqmola","010000","Kazakstan","forward.ielts@gmail.com","+7.77757912684","","","","","","","","","","","","ns1.dns-parking.com","ns2.dns-parking.com","","","clientTransferProhibited","","",""
"8","know-how.life","2020-05-07 06:00:52","2020-05-05","2020-05-05","2021-05-05","303","PDR Ltd. d/b/a PublicDomainRegistry.com","whois.publicdomainregistry.com","http://www.publicdomainregistry.com","REDACTED FOR PRIVACY","none","REDACTED FOR PRIVACY","REDACTED FOR PRIVACY","","REDACTED FOR PRIVACY","Kazakstan","","REDACTED FOR PRIVACY","REDACTED FOR PRIVACY","","","","","","","","","","","","","","","","","","","","","","","","","","","","","","","","","","","addPeriod","clientTransferProhibited","",""
"9","kuresi.club","2020-05-07 06:32:46","2020-05-05","2020-05-05","2021-05-05","146","GoDaddy.com, LLC","whois.godaddy.com","http://registrar.godaddy.com","3K","3K","","","nur-sultan","","Kazakstan","","","","","","","","","","","","","","","","","","","","","","","","","","","","","","","","","","ns77.domaincontrol.com","ns78.domaincontrol.com","","","addPeriod","clientDeleteProhibited","clientRenewProhibited","clientTransferProhibited"
"10","kurs-nur.info","2020-05-07 06:10:45","2020-05-05","","2021-05-05","106","Ascio Technologies, Inc. Danmark - Filial af Ascio technologies, Inc. USA","whois.ascio.com","http://www.ascio.com","","","","","","","Kazakstan","","","","","","","","","","","","","","","","","","","","","","","","","","","","","","","","","","dns1.123hjemmeside.dk","dns2.123hjemmeside.dk","dns3.123hjemmeside.dk","","addPeriod","serverTransferProhibited","",""
"11","powerandtechnology.com","2020-05-07 19:16:11","2020-05-06","2020-05-06","2021-05-06","146","GoDaddy.com, LLC","whois.godaddy.com","http://registrar.godaddy.com","","","","","atyrauskaya","","Kazakstan","","","","","","","","","","","","","","","","","","","","","","","","","","","","","","","","","","ns1.sedoparking.com","ns2.sedoparking.com","","","clientDeleteProhibited","clientRenewProhibited","clientTransferProhibited","clientUpdateProhibited"
"12","shkola-alula.com","2020-05-07 21:31:18","2020-05-06","2020-05-06","2021-05-06","1606","Limited Liability Company 'Registrar of domain names REG.RU'","whois.reg.ru","http://www.reg.ru","Aida Toleuova","Private Person","Luganskogo 139","Almaty","Almaty","050000","Kazakstan","aidik7@gmail.com","+7.7017777993","","Aida Toleuova","Private Person","Luganskogo 139","Almaty","Almaty","050000","Kazakstan","aidik7@gmail.com","+7.7017777993","","Aida Toleuova","Private Person","Luganskogo 139","Almaty","Almaty","050000","Kazakstan","aidik7@gmail.com","+7.7017777993","","","","","","","","","","","","ns1.ps.kz","ns2.ps.kz","ns3.ps.kz","","clientTransferProhibited","","",""
"13","skyinvestclub.com","2020-05-07 19:15:20","2020-05-06","2020-05-06","2021-05-06","82","OnlineNIC, Inc.","whois.onlinenic.com","http://www.onlinenic.com","Zhanar","TOO TORUS.KZ","st. Zhambyl , house 40/2, flat. 26","Uralsk","WKO","090000","Kazakstan","hostmaster@hoster.kz","+7.7778590705","+7.778590705","Zhanar","TOO TORUS.KZ","st. Zhambyl , house 40/2, flat. 26","Uralsk","WKO","090000","Kazakstan","hostmaster@hoster.kz","+7.7778590705","+7.778590705","Zhanar","TOO TORUS.KZ","st. Zhambyl , house 40/2, flat. 26","Uralsk","WKO","090000","Kazakstan","hostmaster@hoster.kz","+7.7778590705","+7.778590705","","","","","","","","","","","ns1.hoster.kz","ns2.hoster.kz","ns3.hoster.kz","","clientTransferProhibited","","",""
"14","sport17-store.com","2020-05-07 21:01:38","2020-05-06","2020-05-06","2021-05-06","303","PDR Ltd. d/b/a PublicDomainRegistry.com","whois.publicdomainregistry.com","http://www.publicdomainregistry.com","Olga V Belousova","","Pavlodarskaya obl., g. Ekibastuz, ul. M. Zhussupa,52/1-29","","","141200","Kazakstan","olga.belousova.eki@gmail.com","+7.7713588295","","Olga V Belousova","","Pavlodarskaya obl., g. Ekibastuz, ul. M. Zhussupa,52/1-29","","","141200","Kazakstan","olga.belousova.eki@gmail.com","+7.7713588295","","Olga V Belousova","","Pavlodarskaya obl., g. Ekibastuz, ul. M. Zhussupa,52/1-29","","","141200","Kazakstan","olga.belousova.eki@gmail.com","+7.7713588295","","","","","","","","","","","","ns1.timeweb.ru","ns2.timeweb.ru","ns3.timeweb.org","ns4.timeweb.org","clientTransferProhibited","","",""
"15","topanbkr.com","2020-05-07 19:17:07","2020-05-06","2020-05-06","2021-05-06","1606","Limited Liability Company 'Registrar of domain names REG.RU'","whois.reg.ru","http://www.reg.ru","Marat Ilikpaev","Topan Baker Hughes","ul. Gizata Alipova, 5","Atyrau","Atyrauskaya oblast","060000","Kazakstan","marat.ilikpayev@topan.kz","+7.7122956870","","Marat Ilikpaev","Topan Baker Hughes","ul. Gizata Alipova, 5","Atyrau","Atyrauskaya oblast","060000","Kazakstan","marat.ilikpayev@topan.kz","+7.7122956870","","Marat Ilikpaev","Topan Baker Hughes","ul. Gizata Alipova, 5","Atyrau","Atyrauskaya oblast","060000","Kazakstan","marat.ilikpayev@topan.kz","+7.7122956870","","","","","","","","","","","","ns1.ps.kz","ns2.ps.kz","ns3.ps.kz","","clientTransferProhibited","","",""
"16","tvoi-faberlic.com","2020-05-07 19:20:32","2020-05-06","2020-05-06","2021-05-06","1606","Limited Liability Company 'Registrar of domain names REG.RU'","whois.reg.ru","http://www.reg.ru","Almaz Mukashev","Private Person","Almaty, mkr.7","Almaty","Kazahstan","050000","Kazakstan","dmx.mx1@gmail.com","+7.7078199293","","Almaz Mukashev","Private Person","Almaty, mkr.7","Almaty","Kazahstan","050000","Kazakstan","dmx.mx1@gmail.com","+7.7078199293","","Almaz Mukashev","Private Person","Almaty, mkr.7","Almaty","Kazahstan","050000","Kazakstan","dmx.mx1@gmail.com","+7.7078199293","","","","","","","","","","","","ns1.ps.kz","ns2.ps.kz","ns3.ps.kz","","clientTransferProhibited","","",""
"17","vaccination2021.com","2020-05-07 19:12:31","2020-05-06","2020-05-06","2021-05-06","146","GoDaddy.com, LLC","whois.godaddy.com","http://registrar.godaddy.com","","","","","Akmolinskaya","","Kazakstan","","","","","","","","","","","","","","","","","","","","","","","","","","","","","","","","","","ns31.domaincontrol.com","ns32.domaincontrol.com","","","clientDeleteProhibited","clientRenewProhibited","clientTransferProhibited","clientUpdateProhibited"
"18","vertexoiltrade.com","2020-05-07 19:20:30","2020-05-06","2020-05-06","2021-05-06","886","Domain.com, LLC","whois.domain.com","http://www.domain.com","REDACTED FOR PRIVACY","REDACTED FOR PRIVACY","REDACTED FOR PRIVACY","REDACTED FOR PRIVACY","REDACTED FOR PRIVACY","REDACTED FOR PRIVACY","Kazakstan","","REDACTED FOR PRIVACY","REDACTED FOR PRIVACY","REDACTED FOR PRIVACY","REDACTED FOR PRIVACY","REDACTED FOR PRIVACY","REDACTED FOR PRIVACY","REDACTED FOR PRIVACY","REDACTED FOR PRIVACY","REDACTED FOR PRIVACY","","REDACTED FOR PRIVACY","REDACTED FOR PRIVACY","REDACTED FOR PRIVACY","REDACTED FOR PRIVACY","REDACTED FOR PRIVACY","REDACTED FOR PRIVACY","REDACTED FOR PRIVACY","REDACTED FOR PRIVACY","REDACTED FOR PRIVACY","","REDACTED FOR PRIVACY","REDACTED FOR PRIVACY","","","","","","","","","","","ns1.hosting.reg.ru","ns2.hosting.reg.ru","","","","","",""