"num","domain_name","query_time","create_date","update_date","expiry_date","domain_registrar_id","domain_registrar_name","domain_registrar_whois","domain_registrar_url","registrant_name","registrant_company","registrant_address","registrant_city","registrant_state","registrant_zip","registrant_country","registrant_email","registrant_phone","registrant_fax","administrative_name","administrative_company","administrative_address","administrative_city","administrative_state","administrative_zip","administrative_country","administrative_email","administrative_phone","administrative_fax","technical_name","technical_company","technical_address","technical_city","technical_state","technical_zip","technical_country","technical_email","technical_phone","technical_fax","billing_name","billing_company","billing_address","billing_city","billing_state","billing_zip","billing_country","billing_email","billing_phone","billing_fax","name_server_1","name_server_2","name_server_3","name_server_4","domain_status_1","domain_status_2","domain_status_3","domain_status_4"
"1","adteksoftwares.com","2020-05-07 21:18:38","2020-05-06","2020-05-06","2021-05-06","303","PDR Ltd. d/b/a PublicDomainRegistry.com","whois.publicdomainregistry.com","http://www.publicdomainregistry.com","Joseph Njuguna","Adtek Softwares","342","Thika","Kiambu","01000","Kenya","gitujoseph97@gmail.com","+254.0727083400","","Joseph Njuguna","Adtek Softwares","342","Thika","Kiambu","01000","Kenya","gitujoseph97@gmail.com","+254.0727083400","","Joseph Njuguna","Adtek Softwares","342","Thika","Kiambu","01000","Kenya","gitujoseph97@gmail.com","+254.0727083400","","","","","","","","","","","","ns53.kenyawebexperts.com","ns54.kenyawebexperts.com","","","clientTransferProhibited","","",""
"2","alguilerspaces.com","2020-05-07 21:06:36","2020-05-06","2020-05-06","2021-05-06","303","PDR Ltd. d/b/a PublicDomainRegistry.com","whois.publicdomainregistry.com","http://www.publicdomainregistry.com","James Kibet","Alguiler Spaces Ltd","22677","Nairobi","Kenya","00100","Kenya","jtireito@gmail.com","+254.722947024","","DEEPAFRICA LIMITED","DEEPAFRICA.COM","72740","NAIROBI","NAIROBI","00200","Kenya","mydomain@deepafrica.com","+254.712500500","","DEEPAFRICA LIMITED","DEEPAFRICA.COM","72740","NAIROBI","NAIROBI","00200","Kenya","mydomain@deepafrica.com","+254.712500500","","","","","","","","","","","","ns722.deepafrica.com","ns723.deepafrica.com","","","clientTransferProhibited","","",""
"3","aludogroup.com","2020-05-07 19:15:43","2020-05-06","2020-05-06","2021-05-06","1005","NetEarth One Inc. d/b/a NetEarth","whois.advancedregistrar.com","http://www.netearthone.com","Anthony  Nderitu","","73492","Nairobi","Nairobi","00200","Kenya","nderituantony@gmail.com","+254.0724024236","","Anthony  Nderitu","","73492","Nairobi","Nairobi","00200","Kenya","nderituantony@gmail.com","+254.0724024236","","Anthony  Nderitu","","73492","Nairobi","Nairobi","00200","Kenya","nderituantony@gmail.com","+254.0724024236","","","","","","","","","","","","ns0.sasahost.com","ns369.sasahost.com","ns370.sasahost.com","ns418.sasahost.com","clientTransferProhibited","","",""
"4","amena-africa.com","2020-05-07 21:16:24","2020-05-06","2020-05-06","2021-05-06","433","OVH sas","whois.ovh.com","http://www.ovh.com","REDACTED FOR PRIVACY","AMENA Trade and Investment Limited","REDACTED FOR PRIVACY","REDACTED FOR PRIVACY","","REDACTED FOR PRIVACY","Kenya","uk79ckprmetr1wck0c2z@z.o-w-o.info","REDACTED FOR PRIVACY","REDACTED FOR PRIVACY","REDACTED FOR PRIVACY","REDACTED FOR PRIVACY","REDACTED FOR PRIVACY","REDACTED FOR PRIVACY","REDACTED FOR PRIVACY","REDACTED FOR PRIVACY","REDACTED FOR PRIVACY","3r5txlro70hc9ykiy0cm@l.o-w-o.info","REDACTED FOR PRIVACY","REDACTED FOR PRIVACY","REDACTED FOR PRIVACY","REDACTED FOR PRIVACY","REDACTED FOR PRIVACY","REDACTED FOR PRIVACY","REDACTED FOR PRIVACY","REDACTED FOR PRIVACY","REDACTED FOR PRIVACY","3r5txlro70hc9ykiy0cm@l.o-w-o.info","REDACTED FOR PRIVACY","REDACTED FOR PRIVACY","","","","","","","","","","","dns110.ovh.net","ns110.ovh.net","","","clientDeleteProhibited","clientTransferProhibited","",""
"5","aquilafrica.com","2020-05-07 19:18:51","2020-05-06","2020-05-06","2021-05-06","1005","NetEarth One Inc. d/b/a NetEarth","whois.advancedregistrar.com","http://www.netearthone.com","Tony Otieno","","5757","Nairobi","Nairobi","00200","Kenya","tonyomil@yahoo.com","+254.714035152","","Tony Otieno","","5757","Nairobi","Nairobi","00200","Kenya","tonyomil@yahoo.com","+254.714035152","","Tony Otieno","","5757","Nairobi","Nairobi","00200","Kenya","tonyomil@yahoo.com","+254.714035152","","","","","","","","","","","","ns1.eco-dns.co.uk","ns2.eco-dns.co.uk","ns3.eco-dns.co.uk","ns4.eco-dns.co.uk","clientTransferProhibited","","",""
"6","avofreshprocessors.com","2020-05-07 21:03:40","2020-05-06","2020-05-06","2021-05-06","440","Wild West Domains, LLC","whois.wildwestdomains.com","http://www.wildwestdomains.com","","","","","Nairobi","","Kenya","","","","","","","","","","","","","","","","","","","","","","","","","","","","","","","","","","ns1.tamshi.com","ns2.tamshi.com","ns3.tamshi.com","","clientDeleteProhibited","clientRenewProhibited","clientTransferProhibited","clientUpdateProhibited"
"7","babyabigails.com","2020-05-07 20:51:16","2020-05-05","2020-05-05","2021-05-05","303","PDR Ltd. d/b/a PublicDomainRegistry.com","whois.publicdomainregistry.com","http://www.publicdomainregistry.com","Wanjiru Six Ideas","","Nairobi","Nairobi","Nairobi","00100","Kenya","wanjiru@sixideas.co.ke","+254.738075325","","Wanjiru Six Ideas","","Nairobi","Nairobi","Nairobi","00100","Kenya","wanjiru@sixideas.co.ke","+254.738075325","","Wanjiru Six Ideas","","Nairobi","Nairobi","Nairobi","00100","Kenya","wanjiru@sixideas.co.ke","+254.738075325","","","","","","","","","","","","dns1000.kenyawebexperts.com","dns1001.kenyawebexperts.com","","","clientTransferProhibited","","",""
"8","babyproductskenya.com","2020-05-07 21:21:46","2020-05-06","2020-05-06","2021-05-06","1005","NetEarth One Inc. d/b/a NetEarth","whois.advancedregistrar.com","http://www.netearthone.com","Sam Nyawara","","Nairobi","Nairobi","Nairobi","40100","Kenya","flarehealthinc@gmail.com","+254.717516295","","Sam Nyawara","","Nairobi","Nairobi","Nairobi","40100","Kenya","flarehealthinc@gmail.com","+254.717516295","","Sam Nyawara","","Nairobi","Nairobi","Nairobi","40100","Kenya","flarehealthinc@gmail.com","+254.717516295","","","","","","","","","","","","ns0.sasahost.com","ns369.sasahost.com","ns370.sasahost.com","ns418.sasahost.com","clientTransferProhibited","","",""
"9","bitsandtipscybersec.com","2020-05-07 20:55:31","2020-05-05","2020-05-05","2021-05-05","1005","NetEarth One Inc. d/b/a NetEarth","whois.advancedregistrar.com","http://www.netearthone.com","Bitsandtips Cybersec","","","NA","","00100","Kenya","bnchude@gmail.com","+254.735650570","","Bitsandtips Cybersec","","","NA","","00100","Kenya","bnchude@gmail.com","+254.735650570","","Bitsandtips Cybersec","","","NA","","00100","Kenya","bnchude@gmail.com","+254.735650570","","","","","","","","","","","","ns1.digitalocean.com","ns2.digitalocean.com","ns3.digitalocean.com","","clientTransferProhibited","","",""
"10","capital-millers.com","2020-05-07 19:17:29","2020-05-06","2020-05-06","2021-05-06","1005","NetEarth One Inc. d/b/a NetEarth","whois.advancedregistrar.com","http://www.netearthone.com","Douglas Kirimi","Better Globe ICT","823","Nairobi","Nairobi","00606","Kenya","info@betterglobeictke.com","+254.723432858","","Douglas Kirimi","Better Globe ICT","823","Nairobi","Nairobi","00606","Kenya","info@betterglobeictke.com","+254.723432858","","Douglas Kirimi","Better Globe ICT","823","Nairobi","Nairobi","00606","Kenya","info@betterglobeictke.com","+254.723432858","","","","","","","","","","","","ns0.sasahost.com","ns369.sasahost.com","ns370.sasahost.com","ns418.sasahost.com","clientTransferProhibited","","",""
"11","certtfs.com","2020-05-07 21:07:16","2020-05-06","2020-05-06","2021-05-06","303","PDR Ltd. d/b/a PublicDomainRegistry.com","whois.publicdomainregistry.com","http://www.publicdomainregistry.com","jordan perry","Taylor Webster Inc","290 county road, 4150D","troup","Texas","75789","Kenya","jordanperry2811@gmail.com","+1.2063330803","","jordan perry","Taylor Webster Inc","290 county road, 4150D","troup","Texas","75789","Kenya","jordanperry2811@gmail.com","+1.2063330803","","jordan perry","Taylor Webster Inc","290 county road, 4150D","troup","Texas","75789","Kenya","jordanperry2811@gmail.com","+1.2063330803","","","","","","","","","","","","ns1.dns-parking.com","ns2.dns-parking.com","","","clientTransferProhibited","","",""
"12","cheaphotelandflights.pro","2020-05-07 22:46:31","2020-05-06","2020-05-06","2021-05-06","303","PDR Ltd. d/b/a PublicDomainRegistry.com","whois.publicdomainregistry.com","http://www.publicdomainregistry.com","Not Applicable","Not Applicable","","","Coast","","Kenya","","","","","","","","","","","","","","","","","","","","","","","","","","","","","","","","","","dns1.supremedns.com","dns2.supremedns.com","dns3.supremedns.com","dns4.supremedns.com","addPeriod","clientTransferProhibited","serverTransferProhibited",""
"13","chudemail.com","2020-05-07 19:13:08","2020-05-06","2020-05-06","2021-05-06","1005","NetEarth One Inc. d/b/a NetEarth","whois.advancedregistrar.com","http://www.netearthone.com","ESTHER NDAMBIRI","","Nairobi","Nairobi","Nairobi","00200","Kenya","nonso@chudemail.com","+254.721821943","","ESTHER NDAMBIRI","","Nairobi","Nairobi","Nairobi","00200","Kenya","nonso@chudemail.com","+254.721821943","","ESTHER NDAMBIRI","","Nairobi","Nairobi","Nairobi","00200","Kenya","nonso@chudemail.com","+254.721821943","","","","","","","","","","","","ns0.sasahost.com","ns369.sasahost.com","ns370.sasahost.com","ns418.sasahost.com","clientTransferProhibited","","",""
"14","county-pride.com","2020-05-07 20:22:01","2020-05-05","2020-05-05","2021-05-05","303","PDR Ltd. d/b/a PublicDomainRegistry.com","whois.publicdomainregistry.com","http://www.publicdomainregistry.com","Surfcom International","Surfcom International","p.o box 89","Nairobi","Nairobi","00600","Kenya","ndungo@surfcomkenya.com","+254.254720377925","","Surfcom International","Surfcom International","p.o box 89","Nairobi","Nairobi","00600","Kenya","ndungo@surfcomkenya.com","+254.254720377925","","Surfcom International","Surfcom International","p.o box 89","Nairobi","Nairobi","00600","Kenya","ndungo@surfcomkenya.com","+254.254720377925","","","","","","","","","","","","ns1.eaglehostkenya.com","ns2.eaglehostkenya.com","","","clientTransferProhibited","","",""
"15","dannisfilms.com","2020-05-07 20:32:07","2020-05-05","2020-05-05","2021-05-05","303","PDR Ltd. d/b/a PublicDomainRegistry.com","whois.publicdomainregistry.com","http://www.publicdomainregistry.com","brian munene","","Embakasi, Transami","nairobi","Nairobi","00100","Kenya","ryanmunene79@gmail.com","+254.718937403","","brian munene","","Embakasi, Transami","nairobi","Nairobi","00100","Kenya","ryanmunene79@gmail.com","+254.718937403","","brian munene","","Embakasi, Transami","nairobi","Nairobi","00100","Kenya","ryanmunene79@gmail.com","+254.718937403","","","","","","","","","","","","ns55.kenyawebexperts.com","ns56.kenyawebexperts.com","","","clientTransferProhibited","","",""
"16","derickolalo.info","2020-05-07 18:58:09","2020-05-06","2020-05-06","2021-05-06","1479","Namesilo, LLC","whois.namesilo.com","http://www.namesilo.com","","","","","Nairobi","","Kenya","","","","","","","","","","","","","","","","","","","","","","","","","","","","","","","","","","ns1.cloudoon.com","ns2.cloudoon.com","ns3.cloudoon.com","","addPeriod","clientTransferProhibited","serverTransferProhibited",""
"17","digitecvirtual.com","2020-05-07 21:06:32","2020-05-06","2020-05-06","2021-05-06","303","PDR Ltd. d/b/a PublicDomainRegistry.com","whois.publicdomainregistry.com","http://www.publicdomainregistry.com","Doreen Kisuli","Digitec Limited","P.O.  Box 23675","Nairobi","Nairobi","00100","Kenya","doreenkisuli@gmail.com","+254.725592940","","DEEPAFRICA LIMITED","DEEPAFRICA.COM","72740","NAIROBI","NAIROBI","00200","Kenya","mydomain@deepafrica.com","+254.712500500","","DEEPAFRICA LIMITED","DEEPAFRICA.COM","72740","NAIROBI","NAIROBI","00200","Kenya","mydomain@deepafrica.com","+254.712500500","","","","","","","","","","","","ns722.deepafrica.com","ns723.deepafrica.com","","","clientTransferProhibited","","",""
"18","dmicheni.com","2020-05-07 20:16:02","2020-05-05","2020-05-05","2021-05-05","303","PDR Ltd. d/b/a PublicDomainRegistry.com","whois.publicdomainregistry.com","http://www.publicdomainregistry.com","denis micheni","Sahara Webs","karen Karen","Nairobi","Nairobi","00100","Kenya","demshyna@gmail.com","+254.254723315919","","denis micheni","Sahara Webs","karen Karen","Nairobi","Nairobi","00100","Kenya","demshyna@gmail.com","+254.254723315919","","denis micheni","Sahara Webs","karen Karen","Nairobi","Nairobi","00100","Kenya","demshyna@gmail.com","+254.254723315919","","","","","","","","","","","","dns1.namecheaphosting.com","dns2.namecheaphosting.com","","","clientTransferProhibited","","",""
"19","elgontech.com","2020-05-07 21:04:08","2020-05-06","2020-05-06","2021-05-06","303","PDR Ltd. d/b/a PublicDomainRegistry.com","whois.publicdomainregistry.com","http://www.publicdomainregistry.com","Levi  Mateba","ElgonTech","295","Kitale","Transzoia-County","00100","Kenya","levimateba@gmail.com","+254.0718273291","","Levi  Mateba","ElgonTech","295","Kitale","Transzoia-County","00100","Kenya","levimateba@gmail.com","+254.0718273291","","Levi  Mateba","ElgonTech","295","Kitale","Transzoia-County","00100","Kenya","levimateba@gmail.com","+254.0718273291","","","","","","","","","","","","dns1000.kenyawebexperts.com","dns1001.kenyawebexperts.com","","","clientTransferProhibited","","",""
"20","elimu-resources.com","2020-05-07 21:17:51","2020-05-06","2020-05-06","2021-05-06","1479","Namesilo, LLC","whois.namesilo.com","http://www.namesilo.com","Otanga Otieno","","Nairobi Parklands","Nairobi","Nairobi","766","Kenya","otieno.otanga@gmail.com","+254.794214643","","Otanga Otieno","","Nairobi Parklands","Nairobi","Nairobi","766","Kenya","otieno.otanga@gmail.com","+254.794214643","","Otanga Otieno","","Nairobi Parklands","Nairobi","Nairobi","766","Kenya","otieno.otanga@gmail.com","+254.794214643","","","","","","","","","","","","ns1.dns-parking.com","ns2.dns-parking.com","","","clientTransferProhibited","","",""
"21","essayburstwriters.com","2020-05-07 21:16:16","2020-05-06","2020-05-06","2021-05-06","1479","Namesilo, LLC","whois.namesilo.com","http://www.namesilo.com","Franics Okello","","304-40603","Nairobi","Nairobi","00100","Kenya","nyadenge13@yahoo.com","+254.710245321","","Franics Okello","","304-40603","Nairobi","Nairobi","00100","Kenya","nyadenge13@yahoo.com","+254.710245321","","Franics Okello","","304-40603","Nairobi","Nairobi","00100","Kenya","nyadenge13@yahoo.com","+254.710245321","","","","","","","","","","","","ns1.fbrandhosting.com","ns2.fbrandhosting.com","","","clientTransferProhibited","","",""
"22","gachoki.com","2020-05-07 21:21:22","2020-05-06","2020-05-06","2021-05-06","303","PDR Ltd. d/b/a PublicDomainRegistry.com","whois.publicdomainregistry.com","http://www.publicdomainregistry.com","Evans Gachoki","Atlantis Creative Studios","Box 16817","Nairobi","Nairobi","00100","Kenya","evansgachoki@gmail.com","+254.723840870","","Evans Gachoki","Atlantis Creative Studios","Box 16817","Nairobi","Nairobi","00100","Kenya","evansgachoki@gmail.com","+254.723840870","","Evans Gachoki","Atlantis Creative Studios","Box 16817","Nairobi","Nairobi","00100","Kenya","evansgachoki@gmail.com","+254.723840870","","","","","","","","","","","","carl.ns.cloudflare.com","nola.ns.cloudflare.com","","","clientTransferProhibited","","",""
"23","gfxmarket4.com","2020-05-07 19:30:49","2020-05-05","2020-05-05","2021-05-05","106","Ascio Technologies, Inc. Danmark - Filial af Ascio technologies, Inc. USA","whois.ascio.com","http://www.ascio.com","Not Disclosed","Not Disclosed","Not Disclosed","Not Disclosed","","Not Disclosed","Kenya","","Not Disclosed","Not Disclosed","Not Disclosed","Not Disclosed","Not Disclosed","Not Disclosed","Not Disclosed","Not Disclosed","Not Disclosed","","Not Disclosed","Not Disclosed","Not Disclosed","Not Disclosed","Not Disclosed","Not Disclosed","Not Disclosed","Not Disclosed","Not Disclosed","","Not Disclosed","Not Disclosed","","","","","","","","","","","dns1.123hjemmeside.dk","dns2.123hjemmeside.dk","dns3.123hjemmeside.dk","","OK","","",""
"24","hablo.systems","2020-05-07 02:47:56","2020-05-04","2020-05-04","2021-05-04","303","PDR Ltd. d/b/a PublicDomainRegistry.com","whois.publicdomainregistry.com","http://www.publicdomainregistry.com","REDACTED FOR PRIVACY","Automatika","REDACTED FOR PRIVACY","REDACTED FOR PRIVACY","Nairobi","REDACTED FOR PRIVACY","Kenya","","REDACTED FOR PRIVACY","REDACTED FOR PRIVACY","","","","","","","","","","","","","","","","","","","","","","","","","","","","","","","","","","","addPeriod","clientTransferProhibited","",""
"25","hakisha.com","2020-05-07 20:08:52","2020-05-05","2020-05-05","2021-05-05","886","Domain.com, LLC","whois.domain.com","http://www.domain.com","REDACTED FOR PRIVACY","REDACTED FOR PRIVACY","REDACTED FOR PRIVACY","REDACTED FOR PRIVACY","NA","REDACTED FOR PRIVACY","Kenya","","REDACTED FOR PRIVACY","REDACTED FOR PRIVACY","REDACTED FOR PRIVACY","REDACTED FOR PRIVACY","REDACTED FOR PRIVACY","REDACTED FOR PRIVACY","REDACTED FOR PRIVACY","REDACTED FOR PRIVACY","REDACTED FOR PRIVACY","","REDACTED FOR PRIVACY","REDACTED FOR PRIVACY","REDACTED FOR PRIVACY","REDACTED FOR PRIVACY","REDACTED FOR PRIVACY","REDACTED FOR PRIVACY","REDACTED FOR PRIVACY","REDACTED FOR PRIVACY","REDACTED FOR PRIVACY","","REDACTED FOR PRIVACY","REDACTED FOR PRIVACY","","","","","","","","","","","ns1.netfirms.com","ns2.netfirms.com","","","","","",""
"26","handyelectricals.com","2020-05-07 21:09:38","2020-05-06","2020-05-06","2021-05-06","146","GoDaddy.com, LLC","whois.godaddy.com","http://registrar.godaddy.com","","","","","Nairobi","","Kenya","","","","","","","","","","","","","","","","","","","","","","","","","","","","","","","","","","ns19.domaincontrol.com","ns20.domaincontrol.com","","","clientDeleteProhibited","clientRenewProhibited","clientTransferProhibited","clientUpdateProhibited"
"27","hoursfordollars.com","2020-05-07 19:13:37","2020-05-06","2020-05-06","2021-05-06","146","GoDaddy.com, LLC","whois.godaddy.com","http://registrar.godaddy.com","FileDip","FileDip","","","Nairobi","","Kenya","","","","","","","","","","","","","","","","","","","","","","","","","","","","","","","","","","ns71.domaincontrol.com","ns72.domaincontrol.com","","","clientDeleteProhibited","clientRenewProhibited","clientTransferProhibited","clientUpdateProhibited"
"28","jeffaludo.com","2020-05-07 19:15:10","2020-05-06","2020-05-06","2021-05-06","1005","NetEarth One Inc. d/b/a NetEarth","whois.advancedregistrar.com","http://www.netearthone.com","Anthony  Nderitu","","73492","Nairobi","Nairobi","00200","Kenya","nderituantony@gmail.com","+254.0724024236","","Anthony  Nderitu","","73492","Nairobi","Nairobi","00200","Kenya","nderituantony@gmail.com","+254.0724024236","","Anthony  Nderitu","","73492","Nairobi","Nairobi","00200","Kenya","nderituantony@gmail.com","+254.0724024236","","","","","","","","","","","","ns0.sasahost.com","ns369.sasahost.com","ns370.sasahost.com","ns418.sasahost.com","clientTransferProhibited","","",""
"29","jmgachmax.com","2020-05-07 21:05:47","2020-05-06","2020-05-07","2021-05-06","1479","Namesilo, LLC","whois.namesilo.com","http://www.namesilo.com","PETER JOSHUA","","HURUMA","NAIROBI","NAIROBI","10107","Kenya","gitongap681@gmail.com","+254.726628031","","PETER JOSHUA","","HURUMA","NAIROBI","NAIROBI","10107","Kenya","gitongap681@gmail.com","+254.726628031","","PETER JOSHUA","","HURUMA","NAIROBI","NAIROBI","10107","Kenya","gitongap681@gmail.com","+254.726628031","","","","","","","","","","","","ns1.cloudoon.com","ns2.cloudoon.com","ns3.cloudoon.com","","clientTransferProhibited","","",""
"30","kenwing-express.com","2020-05-07 20:15:47","2020-05-05","2020-05-06","2021-05-05","1316","35 Technology Co., Ltd.","whois.35.com","http://www.35.com","","","","Nairobi","Nairobi","","Kenya","","","","","","","","","","","","","","","","","","","","","","","","","","","","","","","","","","ns3.dns-diy.com","ns4.dns-diy.com","","","OK","","",""
"31","kilimaview.com","2020-05-07 01:36:48","2020-05-04","2020-05-04","2021-05-04","146","GoDaddy.com, LLC","whois.godaddy.com","http://registrar.godaddy.com","Financial Services","Financial Services","","","Kiambu","","Kenya","","","","","","","","","","","","","","","","","","","","","","","","","","","","","","","","","","ns49.domaincontrol.com","ns50.domaincontrol.com","","","clientDeleteProhibited","clientRenewProhibited","clientTransferProhibited","clientUpdateProhibited"
"32","kioneki.industries","2020-05-07 06:20:17","2020-05-04","2020-05-04","2021-05-04","146","GoDaddy.com, LLC","whois.godaddy.com","http://registrar.godaddy.com","REDACTED FOR PRIVACY","","REDACTED FOR PRIVACY","REDACTED FOR PRIVACY","kenya","REDACTED FOR PRIVACY","Kenya","","REDACTED FOR PRIVACY","REDACTED FOR PRIVACY","","","","","","","","","","","","","","","","","","","","","","","","","","","","","","","","","","","addPeriod","clientDeleteProhibited","clientRenewProhibited","clientTransferProhibited"
"33","lamexonlimited.com","2020-05-07 01:19:04","2020-05-04","2020-05-04","2021-05-04","303","PDR Ltd. d/b/a PublicDomainRegistry.com","whois.publicdomainregistry.com","http://www.publicdomainregistry.com","Peter Lemaron","Lamexon Limited","81365","Mombasa","Bamburi","80100","Kenya","lamexonlimited@gmail.com","+254.717456520","","Peter Lemaron","Lamexon Limited","81365","Mombasa","Bamburi","80100","Kenya","lamexonlimited@gmail.com","+254.717456520","","Peter Lemaron","Lamexon Limited","81365","Mombasa","Bamburi","80100","Kenya","lamexonlimited@gmail.com","+254.717456520","","","","","","","","","","","","ns1.sinosoft.guru","ns2.sinosoft.guru","","","clientTransferProhibited","","",""
"34","lifeline-africa.com","2020-05-07 21:12:59","2020-05-06","2020-05-06","2021-05-06","146","GoDaddy.com, LLC","whois.godaddy.com","http://registrar.godaddy.com","","","","","England","","Kenya","","","","","","","","","","","","","","","","","","","","","","","","","","","","","","","","","","ns73.domaincontrol.com","ns74.domaincontrol.com","","","clientDeleteProhibited","clientRenewProhibited","clientTransferProhibited","clientUpdateProhibited"
"35","mamboonlineltd.com","2020-05-07 01:35:23","2020-05-04","2020-05-04","2021-05-04","303","PDR Ltd. d/b/a PublicDomainRegistry.com","whois.publicdomainregistry.com","http://www.publicdomainregistry.com","startappz ke","startappzke","Nairobi","Nairobi","Nairobi","00100","Kenya","startappzke@gmail.com","+254.254714587500","","startappz ke","startappzke","Nairobi","Nairobi","Nairobi","00100","Kenya","startappzke@gmail.com","+254.254714587500","","startappz ke","startappzke","Nairobi","Nairobi","Nairobi","00100","Kenya","startappzke@gmail.com","+254.254714587500","","","","","","","","","","","","ns53.kenyawebexperts.com","ns54.kenyawebexperts.com","","","clientTransferProhibited","","",""
"36","mizigolb.com","2020-05-07 20:22:55","2020-05-05","2020-05-05","2021-05-05","303","PDR Ltd. d/b/a PublicDomainRegistry.com","whois.publicdomainregistry.com","http://www.publicdomainregistry.com","Cephas Ochich","ShuleCool","P.O. BO 378 Oyugis","Oyugis","Oyugis","40222","Kenya","ochichodak@gmail.com","+254.721408808","","Cephas Ochich","ShuleCool","P.O. BO 378 Oyugis","Oyugis","Oyugis","40222","Kenya","ochichodak@gmail.com","+254.721408808","","Cephas Ochich","ShuleCool","P.O. BO 378 Oyugis","Oyugis","Oyugis","40222","Kenya","ochichodak@gmail.com","+254.721408808","","","","","","","","","","","","ns1.stackdns.com","ns2.stackdns.com","","","clientTransferProhibited","","",""
"37","noemade.com","2020-05-07 21:25:11","2020-05-06","2020-05-06","2021-05-06","1005","NetEarth One Inc. d/b/a NetEarth","whois.advancedregistrar.com","http://www.netearthone.com","Brenda Owino","spsa","nairobi 502","Nairobi","kenya","00100","Kenya","brendaowino@yahoo.com","+254.726345506","","Brenda Owino","spsa","nairobi 502","Nairobi","kenya","00100","Kenya","brendaowino@yahoo.com","+254.726345506","","Brenda Owino","spsa","nairobi 502","Nairobi","kenya","00100","Kenya","brendaowino@yahoo.com","+254.726345506","","","","","","","","","","","","ns0.sasahost.com","ns369.sasahost.com","ns370.sasahost.com","ns418.sasahost.com","clientTransferProhibited","","",""
"38","rentalkenya.com","2020-05-07 19:32:29","2020-05-05","2020-05-05","2021-05-05","303","PDR Ltd. d/b/a PublicDomainRegistry.com","whois.publicdomainregistry.com","http://www.publicdomainregistry.com","Ronald Mosomi","roberms","103075","Nairobi","Nairobi","00100","Kenya","ronidad@gmail.com","+254.254725029795","","Ronald Mosomi","roberms","103075","Nairobi","Nairobi","00100","Kenya","ronidad@gmail.com","+254.254725029795","","Ronald Mosomi","roberms","103075","Nairobi","Nairobi","00100","Kenya","ronidad@gmail.com","+254.254725029795","","","","","","","","","","","","dns1000.kenyawebexperts.com","dns1001.kenyawebexperts.com","","","clientTransferProhibited","","",""
"39","shemjen.com","2020-05-07 20:11:03","2020-05-05","2020-05-05","2021-05-05","1005","NetEarth One Inc. d/b/a NetEarth","whois.advancedregistrar.com","http://www.netearthone.com","Phelix Ochieng A.","AceXtreme Solutions","58118","Nairobi","Nairobi","00200","Kenya","phelixochieng@gmail.com","+254.717065368","","Phelix Ochieng A.","AceXtreme Solutions","58118","Nairobi","Nairobi","00200","Kenya","phelixochieng@gmail.com","+254.717065368","","Phelix Ochieng A.","AceXtreme Solutions","58118","Nairobi","Nairobi","00200","Kenya","phelixochieng@gmail.com","+254.717065368","","","","","","","","","","","","ns0.sasahost.com","ns369.sasahost.com","ns370.sasahost.com","ns418.sasahost.com","clientTransferProhibited","","",""
"40","shrillonline.com","2020-05-07 19:17:34","2020-05-06","2020-05-06","2021-05-06","146","GoDaddy.com, LLC","whois.godaddy.com","http://registrar.godaddy.com","","","","","mombasa","","Kenya","","","","","","","","","","","","","","","","","","","","","","","","","","","","","","","","","","ns31.domaincontrol.com","ns32.domaincontrol.com","","","clientDeleteProhibited","clientRenewProhibited","clientTransferProhibited","clientUpdateProhibited"
"41","sitelogisticsconsult.com","2020-05-07 21:21:14","2020-05-06","2020-05-06","2021-05-06","303","PDR Ltd. d/b/a PublicDomainRegistry.com","whois.publicdomainregistry.com","http://www.publicdomainregistry.com","Muriithi Njau","","100574","Nairobi","Nairobi","00101","Kenya","muriithi.njau@gmail.com","+254.0723173399","","DEEPAFRICA LIMITED","DEEPAFRICA.COM","72740","NAIROBI","NAIROBI","00200","Kenya","mydomain@deepafrica.com","+254.712500500","","DEEPAFRICA LIMITED","DEEPAFRICA.COM","72740","NAIROBI","NAIROBI","00200","Kenya","mydomain@deepafrica.com","+254.712500500","","","","","","","","","","","","ns722.deepafrica.com","ns723.deepafrica.com","","","clientTransferProhibited","","",""
"42","smatfon.com","2020-05-07 20:56:39","2020-05-06","2020-05-07","2021-05-06","1479","Namesilo, LLC","whois.namesilo.com","http://www.namesilo.com","Erickson Kipkoech","","Zimmerman cooperative bank","Nairobi","Central","28","Kenya","kipkoecherickson@gmail.com","+254.718569628","","Erickson Kipkoech","","Zimmerman cooperative bank","Nairobi","Central","28","Kenya","kipkoecherickson@gmail.com","+254.718569628","","Erickson Kipkoech","","Zimmerman cooperative bank","Nairobi","Central","28","Kenya","kipkoecherickson@gmail.com","+254.718569628","","","","","","","","","","","","corporate.vip41.noc40.com","corporate.vip42.noc40.com","","","clientTransferProhibited","","",""
"43","southernsuntrading.net","2020-05-07 05:41:30","2020-05-05","2020-05-05","2021-05-05","303","PDR Ltd. d/b/a PublicDomainRegistry.com","whois.publicdomainregistry.com","http://www.publicdomainregistry.com","Jeff Bwonda","Impel Technology","27614","Nairobi","Kenya","00100","Kenya","wynnjeff@gmail.com","+254.0724888787","","Jeff Bwonda","Impel Technology","27614","Nairobi","Kenya","00100","Kenya","wynnjeff@gmail.com","+254.0724888787","","Jeff Bwonda","Impel Technology","27614","Nairobi","Kenya","00100","Kenya","wynnjeff@gmail.com","+254.0724888787","","","","","","","","","","","","ns53.kenyawebexperts.com","ns54.kenyawebexperts.com","","","clientTransferProhibited","","",""
"44","spider-books.com","2020-05-07 20:56:33","2020-05-06","2020-05-07","2021-05-06","1479","Namesilo, LLC","whois.namesilo.com","http://www.namesilo.com","James Erick","","Executive estate, south b, Nairobi","Nairobi","Nairobi Area","00001","Kenya","james.erick156@gmail.com","+254.742978111","","James Erick","","Executive estate, south b, Nairobi","Nairobi","Nairobi Area","00001","Kenya","james.erick156@gmail.com","+254.742978111","","James Erick","","Executive estate, south b, Nairobi","Nairobi","Nairobi Area","00001","Kenya","james.erick156@gmail.com","+254.742978111","","","","","","","","","","","","ns1.cloudoon.com","ns2.cloudoon.com","ns3.cloudoon.com","","clientTransferProhibited","","",""
"45","stanffordconstruction.com","2020-05-07 21:07:09","2020-05-06","2020-05-06","2021-05-06","303","PDR Ltd. d/b/a PublicDomainRegistry.com","whois.publicdomainregistry.com","http://www.publicdomainregistry.com","Kenya Website Experts","","12198","Nairobi","Nairobi","00400","Kenya","info@kenyawebexperts.com","+254.722209414","","Kenya Website Experts","","12198","Nairobi","Nairobi","00400","Kenya","info@kenyawebexperts.com","+254.722209414","","Kenya Website Experts","","12198","Nairobi","Nairobi","00400","Kenya","info@kenyawebexperts.com","+254.722209414","","","","","","","","","","","","ns1.websiteserverbox.com","ns2.websiteserverbox.com","ns3.websiteserverbox.com","","clientTransferProhibited","","",""
"46","stechaide.com","2020-05-07 20:52:12","2020-05-05","2020-05-05","2021-05-05","303","PDR Ltd. d/b/a PublicDomainRegistry.com","whois.publicdomainregistry.com","http://www.publicdomainregistry.com","SIMON MUMO","Stechaide Techno solution","00100","NAIROBI","NAIROBI","00200","Kenya","mumosimon70@gmail.com","+254.0774854887","","SIMON MUMO","Stechaide Techno solution","00100","NAIROBI","NAIROBI","00200","Kenya","mumosimon70@gmail.com","+254.0774854887","","SIMON MUMO","Stechaide Techno solution","00100","NAIROBI","NAIROBI","00200","Kenya","mumosimon70@gmail.com","+254.0774854887","","","","","","","","","","","","dns1000.kenyawebexperts.com","dns1001.kenyawebexperts.com","","","clientTransferProhibited","","",""
"47","strimapp.com","2020-05-07 20:58:05","2020-05-06","2020-05-06","2021-05-06","303","PDR Ltd. d/b/a PublicDomainRegistry.com","whois.publicdomainregistry.com","http://www.publicdomainregistry.com","rotich victor","vyrosoft it consultants","1243","nairobi","nairobi","00900","Kenya","vyrosoft@gmail.com","+254.0725202227","","rotich victor","vyrosoft it consultants","1243","nairobi","nairobi","00900","Kenya","vyrosoft@gmail.com","+254.0725202227","","rotich victor","vyrosoft it consultants","1243","nairobi","nairobi","00900","Kenya","vyrosoft@gmail.com","+254.0725202227","","","","","","","","","","","","ns1.hostblast.net","ns2.hostblast.net","","","clientTransferProhibited","","",""
"48","supertrixevents.net","2020-05-07 05:43:45","2020-05-05","2020-05-05","2021-05-05","146","GoDaddy.com, LLC","whois.godaddy.com","http://registrar.godaddy.com","Supettrix","Supettrix","","","Kenya","","Kenya","","","","","","","","","","","","","","","","","","","","","","","","","","","","","","","","","","ns63.domaincontrol.com","ns64.domaincontrol.com","","","clientDeleteProhibited","clientRenewProhibited","clientTransferProhibited","clientUpdateProhibited"
"49","tambulance.com","2020-05-07 20:11:21","2020-05-05","2020-05-05","2021-05-05","303","PDR Ltd. d/b/a PublicDomainRegistry.com","whois.publicdomainregistry.com","http://www.publicdomainregistry.com","Sir.  J. A","BrandAgic, Inc.","12198","Nairobi","Nairobi","20100","Kenya","brandagic.com@gmail.com","+254.202017870","","Sir.  J. A","BrandAgic, Inc.","12198","Nairobi","Nairobi","20100","Kenya","brandagic.com@gmail.com","+254.202017870","","Sir.  J. A","BrandAgic, Inc.","12198","Nairobi","Nairobi","20100","Kenya","brandagic.com@gmail.com","+254.202017870","","","","","","","","","","","","ns53.kenyawebexperts.com","ns54.kenyawebexperts.com","","","clientTransferProhibited","","",""
"50","tanagroupltd.com","2020-05-07 19:22:51","2020-05-06","2020-05-06","2023-05-06","146","GoDaddy.com, LLC","whois.godaddy.com","http://registrar.godaddy.com","","","","","Nairobi","","Kenya","","","","","","","","","","","","","","","","","","","","","","","","","","","","","","","","","","ns71.domaincontrol.com","ns72.domaincontrol.com","","","clientDeleteProhibited","clientRenewProhibited","clientTransferProhibited","clientUpdateProhibited"
"51","teambuildingtrainersuganda.com","2020-05-07 20:56:37","2020-05-06","2020-05-06","2021-05-06","303","PDR Ltd. d/b/a PublicDomainRegistry.com","whois.publicdomainregistry.com","http://www.publicdomainregistry.com","Masai Safaris","Masai Africa Safaris","NAIROBI","NAIROBI","NAIROBI","00100","Kenya","kkamaukariuki@gmail.com","+254.703495099","","Masai Safaris","Masai Africa Safaris","NAIROBI","NAIROBI","NAIROBI","00100","Kenya","kkamaukariuki@gmail.com","+254.703495099","","Masai Safaris","Masai Africa Safaris","NAIROBI","NAIROBI","NAIROBI","00100","Kenya","kkamaukariuki@gmail.com","+254.703495099","","","","","","","","","","","","dns1000.kenyawebexperts.com","dns1001.kenyawebexperts.com","","","clientTransferProhibited","","",""
"52","thebarrylabs.com","2020-05-07 20:14:43","2020-05-05","2020-05-06","2021-05-05","1479","Namesilo, LLC","whois.namesilo.com","http://www.namesilo.com","Imran Barissa","","Off Thika superhighway, Ruiru","Nairobi","Nairobi","43844-00100","Kenya","imranbarissa@gmail.com","+254.718895455","","Imran Barissa","","Off Thika superhighway, Ruiru","Nairobi","Nairobi","43844-00100","Kenya","imranbarissa@gmail.com","+254.718895455","","Imran Barissa","","Off Thika superhighway, Ruiru","Nairobi","Nairobi","43844-00100","Kenya","imranbarissa@gmail.com","+254.718895455","","","","","","","","","","","","ns1.cloudoon.com","ns2.cloudoon.com","ns3.cloudoon.com","","clientTransferProhibited","","",""
"53","thetealconcept.com","2020-05-07 19:17:13","2020-05-06","2020-05-07","2021-05-06","1479","Namesilo, LLC","whois.namesilo.com","http://www.namesilo.com","Samuel Andeka","","81178","Mombasa","81178","00100","Kenya","samuelandeka@yahoo.com","+254.726555723","","Samuel Andeka","","81178","Mombasa","81178","00100","Kenya","samuelandeka@yahoo.com","+254.726555723","","Samuel Andeka","","81178","Mombasa","81178","00100","Kenya","samuelandeka@yahoo.com","+254.726555723","","","","","","","","","","","","ns1.cloudoon.com","ns2.cloudoon.com","ns3.cloudoon.com","","clientTransferProhibited","","",""
"54","tiktwerk.com","2020-05-07 20:34:36","2020-05-05","2020-05-06","2021-05-05","1479","Namesilo, LLC","whois.namesilo.com","http://www.namesilo.com","paddy yoosin","","nairobi nairobi","nairobi","kenya","na","Kenya","yoosinpaddyrop@gmail.com","+254.726569597","","paddy yoosin","","nairobi nairobi","nairobi","kenya","na","Kenya","yoosinpaddyrop@gmail.com","+254.726569597","","paddy yoosin","","nairobi nairobi","nairobi","kenya","na","Kenya","yoosinpaddyrop@gmail.com","+254.726569597","","","","","","","","","","","","ns1.cloudoon.com","ns2.cloudoon.com","ns3.cloudoon.com","","clientTransferProhibited","","",""
"55","tiltonpaclflc.com","2020-05-07 21:05:23","2020-05-06","2020-05-06","2021-05-06","303","PDR Ltd. d/b/a PublicDomainRegistry.com","whois.publicdomainregistry.com","http://www.publicdomainregistry.com","jordan perry","Taylor Webster Inc","290 county road, 4150D","troup","Texas","75789","Kenya","jordanperry2811@gmail.com","+1.2063330803","","jordan perry","Taylor Webster Inc","290 county road, 4150D","troup","Texas","75789","Kenya","jordanperry2811@gmail.com","+1.2063330803","","jordan perry","Taylor Webster Inc","290 county road, 4150D","troup","Texas","75789","Kenya","jordanperry2811@gmail.com","+1.2063330803","","","","","","","","","","","","ns1.dns-parking.com","ns2.dns-parking.com","","","clientTransferProhibited","","",""
"56","timelyhomes.com","2020-05-07 21:17:49","2020-05-06","2020-05-06","2021-05-06","1479","Namesilo, LLC","whois.namesilo.com","http://www.namesilo.com","Dennis Baru","","Nairobi","Nairobi","Nairobi","00100","Kenya","eariseweb@gmail.com","+254.07243323210712345670","","Dennis Baru","","Nairobi","Nairobi","Nairobi","00100","Kenya","eariseweb@gmail.com","+254.07243323210712345670","","Dennis Baru","","Nairobi","Nairobi","Nairobi","00100","Kenya","eariseweb@gmail.com","+254.07243323210712345670","","","","","","","","","","","","ns1.cloudoon.com","ns2.cloudoon.com","ns3.cloudoon.com","","clientTransferProhibited","","",""
"57","ubunifi.com","2020-05-07 01:27:44","2020-05-04","2020-05-04","2021-05-04","303","PDR Ltd. d/b/a PublicDomainRegistry.com","whois.publicdomainregistry.com","http://www.publicdomainregistry.com","Humphrey Lumbugu","Handfree","28666","Nairobi","Nairobi","00100","Kenya","lumbuguodongo@gmail.com","+254.254726400632","","Humphrey Lumbugu","Handfree","28666","Nairobi","Nairobi","00100","Kenya","lumbuguodongo@gmail.com","+254.254726400632","","Humphrey Lumbugu","Handfree","28666","Nairobi","Nairobi","00100","Kenya","lumbuguodongo@gmail.com","+254.254726400632","","","","","","","","","","","","dns1001.kenyawebexperts.com","ns3.cloudoon.com","","","clientTransferProhibited","","",""
"58","unifilterstore.com","2020-05-07 21:17:39","2020-05-06","2020-05-06","2021-05-06","146","GoDaddy.com, LLC","whois.godaddy.com","http://registrar.godaddy.com","Unifilters Kenya Ltd","Unifilters Kenya Ltd","","","Nairobi","","Kenya","","","","","","","","","","","","","","","","","","","","","","","","","","","","","","","","","","ns59.domaincontrol.com","ns60.domaincontrol.com","","","clientDeleteProhibited","clientRenewProhibited","clientTransferProhibited","clientUpdateProhibited"
"59","voyagedamoursafaris.net","2020-05-07 05:36:29","2020-05-05","2020-05-06","2021-05-05","1479","Namesilo, LLC","whois.namesilo.com","http://www.namesilo.com","D'amour Safaris","","Westlands Westlands","Nairobi","Kenya","00100","Kenya","voyagedamoursafaris@gmail.com","+254.771794927","","D'amour Safaris","","Westlands Westlands","Nairobi","Kenya","00100","Kenya","voyagedamoursafaris@gmail.com","+254.771794927","","D'amour Safaris","","Westlands Westlands","Nairobi","Kenya","00100","Kenya","voyagedamoursafaris@gmail.com","+254.771794927","","","","","","","","","","","","ns1.cloudoon.com","ns2.cloudoon.com","ns3.cloudoon.com","","clientTransferProhibited","","",""
"60","wibipoza.com","2020-05-07 20:02:09","2020-05-05","2020-05-05","2021-05-05","303","PDR Ltd. d/b/a PublicDomainRegistry.com","whois.publicdomainregistry.com","http://www.publicdomainregistry.com","Dominic Nyambane","","00100","Nairobi","Nairobi","00100","Kenya","postysensa@gmail.com","+254.743641064","","Dominic Nyambane","","00100","Nairobi","Nairobi","00100","Kenya","postysensa@gmail.com","+254.743641064","","Dominic Nyambane","","00100","Nairobi","Nairobi","00100","Kenya","postysensa@gmail.com","+254.743641064","","","","","","","","","","","","ns1.us12.tmd.cloud","ns2.us12.tmd.cloud","","","clientTransferProhibited","","",""
"61","writerjuma.com","2020-05-07 20:37:14","2020-05-05","2020-05-05","2021-05-05","146","GoDaddy.com, LLC","whois.godaddy.com","http://registrar.godaddy.com","writerjuma","writerjuma","","","Nairobi County","","Kenya","","","","","","","","","","","","","","","","","","","","","","","","","","","","","","","","","","ns8133.hostgator.com","ns8134.hostgator.com","","","clientDeleteProhibited","clientRenewProhibited","clientTransferProhibited","clientUpdateProhibited"