"num","domain_name","query_time","create_date","update_date","expiry_date","domain_registrar_id","domain_registrar_name","domain_registrar_whois","domain_registrar_url","registrant_name","registrant_company","registrant_address","registrant_city","registrant_state","registrant_zip","registrant_country","registrant_email","registrant_phone","registrant_fax","administrative_name","administrative_company","administrative_address","administrative_city","administrative_state","administrative_zip","administrative_country","administrative_email","administrative_phone","administrative_fax","technical_name","technical_company","technical_address","technical_city","technical_state","technical_zip","technical_country","technical_email","technical_phone","technical_fax","billing_name","billing_company","billing_address","billing_city","billing_state","billing_zip","billing_country","billing_email","billing_phone","billing_fax","name_server_1","name_server_2","name_server_3","name_server_4","domain_status_1","domain_status_2","domain_status_3","domain_status_4"
"1","elamad-solutions.com","2020-05-07 21:03:38","2020-05-06","2021-05-06","2021-05-06","1378","Hosteur SARL","whois.com.ua","http://www.hosteur.com","simon  simon","elamad asso","immeuble mimosa_ village des jeux ankorondrano- antananarivo ,","antananarivo","","101","Madagascar","domain@madagascar-internet.com","+261.340524959","","simon  simon","elamad asso","immeuble mimosa_ village des jeux ankorondrano- antananarivo ,","antananarivo","","101","Madagascar","domain@madagascar-internet.com","+261.340524959","","simon  simon","elamad asso","immeuble mimosa_ village des jeux ankorondrano- antananarivo ,","antananarivo","","101","Madagascar","domain@madagascar-internet.com","+261.340524959","","","","","","","","","","","","ns1.servermada.com","ns2.servermada.com","","","clientRenewProhibited","clientTransferProhibited","",""
"2","mity-agency.com","2020-05-07 19:19:11","2020-05-06","2020-05-06","2021-05-06","1630","Ligne Web Services SARL","whois.nic.fr","http://www.ait.com","","","","","","","Madagascar","fc8c6a258ce68f287300b51344475452@whois-anonymous.com","","","","","","","","","Madagascar","fc8c6a258ce68f287300b51344475452@whois-anonymous.com","","","","","","","","","Madagascar","fc8c6a258ce68f287300b51344475452@whois-anonymous.com","","","","","","","","","Madagascar","fc8c6a258ce68f287300b51344475452@whois-anonymous.com","","","","","","","More","clientTransferProhibited","informations","on"
"3","monredacteurseo.com","2020-05-07 21:06:47","2020-05-06","2020-05-06","2021-05-06","48","eNom, Inc.","whois.enom.com","http://www.enom.com","REDACTED FOR PRIVACY","REDACTED FOR PRIVACY","REDACTED FOR PRIVACY","REDACTED FOR PRIVACY","REDACTED FOR PRIVACY","REDACTED FOR PRIVACY","Madagascar","","REDACTED FOR PRIVACY","REDACTED FOR PRIVACY","REDACTED FOR PRIVACY","REDACTED FOR PRIVACY","REDACTED FOR PRIVACY","REDACTED FOR PRIVACY","REDACTED FOR PRIVACY","REDACTED FOR PRIVACY","REDACTED FOR PRIVACY","","REDACTED FOR PRIVACY","REDACTED FOR PRIVACY","REDACTED FOR PRIVACY","REDACTED FOR PRIVACY","REDACTED FOR PRIVACY","REDACTED FOR PRIVACY","REDACTED FOR PRIVACY","REDACTED FOR PRIVACY","REDACTED FOR PRIVACY","","REDACTED FOR PRIVACY","REDACTED FOR PRIVACY","","","","","","","","","","","ns1.cloudns.io","ns2.cloudns.io","","","addPeriod","clientTransferProhibited","",""
"4","nueva-vision.net","2020-05-07 23:12:42","2020-05-06","2020-05-06","2021-05-06","433","OVH sas","whois.ovh.com","http://www.ovh.com","REDACTED FOR PRIVACY","","REDACTED FOR PRIVACY","REDACTED FOR PRIVACY","","REDACTED FOR PRIVACY","Madagascar","18u0ue62rr5aqctwcc1i@g.o-w-o.info","REDACTED FOR PRIVACY","REDACTED FOR PRIVACY","REDACTED FOR PRIVACY","REDACTED FOR PRIVACY","REDACTED FOR PRIVACY","REDACTED FOR PRIVACY","REDACTED FOR PRIVACY","REDACTED FOR PRIVACY","REDACTED FOR PRIVACY","r7rp8kw3a8bxp2xxj3wm@f.o-w-o.info","REDACTED FOR PRIVACY","REDACTED FOR PRIVACY","REDACTED FOR PRIVACY","REDACTED FOR PRIVACY","REDACTED FOR PRIVACY","REDACTED FOR PRIVACY","REDACTED FOR PRIVACY","REDACTED FOR PRIVACY","REDACTED FOR PRIVACY","r7rp8kw3a8bxp2xxj3wm@f.o-w-o.info","REDACTED FOR PRIVACY","REDACTED FOR PRIVACY","","","","","","","","","","","dns111.ovh.net","ns111.ovh.net","","","clientDeleteProhibited","clientTransferProhibited","",""
"5","tanjoniaina.com","2020-05-07 20:08:36","2020-05-05","2020-05-05","2021-05-05","1630","Ligne Web Services SARL","whois.nic.fr","http://www.ait.com","","","","","","","Madagascar","9b84f1c68c09f313865a27df03a07eba@whois-anonymous.com","","","","","","","","","Madagascar","9b84f1c68c09f313865a27df03a07eba@whois-anonymous.com","","","","","","","","","Madagascar","9b84f1c68c09f313865a27df03a07eba@whois-anonymous.com","","","","","","","","","Madagascar","9b84f1c68c09f313865a27df03a07eba@whois-anonymous.com","","","","","","","More","clientTransferProhibited","informations","on"
"6","ucls.info","2020-05-07 23:21:21","2020-05-06","2020-05-06","2022-05-06","2","Network Solutions, LLC","whois.networksolutions.com","http://networksolutions.com","","","","","","","Madagascar","","","","","","","","","","","","","","","","","","","","","","","","","","","","","","","","","","ns6.wixdns.net","ns7.wixdns.net","","","addPeriod","clientTransferProhibited","serverTransferProhibited",""