"num","domain_name","query_time","create_date","update_date","expiry_date","domain_registrar_id","domain_registrar_name","domain_registrar_whois","domain_registrar_url","registrant_name","registrant_company","registrant_address","registrant_city","registrant_state","registrant_zip","registrant_country","registrant_email","registrant_phone","registrant_fax","administrative_name","administrative_company","administrative_address","administrative_city","administrative_state","administrative_zip","administrative_country","administrative_email","administrative_phone","administrative_fax","technical_name","technical_company","technical_address","technical_city","technical_state","technical_zip","technical_country","technical_email","technical_phone","technical_fax","billing_name","billing_company","billing_address","billing_city","billing_state","billing_zip","billing_country","billing_email","billing_phone","billing_fax","name_server_1","name_server_2","name_server_3","name_server_4","domain_status_1","domain_status_2","domain_status_3","domain_status_4"
"1","apaceinvestment.com","2020-05-07 21:44:51","2020-05-05","2020-05-06","2021-05-04","1052","EuroDNS S.A.","http://whois.rotld.ro","http://www.eurodns.com","Degeler Felix","APACE P.L.C.","60/2 Melita Street","Valletta","","VLT 1122","Malta","office@domains.amfort.com","+356.35505000","","Degeler Felix","APACE P.L.C.","60/2 Melita Street","Valletta","","VLT 1122","Malta","office@domains.amfort.com","+356.35505000","","Degeler Felix","APACE P.L.C.","60/2 Melita Street","Valletta","","VLT 1122","Malta","office@domains.amfort.com","+356.35505000","","","","","","","","","","","","ns1.eurodns.com","ns2.eurodns.com","ns3.eurodns.com","ns4.eurodns.com","clientTransferProhibited","","",""
"2","apaceinvestments.com","2020-05-07 21:44:45","2020-05-05","2020-05-06","2021-05-04","1052","EuroDNS S.A.","http://whois.rotld.ro","http://www.eurodns.com","Degeler Felix","APACE P.L.C.","60/2 Melita Street","Valletta","","VLT 1122","Malta","office@domains.amfort.com","+356.35505000","","Degeler Felix","APACE P.L.C.","60/2 Melita Street","Valletta","","VLT 1122","Malta","office@domains.amfort.com","+356.35505000","","Degeler Felix","APACE P.L.C.","60/2 Melita Street","Valletta","","VLT 1122","Malta","office@domains.amfort.com","+356.35505000","","","","","","","","","","","","ns1.eurodns.com","ns2.eurodns.com","ns3.eurodns.com","ns4.eurodns.com","clientTransferProhibited","","",""
"3","carbonarakit.com","2020-05-07 19:35:21","2020-05-05","2020-05-05","2022-05-05","146","GoDaddy.com, LLC","whois.godaddy.com","http://registrar.godaddy.com","Peperosso Ltd","Peperosso Ltd","","","","","Malta","","","","","","","","","","","","","","","","","","","","","","","","","","","","","","","","","","ns73.domaincontrol.com","ns74.domaincontrol.com","","","clientDeleteProhibited","clientRenewProhibited","clientTransferProhibited","clientUpdateProhibited"
"4","carrera.one","2020-05-07 05:32:51","2020-05-04","2020-05-04","2021-05-04","146","GoDaddy.com, LLC","whois.godaddy.com","http://registrar.godaddy.com","","","","","sliema","","Malta","","","","","","","","","","","","","","","","","","","","","","","","","","","","","","","","","","pdns07.domaincontrol.com","pdns08.domaincontrol.com","","","addPeriod","clientDeleteProhibited","clientRenewProhibited","clientTransferProhibited"
"5","casinosyndicates.com","2020-05-07 21:18:34","2020-05-06","2020-05-06","2022-05-06","146","GoDaddy.com, LLC","whois.godaddy.com","http://registrar.godaddy.com","","","","","Malta Majjistral","","Malta","","","","","","","","","","","","","","","","","","","","","","","","","","","","","","","","","","ns19.domaincontrol.com","ns20.domaincontrol.com","","","clientDeleteProhibited","clientRenewProhibited","clientTransferProhibited","clientUpdateProhibited"
"6","centrecom.net","2020-05-07 23:20:50","2020-05-06","2020-05-06","2022-05-06","2","Network Solutions, LLC","whois.networksolutions.com","http://networksolutions.com","Statutory Masking Enabled","Statutory Masking Enabled","Statutory Masking Enabled","Statutory Masking Enabled","Nil","Statutory Masking Enabled","Malta","abuse@web.com","Statutory Masking Enabled","Statutory Masking Enabled","Statutory Masking Enabled","Statutory Masking Enabled","Statutory Masking Enabled","Statutory Masking Enabled","Statutory Masking Enabled","Statutory Masking Enabled","Statutory Masking Enabled","abuse@web.com","Statutory Masking Enabled","Statutory Masking Enabled","Statutory Masking Enabled","Statutory Masking Enabled","Statutory Masking Enabled","Statutory Masking Enabled","Statutory Masking Enabled","Statutory Masking Enabled","Statutory Masking Enabled","abuse@web.com","Statutory Masking Enabled","Statutory Masking Enabled","","","","","","","","","","","ns23.worldnic.com","ns24.worldnic.com","","","clientTransferProhibited","","",""
"7","chrimby.com","2020-05-07 21:17:50","2020-05-06","2020-05-06","2021-05-06","1443","Vautron Rechenzentrum AG","whois.antagus.de","http://www.vautron.de","","","","","","","Malta","adhdhtv7de@domprivacy.de","","","","","","","","","","adhdhtv7de@domprivacy.de","","","","","","","","","","adhdhtv7de@domprivacy.de","","","","","","","","","","","","","ns1.ns-serve.net","ns2.ns-serve.net","","","OK","","",""
"8","danusantv.com","2020-05-07 21:18:56","2020-05-06","2020-05-06","2021-05-06","69","Tucows Domains Inc.","whois.tucows.com","http://domainhelp.opensrs.net","REDACTED FOR PRIVACY","REDACTED FOR PRIVACY","REDACTED FOR PRIVACY","REDACTED FOR PRIVACY","XX","REDACTED FOR PRIVACY","Malta","","REDACTED FOR PRIVACY","REDACTED FOR PRIVACY","REDACTED FOR PRIVACY","REDACTED FOR PRIVACY","REDACTED FOR PRIVACY","REDACTED FOR PRIVACY","REDACTED FOR PRIVACY","REDACTED FOR PRIVACY","REDACTED FOR PRIVACY","","REDACTED FOR PRIVACY","REDACTED FOR PRIVACY","REDACTED FOR PRIVACY","REDACTED FOR PRIVACY","REDACTED FOR PRIVACY","REDACTED FOR PRIVACY","REDACTED FOR PRIVACY","REDACTED FOR PRIVACY","REDACTED FOR PRIVACY","","REDACTED FOR PRIVACY","REDACTED FOR PRIVACY","","","","","","","","","","","ns1.gnld1034.siteground.eu","ns2.gnld1034.siteground.eu","","","clientTransferProhibited","clientUpdateProhibited","",""
"9","eausomeprojects.com","2020-05-07 19:17:03","2020-05-06","2020-05-06","2025-05-06","146","GoDaddy.com, LLC","whois.godaddy.com","http://registrar.godaddy.com","Brimmer Networking Solutions","Brimmer Networking Solutions","","","","","Malta","","","","","","","","","","","","","","","","","","","","","","","","","","","","","","","","","","ns73.domaincontrol.com","ns74.domaincontrol.com","","","clientDeleteProhibited","clientRenewProhibited","clientTransferProhibited","clientUpdateProhibited"
"10","kryptokasinot.com","2020-05-07 20:04:57","2020-05-05","2020-05-05","2021-05-05","146","GoDaddy.com, LLC","whois.godaddy.com","http://registrar.godaddy.com","","","","","St Julians","","Malta","","","","","","","","","","","","","","","","","","","","","","","","","","","","","","","","","","ns1.megpanel.com","ns2.megpanel.com","ns3.megpanel.com","ns4.megpanel.com","clientDeleteProhibited","clientRenewProhibited","clientTransferProhibited","clientUpdateProhibited"
"11","lgcmalta.com","2020-05-07 19:19:02","2020-05-06","2020-05-06","2023-05-05","1052","EuroDNS S.A.","http://whois.rotld.ro","http://www.eurodns.com","Registration Domains","Fenlex Corporate","85, St. John Street","Valletta","","VLT 1665","Malta","domains@fenlex.com","+356.25990424","+356.25990641","Registration Domains","Fenlex Corporate","85, St. John Street","Valletta","","VLT 1665","Malta","domains@fenlex.com","+356.25990424","+356.25990641","Registration Domains","Fenlex Corporate","85, St. John Street","Valletta","","VLT 1665","Malta","domains@fenlex.com","+356.25990424","+356.25990641","","","","","","","","","","","ns1.eurodns.com","ns2.eurodns.com","ns3.eurodns.com","ns4.eurodns.com","clientTransferProhibited","","",""
"12","liberotrading.com","2020-05-07 20:22:52","2020-05-05","2020-05-05","2022-05-05","146","GoDaddy.com, LLC","whois.godaddy.com","http://registrar.godaddy.com","","","","","Santa Maria Estate","","Malta","","","","","","","","","","","","","","","","","","","","","","","","","","","","","","","","","","ns1.bluehost.com","ns2.bluehost.com","","","clientDeleteProhibited","clientRenewProhibited","clientTransferProhibited","clientUpdateProhibited"
"13","mekanikcenter.com","2020-05-07 01:25:42","2020-05-04","2020-05-04","2021-05-04","146","GoDaddy.com, LLC","whois.godaddy.com","http://registrar.godaddy.com","","","","","sliema","","Malta","","","","","","","","","","","","","","","","","","","","","","","","","","","","","","","","","","ns49.domaincontrol.com","ns50.domaincontrol.com","","","clientDeleteProhibited","clientRenewProhibited","clientTransferProhibited","clientUpdateProhibited"
"14","my-heartspace.com","2020-05-07 21:35:36","2020-05-06","2020-05-06","2021-05-06","146","GoDaddy.com, LLC","whois.godaddy.com","http://registrar.godaddy.com","Heartspace","Heartspace","","","Malta","","Malta","","","","","","","","","","","","","","","","","","","","","","","","","","","","","","","","","","ns59.domaincontrol.com","ns60.domaincontrol.com","","","clientDeleteProhibited","clientRenewProhibited","clientTransferProhibited","clientUpdateProhibited"
"15","myidealwellbeing.com","2020-05-07 19:16:58","2020-05-06","2020-05-06","2021-05-06","69","Tucows Domains Inc.","whois.tucows.com","http://domainhelp.opensrs.net","REDACTED FOR PRIVACY","REDACTED FOR PRIVACY","REDACTED FOR PRIVACY","REDACTED FOR PRIVACY","SVR","REDACTED FOR PRIVACY","Malta","","REDACTED FOR PRIVACY","REDACTED FOR PRIVACY","REDACTED FOR PRIVACY","REDACTED FOR PRIVACY","REDACTED FOR PRIVACY","REDACTED FOR PRIVACY","REDACTED FOR PRIVACY","REDACTED FOR PRIVACY","REDACTED FOR PRIVACY","","REDACTED FOR PRIVACY","REDACTED FOR PRIVACY","REDACTED FOR PRIVACY","REDACTED FOR PRIVACY","REDACTED FOR PRIVACY","REDACTED FOR PRIVACY","REDACTED FOR PRIVACY","REDACTED FOR PRIVACY","REDACTED FOR PRIVACY","","REDACTED FOR PRIVACY","REDACTED FOR PRIVACY","","","","","","","","","","","ns1.digitalbusinesslounge.com","ns2.digitalbusinesslounge.com","","","clientTransferProhibited","clientUpdateProhibited","",""
"16","playcasinotogether.com","2020-05-07 21:18:01","2020-05-06","2020-05-06","2022-05-06","146","GoDaddy.com, LLC","whois.godaddy.com","http://registrar.godaddy.com","","","","","Malta Majjistral","","Malta","","","","","","","","","","","","","","","","","","","","","","","","","","","","","","","","","","ns19.domaincontrol.com","ns20.domaincontrol.com","","","clientDeleteProhibited","clientRenewProhibited","clientTransferProhibited","clientUpdateProhibited"
"17","playtogethercasino.com","2020-05-07 21:18:04","2020-05-06","2020-05-06","2022-05-06","146","GoDaddy.com, LLC","whois.godaddy.com","http://registrar.godaddy.com","","","","","Malta Majjistral","","Malta","","","","","","","","","","","","","","","","","","","","","","","","","","","","","","","","","","ns19.domaincontrol.com","ns20.domaincontrol.com","","","clientDeleteProhibited","clientRenewProhibited","clientTransferProhibited","clientUpdateProhibited"
"18","pullandplug.com","2020-05-07 19:21:20","2020-05-06","2020-05-06","2021-05-06","433","OVH sas","whois.ovh.com","http://www.ovh.com","REDACTED FOR PRIVACY","","REDACTED FOR PRIVACY","REDACTED FOR PRIVACY","","REDACTED FOR PRIVACY","Malta","cpkwa1hpwi3xjjbfpgxg@s.o-w-o.info","REDACTED FOR PRIVACY","REDACTED FOR PRIVACY","REDACTED FOR PRIVACY","REDACTED FOR PRIVACY","REDACTED FOR PRIVACY","REDACTED FOR PRIVACY","REDACTED FOR PRIVACY","REDACTED FOR PRIVACY","REDACTED FOR PRIVACY","8mo1ysiprbdvifiqku8x@r.o-w-o.info","REDACTED FOR PRIVACY","REDACTED FOR PRIVACY","REDACTED FOR PRIVACY","REDACTED FOR PRIVACY","REDACTED FOR PRIVACY","REDACTED FOR PRIVACY","REDACTED FOR PRIVACY","REDACTED FOR PRIVACY","REDACTED FOR PRIVACY","8mo1ysiprbdvifiqku8x@r.o-w-o.info","REDACTED FOR PRIVACY","REDACTED FOR PRIVACY","","","","","","","","","","","dns110.ovh.net","ns110.ovh.net","","","clientDeleteProhibited","clientTransferProhibited","",""
"19","pullnplug.com","2020-05-07 19:21:47","2020-05-06","2020-05-06","2021-05-06","433","OVH sas","whois.ovh.com","http://www.ovh.com","REDACTED FOR PRIVACY","","REDACTED FOR PRIVACY","REDACTED FOR PRIVACY","","REDACTED FOR PRIVACY","Malta","zb2ww2hff8zyesorp7wj@w.o-w-o.info","REDACTED FOR PRIVACY","REDACTED FOR PRIVACY","REDACTED FOR PRIVACY","REDACTED FOR PRIVACY","REDACTED FOR PRIVACY","REDACTED FOR PRIVACY","REDACTED FOR PRIVACY","REDACTED FOR PRIVACY","REDACTED FOR PRIVACY","8mo1ysiprbdvifiqku8x@r.o-w-o.info","REDACTED FOR PRIVACY","REDACTED FOR PRIVACY","REDACTED FOR PRIVACY","REDACTED FOR PRIVACY","REDACTED FOR PRIVACY","REDACTED FOR PRIVACY","REDACTED FOR PRIVACY","REDACTED FOR PRIVACY","REDACTED FOR PRIVACY","8mo1ysiprbdvifiqku8x@r.o-w-o.info","REDACTED FOR PRIVACY","REDACTED FOR PRIVACY","","","","","","","","","","","dns110.ovh.net","ns110.ovh.net","","","clientDeleteProhibited","clientTransferProhibited","",""
"20","safesack.net","2020-05-07 05:43:50","2020-05-04","2020-05-04","2021-05-04","146","GoDaddy.com, LLC","whois.godaddy.com","http://registrar.godaddy.com","","","","","MT","","Malta","","","","","","","","","","","","","","","","","","","","","","","","","","","","","","","","","","ns29.domaincontrol.com","ns30.domaincontrol.com","","","clientDeleteProhibited","clientRenewProhibited","clientTransferProhibited","clientUpdateProhibited"
"21","satoshiislands.com","2020-05-07 21:34:01","2020-05-06","2020-05-06","2021-05-06","146","GoDaddy.com, LLC","whois.godaddy.com","http://registrar.godaddy.com","The Satoshi Islands","The Satoshi Islands","","","Northern Harbour District","","Malta","","","","","","","","","","","","","","","","","","","","","","","","","","","","","","","","","","ns71.domaincontrol.com","ns72.domaincontrol.com","","","clientDeleteProhibited","clientRenewProhibited","clientTransferProhibited","clientUpdateProhibited"
"22","setarcos.info","2020-05-07 23:22:36","2020-05-06","2020-05-06","2023-05-06","106","Ascio Technologies, Inc. Danmark - Filial af Ascio technologies, Inc. USA","whois.ascio.com","http://www.ascio.com","Setarcos Consulting Limited","Setarcos Consulting Limited","","","St Julians","","Malta","","","","","","","","","","","","","","","","","","","","","","","","","","","","","","","","","","ns.zone.eu","ns2.zone.ee","ns3.zonedata.net","","addPeriod","clientTransferProhibited","serverTransferProhibited",""
"23","subitismt.com","2020-05-07 21:09:46","2020-05-06","2020-05-06","2021-05-06","146","GoDaddy.com, LLC","whois.godaddy.com","http://registrar.godaddy.com","","","","","Mosta","","Malta","","","","","","","","","","","","","","","","","","","","","","","","","","","","","","","","","","ns19.domaincontrol.com","ns20.domaincontrol.com","","","clientDeleteProhibited","clientRenewProhibited","clientTransferProhibited","clientUpdateProhibited"
"24","theprimepay.com","2020-05-07 19:21:55","2020-05-06","2020-05-06","2021-05-06","82","OnlineNIC, Inc.","whois.onlinenic.com","http://www.onlinenic.com","MESTA SOFTWARE SOLUTIONS LTD","MESTA SOFTWARE SOLUTIONS LTD","","","TA XBIEX","","Malta","","","","","","","","","","","","","","","","","","","","","","","","","","","","","","","","","","bill.ns.cloudflare.com","sofia.ns.cloudflare.com","","","OK","","",""
"25","tprimepay.com","2020-05-07 21:03:00","2020-05-06","2020-05-06","2021-05-06","82","OnlineNIC, Inc.","whois.onlinenic.com","http://www.onlinenic.com","MESTA SOFTWARE SOLUTIONS LTD","MESTA SOFTWARE SOLUTIONS LTD","","","TA XBIEX","","Malta","","","","","","","","","","","","","","","","","","","","","","","","","","","","","","","","","","bill.ns.cloudflare.com","sofia.ns.cloudflare.com","","","OK","","",""
"26","yourmediabuyer.com","2020-05-07 21:16:25","2020-05-06","2020-05-06","2021-05-06","69","Tucows Domains Inc.","whois.tucows.com","http://domainhelp.opensrs.net","REDACTED FOR PRIVACY","REDACTED FOR PRIVACY","REDACTED FOR PRIVACY","REDACTED FOR PRIVACY","XX","REDACTED FOR PRIVACY","Malta","","REDACTED FOR PRIVACY","REDACTED FOR PRIVACY","REDACTED FOR PRIVACY","REDACTED FOR PRIVACY","REDACTED FOR PRIVACY","REDACTED FOR PRIVACY","REDACTED FOR PRIVACY","REDACTED FOR PRIVACY","REDACTED FOR PRIVACY","","REDACTED FOR PRIVACY","REDACTED FOR PRIVACY","REDACTED FOR PRIVACY","REDACTED FOR PRIVACY","REDACTED FOR PRIVACY","REDACTED FOR PRIVACY","REDACTED FOR PRIVACY","REDACTED FOR PRIVACY","REDACTED FOR PRIVACY","","REDACTED FOR PRIVACY","REDACTED FOR PRIVACY","","","","","","","","","","","ns1.gnld1034.siteground.eu","ns2.gnld1034.siteground.eu","","","clientTransferProhibited","clientUpdateProhibited","",""