"num","domain_name","query_time","create_date","update_date","expiry_date","domain_registrar_id","domain_registrar_name","domain_registrar_whois","domain_registrar_url","registrant_name","registrant_company","registrant_address","registrant_city","registrant_state","registrant_zip","registrant_country","registrant_email","registrant_phone","registrant_fax","administrative_name","administrative_company","administrative_address","administrative_city","administrative_state","administrative_zip","administrative_country","administrative_email","administrative_phone","administrative_fax","technical_name","technical_company","technical_address","technical_city","technical_state","technical_zip","technical_country","technical_email","technical_phone","technical_fax","billing_name","billing_company","billing_address","billing_city","billing_state","billing_zip","billing_country","billing_email","billing_phone","billing_fax","name_server_1","name_server_2","name_server_3","name_server_4","domain_status_1","domain_status_2","domain_status_3","domain_status_4"
"1","bybitsolution.com","2020-05-07 20:23:33","2020-05-05","2020-05-05","2021-05-05","48","eNom, Inc.","whois.enom.com","http://www.enom.com","REDACTED FOR PRIVACY","REDACTED FOR PRIVACY","REDACTED FOR PRIVACY","REDACTED FOR PRIVACY","SOFALA","REDACTED FOR PRIVACY","Mozambique","","REDACTED FOR PRIVACY","REDACTED FOR PRIVACY","REDACTED FOR PRIVACY","REDACTED FOR PRIVACY","REDACTED FOR PRIVACY","REDACTED FOR PRIVACY","REDACTED FOR PRIVACY","REDACTED FOR PRIVACY","REDACTED FOR PRIVACY","","REDACTED FOR PRIVACY","REDACTED FOR PRIVACY","REDACTED FOR PRIVACY","REDACTED FOR PRIVACY","REDACTED FOR PRIVACY","REDACTED FOR PRIVACY","REDACTED FOR PRIVACY","REDACTED FOR PRIVACY","REDACTED FOR PRIVACY","","REDACTED FOR PRIVACY","REDACTED FOR PRIVACY","","","","","","","","","","","ns3015.mochahost.com","ns4015.mochahost.com","","","addPeriod","clientTransferProhibited","",""
"2","dftgmoz.com","2020-05-07 19:22:33","2020-05-06","2020-05-06","2023-05-06","146","GoDaddy.com, LLC","whois.godaddy.com","http://registrar.godaddy.com","BztFamily","BztFamily","","","Sofala","","Mozambique","","","","","","","","","","","","","","","","","","","","","","","","","","","","","","","","","","ns19.domaincontrol.com","ns20.domaincontrol.com","","","clientDeleteProhibited","clientRenewProhibited","clientTransferProhibited","clientUpdateProhibited"
"3","nutrisbiblioteca.info","2020-05-07 23:23:54","2020-05-06","2020-05-06","2021-05-06","1068","NameCheap, Inc.","whois.namecheap.com","http://www.namecheap.com","Nutrisconsultores","Nutrisconsultores","","","Nampula","","Mozambique","","","","","","","","","","","","","","","","","","","","","","","","","","","","","","","","","","ns1.byethost6.org","ns2.byethost6.org","","","addPeriod","clientTransferProhibited","serverTransferProhibited",""
"4","platinecontabilidade.com","2020-05-07 21:01:31","2020-05-06","2020-05-06","2021-05-06","303","PDR Ltd. d/b/a PublicDomainRegistry.com","whois.publicdomainregistry.com","http://www.publicdomainregistry.com","Euclides Vanez  Biacuane","Platine Contabilidade","Bairro Hulene B, casa 21, Q48","Maputo","Maputo","1102","Mozambique","ebiacuane94@gmail.com","+258.258847390627","","Euclides Vanez  Biacuane","Platine Contabilidade","Bairro Hulene B, casa 21, Q48","Maputo","Maputo","1102","Mozambique","ebiacuane94@gmail.com","+258.258847390627","","Euclides Vanez  Biacuane","Platine Contabilidade","Bairro Hulene B, casa 21, Q48","Maputo","Maputo","1102","Mozambique","ebiacuane94@gmail.com","+258.258847390627","","","","","","","","","","","","ns1.dns-parking.com","ns2.dns-parking.com","","","clientTransferProhibited","","",""
"5","rickytecno.com","2020-05-07 21:09:49","2020-05-06","2020-05-06","2021-05-06","146","GoDaddy.com, LLC","whois.godaddy.com","http://registrar.godaddy.com","","","","","Inhambane","","Mozambique","","","","","","","","","","","","","","","","","","","","","","","","","","","","","","","","","","ns19.domaincontrol.com","ns20.domaincontrol.com","","","clientDeleteProhibited","clientRenewProhibited","clientTransferProhibited","clientUpdateProhibited"
"6","tecnomoz10.com","2020-05-07 20:26:03","2020-05-05","2020-05-05","2021-05-05","106","Ascio Technologies, Inc. Danmark - Filial af Ascio technologies, Inc. USA","whois.ascio.com","http://www.ascio.com","Not Disclosed","Not Disclosed","Not Disclosed","Not Disclosed","","Not Disclosed","Mozambique","","Not Disclosed","Not Disclosed","Not Disclosed","Not Disclosed","Not Disclosed","Not Disclosed","Not Disclosed","Not Disclosed","Not Disclosed","","Not Disclosed","Not Disclosed","Not Disclosed","Not Disclosed","Not Disclosed","Not Disclosed","Not Disclosed","Not Disclosed","Not Disclosed","","Not Disclosed","Not Disclosed","","","","","","","","","","","dns1.123hjemmeside.dk","dns2.123hjemmeside.dk","dns3.123hjemmeside.dk","","OK","","",""