"num","domain_name","query_time","create_date","update_date","expiry_date","domain_registrar_id","domain_registrar_name","domain_registrar_whois","domain_registrar_url","registrant_name","registrant_company","registrant_address","registrant_city","registrant_state","registrant_zip","registrant_country","registrant_email","registrant_phone","registrant_fax","administrative_name","administrative_company","administrative_address","administrative_city","administrative_state","administrative_zip","administrative_country","administrative_email","administrative_phone","administrative_fax","technical_name","technical_company","technical_address","technical_city","technical_state","technical_zip","technical_country","technical_email","technical_phone","technical_fax","billing_name","billing_company","billing_address","billing_city","billing_state","billing_zip","billing_country","billing_email","billing_phone","billing_fax","name_server_1","name_server_2","name_server_3","name_server_4","domain_status_1","domain_status_2","domain_status_3","domain_status_4"
"1","5000tribes.com","2020-05-07 19:17:13","2020-05-06","2020-05-06","2022-05-06","48","eNom, Inc.","whois.enom.com","http://www.enom.com","REDACTED FOR PRIVACY","REDACTED FOR PRIVACY","REDACTED FOR PRIVACY","REDACTED FOR PRIVACY","North Island","REDACTED FOR PRIVACY","New Zealand","","REDACTED FOR PRIVACY","REDACTED FOR PRIVACY","REDACTED FOR PRIVACY","REDACTED FOR PRIVACY","REDACTED FOR PRIVACY","REDACTED FOR PRIVACY","REDACTED FOR PRIVACY","REDACTED FOR PRIVACY","REDACTED FOR PRIVACY","","REDACTED FOR PRIVACY","REDACTED FOR PRIVACY","REDACTED FOR PRIVACY","REDACTED FOR PRIVACY","REDACTED FOR PRIVACY","REDACTED FOR PRIVACY","REDACTED FOR PRIVACY","REDACTED FOR PRIVACY","REDACTED FOR PRIVACY","","REDACTED FOR PRIVACY","REDACTED FOR PRIVACY","","","","","","","","","","","ns1.1stdomains.net.nz","ns2.1stdomains.net.nz","","","addPeriod","ok","",""
"2","alicenz.com","2020-05-07 19:09:06","2020-05-06","2020-05-06","2021-05-06","303","PDR Ltd. d/b/a PublicDomainRegistry.com","whois.publicdomainregistry.com","http://www.publicdomainregistry.com","Myunghwa Park","Myunghwa Park","40 Grenada Avenue","Forrest Hill","Auckland","0620","New Zealand","mocaming@gmail.com","+64.2108860160","","Myunghwa Park","Myunghwa Park","40 Grenada Avenue","Forrest Hill","Auckland","0620","New Zealand","mocaming@gmail.com","+64.2108860160","","Myunghwa Park","Myunghwa Park","40 Grenada Avenue","Forrest Hill","Auckland","0620","New Zealand","mocaming@gmail.com","+64.2108860160","","","","","","","","","","","","ns1.dns-parking.com","ns2.dns-parking.com","","","clientTransferProhibited","","",""
"3","amyneave.com","2020-05-07 21:21:57","2020-05-06","2020-05-06","2022-05-06","146","GoDaddy.com, LLC","whois.godaddy.com","http://registrar.godaddy.com","","","","","Auckland","","New Zealand","","","","","","","","","","","","","","","","","","","","","","","","","","","","","","","","","","ns19.domaincontrol.com","ns20.domaincontrol.com","","","clientDeleteProhibited","clientRenewProhibited","clientTransferProhibited","clientUpdateProhibited"
"4","aoteawellness.com","2020-05-07 21:38:04","2020-05-06","2020-05-06","2021-05-06","146","GoDaddy.com, LLC","whois.godaddy.com","http://registrar.godaddy.com","Pureland Limited","Pureland Limited","","","Auckland","","New Zealand","","","","","","","","","","","","","","","","","","","","","","","","","","","","","","","","","","ns71.domaincontrol.com","ns72.domaincontrol.com","","","clientDeleteProhibited","clientRenewProhibited","clientTransferProhibited","clientUpdateProhibited"
"5","apacclinicalresearch.com","2020-05-07 19:08:17","2020-05-06","2020-05-06","2021-05-06","9","register.com, Inc.","whois.register.com","http://www.register.com","Pharmaceutical Solutions","Pharmaceutical Solutions Ltd","Level 1 The Levy Building 20 Customs Street","Auckland","","1143","New Zealand","ict@pharmasols.com","+64.93798205","+64.93798244","Pharmaceutical Solutions","Pharmaceutical Solutions Ltd","level 1 The Levy Building 20 Customs Street East","Auckland","","1143","New Zealand","ict@pharmasols.com","+64.93798205","+64.93798244","DNS Admin","Freeparking","Level 2 2 Devon Street East","New Plymouth","","4310","New Zealand","domains@freeparking.co.nz","+64.67572881","+64.67572883","","","","","","","","","","","ns.freeparking.co.nz","ns2.freeparking.co.nz","","","clientTransferProhibited","","",""
"6","bespokeimporting.com","2020-05-07 21:33:43","2020-05-06","2020-05-06","2021-05-06","69","Tucows Domains Inc.","whois.tucows.com","http://domainhelp.opensrs.net","REDACTED FOR PRIVACY","REDACTED FOR PRIVACY","REDACTED FOR PRIVACY","REDACTED FOR PRIVACY","NA","REDACTED FOR PRIVACY","New Zealand","","REDACTED FOR PRIVACY","REDACTED FOR PRIVACY","REDACTED FOR PRIVACY","REDACTED FOR PRIVACY","REDACTED FOR PRIVACY","REDACTED FOR PRIVACY","REDACTED FOR PRIVACY","REDACTED FOR PRIVACY","REDACTED FOR PRIVACY","","REDACTED FOR PRIVACY","REDACTED FOR PRIVACY","REDACTED FOR PRIVACY","REDACTED FOR PRIVACY","REDACTED FOR PRIVACY","REDACTED FOR PRIVACY","REDACTED FOR PRIVACY","REDACTED FOR PRIVACY","REDACTED FOR PRIVACY","","REDACTED FOR PRIVACY","REDACTED FOR PRIVACY","","","","","","","","","","","ns10.domains4less.co.nz","ns11.domains4less.co.nz","","","clientTransferProhibited","clientUpdateProhibited","",""
"7","bigcandfitlegend.com","2020-05-07 21:29:30","2020-05-06","2020-05-06","2021-05-06","625","Name.com, Inc.","whois.name.com","http://www.name.com","John Franich","MacroActive","2A Westpark Drive","Auckland","Auckland","0618","New Zealand","support@macroactive.com","+64.21657278","","John Franich","MacroActive","2A Westpark Drive","Auckland","Auckland","0618","New Zealand","support@macroactive.com","+64.21657278","","John Franich","MacroActive","2A Westpark Drive","Auckland","Auckland","0618","New Zealand","support@macroactive.com","+64.21657278","","","","","","","","","","","","ns1gjz.name.com","ns2knz.name.com","ns3hjx.name.com","ns4sxy.name.com","addPeriod","clientTransferProhibited","",""
"8","blitzseven.media","2020-05-07 05:56:42","2020-05-04","2020-05-04","2021-05-04","146","GoDaddy.com, LLC","whois.godaddy.com","http://registrar.godaddy.com","REDACTED FOR PRIVACY","","REDACTED FOR PRIVACY","REDACTED FOR PRIVACY","Otago","REDACTED FOR PRIVACY","New Zealand","","REDACTED FOR PRIVACY","REDACTED FOR PRIVACY","","","","","","","","","","","","","","","","","","","","","","","","","","","","","","","","","","","addPeriod","clientDeleteProhibited","clientRenewProhibited","clientTransferProhibited"
"9","brandmanagement.ltd","2020-05-07 05:55:12","2020-05-04","2020-05-04","2021-05-04","1345","Key-Systems, LLC","whois.nic.uk","http://www.key-systems.net/","REDACTED FOR PRIVACY","Registrant of brandmanagement.ltd","REDACTED FOR PRIVACY","REDACTED FOR PRIVACY","Auckland District","REDACTED FOR PRIVACY","New Zealand","","REDACTED FOR PRIVACY","REDACTED FOR PRIVACY","","","","","","","","","","","","","","","","","","","","","","","","","","","","","","","","","","","addPeriod","","",""
"10","breakingmadcollectables.com","2020-05-07 19:15:23","2020-05-06","2020-05-06","2021-05-06","48","eNom, Inc.","whois.enom.com","http://www.enom.com","REDACTED FOR PRIVACY","REDACTED FOR PRIVACY","REDACTED FOR PRIVACY","REDACTED FOR PRIVACY","REDACTED FOR PRIVACY","REDACTED FOR PRIVACY","New Zealand","","REDACTED FOR PRIVACY","REDACTED FOR PRIVACY","REDACTED FOR PRIVACY","REDACTED FOR PRIVACY","REDACTED FOR PRIVACY","REDACTED FOR PRIVACY","REDACTED FOR PRIVACY","REDACTED FOR PRIVACY","REDACTED FOR PRIVACY","","REDACTED FOR PRIVACY","REDACTED FOR PRIVACY","REDACTED FOR PRIVACY","REDACTED FOR PRIVACY","REDACTED FOR PRIVACY","REDACTED FOR PRIVACY","REDACTED FOR PRIVACY","REDACTED FOR PRIVACY","REDACTED FOR PRIVACY","","REDACTED FOR PRIVACY","REDACTED FOR PRIVACY","","","","","","","","","","","ns1.1stdomains.net.nz","ns2.1stdomains.net.nz","","","addPeriod","ok","",""
"11","breathofgodsoundtrack.com","2020-05-07 19:08:35","2020-05-06","2020-05-06","2021-05-06","146","GoDaddy.com, LLC","whois.godaddy.com","http://registrar.godaddy.com","Life on the Breath of God Ltd","Life on the Breath of God Ltd","","","Otago","","New Zealand","","","","","","","","","","","","","","","","","","","","","","","","","","","","","","","","","","ns59.domaincontrol.com","ns60.domaincontrol.com","","","clientDeleteProhibited","clientRenewProhibited","clientTransferProhibited","clientUpdateProhibited"
"12","buymaorimade.com","2020-05-07 21:31:16","2020-05-06","2020-05-06","2021-05-06","146","GoDaddy.com, LLC","whois.godaddy.com","http://registrar.godaddy.com","Loud Noise Media","Loud Noise Media","","","islington","","New Zealand","","","","","","","","","","","","","","","","","","","","","","","","","","","","","","","","","","ns19.domaincontrol.com","ns20.domaincontrol.com","","","clientDeleteProhibited","clientRenewProhibited","clientTransferProhibited","clientUpdateProhibited"
"13","cakesbycaprice.com","2020-05-07 19:10:07","2020-05-06","2020-05-06","2021-05-06","48","eNom, Inc.","whois.enom.com","http://www.enom.com","REDACTED FOR PRIVACY","REDACTED FOR PRIVACY","REDACTED FOR PRIVACY","REDACTED FOR PRIVACY","none","REDACTED FOR PRIVACY","New Zealand","","REDACTED FOR PRIVACY","REDACTED FOR PRIVACY","REDACTED FOR PRIVACY","REDACTED FOR PRIVACY","REDACTED FOR PRIVACY","REDACTED FOR PRIVACY","REDACTED FOR PRIVACY","REDACTED FOR PRIVACY","REDACTED FOR PRIVACY","","REDACTED FOR PRIVACY","REDACTED FOR PRIVACY","REDACTED FOR PRIVACY","REDACTED FOR PRIVACY","REDACTED FOR PRIVACY","REDACTED FOR PRIVACY","REDACTED FOR PRIVACY","REDACTED FOR PRIVACY","REDACTED FOR PRIVACY","","REDACTED FOR PRIVACY","REDACTED FOR PRIVACY","","","","","","","","","","","ns1.1stdomains.net.nz","ns2.1stdomains.net.nz","","","addPeriod","ok","",""
"14","cannabasicsnz.com","2020-05-07 21:46:27","2020-05-05","2020-05-05","2021-05-05","106","Ascio Technologies, Inc. Danmark - Filial af Ascio technologies, Inc. USA","whois.ascio.com","http://www.ascio.com","Not Disclosed","Not Disclosed","Not Disclosed","Not Disclosed","","Not Disclosed","New Zealand","","Not Disclosed","Not Disclosed","Not Disclosed","Not Disclosed","Not Disclosed","Not Disclosed","Not Disclosed","Not Disclosed","Not Disclosed","","Not Disclosed","Not Disclosed","Not Disclosed","Not Disclosed","Not Disclosed","Not Disclosed","Not Disclosed","Not Disclosed","Not Disclosed","","Not Disclosed","Not Disclosed","","","","","","","","","","","dns1.123hjemmeside.dk","dns2.123hjemmeside.dk","dns3.123hjemmeside.dk","","OK","","",""
"15","chefcodes.life","2020-05-07 06:06:36","2020-05-05","2020-05-05","2021-05-05","146","GoDaddy.com, LLC","whois.godaddy.com","http://registrar.godaddy.com","REDACTED FOR PRIVACY","Balamani Lifestyle Limited","REDACTED FOR PRIVACY","REDACTED FOR PRIVACY","Northland","REDACTED FOR PRIVACY","New Zealand","","REDACTED FOR PRIVACY","REDACTED FOR PRIVACY","","","","","","","","","","","","","","","","","","","","","","","","","","","","","","","","","","","addPeriod","clientDeleteProhibited","clientRenewProhibited","clientTransferProhibited"
"16","cooltkitchen.com","2020-05-07 21:21:53","2020-05-06","2020-05-06","2022-05-06","146","GoDaddy.com, LLC","whois.godaddy.com","http://registrar.godaddy.com","INFOSOL NZ LIMITED","INFOSOL NZ LIMITED","","","Auckland","","New Zealand","","","","","","","","","","","","","","","","","","","","","","","","","","","","","","","","","","ns71.domaincontrol.com","ns72.domaincontrol.com","","","clientDeleteProhibited","clientRenewProhibited","clientTransferProhibited","clientUpdateProhibited"
"17","corinneaustin.com","2020-05-07 21:31:25","2020-05-06","2020-05-06","2021-05-06","1583","Web Drive Ltd","whois.dp.ua","http://www.domainagent.co.nz","Corinne Austin","Corinne Austin","21 Hannah Street","Whangarei","","0110","New Zealand","jesse@graymedialtd.com","+64.212125130","","Corinne Austin","Corinne Austin","21 Hannah Street","Whangarei","","0110","New Zealand","jesse@graymedialtd.com","+64.212125130","","Gray Media Ltd","Gray Media Ltd","21 Hannah Street","Whangarei","","0110","New Zealand","domains@graymedialtd.com","+64.212125130","","","","","","","","","","","","ernest.ns.cloudflare.com","kristin.ns.cloudflare.com","","","clientTransferProhibited","","",""
"18","cunningham.digital","2020-05-07 06:31:02","2020-05-04","2020-05-04","2021-05-04","146","GoDaddy.com, LLC","whois.godaddy.com","http://registrar.godaddy.com","REDACTED FOR PRIVACY","","REDACTED FOR PRIVACY","REDACTED FOR PRIVACY","Auckland","REDACTED FOR PRIVACY","New Zealand","","REDACTED FOR PRIVACY","REDACTED FOR PRIVACY","","","","","","","","","","","","","","","","","","","","","","","","","","","","","","","","","","","addPeriod","clientDeleteProhibited","clientRenewProhibited","clientTransferProhibited"
"19","dealsnack.com","2020-05-07 19:12:38","2020-05-06","2020-05-06","2021-05-06","625","Name.com, Inc.","whois.name.com","http://www.name.com","Gary Elley","Pacific New Media Limited","PO Box 14125 , Wellington, Wellington 6241","Wellington","Wellington","6241","New Zealand","gary@pacificnewmedia.co.nz","+64.273933100","+64.43861495","Gary Elley","Pacific New Media Limited","PO Box 14125 , Wellington, Wellington 6241","Wellington","Wellington","6241","New Zealand","gary@pacificnewmedia.co.nz","+64.273933100","+64.43861495","Gary Elley","Pacific New Media Limited","PO Box 14125 , Wellington, Wellington 6241","Wellington","Wellington","6241","New Zealand","gary@pacificnewmedia.co.nz","+64.273933100","+64.43861495","","","","","","","","","","","ns1bqx.name.com","ns2fgp.name.com","ns3flt.name.com","ns4cpw.name.com","addPeriod","clientTransferProhibited","",""
"20","diyontheweekend.com","2020-05-07 20:16:39","2020-05-05","2020-05-05","2021-05-05","146","GoDaddy.com, LLC","whois.godaddy.com","http://registrar.godaddy.com","The Profit Partnership (NZ) Limited","The Profit Partnership (NZ) Limited","","","Waikato","","New Zealand","","","","","","","","","","","","","","","","","","","","","","","","","","","","","","","","","","ns73.domaincontrol.com","ns74.domaincontrol.com","","","clientDeleteProhibited","clientRenewProhibited","clientTransferProhibited","clientUpdateProhibited"
"21","domainsforafrica.com","2020-05-07 21:32:37","2020-05-06","2020-05-06","2021-05-06","146","GoDaddy.com, LLC","whois.godaddy.com","http://registrar.godaddy.com","","","","","Otago","","New Zealand","","","","","","","","","","","","","","","","","","","","","","","","","","","","","","","","","","ns31.domaincontrol.com","ns32.domaincontrol.com","","","clientDeleteProhibited","clientRenewProhibited","clientTransferProhibited","clientUpdateProhibited"
"22","dropsbydon.com","2020-05-07 20:57:50","2020-05-06","2020-05-06","2021-05-06","146","GoDaddy.com, LLC","whois.godaddy.com","http://registrar.godaddy.com","no orginization","no orginization","","","Auckland","","New Zealand","","","","","","","","","","","","","","","","","","","","","","","","","","","","","","","","","","ns31.domaincontrol.com","ns32.domaincontrol.com","","","clientDeleteProhibited","clientRenewProhibited","clientTransferProhibited","clientUpdateProhibited"
"23","equiformancebands.com","2020-05-07 19:14:22","2020-05-06","2020-05-06","2021-05-06","48","eNom, Inc.","whois.enom.com","http://www.enom.com","REDACTED FOR PRIVACY","REDACTED FOR PRIVACY","REDACTED FOR PRIVACY","REDACTED FOR PRIVACY","Auckland","REDACTED FOR PRIVACY","New Zealand","","REDACTED FOR PRIVACY","REDACTED FOR PRIVACY","REDACTED FOR PRIVACY","REDACTED FOR PRIVACY","REDACTED FOR PRIVACY","REDACTED FOR PRIVACY","REDACTED FOR PRIVACY","REDACTED FOR PRIVACY","REDACTED FOR PRIVACY","","REDACTED FOR PRIVACY","REDACTED FOR PRIVACY","REDACTED FOR PRIVACY","REDACTED FOR PRIVACY","REDACTED FOR PRIVACY","REDACTED FOR PRIVACY","REDACTED FOR PRIVACY","REDACTED FOR PRIVACY","REDACTED FOR PRIVACY","","REDACTED FOR PRIVACY","REDACTED FOR PRIVACY","","","","","","","","","","","ns1.1stdomains.net.nz","ns2.1stdomains.net.nz","","","addPeriod","ok","",""
"24","ervinstone.com","2020-05-07 20:23:21","2020-05-05","2020-05-05","2021-05-05","48","eNom, Inc.","whois.enom.com","http://www.enom.com","REDACTED FOR PRIVACY","REDACTED FOR PRIVACY","REDACTED FOR PRIVACY","REDACTED FOR PRIVACY","REDACTED FOR PRIVACY","REDACTED FOR PRIVACY","New Zealand","","REDACTED FOR PRIVACY","REDACTED FOR PRIVACY","REDACTED FOR PRIVACY","REDACTED FOR PRIVACY","REDACTED FOR PRIVACY","REDACTED FOR PRIVACY","REDACTED FOR PRIVACY","REDACTED FOR PRIVACY","REDACTED FOR PRIVACY","","REDACTED FOR PRIVACY","REDACTED FOR PRIVACY","REDACTED FOR PRIVACY","REDACTED FOR PRIVACY","REDACTED FOR PRIVACY","REDACTED FOR PRIVACY","REDACTED FOR PRIVACY","REDACTED FOR PRIVACY","REDACTED FOR PRIVACY","","REDACTED FOR PRIVACY","REDACTED FOR PRIVACY","","","","","","","","","","","ns1.1stdomains.net.nz","ns2.1stdomains.net.nz","","","addPeriod","ok","",""
"25","europa.expert","2020-05-07 06:28:21","2020-05-05","2020-05-05","2021-05-05","1345","Key-Systems, LLC","whois.nic.uk","http://www.key-systems.net/","REDACTED FOR PRIVACY","Registrant of europa.expert","REDACTED FOR PRIVACY","REDACTED FOR PRIVACY","Auckland District","REDACTED FOR PRIVACY","New Zealand","","REDACTED FOR PRIVACY","REDACTED FOR PRIVACY","","","","","","","","","","","","","","","","","","","","","","","","","","","","","","","","","","","addPeriod","","",""
"26","excelsiacollege.com","2020-05-07 19:14:30","2020-05-06","2020-05-06","2021-05-06","440","Wild West Domains, LLC","whois.wildwestdomains.com","http://www.wildwestdomains.com","","","","","NEW SOUTH WALES","","New Zealand","","","","","","","","","","","","","","","","","","","","","","","","","","","","","","","","","","ns1-02.azure-dns.com","ns2-02.azure-dns.net","ns3-02.azure-dns.org","ns4-02.azure-dns.info","clientDeleteProhibited","clientRenewProhibited","clientTransferProhibited","clientUpdateProhibited"
"27","findingfreedomofficial.com","2020-05-07 21:34:09","2020-05-06","2020-05-06","2021-05-06","625","Name.com, Inc.","whois.name.com","http://www.name.com","Bonnie Pitchford","","PO Box 219","Matamata","Waikato","3440","New Zealand","bpit217@aucklanduni.ac.nz","+64.211194044","","Bonnie Pitchford","","PO Box 219","Matamata","Waikato","3440","New Zealand","bpit217@aucklanduni.ac.nz","+64.211194044","","Bonnie Pitchford","","PO Box 219","Matamata","Waikato","3440","New Zealand","bpit217@aucklanduni.ac.nz","+64.211194044","","","","","","","","","","","","ns1glr.name.com","ns2clp.name.com","ns3jwx.name.com","ns4cjp.name.com","addPeriod","clientTransferProhibited","",""
"28","finickycat.com","2020-05-07 19:15:48","2020-05-06","2020-05-06","2021-05-06","146","GoDaddy.com, LLC","whois.godaddy.com","http://registrar.godaddy.com","Blue Cat Business Services Ltd","Blue Cat Business Services Ltd","","","Bay Of Plenty","","New Zealand","","","","","","","","","","","","","","","","","","","","","","","","","","","","","","","","","","ns31.domaincontrol.com","ns32.domaincontrol.com","","","clientDeleteProhibited","clientRenewProhibited","clientTransferProhibited","clientUpdateProhibited"
"29","forgeofdarkness.com","2020-05-07 19:09:07","2020-05-06","2020-05-06","2025-05-06","146","GoDaddy.com, LLC","whois.godaddy.com","http://registrar.godaddy.com","NZGlobalNet","NZGlobalNet","","","Auckland","","New Zealand","","","","","","","","","","","","","","","","","","","","","","","","","","","","","","","","","","ns05.goldbarhosting.com","ns06.goldbarhosting.com","","","clientDeleteProhibited","clientRenewProhibited","clientTransferProhibited","clientUpdateProhibited"
"30","fredlinks.com","2020-05-07 21:25:37","2020-05-06","2020-05-06","2021-05-06","146","GoDaddy.com, LLC","whois.godaddy.com","http://registrar.godaddy.com","","","","","Auckland","","New Zealand","","","","","","","","","","","","","","","","","","","","","","","","","","","","","","","","","","ns31.domaincontrol.com","ns32.domaincontrol.com","","","clientDeleteProhibited","clientRenewProhibited","clientTransferProhibited","clientUpdateProhibited"
"31","georginathomascomms.com","2020-05-07 21:36:47","2020-05-06","2020-05-06","2021-05-06","886","Domain.com, LLC","whois.domain.com","http://www.domain.com","REDACTED FOR PRIVACY","REDACTED FOR PRIVACY","REDACTED FOR PRIVACY","REDACTED FOR PRIVACY","NA","REDACTED FOR PRIVACY","New Zealand","","REDACTED FOR PRIVACY","REDACTED FOR PRIVACY","REDACTED FOR PRIVACY","REDACTED FOR PRIVACY","REDACTED FOR PRIVACY","REDACTED FOR PRIVACY","REDACTED FOR PRIVACY","REDACTED FOR PRIVACY","REDACTED FOR PRIVACY","","REDACTED FOR PRIVACY","REDACTED FOR PRIVACY","REDACTED FOR PRIVACY","REDACTED FOR PRIVACY","REDACTED FOR PRIVACY","REDACTED FOR PRIVACY","REDACTED FOR PRIVACY","REDACTED FOR PRIVACY","REDACTED FOR PRIVACY","","REDACTED FOR PRIVACY","REDACTED FOR PRIVACY","","","","","","","","","","","ns1.domaincom-default.domainparkingserver.net","ns2.domaincom-default.domainparkingserver.net","","","","","",""
"32","getsupercute.com","2020-05-07 19:09:43","2020-05-06","2020-05-06","2021-05-06","1291","Crazy Domains FZ-LLC","whois.crazydomains.com","http://www.crazydomains.com","MIKE VISKOVICH","OK ROBOT","1/26 ST VINCENT AVE","AUCKLAND","AUCKLAND","1024","New Zealand","mikev.nz@gmail.com","+64.02102863921","","MIKE VISKOVICH","OK ROBOT","1/26 ST VINCENT AVE","AUCKLAND","AUCKLAND","1024","New Zealand","mikev.nz@gmail.com","+64.02102863921","","MIKE VISKOVICH","OK ROBOT","1/26 ST VINCENT AVE","AUCKLAND","AUCKLAND","1024","New Zealand","mikev.nz@gmail.com","+64.02102863921","","","","","","","","","","","","ns1.crazydomains.com","ns2.crazydomains.com","","","OK","","",""
"33","ghostnz.com","2020-05-07 19:15:57","2020-05-06","2020-05-06","2022-05-06","146","GoDaddy.com, LLC","whois.godaddy.com","http://registrar.godaddy.com","Dantes","Dantes","","","Auckland","","New Zealand","","","","","","","","","","","","","","","","","","","","","","","","","","","","","","","","","","ns71.domaincontrol.com","ns72.domaincontrol.com","","","clientDeleteProhibited","clientRenewProhibited","clientTransferProhibited","clientUpdateProhibited"
"34","gout.doctor","2020-05-07 06:30:59","2020-05-05","2020-05-05","2021-05-05","1291","Crazy Domains FZ-LLC","whois.crazydomains.com","http://www.crazydomains.com","REDACTED FOR PRIVACY","","REDACTED FOR PRIVACY","REDACTED FOR PRIVACY","","REDACTED FOR PRIVACY","New Zealand","","REDACTED FOR PRIVACY","REDACTED FOR PRIVACY","","","","","","","","","","","","","","","","","","","","","","","","","","","","","","","","","","","addPeriod","","",""
"35","grindlaymullin.com","2020-05-07 19:10:21","2020-05-06","2020-05-06","2021-05-06","69","Tucows Domains Inc.","whois.tucows.com","http://domainhelp.opensrs.net","REDACTED FOR PRIVACY","REDACTED FOR PRIVACY","REDACTED FOR PRIVACY","REDACTED FOR PRIVACY","XX","REDACTED FOR PRIVACY","New Zealand","","REDACTED FOR PRIVACY","REDACTED FOR PRIVACY","REDACTED FOR PRIVACY","REDACTED FOR PRIVACY","REDACTED FOR PRIVACY","REDACTED FOR PRIVACY","REDACTED FOR PRIVACY","REDACTED FOR PRIVACY","REDACTED FOR PRIVACY","","REDACTED FOR PRIVACY","REDACTED FOR PRIVACY","REDACTED FOR PRIVACY","REDACTED FOR PRIVACY","REDACTED FOR PRIVACY","REDACTED FOR PRIVACY","REDACTED FOR PRIVACY","REDACTED FOR PRIVACY","REDACTED FOR PRIVACY","","REDACTED FOR PRIVACY","REDACTED FOR PRIVACY","","","","","","","","","","","ns1.sgp71.siteground.asia","ns2.sgp71.siteground.asia","","","clientTransferProhibited","clientUpdateProhibited","",""
"36","gritbecker.com","2020-05-07 21:36:36","2020-05-06","2020-05-06","2021-05-06","48","eNom, Inc.","whois.enom.com","http://www.enom.com","REDACTED FOR PRIVACY","REDACTED FOR PRIVACY","REDACTED FOR PRIVACY","REDACTED FOR PRIVACY","REDACTED FOR PRIVACY","REDACTED FOR PRIVACY","New Zealand","","REDACTED FOR PRIVACY","REDACTED FOR PRIVACY","REDACTED FOR PRIVACY","REDACTED FOR PRIVACY","REDACTED FOR PRIVACY","REDACTED FOR PRIVACY","REDACTED FOR PRIVACY","REDACTED FOR PRIVACY","REDACTED FOR PRIVACY","","REDACTED FOR PRIVACY","REDACTED FOR PRIVACY","REDACTED FOR PRIVACY","REDACTED FOR PRIVACY","REDACTED FOR PRIVACY","REDACTED FOR PRIVACY","REDACTED FOR PRIVACY","REDACTED FOR PRIVACY","REDACTED FOR PRIVACY","","REDACTED FOR PRIVACY","REDACTED FOR PRIVACY","","","","","","","","","","","ns1.1stdomains.net.nz","ns2.1stdomains.net.nz","","","addPeriod","ok","",""
"37","happybodiesonline.com","2020-05-07 21:31:28","2020-05-06","2020-05-06","2021-05-06","1583","Web Drive Ltd","whois.dp.ua","http://www.domainagent.co.nz","Corinne Austin","Corinne Austin","21 Hannah Street","Whangarei","","0110","New Zealand","jesse@graymedialtd.com","+64.212125130","","Corinne Austin","Corinne Austin","21 Hannah Street","Whangarei","","0110","New Zealand","jesse@graymedialtd.com","+64.212125130","","Gray Media Ltd","Gray Media Ltd","21 Hannah Street","Whangarei","","0110","New Zealand","domains@graymedialtd.com","+64.212125130","","","","","","","","","","","","ernest.ns.cloudflare.com","kristin.ns.cloudflare.com","","","clientTransferProhibited","","",""
"38","huskyfactor.com","2020-05-07 20:22:59","2020-05-05","2020-05-05","2022-05-05","9","register.com, Inc.","whois.register.com","http://www.register.com","Michelle Attwood","","220 Jones road RD5","Christchurch","","7675","New Zealand","michelleattwood@hotmail.com","+64.211959557","","Michelle Attwood","","220 Jones road RD5","Christchurch","","7675","New Zealand","michelleattwood@hotmail.com","+64.211959557","","DNS Admin","Freeparking","Level 2 2 Devon Street East","New Plymouth","","4310","New Zealand","domains@freeparking.co.nz","+64.67572881","+64.67572883","","","","","","","","","","","ns.freeparking.co.nz","ns2.freeparking.co.nz","","","clientTransferProhibited","","",""
"39","icoulddrawthat.com","2020-05-07 21:37:48","2020-05-06","2020-05-06","2021-05-06","1291","Crazy Domains FZ-LLC","whois.crazydomains.com","http://www.crazydomains.com","KARL SHERIDAN","MONSTER VALLEY LIMITED","74 KARANGAHAPE ROAD","AUCKLAND","","1010","New Zealand","karl@monstervalley.co.nz","+64.273334072","","KARL SHERIDAN","MONSTER VALLEY LIMITED","74 KARANGAHAPE ROAD","AUCKLAND","","1010","New Zealand","karl@monstervalley.co.nz","+64.273334072","+64.273334072","KARL SHERIDAN","MONSTER VALLEY LIMITED","74 KARANGAHAPE ROAD","AUCKLAND","","1010","New Zealand","karl@monstervalley.co.nz","+64.273334072","+64.273334072","","","","","","","","","","","ns1.crazydomains.com","ns2.crazydomains.com","","","OK","","",""
"40","intelligent-parked.domains","2020-05-07 06:30:59","2020-05-04","2020-05-04","2021-05-04","1345","Key-Systems, LLC","whois.nic.uk","http://www.key-systems.net/","REDACTED FOR PRIVACY","Registrant of intelligent-parked.domains","REDACTED FOR PRIVACY","REDACTED FOR PRIVACY","Auckland District","REDACTED FOR PRIVACY","New Zealand","","REDACTED FOR PRIVACY","REDACTED FOR PRIVACY","","","","","","","","","","","","","","","","","","","","","","","","","","","","","","","","","","","addPeriod","","",""
"41","invest-nz.com","2020-05-07 21:17:50","2020-05-06","2020-05-06","2021-05-06","303","PDR Ltd. d/b/a PublicDomainRegistry.com","whois.publicdomainregistry.com","http://www.publicdomainregistry.com","Reinhard Jagau","Tike Properties Ltd","4-31 Hoani Street","Christchurch","Canterbury","8053","New Zealand","riccarton@gmail.com","+64.220320220","","Reinhard Jagau","Tike Properties Ltd","4-31 Hoani Street","Christchurch","Canterbury","8053","New Zealand","riccarton@gmail.com","+64.220320220","","Reinhard Jagau","Tike Properties Ltd","4-31 Hoani Street","Christchurch","Canterbury","8053","New Zealand","riccarton@gmail.com","+64.220320220","","","","","","","","","","","","ns1.dns-parking.com","ns2.dns-parking.com","","","clientTransferProhibited","","",""
"42","izziebots.com","2020-05-07 19:11:36","2020-05-06","2020-05-06","2021-05-06","1583","Web Drive Ltd","whois.dp.ua","http://www.domainagent.co.nz","David Kelly","ZBots IP Limited","PO Box 301-288 Albany","Auckland","","0752","New Zealand","domains@zeald.com","+64.94157575","","David Kelly","ZBots IP Limited","PO Box 301-288 Albany","Auckland","","0752","New Zealand","domains@zeald.com","+64.94157575","","David Kelly","ZBots IP Limited","PO Box 301-288 Albany","Auckland","","0752","New Zealand","domains@zeald.com","+64.94157575","","","","","","","","","","","","ns1-1.zeald.com","ns1-2.zeald.com","","","clientTransferProhibited","","",""
"43","izzybots.biz","2020-05-07 16:32:49","2020-05-06","2020-05-06","2021-05-06","1583","Web Drive Ltd","whois.dp.ua","http://www.domainagent.co.nz","ZBots IP Limited","ZBots IP Limited","","","","","New Zealand","","","","","","","","","","","","","","","","","","","","","","","","","","","","","","","","","","ns1-1.zeald.com","ns1-2.zeald.com","","","addPeriod","clientTransferProhibited","",""
"44","izzybots.com","2020-05-07 19:11:42","2020-05-06","2020-05-06","2021-05-06","1583","Web Drive Ltd","whois.dp.ua","http://www.domainagent.co.nz","David Kelly","ZBots IP Limited","PO Box 301-288 Albany","Auckland","","0752","New Zealand","domains@zeald.com","+64.94157575","","David Kelly","ZBots IP Limited","PO Box 301-288 Albany","Auckland","","0752","New Zealand","domains@zeald.com","+64.94157575","","David Kelly","ZBots IP Limited","PO Box 301-288 Albany","Auckland","","0752","New Zealand","domains@zeald.com","+64.94157575","","","","","","","","","","","","ns1-1.zeald.com","ns1-2.zeald.com","","","clientTransferProhibited","","",""
"45","jayden.today","2020-05-07 22:24:01","2020-05-06","2020-05-06","2021-05-06","146","GoDaddy.com, LLC","whois.godaddy.com","http://registrar.godaddy.com","REDACTED FOR PRIVACY","","REDACTED FOR PRIVACY","REDACTED FOR PRIVACY","Canterbury","REDACTED FOR PRIVACY","New Zealand","","REDACTED FOR PRIVACY","REDACTED FOR PRIVACY","","","","","","","","","","","","","","","","","","","","","","","","","","","","","","","","","","","addPeriod","clientDeleteProhibited","clientRenewProhibited","clientTransferProhibited"
"46","jiayue.info","2020-05-07 23:25:17","2020-05-06","2020-05-06","2021-05-06","2","Network Solutions, LLC","whois.networksolutions.com","http://networksolutions.com","","","","","NZ-N","","New Zealand","","","","","","","","","","","","","","","","","","","","","","","","","","","","","","","","","","ns8.wixdns.net","ns9.wixdns.net","","","addPeriod","clientTransferProhibited","serverTransferProhibited",""
"47","jmaguireblog.com","2020-05-07 21:20:12","2020-05-06","2020-05-06","2021-05-06","146","GoDaddy.com, LLC","whois.godaddy.com","http://registrar.godaddy.com","","","","","waikato","","New Zealand","","","","","","","","","","","","","","","","","","","","","","","","","","","","","","","","","","ns1.gsyd1000.siteground.net","ns2.gsyd1000.siteground.net","","","clientDeleteProhibited","clientRenewProhibited","clientTransferProhibited","clientUpdateProhibited"
"48","jneilan.com","2020-05-07 21:35:35","2020-05-06","2020-05-06","2021-05-06","13","Melbourne IT, Ltd","whois.melbourneit.com","http://www.melbourneit.com","REDACTED FOR PRIVACY","REDACTED FOR PRIVACY","REDACTED FOR PRIVACY","REDACTED FOR PRIVACY","REDACTED FOR PRIVACY","REDACTED FOR PRIVACY","New Zealand","","REDACTED FOR PRIVACY","REDACTED FOR PRIVACY","REDACTED FOR PRIVACY","REDACTED FOR PRIVACY","REDACTED FOR PRIVACY","REDACTED FOR PRIVACY","REDACTED FOR PRIVACY","REDACTED FOR PRIVACY","REDACTED FOR PRIVACY","","REDACTED FOR PRIVACY","REDACTED FOR PRIVACY","REDACTED FOR PRIVACY","REDACTED FOR PRIVACY","REDACTED FOR PRIVACY","REDACTED FOR PRIVACY","REDACTED FOR PRIVACY","REDACTED FOR PRIVACY","REDACTED FOR PRIVACY","","REDACTED FOR PRIVACY","REDACTED FOR PRIVACY","","","","","","","","","","","ns1.nsserver.net.nz","ns2.nsserver.net.nz","ns3.nsserver.net.nz","","OK","","",""
"49","kerriprice.com","2020-05-07 21:31:48","2020-05-06","2020-05-06","2021-05-06","48","eNom, Inc.","whois.enom.com","http://www.enom.com","REDACTED FOR PRIVACY","REDACTED FOR PRIVACY","REDACTED FOR PRIVACY","REDACTED FOR PRIVACY","REDACTED FOR PRIVACY","REDACTED FOR PRIVACY","New Zealand","","REDACTED FOR PRIVACY","REDACTED FOR PRIVACY","REDACTED FOR PRIVACY","REDACTED FOR PRIVACY","REDACTED FOR PRIVACY","REDACTED FOR PRIVACY","REDACTED FOR PRIVACY","REDACTED FOR PRIVACY","REDACTED FOR PRIVACY","","REDACTED FOR PRIVACY","REDACTED FOR PRIVACY","REDACTED FOR PRIVACY","REDACTED FOR PRIVACY","REDACTED FOR PRIVACY","REDACTED FOR PRIVACY","REDACTED FOR PRIVACY","REDACTED FOR PRIVACY","REDACTED FOR PRIVACY","","REDACTED FOR PRIVACY","REDACTED FOR PRIVACY","","","","","","","","","","","ns1.1stdomains.net.nz","ns2.1stdomains.net.nz","","","addPeriod","ok","",""
"50","keytrackme.com","2020-05-07 21:22:22","2020-05-06","2020-05-06","2022-05-06","146","GoDaddy.com, LLC","whois.godaddy.com","http://registrar.godaddy.com","KeyTrack New Zealand Limited","KeyTrack New Zealand Limited","","","Auckland","","New Zealand","","","","","","","","","","","","","","","","","","","","","","","","","","","","","","","","","","ns71.domaincontrol.com","ns72.domaincontrol.com","","","clientDeleteProhibited","clientRenewProhibited","clientTransferProhibited","clientUpdateProhibited"
"51","khmer-shop.com","2020-05-07 21:36:37","2020-05-06","2020-05-06","2021-05-06","146","GoDaddy.com, LLC","whois.godaddy.com","http://registrar.godaddy.com","","","","","","","New Zealand","","","","","","","","","","","","","","","","","","","","","","","","","","","","","","","","","","ns31.domaincontrol.com","ns32.domaincontrol.com","","","clientDeleteProhibited","clientRenewProhibited","clientTransferProhibited","clientUpdateProhibited"
"52","kiwiganja.com","2020-05-07 21:32:28","2020-05-06","2020-05-06","2021-05-06","146","GoDaddy.com, LLC","whois.godaddy.com","http://registrar.godaddy.com","","","","","Otago","","New Zealand","","","","","","","","","","","","","","","","","","","","","","","","","","","","","","","","","","ns71.domaincontrol.com","ns72.domaincontrol.com","","","clientDeleteProhibited","clientRenewProhibited","clientTransferProhibited","clientUpdateProhibited"
"53","kiwipilates.com","2020-05-07 20:26:25","2020-05-05","2020-05-05","2021-05-05","146","GoDaddy.com, LLC","whois.godaddy.com","http://registrar.godaddy.com","","","","","","","New Zealand","","","","","","","","","","","","","","","","","","","","","","","","","","","","","","","","","","ns19.domaincontrol.com","ns20.domaincontrol.com","","","clientDeleteProhibited","clientRenewProhibited","clientTransferProhibited","clientUpdateProhibited"
"54","kiwirehab.com","2020-05-07 20:11:59","2020-05-05","2020-05-05","2021-05-05","146","GoDaddy.com, LLC","whois.godaddy.com","http://registrar.godaddy.com","","","","","","","New Zealand","","","","","","","","","","","","","","","","","","","","","","","","","","","","","","","","","","ns59.domaincontrol.com","ns60.domaincontrol.com","","","clientDeleteProhibited","clientRenewProhibited","clientTransferProhibited","clientUpdateProhibited"
"55","laughingcloudrecords.com","2020-05-07 19:13:51","2020-05-06","2020-05-06","2021-05-06","9","register.com, Inc.","whois.register.com","http://www.register.com","Tim Heraud","Laughing Cloud Records","168 Avenue Rd East Otahuhu","Auckland","","1062","New Zealand","tjheraud@gmail.com","+64.21858436","","Tim Heraud","Laughing Cloud Records","168 Avenue Rd East Otahuhu","Auckland","","1062","New Zealand","tjheraud@gmail.com","+64.21858436","","DNS Admin","Freeparking","Level 2 2 Devon Street East","New Plymouth","","4310","New Zealand","domains@freeparking.co.nz","+64.67572881","+64.67572883","","","","","","","","","","","ns.freeparking.co.nz","ns2.freeparking.co.nz","","","clientTransferProhibited","","",""
"56","lifecoachingnz.com","2020-05-07 21:31:59","2020-05-06","2020-05-06","2021-05-06","9","register.com, Inc.","whois.register.com","http://www.register.com","Laura Goldfinch","Keystones for Life Ltd","102a Scott Street","Blenheim","","7201","New Zealand","keystonesforlife@gmail.com","+64.0220257457","","Laura Goldfinch","Keystones for Life Ltd","102a Scott Street","Blenheim","","7201","New Zealand","keystonesforlife@gmail.com","+64.0220257457","","DNS Admin","Freeparking","Level 2 2 Devon Street East","New Plymouth","","4310","New Zealand","domains@freeparking.co.nz","+64.67572881","+64.67572883","","","","","","","","","","","ns.freeparking.co.nz","ns2.freeparking.co.nz","","","clientTransferProhibited","","",""
"57","loveyourjourney.info","2020-05-07 23:24:07","2020-05-06","2020-05-06","2021-05-06","146","GoDaddy.com, LLC","whois.godaddy.com","http://registrar.godaddy.com","","","","","Otago","","New Zealand","","","","","","","","","","","","","","","","","","","","","","","","","","","","","","","","","","ns35.domaincontrol.com","ns36.domaincontrol.com","","","addPeriod","clientDeleteProhibited","clientRenewProhibited","clientTransferProhibited"
"58","madebymaori.com","2020-05-07 21:27:11","2020-05-06","2020-05-06","2021-05-06","146","GoDaddy.com, LLC","whois.godaddy.com","http://registrar.godaddy.com","Loud Noise Media","Loud Noise Media","","","islington","","New Zealand","","","","","","","","","","","","","","","","","","","","","","","","","","","","","","","","","","ns31.domaincontrol.com","ns32.domaincontrol.com","","","clientDeleteProhibited","clientRenewProhibited","clientTransferProhibited","clientUpdateProhibited"
"59","magicnz.com","2020-05-07 21:34:00","2020-05-06","2020-05-06","2021-05-06","1387","1API GmbH","whois.1api.net","http://www.1api.net","REDACTED FOR PRIVACY","REDACTED FOR PRIVACY","REDACTED FOR PRIVACY","REDACTED FOR PRIVACY","Auckland","REDACTED FOR PRIVACY","New Zealand","","REDACTED FOR PRIVACY","","REDACTED FOR PRIVACY","REDACTED FOR PRIVACY","REDACTED FOR PRIVACY","REDACTED FOR PRIVACY","REDACTED FOR PRIVACY","REDACTED FOR PRIVACY","REDACTED FOR PRIVACY","","REDACTED FOR PRIVACY","","REDACTED FOR PRIVACY","REDACTED FOR PRIVACY","REDACTED FOR PRIVACY","REDACTED FOR PRIVACY","REDACTED FOR PRIVACY","REDACTED FOR PRIVACY","REDACTED FOR PRIVACY","","REDACTED FOR PRIVACY","","","","","","","","","","","","f1g1ns1.dnspod.net","f1g1ns2.dnspod.net","","","clientTransferProhibited","","",""
"60","matesof.com","2020-05-07 21:34:12","2020-05-06","2020-05-06","2022-05-06","1583","Web Drive Ltd","whois.dp.ua","http://www.domainagent.co.nz","Eastland Group","Eastland Group","37 Gladstone Road PO Box 1048","Gisborne","","4040","New Zealand","support@eastland.nz","+64.69864800","","Eastland Group","Eastland Group","37 Gladstone Road PO Box 1048","Gisborne","","4040","New Zealand","support@eastland.nz","+64.69864800","","Eastland Group","Eastland Group","37 Gladstone Road PO Box 1048","Gisborne","","4040","New Zealand","support@eastland.nz","+64.69864800","","","","","","","","","","","","ns1.nameserver.net.nz","ns2.nameserver.net.nz","ns3.nameserver.net.nz","","clientTransferProhibited","","",""
"61","matesoftairawhiti.com","2020-05-07 21:34:12","2020-05-06","2020-05-06","2022-05-06","1583","Web Drive Ltd","whois.dp.ua","http://www.domainagent.co.nz","Eastland Group","Eastech Ltd","172 Carnarvon Street PO Box 1048","Gisborne","","4040","New Zealand","support@eastland.nz","+64.68691634","","Eastland Group","Eastech Ltd","172 Carnarvon Street PO Box 1048","Gisborne","","4040","New Zealand","support@eastland.nz","+64.68691634","","Eastland Group","Eastech Ltd","172 Carnarvon Street PO Box 1048","Gisborne","","4040","New Zealand","support@eastland.nz","+64.68691634","","","","","","","","","","","","ns1.nameserver.net.nz","ns2.nameserver.net.nz","ns3.nameserver.net.nz","","clientTransferProhibited","","",""
"62","maungabike.com","2020-05-07 20:09:50","2020-05-05","2020-05-05","2021-05-05","48","eNom, Inc.","whois.enom.com","http://www.enom.com","REDACTED FOR PRIVACY","REDACTED FOR PRIVACY","REDACTED FOR PRIVACY","REDACTED FOR PRIVACY","New Zealand","REDACTED FOR PRIVACY","New Zealand","","REDACTED FOR PRIVACY","REDACTED FOR PRIVACY","REDACTED FOR PRIVACY","REDACTED FOR PRIVACY","REDACTED FOR PRIVACY","REDACTED FOR PRIVACY","REDACTED FOR PRIVACY","REDACTED FOR PRIVACY","REDACTED FOR PRIVACY","","REDACTED FOR PRIVACY","REDACTED FOR PRIVACY","REDACTED FOR PRIVACY","REDACTED FOR PRIVACY","REDACTED FOR PRIVACY","REDACTED FOR PRIVACY","REDACTED FOR PRIVACY","REDACTED FOR PRIVACY","REDACTED FOR PRIVACY","","REDACTED FOR PRIVACY","REDACTED FOR PRIVACY","","","","","","","","","","","ns1.1stdomains.net.nz","ns2.1stdomains.net.nz","","","addPeriod","ok","",""
"63","mindhealthhappiness.com","2020-05-07 20:19:28","2020-05-05","2020-05-05","2021-05-05","146","GoDaddy.com, LLC","whois.godaddy.com","http://registrar.godaddy.com","The Profit Partnership (NZ) Limited","The Profit Partnership (NZ) Limited","","","Waikato","","New Zealand","","","","","","","","","","","","","","","","","","","","","","","","","","","","","","","","","","ns59.domaincontrol.com","ns60.domaincontrol.com","","","clientDeleteProhibited","clientRenewProhibited","clientTransferProhibited","clientUpdateProhibited"
"64","minishalk.com","2020-05-07 19:10:05","2020-05-06","2020-05-06","2021-05-06","69","Tucows Domains Inc.","whois.tucows.com","http://domainhelp.opensrs.net","REDACTED FOR PRIVACY","REDACTED FOR PRIVACY","REDACTED FOR PRIVACY","REDACTED FOR PRIVACY","Auckland","REDACTED FOR PRIVACY","New Zealand","","REDACTED FOR PRIVACY","REDACTED FOR PRIVACY","REDACTED FOR PRIVACY","REDACTED FOR PRIVACY","REDACTED FOR PRIVACY","REDACTED FOR PRIVACY","REDACTED FOR PRIVACY","REDACTED FOR PRIVACY","REDACTED FOR PRIVACY","","REDACTED FOR PRIVACY","REDACTED FOR PRIVACY","REDACTED FOR PRIVACY","REDACTED FOR PRIVACY","REDACTED FOR PRIVACY","REDACTED FOR PRIVACY","REDACTED FOR PRIVACY","REDACTED FOR PRIVACY","REDACTED FOR PRIVACY","","REDACTED FOR PRIVACY","REDACTED FOR PRIVACY","","","","","","","","","","","ns1.ultimatewebdesigns.co.nz","ns2.ultimatewebdesigns.co.nz","","","clientTransferProhibited","clientUpdateProhibited","",""
"65","morphsolution.com","2020-05-07 21:29:54","2020-05-06","2020-05-06","2022-05-06","146","GoDaddy.com, LLC","whois.godaddy.com","http://registrar.godaddy.com","Morph Solutions Limited","Morph Solutions Limited","","","Auckland","","New Zealand","","","","","","","","","","","","","","","","","","","","","","","","","","","","","","","","","","ns1.us69.siteground.us","ns2.us69.siteground.us","","","clientDeleteProhibited","clientRenewProhibited","clientTransferProhibited","clientUpdateProhibited"
"66","mujereslive.com","2020-05-07 20:03:17","2020-05-05","2020-05-05","2021-05-05","146","GoDaddy.com, LLC","whois.godaddy.com","http://registrar.godaddy.com","","","","","Auckland","","New Zealand","","","","","","","","","","","","","","","","","","","","","","","","","","","","","","","","","","ns19.domaincontrol.com","ns20.domaincontrol.com","","","clientDeleteProhibited","clientRenewProhibited","clientTransferProhibited","clientUpdateProhibited"
"67","myhomelearningspace.com","2020-05-07 21:42:51","2020-05-06","2020-05-06","2021-05-06","303","PDR Ltd. d/b/a PublicDomainRegistry.com","whois.publicdomainregistry.com","http://www.publicdomainregistry.com","Officeplan Ltd","Officeplan Ltd","PO Box 6197","Christchurch","","8442","New Zealand","kent@officeplan.co.nz","+64.39631235","","Mothership","Mothership","PO Box 99814","Auckland","","1149","New Zealand","domains@mothership.co.nz","+64.99743171","","Mothership","Mothership","PO Box 99814","Auckland","","1149","New Zealand","domains@mothership.co.nz","+64.99743171","","","","","","","","","","","","ns1.sitehost.co.nz","ns2.sitehost.co.nz","ns3.sitehost.co.nz","","clientTransferProhibited","","",""
"68","mythicmods.com","2020-05-07 21:46:24","2020-05-05","2020-05-05","2021-05-05","146","GoDaddy.com, LLC","whois.godaddy.com","http://registrar.godaddy.com","","","","","Otago","","New Zealand","","","","","","","","","","","","","","","","","","","","","","","","","","","","","","","","","","ns19.domaincontrol.com","ns20.domaincontrol.com","","","clientDeleteProhibited","clientRenewProhibited","clientTransferProhibited","clientUpdateProhibited"
"69","need2q.com","2020-05-07 21:34:02","2020-05-06","2020-05-06","2022-05-06","146","GoDaddy.com, LLC","whois.godaddy.com","http://registrar.godaddy.com","","","","","Taranaki","","New Zealand","","","","","","","","","","","","","","","","","","","","","","","","","","","","","","","","","","ns19.domaincontrol.com","ns20.domaincontrol.com","","","clientDeleteProhibited","clientRenewProhibited","clientTransferProhibited","clientUpdateProhibited"
"70","newzealandfashioncollective.com","2020-05-07 20:11:08","2020-05-05","2020-05-05","2021-05-05","48","eNom, Inc.","whois.enom.com","http://www.enom.com","REDACTED FOR PRIVACY","REDACTED FOR PRIVACY","REDACTED FOR PRIVACY","REDACTED FOR PRIVACY","Otago","REDACTED FOR PRIVACY","New Zealand","","REDACTED FOR PRIVACY","REDACTED FOR PRIVACY","REDACTED FOR PRIVACY","REDACTED FOR PRIVACY","REDACTED FOR PRIVACY","REDACTED FOR PRIVACY","REDACTED FOR PRIVACY","REDACTED FOR PRIVACY","REDACTED FOR PRIVACY","","REDACTED FOR PRIVACY","REDACTED FOR PRIVACY","REDACTED FOR PRIVACY","REDACTED FOR PRIVACY","REDACTED FOR PRIVACY","REDACTED FOR PRIVACY","REDACTED FOR PRIVACY","REDACTED FOR PRIVACY","REDACTED FOR PRIVACY","","REDACTED FOR PRIVACY","REDACTED FOR PRIVACY","","","","","","","","","","","ns1.1stdomains.net.nz","ns2.1stdomains.net.nz","","","addPeriod","ok","",""
"71","newzealandprofessionalfishingguidesassociation.com","2020-05-07 21:46:35","2020-05-05","2020-05-06","2030-05-05","1291","Crazy Domains FZ-LLC","whois.crazydomains.com","http://www.crazydomains.com","NEW ZEALAND PROFESSIONAL FISHING GUIDES ASSOCIATION","NZPFGA","PO BOX 41","FAIRLIE","","7949","New Zealand","stay@owenriverlodge.co.nz","+64.036858977","","NEW ZEALAND PROFESSIONAL FISHING GUIDES ASSOCIATION","NZPFGA","PO BOX 41","FAIRLIE","","7949","New Zealand","stay@owenriverlodge.co.nz","+64.036858977","","NEW ZEALAND PROFESSIONAL FISHING GUIDES ASSOCIATION","NZPFGA","PO BOX 41","FAIRLIE","","7949","New Zealand","stay@owenriverlodge.co.nz","+64.036858977","","","","","","","","","","","","ns1.crazydomains.com","ns2.crazydomains.com","","","OK","","",""
"72","noshible.com","2020-05-07 19:17:00","2020-05-06","2020-05-06","2022-05-06","1154","FastDomain Inc.","whois.fastdomain.com","http://www.fastdomain.com","NINA GAB","","1 STANFORD ST","HENDERSON","","1010","New Zealand","f.thabtah@gmail.com","+64.211597391","","NINA GAB","","1 STANFORD ST","HENDERSON","","1010","New Zealand","f.thabtah@gmail.com","+64.211597391","","BLUEHOST INC","BLUEHOST.COM","550 E TIMPANOGOS PKWY","OREM","UTAH","84097","United States","domain@redl.ca","+1.8017659400","+1.8017651992","","","","","","","","","","","ns1.bluehost.com","ns2.bluehost.com","","","clientTransferProhibited","","",""
"73","nzcontrols.com","2020-05-07 21:28:13","2020-05-06","2020-05-06","2022-05-06","9","register.com, Inc.","whois.register.com","http://www.register.com","NZ Controls","NZ Controls","89 Carbine Rd, Mount Wellington, Auckland 1060","auckland","","1060","New Zealand","enquiries@nzcontrols.co.nz","+64.95272100","","NZ Controls","NZ Controls","89 Carbine Rd, Mount Wellington, Auckland 1060","auckland","","1060","New Zealand","enquiries@nzcontrols.co.nz","+64.95272100","","DNS Admin","Freeparking","Level 2 2 Devon Street East","New Plymouth","","4310","New Zealand","domains@freeparking.co.nz","+64.67572881","+64.67572883","","","","","","","","","","","ns.freeparking.co.nz","ns2.freeparking.co.nz","","","clientTransferProhibited","","",""
"74","okuorafarms.com","2020-05-07 20:09:50","2020-05-05","2020-05-05","2022-05-05","69","Tucows Domains Inc.","whois.tucows.com","http://domainhelp.opensrs.net","REDACTED FOR PRIVACY","REDACTED FOR PRIVACY","REDACTED FOR PRIVACY","REDACTED FOR PRIVACY","Auckland","REDACTED FOR PRIVACY","New Zealand","","REDACTED FOR PRIVACY","REDACTED FOR PRIVACY","REDACTED FOR PRIVACY","REDACTED FOR PRIVACY","REDACTED FOR PRIVACY","REDACTED FOR PRIVACY","REDACTED FOR PRIVACY","REDACTED FOR PRIVACY","REDACTED FOR PRIVACY","","REDACTED FOR PRIVACY","REDACTED FOR PRIVACY","REDACTED FOR PRIVACY","REDACTED FOR PRIVACY","REDACTED FOR PRIVACY","REDACTED FOR PRIVACY","REDACTED FOR PRIVACY","REDACTED FOR PRIVACY","REDACTED FOR PRIVACY","","REDACTED FOR PRIVACY","REDACTED FOR PRIVACY","","","","","","","","","","","ns1.digiweb.co.nz","ns2.digiweb.co.nz","ns3.digiweb.co.nz","","clientTransferProhibited","clientUpdateProhibited","",""
"75","ondray.club","2020-05-07 06:32:21","2020-05-04","2020-05-04","2021-05-04","146","GoDaddy.com, LLC","whois.godaddy.com","http://registrar.godaddy.com","Ondraynz","Ondraynz","","","New South Wales","","New Zealand","","","","","","","","","","","","","","","","","","","","","","","","","","","","","","","","","","ns23.domaincontrol.com","ns24.domaincontrol.com","","","addPeriod","clientDeleteProhibited","clientRenewProhibited","clientTransferProhibited"
"76","onlinecoachingleadsmachine.com","2020-05-07 19:08:36","2020-05-06","2020-05-06","2021-05-06","146","GoDaddy.com, LLC","whois.godaddy.com","http://registrar.godaddy.com","Team Empathy Limited","Team Empathy Limited","","","Auckland","","New Zealand","","","","","","","","","","","","","","","","","","","","","","","","","","","","","","","","","","ns31.domaincontrol.com","ns32.domaincontrol.com","","","clientDeleteProhibited","clientRenewProhibited","clientTransferProhibited","clientUpdateProhibited"
"77","palmmedianz.com","2020-05-07 19:16:51","2020-05-06","2020-05-06","2021-05-06","146","GoDaddy.com, LLC","whois.godaddy.com","http://registrar.godaddy.com","","","","","Otago","","New Zealand","","","","","","","","","","","","","","","","","","","","","","","","","","","","","","","","","","ns59.domaincontrol.com","ns60.domaincontrol.com","","","clientDeleteProhibited","clientRenewProhibited","clientTransferProhibited","clientUpdateProhibited"
"78","paulsrockngold.com","2020-05-07 20:15:36","2020-05-05","2020-05-05","2021-05-05","69","Tucows Domains Inc.","whois.tucows.com","http://domainhelp.opensrs.net","REDACTED FOR PRIVACY","REDACTED FOR PRIVACY","REDACTED FOR PRIVACY","REDACTED FOR PRIVACY","Wellington","REDACTED FOR PRIVACY","New Zealand","","REDACTED FOR PRIVACY","REDACTED FOR PRIVACY","REDACTED FOR PRIVACY","REDACTED FOR PRIVACY","REDACTED FOR PRIVACY","REDACTED FOR PRIVACY","REDACTED FOR PRIVACY","REDACTED FOR PRIVACY","REDACTED FOR PRIVACY","","REDACTED FOR PRIVACY","REDACTED FOR PRIVACY","REDACTED FOR PRIVACY","REDACTED FOR PRIVACY","REDACTED FOR PRIVACY","REDACTED FOR PRIVACY","REDACTED FOR PRIVACY","REDACTED FOR PRIVACY","REDACTED FOR PRIVACY","","REDACTED FOR PRIVACY","REDACTED FOR PRIVACY","","","","","","","","","","","ns1.iserve.net.nz","ns2.iserve.net.nz","","","clientTransferProhibited","clientUpdateProhibited","",""
"79","pawsome-dogwalkin.com","2020-05-07 21:19:05","2020-05-06","2020-05-06","2021-05-06","303","PDR Ltd. d/b/a PublicDomainRegistry.com","whois.publicdomainregistry.com","http://www.publicdomainregistry.com","Digital Cloud","Digital Cloud","36 Grey St","Palmerston North","","4410","New Zealand","domains@digitalcloud.net.nz","+64.67775112","","Digital Cloud","Digital Cloud","36 Grey St","Palmerston North","","4410","New Zealand","domains@digitalcloud.net.nz","+64.67775112","","Digital Cloud","Digital Cloud","36 Grey St","Palmerston North","","4410","New Zealand","domains@digitalcloud.net.nz","+64.67775112","","","","","","","","","","","","whm1.dgc.nz","whm2.dgc.nz","","","clientTransferProhibited","","",""
"80","pslclinical.com","2020-05-07 21:36:15","2020-05-06","2020-05-06","2021-05-06","9","register.com, Inc.","whois.register.com","http://www.register.com","Pharmaceutical Solutions","Pharmaceutical Solutions Ltd","Level 1 The Levy Building 20 Customs Street","Auckland","","1143","New Zealand","ict@pharmasols.com","+64.93798205","+64.93798244","Pharmaceutical Solutions","Pharmaceutical Solutions Ltd","level 1 The Levy Building 20 Customs Street East","Auckland","","1143","New Zealand","ict@pharmasols.com","+64.93798205","+64.93798244","DNS Admin","Freeparking","Level 2 2 Devon Street East","New Plymouth","","4310","New Zealand","domains@freeparking.co.nz","+64.67572881","+64.67572883","","","","","","","","","","","ns.freeparking.co.nz","ns2.freeparking.co.nz","","","clientTransferProhibited","","",""
"81","pslclinicaltrials.com","2020-05-07 19:08:39","2020-05-06","2020-05-06","2021-05-06","9","register.com, Inc.","whois.register.com","http://www.register.com","Pharmaceutical Solutions","Pharmaceutical Solutions Ltd","Level 1 The Levy Building 20 Customs Street","Auckland","","1143","New Zealand","ict@pharmasols.com","+64.93798205","+64.93798244","Pharmaceutical Solutions","Pharmaceutical Solutions Ltd","level 1 The Levy Building 20 Customs Street East","Auckland","","1143","New Zealand","ict@pharmasols.com","+64.93798205","+64.93798244","DNS Admin","Freeparking","Level 2 2 Devon Street East","New Plymouth","","4310","New Zealand","domains@freeparking.co.nz","+64.67572881","+64.67572883","","","","","","","","","","","ns.freeparking.co.nz","ns2.freeparking.co.nz","","","clientTransferProhibited","","",""
"82","pslhealth.com","2020-05-07 19:08:43","2020-05-06","2020-05-06","2021-05-06","9","register.com, Inc.","whois.register.com","http://www.register.com","Pharmaceutical Solutions","Pharmaceutical Solutions Ltd","Level 1 The Levy Building 20 Customs Street","Auckland","","1143","New Zealand","ict@pharmasols.com","+64.93798205","+64.93798244","Pharmaceutical Solutions","Pharmaceutical Solutions Ltd","level 1 The Levy Building 20 Customs Street East","Auckland","","1143","New Zealand","ict@pharmasols.com","+64.93798205","+64.93798244","DNS Admin","Freeparking","Level 2 2 Devon Street East","New Plymouth","","4310","New Zealand","domains@freeparking.co.nz","+64.67572881","+64.67572883","","","","","","","","","","","ns.freeparking.co.nz","ns2.freeparking.co.nz","","","clientTransferProhibited","","",""
"83","pslhealthresearch.com","2020-05-07 19:08:41","2020-05-06","2020-05-06","2021-05-06","9","register.com, Inc.","whois.register.com","http://www.register.com","Pharmaceutical Solutions","Pharmaceutical Solutions Ltd","Level 1 The Levy Building 20 Customs Street","Auckland","","1143","New Zealand","ict@pharmasols.com","+64.93798205","+64.93798244","Pharmaceutical Solutions","Pharmaceutical Solutions Ltd","level 1 The Levy Building 20 Customs Street East","Auckland","","1143","New Zealand","ict@pharmasols.com","+64.93798205","+64.93798244","DNS Admin","Freeparking","Level 2 2 Devon Street East","New Plymouth","","4310","New Zealand","domains@freeparking.co.nz","+64.67572881","+64.67572883","","","","","","","","","","","ns.freeparking.co.nz","ns2.freeparking.co.nz","","","clientTransferProhibited","","",""
"84","purenzgrass.com","2020-05-07 21:32:34","2020-05-06","2020-05-06","2021-05-06","146","GoDaddy.com, LLC","whois.godaddy.com","http://registrar.godaddy.com","","","","","Otago","","New Zealand","","","","","","","","","","","","","","","","","","","","","","","","","","","","","","","","","","ns31.domaincontrol.com","ns32.domaincontrol.com","","","clientDeleteProhibited","clientRenewProhibited","clientTransferProhibited","clientUpdateProhibited"
"85","purenzweed.com","2020-05-07 21:32:32","2020-05-06","2020-05-06","2021-05-06","146","GoDaddy.com, LLC","whois.godaddy.com","http://registrar.godaddy.com","","","","","Otago","","New Zealand","","","","","","","","","","","","","","","","","","","","","","","","","","","","","","","","","","ns73.domaincontrol.com","ns74.domaincontrol.com","","","clientDeleteProhibited","clientRenewProhibited","clientTransferProhibited","clientUpdateProhibited"
"86","rachaelsarahphotography.com","2020-05-07 21:36:34","2020-05-06","2020-05-06","2021-05-06","625","Name.com, Inc.","whois.name.com","http://www.name.com","Non-Public Data","Rachael Sarah Photography","Non-Public Data","Non-Public Data","","00000","New Zealand","","+00.0000000","","Non-Public Data","Non-Public Data","Non-Public Data","Non-Public Data","Non-Public Data","00000","","","+00.0000000","","Non-Public Data","Non-Public Data","Non-Public Data","Non-Public Data","Non-Public Data","00000","","","+00.0000000","","","","","","","","","","","","ns11.jimdo.com","ns12.jimdo.com","","","addPeriod","clientTransferProhibited","",""
"87","rakonta.com","2020-05-07 21:36:47","2020-05-06","2020-05-06","2030-05-06","69","Tucows Domains Inc.","whois.tucows.com","http://domainhelp.opensrs.net","REDACTED FOR PRIVACY","REDACTED FOR PRIVACY","REDACTED FOR PRIVACY","REDACTED FOR PRIVACY","NA","REDACTED FOR PRIVACY","New Zealand","","REDACTED FOR PRIVACY","REDACTED FOR PRIVACY","REDACTED FOR PRIVACY","REDACTED FOR PRIVACY","REDACTED FOR PRIVACY","REDACTED FOR PRIVACY","REDACTED FOR PRIVACY","REDACTED FOR PRIVACY","REDACTED FOR PRIVACY","","REDACTED FOR PRIVACY","REDACTED FOR PRIVACY","REDACTED FOR PRIVACY","REDACTED FOR PRIVACY","REDACTED FOR PRIVACY","REDACTED FOR PRIVACY","REDACTED FOR PRIVACY","REDACTED FOR PRIVACY","REDACTED FOR PRIVACY","","REDACTED FOR PRIVACY","REDACTED FOR PRIVACY","","","","","","","","","","","ns1.bdm.microsoftonline.com","ns2.bdm.microsoftonline.com","ns3.bdm.microsoftonline.com","ns4.bdm.microsoftonline.com","OK","","",""
"88","reconnectandprofit.com","2020-05-07 21:19:15","2020-05-06","2020-05-06","2021-05-06","1005","NetEarth One Inc. d/b/a NetEarth","whois.advancedregistrar.com","http://www.netearthone.com","Greg Larsen","","2/69 East Coast Road Milford","Auckland","Auckland","0620","New Zealand","greglarsen10@gmail.com","+64.21960801","","Greg Larsen","","2/69 East Coast Road Milford","Auckland","Auckland","0620","New Zealand","greglarsen10@gmail.com","+64.21960801","","Greg Larsen","","2/69 East Coast Road Milford","Auckland","Auckland","0620","New Zealand","greglarsen10@gmail.com","+64.21960801","","","","","","","","","","","","ns1.hooplahosting.co.nz","ns2.hooplahosting.co.nz","ns3.hooplahosting.co.nz","","clientTransferProhibited","","",""
"89","simpl.limited","2020-05-07 23:21:03","2020-05-05","2020-05-05","2021-05-05","146","GoDaddy.com, LLC","whois.godaddy.com","http://registrar.godaddy.com","REDACTED FOR PRIVACY","Fastlane","REDACTED FOR PRIVACY","REDACTED FOR PRIVACY","Auckland","REDACTED FOR PRIVACY","New Zealand","","REDACTED FOR PRIVACY","REDACTED FOR PRIVACY","","","","","","","","","","","","","","","","","","","","","","","","","","","","","","","","","","","addPeriod","clientDeleteProhibited","clientRenewProhibited","clientTransferProhibited"
"90","stonecraftnetwork.com","2020-05-07 21:19:21","2020-05-06","2020-05-06","2021-05-06","146","GoDaddy.com, LLC","whois.godaddy.com","http://registrar.godaddy.com","minecraft server","minecraft server","","","Marlborough","","New Zealand","","","","","","","","","","","","","","","","","","","","","","","","","","","","","","","","","","ns73.domaincontrol.com","ns74.domaincontrol.com","","","clientDeleteProhibited","clientRenewProhibited","clientTransferProhibited","clientUpdateProhibited"
"91","sweatwithpride.com","2020-05-07 20:15:56","2020-05-05","2020-05-05","2021-05-05","303","PDR Ltd. d/b/a PublicDomainRegistry.com","whois.publicdomainregistry.com","http://www.publicdomainregistry.com","New Zealand AIDS Foundation","New Zealand AIDS Foundation","31-35 Hargreaves Street","Auckland","","1011","New Zealand","accounts@nzaf.org.nz","+64.93033124","","New Zealand Aids Foundation","New Zealand Aids Foundation","166 Richmond Road","Auckland","","1021","New Zealand","ben@mix.nz","+64.21739463","","New Zealand Aids Foundation","New Zealand Aids Foundation","166 Richmond Road","Auckland","","1021","New Zealand","ben@mix.nz","+64.21739463","","","","","","","","","","","","dolly.ns.cloudflare.com","wesley.ns.cloudflare.com","","","clientTransferProhibited","","",""
"92","thechef.life","2020-05-07 06:00:49","2020-05-05","2020-05-06","2021-05-05","146","GoDaddy.com, LLC","whois.godaddy.com","http://registrar.godaddy.com","REDACTED FOR PRIVACY","malcolm ford consulting","REDACTED FOR PRIVACY","REDACTED FOR PRIVACY","Northland","REDACTED FOR PRIVACY","New Zealand","","REDACTED FOR PRIVACY","REDACTED FOR PRIVACY","","","","","","","","","","","","","","","","","","","","","","","","","","","","","","","","","","","addPeriod","clientDeleteProhibited","clientRenewProhibited","clientTransferProhibited"
"93","thelittlethings.kiwi","2020-05-07 21:14:00","2020-05-01","2020-05-06","2021-05-01","1376","Instra Corporation Pty Ltd.","whois.instra.net","http://www.instra.com","REDACTED FOR PRIVACY","Registrant of thelittlethings.kiwi","REDACTED FOR PRIVACY","REDACTED FOR PRIVACY","Auckland District","REDACTED FOR PRIVACY","New Zealand","","REDACTED FOR PRIVACY","REDACTED FOR PRIVACY","REDACTED FOR PRIVACY","REDACTED FOR PRIVACY","REDACTED FOR PRIVACY","REDACTED FOR PRIVACY","REDACTED FOR PRIVACY","REDACTED FOR PRIVACY","REDACTED FOR PRIVACY","","REDACTED FOR PRIVACY","REDACTED FOR PRIVACY","REDACTED FOR PRIVACY","REDACTED FOR PRIVACY","REDACTED FOR PRIVACY","REDACTED FOR PRIVACY","REDACTED FOR PRIVACY","REDACTED FOR PRIVACY","REDACTED FOR PRIVACY","","REDACTED FOR PRIVACY","REDACTED FOR PRIVACY","REDACTED FOR PRIVACY","REDACTED FOR PRIVACY","REDACTED FOR PRIVACY","REDACTED FOR PRIVACY","REDACTED FOR PRIVACY","REDACTED FOR PRIVACY","REDACTED FOR PRIVACY","","REDACTED FOR PRIVACY","REDACTED FOR PRIVACY","ns1.us195.siteground.us","ns2.us195.siteground.us","","","serverTransferProhibited","","",""
"94","theprocureproject.com","2020-05-07 21:21:40","2020-05-06","2020-05-06","2021-05-06","13","Melbourne IT, Ltd","whois.melbourneit.com","http://www.melbourneit.com","REDACTED FOR PRIVACY","REDACTED FOR PRIVACY","REDACTED FOR PRIVACY","REDACTED FOR PRIVACY","Not specified","REDACTED FOR PRIVACY","New Zealand","","REDACTED FOR PRIVACY","REDACTED FOR PRIVACY","REDACTED FOR PRIVACY","REDACTED FOR PRIVACY","REDACTED FOR PRIVACY","REDACTED FOR PRIVACY","REDACTED FOR PRIVACY","REDACTED FOR PRIVACY","REDACTED FOR PRIVACY","","REDACTED FOR PRIVACY","REDACTED FOR PRIVACY","REDACTED FOR PRIVACY","REDACTED FOR PRIVACY","REDACTED FOR PRIVACY","REDACTED FOR PRIVACY","REDACTED FOR PRIVACY","REDACTED FOR PRIVACY","REDACTED FOR PRIVACY","","REDACTED FOR PRIVACY","REDACTED FOR PRIVACY","","","","","","","","","","","ns1.nsserver.net.nz","ns2.nsserver.net.nz","ns3.nsserver.net.nz","","OK","","",""
"95","timkoentgen.com","2020-05-07 20:22:12","2020-05-05","2020-05-05","2021-05-05","146","GoDaddy.com, LLC","whois.godaddy.com","http://registrar.godaddy.com","","","","","Otago","","New Zealand","","","","","","","","","","","","","","","","","","","","","","","","","","","","","","","","","","ns71.domaincontrol.com","ns72.domaincontrol.com","","","clientDeleteProhibited","clientRenewProhibited","clientTransferProhibited","clientUpdateProhibited"
"96","traktd.com","2020-05-07 21:16:22","2020-05-06","2020-05-06","2021-05-06","146","GoDaddy.com, LLC","whois.godaddy.com","http://registrar.godaddy.com","MPZ One Limited","MPZ One Limited","","","Canterbury","","New Zealand","","","","","","","","","","","","","","","","","","","","","","","","","","","","","","","","","","ns31.domaincontrol.com","ns32.domaincontrol.com","","","clientDeleteProhibited","clientRenewProhibited","clientTransferProhibited","clientUpdateProhibited"
"97","tvgvintage.com","2020-05-07 19:12:59","2020-05-06","2020-05-06","2021-05-06","1583","Web Drive Ltd","whois.dp.ua","http://www.domainagent.co.nz","Christine Douglas","The Village Goldsmith","78 Victoria Street","Wellington","","6011","New Zealand","accounts@villagegoldsmith.co.nz","+64.44735253","","Christine Douglas","The Village Goldsmith","78 Victoria Street","Wellington","","6011","New Zealand","accounts@villagegoldsmith.co.nz","+64.44735253","","Domain Administrator","Pureweb Limited","PO Box 24480 Manners Street","Wellington","","6142","New Zealand","domains@pureweb.co.nz","+64.49748260","","","","","","","","","","","","ns1.nameserver.net.nz","ns2.nameserver.net.nz","ns3.nameserver.net.nz","","clientTransferProhibited","","",""
"98","tweettidy.com","2020-05-07 21:27:02","2020-05-06","2020-05-07","2021-05-06","1591","Promo People inc.","whois.nic.fr","http://www.ait.com","REDACTED FOR PRIVACY","REDACTED FOR PRIVACY","REDACTED FOR PRIVACY","REDACTED FOR PRIVACY","REDACTED FOR PRIVACY","REDACTED FOR PRIVACY","New Zealand","","REDACTED FOR PRIVACY","REDACTED FOR PRIVACY","REDACTED FOR PRIVACY","REDACTED FOR PRIVACY","REDACTED FOR PRIVACY","REDACTED FOR PRIVACY","REDACTED FOR PRIVACY","REDACTED FOR PRIVACY","REDACTED FOR PRIVACY","","REDACTED FOR PRIVACY","REDACTED FOR PRIVACY","REDACTED FOR PRIVACY","REDACTED FOR PRIVACY","REDACTED FOR PRIVACY","REDACTED FOR PRIVACY","REDACTED FOR PRIVACY","REDACTED FOR PRIVACY","REDACTED FOR PRIVACY","","REDACTED FOR PRIVACY","REDACTED FOR PRIVACY","","","","","","","","","","","ns1.hostpapa.com","ns2.hostpapa.com","","","clientTransferProhibited","clientUpdateProhibited","",""
"99","unicornsandcryptocurrency.com","2020-05-07 19:12:30","2020-05-06","2020-05-06","2021-05-06","48","eNom, Inc.","whois.enom.com","http://www.enom.com","REDACTED FOR PRIVACY","REDACTED FOR PRIVACY","REDACTED FOR PRIVACY","REDACTED FOR PRIVACY","Auckland (Tmaki-makau-rau)","REDACTED FOR PRIVACY","New Zealand","","REDACTED FOR PRIVACY","REDACTED FOR PRIVACY","REDACTED FOR PRIVACY","REDACTED FOR PRIVACY","REDACTED FOR PRIVACY","REDACTED FOR PRIVACY","REDACTED FOR PRIVACY","REDACTED FOR PRIVACY","REDACTED FOR PRIVACY","","REDACTED FOR PRIVACY","REDACTED FOR PRIVACY","REDACTED FOR PRIVACY","REDACTED FOR PRIVACY","REDACTED FOR PRIVACY","REDACTED FOR PRIVACY","REDACTED FOR PRIVACY","REDACTED FOR PRIVACY","REDACTED FOR PRIVACY","","REDACTED FOR PRIVACY","REDACTED FOR PRIVACY","","","","","","","","","","","ns1.coolhandle.com","ns2.coolhandle.com","","","addPeriod","clientTransferProhibited","",""
"100","unitedkingdomofnewzealand.info","2020-05-07 23:21:20","2020-05-06","2020-05-06","2021-05-06","1472","LiquidNet Ltd.","whois.liquidnetlimited.com","http://www.liquidnetlimited.com","","","","","Auckland","","New Zealand","","","","","","","","","","","","","","","","","","","","","","","","","","","","","","","","","","dns1.50webs.com","dns2.50webs.com","","","addPeriod","clientTransferProhibited","serverTransferProhibited",""
"101","usafoodwarehouse.com","2020-05-07 21:35:06","2020-05-06","2020-05-06","2021-05-06","625","Name.com, Inc.","whois.name.com","http://www.name.com","sking zen","digikiwi","pobox 41338 , St lukes","auckland","Auckland","1024","New Zealand","skingzen@gmail.com","+64.21668262","","sking zen","digikiwi","pobox 41338 , St lukes","auckland","Auckland","1024","New Zealand","skingzen@gmail.com","+64.21668262","","sking zen","digikiwi","pobox 41338 , St lukes","auckland","Auckland","1024","New Zealand","skingzen@gmail.com","+64.21668262","","","","","","","","","","","","ns1psw.name.com","ns2fgp.name.com","ns3fgh.name.com","ns4jnz.name.com","addPeriod","clientTransferProhibited","",""
"102","usfoodwarehouse.com","2020-05-07 21:34:56","2020-05-06","2020-05-06","2021-05-06","625","Name.com, Inc.","whois.name.com","http://www.name.com","sking zen","digikiwi","pobox 41338 , St lukes","auckland","Auckland","1024","New Zealand","skingzen@gmail.com","+64.21668262","","sking zen","digikiwi","pobox 41338 , St lukes","auckland","Auckland","1024","New Zealand","skingzen@gmail.com","+64.21668262","","sking zen","digikiwi","pobox 41338 , St lukes","auckland","Auckland","1024","New Zealand","skingzen@gmail.com","+64.21668262","","","","","","","","","","","","ns1psw.name.com","ns2fgp.name.com","ns3fgh.name.com","ns4jnz.name.com","addPeriod","clientTransferProhibited","",""
"103","verticalnz.com","2020-05-07 21:24:37","2020-05-06","2020-05-06","2021-05-06","1005","NetEarth One Inc. d/b/a NetEarth","whois.advancedregistrar.com","http://www.netearthone.com","Jesse Higson","","21 College Drive RD1","Taupiri","Waikato","3791","New Zealand","wabbites@gmail.com","+64.2108088448","","Jesse Higson","","21 College Drive RD1","Taupiri","Waikato","3791","New Zealand","wabbites@gmail.com","+64.2108088448","","Jesse Higson","","21 College Drive RD1","Taupiri","Waikato","3791","New Zealand","wabbites@gmail.com","+64.2108088448","","","","","","","","","","","","ns1.iaasdns.com","ns2.iaasdns.com","","","clientTransferProhibited","","",""
"104","wholesalemanukahoney.com","2020-05-07 19:14:25","2020-05-06","2020-05-06","2021-05-06","146","GoDaddy.com, LLC","whois.godaddy.com","http://registrar.godaddy.com","DOTCOM PUBLISHING","DOTCOM PUBLISHING","","","North Island","","New Zealand","","","","","","","","","","","","","","","","","","","","","","","","","","","","","","","","","","ns71.domaincontrol.com","ns72.domaincontrol.com","","","clientDeleteProhibited","clientRenewProhibited","clientTransferProhibited","clientUpdateProhibited"
"105","wildlysavvydame.com","2020-05-07 20:10:19","2020-05-05","2020-05-05","2022-05-05","9","register.com, Inc.","whois.register.com","http://www.register.com","Isabella Davide","wildly savvy dame","5 Alder Place Newlands 6037","Wellington","- Select -","6037","New Zealand","izzydavide@gmail.com","+64.272743800","+64.272743800","Isabella Davide","wildly savvy dame","5 Alder Place Newlands 6037","Wellington","- Select -","6037","New Zealand","izzydavide@gmail.com","+64.272743800","+64.272743800","DNS Admin","Freeparking","Level 2 2 Devon Street East","New Plymouth","","4310","New Zealand","domains@freeparking.co.nz","+64.67572881","+64.67572883","","","","","","","","","","","ns.freeparking.co.nz","ns2.freeparking.co.nz","","","clientTransferProhibited","","",""
"106","worldnetworklink.com","2020-05-07 21:35:23","2020-05-06","2020-05-06","2021-05-06","146","GoDaddy.com, LLC","whois.godaddy.com","http://registrar.godaddy.com","","","","","North Island","","New Zealand","","","","","","","","","","","","","","","","","","","","","","","","","","","","","","","","","","ns71.domaincontrol.com","ns72.domaincontrol.com","","","clientDeleteProhibited","clientRenewProhibited","clientTransferProhibited","clientUpdateProhibited"
"107","worldwidealive.com","2020-05-07 21:35:20","2020-05-06","2020-05-06","2021-05-06","146","GoDaddy.com, LLC","whois.godaddy.com","http://registrar.godaddy.com","","","","","North Island","","New Zealand","","","","","","","","","","","","","","","","","","","","","","","","","","","","","","","","","","ns71.domaincontrol.com","ns72.domaincontrol.com","","","clientDeleteProhibited","clientRenewProhibited","clientTransferProhibited","clientUpdateProhibited"
"108","worldwidetalkback.com","2020-05-07 21:35:21","2020-05-06","2020-05-06","2021-05-06","146","GoDaddy.com, LLC","whois.godaddy.com","http://registrar.godaddy.com","","","","","North Island","","New Zealand","","","","","","","","","","","","","","","","","","","","","","","","","","","","","","","","","","ns71.domaincontrol.com","ns72.domaincontrol.com","","","clientDeleteProhibited","clientRenewProhibited","clientTransferProhibited","clientUpdateProhibited"
"109","worldwidetelecast.com","2020-05-07 21:35:14","2020-05-06","2020-05-06","2021-05-06","146","GoDaddy.com, LLC","whois.godaddy.com","http://registrar.godaddy.com","","","","","North Island","","New Zealand","","","","","","","","","","","","","","","","","","","","","","","","","","","","","","","","","","ns31.domaincontrol.com","ns32.domaincontrol.com","","","clientDeleteProhibited","clientRenewProhibited","clientTransferProhibited","clientUpdateProhibited"
"110","worldwidewebtalk.com","2020-05-07 21:35:21","2020-05-06","2020-05-06","2021-05-06","146","GoDaddy.com, LLC","whois.godaddy.com","http://registrar.godaddy.com","","","","","North Island","","New Zealand","","","","","","","","","","","","","","","","","","","","","","","","","","","","","","","","","","ns19.domaincontrol.com","ns20.domaincontrol.com","","","clientDeleteProhibited","clientRenewProhibited","clientTransferProhibited","clientUpdateProhibited"
"111","worldwidewebtalkback.com","2020-05-07 21:35:22","2020-05-06","2020-05-06","2021-05-06","146","GoDaddy.com, LLC","whois.godaddy.com","http://registrar.godaddy.com","","","","","North Island","","New Zealand","","","","","","","","","","","","","","","","","","","","","","","","","","","","","","","","","","ns31.domaincontrol.com","ns32.domaincontrol.com","","","clientDeleteProhibited","clientRenewProhibited","clientTransferProhibited","clientUpdateProhibited"
"112","xabka.net","2020-05-07 05:36:24","2020-05-05","2020-05-05","2021-05-05","1583","Web Drive Ltd","whois.dp.ua","http://www.domainagent.co.nz","Jolyon Direnko-Smith","","26 Greenbough Lane Greenhithe","AUCKLAND","","0632","New Zealand","jolyon.smith@hotmail.com","+64.2102217192","","Jolyon Direnko-Smith","","26 Greenbough Lane Greenhithe","AUCKLAND","","0632","New Zealand","jolyon.smith@hotmail.com","+64.2102217192","","Jolyon Direnko-Smith","","26 Greenbough Lane Greenhithe","AUCKLAND","","0632","New Zealand","jolyon.smith@hotmail.com","+64.2102217192","","","","","","","","","","","","ns1.openhost.co.nz","ns2.openhost.co.nz","ns3.openhost.co.nz","","clientTransferProhibited","","",""
"113","zimmaticupgrade.com","2020-05-07 20:30:08","2020-05-05","2020-05-05","2021-05-05","303","PDR Ltd. d/b/a PublicDomainRegistry.com","whois.publicdomainregistry.com","http://www.publicdomainregistry.com","Sarah Elliot","Sarah Elliot","382 Hurstlea Road,","Kurow","","9498","New Zealand","sarah.elliot@lindsay.com","+64.34360800","","Sarah Elliot","Sarah Elliot","382 Hurstlea Road,","Kurow","","9498","New Zealand","sarah.elliot@lindsay.com","+64.34360800","","Sarah Elliot","Sarah Elliot","382 Hurstlea Road,","Kurow","","9498","New Zealand","sarah.elliot@lindsay.com","+64.34360800","","","","","","","","","","","","ns1.sitehost.co.nz","ns2.sitehost.co.nz","ns3.sitehost.co.nz","","clientTransferProhibited","","",""