"num","domain_name","query_time","create_date","update_date","expiry_date","domain_registrar_id","domain_registrar_name","domain_registrar_whois","domain_registrar_url","registrant_name","registrant_company","registrant_address","registrant_city","registrant_state","registrant_zip","registrant_country","registrant_email","registrant_phone","registrant_fax","administrative_name","administrative_company","administrative_address","administrative_city","administrative_state","administrative_zip","administrative_country","administrative_email","administrative_phone","administrative_fax","technical_name","technical_company","technical_address","technical_city","technical_state","technical_zip","technical_country","technical_email","technical_phone","technical_fax","billing_name","billing_company","billing_address","billing_city","billing_state","billing_zip","billing_country","billing_email","billing_phone","billing_fax","name_server_1","name_server_2","name_server_3","name_server_4","domain_status_1","domain_status_2","domain_status_3","domain_status_4"
"1","acadably.com","2020-05-07 19:15:30","2020-05-06","2020-05-06","2021-05-06","625","Name.com, Inc.","whois.name.com","http://www.name.com","Havard Utheim","Nanook AS","Vekslerveien 7","OSlo","Oslo","0585","Norway","hello@booknanook.com","+1.4794989493","","Havard Utheim","Nanook AS","Vekslerveien 7","OSlo","Oslo","0585","Norway","hello@booknanook.com","+1.4794989493","","Havard Utheim","Nanook AS","Vekslerveien 7","OSlo","Oslo","0585","Norway","hello@booknanook.com","+1.4794989493","","","","","","","","","","","","ns1dns.name.com","ns2dky.name.com","ns3dgj.name.com","ns4lpv.name.com","addPeriod","clientTransferProhibited","",""
"2","academyoftribes.com","2020-05-07 20:05:46","2020-05-05","2020-05-05","2022-05-05","146","GoDaddy.com, LLC","whois.godaddy.com","http://registrar.godaddy.com","","","","","OSLO","","Norway","","","","","","","","","","","","","","","","","","","","","","","","","","","","","","","","","","ns71.domaincontrol.com","ns72.domaincontrol.com","","","clientDeleteProhibited","clientRenewProhibited","clientTransferProhibited","clientUpdateProhibited"
"3","adamantvpn.com","2020-05-07 21:05:28","2020-05-06","2020-05-06","2021-05-06","48","eNom, Inc.","whois.enom.com","http://www.enom.com","REDACTED FOR PRIVACY","REDACTED FOR PRIVACY","REDACTED FOR PRIVACY","REDACTED FOR PRIVACY","Vestfold","REDACTED FOR PRIVACY","Norway","","REDACTED FOR PRIVACY","REDACTED FOR PRIVACY","REDACTED FOR PRIVACY","REDACTED FOR PRIVACY","REDACTED FOR PRIVACY","REDACTED FOR PRIVACY","REDACTED FOR PRIVACY","REDACTED FOR PRIVACY","REDACTED FOR PRIVACY","","REDACTED FOR PRIVACY","REDACTED FOR PRIVACY","REDACTED FOR PRIVACY","REDACTED FOR PRIVACY","REDACTED FOR PRIVACY","REDACTED FOR PRIVACY","REDACTED FOR PRIVACY","REDACTED FOR PRIVACY","REDACTED FOR PRIVACY","","REDACTED FOR PRIVACY","REDACTED FOR PRIVACY","","","","","","","","","","","dns1.host1.no","dns2.host1.no","dns3.host1.no","dns4.host1.no","addPeriod","clientTransferProhibited","",""
"4","akadefy.com","2020-05-07 19:15:35","2020-05-06","2020-05-06","2021-05-06","625","Name.com, Inc.","whois.name.com","http://www.name.com","Havard Utheim","Nanook AS","Vekslerveien 7","OSlo","Oslo","0585","Norway","hello@booknanook.com","+1.4794989493","","Havard Utheim","Nanook AS","Vekslerveien 7","OSlo","Oslo","0585","Norway","hello@booknanook.com","+1.4794989493","","Havard Utheim","Nanook AS","Vekslerveien 7","OSlo","Oslo","0585","Norway","hello@booknanook.com","+1.4794989493","","","","","","","","","","","","ns1dns.name.com","ns2dky.name.com","ns3dgj.name.com","ns4lpv.name.com","addPeriod","clientTransferProhibited","",""
"5","akademisk-antikvariat.com","2020-05-07 19:14:34","2020-05-06","2020-05-06","2021-05-06","106","Ascio Technologies, Inc. Danmark - Filial af Ascio technologies, Inc. USA","whois.ascio.com","http://www.ascio.com","Not Disclosed","Not Disclosed","Not Disclosed","Not Disclosed","","Not Disclosed","Norway","","Not Disclosed","Not Disclosed","Not Disclosed","Not Disclosed","Not Disclosed","Not Disclosed","Not Disclosed","Not Disclosed","Not Disclosed","","Not Disclosed","Not Disclosed","Not Disclosed","Not Disclosed","Not Disclosed","Not Disclosed","Not Disclosed","Not Disclosed","Not Disclosed","","Not Disclosed","Not Disclosed","","","","","","","","","","","ns.datacenter.no","ns2.datacenter.no","","","OK","","",""
"6","akademisk-antikvariat.net","2020-05-07 18:59:35","2020-05-06","2020-05-06","2021-05-06","106","Ascio Technologies, Inc. Danmark - Filial af Ascio technologies, Inc. USA","whois.ascio.com","http://www.ascio.com","Not Disclosed","Not Disclosed","Not Disclosed","Not Disclosed","","Not Disclosed","Norway","","Not Disclosed","Not Disclosed","Not Disclosed","Not Disclosed","Not Disclosed","Not Disclosed","Not Disclosed","Not Disclosed","Not Disclosed","","Not Disclosed","Not Disclosed","Not Disclosed","Not Disclosed","Not Disclosed","Not Disclosed","Not Disclosed","Not Disclosed","Not Disclosed","","Not Disclosed","Not Disclosed","","","","","","","","","","","ns.datacenter.no","ns2.datacenter.no","","","OK","","",""
"7","akadify.com","2020-05-07 19:15:36","2020-05-06","2020-05-06","2021-05-06","625","Name.com, Inc.","whois.name.com","http://www.name.com","Havard Utheim","Nanook AS","Vekslerveien 7","OSlo","Oslo","0585","Norway","hello@booknanook.com","+1.4794989493","","Havard Utheim","Nanook AS","Vekslerveien 7","OSlo","Oslo","0585","Norway","hello@booknanook.com","+1.4794989493","","Havard Utheim","Nanook AS","Vekslerveien 7","OSlo","Oslo","0585","Norway","hello@booknanook.com","+1.4794989493","","","","","","","","","","","","ns1dns.name.com","ns2dky.name.com","ns3dgj.name.com","ns4lpv.name.com","addPeriod","clientTransferProhibited","",""
"8","andrimnir.com","2020-05-07 21:32:52","2020-05-06","2020-05-06","2021-05-06","1001","Domeneshop AS dba  domainnameshop.com","whois.domainnameshop.com","http://www.domainnameshop.com","TUNE VIKING AS","TUNE VIKING AS","","","","","Norway","nm5tsgxfxqj7@privacy-protection.email","","","","","","","","","","3mv74tnmkwyp@privacy-protection.email","","","","","","","","","","hostmaster@domeneshop.no","","","","","","","","","","","","","ns1.hyp.net","ns2.hyp.net","ns3.hyp.net","","clientTransferProhibited","","",""
"9","animave.com","2020-05-07 21:17:53","2020-05-06","2020-05-06","2021-05-06","146","GoDaddy.com, LLC","whois.godaddy.com","http://registrar.godaddy.com","Plagremover","Plagremover","","","Norge","","Norway","","","","","","","","","","","","","","","","","","","","","","","","","","","","","","","","","","ns59.domaincontrol.com","ns60.domaincontrol.com","","","clientDeleteProhibited","clientRenewProhibited","clientTransferProhibited","clientUpdateProhibited"
"10","apurplegoat.com","2020-05-07 19:17:38","2020-05-06","2020-05-06","2021-05-06","106","Ascio Technologies, Inc. Danmark - Filial af Ascio technologies, Inc. USA","whois.ascio.com","http://www.ascio.com","Not Disclosed","Not Disclosed","Not Disclosed","Not Disclosed","","Not Disclosed","Norway","","Not Disclosed","Not Disclosed","Not Disclosed","Not Disclosed","Not Disclosed","Not Disclosed","Not Disclosed","Not Disclosed","Not Disclosed","","Not Disclosed","Not Disclosed","Not Disclosed","Not Disclosed","Not Disclosed","Not Disclosed","Not Disclosed","Not Disclosed","Not Disclosed","","Not Disclosed","Not Disclosed","","","","","","","","","","","ns.datacenter.no","ns2.datacenter.no","","","OK","","",""
"11","blockchainhelp.agency","2020-05-07 14:36:25","2020-05-06","2020-05-06","2021-05-06","106","Ascio Technologies, Inc. Danmark - Filial af Ascio technologies, Inc. USA","whois.ascio.com","http://www.ascio.com","REDACTED FOR PRIVACY","STORAAS-BARSNES AS","REDACTED FOR PRIVACY","REDACTED FOR PRIVACY","","REDACTED FOR PRIVACY","Norway","","REDACTED FOR PRIVACY","REDACTED FOR PRIVACY","","","","","","","","","","","","","","","","","","","","","","","","","","","","","","","","","","","addPeriod","","",""
"12","c-lavie.net","2020-05-07 05:50:57","2020-05-04","2020-05-04","2021-05-04","1387","1API GmbH","whois.1api.net","http://www.1api.net","REDACTED FOR PRIVACY","REDACTED FOR PRIVACY","REDACTED FOR PRIVACY","REDACTED FOR PRIVACY","VESTFOLD","REDACTED FOR PRIVACY","Norway","","REDACTED FOR PRIVACY","","REDACTED FOR PRIVACY","REDACTED FOR PRIVACY","REDACTED FOR PRIVACY","REDACTED FOR PRIVACY","REDACTED FOR PRIVACY","REDACTED FOR PRIVACY","REDACTED FOR PRIVACY","","REDACTED FOR PRIVACY","","REDACTED FOR PRIVACY","REDACTED FOR PRIVACY","REDACTED FOR PRIVACY","REDACTED FOR PRIVACY","REDACTED FOR PRIVACY","REDACTED FOR PRIVACY","REDACTED FOR PRIVACY","","REDACTED FOR PRIVACY","","","","","","","","","","","","ns1.dnsdomene.net","ns2.dnsdomene.net","ns3.dnsdomene.net","","clientTransferProhibited","","",""
"13","capstonhomes-mn.com","2020-05-07 20:41:12","2020-05-05","2020-05-05","2021-05-05","303","PDR Ltd. d/b/a PublicDomainRegistry.com","whois.publicdomainregistry.com","http://www.publicdomainregistry.com","GDPR Masked","GDPR Masked","GDPR Masked","GDPR Masked","Ostlandet","GDPR Masked","Norway","gdpr-masking@gdpr-masked.com","GDPR Masked","GDPR Masked","GDPR Masked","GDPR Masked","GDPR Masked","GDPR Masked","GDPR Masked","GDPR Masked","GDPR Masked","gdpr-masking@gdpr-masked.com","GDPR Masked","GDPR Masked","GDPR Masked","GDPR Masked","GDPR Masked","GDPR Masked","GDPR Masked","GDPR Masked","GDPR Masked","gdpr-masking@gdpr-masked.com","GDPR Masked","GDPR Masked","","","","","","","","","","","earth.monovm.com","mars.monovm.com","mercury.monovm.com","venus.monovm.com","clientTransferProhibited","","",""
"14","collectethdailynow.com","2020-05-07 21:10:17","2020-05-06","2020-05-06","2021-05-06","48","eNom, Inc.","whois.enom.com","http://www.enom.com","REDACTED FOR PRIVACY","REDACTED FOR PRIVACY","REDACTED FOR PRIVACY","REDACTED FOR PRIVACY","Rogaland","REDACTED FOR PRIVACY","Norway","","REDACTED FOR PRIVACY","REDACTED FOR PRIVACY","REDACTED FOR PRIVACY","REDACTED FOR PRIVACY","REDACTED FOR PRIVACY","REDACTED FOR PRIVACY","REDACTED FOR PRIVACY","REDACTED FOR PRIVACY","REDACTED FOR PRIVACY","","REDACTED FOR PRIVACY","REDACTED FOR PRIVACY","REDACTED FOR PRIVACY","REDACTED FOR PRIVACY","REDACTED FOR PRIVACY","REDACTED FOR PRIVACY","REDACTED FOR PRIVACY","REDACTED FOR PRIVACY","REDACTED FOR PRIVACY","","REDACTED FOR PRIVACY","REDACTED FOR PRIVACY","","","","","","","","","","","dns1.name-services.com","dns2.name-services.com","dns3.name-services.com","dns4.name-services.com","addPeriod","ok","",""
"15","coolarcticsummer.com","2020-05-07 20:30:22","2020-05-05","2020-05-05","2021-05-05","1001","Domeneshop AS dba  domainnameshop.com","whois.domainnameshop.com","http://www.domainnameshop.com","VISIT TROMS?-REGION AS","VISIT TROMS?-REGION AS","","","","","Norway","sjwxogb3ae9w@privacy-protection.email","","","","","","","","","","atonx3bejjsj@privacy-protection.email","","","","","","","","","","hostmaster@domeneshop.no","","","","","","","","","","","","","ns1.hyp.net","ns2.hyp.net","ns3.hyp.net","","clientTransferProhibited","","",""
"16","coolarktisksommer.com","2020-05-07 20:30:28","2020-05-05","2020-05-05","2021-05-05","1001","Domeneshop AS dba  domainnameshop.com","whois.domainnameshop.com","http://www.domainnameshop.com","VISIT TROMS?-REGION AS","VISIT TROMS?-REGION AS","","","","","Norway","zqv6abyskoqj@privacy-protection.email","","","","","","","","","","hiagzacp66rd@privacy-protection.email","","","","","","","","","","hostmaster@domeneshop.no","","","","","","","","","","","","","ns1.hyp.net","ns2.hyp.net","ns3.hyp.net","","clientTransferProhibited","","",""
"17","d-icd.com","2020-05-07 20:30:59","2020-05-05","2020-05-05","2021-05-05","1001","Domeneshop AS dba  domainnameshop.com","whois.domainnameshop.com","http://www.domainnameshop.com","VBT AS","VBT AS","","","","","Norway","efzh4yqby9ez@privacy-protection.email","","","","","","","","","","z6ctxm2fehng@privacy-protection.email","","","","","","","","","","hostmaster@domeneshop.no","","","","","","","","","","","","","ns1.hyp.net","ns2.hyp.net","ns3.hyp.net","","clientTransferProhibited","","",""
"18","detgustavianskeselskap.com","2020-05-07 19:21:04","2020-05-06","2020-05-06","2021-05-06","1001","Domeneshop AS dba  domainnameshop.com","whois.domainnameshop.com","http://www.domainnameshop.com","JOJO PRODUCTIONS JOJO CHAMPFLEUR ENG","JOJO PRODUCTIONS JOJO CHAMPFLEUR ENG","","","","","Norway","ermvog92vp6d@privacy-protection.email","","","","","","","","","","nyz7mjh2jtdq@privacy-protection.email","","","","","","","","","","hostmaster@domeneshop.no","","","","","","","","","","","","","ns1.hyp.net","ns2.hyp.net","ns3.hyp.net","","clientTransferProhibited","","",""
"19","dfl.one","2020-05-07 05:36:12","2020-05-04","","2021-05-04","1462","One.com A/S","whois.ripn.net","www.one.com","IMPRESO NORGE AS","IMPRESO NORGE AS","","","","","Norway","","","","","","","","","","","","","","","","","","","","","","","","","","","","","","","","","","ns01.one.com","ns02.one.com","","","addPeriod","ok","",""
"20","digitalcirculareconomy.com","2020-05-07 01:20:03","2020-05-04","2020-05-04","2022-05-04","146","GoDaddy.com, LLC","whois.godaddy.com","http://registrar.godaddy.com","","","","","","","Norway","","","","","","","","","","","","","","","","","","","","","","","","","","","","","","","","","","ns63.domaincontrol.com","ns64.domaincontrol.com","","","clientDeleteProhibited","clientRenewProhibited","clientTransferProhibited","clientUpdateProhibited"
"21","dinnerguru.net","2020-05-07 05:56:37","2020-05-05","2020-05-05","2021-05-05","955","Launchpad, Inc.","whois.launchpad.com","http://www.launchpad.com","GDPR Masked","GDPR Masked","GDPR Masked","GDPR Masked","02","GDPR Masked","Norway","gdpr-masking@gdpr-masked.com","GDPR Masked","GDPR Masked","GDPR Masked","GDPR Masked","GDPR Masked","GDPR Masked","GDPR Masked","GDPR Masked","GDPR Masked","gdpr-masking@gdpr-masked.com","GDPR Masked","GDPR Masked","GDPR Masked","GDPR Masked","GDPR Masked","GDPR Masked","GDPR Masked","GDPR Masked","GDPR Masked","gdpr-masking@gdpr-masked.com","GDPR Masked","GDPR Masked","","","","","","","","","","","ns8051.hostgator.com","ns8052.hostgator.com","","","clientTransferProhibited","","",""
"22","docx-converting.com","2020-05-07 21:01:22","2020-05-06","2020-05-06","2021-05-06","146","GoDaddy.com, LLC","whois.godaddy.com","http://registrar.godaddy.com","15118240275","15118240275","","","","","Norway","","","","","","","","","","","","","","","","","","","","","","","","","","","","","","","","","","ns31.domaincontrol.com","ns32.domaincontrol.com","","","clientDeleteProhibited","clientRenewProhibited","clientTransferProhibited","clientUpdateProhibited"
"23","docxconverter.net","2020-05-07 23:20:43","2020-05-06","2020-05-06","2021-05-06","146","GoDaddy.com, LLC","whois.godaddy.com","http://registrar.godaddy.com","15118240275","15118240275","","","","","Norway","","","","","","","","","","","","","","","","","","","","","","","","","","","","","","","","","","ns71.domaincontrol.com","ns72.domaincontrol.com","","","clientDeleteProhibited","clientRenewProhibited","clientTransferProhibited","clientUpdateProhibited"
"24","docxconvertingtool.com","2020-05-07 19:22:32","2020-05-06","2020-05-06","2021-05-06","146","GoDaddy.com, LLC","whois.godaddy.com","http://registrar.godaddy.com","15118240275","15118240275","","","","","Norway","","","","","","","","","","","","","","","","","","","","","","","","","","","","","","","","","","ns73.domaincontrol.com","ns74.domaincontrol.com","","","clientDeleteProhibited","clientRenewProhibited","clientTransferProhibited","clientUpdateProhibited"
"25","dsmab.com","2020-05-07 20:16:32","2020-05-05","2020-05-05","2021-05-05","1001","Domeneshop AS dba  domainnameshop.com","whois.domainnameshop.com","http://www.domainnameshop.com","dsmab as","dsmab as","","","","","Norway","fyxy9ga3miws@privacy-protection.email","","","","","","","","","","f39syajv9gpb@privacy-protection.email","","","","","","","","","","hostmaster@domeneshop.no","","","","","","","","","","","","","ns1.hyp.net","ns2.hyp.net","ns3.hyp.net","","clientTransferProhibited","","",""
"26","dyna-stickers.com","2020-05-07 19:12:16","2020-05-06","2020-05-06","2021-05-06","1727","Papaki Ltd.","whois.eu","http://www.papaki.gr","REDACTED FOR PRIVACY","REDACTED FOR PRIVACY","REDACTED FOR PRIVACY","REDACTED FOR PRIVACY","TARNASEN","REDACTED FOR PRIVACY","Norway","","REDACTED FOR PRIVACY","REDACTED FOR PRIVACY","REDACTED FOR PRIVACY","REDACTED FOR PRIVACY","REDACTED FOR PRIVACY","REDACTED FOR PRIVACY","REDACTED FOR PRIVACY","REDACTED FOR PRIVACY","REDACTED FOR PRIVACY","","REDACTED FOR PRIVACY","REDACTED FOR PRIVACY","REDACTED FOR PRIVACY","REDACTED FOR PRIVACY","REDACTED FOR PRIVACY","REDACTED FOR PRIVACY","REDACTED FOR PRIVACY","REDACTED FOR PRIVACY","REDACTED FOR PRIVACY","","REDACTED FOR PRIVACY","REDACTED FOR PRIVACY","","","","","","","","","","","dns1.papaki.gr","dns2.papaki.gr","","","clientTransferProhibited","clientUpdateProhibited","",""
"27","dynastickers.com","2020-05-07 21:21:40","2020-05-06","2020-05-06","2021-05-06","1727","Papaki Ltd.","whois.eu","http://www.papaki.gr","REDACTED FOR PRIVACY","REDACTED FOR PRIVACY","REDACTED FOR PRIVACY","REDACTED FOR PRIVACY","TARNASEN","REDACTED FOR PRIVACY","Norway","","REDACTED FOR PRIVACY","REDACTED FOR PRIVACY","REDACTED FOR PRIVACY","REDACTED FOR PRIVACY","REDACTED FOR PRIVACY","REDACTED FOR PRIVACY","REDACTED FOR PRIVACY","REDACTED FOR PRIVACY","REDACTED FOR PRIVACY","","REDACTED FOR PRIVACY","REDACTED FOR PRIVACY","REDACTED FOR PRIVACY","REDACTED FOR PRIVACY","REDACTED FOR PRIVACY","REDACTED FOR PRIVACY","REDACTED FOR PRIVACY","REDACTED FOR PRIVACY","REDACTED FOR PRIVACY","","REDACTED FOR PRIVACY","REDACTED FOR PRIVACY","","","","","","","","","","","dns1.papaki.gr","dns2.papaki.gr","","","clientTransferProhibited","clientUpdateProhibited","",""
"28","eiktyrnir.com","2020-05-07 21:17:58","2020-05-06","2020-05-06","2021-05-06","146","GoDaddy.com, LLC","whois.godaddy.com","http://registrar.godaddy.com","","","","","OSLO","","Norway","","","","","","","","","","","","","","","","","","","","","","","","","","","","","","","","","","ns73.domaincontrol.com","ns74.domaincontrol.com","","","clientDeleteProhibited","clientRenewProhibited","clientTransferProhibited","clientUpdateProhibited"
"29","einargh.com","2020-05-07 20:53:13","2020-05-05","2020-05-06","2021-05-05","886","Domain.com, LLC","whois.domain.com","http://www.domain.com","REDACTED FOR PRIVACY","REDACTED FOR PRIVACY","REDACTED FOR PRIVACY","REDACTED FOR PRIVACY","NA","REDACTED FOR PRIVACY","Norway","","REDACTED FOR PRIVACY","REDACTED FOR PRIVACY","REDACTED FOR PRIVACY","REDACTED FOR PRIVACY","REDACTED FOR PRIVACY","REDACTED FOR PRIVACY","REDACTED FOR PRIVACY","REDACTED FOR PRIVACY","REDACTED FOR PRIVACY","","REDACTED FOR PRIVACY","REDACTED FOR PRIVACY","REDACTED FOR PRIVACY","REDACTED FOR PRIVACY","REDACTED FOR PRIVACY","REDACTED FOR PRIVACY","REDACTED FOR PRIVACY","REDACTED FOR PRIVACY","REDACTED FOR PRIVACY","","REDACTED FOR PRIVACY","REDACTED FOR PRIVACY","","","","","","","","","","","ns2.netbox.no","ns3.netbox.no","ns4.netbox.no","","","","",""
"30","enradirut.com","2020-05-07 19:14:33","2020-05-06","2020-05-06","2021-05-06","106","Ascio Technologies, Inc. Danmark - Filial af Ascio technologies, Inc. USA","whois.ascio.com","http://www.ascio.com","Not Disclosed","Not Disclosed","Not Disclosed","Not Disclosed","","Not Disclosed","Norway","","Not Disclosed","Not Disclosed","Not Disclosed","Not Disclosed","Not Disclosed","Not Disclosed","Not Disclosed","Not Disclosed","Not Disclosed","","Not Disclosed","Not Disclosed","Not Disclosed","Not Disclosed","Not Disclosed","Not Disclosed","Not Disclosed","Not Disclosed","Not Disclosed","","Not Disclosed","Not Disclosed","","","","","","","","","","","ns.datacenter.no","ns2.datacenter.no","","","OK","","",""
"31","everythingisconnected.one","2020-05-07 05:32:50","2020-05-05","","2021-05-05","1462","One.com A/S","whois.ripn.net","www.one.com","","","","","","","Norway","","","","","","","","","","","","","","","","","","","","","","","","","","","","","","","","","","ns01.one.com","ns02.one.com","","","addPeriod","ok","",""
"32","fagskolenitroms.com","2020-05-07 01:22:33","2020-05-04","2020-05-04","2021-05-04","1001","Domeneshop AS dba  domainnameshop.com","whois.domainnameshop.com","http://www.domainnameshop.com","Roald Wasshaug","TROMS OG FINNMARK FYLKESKOMMUNE","Postboks 3374 STAKKEVOLLAN","TROMS?","","9276","Norway","37mspyxpde2g@privacy-protection.email","+47.98671020","","Roald Wasshaug","TROMS OG FINNMARK FYLKESKOMMUNE","Postboks 3374 STAKKEVOLLAN","TROMS?","","9276","Norway","n2ydtgaqtpb5@privacy-protection.email","+47.98671020","","Domeneshop Hostmaster","DOMENESHOP AS","Christian Krohgs gate 16","Oslo","","0186","Norway","hostmaster@domeneshop.no","+47.22943333","+47.22943334","","","","","","","","","","","ns1.hyp.net","ns2.hyp.net","ns3.hyp.net","","clientTransferProhibited","","",""
"33","fargeklatten.net","2020-05-07 23:16:09","2020-05-06","2020-05-06","2021-05-06","1001","Domeneshop AS dba  domainnameshop.com","whois.domainnameshop.com","http://www.domainnameshop.com","Combrokers as","Combrokers as","","","","","Norway","r4ndxybnsfbq@privacy-protection.email","","","","","","","","","","gjxmatafi5ri@privacy-protection.email","","","","","","","","","","hostmaster@domeneshop.no","","","","","","","","","","","","","ns1.hyp.net","ns2.hyp.net","ns3.hyp.net","","clientTransferProhibited","","",""
"34","fiskedilla.com","2020-05-07 21:08:20","2020-05-06","2020-05-06","2021-05-06","1001","Domeneshop AS dba  domainnameshop.com","whois.domainnameshop.com","http://www.domainnameshop.com","Myhrer Assuranse AS","Myhrer Assuranse AS","","","","","Norway","a7hcd9rvkwok@privacy-protection.email","","","","","","","","","","jazouw6ypkqg@privacy-protection.email","","","","","","","","","","hostmaster@domeneshop.no","","","","","","","","","","","","","ns1.hyp.net","ns2.hyp.net","ns3.hyp.net","","clientTransferProhibited","","",""
"35","flairas.com","2020-05-07 19:20:08","2020-05-06","2020-05-06","2021-05-06","1001","Domeneshop AS dba  domainnameshop.com","whois.domainnameshop.com","http://www.domainnameshop.com","MARWAH THE ENTREPRENEUR","MARWAH THE ENTREPRENEUR","","","","","Norway","zfwvhjt6b66f@privacy-protection.email","","","","","","","","","","j4tzr5gyagkd@privacy-protection.email","","","","","","","","","","hostmaster@domeneshop.no","","","","","","","","","","","","","ns1.hyp.net","ns2.hyp.net","ns3.hyp.net","","clientTransferProhibited","","",""
"36","gamepirestudio.com","2020-05-07 21:15:14","2020-05-06","2020-05-06","2021-05-06","1001","Domeneshop AS dba  domainnameshop.com","whois.domainnameshop.com","http://www.domainnameshop.com","Exoid Venture AS","Exoid Venture AS","","","","","Norway","39yhx5scotib@privacy-protection.email","","","","","","","","","","pjff9v3jmgxe@privacy-protection.email","","","","","","","","","","hostmaster@domeneshop.no","","","","","","","","","","","","","ns1.hyp.net","ns2.hyp.net","ns3.hyp.net","","clientTransferProhibited","","",""
"37","gifty.digital","2020-05-07 06:31:01","2020-05-05","2020-05-05","2021-05-05","1001","Domeneshop AS dba  domainnameshop.com","whois.domainnameshop.com","http://www.domainnameshop.com","REDACTED FOR PRIVACY","Tobu Danielsen","REDACTED FOR PRIVACY","REDACTED FOR PRIVACY","","REDACTED FOR PRIVACY","Norway","","REDACTED FOR PRIVACY","REDACTED FOR PRIVACY","","","","","","","","","","","","","","","","","","","","","","","","","","","","","","","","","","","addPeriod","clientTransferProhibited","",""
"38","gmod.life","2020-05-07 06:00:55","2020-05-05","2020-05-05","2021-05-05","1387","1API GmbH","whois.1api.net","http://www.1api.net","REDACTED FOR PRIVACY","","REDACTED FOR PRIVACY","REDACTED FOR PRIVACY","Rogaland","REDACTED FOR PRIVACY","Norway","","REDACTED FOR PRIVACY","REDACTED FOR PRIVACY","","","","","","","","","","","","","","","","","","","","","","","","","","","","","","","","","","","addPeriod","clientTransferProhibited","",""
"39","goodaysdesign.com","2020-05-07 20:41:25","2020-05-05","2020-05-05","2021-05-05","146","GoDaddy.com, LLC","whois.godaddy.com","http://registrar.godaddy.com","998613736","998613736","","","Oslo","","Norway","","","","","","","","","","","","","","","","","","","","","","","","","","","","","","","","","","ns71.domaincontrol.com","ns72.domaincontrol.com","","","clientDeleteProhibited","clientRenewProhibited","clientTransferProhibited","clientUpdateProhibited"
"40","graphicquran.com","2020-05-07 21:07:03","2020-05-06","2020-05-06","2021-05-06","1001","Domeneshop AS dba  domainnameshop.com","whois.domainnameshop.com","http://www.domainnameshop.com","ISLAM NET - DET ISLAMSKE NETTVERK","ISLAM NET - DET ISLAMSKE NETTVERK","","","","","Norway","sjt6nbsthqgp@privacy-protection.email","","","","","","","","","","cm5uq8tv6cgx@privacy-protection.email","","","","","","","","","","hostmaster@domeneshop.no","","","","","","","","","","","","","ns1.hyp.net","ns2.hyp.net","ns3.hyp.net","","clientTransferProhibited","","",""
"41","group-bnp-paribas.life","2020-05-07 06:00:54","2020-05-05","2020-05-05","2021-05-05","625","Name.com, Inc.","whois.name.com","http://www.name.com","REDACTED FOR PRIVACY","","REDACTED FOR PRIVACY","REDACTED FOR PRIVACY","Verk","REDACTED FOR PRIVACY","Norway","","REDACTED FOR PRIVACY","REDACTED FOR PRIVACY","","","","","","","","","","","","","","","","","","","","","","","","","","","","","","","","","","","addPeriod","clientTransferProhibited","",""
"42","group-bnp-paribas.net","2020-05-07 05:48:46","2020-05-05","2020-05-05","2021-05-05","625","Name.com, Inc.","whois.name.com","http://www.name.com","Elisabeth Bj?rstad","","Nedre Toppenhaug 19","Baerums","Verk","1353","Norway","knutjmo1@yahoo.com","+47.48692612","","Elisabeth Bj?rstad","","Nedre Toppenhaug 19","Baerums","Verk","1353","Norway","knutjmo1@yahoo.com","+47.48692612","","Elisabeth Bj?rstad","","Nedre Toppenhaug 19","Baerums","Verk","1353","Norway","knutjmo1@yahoo.com","+47.48692612","","","","","","","","","","","","ns1cny.name.com","ns2bls.name.com","ns3fqs.name.com","ns4fqz.name.com","addPeriod","clientTransferProhibited","",""
"43","gulleggmamma.com","2020-05-07 19:18:48","2020-05-06","2020-05-06","2021-05-06","106","Ascio Technologies, Inc. Danmark - Filial af Ascio technologies, Inc. USA","whois.ascio.com","http://www.ascio.com","Not Disclosed","Not Disclosed","Not Disclosed","Not Disclosed","","Not Disclosed","Norway","","Not Disclosed","Not Disclosed","Not Disclosed","Not Disclosed","Not Disclosed","Not Disclosed","Not Disclosed","Not Disclosed","Not Disclosed","","Not Disclosed","Not Disclosed","Not Disclosed","Not Disclosed","Not Disclosed","Not Disclosed","Not Disclosed","Not Disclosed","Not Disclosed","","Not Disclosed","Not Disclosed","","","","","","","","","","","dns1.123hjemmeside.dk","dns2.123hjemmeside.dk","dns3.123hjemmeside.dk","","OK","","",""
"44","gullinkambe.com","2020-05-07 21:17:37","2020-05-06","2020-05-06","2021-05-06","146","GoDaddy.com, LLC","whois.godaddy.com","http://registrar.godaddy.com","","","","","OSLO","","Norway","","","","","","","","","","","","","","","","","","","","","","","","","","","","","","","","","","ns31.domaincontrol.com","ns32.domaincontrol.com","","","clientDeleteProhibited","clientRenewProhibited","clientTransferProhibited","clientUpdateProhibited"
"45","helsedigital.com","2020-05-07 20:55:20","2020-05-05","2020-05-05","2021-05-05","1001","Domeneshop AS dba  domainnameshop.com","whois.domainnameshop.com","http://www.domainnameshop.com","NORSK ELEKTROMEDIA Gr?nbeck","NORSK ELEKTROMEDIA Gr?nbeck","","","","","Norway","m2mdz3pjo9ef@privacy-protection.email","","","","","","","","","","v4u7nfpfzsfn@privacy-protection.email","","","","","","","","","","hostmaster@domeneshop.no","","","","","","","","","","","","","ns1.hyp.net","ns2.hyp.net","ns3.hyp.net","","clientTransferProhibited","","",""
"46","hemsdispatch.com","2020-05-07 20:14:40","2020-05-05","2020-05-05","2021-05-05","1001","Domeneshop AS dba  domainnameshop.com","whois.domainnameshop.com","http://www.domainnameshop.com","AVIATOR AS","AVIATOR AS","","","","","Norway","eskbskt3kmk5@privacy-protection.email","","","","","","","","","","mjdumjb9regd@privacy-protection.email","","","","","","","","","","hostmaster@domeneshop.no","","","","","","","","","","","","","ns1.hyp.net","ns2.hyp.net","ns3.hyp.net","","clientTransferProhibited","","",""
"47","hoiland.one","2020-05-07 05:32:54","2020-05-04","","2021-05-04","1462","One.com A/S","whois.ripn.net","www.one.com","","","","","","","Norway","","","","","","","","","","","","","","","","","","","","","","","","","","","","","","","","","","ns01.one.com","ns02.one.com","","","addPeriod","ok","",""
"48","hundogfritid.com","2020-05-07 01:34:11","2020-05-04","2020-05-04","2021-05-04","106","Ascio Technologies, Inc. Danmark - Filial af Ascio technologies, Inc. USA","whois.ascio.com","http://www.ascio.com","Not Disclosed","Not Disclosed","Not Disclosed","Not Disclosed","","Not Disclosed","Norway","","Not Disclosed","Not Disclosed","Not Disclosed","Not Disclosed","Not Disclosed","Not Disclosed","Not Disclosed","Not Disclosed","Not Disclosed","","Not Disclosed","Not Disclosed","Not Disclosed","Not Disclosed","Not Disclosed","Not Disclosed","Not Disclosed","Not Disclosed","Not Disclosed","","Not Disclosed","Not Disclosed","","","","","","","","","","","dns1.123hjemmeside.dk","dns2.123hjemmeside.dk","dns3.123hjemmeside.dk","","OK","","",""
"49","hyggechannel.com","2020-05-07 21:16:31","2020-05-06","2020-05-06","2021-05-06","1001","Domeneshop AS dba  domainnameshop.com","whois.domainnameshop.com","http://www.domainnameshop.com","","","","","","","Norway","o7rptvynnyt5@privacy-protection.email","","","","","","","","","","kvternt22zfh@privacy-protection.email","","","","","","","","","","hostmaster@domeneshop.no","","","","","","","","","","","","","ns1.hyp.net","ns2.hyp.net","ns3.hyp.net","","clientTransferProhibited","","",""
"50","idrettsutstyr.com","2020-05-07 21:07:03","2020-05-06","2020-05-06","2021-05-06","106","Ascio Technologies, Inc. Danmark - Filial af Ascio technologies, Inc. USA","whois.ascio.com","http://www.ascio.com","Not Disclosed","Not Disclosed","Not Disclosed","Not Disclosed","","Not Disclosed","Norway","","Not Disclosed","Not Disclosed","Not Disclosed","Not Disclosed","Not Disclosed","Not Disclosed","Not Disclosed","Not Disclosed","Not Disclosed","","Not Disclosed","Not Disclosed","Not Disclosed","Not Disclosed","Not Disclosed","Not Disclosed","Not Disclosed","Not Disclosed","Not Disclosed","","Not Disclosed","Not Disclosed","","","","","","","","","","","ns.datacenter.no","ns2.datacenter.no","","","OK","","",""
"51","inspirasjonsyoga.com","2020-05-07 21:16:26","2020-05-06","2020-05-06","2021-05-06","106","Ascio Technologies, Inc. Danmark - Filial af Ascio technologies, Inc. USA","whois.ascio.com","http://www.ascio.com","Not Disclosed","Not Disclosed","Not Disclosed","Not Disclosed","","Not Disclosed","Norway","","Not Disclosed","Not Disclosed","Not Disclosed","Not Disclosed","Not Disclosed","Not Disclosed","Not Disclosed","Not Disclosed","Not Disclosed","","Not Disclosed","Not Disclosed","Not Disclosed","Not Disclosed","Not Disclosed","Not Disclosed","Not Disclosed","Not Disclosed","Not Disclosed","","Not Disclosed","Not Disclosed","","","","","","","","","","","ns.datacenter.no","ns2.datacenter.no","","","OK","","",""
"52","inspirasjonsyoga.net","2020-05-07 19:00:47","2020-05-06","2020-05-06","2021-05-06","106","Ascio Technologies, Inc. Danmark - Filial af Ascio technologies, Inc. USA","whois.ascio.com","http://www.ascio.com","Not Disclosed","Not Disclosed","Not Disclosed","Not Disclosed","","Not Disclosed","Norway","","Not Disclosed","Not Disclosed","Not Disclosed","Not Disclosed","Not Disclosed","Not Disclosed","Not Disclosed","Not Disclosed","Not Disclosed","","Not Disclosed","Not Disclosed","Not Disclosed","Not Disclosed","Not Disclosed","Not Disclosed","Not Disclosed","Not Disclosed","Not Disclosed","","Not Disclosed","Not Disclosed","","","","","","","","","","","ns.datacenter.no","ns2.datacenter.no","","","OK","","",""
"53","kate-parker.com","2020-05-07 19:16:56","2020-05-06","2020-05-06","2021-05-06","146","GoDaddy.com, LLC","whois.godaddy.com","http://registrar.godaddy.com","","","","","Sor-Trondelag","","Norway","","","","","","","","","","","","","","","","","","","","","","","","","","","","","","","","","","ns59.domaincontrol.com","ns60.domaincontrol.com","","","clientDeleteProhibited","clientRenewProhibited","clientTransferProhibited","clientUpdateProhibited"
"54","lca.tools","2020-05-07 02:45:14","2020-05-04","2020-05-05","2021-05-04","106","Ascio Technologies, Inc. Danmark - Filial af Ascio technologies, Inc. USA","whois.ascio.com","http://www.ascio.com","REDACTED FOR PRIVACY","LCA.no AS","REDACTED FOR PRIVACY","REDACTED FOR PRIVACY","","REDACTED FOR PRIVACY","Norway","","REDACTED FOR PRIVACY","REDACTED FOR PRIVACY","","","","","","","","","","","","","","","","","","","","","","","","","","","","","","","","","","","addPeriod","","",""
"55","linksandnotes.com","2020-05-07 21:19:51","2020-05-06","2020-05-06","2021-05-06","1001","Domeneshop AS dba  domainnameshop.com","whois.domainnameshop.com","http://www.domainnameshop.com","","","","","","","Norway","m8sdtajkeozw@privacy-protection.email","","","","","","","","","","p9pjzj6jaows@privacy-protection.email","","","","","","","","","","hostmaster@domeneshop.no","","","","","","","","","","","","","ns1.hyp.net","ns2.hyp.net","ns3.hyp.net","","clientTransferProhibited","","",""
"56","matureman.men","2020-05-07 05:54:21","2020-05-04","2020-05-04","2021-05-04","1001","Domeneshop AS dba  domainnameshop.com","whois.domainnameshop.com","http://www.domainnameshop.com","","","","","","","Norway","","","","","","","","","","","","","","","","","","","","","","","","","","","","","","","","","","ns1.hyp.net","ns2.hyp.net","ns3.hyp.net","","addPeriod","clientTransferProhibited","",""
"57","megafett.com","2020-05-07 21:15:55","2020-05-06","2020-05-06","2021-05-06","1001","Domeneshop AS dba  domainnameshop.com","whois.domainnameshop.com","http://www.domainnameshop.com","MEGAFEDT AS","MEGAFEDT AS","","","","","Norway","ssgaam8z47fa@privacy-protection.email","","","","","","","","","","c8arpuwjdbih@privacy-protection.email","","","","","","","","","","hostmaster@domeneshop.no","","","","","","","","","","","","","ns1.hyp.net","ns2.hyp.net","ns3.hyp.net","","clientTransferProhibited","","",""
"58","mehmeteksi.com","2020-05-07 21:16:15","2020-05-06","2020-05-06","2021-05-06","106","Ascio Technologies, Inc. Danmark - Filial af Ascio technologies, Inc. USA","whois.ascio.com","http://www.ascio.com","Not Disclosed","Not Disclosed","Not Disclosed","Not Disclosed","","Not Disclosed","Norway","","Not Disclosed","Not Disclosed","Not Disclosed","Not Disclosed","Not Disclosed","Not Disclosed","Not Disclosed","Not Disclosed","Not Disclosed","","Not Disclosed","Not Disclosed","Not Disclosed","Not Disclosed","Not Disclosed","Not Disclosed","Not Disclosed","Not Disclosed","Not Disclosed","","Not Disclosed","Not Disclosed","","","","","","","","","","","ns.datacenter.no","ns2.datacenter.no","","","OK","","",""
"59","mekta.world","2020-05-07 19:04:57","2020-05-05","2020-05-05","2021-05-05","1001","Domeneshop AS dba  domainnameshop.com","whois.domainnameshop.com","http://www.domainnameshop.com","REDACTED FOR PRIVACY","","REDACTED FOR PRIVACY","REDACTED FOR PRIVACY","","REDACTED FOR PRIVACY","Norway","","REDACTED FOR PRIVACY","REDACTED FOR PRIVACY","","","","","","","","","","","","","","","","","","","","","","","","","","","","","","","","","","","addPeriod","clientTransferProhibited","",""
"60","mekta.wtf","2020-05-07 02:28:18","2020-05-05","2020-05-05","2021-05-05","1001","Domeneshop AS dba  domainnameshop.com","whois.domainnameshop.com","http://www.domainnameshop.com","REDACTED FOR PRIVACY","","REDACTED FOR PRIVACY","REDACTED FOR PRIVACY","","REDACTED FOR PRIVACY","Norway","","REDACTED FOR PRIVACY","REDACTED FOR PRIVACY","","","","","","","","","","","","","","","","","","","","","","","","","","","","","","","","","","","addPeriod","clientTransferProhibited","",""
"61","mer-enn.com","2020-05-07 19:13:59","2020-05-06","2020-05-06","2021-05-06","106","Ascio Technologies, Inc. Danmark - Filial af Ascio technologies, Inc. USA","whois.ascio.com","http://www.ascio.com","Not Disclosed","Not Disclosed","Not Disclosed","Not Disclosed","","Not Disclosed","Norway","","Not Disclosed","Not Disclosed","Not Disclosed","Not Disclosed","Not Disclosed","Not Disclosed","Not Disclosed","Not Disclosed","Not Disclosed","","Not Disclosed","Not Disclosed","Not Disclosed","Not Disclosed","Not Disclosed","Not Disclosed","Not Disclosed","Not Disclosed","Not Disclosed","","Not Disclosed","Not Disclosed","","","","","","","","","","","ns.datacenter.no","ns2.datacenter.no","","","OK","","",""
"62","mimpharma.com","2020-05-07 21:05:50","2020-05-06","2020-05-06","2021-05-06","1001","Domeneshop AS dba  domainnameshop.com","whois.domainnameshop.com","http://www.domainnameshop.com","Mim pharma Norway AS","Mim pharma Norway AS","","","","","Norway","dxcgmbz9ayaz@privacy-protection.email","","","","","","","","","","tf2fc9zcfyrz@privacy-protection.email","","","","","","","","","","hostmaster@domeneshop.no","","","","","","","","","","","","","ns1.hyp.net","ns2.hyp.net","ns3.hyp.net","","clientTransferProhibited","","",""
"63","mphudson.com","2020-05-07 20:03:07","2020-05-05","2020-05-05","2021-05-05","1001","Domeneshop AS dba  domainnameshop.com","whois.domainnameshop.com","http://www.domainnameshop.com","TALENT ONE AS","TALENT ONE AS","","","","","Norway","x4viad8dd9su@privacy-protection.email","","","","","","","","","","kb6kgabxcbpp@privacy-protection.email","","","","","","","","","","hostmaster@domeneshop.no","","","","","","","","","","","","","ns1.hyp.net","ns2.hyp.net","ns3.hyp.net","","clientTransferProhibited","","",""
"64","mysalita.com","2020-05-07 21:19:50","2020-05-06","2020-05-06","2021-05-06","1001","Domeneshop AS dba  domainnameshop.com","whois.domainnameshop.com","http://www.domainnameshop.com","SALITA TOLKE- OG TRANSLAT?RTJENESTE AS","SALITA TOLKE- OG TRANSLAT?RTJENESTE AS","","","","","Norway","d4jttsom2zhv@privacy-protection.email","","","","","","","","","","3e3pbjzyfnkj@privacy-protection.email","","","","","","","","","","hostmaster@domeneshop.no","","","","","","","","","","","","","ns1.hyp.net","ns2.hyp.net","ns3.hyp.net","","clientTransferProhibited","","",""
"65","naardic.com","2020-05-07 21:20:30","2020-05-06","2020-05-06","2021-05-06","1001","Domeneshop AS dba  domainnameshop.com","whois.domainnameshop.com","http://www.domainnameshop.com","AGILIS AS","AGILIS AS","","","","","Norway","apcbwzwfbs8y@privacy-protection.email","","","","","","","","","","8vsgrugfpydg@privacy-protection.email","","","","","","","","","","hostmaster@domeneshop.no","","","","","","","","","","","","","ns1.hyp.net","ns2.hyp.net","ns3.hyp.net","","clientTransferProhibited","","",""
"66","noorhayat.com","2020-05-07 19:32:38","2020-05-05","2020-05-05","2021-05-05","69","Tucows Domains Inc.","whois.tucows.com","http://domainhelp.opensrs.net","REDACTED FOR PRIVACY","REDACTED FOR PRIVACY","REDACTED FOR PRIVACY","REDACTED FOR PRIVACY","XX","REDACTED FOR PRIVACY","Norway","","REDACTED FOR PRIVACY","REDACTED FOR PRIVACY","REDACTED FOR PRIVACY","REDACTED FOR PRIVACY","REDACTED FOR PRIVACY","REDACTED FOR PRIVACY","REDACTED FOR PRIVACY","REDACTED FOR PRIVACY","REDACTED FOR PRIVACY","","REDACTED FOR PRIVACY","REDACTED FOR PRIVACY","REDACTED FOR PRIVACY","REDACTED FOR PRIVACY","REDACTED FOR PRIVACY","REDACTED FOR PRIVACY","REDACTED FOR PRIVACY","REDACTED FOR PRIVACY","REDACTED FOR PRIVACY","","REDACTED FOR PRIVACY","REDACTED FOR PRIVACY","","","","","","","","","","","ns1.gnld1028.siteground.eu","ns2.gnld1028.siteground.eu","","","clientTransferProhibited","clientUpdateProhibited","",""
"67","nor-ge.gallery","2020-05-07 06:30:52","2020-05-05","2020-05-05","2021-05-05","1001","Domeneshop AS dba  domainnameshop.com","whois.domainnameshop.com","http://www.domainnameshop.com","REDACTED FOR PRIVACY","","REDACTED FOR PRIVACY","REDACTED FOR PRIVACY","","REDACTED FOR PRIVACY","Norway","","REDACTED FOR PRIVACY","REDACTED FOR PRIVACY","","","","","","","","","","","","","","","","","","","","","","","","","","","","","","","","","","","addPeriod","clientTransferProhibited","",""
"68","nordicfiction.com","2020-05-07 20:21:45","2020-05-05","2020-05-05","2021-05-05","1001","Domeneshop AS dba  domainnameshop.com","whois.domainnameshop.com","http://www.domainnameshop.com","VIPER FILM AS","VIPER FILM AS","","","","","Norway","h2hsdjdqky8t@privacy-protection.email","","","","","","","","","","n8rbraiwpphn@privacy-protection.email","","","","","","","","","","hostmaster@domeneshop.no","","","","","","","","","","","","","ns1.hyp.net","ns2.hyp.net","ns3.hyp.net","","clientTransferProhibited","","",""
"69","norgesguiden.com","2020-05-07 21:09:14","2020-05-06","2020-05-06","2021-05-06","1001","Domeneshop AS dba  domainnameshop.com","whois.domainnameshop.com","http://www.domainnameshop.com","Mediamax Norge","Mediamax Norge","","","","","Norway","c4tgjfjrtduh@privacy-protection.email","","","","","","","","","","nm2kxkddskdr@privacy-protection.email","","","","","","","","","","hostmaster@domeneshop.no","","","","","","","","","","","","","ns1.hyp.net","ns2.hyp.net","ns3.hyp.net","","clientTransferProhibited","","",""
"70","normal.email","2020-05-07 06:30:58","2020-05-04","2020-05-04","2021-05-04","1001","Domeneshop AS dba  domainnameshop.com","whois.domainnameshop.com","http://www.domainnameshop.com","REDACTED FOR PRIVACY","","REDACTED FOR PRIVACY","REDACTED FOR PRIVACY","","REDACTED FOR PRIVACY","Norway","","REDACTED FOR PRIVACY","REDACTED FOR PRIVACY","","","","","","","","","","","","","","","","","","","","","","","","","","","","","","","","","","","addPeriod","clientTransferProhibited","",""
"71","norwegiankrill.com","2020-05-07 21:14:49","2020-05-06","2020-05-06","2021-05-06","1001","Domeneshop AS dba  domainnameshop.com","whois.domainnameshop.com","http://www.domainnameshop.com","","","","","","","Norway","9sehvszvpqcu@privacy-protection.email","","","","","","","","","","bb92mukdmqtn@privacy-protection.email","","","","","","","","","","hostmaster@domeneshop.no","","","","","","","","","","","","","ns1.hyp.net","ns2.hyp.net","ns3.hyp.net","","clientTransferProhibited","","",""
"72","oddsbonusguiden.com","2020-05-07 19:27:50","2020-05-05","2020-05-05","2022-05-05","146","GoDaddy.com, LLC","whois.godaddy.com","http://registrar.godaddy.com","","","","","Akershus","","Norway","","","","","","","","","","","","","","","","","","","","","","","","","","","","","","","","","","ns31.domaincontrol.com","ns32.domaincontrol.com","","","clientDeleteProhibited","clientRenewProhibited","clientTransferProhibited","clientUpdateProhibited"
"73","onlineangolnemet.com","2020-05-07 21:16:31","2020-05-06","2020-05-06","2021-05-06","1001","Domeneshop AS dba  domainnameshop.com","whois.domainnameshop.com","http://www.domainnameshop.com","Privattimer","Privattimer","","","","","Norway","28xshp3qrdrj@privacy-protection.email","","","","","","","","","","hthaqcf3om8e@privacy-protection.email","","","","","","","","","","hostmaster@domeneshop.no","","","","","","","","","","","","","ns1.hyp.net","ns2.hyp.net","ns3.hyp.net","","clientTransferProhibited","","",""
"74","opplevlevanger.com","2020-05-07 21:14:04","2020-05-06","2020-05-06","2021-05-06","106","Ascio Technologies, Inc. Danmark - Filial af Ascio technologies, Inc. USA","whois.ascio.com","http://www.ascio.com","Not Disclosed","Not Disclosed","Not Disclosed","Not Disclosed","","Not Disclosed","Norway","","Not Disclosed","Not Disclosed","Not Disclosed","Not Disclosed","Not Disclosed","Not Disclosed","Not Disclosed","Not Disclosed","Not Disclosed","","Not Disclosed","Not Disclosed","Not Disclosed","Not Disclosed","Not Disclosed","Not Disclosed","Not Disclosed","Not Disclosed","Not Disclosed","","Not Disclosed","Not Disclosed","","","","","","","","","","","ns.datacenter.no","ns2.datacenter.no","","","OK","","",""
"75","ourdem2.info","2020-05-07 06:08:46","2020-05-05","2020-05-05","2021-05-05","1001","Domeneshop AS dba  domainnameshop.com","whois.domainnameshop.com","http://www.domainnameshop.com","ALL IN YOUR HANDS ID & COMMUNICATION AS","ALL IN YOUR HANDS ID & COMMUNICATION AS","","","","","Norway","","","","","","","","","","","","","","","","","","","","","","","","","","","","","","","","","","ns1.hyp.net","ns2.hyp.net","ns3.hyp.net","","addPeriod","clientTransferProhibited","serverTransferProhibited",""
"76","ourdem2.net","2020-05-07 05:45:32","2020-05-05","2020-05-05","2021-05-05","1001","Domeneshop AS dba  domainnameshop.com","whois.domainnameshop.com","http://www.domainnameshop.com","ALL IN YOUR HANDS ID & COMMUNICATION AS","ALL IN YOUR HANDS ID & COMMUNICATION AS","","","","","Norway","j3vc32wzkfs6@privacy-protection.email","","","","","","","","","","jmdpbddk5g7y@privacy-protection.email","","","","","","","","","","hostmaster@domeneshop.no","","","","","","","","","","","","","ns1.hyp.net","ns2.hyp.net","ns3.hyp.net","","clientTransferProhibited","","",""
"77","pacificfishery.com","2020-05-07 19:32:38","2020-05-05","2020-05-05","2021-05-05","886","Domain.com, LLC","whois.domain.com","http://www.domain.com","REDACTED FOR PRIVACY","REDACTED FOR PRIVACY","REDACTED FOR PRIVACY","REDACTED FOR PRIVACY","NA","REDACTED FOR PRIVACY","Norway","","REDACTED FOR PRIVACY","REDACTED FOR PRIVACY","REDACTED FOR PRIVACY","REDACTED FOR PRIVACY","REDACTED FOR PRIVACY","REDACTED FOR PRIVACY","REDACTED FOR PRIVACY","REDACTED FOR PRIVACY","REDACTED FOR PRIVACY","","REDACTED FOR PRIVACY","REDACTED FOR PRIVACY","REDACTED FOR PRIVACY","REDACTED FOR PRIVACY","REDACTED FOR PRIVACY","REDACTED FOR PRIVACY","REDACTED FOR PRIVACY","REDACTED FOR PRIVACY","REDACTED FOR PRIVACY","","REDACTED FOR PRIVACY","REDACTED FOR PRIVACY","","","","","","","","","","","ns1.domaincom-default.domainparkingserver.net","ns2.domaincom-default.domainparkingserver.net","","","","","",""
"78","partialrisk.com","2020-05-07 01:39:53","2020-05-04","2020-05-04","2021-05-04","1001","Domeneshop AS dba  domainnameshop.com","whois.domainnameshop.com","http://www.domainnameshop.com","NORPAX AS","NORPAX AS","","","","","Norway","kxxaxebm8wpz@privacy-protection.email","","","","","","","","","","7kfxwqzmumev@privacy-protection.email","","","","","","","","","","hostmaster@domeneshop.no","","","","","","","","","","","","","ns1.hyp.net","ns2.hyp.net","ns3.hyp.net","","clientTransferProhibited","","",""
"79","postmyr.com","2020-05-07 21:30:42","2020-05-06","2020-05-06","2021-05-06","1001","Domeneshop AS dba  domainnameshop.com","whois.domainnameshop.com","http://www.domainnameshop.com","","","","","","","Norway","5364veymvxdt@privacy-protection.email","","","","","","","","","","oxus2n7xzypr@privacy-protection.email","","","","","","","","","","hostmaster@domeneshop.no","","","","","","","","","","","","","ns1.hyp.net","ns2.hyp.net","ns3.hyp.net","","clientTransferProhibited","","",""
"80","reveru.com","2020-05-07 20:52:53","2020-05-05","2020-05-05","2022-05-05","146","GoDaddy.com, LLC","whois.godaddy.com","http://registrar.godaddy.com","","","","","Kleppe","","Norway","","","","","","","","","","","","","","","","","","","","","","","","","","","","","","","","","","ns59.domaincontrol.com","ns60.domaincontrol.com","","","clientDeleteProhibited","clientRenewProhibited","clientTransferProhibited","clientUpdateProhibited"
"81","romiacademy.com","2020-05-07 19:14:24","2020-05-06","2020-05-06","2021-05-06","106","Ascio Technologies, Inc. Danmark - Filial af Ascio technologies, Inc. USA","whois.ascio.com","http://www.ascio.com","Not Disclosed","Not Disclosed","Not Disclosed","Not Disclosed","","Not Disclosed","Norway","","Not Disclosed","Not Disclosed","Not Disclosed","Not Disclosed","Not Disclosed","Not Disclosed","Not Disclosed","Not Disclosed","Not Disclosed","","Not Disclosed","Not Disclosed","Not Disclosed","Not Disclosed","Not Disclosed","Not Disclosed","Not Disclosed","Not Disclosed","Not Disclosed","","Not Disclosed","Not Disclosed","","","","","","","","","","","ns1.loopia.se","ns2.loopia.se","","","OK","","",""
"82","rypa.net","2020-05-07 05:43:50","2020-05-04","2020-05-04","2021-05-04","1001","Domeneshop AS dba  domainnameshop.com","whois.domainnameshop.com","http://www.domainnameshop.com","STEGGEN VILLMARKSENTER Gundersen","STEGGEN VILLMARKSENTER Gundersen","","","","","Norway","3jgkzmfyygb5@privacy-protection.email","","","","","","","","","","vu8rbsj9a5zr@privacy-protection.email","","","","","","","","","","hostmaster@domeneshop.no","","","","","","","","","","","","","ns1.hyp.net","ns2.hyp.net","ns3.hyp.net","","clientTransferProhibited","","",""
"83","samclaflinbrasil.com","2020-05-07 21:06:43","2020-05-06","2020-05-06","2021-05-06","625","Name.com, Inc.","whois.name.com","http://www.name.com","Vegard Aure","HAVA media","Waldemars Hage 2","Oslo","Oslo","0175","Norway","vegard@havamedia.no","+47.99231862","","Vegard Aure","HAVA media","Waldemars Hage 2","Oslo","Oslo","0175","Norway","vegard@havamedia.no","+47.99231862","","Vegard Aure","HAVA media","Waldemars Hage 2","Oslo","Oslo","0175","Norway","vegard@havamedia.no","+47.99231862","","","","","","","","","","","","us1.flauntmedia.net","us2.flauntmedia.net","","","addPeriod","clientTransferProhibited","",""
"84","senja-rent.com","2020-05-07 21:07:40","2020-05-06","2020-05-06","2021-05-06","106","Ascio Technologies, Inc. Danmark - Filial af Ascio technologies, Inc. USA","whois.ascio.com","http://www.ascio.com","Not Disclosed","Not Disclosed","Not Disclosed","Not Disclosed","","Not Disclosed","Norway","","Not Disclosed","Not Disclosed","Not Disclosed","Not Disclosed","Not Disclosed","Not Disclosed","Not Disclosed","Not Disclosed","Not Disclosed","","Not Disclosed","Not Disclosed","Not Disclosed","Not Disclosed","Not Disclosed","Not Disclosed","Not Disclosed","Not Disclosed","Not Disclosed","","Not Disclosed","Not Disclosed","","","","","","","","","","","ns1.loopia.se","ns2.loopia.se","","","OK","","",""
"85","senjarent.com","2020-05-07 21:07:40","2020-05-06","2020-05-06","2021-05-06","106","Ascio Technologies, Inc. Danmark - Filial af Ascio technologies, Inc. USA","whois.ascio.com","http://www.ascio.com","Not Disclosed","Not Disclosed","Not Disclosed","Not Disclosed","","Not Disclosed","Norway","","Not Disclosed","Not Disclosed","Not Disclosed","Not Disclosed","Not Disclosed","Not Disclosed","Not Disclosed","Not Disclosed","Not Disclosed","","Not Disclosed","Not Disclosed","Not Disclosed","Not Disclosed","Not Disclosed","Not Disclosed","Not Disclosed","Not Disclosed","Not Disclosed","","Not Disclosed","Not Disclosed","","","","","","","","","","","ns1.loopia.se","ns2.loopia.se","","","OK","","",""
"86","sensesbeds.com","2020-05-07 21:01:11","2020-05-06","2020-05-06","2021-05-06","146","GoDaddy.com, LLC","whois.godaddy.com","http://registrar.godaddy.com","Portalen Gruppen AS","Portalen Gruppen AS","","","Oslo","","Norway","","","","","","","","","","","","","","","","","","","","","","","","","","","","","","","","","","ns59.domaincontrol.com","ns60.domaincontrol.com","","","clientDeleteProhibited","clientRenewProhibited","clientTransferProhibited","clientUpdateProhibited"
"87","sigbjornbore.com","2020-05-07 21:03:38","2020-05-06","2020-05-06","2021-05-06","1001","Domeneshop AS dba  domainnameshop.com","whois.domainnameshop.com","http://www.domainnameshop.com","","","","","","","Norway","exp9zqvajuwo@privacy-protection.email","","","","","","","","","","njhkfvzjbq53@privacy-protection.email","","","","","","","","","","hostmaster@domeneshop.no","","","","","","","","","","","","","ns1.hyp.net","ns2.hyp.net","ns3.hyp.net","","clientTransferProhibited","","",""
"88","skidmark-simracing.com","2020-05-07 19:17:14","2020-05-06","2020-05-06","2021-05-06","1001","Domeneshop AS dba  domainnameshop.com","whois.domainnameshop.com","http://www.domainnameshop.com","","","","","","","Norway","xs63jskeux2i@privacy-protection.email","","","","","","","","","","bjjqhhm9g5ah@privacy-protection.email","","","","","","","","","","hostmaster@domeneshop.no","","","","","","","","","","","","","ns1.hyp.net","ns2.hyp.net","ns3.hyp.net","","clientTransferProhibited","","",""
"89","skrugard.com","2020-05-07 21:09:18","2020-05-06","2020-05-06","2021-05-06","1001","Domeneshop AS dba  domainnameshop.com","whois.domainnameshop.com","http://www.domainnameshop.com","TELENOR SVALBARD AS","TELENOR SVALBARD AS","","","","","Norway","3rbqu6vysdx5@privacy-protection.email","","","","","","","","","","ha69wnzxgjyz@privacy-protection.email","","","","","","","","","","hostmaster@domeneshop.no","","","","","","","","","","","","","ns1.hyp.net","ns2.hyp.net","ns3.hyp.net","","clientTransferProhibited","","",""
"90","skrugard.net","2020-05-07 23:10:57","2020-05-06","2020-05-06","2021-05-06","1001","Domeneshop AS dba  domainnameshop.com","whois.domainnameshop.com","http://www.domainnameshop.com","TELENOR SVALBARD AS","TELENOR SVALBARD AS","","","","","Norway","wvcrnarzn9cr@privacy-protection.email","","","","","","","","","","7pncpywgn9ve@privacy-protection.email","","","","","","","","","","hostmaster@domeneshop.no","","","","","","","","","","","","","ns1.hyp.net","ns2.hyp.net","ns3.hyp.net","","clientTransferProhibited","","",""
"91","soapopera.care","2020-05-07 06:35:10","2020-05-04","2020-05-04","2021-05-04","1001","Domeneshop AS dba  domainnameshop.com","whois.domainnameshop.com","http://www.domainnameshop.com","REDACTED FOR PRIVACY","MATTIS MEDIA Mattis Hovden Aas","REDACTED FOR PRIVACY","REDACTED FOR PRIVACY","","REDACTED FOR PRIVACY","Norway","","REDACTED FOR PRIVACY","REDACTED FOR PRIVACY","","","","","","","","","","","","","","","","","","","","","","","","","","","","","","","","","","","addPeriod","clientTransferProhibited","",""
"92","solberg.email","2020-05-07 06:30:57","2020-05-04","2020-05-04","2021-05-04","1001","Domeneshop AS dba  domainnameshop.com","whois.domainnameshop.com","http://www.domainnameshop.com","REDACTED FOR PRIVACY","Anton Solberg","REDACTED FOR PRIVACY","REDACTED FOR PRIVACY","","REDACTED FOR PRIVACY","Norway","","REDACTED FOR PRIVACY","REDACTED FOR PRIVACY","","","","","","","","","","","","","","","","","","","","","","","","","","","","","","","","","","","addPeriod","clientTransferProhibited","",""
"93","sparesmart.one","2020-05-07 05:32:49","2020-05-04","","2021-05-04","1462","One.com A/S","whois.ripn.net","www.one.com","","","","","","","Norway","","","","","","","","","","","","","","","","","","","","","","","","","","","","","","","","","","ns01.one.com","ns02.one.com","","","addPeriod","ok","",""
"94","staciespassion.com","2020-05-07 01:25:06","2020-05-04","2020-05-04","2021-05-04","1001","Domeneshop AS dba  domainnameshop.com","whois.domainnameshop.com","http://www.domainnameshop.com","PubHealthcare","PubHealthcare","","","","","Norway","db9xrg9konu3@privacy-protection.email","","","","","","","","","","wxvsc4ky8q86@privacy-protection.email","","","","","","","","","","hostmaster@domeneshop.no","","","","","","","","","","","","","ns1.hyp.net","ns2.hyp.net","ns3.hyp.net","","clientTransferProhibited","","",""
"95","stacyspassion.com","2020-05-07 01:34:10","2020-05-04","2020-05-04","2021-05-04","1001","Domeneshop AS dba  domainnameshop.com","whois.domainnameshop.com","http://www.domainnameshop.com","PubHealthcare","PubHealthcare","","","","","Norway","nupdwd4uyprq@privacy-protection.email","","","","","","","","","","mf7s8kza4dqg@privacy-protection.email","","","","","","","","","","hostmaster@domeneshop.no","","","","","","","","","","","","","ns1.hyp.net","ns2.hyp.net","ns3.hyp.net","","clientTransferProhibited","","",""
"96","stillonwheels.com","2020-05-07 21:12:21","2020-05-06","2020-05-06","2021-05-06","1001","Domeneshop AS dba  domainnameshop.com","whois.domainnameshop.com","http://www.domainnameshop.com","KLEIVELAND MUSIKK OG MEDIA","KLEIVELAND MUSIKK OG MEDIA","","","","","Norway","r8tqhuwkcius@privacy-protection.email","","","","","","","","","","d99xpxjx4xoc@privacy-protection.email","","","","","","","","","","hostmaster@domeneshop.no","","","","","","","","","","","","","ns1.hyp.net","ns2.hyp.net","ns3.hyp.net","","clientTransferProhibited","","",""
"97","sumily.net","2020-05-07 05:41:02","2020-05-04","2020-05-04","2021-05-04","146","GoDaddy.com, LLC","whois.godaddy.com","http://registrar.godaddy.com","yuyudytu","yuyudytu","","","ISTANBUL","","Norway","","","","","","","","","","","","","","","","","","","","","","","","","","","","","","","","","","ns29.domaincontrol.com","ns30.domaincontrol.com","","","clientDeleteProhibited","clientRenewProhibited","clientTransferProhibited","clientUpdateProhibited"
"98","teamstj.com","2020-05-07 20:21:38","2020-05-05","2020-05-05","2021-05-05","1005","NetEarth One Inc. d/b/a NetEarth","whois.advancedregistrar.com","http://www.netearthone.com","GDPR Masked","GDPR Masked","GDPR Masked","GDPR Masked","Vestland","GDPR Masked","Norway","gdpr-masking@gdpr-masked.com","GDPR Masked","GDPR Masked","GDPR Masked","GDPR Masked","GDPR Masked","GDPR Masked","GDPR Masked","GDPR Masked","GDPR Masked","gdpr-masking@gdpr-masked.com","GDPR Masked","GDPR Masked","GDPR Masked","GDPR Masked","GDPR Masked","GDPR Masked","GDPR Masked","GDPR Masked","GDPR Masked","gdpr-masking@gdpr-masked.com","GDPR Masked","GDPR Masked","","","","","","","","","","","ns1.dedia-server.no","ns2.dedia-server.no","","","clientTransferProhibited","","",""
"99","the-usability-blog.com","2020-05-07 20:30:09","2020-05-05","2020-05-05","2021-05-05","146","GoDaddy.com, LLC","whois.godaddy.com","http://registrar.godaddy.com","","","","","OSLO","","Norway","","","","","","","","","","","","","","","","","","","","","","","","","","","","","","","","","","ada.ns.cloudflare.com","nitin.ns.cloudflare.com","","","clientDeleteProhibited","clientRenewProhibited","clientTransferProhibited","clientUpdateProhibited"
"100","thecreativemindaswathy.com","2020-05-07 21:39:15","2020-05-06","2020-05-06","2021-05-06","106","Ascio Technologies, Inc. Danmark - Filial af Ascio technologies, Inc. USA","whois.ascio.com","http://www.ascio.com","Not Disclosed","Not Disclosed","Not Disclosed","Not Disclosed","","Not Disclosed","Norway","","Not Disclosed","Not Disclosed","Not Disclosed","Not Disclosed","Not Disclosed","Not Disclosed","Not Disclosed","Not Disclosed","Not Disclosed","","Not Disclosed","Not Disclosed","Not Disclosed","Not Disclosed","Not Disclosed","Not Disclosed","Not Disclosed","Not Disclosed","Not Disclosed","","Not Disclosed","Not Disclosed","","","","","","","","","","","dns1.123hjemmeside.dk","dns2.123hjemmeside.dk","dns3.123hjemmeside.dk","","OK","","",""
"101","therealman.men","2020-05-07 05:56:41","2020-05-04","2020-05-04","2021-05-04","1001","Domeneshop AS dba  domainnameshop.com","whois.domainnameshop.com","http://www.domainnameshop.com","","","","","","","Norway","","","","","","","","","","","","","","","","","","","","","","","","","","","","","","","","","","ns1.hyp.net","ns2.hyp.net","ns3.hyp.net","","addPeriod","clientTransferProhibited","",""
"102","theusabilityblog.com","2020-05-07 20:16:06","2020-05-05","2020-05-05","2021-05-05","146","GoDaddy.com, LLC","whois.godaddy.com","http://registrar.godaddy.com","","","","","OSLO","","Norway","","","","","","","","","","","","","","","","","","","","","","","","","","","","","","","","","","ada.ns.cloudflare.com","nitin.ns.cloudflare.com","","","clientDeleteProhibited","clientRenewProhibited","clientTransferProhibited","clientUpdateProhibited"
"103","tidbittable.com","2020-05-07 19:21:26","2020-05-06","2020-05-06","2021-05-06","1001","Domeneshop AS dba  domainnameshop.com","whois.domainnameshop.com","http://www.domainnameshop.com","BONK CONSULTING AS","BONK CONSULTING AS","","","","","Norway","ib7cy7p2b2vk@privacy-protection.email","","","","","","","","","","z4berw3eyve8@privacy-protection.email","","","","","","","","","","hostmaster@domeneshop.no","","","","","","","","","","","","","ns1.hyp.net","ns2.hyp.net","ns3.hyp.net","","clientTransferProhibited","","",""
"104","timebeing.pro","2020-05-07 22:46:25","2020-05-06","2020-05-06","2022-05-06","2","Network Solutions, LLC","whois.networksolutions.com","http://networksolutions.com","Soft Model","Soft Model","","","RYKKINN","","Norway","","","","","","","","","","","","","","","","","","","","","","","","","","","","","","","","","","ns37.worldnic.com","ns38.worldnic.com","","","addPeriod","clientTransferProhibited","serverTransferProhibited",""
"105","tomaslonsethagen.com","2020-05-07 21:02:54","2020-05-06","2020-05-06","2021-05-06","1001","Domeneshop AS dba  domainnameshop.com","whois.domainnameshop.com","http://www.domainnameshop.com","","","","","","","Norway","m7ad2aquuh4g@privacy-protection.email","","","","","","","","","","tcsszt7orstn@privacy-protection.email","","","","","","","","","","hostmaster@domeneshop.no","","","","","","","","","","","","","ns1.hyp.net","ns2.hyp.net","ns3.hyp.net","","clientTransferProhibited","","",""
"106","tomboestates.com","2020-05-07 21:16:01","2020-05-06","2020-05-06","2021-05-06","1001","Domeneshop AS dba  domainnameshop.com","whois.domainnameshop.com","http://www.domainnameshop.com","MEGAFEDT AS","MEGAFEDT AS","","","","","Norway","bb2moskzya76@privacy-protection.email","","","","","","","","","","jqqhpcax7ux2@privacy-protection.email","","","","","","","","","","hostmaster@domeneshop.no","","","","","","","","","","","","","ns1.hyp.net","ns2.hyp.net","ns3.hyp.net","","clientTransferProhibited","","",""
"107","tophardstyle.com","2020-05-07 19:31:01","2020-05-05","2020-05-05","2021-05-05","1001","Domeneshop AS dba  domainnameshop.com","whois.domainnameshop.com","http://www.domainnameshop.com","TUNLI ONLINE PRODUCTIONS","TUNLI ONLINE PRODUCTIONS","","","","","Norway","dteh3d4an8oz@privacy-protection.email","","","","","","","","","","rao8mtzqri85@privacy-protection.email","","","","","","","","","","hostmaster@domeneshop.no","","","","","","","","","","","","","ns1.hyp.net","ns2.hyp.net","ns3.hyp.net","","clientTransferProhibited","","",""
"108","urgenttranslate.com","2020-05-07 20:23:26","2020-05-05","2020-05-05","2021-05-05","1001","Domeneshop AS dba  domainnameshop.com","whois.domainnameshop.com","http://www.domainnameshop.com","","","","","","","Norway","bfp7zujbzpem@privacy-protection.email","","","","","","","","","","22enihzcqd5b@privacy-protection.email","","","","","","","","","","hostmaster@domeneshop.no","","","","","","","","","","","","","ns1.hyp.net","ns2.hyp.net","ns3.hyp.net","","clientTransferProhibited","","",""
"109","valgkomite.com","2020-05-07 20:09:42","2020-05-05","2020-05-05","2021-05-05","1001","Domeneshop AS dba  domainnameshop.com","whois.domainnameshop.com","http://www.domainnameshop.com","","","","","","","Norway","kjiqpsmtsnh8@privacy-protection.email","","","","","","","","","","9xmhhrjewqvk@privacy-protection.email","","","","","","","","","","hostmaster@domeneshop.no","","","","","","","","","","","","","ns1.hyp.net","ns2.hyp.net","ns3.hyp.net","","clientTransferProhibited","","",""
"110","vineplify.com","2020-05-07 19:31:33","2020-05-05","2020-05-05","2021-05-05","146","GoDaddy.com, LLC","whois.godaddy.com","http://registrar.godaddy.com","","","","","OSLO","","Norway","","","","","","","","","","","","","","","","","","","","","","","","","","","","","","","","","","ns59.domaincontrol.com","ns60.domaincontrol.com","","","clientDeleteProhibited","clientRenewProhibited","clientTransferProhibited","clientUpdateProhibited"
"111","vpfscandinavia.com","2020-05-07 20:10:14","2020-05-05","2020-05-05","2021-05-05","303","PDR Ltd. d/b/a PublicDomainRegistry.com","whois.publicdomainregistry.com","http://www.publicdomainregistry.com","GDPR Masked","GDPR Masked","GDPR Masked","GDPR Masked","Viken","GDPR Masked","Norway","gdpr-masking@gdpr-masked.com","GDPR Masked","GDPR Masked","GDPR Masked","GDPR Masked","GDPR Masked","GDPR Masked","GDPR Masked","GDPR Masked","GDPR Masked","gdpr-masking@gdpr-masked.com","GDPR Masked","GDPR Masked","GDPR Masked","GDPR Masked","GDPR Masked","GDPR Masked","GDPR Masked","GDPR Masked","GDPR Masked","gdpr-masking@gdpr-masked.com","GDPR Masked","GDPR Masked","","","","","","","","","","","ns1.dns-parking.com","ns2.dns-parking.com","","","clientTransferProhibited","","",""
"112","wineplify.com","2020-05-07 20:22:01","2020-05-05","2020-05-05","2021-05-05","146","GoDaddy.com, LLC","whois.godaddy.com","http://registrar.godaddy.com","","","","","OSLO","","Norway","","","","","","","","","","","","","","","","","","","","","","","","","","","","","","","","","","ns71.domaincontrol.com","ns72.domaincontrol.com","","","clientDeleteProhibited","clientRenewProhibited","clientTransferProhibited","clientUpdateProhibited"
"113","worldmarketsreview.com","2020-05-07 21:16:31","2020-05-06","2020-05-06","2021-05-06","146","GoDaddy.com, LLC","whois.godaddy.com","http://registrar.godaddy.com","","","","","Hordaland","","Norway","","","","","","","","","","","","","","","","","","","","","","","","","","","","","","","","","","ns2.wixdns.net","ns3.wixdns.net","","","clientDeleteProhibited","clientRenewProhibited","clientTransferProhibited","clientUpdateProhibited"
"114","worldplay.pro","2020-05-07 22:46:24","2020-05-06","2020-05-06","2022-05-06","2","Network Solutions, LLC","whois.networksolutions.com","http://networksolutions.com","Soft Model","Soft Model","","","RYKKINN","","Norway","","","","","","","","","","","","","","","","","","","","","","","","","","","","","","","","","","ns39.worldnic.com","ns40.worldnic.com","","","addPeriod","clientTransferProhibited","serverTransferProhibited",""
"115","wrightmusics.com","2020-05-07 21:05:31","2020-05-06","2020-05-06","2021-05-06","146","GoDaddy.com, LLC","whois.godaddy.com","http://registrar.godaddy.com","","","","","OSLO","","Norway","","","","","","","","","","","","","","","","","","","","","","","","","","","","","","","","","","ns19.domaincontrol.com","ns20.domaincontrol.com","","","clientDeleteProhibited","clientRenewProhibited","clientTransferProhibited","clientUpdateProhibited"
"116","xn--hengekya-b5a.com","2020-05-07 19:18:51","2020-05-06","2020-05-06","2021-05-06","1001","Domeneshop AS dba  domainnameshop.com","whois.domainnameshop.com","http://www.domainnameshop.com","V?RU AS","V?RU AS","","","","","Norway","kwmg4hgpjnfv@privacy-protection.email","","","","","","","","","","uw86kqba7a9g@privacy-protection.email","","","","","","","","","","hostmaster@domeneshop.no","","","","","","","","","","","","","ns1.hyp.net","ns2.hyp.net","ns3.hyp.net","","clientTransferProhibited","","",""