"num","domain_name","query_time","create_date","update_date","expiry_date","domain_registrar_id","domain_registrar_name","domain_registrar_whois","domain_registrar_url","registrant_name","registrant_company","registrant_address","registrant_city","registrant_state","registrant_zip","registrant_country","registrant_email","registrant_phone","registrant_fax","administrative_name","administrative_company","administrative_address","administrative_city","administrative_state","administrative_zip","administrative_country","administrative_email","administrative_phone","administrative_fax","technical_name","technical_company","technical_address","technical_city","technical_state","technical_zip","technical_country","technical_email","technical_phone","technical_fax","billing_name","billing_company","billing_address","billing_city","billing_state","billing_zip","billing_country","billing_email","billing_phone","billing_fax","name_server_1","name_server_2","name_server_3","name_server_4","domain_status_1","domain_status_2","domain_status_3","domain_status_4"
"1","alanshop.info","2020-05-07 06:25:53","2020-05-05","2020-05-05","2021-05-05","1868","Eranet International Limited","whois.eranet.com","http://www.eranet.com","Oleg Petrov","Oleg Petrov","","","calif","","Seychelles","","","","","","","","","","","","","","","","","","","","","","","","","","","","","","","","","","dahlia.ns.cloudflare.com","james.ns.cloudflare.com","","","addPeriod","clientTransferProhibited","serverTransferProhibited",""
"2","dealzpanda.com","2020-05-07 19:10:50","2020-05-06","2020-05-06","2021-05-06","303","PDR Ltd. d/b/a PublicDomainRegistry.com","whois.publicdomainregistry.com","http://www.publicdomainregistry.com","Karthik dodo","Karthik dodo","Seychelles","Seychelles","Victoria","248752","Seychelles","63nbalamurugan@gmail.com","+248.2771387","","Karthik dodo","Karthik dodo","Seychelles","Seychelles","Victoria","248752","Seychelles","63nbalamurugan@gmail.com","+248.2771387","","Karthik dodo","Karthik dodo","Seychelles","Seychelles","Victoria","248752","Seychelles","63nbalamurugan@gmail.com","+248.2771387","","","","","","","","","","","","buck.ns.cloudflare.com","nina.ns.cloudflare.com","","","clientTransferProhibited","","",""
"3","goraku-world.com","2020-05-07 21:21:47","2020-05-06","2020-05-06","2022-05-06","146","GoDaddy.com, LLC","whois.godaddy.com","http://registrar.godaddy.com","","","","","Mahe","","Seychelles","","","","","","","","","","","","","","","","","","","","","","","","","","","","","","","","","","ns59.domaincontrol.com","ns60.domaincontrol.com","","","clientDeleteProhibited","clientRenewProhibited","clientTransferProhibited","clientUpdateProhibited"
"4","hsbc-helpdesk.net","2020-05-07 19:00:52","2020-05-06","2020-05-06","2021-05-06","1868","Eranet International Limited","whois.eranet.com","http://www.eranet.com","REDACTED FOR PRIVACY","","REDACTED FOR PRIVACY","REDACTED FOR PRIVACY","jdsks","REDACTED FOR PRIVACY","Seychelles","","REDACTED FOR PRIVACY","REDACTED FOR PRIVACY","REDACTED FOR PRIVACY","REDACTED FOR PRIVACY","REDACTED FOR PRIVACY","REDACTED FOR PRIVACY","REDACTED FOR PRIVACY","REDACTED FOR PRIVACY","REDACTED FOR PRIVACY","","REDACTED FOR PRIVACY","REDACTED FOR PRIVACY","REDACTED FOR PRIVACY","REDACTED FOR PRIVACY","REDACTED FOR PRIVACY","REDACTED FOR PRIVACY","REDACTED FOR PRIVACY","REDACTED FOR PRIVACY","REDACTED FOR PRIVACY","","REDACTED FOR PRIVACY","REDACTED FOR PRIVACY","","","","","","","","","","","now1.dns.com","now2.dns.com","","","clientTransferProhibited","","",""
"5","hsbchelpdesk.net","2020-05-07 19:00:52","2020-05-06","2020-05-07","2021-05-06","1868","Eranet International Limited","whois.eranet.com","http://www.eranet.com","REDACTED FOR PRIVACY","","REDACTED FOR PRIVACY","REDACTED FOR PRIVACY","jdsks","REDACTED FOR PRIVACY","Seychelles","","REDACTED FOR PRIVACY","REDACTED FOR PRIVACY","REDACTED FOR PRIVACY","REDACTED FOR PRIVACY","REDACTED FOR PRIVACY","REDACTED FOR PRIVACY","REDACTED FOR PRIVACY","REDACTED FOR PRIVACY","REDACTED FOR PRIVACY","","REDACTED FOR PRIVACY","REDACTED FOR PRIVACY","REDACTED FOR PRIVACY","REDACTED FOR PRIVACY","REDACTED FOR PRIVACY","REDACTED FOR PRIVACY","REDACTED FOR PRIVACY","REDACTED FOR PRIVACY","REDACTED FOR PRIVACY","","REDACTED FOR PRIVACY","REDACTED FOR PRIVACY","","","","","","","","","","","ns1.incodns.net","ns2.incodns.net","","","clientTransferProhibited","","",""
"6","imagelija.com","2020-05-07 19:33:21","2020-05-05","2020-05-06","2021-05-05","2264","Major Leaque Domains, LLC","whois.majorleaguedomains.com","http://www.majorleaguedomains.com","Dmitry Vasilev","Elmaco Ltd.","106 PREMIER BUILDING, ALBERT STREET","Victoria","","00000","Seychelles","domkeeper777@gmail.com","+248.37258630645","+248.037258630645","Dmitry Vasilev","Elmaco Ltd.","106 PREMIER BUILDING, ALBERT STREET","Victoria","","00000","Seychelles","domkeeper777@gmail.com","+248.37258630645","+248.037258630645","Dmitry Vasilev","Elmaco Ltd.","106 PREMIER BUILDING, ALBERT STREET","Victoria","","00000","Seychelles","domkeeper777@gmail.com","+248.37258630645","+248.037258630645","","","","","","","","","","","pns1.cloudns.net","pns2.cloudns.net","","","OK","","",""
"7","promegapixel.com","2020-05-07 19:15:22","2020-05-06","2020-05-06","2021-05-06","1868","Eranet International Limited","whois.eranet.com","http://www.eranet.com","REDACTED FOR PRIVACY","","REDACTED FOR PRIVACY","REDACTED FOR PRIVACY","3","REDACTED FOR PRIVACY","Seychelles","","REDACTED FOR PRIVACY","REDACTED FOR PRIVACY","REDACTED FOR PRIVACY","REDACTED FOR PRIVACY","REDACTED FOR PRIVACY","REDACTED FOR PRIVACY","REDACTED FOR PRIVACY","REDACTED FOR PRIVACY","REDACTED FOR PRIVACY","","REDACTED FOR PRIVACY","REDACTED FOR PRIVACY","REDACTED FOR PRIVACY","REDACTED FOR PRIVACY","REDACTED FOR PRIVACY","REDACTED FOR PRIVACY","REDACTED FOR PRIVACY","REDACTED FOR PRIVACY","REDACTED FOR PRIVACY","","REDACTED FOR PRIVACY","REDACTED FOR PRIVACY","","","","","","","","","","","dns1.namecheaphosting.com","dns2.namecheaphosting.com","","","clientTransferProhibited","","",""
"8","vanillacraves.com","2020-05-07 20:02:45","2020-05-06","2020-05-06","2021-05-06","1868","Eranet International Limited","whois.eranet.com","http://www.eranet.com","REDACTED FOR PRIVACY","","REDACTED FOR PRIVACY","REDACTED FOR PRIVACY","WV","REDACTED FOR PRIVACY","Seychelles","","REDACTED FOR PRIVACY","REDACTED FOR PRIVACY","REDACTED FOR PRIVACY","REDACTED FOR PRIVACY","REDACTED FOR PRIVACY","REDACTED FOR PRIVACY","REDACTED FOR PRIVACY","REDACTED FOR PRIVACY","REDACTED FOR PRIVACY","","REDACTED FOR PRIVACY","REDACTED FOR PRIVACY","REDACTED FOR PRIVACY","REDACTED FOR PRIVACY","REDACTED FOR PRIVACY","REDACTED FOR PRIVACY","REDACTED FOR PRIVACY","REDACTED FOR PRIVACY","REDACTED FOR PRIVACY","","REDACTED FOR PRIVACY","REDACTED FOR PRIVACY","","","","","","","","","","","now1.dns.com","now2.dns.com","","","clientTransferProhibited","","",""