"num","domain_name","query_time","create_date","update_date","expiry_date","domain_registrar_id","domain_registrar_name","domain_registrar_whois","domain_registrar_url","registrant_name","registrant_company","registrant_address","registrant_city","registrant_state","registrant_zip","registrant_country","registrant_email","registrant_phone","registrant_fax","administrative_name","administrative_company","administrative_address","administrative_city","administrative_state","administrative_zip","administrative_country","administrative_email","administrative_phone","administrative_fax","technical_name","technical_company","technical_address","technical_city","technical_state","technical_zip","technical_country","technical_email","technical_phone","technical_fax","billing_name","billing_company","billing_address","billing_city","billing_state","billing_zip","billing_country","billing_email","billing_phone","billing_fax","name_server_1","name_server_2","name_server_3","name_server_4","domain_status_1","domain_status_2","domain_status_3","domain_status_4"
"1","0800777239.com","2020-05-07 19:14:18","2020-05-06","2020-05-06","2021-05-06","81","Gandi SAS","whois.gandi.net","http://www.gandi.net","REDACTED FOR PRIVACY","","REDACTED FOR PRIVACY","REDACTED FOR PRIVACY","","REDACTED FOR PRIVACY","Taiwan","1efd72ff6187e2447e1482a8fd85b4b8-18898945@contact.gandi.net","REDACTED FOR PRIVACY","REDACTED FOR PRIVACY","REDACTED FOR PRIVACY","REDACTED FOR PRIVACY","REDACTED FOR PRIVACY","REDACTED FOR PRIVACY","REDACTED FOR PRIVACY","REDACTED FOR PRIVACY","REDACTED FOR PRIVACY","1efd72ff6187e2447e1482a8fd85b4b8-18898945@contact.gandi.net","REDACTED FOR PRIVACY","REDACTED FOR PRIVACY","REDACTED FOR PRIVACY","REDACTED FOR PRIVACY","REDACTED FOR PRIVACY","REDACTED FOR PRIVACY","REDACTED FOR PRIVACY","REDACTED FOR PRIVACY","REDACTED FOR PRIVACY","1efd72ff6187e2447e1482a8fd85b4b8-18898945@contact.gandi.net","REDACTED FOR PRIVACY","REDACTED FOR PRIVACY","","","","","","","","","","","ns-197-b.gandi.net","ns-35-c.gandi.net","ns-66-a.gandi.net","","clientTransferProhibited","","",""
"2","0903277612.com","2020-05-07 20:29:46","2020-05-05","2020-05-05","2021-05-05","1005","NetEarth One Inc. d/b/a NetEarth","whois.advancedregistrar.com","http://www.netearthone.com","MING HUI HSIA","","No.43, Guijiang St","Xiaogang","Taiwan","81232","Taiwan","wwwopptwcom@gmail.com","+886.886986228104","","MING HUI HSIA","","No.43, Guijiang St","Xiaogang","Taiwan","81232","Taiwan","wwwopptwcom@gmail.com","+886.886986228104","","MING HUI HSIA","","No.43, Guijiang St","Xiaogang","Taiwan","81232","Taiwan","wwwopptwcom@gmail.com","+886.886986228104","","","","","","","","","","","","ns1.arandomserver.com","ns2.arandomserver.com","","","clientTransferProhibited","","",""
"3","178learn.com","2020-05-07 21:30:30","2020-05-06","2020-05-06","2022-05-06","303","PDR Ltd. d/b/a PublicDomainRegistry.com","whois.publicdomainregistry.com","http://www.publicdomainregistry.com","178learn 178learn","178learn 178learn","No. 148, Ln. 614, Zhongshan Rd.,","Taichung City","Taichung City","429","Taiwan","ohohweb@gmail.com","+886.919071110","","178learn 178learn","178learn 178learn","No. 148, Ln. 614, Zhongshan Rd.,","Taichung City","Taichung City","429","Taiwan","ohohweb@gmail.com","+886.919071110","","178learn 178learn","178learn 178learn","No. 148, Ln. 614, Zhongshan Rd.,","Taichung City","Taichung City","429","Taiwan","ohohweb@gmail.com","+886.919071110","","","","","","","","","","","","ns1.dns-parking.com","ns2.dns-parking.com","","","clientTransferProhibited","","",""
"4","2020tycontest.com","2020-05-07 21:33:02","2020-05-06","2020-05-06","2021-05-06","48","eNom, Inc.","whois.enom.com","http://www.enom.com","REDACTED FOR PRIVACY","REDACTED FOR PRIVACY","REDACTED FOR PRIVACY","REDACTED FOR PRIVACY","REDACTED FOR PRIVACY","REDACTED FOR PRIVACY","Taiwan","","REDACTED FOR PRIVACY","REDACTED FOR PRIVACY","REDACTED FOR PRIVACY","REDACTED FOR PRIVACY","REDACTED FOR PRIVACY","REDACTED FOR PRIVACY","REDACTED FOR PRIVACY","REDACTED FOR PRIVACY","REDACTED FOR PRIVACY","","REDACTED FOR PRIVACY","REDACTED FOR PRIVACY","REDACTED FOR PRIVACY","REDACTED FOR PRIVACY","REDACTED FOR PRIVACY","REDACTED FOR PRIVACY","REDACTED FOR PRIVACY","REDACTED FOR PRIVACY","REDACTED FOR PRIVACY","","REDACTED FOR PRIVACY","REDACTED FOR PRIVACY","","","","","","","","","","","dns1.name-services.com","dns2.name-services.com","dns3.name-services.com","dns4.name-services.com","addPeriod","clientTransferProhibited","",""
"5","3fmutual.com","2020-05-07 19:32:11","2020-05-05","2020-05-06","2021-05-05","81","Gandi SAS","whois.gandi.net","http://www.gandi.net","REDACTED FOR PRIVACY","??????????","REDACTED FOR PRIVACY","REDACTED FOR PRIVACY","","REDACTED FOR PRIVACY","Taiwan","132a153acd2138360784b8c9b8910792-18885701@contact.gandi.net","REDACTED FOR PRIVACY","REDACTED FOR PRIVACY","REDACTED FOR PRIVACY","REDACTED FOR PRIVACY","REDACTED FOR PRIVACY","REDACTED FOR PRIVACY","REDACTED FOR PRIVACY","REDACTED FOR PRIVACY","REDACTED FOR PRIVACY","132a153acd2138360784b8c9b8910792-18885701@contact.gandi.net","REDACTED FOR PRIVACY","REDACTED FOR PRIVACY","REDACTED FOR PRIVACY","REDACTED FOR PRIVACY","REDACTED FOR PRIVACY","REDACTED FOR PRIVACY","REDACTED FOR PRIVACY","REDACTED FOR PRIVACY","REDACTED FOR PRIVACY","132a153acd2138360784b8c9b8910792-18885701@contact.gandi.net","REDACTED FOR PRIVACY","REDACTED FOR PRIVACY","","","","","","","","","","","audrey.ns.cloudflare.com","colin.ns.cloudflare.com","","","clientTransferProhibited","","",""
"6","5sectech.com","2020-05-07 21:18:56","2020-05-06","2020-05-06","2021-05-06","81","Gandi SAS","whois.gandi.net","http://www.gandi.net","REDACTED FOR PRIVACY","","REDACTED FOR PRIVACY","REDACTED FOR PRIVACY","","REDACTED FOR PRIVACY","Taiwan","8ccb0dfc1d0a4121e4b25c564385bb65-18899281@contact.gandi.net","REDACTED FOR PRIVACY","REDACTED FOR PRIVACY","REDACTED FOR PRIVACY","REDACTED FOR PRIVACY","REDACTED FOR PRIVACY","REDACTED FOR PRIVACY","REDACTED FOR PRIVACY","REDACTED FOR PRIVACY","REDACTED FOR PRIVACY","8ccb0dfc1d0a4121e4b25c564385bb65-18899281@contact.gandi.net","REDACTED FOR PRIVACY","REDACTED FOR PRIVACY","REDACTED FOR PRIVACY","REDACTED FOR PRIVACY","REDACTED FOR PRIVACY","REDACTED FOR PRIVACY","REDACTED FOR PRIVACY","REDACTED FOR PRIVACY","REDACTED FOR PRIVACY","8ccb0dfc1d0a4121e4b25c564385bb65-18899281@contact.gandi.net","REDACTED FOR PRIVACY","REDACTED FOR PRIVACY","","","","","","","","","","","a.g-dns.com","b.g-dns.com","c.g-dns.com","","clientTransferProhibited","","",""
"7","afsslscaa.com","2020-05-07 21:35:15","2020-05-06","2020-05-06","2022-05-06","146","GoDaddy.com, LLC","whois.godaddy.com","http://registrar.godaddy.com","Jin Yao \u7db2Lu \u8cc7\u8a0aYou Xian Gong Si","Jin Yao \u7db2Lu \u8cc7\u8a0aYou Xian Gong Si","","","","","Taiwan","","","","","","","","","","","","","","","","","","","","","","","","","","","","","","","","","","ns19.cx901.com","ns20.cx901.com","","","clientDeleteProhibited","clientRenewProhibited","clientTransferProhibited","clientUpdateProhibited"
"8","atomictutor.com","2020-05-07 19:30:52","2020-05-05","2020-05-05","2021-05-05","146","GoDaddy.com, LLC","whois.godaddy.com","http://registrar.godaddy.com","","","","","Zhong Shan \u5340","","Taiwan","","","","","","","","","","","","","","","","","","","","","","","","","","","","","","","","","","ns59.domaincontrol.com","ns60.domaincontrol.com","","","clientDeleteProhibited","clientRenewProhibited","clientTransferProhibited","clientUpdateProhibited"
"9","aw01025.com","2020-05-07 21:24:26","2020-05-06","2020-05-06","2021-05-06","146","GoDaddy.com, LLC","whois.godaddy.com","http://registrar.godaddy.com","","","","","Tai Bei Sheng","","Taiwan","","","","","","","","","","","","","","","","","","","","","","","","","","","","","","","","","","ns59.domaincontrol.com","ns60.domaincontrol.com","","","clientDeleteProhibited","clientRenewProhibited","clientTransferProhibited","clientUpdateProhibited"
"10","aw18556.com","2020-05-07 21:24:25","2020-05-06","2020-05-06","2021-05-06","146","GoDaddy.com, LLC","whois.godaddy.com","http://registrar.godaddy.com","","","","","Tai Bei Sheng","","Taiwan","","","","","","","","","","","","","","","","","","","","","","","","","","","","","","","","","","ns31.domaincontrol.com","ns32.domaincontrol.com","","","clientDeleteProhibited","clientRenewProhibited","clientTransferProhibited","clientUpdateProhibited"
"11","aw23658.com","2020-05-07 21:24:40","2020-05-06","2020-05-06","2021-05-06","146","GoDaddy.com, LLC","whois.godaddy.com","http://registrar.godaddy.com","","","","","Tai Bei Sheng","","Taiwan","","","","","","","","","","","","","","","","","","","","","","","","","","","","","","","","","","ns71.domaincontrol.com","ns72.domaincontrol.com","","","clientDeleteProhibited","clientRenewProhibited","clientTransferProhibited","clientUpdateProhibited"
"12","aw35698.com","2020-05-07 21:24:16","2020-05-06","2020-05-06","2021-05-06","146","GoDaddy.com, LLC","whois.godaddy.com","http://registrar.godaddy.com","","","","","Tai Bei Sheng","","Taiwan","","","","","","","","","","","","","","","","","","","","","","","","","","","","","","","","","","ns31.domaincontrol.com","ns32.domaincontrol.com","","","clientDeleteProhibited","clientRenewProhibited","clientTransferProhibited","clientUpdateProhibited"
"13","aw47855.com","2020-05-07 21:24:25","2020-05-06","2020-05-06","2021-05-06","146","GoDaddy.com, LLC","whois.godaddy.com","http://registrar.godaddy.com","","","","","Tai Bei Sheng","","Taiwan","","","","","","","","","","","","","","","","","","","","","","","","","","","","","","","","","","ns31.domaincontrol.com","ns32.domaincontrol.com","","","clientDeleteProhibited","clientRenewProhibited","clientTransferProhibited","clientUpdateProhibited"
"14","aw58747.com","2020-05-07 21:24:25","2020-05-06","2020-05-06","2021-05-06","146","GoDaddy.com, LLC","whois.godaddy.com","http://registrar.godaddy.com","","","","","Tai Bei Sheng","","Taiwan","","","","","","","","","","","","","","","","","","","","","","","","","","","","","","","","","","ns59.domaincontrol.com","ns60.domaincontrol.com","","","clientDeleteProhibited","clientRenewProhibited","clientTransferProhibited","clientUpdateProhibited"
"15","aw68599.com","2020-05-07 21:26:37","2020-05-06","2020-05-06","2021-05-06","146","GoDaddy.com, LLC","whois.godaddy.com","http://registrar.godaddy.com","","","","","Tai Bei Sheng","","Taiwan","","","","","","","","","","","","","","","","","","","","","","","","","","","","","","","","","","ns59.domaincontrol.com","ns60.domaincontrol.com","","","clientDeleteProhibited","clientRenewProhibited","clientTransferProhibited","clientUpdateProhibited"
"16","aw74155.com","2020-05-07 21:24:14","2020-05-06","2020-05-06","2021-05-06","146","GoDaddy.com, LLC","whois.godaddy.com","http://registrar.godaddy.com","","","","","Tai Bei Sheng","","Taiwan","","","","","","","","","","","","","","","","","","","","","","","","","","","","","","","","","","ns59.domaincontrol.com","ns60.domaincontrol.com","","","clientDeleteProhibited","clientRenewProhibited","clientTransferProhibited","clientUpdateProhibited"
"17","aw86274.com","2020-05-07 21:24:40","2020-05-06","2020-05-06","2021-05-06","146","GoDaddy.com, LLC","whois.godaddy.com","http://registrar.godaddy.com","","","","","Tai Bei Sheng","","Taiwan","","","","","","","","","","","","","","","","","","","","","","","","","","","","","","","","","","ns71.domaincontrol.com","ns72.domaincontrol.com","","","clientDeleteProhibited","clientRenewProhibited","clientTransferProhibited","clientUpdateProhibited"
"18","aw96502.com","2020-05-07 21:26:40","2020-05-06","2020-05-06","2021-05-06","146","GoDaddy.com, LLC","whois.godaddy.com","http://registrar.godaddy.com","","","","","Tai Bei Sheng","","Taiwan","","","","","","","","","","","","","","","","","","","","","","","","","","","","","","","","","","ns73.domaincontrol.com","ns74.domaincontrol.com","","","clientDeleteProhibited","clientRenewProhibited","clientTransferProhibited","clientUpdateProhibited"
"19","bactopur.com","2020-05-07 19:15:23","2020-05-06","2020-05-06","2021-05-06","69","Tucows Domains Inc.","whois.tucows.com","http://domainhelp.opensrs.net","REDACTED FOR PRIVACY","REDACTED FOR PRIVACY","REDACTED FOR PRIVACY","REDACTED FOR PRIVACY","XX","REDACTED FOR PRIVACY","Taiwan","","REDACTED FOR PRIVACY","REDACTED FOR PRIVACY","REDACTED FOR PRIVACY","REDACTED FOR PRIVACY","REDACTED FOR PRIVACY","REDACTED FOR PRIVACY","REDACTED FOR PRIVACY","REDACTED FOR PRIVACY","REDACTED FOR PRIVACY","","REDACTED FOR PRIVACY","REDACTED FOR PRIVACY","REDACTED FOR PRIVACY","REDACTED FOR PRIVACY","REDACTED FOR PRIVACY","REDACTED FOR PRIVACY","REDACTED FOR PRIVACY","REDACTED FOR PRIVACY","REDACTED FOR PRIVACY","","REDACTED FOR PRIVACY","REDACTED FOR PRIVACY","","","","","","","","","","","ns1.gsgp1026.siteground.asia","ns2.gsgp1026.siteground.asia","","","clientTransferProhibited","clientUpdateProhibited","",""
"20","bnsfoods.com","2020-05-07 21:21:57","2020-05-06","2020-05-06","2023-05-06","146","GoDaddy.com, LLC","whois.godaddy.com","http://registrar.godaddy.com","Ban \u9580Shi Fu","Ban \u9580Shi Fu","","","\u81fa\u7063Sheng","","Taiwan","","","","","","","","","","","","","","","","","","","","","","","","","","","","","","","","","","ns59.domaincontrol.com","ns60.domaincontrol.com","","","clientDeleteProhibited","clientRenewProhibited","clientTransferProhibited","clientUpdateProhibited"
"21","catchat.info","2020-05-07 06:18:00","2020-05-05","2020-05-05","2021-05-05","81","Gandi SAS","whois.gandi.net","http://www.gandi.net","Catchat","Catchat","","","","","Taiwan","","","","","","","","","","","","","","","","","","","","","","","","","","","","","","","","","","ns-1201.awsdns-22.org","ns-1720.awsdns-23.co.uk","ns-214.awsdns-26.com","ns-860.awsdns-43.net","addPeriod","clientTransferProhibited","serverTransferProhibited",""
"22","chinabusinessbriefing.com","2020-05-07 21:36:50","2020-05-06","2020-05-06","2022-05-06","146","GoDaddy.com, LLC","whois.godaddy.com","http://registrar.godaddy.com","","","","","Taipei","","Taiwan","","","","","","","","","","","","","","","","","","","","","","","","","","","","","","","","","","ns71.domaincontrol.com","ns72.domaincontrol.com","","","clientDeleteProhibited","clientRenewProhibited","clientTransferProhibited","clientUpdateProhibited"
"23","cocomademedomydream.com","2020-05-07 21:09:45","2020-05-06","2020-05-06","2021-05-06","440","Wild West Domains, LLC","whois.wildwestdomains.com","http://www.wildwestdomains.com","CM Boutique","CM Boutique","","","Tamsui Dist,","","Taiwan","","","","","","","","","","","","","","","","","","","","","","","","","","","","","","","","","","ns31.domaincontrol.com","ns32.domaincontrol.com","","","clientDeleteProhibited","clientRenewProhibited","clientTransferProhibited","clientUpdateProhibited"
"24","crucialcampaign.com","2020-05-07 21:17:29","2020-05-06","2020-05-06","2021-05-06","48","eNom, Inc.","whois.enom.com","http://www.enom.com","REDACTED FOR PRIVACY","REDACTED FOR PRIVACY","REDACTED FOR PRIVACY","REDACTED FOR PRIVACY","Taiwan (R.O.C.)","REDACTED FOR PRIVACY","Taiwan","","REDACTED FOR PRIVACY","REDACTED FOR PRIVACY","REDACTED FOR PRIVACY","REDACTED FOR PRIVACY","REDACTED FOR PRIVACY","REDACTED FOR PRIVACY","REDACTED FOR PRIVACY","REDACTED FOR PRIVACY","REDACTED FOR PRIVACY","","REDACTED FOR PRIVACY","REDACTED FOR PRIVACY","REDACTED FOR PRIVACY","REDACTED FOR PRIVACY","REDACTED FOR PRIVACY","REDACTED FOR PRIVACY","REDACTED FOR PRIVACY","REDACTED FOR PRIVACY","REDACTED FOR PRIVACY","","REDACTED FOR PRIVACY","REDACTED FOR PRIVACY","","","","","","","","","","","ns187a.247-hosting.com","ns187b.247-hosting.com","","","addPeriod","clientTransferProhibited","",""
"25","darkmatter-studio.info","2020-05-07 18:58:09","2020-05-06","2020-05-07","2021-05-06","146","GoDaddy.com, LLC","whois.godaddy.com","http://registrar.godaddy.com","An Wu \u8cea\u5275Xin Ke Ji Gong Zuo Shi","An Wu \u8cea\u5275Xin Ke Ji Gong Zuo Shi","","","Yi \u862d\u7e23","","Taiwan","","","","","","","","","","","","","","","","","","","","","","","","","","","","","","","","","","hope.ns.cloudflare.com","woz.ns.cloudflare.com","","","addPeriod","clientDeleteProhibited","clientHold","clientRenewProhibited"
"26","dmo2010.com","2020-05-07 21:19:54","2020-05-06","2020-05-06","2021-05-06","81","Gandi SAS","whois.gandi.net","http://www.gandi.net","REDACTED FOR PRIVACY","","REDACTED FOR PRIVACY","REDACTED FOR PRIVACY","","REDACTED FOR PRIVACY","Taiwan","b87ac2e143dcb08c519c7cd8d56b1ddc-18898713@contact.gandi.net","REDACTED FOR PRIVACY","REDACTED FOR PRIVACY","REDACTED FOR PRIVACY","REDACTED FOR PRIVACY","REDACTED FOR PRIVACY","REDACTED FOR PRIVACY","REDACTED FOR PRIVACY","REDACTED FOR PRIVACY","REDACTED FOR PRIVACY","b87ac2e143dcb08c519c7cd8d56b1ddc-18898713@contact.gandi.net","REDACTED FOR PRIVACY","REDACTED FOR PRIVACY","REDACTED FOR PRIVACY","REDACTED FOR PRIVACY","REDACTED FOR PRIVACY","REDACTED FOR PRIVACY","REDACTED FOR PRIVACY","REDACTED FOR PRIVACY","REDACTED FOR PRIVACY","b87ac2e143dcb08c519c7cd8d56b1ddc-18898713@contact.gandi.net","REDACTED FOR PRIVACY","REDACTED FOR PRIVACY","","","","","","","","","","","ns79.g-dns.com","ns80.g-dns.com","","","clientTransferProhibited","","",""
"27","dmo2011.com","2020-05-07 21:19:51","2020-05-06","2020-05-06","2021-05-06","81","Gandi SAS","whois.gandi.net","http://www.gandi.net","REDACTED FOR PRIVACY","","REDACTED FOR PRIVACY","REDACTED FOR PRIVACY","","REDACTED FOR PRIVACY","Taiwan","284b555369c6d9bba7e3e236906a7775-18898721@contact.gandi.net","REDACTED FOR PRIVACY","REDACTED FOR PRIVACY","REDACTED FOR PRIVACY","REDACTED FOR PRIVACY","REDACTED FOR PRIVACY","REDACTED FOR PRIVACY","REDACTED FOR PRIVACY","REDACTED FOR PRIVACY","REDACTED FOR PRIVACY","284b555369c6d9bba7e3e236906a7775-18898721@contact.gandi.net","REDACTED FOR PRIVACY","REDACTED FOR PRIVACY","REDACTED FOR PRIVACY","REDACTED FOR PRIVACY","REDACTED FOR PRIVACY","REDACTED FOR PRIVACY","REDACTED FOR PRIVACY","REDACTED FOR PRIVACY","REDACTED FOR PRIVACY","284b555369c6d9bba7e3e236906a7775-18898721@contact.gandi.net","REDACTED FOR PRIVACY","REDACTED FOR PRIVACY","","","","","","","","","","","ns79.g-dns.com","ns80.g-dns.com","","","clientTransferProhibited","","",""
"28","ejobpos.com","2020-05-07 19:10:08","2020-05-06","2020-05-06","2023-05-06","48","eNom, Inc.","whois.enom.com","http://www.enom.com","REDACTED FOR PRIVACY","REDACTED FOR PRIVACY","REDACTED FOR PRIVACY","REDACTED FOR PRIVACY","Taiwan","REDACTED FOR PRIVACY","Taiwan","","REDACTED FOR PRIVACY","REDACTED FOR PRIVACY","REDACTED FOR PRIVACY","REDACTED FOR PRIVACY","REDACTED FOR PRIVACY","REDACTED FOR PRIVACY","REDACTED FOR PRIVACY","REDACTED FOR PRIVACY","REDACTED FOR PRIVACY","","REDACTED FOR PRIVACY","REDACTED FOR PRIVACY","REDACTED FOR PRIVACY","REDACTED FOR PRIVACY","REDACTED FOR PRIVACY","REDACTED FOR PRIVACY","REDACTED FOR PRIVACY","REDACTED FOR PRIVACY","REDACTED FOR PRIVACY","","REDACTED FOR PRIVACY","REDACTED FOR PRIVACY","","","","","","","","","","","ns187a.247-hosting.com","ns187b.247-hosting.com","","","addPeriod","clientTransferProhibited","",""
"29","fg05471.com","2020-05-07 21:26:39","2020-05-06","2020-05-06","2021-05-06","146","GoDaddy.com, LLC","whois.godaddy.com","http://registrar.godaddy.com","","","","","Tai Bei Sheng","","Taiwan","","","","","","","","","","","","","","","","","","","","","","","","","","","","","","","","","","ns73.domaincontrol.com","ns74.domaincontrol.com","","","clientDeleteProhibited","clientRenewProhibited","clientTransferProhibited","clientUpdateProhibited"
"30","fg05875.com","2020-05-07 21:24:20","2020-05-06","2020-05-06","2021-05-06","146","GoDaddy.com, LLC","whois.godaddy.com","http://registrar.godaddy.com","","","","","Tai Bei Sheng","","Taiwan","","","","","","","","","","","","","","","","","","","","","","","","","","","","","","","","","","ns19.domaincontrol.com","ns20.domaincontrol.com","","","clientDeleteProhibited","clientRenewProhibited","clientTransferProhibited","clientUpdateProhibited"
"31","fg15368.com","2020-05-07 21:26:40","2020-05-06","2020-05-06","2021-05-06","146","GoDaddy.com, LLC","whois.godaddy.com","http://registrar.godaddy.com","","","","","Tai Bei Sheng","","Taiwan","","","","","","","","","","","","","","","","","","","","","","","","","","","","","","","","","","ns19.domaincontrol.com","ns20.domaincontrol.com","","","clientDeleteProhibited","clientRenewProhibited","clientTransferProhibited","clientUpdateProhibited"
"32","fg15874.com","2020-05-07 21:24:26","2020-05-06","2020-05-06","2021-05-06","146","GoDaddy.com, LLC","whois.godaddy.com","http://registrar.godaddy.com","","","","","Tai Bei Sheng","","Taiwan","","","","","","","","","","","","","","","","","","","","","","","","","","","","","","","","","","ns19.domaincontrol.com","ns20.domaincontrol.com","","","clientDeleteProhibited","clientRenewProhibited","clientTransferProhibited","clientUpdateProhibited"
"33","fg23564.com","2020-05-07 21:24:29","2020-05-06","2020-05-06","2021-05-06","146","GoDaddy.com, LLC","whois.godaddy.com","http://registrar.godaddy.com","","","","","Tai Bei Sheng","","Taiwan","","","","","","","","","","","","","","","","","","","","","","","","","","","","","","","","","","ns73.domaincontrol.com","ns74.domaincontrol.com","","","clientDeleteProhibited","clientRenewProhibited","clientTransferProhibited","clientUpdateProhibited"
"34","fg26545.com","2020-05-07 21:24:27","2020-05-06","2020-05-06","2021-05-06","146","GoDaddy.com, LLC","whois.godaddy.com","http://registrar.godaddy.com","","","","","Tai Bei Sheng","","Taiwan","","","","","","","","","","","","","","","","","","","","","","","","","","","","","","","","","","ns73.domaincontrol.com","ns74.domaincontrol.com","","","clientDeleteProhibited","clientRenewProhibited","clientTransferProhibited","clientUpdateProhibited"
"35","fg30501.com","2020-05-07 21:26:34","2020-05-06","2020-05-06","2021-05-06","146","GoDaddy.com, LLC","whois.godaddy.com","http://registrar.godaddy.com","","","","","Tai Bei Sheng","","Taiwan","","","","","","","","","","","","","","","","","","","","","","","","","","","","","","","","","","ns59.domaincontrol.com","ns60.domaincontrol.com","","","clientDeleteProhibited","clientRenewProhibited","clientTransferProhibited","clientUpdateProhibited"
"36","fg36587.com","2020-05-07 21:26:39","2020-05-06","2020-05-06","2021-05-06","146","GoDaddy.com, LLC","whois.godaddy.com","http://registrar.godaddy.com","","","","","Tai Bei Sheng","","Taiwan","","","","","","","","","","","","","","","","","","","","","","","","","","","","","","","","","","ns31.domaincontrol.com","ns32.domaincontrol.com","","","clientDeleteProhibited","clientRenewProhibited","clientTransferProhibited","clientUpdateProhibited"
"37","fg42158.com","2020-05-07 21:26:39","2020-05-06","2020-05-06","2021-05-06","146","GoDaddy.com, LLC","whois.godaddy.com","http://registrar.godaddy.com","","","","","Tai Bei Sheng","","Taiwan","","","","","","","","","","","","","","","","","","","","","","","","","","","","","","","","","","ns19.domaincontrol.com","ns20.domaincontrol.com","","","clientDeleteProhibited","clientRenewProhibited","clientTransferProhibited","clientUpdateProhibited"
"38","fg43587.com","2020-05-07 21:24:36","2020-05-06","2020-05-06","2021-05-06","146","GoDaddy.com, LLC","whois.godaddy.com","http://registrar.godaddy.com","","","","","Tai Bei Sheng","","Taiwan","","","","","","","","","","","","","","","","","","","","","","","","","","","","","","","","","","ns71.domaincontrol.com","ns72.domaincontrol.com","","","clientDeleteProhibited","clientRenewProhibited","clientTransferProhibited","clientUpdateProhibited"
"39","fg51055.com","2020-05-07 21:26:30","2020-05-06","2020-05-06","2021-05-06","146","GoDaddy.com, LLC","whois.godaddy.com","http://registrar.godaddy.com","","","","","Tai Bei Sheng","","Taiwan","","","","","","","","","","","","","","","","","","","","","","","","","","","","","","","","","","ns71.domaincontrol.com","ns72.domaincontrol.com","","","clientDeleteProhibited","clientRenewProhibited","clientTransferProhibited","clientUpdateProhibited"
"40","fg53654.com","2020-05-07 21:31:12","2020-05-06","2020-05-06","2021-05-06","146","GoDaddy.com, LLC","whois.godaddy.com","http://registrar.godaddy.com","","","","","Tai Bei Sheng","","Taiwan","","","","","","","","","","","","","","","","","","","","","","","","","","","","","","","","","","ns19.domaincontrol.com","ns20.domaincontrol.com","","","clientDeleteProhibited","clientRenewProhibited","clientTransferProhibited","clientUpdateProhibited"
"41","fg63258.com","2020-05-07 21:24:42","2020-05-06","2020-05-06","2021-05-06","146","GoDaddy.com, LLC","whois.godaddy.com","http://registrar.godaddy.com","","","","","Tai Bei Sheng","","Taiwan","","","","","","","","","","","","","","","","","","","","","","","","","","","","","","","","","","ns19.domaincontrol.com","ns20.domaincontrol.com","","","clientDeleteProhibited","clientRenewProhibited","clientTransferProhibited","clientUpdateProhibited"
"42","fg69859.com","2020-05-07 21:24:20","2020-05-06","2020-05-06","2021-05-06","146","GoDaddy.com, LLC","whois.godaddy.com","http://registrar.godaddy.com","","","","","Tai Bei Sheng","","Taiwan","","","","","","","","","","","","","","","","","","","","","","","","","","","","","","","","","","ns19.domaincontrol.com","ns20.domaincontrol.com","","","clientDeleteProhibited","clientRenewProhibited","clientTransferProhibited","clientUpdateProhibited"
"43","fg76545.com","2020-05-07 21:31:12","2020-05-06","2020-05-06","2021-05-06","146","GoDaddy.com, LLC","whois.godaddy.com","http://registrar.godaddy.com","","","","","Tai Bei Sheng","","Taiwan","","","","","","","","","","","","","","","","","","","","","","","","","","","","","","","","","","ns19.domaincontrol.com","ns20.domaincontrol.com","","","clientDeleteProhibited","clientRenewProhibited","clientTransferProhibited","clientUpdateProhibited"
"44","fg78541.com","2020-05-07 21:31:16","2020-05-06","2020-05-06","2021-05-06","146","GoDaddy.com, LLC","whois.godaddy.com","http://registrar.godaddy.com","","","","","Tai Bei Sheng","","Taiwan","","","","","","","","","","","","","","","","","","","","","","","","","","","","","","","","","","ns31.domaincontrol.com","ns32.domaincontrol.com","","","clientDeleteProhibited","clientRenewProhibited","clientTransferProhibited","clientUpdateProhibited"
"45","fg86578.com","2020-05-07 21:24:26","2020-05-06","2020-05-06","2021-05-06","146","GoDaddy.com, LLC","whois.godaddy.com","http://registrar.godaddy.com","","","","","Tai Bei Sheng","","Taiwan","","","","","","","","","","","","","","","","","","","","","","","","","","","","","","","","","","ns31.domaincontrol.com","ns32.domaincontrol.com","","","clientDeleteProhibited","clientRenewProhibited","clientTransferProhibited","clientUpdateProhibited"
"46","fg89525.com","2020-05-07 21:26:31","2020-05-06","2020-05-06","2021-05-06","146","GoDaddy.com, LLC","whois.godaddy.com","http://registrar.godaddy.com","","","","","Tai Bei Sheng","","Taiwan","","","","","","","","","","","","","","","","","","","","","","","","","","","","","","","","","","ns71.domaincontrol.com","ns72.domaincontrol.com","","","clientDeleteProhibited","clientRenewProhibited","clientTransferProhibited","clientUpdateProhibited"
"47","fg96358.com","2020-05-07 21:31:12","2020-05-06","2020-05-06","2021-05-06","146","GoDaddy.com, LLC","whois.godaddy.com","http://registrar.godaddy.com","","","","","Tai Bei Sheng","","Taiwan","","","","","","","","","","","","","","","","","","","","","","","","","","","","","","","","","","ns59.domaincontrol.com","ns60.domaincontrol.com","","","clientDeleteProhibited","clientRenewProhibited","clientTransferProhibited","clientUpdateProhibited"
"48","fg99001.com","2020-05-07 21:24:24","2020-05-06","2020-05-06","2021-05-06","146","GoDaddy.com, LLC","whois.godaddy.com","http://registrar.godaddy.com","","","","","Tai Bei Sheng","","Taiwan","","","","","","","","","","","","","","","","","","","","","","","","","","","","","","","","","","ns19.domaincontrol.com","ns20.domaincontrol.com","","","clientDeleteProhibited","clientRenewProhibited","clientTransferProhibited","clientUpdateProhibited"
"49","fobjbu.com","2020-05-07 21:20:40","2020-05-06","2020-05-06","2021-05-06","146","GoDaddy.com, LLC","whois.godaddy.com","http://registrar.godaddy.com","","","","","Tai Zhong Shi","","Taiwan","","","","","","","","","","","","","","","","","","","","","","","","","","","","","","","","","","ns73.domaincontrol.com","ns74.domaincontrol.com","","","clientDeleteProhibited","clientRenewProhibited","clientTransferProhibited","clientUpdateProhibited"
"50","ftlohas.com","2020-05-07 21:17:49","2020-05-06","2020-05-07","2021-05-06","69","Tucows Domains Inc.","whois.tucows.com","http://domainhelp.opensrs.net","REDACTED FOR PRIVACY","REDACTED FOR PRIVACY","REDACTED FOR PRIVACY","REDACTED FOR PRIVACY","Taiwan","REDACTED FOR PRIVACY","Taiwan","","REDACTED FOR PRIVACY","REDACTED FOR PRIVACY","REDACTED FOR PRIVACY","REDACTED FOR PRIVACY","REDACTED FOR PRIVACY","REDACTED FOR PRIVACY","REDACTED FOR PRIVACY","REDACTED FOR PRIVACY","REDACTED FOR PRIVACY","","REDACTED FOR PRIVACY","REDACTED FOR PRIVACY","REDACTED FOR PRIVACY","REDACTED FOR PRIVACY","REDACTED FOR PRIVACY","REDACTED FOR PRIVACY","REDACTED FOR PRIVACY","REDACTED FOR PRIVACY","REDACTED FOR PRIVACY","","REDACTED FOR PRIVACY","REDACTED FOR PRIVACY","","","","","","","","","","","keaton.ns.cloudflare.com","leanna.ns.cloudflare.com","","","","","",""
"51","golfseafood.com","2020-05-07 21:05:53","2020-05-06","2020-05-06","2030-05-06","146","GoDaddy.com, LLC","whois.godaddy.com","http://registrar.godaddy.com","An Li De Ke Ji Gu Fen You Xian Gong Si","An Li De Ke Ji Gu Fen You Xian Gong Si","","","Taiwan","","Taiwan","","","","","","","","","","","","","","","","","","","","","","","","","","","","","","","","","","pdns03.domaincontrol.com","pdns04.domaincontrol.com","","","clientDeleteProhibited","clientRenewProhibited","clientTransferProhibited","clientUpdateProhibited"
"52","goodee2you.com","2020-05-07 19:11:23","2020-05-06","2020-05-06","2021-05-06","146","GoDaddy.com, LLC","whois.godaddy.com","http://registrar.godaddy.com","","","","","Tai Bei Shi","","Taiwan","","","","","","","","","","","","","","","","","","","","","","","","","","","","","","","","","","alexa.ns.cloudflare.com","tom.ns.cloudflare.com","","","clientDeleteProhibited","clientRenewProhibited","clientTransferProhibited","clientUpdateProhibited"
"53","gooline.info","2020-05-07 06:13:46","2020-05-05","2020-05-05","2021-05-05","146","GoDaddy.com, LLC","whois.godaddy.com","http://registrar.godaddy.com","","","","","Tai Zhong Shi","","Taiwan","","","","","","","","","","","","","","","","","","","","","","","","","","","","","","","","","","ns31.domaincontrol.com","ns32.domaincontrol.com","","","addPeriod","clientDeleteProhibited","clientRenewProhibited","clientTransferProhibited"
"54","haus-von-johan.com","2020-05-07 01:26:21","2020-05-04","2020-05-04","2021-05-04","69","Tucows Domains Inc.","whois.tucows.com","http://domainhelp.opensrs.net","REDACTED FOR PRIVACY","REDACTED FOR PRIVACY","REDACTED FOR PRIVACY","REDACTED FOR PRIVACY","Taipei City","REDACTED FOR PRIVACY","Taiwan","","REDACTED FOR PRIVACY","REDACTED FOR PRIVACY","REDACTED FOR PRIVACY","REDACTED FOR PRIVACY","REDACTED FOR PRIVACY","REDACTED FOR PRIVACY","REDACTED FOR PRIVACY","REDACTED FOR PRIVACY","REDACTED FOR PRIVACY","","REDACTED FOR PRIVACY","REDACTED FOR PRIVACY","REDACTED FOR PRIVACY","REDACTED FOR PRIVACY","REDACTED FOR PRIVACY","REDACTED FOR PRIVACY","REDACTED FOR PRIVACY","REDACTED FOR PRIVACY","REDACTED FOR PRIVACY","","REDACTED FOR PRIVACY","REDACTED FOR PRIVACY","","","","","","","","","","","ns-cloud-d1.googledomains.com","ns-cloud-d2.googledomains.com","ns-cloud-d3.googledomains.com","ns-cloud-d4.googledomains.com","","","",""
"55","heltse.com","2020-05-07 20:48:58","2020-05-05","2020-05-05","2025-05-05","146","GoDaddy.com, LLC","whois.godaddy.com","http://registrar.godaddy.com","","","","","Tai \u7063","","Taiwan","","","","","","","","","","","","","","","","","","","","","","","","","","","","","","","","","","ns31.domaincontrol.com","ns32.domaincontrol.com","","","clientDeleteProhibited","clientRenewProhibited","clientTransferProhibited","clientUpdateProhibited"
"56","huapingco.com","2020-05-07 19:12:29","2020-05-06","2020-05-06","2021-05-06","48","eNom, Inc.","whois.enom.com","http://www.enom.com","REDACTED FOR PRIVACY","REDACTED FOR PRIVACY","REDACTED FOR PRIVACY","REDACTED FOR PRIVACY","Xinyi Dist","REDACTED FOR PRIVACY","Taiwan","","REDACTED FOR PRIVACY","REDACTED FOR PRIVACY","REDACTED FOR PRIVACY","REDACTED FOR PRIVACY","REDACTED FOR PRIVACY","REDACTED FOR PRIVACY","REDACTED FOR PRIVACY","REDACTED FOR PRIVACY","REDACTED FOR PRIVACY","","REDACTED FOR PRIVACY","REDACTED FOR PRIVACY","REDACTED FOR PRIVACY","REDACTED FOR PRIVACY","REDACTED FOR PRIVACY","REDACTED FOR PRIVACY","REDACTED FOR PRIVACY","REDACTED FOR PRIVACY","REDACTED FOR PRIVACY","","REDACTED FOR PRIVACY","REDACTED FOR PRIVACY","","","","","","","","","","","ns09.spot-dig.com","ns10.spot-dig.com","","","addPeriod","clientTransferProhibited","",""
"57","huaseaa.com","2020-05-07 21:19:15","2020-05-06","2020-05-06","2021-05-06","146","GoDaddy.com, LLC","whois.godaddy.com","http://registrar.godaddy.com","Ge Ren","Ge Ren","","","Tai Bei","","Taiwan","","","","","","","","","","","","","","","","","","","","","","","","","","","","","","","","","","finley.ns.cloudflare.com","phoenix.ns.cloudflare.com","","","clientDeleteProhibited","clientRenewProhibited","clientTransferProhibited","clientUpdateProhibited"
"58","huasebb.com","2020-05-07 21:19:10","2020-05-06","2020-05-06","2021-05-06","146","GoDaddy.com, LLC","whois.godaddy.com","http://registrar.godaddy.com","Ge Ren","Ge Ren","","","Tai Bei","","Taiwan","","","","","","","","","","","","","","","","","","","","","","","","","","","","","","","","","","ns73.domaincontrol.com","ns74.domaincontrol.com","","","clientDeleteProhibited","clientRenewProhibited","clientTransferProhibited","clientUpdateProhibited"
"59","huasejj.com","2020-05-07 21:19:05","2020-05-06","2020-05-06","2021-05-06","146","GoDaddy.com, LLC","whois.godaddy.com","http://registrar.godaddy.com","Ge Ren","Ge Ren","","","Tai Bei","","Taiwan","","","","","","","","","","","","","","","","","","","","","","","","","","","","","","","","","","chloe.ns.cloudflare.com","tim.ns.cloudflare.com","","","clientDeleteProhibited","clientRenewProhibited","clientTransferProhibited","clientUpdateProhibited"
"60","hundredbeasts.com","2020-05-07 21:01:09","2020-05-06","2020-05-06","2021-05-06","146","GoDaddy.com, LLC","whois.godaddy.com","http://registrar.godaddy.com","","","","","Tai Bei Shi","","Taiwan","","","","","","","","","","","","","","","","","","","","","","","","","","","","","","","","","","ns59.domaincontrol.com","ns60.domaincontrol.com","","","clientDeleteProhibited","clientRenewProhibited","clientTransferProhibited","clientUpdateProhibited"
"61","hy6arts.com","2020-05-07 19:15:36","2020-05-06","2020-05-06","2022-05-06","146","GoDaddy.com, LLC","whois.godaddy.com","http://registrar.godaddy.com","Hui Yu \u66f8Yuan Wen \u5275Gong Zuo Shi","Hui Yu \u66f8Yuan Wen \u5275Gong Zuo Shi","","","Xin Bei Shi","","Taiwan","","","","","","","","","","","","","","","","","","","","","","","","","","","","","","","","","","ns8269.hostgator.com","ns8270.hostgator.com","","","clientDeleteProhibited","clientRenewProhibited","clientTransferProhibited","clientUpdateProhibited"
"62","ichushop.com","2020-05-07 21:21:41","2020-05-06","2020-05-06","2021-05-06","440","Wild West Domains, LLC","whois.wildwestdomains.com","http://www.wildwestdomains.com","ICHUS Ltd","ICHUS Ltd","","","Gushan Dist","","Taiwan","","","","","","","","","","","","","","","","","","","","","","","","","","","","","","","","","","ns19.domaincontrol.com","ns20.domaincontrol.com","","","clientDeleteProhibited","clientRenewProhibited","clientTransferProhibited","clientUpdateProhibited"
"63","jl-coding.com","2020-05-07 21:02:32","2020-05-06","2020-05-07","2021-05-06","69","Tucows Domains Inc.","whois.tucows.com","http://domainhelp.opensrs.net","REDACTED FOR PRIVACY","REDACTED FOR PRIVACY","REDACTED FOR PRIVACY","REDACTED FOR PRIVACY","XX","REDACTED FOR PRIVACY","Taiwan","","REDACTED FOR PRIVACY","REDACTED FOR PRIVACY","REDACTED FOR PRIVACY","REDACTED FOR PRIVACY","REDACTED FOR PRIVACY","REDACTED FOR PRIVACY","REDACTED FOR PRIVACY","REDACTED FOR PRIVACY","REDACTED FOR PRIVACY","","REDACTED FOR PRIVACY","REDACTED FOR PRIVACY","REDACTED FOR PRIVACY","REDACTED FOR PRIVACY","REDACTED FOR PRIVACY","REDACTED FOR PRIVACY","REDACTED FOR PRIVACY","REDACTED FOR PRIVACY","REDACTED FOR PRIVACY","","REDACTED FOR PRIVACY","REDACTED FOR PRIVACY","","","","","","","","","","","ns1.gsgp1026.siteground.asia","ns2.gsgp1026.siteground.asia","","","clientTransferProhibited","clientUpdateProhibited","",""
"64","kietccg.com","2020-05-07 21:21:13","2020-05-06","2020-05-06","2021-05-06","146","GoDaddy.com, LLC","whois.godaddy.com","http://registrar.godaddy.com","","","","","Tai Zhong Shi","","Taiwan","","","","","","","","","","","","","","","","","","","","","","","","","","","","","","","","","","ns71.domaincontrol.com","ns72.domaincontrol.com","","","clientDeleteProhibited","clientRenewProhibited","clientTransferProhibited","clientUpdateProhibited"
"65","kiviiibonjour.com","2020-05-07 21:21:53","2020-05-06","2020-05-06","2021-05-06","440","Wild West Domains, LLC","whois.wildwestdomains.com","http://www.wildwestdomains.com","Kiviiibonjour.LTD","Kiviiibonjour.LTD","","","Nantun Dist","","Taiwan","","","","","","","","","","","","","","","","","","","","","","","","","","","","","","","","","","ns71.domaincontrol.com","ns72.domaincontrol.com","","","clientDeleteProhibited","clientRenewProhibited","clientTransferProhibited","clientUpdateProhibited"
"66","ku5014.com","2020-05-07 17:26:46","2020-05-07","2020-05-07","2021-05-07","146","GoDaddy.com, LLC","whois.godaddy.com","http://registrar.godaddy.com","Yiwen Huang","Yiwen Huang","","","Taiwan","","Taiwan","","","","","","","","","","","","","","","","","","","","","","","","","","","","","","","","","","ns11.domaincontrol.com","ns12.domaincontrol.com","","","clientDeleteProhibited","clientRenewProhibited","clientTransferProhibited","clientUpdateProhibited"
"67","ku5016.com","2020-05-07 17:27:35","2020-05-07","2020-05-07","2021-05-07","146","GoDaddy.com, LLC","whois.godaddy.com","http://registrar.godaddy.com","Yiwen Huang","Yiwen Huang","","","Taiwan","","Taiwan","","","","","","","","","","","","","","","","","","","","","","","","","","","","","","","","","","ns11.domaincontrol.com","ns12.domaincontrol.com","","","clientDeleteProhibited","clientRenewProhibited","clientTransferProhibited","clientUpdateProhibited"
"68","ku5019.com","2020-05-07 17:26:50","2020-05-07","2020-05-07","2021-05-07","146","GoDaddy.com, LLC","whois.godaddy.com","http://registrar.godaddy.com","Yiwen Huang","Yiwen Huang","","","Taiwan","","Taiwan","","","","","","","","","","","","","","","","","","","","","","","","","","","","","","","","","","ns37.domaincontrol.com","ns38.domaincontrol.com","","","clientDeleteProhibited","clientRenewProhibited","clientTransferProhibited","clientUpdateProhibited"
"69","ku5020.com","2020-05-07 17:27:36","2020-05-07","2020-05-07","2021-05-07","146","GoDaddy.com, LLC","whois.godaddy.com","http://registrar.godaddy.com","Yiwen Huang","Yiwen Huang","","","Taiwan","","Taiwan","","","","","","","","","","","","","","","","","","","","","","","","","","","","","","","","","","ns11.domaincontrol.com","ns12.domaincontrol.com","","","clientDeleteProhibited","clientRenewProhibited","clientTransferProhibited","clientUpdateProhibited"
"70","ku5021.com","2020-05-07 17:26:22","2020-05-07","2020-05-07","2021-05-07","146","GoDaddy.com, LLC","whois.godaddy.com","http://registrar.godaddy.com","Yiwen Huang","Yiwen Huang","","","Taiwan","","Taiwan","","","","","","","","","","","","","","","","","","","","","","","","","","","","","","","","","","ns37.domaincontrol.com","ns38.domaincontrol.com","","","clientDeleteProhibited","clientRenewProhibited","clientTransferProhibited","clientUpdateProhibited"
"71","ku5022.com","2020-05-07 17:26:53","2020-05-07","2020-05-07","2021-05-07","146","GoDaddy.com, LLC","whois.godaddy.com","http://registrar.godaddy.com","Yiwen Huang","Yiwen Huang","","","Taiwan","","Taiwan","","","","","","","","","","","","","","","","","","","","","","","","","","","","","","","","","","ns75.domaincontrol.com","ns76.domaincontrol.com","","","clientDeleteProhibited","clientRenewProhibited","clientTransferProhibited","clientUpdateProhibited"
"72","ku5023.com","2020-05-07 17:26:52","2020-05-07","2020-05-07","2021-05-07","146","GoDaddy.com, LLC","whois.godaddy.com","http://registrar.godaddy.com","Yiwen Huang","Yiwen Huang","","","Taiwan","","Taiwan","","","","","","","","","","","","","","","","","","","","","","","","","","","","","","","","","","ns37.domaincontrol.com","ns38.domaincontrol.com","","","clientDeleteProhibited","clientRenewProhibited","clientTransferProhibited","clientUpdateProhibited"
"73","ku5024.com","2020-05-07 17:27:38","2020-05-07","2020-05-07","2021-05-07","146","GoDaddy.com, LLC","whois.godaddy.com","http://registrar.godaddy.com","Yiwen Huang","Yiwen Huang","","","Taiwan","","Taiwan","","","","","","","","","","","","","","","","","","","","","","","","","","","","","","","","","","ns75.domaincontrol.com","ns76.domaincontrol.com","","","clientDeleteProhibited","clientRenewProhibited","clientTransferProhibited","clientUpdateProhibited"
"74","ku5025.com","2020-05-07 17:27:35","2020-05-07","2020-05-07","2021-05-07","146","GoDaddy.com, LLC","whois.godaddy.com","http://registrar.godaddy.com","Yiwen Huang","Yiwen Huang","","","Taiwan","","Taiwan","","","","","","","","","","","","","","","","","","","","","","","","","","","","","","","","","","ns53.domaincontrol.com","ns54.domaincontrol.com","","","clientDeleteProhibited","clientRenewProhibited","clientTransferProhibited","clientUpdateProhibited"
"75","ku5026.com","2020-05-07 17:26:22","2020-05-07","2020-05-07","2021-05-07","146","GoDaddy.com, LLC","whois.godaddy.com","http://registrar.godaddy.com","Yiwen Huang","Yiwen Huang","","","Taiwan","","Taiwan","","","","","","","","","","","","","","","","","","","","","","","","","","","","","","","","","","ns35.domaincontrol.com","ns36.domaincontrol.com","","","clientDeleteProhibited","clientRenewProhibited","clientTransferProhibited","clientUpdateProhibited"
"76","ku5027.com","2020-05-07 17:26:24","2020-05-07","2020-05-07","2021-05-07","146","GoDaddy.com, LLC","whois.godaddy.com","http://registrar.godaddy.com","Yiwen Huang","Yiwen Huang","","","Taiwan","","Taiwan","","","","","","","","","","","","","","","","","","","","","","","","","","","","","","","","","","ns35.domaincontrol.com","ns36.domaincontrol.com","","","clientDeleteProhibited","clientRenewProhibited","clientTransferProhibited","clientUpdateProhibited"
"77","ku5029.com","2020-05-07 17:27:38","2020-05-07","2020-05-07","2021-05-07","146","GoDaddy.com, LLC","whois.godaddy.com","http://registrar.godaddy.com","Yiwen Huang","Yiwen Huang","","","Taiwan","","Taiwan","","","","","","","","","","","","","","","","","","","","","","","","","","","","","","","","","","ns35.domaincontrol.com","ns36.domaincontrol.com","","","clientDeleteProhibited","clientRenewProhibited","clientTransferProhibited","clientUpdateProhibited"
"78","ku5030.com","2020-05-07 17:27:36","2020-05-07","2020-05-07","2021-05-07","146","GoDaddy.com, LLC","whois.godaddy.com","http://registrar.godaddy.com","Yiwen Huang","Yiwen Huang","","","Taiwan","","Taiwan","","","","","","","","","","","","","","","","","","","","","","","","","","","","","","","","","","ns37.domaincontrol.com","ns38.domaincontrol.com","","","clientDeleteProhibited","clientRenewProhibited","clientTransferProhibited","clientUpdateProhibited"
"79","ku5031.com","2020-05-07 17:27:10","2020-05-07","2020-05-07","2021-05-07","146","GoDaddy.com, LLC","whois.godaddy.com","http://registrar.godaddy.com","Yiwen Huang","Yiwen Huang","","","Taiwan","","Taiwan","","","","","","","","","","","","","","","","","","","","","","","","","","","","","","","","","","ns11.domaincontrol.com","ns12.domaincontrol.com","","","clientDeleteProhibited","clientRenewProhibited","clientTransferProhibited","clientUpdateProhibited"
"80","ku5033.com","2020-05-07 17:26:26","2020-05-07","2020-05-07","2021-05-07","146","GoDaddy.com, LLC","whois.godaddy.com","http://registrar.godaddy.com","Yiwen Huang","Yiwen Huang","","","Taiwan","","Taiwan","","","","","","","","","","","","","","","","","","","","","","","","","","","","","","","","","","ns75.domaincontrol.com","ns76.domaincontrol.com","","","clientDeleteProhibited","clientRenewProhibited","clientTransferProhibited","clientUpdateProhibited"
"81","ku5034.com","2020-05-07 17:27:24","2020-05-07","2020-05-07","2021-05-07","146","GoDaddy.com, LLC","whois.godaddy.com","http://registrar.godaddy.com","Yiwen Huang","Yiwen Huang","","","Taiwan","","Taiwan","","","","","","","","","","","","","","","","","","","","","","","","","","","","","","","","","","ns11.domaincontrol.com","ns12.domaincontrol.com","","","clientDeleteProhibited","clientRenewProhibited","clientTransferProhibited","clientUpdateProhibited"
"82","ku5035.com","2020-05-07 17:27:23","2020-05-07","2020-05-07","2021-05-07","146","GoDaddy.com, LLC","whois.godaddy.com","http://registrar.godaddy.com","Yiwen Huang","Yiwen Huang","","","Taiwan","","Taiwan","","","","","","","","","","","","","","","","","","","","","","","","","","","","","","","","","","ns11.domaincontrol.com","ns12.domaincontrol.com","","","clientDeleteProhibited","clientRenewProhibited","clientTransferProhibited","clientUpdateProhibited"
"83","ku5036.com","2020-05-07 17:26:28","2020-05-07","2020-05-07","2021-05-07","146","GoDaddy.com, LLC","whois.godaddy.com","http://registrar.godaddy.com","Yiwen Huang","Yiwen Huang","","","Taiwan","","Taiwan","","","","","","","","","","","","","","","","","","","","","","","","","","","","","","","","","","ns37.domaincontrol.com","ns38.domaincontrol.com","","","clientDeleteProhibited","clientRenewProhibited","clientTransferProhibited","clientUpdateProhibited"
"84","ku5037.com","2020-05-07 17:27:26","2020-05-07","2020-05-07","2021-05-07","146","GoDaddy.com, LLC","whois.godaddy.com","http://registrar.godaddy.com","Yiwen Huang","Yiwen Huang","","","Taiwan","","Taiwan","","","","","","","","","","","","","","","","","","","","","","","","","","","","","","","","","","ns37.domaincontrol.com","ns38.domaincontrol.com","","","clientDeleteProhibited","clientRenewProhibited","clientTransferProhibited","clientUpdateProhibited"
"85","ku5038.com","2020-05-07 17:27:27","2020-05-07","2020-05-07","2021-05-07","146","GoDaddy.com, LLC","whois.godaddy.com","http://registrar.godaddy.com","Yiwen Huang","Yiwen Huang","","","Taiwan","","Taiwan","","","","","","","","","","","","","","","","","","","","","","","","","","","","","","","","","","ns75.domaincontrol.com","ns76.domaincontrol.com","","","clientDeleteProhibited","clientRenewProhibited","clientTransferProhibited","clientUpdateProhibited"
"86","ku5039.com","2020-05-07 17:27:28","2020-05-07","2020-05-07","2021-05-07","146","GoDaddy.com, LLC","whois.godaddy.com","http://registrar.godaddy.com","Yiwen Huang","Yiwen Huang","","","Taiwan","","Taiwan","","","","","","","","","","","","","","","","","","","","","","","","","","","","","","","","","","ns11.domaincontrol.com","ns12.domaincontrol.com","","","clientDeleteProhibited","clientRenewProhibited","clientTransferProhibited","clientUpdateProhibited"
"87","ku5040.com","2020-05-07 17:27:37","2020-05-07","2020-05-07","2021-05-07","146","GoDaddy.com, LLC","whois.godaddy.com","http://registrar.godaddy.com","Yiwen Huang","Yiwen Huang","","","Taiwan","","Taiwan","","","","","","","","","","","","","","","","","","","","","","","","","","","","","","","","","","ns37.domaincontrol.com","ns38.domaincontrol.com","","","clientDeleteProhibited","clientRenewProhibited","clientTransferProhibited","clientUpdateProhibited"
"88","ku5041.com","2020-05-07 17:27:36","2020-05-07","2020-05-07","2021-05-07","146","GoDaddy.com, LLC","whois.godaddy.com","http://registrar.godaddy.com","Yiwen Huang","Yiwen Huang","","","Taiwan","","Taiwan","","","","","","","","","","","","","","","","","","","","","","","","","","","","","","","","","","ns11.domaincontrol.com","ns12.domaincontrol.com","","","clientDeleteProhibited","clientRenewProhibited","clientTransferProhibited","clientUpdateProhibited"
"89","ku5043.com","2020-05-07 17:27:36","2020-05-07","2020-05-07","2021-05-07","146","GoDaddy.com, LLC","whois.godaddy.com","http://registrar.godaddy.com","Yiwen Huang","Yiwen Huang","","","Taiwan","","Taiwan","","","","","","","","","","","","","","","","","","","","","","","","","","","","","","","","","","ns53.domaincontrol.com","ns54.domaincontrol.com","","","clientDeleteProhibited","clientRenewProhibited","clientTransferProhibited","clientUpdateProhibited"
"90","ku5045.com","2020-05-07 17:27:28","2020-05-07","2020-05-07","2021-05-07","146","GoDaddy.com, LLC","whois.godaddy.com","http://registrar.godaddy.com","Yiwen Huang","Yiwen Huang","","","Taiwan","","Taiwan","","","","","","","","","","","","","","","","","","","","","","","","","","","","","","","","","","ns11.domaincontrol.com","ns12.domaincontrol.com","","","clientDeleteProhibited","clientRenewProhibited","clientTransferProhibited","clientUpdateProhibited"
"91","ku5046.com","2020-05-07 17:27:36","2020-05-07","2020-05-07","2021-05-07","146","GoDaddy.com, LLC","whois.godaddy.com","http://registrar.godaddy.com","Yiwen Huang","Yiwen Huang","","","Taiwan","","Taiwan","","","","","","","","","","","","","","","","","","","","","","","","","","","","","","","","","","ns37.domaincontrol.com","ns38.domaincontrol.com","","","clientDeleteProhibited","clientRenewProhibited","clientTransferProhibited","clientUpdateProhibited"
"92","ku5047.com","2020-05-07 17:27:36","2020-05-07","2020-05-07","2021-05-07","146","GoDaddy.com, LLC","whois.godaddy.com","http://registrar.godaddy.com","Yiwen Huang","Yiwen Huang","","","Taiwan","","Taiwan","","","","","","","","","","","","","","","","","","","","","","","","","","","","","","","","","","ns35.domaincontrol.com","ns36.domaincontrol.com","","","clientDeleteProhibited","clientRenewProhibited","clientTransferProhibited","clientUpdateProhibited"
"93","ku5048.com","2020-05-07 17:27:37","2020-05-07","2020-05-07","2021-05-07","146","GoDaddy.com, LLC","whois.godaddy.com","http://registrar.godaddy.com","Yiwen Huang","Yiwen Huang","","","Taiwan","","Taiwan","","","","","","","","","","","","","","","","","","","","","","","","","","","","","","","","","","ns37.domaincontrol.com","ns38.domaincontrol.com","","","clientDeleteProhibited","clientRenewProhibited","clientTransferProhibited","clientUpdateProhibited"
"94","ku5049.com","2020-05-07 17:27:38","2020-05-07","2020-05-07","2021-05-07","146","GoDaddy.com, LLC","whois.godaddy.com","http://registrar.godaddy.com","Yiwen Huang","Yiwen Huang","","","Taiwan","","Taiwan","","","","","","","","","","","","","","","","","","","","","","","","","","","","","","","","","","ns37.domaincontrol.com","ns38.domaincontrol.com","","","clientDeleteProhibited","clientRenewProhibited","clientTransferProhibited","clientUpdateProhibited"
"95","kufishing.com","2020-05-07 21:09:09","2020-05-06","2020-05-06","2021-05-06","146","GoDaddy.com, LLC","whois.godaddy.com","http://registrar.godaddy.com","","","","","Taiwan","","Taiwan","","","","","","","","","","","","","","","","","","","","","","","","","","","","","","","","","","ns73.domaincontrol.com","ns74.domaincontrol.com","","","clientDeleteProhibited","clientRenewProhibited","clientTransferProhibited","clientUpdateProhibited"
"96","lymia.info","2020-05-07 06:10:18","2020-05-05","2020-05-05","2021-05-05","2","Network Solutions, LLC","whois.networksolutions.com","http://networksolutions.com","Lymia Advertising Co,Ltd.","Lymia Advertising Co,Ltd.","","","TW-TAO","","Taiwan","","","","","","","","","","","","","","","","","","","","","","","","","","","","","","","","","","ns14.wixdns.net","ns15.wixdns.net","","","addPeriod","clientTransferProhibited","serverTransferProhibited",""
"97","lynxgift.com","2020-05-07 21:17:15","2020-05-06","2020-05-06","2025-05-06","146","GoDaddy.com, LLC","whois.godaddy.com","http://registrar.godaddy.com","\u773eWang Gu Fen You Xian Gong Si","\u773eWang Gu Fen You Xian Gong Si","","","Tai \u7063","","Taiwan","","","","","","","","","","","","","","","","","","","","","","","","","","","","","","","","","","ns1.lynxgift.com.tw","ns2.lynxgift.com.tw","","","clientDeleteProhibited","clientRenewProhibited","clientTransferProhibited","clientUpdateProhibited"
"98","manlybeings.com","2020-05-07 21:16:29","2020-05-06","2020-05-06","2021-05-06","146","GoDaddy.com, LLC","whois.godaddy.com","http://registrar.godaddy.com","","","","","Gao Xiong \u7e23","","Taiwan","","","","","","","","","","","","","","","","","","","","","","","","","","","","","","","","","","ns71.domaincontrol.com","ns72.domaincontrol.com","","","clientDeleteProhibited","clientRenewProhibited","clientTransferProhibited","clientUpdateProhibited"
"99","maoens.com","2020-05-07 21:20:40","2020-05-06","2020-05-06","2021-05-06","146","GoDaddy.com, LLC","whois.godaddy.com","http://registrar.godaddy.com","","","","","Tai Zhong Shi","","Taiwan","","","","","","","","","","","","","","","","","","","","","","","","","","","","","","","","","","ns19.domaincontrol.com","ns20.domaincontrol.com","","","clientDeleteProhibited","clientRenewProhibited","clientTransferProhibited","clientUpdateProhibited"
"100","mirrortv.media","2020-05-07 05:54:27","2020-05-04","2020-05-04","2021-05-04","81","Gandi SAS","whois.gandi.net","http://www.gandi.net","REDACTED FOR PRIVACY","??????????","REDACTED FOR PRIVACY","REDACTED FOR PRIVACY","","REDACTED FOR PRIVACY","Taiwan","","REDACTED FOR PRIVACY","REDACTED FOR PRIVACY","","","","","","","","","","","","","","","","","","","","","","","","","","","","","","","","","","","addPeriod","clientTransferProhibited","",""
"101","moneynetmedia.com","2020-05-07 19:09:38","2020-05-06","2020-05-06","2021-05-06","146","GoDaddy.com, LLC","whois.godaddy.com","http://registrar.godaddy.com","","","","","Gao Xiong Shi","","Taiwan","","","","","","","","","","","","","","","","","","","","","","","","","","","","","","","","","","ns19.domaincontrol.com","ns20.domaincontrol.com","","","clientDeleteProhibited","clientRenewProhibited","clientTransferProhibited","clientUpdateProhibited"
"102","mrbearsshop.com","2020-05-07 21:09:15","2020-05-06","2020-05-06","2021-05-06","440","Wild West Domains, LLC","whois.wildwestdomains.com","http://www.wildwestdomains.com","Ya-Chen-Store","Ya-Chen-Store","","","Changhua","","Taiwan","","","","","","","","","","","","","","","","","","","","","","","","","","","","","","","","","","ns31.domaincontrol.com","ns32.domaincontrol.com","","","clientDeleteProhibited","clientRenewProhibited","clientTransferProhibited","clientUpdateProhibited"
"103","mshroom.net","2020-05-07 23:15:57","2020-05-06","2020-05-06","2021-05-06","81","Gandi SAS","whois.gandi.net","http://www.gandi.net","REDACTED FOR PRIVACY","","REDACTED FOR PRIVACY","REDACTED FOR PRIVACY","","REDACTED FOR PRIVACY","Taiwan","035bb1b7882cd50c437430e6b8c19c30-18897369@contact.gandi.net","REDACTED FOR PRIVACY","REDACTED FOR PRIVACY","REDACTED FOR PRIVACY","REDACTED FOR PRIVACY","REDACTED FOR PRIVACY","REDACTED FOR PRIVACY","REDACTED FOR PRIVACY","REDACTED FOR PRIVACY","REDACTED FOR PRIVACY","035bb1b7882cd50c437430e6b8c19c30-18897369@contact.gandi.net","REDACTED FOR PRIVACY","REDACTED FOR PRIVACY","REDACTED FOR PRIVACY","REDACTED FOR PRIVACY","REDACTED FOR PRIVACY","REDACTED FOR PRIVACY","REDACTED FOR PRIVACY","REDACTED FOR PRIVACY","REDACTED FOR PRIVACY","035bb1b7882cd50c437430e6b8c19c30-18897369@contact.gandi.net","REDACTED FOR PRIVACY","REDACTED FOR PRIVACY","","","","","","","","","","","greg.ns.cloudflare.com","hope.ns.cloudflare.com","","","clientTransferProhibited","","",""
"104","oo02358.com","2020-05-07 21:26:37","2020-05-06","2020-05-06","2021-05-06","146","GoDaddy.com, LLC","whois.godaddy.com","http://registrar.godaddy.com","","","","","Tai Bei Sheng","","Taiwan","","","","","","","","","","","","","","","","","","","","","","","","","","","","","","","","","","ns19.domaincontrol.com","ns20.domaincontrol.com","","","clientDeleteProhibited","clientRenewProhibited","clientTransferProhibited","clientUpdateProhibited"
"105","oo14588.com","2020-05-07 21:31:12","2020-05-06","2020-05-06","2021-05-06","146","GoDaddy.com, LLC","whois.godaddy.com","http://registrar.godaddy.com","","","","","Tai Bei Sheng","","Taiwan","","","","","","","","","","","","","","","","","","","","","","","","","","","","","","","","","","ns59.domaincontrol.com","ns60.domaincontrol.com","","","clientDeleteProhibited","clientRenewProhibited","clientTransferProhibited","clientUpdateProhibited"
"106","oo25655.com","2020-05-07 21:24:26","2020-05-06","2020-05-06","2021-05-06","146","GoDaddy.com, LLC","whois.godaddy.com","http://registrar.godaddy.com","","","","","Tai Bei Sheng","","Taiwan","","","","","","","","","","","","","","","","","","","","","","","","","","","","","","","","","","ns71.domaincontrol.com","ns72.domaincontrol.com","","","clientDeleteProhibited","clientRenewProhibited","clientTransferProhibited","clientUpdateProhibited"
"107","oo36014.com","2020-05-07 21:24:34","2020-05-06","2020-05-06","2021-05-06","146","GoDaddy.com, LLC","whois.godaddy.com","http://registrar.godaddy.com","","","","","Tai Bei Sheng","","Taiwan","","","","","","","","","","","","","","","","","","","","","","","","","","","","","","","","","","ns73.domaincontrol.com","ns74.domaincontrol.com","","","clientDeleteProhibited","clientRenewProhibited","clientTransferProhibited","clientUpdateProhibited"
"108","oo48524.com","2020-05-07 21:24:35","2020-05-06","2020-05-06","2021-05-06","146","GoDaddy.com, LLC","whois.godaddy.com","http://registrar.godaddy.com","","","","","Tai Bei Sheng","","Taiwan","","","","","","","","","","","","","","","","","","","","","","","","","","","","","","","","","","ns59.domaincontrol.com","ns60.domaincontrol.com","","","clientDeleteProhibited","clientRenewProhibited","clientTransferProhibited","clientUpdateProhibited"
"109","oo53874.com","2020-05-07 21:24:12","2020-05-06","2020-05-06","2021-05-06","146","GoDaddy.com, LLC","whois.godaddy.com","http://registrar.godaddy.com","","","","","Tai Bei Sheng","","Taiwan","","","","","","","","","","","","","","","","","","","","","","","","","","","","","","","","","","ns19.domaincontrol.com","ns20.domaincontrol.com","","","clientDeleteProhibited","clientRenewProhibited","clientTransferProhibited","clientUpdateProhibited"
"110","oo68747.com","2020-05-07 21:26:30","2020-05-06","2020-05-06","2021-05-06","146","GoDaddy.com, LLC","whois.godaddy.com","http://registrar.godaddy.com","","","","","Tai Bei Sheng","","Taiwan","","","","","","","","","","","","","","","","","","","","","","","","","","","","","","","","","","ns59.domaincontrol.com","ns60.domaincontrol.com","","","clientDeleteProhibited","clientRenewProhibited","clientTransferProhibited","clientUpdateProhibited"
"111","oo78952.com","2020-05-07 21:31:16","2020-05-06","2020-05-06","2021-05-06","146","GoDaddy.com, LLC","whois.godaddy.com","http://registrar.godaddy.com","","","","","Tai Bei Sheng","","Taiwan","","","","","","","","","","","","","","","","","","","","","","","","","","","","","","","","","","ns73.domaincontrol.com","ns74.domaincontrol.com","","","clientDeleteProhibited","clientRenewProhibited","clientTransferProhibited","clientUpdateProhibited"
"112","oo89654.com","2020-05-07 21:24:41","2020-05-06","2020-05-06","2021-05-06","146","GoDaddy.com, LLC","whois.godaddy.com","http://registrar.godaddy.com","","","","","Tai Bei Sheng","","Taiwan","","","","","","","","","","","","","","","","","","","","","","","","","","","","","","","","","","ns31.domaincontrol.com","ns32.domaincontrol.com","","","clientDeleteProhibited","clientRenewProhibited","clientTransferProhibited","clientUpdateProhibited"
"113","oo95342.com","2020-05-07 21:24:20","2020-05-06","2020-05-06","2021-05-06","146","GoDaddy.com, LLC","whois.godaddy.com","http://registrar.godaddy.com","","","","","Tai Bei Sheng","","Taiwan","","","","","","","","","","","","","","","","","","","","","","","","","","","","","","","","","","ns73.domaincontrol.com","ns74.domaincontrol.com","","","clientDeleteProhibited","clientRenewProhibited","clientTransferProhibited","clientUpdateProhibited"
"114","otc-usdt.com","2020-05-07 21:21:16","2020-05-06","2020-05-06","2021-05-06","146","GoDaddy.com, LLC","whois.godaddy.com","http://registrar.godaddy.com","MOVER LIMITED","MOVER LIMITED","","","San Chong \u5340","","Taiwan","","","","","","","","","","","","","","","","","","","","","","","","","","","","","","","","","","ns59.domaincontrol.com","ns60.domaincontrol.com","","","clientDeleteProhibited","clientRenewProhibited","clientTransferProhibited","clientUpdateProhibited"
"115","oursoft.info","2020-05-07 06:08:45","2020-05-05","2020-05-05","2021-05-05","146","GoDaddy.com, LLC","whois.godaddy.com","http://registrar.godaddy.com","","","","","Fengshan","","Taiwan","","","","","","","","","","","","","","","","","","","","","","","","","","","","","","","","","","ns29.domaincontrol.com","ns30.domaincontrol.com","","","addPeriod","clientDeleteProhibited","clientRenewProhibited","clientTransferProhibited"
"116","platinuml.com","2020-05-07 21:16:42","2020-05-06","2020-05-06","2021-05-06","440","Wild West Domains, LLC","whois.wildwestdomains.com","http://www.wildwestdomains.com","Platinum Life Ltd.","Platinum Life Ltd.","","","Daan Dist.","","Taiwan","","","","","","","","","","","","","","","","","","","","","","","","","","","","","","","","","","ns31.domaincontrol.com","ns32.domaincontrol.com","","","clientDeleteProhibited","clientRenewProhibited","clientTransferProhibited","clientUpdateProhibited"
"117","rejectvirusyettretaininteraction.com","2020-05-07 19:09:03","2020-05-06","","2021-05-06","1068","NameCheap, Inc.","whois.namecheap.com","http://www.namecheap.com","CHENGTUNG HSU","","10F 413 Lin Sen N Rd","Taipei","","104","Taiwan","simon@eumarks.com","+886.225419635","+886.225376435","CHENGTUNG HSU","","10F 413 Lin Sen N Rd","Taipei","","104","Taiwan","simon@eumarks.com","+886.225419635","+886.225376435","CHENGTUNG HSU","","10F 413 Lin Sen N Rd","Taipei","","104","Taiwan","simon@eumarks.com","+886.225419635","+886.225376435","","","","","","","","","","","dns1.registrar-servers.com","dns2.registrar-servers.com","","","addPeriod","clientTransferProhibited","",""
"118","rg8880.com","2020-05-07 20:21:50","2020-05-05","2020-05-06","2021-05-05","81","Gandi SAS","whois.gandi.net","http://www.gandi.net","REDACTED FOR PRIVACY","","REDACTED FOR PRIVACY","REDACTED FOR PRIVACY","","REDACTED FOR PRIVACY","Taiwan","ed72d52975eee2ec593a55190c2e2236-18891593@contact.gandi.net","REDACTED FOR PRIVACY","REDACTED FOR PRIVACY","REDACTED FOR PRIVACY","REDACTED FOR PRIVACY","REDACTED FOR PRIVACY","REDACTED FOR PRIVACY","REDACTED FOR PRIVACY","REDACTED FOR PRIVACY","REDACTED FOR PRIVACY","ed72d52975eee2ec593a55190c2e2236-18891593@contact.gandi.net","REDACTED FOR PRIVACY","REDACTED FOR PRIVACY","REDACTED FOR PRIVACY","REDACTED FOR PRIVACY","REDACTED FOR PRIVACY","REDACTED FOR PRIVACY","REDACTED FOR PRIVACY","REDACTED FOR PRIVACY","REDACTED FOR PRIVACY","ed72d52975eee2ec593a55190c2e2236-18891593@contact.gandi.net","REDACTED FOR PRIVACY","REDACTED FOR PRIVACY","","","","","","","","","","","ns79.g-dns.com","ns80.g-dns.com","","","clientTransferProhibited","","",""
"119","safiretactical.com","2020-05-07 20:15:35","2020-05-05","2020-05-05","2021-05-05","146","GoDaddy.com, LLC","whois.godaddy.com","http://registrar.godaddy.com","SuccessCo 48,LLC","SuccessCo 48,LLC","","","TX","","Taiwan","","","","","","","","","","","","","","","","","","","","","","","","","","","","","","","","","","ns59.domaincontrol.com","ns60.domaincontrol.com","","","clientDeleteProhibited","clientRenewProhibited","clientTransferProhibited","clientUpdateProhibited"
"120","sapphirearms.com","2020-05-07 20:28:40","2020-05-05","2020-05-05","2021-05-05","146","GoDaddy.com, LLC","whois.godaddy.com","http://registrar.godaddy.com","SuccessCo 48,LLC","SuccessCo 48,LLC","","","TX","","Taiwan","","","","","","","","","","","","","","","","","","","","","","","","","","","","","","","","","","ns59.domaincontrol.com","ns60.domaincontrol.com","","","clientDeleteProhibited","clientRenewProhibited","clientTransferProhibited","clientUpdateProhibited"
"121","sasasport.com","2020-05-07 19:31:06","2020-05-05","2020-05-06","2021-05-05","1056","Fenominal, Inc.","whois.nic.ir","http://www.fenominal.com","Martin Jr Lim","","4F, MOC, No. 661, Section 1, Neihu Road","Taipei","TAIPEI","114","Taiwan","martin.jr@enpine.com","+886.972796302","","Martin Jr Lim","","4F, MOC, No. 661, Section 1, Neihu Road","Taipei","TAIPEI","114","Taiwan","martin.jr@enpine.com","+886.972796302","","Martin Jr Lim","","4F, MOC, No. 661, Section 1, Neihu Road","Taipei","TAIPEI","114","Taiwan","martin.jr@enpine.com","+886.972796302","","","","","","","","","","","","ns93.worldnic.com","ns94.worldnic.com","","","clientTransferProhibited","","",""
"122","selam.taipei","2020-05-07 02:47:54","2020-05-05","2020-05-05","2021-05-05","1336","Net-Chinese Co., Ltd.","whois.net-chinese.com.tw","http://www.net-chinese.com.tw","SELAM INTERNATIONAL CO.,LTD","SELAM INTERNATIONAL CO.,LTD","","","Wenshan","","Taiwan","","","","","","","","","","","","","","","","","","","","","","","","","","","","","","","","","","admns1.hinet.net","admns2.hinet.net","","","addPeriod","ok","",""
"123","sgacry.com","2020-05-07 21:15:59","2020-05-06","2020-05-06","2023-05-06","146","GoDaddy.com, LLC","whois.godaddy.com","http://registrar.godaddy.com","Shan Guang \u5be6\u696dYou Xian Gong Si","Shan Guang \u5be6\u696dYou Xian Gong Si","","","Tai Bei Shi","","Taiwan","","","","","","","","","","","","","","","","","","","","","","","","","","","","","","","","","","ns1.sgp86.siteground.asia","ns2.sgp86.siteground.asia","","","clientDeleteProhibited","clientRenewProhibited","clientTransferProhibited","clientUpdateProhibited"
"124","sh177.net","2020-05-07 23:11:00","2020-05-06","2020-05-06","2021-05-06","146","GoDaddy.com, LLC","whois.godaddy.com","http://registrar.godaddy.com","","","","","Taiwan","","Taiwan","","","","","","","","","","","","","","","","","","","","","","","","","","","","","","","","","","ns73.domaincontrol.com","ns74.domaincontrol.com","","","clientDeleteProhibited","clientRenewProhibited","clientTransferProhibited","clientUpdateProhibited"
"125","sh1777.net","2020-05-07 23:11:00","2020-05-06","2020-05-06","2021-05-06","146","GoDaddy.com, LLC","whois.godaddy.com","http://registrar.godaddy.com","","","","","Taiwan","","Taiwan","","","","","","","","","","","","","","","","","","","","","","","","","","","","","","","","","","ns59.domaincontrol.com","ns60.domaincontrol.com","","","clientDeleteProhibited","clientRenewProhibited","clientTransferProhibited","clientUpdateProhibited"
"126","sh7777.net","2020-05-07 23:11:00","2020-05-06","2020-05-06","2021-05-06","146","GoDaddy.com, LLC","whois.godaddy.com","http://registrar.godaddy.com","","","","","Taiwan","","Taiwan","","","","","","","","","","","","","","","","","","","","","","","","","","","","","","","","","","ns19.domaincontrol.com","ns20.domaincontrol.com","","","clientDeleteProhibited","clientRenewProhibited","clientTransferProhibited","clientUpdateProhibited"
"127","shutprm.com","2020-05-07 19:17:05","2020-05-06","2020-05-06","2021-05-06","81","Gandi SAS","whois.gandi.net","http://www.gandi.net","REDACTED FOR PRIVACY","","REDACTED FOR PRIVACY","REDACTED FOR PRIVACY","","REDACTED FOR PRIVACY","Taiwan","1ba6c5091a5b8260a347c30ab66736d3-18903917@contact.gandi.net","REDACTED FOR PRIVACY","REDACTED FOR PRIVACY","REDACTED FOR PRIVACY","REDACTED FOR PRIVACY","REDACTED FOR PRIVACY","REDACTED FOR PRIVACY","REDACTED FOR PRIVACY","REDACTED FOR PRIVACY","REDACTED FOR PRIVACY","1ba6c5091a5b8260a347c30ab66736d3-18903917@contact.gandi.net","REDACTED FOR PRIVACY","REDACTED FOR PRIVACY","REDACTED FOR PRIVACY","REDACTED FOR PRIVACY","REDACTED FOR PRIVACY","REDACTED FOR PRIVACY","REDACTED FOR PRIVACY","REDACTED FOR PRIVACY","REDACTED FOR PRIVACY","1ba6c5091a5b8260a347c30ab66736d3-18903917@contact.gandi.net","REDACTED FOR PRIVACY","REDACTED FOR PRIVACY","","","","","","","","","","","ns1.gsgp1026.siteground.asia","ns2.gsgp1026.siteground.asia","","","clientTransferProhibited","","",""
"128","snugtw.com","2020-05-07 21:20:13","2020-05-06","2020-05-06","2021-05-06","440","Wild West Domains, LLC","whois.wildwestdomains.com","http://www.wildwestdomains.com","Sz Jie Li Enterprise Co., Ltd","Sz Jie Li Enterprise Co., Ltd","","","West Dist.","","Taiwan","","","","","","","","","","","","","","","","","","","","","","","","","","","","","","","","","","ns19.domaincontrol.com","ns20.domaincontrol.com","","","clientDeleteProhibited","clientRenewProhibited","clientTransferProhibited","clientUpdateProhibited"
"129","solpowermotor.com","2020-05-07 19:15:22","2020-05-06","2020-05-06","2022-05-06","146","GoDaddy.com, LLC","whois.godaddy.com","http://registrar.godaddy.com","","","","","TAICHUNG","","Taiwan","","","","","","","","","","","","","","","","","","","","","","","","","","","","","","","","","","ns73.domaincontrol.com","ns74.domaincontrol.com","","","clientDeleteProhibited","clientRenewProhibited","clientTransferProhibited","clientUpdateProhibited"
"130","springfield.taipei","2020-05-07 02:47:54","2020-05-04","2020-05-04","2021-05-04","1336","Net-Chinese Co., Ltd.","whois.net-chinese.com.tw","http://www.net-chinese.com.tw","Springfield Technologies and Intelligence, Inc.","Springfield Technologies and Intelligence, Inc.","","","","","Taiwan","","","","","","","","","","","","","","","","","","","","","","","","","","","","","","","","","","admns1.hinet.net","admns2.hinet.net","","","addPeriod","ok","",""
"131","srt.taipei","2020-05-07 02:47:54","2020-05-04","2020-05-04","2025-05-04","1336","Net-Chinese Co., Ltd.","whois.net-chinese.com.tw","http://www.net-chinese.com.tw","Sun Ray Technology","Sun Ray Technology","","","","","Taiwan","","","","","","","","","","","","","","","","","","","","","","","","","","","","","","","","","","admns1.hinet.net","admns2.hinet.net","","","addPeriod","ok","",""
"132","sun-right.net","2020-05-07 19:04:26","2020-05-06","2020-05-06","2021-05-06","440","Wild West Domains, LLC","whois.wildwestdomains.com","http://www.wildwestdomains.com","SUNRIGHT International Ltd.","SUNRIGHT International Ltd.","","","EAST DIST","","Taiwan","","","","","","","","","","","","","","","","","","","","","","","","","","","","","","","","","","ns59.domaincontrol.com","ns60.domaincontrol.com","","","clientDeleteProhibited","clientRenewProhibited","clientTransferProhibited","clientUpdateProhibited"
"133","thefilmart.com","2020-05-07 19:21:38","2020-05-06","2020-05-06","2022-05-06","146","GoDaddy.com, LLC","whois.godaddy.com","http://registrar.godaddy.com","","","","","Taipei","","Taiwan","","","","","","","","","","","","","","","","","","","","","","","","","","","","","","","","","","ns1.sgp56.siteground.asia","ns2.sgp56.siteground.asia","","","clientDeleteProhibited","clientRenewProhibited","clientTransferProhibited","clientUpdateProhibited"
"134","tiengow9.info","2020-05-07 06:06:44","2020-05-05","2020-05-05","2021-05-05","146","GoDaddy.com, LLC","whois.godaddy.com","http://registrar.godaddy.com","","","","","Gao Xiong Shi","","Taiwan","","","","","","","","","","","","","","","","","","","","","","","","","","","","","","","","","","amber.ns.cloudflare.com","clyde.ns.cloudflare.com","","","addPeriod","clientDeleteProhibited","clientRenewProhibited","clientTransferProhibited"
"135","toper31king.com","2020-05-07 21:32:25","2020-05-06","2020-05-06","2021-05-06","69","Tucows Domains Inc.","whois.tucows.com","http://domainhelp.opensrs.net","REDACTED FOR PRIVACY","REDACTED FOR PRIVACY","REDACTED FOR PRIVACY","REDACTED FOR PRIVACY","XX","REDACTED FOR PRIVACY","Taiwan","","REDACTED FOR PRIVACY","REDACTED FOR PRIVACY","REDACTED FOR PRIVACY","REDACTED FOR PRIVACY","REDACTED FOR PRIVACY","REDACTED FOR PRIVACY","REDACTED FOR PRIVACY","REDACTED FOR PRIVACY","REDACTED FOR PRIVACY","","REDACTED FOR PRIVACY","REDACTED FOR PRIVACY","REDACTED FOR PRIVACY","REDACTED FOR PRIVACY","REDACTED FOR PRIVACY","REDACTED FOR PRIVACY","REDACTED FOR PRIVACY","REDACTED FOR PRIVACY","REDACTED FOR PRIVACY","","REDACTED FOR PRIVACY","REDACTED FOR PRIVACY","","","","","","","","","","","ns1.gsgp1026.siteground.asia","ns2.gsgp1026.siteground.asia","","","clientTransferProhibited","clientUpdateProhibited","",""
"136","tw9168.com","2020-05-07 19:59:42","2020-05-07","2020-05-07","2021-05-07","146","GoDaddy.com, LLC","whois.godaddy.com","http://registrar.godaddy.com","","","","","Taoyuan","","Taiwan","","","","","","","","","","","","","","","","","","","","","","","","","","","","","","","","","","ns11.domaincontrol.com","ns12.domaincontrol.com","","","clientDeleteProhibited","clientRenewProhibited","clientTransferProhibited","clientUpdateProhibited"
"137","udi.mobi","2020-05-07 05:54:02","2020-05-05","2020-05-05","2021-05-05","146","GoDaddy.com, LLC","whois.godaddy.com","http://registrar.godaddy.com","Triple A MedTech., Co., Ltd.","Triple A MedTech., Co., Ltd.","","","New Taipei City","","Taiwan","","","","","","","","","","","","","","","","","","","","","","","","","","","","","","","","","","ns29.domaincontrol.com","ns30.domaincontrol.com","","","addPeriod","clientDeleteProhibited","clientRenewProhibited","clientTransferProhibited"
"138","ui02478.com","2020-05-07 21:26:36","2020-05-06","2020-05-06","2021-05-06","146","GoDaddy.com, LLC","whois.godaddy.com","http://registrar.godaddy.com","","","","","Tai Bei Sheng","","Taiwan","","","","","","","","","","","","","","","","","","","","","","","","","","","","","","","","","","ns19.domaincontrol.com","ns20.domaincontrol.com","","","clientDeleteProhibited","clientRenewProhibited","clientTransferProhibited","clientUpdateProhibited"
"139","ui14520.com","2020-05-07 21:24:13","2020-05-06","2020-05-06","2021-05-06","146","GoDaddy.com, LLC","whois.godaddy.com","http://registrar.godaddy.com","","","","","Tai Bei Sheng","","Taiwan","","","","","","","","","","","","","","","","","","","","","","","","","","","","","","","","","","ns19.domaincontrol.com","ns20.domaincontrol.com","","","clientDeleteProhibited","clientRenewProhibited","clientTransferProhibited","clientUpdateProhibited"
"140","ui25300.com","2020-05-07 21:26:42","2020-05-06","2020-05-06","2021-05-06","146","GoDaddy.com, LLC","whois.godaddy.com","http://registrar.godaddy.com","","","","","Tai Bei Sheng","","Taiwan","","","","","","","","","","","","","","","","","","","","","","","","","","","","","","","","","","ns31.domaincontrol.com","ns32.domaincontrol.com","","","clientDeleteProhibited","clientRenewProhibited","clientTransferProhibited","clientUpdateProhibited"
"141","ui35414.com","2020-05-07 21:26:34","2020-05-06","2020-05-06","2021-05-06","146","GoDaddy.com, LLC","whois.godaddy.com","http://registrar.godaddy.com","","","","","Tai Bei Sheng","","Taiwan","","","","","","","","","","","","","","","","","","","","","","","","","","","","","","","","","","ns19.domaincontrol.com","ns20.domaincontrol.com","","","clientDeleteProhibited","clientRenewProhibited","clientTransferProhibited","clientUpdateProhibited"
"142","ui48751.com","2020-05-07 21:24:14","2020-05-06","2020-05-06","2021-05-06","146","GoDaddy.com, LLC","whois.godaddy.com","http://registrar.godaddy.com","","","","","Tai Bei Sheng","","Taiwan","","","","","","","","","","","","","","","","","","","","","","","","","","","","","","","","","","ns71.domaincontrol.com","ns72.domaincontrol.com","","","clientDeleteProhibited","clientRenewProhibited","clientTransferProhibited","clientUpdateProhibited"
"143","ui56321.com","2020-05-07 21:24:34","2020-05-06","2020-05-06","2021-05-06","146","GoDaddy.com, LLC","whois.godaddy.com","http://registrar.godaddy.com","","","","","Tai Bei Sheng","","Taiwan","","","","","","","","","","","","","","","","","","","","","","","","","","","","","","","","","","ns19.domaincontrol.com","ns20.domaincontrol.com","","","clientDeleteProhibited","clientRenewProhibited","clientTransferProhibited","clientUpdateProhibited"
"144","ui66325.com","2020-05-07 21:26:41","2020-05-06","2020-05-06","2021-05-06","146","GoDaddy.com, LLC","whois.godaddy.com","http://registrar.godaddy.com","","","","","Tai Bei Sheng","","Taiwan","","","","","","","","","","","","","","","","","","","","","","","","","","","","","","","","","","ns31.domaincontrol.com","ns32.domaincontrol.com","","","clientDeleteProhibited","clientRenewProhibited","clientTransferProhibited","clientUpdateProhibited"
"145","ui78541.com","2020-05-07 21:24:13","2020-05-06","2020-05-06","2021-05-06","146","GoDaddy.com, LLC","whois.godaddy.com","http://registrar.godaddy.com","","","","","Tai Bei Sheng","","Taiwan","","","","","","","","","","","","","","","","","","","","","","","","","","","","","","","","","","ns71.domaincontrol.com","ns72.domaincontrol.com","","","clientDeleteProhibited","clientRenewProhibited","clientTransferProhibited","clientUpdateProhibited"
"146","ui83541.com","2020-05-07 21:24:12","2020-05-06","2020-05-06","2021-05-06","146","GoDaddy.com, LLC","whois.godaddy.com","http://registrar.godaddy.com","","","","","Tai Bei Sheng","","Taiwan","","","","","","","","","","","","","","","","","","","","","","","","","","","","","","","","","","ns19.domaincontrol.com","ns20.domaincontrol.com","","","clientDeleteProhibited","clientRenewProhibited","clientTransferProhibited","clientUpdateProhibited"
"147","ui99502.com","2020-05-07 21:24:14","2020-05-06","2020-05-06","2021-05-06","146","GoDaddy.com, LLC","whois.godaddy.com","http://registrar.godaddy.com","","","","","Tai Bei Sheng","","Taiwan","","","","","","","","","","","","","","","","","","","","","","","","","","","","","","","","","","ns19.domaincontrol.com","ns20.domaincontrol.com","","","clientDeleteProhibited","clientRenewProhibited","clientTransferProhibited","clientUpdateProhibited"
"148","unbeatablestacy.com","2020-05-07 21:33:38","2020-05-06","2020-05-06","2021-05-06","146","GoDaddy.com, LLC","whois.godaddy.com","http://registrar.godaddy.com","","","","","Zhong Shan \u5340","","Taiwan","","","","","","","","","","","","","","","","","","","","","","","","","","","","","","","","","","harvey.ns.cloudflare.com","perla.ns.cloudflare.com","","","clientDeleteProhibited","clientRenewProhibited","clientTransferProhibited","clientUpdateProhibited"
"149","veroer.com","2020-05-07 21:20:41","2020-05-06","2020-05-06","2021-05-06","146","GoDaddy.com, LLC","whois.godaddy.com","http://registrar.godaddy.com","","","","","Tai Zhong Shi","","Taiwan","","","","","","","","","","","","","","","","","","","","","","","","","","","","","","","","","","ns19.domaincontrol.com","ns20.domaincontrol.com","","","clientDeleteProhibited","clientRenewProhibited","clientTransferProhibited","clientUpdateProhibited"
"150","vipadult.today","2020-05-07 22:24:00","2020-05-05","2020-05-05","2022-05-05","2","Network Solutions, LLC","whois.networksolutions.com","http://networksolutions.com","REDACTED FOR PRIVACY","","REDACTED FOR PRIVACY","REDACTED FOR PRIVACY","TW-TPE","REDACTED FOR PRIVACY","Taiwan","","REDACTED FOR PRIVACY","REDACTED FOR PRIVACY","","","","","","","","","","","","","","","","","","","","","","","","","","","","","","","","","","","addPeriod","clientTransferProhibited","",""
"151","vipmex.info","2020-05-07 23:21:18","2020-05-06","2020-05-06","2021-05-06","146","GoDaddy.com, LLC","whois.godaddy.com","http://registrar.godaddy.com","","","","","Tai Bei Shi","","Taiwan","","","","","","","","","","","","","","","","","","","","","","","","","","","","","","","","","","ns73.domaincontrol.com","ns74.domaincontrol.com","","","addPeriod","clientDeleteProhibited","clientRenewProhibited","clientTransferProhibited"
"152","vipmex.net","2020-05-07 19:02:13","2020-05-06","2020-05-06","2021-05-06","146","GoDaddy.com, LLC","whois.godaddy.com","http://registrar.godaddy.com","","","","","Tai Bei Shi","","Taiwan","","","","","","","","","","","","","","","","","","","","","","","","","","","","","","","","","","ns31.domaincontrol.com","ns32.domaincontrol.com","","","clientDeleteProhibited","clientRenewProhibited","clientTransferProhibited","clientUpdateProhibited"
"153","vipmex.pro","2020-05-07 22:46:25","2020-05-06","2020-05-06","2021-05-06","146","GoDaddy.com, LLC","whois.godaddy.com","http://registrar.godaddy.com","","","","","Tai Bei Shi","","Taiwan","","","","","","","","","","","","","","","","","","","","","","","","","","","","","","","","","","ns31.domaincontrol.com","ns32.domaincontrol.com","","","addPeriod","clientDeleteProhibited","clientRenewProhibited","clientTransferProhibited"
"154","wagon-sunrise.com","2020-05-07 21:36:20","2020-05-06","2020-05-06","2021-05-06","48","eNom, Inc.","whois.enom.com","http://www.enom.com","REDACTED FOR PRIVACY","REDACTED FOR PRIVACY","REDACTED FOR PRIVACY","REDACTED FOR PRIVACY","REDACTED FOR PRIVACY","REDACTED FOR PRIVACY","Taiwan","","REDACTED FOR PRIVACY","REDACTED FOR PRIVACY","REDACTED FOR PRIVACY","REDACTED FOR PRIVACY","REDACTED FOR PRIVACY","REDACTED FOR PRIVACY","REDACTED FOR PRIVACY","REDACTED FOR PRIVACY","REDACTED FOR PRIVACY","","REDACTED FOR PRIVACY","REDACTED FOR PRIVACY","REDACTED FOR PRIVACY","REDACTED FOR PRIVACY","REDACTED FOR PRIVACY","REDACTED FOR PRIVACY","REDACTED FOR PRIVACY","REDACTED FOR PRIVACY","REDACTED FOR PRIVACY","","REDACTED FOR PRIVACY","REDACTED FOR PRIVACY","","","","","","","","","","","dns1.name-services.com","dns2.name-services.com","dns3.name-services.com","dns4.name-services.com","addPeriod","clientTransferProhibited","",""
"155","wanbuyanson.com","2020-05-07 20:56:36","2020-05-06","2020-05-06","2021-05-06","69","Tucows Domains Inc.","whois.tucows.com","http://domainhelp.opensrs.net","REDACTED FOR PRIVACY","REDACTED FOR PRIVACY","REDACTED FOR PRIVACY","REDACTED FOR PRIVACY","Taoyuan City","REDACTED FOR PRIVACY","Taiwan","","REDACTED FOR PRIVACY","REDACTED FOR PRIVACY","REDACTED FOR PRIVACY","REDACTED FOR PRIVACY","REDACTED FOR PRIVACY","REDACTED FOR PRIVACY","REDACTED FOR PRIVACY","REDACTED FOR PRIVACY","REDACTED FOR PRIVACY","","REDACTED FOR PRIVACY","REDACTED FOR PRIVACY","REDACTED FOR PRIVACY","REDACTED FOR PRIVACY","REDACTED FOR PRIVACY","REDACTED FOR PRIVACY","REDACTED FOR PRIVACY","REDACTED FOR PRIVACY","REDACTED FOR PRIVACY","","REDACTED FOR PRIVACY","REDACTED FOR PRIVACY","","","","","","","","","","","ns-cloud-a1.googledomains.com","ns-cloud-a2.googledomains.com","ns-cloud-a3.googledomains.com","ns-cloud-a4.googledomains.com","","","",""
"156","wenwencat-acc.com","2020-05-07 21:33:05","2020-05-06","2020-05-06","2021-05-06","48","eNom, Inc.","whois.enom.com","http://www.enom.com","REDACTED FOR PRIVACY","REDACTED FOR PRIVACY","REDACTED FOR PRIVACY","REDACTED FOR PRIVACY","REDACTED FOR PRIVACY","REDACTED FOR PRIVACY","Taiwan","","REDACTED FOR PRIVACY","REDACTED FOR PRIVACY","REDACTED FOR PRIVACY","REDACTED FOR PRIVACY","REDACTED FOR PRIVACY","REDACTED FOR PRIVACY","REDACTED FOR PRIVACY","REDACTED FOR PRIVACY","REDACTED FOR PRIVACY","","REDACTED FOR PRIVACY","REDACTED FOR PRIVACY","REDACTED FOR PRIVACY","REDACTED FOR PRIVACY","REDACTED FOR PRIVACY","REDACTED FOR PRIVACY","REDACTED FOR PRIVACY","REDACTED FOR PRIVACY","REDACTED FOR PRIVACY","","REDACTED FOR PRIVACY","REDACTED FOR PRIVACY","","","","","","","","","","","ali.ns.cloudflare.com","lynn.ns.cloudflare.com","","","addPeriod","clientTransferProhibited","",""
"157","xd-cycling.club","2020-05-07 06:32:08","2020-05-05","2020-05-05","2021-05-05","146","GoDaddy.com, LLC","whois.godaddy.com","http://registrar.godaddy.com","","","","","Tai \u7063","","Taiwan","","","","","","","","","","","","","","","","","","","","","","","","","","","","","","","","","","ns77.domaincontrol.com","ns78.domaincontrol.com","","","addPeriod","clientDeleteProhibited","clientRenewProhibited","clientTransferProhibited"
"158","xpressexperts.com","2020-05-07 21:19:04","2020-05-06","2020-05-06","2021-05-06","146","GoDaddy.com, LLC","whois.godaddy.com","http://registrar.godaddy.com","","","","","Dubai","","Taiwan","","","","","","","","","","","","","","","","","","","","","","","","","","","","","","","","","","ns19.domaincontrol.com","ns20.domaincontrol.com","","","clientDeleteProhibited","clientRenewProhibited","clientTransferProhibited","clientUpdateProhibited"
"159","yao-hui.com","2020-05-07 19:12:35","2020-05-06","2020-05-06","2021-05-06","69","Tucows Domains Inc.","whois.tucows.com","http://domainhelp.opensrs.net","REDACTED FOR PRIVACY","REDACTED FOR PRIVACY","REDACTED FOR PRIVACY","REDACTED FOR PRIVACY","XX","REDACTED FOR PRIVACY","Taiwan","","REDACTED FOR PRIVACY","REDACTED FOR PRIVACY","REDACTED FOR PRIVACY","REDACTED FOR PRIVACY","REDACTED FOR PRIVACY","REDACTED FOR PRIVACY","REDACTED FOR PRIVACY","REDACTED FOR PRIVACY","REDACTED FOR PRIVACY","","REDACTED FOR PRIVACY","REDACTED FOR PRIVACY","REDACTED FOR PRIVACY","REDACTED FOR PRIVACY","REDACTED FOR PRIVACY","REDACTED FOR PRIVACY","REDACTED FOR PRIVACY","REDACTED FOR PRIVACY","REDACTED FOR PRIVACY","","REDACTED FOR PRIVACY","REDACTED FOR PRIVACY","","","","","","","","","","","ns1.gsgp1026.siteground.asia","ns2.gsgp1026.siteground.asia","","","clientTransferProhibited","clientUpdateProhibited","",""
"160","yasego1.com","2020-05-07 21:19:10","2020-05-06","2020-05-06","2021-05-06","146","GoDaddy.com, LLC","whois.godaddy.com","http://registrar.godaddy.com","Ge Ren","Ge Ren","","","Tai Bei","","Taiwan","","","","","","","","","","","","","","","","","","","","","","","","","","","","","","","","","","ns59.domaincontrol.com","ns60.domaincontrol.com","","","clientDeleteProhibited","clientRenewProhibited","clientTransferProhibited","clientUpdateProhibited"
"161","ybgep.com","2020-05-07 21:20:39","2020-05-06","2020-05-06","2021-05-06","146","GoDaddy.com, LLC","whois.godaddy.com","http://registrar.godaddy.com","","","","","Tai Zhong Shi","","Taiwan","","","","","","","","","","","","","","","","","","","","","","","","","","","","","","","","","","ns73.domaincontrol.com","ns74.domaincontrol.com","","","clientDeleteProhibited","clientRenewProhibited","clientTransferProhibited","clientUpdateProhibited"