"num","domain_name","query_time","create_date","update_date","expiry_date","domain_registrar_id","domain_registrar_name","domain_registrar_whois","domain_registrar_url","registrant_name","registrant_company","registrant_address","registrant_city","registrant_state","registrant_zip","registrant_country","registrant_email","registrant_phone","registrant_fax","administrative_name","administrative_company","administrative_address","administrative_city","administrative_state","administrative_zip","administrative_country","administrative_email","administrative_phone","administrative_fax","technical_name","technical_company","technical_address","technical_city","technical_state","technical_zip","technical_country","technical_email","technical_phone","technical_fax","billing_name","billing_company","billing_address","billing_city","billing_state","billing_zip","billing_country","billing_email","billing_phone","billing_fax","name_server_1","name_server_2","name_server_3","name_server_4","domain_status_1","domain_status_2","domain_status_3","domain_status_4"
"1","2happykids.com","2020-05-07 19:32:14","2020-05-05","2020-05-05","2021-05-05","303","PDR Ltd. d/b/a PublicDomainRegistry.com","whois.publicdomainregistry.com","http://www.publicdomainregistry.com","ben kacem anas","beebloss","tebourba","tebourba manouba","Tunis","1114","Tunisia","ben.kacem.anas@gmail.com","+216.50638042","","ben kacem anas","beebloss","tebourba","tebourba manouba","Tunis","1114","Tunisia","ben.kacem.anas@gmail.com","+216.50638042","","ben kacem anas","beebloss","tebourba","tebourba manouba","Tunis","1114","Tunisia","ben.kacem.anas@gmail.com","+216.50638042","","","","","","","","","","","","ns40.ideama2.com","ns41.ideama2.com","","","clientTransferProhibited","","",""
"2","aaavocat.com","2020-05-07 21:15:08","2020-05-06","2020-05-06","2021-05-06","433","OVH sas","whois.ovh.com","http://www.ovh.com","REDACTED FOR PRIVACY","WEB MEDIA INTERNATIONAL","REDACTED FOR PRIVACY","REDACTED FOR PRIVACY","","REDACTED FOR PRIVACY","Tunisia","g6vozdbm0bsspp5uvyz6@d.o-w-o.info","REDACTED FOR PRIVACY","REDACTED FOR PRIVACY","REDACTED FOR PRIVACY","REDACTED FOR PRIVACY","REDACTED FOR PRIVACY","REDACTED FOR PRIVACY","REDACTED FOR PRIVACY","REDACTED FOR PRIVACY","REDACTED FOR PRIVACY","m6d3dzrg6bmvhuzp6tac@p.o-w-o.info","REDACTED FOR PRIVACY","REDACTED FOR PRIVACY","REDACTED FOR PRIVACY","REDACTED FOR PRIVACY","REDACTED FOR PRIVACY","REDACTED FOR PRIVACY","REDACTED FOR PRIVACY","REDACTED FOR PRIVACY","REDACTED FOR PRIVACY","m6d3dzrg6bmvhuzp6tac@p.o-w-o.info","REDACTED FOR PRIVACY","REDACTED FOR PRIVACY","","","","","","","","","","","dns110.ovh.net","ns110.ovh.net","","","clientDeleteProhibited","clientTransferProhibited","",""
"3","amnounanews.net","2020-05-07 05:52:12","2020-05-05","2020-05-05","2021-05-05","433","OVH sas","whois.ovh.com","http://www.ovh.com","REDACTED FOR PRIVACY","SIMA TECHNOLOGY SERVICES","REDACTED FOR PRIVACY","REDACTED FOR PRIVACY","","REDACTED FOR PRIVACY","Tunisia","45hqb9uaoe82vbs5yaws@n.o-w-o.info","REDACTED FOR PRIVACY","REDACTED FOR PRIVACY","REDACTED FOR PRIVACY","REDACTED FOR PRIVACY","REDACTED FOR PRIVACY","REDACTED FOR PRIVACY","REDACTED FOR PRIVACY","REDACTED FOR PRIVACY","REDACTED FOR PRIVACY","h23eaonzkx7yiwcdnuz3@d.o-w-o.info","REDACTED FOR PRIVACY","REDACTED FOR PRIVACY","REDACTED FOR PRIVACY","REDACTED FOR PRIVACY","REDACTED FOR PRIVACY","REDACTED FOR PRIVACY","REDACTED FOR PRIVACY","REDACTED FOR PRIVACY","REDACTED FOR PRIVACY","h23eaonzkx7yiwcdnuz3@d.o-w-o.info","REDACTED FOR PRIVACY","REDACTED FOR PRIVACY","","","","","","","","","","","dns111.ovh.net","ns111.ovh.net","","","clientDeleteProhibited","clientTransferProhibited","",""
"4","delbiancorepresentacoes-br.com","2020-05-07 19:31:33","2020-05-05","2020-05-05","2021-05-05","303","PDR Ltd. d/b/a PublicDomainRegistry.com","whois.publicdomainregistry.com","http://www.publicdomainregistry.com","Brian Jones","","Idolo Mangbo Tunisia","Mangbo","Idolo","4151","Tunisia","uvmsect@gmail.com","+216.09064098367","","Brian Jones","","Idolo Mangbo Tunisia","Mangbo","Idolo","4151","Tunisia","uvmsect@gmail.com","+216.09064098367","","Brian Jones","","Idolo Mangbo Tunisia","Mangbo","Idolo","4151","Tunisia","uvmsect@gmail.com","+216.09064098367","","","","","","","","","","","","earth.monovm.com","mars.monovm.com","mercury.monovm.com","venus.monovm.com","clientTransferProhibited","","",""
"5","el-chkobba.com","2020-05-07 21:36:26","2020-05-06","2020-05-06","2021-05-06","303","PDR Ltd. d/b/a PublicDomainRegistry.com","whois.publicdomainregistry.com","http://www.publicdomainregistry.com","Mariem Amami","","Soukra Aouina","Tunis","Ariana","2045","Tunisia","mariem.amami@gmail.com","+216.55671962","","Mariem Amami","","Soukra Aouina","Tunis","Ariana","2045","Tunisia","mariem.amami@gmail.com","+216.55671962","","Mariem Amami","","Soukra Aouina","Tunis","Ariana","2045","Tunisia","mariem.amami@gmail.com","+216.55671962","","","","","","","","","","","","ns55.ideama2.com","ns56.ideama2.com","","","clientTransferProhibited","","",""
"6","el7aya.com","2020-05-07 21:36:23","2020-05-06","2020-05-06","2021-05-06","303","PDR Ltd. d/b/a PublicDomainRegistry.com","whois.publicdomainregistry.com","http://www.publicdomainregistry.com","Mariem Amami","","Soukra Aouina","Tunis","Ariana","2045","Tunisia","mariem.amami@gmail.com","+216.55671962","","Mariem Amami","","Soukra Aouina","Tunis","Ariana","2045","Tunisia","mariem.amami@gmail.com","+216.55671962","","Mariem Amami","","Soukra Aouina","Tunis","Ariana","2045","Tunisia","mariem.amami@gmail.com","+216.55671962","","","","","","","","","","","","ns55.ideama2.com","ns56.ideama2.com","","","clientTransferProhibited","","",""
"7","elchkobba.com","2020-05-07 21:36:30","2020-05-06","2020-05-06","2021-05-06","303","PDR Ltd. d/b/a PublicDomainRegistry.com","whois.publicdomainregistry.com","http://www.publicdomainregistry.com","Mariem Amami","","Soukra Aouina","Tunis","Ariana","2045","Tunisia","mariem.amami@gmail.com","+216.55671962","","Mariem Amami","","Soukra Aouina","Tunis","Ariana","2045","Tunisia","mariem.amami@gmail.com","+216.55671962","","Mariem Amami","","Soukra Aouina","Tunis","Ariana","2045","Tunisia","mariem.amami@gmail.com","+216.55671962","","","","","","","","","","","","ns55.ideama2.com","ns56.ideama2.com","","","clientTransferProhibited","","",""
"8","getgentle.com","2020-05-07 21:36:27","2020-05-06","2020-05-06","2021-05-06","146","GoDaddy.com, LLC","whois.godaddy.com","http://registrar.godaddy.com","","","","","Bizerte","","Tunisia","","","","","","","","","","","","","","","","","","","","","","","","","","","","","","","","","","ns19.domaincontrol.com","ns20.domaincontrol.com","","","clientDeleteProhibited","clientRenewProhibited","clientTransferProhibited","clientUpdateProhibited"
"9","horizon-data.net","2020-05-07 19:00:52","2020-05-06","2020-05-06","2021-05-06","433","OVH sas","whois.ovh.com","http://www.ovh.com","REDACTED FOR PRIVACY","","REDACTED FOR PRIVACY","REDACTED FOR PRIVACY","","REDACTED FOR PRIVACY","Tunisia","6gk5fq1wuimrj6zvevxm@c.o-w-o.info","REDACTED FOR PRIVACY","REDACTED FOR PRIVACY","REDACTED FOR PRIVACY","REDACTED FOR PRIVACY","REDACTED FOR PRIVACY","REDACTED FOR PRIVACY","REDACTED FOR PRIVACY","REDACTED FOR PRIVACY","REDACTED FOR PRIVACY","bdt8ueq13pqi8mm7rg0w@h.o-w-o.info","REDACTED FOR PRIVACY","REDACTED FOR PRIVACY","REDACTED FOR PRIVACY","REDACTED FOR PRIVACY","REDACTED FOR PRIVACY","REDACTED FOR PRIVACY","REDACTED FOR PRIVACY","REDACTED FOR PRIVACY","REDACTED FOR PRIVACY","bdt8ueq13pqi8mm7rg0w@h.o-w-o.info","REDACTED FOR PRIVACY","REDACTED FOR PRIVACY","","","","","","","","","","","dns105.ovh.net","ns105.ovh.net","","","clientDeleteProhibited","clientTransferProhibited","",""
"10","iqraa-elearning.com","2020-05-07 19:21:30","2020-05-06","2020-05-06","2021-05-06","433","OVH sas","whois.ovh.com","http://www.ovh.com","REDACTED FOR PRIVACY","Internet Soft","REDACTED FOR PRIVACY","REDACTED FOR PRIVACY","","REDACTED FOR PRIVACY","Tunisia","xeikuxjectanvqyzhh0e@i.o-w-o.info","REDACTED FOR PRIVACY","REDACTED FOR PRIVACY","REDACTED FOR PRIVACY","REDACTED FOR PRIVACY","REDACTED FOR PRIVACY","REDACTED FOR PRIVACY","REDACTED FOR PRIVACY","REDACTED FOR PRIVACY","REDACTED FOR PRIVACY","twozo3666u5urw29muov@v.o-w-o.info","REDACTED FOR PRIVACY","REDACTED FOR PRIVACY","REDACTED FOR PRIVACY","REDACTED FOR PRIVACY","REDACTED FOR PRIVACY","REDACTED FOR PRIVACY","REDACTED FOR PRIVACY","REDACTED FOR PRIVACY","REDACTED FOR PRIVACY","twozo3666u5urw29muov@v.o-w-o.info","REDACTED FOR PRIVACY","REDACTED FOR PRIVACY","","","","","","","","","","","dns110.ovh.net","ns110.ovh.net","","","clientDeleteProhibited","clientTransferProhibited","",""
"11","kpi-associates.com","2020-05-07 21:06:47","2020-05-06","2020-05-06","2021-05-06","48","eNom, Inc.","whois.enom.com","http://www.enom.com","REDACTED FOR PRIVACY","REDACTED FOR PRIVACY","REDACTED FOR PRIVACY","REDACTED FOR PRIVACY","Tunis","REDACTED FOR PRIVACY","Tunisia","","REDACTED FOR PRIVACY","REDACTED FOR PRIVACY","REDACTED FOR PRIVACY","REDACTED FOR PRIVACY","REDACTED FOR PRIVACY","REDACTED FOR PRIVACY","REDACTED FOR PRIVACY","REDACTED FOR PRIVACY","REDACTED FOR PRIVACY","","REDACTED FOR PRIVACY","REDACTED FOR PRIVACY","REDACTED FOR PRIVACY","REDACTED FOR PRIVACY","REDACTED FOR PRIVACY","REDACTED FOR PRIVACY","REDACTED FOR PRIVACY","REDACTED FOR PRIVACY","REDACTED FOR PRIVACY","","REDACTED FOR PRIVACY","REDACTED FOR PRIVACY","","","","","","","","","","","ns1.gridfast.net","ns2.gridfast.net","","","addPeriod","clientTransferProhibited","",""
"12","lafayettsat.com","2020-05-07 19:16:58","2020-05-06","2020-05-06","2021-05-06","433","OVH sas","whois.ovh.com","http://www.ovh.com","REDACTED FOR PRIVACY","","REDACTED FOR PRIVACY","REDACTED FOR PRIVACY","","REDACTED FOR PRIVACY","Tunisia","c6wmaczs964vzqr5ysie@w.o-w-o.info","REDACTED FOR PRIVACY","REDACTED FOR PRIVACY","REDACTED FOR PRIVACY","REDACTED FOR PRIVACY","REDACTED FOR PRIVACY","REDACTED FOR PRIVACY","REDACTED FOR PRIVACY","REDACTED FOR PRIVACY","REDACTED FOR PRIVACY","gnkgh8u5752pr1ianjvi@z.o-w-o.info","REDACTED FOR PRIVACY","REDACTED FOR PRIVACY","REDACTED FOR PRIVACY","REDACTED FOR PRIVACY","REDACTED FOR PRIVACY","REDACTED FOR PRIVACY","REDACTED FOR PRIVACY","REDACTED FOR PRIVACY","REDACTED FOR PRIVACY","gnkgh8u5752pr1ianjvi@z.o-w-o.info","REDACTED FOR PRIVACY","REDACTED FOR PRIVACY","","","","","","","","","","","dns110.ovh.net","ns110.ovh.net","","","clientDeleteProhibited","clientTransferProhibited","",""
"13","lamma.one","2020-05-07 05:32:50","2020-05-04","2020-05-04","2022-05-04","146","GoDaddy.com, LLC","whois.godaddy.com","http://registrar.godaddy.com","","","","","TUNIS","","Tunisia","","","","","","","","","","","","","","","","","","","","","","","","","","","","","","","","","","ns41.domaincontrol.com","ns42.domaincontrol.com","","","addPeriod","clientDeleteProhibited","clientRenewProhibited","clientTransferProhibited"
"14","lazyz.pro","2020-05-07 22:46:29","2020-05-06","2020-05-06","2021-05-06","1630","Ligne Web Services SARL","whois.nic.fr","http://www.ait.com","","","","","","","Tunisia","","","","","","","","","","","","","","","","","","","","","","","","","","","","","","","","","","ns5.lwsdns.com","ns6.lwsdns.com","ns7.lwsdns.com","ns8.lwsdns.com","addPeriod","serverTransferProhibited","",""
"15","lebahutschool.com","2020-05-07 21:15:08","2020-05-06","2020-05-06","2021-05-06","433","OVH sas","whois.ovh.com","http://www.ovh.com","REDACTED FOR PRIVACY","","REDACTED FOR PRIVACY","REDACTED FOR PRIVACY","","REDACTED FOR PRIVACY","Tunisia","jtusmcp3ifau5hdo1rer@o.o-w-o.info","REDACTED FOR PRIVACY","REDACTED FOR PRIVACY","REDACTED FOR PRIVACY","REDACTED FOR PRIVACY","REDACTED FOR PRIVACY","REDACTED FOR PRIVACY","REDACTED FOR PRIVACY","REDACTED FOR PRIVACY","REDACTED FOR PRIVACY","zq0kg9yzzrg2bmuccf9z@j.o-w-o.info","REDACTED FOR PRIVACY","REDACTED FOR PRIVACY","REDACTED FOR PRIVACY","REDACTED FOR PRIVACY","REDACTED FOR PRIVACY","REDACTED FOR PRIVACY","REDACTED FOR PRIVACY","REDACTED FOR PRIVACY","REDACTED FOR PRIVACY","zq0kg9yzzrg2bmuccf9z@j.o-w-o.info","REDACTED FOR PRIVACY","REDACTED FOR PRIVACY","","","","","","","","","","","dns110.ovh.net","ns110.ovh.net","","","clientDeleteProhibited","clientTransferProhibited","",""
"16","ledsenseignes.com","2020-05-07 19:22:59","2020-05-06","2020-05-06","2021-05-06","433","OVH sas","whois.ovh.com","http://www.ovh.com","REDACTED FOR PRIVACY","Ste enseignes led et deco","REDACTED FOR PRIVACY","REDACTED FOR PRIVACY","Monastir","REDACTED FOR PRIVACY","Tunisia","uvl0ieecvwp32y4k7g9v@f.o-w-o.info","REDACTED FOR PRIVACY","REDACTED FOR PRIVACY","REDACTED FOR PRIVACY","REDACTED FOR PRIVACY","REDACTED FOR PRIVACY","REDACTED FOR PRIVACY","REDACTED FOR PRIVACY","REDACTED FOR PRIVACY","REDACTED FOR PRIVACY","a2tflt5ey2hcgitar2o8@a.o-w-o.info","REDACTED FOR PRIVACY","REDACTED FOR PRIVACY","REDACTED FOR PRIVACY","REDACTED FOR PRIVACY","REDACTED FOR PRIVACY","REDACTED FOR PRIVACY","REDACTED FOR PRIVACY","REDACTED FOR PRIVACY","REDACTED FOR PRIVACY","egplj7t2xqp44pshjs0z@x.o-w-o.info","REDACTED FOR PRIVACY","REDACTED FOR PRIVACY","","","","","","","","","","","dns1.tunet.tn","dns2.tunet.tn","","","clientDeleteProhibited","clientTransferProhibited","",""
"17","lemensonge.ovh","2020-05-07 22:50:44","2020-05-06","2020-05-06","2021-05-06","433","OVH sas","whois.ovh.com","http://www.ovh.com","REDACTED FOR PRIVACY","","REDACTED FOR PRIVACY","REDACTED FOR PRIVACY","","REDACTED FOR PRIVACY","Tunisia","","REDACTED FOR PRIVACY","REDACTED FOR PRIVACY","REDACTED FOR PRIVACY","REDACTED FOR PRIVACY","REDACTED FOR PRIVACY","REDACTED FOR PRIVACY","REDACTED FOR PRIVACY","REDACTED FOR PRIVACY","REDACTED FOR PRIVACY","","REDACTED FOR PRIVACY","REDACTED FOR PRIVACY","REDACTED FOR PRIVACY","REDACTED FOR PRIVACY","REDACTED FOR PRIVACY","REDACTED FOR PRIVACY","REDACTED FOR PRIVACY","REDACTED FOR PRIVACY","REDACTED FOR PRIVACY","","REDACTED FOR PRIVACY","REDACTED FOR PRIVACY","","","","","","","","","","","dns111.ovh.net","ns111.ovh.net","","","addPeriod","clientDeleteProhibited","clientTransferProhibited",""
"18","medespoir-jirahat-tajmeel.com","2020-05-07 20:14:06","2020-05-05","2020-05-05","2021-05-05","303","PDR Ltd. d/b/a PublicDomainRegistry.com","whois.publicdomainregistry.com","http://www.publicdomainregistry.com","Aymen Boujbel","MED ESPOIR","Med Espoir,  Rue du Lac Victoria, Residence Lac des cygnes","les berges du Lac I","Tunis","1053","Tunisia","medespoir.host@gmail.com","+216.96932533","","Aymen Boujbel","MED ESPOIR","Med Espoir,  Rue du Lac Victoria, Residence Lac des cygnes","les berges du Lac I","Tunis","1053","Tunisia","medespoir.host@gmail.com","+216.96932533","","Aymen Boujbel","MED ESPOIR","Med Espoir,  Rue du Lac Victoria, Residence Lac des cygnes","les berges du Lac I","Tunis","1053","Tunisia","medespoir.host@gmail.com","+216.96932533","","","","","","","","","","","","ns1.dns-parking.com","ns2.dns-parking.com","","","clientTransferProhibited","","",""
"19","my-oya.com","2020-05-07 21:36:32","2020-05-06","2020-05-06","2021-05-06","303","PDR Ltd. d/b/a PublicDomainRegistry.com","whois.publicdomainregistry.com","http://www.publicdomainregistry.com","Sarra Khemakhem","Sarra Khemakhem","Avenue lac manitoba","tunis","tunis","1053","Tunisia","sarrakhemakhem@yahoo.fr","+216.20195001","","Sarra Khemakhem","Sarra Khemakhem","Avenue lac manitoba","tunis","tunis","1053","Tunisia","sarrakhemakhem@yahoo.fr","+216.20195001","","Sarra Khemakhem","Sarra Khemakhem","Avenue lac manitoba","tunis","tunis","1053","Tunisia","sarrakhemakhem@yahoo.fr","+216.20195001","","","","","","","","","","","","ns1.dns-parking.com","ns2.dns-parking.com","","","clientTransferProhibited","","",""
"20","rewear-ye.com","2020-05-07 19:22:42","2020-05-06","2020-05-06","2021-05-06","433","OVH sas","whois.ovh.com","http://www.ovh.com","REDACTED FOR PRIVACY","","REDACTED FOR PRIVACY","REDACTED FOR PRIVACY","","REDACTED FOR PRIVACY","Tunisia","un9ktb1bwgk45z22xhuz@u.o-w-o.info","REDACTED FOR PRIVACY","REDACTED FOR PRIVACY","REDACTED FOR PRIVACY","REDACTED FOR PRIVACY","REDACTED FOR PRIVACY","REDACTED FOR PRIVACY","REDACTED FOR PRIVACY","REDACTED FOR PRIVACY","REDACTED FOR PRIVACY","t24ea9y1bvlp0xo5abkk@t.o-w-o.info","REDACTED FOR PRIVACY","REDACTED FOR PRIVACY","REDACTED FOR PRIVACY","REDACTED FOR PRIVACY","REDACTED FOR PRIVACY","REDACTED FOR PRIVACY","REDACTED FOR PRIVACY","REDACTED FOR PRIVACY","REDACTED FOR PRIVACY","t24ea9y1bvlp0xo5abkk@t.o-w-o.info","REDACTED FOR PRIVACY","REDACTED FOR PRIVACY","","","","","","","","","","","dns110.ovh.net","ns110.ovh.net","","","clientDeleteProhibited","clientTransferProhibited","",""
"21","sanam-hm.com","2020-05-07 21:09:26","2020-05-06","2020-05-06","2021-05-06","303","PDR Ltd. d/b/a PublicDomainRegistry.com","whois.publicdomainregistry.com","http://www.publicdomainregistry.com","Khaireddine CHEDLI","","Douz Ouest","Douz","Kebili","4260","Tunisia","otscall@gmail.com","+216.25525254","","Khaireddine CHEDLI","","Douz Ouest","Douz","Kebili","4260","Tunisia","otscall@gmail.com","+216.25525254","","Khaireddine CHEDLI","","Douz Ouest","Douz","Kebili","4260","Tunisia","otscall@gmail.com","+216.25525254","","","","","","","","","","","","ns5.ideama2.com","ns6.ideama2.com","","","clientTransferProhibited","","",""
"22","shopitrust.com","2020-05-07 20:40:25","2020-05-05","2020-05-05","2021-05-05","146","GoDaddy.com, LLC","whois.godaddy.com","http://registrar.godaddy.com","","","","","Le Bardo","","Tunisia","","","","","","","","","","","","","","","","","","","","","","","","","","","","","","","","","","ns31.domaincontrol.com","ns32.domaincontrol.com","","","clientDeleteProhibited","clientRenewProhibited","clientTransferProhibited","clientUpdateProhibited"
"23","sixiemsens.com","2020-05-07 20:22:11","2020-05-05","2020-05-05","2021-05-05","1630","Ligne Web Services SARL","whois.nic.fr","http://www.ait.com","","","","","","","Tunisia","1041f62ccce55a18d58fb36fa9f7c316@whois-anonymous.com","","","","","","","","","Tunisia","1041f62ccce55a18d58fb36fa9f7c316@whois-anonymous.com","","","","","","","","","Tunisia","1041f62ccce55a18d58fb36fa9f7c316@whois-anonymous.com","","","","","","","","","Tunisia","1041f62ccce55a18d58fb36fa9f7c316@whois-anonymous.com","","","","","","","More","clientTransferProhibited","informations","on"
"24","solarahail.com","2020-05-07 21:06:54","2020-05-06","2020-05-06","2021-05-06","433","OVH sas","whois.ovh.com","http://www.ovh.com","REDACTED FOR PRIVACY","","REDACTED FOR PRIVACY","REDACTED FOR PRIVACY","","REDACTED FOR PRIVACY","Tunisia","vbllsd67xeyqplodez7n@n.o-w-o.info","REDACTED FOR PRIVACY","REDACTED FOR PRIVACY","REDACTED FOR PRIVACY","REDACTED FOR PRIVACY","REDACTED FOR PRIVACY","REDACTED FOR PRIVACY","REDACTED FOR PRIVACY","REDACTED FOR PRIVACY","REDACTED FOR PRIVACY","iqcdt4ifp3wzc4v2kt4u@g.o-w-o.info","REDACTED FOR PRIVACY","REDACTED FOR PRIVACY","REDACTED FOR PRIVACY","REDACTED FOR PRIVACY","REDACTED FOR PRIVACY","REDACTED FOR PRIVACY","REDACTED FOR PRIVACY","REDACTED FOR PRIVACY","REDACTED FOR PRIVACY","iqcdt4ifp3wzc4v2kt4u@g.o-w-o.info","REDACTED FOR PRIVACY","REDACTED FOR PRIVACY","","","","","","","","","","","dns110.ovh.net","ns110.ovh.net","","","clientDeleteProhibited","clientTransferProhibited","",""
"25","ste-sokrati.com","2020-05-07 19:17:13","2020-05-06","2020-05-06","2021-05-06","433","OVH sas","whois.ovh.com","http://www.ovh.com","REDACTED FOR PRIVACY","TWO-AGENCY","REDACTED FOR PRIVACY","REDACTED FOR PRIVACY","","REDACTED FOR PRIVACY","Tunisia","dj2vr1guvl9x4fcgvwow@k.o-w-o.info","REDACTED FOR PRIVACY","REDACTED FOR PRIVACY","REDACTED FOR PRIVACY","REDACTED FOR PRIVACY","REDACTED FOR PRIVACY","REDACTED FOR PRIVACY","REDACTED FOR PRIVACY","REDACTED FOR PRIVACY","REDACTED FOR PRIVACY","m8mxp1aznyngrnr6jujt@z.o-w-o.info","REDACTED FOR PRIVACY","REDACTED FOR PRIVACY","REDACTED FOR PRIVACY","REDACTED FOR PRIVACY","REDACTED FOR PRIVACY","REDACTED FOR PRIVACY","REDACTED FOR PRIVACY","REDACTED FOR PRIVACY","REDACTED FOR PRIVACY","m8mxp1aznyngrnr6jujt@z.o-w-o.info","REDACTED FOR PRIVACY","REDACTED FOR PRIVACY","","","","","","","","","","","dns110.ovh.net","ns110.ovh.net","","","clientDeleteProhibited","clientTransferProhibited","",""
"26","taguermesfm.net","2020-05-07 05:40:45","2020-05-04","2020-05-04","2021-05-04","433","OVH sas","whois.ovh.com","http://www.ovh.com","REDACTED FOR PRIVACY","","REDACTED FOR PRIVACY","REDACTED FOR PRIVACY","","REDACTED FOR PRIVACY","Tunisia","c5le9p6coufxjkke6dje@x.o-w-o.info","REDACTED FOR PRIVACY","REDACTED FOR PRIVACY","REDACTED FOR PRIVACY","REDACTED FOR PRIVACY","REDACTED FOR PRIVACY","REDACTED FOR PRIVACY","REDACTED FOR PRIVACY","REDACTED FOR PRIVACY","REDACTED FOR PRIVACY","hai6fkdcnbnh399jtqli@v.o-w-o.info","REDACTED FOR PRIVACY","REDACTED FOR PRIVACY","REDACTED FOR PRIVACY","REDACTED FOR PRIVACY","REDACTED FOR PRIVACY","REDACTED FOR PRIVACY","REDACTED FOR PRIVACY","REDACTED FOR PRIVACY","REDACTED FOR PRIVACY","hai6fkdcnbnh399jtqli@v.o-w-o.info","REDACTED FOR PRIVACY","REDACTED FOR PRIVACY","","","","","","","","","","","dns111.ovh.net","ns111.ovh.net","","","clientDeleteProhibited","clientTransferProhibited","",""
"27","tcsonline.pro","2020-05-07 22:46:30","2020-05-06","2020-05-06","2021-05-06","1630","Ligne Web Services SARL","whois.nic.fr","http://www.ait.com","","","","","","","Tunisia","","","","","","","","","","","","","","","","","","","","","","","","","","","","","","","","","","ns5.lwsdns.com","ns6.lwsdns.com","ns7.lwsdns.com","ns8.lwsdns.com","addPeriod","serverTransferProhibited","",""
"28","tunisiegaming.com","2020-05-07 20:18:59","2020-05-05","2020-05-05","2021-05-05","433","OVH sas","whois.ovh.com","http://www.ovh.com","REDACTED FOR PRIVACY","reklama pub","REDACTED FOR PRIVACY","REDACTED FOR PRIVACY","Eure","REDACTED FOR PRIVACY","Tunisia","6vxfrl7iis6jzubfo009@c.o-w-o.info","REDACTED FOR PRIVACY","REDACTED FOR PRIVACY","REDACTED FOR PRIVACY","REDACTED FOR PRIVACY","REDACTED FOR PRIVACY","REDACTED FOR PRIVACY","REDACTED FOR PRIVACY","REDACTED FOR PRIVACY","REDACTED FOR PRIVACY","drm8py1w9wzwifcqmf38@l.o-w-o.info","REDACTED FOR PRIVACY","REDACTED FOR PRIVACY","REDACTED FOR PRIVACY","REDACTED FOR PRIVACY","REDACTED FOR PRIVACY","REDACTED FOR PRIVACY","REDACTED FOR PRIVACY","REDACTED FOR PRIVACY","REDACTED FOR PRIVACY","tsjo3xibw2ggmmfhuuwr@x.o-w-o.info","REDACTED FOR PRIVACY","REDACTED FOR PRIVACY","","","","","","","","","","","dns1.zenhosting.info","dns2.zenhosting.info","dns3.zenhosting.info","dns4.zenhosting.info","clientDeleteProhibited","clientTransferProhibited","",""
"29","tunisiegaming.net","2020-05-07 19:02:53","2020-05-05","2020-05-05","2021-05-05","433","OVH sas","whois.ovh.com","http://www.ovh.com","REDACTED FOR PRIVACY","reklama pub","REDACTED FOR PRIVACY","REDACTED FOR PRIVACY","Eure","REDACTED FOR PRIVACY","Tunisia","ks74e7acp0ezq9wbcrcx@e.o-w-o.info","REDACTED FOR PRIVACY","REDACTED FOR PRIVACY","REDACTED FOR PRIVACY","REDACTED FOR PRIVACY","REDACTED FOR PRIVACY","REDACTED FOR PRIVACY","REDACTED FOR PRIVACY","REDACTED FOR PRIVACY","REDACTED FOR PRIVACY","drm8py1w9wzwifcqmf38@l.o-w-o.info","REDACTED FOR PRIVACY","REDACTED FOR PRIVACY","REDACTED FOR PRIVACY","REDACTED FOR PRIVACY","REDACTED FOR PRIVACY","REDACTED FOR PRIVACY","REDACTED FOR PRIVACY","REDACTED FOR PRIVACY","REDACTED FOR PRIVACY","k7x7qh4lkcu44ry1c0df@e.o-w-o.info","REDACTED FOR PRIVACY","REDACTED FOR PRIVACY","","","","","","","","","","","dns1.zenhosting.info","dns2.zenhosting.info","dns3.zenhosting.info","dns4.zenhosting.info","clientDeleteProhibited","clientTransferProhibited","",""
"30","water-technologie.net","2020-05-07 05:36:28","2020-05-04","2020-05-04","2021-05-04","433","OVH sas","whois.ovh.com","http://www.ovh.com","REDACTED FOR PRIVACY","Water Technologie","REDACTED FOR PRIVACY","REDACTED FOR PRIVACY","","REDACTED FOR PRIVACY","Tunisia","5oglbr5ya0ksn6mtg9gu@u.o-w-o.info","REDACTED FOR PRIVACY","REDACTED FOR PRIVACY","REDACTED FOR PRIVACY","REDACTED FOR PRIVACY","REDACTED FOR PRIVACY","REDACTED FOR PRIVACY","REDACTED FOR PRIVACY","REDACTED FOR PRIVACY","REDACTED FOR PRIVACY","4y3arspv9ugxim833geq@v.o-w-o.info","REDACTED FOR PRIVACY","REDACTED FOR PRIVACY","REDACTED FOR PRIVACY","REDACTED FOR PRIVACY","REDACTED FOR PRIVACY","REDACTED FOR PRIVACY","REDACTED FOR PRIVACY","REDACTED FOR PRIVACY","REDACTED FOR PRIVACY","4y3arspv9ugxim833geq@v.o-w-o.info","REDACTED FOR PRIVACY","REDACTED FOR PRIVACY","","","","","","","","","","","dns111.ovh.net","ns111.ovh.net","","","clientDeleteProhibited","clientTransferProhibited","",""
"31","wessoft.info","2020-05-07 23:21:16","2020-05-06","2020-05-06","2022-05-06","433","OVH sas","whois.ovh.com","http://www.ovh.com","","","","","","","Tunisia","","","","","","","","","","","","","","","","","","","","","","","","","","","","","","","","","","dns111.ovh.net","ns111.ovh.net","","","addPeriod","clientDeleteProhibited","clientTransferProhibited","serverTransferProhibited"