"num","domain_name","query_time","create_date","update_date","expiry_date","domain_registrar_id","domain_registrar_name","domain_registrar_whois","domain_registrar_url","registrant_name","registrant_company","registrant_address","registrant_city","registrant_state","registrant_zip","registrant_country","registrant_email","registrant_phone","registrant_fax","administrative_name","administrative_company","administrative_address","administrative_city","administrative_state","administrative_zip","administrative_country","administrative_email","administrative_phone","administrative_fax","technical_name","technical_company","technical_address","technical_city","technical_state","technical_zip","technical_country","technical_email","technical_phone","technical_fax","billing_name","billing_company","billing_address","billing_city","billing_state","billing_zip","billing_country","billing_email","billing_phone","billing_fax","name_server_1","name_server_2","name_server_3","name_server_4","domain_status_1","domain_status_2","domain_status_3","domain_status_4"
"1","adlerconstructionug.com","2020-05-07 20:56:10","2020-05-05","2020-05-05","2022-05-05","146","GoDaddy.com, LLC","whois.godaddy.com","http://registrar.godaddy.com","Comp Clinic","Comp Clinic","","","Eastern Region","","Uganda","","","","","","","","","","","","","","","","","","","","","","","","","","","","","","","","","","ns1.webserversystems.com","ns2.webserversystems.com","","","clientDeleteProhibited","clientRenewProhibited","clientTransferProhibited","clientUpdateProhibited"
"2","africaelderlyacademy.com","2020-05-07 20:12:04","2020-05-05","2020-05-05","2021-05-05","146","GoDaddy.com, LLC","whois.godaddy.com","http://registrar.godaddy.com","","","","","Uganda","","Uganda","","","","","","","","","","","","","","","","","","","","","","","","","","","","","","","","","","ns6425.hostgator.com","ns6426.hostgator.com","","","clientDeleteProhibited","clientRenewProhibited","clientTransferProhibited","clientUpdateProhibited"
"3","algoriinteractive.com","2020-05-07 21:17:49","2020-05-06","2020-05-06","2021-05-06","146","GoDaddy.com, LLC","whois.godaddy.com","http://registrar.godaddy.com","","","","","Uganda","","Uganda","","","","","","","","","","","","","","","","","","","","","","","","","","","","","","","","","","ns1.fineshiftug.com","ns2.fineshiftug.com","","","clientDeleteProhibited","clientRenewProhibited","clientTransferProhibited","clientUpdateProhibited"
"4","bactonpharmacy.com","2020-05-07 21:25:30","2020-05-06","2020-05-06","2021-05-06","146","GoDaddy.com, LLC","whois.godaddy.com","http://registrar.godaddy.com","","","","","Kampala","","Uganda","","","","","","","","","","","","","","","","","","","","","","","","","","","","","","","","","","ns01.one.com","ns02.one.com","","","clientDeleteProhibited","clientRenewProhibited","clientTransferProhibited","clientUpdateProhibited"
"5","bodalivery.com","2020-05-07 20:26:05","2020-05-05","2020-05-05","2021-05-05","303","PDR Ltd. d/b/a PublicDomainRegistry.com","whois.publicdomainregistry.com","http://www.publicdomainregistry.com","Onek Jude","Onek Jude","judinsparks@gmail.com","Gulu","north","256","Uganda","judinsparks@gmail.com","+256.776678280","","Onek Jude","Onek Jude","judinsparks@gmail.com","Gulu","north","256","Uganda","judinsparks@gmail.com","+256.776678280","","Onek Jude","Onek Jude","judinsparks@gmail.com","Gulu","north","256","Uganda","judinsparks@gmail.com","+256.776678280","","","","","","","","","","","","ns1.dns-parking.com","ns2.dns-parking.com","","","clientTransferProhibited","","",""
"6","bukoolachemical.com","2020-05-07 20:15:30","2020-05-05","2020-05-05","2021-05-05","146","GoDaddy.com, LLC","whois.godaddy.com","http://registrar.godaddy.com","pkkyabaggu@hotmail.com","pkkyabaggu@hotmail.com","","","KAMPALA","","Uganda","","","","","","","","","","","","","","","","","","","","","","","","","","","","","","","","","","ns59.domaincontrol.com","ns60.domaincontrol.com","","","clientDeleteProhibited","clientRenewProhibited","clientTransferProhibited","clientUpdateProhibited"
"7","fcmfoundation.com","2020-05-07 20:11:07","2020-05-05","2020-05-05","2021-05-05","1472","LiquidNet Ltd.","whois.liquidnetlimited.com","http://www.liquidnetlimited.com","REDACTED FOR PRIVACY","REDACTED FOR PRIVACY","REDACTED FOR PRIVACY","REDACTED FOR PRIVACY","Kampala","REDACTED FOR PRIVACY","Uganda","","REDACTED FOR PRIVACY","REDACTED FOR PRIVACY","REDACTED FOR PRIVACY","REDACTED FOR PRIVACY","REDACTED FOR PRIVACY","REDACTED FOR PRIVACY","REDACTED FOR PRIVACY","REDACTED FOR PRIVACY","REDACTED FOR PRIVACY","","REDACTED FOR PRIVACY","REDACTED FOR PRIVACY","REDACTED FOR PRIVACY","REDACTED FOR PRIVACY","REDACTED FOR PRIVACY","REDACTED FOR PRIVACY","REDACTED FOR PRIVACY","REDACTED FOR PRIVACY","REDACTED FOR PRIVACY","","REDACTED FOR PRIVACY","REDACTED FOR PRIVACY","","","","","","","","","","","dns1.supremedns.com","dns2.supremedns.com","dns3.supremedns.com","dns4.supremedns.com","clientTransferProhibited","","",""
"8","forexexperttraders247.com","2020-05-07 19:31:00","2020-05-05","2020-05-05","2021-05-05","303","PDR Ltd. d/b/a PublicDomainRegistry.com","whois.publicdomainregistry.com","http://www.publicdomainregistry.com","niceman milk","food work","5865 Ridgeway Cente Parkway Suite 300","Memphis","rivers","23401","Uganda","foodaction1977@gmail.com","+234.9031825198","","niceman milk","food work","5865 Ridgeway Cente Parkway Suite 300","Memphis","rivers","23401","Uganda","foodaction1977@gmail.com","+234.9031825198","","niceman milk","food work","5865 Ridgeway Cente Parkway Suite 300","Memphis","rivers","23401","Uganda","foodaction1977@gmail.com","+234.9031825198","","","","","","","","","","","","ns1.dns-parking.com","ns2.dns-parking.com","","","clientTransferProhibited","","",""
"9","futureyange.com","2020-05-07 21:17:35","2020-05-06","2020-05-06","2021-05-06","1472","LiquidNet Ltd.","whois.liquidnetlimited.com","http://www.liquidnetlimited.com","REDACTED FOR PRIVACY","REDACTED FOR PRIVACY","REDACTED FOR PRIVACY","REDACTED FOR PRIVACY","Uganda","REDACTED FOR PRIVACY","Uganda","","REDACTED FOR PRIVACY","REDACTED FOR PRIVACY","REDACTED FOR PRIVACY","REDACTED FOR PRIVACY","REDACTED FOR PRIVACY","REDACTED FOR PRIVACY","REDACTED FOR PRIVACY","REDACTED FOR PRIVACY","REDACTED FOR PRIVACY","","REDACTED FOR PRIVACY","REDACTED FOR PRIVACY","REDACTED FOR PRIVACY","REDACTED FOR PRIVACY","REDACTED FOR PRIVACY","REDACTED FOR PRIVACY","REDACTED FOR PRIVACY","REDACTED FOR PRIVACY","REDACTED FOR PRIVACY","","REDACTED FOR PRIVACY","REDACTED FOR PRIVACY","","","","","","","","","","","dns1.supremedns.com","dns2.supremedns.com","dns3.supremedns.com","dns4.supremedns.com","clientTransferProhibited","","",""
"10","imanischools.com","2020-05-07 20:59:39","2020-05-06","2020-05-06","2022-05-06","1154","FastDomain Inc.","whois.fastdomain.com","http://www.fastdomain.com","EMMANUEL NSABAANYE","ERA92","LUNGUJJA, KOSOVO","KAMPALA","","256","Uganda","era92media@gmail.com","+256.705783917","","EMMANUEL NSABAANYE","ERA92","LUNGUJJA, KOSOVO","KAMPALA","","256","Uganda","era92media@gmail.com","+256.705783917","","HOSTMONSTER INC","HOSTMONSTER.COM","1958 S 950 E","PROVO","UTAH","84606","United States","support-domain@hostmonster.com","+1.8014948462","+1.8017651992","","","","","","","","","","","ns1.hostmonster.com","ns2.hostmonster.com","","","clientTransferProhibited","","",""
"11","maishawallet.com","2020-05-07 19:14:01","2020-05-06","2020-05-06","2021-05-06","146","GoDaddy.com, LLC","whois.godaddy.com","http://registrar.godaddy.com","","","","","Central Region","","Uganda","","","","","","","","","","","","","","","","","","","","","","","","","","","","","","","","","","ns71.domaincontrol.com","ns72.domaincontrol.com","","","clientDeleteProhibited","clientRenewProhibited","clientTransferProhibited","clientUpdateProhibited"
"12","movingfastinternational.com","2020-05-07 20:37:31","2020-05-05","","2021-05-05","1068","NameCheap, Inc.","whois.namecheap.com","http://www.namecheap.com","Lubalema Scard","","Makerere Kikoni","Kampala","Kawempe Division","256","Uganda","lubalemascard1991@gmail.com","+256.701082083","","Lubalema Scard","","Makerere Kikoni","Kampala","Kawempe Division","256","Uganda","lubalemascard1991@gmail.com","+256.701082083","","Lubalema Scard","","Makerere Kikoni","Kampala","Kawempe Division","256","Uganda","lubalemascard1991@gmail.com","+256.701082083","","","","","","","","","","","","rs39a.registrar-servers.com","rs39b.registrar-servers.com","","","addPeriod","clientTransferProhibited","",""
"13","nobkintechnologies.com","2020-05-07 21:07:14","2020-05-06","2020-05-06","2021-05-06","303","PDR Ltd. d/b/a PublicDomainRegistry.com","whois.publicdomainregistry.com","http://www.publicdomainregistry.com","Kiiza","Nobkin Technologies","Kagadi District, Uganda","Kagadi Town Council","Kibeale","","Uganda","kiizanobert1@gmail.com","+256.781694833","","Kiiza","Nobkin Technologies","Kagadi District, Uganda","Kagadi Town Council","Kibeale","","Uganda","kiizanobert1@gmail.com","+256.781694833","","Kiiza","Nobkin Technologies","Kagadi District, Uganda","Kagadi Town Council","Kibeale","","Uganda","kiizanobert1@gmail.com","+256.781694833","","","","","","","","","","","","ns1.bh-10.webhostbox.net","ns2.bh-10.webhostbox.net","","","clientTransferProhibited","","",""
"14","pennyboldbridal.com","2020-05-07 21:17:46","2020-05-06","2020-05-06","2021-05-06","146","GoDaddy.com, LLC","whois.godaddy.com","http://registrar.godaddy.com","","","","","Uganda","","Uganda","","","","","","","","","","","","","","","","","","","","","","","","","","","","","","","","","","ns1.fineshiftug.com","ns2.fineshiftug.com","","","clientDeleteProhibited","clientRenewProhibited","clientTransferProhibited","clientUpdateProhibited"
"15","rego.biz","2020-05-07 17:44:51","2020-05-03","2020-05-03","2021-05-03","1564","TLD Registrar Solutions Ltd.","whois.tldregistrarsolutions.com","http://www.tldregistrarsolutions.com","","","","","","","Uganda","","","","","","","","","","","","","","","","","","","","","","","","","","","","","","","","","","ns3.mavenserverz.com","ns4.mavenserverz.com","","","addPeriod","clientTransferProhibited","",""
"16","shafranto.com","2020-05-07 21:26:53","2020-05-06","2020-05-06","2021-05-06","146","GoDaddy.com, LLC","whois.godaddy.com","http://registrar.godaddy.com","","","","","Kampala","","Uganda","","","","","","","","","","","","","","","","","","","","","","","","","","","","","","","","","","ns01.one.com","ns02.one.com","","","clientDeleteProhibited","clientRenewProhibited","clientTransferProhibited","clientUpdateProhibited"
"17","tcenergycorporation.com","2020-05-07 19:22:44","2020-05-06","2020-05-06","2021-05-06","146","GoDaddy.com, LLC","whois.godaddy.com","http://registrar.godaddy.com","TCENERGY","TCENERGY","","","EAST AFRICA","","Uganda","","","","","","","","","","","","","","","","","","","","","","","","","","","","","","","","","","ns31.domaincontrol.com","ns32.domaincontrol.com","","","clientDeleteProhibited","clientRenewProhibited","clientTransferProhibited","clientUpdateProhibited"
"18","thestarpack.com","2020-05-07 20:44:21","2020-05-05","2020-05-05","2021-05-05","625","Name.com, Inc.","whois.name.com","http://www.name.com","Solomon Businge","Mist Holdings Inc","Kampala , Muyenga","Kampala","Kampala","256","Uganda","solomonbusinge44@gmail.com","+256.784017826","","Solomon Businge","Mist Holdings Inc","Kampala , Muyenga","Kampala","Kampala","256","Uganda","solomonbusinge44@gmail.com","+256.784017826","","Solomon Businge","Mist Holdings Inc","Kampala , Muyenga","Kampala","Kampala","256","Uganda","solomonbusinge44@gmail.com","+256.784017826","","","","","","","","","","","","ns1mpz.name.com","ns2nsy.name.com","ns3cqz.name.com","ns4lny.name.com","addPeriod","clientTransferProhibited","",""