"num","domain_name","query_time","create_date","update_date","expiry_date","domain_registrar_id","domain_registrar_name","domain_registrar_whois","domain_registrar_url","registrant_name","registrant_company","registrant_address","registrant_city","registrant_state","registrant_zip","registrant_country","registrant_email","registrant_phone","registrant_fax","administrative_name","administrative_company","administrative_address","administrative_city","administrative_state","administrative_zip","administrative_country","administrative_email","administrative_phone","administrative_fax","technical_name","technical_company","technical_address","technical_city","technical_state","technical_zip","technical_country","technical_email","technical_phone","technical_fax","billing_name","billing_company","billing_address","billing_city","billing_state","billing_zip","billing_country","billing_email","billing_phone","billing_fax","name_server_1","name_server_2","name_server_3","name_server_4","domain_status_1","domain_status_2","domain_status_3","domain_status_4"
"1","academiadelfotografo.com","2020-05-07 20:22:02","2020-05-05","2020-05-06","2021-05-05","1383","Soluciones Corporativas IP, SLU","whois.scip.es","http://www.dondominio.com","REDACTED FOR PRIVACY","","REDACTED FOR PRIVACY","REDACTED FOR PRIVACY","Montevideo","REDACTED FOR PRIVACY","Uruguay","","REDACTED FOR PRIVACY","REDACTED FOR PRIVACY","REDACTED FOR PRIVACY","REDACTED FOR PRIVACY","REDACTED FOR PRIVACY","REDACTED FOR PRIVACY","REDACTED FOR PRIVACY","REDACTED FOR PRIVACY","REDACTED FOR PRIVACY","","REDACTED FOR PRIVACY","REDACTED FOR PRIVACY","REDACTED FOR PRIVACY","REDACTED FOR PRIVACY","REDACTED FOR PRIVACY","REDACTED FOR PRIVACY","REDACTED FOR PRIVACY","REDACTED FOR PRIVACY","REDACTED FOR PRIVACY","","REDACTED FOR PRIVACY","REDACTED FOR PRIVACY","","","","","","","","","","","ns50051.webempresa.eu","ns50052.webempresa.eu","","","clientTransferProhibited","ok","",""
"2","amarresfuerteselias.com","2020-05-07 19:32:39","2020-05-05","2020-05-05","2021-05-05","303","PDR Ltd. d/b/a PublicDomainRegistry.com","whois.publicdomainregistry.com","http://www.publicdomainregistry.com","ideas web","ideasweb","los laureles 1014","pando","Canelones","91000","Uruguay","ideasweburuguay@gmail.com","+598.99429567","","ideas web","ideasweb","los laureles 1014","pando","Canelones","91000","Uruguay","ideasweburuguay@gmail.com","+598.99429567","","ideas web","ideasweb","los laureles 1014","pando","Canelones","91000","Uruguay","ideasweburuguay@gmail.com","+598.99429567","","","","","","","","","","","","ns1.iw-server.com","ns2.iw-server.com","","","clientTransferProhibited","","",""
"3","cocrearq.com","2020-05-07 21:09:51","2020-05-06","2020-05-06","2021-05-06","303","PDR Ltd. d/b/a PublicDomainRegistry.com","whois.publicdomainregistry.com","http://www.publicdomainregistry.com","Santiago Soto","Santiago Soto","Avenir Rosell","Montevideo","Montevideo","11500","Uruguay","santisoto86@gmail.com","+598.98509122","","Santiago Soto","Santiago Soto","Avenir Rosell","Montevideo","Montevideo","11500","Uruguay","santisoto86@gmail.com","+598.98509122","","Santiago Soto","Santiago Soto","Avenir Rosell","Montevideo","Montevideo","11500","Uruguay","santisoto86@gmail.com","+598.98509122","","","","","","","","","","","","ns1.donweb.cl","ns1.donweb.co","ns1.donweb.mx","ns1.donweb.uy","clientTransferProhibited","","",""
"4","delaspiedrasalmundo.com","2020-05-07 21:27:58","2020-05-06","2020-05-06","2021-05-06","106","Ascio Technologies, Inc. Danmark - Filial af Ascio technologies, Inc. USA","whois.ascio.com","http://www.ascio.com","Not Disclosed","Not Disclosed","Not Disclosed","Not Disclosed","","Not Disclosed","Uruguay","","Not Disclosed","Not Disclosed","Not Disclosed","Not Disclosed","Not Disclosed","Not Disclosed","Not Disclosed","Not Disclosed","Not Disclosed","","Not Disclosed","Not Disclosed","Not Disclosed","Not Disclosed","Not Disclosed","Not Disclosed","Not Disclosed","Not Disclosed","Not Disclosed","","Not Disclosed","Not Disclosed","","","","","","","","","","","dns1.123hjemmeside.dk","dns2.123hjemmeside.dk","dns3.123hjemmeside.dk","","OK","","",""
"5","detectivesenuruguay.com","2020-05-07 20:10:08","2020-05-05","2020-05-05","2023-05-05","146","GoDaddy.com, LLC","whois.godaddy.com","http://registrar.godaddy.com","Access Detectives","Access Detectives","","","MONTEVIDEO","","Uruguay","","","","","","","","","","","","","","","","","","","","","","","","","","","","","","","","","","ns59.domaincontrol.com","ns60.domaincontrol.com","","","clientDeleteProhibited","clientRenewProhibited","clientTransferProhibited","clientUpdateProhibited"
"6","electricistaenmaldonado.com","2020-05-07 19:20:16","2020-05-06","2020-05-06","2021-05-06","146","GoDaddy.com, LLC","whois.godaddy.com","http://registrar.godaddy.com","","","","","lavalleja","","Uruguay","","","","","","","","","","","","","","","","","","","","","","","","","","","","","","","","","","ns59.domaincontrol.com","ns60.domaincontrol.com","","","clientDeleteProhibited","clientRenewProhibited","clientTransferProhibited","clientUpdateProhibited"
"7","gxmandarinasoftware.com","2020-05-07 20:41:01","2020-05-05","2020-05-05","2022-05-05","146","GoDaddy.com, LLC","whois.godaddy.com","http://registrar.godaddy.com","","","","","Canelones","","Uruguay","","","","","","","","","","","","","","","","","","","","","","","","","","","","","","","","","","ns73.domaincontrol.com","ns74.domaincontrol.com","","","clientDeleteProhibited","clientRenewProhibited","clientTransferProhibited","clientUpdateProhibited"
"8","lacocinadeanfran.com","2020-05-07 21:01:09","2020-05-06","2020-05-06","2021-05-06","955","Launchpad, Inc.","whois.launchpad.com","http://www.launchpad.com","Stephania Antonela Alonso de Leon","None","stephania Alonso","san carlos","MA","20400","Uruguay","anto1997leon@hotmail.com","+598.98830708","","Stephania Antonela Alonso de Leon","None","stephania Alonso","san carlos","MA","20400","Uruguay","anto1997leon@hotmail.com","+598.98830708","","Stephania Antonela Alonso de Leon","None","stephania Alonso","san carlos","MA","20400","Uruguay","anto1997leon@hotmail.com","+598.98830708","","","","","","","","","","","","ns8345.hostgator.com","ns8346.hostgator.com","","","clientTransferProhibited","","",""
"9","lmbpremium.com","2020-05-07 01:33:39","2020-05-04","2020-05-04","2021-05-04","146","GoDaddy.com, LLC","whois.godaddy.com","http://registrar.godaddy.com","","","","","Montevideo","","Uruguay","","","","","","","","","","","","","","","","","","","","","","","","","","","","","","","","","","ns1.giow1083.siteground.us","ns2.giow1083.siteground.us","","","clientDeleteProhibited","clientRenewProhibited","clientTransferProhibited","clientUpdateProhibited"
"10","loshalven.com","2020-05-07 21:32:32","2020-05-06","2020-05-06","2021-05-06","303","PDR Ltd. d/b/a PublicDomainRegistry.com","whois.publicdomainregistry.com","http://www.publicdomainregistry.com","Gonzalo Lopez","Gonzalo Lopez","Pouey 2640","Montevideo","Montevideo","11600","Uruguay","lopezgonzalo.m@gmail.com","+598.99850095","","Gonzalo Lopez","Gonzalo Lopez","Pouey 2640","Montevideo","Montevideo","11600","Uruguay","lopezgonzalo.m@gmail.com","+598.99850095","","Gonzalo Lopez","Gonzalo Lopez","Pouey 2640","Montevideo","Montevideo","11600","Uruguay","lopezgonzalo.m@gmail.com","+598.99850095","","","","","","","","","","","","ns1-diagonal.hostingenlaweb.com","ns2-diagonal.hostingenlaweb.com","","","clientTransferProhibited","","",""
"11","mktgn3xo.com","2020-05-07 20:41:00","2020-05-05","2020-05-05","2021-05-05","146","GoDaddy.com, LLC","whois.godaddy.com","http://registrar.godaddy.com","N3XO","N3XO","","","Montevideo","","Uruguay","","","","","","","","","","","","","","","","","","","","","","","","","","","","","","","","","","ns1.sendinblue.com","ns2.sendinblue.com","","","clientDeleteProhibited","clientRenewProhibited","clientTransferProhibited","clientUpdateProhibited"
"12","mktn3xo.com","2020-05-07 20:41:01","2020-05-05","2020-05-05","2021-05-05","146","GoDaddy.com, LLC","whois.godaddy.com","http://registrar.godaddy.com","N3XO","N3XO","","","Montevideo","","Uruguay","","","","","","","","","","","","","","","","","","","","","","","","","","","","","","","","","","ns59.domaincontrol.com","ns60.domaincontrol.com","","","clientDeleteProhibited","clientRenewProhibited","clientTransferProhibited","clientUpdateProhibited"
"13","mvdigitaltrends.com","2020-05-07 20:31:31","2020-05-05","2020-05-05","2021-05-05","146","GoDaddy.com, LLC","whois.godaddy.com","http://registrar.godaddy.com","","","","","Uruguay","","Uruguay","","","","","","","","","","","","","","","","","","","","","","","","","","","","","","","","","","ns73.domaincontrol.com","ns74.domaincontrol.com","","","clientDeleteProhibited","clientRenewProhibited","clientTransferProhibited","clientUpdateProhibited"
"14","nodo4.com","2020-05-07 21:14:50","2020-05-04","2020-05-04","2021-05-04","146","GoDaddy.com, LLC","whois.godaddy.com","http://registrar.godaddy.com","Nodo 4 Security and Infrastructure","Nodo 4 Security and Infrastructure","","","Montevideo","","Uruguay","","","","","","","","","","","","","","","","","","","","","","","","","","","","","","","","","","dns477.dinamichosting.com","dns478.dinamichosting.com","","","clientDeleteProhibited","clientRenewProhibited","clientTransferProhibited","clientUpdateProhibited"
"15","passgenerator.net","2020-05-07 23:15:54","2020-05-06","2020-05-06","2021-05-06","146","GoDaddy.com, LLC","whois.godaddy.com","http://registrar.godaddy.com","","","","","Montevideo","","Uruguay","","","","","","","","","","","","","","","","","","","","","","","","","","","","","","","","","","ns71.domaincontrol.com","ns72.domaincontrol.com","","","clientDeleteProhibited","clientRenewProhibited","clientTransferProhibited","clientUpdateProhibited"
"16","preveniruy.com","2020-05-07 01:20:03","2020-05-04","2020-05-04","2021-05-04","146","GoDaddy.com, LLC","whois.godaddy.com","http://registrar.godaddy.com","","","","","Montevideo","","Uruguay","","","","","","","","","","","","","","","","","","","","","","","","","","","","","","","","","","ns1.stablehost.com","ns2.stablehost.com","","","clientDeleteProhibited","clientRenewProhibited","clientTransferProhibited","clientUpdateProhibited"
"17","proonpay.com","2020-05-07 20:57:05","2020-05-06","2020-05-06","2021-05-06","146","GoDaddy.com, LLC","whois.godaddy.com","http://registrar.godaddy.com","Iruvey Corporation S.A.","Iruvey Corporation S.A.","","","Montevideo","","Uruguay","","","","","","","","","","","","","","","","","","","","","","","","","","","","","","","","","","ns31.domaincontrol.com","ns32.domaincontrol.com","","","clientDeleteProhibited","clientRenewProhibited","clientTransferProhibited","clientUpdateProhibited"
"18","rebelsidesolutions.com","2020-05-07 19:08:13","2020-05-06","2020-05-06","2021-05-06","303","PDR Ltd. d/b/a PublicDomainRegistry.com","whois.publicdomainregistry.com","http://www.publicdomainregistry.com","Pablo Buela","Rebelside Solutions","Maria Manrupe 2917","Montevideo","Montevideo","12100","Uruguay","p_buela@hotmail.com","+598.93768251","","Pablo Buela","Rebelside Solutions","Maria Manrupe 2917","Montevideo","Montevideo","12100","Uruguay","p_buela@hotmail.com","+598.93768251","","Pablo Buela","Rebelside Solutions","Maria Manrupe 2917","Montevideo","Montevideo","12100","Uruguay","p_buela@hotmail.com","+598.93768251","","","","","","","","","","","","ns1.dns-parking.com","ns2.dns-parking.com","","","clientTransferProhibited","","",""
"19","rematesonline.net","2020-05-07 23:11:09","2020-05-06","2020-05-06","2021-05-06","303","PDR Ltd. d/b/a PublicDomainRegistry.com","whois.publicdomainregistry.com","http://www.publicdomainregistry.com","Silvio Rienzi","","Felipe Sanguinetti 2400","Montevideo","Montevideo","11400","Uruguay","silviorienzi@gmail.com","+598.98448333","","Silvio Rienzi","","Felipe Sanguinetti 2400","Montevideo","Montevideo","11400","Uruguay","silviorienzi@gmail.com","+598.98448333","","Silvio Rienzi","","Felipe Sanguinetti 2400","Montevideo","Montevideo","11400","Uruguay","silviorienzi@gmail.com","+598.98448333","","","","","","","","","","","","ns1.hostinguruguayo.net","ns2.hostinguruguayo.net","ns3.hostinguruguayo.net","ns4.hostinguruguayo.net","clientTransferProhibited","","",""
"20","rosariotech.com","2020-05-07 21:05:48","2020-05-06","2020-05-06","2021-05-06","69","Tucows Domains Inc.","whois.tucows.com","http://domainhelp.opensrs.net","REDACTED FOR PRIVACY","REDACTED FOR PRIVACY","REDACTED FOR PRIVACY","REDACTED FOR PRIVACY","XX","REDACTED FOR PRIVACY","Uruguay","","REDACTED FOR PRIVACY","REDACTED FOR PRIVACY","REDACTED FOR PRIVACY","REDACTED FOR PRIVACY","REDACTED FOR PRIVACY","REDACTED FOR PRIVACY","REDACTED FOR PRIVACY","REDACTED FOR PRIVACY","REDACTED FOR PRIVACY","","REDACTED FOR PRIVACY","REDACTED FOR PRIVACY","REDACTED FOR PRIVACY","REDACTED FOR PRIVACY","REDACTED FOR PRIVACY","REDACTED FOR PRIVACY","REDACTED FOR PRIVACY","REDACTED FOR PRIVACY","REDACTED FOR PRIVACY","","REDACTED FOR PRIVACY","REDACTED FOR PRIVACY","","","","","","","","","","","ns1.giow1085.siteground.us","ns2.giow1085.siteground.us","","","clientTransferProhibited","clientUpdateProhibited","",""
"21","seitondev.com","2020-05-07 01:33:24","2020-05-04","2020-05-04","2021-05-04","146","GoDaddy.com, LLC","whois.godaddy.com","http://registrar.godaddy.com","Seiton","Seiton","","","Montevideo","","Uruguay","","","","","","","","","","","","","","","","","","","","","","","","","","","","","","","","","","ns63.domaincontrol.com","ns64.domaincontrol.com","","","clientDeleteProhibited","clientRenewProhibited","clientTransferProhibited","clientUpdateProhibited"
"22","testfaceclub.com","2020-05-07 20:15:50","2020-05-05","2020-05-05","2021-05-05","955","Launchpad, Inc.","whois.launchpad.com","http://www.launchpad.com","Abel Quintana","None","Dr. Jose Scoceria 2854","Montevideo","MO","11300","Uruguay","belo.quintana@gmail.com","+598.94324929","","Abel Quintana","None","Dr. Jose Scoceria 2854","Montevideo","MO","11300","Uruguay","belo.quintana@gmail.com","+598.94324929","","Abel Quintana","None","Dr. Jose Scoceria 2854","Montevideo","MO","11300","Uruguay","belo.quintana@gmail.com","+598.94324929","","","","","","","","","","","","ns8085.hostgator.com","ns8086.hostgator.com","","","clientTransferProhibited","","",""
"23","todostreaming.net","2020-05-07 05:40:01","2020-05-05","2020-05-05","2021-05-05","303","PDR Ltd. d/b/a PublicDomainRegistry.com","whois.publicdomainregistry.com","http://www.publicdomainregistry.com","reynaldo louise","Todo Streaming","Zumaran 5140","Montevideo","Montevideo","12100","Uruguay","reynaldolouise@gmail.com","+598.94121265","","reynaldo louise","Todo Streaming","Zumaran 5140","Montevideo","Montevideo","12100","Uruguay","reynaldolouise@gmail.com","+598.94121265","","reynaldo louise","Todo Streaming","Zumaran 5140","Montevideo","Montevideo","12100","Uruguay","reynaldolouise@gmail.com","+598.94121265","","","","","","","","","","","","ns1.instainternet.com","ns2.instainternet.com","","","clientTransferProhibited","","",""
"24","uriartebascouyasociados.com","2020-05-07 20:10:21","2020-05-05","2020-05-05","2021-05-05","69","Tucows Domains Inc.","whois.tucows.com","http://domainhelp.opensrs.net","Redacted for privacy","Redacted for privacy","Redacted for privacy","Redacted for privacy","Canelones","Redacted for privacy","Uruguay","","Redacted for privacy","Redacted for privacy","REDACTED FOR PRIVACY","REDACTED FOR PRIVACY","REDACTED FOR PRIVACY","REDACTED FOR PRIVACY","REDACTED FOR PRIVACY","REDACTED FOR PRIVACY","REDACTED FOR PRIVACY","","REDACTED FOR PRIVACY","REDACTED FOR PRIVACY","REDACTED FOR PRIVACY","REDACTED FOR PRIVACY","REDACTED FOR PRIVACY","REDACTED FOR PRIVACY","REDACTED FOR PRIVACY","REDACTED FOR PRIVACY","REDACTED FOR PRIVACY","","REDACTED FOR PRIVACY","REDACTED FOR PRIVACY","","","","","","","","","","","ns1.systemdns.com","ns2.systemdns.com","ns3.systemdns.com","","clientTransferProhibited","clientUpdateProhibited","",""
"25","urucraft.net","2020-05-07 23:10:09","2020-05-06","2020-05-06","2021-05-06","146","GoDaddy.com, LLC","whois.godaddy.com","http://registrar.godaddy.com","Urucraft","Urucraft","","","San Jose","","Uruguay","","","","","","","","","","","","","","","","","","","","","","","","","","","","","","","","","","ns19.domaincontrol.com","ns20.domaincontrol.com","","","clientDeleteProhibited","clientRenewProhibited","clientTransferProhibited","clientUpdateProhibited"
"26","urugrow.net","2020-05-07 19:02:33","2020-05-05","2020-05-05","2021-05-05","48","eNom, Inc.","whois.enom.com","http://www.enom.com","Redacted for privacy","Redacted for privacy","Redacted for privacy","Redacted for privacy","Montevideo","Redacted for privacy","Uruguay","","Redacted for privacy","Redacted for privacy","REDACTED FOR PRIVACY","REDACTED FOR PRIVACY","REDACTED FOR PRIVACY","REDACTED FOR PRIVACY","REDACTED FOR PRIVACY","REDACTED FOR PRIVACY","REDACTED FOR PRIVACY","","REDACTED FOR PRIVACY","REDACTED FOR PRIVACY","REDACTED FOR PRIVACY","REDACTED FOR PRIVACY","REDACTED FOR PRIVACY","REDACTED FOR PRIVACY","REDACTED FOR PRIVACY","REDACTED FOR PRIVACY","REDACTED FOR PRIVACY","","REDACTED FOR PRIVACY","REDACTED FOR PRIVACY","","","","","","","","","","","ns1.lineadns.com","ns2.lineadns.com","","","addPeriod","clientTransferProhibited","",""
"27","virtualsailors.com","2020-05-07 21:01:05","2020-05-06","2020-05-06","2022-05-06","146","GoDaddy.com, LLC","whois.godaddy.com","http://registrar.godaddy.com","","","","","Montevideo","","Uruguay","","","","","","","","","","","","","","","","","","","","","","","","","","","","","","","","","","ns19.domaincontrol.com","ns20.domaincontrol.com","","","clientDeleteProhibited","clientRenewProhibited","clientTransferProhibited","clientUpdateProhibited"