"num","domain_name","query_time","create_date","update_date","expiry_date","domain_registrar_id","domain_registrar_name","domain_registrar_whois","domain_registrar_url","registrant_name","registrant_company","registrant_address","registrant_city","registrant_state","registrant_zip","registrant_country","registrant_email","registrant_phone","registrant_fax","administrative_name","administrative_company","administrative_address","administrative_city","administrative_state","administrative_zip","administrative_country","administrative_email","administrative_phone","administrative_fax","technical_name","technical_company","technical_address","technical_city","technical_state","technical_zip","technical_country","technical_email","technical_phone","technical_fax","billing_name","billing_company","billing_address","billing_city","billing_state","billing_zip","billing_country","billing_email","billing_phone","billing_fax","name_server_1","name_server_2","name_server_3","name_server_4","domain_status_1","domain_status_2","domain_status_3","domain_status_4"
"1","allforthewomens.info","2020-05-07 06:25:53","2020-05-05","2020-05-05","2021-05-05","146","GoDaddy.com, LLC","whois.godaddy.com","http://registrar.godaddy.com","","","","","Vargas","","Venezuela","","","","","","","","","","","","","","","","","","","","","","","","","","","","","","","","","","ns41.domaincontrol.com","ns42.domaincontrol.com","","","addPeriod","clientDeleteProhibited","clientRenewProhibited","clientTransferProhibited"
"2","allforthewomens.net","2020-05-07 05:52:16","2020-05-05","2020-05-05","2021-05-05","146","GoDaddy.com, LLC","whois.godaddy.com","http://registrar.godaddy.com","","","","","Vargas","","Venezuela","","","","","","","","","","","","","","","","","","","","","","","","","","","","","","","","","","ns29.domaincontrol.com","ns30.domaincontrol.com","","","clientDeleteProhibited","clientRenewProhibited","clientTransferProhibited","clientUpdateProhibited"
"3","beatinestore.com","2020-05-07 19:09:14","2020-05-06","2020-05-06","2021-05-06","146","GoDaddy.com, LLC","whois.godaddy.com","http://registrar.godaddy.com","Beatinest","Beatinest","","","Carabobo","","Venezuela","","","","","","","","","","","","","","","","","","","","","","","","","","","","","","","","","","ns19.domaincontrol.com","ns20.domaincontrol.com","","","clientDeleteProhibited","clientRenewProhibited","clientTransferProhibited","clientUpdateProhibited"
"4","caribbeanstarter.com","2020-05-07 19:22:53","2020-05-06","2020-05-06","2021-05-06","146","GoDaddy.com, LLC","whois.godaddy.com","http://registrar.godaddy.com","caribbean marine management group, c.a","caribbean marine management group, c.a","","","dc","","Venezuela","","","","","","","","","","","","","","","","","","","","","","","","","","","","","","","","","","ns73.domaincontrol.com","ns74.domaincontrol.com","","","clientDeleteProhibited","clientRenewProhibited","clientTransferProhibited","clientUpdateProhibited"
"5","chikaglamour.com","2020-05-07 20:08:43","2020-05-05","2020-05-05","2021-05-05","320","TLDs LLC dba SRSplus","whois.srsplus.com","http://www.srsplus.com","Iris Escalona","","La florida, Caracas Venezuela","Caracas","Caracas","1015","Venezuela","contactochikaglamour@gmail.com","+58.4241433861","","Iris Escalona","","La florida, Caracas Venezuela","Caracas","Caracas","1015","Venezuela","contactochikaglamour@gmail.com","+58.4241433861","","Baltazar Cepeda","","Ciudad de Panama","Panama","Panam????","00507","Panama","baltazarcepeda@gmail.com","+507.61521322","","","","","","","","","","","","ns3.hosting-server-1022.com","ns4.hosting-server-1022.com","","","OK","","",""
"6","chiquitex.com","2020-05-07 01:19:58","2020-05-04","2020-05-04","2021-05-04","76","Nominalia Internet S.L.","whois.nominalia.com","http://www.nominalia.com","REDACTED FOR PRIVACY","REDACTED FOR PRIVACY","REDACTED FOR PRIVACY","REDACTED FOR PRIVACY","Miranda","REDACTED FOR PRIVACY","Venezuela","","REDACTED.FORPRIVACY","REDACTED.FORPRIVACY","REDACTED FOR PRIVACY","REDACTED FOR PRIVACY","REDACTED FOR PRIVACY","REDACTED FOR PRIVACY","Miranda","REDACTED FOR PRIVACY","Venezuela","","REDACTED.FORPRIVACY","REDACTED.FORPRIVACY","REDACTED FOR PRIVACY","REDACTED FOR PRIVACY","REDACTED FOR PRIVACY","REDACTED FOR PRIVACY","Barcelona","REDACTED FOR PRIVACY","Spain","","REDACTED.FORPRIVACY","REDACTED.FORPRIVACY","","","","","","","","","","","dns1.nominalia.com","dns2.nominalia.com","","","OK","","",""
"7","covzla.com","2020-05-07 21:46:36","2020-05-05","2020-05-05","2021-05-05","1005","NetEarth One Inc. d/b/a NetEarth","whois.advancedregistrar.com","http://www.netearthone.com","Marialejandra D Armas Antequera","Instituto de Especialidades Optometricas, ca","Urb valle verde manzana 16 casa 13 san diego Urb valle de oro resid las tinajas casa 76 san diego","Valencia","Carabobo","2020","Venezuela","iesoca@hotmail.com","+58.04144300011","","Marialejandra D Armas Antequera","Instituto de Especialidades Optometricas, ca","Urb valle verde manzana 16 casa 13 san diego Urb valle de oro resid las tinajas casa 76 san diego","Valencia","Carabobo","2020","Venezuela","iesoca@hotmail.com","+58.04144300011","","Marialejandra D Armas Antequera","Instituto de Especialidades Optometricas, ca","Urb valle verde manzana 16 casa 13 san diego Urb valle de oro resid las tinajas casa 76 san diego","Valencia","Carabobo","2020","Venezuela","iesoca@hotmail.com","+58.04144300011","","","","","","","","","","","","ns2061.banahosting.com","ns2062.banahosting.com","","","clientTransferProhibited","","",""
"8","criptoresumen.net","2020-05-07 05:49:25","2020-05-05","2020-05-05","2021-05-05","146","GoDaddy.com, LLC","whois.godaddy.com","http://registrar.godaddy.com","","","","","CALIFORNIA","","Venezuela","","","","","","","","","","","","","","","","","","","","","","","","","","","","","","","","","","ns77.domaincontrol.com","ns78.domaincontrol.com","","","clientDeleteProhibited","clientRenewProhibited","clientTransferProhibited","clientUpdateProhibited"
"9","cverdemarket.com","2020-05-07 19:09:01","2020-05-06","2020-05-06","2021-05-06","1005","NetEarth One Inc. d/b/a NetEarth","whois.advancedregistrar.com","http://www.netearthone.com","Adrian Rivero","","Urb Valle Frio","Maracaibo","zulia","4001","Venezuela","teamgamervzla@gmail.com","+58.3022708250","","Adrian Rivero","","Urb Valle Frio","Maracaibo","zulia","4001","Venezuela","teamgamervzla@gmail.com","+58.3022708250","","Adrian Rivero","","Urb Valle Frio","Maracaibo","zulia","4001","Venezuela","teamgamervzla@gmail.com","+58.3022708250","","","","","","","","","","","","ns308.banahosting.com","ns309.banahosting.com","","","clientTransferProhibited","","",""
"10","ebservicios.com","2020-05-07 20:58:19","2020-05-06","2020-05-06","2021-05-06","303","PDR Ltd. d/b/a PublicDomainRegistry.com","whois.publicdomainregistry.com","http://www.publicdomainregistry.com","Jose Castro","Pixys Venezuela","Barinas","Barinas","Barinas","0000","Venezuela","pixysve@gmail.com","+58.4122655411","","Jose Castro","Pixys Venezuela","Barinas","Barinas","Barinas","0000","Venezuela","pixysve@gmail.com","+58.4122655411","","Jose Castro","Pixys Venezuela","Barinas","Barinas","Barinas","0000","Venezuela","pixysve@gmail.com","+58.4122655411","","","","","","","","","","","","y.dns40.com","z.dns40.com","","","clientTransferProhibited","","",""
"11","ejimedsca.com","2020-05-07 20:31:01","2020-05-05","2020-05-05","2021-05-05","146","GoDaddy.com, LLC","whois.godaddy.com","http://registrar.godaddy.com","EJIMED SERVICIOS C.A","EJIMED SERVICIOS C.A","","","Merida","","Venezuela","","","","","","","","","","","","","","","","","","","","","","","","","","","","","","","","","","ns73.domaincontrol.com","ns74.domaincontrol.com","","","clientDeleteProhibited","clientRenewProhibited","clientTransferProhibited","clientUpdateProhibited"
"12","emotord.com","2020-05-07 20:31:25","2020-05-05","2020-05-05","2021-05-05","303","PDR Ltd. d/b/a PublicDomainRegistry.com","whois.publicdomainregistry.com","http://www.publicdomainregistry.com","Angelica Roa","Angelica Roa","Villa brasil","Puerto Ordaz","Bolivar","8050","Venezuela","gplanificacion@eminca.com","+58.4249347929","","Angelica Roa","Angelica Roa","Villa brasil","Puerto Ordaz","Bolivar","8050","Venezuela","gplanificacion@eminca.com","+58.4249347929","","Angelica Roa","Angelica Roa","Villa brasil","Puerto Ordaz","Bolivar","8050","Venezuela","gplanificacion@eminca.com","+58.4249347929","","","","","","","","","","","","ns1045.ui-dns.biz","ns1045.ui-dns.com","ns1045.ui-dns.de","ns1045.ui-dns.org","clientTransferProhibited","","",""
"13","generarozono.com","2020-05-07 20:41:27","2020-05-05","2020-05-05","2021-05-05","379","Arsys Internet, S.L. dba NICLINE.COM","whois.nicline.com","http://www.nicline.com","REDACTED FOR PRIVACY","","REDACTED FOR PRIVACY","REDACTED FOR PRIVACY","SIN PROVINCIA","REDACTED FOR PRIVACY","Venezuela","whoiscontact@domainconnection.info","REDACTED FOR PRIVACY","REDACTED FOR PRIVACY","REDACTED FOR PRIVACY","REDACTED FOR PRIVACY","REDACTED FOR PRIVACY","REDACTED FOR PRIVACY","REDACTED FOR PRIVACY","REDACTED FOR PRIVACY","REDACTED FOR PRIVACY","whoiscontact@domainconnection.info","REDACTED FOR PRIVACY","REDACTED FOR PRIVACY","REDACTED FOR PRIVACY","REDACTED FOR PRIVACY","REDACTED FOR PRIVACY","REDACTED FOR PRIVACY","REDACTED FOR PRIVACY","REDACTED FOR PRIVACY","REDACTED FOR PRIVACY","whoiscontact@domainconnection.info","REDACTED FOR PRIVACY","REDACTED FOR PRIVACY","","","","","","","","","","","ns6427.hostgator.com","ns6428.hostgator.com","","","addPeriod","clientTransferProhibited","",""
"14","geperfm.com","2020-05-07 21:03:43","2020-05-06","2020-05-06","2021-05-06","146","GoDaddy.com, LLC","whois.godaddy.com","http://registrar.godaddy.com","","","","","Anzoategui","","Venezuela","","","","","","","","","","","","","","","","","","","","","","","","","","","","","","","","","","ns59.domaincontrol.com","ns60.domaincontrol.com","","","clientDeleteProhibited","clientRenewProhibited","clientTransferProhibited","clientUpdateProhibited"
"15","gprotectiongroup.com","2020-05-07 21:46:17","2020-05-05","2020-05-05","2021-05-05","886","Domain.com, LLC","whois.domain.com","http://www.domain.com","REDACTED FOR PRIVACY","REDACTED FOR PRIVACY","REDACTED FOR PRIVACY","REDACTED FOR PRIVACY","NA","REDACTED FOR PRIVACY","Venezuela","","REDACTED FOR PRIVACY","REDACTED FOR PRIVACY","REDACTED FOR PRIVACY","REDACTED FOR PRIVACY","REDACTED FOR PRIVACY","REDACTED FOR PRIVACY","REDACTED FOR PRIVACY","REDACTED FOR PRIVACY","REDACTED FOR PRIVACY","","REDACTED FOR PRIVACY","REDACTED FOR PRIVACY","REDACTED FOR PRIVACY","REDACTED FOR PRIVACY","REDACTED FOR PRIVACY","REDACTED FOR PRIVACY","REDACTED FOR PRIVACY","REDACTED FOR PRIVACY","REDACTED FOR PRIVACY","","REDACTED FOR PRIVACY","REDACTED FOR PRIVACY","","","","","","","","","","","ns1.yourwebhosting.com","ns2.yourwebhosting.com","","","clientTransferProhibited","clientUpdateProhibited","",""
"16","guias-muonline.com","2020-05-07 01:26:35","2020-05-04","2020-05-04","2021-05-04","433","OVH sas","whois.ovh.com","http://www.ovh.com","REDACTED FOR PRIVACY","","REDACTED FOR PRIVACY","REDACTED FOR PRIVACY","","REDACTED FOR PRIVACY","Venezuela","sfk9dkqtf6etpknblwim@g.o-w-o.info","REDACTED FOR PRIVACY","REDACTED FOR PRIVACY","REDACTED FOR PRIVACY","REDACTED FOR PRIVACY","REDACTED FOR PRIVACY","REDACTED FOR PRIVACY","REDACTED FOR PRIVACY","REDACTED FOR PRIVACY","REDACTED FOR PRIVACY","7q8y633si4d7pg5damti@f.o-w-o.info","REDACTED FOR PRIVACY","REDACTED FOR PRIVACY","REDACTED FOR PRIVACY","REDACTED FOR PRIVACY","REDACTED FOR PRIVACY","REDACTED FOR PRIVACY","REDACTED FOR PRIVACY","REDACTED FOR PRIVACY","REDACTED FOR PRIVACY","7q8y633si4d7pg5damti@f.o-w-o.info","REDACTED FOR PRIVACY","REDACTED FOR PRIVACY","","","","","","","","","","","ns1.hostingwer.com","ns2.hostingwer.com","","","clientDeleteProhibited","clientTransferProhibited","",""
"17","insumosalud.com","2020-05-07 20:11:54","2020-05-05","2020-05-05","2021-05-05","303","PDR Ltd. d/b/a PublicDomainRegistry.com","whois.publicdomainregistry.com","http://www.publicdomainregistry.com","Alberto Lopez","INSUMOSALUD C.A","Puerto Ordaz","Puerto Ordaz","Edo. Bolivar","8050","Venezuela","totalsuplementos3000@gmail.com","+58.4149862649","","Alberto Lopez","INSUMOSALUD C.A","Puerto Ordaz","Puerto Ordaz","Edo. Bolivar","8050","Venezuela","totalsuplementos3000@gmail.com","+58.4149862649","","Alberto Lopez","INSUMOSALUD C.A","Puerto Ordaz","Puerto Ordaz","Edo. Bolivar","8050","Venezuela","totalsuplementos3000@gmail.com","+58.4149862649","","","","","","","","","","","","ns5.tepuyserver.net","ns6.tepuyserver.net","","","clientTransferProhibited","","",""
"18","isahcestudio.com","2020-05-07 19:28:19","2020-05-05","2020-05-05","2021-05-05","303","PDR Ltd. d/b/a PublicDomainRegistry.com","whois.publicdomainregistry.com","http://www.publicdomainregistry.com","Isaias Herrera","","Las Lomas de San Luis parte alta","Valera","Edo Trujillo","3101","Venezuela","globalhostca@yahoo.com","+58.4169460835","","Isaias Herrera","","Las Lomas de San Luis parte alta","Valera","Edo Trujillo","3101","Venezuela","globalhostca@yahoo.com","+58.4169460835","","Isaias Herrera","","Las Lomas de San Luis parte alta","Valera","Edo Trujillo","3101","Venezuela","globalhostca@yahoo.com","+58.4169460835","","","","","","","","","","","","ns7.globalhostla.com","ns8.globalhostla.com","","","clientTransferProhibited","","",""
"19","kuxbrand.com","2020-05-07 20:31:05","2020-05-05","2020-05-05","2021-05-05","303","PDR Ltd. d/b/a PublicDomainRegistry.com","whois.publicdomainregistry.com","http://www.publicdomainregistry.com","Hernan Alvarez","T&I Sinergia, C.A.","Av. Caurimare, Qta. Nro. 21. Urb. Colinas de Bello Monte","Baruta","DC Caracas","1071","Venezuela","haap87@gmail.com","+58.4241732100","","Hernan Alvarez","T&I Sinergia, C.A.","Av. Caurimare, Qta. Nro. 21. Urb. Colinas de Bello Monte","Baruta","DC Caracas","1071","Venezuela","haap87@gmail.com","+58.4241732100","","Hernan Alvarez","T&I Sinergia, C.A.","Av. Caurimare, Qta. Nro. 21. Urb. Colinas de Bello Monte","Baruta","DC Caracas","1071","Venezuela","haap87@gmail.com","+58.4241732100","","","","","","","","","","","","ns25.tepuyserver.net","ns26.tepuyserver.net","","","clientTransferProhibited","","",""
"20","lightsintheway.com","2020-05-07 19:08:32","2020-05-06","2020-05-06","2021-05-06","303","PDR Ltd. d/b/a PublicDomainRegistry.com","whois.publicdomainregistry.com","http://www.publicdomainregistry.com","Estalins Ascencio","Grupo Ascencio BS","casco historico","bolivar","bolivar","8001","Venezuela","estalins@gmail.com","+58.4268966428","","Estalins Ascencio","Grupo Ascencio BS","casco historico","bolivar","bolivar","8001","Venezuela","estalins@gmail.com","+58.4268966428","","Estalins Ascencio","Grupo Ascencio BS","casco historico","bolivar","bolivar","8001","Venezuela","estalins@gmail.com","+58.4268966428","","","","","","","","","","","","ns1.estalins.com","ns2.estalins.com","","","clientTransferProhibited","","",""
"21","maytelucena.com","2020-05-07 19:22:46","2020-05-06","2020-05-06","2021-05-06","146","GoDaddy.com, LLC","whois.godaddy.com","http://registrar.godaddy.com","","","","","Nueva Esparta","","Venezuela","","","","","","","","","","","","","","","","","","","","","","","","","","","","","","","","","","ns4926.banahosting.com","ns4927.banahosting.com","","","clientDeleteProhibited","clientRenewProhibited","clientTransferProhibited","clientUpdateProhibited"
"22","mentemagnificabeats.com","2020-05-07 19:31:00","2020-05-05","2020-05-05","2021-05-05","146","GoDaddy.com, LLC","whois.godaddy.com","http://registrar.godaddy.com","Sonsar Records","Sonsar Records","","","Zulia","","Venezuela","","","","","","","","","","","","","","","","","","","","","","","","","","","","","","","","","","ns71.domaincontrol.com","ns72.domaincontrol.com","","","clientDeleteProhibited","clientRenewProhibited","clientTransferProhibited","clientUpdateProhibited"
"23","merca.red","2020-05-07 22:46:23","2020-05-05","2020-05-06","2022-05-05","146","GoDaddy.com, LLC","whois.godaddy.com","http://registrar.godaddy.com","grupo zucol, c.a.","grupo zucol, c.a.","","","Zulia","","Venezuela","","","","","","","","","","","","","","","","","","","","","","","","","","","","","","","","","","ns29.domaincontrol.com","ns30.domaincontrol.com","","","addPeriod","clientDeleteProhibited","clientRenewProhibited","clientTransferProhibited"
"24","mirestoran.com","2020-05-07 19:30:46","2020-05-05","2020-05-05","2021-05-05","146","GoDaddy.com, LLC","whois.godaddy.com","http://registrar.godaddy.com","Artedigital","Artedigital","","","Miranda","","Venezuela","","","","","","","","","","","","","","","","","","","","","","","","","","","","","","","","","","ns679.websitewelcome.com","ns680.websitewelcome.com","","","clientDeleteProhibited","clientRenewProhibited","clientTransferProhibited","clientUpdateProhibited"
"25","monetizatutiempo.com","2020-05-07 21:32:25","2020-05-06","2020-05-06","2021-05-06","146","GoDaddy.com, LLC","whois.godaddy.com","http://registrar.godaddy.com","","","","","Anzoategui","","Venezuela","","","","","","","","","","","","","","","","","","","","","","","","","","","","","","","","","","ns71.domaincontrol.com","ns72.domaincontrol.com","","","clientDeleteProhibited","clientRenewProhibited","clientTransferProhibited","clientUpdateProhibited"
"26","muoriente.net","2020-05-07 23:13:19","2020-05-06","2020-05-06","2021-05-06","303","PDR Ltd. d/b/a PublicDomainRegistry.com","whois.publicdomainregistry.com","http://www.publicdomainregistry.com","Felix Gomez","Distribuidora Gomez y Hernandez CA","Barrio Sucre calle Guayaquil galpon 6-53","Barcelona","Anzoategui","0000","Venezuela","felixr491@gmail.com","+58.04128796270","","Felix Gomez","Distribuidora Gomez y Hernandez CA","Barrio Sucre calle Guayaquil galpon 6-53","Barcelona","Anzoategui","0000","Venezuela","felixr491@gmail.com","+58.04128796270","","Felix Gomez","Distribuidora Gomez y Hernandez CA","Barrio Sucre calle Guayaquil galpon 6-53","Barcelona","Anzoategui","0000","Venezuela","felixr491@gmail.com","+58.04128796270","","","","","","","","","","","","c.dns40.com","d.dns40.com","","","clientTransferProhibited","","",""
"27","musuacademy.com","2020-05-07 19:32:25","2020-05-05","2020-05-05","2021-05-05","146","GoDaddy.com, LLC","whois.godaddy.com","http://registrar.godaddy.com","","","","","GA","","Venezuela","","","","","","","","","","","","","","","","","","","","","","","","","","","","","","","","","","ns71.domaincontrol.com","ns72.domaincontrol.com","","","clientDeleteProhibited","clientRenewProhibited","clientTransferProhibited","clientUpdateProhibited"
"28","ozonogenerador.net","2020-05-07 23:12:08","2020-05-05","2020-05-05","2021-05-05","379","Arsys Internet, S.L. dba NICLINE.COM","whois.nicline.com","http://www.nicline.com","REDACTED FOR PRIVACY","","REDACTED FOR PRIVACY","REDACTED FOR PRIVACY","SIN PROVINCIA","REDACTED FOR PRIVACY","Venezuela","whoiscontact@domainconnection.info","REDACTED FOR PRIVACY","REDACTED FOR PRIVACY","REDACTED FOR PRIVACY","REDACTED FOR PRIVACY","REDACTED FOR PRIVACY","REDACTED FOR PRIVACY","REDACTED FOR PRIVACY","REDACTED FOR PRIVACY","REDACTED FOR PRIVACY","whoiscontact@domainconnection.info","REDACTED FOR PRIVACY","REDACTED FOR PRIVACY","REDACTED FOR PRIVACY","REDACTED FOR PRIVACY","REDACTED FOR PRIVACY","REDACTED FOR PRIVACY","REDACTED FOR PRIVACY","REDACTED FOR PRIVACY","REDACTED FOR PRIVACY","whoiscontact@domainconnection.info","REDACTED FOR PRIVACY","REDACTED FOR PRIVACY","","","","","","","","","","","ns13.piensasolutions.com","ns14.piensasolutions.com","","","addPeriod","clientTransferProhibited","",""
"29","paolaferrari.com","2020-05-07 21:31:47","2020-05-06","2020-05-06","2021-05-06","69","Tucows Domains Inc.","whois.tucows.com","http://domainhelp.opensrs.net","REDACTED FOR PRIVACY","REDACTED FOR PRIVACY","REDACTED FOR PRIVACY","REDACTED FOR PRIVACY","XX","REDACTED FOR PRIVACY","Venezuela","","REDACTED FOR PRIVACY","REDACTED FOR PRIVACY","REDACTED FOR PRIVACY","REDACTED FOR PRIVACY","REDACTED FOR PRIVACY","REDACTED FOR PRIVACY","REDACTED FOR PRIVACY","REDACTED FOR PRIVACY","REDACTED FOR PRIVACY","","REDACTED FOR PRIVACY","REDACTED FOR PRIVACY","REDACTED FOR PRIVACY","REDACTED FOR PRIVACY","REDACTED FOR PRIVACY","REDACTED FOR PRIVACY","REDACTED FOR PRIVACY","REDACTED FOR PRIVACY","REDACTED FOR PRIVACY","","REDACTED FOR PRIVACY","REDACTED FOR PRIVACY","","","","","","","","","","","ns1.giow1084.siteground.us","ns2.giow1084.siteground.us","","","clientTransferProhibited","clientUpdateProhibited","",""
"30","personayproyecto.com","2020-05-07 19:32:26","2020-05-05","2020-05-05","2021-05-05","1383","Soluciones Corporativas IP, SLU","whois.scip.es","http://www.dondominio.com","REDACTED FOR PRIVACY","","REDACTED FOR PRIVACY","REDACTED FOR PRIVACY","Lara","REDACTED FOR PRIVACY","Venezuela","","REDACTED FOR PRIVACY","REDACTED FOR PRIVACY","REDACTED FOR PRIVACY","REDACTED FOR PRIVACY","REDACTED FOR PRIVACY","REDACTED FOR PRIVACY","REDACTED FOR PRIVACY","REDACTED FOR PRIVACY","REDACTED FOR PRIVACY","","REDACTED FOR PRIVACY","REDACTED FOR PRIVACY","REDACTED FOR PRIVACY","REDACTED FOR PRIVACY","REDACTED FOR PRIVACY","REDACTED FOR PRIVACY","REDACTED FOR PRIVACY","REDACTED FOR PRIVACY","REDACTED FOR PRIVACY","","REDACTED FOR PRIVACY","REDACTED FOR PRIVACY","","","","","","","","","","","ns3051.webempresa.eu","ns3052.webempresa.eu","","","OK","","",""
"31","recargavoz.com","2020-05-07 01:33:39","2020-05-04","2020-05-04","2021-05-04","303","PDR Ltd. d/b/a PublicDomainRegistry.com","whois.publicdomainregistry.com","http://www.publicdomainregistry.com","Rafael Guzman","gss","av merida casa n 54  51 valencia","valencia","carabobo","2001","Venezuela","guzmantm@hotmail.com","+58.4244013911","","Rafael Guzman","gss","av merida casa n 54  51 valencia","valencia","carabobo","2001","Venezuela","guzmantm@hotmail.com","+58.4244013911","","Rafael Guzman","gss","av merida casa n 54  51 valencia","valencia","carabobo","2001","Venezuela","guzmantm@hotmail.com","+58.4244013911","","","","","","","","","","","","ns7.conectarhosting.com","ns8.conectarhosting.com","","","clientTransferProhibited","","",""
"32","richaffiliateplugin.com","2020-05-07 21:32:44","2020-05-06","2020-05-06","2021-05-06","1005","NetEarth One Inc. d/b/a NetEarth","whois.advancedregistrar.com","http://www.netearthone.com","Mijael Fandino","","Sector Cumbote, Primer Ramal, Calle Z","Colonia Tovar","Aragua","1030","Venezuela","graficosmijael@gmail.com","+58.4262999914","","Mijael Fandino","","Sector Cumbote, Primer Ramal, Calle Z","Colonia Tovar","Aragua","1030","Venezuela","graficosmijael@gmail.com","+58.4262999914","","Mijael Fandino","","Sector Cumbote, Primer Ramal, Calle Z","Colonia Tovar","Aragua","1030","Venezuela","graficosmijael@gmail.com","+58.4262999914","","","","","","","","","","","","ns9040.banahosting.com","ns9041.banahosting.com","","","clientTransferProhibited","","",""
"33","sdmsmarketing.com","2020-05-07 21:24:48","2020-05-06","2020-05-06","2021-05-06","146","GoDaddy.com, LLC","whois.godaddy.com","http://registrar.godaddy.com","","","","","Anzoategui","","Venezuela","","","","","","","","","","","","","","","","","","","","","","","","","","","","","","","","","","ns71.domaincontrol.com","ns72.domaincontrol.com","","","clientDeleteProhibited","clientRenewProhibited","clientTransferProhibited","clientUpdateProhibited"
"34","sintabu.net","2020-05-07 23:10:57","2020-05-05","2020-05-05","2023-05-05","303","PDR Ltd. d/b/a PublicDomainRegistry.com","whois.publicdomainregistry.com","http://www.publicdomainregistry.com","Tomas Hernandez","Tomas Hernandez","La Mora Urb Los Bucares","Cabudare","Lara","3023","Venezuela","hernandeztsk@gmail.com","+58.4126741220","","Tomas Hernandez","Tomas Hernandez","La Mora Urb Los Bucares","Cabudare","Lara","3023","Venezuela","hernandeztsk@gmail.com","+58.4126741220","","Tomas Hernandez","Tomas Hernandez","La Mora Urb Los Bucares","Cabudare","Lara","3023","Venezuela","hernandeztsk@gmail.com","+58.4126741220","","","","","","","","","","","","ns1.dns-parking.com","ns2.dns-parking.com","","","clientTransferProhibited","","",""
"35","socialbranders.club","2020-05-07 06:32:16","2020-05-04","2020-05-04","2021-05-04","146","GoDaddy.com, LLC","whois.godaddy.com","http://registrar.godaddy.com","","","","","Tachira","","Venezuela","","","","","","","","","","","","","","","","","","","","","","","","","","","","","","","","","","ns77.domaincontrol.com","ns78.domaincontrol.com","","","addPeriod","clientDeleteProhibited","clientRenewProhibited","clientTransferProhibited"
"36","supernova1039.com","2020-05-07 19:21:36","2020-05-06","2020-05-06","2021-05-06","303","PDR Ltd. d/b/a PublicDomainRegistry.com","whois.publicdomainregistry.com","http://www.publicdomainregistry.com","Alejandro Farias Ruiz","Supernova 103.9 FM C.A","CC Oasis, Piso 2 Local 1","Guatire","Miranda","1221","Venezuela","globalhostca@yahoo.com","+58.4122477029","","Alejandro Farias Ruiz","Supernova 103.9 FM C.A","CC Oasis, Piso 2 Local 1","Guatire","Miranda","1221","Venezuela","globalhostca@yahoo.com","+58.4122477029","","Alejandro Farias Ruiz","Supernova 103.9 FM C.A","CC Oasis, Piso 2 Local 1","Guatire","Miranda","1221","Venezuela","globalhostca@yahoo.com","+58.4122477029","","","","","","","","","","","","ns7.globalhostla.com","ns8.globalhostla.com","","","clientTransferProhibited","","",""
"37","topango.agency","2020-05-07 14:36:22","2020-05-06","2020-05-06","2021-05-06","146","GoDaddy.com, LLC","whois.godaddy.com","http://registrar.godaddy.com","REDACTED FOR PRIVACY","","REDACTED FOR PRIVACY","REDACTED FOR PRIVACY","(choose one)","REDACTED FOR PRIVACY","Venezuela","","REDACTED FOR PRIVACY","REDACTED FOR PRIVACY","","","","","","","","","","","","","","","","","","","","","","","","","","","","","","","","","","","addPeriod","clientDeleteProhibited","clientRenewProhibited","clientTransferProhibited"
"38","toyoprado.com","2020-05-07 20:09:59","2020-05-05","2020-05-05","2021-05-05","303","PDR Ltd. d/b/a PublicDomainRegistry.com","whois.publicdomainregistry.com","http://www.publicdomainregistry.com","Ives Ojeda","Toyoprado Repuestos C.A","Av. Los Bucares con Louis Braille Urb. Prado de Maria","Caracas","Distrito Capital","1040","Venezuela","globalhostca@yahoo.com","+58.4122901522","","Ives Ojeda","Toyoprado Repuestos C.A","Av. Los Bucares con Louis Braille Urb. Prado de Maria","Caracas","Distrito Capital","1040","Venezuela","globalhostca@yahoo.com","+58.4122901522","","Ives Ojeda","Toyoprado Repuestos C.A","Av. Los Bucares con Louis Braille Urb. Prado de Maria","Caracas","Distrito Capital","1040","Venezuela","globalhostca@yahoo.com","+58.4122901522","","","","","","","","","","","","ns3.globalhostla.com","ns4.globalhostla.com","","","clientTransferProhibited","","",""
"39","tuabogadodigital.net","2020-05-07 05:43:44","2020-05-05","2020-05-05","2021-05-05","48","eNom, Inc.","whois.enom.com","http://www.enom.com","REDACTED FOR PRIVACY","REDACTED FOR PRIVACY","REDACTED FOR PRIVACY","REDACTED FOR PRIVACY","El Hatillo","REDACTED FOR PRIVACY","Venezuela","","REDACTED FOR PRIVACY","REDACTED FOR PRIVACY","REDACTED FOR PRIVACY","REDACTED FOR PRIVACY","REDACTED FOR PRIVACY","REDACTED FOR PRIVACY","REDACTED FOR PRIVACY","REDACTED FOR PRIVACY","REDACTED FOR PRIVACY","","REDACTED FOR PRIVACY","REDACTED FOR PRIVACY","REDACTED FOR PRIVACY","REDACTED FOR PRIVACY","REDACTED FOR PRIVACY","REDACTED FOR PRIVACY","REDACTED FOR PRIVACY","REDACTED FOR PRIVACY","REDACTED FOR PRIVACY","","REDACTED FOR PRIVACY","REDACTED FOR PRIVACY","","","","","","","","","","","ns1.venehosting.com","ns2.venehosting.com","ns3.venehosting.com","","addPeriod","clientTransferProhibited","",""
"40","tuestilobella.com","2020-05-07 21:32:33","2020-05-06","2020-05-06","2021-05-06","303","PDR Ltd. d/b/a PublicDomainRegistry.com","whois.publicdomainregistry.com","http://www.publicdomainregistry.com","Maria Yamileth Contreras","","Caracas","Caracas","Distrito Capital","1010","Venezuela","yamileth@hotmail.com","+58.00000000","","Maria Yamileth Contreras","","Caracas","Caracas","Distrito Capital","1010","Venezuela","yamileth@hotmail.com","+58.00000000","","Maria Yamileth Contreras","","Caracas","Caracas","Distrito Capital","1010","Venezuela","yamileth@hotmail.com","+58.00000000","","","","","","","","","","","","ns1.wnetserver.com","ns2.wnetserver.com","","","clientTransferProhibited","","",""
"41","universidadtfc.com","2020-05-07 19:08:33","2020-05-06","2020-05-06","2021-05-06","303","PDR Ltd. d/b/a PublicDomainRegistry.com","whois.publicdomainregistry.com","http://www.publicdomainregistry.com","Estalins Ascencio","Grupo Ascencio BS","casco historico","bolivar","bolivar","8001","Venezuela","estalins@gmail.com","+58.4268966428","","Estalins Ascencio","Grupo Ascencio BS","casco historico","bolivar","bolivar","8001","Venezuela","estalins@gmail.com","+58.4268966428","","Estalins Ascencio","Grupo Ascencio BS","casco historico","bolivar","bolivar","8001","Venezuela","estalins@gmail.com","+58.4268966428","","","","","","","","","","","","ns1.estalins.com","ns2.estalins.com","","","clientTransferProhibited","","",""
"42","valehub.com","2020-05-07 20:22:56","2020-05-05","2020-05-05","2021-05-05","146","GoDaddy.com, LLC","whois.godaddy.com","http://registrar.godaddy.com","","","","","Bolivar","","Venezuela","","","","","","","","","","","","","","","","","","","","","","","","","","","","","","","","","","ns31.domaincontrol.com","ns32.domaincontrol.com","","","clientDeleteProhibited","clientRenewProhibited","clientTransferProhibited","clientUpdateProhibited"
"43","valerizainternacional.com","2020-05-07 21:31:14","2020-05-06","2020-05-06","2021-05-06","303","PDR Ltd. d/b/a PublicDomainRegistry.com","whois.publicdomainregistry.com","http://www.publicdomainregistry.com","Adriana Torres","RESILIO, C.A.","CALLE SAN FELIX NUMERO 70 DELICIAS NUEVAS","CABIMAS","ZULIA","4013","Venezuela","torrefanet@gmail.com","+58.4246173446","","Adriana Torres","RESILIO, C.A.","CALLE SAN FELIX NUMERO 70 DELICIAS NUEVAS","CABIMAS","ZULIA","4013","Venezuela","torrefanet@gmail.com","+58.4246173446","","Adriana Torres","RESILIO, C.A.","CALLE SAN FELIX NUMERO 70 DELICIAS NUEVAS","CABIMAS","ZULIA","4013","Venezuela","torrefanet@gmail.com","+58.4246173446","","","","","","","","","","","","ns3.vnzservers.com","ns4.vnzservers.com","","","clientTransferProhibited","","",""
"44","vidaplenaenti.com","2020-05-07 20:30:14","2020-05-05","2020-05-05","2021-05-05","1383","Soluciones Corporativas IP, SLU","whois.scip.es","http://www.dondominio.com","REDACTED FOR PRIVACY","","REDACTED FOR PRIVACY","REDACTED FOR PRIVACY","Lara","REDACTED FOR PRIVACY","Venezuela","","REDACTED FOR PRIVACY","REDACTED FOR PRIVACY","REDACTED FOR PRIVACY","REDACTED FOR PRIVACY","REDACTED FOR PRIVACY","REDACTED FOR PRIVACY","REDACTED FOR PRIVACY","REDACTED FOR PRIVACY","REDACTED FOR PRIVACY","","REDACTED FOR PRIVACY","REDACTED FOR PRIVACY","REDACTED FOR PRIVACY","REDACTED FOR PRIVACY","REDACTED FOR PRIVACY","REDACTED FOR PRIVACY","REDACTED FOR PRIVACY","REDACTED FOR PRIVACY","REDACTED FOR PRIVACY","","REDACTED FOR PRIVACY","REDACTED FOR PRIVACY","","","","","","","","","","","ns3051.webempresa.eu","ns3052.webempresa.eu","","","OK","","",""
"45","webap.pro","2020-05-07 22:46:24","2020-05-06","2020-05-07","2021-05-06","146","GoDaddy.com, LLC","whois.godaddy.com","http://registrar.godaddy.com","tu mercado online","tu mercado online","","","Aragua","","Venezuela","","","","","","","","","","","","","","","","","","","","","","","","","","","","","","","","","","fiona.ns.cloudflare.com","ryan.ns.cloudflare.com","","","addPeriod","clientDeleteProhibited","clientRenewProhibited","clientTransferProhibited"