"num","domain_name","query_time","create_date","update_date","expiry_date","domain_registrar_id","domain_registrar_name","domain_registrar_whois","domain_registrar_url","registrant_name","registrant_company","registrant_address","registrant_city","registrant_state","registrant_zip","registrant_country","registrant_email","registrant_phone","registrant_fax","administrative_name","administrative_company","administrative_address","administrative_city","administrative_state","administrative_zip","administrative_country","administrative_email","administrative_phone","administrative_fax","technical_name","technical_company","technical_address","technical_city","technical_state","technical_zip","technical_country","technical_email","technical_phone","technical_fax","billing_name","billing_company","billing_address","billing_city","billing_state","billing_zip","billing_country","billing_email","billing_phone","billing_fax","name_server_1","name_server_2","name_server_3","name_server_4","domain_status_1","domain_status_2","domain_status_3","domain_status_4"
"1","4x4beyond.com","2020-05-11 20:07:56","2020-05-09","2020-05-09","2021-05-09","13","Melbourne IT, Ltd","whois.melbourneit.com","http://www.melbourneit.com","My Private Registration","My Private Registration","PO BOX 270","Broadway","NSW","2007","Australia","4x4beyond.com@domainprivacyservice.com.au","+61.299340501","","My Private Registration","My Private Registration","PO BOX 270","Broadway","NSW","2007","Australia","4x4beyond.com@domainprivacyservice.com.au","+61.299340501","","My Private Registration","My Private Registration","PO BOX 270","Broadway","NSW","2007","Australia","4x4beyond.com@domainprivacyservice.com.au","+61.299340501","","","","","","","","","","","","ns1.netregistry.net","ns2.netregistry.net","ns3.netregistry.net","","OK","","",""
"2","abu-dhabi.trade","2020-05-11 09:36:26","2020-05-08","2020-05-08","2021-05-08","625","Name.com, Inc.","whois.name.com","http://www.name.com","Local Merchant Services Limited","Local Merchant Services Limited","","","Melbourne","","Australia","","","","","","","","","","","","","","","","","","","","","","","","","","","","","","","","","","ns1hwy.name.com","ns2cvx.name.com","ns3gnv.name.com","ns4hmp.name.com","addPeriod","clientTransferProhibited","",""
"3","adsplashdigital.com","2020-05-11 20:00:39","2020-05-08","2020-05-09","2021-05-08","1291","Crazy Domains FZ-LLC","whois.crazydomains.com","http://www.crazydomains.com","DEBORAH KNIGHT","DEBORAH LEIGH KNIGHT","23 CAMERON ST","EAST MACKAY","QLD","4740","Australia","debbie@lurecreative.com.au","+61.0409441640","","DEBORAH KNIGHT","DEBORAH LEIGH KNIGHT","23 CAMERON ST","EAST MACKAY","QLD","4740","Australia","debbie@lurecreative.com.au","+61.0409441640","","DEBORAH KNIGHT","DEBORAH LEIGH KNIGHT","23 CAMERON ST","EAST MACKAY","QLD","4740","Australia","debbie@lurecreative.com.au","+61.0409441640","","","","","","","","","","","","ns1.secureparkme.com","ns2.secureparkme.com","","","OK","","",""
"4","aichampions.cloud","2020-05-11 20:47:28","2020-05-05","2020-05-10","2021-05-05","146","GoDaddy.com, LLC","whois.godaddy.com","http://registrar.godaddy.com","High Profile International","High Profile International","","","New South Wales","","Australia","","","","","","","","","","","","","","","","","","","","","","","","","","","","","","","","","","ns41.domaincontrol.com","ns42.domaincontrol.com","","","clientDeleteProhibited","clientRenewProhibited","clientTransferProhibited","clientUpdateProhibited"
"5","akure.trade","2020-05-11 09:36:20","2020-05-09","2020-05-09","2021-05-09","625","Name.com, Inc.","whois.name.com","http://www.name.com","Local Merchant Services Limited","Local Merchant Services Limited","","","Melbourne","","Australia","","","","","","","","","","","","","","","","","","","","","","","","","","","","","","","","","","ns1hwy.name.com","ns2cvx.name.com","ns3gnv.name.com","ns4hmp.name.com","addPeriod","clientTransferProhibited","",""
"6","ankara.trade","2020-05-11 09:36:20","2020-05-08","2020-05-08","2021-05-08","625","Name.com, Inc.","whois.name.com","http://www.name.com","Local Merchant Services Limited","Local Merchant Services Limited","","","Melbourne","","Australia","","","","","","","","","","","","","","","","","","","","","","","","","","","","","","","","","","ns1hwy.name.com","ns2cvx.name.com","ns3gnv.name.com","ns4hmp.name.com","addPeriod","clientTransferProhibited","",""
"7","appliedknitting.com","2020-05-11 19:56:29","2020-05-09","2020-05-09","2021-05-09","146","GoDaddy.com, LLC","whois.godaddy.com","http://registrar.godaddy.com","","","","","Victoria","","Australia","","","","","","","","","","","","","","","","","","","","","","","","","","","","","","","","","","ns1.webfaction.com","ns2.webfaction.com","ns3.webfaction.com","ns4.webfaction.com","clientDeleteProhibited","clientRenewProhibited","clientTransferProhibited","clientUpdateProhibited"
"8","badgirlrae.com","2020-05-11 20:14:36","2020-05-08","2020-05-08","2021-05-08","146","GoDaddy.com, LLC","whois.godaddy.com","http://registrar.godaddy.com","2002","2002","","","Australian Capital Territory","","Australia","","","","","","","","","","","","","","","","","","","","","","","","","","","","","","","","","","ns55.domaincontrol.com","ns56.domaincontrol.com","","","clientDeleteProhibited","clientRenewProhibited","clientTransferProhibited","clientUpdateProhibited"
"9","baltimore.trade","2020-05-11 09:36:18","2020-05-08","2020-05-08","2021-05-08","625","Name.com, Inc.","whois.name.com","http://www.name.com","Local Merchant Services Limited","Local Merchant Services Limited","","","Melbourne","","Australia","","","","","","","","","","","","","","","","","","","","","","","","","","","","","","","","","","ns1hwy.name.com","ns2cvx.name.com","ns3gnv.name.com","ns4hmp.name.com","addPeriod","clientTransferProhibited","",""
"10","bandarseribegawan.trade","2020-05-11 09:36:18","2020-05-08","2020-05-08","2021-05-08","625","Name.com, Inc.","whois.name.com","http://www.name.com","Local Merchant Services Limited","Local Merchant Services Limited","","","Melbourne","","Australia","","","","","","","","","","","","","","","","","","","","","","","","","","","","","","","","","","ns1hwy.name.com","ns2cvx.name.com","ns3gnv.name.com","ns4hmp.name.com","addPeriod","clientTransferProhibited","",""
"11","belgrade.trade","2020-05-11 09:36:18","2020-05-08","2020-05-08","2021-05-08","625","Name.com, Inc.","whois.name.com","http://www.name.com","Local Merchant Services Limited","Local Merchant Services Limited","","","Melbourne","","Australia","","","","","","","","","","","","","","","","","","","","","","","","","","","","","","","","","","ns1hwy.name.com","ns2cvx.name.com","ns3gnv.name.com","ns4hmp.name.com","addPeriod","clientTransferProhibited","",""
"12","bishoftulake.com","2020-05-11 19:57:02","2020-05-09","2020-05-09","2021-05-09","303","PDR Ltd. d/b/a PublicDomainRegistry.com","whois.publicdomainregistry.com","http://www.publicdomainregistry.com","Techno Bros.","Techno Bros.","Victoria","Melbourne","Victoria","3011","Australia","dns@technobros.net","+61.385977084","","Techno Bros.","Techno Bros.","Victoria","Melbourne","Victoria","3011","Australia","dns@technobros.net","+61.385977084","","Techno Bros.","Techno Bros.","Victoria","Melbourne","Victoria","3011","Australia","dns@technobros.net","+61.385977084","","","","","","","","","","","","ns1.techno-bros.info","ns2.techno-bros.info","","","clientTransferProhibited","","",""
"13","brasilia.trade","2020-05-11 09:36:16","2020-05-08","2020-05-08","2021-05-08","625","Name.com, Inc.","whois.name.com","http://www.name.com","Local Merchant Services Limited","Local Merchant Services Limited","","","Melbourne","","Australia","","","","","","","","","","","","","","","","","","","","","","","","","","","","","","","","","","ns1hwy.name.com","ns2cvx.name.com","ns3gnv.name.com","ns4hmp.name.com","addPeriod","clientTransferProhibited","",""
"14","buildersboq.com","2020-05-11 20:05:10","2020-05-09","2020-05-09","2021-05-09","13","Melbourne IT, Ltd","whois.melbourneit.com","http://www.melbourneit.com","REDACTED FOR PRIVACY","REDACTED FOR PRIVACY","REDACTED FOR PRIVACY","REDACTED FOR PRIVACY","QLD","REDACTED FOR PRIVACY","Australia","","REDACTED FOR PRIVACY","REDACTED FOR PRIVACY","REDACTED FOR PRIVACY","REDACTED FOR PRIVACY","REDACTED FOR PRIVACY","REDACTED FOR PRIVACY","REDACTED FOR PRIVACY","REDACTED FOR PRIVACY","REDACTED FOR PRIVACY","","REDACTED FOR PRIVACY","REDACTED FOR PRIVACY","REDACTED FOR PRIVACY","REDACTED FOR PRIVACY","REDACTED FOR PRIVACY","REDACTED FOR PRIVACY","REDACTED FOR PRIVACY","REDACTED FOR PRIVACY","REDACTED FOR PRIVACY","","REDACTED FOR PRIVACY","REDACTED FOR PRIVACY","","","","","","","","","","","ns1.netregistry.net","ns2.netregistry.net","ns3.netregistry.net","","OK","","",""
"15","cape-verde.trade","2020-05-11 09:36:15","2020-05-09","2020-05-09","2021-05-09","625","Name.com, Inc.","whois.name.com","http://www.name.com","Local Merchant Services Limited","Local Merchant Services Limited","","","Melbourne","","Australia","","","","","","","","","","","","","","","","","","","","","","","","","","","","","","","","","","ns1hwy.name.com","ns2cvx.name.com","ns3gnv.name.com","ns4hmp.name.com","addPeriod","clientTransferProhibited","",""
"16","charlotte.trade","2020-05-11 09:36:14","2020-05-08","2020-05-08","2021-05-08","625","Name.com, Inc.","whois.name.com","http://www.name.com","Local Merchant Services Limited","Local Merchant Services Limited","","","Melbourne","","Australia","","","","","","","","","","","","","","","","","","","","","","","","","","","","","","","","","","ns1hwy.name.com","ns2cvx.name.com","ns3gnv.name.com","ns4hmp.name.com","addPeriod","clientTransferProhibited","",""
"17","craftsmidwales.com","2020-05-11 19:55:35","2020-05-09","2020-05-09","2021-05-09","146","GoDaddy.com, LLC","whois.godaddy.com","http://registrar.godaddy.com","azmatt","azmatt","","","Queensland","","Australia","","","","","","","","","","","","","","","","","","","","","","","","","","","","","","","","","","ns1.sgp101.siteground.asia","ns2.sgp101.siteground.asia","","","clientDeleteProhibited","clientRenewProhibited","clientTransferProhibited","clientUpdateProhibited"
"18","cranechains.com","2020-05-11 20:05:00","2020-05-09","2020-05-09","2025-05-09","13","Melbourne IT, Ltd","whois.melbourneit.com","http://www.melbourneit.com","REDACTED FOR PRIVACY","REDACTED FOR PRIVACY","REDACTED FOR PRIVACY","REDACTED FOR PRIVACY","QLD","REDACTED FOR PRIVACY","Australia","","REDACTED FOR PRIVACY","REDACTED FOR PRIVACY","REDACTED FOR PRIVACY","REDACTED FOR PRIVACY","REDACTED FOR PRIVACY","REDACTED FOR PRIVACY","REDACTED FOR PRIVACY","REDACTED FOR PRIVACY","REDACTED FOR PRIVACY","","REDACTED FOR PRIVACY","REDACTED FOR PRIVACY","REDACTED FOR PRIVACY","REDACTED FOR PRIVACY","REDACTED FOR PRIVACY","REDACTED FOR PRIVACY","REDACTED FOR PRIVACY","REDACTED FOR PRIVACY","REDACTED FOR PRIVACY","","REDACTED FOR PRIVACY","REDACTED FOR PRIVACY","","","","","","","","","","","ns1.netregistry.net","ns2.netregistry.net","ns3.netregistry.net","","OK","","",""
"19","crudeoil.trade","2020-05-11 09:36:16","2020-05-09","2020-05-09","2021-05-09","625","Name.com, Inc.","whois.name.com","http://www.name.com","Local Merchant Services Limited","Local Merchant Services Limited","","","Melbourne","","Australia","","","","","","","","","","","","","","","","","","","","","","","","","","","","","","","","","","ns1hwy.name.com","ns2cvx.name.com","ns3gnv.name.com","ns4hmp.name.com","addPeriod","clientTransferProhibited","",""
"20","customlabworkflows.science","2020-05-11 07:23:33","2020-05-09","2020-05-09","2021-05-09","1291","Crazy Domains FZ-LLC","whois.crazydomains.com","http://www.crazydomains.com","Private Registry Authority","Private Registry Authority","","","NSW","","Australia","","","","","","","","","","","","","","","","","","","","","","","","","","","","","","","","","","ns1.crazydomains.com","ns2.crazydomains.com","","","addPeriod","ok","",""
"21","cuvano.com","2020-05-11 20:04:10","2020-05-08","2020-05-09","2022-05-08","1291","Crazy Domains FZ-LLC","whois.crazydomains.com","http://www.crazydomains.com","DOMAIN ADMINISTRATOR","PRIVATE REGISTRY AUTHORITY","PO BOX A2191","SYDNEY SOUTH","NSW","2000","Australia","domains@privateregistryauthority.com","+61.290372826","+61.290372826","DOMAIN ADMINISTRATOR","PRIVATE REGISTRY AUTHORITY","PO BOX A2191","SYDNEY SOUTH","NSW","2000","Australia","domains@privateregistryauthority.com","+61.290372826","+61.290372826","DOMAIN ADMINISTRATOR","PRIVATE REGISTRY AUTHORITY","PO BOX A2191","SYDNEY SOUTH","NSW","2000","Australia","domains@privateregistryauthority.com","+61.290372826","","","","","","","","","","","","ns1.coaxialhosting.com","ns2.coaxialhosting.com","","","clientTransferProhibited","","",""
"22","derma-glow.com","2020-05-11 20:07:09","2020-05-09","2020-05-09","2021-05-09","146","GoDaddy.com, LLC","whois.godaddy.com","http://registrar.godaddy.com","","","","","Queensland","","Australia","","","","","","","","","","","","","","","","","","","","","","","","","","","","","","","","","","ns55.domaincontrol.com","ns56.domaincontrol.com","","","clientDeleteProhibited","clientRenewProhibited","clientTransferProhibited","clientUpdateProhibited"
"23","detroit.trade","2020-05-11 09:36:09","2020-05-08","2020-05-08","2021-05-08","625","Name.com, Inc.","whois.name.com","http://www.name.com","Local Merchant Services Limited","Local Merchant Services Limited","","","Melbourne","","Australia","","","","","","","","","","","","","","","","","","","","","","","","","","","","","","","","","","ns1hwy.name.com","ns2cvx.name.com","ns3gnv.name.com","ns4hmp.name.com","addPeriod","clientTransferProhibited","",""
"24","dhaka.trade","2020-05-11 09:36:10","2020-05-08","2020-05-08","2021-05-08","625","Name.com, Inc.","whois.name.com","http://www.name.com","Local Merchant Services Limited","Local Merchant Services Limited","","","Melbourne","","Australia","","","","","","","","","","","","","","","","","","","","","","","","","","","","","","","","","","ns1hwy.name.com","ns2cvx.name.com","ns3gnv.name.com","ns4hmp.name.com","addPeriod","clientTransferProhibited","",""
"25","each2theirown.com","2020-05-11 20:02:35","2020-05-08","2020-05-09","2021-05-08","1291","Crazy Domains FZ-LLC","whois.crazydomains.com","http://www.crazydomains.com","PETER CHARLETON","PETER CHARLETON","1927 MELBA HIGHWAY","DIXONS CREEK","VIC","3775","Australia","website3@hotmail.com.au","+0.400655102","","PETER CHARLETON","PETER CHARLETON","1927 MELBA HIGHWAY","DIXONS CREEK","VIC","3775","Australia","website3@hotmail.com.au","+0.400655102","+61.0477419270","PETER CHARLETON","PETER CHARLETON","1927 MELBA HIGHWAY","DIXONS CREEK","VIC","3775","Australia","website3@hotmail.com.au","+0.400655102","+61.0477419270","","","","","","","","","","","rs1.net.au","rs2.net.au","rs3.net.au","","OK","","",""
"26","eatsfirst.com","2020-05-11 20:09:31","2020-05-09","2020-05-09","2021-05-09","146","GoDaddy.com, LLC","whois.godaddy.com","http://registrar.godaddy.com","Penguin 3 Pty Ltd","Penguin 3 Pty Ltd","","","Queensland","","Australia","","","","","","","","","","","","","","","","","","","","","","","","","","","","","","","","","","ns59.domaincontrol.com","ns60.domaincontrol.com","","","clientDeleteProhibited","clientRenewProhibited","clientTransferProhibited","clientUpdateProhibited"
"27","elizabethgaltpsychology.com","2020-05-11 19:55:00","2020-05-09","2020-05-09","2022-05-09","13","Melbourne IT, Ltd","whois.melbourneit.com","http://www.melbourneit.com","My Private Registration","My Private Registration","PO BOX 270","Broadway","NSW","2007","Australia","elizabethgaltpsychology.com@domainprivacyservice.com.au","+61.299340501","","My Private Registration","My Private Registration","PO BOX 270","Broadway","NSW","2007","Australia","elizabethgaltpsychology.com@domainprivacyservice.com.au","+61.299340501","","My Private Registration","My Private Registration","PO BOX 270","Broadway","NSW","2007","Australia","elizabethgaltpsychology.com@domainprivacyservice.com.au","+61.299340501","","","","","","","","","","","","ns1.netregistry.net","ns2.netregistry.net","ns3.netregistry.net","","OK","","",""
"28","epicmid-vplay.com","2020-05-11 20:40:05","2020-05-11","2020-05-11","2021-05-11","1647","Hosting Concepts B.V. dba Openprovider","whois.registrar.eu","http://www.openprovider.com","REDACTED FOR PRIVACY","Northside Wheels Inc","REDACTED FOR PRIVACY","REDACTED FOR PRIVACY","","REDACTED FOR PRIVACY","Australia","","REDACTED FOR PRIVACY","REDACTED FOR PRIVACY","REDACTED FOR PRIVACY","REDACTED FOR PRIVACY","REDACTED FOR PRIVACY","REDACTED FOR PRIVACY","REDACTED FOR PRIVACY","REDACTED FOR PRIVACY","REDACTED FOR PRIVACY","","REDACTED FOR PRIVACY","REDACTED FOR PRIVACY","REDACTED FOR PRIVACY","REDACTED FOR PRIVACY","REDACTED FOR PRIVACY","REDACTED FOR PRIVACY","REDACTED FOR PRIVACY","REDACTED FOR PRIVACY","REDACTED FOR PRIVACY","","REDACTED FOR PRIVACY","REDACTED FOR PRIVACY","","","","","","","","","","","ns1.inpctswrkmey.com","ns2.inpctswrkmey.com","","","clientTransferProhibited","ok","",""
"29","essentialoilsideas.com","2020-05-11 20:06:08","2020-05-09","2020-05-09","2021-05-09","1291","Crazy Domains FZ-LLC","whois.crazydomains.com","http://www.crazydomains.com","RON KERR","KERR SOFTWARE","4 JOHINKE COURT","MODBURY HEIGHTS","SA","5092","Australia","ron@ronaldkerr.com","+61.882647347","","RON KERR","KERR SOFTWARE","4 JOHINKE COURT","MODBURY HEIGHTS","SA","5092","Australia","ron@ronaldkerr.com","+61.882647347","","RON KERR","KERR SOFTWARE","4 JOHINKE COURT","MODBURY HEIGHTS","SA","5092","Australia","ron@ronaldkerr.com","+61.882647347","","","","","","","","","","","","ns1.a2hosting.com","ns2.a2hosting.com","ns3.a2hosting.com","ns4.a2hosting.com","OK","","",""
"30","fakeandfree.com","2020-05-11 20:10:52","2020-05-09","2020-05-09","2025-05-09","146","GoDaddy.com, LLC","whois.godaddy.com","http://registrar.godaddy.com","","","","","Queensland","","Australia","","","","","","","","","","","","","","","","","","","","","","","","","","","","","","","","","","ns15.domaincontrol.com","ns16.domaincontrol.com","","","clientDeleteProhibited","clientRenewProhibited","clientTransferProhibited","clientUpdateProhibited"
"31","farkdutton.com","2020-05-11 20:02:35","2020-05-08","2020-05-09","2021-05-08","1291","Crazy Domains FZ-LLC","whois.crazydomains.com","http://www.crazydomains.com","PETER CHARLETON","PETER CHARLETON","1927 MELBA HIGHWAY","DIXONS CREEK","VIC","3775","Australia","website3@hotmail.com.au","+0.400655102","","PETER CHARLETON","PETER CHARLETON","1927 MELBA HIGHWAY","DIXONS CREEK","VIC","3775","Australia","website3@hotmail.com.au","+0.400655102","+61.0477419270","PETER CHARLETON","PETER CHARLETON","1927 MELBA HIGHWAY","DIXONS CREEK","VIC","3775","Australia","website3@hotmail.com.au","+0.400655102","+61.0477419270","","","","","","","","","","","rs1.net.au","rs2.net.au","rs3.net.au","","OK","","",""
"32","flixrmedia.com","2020-05-11 20:06:50","2020-05-09","2020-05-09","2022-05-09","13","Melbourne IT, Ltd","whois.melbourneit.com","http://www.melbourneit.com","REDACTED FOR PRIVACY","REDACTED FOR PRIVACY","REDACTED FOR PRIVACY","REDACTED FOR PRIVACY","QLD","REDACTED FOR PRIVACY","Australia","","REDACTED FOR PRIVACY","REDACTED FOR PRIVACY","REDACTED FOR PRIVACY","REDACTED FOR PRIVACY","REDACTED FOR PRIVACY","REDACTED FOR PRIVACY","REDACTED FOR PRIVACY","REDACTED FOR PRIVACY","REDACTED FOR PRIVACY","","REDACTED FOR PRIVACY","REDACTED FOR PRIVACY","REDACTED FOR PRIVACY","REDACTED FOR PRIVACY","REDACTED FOR PRIVACY","REDACTED FOR PRIVACY","REDACTED FOR PRIVACY","REDACTED FOR PRIVACY","REDACTED FOR PRIVACY","","REDACTED FOR PRIVACY","REDACTED FOR PRIVACY","","","","","","","","","","","ns1.netregistry.net","ns2.netregistry.net","ns3.netregistry.net","","OK","","",""
"33","fookdutton.com","2020-05-11 20:02:35","2020-05-08","2020-05-09","2021-05-08","1291","Crazy Domains FZ-LLC","whois.crazydomains.com","http://www.crazydomains.com","PETER CHARLETON","PETER CHARLETON","1927 MELBA HIGHWAY","DIXONS CREEK","VIC","3775","Australia","website3@hotmail.com.au","+0.400655102","","PETER CHARLETON","PETER CHARLETON","1927 MELBA HIGHWAY","DIXONS CREEK","VIC","3775","Australia","website3@hotmail.com.au","+0.400655102","+61.0477419270","PETER CHARLETON","PETER CHARLETON","1927 MELBA HIGHWAY","DIXONS CREEK","VIC","3775","Australia","website3@hotmail.com.au","+0.400655102","+61.0477419270","","","","","","","","","","","rs1.net.au","rs2.net.au","rs3.net.au","","OK","","",""
"34","free14daycftrial.com","2020-05-11 20:09:52","2020-05-09","2020-05-09","2021-05-09","1291","Crazy Domains FZ-LLC","whois.crazydomains.com","http://www.crazydomains.com","DOMAIN ADMINISTRATOR","PRIVATE REGISTRY AUTHORITY","PO BOX A2191","SYDNEY SOUTH","NSW","2000","Australia","domains@privateregistryauthority.com","+61.290372826","+61.290372826","DOMAIN ADMINISTRATOR","PRIVATE REGISTRY AUTHORITY","PO BOX A2191","SYDNEY SOUTH","NSW","2000","Australia","domains@privateregistryauthority.com","+61.290372826","+61.290372826","DOMAIN ADMINISTRATOR","PRIVATE REGISTRY AUTHORITY","PO BOX A2191","SYDNEY SOUTH","NSW","2000","Australia","domains@privateregistryauthority.com","+61.290372826","","","","","","","","","","","","ns1.crazydomains.com","ns2.crazydomains.com","","","OK","","",""
"35","fuckdutton.com","2020-05-11 20:02:35","2020-05-08","2020-05-09","2021-05-08","1291","Crazy Domains FZ-LLC","whois.crazydomains.com","http://www.crazydomains.com","PETER CHARLETON","PETER CHARLETON","1927 MELBA HIGHWAY","DIXONS CREEK","VIC","3775","Australia","website3@hotmail.com.au","+0.400655102","","PETER CHARLETON","PETER CHARLETON","1927 MELBA HIGHWAY","DIXONS CREEK","VIC","3775","Australia","website3@hotmail.com.au","+0.400655102","+61.0477419270","PETER CHARLETON","PETER CHARLETON","1927 MELBA HIGHWAY","DIXONS CREEK","VIC","3775","Australia","website3@hotmail.com.au","+0.400655102","+61.0477419270","","","","","","","","","","","rs1.net.au","rs2.net.au","rs3.net.au","","OK","","",""
"36","gippslandbuilders.com","2020-05-11 20:13:30","2020-05-09","2020-05-09","2021-05-09","1609","Synergy Wholesale Pty Ltd","whois.ausregistry.net.au","http://synergywholesale.com","Domain Privacy","","PO Box 119","Beaconsfield","VIC","3807","Australia","gippslandbuilderscom@obscure.me","+61.385145121","","Domain Privacy","","PO Box 119","Beaconsfield","VIC","3807","Australia","gippslandbuilderscom@obscure.me","+61.385145121","","Domain Privacy","","PO Box 119","Beaconsfield","VIC","3807","Australia","gippslandbuilderscom@obscure.me","+61.385145121","","","","","","","","","","","","ns1.syd1.hostingplatform.net.au","ns2.syd1.hostingplatform.net.au","","","OK","","",""
"37","hanoi.trade","2020-05-11 09:37:04","2020-05-08","2020-05-08","2021-05-08","625","Name.com, Inc.","whois.name.com","http://www.name.com","Local Merchant Services Limited","Local Merchant Services Limited","","","Melbourne","","Australia","","","","","","","","","","","","","","","","","","","","","","","","","","","","","","","","","","ns1hwy.name.com","ns2cvx.name.com","ns3gnv.name.com","ns4hmp.name.com","addPeriod","clientTransferProhibited","",""
"38","healthiermotion.com","2020-05-11 20:01:10","2020-05-08","2020-05-08","2021-05-08","146","GoDaddy.com, LLC","whois.godaddy.com","http://registrar.godaddy.com","","","","","Western Australia","","Australia","","","","","","","","","","","","","","","","","","","","","","","","","","","","","","","","","","ns55.domaincontrol.com","ns56.domaincontrol.com","","","clientDeleteProhibited","clientRenewProhibited","clientTransferProhibited","clientUpdateProhibited"
"39","hybridremote.com","2020-05-11 19:59:19","2020-05-08","","2021-05-08","1068","NameCheap, Inc.","whois.namecheap.com","http://www.namecheap.com","This Domain is For Sale","Type Names","PO Box 2108","CAULFIELD JUNCTION","Victoria","3161","Australia","owner@typenames.com","+61.422303199","","This Domain is For Sale","Type Names","PO Box 2108","CAULFIELD JUNCTION","Victoria","3161","Australia","owner@typenames.com","+61.422303199","","This Domain is For Sale","Type Names","PO Box 2108","CAULFIELD JUNCTION","Victoria","3161","Australia","owner@typenames.com","+61.422303199","","","","","","","","","","","","ns1.uniregistrymarket.link","ns2.uniregistrymarket.link","","","clientTransferProhibited","","",""
"40","ibadan.trade","2020-05-11 09:37:05","2020-05-09","2020-05-09","2021-05-09","625","Name.com, Inc.","whois.name.com","http://www.name.com","Local Merchant Services Limited","Local Merchant Services Limited","","","Melbourne","","Australia","","","","","","","","","","","","","","","","","","","","","","","","","","","","","","","","","","ns1hwy.name.com","ns2cvx.name.com","ns3gnv.name.com","ns4hmp.name.com","addPeriod","clientTransferProhibited","",""
"41","jacksonville.trade","2020-05-11 09:36:57","2020-05-08","2020-05-08","2021-05-08","625","Name.com, Inc.","whois.name.com","http://www.name.com","Local Merchant Services Limited","Local Merchant Services Limited","","","Melbourne","","Australia","","","","","","","","","","","","","","","","","","","","","","","","","","","","","","","","","","ns1hwy.name.com","ns2cvx.name.com","ns3gnv.name.com","ns4hmp.name.com","addPeriod","clientTransferProhibited","",""
"42","jakarta.trade","2020-05-11 09:36:57","2020-05-08","2020-05-08","2021-05-08","625","Name.com, Inc.","whois.name.com","http://www.name.com","Local Merchant Services Limited","Local Merchant Services Limited","","","Melbourne","","Australia","","","","","","","","","","","","","","","","","","","","","","","","","","","","","","","","","","ns1hwy.name.com","ns2cvx.name.com","ns3gnv.name.com","ns4hmp.name.com","addPeriod","clientTransferProhibited","",""
"43","jerusalem.trade","2020-05-11 09:36:57","2020-05-08","2020-05-08","2021-05-08","625","Name.com, Inc.","whois.name.com","http://www.name.com","Local Merchant Services Limited","Local Merchant Services Limited","","","Melbourne","","Australia","","","","","","","","","","","","","","","","","","","","","","","","","","","","","","","","","","ns1hwy.name.com","ns2cvx.name.com","ns3gnv.name.com","ns4hmp.name.com","addPeriod","clientTransferProhibited","",""
"44","jomo.wtf","2020-05-11 19:21:48","2020-05-08","2020-05-08","2021-05-08","1609","Synergy Wholesale Pty Ltd","whois.ausregistry.net.au","http://synergywholesale.com","REDACTED FOR PRIVACY","","REDACTED FOR PRIVACY","REDACTED FOR PRIVACY","VIC","REDACTED FOR PRIVACY","Australia","","REDACTED FOR PRIVACY","REDACTED FOR PRIVACY","","","","","","","","","","","","","","","","","","","","","","","","","","","","","","","","","","","addPeriod","","",""
"45","kabul.trade","2020-05-11 09:36:56","2020-05-08","2020-05-08","2021-05-08","625","Name.com, Inc.","whois.name.com","http://www.name.com","Local Merchant Services Limited","Local Merchant Services Limited","","","Melbourne","","Australia","","","","","","","","","","","","","","","","","","","","","","","","","","","","","","","","","","ns1hwy.name.com","ns2cvx.name.com","ns3gnv.name.com","ns4hmp.name.com","addPeriod","clientTransferProhibited","",""
"46","kacards.com","2020-05-11 20:00:38","2020-05-08","2020-05-08","2021-05-08","146","GoDaddy.com, LLC","whois.godaddy.com","http://registrar.godaddy.com","","","","","Victoria","","Australia","","","","","","","","","","","","","","","","","","","","","","","","","","","","","","","","","","ns6237.hostgator.com","ns6238.hostgator.com","","","clientDeleteProhibited","clientRenewProhibited","clientTransferProhibited","clientUpdateProhibited"
"47","kaduna.trade","2020-05-11 09:37:00","2020-05-09","2020-05-09","2021-05-09","625","Name.com, Inc.","whois.name.com","http://www.name.com","Local Merchant Services Limited","Local Merchant Services Limited","","","Melbourne","","Australia","","","","","","","","","","","","","","","","","","","","","","","","","","","","","","","","","","ns1hwy.name.com","ns2cvx.name.com","ns3gnv.name.com","ns4hmp.name.com","addPeriod","clientTransferProhibited","",""
"48","kano.trade","2020-05-11 09:36:55","2020-05-09","2020-05-09","2021-05-09","625","Name.com, Inc.","whois.name.com","http://www.name.com","Local Merchant Services Limited","Local Merchant Services Limited","","","Melbourne","","Australia","","","","","","","","","","","","","","","","","","","","","","","","","","","","","","","","","","ns1hwy.name.com","ns2cvx.name.com","ns3gnv.name.com","ns4hmp.name.com","addPeriod","clientTransferProhibited","",""
"49","kuala-lumpur.trade","2020-05-11 09:36:56","2020-05-08","2020-05-08","2021-05-08","625","Name.com, Inc.","whois.name.com","http://www.name.com","Local Merchant Services Limited","Local Merchant Services Limited","","","Melbourne","","Australia","","","","","","","","","","","","","","","","","","","","","","","","","","","","","","","","","","ns1hwy.name.com","ns2cvx.name.com","ns3gnv.name.com","ns4hmp.name.com","addPeriod","clientTransferProhibited","",""
"50","kuwait-city.trade","2020-05-11 09:36:55","2020-05-08","2020-05-08","2021-05-08","625","Name.com, Inc.","whois.name.com","http://www.name.com","Local Merchant Services Limited","Local Merchant Services Limited","","","Melbourne","","Australia","","","","","","","","","","","","","","","","","","","","","","","","","","","","","","","","","","ns1hwy.name.com","ns2cvx.name.com","ns3gnv.name.com","ns4hmp.name.com","addPeriod","clientTransferProhibited","",""
"51","l276manners.com","2020-05-11 20:03:45","2020-05-08","2020-05-09","2021-05-08","1291","Crazy Domains FZ-LLC","whois.crazydomains.com","http://www.crazydomains.com","DOMAIN ADMINISTRATOR - PROPERTY","WORKSTREAM TECHNOLOGIES PTY LTD","PO BOX A2191","SYDNEY SOUTH","NSW","2000","Australia","domreg@campaigntrack.com","+61.283975647","","DOMAIN ADMINISTRATOR - PROPERTY","WORKSTREAM TECHNOLOGIES PTY LTD","PO BOX A2191","SYDNEY SOUTH","NSW","2000","Australia","domreg@campaigntrack.com","+61.283975647","","DOMAIN ADMINISTRATOR - PROPERTY","WORKSTREAM TECHNOLOGIES PTY LTD","PO BOX A2191","SYDNEY SOUTH","NSW","2000","Australia","domreg@campaigntrack.com","+61.283975647","","","","","","","","","","","","ns1.secureparkme.com","ns2.secureparkme.com","","","OK","","",""
"52","lunarrunes.com","2020-05-11 19:55:32","2020-05-09","2020-05-09","2021-05-09","146","GoDaddy.com, LLC","whois.godaddy.com","http://registrar.godaddy.com","","","","","Victoria","","Australia","","","","","","","","","","","","","","","","","","","","","","","","","","","","","","","","","","ns59.domaincontrol.com","ns60.domaincontrol.com","","","clientDeleteProhibited","clientRenewProhibited","clientTransferProhibited","clientUpdateProhibited"
"53","macbryd.com","2020-05-11 20:13:28","2020-05-09","2020-05-09","2021-05-09","13","Melbourne IT, Ltd","whois.melbourneit.com","http://www.melbourneit.com","REDACTED FOR PRIVACY","REDACTED FOR PRIVACY","REDACTED FOR PRIVACY","REDACTED FOR PRIVACY","VIC","REDACTED FOR PRIVACY","Australia","","REDACTED FOR PRIVACY","REDACTED FOR PRIVACY","REDACTED FOR PRIVACY","REDACTED FOR PRIVACY","REDACTED FOR PRIVACY","REDACTED FOR PRIVACY","REDACTED FOR PRIVACY","REDACTED FOR PRIVACY","REDACTED FOR PRIVACY","","REDACTED FOR PRIVACY","REDACTED FOR PRIVACY","REDACTED FOR PRIVACY","REDACTED FOR PRIVACY","REDACTED FOR PRIVACY","REDACTED FOR PRIVACY","REDACTED FOR PRIVACY","REDACTED FOR PRIVACY","REDACTED FOR PRIVACY","","REDACTED FOR PRIVACY","REDACTED FOR PRIVACY","","","","","","","","","","","ns1.netregistry.net","ns2.netregistry.net","ns3.netregistry.net","","OK","","",""
"54","maduraigrocery.com","2020-05-11 20:16:27","2020-05-09","2020-05-09","2021-05-09","1291","Crazy Domains FZ-LLC","whois.crazydomains.com","http://www.crazydomains.com","DOMAIN ADMINISTRATOR","PRIVATE REGISTRY AUTHORITY","PO BOX A2191","SYDNEY SOUTH","NSW","2000","Australia","domains@privateregistryauthority.com","+61.290372826","+61.290372826","DOMAIN ADMINISTRATOR","PRIVATE REGISTRY AUTHORITY","PO BOX A2191","SYDNEY SOUTH","NSW","2000","Australia","domains@privateregistryauthority.com","+61.290372826","+61.290372826","DOMAIN ADMINISTRATOR","PRIVATE REGISTRY AUTHORITY","PO BOX A2191","SYDNEY SOUTH","NSW","2000","Australia","domains@privateregistryauthority.com","+61.290372826","","","","","","","","","","","","ns1.secureparkme.com","ns2.secureparkme.com","","","OK","","",""
"55","milwaukee.trade","2020-05-11 13:10:38","2020-05-08","2020-05-08","2021-05-08","625","Name.com, Inc.","whois.name.com","http://www.name.com","Local Merchant Services Limited","Local Merchant Services Limited","","","Melbourne","","Australia","","","","","","","","","","","","","","","","","","","","","","","","","","","","","","","","","","ns1hwy.name.com","ns2cvx.name.com","ns3gnv.name.com","ns4hmp.name.com","addPeriod","clientTransferProhibited","",""
"56","modziestore.com","2020-05-11 20:06:22","2020-05-09","2020-05-09","2021-05-09","146","GoDaddy.com, LLC","whois.godaddy.com","http://registrar.godaddy.com","Modzie","Modzie","","","New South Wales","","Australia","","","","","","","","","","","","","","","","","","","","","","","","","","","","","","","","","","ns15.domaincontrol.com","ns16.domaincontrol.com","","","clientDeleteProhibited","clientRenewProhibited","clientTransferProhibited","clientUpdateProhibited"
"57","newhealthstart.com","2020-05-11 20:13:14","2020-05-09","2020-05-09","2021-05-09","1609","Synergy Wholesale Pty Ltd","whois.ausregistry.net.au","http://synergywholesale.com","Domain Privacy","","PO Box 119","Beaconsfield","VIC","3807","Australia","newhealthstartcom@obscure.me","+61.385145121","","Domain Privacy","","PO Box 119","Beaconsfield","VIC","3807","Australia","newhealthstartcom@obscure.me","+61.385145121","","Domain Privacy","","PO Box 119","Beaconsfield","VIC","3807","Australia","newhealthstartcom@obscure.me","+61.385145121","","","","","","","","","","","","ns1.nameserver.net.au","ns2.nameserver.net.au","ns3.nameserver.net.au","","OK","","",""
"58","nidefactory.com","2020-05-11 20:17:43","2020-05-09","2020-05-09","2021-05-09","303","PDR Ltd. d/b/a PublicDomainRegistry.com","whois.publicdomainregistry.com","http://www.publicdomainregistry.com","MR LOTUS MAN","","4 / 17-23 Walter Street, Moorabbin, Victoria, Australia, 3189 Str. 675179 Pforzheim","Victoria","4 / 17-23 Walter Street, Moorabbin","3189","Australia","marijajewellry@yahoo.com","+61.61395533788","","MR LOTUS MAN","","4 / 17-23 Walter Street, Moorabbin, Victoria, Australia, 3189 Str. 675179 Pforzheim","Victoria","4 / 17-23 Walter Street, Moorabbin","3189","Australia","marijajewellry@yahoo.com","+61.61395533788","","MR LOTUS MAN","","4 / 17-23 Walter Street, Moorabbin, Victoria, Australia, 3189 Str. 675179 Pforzheim","Victoria","4 / 17-23 Walter Street, Moorabbin","3189","Australia","marijajewellry@yahoo.com","+61.61395533788","","","","","","","","","","","","earth.monovm.com","mars.monovm.com","mercury.monovm.com","venus.monovm.com","clientTransferProhibited","","",""
"59","noeasyouts.com","2020-05-11 20:15:24","2020-05-09","2020-05-09","2021-05-09","146","GoDaddy.com, LLC","whois.godaddy.com","http://registrar.godaddy.com","","","","","Queensland","","Australia","","","","","","","","","","","","","","","","","","","","","","","","","","","","","","","","","","ns47.domaincontrol.com","ns48.domaincontrol.com","","","clientDeleteProhibited","clientRenewProhibited","clientTransferProhibited","clientUpdateProhibited"
"60","nomadicpuzzles.com","2020-05-11 20:13:26","2020-05-09","2020-05-09","2023-05-09","1291","Crazy Domains FZ-LLC","whois.crazydomains.com","http://www.crazydomains.com","EDWARD LAYCOCK","","PO BOX 508","SORRENTO","VIC","3943","Australia","teddylaycock@gmail.com","+61.452323077","","EDWARD LAYCOCK","","PO BOX 508","SORRENTO","VIC","3943","Australia","teddylaycock@gmail.com","+61.452323077","+61.452323077","EDWARD LAYCOCK","","PO BOX 508","SORRENTO","VIC","3943","Australia","teddylaycock@gmail.com","+61.452323077","+61.452323077","","","","","","","","","","","ns1.crazydomains.com","ns2.crazydomains.com","","","OK","","",""
"61","onholidays2photography.com","2020-05-11 20:07:57","2020-05-09","2020-05-09","2021-05-09","303","PDR Ltd. d/b/a PublicDomainRegistry.com","whois.publicdomainregistry.com","http://www.publicdomainregistry.com","Wayne  Cheetham","Wayne  Cheetham","95 Lake Conjola Entrance Rd","Lake Conjola","NSW","2539","Australia","onholidays2@bigpond.com","+61.423115327","","Wayne  Cheetham","Wayne  Cheetham","95 Lake Conjola Entrance Rd","Lake Conjola","NSW","2539","Australia","onholidays2@bigpond.com","+61.423115327","","Wayne  Cheetham","Wayne  Cheetham","95 Lake Conjola Entrance Rd","Lake Conjola","NSW","2539","Australia","onholidays2@bigpond.com","+61.423115327","","","","","","","","","","","","ns1.dns-parking.com","ns2.dns-parking.com","","","clientTransferProhibited","","",""
"62","organics.sydney","2020-05-11 08:14:19","2020-05-09","2020-05-09","2021-05-09","146","GoDaddy.com, LLC","whois.godaddy.com","http://registrar.godaddy.com","","","","","New South Wales","","Australia","","","","","","","","","","","","","","","","","","","","","","","","","","","","","","","","","","pdns11.domaincontrol.com","pdns12.domaincontrol.com","","","addPeriod","clientDeleteProhibited","clientRenewProhibited","clientTransferProhibited"
"63","ozbattery.com","2020-05-11 19:55:40","2020-05-09","2020-05-09","2021-05-09","146","GoDaddy.com, LLC","whois.godaddy.com","http://registrar.godaddy.com","","","","","Victoria","","Australia","","","","","","","","","","","","","","","","","","","","","","","","","","","","","","","","","","ns47.domaincontrol.com","ns48.domaincontrol.com","","","clientDeleteProhibited","clientRenewProhibited","clientTransferProhibited","clientUpdateProhibited"
"64","remotetrainee.com","2020-05-11 19:59:39","2020-05-08","","2021-05-08","1068","NameCheap, Inc.","whois.namecheap.com","http://www.namecheap.com","This Domain is For Sale","Type Names","PO Box 2108","CAULFIELD JUNCTION","Victoria","3161","Australia","owner@typenames.com","+61.422303199","","This Domain is For Sale","Type Names","PO Box 2108","CAULFIELD JUNCTION","Victoria","3161","Australia","owner@typenames.com","+61.422303199","","This Domain is For Sale","Type Names","PO Box 2108","CAULFIELD JUNCTION","Victoria","3161","Australia","owner@typenames.com","+61.422303199","","","","","","","","","","","","ns1.uniregistrymarket.link","ns2.uniregistrymarket.link","","","clientTransferProhibited","","",""
"65","scaffup.com","2020-05-11 20:03:34","2020-05-08","2020-05-08","2021-05-08","146","GoDaddy.com, LLC","whois.godaddy.com","http://registrar.godaddy.com","qubitRT","qubitRT","","","Queensland","","Australia","","","","","","","","","","","","","","","","","","","","","","","","","","","","","","","","","","ns59.domaincontrol.com","ns60.domaincontrol.com","","","clientDeleteProhibited","clientRenewProhibited","clientTransferProhibited","clientUpdateProhibited"
"66","seesayphotography.com","2020-05-11 20:14:36","2020-05-08","2020-05-08","2021-05-08","955","Launchpad, Inc.","whois.launchpad.com","http://www.launchpad.com","Papa Cisse","None","Unit 2 201 Clontarf Rd","Hamilton Hill","WA","6163","Australia","jolofmaan@yahoo.com","+61.431238466","","Papa Cisse","None","Unit 2 201 Clontarf Rd","Hamilton Hill","WA","6163","Australia","jolofmaan@yahoo.com","+61.431238466","","Papa Cisse","None","Unit 2 201 Clontarf Rd","Hamilton Hill","WA","6163","Australia","jolofmaan@yahoo.com","+61.431238466","","","","","","","","","","","","wns2133.hostgator.com","wns2134.hostgator.com","","","clientTransferProhibited","","",""
"67","sixeats.com","2020-05-11 20:07:55","2020-05-09","2020-05-09","2021-05-09","146","GoDaddy.com, LLC","whois.godaddy.com","http://registrar.godaddy.com","Penguin 3 Pty Ltd","Penguin 3 Pty Ltd","","","Queensland","","Australia","","","","","","","","","","","","","","","","","","","","","","","","","","","","","","","","","","ns55.domaincontrol.com","ns56.domaincontrol.com","","","clientDeleteProhibited","clientRenewProhibited","clientTransferProhibited","clientUpdateProhibited"
"68","sleepingbabys.com","2020-05-11 20:07:08","2020-05-09","2020-05-09","2021-05-09","146","GoDaddy.com, LLC","whois.godaddy.com","http://registrar.godaddy.com","","","","","New South Wales","","Australia","","","","","","","","","","","","","","","","","","","","","","","","","","","","","","","","","","ns01.cashparking.com","ns02.cashparking.com","","","clientDeleteProhibited","clientRenewProhibited","clientTransferProhibited","clientUpdateProhibited"
"69","sleepy-threads.com","2020-05-11 20:07:55","2020-05-09","2020-05-10","2021-05-09","13","Melbourne IT, Ltd","whois.melbourneit.com","http://www.melbourneit.com","REDACTED FOR PRIVACY","REDACTED FOR PRIVACY","REDACTED FOR PRIVACY","REDACTED FOR PRIVACY","VIC","REDACTED FOR PRIVACY","Australia","","REDACTED FOR PRIVACY","REDACTED FOR PRIVACY","REDACTED FOR PRIVACY","REDACTED FOR PRIVACY","REDACTED FOR PRIVACY","REDACTED FOR PRIVACY","REDACTED FOR PRIVACY","REDACTED FOR PRIVACY","REDACTED FOR PRIVACY","","REDACTED FOR PRIVACY","REDACTED FOR PRIVACY","REDACTED FOR PRIVACY","REDACTED FOR PRIVACY","REDACTED FOR PRIVACY","REDACTED FOR PRIVACY","REDACTED FOR PRIVACY","REDACTED FOR PRIVACY","REDACTED FOR PRIVACY","","REDACTED FOR PRIVACY","REDACTED FOR PRIVACY","","","","","","","","","","","ns1.netregistry.net","ns2.netregistry.net","ns3.netregistry.net","","OK","","",""
"70","speedwayphotographer.com","2020-05-11 20:06:37","2020-05-09","2020-05-09","2021-05-09","1291","Crazy Domains FZ-LLC","whois.crazydomains.com","http://www.crazydomains.com","DAN TOOMBS","","10 ARGYLE STREET","TOOWOOMBA","QLD","4350","Australia","dantoombs@gmail.com","+61.746169700","","DAN TOOMBS","","10 ARGYLE STREET","TOOWOOMBA","QLD","4350","Australia","dantoombs@gmail.com","+61.746169700","+0.","DAN TOOMBS","","10 ARGYLE STREET","TOOWOOMBA","QLD","4350","Australia","dantoombs@gmail.com","+61.746169700","+0.","","","","","","","","","","","ns1.fastfirms.com.au","ns2.fastfirms.com.au","","","OK","","",""
"71","stbarx.com","2020-05-11 20:05:12","2020-05-09","2020-05-09","2022-05-09","1291","Crazy Domains FZ-LLC","whois.crazydomains.com","http://www.crazydomains.com","NEVRIE SALIU","PET MERCHANDISE","10 CLARENCE COURT","BERKELEY","NSW","2506","Australia","nevrie.saliu@gmail.com","+61.0426144616","","NEVRIE SALIU","PET MERCHANDISE","10 CLARENCE COURT","BERKELEY","NSW","2506","Australia","nevrie.saliu@gmail.com","+61.0426144616","","NEVRIE SALIU","PET MERCHANDISE","10 CLARENCE COURT","BERKELEY","NSW","2506","Australia","nevrie.saliu@gmail.com","+61.0426144616","","","","","","","","","","","","ns1.vodien.com","ns2.vodien.com","","","OK","","",""
"72","studioabstrakt.com","2020-05-11 20:08:11","2020-05-09","2020-05-09","2021-05-09","69","Tucows Domains Inc.","whois.tucows.com","http://domainhelp.opensrs.net","REDACTED FOR PRIVACY","REDACTED FOR PRIVACY","REDACTED FOR PRIVACY","REDACTED FOR PRIVACY","XX","REDACTED FOR PRIVACY","Australia","","REDACTED FOR PRIVACY","REDACTED FOR PRIVACY","REDACTED FOR PRIVACY","REDACTED FOR PRIVACY","REDACTED FOR PRIVACY","REDACTED FOR PRIVACY","REDACTED FOR PRIVACY","REDACTED FOR PRIVACY","REDACTED FOR PRIVACY","","REDACTED FOR PRIVACY","REDACTED FOR PRIVACY","REDACTED FOR PRIVACY","REDACTED FOR PRIVACY","REDACTED FOR PRIVACY","REDACTED FOR PRIVACY","REDACTED FOR PRIVACY","REDACTED FOR PRIVACY","REDACTED FOR PRIVACY","","REDACTED FOR PRIVACY","REDACTED FOR PRIVACY","","","","","","","","","","","angela.ns.cloudflare.com","apollo.ns.cloudflare.com","","","clientTransferProhibited","clientUpdateProhibited","",""
"73","succerly.com","2020-05-11 20:06:10","2020-05-09","2020-05-09","2021-05-09","146","GoDaddy.com, LLC","whois.godaddy.com","http://registrar.godaddy.com","Fugazi Coffee Company Pty Ltd","Fugazi Coffee Company Pty Ltd","","","New South Wales","","Australia","","","","","","","","","","","","","","","","","","","","","","","","","","","","","","","","","","ns15.domaincontrol.com","ns16.domaincontrol.com","","","clientDeleteProhibited","clientRenewProhibited","clientTransferProhibited","clientUpdateProhibited"
"74","successisur.com","2020-05-11 20:05:25","2020-05-09","2020-05-09","2022-05-09","146","GoDaddy.com, LLC","whois.godaddy.com","http://registrar.godaddy.com","","","","","Victoria","","Australia","","","","","","","","","","","","","","","","","","","","","","","","","","","","","","","","","","ns55.domaincontrol.com","ns56.domaincontrol.com","","","clientDeleteProhibited","clientRenewProhibited","clientTransferProhibited","clientUpdateProhibited"
"75","t8iana.com","2020-05-11 20:15:48","2020-05-09","2020-05-09","2021-05-09","146","GoDaddy.com, LLC","whois.godaddy.com","http://registrar.godaddy.com","","","","","Victoria","","Australia","","","","","","","","","","","","","","","","","","","","","","","","","","","","","","","","","","ns55.domaincontrol.com","ns56.domaincontrol.com","","","clientDeleteProhibited","clientRenewProhibited","clientTransferProhibited","clientUpdateProhibited"
"76","talbotmedical.com","2020-05-11 19:55:26","2020-05-09","2020-05-09","2022-05-09","146","GoDaddy.com, LLC","whois.godaddy.com","http://registrar.godaddy.com","Talbot Medical Pty Ltd","Talbot Medical Pty Ltd","","","Victoria","","Australia","","","","","","","","","","","","","","","","","","","","","","","","","","","","","","","","","","ns15.domaincontrol.com","ns16.domaincontrol.com","","","clientDeleteProhibited","clientRenewProhibited","clientTransferProhibited","clientUpdateProhibited"
"77","tessvictorious.com","2020-05-11 19:56:50","2020-05-09","2020-05-09","2021-05-09","146","GoDaddy.com, LLC","whois.godaddy.com","http://registrar.godaddy.com","NA","NA","","","Victoria","","Australia","","","","","","","","","","","","","","","","","","","","","","","","","","","","","","","","","","ns15.domaincontrol.com","ns16.domaincontrol.com","","","clientDeleteProhibited","clientRenewProhibited","clientTransferProhibited","clientUpdateProhibited"
"78","theliquorcunt.com","2020-05-11 19:55:47","2020-05-09","2020-05-09","2021-05-09","146","GoDaddy.com, LLC","whois.godaddy.com","http://registrar.godaddy.com","Quinco Holdings LTD","Quinco Holdings LTD","","","Queensland","","Australia","","","","","","","","","","","","","","","","","","","","","","","","","","","","","","","","","","ns59.domaincontrol.com","ns60.domaincontrol.com","","","clientDeleteProhibited","clientRenewProhibited","clientTransferProhibited","clientUpdateProhibited"
"79","theonlinehypnotherapist.com","2020-05-11 20:04:23","2020-05-08","2020-05-08","2021-05-08","146","GoDaddy.com, LLC","whois.godaddy.com","http://registrar.godaddy.com","Infotrigger Systems Pty Ltd","Infotrigger Systems Pty Ltd","","","New South Wales","","Australia","","","","","","","","","","","","","","","","","","","","","","","","","","","","","","","","","","ns47.domaincontrol.com","ns48.domaincontrol.com","","","clientDeleteProhibited","clientRenewProhibited","clientTransferProhibited","clientUpdateProhibited"
"80","thevirtualfamil.com","2020-05-11 20:06:10","2020-05-09","2020-05-09","2021-05-09","1291","Crazy Domains FZ-LLC","whois.crazydomains.com","http://www.crazydomains.com","ALISON NOLAN","","79 127 BONDI ROAD","BONDI","NSW","2026","Australia","alison@thelongshoredrift.com","+61.414337501","","ALISON NOLAN","","79 127 BONDI ROAD","BONDI","NSW","2026","Australia","alison@thelongshoredrift.com","+61.414337501","","ALISON NOLAN","","79 127 BONDI ROAD","BONDI","NSW","2026","Australia","alison@thelongshoredrift.com","+61.414337501","","","","","","","","","","","","ns1.crazydomains.com","ns2.crazydomains.com","","","OK","","",""
"81","timevtec.com","2020-05-11 20:04:10","2020-05-08","2020-05-09","2021-05-08","1291","Crazy Domains FZ-LLC","whois.crazydomains.com","http://www.crazydomains.com","FOTIOS LARENTZAKIS","OCTABIT","PO BOX 299, MARRICKVILLE","SYDNEY","NSW","1475","Australia","weblysis@gmail.com","+61.437766000","","FOTIOS LARENTZAKIS","OCTABIT","PO BOX 299, MARRICKVILLE","SYDNEY","NSW","1475","Australia","weblysis@gmail.com","+61.437766000","+61.","FOTIOS LARENTZAKIS","OCTABIT","PO BOX 299, MARRICKVILLE","SYDNEY","NSW","1475","Australia","weblysis@gmail.com","+61.437766000","+61.","","","","","","","","","","","ns1.octabit.com.au","ns2.octabit.com.au","ns3.octabit.com.au","ns4.octabit.com.au","OK","","",""
"82","tourisminuk.com","2020-05-11 19:56:51","2020-05-08","2020-05-08","2021-05-08","1760","DropCatch.com 349 LLC","whois.namebright.com","http://www.dropcatch349.com","Amanda Stichbury","Specialdays","P O Box 309","Oxenford","Queensland","4210","Australia","amanda@specialdays.com.au","+61.411596929","","Amanda Stichbury","Specialdays","P O Box 309","Oxenford","Queensland","4210","Australia","amanda@specialdays.com.au","+61.411596929","","Amanda Stichbury","Specialdays","P O Box 309","Oxenford","Queensland","4210","Australia","amanda@specialdays.com.au","+61.411596929","","","","","","","","","","","","","","","","clientTransferProhibited","","",""
"83","tourisminusa.com","2020-05-11 19:56:49","2020-05-08","2020-05-08","2021-05-08","1995","DropCatch.com 515 LLC","whois.namebright.com","http://www.dropcatch515.com","Amanda Stichbury","Specialdays","P O Box 309","Oxenford","Queensland","4210","Australia","amanda@specialdays.com.au","+61.411596929","","Amanda Stichbury","Specialdays","P O Box 309","Oxenford","Queensland","4210","Australia","amanda@specialdays.com.au","+61.411596929","","Amanda Stichbury","Specialdays","P O Box 309","Oxenford","Queensland","4210","Australia","amanda@specialdays.com.au","+61.411596929","","","","","","","","","","","","","","","","clientTransferProhibited","","",""
"84","trainingtray.com","2020-05-11 20:05:10","2020-05-09","2020-05-09","2021-05-09","617","Epik Inc.","whois.epik.com","http://epik.com","Andrew McClean","Type Names","PO Box 2108","CAULFIELD JUNCTION","VIC","3161","Australia","owner@typenames.com","+61.422303199","","Andrew McClean","Type Names","PO Box 2108","CAULFIELD JUNCTION","VIC","3161","Australia","owner@typenames.com","+61.422303199","","Andrew McClean","Type Names","PO Box 2108","CAULFIELD JUNCTION","VIC","3161","Australia","owner@typenames.com","+61.422303199","","","","","","","","","","","","ns1.uniregistrymarket.link","ns2.uniregistrymarket.link","","","clientTransferProhibited","","",""
"85","ultraguarddirect.com","2020-05-11 20:17:39","2020-05-09","2020-05-09","2021-05-09","146","GoDaddy.com, LLC","whois.godaddy.com","http://registrar.godaddy.com","","","","","New South Wales","","Australia","","","","","","","","","","","","","","","","","","","","","","","","","","","","","","","","","","ns15.domaincontrol.com","ns16.domaincontrol.com","","","clientDeleteProhibited","clientRenewProhibited","clientTransferProhibited","clientUpdateProhibited"
"86","unjhaapmcbazaar.com","2020-05-11 20:11:12","2020-05-09","2020-05-09","2021-05-09","1291","Crazy Domains FZ-LLC","whois.crazydomains.com","http://www.crazydomains.com","DOMAIN ADMINISTRATOR","PRIVATE REGISTRY AUTHORITY","PO BOX A2191","SYDNEY SOUTH","NSW","2000","Australia","domains@privateregistryauthority.com","+61.290372826","+61.290372826","DOMAIN ADMINISTRATOR","PRIVATE REGISTRY AUTHORITY","PO BOX A2191","SYDNEY SOUTH","NSW","2000","Australia","domains@privateregistryauthority.com","+61.290372826","+61.290372826","DOMAIN ADMINISTRATOR","PRIVATE REGISTRY AUTHORITY","PO BOX A2191","SYDNEY SOUTH","NSW","2000","Australia","domains@privateregistryauthority.com","+61.290372826","","","","","","","","","","","","bob.ns.cloudflare.com","dina.ns.cloudflare.com","","","OK","","",""
"87","unjhaganjbazaar.com","2020-05-11 20:11:13","2020-05-09","2020-05-09","2021-05-09","1291","Crazy Domains FZ-LLC","whois.crazydomains.com","http://www.crazydomains.com","DOMAIN ADMINISTRATOR","PRIVATE REGISTRY AUTHORITY","PO BOX A2191","SYDNEY SOUTH","NSW","2000","Australia","domains@privateregistryauthority.com","+61.290372826","+61.290372826","DOMAIN ADMINISTRATOR","PRIVATE REGISTRY AUTHORITY","PO BOX A2191","SYDNEY SOUTH","NSW","2000","Australia","domains@privateregistryauthority.com","+61.290372826","+61.290372826","DOMAIN ADMINISTRATOR","PRIVATE REGISTRY AUTHORITY","PO BOX A2191","SYDNEY SOUTH","NSW","2000","Australia","domains@privateregistryauthority.com","+61.290372826","","","","","","","","","","","","bob.ns.cloudflare.com","dina.ns.cloudflare.com","","","OK","","",""
"88","unjhaganjbazar.com","2020-05-11 20:11:17","2020-05-09","2020-05-09","2021-05-09","1291","Crazy Domains FZ-LLC","whois.crazydomains.com","http://www.crazydomains.com","DOMAIN ADMINISTRATOR","PRIVATE REGISTRY AUTHORITY","PO BOX A2191","SYDNEY SOUTH","NSW","2000","Australia","domains@privateregistryauthority.com","+61.290372826","+61.290372826","DOMAIN ADMINISTRATOR","PRIVATE REGISTRY AUTHORITY","PO BOX A2191","SYDNEY SOUTH","NSW","2000","Australia","domains@privateregistryauthority.com","+61.290372826","+61.290372826","DOMAIN ADMINISTRATOR","PRIVATE REGISTRY AUTHORITY","PO BOX A2191","SYDNEY SOUTH","NSW","2000","Australia","domains@privateregistryauthority.com","+61.290372826","","","","","","","","","","","","bob.ns.cloudflare.com","dina.ns.cloudflare.com","","","OK","","",""
"89","vokovsk.com","2020-05-11 20:00:44","2020-05-08","2020-05-09","2021-05-08","83","1&1 Internet AG","whois.schlund.info","http://1and1.com","REDACTED FOR PRIVACY","","REDACTED FOR PRIVACY","REDACTED FOR PRIVACY","","REDACTED FOR PRIVACY","Australia","dataprivacyprotected@1und1.de","REDACTED FOR PRIVACY","REDACTED FOR PRIVACY","REDACTED FOR PRIVACY","REDACTED FOR PRIVACY","REDACTED FOR PRIVACY","REDACTED FOR PRIVACY","REDACTED FOR PRIVACY","REDACTED FOR PRIVACY","REDACTED FOR PRIVACY","dataprivacyprotected@1und1.de","REDACTED FOR PRIVACY","REDACTED FOR PRIVACY","REDACTED FOR PRIVACY","REDACTED FOR PRIVACY","REDACTED FOR PRIVACY","REDACTED FOR PRIVACY","REDACTED FOR PRIVACY","REDACTED FOR PRIVACY","REDACTED FOR PRIVACY","dataprivacyprotected@1und1.de","REDACTED FOR PRIVACY","REDACTED FOR PRIVACY","","","","","","","","","","","ns1030.ui-dns.com","ns1033.ui-dns.de","ns1125.ui-dns.biz","ns1125.ui-dns.org","clientDeleteProhibited","clientTransferProhibited","clientUpdateProhibited",""
"90","waprotectiveservices.com","2020-05-11 20:17:39","2020-05-09","2020-05-09","2023-05-09","1609","Synergy Wholesale Pty Ltd","whois.ausregistry.net.au","http://synergywholesale.com","Domain Privacy","","PO Box 119","Beaconsfield","VIC","3807","Australia","waprotectiveservicescom@obscure.me","+61.385145121","","Domain Privacy","","PO Box 119","Beaconsfield","VIC","3807","Australia","waprotectiveservicescom@obscure.me","+61.385145121","","Domain Privacy","","PO Box 119","Beaconsfield","VIC","3807","Australia","waprotectiveservicescom@obscure.me","+61.385145121","","","","","","","","","","","","ns1.nameserver.net.au","ns2.nameserver.net.au","ns3.nameserver.net.au","","OK","","",""
"91","wildearthoracle.com","2020-05-11 20:09:09","2020-05-09","2020-05-09","2021-05-09","146","GoDaddy.com, LLC","whois.godaddy.com","http://registrar.godaddy.com","Believe in your Dreams Oracle","Believe in your Dreams Oracle","","","Queensland","","Australia","","","","","","","","","","","","","","","","","","","","","","","","","","","","","","","","","","ns1.freehosting.com","ns2.freehosting.com","","","clientDeleteProhibited","clientRenewProhibited","clientTransferProhibited","clientUpdateProhibited"
"92","xatmosphere.cloud","2020-05-11 21:19:52","2020-05-08","2020-05-08","2021-05-08","146","GoDaddy.com, LLC","whois.godaddy.com","http://registrar.godaddy.com","holdings","holdings","","","South Australia","","Australia","","","","","","","","","","","","","","","","","","","","","","","","","","","","","","","","","","ns33.domaincontrol.com","ns34.domaincontrol.com","","","addPeriod","clientDeleteProhibited","clientRenewProhibited","clientTransferProhibited"