"num","domain_name","query_time","create_date","update_date","expiry_date","domain_registrar_id","domain_registrar_name","domain_registrar_whois","domain_registrar_url","registrant_name","registrant_company","registrant_address","registrant_city","registrant_state","registrant_zip","registrant_country","registrant_email","registrant_phone","registrant_fax","administrative_name","administrative_company","administrative_address","administrative_city","administrative_state","administrative_zip","administrative_country","administrative_email","administrative_phone","administrative_fax","technical_name","technical_company","technical_address","technical_city","technical_state","technical_zip","technical_country","technical_email","technical_phone","technical_fax","billing_name","billing_company","billing_address","billing_city","billing_state","billing_zip","billing_country","billing_email","billing_phone","billing_fax","name_server_1","name_server_2","name_server_3","name_server_4","domain_status_1","domain_status_2","domain_status_3","domain_status_4"
"1","adnoc-distributions.com","2020-05-11 20:16:23","2020-05-09","2020-05-11","2021-05-09","2487","Internet Domain Services BS Corp","whois.publicinterestregistry.net","http://www.internetbs.net","Domain Admin","Whois Privacy Corp.","Ocean Centre, Montagu Foreshore, East Bay Street","Nassau","New Providence","","Bahamas","adnoc-distributions.com-owner-kyrg@customers.whoisprivacycorp.com","+1.5163872248","","Domain Admin","Whois Privacy Corp.","Ocean Centre, Montagu Foreshore, East Bay Street","Nassau","New Providence","","Bahamas","adnoc-distributions.com-admin-7yb6@customers.whoisprivacycorp.com","+1.5163872248","","Domain Admin","Whois Privacy Corp.","Ocean Centre, Montagu Foreshore, East Bay Street","Nassau","New Providence","","Bahamas","adnoc-distributions.com-tech-jivx@customers.whoisprivacycorp.com","+1.5163872248","","","","","","","","","","","","ns1.adnoc-distributions.com","ns2.adnoc-distributions.com","","","clientTransferProhibited","ok","",""
"2","amaislimx.com","2020-05-11 20:15:36","2020-05-09","2020-05-09","2021-05-09","2487","Internet Domain Services BS Corp","whois.publicinterestregistry.net","http://www.internetbs.net","Domain Admin","Whois Privacy Corp.","Ocean Centre, Montagu Foreshore, East Bay Street","Nassau","New Providence","","Bahamas","amaislimx.com-owner-on0v@customers.whoisprivacycorp.com","+1.5163872248","","Domain Admin","Whois Privacy Corp.","Ocean Centre, Montagu Foreshore, East Bay Street","Nassau","New Providence","","Bahamas","amaislimx.com-admin-yt0i@customers.whoisprivacycorp.com","+1.5163872248","","Domain Admin","Whois Privacy Corp.","Ocean Centre, Montagu Foreshore, East Bay Street","Nassau","New Providence","","Bahamas","amaislimx.com-tech-7dol@customers.whoisprivacycorp.com","+1.5163872248","","","","","","","","","","","","julissa.ns.cloudflare.com","kanye.ns.cloudflare.com","","","clientTransferProhibited","ok","",""
"3","apparaty12.com","2020-05-11 19:58:31","2020-05-09","2020-05-09","2021-05-09","2487","Internet Domain Services BS Corp","whois.publicinterestregistry.net","http://www.internetbs.net","Domain Admin","Whois Privacy Corp.","Ocean Centre, Montagu Foreshore, East Bay Street","Nassau","New Providence","","Bahamas","apparaty12.com-owner-6aju@customers.whoisprivacycorp.com","+1.5163872248","","Domain Admin","Whois Privacy Corp.","Ocean Centre, Montagu Foreshore, East Bay Street","Nassau","New Providence","","Bahamas","apparaty12.com-admin-0of9@customers.whoisprivacycorp.com","+1.5163872248","","Domain Admin","Whois Privacy Corp.","Ocean Centre, Montagu Foreshore, East Bay Street","Nassau","New Providence","","Bahamas","apparaty12.com-tech-6bt7@customers.whoisprivacycorp.com","+1.5163872248","","","","","","","","","","","","chloe.ns.cloudflare.com","vin.ns.cloudflare.com","","","clientTransferProhibited","ok","",""
"4","budgetjuicing.com","2020-05-11 20:11:59","2020-05-09","2020-05-09","2021-05-09","2487","Internet Domain Services BS Corp","whois.publicinterestregistry.net","http://www.internetbs.net","Domain Admin","Whois Privacy Corp.","Ocean Centre, Montagu Foreshore, East Bay Street","Nassau","New Providence","","Bahamas","budgetjuicing.com-owner-jjsi@customers.whoisprivacycorp.com","+1.5163872248","","Domain Admin","Whois Privacy Corp.","Ocean Centre, Montagu Foreshore, East Bay Street","Nassau","New Providence","","Bahamas","budgetjuicing.com-admin-5fyq@customers.whoisprivacycorp.com","+1.5163872248","","Domain Admin","Whois Privacy Corp.","Ocean Centre, Montagu Foreshore, East Bay Street","Nassau","New Providence","","Bahamas","budgetjuicing.com-tech-yb7c@customers.whoisprivacycorp.com","+1.5163872248","","","","","","","","","","","","boyd.ns.cloudflare.com","linda.ns.cloudflare.com","","","clientTransferProhibited","ok","",""
"5","centavopay.com","2020-05-11 20:01:11","2020-05-08","2020-05-08","2022-05-08","146","GoDaddy.com, LLC","whois.godaddy.com","http://registrar.godaddy.com","Kweben Technologies Group","Kweben Technologies Group","","","New Providence","","Bahamas","","","","","","","","","","","","","","","","","","","","","","","","","","","","","","","","","","ns15.domaincontrol.com","ns16.domaincontrol.com","","","clientDeleteProhibited","clientRenewProhibited","clientTransferProhibited","clientUpdateProhibited"
"6","companyn1.com","2020-05-11 20:14:19","2020-05-08","2020-05-08","2021-05-08","1564","TLD Registrar Solutions Ltd.","whois.tldregistrarsolutions.com","http://www.tldregistrarsolutions.com","Domain Admin","Whois Privacy Corp.","Ocean Centre, Montagu Foreshore, East Bay Street","Nassau","New Providence","","Bahamas","companyn1.com-owner-bmis@customers.whoisprivacycorp.com","+1.5163872248","","Domain Admin","Whois Privacy Corp.","Ocean Centre, Montagu Foreshore, East Bay Street","Nassau","New Providence","","Bahamas","companyn1.com-admin-2axu@customers.whoisprivacycorp.com","+1.5163872248","","Domain Admin","Whois Privacy Corp.","Ocean Centre, Montagu Foreshore, East Bay Street","Nassau","New Providence","","Bahamas","companyn1.com-tech-zl2m@customers.whoisprivacycorp.com","+1.5163872248","","","","","","","","","","","","nsf1.webhost1ng.com","nsf2.webhost1ng.com","","","clientTransferProhibited","ok","",""
"7","eastcoastnissan.com","2020-05-11 20:03:33","2020-05-08","2020-05-08","2021-05-08","2487","Internet Domain Services BS Corp","whois.publicinterestregistry.net","http://www.internetbs.net","Domain Admin","Whois Privacy Corp.","Ocean Centre, Montagu Foreshore, East Bay Street","Nassau","New Providence","","Bahamas","eastcoastnissan.com-owner-zzkv@customers.whoisprivacycorp.com","+1.5163872248","","Domain Admin","Whois Privacy Corp.","Ocean Centre, Montagu Foreshore, East Bay Street","Nassau","New Providence","","Bahamas","eastcoastnissan.com-admin-dbt1@customers.whoisprivacycorp.com","+1.5163872248","","Domain Admin","Whois Privacy Corp.","Ocean Centre, Montagu Foreshore, East Bay Street","Nassau","New Providence","","Bahamas","eastcoastnissan.com-tech-mpk0@customers.whoisprivacycorp.com","+1.5163872248","","","","","","","","","","","","ns-canada.topdns.com","ns-uk.topdns.com","ns-usa.topdns.com","","clientTransferProhibited","ok","",""
"8","evesjourneylifecoachinginstitute.com","2020-05-11 20:15:27","2020-05-09","2020-05-09","2021-05-09","146","GoDaddy.com, LLC","whois.godaddy.com","http://registrar.godaddy.com","","","","","New Providence","","Bahamas","","","","","","","","","","","","","","","","","","","","","","","","","","","","","","","","","","ns69.domaincontrol.com","ns70.domaincontrol.com","","","clientDeleteProhibited","clientRenewProhibited","clientTransferProhibited","clientUpdateProhibited"
"9","framepixstudios.com","2020-05-11 20:12:22","2020-05-09","2020-05-09","2021-05-09","2487","Internet Domain Services BS Corp","whois.publicinterestregistry.net","http://www.internetbs.net","Domain Admin","Whois Privacy Corp.","Ocean Centre, Montagu Foreshore, East Bay Street","Nassau","New Providence","","Bahamas","framepixstudios.com-owner-ggup@customers.whoisprivacycorp.com","+1.5163872248","","Domain Admin","Whois Privacy Corp.","Ocean Centre, Montagu Foreshore, East Bay Street","Nassau","New Providence","","Bahamas","framepixstudios.com-admin-y5bi@customers.whoisprivacycorp.com","+1.5163872248","","Domain Admin","Whois Privacy Corp.","Ocean Centre, Montagu Foreshore, East Bay Street","Nassau","New Providence","","Bahamas","framepixstudios.com-tech-xzhx@customers.whoisprivacycorp.com","+1.5163872248","","","","","","","","","","","","ns1.framepixstudios.com","ns2.framepixstudios.com","","","clientTransferProhibited","ok","",""
"10","friedberg-alevi.com","2020-05-11 20:08:30","2020-05-08","2020-05-09","2021-05-08","2487","Internet Domain Services BS Corp","whois.publicinterestregistry.net","http://www.internetbs.net","Domain Admin","Whois Privacy Corp.","Ocean Centre, Montagu Foreshore, East Bay Street","Nassau","New Providence","","Bahamas","friedberg-alevi.com-owner-nmlw@customers.whoisprivacycorp.com","+1.5163872248","","Domain Admin","Whois Privacy Corp.","Ocean Centre, Montagu Foreshore, East Bay Street","Nassau","New Providence","","Bahamas","friedberg-alevi.com-admin-qyd3@customers.whoisprivacycorp.com","+1.5163872248","","Domain Admin","Whois Privacy Corp.","Ocean Centre, Montagu Foreshore, East Bay Street","Nassau","New Providence","","Bahamas","friedberg-alevi.com-tech-1vgb@customers.whoisprivacycorp.com","+1.5163872248","","","","","","","","","","","","dawn.ns.cloudflare.com","joel.ns.cloudflare.com","","","clientTransferProhibited","ok","",""
"11","granitesofnorthamerica.com","2020-05-11 20:14:55","2020-05-08","2020-05-08","2021-05-08","2487","Internet Domain Services BS Corp","whois.publicinterestregistry.net","http://www.internetbs.net","Domain Admin","Whois Privacy Corp.","Ocean Centre, Montagu Foreshore, East Bay Street","Nassau","New Providence","","Bahamas","granitesofnorthamerica.com-owner-ucyx@customers.whoisprivacycorp.com","+1.5163872248","","Domain Admin","Whois Privacy Corp.","Ocean Centre, Montagu Foreshore, East Bay Street","Nassau","New Providence","","Bahamas","granitesofnorthamerica.com-admin-rcub@customers.whoisprivacycorp.com","+1.5163872248","","Domain Admin","Whois Privacy Corp.","Ocean Centre, Montagu Foreshore, East Bay Street","Nassau","New Providence","","Bahamas","granitesofnorthamerica.com-tech-pnov@customers.whoisprivacycorp.com","+1.5163872248","","","","","","","","","","","","ns1.granitesofnorthamerica.com","ns2.granitesofnorthamerica.com","","","clientTransferProhibited","ok","",""
"12","instagram-pass.com","2020-05-11 23:21:37","2020-05-09","2020-05-09","2021-05-09","2487","Internet Domain Services BS Corp","whois.publicinterestregistry.net","http://www.internetbs.net","Domain Admin","Whois Privacy Corp.","Ocean Centre, Montagu Foreshore, East Bay Street","Nassau","New Providence","","Bahamas","instagram-pass.com-owner-gaxi@customers.whoisprivacycorp.com","+1.5163872248","","Domain Admin","Whois Privacy Corp.","Ocean Centre, Montagu Foreshore, East Bay Street","Nassau","New Providence","","Bahamas","instagram-pass.com-admin-scq0@customers.whoisprivacycorp.com","+1.5163872248","","Domain Admin","Whois Privacy Corp.","Ocean Centre, Montagu Foreshore, East Bay Street","Nassau","New Providence","","Bahamas","instagram-pass.com-tech-aqjq@customers.whoisprivacycorp.com","+1.5163872248","","","","","","","","","","","","ns1.zomro.net","ns2.zomro.ru","ns3.zomro.com","ns4.zomro.su","clientTransferProhibited","ok","",""
"13","klimavisual.com","2020-05-11 20:14:34","2020-05-08","2020-05-08","2021-05-08","2487","Internet Domain Services BS Corp","whois.publicinterestregistry.net","http://www.internetbs.net","Domain Admin","Whois Privacy Corp.","Ocean Centre, Montagu Foreshore, East Bay Street","Nassau","New Providence","","Bahamas","klimavisual.com-owner-qpca@customers.whoisprivacycorp.com","+1.5163872248","","Domain Admin","Whois Privacy Corp.","Ocean Centre, Montagu Foreshore, East Bay Street","Nassau","New Providence","","Bahamas","klimavisual.com-admin-fitb@customers.whoisprivacycorp.com","+1.5163872248","","Domain Admin","Whois Privacy Corp.","Ocean Centre, Montagu Foreshore, East Bay Street","Nassau","New Providence","","Bahamas","klimavisual.com-tech-xu7m@customers.whoisprivacycorp.com","+1.5163872248","","","","","","","","","","","","ns1.klimavisual.com","ns2.klimavisual.com","","","clientTransferProhibited","ok","",""
"14","kordonfilm.com","2020-05-11 20:14:35","2020-05-08","2020-05-08","2021-05-08","2487","Internet Domain Services BS Corp","whois.publicinterestregistry.net","http://www.internetbs.net","Domain Admin","Whois Privacy Corp.","Ocean Centre, Montagu Foreshore, East Bay Street","Nassau","New Providence","","Bahamas","kordonfilm.com-owner-xpyy@customers.whoisprivacycorp.com","+1.5163872248","","Domain Admin","Whois Privacy Corp.","Ocean Centre, Montagu Foreshore, East Bay Street","Nassau","New Providence","","Bahamas","kordonfilm.com-admin-1cw0@customers.whoisprivacycorp.com","+1.5163872248","","Domain Admin","Whois Privacy Corp.","Ocean Centre, Montagu Foreshore, East Bay Street","Nassau","New Providence","","Bahamas","kordonfilm.com-tech-feny@customers.whoisprivacycorp.com","+1.5163872248","","","","","","","","","","","","ns1.kordonfilm.com","ns2.kordonfilm.com","","","clientTransferProhibited","ok","",""
"15","lacuocabachata.com","2020-05-11 20:16:24","2020-05-09","2020-05-09","2021-05-09","2487","Internet Domain Services BS Corp","whois.publicinterestregistry.net","http://www.internetbs.net","Domain Admin","Whois Privacy Corp.","Ocean Centre, Montagu Foreshore, East Bay Street","Nassau","New Providence","","Bahamas","lacuocabachata.com-owner-8qjf@customers.whoisprivacycorp.com","+1.5163872248","","Domain Admin","Whois Privacy Corp.","Ocean Centre, Montagu Foreshore, East Bay Street","Nassau","New Providence","","Bahamas","lacuocabachata.com-admin-yjln@customers.whoisprivacycorp.com","+1.5163872248","","Domain Admin","Whois Privacy Corp.","Ocean Centre, Montagu Foreshore, East Bay Street","Nassau","New Providence","","Bahamas","lacuocabachata.com-tech-35pw@customers.whoisprivacycorp.com","+1.5163872248","","","","","","","","","","","","dns.keliweb.com","dns.keliweb.eu","dns.keliweb.net","dns.keliweb.org","clientTransferProhibited","ok","",""
"16","laundry-solutions-bahamas.com","2020-05-11 20:01:25","2020-05-08","2020-05-08","2021-05-08","955","Launchpad, Inc.","whois.launchpad.com","http://www.launchpad.com","Hilvana Cash","","9 Schooner Circle","Freeport","Freeport","","Bahamas","cashdesignstudio242@gmail.com","+1.12427273495","","Hilvana Cash","","9 Schooner Circle","Freeport","Freeport","","Bahamas","cashdesignstudio242@gmail.com","+1.12427273495","","Hilvana Cash","","9 Schooner Circle","Freeport","Freeport","","Bahamas","cashdesignstudio242@gmail.com","+1.12427273495","","","","","","","","","","","","ns8137.hostgator.com","ns8138.hostgator.com","","","clientTransferProhibited","","",""
"17","mamanmarine.com","2020-05-11 20:01:07","2020-05-08","2020-05-08","2021-05-08","2487","Internet Domain Services BS Corp","whois.publicinterestregistry.net","http://www.internetbs.net","Domain Admin","Whois Privacy Corp.","Ocean Centre, Montagu Foreshore, East Bay Street","Nassau","New Providence","","Bahamas","mamanmarine.com-owner-fimj@customers.whoisprivacycorp.com","+1.5163872248","","Domain Admin","Whois Privacy Corp.","Ocean Centre, Montagu Foreshore, East Bay Street","Nassau","New Providence","","Bahamas","mamanmarine.com-admin-rlty@customers.whoisprivacycorp.com","+1.5163872248","","Domain Admin","Whois Privacy Corp.","Ocean Centre, Montagu Foreshore, East Bay Street","Nassau","New Providence","","Bahamas","mamanmarine.com-tech-34f0@customers.whoisprivacycorp.com","+1.5163872248","","","","","","","","","","","","ns1.o2switch.net","ns2.o2switch.net","","","clientTransferProhibited","ok","",""
"18","nahianpharma.com","2020-05-11 20:15:33","2020-05-09","2020-05-09","2021-05-09","1564","TLD Registrar Solutions Ltd.","whois.tldregistrarsolutions.com","http://www.tldregistrarsolutions.com","exten sion","Whois Privacy Corp.","Ocean Centre, Montagu Foreshore, East Bay Street","Nassau","New Providence","","Bahamas","nahianpharma.com-owner-3tta@customers.whoisprivacycorp.com","+1.5163872248","","Exeo Bangladesh","Whois Privacy Corp.","Ocean Centre, Montagu Foreshore, East Bay Street","Nassau","New Providence","","Bahamas","nahianpharma.com-admin-ro0o@customers.whoisprivacycorp.com","+1.5163872248","","exten sion","Whois Privacy Corp.","Ocean Centre, Montagu Foreshore, East Bay Street","Nassau","New Providence","","Bahamas","nahianpharma.com-tech-pkua@customers.whoisprivacycorp.com","+1.5163872248","","","","","","","","","","","","ns1.exeobd.com","ns2.exeobd.com","","","clientTransferProhibited","ok","",""
"19","occasion-subaru.com","2020-05-11 20:04:10","2020-05-08","2020-05-08","2021-05-08","2487","Internet Domain Services BS Corp","whois.publicinterestregistry.net","http://www.internetbs.net","Domain Admin","Whois Privacy Corp.","Ocean Centre, Montagu Foreshore, East Bay Street","Nassau","New Providence","","Bahamas","occasion-subaru.com-owner-mlnu@customers.whoisprivacycorp.com","+1.5163872248","","Domain Admin","Whois Privacy Corp.","Ocean Centre, Montagu Foreshore, East Bay Street","Nassau","New Providence","","Bahamas","occasion-subaru.com-admin-tm3v@customers.whoisprivacycorp.com","+1.5163872248","","Domain Admin","Whois Privacy Corp.","Ocean Centre, Montagu Foreshore, East Bay Street","Nassau","New Providence","","Bahamas","occasion-subaru.com-tech-ebav@customers.whoisprivacycorp.com","+1.5163872248","","","","","","","","","","","","ns-canada.topdns.com","ns-uk.topdns.com","ns-usa.topdns.com","","clientTransferProhibited","ok","",""
"20","squadshoutout.com","2020-05-11 20:15:48","2020-05-09","2020-05-09","2021-05-09","2487","Internet Domain Services BS Corp","whois.publicinterestregistry.net","http://www.internetbs.net","Domain Admin","Whois Privacy Corp.","Ocean Centre, Montagu Foreshore, East Bay Street","Nassau","New Providence","","Bahamas","squadshoutout.com-owner-s1fp@customers.whoisprivacycorp.com","+1.5163872248","","Domain Admin","Whois Privacy Corp.","Ocean Centre, Montagu Foreshore, East Bay Street","Nassau","New Providence","","Bahamas","squadshoutout.com-admin-chxz@customers.whoisprivacycorp.com","+1.5163872248","","Domain Admin","Whois Privacy Corp.","Ocean Centre, Montagu Foreshore, East Bay Street","Nassau","New Providence","","Bahamas","squadshoutout.com-tech-xusj@customers.whoisprivacycorp.com","+1.5163872248","","","","","","","","","","","","ns-canada.topdns.com","ns-uk.topdns.com","ns-usa.topdns.com","","clientTransferProhibited","ok","",""
"21","squadshouts.com","2020-05-11 20:15:48","2020-05-09","2020-05-09","2021-05-09","2487","Internet Domain Services BS Corp","whois.publicinterestregistry.net","http://www.internetbs.net","Domain Admin","Whois Privacy Corp.","Ocean Centre, Montagu Foreshore, East Bay Street","Nassau","New Providence","","Bahamas","squadshouts.com-owner-t8xv@customers.whoisprivacycorp.com","+1.5163872248","","Domain Admin","Whois Privacy Corp.","Ocean Centre, Montagu Foreshore, East Bay Street","Nassau","New Providence","","Bahamas","squadshouts.com-admin-pihj@customers.whoisprivacycorp.com","+1.5163872248","","Domain Admin","Whois Privacy Corp.","Ocean Centre, Montagu Foreshore, East Bay Street","Nassau","New Providence","","Bahamas","squadshouts.com-tech-ub41@customers.whoisprivacycorp.com","+1.5163872248","","","","","","","","","","","","ns-canada.topdns.com","ns-uk.topdns.com","ns-usa.topdns.com","","clientTransferProhibited","ok","",""
"22","worldfueldispenser.com","2020-05-11 20:14:34","2020-05-08","2020-05-08","2021-05-08","2487","Internet Domain Services BS Corp","whois.publicinterestregistry.net","http://www.internetbs.net","Domain Admin","Whois Privacy Corp.","Ocean Centre, Montagu Foreshore, East Bay Street","Nassau","New Providence","","Bahamas","worldfueldispenser.com-owner-tsnb@customers.whoisprivacycorp.com","+1.5163872248","","Domain Admin","Whois Privacy Corp.","Ocean Centre, Montagu Foreshore, East Bay Street","Nassau","New Providence","","Bahamas","worldfueldispenser.com-admin-2b7h@customers.whoisprivacycorp.com","+1.5163872248","","Domain Admin","Whois Privacy Corp.","Ocean Centre, Montagu Foreshore, East Bay Street","Nassau","New Providence","","Bahamas","worldfueldispenser.com-tech-yb7f@customers.whoisprivacycorp.com","+1.5163872248","","","","","","","","","","","","ns1.worldfueldispenser.com","ns2.worldfueldispenser.com","","","clientTransferProhibited","ok","",""