"num","domain_name","query_time","create_date","update_date","expiry_date","domain_registrar_id","domain_registrar_name","domain_registrar_whois","domain_registrar_url","registrant_name","registrant_company","registrant_address","registrant_city","registrant_state","registrant_zip","registrant_country","registrant_email","registrant_phone","registrant_fax","administrative_name","administrative_company","administrative_address","administrative_city","administrative_state","administrative_zip","administrative_country","administrative_email","administrative_phone","administrative_fax","technical_name","technical_company","technical_address","technical_city","technical_state","technical_zip","technical_country","technical_email","technical_phone","technical_fax","billing_name","billing_company","billing_address","billing_city","billing_state","billing_zip","billing_country","billing_email","billing_phone","billing_fax","name_server_1","name_server_2","name_server_3","name_server_4","domain_status_1","domain_status_2","domain_status_3","domain_status_4"
"1","aamerhat.com","2020-05-11 20:14:24","2020-05-08","2020-05-08","2021-05-08","303","PDR Ltd. d/b/a PublicDomainRegistry.com","whois.publicdomainregistry.com","http://www.publicdomainregistry.com","Md. Atik Bin Mustafij","Aamer Hat","Vill: Uttor Milik Bagha, Post: Bagha-6280 Police Station: Bagha, Dist: Rajshahi","Rajshahi","Rajshahi","6280","Bangladesh","sobuj11bd@gmail.com","+880.01744827686","","Md. Atik Bin Mustafij","Aamer Hat","Vill: Uttor Milik Bagha, Post: Bagha-6280 Police Station: Bagha, Dist: Rajshahi","Rajshahi","Rajshahi","6280","Bangladesh","sobuj11bd@gmail.com","+880.01744827686","","Md. Atik Bin Mustafij","Aamer Hat","Vill: Uttor Milik Bagha, Post: Bagha-6280 Police Station: Bagha, Dist: Rajshahi","Rajshahi","Rajshahi","6280","Bangladesh","sobuj11bd@gmail.com","+880.01744827686","","","","","","","","","","","","ns3.zhostbd.com","ns4.zhostbd.com","","","clientTransferProhibited","","",""
"2","achieversltd.com","2020-05-11 20:14:56","2020-05-08","2020-05-10","2021-05-08","303","PDR Ltd. d/b/a PublicDomainRegistry.com","whois.publicdomainregistry.com","http://www.publicdomainregistry.com","Md. Masud","Achievers Ltd","Bonosree, Dhaka","Dhaka","Dhaka","1219","Bangladesh","mdmasud777@gmail.com","+880.1710098000","","Md. Masud","Achievers Ltd","Bonosree, Dhaka","Dhaka","Dhaka","1219","Bangladesh","mdmasud777@gmail.com","+880.1710098000","","Md. Masud","Achievers Ltd","Bonosree, Dhaka","Dhaka","Dhaka","1219","Bangladesh","mdmasud777@gmail.com","+880.1710098000","","","","","","","","","","","","carla.ns.cloudflare.com","vin.ns.cloudflare.com","","","clientTransferProhibited","","",""
"3","almondpost.com","2020-05-11 19:55:12","2020-05-09","2020-05-09","2021-05-09","303","PDR Ltd. d/b/a PublicDomainRegistry.com","whois.publicdomainregistry.com","http://www.publicdomainregistry.com","Zabihullah Amiri","Iut","Board bazar","Gazipur","Dhaka","1704","Bangladesh","zabihullah@iut-dhaka.edu","+880.1834688378","","Zabihullah Amiri","Iut","Board bazar","Gazipur","Dhaka","1704","Bangladesh","zabihullah@iut-dhaka.edu","+880.1834688378","","Zabihullah Amiri","Iut","Board bazar","Gazipur","Dhaka","1704","Bangladesh","zabihullah@iut-dhaka.edu","+880.1834688378","","","","","","","","","","","","ns1.hostingbangladesh.com","ns2.hostingbangladesh.com","","","clientTransferProhibited","","",""
"4","ashency.com","2020-05-11 19:55:30","2020-05-09","2020-05-09","2021-05-09","1250","Trunkoz Technologies Pvt Ltd. d/b/a OwnRegistrar.com","whois.ownregistrar.com","http://www.ownregistrar.com","Muntasir Mahdi","International Social Parliament","Sylhet, Bangladesh","Sylhet","Sylhet","3100","Bangladesh","muntasir1315@gmail.com","+880.1756783990","","Muntasir Mahdi","International Social Parliament","Sylhet, Bangladesh","Sylhet","Sylhet","3100","Bangladesh","muntasir1315@gmail.com","+880-1756783990","","Muntasir Mahdi","International Social Parliament","Sylhet, Bangladesh","Sylhet","Sylhet","3100","Bangladesh","muntasir1315@gmail.com","+880-1756783990","","","","","","","","","","","","corporate.vip41.noc40.com","corporate.vip42.noc40.com","","","OK","","",""
"5","baipilottraining.com","2020-05-11 20:16:23","2020-05-09","2020-05-09","2021-05-09","303","PDR Ltd. d/b/a PublicDomainRegistry.com","whois.publicdomainregistry.com","http://www.publicdomainregistry.com","Rashik Nahian","Wezapps","House# 35/B, Road# 9/A, Dhanmondi R/A","DHAKA","Dhaka","1209","Bangladesh","wezapps@gmail.com","+880.01611001321","","Rashik Nahian","Wezapps","House# 35/B, Road# 9/A, Dhanmondi R/A","DHAKA","Dhaka","1209","Bangladesh","wezapps@gmail.com","+880.01611001321","","Rashik Nahian","Wezapps","House# 35/B, Road# 9/A, Dhanmondi R/A","DHAKA","Dhaka","1209","Bangladesh","wezapps@gmail.com","+880.01611001321","","","","","","","","","","","","ns299.websitewelcome.com","ns300.websitewelcome.com","","","clientTransferProhibited","","",""
"6","banijjoprotidin.com","2020-05-11 19:55:31","2020-05-08","2020-05-08","2021-05-08","1495","BigRock Solutions Ltd.","whois.bigrock.com","http://www.bigrock.com","AKM Rashed  Shahriar","","Purana Paltan","Dhaka","Dhaka","1200","Bangladesh","banijjoprotidin@gmail.com","+880.1818739393","","AKM Rashed  Shahriar","","Purana Paltan","Dhaka","Dhaka","1200","Bangladesh","banijjoprotidin@gmail.com","+880.1818739393","","AKM Rashed  Shahriar","","Purana Paltan","Dhaka","Dhaka","1200","Bangladesh","banijjoprotidin@gmail.com","+880.1818739393","","","","","","","","","","","","ns1.speedhostbd.com","ns2.speedhostbd.com","","","clientTransferProhibited","","",""
"7","bhorerazan.com","2020-05-11 20:17:34","2020-05-09","2020-05-09","2021-05-09","303","PDR Ltd. d/b/a PublicDomainRegistry.com","whois.publicdomainregistry.com","http://www.publicdomainregistry.com","Shamim Reza","","Ka 34, Kuril, Baridhara 0","Dhaka","Dhaka","1229","Bangladesh","meshamim07@gmail.com","+880.1742992299","","Shamim Reza","","Ka 34, Kuril, Baridhara 0","Dhaka","Dhaka","1229","Bangladesh","meshamim07@gmail.com","+880.1742992299","","Shamim Reza","","Ka 34, Kuril, Baridhara 0","Dhaka","Dhaka","1229","Bangladesh","meshamim07@gmail.com","+880.1742992299","","","","","","","","","","","","dns1.namecheaphosting.com","dns2.namecheaphosting.com","","","clientTransferProhibited","","",""
"8","businece.com","2020-05-11 20:14:24","2020-05-08","2020-05-08","2021-05-08","303","PDR Ltd. d/b/a PublicDomainRegistry.com","whois.publicdomainregistry.com","http://www.publicdomainregistry.com","MD Jahangir Alom","Businece","Natun Bazar Baridhara","Dhaka","Dhaka","1229","Bangladesh","jahangiralompial@gmail.com","+880.01749770222","","MD Jahangir Alom","Businece","Natun Bazar Baridhara","Dhaka","Dhaka","1229","Bangladesh","jahangiralompial@gmail.com","+880.01749770222","","MD Jahangir Alom","Businece","Natun Bazar Baridhara","Dhaka","Dhaka","1229","Bangladesh","jahangiralompial@gmail.com","+880.01749770222","","","","","","","","","","","","ns10.webhostbd.net","ns9.webhostbd.net","","","clientTransferProhibited","","",""
"9","chashiponno.com","2020-05-11 20:14:22","2020-05-08","2020-05-09","2021-05-08","1479","Namesilo, LLC","whois.namesilo.com","http://www.namesilo.com","Md sohel Rana","","58, north jatrabari 58, north Jatrabari,dhaka","Dhaka","Jatrabari","1204","Bangladesh","chashiponno24@gmail.com","+880.1400880660","","Md sohel Rana","","58, north jatrabari 58, north Jatrabari,dhaka","Dhaka","Jatrabari","1204","Bangladesh","chashiponno24@gmail.com","+880.1400880660","","Md sohel Rana","","58, north jatrabari 58, north Jatrabari,dhaka","Dhaka","Jatrabari","1204","Bangladesh","chashiponno24@gmail.com","+880.1400880660","","","","","","","","","","","","ns1.arhostbd.com","ns2.arhostbd.com","","","clientTransferProhibited","","",""
"10","decode-encode.com","2020-05-11 20:15:40","2020-05-09","2020-05-09","2021-05-09","303","PDR Ltd. d/b/a PublicDomainRegistry.com","whois.publicdomainregistry.com","http://www.publicdomainregistry.com","ABDUL KADER","netcloudservice.com","Mirpur, Section#01 Dhaka","Dhaka","Dhaka","1216","Bangladesh","netcloudservice@gmail.com","+880.01515644016","","ABDUL KADER","netcloudservice.com","Mirpur, Section#01 Dhaka","Dhaka","Dhaka","1216","Bangladesh","netcloudservice@gmail.com","+880.01515644016","","ABDUL KADER","netcloudservice.com","Mirpur, Section#01 Dhaka","Dhaka","Dhaka","1216","Bangladesh","netcloudservice@gmail.com","+880.01515644016","","","","","","","","","","","","usm11.noc41.com","usm12.noc41.com","","","clientTransferProhibited","","",""
"11","freelancerinstitute.com","2020-05-11 19:55:14","2020-05-08","2020-05-08","2021-05-08","303","PDR Ltd. d/b/a PublicDomainRegistry.com","whois.publicdomainregistry.com","http://www.publicdomainregistry.com","MOHAMMAD ZIAUR RAHMAN","DOTSKILL","F-7 Agargaon Sher-E-Bangla Nagar","Dhaka","Dhaka","1207","Bangladesh","ziaamail@gmail.com","+880.1712660899","","MOHAMMAD ZIAUR RAHMAN","DOTSKILL","F-7 Agargaon Sher-E-Bangla Nagar","Dhaka","Dhaka","1207","Bangladesh","ziaamail@gmail.com","+880.1712660899","","MOHAMMAD ZIAUR RAHMAN","DOTSKILL","F-7 Agargaon Sher-E-Bangla Nagar","Dhaka","Dhaka","1207","Bangladesh","ziaamail@gmail.com","+880.1712660899","","","","","","","","","","","","ns1.md-18.webhostbox.net","ns2.md-18.webhostbox.net","","","clientTransferProhibited","","",""
"12","hay-1.com","2020-05-11 19:55:01","2020-05-09","2020-05-09","2021-05-09","303","PDR Ltd. d/b/a PublicDomainRegistry.com","whois.publicdomainregistry.com","http://www.publicdomainregistry.com","Musa s Jawo","","islamic university of technology Board Bazar, Gazipur-1704","Dhaka","Board Bazar","1704","Bangladesh","jawom360@gmail.com","+880.1823459863","","Musa s Jawo","","islamic university of technology Board Bazar, Gazipur-1704","Dhaka","Board Bazar","1704","Bangladesh","jawom360@gmail.com","+880.1823459863","","Musa s Jawo","","islamic university of technology Board Bazar, Gazipur-1704","Dhaka","Board Bazar","1704","Bangladesh","jawom360@gmail.com","+880.1823459863","","","","","","","","","","","","us1.hostingbangladesh.com","us2.hostingbangladesh.com","","","clientTransferProhibited","","",""
"13","htmtechnology-ltd.com","2020-05-11 20:17:26","2020-05-09","2020-05-09","2021-05-09","303","PDR Ltd. d/b/a PublicDomainRegistry.com","whois.publicdomainregistry.com","http://www.publicdomainregistry.com","HTM","HTM Technology","Cornelhat  Ctg","Ctg","Chittagong","4100","Bangladesh","habibw3cse@gmail.com","+880.1820189876","","HTM","HTM Technology","Cornelhat  Ctg","Ctg","Chittagong","4100","Bangladesh","habibw3cse@gmail.com","+880.1820189876","","HTM","HTM Technology","Cornelhat  Ctg","Ctg","Chittagong","4100","Bangladesh","habibw3cse@gmail.com","+880.1820189876","","","","","","","","","","","","rns5.webhostbox.net","rns6.webhostbox.net","","","clientTransferProhibited","","",""
"14","kachuaprotidin.com","2020-05-11 20:15:01","2020-05-08","2020-05-08","2021-05-08","1861","Porkbun, LLC","whois.porkbun.com","http://porkbun.com","REDACTED FOR PRIVACY","Kachua Protidin","REDACTED FOR PRIVACY","REDACTED FOR PRIVACY","Dhaka","REDACTED FOR PRIVACY","Bangladesh","","REDACTED FOR PRIVACY","REDACTED FOR PRIVACY","REDACTED FOR PRIVACY","REDACTED FOR PRIVACY","REDACTED FOR PRIVACY","REDACTED FOR PRIVACY","REDACTED FOR PRIVACY","REDACTED FOR PRIVACY","REDACTED FOR PRIVACY","","REDACTED FOR PRIVACY","REDACTED FOR PRIVACY","REDACTED FOR PRIVACY","REDACTED FOR PRIVACY","REDACTED FOR PRIVACY","REDACTED FOR PRIVACY","REDACTED FOR PRIVACY","REDACTED FOR PRIVACY","REDACTED FOR PRIVACY","","REDACTED FOR PRIVACY","REDACTED FOR PRIVACY","","","","","","","","","","","curitiba.porkbun.com","fortaleza.porkbun.com","maceio.porkbun.com","salvador.porkbun.com","clientDeleteProhibited","clientTransferProhibited","",""
"15","odmbd.com","2020-05-11 20:16:07","2020-05-09","2020-05-09","2021-05-09","303","PDR Ltd. d/b/a PublicDomainRegistry.com","whois.publicdomainregistry.com","http://www.publicdomainregistry.com","odm bd","online digital marketing bangladesh","DEPZ,Ashulia,Dhaka","Dhaka","DEPZ","1349","Bangladesh","odmbangladesh@gmail.com","+880.01923317031","","odm bd","online digital marketing bangladesh","DEPZ,Ashulia,Dhaka","Dhaka","DEPZ","1349","Bangladesh","odmbangladesh@gmail.com","+880.01923317031","","odm bd","online digital marketing bangladesh","DEPZ,Ashulia,Dhaka","Dhaka","DEPZ","1349","Bangladesh","odmbangladesh@gmail.com","+880.01923317031","","","","","","","","","","","","ns10.webhostbd.net","ns9.webhostbd.net","","","clientTransferProhibited","","",""
"16","oliveagrobazar.com","2020-05-11 20:14:22","2020-05-08","2020-05-08","2021-05-08","303","PDR Ltd. d/b/a PublicDomainRegistry.com","whois.publicdomainregistry.com","http://www.publicdomainregistry.com","Sinthia Liza","","Dhanmondi Dhaka","Dhaka","Dhaka","1216","Bangladesh","sinthia7056liza@gmail.com","+880.1819982604","","Sinthia Liza","","Dhanmondi Dhaka","Dhaka","Dhaka","1216","Bangladesh","sinthia7056liza@gmail.com","+880.1819982604","","Sinthia Liza","","Dhanmondi Dhaka","Dhaka","Dhaka","1216","Bangladesh","sinthia7056liza@gmail.com","+880.1819982604","","","","","","","","","","","","dns7.codeforhost.com","dns8.codeforhost.com","","","clientTransferProhibited","","",""
"17","organicchal.com","2020-05-11 20:15:33","2020-05-09","2020-05-09","2021-05-09","303","PDR Ltd. d/b/a PublicDomainRegistry.com","whois.publicdomainregistry.com","http://www.publicdomainregistry.com","Nurullah Akand   Nur","Loyal Business Pvt. Ltd","Sherpur, Mymensingh, Bangladesh Uttara, Dhaka, Bangladesh","Sherpur","Sherpur Town","2100","Bangladesh","nurullahakandnur@gmail.com","+880.1728575695","","Nurullah Akand Nur","Loyal Business Pvt. Ltd","Sherpur, Mymensingh, Bangladesh Uttara, Dhaka, Bangladesh","Sherpur","Sherpur Town","2100","Bangladesh","organicchalltd@gmail.com","+880.1728575695","","Nurullah Akand Nur","Loyal Business Pvt. Ltd","Sherpur, Mymensingh, Bangladesh Uttara, Dhaka, Bangladesh","Sherpur","Sherpur Town","2100","Bangladesh","organicchalltd@gmail.com","+880.1728575695","","","","","","","","","","","","ns1.codeforhost.com","ns2.codeforhost.com","ns3.codeforhost.com","ns4.codeforhost.com","clientTransferProhibited","","",""
"18","playgamesnews.com","2020-05-11 19:55:18","2020-05-09","2020-05-09","2021-05-09","303","PDR Ltd. d/b/a PublicDomainRegistry.com","whois.publicdomainregistry.com","http://www.publicdomainregistry.com","Emdad Haque","","Maktapur","Nachol","Chapai Nawabganj","6310","Bangladesh","emdadnachol@gmail.com","+880.1916888992","","Emdad Haque","","Maktapur","Nachol","Chapai Nawabganj","6310","Bangladesh","emdadnachol@gmail.com","+880.1916888992","","Emdad Haque","","Maktapur","Nachol","Chapai Nawabganj","6310","Bangladesh","emdadnachol@gmail.com","+880.1916888992","","","","","","","","","","","","ns1.itnuthosting.com","ns2.itnuthosting.com","","","clientTransferProhibited","","",""
"19","resilient-iot.com","2020-05-11 20:16:05","2020-05-09","2020-05-09","2021-05-09","146","GoDaddy.com, LLC","whois.godaddy.com","http://registrar.godaddy.com","","","","","CA","","Bangladesh","","","","","","","","","","","","","","","","","","","","","","","","","","","","","","","","","","ns59.domaincontrol.com","ns60.domaincontrol.com","","","clientDeleteProhibited","clientRenewProhibited","clientTransferProhibited","clientUpdateProhibited"
"20","ruetians.com","2020-05-11 20:17:34","2020-05-09","2020-05-09","2021-05-09","3812","Innovadeus Pvt. Ltd.","","","Faisal Faruque Rafat","","Vill: Marjal, P.O: Marjal Bazar Upazilla: Raipura","Narsingdi","Dhaka","1630","Bangladesh","faisalfaruquerafat@gmail.com","+880.1734512161","","Faisal Faruque Rafat","","Vill: Marjal, P.O: Marjal Bazar Upazilla: Raipura","Narsingdi","Dhaka","1630","Bangladesh","faisalfaruquerafat@gmail.com","+880.1734512161","","Faisal Faruque Rafat","","Vill: Marjal, P.O: Marjal Bazar Upazilla: Raipura","Narsingdi","Dhaka","1630","Bangladesh","faisalfaruquerafat@gmail.com","+880.1734512161","","","","","","","","","","","","ns1.dianahost.net","ns2.dianahost.net","","","clientTransferProhibited","","",""
"21","saleshubbd.com","2020-05-11 19:54:53","2020-05-09","2020-05-09","2021-05-09","3812","Innovadeus Pvt. Ltd.","","","Md Nurul Amin Morshed","","House# 11, Anondo Road, Mirpur-14 Police Station: Kafrul","Dhaka","Dhaka","1216","Bangladesh","morshed1997@gmail.com","+880.1718964723","","Md Nurul Amin Morshed","","House# 11, Anondo Road, Mirpur-14 Police Station: Kafrul","Dhaka","Dhaka","1216","Bangladesh","morshed1997@gmail.com","+880.1718964723","","Md Nurul Amin Morshed","","House# 11, Anondo Road, Mirpur-14 Police Station: Kafrul","Dhaka","Dhaka","1216","Bangladesh","morshed1997@gmail.com","+880.1718964723","","","","","","","","","","","","ns1.dianahost.net","ns2.dianahost.net","","","clientTransferProhibited","","",""
"22","sayemoverseasltd.com","2020-05-11 20:15:27","2020-05-09","2020-05-09","2021-05-09","303","PDR Ltd. d/b/a PublicDomainRegistry.com","whois.publicdomainregistry.com","http://www.publicdomainregistry.com","Raven Quiah","Code Decor","5/7 Sir Sayed Road, Mohammadpur","Dhaka","Dhaka","1207","Bangladesh","code.decor18@gmail.com","+880.01828111586","","Raven Quiah","Code Decor","5/7 Sir Sayed Road, Mohammadpur","Dhaka","Dhaka","1207","Bangladesh","code.decor18@gmail.com","+880.01828111586","","Raven Quiah","Code Decor","5/7 Sir Sayed Road, Mohammadpur","Dhaka","Dhaka","1207","Bangladesh","code.decor18@gmail.com","+880.01828111586","","","","","","","","","","","","ns3.zhostbd.com","ns4.zhostbd.com","","","clientTransferProhibited","","",""
"23","shajolint.com","2020-05-11 20:11:05","2020-05-09","2020-05-09","2021-05-09","303","PDR Ltd. d/b/a PublicDomainRegistry.com","whois.publicdomainregistry.com","http://www.publicdomainregistry.com","Saif Ullah Shajol","Shajol International","South Salina, Porabari, Mymensingh Road,","Gazipur","Dhaka","1706","Bangladesh","sstredint@gmail.com","+880.1745423979","","Saif Ullah Shajol","Shajol International","South Salina, Porabari, Mymensingh Road,","Gazipur","Dhaka","1706","Bangladesh","sstredint@gmail.com","+880.1745423979","","Saif Ullah Shajol","Shajol International","South Salina, Porabari, Mymensingh Road,","Gazipur","Dhaka","1706","Bangladesh","sstredint@gmail.com","+880.1745423979","","","","","","","","","","","","ns1952.enest.xyz","ns1971.enest.xyz","ns3.amarserver.com","ns4.amarserver.com","clientTransferProhibited","","",""
"24","shohagtraders.com","2020-05-11 20:15:51","2020-05-09","2020-05-09","2021-05-09","303","PDR Ltd. d/b/a PublicDomainRegistry.com","whois.publicdomainregistry.com","http://www.publicdomainregistry.com","sabbir rahman","","Mirpur, Dhaka Mirpur, Dhaka","Dhaka","BD","1216","Bangladesh","sabbirrahman.mcc@gmail.com","+880.1977665421","","sabbir rahman","","Mirpur, Dhaka Mirpur, Dhaka","Dhaka","BD","1216","Bangladesh","sabbirrahman.mcc@gmail.com","+880.1977665421","","sabbir rahman","","Mirpur, Dhaka Mirpur, Dhaka","Dhaka","BD","1216","Bangladesh","sabbirrahman.mcc@gmail.com","+880.1977665421","","","","","","","","","","","","us1.hostingbangladesh.com","us2.hostingbangladesh.com","","","clientTransferProhibited","","",""
"25","shopme24.com","2020-05-11 20:15:29","2020-05-09","2020-05-09","2021-05-09","303","PDR Ltd. d/b/a PublicDomainRegistry.com","whois.publicdomainregistry.com","http://www.publicdomainregistry.com","Masum Hasan","Masum's","advoket nazrul sharak","faridpur","dhaka","7800","Bangladesh","dubai69d@gmail.com","+880.1712309092","","Masum Hasan","Masum's","advoket nazrul sharak","faridpur","dhaka","7800","Bangladesh","dubai69d@gmail.com","+880.1712309092","","Masum Hasan","Masum's","advoket nazrul sharak","faridpur","dhaka","7800","Bangladesh","dubai69d@gmail.com","+880.1712309092","","","","","","","","","","","","ns1.hostafirm.com","ns2.hostafirm.com","","","clientTransferProhibited","","",""
"26","stepinbd.com","2020-05-11 20:14:16","2020-05-08","2020-05-08","2021-05-08","303","PDR Ltd. d/b/a PublicDomainRegistry.com","whois.publicdomainregistry.com","http://www.publicdomainregistry.com","MH Shumon","Stepin","8/410 Lucky Plaza (3rd floor) Agrabad","Chattogram","Chittagong","4100","Bangladesh","stepinctg@gmail.com","+880.1819892510","","Sales Department","Click Soft BD","1808 Sk Mujib Road, Agrabad C/A,","Chittagong","Chittagong","4100","Bangladesh","clicksoftbd@gmail.com","+880.1818432923","","Sales Department","Click Soft BD","1808 Sk Mujib Road, Agrabad C/A,","Chittagong","Chittagong","4100","Bangladesh","clicksoftbd@gmail.com","+880.1818432923","","","","","","","","","","","","ns1551.websitewelcome.com","ns1552.websitewelcome.com","","","clientTransferProhibited","","",""
"27","subcontractbd.com","2020-05-11 20:16:16","2020-05-09","2020-05-09","2021-05-09","1154","FastDomain Inc.","whois.fastdomain.com","http://www.fastdomain.com","MD. MUKSUD HOSSAIN","MD. MUKSUD HOSSAIN","159/17/A/6 (APARTMENT - 5C)  WEST SHEWRAPARA","DHAKA","NA","1216","Bangladesh","muksud.hossain@gmail.com","+880.1719370201","","MD. MUKSUD HOSSAIN","MD. MUKSUD HOSSAIN","159/17/A/6 (APARTMENT - 5C)  WEST SHEWRAPARA","DHAKA","NA","1216","Bangladesh","muksud.hossain@gmail.com","+880.1719370201","","BLUEHOST INC","BLUEHOST.COM","550 E TIMPANOGOS PKWY","OREM","UTAH","84097","United States","domain@redl.ca","+1.8017659400","+1.8017651992","","","","","","","","","","","ns1.bluehost.com","ns2.bluehost.com","","","clientTransferProhibited","","",""
"28","thedooring.com","2020-05-11 19:55:16","2020-05-09","2020-05-09","2022-05-09","146","GoDaddy.com, LLC","whois.godaddy.com","http://registrar.godaddy.com","the dooring","the dooring","","","dhaka","","Bangladesh","","","","","","","","","","","","","","","","","","","","","","","","","","","","","","","","","","ns47.domaincontrol.com","ns48.domaincontrol.com","","","clientDeleteProhibited","clientRenewProhibited","clientTransferProhibited","clientUpdateProhibited"