"num","domain_name","query_time","create_date","update_date","expiry_date","domain_registrar_id","domain_registrar_name","domain_registrar_whois","domain_registrar_url","registrant_name","registrant_company","registrant_address","registrant_city","registrant_state","registrant_zip","registrant_country","registrant_email","registrant_phone","registrant_fax","administrative_name","administrative_company","administrative_address","administrative_city","administrative_state","administrative_zip","administrative_country","administrative_email","administrative_phone","administrative_fax","technical_name","technical_company","technical_address","technical_city","technical_state","technical_zip","technical_country","technical_email","technical_phone","technical_fax","billing_name","billing_company","billing_address","billing_city","billing_state","billing_zip","billing_country","billing_email","billing_phone","billing_fax","name_server_1","name_server_2","name_server_3","name_server_4","domain_status_1","domain_status_2","domain_status_3","domain_status_4"
"1","afriqconnect.com","2020-05-11 20:15:55","2020-05-09","2020-05-09","2021-05-09","1630","Ligne Web Services SARL","whois.nic.fr","http://www.ait.com","TOPNET SOLUTIONS","TOPNET SOLUTIONS","","","","","Cameroon","883025db672063b6a3aab8dccecd8fd2@whois-anonymous.com","","","TOPNET SOLUTIONS","TOPNET SOLUTIONS","","","","","Cameroon","883025db672063b6a3aab8dccecd8fd2@whois-anonymous.com","","","TOPNET SOLUTIONS","TOPNET SOLUTIONS","","","","","Cameroon","883025db672063b6a3aab8dccecd8fd2@whois-anonymous.com","","","TOPNET SOLUTIONS","TOPNET SOLUTIONS","","","","","Cameroon","883025db672063b6a3aab8dccecd8fd2@whois-anonymous.com","","","","","","","More","clientTransferProhibited","informations","on"
"2","annshopevolution.com","2020-05-11 19:55:39","2020-05-09","2020-05-11","2021-05-09","81","Gandi SAS","whois.gandi.net","http://www.gandi.net","REDACTED FOR PRIVACY","anneshopevolution.com","REDACTED FOR PRIVACY","REDACTED FOR PRIVACY","","REDACTED FOR PRIVACY","Cameroon","57d4adf2c625b5ebf62d8843a387abb3-18950309@contact.gandi.net","REDACTED FOR PRIVACY","REDACTED FOR PRIVACY","REDACTED FOR PRIVACY","REDACTED FOR PRIVACY","REDACTED FOR PRIVACY","REDACTED FOR PRIVACY","REDACTED FOR PRIVACY","REDACTED FOR PRIVACY","REDACTED FOR PRIVACY","57d4adf2c625b5ebf62d8843a387abb3-18950309@contact.gandi.net","REDACTED FOR PRIVACY","REDACTED FOR PRIVACY","REDACTED FOR PRIVACY","REDACTED FOR PRIVACY","REDACTED FOR PRIVACY","REDACTED FOR PRIVACY","REDACTED FOR PRIVACY","REDACTED FOR PRIVACY","REDACTED FOR PRIVACY","57d4adf2c625b5ebf62d8843a387abb3-18950309@contact.gandi.net","REDACTED FOR PRIVACY","REDACTED FOR PRIVACY","","","","","","","","","","","ns-109-b.gandi.net","ns-114-c.gandi.net","ns-152-a.gandi.net","","clientTransferProhibited","","",""
"3","marke-tingweb.com","2020-05-11 20:12:48","2020-05-09","2020-05-09","2021-05-09","1630","Ligne Web Services SARL","whois.nic.fr","http://www.ait.com","","","","","","","Cameroon","7b2ebbf28bc54e28b6fe66f0f3842f67@whois-anonymous.com","","","","","","","","","Cameroon","7b2ebbf28bc54e28b6fe66f0f3842f67@whois-anonymous.com","","","","","","","","","Cameroon","7b2ebbf28bc54e28b6fe66f0f3842f67@whois-anonymous.com","","","","","","","","","Cameroon","7b2ebbf28bc54e28b6fe66f0f3842f67@whois-anonymous.com","","","","","","","More","clientTransferProhibited","informations","on"
"4","mk-beautebio.com","2020-05-11 19:58:35","2020-05-09","2020-05-09","2021-05-09","886","Domain.com, LLC","whois.domain.com","http://www.domain.com","REDACTED FOR PRIVACY","REDACTED FOR PRIVACY","REDACTED FOR PRIVACY","REDACTED FOR PRIVACY","na","REDACTED FOR PRIVACY","Cameroon","","REDACTED FOR PRIVACY","REDACTED FOR PRIVACY","REDACTED FOR PRIVACY","REDACTED FOR PRIVACY","REDACTED FOR PRIVACY","REDACTED FOR PRIVACY","REDACTED FOR PRIVACY","REDACTED FOR PRIVACY","REDACTED FOR PRIVACY","","REDACTED FOR PRIVACY","REDACTED FOR PRIVACY","REDACTED FOR PRIVACY","REDACTED FOR PRIVACY","REDACTED FOR PRIVACY","REDACTED FOR PRIVACY","REDACTED FOR PRIVACY","REDACTED FOR PRIVACY","REDACTED FOR PRIVACY","","REDACTED FOR PRIVACY","REDACTED FOR PRIVACY","","","","","","","","","","","ns235.hostsserver.com","ns236.hostsserver.com","","","","","",""
"5","omnitechsl.com","2020-05-11 19:59:32","2020-05-08","2020-05-08","2021-05-08","1630","Ligne Web Services SARL","whois.nic.fr","http://www.ait.com","","","","","","","Cameroon","569a71b1572d0e74a9e086c48d31abe3@whois-anonymous.com","","","","","","","","","Cameroon","569a71b1572d0e74a9e086c48d31abe3@whois-anonymous.com","","","","","","","","","Cameroon","569a71b1572d0e74a9e086c48d31abe3@whois-anonymous.com","","","","","","","","","Cameroon","569a71b1572d0e74a9e086c48d31abe3@whois-anonymous.com","","","","","","","More","clientTransferProhibited","informations","on"
"6","toughmeds.com","2020-05-11 20:01:16","2020-05-08","2020-05-08","2021-05-08","303","PDR Ltd. d/b/a PublicDomainRegistry.com","whois.publicdomainregistry.com","http://www.publicdomainregistry.com","Gabar Technologies Sarl","Gabar Technologies Sarl","Blvd de Liberte","Douala","Littoral","00237","Cameroon","gabartechnology@yahoo.com","+237.651556077","","Gabar Technologies Sarl","Gabar Technologies Sarl","Blvd de Liberte","Douala","Littoral","00237","Cameroon","gabartechnology@yahoo.com","+237.651556077","","Gabar Technologies Sarl","Gabar Technologies Sarl","Blvd de Liberte","Douala","Littoral","00237","Cameroon","gabartechnology@yahoo.com","+237.651556077","","","","","","","","","","","","ns3011.mochahost.com","ns4011.mochahost.com","","","clientTransferProhibited","","",""
"7","toutnetservices.com","2020-05-11 19:59:32","2020-05-08","2020-05-08","2021-05-08","1630","Ligne Web Services SARL","whois.nic.fr","http://www.ait.com","","","","","","","Cameroon","30e6529fbcac8439b31eb9d0e46c73ab@whois-anonymous.com","","","","","","","","","Cameroon","30e6529fbcac8439b31eb9d0e46c73ab@whois-anonymous.com","","","","","","","","","Cameroon","30e6529fbcac8439b31eb9d0e46c73ab@whois-anonymous.com","","","","","","","","","Cameroon","30e6529fbcac8439b31eb9d0e46c73ab@whois-anonymous.com","","","","","","","More","clientTransferProhibited","informations","on"
"8","ypayrst.com","2020-05-11 19:58:32","2020-05-09","2020-05-09","2021-05-09","1630","Ligne Web Services SARL","whois.nic.fr","http://www.ait.com","","","","","","","Cameroon","3ad6e0a132af00bbce26b49aca9aaa3d@whois-anonymous.com","","","","","","","","","Cameroon","3ad6e0a132af00bbce26b49aca9aaa3d@whois-anonymous.com","","","","","","","","","Cameroon","3ad6e0a132af00bbce26b49aca9aaa3d@whois-anonymous.com","","","","","","","","","Cameroon","3ad6e0a132af00bbce26b49aca9aaa3d@whois-anonymous.com","","","","","","","More","clientTransferProhibited","informations","on"