"num","domain_name","query_time","create_date","update_date","expiry_date","domain_registrar_id","domain_registrar_name","domain_registrar_whois","domain_registrar_url","registrant_name","registrant_company","registrant_address","registrant_city","registrant_state","registrant_zip","registrant_country","registrant_email","registrant_phone","registrant_fax","administrative_name","administrative_company","administrative_address","administrative_city","administrative_state","administrative_zip","administrative_country","administrative_email","administrative_phone","administrative_fax","technical_name","technical_company","technical_address","technical_city","technical_state","technical_zip","technical_country","technical_email","technical_phone","technical_fax","billing_name","billing_company","billing_address","billing_city","billing_state","billing_zip","billing_country","billing_email","billing_phone","billing_fax","name_server_1","name_server_2","name_server_3","name_server_4","domain_status_1","domain_status_2","domain_status_3","domain_status_4"
"1","716mp.com","2020-05-11 16:03:08","2020-05-11","2020-05-11","2021-05-11","146","GoDaddy.com, LLC","whois.godaddy.com","http://registrar.godaddy.com","Wis INC","Wis INC","","","GCM","","Cayman Islands","","","","","","","","","","","","","","","","","","","","","","","","","","","","","","","","","","ns1.expiereddnsmanager.com","ns2.expiereddnsmanager.com","","","clientDeleteProhibited","clientRenewProhibited","clientTransferProhibited","clientUpdateProhibited"
"2","91dayi.com","2020-05-11 19:58:15","2020-05-08","2020-05-08","2021-05-08","3276","DropCatch.com 1067 LLC","","","Jane Dew","","233 Markey Street","Camana Bay","Grand Cayman","KY1-9006","Cayman Islands","1domains12345@gmail.com","+1.2542245346","","Jane Dew","","233 Markey Street","Camana Bay","Grand Cayman","KY1-9006","Cayman Islands","1domains12345@gmail.com","+1.2542245346","","Jane Dew","","233 Markey Street","Camana Bay","Grand Cayman","KY1-9006","Cayman Islands","1domains12345@gmail.com","+1.2542245346","","","","","","","","","","","","ns1.parklogic.com","ns2.parklogic.com","","","clientTransferProhibited","","",""
"3","applicateka-mob.com","2020-05-11 19:55:01","2020-05-08","2020-05-08","2021-05-08","3344","DropCatch.com 1135 LLC","","","Jane Dew","","233 Markey Street","Camana Bay","Grand Cayman","KY1-9006","Cayman Islands","1domains12345@gmail.com","+1.2542245346","","Jane Dew","","233 Markey Street","Camana Bay","Grand Cayman","KY1-9006","Cayman Islands","1domains12345@gmail.com","+1.2542245346","","Jane Dew","","233 Markey Street","Camana Bay","Grand Cayman","KY1-9006","Cayman Islands","1domains12345@gmail.com","+1.2542245346","","","","","","","","","","","","ns1.parklogic.com","ns2.parklogic.com","","","clientTransferProhibited","","",""
"4","primefundcayman.com","2020-05-11 20:01:26","2020-05-08","2020-05-08","2021-05-08","303","PDR Ltd. d/b/a PublicDomainRegistry.com","whois.publicdomainregistry.com","http://www.publicdomainregistry.com","Darren Bowyer","TECH 365 Group","PO BOX 10489","GRAND CAYMAN","","KY1-1005","Cayman Islands","db@tech365group.com","+1.3455255000","","Darren Bowyer","TECH 365 Group","PO BOX 10489","GRAND CAYMAN","","KY1-1005","Cayman Islands","db@tech365group.com","+1.3455255000","","Darren Bowyer","TECH 365 Group","PO BOX 10489","GRAND CAYMAN","","KY1-1005","Cayman Islands","db@tech365group.com","+1.3455255000","","","","","","","","","","","","ns1.siteground243.com","ns2.siteground243.com","","","clientTransferProhibited","","",""
"5","skinher.com","2020-05-11 20:09:44","2020-05-09","2020-05-09","2021-05-09","146","GoDaddy.com, LLC","whois.godaddy.com","http://registrar.godaddy.com","Semis Capital SPC","Semis Capital SPC","","","Cayman Islands","","Cayman Islands","","","","","","","","","","","","","","","","","","","","","","","","","","","","","","","","","","ns47.domaincontrol.com","ns48.domaincontrol.com","","","clientDeleteProhibited","clientRenewProhibited","clientTransferProhibited","clientUpdateProhibited"
"6","skinhim.com","2020-05-11 20:08:09","2020-05-09","2020-05-09","2021-05-09","146","GoDaddy.com, LLC","whois.godaddy.com","http://registrar.godaddy.com","Semis Capital SPC","Semis Capital SPC","","","Cayman Islands","","Cayman Islands","","","","","","","","","","","","","","","","","","","","","","","","","","","","","","","","","","ns69.domaincontrol.com","ns70.domaincontrol.com","","","clientDeleteProhibited","clientRenewProhibited","clientTransferProhibited","clientUpdateProhibited"
"7","tmz-news-articles.com","2020-05-11 19:56:52","2020-05-08","2020-05-08","2021-05-08","2025","DropCatch.com 545 LLC","whois.namebright.com","http://www.dropcatch545.com","Jane Dew","","233 Markey Street","Camana Bay","Grand Cayman","KY1-9006","Cayman Islands","1domains12345@gmail.com","+1.2542245346","","Jane Dew","","233 Markey Street","Camana Bay","Grand Cayman","KY1-9006","Cayman Islands","1domains12345@gmail.com","+1.2542245346","","Jane Dew","","233 Markey Street","Camana Bay","Grand Cayman","KY1-9006","Cayman Islands","1domains12345@gmail.com","+1.2542245346","","","","","","","","","","","","ns1.parklogic.com","ns2.parklogic.com","","","clientTransferProhibited","","",""
"8","xclinic.pro","2020-05-11 06:27:46","2020-05-09","2020-05-09","2021-05-09","1362","Regtime Ltd.","whois.webnames.ru","http://www.webnames.ru","Private person","Private person","","","Chui","","Cayman Islands","","","","","","","","","","","","","","","","","","","","","","","","","","","","","","","","","","ns5.hoster.kg","ns6.hoster.kg","","","addPeriod","serverTransferProhibited","",""