"num","domain_name","query_time","create_date","update_date","expiry_date","domain_registrar_id","domain_registrar_name","domain_registrar_whois","domain_registrar_url","registrant_name","registrant_company","registrant_address","registrant_city","registrant_state","registrant_zip","registrant_country","registrant_email","registrant_phone","registrant_fax","administrative_name","administrative_company","administrative_address","administrative_city","administrative_state","administrative_zip","administrative_country","administrative_email","administrative_phone","administrative_fax","technical_name","technical_company","technical_address","technical_city","technical_state","technical_zip","technical_country","technical_email","technical_phone","technical_fax","billing_name","billing_company","billing_address","billing_city","billing_state","billing_zip","billing_country","billing_email","billing_phone","billing_fax","name_server_1","name_server_2","name_server_3","name_server_4","domain_status_1","domain_status_2","domain_status_3","domain_status_4"
"1","111porciento.com","2020-05-11 20:02:37","2020-05-08","2020-05-08","2021-05-08","303","PDR Ltd. d/b/a PublicDomainRegistry.com","whois.publicdomainregistry.com","http://www.publicdomainregistry.com","jaime garzon susa","jaime garzon susa","via a la reforma sector la trinidad","Santiago de Cali","valle del cauca","760054","Colombia","nuevoorden54@gmail.com","+57.3006478394","","jaime garzon susa","jaime garzon susa","via a la reforma sector la trinidad","Santiago de Cali","valle del cauca","760054","Colombia","nuevoorden54@gmail.com","+57.3006478394","","jaime garzon susa","jaime garzon susa","via a la reforma sector la trinidad","Santiago de Cali","valle del cauca","760054","Colombia","nuevoorden54@gmail.com","+57.3006478394","","","","","","","","","","","","ns1.dns-parking.com","ns2.dns-parking.com","","","clientTransferProhibited","","",""
"2","acdevirtual.com","2020-05-11 20:02:34","2020-05-08","2020-05-08","2021-05-08","625","Name.com, Inc.","whois.name.com","http://www.name.com","UnWeb ParaTodos","UnWeb.CO","urb Ciudad del Sol Mz A C20","Santa Marta","Magdalena","47001","Colombia","jdcastro@unwebparatodos.net","+57.3005607921","","UnWeb ParaTodos","UnWeb.CO","urb Ciudad del Sol Mz A C20","Santa Marta","Magdalena","47001","Colombia","jdcastro@unwebparatodos.net","+57.3005607921","","UnWeb ParaTodos","UnWeb.CO","urb Ciudad del Sol Mz A C20","Santa Marta","Magdalena","47001","Colombia","jdcastro@unwebparatodos.net","+57.3005607921","","","","","","","","","","","","ns3.solucionesjdc.com","ns4.solucionesjdc.com","","","addPeriod","clientTransferProhibited","",""
"3","albernera.com","2020-05-11 20:05:38","2020-05-09","2020-05-09","2021-05-09","69","Tucows Domains Inc.","whois.tucows.com","http://domainhelp.opensrs.net","REDACTED FOR PRIVACY","REDACTED FOR PRIVACY","REDACTED FOR PRIVACY","REDACTED FOR PRIVACY","Cundinamarca","REDACTED FOR PRIVACY","Colombia","","REDACTED FOR PRIVACY","REDACTED FOR PRIVACY","REDACTED FOR PRIVACY","REDACTED FOR PRIVACY","REDACTED FOR PRIVACY","REDACTED FOR PRIVACY","REDACTED FOR PRIVACY","REDACTED FOR PRIVACY","REDACTED FOR PRIVACY","","REDACTED FOR PRIVACY","REDACTED FOR PRIVACY","REDACTED FOR PRIVACY","REDACTED FOR PRIVACY","REDACTED FOR PRIVACY","REDACTED FOR PRIVACY","REDACTED FOR PRIVACY","REDACTED FOR PRIVACY","REDACTED FOR PRIVACY","","REDACTED FOR PRIVACY","REDACTED FOR PRIVACY","","","","","","","","","","","ns1.colombiahosting.com","ns2.colombiahosting.com","","","","","",""
"4","alvaromontes.com","2020-05-11 20:16:24","2020-05-09","2020-05-09","2021-05-09","303","PDR Ltd. d/b/a PublicDomainRegistry.com","whois.publicdomainregistry.com","http://www.publicdomainregistry.com","Alvaro  Montes","Alvaro  Montes","Calle 9 A No. 14 F 28","Chia","Cundinamarca","250001","Colombia","alvaro.montes@yahoo.com","+57.3012098960","","Alvaro  Montes","Alvaro  Montes","Calle 9 A No. 14 F 28","Chia","Cundinamarca","250001","Colombia","alvaro.montes@yahoo.com","+57.3012098960","","Alvaro  Montes","Alvaro  Montes","Calle 9 A No. 14 F 28","Chia","Cundinamarca","250001","Colombia","alvaro.montes@yahoo.com","+57.3012098960","","","","","","","","","","","","ns1.dns-parking.com","ns2.dns-parking.com","","","clientTransferProhibited","","",""
"5","amiigosports.com","2020-05-11 20:02:20","2020-05-08","2020-05-08","2021-05-08","69","Tucows Domains Inc.","whois.tucows.com","http://domainhelp.opensrs.net","REDACTED FOR PRIVACY","REDACTED FOR PRIVACY","REDACTED FOR PRIVACY","REDACTED FOR PRIVACY","Cundinamarca","REDACTED FOR PRIVACY","Colombia","","REDACTED FOR PRIVACY","REDACTED FOR PRIVACY","REDACTED FOR PRIVACY","REDACTED FOR PRIVACY","REDACTED FOR PRIVACY","REDACTED FOR PRIVACY","REDACTED FOR PRIVACY","REDACTED FOR PRIVACY","REDACTED FOR PRIVACY","","REDACTED FOR PRIVACY","REDACTED FOR PRIVACY","REDACTED FOR PRIVACY","REDACTED FOR PRIVACY","REDACTED FOR PRIVACY","REDACTED FOR PRIVACY","REDACTED FOR PRIVACY","REDACTED FOR PRIVACY","REDACTED FOR PRIVACY","","REDACTED FOR PRIVACY","REDACTED FOR PRIVACY","","","","","","","","","","","ns1.colombiahosting.com","ns2.colombiahosting.com","","","","","",""
"6","apicala.com","2020-05-11 19:57:46","2020-05-08","2020-05-10","2021-05-08","2826","Domain Secure LLC","whois.domainsecurellc.com","http://www.networksolutions.com","Rodrigo Lozano","","Cra 23 103-61","Bogota","Cundinamarca","0102030","Colombia","rlozanos@gmail.com","+57.3204038742","","Rodrigo Lozano","","Cra 23 103-61","Bogota","Cundinamarca","0102030","Colombia","rlozanos@gmail.com","+57.3204038742","","Rodrigo Lozano","","Cra 23 103-61","Bogota","Cundinamarca","0102030","Colombia","rlozanos@gmail.com","+57.3204038742","","","","","","","","","","","","dns1.register.com","dns2.register.com","","","clientTransferProhibited","","",""
"7","areaquality.com","2020-05-11 20:14:49","2020-05-08","2020-05-08","2021-05-08","146","GoDaddy.com, LLC","whois.godaddy.com","http://registrar.godaddy.com","","","","","Antioquia","","Colombia","","","","","","","","","","","","","","","","","","","","","","","","","","","","","","","","","","ns47.domaincontrol.com","ns48.domaincontrol.com","","","clientDeleteProhibited","clientRenewProhibited","clientTransferProhibited","clientUpdateProhibited"
"8","avivamientoparaelmundo.com","2020-05-11 20:14:33","2020-05-08","2020-05-08","2021-05-08","303","PDR Ltd. d/b/a PublicDomainRegistry.com","whois.publicdomainregistry.com","http://www.publicdomainregistry.com","Miguel Angel  Serrato","Iglesia Cristiana Avivamiento para El mundo","No disponible","Espinal","Tolima","110001","Colombia","avivamientoparaelmundo@yahoo.com","+57.3134853386","","Miguel Angel  Serrato","Iglesia Cristiana Avivamiento para El mundo","No disponible","Espinal","Tolima","110001","Colombia","avivamientoparaelmundo@yahoo.com","+57.3134853386","","Miguel Angel  Serrato","Iglesia Cristiana Avivamiento para El mundo","No disponible","Espinal","Tolima","110001","Colombia","avivamientoparaelmundo@yahoo.com","+57.3134853386","","","","","","","","","","","","ns1.colombiawebs.net","ns2.colombiawebs.net","ns5.colombiawebs.net","ns6.colombiawebs.net","clientTransferProhibited","","",""
"9","beaststrading.com","2020-05-11 20:00:49","2020-05-08","2020-05-08","2021-05-08","146","GoDaddy.com, LLC","whois.godaddy.com","http://registrar.godaddy.com","Beasts Trading Academy","Beasts Trading Academy","","","Cordoba","","Colombia","","","","","","","","","","","","","","","","","","","","","","","","","","","","","","","","","","ns55.domaincontrol.com","ns56.domaincontrol.com","","","clientDeleteProhibited","clientRenewProhibited","clientTransferProhibited","clientUpdateProhibited"
"10","bienconstruido.com","2020-05-11 20:02:14","2020-05-08","2020-05-08","2021-05-08","69","Tucows Domains Inc.","whois.tucows.com","http://domainhelp.opensrs.net","REDACTED FOR PRIVACY","REDACTED FOR PRIVACY","REDACTED FOR PRIVACY","REDACTED FOR PRIVACY","Nari?o","REDACTED FOR PRIVACY","Colombia","","REDACTED FOR PRIVACY","REDACTED FOR PRIVACY","REDACTED FOR PRIVACY","REDACTED FOR PRIVACY","REDACTED FOR PRIVACY","REDACTED FOR PRIVACY","REDACTED FOR PRIVACY","REDACTED FOR PRIVACY","REDACTED FOR PRIVACY","","REDACTED FOR PRIVACY","REDACTED FOR PRIVACY","REDACTED FOR PRIVACY","REDACTED FOR PRIVACY","REDACTED FOR PRIVACY","REDACTED FOR PRIVACY","REDACTED FOR PRIVACY","REDACTED FOR PRIVACY","REDACTED FOR PRIVACY","","REDACTED FOR PRIVACY","REDACTED FOR PRIVACY","","","","","","","","","","","ns1.colombiahosting.com","ns2.colombiahosting.com","","","","","",""
"11","biohigher.com","2020-05-11 20:14:10","2020-05-08","2020-05-08","2021-05-08","303","PDR Ltd. d/b/a PublicDomainRegistry.com","whois.publicdomainregistry.com","http://www.publicdomainregistry.com","Arturo Cacais","Arturo Cacais","Cucuta","Cucuta","Norte de Santander","050042","Colombia","jhonatanarturocacais@gmail.com","+57.3118757645","","Arturo Cacais","Arturo Cacais","Cucuta","Cucuta","Norte de Santander","050042","Colombia","jhonatanarturocacais@gmail.com","+57.3118757645","","Arturo Cacais","Arturo Cacais","Cucuta","Cucuta","Norte de Santander","050042","Colombia","jhonatanarturocacais@gmail.com","+57.3118757645","","","","","","","","","","","","ns5932.banahosting.com","ns5933.banahosting.com","","","clientTransferProhibited","","",""
"12","boxultravioleta.com","2020-05-11 20:15:28","2020-05-09","2020-05-09","2021-05-09","146","GoDaddy.com, LLC","whois.godaddy.com","http://registrar.godaddy.com","MARINA CALVO","MARINA CALVO","","","Atlantico","","Colombia","","","","","","","","","","","","","","","","","","","","","","","","","","","","","","","","","","ns59.domaincontrol.com","ns60.domaincontrol.com","","","clientDeleteProhibited","clientRenewProhibited","clientTransferProhibited","clientUpdateProhibited"
"13","c4safety.com","2020-05-11 19:58:38","2020-05-09","2020-05-09","2021-05-09","303","PDR Ltd. d/b/a PublicDomainRegistry.com","whois.publicdomainregistry.com","http://www.publicdomainregistry.com","C4 Safety","c4safety","Bogota","Bogota","Bogota","110111","Colombia","willwork.co@gmail.com","+57.3167060389","","C4 Safety","c4safety","Bogota","Bogota","Bogota","110111","Colombia","willwork.co@gmail.com","+57.3167060389","","C4 Safety","c4safety","Bogota","Bogota","Bogota","110111","Colombia","willwork.co@gmail.com","+57.3167060389","","","","","","","","","","","","ns12.prodns.com.co","ns13.prodns.com.co","","","clientTransferProhibited","","",""
"14","casalastrinitarias.com","2020-05-11 20:02:51","2020-05-08","2020-05-08","2021-05-08","146","GoDaddy.com, LLC","whois.godaddy.com","http://registrar.godaddy.com","","","","","cundinamarca","","Colombia","","","","","","","","","","","","","","","","","","","","","","","","","","","","","","","","","","ns69.domaincontrol.com","ns70.domaincontrol.com","","","clientDeleteProhibited","clientRenewProhibited","clientTransferProhibited","clientUpdateProhibited"
"15","centroindigenayanomami.com","2020-05-11 20:08:23","2020-05-09","2020-05-09","2021-05-09","303","PDR Ltd. d/b/a PublicDomainRegistry.com","whois.publicdomainregistry.com","http://www.publicdomainregistry.com","Luis Ortiz","Luis Ortiz","Cucuta","Cucuta","Norte de santander","540001","Colombia","luisalbertoo28@gmail.com","+57.3182243841","","Luis Ortiz","Luis Ortiz","Cucuta","Cucuta","Norte de santander","540001","Colombia","luisalbertoo28@gmail.com","+57.3182243841","","Luis Ortiz","Luis Ortiz","Cucuta","Cucuta","Norte de santander","540001","Colombia","luisalbertoo28@gmail.com","+57.3182243841","","","","","","","","","","","","ns1.dns-parking.com","ns2.dns-parking.com","","","clientTransferProhibited","","",""
"16","clifforveterinaria.com","2020-05-11 20:07:12","2020-05-09","2020-05-09","2021-05-09","303","PDR Ltd. d/b/a PublicDomainRegistry.com","whois.publicdomainregistry.com","http://www.publicdomainregistry.com","Cristian Leon","vectorial marketing","Calle 36 # 68-60 internet 223","Itagui","Antioquia","055413","Colombia","chrisxom220021@gmail.com","+57.3104249698","","Cristian Leon","vectorial marketing","Calle 36 # 68-60 internet 223","Itagui","Antioquia","055413","Colombia","chrisxom220021@gmail.com","+57.3104249698","","Cristian Leon","vectorial marketing","Calle 36 # 68-60 internet 223","Itagui","Antioquia","055413","Colombia","chrisxom220021@gmail.com","+57.3104249698","","","","","","","","","","","","dns1.node-srv.com","dns2.node-srv.com","","","clientTransferProhibited","","",""
"17","codefoxneiva.com","2020-05-11 19:56:49","2020-05-09","2020-05-09","2021-05-09","303","PDR Ltd. d/b/a PublicDomainRegistry.com","whois.publicdomainregistry.com","http://www.publicdomainregistry.com","Andres Felipe Galindo Davila","CODEFOX","Carrera 16 c N 50 a 33","Neiva","Neiva Huila","050042","Colombia","pipegalindo10@gmail.com","+57.3166294486","","Andres Felipe Galindo Davila","CODEFOX","Carrera 16 c N 50 a 33","Neiva","Neiva Huila","050042","Colombia","pipegalindo10@gmail.com","+57.3166294486","","Andres Felipe Galindo Davila","CODEFOX","Carrera 16 c N 50 a 33","Neiva","Neiva Huila","050042","Colombia","pipegalindo10@gmail.com","+57.3166294486","","","","","","","","","","","","ns1.latinoamericahosting.com","ns2.latinoamericahosting.com","","","clientTransferProhibited","","",""
"18","construramaferroangel.com","2020-05-11 20:02:16","2020-05-08","2020-05-08","2021-05-08","69","Tucows Domains Inc.","whois.tucows.com","http://domainhelp.opensrs.net","REDACTED FOR PRIVACY","REDACTED FOR PRIVACY","REDACTED FOR PRIVACY","REDACTED FOR PRIVACY","C?rdoba","REDACTED FOR PRIVACY","Colombia","","REDACTED FOR PRIVACY","REDACTED FOR PRIVACY","REDACTED FOR PRIVACY","REDACTED FOR PRIVACY","REDACTED FOR PRIVACY","REDACTED FOR PRIVACY","REDACTED FOR PRIVACY","REDACTED FOR PRIVACY","REDACTED FOR PRIVACY","","REDACTED FOR PRIVACY","REDACTED FOR PRIVACY","REDACTED FOR PRIVACY","REDACTED FOR PRIVACY","REDACTED FOR PRIVACY","REDACTED FOR PRIVACY","REDACTED FOR PRIVACY","REDACTED FOR PRIVACY","REDACTED FOR PRIVACY","","REDACTED FOR PRIVACY","REDACTED FOR PRIVACY","","","","","","","","","","","ns1.colombiahosting.com","ns2.colombiahosting.com","","","","","",""
"19","convergenciajuridica.com","2020-05-11 20:15:46","2020-05-09","2020-05-09","2021-05-09","146","GoDaddy.com, LLC","whois.godaddy.com","http://registrar.godaddy.com","Convergencia Juridica S.A.S.","Convergencia Juridica S.A.S.","","","Risaralda","","Colombia","","","","","","","","","","","","","","","","","","","","","","","","","","","","","","","","","","ns59.domaincontrol.com","ns60.domaincontrol.com","","","clientDeleteProhibited","clientRenewProhibited","clientTransferProhibited","clientUpdateProhibited"
"20","cristotupasion.com","2020-05-11 20:06:39","2020-05-09","2020-05-09","2021-05-09","146","GoDaddy.com, LLC","whois.godaddy.com","http://registrar.godaddy.com","","","","","santander","","Colombia","","","","","","","","","","","","","","","","","","","","","","","","","","","","","","","","","","ns75.domaincontrol.com","ns76.domaincontrol.com","","","clientDeleteProhibited","clientRenewProhibited","clientTransferProhibited","clientUpdateProhibited"
"21","cuerosdeleje.com","2020-05-11 20:03:46","2020-05-08","2020-05-08","2021-05-08","146","GoDaddy.com, LLC","whois.godaddy.com","http://registrar.godaddy.com","","","","","Quindio","","Colombia","","","","","","","","","","","","","","","","","","","","","","","","","","","","","","","","","","ns15.domaincontrol.com","ns16.domaincontrol.com","","","clientDeleteProhibited","clientRenewProhibited","clientTransferProhibited","clientUpdateProhibited"
"22","danzascolombia.com","2020-05-11 20:14:28","2020-05-08","2020-05-08","2021-05-08","146","GoDaddy.com, LLC","whois.godaddy.com","http://registrar.godaddy.com","","","","","Bogota","","Colombia","","","","","","","","","","","","","","","","","","","","","","","","","","","","","","","","","","ns59.domaincontrol.com","ns60.domaincontrol.com","","","clientDeleteProhibited","clientRenewProhibited","clientTransferProhibited","clientUpdateProhibited"
"23","demoscpcagencia2.com","2020-05-11 20:03:51","2020-05-08","2020-05-08","2021-05-08","146","GoDaddy.com, LLC","whois.godaddy.com","http://registrar.godaddy.com","CPC AGENCIA S.A.S.","CPC AGENCIA S.A.S.","","","Risaralda","","Colombia","","","","","","","","","","","","","","","","","","","","","","","","","","","","","","","","","","pdns11.domaincontrol.com","pdns12.domaincontrol.com","","","clientDeleteProhibited","clientRenewProhibited","clientTransferProhibited","clientUpdateProhibited"
"24","denmarcklighting.com","2020-05-11 20:17:37","2020-05-09","2020-05-09","2022-05-09","146","GoDaddy.com, LLC","whois.godaddy.com","http://registrar.godaddy.com","","","","","Antioquia","","Colombia","","","","","","","","","","","","","","","","","","","","","","","","","","","","","","","","","","ns59.domaincontrol.com","ns60.domaincontrol.com","","","clientDeleteProhibited","clientRenewProhibited","clientTransferProhibited","clientUpdateProhibited"
"25","desinfexplus.com","2020-05-11 20:04:16","2020-05-08","2020-05-08","2021-05-08","146","GoDaddy.com, LLC","whois.godaddy.com","http://registrar.godaddy.com","Grupo Legal Juridico","Grupo Legal Juridico","","","Bogota","","Colombia","","","","","","","","","","","","","","","","","","","","","","","","","","","","","","","","","","ns55.domaincontrol.com","ns56.domaincontrol.com","","","clientDeleteProhibited","clientRenewProhibited","clientTransferProhibited","clientUpdateProhibited"
"26","dianacordoba.com","2020-05-11 20:15:31","2020-05-09","2020-05-09","2021-05-09","146","GoDaddy.com, LLC","whois.godaddy.com","http://registrar.godaddy.com","","","","","valle","","Colombia","","","","","","","","","","","","","","","","","","","","","","","","","","","","","","","","","","ns69.domaincontrol.com","ns70.domaincontrol.com","","","clientDeleteProhibited","clientRenewProhibited","clientTransferProhibited","clientUpdateProhibited"
"27","dicasstconsultores.com","2020-05-11 20:02:13","2020-05-08","2020-05-08","2022-05-08","146","GoDaddy.com, LLC","whois.godaddy.com","http://registrar.godaddy.com","","","","","DC","","Colombia","","","","","","","","","","","","","","","","","","","","","","","","","","","","","","","","","","ns15.domaincontrol.com","ns16.domaincontrol.com","","","clientDeleteProhibited","clientRenewProhibited","clientTransferProhibited","clientUpdateProhibited"
"28","diseady.com","2020-05-11 20:09:50","2020-05-09","2020-05-09","2021-05-09","303","PDR Ltd. d/b/a PublicDomainRegistry.com","whois.publicdomainregistry.com","http://www.publicdomainregistry.com","ariela martinez","31410889-2","carrera 9 #11-43, primer piso el palatino","Cartago","VAC","762021","Colombia","ladyvivi17@gmail.com","+57.3155500483","","ariela martinez","31410889-2","carrera 9 #11-43, primer piso el palatino","Cartago","VAC","762021","Colombia","ladyvivi17@gmail.com","+57.3155500483","","ariela martinez","31410889-2","carrera 9 #11-43, primer piso el palatino","Cartago","VAC","762021","Colombia","ladyvivi17@gmail.com","+57.3155500483","","","","","","","","","","","","ns1.digitalocean.com","ns2.digitalocean.com","ns3.digitalocean.com","","clientTransferProhibited","","",""
"29","disenadoresthax.com","2020-05-11 20:00:41","2020-05-08","2020-05-08","2021-05-08","146","GoDaddy.com, LLC","whois.godaddy.com","http://registrar.godaddy.com","COLOMBIAVIP.COM","COLOMBIAVIP.COM","","","Risaralda","","Colombia","","","","","","","","","","","","","","","","","","","","","","","","","","","","","","","","","","ns15.domaincontrol.com","ns16.domaincontrol.com","","","clientDeleteProhibited","clientRenewProhibited","clientTransferProhibited","clientUpdateProhibited"
"30","dkyrlandaccesorios.com","2020-05-11 20:14:02","2020-05-08","2020-05-08","2021-05-08","303","PDR Ltd. d/b/a PublicDomainRegistry.com","whois.publicdomainregistry.com","http://www.publicdomainregistry.com","yeins fredy fredy rojas","","calle 13 a sur # 52-56","medellin","antioquia","050042","Colombia","yfredy@gmail.com","+57.3128041413","","yeins fredy fredy rojas","","calle 13 a sur # 52-56","medellin","antioquia","050042","Colombia","yfredy@gmail.com","+57.3128041413","","yeins fredy fredy rojas","","calle 13 a sur # 52-56","medellin","antioquia","050042","Colombia","yfredy@gmail.com","+57.3128041413","","","","","","","","","","","","ns31.latinoamericahosting.com","ns32.latinoamericahosting.com","","","clientTransferProhibited","","",""
"31","doctorhousesolutions.com","2020-05-11 20:06:13","2020-05-09","2020-05-09","2021-05-09","303","PDR Ltd. d/b/a PublicDomainRegistry.com","whois.publicdomainregistry.com","http://www.publicdomainregistry.com","LEONARDO GONZALEZ","LEONARDO GONZALEZ","CRA 59 B # 90-45","BARRANQUILLA","ATLANTICO","080001","Colombia","leogon14@hotmail.com","+57.3003484789","","LEONARDO GONZALEZ","LEONARDO GONZALEZ","CRA 59 B # 90-45","BARRANQUILLA","ATLANTICO","080001","Colombia","leogon14@hotmail.com","+57.3003484789","","LEONARDO GONZALEZ","LEONARDO GONZALEZ","CRA 59 B # 90-45","BARRANQUILLA","ATLANTICO","080001","Colombia","leogon14@hotmail.com","+57.3003484789","","","","","","","","","","","","ns1.dns-parking.com","ns2.dns-parking.com","","","clientTransferProhibited","","",""
"32","dravanessafuentes.com","2020-05-11 20:04:23","2020-05-08","2020-05-08","2021-05-08","303","PDR Ltd. d/b/a PublicDomainRegistry.com","whois.publicdomainregistry.com","http://www.publicdomainregistry.com","In and eyes","","Carrera 13 #94A - 25, Consultorio 305 Chico","Bogota","BOG","111511","Colombia","cursos@inandeyes.com","+57.3178568114","","In and eyes","","Carrera 13 #94A - 25, Consultorio 305 Chico","Bogota","BOG","111511","Colombia","cursos@inandeyes.com","+57.3178568114","","In and eyes","","Carrera 13 #94A - 25, Consultorio 305 Chico","Bogota","BOG","111511","Colombia","cursos@inandeyes.com","+57.3178568114","","","","","","","","","","","","ns1.reservado.hostgator.mx","ns2.reservado.hostgator.mx","","","clientTransferProhibited","","",""
"33","droguerialacircular.com","2020-05-11 20:02:14","2020-05-08","2020-05-08","2021-05-08","886","Domain.com, LLC","whois.domain.com","http://www.domain.com","REDACTED FOR PRIVACY","REDACTED FOR PRIVACY","REDACTED FOR PRIVACY","REDACTED FOR PRIVACY","NA","REDACTED FOR PRIVACY","Colombia","","REDACTED FOR PRIVACY","REDACTED FOR PRIVACY","REDACTED FOR PRIVACY","REDACTED FOR PRIVACY","REDACTED FOR PRIVACY","REDACTED FOR PRIVACY","REDACTED FOR PRIVACY","REDACTED FOR PRIVACY","REDACTED FOR PRIVACY","","REDACTED FOR PRIVACY","REDACTED FOR PRIVACY","REDACTED FOR PRIVACY","REDACTED FOR PRIVACY","REDACTED FOR PRIVACY","REDACTED FOR PRIVACY","REDACTED FOR PRIVACY","REDACTED FOR PRIVACY","REDACTED FOR PRIVACY","","REDACTED FOR PRIVACY","REDACTED FOR PRIVACY","","","","","","","","","","","ns1.powweb.com","ns2.powweb.com","","","clientTransferProhibited","clientUpdateProhibited","",""
"34","ecofinservicios.com","2020-05-11 19:55:48","2020-05-09","2020-05-09","2021-05-09","146","GoDaddy.com, LLC","whois.godaddy.com","http://registrar.godaddy.com","Miohosting Web Desing","Miohosting Web Desing","","","VALLE DEL CAUCA","","Colombia","","","","","","","","","","","","","","","","","","","","","","","","","","","","","","","","","","dns1.ecofinservicios.com","dns2.ecofinservicios.com","","","clientDeleteProhibited","clientRenewProhibited","clientTransferProhibited","clientUpdateProhibited"
"35","elaulataller.com","2020-05-11 20:02:54","2020-05-08","2020-05-08","2021-05-08","1472","LiquidNet Ltd.","whois.liquidnetlimited.com","http://www.liquidnetlimited.com","REDACTED FOR PRIVACY","REDACTED FOR PRIVACY","REDACTED FOR PRIVACY","REDACTED FOR PRIVACY","Antioquia","REDACTED FOR PRIVACY","Colombia","","REDACTED FOR PRIVACY","REDACTED FOR PRIVACY","REDACTED FOR PRIVACY","REDACTED FOR PRIVACY","REDACTED FOR PRIVACY","REDACTED FOR PRIVACY","REDACTED FOR PRIVACY","REDACTED FOR PRIVACY","REDACTED FOR PRIVACY","","REDACTED FOR PRIVACY","REDACTED FOR PRIVACY","REDACTED FOR PRIVACY","REDACTED FOR PRIVACY","REDACTED FOR PRIVACY","REDACTED FOR PRIVACY","REDACTED FOR PRIVACY","REDACTED FOR PRIVACY","REDACTED FOR PRIVACY","","REDACTED FOR PRIVACY","REDACTED FOR PRIVACY","","","","","","","","","","","ns1.exclusivehosting.net","ns2.exclusivehosting.net","ns3.exclusivehosting.net","ns4.exclusivehosting.net","clientTransferProhibited","","",""
"36","electricosjhon.com","2020-05-11 20:01:17","2020-05-08","2020-05-08","2021-05-08","146","GoDaddy.com, LLC","whois.godaddy.com","http://registrar.godaddy.com","Moleca IT","Moleca IT","","","VALLE DEL CAUCA","","Colombia","","","","","","","","","","","","","","","","","","","","","","","","","","","","","","","","","","ns3.molecait.com","ns4.molecait.com","","","clientDeleteProhibited","clientRenewProhibited","clientTransferProhibited","clientUpdateProhibited"
"37","eljefazocomidainternacional.com","2020-05-11 19:59:54","2020-05-08","2020-05-08","2021-05-08","48","eNom, Inc.","whois.enom.com","http://www.enom.com","REDACTED FOR PRIVACY","REDACTED FOR PRIVACY","REDACTED FOR PRIVACY","REDACTED FOR PRIVACY","Bogota DC","REDACTED FOR PRIVACY","Colombia","","REDACTED FOR PRIVACY","REDACTED FOR PRIVACY","REDACTED FOR PRIVACY","REDACTED FOR PRIVACY","REDACTED FOR PRIVACY","REDACTED FOR PRIVACY","REDACTED FOR PRIVACY","REDACTED FOR PRIVACY","REDACTED FOR PRIVACY","","REDACTED FOR PRIVACY","REDACTED FOR PRIVACY","REDACTED FOR PRIVACY","REDACTED FOR PRIVACY","REDACTED FOR PRIVACY","REDACTED FOR PRIVACY","REDACTED FOR PRIVACY","REDACTED FOR PRIVACY","REDACTED FOR PRIVACY","","REDACTED FOR PRIVACY","REDACTED FOR PRIVACY","","","","","","","","","","","ns1.a2hosting.com","ns2.a2hosting.com","ns3.a2hosting.com","ns4.a2hosting.com","addPeriod","clientTransferProhibited","",""
"38","elpolvorincaribe.com","2020-05-11 20:04:24","2020-05-08","2020-05-08","2021-05-08","303","PDR Ltd. d/b/a PublicDomainRegistry.com","whois.publicdomainregistry.com","http://www.publicdomainregistry.com","El Polvorin","El Polvorin","Cartagena","Cartagena","Bolivar","130001","Colombia","epolvorincaribe@gmail.com","+57.3225836315","","El Polvorin","El Polvorin","Cartagena","Cartagena","Bolivar","130001","Colombia","epolvorincaribe@gmail.com","+57.3225836315","","El Polvorin","El Polvorin","Cartagena","Cartagena","Bolivar","130001","Colombia","epolvorincaribe@gmail.com","+57.3225836315","","","","","","","","","","","","ns1.dns-parking.com","ns2.dns-parking.com","","","clientTransferProhibited","","",""
"39","eltallercol.com","2020-05-11 20:01:11","2020-05-08","2020-05-08","2021-05-08","146","GoDaddy.com, LLC","whois.godaddy.com","http://registrar.godaddy.com","","","","","DC","","Colombia","","","","","","","","","","","","","","","","","","","","","","","","","","","","","","","","","","ns15.domaincontrol.com","ns16.domaincontrol.com","","","clientDeleteProhibited","clientRenewProhibited","clientTransferProhibited","clientUpdateProhibited"
"40","empastelate.com","2020-05-11 20:01:05","2020-05-08","2020-05-08","2021-05-08","303","PDR Ltd. d/b/a PublicDomainRegistry.com","whois.publicdomainregistry.com","http://www.publicdomainregistry.com","Ricardo  Nieto","Empastelate.com","Carrera 62 no. 98a - 57","Bogota","Cundinamarca","110111","Colombia","empastelatecol@gmail.com","+57.3138782020","","Ricardo  Nieto","Empastelate.com","Carrera 62 no. 98a - 57","Bogota","Cundinamarca","110111","Colombia","empastelatecol@gmail.com","+57.3138782020","","Ricardo  Nieto","Empastelate.com","Carrera 62 no. 98a - 57","Bogota","Cundinamarca","110111","Colombia","empastelatecol@gmail.com","+57.3138782020","","","","","","","","","","","","ns2041.banahosting.com","ns2042.banahosting.com","","","clientTransferProhibited","","",""
"41","epssas.com","2020-05-11 20:02:54","2020-05-08","2020-05-08","2022-05-08","146","GoDaddy.com, LLC","whois.godaddy.com","http://registrar.godaddy.com","","","","","Norte Santander","","Colombia","","","","","","","","","","","","","","","","","","","","","","","","","","","","","","","","","","ns69.domaincontrol.com","ns70.domaincontrol.com","","","clientDeleteProhibited","clientRenewProhibited","clientTransferProhibited","clientUpdateProhibited"
"42","estructurajuridica.com","2020-05-11 20:14:03","2020-05-08","2020-05-08","2021-05-08","440","Wild West Domains, LLC","whois.wildwestdomains.com","http://www.wildwestdomains.com","","","","","","","Colombia","","","","","","","","","","","","","","","","","","","","","","","","","","","","","","","","","","ns3999.websitewelcome.com","ns4000.websitewelcome.com","","","clientDeleteProhibited","clientRenewProhibited","clientTransferProhibited","clientUpdateProhibited"
"43","expresartecor.com","2020-05-11 20:14:12","2020-05-08","2020-05-08","2021-05-08","146","GoDaddy.com, LLC","whois.godaddy.com","http://registrar.godaddy.com","smart trade sas","smart trade sas","","","Bogota","","Colombia","","","","","","","","","","","","","","","","","","","","","","","","","","","","","","","","","","ns59.domaincontrol.com","ns60.domaincontrol.com","","","clientDeleteProhibited","clientRenewProhibited","clientTransferProhibited","clientUpdateProhibited"
"44","familiasinlimites.com","2020-05-11 20:04:03","2020-05-08","2020-05-08","2021-05-08","955","Launchpad, Inc.","whois.launchpad.com","http://www.launchpad.com","Daniel Reyes","None","Av cra 19 No 131-04","Bogota","DC","110121","Colombia","danielf.reyes93@gmail.com","+57.3115434674","","Daniel Reyes","None","Av cra 19 No 131-04","Bogota","DC","110121","Colombia","danielf.reyes93@gmail.com","+57.3115434674","","Daniel Reyes","None","Av cra 19 No 131-04","Bogota","DC","110121","Colombia","danielf.reyes93@gmail.com","+57.3115434674","","","","","","","","","","","","ns6517.hostgator.com","ns6518.hostgator.com","","","clientTransferProhibited","","",""
"45","festejamedellin.com","2020-05-11 20:01:58","2020-05-08","2020-05-08","2021-05-08","955","Launchpad, Inc.","whois.launchpad.com","http://www.launchpad.com","YESICA RIVERA","None","YESICA RIVERA","Medellin","ANT","050001","Colombia","festejamedellin@gmail.com","+57.3147623625","","YESICA RIVERA","None","YESICA RIVERA","Medellin","ANT","050001","Colombia","festejamedellin@gmail.com","+57.3147623625","","YESICA RIVERA","None","YESICA RIVERA","Medellin","ANT","050001","Colombia","festejamedellin@gmail.com","+57.3147623625","","","","","","","","","","","","ns8051.hostgator.com","ns8052.hostgator.com","","","clientTransferProhibited","","",""
"46","filmingsecure.com","2020-05-11 20:06:21","2020-05-09","2020-05-09","2021-05-09","146","GoDaddy.com, LLC","whois.godaddy.com","http://registrar.godaddy.com","","","","","Valle del Cauca","","Colombia","","","","","","","","","","","","","","","","","","","","","","","","","","","","","","","","","","ns15.domaincontrol.com","ns16.domaincontrol.com","","","clientDeleteProhibited","clientRenewProhibited","clientTransferProhibited","clientUpdateProhibited"
"47","forfiveporn.com","2020-05-11 19:55:50","2020-05-08","2020-05-08","2021-05-08","886","Domain.com, LLC","whois.domain.com","http://www.domain.com","REDACTED FOR PRIVACY","REDACTED FOR PRIVACY","REDACTED FOR PRIVACY","REDACTED FOR PRIVACY","NA","REDACTED FOR PRIVACY","Colombia","","REDACTED FOR PRIVACY","REDACTED FOR PRIVACY","REDACTED FOR PRIVACY","REDACTED FOR PRIVACY","REDACTED FOR PRIVACY","REDACTED FOR PRIVACY","REDACTED FOR PRIVACY","REDACTED FOR PRIVACY","REDACTED FOR PRIVACY","","REDACTED FOR PRIVACY","REDACTED FOR PRIVACY","REDACTED FOR PRIVACY","REDACTED FOR PRIVACY","REDACTED FOR PRIVACY","REDACTED FOR PRIVACY","REDACTED FOR PRIVACY","REDACTED FOR PRIVACY","REDACTED FOR PRIVACY","","REDACTED FOR PRIVACY","REDACTED FOR PRIVACY","","","","","","","","","","","ns2061.banahosting.com","ns2062.banahosting.com","","","","","",""
"48","fotovanegasbaby.com","2020-05-11 20:03:29","2020-05-08","2020-05-09","2021-05-08","1647","Hosting Concepts B.V. dba Openprovider","whois.registrar.eu","http://www.openprovider.com","REDACTED FOR PRIVACY","foto vanegas baby","REDACTED FOR PRIVACY","REDACTED FOR PRIVACY","santander","REDACTED FOR PRIVACY","Colombia","","REDACTED FOR PRIVACY","REDACTED FOR PRIVACY","REDACTED FOR PRIVACY","REDACTED FOR PRIVACY","REDACTED FOR PRIVACY","REDACTED FOR PRIVACY","REDACTED FOR PRIVACY","REDACTED FOR PRIVACY","REDACTED FOR PRIVACY","","REDACTED FOR PRIVACY","REDACTED FOR PRIVACY","REDACTED FOR PRIVACY","REDACTED FOR PRIVACY","REDACTED FOR PRIVACY","REDACTED FOR PRIVACY","REDACTED FOR PRIVACY","REDACTED FOR PRIVACY","REDACTED FOR PRIVACY","","REDACTED FOR PRIVACY","REDACTED FOR PRIVACY","","","","","","","","","","","dns1.sered.net","dns2.sered.net","dns3.sered.net","dns4.sered.net","clientTransferProhibited","ok","",""
"49","frankliagudelocomercial.com","2020-05-11 20:05:02","2020-05-09","2020-05-09","2021-05-09","106","Ascio Technologies, Inc. Danmark - Filial af Ascio technologies, Inc. USA","whois.ascio.com","http://www.ascio.com","Not Disclosed","Not Disclosed","Not Disclosed","Not Disclosed","","Not Disclosed","Colombia","","Not Disclosed","Not Disclosed","Not Disclosed","Not Disclosed","Not Disclosed","Not Disclosed","Not Disclosed","Not Disclosed","Not Disclosed","","Not Disclosed","Not Disclosed","Not Disclosed","Not Disclosed","Not Disclosed","Not Disclosed","Not Disclosed","Not Disclosed","Not Disclosed","","Not Disclosed","Not Disclosed","","","","","","","","","","","dns1.123hjemmeside.dk","dns2.123hjemmeside.dk","dns3.123hjemmeside.dk","","OK","","",""
"50","fumicdefensaantiplagas.com","2020-05-11 20:00:58","2020-05-08","2020-05-08","2021-05-08","1383","Soluciones Corporativas IP, SLU","whois.scip.es","http://www.dondominio.com","REDACTED FOR PRIVACY","","REDACTED FOR PRIVACY","REDACTED FOR PRIVACY","Risaralda","REDACTED FOR PRIVACY","Colombia","","REDACTED FOR PRIVACY","REDACTED FOR PRIVACY","REDACTED FOR PRIVACY","REDACTED FOR PRIVACY","REDACTED FOR PRIVACY","REDACTED FOR PRIVACY","REDACTED FOR PRIVACY","REDACTED FOR PRIVACY","REDACTED FOR PRIVACY","","REDACTED FOR PRIVACY","REDACTED FOR PRIVACY","REDACTED FOR PRIVACY","REDACTED FOR PRIVACY","REDACTED FOR PRIVACY","REDACTED FOR PRIVACY","REDACTED FOR PRIVACY","REDACTED FOR PRIVACY","REDACTED FOR PRIVACY","","REDACTED FOR PRIVACY","REDACTED FOR PRIVACY","","","","","","","","","","","ns3051.webempresa.eu","ns3052.webempresa.eu","","","OK","","",""
"51","germiuv.com","2020-05-11 19:58:29","2020-05-08","2020-05-08","2021-05-08","303","PDR Ltd. d/b/a PublicDomainRegistry.com","whois.publicdomainregistry.com","http://www.publicdomainregistry.com","JAVIER NINO ESCOBAR","STS SOLUCIONES SAS","Cra 40 23-03","Sincelejo","Sucre","050042","Colombia","crediconsulta@gmail.com","+57.3006742924","","JAVIER NINO ESCOBAR","STS SOLUCIONES SAS","Cra 40 23-03","Sincelejo","Sucre","050042","Colombia","crediconsulta@gmail.com","+57.3006742924","","JAVIER NINO ESCOBAR","STS SOLUCIONES SAS","Cra 40 23-03","Sincelejo","Sucre","050042","Colombia","crediconsulta@gmail.com","+57.3006742924","","","","","","","","","","","","ns1.latinoamericahosting.com","ns2.latinoamericahosting.com","","","clientTransferProhibited","","",""
"52","give4receive.com","2020-05-11 20:00:52","2020-05-08","2020-05-08","2021-05-08","146","GoDaddy.com, LLC","whois.godaddy.com","http://registrar.godaddy.com","","","","","bogota dc","","Colombia","","","","","","","","","","","","","","","","","","","","","","","","","","","","","","","","","","ns69.domaincontrol.com","ns70.domaincontrol.com","","","clientDeleteProhibited","clientRenewProhibited","clientTransferProhibited","clientUpdateProhibited"
"53","globalecommerceco.com","2020-05-11 20:03:31","2020-05-08","2020-05-08","2021-05-08","146","GoDaddy.com, LLC","whois.godaddy.com","http://registrar.godaddy.com","","","","","Valle del Cauca","","Colombia","","","","","","","","","","","","","","","","","","","","","","","","","","","","","","","","","","ns55.domaincontrol.com","ns56.domaincontrol.com","","","clientDeleteProhibited","clientRenewProhibited","clientTransferProhibited","clientUpdateProhibited"
"54","grupunbancolombia.com","2020-05-11 21:27:49","2020-05-11","2020-05-11","2021-05-11","146","GoDaddy.com, LLC","whois.godaddy.com","http://registrar.godaddy.com","","","","","cundinamarca","","Colombia","","","","","","","","","","","","","","","","","","","","","","","","","","","","","","","","","","ns07.domaincontrol.com","ns08.domaincontrol.com","","","clientDeleteProhibited","clientRenewProhibited","clientTransferProhibited","clientUpdateProhibited"
"55","hectorviucheasesorias.com","2020-05-11 20:14:19","2020-05-08","2020-05-08","2021-05-08","76","Nominalia Internet S.L.","whois.nominalia.com","http://www.nominalia.com","REDACTED FOR PRIVACY","REDACTED FOR PRIVACY","REDACTED FOR PRIVACY","REDACTED FOR PRIVACY","Cundinamarca","REDACTED FOR PRIVACY","Colombia","","REDACTED.FORPRIVACY","REDACTED.FORPRIVACY","REDACTED FOR PRIVACY","REDACTED FOR PRIVACY","REDACTED FOR PRIVACY","REDACTED FOR PRIVACY","Cundinamarca","REDACTED FOR PRIVACY","Colombia","","REDACTED.FORPRIVACY","REDACTED.FORPRIVACY","REDACTED FOR PRIVACY","REDACTED FOR PRIVACY","REDACTED FOR PRIVACY","REDACTED FOR PRIVACY","Barcelona","REDACTED FOR PRIVACY","Spain","","REDACTED.FORPRIVACY","REDACTED.FORPRIVACY","","","","","","","","","","","dns1.nominalia.com","dns2.nominalia.com","","","OK","","",""
"56","heladoemperita.com","2020-05-11 20:00:35","2020-05-08","2020-05-08","2021-05-08","69","Tucows Domains Inc.","whois.tucows.com","http://domainhelp.opensrs.net","REDACTED FOR PRIVACY","REDACTED FOR PRIVACY","REDACTED FOR PRIVACY","REDACTED FOR PRIVACY","Boyac?","REDACTED FOR PRIVACY","Colombia","","REDACTED FOR PRIVACY","REDACTED FOR PRIVACY","REDACTED FOR PRIVACY","REDACTED FOR PRIVACY","REDACTED FOR PRIVACY","REDACTED FOR PRIVACY","REDACTED FOR PRIVACY","REDACTED FOR PRIVACY","REDACTED FOR PRIVACY","","REDACTED FOR PRIVACY","REDACTED FOR PRIVACY","REDACTED FOR PRIVACY","REDACTED FOR PRIVACY","REDACTED FOR PRIVACY","REDACTED FOR PRIVACY","REDACTED FOR PRIVACY","REDACTED FOR PRIVACY","REDACTED FOR PRIVACY","","REDACTED FOR PRIVACY","REDACTED FOR PRIVACY","","","","","","","","","","","ns1.colombiahosting.com","ns2.colombiahosting.com","","","","","",""
"57","icoporyconstruccionsas.com","2020-05-11 20:14:13","2020-05-08","2020-05-08","2021-05-08","146","GoDaddy.com, LLC","whois.godaddy.com","http://registrar.godaddy.com","","","","","","","Colombia","","","","","","","","","","","","","","","","","","","","","","","","","","","","","","","","","","ns18.hostgator.co","ns19.hostgator.co","","","clientDeleteProhibited","clientRenewProhibited","clientTransferProhibited","clientUpdateProhibited"
"58","induhotelcm.com","2020-05-11 20:05:11","2020-05-09","2020-05-09","2021-05-09","146","GoDaddy.com, LLC","whois.godaddy.com","http://registrar.godaddy.com","Induhotel s.a.s","Induhotel s.a.s","","","Cundinamarca","","Colombia","","","","","","","","","","","","","","","","","","","","","","","","","","","","","","","","","","ns69.domaincontrol.com","ns70.domaincontrol.com","","","OK","","",""
"59","infocreadores.com","2020-05-11 20:00:47","2020-05-08","2020-05-08","2021-05-08","303","PDR Ltd. d/b/a PublicDomainRegistry.com","whois.publicdomainregistry.com","http://www.publicdomainregistry.com","Yef Cogollo","","Call 10 # 80 - 41","Bogota","Distrito Capital de Bogota","000000","Colombia","yefcogollo@gmail.com","+57.3504143970","","Yef Cogollo","","Call 10 # 80 - 41","Bogota","Distrito Capital de Bogota","000000","Colombia","yefcogollo@gmail.com","+57.3504143970","","Yef Cogollo","","Call 10 # 80 - 41","Bogota","Distrito Capital de Bogota","000000","Colombia","yefcogollo@gmail.com","+57.3504143970","","","","","","","","","","","","ns1.nw6.fcomet.com","ns2.nw6.fcomet.com","","","clientTransferProhibited","","",""
"60","inmobiliariacoobethel.com","2020-05-11 20:14:00","2020-05-08","2020-05-08","2021-05-08","69","Tucows Domains Inc.","whois.tucows.com","http://domainhelp.opensrs.net","REDACTED FOR PRIVACY","REDACTED FOR PRIVACY","REDACTED FOR PRIVACY","REDACTED FOR PRIVACY","Norte de Santander","REDACTED FOR PRIVACY","Colombia","","REDACTED FOR PRIVACY","REDACTED FOR PRIVACY","REDACTED FOR PRIVACY","REDACTED FOR PRIVACY","REDACTED FOR PRIVACY","REDACTED FOR PRIVACY","REDACTED FOR PRIVACY","REDACTED FOR PRIVACY","REDACTED FOR PRIVACY","","REDACTED FOR PRIVACY","REDACTED FOR PRIVACY","REDACTED FOR PRIVACY","REDACTED FOR PRIVACY","REDACTED FOR PRIVACY","REDACTED FOR PRIVACY","REDACTED FOR PRIVACY","REDACTED FOR PRIVACY","REDACTED FOR PRIVACY","","REDACTED FOR PRIVACY","REDACTED FOR PRIVACY","","","","","","","","","","","ns1.colombiahosting.com","ns2.colombiahosting.com","","","","","",""
"61","investpont.com","2020-05-11 20:14:55","2020-05-08","2020-05-08","2022-05-08","146","GoDaddy.com, LLC","whois.godaddy.com","http://registrar.godaddy.com","Virtual capital of America","Virtual capital of America","","","Bogota, D.C.","","Colombia","","","","","","","","","","","","","","","","","","","","","","","","","","","","","","","","","","elma.ns.cloudflare.com","roan.ns.cloudflare.com","","","clientDeleteProhibited","clientRenewProhibited","clientTransferProhibited","clientUpdateProhibited"
"62","ionjc.com","2020-05-11 20:16:08","2020-05-09","2020-05-09","2021-05-09","146","GoDaddy.com, LLC","whois.godaddy.com","http://registrar.godaddy.com","Chefanimals","Chefanimals","","","Bogota D.C","","Colombia","","","","","","","","","","","","","","","","","","","","","","","","","","","","","","","","","","ns47.domaincontrol.com","ns48.domaincontrol.com","","","clientDeleteProhibited","clientRenewProhibited","clientTransferProhibited","clientUpdateProhibited"
"63","ipsdmc.com","2020-05-11 20:00:50","2020-05-08","2020-05-08","2021-05-08","146","GoDaddy.com, LLC","whois.godaddy.com","http://registrar.godaddy.com","","","","","Cauca","","Colombia","","","","","","","","","","","","","","","","","","","","","","","","","","","","","","","","","","ns55.domaincontrol.com","ns56.domaincontrol.com","","","clientDeleteProhibited","clientRenewProhibited","clientTransferProhibited","clientUpdateProhibited"
"64","isabelarango.com","2020-05-11 20:05:08","2020-05-09","2020-05-09","2022-05-09","146","GoDaddy.com, LLC","whois.godaddy.com","http://registrar.godaddy.com","Dasigno S.A.S.","Dasigno S.A.S.","","","Cundinamarca","","Colombia","","","","","","","","","","","","","","","","","","","","","","","","","","","","","","","","","","ns55.domaincontrol.com","ns56.domaincontrol.com","","","clientDeleteProhibited","clientRenewProhibited","clientTransferProhibited","clientUpdateProhibited"
"65","jalcomunauno.com","2020-05-11 20:04:58","2020-05-09","2020-05-09","2021-05-09","303","PDR Ltd. d/b/a PublicDomainRegistry.com","whois.publicdomainregistry.com","http://www.publicdomainregistry.com","Junta Administradora Local Comuna Uno","Junta Administradora Local Comuna Uno Popular","carrera 32@#101-283","Medellin","Antioquia","050042","Colombia","jalcomunaunopopular@gmail.com","+57.3015606006","","Junta Administradora Local Comuna Uno","Junta Administradora Local Comuna Uno Popular","carrera 32@#101-283","Medellin","Antioquia","050042","Colombia","jalcomunaunopopular@gmail.com","+57.3015606006","","Junta Administradora Local Comuna Uno","Junta Administradora Local Comuna Uno Popular","carrera 32@#101-283","Medellin","Antioquia","050042","Colombia","jalcomunaunopopular@gmail.com","+57.3015606006","","","","","","","","","","","","ns17.latinoamericahosting.com","ns18.latinoamericahosting.com","","","clientTransferProhibited","","",""
"66","jfr-col.com","2020-05-11 20:00:28","2020-05-08","2020-05-08","2022-05-08","146","GoDaddy.com, LLC","whois.godaddy.com","http://registrar.godaddy.com","Comercio & Mercadeo JFR S.A.S","Comercio & Mercadeo JFR S.A.S","","","DC","","Colombia","","","","","","","","","","","","","","","","","","","","","","","","","","","","","","","","","","ns69.domaincontrol.com","ns70.domaincontrol.com","","","clientDeleteProhibited","clientRenewProhibited","clientTransferProhibited","clientUpdateProhibited"
"67","johanmacias.com","2020-05-11 20:01:22","2020-05-08","2020-05-09","2021-05-08","69","Tucows Domains Inc.","whois.tucows.com","http://domainhelp.opensrs.net","REDACTED FOR PRIVACY","REDACTED FOR PRIVACY","REDACTED FOR PRIVACY","REDACTED FOR PRIVACY","XX","REDACTED FOR PRIVACY","Colombia","","REDACTED FOR PRIVACY","REDACTED FOR PRIVACY","REDACTED FOR PRIVACY","REDACTED FOR PRIVACY","REDACTED FOR PRIVACY","REDACTED FOR PRIVACY","REDACTED FOR PRIVACY","REDACTED FOR PRIVACY","REDACTED FOR PRIVACY","","REDACTED FOR PRIVACY","REDACTED FOR PRIVACY","REDACTED FOR PRIVACY","REDACTED FOR PRIVACY","REDACTED FOR PRIVACY","REDACTED FOR PRIVACY","REDACTED FOR PRIVACY","REDACTED FOR PRIVACY","REDACTED FOR PRIVACY","","REDACTED FOR PRIVACY","REDACTED FOR PRIVACY","","","","","","","","","","","ns1.giow1086.siteground.us","ns2.giow1086.siteground.us","","","clientTransferProhibited","clientUpdateProhibited","",""
"68","just-burgers.com","2020-05-11 20:02:13","2020-05-08","2020-05-08","2021-05-08","146","GoDaddy.com, LLC","whois.godaddy.com","http://registrar.godaddy.com","jose calderon","jose calderon","","","bogota","","Colombia","","","","","","","","","","","","","","","","","","","","","","","","","","","","","","","","","","ns47.domaincontrol.com","ns48.domaincontrol.com","","","clientDeleteProhibited","clientRenewProhibited","clientTransferProhibited","clientUpdateProhibited"
"69","kohanaccesorios.com","2020-05-11 20:06:26","2020-05-09","2020-05-09","2021-05-09","69","Tucows Domains Inc.","whois.tucows.com","http://domainhelp.opensrs.net","REDACTED FOR PRIVACY","REDACTED FOR PRIVACY","REDACTED FOR PRIVACY","REDACTED FOR PRIVACY","XX","REDACTED FOR PRIVACY","Colombia","","REDACTED FOR PRIVACY","REDACTED FOR PRIVACY","REDACTED FOR PRIVACY","REDACTED FOR PRIVACY","REDACTED FOR PRIVACY","REDACTED FOR PRIVACY","REDACTED FOR PRIVACY","REDACTED FOR PRIVACY","REDACTED FOR PRIVACY","","REDACTED FOR PRIVACY","REDACTED FOR PRIVACY","REDACTED FOR PRIVACY","REDACTED FOR PRIVACY","REDACTED FOR PRIVACY","REDACTED FOR PRIVACY","REDACTED FOR PRIVACY","REDACTED FOR PRIVACY","REDACTED FOR PRIVACY","","REDACTED FOR PRIVACY","REDACTED FOR PRIVACY","","","","","","","","","","","ns1.gnld1035.siteground.eu","ns2.gnld1035.siteground.eu","","","clientTransferProhibited","clientUpdateProhibited","",""
"70","konektimedia.com","2020-05-11 20:04:01","2020-05-08","2020-05-08","2022-05-08","146","GoDaddy.com, LLC","whois.godaddy.com","http://registrar.godaddy.com","Digimarketing SAS","Digimarketing SAS","","","DC","","Colombia","","","","","","","","","","","","","","","","","","","","","","","","","","","","","","","","","","ns55.domaincontrol.com","ns56.domaincontrol.com","","","clientDeleteProhibited","clientRenewProhibited","clientTransferProhibited","clientUpdateProhibited"
"71","l-eido.com","2020-05-11 20:06:41","2020-05-09","2020-05-09","2021-05-09","146","GoDaddy.com, LLC","whois.godaddy.com","http://registrar.godaddy.com","l-eidos","l-eidos","","","Bogota","","Colombia","","","","","","","","","","","","","","","","","","","","","","","","","","","","","","","","","","ns15.domaincontrol.com","ns16.domaincontrol.com","","","clientDeleteProhibited","clientRenewProhibited","clientTransferProhibited","clientUpdateProhibited"
"72","lafabricadelasartes.com","2020-05-11 20:03:59","2020-05-08","2020-05-08","2022-05-08","146","GoDaddy.com, LLC","whois.godaddy.com","http://registrar.godaddy.com","","","","","DC","","Colombia","","","","","","","","","","","","","","","","","","","","","","","","","","","","","","","","","","ns59.domaincontrol.com","ns60.domaincontrol.com","","","clientDeleteProhibited","clientRenewProhibited","clientTransferProhibited","clientUpdateProhibited"
"73","lagranjadeluisa.com","2020-05-11 20:00:26","2020-05-08","2020-05-08","2021-05-08","303","PDR Ltd. d/b/a PublicDomainRegistry.com","whois.publicdomainregistry.com","http://www.publicdomainregistry.com","La Granja de Luisa","","Calle 79#42-269, 3D Ciudad Jardin","Barranquilla","ATL","080020","Colombia","lagranjadeluisa@gmail.com","+57.3012591747","","La Granja de Luisa","","Calle 79#42-269, 3D Ciudad Jardin","Barranquilla","ATL","080020","Colombia","lagranjadeluisa@gmail.com","+57.3012591747","","La Granja de Luisa","","Calle 79#42-269, 3D Ciudad Jardin","Barranquilla","ATL","080020","Colombia","lagranjadeluisa@gmail.com","+57.3012591747","","","","","","","","","","","","ns20.hostgator.co","ns21.hostgator.co","","","clientTransferProhibited","","",""
"74","laselvadetorolo.com","2020-05-11 20:00:33","2020-05-08","2020-05-08","2021-05-08","146","GoDaddy.com, LLC","whois.godaddy.com","http://registrar.godaddy.com","La selva","La selva","","","Antioquia","","Colombia","","","","","","","","","","","","","","","","","","","","","","","","","","","","","","","","","","ns1.spro3.fcomet.com","ns2.spro3.fcomet.com","","","clientDeleteProhibited","clientRenewProhibited","clientTransferProhibited","clientUpdateProhibited"
"75","latiendadepaja.com","2020-05-11 20:15:37","2020-05-09","2020-05-09","2021-05-09","69","Tucows Domains Inc.","whois.tucows.com","http://domainhelp.opensrs.net","REDACTED FOR PRIVACY","REDACTED FOR PRIVACY","REDACTED FOR PRIVACY","REDACTED FOR PRIVACY","Atl?ntico","REDACTED FOR PRIVACY","Colombia","","REDACTED FOR PRIVACY","REDACTED FOR PRIVACY","REDACTED FOR PRIVACY","REDACTED FOR PRIVACY","REDACTED FOR PRIVACY","REDACTED FOR PRIVACY","REDACTED FOR PRIVACY","REDACTED FOR PRIVACY","REDACTED FOR PRIVACY","","REDACTED FOR PRIVACY","REDACTED FOR PRIVACY","REDACTED FOR PRIVACY","REDACTED FOR PRIVACY","REDACTED FOR PRIVACY","REDACTED FOR PRIVACY","REDACTED FOR PRIVACY","REDACTED FOR PRIVACY","REDACTED FOR PRIVACY","","REDACTED FOR PRIVACY","REDACTED FOR PRIVACY","","","","","","","","","","","ns1.colombiahosting.com","ns2.colombiahosting.com","","","","","",""
"76","lintplaza.com","2020-05-11 20:14:22","2020-05-08","2020-05-08","2021-05-08","440","Wild West Domains, LLC","whois.wildwestdomains.com","http://www.wildwestdomains.com","LintBusiness","LintBusiness","","","Cundinamarca","","Colombia","","","","","","","","","","","","","","","","","","","","","","","","","","","","","","","","","","ns1.panelboxmanager.com","ns2.panelboxmanager.com","","","clientDeleteProhibited","clientRenewProhibited","clientTransferProhibited","clientUpdateProhibited"
"77","logitranstorohns.com","2020-05-11 19:57:43","2020-05-08","2020-05-08","2021-05-08","146","GoDaddy.com, LLC","whois.godaddy.com","http://registrar.godaddy.com","Logistica","Logistica","","","Cundinamarca","","Colombia","","","","","","","","","","","","","","","","","","","","","","","","","","","","","","","","","","ns59.domaincontrol.com","ns60.domaincontrol.com","","","clientDeleteProhibited","clientRenewProhibited","clientTransferProhibited","clientUpdateProhibited"
"78","maestroantoniohechicerodeamarres.com","2020-05-11 20:14:57","2020-05-08","2020-05-08","2021-05-08","303","PDR Ltd. d/b/a PublicDomainRegistry.com","whois.publicdomainregistry.com","http://www.publicdomainregistry.com","ivan mauricio Restrepo Bambague","","carrera 21 #9-04, 3137362246 pinos","Suboccidente","HUI","417030","Colombia","mauresbam@gmail.com","+57.3137362246","","ivan mauricio Restrepo Bambague","","carrera 21 #9-04, 3137362246 pinos","Suboccidente","HUI","417030","Colombia","mauresbam@gmail.com","+57.3137362246","","ivan mauricio Restrepo Bambague","","carrera 21 #9-04, 3137362246 pinos","Suboccidente","HUI","417030","Colombia","mauresbam@gmail.com","+57.3137362246","","","","","","","","","","","","nspro12.hostgator.co","nspro13.hostgator.co","","","clientTransferProhibited","","",""
"79","magick-paper.com","2020-05-11 20:03:40","2020-05-08","2020-05-08","2021-05-08","303","PDR Ltd. d/b/a PublicDomainRegistry.com","whois.publicdomainregistry.com","http://www.publicdomainregistry.com","Hugo Urrego","MAGICK PAPER","Calle 63 77a-37","BOGOTA","BOGOTA","110111","Colombia","haurrego@gmail.com","+57.3023314696","","Hugo Urrego","MAGICK PAPER","Calle 63 77a-37","BOGOTA","BOGOTA","110111","Colombia","haurrego@gmail.com","+57.3023314696","","Hugo Urrego","MAGICK PAPER","Calle 63 77a-37","BOGOTA","BOGOTA","110111","Colombia","haurrego@gmail.com","+57.3023314696","","","","","","","","","","","","ns1.dns-parking.com","ns2.dns-parking.com","","","clientTransferProhibited","","",""
"80","malldelcarpintero.com","2020-05-11 20:17:33","2020-05-09","2020-05-09","2021-05-09","146","GoDaddy.com, LLC","whois.godaddy.com","http://registrar.godaddy.com","","","","","Antioquia","","Colombia","","","","","","","","","","","","","","","","","","","","","","","","","","","","","","","","","","ns47.domaincontrol.com","ns48.domaincontrol.com","","","clientDeleteProhibited","clientRenewProhibited","clientTransferProhibited","clientUpdateProhibited"
"81","marguil.com","2020-05-11 19:58:19","2020-05-08","2020-05-08","2021-05-08","146","GoDaddy.com, LLC","whois.godaddy.com","http://registrar.godaddy.com","","","","","Soltera","","Colombia","","","","","","","","","","","","","","","","","","","","","","","","","","","","","","","","","","ns59.domaincontrol.com","ns60.domaincontrol.com","","","clientDeleteProhibited","clientRenewProhibited","clientTransferProhibited","clientUpdateProhibited"
"82","mercasam.com","2020-05-11 20:05:08","2020-05-09","2020-05-09","2021-05-09","69","Tucows Domains Inc.","whois.tucows.com","http://domainhelp.opensrs.net","Redacted for privacy","Redacted for privacy","Redacted for privacy","Redacted for privacy","Santander","Redacted for privacy","Colombia","","Redacted for privacy","Redacted for privacy","REDACTED FOR PRIVACY","REDACTED FOR PRIVACY","REDACTED FOR PRIVACY","REDACTED FOR PRIVACY","REDACTED FOR PRIVACY","REDACTED FOR PRIVACY","REDACTED FOR PRIVACY","","REDACTED FOR PRIVACY","REDACTED FOR PRIVACY","REDACTED FOR PRIVACY","REDACTED FOR PRIVACY","REDACTED FOR PRIVACY","REDACTED FOR PRIVACY","REDACTED FOR PRIVACY","REDACTED FOR PRIVACY","REDACTED FOR PRIVACY","","REDACTED FOR PRIVACY","REDACTED FOR PRIVACY","","","","","","","","","","","ns1.colombiahosting.com","ns2.colombiahosting.com","","","","","",""
"83","milaccesoriossanmy.com","2020-05-11 20:02:10","2020-05-08","2020-05-08","2021-05-08","303","PDR Ltd. d/b/a PublicDomainRegistry.com","whois.publicdomainregistry.com","http://www.publicdomainregistry.com","Inngenio SAS","inngenio","CRA 24F #93B-56","Medellin","ANTIOQUIA","055030","Colombia","grupoinngenio@gmail.com","+57.3117424604","","Inngenio SAS","inngenio","CRA 24F #93B-56","Medellin","ANTIOQUIA","055030","Colombia","grupoinngenio@gmail.com","+57.3117424604","","Inngenio SAS","inngenio","CRA 24F #93B-56","Medellin","ANTIOQUIA","055030","Colombia","grupoinngenio@gmail.com","+57.3117424604","","","","","","","","","","","","ns1.dns-parking.com","ns2.dns-parking.com","","","clientTransferProhibited","","",""
"84","minalagomez.com","2020-05-11 19:58:29","2020-05-08","2020-05-10","2021-05-08","69","Tucows Domains Inc.","whois.tucows.com","http://domainhelp.opensrs.net","REDACTED FOR PRIVACY","REDACTED FOR PRIVACY","REDACTED FOR PRIVACY","REDACTED FOR PRIVACY","Antioquia","REDACTED FOR PRIVACY","Colombia","","REDACTED FOR PRIVACY","REDACTED FOR PRIVACY","REDACTED FOR PRIVACY","REDACTED FOR PRIVACY","REDACTED FOR PRIVACY","REDACTED FOR PRIVACY","REDACTED FOR PRIVACY","REDACTED FOR PRIVACY","REDACTED FOR PRIVACY","","REDACTED FOR PRIVACY","REDACTED FOR PRIVACY","REDACTED FOR PRIVACY","REDACTED FOR PRIVACY","REDACTED FOR PRIVACY","REDACTED FOR PRIVACY","REDACTED FOR PRIVACY","REDACTED FOR PRIVACY","REDACTED FOR PRIVACY","","REDACTED FOR PRIVACY","REDACTED FOR PRIVACY","","","","","","","","","","","ns1.colombiahosting.com","ns2.colombiahosting.com","","","","","",""
"85","minativo.com","2020-05-11 20:02:32","2020-05-08","2020-05-08","2021-05-08","303","PDR Ltd. d/b/a PublicDomainRegistry.com","whois.publicdomainregistry.com","http://www.publicdomainregistry.com","julian duque","julian duque","CALLE 117D #58-50","Bogota","CUNDINAMARCA","111121","Colombia","contacto.ungarabato@gmail.com","+57.3177002320","","julian duque","julian duque","CALLE 117D #58-50","Bogota","CUNDINAMARCA","111121","Colombia","contacto.ungarabato@gmail.com","+57.3177002320","","julian duque","julian duque","CALLE 117D #58-50","Bogota","CUNDINAMARCA","111121","Colombia","contacto.ungarabato@gmail.com","+57.3177002320","","","","","","","","","","","","ns1.dns-parking.com","ns2.dns-parking.com","","","clientTransferProhibited","","",""
"86","montessoricollegecol.com","2020-05-11 20:04:22","2020-05-08","2020-05-08","2021-05-08","1666","OpenTLD B.V.","http://www.freenom.com/whois","http://www.freenom.com/","REDACTED FOR PRIVACY","REDACTED FOR PRIVACY","REDACTED FOR PRIVACY","REDACTED FOR PRIVACY","CO-CUN","REDACTED FOR PRIVACY","Colombia","","REDACTED FOR PRIVACY","","REDACTED FOR PRIVACY","REDACTED FOR PRIVACY","REDACTED FOR PRIVACY","REDACTED FOR PRIVACY","REDACTED FOR PRIVACY","REDACTED FOR PRIVACY","REDACTED FOR PRIVACY","","REDACTED FOR PRIVACY","","REDACTED FOR PRIVACY","REDACTED FOR PRIVACY","REDACTED FOR PRIVACY","REDACTED FOR PRIVACY","REDACTED FOR PRIVACY","REDACTED FOR PRIVACY","REDACTED FOR PRIVACY","","REDACTED FOR PRIVACY","","","","","","","","","","","","ns21.urlnameserver.com","ns22.urlnameserver.com","","","clientTransferProhibited","","",""
"87","movementforlife.coach","2020-05-11 21:21:48","2020-05-08","2020-05-09","2021-05-08","303","PDR Ltd. d/b/a PublicDomainRegistry.com","whois.publicdomainregistry.com","http://www.publicdomainregistry.com","REDACTED FOR PRIVACY","Hablemos de","REDACTED FOR PRIVACY","REDACTED FOR PRIVACY","Bogota","REDACTED FOR PRIVACY","Colombia","","REDACTED FOR PRIVACY","REDACTED FOR PRIVACY","","","","","","","","","","","","","","","","","","","","","","","","","","","","","","","","","","","addPeriod","clientTransferProhibited","",""
"88","mrsolutionscorp.com","2020-05-11 20:04:00","2020-05-08","2020-05-08","2021-05-08","69","Tucows Domains Inc.","whois.tucows.com","http://domainhelp.opensrs.net","REDACTED FOR PRIVACY","REDACTED FOR PRIVACY","REDACTED FOR PRIVACY","REDACTED FOR PRIVACY","Antioquia","REDACTED FOR PRIVACY","Colombia","","REDACTED FOR PRIVACY","REDACTED FOR PRIVACY","REDACTED FOR PRIVACY","REDACTED FOR PRIVACY","REDACTED FOR PRIVACY","REDACTED FOR PRIVACY","REDACTED FOR PRIVACY","REDACTED FOR PRIVACY","REDACTED FOR PRIVACY","","REDACTED FOR PRIVACY","REDACTED FOR PRIVACY","REDACTED FOR PRIVACY","REDACTED FOR PRIVACY","REDACTED FOR PRIVACY","REDACTED FOR PRIVACY","REDACTED FOR PRIVACY","REDACTED FOR PRIVACY","REDACTED FOR PRIVACY","","REDACTED FOR PRIVACY","REDACTED FOR PRIVACY","","","","","","","","","","","ns1.colombiahosting.com","ns2.colombiahosting.com","","","","","",""
"89","muebleintegral.com","2020-05-11 20:04:17","2020-05-08","2020-05-08","2021-05-08","146","GoDaddy.com, LLC","whois.godaddy.com","http://registrar.godaddy.com","VIVOINVERSIONES","VIVOINVERSIONES","","","CUNDINAMARCA","","Colombia","","","","","","","","","","","","","","","","","","","","","","","","","","","","","","","","","","ns15.domaincontrol.com","ns16.domaincontrol.com","","","clientDeleteProhibited","clientRenewProhibited","clientTransferProhibited","clientUpdateProhibited"
"90","nicolascorreal.com","2020-05-11 20:07:17","2020-05-09","2020-05-09","2021-05-09","1383","Soluciones Corporativas IP, SLU","whois.scip.es","http://www.dondominio.com","REDACTED FOR PRIVACY","","REDACTED FOR PRIVACY","REDACTED FOR PRIVACY","DISTRITO CAPITAL","REDACTED FOR PRIVACY","Colombia","","REDACTED FOR PRIVACY","REDACTED FOR PRIVACY","REDACTED FOR PRIVACY","REDACTED FOR PRIVACY","REDACTED FOR PRIVACY","REDACTED FOR PRIVACY","REDACTED FOR PRIVACY","REDACTED FOR PRIVACY","REDACTED FOR PRIVACY","","REDACTED FOR PRIVACY","REDACTED FOR PRIVACY","REDACTED FOR PRIVACY","REDACTED FOR PRIVACY","REDACTED FOR PRIVACY","REDACTED FOR PRIVACY","REDACTED FOR PRIVACY","REDACTED FOR PRIVACY","REDACTED FOR PRIVACY","","REDACTED FOR PRIVACY","REDACTED FOR PRIVACY","","","","","","","","","","","ns1721.webempresa.eu","ns1722.webempresa.eu","","","OK","","",""
"91","onelightingstudio.com","2020-05-11 20:17:38","2020-05-09","2020-05-09","2022-05-09","146","GoDaddy.com, LLC","whois.godaddy.com","http://registrar.godaddy.com","","","","","Antioquia","","Colombia","","","","","","","","","","","","","","","","","","","","","","","","","","","","","","","","","","ns59.domaincontrol.com","ns60.domaincontrol.com","","","clientDeleteProhibited","clientRenewProhibited","clientTransferProhibited","clientUpdateProhibited"
"92","optimuscolombiangroup.com","2020-05-11 20:06:38","2020-05-09","2020-05-09","2021-05-09","146","GoDaddy.com, LLC","whois.godaddy.com","http://registrar.godaddy.com","ESCUELA ANDINA DE AUTOMOVILISMO","ESCUELA ANDINA DE AUTOMOVILISMO","","","ANTIOQUIA","","Colombia","","","","","","","","","","","","","","","","","","","","","","","","","","","","","","","","","","ns55.domaincontrol.com","ns56.domaincontrol.com","","","clientDeleteProhibited","clientRenewProhibited","clientTransferProhibited","clientUpdateProhibited"
"93","oraniweb.com","2020-05-11 20:05:23","2020-05-09","2020-05-09","2021-05-09","303","PDR Ltd. d/b/a PublicDomainRegistry.com","whois.publicdomainregistry.com","http://www.publicdomainregistry.com","Joshua Mendez","Orani","Cra 14 #24-95","Cali","Valle del Cauca","764001","Colombia","claudiaospina123@hotmail.com","+57.3148020756","","Joshua Mendez","Orani","Cra 14 #24-95","Cali","Valle del Cauca","764001","Colombia","claudiaospina123@hotmail.com","+57.3148020756","","Joshua Mendez","Orani","Cra 14 #24-95","Cali","Valle del Cauca","764001","Colombia","claudiaospina123@hotmail.com","+57.3148020756","","","","","","","","","","","","ns1.dns-parking.com","ns2.dns-parking.com","","","clientTransferProhibited","","",""
"94","oriflamedecolombia.com","2020-05-11 20:01:04","2020-05-08","2020-05-08","2023-05-08","146","GoDaddy.com, LLC","whois.godaddy.com","http://registrar.godaddy.com","","","","","cundinamarca","","Colombia","","","","","","","","","","","","","","","","","","","","","","","","","","","","","","","","","","ns15.domaincontrol.com","ns16.domaincontrol.com","","","clientDeleteProhibited","clientRenewProhibited","clientTransferProhibited","clientUpdateProhibited"
"95","pardoprieto.com","2020-05-11 20:00:59","2020-05-08","2020-05-08","2023-05-08","146","GoDaddy.com, LLC","whois.godaddy.com","http://registrar.godaddy.com","","","","","DC","","Colombia","","","","","","","","","","","","","","","","","","","","","","","","","","","","","","","","","","ns69.domaincontrol.com","ns70.domaincontrol.com","","","clientDeleteProhibited","clientRenewProhibited","clientTransferProhibited","clientUpdateProhibited"
"96","patatakronch.com","2020-05-11 20:17:35","2020-05-09","2020-05-09","2022-05-09","146","GoDaddy.com, LLC","whois.godaddy.com","http://registrar.godaddy.com","","","","","Vc","","Colombia","","","","","","","","","","","","","","","","","","","","","","","","","","","","","","","","","","ns69.domaincontrol.com","ns70.domaincontrol.com","","","clientDeleteProhibited","clientRenewProhibited","clientTransferProhibited","clientUpdateProhibited"
"97","peluquerosdecolombia.com","2020-05-11 20:02:33","2020-05-08","2020-05-08","2021-05-08","146","GoDaddy.com, LLC","whois.godaddy.com","http://registrar.godaddy.com","","","","","Antioquia","","Colombia","","","","","","","","","","","","","","","","","","","","","","","","","","","","","","","","","","ns69.domaincontrol.com","ns70.domaincontrol.com","","","clientDeleteProhibited","clientRenewProhibited","clientTransferProhibited","clientUpdateProhibited"
"98","pimanaapartamentos.com","2020-05-11 20:02:03","2020-05-08","2020-05-08","2022-05-08","146","GoDaddy.com, LLC","whois.godaddy.com","http://registrar.godaddy.com","","","","","Colombia","","Colombia","","","","","","","","","","","","","","","","","","","","","","","","","","","","","","","","","","ns15.domaincontrol.com","ns16.domaincontrol.com","","","clientDeleteProhibited","clientRenewProhibited","clientTransferProhibited","clientUpdateProhibited"
"99","posters-vintage.com","2020-05-11 20:14:17","2020-05-08","2020-05-08","2021-05-08","146","GoDaddy.com, LLC","whois.godaddy.com","http://registrar.godaddy.com","","","","","Antioquia","","Colombia","","","","","","","","","","","","","","","","","","","","","","","","","","","","","","","","","","ns69.domaincontrol.com","ns70.domaincontrol.com","","","clientDeleteProhibited","clientRenewProhibited","clientTransferProhibited","clientUpdateProhibited"
"100","qybconsultants.com","2020-05-11 20:03:28","2020-05-08","2020-05-08","2021-05-08","303","PDR Ltd. d/b/a PublicDomainRegistry.com","whois.publicdomainregistry.com","http://www.publicdomainregistry.com","Gustavo Quevedo","","Cra 70D #98 a 05, Int 7 ap 202 Pontevedra","Bogota","BOG","111101","Colombia","mundosorpresasco@gmail.com","+57.3006106572","","Gustavo Quevedo","","Cra 70D #98 a 05, Int 7 ap 202 Pontevedra","Bogota","BOG","111101","Colombia","mundosorpresasco@gmail.com","+57.3006106572","","Gustavo Quevedo","","Cra 70D #98 a 05, Int 7 ap 202 Pontevedra","Bogota","BOG","111101","Colombia","mundosorpresasco@gmail.com","+57.3006106572","","","","","","","","","","","","ns20.hostgator.co","ns21.hostgator.co","","","clientTransferProhibited","","",""
"101","rapillavesipiales.com","2020-05-11 20:06:40","2020-05-09","2020-05-09","2021-05-09","146","GoDaddy.com, LLC","whois.godaddy.com","http://registrar.godaddy.com","","","","","narino","","Colombia","","","","","","","","","","","","","","","","","","","","","","","","","","","","","","","","","","ns47.domaincontrol.com","ns48.domaincontrol.com","","","clientDeleteProhibited","clientRenewProhibited","clientTransferProhibited","clientUpdateProhibited"
"102","reconocergi.com","2020-05-11 19:59:18","2020-05-08","2020-05-08","2022-05-08","146","GoDaddy.com, LLC","whois.godaddy.com","http://registrar.godaddy.com","reconocer grupo internacional","reconocer grupo internacional","","","Santander","","Colombia","","","","","","","","","","","","","","","","","","","","","","","","","","","","","","","","","","ns55.domaincontrol.com","ns56.domaincontrol.com","","","clientDeleteProhibited","clientRenewProhibited","clientTransferProhibited","clientUpdateProhibited"
"103","reparacel.com","2020-05-11 20:06:38","2020-05-09","2020-05-09","2021-05-09","303","PDR Ltd. d/b/a PublicDomainRegistry.com","whois.publicdomainregistry.com","http://www.publicdomainregistry.com","Anderson Lopez","","cra 20# 7a-11, centro centro","Sincelejo","SUC","700001","Colombia","anferch89@hotmail.com","+57.3216106875","","Anderson Lopez","","cra 20# 7a-11, centro centro","Sincelejo","SUC","700001","Colombia","anferch89@hotmail.com","+57.3216106875","","Anderson Lopez","","cra 20# 7a-11, centro centro","Sincelejo","SUC","700001","Colombia","anferch89@hotmail.com","+57.3216106875","","","","","","","","","","","","ns20.hostgator.co","ns21.hostgator.co","","","clientTransferProhibited","","",""
"104","sabanacampestre.com","2020-05-11 20:02:21","2020-05-08","2020-05-08","2021-05-08","303","PDR Ltd. d/b/a PublicDomainRegistry.com","whois.publicdomainregistry.com","http://www.publicdomainregistry.com","Pixel Corporation","Pixel INC","Calle 75#16-13","Soledad","Atlantico","050042","Colombia","pixelcolombia93@gmail.com","+57.3103777079","","Pixel Corporation","Pixel INC","Calle 75#16-13","Soledad","Atlantico","050042","Colombia","pixelcolombia93@gmail.com","+57.3103777079","","Pixel Corporation","Pixel INC","Calle 75#16-13","Soledad","Atlantico","050042","Colombia","pixelcolombia93@gmail.com","+57.3103777079","","","","","","","","","","","","ns5.bienvenidohosting.com","ns6.bienvenidohosting.com","","","clientTransferProhibited","","",""
"105","sarahfem.com","2020-05-11 20:14:33","2020-05-08","2020-05-08","2021-05-08","1383","Soluciones Corporativas IP, SLU","whois.scip.es","http://www.dondominio.com","REDACTED FOR PRIVACY","","REDACTED FOR PRIVACY","REDACTED FOR PRIVACY","Antioquia","REDACTED FOR PRIVACY","Colombia","","REDACTED FOR PRIVACY","REDACTED FOR PRIVACY","REDACTED FOR PRIVACY","REDACTED FOR PRIVACY","REDACTED FOR PRIVACY","REDACTED FOR PRIVACY","REDACTED FOR PRIVACY","REDACTED FOR PRIVACY","REDACTED FOR PRIVACY","","REDACTED FOR PRIVACY","REDACTED FOR PRIVACY","REDACTED FOR PRIVACY","REDACTED FOR PRIVACY","REDACTED FOR PRIVACY","REDACTED FOR PRIVACY","REDACTED FOR PRIVACY","REDACTED FOR PRIVACY","REDACTED FOR PRIVACY","","REDACTED FOR PRIVACY","REDACTED FOR PRIVACY","","","","","","","","","","","ns1561.webempresa.eu","ns1562.webempresa.eu","","","OK","","",""
"106","semundialdecolision.com","2020-05-11 19:55:17","2020-05-09","2020-05-09","2021-05-09","146","GoDaddy.com, LLC","whois.godaddy.com","http://registrar.godaddy.com","","","","","Norte de Santander","","Colombia","","","","","","","","","","","","","","","","","","","","","","","","","","","","","","","","","","ns15.domaincontrol.com","ns16.domaincontrol.com","","","clientDeleteProhibited","clientRenewProhibited","clientTransferProhibited","clientUpdateProhibited"
"107","serviciosamsungchia.com","2020-05-11 20:14:11","2020-05-08","2020-05-08","2021-05-08","146","GoDaddy.com, LLC","whois.godaddy.com","http://registrar.godaddy.com","Escuela de Video Usaquen","Escuela de Video Usaquen","","","Distrito Capital de Bogota","","Colombia","","","","","","","","","","","","","","","","","","","","","","","","","","","","","","","","","","ns1.totalchoicehosting.com","ns2.totalchoicehosting.com","","","clientDeleteProhibited","clientRenewProhibited","clientTransferProhibited","clientUpdateProhibited"
"108","sianmedicinaalternativa.com","2020-05-11 20:02:18","2020-05-08","2020-05-08","2021-05-08","69","Tucows Domains Inc.","whois.tucows.com","http://domainhelp.opensrs.net","REDACTED FOR PRIVACY","REDACTED FOR PRIVACY","REDACTED FOR PRIVACY","REDACTED FOR PRIVACY","Cundinamarca","REDACTED FOR PRIVACY","Colombia","","REDACTED FOR PRIVACY","REDACTED FOR PRIVACY","REDACTED FOR PRIVACY","REDACTED FOR PRIVACY","REDACTED FOR PRIVACY","REDACTED FOR PRIVACY","REDACTED FOR PRIVACY","REDACTED FOR PRIVACY","REDACTED FOR PRIVACY","","REDACTED FOR PRIVACY","REDACTED FOR PRIVACY","REDACTED FOR PRIVACY","REDACTED FOR PRIVACY","REDACTED FOR PRIVACY","REDACTED FOR PRIVACY","REDACTED FOR PRIVACY","REDACTED FOR PRIVACY","REDACTED FOR PRIVACY","","REDACTED FOR PRIVACY","REDACTED FOR PRIVACY","","","","","","","","","","","ns1.colombiahosting.com","ns2.colombiahosting.com","","","","","",""
"109","sistemprest.com","2020-05-11 20:01:19","2020-05-08","2020-05-08","2021-05-08","303","PDR Ltd. d/b/a PublicDomainRegistry.com","whois.publicdomainregistry.com","http://www.publicdomainregistry.com","Sebastian Garces","","Armenia, Quindio","Quindio","Armenia","630001","Colombia","sebastiangq_11@hotmail.com","+57.3193849386","","Sebastian Garces","","Armenia, Quindio","Quindio","Armenia","630001","Colombia","sebastiangq_11@hotmail.com","+57.3193849386","","Sebastian Garces","","Armenia, Quindio","Quindio","Armenia","630001","Colombia","sebastiangq_11@hotmail.com","+57.3193849386","","","","","","","","","","","","ns31.latinoamericahosting.com","ns32.latinoamericahosting.com","","","clientTransferProhibited","","",""
"110","solucionesenventas.com","2020-05-11 20:04:55","2020-05-09","2020-05-09","2022-05-09","146","GoDaddy.com, LLC","whois.godaddy.com","http://registrar.godaddy.com","comercializadora especialiteq","comercializadora especialiteq","","","cundinamarca","","Colombia","","","","","","","","","","","","","","","","","","","","","","","","","","","","","","","","","","ns47.domaincontrol.com","ns48.domaincontrol.com","","","clientDeleteProhibited","clientRenewProhibited","clientTransferProhibited","clientUpdateProhibited"
"111","sonambulista.com","2020-05-11 20:06:11","2020-05-09","2020-05-09","2022-05-09","146","GoDaddy.com, LLC","whois.godaddy.com","http://registrar.godaddy.com","Querida Productora","Querida Productora","","","Antioquia","","Colombia","","","","","","","","","","","","","","","","","","","","","","","","","","","","","","","","","","ns59.domaincontrol.com","ns60.domaincontrol.com","","","clientDeleteProhibited","clientRenewProhibited","clientTransferProhibited","clientUpdateProhibited"
"112","storipet.com","2020-05-11 19:55:14","2020-05-08","2020-05-08","2022-05-08","146","GoDaddy.com, LLC","whois.godaddy.com","http://registrar.godaddy.com","","","","","cundinamarca","","Colombia","","","","","","","","","","","","","","","","","","","","","","","","","","","","","","","","","","ns47.domaincontrol.com","ns48.domaincontrol.com","","","clientDeleteProhibited","clientRenewProhibited","clientTransferProhibited","clientUpdateProhibited"
"113","studiusangels.com","2020-05-11 20:15:35","2020-05-09","2020-05-09","2021-05-09","146","GoDaddy.com, LLC","whois.godaddy.com","http://registrar.godaddy.com","BBVA","BBVA","","","DC","","Colombia","","","","","","","","","","","","","","","","","","","","","","","","","","","","","","","","","","ns69.domaincontrol.com","ns70.domaincontrol.com","","","clientDeleteProhibited","clientRenewProhibited","clientTransferProhibited","clientUpdateProhibited"
"114","surtiferreteriassfs.com","2020-05-11 19:59:23","2020-05-08","2020-05-08","2022-05-08","146","GoDaddy.com, LLC","whois.godaddy.com","http://registrar.godaddy.com","","","","","cundinamarca","","Colombia","","","","","","","","","","","","","","","","","","","","","","","","","","","","","","","","","","ns6159.hostgator.com","ns6160.hostgator.com","","","clientDeleteProhibited","clientRenewProhibited","clientTransferProhibited","clientUpdateProhibited"
"115","susa-broso.com","2020-05-11 20:02:15","2020-05-08","2020-05-08","2021-05-08","146","GoDaddy.com, LLC","whois.godaddy.com","http://registrar.godaddy.com","Selecta Consulting Group","Selecta Consulting Group","","","Antioquia","","Colombia","","","","","","","","","","","","","","","","","","","","","","","","","","","","","","","","","","pdns11.domaincontrol.com","pdns12.domaincontrol.com","","","clientDeleteProhibited","clientRenewProhibited","clientTransferProhibited","clientUpdateProhibited"
"116","susabroso.com","2020-05-11 20:02:18","2020-05-08","2020-05-08","2021-05-08","146","GoDaddy.com, LLC","whois.godaddy.com","http://registrar.godaddy.com","Selecta Consulting Group","Selecta Consulting Group","","","Antioquia","","Colombia","","","","","","","","","","","","","","","","","","","","","","","","","","","","","","","","","","pdns11.domaincontrol.com","pdns12.domaincontrol.com","","","clientDeleteProhibited","clientRenewProhibited","clientTransferProhibited","clientUpdateProhibited"
"117","systemanimal.com","2020-05-11 20:04:21","2020-05-09","2020-05-09","2021-05-08","76","Nominalia Internet S.L.","whois.nominalia.com","http://www.nominalia.com","REDACTED FOR PRIVACY","REDACTED FOR PRIVACY","REDACTED FOR PRIVACY","REDACTED FOR PRIVACY","Risaralda","REDACTED FOR PRIVACY","Colombia","","REDACTED.FORPRIVACY","REDACTED.FORPRIVACY","REDACTED FOR PRIVACY","REDACTED FOR PRIVACY","REDACTED FOR PRIVACY","REDACTED FOR PRIVACY","Risaralda","REDACTED FOR PRIVACY","Colombia","","REDACTED.FORPRIVACY","REDACTED.FORPRIVACY","REDACTED FOR PRIVACY","REDACTED FOR PRIVACY","REDACTED FOR PRIVACY","REDACTED FOR PRIVACY","Barcelona","REDACTED FOR PRIVACY","Spain","","REDACTED.FORPRIVACY","REDACTED.FORPRIVACY","","","","","","","","","","","dns1.nominalia.com","dns2.nominalia.com","","","OK","","",""
"118","tecno-hogar.com","2020-05-11 20:01:25","2020-05-08","2020-05-08","2021-05-08","146","GoDaddy.com, LLC","whois.godaddy.com","http://registrar.godaddy.com","","","","","Estudiante","","Colombia","","","","","","","","","","","","","","","","","","","","","","","","","","","","","","","","","","ns59.domaincontrol.com","ns60.domaincontrol.com","","","clientDeleteProhibited","clientRenewProhibited","clientTransferProhibited","clientUpdateProhibited"
"119","tecnospacestore.com","2020-05-11 20:09:52","2020-05-09","2020-05-09","2021-05-09","106","Ascio Technologies, Inc. Danmark - Filial af Ascio technologies, Inc. USA","whois.ascio.com","http://www.ascio.com","Not Disclosed","Not Disclosed","Not Disclosed","Not Disclosed","","Not Disclosed","Colombia","","Not Disclosed","Not Disclosed","Not Disclosed","Not Disclosed","Not Disclosed","Not Disclosed","Not Disclosed","Not Disclosed","Not Disclosed","","Not Disclosed","Not Disclosed","Not Disclosed","Not Disclosed","Not Disclosed","Not Disclosed","Not Disclosed","Not Disclosed","Not Disclosed","","Not Disclosed","Not Disclosed","","","","","","","","","","","dns1.123hjemmeside.dk","dns2.123hjemmeside.dk","dns3.123hjemmeside.dk","","OK","","",""
"120","thecartelburger.com","2020-05-11 20:03:46","2020-05-08","2020-05-08","2022-05-08","146","GoDaddy.com, LLC","whois.godaddy.com","http://registrar.godaddy.com","","","","","Magdalena","","Colombia","","","","","","","","","","","","","","","","","","","","","","","","","","","","","","","","","","ns1.giow1085.siteground.us","ns2.giow1085.siteground.us","","","clientDeleteProhibited","clientRenewProhibited","clientTransferProhibited","clientUpdateProhibited"
"121","tiendaredtab.com","2020-05-11 20:09:51","2020-05-09","2020-05-09","2021-05-09","146","GoDaddy.com, LLC","whois.godaddy.com","http://registrar.godaddy.com","Soluredys Soluciones Integrales SAS","Soluredys Soluciones Integrales SAS","","","Magdalena","","Colombia","","","","","","","","","","","","","","","","","","","","","","","","","","","","","","","","","","ns15.domaincontrol.com","ns16.domaincontrol.com","","","clientDeleteProhibited","clientRenewProhibited","clientTransferProhibited","clientUpdateProhibited"
"122","tiendasanta.com","2020-05-11 19:57:52","2020-05-08","2020-05-08","2021-05-08","303","PDR Ltd. d/b/a PublicDomainRegistry.com","whois.publicdomainregistry.com","http://www.publicdomainregistry.com","Olga Liliana Moreno Arango","","calle 127D, 19-45 apto 203 La calleja","Bogota","BOG","110121","Colombia","olmarango@hotmail.com","+57.3212417589","","Olga Liliana Moreno Arango","","calle 127D, 19-45 apto 203 La calleja","Bogota","BOG","110121","Colombia","olmarango@hotmail.com","+57.3212417589","","Olga Liliana Moreno Arango","","calle 127D, 19-45 apto 203 La calleja","Bogota","BOG","110121","Colombia","olmarango@hotmail.com","+57.3212417589","","","","","","","","","","","","ns20.hostgator.co","ns21.hostgator.co","","","clientTransferProhibited","","",""
"123","tiendasmariapaula.com","2020-05-11 20:15:27","2020-05-09","2020-05-09","2021-05-09","303","PDR Ltd. d/b/a PublicDomainRegistry.com","whois.publicdomainregistry.com","http://www.publicdomainregistry.com","Oswaldo Ballesteros","","Carrera 11A, 22 22 El Laguito","Sogamoso","BOY","152210","Colombia","gestionytec@gmail.com","+57.3007672000","","Oswaldo Ballesteros","","Carrera 11A, 22 22 El Laguito","Sogamoso","BOY","152210","Colombia","gestionytec@gmail.com","+57.3007672000","","Oswaldo Ballesteros","","Carrera 11A, 22 22 El Laguito","Sogamoso","BOY","152210","Colombia","gestionytec@gmail.com","+57.3007672000","","","","","","","","","","","","ns1.alka.support","ns2.alka.support","","","clientTransferProhibited","","",""
"124","tiramisimopostres.com","2020-05-11 20:06:38","2020-05-09","2020-05-09","2021-05-09","955","Launchpad, Inc.","whois.launchpad.com","http://www.launchpad.com","fabio andres  espinel garcia","None","crr 8a 20 21","mosquera","CUN","151420","Colombia","fabio_an10@hotmail.com","+57.3143882749","","fabio andres  espinel garcia","None","crr 8a 20 21","mosquera","CUN","151420","Colombia","fabio_an10@hotmail.com","+57.3143882749","","fabio andres  espinel garcia","None","crr 8a 20 21","mosquera","CUN","151420","Colombia","fabio_an10@hotmail.com","+57.3143882749","","","","","","","","","","","","ns8051.hostgator.com","ns8052.hostgator.com","","","clientTransferProhibited","","",""
"125","torneomobilps.com","2020-05-11 20:04:02","2020-05-08","2020-05-08","2022-05-08","146","GoDaddy.com, LLC","whois.godaddy.com","http://registrar.godaddy.com","Engine Cloud","Engine Cloud","","","VALLE DEL CAUCA","","Colombia","","","","","","","","","","","","","","","","","","","","","","","","","","","","","","","","","","sdns2.ovh.ca","vps219456.vps.ovh.ca","","","clientDeleteProhibited","clientRenewProhibited","clientTransferProhibited","clientUpdateProhibited"
"126","totalcarga.com","2020-05-11 19:59:03","2020-05-08","2020-05-08","2021-05-08","303","PDR Ltd. d/b/a PublicDomainRegistry.com","whois.publicdomainregistry.com","http://www.publicdomainregistry.com","Geovanni Tulcan Moncayo","TOTALCARGA GROUP","calle 84A N 53A-25, 104 viviendas del sur","Itagui","ANT","110111","Colombia","totalcarga.group@gmail.com","+57.3158260818","","Geovanni Tulcan Moncayo","TOTALCARGA GROUP","calle 84A N 53A-25, 104 viviendas del sur","Itagui","ANT","110111","Colombia","totalcarga.group@gmail.com","+57.3158260818","","Geovanni Tulcan Moncayo","TOTALCARGA GROUP","calle 84A N 53A-25, 104 viviendas del sur","Itagui","ANT","110111","Colombia","totalcarga.group@gmail.com","+57.3158260818","","","","","","","","","","","","ns20.hostgator.co","ns21.hostgator.co","","","clientTransferProhibited","","",""
"127","tupropiedadhorizontalonline.com","2020-05-11 20:02:00","2020-05-08","2020-05-08","2021-05-08","303","PDR Ltd. d/b/a PublicDomainRegistry.com","whois.publicdomainregistry.com","http://www.publicdomainregistry.com","Juan Sebastian  Ortegon Arango","","CR 20 A 71 09 AP 404","Manizales","Caldas","570000","Colombia","sebas746@hotmail.com","+57.3005231027","","Juan Sebastian  Ortegon Arango","","CR 20 A 71 09 AP 404","Manizales","Caldas","570000","Colombia","sebas746@hotmail.com","+57.3005231027","","Juan Sebastian  Ortegon Arango","","CR 20 A 71 09 AP 404","Manizales","Caldas","570000","Colombia","sebas746@hotmail.com","+57.3005231027","","","","","","","","","","","","winns1.imaginadw.com","winns2.imaginadw.com","","","clientTransferProhibited","","",""
"128","vamosconvemoh.com","2020-05-11 20:05:10","2020-05-09","2020-05-09","2021-05-09","303","PDR Ltd. d/b/a PublicDomainRegistry.com","whois.publicdomainregistry.com","http://www.publicdomainregistry.com","EDWARD PATINO","","Carrera 86 b # 49a 21 apto 202","Medellin","Antioquia","050042","Colombia","vamosconvemoh@gmail.com","+57.3505246985","","EDWARD PATINO","","Carrera 86 b # 49a 21 apto 202","Medellin","Antioquia","050042","Colombia","vamosconvemoh@gmail.com","+57.3505246985","","EDWARD PATINO","","Carrera 86 b # 49a 21 apto 202","Medellin","Antioquia","050042","Colombia","vamosconvemoh@gmail.com","+57.3505246985","","","","","","","","","","","","ns10.prodns.com.co","ns11.prodns.com.co","","","clientTransferProhibited","","",""
"129","verducampo.com","2020-05-11 20:14:18","2020-05-08","2020-05-08","2021-05-08","146","GoDaddy.com, LLC","whois.godaddy.com","http://registrar.godaddy.com","House","House","","","Sucre","","Colombia","","","","","","","","","","","","","","","","","","","","","","","","","","","","","","","","","","ns1387.websitewelcome.com","ns1388.websitewelcome.com","","","clientDeleteProhibited","clientRenewProhibited","clientTransferProhibited","clientUpdateProhibited"
"130","veterinariaelbosque.com","2020-05-11 20:14:40","2020-05-08","2020-05-08","2021-05-08","303","PDR Ltd. d/b/a PublicDomainRegistry.com","whois.publicdomainregistry.com","http://www.publicdomainregistry.com","jhon franco","clinica veterinaria el bosque funza","cra 17 # 14 69, 8215684 el lago","Funza","CUN","250020","Colombia","jefrancoc@unal.edu.co","+57.3007902615","","jhon franco","clinica veterinaria el bosque funza","cra 17 # 14 69, 8215684 el lago","Funza","CUN","250020","Colombia","jefrancoc@unal.edu.co","+57.3007902615","","jhon franco","clinica veterinaria el bosque funza","cra 17 # 14 69, 8215684 el lago","Funza","CUN","250020","Colombia","jefrancoc@unal.edu.co","+57.3007902615","","","","","","","","","","","","ns1.reservado.hostgator.mx","ns2.reservado.hostgator.mx","","","clientTransferProhibited","","",""
"131","villashanty.com","2020-05-11 20:02:31","2020-05-08","2020-05-08","2021-05-08","1383","Soluciones Corporativas IP, SLU","whois.scip.es","http://www.dondominio.com","REDACTED FOR PRIVACY","","REDACTED FOR PRIVACY","REDACTED FOR PRIVACY","Cundinamarca","REDACTED FOR PRIVACY","Colombia","","REDACTED FOR PRIVACY","REDACTED FOR PRIVACY","REDACTED FOR PRIVACY","REDACTED FOR PRIVACY","REDACTED FOR PRIVACY","REDACTED FOR PRIVACY","REDACTED FOR PRIVACY","REDACTED FOR PRIVACY","REDACTED FOR PRIVACY","","REDACTED FOR PRIVACY","REDACTED FOR PRIVACY","REDACTED FOR PRIVACY","REDACTED FOR PRIVACY","REDACTED FOR PRIVACY","REDACTED FOR PRIVACY","REDACTED FOR PRIVACY","REDACTED FOR PRIVACY","REDACTED FOR PRIVACY","","REDACTED FOR PRIVACY","REDACTED FOR PRIVACY","","","","","","","","","","","ns1561.webempresa.eu","ns1562.webempresa.eu","","","clientTransferProhibited","ok","",""
"132","vipacceso.com","2020-05-11 20:02:31","2020-05-08","2020-05-08","2021-05-08","146","GoDaddy.com, LLC","whois.godaddy.com","http://registrar.godaddy.com","AutoineControl","AutoineControl","","","Cundinamarca","","Colombia","","","","","","","","","","","","","","","","","","","","","","","","","","","","","","","","","","ns69.domaincontrol.com","ns70.domaincontrol.com","","","clientDeleteProhibited","clientRenewProhibited","clientTransferProhibited","clientUpdateProhibited"
"133","virtuamercapp.com","2020-05-11 20:02:16","2020-05-08","2020-05-08","2021-05-08","146","GoDaddy.com, LLC","whois.godaddy.com","http://registrar.godaddy.com","","","","","cundinamarca","","Colombia","","","","","","","","","","","","","","","","","","","","","","","","","","","","","","","","","","ns59.domaincontrol.com","ns60.domaincontrol.com","","","clientDeleteProhibited","clientRenewProhibited","clientTransferProhibited","clientUpdateProhibited"
"134","vitanconsultores.com","2020-05-11 20:00:31","2020-05-08","2020-05-08","2021-05-08","303","PDR Ltd. d/b/a PublicDomainRegistry.com","whois.publicdomainregistry.com","http://www.publicdomainregistry.com","Cristian Rosero","Orbis agencia SAS","carrera 80#73-38","Bogota","Bogota","111051","Colombia","cristhianrosero123@gmail.com","+57.3112912630","","Cristian Rosero","Orbis agencia SAS","carrera 80#73-38","Bogota","Bogota","111051","Colombia","cristhianrosero123@gmail.com","+57.3112912630","","Cristian Rosero","Orbis agencia SAS","carrera 80#73-38","Bogota","Bogota","111051","Colombia","cristhianrosero123@gmail.com","+57.3112912630","","","","","","","","","","","","ns7.bienvenidohosting.com","ns8.bienvenidohosting.com","","","clientTransferProhibited","","",""
"135","viviendaenpopayan.com","2020-05-11 20:14:33","2020-05-08","2020-05-08","2021-05-08","146","GoDaddy.com, LLC","whois.godaddy.com","http://registrar.godaddy.com","Otero Gestion Inmobiliaria y Agrocomercial","Otero Gestion Inmobiliaria y Agrocomercial","","","Cauca","","Colombia","","","","","","","","","","","","","","","","","","","","","","","","","","","","","","","","","","ns15.domaincontrol.com","ns16.domaincontrol.com","","","clientDeleteProhibited","clientRenewProhibited","clientTransferProhibited","clientUpdateProhibited"
"136","widishop10.com","2020-05-11 20:06:15","2020-05-09","2020-05-09","2021-05-09","69","Tucows Domains Inc.","whois.tucows.com","http://domainhelp.opensrs.net","REDACTED FOR PRIVACY","REDACTED FOR PRIVACY","REDACTED FOR PRIVACY","REDACTED FOR PRIVACY","XX","REDACTED FOR PRIVACY","Colombia","","REDACTED FOR PRIVACY","REDACTED FOR PRIVACY","REDACTED FOR PRIVACY","REDACTED FOR PRIVACY","REDACTED FOR PRIVACY","REDACTED FOR PRIVACY","REDACTED FOR PRIVACY","REDACTED FOR PRIVACY","REDACTED FOR PRIVACY","","REDACTED FOR PRIVACY","REDACTED FOR PRIVACY","REDACTED FOR PRIVACY","REDACTED FOR PRIVACY","REDACTED FOR PRIVACY","REDACTED FOR PRIVACY","REDACTED FOR PRIVACY","REDACTED FOR PRIVACY","REDACTED FOR PRIVACY","","REDACTED FOR PRIVACY","REDACTED FOR PRIVACY","","","","","","","","","","","ns1.giowm1038.siteground.biz","ns2.giowm1038.siteground.biz","","","clientTransferProhibited","clientUpdateProhibited","",""
"137","wordpress-pack.com","2020-05-11 20:14:57","2020-05-08","2020-05-08","2021-05-08","146","GoDaddy.com, LLC","whois.godaddy.com","http://registrar.godaddy.com","","","","","vallle","","Colombia","","","","","","","","","","","","","","","","","","","","","","","","","","","","","","","","","","cass.ns.cloudflare.com","tim.ns.cloudflare.com","","","clientDeleteProhibited","clientRenewProhibited","clientTransferProhibited","clientUpdateProhibited"
"138","y7jeans.com","2020-05-11 20:04:01","2020-05-08","2020-05-08","2021-05-08","69","Tucows Domains Inc.","whois.tucows.com","http://domainhelp.opensrs.net","REDACTED FOR PRIVACY","REDACTED FOR PRIVACY","REDACTED FOR PRIVACY","REDACTED FOR PRIVACY","Nari?o","REDACTED FOR PRIVACY","Colombia","","REDACTED FOR PRIVACY","REDACTED FOR PRIVACY","REDACTED FOR PRIVACY","REDACTED FOR PRIVACY","REDACTED FOR PRIVACY","REDACTED FOR PRIVACY","REDACTED FOR PRIVACY","REDACTED FOR PRIVACY","REDACTED FOR PRIVACY","","REDACTED FOR PRIVACY","REDACTED FOR PRIVACY","REDACTED FOR PRIVACY","REDACTED FOR PRIVACY","REDACTED FOR PRIVACY","REDACTED FOR PRIVACY","REDACTED FOR PRIVACY","REDACTED FOR PRIVACY","REDACTED FOR PRIVACY","","REDACTED FOR PRIVACY","REDACTED FOR PRIVACY","","","","","","","","","","","ns1.colombiahosting.com","ns2.colombiahosting.com","","","","","",""
"139","yanubapasteleria.com","2020-05-11 20:00:41","2020-05-08","2020-05-10","2021-05-08","69","Tucows Domains Inc.","whois.tucows.com","http://domainhelp.opensrs.net","REDACTED FOR PRIVACY","REDACTED FOR PRIVACY","REDACTED FOR PRIVACY","REDACTED FOR PRIVACY","Cundinamarca","REDACTED FOR PRIVACY","Colombia","","REDACTED FOR PRIVACY","REDACTED FOR PRIVACY","REDACTED FOR PRIVACY","REDACTED FOR PRIVACY","REDACTED FOR PRIVACY","REDACTED FOR PRIVACY","REDACTED FOR PRIVACY","REDACTED FOR PRIVACY","REDACTED FOR PRIVACY","","REDACTED FOR PRIVACY","REDACTED FOR PRIVACY","REDACTED FOR PRIVACY","REDACTED FOR PRIVACY","REDACTED FOR PRIVACY","REDACTED FOR PRIVACY","REDACTED FOR PRIVACY","REDACTED FOR PRIVACY","REDACTED FOR PRIVACY","","REDACTED FOR PRIVACY","REDACTED FOR PRIVACY","","","","","","","","","","","ns1.colombiahosting.com","ns2.colombiahosting.com","","","","","",""
"140","yoenred.com","2020-05-11 20:14:22","2020-05-08","2020-05-08","2021-05-08","440","Wild West Domains, LLC","whois.wildwestdomains.com","http://www.wildwestdomains.com","LintBusiness","LintBusiness","","","Cundinamarca","","Colombia","","","","","","","","","","","","","","","","","","","","","","","","","","","","","","","","","","ns1.panelboxmanager.com","ns2.panelboxmanager.com","","","clientDeleteProhibited","clientRenewProhibited","clientTransferProhibited","clientUpdateProhibited"
"141","zumonasteriovivo.com","2020-05-11 20:02:24","2020-05-08","2020-05-08","2021-05-08","146","GoDaddy.com, LLC","whois.godaddy.com","http://registrar.godaddy.com","zumonasterio","zumonasterio","","","Antioquia","","Colombia","","","","","","","","","","","","","","","","","","","","","","","","","","","","","","","","","","ns59.domaincontrol.com","ns60.domaincontrol.com","","","clientDeleteProhibited","clientRenewProhibited","clientTransferProhibited","clientUpdateProhibited"