"num","domain_name","query_time","create_date","update_date","expiry_date","domain_registrar_id","domain_registrar_name","domain_registrar_whois","domain_registrar_url","registrant_name","registrant_company","registrant_address","registrant_city","registrant_state","registrant_zip","registrant_country","registrant_email","registrant_phone","registrant_fax","administrative_name","administrative_company","administrative_address","administrative_city","administrative_state","administrative_zip","administrative_country","administrative_email","administrative_phone","administrative_fax","technical_name","technical_company","technical_address","technical_city","technical_state","technical_zip","technical_country","technical_email","technical_phone","technical_fax","billing_name","billing_company","billing_address","billing_city","billing_state","billing_zip","billing_country","billing_email","billing_phone","billing_fax","name_server_1","name_server_2","name_server_3","name_server_4","domain_status_1","domain_status_2","domain_status_3","domain_status_4"
"1","adolpheen.com","2020-05-11 19:55:42","2020-05-09","2020-05-09","2021-05-09","1505","Gransy s.r.o. d/b/a subreg.cz","whois.regtons.com","http://regtons.com","Not Disclosed Not Disclosed","Bulls & Bears Investment Company","Not Disclosed","Not Disclosed","","Not Disclosed","Czech Republic","webproxy@whoisprotection.domains","Not Disclosed","Not Disclosed","Not Disclosed Not Disclosed","","Not Disclosed","Not Disclosed","Not Disclosed","Not Disclosed","Not Disclosed","webproxy@whoisprotection.domains","Not Disclosed","Not Disclosed","Not Disclosed Not Disclosed","","Not Disclosed","Not Disclosed","Not Disclosed","Not Disclosed","Not Disclosed","webproxy@whoisprotection.domains","Not Disclosed","Not Disclosed","","","","","","","","","","","ns1.webhouse.sk","ns2.webhouse.sk","","","OK","","",""
"2","annie.care","2020-05-11 20:04:55","2020-05-08","2020-05-08","2021-05-08","1505","Gransy s.r.o. d/b/a subreg.cz","whois.regtons.com","http://regtons.com","REDACTED FOR PRIVACY","Whois protection, this company does not own this domain name s.r.o.","REDACTED FOR PRIVACY","REDACTED FOR PRIVACY","","REDACTED FOR PRIVACY","Czech Republic","","REDACTED FOR PRIVACY","REDACTED FOR PRIVACY","","","","","","","","","","","","","","","","","","","","","","","","","","","","","","","","","","","addPeriod","","",""
"3","catopizza.com","2020-05-11 19:57:50","2020-05-08","2020-05-08","2021-05-08","1505","Gransy s.r.o. d/b/a subreg.cz","whois.regtons.com","http://regtons.com","Domain Admin","Whois protection, this company does not own this domain name s.r.o.","Jaurisova 515/4","Praha 4","","14000","Czech Republic","catopizza.com@whoisprotection.domains","+420.226517351","+420.226517341","Domain Admin","Whois protection, this company does not own this domain name s.r.o.","Jaurisova 515/4","Praha 4","","14000","Czech Republic","catopizza.com@whoisprotection.domains","+420.226517351","+420.226517341","Domain Tech","Whois protection, this company does not own this domain name s.r.o.","Jaurisova 515/4","Praha 4","","14000","Czech Republic","catopizza.com@whoisprotection.domains","+420.226517351","+420.226517341","","","","","","","","","","","ns.gransy.com","ns2.gransy.com","ns3.gransy.com","ns4.gransy.com","OK","","",""
"4","cryptofoundationbtc.com","2020-05-11 19:55:38","2020-05-09","2020-05-09","2021-05-09","1505","Gransy s.r.o. d/b/a subreg.cz","whois.regtons.com","http://regtons.com","Not Disclosed Not Disclosed","Pavel Zizka","Not Disclosed","Not Disclosed","Kralovehradecky","Not Disclosed","Czech Republic","webproxy@whoisprotection.domains","Not Disclosed","Not Disclosed","Not Disclosed Not Disclosed","","Not Disclosed","Not Disclosed","Not Disclosed","Not Disclosed","Not Disclosed","webproxy@whoisprotection.domains","Not Disclosed","Not Disclosed","Not Disclosed Not Disclosed","","Not Disclosed","Not Disclosed","Not Disclosed","Not Disclosed","Not Disclosed","webproxy@whoisprotection.domains","Not Disclosed","Not Disclosed","","","","","","","","","","","ns1.gsp-europe.net","ns2.gsp-europe.net","","","OK","","",""
"5","dunes-west.com","2020-05-11 20:00:45","2020-05-08","2020-05-08","2021-05-08","1505","Gransy s.r.o. d/b/a subreg.cz","whois.regtons.com","http://regtons.com","Domain Admin","Whois protection, this company does not own this domain name s.r.o.","Jaurisova 515/4","Praha 4","","14000","Czech Republic","dunes-west.com@whoisprotection.domains","+420.226517351","+420.226517341","Domain Admin","Whois protection, this company does not own this domain name s.r.o.","Jaurisova 515/4","Praha 4","","14000","Czech Republic","dunes-west.com@whoisprotection.domains","+420.226517351","+420.226517341","Domain Tech","Whois protection, this company does not own this domain name s.r.o.","Jaurisova 515/4","Praha 4","","14000","Czech Republic","dunes-west.com@whoisprotection.domains","+420.226517351","+420.226517341","","","","","","","","","","","ns1.zomro.net","ns2.zomro.ru","","","OK","","",""
"6","fr-product.com","2020-05-11 20:16:15","2020-05-09","2020-05-09","2021-05-09","1505","Gransy s.r.o. d/b/a subreg.cz","whois.regtons.com","http://regtons.com","Domain Admin","Whois protection, this company does not own this domain name s.r.o.","Jaurisova 515/4","Praha 4","","14000","Czech Republic","fr-product.com@whoisprotection.domains","+420.226517351","+420.226517341","Domain Admin","Whois protection, this company does not own this domain name s.r.o.","Jaurisova 515/4","Praha 4","","14000","Czech Republic","fr-product.com@whoisprotection.domains","+420.226517351","+420.226517341","Domain Tech","Whois protection, this company does not own this domain name s.r.o.","Jaurisova 515/4","Praha 4","","14000","Czech Republic","fr-product.com@whoisprotection.domains","+420.226517351","+420.226517341","","","","","","","","","","","ns1.freednsdedi.com","ns2.freednsdedi.com","","","OK","","",""
"7","garten-welt24.com","2020-05-11 20:02:17","2020-05-08","2020-05-08","2021-05-08","1505","Gransy s.r.o. d/b/a subreg.cz","whois.regtons.com","http://regtons.com","Domain Admin","Whois protection, this company does not own this domain name s.r.o.","Jaurisova 515/4","Praha 4","","14000","Czech Republic","garten-welt24.com@whoisprotection.domains","+420.226517351","+420.226517341","Domain Admin","Whois protection, this company does not own this domain name s.r.o.","Jaurisova 515/4","Praha 4","","14000","Czech Republic","garten-welt24.com@whoisprotection.domains","+420.226517351","+420.226517341","Domain Tech","Whois protection, this company does not own this domain name s.r.o.","Jaurisova 515/4","Praha 4","","14000","Czech Republic","garten-welt24.com@whoisprotection.domains","+420.226517351","+420.226517341","","","","","","","","","","","casey.ns.cloudflare.com","danica.ns.cloudflare.com","","","clientTransferProhibited","","",""
"8","getbtcinfo.com","2020-05-11 19:59:55","2020-05-08","","2021-05-08","1505","Gransy s.r.o. d/b/a subreg.cz","whois.regtons.com","http://regtons.com","Not Disclosed Not Disclosed","","Not Disclosed","Not Disclosed","","Not Disclosed","Czech Republic","webproxy@whoisprotection.domains","Not Disclosed","Not Disclosed","Not Disclosed Not Disclosed","","Not Disclosed","Not Disclosed","Not Disclosed","Not Disclosed","Not Disclosed","webproxy@whoisprotection.domains","Not Disclosed","Not Disclosed","Not Disclosed Not Disclosed","","Not Disclosed","Not Disclosed","Not Disclosed","Not Disclosed","Not Disclosed","webproxy@whoisprotection.domains","Not Disclosed","Not Disclosed","","","","","","","","","","","ns.onebit.cz","ns.onebit.eu","ns.onebit.org","","","","",""
"9","ingerogmartin.com","2020-05-11 20:16:15","2020-05-09","","2021-05-09","839","Realtime Register B.V.","whois.yoursrs.com","http://www.realtimeregister.com","REDACTED FOR PRIVACY","REDACTED FOR PRIVACY","REDACTED FOR PRIVACY","REDACTED FOR PRIVACY","","REDACTED FOR PRIVACY","Czech Republic","","REDACTED FOR PRIVACY","REDACTED FOR PRIVACY","REDACTED FOR PRIVACY","REDACTED FOR PRIVACY","REDACTED FOR PRIVACY","REDACTED FOR PRIVACY","REDACTED FOR PRIVACY","REDACTED FOR PRIVACY","REDACTED FOR PRIVACY","","REDACTED FOR PRIVACY","REDACTED FOR PRIVACY","REDACTED FOR PRIVACY","REDACTED FOR PRIVACY","REDACTED FOR PRIVACY","REDACTED FOR PRIVACY","REDACTED FOR PRIVACY","REDACTED FOR PRIVACY","REDACTED FOR PRIVACY","","REDACTED FOR PRIVACY","REDACTED FOR PRIVACY","","","","","","","","","","","ns-3mhd5n3mfd.dnswnd.be","ns-9yjzbv9yed.dnswnd.de","ns-9yrpbf9ygd.dnswnd.eu","","OK","","",""
"10","jarviseudun-pikakuljetus-oy.com","2020-05-11 20:15:29","2020-05-09","","2021-05-09","839","Realtime Register B.V.","whois.yoursrs.com","http://www.realtimeregister.com","REDACTED FOR PRIVACY","REDACTED FOR PRIVACY","REDACTED FOR PRIVACY","REDACTED FOR PRIVACY","","REDACTED FOR PRIVACY","Czech Republic","","REDACTED FOR PRIVACY","REDACTED FOR PRIVACY","REDACTED FOR PRIVACY","REDACTED FOR PRIVACY","REDACTED FOR PRIVACY","REDACTED FOR PRIVACY","REDACTED FOR PRIVACY","REDACTED FOR PRIVACY","REDACTED FOR PRIVACY","","REDACTED FOR PRIVACY","REDACTED FOR PRIVACY","REDACTED FOR PRIVACY","REDACTED FOR PRIVACY","REDACTED FOR PRIVACY","REDACTED FOR PRIVACY","REDACTED FOR PRIVACY","REDACTED FOR PRIVACY","REDACTED FOR PRIVACY","","REDACTED FOR PRIVACY","REDACTED FOR PRIVACY","","","","","","","","","","","ns-1ybdzv1ygd.dnswnd.be","ns-jmdthbjmfd.dnswnd.de","ns-x839ntx8ed.dnswnd.eu","","OK","","",""
"11","lukasvokal.com","2020-05-11 20:14:35","2020-05-08","2020-05-08","2021-05-08","106","Ascio Technologies, Inc. Danmark - Filial af Ascio technologies, Inc. USA","whois.ascio.com","http://www.ascio.com","Not Disclosed","Not Disclosed","Not Disclosed","Not Disclosed","CZ","Not Disclosed","Czech Republic","","Not Disclosed","Not Disclosed","Not Disclosed","Not Disclosed","Not Disclosed","Not Disclosed","Not Disclosed","Not Disclosed","Not Disclosed","","Not Disclosed","Not Disclosed","Not Disclosed","Not Disclosed","Not Disclosed","Not Disclosed","Not Disclosed","Not Disclosed","Not Disclosed","","Not Disclosed","Not Disclosed","","","","","","","","","","","alfa.ns.active24.cz","beta.ns.active24.cz","gama.ns.active24.sk","","OK","","",""
"12","nukaseed.com","2020-05-11 20:00:55","2020-05-08","2020-05-08","2021-05-08","106","Ascio Technologies, Inc. Danmark - Filial af Ascio technologies, Inc. USA","whois.ascio.com","http://www.ascio.com","Not Disclosed","Not Disclosed","Not Disclosed","Not Disclosed","","Not Disclosed","Czech Republic","","Not Disclosed","Not Disclosed","Not Disclosed","Not Disclosed","Not Disclosed","Not Disclosed","Not Disclosed","Not Disclosed","Not Disclosed","","Not Disclosed","Not Disclosed","Not Disclosed","Not Disclosed","Not Disclosed","Not Disclosed","Not Disclosed","Not Disclosed","Not Disclosed","","Not Disclosed","Not Disclosed","","","","","","","","","","","ns.wedos.com","ns.wedos.cz","ns.wedos.eu","ns.wedos.net","OK","","",""
"13","nukaseeds.com","2020-05-11 20:01:08","2020-05-08","2020-05-08","2021-05-08","106","Ascio Technologies, Inc. Danmark - Filial af Ascio technologies, Inc. USA","whois.ascio.com","http://www.ascio.com","Not Disclosed","Not Disclosed","Not Disclosed","Not Disclosed","","Not Disclosed","Czech Republic","","Not Disclosed","Not Disclosed","Not Disclosed","Not Disclosed","Not Disclosed","Not Disclosed","Not Disclosed","Not Disclosed","Not Disclosed","","Not Disclosed","Not Disclosed","Not Disclosed","Not Disclosed","Not Disclosed","Not Disclosed","Not Disclosed","Not Disclosed","Not Disclosed","","Not Disclosed","Not Disclosed","","","","","","","","","","","ns.wedos.com","ns.wedos.cz","ns.wedos.eu","ns.wedos.net","OK","","",""
"14","rise-up-for-literacy.com","2020-05-11 20:05:09","2020-05-09","","2021-05-09","839","Realtime Register B.V.","whois.yoursrs.com","http://www.realtimeregister.com","REDACTED FOR PRIVACY","REDACTED FOR PRIVACY","REDACTED FOR PRIVACY","REDACTED FOR PRIVACY","","REDACTED FOR PRIVACY","Czech Republic","","REDACTED FOR PRIVACY","REDACTED FOR PRIVACY","REDACTED FOR PRIVACY","REDACTED FOR PRIVACY","REDACTED FOR PRIVACY","REDACTED FOR PRIVACY","REDACTED FOR PRIVACY","REDACTED FOR PRIVACY","REDACTED FOR PRIVACY","","REDACTED FOR PRIVACY","REDACTED FOR PRIVACY","REDACTED FOR PRIVACY","REDACTED FOR PRIVACY","REDACTED FOR PRIVACY","REDACTED FOR PRIVACY","REDACTED FOR PRIVACY","REDACTED FOR PRIVACY","REDACTED FOR PRIVACY","","REDACTED FOR PRIVACY","REDACTED FOR PRIVACY","","","","","","","","","","","ns-2tke8k2tgd.dnswnd.be","ns-2twsw42ted.dnswnd.eu","ns-7ppy1c7pfd.dnswnd.de","","OK","","",""
"15","skiplevelmeeting.com","2020-05-11 20:00:21","2020-05-08","2020-05-08","2021-05-08","106","Ascio Technologies, Inc. Danmark - Filial af Ascio technologies, Inc. USA","whois.ascio.com","http://www.ascio.com","Not Disclosed","Not Disclosed","Not Disclosed","Not Disclosed","","Not Disclosed","Czech Republic","","Not Disclosed","Not Disclosed","Not Disclosed","Not Disclosed","Not Disclosed","Not Disclosed","Not Disclosed","Not Disclosed","Not Disclosed","","Not Disclosed","Not Disclosed","Not Disclosed","Not Disclosed","Not Disclosed","Not Disclosed","Not Disclosed","Not Disclosed","Not Disclosed","","Not Disclosed","Not Disclosed","","","","","","","","","","","ns.wedos.com","ns.wedos.cz","ns.wedos.eu","ns.wedos.net","OK","","",""
"16","spycamwarehouse.com","2020-05-11 19:58:00","2020-05-08","2020-05-08","2021-05-08","1505","Gransy s.r.o. d/b/a subreg.cz","whois.regtons.com","http://regtons.com","Domain Admin","Whois protection, this company does not own this domain name s.r.o.","Jaurisova 515/4","Praha 4","","14000","Czech Republic","spycamwarehouse.com@whoisprotection.domains","+420.226517351","+420.226517341","Domain Admin","Whois protection, this company does not own this domain name s.r.o.","Jaurisova 515/4","Praha 4","","14000","Czech Republic","spycamwarehouse.com@whoisprotection.domains","+420.226517351","+420.226517341","Domain Tech","Whois protection, this company does not own this domain name s.r.o.","Jaurisova 515/4","Praha 4","","14000","Czech Republic","spycamwarehouse.com@whoisprotection.domains","+420.226517351","+420.226517341","","","","","","","","","","","ns.gransy.com","ns2.gransy.com","ns3.gransy.com","ns4.gransy.com","OK","","",""
"17","statekpraha.com","2020-05-11 20:16:16","2020-05-09","2020-05-10","2021-05-09","106","Ascio Technologies, Inc. Danmark - Filial af Ascio technologies, Inc. USA","whois.ascio.com","http://www.ascio.com","Not Disclosed","Not Disclosed","Not Disclosed","Not Disclosed","CZ","Not Disclosed","Czech Republic","","Not Disclosed","Not Disclosed","Not Disclosed","Not Disclosed","Not Disclosed","Not Disclosed","Not Disclosed","Not Disclosed","Not Disclosed","","Not Disclosed","Not Disclosed","Not Disclosed","Not Disclosed","Not Disclosed","Not Disclosed","Not Disclosed","Not Disclosed","Not Disclosed","","Not Disclosed","Not Disclosed","","","","","","","","","","","alfa.ns.active24.cz","beta.ns.active24.cz","gama.ns.active24.sk","","OK","","",""
"18","trochulepsi.com","2020-05-11 19:55:24","2020-05-09","2020-05-09","2021-05-09","69","Tucows Domains Inc.","whois.tucows.com","http://domainhelp.opensrs.net","REDACTED FOR PRIVACY","REDACTED FOR PRIVACY","REDACTED FOR PRIVACY","REDACTED FOR PRIVACY","REDACTED FOR PRIVACY","REDACTED FOR PRIVACY","Czech Republic","","REDACTED FOR PRIVACY","REDACTED FOR PRIVACY","REDACTED FOR PRIVACY","REDACTED FOR PRIVACY","REDACTED FOR PRIVACY","REDACTED FOR PRIVACY","REDACTED FOR PRIVACY","REDACTED FOR PRIVACY","REDACTED FOR PRIVACY","","REDACTED FOR PRIVACY","REDACTED FOR PRIVACY","REDACTED FOR PRIVACY","REDACTED FOR PRIVACY","REDACTED FOR PRIVACY","REDACTED FOR PRIVACY","REDACTED FOR PRIVACY","REDACTED FOR PRIVACY","REDACTED FOR PRIVACY","","REDACTED FOR PRIVACY","REDACTED FOR PRIVACY","","","","","","","","","","","ns.forpsi.cz","ns.forpsi.it","ns.forpsi.net","","clientTransferProhibited","clientUpdateProhibited","",""
"19","umkinversor.com","2020-05-11 20:06:19","2020-05-09","","2021-05-09","839","Realtime Register B.V.","whois.yoursrs.com","http://www.realtimeregister.com","REDACTED FOR PRIVACY","REDACTED FOR PRIVACY","REDACTED FOR PRIVACY","REDACTED FOR PRIVACY","","REDACTED FOR PRIVACY","Czech Republic","","REDACTED FOR PRIVACY","REDACTED FOR PRIVACY","REDACTED FOR PRIVACY","REDACTED FOR PRIVACY","REDACTED FOR PRIVACY","REDACTED FOR PRIVACY","REDACTED FOR PRIVACY","REDACTED FOR PRIVACY","REDACTED FOR PRIVACY","","REDACTED FOR PRIVACY","REDACTED FOR PRIVACY","REDACTED FOR PRIVACY","REDACTED FOR PRIVACY","REDACTED FOR PRIVACY","REDACTED FOR PRIVACY","REDACTED FOR PRIVACY","REDACTED FOR PRIVACY","REDACTED FOR PRIVACY","","REDACTED FOR PRIVACY","REDACTED FOR PRIVACY","","","","","","","","","","","ns-nlhexwnlfd.dnswnd.de","ns-qh4a00qhgd.dnswnd.be","ns-u342oau3ed.dnswnd.eu","","OK","","",""
"20","virtual-scout.com","2020-05-11 19:56:47","2020-05-09","2020-05-09","2021-05-09","69","Tucows Domains Inc.","whois.tucows.com","http://domainhelp.opensrs.net","REDACTED FOR PRIVACY","REDACTED FOR PRIVACY","REDACTED FOR PRIVACY","REDACTED FOR PRIVACY","REDACTED FOR PRIVACY","REDACTED FOR PRIVACY","Czech Republic","","REDACTED FOR PRIVACY","REDACTED FOR PRIVACY","REDACTED FOR PRIVACY","REDACTED FOR PRIVACY","REDACTED FOR PRIVACY","REDACTED FOR PRIVACY","REDACTED FOR PRIVACY","REDACTED FOR PRIVACY","REDACTED FOR PRIVACY","","REDACTED FOR PRIVACY","REDACTED FOR PRIVACY","REDACTED FOR PRIVACY","REDACTED FOR PRIVACY","REDACTED FOR PRIVACY","REDACTED FOR PRIVACY","REDACTED FOR PRIVACY","REDACTED FOR PRIVACY","REDACTED FOR PRIVACY","","REDACTED FOR PRIVACY","REDACTED FOR PRIVACY","","","","","","","","","","","ns1.cloudevelops.cz","ns2.cloudevelops.com","ns3.cloudevelops.net","ns4.cloudevelops.org","","","",""
"21","war-pc.com","2020-05-11 20:02:23","2020-05-08","2020-05-08","2021-05-08","113","CSL Computer Service Langenbach GmbH d/b/a joker.com","whois.joker.com","http://www.joker.com","","","","","","","Czech Republic","","","","","","","","","","","","","","","","","","","","","","","","","","","","","","","","","","ns1.regzone.cz","ns1.regzone.de","ns1.regzone.info","","clientTransferProhibited","","",""
"22","westcoders.com","2020-05-11 20:01:09","2020-05-08","2020-05-08","2021-05-08","106","Ascio Technologies, Inc. Danmark - Filial af Ascio technologies, Inc. USA","whois.ascio.com","http://www.ascio.com","Not Disclosed","Not Disclosed","Not Disclosed","Not Disclosed","","Not Disclosed","Czech Republic","","Not Disclosed","Not Disclosed","Not Disclosed","Not Disclosed","Not Disclosed","Not Disclosed","Not Disclosed","Not Disclosed","Not Disclosed","","Not Disclosed","Not Disclosed","Not Disclosed","Not Disclosed","Not Disclosed","Not Disclosed","Not Disclosed","Not Disclosed","Not Disclosed","","Not Disclosed","Not Disclosed","","","","","","","","","","","ns.wedos.com","ns.wedos.cz","ns.wedos.eu","ns.wedos.net","OK","","",""