"num","domain_name","query_time","create_date","update_date","expiry_date","domain_registrar_id","domain_registrar_name","domain_registrar_whois","domain_registrar_url","registrant_name","registrant_company","registrant_address","registrant_city","registrant_state","registrant_zip","registrant_country","registrant_email","registrant_phone","registrant_fax","administrative_name","administrative_company","administrative_address","administrative_city","administrative_state","administrative_zip","administrative_country","administrative_email","administrative_phone","administrative_fax","technical_name","technical_company","technical_address","technical_city","technical_state","technical_zip","technical_country","technical_email","technical_phone","technical_fax","billing_name","billing_company","billing_address","billing_city","billing_state","billing_zip","billing_country","billing_email","billing_phone","billing_fax","name_server_1","name_server_2","name_server_3","name_server_4","domain_status_1","domain_status_2","domain_status_3","domain_status_4"
"1","casperbuch.com","2020-05-11 20:01:03","2020-05-08","2020-05-10","2021-05-08","113","CSL Computer Service Langenbach GmbH d/b/a joker.com","whois.joker.com","http://www.joker.com","CB Telemarketing","CB Telemarketing","","","","","Denmark","","","","","","","","","","","","","","","","","","","","","","","","","","","","","","","","","","ns1.gratisdns.dk","ns2.gratisdns.dk","ns3.gratisdns.dk","ns4.gratisdns.dk","clientTransferProhibited","","",""
"2","chillvibez.com","2020-05-11 20:11:21","2020-05-09","2020-05-09","2021-05-09","146","GoDaddy.com, LLC","whois.godaddy.com","http://registrar.godaddy.com","HydraGaming","HydraGaming","","","Esbjerg kommune","","Denmark","","","","","","","","","","","","","","","","","","","","","","","","","","","","","","","","","","ns55.domaincontrol.com","ns56.domaincontrol.com","","","clientDeleteProhibited","clientRenewProhibited","clientTransferProhibited","clientUpdateProhibited"
"3","datkala.com","2020-05-11 20:01:10","2020-05-09","2020-05-10","2021-05-09","113","CSL Computer Service Langenbach GmbH d/b/a joker.com","whois.joker.com","http://www.joker.com","","","","","","","Denmark","","","","","","","","","","","","","","","","","","","","","","","","","","","","","","","","","","nsi1.shirazwebhost.ir","nsi2.shirazwebhost.ir","","","clientTransferProhibited","","",""
"4","fractured-youths.com","2020-05-11 20:14:55","2020-05-08","2020-05-08","2021-05-08","1647","Hosting Concepts B.V. dba Openprovider","whois.registrar.eu","http://www.openprovider.com","REDACTED FOR PRIVACY","","REDACTED FOR PRIVACY","REDACTED FOR PRIVACY","","REDACTED FOR PRIVACY","Denmark","","REDACTED FOR PRIVACY","REDACTED FOR PRIVACY","REDACTED FOR PRIVACY","REDACTED FOR PRIVACY","REDACTED FOR PRIVACY","REDACTED FOR PRIVACY","REDACTED FOR PRIVACY","REDACTED FOR PRIVACY","REDACTED FOR PRIVACY","","REDACTED FOR PRIVACY","REDACTED FOR PRIVACY","REDACTED FOR PRIVACY","REDACTED FOR PRIVACY","REDACTED FOR PRIVACY","REDACTED FOR PRIVACY","REDACTED FOR PRIVACY","REDACTED FOR PRIVACY","REDACTED FOR PRIVACY","","REDACTED FOR PRIVACY","REDACTED FOR PRIVACY","","","","","","","","","","","ns1.openprovider.nl","ns2.openprovider.be","ns3.openprovider.eu","","clientTransferProhibited","ok","",""
"5","herdcomputing.com","2020-05-11 20:14:51","2020-05-08","2020-05-08","2022-05-08","146","GoDaddy.com, LLC","whois.godaddy.com","http://registrar.godaddy.com","","","","","Midtjylland","","Denmark","","","","","","","","","","","","","","","","","","","","","","","","","","","","","","","","","","ns15.domaincontrol.com","ns16.domaincontrol.com","","","clientDeleteProhibited","clientRenewProhibited","clientTransferProhibited","clientUpdateProhibited"
"6","lodau.com","2020-05-11 20:01:06","2020-05-08","2020-05-10","2022-05-08","113","CSL Computer Service Langenbach GmbH d/b/a joker.com","whois.joker.com","http://www.joker.com","CG Company","CG Company","","","","","Denmark","","","","","","","","","","","","","","","","","","","","","","","","","","","","","","","","","","ns1.gratisdns.dk","ns2.gratisdns.dk","ns3.gratisdns.dk","ns4.gratisdns.dk","clientTransferProhibited","","",""
"7","pitstorages.com","2020-05-11 20:15:35","2020-05-09","2020-05-09","2021-05-09","69","Tucows Domains Inc.","whois.tucows.com","http://domainhelp.opensrs.net","REDACTED FOR PRIVACY","REDACTED FOR PRIVACY","REDACTED FOR PRIVACY","REDACTED FOR PRIVACY","XX","REDACTED FOR PRIVACY","Denmark","","REDACTED FOR PRIVACY","REDACTED FOR PRIVACY","REDACTED FOR PRIVACY","REDACTED FOR PRIVACY","REDACTED FOR PRIVACY","REDACTED FOR PRIVACY","REDACTED FOR PRIVACY","REDACTED FOR PRIVACY","REDACTED FOR PRIVACY","","REDACTED FOR PRIVACY","REDACTED FOR PRIVACY","REDACTED FOR PRIVACY","REDACTED FOR PRIVACY","REDACTED FOR PRIVACY","REDACTED FOR PRIVACY","REDACTED FOR PRIVACY","REDACTED FOR PRIVACY","REDACTED FOR PRIVACY","","REDACTED FOR PRIVACY","REDACTED FOR PRIVACY","","","","","","","","","","","ns1.gnld1035.siteground.eu","ns2.gnld1035.siteground.eu","","","clientTransferProhibited","clientUpdateProhibited","",""
"8","pureboytw.com","2020-05-11 19:55:42","2020-05-09","2020-05-09","2021-05-09","146","GoDaddy.com, LLC","whois.godaddy.com","http://registrar.godaddy.com","pureboy website","pureboy website","","","Hovedstaden","","Denmark","","","","","","","","","","","","","","","","","","","","","","","","","","","","","","","","","","ns15.domaincontrol.com","ns16.domaincontrol.com","","","clientDeleteProhibited","clientRenewProhibited","clientTransferProhibited","clientUpdateProhibited"
"9","reasersoi.com","2020-05-11 20:05:24","2020-05-09","2020-05-09","2021-05-09","146","GoDaddy.com, LLC","whois.godaddy.com","http://registrar.godaddy.com","","","","","Syddanmark","","Denmark","","","","","","","","","","","","","","","","","","","","","","","","","","","","","","","","","","ns1.reasersoi.com","ns2.reasersoi.com","","","clientDeleteProhibited","clientRenewProhibited","clientTransferProhibited","clientUpdateProhibited"
"10","sheikhbahai.com","2020-05-11 20:14:16","2020-05-08","2020-05-08","2021-05-08","113","CSL Computer Service Langenbach GmbH d/b/a joker.com","whois.joker.com","http://www.joker.com","","","","","","","Denmark","","","","","","","","","","","","","","","","","","","","","","","","","","","","","","","","","","ns1.netafrooz.com","ns2.netafrooz.com","","","clientTransferProhibited","","",""
"11","vivecollect.com","2020-05-11 19:55:15","2020-05-09","2020-05-09","2021-05-09","146","GoDaddy.com, LLC","whois.godaddy.com","http://registrar.godaddy.com","interresearch","interresearch","","","Capital Region of Denmark","","Denmark","","","","","","","","","","","","","","","","","","","","","","","","","","","","","","","","","","ns15.domaincontrol.com","ns16.domaincontrol.com","","","clientDeleteProhibited","clientRenewProhibited","clientTransferProhibited","clientUpdateProhibited"