"num","domain_name","query_time","create_date","update_date","expiry_date","domain_registrar_id","domain_registrar_name","domain_registrar_whois","domain_registrar_url","registrant_name","registrant_company","registrant_address","registrant_city","registrant_state","registrant_zip","registrant_country","registrant_email","registrant_phone","registrant_fax","administrative_name","administrative_company","administrative_address","administrative_city","administrative_state","administrative_zip","administrative_country","administrative_email","administrative_phone","administrative_fax","technical_name","technical_company","technical_address","technical_city","technical_state","technical_zip","technical_country","technical_email","technical_phone","technical_fax","billing_name","billing_company","billing_address","billing_city","billing_state","billing_zip","billing_country","billing_email","billing_phone","billing_fax","name_server_1","name_server_2","name_server_3","name_server_4","domain_status_1","domain_status_2","domain_status_3","domain_status_4"
"1","bancasporinternet-interbanrk.com","2020-05-11 20:09:55","2020-05-09","2020-05-09","2021-05-09","146","GoDaddy.com, LLC","whois.godaddy.com","http://registrar.godaddy.com","","","","","Santo Domingo","","Dominican Republic","","","","","","","","","","","","","","","","","","","","","","","","","","","","","","","","","","ns55.domaincontrol.com","ns56.domaincontrol.com","","","clientDeleteProhibited","clientRenewProhibited","clientTransferProhibited","clientUpdateProhibited"
"2","caincaexpress.com","2020-05-11 20:15:40","2020-05-09","2020-05-09","2021-05-09","69","Tucows Domains Inc.","whois.tucows.com","http://domainhelp.opensrs.net","REDACTED FOR PRIVACY","REDACTED FOR PRIVACY","REDACTED FOR PRIVACY","REDACTED FOR PRIVACY","XX","REDACTED FOR PRIVACY","Dominican Republic","","REDACTED FOR PRIVACY","REDACTED FOR PRIVACY","REDACTED FOR PRIVACY","REDACTED FOR PRIVACY","REDACTED FOR PRIVACY","REDACTED FOR PRIVACY","REDACTED FOR PRIVACY","REDACTED FOR PRIVACY","REDACTED FOR PRIVACY","","REDACTED FOR PRIVACY","REDACTED FOR PRIVACY","REDACTED FOR PRIVACY","REDACTED FOR PRIVACY","REDACTED FOR PRIVACY","REDACTED FOR PRIVACY","REDACTED FOR PRIVACY","REDACTED FOR PRIVACY","REDACTED FOR PRIVACY","","REDACTED FOR PRIVACY","REDACTED FOR PRIVACY","","","","","","","","","","","ns1.siteground368.com","ns2.siteground368.com","","","clientTransferProhibited","clientUpdateProhibited","",""
"3","i-solved-agi.com","2020-05-11 20:05:03","2020-05-09","2020-05-09","2021-05-09","955","Launchpad, Inc.","whois.launchpad.com","http://www.launchpad.com","Meyba Miguelina Vargas Tineo","None","Linabel Castillo 10b","Santiago de los Caballeros","25","51000","Dominican Republic","melba_girl@hotmail.com","+1.8296866888","","Meyba Miguelina Vargas Tineo","None","Linabel Castillo 10b","Santiago de los Caballeros","25","51000","Dominican Republic","melba_girl@hotmail.com","+1.8296866888","","Meyba Miguelina Vargas Tineo","None","Linabel Castillo 10b","Santiago de los Caballeros","25","51000","Dominican Republic","melba_girl@hotmail.com","+1.8296866888","","","","","","","","","","","","ns1.hostgator.com","ns2.hostgator.com","","","clientTransferProhibited","","",""
"4","joamdigital.com","2020-05-11 20:15:53","2020-05-09","2020-05-11","2021-05-09","955","Launchpad, Inc.","whois.launchpad.com","http://www.launchpad.com","Jose Castellanos","None","Jose","Santo Domingo","01","10147","Dominican Republic","joamdigital@gmail.com","+1.8297590812","","Jose Castellanos","None","Jose","Santo Domingo","01","10147","Dominican Republic","joamdigital@gmail.com","+1.8297590812","","Jose Castellanos","None","Jose","Santo Domingo","01","10147","Dominican Republic","joamdigital@gmail.com","+1.8297590812","","","","","","","","","","","","ns1.joamdigital.com","ns2.joamdigital.com","","","clientTransferProhibited","","",""
"5","josealejandroayuso.com","2020-05-11 20:17:43","2020-05-09","2020-05-09","2023-05-09","146","GoDaddy.com, LLC","whois.godaddy.com","http://registrar.godaddy.com","","","","","Distrito Nacional","","Dominican Republic","","","","","","","","","","","","","","","","","","","","","","","","","","","","","","","","","","cp5.hostdominicano.com","cp6.hostdominicano.com","","","clientDeleteProhibited","clientRenewProhibited","clientTransferProhibited","clientUpdateProhibited"
"6","niostyle.com","2020-05-11 20:16:17","2020-05-09","2020-05-09","2021-05-09","1005","NetEarth One Inc. d/b/a NetEarth","whois.advancedregistrar.com","http://www.netearthone.com","Niobel de leon","nioshowing","Nueva Jerusalen Las Americas Casa","Santo Domingo","Este","11606","Dominican Republic","nioshowing@gmail.com","+1.8098497470","","Niobel de leon","nioshowing","Nueva Jerusalen Las Americas Casa","Santo Domingo","Este","11606","Dominican Republic","nioshowing@gmail.com","+1.8098497470","","Niobel de leon","nioshowing","Nueva Jerusalen Las Americas Casa","Santo Domingo","Este","11606","Dominican Republic","nioshowing@gmail.com","+1.8098497470","","","","","","","","","","","","ns7061.banahosting.com","ns7062.banahosting.com","","","clientTransferProhibited","","",""
"7","noticiasdelanime.com","2020-05-11 20:00:33","2020-05-08","2020-05-08","2021-05-08","146","GoDaddy.com, LLC","whois.godaddy.com","http://registrar.godaddy.com","","","","","puerto plata","","Dominican Republic","","","","","","","","","","","","","","","","","","","","","","","","","","","","","","","","","","ns15.domaincontrol.com","ns16.domaincontrol.com","","","clientDeleteProhibited","clientRenewProhibited","clientTransferProhibited","clientUpdateProhibited"
"8","stonelightrstar.com","2020-05-11 20:00:27","2020-05-08","2020-05-08","2021-05-08","69","Tucows Domains Inc.","whois.tucows.com","http://domainhelp.opensrs.net","REDACTED FOR PRIVACY","REDACTED FOR PRIVACY","REDACTED FOR PRIVACY","REDACTED FOR PRIVACY","Distrito Nacional","REDACTED FOR PRIVACY","Dominican Republic","","REDACTED FOR PRIVACY","REDACTED FOR PRIVACY","REDACTED FOR PRIVACY","REDACTED FOR PRIVACY","REDACTED FOR PRIVACY","REDACTED FOR PRIVACY","REDACTED FOR PRIVACY","REDACTED FOR PRIVACY","REDACTED FOR PRIVACY","","REDACTED FOR PRIVACY","REDACTED FOR PRIVACY","REDACTED FOR PRIVACY","REDACTED FOR PRIVACY","REDACTED FOR PRIVACY","REDACTED FOR PRIVACY","REDACTED FOR PRIVACY","REDACTED FOR PRIVACY","REDACTED FOR PRIVACY","","REDACTED FOR PRIVACY","REDACTED FOR PRIVACY","","","","","","","","","","","dns1.cloud.claro.com.do","dns2.cloud.claro.com.do","","","OK","","",""