"num","domain_name","query_time","create_date","update_date","expiry_date","domain_registrar_id","domain_registrar_name","domain_registrar_whois","domain_registrar_url","registrant_name","registrant_company","registrant_address","registrant_city","registrant_state","registrant_zip","registrant_country","registrant_email","registrant_phone","registrant_fax","administrative_name","administrative_company","administrative_address","administrative_city","administrative_state","administrative_zip","administrative_country","administrative_email","administrative_phone","administrative_fax","technical_name","technical_company","technical_address","technical_city","technical_state","technical_zip","technical_country","technical_email","technical_phone","technical_fax","billing_name","billing_company","billing_address","billing_city","billing_state","billing_zip","billing_country","billing_email","billing_phone","billing_fax","name_server_1","name_server_2","name_server_3","name_server_4","domain_status_1","domain_status_2","domain_status_3","domain_status_4"
"1","5-vid.com","2020-05-11 20:02:13","2020-05-08","2020-05-08","2021-05-08","146","GoDaddy.com, LLC","whois.godaddy.com","http://registrar.godaddy.com","Compuexpress","Compuexpress","","","Guayas","","Ecuador","","","","","","","","","","","","","","","","","","","","","","","","","","","","","","","","","","ns47.domaincontrol.com","ns48.domaincontrol.com","","","clientDeleteProhibited","clientRenewProhibited","clientTransferProhibited","clientUpdateProhibited"
"2","asociacionbrillamas.com","2020-05-11 20:01:08","2020-05-08","2020-05-08","2021-05-08","140","Acens Technologies, S.L.U.","whois.ascio.com","http://www.ascio.com","Mauricio Pazmino","Mauricio Pazmino","","","PICHINCHA","","Ecuador","","","","","","","","","","","","","","","","","","","","","","","","","","","","","","","","","","ns10.servicio-online.net","ns11.servicio-online.net","ns12.servicio-online.net","","OK","","",""
"3","bssoluciones.com","2020-05-11 20:02:12","2020-05-08","2020-05-08","2021-05-08","955","Launchpad, Inc.","whois.launchpad.com","http://www.launchpad.com","BILLY SILVA","None","Av. del maestro Real Audiencia","QUITO","P","170103","Ecuador","billyzal@hotmail.com","+593.980262250","","BILLY SILVA","None","Av. del maestro Real Audiencia","QUITO","P","170103","Ecuador","billyzal@hotmail.com","+593.980262250","","BILLY SILVA","None","Av. del maestro Real Audiencia","QUITO","P","170103","Ecuador","billyzal@hotmail.com","+593.980262250","","","","","","","","","","","","ns6283.hostgator.com","ns6284.hostgator.com","","","clientTransferProhibited","","",""
"4","clishestore.com","2020-05-11 20:05:13","2020-05-09","2020-05-09","2021-05-09","69","Tucows Domains Inc.","whois.tucows.com","http://domainhelp.opensrs.net","REDACTED FOR PRIVACY","REDACTED FOR PRIVACY","REDACTED FOR PRIVACY","REDACTED FOR PRIVACY","XX","REDACTED FOR PRIVACY","Ecuador","","REDACTED FOR PRIVACY","REDACTED FOR PRIVACY","REDACTED FOR PRIVACY","REDACTED FOR PRIVACY","REDACTED FOR PRIVACY","REDACTED FOR PRIVACY","REDACTED FOR PRIVACY","REDACTED FOR PRIVACY","REDACTED FOR PRIVACY","","REDACTED FOR PRIVACY","REDACTED FOR PRIVACY","REDACTED FOR PRIVACY","REDACTED FOR PRIVACY","REDACTED FOR PRIVACY","REDACTED FOR PRIVACY","REDACTED FOR PRIVACY","REDACTED FOR PRIVACY","REDACTED FOR PRIVACY","","REDACTED FOR PRIVACY","REDACTED FOR PRIVACY","","","","","","","","","","","ns1.giow1071.siteground.us","ns2.giow1071.siteground.us","","","clientTransferProhibited","clientUpdateProhibited","",""
"5","comunidadespesd.com","2020-05-11 20:03:52","2020-05-08","2020-05-08","2021-05-08","303","PDR Ltd. d/b/a PublicDomainRegistry.com","whois.publicdomainregistry.com","http://www.publicdomainregistry.com","Hector Mauricio Revelo","CETID","Av. Patria 850 y Av. 10 de Agosto ,Edif. Banco de Prestamo 5to P iso Ofic. 501,","Quito","Pichincha","090569","Ecuador","hectorrevelo@gmail.com","+593.022549884","","Hector Mauricio Revelo","CETID","Av. Patria 850 y Av. 10 de Agosto ,Edif. Banco de Prestamo 5to P iso Ofic. 501,","Quito","Pichincha","090569","Ecuador","hectorrevelo@gmail.com","+593.022549884","","Hector Mauricio Revelo","CETID","Av. Patria 850 y Av. 10 de Agosto ,Edif. Banco de Prestamo 5to P iso Ofic. 501,","Quito","Pichincha","090569","Ecuador","hectorrevelo@gmail.com","+593.022549884","","","","","","","","","","","","ns1.americanhosting.domains","ns2.americanhosting.domains","ns3.americanhosting.domains","ns4.americanhosting.domains","clientTransferProhibited","","",""
"6","consorcio365.com","2020-05-11 20:08:12","2020-05-09","2020-05-09","2021-05-09","146","GoDaddy.com, LLC","whois.godaddy.com","http://registrar.godaddy.com","","","","","Guayas","","Ecuador","","","","","","","","","","","","","","","","","","","","","","","","","","","","","","","","","","ns47.domaincontrol.com","ns48.domaincontrol.com","","","clientDeleteProhibited","clientRenewProhibited","clientTransferProhibited","clientUpdateProhibited"
"7","coop-flotapelileo.com","2020-05-11 20:14:48","2020-05-08","2020-05-08","2021-05-08","303","PDR Ltd. d/b/a PublicDomainRegistry.com","whois.publicdomainregistry.com","http://www.publicdomainregistry.com","COOPERATIVA DE TRANSPORTES FLOTA PELILEO","COOPERATIVA DE TRANSPORTES FLOTA PELILEO","AVENIDA GARCIA MORENO JUAN MONTALVO","PELILEO","TUNGURAHUA","180701","Ecuador","cflotapelileo@hotmail.com","+593.984632654","","COOPERATIVA DE TRANSPORTES FLOTA PELILEO","COOPERATIVA DE TRANSPORTES FLOTA PELILEO","AVENIDA GARCIA MORENO JUAN MONTALVO","PELILEO","TUNGURAHUA","180701","Ecuador","cflotapelileo@hotmail.com","+593.984632654","","COOPERATIVA DE TRANSPORTES FLOTA PELILEO","COOPERATIVA DE TRANSPORTES FLOTA PELILEO","AVENIDA GARCIA MORENO JUAN MONTALVO","PELILEO","TUNGURAHUA","180701","Ecuador","cflotapelileo@hotmail.com","+593.984632654","","","","","","","","","","","","ns199.ecuahosting.net","ns200.ecuahosting.net","","","clientTransferProhibited","","",""
"8","crisjar.com","2020-05-11 20:17:37","2020-05-09","2020-05-09","2021-05-09","1154","FastDomain Inc.","whois.fastdomain.com","http://www.fastdomain.com","CRISTOBAL JARAMILLO","","MANABI ZARUMA","HUAQUILLAS","","EC070750","Ecuador","crisjar2_@hotmail.com","+593.0999953484","","CRISTOBAL JARAMILLO","","MANABI ZARUMA","HUAQUILLAS","","EC070750","Ecuador","crisjar2_@hotmail.com","+593.0999953484","","BLUEHOST INC","BLUEHOST.COM","550 E TIMPANOGOS PKWY","OREM","UTAH","84097","United States","domain@redl.ca","+1.8017659400","+1.8017651992","","","","","","","","","","","ns1.bluehost.com","ns2.bluehost.com","","","clientTransferProhibited","","",""
"9","cubmsg.com","2020-05-11 20:14:57","2020-05-08","2020-05-08","2021-05-08","83","1&1 Internet AG","whois.schlund.info","http://1and1.com","REDACTED FOR PRIVACY","","REDACTED FOR PRIVACY","REDACTED FOR PRIVACY","P","REDACTED FOR PRIVACY","Ecuador","dataprivacyprotected@1und1.de","REDACTED FOR PRIVACY","REDACTED FOR PRIVACY","REDACTED FOR PRIVACY","REDACTED FOR PRIVACY","REDACTED FOR PRIVACY","REDACTED FOR PRIVACY","REDACTED FOR PRIVACY","REDACTED FOR PRIVACY","REDACTED FOR PRIVACY","dataprivacyprotected@1und1.de","REDACTED FOR PRIVACY","REDACTED FOR PRIVACY","REDACTED FOR PRIVACY","REDACTED FOR PRIVACY","REDACTED FOR PRIVACY","REDACTED FOR PRIVACY","REDACTED FOR PRIVACY","REDACTED FOR PRIVACY","REDACTED FOR PRIVACY","dataprivacyprotected@1und1.de","REDACTED FOR PRIVACY","REDACTED FOR PRIVACY","","","","","","","","","","","ns1017.ui-dns.biz","ns1025.ui-dns.de","ns1030.ui-dns.org","ns1115.ui-dns.com","addPeriod","clientTransferProhibited","",""
"10","cubydelivery.com","2020-05-11 20:02:41","2020-05-08","2020-05-08","2021-05-08","146","GoDaddy.com, LLC","whois.godaddy.com","http://registrar.godaddy.com","","","","","Pichincha","","Ecuador","","","","","","","","","","","","","","","","","","","","","","","","","","","","","","","","","","ns59.domaincontrol.com","ns60.domaincontrol.com","","","clientDeleteProhibited","clientRenewProhibited","clientTransferProhibited","clientUpdateProhibited"
"11","cybercomspace.com","2020-05-11 20:08:13","2020-05-09","2020-05-09","2021-05-09","955","Launchpad, Inc.","whois.launchpad.com","http://www.launchpad.com","Juan Pullas","None","Juan Pullas","Quito","P","050550","Ecuador","jcldu2004@hotmail.com","+593.987744040","","Juan Pullas","None","Juan Pullas","Quito","P","050550","Ecuador","jcldu2004@hotmail.com","+593.987744040","","Juan Pullas","None","Juan Pullas","Quito","P","050550","Ecuador","jcldu2004@hotmail.com","+593.987744040","","","","","","","","","","","","ns6279.hostgator.com","ns6280.hostgator.com","","","clientTransferProhibited","","",""
"12","dermiemed.com","2020-05-11 20:03:30","2020-05-08","2020-05-08","2022-05-08","146","GoDaddy.com, LLC","whois.godaddy.com","http://registrar.godaddy.com","dermiecare","dermiecare","","","CA","","Ecuador","","","","","","","","","","","","","","","","","","","","","","","","","","","","","","","","","","ns15.domaincontrol.com","ns16.domaincontrol.com","","","clientDeleteProhibited","clientRenewProhibited","clientTransferProhibited","clientUpdateProhibited"
"13","dondelio.com","2020-05-11 20:04:00","2020-05-08","2020-05-08","2022-05-08","146","GoDaddy.com, LLC","whois.godaddy.com","http://registrar.godaddy.com","COLD STEAK SA","COLD STEAK SA","","","Guayas","","Ecuador","","","","","","","","","","","","","","","","","","","","","","","","","","","","","","","","","","ns69.domaincontrol.com","ns70.domaincontrol.com","","","clientDeleteProhibited","clientRenewProhibited","clientTransferProhibited","clientUpdateProhibited"
"14","elabasto.delivery","2020-05-11 21:50:57","2020-05-11","2020-05-11","2021-05-11","146","GoDaddy.com, LLC","whois.godaddy.com","http://registrar.godaddy.com","REDACTED FOR PRIVACY","Bragi","REDACTED FOR PRIVACY","REDACTED FOR PRIVACY","Pichincha","REDACTED FOR PRIVACY","Ecuador","","REDACTED FOR PRIVACY","REDACTED FOR PRIVACY","","","","","","","","","","","","","","","","","","","","","","","","","","","","","","","","","","","addPeriod","clientDeleteProhibited","clientRenewProhibited","clientTransferProhibited"
"15","ferrecel.com","2020-05-11 20:09:48","2020-05-09","2020-05-09","2022-05-09","146","GoDaddy.com, LLC","whois.godaddy.com","http://registrar.godaddy.com","CELLNEL S.A.","CELLNEL S.A.","","","Guayas","","Ecuador","","","","","","","","","","","","","","","","","","","","","","","","","","","","","","","","","","ns69.domaincontrol.com","ns70.domaincontrol.com","","","clientDeleteProhibited","clientRenewProhibited","clientTransferProhibited","clientUpdateProhibited"
"16","mardired.com","2020-05-11 20:06:23","2020-05-09","2020-05-09","2022-05-09","146","GoDaddy.com, LLC","whois.godaddy.com","http://registrar.godaddy.com","MARDIRED S.A.","MARDIRED S.A.","","","GUAYAS","","Ecuador","","","","","","","","","","","","","","","","","","","","","","","","","","","","","","","","","","ns69.domaincontrol.com","ns70.domaincontrol.com","","","clientDeleteProhibited","clientRenewProhibited","clientTransferProhibited","clientUpdateProhibited"
"17","nova-tempo.com","2020-05-11 20:06:38","2020-05-09","2020-05-09","2022-05-09","146","GoDaddy.com, LLC","whois.godaddy.com","http://registrar.godaddy.com","NOVA TEMPO","NOVA TEMPO","","","Pichincha","","Ecuador","","","","","","","","","","","","","","","","","","","","","","","","","","","","","","","","","","ns69.domaincontrol.com","ns70.domaincontrol.com","","","clientDeleteProhibited","clientRenewProhibited","clientTransferProhibited","clientUpdateProhibited"
"18","omahcd.com","2020-05-11 20:03:51","2020-05-08","2020-05-08","2022-05-08","146","GoDaddy.com, LLC","whois.godaddy.com","http://registrar.godaddy.com","","","","","Pichincha","","Ecuador","","","","","","","","","","","","","","","","","","","","","","","","","","","","","","","","","","ns15.domaincontrol.com","ns16.domaincontrol.com","","","clientDeleteProhibited","clientRenewProhibited","clientTransferProhibited","clientUpdateProhibited"
"19","primerodigitalec.com","2020-05-11 20:05:20","2020-05-09","2020-05-09","2021-05-09","955","Launchpad, Inc.","whois.launchpad.com","http://www.launchpad.com","Primero Digital","None","Av.  6 de Diciembre El Jardin","Quito","P","170508","Ecuador","primero.digital.ec@gmail.com","+593.992554513","","Primero Digital","None","Av.  6 de Diciembre El Jardin","Quito","P","170508","Ecuador","primero.digital.ec@gmail.com","+593.992554513","","Primero Digital","None","Av.  6 de Diciembre El Jardin","Quito","P","170508","Ecuador","primero.digital.ec@gmail.com","+593.992554513","","","","","","","","","","","","ns8103.hostgator.com","ns8104.hostgator.com","","","clientTransferProhibited","","",""
"20","professionalssystems.com","2020-05-11 20:03:39","2020-05-08","2020-05-08","2022-05-08","146","GoDaddy.com, LLC","whois.godaddy.com","http://registrar.godaddy.com","Professional System","Professional System","","","PICHICHA","","Ecuador","","","","","","","","","","","","","","","","","","","","","","","","","","","","","","","","","","ns15.domaincontrol.com","ns16.domaincontrol.com","","","clientDeleteProhibited","clientRenewProhibited","clientTransferProhibited","clientUpdateProhibited"
"21","projectvalis.com","2020-05-11 20:00:39","2020-05-08","2020-05-08","2021-05-08","303","PDR Ltd. d/b/a PublicDomainRegistry.com","whois.publicdomainregistry.com","http://www.publicdomainregistry.com","pacheco pacheco","GBA LAB","cdla ietel","guayaquil","guayas","090505","Ecuador","jofrpach@gmail.com","+593.999986597","","pacheco pacheco","GBA LAB","cdla ietel","guayaquil","guayas","090505","Ecuador","jofrpach@gmail.com","+593.999986597","","pacheco pacheco","GBA LAB","cdla ietel","guayaquil","guayas","090505","Ecuador","jofrpach@gmail.com","+593.999986597","","","","","","","","","","","","ns1.dns-parking.com","ns2.dns-parking.com","","","clientTransferProhibited","","",""
"22","sslinx.com","2020-05-11 20:06:32","2020-05-09","2020-05-09","2021-05-09","146","GoDaddy.com, LLC","whois.godaddy.com","http://registrar.godaddy.com","ZM Solutions","ZM Solutions","","","Manabi","","Ecuador","","","","","","","","","","","","","","","","","","","","","","","","","","","","","","","","","","ns55.domaincontrol.com","ns56.domaincontrol.com","","","clientDeleteProhibited","clientRenewProhibited","clientTransferProhibited","clientUpdateProhibited"
"23","texshopecuador.com","2020-05-11 20:17:36","2020-05-09","2020-05-09","2021-05-09","146","GoDaddy.com, LLC","whois.godaddy.com","http://registrar.godaddy.com","","","","","Pichincha","","Ecuador","","","","","","","","","","","","","","","","","","","","","","","","","","","","","","","","","","ns15.domaincontrol.com","ns16.domaincontrol.com","","","clientDeleteProhibited","clientRenewProhibited","clientTransferProhibited","clientUpdateProhibited"
"24","tuprofesionalec.com","2020-05-11 20:02:03","2020-05-08","2020-05-08","2021-05-08","146","GoDaddy.com, LLC","whois.godaddy.com","http://registrar.godaddy.com","","","","","MP","","Ecuador","","","","","","","","","","","","","","","","","","","","","","","","","","","","","","","","","","ns1.miweben.com","ns2.miweben.com","","","clientDeleteProhibited","clientRenewProhibited","clientTransferProhibited","clientUpdateProhibited"
"25","xmaeventos.com","2020-05-11 20:02:02","2020-05-08","2020-05-08","2021-05-08","48","eNom, Inc.","whois.enom.com","http://www.enom.com","REDACTED FOR PRIVACY","REDACTED FOR PRIVACY","REDACTED FOR PRIVACY","REDACTED FOR PRIVACY","Pichincha","REDACTED FOR PRIVACY","Ecuador","","REDACTED FOR PRIVACY","REDACTED FOR PRIVACY","REDACTED FOR PRIVACY","REDACTED FOR PRIVACY","REDACTED FOR PRIVACY","REDACTED FOR PRIVACY","REDACTED FOR PRIVACY","REDACTED FOR PRIVACY","REDACTED FOR PRIVACY","","REDACTED FOR PRIVACY","REDACTED FOR PRIVACY","REDACTED FOR PRIVACY","REDACTED FOR PRIVACY","REDACTED FOR PRIVACY","REDACTED FOR PRIVACY","REDACTED FOR PRIVACY","REDACTED FOR PRIVACY","REDACTED FOR PRIVACY","","REDACTED FOR PRIVACY","REDACTED FOR PRIVACY","","","","","","","","","","","ns3.ambarhosting.com","ns4.ambarhosting.com","","","addPeriod","clientTransferProhibited","",""
"26","yebolatam.com","2020-05-11 20:02:11","2020-05-08","2020-05-08","2021-05-08","146","GoDaddy.com, LLC","whois.godaddy.com","http://registrar.godaddy.com","Yebo","Yebo","","","Pichincha","","Ecuador","","","","","","","","","","","","","","","","","","","","","","","","","","","","","","","","","","ns69.domaincontrol.com","ns70.domaincontrol.com","","","clientDeleteProhibited","clientRenewProhibited","clientTransferProhibited","clientUpdateProhibited"