"num","domain_name","query_time","create_date","update_date","expiry_date","domain_registrar_id","domain_registrar_name","domain_registrar_whois","domain_registrar_url","registrant_name","registrant_company","registrant_address","registrant_city","registrant_state","registrant_zip","registrant_country","registrant_email","registrant_phone","registrant_fax","administrative_name","administrative_company","administrative_address","administrative_city","administrative_state","administrative_zip","administrative_country","administrative_email","administrative_phone","administrative_fax","technical_name","technical_company","technical_address","technical_city","technical_state","technical_zip","technical_country","technical_email","technical_phone","technical_fax","billing_name","billing_company","billing_address","billing_city","billing_state","billing_zip","billing_country","billing_email","billing_phone","billing_fax","name_server_1","name_server_2","name_server_3","name_server_4","domain_status_1","domain_status_2","domain_status_3","domain_status_4"
"1","7newsworld2030.com","2020-05-11 20:00:39","2020-05-08","2020-05-08","2021-05-08","146","GoDaddy.com, LLC","whois.godaddy.com","http://registrar.godaddy.com","","","","","Egypt","","Egypt","","","","","","","","","","","","","","","","","","","","","","","","","","","","","","","","","","ns47.domaincontrol.com","ns48.domaincontrol.com","","","clientDeleteProhibited","clientRenewProhibited","clientTransferProhibited","clientUpdateProhibited"
"2","abwabelrahma.com","2020-05-11 19:56:58","2020-05-09","2020-05-09","2021-05-09","69","Tucows Domains Inc.","whois.tucows.com","http://domainhelp.opensrs.net","REDACTED FOR PRIVACY","REDACTED FOR PRIVACY","REDACTED FOR PRIVACY","REDACTED FOR PRIVACY","XX","REDACTED FOR PRIVACY","Egypt","","REDACTED FOR PRIVACY","REDACTED FOR PRIVACY","REDACTED FOR PRIVACY","REDACTED FOR PRIVACY","REDACTED FOR PRIVACY","REDACTED FOR PRIVACY","REDACTED FOR PRIVACY","REDACTED FOR PRIVACY","REDACTED FOR PRIVACY","","REDACTED FOR PRIVACY","REDACTED FOR PRIVACY","REDACTED FOR PRIVACY","REDACTED FOR PRIVACY","REDACTED FOR PRIVACY","REDACTED FOR PRIVACY","REDACTED FOR PRIVACY","REDACTED FOR PRIVACY","REDACTED FOR PRIVACY","","REDACTED FOR PRIVACY","REDACTED FOR PRIVACY","","","","","","","","","","","ns1.gnld1035.siteground.eu","ns2.gnld1035.siteground.eu","","","clientTransferProhibited","clientUpdateProhibited","",""
"3","alyasiminclean.com","2020-05-11 20:02:13","2020-05-08","2020-05-08","2021-05-08","146","GoDaddy.com, LLC","whois.godaddy.com","http://registrar.godaddy.com","","","","","J. Street","","Egypt","","","","","","","","","","","","","","","","","","","","","","","","","","","","","","","","","","ns55.domaincontrol.com","ns56.domaincontrol.com","","","clientDeleteProhibited","clientRenewProhibited","clientTransferProhibited","clientUpdateProhibited"
"4","appdani.com","2020-05-11 20:15:38","2020-05-09","2020-05-09","2021-05-09","625","Name.com, Inc.","whois.name.com","http://www.name.com","bassam abdrabo","Company mrhbaa","Damietta","Damietta","Damietta","34511","Egypt","mrhbaa.com@gmail.com","+20.1011138803","","Company mrhbaa","Company mrhbaa","Egypt , Egypt","Egypt","Egypt","asdfghj","Egypt","mrhbaa.com@gmail.com","+20.1011138803","","Company mrhbaa","Company mrhbaa","Egypt , Egypt","Egypt","Egypt","asdfghj","Egypt","mrhbaa.com@gmail.com","+20.1011138803","","","","","","","","","","","","ns1jsv.name.com","ns2btz.name.com","ns3dgj.name.com","ns4jnz.name.com","addPeriod","clientTransferProhibited","",""
"5","case-review3567.com","2020-05-11 20:00:36","2020-05-08","2020-05-08","2021-05-08","146","GoDaddy.com, LLC","whois.godaddy.com","http://registrar.godaddy.com","","","","","Giza","","Egypt","","","","","","","","","","","","","","","","","","","","","","","","","","","","","","","","","","ns15.domaincontrol.com","ns16.domaincontrol.com","","","clientDeleteProhibited","clientRenewProhibited","clientTransferProhibited","clientUpdateProhibited"
"6","conquerpochinki.com","2020-05-11 20:14:45","2020-05-08","2020-05-08","2021-05-08","146","GoDaddy.com, LLC","whois.godaddy.com","http://registrar.godaddy.com","","","","","Helwan","","Egypt","","","","","","","","","","","","","","","","","","","","","","","","","","","","","","","","","","clint.ns.cloudflare.com","rose.ns.cloudflare.com","","","clientDeleteProhibited","clientRenewProhibited","clientTransferProhibited","clientUpdateProhibited"
"7","danyaalmshawah.com","2020-05-11 19:56:49","2020-05-09","","2021-05-09","1068","NameCheap, Inc.","whois.namecheap.com","http://www.namecheap.com","Expand Solution","Expand Solution","6th Of October","Giza","Cairo","12111","Egypt","domains@expandcart.com","+20.1212121212","","Expand Solution","Expand Solution","6th Of October","Giza","Cairo","12111","Egypt","domains@expandcart.com","+20.1212121212","","Expand Solution","Expand Solution","6th Of October","Giza","Cairo","12111","Egypt","domains@expandcart.com","+20.1212121212","","","","","","","","","","","","dns1.registrar-servers.com","dns2.registrar-servers.com","","","addPeriod","clientTransferProhibited","",""
"8","drabbdelkadereltawel.com","2020-05-11 20:04:14","2020-05-08","2020-05-08","2021-05-08","886","Domain.com, LLC","whois.domain.com","http://www.domain.com","REDACTED FOR PRIVACY","REDACTED FOR PRIVACY","REDACTED FOR PRIVACY","REDACTED FOR PRIVACY","NA","REDACTED FOR PRIVACY","Egypt","","REDACTED FOR PRIVACY","REDACTED FOR PRIVACY","REDACTED FOR PRIVACY","REDACTED FOR PRIVACY","REDACTED FOR PRIVACY","REDACTED FOR PRIVACY","REDACTED FOR PRIVACY","REDACTED FOR PRIVACY","REDACTED FOR PRIVACY","","REDACTED FOR PRIVACY","REDACTED FOR PRIVACY","REDACTED FOR PRIVACY","REDACTED FOR PRIVACY","REDACTED FOR PRIVACY","REDACTED FOR PRIVACY","REDACTED FOR PRIVACY","REDACTED FOR PRIVACY","REDACTED FOR PRIVACY","","REDACTED FOR PRIVACY","REDACTED FOR PRIVACY","","","","","","","","","","","ns1.domain.com","ns2.domain.com","","","","","",""
"9","egypt-teck.com","2020-05-11 20:04:18","2020-05-08","2020-05-08","2021-05-08","886","Domain.com, LLC","whois.domain.com","http://www.domain.com","REDACTED FOR PRIVACY","REDACTED FOR PRIVACY","REDACTED FOR PRIVACY","REDACTED FOR PRIVACY","NA","REDACTED FOR PRIVACY","Egypt","","REDACTED FOR PRIVACY","REDACTED FOR PRIVACY","REDACTED FOR PRIVACY","REDACTED FOR PRIVACY","REDACTED FOR PRIVACY","REDACTED FOR PRIVACY","REDACTED FOR PRIVACY","REDACTED FOR PRIVACY","REDACTED FOR PRIVACY","","REDACTED FOR PRIVACY","REDACTED FOR PRIVACY","REDACTED FOR PRIVACY","REDACTED FOR PRIVACY","REDACTED FOR PRIVACY","REDACTED FOR PRIVACY","REDACTED FOR PRIVACY","REDACTED FOR PRIVACY","REDACTED FOR PRIVACY","","REDACTED FOR PRIVACY","REDACTED FOR PRIVACY","","","","","","","","","","","ns1.domain.com","ns2.domain.com","","","","","",""
"10","egyptianservices.com","2020-05-11 20:04:16","2020-05-08","2020-05-08","2021-05-08","146","GoDaddy.com, LLC","whois.godaddy.com","http://registrar.godaddy.com","","","","","","","Egypt","","","","","","","","","","","","","","","","","","","","","","","","","","","","","","","","","","cp1.privatesystems.net","cp2.privatesystems.net","cp3.privatesystems.net","cp4.privatesystems.net","clientDeleteProhibited","clientRenewProhibited","clientTransferProhibited","clientUpdateProhibited"
"11","elhudatrans.com","2020-05-11 20:15:43","2020-05-09","2020-05-09","2021-05-09","146","GoDaddy.com, LLC","whois.godaddy.com","http://registrar.godaddy.com","","","","","Giza","","Egypt","","","","","","","","","","","","","","","","","","","","","","","","","","","","","","","","","","ns1.bluehost.com","ns2.bluehost.com","","","clientDeleteProhibited","clientRenewProhibited","clientTransferProhibited","clientUpdateProhibited"
"12","freeimagehd.com","2020-05-11 20:02:37","2020-05-08","2020-05-08","2021-05-08","303","PDR Ltd. d/b/a PublicDomainRegistry.com","whois.publicdomainregistry.com","http://www.publicdomainregistry.com","Essam Eldin Mahmoud Sayed","Free Web Headers","1071 Corniche El Nile, Garden City","Cairo","Al Qahirah","11451","Egypt","essam@freewebheaders.com","+20.27931746","","Essam Eldin Mahmoud Sayed","Free Web Headers","1071 Corniche El Nile, Garden City","Cairo","Al Qahirah","11451","Egypt","essam@freewebheaders.com","+20.27931746","","Essam Eldin Mahmoud Sayed","Free Web Headers","1071 Corniche El Nile, Garden City","Cairo","Al Qahirah","11451","Egypt","essam@freewebheaders.com","+20.27931746","","","","","","","","","","","","dns3.parkpage.foundationapi.com","dns4.parkpage.foundationapi.com","","","clientTransferProhibited","","",""
"13","grecemare.com","2020-05-11 20:15:46","2020-05-09","2020-05-09","2021-05-09","106","Ascio Technologies, Inc. Danmark - Filial af Ascio technologies, Inc. USA","whois.ascio.com","http://www.ascio.com","Not Disclosed","Not Disclosed","Not Disclosed","Not Disclosed","","Not Disclosed","Egypt","","Not Disclosed","Not Disclosed","Not Disclosed","Not Disclosed","Not Disclosed","Not Disclosed","Not Disclosed","Not Disclosed","Not Disclosed","","Not Disclosed","Not Disclosed","Not Disclosed","Not Disclosed","Not Disclosed","Not Disclosed","Not Disclosed","Not Disclosed","Not Disclosed","","Not Disclosed","Not Disclosed","","","","","","","","","","","ns.hostpoint.ch","ns2.hostpoint.ch","ns3.hostpoint.ch","","OK","","",""
"14","gwmegypt.com","2020-05-11 20:01:15","2020-05-08","2020-05-08","2021-05-08","2","Network Solutions, LLC","whois.networksolutions.com","http://networksolutions.com","Mohamed, Ahmed Elzouky","FMS Egypt","5th Settlement North 90th St. Building 47","New Cairo","Cairo","11835","Egypt","ahmed.elzouky@fms-egypt.com","+20.1118000149","","Mohamed, Ahmed Elzouky","FMS Egypt","5th Settlement North 90th St. Building 47","New Cairo","Cairo","11835","Egypt","ahmed.elzouky@fms-egypt.com","+20.1118000149","","Mohamed, Ahmed Elzouky","FMS Egypt","5th Settlement North 90th St. Building 47","New Cairo","Cairo","11835","Egypt","ahmed.elzouky@fms-egypt.com","+20.1118000149","","","","","","","","","","","","ns13.worldnic.com","ns14.worldnic.com","","","clientTransferProhibited","","",""
"15","hekayty.com","2020-05-11 19:55:34","2020-05-08","2020-05-08","2021-05-08","146","GoDaddy.com, LLC","whois.godaddy.com","http://registrar.godaddy.com","","","","","Giza","","Egypt","","","","","","","","","","","","","","","","","","","","","","","","","","","","","","","","","","ns55.domaincontrol.com","ns56.domaincontrol.com","","","clientDeleteProhibited","clientRenewProhibited","clientTransferProhibited","clientUpdateProhibited"
"16","hydra-cheats.com","2020-05-11 20:02:24","2020-05-08","2020-05-08","2021-05-08","146","GoDaddy.com, LLC","whois.godaddy.com","http://registrar.godaddy.com","","","","","cairo","","Egypt","","","","","","","","","","","","","","","","","","","","","","","","","","","","","","","","","","ns1.vingo-host.com","ns2.vingo-host.com","","","clientDeleteProhibited","clientRenewProhibited","clientTransferProhibited","clientUpdateProhibited"
"17","hygiyya.com","2020-05-11 20:01:25","2020-05-09","2020-05-09","2021-05-09","146","GoDaddy.com, LLC","whois.godaddy.com","http://registrar.godaddy.com","Yanssen Home","Yanssen Home","","","el obour","","Egypt","","","","","","","","","","","","","","","","","","","","","","","","","","","","","","","","","","ns59.domaincontrol.com","ns60.domaincontrol.com","","","clientDeleteProhibited","clientRenewProhibited","clientTransferProhibited","clientUpdateProhibited"
"18","imasop.com","2020-05-11 20:04:53","2020-05-09","2020-05-09","2021-05-09","146","GoDaddy.com, LLC","whois.godaddy.com","http://registrar.godaddy.com","","","","","eg","","Egypt","","","","","","","","","","","","","","","","","","","","","","","","","","","","","","","","","","ns6579.hostgator.com","ns6580.hostgator.com","","","OK","","",""
"19","maalomatfedaak.com","2020-05-11 20:02:13","2020-05-08","2020-05-08","2021-05-08","146","GoDaddy.com, LLC","whois.godaddy.com","http://registrar.godaddy.com","mansoura","mansoura","","","123456","","Egypt","","","","","","","","","","","","","","","","","","","","","","","","","","","","","","","","","","ns47.domaincontrol.com","ns48.domaincontrol.com","","","clientDeleteProhibited","clientRenewProhibited","clientTransferProhibited","clientUpdateProhibited"
"20","masreldawlya.com","2020-05-11 20:16:04","2020-05-09","2020-05-09","2021-05-09","146","GoDaddy.com, LLC","whois.godaddy.com","http://registrar.godaddy.com","onehandeg hosting company","onehandeg hosting company","","","cairo","","Egypt","","","","","","","","","","","","","","","","","","","","","","","","","","","","","","","","","","ns1.onehandeg.com","ns2.onehandeg.com","","","clientDeleteProhibited","clientRenewProhibited","clientTransferProhibited","clientUpdateProhibited"
"21","mohamedelnqeshy.com","2020-05-11 20:04:20","2020-05-08","2020-05-08","2021-05-08","146","GoDaddy.com, LLC","whois.godaddy.com","http://registrar.godaddy.com","","","","","Giza","","Egypt","","","","","","","","","","","","","","","","","","","","","","","","","","","","","","","","","","ns15.domaincontrol.com","ns16.domaincontrol.com","","","clientDeleteProhibited","clientRenewProhibited","clientTransferProhibited","clientUpdateProhibited"
"22","oradevelopments.com","2020-05-11 20:01:12","2020-05-08","2020-05-08","2021-05-08","886","Domain.com, LLC","whois.domain.com","http://www.domain.com","REDACTED FOR PRIVACY","REDACTED FOR PRIVACY","REDACTED FOR PRIVACY","REDACTED FOR PRIVACY","NA","REDACTED FOR PRIVACY","Egypt","","REDACTED FOR PRIVACY","REDACTED FOR PRIVACY","REDACTED FOR PRIVACY","REDACTED FOR PRIVACY","REDACTED FOR PRIVACY","REDACTED FOR PRIVACY","REDACTED FOR PRIVACY","REDACTED FOR PRIVACY","REDACTED FOR PRIVACY","","REDACTED FOR PRIVACY","REDACTED FOR PRIVACY","REDACTED FOR PRIVACY","REDACTED FOR PRIVACY","REDACTED FOR PRIVACY","REDACTED FOR PRIVACY","REDACTED FOR PRIVACY","REDACTED FOR PRIVACY","REDACTED FOR PRIVACY","","REDACTED FOR PRIVACY","REDACTED FOR PRIVACY","","","","","","","","","","","ns1.domain.com","ns2.domain.com","","","","","",""
"23","perfectcloudserver.com","2020-05-11 20:10:54","2020-05-09","2020-05-09","2021-05-09","625","Name.com, Inc.","whois.name.com","http://www.name.com","rami allaf","perfect-workgroup","Cairo","egypt","6 octoper","1265","Egypt","rami.allaf@gmail.com","+20.1158068370","","rami allaf","perfect-workgroup","Cairo","egypt","6 octoper","1265","Egypt","rami.allaf@gmail.com","+20.1158068370","","rami allaf","perfect-workgroup","Cairo","egypt","6 octoper","1265","Egypt","rami.allaf@gmail.com","+20.1158068370","","","","","","","","","","","","ns1hwy.name.com","ns2cvx.name.com","ns3flt.name.com","ns4kmw.name.com","addPeriod","clientTransferProhibited","",""
"24","racednour.com","2020-05-11 19:55:27","2020-05-09","2020-05-09","2021-05-09","146","GoDaddy.com, LLC","whois.godaddy.com","http://registrar.godaddy.com","RacedNour Limited","RacedNour Limited","","","Cairo","","Egypt","","","","","","","","","","","","","","","","","","","","","","","","","","","","","","","","","","ns1.dimofinf.net","ns2.dimofinf.net","ns3.dimofinf.net","","clientDeleteProhibited","clientRenewProhibited","clientTransferProhibited","clientUpdateProhibited"
"25","sare7ny.com","2020-05-11 20:15:28","2020-05-09","2020-05-09","2021-05-09","146","GoDaddy.com, LLC","whois.godaddy.com","http://registrar.godaddy.com","","","","","alex","","Egypt","","","","","","","","","","","","","","","","","","","","","","","","","","","","","","","","","","cheetah.ezoicns.com","echidna.ezoicns.com","ns5.ruu.cloud","ns6.ruu.cloud","clientDeleteProhibited","clientRenewProhibited","clientTransferProhibited","clientUpdateProhibited"
"26","saymello.com","2020-05-11 20:15:56","2020-05-09","2020-05-09","2021-05-09","146","GoDaddy.com, LLC","whois.godaddy.com","http://registrar.godaddy.com","Mello","Mello","","","\u0627\u0644\u0642\u0627\u0647\u0631\u0629","","Egypt","","","","","","","","","","","","","","","","","","","","","","","","","","","","","","","","","","ns47.domaincontrol.com","ns48.domaincontrol.com","","","clientDeleteProhibited","clientRenewProhibited","clientTransferProhibited","clientUpdateProhibited"
"27","shaimaa-ibrahim.com","2020-05-11 19:57:03","2020-05-09","2020-05-09","2021-05-09","146","GoDaddy.com, LLC","whois.godaddy.com","http://registrar.godaddy.com","","","","","Gz","","Egypt","","","","","","","","","","","","","","","","","","","","","","","","","","","","","","","","","","ns6.wixdns.net","ns7.wixdns.net","","","clientDeleteProhibited","clientRenewProhibited","clientTransferProhibited","clientUpdateProhibited"
"28","theonlyable.com","2020-05-11 20:14:03","2020-05-08","2020-05-08","2021-05-08","625","Name.com, Inc.","whois.name.com","http://www.name.com","mahmoud hasan","notcourses","307 A -15 ST TGAMOA 5","cairo","egypt","12331","Egypt","seorevelation@gmail.com","+20.118440889","","mahmoud hasan","notcourses","307 A -15 ST TGAMOA 5","cairo","egypt","12331","Egypt","seorevelation@gmail.com","+20.118440889","","mahmoud hasan","notcourses","307 A -15 ST TGAMOA 5","cairo","egypt","12331","Egypt","seorevelation@gmail.com","+20.118440889","","","","","","","","","","","","ns1dns.name.com","ns2bls.name.com","ns3cgw.name.com","ns4lny.name.com","addPeriod","clientTransferProhibited","",""
"29","tkwid.com","2020-05-11 20:03:41","2020-05-08","2020-05-08","2021-05-08","146","GoDaddy.com, LLC","whois.godaddy.com","http://registrar.godaddy.com","male","male","","","\u0645\u062d\u0627\u0641\u0638\u0629 \u0627\u0644\","","Egypt","","","","","","","","","","","","","","","","","","","","","","","","","","","","","","","","","","dns1.namecheaphosting.com","dns2.namecheaphosting.com","","","clientDeleteProhibited","clientRenewProhibited","clientTransferProhibited","clientUpdateProhibited"
"30","wegramy.com","2020-05-11 20:01:02","2020-05-08","2020-05-08","2021-05-08","303","PDR Ltd. d/b/a PublicDomainRegistry.com","whois.publicdomainregistry.com","http://www.publicdomainregistry.com","mena yousry","wegramy","menamena","alqwsyt","asywt","71633","Egypt","menayousry188@gmail.com","+20.1288511185","","mena yousry","wegramy","menamena","alqwsyt","asywt","71633","Egypt","menayousry188@gmail.com","+20.1288511185","","mena yousry","wegramy","menamena","alqwsyt","asywt","71633","Egypt","menayousry188@gmail.com","+20.1288511185","","","","","","","","","","","","ns1.dns-parking.com","ns2.dns-parking.com","","","clientTransferProhibited","","",""
"31","xn-n.com","2020-05-11 20:09:53","2020-05-09","2020-05-09","2021-05-09","146","GoDaddy.com, LLC","whois.godaddy.com","http://registrar.godaddy.com","Delta Retail","Delta Retail","","","Heliopolis","","Egypt","","","","","","","","","","","","","","","","","","","","","","","","","","","","","","","","","","ns69.domaincontrol.com","ns70.domaincontrol.com","","","clientDeleteProhibited","clientRenewProhibited","clientTransferProhibited","clientUpdateProhibited"