"num","domain_name","query_time","create_date","update_date","expiry_date","domain_registrar_id","domain_registrar_name","domain_registrar_whois","domain_registrar_url","registrant_name","registrant_company","registrant_address","registrant_city","registrant_state","registrant_zip","registrant_country","registrant_email","registrant_phone","registrant_fax","administrative_name","administrative_company","administrative_address","administrative_city","administrative_state","administrative_zip","administrative_country","administrative_email","administrative_phone","administrative_fax","technical_name","technical_company","technical_address","technical_city","technical_state","technical_zip","technical_country","technical_email","technical_phone","technical_fax","billing_name","billing_company","billing_address","billing_city","billing_state","billing_zip","billing_country","billing_email","billing_phone","billing_fax","name_server_1","name_server_2","name_server_3","name_server_4","domain_status_1","domain_status_2","domain_status_3","domain_status_4"
"1","damaconclase.com","2020-05-11 20:09:53","2020-05-09","2020-05-09","2021-05-09","955","Launchpad, Inc.","whois.launchpad.com","http://www.launchpad.com","Atanya Rivas","None","8 avenida sur #2-5, Santa Tecla, La Libertad, El Salvador","Santa Tecla","LI","1501","El Salvador","atanya.rivas@hotmail.com","+503.77308937","","Atanya Rivas","None","8 avenida sur #2-5, Santa Tecla, La Libertad, El Salvador","Santa Tecla","LI","1501","El Salvador","atanya.rivas@hotmail.com","+503.77308937","","Atanya Rivas","None","8 avenida sur #2-5, Santa Tecla, La Libertad, El Salvador","Santa Tecla","LI","1501","El Salvador","atanya.rivas@hotmail.com","+503.77308937","","","","","","","","","","","","ns8345.hostgator.com","ns8346.hostgator.com","","","clientTransferProhibited","","",""
"2","fundacionarmandobukele.com","2020-05-11 20:02:16","2020-05-08","2020-05-08","2022-05-08","146","GoDaddy.com, LLC","whois.godaddy.com","http://registrar.godaddy.com","Cyanstudio.com","Cyanstudio.com","","","san salvador","","El Salvador","","","","","","","","","","","","","","","","","","","","","","","","","","","","","","","","","","ns47.domaincontrol.com","ns48.domaincontrol.com","","","clientDeleteProhibited","clientRenewProhibited","clientTransferProhibited","clientUpdateProhibited"
"3","izzy.taxi","2020-05-11 08:25:04","2020-05-08","2020-05-08","2021-05-08","146","GoDaddy.com, LLC","whois.godaddy.com","http://registrar.godaddy.com","REDACTED FOR PRIVACY","Box marketing","REDACTED FOR PRIVACY","REDACTED FOR PRIVACY","Lourdes","REDACTED FOR PRIVACY","El Salvador","","REDACTED FOR PRIVACY","REDACTED FOR PRIVACY","","","","","","","","","","","","","","","","","","","","","","","","","","","","","","","","","","","addPeriod","clientDeleteProhibited","clientRenewProhibited","clientTransferProhibited"
"4","mahilaincenses.com","2020-05-11 20:03:37","2020-05-08","2020-05-08","2021-05-08","146","GoDaddy.com, LLC","whois.godaddy.com","http://registrar.godaddy.com","sharkmedia","sharkmedia","","","el salvador","","El Salvador","","","","","","","","","","","","","","","","","","","","","","","","","","","","","","","","","","ns15.domaincontrol.com","ns16.domaincontrol.com","","","clientDeleteProhibited","clientRenewProhibited","clientTransferProhibited","clientUpdateProhibited"
"5","protegsv.com","2020-05-11 20:16:05","2020-05-09","2020-05-09","2021-05-09","146","GoDaddy.com, LLC","whois.godaddy.com","http://registrar.godaddy.com","","","","","El Salvador","","El Salvador","","","","","","","","","","","","","","","","","","","","","","","","","","","","","","","","","","ns69.domaincontrol.com","ns70.domaincontrol.com","","","clientDeleteProhibited","clientRenewProhibited","clientTransferProhibited","clientUpdateProhibited"
"6","refralsv.com","2020-05-11 20:14:32","2020-05-08","2020-05-08","2021-05-08","379","Arsys Internet, S.L. dba NICLINE.COM","whois.nicline.com","http://www.nicline.com","REDACTED FOR PRIVACY","Telecom-Publicar, Directorios, S.A. de C.V.","REDACTED FOR PRIVACY","REDACTED FOR PRIVACY","San Salvador","REDACTED FOR PRIVACY","El Salvador","whoiscontact@domainconnection.info","REDACTED FOR PRIVACY","REDACTED FOR PRIVACY","REDACTED FOR PRIVACY","REDACTED FOR PRIVACY","REDACTED FOR PRIVACY","REDACTED FOR PRIVACY","REDACTED FOR PRIVACY","REDACTED FOR PRIVACY","REDACTED FOR PRIVACY","whoiscontact@domainconnection.info","REDACTED FOR PRIVACY","REDACTED FOR PRIVACY","REDACTED FOR PRIVACY","REDACTED FOR PRIVACY","REDACTED FOR PRIVACY","REDACTED FOR PRIVACY","REDACTED FOR PRIVACY","REDACTED FOR PRIVACY","REDACTED FOR PRIVACY","whoiscontact@domainconnection.info","REDACTED FOR PRIVACY","REDACTED FOR PRIVACY","","","","","","","","","","","dns1.serv596210.servidoresdns.net","dns2.serv596210.servidoresdns.net","","","addPeriod","clientTransferProhibited","",""
"7","worldcoffeemethods.com","2020-05-11 20:06:24","2020-05-09","2020-05-09","2021-05-09","146","GoDaddy.com, LLC","whois.godaddy.com","http://registrar.godaddy.com","World Coffee Methods","World Coffee Methods","","","El Salvador","","El Salvador","","","","","","","","","","","","","","","","","","","","","","","","","","","","","","","","","","ns47.domaincontrol.com","ns48.domaincontrol.com","","","clientDeleteProhibited","clientRenewProhibited","clientTransferProhibited","clientUpdateProhibited"