"num","domain_name","query_time","create_date","update_date","expiry_date","domain_registrar_id","domain_registrar_name","domain_registrar_whois","domain_registrar_url","registrant_name","registrant_company","registrant_address","registrant_city","registrant_state","registrant_zip","registrant_country","registrant_email","registrant_phone","registrant_fax","administrative_name","administrative_company","administrative_address","administrative_city","administrative_state","administrative_zip","administrative_country","administrative_email","administrative_phone","administrative_fax","technical_name","technical_company","technical_address","technical_city","technical_state","technical_zip","technical_country","technical_email","technical_phone","technical_fax","billing_name","billing_company","billing_address","billing_city","billing_state","billing_zip","billing_country","billing_email","billing_phone","billing_fax","name_server_1","name_server_2","name_server_3","name_server_4","domain_status_1","domain_status_2","domain_status_3","domain_status_4"
"1","applerespondiv.com","2020-05-11 10:15:05","2020-05-09","2020-05-09","2021-05-09","146","GoDaddy.com, LLC","whois.godaddy.com","http://registrar.godaddy.com","","","","","Guatemala","","Guatemala","","","","","","","","","","","","","","","","","","","","","","","","","","","","","","","","","","ns59.domaincontrol.com","ns60.domaincontrol.com","","","clientDeleteProhibited","clientRenewProhibited","clientTransferProhibited","clientUpdateProhibited"
"2","demosdigitales.com","2020-05-11 20:05:29","2020-05-09","2020-05-09","2021-05-09","625","Name.com, Inc.","whois.name.com","http://www.name.com","angel morales","illimani","2da calle B 8-21 z.17 colonia lourdes","guatemala","guatemala","01017","Guatemala","corporacion@me.com","+502.53091939","","angel morales","illimani","2da calle B 8-21 z.17 colonia lourdes","guatemala","guatemala","01017","Guatemala","angel_gua@hotmail.com","+502.22562337","","angel morales","illimani","2da calle B 8-21 z.17 colonia lourdes","guatemala","guatemala","01017","Guatemala","angel_gua@hotmail.com","+502.22562337","","","","","","","","","","","","ns3006.mochahost.com","ns4006.mochahost.com","","","addPeriod","clientTransferProhibited","",""
"3","dreamjobconsultant.com","2020-05-11 19:59:20","2020-05-08","2020-05-08","2021-05-08","146","GoDaddy.com, LLC","whois.godaddy.com","http://registrar.godaddy.com","","","","","Guatemala","","Guatemala","","","","","","","","","","","","","","","","","","","","","","","","","","","","","","","","","","ns15.domaincontrol.com","ns16.domaincontrol.com","","","clientDeleteProhibited","clientRenewProhibited","clientTransferProhibited","clientUpdateProhibited"
"4","elarandanoexpress.com","2020-05-11 20:02:50","2020-05-08","2020-05-08","2021-05-08","303","PDR Ltd. d/b/a PublicDomainRegistry.com","whois.publicdomainregistry.com","http://www.publicdomainregistry.com","Kevin Alexander Arias Fernandez","El arandano","21 avenida 27-58 zona 7","Guatemala","Guatemala","01010","Guatemala","elarandanogt@gmail.com","+502.51031234","","Kevin Alexander Arias Fernandez","El arandano","21 avenida 27-58 zona 7","Guatemala","Guatemala","01010","Guatemala","elarandanogt@gmail.com","+502.51031234","","Kevin Alexander Arias Fernandez","El arandano","21 avenida 27-58 zona 7","Guatemala","Guatemala","01010","Guatemala","elarandanogt@gmail.com","+502.51031234","","","","","","","","","","","","ns1-frey.hosting-mexico.net","ns2-frey.hosting-mexico.net","","","clientTransferProhibited","","",""
"5","gaudeamuskreations.com","2020-05-11 20:09:43","2020-05-09","2020-05-09","2021-05-09","955","Launchpad, Inc.","whois.launchpad.com","http://www.launchpad.com","Oswaldo  Turcios","None","Oswaldo 5ta ave. B 18-88 residenciales fuentes del valle 2","villa nueva","GU","01064","Guatemala","soicrutxela@gmail.com","+502.32814673","","Oswaldo  Turcios","None","Oswaldo 5ta ave. B 18-88 residenciales fuentes del valle 2","villa nueva","GU","01064","Guatemala","soicrutxela@gmail.com","+502.32814673","","Oswaldo  Turcios","None","Oswaldo 5ta ave. B 18-88 residenciales fuentes del valle 2","villa nueva","GU","01064","Guatemala","soicrutxela@gmail.com","+502.32814673","","","","","","","","","","","","ns6425.hostgator.com","ns6426.hostgator.com","","","clientTransferProhibited","","",""
"6","grupoacahual.com","2020-05-11 20:14:44","2020-05-08","2020-05-08","2021-05-08","303","PDR Ltd. d/b/a PublicDomainRegistry.com","whois.publicdomainregistry.com","http://www.publicdomainregistry.com","Intelssa Guatemala","Intelssa","Zona 11","Guatemala","Guatemala","10014","Guatemala","info@intelssa.com","+502.233965960","","Intelssa Guatemala","Intelssa","Zona 11","Guatemala","Guatemala","10014","Guatemala","info@intelssa.com","+502.233965960","","Intelssa Guatemala","Intelssa","Zona 11","Guatemala","Guatemala","10014","Guatemala","info@intelssa.com","+502.233965960","","","","","","","","","","","","ns1.c14.tmdcloud.com","ns2.c14.tmdcloud.com","","","clientTransferProhibited","","",""
"7","inebejcmm.com","2020-05-11 19:59:27","2020-05-08","2020-05-08","2021-05-08","303","PDR Ltd. d/b/a PublicDomainRegistry.com","whois.publicdomainregistry.com","http://www.publicdomainregistry.com","Josue Stuardo Reyes Estrada","Josue Stuardo Reyes Estrada","5 avenida 5-20 Colonia el Paraiso","Suchitepequez","SurOccidente","10001","Guatemala","joshreyese@gmail.com","+502.42147487","","Josue Stuardo Reyes Estrada","Josue Stuardo Reyes Estrada","5 avenida 5-20 Colonia el Paraiso","Suchitepequez","SurOccidente","10001","Guatemala","joshreyese@gmail.com","+502.42147487","","Josue Stuardo Reyes Estrada","Josue Stuardo Reyes Estrada","5 avenida 5-20 Colonia el Paraiso","Suchitepequez","SurOccidente","10001","Guatemala","joshreyese@gmail.com","+502.42147487","","","","","","","","","","","","ns1.dns-parking.com","ns2.dns-parking.com","","","clientTransferProhibited","","",""
"8","luissamayoa.com","2020-05-11 20:00:44","2020-05-08","2020-05-08","2021-05-08","146","GoDaddy.com, LLC","whois.godaddy.com","http://registrar.godaddy.com","TAREAS","TAREAS","","","Guatemala","","Guatemala","","","","","","","","","","","","","","","","","","","","","","","","","","","","","","","","","","ns1.giow9.siteground.us","ns2.giow9.siteground.us","","","clientDeleteProhibited","clientRenewProhibited","clientTransferProhibited","clientUpdateProhibited"
"9","mallguatemala.com","2020-05-11 19:55:37","2020-05-09","2020-05-09","2021-05-09","146","GoDaddy.com, LLC","whois.godaddy.com","http://registrar.godaddy.com","Consulteca S.A.","Consulteca S.A.","","","Guatemala","","Guatemala","","","","","","","","","","","","","","","","","","","","","","","","","","","","","","","","","","ns47.domaincontrol.com","ns48.domaincontrol.com","","","clientDeleteProhibited","clientRenewProhibited","clientTransferProhibited","clientUpdateProhibited"
"10","quierotamales.com","2020-05-11 20:02:36","2020-05-08","2020-05-08","2021-05-08","146","GoDaddy.com, LLC","whois.godaddy.com","http://registrar.godaddy.com","JUAN CARLOS LIMA MARROQUIN","JUAN CARLOS LIMA MARROQUIN","","","DISTRITO FEDERAL","","Guatemala","","","","","","","","","","","","","","","","","","","","","","","","","","","","","","","","","","ns59.domaincontrol.com","ns60.domaincontrol.com","","","clientDeleteProhibited","clientRenewProhibited","clientTransferProhibited","clientUpdateProhibited"
"11","ubicacionescr.com","2020-05-11 20:16:05","2020-05-09","2020-05-09","2021-05-09","146","GoDaddy.com, LLC","whois.godaddy.com","http://registrar.godaddy.com","None","None","","","Guatemala","","Guatemala","","","","","","","","","","","","","","","","","","","","","","","","","","","","","","","","","","ns47.domaincontrol.com","ns48.domaincontrol.com","","","clientDeleteProhibited","clientRenewProhibited","clientTransferProhibited","clientUpdateProhibited"