"num","domain_name","query_time","create_date","update_date","expiry_date","domain_registrar_id","domain_registrar_name","domain_registrar_whois","domain_registrar_url","registrant_name","registrant_company","registrant_address","registrant_city","registrant_state","registrant_zip","registrant_country","registrant_email","registrant_phone","registrant_fax","administrative_name","administrative_company","administrative_address","administrative_city","administrative_state","administrative_zip","administrative_country","administrative_email","administrative_phone","administrative_fax","technical_name","technical_company","technical_address","technical_city","technical_state","technical_zip","technical_country","technical_email","technical_phone","technical_fax","billing_name","billing_company","billing_address","billing_city","billing_state","billing_zip","billing_country","billing_email","billing_phone","billing_fax","name_server_1","name_server_2","name_server_3","name_server_4","domain_status_1","domain_status_2","domain_status_3","domain_status_4"
"1","00000222.com","2020-05-11 19:58:37","2020-05-08","2020-05-08","2021-05-08","411","Fabulous.com Pty Ltd.","whois.fabulous.com","http://www.fabulous.com","Peng Goh","Service Pro","G.P.O. Box 732","Hong Kong","","","Hong Kong","webmaster@service-pro.net","+852.25772544","","Peng Goh","Service Pro","G.P.O. Box 732","Hong Kong","","","Hong Kong","webmaster@service-pro.net","+852.25772544","","Peng Goh","Service Pro","G.P.O. Box 732","Hong Kong","","","Hong Kong","webmaster@service-pro.net","+852.25772544","","","","","","","","","","","","ns1.fabulous.com","ns2.fabulous.com","","","addPeriod","clientDeleteProhibited","clientTransferProhibited","clientUpdateProhibited"
"2","0546gg.com","2020-05-11 20:08:48","2020-05-11","2020-05-11","2021-05-11","146","GoDaddy.com, LLC","whois.godaddy.com","http://registrar.godaddy.com","","","","","Jiu Long","","Hong Kong","","","","","","","","","","","","","","","","","","","","","","","","","","","","","","","","","","ns27.domaincontrol.com","ns28.domaincontrol.com","","","clientDeleteProhibited","clientRenewProhibited","clientTransferProhibited","clientUpdateProhibited"
"3","14service.com","2020-05-11 20:11:37","2020-05-09","2020-05-09","2021-05-09","146","GoDaddy.com, LLC","whois.godaddy.com","http://registrar.godaddy.com","","","","","Hong Kong","","Hong Kong","","","","","","","","","","","","","","","","","","","","","","","","","","","","","","","","","","pdns11.domaincontrol.com","pdns12.domaincontrol.com","","","clientDeleteProhibited","clientRenewProhibited","clientTransferProhibited","clientUpdateProhibited"
"4","1585454.com","2020-05-11 19:56:53","2020-05-08","2020-05-08","2021-05-08","3661","DropCatch.com 1452 LLC","","","DotMedia Limited","DotMedia Limited","7F,Star House,3 Salisbury Road,TST,Kowloon","Hong Kong","Hong Kong","999077","Hong Kong","whoisprivacy@dotmedia.com","+852.81799956","","DotMedia Limited","DotMedia Limited","7F,Star House,3 Salisbury Road,TST,Kowloon","Hong Kong","Hong Kong","999077","Hong Kong","whoisprivacy@dotmedia.com","+852.81799956","","DotMedia Limited","DotMedia Limited","7F,Star House,3 Salisbury Road,TST,Kowloon","Hong Kong","Hong Kong","999077","Hong Kong","whoisprivacy@dotmedia.com","+852.81799956","","","","","","","","","","","","ns1.maff.com","ns2.maff.com","","","clientTransferProhibited","","",""
"5","1586464.com","2020-05-11 19:56:48","2020-05-08","2020-05-08","2021-05-08","3302","DropCatch.com 1093 LLC","","","DotMedia Limited","DotMedia Limited","7F,Star House,3 Salisbury Road,TST,Kowloon","Hong Kong","Hong Kong","999077","Hong Kong","whoisprivacy@dotmedia.com","+852.81799956","","DotMedia Limited","DotMedia Limited","7F,Star House,3 Salisbury Road,TST,Kowloon","Hong Kong","Hong Kong","999077","Hong Kong","whoisprivacy@dotmedia.com","+852.81799956","","DotMedia Limited","DotMedia Limited","7F,Star House,3 Salisbury Road,TST,Kowloon","Hong Kong","Hong Kong","999077","Hong Kong","whoisprivacy@dotmedia.com","+852.81799956","","","","","","","","","","","","ns1.maff.com","ns2.maff.com","","","clientTransferProhibited","","",""
"6","1586767.com","2020-05-11 19:56:49","2020-05-08","2020-05-08","2021-05-08","3569","DropCatch.com 1360 LLC","","","DotMedia Limited","DotMedia Limited","7F,Star House,3 Salisbury Road,TST,Kowloon","Hong Kong","Hong Kong","999077","Hong Kong","whoisprivacy@dotmedia.com","+852.81799956","","DotMedia Limited","DotMedia Limited","7F,Star House,3 Salisbury Road,TST,Kowloon","Hong Kong","Hong Kong","999077","Hong Kong","whoisprivacy@dotmedia.com","+852.81799956","","DotMedia Limited","DotMedia Limited","7F,Star House,3 Salisbury Road,TST,Kowloon","Hong Kong","Hong Kong","999077","Hong Kong","whoisprivacy@dotmedia.com","+852.81799956","","","","","","","","","","","","ns1.maff.com","ns2.maff.com","","","clientTransferProhibited","","",""
"7","8000xk.com","2020-05-11 20:10:49","2020-05-09","2020-05-09","2021-05-09","420","HiChina Zhicheng Technology Limited","grs-whois.hichina.com","http://www.net.cn","","","","","Xiang Gang","","Hong Kong","","","","","","","","","","","","","","","","","","","","","","","","","","","","","","","","","","dns31.hichina.com","dns32.hichina.com","","","OK","","",""
"8","91pqw.com","2020-05-11 19:58:36","2020-05-08","2020-05-10","2021-05-08","1343","Namesalacarte.com LLC","whois.namesalacarte.com","http://www.networksolutions.com","DotMedia Limited","DotMedia Limited","7F,Star House,3 Salisbury Road,TST,Kowloon","Hong Kong","Hong Kong","999077","Hong Kong","whoisprivacy@dotmedia.com","+852.81799956","","DotMedia Limited","DotMedia Limited","7F,Star House,3 Salisbury Road,TST,Kowloon","Hong Kong","Hong Kong","999077","Hong Kong","whoisprivacy@dotmedia.com","+852.81799956","","DotMedia Limited","DotMedia Limited","7F,Star House,3 Salisbury Road,TST,Kowloon","Hong Kong","Hong Kong","999077","Hong Kong","whoisprivacy@dotmedia.com","+852.81799956","","","","","","","","","","","","ns1.maff.com","ns2.maff.com","","","OK","","",""
"9","9996398.com","2020-05-11 20:07:20","2020-05-09","2020-05-09","2021-05-09","440","Wild West Domains, LLC","whois.wildwestdomains.com","http://www.wildwestdomains.com","xcvcxvcx","xcvcxvcx","","","Chen VChi Xu","","Hong Kong","","","","","","","","","","","","","","","","","","","","","","","","","","","","","","","","","","ns69.domaincontrol.com","ns70.domaincontrol.com","","","clientDeleteProhibited","clientRenewProhibited","clientTransferProhibited","clientUpdateProhibited"
"10","advancecleanup.mobi","2020-05-11 02:51:12","2020-05-09","2020-05-09","2021-05-09","303","PDR Ltd. d/b/a PublicDomainRegistry.com","whois.publicdomainregistry.com","http://www.publicdomainregistry.com","Roberts Pet Ltd","Roberts Pet Ltd","","","Not Applicable","","Hong Kong","","","","","","","","","","","","","","","","","","","","","","","","","","","","","","","","","","natsavpanel.earth.orderbox-dns.com","natsavpanel.mars.orderbox-dns.com","natsavpanel.mercury.orderbox-dns.com","natsavpanel.venus.orderbox-dns.com","addPeriod","clientTransferProhibited","serverTransferProhibited",""
"11","advancecleanup.pro","2020-05-11 05:38:39","2020-05-09","2020-05-09","2021-05-09","303","PDR Ltd. d/b/a PublicDomainRegistry.com","whois.publicdomainregistry.com","http://www.publicdomainregistry.com","Roberts Pet Ltd","Roberts Pet Ltd","","","Not Applicable","","Hong Kong","","","","","","","","","","","","","","","","","","","","","","","","","","","","","","","","","","natsavpanel.earth.orderbox-dns.com","natsavpanel.mars.orderbox-dns.com","natsavpanel.mercury.orderbox-dns.com","natsavpanel.venus.orderbox-dns.com","addPeriod","clientTransferProhibited","serverTransferProhibited",""
"12","advancespeed.pro","2020-05-11 05:38:38","2020-05-09","2020-05-09","2021-05-09","303","PDR Ltd. d/b/a PublicDomainRegistry.com","whois.publicdomainregistry.com","http://www.publicdomainregistry.com","Roberts Pet Ltd","Roberts Pet Ltd","","","Not Applicable","","Hong Kong","","","","","","","","","","","","","","","","","","","","","","","","","","","","","","","","","","natsavpanel.earth.orderbox-dns.com","natsavpanel.mars.orderbox-dns.com","natsavpanel.mercury.orderbox-dns.com","natsavpanel.venus.orderbox-dns.com","addPeriod","clientTransferProhibited","serverTransferProhibited",""
"13","ainiciarsesion.com","2020-05-11 19:58:14","2020-05-08","2020-05-08","2021-05-08","1765","DropCatch.com 354 LLC","whois.namebright.com","http://www.dropcatch354.com","DotMedia Limited","DotMedia Limited","7F,Star House,3 Salisbury Road,TST,Kowloon","Hong Kong","Hong Kong","999077","Hong Kong","whoisprivacy@dotmedia.com","+852.81799956","","DotMedia Limited","DotMedia Limited","7F,Star House,3 Salisbury Road,TST,Kowloon","Hong Kong","Hong Kong","999077","Hong Kong","whoisprivacy@dotmedia.com","+852.81799956","","DotMedia Limited","DotMedia Limited","7F,Star House,3 Salisbury Road,TST,Kowloon","Hong Kong","Hong Kong","999077","Hong Kong","whoisprivacy@dotmedia.com","+852.81799956","","","","","","","","","","","","ns1.maff.com","ns2.maff.com","","","clientTransferProhibited","","",""
"14","anglaen.com","2020-05-11 19:58:29","2020-05-08","2020-05-08","2021-05-08","3390","DropCatch.com 1181 LLC","","","DotMedia Limited","DotMedia Limited","7F,Star House,3 Salisbury Road,TST,Kowloon","Hong Kong","Hong Kong","999077","Hong Kong","whoisprivacy@dotmedia.com","+852.81799956","","DotMedia Limited","DotMedia Limited","7F,Star House,3 Salisbury Road,TST,Kowloon","Hong Kong","Hong Kong","999077","Hong Kong","whoisprivacy@dotmedia.com","+852.81799956","","DotMedia Limited","DotMedia Limited","7F,Star House,3 Salisbury Road,TST,Kowloon","Hong Kong","Hong Kong","999077","Hong Kong","whoisprivacy@dotmedia.com","+852.81799956","","","","","","","","","","","","ns1.maff.com","ns2.maff.com","","","clientTransferProhibited","","",""
"15","asesoria-fiscal-asconfi.com","2020-05-11 19:58:29","2020-05-08","2020-05-08","2021-05-08","1784","DropCatch.com 373 LLC","whois.namebright.com","http://www.dropcatch373.com","DotMedia Limited","DotMedia Limited","7F,Star House,3 Salisbury Road,TST,Kowloon","Hong Kong","Hong Kong","999077","Hong Kong","whoisprivacy@dotmedia.com","+852.81799956","","DotMedia Limited","DotMedia Limited","7F,Star House,3 Salisbury Road,TST,Kowloon","Hong Kong","Hong Kong","999077","Hong Kong","whoisprivacy@dotmedia.com","+852.81799956","","DotMedia Limited","DotMedia Limited","7F,Star House,3 Salisbury Road,TST,Kowloon","Hong Kong","Hong Kong","999077","Hong Kong","whoisprivacy@dotmedia.com","+852.81799956","","","","","","","","","","","","ns1.maff.com","ns2.maff.com","","","clientTransferProhibited","","",""
"16","bine21.com","2020-05-11 20:29:55","2020-05-11","2020-05-11","2021-05-11","146","GoDaddy.com, LLC","whois.godaddy.com","http://registrar.godaddy.com","","","","","Jiu Long","","Hong Kong","","","","","","","","","","","","","","","","","","","","","","","","","","","","","","","","","","ns31.domaincontrol.com","ns32.domaincontrol.com","","","clientDeleteProhibited","clientRenewProhibited","clientTransferProhibited","clientUpdateProhibited"
"17","btb552.com","2020-05-11 20:15:45","2020-05-09","2020-05-09","2021-05-09","146","GoDaddy.com, LLC","whois.godaddy.com","http://registrar.godaddy.com","","","","","fdsdfg","","Hong Kong","","","","","","","","","","","","","","","","","","","","","","","","","","","","","","","","","","pdns11.domaincontrol.com","pdns12.domaincontrol.com","","","clientDeleteProhibited","clientRenewProhibited","clientTransferProhibited","clientUpdateProhibited"
"18","btb663.com","2020-05-11 20:15:40","2020-05-09","2020-05-09","2021-05-09","146","GoDaddy.com, LLC","whois.godaddy.com","http://registrar.godaddy.com","","","","","fdsdfg","","Hong Kong","","","","","","","","","","","","","","","","","","","","","","","","","","","","","","","","","","pdns11.domaincontrol.com","pdns12.domaincontrol.com","","","clientDeleteProhibited","clientRenewProhibited","clientTransferProhibited","clientUpdateProhibited"
"19","buychevy.com","2020-05-11 19:56:38","2020-05-08","2020-05-09","2021-05-08","771","NamePal.com #8026","whois.namepal.com","http://namepal.com","Isaac Goldstein","DOMAIN MAYBE FOR SALE, CHECK AFTERNIC.COM","DOMAIN MAYBE FOR SALE, CHECK AFTERNIC.COM Level 39, One Exchange Square","Hong Kong","HONG KONG","0000","Hong Kong","namejet@isaacgoldstein.com","+420.777866662","","Isaac Goldstein","DOMAIN MAYBE FOR SALE, CHECK AFTERNIC.COM","DOMAIN MAYBE FOR SALE, CHECK AFTERNIC.COM Level 39, One Exchange Square","Hong Kong","HONG KONG","0000","Hong Kong","namejet@isaacgoldstein.com","+420.777866662","","Isaac Goldstein","DOMAIN MAYBE FOR SALE, CHECK AFTERNIC.COM","DOMAIN MAYBE FOR SALE, CHECK AFTERNIC.COM Level 39, One Exchange Square","Hong Kong","HONG KONG","0000","Hong Kong","namejet@isaacgoldstein.com","+420.777866662","","","","","","","","","","","","ns7.worldnic.com","ns8.worldnic.com","","","clientTransferProhibited","","",""
"20","camburuah.com","2020-05-11 19:55:48","2020-05-09","2020-05-09","2021-05-09","303","PDR Ltd. d/b/a PublicDomainRegistry.com","whois.publicdomainregistry.com","http://www.publicdomainregistry.com","Prof. Wanda Green","","57 Tonkin Street Tsau Chai New Territories","hong kong","status","00000","Hong Kong","stephanie_miranda_1@yahoo.com","+852.34377216","","Prof. Wanda Green","","57 Tonkin Street Tsau Chai New Territories","hong kong","status","00000","Hong Kong","stephanie_miranda_1@yahoo.com","+852.34377216","","Prof. Wanda Green","","57 Tonkin Street Tsau Chai New Territories","hong kong","status","00000","Hong Kong","stephanie_miranda_1@yahoo.com","+852.34377216","","","","","","","","","","","","dns1.bluehost.com","dns2.bluehost.com","dns3.bluehost.com","dns4.bluehost.com","clientTransferProhibited","","",""
"21","cctn-1.com","2020-05-11 19:58:08","2020-05-08","2020-05-08","2021-05-08","3393","DropCatch.com 1184 LLC","","","DotMedia Limited","DotMedia Limited","7F,Star House,3 Salisbury Road,TST,Kowloon","Hong Kong","Hong Kong","999077","Hong Kong","whoisprivacy@dotmedia.com","+852.81799956","","DotMedia Limited","DotMedia Limited","7F,Star House,3 Salisbury Road,TST,Kowloon","Hong Kong","Hong Kong","999077","Hong Kong","whoisprivacy@dotmedia.com","+852.81799956","","DotMedia Limited","DotMedia Limited","7F,Star House,3 Salisbury Road,TST,Kowloon","Hong Kong","Hong Kong","999077","Hong Kong","whoisprivacy@dotmedia.com","+852.81799956","","","","","","","","","","","","ns1.xz.com","ns2.xz.com","","","clientTransferProhibited","","",""
"22","e-cours.com","2020-05-11 19:57:42","2020-05-08","2020-05-08","2021-05-08","1769","DropCatch.com 358 LLC","whois.namebright.com","http://www.dropcatch358.com","DotMedia Limited","DotMedia Limited","7F,Star House,3 Salisbury Road,TST,Kowloon","Hong Kong","Hong Kong","999077","Hong Kong","whoisprivacy@dotmedia.com","+852.81799956","","DotMedia Limited","DotMedia Limited","7F,Star House,3 Salisbury Road,TST,Kowloon","Hong Kong","Hong Kong","999077","Hong Kong","whoisprivacy@dotmedia.com","+852.81799956","","DotMedia Limited","DotMedia Limited","7F,Star House,3 Salisbury Road,TST,Kowloon","Hong Kong","Hong Kong","999077","Hong Kong","whoisprivacy@dotmedia.com","+852.81799956","","","","","","","","","","","","ns1.maff.com","ns2.maff.com","","","clientTransferProhibited","","",""
"23","eleadenglish.com","2020-05-11 20:15:54","2020-05-09","2020-05-09","2021-05-09","146","GoDaddy.com, LLC","whois.godaddy.com","http://registrar.godaddy.com","","","","","HK","","Hong Kong","","","","","","","","","","","","","","","","","","","","","","","","","","","","","","","","","","ns15.domaincontrol.com","ns16.domaincontrol.com","","","clientDeleteProhibited","clientRenewProhibited","clientTransferProhibited","clientUpdateProhibited"
"24","feataste.com","2020-05-11 20:17:23","2020-05-09","2020-05-09","2022-05-09","146","GoDaddy.com, LLC","whois.godaddy.com","http://registrar.godaddy.com","Yi","Yi","","","Xiang Gang","","Hong Kong","","","","","","","","","","","","","","","","","","","","","","","","","","","","","","","","","","ns47.domaincontrol.com","ns48.domaincontrol.com","","","clientDeleteProhibited","clientRenewProhibited","clientTransferProhibited","clientUpdateProhibited"
"25","fpd-bd.com","2020-05-11 19:55:05","2020-05-08","2020-05-08","2021-05-08","2177","DropCatch.com 697 LLC","whois.namebright.com","http://www.dropcatch697.com","DotMedia Limited","DotMedia Limited","7F,Star House,3 Salisbury Road,TST,Kowloon","Hong Kong","Hong Kong","999077","Hong Kong","whoisprivacy@dotmedia.com","+852.81799956","","DotMedia Limited","DotMedia Limited","7F,Star House,3 Salisbury Road,TST,Kowloon","Hong Kong","Hong Kong","999077","Hong Kong","whoisprivacy@dotmedia.com","+852.81799956","","DotMedia Limited","DotMedia Limited","7F,Star House,3 Salisbury Road,TST,Kowloon","Hong Kong","Hong Kong","999077","Hong Kong","whoisprivacy@dotmedia.com","+852.81799956","","","","","","","","","","","","ns1.maff.com","ns2.maff.com","","","clientTransferProhibited","","",""
"26","fuyuan2018.com","2020-05-11 19:58:19","2020-05-08","2020-05-08","2021-05-08","2730","DropCatch.com 971 LLC","whois.namebright.com","http://www.dropcatch971.com","DotMedia Limited","DotMedia Limited","7F,Star House,3 Salisbury Road,TST,Kowloon","Hong Kong","Hong Kong","999077","Hong Kong","whoisprivacy@dotmedia.com","+852.81799956","","DotMedia Limited","DotMedia Limited","7F,Star House,3 Salisbury Road,TST,Kowloon","Hong Kong","Hong Kong","999077","Hong Kong","whoisprivacy@dotmedia.com","+852.81799956","","DotMedia Limited","DotMedia Limited","7F,Star House,3 Salisbury Road,TST,Kowloon","Hong Kong","Hong Kong","999077","Hong Kong","whoisprivacy@dotmedia.com","+852.81799956","","","","","","","","","","","","ns1.xz.com","ns2.xz.com","","","clientTransferProhibited","","",""
"27","healthypeople365.com","2020-05-11 19:56:50","2020-05-08","2020-05-10","2021-05-08","781","NamePal.com #8007","whois.namepal.com","http://namepal.com","DotMedia Limited","DotMedia Limited","7F,Star House,3 Salisbury Road,TST,Kowloon","Hong Kong","Hong Kong","999077","Hong Kong","whoisprivacy@dotmedia.com","+852.81799956","","DotMedia Limited","DotMedia Limited","7F,Star House,3 Salisbury Road,TST,Kowloon","Hong Kong","Hong Kong","999077","Hong Kong","whoisprivacy@dotmedia.com","+852.81799956","","DotMedia Limited","DotMedia Limited","7F,Star House,3 Salisbury Road,TST,Kowloon","Hong Kong","Hong Kong","999077","Hong Kong","whoisprivacy@dotmedia.com","+852.81799956","","","","","","","","","","","","ns1.maff.com","ns2.maff.com","","","OK","","",""
"28","hrbygnzyy.com","2020-05-11 19:57:56","2020-05-08","2020-05-08","2021-05-08","3372","DropCatch.com 1163 LLC","","","DotMedia Limited","DotMedia Limited","7F,Star House,3 Salisbury Road,TST,Kowloon","Hong Kong","Hong Kong","999077","Hong Kong","whoisprivacy@dotmedia.com","+852.81799956","","DotMedia Limited","DotMedia Limited","7F,Star House,3 Salisbury Road,TST,Kowloon","Hong Kong","Hong Kong","999077","Hong Kong","whoisprivacy@dotmedia.com","+852.81799956","","DotMedia Limited","DotMedia Limited","7F,Star House,3 Salisbury Road,TST,Kowloon","Hong Kong","Hong Kong","999077","Hong Kong","whoisprivacy@dotmedia.com","+852.81799956","","","","","","","","","","","","ns1.xz.com","ns2.xz.com","","","clientTransferProhibited","","",""
"29","hyiper.pro","2020-05-11 06:03:31","2020-05-09","2020-05-09","2021-05-09","146","GoDaddy.com, LLC","whois.godaddy.com","http://registrar.godaddy.com","Yuan Lang Min Zheng Shi \u52d9\u8655Da \u6a13Ting \u8eca\u5834","Yuan Lang Min Zheng Shi \u52d9\u8655Da \u6a13Ting \u8eca\u5834","","","Xiang Gang","","Hong Kong","","","","","","","","","","","","","","","","","","","","","","","","","","","","","","","","","","f1g1ns1.dnspod.net","f1g1ns2.dnspod.net","","","addPeriod","clientDeleteProhibited","clientRenewProhibited","clientTransferProhibited"
"30","it2888.com","2020-05-11 19:55:26","2020-05-08","2020-05-08","2021-05-08","2150","DropCatch.com 670 LLC","whois.namebright.com","http://www.dropcatch670.com","DotMedia Limited","DotMedia Limited","7F,Star House,3 Salisbury Road,TST,Kowloon","Hong Kong","Hong Kong","999077","Hong Kong","whoisprivacy@dotmedia.com","+852.81799956","","DotMedia Limited","DotMedia Limited","7F,Star House,3 Salisbury Road,TST,Kowloon","Hong Kong","Hong Kong","999077","Hong Kong","whoisprivacy@dotmedia.com","+852.81799956","","DotMedia Limited","DotMedia Limited","7F,Star House,3 Salisbury Road,TST,Kowloon","Hong Kong","Hong Kong","999077","Hong Kong","whoisprivacy@dotmedia.com","+852.81799956","","","","","","","","","","","","connie.ns.cloudflare.com","rudy.ns.cloudflare.com","","","clientTransferProhibited","","",""
"31","jingliang520.com","2020-05-11 19:58:38","2020-05-08","2020-05-08","2021-05-08","3405","DropCatch.com 1196 LLC","","","DotMedia Limited","DotMedia Limited","7F,Star House,3 Salisbury Road,TST,Kowloon","Hong Kong","Hong Kong","999077","Hong Kong","whoisprivacy@dotmedia.com","+852.81799956","","DotMedia Limited","DotMedia Limited","7F,Star House,3 Salisbury Road,TST,Kowloon","Hong Kong","Hong Kong","999077","Hong Kong","whoisprivacy@dotmedia.com","+852.81799956","","DotMedia Limited","DotMedia Limited","7F,Star House,3 Salisbury Road,TST,Kowloon","Hong Kong","Hong Kong","999077","Hong Kong","whoisprivacy@dotmedia.com","+852.81799956","","","","","","","","","","","","ns1.xz.com","ns2.xz.com","","","clientTransferProhibited","","",""
"32","jpshinsei.com","2020-05-11 20:06:06","2020-05-09","2020-05-09","2022-05-09","146","GoDaddy.com, LLC","whois.godaddy.com","http://registrar.godaddy.com","","","","","00000","","Hong Kong","","","","","","","","","","","","","","","","","","","","","","","","","","","","","","","","","","ns69.domaincontrol.com","ns70.domaincontrol.com","","","clientDeleteProhibited","clientRenewProhibited","clientTransferProhibited","clientUpdateProhibited"
"33","kinggardennewcastle.com","2020-05-11 19:55:54","2020-05-09","2020-05-09","2021-05-09","146","GoDaddy.com, LLC","whois.godaddy.com","http://registrar.godaddy.com","Obento Limited","Obento Limited","","","Hong Kong","","Hong Kong","","","","","","","","","","","","","","","","","","","","","","","","","","","","","","","","","","ns47.domaincontrol.com","ns48.domaincontrol.com","","","clientDeleteProhibited","clientRenewProhibited","clientTransferProhibited","clientUpdateProhibited"
"34","kizi9com.com","2020-05-11 19:56:48","2020-05-08","2020-05-10","2021-05-08","2333","Deep Dive Domains, LLC","whois.deepdivedomains.com","http://www.deepwaterdomainsllc.com","DotMedia Limited","DotMedia Limited","7F,Star House,3 Salisbury Road,TST,Kowloon","Hong Kong","Hong Kong","999077","Hong Kong","whoisprivacy@dotmedia.com","+852.81799956","","DotMedia Limited","DotMedia Limited","7F,Star House,3 Salisbury Road,TST,Kowloon","Hong Kong","Hong Kong","999077","Hong Kong","whoisprivacy@dotmedia.com","+852.81799956","","DotMedia Limited","DotMedia Limited","7F,Star House,3 Salisbury Road,TST,Kowloon","Hong Kong","Hong Kong","999077","Hong Kong","whoisprivacy@dotmedia.com","+852.81799956","","","","","","","","","","","","ns1.maff.com","ns2.maff.com","","","OK","","",""
"35","le455.com","2020-05-11 16:16:32","2020-05-11","2020-05-11","2021-05-11","146","GoDaddy.com, LLC","whois.godaddy.com","http://registrar.godaddy.com","","","","","HK","","Hong Kong","","","","","","","","","","","","","","","","","","","","","","","","","","","","","","","","","","ns13.domaincontrol.com","ns14.domaincontrol.com","","","clientDeleteProhibited","clientRenewProhibited","clientTransferProhibited","clientUpdateProhibited"
"36","lemon-nade.com","2020-05-11 19:54:59","2020-05-08","2020-05-08","2021-05-08","3270","DropCatch.com 1061 LLC","","","DotMedia Limited","DotMedia Limited","7F,Star House,3 Salisbury Road,TST,Kowloon","Hong Kong","Hong Kong","999077","Hong Kong","whoisprivacy@dotmedia.com","+852.81799956","","DotMedia Limited","DotMedia Limited","7F,Star House,3 Salisbury Road,TST,Kowloon","Hong Kong","Hong Kong","999077","Hong Kong","whoisprivacy@dotmedia.com","+852.81799956","","DotMedia Limited","DotMedia Limited","7F,Star House,3 Salisbury Road,TST,Kowloon","Hong Kong","Hong Kong","999077","Hong Kong","whoisprivacy@dotmedia.com","+852.81799956","","","","","","","","","","","","ns1.maff.com","ns2.maff.com","","","clientTransferProhibited","","",""
"37","les-pleiades-flaine.com","2020-05-11 19:58:01","2020-05-08","2020-05-08","2021-05-08","3622","DropCatch.com 1413 LLC","","","DotMedia Limited","DotMedia Limited","7F,Star House,3 Salisbury Road,TST,Kowloon","Hong Kong","Hong Kong","999077","Hong Kong","whoisprivacy@dotmedia.com","+852.81799956","","DotMedia Limited","DotMedia Limited","7F,Star House,3 Salisbury Road,TST,Kowloon","Hong Kong","Hong Kong","999077","Hong Kong","whoisprivacy@dotmedia.com","+852.81799956","","DotMedia Limited","DotMedia Limited","7F,Star House,3 Salisbury Road,TST,Kowloon","Hong Kong","Hong Kong","999077","Hong Kong","whoisprivacy@dotmedia.com","+852.81799956","","","","","","","","","","","","ns1.maff.com","ns2.maff.com","","","clientTransferProhibited","","",""
"38","lnnlkj.com","2020-05-11 19:57:55","2020-05-08","2020-05-08","2021-05-08","3378","DropCatch.com 1169 LLC","","","DotMedia Limited","DotMedia Limited","7F,Star House,3 Salisbury Road,TST,Kowloon","Hong Kong","Hong Kong","999077","Hong Kong","whoisprivacy@dotmedia.com","+852.81799956","","DotMedia Limited","DotMedia Limited","7F,Star House,3 Salisbury Road,TST,Kowloon","Hong Kong","Hong Kong","999077","Hong Kong","whoisprivacy@dotmedia.com","+852.81799956","","DotMedia Limited","DotMedia Limited","7F,Star House,3 Salisbury Road,TST,Kowloon","Hong Kong","Hong Kong","999077","Hong Kong","whoisprivacy@dotmedia.com","+852.81799956","","","","","","","","","","","","ns1.maff.com","ns2.maff.com","","","clientTransferProhibited","","",""
"39","lossreserving.com","2020-05-11 19:58:32","2020-05-08","2020-05-08","2021-05-08","2700","DropCatch.com 941 LLC","whois.namebright.com","http://www.dropcatch941.com","DotMedia Limited","DotMedia Limited","7F,Star House,3 Salisbury Road,TST,Kowloon","Hong Kong","Hong Kong","999077","Hong Kong","whoisprivacy@dotmedia.com","+852.81799956","","DotMedia Limited","DotMedia Limited","7F,Star House,3 Salisbury Road,TST,Kowloon","Hong Kong","Hong Kong","999077","Hong Kong","whoisprivacy@dotmedia.com","+852.81799956","","DotMedia Limited","DotMedia Limited","7F,Star House,3 Salisbury Road,TST,Kowloon","Hong Kong","Hong Kong","999077","Hong Kong","whoisprivacy@dotmedia.com","+852.81799956","","","","","","","","","","","","ns1.maff.com","ns2.maff.com","","","clientTransferProhibited","","",""
"40","lynzaus.com","2020-05-11 19:58:10","2020-05-08","2020-05-10","2021-05-08","2900","Wide Left Domains LLC","whois.wideleftdomainsllc.com","http://www.wideleftdomainsllc.com","DotMedia Limited","DotMedia Limited","7F,Star House,3 Salisbury Road,TST,Kowloon","Hong Kong","Hong Kong","999077","Hong Kong","whoisprivacy@dotmedia.com","+852.81799956","","DotMedia Limited","DotMedia Limited","7F,Star House,3 Salisbury Road,TST,Kowloon","Hong Kong","Hong Kong","999077","Hong Kong","whoisprivacy@dotmedia.com","+852.81799956","","DotMedia Limited","DotMedia Limited","7F,Star House,3 Salisbury Road,TST,Kowloon","Hong Kong","Hong Kong","999077","Hong Kong","whoisprivacy@dotmedia.com","+852.81799956","","","","","","","","","","","","ns1.xz.com","ns2.xz.com","","","OK","","",""
"41","lyolnhcl.com","2020-05-11 19:57:59","2020-05-08","2020-05-08","2021-05-08","3363","DropCatch.com 1154 LLC","","","DotMedia Limited","DotMedia Limited","7F,Star House,3 Salisbury Road,TST,Kowloon","Hong Kong","Hong Kong","999077","Hong Kong","whoisprivacy@dotmedia.com","+852.81799956","","DotMedia Limited","DotMedia Limited","7F,Star House,3 Salisbury Road,TST,Kowloon","Hong Kong","Hong Kong","999077","Hong Kong","whoisprivacy@dotmedia.com","+852.81799956","","DotMedia Limited","DotMedia Limited","7F,Star House,3 Salisbury Road,TST,Kowloon","Hong Kong","Hong Kong","999077","Hong Kong","whoisprivacy@dotmedia.com","+852.81799956","","","","","","","","","","","","ns1.xz.com","ns2.xz.com","","","clientTransferProhibited","","",""
"42","manyanarts.com","2020-05-11 19:58:38","2020-05-08","2020-05-10","2021-05-08","2845","Exclusive Domain Find LLC","whois.exclusivedomainfindllc.com","http://www.exclusivedomainfindllc.com","DotMedia Limited","DotMedia Limited","7F,Star House,3 Salisbury Road,TST,Kowloon","Hong Kong","Hong Kong","999077","Hong Kong","whoisprivacy@dotmedia.com","+852.81799956","","DotMedia Limited","DotMedia Limited","7F,Star House,3 Salisbury Road,TST,Kowloon","Hong Kong","Hong Kong","999077","Hong Kong","whoisprivacy@dotmedia.com","+852.81799956","","DotMedia Limited","DotMedia Limited","7F,Star House,3 Salisbury Road,TST,Kowloon","Hong Kong","Hong Kong","999077","Hong Kong","whoisprivacy@dotmedia.com","+852.81799956","","","","","","","","","","","","ns1.xz.com","ns2.xz.com","","","OK","","",""
"43","meadjohnsonbaby.com","2020-05-11 19:55:35","2020-05-08","2020-05-08","2021-05-08","1987","DropCatch.com 507 LLC","whois.namebright.com","http://www.dropcatch507.com","DotMedia Limited","DotMedia Limited","7F,Star House,3 Salisbury Road,TST,Kowloon","Hong Kong","Hong Kong","999077","Hong Kong","whoisprivacy@dotmedia.com","+852.81799956","","DotMedia Limited","DotMedia Limited","7F,Star House,3 Salisbury Road,TST,Kowloon","Hong Kong","Hong Kong","999077","Hong Kong","whoisprivacy@dotmedia.com","+852.81799956","","DotMedia Limited","DotMedia Limited","7F,Star House,3 Salisbury Road,TST,Kowloon","Hong Kong","Hong Kong","999077","Hong Kong","whoisprivacy@dotmedia.com","+852.81799956","","","","","","","","","","","","ns1.maff.com","ns2.maff.com","","","clientTransferProhibited","","",""
"44","mic1314.com","2020-05-11 19:58:25","2020-05-08","2020-05-08","2021-05-08","3496","DropCatch.com 1287 LLC","","","DotMedia Limited","DotMedia Limited","7F,Star House,3 Salisbury Road,TST,Kowloon","Hong Kong","Hong Kong","999077","Hong Kong","whoisprivacy@dotmedia.com","+852.81799956","","DotMedia Limited","DotMedia Limited","7F,Star House,3 Salisbury Road,TST,Kowloon","Hong Kong","Hong Kong","999077","Hong Kong","whoisprivacy@dotmedia.com","+852.81799956","","DotMedia Limited","DotMedia Limited","7F,Star House,3 Salisbury Road,TST,Kowloon","Hong Kong","Hong Kong","999077","Hong Kong","whoisprivacy@dotmedia.com","+852.81799956","","","","","","","","","","","","ns1.maff.com","ns2.maff.com","","","clientTransferProhibited","","",""
"45","mycharminglocket.com","2020-05-11 19:58:20","2020-05-08","2020-05-08","2021-05-08","2659","DropCatch.com 900 LLC","whois.namebright.com","http://www.namebright.com","DotMedia Limited","DotMedia Limited","7F,Star House,3 Salisbury Road,TST,Kowloon","Hong Kong","Hong Kong","999077","Hong Kong","whoisprivacy@dotmedia.com","+852.81799956","","DotMedia Limited","DotMedia Limited","7F,Star House,3 Salisbury Road,TST,Kowloon","Hong Kong","Hong Kong","999077","Hong Kong","whoisprivacy@dotmedia.com","+852.81799956","","DotMedia Limited","DotMedia Limited","7F,Star House,3 Salisbury Road,TST,Kowloon","Hong Kong","Hong Kong","999077","Hong Kong","whoisprivacy@dotmedia.com","+852.81799956","","","","","","","","","","","","ns1.maff.com","ns2.maff.com","","","clientTransferProhibited","","",""
"46","nangu-design.com","2020-05-11 19:58:16","2020-05-08","2020-05-08","2021-05-08","3567","DropCatch.com 1358 LLC","","","DotMedia Limited","DotMedia Limited","7F,Star House,3 Salisbury Road,TST,Kowloon","Hong Kong","Hong Kong","999077","Hong Kong","whoisprivacy@dotmedia.com","+852.81799956","","DotMedia Limited","DotMedia Limited","7F,Star House,3 Salisbury Road,TST,Kowloon","Hong Kong","Hong Kong","999077","Hong Kong","whoisprivacy@dotmedia.com","+852.81799956","","DotMedia Limited","DotMedia Limited","7F,Star House,3 Salisbury Road,TST,Kowloon","Hong Kong","Hong Kong","999077","Hong Kong","whoisprivacy@dotmedia.com","+852.81799956","","","","","","","","","","","","ns1.xz.com","ns2.xz.com","","","clientTransferProhibited","","",""
"47","nbqingzhiwu.com","2020-05-11 19:57:57","2020-05-08","2020-05-08","2021-05-08","3668","DropCatch.com 1459 LLC","","","DotMedia Limited","DotMedia Limited","7F,Star House,3 Salisbury Road,TST,Kowloon","Hong Kong","Hong Kong","999077","Hong Kong","whoisprivacy@dotmedia.com","+852.81799956","","DotMedia Limited","DotMedia Limited","7F,Star House,3 Salisbury Road,TST,Kowloon","Hong Kong","Hong Kong","999077","Hong Kong","whoisprivacy@dotmedia.com","+852.81799956","","DotMedia Limited","DotMedia Limited","7F,Star House,3 Salisbury Road,TST,Kowloon","Hong Kong","Hong Kong","999077","Hong Kong","whoisprivacy@dotmedia.com","+852.81799956","","","","","","","","","","","","ns1.xz.com","ns2.xz.com","","","clientTransferProhibited","","",""
"48","nhribao.com","2020-05-11 19:58:36","2020-05-08","2020-05-08","2021-05-08","1948","DropCatch.com 468 LLC","whois.namebright.com","http://www.dropcatch468.com","DotMedia Limited","DotMedia Limited","7F,Star House,3 Salisbury Road,TST,Kowloon","Hong Kong","Hong Kong","999077","Hong Kong","whoisprivacy@dotmedia.com","+852.81799956","","DotMedia Limited","DotMedia Limited","7F,Star House,3 Salisbury Road,TST,Kowloon","Hong Kong","Hong Kong","999077","Hong Kong","whoisprivacy@dotmedia.com","+852.81799956","","DotMedia Limited","DotMedia Limited","7F,Star House,3 Salisbury Road,TST,Kowloon","Hong Kong","Hong Kong","999077","Hong Kong","whoisprivacy@dotmedia.com","+852.81799956","","","","","","","","","","","","ns1.xz.com","ns2.xz.com","","","clientTransferProhibited","","",""
"49","nmgspaqnh.com","2020-05-11 19:58:32","2020-05-08","2020-05-08","2021-05-08","1799","DropCatch.com 388 LLC","whois.namebright.com","http://www.dropcatch388.com","DotMedia Limited","DotMedia Limited","7F,Star House,3 Salisbury Road,TST,Kowloon","Hong Kong","Hong Kong","999077","Hong Kong","whoisprivacy@dotmedia.com","+852.81799956","","DotMedia Limited","DotMedia Limited","7F,Star House,3 Salisbury Road,TST,Kowloon","Hong Kong","Hong Kong","999077","Hong Kong","whoisprivacy@dotmedia.com","+852.81799956","","DotMedia Limited","DotMedia Limited","7F,Star House,3 Salisbury Road,TST,Kowloon","Hong Kong","Hong Kong","999077","Hong Kong","whoisprivacy@dotmedia.com","+852.81799956","","","","","","","","","","","","ns1.xz.com","ns2.xz.com","","","clientTransferProhibited","","",""
"50","pageantfest.com","2020-05-11 19:56:46","2020-05-08","2020-05-08","2021-05-08","1929","DropCatch.com 449 LLC","whois.namebright.com","http://www.dropcatch449.com","Isaac Goldstein","DOMAIN FOR SALE CHECK AFTERNIC.COM","Level 39, One Exchange Square, 8 Connaught Place","Hong Kong","NNO","0000","Hong Kong","domains@isaacgoldstein.com","+420.777866662","","Isaac Goldstein","DOMAIN FOR SALE CHECK AFTERNIC.COM","Level 39, One Exchange Square, 8 Connaught Place","Hong Kong","NNO","0000","Hong Kong","domains@isaacgoldstein.com","+420.777866662","","Isaac Goldstein","DOMAIN FOR SALE CHECK AFTERNIC.COM","Level 39, One Exchange Square, 8 Connaught Place","Hong Kong","NNO","0000","Hong Kong","domains@isaacgoldstein.com","+420.777866662","","","","","","","","","","","","ns1.mfk1.com","ns2.mfk1.com","","","clientTransferProhibited","","",""
"51","qingyun8023.com","2020-05-11 19:58:26","2020-05-08","2020-05-08","2021-05-08","3571","DropCatch.com 1362 LLC","","","DotMedia Limited","DotMedia Limited","7F,Star House,3 Salisbury Road,TST,Kowloon","Hong Kong","Hong Kong","999077","Hong Kong","whoisprivacy@dotmedia.com","+852.81799956","","DotMedia Limited","DotMedia Limited","7F,Star House,3 Salisbury Road,TST,Kowloon","Hong Kong","Hong Kong","999077","Hong Kong","whoisprivacy@dotmedia.com","+852.81799956","","DotMedia Limited","DotMedia Limited","7F,Star House,3 Salisbury Road,TST,Kowloon","Hong Kong","Hong Kong","999077","Hong Kong","whoisprivacy@dotmedia.com","+852.81799956","","","","","","","","","","","","ns1.xz.com","ns2.xz.com","","","clientTransferProhibited","","",""
"52","qingyunshy.com","2020-05-11 19:58:23","2020-05-08","2020-05-08","2021-05-08","1950","DropCatch.com 470 LLC","whois.namebright.com","http://www.dropcatch470.com","DotMedia Limited","DotMedia Limited","7F,Star House,3 Salisbury Road,TST,Kowloon","Hong Kong","Hong Kong","999077","Hong Kong","whoisprivacy@dotmedia.com","+852.81799956","","DotMedia Limited","DotMedia Limited","7F,Star House,3 Salisbury Road,TST,Kowloon","Hong Kong","Hong Kong","999077","Hong Kong","whoisprivacy@dotmedia.com","+852.81799956","","DotMedia Limited","DotMedia Limited","7F,Star House,3 Salisbury Road,TST,Kowloon","Hong Kong","Hong Kong","999077","Hong Kong","whoisprivacy@dotmedia.com","+852.81799956","","","","","","","","","","","","ns1.xz.com","ns2.xz.com","","","clientTransferProhibited","","",""
"53","sallyfosterinc.com","2020-05-11 19:58:27","2020-05-08","2020-05-08","2021-05-08","3449","DropCatch.com 1240 LLC","","","Isaac Goldstein","DOMAIN FOR SALE CHECK AFTERNIC.COM","Level 39, One Exchange Square, 8 Connaught Place","Hong Kong","NNO","0000","Hong Kong","domains@isaacgoldstein.com","+420.777866662","","Isaac Goldstein","DOMAIN FOR SALE CHECK AFTERNIC.COM","Level 39, One Exchange Square, 8 Connaught Place","Hong Kong","NNO","0000","Hong Kong","domains@isaacgoldstein.com","+420.777866662","","Isaac Goldstein","DOMAIN FOR SALE CHECK AFTERNIC.COM","Level 39, One Exchange Square, 8 Connaught Place","Hong Kong","NNO","0000","Hong Kong","domains@isaacgoldstein.com","+420.777866662","","","","","","","","","","","","ns1.mfk1.com","ns2.mfk1.com","","","clientTransferProhibited","","",""
"54","sdautothrift.com","2020-05-11 19:55:06","2020-05-08","2020-05-08","2021-05-08","3294","DropCatch.com 1085 LLC","","","Isaac Goldstein","DOMAIN FOR SALE CHECK AFTERNIC.COM","Level 39, One Exchange Square, 8 Connaught Place","Hong Kong","NNO","0000","Hong Kong","domains@isaacgoldstein.com","+420.777866662","","Isaac Goldstein","DOMAIN FOR SALE CHECK AFTERNIC.COM","Level 39, One Exchange Square, 8 Connaught Place","Hong Kong","NNO","0000","Hong Kong","domains@isaacgoldstein.com","+420.777866662","","Isaac Goldstein","DOMAIN FOR SALE CHECK AFTERNIC.COM","Level 39, One Exchange Square, 8 Connaught Place","Hong Kong","NNO","0000","Hong Kong","domains@isaacgoldstein.com","+420.777866662","","","","","","","","","","","","ns1.mfk1.com","ns2.mfk1.com","","","clientTransferProhibited","","",""
"55","sdzhangyuan.com","2020-05-11 19:58:28","2020-05-08","2020-05-08","2021-05-08","3572","DropCatch.com 1363 LLC","","","DotMedia Limited","DotMedia Limited","7F,Star House,3 Salisbury Road,TST,Kowloon","Hong Kong","Hong Kong","999077","Hong Kong","whoisprivacy@dotmedia.com","+852.81799956","","DotMedia Limited","DotMedia Limited","7F,Star House,3 Salisbury Road,TST,Kowloon","Hong Kong","Hong Kong","999077","Hong Kong","whoisprivacy@dotmedia.com","+852.81799956","","DotMedia Limited","DotMedia Limited","7F,Star House,3 Salisbury Road,TST,Kowloon","Hong Kong","Hong Kong","999077","Hong Kong","whoisprivacy@dotmedia.com","+852.81799956","","","","","","","","","","","","ns1.xz.com","ns2.xz.com","","","clientTransferProhibited","","",""
"56","shgjshgj.com","2020-05-11 20:07:09","2020-05-09","2020-05-09","2021-05-09","146","GoDaddy.com, LLC","whois.godaddy.com","http://registrar.godaddy.com","","","","","AR","","Hong Kong","","","","","","","","","","","","","","","","","","","","","","","","","","","","","","","","","","ns1.alidns.com","ns2.alidns.com","","","clientDeleteProhibited","clientRenewProhibited","clientTransferProhibited","clientUpdateProhibited"
"57","shwycs.com","2020-05-11 19:58:19","2020-05-08","2020-05-10","2021-05-08","1063","EnomMx, Inc.","whois.publicinterestregistry.net","http://www.enommx.com","DotMedia Limited","DotMedia Limited","7F,Star House,3 Salisbury Road,TST,Kowloon","Hong Kong","Hong Kong","999077","Hong Kong","whoisprivacy@dotmedia.com","+852.81799956","","DotMedia Limited","DotMedia Limited","7F,Star House,3 Salisbury Road,TST,Kowloon","Hong Kong","Hong Kong","999077","Hong Kong","whoisprivacy@dotmedia.com","+852.81799956","","DotMedia Limited","DotMedia Limited","7F,Star House,3 Salisbury Road,TST,Kowloon","Hong Kong","Hong Kong","999077","Hong Kong","whoisprivacy@dotmedia.com","+852.81799956","","","","","","","","","","","","ns1.xz.com","ns2.xz.com","","","OK","","",""
"58","skateonehk.com","2020-05-11 20:06:27","2020-05-09","2020-05-09","2021-05-09","48","eNom, Inc.","whois.enom.com","http://www.enom.com","REDACTED FOR PRIVACY","REDACTED FOR PRIVACY","REDACTED FOR PRIVACY","REDACTED FOR PRIVACY","REDACTED FOR PRIVACY","REDACTED FOR PRIVACY","Hong Kong","","REDACTED FOR PRIVACY","REDACTED FOR PRIVACY","REDACTED FOR PRIVACY","REDACTED FOR PRIVACY","REDACTED FOR PRIVACY","REDACTED FOR PRIVACY","REDACTED FOR PRIVACY","REDACTED FOR PRIVACY","REDACTED FOR PRIVACY","","REDACTED FOR PRIVACY","REDACTED FOR PRIVACY","REDACTED FOR PRIVACY","REDACTED FOR PRIVACY","REDACTED FOR PRIVACY","REDACTED FOR PRIVACY","REDACTED FOR PRIVACY","REDACTED FOR PRIVACY","REDACTED FOR PRIVACY","","REDACTED FOR PRIVACY","REDACTED FOR PRIVACY","","","","","","","","","","","ns1.waibong.net","ns2.waibong.net","","","addPeriod","clientTransferProhibited","",""
"59","smartcleanup.mobi","2020-05-11 03:47:43","2020-05-09","2020-05-09","2021-05-09","303","PDR Ltd. d/b/a PublicDomainRegistry.com","whois.publicdomainregistry.com","http://www.publicdomainregistry.com","Roberts Pet Ltd","Roberts Pet Ltd","","","Not Applicable","","Hong Kong","","","","","","","","","","","","","","","","","","","","","","","","","","","","","","","","","","natsavpanel.earth.orderbox-dns.com","natsavpanel.mars.orderbox-dns.com","natsavpanel.mercury.orderbox-dns.com","natsavpanel.venus.orderbox-dns.com","addPeriod","clientTransferProhibited","serverTransferProhibited",""
"60","smartscenter.mobi","2020-05-11 03:47:43","2020-05-09","2020-05-09","2021-05-09","303","PDR Ltd. d/b/a PublicDomainRegistry.com","whois.publicdomainregistry.com","http://www.publicdomainregistry.com","Roberts Pet Ltd","Roberts Pet Ltd","","","Not Applicable","","Hong Kong","","","","","","","","","","","","","","","","","","","","","","","","","","","","","","","","","","natsavpanel.earth.orderbox-dns.com","natsavpanel.mars.orderbox-dns.com","natsavpanel.mercury.orderbox-dns.com","natsavpanel.venus.orderbox-dns.com","addPeriod","clientTransferProhibited","serverTransferProhibited",""
"61","smartwinapp.mobi","2020-05-11 03:47:43","2020-05-09","2020-05-09","2021-05-09","303","PDR Ltd. d/b/a PublicDomainRegistry.com","whois.publicdomainregistry.com","http://www.publicdomainregistry.com","Roberts Pet Ltd","Roberts Pet Ltd","","","Not Applicable","","Hong Kong","","","","","","","","","","","","","","","","","","","","","","","","","","","","","","","","","","natsavpanel.earth.orderbox-dns.com","natsavpanel.mars.orderbox-dns.com","natsavpanel.mercury.orderbox-dns.com","natsavpanel.venus.orderbox-dns.com","addPeriod","clientTransferProhibited","serverTransferProhibited",""
"62","sn0775.com","2020-05-11 19:45:48","2020-05-11","2020-05-11","2021-05-11","146","GoDaddy.com, LLC","whois.godaddy.com","http://registrar.godaddy.com","","","","","Jiu Long","","Hong Kong","","","","","","","","","","","","","","","","","","","","","","","","","","","","","","","","","","ns25.domaincontrol.com","ns26.domaincontrol.com","","","clientDeleteProhibited","clientRenewProhibited","clientTransferProhibited","clientUpdateProhibited"
"63","staybeautyhk.com","2020-05-11 20:06:33","2020-05-09","2020-05-09","2021-05-09","48","eNom, Inc.","whois.enom.com","http://www.enom.com","REDACTED FOR PRIVACY","REDACTED FOR PRIVACY","REDACTED FOR PRIVACY","REDACTED FOR PRIVACY","REDACTED FOR PRIVACY","REDACTED FOR PRIVACY","Hong Kong","","REDACTED FOR PRIVACY","REDACTED FOR PRIVACY","REDACTED FOR PRIVACY","REDACTED FOR PRIVACY","REDACTED FOR PRIVACY","REDACTED FOR PRIVACY","REDACTED FOR PRIVACY","REDACTED FOR PRIVACY","REDACTED FOR PRIVACY","","REDACTED FOR PRIVACY","REDACTED FOR PRIVACY","REDACTED FOR PRIVACY","REDACTED FOR PRIVACY","REDACTED FOR PRIVACY","REDACTED FOR PRIVACY","REDACTED FOR PRIVACY","REDACTED FOR PRIVACY","REDACTED FOR PRIVACY","","REDACTED FOR PRIVACY","REDACTED FOR PRIVACY","","","","","","","","","","","ns1.waibong.net","ns2.waibong.net","","","addPeriod","clientTransferProhibited","",""
"64","stepcoinltd.com","2020-05-11 20:06:38","2020-05-09","2020-05-09","2021-05-09","420","HiChina Zhicheng Technology Limited","grs-whois.hichina.com","http://www.net.cn","","","","","Xiang Gang","","Hong Kong","","","","","","","","","","","","","","","","","","","","","","","","","","","","","","","","","","ns-1252.awsdns-28.org","ns-2017.awsdns-60.co.uk","ns-426.awsdns-53.com","ns-892.awsdns-47.net","OK","","",""
"65","thecheatersguild.com","2020-05-11 19:56:54","2020-05-08","2020-05-08","2021-05-08","3752","DropCatch.com 1543 LLC","","","DotMedia Limited","DotMedia Limited","7F,Star House,3 Salisbury Road,TST,Kowloon","Hong Kong","Hong Kong","999077","Hong Kong","whoisprivacy@dotmedia.com","+852.81799956","","DotMedia Limited","DotMedia Limited","7F,Star House,3 Salisbury Road,TST,Kowloon","Hong Kong","Hong Kong","999077","Hong Kong","whoisprivacy@dotmedia.com","+852.81799956","","DotMedia Limited","DotMedia Limited","7F,Star House,3 Salisbury Road,TST,Kowloon","Hong Kong","Hong Kong","999077","Hong Kong","whoisprivacy@dotmedia.com","+852.81799956","","","","","","","","","","","","ns1.maff.com","ns2.maff.com","","","clientTransferProhibited","","",""
"66","turkeyspleasant.com","2020-05-11 19:55:15","2020-05-09","","2021-05-09","1068","NameCheap, Inc.","whois.namecheap.com","http://www.namecheap.com","Domain Administrator","Vertous Incorporated","31 Chinachem Century Tower 178 Gloucester Rd","Hong Kong","Hong Kong","00000","Hong Kong","contact@focus.media","+1.8445859226","","Domain Administrator","Vertous Incorporated","31 Chinachem Century Tower 178 Gloucester Rd","Hong Kong","Hong Kong","00000","Hong Kong","contact@focus.media","+1.8445859226","","Domain Administrator","Vertous Incorporated","31 Chinachem Century Tower 178 Gloucester Rd","Hong Kong","Hong Kong","00000","Hong Kong","contact@focus.media","+1.8445859226","","","","","","","","","","","","dns1.registrar-servers.com","dns2.registrar-servers.com","","","addPeriod","clientTransferProhibited","",""
"67","tutified.com","2020-05-11 20:07:15","2020-05-09","2020-05-09","2021-05-09","146","GoDaddy.com, LLC","whois.godaddy.com","http://registrar.godaddy.com","","","","","","","Hong Kong","","","","","","","","","","","","","","","","","","","","","","","","","","","","","","","","","","ns55.domaincontrol.com","ns56.domaincontrol.com","","","clientDeleteProhibited","clientRenewProhibited","clientTransferProhibited","clientUpdateProhibited"
"68","tzhyjz.com","2020-05-11 19:58:20","2020-05-08","2020-05-08","2021-05-08","1855","DropCatch.com 444 LLC","whois.namebright.com","http://www.dropcatch444.com","DotMedia Limited","DotMedia Limited","7F,Star House,3 Salisbury Road,TST,Kowloon","Hong Kong","Hong Kong","999077","Hong Kong","whoisprivacy@dotmedia.com","+852.81799956","","DotMedia Limited","DotMedia Limited","7F,Star House,3 Salisbury Road,TST,Kowloon","Hong Kong","Hong Kong","999077","Hong Kong","whoisprivacy@dotmedia.com","+852.81799956","","DotMedia Limited","DotMedia Limited","7F,Star House,3 Salisbury Road,TST,Kowloon","Hong Kong","Hong Kong","999077","Hong Kong","whoisprivacy@dotmedia.com","+852.81799956","","","","","","","","","","","","ns1.maff.com","ns2.maff.com","","","clientTransferProhibited","","",""
"69","udouwang.com","2020-05-11 19:58:39","2020-05-08","2020-05-09","2021-05-08","1050","Enom4, Inc.","whois.enom4.com","http://www.enom4.com","DotMedia Limited","DotMedia Limited","7F,Star House,3 Salisbury Road,TST,Kowloon","Hong Kong","Hong Kong","999077","Hong Kong","whoisprivacy@dotmedia.com","+852.81799956","","DotMedia Limited","DotMedia Limited","7F,Star House,3 Salisbury Road,TST,Kowloon","Hong Kong","Hong Kong","999077","Hong Kong","whoisprivacy@dotmedia.com","+852.81799956","","DotMedia Limited","DotMedia Limited","7F,Star House,3 Salisbury Road,TST,Kowloon","Hong Kong","Hong Kong","999077","Hong Kong","whoisprivacy@dotmedia.com","+852.81799956","","","","","","","","","","","","ns1.maff.com","ns2.maff.com","","","OK","","",""
"70","ui-xuan.com","2020-05-11 19:56:57","2020-05-08","2020-05-08","2021-05-08","2671","DropCatch.com 912 LLC","whois.namebright.com","http://www.namebright.com","DotMedia Limited","DotMedia Limited","7F,Star House,3 Salisbury Road,TST,Kowloon","Hong Kong","Hong Kong","999077","Hong Kong","whoisprivacy@dotmedia.com","+852.81799956","","DotMedia Limited","DotMedia Limited","7F,Star House,3 Salisbury Road,TST,Kowloon","Hong Kong","Hong Kong","999077","Hong Kong","whoisprivacy@dotmedia.com","+852.81799956","","DotMedia Limited","DotMedia Limited","7F,Star House,3 Salisbury Road,TST,Kowloon","Hong Kong","Hong Kong","999077","Hong Kong","whoisprivacy@dotmedia.com","+852.81799956","","","","","","","","","","","","ns1.xz.com","ns2.xz.com","","","clientTransferProhibited","","",""
"71","umemilton.com","2020-05-11 19:55:53","2020-05-09","2020-05-09","2021-05-09","146","GoDaddy.com, LLC","whois.godaddy.com","http://registrar.godaddy.com","Obento Limited","Obento Limited","","","Hong Kong","","Hong Kong","","","","","","","","","","","","","","","","","","","","","","","","","","","","","","","","","","ns69.domaincontrol.com","ns70.domaincontrol.com","","","clientDeleteProhibited","clientRenewProhibited","clientTransferProhibited","clientUpdateProhibited"
"72","uqtest.com","2020-05-11 20:11:37","2020-05-09","2020-05-09","2021-05-09","146","GoDaddy.com, LLC","whois.godaddy.com","http://registrar.godaddy.com","","","","","Hong Kong","","Hong Kong","","","","","","","","","","","","","","","","","","","","","","","","","","","","","","","","","","pdns11.domaincontrol.com","pdns12.domaincontrol.com","","","clientDeleteProhibited","clientRenewProhibited","clientTransferProhibited","clientUpdateProhibited"
"73","veggiesharing.com","2020-05-11 20:05:08","2020-05-09","2020-05-09","2022-05-09","146","GoDaddy.com, LLC","whois.godaddy.com","http://registrar.godaddy.com","","","","","Hong Kong","","Hong Kong","","","","","","","","","","","","","","","","","","","","","","","","","","","","","","","","","","ns59.domaincontrol.com","ns60.domaincontrol.com","","","clientDeleteProhibited","clientRenewProhibited","clientTransferProhibited","clientUpdateProhibited"
"74","warfalcons.com","2020-05-11 19:58:06","2020-05-08","2020-05-08","2021-05-08","2116","DropCatch.com 636 LLC","whois.namebright.com","http://www.dropcatch636.com","Isaac Goldstein","DOMAIN FOR SALE CHECK AFTERNIC.COM","Level 39, One Exchange Square, 8 Connaught Place","Hong Kong","NNO","0000","Hong Kong","domains@isaacgoldstein.com","+420.777866662","","Isaac Goldstein","DOMAIN FOR SALE CHECK AFTERNIC.COM","Level 39, One Exchange Square, 8 Connaught Place","Hong Kong","NNO","0000","Hong Kong","domains@isaacgoldstein.com","+420.777866662","","Isaac Goldstein","DOMAIN FOR SALE CHECK AFTERNIC.COM","Level 39, One Exchange Square, 8 Connaught Place","Hong Kong","NNO","0000","Hong Kong","domains@isaacgoldstein.com","+420.777866662","","","","","","","","","","","","ns1.mfk1.com","ns2.mfk1.com","","","clientTransferProhibited","","",""
"75","winnipegchineseforum.com","2020-05-11 19:58:23","2020-05-08","2020-05-10","2021-05-08","2861","Name Connection Area LLC","whois.nameconnectionareallc.com","http://www.networksolutions.com","DotMedia Limited","DotMedia Limited","7F,Star House,3 Salisbury Road,TST,Kowloon","Hong Kong","Hong Kong","999077","Hong Kong","whoisprivacy@dotmedia.com","+852.81799956","","DotMedia Limited","DotMedia Limited","7F,Star House,3 Salisbury Road,TST,Kowloon","Hong Kong","Hong Kong","999077","Hong Kong","whoisprivacy@dotmedia.com","+852.81799956","","DotMedia Limited","DotMedia Limited","7F,Star House,3 Salisbury Road,TST,Kowloon","Hong Kong","Hong Kong","999077","Hong Kong","whoisprivacy@dotmedia.com","+852.81799956","","","","","","","","","","","","ns1.maff.com","ns2.maff.com","","","OK","","",""
"76","wuware.com","2020-05-11 17:20:53","2020-05-11","2020-05-11","2021-05-11","146","GoDaddy.com, LLC","whois.godaddy.com","http://registrar.godaddy.com","","","","","Hong Kong","","Hong Kong","","","","","","","","","","","","","","","","","","","","","","","","","","","","","","","","","","pdns09.domaincontrol.com","pdns10.domaincontrol.com","","","clientDeleteProhibited","clientRenewProhibited","clientTransferProhibited","clientUpdateProhibited"
"77","xetest.com","2020-05-11 20:10:27","2020-05-09","2020-05-09","2021-05-09","146","GoDaddy.com, LLC","whois.godaddy.com","http://registrar.godaddy.com","","","","","Hong Kong","","Hong Kong","","","","","","","","","","","","","","","","","","","","","","","","","","","","","","","","","","pdns11.domaincontrol.com","pdns12.domaincontrol.com","","","clientDeleteProhibited","clientRenewProhibited","clientTransferProhibited","clientUpdateProhibited"
"78","xgshgjshgj.com","2020-05-11 20:07:54","2020-05-09","2020-05-09","2021-05-09","146","GoDaddy.com, LLC","whois.godaddy.com","http://registrar.godaddy.com","","","","","AR","","Hong Kong","","","","","","","","","","","","","","","","","","","","","","","","","","","","","","","","","","ns1.alidns.com","ns2.alidns.com","","","clientDeleteProhibited","clientRenewProhibited","clientTransferProhibited","clientUpdateProhibited"
"79","xingtianchem.com","2020-05-11 19:58:21","2020-05-08","2020-05-08","2021-05-08","3331","DropCatch.com 1122 LLC","","","DotMedia Limited","DotMedia Limited","7F,Star House,3 Salisbury Road,TST,Kowloon","Hong Kong","Hong Kong","999077","Hong Kong","whoisprivacy@dotmedia.com","+852.81799956","","DotMedia Limited","DotMedia Limited","7F,Star House,3 Salisbury Road,TST,Kowloon","Hong Kong","Hong Kong","999077","Hong Kong","whoisprivacy@dotmedia.com","+852.81799956","","DotMedia Limited","DotMedia Limited","7F,Star House,3 Salisbury Road,TST,Kowloon","Hong Kong","Hong Kong","999077","Hong Kong","whoisprivacy@dotmedia.com","+852.81799956","","","","","","","","","","","","ns1.xz.com","ns2.xz.com","","","clientTransferProhibited","","",""
"80","xm8589.com","2020-05-11 23:30:06","2020-05-11","2020-05-11","2021-05-11","146","GoDaddy.com, LLC","whois.godaddy.com","http://registrar.godaddy.com","","","","","Jiu Long","","Hong Kong","","","","","","","","","","","","","","","","","","","","","","","","","","","","","","","","","","ns25.domaincontrol.com","ns26.domaincontrol.com","","","clientDeleteProhibited","clientRenewProhibited","clientTransferProhibited","clientUpdateProhibited"
"81","xmdwgj.com","2020-05-11 19:58:24","2020-05-08","2020-05-08","2021-05-08","3457","DropCatch.com 1248 LLC","","","DotMedia Limited","DotMedia Limited","7F,Star House,3 Salisbury Road,TST,Kowloon","Hong Kong","Hong Kong","999077","Hong Kong","whoisprivacy@dotmedia.com","+852.81799956","","DotMedia Limited","DotMedia Limited","7F,Star House,3 Salisbury Road,TST,Kowloon","Hong Kong","Hong Kong","999077","Hong Kong","whoisprivacy@dotmedia.com","+852.81799956","","DotMedia Limited","DotMedia Limited","7F,Star House,3 Salisbury Road,TST,Kowloon","Hong Kong","Hong Kong","999077","Hong Kong","whoisprivacy@dotmedia.com","+852.81799956","","","","","","","","","","","","ns1.maff.com","ns2.maff.com","","","clientTransferProhibited","","",""
"82","yhlchb.com","2020-05-11 19:58:18","2020-05-08","2020-05-08","2021-05-08","3284","DropCatch.com 1075 LLC","","","DotMedia Limited","DotMedia Limited","7F,Star House,3 Salisbury Road,TST,Kowloon","Hong Kong","Hong Kong","999077","Hong Kong","whoisprivacy@dotmedia.com","+852.81799956","","DotMedia Limited","DotMedia Limited","7F,Star House,3 Salisbury Road,TST,Kowloon","Hong Kong","Hong Kong","999077","Hong Kong","whoisprivacy@dotmedia.com","+852.81799956","","DotMedia Limited","DotMedia Limited","7F,Star House,3 Salisbury Road,TST,Kowloon","Hong Kong","Hong Kong","999077","Hong Kong","whoisprivacy@dotmedia.com","+852.81799956","","","","","","","","","","","","ns1.xz.com","ns2.xz.com","","","clientTransferProhibited","","",""
"83","yongyangjixie.com","2020-05-11 19:58:24","2020-05-08","2020-05-08","2021-05-08","2649","DropCatch.com 890 LLC","whois.namebright.com","http://www.namebright.com","DotMedia Limited","DotMedia Limited","7F,Star House,3 Salisbury Road,TST,Kowloon","Hong Kong","Hong Kong","999077","Hong Kong","whoisprivacy@dotmedia.com","+852.81799956","","DotMedia Limited","DotMedia Limited","7F,Star House,3 Salisbury Road,TST,Kowloon","Hong Kong","Hong Kong","999077","Hong Kong","whoisprivacy@dotmedia.com","+852.81799956","","DotMedia Limited","DotMedia Limited","7F,Star House,3 Salisbury Road,TST,Kowloon","Hong Kong","Hong Kong","999077","Hong Kong","whoisprivacy@dotmedia.com","+852.81799956","","","","","","","","","","","","ns1.maff.com","ns2.maff.com","","","clientTransferProhibited","","",""
"84","yordaedu.com","2020-05-11 20:14:24","2020-05-08","2020-05-08","2022-05-08","146","GoDaddy.com, LLC","whois.godaddy.com","http://registrar.godaddy.com","","","","","New Territories","","Hong Kong","","","","","","","","","","","","","","","","","","","","","","","","","","","","","","","","","","ns15.domaincontrol.com","ns16.domaincontrol.com","","","clientDeleteProhibited","clientRenewProhibited","clientTransferProhibited","clientUpdateProhibited"
"85","yrtest.com","2020-05-11 20:10:54","2020-05-09","2020-05-09","2021-05-09","146","GoDaddy.com, LLC","whois.godaddy.com","http://registrar.godaddy.com","","","","","Hong Kong","","Hong Kong","","","","","","","","","","","","","","","","","","","","","","","","","","","","","","","","","","pdns11.domaincontrol.com","pdns12.domaincontrol.com","","","clientDeleteProhibited","clientRenewProhibited","clientTransferProhibited","clientUpdateProhibited"
"86","ysyinyuejh.com","2020-05-11 19:58:21","2020-05-08","2020-05-08","2021-05-08","3613","DropCatch.com 1404 LLC","","","DotMedia Limited","DotMedia Limited","7F,Star House,3 Salisbury Road,TST,Kowloon","Hong Kong","Hong Kong","999077","Hong Kong","whoisprivacy@dotmedia.com","+852.81799956","","DotMedia Limited","DotMedia Limited","7F,Star House,3 Salisbury Road,TST,Kowloon","Hong Kong","Hong Kong","999077","Hong Kong","whoisprivacy@dotmedia.com","+852.81799956","","DotMedia Limited","DotMedia Limited","7F,Star House,3 Salisbury Road,TST,Kowloon","Hong Kong","Hong Kong","999077","Hong Kong","whoisprivacy@dotmedia.com","+852.81799956","","","","","","","","","","","","ns1.xz.com","ns2.xz.com","","","clientTransferProhibited","","",""
"87","ysyyjianghu.com","2020-05-11 19:58:21","2020-05-08","2020-05-08","2021-05-08","3550","DropCatch.com 1341 LLC","","","DotMedia Limited","DotMedia Limited","7F,Star House,3 Salisbury Road,TST,Kowloon","Hong Kong","Hong Kong","999077","Hong Kong","whoisprivacy@dotmedia.com","+852.81799956","","DotMedia Limited","DotMedia Limited","7F,Star House,3 Salisbury Road,TST,Kowloon","Hong Kong","Hong Kong","999077","Hong Kong","whoisprivacy@dotmedia.com","+852.81799956","","DotMedia Limited","DotMedia Limited","7F,Star House,3 Salisbury Road,TST,Kowloon","Hong Kong","Hong Kong","999077","Hong Kong","whoisprivacy@dotmedia.com","+852.81799956","","","","","","","","","","","","ns1.xz.com","ns2.xz.com","","","clientTransferProhibited","","",""
"88","yuhong.cool","2020-05-11 21:41:51","2020-05-08","2020-05-08","2021-05-08","1599","Alibaba Cloud Computing Ltd. d/b/a HiChina (www.net.cn)","http://whois.hichina.com/","http://www.net.cn","REDACTED FOR PRIVACY","sun zhi hong","REDACTED FOR PRIVACY","REDACTED FOR PRIVACY","xiang gang","REDACTED FOR PRIVACY","Hong Kong","","REDACTED FOR PRIVACY","REDACTED FOR PRIVACY","","","","","","","","","","","","","","","","","","","","","","","","","","","","","","","","","","","addPeriod","","",""
"89","zhouyun0724-2366664.com","2020-05-11 19:58:23","2020-05-08","2020-05-08","2021-05-08","3715","DropCatch.com 1506 LLC","","","DotMedia Limited","DotMedia Limited","7F,Star House,3 Salisbury Road,TST,Kowloon","Hong Kong","Hong Kong","999077","Hong Kong","whoisprivacy@dotmedia.com","+852.81799956","","DotMedia Limited","DotMedia Limited","7F,Star House,3 Salisbury Road,TST,Kowloon","Hong Kong","Hong Kong","999077","Hong Kong","whoisprivacy@dotmedia.com","+852.81799956","","DotMedia Limited","DotMedia Limited","7F,Star House,3 Salisbury Road,TST,Kowloon","Hong Kong","Hong Kong","999077","Hong Kong","whoisprivacy@dotmedia.com","+852.81799956","","","","","","","","","","","","ns1.xz.com","ns2.xz.com","","","clientTransferProhibited","","",""
"90","zhuliuku.com","2020-05-11 23:34:34","2020-05-11","2020-05-11","2021-05-11","146","GoDaddy.com, LLC","whois.godaddy.com","http://registrar.godaddy.com","","","","","Jiu Long","","Hong Kong","","","","","","","","","","","","","","","","","","","","","","","","","","","","","","","","","","ns31.domaincontrol.com","ns32.domaincontrol.com","","","clientDeleteProhibited","clientRenewProhibited","clientTransferProhibited","clientUpdateProhibited"
"91","zzhntf.com","2020-05-11 19:58:21","2020-05-08","2020-05-10","2021-05-08","2226","Aquarius Domains, LLC","whois.aquariousdomains.com","http://www.aquariusdomains.com","DotMedia Limited","DotMedia Limited","7F,Star House,3 Salisbury Road,TST,Kowloon","Hong Kong","Hong Kong","999077","Hong Kong","whoisprivacy@dotmedia.com","+852.81799956","","DotMedia Limited","DotMedia Limited","7F,Star House,3 Salisbury Road,TST,Kowloon","Hong Kong","Hong Kong","999077","Hong Kong","whoisprivacy@dotmedia.com","+852.81799956","","DotMedia Limited","DotMedia Limited","7F,Star House,3 Salisbury Road,TST,Kowloon","Hong Kong","Hong Kong","999077","Hong Kong","whoisprivacy@dotmedia.com","+852.81799956","","","","","","","","","","","","ns1.maff.com","ns2.maff.com","","","OK","","",""
"92","zzsagm.com","2020-05-11 19:58:21","2020-05-08","2020-05-08","2021-05-08","3326","DropCatch.com 1117 LLC","","","DotMedia Limited","DotMedia Limited","7F,Star House,3 Salisbury Road,TST,Kowloon","Hong Kong","Hong Kong","999077","Hong Kong","whoisprivacy@dotmedia.com","+852.81799956","","DotMedia Limited","DotMedia Limited","7F,Star House,3 Salisbury Road,TST,Kowloon","Hong Kong","Hong Kong","999077","Hong Kong","whoisprivacy@dotmedia.com","+852.81799956","","DotMedia Limited","DotMedia Limited","7F,Star House,3 Salisbury Road,TST,Kowloon","Hong Kong","Hong Kong","999077","Hong Kong","whoisprivacy@dotmedia.com","+852.81799956","","","","","","","","","","","","ns1.xz.com","ns2.xz.com","","","clientTransferProhibited","","",""