"num","domain_name","query_time","create_date","update_date","expiry_date","domain_registrar_id","domain_registrar_name","domain_registrar_whois","domain_registrar_url","registrant_name","registrant_company","registrant_address","registrant_city","registrant_state","registrant_zip","registrant_country","registrant_email","registrant_phone","registrant_fax","administrative_name","administrative_company","administrative_address","administrative_city","administrative_state","administrative_zip","administrative_country","administrative_email","administrative_phone","administrative_fax","technical_name","technical_company","technical_address","technical_city","technical_state","technical_zip","technical_country","technical_email","technical_phone","technical_fax","billing_name","billing_company","billing_address","billing_city","billing_state","billing_zip","billing_country","billing_email","billing_phone","billing_fax","name_server_1","name_server_2","name_server_3","name_server_4","domain_status_1","domain_status_2","domain_status_3","domain_status_4"
"1","amjaadja.com","2020-05-11 20:03:57","2020-05-08","2020-05-08","2021-05-08","886","Domain.com, LLC","whois.domain.com","http://www.domain.com","REDACTED FOR PRIVACY","REDACTED FOR PRIVACY","REDACTED FOR PRIVACY","REDACTED FOR PRIVACY","NA","REDACTED FOR PRIVACY","Jordan","","REDACTED FOR PRIVACY","REDACTED FOR PRIVACY","REDACTED FOR PRIVACY","REDACTED FOR PRIVACY","REDACTED FOR PRIVACY","REDACTED FOR PRIVACY","REDACTED FOR PRIVACY","REDACTED FOR PRIVACY","REDACTED FOR PRIVACY","","REDACTED FOR PRIVACY","REDACTED FOR PRIVACY","REDACTED FOR PRIVACY","REDACTED FOR PRIVACY","REDACTED FOR PRIVACY","REDACTED FOR PRIVACY","REDACTED FOR PRIVACY","REDACTED FOR PRIVACY","REDACTED FOR PRIVACY","","REDACTED FOR PRIVACY","REDACTED FOR PRIVACY","","","","","","","","","","","ns1207.websitewelcome.com","ns1208.websitewelcome.com","","","","","",""
"2","baytalmera.com","2020-05-11 20:03:41","2020-05-08","2020-05-08","2021-05-08","146","GoDaddy.com, LLC","whois.godaddy.com","http://registrar.godaddy.com","alsondos store","alsondos store","","","amman","","Jordan","","","","","","","","","","","","","","","","","","","","","","","","","","","","","","","","","","ns47.domaincontrol.com","ns48.domaincontrol.com","","","clientDeleteProhibited","clientRenewProhibited","clientTransferProhibited","clientUpdateProhibited"
"3","canadagoodjobs.com","2020-05-11 20:01:20","2020-05-09","2020-05-09","2022-05-09","146","GoDaddy.com, LLC","whois.godaddy.com","http://registrar.godaddy.com","","","","","Amman","","Jordan","","","","","","","","","","","","","","","","","","","","","","","","","","","","","","","","","","ns15.domaincontrol.com","ns16.domaincontrol.com","","","clientDeleteProhibited","clientRenewProhibited","clientTransferProhibited","clientUpdateProhibited"
"4","colornet-br.com","2020-05-11 20:14:24","2020-05-08","2020-05-08","2021-05-08","955","Launchpad, Inc.","whois.launchpad.com","http://www.launchpad.com","Ammar Jawhari","Alfayasel Laboratories","17214","amman","AJ","11195","Jordan","nara_matches@yahoo.com","+962.776755557","","Ammar Jawhari","Alfayasel Laboratories","17214","amman","AJ","11195","Jordan","nara_matches@yahoo.com","+962.776755557","","Ammar Jawhari","Alfayasel Laboratories","17214","amman","AJ","11195","Jordan","nara_matches@yahoo.com","+962.776755557","","","","","","","","","","","","ns1.bluehost.com","ns2.bluehost.com","","","clientTransferProhibited","","",""
"5","demertriades.com","2020-05-11 20:14:50","2020-05-08","2020-05-08","2021-05-08","955","Launchpad, Inc.","whois.launchpad.com","http://www.launchpad.com","Ammar Jawhari","Alfayasel Laboratories","17214","amman","AJ","11195","Jordan","nara_matches@yahoo.com","+962.776755557","","Ammar Jawhari","Alfayasel Laboratories","17214","amman","AJ","11195","Jordan","nara_matches@yahoo.com","+962.776755557","","Ammar Jawhari","Alfayasel Laboratories","17214","amman","AJ","11195","Jordan","nara_matches@yahoo.com","+962.776755557","","","","","","","","","","","","ns1.bluehost.com","ns2.bluehost.com","","","clientTransferProhibited","","",""
"6","dplusitalia-it.com","2020-05-11 20:14:48","2020-05-08","2020-05-08","2021-05-08","955","Launchpad, Inc.","whois.launchpad.com","http://www.launchpad.com","Ammar Jawhari","Alfayasel Laboratories","17214","amman","AJ","11195","Jordan","nara_matches@yahoo.com","+962.776755557","","Ammar Jawhari","Alfayasel Laboratories","17214","amman","AJ","11195","Jordan","nara_matches@yahoo.com","+962.776755557","","Ammar Jawhari","Alfayasel Laboratories","17214","amman","AJ","11195","Jordan","nara_matches@yahoo.com","+962.776755557","","","","","","","","","","","","ns1.bluehost.com","ns2.bluehost.com","","","clientTransferProhibited","","",""
"7","hakozglobal.com","2020-05-11 20:01:04","2020-05-08","2020-05-08","2021-05-08","146","GoDaddy.com, LLC","whois.godaddy.com","http://registrar.godaddy.com","","","","","Amman","","Jordan","","","","","","","","","","","","","","","","","","","","","","","","","","","","","","","","","","everton.ns.cloudflare.com","luciane.ns.cloudflare.com","","","clientDeleteProhibited","clientRenewProhibited","clientTransferProhibited","clientUpdateProhibited"
"8","insightersjo.com","2020-05-11 20:14:52","2020-05-08","2020-05-08","2021-05-08","146","GoDaddy.com, LLC","whois.godaddy.com","http://registrar.godaddy.com","insighters for logistic services","insighters for logistic services","","","Amman","","Jordan","","","","","","","","","","","","","","","","","","","","","","","","","","","","","","","","","","ns69.domaincontrol.com","ns70.domaincontrol.com","","","clientDeleteProhibited","clientRenewProhibited","clientTransferProhibited","clientUpdateProhibited"
"9","jotolab.com","2020-05-11 20:00:33","2020-05-08","2020-05-08","2021-05-08","146","GoDaddy.com, LLC","whois.godaddy.com","http://registrar.godaddy.com","","","","","Amman","","Jordan","","","","","","","","","","","","","","","","","","","","","","","","","","","","","","","","","","ns59.domaincontrol.com","ns60.domaincontrol.com","","","clientDeleteProhibited","clientRenewProhibited","clientTransferProhibited","clientUpdateProhibited"
"10","oamal.com","2020-05-11 19:56:39","2020-05-09","2020-05-09","2021-05-09","955","Launchpad, Inc.","whois.launchpad.com","http://www.launchpad.com","nedal  matouq","None","jordan zarqa","zarqa","AZ","13115","Jordan","nidalmatouq7@gmail.com","+962.786082072","","nedal  matouq","None","jordan zarqa","zarqa","AZ","13115","Jordan","nidalmatouq7@gmail.com","+962.786082072","","nedal  matouq","None","jordan zarqa","zarqa","AZ","13115","Jordan","nidalmatouq7@gmail.com","+962.786082072","","","","","","","","","","","","ns6521.hostgator.com","ns6522.hostgator.com","","","clientTransferProhibited","","",""
"11","oktbly.com","2020-05-11 20:16:15","2020-05-09","2020-05-09","2021-05-09","146","GoDaddy.com, LLC","whois.godaddy.com","http://registrar.godaddy.com","","","","","Marj Alhammam - Airplane housing","","Jordan","","","","","","","","","","","","","","","","","","","","","","","","","","","","","","","","","","ns1.2host.me","ns2.2host.me","","","clientDeleteProhibited","clientRenewProhibited","clientTransferProhibited","clientUpdateProhibited"
"12","pubg.academy","2020-05-11 14:42:41","2020-05-09","2020-05-09","2021-05-09","146","GoDaddy.com, LLC","whois.godaddy.com","http://registrar.godaddy.com","REDACTED FOR PRIVACY","Effektive Reach","REDACTED FOR PRIVACY","REDACTED FOR PRIVACY","Choose State","REDACTED FOR PRIVACY","Jordan","","REDACTED FOR PRIVACY","REDACTED FOR PRIVACY","","","","","","","","","","","","","","","","","","","","","","","","","","","","","","","","","","","addPeriod","clientDeleteProhibited","clientRenewProhibited","clientTransferProhibited"
"13","roshan-group.com","2020-05-11 20:16:05","2020-05-09","2020-05-09","2021-05-09","146","GoDaddy.com, LLC","whois.godaddy.com","http://registrar.godaddy.com","Rami","Rami","","","shfa badran","","Jordan","","","","","","","","","","","","","","","","","","","","","","","","","","","","","","","","","","ns15.domaincontrol.com","ns16.domaincontrol.com","","","clientDeleteProhibited","clientRenewProhibited","clientTransferProhibited","clientUpdateProhibited"
"14","squadmask.com","2020-05-11 20:04:12","2020-05-08","2020-05-08","2022-05-08","146","GoDaddy.com, LLC","whois.godaddy.com","http://registrar.godaddy.com","BTL Promotions","BTL Promotions","","","Jordan","","Jordan","","","","","","","","","","","","","","","","","","","","","","","","","","","","","","","","","","ns14.wixdns.net","ns15.wixdns.net","","","clientDeleteProhibited","clientRenewProhibited","clientTransferProhibited","clientUpdateProhibited"
"15","thehealthyarab.com","2020-05-06 20:55:35","2020-05-04","2020-05-05","2021-05-04","886","Domain.com, LLC","whois.domain.com","http://www.domain.com","REDACTED FOR PRIVACY","REDACTED FOR PRIVACY","REDACTED FOR PRIVACY","REDACTED FOR PRIVACY","NA","REDACTED FOR PRIVACY","Jordan","","REDACTED FOR PRIVACY","REDACTED FOR PRIVACY","REDACTED FOR PRIVACY","REDACTED FOR PRIVACY","REDACTED FOR PRIVACY","REDACTED FOR PRIVACY","REDACTED FOR PRIVACY","REDACTED FOR PRIVACY","REDACTED FOR PRIVACY","","REDACTED FOR PRIVACY","REDACTED FOR PRIVACY","REDACTED FOR PRIVACY","REDACTED FOR PRIVACY","REDACTED FOR PRIVACY","REDACTED FOR PRIVACY","REDACTED FOR PRIVACY","REDACTED FOR PRIVACY","REDACTED FOR PRIVACY","","REDACTED FOR PRIVACY","REDACTED FOR PRIVACY","","","","","","","","","","","ns1.powweb.com","ns2.powweb.com","","","","","",""