"num","domain_name","query_time","create_date","update_date","expiry_date","domain_registrar_id","domain_registrar_name","domain_registrar_whois","domain_registrar_url","registrant_name","registrant_company","registrant_address","registrant_city","registrant_state","registrant_zip","registrant_country","registrant_email","registrant_phone","registrant_fax","administrative_name","administrative_company","administrative_address","administrative_city","administrative_state","administrative_zip","administrative_country","administrative_email","administrative_phone","administrative_fax","technical_name","technical_company","technical_address","technical_city","technical_state","technical_zip","technical_country","technical_email","technical_phone","technical_fax","billing_name","billing_company","billing_address","billing_city","billing_state","billing_zip","billing_country","billing_email","billing_phone","billing_fax","name_server_1","name_server_2","name_server_3","name_server_4","domain_status_1","domain_status_2","domain_status_3","domain_status_4"
"1","livonianmusicproduction.com","2020-05-11 20:02:42","2020-05-08","2020-05-09","2021-05-08","1647","Hosting Concepts B.V. dba Openprovider","whois.registrar.eu","http://www.openprovider.com","REDACTED FOR PRIVACY","Livonian Music Production","REDACTED FOR PRIVACY","REDACTED FOR PRIVACY","","REDACTED FOR PRIVACY","Latvia","","REDACTED FOR PRIVACY","REDACTED FOR PRIVACY","REDACTED FOR PRIVACY","REDACTED FOR PRIVACY","REDACTED FOR PRIVACY","REDACTED FOR PRIVACY","REDACTED FOR PRIVACY","REDACTED FOR PRIVACY","REDACTED FOR PRIVACY","","REDACTED FOR PRIVACY","REDACTED FOR PRIVACY","REDACTED FOR PRIVACY","REDACTED FOR PRIVACY","REDACTED FOR PRIVACY","REDACTED FOR PRIVACY","REDACTED FOR PRIVACY","REDACTED FOR PRIVACY","REDACTED FOR PRIVACY","","REDACTED FOR PRIVACY","REDACTED FOR PRIVACY","","","","","","","","","","","ns6.wixdns.net","ns7.wixdns.net","","","clientTransferProhibited","ok","",""
"2","malsagro.com","2020-05-11 20:14:53","2020-05-08","2020-05-08","2021-05-08","106","Ascio Technologies, Inc. Danmark - Filial af Ascio technologies, Inc. USA","whois.ascio.com","http://www.ascio.com","Not Disclosed","Not Disclosed","Not Disclosed","Not Disclosed","Latvia","Not Disclosed","Latvia","","Not Disclosed","Not Disclosed","Not Disclosed","Not Disclosed","Not Disclosed","Not Disclosed","Not Disclosed","Not Disclosed","Not Disclosed","","Not Disclosed","Not Disclosed","Not Disclosed","Not Disclosed","Not Disclosed","Not Disclosed","Not Disclosed","Not Disclosed","Not Disclosed","","Not Disclosed","Not Disclosed","","","","","","","","","","","ns.zone.eu","ns2.zone.ee","ns3.zonedata.net","","clientTransferProhibited","","",""
"3","milaceboutique.com","2020-05-11 20:14:53","2020-05-08","2020-05-08","2021-05-08","146","GoDaddy.com, LLC","whois.godaddy.com","http://registrar.godaddy.com","","","","","","","Latvia","","","","","","","","","","","","","","","","","","","","","","","","","","","","","","","","","","ns59.domaincontrol.com","ns60.domaincontrol.com","","","clientDeleteProhibited","clientRenewProhibited","clientTransferProhibited","clientUpdateProhibited"
"4","textstartshere.com","2020-05-11 20:16:01","2020-05-09","2020-05-09","2021-05-09","1154","FastDomain Inc.","whois.fastdomain.com","http://www.fastdomain.com","GDPR MASKED","GDPR MASKED","GDPR MASKED","GDPR MASKED","","GDPR Masked","Latvia","gdpr-masking@fastdomain.com","GDPR Masked","GDPR Masked","GDPR MASKED","GDPR MASKED","GDPR MASKED","GDPR MASKED","GDPR MASKED","GDPR Masked","GDPR MASKED","gdpr-masking@fastdomain.com","GDPR Masked","GDPR Masked","GDPR MASKED","GDPR MASKED","GDPR MASKED","GDPR MASKED","GDPR MASKED","GDPR Masked","GDPR MASKED","gdpr-masking@fastdomain.com","GDPR Masked","GDPR Masked","","","","","","","","","","","ns1.bluehost.com","ns2.bluehost.com","","","clientTransferProhibited","","",""
"5","thenewprometheism.com","2020-05-11 20:16:04","2020-05-09","2020-05-11","2021-05-08","1052","EuroDNS S.A.","http://whois.rotld.ro","http://www.eurodns.com","REDACTED FOR PRIVACY REDACTED FOR PRIVACY","REDACTED FOR PRIVACY","REDACTED FOR PRIVACY","Riga","","LV-1013","Latvia","2faac209fca98edcb379d1b087a51dd6_2228006_o@whoisprivacy.com","REDACTED FOR PRIVACY","REDACTED FOR PRIVACY","REDACTED FOR PRIVACY REDACTED FOR PRIVACY","REDACTED FOR PRIVACY","REDACTED FOR PRIVACY","Riga","","LV-1013","Latvia","c7a677724c70b4a28c820e74566ec94b_2228006_a@whoisprivacy.com","REDACTED FOR PRIVACY","REDACTED FOR PRIVACY","REDACTED FOR PRIVACY REDACTED FOR PRIVACY","REDACTED FOR PRIVACY","REDACTED FOR PRIVACY","Riga","","LV-1013","Latvia","fc181774a61b86074f36d968e139ae7a_2228006_t@whoisprivacy.com","REDACTED FOR PRIVACY","REDACTED FOR PRIVACY","","","","","","","","","","","gamma.influent.solutions","omega.influent.solutions","","","clientTransferProhibited","","",""