"num","domain_name","query_time","create_date","update_date","expiry_date","domain_registrar_id","domain_registrar_name","domain_registrar_whois","domain_registrar_url","registrant_name","registrant_company","registrant_address","registrant_city","registrant_state","registrant_zip","registrant_country","registrant_email","registrant_phone","registrant_fax","administrative_name","administrative_company","administrative_address","administrative_city","administrative_state","administrative_zip","administrative_country","administrative_email","administrative_phone","administrative_fax","technical_name","technical_company","technical_address","technical_city","technical_state","technical_zip","technical_country","technical_email","technical_phone","technical_fax","billing_name","billing_company","billing_address","billing_city","billing_state","billing_zip","billing_country","billing_email","billing_phone","billing_fax","name_server_1","name_server_2","name_server_3","name_server_4","domain_status_1","domain_status_2","domain_status_3","domain_status_4"
"1","airyeezyworld.com","2020-05-11 20:16:10","2020-05-09","2020-05-09","2021-05-09","146","GoDaddy.com, LLC","whois.godaddy.com","http://registrar.godaddy.com","","","","","Faisalabad","","Pakistan","","","","","","","","","","","","","","","","","","","","","","","","","","","","","","","","","","ns1.opohost.com","ns2.opohost.com","","","clientDeleteProhibited","clientRenewProhibited","clientTransferProhibited","clientUpdateProhibited"
"2","ajogm.com","2020-05-11 19:58:17","2020-05-08","2020-05-08","2021-05-08","146","GoDaddy.com, LLC","whois.godaddy.com","http://registrar.godaddy.com","","","","","punjab","","Pakistan","","","","","","","","","","","","","","","","","","","","","","","","","","","","","","","","","","ns55.domaincontrol.com","ns56.domaincontrol.com","","","clientDeleteProhibited","clientRenewProhibited","clientTransferProhibited","clientUpdateProhibited"
"3","akmastores.com","2020-05-11 19:58:22","2020-05-08","2020-05-09","2021-05-08","1479","Namesilo, LLC","whois.namesilo.com","http://www.namesilo.com","Akbar Ali Chaudhry","","Office # 16, 2nd Floor, Paris Plaza, 65-B Commercial Market, Satellite Town","Rawalpindi","Punjab","46000","Pakistan","akbaralichaudry@gmail.com","+92.3075537326","","Akbar Ali Chaudhry","","Office # 16, 2nd Floor, Paris Plaza, 65-B Commercial Market, Satellite Town","Rawalpindi","Punjab","46000","Pakistan","akbaralichaudry@gmail.com","+92.3075537326","","Akbar Ali Chaudhry","","Office # 16, 2nd Floor, Paris Plaza, 65-B Commercial Market, Satellite Town","Rawalpindi","Punjab","46000","Pakistan","akbaralichaudry@gmail.com","+92.3075537326","","","","","","","","","","","","ns5.thebeehost.com","ns6.thebeehost.com","","","clientTransferProhibited","","",""
"4","al-rehmatdevelopers.com","2020-05-11 20:13:23","2020-05-09","2020-05-09","2021-05-09","146","GoDaddy.com, LLC","whois.godaddy.com","http://registrar.godaddy.com","","","","","Dera Ghazi Khan","","Pakistan","","","","","","","","","","","","","","","","","","","","","","","","","","","","","","","","","","ns1.webhostu.com","ns2.webhostu.com","","","clientDeleteProhibited","clientRenewProhibited","clientTransferProhibited","clientUpdateProhibited"
"5","aljanattours.com","2020-05-11 20:04:03","2020-05-08","2020-05-08","2022-05-08","146","GoDaddy.com, LLC","whois.godaddy.com","http://registrar.godaddy.com","","","","","punjab","","Pakistan","","","","","","","","","","","","","","","","","","","","","","","","","","","","","","","","","","ns59.domaincontrol.com","ns60.domaincontrol.com","","","clientDeleteProhibited","clientRenewProhibited","clientTransferProhibited","clientUpdateProhibited"
"6","allbestinspirationalquotes.com","2020-05-11 20:00:45","2020-05-08","2020-05-08","2021-05-08","146","GoDaddy.com, LLC","whois.godaddy.com","http://registrar.godaddy.com","","","","","Attock","","Pakistan","","","","","","","","","","","","","","","","","","","","","","","","","","","","","","","","","","ns69.domaincontrol.com","ns70.domaincontrol.com","","","clientDeleteProhibited","clientRenewProhibited","clientTransferProhibited","clientUpdateProhibited"
"7","avantgarde-global.com","2020-05-11 19:55:18","2020-05-09","2020-05-09","2021-05-09","146","GoDaddy.com, LLC","whois.godaddy.com","http://registrar.godaddy.com","","","","","Lahore","","Pakistan","","","","","","","","","","","","","","","","","","","","","","","","","","","","","","","","","","ns47.domaincontrol.com","ns48.domaincontrol.com","","","clientDeleteProhibited","clientRenewProhibited","clientTransferProhibited","clientUpdateProhibited"
"8","azbglobal.com","2020-05-11 20:14:35","2020-05-08","2020-05-08","2021-05-08","303","PDR Ltd. d/b/a PublicDomainRegistry.com","whois.publicdomainregistry.com","http://www.publicdomainregistry.com","Muhammad Saleem","DnADemands","168-Sector 11-J, North Karachi Karachi","Karachi","Sind(en)","74700","Pakistan","domain@dnhsol.com","+92.3111364765","","Muhammad Saleem","DnADemands","168-Sector 11-J, North Karachi Karachi","Karachi","Sind(en)","74700","Pakistan","domain@dnhsol.com","+92.3111364765","","Muhammad Saleem","DnADemands","168-Sector 11-J, North Karachi Karachi","Karachi","Sind(en)","74700","Pakistan","domain@dnhsol.com","+92.3111364765","","","","","","","","","","","","byron.ns.cloudflare.com","hope.ns.cloudflare.com","","","clientTransferProhibited","","",""
"9","baathaikya.com","2020-05-11 20:00:25","2020-05-08","2020-05-08","2021-05-08","146","GoDaddy.com, LLC","whois.godaddy.com","http://registrar.godaddy.com","","","","","punjab","","Pakistan","","","","","","","","","","","","","","","","","","","","","","","","","","","","","","","","","","ns59.domaincontrol.com","ns60.domaincontrol.com","","","clientDeleteProhibited","clientRenewProhibited","clientTransferProhibited","clientUpdateProhibited"
"10","beemdoc.com","2020-05-11 20:00:34","2020-05-08","","2021-05-08","1068","NameCheap, Inc.","whois.namecheap.com","http://www.namecheap.com","Ghulam Hasan","","PL 20 SIDDIQ TRADE CENTRE GULBERG","Lahore","Punjab","54600","Pakistan","verify@privatesever.com","+92.4235781666","","Ghulam Hasan","","PL 20 SIDDIQ TRADE CENTRE GULBERG","Lahore","Punjab","54600","Pakistan","verify@privatesever.com","+92.4235781666","","Ghulam Hasan","","PL 20 SIDDIQ TRADE CENTRE GULBERG","Lahore","Punjab","54600","Pakistan","verify@privatesever.com","+92.4235781666","","","","","","","","","","","","dns1.registrar-servers.com","dns2.registrar-servers.com","","","addPeriod","clientTransferProhibited","",""
"11","bilalmobiles.com","2020-05-11 20:14:29","2020-05-08","2020-05-08","2021-05-08","146","GoDaddy.com, LLC","whois.godaddy.com","http://registrar.godaddy.com","","","","","Pakistan","","Pakistan","","","","","","","","","","","","","","","","","","","","","","","","","","","","","","","","","","ns69.domaincontrol.com","ns70.domaincontrol.com","","","clientDeleteProhibited","clientRenewProhibited","clientTransferProhibited","clientUpdateProhibited"
"12","canyonplay.com","2020-05-11 20:15:34","2020-05-09","2020-05-09","2021-05-09","146","GoDaddy.com, LLC","whois.godaddy.com","http://registrar.godaddy.com","","","","","Faisalabad","","Pakistan","","","","","","","","","","","","","","","","","","","","","","","","","","","","","","","","","","ns1.opohost.com","ns2.opohost.com","","","clientDeleteProhibited","clientRenewProhibited","clientTransferProhibited","clientUpdateProhibited"
"13","carryandcart.com","2020-05-11 20:14:56","2020-05-08","2020-05-08","2021-05-08","146","GoDaddy.com, LLC","whois.godaddy.com","http://registrar.godaddy.com","carryandcart","carryandcart","","","Lahore","","Pakistan","","","","","","","","","","","","","","","","","","","","","","","","","","","","","","","","","","ns47.domaincontrol.com","ns48.domaincontrol.com","","","clientDeleteProhibited","clientRenewProhibited","clientTransferProhibited","clientUpdateProhibited"
"14","cosmetic-mart.com","2020-05-11 20:05:10","2020-05-09","2020-05-09","2021-05-09","146","GoDaddy.com, LLC","whois.godaddy.com","http://registrar.godaddy.com","","","","","Korangisindh","","Pakistan","","","","","","","","","","","","","","","","","","","","","","","","","","","","","","","","","","ns55.domaincontrol.com","ns56.domaincontrol.com","","","clientDeleteProhibited","clientRenewProhibited","clientTransferProhibited","clientUpdateProhibited"
"15","discountsexpo.com","2020-05-11 19:55:00","2020-05-08","2020-05-08","2021-05-08","303","PDR Ltd. d/b/a PublicDomainRegistry.com","whois.publicdomainregistry.com","http://www.publicdomainregistry.com","Akhtar Amjad","","Bhutta Chowk Johar Town K Block","Lahore","Punjab","54000","Pakistan","m.akhtar3380@gmail.com","+92.3007868446","","Akhtar Amjad","","Bhutta Chowk Johar Town K Block","Lahore","Punjab","54000","Pakistan","m.akhtar3380@gmail.com","+92.3007868446","","Akhtar Amjad","","Bhutta Chowk Johar Town K Block","Lahore","Punjab","54000","Pakistan","m.akhtar3380@gmail.com","+92.3007868446","","","","","","","","","","","","ns43.hostbreak.com","ns44.hostbreak.com","","","clientTransferProhibited","","",""
"16","divaslifestyle.com","2020-05-11 20:02:23","2020-05-08","2020-05-08","2021-05-08","146","GoDaddy.com, LLC","whois.godaddy.com","http://registrar.godaddy.com","","","","","Hyderabad","","Pakistan","","","","","","","","","","","","","","","","","","","","","","","","","","","","","","","","","","dns1.namecheaphosting.com","dns2.namecheaphosting.com","","","OK","","",""
"17","dutchmoor.com","2020-05-11 20:08:43","2020-05-09","2020-05-09","2021-05-09","1472","LiquidNet Ltd.","whois.liquidnetlimited.com","http://www.liquidnetlimited.com","REDACTED FOR PRIVACY","REDACTED FOR PRIVACY","REDACTED FOR PRIVACY","REDACTED FOR PRIVACY","Sindh","REDACTED FOR PRIVACY","Pakistan","","REDACTED FOR PRIVACY","REDACTED FOR PRIVACY","REDACTED FOR PRIVACY","REDACTED FOR PRIVACY","REDACTED FOR PRIVACY","REDACTED FOR PRIVACY","REDACTED FOR PRIVACY","REDACTED FOR PRIVACY","REDACTED FOR PRIVACY","","REDACTED FOR PRIVACY","REDACTED FOR PRIVACY","REDACTED FOR PRIVACY","REDACTED FOR PRIVACY","REDACTED FOR PRIVACY","REDACTED FOR PRIVACY","REDACTED FOR PRIVACY","REDACTED FOR PRIVACY","REDACTED FOR PRIVACY","","REDACTED FOR PRIVACY","REDACTED FOR PRIVACY","","","","","","","","","","","dns1.supremedns.com","dns2.supremedns.com","dns3.supremedns.com","dns4.supremedns.com","clientTransferProhibited","","",""
"18","faktorin.com","2020-05-11 20:16:12","2020-05-09","2020-05-09","2021-05-09","146","GoDaddy.com, LLC","whois.godaddy.com","http://registrar.godaddy.com","","","","","Sindh","","Pakistan","","","","","","","","","","","","","","","","","","","","","","","","","","","","","","","","","","ns43.hostbreak.com","ns44.hostbreak.com","","","clientDeleteProhibited","clientRenewProhibited","clientTransferProhibited","clientUpdateProhibited"
"19","falconlime.com","2020-05-11 20:17:43","2020-05-09","2020-05-10","2021-05-09","1479","Namesilo, LLC","whois.namesilo.com","http://www.namesilo.com","Yousuf Idris","YounazSoft","A-6 Kehkeshan Sq Blk-5 Khi","Karachi","Sindh","0092","Pakistan","yousuf@yi.com.pk","+92.923333258907","","Yousuf Idris","YounazSoft","A-6 Kehkeshan Sq Blk-5 Khi","Karachi","Sindh","0092","Pakistan","support@yi.com.pk","+92.3333258907","","Yousuf Idris","YounazSoft","A-6 Kehkeshan Sq Blk-5 Khi","Karachi","Sindh","0092","Pakistan","yousuf@yi.com.pk","+92.3333258907","","","","","","","","","","","","ns1.younazgroup.com","ns2.younazgroup.com","","","clientTransferProhibited","","",""
"20","fatemitours53.com","2020-05-11 19:58:14","2020-05-08","2020-05-08","2021-05-08","303","PDR Ltd. d/b/a PublicDomainRegistry.com","whois.publicdomainregistry.com","http://www.publicdomainregistry.com","Abilfazal Taha","Fatemi Travel & Tours","7/A Mezzanine floor Mushtaq Mansion Fazal a Haq Road Blue Area I slamabad., 455 Adamjee Road near Saify Masjid Saddar Rawalpindi.","Rawalpindi","Punjab","46000","Pakistan","abilfazal6@gmail.com","+92.33632152353","","Abilfazal Taha","Fatemi Travel & Tours","7/A Mezzanine floor Mushtaq Mansion Fazal a Haq Road Blue Area I slamabad., 455 Adamjee Road near Saify Masjid Saddar Rawalpindi.","Rawalpindi","Punjab","46000","Pakistan","abilfazal6@gmail.com","+92.33632152353","","Abilfazal Taha","Fatemi Travel & Tours","7/A Mezzanine floor Mushtaq Mansion Fazal a Haq Road Blue Area I slamabad., 455 Adamjee Road near Saify Masjid Saddar Rawalpindi.","Rawalpindi","Punjab","46000","Pakistan","abilfazal6@gmail.com","+92.33632152353","","","","","","","","","","","","ns3.vrack.pk","ns4.vrack.pk","","","clientTransferProhibited","","",""
"21","healthywellclub.com","2020-05-11 20:01:25","2020-05-08","2020-05-08","2021-05-08","146","GoDaddy.com, LLC","whois.godaddy.com","http://registrar.godaddy.com","","","","","punjab","","Pakistan","","","","","","","","","","","","","","","","","","","","","","","","","","","","","","","","","","ns1.radixhosting.com","ns2.radixhosting.com","","","clientDeleteProhibited","clientRenewProhibited","clientTransferProhibited","clientUpdateProhibited"
"22","hfysolutions.com","2020-05-11 19:59:44","2020-05-08","2020-05-08","2021-05-08","303","PDR Ltd. d/b/a PublicDomainRegistry.com","whois.publicdomainregistry.com","http://www.publicdomainregistry.com","Abdul Ahad","Younus Enterprises","Karachi","Karachi","Sind(en)","75300","Pakistan","abdulahadfast@gmail.com","+92.3412165645","","Abdul Ahad","Younus Enterprises","Karachi","Karachi","Sind(en)","75300","Pakistan","abdulahadfast@gmail.com","+92.3412165645","","Abdul Ahad","Younus Enterprises","Karachi","Karachi","Sind(en)","75300","Pakistan","abdulahadfast@gmail.com","+92.3412165645","","","","","","","","","","","","ns31.account4web.com","ns32.account4web.com","","","clientTransferProhibited","","",""
"23","hifi-mart.com","2020-05-11 20:14:57","2020-05-08","2020-05-08","2021-05-08","146","GoDaddy.com, LLC","whois.godaddy.com","http://registrar.godaddy.com","","","","","punjab","","Pakistan","","","","","","","","","","","","","","","","","","","","","","","","","","","","","","","","","","ns69.domaincontrol.com","ns70.domaincontrol.com","","","clientDeleteProhibited","clientRenewProhibited","clientTransferProhibited","clientUpdateProhibited"
"24","hopongurls.com","2020-05-11 19:55:53","2020-05-09","2020-05-09","2021-05-09","146","GoDaddy.com, LLC","whois.godaddy.com","http://registrar.godaddy.com","","","","","Faisalabad","","Pakistan","","","","","","","","","","","","","","","","","","","","","","","","","","","","","","","","","","ns1.opohost.com","ns2.opohost.com","","","clientDeleteProhibited","clientRenewProhibited","clientTransferProhibited","clientUpdateProhibited"
"25","hrtonews.com","2020-05-11 19:55:10","2020-05-09","2020-05-09","2021-05-09","303","PDR Ltd. d/b/a PublicDomainRegistry.com","whois.publicdomainregistry.com","http://www.publicdomainregistry.com","Atiq Ur Rehman","Atiq Ur Rehman","Chak No 321w.b, Tehsil Dunyapur, District Lodhran","Dunyapur, Punjab, Pakistan","Punjab","64101","Pakistan","atiqjutt321@gmail.com","+92.3088993246","","Atiq Ur Rehman","Atiq Ur Rehman","Chak No 321w.b, Tehsil Dunyapur, District Lodhran","Dunyapur, Punjab, Pakistan","Punjab","64101","Pakistan","atiqjutt321@gmail.com","+92.3088993246","","Atiq Ur Rehman","Atiq Ur Rehman","Chak No 321w.b, Tehsil Dunyapur, District Lodhran","Dunyapur, Punjab, Pakistan","Punjab","64101","Pakistan","atiqjutt321@gmail.com","+92.3088993246","","","","","","","","","","","","ns1.dns-parking.com","ns2.dns-parking.com","","","clientTransferProhibited","","",""
"26","idealdokan.com","2020-05-11 20:03:29","2020-05-08","2020-05-08","2022-05-08","146","GoDaddy.com, LLC","whois.godaddy.com","http://registrar.godaddy.com","","","","","punjab","","Pakistan","","","","","","","","","","","","","","","","","","","","","","","","","","","","","","","","","","ns69.domaincontrol.com","ns70.domaincontrol.com","","","clientDeleteProhibited","clientRenewProhibited","clientTransferProhibited","clientUpdateProhibited"
"27","inifinitistore.com","2020-05-11 19:55:38","2020-05-09","","2021-05-09","1068","NameCheap, Inc.","whois.namecheap.com","http://www.namecheap.com","Ghulam Hasan","","PL 20 SIDDIQ TRADE CENTRE GULBERG","Lahore","Punjab","54600","Pakistan","verify@privatesever.com","+92.4235781666","","Ghulam Hasan","","PL 20 SIDDIQ TRADE CENTRE GULBERG","Lahore","Punjab","54600","Pakistan","verify@privatesever.com","+92.4235781666","","Ghulam Hasan","","PL 20 SIDDIQ TRADE CENTRE GULBERG","Lahore","Punjab","54600","Pakistan","verify@privatesever.com","+92.4235781666","","","","","","","","","","","","ns1.guk1015.siteground.eu","ns2.guk1015.siteground.eu","","","clientTransferProhibited","","",""
"28","insightspk.com","2020-05-11 19:55:00","2020-05-08","2020-05-08","2021-05-08","303","PDR Ltd. d/b/a PublicDomainRegistry.com","whois.publicdomainregistry.com","http://www.publicdomainregistry.com","Bilal","Liaison Corporation","Deans","Peshawar","North-West Frontier","25000","Pakistan","bilalvesper@gmail.com","+92.1234567","","Bilal","Liaison Corporation","Deans","Peshawar","North-West Frontier","25000","Pakistan","bilalvesper@gmail.com","+92.1234567","","Bilal","Liaison Corporation","Deans","Peshawar","North-West Frontier","25000","Pakistan","bilalvesper@gmail.com","+92.1234567","","","","","","","","","","","","ns1.gurusofit.com","ns2.gurusofit.com","","","clientTransferProhibited","","",""
"29","jaimeazpilicueta.com","2020-05-11 20:01:23","2020-05-08","2020-05-08","2021-05-08","146","GoDaddy.com, LLC","whois.godaddy.com","http://registrar.godaddy.com","","","","","Dera Ghazi Khan","","Pakistan","","","","","","","","","","","","","","","","","","","","","","","","","","","","","","","","","","ns59.domaincontrol.com","ns60.domaincontrol.com","","","clientDeleteProhibited","clientRenewProhibited","clientTransferProhibited","clientUpdateProhibited"
"30","johnsarah.com","2020-05-11 19:56:38","2020-05-08","2020-05-08","2021-05-08","146","GoDaddy.com, LLC","whois.godaddy.com","http://registrar.godaddy.com","John & Sarah","John & Sarah","","","Punjab","","Pakistan","","","","","","","","","","","","","","","","","","","","","","","","","","","","","","","","","","ns1.dns-parking.com","ns2.dns-parking.com","","","clientDeleteProhibited","clientRenewProhibited","clientTransferProhibited","clientUpdateProhibited"
"31","journeytoquran.com","2020-05-11 20:01:06","2020-05-08","2020-05-08","2021-05-08","146","GoDaddy.com, LLC","whois.godaddy.com","http://registrar.godaddy.com","journeytoquran.com","journeytoquran.com","","","Punjab","","Pakistan","","","","","","","","","","","","","","","","","","","","","","","","","","","","","","","","","","ns69.domaincontrol.com","ns70.domaincontrol.com","","","clientDeleteProhibited","clientRenewProhibited","clientTransferProhibited","clientUpdateProhibited"
"32","jsmfibernet.com","2020-05-11 19:55:39","2020-05-09","2020-05-09","2021-05-09","82","OnlineNIC, Inc.","whois.onlinenic.com","http://www.onlinenic.com","Farasat Ali","bitline Solutions","Dost Plaza, Nishter Road","Multan","Punjab","60000","Pakistan","farasat6346138@gmail.com","+92.3216346138","+92.3216346138","Farasat Ali","bitline Solutions","Dost Plaza, Nishter Road","Multan","Punjab","60000","Pakistan","farasat6346138@gmail.com","+92.3216346138","+92.3216346138","Farasat Ali","bitline Solutions","Dost Plaza, Nishter Road","Multan","Punjab","60000","Pakistan","farasat6346138@gmail.com","+92.3216346138","+92.3216346138","","","","","","","","","","","webs08.futuresouls.com","webs09.futuresouls.com","","","clientTransferProhibited","","",""
"33","kambohkamboj.com","2020-05-11 20:14:16","2020-05-08","2020-05-08","2021-05-08","146","GoDaddy.com, LLC","whois.godaddy.com","http://registrar.godaddy.com","","","","","punjab","","Pakistan","","","","","","","","","","","","","","","","","","","","","","","","","","","","","","","","","","ns69.domaincontrol.com","ns70.domaincontrol.com","","","clientDeleteProhibited","clientRenewProhibited","clientTransferProhibited","clientUpdateProhibited"
"34","karkhaana.com","2020-05-11 20:02:33","2020-05-08","2020-05-08","2021-05-08","955","Launchpad, Inc.","whois.launchpad.com","http://www.launchpad.com","Rafay Asim","None","House#29, Sector-B, main service road, DHA phase 1","Islamabad","IS","44000","Pakistan","rafayasim19@gmail.com","+92.515788898","","Rafay Asim","None","House#29, Sector-B, main service road, DHA phase 1","Islamabad","IS","44000","Pakistan","rafayasim19@gmail.com","+92.515788898","","Rafay Asim","None","House#29, Sector-B, main service road, DHA phase 1","Islamabad","IS","44000","Pakistan","rafayasim19@gmail.com","+92.515788898","","","","","","","","","","","","ns8191.hostgator.com","ns8192.hostgator.com","","","clientTransferProhibited","","",""
"35","kashif5003.com","2020-05-11 20:14:06","2020-05-08","","2021-05-08","1068","NameCheap, Inc.","whois.namecheap.com","http://www.namecheap.com","Ghulam Hasan","","PL 20 SIDDIQ TRADE CENTRE GULBERG","Lahore","Punjab","54600","Pakistan","verify@privatesever.com","+92.4235781666","","Ghulam Hasan","","PL 20 SIDDIQ TRADE CENTRE GULBERG","Lahore","Punjab","54600","Pakistan","verify@privatesever.com","+92.4235781666","","Ghulam Hasan","","PL 20 SIDDIQ TRADE CENTRE GULBERG","Lahore","Punjab","54600","Pakistan","verify@privatesever.com","+92.4235781666","","","","","","","","","","","","ns5.privatesever.com","ns6.privatesever.com","","","clientTransferProhibited","","",""
"36","konceptnext.com","2020-05-11 20:14:13","2020-05-08","2020-05-08","2021-05-08","146","GoDaddy.com, LLC","whois.godaddy.com","http://registrar.godaddy.com","","","","","punjab","","Pakistan","","","","","","","","","","","","","","","","","","","","","","","","","","","","","","","","","","ns47.domaincontrol.com","ns48.domaincontrol.com","","","clientDeleteProhibited","clientRenewProhibited","clientTransferProhibited","clientUpdateProhibited"
"37","kotnage.com","2020-05-11 20:14:53","2020-05-08","2020-05-08","2021-05-08","146","GoDaddy.com, LLC","whois.godaddy.com","http://registrar.godaddy.com","","","","","Sindh","","Pakistan","","","","","","","","","","","","","","","","","","","","","","","","","","","","","","","","","","cns137.hostgator.com","cns138.hostgator.com","","","clientDeleteProhibited","clientRenewProhibited","clientTransferProhibited","clientUpdateProhibited"
"38","latestonlinejobs.com","2020-05-11 20:01:25","2020-05-08","2020-05-08","2021-05-08","146","GoDaddy.com, LLC","whois.godaddy.com","http://registrar.godaddy.com","","","","","Khyber Pakutunkhwa","","Pakistan","","","","","","","","","","","","","","","","","","","","","","","","","","","","","","","","","","ns59.domaincontrol.com","ns60.domaincontrol.com","","","clientDeleteProhibited","clientRenewProhibited","clientTransferProhibited","clientUpdateProhibited"
"39","meofit.com","2020-05-11 19:56:38","2020-05-09","2020-05-09","2021-05-09","1443","Vautron Rechenzentrum AG","whois.antagus.de","http://www.vautron.de","","","","","","","Pakistan","a8l62lzpsc@domprivacy.de","","","","","","","","","","a8l62lzpsc@domprivacy.de","","","","","","","","","","a4o7tygxoo@domprivacy.de","","","","","","","","","","","","","ns1.contabo.net","ns2.contabo.net","ns3.contabo.net","","OK","","",""
"40","micro-webstars.com","2020-05-11 20:15:38","2020-05-09","2020-05-09","2021-05-09","146","GoDaddy.com, LLC","whois.godaddy.com","http://registrar.godaddy.com","","","","","punjab","","Pakistan","","","","","","","","","","","","","","","","","","","","","","","","","","","","","","","","","","ns69.domaincontrol.com","ns70.domaincontrol.com","","","clientDeleteProhibited","clientRenewProhibited","clientTransferProhibited","clientUpdateProhibited"
"41","modapkdroid.com","2020-05-11 20:17:31","2020-05-09","2020-05-09","2021-05-09","146","GoDaddy.com, LLC","whois.godaddy.com","http://registrar.godaddy.com","","","","","Chakwal","","Pakistan","","","","","","","","","","","","","","","","","","","","","","","","","","","","","","","","","","dns1.namecheaphosting.com","dns2.namecheaphosting.com","","","clientDeleteProhibited","clientRenewProhibited","clientTransferProhibited","clientUpdateProhibited"
"42","nazarethouse.com","2020-05-11 20:09:04","2020-05-09","2020-05-09","2021-05-09","303","PDR Ltd. d/b/a PublicDomainRegistry.com","whois.publicdomainregistry.com","http://www.publicdomainregistry.com","Ejaz Hayat","Nazareth House","Nazareth House P-151, defence fort, Samundri Road, Faisalabad, P akistan,","Faisalabad","Punjab","38000","Pakistan","fr.ijaz974@gmail.com","+92.3087149207","","Domain Manager","HosterPK Pvt Ltd","LG # 2-3, Plaza # 117, Civic Center, Bahria Town Phase 4","Islamabad","ict","44000","Pakistan","domains@hosterpk.com","+92.80055355","","Domain Manager","HosterPK Pvt Ltd","LG # 2-3, Plaza # 117, Civic Center, Bahria Town Phase 4","Islamabad","ict","44000","Pakistan","domains@hosterpk.com","+92.80055355","","","","","","","","","","","","n1.hosterpk.com","n2.hosterpk.com","","","clientTransferProhibited","","",""
"43","newdoorestate.com","2020-05-11 20:16:03","2020-05-09","2020-05-09","2021-05-09","303","PDR Ltd. d/b/a PublicDomainRegistry.com","whois.publicdomainregistry.com","http://www.publicdomainregistry.com","Waqar  Ahmed","DevxSol","58-A2 Gulberg 3","Lahore","punjab","54000","Pakistan","devxsolx@gmail.com","+92.3047203271","","Waqar  Ahmed","DevxSol","58-A2 Gulberg 3","Lahore","punjab","54000","Pakistan","devxsolx@gmail.com","+92.3047203271","","Waqar  Ahmed","DevxSol","58-A2 Gulberg 3","Lahore","punjab","54000","Pakistan","devxsolx@gmail.com","+92.3047203271","","","","","","","","","","","","ns1.socialflag.net","ns2.socialflag.net","","","clientTransferProhibited","","",""
"44","nicepurewater.com","2020-05-11 20:00:36","2020-05-08","2020-05-08","2021-05-08","303","PDR Ltd. d/b/a PublicDomainRegistry.com","whois.publicdomainregistry.com","http://www.publicdomainregistry.com","Waseem Abbas","MD Webgraphics","Sambrial","Sialkot","Punjab","51310","Pakistan","mdwebgraphics@gmail.com","+92.3344187643","","Waseem Abbas","MD Webgraphics","Sambrial","Sialkot","Punjab","51310","Pakistan","mdwebgraphics@gmail.com","+92.3344187643","","Waseem Abbas","MD Webgraphics","Sambrial","Sialkot","Punjab","51310","Pakistan","mdwebgraphics@gmail.com","+92.3344187643","","","","","","","","","","","","ns16.vrns.net","ns17.vrns.net","","","clientTransferProhibited","","",""
"45","nusfiseo.com","2020-05-11 20:08:44","2020-05-09","2020-05-09","2021-05-09","303","PDR Ltd. d/b/a PublicDomainRegistry.com","whois.publicdomainregistry.com","http://www.publicdomainregistry.com","Nusrat BiBi","Nusfii","Muhallah Moliyan Wala","Pahar Pur","DIkhan","29160","Pakistan","kf368012@gmail.com","+92.3088166756","","Domain Manager","HosterPK Pvt Ltd","LG # 2-3, Plaza # 117, Civic Center, Bahria Town Phase 4","Islamabad","ict","44000","Pakistan","domains@hosterpk.com","+92.80055355","","Domain Manager","HosterPK Pvt Ltd","LG # 2-3, Plaza # 117, Civic Center, Bahria Town Phase 4","Islamabad","ict","44000","Pakistan","domains@hosterpk.com","+92.80055355","","","","","","","","","","","","n1.hosterpk.com","n2.hosterpk.com","","","clientTransferProhibited","","",""
"46","orderdoo.com","2020-05-11 19:55:06","2020-05-09","2020-05-09","2021-05-09","440","Wild West Domains, LLC","whois.wildwestdomains.com","http://www.wildwestdomains.com","Pak Peregrine Corporation PVT Ltd.","Pak Peregrine Corporation PVT Ltd.","","","Gujrat","","Pakistan","","","","","","","","","","","","","","","","","","","","","","","","","","","","","","","","","","ns55.domaincontrol.com","ns56.domaincontrol.com","","","clientDeleteProhibited","clientRenewProhibited","clientTransferProhibited","clientUpdateProhibited"
"47","ornateimpact.com","2020-05-11 19:55:53","2020-05-09","2020-05-09","2021-05-09","146","GoDaddy.com, LLC","whois.godaddy.com","http://registrar.godaddy.com","ORNATEIMAPCT","ORNATEIMAPCT","","","punjab","","Pakistan","","","","","","","","","","","","","","","","","","","","","","","","","","","","","","","","","","ns55.domaincontrol.com","ns56.domaincontrol.com","","","clientDeleteProhibited","clientRenewProhibited","clientTransferProhibited","clientUpdateProhibited"
"48","outdrookash.com","2020-05-11 20:17:45","2020-05-09","2020-05-09","2021-05-09","146","GoDaddy.com, LLC","whois.godaddy.com","http://registrar.godaddy.com","","","","","Faisalabad","","Pakistan","","","","","","","","","","","","","","","","","","","","","","","","","","","","","","","","","","ns69.domaincontrol.com","ns70.domaincontrol.com","","","clientDeleteProhibited","clientRenewProhibited","clientTransferProhibited","clientUpdateProhibited"
"49","paktopicalnews.com","2020-05-11 20:02:03","2020-05-08","2020-05-08","2021-05-08","146","GoDaddy.com, LLC","whois.godaddy.com","http://registrar.godaddy.com","","","","","Multan","","Pakistan","","","","","","","","","","","","","","","","","","","","","","","","","","","","","","","","","","ns15.domaincontrol.com","ns16.domaincontrol.com","","","clientDeleteProhibited","clientRenewProhibited","clientTransferProhibited","clientUpdateProhibited"
"50","pecglo.com","2020-05-11 20:00:56","2020-05-08","2020-05-08","2021-05-08","146","GoDaddy.com, LLC","whois.godaddy.com","http://registrar.godaddy.com","","","","","Faisalabad","","Pakistan","","","","","","","","","","","","","","","","","","","","","","","","","","","","","","","","","","ns55.domaincontrol.com","ns56.domaincontrol.com","","","clientDeleteProhibited","clientRenewProhibited","clientTransferProhibited","clientUpdateProhibited"
"51","pkleak.com","2020-05-11 20:00:57","2020-05-09","2020-05-09","2021-05-09","146","GoDaddy.com, LLC","whois.godaddy.com","http://registrar.godaddy.com","","","","","Okara","","Pakistan","","","","","","","","","","","","","","","","","","","","","","","","","","","","","","","","","","ns1.nskhost.com","ns2.nskhost.com","","","clientDeleteProhibited","clientRenewProhibited","clientTransferProhibited","clientUpdateProhibited"
"52","proboxapk.com","2020-05-11 19:58:01","2020-05-08","2020-05-08","2021-05-08","146","GoDaddy.com, LLC","whois.godaddy.com","http://registrar.godaddy.com","BeelSEO","BeelSEO","","","Punjab","","Pakistan","","","","","","","","","","","","","","","","","","","","","","","","","","","","","","","","","","dns1.namecheaphosting.com","dns2.namecheaphosting.com","","","clientDeleteProhibited","clientRenewProhibited","clientTransferProhibited","clientUpdateProhibited"
"53","quraneducationacademy.com","2020-05-11 20:17:44","2020-05-09","2020-05-09","2021-05-09","303","PDR Ltd. d/b/a PublicDomainRegistry.com","whois.publicdomainregistry.com","http://www.publicdomainregistry.com","Siraj UL Haq","Quran Education Academy","H.No: 266 New Labour Square 500 Quarters Bin-Qasim Town H.No: 266 New Labour Square 500 Quarters Bin-Qasim Town","Karachi","Sindh","75030","Pakistan","sirajulhaq905@gmail.com","+92.3233932235","","Domain Manager","HosterPK Pvt Ltd","LG # 2-3, Plaza # 117, Civic Center, Bahria Town Phase 4","Islamabad","ict","44000","Pakistan","domains@hosterpk.com","+92.80055355","","Domain Manager","HosterPK Pvt Ltd","LG # 2-3, Plaza # 117, Civic Center, Bahria Town Phase 4","Islamabad","ict","44000","Pakistan","domains@hosterpk.com","+92.80055355","","","","","","","","","","","","n1.hosterpk.com","n2.hosterpk.com","","","clientTransferProhibited","","",""
"54","rentmeacycle.com","2020-05-11 20:02:10","2020-05-08","2020-05-08","2021-05-08","146","GoDaddy.com, LLC","whois.godaddy.com","http://registrar.godaddy.com","","","","","Lahore","","Pakistan","","","","","","","","","","","","","","","","","","","","","","","","","","","","","","","","","","ns69.domaincontrol.com","ns70.domaincontrol.com","","","clientDeleteProhibited","clientRenewProhibited","clientTransferProhibited","clientUpdateProhibited"
"55","royaleventsolutions.com","2020-05-11 20:04:03","2020-05-08","2020-05-08","2022-05-08","146","GoDaddy.com, LLC","whois.godaddy.com","http://registrar.godaddy.com","","","","","punjab","","Pakistan","","","","","","","","","","","","","","","","","","","","","","","","","","","","","","","","","","ns47.domaincontrol.com","ns48.domaincontrol.com","","","clientDeleteProhibited","clientRenewProhibited","clientTransferProhibited","clientUpdateProhibited"
"56","saeedjobdik.com","2020-05-11 19:59:53","2020-05-08","2020-05-08","2021-05-08","146","GoDaddy.com, LLC","whois.godaddy.com","http://registrar.godaddy.com","","","","","KPK","","Pakistan","","","","","","","","","","","","","","","","","","","","","","","","","","","","","","","","","","ns15.domaincontrol.com","ns16.domaincontrol.com","","","clientDeleteProhibited","clientRenewProhibited","clientTransferProhibited","clientUpdateProhibited"
"57","somaliradioapp.com","2020-05-11 19:56:34","2020-05-09","2020-05-09","2021-05-09","146","GoDaddy.com, LLC","whois.godaddy.com","http://registrar.godaddy.com","","","","","Faisalabad","","Pakistan","","","","","","","","","","","","","","","","","","","","","","","","","","","","","","","","","","ns1.opohost.com","ns2.opohost.com","","","clientDeleteProhibited","clientRenewProhibited","clientTransferProhibited","clientUpdateProhibited"
"58","speeklouder.com","2020-05-11 19:55:00","2020-05-09","2020-05-09","2021-05-09","146","GoDaddy.com, LLC","whois.godaddy.com","http://registrar.godaddy.com","News Pedia","News Pedia","","","Punjab","","Pakistan","","","","","","","","","","","","","","","","","","","","","","","","","","","","","","","","","","ns47.domaincontrol.com","ns48.domaincontrol.com","","","clientDeleteProhibited","clientRenewProhibited","clientTransferProhibited","clientUpdateProhibited"
"59","techjuiceus.com","2020-05-11 19:55:22","2020-05-08","2020-05-08","2021-05-08","146","GoDaddy.com, LLC","whois.godaddy.com","http://registrar.godaddy.com","tech","tech","","","Punjab","","Pakistan","","","","","","","","","","","","","","","","","","","","","","","","","","","","","","","","","","dns2042a.trouble-free.net","dns2042b.trouble-free.net","","","clientDeleteProhibited","clientRenewProhibited","clientTransferProhibited","clientUpdateProhibited"
"60","thepntm.com","2020-05-11 20:05:06","2020-05-09","2020-05-09","2021-05-09","146","GoDaddy.com, LLC","whois.godaddy.com","http://registrar.godaddy.com","Pentamark, Inc.","Pentamark, Inc.","","","Faisalabad","","Pakistan","","","","","","","","","","","","","","","","","","","","","","","","","","","","","","","","","","ns6.wixdns.net","ns7.wixdns.net","","","clientDeleteProhibited","clientRenewProhibited","clientTransferProhibited","clientUpdateProhibited"
"61","thevizcraft.com","2020-05-11 19:56:02","2020-05-09","2020-05-09","2021-05-09","303","PDR Ltd. d/b/a PublicDomainRegistry.com","whois.publicdomainregistry.com","http://www.publicdomainregistry.com","Sayed Qutub Ali Shah Gillani","","A-1504, Gulshan-e-Hadeed, Phase-1, Bin Qasim Town,","Karachi","Sindh","75010","Pakistan","squtubali@gmail.com","+92.3332454723","","Sayed Qutub Ali Shah Gillani","","A-1504, Gulshan-e-Hadeed, Phase-1, Bin Qasim Town,","Karachi","Sindh","75010","Pakistan","squtubali@gmail.com","+92.3332454723","","Sayed Qutub Ali Shah Gillani","","A-1504, Gulshan-e-Hadeed, Phase-1, Bin Qasim Town,","Karachi","Sindh","75010","Pakistan","squtubali@gmail.com","+92.3332454723","","","","","","","","","","","","ns3.bestnodes.com","ns4.bestnodes.com","","","clientTransferProhibited","","",""
"62","toppersstudyworld.com","2020-05-11 20:14:21","2020-05-08","2020-05-08","2021-05-08","146","GoDaddy.com, LLC","whois.godaddy.com","http://registrar.godaddy.com","","","","","Sindh","","Pakistan","","","","","","","","","","","","","","","","","","","","","","","","","","","","","","","","","","ns59.domaincontrol.com","ns60.domaincontrol.com","","","clientDeleteProhibited","clientRenewProhibited","clientTransferProhibited","clientUpdateProhibited"
"63","ulrblocklist.com","2020-05-11 20:15:50","2020-05-09","2020-05-09","2021-05-09","146","GoDaddy.com, LLC","whois.godaddy.com","http://registrar.godaddy.com","","","","","Faisalabad","","Pakistan","","","","","","","","","","","","","","","","","","","","","","","","","","","","","","","","","","ns1.opohost.com","ns2.opohost.com","","","clientDeleteProhibited","clientRenewProhibited","clientTransferProhibited","clientUpdateProhibited"
"64","urdu-tech.com","2020-05-11 19:58:20","2020-05-08","2020-05-08","2021-05-08","146","GoDaddy.com, LLC","whois.godaddy.com","http://registrar.godaddy.com","","","","","punjab","","Pakistan","","","","","","","","","","","","","","","","","","","","","","","","","","","","","","","","","","ns59.domaincontrol.com","ns60.domaincontrol.com","","","clientDeleteProhibited","clientRenewProhibited","clientTransferProhibited","clientUpdateProhibited"
"65","utopiamart.com","2020-05-11 20:00:37","2020-05-08","2020-05-08","2021-05-08","82","OnlineNIC, Inc.","whois.onlinenic.com","http://www.onlinenic.com","Muhammad Waqas","Urbanhem","Shahrah e Faisal","Karachi","Sindh","75500","Pakistan","justmws@gmail.com","+92.3312229002","+92.3312229002","Hostmaster","HNS","Techno City Mall","karachi","sindh","78800","Pakistan","hostmaster@hns.net.pk","+92.3452780090","+92.3452780090","Hostmaster","HNS","Techno City Mall","karachi","sindh","78800","Pakistan","hostmaster@hns.net.pk","+92.3452780090","+92.3452780090","","","","","","","","","","","ns1.hostnsurf.net","ns2.hostnsurf.net","","","clientTransferProhibited","","",""
"66","venng.com","2020-05-11 20:00:32","2020-05-08","2020-05-08","2021-05-08","146","GoDaddy.com, LLC","whois.godaddy.com","http://registrar.godaddy.com","","","","","Faisalabad","","Pakistan","","","","","","","","","","","","","","","","","","","","","","","","","","","","","","","","","","ns1.ghostingservice.com","ns2.ghostingservice.com","","","clientDeleteProhibited","clientRenewProhibited","clientTransferProhibited","clientUpdateProhibited"
"67","vickybro.com","2020-05-11 19:59:42","2020-05-08","2020-05-08","2021-05-08","69","Tucows Domains Inc.","whois.tucows.com","http://domainhelp.opensrs.net","REDACTED FOR PRIVACY","REDACTED FOR PRIVACY","REDACTED FOR PRIVACY","REDACTED FOR PRIVACY","Punjab","REDACTED FOR PRIVACY","Pakistan","","REDACTED FOR PRIVACY","REDACTED FOR PRIVACY","REDACTED FOR PRIVACY","REDACTED FOR PRIVACY","REDACTED FOR PRIVACY","REDACTED FOR PRIVACY","REDACTED FOR PRIVACY","REDACTED FOR PRIVACY","REDACTED FOR PRIVACY","","REDACTED FOR PRIVACY","REDACTED FOR PRIVACY","REDACTED FOR PRIVACY","REDACTED FOR PRIVACY","REDACTED FOR PRIVACY","REDACTED FOR PRIVACY","REDACTED FOR PRIVACY","REDACTED FOR PRIVACY","REDACTED FOR PRIVACY","","REDACTED FOR PRIVACY","REDACTED FOR PRIVACY","","","","","","","","","","","ns3.webinpk.com","ns4.webinpk.com","","","OK","","",""
"68","vivid-education.com","2020-05-08 19:35:18","2020-05-06","2020-05-06","2021-05-06","146","GoDaddy.com, LLC","whois.godaddy.com","http://registrar.godaddy.com","vivid-education","vivid-education","","","Lahore","","Pakistan","","","","","","","","","","","","","","","","","","","","","","","","","","","","","","","","","","ns1.speedydns.net","ns2.speedydns.net","","","clientDeleteProhibited","clientRenewProhibited","clientTransferProhibited","clientUpdateProhibited"
"69","weallarestudents.com","2020-05-11 19:55:38","2020-05-09","2020-05-09","2021-05-09","895","Google, Inc.","whois.rrpproxy.net","http://www.google.com","","","","","","","Pakistan","","","","","","","","","","","","","","","","","","","","","","","","","","","","","","","","","","ns-cloud-d1.googledomains.com","ns-cloud-d2.googledomains.com","ns-cloud-d3.googledomains.com","ns-cloud-d4.googledomains.com","clientTransferProhibited","","",""