"num","domain_name","query_time","create_date","update_date","expiry_date","domain_registrar_id","domain_registrar_name","domain_registrar_whois","domain_registrar_url","registrant_name","registrant_company","registrant_address","registrant_city","registrant_state","registrant_zip","registrant_country","registrant_email","registrant_phone","registrant_fax","administrative_name","administrative_company","administrative_address","administrative_city","administrative_state","administrative_zip","administrative_country","administrative_email","administrative_phone","administrative_fax","technical_name","technical_company","technical_address","technical_city","technical_state","technical_zip","technical_country","technical_email","technical_phone","technical_fax","billing_name","billing_company","billing_address","billing_city","billing_state","billing_zip","billing_country","billing_email","billing_phone","billing_fax","name_server_1","name_server_2","name_server_3","name_server_4","domain_status_1","domain_status_2","domain_status_3","domain_status_4"
"1","accserveirl.com","2020-05-11 19:55:23","2020-05-08","2020-05-08","2021-05-08","48","eNom, Inc.","whois.enom.com","http://www.enom.com","REDACTED FOR PRIVACY","REDACTED FOR PRIVACY","REDACTED FOR PRIVACY","REDACTED FOR PRIVACY","Surquillo","REDACTED FOR PRIVACY","Peru","","REDACTED FOR PRIVACY","REDACTED FOR PRIVACY","REDACTED FOR PRIVACY","REDACTED FOR PRIVACY","REDACTED FOR PRIVACY","REDACTED FOR PRIVACY","REDACTED FOR PRIVACY","REDACTED FOR PRIVACY","REDACTED FOR PRIVACY","","REDACTED FOR PRIVACY","REDACTED FOR PRIVACY","REDACTED FOR PRIVACY","REDACTED FOR PRIVACY","REDACTED FOR PRIVACY","REDACTED FOR PRIVACY","REDACTED FOR PRIVACY","REDACTED FOR PRIVACY","REDACTED FOR PRIVACY","","REDACTED FOR PRIVACY","REDACTED FOR PRIVACY","","","","","","","","","","","dns1.1hosting.com.pe","dns2.1hosting.com.pe","","","addPeriod","clientTransferProhibited","",""
"2","agolys-srl.com","2020-05-11 20:15:04","2020-05-08","2020-05-08","2021-05-08","69","Tucows Domains Inc.","whois.tucows.com","http://domainhelp.opensrs.net","REDACTED FOR PRIVACY","REDACTED FOR PRIVACY","REDACTED FOR PRIVACY","REDACTED FOR PRIVACY","XX","REDACTED FOR PRIVACY","Peru","","REDACTED FOR PRIVACY","REDACTED FOR PRIVACY","REDACTED FOR PRIVACY","REDACTED FOR PRIVACY","REDACTED FOR PRIVACY","REDACTED FOR PRIVACY","REDACTED FOR PRIVACY","REDACTED FOR PRIVACY","REDACTED FOR PRIVACY","","REDACTED FOR PRIVACY","REDACTED FOR PRIVACY","REDACTED FOR PRIVACY","REDACTED FOR PRIVACY","REDACTED FOR PRIVACY","REDACTED FOR PRIVACY","REDACTED FOR PRIVACY","REDACTED FOR PRIVACY","REDACTED FOR PRIVACY","","REDACTED FOR PRIVACY","REDACTED FOR PRIVACY","","","","","","","","","","","ns1.giow1086.siteground.us","ns2.giow1086.siteground.us","","","clientTransferProhibited","clientUpdateProhibited","",""
"3","aguarunafoods.com","2020-05-11 20:14:49","2020-05-08","2020-05-08","2021-05-08","146","GoDaddy.com, LLC","whois.godaddy.com","http://registrar.godaddy.com","creatgraf","creatgraf","","","lima","","Peru","","","","","","","","","","","","","","","","","","","","","","","","","","","","","","","","","","ns47.domaincontrol.com","ns48.domaincontrol.com","","","clientDeleteProhibited","clientRenewProhibited","clientTransferProhibited","clientUpdateProhibited"
"4","akaebe.com","2020-05-11 20:06:10","2020-05-09","2020-05-09","2021-05-09","48","eNom, Inc.","whois.enom.com","http://www.enom.com","REDACTED FOR PRIVACY","REDACTED FOR PRIVACY","REDACTED FOR PRIVACY","REDACTED FOR PRIVACY","ANCASH","REDACTED FOR PRIVACY","Peru","","REDACTED FOR PRIVACY","REDACTED FOR PRIVACY","REDACTED FOR PRIVACY","REDACTED FOR PRIVACY","REDACTED FOR PRIVACY","REDACTED FOR PRIVACY","REDACTED FOR PRIVACY","REDACTED FOR PRIVACY","REDACTED FOR PRIVACY","","REDACTED FOR PRIVACY","REDACTED FOR PRIVACY","REDACTED FOR PRIVACY","REDACTED FOR PRIVACY","REDACTED FOR PRIVACY","REDACTED FOR PRIVACY","REDACTED FOR PRIVACY","REDACTED FOR PRIVACY","REDACTED FOR PRIVACY","","REDACTED FOR PRIVACY","REDACTED FOR PRIVACY","","","","","","","","","","","ns1.dongee.com","ns2.dongee.com","ns3.dongee.com","","addPeriod","clientTransferProhibited","",""
"5","alexanderiman.com","2020-05-11 20:02:53","2020-05-08","2020-05-08","2022-05-08","146","GoDaddy.com, LLC","whois.godaddy.com","http://registrar.godaddy.com","INN-MAN Consultores","INN-MAN Consultores","","","Peru","","Peru","","","","","","","","","","","","","","","","","","","","","","","","","","","","","","","","","","ns15.domaincontrol.com","ns16.domaincontrol.com","","","clientDeleteProhibited","clientRenewProhibited","clientTransferProhibited","clientUpdateProhibited"
"6","astridneyracursos.com","2020-05-11 20:00:39","2020-05-08","2020-05-08","2021-05-08","146","GoDaddy.com, LLC","whois.godaddy.com","http://registrar.godaddy.com","","","","","Villa el Salvador","","Peru","","","","","","","","","","","","","","","","","","","","","","","","","","","","","","","","","","lloyd.ns.cloudflare.com","rosalyn.ns.cloudflare.com","","","clientDeleteProhibited","clientRenewProhibited","clientTransferProhibited","clientUpdateProhibited"
"7","aulacersa.com","2020-05-11 19:57:08","2020-05-09","2020-05-09","2021-05-09","303","PDR Ltd. d/b/a PublicDomainRegistry.com","whois.publicdomainregistry.com","http://www.publicdomainregistry.com","Roberth Franciss Nontol Chichipe","Cersa","Jr. Los Nogales # 378, Urb. El Ingenio Espaldas Estadio Municipa l - Cajamarca, Cajamarca","Cajamarca","Cajamarca","06000","Peru","sistemas@cersa.org.pe","+51.964923450","","Roberth Franciss Nontol Chichipe","Cersa","Jr. Los Nogales # 378, Urb. El Ingenio Espaldas Estadio Municipa l - Cajamarca, Cajamarca","Cajamarca","Cajamarca","06000","Peru","sistemas@cersa.org.pe","+51.964923450","","Roberth Franciss Nontol Chichipe","Cersa","Jr. Los Nogales # 378, Urb. El Ingenio Espaldas Estadio Municipa l - Cajamarca, Cajamarca","Cajamarca","Cajamarca","06000","Peru","sistemas@cersa.org.pe","+51.964923450","","","","","","","","","","","","ns1.empresadns.net","ns2.empresadns.net","ns3.empresadns.net","","clientTransferProhibited","","",""
"8","autoseduardo.com","2020-05-11 20:02:28","2020-05-08","2020-05-08","2021-05-08","472","Dynadot, LLC","whois.dynadot.com","http://www.dynadot.com","Eduardo Galvez Ampuero","","San Juan de Miraflores Calle Manuel Montero rosas 293 San Juan de Miraflores","lima","lima","051","Peru","autoseduardo@gmail.com","+51.959739132","","Eduardo Galvez Ampuero","","San Juan de Miraflores Calle Manuel Montero rosas 293 San Juan de Miraflores","lima","lima","051","Peru","autoseduardo@gmail.com","+51.959739132","","Eduardo Galvez Ampuero","","San Juan de Miraflores Calle Manuel Montero rosas 293 San Juan de Miraflores","lima","lima","051","Peru","autoseduardo@gmail.com","+51.959739132","","","","","","","","","","","","ns1.hostdom.top","ns2.hostdom.top","","","clientTransferProhibited","","",""
"9","benitube.com","2020-05-11 20:04:05","2020-05-08","2020-05-08","2021-05-08","146","GoDaddy.com, LLC","whois.godaddy.com","http://registrar.godaddy.com","WORLDPATROL","WORLDPATROL","","","Chiclayo","","Peru","","","","","","","","","","","","","","","","","","","","","","","","","","","","","","","","","","ns55.domaincontrol.com","ns56.domaincontrol.com","","","clientDeleteProhibited","clientRenewProhibited","clientTransferProhibited","clientUpdateProhibited"
"10","bipomarket.com","2020-05-11 19:55:39","2020-05-08","2020-05-08","2022-05-08","146","GoDaddy.com, LLC","whois.godaddy.com","http://registrar.godaddy.com","PuntoPro inversiones SRL","PuntoPro inversiones SRL","","","cusco","","Peru","","","","","","","","","","","","","","","","","","","","","","","","","","","","","","","","","","ns15.domaincontrol.com","ns16.domaincontrol.com","","","clientDeleteProhibited","clientRenewProhibited","clientTransferProhibited","clientUpdateProhibited"
"11","bredcorpsac.com","2020-05-11 19:58:14","2020-05-08","2020-05-08","2021-05-08","303","PDR Ltd. d/b/a PublicDomainRegistry.com","whois.publicdomainregistry.com","http://www.publicdomainregistry.com","Francisco","","Jr. Qoaquin  Capella 126","San Martin Porres","Lima","51131","Peru","soporte@siswebperu.com","+51.3837552","","Francisco","","Jr. Qoaquin  Capella 126","San Martin Porres","Lima","51131","Peru","soporte@siswebperu.com","+51.3837552","","Francisco","","Jr. Qoaquin  Capella 126","San Martin Porres","Lima","51131","Peru","soporte@siswebperu.com","+51.3837552","","","","","","","","","","","","ns1.inhostingperu.com","ns2.inhostingperu.com","","","clientTransferProhibited","","",""
"12","cambistasperu.com","2020-05-11 20:03:52","2020-05-08","2020-05-08","2021-05-08","146","GoDaddy.com, LLC","whois.godaddy.com","http://registrar.godaddy.com","ekoudex","ekoudex","","","lima","","Peru","","","","","","","","","","","","","","","","","","","","","","","","","","","","","","","","","","ns59.domaincontrol.com","ns60.domaincontrol.com","","","clientDeleteProhibited","clientRenewProhibited","clientTransferProhibited","clientUpdateProhibited"
"13","canpervet.com","2020-05-11 20:03:46","2020-05-08","2020-05-08","2021-05-08","146","GoDaddy.com, LLC","whois.godaddy.com","http://registrar.godaddy.com","","","","","Arequipa","","Peru","","","","","","","","","","","","","","","","","","","","","","","","","","","","","","","","","","ns73.domaincontrol.com","ns74.domaincontrol.com","","","clientDeleteProhibited","clientRenewProhibited","clientTransferProhibited","clientUpdateProhibited"
"14","cashflowlatino.com","2020-05-11 20:14:31","2020-05-08","2020-05-08","2022-05-08","146","GoDaddy.com, LLC","whois.godaddy.com","http://registrar.godaddy.com","Super Simple Sac","Super Simple Sac","","","Lima","","Peru","","","","","","","","","","","","","","","","","","","","","","","","","","","","","","","","","","ns55.domaincontrol.com","ns56.domaincontrol.com","","","clientDeleteProhibited","clientRenewProhibited","clientTransferProhibited","clientUpdateProhibited"
"15","cassasalud.com","2020-05-11 20:01:04","2020-05-08","2020-05-09","2021-05-08","3775","ALIBABA.COM SINGAPORE E-COMMERCE PRIVATE LIMITED","","","","","","","Lima, Peru","","Peru","","","","","","","","","","","","","","","","","","","","","","","","","","","","","","","","","","ns1.club-soluciones.com","ns2.club-soluciones.com","","","OK","","",""
"16","ccaa17.com","2020-05-11 16:02:47","2020-05-11","2020-05-11","2021-05-11","146","GoDaddy.com, LLC","whois.godaddy.com","http://registrar.godaddy.com","CC17 Proyecto","CC17 Proyecto","","","Lima","","Peru","","","","","","","","","","","","","","","","","","","","","","","","","","","","","","","","","","ns13.domaincontrol.com","ns14.domaincontrol.com","","","clientDeleteProhibited","clientRenewProhibited","clientTransferProhibited","clientUpdateProhibited"
"17","cemakperu.com","2020-05-11 20:17:35","2020-05-09","2020-05-09","2021-05-09","146","GoDaddy.com, LLC","whois.godaddy.com","http://registrar.godaddy.com","","","","","PERU","","Peru","","","","","","","","","","","","","","","","","","","","","","","","","","","","","","","","","","ns59.domaincontrol.com","ns60.domaincontrol.com","","","clientDeleteProhibited","clientRenewProhibited","clientTransferProhibited","clientUpdateProhibited"
"18","coleccionvenper.com","2020-05-11 20:00:40","2020-05-08","2020-05-08","2021-05-08","146","GoDaddy.com, LLC","whois.godaddy.com","http://registrar.godaddy.com","","","","","LIMA","","Peru","","","","","","","","","","","","","","","","","","","","","","","","","","","","","","","","","","ns59.domaincontrol.com","ns60.domaincontrol.com","","","clientDeleteProhibited","clientRenewProhibited","clientTransferProhibited","clientUpdateProhibited"
"19","conjuntaseo.com","2020-05-11 20:14:57","2020-05-08","2020-05-08","2021-05-08","303","PDR Ltd. d/b/a PublicDomainRegistry.com","whois.publicdomainregistry.com","http://www.publicdomainregistry.com","Conjunta seo","","Lima, Lima Comas","Lima","Lima","15318","Peru","conjuntaseo@gmail.com","+51.968952155","","Conjunta seo","","Lima, Lima Comas","Lima","Lima","15318","Peru","conjuntaseo@gmail.com","+51.968952155","","Conjunta seo","","Lima, Lima Comas","Lima","Lima","15318","Peru","conjuntaseo@gmail.com","+51.968952155","","","","","","","","","","","","ns60.hostgator.mx","ns61.hostgator.mx","","","clientTransferProhibited","","",""
"20","cormintec.com","2020-05-11 19:59:18","2020-05-08","2020-05-08","2021-05-08","303","PDR Ltd. d/b/a PublicDomainRegistry.com","whois.publicdomainregistry.com","http://www.publicdomainregistry.com","Ronald","GRUPO COMPINA SAC","Av. Las flores de Primavera 182 - SJL","Lima","Lima","12330","Peru","info@compihost.net","+51.016374681","","Ronald","GRUPO COMPINA SAC","Av. Las flores de Primavera 182 - SJL","Lima","Lima","12330","Peru","info@compihost.net","+51.016374681","","Ronald","GRUPO COMPINA SAC","Av. Las flores de Primavera 182 - SJL","Lima","Lima","12330","Peru","info@compihost.net","+51.016374681","","","","","","","","","","","","ns1.compihost.com","ns2.compihost.com","","","clientTransferProhibited","","",""
"21","cortez.cloud","2020-05-11 20:54:23","2020-05-10","2020-05-10","2021-05-10","146","GoDaddy.com, LLC","whois.godaddy.com","http://registrar.godaddy.com","cennti","cennti","","","lima","","Peru","","","","","","","","","","","","","","","","","","","","","","","","","","","","","","","","","","ns13.domaincontrol.com","ns14.domaincontrol.com","","","addPeriod","clientDeleteProhibited","clientRenewProhibited","clientTransferProhibited"
"22","creditoparacasasperu.com","2020-05-11 20:16:06","2020-05-09","2020-05-09","2021-05-09","303","PDR Ltd. d/b/a PublicDomainRegistry.com","whois.publicdomainregistry.com","http://www.publicdomainregistry.com","Milagritos Andia","Soluciones Financieras","Egusquiza Ames 127 3","San Luis","Municipalidad Metropolitana de Lima","07001","Peru","mylaurpi@hotmail.com","+51.955119744","","Milagritos Andia","Soluciones Financieras","Egusquiza Ames 127 3","San Luis","Municipalidad Metropolitana de Lima","07001","Peru","mylaurpi@hotmail.com","+51.955119744","","Milagritos Andia","Soluciones Financieras","Egusquiza Ames 127 3","San Luis","Municipalidad Metropolitana de Lima","07001","Peru","mylaurpi@hotmail.com","+51.955119744","","","","","","","","","","","","ns20.prodns.mx","ns21.prodns.mx","","","clientTransferProhibited","","",""
"23","cuarentenamental.com","2020-05-11 20:02:38","2020-05-08","2020-05-08","2021-05-08","146","GoDaddy.com, LLC","whois.godaddy.com","http://registrar.godaddy.com","finder","finder","","","Lma","","Peru","","","","","","","","","","","","","","","","","","","","","","","","","","","","","","","","","","ns55.domaincontrol.com","ns56.domaincontrol.com","","","clientDeleteProhibited","clientRenewProhibited","clientTransferProhibited","clientUpdateProhibited"
"24","cuscoeducando.com","2020-05-11 20:16:23","2020-05-09","2020-05-09","2021-05-09","303","PDR Ltd. d/b/a PublicDomainRegistry.com","whois.publicdomainregistry.com","http://www.publicdomainregistry.com","saulo ballesteros","","urb dolorespata A-4, A-4 cusco","cusco","cusco","08007","Peru","saballesterosmo@gmail.com","+51.928434399","","saulo ballesteros","","urb dolorespata A-4, A-4 cusco","cusco","cusco","08007","Peru","saballesterosmo@gmail.com","+51.928434399","","saulo ballesteros","","urb dolorespata A-4, A-4 cusco","cusco","cusco","08007","Peru","saballesterosmo@gmail.com","+51.928434399","","","","","","","","","","","","ns48.hostgator.mx","ns49.hostgator.mx","","","clientTransferProhibited","","",""
"25","demonslabs.com","2020-05-11 20:06:35","2020-05-09","2020-05-09","2021-05-09","146","GoDaddy.com, LLC","whois.godaddy.com","http://registrar.godaddy.com","","","","","LIMA","","Peru","","","","","","","","","","","","","","","","","","","","","","","","","","","","","","","","","","ns59.domaincontrol.com","ns60.domaincontrol.com","","","clientDeleteProhibited","clientRenewProhibited","clientTransferProhibited","clientUpdateProhibited"
"26","desarrolla-ti.com","2020-05-11 20:01:09","2020-05-08","2020-05-08","2021-05-08","48","eNom, Inc.","whois.enom.com","http://www.enom.com","REDACTED FOR PRIVACY","REDACTED FOR PRIVACY","REDACTED FOR PRIVACY","REDACTED FOR PRIVACY","El Agustino","REDACTED FOR PRIVACY","Peru","","REDACTED FOR PRIVACY","REDACTED FOR PRIVACY","REDACTED FOR PRIVACY","REDACTED FOR PRIVACY","REDACTED FOR PRIVACY","REDACTED FOR PRIVACY","REDACTED FOR PRIVACY","REDACTED FOR PRIVACY","REDACTED FOR PRIVACY","","REDACTED FOR PRIVACY","REDACTED FOR PRIVACY","REDACTED FOR PRIVACY","REDACTED FOR PRIVACY","REDACTED FOR PRIVACY","REDACTED FOR PRIVACY","REDACTED FOR PRIVACY","REDACTED FOR PRIVACY","REDACTED FOR PRIVACY","","REDACTED FOR PRIVACY","REDACTED FOR PRIVACY","","","","","","","","","","","dns1.1hosting.com.pe","dns2.1hosting.com.pe","","","addPeriod","clientTransferProhibited","",""
"27","desdeelsurco.com","2020-05-11 20:16:16","2020-05-09","2020-05-09","2022-05-09","1154","FastDomain Inc.","whois.fastdomain.com","http://www.fastdomain.com","MATTHEW BERRY","WWW.AMERICANSINPERU.COM","AV BELLAVISTA 122, LAS CASURINAS","LIMA","","15038","Peru","mattberry210@gmail.com","+51.933543070","","MATTHEW BERRY","WWW.AMERICANSINPERU.COM","AV BELLAVISTA 122, LAS CASURINAS","LIMA","","15038","Peru","mattberry210@gmail.com","+51.933543070","","BLUEHOST INC","BLUEHOST.COM","550 E TIMPANOGOS PKWY","OREM","UTAH","84097","United States","domain@redl.ca","+1.8017659400","+1.8017651992","","","","","","","","","","","ns1.bluehost.com","ns2.bluehost.com","","","clientTransferProhibited","","",""
"28","divinaputa.com","2020-05-11 20:03:49","2020-05-08","2020-05-08","2021-05-08","146","GoDaddy.com, LLC","whois.godaddy.com","http://registrar.godaddy.com","","","","","Trujillo","","Peru","","","","","","","","","","","","","","","","","","","","","","","","","","","","","","","","","","ns15.domaincontrol.com","ns16.domaincontrol.com","","","clientDeleteProhibited","clientRenewProhibited","clientTransferProhibited","clientUpdateProhibited"
"29","elpuebloopinacaraz.com","2020-05-11 20:14:54","2020-05-08","2020-05-08","2021-05-08","303","PDR Ltd. d/b/a PublicDomainRegistry.com","whois.publicdomainregistry.com","http://www.publicdomainregistry.com","PeruServers","Peru Servers EIRL","Av Noe Bazan Peralta 302","Caraz","Ancash","05143","Peru","peruserverseirl@gmail.com","+51.940182499","","PeruServers","Peru Servers EIRL","Av Noe Bazan Peralta 302","Caraz","Ancash","05143","Peru","peruserverseirl@gmail.com","+51.940182499","","PeruServers","Peru Servers EIRL","Av Noe Bazan Peralta 302","Caraz","Ancash","05143","Peru","peruserverseirl@gmail.com","+51.940182499","","","","","","","","","","","","ns1.carazdulzura.com","ns2.carazdulzura.com","","","clientTransferProhibited","","",""
"30","essentialsplan.com","2020-05-11 20:00:37","2020-05-08","2020-05-08","2021-05-08","146","GoDaddy.com, LLC","whois.godaddy.com","http://registrar.godaddy.com","","","","","LIMA","","Peru","","","","","","","","","","","","","","","","","","","","","","","","","","","","","","","","","","ns69.domaincontrol.com","ns70.domaincontrol.com","","","clientDeleteProhibited","clientRenewProhibited","clientTransferProhibited","clientUpdateProhibited"
"31","estudiorutalegal.com","2020-05-11 20:07:33","2020-05-09","2020-05-09","2021-05-09","146","GoDaddy.com, LLC","whois.godaddy.com","http://registrar.godaddy.com","casa","casa","","","01","","Peru","","","","","","","","","","","","","","","","","","","","","","","","","","","","","","","","","","ns1.hostingonlineperu.com","ns2.hostingonlineperu.com","","","clientDeleteProhibited","clientRenewProhibited","clientTransferProhibited","clientUpdateProhibited"
"32","exitosvirtuales.com","2020-05-11 20:06:36","2020-05-09","2020-05-09","2021-05-09","146","GoDaddy.com, LLC","whois.godaddy.com","http://registrar.godaddy.com","","","","","Ica","","Peru","","","","","","","","","","","","","","","","","","","","","","","","","","","","","","","","","","ns1.adphostserver.com","ns2.adphostserver.com","","","clientDeleteProhibited","clientRenewProhibited","clientTransferProhibited","clientUpdateProhibited"
"33","fajasbodysbelt.com","2020-05-11 20:04:58","2020-05-09","2020-05-09","2022-05-09","146","GoDaddy.com, LLC","whois.godaddy.com","http://registrar.godaddy.com","","","","","LIMA","","Peru","","","","","","","","","","","","","","","","","","","","","","","","","","","","","","","","","","ns8169.hostgator.com","ns8170.hostgator.com","","","clientDeleteProhibited","clientRenewProhibited","clientTransferProhibited","clientUpdateProhibited"
"34","fifagamingperu.com","2020-05-11 20:04:21","2020-05-08","2020-05-08","2021-05-08","955","Launchpad, Inc.","whois.launchpad.com","http://www.launchpad.com","Ian Delgado Espinoza","None","Boccioni 167","Lima","LIM","15240","Peru","iandelgado412005@gmail.com","+51.923035208","","Ian Delgado Espinoza","None","Boccioni 167","Lima","LIM","15240","Peru","iandelgado412005@gmail.com","+51.923035208","","Ian Delgado Espinoza","None","Boccioni 167","Lima","LIM","15240","Peru","iandelgado412005@gmail.com","+51.923035208","","","","","","","","","","","","ns6279.hostgator.com","ns6280.hostgator.com","","","clientTransferProhibited","","",""
"35","fourseasonsarequipa.com","2020-05-11 19:55:35","2020-05-09","2020-05-09","2021-05-09","69","Tucows Domains Inc.","whois.tucows.com","http://domainhelp.opensrs.net","REDACTED FOR PRIVACY","REDACTED FOR PRIVACY","REDACTED FOR PRIVACY","REDACTED FOR PRIVACY","Per&uacute;","REDACTED FOR PRIVACY","Peru","","REDACTED FOR PRIVACY","REDACTED FOR PRIVACY","REDACTED FOR PRIVACY","REDACTED FOR PRIVACY","REDACTED FOR PRIVACY","REDACTED FOR PRIVACY","REDACTED FOR PRIVACY","REDACTED FOR PRIVACY","REDACTED FOR PRIVACY","","REDACTED FOR PRIVACY","REDACTED FOR PRIVACY","REDACTED FOR PRIVACY","REDACTED FOR PRIVACY","REDACTED FOR PRIVACY","REDACTED FOR PRIVACY","REDACTED FOR PRIVACY","REDACTED FOR PRIVACY","REDACTED FOR PRIVACY","","REDACTED FOR PRIVACY","REDACTED FOR PRIVACY","","","","","","","","","","","elliott.ns.cloudflare.com","maxine.ns.cloudflare.com","","","OK","","",""
"36","fromyourdesk.com","2020-05-11 20:14:24","2020-05-08","2020-05-08","2021-05-08","440","Wild West Domains, LLC","whois.wildwestdomains.com","http://www.wildwestdomains.com","","","","","LIMA","","Peru","","","","","","","","","","","","","","","","","","","","","","","","","","","","","","","","","","ns1.virtualsyst.com","ns2.virtualsyst.com","","","clientDeleteProhibited","clientRenewProhibited","clientTransferProhibited","clientUpdateProhibited"
"37","fundacionalmahue.com","2020-05-11 20:06:43","2020-05-09","2020-05-09","2021-05-09","146","GoDaddy.com, LLC","whois.godaddy.com","http://registrar.godaddy.com","","","","","PERU","","Peru","","","","","","","","","","","","","","","","","","","","","","","","","","","","","","","","","","ns69.domaincontrol.com","ns70.domaincontrol.com","","","clientDeleteProhibited","clientRenewProhibited","clientTransferProhibited","clientUpdateProhibited"
"38","javiervargascomunica.com","2020-05-11 20:06:21","2020-05-09","2020-05-09","2021-05-09","146","GoDaddy.com, LLC","whois.godaddy.com","http://registrar.godaddy.com","","","","","LIMA","","Peru","","","","","","","","","","","","","","","","","","","","","","","","","","","","","","","","","","ns69.domaincontrol.com","ns70.domaincontrol.com","","","clientDeleteProhibited","clientRenewProhibited","clientTransferProhibited","clientUpdateProhibited"
"39","jmpsistemas.com","2020-05-11 19:55:46","2020-05-09","2020-05-09","2021-05-09","303","PDR Ltd. d/b/a PublicDomainRegistry.com","whois.publicdomainregistry.com","http://www.publicdomainregistry.com","Rene Inca Huamani","espinar","Espinar calle cusco 2000","cusco","Cusco","08002","Peru","jmprene2@gmail.com","+51.921794971","","Rene Inca Huamani","espinar","Espinar calle cusco 2000","cusco","Cusco","08002","Peru","jmprene2@gmail.com","+51.921794971","","Rene Inca Huamani","espinar","Espinar calle cusco 2000","cusco","Cusco","08002","Peru","jmprene2@gmail.com","+51.921794971","","","","","","","","","","","","alina.ns.cloudflare.com","ram.ns.cloudflare.com","","","clientTransferProhibited","","",""
"40","josemanzaneda.com","2020-05-11 20:02:07","2020-05-08","2020-05-08","2025-05-08","146","GoDaddy.com, LLC","whois.godaddy.com","http://registrar.godaddy.com","Tread Digital Media S.A.C.","Tread Digital Media S.A.C.","","","Lima","","Peru","","","","","","","","","","","","","","","","","","","","","","","","","","","","","","","","","","ns1.401.pe","ns2.401.pe","","","clientDeleteProhibited","clientRenewProhibited","clientTransferProhibited","clientUpdateProhibited"
"41","lizardperu.com","2020-05-11 20:01:04","2020-05-08","2020-05-08","2021-05-08","2487","Internet Domain Services BS Corp","whois.publicinterestregistry.net","http://www.internetbs.net","Not disclosed Not disclosed","","Not disclosed, Not disclosed, Not disclosed","Not disclosed","","00000","Peru","2a7a7c49e314729f8c94e3b0be694f67.gdrp@customers.whoisprivacycorp.com","+1.5163872248","","Not disclosed Not disclosed","","Not disclosed, Not disclosed, Not disclosed","Not disclosed","","00000","Peru","3de737fc343c032b330d39db25499680.gdrp@customers.whoisprivacycorp.com","+1.5163872248","","Not disclosed Not disclosed","","Not disclosed, Not disclosed, Not disclosed","Not disclosed","","00000","Peru","3de737fc343c032b330d39db25499680.gdrp@customers.whoisprivacycorp.com","+1.5163872248","","","","","","","","","","","","ns1.datahostperu.net","ns2.datahostperu.net","","","clientTransferProhibited","ok","",""
"42","majesmark.com","2020-05-11 20:15:28","2020-05-09","2020-05-09","2021-05-09","303","PDR Ltd. d/b/a PublicDomainRegistry.com","whois.publicdomainregistry.com","http://www.publicdomainregistry.com","Majesmark Lab","","Lima, Lima Comas","Lima","Lima","15318","Peru","majesmarklab@gmail.com","+51.999987409","","Majesmark Lab","","Lima, Lima Comas","Lima","Lima","15318","Peru","majesmarklab@gmail.com","+51.999987409","","Majesmark Lab","","Lima, Lima Comas","Lima","Lima","15318","Peru","majesmarklab@gmail.com","+51.999987409","","","","","","","","","","","","ns56.hostgator.mx","ns57.hostgator.mx","","","clientTransferProhibited","","",""
"43","maquigroup.com","2020-05-11 20:14:46","2020-05-08","2020-05-08","2022-05-08","146","GoDaddy.com, LLC","whois.godaddy.com","http://registrar.godaddy.com","GLA SOLUCIONES EMPRESARIALES Y CONSULTORIA SAC","GLA SOLUCIONES EMPRESARIALES Y CONSULTORIA SAC","","","Lima","","Peru","","","","","","","","","","","","","","","","","","","","","","","","","","","","","","","","","","ns47.domaincontrol.com","ns48.domaincontrol.com","","","clientDeleteProhibited","clientRenewProhibited","clientTransferProhibited","clientUpdateProhibited"
"44","mascarillasyrespiradores.com","2020-05-11 20:06:36","2020-05-09","2020-05-09","2021-05-09","146","GoDaddy.com, LLC","whois.godaddy.com","http://registrar.godaddy.com","","","","","LIMA","","Peru","","","","","","","","","","","","","","","","","","","","","","","","","","","","","","","","","","ns69.domaincontrol.com","ns70.domaincontrol.com","","","clientDeleteProhibited","clientRenewProhibited","clientTransferProhibited","clientUpdateProhibited"
"45","munipaimas.com","2020-05-11 20:14:48","2020-05-08","2020-05-08","2021-05-08","303","PDR Ltd. d/b/a PublicDomainRegistry.com","whois.publicdomainregistry.com","http://www.publicdomainregistry.com","Roger Walter Gonzales","","PE Lima URB 16 DE JUNIO 15001 Lima","Lima","","15001","Peru","wamiproducciones@gmail.com","+51.929162982","","Roger Walter Gonzales","","PE Lima URB 16 DE JUNIO 15001 Lima","Lima","","15001","Peru","wamiproducciones@gmail.com","+51.929162982","","Roger Walter Gonzales","","PE Lima URB 16 DE JUNIO 15001 Lima","Lima","","15001","Peru","wamiproducciones@gmail.com","+51.929162982","","","","","","","","","","","","dns1.myhostname.uk","dns2.myhostname.uk","","","clientTransferProhibited","","",""
"46","mycare-market.com","2020-05-11 20:14:52","2020-05-08","2020-05-08","2021-05-08","48","eNom, Inc.","whois.enom.com","http://www.enom.com","REDACTED FOR PRIVACY","REDACTED FOR PRIVACY","REDACTED FOR PRIVACY","REDACTED FOR PRIVACY","Lima","REDACTED FOR PRIVACY","Peru","","REDACTED FOR PRIVACY","REDACTED FOR PRIVACY","REDACTED FOR PRIVACY","REDACTED FOR PRIVACY","REDACTED FOR PRIVACY","REDACTED FOR PRIVACY","REDACTED FOR PRIVACY","REDACTED FOR PRIVACY","REDACTED FOR PRIVACY","","REDACTED FOR PRIVACY","REDACTED FOR PRIVACY","REDACTED FOR PRIVACY","REDACTED FOR PRIVACY","REDACTED FOR PRIVACY","REDACTED FOR PRIVACY","REDACTED FOR PRIVACY","REDACTED FOR PRIVACY","REDACTED FOR PRIVACY","","REDACTED FOR PRIVACY","REDACTED FOR PRIVACY","","","","","","","","","","","ns1.aunclicperu.com","ns2.aunclicperu.com","","","addPeriod","clientTransferProhibited","",""
"47","paulgarciaremax.com","2020-05-11 20:01:04","2020-05-08","2020-05-09","2023-05-08","1591","Promo People inc.","whois.nic.fr","http://www.ait.com","REDACTED FOR PRIVACY","REDACTED FOR PRIVACY","REDACTED FOR PRIVACY","REDACTED FOR PRIVACY","REDACTED FOR PRIVACY","REDACTED FOR PRIVACY","Peru","","REDACTED FOR PRIVACY","REDACTED FOR PRIVACY","REDACTED FOR PRIVACY","REDACTED FOR PRIVACY","REDACTED FOR PRIVACY","REDACTED FOR PRIVACY","REDACTED FOR PRIVACY","REDACTED FOR PRIVACY","REDACTED FOR PRIVACY","","REDACTED FOR PRIVACY","REDACTED FOR PRIVACY","REDACTED FOR PRIVACY","REDACTED FOR PRIVACY","REDACTED FOR PRIVACY","REDACTED FOR PRIVACY","REDACTED FOR PRIVACY","REDACTED FOR PRIVACY","REDACTED FOR PRIVACY","","REDACTED FOR PRIVACY","REDACTED FOR PRIVACY","","","","","","","","","","","ns1.hostpapa.com","ns2.hostpapa.com","","","clientTransferProhibited","clientUpdateProhibited","",""
"48","picoaltoperu.com","2020-05-11 19:58:00","2020-05-08","2020-05-08","2021-05-08","146","GoDaddy.com, LLC","whois.godaddy.com","http://registrar.godaddy.com","","","","","LIMA","","Peru","","","","","","","","","","","","","","","","","","","","","","","","","","","","","","","","","","arnold.ns.cloudflare.com","sreeni.ns.cloudflare.com","","","clientDeleteProhibited","clientRenewProhibited","clientTransferProhibited","clientUpdateProhibited"
"49","plaza-home.com","2020-05-11 20:14:22","2020-05-08","2020-05-08","2021-05-08","303","PDR Ltd. d/b/a PublicDomainRegistry.com","whois.publicdomainregistry.com","http://www.publicdomainregistry.com","Paul victor Alvino Retis","","Lima","Lima","Lima","15121","Peru","mikidsperu@gmail.com","+51.992804899","","Paul victor Alvino Retis","","Lima","Lima","Lima","15121","Peru","mikidsperu@gmail.com","+51.992804899","","Paul victor Alvino Retis","","Lima","Lima","Lima","15121","Peru","mikidsperu@gmail.com","+51.992804899","","","","","","","","","","","","ns3.paramhost.net","ns4.paramhost.net","","","clientTransferProhibited","","",""
"50","policlinicosanjuanbautista.com","2020-05-11 20:01:57","2020-05-08","2020-05-08","2021-05-08","146","GoDaddy.com, LLC","whois.godaddy.com","http://registrar.godaddy.com","Policlinico San Juan Bautista","Policlinico San Juan Bautista","","","Lima","","Peru","","","","","","","","","","","","","","","","","","","","","","","","","","","","","","","","","","ns59.domaincontrol.com","ns60.domaincontrol.com","","","clientDeleteProhibited","clientRenewProhibited","clientTransferProhibited","clientUpdateProhibited"
"51","protectorsfacial.com","2020-05-11 20:14:10","2020-05-08","2020-05-08","2021-05-08","146","GoDaddy.com, LLC","whois.godaddy.com","http://registrar.godaddy.com","","","","","LIMA","","Peru","","","","","","","","","","","","","","","","","","","","","","","","","","","","","","","","","","ns47.domaincontrol.com","ns48.domaincontrol.com","","","clientDeleteProhibited","clientRenewProhibited","clientTransferProhibited","clientUpdateProhibited"
"52","saludymoringa.com","2020-05-11 19:56:42","2020-05-08","2020-05-08","2021-05-08","1005","NetEarth One Inc. d/b/a NetEarth","whois.advancedregistrar.com","http://www.netearthone.com","cristhian serquen","","av revolucion 3534","lima","lima","15001","Peru","crismonserq@gmail.com","+51.931904509","","cristhian serquen","","av revolucion 3534","lima","lima","15001","Peru","crismonserq@gmail.com","+51.931904509","","cristhian serquen","","av revolucion 3534","lima","lima","15001","Peru","crismonserq@gmail.com","+51.931904509","","","","","","","","","","","","ns4910.banahosting.com","ns4911.banahosting.com","","","clientTransferProhibited","","",""
"53","sivteso.com","2020-05-11 20:02:22","2020-05-08","2020-05-08","2021-05-08","146","GoDaddy.com, LLC","whois.godaddy.com","http://registrar.godaddy.com","SIVTESO","SIVTESO","","","LIMA","","Peru","","","","","","","","","","","","","","","","","","","","","","","","","","","","","","","","","","ns47.domaincontrol.com","ns48.domaincontrol.com","","","clientDeleteProhibited","clientRenewProhibited","clientTransferProhibited","clientUpdateProhibited"
"54","smartguru-latam.com","2020-05-11 20:14:06","2020-05-08","2020-05-08","2021-05-08","303","PDR Ltd. d/b/a PublicDomainRegistry.com","whois.publicdomainregistry.com","http://www.publicdomainregistry.com","DOMINGO MEDINA LOSNO","SRTGRH","CALLE 7 SAN BORJA LIMA","LIMA","LIMA","05101","Peru","domingomedinal@hotmail.com","+51.999918711","","DOMINGO MEDINA LOSNO","SRTGRH","CALLE 7 SAN BORJA LIMA","LIMA","LIMA","05101","Peru","domingomedinal@hotmail.com","+51.999918711","","DOMINGO MEDINA LOSNO","SRTGRH","CALLE 7 SAN BORJA LIMA","LIMA","LIMA","05101","Peru","domingomedinal@hotmail.com","+51.999918711","","","","","","","","","","","","ns1.hpserverdns.com","ns2.hpserverdns.com","","","clientTransferProhibited","","",""
"55","solutitec.com","2020-05-11 20:03:59","2020-05-08","2020-05-08","2021-05-08","303","PDR Ltd. d/b/a PublicDomainRegistry.com","whois.publicdomainregistry.com","http://www.publicdomainregistry.com","Arturo Fernandez","Negocio En Linea Peru","Gran Bretana 175","Lima","Lima","46970","Peru","arturo.fernandez.1987@gmail.com","+51.936691811","","Arturo Fernandez","Negocio En Linea Peru","Gran Bretana 175","Lima","Lima","46970","Peru","arturo.fernandez.1987@gmail.com","+51.936691811","","Arturo Fernandez","Negocio En Linea Peru","Gran Bretana 175","Lima","Lima","46970","Peru","arturo.fernandez.1987@gmail.com","+51.936691811","","","","","","","","","","","","ns1.txpro11.fcomet.com","ns2.txpro11.fcomet.com","","","clientTransferProhibited","","",""
"56","tintoke.com","2020-05-11 20:10:01","2020-05-09","2020-05-09","2021-05-09","440","Wild West Domains, LLC","whois.wildwestdomains.com","http://www.wildwestdomains.com","","","","","-- please choose --","","Peru","","","","","","","","","","","","","","","","","","","","","","","","","","","","","","","","","","ns1.apisdev.com","ns2.apisdev.com","","","clientDeleteProhibited","clientRenewProhibited","clientTransferProhibited","clientUpdateProhibited"
"57","todo-laptop.com","2020-05-11 20:03:51","2020-05-08","2020-05-08","2022-05-08","146","GoDaddy.com, LLC","whois.godaddy.com","http://registrar.godaddy.com","todo laptop","todo laptop","","","lima","","Peru","","","","","","","","","","","","","","","","","","","","","","","","","","","","","","","","","","ns47.domaincontrol.com","ns48.domaincontrol.com","","","clientDeleteProhibited","clientRenewProhibited","clientTransferProhibited","clientUpdateProhibited"
"58","todotragos.com","2020-05-11 20:03:47","2020-05-08","2020-05-08","2022-05-08","146","GoDaddy.com, LLC","whois.godaddy.com","http://registrar.godaddy.com","todo laptop","todo laptop","","","lima","","Peru","","","","","","","","","","","","","","","","","","","","","","","","","","","","","","","","","","ns47.domaincontrol.com","ns48.domaincontrol.com","","","clientDeleteProhibited","clientRenewProhibited","clientTransferProhibited","clientUpdateProhibited"
"59","trujilloclick.com","2020-05-11 20:03:30","2020-05-08","2020-05-08","2021-05-08","955","Launchpad, Inc.","whois.launchpad.com","http://www.launchpad.com","erithk uribe","None","Urb. Los Rosales de San Andres Mz P5 Lt 1 Trujillo","Trujillo","LAL","13007","Peru","eritosaurios007@hotmail.com","+51.987356687","","erithk uribe","None","Urb. Los Rosales de San Andres Mz P5 Lt 1 Trujillo","Trujillo","LAL","13007","Peru","eritosaurios007@hotmail.com","+51.987356687","","erithk uribe","None","Urb. Los Rosales de San Andres Mz P5 Lt 1 Trujillo","Trujillo","LAL","13007","Peru","eritosaurios007@hotmail.com","+51.987356687","","","","","","","","","","","","ns6089.hostgator.com","ns6090.hostgator.com","","","clientTransferProhibited","","",""
"60","ucaltechchallenge.com","2020-05-11 20:01:13","2020-05-08","2020-05-08","2021-05-08","146","GoDaddy.com, LLC","whois.godaddy.com","http://registrar.godaddy.com","INVERSIONES EDUCA S.A.","INVERSIONES EDUCA S.A.","","","Lima","","Peru","","","","","","","","","","","","","","","","","","","","","","","","","","","","","","","","","","ns59.domaincontrol.com","ns60.domaincontrol.com","","","clientDeleteProhibited","clientRenewProhibited","clientTransferProhibited","clientUpdateProhibited"
"61","unidosperonojuntos.com","2020-05-11 20:14:40","2020-05-08","2020-05-08","2021-05-08","146","GoDaddy.com, LLC","whois.godaddy.com","http://registrar.godaddy.com","","","","","LIMA","","Peru","","","","","","","","","","","","","","","","","","","","","","","","","","","","","","","","","","ns59.domaincontrol.com","ns60.domaincontrol.com","","","clientDeleteProhibited","clientRenewProhibited","clientTransferProhibited","clientUpdateProhibited"
"62","veritaweb.com","2020-05-11 20:00:29","2020-05-08","2020-05-08","2021-05-08","303","PDR Ltd. d/b/a PublicDomainRegistry.com","whois.publicdomainregistry.com","http://www.publicdomainregistry.com","Jorge Antonio Vargas","","15011, 1","Lima","Lima","15011","Peru","geancena@hotmail.com","+51.969366116","","Jorge Antonio Vargas","","15011, 1","Lima","Lima","15011","Peru","geancena@hotmail.com","+51.969366116","","Jorge Antonio Vargas","","15011, 1","Lima","Lima","15011","Peru","geancena@hotmail.com","+51.969366116","","","","","","","","","","","","ns90.hostgator.mx","ns91.hostgator.mx","","","clientTransferProhibited","","",""
"63","wearsecondchance.com","2020-05-11 20:00:48","2020-05-08","2020-05-08","2021-05-08","146","GoDaddy.com, LLC","whois.godaddy.com","http://registrar.godaddy.com","","","","","LIMA","","Peru","","","","","","","","","","","","","","","","","","","","","","","","","","","","","","","","","","olivia.ns.cloudflare.com","tanner.ns.cloudflare.com","","","clientDeleteProhibited","clientRenewProhibited","clientTransferProhibited","clientUpdateProhibited"