"num","domain_name","query_time","create_date","update_date","expiry_date","domain_registrar_id","domain_registrar_name","domain_registrar_whois","domain_registrar_url","registrant_name","registrant_company","registrant_address","registrant_city","registrant_state","registrant_zip","registrant_country","registrant_email","registrant_phone","registrant_fax","administrative_name","administrative_company","administrative_address","administrative_city","administrative_state","administrative_zip","administrative_country","administrative_email","administrative_phone","administrative_fax","technical_name","technical_company","technical_address","technical_city","technical_state","technical_zip","technical_country","technical_email","technical_phone","technical_fax","billing_name","billing_company","billing_address","billing_city","billing_state","billing_zip","billing_country","billing_email","billing_phone","billing_fax","name_server_1","name_server_2","name_server_3","name_server_4","domain_status_1","domain_status_2","domain_status_3","domain_status_4"
"1","02bh.com","2020-05-11 16:03:46","2020-05-11","2020-05-11","2021-05-11","146","GoDaddy.com, LLC","whois.godaddy.com","http://registrar.godaddy.com","","","","","NCR","","Philippines","","","","","","","","","","","","","","","","","","","","","","","","","","","","","","","","","","ns13.domaincontrol.com","ns14.domaincontrol.com","","","clientDeleteProhibited","clientRenewProhibited","clientTransferProhibited","clientUpdateProhibited"
"2","1wishhomehealthcare.com","2020-05-11 19:59:12","2020-05-08","2020-05-08","2021-05-08","146","GoDaddy.com, LLC","whois.godaddy.com","http://registrar.godaddy.com","","","","","Cebu","","Philippines","","","","","","","","","","","","","","","","","","","","","","","","","","","","","","","","","","pdns11.domaincontrol.com","pdns12.domaincontrol.com","","","clientDeleteProhibited","clientRenewProhibited","clientTransferProhibited","clientUpdateProhibited"
"3","6891hg.com","2020-05-11 17:50:16","2020-05-11","2020-05-11","2021-05-11","146","GoDaddy.com, LLC","whois.godaddy.com","http://registrar.godaddy.com","","","","","Mandaluyong","","Philippines","","","","","","","","","","","","","","","","","","","","","","","","","","","","","","","","","","cecelia.ns.cloudflare.com","vicente.ns.cloudflare.com","","","clientDeleteProhibited","clientRenewProhibited","clientTransferProhibited","clientUpdateProhibited"
"4","affordabestonestopshop.com","2020-05-11 20:01:56","2020-05-08","2020-05-08","2021-05-08","106","Ascio Technologies, Inc. Danmark - Filial af Ascio technologies, Inc. USA","whois.ascio.com","http://www.ascio.com","Not Disclosed","Not Disclosed","Not Disclosed","Not Disclosed","","Not Disclosed","Philippines","","Not Disclosed","Not Disclosed","Not Disclosed","Not Disclosed","Not Disclosed","Not Disclosed","Not Disclosed","Not Disclosed","Not Disclosed","","Not Disclosed","Not Disclosed","Not Disclosed","Not Disclosed","Not Disclosed","Not Disclosed","Not Disclosed","Not Disclosed","Not Disclosed","","Not Disclosed","Not Disclosed","","","","","","","","","","","dns1.123hjemmeside.dk","dns2.123hjemmeside.dk","dns3.123hjemmeside.dk","","OK","","",""
"5","ag111888.com","2020-05-11 20:06:46","2020-05-09","2020-05-09","2021-05-09","625","Name.com, Inc.","whois.name.com","http://www.name.com","Jenny s","Manila","Manila , Manila","Manila","Manila","1003","Philippines","domain4sa@gmail.com","+63.9052268708","","Jenny s","Manila","Manila , Manila","Manila","Manila","1003","Philippines","domain4sa@gmail.com","+63.9052268708","","Jenny s","Manila","Manila , Manila","Manila","Manila","1003","Philippines","domain4sa@gmail.com","+63.9052268708","","","","","","","","","","","","ns-1224.awsdns-25.org","ns-1999.awsdns-57.co.uk","ns-478.awsdns-59.com","ns-850.awsdns-42.net","addPeriod","clientTransferProhibited","",""
"6","baboy.delivery","2020-05-11 21:49:48","2020-05-09","2020-05-09","2021-05-09","146","GoDaddy.com, LLC","whois.godaddy.com","http://registrar.godaddy.com","REDACTED FOR PRIVACY","rfo.ph","REDACTED FOR PRIVACY","REDACTED FOR PRIVACY","Makati","REDACTED FOR PRIVACY","Philippines","","REDACTED FOR PRIVACY","REDACTED FOR PRIVACY","","","","","","","","","","","","","","","","","","","","","","","","","","","","","","","","","","","addPeriod","clientDeleteProhibited","clientRenewProhibited","clientTransferProhibited"
"7","baka.delivery","2020-05-11 21:49:49","2020-05-09","2020-05-09","2021-05-09","146","GoDaddy.com, LLC","whois.godaddy.com","http://registrar.godaddy.com","REDACTED FOR PRIVACY","rfo.ph","REDACTED FOR PRIVACY","REDACTED FOR PRIVACY","Makati","REDACTED FOR PRIVACY","Philippines","","REDACTED FOR PRIVACY","REDACTED FOR PRIVACY","","","","","","","","","","","","","","","","","","","","","","","","","","","","","","","","","","","addPeriod","clientDeleteProhibited","clientRenewProhibited","clientTransferProhibited"
"8","barapidobakingdepot.com","2020-05-11 20:09:41","2020-05-09","2020-05-09","2022-05-09","146","GoDaddy.com, LLC","whois.godaddy.com","http://registrar.godaddy.com","","","","","metro manila","","Philippines","","","","","","","","","","","","","","","","","","","","","","","","","","","","","","","","","","ns15.domaincontrol.com","ns16.domaincontrol.com","","","clientDeleteProhibited","clientRenewProhibited","clientTransferProhibited","clientUpdateProhibited"
"9","bitpos.pro","2020-05-11 05:43:04","2020-05-09","2020-05-09","2021-05-09","303","PDR Ltd. d/b/a PublicDomainRegistry.com","whois.publicdomainregistry.com","http://www.publicdomainregistry.com","","","","","Negros Oriental","","Philippines","","","","","","","","","","","","","","","","","","","","","","","","","","","","","","","","","","mona536505.earth.orderbox-dns.com","mona536505.mars.orderbox-dns.com","mona536505.venus.orderbox-dns.com","","addPeriod","clientTransferProhibited","serverTransferProhibited",""
"10","chefsideofmau.com","2020-05-11 19:55:44","2020-05-09","2020-05-09","2022-05-09","146","GoDaddy.com, LLC","whois.godaddy.com","http://registrar.godaddy.com","","","","","Rizal","","Philippines","","","","","","","","","","","","","","","","","","","","","","","","","","","","","","","","","","ns59.domaincontrol.com","ns60.domaincontrol.com","","","clientDeleteProhibited","clientRenewProhibited","clientTransferProhibited","clientUpdateProhibited"
"11","chiji.mobi","2020-05-11 02:52:28","2020-05-09","2020-05-09","2021-05-09","146","GoDaddy.com, LLC","whois.godaddy.com","http://registrar.godaddy.com","asdsad","asdsad","","","manila","","Philippines","","","","","","","","","","","","","","","","","","","","","","","","","","","","","","","","","","ns45.domaincontrol.com","ns46.domaincontrol.com","","","addPeriod","clientDeleteProhibited","clientRenewProhibited","clientTransferProhibited"
"12","fishporter.com","2020-05-11 20:06:29","2020-05-09","2020-05-09","2022-05-09","146","GoDaddy.com, LLC","whois.godaddy.com","http://registrar.godaddy.com","","","","","mm","","Philippines","","","","","","","","","","","","","","","","","","","","","","","","","","","","","","","","","","ns69.domaincontrol.com","ns70.domaincontrol.com","","","clientDeleteProhibited","clientRenewProhibited","clientTransferProhibited","clientUpdateProhibited"
"13","glentenorio.com","2020-05-11 20:07:52","2020-05-09","2020-05-09","2022-05-09","49","GMO Internet Inc.","whois.discount-domain.com","http://www.onamae.com","Glen Jose Tenorio","Glen Jose Tenorio","Zone 3 257","Tanauan City","4232","4232","Philippines","glentenorio@gmail.com","+63.9156340528","","Glen Jose Tenorio","Glen Jose Tenorio","Zone 3 257","Tanauan City","4232","4232","Philippines","glentenorio@gmail.com","+63.9156340528","","Glen Jose Tenorio","Glen Jose Tenorio","Zone 3 257","Tanauan City","4232","4232","Philippines","glentenorio@gmail.com","+63.9156340528","","","","","","","","","","","","freedns1.registrar-servers.com","freedns2.registrar-servers.com","freedns3.registrar-servers.com","freedns4.registrar-servers.com","OK","","",""
"14","goodifyco.com","2020-05-11 20:15:46","2020-05-09","2020-05-09","2021-05-09","146","GoDaddy.com, LLC","whois.godaddy.com","http://registrar.godaddy.com","OJMD Solutions Philippines","OJMD Solutions Philippines","","","Rizal","","Philippines","","","","","","","","","","","","","","","","","","","","","","","","","","","","","","","","","","ns69.domaincontrol.com","ns70.domaincontrol.com","","","clientDeleteProhibited","clientRenewProhibited","clientTransferProhibited","clientUpdateProhibited"
"15","healthybarleygrass.com","2020-05-11 20:17:28","2020-05-09","2020-05-09","2021-05-09","146","GoDaddy.com, LLC","whois.godaddy.com","http://registrar.godaddy.com","","","","","Manila","","Philippines","","","","","","","","","","","","","","","","","","","","","","","","","","","","","","","","","","ns47.domaincontrol.com","ns48.domaincontrol.com","","","clientDeleteProhibited","clientRenewProhibited","clientTransferProhibited","clientUpdateProhibited"
"16","ikawangboss.com","2020-05-11 20:09:40","2020-05-09","2020-05-09","2021-05-09","146","GoDaddy.com, LLC","whois.godaddy.com","http://registrar.godaddy.com","","","","","Albay","","Philippines","","","","","","","","","","","","","","","","","","","","","","","","","","","","","","","","","","ns69.domaincontrol.com","ns70.domaincontrol.com","","","clientDeleteProhibited","clientRenewProhibited","clientTransferProhibited","clientUpdateProhibited"
"17","ingredients.delivery","2020-05-11 21:50:55","2020-05-09","2020-05-09","2021-05-09","146","GoDaddy.com, LLC","whois.godaddy.com","http://registrar.godaddy.com","REDACTED FOR PRIVACY","rfo.ph","REDACTED FOR PRIVACY","REDACTED FOR PRIVACY","Makati","REDACTED FOR PRIVACY","Philippines","","REDACTED FOR PRIVACY","REDACTED FOR PRIVACY","","","","","","","","","","","","","","","","","","","","","","","","","","","","","","","","","","","addPeriod","clientDeleteProhibited","clientRenewProhibited","clientTransferProhibited"
"18","isda.delivery","2020-05-11 21:50:58","2020-05-09","2020-05-09","2021-05-09","146","GoDaddy.com, LLC","whois.godaddy.com","http://registrar.godaddy.com","REDACTED FOR PRIVACY","rfo.ph","REDACTED FOR PRIVACY","REDACTED FOR PRIVACY","Makati","REDACTED FOR PRIVACY","Philippines","","REDACTED FOR PRIVACY","REDACTED FOR PRIVACY","","","","","","","","","","","","","","","","","","","","","","","","","","","","","","","","","","","addPeriod","clientDeleteProhibited","clientRenewProhibited","clientTransferProhibited"
"19","kape.delivery","2020-05-11 21:50:56","2020-05-09","2020-05-09","2021-05-09","146","GoDaddy.com, LLC","whois.godaddy.com","http://registrar.godaddy.com","REDACTED FOR PRIVACY","rfo.ph","REDACTED FOR PRIVACY","REDACTED FOR PRIVACY","Makati","REDACTED FOR PRIVACY","Philippines","","REDACTED FOR PRIVACY","REDACTED FOR PRIVACY","","","","","","","","","","","","","","","","","","","","","","","","","","","","","","","","","","","addPeriod","clientDeleteProhibited","clientRenewProhibited","clientTransferProhibited"
"20","letscookpare.com","2020-05-11 20:06:40","2020-05-09","2020-05-09","2021-05-09","1005","NetEarth One Inc. d/b/a NetEarth","whois.advancedregistrar.com","http://www.netearthone.com","Don Coeli","Lattice Systems, Inc.","2105B West Tower, PSE Bldg. Exchange Road, Ortigas","Pasig City","Metro Manila","1000","Philippines","dcoeli@latticesystems.com","+63.6673152","","Don Coeli","Lattice Systems, Inc.","2105B West Tower, PSE Bldg. Exchange Road, Ortigas","Pasig City","Metro Manila","1000","Philippines","dcoeli@latticesystems.com","+63.6673152","","Don Coeli","Lattice Systems, Inc.","2105B West Tower, PSE Bldg. Exchange Road, Ortigas","Pasig City","Metro Manila","1000","Philippines","dcoeli@latticesystems.com","+63.6673152","","","","","","","","","","","","ns.latticesystems.com","ns2.latticesystems.com","","","clientTransferProhibited","","",""
"21","mandaue-stores.com","2020-05-11 20:07:51","2020-05-09","2020-05-09","2021-05-09","303","PDR Ltd. d/b/a PublicDomainRegistry.com","whois.publicdomainregistry.com","http://www.publicdomainregistry.com","Bob Ger","MandaueStore","Umapad","Mandaue","Cebu","6014","Philippines","ugerez@yahoo.com","+63.9993088141","","Bob Ger","MandaueStore","Umapad","Mandaue","Cebu","6014","Philippines","ugerez@yahoo.com","+63.9993088141","","Bob Ger","MandaueStore","Umapad","Mandaue","Cebu","6014","Philippines","ugerez@yahoo.com","+63.9993088141","","","","","","","","","","","","ns1.dns-parking.com","ns2.dns-parking.com","","","clientTransferProhibited","","",""
"22","masaganangpilipino.com","2020-05-11 20:09:56","2020-05-09","2020-05-09","2021-05-09","69","Tucows Domains Inc.","whois.tucows.com","http://domainhelp.opensrs.net","REDACTED FOR PRIVACY","REDACTED FOR PRIVACY","REDACTED FOR PRIVACY","REDACTED FOR PRIVACY","State / Province","REDACTED FOR PRIVACY","Philippines","","REDACTED FOR PRIVACY","REDACTED FOR PRIVACY","REDACTED FOR PRIVACY","REDACTED FOR PRIVACY","REDACTED FOR PRIVACY","REDACTED FOR PRIVACY","REDACTED FOR PRIVACY","REDACTED FOR PRIVACY","REDACTED FOR PRIVACY","","REDACTED FOR PRIVACY","REDACTED FOR PRIVACY","REDACTED FOR PRIVACY","REDACTED FOR PRIVACY","REDACTED FOR PRIVACY","REDACTED FOR PRIVACY","REDACTED FOR PRIVACY","REDACTED FOR PRIVACY","REDACTED FOR PRIVACY","","REDACTED FOR PRIVACY","REDACTED FOR PRIVACY","","","","","","","","","","","ns1.sitesell.com","ns2.sitesell.com","","","OK","","",""
"23","newheightstrading.com","2020-05-11 20:05:30","2020-05-09","2020-05-09","2021-05-09","303","PDR Ltd. d/b/a PublicDomainRegistry.com","whois.publicdomainregistry.com","http://www.publicdomainregistry.com","Fortunato Acab","CAZJE","51 Alejo Road , Bintog 51 Alejo Road , Bintog","Plaridel","Bulacan","3004","Philippines","newheightstrading@yahoo.com","+63.9777965074","","Fortunato Acab","CAZJE","51 Alejo Road , Bintog 51 Alejo Road , Bintog","Plaridel","Bulacan","3004","Philippines","newheightstrading@yahoo.com","+63.9777965074","","Fortunato Acab","CAZJE","51 Alejo Road , Bintog 51 Alejo Road , Bintog","Plaridel","Bulacan","3004","Philippines","newheightstrading@yahoo.com","+63.9777965074","","","","","","","","","","","","ns1.web.net.ph","ns2.web.net.ph","ns3.web.net.ph","ns4.web.net.ph","clientTransferProhibited","","",""
"24","peaceabledream.com","2020-05-11 20:15:27","2020-05-09","2020-05-09","2022-05-09","146","GoDaddy.com, LLC","whois.godaddy.com","http://registrar.godaddy.com","","","","","metro manila","","Philippines","","","","","","","","","","","","","","","","","","","","","","","","","","","","","","","","","","ns15.domaincontrol.com","ns16.domaincontrol.com","","","clientDeleteProhibited","clientRenewProhibited","clientTransferProhibited","clientUpdateProhibited"
"25","seafoods.delivery","2020-05-11 21:50:56","2020-05-09","2020-05-09","2021-05-09","146","GoDaddy.com, LLC","whois.godaddy.com","http://registrar.godaddy.com","REDACTED FOR PRIVACY","rfo.ph","REDACTED FOR PRIVACY","REDACTED FOR PRIVACY","Makati","REDACTED FOR PRIVACY","Philippines","","REDACTED FOR PRIVACY","REDACTED FOR PRIVACY","","","","","","","","","","","","","","","","","","","","","","","","","","","","","","","","","","","addPeriod","clientDeleteProhibited","clientRenewProhibited","clientTransferProhibited"
"26","thepresidentnews.com","2020-05-11 20:17:34","2020-05-09","2020-05-09","2021-05-09","1154","FastDomain Inc.","whois.fastdomain.com","http://www.fastdomain.com","DUKE RENZ PENARANDA","","A. PIGAFETTA STREET","CEBU","","6000","Philippines","dukerenz.penaranda@gmail.com","+63.9260222160","","DUKE RENZ PENARANDA","","A. PIGAFETTA STREET","CEBU","","6000","Philippines","dukerenz.penaranda@gmail.com","+63.9260222160","","BLUEHOST INC","BLUEHOST.COM","550 E TIMPANOGOS PKWY","OREM","UTAH","84097","United States","domain@redl.ca","+1.8017659400","+1.8017651992","","","","","","","","","","","ns1.bluehost.com","ns2.bluehost.com","","","clientTransferProhibited","","",""
"27","zibojian.com","2020-05-11 19:55:10","2020-05-09","2020-05-09","2022-05-09","146","GoDaddy.com, LLC","whois.godaddy.com","http://registrar.godaddy.com","","","","","123456","","Philippines","","","","","","","","","","","","","","","","","","","","","","","","","","","","","","","","","","ns69.domaincontrol.com","ns70.domaincontrol.com","","","clientDeleteProhibited","clientRenewProhibited","clientTransferProhibited","clientUpdateProhibited"
"28","zn776.com","2020-05-11 14:32:35","2020-05-11","2020-05-11","2021-05-11","146","GoDaddy.com, LLC","whois.godaddy.com","http://registrar.godaddy.com","asdefefdqwd4","asdefefdqwd4","","","Maynila","","Philippines","","","","","","","","","","","","","","","","","","","","","","","","","","","","","","","","","","ns27.domaincontrol.com","ns28.domaincontrol.com","","","clientDeleteProhibited","clientRenewProhibited","clientTransferProhibited","clientUpdateProhibited"