"num","domain_name","query_time","create_date","update_date","expiry_date","domain_registrar_id","domain_registrar_name","domain_registrar_whois","domain_registrar_url","registrant_name","registrant_company","registrant_address","registrant_city","registrant_state","registrant_zip","registrant_country","registrant_email","registrant_phone","registrant_fax","administrative_name","administrative_company","administrative_address","administrative_city","administrative_state","administrative_zip","administrative_country","administrative_email","administrative_phone","administrative_fax","technical_name","technical_company","technical_address","technical_city","technical_state","technical_zip","technical_country","technical_email","technical_phone","technical_fax","billing_name","billing_company","billing_address","billing_city","billing_state","billing_zip","billing_country","billing_email","billing_phone","billing_fax","name_server_1","name_server_2","name_server_3","name_server_4","domain_status_1","domain_status_2","domain_status_3","domain_status_4"
"1","2italy.info","2020-05-12 01:07:35","2020-05-10","2020-05-10","2021-05-10","1606","Limited Liability Company 'Registrar of domain names REG.RU'","whois.reg.ru","http://www.reg.ru","Privacy Protection","Privacy Protection","","","","","Russian Federation","","","","","","","","","","","","","","","","","","","","","","","","","","","","","","","","","","ns118.inhostedns.com","ns218.inhostedns.net","ns318.inhostedns.org","","addPeriod","clientTransferProhibited","serverTransferProhibited",""
"2","ad-payments.com","2020-05-11 20:00:55","2020-05-09","2020-05-09","2021-05-09","1606","Limited Liability Company 'Registrar of domain names REG.RU'","whois.reg.ru","http://www.reg.ru","Protection of Private Person","","PO box 87, REG.RU Protection Service","Moscow","","123007","Russian Federation","ad-payments.com@regprivate.ru","+7.4955801111","+7.4955801111","Protection of Private Person","","PO box 87, REG.RU Protection Service","Moscow","","123007","Russian Federation","ad-payments.com@regprivate.ru","+7.4955801111","+7.4955801111","Protection of Private Person","","PO box 87, REG.RU Protection Service","Moscow","","123007","Russian Federation","ad-payments.com@regprivate.ru","+7.4955801111","+7.4955801111","","","","","","","","","","","cora.ns.cloudflare.com","jay.ns.cloudflare.com","","","clientTransferProhibited","","",""
"3","adv-payment.com","2020-05-11 20:00:37","2020-05-09","2020-05-09","2021-05-09","1606","Limited Liability Company 'Registrar of domain names REG.RU'","whois.reg.ru","http://www.reg.ru","Protection of Private Person","","PO box 87, REG.RU Protection Service","Moscow","","123007","Russian Federation","adv-payment.com@regprivate.ru","+7.4955801111","+7.4955801111","Protection of Private Person","","PO box 87, REG.RU Protection Service","Moscow","","123007","Russian Federation","adv-payment.com@regprivate.ru","+7.4955801111","+7.4955801111","Protection of Private Person","","PO box 87, REG.RU Protection Service","Moscow","","123007","Russian Federation","adv-payment.com@regprivate.ru","+7.4955801111","+7.4955801111","","","","","","","","","","","cora.ns.cloudflare.com","jay.ns.cloudflare.com","","","clientTransferProhibited","","",""
"4","alievmagomed.com","2020-05-11 19:58:06","2020-05-08","2020-05-08","2022-05-08","625","Name.com, Inc.","whois.name.com","http://www.name.com","Magomed Aliev","","Moscow, Russia","Moscow","Moscow","121165","Russian Federation","steam.30mb1@gmail.com","+7.9652397472","","Magomed Aliev","","Moscow, Russia","Moscow","Moscow","121165","Russian Federation","steam.30mb1@gmail.com","+7.9652397472","","Magomed Aliev","","Moscow, Russia","Moscow","Moscow","121165","Russian Federation","steam.30mb1@gmail.com","+7.9652397472","","","","","","","","","","","","ns1mpz.name.com","ns2bkr.name.com","ns3cpr.name.com","ns4jpz.name.com","addPeriod","clientTransferProhibited","",""
"5","allrecipes.pro","2020-05-11 05:38:38","2020-05-09","2020-05-09","2021-05-09","1449","URL Solutions, Inc.","whois.pananames.com","http://www.panamanames.com","Private Person","Private Person","","","Moskva","","Russian Federation","","","","","","","","","","","","","","","","","","","","","","","","","","","","","","","","","","ns7.fozzy.com","ns8.fozzy.com","","","addPeriod","clientTransferProhibited","serverTransferProhibited",""
"6","allyourhomedesign.com","2020-05-11 20:17:45","2020-05-09","2020-05-09","2021-05-09","1606","Limited Liability Company 'Registrar of domain names REG.RU'","whois.reg.ru","http://www.reg.ru","Protection of Private Person","","PO box 87, REG.RU Protection Service","Moscow","","123007","Russian Federation","allyourhomedesign.com@regprivate.ru","+7.4955801111","+7.4955801111","Protection of Private Person","","PO box 87, REG.RU Protection Service","Moscow","","123007","Russian Federation","allyourhomedesign.com@regprivate.ru","+7.4955801111","+7.4955801111","Protection of Private Person","","PO box 87, REG.RU Protection Service","Moscow","","123007","Russian Federation","allyourhomedesign.com@regprivate.ru","+7.4955801111","+7.4955801111","","","","","","","","","","","buck.ns.cloudflare.com","ophelia.ns.cloudflare.com","","","clientTransferProhibited","","",""
"7","anoha-web.com","2020-05-11 20:15:49","2020-05-09","2020-05-09","2021-05-09","303","PDR Ltd. d/b/a PublicDomainRegistry.com","whois.publicdomainregistry.com","http://www.publicdomainregistry.com","Dmitriy Anokhin","private person","Ul. Admiralskogo 8/1, kv. 94","Pyatigorsk","Stavropolskiy kray","357500","Russian Federation","dimonkmv@gmail.com","+7.9614452435","+7.9614452435","Dmitriy Anokhin","private person","Ul. Admiralskogo 8/1, kv. 94","Pyatigorsk","Stavropolskiy kray","357500","Russian Federation","dimonkmv@gmail.com","+7.9614452435","+7.9614452435","Dmitriy Anokhin","private person","Ul. Admiralskogo 8/1, kv. 94","Pyatigorsk","Stavropolskiy kray","357500","Russian Federation","dimonkmv@gmail.com","+7.9614452435","+7.9614452435","","","","","","","","","","","ns1.handyhost.ru","ns2.handyhost.ru","","","clientTransferProhibited","","",""
"8","application-required.com","2020-05-11 20:14:09","2020-05-08","2020-05-10","2021-05-08","1606","Limited Liability Company 'Registrar of domain names REG.RU'","whois.reg.ru","http://www.reg.ru","Protection of Private Person","","PO box 87, REG.RU Protection Service","Moscow","","123007","Russian Federation","application-required.com@regprivate.ru","+7.4955801111","+7.4955801111","Protection of Private Person","","PO box 87, REG.RU Protection Service","Moscow","","123007","Russian Federation","application-required.com@regprivate.ru","+7.4955801111","+7.4955801111","Protection of Private Person","","PO box 87, REG.RU Protection Service","Moscow","","123007","Russian Federation","application-required.com@regprivate.ru","+7.4955801111","+7.4955801111","","","","","","","","","","","ns-117.awsdns-14.com","ns-1373.awsdns-43.org","ns-1803.awsdns-33.co.uk","ns-866.awsdns-44.net","clientTransferProhibited","","",""
"9","atsalert.com","2020-05-11 20:15:51","2020-05-09","2020-05-09","2021-05-09","1606","Limited Liability Company 'Registrar of domain names REG.RU'","whois.reg.ru","http://www.reg.ru","Protection of Private Person","","PO box 87, REG.RU Protection Service","Moscow","","123007","Russian Federation","atsalert.com@regprivate.ru","+7.4955801111","+7.4955801111","Protection of Private Person","","PO box 87, REG.RU Protection Service","Moscow","","123007","Russian Federation","atsalert.com@regprivate.ru","+7.4955801111","+7.4955801111","Protection of Private Person","","PO box 87, REG.RU Protection Service","Moscow","","123007","Russian Federation","atsalert.com@regprivate.ru","+7.4955801111","+7.4955801111","","","","","","","","","","","ns1.hosting.reg.ru","ns2.hosting.reg.ru","","","clientTransferProhibited","","",""
"10","avtoz.pro","2020-05-11 05:43:04","2020-05-09","2020-05-09","2021-05-09","303","PDR Ltd. d/b/a PublicDomainRegistry.com","whois.publicdomainregistry.com","http://www.publicdomainregistry.com","Not Applicable","Not Applicable","","","Moskovskaya oblast","","Russian Federation","","","","","","","","","","","","","","","","","","","","","","","","","","","","","","","","","","ns1.beget.com","ns1.beget.pro","ns2.beget.com","ns2.beget.pro","addPeriod","clientTransferProhibited","serverTransferProhibited",""
"11","bestcannabuy.com","2020-05-11 20:16:01","2020-05-09","2020-05-09","2021-05-09","1606","Limited Liability Company 'Registrar of domain names REG.RU'","whois.reg.ru","http://www.reg.ru","Mikhail Semenov","Private Person","Fruit street 5","Moscow","Moscow","127545","Russian Federation","mikhail80@inbox.ru","+7.9262832060","","Mikhail Semenov","Private Person","Fruit street 5","Moscow","Moscow","127545","Russian Federation","mikhail80@inbox.ru","+7.9262832060","","Mikhail Semenov","Private Person","Fruit street 5","Moscow","Moscow","127545","Russian Federation","mikhail80@inbox.ru","+7.9262832060","","","","","","","","","","","","ns1.firstvds.ru","ns2.firstvds.ru","","","clientTransferProhibited","","",""
"12","big-servers.com","2020-05-11 20:01:59","2020-05-08","2020-05-08","2021-05-08","146","GoDaddy.com, LLC","whois.godaddy.com","http://registrar.godaddy.com","","","","","Alabama","","Russian Federation","","","","","","","","","","","","","","","","","","","","","","","","","","","","","","","","","","elliot.ns.cloudflare.com","kami.ns.cloudflare.com","","","clientDeleteProhibited","clientRenewProhibited","clientTransferProhibited","clientUpdateProhibited"
"13","bongocams7.com","2020-05-11 20:16:18","2020-05-09","2020-05-09","2021-05-09","1606","Limited Liability Company 'Registrar of domain names REG.RU'","whois.reg.ru","http://www.reg.ru","Protection of Private Person","","PO box 87, REG.RU Protection Service","Moscow","","123007","Russian Federation","bongocams7.com@regprivate.ru","+7.4955801111","+7.4955801111","Protection of Private Person","","PO box 87, REG.RU Protection Service","Moscow","","123007","Russian Federation","bongocams7.com@regprivate.ru","+7.4955801111","+7.4955801111","Protection of Private Person","","PO box 87, REG.RU Protection Service","Moscow","","123007","Russian Federation","bongocams7.com@regprivate.ru","+7.4955801111","+7.4955801111","","","","","","","","","","","ns1.domainparking.ru","ns2.domainparking.ru","","","clientTransferProhibited","","",""
"14","buckschalk.com","2020-05-11 20:10:53","2020-05-09","2020-05-09","2021-05-09","1606","Limited Liability Company 'Registrar of domain names REG.RU'","whois.reg.ru","http://www.reg.ru","Protection of Private Person","","PO box 87, REG.RU Protection Service","Moscow","","123007","Russian Federation","buckschalk.com@regprivate.ru","+7.4955801111","+7.4955801111","Protection of Private Person","","PO box 87, REG.RU Protection Service","Moscow","","123007","Russian Federation","buckschalk.com@regprivate.ru","+7.4955801111","+7.4955801111","Protection of Private Person","","PO box 87, REG.RU Protection Service","Moscow","","123007","Russian Federation","buckschalk.com@regprivate.ru","+7.4955801111","+7.4955801111","","","","","","","","","","","adaline.ns.cloudflare.com","kianchau.ns.cloudflare.com","","","clientTransferProhibited","","",""
"15","casinox-com2.com","2020-05-11 20:12:17","2020-05-09","2020-05-09","2021-05-09","1111","DomainContext, Inc.","whois.domaincontext.com","http://www.domaincontext.com","Andrey Skalev","Private person","Bolshaya Raznochinnaya 17","Sankt-Peterburg","Sankt-Peterburg","197110","Russian Federation","andreyskalev@yandex.ru","+7.9967956510","+7.9967956510","Andrey Skalev","Private person","Bolshaya Raznochinnaya 17","Sankt-Peterburg","Sankt-Peterburg","197110","Russian Federation","andreyskalev@yandex.ru","+7.9967956510","+7.9967956510","Andrey Skalev","Private person","Bolshaya Raznochinnaya 17","Sankt-Peterburg","Sankt-Peterburg","197110","Russian Federation","andreyskalev@yandex.ru","+7.9967956510","+7.9967956510","","","","","","","","","","","bonnie.ns.cloudflare.com","jake.ns.cloudflare.com","","","clientTransferProhibited","","",""
"16","changinglifetips.com","2020-05-11 19:56:46","2020-05-08","2020-05-08","2021-05-08","1606","Limited Liability Company 'Registrar of domain names REG.RU'","whois.reg.ru","http://www.reg.ru","Protection of Private Person","","PO box 87, REG.RU Protection Service","Moscow","","123007","Russian Federation","changinglifetips.com@regprivate.ru","+7.4955801111","+7.4955801111","Protection of Private Person","","PO box 87, REG.RU Protection Service","Moscow","","123007","Russian Federation","changinglifetips.com@regprivate.ru","+7.4955801111","+7.4955801111","Protection of Private Person","","PO box 87, REG.RU Protection Service","Moscow","","123007","Russian Federation","changinglifetips.com@regprivate.ru","+7.4955801111","+7.4955801111","","","","","","","","","","","cris.ns.cloudflare.com","meg.ns.cloudflare.com","","","clientTransferProhibited","","",""
"17","charmcityvacancy.com","2020-05-11 20:00:47","2020-05-08","","2021-05-08","1505","Gransy s.r.o. d/b/a subreg.cz","whois.regtons.com","http://regtons.com","Not Disclosed Not Disclosed","","Not Disclosed","Not Disclosed","Permskiy kray","Not Disclosed","Russian Federation","webproxy@whoisprotection.domains","Not Disclosed","Not Disclosed","Not Disclosed Not Disclosed","","Not Disclosed","Not Disclosed","Not Disclosed","Not Disclosed","Not Disclosed","webproxy@whoisprotection.domains","Not Disclosed","Not Disclosed","Not Disclosed Not Disclosed","","Not Disclosed","Not Disclosed","Not Disclosed","Not Disclosed","Not Disclosed","webproxy@whoisprotection.domains","Not Disclosed","Not Disclosed","","","","","","","","","","","ns1.zomro.net","ns2.zomro.ru","ns3.zomro.com","ns4.zomro.su","","","",""
"18","chat-xxx.com","2020-05-11 19:55:41","2020-05-09","2020-05-09","2021-05-09","146","GoDaddy.com, LLC","whois.godaddy.com","http://registrar.godaddy.com","","","","","\u041c\u043e\u0441\u043a\u0432\u0430","","Russian Federation","","","","","","","","","","","","","","","","","","","","","","","","","","","","","","","","","","ns55.domaincontrol.com","ns56.domaincontrol.com","","","clientDeleteProhibited","clientRenewProhibited","clientTransferProhibited","clientUpdateProhibited"
"19","chikibrik.com","2020-05-11 20:00:46","2020-05-08","2020-05-09","2021-05-08","1505","Gransy s.r.o. d/b/a subreg.cz","whois.regtons.com","http://regtons.com","Not Disclosed Not Disclosed","","Not Disclosed","Not Disclosed","Moskovskaya","Not Disclosed","Russian Federation","webproxy@whoisprotection.domains","Not Disclosed","Not Disclosed","Not Disclosed Not Disclosed","","Not Disclosed","Not Disclosed","Not Disclosed","Not Disclosed","Not Disclosed","webproxy@whoisprotection.domains","Not Disclosed","Not Disclosed","Not Disclosed Not Disclosed","","Not Disclosed","Not Disclosed","Not Disclosed","Not Disclosed","Not Disclosed","webproxy@whoisprotection.domains","Not Disclosed","Not Disclosed","","","","","","","","","","","mitchell.ns.cloudflare.com","sloan.ns.cloudflare.com","","","OK","","",""
"20","christineframe.com","2020-05-11 20:04:01","2020-05-08","2020-05-08","2021-05-08","1606","Limited Liability Company 'Registrar of domain names REG.RU'","whois.reg.ru","http://www.reg.ru","Sergei Zhizhoma","Private Person","ul. Krasnoarmeiskaya, 44-b, kv. 21","g. Yalta","Respublika Krim","298607","Russian Federation","s.zhizhoma@gmail.com","+7.9788554244","","Sergei Zhizhoma","Private Person","ul. Krasnoarmeiskaya, 44-b, kv. 21","g. Yalta","Respublika Krim","298607","Russian Federation","s.zhizhoma@gmail.com","+7.9788554244","","Sergei Zhizhoma","Private Person","ul. Krasnoarmeiskaya, 44-b, kv. 21","g. Yalta","Respublika Krim","298607","Russian Federation","s.zhizhoma@gmail.com","+7.9788554244","","","","","","","","","","","","ns1.hosting.reg.ru","ns2.hosting.reg.ru","","","clientTransferProhibited","","",""
"21","clipmakershop.com","2020-05-11 19:55:40","2020-05-09","2020-05-09","2021-05-09","146","GoDaddy.com, LLC","whois.godaddy.com","http://registrar.godaddy.com","","","","","Stavropol","","Russian Federation","","","","","","","","","","","","","","","","","","","","","","","","","","","","","","","","","","ns55.domaincontrol.com","ns56.domaincontrol.com","","","clientDeleteProhibited","clientRenewProhibited","clientTransferProhibited","clientUpdateProhibited"
"22","cloudymasterbrand.com","2020-05-11 19:56:59","2020-05-08","2020-05-08","2021-05-08","1606","Limited Liability Company 'Registrar of domain names REG.RU'","whois.reg.ru","http://www.reg.ru","Ivan Bannikov","Private Person","Dubrovitsy, 4, 16","Podolsk","Moscow region","142132","Russian Federation","cloudy-master@yandex.ru","+7.9150121925","","Ivan Bannikov","Private Person","Dubrovitsy, 4, 16","Podolsk","Moscow region","142132","Russian Federation","cloudy-master@yandex.ru","+7.9150121925","","Ivan Bannikov","Private Person","Dubrovitsy, 4, 16","Podolsk","Moscow region","142132","Russian Federation","cloudy-master@yandex.ru","+7.9150121925","","","","","","","","","","","","ns1.selectel.org","ns2.selectel.org","ns3.selectel.org","ns4.selectel.org","clientTransferProhibited","","",""
"23","dayofthedeadblog.com","2020-05-11 20:00:44","2020-05-08","","2021-05-08","1505","Gransy s.r.o. d/b/a subreg.cz","whois.regtons.com","http://regtons.com","Not Disclosed Not Disclosed","","Not Disclosed","Not Disclosed","Permskiy kray","Not Disclosed","Russian Federation","webproxy@whoisprotection.domains","Not Disclosed","Not Disclosed","Not Disclosed Not Disclosed","","Not Disclosed","Not Disclosed","Not Disclosed","Not Disclosed","Not Disclosed","webproxy@whoisprotection.domains","Not Disclosed","Not Disclosed","Not Disclosed Not Disclosed","","Not Disclosed","Not Disclosed","Not Disclosed","Not Disclosed","Not Disclosed","webproxy@whoisprotection.domains","Not Disclosed","Not Disclosed","","","","","","","","","","","ns1.zomro.net","ns2.zomro.ru","ns3.zomro.com","ns4.zomro.su","","","",""
"24","every.fail","2020-05-11 23:18:09","2020-05-09","2020-05-09","2021-05-09","625","Name.com, Inc.","whois.name.com","http://www.name.com","REDACTED FOR PRIVACY","Every","REDACTED FOR PRIVACY","REDACTED FOR PRIVACY","Novosibirskaya oblast","REDACTED FOR PRIVACY","Russian Federation","","REDACTED FOR PRIVACY","REDACTED FOR PRIVACY","","","","","","","","","","","","","","","","","","","","","","","","","","","","","","","","","","","addPeriod","clientTransferProhibited","",""
"25","geek-bird.com","2020-05-11 20:14:34","2020-05-08","2020-05-08","2021-05-08","1606","Limited Liability Company 'Registrar of domain names REG.RU'","whois.reg.ru","http://www.reg.ru","Protection of Private Person","","PO box 87, REG.RU Protection Service","Moscow","","123007","Russian Federation","geek-bird.com@regprivate.ru","+7.4955801111","+7.4955801111","Protection of Private Person","","PO box 87, REG.RU Protection Service","Moscow","","123007","Russian Federation","geek-bird.com@regprivate.ru","+7.4955801111","+7.4955801111","Protection of Private Person","","PO box 87, REG.RU Protection Service","Moscow","","123007","Russian Federation","geek-bird.com@regprivate.ru","+7.4955801111","+7.4955801111","","","","","","","","","","","ns1.hosting.reg.ru","ns2.hosting.reg.ru","","","clientTransferProhibited","","",""
"26","giveaway-facebook.com","2020-05-11 20:01:13","2020-05-08","2020-05-08","2021-05-08","303","PDR Ltd. d/b/a PublicDomainRegistry.com","whois.publicdomainregistry.com","http://www.publicdomainregistry.com","Aleksandr V Shalohin","","P. Ivanteevka, ul. Tolmacheva, d. 8, kv 2","","","555557","Russian Federation","sanof87284@mailcupp.com","+7.9613657793","","Aleksandr V Shalohin","","P. Ivanteevka, ul. Tolmacheva, d. 8, kv 2","","","555557","Russian Federation","sanof87284@mailcupp.com","+7.9613657793","","Aleksandr V Shalohin","","P. Ivanteevka, ul. Tolmacheva, d. 8, kv 2","","","555557","Russian Federation","sanof87284@mailcupp.com","+7.9613657793","","","","","","","","","","","","ns1.timeweb.ru","ns2.timeweb.ru","ns3.timeweb.org","ns4.timeweb.org","clientTransferProhibited","","",""
"27","goodciety.com","2020-05-11 20:04:03","2020-05-08","2020-05-08","2021-05-08","463","Regional Network Information Center, JSC dba RU-CENTER","whois.nic.ru","http://www.nic.ru","Alexander Makhaev","Alexander Makhaev","Dvortsovyi, 12-117","Komsomolsk-na-Amure","","681022","Russian Federation","alexander.makhaev@gmail.com","+7.9143787788","","Alexander Makhaev","Alexander Makhaev","Dvortsovyi, 12-117","Komsomolsk-na-Amure","","681022","Russian Federation","alexander.makhaev@gmail.com","+7.9143787788","","Alexander Makhaev","Alexander Makhaev","Dvortsovyi, 12-117","Komsomolsk-na-Amure","","681022","Russian Federation","alexander.makhaev@gmail.com","+7.9143787788","","","","","","","","","","","","ns1.linode.com","ns2.linode.com","ns3.linode.com","ns4.linode.com","clientTransferProhibited","","",""
"28","greadeplus.com","2020-05-11 20:15:37","2020-05-09","2020-05-09","2021-05-09","1606","Limited Liability Company 'Registrar of domain names REG.RU'","whois.reg.ru","http://www.reg.ru","Protection of Private Person","","PO box 87, REG.RU Protection Service","Moscow","","123007","Russian Federation","greadeplus.com@regprivate.ru","+7.4955801111","+7.4955801111","Protection of Private Person","","PO box 87, REG.RU Protection Service","Moscow","","123007","Russian Federation","greadeplus.com@regprivate.ru","+7.4955801111","+7.4955801111","Protection of Private Person","","PO box 87, REG.RU Protection Service","Moscow","","123007","Russian Federation","greadeplus.com@regprivate.ru","+7.4955801111","+7.4955801111","","","","","","","","","","","ns1.reg.ru","ns2.reg.ru","","","clientTransferProhibited","","",""
"29","hokkulibre.com","2020-05-11 20:02:51","2020-05-08","2020-05-08","2021-05-08","3806","Beget LLC","","","Alexander V. Wagin","","YAroslavskogo, 68, kv. 89","Krasnodar","Krasnodarskij kraj","350912","Russian Federation","dr.alexander.wagin@gmail.com","+7.9067762735","","Alexander V. Wagin","","YAroslavskogo, 68, kv. 89","Krasnodar","Krasnodarskij kraj","350912","Russian Federation","dr.alexander.wagin@gmail.com","+7.9067762735","","Alexander V. Wagin","","YAroslavskogo, 68, kv. 89","Krasnodar","Krasnodarskij kraj","350912","Russian Federation","dr.alexander.wagin@gmail.com","+7.9067762735","","","","","","","","","","","","ns1.beget.com","ns1.beget.pro","ns2.beget.com","ns2.beget.pro","clientTransferProhibited","","",""
"30","home-howto.com","2020-05-11 19:55:10","2020-05-09","2020-05-09","2021-05-09","1606","Limited Liability Company 'Registrar of domain names REG.RU'","whois.reg.ru","http://www.reg.ru","Protection of Private Person","","PO box 87, REG.RU Protection Service","Moscow","","123007","Russian Federation","home-howto.com@regprivate.ru","+7.4955801111","+7.4955801111","Protection of Private Person","","PO box 87, REG.RU Protection Service","Moscow","","123007","Russian Federation","home-howto.com@regprivate.ru","+7.4955801111","+7.4955801111","Protection of Private Person","","PO box 87, REG.RU Protection Service","Moscow","","123007","Russian Federation","home-howto.com@regprivate.ru","+7.4955801111","+7.4955801111","","","","","","","","","","","katelyn.ns.cloudflare.com","kurt.ns.cloudflare.com","","","clientTransferProhibited","","",""
"31","homecorrection.com","2020-05-11 20:15:59","2020-05-09","2020-05-10","2021-05-09","1606","Limited Liability Company 'Registrar of domain names REG.RU'","whois.reg.ru","http://www.reg.ru","Protection of Private Person","","PO box 87, REG.RU Protection Service","Moscow","","123007","Russian Federation","homecorrection.com@regprivate.ru","+7.4955801111","+7.4955801111","Protection of Private Person","","PO box 87, REG.RU Protection Service","Moscow","","123007","Russian Federation","homecorrection.com@regprivate.ru","+7.4955801111","+7.4955801111","Protection of Private Person","","PO box 87, REG.RU Protection Service","Moscow","","123007","Russian Federation","homecorrection.com@regprivate.ru","+7.4955801111","+7.4955801111","","","","","","","","","","","chin.ns.cloudflare.com","damian.ns.cloudflare.com","","","clientTransferProhibited","","",""
"32","hyperion68.com","2020-05-11 20:15:38","2020-05-09","2020-05-09","2021-05-09","1606","Limited Liability Company 'Registrar of domain names REG.RU'","whois.reg.ru","http://www.reg.ru","Protection of Private Person","","PO box 87, REG.RU Protection Service","Moscow","","123007","Russian Federation","hyperion68.com@regprivate.ru","+7.4955801111","+7.4955801111","Protection of Private Person","","PO box 87, REG.RU Protection Service","Moscow","","123007","Russian Federation","hyperion68.com@regprivate.ru","+7.4955801111","+7.4955801111","Protection of Private Person","","PO box 87, REG.RU Protection Service","Moscow","","123007","Russian Federation","hyperion68.com@regprivate.ru","+7.4955801111","+7.4955801111","","","","","","","","","","","ns1.reg.ru","ns2.reg.ru","","","clientTransferProhibited","","",""
"33","iicllimited.trade","2020-05-11 09:37:02","2020-05-08","2020-05-08","2021-05-08","625","Name.com, Inc.","whois.name.com","http://www.name.com","VRoad","VRoad","","","?????????-?????????? ??????????","","Russian Federation","","","","","","","","","","","","","","","","","","","","","","","","","","","","","","","","","","ns12.samamax.com","ns13.samamax.com","","","addPeriod","clientTransferProhibited","",""
"34","junus-coban.com","2020-05-11 20:04:08","2020-05-08","2020-05-08","2021-05-08","1606","Limited Liability Company 'Registrar of domain names REG.RU'","whois.reg.ru","http://www.reg.ru","Protection of Private Person","","PO box 87, REG.RU Protection Service","Moscow","","123007","Russian Federation","junus-coban.com@regprivate.ru","+7.4955801111","+7.4955801111","Protection of Private Person","","PO box 87, REG.RU Protection Service","Moscow","","123007","Russian Federation","junus-coban.com@regprivate.ru","+7.4955801111","+7.4955801111","Protection of Private Person","","PO box 87, REG.RU Protection Service","Moscow","","123007","Russian Federation","junus-coban.com@regprivate.ru","+7.4955801111","+7.4955801111","","","","","","","","","","","ns1.reg.ru","ns2.reg.ru","","","clientTransferProhibited","","",""
"35","ksletherm.com","2020-05-11 20:17:26","2020-05-09","2020-05-09","2021-05-09","1606","Limited Liability Company 'Registrar of domain names REG.RU'","whois.reg.ru","http://www.reg.ru","Protection of Private Person","","PO box 87, REG.RU Protection Service","Moscow","","123007","Russian Federation","ksletherm.com@regprivate.ru","+7.4955801111","+7.4955801111","Protection of Private Person","","PO box 87, REG.RU Protection Service","Moscow","","123007","Russian Federation","ksletherm.com@regprivate.ru","+7.4955801111","+7.4955801111","Protection of Private Person","","PO box 87, REG.RU Protection Service","Moscow","","123007","Russian Federation","ksletherm.com@regprivate.ru","+7.4955801111","+7.4955801111","","","","","","","","","","","ns1.reg.ru","ns2.reg.ru","","","clientTransferProhibited","","",""
"36","ladiesunion.com","2020-05-11 20:00:42","2020-05-08","2020-05-08","2021-05-08","1606","Limited Liability Company 'Registrar of domain names REG.RU'","whois.reg.ru","http://www.reg.ru","Protection of Private Person","","PO box 87, REG.RU Protection Service","Moscow","","123007","Russian Federation","ladiesunion.com@regprivate.ru","+7.4955801111","+7.4955801111","Protection of Private Person","","PO box 87, REG.RU Protection Service","Moscow","","123007","Russian Federation","ladiesunion.com@regprivate.ru","+7.4955801111","+7.4955801111","Protection of Private Person","","PO box 87, REG.RU Protection Service","Moscow","","123007","Russian Federation","ladiesunion.com@regprivate.ru","+7.4955801111","+7.4955801111","","","","","","","","","","","ns1.beget.com","ns1.beget.pro","ns2.beget.com","ns2.beget.pro","clientTransferProhibited","","",""
"37","lagom-my-home.com","2020-05-11 20:14:12","2020-05-08","","2021-05-07","463","Regional Network Information Center, JSC dba RU-CENTER","whois.nic.ru","http://www.nic.ru","Basova Mariya Olegovna","Basova Mariya Olegovna","Berezovaia d 8 kv 92","poselok VNIISSOK","Moskovskaia obl","143072","Russian Federation","basova.marie@gmail.com","+7.9778110628","","Basova Mariya Olegovna","Basova Mariya Olegovna","Berezovaia d 8 kv 92","poselok VNIISSOK","Moskovskaia obl","143072","Russian Federation","basova.marie@gmail.com","+7.9778110628","","Basova Mariya Olegovna","Basova Mariya Olegovna","Berezovaia d 8 kv 92","poselok VNIISSOK","Moskovskaia obl","143072","Russian Federation","basova.marie@gmail.com","+7.9778110628","","","","","","","","","","","","statuspage1.nic.ru","statuspage2.nic.ru","","","clientTransferProhibited","","",""
"38","ledviser.com","2020-05-11 20:16:02","2020-05-09","2020-05-09","2021-05-09","1606","Limited Liability Company 'Registrar of domain names REG.RU'","whois.reg.ru","http://www.reg.ru","Protection of Private Person","","PO box 87, REG.RU Protection Service","Moscow","","123007","Russian Federation","ledviser.com@regprivate.ru","+7.4955801111","+7.4955801111","Protection of Private Person","","PO box 87, REG.RU Protection Service","Moscow","","123007","Russian Federation","ledviser.com@regprivate.ru","+7.4955801111","+7.4955801111","Protection of Private Person","","PO box 87, REG.RU Protection Service","Moscow","","123007","Russian Federation","ledviser.com@regprivate.ru","+7.4955801111","+7.4955801111","","","","","","","","","","","ns1.reg.ru","ns2.reg.ru","","","clientTransferProhibited","","",""
"39","legeartisclinic.com","2020-05-11 19:57:10","2020-05-09","2020-05-09","2021-05-09","440","Wild West Domains, LLC","whois.wildwestdomains.com","http://www.wildwestdomains.com","","","","","Moscow","","Russian Federation","","","","","","","","","","","","","","","","","","","","","","","","","","","","","","","","","","ns59.domaincontrol.com","ns60.domaincontrol.com","","","clientDeleteProhibited","clientRenewProhibited","clientTransferProhibited","clientUpdateProhibited"
"40","markcetcsgo.com","2020-05-11 20:00:29","2020-05-08","2020-05-10","2021-05-08","1606","Limited Liability Company 'Registrar of domain names REG.RU'","whois.reg.ru","http://www.reg.ru","Protection of Private Person","","PO box 87, REG.RU Protection Service","Moscow","","123007","Russian Federation","markcetcsgo.com@regprivate.ru","+7.4955801111","+7.4955801111","Protection of Private Person","","PO box 87, REG.RU Protection Service","Moscow","","123007","Russian Federation","markcetcsgo.com@regprivate.ru","+7.4955801111","+7.4955801111","Protection of Private Person","","PO box 87, REG.RU Protection Service","Moscow","","123007","Russian Federation","markcetcsgo.com@regprivate.ru","+7.4955801111","+7.4955801111","","","","","","","","","","","ns1.reg.ru","ns2.reg.ru","","","clientTransferProhibited","","",""
"41","mecha.team","2020-05-11 08:28:31","2020-05-09","2020-05-09","2021-05-09","463","Regional Network Information Center, JSC dba RU-CENTER","whois.nic.ru","http://www.nic.ru","REDACTED FOR PRIVACY","Privacy protection service - whoisproxy.ru","REDACTED FOR PRIVACY","REDACTED FOR PRIVACY","Moscow","REDACTED FOR PRIVACY","Russian Federation","","REDACTED FOR PRIVACY","REDACTED FOR PRIVACY","","","","","","","","","","","","","","","","","","","","","","","","","","","","","","","","","","","addPeriod","clientTransferProhibited","",""
"42","mestechko-chernivtsi.com","2020-05-11 19:55:40","2020-05-09","2020-05-09","2021-05-09","1606","Limited Liability Company 'Registrar of domain names REG.RU'","whois.reg.ru","http://www.reg.ru","Protection of Private Person","","PO box 87, REG.RU Protection Service","Moscow","","123007","Russian Federation","mestechko-chernivtsi.com@regprivate.ru","+7.4955801111","+7.4955801111","Protection of Private Person","","PO box 87, REG.RU Protection Service","Moscow","","123007","Russian Federation","mestechko-chernivtsi.com@regprivate.ru","+7.4955801111","+7.4955801111","Protection of Private Person","","PO box 87, REG.RU Protection Service","Moscow","","123007","Russian Federation","mestechko-chernivtsi.com@regprivate.ru","+7.4955801111","+7.4955801111","","","","","","","","","","","ns1.reg.ru","ns2.reg.ru","","","clientTransferProhibited","","",""
"43","miandmama.com","2020-05-11 20:04:12","2020-05-08","2020-05-08","2021-05-08","146","GoDaddy.com, LLC","whois.godaddy.com","http://registrar.godaddy.com","IP Oganesyan L.S.","IP Oganesyan L.S.","","","\u041c\u043e\u0441\u043a\u0432\u0430","","Russian Federation","","","","","","","","","","","","","","","","","","","","","","","","","","","","","","","","","","ns55.domaincontrol.com","ns56.domaincontrol.com","","","clientDeleteProhibited","clientRenewProhibited","clientTransferProhibited","clientUpdateProhibited"
"44","mikaeldanielian.com","2020-05-11 19:57:00","2020-05-09","2020-05-09","2021-05-09","440","Wild West Domains, LLC","whois.wildwestdomains.com","http://www.wildwestdomains.com","","","","","Moscow","","Russian Federation","","","","","","","","","","","","","","","","","","","","","","","","","","","","","","","","","","ns47.domaincontrol.com","ns48.domaincontrol.com","","","clientDeleteProhibited","clientRenewProhibited","clientTransferProhibited","clientUpdateProhibited"
"45","mikrotiklab.com","2020-05-11 20:00:29","2020-05-08","","2021-05-07","463","Regional Network Information Center, JSC dba RU-CENTER","whois.nic.ru","http://www.nic.ru","Maksim G Tyabin","Maksim G Tyabin","ul.Zavodskaya d.20 kv 17","s.Prosek","Nizhegorodskaya","606246","Russian Federation","dslmaster@mail.ru","+7.9200199595","","Tyabin Maksim","","ul.Zavodskaya d.20 kv 17","s.Prosek","Nizhegorodskaya","606246","Russian Federation","dslmaster@mail.ru","+7.9200199595","","Tyabin Maksim","","ul.Zavodskaya d.20 kv 17","s.Prosek","Nizhegorodskaya","606246","Russian Federation","dslmaster@mail.ru","+7.9200199595","","","","","","","","","","","","ns1.firstvds.ru","ns2.firstvds.ru","","","clientTransferProhibited","","",""
"46","ms9x.com","2020-05-11 20:02:44","2020-05-08","2020-05-08","2030-05-08","146","GoDaddy.com, LLC","whois.godaddy.com","http://registrar.godaddy.com","","","","","Moscow","","Russian Federation","","","","","","","","","","","","","","","","","","","","","","","","","","","","","","","","","","ns69.domaincontrol.com","ns70.domaincontrol.com","","","clientDeleteProhibited","clientRenewProhibited","clientTransferProhibited","clientUpdateProhibited"
"47","msc-prostitutes.com","2020-05-11 20:02:08","2020-05-08","2020-05-08","2021-05-08","82","OnlineNIC, Inc.","whois.onlinenic.com","http://www.onlinenic.com","Ivano Demyan Ivanovich","Ivano Demyan Ivanovich","Vatutina 6","Moscov","Moscov","121357","Russian Federation","romanoedelveis@gmail.com","+7.9000000000","+7.9000000000","Ivano Demyan Ivanovich","Ivano Demyan Ivanovich","Vatutina 6","Moscov","Moscov","121357","Russian Federation","romanoedelveis@gmail.com","+7.9000000000","+7.9000000000","Ivano Demyan Ivanovich","Ivano Demyan Ivanovich","Vatutina 6","Moscov","Moscov","121357","Russian Federation","romanoedelveis@gmail.com","+7.9000000000","+7.9000000000","","","","","","","","","","","ns1.jino.ru","ns2.jino.ru","ns3.jino.ru","ns4.jino.ru","clientTransferProhibited","","",""
"48","narutix.com","2020-05-11 19:55:13","2020-05-09","2020-05-09","2021-05-09","146","GoDaddy.com, LLC","whois.godaddy.com","http://registrar.godaddy.com","","","","","Kaliningrad","","Russian Federation","","","","","","","","","","","","","","","","","","","","","","","","","","","","","","","","","","ns59.domaincontrol.com","ns60.domaincontrol.com","","","clientDeleteProhibited","clientRenewProhibited","clientTransferProhibited","clientUpdateProhibited"
"49","newcigarclub.com","2020-05-11 20:15:47","2020-05-09","2020-05-09","2021-05-09","1606","Limited Liability Company 'Registrar of domain names REG.RU'","whois.reg.ru","http://www.reg.ru","Protection of Private Person","","PO box 87, REG.RU Protection Service","Moscow","","123007","Russian Federation","newcigarclub.com@regprivate.ru","+7.4955801111","+7.4955801111","Protection of Private Person","","PO box 87, REG.RU Protection Service","Moscow","","123007","Russian Federation","newcigarclub.com@regprivate.ru","+7.4955801111","+7.4955801111","Protection of Private Person","","PO box 87, REG.RU Protection Service","Moscow","","123007","Russian Federation","newcigarclub.com@regprivate.ru","+7.4955801111","+7.4955801111","","","","","","","","","","","brad.ns.cloudflare.com","galilea.ns.cloudflare.com","","","clientTransferProhibited","","",""
"50","nowbesttrip.com","2020-05-11 20:14:16","2020-05-08","2020-05-08","2021-05-08","1606","Limited Liability Company 'Registrar of domain names REG.RU'","whois.reg.ru","http://www.reg.ru","Protection of Private Person","","PO box 87, REG.RU Protection Service","Moscow","","123007","Russian Federation","nowbesttrip.com@regprivate.ru","+7.4955801111","+7.4955801111","Protection of Private Person","","PO box 87, REG.RU Protection Service","Moscow","","123007","Russian Federation","nowbesttrip.com@regprivate.ru","+7.4955801111","+7.4955801111","Protection of Private Person","","PO box 87, REG.RU Protection Service","Moscow","","123007","Russian Federation","nowbesttrip.com@regprivate.ru","+7.4955801111","+7.4955801111","","","","","","","","","","","burt.ns.cloudflare.com","nicole.ns.cloudflare.com","","","clientTransferProhibited","","",""
"51","obyavliene.com","2020-05-11 19:59:10","2020-05-08","2020-05-08","2021-05-08","1606","Limited Liability Company 'Registrar of domain names REG.RU'","whois.reg.ru","http://www.reg.ru","Protection of Private Person","","PO box 87, REG.RU Protection Service","Moscow","","123007","Russian Federation","obyavliene.com@regprivate.ru","+7.4955801111","+7.4955801111","Protection of Private Person","","PO box 87, REG.RU Protection Service","Moscow","","123007","Russian Federation","obyavliene.com@regprivate.ru","+7.4955801111","+7.4955801111","Protection of Private Person","","PO box 87, REG.RU Protection Service","Moscow","","123007","Russian Federation","obyavliene.com@regprivate.ru","+7.4955801111","+7.4955801111","","","","","","","","","","","ns1.hosting.reg.ru","ns2.hosting.reg.ru","","","clientTransferProhibited","","",""
"52","onlineprodesign.com","2020-05-11 20:03:30","2020-05-08","2020-05-08","2021-05-08","1606","Limited Liability Company 'Registrar of domain names REG.RU'","whois.reg.ru","http://www.reg.ru","Protection of Private Person","","PO box 87, REG.RU Protection Service","Moscow","","123007","Russian Federation","onlineprodesign.com@regprivate.ru","+7.4955801111","+7.4955801111","Protection of Private Person","","PO box 87, REG.RU Protection Service","Moscow","","123007","Russian Federation","onlineprodesign.com@regprivate.ru","+7.4955801111","+7.4955801111","Protection of Private Person","","PO box 87, REG.RU Protection Service","Moscow","","123007","Russian Federation","onlineprodesign.com@regprivate.ru","+7.4955801111","+7.4955801111","","","","","","","","","","","ns1.reg.ru","ns2.reg.ru","","","clientTransferProhibited","","",""
"53","pizzobeachclub115g.com","2020-05-11 19:57:50","2020-05-08","2020-05-11","2021-05-08","1606","Limited Liability Company 'Registrar of domain names REG.RU'","whois.reg.ru","http://www.reg.ru","Protection of Private Person","","PO box 87, REG.RU Protection Service","Moscow","","123007","Russian Federation","pizzobeachclub115g.com@regprivate.ru","+7.4955801111","+7.4955801111","Protection of Private Person","","PO box 87, REG.RU Protection Service","Moscow","","123007","Russian Federation","pizzobeachclub115g.com@regprivate.ru","+7.4955801111","+7.4955801111","Protection of Private Person","","PO box 87, REG.RU Protection Service","Moscow","","123007","Russian Federation","pizzobeachclub115g.com@regprivate.ru","+7.4955801111","+7.4955801111","","","","","","","","","","","ns1.hosting.reg.ru","ns2.hosting.reg.ru","","","clientTransferProhibited","","",""
"54","purplebridesmaid.com","2020-05-11 19:58:11","2020-05-08","2020-05-09","2021-05-08","2237","Lionshare Domains, LLC","whois.lionsharedomains.com","http://www.lionsharedomains.com","ilia nazmutdinov","","Vavilovih str","Saint-Petersburg","SAINT-PETERSBURG","193257","Russian Federation","ilia.nazmutdinov@gmail.com","+7.9217530374","+1.5707088780","ilia nazmutdinov","","Vavilovih str","Saint-Petersburg","SAINT-PETERSBURG","193257","Russian Federation","ilia.nazmutdinov@gmail.com","+7.9217530374","+1.5707088780","ilia nazmutdinov","","Vavilovih str","Saint-Petersburg","SAINT-PETERSBURG","193257","Russian Federation","ilia.nazmutdinov@gmail.com","+7.9217530374","+1.5707088780","","","","","","","","","","","ns7.worldnic.com","ns8.worldnic.com","","","clientTransferProhibited","","",""
"55","robertsbtc.com","2020-05-11 20:00:25","2020-05-08","","2021-05-07","463","Regional Network Information Center, JSC dba RU-CENTER","whois.nic.ru","http://www.nic.ru","Stepanov Evgeniy Urevich","Stepanov Evgeniy Urevich","Kirova d 139","g Budennovsk","Stavropolskii krai","356802","Russian Federation","ahkahhoinee58@gmail.com","+7.9193632609","","Stepanov Evgeniy Urevich","Stepanov Evgeniy Urevich","Kirova d 139","g Budennovsk","Stavropolskii krai","356802","Russian Federation","ahkahhoinee58@gmail.com","+7.9193632609","","Stepanov Evgeniy Urevich","Stepanov Evgeniy Urevich","Kirova d 139","g Budennovsk","Stavropolskii krai","356802","Russian Federation","ahkahhoinee58@gmail.com","+7.9193632609","","","","","","","","","","","","ns3.nic.ru","ns4.nic.ru","ns8.nic.ru","","clientHold","clientTransferProhibited","",""
"56","rosprombank.com","2020-05-11 20:14:34","2020-05-08","2020-05-08","2021-05-08","1606","Limited Liability Company 'Registrar of domain names REG.RU'","whois.reg.ru","http://www.reg.ru","Protection of Private Person","","PO box 87, REG.RU Protection Service","Moscow","","123007","Russian Federation","rosprombank.com@regprivate.ru","+7.4955801111","+7.4955801111","Protection of Private Person","","PO box 87, REG.RU Protection Service","Moscow","","123007","Russian Federation","rosprombank.com@regprivate.ru","+7.4955801111","+7.4955801111","Protection of Private Person","","PO box 87, REG.RU Protection Service","Moscow","","123007","Russian Federation","rosprombank.com@regprivate.ru","+7.4955801111","+7.4955801111","","","","","","","","","","","abby.ns.cloudflare.com","lloyd.ns.cloudflare.com","","","clientTransferProhibited","","",""
"57","royalintlsch.com","2020-05-11 20:09:53","2020-05-09","2020-05-09","2021-05-09","1606","Limited Liability Company 'Registrar of domain names REG.RU'","whois.reg.ru","http://www.reg.ru","Protection of Private Person","","PO box 87, REG.RU Protection Service","Moscow","","123007","Russian Federation","royalintlsch.com@regprivate.ru","+7.4955801111","+7.4955801111","Protection of Private Person","","PO box 87, REG.RU Protection Service","Moscow","","123007","Russian Federation","royalintlsch.com@regprivate.ru","+7.4955801111","+7.4955801111","Protection of Private Person","","PO box 87, REG.RU Protection Service","Moscow","","123007","Russian Federation","royalintlsch.com@regprivate.ru","+7.4955801111","+7.4955801111","","","","","","","","","","","ns1.cishost.ru","ns2.cishost.ru","","","clientTransferProhibited","","",""
"58","sem.team","2020-05-11 08:30:00","2020-05-09","2020-05-09","2021-05-09","146","GoDaddy.com, LLC","whois.godaddy.com","http://registrar.godaddy.com","REDACTED FOR PRIVACY","","REDACTED FOR PRIVACY","REDACTED FOR PRIVACY","Moskovskaya oblast","REDACTED FOR PRIVACY","Russian Federation","","REDACTED FOR PRIVACY","REDACTED FOR PRIVACY","","","","","","","","","","","","","","","","","","","","","","","","","","","","","","","","","","","addPeriod","clientDeleteProhibited","clientRenewProhibited","clientTransferProhibited"
"59","servicedogsforindependence.com","2020-05-11 19:55:35","2020-05-09","2020-05-09","2021-05-09","1606","Limited Liability Company 'Registrar of domain names REG.RU'","whois.reg.ru","http://www.reg.ru","Protection of Private Person","","PO box 87, REG.RU Protection Service","Moscow","","123007","Russian Federation","servicedogsforindependence.com@regprivate.ru","+7.4955801111","+7.4955801111","Protection of Private Person","","PO box 87, REG.RU Protection Service","Moscow","","123007","Russian Federation","servicedogsforindependence.com@regprivate.ru","+7.4955801111","+7.4955801111","Protection of Private Person","","PO box 87, REG.RU Protection Service","Moscow","","123007","Russian Federation","servicedogsforindependence.com@regprivate.ru","+7.4955801111","+7.4955801111","","","","","","","","","","","dara.ns.cloudflare.com","jerome.ns.cloudflare.com","","","clientTransferProhibited","","",""
"60","shg.film","2020-05-11 23:26:40","2020-05-09","2020-05-09","2021-05-09","463","Regional Network Information Center, JSC dba RU-CENTER","whois.nic.ru","http://www.nic.ru","OOO DANMAX TEHNOLOGY","OOO DANMAX TEHNOLOGY","","","Permskii krai","","Russian Federation","","","","","","","","","","","","","","","","","","","","","","","","","","","","","","","","","","ns3.nic.ru","ns4.nic.ru","ns8.nic.ru","","addPeriod","clientTransferProhibited","",""
"61","shotornot.team","2020-05-11 08:29:58","2020-05-09","2020-05-09","2021-05-09","463","Regional Network Information Center, JSC dba RU-CENTER","whois.nic.ru","http://www.nic.ru","REDACTED FOR PRIVACY","Malkov Pavel Sergeevich","REDACTED FOR PRIVACY","REDACTED FOR PRIVACY","Udmurtskaia Resp","REDACTED FOR PRIVACY","Russian Federation","","REDACTED FOR PRIVACY","REDACTED FOR PRIVACY","","","","","","","","","","","","","","","","","","","","","","","","","","","","","","","","","","","addPeriod","clientTransferProhibited","",""
"62","stepangordienko.com","2020-05-11 20:14:37","2020-05-08","2020-05-08","2021-05-08","146","GoDaddy.com, LLC","whois.godaddy.com","http://registrar.godaddy.com","","","","","Moscow","","Russian Federation","","","","","","","","","","","","","","","","","","","","","","","","","","","","","","","","","","ns15.domaincontrol.com","ns16.domaincontrol.com","","","clientDeleteProhibited","clientRenewProhibited","clientTransferProhibited","clientUpdateProhibited"
"63","texasserenades.com","2020-05-11 20:17:37","2020-05-09","2020-05-09","2021-05-09","1606","Limited Liability Company 'Registrar of domain names REG.RU'","whois.reg.ru","http://www.reg.ru","Protection of Private Person","","PO box 87, REG.RU Protection Service","Moscow","","123007","Russian Federation","texasserenades.com@regprivate.ru","+7.4955801111","+7.4955801111","Protection of Private Person","","PO box 87, REG.RU Protection Service","Moscow","","123007","Russian Federation","texasserenades.com@regprivate.ru","+7.4955801111","+7.4955801111","Protection of Private Person","","PO box 87, REG.RU Protection Service","Moscow","","123007","Russian Federation","texasserenades.com@regprivate.ru","+7.4955801111","+7.4955801111","","","","","","","","","","","ns1.reg.ru","ns2.reg.ru","","","clientTransferProhibited","","",""
"64","tooth-helper.com","2020-05-11 20:15:27","2020-05-09","2020-05-09","2021-05-09","1606","Limited Liability Company 'Registrar of domain names REG.RU'","whois.reg.ru","http://www.reg.ru","Protection of Private Person","","PO box 87, REG.RU Protection Service","Moscow","","123007","Russian Federation","tooth-helper.com@regprivate.ru","+7.4955801111","+7.4955801111","Protection of Private Person","","PO box 87, REG.RU Protection Service","Moscow","","123007","Russian Federation","tooth-helper.com@regprivate.ru","+7.4955801111","+7.4955801111","Protection of Private Person","","PO box 87, REG.RU Protection Service","Moscow","","123007","Russian Federation","tooth-helper.com@regprivate.ru","+7.4955801111","+7.4955801111","","","","","","","","","","","ns1.reg.ru","ns2.reg.ru","","","clientTransferProhibited","","",""
"65","top-notch-transitions.pro","2020-05-11 06:24:00","2020-05-09","2020-05-09","2021-05-09","463","Regional Network Information Center, JSC dba RU-CENTER","whois.nic.ru","http://www.nic.ru","Privacy protection service - whoisproxy.ru","Privacy protection service - whoisproxy.ru","","","Moscow","","Russian Federation","","","","","","","","","","","","","","","","","","","","","","","","","","","","","","","","","","statuspage1.nic.ru","statuspage2.nic.ru","","","addPeriod","clientTransferProhibited","serverTransferProhibited",""
"66","tr-ts.expert","2020-05-11 23:19:48","2020-05-08","2020-05-08","2021-05-08","463","Regional Network Information Center, JSC dba RU-CENTER","whois.nic.ru","http://www.nic.ru","REDACTED FOR PRIVACY","Cokur Vyacheslav Vladimirovich","REDACTED FOR PRIVACY","REDACTED FOR PRIVACY","Lipetckaia obl","REDACTED FOR PRIVACY","Russian Federation","","REDACTED FOR PRIVACY","REDACTED FOR PRIVACY","","","","","","","","","","","","","","","","","","","","","","","","","","","","","","","","","","","addPeriod","clientTransferProhibited","",""
"67","ufaorsk.com","2020-05-11 20:14:30","2020-05-08","2020-05-08","2021-05-08","106","Ascio Technologies, Inc. Danmark - Filial af Ascio technologies, Inc. USA","whois.ascio.com","http://www.ascio.com","Not Disclosed","Not Disclosed","Not Disclosed","Not Disclosed","","Not Disclosed","Russian Federation","","Not Disclosed","Not Disclosed","Not Disclosed","Not Disclosed","Not Disclosed","Not Disclosed","Not Disclosed","Not Disclosed","Not Disclosed","","Not Disclosed","Not Disclosed","Not Disclosed","Not Disclosed","Not Disclosed","Not Disclosed","Not Disclosed","Not Disclosed","Not Disclosed","","Not Disclosed","Not Disclosed","","","","","","","","","","","dns1.123hjemmeside.dk","dns2.123hjemmeside.dk","dns3.123hjemmeside.dk","","OK","","",""
"68","varvarasvistunova.com","2020-05-11 20:15:32","2020-05-09","2020-05-09","2021-05-09","1606","Limited Liability Company 'Registrar of domain names REG.RU'","whois.reg.ru","http://www.reg.ru","Protection of Private Person","","PO box 87, REG.RU Protection Service","Moscow","","123007","Russian Federation","varvarasvistunova.com@regprivate.ru","+7.4955801111","+7.4955801111","Protection of Private Person","","PO box 87, REG.RU Protection Service","Moscow","","123007","Russian Federation","varvarasvistunova.com@regprivate.ru","+7.4955801111","+7.4955801111","Protection of Private Person","","PO box 87, REG.RU Protection Service","Moscow","","123007","Russian Federation","varvarasvistunova.com@regprivate.ru","+7.4955801111","+7.4955801111","","","","","","","","","","","ns1.reg.ru","ns2.reg.ru","","","clientTransferProhibited","","",""
"69","veryimportantpersonnel.com","2020-05-11 19:57:11","2020-05-09","2020-05-09","2021-05-09","1606","Limited Liability Company 'Registrar of domain names REG.RU'","whois.reg.ru","http://www.reg.ru","Protection of Private Person","","PO box 87, REG.RU Protection Service","Moscow","","123007","Russian Federation","veryimportantpersonnel.com@regprivate.ru","+7.4955801111","+7.4955801111","Protection of Private Person","","PO box 87, REG.RU Protection Service","Moscow","","123007","Russian Federation","veryimportantpersonnel.com@regprivate.ru","+7.4955801111","+7.4955801111","Protection of Private Person","","PO box 87, REG.RU Protection Service","Moscow","","123007","Russian Federation","veryimportantpersonnel.com@regprivate.ru","+7.4955801111","+7.4955801111","","","","","","","","","","","ns1.reg.ru","ns2.reg.ru","","","clientTransferProhibited","","",""
"70","veterinarna.com","2020-05-11 19:55:23","2020-05-09","","2021-05-08","463","Regional Network Information Center, JSC dba RU-CENTER","whois.nic.ru","http://www.nic.ru","Kulakov Dmitriy Vladimirovich","Kulakov Dmitriy Vladimirovich","Dachnaia d 5 - 335","g Krasnogorsk","Moskovskaia obl","143404","Russian Federation","vektor-diler@mail.ru","+7.9647961327","","Kulakov Dmitriy Vladimirovich","Kulakov Dmitriy Vladimirovich","Dachnaia d 5 - 335","g Krasnogorsk","Moskovskaia obl","143404","Russian Federation","vektor-diler@mail.ru","+7.9647961327","","Kulakov Dmitriy Vladimirovich","Kulakov Dmitriy Vladimirovich","Dachnaia d 5 - 335","g Krasnogorsk","Moskovskaia obl","143404","Russian Federation","vektor-diler@mail.ru","+7.9647961327","","","","","","","","","","","","statuspage1.nic.ru","statuspage2.nic.ru","","","clientTransferProhibited","","",""
"71","veterinarnaya-klinika.com","2020-05-11 19:55:15","2020-05-09","","2021-05-08","463","Regional Network Information Center, JSC dba RU-CENTER","whois.nic.ru","http://www.nic.ru","Kulakov Dmitriy Vladimirovich","Kulakov Dmitriy Vladimirovich","Dachnaia d 5 - 335","g Krasnogorsk","Moskovskaia obl","143404","Russian Federation","vektor-diler@mail.ru","+7.9647961327","","Kulakov Dmitriy Vladimirovich","Kulakov Dmitriy Vladimirovich","Dachnaia d 5 - 335","g Krasnogorsk","Moskovskaia obl","143404","Russian Federation","vektor-diler@mail.ru","+7.9647961327","","Kulakov Dmitriy Vladimirovich","Kulakov Dmitriy Vladimirovich","Dachnaia d 5 - 335","g Krasnogorsk","Moskovskaia obl","143404","Russian Federation","vektor-diler@mail.ru","+7.9647961327","","","","","","","","","","","","statuspage1.nic.ru","statuspage2.nic.ru","","","clientTransferProhibited","","",""
"72","veterinarnayaklinika.com","2020-05-11 19:55:15","2020-05-09","","2021-05-08","463","Regional Network Information Center, JSC dba RU-CENTER","whois.nic.ru","http://www.nic.ru","Kulakov Dmitriy Vladimirovich","Kulakov Dmitriy Vladimirovich","Dachnaia d 5 - 335","g Krasnogorsk","Moskovskaia obl","143404","Russian Federation","vektor-diler@mail.ru","+7.9647961327","","Kulakov Dmitriy Vladimirovich","Kulakov Dmitriy Vladimirovich","Dachnaia d 5 - 335","g Krasnogorsk","Moskovskaia obl","143404","Russian Federation","vektor-diler@mail.ru","+7.9647961327","","Kulakov Dmitriy Vladimirovich","Kulakov Dmitriy Vladimirovich","Dachnaia d 5 - 335","g Krasnogorsk","Moskovskaia obl","143404","Russian Federation","vektor-diler@mail.ru","+7.9647961327","","","","","","","","","","","","statuspage1.nic.ru","statuspage2.nic.ru","","","clientTransferProhibited","","",""
"73","victoryapptoday.com","2020-05-11 20:16:03","2020-05-09","2020-05-09","2021-05-09","1606","Limited Liability Company 'Registrar of domain names REG.RU'","whois.reg.ru","http://www.reg.ru","Osipov Oleg","IP Osipov O.","ul.Rogojskiy val 12","Moscow","Moscow Region","109147","Russian Federation","ivanft@mail.ru","+7.9819624753","","Osipov Oleg","IP Osipov O.","ul.Rogojskiy val 12","Moscow","Moscow Region","109147","Russian Federation","ivanft@mail.ru","+7.9819624753","","Osipov Oleg","IP Osipov O.","ul.Rogojskiy val 12","Moscow","Moscow Region","109147","Russian Federation","ivanft@mail.ru","+7.9819624753","","","","","","","","","","","","ns1.reg.ru","ns2.reg.ru","","","clientTransferProhibited","","",""
"74","viogrom.com","2020-05-11 20:02:37","2020-05-08","2020-05-08","2021-05-08","146","GoDaddy.com, LLC","whois.godaddy.com","http://registrar.godaddy.com","","","","","Krasnodar\u041a\u0440\u0430\u0441\u043d\u043e\u043","","Russian Federation","","","","","","","","","","","","","","","","","","","","","","","","","","","","","","","","","","ns69.domaincontrol.com","ns70.domaincontrol.com","","","clientDeleteProhibited","clientRenewProhibited","clientTransferProhibited","clientUpdateProhibited"
"75","vip-hyipinvest.com","2020-05-11 19:57:41","2020-05-08","2020-05-08","2021-05-08","303","PDR Ltd. d/b/a PublicDomainRegistry.com","whois.publicdomainregistry.com","http://www.publicdomainregistry.com","Nikolai Shevchuk","Private Person","Polevaya, 20, kv, 1","Barnaul","","658953","Russian Federation","bus.invest.port@gmail.com","+7.9130246000","","Nikolai Shevchuk","Private Person","Polevaya, 20, kv, 1","Barnaul","","658953","Russian Federation","bus.invest.port@gmail.com","+7.9130246000","","Nikolai Shevchuk","Private Person","Polevaya, 20, kv, 1","Barnaul","","658953","Russian Federation","bus.invest.port@gmail.com","+7.9130246000","","","","","","","","","","","","ns27.hostia.name","ns28.hostia.name","","","clientTransferProhibited","","",""
"76","vptwood.com","2020-05-11 20:16:05","2020-05-09","2020-05-09","2021-05-09","1606","Limited Liability Company 'Registrar of domain names REG.RU'","whois.reg.ru","http://www.reg.ru","Protection of Private Person","","PO box 87, REG.RU Protection Service","Moscow","","123007","Russian Federation","vptwood.com@regprivate.ru","+7.4955801111","+7.4955801111","Protection of Private Person","","PO box 87, REG.RU Protection Service","Moscow","","123007","Russian Federation","vptwood.com@regprivate.ru","+7.4955801111","+7.4955801111","Protection of Private Person","","PO box 87, REG.RU Protection Service","Moscow","","123007","Russian Federation","vptwood.com@regprivate.ru","+7.4955801111","+7.4955801111","","","","","","","","","","","ns1.reg.ru","ns2.reg.ru","","","clientTransferProhibited","","",""
"77","walkarea.com","2020-05-11 19:55:12","2020-05-09","2020-05-09","2021-05-09","1606","Limited Liability Company 'Registrar of domain names REG.RU'","whois.reg.ru","http://www.reg.ru","Protection of Private Person","","PO box 87, REG.RU Protection Service","Moscow","","123007","Russian Federation","walkarea.com@regprivate.ru","+7.4955801111","+7.4955801111","Protection of Private Person","","PO box 87, REG.RU Protection Service","Moscow","","123007","Russian Federation","walkarea.com@regprivate.ru","+7.4955801111","+7.4955801111","Protection of Private Person","","PO box 87, REG.RU Protection Service","Moscow","","123007","Russian Federation","walkarea.com@regprivate.ru","+7.4955801111","+7.4955801111","","","","","","","","","","","ns1.reg.ru","ns2.reg.ru","","","clientTransferProhibited","","",""
"78","waterhousegroupdesign.com","2020-05-11 19:56:45","2020-05-08","2020-05-08","2021-05-08","1606","Limited Liability Company 'Registrar of domain names REG.RU'","whois.reg.ru","http://www.reg.ru","Protection of Private Person","","PO box 87, REG.RU Protection Service","Moscow","","123007","Russian Federation","waterhousegroupdesign.com@regprivate.ru","+7.4955801111","+7.4955801111","Protection of Private Person","","PO box 87, REG.RU Protection Service","Moscow","","123007","Russian Federation","waterhousegroupdesign.com@regprivate.ru","+7.4955801111","+7.4955801111","Protection of Private Person","","PO box 87, REG.RU Protection Service","Moscow","","123007","Russian Federation","waterhousegroupdesign.com@regprivate.ru","+7.4955801111","+7.4955801111","","","","","","","","","","","ns.masterhost.ru","ns1.masterhost.ru","ns2.masterhost.ru","","clientTransferProhibited","","",""
"79","whiterocky.com","2020-05-11 20:17:35","2020-05-09","2020-05-09","2021-05-09","146","GoDaddy.com, LLC","whois.godaddy.com","http://registrar.godaddy.com","","","","","Moscow","","Russian Federation","","","","","","","","","","","","","","","","","","","","","","","","","","","","","","","","","","ns59.domaincontrol.com","ns60.domaincontrol.com","","","clientDeleteProhibited","clientRenewProhibited","clientTransferProhibited","clientUpdateProhibited"
"80","word-of-sex.com","2020-05-11 19:56:30","2020-05-09","2020-05-09","2021-05-09","1606","Limited Liability Company 'Registrar of domain names REG.RU'","whois.reg.ru","http://www.reg.ru","Protection of Private Person","","PO box 87, REG.RU Protection Service","Moscow","","123007","Russian Federation","word-of-sex.com@regprivate.ru","+7.4955801111","+7.4955801111","Protection of Private Person","","PO box 87, REG.RU Protection Service","Moscow","","123007","Russian Federation","word-of-sex.com@regprivate.ru","+7.4955801111","+7.4955801111","Protection of Private Person","","PO box 87, REG.RU Protection Service","Moscow","","123007","Russian Federation","word-of-sex.com@regprivate.ru","+7.4955801111","+7.4955801111","","","","","","","","","","","ns1.reg.ru","ns2.reg.ru","","","clientTransferProhibited","","",""
"81","worldwidetradeportal.com","2020-05-11 19:58:33","2020-05-09","2020-05-09","2021-05-09","303","PDR Ltd. d/b/a PublicDomainRegistry.com","whois.publicdomainregistry.com","http://www.publicdomainregistry.com","Muslim A Salathanov","","Shkolnaya 55 Dyishne vedeno","","","368000","Russian Federation","info2009@mail.ru","+7.9388975112","","Muslim A Salathanov","","Shkolnaya 55 Dyishne vedeno","","","368000","Russian Federation","info2009@mail.ru","+7.9388975112","","Muslim A Salathanov","","Shkolnaya 55 Dyishne vedeno","","","368000","Russian Federation","info2009@mail.ru","+7.9388975112","","","","","","","","","","","","ns1.timeweb.ru","ns2.timeweb.ru","ns3.timeweb.org","ns4.timeweb.org","clientTransferProhibited","","",""
"82","xashatwelve.com","2020-05-11 20:05:23","2020-05-09","2020-05-09","2021-05-09","1606","Limited Liability Company 'Registrar of domain names REG.RU'","whois.reg.ru","http://www.reg.ru","Protection of Private Person","","PO box 87, REG.RU Protection Service","Moscow","","123007","Russian Federation","xashatwelve.com@regprivate.ru","+7.4955801111","+7.4955801111","Protection of Private Person","","PO box 87, REG.RU Protection Service","Moscow","","123007","Russian Federation","xashatwelve.com@regprivate.ru","+7.4955801111","+7.4955801111","Protection of Private Person","","PO box 87, REG.RU Protection Service","Moscow","","123007","Russian Federation","xashatwelve.com@regprivate.ru","+7.4955801111","+7.4955801111","","","","","","","","","","","ns1.sedoparking.com","ns2.sedoparking.com","","","clientTransferProhibited","","",""
"83","xgamercup.com","2020-05-11 20:15:33","2020-05-09","2020-05-09","2021-05-09","146","GoDaddy.com, LLC","whois.godaddy.com","http://registrar.godaddy.com","","","","","\u0423\u0440\u0430\u043b\u044c\u0441\u043a\u0430\u","","Russian Federation","","","","","","","","","","","","","","","","","","","","","","","","","","","","","","","","","","fay.ns.cloudflare.com","shane.ns.cloudflare.com","","","clientDeleteProhibited","clientRenewProhibited","clientTransferProhibited","clientUpdateProhibited"
"84","xn----7sbbhn2awfgavqch2k.xn--p1acf","2020-05-11 09:04:27","2020-05-02","2020-05-07","2021-05-02","1909","Webnames Limited","whois.nic.xn--p1acf","","Ivan Ananev","No company","Nizhegorodskaya obl","","","607563","Russian Federation","starmened@gmail.com","+7.9063666300","","Ivan Ananev","No company","Nizhegorodskaya obl","","","607563","Russian Federation","starmened@gmail.com","+7.9063666300","","Ivan Ananev","No company","Nizhegorodskaya obl","","","607563","Russian Federation","starmened@gmail.com","+7.9063666300","","Ivan Ananev","No company","Nizhegorodskaya obl","","","607563","Russian Federation","starmened@gmail.com","+7.9063666300","","ns1.timeweb.ru","ns2.timeweb.ru","ns3.timeweb.org","ns4.timeweb.org","OK","","",""
"85","xn--80aaemas9abxdq.com","2020-05-11 19:55:16","2020-05-09","","2021-05-08","463","Regional Network Information Center, JSC dba RU-CENTER","whois.nic.ru","http://www.nic.ru","Kulakov Dmitriy Vladimirovich","Kulakov Dmitriy Vladimirovich","Dachnaia d 5 - 335","g Krasnogorsk","Moskovskaia obl","143404","Russian Federation","vektor-diler@mail.ru","+7.9647961327","","Kulakov Dmitriy Vladimirovich","Kulakov Dmitriy Vladimirovich","Dachnaia d 5 - 335","g Krasnogorsk","Moskovskaia obl","143404","Russian Federation","vektor-diler@mail.ru","+7.9647961327","","Kulakov Dmitriy Vladimirovich","Kulakov Dmitriy Vladimirovich","Dachnaia d 5 - 335","g Krasnogorsk","Moskovskaia obl","143404","Russian Federation","vektor-diler@mail.ru","+7.9647961327","","","","","","","","","","","","statuspage1.nic.ru","statuspage2.nic.ru","","","clientTransferProhibited","","",""
"86","xn--c1abc5ahan.com","2020-05-11 19:55:30","2020-05-09","","2021-05-08","463","Regional Network Information Center, JSC dba RU-CENTER","whois.nic.ru","http://www.nic.ru","Kulakov Dmitriy Vladimirovich","Kulakov Dmitriy Vladimirovich","Dachnaia d 5 - 335","g Krasnogorsk","Moskovskaia obl","143404","Russian Federation","vektor-diler@mail.ru","+7.9647961327","","Kulakov Dmitriy Vladimirovich","Kulakov Dmitriy Vladimirovich","Dachnaia d 5 - 335","g Krasnogorsk","Moskovskaia obl","143404","Russian Federation","vektor-diler@mail.ru","+7.9647961327","","Kulakov Dmitriy Vladimirovich","Kulakov Dmitriy Vladimirovich","Dachnaia d 5 - 335","g Krasnogorsk","Moskovskaia obl","143404","Russian Federation","vektor-diler@mail.ru","+7.9647961327","","","","","","","","","","","","statuspage1.nic.ru","statuspage2.nic.ru","","","clientTransferProhibited","","",""
"87","xyzglobalexpressuk.com","2020-05-11 20:06:06","2020-05-09","2020-05-09","2021-05-09","1606","Limited Liability Company 'Registrar of domain names REG.RU'","whois.reg.ru","http://www.reg.ru","Protection of Private Person","","PO box 87, REG.RU Protection Service","Moscow","","123007","Russian Federation","xyzglobalexpressuk.com@regprivate.ru","+7.4955801111","+7.4955801111","Protection of Private Person","","PO box 87, REG.RU Protection Service","Moscow","","123007","Russian Federation","xyzglobalexpressuk.com@regprivate.ru","+7.4955801111","+7.4955801111","Protection of Private Person","","PO box 87, REG.RU Protection Service","Moscow","","123007","Russian Federation","xyzglobalexpressuk.com@regprivate.ru","+7.4955801111","+7.4955801111","","","","","","","","","","","ns3.owlhost.net","ns4.owlhost.net","","","clientTransferProhibited","","",""
"88","ykbplc.com","2020-05-11 19:55:08","2020-05-08","2020-05-08","2021-05-08","1606","Limited Liability Company 'Registrar of domain names REG.RU'","whois.reg.ru","http://www.reg.ru","Protection of Private Person","","PO box 87, REG.RU Protection Service","Moscow","","123007","Russian Federation","ykbplc.com@regprivate.ru","+7.4955801111","+7.4955801111","Protection of Private Person","","PO box 87, REG.RU Protection Service","Moscow","","123007","Russian Federation","ykbplc.com@regprivate.ru","+7.4955801111","+7.4955801111","Protection of Private Person","","PO box 87, REG.RU Protection Service","Moscow","","123007","Russian Federation","ykbplc.com@regprivate.ru","+7.4955801111","+7.4955801111","","","","","","","","","","","ns1.hosting.reg.ru","ns2.hosting.reg.ru","","","clientTransferProhibited","","",""
"89","yogamatx.com","2020-05-11 20:02:34","2020-05-08","2020-05-08","2021-05-08","1606","Limited Liability Company 'Registrar of domain names REG.RU'","whois.reg.ru","http://www.reg.ru","Protection of Private Person","","PO box 87, REG.RU Protection Service","Moscow","","123007","Russian Federation","yogamatx.com@regprivate.ru","+7.4955801111","+7.4955801111","Protection of Private Person","","PO box 87, REG.RU Protection Service","Moscow","","123007","Russian Federation","yogamatx.com@regprivate.ru","+7.4955801111","+7.4955801111","Protection of Private Person","","PO box 87, REG.RU Protection Service","Moscow","","123007","Russian Federation","yogamatx.com@regprivate.ru","+7.4955801111","+7.4955801111","","","","","","","","","","","ns1.reg.ru","ns2.reg.ru","","","clientTransferProhibited","","",""
"90","your-mebel.com","2020-05-11 19:57:06","2020-05-08","2020-05-08","2021-05-08","1606","Limited Liability Company 'Registrar of domain names REG.RU'","whois.reg.ru","http://www.reg.ru","Protection of Private Person","","PO box 87, REG.RU Protection Service","Moscow","","123007","Russian Federation","your-mebel.com@regprivate.ru","+7.4955801111","+7.4955801111","Protection of Private Person","","PO box 87, REG.RU Protection Service","Moscow","","123007","Russian Federation","your-mebel.com@regprivate.ru","+7.4955801111","+7.4955801111","Protection of Private Person","","PO box 87, REG.RU Protection Service","Moscow","","123007","Russian Federation","your-mebel.com@regprivate.ru","+7.4955801111","+7.4955801111","","","","","","","","","","","ns1.buromi.ru","ns2.buromi.ru","","","clientTransferProhibited","","",""
"91","yourhighselect.com","2020-05-11 19:58:37","2020-05-08","","2021-05-08","1068","NameCheap, Inc.","whois.namecheap.com","http://www.namecheap.com","Yaroslav Nevsky","SSDMA","Frunze 1/4","Omsk","Omsk Region","644043","Russian Federation","yaroslav@alidropship.com","+7.9050988043","","Yaroslav Nevsky","SSDMA","Frunze 1/4","Omsk","Omsk Region","644043","Russian Federation","yaroslav@alidropship.com","+7.9050988043","","Yaroslav Nevsky","SSDMA","Frunze 1/4","Omsk","Omsk Region","644043","Russian Federation","yaroslav@alidropship.com","+7.9050988043","","","","","","","","","","","","ns235.hostsserver.com","ns236.hostsserver.com","","","clientTransferProhibited","","",""
"92","zamobiele.com","2020-05-11 19:58:31","2020-05-08","2020-05-08","2021-05-08","3806","Beget LLC","","","Pokidov Andrei","","ul.Svobody d.73,kv530","Moskov","Moskov","125481","Russian Federation","avantage-kom@mail.ru","+7.9167417793","","Pokidov Andrei","","ul.Svobody d.73,kv530","Moskov","Moskov","125481","Russian Federation","avantage-kom@mail.ru","+7.9167417793","","Pokidov Andrei","","ul.Svobody d.73,kv530","Moskov","Moskov","125481","Russian Federation","avantage-kom@mail.ru","+7.9167417793","","","","","","","","","","","","ns1.beget.com","ns1.beget.pro","ns2.beget.com","ns2.beget.pro","clientTransferProhibited","","",""
"93","zomzcast.com","2020-05-11 20:14:06","2020-05-08","2020-05-08","2021-05-08","1606","Limited Liability Company 'Registrar of domain names REG.RU'","whois.reg.ru","http://www.reg.ru","Alexander Mironov","Zagorsk Optical Plant","Chaykoskogo 9","Sergiev Posad","Moscow Area","141300","Russian Federation","johnvik2000@gmail.com","+7.9267306135","","Alexander Mironov","Zagorsk Optical Plant","Chaykoskogo 9","Sergiev Posad","Moscow Area","141300","Russian Federation","johnvik2000@gmail.com","+7.9267306135","","Alexander Mironov","Zagorsk Optical Plant","Chaykoskogo 9","Sergiev Posad","Moscow Area","141300","Russian Federation","johnvik2000@gmail.com","+7.9267306135","","","","","","","","","","","","ns1.selectel.org","ns2.selectel.org","ns3.selectel.org","ns4.selectel.org","clientTransferProhibited","","",""