"num","domain_name","query_time","create_date","update_date","expiry_date","domain_registrar_id","domain_registrar_name","domain_registrar_whois","domain_registrar_url","registrant_name","registrant_company","registrant_address","registrant_city","registrant_state","registrant_zip","registrant_country","registrant_email","registrant_phone","registrant_fax","administrative_name","administrative_company","administrative_address","administrative_city","administrative_state","administrative_zip","administrative_country","administrative_email","administrative_phone","administrative_fax","technical_name","technical_company","technical_address","technical_city","technical_state","technical_zip","technical_country","technical_email","technical_phone","technical_fax","billing_name","billing_company","billing_address","billing_city","billing_state","billing_zip","billing_country","billing_email","billing_phone","billing_fax","name_server_1","name_server_2","name_server_3","name_server_4","domain_status_1","domain_status_2","domain_status_3","domain_status_4"
"1","bitcoinsdrugstore.com","2020-05-11 20:02:21","2020-05-08","2020-05-09","2021-05-08","69","Tucows Domains Inc.","whois.tucows.com","http://domainhelp.opensrs.net","REDACTED FOR PRIVACY","REDACTED FOR PRIVACY","REDACTED FOR PRIVACY","REDACTED FOR PRIVACY","Charlestown","REDACTED FOR PRIVACY","Saint Kitts and Nevis","","REDACTED FOR PRIVACY","REDACTED FOR PRIVACY","REDACTED FOR PRIVACY","REDACTED FOR PRIVACY","REDACTED FOR PRIVACY","REDACTED FOR PRIVACY","REDACTED FOR PRIVACY","REDACTED FOR PRIVACY","REDACTED FOR PRIVACY","","REDACTED FOR PRIVACY","REDACTED FOR PRIVACY","REDACTED FOR PRIVACY","REDACTED FOR PRIVACY","REDACTED FOR PRIVACY","REDACTED FOR PRIVACY","REDACTED FOR PRIVACY","REDACTED FOR PRIVACY","REDACTED FOR PRIVACY","","REDACTED FOR PRIVACY","REDACTED FOR PRIVACY","","","","","","","","","","","dns1.namecheaphosting.com","dns2.namecheaphosting.com","","","clientTransferProhibited","clientUpdateProhibited","",""
"2","bonafiderealtor.com","2020-05-11 19:58:37","2020-05-08","2020-05-11","2021-05-08","472","Dynadot, LLC","whois.dynadot.com","http://www.dynadot.com","Buy Corporate Companies Online","Selling Ready Made Corporate Companies with a website","St Kitts , Naile 32, silk road 32k","St.Kitts","St Kitts and Nevis","00000","Saint Kitts and Nevis","brandsellerbiz@gmail.com","+239.5342236297","","Buy Corporate Companies Online","Selling Ready Made Corporate Companies with a website","St Kitts , Naile 32, silk road 32k","St.Kitts","St Kitts and Nevis","00000","Saint Kitts and Nevis","brandsellerbiz@gmail.com","+239.5342236297","","Buy Corporate Companies Online","Selling Ready Made Corporate Companies with a website","St Kitts , Naile 32, silk road 32k","St.Kitts","St Kitts and Nevis","00000","Saint Kitts and Nevis","brandsellerbiz@gmail.com","+239.5342236297","","","","","","","","","","","","ns1.dan.com","ns2.dan.com","","","clientTransferProhibited","","",""
"3","coindeploy.com","2020-05-11 20:08:11","2020-05-09","2020-05-11","2021-05-09","472","Dynadot, LLC","whois.dynadot.com","http://www.dynadot.com","Buy Corporate Companies Online","Selling Ready Made Corporate Companies with a website","St Kitts , Naile 32, silk road 32k","St.Kitts","St Kitts and Nevis","00000","Saint Kitts and Nevis","brandsellerbiz@gmail.com","+239.5342236297","","Buy Corporate Companies Online","Selling Ready Made Corporate Companies with a website","St Kitts , Naile 32, silk road 32k","St.Kitts","St Kitts and Nevis","00000","Saint Kitts and Nevis","brandsellerbiz@gmail.com","+239.5342236297","","Buy Corporate Companies Online","Selling Ready Made Corporate Companies with a website","St Kitts , Naile 32, silk road 32k","St.Kitts","St Kitts and Nevis","00000","Saint Kitts and Nevis","brandsellerbiz@gmail.com","+239.5342236297","","","","","","","","","","","","ns1.dan.com","ns2.dan.com","","","clientTransferProhibited","","",""
"4","garden-giveaway.com","2020-05-11 20:17:26","2020-05-09","2020-05-09","2021-05-09","69","Tucows Domains Inc.","whois.tucows.com","http://domainhelp.opensrs.net","REDACTED FOR PRIVACY","REDACTED FOR PRIVACY","REDACTED FOR PRIVACY","REDACTED FOR PRIVACY","Charlestown","REDACTED FOR PRIVACY","Saint Kitts and Nevis","","REDACTED FOR PRIVACY","REDACTED FOR PRIVACY","REDACTED FOR PRIVACY","REDACTED FOR PRIVACY","REDACTED FOR PRIVACY","REDACTED FOR PRIVACY","REDACTED FOR PRIVACY","REDACTED FOR PRIVACY","REDACTED FOR PRIVACY","","REDACTED FOR PRIVACY","REDACTED FOR PRIVACY","REDACTED FOR PRIVACY","REDACTED FOR PRIVACY","REDACTED FOR PRIVACY","REDACTED FOR PRIVACY","REDACTED FOR PRIVACY","REDACTED FOR PRIVACY","REDACTED FOR PRIVACY","","REDACTED FOR PRIVACY","REDACTED FOR PRIVACY","","","","","","","","","","","ernest.ns.cloudflare.com","vita.ns.cloudflare.com","","","clientTransferProhibited","clientUpdateProhibited","",""
"5","horecag.com","2020-05-11 20:04:24","2020-05-08","2020-05-11","2021-05-08","472","Dynadot, LLC","whois.dynadot.com","http://www.dynadot.com","Buy Corporate Companies Online","Selling Ready Made Corporate Companies with a website","St Kitts , Naile 32, silk road 32k","St.Kitts","St Kitts and Nevis","00000","Saint Kitts and Nevis","brandsellerbiz@gmail.com","+239.5342236297","","Buy Corporate Companies Online","Selling Ready Made Corporate Companies with a website","St Kitts , Naile 32, silk road 32k","St.Kitts","St Kitts and Nevis","00000","Saint Kitts and Nevis","brandsellerbiz@gmail.com","+239.5342236297","","Buy Corporate Companies Online","Selling Ready Made Corporate Companies with a website","St Kitts , Naile 32, silk road 32k","St.Kitts","St Kitts and Nevis","00000","Saint Kitts and Nevis","brandsellerbiz@gmail.com","+239.5342236297","","","","","","","","","","","","ns1.dan.com","ns2.dan.com","","","clientTransferProhibited","","",""
"6","tutoreduc.com","2020-05-11 19:55:41","2020-05-09","2020-05-09","2021-05-09","69","Tucows Domains Inc.","whois.tucows.com","http://domainhelp.opensrs.net","REDACTED FOR PRIVACY","REDACTED FOR PRIVACY","REDACTED FOR PRIVACY","REDACTED FOR PRIVACY","Charlestown","REDACTED FOR PRIVACY","Saint Kitts and Nevis","","REDACTED FOR PRIVACY","REDACTED FOR PRIVACY","REDACTED FOR PRIVACY","REDACTED FOR PRIVACY","REDACTED FOR PRIVACY","REDACTED FOR PRIVACY","REDACTED FOR PRIVACY","REDACTED FOR PRIVACY","REDACTED FOR PRIVACY","","REDACTED FOR PRIVACY","REDACTED FOR PRIVACY","REDACTED FOR PRIVACY","REDACTED FOR PRIVACY","REDACTED FOR PRIVACY","REDACTED FOR PRIVACY","REDACTED FOR PRIVACY","REDACTED FOR PRIVACY","REDACTED FOR PRIVACY","","REDACTED FOR PRIVACY","REDACTED FOR PRIVACY","","","","","","","","","","","santino.ns.cloudflare.com","tegan.ns.cloudflare.com","","","clientTransferProhibited","clientUpdateProhibited","",""
"7","vision-android.com","2020-05-11 20:17:23","2020-05-09","2020-05-09","2021-05-09","69","Tucows Domains Inc.","whois.tucows.com","http://domainhelp.opensrs.net","REDACTED FOR PRIVACY","REDACTED FOR PRIVACY","REDACTED FOR PRIVACY","REDACTED FOR PRIVACY","Charlestown","REDACTED FOR PRIVACY","Saint Kitts and Nevis","","REDACTED FOR PRIVACY","REDACTED FOR PRIVACY","REDACTED FOR PRIVACY","REDACTED FOR PRIVACY","REDACTED FOR PRIVACY","REDACTED FOR PRIVACY","REDACTED FOR PRIVACY","REDACTED FOR PRIVACY","REDACTED FOR PRIVACY","","REDACTED FOR PRIVACY","REDACTED FOR PRIVACY","REDACTED FOR PRIVACY","REDACTED FOR PRIVACY","REDACTED FOR PRIVACY","REDACTED FOR PRIVACY","REDACTED FOR PRIVACY","REDACTED FOR PRIVACY","REDACTED FOR PRIVACY","","REDACTED FOR PRIVACY","REDACTED FOR PRIVACY","","","","","","","","","","","1-you.njalla.no","2-can.njalla.in","3-get.njalla.fo","","clientTransferProhibited","clientUpdateProhibited","",""
"8","wafflehosting.com","2020-05-11 19:59:18","2020-05-08","2020-05-08","2021-05-08","69","Tucows Domains Inc.","whois.tucows.com","http://domainhelp.opensrs.net","REDACTED FOR PRIVACY","REDACTED FOR PRIVACY","REDACTED FOR PRIVACY","REDACTED FOR PRIVACY","Charlestown","REDACTED FOR PRIVACY","Saint Kitts and Nevis","","REDACTED FOR PRIVACY","REDACTED FOR PRIVACY","REDACTED FOR PRIVACY","REDACTED FOR PRIVACY","REDACTED FOR PRIVACY","REDACTED FOR PRIVACY","REDACTED FOR PRIVACY","REDACTED FOR PRIVACY","REDACTED FOR PRIVACY","","REDACTED FOR PRIVACY","REDACTED FOR PRIVACY","REDACTED FOR PRIVACY","REDACTED FOR PRIVACY","REDACTED FOR PRIVACY","REDACTED FOR PRIVACY","REDACTED FOR PRIVACY","REDACTED FOR PRIVACY","REDACTED FOR PRIVACY","","REDACTED FOR PRIVACY","REDACTED FOR PRIVACY","","","","","","","","","","","1-you.njalla.no","2-can.njalla.in","3-get.njalla.fo","","clientTransferProhibited","clientUpdateProhibited","",""