"num","domain_name","query_time","create_date","update_date","expiry_date","domain_registrar_id","domain_registrar_name","domain_registrar_whois","domain_registrar_url","registrant_name","registrant_company","registrant_address","registrant_city","registrant_state","registrant_zip","registrant_country","registrant_email","registrant_phone","registrant_fax","administrative_name","administrative_company","administrative_address","administrative_city","administrative_state","administrative_zip","administrative_country","administrative_email","administrative_phone","administrative_fax","technical_name","technical_company","technical_address","technical_city","technical_state","technical_zip","technical_country","technical_email","technical_phone","technical_fax","billing_name","billing_company","billing_address","billing_city","billing_state","billing_zip","billing_country","billing_email","billing_phone","billing_fax","name_server_1","name_server_2","name_server_3","name_server_4","domain_status_1","domain_status_2","domain_status_3","domain_status_4"
"1","al-alfiah.com","2020-05-11 20:06:15","2020-05-09","2020-05-09","2022-05-09","146","GoDaddy.com, LLC","whois.godaddy.com","http://registrar.godaddy.com","","","","","00000","","Saudi Arabia","","","","","","","","","","","","","","","","","","","","","","","","","","","","","","","","","","ns1.ifastnet11.org","ns2.ifastnet11.org","","","clientDeleteProhibited","clientRenewProhibited","clientTransferProhibited","clientUpdateProhibited"
"2","alyafei2020.com","2020-05-11 20:15:46","2020-05-09","2020-05-09","2021-05-09","106","Ascio Technologies, Inc. Danmark - Filial af Ascio technologies, Inc. USA","whois.ascio.com","http://www.ascio.com","Not Disclosed","Not Disclosed","Not Disclosed","Not Disclosed","","Not Disclosed","Saudi Arabia","","Not Disclosed","Not Disclosed","Not Disclosed","Not Disclosed","Not Disclosed","Not Disclosed","Not Disclosed","Not Disclosed","Not Disclosed","","Not Disclosed","Not Disclosed","Not Disclosed","Not Disclosed","Not Disclosed","Not Disclosed","Not Disclosed","Not Disclosed","Not Disclosed","","Not Disclosed","Not Disclosed","","","","","","","","","","","dns1.123hjemmeside.dk","dns2.123hjemmeside.dk","dns3.123hjemmeside.dk","","OK","","",""
"3","aqarex.com","2020-05-11 20:03:31","2020-05-08","2020-05-08","2021-05-08","146","GoDaddy.com, LLC","whois.godaddy.com","http://registrar.godaddy.com","GECON","GECON","","","Riyadh","","Saudi Arabia","","","","","","","","","","","","","","","","","","","","","","","","","","","","","","","","","","ns69.domaincontrol.com","ns70.domaincontrol.com","","","clientDeleteProhibited","clientRenewProhibited","clientTransferProhibited","clientUpdateProhibited"
"4","aresilience.com","2020-05-11 20:01:15","2020-05-08","2020-05-08","2021-05-08","146","GoDaddy.com, LLC","whois.godaddy.com","http://registrar.godaddy.com","","","","","EP","","Saudi Arabia","","","","","","","","","","","","","","","","","","","","","","","","","","","","","","","","","","ns55.domaincontrol.com","ns56.domaincontrol.com","","","clientDeleteProhibited","clientRenewProhibited","clientTransferProhibited","clientUpdateProhibited"
"5","baytaleitara.com","2020-05-11 20:17:40","2020-05-09","2020-05-09","2022-05-09","440","Wild West Domains, LLC","whois.wildwestdomains.com","http://www.wildwestdomains.com","","","","","NY","","Saudi Arabia","","","","","","","","","","","","","","","","","","","","","","","","","","","","","","","","","","ns69.domaincontrol.com","ns70.domaincontrol.com","","","clientDeleteProhibited","clientRenewProhibited","clientTransferProhibited","clientUpdateProhibited"
"6","bubbleswipe.com","2020-05-11 20:00:38","2020-05-08","2020-05-08","2022-05-08","146","GoDaddy.com, LLC","whois.godaddy.com","http://registrar.godaddy.com","","","","","Dammam","","Saudi Arabia","","","","","","","","","","","","","","","","","","","","","","","","","","","","","","","","","","ns15.domaincontrol.com","ns16.domaincontrol.com","","","clientDeleteProhibited","clientRenewProhibited","clientTransferProhibited","clientUpdateProhibited"
"7","cascarastore.com","2020-05-11 20:04:11","2020-05-08","2020-05-08","2021-05-08","625","Name.com, Inc.","whois.name.com","http://www.name.com","Nawaf Hariri","Salla","P.O.Box13867","Makkah","Makkah","21955","Saudi Arabia","domains@salla.sa","+966.544444444","","Nawaf Hariri","Salla","P.O.Box13867","Makkah","Makkah","21955","Saudi Arabia","domains@salla.sa","+966.544444444","","Nawaf Hariri","Salla","P.O.Box13867","Makkah","Makkah","21955","Saudi Arabia","domains@salla.sa","+966.544444444","","","","","","","","","","","","donald.ns.cloudflare.com","leia.ns.cloudflare.com","","","addPeriod","clientTransferProhibited","",""
"8","classs-sa.com","2020-05-11 19:57:58","2020-05-08","2020-05-08","2021-05-08","625","Name.com, Inc.","whois.name.com","http://www.name.com","Nawaf Hariri","Salla","P.O.Box13867","Makkah","Makkah","21955","Saudi Arabia","domains@salla.sa","+966.544444444","","Nawaf Hariri","Salla","P.O.Box13867","Makkah","Makkah","21955","Saudi Arabia","domains@salla.sa","+966.544444444","","Nawaf Hariri","Salla","P.O.Box13867","Makkah","Makkah","21955","Saudi Arabia","domains@salla.sa","+966.544444444","","","","","","","","","","","","donald.ns.cloudflare.com","leia.ns.cloudflare.com","","","addPeriod","clientTransferProhibited","",""
"9","dashbv.com","2020-05-11 20:07:53","2020-05-09","2020-05-09","2021-05-09","146","GoDaddy.com, LLC","whois.godaddy.com","http://registrar.godaddy.com","","","","","Riyadh","","Saudi Arabia","","","","","","","","","","","","","","","","","","","","","","","","","","","","","","","","","","donna.ns.cloudflare.com","uriah.ns.cloudflare.com","","","clientDeleteProhibited","clientRenewProhibited","clientTransferProhibited","clientUpdateProhibited"
"10","daystarhub.com","2020-05-11 20:07:18","2020-05-09","2020-05-09","2021-05-09","1749","Upperlink Limited","whois.upperlink.ng","http://domains.upperlink.ng","frank uchegbu","frankuchegbu.com","420 King Abdullah Road, Al Worood,","Riyadh","Central","11323","Saudi Arabia","frankuchegbu@gmail.com","+966.568331699","","frank uchegbu","frankuchegbu.com","420 King Abdullah Road, Al Worood,","Riyadh","Central","11323","Saudi Arabia","frankuchegbu@gmail.com","+966.568331699","","frank uchegbu","frankuchegbu.com","420 King Abdullah Road, Al Worood,","Riyadh","Central","11323","Saudi Arabia","frankuchegbu@gmail.com","+966.568331699","","","","","","","","","","","","ns27.websitewelcome.com","ns28.websitewelcome.com","","","clientTransferProhibited","","",""
"11","dirasainfo.com","2020-05-11 19:55:34","2020-05-09","2020-05-09","2021-05-09","146","GoDaddy.com, LLC","whois.godaddy.com","http://registrar.godaddy.com","","","","","Saudi Arabia","","Saudi Arabia","","","","","","","","","","","","","","","","","","","","","","","","","","","","","","","","","","ns15.domaincontrol.com","ns16.domaincontrol.com","","","clientDeleteProhibited","clientRenewProhibited","clientTransferProhibited","clientUpdateProhibited"
"12","drahmedrefaat.com","2020-05-11 20:02:01","2020-05-08","2020-05-08","2021-05-08","146","GoDaddy.com, LLC","whois.godaddy.com","http://registrar.godaddy.com","","","","","SAUDI","","Saudi Arabia","","","","","","","","","","","","","","","","","","","","","","","","","","","","","","","","","","ns15.domaincontrol.com","ns16.domaincontrol.com","","","clientDeleteProhibited","clientRenewProhibited","clientTransferProhibited","clientUpdateProhibited"
"13","dryicesaudi.com","2020-05-11 20:14:42","2020-05-08","2020-05-10","2021-05-08","886","Domain.com, LLC","whois.domain.com","http://www.domain.com","REDACTED FOR PRIVACY","REDACTED FOR PRIVACY","REDACTED FOR PRIVACY","REDACTED FOR PRIVACY","NA","REDACTED FOR PRIVACY","Saudi Arabia","","REDACTED FOR PRIVACY","REDACTED FOR PRIVACY","REDACTED FOR PRIVACY","REDACTED FOR PRIVACY","REDACTED FOR PRIVACY","REDACTED FOR PRIVACY","REDACTED FOR PRIVACY","REDACTED FOR PRIVACY","REDACTED FOR PRIVACY","","REDACTED FOR PRIVACY","REDACTED FOR PRIVACY","REDACTED FOR PRIVACY","REDACTED FOR PRIVACY","REDACTED FOR PRIVACY","REDACTED FOR PRIVACY","REDACTED FOR PRIVACY","REDACTED FOR PRIVACY","REDACTED FOR PRIVACY","","REDACTED FOR PRIVACY","REDACTED FOR PRIVACY","","","","","","","","","","","ns1.domain.com","ns1.sedoparking.com","ns2.domain.com","ns2.sedoparking.com","OK","","",""
"14","ehsibah.com","2020-05-11 20:03:49","2020-05-08","2020-05-08","2023-05-08","146","GoDaddy.com, LLC","whois.godaddy.com","http://registrar.godaddy.com","Ertyad Consulting","Ertyad Consulting","","","Arriyadh","","Saudi Arabia","","","","","","","","","","","","","","","","","","","","","","","","","","","","","","","","","","pdns11.domaincontrol.com","pdns12.domaincontrol.com","","","clientDeleteProhibited","clientRenewProhibited","clientTransferProhibited","clientUpdateProhibited"
"15","ehsibha.com","2020-05-11 20:03:44","2020-05-08","2020-05-08","2023-05-08","146","GoDaddy.com, LLC","whois.godaddy.com","http://registrar.godaddy.com","Ertyad Consulting","Ertyad Consulting","","","Arriyadh","","Saudi Arabia","","","","","","","","","","","","","","","","","","","","","","","","","","","","","","","","","","pdns11.domaincontrol.com","pdns12.domaincontrol.com","","","clientDeleteProhibited","clientRenewProhibited","clientTransferProhibited","clientUpdateProhibited"
"16","framesme.com","2020-05-11 19:59:37","2020-05-08","2020-05-08","2021-05-08","48","eNom, Inc.","whois.enom.com","http://www.enom.com","REDACTED FOR PRIVACY","REDACTED FOR PRIVACY","REDACTED FOR PRIVACY","REDACTED FOR PRIVACY","Jeddah","REDACTED FOR PRIVACY","Saudi Arabia","","REDACTED FOR PRIVACY","REDACTED FOR PRIVACY","REDACTED FOR PRIVACY","REDACTED FOR PRIVACY","REDACTED FOR PRIVACY","REDACTED FOR PRIVACY","REDACTED FOR PRIVACY","REDACTED FOR PRIVACY","REDACTED FOR PRIVACY","","REDACTED FOR PRIVACY","REDACTED FOR PRIVACY","REDACTED FOR PRIVACY","REDACTED FOR PRIVACY","REDACTED FOR PRIVACY","REDACTED FOR PRIVACY","REDACTED FOR PRIVACY","REDACTED FOR PRIVACY","REDACTED FOR PRIVACY","","REDACTED FOR PRIVACY","REDACTED FOR PRIVACY","","","","","","","","","","","jasmine.ns.cloudflare.com","kip.ns.cloudflare.com","","","addPeriod","clientTransferProhibited","",""
"17","fv.academy","2020-05-11 14:40:47","2020-05-09","2020-05-09","2021-05-09","146","GoDaddy.com, LLC","whois.godaddy.com","http://registrar.godaddy.com","REDACTED FOR PRIVACY","","REDACTED FOR PRIVACY","REDACTED FOR PRIVACY","Eastern Region","REDACTED FOR PRIVACY","Saudi Arabia","","REDACTED FOR PRIVACY","REDACTED FOR PRIVACY","","","","","","","","","","","","","","","","","","","","","","","","","","","","","","","","","","","addPeriod","clientDeleteProhibited","clientRenewProhibited","clientTransferProhibited"
"18","inatemirates.com","2020-05-11 19:58:23","2020-05-08","2020-05-08","2022-05-08","69","Tucows Domains Inc.","whois.tucows.com","http://domainhelp.opensrs.net","REDACTED FOR PRIVACY","REDACTED FOR PRIVACY","REDACTED FOR PRIVACY","REDACTED FOR PRIVACY","Eastern","REDACTED FOR PRIVACY","Saudi Arabia","","REDACTED FOR PRIVACY","REDACTED FOR PRIVACY","REDACTED FOR PRIVACY","REDACTED FOR PRIVACY","REDACTED FOR PRIVACY","REDACTED FOR PRIVACY","REDACTED FOR PRIVACY","REDACTED FOR PRIVACY","REDACTED FOR PRIVACY","","REDACTED FOR PRIVACY","REDACTED FOR PRIVACY","REDACTED FOR PRIVACY","REDACTED FOR PRIVACY","REDACTED FOR PRIVACY","REDACTED FOR PRIVACY","REDACTED FOR PRIVACY","REDACTED FOR PRIVACY","REDACTED FOR PRIVACY","","REDACTED FOR PRIVACY","REDACTED FOR PRIVACY","","","","","","","","","","","yns1.yahoo.com","yns2.yahoo.com","","","clientTransferProhibited","clientUpdateProhibited","",""
"19","intelligence.coffee","2020-05-11 21:27:22","2020-05-10","2020-05-10","2021-05-10","146","GoDaddy.com, LLC","whois.godaddy.com","http://registrar.godaddy.com","REDACTED FOR PRIVACY","No","REDACTED FOR PRIVACY","REDACTED FOR PRIVACY","Riyadh","REDACTED FOR PRIVACY","Saudi Arabia","","REDACTED FOR PRIVACY","REDACTED FOR PRIVACY","","","","","","","","","","","","","","","","","","","","","","","","","","","","","","","","","","","addPeriod","clientDeleteProhibited","clientRenewProhibited","clientTransferProhibited"
"20","iqhawks.com","2020-05-11 20:00:51","2020-05-08","2020-05-08","2021-05-08","146","GoDaddy.com, LLC","whois.godaddy.com","http://registrar.godaddy.com","","","","","Mount lebanon","","Saudi Arabia","","","","","","","","","","","","","","","","","","","","","","","","","","","","","","","","","","ns15.domaincontrol.com","ns16.domaincontrol.com","","","clientDeleteProhibited","clientRenewProhibited","clientTransferProhibited","clientUpdateProhibited"
"21","j0yhouse.com","2020-05-11 20:03:58","2020-05-08","2020-05-08","2021-05-08","625","Name.com, Inc.","whois.name.com","http://www.name.com","Nawaf Hariri","Salla","P.O.Box13867","Makkah","Makkah","21955","Saudi Arabia","domains@salla.sa","+966.544444444","","Nawaf Hariri","Salla","P.O.Box13867","Makkah","Makkah","21955","Saudi Arabia","domains@salla.sa","+966.544444444","","Nawaf Hariri","Salla","P.O.Box13867","Makkah","Makkah","21955","Saudi Arabia","domains@salla.sa","+966.544444444","","","","","","","","","","","","donald.ns.cloudflare.com","leia.ns.cloudflare.com","","","addPeriod","clientTransferProhibited","",""
"22","julan-fashion.com","2020-05-11 20:04:12","2020-05-08","2020-05-08","2021-05-08","625","Name.com, Inc.","whois.name.com","http://www.name.com","Nawaf Hariri","Salla","P.O.Box13867","Makkah","Makkah","21955","Saudi Arabia","domains@salla.sa","+966.544444444","","Nawaf Hariri","Salla","P.O.Box13867","Makkah","Makkah","21955","Saudi Arabia","domains@salla.sa","+966.544444444","","Nawaf Hariri","Salla","P.O.Box13867","Makkah","Makkah","21955","Saudi Arabia","domains@salla.sa","+966.544444444","","","","","","","","","","","","donald.ns.cloudflare.com","leia.ns.cloudflare.com","","","addPeriod","clientTransferProhibited","",""
"23","kiranimes.com","2020-05-11 20:17:35","2020-05-09","2020-05-09","2021-05-09","146","GoDaddy.com, LLC","whois.godaddy.com","http://registrar.godaddy.com","","","","","jizan","","Saudi Arabia","","","","","","","","","","","","","","","","","","","","","","","","","","","","","","","","","","ns1.digitalocean.com","ns2.digitalocean.com","ns3.digitalocean.com","","clientDeleteProhibited","clientRenewProhibited","clientTransferProhibited","clientUpdateProhibited"
"24","lavalleehome.com","2020-05-11 19:55:24","2020-05-09","2020-05-09","2021-05-09","625","Name.com, Inc.","whois.name.com","http://www.name.com","Nawaf Hariri","Salla","P.O.Box13867","Makkah","Makkah","21955","Saudi Arabia","domains@salla.sa","+966.544444444","","Nawaf Hariri","Salla","P.O.Box13867","Makkah","Makkah","21955","Saudi Arabia","domains@salla.sa","+966.544444444","","Nawaf Hariri","Salla","P.O.Box13867","Makkah","Makkah","21955","Saudi Arabia","domains@salla.sa","+966.544444444","","","","","","","","","","","","donald.ns.cloudflare.com","leia.ns.cloudflare.com","","","addPeriod","clientTransferProhibited","",""
"25","matrixcloudservices.com","2020-05-11 20:01:17","2020-05-08","2020-05-08","2021-05-08","146","GoDaddy.com, LLC","whois.godaddy.com","http://registrar.godaddy.com","","","","","Riyadh","","Saudi Arabia","","","","","","","","","","","","","","","","","","","","","","","","","","","","","","","","","","ns69.domaincontrol.com","ns70.domaincontrol.com","","","clientDeleteProhibited","clientRenewProhibited","clientTransferProhibited","clientUpdateProhibited"
"26","mehfileshab.com","2020-05-11 19:55:02","2020-05-09","2020-05-09","2022-05-09","146","GoDaddy.com, LLC","whois.godaddy.com","http://registrar.godaddy.com","Mehfil-e-Shab","Mehfil-e-Shab","","","Delhi","","Saudi Arabia","","","","","","","","","","","","","","","","","","","","","","","","","","","","","","","","","","ns47.domaincontrol.com","ns48.domaincontrol.com","","","clientDeleteProhibited","clientRenewProhibited","clientTransferProhibited","clientUpdateProhibited"
"27","mocabica.com","2020-05-11 20:00:44","2020-05-08","2020-05-08","2021-05-08","146","GoDaddy.com, LLC","whois.godaddy.com","http://registrar.godaddy.com","","","","","Central","","Saudi Arabia","","","","","","","","","","","","","","","","","","","","","","","","","","","","","","","","","","ns55.domaincontrol.com","ns56.domaincontrol.com","","","clientDeleteProhibited","clientRenewProhibited","clientTransferProhibited","clientUpdateProhibited"
"28","mochabica.com","2020-05-11 20:00:46","2020-05-08","2020-05-08","2021-05-08","146","GoDaddy.com, LLC","whois.godaddy.com","http://registrar.godaddy.com","","","","","Central","","Saudi Arabia","","","","","","","","","","","","","","","","","","","","","","","","","","","","","","","","","","ns55.domaincontrol.com","ns56.domaincontrol.com","","","clientDeleteProhibited","clientRenewProhibited","clientTransferProhibited","clientUpdateProhibited"
"29","mohammedaljouni.com","2020-05-11 19:59:44","2020-05-08","2020-05-08","2021-05-08","69","Tucows Domains Inc.","whois.tucows.com","http://domainhelp.opensrs.net","REDACTED FOR PRIVACY","REDACTED FOR PRIVACY","REDACTED FOR PRIVACY","REDACTED FOR PRIVACY","XX","REDACTED FOR PRIVACY","Saudi Arabia","","REDACTED FOR PRIVACY","REDACTED FOR PRIVACY","REDACTED FOR PRIVACY","REDACTED FOR PRIVACY","REDACTED FOR PRIVACY","REDACTED FOR PRIVACY","REDACTED FOR PRIVACY","REDACTED FOR PRIVACY","REDACTED FOR PRIVACY","","REDACTED FOR PRIVACY","REDACTED FOR PRIVACY","REDACTED FOR PRIVACY","REDACTED FOR PRIVACY","REDACTED FOR PRIVACY","REDACTED FOR PRIVACY","REDACTED FOR PRIVACY","REDACTED FOR PRIVACY","REDACTED FOR PRIVACY","","REDACTED FOR PRIVACY","REDACTED FOR PRIVACY","","","","","","","","","","","ns1.giow1086.siteground.us","ns2.giow1086.siteground.us","","","clientTransferProhibited","clientUpdateProhibited","",""
"30","nedesigns1.com","2020-05-11 19:55:23","2020-05-09","2020-05-09","2021-05-09","625","Name.com, Inc.","whois.name.com","http://www.name.com","Nawaf Hariri","Salla","P.O.Box13867","Makkah","Makkah","21955","Saudi Arabia","domains@salla.sa","+966.544444444","","Nawaf Hariri","Salla","P.O.Box13867","Makkah","Makkah","21955","Saudi Arabia","domains@salla.sa","+966.544444444","","Nawaf Hariri","Salla","P.O.Box13867","Makkah","Makkah","21955","Saudi Arabia","domains@salla.sa","+966.544444444","","","","","","","","","","","","donald.ns.cloudflare.com","leia.ns.cloudflare.com","","","addPeriod","clientTransferProhibited","",""
"31","perfume-makeup.com","2020-05-11 20:04:08","2020-05-08","2020-05-08","2021-05-08","146","GoDaddy.com, LLC","whois.godaddy.com","http://registrar.godaddy.com","","","","","55541","","Saudi Arabia","","","","","","","","","","","","","","","","","","","","","","","","","","","","","","","","","","ns1.bh-73.webhostbox.net","ns2.bh-73.webhostbox.net","","","clientDeleteProhibited","clientRenewProhibited","clientTransferProhibited","clientUpdateProhibited"
"32","quickpickq.com","2020-05-11 20:17:24","2020-05-09","2020-05-09","2021-05-09","146","GoDaddy.com, LLC","whois.godaddy.com","http://registrar.godaddy.com","","","","","\u0627\u0644\u0631\u064a\u0627\u0636","","Saudi Arabia","","","","","","","","","","","","","","","","","","","","","","","","","","","","","","","","","","ns69.domaincontrol.com","ns70.domaincontrol.com","","","clientDeleteProhibited","clientRenewProhibited","clientTransferProhibited","clientUpdateProhibited"
"33","qwahr.com","2020-05-11 20:02:08","2020-05-08","2020-05-08","2021-05-08","303","PDR Ltd. d/b/a PublicDomainRegistry.com","whois.publicdomainregistry.com","http://www.publicdomainregistry.com","nazeeh almowllad","","70","jeddah","makka","11633","Saudi Arabia","nazeeh.r@hotmail.com","+966.555115762","","nazeeh almowllad","","70","jeddah","makka","11633","Saudi Arabia","nazeeh.r@hotmail.com","+966.555115762","","nazeeh almowllad","","70","jeddah","makka","11633","Saudi Arabia","nazeeh.r@hotmail.com","+966.555115762","","","","","","","","","","","","cl1.murabba.com","cl2.murabba.com","cl3.murabba.com","cl4.murabba.com","clientTransferProhibited","","",""
"34","sa7abstore.com","2020-05-11 20:02:18","2020-05-08","2020-05-08","2021-05-08","146","GoDaddy.com, LLC","whois.godaddy.com","http://registrar.godaddy.com","NALS","NALS","","","estern","","Saudi Arabia","","","","","","","","","","","","","","","","","","","","","","","","","","","","","","","","","","ns6113.hostgator.com","ns6114.hostgator.com","","","clientDeleteProhibited","clientRenewProhibited","clientTransferProhibited","clientUpdateProhibited"
"35","salem-bashammakh.com","2020-05-11 19:55:13","2020-05-09","2020-05-09","2021-05-09","303","PDR Ltd. d/b/a PublicDomainRegistry.com","whois.publicdomainregistry.com","http://www.publicdomainregistry.com","Hussain Basulaib","Hussain Basulaib","YASMEEN","RIYADH","RIYADH","13322","Saudi Arabia","habasleb99@gmail.com","+966.505217493","","Hussain Basulaib","Hussain Basulaib","YASMEEN","RIYADH","RIYADH","13322","Saudi Arabia","habasleb99@gmail.com","+966.505217493","","Hussain Basulaib","Hussain Basulaib","YASMEEN","RIYADH","RIYADH","13322","Saudi Arabia","habasleb99@gmail.com","+966.505217493","","","","","","","","","","","","ns1.dns-parking.com","ns2.dns-parking.com","","","clientTransferProhibited","","",""
"36","sarab4.com","2020-05-11 19:58:09","2020-05-08","2020-05-08","2021-05-08","625","Name.com, Inc.","whois.name.com","http://www.name.com","Nawaf Hariri","Salla","P.O.Box13867","Makkah","Makkah","21955","Saudi Arabia","domains@salla.sa","+966.544444444","","Nawaf Hariri","Salla","P.O.Box13867","Makkah","Makkah","21955","Saudi Arabia","domains@salla.sa","+966.544444444","","Nawaf Hariri","Salla","P.O.Box13867","Makkah","Makkah","21955","Saudi Arabia","domains@salla.sa","+966.544444444","","","","","","","","","","","","donald.ns.cloudflare.com","leia.ns.cloudflare.com","","","addPeriod","clientTransferProhibited","",""
"37","sentrose.com","2020-05-11 20:14:19","2020-05-08","2020-05-08","2021-05-08","146","GoDaddy.com, LLC","whois.godaddy.com","http://registrar.godaddy.com","","","","","Central","","Saudi Arabia","","","","","","","","","","","","","","","","","","","","","","","","","","","","","","","","","","ns55.domaincontrol.com","ns56.domaincontrol.com","","","clientDeleteProhibited","clientRenewProhibited","clientTransferProhibited","clientUpdateProhibited"
"38","suitescloudsportal.com","2020-05-11 20:04:59","2020-05-09","2020-05-09","2021-05-09","146","GoDaddy.com, LLC","whois.godaddy.com","http://registrar.godaddy.com","MiddleSolution","MiddleSolution","","","Riyadh Province","","Saudi Arabia","","","","","","","","","","","","","","","","","","","","","","","","","","","","","","","","","","ns47.domaincontrol.com","ns48.domaincontrol.com","","","clientDeleteProhibited","clientRenewProhibited","clientTransferProhibited","clientUpdateProhibited"
"39","tadween20.com","2020-05-11 20:04:17","2020-05-08","2020-05-08","2021-05-08","625","Name.com, Inc.","whois.name.com","http://www.name.com","Nawaf Hariri","Salla","P.O.Box13867","Makkah","Makkah","21955","Saudi Arabia","domains@salla.sa","+966.544444444","","Nawaf Hariri","Salla","P.O.Box13867","Makkah","Makkah","21955","Saudi Arabia","domains@salla.sa","+966.544444444","","Nawaf Hariri","Salla","P.O.Box13867","Makkah","Makkah","21955","Saudi Arabia","domains@salla.sa","+966.544444444","","","","","","","","","","","","donald.ns.cloudflare.com","leia.ns.cloudflare.com","","","addPeriod","clientTransferProhibited","",""
"40","thedropshipplatform.com","2020-05-11 19:57:57","2020-05-08","2020-05-08","2021-05-08","146","GoDaddy.com, LLC","whois.godaddy.com","http://registrar.godaddy.com","Raoof","Raoof","","","\u0645\u0643\u0647","","Saudi Arabia","","","","","","","","","","","","","","","","","","","","","","","","","","","","","","","","","","ns47.domaincontrol.com","ns48.domaincontrol.com","","","clientDeleteProhibited","clientRenewProhibited","clientTransferProhibited","clientUpdateProhibited"
"41","tigraymlbama.com","2020-05-11 19:55:14","2020-05-09","2020-05-09","2021-05-09","146","GoDaddy.com, LLC","whois.godaddy.com","http://registrar.godaddy.com","","","","","Eastern","","Saudi Arabia","","","","","","","","","","","","","","","","","","","","","","","","","","","","","","","","","","ns47.domaincontrol.com","ns48.domaincontrol.com","","","clientDeleteProhibited","clientRenewProhibited","clientTransferProhibited","clientUpdateProhibited"
"42","touchessa.com","2020-05-11 20:14:21","2020-05-08","2020-05-08","2021-05-08","625","Name.com, Inc.","whois.name.com","http://www.name.com","Nawaf Hariri","Salla","P.O.Box13867","Makkah","Makkah","21955","Saudi Arabia","domains@salla.sa","+966.544444444","","Nawaf Hariri","Salla","P.O.Box13867","Makkah","Makkah","21955","Saudi Arabia","domains@salla.sa","+966.544444444","","Nawaf Hariri","Salla","P.O.Box13867","Makkah","Makkah","21955","Saudi Arabia","domains@salla.sa","+966.544444444","","","","","","","","","","","","donald.ns.cloudflare.com","leia.ns.cloudflare.com","","","addPeriod","clientTransferProhibited","",""
"43","valorksa.com","2020-05-11 20:14:53","2020-05-08","2020-05-08","2021-05-08","625","Name.com, Inc.","whois.name.com","http://www.name.com","Nawaf Hariri","Salla","P.O.Box13867","Makkah","Makkah","21955","Saudi Arabia","domains@salla.sa","+966.544444444","","Nawaf Hariri","Salla","P.O.Box13867","Makkah","Makkah","21955","Saudi Arabia","domains@salla.sa","+966.544444444","","Nawaf Hariri","Salla","P.O.Box13867","Makkah","Makkah","21955","Saudi Arabia","domains@salla.sa","+966.544444444","","","","","","","","","","","","donald.ns.cloudflare.com","leia.ns.cloudflare.com","","","addPeriod","clientTransferProhibited","",""
"44","yrtameen.com","2020-05-11 19:59:10","2020-05-08","2020-05-08","2021-05-08","69","Tucows Domains Inc.","whois.tucows.com","http://domainhelp.opensrs.net","REDACTED FOR PRIVACY","REDACTED FOR PRIVACY","REDACTED FOR PRIVACY","REDACTED FOR PRIVACY","XX","REDACTED FOR PRIVACY","Saudi Arabia","","REDACTED FOR PRIVACY","REDACTED FOR PRIVACY","REDACTED FOR PRIVACY","REDACTED FOR PRIVACY","REDACTED FOR PRIVACY","REDACTED FOR PRIVACY","REDACTED FOR PRIVACY","REDACTED FOR PRIVACY","REDACTED FOR PRIVACY","","REDACTED FOR PRIVACY","REDACTED FOR PRIVACY","REDACTED FOR PRIVACY","REDACTED FOR PRIVACY","REDACTED FOR PRIVACY","REDACTED FOR PRIVACY","REDACTED FOR PRIVACY","REDACTED FOR PRIVACY","REDACTED FOR PRIVACY","","REDACTED FOR PRIVACY","REDACTED FOR PRIVACY","","","","","","","","","","","ns1.giow1086.siteground.us","ns2.giow1086.siteground.us","","","clientTransferProhibited","clientUpdateProhibited","",""