"num","domain_name","query_time","create_date","update_date","expiry_date","domain_registrar_id","domain_registrar_name","domain_registrar_whois","domain_registrar_url","registrant_name","registrant_company","registrant_address","registrant_city","registrant_state","registrant_zip","registrant_country","registrant_email","registrant_phone","registrant_fax","administrative_name","administrative_company","administrative_address","administrative_city","administrative_state","administrative_zip","administrative_country","administrative_email","administrative_phone","administrative_fax","technical_name","technical_company","technical_address","technical_city","technical_state","technical_zip","technical_country","technical_email","technical_phone","technical_fax","billing_name","billing_company","billing_address","billing_city","billing_state","billing_zip","billing_country","billing_email","billing_phone","billing_fax","name_server_1","name_server_2","name_server_3","name_server_4","domain_status_1","domain_status_2","domain_status_3","domain_status_4"
"1","artistmetamorphosis.com","2020-05-11 20:07:58","2020-05-09","2020-05-09","2021-05-09","146","GoDaddy.com, LLC","whois.godaddy.com","http://registrar.godaddy.com","Sculptors Workshop","Sculptors Workshop","","","Singapore","","Singapore","","","","","","","","","","","","","","","","","","","","","","","","","","","","","","","","","","ns47.domaincontrol.com","ns48.domaincontrol.com","","","clientDeleteProhibited","clientRenewProhibited","clientTransferProhibited","clientUpdateProhibited"
"2","artnhealth.com","2020-05-11 20:09:28","2020-05-09","2020-05-09","2021-05-09","146","GoDaddy.com, LLC","whois.godaddy.com","http://registrar.godaddy.com","Sculptors Workshop","Sculptors Workshop","","","Singapore","","Singapore","","","","","","","","","","","","","","","","","","","","","","","","","","","","","","","","","","ns69.domaincontrol.com","ns70.domaincontrol.com","","","clientDeleteProhibited","clientRenewProhibited","clientTransferProhibited","clientUpdateProhibited"
"3","assetoverseas.com","2020-05-11 20:16:24","2020-05-09","2020-05-09","2021-05-09","303","PDR Ltd. d/b/a PublicDomainRegistry.com","whois.publicdomainregistry.com","http://www.publicdomainregistry.com","Nazar  Danish","nascorps international","05-79 Simlim Square","Singapore","Singapore","188504","Singapore","nascorpasia@gmail.com","+65.96820482","","Nazar  Danish","nascorps international","05-79 Simlim Square","Singapore","Singapore","188504","Singapore","nascorpasia@gmail.com","+65.96820482","","Nazar  Danish","nascorps international","05-79 Simlim Square","Singapore","Singapore","188504","Singapore","nascorpasia@gmail.com","+65.96820482","","","","","","","","","","","","ns1.dns-parking.com","ns2.dns-parking.com","","","clientTransferProhibited","","",""
"4","aungzaya.com","2020-05-11 20:03:42","2020-05-08","2020-05-08","2021-05-08","625","Name.com, Inc.","whois.name.com","http://www.name.com","Aung Zaya","Myanmar Workstation","Blk 661D, #15-458, Jurong West St. 64","singapore","singapore","644661","Singapore","myanmarmarketer@gmail.com","+65.90707081","","Min Soe","kelvin hughes","blk 28 marsiling drive#09-271","singapore","singapore","730028","Singapore","minthurasoe@gmail.com","+65.90707081","","Min Soe","kelvin hughes","blk 28 marsiling drive#09-271","singapore","singapore","730028","Singapore","minthurasoe@gmail.com","+65.90707081","","","","","","","","","","","","ns1kpv.name.com","ns2fjz.name.com","ns3gxy.name.com","ns4fqz.name.com","addPeriod","clientTransferProhibited","",""
"5","claudiagroll.com","2020-05-11 20:17:36","2020-05-09","2020-05-09","2021-05-09","146","GoDaddy.com, LLC","whois.godaddy.com","http://registrar.godaddy.com","","","","","Singapore","","Singapore","","","","","","","","","","","","","","","","","","","","","","","","","","","","","","","","","","ns15.domaincontrol.com","ns16.domaincontrol.com","","","clientDeleteProhibited","clientRenewProhibited","clientTransferProhibited","clientUpdateProhibited"
"6","creativactivity.com","2020-05-11 20:17:30","2020-05-09","2020-05-09","2021-05-09","146","GoDaddy.com, LLC","whois.godaddy.com","http://registrar.godaddy.com","d","d","","","Singapore","","Singapore","","","","","","","","","","","","","","","","","","","","","","","","","","","","","","","","","","ns59.domaincontrol.com","ns60.domaincontrol.com","","","clientDeleteProhibited","clientRenewProhibited","clientTransferProhibited","clientUpdateProhibited"
"7","gardenbedbuilder.com","2020-05-11 20:05:03","2020-05-09","2020-05-09","2021-05-09","146","GoDaddy.com, LLC","whois.godaddy.com","http://registrar.godaddy.com","Keith Cammell","Keith Cammell","","","California","","Singapore","","","","","","","","","","","","","","","","","","","","","","","","","","","","","","","","","","ns47.domaincontrol.com","ns48.domaincontrol.com","","","clientDeleteProhibited","clientRenewProhibited","clientTransferProhibited","clientUpdateProhibited"
"8","gardenbedbuilders.com","2020-05-11 20:04:59","2020-05-09","2020-05-09","2021-05-09","146","GoDaddy.com, LLC","whois.godaddy.com","http://registrar.godaddy.com","Keith Cammell","Keith Cammell","","","California","","Singapore","","","","","","","","","","","","","","","","","","","","","","","","","","","","","","","","","","ns69.domaincontrol.com","ns70.domaincontrol.com","","","clientDeleteProhibited","clientRenewProhibited","clientTransferProhibited","clientUpdateProhibited"
"9","gardenbedlandscaping.com","2020-05-11 20:05:37","2020-05-09","2020-05-09","2021-05-09","146","GoDaddy.com, LLC","whois.godaddy.com","http://registrar.godaddy.com","Keith Cammell","Keith Cammell","","","California","","Singapore","","","","","","","","","","","","","","","","","","","","","","","","","","","","","","","","","","ns69.domaincontrol.com","ns70.domaincontrol.com","","","clientDeleteProhibited","clientRenewProhibited","clientTransferProhibited","clientUpdateProhibited"
"10","goodoiltv.com","2020-05-11 19:55:35","2020-05-08","2020-05-08","2021-05-08","146","GoDaddy.com, LLC","whois.godaddy.com","http://registrar.godaddy.com","","","","","Singapore","","Singapore","","","","","","","","","","","","","","","","","","","","","","","","","","","","","","","","","","ns15.domaincontrol.com","ns16.domaincontrol.com","","","clientDeleteProhibited","clientRenewProhibited","clientTransferProhibited","clientUpdateProhibited"
"11","gurumm.com","2020-05-11 20:14:13","2020-05-08","2020-05-08","2022-05-08","48","eNom, Inc.","whois.enom.com","http://www.enom.com","REDACTED FOR PRIVACY","REDACTED FOR PRIVACY","REDACTED FOR PRIVACY","REDACTED FOR PRIVACY","jurong","REDACTED FOR PRIVACY","Singapore","","REDACTED FOR PRIVACY","REDACTED FOR PRIVACY","REDACTED FOR PRIVACY","REDACTED FOR PRIVACY","REDACTED FOR PRIVACY","REDACTED FOR PRIVACY","REDACTED FOR PRIVACY","REDACTED FOR PRIVACY","REDACTED FOR PRIVACY","","REDACTED FOR PRIVACY","REDACTED FOR PRIVACY","REDACTED FOR PRIVACY","REDACTED FOR PRIVACY","REDACTED FOR PRIVACY","REDACTED FOR PRIVACY","REDACTED FOR PRIVACY","REDACTED FOR PRIVACY","REDACTED FOR PRIVACY","","REDACTED FOR PRIVACY","REDACTED FOR PRIVACY","","","","","","","","","","","ns1.a2hosting.com","ns2.a2hosting.com","ns3.a2hosting.com","ns4.a2hosting.com","addPeriod","clientTransferProhibited","",""
"12","hundredmeter.com","2020-05-11 19:56:44","2020-05-09","2020-05-09","2021-05-09","146","GoDaddy.com, LLC","whois.godaddy.com","http://registrar.godaddy.com","Rotem","Rotem","","","Singapore","","Singapore","","","","","","","","","","","","","","","","","","","","","","","","","","","","","","","","","","ns55.domaincontrol.com","ns56.domaincontrol.com","","","clientDeleteProhibited","clientRenewProhibited","clientTransferProhibited","clientUpdateProhibited"
"13","hyperolds.com","2020-05-11 19:56:59","2020-05-08","2020-05-08","2021-05-08","1837","DropCatch.com 426 LLC","whois.namebright.com","http://www.dropcatch426.com","Themis Pte. Ltd.","","120 Robinson Road","Singapore","Central Singapore","068913","Singapore","whois@themis.com.sg","+65.68125710","","Themis Pte. Ltd.","","120 Robinson Road","Singapore","Central Singapore","068913","Singapore","whois@themis.com.sg","+65.68125710","","Themis Pte. Ltd.","","120 Robinson Road","Singapore","Central Singapore","068913","Singapore","whois@themis.com.sg","+65.68125710","","","","","","","","","","","","ns1.parkingcrew.net","ns2.parkingcrew.net","","","clientTransferProhibited","","",""
"14","idolfoundation.com","2020-05-11 20:06:40","2020-05-09","2020-05-09","2021-05-09","609","NameKing.com Inc.","whois.nameking.com","http://www.nameking.com","P ONG","","47A GILSTEAD ROAD","SINGAPORE","SINGAPORE","309091","Singapore","domain@friendclub.com","+65.96543188","","P ONG","","47A GILSTEAD ROAD","SINGAPORE","SINGAPORE","309091","Singapore","domain@friendclub.com","+65.96543188","","P ONG","","47A GILSTEAD ROAD","SINGAPORE","SINGAPORE","309091","Singapore","domain@friendclub.com","+65.96543188","","","","","","","","","","","","ns1.friendclub.com","ns2.friendclub.com","","","clientTransferProhibited","","",""
"15","idolhourly.com","2020-05-11 20:06:44","2020-05-09","2020-05-09","2021-05-09","609","NameKing.com Inc.","whois.nameking.com","http://www.nameking.com","P ONG","","47A GILSTEAD ROAD","SINGAPORE","SINGAPORE","309091","Singapore","domain@friendclub.com","+65.96543188","","P ONG","","47A GILSTEAD ROAD","SINGAPORE","SINGAPORE","309091","Singapore","domain@friendclub.com","+65.96543188","","P ONG","","47A GILSTEAD ROAD","SINGAPORE","SINGAPORE","309091","Singapore","domain@friendclub.com","+65.96543188","","","","","","","","","","","","ns1.friendclub.com","ns2.friendclub.com","","","clientTransferProhibited","","",""
"16","idolmonth.com","2020-05-11 20:06:27","2020-05-09","2020-05-09","2021-05-09","609","NameKing.com Inc.","whois.nameking.com","http://www.nameking.com","P ONG","","47A GILSTEAD ROAD","SINGAPORE","SINGAPORE","309091","Singapore","domain@friendclub.com","+65.96543188","","P ONG","","47A GILSTEAD ROAD","SINGAPORE","SINGAPORE","309091","Singapore","domain@friendclub.com","+65.96543188","","P ONG","","47A GILSTEAD ROAD","SINGAPORE","SINGAPORE","309091","Singapore","domain@friendclub.com","+65.96543188","","","","","","","","","","","","ns1.friendclub.com","ns2.friendclub.com","","","clientTransferProhibited","","",""
"17","idoltemple.com","2020-05-11 20:06:25","2020-05-09","2020-05-09","2021-05-09","609","NameKing.com Inc.","whois.nameking.com","http://www.nameking.com","P ONG","","47A GILSTEAD ROAD","SINGAPORE","SINGAPORE","309091","Singapore","domain@friendclub.com","+65.96543188","","P ONG","","47A GILSTEAD ROAD","SINGAPORE","SINGAPORE","309091","Singapore","domain@friendclub.com","+65.96543188","","P ONG","","47A GILSTEAD ROAD","SINGAPORE","SINGAPORE","309091","Singapore","domain@friendclub.com","+65.96543188","","","","","","","","","","","","ns1.friendclub.com","ns2.friendclub.com","","","clientTransferProhibited","","",""
"18","internationalmtv.com","2020-05-11 20:06:24","2020-05-09","2020-05-09","2021-05-09","609","NameKing.com Inc.","whois.nameking.com","http://www.nameking.com","P ONG","","47A GILSTEAD ROAD","SINGAPORE","SINGAPORE","309091","Singapore","domain@friendclub.com","+65.96543188","","P ONG","","47A GILSTEAD ROAD","SINGAPORE","SINGAPORE","309091","Singapore","domain@friendclub.com","+65.96543188","","P ONG","","47A GILSTEAD ROAD","SINGAPORE","SINGAPORE","309091","Singapore","domain@friendclub.com","+65.96543188","","","","","","","","","","","","ns1.friendclub.com","ns2.friendclub.com","","","clientTransferProhibited","","",""
"19","kaminarisg.com","2020-05-11 20:17:36","2020-05-09","2020-05-09","2021-05-09","146","GoDaddy.com, LLC","whois.godaddy.com","http://registrar.godaddy.com","For the People","For the People","","","Singapore","","Singapore","","","","","","","","","","","","","","","","","","","","","","","","","","","","","","","","","","ns55.domaincontrol.com","ns56.domaincontrol.com","","","clientDeleteProhibited","clientRenewProhibited","clientTransferProhibited","clientUpdateProhibited"
"20","kingdogo.com","2020-05-11 19:57:13","2020-05-08","2020-05-08","2021-05-08","146","GoDaddy.com, LLC","whois.godaddy.com","http://registrar.godaddy.com","","","","","Singapore","","Singapore","","","","","","","","","","","","","","","","","","","","","","","","","","","","","","","","","","ns55.domaincontrol.com","ns56.domaincontrol.com","","","clientDeleteProhibited","clientRenewProhibited","clientTransferProhibited","clientUpdateProhibited"
"21","lithvearp.com","2020-05-11 20:03:52","2020-05-08","2020-05-08","2021-05-08","48","eNom, Inc.","whois.enom.com","http://www.enom.com","REDACTED FOR PRIVACY","REDACTED FOR PRIVACY","REDACTED FOR PRIVACY","REDACTED FOR PRIVACY","Singapore","REDACTED FOR PRIVACY","Singapore","","REDACTED FOR PRIVACY","REDACTED FOR PRIVACY","REDACTED FOR PRIVACY","REDACTED FOR PRIVACY","REDACTED FOR PRIVACY","REDACTED FOR PRIVACY","REDACTED FOR PRIVACY","REDACTED FOR PRIVACY","REDACTED FOR PRIVACY","","REDACTED FOR PRIVACY","REDACTED FOR PRIVACY","REDACTED FOR PRIVACY","REDACTED FOR PRIVACY","REDACTED FOR PRIVACY","REDACTED FOR PRIVACY","REDACTED FOR PRIVACY","REDACTED FOR PRIVACY","REDACTED FOR PRIVACY","","REDACTED FOR PRIVACY","REDACTED FOR PRIVACY","","","","","","","","","","","ns1.enjin.com","ns2.enjin.com","ns3.enjin.com","ns4.enjin.com","addPeriod","clientTransferProhibited","",""
"22","lovehourly.com","2020-05-11 20:06:32","2020-05-09","2020-05-09","2021-05-09","609","NameKing.com Inc.","whois.nameking.com","http://www.nameking.com","P ONG","","47A GILSTEAD ROAD","SINGAPORE","SINGAPORE","309091","Singapore","domain@friendclub.com","+65.96543188","","P ONG","","47A GILSTEAD ROAD","SINGAPORE","SINGAPORE","309091","Singapore","domain@friendclub.com","+65.96543188","","P ONG","","47A GILSTEAD ROAD","SINGAPORE","SINGAPORE","309091","Singapore","domain@friendclub.com","+65.96543188","","","","","","","","","","","","ns1.friendclub.com","ns2.friendclub.com","","","clientTransferProhibited","","",""
"23","mingxingjulebu.com","2020-05-11 20:06:31","2020-05-09","2020-05-09","2021-05-09","609","NameKing.com Inc.","whois.nameking.com","http://www.nameking.com","P ONG","","47A GILSTEAD ROAD","SINGAPORE","SINGAPORE","309091","Singapore","domain@friendclub.com","+65.96543188","","P ONG","","47A GILSTEAD ROAD","SINGAPORE","SINGAPORE","309091","Singapore","domain@friendclub.com","+65.96543188","","P ONG","","47A GILSTEAD ROAD","SINGAPORE","SINGAPORE","309091","Singapore","domain@friendclub.com","+65.96543188","","","","","","","","","","","","ns1.friendclub.com","ns2.friendclub.com","","","clientTransferProhibited","","",""
"24","mxjlb.com","2020-05-11 20:06:41","2020-05-09","2020-05-09","2021-05-09","609","NameKing.com Inc.","whois.nameking.com","http://www.nameking.com","P ONG","","47A GILSTEAD ROAD","SINGAPORE","SINGAPORE","309091","Singapore","domain@friendclub.com","+65.96543188","","P ONG","","47A GILSTEAD ROAD","SINGAPORE","SINGAPORE","309091","Singapore","domain@friendclub.com","+65.96543188","","P ONG","","47A GILSTEAD ROAD","SINGAPORE","SINGAPORE","309091","Singapore","domain@friendclub.com","+65.96543188","","","","","","","","","","","","ns1.friendclub.com","ns2.friendclub.com","","","clientTransferProhibited","","",""
"25","mymini-world.com","2020-05-11 20:16:06","2020-05-09","2020-05-09","2021-05-09","146","GoDaddy.com, LLC","whois.godaddy.com","http://registrar.godaddy.com","","","","","South West","","Singapore","","","","","","","","","","","","","","","","","","","","","","","","","","","","","","","","","","ns15.domaincontrol.com","ns16.domaincontrol.com","","","clientDeleteProhibited","clientRenewProhibited","clientTransferProhibited","clientUpdateProhibited"
"26","nakedbirdie.com","2020-05-11 20:06:41","2020-05-09","2020-05-09","2021-05-09","609","NameKing.com Inc.","whois.nameking.com","http://www.nameking.com","P ONG","","47A GILSTEAD ROAD","SINGAPORE","SINGAPORE","309091","Singapore","domain@friendclub.com","+65.96543188","","P ONG","","47A GILSTEAD ROAD","SINGAPORE","SINGAPORE","309091","Singapore","domain@friendclub.com","+65.96543188","","P ONG","","47A GILSTEAD ROAD","SINGAPORE","SINGAPORE","309091","Singapore","domain@friendclub.com","+65.96543188","","","","","","","","","","","","ns1.friendclub.com","ns2.friendclub.com","","","clientTransferProhibited","","",""
"27","nakeddaddy.com","2020-05-11 20:06:36","2020-05-09","2020-05-09","2021-05-09","609","NameKing.com Inc.","whois.nameking.com","http://www.nameking.com","P ONG","","47A GILSTEAD ROAD","SINGAPORE","SINGAPORE","309091","Singapore","domain@friendclub.com","+65.96543188","","P ONG","","47A GILSTEAD ROAD","SINGAPORE","SINGAPORE","309091","Singapore","domain@friendclub.com","+65.96543188","","P ONG","","47A GILSTEAD ROAD","SINGAPORE","SINGAPORE","309091","Singapore","domain@friendclub.com","+65.96543188","","","","","","","","","","","","ns1.friendclub.com","ns2.friendclub.com","","","clientTransferProhibited","","",""
"28","numero75.com","2020-05-11 19:58:28","2020-05-08","2020-05-08","2021-05-08","2584","DROPCATCH.COM 825 LLC","whois.namebright.com","http://www.dropcatch825.com","Themis Pte. Ltd.","","120 Robinson Road","Singapore","Central Singapore","068913","Singapore","whois@themis.com.sg","+65.68125710","","Themis Pte. Ltd.","","120 Robinson Road","Singapore","Central Singapore","068913","Singapore","whois@themis.com.sg","+65.68125710","","Themis Pte. Ltd.","","120 Robinson Road","Singapore","Central Singapore","068913","Singapore","whois@themis.com.sg","+65.68125710","","","","","","","","","","","","ns1.parkingcrew.net","ns2.parkingcrew.net","","","clientTransferProhibited","","",""
"29","oklahomamusicians.com","2020-05-11 19:55:46","2020-05-08","2020-05-08","2021-05-08","146","GoDaddy.com, LLC","whois.godaddy.com","http://registrar.godaddy.com","","","","","Singapore","","Singapore","","","","","","","","","","","","","","","","","","","","","","","","","","","","","","","","","","ns55.domaincontrol.com","ns56.domaincontrol.com","","","clientDeleteProhibited","clientRenewProhibited","clientTransferProhibited","clientUpdateProhibited"
"30","pitchstadium.com","2020-05-11 20:05:14","2020-05-09","2020-05-09","2021-05-09","1154","FastDomain Inc.","whois.fastdomain.com","http://www.fastdomain.com","CHAO LUO","","18 CHOA CHU KANG GROVE, #17-44","SINGAPORE","","688211","Singapore","lc.luochao@gmail.com","+65.81897621","","CHAO LUO","","18 CHOA CHU KANG GROVE, #17-44","SINGAPORE","","688211","Singapore","lc.luochao@gmail.com","+65.81897621","","BLUEHOST INC","BLUEHOST.COM","550 E TIMPANOGOS PKWY","OREM","UTAH","84097","United States","domain@redl.ca","+1.8017659400","+1.8017651992","","","","","","","","","","","ns1.bluehost.com","ns2.bluehost.com","","","clientTransferProhibited","","",""
"31","popotanfood.com","2020-05-11 20:04:19","2020-05-08","2020-05-08","2022-05-08","146","GoDaddy.com, LLC","whois.godaddy.com","http://registrar.godaddy.com","","","","","Singapore","","Singapore","","","","","","","","","","","","","","","","","","","","","","","","","","","","","","","","","","ns59.domaincontrol.com","ns60.domaincontrol.com","","","clientDeleteProhibited","clientRenewProhibited","clientTransferProhibited","clientUpdateProhibited"
"32","sexymonth.com","2020-05-11 20:06:25","2020-05-09","2020-05-09","2021-05-09","609","NameKing.com Inc.","whois.nameking.com","http://www.nameking.com","P ONG","","47A GILSTEAD ROAD","SINGAPORE","SINGAPORE","309091","Singapore","domain@friendclub.com","+65.96543188","","P ONG","","47A GILSTEAD ROAD","SINGAPORE","SINGAPORE","309091","Singapore","domain@friendclub.com","+65.96543188","","P ONG","","47A GILSTEAD ROAD","SINGAPORE","SINGAPORE","309091","Singapore","domain@friendclub.com","+65.96543188","","","","","","","","","","","","ns1.friendclub.com","ns2.friendclub.com","","","clientTransferProhibited","","",""
"33","starhourly.com","2020-05-11 20:06:33","2020-05-09","2020-05-09","2021-05-09","609","NameKing.com Inc.","whois.nameking.com","http://www.nameking.com","P ONG","","47A GILSTEAD ROAD","SINGAPORE","SINGAPORE","309091","Singapore","domain@friendclub.com","+65.96543188","","P ONG","","47A GILSTEAD ROAD","SINGAPORE","SINGAPORE","309091","Singapore","domain@friendclub.com","+65.96543188","","P ONG","","47A GILSTEAD ROAD","SINGAPORE","SINGAPORE","309091","Singapore","domain@friendclub.com","+65.96543188","","","","","","","","","","","","ns1.friendclub.com","ns2.friendclub.com","","","clientTransferProhibited","","",""
"34","suda25.com","2020-05-11 18:34:27","2020-05-11","2020-05-11","2021-05-11","146","GoDaddy.com, LLC","whois.godaddy.com","http://registrar.godaddy.com","","","","","dwasd","","Singapore","","","","","","","","","","","","","","","","","","","","","","","","","","","","","","","","","","ns27.domaincontrol.com","ns28.domaincontrol.com","","","clientDeleteProhibited","clientRenewProhibited","clientTransferProhibited","clientUpdateProhibited"
"35","tessajupyter.com","2020-05-11 19:55:36","2020-05-08","2020-05-08","2021-05-08","146","GoDaddy.com, LLC","whois.godaddy.com","http://registrar.godaddy.com","","","","","Singapore","","Singapore","","","","","","","","","","","","","","","","","","","","","","","","","","","","","","","","","","ns-cloud-a1.googledomains.com","ns-cloud-a2.googledomains.com","ns-cloud-a3.googledomains.com","ns-cloud-a4.googledomains.com","clientDeleteProhibited","clientRenewProhibited","clientTransferProhibited","clientUpdateProhibited"
"36","thedelhighost.com","2020-05-11 20:01:58","2020-05-08","2020-05-08","2021-05-08","106","Ascio Technologies, Inc. Danmark - Filial af Ascio technologies, Inc. USA","whois.ascio.com","http://www.ascio.com","Not Disclosed","Not Disclosed","Not Disclosed","Not Disclosed","","Not Disclosed","Singapore","","Not Disclosed","Not Disclosed","Not Disclosed","Not Disclosed","Not Disclosed","Not Disclosed","Not Disclosed","Not Disclosed","Not Disclosed","","Not Disclosed","Not Disclosed","Not Disclosed","Not Disclosed","Not Disclosed","Not Disclosed","Not Disclosed","Not Disclosed","Not Disclosed","","Not Disclosed","Not Disclosed","","","","","","","","","","","dns1.123hjemmeside.dk","dns2.123hjemmeside.dk","dns3.123hjemmeside.dk","","OK","","",""
"37","trailingual.com","2020-05-11 20:16:11","2020-05-09","2020-05-09","2021-05-09","1086","Marcaria.com International, Inc.","whois.melbourneit.com","http://www.melbourneit.com","Hady Wirawan Lauw","","80 Stamford Road","Singapore","Singapore","178902","Singapore","hadylauw@gmail.com","+65.68085277","","Hady Wirawan Lauw","","80 Stamford Road","Singapore","Singapore","178902","Singapore","hadylauw@gmail.com","+65.68085277","","Domain Manager","Marcaria.com LLC","8345 NW 66 ST #B1673","Miami","Florida","33195","United States","domains@marcaria.com","+1.3054348621","","","","","","","","","","","","alla.ns.cloudflare.com","noah.ns.cloudflare.com","","","clientTransferProhibited","","",""
"38","twentyfivesongs.com","2020-05-11 19:57:13","2020-05-08","2020-05-08","2021-05-08","146","GoDaddy.com, LLC","whois.godaddy.com","http://registrar.godaddy.com","","","","","Singapore","","Singapore","","","","","","","","","","","","","","","","","","","","","","","","","","","","","","","","","","ns59.domaincontrol.com","ns60.domaincontrol.com","","","clientDeleteProhibited","clientRenewProhibited","clientTransferProhibited","clientUpdateProhibited"
"39","wbwchain.com","2020-05-11 20:00:58","2020-05-08","2020-05-08","2021-05-08","146","GoDaddy.com, LLC","whois.godaddy.com","http://registrar.godaddy.com","brightwater","brightwater","","","xjp","","Singapore","","","","","","","","","","","","","","","","","","","","","","","","","","","","","","","","","","ns15.domaincontrol.com","ns16.domaincontrol.com","","","clientDeleteProhibited","clientRenewProhibited","clientTransferProhibited","clientUpdateProhibited"
"40","wbwtoken.com","2020-05-11 20:00:32","2020-05-08","2020-05-08","2021-05-08","146","GoDaddy.com, LLC","whois.godaddy.com","http://registrar.godaddy.com","brightwater","brightwater","","","xjp","","Singapore","","","","","","","","","","","","","","","","","","","","","","","","","","","","","","","","","","ns69.domaincontrol.com","ns70.domaincontrol.com","","","clientDeleteProhibited","clientRenewProhibited","clientTransferProhibited","clientUpdateProhibited"
"41","xaiatweleve.com","2020-05-11 20:09:44","2020-05-09","2020-05-09","2021-05-09","146","GoDaddy.com, LLC","whois.godaddy.com","http://registrar.godaddy.com","","","","","Singapore","","Singapore","","","","","","","","","","","","","","","","","","","","","","","","","","","","","","","","","","ns15.domaincontrol.com","ns16.domaincontrol.com","","","clientDeleteProhibited","clientRenewProhibited","clientTransferProhibited","clientUpdateProhibited"
"42","xiaolili.cool","2020-05-11 21:42:45","2020-05-10","2020-05-10","2021-05-10","1599","Alibaba Cloud Computing Ltd. d/b/a HiChina (www.net.cn)","http://whois.hichina.com/","http://www.net.cn","REDACTED FOR PRIVACY","Sunhy","REDACTED FOR PRIVACY","REDACTED FOR PRIVACY","xin jia po","REDACTED FOR PRIVACY","Singapore","","REDACTED FOR PRIVACY","REDACTED FOR PRIVACY","","","","","","","","","","","","","","","","","","","","","","","","","","","","","","","","","","","addPeriod","","",""
"43","xn--fjq92bh85b7b3551a.com","2020-05-11 20:06:32","2020-05-09","2020-05-09","2021-05-09","609","NameKing.com Inc.","whois.nameking.com","http://www.nameking.com","P ONG","","47A GILSTEAD ROAD","SINGAPORE","SINGAPORE","309091","Singapore","domain@friendclub.com","+65.96543188","","P ONG","","47A GILSTEAD ROAD","SINGAPORE","SINGAPORE","309091","Singapore","domain@friendclub.com","+65.96543188","","P ONG","","47A GILSTEAD ROAD","SINGAPORE","SINGAPORE","309091","Singapore","domain@friendclub.com","+65.96543188","","","","","","","","","","","","ns1.friendclub.com","ns2.friendclub.com","","","clientTransferProhibited","","",""
"44","xn--fjq92bnlpl184y.com","2020-05-11 20:06:22","2020-05-09","2020-05-09","2021-05-09","609","NameKing.com Inc.","whois.nameking.com","http://www.nameking.com","P ONG","","47A GILSTEAD ROAD","SINGAPORE","SINGAPORE","309091","Singapore","domain@friendclub.com","+65.96543188","","P ONG","","47A GILSTEAD ROAD","SINGAPORE","SINGAPORE","309091","Singapore","domain@friendclub.com","+65.96543188","","P ONG","","47A GILSTEAD ROAD","SINGAPORE","SINGAPORE","309091","Singapore","domain@friendclub.com","+65.96543188","","","","","","","","","","","","ns1.friendclub.com","ns2.friendclub.com","","","clientTransferProhibited","","",""
"45","xn--fjq92bx95ba1885c.com","2020-05-11 20:06:19","2020-05-09","2020-05-09","2021-05-09","609","NameKing.com Inc.","whois.nameking.com","http://www.nameking.com","P ONG","","47A GILSTEAD ROAD","SINGAPORE","SINGAPORE","309091","Singapore","domain@friendclub.com","+65.96543188","","P ONG","","47A GILSTEAD ROAD","SINGAPORE","SINGAPORE","309091","Singapore","domain@friendclub.com","+65.96543188","","P ONG","","47A GILSTEAD ROAD","SINGAPORE","SINGAPORE","309091","Singapore","domain@friendclub.com","+65.96543188","","","","","","","","","","","","ns1.friendclub.com","ns2.friendclub.com","","","clientTransferProhibited","","",""
"46","zoomcek.com","2020-05-11 20:16:02","2020-05-09","2020-05-09","2022-05-09","146","GoDaddy.com, LLC","whois.godaddy.com","http://registrar.godaddy.com","Calipay Private Limited","Calipay Private Limited","","","Singapore","","Singapore","","","","","","","","","","","","","","","","","","","","","","","","","","","","","","","","","","ns75.domaincontrol.com","ns76.domaincontrol.com","","","clientDeleteProhibited","clientRenewProhibited","clientTransferProhibited","clientUpdateProhibited"