"num","domain_name","query_time","create_date","update_date","expiry_date","domain_registrar_id","domain_registrar_name","domain_registrar_whois","domain_registrar_url","registrant_name","registrant_company","registrant_address","registrant_city","registrant_state","registrant_zip","registrant_country","registrant_email","registrant_phone","registrant_fax","administrative_name","administrative_company","administrative_address","administrative_city","administrative_state","administrative_zip","administrative_country","administrative_email","administrative_phone","administrative_fax","technical_name","technical_company","technical_address","technical_city","technical_state","technical_zip","technical_country","technical_email","technical_phone","technical_fax","billing_name","billing_company","billing_address","billing_city","billing_state","billing_zip","billing_country","billing_email","billing_phone","billing_fax","name_server_1","name_server_2","name_server_3","name_server_4","domain_status_1","domain_status_2","domain_status_3","domain_status_4"
"1","304web.com","2020-05-11 20:01:12","2020-05-08","","2021-05-08","2374","Hosting Ukraine LLC","whois.afilias.info","http://www.ukraine.com.ua","Privacy Protection","Hosting Ukraine LLC","PO Box 65","Kiev","Kiev Region","04112","Ukraine","","+380.443927433","","Privacy Protection","Hosting Ukraine LLC","PO Box 65","Kiev","Kiev Region","04112","Ukraine","","+380.443927433","","Privacy Protection","Hosting Ukraine LLC","PO Box 65","Kiev","Kiev Region","04112","Ukraine","","+380.443927433","","","","","","","","","","","","ns110.inhostedns.com","ns210.inhostedns.net","ns310.inhostedns.org","","OK","","",""
"2","500dverey.com","2020-05-11 19:57:01","2020-05-08","2020-05-08","2021-05-08","146","GoDaddy.com, LLC","whois.godaddy.com","http://registrar.godaddy.com","na-360.com","na-360.com","","","\u0425\u0430\u0440\u043a\u0456\u0432\u0441\u044c\u","","Ukraine","","","","","","","","","","","","","","","","","","","","","","","","","","","","","","","","","","ns59.domaincontrol.com","ns60.domaincontrol.com","","","clientDeleteProhibited","clientRenewProhibited","clientTransferProhibited","clientUpdateProhibited"
"3","aisu.university","2020-05-11 09:42:38","2020-05-08","2020-05-08","2021-05-08","303","PDR Ltd. d/b/a PublicDomainRegistry.com","whois.publicdomainregistry.com","http://www.publicdomainregistry.com","REDACTED FOR PRIVACY","Internet Invest, Ltd. dba Imena.ua","REDACTED FOR PRIVACY","REDACTED FOR PRIVACY","Kyiv","REDACTED FOR PRIVACY","Ukraine","","REDACTED FOR PRIVACY","REDACTED FOR PRIVACY","","","","","","","","","","","","","","","","","","","","","","","","","","","","","","","","","","","addPeriod","clientTransferProhibited","",""
"4","balance-clean.com","2020-05-11 19:55:35","2020-05-09","2020-05-09","2021-05-09","1606","Limited Liability Company 'Registrar of domain names REG.RU'","whois.reg.ru","http://www.reg.ru","Vladyslav Shol","Private Person","Chornobylska vul, 14, 110","Kyiv","Kyiv","03179","Ukraine","vshol.bz@gmail.com","+380.632449027","","Vladyslav Shol","Private Person","Chornobylska vul, 14, 110","Kyiv","Kyiv","03179","Ukraine","vshol.bz@gmail.com","+380.632449027","","Vladyslav Shol","Private Person","Chornobylska vul, 14, 110","Kyiv","Kyiv","03179","Ukraine","vshol.bz@gmail.com","+380.632449027","","","","","","","","","","","","ns1.selectel.org","ns2.selectel.org","ns3.selectel.org","ns4.selectel.org","clientTransferProhibited","","",""
"5","bestfreewors.com","2020-05-11 20:06:14","2020-05-09","2020-05-09","2021-05-09","303","PDR Ltd. d/b/a PublicDomainRegistry.com","whois.publicdomainregistry.com","http://www.publicdomainregistry.com","Julia","","3232","US","Other","93322","Ukraine","vemilla8888@gmail.com","+380.730545641","","Julia","","3232","US","Other","93322","Ukraine","vemilla8888@gmail.com","+380.730545641","","Julia","","3232","US","Other","93322","Ukraine","vemilla8888@gmail.com","+380.730545641","","","","","","","","","","","","ns.hostland.ru","ns3.hostland.ru","","","clientTransferProhibited","","",""
"6","churchthehouseofgod.com","2020-05-11 19:54:59","2020-05-09","2020-05-09","2021-05-09","1647","Hosting Concepts B.V. dba Openprovider","whois.registrar.eu","http://www.openprovider.com","REDACTED FOR PRIVACY","Hristianskaya cerkov' 'Dom Boga'","REDACTED FOR PRIVACY","REDACTED FOR PRIVACY","Dnipropetrovs'ka oblast'","REDACTED FOR PRIVACY","Ukraine","","REDACTED FOR PRIVACY","REDACTED FOR PRIVACY","REDACTED FOR PRIVACY","REDACTED FOR PRIVACY","REDACTED FOR PRIVACY","REDACTED FOR PRIVACY","REDACTED FOR PRIVACY","REDACTED FOR PRIVACY","REDACTED FOR PRIVACY","","REDACTED FOR PRIVACY","REDACTED FOR PRIVACY","REDACTED FOR PRIVACY","REDACTED FOR PRIVACY","REDACTED FOR PRIVACY","REDACTED FOR PRIVACY","REDACTED FOR PRIVACY","REDACTED FOR PRIVACY","REDACTED FOR PRIVACY","","REDACTED FOR PRIVACY","REDACTED FOR PRIVACY","","","","","","","","","","","dns1.hostiq.ua","dns2.hostiq.ua","","","clientTransferProhibited","","",""
"7","creditonlineusa.com","2020-05-11 19:58:02","2020-05-08","2020-05-08","2021-05-08","146","GoDaddy.com, LLC","whois.godaddy.com","http://registrar.godaddy.com","Private Person","Private Person","","","Odesa","","Ukraine","","","","","","","","","","","","","","","","","","","","","","","","","","","","","","","","","","ns1.sedoparking.com","ns2.sedoparking.com","","","clientDeleteProhibited","clientRenewProhibited","clientTransferProhibited","clientUpdateProhibited"
"8","donaltai.com","2020-05-11 20:01:02","2020-05-08","2020-05-08","2021-05-08","1647","Hosting Concepts B.V. dba Openprovider","whois.registrar.eu","http://www.openprovider.com","REDACTED FOR PRIVACY","","REDACTED FOR PRIVACY","REDACTED FOR PRIVACY","lviv","REDACTED FOR PRIVACY","Ukraine","","REDACTED FOR PRIVACY","REDACTED FOR PRIVACY","REDACTED FOR PRIVACY","REDACTED FOR PRIVACY","REDACTED FOR PRIVACY","REDACTED FOR PRIVACY","REDACTED FOR PRIVACY","REDACTED FOR PRIVACY","REDACTED FOR PRIVACY","","REDACTED FOR PRIVACY","REDACTED FOR PRIVACY","REDACTED FOR PRIVACY","REDACTED FOR PRIVACY","REDACTED FOR PRIVACY","REDACTED FOR PRIVACY","REDACTED FOR PRIVACY","REDACTED FOR PRIVACY","REDACTED FOR PRIVACY","","REDACTED FOR PRIVACY","REDACTED FOR PRIVACY","","","","","","","","","","","ns1.openprovider.nl","ns2.openprovider.be","ns3.openprovider.eu","","clientTransferProhibited","","",""
"9","drive.glass","2020-05-12 00:11:28","2020-05-08","2020-05-08","2021-05-08","303","PDR Ltd. d/b/a PublicDomainRegistry.com","whois.publicdomainregistry.com","http://www.publicdomainregistry.com","REDACTED FOR PRIVACY","Internet Invest, Ltd. dba Imena.ua","REDACTED FOR PRIVACY","REDACTED FOR PRIVACY","Kyiv","REDACTED FOR PRIVACY","Ukraine","","REDACTED FOR PRIVACY","REDACTED FOR PRIVACY","","","","","","","","","","","","","","","","","","","","","","","","","","","","","","","","","","","addPeriod","clientTransferProhibited","",""
"10","edc-home.com","2020-05-11 19:55:26","2020-05-08","2020-05-08","2021-05-08","303","PDR Ltd. d/b/a PublicDomainRegistry.com","whois.publicdomainregistry.com","http://www.publicdomainregistry.com","Sergej Serban","Sergej Serban","Ordzonikidze 45","Makeevka","Doneckaa","86181","Ukraine","0505657299s@gmail.com","+380.505657299","","Sergej Serban","Sergej Serban","Ordzonikidze 45","Makeevka","Doneckaa","86181","Ukraine","0505657299s@gmail.com","+380.505657299","","Sergej Serban","Sergej Serban","Ordzonikidze 45","Makeevka","Doneckaa","86181","Ukraine","0505657299s@gmail.com","+380.505657299","","","","","","","","","","","","ns1.dns-parking.com","ns2.dns-parking.com","","","clientTransferProhibited","","",""
"11","evalinaroom.com","2020-05-11 19:59:05","2020-05-08","2020-05-08","2021-05-08","146","GoDaddy.com, LLC","whois.godaddy.com","http://registrar.godaddy.com","LTDSHANIN","LTDSHANIN","","","\u041a\u0438\u0457\u0432","","Ukraine","","","","","","","","","","","","","","","","","","","","","","","","","","","","","","","","","","ns1.ukrgo.top","ns2.ukrgo.top","","","clientDeleteProhibited","clientRenewProhibited","clientTransferProhibited","clientUpdateProhibited"
"12","ex-electronics.com","2020-05-11 20:02:40","2020-05-08","","2021-05-08","2374","Hosting Ukraine LLC","whois.afilias.info","http://www.ukraine.com.ua","Privacy Protection","Hosting Ukraine LLC","PO Box 65","Kiev","Kiev Region","04112","Ukraine","","+380.443927433","","Privacy Protection","Hosting Ukraine LLC","PO Box 65","Kiev","Kiev Region","04112","Ukraine","","+380.443927433","","Privacy Protection","Hosting Ukraine LLC","PO Box 65","Kiev","Kiev Region","04112","Ukraine","","+380.443927433","","","","","","","","","","","","ns111.inhostedns.com","ns211.inhostedns.net","ns311.inhostedns.org","","OK","","",""
"13","freenterface.com","2020-05-11 19:56:32","2020-05-09","","2021-05-09","2374","Hosting Ukraine LLC","whois.afilias.info","http://www.ukraine.com.ua","Privacy Protection","Hosting Ukraine LLC","PO Box 65","Kiev","Kiev Region","04112","Ukraine","","+380.443927433","","Privacy Protection","Hosting Ukraine LLC","PO Box 65","Kiev","Kiev Region","04112","Ukraine","","+380.443927433","","Privacy Protection","Hosting Ukraine LLC","PO Box 65","Kiev","Kiev Region","04112","Ukraine","","+380.443927433","","","","","","","","","","","","ns110.inhostedns.com","ns210.inhostedns.net","ns310.inhostedns.org","","OK","","",""
"14","glow.black","2020-05-11 20:00:30","2020-05-10","2020-05-10","2021-05-10","1449","URL Solutions, Inc.","whois.pananames.com","http://www.panamanames.com","private person","private person","","","Kharkiv Oblast","","Ukraine","","","","","","","","","","","","","","","","","","","","","","","","","","","","","","","","","","ns7.fozzy.com","ns8.fozzy.com","","","addPeriod","clientTransferProhibited","serverTransferProhibited",""
"15","homfi.biz","2020-05-11 17:22:04","2020-05-07","2020-05-07","2021-05-07","1112","Internet Invest, Ltd. dba Imena.ua","whois.imena.ua","http://www.imena.ua","Internet Invest, Ltd. dba Imena.ua","Internet Invest, Ltd. dba Imena.ua","","","Kyiv","","Ukraine","","","","","","","","","","","","","","","","","","","","","","","","","","","","","","","","","","nsa1.srv53.com","nsa2.srv53.org","nsa4.srv53.net","nsb3.srv53.net","addPeriod","clientTransferProhibited","",""
"16","ilvlboost.com","2020-05-11 20:14:57","2020-05-08","2020-05-08","2021-05-08","1647","Hosting Concepts B.V. dba Openprovider","whois.registrar.eu","http://www.openprovider.com","REDACTED FOR PRIVACY","","REDACTED FOR PRIVACY","REDACTED FOR PRIVACY","","REDACTED FOR PRIVACY","Ukraine","","REDACTED FOR PRIVACY","REDACTED FOR PRIVACY","REDACTED FOR PRIVACY","REDACTED FOR PRIVACY","REDACTED FOR PRIVACY","REDACTED FOR PRIVACY","REDACTED FOR PRIVACY","REDACTED FOR PRIVACY","REDACTED FOR PRIVACY","","REDACTED FOR PRIVACY","REDACTED FOR PRIVACY","REDACTED FOR PRIVACY","REDACTED FOR PRIVACY","REDACTED FOR PRIVACY","REDACTED FOR PRIVACY","REDACTED FOR PRIVACY","REDACTED FOR PRIVACY","REDACTED FOR PRIVACY","","REDACTED FOR PRIVACY","REDACTED FOR PRIVACY","","","","","","","","","","","dns1.hostiq.ua","dns2.hostiq.ua","","","clientTransferProhibited","","",""
"17","irahlushchenko.com","2020-05-11 19:56:58","2020-05-09","2020-05-09","2021-05-09","303","PDR Ltd. d/b/a PublicDomainRegistry.com","whois.publicdomainregistry.com","http://www.publicdomainregistry.com","Ira Glushchenko","","Lobanovskogo 27/51","Kyiv","","08130","Ukraine","glushchenko.iryna@gmail.com","+380.380987750932","","Ira Glushchenko","","Lobanovskogo 27/51","Kyiv","","08130","Ukraine","glushchenko.iryna@gmail.com","+380.380987750932","","Ira Glushchenko","","Lobanovskogo 27/51","Kyiv","","08130","Ukraine","glushchenko.iryna@gmail.com","+380.380987750932","","","","","","","","","","","","ns1.vigbo.com","ns2.vigbo.com","","","clientTransferProhibited","","",""
"18","itehnika.biz","2020-05-11 17:32:50","2020-05-03","2020-05-08","2021-05-03","1112","Internet Invest, Ltd. dba Imena.ua","whois.imena.ua","http://www.imena.ua","Internet Invest, Ltd. dba Imena.ua","Internet Invest, Ltd. dba Imena.ua","","","Kyiv","","Ukraine","","","","","","","","","","","","","","","","","","","","","","","","","","","","","","","","","","nsa1.srv53.org","nsa3.srv53.net","nsa4.srv53.com","nsb1.srv53.com","clientTransferProhibited","","",""
"19","maximkuzmichenko.com","2020-05-11 20:16:18","2020-05-09","2020-05-09","2021-05-09","1647","Hosting Concepts B.V. dba Openprovider","whois.registrar.eu","http://www.openprovider.com","REDACTED FOR PRIVACY","MVKestore","REDACTED FOR PRIVACY","REDACTED FOR PRIVACY","Kievskaja","REDACTED FOR PRIVACY","Ukraine","","REDACTED FOR PRIVACY","REDACTED FOR PRIVACY","REDACTED FOR PRIVACY","REDACTED FOR PRIVACY","REDACTED FOR PRIVACY","REDACTED FOR PRIVACY","REDACTED FOR PRIVACY","REDACTED FOR PRIVACY","REDACTED FOR PRIVACY","","REDACTED FOR PRIVACY","REDACTED FOR PRIVACY","REDACTED FOR PRIVACY","REDACTED FOR PRIVACY","REDACTED FOR PRIVACY","REDACTED FOR PRIVACY","REDACTED FOR PRIVACY","REDACTED FOR PRIVACY","REDACTED FOR PRIVACY","","REDACTED FOR PRIVACY","REDACTED FOR PRIVACY","","","","","","","","","","","dns1.hostiq.ua","dns2.hostiq.ua","","","clientTransferProhibited","","",""
"20","migrafy.com","2020-05-11 19:55:48","2020-05-09","","2021-05-09","2374","Hosting Ukraine LLC","whois.afilias.info","http://www.ukraine.com.ua","Privacy Protection","Hosting Ukraine LLC","PO Box 65","Kiev","Kiev Region","04112","Ukraine","","+380.443927433","","Privacy Protection","Hosting Ukraine LLC","PO Box 65","Kiev","Kiev Region","04112","Ukraine","","+380.443927433","","Privacy Protection","Hosting Ukraine LLC","PO Box 65","Kiev","Kiev Region","04112","Ukraine","","+380.443927433","","","","","","","","","","","","ns114.inhostedns.com","ns214.inhostedns.net","ns314.inhostedns.org","","OK","","",""
"21","mirasw.com","2020-05-11 19:59:03","2020-05-08","2020-05-08","2021-05-08","146","GoDaddy.com, LLC","whois.godaddy.com","http://registrar.godaddy.com","","","","","\u041b\u044c\u0432\u0456\u0432\u0441\u044c\u043a\u","","Ukraine","","","","","","","","","","","","","","","","","","","","","","","","","","","","","","","","","","ns69.domaincontrol.com","ns70.domaincontrol.com","","","clientDeleteProhibited","clientRenewProhibited","clientTransferProhibited","clientUpdateProhibited"
"22","pobeda.watch","2020-05-11 17:07:30","2020-05-09","2020-05-09","2021-05-09","146","GoDaddy.com, LLC","whois.godaddy.com","http://registrar.godaddy.com","REDACTED FOR PRIVACY","","REDACTED FOR PRIVACY","REDACTED FOR PRIVACY","Kyiv","REDACTED FOR PRIVACY","Ukraine","","REDACTED FOR PRIVACY","REDACTED FOR PRIVACY","","","","","","","","","","","","","","","","","","","","","","","","","","","","","","","","","","","addPeriod","clientDeleteProhibited","clientRenewProhibited","clientTransferProhibited"
"23","resense.agency","2020-05-11 14:54:56","2020-05-09","2020-05-09","2021-05-09","2374","Hosting Ukraine LLC","whois.afilias.info","http://www.ukraine.com.ua","REDACTED FOR PRIVACY","Hosting Ukraine LLC","REDACTED FOR PRIVACY","REDACTED FOR PRIVACY","","REDACTED FOR PRIVACY","Ukraine","","REDACTED FOR PRIVACY","REDACTED FOR PRIVACY","","","","","","","","","","","","","","","","","","","","","","","","","","","","","","","","","","","addPeriod","","",""
"24","shashlik-mk.com","2020-05-11 20:11:09","2020-05-09","2020-05-09","2021-05-09","303","PDR Ltd. d/b/a PublicDomainRegistry.com","whois.publicdomainregistry.com","http://www.publicdomainregistry.com","Ilona Chech","","Prospekt tsentralniy 25","Nikolaev","Nikolaevskaya","54000","Ukraine","ilonafox109@gmail.com","+380.380737550888","","Ilona Chech","","Prospekt tsentralniy 25","Nikolaev","Nikolaevskaya","54000","Ukraine","ilonafox109@gmail.com","+380.380737550888","","Ilona Chech","","Prospekt tsentralniy 25","Nikolaev","Nikolaevskaya","54000","Ukraine","ilonafox109@gmail.com","+380.380737550888","","","","","","","","","","","","ns1.netx.com.ua","ns2.netx.com.ua","","","clientTransferProhibited","","",""
"25","sveltube.com","2020-05-11 20:17:40","2020-05-09","2020-05-09","2021-05-09","81","Gandi SAS","whois.gandi.net","http://www.gandi.net","REDACTED FOR PRIVACY","","REDACTED FOR PRIVACY","REDACTED FOR PRIVACY","","REDACTED FOR PRIVACY","Ukraine","387cbcf0de3891e21537ba2a7c9baeb8-18951065@contact.gandi.net","REDACTED FOR PRIVACY","REDACTED FOR PRIVACY","REDACTED FOR PRIVACY","REDACTED FOR PRIVACY","REDACTED FOR PRIVACY","REDACTED FOR PRIVACY","REDACTED FOR PRIVACY","REDACTED FOR PRIVACY","REDACTED FOR PRIVACY","387cbcf0de3891e21537ba2a7c9baeb8-18951065@contact.gandi.net","REDACTED FOR PRIVACY","REDACTED FOR PRIVACY","REDACTED FOR PRIVACY","REDACTED FOR PRIVACY","REDACTED FOR PRIVACY","REDACTED FOR PRIVACY","REDACTED FOR PRIVACY","REDACTED FOR PRIVACY","REDACTED FOR PRIVACY","387cbcf0de3891e21537ba2a7c9baeb8-18951065@contact.gandi.net","REDACTED FOR PRIVACY","REDACTED FOR PRIVACY","","","","","","","","","","","ns-142-b.gandi.net","ns-193-c.gandi.net","ns-74-a.gandi.net","","clientTransferProhibited","","",""
"26","the-latin.com","2020-05-11 19:57:51","2020-05-08","2020-05-08","2021-05-08","303","PDR Ltd. d/b/a PublicDomainRegistry.com","whois.publicdomainregistry.com","http://www.publicdomainregistry.com","Michael Yefimov","The Latin","8 Bereznia, Balakliia, Ukraine","Balakliia","Kharkiv region","64200","Ukraine","michael.yefimov007@gmail.com","+380.983421573","","Michael Yefimov","The Latin","8 Bereznia, Balakliia, Ukraine","Balakliia","Kharkiv region","64200","Ukraine","michael.yefimov007@gmail.com","+380.983421573","","Michael Yefimov","The Latin","8 Bereznia, Balakliia, Ukraine","Balakliia","Kharkiv region","64200","Ukraine","michael.yefimov007@gmail.com","+380.983421573","","","","","","","","","","","","ns1.dns-parking.com","ns2.dns-parking.com","","","clientTransferProhibited","","",""
"27","theroomscafe.com","2020-05-11 19:55:45","2020-05-09","2020-05-09","2021-05-09","303","PDR Ltd. d/b/a PublicDomainRegistry.com","whois.publicdomainregistry.com","http://www.publicdomainregistry.com","Korobko Aleksandr Sergeevich","uh.ua","Ivanova 7/9","Kharkov","","61002","Ukraine","sasha.funky@mail.ru","+380.443927356","","Korobko Aleksandr Sergeevich","uh.ua","Ivanova 7/9","Kharkov","","61002","Ukraine","sasha.funky@mail.ru","+380.443927356","","Korobko Aleksandr Sergeevich","uh.ua","Ivanova 7/9","Kharkov","","61002","Ukraine","sasha.funky@mail.ru","+380.443927356","","","","","","","","","","","","ns1.ukrdomen.com","ns2.ukrdomen.com","","","clientTransferProhibited","","",""
"28","top-maska.com","2020-05-11 19:57:02","2020-05-08","2020-05-09","2021-05-08","2374","Hosting Ukraine LLC","whois.afilias.info","http://www.ukraine.com.ua","","","","","Vinnitskaya","","Ukraine","","","","","","","","","","","","","","","","","","","","","","","","","","","","","","","","","","ns1.hosting.reg.ru","ns2.hosting.reg.ru","","","OK","","",""
"29","vsekursy.pro","2020-05-11 06:29:10","2020-05-09","2020-05-10","2021-05-09","2374","Hosting Ukraine LLC","whois.afilias.info","http://www.ukraine.com.ua","Hosting Ukraine LLC","Hosting Ukraine LLC","","","","","Ukraine","","","","","","","","","","","","","","","","","","","","","","","","","","","","","","","","","","ns19.inhostedns.com","ns29.inhostedns.net","ns39.inhostedns.org","","addPeriod","serverTransferProhibited","",""
"30","xn----jtbvebdlucsx.com","2020-05-11 19:59:14","2020-05-08","2020-05-08","2021-05-08","303","PDR Ltd. d/b/a PublicDomainRegistry.com","whois.publicdomainregistry.com","http://www.publicdomainregistry.com","Anton Eleseev","none","Liapydevskoho 16, 1","Odessa","Odeska oblast","65125","Ukraine","spec.project.it@gmail.com","+380.936787000","","Anton Eleseev","none","Liapydevskoho 16, 1","Odessa","Odeska oblast","65125","Ukraine","spec.project.it@gmail.com","+380.936787000","","Anton Eleseev","none","Liapydevskoho 16, 1","Odessa","Odeska oblast","65125","Ukraine","spec.project.it@gmail.com","+380.936787000","","","","","","","","","","","","parked1.uadns.com","parked2.uadns.com","","","clientTransferProhibited","","",""
"31","younix.green","2020-05-12 00:28:01","2020-05-09","2020-05-09","2021-05-09","81","Gandi SAS","whois.gandi.net","http://www.gandi.net","","","","","","","Ukraine","","","","","","","","","","","","","","","","","","","","","","","","","","","","","","","","","","ns-126-b.gandi.net","ns-233-a.gandi.net","ns-41-c.gandi.net","","addPeriod","clientTransferProhibited","serverTransferProhibited",""
"32","younix.red","2020-05-11 06:38:21","2020-05-09","2020-05-09","2021-05-09","81","Gandi SAS","whois.gandi.net","http://www.gandi.net","","","","","","","Ukraine","","","","","","","","","","","","","","","","","","","","","","","","","","","","","","","","","","ns-12-b.gandi.net","ns-148-a.gandi.net","ns-197-c.gandi.net","","addPeriod","clientTransferProhibited","serverTransferProhibited",""