"num","domain_name","query_time","create_date","update_date","expiry_date","domain_registrar_id","domain_registrar_name","domain_registrar_whois","domain_registrar_url","registrant_name","registrant_company","registrant_address","registrant_city","registrant_state","registrant_zip","registrant_country","registrant_email","registrant_phone","registrant_fax","administrative_name","administrative_company","administrative_address","administrative_city","administrative_state","administrative_zip","administrative_country","administrative_email","administrative_phone","administrative_fax","technical_name","technical_company","technical_address","technical_city","technical_state","technical_zip","technical_country","technical_email","technical_phone","technical_fax","billing_name","billing_company","billing_address","billing_city","billing_state","billing_zip","billing_country","billing_email","billing_phone","billing_fax","name_server_1","name_server_2","name_server_3","name_server_4","domain_status_1","domain_status_2","domain_status_3","domain_status_4"
"1","fasa-energia.com","2020-05-11 20:00:56","2020-05-08","2020-05-08","2021-05-08","146","GoDaddy.com, LLC","whois.godaddy.com","http://registrar.godaddy.com","Osom Digital","Osom Digital","","","Uruguay","","Uruguay","","","","","","","","","","","","","","","","","","","","","","","","","","","","","","","","","","ns55.domaincontrol.com","ns56.domaincontrol.com","","","clientDeleteProhibited","clientRenewProhibited","clientTransferProhibited","clientUpdateProhibited"
"2","puntadelestefo.com","2020-05-11 20:01:58","2020-05-08","2020-05-08","2021-05-08","303","PDR Ltd. d/b/a PublicDomainRegistry.com","whois.publicdomainregistry.com","http://www.publicdomainregistry.com","Hector Araujo","Hector Araujo","Ponce 1369 / 502","Montevideo","Montevideo","11600","Uruguay","hec@montevideo.com.uy","+598.99303707","","Hector Araujo","Hector Araujo","Ponce 1369 / 502","Montevideo","Montevideo","11600","Uruguay","hec@montevideo.com.uy","+598.99303707","","Hector Araujo","Hector Araujo","Ponce 1369 / 502","Montevideo","Montevideo","11600","Uruguay","hec@montevideo.com.uy","+598.99303707","","","","","","","","","","","","ns10.hostingenlaweb.com","ns20.hostingenlaweb.com","","","clientTransferProhibited","","",""
"3","rushlandingwp.com","2020-05-11 19:55:37","2020-05-08","2020-05-08","2021-05-08","1600","Estrategias WebSite S.L.","whois2.virtualname.es","http://www.virtualpyme.com/","Ignacio Bermudez","","21 de setiembre 2353-301","Montevideo","Montevideo","11300","Uruguay","nachobermudezlopez@gmail.com","+598.99593400","","Ignacio Bermudez","","21 de setiembre 2353-301","Montevideo","Montevideo","11300","Uruguay","nachobermudezlopez@gmail.com","+598.99593400","","Ignacio Bermudez","","21 de setiembre 2353-301","Montevideo","Montevideo","11300","Uruguay","nachobermudezlopez@gmail.com","+598.99593400","","","","","","","","","","","","dns1.raiolanetworks.es","dns2.raiolanetworks.es","dns3.raiolanetworks.es","","clientTransferProhibited","","",""
"4","tuserviceuruguay.com","2020-05-11 20:14:19","2020-05-08","2020-05-08","2021-05-08","303","PDR Ltd. d/b/a PublicDomainRegistry.com","whois.publicdomainregistry.com","http://www.publicdomainregistry.com","Santiago  Barreiro","SANTIAGO MARTIN BARREIRO GABITO","Confederada 1045BIS","Montevideo","Montevideo","12500","Uruguay","locopro.sb@gmail.com","+598.098808903","","Santiago  Barreiro","SANTIAGO MARTIN BARREIRO GABITO","Confederada 1045BIS","Montevideo","Montevideo","12500","Uruguay","locopro.sb@gmail.com","+598.098808903","","Santiago  Barreiro","SANTIAGO MARTIN BARREIRO GABITO","Confederada 1045BIS","Montevideo","Montevideo","12500","Uruguay","locopro.sb@gmail.com","+598.098808903","","","","","","","","","","","","ns1.nextvision.mx","ns2.nextvision.mx","","","clientTransferProhibited","","",""
"5","xn--silvanadazeducacin-oyb3k.com","2020-05-11 20:06:37","2020-05-09","2020-05-09","2021-05-09","146","GoDaddy.com, LLC","whois.godaddy.com","http://registrar.godaddy.com","","","","","Montevideo","","Uruguay","","","","","","","","","","","","","","","","","","","","","","","","","","","","","","","","","","ns15.domaincontrol.com","ns16.domaincontrol.com","","","clientDeleteProhibited","clientRenewProhibited","clientTransferProhibited","clientUpdateProhibited"