"num","domain_name","query_time","create_date","update_date","expiry_date","domain_registrar_id","domain_registrar_name","domain_registrar_whois","domain_registrar_url","registrant_name","registrant_company","registrant_address","registrant_city","registrant_state","registrant_zip","registrant_country","registrant_email","registrant_phone","registrant_fax","administrative_name","administrative_company","administrative_address","administrative_city","administrative_state","administrative_zip","administrative_country","administrative_email","administrative_phone","administrative_fax","technical_name","technical_company","technical_address","technical_city","technical_state","technical_zip","technical_country","technical_email","technical_phone","technical_fax","billing_name","billing_company","billing_address","billing_city","billing_state","billing_zip","billing_country","billing_email","billing_phone","billing_fax","name_server_1","name_server_2","name_server_3","name_server_4","domain_status_1","domain_status_2","domain_status_3","domain_status_4"
"1","alcamer.com","2020-05-10 05:28:38","2020-05-07","2020-05-07","2021-05-07","1011","101domain, Inc.","whois.101domain.com","http://www.101domain.com","Private Registrant","Digital Privacy Corporation","3220 Executive Ridge Drive, Suite 101. C/O ALCAMER.COM","Vista","CA","92081","United States","25634e.riejji7ec3pb@digitalprivacy.co","+1.7604482392","","Private Registrant","Digital Privacy Corporation","3220 Executive Ridge Drive, Suite 101. C/O ALCAMER.COM","Vista","CA","92081","United States","25634e.riejji7ec3pb@digitalprivacy.co","+1.7604482392","","Private Registrant","Digital Privacy Corporation","3220 Executive Ridge Drive, Suite 101. C/O ALCAMER.COM","Vista","CA","92081","United States","25634e.riejji7ec3pb@digitalprivacy.co","+1.7604482392","","","","","","","","","","","","ns1.101domain.com","ns2.101domain.com","","","clientTransferProhibited","","",""
"2","alchamar.com","2020-05-10 05:34:25","2020-05-07","2020-05-07","2021-05-07","1011","101domain, Inc.","whois.101domain.com","http://www.101domain.com","Private Registrant","Digital Privacy Corporation","3220 Executive Ridge Drive, Suite 101. C/O ALCHAMAR.COM","Vista","CA","92081","United States","256351.riejji7ecaed@digitalprivacy.co","+1.7604482392","","Private Registrant","Digital Privacy Corporation","3220 Executive Ridge Drive, Suite 101. C/O ALCHAMAR.COM","Vista","CA","92081","United States","256351.riejji7ecaed@digitalprivacy.co","+1.7604482392","","Private Registrant","Digital Privacy Corporation","3220 Executive Ridge Drive, Suite 101. C/O ALCHAMAR.COM","Vista","CA","92081","United States","256351.riejji7ecaed@digitalprivacy.co","+1.7604482392","","","","","","","","","","","","ns1.101domain.com","ns2.101domain.com","","","clientTransferProhibited","","",""
"3","alchamer.com","2020-05-10 05:34:30","2020-05-07","2020-05-07","2021-05-07","1011","101domain, Inc.","whois.101domain.com","http://www.101domain.com","Private Registrant","Digital Privacy Corporation","3220 Executive Ridge Drive, Suite 101. C/O ALCHAMER.COM","Vista","CA","92081","United States","256354.riejji7d669c@digitalprivacy.co","+1.7604482392","","Private Registrant","Digital Privacy Corporation","3220 Executive Ridge Drive, Suite 101. C/O ALCHAMER.COM","Vista","CA","92081","United States","256354.riejji7d669c@digitalprivacy.co","+1.7604482392","","Private Registrant","Digital Privacy Corporation","3220 Executive Ridge Drive, Suite 101. C/O ALCHAMER.COM","Vista","CA","92081","United States","256354.riejji7d669c@digitalprivacy.co","+1.7604482392","","","","","","","","","","","","ns1.101domain.com","ns2.101domain.com","","","clientTransferProhibited","","",""
"4","alchemers.com","2020-05-10 05:30:21","2020-05-07","2020-05-07","2021-05-07","1011","101domain, Inc.","whois.101domain.com","http://www.101domain.com","Private Registrant","Digital Privacy Corporation","3220 Executive Ridge Drive, Suite 101. C/O ALCHEMERS.COM","Vista","CA","92081","United States","256357.riejji7d6bpp@digitalprivacy.co","+1.7604482392","","Private Registrant","Digital Privacy Corporation","3220 Executive Ridge Drive, Suite 101. C/O ALCHEMERS.COM","Vista","CA","92081","United States","256357.riejji7d6bpp@digitalprivacy.co","+1.7604482392","","Private Registrant","Digital Privacy Corporation","3220 Executive Ridge Drive, Suite 101. C/O ALCHEMERS.COM","Vista","CA","92081","United States","256357.riejji7d6bpp@digitalprivacy.co","+1.7604482392","","","","","","","","","","","","ns1.101domain.com","ns2.101domain.com","","","clientTransferProhibited","","",""
"5","alchemeruniversity.com","2020-05-10 05:34:27","2020-05-07","2020-05-07","2021-05-07","1011","101domain, Inc.","whois.101domain.com","http://www.101domain.com","Private Registrant","Digital Privacy Corporation","3220 Executive Ridge Drive, Suite 101. C/O ALCHEMERUNIVERSITY.COM","Vista","CA","92081","United States","25635e.riejji7c7lo2@digitalprivacy.co","+1.7604482392","","Private Registrant","Digital Privacy Corporation","3220 Executive Ridge Drive, Suite 101. C/O ALCHEMERUNIVERSITY.COM","Vista","CA","92081","United States","25635e.riejji7c7lo2@digitalprivacy.co","+1.7604482392","","Private Registrant","Digital Privacy Corporation","3220 Executive Ridge Drive, Suite 101. C/O ALCHEMERUNIVERSITY.COM","Vista","CA","92081","United States","25635e.riejji7c7lo2@digitalprivacy.co","+1.7604482392","","","","","","","","","","","","ns1.101domain.com","ns2.101domain.com","","","clientTransferProhibited","","",""
"6","alkemer.com","2020-05-10 05:34:27","2020-05-07","2020-05-07","2021-05-07","1011","101domain, Inc.","whois.101domain.com","http://www.101domain.com","Private Registrant","Digital Privacy Corporation","3220 Executive Ridge Drive, Suite 101. C/O ALKEMER.COM","Vista","CA","92081","United States","25634b.riejji7edsr4@digitalprivacy.co","+1.7604482392","","Private Registrant","Digital Privacy Corporation","3220 Executive Ridge Drive, Suite 101. C/O ALKEMER.COM","Vista","CA","92081","United States","25634b.riejji7edsr4@digitalprivacy.co","+1.7604482392","","Private Registrant","Digital Privacy Corporation","3220 Executive Ridge Drive, Suite 101. C/O ALKEMER.COM","Vista","CA","92081","United States","25634b.riejji7edsr4@digitalprivacy.co","+1.7604482392","","","","","","","","","","","","ns1.101domain.com","ns2.101domain.com","","","clientTransferProhibited","","",""
"7","armerforwcc.vote","2020-05-10 08:39:12","2020-05-07","2020-05-07","2021-05-07","1011","101domain, Inc.","whois.101domain.com","http://www.101domain.com","","","","","UT","","United States","","","","","","","","","","","","","","","","","","","","","","","","","","","","","","","","","","ns1.101domain.com","ns2.101domain.com","","","addPeriod","clientTransferProhibited","serverTransferProhibited",""
"8","covid-19.xn--mk1bu44c","2020-05-10 08:16:15","2020-05-07","2020-05-07","2021-05-07","1011","101domain, Inc.","whois.101domain.com","http://www.101domain.com","Jared Arms","Kylar.io","2025 Zumbehl RD, #53 St. Charles","St. Charles","MO","63303","United States","jarms90@gmail.com","+1.3143019952","","Jared Arms","Kylar.io","2025 Zumbehl RD, #53 St. Charles","St. Charles","MO","63303","United States","jarms90@gmail.com","+1.3143019952","","Jared Arms","Kylar.io","2025 Zumbehl RD, #53 St. Charles","St. Charles","MO","63303","United States","jarms90@gmail.com","+1.3143019952","","REDACTED FOR PRIVACY","REDACTED FOR PRIVACY","REDACTED FOR PRIVACY","REDACTED FOR PRIVACY","REDACTED FOR PRIVACY","REDACTED FOR PRIVACY","REDACTED FOR PRIVACY","","REDACTED FOR PRIVACY","REDACTED FOR PRIVACY","ns1.101domain.com","ns2.101domain.com","","","clientTransferProhibited","","",""
"9","covidinliberia.com","2020-05-10 04:09:56","2020-05-08","2020-05-08","2021-05-08","1011","101domain, Inc.","whois.101domain.com","http://www.101domain.com","Private Registrant","Digital Privacy Corporation","3220 Executive Ridge Drive, Suite 101. C/O COVIDINLIBERIA.COM","Vista","CA","92081","United States","25642f.riejjihuo7d@digitalprivacy.co","+1.7604482392","","Private Registrant","Digital Privacy Corporation","3220 Executive Ridge Drive, Suite 101. C/O COVIDINLIBERIA.COM","Vista","CA","92081","United States","25642f.riejjihuo7d@digitalprivacy.co","+1.7604482392","","Private Registrant","Digital Privacy Corporation","3220 Executive Ridge Drive, Suite 101. C/O COVIDINLIBERIA.COM","Vista","CA","92081","United States","25642f.riejjihuo7d@digitalprivacy.co","+1.7604482392","","","","","","","","","","","","ns1.101domain.com","ns2.101domain.com","","","clientTransferProhibited","","",""
"10","dunaetradingcompany.com","2020-05-10 03:00:15","2020-05-08","2020-05-08","2021-05-08","1011","101domain, Inc.","whois.101domain.com","http://www.101domain.com","Private Registrant","Digital Privacy Corporation","3220 Executive Ridge Drive, Suite 101. C/O DUNAETRADINGCOMPANY.COM","Vista","CA","92081","United States","2564e1.riejjioflbpy@digitalprivacy.co","+1.7604482392","","Private Registrant","Digital Privacy Corporation","3220 Executive Ridge Drive, Suite 101. C/O DUNAETRADINGCOMPANY.COM","Vista","CA","92081","United States","2564e1.riejjioflbpy@digitalprivacy.co","+1.7604482392","","Private Registrant","Digital Privacy Corporation","3220 Executive Ridge Drive, Suite 101. C/O DUNAETRADINGCOMPANY.COM","Vista","CA","92081","United States","2564e1.riejjioflbpy@digitalprivacy.co","+1.7604482392","","","","","","","","","","","","ns1.101domain.com","ns2.101domain.com","","","clientTransferProhibited","","",""
"11","estherpyram.com","2020-05-10 05:14:25","2020-05-07","2020-05-08","2021-05-07","1011","101domain, Inc.","whois.101domain.com","http://www.101domain.com","Private Registrant","Digital Privacy Corporation","3220 Executive Ridge Drive, Suite 101. C/O ESTHERPYRAM.COM","Vista","CA","92081","United States","256388.riejjir3yt0@digitalprivacy.co","+1.7604482392","","Private Registrant","Digital Privacy Corporation","3220 Executive Ridge Drive, Suite 101. C/O ESTHERPYRAM.COM","Vista","CA","92081","United States","256388.riejjir3yt0@digitalprivacy.co","+1.7604482392","","Private Registrant","Digital Privacy Corporation","3220 Executive Ridge Drive, Suite 101. C/O ESTHERPYRAM.COM","Vista","CA","92081","United States","256388.riejjir3yt0@digitalprivacy.co","+1.7604482392","","","","","","","","","","","","luciana.ns.cloudflare.com","memphis.ns.cloudflare.com","","","clientTransferProhibited","","",""
"12","fortreatmentcompany.com","2020-05-10 06:29:38","2020-05-08","2020-05-08","2021-05-08","1011","101domain, Inc.","whois.101domain.com","http://www.101domain.com","Private Registrant","Digital Privacy Corporation","3220 Executive Ridge Drive, Suite 101. C/O FORTREATMENTCOMPANY.COM","Vista","CA","92081","United States","256440.riejjihadioz@digitalprivacy.co","+1.7604482392","","Private Registrant","Digital Privacy Corporation","3220 Executive Ridge Drive, Suite 101. C/O FORTREATMENTCOMPANY.COM","Vista","CA","92081","United States","256440.riejjihadioz@digitalprivacy.co","+1.7604482392","","Private Registrant","Digital Privacy Corporation","3220 Executive Ridge Drive, Suite 101. C/O FORTREATMENTCOMPANY.COM","Vista","CA","92081","United States","256440.riejjihadioz@digitalprivacy.co","+1.7604482392","","","","","","","","","","","","jeremy.ns.cloudflare.com","sandy.ns.cloudflare.com","","","clientTransferProhibited","","",""
"13","getwizer.today","2020-05-10 08:43:56","2020-05-07","2020-05-07","2021-05-07","1011","101domain, Inc.","whois.101domain.com","http://www.101domain.com","REDACTED FOR PRIVACY","","REDACTED FOR PRIVACY","REDACTED FOR PRIVACY","TX","REDACTED FOR PRIVACY","United States","","REDACTED FOR PRIVACY","REDACTED FOR PRIVACY","","","","","","","","","","","","","","","","","","","","","","","","","","","","","","","","","","","addPeriod","clientTransferProhibited","",""
"14","hattricklegal.com","2020-05-10 06:27:48","2020-05-08","2020-05-08","2021-05-08","1011","101domain, Inc.","whois.101domain.com","http://www.101domain.com","Private Registrant","Digital Privacy Corporation","3220 Executive Ridge Drive, Suite 101. C/O HATTRICKLEGAL.COM","Vista","CA","92081","United States","256455.riejjimfsqo2@digitalprivacy.co","+1.7604482392","","Private Registrant","Digital Privacy Corporation","3220 Executive Ridge Drive, Suite 101. C/O HATTRICKLEGAL.COM","Vista","CA","92081","United States","256455.riejjimfsqo2@digitalprivacy.co","+1.7604482392","","Private Registrant","Digital Privacy Corporation","3220 Executive Ridge Drive, Suite 101. C/O HATTRICKLEGAL.COM","Vista","CA","92081","United States","256455.riejjimfsqo2@digitalprivacy.co","+1.7604482392","","","","","","","","","","","","dimitris.ns.cloudflare.com","romina.ns.cloudflare.com","","","clientTransferProhibited","","",""
"15","isabellepailleatelier.com","2020-05-10 06:12:17","2020-05-07","2020-05-07","2021-05-07","1011","101domain, Inc.","whois.101domain.com","http://www.101domain.com","Private Registrant","Digital Privacy Corporation","3220 Executive Ridge Drive, Suite 101. C/O ISABELLEPAILLEATELIER.COM","Vista","CA","92081","United States","256298.riejjiwsprg3@digitalprivacy.co","+1.7604482392","","Private Registrant","Digital Privacy Corporation","3220 Executive Ridge Drive, Suite 101. C/O ISABELLEPAILLEATELIER.COM","Vista","CA","92081","United States","256298.riejjiwsprg3@digitalprivacy.co","+1.7604482392","","Private Registrant","Digital Privacy Corporation","3220 Executive Ridge Drive, Suite 101. C/O ISABELLEPAILLEATELIER.COM","Vista","CA","92081","United States","256298.riejjiwsprg3@digitalprivacy.co","+1.7604482392","","","","","","","","","","","","ns1.101domain.com","ns2.101domain.com","","","clientTransferProhibited","","",""
"16","it.select","2020-05-10 10:03:27","2020-05-07","2020-05-08","2021-05-07","1011","101domain, Inc.","whois.101domain.com","http://www.101domain.com","Digital Privacy Corporation","Digital Privacy Corporation","","","CA","","United States","","","","","","","","","","","","","","","","","","","","","","","","","","","","","","","","","","ns1.uniregistrymarket.link","ns2.uniregistrymarket.link","","","addPeriod","clientTransferProhibited","",""
"17","legalreyes.com","2020-05-10 04:29:07","2020-05-08","2020-05-08","2021-05-08","1011","101domain, Inc.","whois.101domain.com","http://www.101domain.com","Private Registrant","Digital Privacy Corporation","3220 Executive Ridge Drive, Suite 101. C/O LEGALREYES.COM","Vista","CA","92081","United States","2563d7.riejjizizjt@digitalprivacy.co","+1.7604482392","","Private Registrant","Digital Privacy Corporation","3220 Executive Ridge Drive, Suite 101. C/O LEGALREYES.COM","Vista","CA","92081","United States","2563d7.riejjizizjt@digitalprivacy.co","+1.7604482392","","Private Registrant","Digital Privacy Corporation","3220 Executive Ridge Drive, Suite 101. C/O LEGALREYES.COM","Vista","CA","92081","United States","2563d7.riejjizizjt@digitalprivacy.co","+1.7604482392","","","","","","","","","","","","ns1.101domain.com","ns2.101domain.com","","","clientTransferProhibited","","",""
"18","lewisfordallas.vote","2020-05-10 08:39:13","2020-05-07","2020-05-07","2021-05-07","1011","101domain, Inc.","whois.101domain.com","http://www.101domain.com","","","","","TX","","United States","","","","","","","","","","","","","","","","","","","","","","","","","","","","","","","","","","ns1.101domain.com","ns2.101domain.com","","","addPeriod","clientTransferProhibited","serverTransferProhibited",""
"19","nothingonu.com","2020-05-10 03:44:13","2020-05-07","2020-05-07","2021-05-07","1011","101domain, Inc.","whois.101domain.com","http://www.101domain.com","Private Registrant","Digital Privacy Corporation","3220 Executive Ridge Drive, Suite 101. C/O NOTHINGONU.COM","Vista","CA","92081","United States","256282.riejjiwqvm4p@digitalprivacy.co","+1.7604482392","","Private Registrant","Digital Privacy Corporation","3220 Executive Ridge Drive, Suite 101. C/O NOTHINGONU.COM","Vista","CA","92081","United States","256282.riejjiwqvm4p@digitalprivacy.co","+1.7604482392","","Private Registrant","Digital Privacy Corporation","3220 Executive Ridge Drive, Suite 101. C/O NOTHINGONU.COM","Vista","CA","92081","United States","256282.riejjiwqvm4p@digitalprivacy.co","+1.7604482392","","","","","","","","","","","","ns1.101domain.com","ns2.101domain.com","","","clientTransferProhibited","","",""
"20","pakistanisupermarket.com","2020-05-10 05:33:44","2020-05-07","2020-05-07","2022-05-07","1011","101domain, Inc.","whois.101domain.com","http://www.101domain.com","Private Registrant","Digital Privacy Corporation","3220 Executive Ridge Drive, Suite 101. C/O PAKISTANISUPERMARKET.COM","Vista","CA","92081","United States","256324.riejji7a7s6b@digitalprivacy.co","+1.7604482392","","Private Registrant","Digital Privacy Corporation","3220 Executive Ridge Drive, Suite 101. C/O PAKISTANISUPERMARKET.COM","Vista","CA","92081","United States","256324.riejji7a7s6b@digitalprivacy.co","+1.7604482392","","Private Registrant","Digital Privacy Corporation","3220 Executive Ridge Drive, Suite 101. C/O PAKISTANISUPERMARKET.COM","Vista","CA","92081","United States","256324.riejji7a7s6b@digitalprivacy.co","+1.7604482392","","","","","","","","","","","","ns1.bluehost.com","ns2.bluehost.com","","","clientTransferProhibited","","",""
"21","qatarfanclub.com","2020-05-10 03:08:16","2020-05-08","2020-05-08","2021-05-08","1011","101domain, Inc.","whois.101domain.com","http://www.101domain.com","Private Registrant","Digital Privacy Corporation","3220 Executive Ridge Drive, Suite 101. C/O QATARFANCLUB.COM","Vista","CA","92081","United States","2564fb.riejjiosp0zk@digitalprivacy.co","+1.7604482392","","Private Registrant","Digital Privacy Corporation","3220 Executive Ridge Drive, Suite 101. C/O QATARFANCLUB.COM","Vista","CA","92081","United States","2564fb.riejjiosp0zk@digitalprivacy.co","+1.7604482392","","Private Registrant","Digital Privacy Corporation","3220 Executive Ridge Drive, Suite 101. C/O QATARFANCLUB.COM","Vista","CA","92081","United States","2564fb.riejjiosp0zk@digitalprivacy.co","+1.7604482392","","","","","","","","","","","","ns1.bluehost.com","ns2.bluehost.com","","","clientTransferProhibited","","",""
"22","racevitals.run","2020-05-10 10:22:09","2020-05-07","2020-05-07","2021-05-07","1011","101domain, Inc.","whois.101domain.com","http://www.101domain.com","REDACTED FOR PRIVACY","Digital Privacy Corporation","REDACTED FOR PRIVACY","REDACTED FOR PRIVACY","CA","REDACTED FOR PRIVACY","United States","","REDACTED FOR PRIVACY","REDACTED FOR PRIVACY","","","","","","","","","","","","","","","","","","","","","","","","","","","","","","","","","","","addPeriod","clientTransferProhibited","",""
"23","soccer2022.com","2020-05-10 03:30:42","2020-05-08","2020-05-08","2021-05-08","1011","101domain, Inc.","whois.101domain.com","http://www.101domain.com","Private Registrant","Digital Privacy Corporation","3220 Executive Ridge Drive, Suite 101. C/O SOCCER2022.COM","Vista","CA","92081","United States","2564f5.riejjiod8ppl@digitalprivacy.co","+1.7604482392","","Private Registrant","Digital Privacy Corporation","3220 Executive Ridge Drive, Suite 101. C/O SOCCER2022.COM","Vista","CA","92081","United States","2564f5.riejjiod8ppl@digitalprivacy.co","+1.7604482392","","Private Registrant","Digital Privacy Corporation","3220 Executive Ridge Drive, Suite 101. C/O SOCCER2022.COM","Vista","CA","92081","United States","2564f5.riejjiod8ppl@digitalprivacy.co","+1.7604482392","","","","","","","","","","","","ns1.bluehost.com","ns2.bluehost.com","","","clientTransferProhibited","","",""
"24","sportgames.pro","2020-05-10 11:31:58","2020-05-08","2020-05-08","2021-05-08","1011","101domain, Inc.","whois.101domain.com","http://www.101domain.com","Digital Privacy Corporation","Digital Privacy Corporation","","","CA","","United States","","","","","","","","","","","","","","","","","","","","","","","","","","","","","","","","","","ns1.101domain.com","ns2.101domain.com","","","addPeriod","clientTransferProhibited","serverTransferProhibited",""
"25","sportgiftcards.com","2020-05-10 02:59:10","2020-05-08","2020-05-08","2021-05-08","1011","101domain, Inc.","whois.101domain.com","http://www.101domain.com","Private Registrant","Digital Privacy Corporation","3220 Executive Ridge Drive, Suite 101. C/O SPORTGIFTCARDS.COM","Vista","CA","92081","United States","2564a6.riejjimxzlit@digitalprivacy.co","+1.7604482392","","Private Registrant","Digital Privacy Corporation","3220 Executive Ridge Drive, Suite 101. C/O SPORTGIFTCARDS.COM","Vista","CA","92081","United States","2564a6.riejjimxzlit@digitalprivacy.co","+1.7604482392","","Private Registrant","Digital Privacy Corporation","3220 Executive Ridge Drive, Suite 101. C/O SPORTGIFTCARDS.COM","Vista","CA","92081","United States","2564a6.riejjimxzlit@digitalprivacy.co","+1.7604482392","","","","","","","","","","","","ns1.101domain.com","ns2.101domain.com","","","clientTransferProhibited","","",""
"26","sportgifty.com","2020-05-10 03:00:50","2020-05-08","2020-05-08","2021-05-08","1011","101domain, Inc.","whois.101domain.com","http://www.101domain.com","Private Registrant","Digital Privacy Corporation","3220 Executive Ridge Drive, Suite 101. C/O SPORTGIFTY.COM","Vista","CA","92081","United States","2564a3.riejjimxa8o1@digitalprivacy.co","+1.7604482392","","Private Registrant","Digital Privacy Corporation","3220 Executive Ridge Drive, Suite 101. C/O SPORTGIFTY.COM","Vista","CA","92081","United States","2564a3.riejjimxa8o1@digitalprivacy.co","+1.7604482392","","Private Registrant","Digital Privacy Corporation","3220 Executive Ridge Drive, Suite 101. C/O SPORTGIFTY.COM","Vista","CA","92081","United States","2564a3.riejjimxa8o1@digitalprivacy.co","+1.7604482392","","","","","","","","","","","","ns1.101domain.com","ns2.101domain.com","","","clientTransferProhibited","","",""
"27","zanga.pro","2020-05-10 10:39:04","2020-05-08","2020-05-08","2021-05-08","1011","101domain, Inc.","whois.101domain.com","http://www.101domain.com","Digital Privacy Corporation","Digital Privacy Corporation","","","CA","","United States","","","","","","","","","","","","","","","","","","","","","","","","","","","","","","","","","","laylah.ns.cloudflare.com","quinton.ns.cloudflare.com","","","addPeriod","clientTransferProhibited","serverTransferProhibited",""