"num","domain_name","query_time","create_date","update_date","expiry_date","domain_registrar_id","domain_registrar_name","domain_registrar_whois","domain_registrar_url","registrant_name","registrant_company","registrant_address","registrant_city","registrant_state","registrant_zip","registrant_country","registrant_email","registrant_phone","registrant_fax","administrative_name","administrative_company","administrative_address","administrative_city","administrative_state","administrative_zip","administrative_country","administrative_email","administrative_phone","administrative_fax","technical_name","technical_company","technical_address","technical_city","technical_state","technical_zip","technical_country","technical_email","technical_phone","technical_fax","billing_name","billing_company","billing_address","billing_city","billing_state","billing_zip","billing_country","billing_email","billing_phone","billing_fax","name_server_1","name_server_2","name_server_3","name_server_4","domain_status_1","domain_status_2","domain_status_3","domain_status_4"
"1","boxcastlegames.com","2020-05-10 06:29:10","2020-05-08","2020-05-08","2021-05-08","1436","Center of Ukrainian Internet Names dba UKRNAMES","whois.publicinterestregistry.net","http://www.ukrnames.com","Sergej Zavala","","pr. Dneprovskij 24","Ukrainka","Kievskaya","08720","UKRAINE","zavala180395@gmail.com","+95.0961973","","Sergej Zavala","","pr. Dneprovskij 24","Ukrainka","Kievskaya","08720","UKRAINE","zavala180395@gmail.com","+95.0961973","","Sergej Zavala","","pr. Dneprovskij 24","Ukrainka","Kievskaya","08720","UKRAINE","zavala180395@gmail.com","+95.0961973","","","","","","","","","","","","vps1.hyperhost.ua","vps2.hyperhost.ua","","","OK","","",""
"2","cliente-verificato.com","2020-05-10 05:45:25","2020-05-07","2020-05-07","2021-05-07","1436","Center of Ukrainian Internet Names dba UKRNAMES","whois.publicinterestregistry.net","http://www.ukrnames.com","Vasyl Dymarev","","Haharina st. 18b","Cherepovets","Cherepovets","630545","RUSSIAN FEDERATION","marketplace2222@gmail.com","+1.2344567","","Vasyl Dymarev","","Haharina st. 18b","Cherepovets","Cherepovets","630545","RUSSIAN FEDERATION","marketplace2222@gmail.com","+1.2344567","","Vasyl Dymarev","","Haharina st. 18b","Cherepovets","Cherepovets","630545","RUSSIAN FEDERATION","marketplace2222@gmail.com","+1.2344567","","","","","","","","","","","","ns11.v-sys.org","ns12.v-sys.org","","","OK","","",""
"3","gennitao.com","2020-05-10 06:28:21","2020-05-08","2020-05-08","2021-05-08","1436","Center of Ukrainian Internet Names dba UKRNAMES","whois.publicinterestregistry.net","http://www.ukrnames.com","Roman Sergeychuk","","ul. Voroshilova 26","Tolyatti","Samarskaya","445003","RUSSIAN FEDERATION","allenkelley38@gmail.com","+7.84823416386","","Roman Sergeychuk","","ul. Voroshilova 26","Tolyatti","Samarskaya","445003","RUSSIAN FEDERATION","allenkelley38@gmail.com","+7.84823416386","","Roman Sergeychuk","","ul. Voroshilova 26","Tolyatti","Samarskaya","445003","RUSSIAN FEDERATION","allenkelley38@gmail.com","+7.84823416386","","","","","","","","","","","","amit.ns.cloudflare.com","dolly.ns.cloudflare.com","","","OK","","",""
"4","ha-ha-chat.com","2020-05-10 05:54:02","2020-05-07","2020-05-07","2021-05-07","1436","Center of Ukrainian Internet Names dba UKRNAMES","whois.publicinterestregistry.net","http://www.ukrnames.com","Dmitro Popojlik","","Galicka, 98,  43a","Ivano-Frankivsk","Ivano-Frankivska","76008","UKRAINE","dpopoilyk@gmail.com","+968.516664","","Dmitro Popojlik","","Galicka, 98,  43a","Ivano-Frankivsk","Ivano-Frankivska","76008","UKRAINE","dpopoilyk@gmail.com","+968.516664","","Dmitro Popojlik","","Galicka, 98,  43a","Ivano-Frankivsk","Ivano-Frankivska","76008","UKRAINE","dpopoilyk@gmail.com","+968.516664","","","","","","","","","","","","hahachat.chost.com.ua","ns5.cityhost.com.ua","","","OK","","",""
"5","lapamarket.com","2020-05-10 02:05:56","2020-05-08","2020-05-08","2021-05-08","1436","Center of Ukrainian Internet Names dba UKRNAMES","whois.publicinterestregistry.net","http://www.ukrnames.com","Oleksij Tarkov","","01021, Kiiv, vul. Mechnikova,  16,  609","Kiiv","Kiivska","01021","UKRAINE","support@megagroup.com.ua","+380.947100307","","Oleksij Tarkov","TOV Megagrupp","01021, Kiiv, vul. Mechnikova,  16,  609","Kiiv","Kiivska","01021","UKRAINE","support@megagroup.com.ua","+380.947100307","","Oleksij Tarkov","TOV Megagrupp","01021, Kiiv, vul. Mechnikova,  16,  609","Kiiv","Kiivska","01021","UKRAINE","support@megagroup.com.ua","+380.947100307","","","","","","","","","","","","ns.megagroup.ru","ns1.megagroup.ru","ns2.megagroup.ru","","OK","","",""
"6","pages-business-community.com","2020-05-10 05:58:50","2020-05-07","2020-05-07","2021-05-07","1436","Center of Ukrainian Internet Names dba UKRNAMES","whois.publicinterestregistry.net","http://www.ukrnames.com","Vasyl Dymarev","","Haharina st. 18b","Cherepovets","Cherepovets","630545","RUSSIAN FEDERATION","plumberdan024@gmail.com","+1.2344567","","Vasyl Dymarev","","Haharina st. 18b","Cherepovets","Cherepovets","630545","RUSSIAN FEDERATION","plumberdan024@gmail.com","+1.2344567","","Vasyl Dymarev","","Haharina st. 18b","Cherepovets","Cherepovets","630545","RUSSIAN FEDERATION","plumberdan024@gmail.com","+1.2344567","","","","","","","","","","","","ns11.v-sys.org","ns12.v-sys.org","","","OK","","",""
"7","worldwideparcelcarrier.com","2020-05-10 06:21:15","2020-05-08","2020-05-08","2021-05-08","1436","Center of Ukrainian Internet Names dba UKRNAMES","whois.publicinterestregistry.net","http://www.ukrnames.com","Vasyl Dymarev","","Haharina st. 18b","Cherepovets","Cherepovets","630545","RUSSIAN FEDERATION","mick.hendricks40@gmail.com","+1.2344567","","Vasyl Dymarev","","Haharina st. 18b","Cherepovets","Cherepovets","630545","RUSSIAN FEDERATION","mick.hendricks40@gmail.com","+1.2344567","","Vasyl Dymarev","","Haharina st. 18b","Cherepovets","Cherepovets","630545","RUSSIAN FEDERATION","mick.hendricks40@gmail.com","+1.2344567","","","","","","","","","","","","ns11.cloudns.net","ns12.cloudns.net","pns11.cloudns.net","pns12.cloudns.net","OK","","",""