"num","domain_name","query_time","create_date","update_date","expiry_date","domain_registrar_id","domain_registrar_name","domain_registrar_whois","domain_registrar_url","registrant_name","registrant_company","registrant_address","registrant_city","registrant_state","registrant_zip","registrant_country","registrant_email","registrant_phone","registrant_fax","administrative_name","administrative_company","administrative_address","administrative_city","administrative_state","administrative_zip","administrative_country","administrative_email","administrative_phone","administrative_fax","technical_name","technical_company","technical_address","technical_city","technical_state","technical_zip","technical_country","technical_email","technical_phone","technical_fax","billing_name","billing_company","billing_address","billing_city","billing_state","billing_zip","billing_country","billing_email","billing_phone","billing_fax","name_server_1","name_server_2","name_server_3","name_server_4","domain_status_1","domain_status_2","domain_status_3","domain_status_4"
"1","106945.com","2020-05-10 06:20:47","2020-05-07","2020-05-08","2021-05-07","2816","Coral Reef Domains LLC","whois.coralreefdomainsllc.com","http://www.networksolutions.com","jin long zhu","zhu jin long","jing chuan xian, yu dou zhen, bai qi cun, ye gou s","ping liang shi","gan su","744300","China","qqfbb688@126.com","+86.13873216756","+86.13873216756","jin long zhu","zhu jin long","jing chuan xian, yu dou zhen, bai qi cun, ye gou s","ping liang shi","gan su","744300","China","qqfbb688@126.com","+86.13873216756","+86.13873216756","jin long zhu","zhu jin long","jing chuan xian, yu dou zhen, bai qi cun, ye gou s","ping liang shi","gan su","744300","China","qqfbb688@126.com","+86.13873216756","+86.13873216756","","","","","","","","","","","jm1.dns.com","jm2.dns.com","","","OK","","",""
"2","jio-mart.com","2020-05-10 06:12:12","2020-05-07","2020-05-07","2021-05-07","2816","Coral Reef Domains LLC","whois.coralreefdomainsllc.com","http://www.networksolutions.com","PERFECT PRIVACY, LLC","","5335 Gate Parkway","Jacksonville","FL","32256","United States","4v2nmta28aijo8e765flmgahlr@domaindiscreet.com","+1.9027492701","","PERFECT PRIVACY, LLC","","5335 Gate Parkway","Jacksonville","FL","32256","United States","4v2nmta28aijo8e765flmgahlr@domaindiscreet.com","+1.9027492701","","PERFECT PRIVACY, LLC","","5335 Gate Parkway","Jacksonville","FL","32256","United States","4v2nmta28aijo8e765flmgahlr@domaindiscreet.com","+1.9027492701","","","","","","","","","","","","ns15.above.com","ns16.above.com","","","OK","","",""
"3","sazsto.com","2020-05-10 06:12:48","2020-05-07","2020-05-07","2021-05-07","2816","Coral Reef Domains LLC","whois.coralreefdomainsllc.com","http://www.networksolutions.com","PERFECT PRIVACY, LLC","","5335 Gate Parkway","Jacksonville","FL","32256","United States","4v2nmta28aijo8e765flmgahlr@domaindiscreet.com","+1.9027492701","","PERFECT PRIVACY, LLC","","5335 Gate Parkway","Jacksonville","FL","32256","United States","4v2nmta28aijo8e765flmgahlr@domaindiscreet.com","+1.9027492701","","PERFECT PRIVACY, LLC","","5335 Gate Parkway","Jacksonville","FL","32256","United States","4v2nmta28aijo8e765flmgahlr@domaindiscreet.com","+1.9027492701","","","","","","","","","","","","ns15.above.com","ns16.above.com","","","OK","","",""
"4","xakysc.com","2020-05-10 06:26:39","2020-05-07","2020-05-09","2021-05-07","2816","Coral Reef Domains LLC","whois.coralreefdomainsllc.com","http://www.networksolutions.com","jin long zhu","zhu jin long","jing chuan xian, yu dou zhen, bai qi cun, ye gou s","ping liang shi","gan su","744300","China","qqfbb688@126.com","+86.13873216756","+86.13873216756","jin long zhu","zhu jin long","jing chuan xian, yu dou zhen, bai qi cun, ye gou s","ping liang shi","gan su","744300","China","qqfbb688@126.com","+86.13873216756","+86.13873216756","jin long zhu","zhu jin long","jing chuan xian, yu dou zhen, bai qi cun, ye gou s","ping liang shi","gan su","744300","China","qqfbb688@126.com","+86.13873216756","+86.13873216756","","","","","","","","","","","jm1.dns.com","jm2.dns.com","","","OK","","",""
"5","xxllll.com","2020-05-10 06:17:54","2020-05-07","2020-05-09","2021-05-07","2816","Coral Reef Domains LLC","whois.coralreefdomainsllc.com","http://www.networksolutions.com","jin long zhu","zhu jin long","jing chuan xian, yu dou zhen, bai qi cun, ye gou s","ping liang shi","gan su","744300","China","qqfbb688@126.com","+86.13873216756","+86.13873216756","jin long zhu","zhu jin long","jing chuan xian, yu dou zhen, bai qi cun, ye gou s","ping liang shi","gan su","744300","China","qqfbb688@126.com","+86.13873216756","+86.13873216756","jin long zhu","zhu jin long","jing chuan xian, yu dou zhen, bai qi cun, ye gou s","ping liang shi","gan su","744300","China","qqfbb688@126.com","+86.13873216756","+86.13873216756","","","","","","","","","","","jm1.dns.com","jm2.dns.com","","","OK","","",""