"num","domain_name","query_time","create_date","update_date","expiry_date","domain_registrar_id","domain_registrar_name","domain_registrar_whois","domain_registrar_url","registrant_name","registrant_company","registrant_address","registrant_city","registrant_state","registrant_zip","registrant_country","registrant_email","registrant_phone","registrant_fax","administrative_name","administrative_company","administrative_address","administrative_city","administrative_state","administrative_zip","administrative_country","administrative_email","administrative_phone","administrative_fax","technical_name","technical_company","technical_address","technical_city","technical_state","technical_zip","technical_country","technical_email","technical_phone","technical_fax","billing_name","billing_company","billing_address","billing_city","billing_state","billing_zip","billing_country","billing_email","billing_phone","billing_fax","name_server_1","name_server_2","name_server_3","name_server_4","domain_status_1","domain_status_2","domain_status_3","domain_status_4"
"1","aadikrushi.com","2020-05-10 03:32:34","2020-05-07","2020-05-07","2022-05-07","1660","Domainshype.com, Inc.","whois.domainshype.com","http://www.domainshype.com","Mahesh Nath Sahu","","IV-R-295, Unit-6","Bhubaneswar","Other","751001","India","imhesh@gmail.com","+91.9937063750","","Mahesh Nath Sahu","","IV-R-295, Unit-6","Bhubaneswar","Other","751001","India","imhesh@gmail.com","+91.9937063750","","Mahesh Nath Sahu","","IV-R-295, Unit-6","Bhubaneswar","Other","751001","India","imhesh@gmail.com","+91.9937063750","","","","","","","","","","","","dns1.hostgator.in","dns2.hostgator.in","dns3.hostgator.in","dns4.hostgator.in","clientTransferProhibited","","",""
"2","addictedtocricket.com","2020-05-10 05:58:15","2020-05-08","2020-05-08","2021-05-08","1660","Domainshype.com, Inc.","whois.domainshype.com","http://www.domainshype.com","Domain Admin","Privacy Protect, LLC (PrivacyProtect.org)","10 Corporate Drive","Burlington","MA","01803","United States","contact@privacyprotect.org","+1.8022274003","","Domain Admin","Privacy Protect, LLC (PrivacyProtect.org)","10 Corporate Drive","Burlington","MA","01803","United States","contact@privacyprotect.org","+1.8022274003","","Domain Admin","Privacy Protect, LLC (PrivacyProtect.org)","10 Corporate Drive","Burlington","MA","01803","United States","contact@privacyprotect.org","+1.8022274003","","","","","","","","","","","","ns1.cp-in-9.webhostbox.net","ns2.cp-in-9.webhostbox.net","","","clientTransferProhibited","","",""
"3","alamtips.com","2020-05-10 04:28:58","2020-05-08","2020-05-08","2021-05-08","1660","Domainshype.com, Inc.","whois.domainshype.com","http://www.domainshype.com","SARVARE ALAM ANSARI","","POST OFFICE  RENUKOOT Sonbhadra","Sonbhadra","Uttar Pradesh","231217","India","beingalam20@gmail.com","+91.8085908525","","SARVARE ALAM ANSARI","","POST OFFICE  RENUKOOT Sonbhadra","Sonbhadra","Uttar Pradesh","231217","India","beingalam20@gmail.com","+91.8085908525","","SARVARE ALAM ANSARI","","POST OFFICE  RENUKOOT Sonbhadra","Sonbhadra","Uttar Pradesh","231217","India","beingalam20@gmail.com","+91.8085908525","","","","","","","","","","","","ns1.cp-in-13.webhostbox.net","ns2.cp-in-13.webhostbox.net","","","clientTransferProhibited","","",""
"4","anamika2020.com","2020-05-10 04:18:50","2020-05-08","2020-05-08","2021-05-08","1660","Domainshype.com, Inc.","whois.domainshype.com","http://www.domainshype.com","Jyotiba Deshamukh","","nea sava katte","kaladgi","1725","587204","India","jyotiba.02@gmail.com","+91.9880642919","","Jyotiba Deshamukh","","nea sava katte","kaladgi","1725","587204","India","jyotiba.02@gmail.com","+91.9880642919","","Jyotiba Deshamukh","","nea sava katte","kaladgi","1725","587204","India","jyotiba.02@gmail.com","+91.9880642919","","","","","","","","","","","","ns1.cp-in-16.hostgatorwebservers.com","ns2.cp-in-16.hostgatorwebservers.com","","","clientTransferProhibited","","",""
"5","arasancatering.com","2020-05-10 04:36:35","2020-05-08","2020-05-08","2021-05-08","1660","Domainshype.com, Inc.","whois.domainshype.com","http://www.domainshype.com","Mohamed Riaz","King's Retail Ventures","V V Towers 127, Trivandrum road,","Tirunelveli","Tamil Nadu","627002","India","riazgani@me.com","+91.919894087777","","Mohamed Riaz","King's Retail Ventures","V V Towers 127, Trivandrum road,","Tirunelveli","Tamil Nadu","627002","India","riazgani@me.com","+91.919894087777","","Mohamed Riaz","King's Retail Ventures","V V Towers 127, Trivandrum road,","Tirunelveli","Tamil Nadu","627002","India","riazgani@me.com","+91.919894087777","","","","","","","","","","","","dns1.hostgator.in","dns2.hostgator.in","dns3.hostgator.in","dns4.hostgator.in","clientTransferProhibited","","",""
"6","axisrewardz.com","2020-05-10 04:18:26","2020-05-08","2020-05-08","2021-05-08","1660","Domainshype.com, Inc.","whois.domainshype.com","http://www.domainshype.com","David","","New Yot","ACUL DU NORD","Jharkhand","234345","India","fiftyeighty2020@gmail.com","+91.8878767867","","David","","New Yot","ACUL DU NORD","Jharkhand","234345","India","fiftyeighty2020@gmail.com","+91.8878767867","","David","","New Yot","ACUL DU NORD","Jharkhand","234345","India","fiftyeighty2020@gmail.com","+91.8878767867","","","","","","","","","","","","ns1.cp-28.hostgatorwebservers.com","ns2.cp-28.hostgatorwebservers.com","","","clientTransferProhibited","","",""
"7","ayurvedakranti.com","2020-05-10 02:15:39","2020-05-08","2020-05-08","2021-05-08","1660","Domainshype.com, Inc.","whois.domainshype.com","http://www.domainshype.com","Dr Harish Patidar","","136 Dwarkadhish Mandir salyakhedi","Agar Malwa","1728","465449","India","drharishpatidar88@gmail.com","+91.08319327518","","Dr Harish Patidar","","136 Dwarkadhish Mandir salyakhedi","Agar Malwa","1728","465449","India","drharishpatidar88@gmail.com","+91.08319327518","","Dr Harish Patidar","","136 Dwarkadhish Mandir salyakhedi","Agar Malwa","1728","465449","India","drharishpatidar88@gmail.com","+91.08319327518","","","","","","","","","","","","ns1.cp-in-16.hostgatorwebservers.com","ns2.cp-in-16.hostgatorwebservers.com","","","clientTransferProhibited","","",""
"8","chssdimapur.com","2020-05-10 03:00:39","2020-05-08","2020-05-08","2021-05-08","1660","Domainshype.com, Inc.","whois.domainshype.com","http://www.domainshype.com","Domain Admin","Privacy Protect, LLC (PrivacyProtect.org)","10 Corporate Drive","Burlington","MA","01803","United States","contact@privacyprotect.org","+1.8022274003","","Domain Admin","Privacy Protect, LLC (PrivacyProtect.org)","10 Corporate Drive","Burlington","MA","01803","United States","contact@privacyprotect.org","+1.8022274003","","Domain Admin","Privacy Protect, LLC (PrivacyProtect.org)","10 Corporate Drive","Burlington","MA","01803","United States","contact@privacyprotect.org","+1.8022274003","","","","","","","","","","","","ns1.md-93.hostgatorwebservers.com","ns2.md-93.hostgatorwebservers.com","","","clientTransferProhibited","","",""
"9","countrycondition.com","2020-05-10 03:09:14","2020-05-08","2020-05-08","2021-05-08","1660","Domainshype.com, Inc.","whois.domainshype.com","http://www.domainshype.com","ADITYA KUMAR SHUKLA","","new delhi","delhi","Delhi","110084","India","ar1792146@gmail.com","+91.8873855269","","ADITYA KUMAR SHUKLA","","new delhi","delhi","Delhi","110084","India","ar1792146@gmail.com","+91.8873855269","","ADITYA KUMAR SHUKLA","","new delhi","delhi","Delhi","110084","India","ar1792146@gmail.com","+91.8873855269","","","","","","","","","","","","ns1.cp-in-16.hostgatorwebservers.com","ns2.cp-in-16.hostgatorwebservers.com","","","clientTransferProhibited","","",""
"10","dhcfitness.com","2020-05-10 06:21:28","2020-05-08","2020-05-08","2021-05-08","1660","Domainshype.com, Inc.","whois.domainshype.com","http://www.domainshype.com","sunny chauhan","","nallasopara","mumbai","Maharashtra","401209","India","sc7723062@gmail.com","+91.8600443517","","sunny chauhan","","nallasopara","mumbai","Maharashtra","401209","India","sc7723062@gmail.com","+91.8600443517","","sunny chauhan","","nallasopara","mumbai","Maharashtra","401209","India","sc7723062@gmail.com","+91.8600443517","","","","","","","","","","","","ns1.cp-in-16.hostgatorwebservers.com","","","","clientTransferProhibited","","",""
"11","dovetailantiques.com","2020-05-10 06:27:13","2020-05-07","2020-05-07","2021-05-07","1660","Domainshype.com, Inc.","whois.domainshype.com","http://www.domainshype.com","This Domain For Sale Worldwide 339 222 5132","Buydomains.com","738 Main Street, #389","Waltham","Massachusetts","02451","United States","brokerage@buydomains.com","+1.3392225132","+1.7818392801","This Domain For Sale Worldwide 339 222 5132","Buydomains.com","738 Main Street, #389","Waltham","Massachusetts","02451","United States","brokerage@buydomains.com","+1.3392225132","+1.7818392801","This Domain For Sale Worldwide 339 222 5132","Buydomains.com","738 Main Street, #389","Waltham","Massachusetts","02451","United States","brokerage@buydomains.com","+1.3392225132","+1.7818392801","","","","","","","","","","","ns.buydomains.com","this-domain-for-sale.com","","","clientTransferProhibited","","",""
"12","drdon95.com","2020-05-10 03:15:41","2020-05-08","2020-05-08","2021-05-08","1660","Domainshype.com, Inc.","whois.domainshype.com","http://www.domainshype.com","Neha Bothra","East India Technologies","Bangalore","Noida","Karnataka","560076","India","marketing2@eitpl.com","+91.9818660586","","Neha Bothra","East India Technologies","Bangalore","Noida","Karnataka","560076","India","marketing2@eitpl.com","+91.9818660586","","Neha Bothra","East India Technologies","Bangalore","Noida","Karnataka","560076","India","marketing2@eitpl.com","+91.9818660586","","","","","","","","","","","","dns1.hostgator.in","dns2.hostgator.in","dns3.hostgator.in","dns4.hostgator.in","clientTransferProhibited","","",""
"13","easwarancoffee.com","2020-05-10 04:25:59","2020-05-08","2020-05-08","2021-05-08","1660","Domainshype.com, Inc.","whois.domainshype.com","http://www.domainshype.com","Shanmugavel natarajan","","No 9 Sri Lakshmi St","Chennai","1739","600091","India","nsncoffee@gmail.com","+91.9176111454","","Shanmugavel natarajan","","No 9 Sri Lakshmi St","Chennai","1739","600091","India","nsncoffee@gmail.com","+91.9176111454","","Shanmugavel natarajan","","No 9 Sri Lakshmi St","Chennai","1739","600091","India","nsncoffee@gmail.com","+91.9176111454","","","","","","","","","","","","ns1.md-ht-8.hostgatorwebservers.com","ns2.md-ht-8.hostgatorwebservers.com","","","clientTransferProhibited","","",""
"14","gyanadainternational.com","2020-05-10 02:22:06","2020-05-07","2020-05-07","2021-05-07","1660","Domainshype.com, Inc.","whois.domainshype.com","http://www.domainshype.com","suraj aswal","","182 lal bahadur shastri nagar, seemadwar","dehradun","Other","248001","India","suraj2273aswal@gmail.com","+91.8923802911","","suraj aswal","","182 lal bahadur shastri nagar, seemadwar","dehradun","Other","248001","India","suraj2273aswal@gmail.com","+91.8923802911","","suraj aswal","","182 lal bahadur shastri nagar, seemadwar","dehradun","Other","248001","India","suraj2273aswal@gmail.com","+91.8923802911","","","","","","","","","","","","dns1.hostgator.in","dns2.hostgator.in","dns3.hostgator.in","dns4.hostgator.in","clientTransferProhibited","","",""
"15","hotdesiindiangirls.com","2020-05-10 06:20:55","2020-05-08","2020-05-08","2021-05-08","1660","Domainshype.com, Inc.","whois.domainshype.com","http://www.domainshype.com","M Nm","","Allipur flat 22","Allipur","Uttar Pradesh","502310","India","classym54321@gmail.com","+91.7906435744","","M Nm","","Allipur flat 22","Allipur","Uttar Pradesh","502310","India","classym54321@gmail.com","+91.7906435744","","M Nm","","Allipur flat 22","Allipur","Uttar Pradesh","502310","India","classym54321@gmail.com","+91.7906435744","","","","","","","","","","","","dns1.hostgator.in","dns2.hostgator.in","dns3.hostgator.in","dns4.hostgator.in","clientTransferProhibited","","",""
"16","hstraveldiaries.com","2020-05-10 03:24:30","2020-05-08","2020-05-08","2021-05-08","1660","Domainshype.com, Inc.","whois.domainshype.com","http://www.domainshype.com","Himanshu Anand","","309 Z3 Alpha Gate 4 Roseland Residency Pimple Saudagar","Pune","Maharashtra","411027","India","himanshubhangi24@gmail.com","+91.9011043194","","Himanshu Anand","","309 Z3 Alpha Gate 4 Roseland Residency Pimple Saudagar","Pune","Maharashtra","411027","India","himanshubhangi24@gmail.com","+91.9011043194","","Himanshu Anand","","309 Z3 Alpha Gate 4 Roseland Residency Pimple Saudagar","Pune","Maharashtra","411027","India","himanshubhangi24@gmail.com","+91.9011043194","","","","","","","","","","","","ns1.cp-in-13.webhostbox.net","ns2.cp-in-13.webhostbox.net","","","clientTransferProhibited","","",""
"17","indiajaankaari.com","2020-05-10 04:23:33","2020-05-08","2020-05-08","2021-05-08","1660","Domainshype.com, Inc.","whois.domainshype.com","http://www.domainshype.com","SARANSH TAMHAN","","Irrigation Coloney sector A","Bilaspur","Chhattisgarh","495003","India","tamhanmontu321@gmail.com","+91.6263252096","","SARANSH TAMHAN","","Irrigation Coloney sector A","Bilaspur","Chhattisgarh","495003","India","tamhanmontu321@gmail.com","+91.6263252096","","SARANSH TAMHAN","","Irrigation Coloney sector A","Bilaspur","Chhattisgarh","495003","India","tamhanmontu321@gmail.com","+91.6263252096","","","","","","","","","","","","ns1.cp-in-11.webhostbox.net","ns2.cp-in-11.webhostbox.net","","","clientTransferProhibited","","",""
"18","insugain.com","2020-05-10 02:22:15","2020-05-07","2020-05-07","2021-05-07","1660","Domainshype.com, Inc.","whois.domainshype.com","http://www.domainshype.com","Domain Admin","Privacy Protect, LLC (PrivacyProtect.org)","10 Corporate Drive","Burlington","MA","01803","United States","contact@privacyprotect.org","+1.8022274003","","Domain Admin","Privacy Protect, LLC (PrivacyProtect.org)","10 Corporate Drive","Burlington","MA","01803","United States","contact@privacyprotect.org","+1.8022274003","","Domain Admin","Privacy Protect, LLC (PrivacyProtect.org)","10 Corporate Drive","Burlington","MA","01803","United States","contact@privacyprotect.org","+1.8022274003","","","","","","","","","","","","dns1.hostgator.in","dns2.hostgator.in","dns3.hostgator.in","dns4.hostgator.in","clientTransferProhibited","","",""
"19","jvmapp.com","2020-05-10 03:42:46","2020-05-07","2020-05-07","2021-05-07","1660","Domainshype.com, Inc.","whois.domainshype.com","http://www.domainshype.com","neha dave","","73 Balaji Charkop","Mumbai","1729","400067","India","jvmapp9@gmail.com","+91.9892654816","","neha dave","","73 Balaji Charkop","Mumbai","1729","400067","India","jvmapp9@gmail.com","+91.9892654816","","neha dave","","73 Balaji Charkop","Mumbai","1729","400067","India","jvmapp9@gmail.com","+91.9892654816","","","","","","","","","","","","novalee.ns.cloudflare.com","oswald.ns.cloudflare.com","","","clientTransferProhibited","","",""
"20","klikpe.com","2020-05-10 05:46:17","2020-05-07","2020-05-07","2021-05-07","1660","Domainshype.com, Inc.","whois.domainshype.com","http://www.domainshype.com","Amit Chouksey","","Mangalwara Hoshangabad","Hoshangabad","Other","461001","India","amithbd@gmail.com","+91.9827239582","","Amit Chouksey","","Mangalwara Hoshangabad","Hoshangabad","Other","461001","India","amithbd@gmail.com","+91.9827239582","","Amit Chouksey","","Mangalwara Hoshangabad","Hoshangabad","Other","461001","India","amithbd@gmail.com","+91.9827239582","","","","","","","","","","","","ns1.cp-in-13.webhostbox.net","ns2.cp-in-13.webhostbox.net","","","clientTransferProhibited","","",""
"21","maheshnathsahu.com","2020-05-10 03:57:22","2020-05-07","2020-05-07","2022-05-07","1660","Domainshype.com, Inc.","whois.domainshype.com","http://www.domainshype.com","Mahesh Nath Sahu","","IV-R-295, Unit-6","Bhubaneswar","Other","751001","India","imhesh@gmail.com","+91.9937063750","","Mahesh Nath Sahu","","IV-R-295, Unit-6","Bhubaneswar","Other","751001","India","imhesh@gmail.com","+91.9937063750","","Mahesh Nath Sahu","","IV-R-295, Unit-6","Bhubaneswar","Other","751001","India","imhesh@gmail.com","+91.9937063750","","","","","","","","","","","","dns1.hostgator.in","dns2.hostgator.in","dns3.hostgator.in","dns4.hostgator.in","clientTransferProhibited","","",""
"22","militaryaircraftlist.com","2020-05-10 06:29:14","2020-05-07","2020-05-07","2021-05-07","1660","Domainshype.com, Inc.","whois.domainshype.com","http://www.domainshype.com","Vishnu Aravind","","#31, Infants Crib Muniyappa Layout Murugeshpalya","Bangalore","Karnataka","560017","India","omeglight@gmail.com","+91.7406640364","","Vishnu Aravind","","#31, Infants Crib Muniyappa Layout Murugeshpalya","Bangalore","Karnataka","560017","India","omeglight@gmail.com","+91.7406640364","","Vishnu Aravind","","#31, Infants Crib Muniyappa Layout Murugeshpalya","Bangalore","Karnataka","560017","India","omeglight@gmail.com","+91.7406640364","","","","","","","","","","","","ns1.md-in-28.webhostbox.net","ns2.md-in-28.webhostbox.net","","","clientTransferProhibited","","",""
"23","mivipstore.com","2020-05-10 05:35:03","2020-05-08","2020-05-08","2021-05-08","1660","Domainshype.com, Inc.","whois.domainshype.com","http://www.domainshype.com","Kunal Kothari","Gravitia Solutions Pvt. Ltd.","101/1A, NGsuncity CHS ph1 Kandivali(E)","Mumbai","Maharashtra","400101","India","kunal.kothari@gravitia.in","+91.9869329825","","Kunal Kothari","Gravitia Solutions Pvt. Ltd.","101/1A, NGsuncity CHS ph1 Kandivali(E)","Mumbai","Maharashtra","400101","India","kunal.kothari@gravitia.in","+91.9869329825","","Kunal Kothari","Gravitia Solutions Pvt. Ltd.","101/1A, NGsuncity CHS ph1 Kandivali(E)","Mumbai","Maharashtra","400101","India","kunal.kothari@gravitia.in","+91.9869329825","","","","","","","","","","","","dns1.hostgator.in","dns2.hostgator.in","dns3.hostgator.in","dns4.hostgator.in","clientTransferProhibited","","",""
"24","mmsdkatariya.com","2020-05-10 03:09:31","2020-05-08","2020-05-08","2021-05-08","1660","Domainshype.com, Inc.","whois.domainshype.com","http://www.domainshype.com","Jayesh Vijay Shendge","","Katraj","Pune","Maharashtra","411046","India","jayeshjvs51@gmail.com","+91.9561877433","","Jayesh Vijay Shendge","","Katraj","Pune","Maharashtra","411046","India","jayeshjvs51@gmail.com","+91.9561877433","","Jayesh Vijay Shendge","","Katraj","Pune","Maharashtra","411046","India","jayeshjvs51@gmail.com","+91.9561877433","","","","","","","","","","","","ns1.md-in-81.hostgatorwebservers.com","ns2.md-in-81.hostgatorwebservers.com","","","clientTransferProhibited","","",""
"25","myrmcreations.com","2020-05-10 04:17:15","2020-05-08","2020-05-08","2021-05-08","1660","Domainshype.com, Inc.","whois.domainshype.com","http://www.domainshype.com","Ratnesh Mether","","Siddharth Nagar Indaour Road Baramati","Pune","1729","413102","India","ratneshmether09.rm@gmail.com","+91.7058035709","","Ratnesh Mether","","Siddharth Nagar Indaour Road Baramati","Pune","1729","413102","India","ratneshmether09.rm@gmail.com","+91.7058035709","","Ratnesh Mether","","Siddharth Nagar Indaour Road Baramati","Pune","1729","413102","India","ratneshmether09.rm@gmail.com","+91.7058035709","","","","","","","","","","","","ns1.cp-46.hostgatorwebservers.com","ns2.cp-46.hostgatorwebservers.com","","","clientTransferProhibited","","",""
"26","premierpsychotherapy.com","2020-05-10 06:10:53","2020-05-07","2020-05-07","2021-05-07","1660","Domainshype.com, Inc.","whois.domainshype.com","http://www.domainshype.com","This Domain For Sale Worldwide 339 222 5132","Buydomains.com","738 Main Street, #389","Waltham","Massachusetts","02451","United States","brokerage@buydomains.com","+1.3392225132","+1.7818392801","This Domain For Sale Worldwide 339 222 5132","Buydomains.com","738 Main Street, #389","Waltham","Massachusetts","02451","United States","brokerage@buydomains.com","+1.3392225132","+1.7818392801","This Domain For Sale Worldwide 339 222 5132","Buydomains.com","738 Main Street, #389","Waltham","Massachusetts","02451","United States","brokerage@buydomains.com","+1.3392225132","+1.7818392801","","","","","","","","","","","ns.buydomains.com","this-domain-for-sale.com","","","clientTransferProhibited","","",""
"27","psrpinnaacle.com","2020-05-10 02:57:35","2020-05-08","2020-05-08","2025-05-08","1660","Domainshype.com, Inc.","whois.domainshype.com","http://www.domainshype.com","Venkata Ramesh Reddy E","","PINNAACLE CLASSES  Second Floor  Varalakshmi Orchid","Salem","Tamil Nadu","636007","India","e.v.ramesh.r@gmail.com","+91.9626639909","","Venkata Ramesh Reddy E","","PINNAACLE CLASSES  Second Floor  Varalakshmi Orchid","Salem","Tamil Nadu","636007","India","e.v.ramesh.r@gmail.com","+91.9626639909","","Venkata Ramesh Reddy E","","PINNAACLE CLASSES  Second Floor  Varalakshmi Orchid","Salem","Tamil Nadu","636007","India","e.v.ramesh.r@gmail.com","+91.9626639909","","","","","","","","","","","","dns1.hostgator.in","dns2.hostgator.in","dns3.hostgator.in","dns4.hostgator.in","clientTransferProhibited","","",""
"28","satarateachersacademy.com","2020-05-10 04:29:15","2020-05-08","2020-05-08","2021-05-08","1660","Domainshype.com, Inc.","whois.domainshype.com","http://www.domainshype.com","Vipul Nitin chakranarayan","","Ushakal Plot No6 ABC Godoli","Satara","Maharashtra","415001","India","vipul@vnlcitsupport.tech","+91.7769965252","","Vipul Nitin chakranarayan","","Ushakal Plot No6 ABC Godoli","Satara","Maharashtra","415001","India","vipul@vnlcitsupport.tech","+91.7769965252","","Vipul Nitin chakranarayan","","Ushakal Plot No6 ABC Godoli","Satara","Maharashtra","415001","India","vipul@vnlcitsupport.tech","+91.7769965252","","","","","","","","","","","","ns1.digitalocean.com","ns2.digitalocean.com","ns3.digitalocean.com","","clientTransferProhibited","","",""
"29","scoopwhoops.com","2020-05-10 05:39:39","2020-05-07","2020-05-07","2021-05-07","1660","Domainshype.com, Inc.","whois.domainshype.com","http://www.domainshype.com","Domain Admin","Privacy Protect, LLC (PrivacyProtect.org)","10 Corporate Drive","Burlington","MA","01803","United States","contact@privacyprotect.org","+1.8022274003","","Domain Admin","Privacy Protect, LLC (PrivacyProtect.org)","10 Corporate Drive","Burlington","MA","01803","United States","contact@privacyprotect.org","+1.8022274003","","Domain Admin","Privacy Protect, LLC (PrivacyProtect.org)","10 Corporate Drive","Burlington","MA","01803","United States","contact@privacyprotect.org","+1.8022274003","","","","","","","","","","","","ns1.md-ht-6.hostgatorwebservers.com","ns2.md-ht-6.hostgatorwebservers.com","","","clientTransferProhibited","","",""
"30","starstanisation.com","2020-05-10 02:27:06","2020-05-08","2020-05-08","2021-05-08","1660","Domainshype.com, Inc.","whois.domainshype.com","http://www.domainshype.com","Domain Admin","Privacy Protect, LLC (PrivacyProtect.org)","10 Corporate Drive","Burlington","MA","01803","United States","contact@privacyprotect.org","+1.8022274003","","Domain Admin","Privacy Protect, LLC (PrivacyProtect.org)","10 Corporate Drive","Burlington","MA","01803","United States","contact@privacyprotect.org","+1.8022274003","","Domain Admin","Privacy Protect, LLC (PrivacyProtect.org)","10 Corporate Drive","Burlington","MA","01803","United States","contact@privacyprotect.org","+1.8022274003","","","","","","","","","","","","ns1.plesk-web18.webhostbox.net","ns2.plesk-web18.webhostbox.net","","","clientTransferProhibited","","",""
"31","tfcbakery.com","2020-05-10 02:04:38","2020-05-08","2020-05-08","2021-05-08","1660","Domainshype.com, Inc.","whois.domainshype.com","http://www.domainshype.com","Pradeep Veera","","DRK TownShip Madurawada","Visakhapatnam","1712","530048","India","pradeepvbs@gmail.com","+91.6303188709","","Pradeep Veera","","DRK TownShip Madurawada","Visakhapatnam","1712","530048","India","pradeepvbs@gmail.com","+91.6303188709","","Pradeep Veera","","DRK TownShip Madurawada","Visakhapatnam","1712","530048","India","pradeepvbs@gmail.com","+91.6303188709","","","","","","","","","","","","ns1.cp-33.hostgatorwebservers.com","ns2.cp-33.hostgatorwebservers.com","","","clientTransferProhibited","","",""
"32","thefitbeat.com","2020-05-10 03:00:48","2020-05-08","2020-05-08","2021-05-08","1660","Domainshype.com, Inc.","whois.domainshype.com","http://www.domainshype.com","Tanmay Das","","xyz","kolkata","West Bengal","742175","India","tanmoy.das.012@gmail.com","+91.9038892378","","Tanmay Das","","xyz","kolkata","West Bengal","742175","India","tanmoy.das.012@gmail.com","+91.9038892378","","Tanmay Das","","xyz","kolkata","West Bengal","742175","India","tanmoy.das.012@gmail.com","+91.9038892378","","","","","","","","","","","","dns1.hostgator.in","dns2.hostgator.in","dns3.hostgator.in","dns4.hostgator.in","clientTransferProhibited","","",""
"33","tsblive.com","2020-05-10 04:09:58","2020-05-08","2020-05-08","2021-05-08","1660","Domainshype.com, Inc.","whois.domainshype.com","http://www.domainshype.com","vaibhav","","C 1 TYPE 3  K V CAMPUS AFS CHAKERI KANPUR","kanpur","Uttar Pradesh","208007","India","vaibhavshakya20@gmail.com","+91.7007680052","","vaibhav","","C 1 TYPE 3  K V CAMPUS AFS CHAKERI KANPUR","kanpur","Uttar Pradesh","208007","India","vaibhavshakya20@gmail.com","+91.7007680052","","vaibhav","","C 1 TYPE 3  K V CAMPUS AFS CHAKERI KANPUR","kanpur","Uttar Pradesh","208007","India","vaibhavshakya20@gmail.com","+91.7007680052","","","","","","","","","","","","dns1.hostgator.in","dns2.hostgator.in","dns3.hostgator.in","dns4.hostgator.in","clientTransferProhibited","","",""
"34","utkalbidyut.com","2020-05-10 03:41:33","2020-05-07","2020-05-07","2022-05-07","1660","Domainshype.com, Inc.","whois.domainshype.com","http://www.domainshype.com","Mahesh Nath Sahu","","IV-R-295, Unit-6","Bhubaneswar","Other","751001","India","imhesh@gmail.com","+91.9937063750","","Mahesh Nath Sahu","","IV-R-295, Unit-6","Bhubaneswar","Other","751001","India","imhesh@gmail.com","+91.9937063750","","Mahesh Nath Sahu","","IV-R-295, Unit-6","Bhubaneswar","Other","751001","India","imhesh@gmail.com","+91.9937063750","","","","","","","","","","","","dns1.hostgator.in","dns2.hostgator.in","dns3.hostgator.in","dns4.hostgator.in","clientTransferProhibited","","",""
"35","vejjifoods.com","2020-05-10 04:11:08","2020-05-08","2020-05-08","2021-05-08","1660","Domainshype.com, Inc.","whois.domainshype.com","http://www.domainshype.com","Paul Boggula","Icomm Services","5-62 DABILPUR, MEDCHAL R R DIST","Greater Hyderabad","Andhra Pradesh","501401","India","icommserve@gmail.com","+91.9652931398","","Paul Boggula","Icomm Services","5-62 DABILPUR, MEDCHAL R R DIST","Greater Hyderabad","Andhra Pradesh","501401","India","icommserve@gmail.com","+91.9652931398","","Paul Boggula","Icomm Services","5-62 DABILPUR, MEDCHAL R R DIST","Greater Hyderabad","Andhra Pradesh","501401","India","icommserve@gmail.com","+91.9652931398","","","","","","","","","","","","dns1.hostgator.in","dns2.hostgator.in","dns3.hostgator.in","dns4.hostgator.in","clientTransferProhibited","","",""
"36","wbgstudio.com","2020-05-10 04:27:25","2020-05-08","2020-05-08","2021-05-08","1660","Domainshype.com, Inc.","whois.domainshype.com","http://www.domainshype.com","Domain Admin","Privacy Protect, LLC (PrivacyProtect.org)","10 Corporate Drive","Burlington","MA","01803","United States","contact@privacyprotect.org","+1.8022274003","","Domain Admin","Privacy Protect, LLC (PrivacyProtect.org)","10 Corporate Drive","Burlington","MA","01803","United States","contact@privacyprotect.org","+1.8022274003","","Domain Admin","Privacy Protect, LLC (PrivacyProtect.org)","10 Corporate Drive","Burlington","MA","01803","United States","contact@privacyprotect.org","+1.8022274003","","","","","","","","","","","","dns1.hostgator.in","dns2.hostgator.in","dns3.hostgator.in","dns4.hostgator.in","clientTransferProhibited","","",""
"37","xylark.com","2020-05-10 03:37:20","2020-05-07","2020-05-07","2021-05-07","1660","Domainshype.com, Inc.","whois.domainshype.com","http://www.domainshype.com","Domain Admin","Privacy Protect, LLC (PrivacyProtect.org)","10 Corporate Drive","Burlington","MA","01803","United States","contact@privacyprotect.org","+1.8022274003","","Domain Admin","Privacy Protect, LLC (PrivacyProtect.org)","10 Corporate Drive","Burlington","MA","01803","United States","contact@privacyprotect.org","+1.8022274003","","Domain Admin","Privacy Protect, LLC (PrivacyProtect.org)","10 Corporate Drive","Burlington","MA","01803","United States","contact@privacyprotect.org","+1.8022274003","","","","","","","","","","","","dns1.hostgator.in","dns2.hostgator.in","dns3.hostgator.in","dns4.hostgator.in","clientTransferProhibited","","",""