"num","domain_name","query_time","create_date","update_date","expiry_date","domain_registrar_id","domain_registrar_name","domain_registrar_whois","domain_registrar_url","registrant_name","registrant_company","registrant_address","registrant_city","registrant_state","registrant_zip","registrant_country","registrant_email","registrant_phone","registrant_fax","administrative_name","administrative_company","administrative_address","administrative_city","administrative_state","administrative_zip","administrative_country","administrative_email","administrative_phone","administrative_fax","technical_name","technical_company","technical_address","technical_city","technical_state","technical_zip","technical_country","technical_email","technical_phone","technical_fax","billing_name","billing_company","billing_address","billing_city","billing_state","billing_zip","billing_country","billing_email","billing_phone","billing_fax","name_server_1","name_server_2","name_server_3","name_server_4","domain_status_1","domain_status_2","domain_status_3","domain_status_4"
"1","arxrp.com","2020-05-10 06:18:09","2020-05-07","2020-05-07","2021-05-07","3346","DropCatch.com 1137 LLC","","","Domain Admin / This Domain is For Sale","HugeDomains.com","2635 Walnut Street","Denver","CO","80205","United States","domains@hugedomains.com","+1.3038930552","","Domain Admin / This Domain is For Sale","HugeDomains.com","2635 Walnut Street","Denver","CO","80205","United States","domains@hugedomains.com","+1.3038930552","","Domain Admin / This Domain is For Sale","HugeDomains.com","2635 Walnut Street","Denver","CO","80205","United States","domains@hugedomains.com","+1.3038930552","","","","","","","","","","","","nsg1.namebrightdns.com","nsg2.namebrightdns.com","","","clientTransferProhibited","","",""
"2","cutets.com","2020-05-10 03:43:42","2020-05-07","2020-05-08","2021-05-07","3346","DropCatch.com 1137 LLC","","","Domain Admin / This Domain is For Sale","HugeDomains.com","2635 Walnut Street","Denver","CO","80205","United States","domains@hugedomains.com","+1.3038930552","","Domain Admin / This Domain is For Sale","HugeDomains.com","2635 Walnut Street","Denver","CO","80205","United States","domains@hugedomains.com","+1.3038930552","","Domain Admin / This Domain is For Sale","HugeDomains.com","2635 Walnut Street","Denver","CO","80205","United States","domains@hugedomains.com","+1.3038930552","","","","","","","","","","","","nsg1.namebrightdns.com","nsg2.namebrightdns.com","","","clientTransferProhibited","","",""
"3","seahog-dm.com","2020-05-10 03:43:02","2020-05-07","2020-05-07","2021-05-07","3346","DropCatch.com 1137 LLC","","","dao jun wang","wang dao jun","jing xian, jing xian, lang qiao zhen, lang qiao lu 168 hao","xuan cheng","AN HUI","242500","China","43274184@qq.com","+86.18155335615","","dao jun wang","wang dao jun","jing xian, jing xian, lang qiao zhen, lang qiao lu 168 hao","xuan cheng","AN HUI","242500","China","43274184@qq.com","+86.18155335615","","dao jun wang","wang dao jun","jing xian, jing xian, lang qiao zhen, lang qiao lu 168 hao","xuan cheng","AN HUI","242500","China","43274184@qq.com","+86.18155335615","","","","","","","","","","","","jm1.dns.com","jm2.dns.com","","","clientTransferProhibited","","",""
"4","ssstnz.com","2020-05-10 02:06:58","2020-05-07","2020-05-07","2021-05-07","3346","DropCatch.com 1137 LLC","","","yu lin zhu","zhu yu lin","nan cheng qu, heng mei da sha, 309","dong guan shi","GUANG DONG","523000","China","hfg226677@gmail.com","+86.13058597483","","yu lin zhu","zhu yu lin","nan cheng qu, heng mei da sha, 309","dong guan shi","GUANG DONG","523000","China","hfg226677@gmail.com","+86.13058597483","","yu lin zhu","zhu yu lin","nan cheng qu, heng mei da sha, 309","dong guan shi","GUANG DONG","523000","China","hfg226677@gmail.com","+86.13058597483","","","","","","","","","","","","jm1.dns.com","jm2.dns.com","","","clientTransferProhibited","","",""
"5","wildwnc.com","2020-05-10 02:05:44","2020-05-07","2020-05-07","2021-05-07","3346","DropCatch.com 1137 LLC","","","Domain Admin / This Domain is For Sale","HugeDomains.com","2635 Walnut Street","Denver","CO","80205","United States","domains@hugedomains.com","+1.3038930552","","Domain Admin / This Domain is For Sale","HugeDomains.com","2635 Walnut Street","Denver","CO","80205","United States","domains@hugedomains.com","+1.3038930552","","Domain Admin / This Domain is For Sale","HugeDomains.com","2635 Walnut Street","Denver","CO","80205","United States","domains@hugedomains.com","+1.3038930552","","","","","","","","","","","","nsg1.namebrightdns.com","nsg2.namebrightdns.com","","","clientTransferProhibited","","",""