"num","domain_name","query_time","create_date","update_date","expiry_date","domain_registrar_id","domain_registrar_name","domain_registrar_whois","domain_registrar_url","registrant_name","registrant_company","registrant_address","registrant_city","registrant_state","registrant_zip","registrant_country","registrant_email","registrant_phone","registrant_fax","administrative_name","administrative_company","administrative_address","administrative_city","administrative_state","administrative_zip","administrative_country","administrative_email","administrative_phone","administrative_fax","technical_name","technical_company","technical_address","technical_city","technical_state","technical_zip","technical_country","technical_email","technical_phone","technical_fax","billing_name","billing_company","billing_address","billing_city","billing_state","billing_zip","billing_country","billing_email","billing_phone","billing_fax","name_server_1","name_server_2","name_server_3","name_server_4","domain_status_1","domain_status_2","domain_status_3","domain_status_4"
"1","blessinglist.com","2020-05-10 06:20:59","2020-05-07","2020-05-07","2021-05-07","1812","DropCatch.com 401 LLC","whois.namebright.com","http://www.dropcatch401.com","Domain Admin / This Domain is For Sale","HugeDomains.com","2635 Walnut Street","Denver","CO","80205","United States","domains@hugedomains.com","+1.3038930552","","Domain Admin / This Domain is For Sale","HugeDomains.com","2635 Walnut Street","Denver","CO","80205","United States","domains@hugedomains.com","+1.3038930552","","Domain Admin / This Domain is For Sale","HugeDomains.com","2635 Walnut Street","Denver","CO","80205","United States","domains@hugedomains.com","+1.3038930552","","","","","","","","","","","","nsg1.namebrightdns.com","nsg2.namebrightdns.com","","","clientTransferProhibited","","",""
"2","eszrcw.com","2020-05-10 06:25:45","2020-05-07","2020-05-07","2021-05-07","1812","DropCatch.com 401 LLC","whois.namebright.com","http://www.dropcatch401.com","jin long li","li jin long","lin xian, da yu xiang, yan tou 168 hao","lyu liang","SHAN XI","033200","China","qq13265674312@yeah.net","+86.13265674312","","jin long li","li jin long","lin xian, da yu xiang, yan tou 168 hao","lyu liang","SHAN XI","033200","China","qq13265674312@yeah.net","+86.13265674312","","jin long li","li jin long","lin xian, da yu xiang, yan tou 168 hao","lyu liang","SHAN XI","033200","China","qq13265674312@yeah.net","+86.13265674312","","","","","","","","","","","","jm1.dns.com","jm2.dns.com","","","clientTransferProhibited","","",""
"3","journaldulaser.com","2020-05-10 05:59:51","2020-05-07","2020-05-07","2021-05-07","1812","DropCatch.com 401 LLC","whois.namebright.com","http://www.dropcatch401.com","Domain Administrator","","202, 28 Guanri road","Xiamen","Fujian","361008","China","dotmedia3@dotmedia.com","+86.5925990220","","Domain Administrator","","202, 28 Guanri road","Xiamen","Fujian","361008","China","dotmedia3@dotmedia.com","+86.5925990220","","Domain Administrator","","202, 28 Guanri road","Xiamen","Fujian","361008","China","dotmedia3@dotmedia.com","+86.5925990220","","","","","","","","","","","","v1.juming-xz.com","v1.xz-juming.com","","","clientTransferProhibited","","",""
"4","nbgelingni.com","2020-05-10 03:42:36","2020-05-07","2020-05-07","2021-05-07","1812","DropCatch.com 401 LLC","whois.namebright.com","http://www.dropcatch401.com","yu lin zhu","zhu yu lin","nan cheng qu, heng mei da sha, 309","dong guan shi","GUANG DONG","523000","China","hfg226677@gmail.com","+86.13058597483","","yu lin zhu","zhu yu lin","nan cheng qu, heng mei da sha, 309","dong guan shi","GUANG DONG","523000","China","hfg226677@gmail.com","+86.13058597483","","yu lin zhu","zhu yu lin","nan cheng qu, heng mei da sha, 309","dong guan shi","GUANG DONG","523000","China","hfg226677@gmail.com","+86.13058597483","","","","","","","","","","","","jm1.dns.com","jm2.dns.com","","","clientTransferProhibited","","",""
"5","smt2013.com","2020-05-10 06:25:41","2020-05-07","2020-05-07","2021-05-07","1812","DropCatch.com 401 LLC","whois.namebright.com","http://www.dropcatch401.com","yong wei liu","liu yong wei","bao an qu, shen zhen shi bao an qu, sha jing zhen ya bian cun 33 hao 208 lou 709","shen zhen shi","guang dong","518100","China","2512134090@qq.com","+86.13223751251","","yong wei liu","liu yong wei","bao an qu, shen zhen shi bao an qu, sha jing zhen ya bian cun 33 hao 208 lou 709","shen zhen shi","guang dong","518100","China","2512134090@qq.com","+86.13223751251","","yong wei liu","liu yong wei","bao an qu, shen zhen shi bao an qu, sha jing zhen ya bian cun 33 hao 208 lou 709","shen zhen shi","guang dong","518100","China","2512134090@qq.com","+86.13223751251","","","","","","","","","","","","jm1.dns.com","jm2.dns.com","","","clientTransferProhibited","","",""
"6","techprix.com","2020-05-10 06:26:38","2020-05-07","2020-05-07","2021-05-07","1812","DropCatch.com 401 LLC","whois.namebright.com","http://www.dropcatch401.com","Domain Admin / This Domain is For Sale","HugeDomains.com","2635 Walnut Street","Denver","CO","80205","United States","domains@hugedomains.com","+1.3038930552","","Domain Admin / This Domain is For Sale","HugeDomains.com","2635 Walnut Street","Denver","CO","80205","United States","domains@hugedomains.com","+1.3038930552","","Domain Admin / This Domain is For Sale","HugeDomains.com","2635 Walnut Street","Denver","CO","80205","United States","domains@hugedomains.com","+1.3038930552","","","","","","","","","","","","nsg1.namebrightdns.com","nsg2.namebrightdns.com","","","clientTransferProhibited","","",""