"num","domain_name","query_time","create_date","update_date","expiry_date","domain_registrar_id","domain_registrar_name","domain_registrar_whois","domain_registrar_url","registrant_name","registrant_company","registrant_address","registrant_city","registrant_state","registrant_zip","registrant_country","registrant_email","registrant_phone","registrant_fax","administrative_name","administrative_company","administrative_address","administrative_city","administrative_state","administrative_zip","administrative_country","administrative_email","administrative_phone","administrative_fax","technical_name","technical_company","technical_address","technical_city","technical_state","technical_zip","technical_country","technical_email","technical_phone","technical_fax","billing_name","billing_company","billing_address","billing_city","billing_state","billing_zip","billing_country","billing_email","billing_phone","billing_fax","name_server_1","name_server_2","name_server_3","name_server_4","domain_status_1","domain_status_2","domain_status_3","domain_status_4"
"1","iqilong.com","2020-05-10 06:02:48","2020-05-07","2020-05-07","2021-05-07","2512","DROPCATCH.COM 753 LLC","whois.namebright.com","http://www.dropcatch753.com","yong wei liu","liu yong wei","bao an qu, shen zhen shi bao an qu, sha jing zhen ya bian cun 33 hao 208 lou 709","shen zhen shi","guang dong","518100","China","2512134090@qq.com","+86.13223751251","","yong wei liu","liu yong wei","bao an qu, shen zhen shi bao an qu, sha jing zhen ya bian cun 33 hao 208 lou 709","shen zhen shi","guang dong","518100","China","2512134090@qq.com","+86.13223751251","","yong wei liu","liu yong wei","bao an qu, shen zhen shi bao an qu, sha jing zhen ya bian cun 33 hao 208 lou 709","shen zhen shi","guang dong","518100","China","2512134090@qq.com","+86.13223751251","","","","","","","","","","","","jm1.dns.com","jm2.dns.com","","","clientTransferProhibited","","",""
"2","onsitehr.com","2020-05-10 06:28:37","2020-05-07","2020-05-07","2021-05-07","2512","DROPCATCH.COM 753 LLC","whois.namebright.com","http://www.dropcatch753.com","Domain Admin / This Domain is For Sale","HugeDomains.com","2635 Walnut Street","Denver","CO","80205","United States","domains@hugedomains.com","+1.3038930552","","Domain Admin / This Domain is For Sale","HugeDomains.com","2635 Walnut Street","Denver","CO","80205","United States","domains@hugedomains.com","+1.3038930552","","Domain Admin / This Domain is For Sale","HugeDomains.com","2635 Walnut Street","Denver","CO","80205","United States","domains@hugedomains.com","+1.3038930552","","","","","","","","","","","","nsg1.namebrightdns.com","nsg2.namebrightdns.com","","","clientTransferProhibited","","",""
"3","popixo.com","2020-05-10 06:18:16","2020-05-07","2020-05-07","2021-05-07","2512","DROPCATCH.COM 753 LLC","whois.namebright.com","http://www.dropcatch753.com","Domain Admin","Domain Service, Inc","5115 Excelsior Blvd","St Louis Park","MN","55416","United States","domainservice11@gmail.com","+1.6123146480","","Domain Admin","Domain Service, Inc","5115 Excelsior Blvd","St Louis Park","MN","55416","United States","domainservice11@gmail.com","+1.6123146480","","Domain Admin","Domain Service, Inc","5115 Excelsior Blvd","St Louis Park","MN","55416","United States","domainservice11@gmail.com","+1.6123146480","","","","","","","","","","","","","","","","clientTransferProhibited","","",""
"4","stylecouriers.com","2020-05-10 06:18:01","2020-05-07","2020-05-07","2021-05-07","2512","DROPCATCH.COM 753 LLC","whois.namebright.com","http://www.dropcatch753.com","Domain Admin / This Domain is For Sale","HugeDomains.com","2635 Walnut Street","Denver","CO","80205","United States","domains@hugedomains.com","+1.3038930552","","Domain Admin / This Domain is For Sale","HugeDomains.com","2635 Walnut Street","Denver","CO","80205","United States","domains@hugedomains.com","+1.3038930552","","Domain Admin / This Domain is For Sale","HugeDomains.com","2635 Walnut Street","Denver","CO","80205","United States","domains@hugedomains.com","+1.3038930552","","","","","","","","","","","","nsg1.namebrightdns.com","nsg2.namebrightdns.com","","","clientTransferProhibited","","",""
"5","tekinyapi.com","2020-05-10 06:25:44","2020-05-07","2020-05-07","2021-05-07","2512","DROPCATCH.COM 753 LLC","whois.namebright.com","http://www.dropcatch753.com","Domain Admin / This Domain is For Sale","HugeDomains.com","2635 Walnut Street","Denver","CO","80205","United States","domains@hugedomains.com","+1.3038930552","","Domain Admin / This Domain is For Sale","HugeDomains.com","2635 Walnut Street","Denver","CO","80205","United States","domains@hugedomains.com","+1.3038930552","","Domain Admin / This Domain is For Sale","HugeDomains.com","2635 Walnut Street","Denver","CO","80205","United States","domains@hugedomains.com","+1.3038930552","","","","","","","","","","","","nsg1.namebrightdns.com","nsg2.namebrightdns.com","","","clientTransferProhibited","","",""
"6","watchrange.com","2020-05-10 06:22:56","2020-05-07","2020-05-07","2021-05-07","2512","DROPCATCH.COM 753 LLC","whois.namebright.com","http://www.dropcatch753.com","Domain Admin / This Domain is For Sale","HugeDomains.com","2635 Walnut Street","Denver","CO","80205","United States","domains@hugedomains.com","+1.3038930552","","Domain Admin / This Domain is For Sale","HugeDomains.com","2635 Walnut Street","Denver","CO","80205","United States","domains@hugedomains.com","+1.3038930552","","Domain Admin / This Domain is For Sale","HugeDomains.com","2635 Walnut Street","Denver","CO","80205","United States","domains@hugedomains.com","+1.3038930552","","","","","","","","","","","","nsg1.namebrightdns.com","nsg2.namebrightdns.com","","","clientTransferProhibited","","",""