"num","domain_name","query_time","create_date","update_date","expiry_date","domain_registrar_id","domain_registrar_name","domain_registrar_whois","domain_registrar_url","registrant_name","registrant_company","registrant_address","registrant_city","registrant_state","registrant_zip","registrant_country","registrant_email","registrant_phone","registrant_fax","administrative_name","administrative_company","administrative_address","administrative_city","administrative_state","administrative_zip","administrative_country","administrative_email","administrative_phone","administrative_fax","technical_name","technical_company","technical_address","technical_city","technical_state","technical_zip","technical_country","technical_email","technical_phone","technical_fax","billing_name","billing_company","billing_address","billing_city","billing_state","billing_zip","billing_country","billing_email","billing_phone","billing_fax","name_server_1","name_server_2","name_server_3","name_server_4","domain_status_1","domain_status_2","domain_status_3","domain_status_4"
"1","asthmapal.com","2020-05-10 06:20:56","2020-05-07","2020-05-07","2021-05-07","3596","DropCatch.com 1387 LLC","","","Domain Admin","","220 E Flamingo Road","Las Vegas","NV","89169","United States","info@e-promote.com","+1.8007489234","","Domain Admin","","220 E Flamingo Road","Las Vegas","NV","89169","United States","info@e-promote.com","+1.8007489234","","Domain Admin","","220 E Flamingo Road","Las Vegas","NV","89169","United States","info@e-promote.com","+1.8007489234","","","","","","","","","","","","buy.internettraffic.com","sell.internettraffic.com","","","clientTransferProhibited","","",""
"2","diffusion-controle.com","2020-05-10 06:10:40","2020-05-07","2020-05-07","2021-05-07","3596","DropCatch.com 1387 LLC","","","Private Registration","","2635 Walnut Street","Denver","CO","80205","United States","diffusion-controle.com@namebrightprivacy.com","+1.7204960020","","Private Registration","","2635 Walnut Street","Denver","CO","80205","United States","diffusion-controle.com@namebrightprivacy.com","+1.7204960020","","Private Registration","","2635 Walnut Street","Denver","CO","80205","United States","diffusion-controle.com@namebrightprivacy.com","+1.7204960020","","","","","","","","","","","","","","","","clientTransferProhibited","","",""
"3","goukuilu.com","2020-05-10 06:08:09","2020-05-07","2020-05-07","2021-05-07","3596","DropCatch.com 1387 LLC","","","Domain Administrator","","202, 28 Guanri road","Xiamen","Fujian","361008","China","dotmedia3@dotmedia.com","+86.5925990220","","Domain Administrator","","202, 28 Guanri road","Xiamen","Fujian","361008","China","dotmedia3@dotmedia.com","+86.5925990220","","Domain Administrator","","202, 28 Guanri road","Xiamen","Fujian","361008","China","dotmedia3@dotmedia.com","+86.5925990220","","","","","","","","","","","","v1.juming-xz.com","v1.xz-juming.com","","","clientTransferProhibited","","",""
"4","theplayroomsd.com","2020-05-10 06:20:44","2020-05-07","2020-05-07","2021-05-07","3596","DropCatch.com 1387 LLC","","","Domain Admin / This Domain is For Sale","HugeDomains.com","2635 Walnut Street","Denver","CO","80205","United States","domains@hugedomains.com","+1.3038930552","","Domain Admin / This Domain is For Sale","HugeDomains.com","2635 Walnut Street","Denver","CO","80205","United States","domains@hugedomains.com","+1.3038930552","","Domain Admin / This Domain is For Sale","HugeDomains.com","2635 Walnut Street","Denver","CO","80205","United States","domains@hugedomains.com","+1.3038930552","","","","","","","","","","","","nsg1.namebrightdns.com","nsg2.namebrightdns.com","","","clientTransferProhibited","","",""
"5","topvapeshop.com","2020-05-10 06:11:14","2020-05-07","2020-05-07","2021-05-07","3596","DropCatch.com 1387 LLC","","","Domain Admin / This Domain is For Sale","HugeDomains.com","2635 Walnut Street","Denver","CO","80205","United States","domains@hugedomains.com","+1.3038930552","","Domain Admin / This Domain is For Sale","HugeDomains.com","2635 Walnut Street","Denver","CO","80205","United States","domains@hugedomains.com","+1.3038930552","","Domain Admin / This Domain is For Sale","HugeDomains.com","2635 Walnut Street","Denver","CO","80205","United States","domains@hugedomains.com","+1.3038930552","","","","","","","","","","","","nsg1.namebrightdns.com","nsg2.namebrightdns.com","","","clientTransferProhibited","","",""