"num","domain_name","query_time","create_date","update_date","expiry_date","domain_registrar_id","domain_registrar_name","domain_registrar_whois","domain_registrar_url","registrant_name","registrant_company","registrant_address","registrant_city","registrant_state","registrant_zip","registrant_country","registrant_email","registrant_phone","registrant_fax","administrative_name","administrative_company","administrative_address","administrative_city","administrative_state","administrative_zip","administrative_country","administrative_email","administrative_phone","administrative_fax","technical_name","technical_company","technical_address","technical_city","technical_state","technical_zip","technical_country","technical_email","technical_phone","technical_fax","billing_name","billing_company","billing_address","billing_city","billing_state","billing_zip","billing_country","billing_email","billing_phone","billing_fax","name_server_1","name_server_2","name_server_3","name_server_4","domain_status_1","domain_status_2","domain_status_3","domain_status_4"
"1","cp8517.com","2020-05-10 03:48:52","2020-05-07","2020-05-07","2021-05-07","2008","DropCatch.com 528 LLC","whois.namebright.com","http://www.dropcatch528.com","jin long zhu","zhu jin long","jing chuan xian, yu dou zhen, bai qi cun, ye gou she, 62 hao","ping liang shi","GAN SU","744300","China","qqfbb688@126.com","+86.13873216756","","jin long zhu","zhu jin long","jing chuan xian, yu dou zhen, bai qi cun, ye gou she, 62 hao","ping liang shi","GAN SU","744300","China","qqfbb688@126.com","+86.13873216756","","jin long zhu","zhu jin long","jing chuan xian, yu dou zhen, bai qi cun, ye gou she, 62 hao","ping liang shi","GAN SU","744300","China","qqfbb688@126.com","+86.13873216756","","","","","","","","","","","","jm1.dns.com","jm2.dns.com","","","clientTransferProhibited","","",""
"2","decolorrosa.com","2020-05-10 06:14:01","2020-05-07","2020-05-07","2021-05-07","2008","DropCatch.com 528 LLC","whois.namebright.com","http://www.dropcatch528.com","Domain Admin / This Domain is For Sale","HugeDomains.com","2635 Walnut Street","Denver","CO","80205","United States","domains@hugedomains.com","+1.3038930552","","Domain Admin / This Domain is For Sale","HugeDomains.com","2635 Walnut Street","Denver","CO","80205","United States","domains@hugedomains.com","+1.3038930552","","Domain Admin / This Domain is For Sale","HugeDomains.com","2635 Walnut Street","Denver","CO","80205","United States","domains@hugedomains.com","+1.3038930552","","","","","","","","","","","","nsg1.namebrightdns.com","nsg2.namebrightdns.com","","","clientTransferProhibited","","",""
"3","loverevived.com","2020-05-10 06:21:30","2020-05-07","2020-05-07","2021-05-07","2008","DropCatch.com 528 LLC","whois.namebright.com","http://www.dropcatch528.com","Domain Admin / This Domain is For Sale","HugeDomains.com","2635 Walnut Street","Denver","CO","80205","United States","domains@hugedomains.com","+1.3038930552","","Domain Admin / This Domain is For Sale","HugeDomains.com","2635 Walnut Street","Denver","CO","80205","United States","domains@hugedomains.com","+1.3038930552","","Domain Admin / This Domain is For Sale","HugeDomains.com","2635 Walnut Street","Denver","CO","80205","United States","domains@hugedomains.com","+1.3038930552","","","","","","","","","","","","nsg1.namebrightdns.com","nsg2.namebrightdns.com","","","clientTransferProhibited","","",""
"4","sh-zsdz.com","2020-05-10 06:16:54","2020-05-07","2020-05-07","2021-05-07","2008","DropCatch.com 528 LLC","whois.namebright.com","http://www.dropcatch528.com","DotMedia Limited","DotMedia Limited","7F,Star House,3 Salisbury Road,TST,Kowloon","Hong Kong","Hong Kong","999077","Hong Kong","whoisprivacy@dotmedia.com","+852.81799956","","DotMedia Limited","DotMedia Limited","7F,Star House,3 Salisbury Road,TST,Kowloon","Hong Kong","Hong Kong","999077","Hong Kong","whoisprivacy@dotmedia.com","+852.81799956","","DotMedia Limited","DotMedia Limited","7F,Star House,3 Salisbury Road,TST,Kowloon","Hong Kong","Hong Kong","999077","Hong Kong","whoisprivacy@dotmedia.com","+852.81799956","","","","","","","","","","","","ns1.xz.com","ns2.xz.com","","","clientTransferProhibited","","",""
"5","taoshuokeji.com","2020-05-10 03:34:06","2020-05-07","2020-05-07","2021-05-07","2008","DropCatch.com 528 LLC","whois.namebright.com","http://www.dropcatch528.com","zhi cai lu","lu zhi cai","chan cheng qu, tang yuan dong lu, 18 hao, 17 zuo, 302 shi","fo shan shi","GUANG DONG","528000","China","chinachina@126.com","+86.75787654321","","zhi cai lu","lu zhi cai","chan cheng qu, tang yuan dong lu, 18 hao, 17 zuo, 302 shi","fo shan shi","GUANG DONG","528000","China","chinachina@126.com","+86.75787654321","","zhi cai lu","lu zhi cai","chan cheng qu, tang yuan dong lu, 18 hao, 17 zuo, 302 shi","fo shan shi","GUANG DONG","528000","China","chinachina@126.com","+86.75787654321","","","","","","","","","","","","jm1.dns.com","jm2.dns.com","","","clientTransferProhibited","","",""