"num","domain_name","query_time","create_date","update_date","expiry_date","domain_registrar_id","domain_registrar_name","domain_registrar_whois","domain_registrar_url","registrant_name","registrant_company","registrant_address","registrant_city","registrant_state","registrant_zip","registrant_country","registrant_email","registrant_phone","registrant_fax","administrative_name","administrative_company","administrative_address","administrative_city","administrative_state","administrative_zip","administrative_country","administrative_email","administrative_phone","administrative_fax","technical_name","technical_company","technical_address","technical_city","technical_state","technical_zip","technical_country","technical_email","technical_phone","technical_fax","billing_name","billing_company","billing_address","billing_city","billing_state","billing_zip","billing_country","billing_email","billing_phone","billing_fax","name_server_1","name_server_2","name_server_3","name_server_4","domain_status_1","domain_status_2","domain_status_3","domain_status_4"
"1","act88.com","2020-05-10 06:02:48","2020-05-07","2020-05-07","2021-05-07","3287","DropCatch.com 1078 LLC","","","Domain Admin / This Domain is For Sale","HugeDomains.com","2635 Walnut Street","Denver","CO","80205","United States","domains@hugedomains.com","+1.3038930552","","Domain Admin / This Domain is For Sale","HugeDomains.com","2635 Walnut Street","Denver","CO","80205","United States","domains@hugedomains.com","+1.3038930552","","Domain Admin / This Domain is For Sale","HugeDomains.com","2635 Walnut Street","Denver","CO","80205","United States","domains@hugedomains.com","+1.3038930552","","","","","","","","","","","","nsg1.namebrightdns.com","nsg2.namebrightdns.com","","","clientTransferProhibited","","",""
"2","ahznck.com","2020-05-10 03:44:54","2020-05-07","2020-05-07","2021-05-07","3287","DropCatch.com 1078 LLC","","","DotMedia Limited","DotMedia Limited","7F,Star House,3 Salisbury Road,TST,Kowloon","Hong Kong","Hong Kong","999077","Hong Kong","whoisprivacy@dotmedia.com","+852.81799956","","DotMedia Limited","DotMedia Limited","7F,Star House,3 Salisbury Road,TST,Kowloon","Hong Kong","Hong Kong","999077","Hong Kong","whoisprivacy@dotmedia.com","+852.81799956","","DotMedia Limited","DotMedia Limited","7F,Star House,3 Salisbury Road,TST,Kowloon","Hong Kong","Hong Kong","999077","Hong Kong","whoisprivacy@dotmedia.com","+852.81799956","","","","","","","","","","","","ns1.maff.com","ns2.maff.com","","","clientTransferProhibited","","",""
"3","csmwm.com","2020-05-10 06:04:23","2020-05-07","2020-05-07","2021-05-07","3287","DropCatch.com 1078 LLC","","","Domain Admin / This Domain is For Sale","HugeDomains.com","2635 Walnut Street","Denver","CO","80205","United States","domains@hugedomains.com","+1.3038930552","","Domain Admin / This Domain is For Sale","HugeDomains.com","2635 Walnut Street","Denver","CO","80205","United States","domains@hugedomains.com","+1.3038930552","","Domain Admin / This Domain is For Sale","HugeDomains.com","2635 Walnut Street","Denver","CO","80205","United States","domains@hugedomains.com","+1.3038930552","","","","","","","","","","","","nsg1.namebrightdns.com","nsg2.namebrightdns.com","","","clientTransferProhibited","","",""
"4","garutselatanonline.com","2020-05-10 06:12:37","2020-05-07","2020-05-07","2021-05-07","3287","DropCatch.com 1078 LLC","","","Domain Administrator","XZ.COM","602, 56 Guanri Road, Software Park II","Xiamen","Fujian","361000","China","backorder@dotmedia.com","+86.5925922285","","Domain Administrator","XZ.COM","602, 56 Guanri Road, Software Park II","Xiamen","Fujian","361000","China","backorder@dotmedia.com","+86.5925922285","","Domain Administrator","XZ.COM","602, 56 Guanri Road, Software Park II","Xiamen","Fujian","361000","China","backorder@dotmedia.com","+86.5925922285","","","","","","","","","","","","ns1.maff.com","ns2.maff.com","","","clientTransferProhibited","","",""
"5","lyncseo.com","2020-05-10 06:12:02","2020-05-07","2020-05-07","2021-05-07","3287","DropCatch.com 1078 LLC","","","jianfeng wu","","hefeishi,luyangqu,caifuguangchangshouzuo,1107hao","hefei","Anhui Sheng","230001","China","admin@juming.com","+86.4009972996","","jianfeng wu","","hefeishi,luyangqu,caifuguangchangshouzuo,1107hao","hefei","Anhui Sheng","230001","China","admin@juming.com","+86.4009972996","","jianfeng wu","","hefeishi,luyangqu,caifuguangchangshouzuo,1107hao","hefei","Anhui Sheng","230001","China","admin@juming.com","+86.4009972996","","","","","","","","","","","","jm1.dns.com","jm2.dns.com","","","clientTransferProhibited","","",""
"6","xugerila.com","2020-05-10 06:11:04","2020-05-07","2020-05-07","2021-05-07","3287","DropCatch.com 1078 LLC","","","ying long","long ying","kai li shi, yan jiang lu, 230 hao, 4 dong, 2 dan yuan, 4 lou 8 hao","qian dong nan miao zu dong zu zi zhi zhou","GUI ZHOU","556000","China","lb6612@126.com","+86.13011296037","","ying long","long ying","kai li shi, yan jiang lu, 230 hao, 4 dong, 2 dan yuan, 4 lou 8 hao","qian dong nan miao zu dong zu zi zhi zhou","GUI ZHOU","556000","China","lb6612@126.com","+86.13011296037","","ying long","long ying","kai li shi, yan jiang lu, 230 hao, 4 dong, 2 dan yuan, 4 lou 8 hao","qian dong nan miao zu dong zu zi zhi zhou","GUI ZHOU","556000","China","lb6612@126.com","+86.13011296037","","","","","","","","","","","","jm1.dns.com","jm2.dns.com","","","clientTransferProhibited","","",""