"num","domain_name","query_time","create_date","update_date","expiry_date","domain_registrar_id","domain_registrar_name","domain_registrar_whois","domain_registrar_url","registrant_name","registrant_company","registrant_address","registrant_city","registrant_state","registrant_zip","registrant_country","registrant_email","registrant_phone","registrant_fax","administrative_name","administrative_company","administrative_address","administrative_city","administrative_state","administrative_zip","administrative_country","administrative_email","administrative_phone","administrative_fax","technical_name","technical_company","technical_address","technical_city","technical_state","technical_zip","technical_country","technical_email","technical_phone","technical_fax","billing_name","billing_company","billing_address","billing_city","billing_state","billing_zip","billing_country","billing_email","billing_phone","billing_fax","name_server_1","name_server_2","name_server_3","name_server_4","domain_status_1","domain_status_2","domain_status_3","domain_status_4"
"1","appraisaldataentry.com","2020-05-10 06:20:46","2020-05-07","2020-05-07","2021-05-07","2018","DropCatch.com 538 LLC","whois.namebright.com","http://www.dropcatch538.com","Domain Admin / This Domain is For Sale","HugeDomains.com","2635 Walnut Street","Denver","CO","80205","United States","domains@hugedomains.com","+1.3038930552","","Domain Admin / This Domain is For Sale","HugeDomains.com","2635 Walnut Street","Denver","CO","80205","United States","domains@hugedomains.com","+1.3038930552","","Domain Admin / This Domain is For Sale","HugeDomains.com","2635 Walnut Street","Denver","CO","80205","United States","domains@hugedomains.com","+1.3038930552","","","","","","","","","","","","nsg1.namebrightdns.com","nsg2.namebrightdns.com","","","clientTransferProhibited","","",""
"2","fearlesscountry.com","2020-05-10 03:32:44","2020-05-07","2020-05-07","2021-05-07","2018","DropCatch.com 538 LLC","whois.namebright.com","http://www.dropcatch538.com","Private Registration","","2635 Walnut Street","Denver","CO","80205","United States","fearlesscountry.com@namebrightprivacy.com","+1.7204960020","","Private Registration","","2635 Walnut Street","Denver","CO","80205","United States","fearlesscountry.com@namebrightprivacy.com","+1.7204960020","","Private Registration","","2635 Walnut Street","Denver","CO","80205","United States","fearlesscountry.com@namebrightprivacy.com","+1.7204960020","","","","","","","","","","","","","","","","clientTransferProhibited","","",""
"3","folkmoda.com","2020-05-10 06:02:56","2020-05-07","2020-05-07","2021-05-07","2018","DropCatch.com 538 LLC","whois.namebright.com","http://www.dropcatch538.com","Domain Admin / This Domain is For Sale","HugeDomains.com","2635 Walnut Street","Denver","CO","80205","United States","domains@hugedomains.com","+1.3038930552","","Domain Admin / This Domain is For Sale","HugeDomains.com","2635 Walnut Street","Denver","CO","80205","United States","domains@hugedomains.com","+1.3038930552","","Domain Admin / This Domain is For Sale","HugeDomains.com","2635 Walnut Street","Denver","CO","80205","United States","domains@hugedomains.com","+1.3038930552","","","","","","","","","","","","nsg1.namebrightdns.com","nsg2.namebrightdns.com","","","clientTransferProhibited","","",""
"4","tantrayogaaustralia.com","2020-05-10 06:08:11","2020-05-07","2020-05-07","2021-05-07","2018","DropCatch.com 538 LLC","whois.namebright.com","http://www.dropcatch538.com","DotMedia Limited","DotMedia Limited","7F,Star House,3 Salisbury Road,TST,Kowloon","Hong Kong","Hong Kong","999077","Hong Kong","whoisprivacy@dotmedia.com","+852.81799956","","DotMedia Limited","DotMedia Limited","7F,Star House,3 Salisbury Road,TST,Kowloon","Hong Kong","Hong Kong","999077","Hong Kong","whoisprivacy@dotmedia.com","+852.81799956","","DotMedia Limited","DotMedia Limited","7F,Star House,3 Salisbury Road,TST,Kowloon","Hong Kong","Hong Kong","999077","Hong Kong","whoisprivacy@dotmedia.com","+852.81799956","","","","","","","","","","","","ns1.maff.com","ns2.maff.com","","","clientTransferProhibited","","",""
"5","xxxdrlhz.com","2020-05-10 03:41:13","2020-05-07","2020-05-07","2021-05-07","2018","DropCatch.com 538 LLC","whois.namebright.com","http://www.dropcatch538.com","jin long li","li jin long","lin xian, da yu xiang, yan tou 168 hao","lyu liang","SHAN XI","033200","China","qq13265674312@yeah.net","+86.13265674312","","jin long li","li jin long","lin xian, da yu xiang, yan tou 168 hao","lyu liang","SHAN XI","033200","China","qq13265674312@yeah.net","+86.13265674312","","jin long li","li jin long","lin xian, da yu xiang, yan tou 168 hao","lyu liang","SHAN XI","033200","China","qq13265674312@yeah.net","+86.13265674312","","","","","","","","","","","","jm1.dns.com","jm2.dns.com","","","clientTransferProhibited","","",""
"6","zjmmj.com","2020-05-10 06:04:50","2020-05-07","2020-05-07","2021-05-07","2018","DropCatch.com 538 LLC","whois.namebright.com","http://www.dropcatch538.com","Domain Admin / This Domain is For Sale","HugeDomains.com","2635 Walnut Street","Denver","CO","80205","United States","domains@hugedomains.com","+1.3038930552","","Domain Admin / This Domain is For Sale","HugeDomains.com","2635 Walnut Street","Denver","CO","80205","United States","domains@hugedomains.com","+1.3038930552","","Domain Admin / This Domain is For Sale","HugeDomains.com","2635 Walnut Street","Denver","CO","80205","United States","domains@hugedomains.com","+1.3038930552","","","","","","","","","","","","nsg1.namebrightdns.com","nsg2.namebrightdns.com","","","clientTransferProhibited","","",""