"num","domain_name","query_time","create_date","update_date","expiry_date","domain_registrar_id","domain_registrar_name","domain_registrar_whois","domain_registrar_url","registrant_name","registrant_company","registrant_address","registrant_city","registrant_state","registrant_zip","registrant_country","registrant_email","registrant_phone","registrant_fax","administrative_name","administrative_company","administrative_address","administrative_city","administrative_state","administrative_zip","administrative_country","administrative_email","administrative_phone","administrative_fax","technical_name","technical_company","technical_address","technical_city","technical_state","technical_zip","technical_country","technical_email","technical_phone","technical_fax","billing_name","billing_company","billing_address","billing_city","billing_state","billing_zip","billing_country","billing_email","billing_phone","billing_fax","name_server_1","name_server_2","name_server_3","name_server_4","domain_status_1","domain_status_2","domain_status_3","domain_status_4"
"1","danhbabaove.com","2020-05-10 06:02:52","2020-05-07","2020-05-07","2021-05-07","3347","DropCatch.com 1138 LLC","","","Domain Admin / This Domain is For Sale","HugeDomains.com","2635 Walnut Street","Denver","CO","80205","United States","domains@hugedomains.com","+1.3038930552","","Domain Admin / This Domain is For Sale","HugeDomains.com","2635 Walnut Street","Denver","CO","80205","United States","domains@hugedomains.com","+1.3038930552","","Domain Admin / This Domain is For Sale","HugeDomains.com","2635 Walnut Street","Denver","CO","80205","United States","domains@hugedomains.com","+1.3038930552","","","","","","","","","","","","nsg1.namebrightdns.com","nsg2.namebrightdns.com","","","clientTransferProhibited","","",""
"2","danjiyangzhi.com","2020-05-10 06:12:34","2020-05-07","2020-05-07","2021-05-07","3347","DropCatch.com 1138 LLC","","","jing guo","guo jing","dong yang shi, wu ning jie dao, 202 shi","jin hua shi","ZHE JIANG","322100","China","superben11223@gmail.com","+86.18687419824","","jing guo","guo jing","dong yang shi, wu ning jie dao, 202 shi","jin hua shi","ZHE JIANG","322100","China","superben11223@gmail.com","+86.18687419824","","jing guo","guo jing","dong yang shi, wu ning jie dao, 202 shi","jin hua shi","ZHE JIANG","322100","China","superben11223@gmail.com","+86.18687419824","","","","","","","","","","","","jm1.dns.com","jm2.dns.com","","","clientTransferProhibited","","",""
"3","minersio.com","2020-05-10 06:08:08","2020-05-07","2020-05-07","2021-05-07","3347","DropCatch.com 1138 LLC","","","Domain Admin / This Domain is For Sale","HugeDomains.com","2635 Walnut Street","Denver","CO","80205","United States","domains@hugedomains.com","+1.3038930552","","Domain Admin / This Domain is For Sale","HugeDomains.com","2635 Walnut Street","Denver","CO","80205","United States","domains@hugedomains.com","+1.3038930552","","Domain Admin / This Domain is For Sale","HugeDomains.com","2635 Walnut Street","Denver","CO","80205","United States","domains@hugedomains.com","+1.3038930552","","","","","","","","","","","","nsg1.namebrightdns.com","nsg2.namebrightdns.com","","","clientTransferProhibited","","",""
"4","shanqiaoge.com","2020-05-10 05:59:51","2020-05-07","2020-05-07","2021-05-07","3347","DropCatch.com 1138 LLC","","","zhi bo tan","tan zhi bo","pan shi shi, dong ning jie dao, tai an wei, ba zu","ji lin shi","JI LIN","132300","China","youcai668@gmail.com","+86.15243273919","","zhi bo tan","tan zhi bo","pan shi shi, dong ning jie dao, tai an wei, ba zu","ji lin shi","JI LIN","132300","China","youcai668@gmail.com","+86.15243273919","","zhi bo tan","tan zhi bo","pan shi shi, dong ning jie dao, tai an wei, ba zu","ji lin shi","JI LIN","132300","China","youcai668@gmail.com","+86.15243273919","","","","","","","","","","","","jm1.dns.com","jm2.dns.com","","","clientTransferProhibited","","",""
"5","yongchuangshangcheng.com","2020-05-10 06:09:17","2020-05-07","2020-05-07","2021-05-07","3347","DropCatch.com 1138 LLC","","","DotMedia Limited","DotMedia Limited","7F,Star House,3 Salisbury Road,TST,Kowloon","Hong Kong","Hong Kong","999077","Hong Kong","whoisprivacy@dotmedia.com","+852.81799956","","DotMedia Limited","DotMedia Limited","7F,Star House,3 Salisbury Road,TST,Kowloon","Hong Kong","Hong Kong","999077","Hong Kong","whoisprivacy@dotmedia.com","+852.81799956","","DotMedia Limited","DotMedia Limited","7F,Star House,3 Salisbury Road,TST,Kowloon","Hong Kong","Hong Kong","999077","Hong Kong","whoisprivacy@dotmedia.com","+852.81799956","","","","","","","","","","","","ns1.xz.com","ns2.xz.com","","","clientTransferProhibited","","",""