"num","domain_name","query_time","create_date","update_date","expiry_date","domain_registrar_id","domain_registrar_name","domain_registrar_whois","domain_registrar_url","registrant_name","registrant_company","registrant_address","registrant_city","registrant_state","registrant_zip","registrant_country","registrant_email","registrant_phone","registrant_fax","administrative_name","administrative_company","administrative_address","administrative_city","administrative_state","administrative_zip","administrative_country","administrative_email","administrative_phone","administrative_fax","technical_name","technical_company","technical_address","technical_city","technical_state","technical_zip","technical_country","technical_email","technical_phone","technical_fax","billing_name","billing_company","billing_address","billing_city","billing_state","billing_zip","billing_country","billing_email","billing_phone","billing_fax","name_server_1","name_server_2","name_server_3","name_server_4","domain_status_1","domain_status_2","domain_status_3","domain_status_4"
"1","cdruimao.com","2020-05-10 03:37:47","2020-05-07","2020-05-07","2021-05-07","2574","DROPCATCH.COM 815 LLC","whois.namebright.com","http://www.namebright.com","li chao","","huayuanlu 39hao 2haolou","zhengzhou","Henan Sheng","450000","China","zhimatong@126.com","+86.13643856986","","li chao","","huayuanlu 39hao 2haolou","zhengzhou","Henan Sheng","450000","China","zhimatong@126.com","+86.13643856986","","li chao","","huayuanlu 39hao 2haolou","zhengzhou","Henan Sheng","450000","China","zhimatong@126.com","+86.13643856986","","","","","","","","","","","","f1g1ns1.dnspod.net","f1g1ns2.dnspod.net","","","clientTransferProhibited","","",""
"2","dinelgroup.com","2020-05-10 06:08:10","2020-05-07","2020-05-07","2021-05-07","2574","DROPCATCH.COM 815 LLC","whois.namebright.com","http://www.namebright.com","Private Registration","","2635 Walnut Street","Denver","CO","80205","United States","dinelgroup.com@namebrightprivacy.com","+1.7204960020","","Private Registration","","2635 Walnut Street","Denver","CO","80205","United States","dinelgroup.com@namebrightprivacy.com","+1.7204960020","","Private Registration","","2635 Walnut Street","Denver","CO","80205","United States","dinelgroup.com@namebrightprivacy.com","+1.7204960020","","","","","","","","","","","","ns1.undeveloped.com","ns2.undeveloped.com","","","clientTransferProhibited","","",""
"3","khanha.com","2020-05-10 06:26:30","2020-05-07","2020-05-07","2021-05-07","2574","DROPCATCH.COM 815 LLC","whois.namebright.com","http://www.namebright.com","Domain Admin / This Domain is For Sale","HugeDomains.com","2635 Walnut Street","Denver","CO","80205","United States","domains@hugedomains.com","+1.3038930552","","Domain Admin / This Domain is For Sale","HugeDomains.com","2635 Walnut Street","Denver","CO","80205","United States","domains@hugedomains.com","+1.3038930552","","Domain Admin / This Domain is For Sale","HugeDomains.com","2635 Walnut Street","Denver","CO","80205","United States","domains@hugedomains.com","+1.3038930552","","","","","","","","","","","","nsg1.namebrightdns.com","nsg2.namebrightdns.com","","","clientTransferProhibited","","",""
"4","omastology.com","2020-05-10 02:02:41","2020-05-07","2020-05-07","2021-05-07","2574","DROPCATCH.COM 815 LLC","whois.namebright.com","http://www.namebright.com","Domain Admin / This Domain is For Sale","HugeDomains.com","2635 Walnut Street","Denver","CO","80205","United States","domains@hugedomains.com","+1.3038930552","","Domain Admin / This Domain is For Sale","HugeDomains.com","2635 Walnut Street","Denver","CO","80205","United States","domains@hugedomains.com","+1.3038930552","","Domain Admin / This Domain is For Sale","HugeDomains.com","2635 Walnut Street","Denver","CO","80205","United States","domains@hugedomains.com","+1.3038930552","","","","","","","","","","","","nsg1.namebrightdns.com","nsg2.namebrightdns.com","","","clientTransferProhibited","","",""
"5","steelpirates.com","2020-05-10 06:27:56","2020-05-07","2020-05-07","2021-05-07","2574","DROPCATCH.COM 815 LLC","whois.namebright.com","http://www.namebright.com","Domain Admin / This Domain is For Sale","HugeDomains.com","2635 Walnut Street","Denver","CO","80205","United States","domains@hugedomains.com","+1.3038930552","","Domain Admin / This Domain is For Sale","HugeDomains.com","2635 Walnut Street","Denver","CO","80205","United States","domains@hugedomains.com","+1.3038930552","","Domain Admin / This Domain is For Sale","HugeDomains.com","2635 Walnut Street","Denver","CO","80205","United States","domains@hugedomains.com","+1.3038930552","","","","","","","","","","","","nsg1.namebrightdns.com","nsg2.namebrightdns.com","","","clientTransferProhibited","","",""
"6","tetraoil.com","2020-05-10 06:17:03","2020-05-07","2020-05-07","2021-05-07","2574","DROPCATCH.COM 815 LLC","whois.namebright.com","http://www.namebright.com","Domain Admin / This Domain is For Sale","HugeDomains.com","2635 Walnut Street","Denver","CO","80205","United States","domains@hugedomains.com","+1.3038930552","","Domain Admin / This Domain is For Sale","HugeDomains.com","2635 Walnut Street","Denver","CO","80205","United States","domains@hugedomains.com","+1.3038930552","","Domain Admin / This Domain is For Sale","HugeDomains.com","2635 Walnut Street","Denver","CO","80205","United States","domains@hugedomains.com","+1.3038930552","","","","","","","","","","","","nsg1.namebrightdns.com","nsg2.namebrightdns.com","","","clientTransferProhibited","","",""