"num","domain_name","query_time","create_date","update_date","expiry_date","domain_registrar_id","domain_registrar_name","domain_registrar_whois","domain_registrar_url","registrant_name","registrant_company","registrant_address","registrant_city","registrant_state","registrant_zip","registrant_country","registrant_email","registrant_phone","registrant_fax","administrative_name","administrative_company","administrative_address","administrative_city","administrative_state","administrative_zip","administrative_country","administrative_email","administrative_phone","administrative_fax","technical_name","technical_company","technical_address","technical_city","technical_state","technical_zip","technical_country","technical_email","technical_phone","technical_fax","billing_name","billing_company","billing_address","billing_city","billing_state","billing_zip","billing_country","billing_email","billing_phone","billing_fax","name_server_1","name_server_2","name_server_3","name_server_4","domain_status_1","domain_status_2","domain_status_3","domain_status_4"
"1","boutique-doudoune.com","2020-05-10 06:08:09","2020-05-07","2020-05-08","2021-05-07","1269","enom385, Incorporated","whois.enom385.com","http://www.enom385.com","DotMedia Limited","DotMedia Limited","7F,Star House,3 Salisbury Road,TST,Kowloon","Hong Kong","Hong Kong","999077","Hong Kong","whoisprivacy@dotmedia.com","+852.81799956","","DotMedia Limited","DotMedia Limited","7F,Star House,3 Salisbury Road,TST,Kowloon","Hong Kong","Hong Kong","999077","Hong Kong","whoisprivacy@dotmedia.com","+852.81799956","","DotMedia Limited","DotMedia Limited","7F,Star House,3 Salisbury Road,TST,Kowloon","Hong Kong","Hong Kong","999077","Hong Kong","whoisprivacy@dotmedia.com","+852.81799956","","","","","","","","","","","","ns1.maff.com","ns2.maff.com","","","OK","","",""
"2","breaki.com","2020-05-10 06:12:32","2020-05-07","2020-05-08","2021-05-07","1269","enom385, Incorporated","whois.enom385.com","http://www.enom385.com","Rizwan Razzaq","","Saima Mall and Residency Gulshan Iqbal Block 10","Karachi","SINDH","75300","Pakistan","rizwan_business786@hotmail.com","+1.00923312264944","","Rizwan Razzaq","","Saima Mall and Residency Gulshan Iqbal Block 10","Karachi","SINDH","75300","Pakistan","rizwan_business786@hotmail.com","+1.00923312264944","","Rizwan Razzaq","","Saima Mall and Residency Gulshan Iqbal Block 10","Karachi","SINDH","75300","Pakistan","rizwan_business786@hotmail.com","+1.00923312264944","","","","","","","","","","","","ns1.interimnameserver.com","ns2.interimnameserver.com","","","OK","","",""
"3","feng-sheng.com","2020-05-10 06:12:04","2020-05-07","2020-05-08","2021-05-07","1269","enom385, Incorporated","whois.enom385.com","http://www.enom385.com","de zhi wu","wu de zhi","shi shi shi, bao gai zhen, song mao shi qu, 3 hao","quan zhou shi","fu jian","362700","China","2162921092@qq.com","+86.15905953969","+86.15905953969","de zhi wu","wu de zhi","shi shi shi, bao gai zhen, song mao shi qu, 3 hao","quan zhou shi","fu jian","362700","China","2162921092@qq.com","+86.15905953969","+86.15905953969","de zhi wu","wu de zhi","shi shi shi, bao gai zhen, song mao shi qu, 3 hao","quan zhou shi","fu jian","362700","China","2162921092@qq.com","+86.15905953969","+86.15905953969","","","","","","","","","","","v1.juming-xz.com","v1.xz-juming.com","","","OK","","",""
"4","fhrthrt.com","2020-05-10 04:04:14","2020-05-07","2020-05-07","2021-05-07","1269","enom385, Incorporated","whois.enom385.com","http://www.enom385.com","PERFECT PRIVACY, LLC","","5335 Gate Parkway","Jacksonville","FL","32256","United States","9rd18onrvqhnj9ej3m6m180mh9@domaindiscreet.com","+1.9027492701","","PERFECT PRIVACY, LLC","","5335 Gate Parkway","Jacksonville","FL","32256","United States","9rd18onrvqhnj9ej3m6m180mh9@domaindiscreet.com","+1.9027492701","","PERFECT PRIVACY, LLC","","5335 Gate Parkway","Jacksonville","FL","32256","United States","9rd18onrvqhnj9ej3m6m180mh9@domaindiscreet.com","+1.9027492701","","","","","","","","","","","","ns1.dnsnuts.com","ns2.dnsnuts.com","","","OK","","",""
"5","maxgria.com","2020-05-10 06:17:44","2020-05-07","2020-05-07","2021-05-07","1269","enom385, Incorporated","whois.enom385.com","http://www.enom385.com","PERFECT PRIVACY, LLC","","5335 Gate Parkway","Jacksonville","FL","32256","United States","9rd18onrvqhnj9ej3m6m180mh9@domaindiscreet.com","+1.9027492701","","PERFECT PRIVACY, LLC","","5335 Gate Parkway","Jacksonville","FL","32256","United States","9rd18onrvqhnj9ej3m6m180mh9@domaindiscreet.com","+1.9027492701","","PERFECT PRIVACY, LLC","","5335 Gate Parkway","Jacksonville","FL","32256","United States","9rd18onrvqhnj9ej3m6m180mh9@domaindiscreet.com","+1.9027492701","","","","","","","","","","","","ns1.dnsnuts.com","ns2.dnsnuts.com","","","OK","","",""