"num","domain_name","query_time","create_date","update_date","expiry_date","domain_registrar_id","domain_registrar_name","domain_registrar_whois","domain_registrar_url","registrant_name","registrant_company","registrant_address","registrant_city","registrant_state","registrant_zip","registrant_country","registrant_email","registrant_phone","registrant_fax","administrative_name","administrative_company","administrative_address","administrative_city","administrative_state","administrative_zip","administrative_country","administrative_email","administrative_phone","administrative_fax","technical_name","technical_company","technical_address","technical_city","technical_state","technical_zip","technical_country","technical_email","technical_phone","technical_fax","billing_name","billing_company","billing_address","billing_city","billing_state","billing_zip","billing_country","billing_email","billing_phone","billing_fax","name_server_1","name_server_2","name_server_3","name_server_4","domain_status_1","domain_status_2","domain_status_3","domain_status_4"
"1","1bidglobal.com","2020-05-10 06:27:01","2020-05-07","2020-05-07","2021-05-07","1671","MidWestDomains, LLC","whois.dotmobiregistry.net","http://www.networksolutions.com","New Ventures Services, Corp","New Ventures Services, Corp","PO BOX 459 Drums","Drums","PA","18222","United States","admin@newvcorp.com","+1.8558971723","","New Ventures Services, Corp","New Ventures Services, Corp","PO BOX 459 Drums","Drums","PA","18222","United States","admin@newvcorp.com","+1.8558971723","","New Ventures Services, Corp","New Ventures Services, Corp","PO BOX 459 Drums","Drums","PA","18222","United States","admin@newvcorp.com","+1.8558971723","","","","","","","","","","","","ns1626.ztomy.com","ns2626.ztomy.com","","","OK","","",""
"2","527home.com","2020-05-10 06:29:26","2020-05-07","2020-05-07","2021-05-07","1671","MidWestDomains, LLC","whois.dotmobiregistry.net","http://www.networksolutions.com","New Ventures Services, Corp","New Ventures Services, Corp","PO BOX 459 Drums","Drums","PA","18222","United States","admin@newvcorp.com","+1.8558971723","","New Ventures Services, Corp","New Ventures Services, Corp","PO BOX 459 Drums","Drums","PA","18222","United States","admin@newvcorp.com","+1.8558971723","","New Ventures Services, Corp","New Ventures Services, Corp","PO BOX 459 Drums","Drums","PA","18222","United States","admin@newvcorp.com","+1.8558971723","","","","","","","","","","","","ns1626.ztomy.com","ns2626.ztomy.com","","","OK","","",""
"3","86payment.com","2020-05-10 02:23:46","2020-05-07","2020-05-07","2021-05-07","1671","MidWestDomains, LLC","whois.dotmobiregistry.net","http://www.networksolutions.com","New Ventures Services, Corp","New Ventures Services, Corp","PO BOX 459 Drums","Drums","PA","18222","United States","admin@newvcorp.com","+1.8558971723","","New Ventures Services, Corp","New Ventures Services, Corp","PO BOX 459 Drums","Drums","PA","18222","United States","admin@newvcorp.com","+1.8558971723","","New Ventures Services, Corp","New Ventures Services, Corp","PO BOX 459 Drums","Drums","PA","18222","United States","admin@newvcorp.com","+1.8558971723","","","","","","","","","","","","ns1626.ztomy.com","ns2626.ztomy.com","","","OK","","",""
"4","alexandriacommunitycenter.com","2020-05-10 06:12:03","2020-05-07","2020-05-07","2021-05-07","1671","MidWestDomains, LLC","whois.dotmobiregistry.net","http://www.networksolutions.com","New Ventures Services, Corp","New Ventures Services, Corp","PO BOX 459 Drums","Drums","PA","18222","United States","admin@newvcorp.com","+1.8558971723","","New Ventures Services, Corp","New Ventures Services, Corp","PO BOX 459 Drums","Drums","PA","18222","United States","admin@newvcorp.com","+1.8558971723","","New Ventures Services, Corp","New Ventures Services, Corp","PO BOX 459 Drums","Drums","PA","18222","United States","admin@newvcorp.com","+1.8558971723","","","","","","","","","","","","ns1626.ztomy.com","ns2626.ztomy.com","","","OK","","",""
"5","beadsjewelrymanufacturer.com","2020-05-10 06:12:31","2020-05-07","2020-05-07","2021-05-07","1671","MidWestDomains, LLC","whois.dotmobiregistry.net","http://www.networksolutions.com","New Ventures Services, Corp","New Ventures Services, Corp","PO BOX 459 Drums","Drums","PA","18222","United States","admin@newvcorp.com","+1.8558971723","","New Ventures Services, Corp","New Ventures Services, Corp","PO BOX 459 Drums","Drums","PA","18222","United States","admin@newvcorp.com","+1.8558971723","","New Ventures Services, Corp","New Ventures Services, Corp","PO BOX 459 Drums","Drums","PA","18222","United States","admin@newvcorp.com","+1.8558971723","","","","","","","","","","","","ns1626.ztomy.com","ns2626.ztomy.com","","","OK","","",""
"6","busycast.com","2020-05-10 06:29:30","2020-05-07","2020-05-07","2021-05-07","1671","MidWestDomains, LLC","whois.dotmobiregistry.net","http://www.networksolutions.com","New Ventures Services, Corp","New Ventures Services, Corp","PO BOX 459 Drums","Drums","PA","18222","United States","admin@newvcorp.com","+1.8558971723","","New Ventures Services, Corp","New Ventures Services, Corp","PO BOX 459 Drums","Drums","PA","18222","United States","admin@newvcorp.com","+1.8558971723","","New Ventures Services, Corp","New Ventures Services, Corp","PO BOX 459 Drums","Drums","PA","18222","United States","admin@newvcorp.com","+1.8558971723","","","","","","","","","","","","ns1626.ztomy.com","ns2626.ztomy.com","","","OK","","",""
"7","callstores.com","2020-05-10 06:18:03","2020-05-07","2020-05-07","2021-05-07","1671","MidWestDomains, LLC","whois.dotmobiregistry.net","http://www.networksolutions.com","New Ventures Services, Corp","New Ventures Services, Corp","PO BOX 459 Drums","Drums","PA","18222","United States","admin@newvcorp.com","+1.8558971723","","New Ventures Services, Corp","New Ventures Services, Corp","PO BOX 459 Drums","Drums","PA","18222","United States","admin@newvcorp.com","+1.8558971723","","New Ventures Services, Corp","New Ventures Services, Corp","PO BOX 459 Drums","Drums","PA","18222","United States","admin@newvcorp.com","+1.8558971723","","","","","","","","","","","","ns1626.ztomy.com","ns2626.ztomy.com","","","OK","","",""
"8","canvasdataagency.com","2020-05-10 06:00:27","2020-05-07","2020-05-07","2021-05-07","1671","MidWestDomains, LLC","whois.dotmobiregistry.net","http://www.networksolutions.com","New Ventures Services, Corp","New Ventures Services, Corp","PO BOX 459 Drums","Drums","PA","18222","United States","admin@newvcorp.com","+1.8558971723","","New Ventures Services, Corp","New Ventures Services, Corp","PO BOX 459 Drums","Drums","PA","18222","United States","admin@newvcorp.com","+1.8558971723","","New Ventures Services, Corp","New Ventures Services, Corp","PO BOX 459 Drums","Drums","PA","18222","United States","admin@newvcorp.com","+1.8558971723","","","","","","","","","","","","ns1626.ztomy.com","ns2626.ztomy.com","","","OK","","",""
"9","charterinibiza.com","2020-05-10 06:10:12","2020-05-07","2020-05-07","2021-05-07","1671","MidWestDomains, LLC","whois.dotmobiregistry.net","http://www.networksolutions.com","New Ventures Services, Corp","New Ventures Services, Corp","PO BOX 459 Drums","Drums","PA","18222","United States","admin@newvcorp.com","+1.8558971723","","New Ventures Services, Corp","New Ventures Services, Corp","PO BOX 459 Drums","Drums","PA","18222","United States","admin@newvcorp.com","+1.8558971723","","New Ventures Services, Corp","New Ventures Services, Corp","PO BOX 459 Drums","Drums","PA","18222","United States","admin@newvcorp.com","+1.8558971723","","","","","","","","","","","","ns1626.ztomy.com","ns2626.ztomy.com","","","OK","","",""
"10","classagetaway.com","2020-05-10 03:43:00","2020-05-07","2020-05-07","2021-05-07","1671","MidWestDomains, LLC","whois.dotmobiregistry.net","http://www.networksolutions.com","New Ventures Services, Corp","New Ventures Services, Corp","PO BOX 459 Drums","Drums","PA","18222","United States","admin@newvcorp.com","+1.8558971723","","New Ventures Services, Corp","New Ventures Services, Corp","PO BOX 459 Drums","Drums","PA","18222","United States","admin@newvcorp.com","+1.8558971723","","New Ventures Services, Corp","New Ventures Services, Corp","PO BOX 459 Drums","Drums","PA","18222","United States","admin@newvcorp.com","+1.8558971723","","","","","","","","","","","","ns1626.ztomy.com","ns2626.ztomy.com","","","OK","","",""
"11","coronavirusdrip.com","2020-05-10 06:12:35","2020-05-07","2020-05-07","2021-05-07","1671","MidWestDomains, LLC","whois.dotmobiregistry.net","http://www.networksolutions.com","New Ventures Services, Corp","New Ventures Services, Corp","PO BOX 459 Drums","Drums","PA","18222","United States","admin@newvcorp.com","+1.8558971723","","New Ventures Services, Corp","New Ventures Services, Corp","PO BOX 459 Drums","Drums","PA","18222","United States","admin@newvcorp.com","+1.8558971723","","New Ventures Services, Corp","New Ventures Services, Corp","PO BOX 459 Drums","Drums","PA","18222","United States","admin@newvcorp.com","+1.8558971723","","","","","","","","","","","","ns1626.ztomy.com","ns2626.ztomy.com","","","OK","","",""
"12","decorationideas1.com","2020-05-10 06:17:53","2020-05-07","2020-05-07","2021-05-07","1671","MidWestDomains, LLC","whois.dotmobiregistry.net","http://www.networksolutions.com","New Ventures Services, Corp","New Ventures Services, Corp","PO BOX 459 Drums","Drums","PA","18222","United States","admin@newvcorp.com","+1.8558971723","","New Ventures Services, Corp","New Ventures Services, Corp","PO BOX 459 Drums","Drums","PA","18222","United States","admin@newvcorp.com","+1.8558971723","","New Ventures Services, Corp","New Ventures Services, Corp","PO BOX 459 Drums","Drums","PA","18222","United States","admin@newvcorp.com","+1.8558971723","","","","","","","","","","","","ns1626.ztomy.com","ns2626.ztomy.com","","","OK","","",""
"13","eggtrek.com","2020-05-10 06:04:59","2020-05-07","2020-05-07","2021-05-07","1671","MidWestDomains, LLC","whois.dotmobiregistry.net","http://www.networksolutions.com","New Ventures Services, Corp","New Ventures Services, Corp","PO BOX 459 Drums","Drums","PA","18222","United States","admin@newvcorp.com","+1.8558971723","","New Ventures Services, Corp","New Ventures Services, Corp","PO BOX 459 Drums","Drums","PA","18222","United States","admin@newvcorp.com","+1.8558971723","","New Ventures Services, Corp","New Ventures Services, Corp","PO BOX 459 Drums","Drums","PA","18222","United States","admin@newvcorp.com","+1.8558971723","","","","","","","","","","","","ns1626.ztomy.com","ns2626.ztomy.com","","","OK","","",""
"14","formation-international.com","2020-05-10 06:18:12","2020-05-07","2020-05-07","2021-05-07","1671","MidWestDomains, LLC","whois.dotmobiregistry.net","http://www.networksolutions.com","New Ventures Services, Corp","New Ventures Services, Corp","PO BOX 459 Drums","Drums","PA","18222","United States","admin@newvcorp.com","+1.8558971723","","New Ventures Services, Corp","New Ventures Services, Corp","PO BOX 459 Drums","Drums","PA","18222","United States","admin@newvcorp.com","+1.8558971723","","New Ventures Services, Corp","New Ventures Services, Corp","PO BOX 459 Drums","Drums","PA","18222","United States","admin@newvcorp.com","+1.8558971723","","","","","","","","","","","","ns1626.ztomy.com","ns2626.ztomy.com","","","OK","","",""
"15","geomaxenergy.com","2020-05-10 06:20:44","2020-05-07","2020-05-07","2021-05-07","1671","MidWestDomains, LLC","whois.dotmobiregistry.net","http://www.networksolutions.com","New Ventures Services, Corp","New Ventures Services, Corp","PO BOX 459 Drums","Drums","PA","18222","United States","admin@newvcorp.com","+1.8558971723","","New Ventures Services, Corp","New Ventures Services, Corp","PO BOX 459 Drums","Drums","PA","18222","United States","admin@newvcorp.com","+1.8558971723","","New Ventures Services, Corp","New Ventures Services, Corp","PO BOX 459 Drums","Drums","PA","18222","United States","admin@newvcorp.com","+1.8558971723","","","","","","","","","","","","ns1626.ztomy.com","ns2626.ztomy.com","","","OK","","",""
"16","girlsncode.com","2020-05-10 06:10:44","2020-05-07","2020-05-07","2021-05-07","1671","MidWestDomains, LLC","whois.dotmobiregistry.net","http://www.networksolutions.com","New Ventures Services, Corp","New Ventures Services, Corp","PO BOX 459 Drums","Drums","PA","18222","United States","admin@newvcorp.com","+1.8558971723","","New Ventures Services, Corp","New Ventures Services, Corp","PO BOX 459 Drums","Drums","PA","18222","United States","admin@newvcorp.com","+1.8558971723","","New Ventures Services, Corp","New Ventures Services, Corp","PO BOX 459 Drums","Drums","PA","18222","United States","admin@newvcorp.com","+1.8558971723","","","","","","","","","","","","ns1626.ztomy.com","ns2626.ztomy.com","","","OK","","",""
"17","greenchrisjerrey.com","2020-05-10 06:11:05","2020-05-07","2020-05-07","2021-05-07","1671","MidWestDomains, LLC","whois.dotmobiregistry.net","http://www.networksolutions.com","Jianfeng Wu Juming","","Luyang District, Fortune Plaza No. 1107 First","Hefeishi","ANHUISHENG","230001","China","temp@juming.com","+1.864009972996","","Jianfeng Wu Juming","","Luyang District, Fortune Plaza No. 1107 First","Hefeishi","ANHUISHENG","230001","China","temp@juming.com","+1.864009972996","","Jianfeng Wu Juming","","Luyang District, Fortune Plaza No. 1107 First","Hefeishi","ANHUISHENG","230001","China","temp@juming.com","+1.864009972996","","","","","","","","","","","","v1.juming-xz.com","v1.xz-juming.com","","","OK","","",""
"18","healthcarehubgreen.com","2020-05-10 06:23:10","2020-05-07","2020-05-07","2021-05-07","1671","MidWestDomains, LLC","whois.dotmobiregistry.net","http://www.networksolutions.com","New Ventures Services, Corp","New Ventures Services, Corp","PO BOX 459 Drums","Drums","PA","18222","United States","admin@newvcorp.com","+1.8558971723","","New Ventures Services, Corp","New Ventures Services, Corp","PO BOX 459 Drums","Drums","PA","18222","United States","admin@newvcorp.com","+1.8558971723","","New Ventures Services, Corp","New Ventures Services, Corp","PO BOX 459 Drums","Drums","PA","18222","United States","admin@newvcorp.com","+1.8558971723","","","","","","","","","","","","ns1626.ztomy.com","ns2626.ztomy.com","","","OK","","",""
"19","icdcoaching.com","2020-05-10 06:19:13","2020-05-07","2020-05-07","2021-05-07","1671","MidWestDomains, LLC","whois.dotmobiregistry.net","http://www.networksolutions.com","New Ventures Services, Corp","New Ventures Services, Corp","PO BOX 459 Drums","Drums","PA","18222","United States","admin@newvcorp.com","+1.8558971723","","New Ventures Services, Corp","New Ventures Services, Corp","PO BOX 459 Drums","Drums","PA","18222","United States","admin@newvcorp.com","+1.8558971723","","New Ventures Services, Corp","New Ventures Services, Corp","PO BOX 459 Drums","Drums","PA","18222","United States","admin@newvcorp.com","+1.8558971723","","","","","","","","","","","","ns1626.ztomy.com","ns2626.ztomy.com","","","OK","","",""
"20","jiake88.com","2020-05-10 06:25:03","2020-05-07","2020-05-08","2021-05-07","1671","MidWestDomains, LLC","whois.dotmobiregistry.net","http://www.networksolutions.com","jinlong li","lijinlong","linxian,dayuxiang,yantou168hao","lvliang","shanxi","033200","China","qq13265674312@yeah.net","+86.13265674312","+86.13265674312","jinlong li","lijinlong","linxian,dayuxiang,yantou168hao","lvliang","shanxi","033200","China","qq13265674312@yeah.net","+86.13265674312","+86.13265674312","jinlong li","lijinlong","linxian,dayuxiang,yantou168hao","lvliang","shanxi","033200","China","qq13265674312@yeah.net","+86.13265674312","+86.13265674312","","","","","","","","","","","v1.juming-xz.com","v1.xz-juming.com","","","OK","","",""
"21","longlifemachinery.com","2020-05-10 06:12:02","2020-05-07","2020-05-09","2021-05-07","1671","MidWestDomains, LLC","whois.dotmobiregistry.net","http://www.networksolutions.com","jia hao wu","wu jia hao","jiang ning qu, nan jing shi, jiang ning kai fa qu,","nan jing shi","jiang su","211100","China","az199887611@163.com","+86.02552262313","+86.02552262313","jia hao wu","wu jia hao","jiang ning qu, nan jing shi, jiang ning kai fa qu,","nan jing shi","jiang su","211100","China","az199887611@163.com","+86.02552262313","+86.02552262313","jia hao wu","wu jia hao","jiang ning qu, nan jing shi, jiang ning kai fa qu,","nan jing shi","jiang su","211100","China","az199887611@163.com","+86.02552262313","+86.02552262313","","","","","","","","","","","v1.juming-xz.com","v1.xz-juming.com","","","OK","","",""
"22","maxonlinetuition.com","2020-05-10 06:26:28","2020-05-07","2020-05-07","2021-05-07","1671","MidWestDomains, LLC","whois.dotmobiregistry.net","http://www.networksolutions.com","New Ventures Services, Corp","New Ventures Services, Corp","PO BOX 459 Drums","Drums","PA","18222","United States","admin@newvcorp.com","+1.8558971723","","New Ventures Services, Corp","New Ventures Services, Corp","PO BOX 459 Drums","Drums","PA","18222","United States","admin@newvcorp.com","+1.8558971723","","New Ventures Services, Corp","New Ventures Services, Corp","PO BOX 459 Drums","Drums","PA","18222","United States","admin@newvcorp.com","+1.8558971723","","","","","","","","","","","","ns1626.ztomy.com","ns2626.ztomy.com","","","OK","","",""
"23","motionpicturegrip.com","2020-05-10 06:05:33","2020-05-07","2020-05-07","2021-05-07","1671","MidWestDomains, LLC","whois.dotmobiregistry.net","http://www.networksolutions.com","New Ventures Services, Corp","New Ventures Services, Corp","PO BOX 459 Drums","Drums","PA","18222","United States","admin@newvcorp.com","+1.8558971723","","New Ventures Services, Corp","New Ventures Services, Corp","PO BOX 459 Drums","Drums","PA","18222","United States","admin@newvcorp.com","+1.8558971723","","New Ventures Services, Corp","New Ventures Services, Corp","PO BOX 459 Drums","Drums","PA","18222","United States","admin@newvcorp.com","+1.8558971723","","","","","","","","","","","","ns1626.ztomy.com","ns2626.ztomy.com","","","OK","","",""
"24","naive-expressionist.com","2020-05-10 06:12:33","2020-05-07","2020-05-07","2021-05-07","1671","MidWestDomains, LLC","whois.dotmobiregistry.net","http://www.networksolutions.com","New Ventures Services, Corp","New Ventures Services, Corp","PO BOX 459 Drums","Drums","PA","18222","United States","admin@newvcorp.com","+1.8558971723","","New Ventures Services, Corp","New Ventures Services, Corp","PO BOX 459 Drums","Drums","PA","18222","United States","admin@newvcorp.com","+1.8558971723","","New Ventures Services, Corp","New Ventures Services, Corp","PO BOX 459 Drums","Drums","PA","18222","United States","admin@newvcorp.com","+1.8558971723","","","","","","","","","","","","ns1626.ztomy.com","ns2626.ztomy.com","","","OK","","",""
"25","nashvilleprovisions.com","2020-05-10 06:17:56","2020-05-07","2020-05-07","2021-05-07","1671","MidWestDomains, LLC","whois.dotmobiregistry.net","http://www.networksolutions.com","New Ventures Services, Corp","New Ventures Services, Corp","PO BOX 459 Drums","Drums","PA","18222","United States","admin@newvcorp.com","+1.8558971723","","New Ventures Services, Corp","New Ventures Services, Corp","PO BOX 459 Drums","Drums","PA","18222","United States","admin@newvcorp.com","+1.8558971723","","New Ventures Services, Corp","New Ventures Services, Corp","PO BOX 459 Drums","Drums","PA","18222","United States","admin@newvcorp.com","+1.8558971723","","","","","","","","","","","","ns1626.ztomy.com","ns2626.ztomy.com","","","OK","","",""
"26","paradisevalleyrehab.com","2020-05-10 06:18:01","2020-05-07","2020-05-08","2021-05-07","1671","MidWestDomains, LLC","whois.dotmobiregistry.net","http://www.networksolutions.com","Domain Manager","Digital Options LLC","4471 Dean Martin Dr #3408","Las Vegas","NV","89103","United States","domains@digitaloptions.com","+1.7149136692","","Domain Manager","Digital Options LLC","4471 Dean Martin Dr #3408","Las Vegas","NV","89103","United States","domains@digitaloptions.com","+1.7149136692","","Domain Manager","Digital Options LLC","4471 Dean Martin Dr #3408","Las Vegas","NV","89103","United States","domains@digitaloptions.com","+1.7149136692","","","","","","","","","","","","ns1.dan.com","ns2.dan.com","","","OK","","",""
"27","pepberry.com","2020-05-10 06:28:05","2020-05-07","2020-05-07","2021-05-07","1671","MidWestDomains, LLC","whois.dotmobiregistry.net","http://www.networksolutions.com","New Ventures Services, Corp","New Ventures Services, Corp","PO BOX 459 Drums","Drums","PA","18222","United States","admin@newvcorp.com","+1.8558971723","","New Ventures Services, Corp","New Ventures Services, Corp","PO BOX 459 Drums","Drums","PA","18222","United States","admin@newvcorp.com","+1.8558971723","","New Ventures Services, Corp","New Ventures Services, Corp","PO BOX 459 Drums","Drums","PA","18222","United States","admin@newvcorp.com","+1.8558971723","","","","","","","","","","","","ns1626.ztomy.com","ns2626.ztomy.com","","","OK","","",""
"28","rulermap.com","2020-05-10 06:11:19","2020-05-07","2020-05-07","2021-05-07","1671","MidWestDomains, LLC","whois.dotmobiregistry.net","http://www.networksolutions.com","New Ventures Services, Corp","New Ventures Services, Corp","PO BOX 459 Drums","Drums","PA","18222","United States","admin@newvcorp.com","+1.8558971723","","New Ventures Services, Corp","New Ventures Services, Corp","PO BOX 459 Drums","Drums","PA","18222","United States","admin@newvcorp.com","+1.8558971723","","New Ventures Services, Corp","New Ventures Services, Corp","PO BOX 459 Drums","Drums","PA","18222","United States","admin@newvcorp.com","+1.8558971723","","","","","","","","","","","","ns1626.ztomy.com","ns2626.ztomy.com","","","OK","","",""
"29","skyvisionadvertising.com","2020-05-10 06:16:26","2020-05-07","2020-05-07","2021-05-07","1671","MidWestDomains, LLC","whois.dotmobiregistry.net","http://www.networksolutions.com","New Ventures Services, Corp","New Ventures Services, Corp","PO BOX 459 Drums","Drums","PA","18222","United States","admin@newvcorp.com","+1.8558971723","","New Ventures Services, Corp","New Ventures Services, Corp","PO BOX 459 Drums","Drums","PA","18222","United States","admin@newvcorp.com","+1.8558971723","","New Ventures Services, Corp","New Ventures Services, Corp","PO BOX 459 Drums","Drums","PA","18222","United States","admin@newvcorp.com","+1.8558971723","","","","","","","","","","","","ns1626.ztomy.com","ns2626.ztomy.com","","","OK","","",""
"30","socialmediumsphere.com","2020-05-10 06:20:58","2020-05-07","2020-05-07","2021-05-07","1671","MidWestDomains, LLC","whois.dotmobiregistry.net","http://www.networksolutions.com","New Ventures Services, Corp","New Ventures Services, Corp","PO BOX 459 Drums","Drums","PA","18222","United States","admin@newvcorp.com","+1.8558971723","","New Ventures Services, Corp","New Ventures Services, Corp","PO BOX 459 Drums","Drums","PA","18222","United States","admin@newvcorp.com","+1.8558971723","","New Ventures Services, Corp","New Ventures Services, Corp","PO BOX 459 Drums","Drums","PA","18222","United States","admin@newvcorp.com","+1.8558971723","","","","","","","","","","","","ns1626.ztomy.com","ns2626.ztomy.com","","","OK","","",""
"31","thatssonifty.com","2020-05-10 06:12:03","2020-05-07","2020-05-07","2021-05-07","1671","MidWestDomains, LLC","whois.dotmobiregistry.net","http://www.networksolutions.com","New Ventures Services, Corp","New Ventures Services, Corp","PO BOX 459 Drums","Drums","PA","18222","United States","admin@newvcorp.com","+1.8558971723","","New Ventures Services, Corp","New Ventures Services, Corp","PO BOX 459 Drums","Drums","PA","18222","United States","admin@newvcorp.com","+1.8558971723","","New Ventures Services, Corp","New Ventures Services, Corp","PO BOX 459 Drums","Drums","PA","18222","United States","admin@newvcorp.com","+1.8558971723","","","","","","","","","","","","ns1626.ztomy.com","ns2626.ztomy.com","","","OK","","",""
"32","tinyfell.com","2020-05-10 06:12:25","2020-05-07","2020-05-07","2021-05-07","1671","MidWestDomains, LLC","whois.dotmobiregistry.net","http://www.networksolutions.com","New Ventures Services, Corp","New Ventures Services, Corp","PO BOX 459 Drums","Drums","PA","18222","United States","admin@newvcorp.com","+1.8558971723","","New Ventures Services, Corp","New Ventures Services, Corp","PO BOX 459 Drums","Drums","PA","18222","United States","admin@newvcorp.com","+1.8558971723","","New Ventures Services, Corp","New Ventures Services, Corp","PO BOX 459 Drums","Drums","PA","18222","United States","admin@newvcorp.com","+1.8558971723","","","","","","","","","","","","ns1626.ztomy.com","ns2626.ztomy.com","","","OK","","",""
"33","trueschooling.com","2020-05-10 06:18:02","2020-05-07","2020-05-09","2021-05-07","1671","MidWestDomains, LLC","whois.dotmobiregistry.net","http://www.networksolutions.com","Praveen Chidaboyina","","2 54, Nagapoor, Kammarpally","Nizamabad","","503308","India","domainiter@gmail.com","+91.9618560687","+1.5707088780","Praveen Chidaboyina","","2 54, Nagapoor, Kammarpally","Nizamabad","","503308","India","domainiter@gmail.com","+91.9618560687","+1.5707088780","Praveen Chidaboyina","","2 54, Nagapoor, Kammarpally","Nizamabad","","503308","India","domainiter@gmail.com","+91.9618560687","+1.5707088780","","","","","","","","","","","ns1.parklogic.com","ns2.parklogic.com","","","clientTransferProhibited","","",""
"34","wiarch.com","2020-05-10 06:11:21","2020-05-07","2020-05-07","2021-05-07","1671","MidWestDomains, LLC","whois.dotmobiregistry.net","http://www.networksolutions.com","PERFECT PRIVACY, LLC","","5335 Gate Parkway","Jacksonville","FL","32256","United States","9ntg4mn8a2gneb62gnbfruqmmk@domaindiscreet.com","+1.9027492701","","PERFECT PRIVACY, LLC","","5335 Gate Parkway","Jacksonville","FL","32256","United States","9ntg4mn8a2gneb62gnbfruqmmk@domaindiscreet.com","+1.9027492701","","PERFECT PRIVACY, LLC","","5335 Gate Parkway","Jacksonville","FL","32256","United States","9ntg4mn8a2gneb62gnbfruqmmk@domaindiscreet.com","+1.9027492701","","","","","","","","","","","","ns1.undeveloped.com","ns2.undeveloped.com","","","OK","","",""
"35","wrenstrong.com","2020-05-10 06:19:52","2020-05-07","2020-05-07","2021-05-07","1671","MidWestDomains, LLC","whois.dotmobiregistry.net","http://www.networksolutions.com","New Ventures Services, Corp","New Ventures Services, Corp","PO BOX 459 Drums","Drums","PA","18222","United States","admin@newvcorp.com","+1.8558971723","","New Ventures Services, Corp","New Ventures Services, Corp","PO BOX 459 Drums","Drums","PA","18222","United States","admin@newvcorp.com","+1.8558971723","","New Ventures Services, Corp","New Ventures Services, Corp","PO BOX 459 Drums","Drums","PA","18222","United States","admin@newvcorp.com","+1.8558971723","","","","","","","","","","","","ns1626.ztomy.com","ns2626.ztomy.com","","","OK","","",""
"36","yourtotalsavings.com","2020-05-10 06:13:33","2020-05-07","2020-05-07","2021-05-07","1671","MidWestDomains, LLC","whois.dotmobiregistry.net","http://www.networksolutions.com","New Ventures Services, Corp","New Ventures Services, Corp","PO BOX 459 Drums","Drums","PA","18222","United States","admin@newvcorp.com","+1.8558971723","","New Ventures Services, Corp","New Ventures Services, Corp","PO BOX 459 Drums","Drums","PA","18222","United States","admin@newvcorp.com","+1.8558971723","","New Ventures Services, Corp","New Ventures Services, Corp","PO BOX 459 Drums","Drums","PA","18222","United States","admin@newvcorp.com","+1.8558971723","","","","","","","","","","","","ns1626.ztomy.com","ns2626.ztomy.com","","","OK","","",""
"37","zhejianghm.com","2020-05-10 03:53:34","2020-05-07","2020-05-08","2021-05-07","1671","MidWestDomains, LLC","whois.dotmobiregistry.net","http://www.networksolutions.com","ying long","longying","kailishi,yanjianglu,230hao,4dong,2danyuan,4lou8hao","qiandongnanmiaozudongzuzizhizhou","guizhou","556000","China","lb6612@126.com","+86.13011296037","+86.13011296037","ying long","longying","kailishi,yanjianglu,230hao,4dong,2danyuan,4lou8hao","qiandongnanmiaozudongzuzizhizhou","guizhou","556000","China","lb6612@126.com","+86.13011296037","+86.13011296037","ying long","longying","kailishi,yanjianglu,230hao,4dong,2danyuan,4lou8hao","qiandongnanmiaozudongzuzizhizhou","guizhou","556000","China","lb6612@126.com","+86.13011296037","+86.13011296037","","","","","","","","","","","jm1.dns.com","jm2.dns.com","","","OK","","",""