"num","domain_name","query_time","create_date","update_date","expiry_date","domain_registrar_id","domain_registrar_name","domain_registrar_whois","domain_registrar_url","registrant_name","registrant_company","registrant_address","registrant_city","registrant_state","registrant_zip","registrant_country","registrant_email","registrant_phone","registrant_fax","administrative_name","administrative_company","administrative_address","administrative_city","administrative_state","administrative_zip","administrative_country","administrative_email","administrative_phone","administrative_fax","technical_name","technical_company","technical_address","technical_city","technical_state","technical_zip","technical_country","technical_email","technical_phone","technical_fax","billing_name","billing_company","billing_address","billing_city","billing_state","billing_zip","billing_country","billing_email","billing_phone","billing_fax","name_server_1","name_server_2","name_server_3","name_server_4","domain_status_1","domain_status_2","domain_status_3","domain_status_4"
"1","android-spy.com","2020-05-10 06:03:48","2020-05-07","2020-05-07","2021-05-07","2266","Pink Elephant Domains, LLC","whois.pinkelephantdomains.com","http://www.pinkelephantdomains.com","Jianfeng Wu Juming","","Luyang District, Fortune Plaza No. 1107 First","Hefeishi","ANHUISHENG","230001","China","temp@juming.com","+1.864009972996","","Jianfeng Wu Juming","","Luyang District, Fortune Plaza No. 1107 First","Hefeishi","ANHUISHENG","230001","China","temp@juming.com","+1.864009972996","","Jianfeng Wu Juming","","Luyang District, Fortune Plaza No. 1107 First","Hefeishi","ANHUISHENG","230001","China","temp@juming.com","+1.864009972996","","","","","","","","","","","","v1.juming-xz.com","v1.xz-juming.com","","","OK","","",""
"2","chgintertrading.com","2020-05-10 06:10:51","2020-05-07","2020-05-07","2021-05-07","2266","Pink Elephant Domains, LLC","whois.pinkelephantdomains.com","http://www.pinkelephantdomains.com","Jianfeng Wu Juming","","Luyang District, Fortune Plaza No. 1107 First","Hefeishi","ANHUISHENG","230001","China","temp@juming.com","+1.864009972996","","Jianfeng Wu Juming","","Luyang District, Fortune Plaza No. 1107 First","Hefeishi","ANHUISHENG","230001","China","temp@juming.com","+1.864009972996","","Jianfeng Wu Juming","","Luyang District, Fortune Plaza No. 1107 First","Hefeishi","ANHUISHENG","230001","China","temp@juming.com","+1.864009972996","","","","","","","","","","","","v1.juming-xz.com","v1.xz-juming.com","","","OK","","",""
"3","deepeningwitchcraft.com","2020-05-10 06:18:01","2020-05-07","2020-05-08","2021-05-07","2266","Pink Elephant Domains, LLC","whois.pinkelephantdomains.com","http://www.pinkelephantdomains.com","PERFECT PRIVACY, LLC","","5335 Gate Parkway","Jacksonville","FL","32256","United States","4opsr7hjraht18mjj78e12hj2q@domaindiscreet.com","+1.9027492701","","PERFECT PRIVACY, LLC","","5335 Gate Parkway","Jacksonville","FL","32256","United States","4opsr7hjraht18mjj78e12hj2q@domaindiscreet.com","+1.9027492701","","PERFECT PRIVACY, LLC","","5335 Gate Parkway","Jacksonville","FL","32256","United States","4opsr7hjraht18mjj78e12hj2q@domaindiscreet.com","+1.9027492701","","","","","","","","","","","","ns1.dnsnuts.com","ns2.dnsnuts.com","","","OK","","",""
"4","goldshineinc.com","2020-05-10 03:43:55","2020-05-07","2020-05-08","2021-05-07","2266","Pink Elephant Domains, LLC","whois.pinkelephantdomains.com","http://www.pinkelephantdomains.com","long li","li long","long hua qu, guo mao da dao 24 hao, hai ya da sha","hai kou shi","hai nan","570100","China","yibo20200214@qq.com","+86.08983202114","+86.08983202114","long li","li long","long hua qu, guo mao da dao 24 hao, hai ya da sha","hai kou shi","hai nan","570100","China","yibo20200214@qq.com","+86.08983202114","+86.08983202114","long li","li long","long hua qu, guo mao da dao 24 hao, hai ya da sha","hai kou shi","hai nan","570100","China","yibo20200214@qq.com","+86.08983202114","+86.08983202114","","","","","","","","","","","v1.juming-xz.com","v1.xz-juming.com","","","OK","","",""
"5","royalnights.com","2020-05-10 06:12:30","2020-05-07","2020-05-07","2021-05-07","2266","Pink Elephant Domains, LLC","whois.pinkelephantdomains.com","http://www.pinkelephantdomains.com","Domain Administrator","SK Creations, Inc.","215 W Riverside Dr #1832","Estes Park","CO","80517","United States","support@onlineresults.com","+1.9702352061","","Domain Administrator","SK Creations, Inc.","215 W Riverside Dr #1832","Estes Park","CO","80517","United States","support@onlineresults.com","+1.9702352061","","Domain Administrator","SK Creations, Inc.","215 W Riverside Dr #1832","Estes Park","CO","80517","United States","support@onlineresults.com","+1.9702352061","","","","","","","","","","","","ns1.undeveloped.com","ns2.undeveloped.com","","","OK","","",""