"num","domain_name","query_time","create_date","update_date","expiry_date","domain_registrar_id","domain_registrar_name","domain_registrar_whois","domain_registrar_url","registrant_name","registrant_company","registrant_address","registrant_city","registrant_state","registrant_zip","registrant_country","registrant_email","registrant_phone","registrant_fax","administrative_name","administrative_company","administrative_address","administrative_city","administrative_state","administrative_zip","administrative_country","administrative_email","administrative_phone","administrative_fax","technical_name","technical_company","technical_address","technical_city","technical_state","technical_zip","technical_country","technical_email","technical_phone","technical_fax","billing_name","billing_company","billing_address","billing_city","billing_state","billing_zip","billing_country","billing_email","billing_phone","billing_fax","name_server_1","name_server_2","name_server_3","name_server_4","domain_status_1","domain_status_2","domain_status_3","domain_status_4"
"1","3rstaffing.com","2020-05-10 05:59:35","2020-05-07","2020-05-07","2021-05-07","123","The Registry at Info Avenue, LLC d/b/a Spirit Communications","whois.iaregistry.com","http://www.spiritdomains.com","Great Domain for Sale","SS ltd.","9670 FRANKWOOD DR","RENO","Nevada","89521-4034","United States","yimkb@hotmail.com","+1.2067429828","","Great Domain for Sale","SS ltd.","9670 FRANKWOOD DR","RENO","Nevada","89521-4034","United States","yimkb@hotmail.com","+1.2067429828","","Great Domain for Sale","SS ltd.","9670 FRANKWOOD DR","RENO","Nevada","89521-4034","United States","yimkb@hotmail.com","+1.2067429828","","","","","","","","","","","","dns1.spiritdomains.com","dns2.spiritdomains.com","dns3.spiritdomains.com","dns4.spiritdomains.com","clientTransferProhibited","","",""
"2","airplant.biz","2020-05-10 15:49:30","2020-05-07","2020-05-07","2021-05-07","123","The Registry at Info Avenue, LLC d/b/a Spirit Communications","whois.iaregistry.com","http://www.spiritdomains.com","STI","STI","","","California","","United States","","","","","","","","","","","","","","","","","","","","","","","","","","","","","","","","","","hns3.sti.net","hns4.sti.net","","","addPeriod","clientTransferProhibited","",""
"3","hypocriticaltimes.com","2020-05-10 06:02:51","2020-05-07","2020-05-07","2021-05-07","123","The Registry at Info Avenue, LLC d/b/a Spirit Communications","whois.iaregistry.com","http://www.spiritdomains.com","Winn Griffin","The GriffinGird 1","13110 NE 177th Pl Suite B101-400","Woodinville","Washington","98072","United States","domains@griffingrid.com","+1.4257889883","","Winn Griffin","The GriffinGird 1","13110 NE 177th Pl Suite B101-400","Woodinville","Washington","98072","United States","domains@griffingrid.com","+1.4257889883","","Winn Griffin","The GriffinGird 1","13110 NE 177th Pl Suite B101-400","Woodinville","Washington","98072","United States","domains@griffingrid.com","+1.4257889883","","","","","","","","","","","","dns1.spiritdomains.com","dns2.spiritdomains.com","dns3.spiritdomains.com","dns4.spiritdomains.com","clientTransferProhibited","","",""
"4","jefederaza.com","2020-05-10 03:08:03","2020-05-08","2020-05-08","2021-05-08","123","The Registry at Info Avenue, LLC d/b/a Spirit Communications","whois.iaregistry.com","http://www.spiritdomains.com","NESTOR MANRIQUEZ","AGROVERDI WINES","AV. AMERICO VESPUCIO 2880 OF 302","SANTIAGO","Region Metropolitanade Santiago","8320000","Chile","nestor.manriquez@agroverdi.cl","+56.226244811","","NESTOR MANRIQUEZ","AGROVERDI WINES","AV. AMERICO VESPUCIO 2880 OF 302","SANTIAGO","Region Metropolitanade Santiago","8320000","Chile","nestor.manriquez@agroverdi.cl","+56.226244811","","NESTOR MANRIQUEZ","AGROVERDI WINES","AV. AMERICO VESPUCIO 2880 OF 302","SANTIAGO","Region Metropolitanade Santiago","8320000","Chile","nestor.manriquez@agroverdi.cl","+56.226244811","","","","","","","","","","","","dns1.spiritdomains.com","dns2.spiritdomains.com","dns3.spiritdomains.com","dns4.spiritdomains.com","clientTransferProhibited","","",""
"5","maturewinery.com","2020-05-10 03:08:18","2020-05-08","2020-05-08","2021-05-08","123","The Registry at Info Avenue, LLC d/b/a Spirit Communications","whois.iaregistry.com","http://www.spiritdomains.com","NESTOR MANRIQUEZ","AGROVERDI WINES","AV. AMERICO VESPUCIO 2880 OF 302","SANTIAGO","Region Metropolitanade Santiago","8320000","Chile","nestor.manriquez@agroverdi.cl","+56.226244811","","NESTOR MANRIQUEZ","AGROVERDI WINES","AV. AMERICO VESPUCIO 2880 OF 302","SANTIAGO","Region Metropolitanade Santiago","8320000","Chile","nestor.manriquez@agroverdi.cl","+56.226244811","","NESTOR MANRIQUEZ","AGROVERDI WINES","AV. AMERICO VESPUCIO 2880 OF 302","SANTIAGO","Region Metropolitanade Santiago","8320000","Chile","nestor.manriquez@agroverdi.cl","+56.226244811","","","","","","","","","","","","dns1.spiritdomains.com","dns2.spiritdomains.com","dns3.spiritdomains.com","dns4.spiritdomains.com","clientTransferProhibited","","",""
"6","mjreyarttech.com","2020-05-10 06:02:50","2020-05-07","2020-05-07","2021-05-07","123","The Registry at Info Avenue, LLC d/b/a Spirit Communications","whois.iaregistry.com","http://www.spiritdomains.com","Domain Admin","Privacy Protect, LLC (PrivacyProtect.org)","10 Corporate Drive","Burlington","MA","01803","United States","contact@privacyprotect.org","+1.8022274003","","Domain Admin","Privacy Protect, LLC (PrivacyProtect.org)","10 Corporate Drive","Burlington","MA","01803","United States","contact@privacyprotect.org","+1.8022274003","","Domain Admin","Privacy Protect, LLC (PrivacyProtect.org)","10 Corporate Drive","Burlington","MA","01803","United States","contact@privacyprotect.org","+1.8022274003","","","","","","","","","","","","ns1.supercp.com","ns2.supercp.com","","","clientTransferProhibited","","",""
"7","pagmiams.com","2020-05-10 03:29:17","2020-05-08","2020-05-08","2021-05-08","123","The Registry at Info Avenue, LLC d/b/a Spirit Communications","whois.iaregistry.com","http://www.spiritdomains.com","Abubakar Muhammad","Pagmi","Bayan kara area Birnin Kebbi, Kebbi State, Nigeria.","Birnin Kebbi","Kebbi","860231","Nigeria","abubakar.hashim@fubk.edu.ng","+234.07067779549","","Abubakar Muhammad","Pagmi","Bayan kara area Birnin Kebbi, Kebbi State, Nigeria.","Birnin Kebbi","Kebbi","860231","Nigeria","abubakar.hashim@fubk.edu.ng","+234.07067779549","","Abubakar Muhammad","Pagmi","Bayan kara area Birnin Kebbi, Kebbi State, Nigeria.","Birnin Kebbi","Kebbi","860231","Nigeria","abubakar.hashim@fubk.edu.ng","+234.07067779549","","","","","","","","","","","","ns12.utiware.net","ns13.utiware.net","","","clientTransferProhibited","","",""
"8","pioneeriganmucooperative.com","2020-05-10 04:29:01","2020-05-08","2020-05-08","2021-05-08","123","The Registry at Info Avenue, LLC d/b/a Spirit Communications","whois.iaregistry.com","http://www.spiritdomains.com","Oni Oluyemi","Eplux software","4 Dele Ajayi Close,Egbeda Lagos Plot 2,Abebe Village Road,Iganmu,Lagos.","Lagos","lagos","100001","Nigeria","yemirogg@hotmail.com","+234.8054722035","","Oni Oluyemi","Eplux software","4 Dele Ajayi Close,Egbeda Lagos Plot 2,Abebe Village Road,Iganmu,Lagos.","Lagos","lagos","100001","Nigeria","yemirogg@hotmail.com","+234.8054722035","","Oni Oluyemi","Eplux software","4 Dele Ajayi Close,Egbeda Lagos Plot 2,Abebe Village Road,Iganmu,Lagos.","Lagos","lagos","100001","Nigeria","yemirogg@hotmail.com","+234.8054722035","","","","","","","","","","","","ns12.utiware.net","ns13.utiware.net","","","clientTransferProhibited","","",""
"9","telamedicare.com","2020-05-10 06:27:12","2020-05-07","2020-05-07","2021-05-07","123","The Registry at Info Avenue, LLC d/b/a Spirit Communications","whois.iaregistry.com","http://www.spiritdomains.com","George Kleanthis","","3107 Aviara Court","Naperville","","60564","United States","support@hmcdirect.com","+1.6309602200","+1.6309602260","George Kleanthis","","3107 Aviara Court","Naperville","","60564","United States","support@hmcdirect.com","+1.6309602200","+1.6309602260","George Kleanthis","","3107 Aviara Court","Naperville","","60564","United States","support@hmcdirect.com","+1.6309602200","+1.6309602260","","","","","","","","","","","dns1.spiritdomains.com","dns2.spiritdomains.com","dns3.spiritdomains.com","dns4.spiritdomains.com","clientTransferProhibited","","",""
"10","wv-landscaping.com","2020-05-10 03:16:24","2020-05-08","2020-05-08","2021-05-08","123","The Registry at Info Avenue, LLC d/b/a Spirit Communications","whois.iaregistry.com","http://www.spiritdomains.com","Carlos Martinez","SecureIT","Guatemala","Guatemala","Escuintla","01009","Guatemala","charly@c.net.gt","+502.40026482","","Carlos Martinez","SecureIT","Guatemala","Guatemala","Escuintla","01009","Guatemala","charly@c.net.gt","+502.40026482","","Carlos Martinez","SecureIT","Guatemala","Guatemala","Escuintla","01009","Guatemala","charly@c.net.gt","+502.40026482","","","","","","","","","","","","dns1.spiritdomains.com","dns2.spiritdomains.com","dns3.spiritdomains.com","dns4.spiritdomains.com","clientTransferProhibited","","",""