"num","domain_name","query_time","create_date","update_date","expiry_date","domain_registrar_id","domain_registrar_name","domain_registrar_whois","domain_registrar_url","registrant_name","registrant_company","registrant_address","registrant_city","registrant_state","registrant_zip","registrant_country","registrant_email","registrant_phone","registrant_fax","administrative_name","administrative_company","administrative_address","administrative_city","administrative_state","administrative_zip","administrative_country","administrative_email","administrative_phone","administrative_fax","technical_name","technical_company","technical_address","technical_city","technical_state","technical_zip","technical_country","technical_email","technical_phone","technical_fax","billing_name","billing_company","billing_address","billing_city","billing_state","billing_zip","billing_country","billing_email","billing_phone","billing_fax","name_server_1","name_server_2","name_server_3","name_server_4","domain_status_1","domain_status_2","domain_status_3","domain_status_4"
"1","alexanderjohnsonng.com","2020-05-10 02:24:44","2020-05-08","2020-05-08","2021-05-08","1749","Upperlink Limited","whois.upperlink.ng","http://domains.upperlink.ng","David Alfred","Digital CLouds","12, Allen avenue ikeja","Ikeja","Lagos","110001","Nigeria","davidalfred4@gmail.com","+234.8063062402","","David Alfred","Digital CLouds","12, Allen avenue ikeja","Ikeja","Lagos","110001","Nigeria","davidalfred4@gmail.com","+234.8063062402","","David Alfred","Digital CLouds","12, Allen avenue ikeja","Ikeja","Lagos","110001","Nigeria","davidalfred4@gmail.com","+234.8063062402","","","","","","","","","","","","ns1.upperserver18.com","ns2.upperserver18.com","","","clientTransferProhibited","","",""
"2","mikeozekhomeschambers.com","2020-05-10 05:20:39","2020-05-07","2020-05-07","2022-05-07","1749","Upperlink Limited","whois.upperlink.ng","http://domains.upperlink.ng","Alexander Nwaogwugwu","Datalex Limited","108 Ojuelegba Road","Surulere","Lagos","100001","Nigeria","info@datalexnetwork.com","+234.8000000000","","Alexander Nwaogwugwu","Datalex Limited","108 Ojuelegba Road","Surulere","Lagos","100001","Nigeria","info@datalexnetwork.com","+234.8000000000","","Alexander Nwaogwugwu","Datalex Limited","108 Ojuelegba Road","Surulere","Lagos","100001","Nigeria","info@datalexnetwork.com","+234.8000000000","","","","","","","","","","","","ns2.upperserver29.com","ns39.boxsecured.com","","","clientTransferProhibited","","",""
"3","multispreadng.com","2020-05-10 03:20:52","2020-05-08","2020-05-08","2021-05-08","1749","Upperlink Limited","whois.upperlink.ng","http://domains.upperlink.ng","OTHUKE JOHNNY","DOTLINE DIGITAL TECHNONLOGIES","Avenue","ALIMOSHO","Lagos","110001","Nigeria","tegi4inc@gmail.com","+234.0706602945","","OTHUKE JOHNNY","DOTLINE DIGITAL TECHNONLOGIES","Avenue","ALIMOSHO","Lagos","110001","Nigeria","tegi4inc@gmail.com","+234.0706602945","","OTHUKE JOHNNY","DOTLINE DIGITAL TECHNONLOGIES","Avenue","ALIMOSHO","Lagos","110001","Nigeria","tegi4inc@gmail.com","+234.0706602945","","","","","","","","","","","","ns1.dotlinehost.co.uk","ns2.dotlinehost.co.uk","","","clientTransferProhibited","","",""
"4","questofficeng.com","2020-05-10 05:22:12","2020-05-07","2020-05-07","2021-05-07","1749","Upperlink Limited","whois.upperlink.ng","http://domains.upperlink.ng","Olushola Odejobi","Podconsulting Nigeria Limited","02, Karonwi Street, Ijaiye Ojokoro, Lagos.","Alimosho","Lagos","110001","Nigeria","odejobi.olushola@kayaafrica.co","+234.8022440810","","Olushola Odejobi","Podconsulting Nigeria Limited","02, Karonwi Street, Ijaiye Ojokoro, Lagos.","Alimosho","Lagos","110001","Nigeria","odejobi.olushola@kayaafrica.co","+234.8022440810","","Olushola Odejobi","Podconsulting Nigeria Limited","02, Karonwi Street, Ijaiye Ojokoro, Lagos.","Alimosho","Lagos","110001","Nigeria","odejobi.olushola@kayaafrica.co","+234.8022440810","","","","","","","","","","","","ns1.upperserver18.com","ns2.upperserver18.com","","","clientTransferProhibited","","",""
"5","shopsafeghana.com","2020-05-10 03:26:46","2020-05-08","2020-05-08","2021-05-08","1749","Upperlink Limited","whois.upperlink.ng","http://domains.upperlink.ng","Abdullahi  Ismail","Shopsafe","Mando Mando","Mando","Kaduba","800283","Nigeria","abdulhena090@gmail.com","+234.7044028958","","Abdullahi  Ismail","Shopsafe","Mando Mando","Mando","Kaduba","800283","Nigeria","abdulhena090@gmail.com","+234.7044028958","","Abdullahi  Ismail","Shopsafe","Mando Mando","Mando","Kaduba","800283","Nigeria","abdulhena090@gmail.com","+234.7044028958","","","","","","","","","","","","dns1.namecheaphosting.com","dns2.namecheaphosting.com","","","clientTransferProhibited","","",""
"6","themarathonlive.com","2020-05-10 02:02:44","2020-05-08","2020-05-08","2021-05-08","1749","Upperlink Limited","whois.upperlink.ng","http://domains.upperlink.ng","Mark Aniemeka","","13, rasaq eletu way, osapa london","Lekki","Lagos","110001","Nigeria","mark@xtradot.ng","+234.8060461904","","Mark Aniemeka","","13, rasaq eletu way, osapa london","Lekki","Lagos","110001","Nigeria","mark@xtradot.ng","+234.8060461904","","Mark Aniemeka","","13, rasaq eletu way, osapa london","Lekki","Lagos","110001","Nigeria","mark@xtradot.ng","+234.8060461904","","","","","","","","","","","","ns1.brunobugatti.com","ns2.brunobugatti.com","","","clientTransferProhibited","","",""