"num","domain_name","query_time","create_date","update_date","expiry_date","domain_registrar_id","domain_registrar_name","domain_registrar_whois","domain_registrar_url","registrant_name","registrant_company","registrant_address","registrant_city","registrant_state","registrant_zip","registrant_country","registrant_email","registrant_phone","registrant_fax","administrative_name","administrative_company","administrative_address","administrative_city","administrative_state","administrative_zip","administrative_country","administrative_email","administrative_phone","administrative_fax","technical_name","technical_company","technical_address","technical_city","technical_state","technical_zip","technical_country","technical_email","technical_phone","technical_fax","billing_name","billing_company","billing_address","billing_city","billing_state","billing_zip","billing_country","billing_email","billing_phone","billing_fax","name_server_1","name_server_2","name_server_3","name_server_4","domain_status_1","domain_status_2","domain_status_3","domain_status_4"
"1","51la.wang","2020-05-10 08:43:02","2020-05-07","2020-05-08","2021-05-07","1366","Xiamen ChinaSource Internet Service Co., Ltd.","whois.cnolnic.com","http://www.zzy.cn","??","??","???????????????194?","??","??","432012","China","88418782@qq.com","+86.075487734685","+86.075487734685","??","??","???????????????194?","??","??","432012","China","88418782@qq.com","+86.075487734685","+86.075487734685","??","??","???????????????194?","??","??","432012","China","88418782@qq.com","+86.075487734685","+86.075487734685","","","","","","","","","","","f1g1ns1.dnspod.net","f1g1ns2.dnspod.net","","","addPeriod","clientTransferProhibited","",""
"2","accessories.today","2020-05-10 08:43:56","2020-05-06","2020-05-08","2021-05-06","1366","Xiamen ChinaSource Internet Service Co., Ltd.","whois.cnolnic.com","http://www.zzy.cn","REDACTED FOR PRIVACY","Danping","REDACTED FOR PRIVACY","REDACTED FOR PRIVACY","Guangdong","REDACTED FOR PRIVACY","China","","REDACTED FOR PRIVACY","REDACTED FOR PRIVACY","","","","","","","","","","","","","","","","","","","","","","","","","","","","","","","","","","","addPeriod","clientTransferProhibited","",""
"3","cyberpunk.world","2020-05-10 08:32:58","2020-05-08","2020-05-08","2021-05-08","1366","Xiamen ChinaSource Internet Service Co., Ltd.","whois.cnolnic.com","http://www.zzy.cn","REDACTED FOR PRIVACY","Wangxiaoqin","REDACTED FOR PRIVACY","REDACTED FOR PRIVACY","Jiangsu","REDACTED FOR PRIVACY","China","","REDACTED FOR PRIVACY","REDACTED FOR PRIVACY","","","","","","","","","","","","","","","","","","","","","","","","","","","","","","","","","","","addPeriod","clientTransferProhibited","",""
"4","donate.today","2020-05-10 08:43:55","2020-05-03","2020-05-08","2021-05-03","1366","Xiamen ChinaSource Internet Service Co., Ltd.","whois.cnolnic.com","http://www.zzy.cn","REDACTED FOR PRIVACY","Caofeng","REDACTED FOR PRIVACY","REDACTED FOR PRIVACY","Others","REDACTED FOR PRIVACY","China","","REDACTED FOR PRIVACY","REDACTED FOR PRIVACY","","","","","","","","","","","","","","","","","","","","","","","","","","","","","","","","","","","clientTransferProhibited","","",""
"5","engineers.wang","2020-05-10 08:43:02","2020-05-07","2020-05-08","2021-05-07","1366","Xiamen ChinaSource Internet Service Co., Ltd.","whois.cnolnic.com","http://www.zzy.cn","??","??","???????????????194?","??","??","432012","China","88418782@qq.com","+86.075487734685","+86.075487734685","??","??","???????????????194?","??","??","432012","China","88418782@qq.com","+86.075487734685","+86.075487734685","??","??","???????????????194?","??","??","432012","China","88418782@qq.com","+86.075487734685","+86.075487734685","","","","","","","","","","","f1g1ns1.dnspod.net","f1g1ns2.dnspod.net","","","addPeriod","clientTransferProhibited","",""
"6","folio.world","2020-05-10 08:32:56","2020-05-07","2020-05-07","2021-05-07","1366","Xiamen ChinaSource Internet Service Co., Ltd.","whois.cnolnic.com","http://www.zzy.cn","REDACTED FOR PRIVACY","Wangxiaoqin","REDACTED FOR PRIVACY","REDACTED FOR PRIVACY","Jiangsu","REDACTED FOR PRIVACY","China","","REDACTED FOR PRIVACY","REDACTED FOR PRIVACY","","","","","","","","","","","","","","","","","","","","","","","","","","","","","","","","","","","addPeriod","clientTransferProhibited","",""
"7","grin.team","2020-05-10 01:22:16","2020-05-06","2020-05-08","2021-05-06","1366","Xiamen ChinaSource Internet Service Co., Ltd.","whois.cnolnic.com","http://www.zzy.cn","REDACTED FOR PRIVACY","Caofeng","REDACTED FOR PRIVACY","REDACTED FOR PRIVACY","Others","REDACTED FOR PRIVACY","China","","REDACTED FOR PRIVACY","REDACTED FOR PRIVACY","","","","","","","","","","","","","","","","","","","","","","","","","","","","","","","","","","","addPeriod","clientTransferProhibited","",""
"8","holiday.today","2020-05-10 08:43:55","2020-05-04","2020-05-09","2021-05-04","1366","Xiamen ChinaSource Internet Service Co., Ltd.","whois.cnolnic.com","http://www.zzy.cn","REDACTED FOR PRIVACY","Wangxiaoqin","REDACTED FOR PRIVACY","REDACTED FOR PRIVACY","Jiangsu","REDACTED FOR PRIVACY","China","","REDACTED FOR PRIVACY","REDACTED FOR PRIVACY","","","","","","","","","","","","","","","","","","","","","","","","","","","","","","","","","","","clientTransferProhibited","","",""
"9","homecare.today","2020-05-10 08:43:55","2020-05-07","2020-05-07","2021-05-07","1366","Xiamen ChinaSource Internet Service Co., Ltd.","whois.cnolnic.com","http://www.zzy.cn","REDACTED FOR PRIVACY","Caofeng","REDACTED FOR PRIVACY","REDACTED FOR PRIVACY","Others","REDACTED FOR PRIVACY","China","","REDACTED FOR PRIVACY","REDACTED FOR PRIVACY","","","","","","","","","","","","","","","","","","","","","","","","","","","","","","","","","","","addPeriod","clientTransferProhibited","",""
"10","keyword.world","2020-05-10 08:32:56","2020-05-07","2020-05-07","2021-05-07","1366","Xiamen ChinaSource Internet Service Co., Ltd.","whois.cnolnic.com","http://www.zzy.cn","REDACTED FOR PRIVACY","Wangxiaoqin","REDACTED FOR PRIVACY","REDACTED FOR PRIVACY","Jiangsu","REDACTED FOR PRIVACY","China","","REDACTED FOR PRIVACY","REDACTED FOR PRIVACY","","","","","","","","","","","","","","","","","","","","","","","","","","","","","","","","","","","addPeriod","clientTransferProhibited","",""
"11","kill.team","2020-05-10 01:22:16","2020-05-05","2020-05-07","2021-05-05","1366","Xiamen ChinaSource Internet Service Co., Ltd.","whois.cnolnic.com","http://www.zzy.cn","REDACTED FOR PRIVACY","Wangxiaoqin","REDACTED FOR PRIVACY","REDACTED FOR PRIVACY","Jiangsu","REDACTED FOR PRIVACY","China","","REDACTED FOR PRIVACY","REDACTED FOR PRIVACY","","","","","","","","","","","","","","","","","","","","","","","","","","","","","","","","","","","addPeriod","clientTransferProhibited","",""
"12","klima.zone","2020-05-10 06:30:56","2020-05-07","2020-05-09","2021-05-07","1366","Xiamen ChinaSource Internet Service Co., Ltd.","whois.cnolnic.com","http://www.zzy.cn","REDACTED FOR PRIVACY","CharlesLee","REDACTED FOR PRIVACY","REDACTED FOR PRIVACY","Fujian","REDACTED FOR PRIVACY","China","","REDACTED FOR PRIVACY","REDACTED FOR PRIVACY","","","","","","","","","","","","","","","","","","","","","","","","","","","","","","","","","","","addPeriod","clientTransferProhibited","",""
"13","livingjz.wang","2020-05-10 08:43:02","2020-05-04","2020-05-08","2021-05-04","1366","Xiamen ChinaSource Internet Service Co., Ltd.","whois.cnolnic.com","http://www.zzy.cn","??","??","???????????????194?","??","??","432012","China","88418782@qq.com","+86.075487734685","+86.075487734685","??","??","???????????????194?","??","??","432012","China","88418782@qq.com","+86.075487734685","+86.075487734685","??","??","???????????????194?","??","??","432012","China","88418782@qq.com","+86.075487734685","+86.075487734685","","","","","","","","","","","f1g1ns1.dnspod.net","f1g1ns2.dnspod.net","","","clientTransferProhibited","","",""
"14","marvel.team","2020-05-10 01:22:16","2020-05-04","2020-05-09","2021-05-04","1366","Xiamen ChinaSource Internet Service Co., Ltd.","whois.cnolnic.com","http://www.zzy.cn","REDACTED FOR PRIVACY","Wangxiaoqin","REDACTED FOR PRIVACY","REDACTED FOR PRIVACY","Jiangsu","REDACTED FOR PRIVACY","China","","REDACTED FOR PRIVACY","REDACTED FOR PRIVACY","","","","","","","","","","","","","","","","","","","","","","","","","","","","","","","","","","","clientTransferProhibited","","",""
"15","texas.today","2020-05-10 08:43:54","2020-05-05","2020-05-07","2021-05-05","1366","Xiamen ChinaSource Internet Service Co., Ltd.","whois.cnolnic.com","http://www.zzy.cn","REDACTED FOR PRIVACY","Wangxiaoqin","REDACTED FOR PRIVACY","REDACTED FOR PRIVACY","Jiangsu","REDACTED FOR PRIVACY","China","","REDACTED FOR PRIVACY","REDACTED FOR PRIVACY","","","","","","","","","","","","","","","","","","","","","","","","","","","","","","","","","","","addPeriod","clientTransferProhibited","",""