"num","domain_name","query_time","create_date","update_date","expiry_date","domain_registrar_id","domain_registrar_name","domain_registrar_whois","domain_registrar_url","registrant_name","registrant_company","registrant_address","registrant_city","registrant_state","registrant_zip","registrant_country","registrant_email","registrant_phone","registrant_fax","administrative_name","administrative_company","administrative_address","administrative_city","administrative_state","administrative_zip","administrative_country","administrative_email","administrative_phone","administrative_fax","technical_name","technical_company","technical_address","technical_city","technical_state","technical_zip","technical_country","technical_email","technical_phone","technical_fax","billing_name","billing_company","billing_address","billing_city","billing_state","billing_zip","billing_country","billing_email","billing_phone","billing_fax","name_server_1","name_server_2","name_server_3","name_server_4","domain_status_1","domain_status_2","domain_status_3","domain_status_4"
"1","51302436.com","2020-05-10 06:27:20","2020-05-08","2020-05-08","2021-05-08","2805","Zhengzhou Century Connect Electronic Technology Development Co., Ltd","whois.reg.cn","http://www.reg.cn","","","","Sui Hua Shi","Hei Long Jiang Sheng","","","","","","","","","","","","","","","","","","","","","","","","","","","","","","","","","","","","dm1.dns.com","dm2.dns.com","","","OK","","",""
"2","aiyaye.com","2020-05-10 04:51:46","2020-05-08","2020-05-08","2021-05-08","2805","Zhengzhou Century Connect Electronic Technology Development Co., Ltd","whois.reg.cn","http://www.reg.cn","","","","hang zhou shi","zhe jiang sheng","","","","","","","","","","","","","","","","","","","","","","","","","","","","","","","","","","","","dm1.dns.com","dm2.dns.com","","","OK","","",""
"3","b88125b.com","2020-05-10 04:30:25","2020-05-08","2020-05-08","2021-05-08","2805","Zhengzhou Century Connect Electronic Technology Development Co., Ltd","whois.reg.cn","http://www.reg.cn","","","","Shang Rao Shi","Jiang Xi Sheng","","","","","","","","","","","","","","","","","","","","","","","","","","","","","","","","","","","","dm1.dns.com","dm2.dns.com","","","OK","","",""
"4","beijingyxzl.com","2020-05-10 06:27:21","2020-05-08","2020-05-08","2021-05-08","2805","Zhengzhou Century Connect Electronic Technology Development Co., Ltd","whois.reg.cn","http://www.reg.cn","","","","Sui Hua Shi","Hei Long Jiang Sheng","","","","","","","","","","","","","","","","","","","","","","","","","","","","","","","","","","","","dm1.dns.com","dm2.dns.com","","","OK","","",""
"5","boomookids.com","2020-05-10 06:13:36","2020-05-08","2020-05-08","2021-05-08","2805","Zhengzhou Century Connect Electronic Technology Development Co., Ltd","whois.reg.cn","http://www.reg.cn","","","","Shen ZhenShi","Guang Dong Sheng","","","","","","","","","","","","","","","","","","","","","","","","","","","","","","","","","","","","dm1.dns.com","dm2.dns.com","","","OK","","",""
"6","bst2021.com","2020-05-10 02:16:41","2020-05-08","2020-05-08","2021-05-08","2805","Zhengzhou Century Connect Electronic Technology Development Co., Ltd","whois.reg.cn","http://www.reg.cn","","","","Shang Rao Shi","Jiang Xi Sheng","","","","","","","","","","","","","","","","","","","","","","","","","","","","","","","","","","","","dm1.dns.com","dm2.dns.com","","","OK","","",""
"7","bstcity.com","2020-05-10 04:33:04","2020-05-08","2020-05-08","2021-05-08","2805","Zhengzhou Century Connect Electronic Technology Development Co., Ltd","whois.reg.cn","http://www.reg.cn","","","","Shang Rao Shi","Jiang Xi Sheng","","","","","","","","","","","","","","","","","","","","","","","","","","","","","","","","","","","","dm1.dns.com","dm2.dns.com","","","OK","","",""
"8","bstplay.com","2020-05-10 02:15:46","2020-05-08","2020-05-08","2021-05-08","2805","Zhengzhou Century Connect Electronic Technology Development Co., Ltd","whois.reg.cn","http://www.reg.cn","","","","Shang Rao Shi","Jiang Xi Sheng","","","","","","","","","","","","","","","","","","","","","","","","","","","","","","","","","","","","dm1.dns.com","dm2.dns.com","","","OK","","",""
"9","caboyu.com","2020-05-10 04:30:49","2020-05-08","2020-05-08","2021-05-08","2805","Zhengzhou Century Connect Electronic Technology Development Co., Ltd","whois.reg.cn","http://www.reg.cn","","","","Shang Rao Shi","Jiang Xi Sheng","","","","","","","","","","","","","","","","","","","","","","","","","","","","","","","","","","","","dm1.dns.com","dm2.dns.com","","","OK","","",""
"10","candyga7.com","2020-05-10 04:34:16","2020-05-08","2020-05-08","2021-05-08","2805","Zhengzhou Century Connect Electronic Technology Development Co., Ltd","whois.reg.cn","http://www.reg.cn","","","","Shang Rao Shi","Jiang Xi Sheng","","","","","","","","","","","","","","","","","","","","","","","","","","","","","","","","","","","","dm1.dns.com","dm2.dns.com","","","OK","","",""
"11","carriecrossley.com","2020-05-10 06:13:32","2020-05-08","2020-05-08","2021-05-08","2805","Zhengzhou Century Connect Electronic Technology Development Co., Ltd","whois.reg.cn","http://www.reg.cn","","","","Shen ZhenShi","Guang Dong Sheng","","","","","","","","","","","","","","","","","","","","","","","","","","","","","","","","","","","","dm1.dns.com","dm2.dns.com","","","OK","","",""
"12","cieszywh.com","2020-05-10 06:27:20","2020-05-08","2020-05-08","2021-05-08","2805","Zhengzhou Century Connect Electronic Technology Development Co., Ltd","whois.reg.cn","http://www.reg.cn","","","","Sui Hua Shi","Hei Long Jiang Sheng","","","","","","","","","","","","","","","","","","","","","","","","","","","","","","","","","","","","dm1.dns.com","dm2.dns.com","","","OK","","",""
"13","ctjrlx.com","2020-05-10 06:27:18","2020-05-08","2020-05-08","2021-05-08","2805","Zhengzhou Century Connect Electronic Technology Development Co., Ltd","whois.reg.cn","http://www.reg.cn","","","","Sui Hua Shi","Hei Long Jiang Sheng","","","","","","","","","","","","","","","","","","","","","","","","","","","","","","","","","","","","dm1.dns.com","dm2.dns.com","","","OK","","",""
"14","daaiye.com","2020-05-10 04:47:22","2020-05-08","2020-05-08","2021-05-08","2805","Zhengzhou Century Connect Electronic Technology Development Co., Ltd","whois.reg.cn","http://www.reg.cn","","","","hang zhou shi","zhe jiang sheng","","","","","","","","","","","","","","","","","","","","","","","","","","","","","","","","","","","","dm1.dns.com","dm2.dns.com","","","OK","","",""
"15","dabaog.com","2020-05-10 04:36:09","2020-05-08","2020-05-08","2021-05-08","2805","Zhengzhou Century Connect Electronic Technology Development Co., Ltd","whois.reg.cn","http://www.reg.cn","","","","Shang Rao Shi","Jiang Xi Sheng","","","","","","","","","","","","","","","","","","","","","","","","","","","","","","","","","","","","dm1.dns.com","dm2.dns.com","","","OK","","",""
"16","dgtujum.com","2020-05-10 06:13:35","2020-05-08","2020-05-08","2021-05-08","2805","Zhengzhou Century Connect Electronic Technology Development Co., Ltd","whois.reg.cn","http://www.reg.cn","","","","Shen ZhenShi","Guang Dong Sheng","","","","","","","","","","","","","","","","","","","","","","","","","","","","","","","","","","","","dm1.dns.com","dm2.dns.com","","","OK","","",""
"17","efayule.com","2020-05-10 04:35:58","2020-05-08","2020-05-08","2021-05-08","2805","Zhengzhou Century Connect Electronic Technology Development Co., Ltd","whois.reg.cn","http://www.reg.cn","","","","Shang Rao Shi","Jiang Xi Sheng","","","","","","","","","","","","","","","","","","","","","","","","","","","","","","","","","","","","dm1.dns.com","dm2.dns.com","","","OK","","",""
"18","fenzhuangshebei020.com","2020-05-10 06:27:17","2020-05-08","2020-05-08","2021-05-08","2805","Zhengzhou Century Connect Electronic Technology Development Co., Ltd","whois.reg.cn","http://www.reg.cn","","","","Sui Hua Shi","Hei Long Jiang Sheng","","","","","","","","","","","","","","","","","","","","","","","","","","","","","","","","","","","","dm1.dns.com","dm2.dns.com","","","OK","","",""
"19","fhkeluode.com","2020-05-10 06:27:23","2020-05-08","2020-05-08","2021-05-08","2805","Zhengzhou Century Connect Electronic Technology Development Co., Ltd","whois.reg.cn","http://www.reg.cn","","","","Sui Hua Shi","Hei Long Jiang Sheng","","","","","","","","","","","","","","","","","","","","","","","","","","","","","","","","","","","","dm1.dns.com","dm2.dns.com","","","OK","","",""
"20","fjhdhj.com","2020-05-10 06:13:33","2020-05-08","2020-05-08","2021-05-08","2805","Zhengzhou Century Connect Electronic Technology Development Co., Ltd","whois.reg.cn","http://www.reg.cn","","","","Shen ZhenShi","Guang Dong Sheng","","","","","","","","","","","","","","","","","","","","","","","","","","","","","","","","","","","","dm1.dns.com","dm2.dns.com","","","OK","","",""
"21","fzdxhg.com","2020-05-10 06:13:35","2020-05-08","2020-05-08","2021-05-08","2805","Zhengzhou Century Connect Electronic Technology Development Co., Ltd","whois.reg.cn","http://www.reg.cn","","","","Shen ZhenShi","Guang Dong Sheng","","","","","","","","","","","","","","","","","","","","","","","","","","","","","","","","","","","","dm1.dns.com","dm2.dns.com","","","OK","","",""
"22","fzxinwofeng.com","2020-05-10 06:27:52","2020-05-08","2020-05-08","2021-05-08","2805","Zhengzhou Century Connect Electronic Technology Development Co., Ltd","whois.reg.cn","http://www.reg.cn","","","","Sui Hua Shi","Hei Long Jiang Sheng","","","","","","","","","","","","","","","","","","","","","","","","","","","","","","","","","","","","dm1.dns.com","dm2.dns.com","","","OK","","",""
"23","gcsa-gz.com","2020-05-10 06:27:15","2020-05-08","2020-05-08","2021-05-08","2805","Zhengzhou Century Connect Electronic Technology Development Co., Ltd","whois.reg.cn","http://www.reg.cn","","","","Sui Hua Shi","Hei Long Jiang Sheng","","","","","","","","","","","","","","","","","","","","","","","","","","","","","","","","","","","","dm1.dns.com","dm2.dns.com","","","OK","","",""
"24","gzcldm.com","2020-05-10 06:27:16","2020-05-08","2020-05-08","2021-05-08","2805","Zhengzhou Century Connect Electronic Technology Development Co., Ltd","whois.reg.cn","http://www.reg.cn","","","","Sui Hua Shi","Hei Long Jiang Sheng","","","","","","","","","","","","","","","","","","","","","","","","","","","","","","","","","","","","dm1.dns.com","dm2.dns.com","","","OK","","",""
"25","haierznjd.com","2020-05-10 06:13:31","2020-05-08","2020-05-08","2021-05-08","2805","Zhengzhou Century Connect Electronic Technology Development Co., Ltd","whois.reg.cn","http://www.reg.cn","","","","Shen ZhenShi","Guang Dong Sheng","","","","","","","","","","","","","","","","","","","","","","","","","","","","","","","","","","","","dm1.dns.com","dm2.dns.com","","","OK","","",""
"26","hellavintage.com","2020-05-10 04:27:35","2020-05-07","2020-05-08","2021-05-07","2805","Zhengzhou Century Connect Electronic Technology Development Co., Ltd","whois.reg.cn","http://www.reg.cn","","","","Shen ZhenShi","Guang Dong Sheng","","","","","","","","","","","","","","","","","","","","","","","","","","","","","","","","","","","","dm1.dns.com","dm2.dns.com","","","OK","","",""
"27","hntaisite.com","2020-05-10 06:27:54","2020-05-08","2020-05-08","2021-05-08","2805","Zhengzhou Century Connect Electronic Technology Development Co., Ltd","whois.reg.cn","http://www.reg.cn","","","","Sui Hua Shi","Hei Long Jiang Sheng","","","","","","","","","","","","","","","","","","","","","","","","","","","","","","","","","","","","dm1.dns.com","dm2.dns.com","","","OK","","",""
"28","huiceshi.com","2020-05-10 06:10:53","2020-05-08","2020-05-08","2021-05-08","2805","Zhengzhou Century Connect Electronic Technology Development Co., Ltd","whois.reg.cn","http://www.reg.cn","","","","Hai Dian Qu","Bei Jing Shi","","","","","","","","","","","","","","","","","","","","","","","","","","","","","","","","","","","","17ex1.dns.com","17ex2.dns.com","","","OK","","",""
"29","jnnianhuicehua.com","2020-05-10 06:27:20","2020-05-08","2020-05-08","2021-05-08","2805","Zhengzhou Century Connect Electronic Technology Development Co., Ltd","whois.reg.cn","http://www.reg.cn","","","","Sui Hua Shi","Hei Long Jiang Sheng","","","","","","","","","","","","","","","","","","","","","","","","","","","","","","","","","","","","dm1.dns.com","dm2.dns.com","","","OK","","",""
"30","jujingjgj.com","2020-05-10 06:27:17","2020-05-08","2020-05-08","2021-05-08","2805","Zhengzhou Century Connect Electronic Technology Development Co., Ltd","whois.reg.cn","http://www.reg.cn","","","","Sui Hua Shi","Hei Long Jiang Sheng","","","","","","","","","","","","","","","","","","","","","","","","","","","","","","","","","","","","dm1.dns.com","dm2.dns.com","","","OK","","",""
"31","jxgzzshb.com","2020-05-10 06:27:53","2020-05-08","2020-05-08","2021-05-08","2805","Zhengzhou Century Connect Electronic Technology Development Co., Ltd","whois.reg.cn","http://www.reg.cn","","","","Sui Hua Shi","Hei Long Jiang Sheng","","","","","","","","","","","","","","","","","","","","","","","","","","","","","","","","","","","","dm1.dns.com","dm2.dns.com","","","OK","","",""
"32","neoprenesy.com","2020-05-10 06:13:32","2020-05-08","2020-05-08","2021-05-08","2805","Zhengzhou Century Connect Electronic Technology Development Co., Ltd","whois.reg.cn","http://www.reg.cn","","","","Shen ZhenShi","Guang Dong Sheng","","","","","","","","","","","","","","","","","","","","","","","","","","","","","","","","","","","","dm1.dns.com","dm2.dns.com","","","OK","","",""
"33","qgg777.com","2020-05-10 04:36:05","2020-05-08","2020-05-08","2021-05-08","2805","Zhengzhou Century Connect Electronic Technology Development Co., Ltd","whois.reg.cn","http://www.reg.cn","","","","Shang Rao Shi","Jiang Xi Sheng","","","","","","","","","","","","","","","","","","","","","","","","","","","","","","","","","","","","dm1.dns.com","dm2.dns.com","","","OK","","",""
"34","s8s111me.com","2020-05-10 04:36:02","2020-05-08","2020-05-08","2021-05-08","2805","Zhengzhou Century Connect Electronic Technology Development Co., Ltd","whois.reg.cn","http://www.reg.cn","","","","Shang Rao Shi","Jiang Xi Sheng","","","","","","","","","","","","","","","","","","","","","","","","","","","","","","","","","","","","dm1.dns.com","dm2.dns.com","","","OK","","",""
"35","s8s66a.com","2020-05-10 04:36:06","2020-05-08","2020-05-08","2021-05-08","2805","Zhengzhou Century Connect Electronic Technology Development Co., Ltd","whois.reg.cn","http://www.reg.cn","","","","Shang Rao Shi","Jiang Xi Sheng","","","","","","","","","","","","","","","","","","","","","","","","","","","","","","","","","","","","dm1.dns.com","dm2.dns.com","","","OK","","",""
"36","saiaihgq.com","2020-05-10 06:13:31","2020-05-08","2020-05-08","2021-05-08","2805","Zhengzhou Century Connect Electronic Technology Development Co., Ltd","whois.reg.cn","http://www.reg.cn","","","","Shen ZhenShi","Guang Dong Sheng","","","","","","","","","","","","","","","","","","","","","","","","","","","","","","","","","","","","dm1.dns.com","dm2.dns.com","","","OK","","",""
"37","saivian360.com","2020-05-10 06:27:14","2020-05-08","2020-05-08","2021-05-08","2805","Zhengzhou Century Connect Electronic Technology Development Co., Ltd","whois.reg.cn","http://www.reg.cn","","","","Sui Hua Shi","Hei Long Jiang Sheng","","","","","","","","","","","","","","","","","","","","","","","","","","","","","","","","","","","","dm1.dns.com","dm2.dns.com","","","OK","","",""
"38","shcxzt.com","2020-05-10 06:27:14","2020-05-08","2020-05-08","2021-05-08","2805","Zhengzhou Century Connect Electronic Technology Development Co., Ltd","whois.reg.cn","http://www.reg.cn","","","","Sui Hua Shi","Hei Long Jiang Sheng","","","","","","","","","","","","","","","","","","","","","","","","","","","","","","","","","","","","dm1.dns.com","dm2.dns.com","","","OK","","",""
"39","solouis.com","2020-05-10 06:14:21","2020-05-08","2020-05-08","2021-05-08","2805","Zhengzhou Century Connect Electronic Technology Development Co., Ltd","whois.reg.cn","http://www.reg.cn","","","","Shen ZhenShi","Guang Dong Sheng","","","","","","","","","","","","","","","","","","","","","","","","","","","","","","","","","","","","dm1.dns.com","dm2.dns.com","","","OK","","",""
"40","someotherurl.com","2020-05-10 06:13:33","2020-05-08","2020-05-08","2021-05-08","2805","Zhengzhou Century Connect Electronic Technology Development Co., Ltd","whois.reg.cn","http://www.reg.cn","","","","Shen ZhenShi","Guang Dong Sheng","","","","","","","","","","","","","","","","","","","","","","","","","","","","","","","","","","","","dm1.dns.com","dm2.dns.com","","","OK","","",""
"41","soulklap.com","2020-05-10 06:21:23","2020-05-08","2020-05-08","2021-05-08","2805","Zhengzhou Century Connect Electronic Technology Development Co., Ltd","whois.reg.cn","http://www.reg.cn","","","","nan chang shi","jiang xi sheng","","","","","","","","","","","","","","","","","","","","","","","","","","","","","","","","","","","","ns1.dns.com","ns2.dns.com","","","OK","","",""
"42","szszhzs.com","2020-05-10 06:27:52","2020-05-08","2020-05-08","2021-05-08","2805","Zhengzhou Century Connect Electronic Technology Development Co., Ltd","whois.reg.cn","http://www.reg.cn","","","","Sui Hua Shi","Hei Long Jiang Sheng","","","","","","","","","","","","","","","","","","","","","","","","","","","","","","","","","","","","dm1.dns.com","dm2.dns.com","","","OK","","",""
"43","tengbo988.com","2020-05-10 04:36:08","2020-05-08","2020-05-08","2021-05-08","2805","Zhengzhou Century Connect Electronic Technology Development Co., Ltd","whois.reg.cn","http://www.reg.cn","","","","Shang Rao Shi","Jiang Xi Sheng","","","","","","","","","","","","","","","","","","","","","","","","","","","","","","","","","","","","dm1.dns.com","dm2.dns.com","","","OK","","",""
"44","tsfrgr.com","2020-05-10 06:27:17","2020-05-08","2020-05-08","2021-05-08","2805","Zhengzhou Century Connect Electronic Technology Development Co., Ltd","whois.reg.cn","http://www.reg.cn","","","","Sui Hua Shi","Hei Long Jiang Sheng","","","","","","","","","","","","","","","","","","","","","","","","","","","","","","","","","","","","dm1.dns.com","dm2.dns.com","","","OK","","",""
"45","uedcome.com","2020-05-10 04:36:10","2020-05-08","2020-05-08","2021-05-08","2805","Zhengzhou Century Connect Electronic Technology Development Co., Ltd","whois.reg.cn","http://www.reg.cn","","","","Shang Rao Shi","Jiang Xi Sheng","","","","","","","","","","","","","","","","","","","","","","","","","","","","","","","","","","","","dm1.dns.com","dm2.dns.com","","","OK","","",""
"46","uedgogo.com","2020-05-10 02:15:41","2020-05-08","2020-05-08","2021-05-08","2805","Zhengzhou Century Connect Electronic Technology Development Co., Ltd","whois.reg.cn","http://www.reg.cn","","","","Shang Rao Shi","Jiang Xi Sheng","","","","","","","","","","","","","","","","","","","","","","","","","","","","","","","","","","","","dm1.dns.com","dm2.dns.com","","","OK","","",""
"47","uedlogin.com","2020-05-10 02:15:38","2020-05-08","2020-05-08","2021-05-08","2805","Zhengzhou Century Connect Electronic Technology Development Co., Ltd","whois.reg.cn","http://www.reg.cn","","","","Shang Rao Shi","Jiang Xi Sheng","","","","","","","","","","","","","","","","","","","","","","","","","","","","","","","","","","","","dm1.dns.com","dm2.dns.com","","","OK","","",""
"48","uedpays.com","2020-05-10 04:36:11","2020-05-08","2020-05-08","2021-05-08","2805","Zhengzhou Century Connect Electronic Technology Development Co., Ltd","whois.reg.cn","http://www.reg.cn","","","","Shang Rao Shi","Jiang Xi Sheng","","","","","","","","","","","","","","","","","","","","","","","","","","","","","","","","","","","","dm1.dns.com","dm2.dns.com","","","OK","","",""
"49","w11com.com","2020-05-10 04:36:09","2020-05-08","2020-05-08","2021-05-08","2805","Zhengzhou Century Connect Electronic Technology Development Co., Ltd","whois.reg.cn","http://www.reg.cn","","","","Shang Rao Shi","Jiang Xi Sheng","","","","","","","","","","","","","","","","","","","","","","","","","","","","","","","","","","","","dm1.dns.com","dm2.dns.com","","","OK","","",""
"50","xiandaxiang.com","2020-05-10 06:27:53","2020-05-08","2020-05-08","2021-05-08","2805","Zhengzhou Century Connect Electronic Technology Development Co., Ltd","whois.reg.cn","http://www.reg.cn","","","","Sui Hua Shi","Hei Long Jiang Sheng","","","","","","","","","","","","","","","","","","","","","","","","","","","","","","","","","","","","dm1.dns.com","dm2.dns.com","","","OK","","",""
"51","xueyouyun.com","2020-05-10 06:29:35","2020-05-08","2020-05-08","2021-05-08","2805","Zhengzhou Century Connect Electronic Technology Development Co., Ltd","whois.reg.cn","http://www.reg.cn","","","","Hai Dian Qu","Bei Jing Shi","","","","","","","","","","","","","","","","","","","","","","","","","","","","","","","","","","","","17ex1.dns.com","17ex2.dns.com","","","OK","","",""
"52","xxhualingdyzz.com","2020-05-10 06:27:18","2020-05-08","2020-05-08","2021-05-08","2805","Zhengzhou Century Connect Electronic Technology Development Co., Ltd","whois.reg.cn","http://www.reg.cn","","","","Sui Hua Shi","Hei Long Jiang Sheng","","","","","","","","","","","","","","","","","","","","","","","","","","","","","","","","","","","","dm1.dns.com","dm2.dns.com","","","OK","","",""
"53","yayeai.com","2020-05-10 04:50:52","2020-05-08","2020-05-08","2021-05-08","2805","Zhengzhou Century Connect Electronic Technology Development Co., Ltd","whois.reg.cn","http://www.reg.cn","","","","hang zhou shi","zhe jiang sheng","","","","","","","","","","","","","","","","","","","","","","","","","","","","","","","","","","","","dm1.dns.com","dm2.dns.com","","","OK","","",""
"54","yeaiya.com","2020-05-10 04:50:24","2020-05-08","2020-05-08","2021-05-08","2805","Zhengzhou Century Connect Electronic Technology Development Co., Ltd","whois.reg.cn","http://www.reg.cn","","","","hang zhou shi","zhe jiang sheng","","","","","","","","","","","","","","","","","","","","","","","","","","","","","","","","","","","","dm1.dns.com","dm2.dns.com","","","OK","","",""
"55","yedaai.com","2020-05-10 04:58:30","2020-05-08","2020-05-08","2021-05-08","2805","Zhengzhou Century Connect Electronic Technology Development Co., Ltd","whois.reg.cn","http://www.reg.cn","","","","hang zhou shi","zhe jiang sheng","","","","","","","","","","","","","","","","","","","","","","","","","","","","","","","","","","","","dm1.dns.com","dm2.dns.com","","","OK","","",""
"56","yoizi.com","2020-05-10 04:38:20","2020-05-05","2020-05-08","2021-05-05","2805","Zhengzhou Century Connect Electronic Technology Development Co., Ltd","whois.reg.cn","http://www.reg.cn","","","","Zhengzhou","Henan","","","","","","","","","","","","","","","","","","","","","","","","","","","","","","","","","","","","ns2.dnsdun.com","ns2.dnsdun.net","","","OK","","",""
"57","yumixin1688.com","2020-05-10 06:27:15","2020-05-08","2020-05-08","2021-05-08","2805","Zhengzhou Century Connect Electronic Technology Development Co., Ltd","whois.reg.cn","http://www.reg.cn","","","","Sui Hua Shi","Hei Long Jiang Sheng","","","","","","","","","","","","","","","","","","","","","","","","","","","","","","","","","","","","dm1.dns.com","dm2.dns.com","","","OK","","",""
"58","zontolaster.com","2020-05-10 06:13:32","2020-05-08","2020-05-08","2021-05-08","2805","Zhengzhou Century Connect Electronic Technology Development Co., Ltd","whois.reg.cn","http://www.reg.cn","","","","Shen ZhenShi","Guang Dong Sheng","","","","","","","","","","","","","","","","","","","","","","","","","","","","","","","","","","","","dm1.dns.com","dm2.dns.com","","","OK","","",""