"num","domain_name","query_time","create_date","update_date","expiry_date","domain_registrar_id","domain_registrar_name","domain_registrar_whois","domain_registrar_url","registrant_name","registrant_company","registrant_address","registrant_city","registrant_state","registrant_zip","registrant_country","registrant_email","registrant_phone","registrant_fax","administrative_name","administrative_company","administrative_address","administrative_city","administrative_state","administrative_zip","administrative_country","administrative_email","administrative_phone","administrative_fax","technical_name","technical_company","technical_address","technical_city","technical_state","technical_zip","technical_country","technical_email","technical_phone","technical_fax","billing_name","billing_company","billing_address","billing_city","billing_state","billing_zip","billing_country","billing_email","billing_phone","billing_fax","name_server_1","name_server_2","name_server_3","name_server_4","domain_status_1","domain_status_2","domain_status_3","domain_status_4"
"1","batnismo.com","2020-05-08 19:24:36","2020-05-07","2020-05-07","2021-05-07","1436","Center of Ukrainian Internet Names dba UKRNAMES","whois.publicinterestregistry.net","http://www.ukrnames.com","Vasyl Dymarev","","Haharina st. 18b","Cherepovets","Cherepovets","630545","RUSSIAN FEDERATION","winzero08@icloud.com","+1.2344567","","Vasyl Dymarev","","Haharina st. 18b","Cherepovets","Cherepovets","630545","RUSSIAN FEDERATION","winzero08@icloud.com","+1.2344567","","Vasyl Dymarev","","Haharina st. 18b","Cherepovets","Cherepovets","630545","RUSSIAN FEDERATION","winzero08@icloud.com","+1.2344567","","","","","","","","","","","","ns11.v-sys.org","ns12.v-sys.org","","","OK","","",""
"2","creativeslavs.com","2020-05-08 21:15:21","2020-05-07","2020-05-07","2021-05-07","1436","Center of Ukrainian Internet Names dba UKRNAMES","whois.publicinterestregistry.net","http://www.ukrnames.com","Hvosting Hvosting","","02222, Kiev, Kyiv,  https://goo.gl/2VwEk9","Kiev","Kievskaya","02222","UKRAINE","hostmaster@hvosting.ua","+380.672334957","","Hvosting Hvosting","Hvosting.ua","02222, Kiev, Kyiv,  https://goo.gl/2VwEk9","Kiev","Kievskaya","02222","UKRAINE","hostmaster@hvosting.ua","+380.672334957","","Hvosting Hvosting","Hvosting.ua","02222, Kiev, Kyiv,","Kiev","Kievskaya","02222","Ukraine","hostmaster@hvosting.ua","+380.672334957","","","","","","","","","","","","ns1.h69.hvosting.ua","ns2.h69.hvosting.ua","","","OK","","",""
"3","eamyx.com","2020-05-08 20:14:00","2020-05-06","2020-05-06","2021-05-06","1436","Center of Ukrainian Internet Names dba UKRNAMES","whois.publicinterestregistry.net","http://www.ukrnames.com","Aleksey Yashunin","","04060, Kiev, Mishugi,  1/4 https://goo.gl/2VwEk9","Kiev","Kiev","04060","UKRAINE","amy@email.ua","+380.972304119","","Aleksey Yashunin","Private person","04060, Kiev, Mishugi,  1/4 https://goo.gl/2VwEk9","Kiev","Kiev","04060","UKRAINE","amy@email.ua","+380.972304119","","Aleksey Yashunin","Private person","04060, Kiev, Mishugi,  1/4","Kiev","Kiev","04060","UKRAINE","amy@email.ua","+380.972304119","","","","","","","","","","","","ns1.ukrnames.com","ns2.ukrnames.com","ns3.ukrnames.com","ns4.ukrnames.ua","OK","","",""
"4","ekonombud.com","2020-05-08 19:51:10","2020-05-07","2020-05-07","2021-05-07","1436","Center of Ukrainian Internet Names dba UKRNAMES","whois.publicinterestregistry.net","http://www.ukrnames.com","Rudenko Sergei Sergiiovic","","ul. Evgenia Malanuka, 100a","Kiev","Kievskaa","02000","UKRAINE","ekonombuddocs@gmail.com","+380.667667561","","Rudenko Sergei Sergiiovic","TOV 'Ekonombud-Ukraina'","ul. Evgenia Malanuka, 100a","Kiev","Kievskaa","02000","UKRAINE","ekonombuddocs@gmail.com","+380.667667561","","Rudenko Sergei Sergiiovic","TOV 'Ekonombud-Ukraina'","ul. Evgenia Malanuka, 100a","Kiev","Kievskaa","02000","UKRAINE","ekonombuddocs@gmail.com","+380.667667561","","","","","","","","","","","","ns.master.parkovka.ua","ns.parkovka.ua","ns2.parkovka.ua","","OK","","",""
"5","exitoteam-marbella.net","2020-05-08 19:03:03","2020-05-07","2020-05-07","2021-05-07","1436","Center of Ukrainian Internet Names dba UKRNAMES","whois.publicinterestregistry.net","http://www.ukrnames.com","Ekaterina Skornik","","Calle Pilar, 6 bl.2 4B","San Pedro de Alcantara","Marbelya","29670","SPAIN","natasha.pyzhyk@mail.ru","+34.956776437","","Ekaterina Skornik","","Calle Pilar, 6 bl.2 4B","San Pedro de Alcantara","Marbelya","29670","SPAIN","natasha.pyzhyk@mail.ru","+34.956776437","","Ekaterina Skornik","","Calle Pilar, 6 bl.2 4B","San Pedro de Alcantara","Marbelya","29670","SPAIN","natasha.pyzhyk@mail.ru","+34.956776437","","","","","","","","","","","","ns1.m-hoster-4.ru","ns2.m-hoster-4.ru","","","Expired","","",""
"6","italwax.net","2020-05-09 00:33:04","2020-05-07","2020-05-07","2021-05-07","1436","Center of Ukrainian Internet Names dba UKRNAMES","whois.publicinterestregistry.net","http://www.ukrnames.com","Hvosting Hvosting","","02222, Kiev, Kyiv,  https://goo.gl/2VwEk9","Kiev","Kievskaya","02222","UKRAINE","hostmaster@hvosting.ua","+380.672334957","","Hvosting Hvosting","Hvosting.ua","02222, Kiev, Kyiv,  https://goo.gl/2VwEk9","Kiev","Kievskaya","02222","UKRAINE","hostmaster@hvosting.ua","+380.672334957","","Hvosting Hvosting","Hvosting.ua","02222, Kiev, Kyiv,","Kiev","Kievskaya","02222","Ukraine","hostmaster@hvosting.ua","+380.672334957","","","","","","","","","","","","ns1.h69.hvosting.ua","ns2.h69.hvosting.ua","","","OK","","",""
"7","kobiglobal.net","2020-05-09 00:32:54","2020-05-07","2020-05-07","2021-05-07","1436","Center of Ukrainian Internet Names dba UKRNAMES","whois.publicinterestregistry.net","http://www.ukrnames.com","Privacy Protection Service","Ukrnames","p.b. 1823","Kharkiv","Kharkivska","61024","Ukraine","abuse@ukrnames.com","+380.577626123","","Privacy Protection Service","Ukrnames","p.b. 1823","Kharkiv","Kharkivska","61024","Ukraine","abuse@ukrnames.com","+380.577626123","","Privacy Protection Service","Ukrnames","p.b. 1823","Kharkiv","Kharkivska","61024","Ukraine","abuse@ukrnames.com","+380.577626123","","","","","","","","","","","","ns1.ukrnames.com","ns2.ukrnames.com","ns3.ukrnames.com","ns4.ukrnames.ua","OK","","",""
"8","loma91.com","2020-05-08 19:40:36","2020-05-07","2020-05-07","2021-05-07","1436","Center of Ukrainian Internet Names dba UKRNAMES","whois.publicinterestregistry.net","http://www.ukrnames.com","Vasyl Dymarev","","Haharina st. 18b","Cherepovets","Cherepovets","630545","RUSSIAN FEDERATION","kingalt@protonmail.com","+1.2344567","","Vasyl Dymarev","","Haharina st. 18b","Cherepovets","Cherepovets","630545","RUSSIAN FEDERATION","kingalt@protonmail.com","+1.2344567","","Vasyl Dymarev","","Haharina st. 18b","Cherepovets","Cherepovets","630545","RUSSIAN FEDERATION","kingalt@protonmail.com","+1.2344567","","","","","","","","","","","","ns11.v-sys.org","ns12.v-sys.org","","","OK","","",""
"9","nncnfrmst.com","2020-05-08 20:00:12","2020-05-07","2020-05-07","2021-05-07","1436","Center of Ukrainian Internet Names dba UKRNAMES","whois.publicinterestregistry.net","http://www.ukrnames.com","Liholai Pasternak Boris Igorevic","","prospekt Geroiv Stalingrada, 7A","Kiiv","","","UKRAINE","bor.pasternak@gmail.com","+380.972537177","","Liholai Pasternak Boris Igorevic","","prospekt Geroiv Stalingrada, 7A","Kiiv","","","UKRAINE","bor.pasternak@gmail.com","+380.972537177","","Liholai Pasternak Boris Igorevic","","prospekt Geroiv Stalingrada, 7A","Kiiv","","","UKRAINE","bor.pasternak@gmail.com","+380.972537177","","","","","","","","","","","","ns.master.parkovka.ua","ns.parkovka.ua","ns2.parkovka.ua","","OK","","",""
"10","oksanavainer.com","2020-05-08 20:39:34","2020-05-07","2020-05-07","2021-05-07","1436","Center of Ukrainian Internet Names dba UKRNAMES","whois.publicinterestregistry.net","http://www.ukrnames.com","Hvosting Hvosting","","02222, Kiev, Kyiv,  https://goo.gl/2VwEk9","Kiev","Kievskaya","02222","UKRAINE","hostmaster@hvosting.ua","+380.672334957","","Hvosting Hvosting","Hvosting.ua","02222, Kiev, Kyiv,  https://goo.gl/2VwEk9","Kiev","Kievskaya","02222","UKRAINE","hostmaster@hvosting.ua","+380.672334957","","Hvosting Hvosting","Hvosting.ua","02222, Kiev, Kyiv,","Kiev","Kievskaya","02222","Ukraine","hostmaster@hvosting.ua","+380.672334957","","","","","","","","","","","","ns1.h69.hvosting.ua","ns2.h69.hvosting.ua","","","OK","","",""
"11","ousitlook.com","2020-05-08 19:24:03","2020-05-07","2020-05-07","2021-05-07","1436","Center of Ukrainian Internet Names dba UKRNAMES","whois.publicinterestregistry.net","http://www.ukrnames.com","Vasyl Dymarev","","Haharina st. 18b","Cherepovets","Cherepovets","630545","RUSSIAN FEDERATION","winzero08@icloud.com","+1.2344567","","Vasyl Dymarev","","Haharina st. 18b","Cherepovets","Cherepovets","630545","RUSSIAN FEDERATION","winzero08@icloud.com","+1.2344567","","Vasyl Dymarev","","Haharina st. 18b","Cherepovets","Cherepovets","630545","RUSSIAN FEDERATION","winzero08@icloud.com","+1.2344567","","","","","","","","","","","","ns11.v-sys.org","ns12.v-sys.org","","","OK","","",""
"12","reddogcassino.com","2020-05-08 19:59:13","2020-05-07","2020-05-07","2021-05-07","1436","Center of Ukrainian Internet Names dba UKRNAMES","whois.publicinterestregistry.net","http://www.ukrnames.com","Kotov Alexey","","6507 Woodman ave","Van nuys","CA","91401","UKRAINE","boxing8801@gmail.com","+34.73025150","","Kotov Alexey","","6507 Woodman ave","Van nuys","CA","91401","UKRAINE","boxing8801@gmail.com","+34.73025150","","Kotov Alexey","","6507 Woodman ave","Van nuys","CA","91401","UKRAINE","boxing8801@gmail.com","+34.73025150","","","","","","","","","","","","dns1.hyperhost.ua","dns2.hyperhost.ua","","","OK","","",""
"13","spetsiarii.com","2020-05-08 20:45:17","2020-05-07","2020-05-07","2021-05-07","1436","Center of Ukrainian Internet Names dba UKRNAMES","whois.publicinterestregistry.net","http://www.ukrnames.com","Bardacova Anzelika","","bulvar Sevcenka, 32","Zaporizza","","","UKRAINE","spetsiarii@gmail.com","+380.685504949","","Bardacova Anzelika","TOV <<Speciarii>>","bulvar Sevcenka, 32","Zaporizza","","","UKRAINE","spetsiarii@gmail.com","+380.685504949","","Bardacova Anzelika","TOV <<Speciarii>>","bulvar Sevcenka, 32","Zaporizza","","","UKRAINE","spetsiarii@gmail.com","+380.685504949","","","","","","","","","","","","ns.master.parkovka.ua","ns.parkovka.ua","ns2.parkovka.ua","","OK","","",""
"14","uniqueonlinegames.com","2020-05-08 20:10:29","2020-05-06","2020-05-06","2021-05-06","1436","Center of Ukrainian Internet Names dba UKRNAMES","whois.publicinterestregistry.net","http://www.ukrnames.com","Sergej Khristyuk","","61161, Kharkov, Narynskaya,  5 https://goo.gl/2VwEk9","Kharkov","Kharkovskaya","61161","UKRAINE","sergei80@keemail.me","+380.995193730","","Sergej Khristyuk","Private person","61161, Kharkov, Narynskaya,  5 https://goo.gl/2VwEk9","Kharkov","Kharkovskaya","61161","UKRAINE","sergei80@keemail.me","+380.995193730","","Sergej Khristyuk","Private person","61161, Kharkov, Narynskaya,  5","Kharkov","Kharkovskaya","61161","UKRAINE","sergei80@keemail.me","+380.995193730","","","","","","","","","","","","ns1.bytes.ua","ns2.bytes.ua","","","OK","","",""
"15","verifica-cliente.info","2020-05-09 00:39:20","2020-05-07","","2021-05-07","1436","Center of Ukrainian Internet Names dba UKRNAMES","whois.publicinterestregistry.net","http://www.ukrnames.com","","","","","Cherepovets","","Russian Federation","","","","","","","","","","","","","","","","","","","","","","","","","","","","","","","","","","ns11.v-sys.org","ns12.v-sys.org","","","addPeriod","serverTransferProhibited","",""