"num","domain_name","query_time","create_date","update_date","expiry_date","domain_registrar_id","domain_registrar_name","domain_registrar_whois","domain_registrar_url","registrant_name","registrant_company","registrant_address","registrant_city","registrant_state","registrant_zip","registrant_country","registrant_email","registrant_phone","registrant_fax","administrative_name","administrative_company","administrative_address","administrative_city","administrative_state","administrative_zip","administrative_country","administrative_email","administrative_phone","administrative_fax","technical_name","technical_company","technical_address","technical_city","technical_state","technical_zip","technical_country","technical_email","technical_phone","technical_fax","billing_name","billing_company","billing_address","billing_city","billing_state","billing_zip","billing_country","billing_email","billing_phone","billing_fax","name_server_1","name_server_2","name_server_3","name_server_4","domain_status_1","domain_status_2","domain_status_3","domain_status_4"
"1","cnnice.biz","2020-05-08 12:04:09","2020-05-01","2020-05-06","2021-05-01","418","CommuniGal Communication Ltd.","whois.communigal.net","http://www.galcomm.com","","","","","","","Romania","","","","","","","","","","","","","","","","","","","","","","","","","","","","","","","","","","ns15.above.com","ns16.above.com","","","clientTransferProhibited","","",""
"2","nevse.info","2020-05-09 00:41:25","2020-05-07","2020-05-07","2021-05-07","418","CommuniGal Communication Ltd.","whois.communigal.net","http://www.galcomm.com","","","","","","","Israel","","","","","","","","","","","","","","","","","","","","","","","","","","","","","","","","","","ns15.above.com","ns16.above.com","","","addPeriod","clientTransferProhibited","serverTransferProhibited",""
"3","onenation.info","2020-05-09 00:42:21","2020-05-07","2020-05-07","2021-05-07","418","CommuniGal Communication Ltd.","whois.communigal.net","http://www.galcomm.com","","","","","","","Israel","","","","","","","","","","","","","","","","","","","","","","","","","","","","","","","","","","ns15.above.com","ns16.above.com","","","addPeriod","clientTransferProhibited","serverTransferProhibited",""
"4","sliv-reg.info","2020-05-09 00:40:09","2020-05-07","2020-05-07","2021-05-07","418","CommuniGal Communication Ltd.","whois.communigal.net","http://www.galcomm.com","","","","","","","Israel","","","","","","","","","","","","","","","","","","","","","","","","","","","","","","","","","","ns15.above.com","ns16.above.com","","","addPeriod","clientTransferProhibited","serverTransferProhibited",""
"5","sorask.info","2020-05-09 00:41:11","2020-05-07","2020-05-07","2021-05-07","418","CommuniGal Communication Ltd.","whois.communigal.net","http://www.galcomm.com","","","","","","","Israel","","","","","","","","","","","","","","","","","","","","","","","","","","","","","","","","","","ns15.above.com","ns16.above.com","","","addPeriod","clientTransferProhibited","serverTransferProhibited",""
"6","swisscash.biz","2020-05-08 04:38:34","2020-05-05","2020-05-05","2021-05-05","418","CommuniGal Communication Ltd.","whois.communigal.net","http://www.galcomm.com","","","","","","","Romania","","","","","","","","","","","","","","","","","","","","","","","","","","","","","","","","","","ns15.above.com","ns16.above.com","","","addPeriod","clientTransferProhibited","",""
"7","toytoy.biz","2020-05-08 02:52:33","2020-05-06","","2021-05-06","418","CommuniGal Communication Ltd.","whois.communigal.net","http://www.galcomm.com","Web","Web","","","","","Israel","","","","","","","","","","","","","","","","","","","","","","","","","","","","","","","","","","dns7.communigal.net","dns8.communigal.net","","","addPeriod","ok","",""
"8","wildernessact.info","2020-05-09 00:39:18","2020-05-07","2020-05-07","2021-05-07","418","CommuniGal Communication Ltd.","whois.communigal.net","http://www.galcomm.com","","","","","","","Israel","","","","","","","","","","","","","","","","","","","","","","","","","","","","","","","","","","ns15.above.com","ns16.above.com","","","addPeriod","clientTransferProhibited","serverTransferProhibited",""