"num","domain_name","query_time","create_date","update_date","expiry_date","domain_registrar_id","domain_registrar_name","domain_registrar_whois","domain_registrar_url","registrant_name","registrant_company","registrant_address","registrant_city","registrant_state","registrant_zip","registrant_country","registrant_email","registrant_phone","registrant_fax","administrative_name","administrative_company","administrative_address","administrative_city","administrative_state","administrative_zip","administrative_country","administrative_email","administrative_phone","administrative_fax","technical_name","technical_company","technical_address","technical_city","technical_state","technical_zip","technical_country","technical_email","technical_phone","technical_fax","billing_name","billing_company","billing_address","billing_city","billing_state","billing_zip","billing_country","billing_email","billing_phone","billing_fax","name_server_1","name_server_2","name_server_3","name_server_4","domain_status_1","domain_status_2","domain_status_3","domain_status_4"
"1","cosmosparking.com","2020-05-08 20:27:59","2020-05-06","2020-05-06","2021-05-06","1684","DomainPicking LLC","whois.nic.ir","http://www.domainpicking.com","Domain Admin / This Domain is For Sale","HugeDomains.com","2635 Walnut Street","Denver","CO","80205","United States","domains@hugedomains.com","+1.3038930552","","Domain Admin / This Domain is For Sale","HugeDomains.com","2635 Walnut Street","Denver","CO","80205","United States","domains@hugedomains.com","+1.3038930552","","Domain Admin / This Domain is For Sale","HugeDomains.com","2635 Walnut Street","Denver","CO","80205","United States","domains@hugedomains.com","+1.3038930552","","","","","","","","","","","","nsg1.namebrightdns.com","nsg2.namebrightdns.com","","","clientTransferProhibited","","",""
"2","garageshoes.com","2020-05-08 19:36:19","2020-05-06","2020-05-06","2021-05-06","1684","DomainPicking LLC","whois.nic.ir","http://www.domainpicking.com","Domain Administrator","","47 Thorncliffe Park Dr., Suite-708","Toronto","Ontario","M4H1J5","Canada","info@dotcorner.com","+1.4165565867","+1.4165565867","Domain Administrator","","47 Thorncliffe Park Dr., Suite-708","Toronto","Ontario","M4H1J5","Canada","info@dotcorner.com","+1.4165565867","+1.4165565867","Domain Administrator","","47 Thorncliffe Park Dr., Suite-708","Toronto","Ontario","M4H1J5","Canada","info@dotcorner.com","+1.4165565867","+1.4165565867","","","","","","","","","","","ns1.sedoparking.com","ns2.sedoparking.com","","","clientTransferProhibited","","",""
"3","hajshnlabs.com","2020-05-08 20:13:44","2020-05-06","2020-05-06","2021-05-06","1684","DomainPicking LLC","whois.nic.ir","http://www.domainpicking.com","Domain Admin / This Domain is For Sale","HugeDomains.com","2635 Walnut Street","Denver","CO","80205","United States","domains@hugedomains.com","+1.3038930552","","Domain Admin / This Domain is For Sale","HugeDomains.com","2635 Walnut Street","Denver","CO","80205","United States","domains@hugedomains.com","+1.3038930552","","Domain Admin / This Domain is For Sale","HugeDomains.com","2635 Walnut Street","Denver","CO","80205","United States","domains@hugedomains.com","+1.3038930552","","","","","","","","","","","","nsg1.namebrightdns.com","nsg2.namebrightdns.com","","","clientTransferProhibited","","",""
"4","hztte.com","2020-05-08 20:23:08","2020-05-06","2020-05-06","2021-05-06","1684","DomainPicking LLC","whois.nic.ir","http://www.domainpicking.com","shao li ye","ye shao li","gu tian xian, fu jian sheng, gu tian xian, shan yang zhen, li yang cun, zhong xin lu, san nong 3 hao","ning de shi","FU JIAN","352200","China","mingtianfacai666@gmail.com","+86.59386765415","","jianfeng wu","","hefeishi,luyangqu,caifuguangchangshouzuo,1107hao","hefei","Anhui Sheng","230001","China","admin@juming.com","+86.4009972996","","jianfeng wu","","hefeishi,luyangqu,caifuguangchangshouzuo,1107hao","hefei","Anhui Sheng","230001","China","admin@juming.com","+86.4009972996","","","","","","","","","","","","jm1.dns.com","jm2.dns.com","","","clientTransferProhibited","","",""
"5","overcomingpanicattackshelp.com","2020-05-08 19:33:17","2020-05-06","2020-05-06","2021-05-06","1684","DomainPicking LLC","whois.nic.ir","http://www.domainpicking.com","DotMedia Limited","DotMedia Limited","7F,Star House,3 Salisbury Road,TST,Kowloon","Hong Kong","Hong Kong","999077","Hong Kong","whoisprivacy@dotmedia.com","+852.81799956","","DotMedia Limited","DotMedia Limited","7F,Star House,3 Salisbury Road,TST,Kowloon","Hong Kong","Hong Kong","999077","Hong Kong","whoisprivacy@dotmedia.com","+852.81799956","","DotMedia Limited","DotMedia Limited","7F,Star House,3 Salisbury Road,TST,Kowloon","Hong Kong","Hong Kong","999077","Hong Kong","whoisprivacy@dotmedia.com","+852.81799956","","","","","","","","","","","","ns1.maff.com","ns2.maff.com","","","clientTransferProhibited","","",""