"num","domain_name","query_time","create_date","update_date","expiry_date","domain_registrar_id","domain_registrar_name","domain_registrar_whois","domain_registrar_url","registrant_name","registrant_company","registrant_address","registrant_city","registrant_state","registrant_zip","registrant_country","registrant_email","registrant_phone","registrant_fax","administrative_name","administrative_company","administrative_address","administrative_city","administrative_state","administrative_zip","administrative_country","administrative_email","administrative_phone","administrative_fax","technical_name","technical_company","technical_address","technical_city","technical_state","technical_zip","technical_country","technical_email","technical_phone","technical_fax","billing_name","billing_company","billing_address","billing_city","billing_state","billing_zip","billing_country","billing_email","billing_phone","billing_fax","name_server_1","name_server_2","name_server_3","name_server_4","domain_status_1","domain_status_2","domain_status_3","domain_status_4"
"1","pin-upp2.com","2020-05-08 20:03:49","2020-05-06","2020-05-06","2021-05-06","1111","DomainContext, Inc.","whois.domaincontext.com","http://www.domaincontext.com","Andrey Skalev","Private person","Bolshaya Raznochinnaya 17","Sankt-Peterburg","Sankt-Peterburg","197110","Russian Federation","andreyskalev@yandex.ru","+7.9967956510","+7.9967956510","Andrey Skalev","Private person","Bolshaya Raznochinnaya 17","Sankt-Peterburg","Sankt-Peterburg","197110","Russian Federation","andreyskalev@yandex.ru","+7.9967956510","+7.9967956510","Andrey Skalev","Private person","Bolshaya Raznochinnaya 17","Sankt-Peterburg","Sankt-Peterburg","197110","Russian Federation","andreyskalev@yandex.ru","+7.9967956510","+7.9967956510","","","","","","","","","","","cody.ns.cloudflare.com","mary.ns.cloudflare.com","","","clientTransferProhibited","","",""
"2","pin-upss1.com","2020-05-08 20:02:01","2020-05-06","2020-05-06","2021-05-06","1111","DomainContext, Inc.","whois.domaincontext.com","http://www.domaincontext.com","Andrey Skalev","Private person","Bolshaya Raznochinnaya 17","Sankt-Peterburg","Sankt-Peterburg","197110","Russian Federation","andreyskalev@yandex.ru","+7.9967956510","+7.9967956510","Andrey Skalev","Private person","Bolshaya Raznochinnaya 17","Sankt-Peterburg","Sankt-Peterburg","197110","Russian Federation","andreyskalev@yandex.ru","+7.9967956510","+7.9967956510","Andrey Skalev","Private person","Bolshaya Raznochinnaya 17","Sankt-Peterburg","Sankt-Peterburg","197110","Russian Federation","andreyskalev@yandex.ru","+7.9967956510","+7.9967956510","","","","","","","","","","","jule.ns.cloudflare.com","norman.ns.cloudflare.com","","","clientTransferProhibited","","",""
"3","simakera-guitars.com","2020-05-08 19:27:12","2020-05-07","2020-05-07","2021-05-07","1111","DomainContext, Inc.","whois.domaincontext.com","http://www.domaincontext.com","Oleg Naidenov","Individual","Saltikova-Shchedrina 2-24","Kaliningrad","Kaliningrad region","236006","Russian Federation","onaydenov@gmail.com","+7.9062370068","+7.9062370068","Oleg Naidenov","Individual","Saltikova-Shchedrina 2-24","Kaliningrad","Kaliningrad region","236006","Russian Federation","onaydenov@gmail.com","+7.9062370068","+7.9062370068","Oleg Naidenov","Individual","Saltikova-Shchedrina 2-24","Kaliningrad","Kaliningrad region","236006","Russian Federation","onaydenov@gmail.com","+7.9062370068","+7.9062370068","","","","","","","","","","","dns1.ru-tld.ru","dns2.ru-tld.ru","","","clientTransferProhibited","","",""
"4","simakera.com","2020-05-08 19:27:34","2020-05-07","2020-05-07","2021-05-07","1111","DomainContext, Inc.","whois.domaincontext.com","http://www.domaincontext.com","Oleg Naidenov","Individual","Saltikova-Shchedrina 2-24","Kaliningrad","Kaliningrad region","236006","Russian Federation","onaydenov@gmail.com","+7.9062370068","+7.9062370068","Oleg Naidenov","Individual","Saltikova-Shchedrina 2-24","Kaliningrad","Kaliningrad region","236006","Russian Federation","onaydenov@gmail.com","+7.9062370068","+7.9062370068","Oleg Naidenov","Individual","Saltikova-Shchedrina 2-24","Kaliningrad","Kaliningrad region","236006","Russian Federation","onaydenov@gmail.com","+7.9062370068","+7.9062370068","","","","","","","","","","","dns1.ru-tld.ru","dns2.ru-tld.ru","","","clientTransferProhibited","","",""
"5","xfashionclub.com","2020-05-08 21:15:02","2020-05-06","2020-05-06","2021-05-06","1111","DomainContext, Inc.","whois.domaincontext.com","http://www.domaincontext.com","Gplaza Moscow","Gplazamsk","1 may 28","Moscow","Moscow","143911","Russian Federation","zverbbk@ya.ru","+7.9256652911","+7.9256652911","Gplaza Moscow","Gplazamsk","1 may 28","Moscow","Moscow","143911","Russian Federation","zverbbk@ya.ru","+7.9256652911","+7.9256652911","Gplaza Moscow","Gplazamsk","1 may 28","Moscow","Moscow","143911","Russian Federation","zverbbk@ya.ru","+7.9256652911","+7.9256652911","","","","","","","","","","","dns1.ru-tld.ru","dns2.ru-tld.ru","","","clientTransferProhibited","","",""