"num","domain_name","query_time","create_date","update_date","expiry_date","domain_registrar_id","domain_registrar_name","domain_registrar_whois","domain_registrar_url","registrant_name","registrant_company","registrant_address","registrant_city","registrant_state","registrant_zip","registrant_country","registrant_email","registrant_phone","registrant_fax","administrative_name","administrative_company","administrative_address","administrative_city","administrative_state","administrative_zip","administrative_country","administrative_email","administrative_phone","administrative_fax","technical_name","technical_company","technical_address","technical_city","technical_state","technical_zip","technical_country","technical_email","technical_phone","technical_fax","billing_name","billing_company","billing_address","billing_city","billing_state","billing_zip","billing_country","billing_email","billing_phone","billing_fax","name_server_1","name_server_2","name_server_3","name_server_4","domain_status_1","domain_status_2","domain_status_3","domain_status_4"
"1","emaobao.net","2020-05-08 19:03:08","2020-05-06","2020-05-06","2021-05-06","3273","DropCatch.com 1064 LLC","","","guang nian chen","chen guang nian","dong cheng qu, jiu xian zhen, gu cheng lu, 14 hao","bei jing shi","BEI JING","100000","China","lzmarco0511@gmail.com","+86.18511551155","","guang nian chen","chen guang nian","dong cheng qu, jiu xian zhen, gu cheng lu, 14 hao","bei jing shi","BEI JING","100000","China","lzmarco0511@gmail.com","+86.18511551155","","guang nian chen","chen guang nian","dong cheng qu, jiu xian zhen, gu cheng lu, 14 hao","bei jing shi","BEI JING","100000","China","lzmarco0511@gmail.com","+86.18511551155","","","","","","","","","","","","jm1.dns.com","jm2.dns.com","","","clientTransferProhibited","","",""
"2","fil-et-croq.com","2020-05-08 20:25:11","2020-05-06","2020-05-06","2021-05-06","3273","DropCatch.com 1064 LLC","","","This domain was caught by DropCatch.com on behalf of a DropCatch customer","Pending backorder/auction delivery at www.DropCatch.com","2635 Walnut Street","Denver","CO","80205","United States","support@dropcatch.com","+1.3035029098","","This domain was caught by DropCatch.com on behalf of a DropCatch customer","Pending backorder/auction delivery at www.DropCatch.com","2635 Walnut Street","Denver","CO","80205","United States","support@dropcatch.com","+1.3035029098","","This domain was caught by DropCatch.com on behalf of a DropCatch customer","Pending backorder/auction delivery at www.DropCatch.com","2635 Walnut Street","Denver","CO","80205","United States","support@dropcatch.com","+1.3035029098","","","","","","","","","","","","ns1.namebrightdns.com","ns2.namebrightdns.com","","","OK","","",""
"3","locksmithconnection.com","2020-05-08 20:23:12","2020-05-06","2020-05-06","2021-05-06","3273","DropCatch.com 1064 LLC","","","Domain Admin / This Domain is For Sale","HugeDomains.com","2635 Walnut Street","Denver","CO","80205","United States","domains@hugedomains.com","+1.3038930552","","Domain Admin / This Domain is For Sale","HugeDomains.com","2635 Walnut Street","Denver","CO","80205","United States","domains@hugedomains.com","+1.3038930552","","Domain Admin / This Domain is For Sale","HugeDomains.com","2635 Walnut Street","Denver","CO","80205","United States","domains@hugedomains.com","+1.3038930552","","","","","","","","","","","","nsg1.namebrightdns.com","nsg2.namebrightdns.com","","","clientTransferProhibited","","",""
"4","movies08.com","2020-05-08 20:25:57","2020-05-06","2020-05-06","2021-05-06","3273","DropCatch.com 1064 LLC","","","Domain Admin / This Domain is For Sale","HugeDomains.com","2635 Walnut Street","Denver","CO","80205","United States","domains@hugedomains.com","+1.3038930552","","Domain Admin / This Domain is For Sale","HugeDomains.com","2635 Walnut Street","Denver","CO","80205","United States","domains@hugedomains.com","+1.3038930552","","Domain Admin / This Domain is For Sale","HugeDomains.com","2635 Walnut Street","Denver","CO","80205","United States","domains@hugedomains.com","+1.3038930552","","","","","","","","","","","","nsg1.namebrightdns.com","nsg2.namebrightdns.com","","","clientTransferProhibited","","",""
"5","theaterbd.com","2020-05-08 20:27:24","2020-05-06","2020-05-06","2021-05-06","3273","DropCatch.com 1064 LLC","","","Domain Admin / This Domain is For Sale","HugeDomains.com","2635 Walnut Street","Denver","CO","80205","United States","domains@hugedomains.com","+1.3038930552","","Domain Admin / This Domain is For Sale","HugeDomains.com","2635 Walnut Street","Denver","CO","80205","United States","domains@hugedomains.com","+1.3038930552","","Domain Admin / This Domain is For Sale","HugeDomains.com","2635 Walnut Street","Denver","CO","80205","United States","domains@hugedomains.com","+1.3038930552","","","","","","","","","","","","nsg1.namebrightdns.com","nsg2.namebrightdns.com","","","clientTransferProhibited","","",""
"6","toitbytoi.com","2020-05-08 20:02:43","2020-05-06","2020-05-06","2021-05-06","3273","DropCatch.com 1064 LLC","","","Domain Admin / This Domain is For Sale","HugeDomains.com","2635 Walnut Street","Denver","CO","80205","United States","domains@hugedomains.com","+1.3038930552","","Domain Admin / This Domain is For Sale","HugeDomains.com","2635 Walnut Street","Denver","CO","80205","United States","domains@hugedomains.com","+1.3038930552","","Domain Admin / This Domain is For Sale","HugeDomains.com","2635 Walnut Street","Denver","CO","80205","United States","domains@hugedomains.com","+1.3038930552","","","","","","","","","","","","nsg1.namebrightdns.com","nsg2.namebrightdns.com","","","clientTransferProhibited","","",""