"num","domain_name","query_time","create_date","update_date","expiry_date","domain_registrar_id","domain_registrar_name","domain_registrar_whois","domain_registrar_url","registrant_name","registrant_company","registrant_address","registrant_city","registrant_state","registrant_zip","registrant_country","registrant_email","registrant_phone","registrant_fax","administrative_name","administrative_company","administrative_address","administrative_city","administrative_state","administrative_zip","administrative_country","administrative_email","administrative_phone","administrative_fax","technical_name","technical_company","technical_address","technical_city","technical_state","technical_zip","technical_country","technical_email","technical_phone","technical_fax","billing_name","billing_company","billing_address","billing_city","billing_state","billing_zip","billing_country","billing_email","billing_phone","billing_fax","name_server_1","name_server_2","name_server_3","name_server_4","domain_status_1","domain_status_2","domain_status_3","domain_status_4"
"1","3y8t.com","2020-05-08 20:23:56","2020-05-06","2020-05-06","2021-05-06","2512","DROPCATCH.COM 753 LLC","whois.namebright.com","http://www.dropcatch753.com","zhaoxia Su","","shanxishengdanfengxiantumenzhen","ShangLuoShi","ShanXi","726000","China","heibatong02@gmail.com","+86.13163228470","","zhaoxia Su","","shanxishengdanfengxiantumenzhen","ShangLuoShi","ShanXi","726000","China","heibatong02@gmail.com","+86.13163228470","","zhaoxia Su","","shanxishengdanfengxiantumenzhen","ShangLuoShi","ShanXi","726000","China","heibatong02@gmail.com","+86.13163228470","","","","","","","","","","","","ns1.xz.com","ns2.xz.com","","","clientTransferProhibited","","",""
"2","enoughlies.com","2020-05-08 19:30:10","2020-05-06","2020-05-06","2021-05-06","2512","DROPCATCH.COM 753 LLC","whois.namebright.com","http://www.dropcatch753.com","Domain Admin / This Domain is For Sale","HugeDomains.com","2635 Walnut Street","Denver","CO","80205","United States","domains@hugedomains.com","+1.3038930552","","Domain Admin / This Domain is For Sale","HugeDomains.com","2635 Walnut Street","Denver","CO","80205","United States","domains@hugedomains.com","+1.3038930552","","Domain Admin / This Domain is For Sale","HugeDomains.com","2635 Walnut Street","Denver","CO","80205","United States","domains@hugedomains.com","+1.3038930552","","","","","","","","","","","","nsg1.namebrightdns.com","nsg2.namebrightdns.com","","","clientTransferProhibited","","",""
"3","fardinov.com","2020-05-08 19:31:46","2020-05-06","2020-05-06","2021-05-06","2512","DROPCATCH.COM 753 LLC","whois.namebright.com","http://www.dropcatch753.com","Domain Admin / This Domain is For Sale","HugeDomains.com","2635 Walnut Street","Denver","CO","80205","United States","domains@hugedomains.com","+1.3038930552","","Domain Admin / This Domain is For Sale","HugeDomains.com","2635 Walnut Street","Denver","CO","80205","United States","domains@hugedomains.com","+1.3038930552","","Domain Admin / This Domain is For Sale","HugeDomains.com","2635 Walnut Street","Denver","CO","80205","United States","domains@hugedomains.com","+1.3038930552","","","","","","","","","","","","nsg1.namebrightdns.com","nsg2.namebrightdns.com","","","clientTransferProhibited","","",""
"4","lonelyheartslabel.com","2020-05-08 19:33:25","2020-05-06","2020-05-06","2021-05-06","2512","DROPCATCH.COM 753 LLC","whois.namebright.com","http://www.dropcatch753.com","This domain was caught by DropCatch.com on behalf of a DropCatch customer","Pending backorder/auction delivery at www.DropCatch.com","2635 Walnut Street","Denver","CO","80205","United States","support@dropcatch.com","+1.3035029098","","This domain was caught by DropCatch.com on behalf of a DropCatch customer","Pending backorder/auction delivery at www.DropCatch.com","2635 Walnut Street","Denver","CO","80205","United States","support@dropcatch.com","+1.3035029098","","This domain was caught by DropCatch.com on behalf of a DropCatch customer","Pending backorder/auction delivery at www.DropCatch.com","2635 Walnut Street","Denver","CO","80205","United States","support@dropcatch.com","+1.3035029098","","","","","","","","","","","","ns1.namebrightdns.com","ns2.namebrightdns.com","","","OK","","",""
"5","searchmedi.com","2020-05-08 20:22:25","2020-05-06","2020-05-06","2021-05-06","2512","DROPCATCH.COM 753 LLC","whois.namebright.com","http://www.dropcatch753.com","Domain Admin / This Domain is For Sale","HugeDomains.com","2635 Walnut Street","Denver","CO","80205","United States","domains@hugedomains.com","+1.3038930552","","Domain Admin / This Domain is For Sale","HugeDomains.com","2635 Walnut Street","Denver","CO","80205","United States","domains@hugedomains.com","+1.3038930552","","Domain Admin / This Domain is For Sale","HugeDomains.com","2635 Walnut Street","Denver","CO","80205","United States","domains@hugedomains.com","+1.3038930552","","","","","","","","","","","","nsg1.namebrightdns.com","nsg2.namebrightdns.com","","","clientTransferProhibited","","",""
"6","zzxingfeng.com","2020-05-08 20:02:51","2020-05-06","2020-05-06","2021-05-06","2512","DROPCATCH.COM 753 LLC","whois.namebright.com","http://www.dropcatch753.com","ping huang","huang ping","dong po qu, san su xiang, bai jia cun, 9 zu","mei shan","si chuan","620000","China","3466137388@qq.com","+86.15678618085","","ping huang","huang ping","dong po qu, san su xiang, bai jia cun, 9 zu","mei shan","si chuan","620000","China","3466137388@qq.com","+86.15678618085","","ping huang","huang ping","dong po qu, san su xiang, bai jia cun, 9 zu","mei shan","si chuan","620000","China","3466137388@qq.com","+86.15678618085","","","","","","","","","","","","jm1.dns.com","jm2.dns.com","","","clientTransferProhibited","","",""