"num","domain_name","query_time","create_date","update_date","expiry_date","domain_registrar_id","domain_registrar_name","domain_registrar_whois","domain_registrar_url","registrant_name","registrant_company","registrant_address","registrant_city","registrant_state","registrant_zip","registrant_country","registrant_email","registrant_phone","registrant_fax","administrative_name","administrative_company","administrative_address","administrative_city","administrative_state","administrative_zip","administrative_country","administrative_email","administrative_phone","administrative_fax","technical_name","technical_company","technical_address","technical_city","technical_state","technical_zip","technical_country","technical_email","technical_phone","technical_fax","billing_name","billing_company","billing_address","billing_city","billing_state","billing_zip","billing_country","billing_email","billing_phone","billing_fax","name_server_1","name_server_2","name_server_3","name_server_4","domain_status_1","domain_status_2","domain_status_3","domain_status_4"
"1","escaperooftop.com","2020-05-08 19:32:23","2020-05-06","2020-05-06","2021-05-06","2691","DropCatch.com 932 LLC","whois.namebright.com","http://www.namebright.com","Domain Admin / This Domain is For Sale","HugeDomains.com","2635 Walnut Street","Denver","CO","80205","United States","domains@hugedomains.com","+1.3038930552","","Domain Admin / This Domain is For Sale","HugeDomains.com","2635 Walnut Street","Denver","CO","80205","United States","domains@hugedomains.com","+1.3038930552","","Domain Admin / This Domain is For Sale","HugeDomains.com","2635 Walnut Street","Denver","CO","80205","United States","domains@hugedomains.com","+1.3038930552","","","","","","","","","","","","nsg1.namebrightdns.com","nsg2.namebrightdns.com","","","clientTransferProhibited","","",""
"2","inductorguitars.com","2020-05-08 20:10:00","2020-05-06","2020-05-06","2021-05-06","2691","DropCatch.com 932 LLC","whois.namebright.com","http://www.namebright.com","zhi yong you","you zhi yong","nan kai qu, fu kang lu, 24 hao","tian jin","TIAN JIN","300000","China","lbw32lbw@gmail.com","+86.13145960052","","zhi yong you","you zhi yong","nan kai qu, fu kang lu, 24 hao","tian jin","TIAN JIN","300000","China","lbw32lbw@gmail.com","+86.13145960052","","zhi yong you","you zhi yong","nan kai qu, fu kang lu, 24 hao","tian jin","TIAN JIN","300000","China","lbw32lbw@gmail.com","+86.13145960052","","","","","","","","","","","","jm1.dns.com","jm2.dns.com","","","clientTransferProhibited","","",""
"3","shaghansmile.com","2020-05-08 20:27:27","2020-05-06","2020-05-06","2021-05-06","2691","DropCatch.com 932 LLC","whois.namebright.com","http://www.namebright.com","Domain Admin / This Domain is For Sale","HugeDomains.com","2635 Walnut Street","Denver","CO","80205","United States","domains@hugedomains.com","+1.3038930552","","Domain Admin / This Domain is For Sale","HugeDomains.com","2635 Walnut Street","Denver","CO","80205","United States","domains@hugedomains.com","+1.3038930552","","Domain Admin / This Domain is For Sale","HugeDomains.com","2635 Walnut Street","Denver","CO","80205","United States","domains@hugedomains.com","+1.3038930552","","","","","","","","","","","","nsg1.namebrightdns.com","nsg2.namebrightdns.com","","","clientTransferProhibited","","",""
"4","sz-haiyu.com","2020-05-08 20:23:20","2020-05-06","2020-05-06","2021-05-06","2691","DropCatch.com 932 LLC","whois.namebright.com","http://www.namebright.com","jianfeng wu","","hefeishi,luyangqu,caifuguangchangshouzuo,1107hao","hefei","Anhui Sheng","230001","China","admin@juming.com","+86.4009972996","","jianfeng wu","","hefeishi,luyangqu,caifuguangchangshouzuo,1107hao","hefei","Anhui Sheng","230001","China","admin@juming.com","+86.4009972996","","jianfeng wu","","hefeishi,luyangqu,caifuguangchangshouzuo,1107hao","hefei","Anhui Sheng","230001","China","admin@juming.com","+86.4009972996","","","","","","","","","","","","jm1.dns.com","jm2.dns.com","","","clientTransferProhibited","","",""
"5","ticole.com","2020-05-08 19:33:51","2020-05-06","2020-05-06","2021-05-06","2691","DropCatch.com 932 LLC","whois.namebright.com","http://www.namebright.com","Domain Admin / This Domain is For Sale","HugeDomains.com","2635 Walnut Street","Denver","CO","80205","United States","domains@hugedomains.com","+1.3038930552","","Domain Admin / This Domain is For Sale","HugeDomains.com","2635 Walnut Street","Denver","CO","80205","United States","domains@hugedomains.com","+1.3038930552","","Domain Admin / This Domain is For Sale","HugeDomains.com","2635 Walnut Street","Denver","CO","80205","United States","domains@hugedomains.com","+1.3038930552","","","","","","","","","","","","nsg1.namebrightdns.com","nsg2.namebrightdns.com","","","clientTransferProhibited","","",""
"6","zuitujimiao.com","2020-05-08 20:26:10","2020-05-06","2020-05-06","2021-05-06","2691","DropCatch.com 932 LLC","whois.namebright.com","http://www.namebright.com","jianfeng wu","","hefeishi,luyangqu,caifuguangchangshouzuo,1107hao","hefei","Anhui Sheng","230001","China","admin@juming.com","+86.4009972996","","jianfeng wu","","hefeishi,luyangqu,caifuguangchangshouzuo,1107hao","hefei","Anhui Sheng","230001","China","admin@juming.com","+86.4009972996","","jianfeng wu","","hefeishi,luyangqu,caifuguangchangshouzuo,1107hao","hefei","Anhui Sheng","230001","China","admin@juming.com","+86.4009972996","","","","","","","","","","","","jm1.dns.com","jm2.dns.com","","","clientTransferProhibited","","",""