"num","domain_name","query_time","create_date","update_date","expiry_date","domain_registrar_id","domain_registrar_name","domain_registrar_whois","domain_registrar_url","registrant_name","registrant_company","registrant_address","registrant_city","registrant_state","registrant_zip","registrant_country","registrant_email","registrant_phone","registrant_fax","administrative_name","administrative_company","administrative_address","administrative_city","administrative_state","administrative_zip","administrative_country","administrative_email","administrative_phone","administrative_fax","technical_name","technical_company","technical_address","technical_city","technical_state","technical_zip","technical_country","technical_email","technical_phone","technical_fax","billing_name","billing_company","billing_address","billing_city","billing_state","billing_zip","billing_country","billing_email","billing_phone","billing_fax","name_server_1","name_server_2","name_server_3","name_server_4","domain_status_1","domain_status_2","domain_status_3","domain_status_4"
"1","acadvocat.com","2020-05-08 20:43:04","2020-05-07","2020-05-07","2021-05-07","1600","Estrategias WebSite S.L.","whois2.virtualname.es","http://www.virtualpyme.com/","GDPR Masked","GDPR Masked","GDPR Masked","GDPR Masked","Tarragona","GDPR Masked","Spain","gdpr-masking@gdpr-masked.com","GDPR Masked","GDPR Masked","GDPR Masked","GDPR Masked","GDPR Masked","GDPR Masked","GDPR Masked","GDPR Masked","GDPR Masked","gdpr-masking@gdpr-masked.com","GDPR Masked","GDPR Masked","GDPR Masked","GDPR Masked","GDPR Masked","GDPR Masked","GDPR Masked","GDPR Masked","GDPR Masked","gdpr-masking@gdpr-masked.com","GDPR Masked","GDPR Masked","","","","","","","","","","","dns1.raiolanetworks.es","dns2.raiolanetworks.es","dns3.raiolanetworks.es","","clientTransferProhibited","","",""
"2","ahoranosotras.com","2020-05-08 20:02:42","2020-05-06","2020-05-06","2021-05-06","1600","Estrategias WebSite S.L.","whois2.virtualname.es","http://www.virtualpyme.com/","GDPR Masked","GDPR Masked","GDPR Masked","GDPR Masked","ALMERIA","GDPR Masked","Spain","gdpr-masking@gdpr-masked.com","GDPR Masked","GDPR Masked","GDPR Masked","GDPR Masked","GDPR Masked","GDPR Masked","GDPR Masked","GDPR Masked","GDPR Masked","gdpr-masking@gdpr-masked.com","GDPR Masked","GDPR Masked","GDPR Masked","GDPR Masked","GDPR Masked","GDPR Masked","GDPR Masked","GDPR Masked","GDPR Masked","gdpr-masking@gdpr-masked.com","GDPR Masked","GDPR Masked","","","","","","","","","","","dns1.raiolanetworks.es","dns2.raiolanetworks.es","dns3.raiolanetworks.es","","clientTransferProhibited","","",""
"3","albadeportes.com","2020-05-08 20:50:48","2020-05-07","2020-05-07","2021-05-07","1600","Estrategias WebSite S.L.","whois2.virtualname.es","http://www.virtualpyme.com/","GDPR Masked","GDPR Masked","GDPR Masked","GDPR Masked","Cordoba","GDPR Masked","Spain","gdpr-masking@gdpr-masked.com","GDPR Masked","GDPR Masked","GDPR Masked","GDPR Masked","GDPR Masked","GDPR Masked","GDPR Masked","GDPR Masked","GDPR Masked","gdpr-masking@gdpr-masked.com","GDPR Masked","GDPR Masked","GDPR Masked","GDPR Masked","GDPR Masked","GDPR Masked","GDPR Masked","GDPR Masked","GDPR Masked","gdpr-masking@gdpr-masked.com","GDPR Masked","GDPR Masked","","","","","","","","","","","ns1.laprimeracloud04.com","ns2.laprimeracloud04.com","","","clientTransferProhibited","","",""
"4","apalademos.com","2020-05-08 21:21:00","2020-05-06","2020-05-06","2021-05-06","1600","Estrategias WebSite S.L.","whois2.virtualname.es","http://www.virtualpyme.com/","GDPR Masked","GDPR Masked","GDPR Masked","GDPR Masked","MADRID","GDPR Masked","Spain","gdpr-masking@gdpr-masked.com","GDPR Masked","GDPR Masked","GDPR Masked","GDPR Masked","GDPR Masked","GDPR Masked","GDPR Masked","GDPR Masked","GDPR Masked","gdpr-masking@gdpr-masked.com","GDPR Masked","GDPR Masked","GDPR Masked","GDPR Masked","GDPR Masked","GDPR Masked","GDPR Masked","GDPR Masked","GDPR Masked","gdpr-masking@gdpr-masked.com","GDPR Masked","GDPR Masked","","","","","","","","","","","dns1.raiolanetworks.es","dns2.raiolanetworks.es","dns3.raiolanetworks.es","","clientTransferProhibited","","",""
"5","asociacionage.com","2020-05-08 20:00:21","2020-05-06","2020-05-06","2021-05-06","1600","Estrategias WebSite S.L.","whois2.virtualname.es","http://www.virtualpyme.com/","Domain Admin","Privacy Protect, LLC (PrivacyProtect.org)","10 Corporate Drive","Burlington","MA","01803","United States","contact@privacyprotect.org","+1.8022274003","","Domain Admin","Privacy Protect, LLC (PrivacyProtect.org)","10 Corporate Drive","Burlington","MA","01803","United States","contact@privacyprotect.org","+1.8022274003","","Domain Admin","Privacy Protect, LLC (PrivacyProtect.org)","10 Corporate Drive","Burlington","MA","01803","United States","contact@privacyprotect.org","+1.8022274003","","","","","","","","","","","","dns1.raiolanetworks.es","dns2.raiolanetworks.es","dns3.raiolanetworks.es","","clientTransferProhibited","","",""
"6","bazarbymuna.com","2020-05-08 20:40:20","2020-05-07","2020-05-07","2021-05-07","1600","Estrategias WebSite S.L.","whois2.virtualname.es","http://www.virtualpyme.com/","GDPR Masked","GDPR Masked","GDPR Masked","GDPR Masked","Coruna, A","GDPR Masked","Spain","gdpr-masking@gdpr-masked.com","GDPR Masked","GDPR Masked","GDPR Masked","GDPR Masked","GDPR Masked","GDPR Masked","GDPR Masked","GDPR Masked","GDPR Masked","gdpr-masking@gdpr-masked.com","GDPR Masked","GDPR Masked","GDPR Masked","GDPR Masked","GDPR Masked","GDPR Masked","GDPR Masked","GDPR Masked","GDPR Masked","gdpr-masking@gdpr-masked.com","GDPR Masked","GDPR Masked","","","","","","","","","","","kanye.ns.cloudflare.com","vida.ns.cloudflare.com","","","clientTransferProhibited","","",""
"7","carta-menu.com","2020-05-08 20:31:51","2020-05-07","2020-05-07","2021-05-07","1600","Estrategias WebSite S.L.","whois2.virtualname.es","http://www.virtualpyme.com/","GDPR Masked","GDPR Masked","GDPR Masked","GDPR Masked","Lugo","GDPR Masked","Spain","gdpr-masking@gdpr-masked.com","GDPR Masked","GDPR Masked","GDPR Masked","GDPR Masked","GDPR Masked","GDPR Masked","GDPR Masked","GDPR Masked","GDPR Masked","gdpr-masking@gdpr-masked.com","GDPR Masked","GDPR Masked","GDPR Masked","GDPR Masked","GDPR Masked","GDPR Masked","GDPR Masked","GDPR Masked","GDPR Masked","gdpr-masking@gdpr-masked.com","GDPR Masked","GDPR Masked","","","","","","","","","","","ns1.imglohosting.com","ns2.imglohosting.com","","","clientTransferProhibited","","",""
"8","causastreetfood.com","2020-05-08 20:27:02","2020-05-06","2020-05-06","2021-05-06","1600","Estrategias WebSite S.L.","whois2.virtualname.es","http://www.virtualpyme.com/","GDPR Masked","GDPR Masked","GDPR Masked","GDPR Masked","Pontevedra","GDPR Masked","Spain","gdpr-masking@gdpr-masked.com","GDPR Masked","GDPR Masked","GDPR Masked","GDPR Masked","GDPR Masked","GDPR Masked","GDPR Masked","GDPR Masked","GDPR Masked","gdpr-masking@gdpr-masked.com","GDPR Masked","GDPR Masked","GDPR Masked","GDPR Masked","GDPR Masked","GDPR Masked","GDPR Masked","GDPR Masked","GDPR Masked","gdpr-masking@gdpr-masked.com","GDPR Masked","GDPR Masked","","","","","","","","","","","dns1.raiolanetworks.es","dns2.raiolanetworks.es","dns3.raiolanetworks.es","","clientTransferProhibited","","",""
"9","cavannawind.com","2020-05-08 19:30:42","2020-05-07","2020-05-07","2021-05-07","1600","Estrategias WebSite S.L.","whois2.virtualname.es","http://www.virtualpyme.com/","GDPR Masked","GDPR Masked","GDPR Masked","GDPR Masked","murcia","GDPR Masked","Spain","gdpr-masking@gdpr-masked.com","GDPR Masked","GDPR Masked","GDPR Masked","GDPR Masked","GDPR Masked","GDPR Masked","GDPR Masked","GDPR Masked","GDPR Masked","gdpr-masking@gdpr-masked.com","GDPR Masked","GDPR Masked","GDPR Masked","GDPR Masked","GDPR Masked","GDPR Masked","GDPR Masked","GDPR Masked","GDPR Masked","gdpr-masking@gdpr-masked.com","GDPR Masked","GDPR Masked","","","","","","","","","","","net100.webcloud.es","net100a.webcloud.es","","","clientTransferProhibited","","",""
"10","condedetorrepalma.com","2020-05-08 20:50:49","2020-05-07","2020-05-07","2021-05-07","1600","Estrategias WebSite S.L.","whois2.virtualname.es","http://www.virtualpyme.com/","GDPR Masked","GDPR Masked","GDPR Masked","GDPR Masked","JAEN","GDPR Masked","Spain","gdpr-masking@gdpr-masked.com","GDPR Masked","GDPR Masked","GDPR Masked","GDPR Masked","GDPR Masked","GDPR Masked","GDPR Masked","GDPR Masked","GDPR Masked","gdpr-masking@gdpr-masked.com","GDPR Masked","GDPR Masked","GDPR Masked","GDPR Masked","GDPR Masked","GDPR Masked","GDPR Masked","GDPR Masked","GDPR Masked","gdpr-masking@gdpr-masked.com","GDPR Masked","GDPR Masked","","","","","","","","","","","ns1.laprimeracloud04.com","ns2.laprimeracloud04.com","","","clientTransferProhibited","","",""
"11","creduka.com","2020-05-08 19:55:57","2020-05-07","2020-05-07","2021-05-07","1600","Estrategias WebSite S.L.","whois2.virtualname.es","http://www.virtualpyme.com/","Domain Admin","Privacy Protect, LLC (PrivacyProtect.org)","10 Corporate Drive","Burlington","MA","01803","United States","contact@privacyprotect.org","+1.8022274003","","Domain Admin","Privacy Protect, LLC (PrivacyProtect.org)","10 Corporate Drive","Burlington","MA","01803","United States","contact@privacyprotect.org","+1.8022274003","","Domain Admin","Privacy Protect, LLC (PrivacyProtect.org)","10 Corporate Drive","Burlington","MA","01803","United States","contact@privacyprotect.org","+1.8022274003","","","","","","","","","","","","ns1.clientes.cloud","ns2.clientes.cloud","ns3.clientes.cloud","ns4.clientes.cloud","clientTransferProhibited","","",""
"12","cripto-inversiones.com","2020-05-08 20:13:59","2020-05-06","2020-05-06","2021-05-06","1600","Estrategias WebSite S.L.","whois2.virtualname.es","http://www.virtualpyme.com/","Domain Admin","Privacy Protect, LLC (PrivacyProtect.org)","10 Corporate Drive","Burlington","MA","01803","United States","contact@privacyprotect.org","+1.8022274003","","Domain Admin","Privacy Protect, LLC (PrivacyProtect.org)","10 Corporate Drive","Burlington","MA","01803","United States","contact@privacyprotect.org","+1.8022274003","","Domain Admin","Privacy Protect, LLC (PrivacyProtect.org)","10 Corporate Drive","Burlington","MA","01803","United States","contact@privacyprotect.org","+1.8022274003","","","","","","","","","","","","a01.platino.publiweb.net","a02.platino.publiweb.net","","","clientTransferProhibited","","",""
"13","cubo35.com","2020-05-08 19:39:17","2020-05-07","2020-05-07","2021-05-07","1600","Estrategias WebSite S.L.","whois2.virtualname.es","http://www.virtualpyme.com/","GDPR Masked","GDPR Masked","GDPR Masked","GDPR Masked","Girona","GDPR Masked","Spain","gdpr-masking@gdpr-masked.com","GDPR Masked","GDPR Masked","GDPR Masked","GDPR Masked","GDPR Masked","GDPR Masked","GDPR Masked","GDPR Masked","GDPR Masked","gdpr-masking@gdpr-masked.com","GDPR Masked","GDPR Masked","GDPR Masked","GDPR Masked","GDPR Masked","GDPR Masked","GDPR Masked","GDPR Masked","GDPR Masked","gdpr-masking@gdpr-masked.com","GDPR Masked","GDPR Masked","","","","","","","","","","","ns1.lucushost.com","ns2.lucushost.com","ns3.lucushost.com","","clientTransferProhibited","","",""
"14","cuentosconrecorrido.com","2020-05-08 20:24:09","2020-05-06","2020-05-06","2021-05-06","1600","Estrategias WebSite S.L.","whois2.virtualname.es","http://www.virtualpyme.com/","GDPR Masked","GDPR Masked","GDPR Masked","GDPR Masked","Rioja, La","GDPR Masked","Spain","gdpr-masking@gdpr-masked.com","GDPR Masked","GDPR Masked","GDPR Masked","GDPR Masked","GDPR Masked","GDPR Masked","GDPR Masked","GDPR Masked","GDPR Masked","gdpr-masking@gdpr-masked.com","GDPR Masked","GDPR Masked","GDPR Masked","GDPR Masked","GDPR Masked","GDPR Masked","GDPR Masked","GDPR Masked","GDPR Masked","gdpr-masking@gdpr-masked.com","GDPR Masked","GDPR Masked","","","","","","","","","","","ns1.lucushost.com","ns2.lucushost.com","ns3.lucushost.com","","clientTransferProhibited","","",""
"15","cuida-tupiel.com","2020-05-08 19:24:07","2020-05-07","2020-05-07","2021-05-07","1600","Estrategias WebSite S.L.","whois2.virtualname.es","http://www.virtualpyme.com/","GDPR Masked","GDPR Masked","GDPR Masked","GDPR Masked","Toledo","GDPR Masked","Spain","gdpr-masking@gdpr-masked.com","GDPR Masked","GDPR Masked","GDPR Masked","GDPR Masked","GDPR Masked","GDPR Masked","GDPR Masked","GDPR Masked","GDPR Masked","gdpr-masking@gdpr-masked.com","GDPR Masked","GDPR Masked","GDPR Masked","GDPR Masked","GDPR Masked","GDPR Masked","GDPR Masked","GDPR Masked","GDPR Masked","gdpr-masking@gdpr-masked.com","GDPR Masked","GDPR Masked","","","","","","","","","","","dns1.raiolanetworks.es","dns2.raiolanetworks.es","dns3.raiolanetworks.es","","clientTransferProhibited","","",""
"16","d-citas.com","2020-05-08 21:15:05","2020-05-06","2020-05-06","2021-05-06","1600","Estrategias WebSite S.L.","whois2.virtualname.es","http://www.virtualpyme.com/","Domain Admin","Privacy Protect, LLC (PrivacyProtect.org)","10 Corporate Drive","Burlington","MA","01803","United States","contact@privacyprotect.org","+1.8022274003","","Domain Admin","Privacy Protect, LLC (PrivacyProtect.org)","10 Corporate Drive","Burlington","MA","01803","United States","contact@privacyprotect.org","+1.8022274003","","Domain Admin","Privacy Protect, LLC (PrivacyProtect.org)","10 Corporate Drive","Burlington","MA","01803","United States","contact@privacyprotect.org","+1.8022274003","","","","","","","","","","","","dns1.raiolanetworks.es","dns2.raiolanetworks.es","dns3.raiolanetworks.es","","clientTransferProhibited","","",""
"17","debhack.net","2020-05-08 19:03:21","2020-05-06","2020-05-08","2021-05-06","1600","Estrategias WebSite S.L.","whois2.virtualname.es","http://www.virtualpyme.com/","Domain Admin","Privacy Protect, LLC (PrivacyProtect.org)","10 Corporate Drive","Burlington","MA","01803","United States","contact@privacyprotect.org","+1.8022274003","","Domain Admin","Privacy Protect, LLC (PrivacyProtect.org)","10 Corporate Drive","Burlington","MA","01803","United States","contact@privacyprotect.org","+1.8022274003","","Domain Admin","Privacy Protect, LLC (PrivacyProtect.org)","10 Corporate Drive","Burlington","MA","01803","United States","contact@privacyprotect.org","+1.8022274003","","","","","","","","","","","","ns1.neodigit.net","ns2.neodigit.net","","","clientTransferProhibited","","",""
"18","diegovillalbavideos.com","2020-05-08 20:27:03","2020-05-06","2020-05-06","2021-05-06","1600","Estrategias WebSite S.L.","whois2.virtualname.es","http://www.virtualpyme.com/","GDPR Masked","GDPR Masked","GDPR Masked","GDPR Masked","Cadiz","GDPR Masked","Spain","gdpr-masking@gdpr-masked.com","GDPR Masked","GDPR Masked","GDPR Masked","GDPR Masked","GDPR Masked","GDPR Masked","GDPR Masked","GDPR Masked","GDPR Masked","gdpr-masking@gdpr-masked.com","GDPR Masked","GDPR Masked","GDPR Masked","GDPR Masked","GDPR Masked","GDPR Masked","GDPR Masked","GDPR Masked","GDPR Masked","gdpr-masking@gdpr-masked.com","GDPR Masked","GDPR Masked","","","","","","","","","","","ns1.virtualns.net","ns2.virtualns.net","","","clientTransferProhibited","","",""
"19","digitalizamiempresa.com","2020-05-08 19:41:30","2020-05-07","2020-05-07","2021-05-07","1600","Estrategias WebSite S.L.","whois2.virtualname.es","http://www.virtualpyme.com/","Domain Admin","Privacy Protect, LLC (PrivacyProtect.org)","10 Corporate Drive","Burlington","MA","01803","United States","contact@privacyprotect.org","+1.8022274003","","Domain Admin","Privacy Protect, LLC (PrivacyProtect.org)","10 Corporate Drive","Burlington","MA","01803","United States","contact@privacyprotect.org","+1.8022274003","","Domain Admin","Privacy Protect, LLC (PrivacyProtect.org)","10 Corporate Drive","Burlington","MA","01803","United States","contact@privacyprotect.org","+1.8022274003","","","","","","","","","","","","dns1.raiolanetworks.es","dns2.raiolanetworks.es","dns3.raiolanetworks.es","","clientTransferProhibited","","",""
"20","dimensiontecnologica.com","2020-05-08 20:50:47","2020-05-07","2020-05-07","2021-05-07","1600","Estrategias WebSite S.L.","whois2.virtualname.es","http://www.virtualpyme.com/","Francisco Medina","","Santa Isabel 517","Santiago","Santiago","8331146","Chile","solucionencomputacion@gmail.com","+56.56982537345","","Francisco Medina","","Santa Isabel 517","Santiago","Santiago","8331146","Chile","solucionencomputacion@gmail.com","+56.56982537345","","Francisco Medina","","Santa Isabel 517","Santiago","Santiago","8331146","Chile","solucionencomputacion@gmail.com","+56.56982537345","","","","","","","","","","","","ns1.laprimeracloud04.com","ns2.laprimeracloud04.com","","","clientTransferProhibited","","",""
"21","distribucioncasadelvinojavea.com","2020-05-08 20:51:07","2020-05-07","2020-05-07","2021-05-07","1600","Estrategias WebSite S.L.","whois2.virtualname.es","http://www.virtualpyme.com/","GDPR Masked","GDPR Masked","GDPR Masked","GDPR Masked","ALICANTE","GDPR Masked","Spain","gdpr-masking@gdpr-masked.com","GDPR Masked","GDPR Masked","GDPR Masked","GDPR Masked","GDPR Masked","GDPR Masked","GDPR Masked","GDPR Masked","GDPR Masked","gdpr-masking@gdpr-masked.com","GDPR Masked","GDPR Masked","GDPR Masked","GDPR Masked","GDPR Masked","GDPR Masked","GDPR Masked","GDPR Masked","GDPR Masked","gdpr-masking@gdpr-masked.com","GDPR Masked","GDPR Masked","","","","","","","","","","","ns1.laprimeracloud04.com","ns2.laprimeracloud04.com","","","clientTransferProhibited","","",""
"22","diversiabusiness.com","2020-05-08 20:03:29","2020-05-06","2020-05-06","2021-05-06","1600","Estrategias WebSite S.L.","whois2.virtualname.es","http://www.virtualpyme.com/","Domain Admin","Privacy Protect, LLC (PrivacyProtect.org)","10 Corporate Drive","Burlington","MA","01803","United States","contact@privacyprotect.org","+1.8022274003","","Domain Admin","Privacy Protect, LLC (PrivacyProtect.org)","10 Corporate Drive","Burlington","MA","01803","United States","contact@privacyprotect.org","+1.8022274003","","Domain Admin","Privacy Protect, LLC (PrivacyProtect.org)","10 Corporate Drive","Burlington","MA","01803","United States","contact@privacyprotect.org","+1.8022274003","","","","","","","","","","","","dns1.raiolanetworks.es","dns2.raiolanetworks.es","dns3.raiolanetworks.es","","clientTransferProhibited","","",""
"23","doninfodoctor.com","2020-05-08 19:54:20","2020-05-07","2020-05-07","2021-05-07","1600","Estrategias WebSite S.L.","whois2.virtualname.es","http://www.virtualpyme.com/","GDPR Masked","GDPR Masked","GDPR Masked","GDPR Masked","SEVILLA","GDPR Masked","Spain","gdpr-masking@gdpr-masked.com","GDPR Masked","GDPR Masked","GDPR Masked","GDPR Masked","GDPR Masked","GDPR Masked","GDPR Masked","GDPR Masked","GDPR Masked","gdpr-masking@gdpr-masked.com","GDPR Masked","GDPR Masked","GDPR Masked","GDPR Masked","GDPR Masked","GDPR Masked","GDPR Masked","GDPR Masked","GDPR Masked","gdpr-masking@gdpr-masked.com","GDPR Masked","GDPR Masked","","","","","","","","","","","ns1.lucushost.com","ns2.lucushost.com","ns3.lucushost.com","","clientTransferProhibited","","",""
"24","elison-av.com","2020-05-08 20:01:33","2020-05-06","2020-05-06","2021-05-06","1600","Estrategias WebSite S.L.","whois2.virtualname.es","http://www.virtualpyme.com/","GDPR Masked","GDPR Masked","GDPR Masked","GDPR Masked","Navarra","GDPR Masked","Spain","gdpr-masking@gdpr-masked.com","GDPR Masked","GDPR Masked","GDPR Masked","GDPR Masked","GDPR Masked","GDPR Masked","GDPR Masked","GDPR Masked","GDPR Masked","gdpr-masking@gdpr-masked.com","GDPR Masked","GDPR Masked","GDPR Masked","GDPR Masked","GDPR Masked","GDPR Masked","GDPR Masked","GDPR Masked","GDPR Masked","gdpr-masking@gdpr-masked.com","GDPR Masked","GDPR Masked","","","","","","","","","","","dns1.raiolanetworks.es","dns2.raiolanetworks.es","dns3.raiolanetworks.es","","clientTransferProhibited","","",""
"25","elmundoenlamaleta.com","2020-05-08 19:28:38","2020-05-07","2020-05-07","2021-05-07","1600","Estrategias WebSite S.L.","whois2.virtualname.es","http://www.virtualpyme.com/","Domain Admin","Privacy Protect, LLC (PrivacyProtect.org)","10 Corporate Drive","Burlington","MA","01803","United States","contact@privacyprotect.org","+1.8022274003","","Domain Admin","Privacy Protect, LLC (PrivacyProtect.org)","10 Corporate Drive","Burlington","MA","01803","United States","contact@privacyprotect.org","+1.8022274003","","Domain Admin","Privacy Protect, LLC (PrivacyProtect.org)","10 Corporate Drive","Burlington","MA","01803","United States","contact@privacyprotect.org","+1.8022274003","","","","","","","","","","","","dns1.raiolanetworks.es","dns2.raiolanetworks.es","dns3.raiolanetworks.es","","clientTransferProhibited","","",""
"26","eltieso.com","2020-05-08 20:37:57","2020-05-07","2020-05-07","2021-05-07","1600","Estrategias WebSite S.L.","whois2.virtualname.es","http://www.virtualpyme.com/","Domain Admin","Privacy Protect, LLC (PrivacyProtect.org)","10 Corporate Drive","Burlington","MA","01803","United States","contact@privacyprotect.org","+1.8022274003","","Domain Admin","Privacy Protect, LLC (PrivacyProtect.org)","10 Corporate Drive","Burlington","MA","01803","United States","contact@privacyprotect.org","+1.8022274003","","Domain Admin","Privacy Protect, LLC (PrivacyProtect.org)","10 Corporate Drive","Burlington","MA","01803","United States","contact@privacyprotect.org","+1.8022274003","","","","","","","","","","","","seo-dns1.raiolanetworks.es","seo-dns2.raiolanetworks.es","","","clientTransferProhibited","","",""
"27","entrenaconvictorcruz.com","2020-05-08 19:39:39","2020-05-07","2020-05-07","2021-05-07","1600","Estrategias WebSite S.L.","whois2.virtualname.es","http://www.virtualpyme.com/","GDPR Masked","GDPR Masked","GDPR Masked","GDPR Masked","JAEN","GDPR Masked","Spain","gdpr-masking@gdpr-masked.com","GDPR Masked","GDPR Masked","GDPR Masked","GDPR Masked","GDPR Masked","GDPR Masked","GDPR Masked","GDPR Masked","GDPR Masked","gdpr-masking@gdpr-masked.com","GDPR Masked","GDPR Masked","GDPR Masked","GDPR Masked","GDPR Masked","GDPR Masked","GDPR Masked","GDPR Masked","GDPR Masked","gdpr-masking@gdpr-masked.com","GDPR Masked","GDPR Masked","","","","","","","","","","","dns1.raiolanetworks.es","dns2.raiolanetworks.es","dns3.raiolanetworks.es","","clientTransferProhibited","","",""
"28","escueladetrompetaonline.com","2020-05-08 20:01:30","2020-05-06","2020-05-06","2021-05-06","1600","Estrategias WebSite S.L.","whois2.virtualname.es","http://www.virtualpyme.com/","Domain Admin","Privacy Protect, LLC (PrivacyProtect.org)","10 Corporate Drive","Burlington","MA","01803","United States","contact@privacyprotect.org","+1.8022274003","","Domain Admin","Privacy Protect, LLC (PrivacyProtect.org)","10 Corporate Drive","Burlington","MA","01803","United States","contact@privacyprotect.org","+1.8022274003","","Domain Admin","Privacy Protect, LLC (PrivacyProtect.org)","10 Corporate Drive","Burlington","MA","01803","United States","contact@privacyprotect.org","+1.8022274003","","","","","","","","","","","","dns1.raiolanetworks.es","dns2.raiolanetworks.es","dns3.raiolanetworks.es","","clientTransferProhibited","","",""
"29","escuelainfantilandiamo.com","2020-05-08 19:41:01","2020-05-07","2020-05-07","2021-05-07","1600","Estrategias WebSite S.L.","whois2.virtualname.es","http://www.virtualpyme.com/","GDPR Masked","GDPR Masked","GDPR Masked","GDPR Masked","Coruna, A","GDPR Masked","Spain","gdpr-masking@gdpr-masked.com","GDPR Masked","GDPR Masked","GDPR Masked","GDPR Masked","GDPR Masked","GDPR Masked","GDPR Masked","GDPR Masked","GDPR Masked","gdpr-masking@gdpr-masked.com","GDPR Masked","GDPR Masked","GDPR Masked","GDPR Masked","GDPR Masked","GDPR Masked","GDPR Masked","GDPR Masked","GDPR Masked","gdpr-masking@gdpr-masked.com","GDPR Masked","GDPR Masked","","","","","","","","","","","dns1.raiolanetworks.es","dns2.raiolanetworks.es","dns3.raiolanetworks.es","","clientTransferProhibited","","",""
"30","espaciolibrecovid.com","2020-05-08 20:02:02","2020-05-06","2020-05-06","2021-05-06","1600","Estrategias WebSite S.L.","whois2.virtualname.es","http://www.virtualpyme.com/","GDPR Masked","GDPR Masked","GDPR Masked","GDPR Masked","SEVILLA","GDPR Masked","Spain","gdpr-masking@gdpr-masked.com","GDPR Masked","GDPR Masked","GDPR Masked","GDPR Masked","GDPR Masked","GDPR Masked","GDPR Masked","GDPR Masked","GDPR Masked","gdpr-masking@gdpr-masked.com","GDPR Masked","GDPR Masked","GDPR Masked","GDPR Masked","GDPR Masked","GDPR Masked","GDPR Masked","GDPR Masked","GDPR Masked","gdpr-masking@gdpr-masked.com","GDPR Masked","GDPR Masked","","","","","","","","","","","ns1.campuseusa.net","ns2.campuseusa.net","","","clientTransferProhibited","","",""
"31","etericresidencial.com","2020-05-08 19:41:22","2020-05-07","2020-05-07","2021-05-07","1600","Estrategias WebSite S.L.","whois2.virtualname.es","http://www.virtualpyme.com/","GDPR Masked","GDPR Masked","GDPR Masked","GDPR Masked","MADRID","GDPR Masked","Spain","gdpr-masking@gdpr-masked.com","GDPR Masked","GDPR Masked","GDPR Masked","GDPR Masked","GDPR Masked","GDPR Masked","GDPR Masked","GDPR Masked","GDPR Masked","gdpr-masking@gdpr-masked.com","GDPR Masked","GDPR Masked","GDPR Masked","GDPR Masked","GDPR Masked","GDPR Masked","GDPR Masked","GDPR Masked","GDPR Masked","gdpr-masking@gdpr-masked.com","GDPR Masked","GDPR Masked","","","","","","","","","","","dns1.raiolanetworks.es","dns2.raiolanetworks.es","dns3.raiolanetworks.es","","clientTransferProhibited","","",""
"32","evolucionaaoralb.com","2020-05-08 19:56:46","2020-05-07","2020-05-07","2021-05-07","1600","Estrategias WebSite S.L.","whois2.virtualname.es","http://www.virtualpyme.com/","GDPR Masked","GDPR Masked","GDPR Masked","GDPR Masked","MADRID","GDPR Masked","Spain","gdpr-masking@gdpr-masked.com","GDPR Masked","GDPR Masked","GDPR Masked","GDPR Masked","GDPR Masked","GDPR Masked","GDPR Masked","GDPR Masked","GDPR Masked","gdpr-masking@gdpr-masked.com","GDPR Masked","GDPR Masked","GDPR Masked","GDPR Masked","GDPR Masked","GDPR Masked","GDPR Masked","GDPR Masked","GDPR Masked","gdpr-masking@gdpr-masked.com","GDPR Masked","GDPR Masked","","","","","","","","","","","ns1.neodigit.net","ns2.neodigit.net","","","clientTransferProhibited","","",""
"33","farmaciaalcala321.com","2020-05-08 19:57:43","2020-05-07","2020-05-07","2021-05-07","1600","Estrategias WebSite S.L.","whois2.virtualname.es","http://www.virtualpyme.com/","GDPR Masked","GDPR Masked","GDPR Masked","GDPR Masked","MADRID","GDPR Masked","Spain","gdpr-masking@gdpr-masked.com","GDPR Masked","GDPR Masked","GDPR Masked","GDPR Masked","GDPR Masked","GDPR Masked","GDPR Masked","GDPR Masked","GDPR Masked","gdpr-masking@gdpr-masked.com","GDPR Masked","GDPR Masked","GDPR Masked","GDPR Masked","GDPR Masked","GDPR Masked","GDPR Masked","GDPR Masked","GDPR Masked","gdpr-masking@gdpr-masked.com","GDPR Masked","GDPR Masked","","","","","","","","","","","ns1.grupodwdns.com","ns2.grupodwdns.com","","","clientTransferProhibited","","",""
"34","gallosdelnorte.com","2020-05-08 20:28:38","2020-05-06","2020-05-06","2021-05-06","1600","Estrategias WebSite S.L.","whois2.virtualname.es","http://www.virtualpyme.com/","GDPR Masked","GDPR Masked","GDPR Masked","GDPR Masked","Coruna, A","GDPR Masked","Spain","gdpr-masking@gdpr-masked.com","GDPR Masked","GDPR Masked","GDPR Masked","GDPR Masked","GDPR Masked","GDPR Masked","GDPR Masked","GDPR Masked","GDPR Masked","gdpr-masking@gdpr-masked.com","GDPR Masked","GDPR Masked","GDPR Masked","GDPR Masked","GDPR Masked","GDPR Masked","GDPR Masked","GDPR Masked","GDPR Masked","gdpr-masking@gdpr-masked.com","GDPR Masked","GDPR Masked","","","","","","","","","","","ns1.andaina.net","ns2.andaina.net","","","clientTransferProhibited","","",""
"35","germidem.com","2020-05-08 19:30:55","2020-05-07","2020-05-07","2021-05-07","1600","Estrategias WebSite S.L.","whois2.virtualname.es","http://www.virtualpyme.com/","Domain Admin","Privacy Protect, LLC (PrivacyProtect.org)","10 Corporate Drive","Burlington","MA","01803","United States","contact@privacyprotect.org","+1.8022274003","","Domain Admin","Privacy Protect, LLC (PrivacyProtect.org)","10 Corporate Drive","Burlington","MA","01803","United States","contact@privacyprotect.org","+1.8022274003","","Domain Admin","Privacy Protect, LLC (PrivacyProtect.org)","10 Corporate Drive","Burlington","MA","01803","United States","contact@privacyprotect.org","+1.8022274003","","","","","","","","","","","","dns1.raiolanetworks.es","dns2.raiolanetworks.es","dns3.raiolanetworks.es","","clientTransferProhibited","","",""
"36","ghezzidigital.com","2020-05-08 19:28:39","2020-05-07","2020-05-07","2021-05-07","1600","Estrategias WebSite S.L.","whois2.virtualname.es","http://www.virtualpyme.com/","GDPR Masked","GDPR Masked","GDPR Masked","GDPR Masked","MADRID","GDPR Masked","Spain","gdpr-masking@gdpr-masked.com","GDPR Masked","GDPR Masked","GDPR Masked","GDPR Masked","GDPR Masked","GDPR Masked","GDPR Masked","GDPR Masked","GDPR Masked","gdpr-masking@gdpr-masked.com","GDPR Masked","GDPR Masked","GDPR Masked","GDPR Masked","GDPR Masked","GDPR Masked","GDPR Masked","GDPR Masked","GDPR Masked","gdpr-masking@gdpr-masked.com","GDPR Masked","GDPR Masked","","","","","","","","","","","ns1.lugointernet.com","ns2.lugointernet.com","","","clientTransferProhibited","","",""
"37","grupo1955.com","2020-05-08 20:51:25","2020-05-07","2020-05-07","2021-05-07","1600","Estrategias WebSite S.L.","whois2.virtualname.es","http://www.virtualpyme.com/","GDPR Masked","GDPR Masked","GDPR Masked","GDPR Masked","ILLES BALEARS","GDPR Masked","Spain","gdpr-masking@gdpr-masked.com","GDPR Masked","GDPR Masked","GDPR Masked","GDPR Masked","GDPR Masked","GDPR Masked","GDPR Masked","GDPR Masked","GDPR Masked","gdpr-masking@gdpr-masked.com","GDPR Masked","GDPR Masked","GDPR Masked","GDPR Masked","GDPR Masked","GDPR Masked","GDPR Masked","GDPR Masked","GDPR Masked","gdpr-masking@gdpr-masked.com","GDPR Masked","GDPR Masked","","","","","","","","","","","dns1.raiolanetworks.es","dns2.raiolanetworks.es","dns3.raiolanetworks.es","","clientTransferProhibited","","",""
"38","jlunitedusa.com","2020-05-08 20:43:14","2020-05-07","2020-05-07","2021-05-07","1600","Estrategias WebSite S.L.","whois2.virtualname.es","http://www.virtualpyme.com/","GDPR Masked","GDPR Masked","GDPR Masked","GDPR Masked","Palmas, Las","GDPR Masked","Spain","gdpr-masking@gdpr-masked.com","GDPR Masked","GDPR Masked","GDPR Masked","GDPR Masked","GDPR Masked","GDPR Masked","GDPR Masked","GDPR Masked","GDPR Masked","gdpr-masking@gdpr-masked.com","GDPR Masked","GDPR Masked","GDPR Masked","GDPR Masked","GDPR Masked","GDPR Masked","GDPR Masked","GDPR Masked","GDPR Masked","gdpr-masking@gdpr-masked.com","GDPR Masked","GDPR Masked","","","","","","","","","","","ns1.e-hosting.es","ns2.e-hosting.es","","","clientTransferProhibited","","",""
"39","josearrebola.com","2020-05-08 20:47:18","2020-05-07","2020-05-07","2021-05-07","1600","Estrategias WebSite S.L.","whois2.virtualname.es","http://www.virtualpyme.com/","GDPR Masked","GDPR Masked","GDPR Masked","GDPR Masked","Malaga","GDPR Masked","Spain","gdpr-masking@gdpr-masked.com","GDPR Masked","GDPR Masked","GDPR Masked","GDPR Masked","GDPR Masked","GDPR Masked","GDPR Masked","GDPR Masked","GDPR Masked","gdpr-masking@gdpr-masked.com","GDPR Masked","GDPR Masked","GDPR Masked","GDPR Masked","GDPR Masked","GDPR Masked","GDPR Masked","GDPR Masked","GDPR Masked","gdpr-masking@gdpr-masked.com","GDPR Masked","GDPR Masked","","","","","","","","","","","dns1.raiolanetworks.es","dns2.raiolanetworks.es","dns3.raiolanetworks.es","","clientTransferProhibited","","",""
"40","marabmartin.com","2020-05-08 20:44:07","2020-05-07","2020-05-07","2021-05-07","1600","Estrategias WebSite S.L.","whois2.virtualname.es","http://www.virtualpyme.com/","GDPR Masked","GDPR Masked","GDPR Masked","GDPR Masked","Gipuzkoa","GDPR Masked","Spain","gdpr-masking@gdpr-masked.com","GDPR Masked","GDPR Masked","GDPR Masked","GDPR Masked","GDPR Masked","GDPR Masked","GDPR Masked","GDPR Masked","GDPR Masked","gdpr-masking@gdpr-masked.com","GDPR Masked","GDPR Masked","GDPR Masked","GDPR Masked","GDPR Masked","GDPR Masked","GDPR Masked","GDPR Masked","GDPR Masked","gdpr-masking@gdpr-masked.com","GDPR Masked","GDPR Masked","","","","","","","","","","","ns1.lucushost.com","ns2.lucushost.com","ns3.lucushost.com","","clientTransferProhibited","","",""
"41","marromeroalba.com","2020-05-08 20:43:24","2020-05-07","2020-05-07","2021-05-07","1600","Estrategias WebSite S.L.","whois2.virtualname.es","http://www.virtualpyme.com/","GDPR Masked","GDPR Masked","GDPR Masked","GDPR Masked","SEVILLA","GDPR Masked","Spain","gdpr-masking@gdpr-masked.com","GDPR Masked","GDPR Masked","GDPR Masked","GDPR Masked","GDPR Masked","GDPR Masked","GDPR Masked","GDPR Masked","GDPR Masked","gdpr-masking@gdpr-masked.com","GDPR Masked","GDPR Masked","GDPR Masked","GDPR Masked","GDPR Masked","GDPR Masked","GDPR Masked","GDPR Masked","GDPR Masked","gdpr-masking@gdpr-masked.com","GDPR Masked","GDPR Masked","","","","","","","","","","","ns1.clientes.cloud","ns2.clientes.cloud","ns3.clientes.cloud","ns4.clientes.cloud","clientTransferProhibited","","",""
"42","menuaunclick.com","2020-05-08 20:41:25","2020-05-07","2020-05-07","2021-05-07","1600","Estrategias WebSite S.L.","whois2.virtualname.es","http://www.virtualpyme.com/","GDPR Masked","GDPR Masked","GDPR Masked","GDPR Masked","Tarragona","GDPR Masked","Spain","gdpr-masking@gdpr-masked.com","GDPR Masked","GDPR Masked","GDPR Masked","GDPR Masked","GDPR Masked","GDPR Masked","GDPR Masked","GDPR Masked","GDPR Masked","gdpr-masking@gdpr-masked.com","GDPR Masked","GDPR Masked","GDPR Masked","GDPR Masked","GDPR Masked","GDPR Masked","GDPR Masked","GDPR Masked","GDPR Masked","gdpr-masking@gdpr-masked.com","GDPR Masked","GDPR Masked","","","","","","","","","","","ns1.vwserver.net","ns2.vwserver.net","","","clientTransferProhibited","","",""
"43","milatienda.com","2020-05-08 20:51:22","2020-05-07","2020-05-07","2021-05-07","1600","Estrategias WebSite S.L.","whois2.virtualname.es","http://www.virtualpyme.com/","Domain Admin","Privacy Protect, LLC (PrivacyProtect.org)","10 Corporate Drive","Burlington","MA","01803","United States","contact@privacyprotect.org","+1.8022274003","","Domain Admin","Privacy Protect, LLC (PrivacyProtect.org)","10 Corporate Drive","Burlington","MA","01803","United States","contact@privacyprotect.org","+1.8022274003","","Domain Admin","Privacy Protect, LLC (PrivacyProtect.org)","10 Corporate Drive","Burlington","MA","01803","United States","contact@privacyprotect.org","+1.8022274003","","","","","","","","","","","","dns1.raiolanetworks.es","dns2.raiolanetworks.es","dns3.raiolanetworks.es","","clientTransferProhibited","","",""
"44","mobilityrentspain.com","2020-05-08 20:51:16","2020-05-07","2020-05-07","2021-05-07","1600","Estrategias WebSite S.L.","whois2.virtualname.es","http://www.virtualpyme.com/","GDPR Masked","GDPR Masked","GDPR Masked","GDPR Masked","ALICANTE","GDPR Masked","Spain","gdpr-masking@gdpr-masked.com","GDPR Masked","GDPR Masked","GDPR Masked","GDPR Masked","GDPR Masked","GDPR Masked","GDPR Masked","GDPR Masked","GDPR Masked","gdpr-masking@gdpr-masked.com","GDPR Masked","GDPR Masked","GDPR Masked","GDPR Masked","GDPR Masked","GDPR Masked","GDPR Masked","GDPR Masked","GDPR Masked","gdpr-masking@gdpr-masked.com","GDPR Masked","GDPR Masked","","","","","","","","","","","dns1.raiolanetworks.es","dns2.raiolanetworks.es","dns3.raiolanetworks.es","","clientTransferProhibited","","",""
"45","netromenu.com","2020-05-08 19:54:36","2020-05-07","2020-05-07","2021-05-07","1600","Estrategias WebSite S.L.","whois2.virtualname.es","http://www.virtualpyme.com/","GDPR Masked","GDPR Masked","GDPR Masked","GDPR Masked","ALICANTE","GDPR Masked","Spain","gdpr-masking@gdpr-masked.com","GDPR Masked","GDPR Masked","GDPR Masked","GDPR Masked","GDPR Masked","GDPR Masked","GDPR Masked","GDPR Masked","GDPR Masked","gdpr-masking@gdpr-masked.com","GDPR Masked","GDPR Masked","GDPR Masked","GDPR Masked","GDPR Masked","GDPR Masked","GDPR Masked","GDPR Masked","GDPR Masked","gdpr-masking@gdpr-masked.com","GDPR Masked","GDPR Masked","","","","","","","","","","","chuck.ns.cloudflare.com","elinore.ns.cloudflare.com","","","clientTransferProhibited","","",""
"46","nexus6dental.com","2020-05-08 19:57:49","2020-05-07","2020-05-07","2021-05-07","1600","Estrategias WebSite S.L.","whois2.virtualname.es","http://www.virtualpyme.com/","Domain Admin","Privacy Protect, LLC (PrivacyProtect.org)","10 Corporate Drive","Burlington","MA","01803","United States","contact@privacyprotect.org","+1.8022274003","","Domain Admin","Privacy Protect, LLC (PrivacyProtect.org)","10 Corporate Drive","Burlington","MA","01803","United States","contact@privacyprotect.org","+1.8022274003","","Domain Admin","Privacy Protect, LLC (PrivacyProtect.org)","10 Corporate Drive","Burlington","MA","01803","United States","contact@privacyprotect.org","+1.8022274003","","","","","","","","","","","","ns1.arrobacreativa.com","ns2.arrobacreativa.com","","","clientTransferProhibited","","",""
"47","nomadadigitalradio.com","2020-05-08 20:51:25","2020-05-07","2020-05-07","2021-05-07","1600","Estrategias WebSite S.L.","whois2.virtualname.es","http://www.virtualpyme.com/","GDPR Masked","GDPR Masked","GDPR Masked","GDPR Masked","Tallin","GDPR Masked","Estonia","gdpr-masking@gdpr-masked.com","GDPR Masked","GDPR Masked","GDPR Masked","GDPR Masked","GDPR Masked","GDPR Masked","GDPR Masked","GDPR Masked","GDPR Masked","gdpr-masking@gdpr-masked.com","GDPR Masked","GDPR Masked","GDPR Masked","GDPR Masked","GDPR Masked","GDPR Masked","GDPR Masked","GDPR Masked","GDPR Masked","gdpr-masking@gdpr-masked.com","GDPR Masked","GDPR Masked","","","","","","","","","","","dedi3577287.eu.tuservidoronline.com","dedi3577287a.eu.tuservidoronline.com","","","clientTransferProhibited","","",""
"48","patriciapin.com","2020-05-08 20:22:07","2020-05-06","2020-05-06","2021-05-06","1600","Estrategias WebSite S.L.","whois2.virtualname.es","http://www.virtualpyme.com/","GDPR Masked","GDPR Masked","GDPR Masked","GDPR Masked","Pontevedra","GDPR Masked","Spain","gdpr-masking@gdpr-masked.com","GDPR Masked","GDPR Masked","GDPR Masked","GDPR Masked","GDPR Masked","GDPR Masked","GDPR Masked","GDPR Masked","GDPR Masked","gdpr-masking@gdpr-masked.com","GDPR Masked","GDPR Masked","GDPR Masked","GDPR Masked","GDPR Masked","GDPR Masked","GDPR Masked","GDPR Masked","GDPR Masked","gdpr-masking@gdpr-masked.com","GDPR Masked","GDPR Masked","","","","","","","","","","","dns1.raiolanetworks.es","dns2.raiolanetworks.es","dns3.raiolanetworks.es","","clientTransferProhibited","","",""
"49","persianascegarra.com","2020-05-08 20:27:10","2020-05-06","2020-05-06","2021-05-06","1600","Estrategias WebSite S.L.","whois2.virtualname.es","http://www.virtualpyme.com/","GDPR Masked","GDPR Masked","GDPR Masked","GDPR Masked","murcia","GDPR Masked","Spain","gdpr-masking@gdpr-masked.com","GDPR Masked","GDPR Masked","GDPR Masked","GDPR Masked","GDPR Masked","GDPR Masked","GDPR Masked","GDPR Masked","GDPR Masked","gdpr-masking@gdpr-masked.com","GDPR Masked","GDPR Masked","GDPR Masked","GDPR Masked","GDPR Masked","GDPR Masked","GDPR Masked","GDPR Masked","GDPR Masked","gdpr-masking@gdpr-masked.com","GDPR Masked","GDPR Masked","","","","","","","","","","","dns1.raiolanetworks.es","dns2.raiolanetworks.es","dns3.raiolanetworks.es","","clientTransferProhibited","","",""
"50","piratacrew.com","2020-05-08 19:26:13","2020-05-07","2020-05-07","2021-05-07","1600","Estrategias WebSite S.L.","whois2.virtualname.es","http://www.virtualpyme.com/","GDPR Masked","GDPR Masked","GDPR Masked","GDPR Masked","Barcelona","GDPR Masked","Spain","gdpr-masking@gdpr-masked.com","GDPR Masked","GDPR Masked","GDPR Masked","GDPR Masked","GDPR Masked","GDPR Masked","GDPR Masked","GDPR Masked","GDPR Masked","gdpr-masking@gdpr-masked.com","GDPR Masked","GDPR Masked","GDPR Masked","GDPR Masked","GDPR Masked","GDPR Masked","GDPR Masked","GDPR Masked","GDPR Masked","gdpr-masking@gdpr-masked.com","GDPR Masked","GDPR Masked","","","","","","","","","","","dns1.raiolanetworks.es","dns2.raiolanetworks.es","dns3.raiolanetworks.es","","clientTransferProhibited","","",""
"51","preparacionfisicaoposiciones.com","2020-05-08 19:41:26","2020-05-07","2020-05-07","2021-05-07","1600","Estrategias WebSite S.L.","whois2.virtualname.es","http://www.virtualpyme.com/","GDPR Masked","GDPR Masked","GDPR Masked","GDPR Masked","Melilla","GDPR Masked","Spain","gdpr-masking@gdpr-masked.com","GDPR Masked","GDPR Masked","GDPR Masked","GDPR Masked","GDPR Masked","GDPR Masked","GDPR Masked","GDPR Masked","GDPR Masked","gdpr-masking@gdpr-masked.com","GDPR Masked","GDPR Masked","GDPR Masked","GDPR Masked","GDPR Masked","GDPR Masked","GDPR Masked","GDPR Masked","GDPR Masked","gdpr-masking@gdpr-masked.com","GDPR Masked","GDPR Masked","","","","","","","","","","","ns1.nubedns.com","ns2.nubedns.com","ns3.nubedns.com","ns4.nubedns.com","clientTransferProhibited","","",""
"52","redyoigo.com","2020-05-08 19:51:03","2020-05-07","2020-05-07","2021-05-07","1600","Estrategias WebSite S.L.","whois2.virtualname.es","http://www.virtualpyme.com/","GDPR Masked","GDPR Masked","GDPR Masked","GDPR Masked","Barcelona","GDPR Masked","Spain","gdpr-masking@gdpr-masked.com","GDPR Masked","GDPR Masked","GDPR Masked","GDPR Masked","GDPR Masked","GDPR Masked","GDPR Masked","GDPR Masked","GDPR Masked","gdpr-masking@gdpr-masked.com","GDPR Masked","GDPR Masked","GDPR Masked","GDPR Masked","GDPR Masked","GDPR Masked","GDPR Masked","GDPR Masked","GDPR Masked","gdpr-masking@gdpr-masked.com","GDPR Masked","GDPR Masked","","","","","","","","","","","ns1.azamedia.com","ns2.azamedia.com","","","clientTransferProhibited","","",""
"53","reformasrosales.com","2020-05-08 20:50:42","2020-05-07","2020-05-07","2021-05-07","1600","Estrategias WebSite S.L.","whois2.virtualname.es","http://www.virtualpyme.com/","Domain Admin","Privacy Protect, LLC (PrivacyProtect.org)","10 Corporate Drive","Burlington","MA","01803","United States","contact@privacyprotect.org","+1.8022274003","","Domain Admin","Privacy Protect, LLC (PrivacyProtect.org)","10 Corporate Drive","Burlington","MA","01803","United States","contact@privacyprotect.org","+1.8022274003","","Domain Admin","Privacy Protect, LLC (PrivacyProtect.org)","10 Corporate Drive","Burlington","MA","01803","United States","contact@privacyprotect.org","+1.8022274003","","","","","","","","","","","","dns1.raiolanetworks.es","dns2.raiolanetworks.es","dns3.raiolanetworks.es","","clientTransferProhibited","","",""
"54","rictechs.com","2020-05-08 21:13:00","2020-05-06","2020-05-06","2021-05-06","1600","Estrategias WebSite S.L.","whois2.virtualname.es","http://www.virtualpyme.com/","Andree anthony Aliaga calderon","","colombia 146","lima","Lima","07027","Peru","toniac91@gmail.com","+51.999999999","","Andree anthony Aliaga calderon","","colombia 146","lima","Lima","07027","Peru","toniac91@gmail.com","+51.999999999","","Andree anthony Aliaga calderon","","colombia 146","lima","Lima","07027","Peru","toniac91@gmail.com","+51.999999999","","","","","","","","","","","","ns1.lucushost.com","ns2.lucushost.com","ns3.lucushost.com","","clientTransferProhibited","","",""
"55","saludamores.com","2020-05-08 20:42:27","2020-05-07","2020-05-07","2021-05-07","1600","Estrategias WebSite S.L.","whois2.virtualname.es","http://www.virtualpyme.com/","GDPR Masked","GDPR Masked","GDPR Masked","GDPR Masked","Haute-Garonne","GDPR Masked","France","gdpr-masking@gdpr-masked.com","GDPR Masked","GDPR Masked","GDPR Masked","GDPR Masked","GDPR Masked","GDPR Masked","GDPR Masked","GDPR Masked","GDPR Masked","gdpr-masking@gdpr-masked.com","GDPR Masked","GDPR Masked","GDPR Masked","GDPR Masked","GDPR Masked","GDPR Masked","GDPR Masked","GDPR Masked","GDPR Masked","gdpr-masking@gdpr-masked.com","GDPR Masked","GDPR Masked","","","","","","","","","","","dns1.raiolanetworks.es","dns2.raiolanetworks.es","dns3.raiolanetworks.es","","clientTransferProhibited","","",""
"56","sporthiit.com","2020-05-08 21:18:00","2020-05-06","2020-05-06","2021-05-06","1600","Estrategias WebSite S.L.","whois2.virtualname.es","http://www.virtualpyme.com/","GDPR Masked","GDPR Masked","GDPR Masked","GDPR Masked","Santa Cruz de Tenerife","GDPR Masked","Spain","gdpr-masking@gdpr-masked.com","GDPR Masked","GDPR Masked","GDPR Masked","GDPR Masked","GDPR Masked","GDPR Masked","GDPR Masked","GDPR Masked","GDPR Masked","gdpr-masking@gdpr-masked.com","GDPR Masked","GDPR Masked","GDPR Masked","GDPR Masked","GDPR Masked","GDPR Masked","GDPR Masked","GDPR Masked","GDPR Masked","gdpr-masking@gdpr-masked.com","GDPR Masked","GDPR Masked","","","","","","","","","","","ns27.m2estudio.com","ns28.m2estudio.com","","","clientTransferProhibited","","",""
"57","tarifast.com","2020-05-08 20:51:24","2020-05-07","2020-05-07","2021-05-07","1600","Estrategias WebSite S.L.","whois2.virtualname.es","http://www.virtualpyme.com/","GDPR Masked","GDPR Masked","GDPR Masked","GDPR Masked","MADRID","GDPR Masked","Spain","gdpr-masking@gdpr-masked.com","GDPR Masked","GDPR Masked","GDPR Masked","GDPR Masked","GDPR Masked","GDPR Masked","GDPR Masked","GDPR Masked","GDPR Masked","gdpr-masking@gdpr-masked.com","GDPR Masked","GDPR Masked","GDPR Masked","GDPR Masked","GDPR Masked","GDPR Masked","GDPR Masked","GDPR Masked","GDPR Masked","gdpr-masking@gdpr-masked.com","GDPR Masked","GDPR Masked","","","","","","","","","","","dns1.raiolanetworks.es","dns2.raiolanetworks.es","dns3.raiolanetworks.es","","clientTransferProhibited","","",""
"58","tarifast.net","2020-05-09 00:25:13","2020-05-07","2020-05-07","2021-05-07","1600","Estrategias WebSite S.L.","whois2.virtualname.es","http://www.virtualpyme.com/","GDPR Masked","GDPR Masked","GDPR Masked","GDPR Masked","MADRID","GDPR Masked","Spain","gdpr-masking@gdpr-masked.com","GDPR Masked","GDPR Masked","GDPR Masked","GDPR Masked","GDPR Masked","GDPR Masked","GDPR Masked","GDPR Masked","GDPR Masked","gdpr-masking@gdpr-masked.com","GDPR Masked","GDPR Masked","GDPR Masked","GDPR Masked","GDPR Masked","GDPR Masked","GDPR Masked","GDPR Masked","GDPR Masked","gdpr-masking@gdpr-masked.com","GDPR Masked","GDPR Masked","","","","","","","","","","","dns1.raiolanetworks.es","dns2.raiolanetworks.es","dns3.raiolanetworks.es","","clientTransferProhibited","","",""
"59","thewoodmusic.net","2020-05-09 00:24:33","2020-05-07","2020-05-07","2021-05-07","1600","Estrategias WebSite S.L.","whois2.virtualname.es","http://www.virtualpyme.com/","Domain Admin","Privacy Protect, LLC (PrivacyProtect.org)","10 Corporate Drive","Burlington","MA","01803","United States","contact@privacyprotect.org","+1.8022274003","","Domain Admin","Privacy Protect, LLC (PrivacyProtect.org)","10 Corporate Drive","Burlington","MA","01803","United States","contact@privacyprotect.org","+1.8022274003","","Domain Admin","Privacy Protect, LLC (PrivacyProtect.org)","10 Corporate Drive","Burlington","MA","01803","United States","contact@privacyprotect.org","+1.8022274003","","","","","","","","","","","","dns1.raiolanetworks.es","dns2.raiolanetworks.es","dns3.raiolanetworks.es","","clientTransferProhibited","","",""
"60","valbrok.com","2020-05-08 20:38:44","2020-05-07","2020-05-07","2021-05-07","1600","Estrategias WebSite S.L.","whois2.virtualname.es","http://www.virtualpyme.com/","GDPR Masked","GDPR Masked","GDPR Masked","GDPR Masked","Valencia","GDPR Masked","Spain","gdpr-masking@gdpr-masked.com","GDPR Masked","GDPR Masked","GDPR Masked","GDPR Masked","GDPR Masked","GDPR Masked","GDPR Masked","GDPR Masked","GDPR Masked","gdpr-masking@gdpr-masked.com","GDPR Masked","GDPR Masked","GDPR Masked","GDPR Masked","GDPR Masked","GDPR Masked","GDPR Masked","GDPR Masked","GDPR Masked","gdpr-masking@gdpr-masked.com","GDPR Masked","GDPR Masked","","","","","","","","","","","dns1.raiolanetworks.es","dns2.raiolanetworks.es","dns3.raiolanetworks.es","","clientTransferProhibited","","",""
"61","valeriadasilva.com","2020-05-08 19:30:37","2020-05-07","2020-05-07","2021-05-07","1600","Estrategias WebSite S.L.","whois2.virtualname.es","http://www.virtualpyme.com/","GDPR Masked","GDPR Masked","GDPR Masked","GDPR Masked","MADRID","GDPR Masked","Spain","gdpr-masking@gdpr-masked.com","GDPR Masked","GDPR Masked","GDPR Masked","GDPR Masked","GDPR Masked","GDPR Masked","GDPR Masked","GDPR Masked","GDPR Masked","gdpr-masking@gdpr-masked.com","GDPR Masked","GDPR Masked","GDPR Masked","GDPR Masked","GDPR Masked","GDPR Masked","GDPR Masked","GDPR Masked","GDPR Masked","gdpr-masking@gdpr-masked.com","GDPR Masked","GDPR Masked","","","","","","","","","","","ns1.valordeley.es","ns2.valordeley.es","","","clientTransferProhibited","","",""
"62","vidasypaginaswebs.com","2020-05-08 20:38:29","2020-05-07","2020-05-07","2021-05-07","1600","Estrategias WebSite S.L.","whois2.virtualname.es","http://www.virtualpyme.com/","Domain Admin","Privacy Protect, LLC (PrivacyProtect.org)","10 Corporate Drive","Burlington","MA","01803","United States","contact@privacyprotect.org","+1.8022274003","","Domain Admin","Privacy Protect, LLC (PrivacyProtect.org)","10 Corporate Drive","Burlington","MA","01803","United States","contact@privacyprotect.org","+1.8022274003","","Domain Admin","Privacy Protect, LLC (PrivacyProtect.org)","10 Corporate Drive","Burlington","MA","01803","United States","contact@privacyprotect.org","+1.8022274003","","","","","","","","","","","","dns1.raiolanetworks.es","dns2.raiolanetworks.es","dns3.raiolanetworks.es","","clientTransferProhibited","","",""
"63","vimolemonica.com","2020-05-08 19:18:02","2020-05-06","2020-05-06","2021-05-06","1600","Estrategias WebSite S.L.","whois2.virtualname.es","http://www.virtualpyme.com/","GDPR Masked","GDPR Masked","GDPR Masked","GDPR Masked","ALICANTE","GDPR Masked","Spain","gdpr-masking@gdpr-masked.com","GDPR Masked","GDPR Masked","GDPR Masked","GDPR Masked","GDPR Masked","GDPR Masked","GDPR Masked","GDPR Masked","GDPR Masked","gdpr-masking@gdpr-masked.com","GDPR Masked","GDPR Masked","GDPR Masked","GDPR Masked","GDPR Masked","GDPR Masked","GDPR Masked","GDPR Masked","GDPR Masked","gdpr-masking@gdpr-masked.com","GDPR Masked","GDPR Masked","","","","","","","","","","","dns1.raiolanetworks.es","dns2.raiolanetworks.es","dns3.raiolanetworks.es","","clientTransferProhibited","","",""
"64","walkie-talkie.net","2020-05-09 00:28:02","2020-05-07","2020-05-07","2021-05-07","1600","Estrategias WebSite S.L.","whois2.virtualname.es","http://www.virtualpyme.com/","GDPR Masked","GDPR Masked","GDPR Masked","GDPR Masked","Pontevedra","GDPR Masked","Spain","gdpr-masking@gdpr-masked.com","GDPR Masked","GDPR Masked","GDPR Masked","GDPR Masked","GDPR Masked","GDPR Masked","GDPR Masked","GDPR Masked","GDPR Masked","gdpr-masking@gdpr-masked.com","GDPR Masked","GDPR Masked","GDPR Masked","GDPR Masked","GDPR Masked","GDPR Masked","GDPR Masked","GDPR Masked","GDPR Masked","gdpr-masking@gdpr-masked.com","GDPR Masked","GDPR Masked","","","","","","","","","","","dns1.raiolanetworks.es","dns2.raiolanetworks.es","dns3.raiolanetworks.es","","clientTransferProhibited","","",""
"65","wanterbi.com","2020-05-08 20:51:10","2020-05-07","2020-05-07","2021-05-07","1600","Estrategias WebSite S.L.","whois2.virtualname.es","http://www.virtualpyme.com/","GDPR Masked","GDPR Masked","GDPR Masked","GDPR Masked","Valladolid","GDPR Masked","Spain","gdpr-masking@gdpr-masked.com","GDPR Masked","GDPR Masked","GDPR Masked","GDPR Masked","GDPR Masked","GDPR Masked","GDPR Masked","GDPR Masked","GDPR Masked","gdpr-masking@gdpr-masked.com","GDPR Masked","GDPR Masked","GDPR Masked","GDPR Masked","GDPR Masked","GDPR Masked","GDPR Masked","GDPR Masked","GDPR Masked","gdpr-masking@gdpr-masked.com","GDPR Masked","GDPR Masked","","","","","","","","","","","ns1.laprimeracloud04.com","ns2.laprimeracloud04.com","","","clientTransferProhibited","","",""
"66","wcpanle.com","2020-05-08 19:40:20","2020-05-07","2020-05-07","2021-05-07","1600","Estrategias WebSite S.L.","whois2.virtualname.es","http://www.virtualpyme.com/","Domain Admin","Privacy Protect, LLC (PrivacyProtect.org)","10 Corporate Drive","Burlington","MA","01803","United States","contact@privacyprotect.org","+1.8022274003","","Domain Admin","Privacy Protect, LLC (PrivacyProtect.org)","10 Corporate Drive","Burlington","MA","01803","United States","contact@privacyprotect.org","+1.8022274003","","Domain Admin","Privacy Protect, LLC (PrivacyProtect.org)","10 Corporate Drive","Burlington","MA","01803","United States","contact@privacyprotect.org","+1.8022274003","","","","","","","","","","","","dns1.raiolanetworks.es","dns2.raiolanetworks.es","dns3.raiolanetworks.es","","clientTransferProhibited","","",""
"67","workfitsalud.com","2020-05-08 20:49:29","2020-05-07","2020-05-07","2021-05-07","1600","Estrategias WebSite S.L.","whois2.virtualname.es","http://www.virtualpyme.com/","Domain Admin","Privacy Protect, LLC (PrivacyProtect.org)","10 Corporate Drive","Burlington","MA","01803","United States","contact@privacyprotect.org","+1.8022274003","","Domain Admin","Privacy Protect, LLC (PrivacyProtect.org)","10 Corporate Drive","Burlington","MA","01803","United States","contact@privacyprotect.org","+1.8022274003","","Domain Admin","Privacy Protect, LLC (PrivacyProtect.org)","10 Corporate Drive","Burlington","MA","01803","United States","contact@privacyprotect.org","+1.8022274003","","","","","","","","","","","","dns1.raiolanetworks.es","dns2.raiolanetworks.es","dns3.raiolanetworks.es","","clientTransferProhibited","","",""
"68","xn--airocideespaa-tkb.com","2020-05-08 20:46:05","2020-05-07","2020-05-07","2021-05-07","1600","Estrategias WebSite S.L.","whois2.virtualname.es","http://www.virtualpyme.com/","GDPR Masked","GDPR Masked","GDPR Masked","GDPR Masked","SEVILLA","GDPR Masked","Spain","gdpr-masking@gdpr-masked.com","GDPR Masked","GDPR Masked","GDPR Masked","GDPR Masked","GDPR Masked","GDPR Masked","GDPR Masked","GDPR Masked","GDPR Masked","gdpr-masking@gdpr-masked.com","GDPR Masked","GDPR Masked","GDPR Masked","GDPR Masked","GDPR Masked","GDPR Masked","GDPR Masked","GDPR Masked","GDPR Masked","gdpr-masking@gdpr-masked.com","GDPR Masked","GDPR Masked","","","","","","","","","","","ns1.ev25.com","ns2.ev25.com","","","clientTransferProhibited","","",""
"69","xn--comprarcastauelas-qxb.com","2020-05-08 19:56:37","2020-05-07","2020-05-07","2021-05-07","1600","Estrategias WebSite S.L.","whois2.virtualname.es","http://www.virtualpyme.com/","GDPR Masked","GDPR Masked","GDPR Masked","GDPR Masked","SEVILLA","GDPR Masked","Spain","gdpr-masking@gdpr-masked.com","GDPR Masked","GDPR Masked","GDPR Masked","GDPR Masked","GDPR Masked","GDPR Masked","GDPR Masked","GDPR Masked","GDPR Masked","gdpr-masking@gdpr-masked.com","GDPR Masked","GDPR Masked","GDPR Masked","GDPR Masked","GDPR Masked","GDPR Masked","GDPR Masked","GDPR Masked","GDPR Masked","gdpr-masking@gdpr-masked.com","GDPR Masked","GDPR Masked","","","","","","","","","","","dns1.raiolanetworks.es","dns2.raiolanetworks.es","dns3.raiolanetworks.es","","clientTransferProhibited","","",""
"70","yofitshop.com","2020-05-08 19:33:32","2020-05-06","2020-05-06","2021-05-06","1600","Estrategias WebSite S.L.","whois2.virtualname.es","http://www.virtualpyme.com/","GDPR Masked","GDPR Masked","GDPR Masked","GDPR Masked","MADRID","GDPR Masked","Spain","gdpr-masking@gdpr-masked.com","GDPR Masked","GDPR Masked","GDPR Masked","GDPR Masked","GDPR Masked","GDPR Masked","GDPR Masked","GDPR Masked","GDPR Masked","gdpr-masking@gdpr-masked.com","GDPR Masked","GDPR Masked","GDPR Masked","GDPR Masked","GDPR Masked","GDPR Masked","GDPR Masked","GDPR Masked","GDPR Masked","gdpr-masking@gdpr-masked.com","GDPR Masked","GDPR Masked","","","","","","","","","","","ns1.neodigit.net","ns2.neodigit.net","","","clientTransferProhibited","","",""