"num","domain_name","query_time","create_date","update_date","expiry_date","domain_registrar_id","domain_registrar_name","domain_registrar_whois","domain_registrar_url","registrant_name","registrant_company","registrant_address","registrant_city","registrant_state","registrant_zip","registrant_country","registrant_email","registrant_phone","registrant_fax","administrative_name","administrative_company","administrative_address","administrative_city","administrative_state","administrative_zip","administrative_country","administrative_email","administrative_phone","administrative_fax","technical_name","technical_company","technical_address","technical_city","technical_state","technical_zip","technical_country","technical_email","technical_phone","technical_fax","billing_name","billing_company","billing_address","billing_city","billing_state","billing_zip","billing_country","billing_email","billing_phone","billing_fax","name_server_1","name_server_2","name_server_3","name_server_4","domain_status_1","domain_status_2","domain_status_3","domain_status_4"
"1","ideallhotelconsulting.com","2020-05-08 19:57:33","2020-05-07","","2030-05-07","1290","Mailclub SAS","whois.mailclub.net","http://safebrands.com","Redacted for GDPR","Redacted for GDPR","Redacted for GDPR","Redacted for GDPR","","Redacted for GDPR","Redacted for GDPR","","Redacted for GDPR","Redacted for GDPR","Redacted for GDPR","Redacted for GDPR","Redacted for GDPR","Redacted for GDPR","","Redacted for GDPR","Redacted for GDPR","","Redacted for GDPR","Redacted for GDPR","Redacted for GDPR","Redacted for GDPR","Redacted for GDPR","Redacted for GDPR","","Redacted for GDPR","Redacted for GDPR","","Redacted for GDPR","Redacted for GDPR","","","","","","","","","","","a.ns.mailclub.fr","b.ns.mailclub.eu","c.ns.mailclub.com","","clientTransferProhibited","","",""
"2","kangooride.com","2020-05-08 19:56:27","2020-05-07","","2021-05-07","1290","Mailclub SAS","whois.mailclub.net","http://safebrands.com","PAUL Alexandre","LASCOL TEXTILES","6 allee Jean Monnet Collegien","Marne la Vallee Cedex 3","","77615","France","a.paul@lascol.fr","+33.164111616","","PAUL Alexandre","LASCOL TEXTILES","6 allee Jean Monnet Collegien","Marne la Vallee Cedex 3","","77615","France","a.paul@lascol.fr","+33.164111616","","Host master","Safebrands","pole media de la belle de mai 37 rue guibal","Marseille cedex 03","","13356","France","clientele@safebrands.com","+33.488662222","+33.488662220","","","","","","","","","","","a.ns.mailclub.fr","b.ns.mailclub.eu","c.ns.mailclub.com","","clientTransferProhibited","","",""
"3","kangoowear.com","2020-05-08 19:54:02","2020-05-07","","2021-05-07","1290","Mailclub SAS","whois.mailclub.net","http://safebrands.com","PAUL Alexandre","LASCOL TEXTILES","6 allee Jean Monnet Collegien","Marne la Vallee Cedex 3","","77615","France","a.paul@lascol.fr","+33.164111616","","PAUL Alexandre","LASCOL TEXTILES","6 allee Jean Monnet Collegien","Marne la Vallee Cedex 3","","77615","France","a.paul@lascol.fr","+33.164111616","","Host master","Safebrands","pole media de la belle de mai 37 rue guibal","Marseille cedex 03","","13356","France","clientele@safebrands.com","+33.488662222","+33.488662220","","","","","","","","","","","a.ns.mailclub.fr","b.ns.mailclub.eu","c.ns.mailclub.com","","clientTransferProhibited","","",""
"4","nokia.compare","2020-05-09 00:48:59","2020-05-06","2020-05-06","2021-05-06","1290","Mailclub SAS","whois.mailclub.net","http://safebrands.com","Nokia Corporation","Nokia Corporation","","","","","Finland","","","","","","","","","","","","","","","","","","","","","","","","","","","","","","","","","","ns.nokia.com","ns2.nokia.com","ns3.nokia.com","ns4.nokia.com","addPeriod","clientTransferProhibited","",""
"5","nokia.select","2020-05-08 23:16:26","2020-05-06","2020-05-06","2021-05-06","1290","Mailclub SAS","whois.mailclub.net","http://safebrands.com","Nokia Corporation","Nokia Corporation","","","","","Finland","","","","","","","","","","","","","","","","","","","","","","","","","","","","","","","","","","ns.nokia.com","ns2.nokia.com","ns3.nokia.com","ns4.nokia.com","addPeriod","clientTransferProhibited","",""
"6","parisfashionweek-digital.com","2020-05-08 20:42:15","2020-05-07","","2021-05-07","1290","Mailclub SAS","whois.mailclub.net","http://safebrands.com","HUB Marques","FEDERATION DE LA HAUTE COUTURE ET DE LA MODE","100 RUE DU FAUBOURG SAINT HONORE","PARIS","","75008","France","gestionndd@ddg.fr","+33.153238000","","HUB Marques","DDG Deprez Guignot & Associes","21 RUE CLEMENT MAROT","Paris","","75008","France","gestionndd@ddg.fr","+33.153238000","+33.153238229","Host master","Safebrands","pole media de la belle de mai 37 rue guibal","Marseille cedex 03","","13356","France","clientele@safebrands.com","+33.488662222","+33.488662220","","","","","","","","","","","a.ns.mailclub.fr","b.ns.mailclub.eu","c.ns.mailclub.com","","clientTransferProhibited","","",""
"7","parisfashionweek-online.com","2020-05-08 20:42:06","2020-05-07","","2021-05-07","1290","Mailclub SAS","whois.mailclub.net","http://safebrands.com","HUB Marques","FEDERATION DE LA HAUTE COUTURE ET DE LA MODE","100 RUE DU FAUBOURG SAINT HONORE","PARIS","","75008","France","gestionndd@ddg.fr","+33.153238000","","HUB Marques","DDG Deprez Guignot & Associes","21 RUE CLEMENT MAROT","Paris","","75008","France","gestionndd@ddg.fr","+33.153238000","+33.153238229","Host master","Safebrands","pole media de la belle de mai 37 rue guibal","Marseille cedex 03","","13356","France","clientele@safebrands.com","+33.488662222","+33.488662220","","","","","","","","","","","a.ns.mailclub.fr","b.ns.mailclub.eu","c.ns.mailclub.com","","clientTransferProhibited","","",""
"8","parisfashionweek.center","2020-05-08 18:59:13","2020-05-07","2020-05-07","2021-05-07","1290","Mailclub SAS","whois.mailclub.net","http://safebrands.com","REDACTED FOR PRIVACY","FEDERATION DE LA HAUTE COUTURE ET DE LA MODE","REDACTED FOR PRIVACY","REDACTED FOR PRIVACY","","REDACTED FOR PRIVACY","France","","REDACTED FOR PRIVACY","REDACTED FOR PRIVACY","","","","","","","","","","","","","","","","","","","","","","","","","","","","","","","","","","","addPeriod","clientTransferProhibited","",""
"9","parisfashionweekdigital.com","2020-05-08 20:42:23","2020-05-07","","2021-05-07","1290","Mailclub SAS","whois.mailclub.net","http://safebrands.com","HUB Marques","FEDERATION DE LA HAUTE COUTURE ET DE LA MODE","100 RUE DU FAUBOURG SAINT HONORE","PARIS","","75008","France","gestionndd@ddg.fr","+33.153238000","","HUB Marques","DDG Deprez Guignot & Associes","21 RUE CLEMENT MAROT","Paris","","75008","France","gestionndd@ddg.fr","+33.153238000","+33.153238229","Host master","Safebrands","pole media de la belle de mai 37 rue guibal","Marseille cedex 03","","13356","France","clientele@safebrands.com","+33.488662222","+33.488662220","","","","","","","","","","","a.ns.mailclub.fr","b.ns.mailclub.eu","c.ns.mailclub.com","","clientTransferProhibited","","",""
"10","parisfashionweekfhcm.com","2020-05-08 20:42:17","2020-05-07","","2021-05-07","1290","Mailclub SAS","whois.mailclub.net","http://safebrands.com","HUB Marques","FEDERATION DE LA HAUTE COUTURE ET DE LA MODE","100 RUE DU FAUBOURG SAINT HONORE","PARIS","","75008","France","gestionndd@ddg.fr","+33.153238000","","HUB Marques","DDG Deprez Guignot & Associes","21 RUE CLEMENT MAROT","Paris","","75008","France","gestionndd@ddg.fr","+33.153238000","+33.153238229","Host master","Safebrands","pole media de la belle de mai 37 rue guibal","Marseille cedex 03","","13356","France","clientele@safebrands.com","+33.488662222","+33.488662220","","","","","","","","","","","a.ns.mailclub.fr","b.ns.mailclub.eu","c.ns.mailclub.com","","clientTransferProhibited","","",""
"11","parisfashionweektv.com","2020-05-08 20:42:24","2020-05-07","","2021-05-07","1290","Mailclub SAS","whois.mailclub.net","http://safebrands.com","HUB Marques","FEDERATION DE LA HAUTE COUTURE ET DE LA MODE","100 RUE DU FAUBOURG SAINT HONORE","PARIS","","75008","France","gestionndd@ddg.fr","+33.153238000","","HUB Marques","DDG Deprez Guignot & Associes","21 RUE CLEMENT MAROT","Paris","","75008","France","gestionndd@ddg.fr","+33.153238000","+33.153238229","Host master","Safebrands","pole media de la belle de mai 37 rue guibal","Marseille cedex 03","","13356","France","clientele@safebrands.com","+33.488662222","+33.488662220","","","","","","","","","","","a.ns.mailclub.fr","b.ns.mailclub.eu","c.ns.mailclub.com","","clientTransferProhibited","","",""
"12","pfw-digital.com","2020-05-08 20:42:16","2020-05-07","","2021-05-07","1290","Mailclub SAS","whois.mailclub.net","http://safebrands.com","HUB Marques","FEDERATION DE LA HAUTE COUTURE ET DE LA MODE","100 RUE DU FAUBOURG SAINT HONORE","PARIS","","75008","France","gestionndd@ddg.fr","+33.153238000","","HUB Marques","DDG Deprez Guignot & Associes","21 RUE CLEMENT MAROT","Paris","","75008","France","gestionndd@ddg.fr","+33.153238000","+33.153238229","Host master","Safebrands","pole media de la belle de mai 37 rue guibal","Marseille cedex 03","","13356","France","clientele@safebrands.com","+33.488662222","+33.488662220","","","","","","","","","","","a.ns.mailclub.fr","b.ns.mailclub.eu","c.ns.mailclub.com","","clientTransferProhibited","","",""
"13","pfw-online.com","2020-05-08 20:42:17","2020-05-07","","2021-05-07","1290","Mailclub SAS","whois.mailclub.net","http://safebrands.com","HUB Marques","FEDERATION DE LA HAUTE COUTURE ET DE LA MODE","100 RUE DU FAUBOURG SAINT HONORE","PARIS","","75008","France","gestionndd@ddg.fr","+33.153238000","","HUB Marques","DDG Deprez Guignot & Associes","21 RUE CLEMENT MAROT","Paris","","75008","France","gestionndd@ddg.fr","+33.153238000","+33.153238229","Host master","Safebrands","pole media de la belle de mai 37 rue guibal","Marseille cedex 03","","13356","France","clientele@safebrands.com","+33.488662222","+33.488662220","","","","","","","","","","","a.ns.mailclub.fr","b.ns.mailclub.eu","c.ns.mailclub.com","","clientTransferProhibited","","",""
"14","pfwdigital.com","2020-05-08 20:42:09","2020-05-07","","2021-05-07","1290","Mailclub SAS","whois.mailclub.net","http://safebrands.com","HUB Marques","FEDERATION DE LA HAUTE COUTURE ET DE LA MODE","100 RUE DU FAUBOURG SAINT HONORE","PARIS","","75008","France","gestionndd@ddg.fr","+33.153238000","","HUB Marques","DDG Deprez Guignot & Associes","21 RUE CLEMENT MAROT","Paris","","75008","France","gestionndd@ddg.fr","+33.153238000","+33.153238229","Host master","Safebrands","pole media de la belle de mai 37 rue guibal","Marseille cedex 03","","13356","France","clientele@safebrands.com","+33.488662222","+33.488662220","","","","","","","","","","","a.ns.mailclub.fr","b.ns.mailclub.eu","c.ns.mailclub.com","","clientTransferProhibited","","",""
"15","pfwtv.com","2020-05-08 20:42:16","2020-05-07","","2021-05-07","1290","Mailclub SAS","whois.mailclub.net","http://safebrands.com","HUB Marques","FEDERATION DE LA HAUTE COUTURE ET DE LA MODE","100 RUE DU FAUBOURG SAINT HONORE","PARIS","","75008","France","gestionndd@ddg.fr","+33.153238000","","HUB Marques","DDG Deprez Guignot & Associes","21 RUE CLEMENT MAROT","Paris","","75008","France","gestionndd@ddg.fr","+33.153238000","+33.153238229","Host master","Safebrands","pole media de la belle de mai 37 rue guibal","Marseille cedex 03","","13356","France","clientele@safebrands.com","+33.488662222","+33.488662220","","","","","","","","","","","a.ns.mailclub.fr","b.ns.mailclub.eu","c.ns.mailclub.com","","clientTransferProhibited","","",""
"16","workliter.com","2020-05-08 21:16:54","2020-05-06","","2021-05-06","1290","Mailclub SAS","whois.mailclub.net","http://safebrands.com","PAUL Alexandre","LASCOL TEXTILES","6 allee Jean Monnet Collegien","Marne la Vallee Cedex 3","","77615","France","a.paul@lascol.fr","+33.164111616","","PAUL Alexandre","LASCOL TEXTILES","6 allee Jean Monnet Collegien","Marne la Vallee Cedex 3","","77615","France","a.paul@lascol.fr","+33.164111616","","Host master","Safebrands","pole media de la belle de mai 37 rue guibal","Marseille cedex 03","","13356","France","clientele@safebrands.com","+33.488662222","+33.488662220","","","","","","","","","","","a.ns.mailclub.fr","b.ns.mailclub.eu","c.ns.mailclub.com","","clientTransferProhibited","","",""