"num","domain_name","query_time","create_date","update_date","expiry_date","domain_registrar_id","domain_registrar_name","domain_registrar_whois","domain_registrar_url","registrant_name","registrant_company","registrant_address","registrant_city","registrant_state","registrant_zip","registrant_country","registrant_email","registrant_phone","registrant_fax","administrative_name","administrative_company","administrative_address","administrative_city","administrative_state","administrative_zip","administrative_country","administrative_email","administrative_phone","administrative_fax","technical_name","technical_company","technical_address","technical_city","technical_state","technical_zip","technical_country","technical_email","technical_phone","technical_fax","billing_name","billing_company","billing_address","billing_city","billing_state","billing_zip","billing_country","billing_email","billing_phone","billing_fax","name_server_1","name_server_2","name_server_3","name_server_4","domain_status_1","domain_status_2","domain_status_3","domain_status_4"
"1","chefgastonathome.com","2020-05-08 21:11:14","2020-05-06","2020-05-06","2022-05-06","1895","Namespro Solutions Inc.","whois.namespro.ca","http://www.namespro.ca/","Namespro.ca PrivateWHOIS","Namespro.ca PrivateWHOIS","PO Box 28123, West Pender St PO","Vancouver","BC","V6C3T7","Canada","e24-03aac88e@namesproprivacy.ca","+1.6046828059","","Namespro.ca PrivateWHOIS","Namespro.ca PrivateWHOIS","PO Box 28123, West Pender St PO","Vancouver","BC","V6C3T7","Canada","e24-03aac88e@namesproprivacy.ca","+1.6046828059","","Namespro.ca PrivateWHOIS","Namespro.ca PrivateWHOIS","PO Box 28123, West Pender St PO","Vancouver","BC","V6C3T7","Canada","e24-03aac88e@namesproprivacy.ca","+1.6046828059","","","","","","","","","","","","ns0.wixdns.net","ns1.wixdns.net","","","clientTransferProhibited","","",""
"2","digitalscreenactorsguild.com","2020-05-08 20:54:40","2020-05-07","2020-05-07","2022-05-07","1895","Namespro Solutions Inc.","whois.namespro.ca","http://www.namespro.ca/","Namespro.ca PrivateWHOIS","Namespro.ca PrivateWHOIS","PO Box 28123, West Pender St PO","Vancouver","BC","V6C3T7","Canada","n9u-7qt3kvzz@namesproprivacy.ca","+1.6046828059","","Namespro.ca PrivateWHOIS","Namespro.ca PrivateWHOIS","PO Box 28123, West Pender St PO","Vancouver","BC","V6C3T7","Canada","n9u-7qt3kvzz@namesproprivacy.ca","+1.6046828059","","Namespro.ca PrivateWHOIS","Namespro.ca PrivateWHOIS","PO Box 28123, West Pender St PO","Vancouver","BC","V6C3T7","Canada","n9u-7qt3kvzz@namesproprivacy.ca","+1.6046828059","","","","","","","","","","","","slns1.namespro.ca","slns2.namespro.ca","","","clientTransferProhibited","","",""
"3","frompeakstoshores.com","2020-05-08 19:56:32","2020-05-07","2020-05-07","2022-05-07","1895","Namespro Solutions Inc.","whois.namespro.ca","http://www.namespro.ca/","Namespro.ca PrivateWHOIS","Namespro.ca PrivateWHOIS","PO Box 28123, West Pender St PO","Vancouver","BC","V6C3T7","Canada","010-ffc51cd7@namesproprivacy.ca","+1.6046828059","","Namespro.ca PrivateWHOIS","Namespro.ca PrivateWHOIS","PO Box 28123, West Pender St PO","Vancouver","BC","V6C3T7","Canada","010-ffc51cd7@namesproprivacy.ca","+1.6046828059","","Namespro.ca PrivateWHOIS","Namespro.ca PrivateWHOIS","PO Box 28123, West Pender St PO","Vancouver","BC","V6C3T7","Canada","010-ffc51cd7@namesproprivacy.ca","+1.6046828059","","","","","","","","","","","","slns1.namespro.ca","slns2.namespro.ca","","","clientTransferProhibited","","",""
"4","harpreetbabra.com","2020-05-08 19:54:57","2020-05-07","2020-05-07","2021-05-07","1895","Namespro Solutions Inc.","whois.namespro.ca","http://www.namespro.ca/","Harpreet   Babra","Harpreet Babra","Watercrest Drive","Stoney Creek","ON","L8E0A4","Canada","domains@alding.com","+1.9058070782","","Alding Enterprises","Harpreet Babra","#201 30720 Simpson Rd","Abbotsford","BC","V2T6C7","Canada","domains@alding.com","+1.6046287873","","Alding Enterprises","Harpreet Babra","#201 30720 Simpson Rd","Abbotsford","BC","V2T6C7","Canada","domains@alding.com","+1.6046287873","","","","","","","","","","","","ns1.alding.com","ns2.alding.com","ns3.alding.com","","clientTransferProhibited","","",""
"5","kimottenbrite.com","2020-05-08 19:58:31","2020-05-07","2020-05-07","2022-05-07","1895","Namespro Solutions Inc.","whois.namespro.ca","http://www.namespro.ca/","Namespro.ca PrivateWHOIS","Namespro.ca PrivateWHOIS","PO Box 28123, West Pender St PO","Vancouver","BC","V6C3T7","Canada","6d4-52c2a2a3@namesproprivacy.ca","+1.6046828059","","Namespro.ca PrivateWHOIS","Namespro.ca PrivateWHOIS","PO Box 28123, West Pender St PO","Vancouver","BC","V6C3T7","Canada","6d4-52c2a2a3@namesproprivacy.ca","+1.6046828059","","Namespro.ca PrivateWHOIS","Namespro.ca PrivateWHOIS","PO Box 28123, West Pender St PO","Vancouver","BC","V6C3T7","Canada","6d4-52c2a2a3@namesproprivacy.ca","+1.6046828059","","","","","","","","","","","","slns1.namespro.ca","slns2.namespro.ca","","","clientTransferProhibited","","",""
"6","mattastifandigital.com","2020-05-08 20:29:45","2020-05-06","2020-05-06","2021-05-06","1895","Namespro Solutions Inc.","whois.namespro.ca","http://www.namespro.ca/","Namespro.ca PrivateWHOIS","Namespro.ca PrivateWHOIS","PO Box 28123, West Pender St PO","Vancouver","BC","V6C3T7","Canada","9ma-ugarf7z2@namesproprivacy.ca","+1.6046828059","","Namespro.ca PrivateWHOIS","Namespro.ca PrivateWHOIS","PO Box 28123, West Pender St PO","Vancouver","BC","V6C3T7","Canada","9ma-ugarf7z2@namesproprivacy.ca","+1.6046828059","","Namespro.ca PrivateWHOIS","Namespro.ca PrivateWHOIS","PO Box 28123, West Pender St PO","Vancouver","BC","V6C3T7","Canada","9ma-ugarf7z2@namesproprivacy.ca","+1.6046828059","","","","","","","","","","","","slns1.namespro.ca","slns2.namespro.ca","","","clientTransferProhibited","","",""
"7","mrmtmwk.com","2020-05-08 19:52:33","2020-05-07","2020-05-07","2021-05-07","1895","Namespro Solutions Inc.","whois.namespro.ca","http://www.namespro.ca/","Namespro.ca PrivateWHOIS","Namespro.ca PrivateWHOIS","Box 276, 130-8191 Westminster Highway","Richmond","BC","V6X1A7","Canada","i3o-qg2ysv2c@namesproprivacy.ca","+1.6046828059","","Namespro.ca PrivateWHOIS","Namespro.ca PrivateWHOIS","Box 276, 130-8191 Westminster Highway","Richmond","BC","V6X1A7","Canada","i3o-qg2ysv2c@namesproprivacy.ca","+1.6046828059","","Namespro.ca PrivateWHOIS","Namespro.ca PrivateWHOIS","Box 276, 130-8191 Westminster Highway","Richmond","BC","V6X1A7","Canada","i3o-qg2ysv2c@namesproprivacy.ca","+1.6046828059","","","","","","","","","","","","slns1.namespro.ca","slns2.namespro.ca","","","clientTransferProhibited","","",""
"8","peibusinessadvisor.com","2020-05-08 19:56:37","2020-05-07","2020-05-07","2021-05-07","1895","Namespro Solutions Inc.","whois.namespro.ca","http://www.namespro.ca/","Namespro.ca PrivateWHOIS","Namespro.ca PrivateWHOIS","Box 276, 130-8191 Westminster Highway","Richmond","BC","V6X1A7","Canada","68y-s8q4u98n@namesproprivacy.ca","+1.6046828059","","Namespro.ca PrivateWHOIS","Namespro.ca PrivateWHOIS","Box 276, 130-8191 Westminster Highway","Richmond","BC","V6X1A7","Canada","68y-s8q4u98n@namesproprivacy.ca","+1.6046828059","","Namespro.ca PrivateWHOIS","Namespro.ca PrivateWHOIS","Box 276, 130-8191 Westminster Highway","Richmond","BC","V6X1A7","Canada","68y-s8q4u98n@namesproprivacy.ca","+1.6046828059","","","","","","","","","","","","slns1.namespro.ca","slns2.namespro.ca","","","clientTransferProhibited","","",""
"9","shopcht.com","2020-05-08 21:08:51","2020-05-06","2020-05-06","2021-05-06","1895","Namespro Solutions Inc.","whois.namespro.ca","http://www.namespro.ca/","Crystal Shore","Marc Atiyolil Media Inc","Box 7","Blumenort","MB","R0A0C0","Canada","onlinemedia@canadianhometrends.ca","+1.2043460130","","Crystal Shore","Marc Atiyolil Media Inc","Box 7","Blumenort","MB","R0A0C0","Canada","onlinemedia@canadianhometrends.ca","+1.2043460130","","Crystal Shore","Marc Atiyolil Media Inc","Box 7","Blumenort","MB","R0A0C0","Canada","onlinemedia@canadianhometrends.ca","+1.2043460130","","","","","","","","","","","","slns1.namespro.ca","slns2.namespro.ca","","","clientTransferProhibited","","",""
"10","snmpisdead.com","2020-05-08 21:12:31","2020-05-06","2020-05-06","2021-05-06","1895","Namespro Solutions Inc.","whois.namespro.ca","http://www.namespro.ca/","Namespro.ca PrivateWHOIS","Namespro.ca PrivateWHOIS","PO Box 28123, West Pender St PO","Vancouver","BC","V6C3T7","Canada","657-afcc6b68@namesproprivacy.ca","+1.6046828059","","Namespro.ca PrivateWHOIS","Namespro.ca PrivateWHOIS","PO Box 28123, West Pender St PO","Vancouver","BC","V6C3T7","Canada","657-afcc6b68@namesproprivacy.ca","+1.6046828059","","Namespro.ca PrivateWHOIS","Namespro.ca PrivateWHOIS","PO Box 28123, West Pender St PO","Vancouver","BC","V6C3T7","Canada","657-afcc6b68@namesproprivacy.ca","+1.6046828059","","","","","","","","","","","","slns1.namespro.ca","slns2.namespro.ca","","","clientTransferProhibited","","",""
"11","starsalvager.com","2020-05-08 19:56:21","2020-05-07","2020-05-07","2022-05-07","1895","Namespro Solutions Inc.","whois.namespro.ca","http://www.namespro.ca/","Namespro.ca PrivateWHOIS","Namespro.ca PrivateWHOIS","PO Box 28123, West Pender St PO","Vancouver","BC","V6C3T7","Canada","290-466b27f6@namesproprivacy.ca","+1.6046828059","","Namespro.ca PrivateWHOIS","Namespro.ca PrivateWHOIS","PO Box 28123, West Pender St PO","Vancouver","BC","V6C3T7","Canada","290-466b27f6@namesproprivacy.ca","+1.6046828059","","Namespro.ca PrivateWHOIS","Namespro.ca PrivateWHOIS","PO Box 28123, West Pender St PO","Vancouver","BC","V6C3T7","Canada","290-466b27f6@namesproprivacy.ca","+1.6046828059","","","","","","","","","","","","slns1.namespro.ca","slns2.namespro.ca","","","clientTransferProhibited","","",""
"12","theniftynookrestaurant.com","2020-05-08 20:55:04","2020-05-07","2020-05-07","2021-05-07","1895","Namespro Solutions Inc.","whois.namespro.ca","http://www.namespro.ca/","Namespro.ca PrivateWHOIS","Namespro.ca PrivateWHOIS","Box 276, 130-8191 Westminster Highway","Richmond","BC","V6X1A7","Canada","yvo-3vpy6ttq@namesproprivacy.ca","+1.6046828059","","Namespro.ca PrivateWHOIS","Namespro.ca PrivateWHOIS","Box 276, 130-8191 Westminster Highway","Richmond","BC","V6X1A7","Canada","yvo-3vpy6ttq@namesproprivacy.ca","+1.6046828059","","Namespro.ca PrivateWHOIS","Namespro.ca PrivateWHOIS","Box 276, 130-8191 Westminster Highway","Richmond","BC","V6X1A7","Canada","yvo-3vpy6ttq@namesproprivacy.ca","+1.6046828059","","","","","","","","","","","","slns1.namespro.ca","slns2.namespro.ca","","","clientTransferProhibited","","",""
"13","thewellnesshotspot.com","2020-05-08 19:33:41","2020-05-06","2020-05-06","2022-05-06","1895","Namespro Solutions Inc.","whois.namespro.ca","http://www.namespro.ca/","Erica Barrett","Erica Barrett","37 Glenarden Crescent","Richmod Hill","ON","L4B2G9","Canada","ericadfox@gmail.com","+1.9052378888","","Erica Barrett","Erica Barrett","37 Glenarden Crescent","Richmod Hill","ON","L4B2G9","Canada","ericadfox@gmail.com","+1.9052378888","","Erica Barrett","Erica Barrett","37 Glenarden Crescent","Richmod Hill","ON","L4B2G9","Canada","ericadfox@gmail.com","+1.9052378888","","","","","","","","","","","","slns1.namespro.ca","slns2.namespro.ca","","","clientTransferProhibited","","",""
"14","tmgronitsharma.com","2020-05-08 20:23:45","2020-05-06","2020-05-06","2021-05-06","1895","Namespro Solutions Inc.","whois.namespro.ca","http://www.namespro.ca/","Ronit Sharma","Ronit Sharma","8-70 Yorkville Avenue","Toronto","ON","M5R1B9","Canada","domains@alding.com","+1.6472957664","","Alding Enterprises","Ronit Sharma","#201 30720 Simpson Rd","Abbotsford","BC","V2T6C7","Canada","domains@alding.com","+1.6046287873","","Alding Enterprises","Ronit Sharma","#201 30720 Simpson Rd","Abbotsford","BC","V2T6C7","Canada","domains@alding.com","+1.6046287873","","","","","","","","","","","","ns1.alding.com","ns2.alding.com","ns3.alding.com","","clientTransferProhibited","","",""
"15","xhaloshield.com","2020-05-08 20:05:26","2020-05-06","2020-05-06","2022-05-06","1895","Namespro Solutions Inc.","whois.namespro.ca","http://www.namespro.ca/","Namespro.ca PrivateWHOIS","Namespro.ca PrivateWHOIS","PO Box 28123, West Pender St PO","Vancouver","BC","V6C3T7","Canada","963-356321a1@namesproprivacy.ca","+1.6046828059","","Namespro.ca PrivateWHOIS","Namespro.ca PrivateWHOIS","PO Box 28123, West Pender St PO","Vancouver","BC","V6C3T7","Canada","963-356321a1@namesproprivacy.ca","+1.6046828059","","Namespro.ca PrivateWHOIS","Namespro.ca PrivateWHOIS","PO Box 28123, West Pender St PO","Vancouver","BC","V6C3T7","Canada","963-356321a1@namesproprivacy.ca","+1.6046828059","","","","","","","","","","","","slns1.namespro.ca","slns2.namespro.ca","","","clientTransferProhibited","","",""