"num","domain_name","query_time","create_date","update_date","expiry_date","domain_registrar_id","domain_registrar_name","domain_registrar_whois","domain_registrar_url","registrant_name","registrant_company","registrant_address","registrant_city","registrant_state","registrant_zip","registrant_country","registrant_email","registrant_phone","registrant_fax","administrative_name","administrative_company","administrative_address","administrative_city","administrative_state","administrative_zip","administrative_country","administrative_email","administrative_phone","administrative_fax","technical_name","technical_company","technical_address","technical_city","technical_state","technical_zip","technical_country","technical_email","technical_phone","technical_fax","billing_name","billing_company","billing_address","billing_city","billing_state","billing_zip","billing_country","billing_email","billing_phone","billing_fax","name_server_1","name_server_2","name_server_3","name_server_4","domain_status_1","domain_status_2","domain_status_3","domain_status_4"
"1","24hrkushshop.com","2020-05-08 20:52:37","2020-05-07","2020-05-07","2021-05-07","1666","OpenTLD B.V.","http://www.freenom.com/whois","http://www.freenom.com/","REDACTED FOR PRIVACY","REDACTED FOR PRIVACY","REDACTED FOR PRIVACY","REDACTED FOR PRIVACY","NL-NH","REDACTED FOR PRIVACY","Netherlands","","REDACTED FOR PRIVACY","","REDACTED FOR PRIVACY","REDACTED FOR PRIVACY","REDACTED FOR PRIVACY","REDACTED FOR PRIVACY","REDACTED FOR PRIVACY","REDACTED FOR PRIVACY","REDACTED FOR PRIVACY","","REDACTED FOR PRIVACY","+31.20.5315721","REDACTED FOR PRIVACY","REDACTED FOR PRIVACY","REDACTED FOR PRIVACY","REDACTED FOR PRIVACY","REDACTED FOR PRIVACY","REDACTED FOR PRIVACY","REDACTED FOR PRIVACY","","REDACTED FOR PRIVACY","","","","","","","","","","","","ns1.namepress.net","ns2.namepress.net","ns3.namepress.net","ns4.namepress.net","clientTransferProhibited","","",""
"2","ailhome.net","2020-05-09 00:34:01","2020-05-06","2020-05-06","2021-05-06","1666","OpenTLD B.V.","http://www.freenom.com/whois","http://www.freenom.com/","REDACTED FOR PRIVACY","REDACTED FOR PRIVACY","REDACTED FOR PRIVACY","REDACTED FOR PRIVACY","NL-NH","REDACTED FOR PRIVACY","Netherlands","","REDACTED FOR PRIVACY","","REDACTED FOR PRIVACY","REDACTED FOR PRIVACY","REDACTED FOR PRIVACY","REDACTED FOR PRIVACY","REDACTED FOR PRIVACY","REDACTED FOR PRIVACY","REDACTED FOR PRIVACY","","REDACTED FOR PRIVACY","+31.20.5315721","REDACTED FOR PRIVACY","REDACTED FOR PRIVACY","REDACTED FOR PRIVACY","REDACTED FOR PRIVACY","REDACTED FOR PRIVACY","REDACTED FOR PRIVACY","REDACTED FOR PRIVACY","","REDACTED FOR PRIVACY","","","","","","","","","","","","ns1.websiteserverbox.com","ns2.websiteserverbox.com","","","clientTransferProhibited","","",""
"3","amductcleaning.com","2020-05-08 20:55:15","2020-05-07","2020-05-07","2021-05-07","1666","OpenTLD B.V.","http://www.freenom.com/whois","http://www.freenom.com/","REDACTED FOR PRIVACY","REDACTED FOR PRIVACY","REDACTED FOR PRIVACY","REDACTED FOR PRIVACY","MI","REDACTED FOR PRIVACY","United States","","REDACTED FOR PRIVACY","","REDACTED FOR PRIVACY","REDACTED FOR PRIVACY","REDACTED FOR PRIVACY","REDACTED FOR PRIVACY","REDACTED FOR PRIVACY","REDACTED FOR PRIVACY","REDACTED FOR PRIVACY","","REDACTED FOR PRIVACY","","REDACTED FOR PRIVACY","REDACTED FOR PRIVACY","REDACTED FOR PRIVACY","REDACTED FOR PRIVACY","REDACTED FOR PRIVACY","REDACTED FOR PRIVACY","REDACTED FOR PRIVACY","","REDACTED FOR PRIVACY","","","","","","","","","","","","mars.unicorn.garden","ns3.011.ninja","ns4.011.ninja","venus.unicorn.garden","clientTransferProhibited","","",""
"4","amgaragerepair.com","2020-05-08 20:55:24","2020-05-07","2020-05-07","2021-05-07","1666","OpenTLD B.V.","http://www.freenom.com/whois","http://www.freenom.com/","REDACTED FOR PRIVACY","REDACTED FOR PRIVACY","REDACTED FOR PRIVACY","REDACTED FOR PRIVACY","MI","REDACTED FOR PRIVACY","United States","","REDACTED FOR PRIVACY","","REDACTED FOR PRIVACY","REDACTED FOR PRIVACY","REDACTED FOR PRIVACY","REDACTED FOR PRIVACY","REDACTED FOR PRIVACY","REDACTED FOR PRIVACY","REDACTED FOR PRIVACY","","REDACTED FOR PRIVACY","","REDACTED FOR PRIVACY","REDACTED FOR PRIVACY","REDACTED FOR PRIVACY","REDACTED FOR PRIVACY","REDACTED FOR PRIVACY","REDACTED FOR PRIVACY","REDACTED FOR PRIVACY","","REDACTED FOR PRIVACY","","","","","","","","","","","","mars.unicorn.garden","ns3.011.ninja","ns4.011.ninja","venus.unicorn.garden","clientTransferProhibited","","",""
"5","ampmairductcleaning.com","2020-05-08 20:55:37","2020-05-07","2020-05-07","2021-05-07","1666","OpenTLD B.V.","http://www.freenom.com/whois","http://www.freenom.com/","REDACTED FOR PRIVACY","REDACTED FOR PRIVACY","REDACTED FOR PRIVACY","REDACTED FOR PRIVACY","MI","REDACTED FOR PRIVACY","United States","","REDACTED FOR PRIVACY","","REDACTED FOR PRIVACY","REDACTED FOR PRIVACY","REDACTED FOR PRIVACY","REDACTED FOR PRIVACY","REDACTED FOR PRIVACY","REDACTED FOR PRIVACY","REDACTED FOR PRIVACY","","REDACTED FOR PRIVACY","","REDACTED FOR PRIVACY","REDACTED FOR PRIVACY","REDACTED FOR PRIVACY","REDACTED FOR PRIVACY","REDACTED FOR PRIVACY","REDACTED FOR PRIVACY","REDACTED FOR PRIVACY","","REDACTED FOR PRIVACY","","","","","","","","","","","","mars.unicorn.garden","ns3.011.ninja","ns4.011.ninja","venus.unicorn.garden","clientTransferProhibited","","",""
"6","ampmductcleaning.com","2020-05-08 20:55:32","2020-05-07","2020-05-07","2021-05-07","1666","OpenTLD B.V.","http://www.freenom.com/whois","http://www.freenom.com/","REDACTED FOR PRIVACY","REDACTED FOR PRIVACY","REDACTED FOR PRIVACY","REDACTED FOR PRIVACY","MI","REDACTED FOR PRIVACY","United States","","REDACTED FOR PRIVACY","","REDACTED FOR PRIVACY","REDACTED FOR PRIVACY","REDACTED FOR PRIVACY","REDACTED FOR PRIVACY","REDACTED FOR PRIVACY","REDACTED FOR PRIVACY","REDACTED FOR PRIVACY","","REDACTED FOR PRIVACY","","REDACTED FOR PRIVACY","REDACTED FOR PRIVACY","REDACTED FOR PRIVACY","REDACTED FOR PRIVACY","REDACTED FOR PRIVACY","REDACTED FOR PRIVACY","REDACTED FOR PRIVACY","","REDACTED FOR PRIVACY","","","","","","","","","","","","mars.unicorn.garden","ns3.011.ninja","ns4.011.ninja","venus.unicorn.garden","clientTransferProhibited","","",""
"7","ampmgaragedoorrepair.com","2020-05-08 20:55:22","2020-05-07","2020-05-07","2021-05-07","1666","OpenTLD B.V.","http://www.freenom.com/whois","http://www.freenom.com/","REDACTED FOR PRIVACY","REDACTED FOR PRIVACY","REDACTED FOR PRIVACY","REDACTED FOR PRIVACY","MI","REDACTED FOR PRIVACY","United States","","REDACTED FOR PRIVACY","","REDACTED FOR PRIVACY","REDACTED FOR PRIVACY","REDACTED FOR PRIVACY","REDACTED FOR PRIVACY","REDACTED FOR PRIVACY","REDACTED FOR PRIVACY","REDACTED FOR PRIVACY","","REDACTED FOR PRIVACY","","REDACTED FOR PRIVACY","REDACTED FOR PRIVACY","REDACTED FOR PRIVACY","REDACTED FOR PRIVACY","REDACTED FOR PRIVACY","REDACTED FOR PRIVACY","REDACTED FOR PRIVACY","","REDACTED FOR PRIVACY","","","","","","","","","","","","mars.unicorn.garden","ns3.011.ninja","ns4.011.ninja","venus.unicorn.garden","clientTransferProhibited","","",""
"8","ampmgaragerepair.com","2020-05-08 20:55:34","2020-05-07","2020-05-07","2021-05-07","1666","OpenTLD B.V.","http://www.freenom.com/whois","http://www.freenom.com/","REDACTED FOR PRIVACY","REDACTED FOR PRIVACY","REDACTED FOR PRIVACY","REDACTED FOR PRIVACY","MI","REDACTED FOR PRIVACY","United States","","REDACTED FOR PRIVACY","","REDACTED FOR PRIVACY","REDACTED FOR PRIVACY","REDACTED FOR PRIVACY","REDACTED FOR PRIVACY","REDACTED FOR PRIVACY","REDACTED FOR PRIVACY","REDACTED FOR PRIVACY","","REDACTED FOR PRIVACY","","REDACTED FOR PRIVACY","REDACTED FOR PRIVACY","REDACTED FOR PRIVACY","REDACTED FOR PRIVACY","REDACTED FOR PRIVACY","REDACTED FOR PRIVACY","REDACTED FOR PRIVACY","","REDACTED FOR PRIVACY","","","","","","","","","","","","mars.unicorn.garden","ns3.011.ninja","ns4.011.ninja","venus.unicorn.garden","clientTransferProhibited","","",""
"9","autradex.systems","2020-05-08 22:50:45","2020-05-06","2020-05-06","2023-05-06","1666","OpenTLD B.V.","http://www.freenom.com/whois","http://www.freenom.com/","REDACTED FOR PRIVACY","Stichting OpenTLD WHOIS Proxy","REDACTED FOR PRIVACY","REDACTED FOR PRIVACY","NL-NH","REDACTED FOR PRIVACY","Netherlands","","REDACTED FOR PRIVACY","REDACTED FOR PRIVACY","","","","","","","","","","","","","","","","","","","","","","","","","","","","","","","","","","","addPeriod","clientTransferProhibited","",""
"10","bancom.net","2020-05-09 00:33:22","2020-05-07","2020-05-07","2021-05-07","1666","OpenTLD B.V.","http://www.freenom.com/whois","http://www.freenom.com/","REDACTED FOR PRIVACY","REDACTED FOR PRIVACY","REDACTED FOR PRIVACY","REDACTED FOR PRIVACY","NL-NH","REDACTED FOR PRIVACY","Netherlands","","REDACTED FOR PRIVACY","","REDACTED FOR PRIVACY","REDACTED FOR PRIVACY","REDACTED FOR PRIVACY","REDACTED FOR PRIVACY","REDACTED FOR PRIVACY","REDACTED FOR PRIVACY","REDACTED FOR PRIVACY","","REDACTED FOR PRIVACY","+31.20.5315721","REDACTED FOR PRIVACY","REDACTED FOR PRIVACY","REDACTED FOR PRIVACY","REDACTED FOR PRIVACY","REDACTED FOR PRIVACY","REDACTED FOR PRIVACY","REDACTED FOR PRIVACY","","REDACTED FOR PRIVACY","","","","","","","","","","","","ns1.bancom.net","ns2.bancom.net","","","clientTransferProhibited","","",""
"11","battlecrygaming.com","2020-05-08 21:07:20","2020-05-07","2020-05-07","2021-05-07","1666","OpenTLD B.V.","http://www.freenom.com/whois","http://www.freenom.com/","REDACTED FOR PRIVACY","REDACTED FOR PRIVACY","REDACTED FOR PRIVACY","REDACTED FOR PRIVACY","NL-NH","REDACTED FOR PRIVACY","Netherlands","","REDACTED FOR PRIVACY","","REDACTED FOR PRIVACY","REDACTED FOR PRIVACY","REDACTED FOR PRIVACY","REDACTED FOR PRIVACY","REDACTED FOR PRIVACY","REDACTED FOR PRIVACY","REDACTED FOR PRIVACY","","REDACTED FOR PRIVACY","+31.20.5315721","REDACTED FOR PRIVACY","REDACTED FOR PRIVACY","REDACTED FOR PRIVACY","REDACTED FOR PRIVACY","REDACTED FOR PRIVACY","REDACTED FOR PRIVACY","REDACTED FOR PRIVACY","","REDACTED FOR PRIVACY","","","","","","","","","","","","ns01.freenom.com","ns02.freenom.com","ns03.freenom.com","ns04.freenom.com","clientTransferProhibited","","",""
"12","civicmill.com","2020-05-08 21:11:16","2020-05-06","2020-05-06","2021-05-06","1666","OpenTLD B.V.","http://www.freenom.com/whois","http://www.freenom.com/","REDACTED FOR PRIVACY","REDACTED FOR PRIVACY","REDACTED FOR PRIVACY","REDACTED FOR PRIVACY","NL-NH","REDACTED FOR PRIVACY","Netherlands","","REDACTED FOR PRIVACY","","REDACTED FOR PRIVACY","REDACTED FOR PRIVACY","REDACTED FOR PRIVACY","REDACTED FOR PRIVACY","REDACTED FOR PRIVACY","REDACTED FOR PRIVACY","REDACTED FOR PRIVACY","","REDACTED FOR PRIVACY","+31.20.5315721","REDACTED FOR PRIVACY","REDACTED FOR PRIVACY","REDACTED FOR PRIVACY","REDACTED FOR PRIVACY","REDACTED FOR PRIVACY","REDACTED FOR PRIVACY","REDACTED FOR PRIVACY","","REDACTED FOR PRIVACY","","","","","","","","","","","","ns01.freenom.com","ns02.freenom.com","ns03.freenom.com","ns04.freenom.com","clientTransferProhibited","","",""
"13","cyl-roleplay.net","2020-05-08 19:03:23","2020-05-06","2020-05-06","2021-05-06","1666","OpenTLD B.V.","http://www.freenom.com/whois","http://www.freenom.com/","REDACTED FOR PRIVACY","REDACTED FOR PRIVACY","REDACTED FOR PRIVACY","REDACTED FOR PRIVACY","NL-NH","REDACTED FOR PRIVACY","Netherlands","","REDACTED FOR PRIVACY","","REDACTED FOR PRIVACY","REDACTED FOR PRIVACY","REDACTED FOR PRIVACY","REDACTED FOR PRIVACY","REDACTED FOR PRIVACY","REDACTED FOR PRIVACY","REDACTED FOR PRIVACY","","REDACTED FOR PRIVACY","+31.20.5315721","REDACTED FOR PRIVACY","REDACTED FOR PRIVACY","REDACTED FOR PRIVACY","REDACTED FOR PRIVACY","REDACTED FOR PRIVACY","REDACTED FOR PRIVACY","REDACTED FOR PRIVACY","","REDACTED FOR PRIVACY","","","","","","","","","","","","ns01.freenom.com","ns02.freenom.com","ns03.freenom.com","ns04.freenom.com","clientTransferProhibited","","",""
"14","dynamiquestore.com","2020-05-08 20:37:59","2020-05-07","2020-05-07","2021-05-07","1666","OpenTLD B.V.","http://www.freenom.com/whois","http://www.freenom.com/","REDACTED FOR PRIVACY","REDACTED FOR PRIVACY","REDACTED FOR PRIVACY","REDACTED FOR PRIVACY","NL-NH","REDACTED FOR PRIVACY","Netherlands","","REDACTED FOR PRIVACY","","REDACTED FOR PRIVACY","REDACTED FOR PRIVACY","REDACTED FOR PRIVACY","REDACTED FOR PRIVACY","REDACTED FOR PRIVACY","REDACTED FOR PRIVACY","REDACTED FOR PRIVACY","","REDACTED FOR PRIVACY","+31.20.5315721","REDACTED FOR PRIVACY","REDACTED FOR PRIVACY","REDACTED FOR PRIVACY","REDACTED FOR PRIVACY","REDACTED FOR PRIVACY","REDACTED FOR PRIVACY","REDACTED FOR PRIVACY","","REDACTED FOR PRIVACY","","","","","","","","","","","","ns1.contabo.net","ns2.contabo.net","","","clientTransferProhibited","","",""
"15","easycashperu.com","2020-05-08 21:21:15","2020-05-06","2020-05-06","2021-05-06","1666","OpenTLD B.V.","http://www.freenom.com/whois","http://www.freenom.com/","REDACTED FOR PRIVACY","REDACTED FOR PRIVACY","REDACTED FOR PRIVACY","REDACTED FOR PRIVACY","NL-NH","REDACTED FOR PRIVACY","Netherlands","","REDACTED FOR PRIVACY","","REDACTED FOR PRIVACY","REDACTED FOR PRIVACY","REDACTED FOR PRIVACY","REDACTED FOR PRIVACY","REDACTED FOR PRIVACY","REDACTED FOR PRIVACY","REDACTED FOR PRIVACY","","REDACTED FOR PRIVACY","+31.20.5315721","REDACTED FOR PRIVACY","REDACTED FOR PRIVACY","REDACTED FOR PRIVACY","REDACTED FOR PRIVACY","REDACTED FOR PRIVACY","REDACTED FOR PRIVACY","REDACTED FOR PRIVACY","","REDACTED FOR PRIVACY","","","","","","","","","","","","ns01.freenom.com","ns02.freenom.com","ns03.freenom.com","ns04.freenom.com","clientTransferProhibited","","",""
"16","econopackperu.com","2020-05-08 21:02:31","2020-05-07","2020-05-07","2021-05-07","1666","OpenTLD B.V.","http://www.freenom.com/whois","http://www.freenom.com/","REDACTED FOR PRIVACY","REDACTED FOR PRIVACY","REDACTED FOR PRIVACY","REDACTED FOR PRIVACY","NL-NH","REDACTED FOR PRIVACY","Netherlands","","REDACTED FOR PRIVACY","","REDACTED FOR PRIVACY","REDACTED FOR PRIVACY","REDACTED FOR PRIVACY","REDACTED FOR PRIVACY","REDACTED FOR PRIVACY","REDACTED FOR PRIVACY","REDACTED FOR PRIVACY","","REDACTED FOR PRIVACY","+31.20.5315721","REDACTED FOR PRIVACY","REDACTED FOR PRIVACY","REDACTED FOR PRIVACY","REDACTED FOR PRIVACY","REDACTED FOR PRIVACY","REDACTED FOR PRIVACY","REDACTED FOR PRIVACY","","REDACTED FOR PRIVACY","","","","","","","","","","","","ns01.freenom.com","ns02.freenom.com","ns03.freenom.com","ns04.freenom.com","clientTransferProhibited","","",""
"17","enmoodle.com","2020-05-08 19:31:03","2020-05-07","2020-05-07","2021-05-07","1666","OpenTLD B.V.","http://www.freenom.com/whois","http://www.freenom.com/","REDACTED FOR PRIVACY","REDACTED FOR PRIVACY","REDACTED FOR PRIVACY","REDACTED FOR PRIVACY","NL-NH","REDACTED FOR PRIVACY","Netherlands","","REDACTED FOR PRIVACY","","REDACTED FOR PRIVACY","REDACTED FOR PRIVACY","REDACTED FOR PRIVACY","REDACTED FOR PRIVACY","REDACTED FOR PRIVACY","REDACTED FOR PRIVACY","REDACTED FOR PRIVACY","","REDACTED FOR PRIVACY","+31.20.5315721","REDACTED FOR PRIVACY","REDACTED FOR PRIVACY","REDACTED FOR PRIVACY","REDACTED FOR PRIVACY","REDACTED FOR PRIVACY","REDACTED FOR PRIVACY","REDACTED FOR PRIVACY","","REDACTED FOR PRIVACY","","","","","","","","","","","","ns01.freenom.com","ns02.freenom.com","ns03.freenom.com","ns04.freenom.com","clientTransferProhibited","","",""
"18","enmoodle.net","2020-05-08 19:03:07","2020-05-07","2020-05-07","2021-05-07","1666","OpenTLD B.V.","http://www.freenom.com/whois","http://www.freenom.com/","REDACTED FOR PRIVACY","REDACTED FOR PRIVACY","REDACTED FOR PRIVACY","REDACTED FOR PRIVACY","NL-NH","REDACTED FOR PRIVACY","Netherlands","","REDACTED FOR PRIVACY","","REDACTED FOR PRIVACY","REDACTED FOR PRIVACY","REDACTED FOR PRIVACY","REDACTED FOR PRIVACY","REDACTED FOR PRIVACY","REDACTED FOR PRIVACY","REDACTED FOR PRIVACY","","REDACTED FOR PRIVACY","+31.20.5315721","REDACTED FOR PRIVACY","REDACTED FOR PRIVACY","REDACTED FOR PRIVACY","REDACTED FOR PRIVACY","REDACTED FOR PRIVACY","REDACTED FOR PRIVACY","REDACTED FOR PRIVACY","","REDACTED FOR PRIVACY","","","","","","","","","","","","ns01.freenom.com","ns02.freenom.com","ns03.freenom.com","ns04.freenom.com","clientTransferProhibited","","",""
"19","ferrescode.com","2020-05-08 19:20:25","2020-05-06","2020-05-06","2021-05-06","1666","OpenTLD B.V.","http://www.freenom.com/whois","http://www.freenom.com/","REDACTED FOR PRIVACY","REDACTED FOR PRIVACY","REDACTED FOR PRIVACY","REDACTED FOR PRIVACY","NL-NH","REDACTED FOR PRIVACY","Netherlands","","REDACTED FOR PRIVACY","","REDACTED FOR PRIVACY","REDACTED FOR PRIVACY","REDACTED FOR PRIVACY","REDACTED FOR PRIVACY","REDACTED FOR PRIVACY","REDACTED FOR PRIVACY","REDACTED FOR PRIVACY","","REDACTED FOR PRIVACY","+31.20.5315721","REDACTED FOR PRIVACY","REDACTED FOR PRIVACY","REDACTED FOR PRIVACY","REDACTED FOR PRIVACY","REDACTED FOR PRIVACY","REDACTED FOR PRIVACY","REDACTED FOR PRIVACY","","REDACTED FOR PRIVACY","","","","","","","","","","","","ns01.freenom.com","ns02.freenom.com","ns03.freenom.com","ns04.freenom.com","clientTransferProhibited","","",""
"20","hghsteroidcycle.com","2020-05-08 19:30:31","2020-05-07","2020-05-07","2021-05-07","1666","OpenTLD B.V.","http://www.freenom.com/whois","http://www.freenom.com/","REDACTED FOR PRIVACY","REDACTED FOR PRIVACY","REDACTED FOR PRIVACY","REDACTED FOR PRIVACY","NL-NH","REDACTED FOR PRIVACY","Netherlands","","REDACTED FOR PRIVACY","","REDACTED FOR PRIVACY","REDACTED FOR PRIVACY","REDACTED FOR PRIVACY","REDACTED FOR PRIVACY","REDACTED FOR PRIVACY","REDACTED FOR PRIVACY","REDACTED FOR PRIVACY","","REDACTED FOR PRIVACY","+31.20.5315721","REDACTED FOR PRIVACY","REDACTED FOR PRIVACY","REDACTED FOR PRIVACY","REDACTED FOR PRIVACY","REDACTED FOR PRIVACY","REDACTED FOR PRIVACY","REDACTED FOR PRIVACY","","REDACTED FOR PRIVACY","","","","","","","","","","","","ns1.namepress.net","ns2.namepress.net","ns3.namepress.net","ns4.namepress.net","clientTransferProhibited","","",""
"21","ingles11.com","2020-05-08 21:17:22","2020-05-06","2020-05-06","2021-05-06","1666","OpenTLD B.V.","http://www.freenom.com/whois","http://www.freenom.com/","REDACTED FOR PRIVACY","REDACTED FOR PRIVACY","REDACTED FOR PRIVACY","REDACTED FOR PRIVACY","NL-NH","REDACTED FOR PRIVACY","Netherlands","","REDACTED FOR PRIVACY","","REDACTED FOR PRIVACY","REDACTED FOR PRIVACY","REDACTED FOR PRIVACY","REDACTED FOR PRIVACY","REDACTED FOR PRIVACY","REDACTED FOR PRIVACY","REDACTED FOR PRIVACY","","REDACTED FOR PRIVACY","+31.20.5315721","REDACTED FOR PRIVACY","REDACTED FOR PRIVACY","REDACTED FOR PRIVACY","REDACTED FOR PRIVACY","REDACTED FOR PRIVACY","REDACTED FOR PRIVACY","REDACTED FOR PRIVACY","","REDACTED FOR PRIVACY","","","","","","","","","","","","ns01.freenom.com","ns02.freenom.com","ns03.freenom.com","ns04.freenom.com","clientTransferProhibited","","",""
"22","jtaventasymarketing.com","2020-05-08 20:57:08","2020-05-07","2020-05-07","2021-05-07","1666","OpenTLD B.V.","http://www.freenom.com/whois","http://www.freenom.com/","REDACTED FOR PRIVACY","REDACTED FOR PRIVACY","REDACTED FOR PRIVACY","REDACTED FOR PRIVACY","PE-ARE","REDACTED FOR PRIVACY","Peru","","REDACTED FOR PRIVACY","","REDACTED FOR PRIVACY","REDACTED FOR PRIVACY","REDACTED FOR PRIVACY","REDACTED FOR PRIVACY","REDACTED FOR PRIVACY","REDACTED FOR PRIVACY","REDACTED FOR PRIVACY","","REDACTED FOR PRIVACY","","REDACTED FOR PRIVACY","REDACTED FOR PRIVACY","REDACTED FOR PRIVACY","REDACTED FOR PRIVACY","REDACTED FOR PRIVACY","REDACTED FOR PRIVACY","REDACTED FOR PRIVACY","","REDACTED FOR PRIVACY","","","","","","","","","","","","ns1.creativa.systems","ns2.creativa.systems","","","clientTransferProhibited","","",""
"23","kushphamarcy.com","2020-05-08 21:18:05","2020-05-07","2020-05-07","2021-05-07","1666","OpenTLD B.V.","http://www.freenom.com/whois","http://www.freenom.com/","REDACTED FOR PRIVACY","REDACTED FOR PRIVACY","REDACTED FOR PRIVACY","REDACTED FOR PRIVACY","NL-NH","REDACTED FOR PRIVACY","Netherlands","","REDACTED FOR PRIVACY","","REDACTED FOR PRIVACY","REDACTED FOR PRIVACY","REDACTED FOR PRIVACY","REDACTED FOR PRIVACY","REDACTED FOR PRIVACY","REDACTED FOR PRIVACY","REDACTED FOR PRIVACY","","REDACTED FOR PRIVACY","+31.20.5315721","REDACTED FOR PRIVACY","REDACTED FOR PRIVACY","REDACTED FOR PRIVACY","REDACTED FOR PRIVACY","REDACTED FOR PRIVACY","REDACTED FOR PRIVACY","REDACTED FOR PRIVACY","","REDACTED FOR PRIVACY","","","","","","","","","","","","ns1.namepress.net","ns2.namepress.net","ns3.namepress.net","ns4.namepress.net","clientTransferProhibited","","",""
"24","magicadvocates.com","2020-05-08 20:51:50","2020-05-07","2020-05-07","2021-05-07","1666","OpenTLD B.V.","http://www.freenom.com/whois","http://www.freenom.com/","REDACTED FOR PRIVACY","REDACTED FOR PRIVACY","REDACTED FOR PRIVACY","REDACTED FOR PRIVACY","NL-NH","REDACTED FOR PRIVACY","Netherlands","","REDACTED FOR PRIVACY","","REDACTED FOR PRIVACY","REDACTED FOR PRIVACY","REDACTED FOR PRIVACY","REDACTED FOR PRIVACY","REDACTED FOR PRIVACY","REDACTED FOR PRIVACY","REDACTED FOR PRIVACY","","REDACTED FOR PRIVACY","+31.20.5315721","REDACTED FOR PRIVACY","REDACTED FOR PRIVACY","REDACTED FOR PRIVACY","REDACTED FOR PRIVACY","REDACTED FOR PRIVACY","REDACTED FOR PRIVACY","REDACTED FOR PRIVACY","","REDACTED FOR PRIVACY","","","","","","","","","","","","ns01.freenom.com","ns02.freenom.com","ns03.freenom.com","ns04.freenom.com","clientTransferProhibited","","",""
"25","odiadasmaes.com","2020-05-08 21:10:04","2020-05-06","2020-05-06","2021-05-06","1666","OpenTLD B.V.","http://www.freenom.com/whois","http://www.freenom.com/","REDACTED FOR PRIVACY","REDACTED FOR PRIVACY","REDACTED FOR PRIVACY","REDACTED FOR PRIVACY","NL-NH","REDACTED FOR PRIVACY","Netherlands","","REDACTED FOR PRIVACY","","REDACTED FOR PRIVACY","REDACTED FOR PRIVACY","REDACTED FOR PRIVACY","REDACTED FOR PRIVACY","REDACTED FOR PRIVACY","REDACTED FOR PRIVACY","REDACTED FOR PRIVACY","","REDACTED FOR PRIVACY","+31.20.5315721","REDACTED FOR PRIVACY","REDACTED FOR PRIVACY","REDACTED FOR PRIVACY","REDACTED FOR PRIVACY","REDACTED FOR PRIVACY","REDACTED FOR PRIVACY","REDACTED FOR PRIVACY","","REDACTED FOR PRIVACY","","","","","","","","","","","","dns31.cloudns.net","dns32.cloudns.net","dns33.cloudns.net","dns34.cloudns.net","clientTransferProhibited","","",""
"26","qingyuanmso.com","2020-05-08 20:56:42","2020-05-07","2020-05-07","2021-05-07","1666","OpenTLD B.V.","http://www.freenom.com/whois","http://www.freenom.com/","REDACTED FOR PRIVACY","REDACTED FOR PRIVACY","REDACTED FOR PRIVACY","REDACTED FOR PRIVACY","NL-NH","REDACTED FOR PRIVACY","Netherlands","","REDACTED FOR PRIVACY","","REDACTED FOR PRIVACY","REDACTED FOR PRIVACY","REDACTED FOR PRIVACY","REDACTED FOR PRIVACY","REDACTED FOR PRIVACY","REDACTED FOR PRIVACY","REDACTED FOR PRIVACY","","REDACTED FOR PRIVACY","+31.20.5315721","REDACTED FOR PRIVACY","REDACTED FOR PRIVACY","REDACTED FOR PRIVACY","REDACTED FOR PRIVACY","REDACTED FOR PRIVACY","REDACTED FOR PRIVACY","REDACTED FOR PRIVACY","","REDACTED FOR PRIVACY","","","","","","","","","","","","damon.ns.cloudflare.com","janet.ns.cloudflare.com","","","clientTransferProhibited","","",""
"27","rotalarveizler.com","2020-05-08 21:21:22","2020-05-06","2020-05-07","2021-05-06","1666","OpenTLD B.V.","http://www.freenom.com/whois","http://www.freenom.com/","REDACTED FOR PRIVACY","REDACTED FOR PRIVACY","REDACTED FOR PRIVACY","REDACTED FOR PRIVACY","","REDACTED FOR PRIVACY","Turkey","","REDACTED FOR PRIVACY","","REDACTED FOR PRIVACY","REDACTED FOR PRIVACY","REDACTED FOR PRIVACY","REDACTED FOR PRIVACY","REDACTED FOR PRIVACY","REDACTED FOR PRIVACY","REDACTED FOR PRIVACY","","REDACTED FOR PRIVACY","","REDACTED FOR PRIVACY","REDACTED FOR PRIVACY","REDACTED FOR PRIVACY","REDACTED FOR PRIVACY","REDACTED FOR PRIVACY","REDACTED FOR PRIVACY","REDACTED FOR PRIVACY","","REDACTED FOR PRIVACY","","","","","","","","","","","","ns1.gofasthost.com","ns2.gofasthost.com","","","clientTransferProhibited","","",""
"28","sasaawan.com","2020-05-08 20:03:30","2020-05-06","2020-05-06","2021-05-06","1666","OpenTLD B.V.","http://www.freenom.com/whois","http://www.freenom.com/","REDACTED FOR PRIVACY","REDACTED FOR PRIVACY","REDACTED FOR PRIVACY","REDACTED FOR PRIVACY","NL-NH","REDACTED FOR PRIVACY","Netherlands","","REDACTED FOR PRIVACY","","REDACTED FOR PRIVACY","REDACTED FOR PRIVACY","REDACTED FOR PRIVACY","REDACTED FOR PRIVACY","REDACTED FOR PRIVACY","REDACTED FOR PRIVACY","REDACTED FOR PRIVACY","","REDACTED FOR PRIVACY","+31.20.5315721","REDACTED FOR PRIVACY","REDACTED FOR PRIVACY","REDACTED FOR PRIVACY","REDACTED FOR PRIVACY","REDACTED FOR PRIVACY","REDACTED FOR PRIVACY","REDACTED FOR PRIVACY","","REDACTED FOR PRIVACY","","","","","","","","","","","","ns1.gsgp1026.siteground.asia","ns2.gsgp1026.siteground.asia","","","clientTransferProhibited","","",""
"29","serious-company.business","2020-05-08 18:59:20","2020-05-07","2020-05-07","2021-05-07","1666","OpenTLD B.V.","http://www.freenom.com/whois","http://www.freenom.com/","REDACTED FOR PRIVACY","Stichting OpenTLD WHOIS Proxy","REDACTED FOR PRIVACY","REDACTED FOR PRIVACY","NL-NH","REDACTED FOR PRIVACY","Netherlands","","REDACTED FOR PRIVACY","REDACTED FOR PRIVACY","","","","","","","","","","","","","","","","","","","","","","","","","","","","","","","","","","","addPeriod","clientTransferProhibited","",""
"30","sirconet.com","2020-05-08 19:53:27","2020-05-07","2020-05-07","2021-05-07","1666","OpenTLD B.V.","http://www.freenom.com/whois","http://www.freenom.com/","REDACTED FOR PRIVACY","REDACTED FOR PRIVACY","REDACTED FOR PRIVACY","REDACTED FOR PRIVACY","NL-NH","REDACTED FOR PRIVACY","Netherlands","","REDACTED FOR PRIVACY","","REDACTED FOR PRIVACY","REDACTED FOR PRIVACY","REDACTED FOR PRIVACY","REDACTED FOR PRIVACY","REDACTED FOR PRIVACY","REDACTED FOR PRIVACY","REDACTED FOR PRIVACY","","REDACTED FOR PRIVACY","+31.20.5315721","REDACTED FOR PRIVACY","REDACTED FOR PRIVACY","REDACTED FOR PRIVACY","REDACTED FOR PRIVACY","REDACTED FOR PRIVACY","REDACTED FOR PRIVACY","REDACTED FOR PRIVACY","","REDACTED FOR PRIVACY","","","","","","","","","","","","dns1.rhinoserver.net","dns2.rhinoserver.net","","","clientTransferProhibited","","",""
"31","sylverlineofficial.net","2020-05-09 00:32:36","2020-05-06","2020-05-07","2021-05-06","1666","OpenTLD B.V.","http://www.freenom.com/whois","http://www.freenom.com/","REDACTED FOR PRIVACY","REDACTED FOR PRIVACY","REDACTED FOR PRIVACY","REDACTED FOR PRIVACY","NL-NH","REDACTED FOR PRIVACY","Netherlands","","REDACTED FOR PRIVACY","","REDACTED FOR PRIVACY","REDACTED FOR PRIVACY","REDACTED FOR PRIVACY","REDACTED FOR PRIVACY","REDACTED FOR PRIVACY","REDACTED FOR PRIVACY","REDACTED FOR PRIVACY","","REDACTED FOR PRIVACY","+31.20.5315721","REDACTED FOR PRIVACY","REDACTED FOR PRIVACY","REDACTED FOR PRIVACY","REDACTED FOR PRIVACY","REDACTED FOR PRIVACY","REDACTED FOR PRIVACY","REDACTED FOR PRIVACY","","REDACTED FOR PRIVACY","","","","","","","","","","","","hifi1.speedhost247.com","hifi2.speedhost247.com","","","clientTransferProhibited","","",""
"32","thefluencystairs.com","2020-05-08 19:30:38","2020-05-07","2020-05-07","2021-05-07","1666","OpenTLD B.V.","http://www.freenom.com/whois","http://www.freenom.com/","REDACTED FOR PRIVACY","REDACTED FOR PRIVACY","REDACTED FOR PRIVACY","REDACTED FOR PRIVACY","NL-NH","REDACTED FOR PRIVACY","Netherlands","","REDACTED FOR PRIVACY","","REDACTED FOR PRIVACY","REDACTED FOR PRIVACY","REDACTED FOR PRIVACY","REDACTED FOR PRIVACY","REDACTED FOR PRIVACY","REDACTED FOR PRIVACY","REDACTED FOR PRIVACY","","REDACTED FOR PRIVACY","+31.20.5315721","REDACTED FOR PRIVACY","REDACTED FOR PRIVACY","REDACTED FOR PRIVACY","REDACTED FOR PRIVACY","REDACTED FOR PRIVACY","REDACTED FOR PRIVACY","REDACTED FOR PRIVACY","","REDACTED FOR PRIVACY","","","","","","","","","","","","ns5.awardspace.com","ns6.awardspace.com","","","clientTransferProhibited","","",""
"33","trendyelit.com","2020-05-08 19:29:22","2020-05-07","2020-05-07","2021-05-07","1666","OpenTLD B.V.","http://www.freenom.com/whois","http://www.freenom.com/","REDACTED FOR PRIVACY","REDACTED FOR PRIVACY","REDACTED FOR PRIVACY","REDACTED FOR PRIVACY","NL-NH","REDACTED FOR PRIVACY","Netherlands","","REDACTED FOR PRIVACY","","REDACTED FOR PRIVACY","REDACTED FOR PRIVACY","REDACTED FOR PRIVACY","REDACTED FOR PRIVACY","REDACTED FOR PRIVACY","REDACTED FOR PRIVACY","REDACTED FOR PRIVACY","","REDACTED FOR PRIVACY","+31.20.5315721","REDACTED FOR PRIVACY","REDACTED FOR PRIVACY","REDACTED FOR PRIVACY","REDACTED FOR PRIVACY","REDACTED FOR PRIVACY","REDACTED FOR PRIVACY","REDACTED FOR PRIVACY","","REDACTED FOR PRIVACY","","","","","","","","","","","","ns01.freenom.com","ns02.freenom.com","ns03.freenom.com","ns04.freenom.com","clientTransferProhibited","","",""
"34","turfrikahost.com","2020-05-08 21:09:19","2020-05-06","2020-05-07","2021-05-06","1666","OpenTLD B.V.","http://www.freenom.com/whois","http://www.freenom.com/","REDACTED FOR PRIVACY","REDACTED FOR PRIVACY","REDACTED FOR PRIVACY","REDACTED FOR PRIVACY","NL-NH","REDACTED FOR PRIVACY","Netherlands","","REDACTED FOR PRIVACY","","REDACTED FOR PRIVACY","REDACTED FOR PRIVACY","REDACTED FOR PRIVACY","REDACTED FOR PRIVACY","REDACTED FOR PRIVACY","REDACTED FOR PRIVACY","REDACTED FOR PRIVACY","","REDACTED FOR PRIVACY","+31.20.5315721","REDACTED FOR PRIVACY","REDACTED FOR PRIVACY","REDACTED FOR PRIVACY","REDACTED FOR PRIVACY","REDACTED FOR PRIVACY","REDACTED FOR PRIVACY","REDACTED FOR PRIVACY","","REDACTED FOR PRIVACY","","","","","","","","","","","","ns1.boxsecured.com","ns2.boxsecured.com","","","clientTransferProhibited","","",""
"35","younghustlers.net","2020-05-09 00:22:50","2020-05-07","2020-05-07","2021-05-07","1666","OpenTLD B.V.","http://www.freenom.com/whois","http://www.freenom.com/","REDACTED FOR PRIVACY","REDACTED FOR PRIVACY","REDACTED FOR PRIVACY","REDACTED FOR PRIVACY","Harare","REDACTED FOR PRIVACY","Zimbabwe","","REDACTED FOR PRIVACY","","REDACTED FOR PRIVACY","REDACTED FOR PRIVACY","REDACTED FOR PRIVACY","REDACTED FOR PRIVACY","REDACTED FOR PRIVACY","REDACTED FOR PRIVACY","REDACTED FOR PRIVACY","","REDACTED FOR PRIVACY","","REDACTED FOR PRIVACY","REDACTED FOR PRIVACY","REDACTED FOR PRIVACY","REDACTED FOR PRIVACY","REDACTED FOR PRIVACY","REDACTED FOR PRIVACY","REDACTED FOR PRIVACY","","REDACTED FOR PRIVACY","","","","","","","","","","","","ns1.bluehost.com","ns2.bluehost.com","","","clientTransferProhibited","","",""
"36","zullmall.com","2020-05-08 20:48:59","2020-05-07","2020-05-07","2021-05-07","1666","OpenTLD B.V.","http://www.freenom.com/whois","http://www.freenom.com/","REDACTED FOR PRIVACY","REDACTED FOR PRIVACY","REDACTED FOR PRIVACY","REDACTED FOR PRIVACY","Kuala Lumpur","REDACTED FOR PRIVACY","Malaysia","","REDACTED FOR PRIVACY","","REDACTED FOR PRIVACY","REDACTED FOR PRIVACY","REDACTED FOR PRIVACY","REDACTED FOR PRIVACY","REDACTED FOR PRIVACY","REDACTED FOR PRIVACY","REDACTED FOR PRIVACY","","REDACTED FOR PRIVACY","","REDACTED FOR PRIVACY","REDACTED FOR PRIVACY","REDACTED FOR PRIVACY","REDACTED FOR PRIVACY","REDACTED FOR PRIVACY","REDACTED FOR PRIVACY","REDACTED FOR PRIVACY","","REDACTED FOR PRIVACY","","","","","","","","","","","","dns2018a.trouble-free.net","dns2018b.trouble-free.net","","","clientTransferProhibited","","",""