"num","domain_name","query_time","create_date","update_date","expiry_date","domain_registrar_id","domain_registrar_name","domain_registrar_whois","domain_registrar_url","registrant_name","registrant_company","registrant_address","registrant_city","registrant_state","registrant_zip","registrant_country","registrant_email","registrant_phone","registrant_fax","administrative_name","administrative_company","administrative_address","administrative_city","administrative_state","administrative_zip","administrative_country","administrative_email","administrative_phone","administrative_fax","technical_name","technical_company","technical_address","technical_city","technical_state","technical_zip","technical_country","technical_email","technical_phone","technical_fax","billing_name","billing_company","billing_address","billing_city","billing_state","billing_zip","billing_country","billing_email","billing_phone","billing_fax","name_server_1","name_server_2","name_server_3","name_server_4","domain_status_1","domain_status_2","domain_status_3","domain_status_4"
"1","fanjf.com","2020-05-08 20:27:14","2020-05-06","2020-05-06","2021-05-06","1751","SQUIDSAILERDOMAINS.COM, LLC","whois.publicinterestregistry.net","http://www.networksolutions.com","Jianfeng Wu Juming","","Luyang District, Fortune Plaza No. 1107 First","Hefeishi","ANHUISHENG","230001","China","temp@juming.com","+1.864009972996","","Jianfeng Wu Juming","","Luyang District, Fortune Plaza No. 1107 First","Hefeishi","ANHUISHENG","230001","China","temp@juming.com","+1.864009972996","","Jianfeng Wu Juming","","Luyang District, Fortune Plaza No. 1107 First","Hefeishi","ANHUISHENG","230001","China","temp@juming.com","+1.864009972996","","","","","","","","","","","","v1.juming-xz.com","v1.xz-juming.com","","","OK","","",""
"2","letsches.com","2020-05-08 19:30:08","2020-05-06","2020-05-06","2021-05-06","1751","SQUIDSAILERDOMAINS.COM, LLC","whois.publicinterestregistry.net","http://www.networksolutions.com","PERFECT PRIVACY, LLC","","5335 Gate Parkway","Jacksonville","FL","32256","United States","06dm0milsghmibdolrto8bi8d4@domaindiscreet.com","+1.9027492701","","PERFECT PRIVACY, LLC","","5335 Gate Parkway","Jacksonville","FL","32256","United States","06dm0milsghmibdolrto8bi8d4@domaindiscreet.com","+1.9027492701","","PERFECT PRIVACY, LLC","","5335 Gate Parkway","Jacksonville","FL","32256","United States","06dm0milsghmibdolrto8bi8d4@domaindiscreet.com","+1.9027492701","","","","","","","","","","","","parkdns1.internetvikings.com","parkdns2.internetvikings.com","","","OK","","",""
"3","rzlyyy.com","2020-05-08 20:25:32","2020-05-06","2020-05-07","2021-05-06","1751","SQUIDSAILERDOMAINS.COM, LLC","whois.publicinterestregistry.net","http://www.networksolutions.com","ping huang","huangping","dongpoqu,sansuxiang,baijiacun,9zu","meishan","sichuan","620000","China","3466137388@qq.com","+86.15678618085","+86.15678618085","ping huang","huangping","dongpoqu,sansuxiang,baijiacun,9zu","meishan","sichuan","620000","China","3466137388@qq.com","+86.15678618085","+86.15678618085","ping huang","huangping","dongpoqu,sansuxiang,baijiacun,9zu","meishan","sichuan","620000","China","3466137388@qq.com","+86.15678618085","+86.15678618085","","","","","","","","","","","v1.juming-xz.com","v1.xz-juming.com","","","OK","","",""
"4","scdcl.com","2020-05-08 20:14:59","2020-05-06","2020-05-06","2021-05-06","1751","SQUIDSAILERDOMAINS.COM, LLC","whois.publicinterestregistry.net","http://www.networksolutions.com","Statutory Masking Enabled","Statutory Masking Enabled","Statutory Masking Enabled","Statutory Masking Enabled","Alpes Maritimes","Statutory Masking Enabled","France","abuse@web.com","Statutory Masking Enabled","Statutory Masking Enabled","Statutory Masking Enabled","Statutory Masking Enabled","Statutory Masking Enabled","Statutory Masking Enabled","Statutory Masking Enabled","Statutory Masking Enabled","Statutory Masking Enabled","abuse@web.com","Statutory Masking Enabled","Statutory Masking Enabled","Statutory Masking Enabled","Statutory Masking Enabled","Statutory Masking Enabled","Statutory Masking Enabled","Statutory Masking Enabled","Statutory Masking Enabled","Statutory Masking Enabled","abuse@web.com","Statutory Masking Enabled","Statutory Masking Enabled","","","","","","","","","","","ns1.undeveloped.com","ns2.undeveloped.com","","","OK","","",""
"5","szcxy.com","2020-05-08 20:15:12","2020-05-06","2020-05-07","2021-05-06","1751","SQUIDSAILERDOMAINS.COM, LLC","whois.publicinterestregistry.net","http://www.networksolutions.com","zhi bo tan","tan zhi bo","pan shi shi, dong ning jie dao, tai an wei, ba zu","ji lin shi","ji lin","132300","China","youcai668@gmail.com","+86.15243273919","+86.15243273919","zhi bo tan","tan zhi bo","pan shi shi, dong ning jie dao, tai an wei, ba zu","ji lin shi","ji lin","132300","China","youcai668@gmail.com","+86.15243273919","+86.15243273919","zhi bo tan","tan zhi bo","pan shi shi, dong ning jie dao, tai an wei, ba zu","ji lin shi","ji lin","132300","China","youcai668@gmail.com","+86.15243273919","+86.15243273919","","","","","","","","","","","jm1.dns.com","jm2.dns.com","","","OK","","",""