"num","domain_name","query_time","create_date","update_date","expiry_date","domain_registrar_id","domain_registrar_name","domain_registrar_whois","domain_registrar_url","registrant_name","registrant_company","registrant_address","registrant_city","registrant_state","registrant_zip","registrant_country","registrant_email","registrant_phone","registrant_fax","administrative_name","administrative_company","administrative_address","administrative_city","administrative_state","administrative_zip","administrative_country","administrative_email","administrative_phone","administrative_fax","technical_name","technical_company","technical_address","technical_city","technical_state","technical_zip","technical_country","technical_email","technical_phone","technical_fax","billing_name","billing_company","billing_address","billing_city","billing_state","billing_zip","billing_country","billing_email","billing_phone","billing_fax","name_server_1","name_server_2","name_server_3","name_server_4","domain_status_1","domain_status_2","domain_status_3","domain_status_4"
"1","classificadoszonalatina.com","2020-05-08 19:33:25","2020-05-06","2020-05-07","2021-05-06","2892","Top Level Domains LLC","whois.topleveldomainsllc.com","http://www.tlh.ro","yuanke hua","huayuanke","yanjiangqu,hepingbeilu,148hao","ziyang","sichuan","641300","China","libai8181@gmail.com","+86.13371865221","+86.13371865221","yuanke hua","huayuanke","yanjiangqu,hepingbeilu,148hao","ziyang","sichuan","641300","China","libai8181@gmail.com","+86.13371865221","+86.13371865221","yuanke hua","huayuanke","yanjiangqu,hepingbeilu,148hao","ziyang","sichuan","641300","China","libai8181@gmail.com","+86.13371865221","+86.13371865221","","","","","","","","","","","v1.juming-xz.com","v1.xz-juming.com","","","OK","","",""
"2","juicyconture.com","2020-05-08 20:19:41","2020-05-06","2020-05-06","2021-05-06","2892","Top Level Domains LLC","whois.topleveldomainsllc.com","http://www.tlh.ro","PERFECT PRIVACY, LLC","","5335 Gate Parkway","Jacksonville","FL","32256","United States","1k4lndmrhmhqlbcgc72q57lf2a@domaindiscreet.com","+1.9027492701","","PERFECT PRIVACY, LLC","","5335 Gate Parkway","Jacksonville","FL","32256","United States","1k4lndmrhmhqlbcgc72q57lf2a@domaindiscreet.com","+1.9027492701","","PERFECT PRIVACY, LLC","","5335 Gate Parkway","Jacksonville","FL","32256","United States","1k4lndmrhmhqlbcgc72q57lf2a@domaindiscreet.com","+1.9027492701","","","","","","","","","","","","ns15.above.com","ns16.above.com","","","OK","","",""
"3","kingfovlun.com","2020-05-08 20:26:46","2020-05-06","2020-05-07","2021-05-06","2892","Top Level Domains LLC","whois.topleveldomainsllc.com","http://www.tlh.ro","yuanke hua","huayuanke","yanjiangqu,hepingbeilu,148hao","ziyang","sichuan","641300","China","libai8181@gmail.com","+86.13371865221","+86.13371865221","yuanke hua","huayuanke","yanjiangqu,hepingbeilu,148hao","ziyang","sichuan","641300","China","libai8181@gmail.com","+86.13371865221","+86.13371865221","yuanke hua","huayuanke","yanjiangqu,hepingbeilu,148hao","ziyang","sichuan","641300","China","libai8181@gmail.com","+86.13371865221","+86.13371865221","","","","","","","","","","","v1.juming-xz.com","v1.xz-juming.com","","","OK","","",""
"4","laschingonas.com","2020-05-08 20:10:38","2020-05-06","2020-05-07","2021-05-06","2892","Top Level Domains LLC","whois.topleveldomainsllc.com","http://www.tlh.ro","PERFECT PRIVACY, LLC","","5335 Gate Parkway","Jacksonville","FL","32256","United States","0gafpnror6i51amen8tsmphseo@domaindiscreet.com","+1.9027492701","","PERFECT PRIVACY, LLC","","5335 Gate Parkway","Jacksonville","FL","32256","United States","0gafpnror6i51amen8tsmphseo@domaindiscreet.com","+1.9027492701","","PERFECT PRIVACY, LLC","","5335 Gate Parkway","Jacksonville","FL","32256","United States","0gafpnror6i51amen8tsmphseo@domaindiscreet.com","+1.9027492701","","","","","","","","","","","","ns1.undeveloped.com","ns2.undeveloped.com","","","OK","","",""
"5","lepsusuber.com","2020-05-08 19:34:35","2020-05-06","2020-05-06","2021-05-06","2892","Top Level Domains LLC","whois.topleveldomainsllc.com","http://www.tlh.ro","PERFECT PRIVACY, LLC","","5335 Gate Parkway","Jacksonville","FL","32256","United States","1k4lndmrhmhqlbcgc72q57lf2a@domaindiscreet.com","+1.9027492701","","PERFECT PRIVACY, LLC","","5335 Gate Parkway","Jacksonville","FL","32256","United States","1k4lndmrhmhqlbcgc72q57lf2a@domaindiscreet.com","+1.9027492701","","PERFECT PRIVACY, LLC","","5335 Gate Parkway","Jacksonville","FL","32256","United States","1k4lndmrhmhqlbcgc72q57lf2a@domaindiscreet.com","+1.9027492701","","","","","","","","","","","","ns15.above.com","ns16.above.com","","","OK","","",""
"6","meihei.net","2020-05-09 00:31:55","2020-05-06","2020-05-06","2021-05-06","2892","Top Level Domains LLC","whois.topleveldomainsllc.com","http://www.tlh.ro","Jianfeng Wu Juming","","Luyang District, Fortune Plaza No. 1107 First","Hefeishi","ANHUISHENG","230001","China","temp@juming.com","+1.864009972996","","Jianfeng Wu Juming","","Luyang District, Fortune Plaza No. 1107 First","Hefeishi","ANHUISHENG","230001","China","temp@juming.com","+1.864009972996","","Jianfeng Wu Juming","","Luyang District, Fortune Plaza No. 1107 First","Hefeishi","ANHUISHENG","230001","China","temp@juming.com","+1.864009972996","","","","","","","","","","","","v1.juming-xz.com","v1.xz-juming.com","","","OK","","",""
"7","sugarpainting.com","2020-05-08 19:33:07","2020-05-06","2020-05-07","2021-05-06","2892","Top Level Domains LLC","whois.topleveldomainsllc.com","http://www.tlh.ro","PERFECT PRIVACY, LLC","","5335 Gate Parkway","Jacksonville","FL","32256","United States","0gafpnror6i51amen8tsmphseo@domaindiscreet.com","+1.9027492701","","PERFECT PRIVACY, LLC","","5335 Gate Parkway","Jacksonville","FL","32256","United States","0gafpnror6i51amen8tsmphseo@domaindiscreet.com","+1.9027492701","","PERFECT PRIVACY, LLC","","5335 Gate Parkway","Jacksonville","FL","32256","United States","0gafpnror6i51amen8tsmphseo@domaindiscreet.com","+1.9027492701","","","","","","","","","","","","ns1.undeveloped.com","ns2.undeveloped.com","","","OK","","",""