"num","domain_name","query_time","create_date","update_date","expiry_date","domain_registrar_id","domain_registrar_name","domain_registrar_whois","domain_registrar_url","registrant_name","registrant_company","registrant_address","registrant_city","registrant_state","registrant_zip","registrant_country","registrant_email","registrant_phone","registrant_fax","administrative_name","administrative_company","administrative_address","administrative_city","administrative_state","administrative_zip","administrative_country","administrative_email","administrative_phone","administrative_fax","technical_name","technical_company","technical_address","technical_city","technical_state","technical_zip","technical_country","technical_email","technical_phone","technical_fax","billing_name","billing_company","billing_address","billing_city","billing_state","billing_zip","billing_country","billing_email","billing_phone","billing_fax","name_server_1","name_server_2","name_server_3","name_server_4","domain_status_1","domain_status_2","domain_status_3","domain_status_4"
"1","asfbkh-hdfgnkju.com","2020-05-08 04:01:13","2020-05-07","2020-05-07","2021-05-07","3817","Wix.com Ltd.","","","","","","","","","","","","","","","","","","","","","","","","","","","","","","","","","","","","","","","","","","","ns12.wixdns.net","ns13.wixdns.net","","","clientTransferProhibited","clientUpdateProhibited","",""
"2","atlinkedu.com","2020-05-08 02:38:39","2020-05-03","2020-05-03","2023-05-03","3817","Wix.com Ltd.","","","","","","","","","","","","","","","","","","","","","","","","","","","","","","","","","","","","","","","","","","","ns10.wixdns.net","ns11.wixdns.net","","","clientTransferProhibited","clientUpdateProhibited","",""
"3","axhmanagedacta.com","2020-05-08 22:18:59","2020-05-08","2020-05-08","2021-05-08","3817","Wix.com Ltd.","","","","","","","","","","","","","","","","","","","","","","","","","","","","","","","","","","","","","","","","","","","ns14.wixdns.net","ns15.wixdns.net","","","clientTransferProhibited","clientUpdateProhibited","",""
"4","ceppegopeks.com","2020-05-08 14:28:34","2020-05-08","2020-05-08","2021-05-08","3817","Wix.com Ltd.","","","","","","","","","","","","","","","","","","","","","","","","","","","","","","","","","","","","","","","","","","","ns2.wixdns.net","ns3.wixdns.net","","","clientTransferProhibited","clientUpdateProhibited","",""
"5","cjnx7a.com","2020-05-08 20:19:13","2020-05-08","2020-05-08","2021-05-08","3817","Wix.com Ltd.","","","","","","","","","","","","","","","","","","","","","","","","","","","","","","","","","","","","","","","","","","","ns12.wixdns.net","ns13.wixdns.net","","","clientTransferProhibited","clientUpdateProhibited","",""
"6","dalricism.com","2020-05-08 22:44:46","2020-05-08","2020-05-08","2021-05-08","3817","Wix.com Ltd.","","","","","","","","","","","","","","","","","","","","","","","","","","","","","","","","","","","","","","","","","","","ns12.wixdns.net","ns13.wixdns.net","","","clientTransferProhibited","clientUpdateProhibited","",""
"7","hpurhclaxi.com","2020-05-08 12:17:16","2020-05-08","2020-05-08","2021-05-08","3817","Wix.com Ltd.","","","","","","","","","","","","","","","","","","","","","","","","","","","","","","","","","","","","","","","","","","","ns6.wixdns.net","ns7.wixdns.net","","","clientTransferProhibited","clientUpdateProhibited","",""
"8","lesverif-xzsapages.com","2020-05-08 23:17:52","2020-05-08","2020-05-08","2021-05-08","3817","Wix.com Ltd.","","","","","","","","","","","","","","","","","","","","","","","","","","","","","","","","","","","","","","","","","","","ns8.wixdns.net","ns9.wixdns.net","","","clientTransferProhibited","clientUpdateProhibited","",""
"9","memanulp.com","2020-05-08 14:15:27","2020-05-08","2020-05-08","2021-05-08","3817","Wix.com Ltd.","","","","","","","","","","","","","","","","","","","","","","","","","","","","","","","","","","","","","","","","","","","ns4.wixdns.net","ns5.wixdns.net","","","clientTransferProhibited","clientUpdateProhibited","",""
"10","suppstlsipxc.com","2020-05-08 23:47:39","2020-05-08","2020-05-08","2021-05-08","3817","Wix.com Ltd.","","","","","","","","","","","","","","","","","","","","","","","","","","","","","","","","","","","","","","","","","","","ns12.wixdns.net","ns13.wixdns.net","","","clientTransferProhibited","clientUpdateProhibited","",""
"11","tadisangkafarms.com","2020-05-08 14:29:25","2020-05-08","2020-05-08","2021-05-08","3817","Wix.com Ltd.","","","","","","","","","","","","","","","","","","","","","","","","","","","","","","","","","","","","","","","","","","","ns2.wixdns.net","ns3.wixdns.net","","","clientTransferProhibited","clientUpdateProhibited","",""
"12","takkalabukocikali.com","2020-05-08 14:29:34","2020-05-08","2020-05-08","2021-05-08","3817","Wix.com Ltd.","","","","","","","","","","","","","","","","","","","","","","","","","","","","","","","","","","","","","","","","","","","ns2.wixdns.net","ns3.wixdns.net","","","clientTransferProhibited","clientUpdateProhibited","",""
"13","treslecheria.com","2020-05-08 23:37:28","2020-04-29","2020-04-29","2021-04-29","3817","Wix.com Ltd.","","","","","","","","","","","","","","","","","","","","","","","","","","","","","","","","","","","","","","","","","","","ns6.wixdns.net","ns7.wixdns.net","","","clientTransferProhibited","clientUpdateProhibited","",""
"14","vspxtlsipintrnxa.com","2020-05-08 01:18:04","2020-05-07","2020-05-07","2021-05-07","3817","Wix.com Ltd.","","","","","","","","","","","","","","","","","","","","","","","","","","","","","","","","","","","","","","","","","","","ns6.wixdns.net","ns7.wixdns.net","","","clientTransferProhibited","clientUpdateProhibited","",""
"15","xzapages-lesverif.com","2020-05-08 23:52:01","2020-05-08","2020-05-08","2021-05-08","3817","Wix.com Ltd.","","","","","","","","","","","","","","","","","","","","","","","","","","","","","","","","","","","","","","","","","","","ns8.wixdns.net","ns9.wixdns.net","","","clientTransferProhibited","clientUpdateProhibited","",""
"16","xzyncs-ldmsapages.com","2020-05-08 01:36:32","2020-05-07","2020-05-07","2021-05-07","3817","Wix.com Ltd.","","","","","","","","","","","","","","","","","","","","","","","","","","","","","","","","","","","","","","","","","","","ns12.wixdns.net","ns13.wixdns.net","","","clientTransferProhibited","clientUpdateProhibited","",""