"num","domain_name","query_time","create_date","update_date","expiry_date","domain_registrar_id","domain_registrar_name","domain_registrar_whois","domain_registrar_url","registrant_name","registrant_company","registrant_address","registrant_city","registrant_state","registrant_zip","registrant_country","registrant_email","registrant_phone","registrant_fax","administrative_name","administrative_company","administrative_address","administrative_city","administrative_state","administrative_zip","administrative_country","administrative_email","administrative_phone","administrative_fax","technical_name","technical_company","technical_address","technical_city","technical_state","technical_zip","technical_country","technical_email","technical_phone","technical_fax","billing_name","billing_company","billing_address","billing_city","billing_state","billing_zip","billing_country","billing_email","billing_phone","billing_fax","name_server_1","name_server_2","name_server_3","name_server_4","domain_status_1","domain_status_2","domain_status_3","domain_status_4"
"1","ahugechange.com","2020-05-08 20:26:10","2020-05-07","2020-05-07","2021-05-07","2805","Zhengzhou Century Connect Electronic Technology Development Co., Ltd","whois.reg.cn","http://www.reg.cn","","","","Hai Dian Qu","Bei Jing Shi","","","","","","","","","","","","","","","","","","","","","","","","","","","","","","","","","","","","17ex1.dns.com","17ex2.dns.com","","","OK","","",""
"2","almamarine.com","2020-05-08 19:27:46","2020-05-07","2020-05-07","2021-05-07","2805","Zhengzhou Century Connect Electronic Technology Development Co., Ltd","whois.reg.cn","http://www.reg.cn","","","","nan chang shi","jiang xi sheng","","","","","","","","","","","","","","","","","","","","","","","","","","","","","","","","","","","","ns1.dns.com","ns2.dns.com","","","OK","","",""
"3","bohedd.com","2020-05-08 19:27:52","2020-05-07","2020-05-07","2021-05-07","2805","Zhengzhou Century Connect Electronic Technology Development Co., Ltd","whois.reg.cn","http://www.reg.cn","","","","nan chang shi","jiang xi sheng","","","","","","","","","","","","","","","","","","","","","","","","","","","","","","","","","","","","ns1.dns.com","ns2.dns.com","","","OK","","",""
"4","ckjiafang.com","2020-05-08 19:35:55","2020-05-07","2020-05-07","2021-05-07","2805","Zhengzhou Century Connect Electronic Technology Development Co., Ltd","whois.reg.cn","http://www.reg.cn","","","","Hai Dian Qu","Bei Jing Shi","","","","","","","","","","","","","","","","","","","","","","","","","","","","","","","","","","","","17ex1.dns.com","17ex2.dns.com","","","OK","","",""
"5","comfastcompany.com","2020-05-08 20:41:27","2020-05-07","2020-05-07","2021-05-07","2805","Zhengzhou Century Connect Electronic Technology Development Co., Ltd","whois.reg.cn","http://www.reg.cn","","","","Shen ZhenShi","Guang Dong Sheng","","","","","","","","","","","","","","","","","","","","","","","","","","","","","","","","","","","","dm1.dns.com","dm2.dns.com","","","OK","","",""
"6","cqfqsahotel.com","2020-05-08 21:07:10","2020-05-07","2020-05-07","2021-05-07","2805","Zhengzhou Century Connect Electronic Technology Development Co., Ltd","whois.reg.cn","http://www.reg.cn","","","","Sui Hua Shi","Hei Long Jiang Sheng","","","","","","","","","","","","","","","","","","","","","","","","","","","","","","","","","","","","dm1.dns.com","dm2.dns.com","","","OK","","",""
"7","daheyin.com","2020-05-08 19:56:01","2020-05-07","2020-05-07","2021-05-07","2805","Zhengzhou Century Connect Electronic Technology Development Co., Ltd","whois.reg.cn","http://www.reg.cn","","","","hang zhou shi","zhe jiang sheng","","","","","","","","","","","","","","","","","","","","","","","","","","","","","","","","","","","","dm1.dns.com","dm2.dns.com","","","OK","","",""
"8","dakiahua.com","2020-05-08 20:41:15","2020-05-07","2020-05-07","2021-05-07","2805","Zhengzhou Century Connect Electronic Technology Development Co., Ltd","whois.reg.cn","http://www.reg.cn","","","","Shen ZhenShi","Guang Dong Sheng","","","","","","","","","","","","","","","","","","","","","","","","","","","","","","","","","","","","dm1.dns.com","dm2.dns.com","","","OK","","",""
"9","dayinghe.com","2020-05-08 19:38:58","2020-05-07","2020-05-07","2021-05-07","2805","Zhengzhou Century Connect Electronic Technology Development Co., Ltd","whois.reg.cn","http://www.reg.cn","","","","hang zhou shi","zhe jiang sheng","","","","","","","","","","","","","","","","","","","","","","","","","","","","","","","","","","","","dm1.dns.com","dm2.dns.com","","","OK","","",""
"10","dgyosuu.com","2020-05-08 20:41:13","2020-05-07","2020-05-07","2021-05-07","2805","Zhengzhou Century Connect Electronic Technology Development Co., Ltd","whois.reg.cn","http://www.reg.cn","","","","Shen ZhenShi","Guang Dong Sheng","","","","","","","","","","","","","","","","","","","","","","","","","","","","","","","","","","","","dm1.dns.com","dm2.dns.com","","","OK","","",""
"11","dzsanduo.com","2020-05-08 20:41:26","2020-05-07","2020-05-07","2021-05-07","2805","Zhengzhou Century Connect Electronic Technology Development Co., Ltd","whois.reg.cn","http://www.reg.cn","","","","Shen ZhenShi","Guang Dong Sheng","","","","","","","","","","","","","","","","","","","","","","","","","","","","","","","","","","","","dm1.dns.com","dm2.dns.com","","","OK","","",""
"12","epincloud.com","2020-05-08 19:31:53","2020-05-07","2020-05-07","2021-05-07","2805","Zhengzhou Century Connect Electronic Technology Development Co., Ltd","whois.reg.cn","http://www.reg.cn","","","","Hai Dian Qu","Bei Jing Shi","","","","","","","","","","","","","","","","","","","","","","","","","","","","","","","","","","","","17ex1.dns.com","17ex2.dns.com","","","OK","","",""
"13","foshanzhaomingyx.com","2020-05-08 20:41:13","2020-05-07","2020-05-07","2021-05-07","2805","Zhengzhou Century Connect Electronic Technology Development Co., Ltd","whois.reg.cn","http://www.reg.cn","","","","Shen ZhenShi","Guang Dong Sheng","","","","","","","","","","","","","","","","","","","","","","","","","","","","","","","","","","","","dm1.dns.com","dm2.dns.com","","","OK","","",""
"14","gdldba.com","2020-05-08 20:43:41","2020-05-07","2020-05-07","2021-05-07","2805","Zhengzhou Century Connect Electronic Technology Development Co., Ltd","whois.reg.cn","http://www.reg.cn","","","","nan chang shi","jiang xi sheng","","","","","","","","","","","","","","","","","","","","","","","","","","","","","","","","","","","","ns1.dns.com","ns2.dns.com","","","OK","","",""
"15","hc3700.com","2020-05-08 20:50:57","2020-05-07","2020-05-07","2021-05-07","2805","Zhengzhou Century Connect Electronic Technology Development Co., Ltd","whois.reg.cn","http://www.reg.cn","","","","An Yang Shi","He Nan Sheng","","","","","","","","","","","","","","","","","","","","","","","","","","","","","","","","","","","","ns1.xundns.com","ns2.xundns.com","","","OK","","",""
"16","hefeiaiyi.com","2020-05-08 21:04:32","2020-05-07","2020-05-07","2021-05-07","2805","Zhengzhou Century Connect Electronic Technology Development Co., Ltd","whois.reg.cn","http://www.reg.cn","","","","Sui Hua Shi","Hei Long Jiang Sheng","","","","","","","","","","","","","","","","","","","","","","","","","","","","","","","","","","","","dm1.dns.com","dm2.dns.com","","","OK","","",""
"17","henliangyuan.com","2020-05-08 20:42:03","2020-05-07","2020-05-07","2021-05-07","2805","Zhengzhou Century Connect Electronic Technology Development Co., Ltd","whois.reg.cn","http://www.reg.cn","","","","Shen ZhenShi","Guang Dong Sheng","","","","","","","","","","","","","","","","","","","","","","","","","","","","","","","","","","","","dm1.dns.com","dm2.dns.com","","","OK","","",""
"18","heyiyin.com","2020-05-08 19:40:37","2020-05-07","2020-05-07","2021-05-07","2805","Zhengzhou Century Connect Electronic Technology Development Co., Ltd","whois.reg.cn","http://www.reg.cn","","","","hang zhou shi","zhe jiang sheng","","","","","","","","","","","","","","","","","","","","","","","","","","","","","","","","","","","","dm1.dns.com","dm2.dns.com","","","OK","","",""
"19","huanleigo.com","2020-05-08 20:26:03","2020-05-07","2020-05-07","2021-05-07","2805","Zhengzhou Century Connect Electronic Technology Development Co., Ltd","whois.reg.cn","http://www.reg.cn","","","","Hai Dian Qu","Bei Jing Shi","","","","","","","","","","","","","","","","","","","","","","","","","","","","","","","","","","","","17ex1.dns.com","17ex2.dns.com","","","OK","","",""
"20","huihaoproperty.com","2020-05-08 21:04:39","2020-05-07","2020-05-07","2021-05-07","2805","Zhengzhou Century Connect Electronic Technology Development Co., Ltd","whois.reg.cn","http://www.reg.cn","","","","Sui Hua Shi","Hei Long Jiang Sheng","","","","","","","","","","","","","","","","","","","","","","","","","","","","","","","","","","","","dm1.dns.com","dm2.dns.com","","","OK","","",""
"21","jewellsshop.com","2020-05-08 20:41:58","2020-05-07","2020-05-07","2021-05-07","2805","Zhengzhou Century Connect Electronic Technology Development Co., Ltd","whois.reg.cn","http://www.reg.cn","","","","Shen ZhenShi","Guang Dong Sheng","","","","","","","","","","","","","","","","","","","","","","","","","","","","","","","","","","","","dm1.dns.com","dm2.dns.com","","","OK","","",""
"22","jianfeikafei1.com","2020-05-08 20:41:20","2020-05-07","2020-05-07","2021-05-07","2805","Zhengzhou Century Connect Electronic Technology Development Co., Ltd","whois.reg.cn","http://www.reg.cn","","","","Shen ZhenShi","Guang Dong Sheng","","","","","","","","","","","","","","","","","","","","","","","","","","","","","","","","","","","","dm1.dns.com","dm2.dns.com","","","OK","","",""
"23","liangxiw.com","2020-05-08 20:41:13","2020-05-07","2020-05-07","2021-05-07","2805","Zhengzhou Century Connect Electronic Technology Development Co., Ltd","whois.reg.cn","http://www.reg.cn","","","","Shen ZhenShi","Guang Dong Sheng","","","","","","","","","","","","","","","","","","","","","","","","","","","","","","","","","","","","dm1.dns.com","dm2.dns.com","","","OK","","",""
"24","njqytsz.com","2020-05-08 19:19:29","2020-05-07","2020-05-07","2021-05-07","2805","Zhengzhou Century Connect Electronic Technology Development Co., Ltd","whois.reg.cn","http://www.reg.cn","","","","Sui Hua Shi","Hei Long Jiang Sheng","","","","","","","","","","","","","","","","","","","","","","","","","","","","","","","","","","","","dm1.dns.com","dm2.dns.com","","","OK","","",""
"25","puheyi.com","2020-05-08 19:54:04","2020-05-07","2020-05-07","2021-05-07","2805","Zhengzhou Century Connect Electronic Technology Development Co., Ltd","whois.reg.cn","http://www.reg.cn","","","","hang zhou shi","zhe jiang sheng","","","","","","","","","","","","","","","","","","","","","","","","","","","","","","","","","","","","dm1.dns.com","dm2.dns.com","","","OK","","",""
"26","puxinzc.com","2020-05-08 21:02:23","2020-05-07","2020-05-07","2021-05-07","2805","Zhengzhou Century Connect Electronic Technology Development Co., Ltd","whois.reg.cn","http://www.reg.cn","","","","Sui Hua Shi","Hei Long Jiang Sheng","","","","","","","","","","","","","","","","","","","","","","","","","","","","","","","","","","","","dm1.dns.com","dm2.dns.com","","","OK","","",""
"27","pxhdgmm.com","2020-05-08 20:41:27","2020-05-07","2020-05-07","2021-05-07","2805","Zhengzhou Century Connect Electronic Technology Development Co., Ltd","whois.reg.cn","http://www.reg.cn","","","","Shen ZhenShi","Guang Dong Sheng","","","","","","","","","","","","","","","","","","","","","","","","","","","","","","","","","","","","dm1.dns.com","dm2.dns.com","","","OK","","",""
"28","qq798.com","2020-05-08 19:27:17","2020-05-07","2020-05-07","2021-05-07","2805","Zhengzhou Century Connect Electronic Technology Development Co., Ltd","whois.reg.cn","http://www.reg.cn","","","","Dong Zuo Shi","Guang Dong Sheng","","","","","","","","","","","","","","","","","","","","","","","","","","","","","","","","","","","","ns1.dns.com","ns2.dns.com","","","OK","","",""
"29","queqljbonqww.com","2020-05-08 20:41:26","2020-05-07","2020-05-07","2021-05-07","2805","Zhengzhou Century Connect Electronic Technology Development Co., Ltd","whois.reg.cn","http://www.reg.cn","","","","Shen ZhenShi","Guang Dong Sheng","","","","","","","","","","","","","","","","","","","","","","","","","","","","","","","","","","","","dm1.dns.com","dm2.dns.com","","","OK","","",""
"30","qzjtws.com","2020-05-08 21:07:43","2020-05-07","2020-05-07","2021-05-07","2805","Zhengzhou Century Connect Electronic Technology Development Co., Ltd","whois.reg.cn","http://www.reg.cn","","","","Sui Hua Shi","Hei Long Jiang Sheng","","","","","","","","","","","","","","","","","","","","","","","","","","","","","","","","","","","","dm1.dns.com","dm2.dns.com","","","OK","","",""
"31","rbrprwtjslua.com","2020-05-08 20:41:59","2020-05-07","2020-05-07","2021-05-07","2805","Zhengzhou Century Connect Electronic Technology Development Co., Ltd","whois.reg.cn","http://www.reg.cn","","","","Shen ZhenShi","Guang Dong Sheng","","","","","","","","","","","","","","","","","","","","","","","","","","","","","","","","","","","","dm1.dns.com","dm2.dns.com","","","OK","","",""
"32","sdjyzykt.com","2020-05-08 21:05:59","2020-05-07","2020-05-07","2021-05-07","2805","Zhengzhou Century Connect Electronic Technology Development Co., Ltd","whois.reg.cn","http://www.reg.cn","","","","Sui Hua Shi","Hei Long Jiang Sheng","","","","","","","","","","","","","","","","","","","","","","","","","","","","","","","","","","","","dm1.dns.com","dm2.dns.com","","","OK","","",""
"33","sdzhognan.com","2020-05-08 21:05:17","2020-05-07","2020-05-07","2021-05-07","2805","Zhengzhou Century Connect Electronic Technology Development Co., Ltd","whois.reg.cn","http://www.reg.cn","","","","Sui Hua Shi","Hei Long Jiang Sheng","","","","","","","","","","","","","","","","","","","","","","","","","","","","","","","","","","","","dm1.dns.com","dm2.dns.com","","","OK","","",""
"34","shandongsike.com","2020-05-08 21:03:58","2020-05-07","2020-05-07","2021-05-07","2805","Zhengzhou Century Connect Electronic Technology Development Co., Ltd","whois.reg.cn","http://www.reg.cn","","","","Sui Hua Shi","Hei Long Jiang Sheng","","","","","","","","","","","","","","","","","","","","","","","","","","","","","","","","","","","","dm1.dns.com","dm2.dns.com","","","OK","","",""
"35","shanghaizhuoying.com","2020-05-08 21:05:14","2020-05-07","2020-05-07","2021-05-07","2805","Zhengzhou Century Connect Electronic Technology Development Co., Ltd","whois.reg.cn","http://www.reg.cn","","","","Sui Hua Shi","Hei Long Jiang Sheng","","","","","","","","","","","","","","","","","","","","","","","","","","","","","","","","","","","","dm1.dns.com","dm2.dns.com","","","OK","","",""
"36","shihanbz.com","2020-05-08 21:09:10","2020-05-07","2020-05-07","2021-05-07","2805","Zhengzhou Century Connect Electronic Technology Development Co., Ltd","whois.reg.cn","http://www.reg.cn","","","","Sui Hua Shi","Hei Long Jiang Sheng","","","","","","","","","","","","","","","","","","","","","","","","","","","","","","","","","","","","dm1.dns.com","dm2.dns.com","","","OK","","",""
"37","sparkle-everyday.com","2020-05-08 21:04:30","2020-05-07","2020-05-07","2021-05-07","2805","Zhengzhou Century Connect Electronic Technology Development Co., Ltd","whois.reg.cn","http://www.reg.cn","","","","Sui Hua Shi","Hei Long Jiang Sheng","","","","","","","","","","","","","","","","","","","","","","","","","","","","","","","","","","","","dm1.dns.com","dm2.dns.com","","","OK","","",""
"38","sxwhzn.com","2020-05-08 21:07:10","2020-05-07","2020-05-07","2021-05-07","2805","Zhengzhou Century Connect Electronic Technology Development Co., Ltd","whois.reg.cn","http://www.reg.cn","","","","Sui Hua Shi","Hei Long Jiang Sheng","","","","","","","","","","","","","","","","","","","","","","","","","","","","","","","","","","","","dm1.dns.com","dm2.dns.com","","","OK","","",""
"39","syhouhui.com","2020-05-08 20:41:26","2020-05-07","2020-05-07","2021-05-07","2805","Zhengzhou Century Connect Electronic Technology Development Co., Ltd","whois.reg.cn","http://www.reg.cn","","","","Shen ZhenShi","Guang Dong Sheng","","","","","","","","","","","","","","","","","","","","","","","","","","","","","","","","","","","","dm1.dns.com","dm2.dns.com","","","OK","","",""
"40","szdywkj.com","2020-05-08 19:18:43","2020-05-07","2020-05-07","2021-05-07","2805","Zhengzhou Century Connect Electronic Technology Development Co., Ltd","whois.reg.cn","http://www.reg.cn","","","","Sui Hua Shi","Hei Long Jiang Sheng","","","","","","","","","","","","","","","","","","","","","","","","","","","","","","","","","","","","dm1.dns.com","dm2.dns.com","","","OK","","",""
"41","szenali.com","2020-05-08 21:02:21","2020-05-07","2020-05-07","2021-05-07","2805","Zhengzhou Century Connect Electronic Technology Development Co., Ltd","whois.reg.cn","http://www.reg.cn","","","","Sui Hua Shi","Hei Long Jiang Sheng","","","","","","","","","","","","","","","","","","","","","","","","","","","","","","","","","","","","dm1.dns.com","dm2.dns.com","","","OK","","",""
"42","szphway.com","2020-05-08 21:04:37","2020-05-07","2020-05-07","2021-05-07","2805","Zhengzhou Century Connect Electronic Technology Development Co., Ltd","whois.reg.cn","http://www.reg.cn","","","","Sui Hua Shi","Hei Long Jiang Sheng","","","","","","","","","","","","","","","","","","","","","","","","","","","","","","","","","","","","dm1.dns.com","dm2.dns.com","","","OK","","",""
"43","thecondomaid.com","2020-05-08 20:41:27","2020-05-07","2020-05-07","2021-05-07","2805","Zhengzhou Century Connect Electronic Technology Development Co., Ltd","whois.reg.cn","http://www.reg.cn","","","","Shen ZhenShi","Guang Dong Sheng","","","","","","","","","","","","","","","","","","","","","","","","","","","","","","","","","","","","dm1.dns.com","dm2.dns.com","","","OK","","",""
"44","wachuagnke.com","2020-05-08 20:27:06","2020-05-07","2020-05-07","2021-05-07","2805","Zhengzhou Century Connect Electronic Technology Development Co., Ltd","whois.reg.cn","http://www.reg.cn","","","","Hai Dian Qu","Bei Jing Shi","","","","","","","","","","","","","","","","","","","","","","","","","","","","","","","","","","","","17ex1.dns.com","17ex2.dns.com","","","OK","","",""
"45","wfshengwu1688.com","2020-05-08 21:07:48","2020-05-07","2020-05-07","2021-05-07","2805","Zhengzhou Century Connect Electronic Technology Development Co., Ltd","whois.reg.cn","http://www.reg.cn","","","","Sui Hua Shi","Hei Long Jiang Sheng","","","","","","","","","","","","","","","","","","","","","","","","","","","","","","","","","","","","dm1.dns.com","dm2.dns.com","","","OK","","",""
"46","wojiay.com","2020-05-08 20:31:32","2020-05-07","2020-05-07","2021-05-07","2805","Zhengzhou Century Connect Electronic Technology Development Co., Ltd","whois.reg.cn","http://www.reg.cn","","","","Hai Dian Qu","Bei Jing Shi","","","","","","","","","","","","","","","","","","","","","","","","","","","","","","","","","","","","17ex1.dns.com","17ex2.dns.com","","","OK","","",""
"47","wrjsq.com","2020-05-08 20:22:17","2020-05-07","2020-05-07","2021-05-07","2805","Zhengzhou Century Connect Electronic Technology Development Co., Ltd","whois.reg.cn","http://www.reg.cn","","","","Hai Dian Qu","Bei Jing Shi","","","","","","","","","","","","","","","","","","","","","","","","","","","","","","","","","","","","17ex1.dns.com","17ex2.dns.com","","","OK","","",""
"48","xgqhgs.com","2020-05-08 20:41:15","2020-05-07","2020-05-07","2021-05-07","2805","Zhengzhou Century Connect Electronic Technology Development Co., Ltd","whois.reg.cn","http://www.reg.cn","","","","Shen ZhenShi","Guang Dong Sheng","","","","","","","","","","","","","","","","","","","","","","","","","","","","","","","","","","","","dm1.dns.com","dm2.dns.com","","","OK","","",""
"49","xwkj2018.com","2020-05-08 21:04:35","2020-05-07","2020-05-07","2021-05-07","2805","Zhengzhou Century Connect Electronic Technology Development Co., Ltd","whois.reg.cn","http://www.reg.cn","","","","Sui Hua Shi","Hei Long Jiang Sheng","","","","","","","","","","","","","","","","","","","","","","","","","","","","","","","","","","","","dm1.dns.com","dm2.dns.com","","","OK","","",""
"50","yiheying.com","2020-05-08 19:41:22","2020-05-07","2020-05-07","2021-05-07","2805","Zhengzhou Century Connect Electronic Technology Development Co., Ltd","whois.reg.cn","http://www.reg.cn","","","","hang zhou shi","zhe jiang sheng","","","","","","","","","","","","","","","","","","","","","","","","","","","","","","","","","","","","dm1.dns.com","dm2.dns.com","","","OK","","",""
"51","yindahe.com","2020-05-08 19:56:44","2020-05-07","2020-05-07","2021-05-07","2805","Zhengzhou Century Connect Electronic Technology Development Co., Ltd","whois.reg.cn","http://www.reg.cn","","","","hang zhou shi","zhe jiang sheng","","","","","","","","","","","","","","","","","","","","","","","","","","","","","","","","","","","","dm1.dns.com","dm2.dns.com","","","OK","","",""
"52","yingdahe.com","2020-05-08 19:40:29","2020-05-07","2020-05-07","2021-05-07","2805","Zhengzhou Century Connect Electronic Technology Development Co., Ltd","whois.reg.cn","http://www.reg.cn","","","","hang zhou shi","zhe jiang sheng","","","","","","","","","","","","","","","","","","","","","","","","","","","","","","","","","","","","dm1.dns.com","dm2.dns.com","","","OK","","",""
"53","yingheyi.com","2020-05-08 19:50:03","2020-05-07","2020-05-07","2021-05-07","2805","Zhengzhou Century Connect Electronic Technology Development Co., Ltd","whois.reg.cn","http://www.reg.cn","","","","hang zhou shi","zhe jiang sheng","","","","","","","","","","","","","","","","","","","","","","","","","","","","","","","","","","","","dm1.dns.com","dm2.dns.com","","","OK","","",""
"54","yingyihe.com","2020-05-08 19:41:22","2020-05-07","2020-05-07","2021-05-07","2805","Zhengzhou Century Connect Electronic Technology Development Co., Ltd","whois.reg.cn","http://www.reg.cn","","","","hang zhou shi","zhe jiang sheng","","","","","","","","","","","","","","","","","","","","","","","","","","","","","","","","","","","","dm1.dns.com","dm2.dns.com","","","OK","","",""
"55","yinheyi.com","2020-05-08 19:40:18","2020-05-07","2020-05-07","2021-05-07","2805","Zhengzhou Century Connect Electronic Technology Development Co., Ltd","whois.reg.cn","http://www.reg.cn","","","","hang zhou shi","zhe jiang sheng","","","","","","","","","","","","","","","","","","","","","","","","","","","","","","","","","","","","dm1.dns.com","dm2.dns.com","","","OK","","",""
"56","yizhanguoji.com","2020-05-08 20:14:04","2020-05-07","2020-05-07","2021-05-07","2805","Zhengzhou Century Connect Electronic Technology Development Co., Ltd","whois.reg.cn","http://www.reg.cn","","","","Hai Dian Qu","Bei Jing Shi","","","","","","","","","","","","","","","","","","","","","","","","","","","","","","","","","","","","17ex1.dns.com","17ex2.dns.com","","","OK","","",""
"57","yscxjcfj.com","2020-05-08 19:19:33","2020-05-07","2020-05-07","2021-05-07","2805","Zhengzhou Century Connect Electronic Technology Development Co., Ltd","whois.reg.cn","http://www.reg.cn","","","","Sui Hua Shi","Hei Long Jiang Sheng","","","","","","","","","","","","","","","","","","","","","","","","","","","","","","","","","","","","dm1.dns.com","dm2.dns.com","","","OK","","",""
"58","ysruichen.com","2020-05-08 19:18:46","2020-05-07","2020-05-07","2021-05-07","2805","Zhengzhou Century Connect Electronic Technology Development Co., Ltd","whois.reg.cn","http://www.reg.cn","","","","Sui Hua Shi","Hei Long Jiang Sheng","","","","","","","","","","","","","","","","","","","","","","","","","","","","","","","","","","","","dm1.dns.com","dm2.dns.com","","","OK","","",""
"59","zhonghdc.com","2020-05-08 19:33:00","2020-05-07","2020-05-07","2021-05-07","2805","Zhengzhou Century Connect Electronic Technology Development Co., Ltd","whois.reg.cn","http://www.reg.cn","","","","Hai Dian Qu","Bei Jing Shi","","","","","","","","","","","","","","","","","","","","","","","","","","","","","","","","","","","","17ex1.dns.com","17ex2.dns.com","","","OK","","",""
"60","zhuhomes.com","2020-05-08 20:41:26","2020-05-07","2020-05-07","2021-05-07","2805","Zhengzhou Century Connect Electronic Technology Development Co., Ltd","whois.reg.cn","http://www.reg.cn","","","","Shen ZhenShi","Guang Dong Sheng","","","","","","","","","","","","","","","","","","","","","","","","","","","","","","","","","","","","dm1.dns.com","dm2.dns.com","","","OK","","",""