"num","domain_name","query_time","create_date","update_date","expiry_date","domain_registrar_id","domain_registrar_name","domain_registrar_whois","domain_registrar_url","registrant_name","registrant_company","registrant_address","registrant_city","registrant_state","registrant_zip","registrant_country","registrant_email","registrant_phone","registrant_fax","administrative_name","administrative_company","administrative_address","administrative_city","administrative_state","administrative_zip","administrative_country","administrative_email","administrative_phone","administrative_fax","technical_name","technical_company","technical_address","technical_city","technical_state","technical_zip","technical_country","technical_email","technical_phone","technical_fax","billing_name","billing_company","billing_address","billing_city","billing_state","billing_zip","billing_country","billing_email","billing_phone","billing_fax","name_server_1","name_server_2","name_server_3","name_server_4","domain_status_1","domain_status_2","domain_status_3","domain_status_4"
"1","aiothr.info","2020-05-12 01:31:10","2020-05-06","2020-05-06","2021-05-06","1068","NameCheap, Inc.","whois.namecheap.com","http://www.namecheap.com","WhoisGuard, Inc.","WhoisGuard, Inc.","","","Panama","","Panama","","","","","","","","","","","","","","","","","","","","","","","","","","","","","","","","","","ns1.punaetledns.com","ns2.punaetledns.com","","","clientTransferProhibited","serverTransferProhibited","",""
"2","allahcc.info","2020-05-12 01:35:24","2020-05-06","2020-05-06","2022-05-06","146","GoDaddy.com, LLC","whois.godaddy.com","http://registrar.godaddy.com","","","","","\u0130stanbul","","Turkey","","","","","","","","","","","","","","","","","","","","","","","","","","","","","","","","","","ns37.domaincontrol.com","ns38.domaincontrol.com","","","clientDeleteProhibited","clientRenewProhibited","clientTransferProhibited","clientUpdateProhibited"
"3","allbrace.info","2020-05-12 01:34:32","2020-05-06","2020-05-06","2021-05-06","146","GoDaddy.com, LLC","whois.godaddy.com","http://registrar.godaddy.com","Safeway Garage Doors","Safeway Garage Doors","","","Florida","","United States","","","","","","","","","","","","","","","","","","","","","","","","","","","","","","","","","","ns53.domaincontrol.com","ns54.domaincontrol.com","","","clientDeleteProhibited","clientRenewProhibited","clientTransferProhibited","clientUpdateProhibited"
"4","amayxo.info","2020-05-12 01:39:47","2020-05-06","2020-05-06","2021-05-06","1068","NameCheap, Inc.","whois.namecheap.com","http://www.namecheap.com","WhoisGuard, Inc.","WhoisGuard, Inc.","","","Panama","","Panama","","","","","","","","","","","","","","","","","","","","","","","","","","","","","","","","","","ns1.punaetledns.com","ns2.punaetledns.com","","","clientTransferProhibited","serverTransferProhibited","",""
"5","ambercolored-fuddled.info","2020-05-12 01:38:20","2020-05-06","2020-05-06","2021-05-06","49","GMO Internet Inc.","whois.discount-domain.com","http://www.onamae.com","Whois Privacy Protection Service by onamae.com","Whois Privacy Protection Service by onamae.com","","","Tokyo","","Japan","","","","","","","","","","","","","","","","","","","","","","","","","","","","","","","","","","01.dnsv.jp","02.dnsv.jp","03.dnsv.jp","04.dnsv.jp","serverTransferProhibited","","",""
"6","ambidextrousness-anomalistic.info","2020-05-12 01:38:14","2020-05-06","2020-05-06","2021-05-06","49","GMO Internet Inc.","whois.discount-domain.com","http://www.onamae.com","Whois Privacy Protection Service by onamae.com","Whois Privacy Protection Service by onamae.com","","","Tokyo","","Japan","","","","","","","","","","","","","","","","","","","","","","","","","","","","","","","","","","01.dnsv.jp","02.dnsv.jp","03.dnsv.jp","04.dnsv.jp","serverTransferProhibited","","",""
"7","angelopro.info","2020-05-12 01:45:28","2020-05-06","2020-05-06","2021-05-06","146","GoDaddy.com, LLC","whois.godaddy.com","http://registrar.godaddy.com","","","","","Florida","","United States","","","","","","","","","","","","","","","","","","","","","","","","","","","","","","","","","","ns75.domaincontrol.com","ns76.domaincontrol.com","","","clientDeleteProhibited","clientRenewProhibited","clientTransferProhibited","clientUpdateProhibited"
"8","angelqtbw.us","2020-05-12 13:32:24","2020-05-06","2020-05-11","2021-05-06","1068","NameCheap, Inc.","whois.namecheap.com","http://www.namecheap.com","Mike Grunwald","","Jenaer Strasse 57","Mulheim an der Ruhr","Mulheim an der Ruhr","45468","Germany","grunwalkaosiomiw@xperi.link","+49.0208830206","","Mike Grunwald","","Jenaer Strasse 57","Mulheim an der Ruhr","Mulheim an der Ruhr","45468","Germany","grunwalkaosiomiw@xperi.link","+49.0208830206","","Mike Grunwald","","Jenaer Strasse 57","Mulheim an der Ruhr","Mulheim an der Ruhr","45468","Germany","grunwalkaosiomiw@xperi.link","+49.0208830206","","","","","","","","","","","","dns1.registrar-servers.com","dns2.registrar-servers.com","","","clientTransferProhibited","","",""
"9","ariankacf.us","2020-05-12 13:29:16","2020-05-06","2020-05-11","2021-05-06","1068","NameCheap, Inc.","whois.namecheap.com","http://www.namecheap.com","Mike Grunwald","","Jenaer Strasse 57","Mulheim an der Ruhr","Mulheim an der Ruhr","45468","Germany","grunwalkaosiomiw@xperi.link","+49.0208830206","","Mike Grunwald","","Jenaer Strasse 57","Mulheim an der Ruhr","Mulheim an der Ruhr","45468","Germany","grunwalkaosiomiw@xperi.link","+49.0208830206","","Mike Grunwald","","Jenaer Strasse 57","Mulheim an der Ruhr","Mulheim an der Ruhr","45468","Germany","grunwalkaosiomiw@xperi.link","+49.0208830206","","","","","","","","","","","","dns1.registrar-servers.com","dns2.registrar-servers.com","","","clientTransferProhibited","","",""
"10","arzenitlu.us","2020-05-12 13:16:15","2020-05-06","2020-05-11","2021-05-06","1068","NameCheap, Inc.","whois.namecheap.com","http://www.namecheap.com","Mike Grunwald","","Jenaer Strasse 57","Mulheim an der Ruhr","Mulheim an der Ruhr","45468","Germany","grunwalkaosiomiw@xperi.link","+49.0208830206","","Mike Grunwald","","Jenaer Strasse 57","Mulheim an der Ruhr","Mulheim an der Ruhr","45468","Germany","grunwalkaosiomiw@xperi.link","+49.0208830206","","Mike Grunwald","","Jenaer Strasse 57","Mulheim an der Ruhr","Mulheim an der Ruhr","45468","Germany","grunwalkaosiomiw@xperi.link","+49.0208830206","","","","","","","","","","","","dns1.registrar-servers.com","dns2.registrar-servers.com","","","clientTransferProhibited","","",""
"11","asquardonne.info","2020-05-12 01:56:15","2020-05-06","2020-05-06","2021-05-06","617","Epik Inc.","whois.epik.com","http://epik.com","Anonymize, Inc.","Anonymize, Inc.","","","WA","","United States","","","","","","","","","","","","","","","","","","","","","","","","","","","","","","","","","","alec.ns.cloudflare.com","rose.ns.cloudflare.com","","","clientTransferProhibited","serverTransferProhibited","",""
"12","auswini.info","2020-05-12 02:03:08","2020-05-06","2020-05-06","2021-05-06","1068","NameCheap, Inc.","whois.namecheap.com","http://www.namecheap.com","WhoisGuard, Inc.","WhoisGuard, Inc.","","","Panama","","Panama","","","","","","","","","","","","","","","","","","","","","","","","","","","","","","","","","","ns1.wracanandns.com","ns2.wracanandns.com","","","clientTransferProhibited","serverTransferProhibited","",""
"13","auteurusa.info","2020-05-12 02:02:53","2020-05-06","2020-05-06","2021-05-06","146","GoDaddy.com, LLC","whois.godaddy.com","http://registrar.godaddy.com","","","","","Telanganaa","","India","","","","","","","","","","","","","","","","","","","","","","","","","","","","","","","","","","ns11.domaincontrol.com","ns12.domaincontrol.com","","","clientDeleteProhibited","clientRenewProhibited","clientTransferProhibited","clientUpdateProhibited"
"14","avxsmeuh.info","2020-05-12 02:07:45","2020-05-06","2020-05-06","2021-05-06","1068","NameCheap, Inc.","whois.namecheap.com","http://www.namecheap.com","WhoisGuard, Inc.","WhoisGuard, Inc.","","","Panama","","Panama","","","","","","","","","","","","","","","","","","","","","","","","","","","","","","","","","","ns1.rlapceahdns.com","ns2.rlapceahdns.com","","","clientTransferProhibited","serverTransferProhibited","",""
"15","bagnolet.info","2020-05-12 02:13:15","2020-05-06","2020-05-06","2021-05-06","433","OVH sas","whois.ovh.com","http://www.ovh.com","Association Ensemble a Bagnolet - AEB","Association Ensemble a Bagnolet - AEB","","","","","France","","","","","","","","","","","","","","","","","","","","","","","","","","","","","","","","","","dns110.ovh.net","ns110.ovh.net","","","clientDeleteProhibited","clientTransferProhibited","serverTransferProhibited",""
"16","bakerformichigan.info","2020-05-12 02:09:35","2020-05-06","2020-05-06","2021-05-06","146","GoDaddy.com, LLC","whois.godaddy.com","http://registrar.godaddy.com","Domains By Proxy, LLC","Domains By Proxy, LLC","","","Arizona","","United States","","","","","","","","","","","","","","","","","","","","","","","","","","","","","","","","","","ns75.domaincontrol.com","ns76.domaincontrol.com","","","clientDeleteProhibited","clientRenewProhibited","clientTransferProhibited","clientUpdateProhibited"
"17","bettermoneyhabits.info","2020-05-12 02:24:21","2020-05-06","2020-05-06","2021-05-06","299","CSC Corporate Domains, Inc.","whois.corporatedomains.com","http://www.cscglobal.com/global/web/csc/digital-brand-services","Bank of America","Bank of America","","","FL","","United States","","","","","","","","","","","","","","","","","","","","","","","","","","","","","","","","","","ns3.bankofamerica.com","ns4.bankofamerica.com","","","clientTransferProhibited","serverTransferProhibited","",""
"18","bettinapeters.info","2020-05-12 02:24:18","2020-05-06","2020-05-06","2021-05-06","1479","Namesilo, LLC","whois.namesilo.com","http://www.namesilo.com","See PrivacyGuardian.org","See PrivacyGuardian.org","","","AZ","","United States","","","","","","","","","","","","","","","","","","","","","","","","","","","","","","","","","","ns5.hawkhost.com","ns6.hawkhost.com","","","clientTransferProhibited","serverTransferProhibited","",""
"19","beznazwy.biz","2020-05-12 15:27:45","2020-05-06","2020-05-11","2021-05-06","269","Key-Systems GmbH","whois.rrpproxy.net","http://www.key-systems.net","","","","","","","Poland","","","","","","","","","","","","","","","","","","","","","","","","","","","","","","","","","","ns1.strefa.pl","ns2.strefa.pl","ns3.strefa.pl","","OK","","",""
"20","billigtbredband.info","2020-05-12 02:30:51","2020-05-06","2020-05-06","2021-05-06","1068","NameCheap, Inc.","whois.namecheap.com","http://www.namecheap.com","WhoisGuard, Inc.","WhoisGuard, Inc.","","","Panama","","Panama","","","","","","","","","","","","","","","","","","","","","","","","","","","","","","","","","","dns1.registrar-servers.com","dns2.registrar-servers.com","","","clientTransferProhibited","serverTransferProhibited","",""
"21","bloware.info","2020-05-12 02:35:13","2020-05-06","2020-05-06","2021-05-06","1068","NameCheap, Inc.","whois.namecheap.com","http://www.namecheap.com","Ruckus Phantom","Ruckus Phantom","","","NV","","United States","","","","","","","","","","","","","","","","","","","","","","","","","","","","","","","","","","jocelyn.ns.cloudflare.com","rodney.ns.cloudflare.com","","","clientTransferProhibited","serverTransferProhibited","",""
"22","blue-chip-beholdy-to-behold-today.info","2020-05-12 02:34:12","2020-05-06","2020-05-06","2021-05-06","146","GoDaddy.com, LLC","whois.godaddy.com","http://registrar.godaddy.com","Swanhurst Holdings, LLC.","Swanhurst Holdings, LLC.","","","Delaware","","United States","","","","","","","","","","","","","","","","","","","","","","","","","","","","","","","","","","pdns07.domaincontrol.com","pdns08.domaincontrol.com","","","clientDeleteProhibited","clientRenewProhibited","clientTransferProhibited","clientUpdateProhibited"
"23","blue-chipbeholdy-tobeholdtoday.info","2020-05-12 02:33:52","2020-05-06","2020-05-06","2021-05-06","146","GoDaddy.com, LLC","whois.godaddy.com","http://registrar.godaddy.com","Swanhurst Holdings, LLC.","Swanhurst Holdings, LLC.","","","Delaware","","United States","","","","","","","","","","","","","","","","","","","","","","","","","","","","","","","","","","pdns07.domaincontrol.com","pdns08.domaincontrol.com","","","clientDeleteProhibited","clientRenewProhibited","clientTransferProhibited","clientUpdateProhibited"
"24","blue-chipbeholdyto-beholdtoday.info","2020-05-12 02:33:51","2020-05-06","2020-05-06","2021-05-06","146","GoDaddy.com, LLC","whois.godaddy.com","http://registrar.godaddy.com","Swanhurst Holdings, LLC.","Swanhurst Holdings, LLC.","","","Delaware","","United States","","","","","","","","","","","","","","","","","","","","","","","","","","","","","","","","","","pdns07.domaincontrol.com","pdns08.domaincontrol.com","","","clientDeleteProhibited","clientRenewProhibited","clientTransferProhibited","clientUpdateProhibited"
"25","blue-chipbeholdytobeholdtoday.info","2020-05-12 02:33:52","2020-05-06","2020-05-06","2021-05-06","146","GoDaddy.com, LLC","whois.godaddy.com","http://registrar.godaddy.com","Swanhurst Holdings, LLC.","Swanhurst Holdings, LLC.","","","Delaware","","United States","","","","","","","","","","","","","","","","","","","","","","","","","","","","","","","","","","pdns07.domaincontrol.com","pdns08.domaincontrol.com","","","clientDeleteProhibited","clientRenewProhibited","clientTransferProhibited","clientUpdateProhibited"
"26","booksatoz.info","2020-05-12 02:39:13","2020-05-06","2020-05-06","2021-05-06","472","Dynadot, LLC","whois.dynadot.com","http://www.dynadot.com","","","","","California","","United States","","","","","","","","","","","","","","","","","","","","","","","","","","","","","","","","","","maxine.ns.cloudflare.com","nick.ns.cloudflare.com","","","clientTransferProhibited","serverTransferProhibited","",""
"27","bookwithdewayne.info","2020-05-12 02:38:48","2020-05-06","2020-05-06","2021-05-06","146","GoDaddy.com, LLC","whois.godaddy.com","http://registrar.godaddy.com","automatemygig","automatemygig","","","Florida","","United States","","","","","","","","","","","","","","","","","","","","","","","","","","","","","","","","","","ns73.domaincontrol.com","ns74.domaincontrol.com","","","clientDeleteProhibited","clientRenewProhibited","clientTransferProhibited","clientUpdateProhibited"
"28","boosteronline.info","2020-05-12 02:38:14","2020-05-06","2020-05-06","2021-05-06","303","PDR Ltd. d/b/a PublicDomainRegistry.com","whois.publicdomainregistry.com","http://www.publicdomainregistry.com","Thomas","Thomas","","","Rajasthan","","India","","","","","","","","","","","","","","","","","","","","","","","","","","","","","","","","","","natsavpanel.earth.orderbox-dns.com","natsavpanel.mars.orderbox-dns.com","natsavpanel.mercury.orderbox-dns.com","natsavpanel.venus.orderbox-dns.com","clientTransferProhibited","serverTransferProhibited","",""
"29","boostsonline.info","2020-05-12 02:38:15","2020-05-06","2020-05-06","2021-05-06","303","PDR Ltd. d/b/a PublicDomainRegistry.com","whois.publicdomainregistry.com","http://www.publicdomainregistry.com","Thomas","Thomas","","","Rajasthan","","India","","","","","","","","","","","","","","","","","","","","","","","","","","","","","","","","","","natsavpanel.earth.orderbox-dns.com","natsavpanel.mars.orderbox-dns.com","natsavpanel.mercury.orderbox-dns.com","natsavpanel.venus.orderbox-dns.com","clientTransferProhibited","serverTransferProhibited","",""
"30","buktibandarq.info","2020-05-12 02:49:13","2020-05-06","2020-05-06","2021-05-06","1068","NameCheap, Inc.","whois.namecheap.com","http://www.namecheap.com","WhoisGuard, Inc.","WhoisGuard, Inc.","","","Panama","","Panama","","","","","","","","","","","","","","","","","","","","","","","","","","","","","","","","","","dns1.registrar-servers.com","dns2.registrar-servers.com","","","clientTransferProhibited","serverTransferProhibited","",""
"31","bulldogstrong.info","2020-05-12 02:48:32","2020-05-06","2020-05-06","2021-05-06","146","GoDaddy.com, LLC","whois.godaddy.com","http://registrar.godaddy.com","BDS Sales and Marketing, Inc","BDS Sales and Marketing, Inc","","","New York","","United States","","","","","","","","","","","","","","","","","","","","","","","","","","","","","","","","","","ns37.domaincontrol.com","ns38.domaincontrol.com","","","clientDeleteProhibited","clientRenewProhibited","clientTransferProhibited","clientUpdateProhibited"
"32","c-ict.info","2020-05-12 02:53:16","2020-05-06","2020-05-09","2021-05-06","48","eNom, Inc.","whois.enom.com","http://www.enom.com","Data Protected","Data Protected","","","WA","","United States","","","","","","","","","","","","","","","","","","","","","","","","","","","","","","","","","","ns1.linode.com","ns2.linode.com","ns3.linode.com","ns4.linode.com","clientTransferProhibited","serverTransferProhibited","",""
"33","c2411p.info","2020-05-12 02:52:00","2020-05-06","2020-05-06","2021-05-06","1479","Namesilo, LLC","whois.namesilo.com","http://www.namesilo.com","See PrivacyGuardian.org","See PrivacyGuardian.org","","","AZ","","United States","","","","","","","","","","","","","","","","","","","","","","","","","","","","","","","","","","ns1.dnsowl.com","ns2.dnsowl.com","ns3.dnsowl.com","","clientTransferProhibited","serverTransferProhibited","",""
"34","c471.info","2020-05-12 02:51:23","2020-05-06","2020-05-06","2021-05-06","617","Epik Inc.","whois.epik.com","http://epik.com","Anonymize, Inc.","Anonymize, Inc.","","","WA","","United States","","","","","","","","","","","","","","","","","","","","","","","","","","","","","","","","","","ns3.epik.com","ns4.epik.com","","","clientTransferProhibited","serverTransferProhibited","",""
"35","captcraigcarter.info","2020-05-12 02:57:14","2020-05-06","2020-05-06","2023-05-06","146","GoDaddy.com, LLC","whois.godaddy.com","http://registrar.godaddy.com","Domains By Proxy, LLC","Domains By Proxy, LLC","","","Arizona","","United States","","","","","","","","","","","","","","","","","","","","","","","","","","","","","","","","","","ns37.domaincontrol.com","ns38.domaincontrol.com","","","clientDeleteProhibited","clientRenewProhibited","clientTransferProhibited","clientUpdateProhibited"
"36","career-alliance.info","2020-05-12 03:02:25","2020-05-06","","2021-05-06","106","Ascio Technologies, Inc. Danmark - Filial af Ascio technologies, Inc. USA","whois.ascio.com","http://www.ascio.com","","","","","","","Kazakstan","","","","","","","","","","","","","","","","","","","","","","","","","","","","","","","","","","dns1.123hjemmeside.dk","dns2.123hjemmeside.dk","dns3.123hjemmeside.dk","","serverTransferProhibited","","",""
"37","carefast.info","2020-05-12 02:59:56","2020-05-06","2020-05-06","2021-05-06","1068","NameCheap, Inc.","whois.namecheap.com","http://www.namecheap.com","WhoisGuard, Inc.","WhoisGuard, Inc.","","","Panama","","Panama","","","","","","","","","","","","","","","","","","","","","","","","","","","","","","","","","","dns1.registrar-servers.com","dns2.registrar-servers.com","","","clientTransferProhibited","serverTransferProhibited","",""
"38","cctvs.info","2020-05-12 03:04:29","2020-05-06","2020-05-06","2021-05-06","895","Google, Inc.","whois.rrpproxy.net","http://www.google.com","Contact Privacy Inc. Customer 1247142953","Contact Privacy Inc. Customer 1247142953","","","ON","","Canada","","","","","","","","","","","","","","","","","","","","","","","","","","","","","","","","","","albert.ns.cloudflare.com","elaine.ns.cloudflare.com","","","clientTransferProhibited","serverTransferProhibited","",""
"39","cd1.info","2020-05-12 03:04:25","2020-05-06","2020-05-06","2021-05-06","1068","NameCheap, Inc.","whois.namecheap.com","http://www.namecheap.com","WhoisGuard, Inc.","WhoisGuard, Inc.","","","Panama","","Panama","","","","","","","","","","","","","","","","","","","","","","","","","","","","","","","","","","dns1.registrar-servers.com","dns2.registrar-servers.com","","","clientTransferProhibited","serverTransferProhibited","",""
"40","celebon.info","2020-05-12 03:08:56","2020-05-06","2020-05-06","2021-05-06","69","Tucows Domains Inc.","whois.tucows.com","http://domainhelp.opensrs.net","Data Protected","Data Protected","","","ON","","Canada","","","","","","","","","","","","","","","","","","","","","","","","","","","","","","","","","","ir1.mizban.com","ir2.mizban.com","ns21.mizban.com","ns22.mizban.com","clientTransferProhibited","clientUpdateProhibited","serverTransferProhibited",""
"41","checkscore08.info","2020-05-12 03:10:24","2020-05-06","2020-05-06","2021-05-06","1479","Namesilo, LLC","whois.namesilo.com","http://www.namesilo.com","See PrivacyGuardian.org","See PrivacyGuardian.org","","","AZ","","United States","","","","","","","","","","","","","","","","","","","","","","","","","","","","","","","","","","ns1.dnsowl.com","ns2.dnsowl.com","ns3.dnsowl.com","","clientTransferProhibited","serverTransferProhibited","",""
"42","checkscore14.info","2020-05-12 03:10:22","2020-05-06","2020-05-06","2021-05-06","1479","Namesilo, LLC","whois.namesilo.com","http://www.namesilo.com","See PrivacyGuardian.org","See PrivacyGuardian.org","","","AZ","","United States","","","","","","","","","","","","","","","","","","","","","","","","","","","","","","","","","","ns1.dnsowl.com","ns2.dnsowl.com","ns3.dnsowl.com","","clientTransferProhibited","serverTransferProhibited","",""
"43","checkscore16.info","2020-05-12 03:10:21","2020-05-06","2020-05-06","2021-05-06","1479","Namesilo, LLC","whois.namesilo.com","http://www.namesilo.com","See PrivacyGuardian.org","See PrivacyGuardian.org","","","AZ","","United States","","","","","","","","","","","","","","","","","","","","","","","","","","","","","","","","","","ns1.dnsowl.com","ns2.dnsowl.com","ns3.dnsowl.com","","clientTransferProhibited","serverTransferProhibited","",""
"44","checkscore26.info","2020-05-12 03:10:22","2020-05-06","2020-05-06","2021-05-06","1479","Namesilo, LLC","whois.namesilo.com","http://www.namesilo.com","See PrivacyGuardian.org","See PrivacyGuardian.org","","","AZ","","United States","","","","","","","","","","","","","","","","","","","","","","","","","","","","","","","","","","ns1.dnsowl.com","ns2.dnsowl.com","ns3.dnsowl.com","","clientTransferProhibited","serverTransferProhibited","",""
"45","checkscore31.info","2020-05-12 03:10:23","2020-05-06","2020-05-06","2021-05-06","1479","Namesilo, LLC","whois.namesilo.com","http://www.namesilo.com","See PrivacyGuardian.org","See PrivacyGuardian.org","","","AZ","","United States","","","","","","","","","","","","","","","","","","","","","","","","","","","","","","","","","","ns1.dnsowl.com","ns2.dnsowl.com","ns3.dnsowl.com","","clientTransferProhibited","serverTransferProhibited","",""
"46","checkscore45.info","2020-05-12 03:10:21","2020-05-06","2020-05-06","2021-05-06","1479","Namesilo, LLC","whois.namesilo.com","http://www.namesilo.com","See PrivacyGuardian.org","See PrivacyGuardian.org","","","AZ","","United States","","","","","","","","","","","","","","","","","","","","","","","","","","","","","","","","","","ns1.dnsowl.com","ns2.dnsowl.com","ns3.dnsowl.com","","clientTransferProhibited","serverTransferProhibited","",""
"47","checkscore59.info","2020-05-12 03:10:23","2020-05-06","2020-05-06","2021-05-06","1479","Namesilo, LLC","whois.namesilo.com","http://www.namesilo.com","See PrivacyGuardian.org","See PrivacyGuardian.org","","","AZ","","United States","","","","","","","","","","","","","","","","","","","","","","","","","","","","","","","","","","ns1.dnsowl.com","ns2.dnsowl.com","ns3.dnsowl.com","","clientTransferProhibited","serverTransferProhibited","",""
"48","checkscore62.info","2020-05-12 03:10:21","2020-05-06","2020-05-06","2021-05-06","1479","Namesilo, LLC","whois.namesilo.com","http://www.namesilo.com","See PrivacyGuardian.org","See PrivacyGuardian.org","","","AZ","","United States","","","","","","","","","","","","","","","","","","","","","","","","","","","","","","","","","","ns1.dnsowl.com","ns2.dnsowl.com","ns3.dnsowl.com","","clientTransferProhibited","serverTransferProhibited","",""
"49","checkscore77.info","2020-05-12 03:10:23","2020-05-06","2020-05-06","2021-05-06","1479","Namesilo, LLC","whois.namesilo.com","http://www.namesilo.com","See PrivacyGuardian.org","See PrivacyGuardian.org","","","AZ","","United States","","","","","","","","","","","","","","","","","","","","","","","","","","","","","","","","","","ns1.dnsowl.com","ns2.dnsowl.com","ns3.dnsowl.com","","clientTransferProhibited","serverTransferProhibited","",""
"50","checkscore86.info","2020-05-12 03:10:22","2020-05-06","2020-05-06","2021-05-06","1479","Namesilo, LLC","whois.namesilo.com","http://www.namesilo.com","See PrivacyGuardian.org","See PrivacyGuardian.org","","","AZ","","United States","","","","","","","","","","","","","","","","","","","","","","","","","","","","","","","","","","ns1.dnsowl.com","ns2.dnsowl.com","ns3.dnsowl.com","","clientTransferProhibited","serverTransferProhibited","",""
"51","checkscore92.info","2020-05-12 03:10:23","2020-05-06","2020-05-06","2021-05-06","1479","Namesilo, LLC","whois.namesilo.com","http://www.namesilo.com","See PrivacyGuardian.org","See PrivacyGuardian.org","","","AZ","","United States","","","","","","","","","","","","","","","","","","","","","","","","","","","","","","","","","","ns1.dnsowl.com","ns2.dnsowl.com","ns3.dnsowl.com","","clientTransferProhibited","serverTransferProhibited","",""
"52","click-mich.info","2020-05-12 03:22:42","2020-05-06","","2021-05-06","141","Cronon AG","whois.cronon.net","http://www.cronon.net","","","","","","","Germany","","","","","","","","","","","","","","","","","","","","","","","","","","","","","","","","","","docks16.rzone.de","shades02.rzone.de","","","serverTransferProhibited","","",""
"53","commons.radio","2020-05-12 19:25:22","2020-05-06","2020-05-06","2021-05-06","81","Gandi SAS","whois.gandi.net","http://www.gandi.net","Platforms PBC","Platforms PBC","","","NY","","United States","","","","","","","","","","","","","","","","","","","","","","","","","","","","","","","","","","ns-1-c.gandi.net","ns-224-b.gandi.net","ns-79-a.gandi.net","","clientTransferProhibited","serverTransferProhibited","",""
"54","comvidahd.info","2020-05-12 03:29:00","2020-05-06","2020-05-06","2021-05-06","1647","Hosting Concepts B.V. dba Openprovider","whois.registrar.eu","http://www.openprovider.com","Whois Privacy Protection Foundation","Whois Privacy Protection Foundation","","","Zuid-Holland","","Netherlands","","","","","","","","","","","","","","","","","","","","","","","","","","","","","","","","","","ns1.dns-parking.com","ns2.dns-parking.com","","","clientTransferProhibited","serverTransferProhibited","",""
"55","copypaste500.biz","2020-05-12 15:44:59","2020-05-06","2020-05-11","2025-05-06","146","GoDaddy.com, LLC","whois.godaddy.com","http://registrar.godaddy.com","Domains By Proxy, LLC","Domains By Proxy, LLC","","","Arizona","","United States","","","","","","","","","","","","","","","","","","","","","","","","","","","","","","","","","","ns73.domaincontrol.com","ns74.domaincontrol.com","","","clientDeleteProhibited","clientRenewProhibited","clientTransferProhibited","clientUpdateProhibited"
"56","copypastetrades.biz","2020-05-12 15:44:59","2020-05-06","2020-05-11","2021-05-06","1082","Register4Less, Inc.","whois.register4less.com","http://register4less.com","McNeill Financial Services","McNeill Financial Services","","","Texas","","United States","","","","","","","","","","","","","","","","","","","","","","","","","","","","","","","","","","ns1.r4l.com","ns2.r4l.com","","","clientTransferProhibited","","",""
"57","coronadailies.com","2020-05-08 20:20:02","2020-05-06","2020-05-06","2021-05-06","1531","Automattic Inc.","whois.ripn.net","http://alohanic.com","Private Whois","Knock Knock WHOIS Not There, LLC","9450 SW Gemini Dr #63259","Beaverton","","97008-7105","United States","coronadailies.com@privatewho.is","+1.8772738550","","Private Whois","Knock Knock WHOIS Not There, LLC","9450 SW Gemini Dr #63259","Beaverton","","97008-7105","United States","coronadailies.com@privatewho.is","+1.8772738550","","Private Whois","Knock Knock WHOIS Not There, LLC","9450 SW Gemini Dr #63259","Beaverton","","97008-7105","United States","coronadailies.com@privatewho.is","+1.8772738550","","Private Whois","Knock Knock WHOIS Not There, LLC","9450 SW Gemini Dr #63259","Beaverton","","97008-7105","United States","coronadailies.com@privatewho.is","+1.8772738550","","ns1.wordpress.com","ns2.wordpress.com","ns3.wordpress.com","","clientTransferProhibited","","",""
"58","ezdravotni-obuv.info","2020-05-12 04:51:50","2020-05-06","2020-05-06","2022-05-06","69","Tucows Domains Inc.","whois.tucows.com","http://domainhelp.opensrs.net","Data Protected","Data Protected","","","ON","","Canada","","","","","","","","","","","","","","","","","","","","","","","","","","","","","","","","","","ns.forpsi.cz","ns.forpsi.it","ns.forpsi.net","","clientTransferProhibited","clientUpdateProhibited","serverTransferProhibited",""
"59","falhiblaqv.us","2020-05-12 13:21:23","2020-05-06","2020-05-11","2021-05-06","1068","NameCheap, Inc.","whois.namecheap.com","http://www.namecheap.com","Mike Grunwald","","Jenaer Strasse 57","Mulheim an der Ruhr","Mulheim an der Ruhr","45468","Germany","grunwalkaosiomiw@xperi.link","+49.0208830206","","Mike Grunwald","","Jenaer Strasse 57","Mulheim an der Ruhr","Mulheim an der Ruhr","45468","Germany","grunwalkaosiomiw@xperi.link","+49.0208830206","","Mike Grunwald","","Jenaer Strasse 57","Mulheim an der Ruhr","Mulheim an der Ruhr","45468","Germany","grunwalkaosiomiw@xperi.link","+49.0208830206","","","","","","","","","","","","dns1.registrar-servers.com","dns2.registrar-servers.com","","","clientTransferProhibited","","",""
"60","ffyiid.info","2020-05-12 04:57:29","2020-05-06","2020-05-06","2021-05-06","1479","Namesilo, LLC","whois.namesilo.com","http://www.namesilo.com","See PrivacyGuardian.org","See PrivacyGuardian.org","","","AZ","","United States","","","","","","","","","","","","","","","","","","","","","","","","","","","","","","","","","","ns1.dnsowl.com","ns2.dnsowl.com","ns3.dnsowl.com","","clientTransferProhibited","serverTransferProhibited","",""
"61","flatpack.net","2020-05-12 21:47:55","2020-05-06","2020-05-11","2021-05-06","2282","Dynadot13 LLC","","","Super Privacy Service LTD c/o Dynadot","","PO Box 701","San Mateo","California","94401","United States","flatpack.net@superprivacyservice.com","+1.6505854708","","Super Privacy Service LTD c/o Dynadot","","PO Box 701","San Mateo","California","94401","United States","flatpack.net@superprivacyservice.com","+1.6505854708","","Super Privacy Service LTD c/o Dynadot","","PO Box 701","San Mateo","California","94401","United States","flatpack.net@superprivacyservice.com","+1.6505854708","","","","","","","","","","","","ns1.dynadot.com","ns2.dynadot.com","","","clientTransferProhibited","","",""
"62","givingcircle.info","2020-05-12 05:32:26","2020-05-06","2020-05-06","2021-05-06","146","GoDaddy.com, LLC","whois.godaddy.com","http://registrar.godaddy.com","Domains By Proxy, LLC","Domains By Proxy, LLC","","","Arizona","","United States","","","","","","","","","","","","","","","","","","","","","","","","","","","","","","","","","","ns31.domaincontrol.com","ns32.domaincontrol.com","","","clientDeleteProhibited","clientRenewProhibited","clientTransferProhibited","clientUpdateProhibited"
"63","givinground.info","2020-05-12 05:32:25","2020-05-06","2020-05-06","2021-05-06","146","GoDaddy.com, LLC","whois.godaddy.com","http://registrar.godaddy.com","Domains By Proxy, LLC","Domains By Proxy, LLC","","","Arizona","","United States","","","","","","","","","","","","","","","","","","","","","","","","","","","","","","","","","","ns73.domaincontrol.com","ns74.domaincontrol.com","","","clientDeleteProhibited","clientRenewProhibited","clientTransferProhibited","clientUpdateProhibited"
"64","grand-beholdy-to-behold-today.info","2020-05-12 05:42:31","2020-05-06","2020-05-06","2021-05-06","146","GoDaddy.com, LLC","whois.godaddy.com","http://registrar.godaddy.com","Swanhurst Holdings, LLC.","Swanhurst Holdings, LLC.","","","Delaware","","United States","","","","","","","","","","","","","","","","","","","","","","","","","","","","","","","","","","pdns07.domaincontrol.com","pdns08.domaincontrol.com","","","clientDeleteProhibited","clientRenewProhibited","clientTransferProhibited","clientUpdateProhibited"
"65","grand-beholdytobeholdtoday.info","2020-05-12 05:42:31","2020-05-06","2020-05-06","2021-05-06","146","GoDaddy.com, LLC","whois.godaddy.com","http://registrar.godaddy.com","Swanhurst Holdings, LLC.","Swanhurst Holdings, LLC.","","","Delaware","","United States","","","","","","","","","","","","","","","","","","","","","","","","","","","","","","","","","","pdns07.domaincontrol.com","pdns08.domaincontrol.com","","","clientDeleteProhibited","clientRenewProhibited","clientTransferProhibited","clientUpdateProhibited"
"66","grandbeholdytobeholdtoday.info","2020-05-12 05:42:30","2020-05-06","2020-05-06","2021-05-06","146","GoDaddy.com, LLC","whois.godaddy.com","http://registrar.godaddy.com","Swanhurst Holdings, LLC.","Swanhurst Holdings, LLC.","","","Delaware","","United States","","","","","","","","","","","","","","","","","","","","","","","","","","","","","","","","","","pdns07.domaincontrol.com","pdns08.domaincontrol.com","","","clientDeleteProhibited","clientRenewProhibited","clientTransferProhibited","clientUpdateProhibited"
"67","greatdispatchto-beholdtoday.info","2020-05-12 05:44:32","2020-05-06","2020-05-06","2021-05-06","146","GoDaddy.com, LLC","whois.godaddy.com","http://registrar.godaddy.com","Swanhurst Holdings, LLC.","Swanhurst Holdings, LLC.","","","Delaware","","United States","","","","","","","","","","","","","","","","","","","","","","","","","","","","","","","","","","pdns07.domaincontrol.com","pdns08.domaincontrol.com","","","clientDeleteProhibited","clientRenewProhibited","clientTransferProhibited","clientUpdateProhibited"
"68","greatdispatchtobehold-today.info","2020-05-12 05:44:32","2020-05-06","2020-05-06","2021-05-06","146","GoDaddy.com, LLC","whois.godaddy.com","http://registrar.godaddy.com","Swanhurst Holdings, LLC.","Swanhurst Holdings, LLC.","","","Delaware","","United States","","","","","","","","","","","","","","","","","","","","","","","","","","","","","","","","","","pdns07.domaincontrol.com","pdns08.domaincontrol.com","","","clientDeleteProhibited","clientRenewProhibited","clientTransferProhibited","clientUpdateProhibited"
"69","greatdispatchtobeholdtoday.info","2020-05-12 05:44:32","2020-05-06","2020-05-06","2021-05-06","146","GoDaddy.com, LLC","whois.godaddy.com","http://registrar.godaddy.com","Swanhurst Holdings, LLC.","Swanhurst Holdings, LLC.","","","Delaware","","United States","","","","","","","","","","","","","","","","","","","","","","","","","","","","","","","","","","pdns07.domaincontrol.com","pdns08.domaincontrol.com","","","clientDeleteProhibited","clientRenewProhibited","clientTransferProhibited","clientUpdateProhibited"
"70","greatertriangularcivic.info","2020-05-12 05:44:06","2020-05-06","2020-05-06","2021-05-06","895","Google, Inc.","whois.rrpproxy.net","http://www.google.com","Contact Privacy Inc. Customer 1247146776","Contact Privacy Inc. Customer 1247146776","","","ON","","Canada","","","","","","","","","","","","","","","","","","","","","","","","","","","","","","","","","","ns-cloud-a1.googledomains.com","ns-cloud-a2.googledomains.com","ns-cloud-a3.googledomains.com","ns-cloud-a4.googledomains.com","clientTransferProhibited","serverTransferProhibited","",""
"71","gruportue.info","2020-05-12 05:49:20","2020-05-06","2020-05-06","2021-05-06","617","Epik Inc.","whois.epik.com","http://epik.com","Anonymize, Inc.","Anonymize, Inc.","","","WA","","United States","","","","","","","","","","","","","","","","","","","","","","","","","","","","","","","","","","alec.ns.cloudflare.com","rose.ns.cloudflare.com","","","clientTransferProhibited","serverTransferProhibited","",""
"72","gsfactory.info","2020-05-12 05:47:18","2020-05-06","","2021-05-06","49","GMO Internet Inc.","whois.discount-domain.com","http://www.onamae.com","Whois Privacy Protection Service by onamae.com","Whois Privacy Protection Service by onamae.com","","","Tokyo","","Japan","","","","","","","","","","","","","","","","","","","","","","","","","","","","","","","","","","dns1.onamae.com","dns2.onamae.com","","","serverTransferProhibited","","",""
"73","hackstellar.info","2020-05-12 05:52:16","2020-05-06","2020-05-06","2021-05-06","895","Google, Inc.","whois.rrpproxy.net","http://www.google.com","Contact Privacy Inc. Customer 1247146704","Contact Privacy Inc. Customer 1247146704","","","ON","","Canada","","","","","","","","","","","","","","","","","","","","","","","","","","","","","","","","","","ns-cloud-e1.googledomains.com","ns-cloud-e2.googledomains.com","ns-cloud-e3.googledomains.com","ns-cloud-e4.googledomains.com","clientTransferProhibited","serverTransferProhibited","",""
"74","harvertt.info","2020-05-12 05:56:11","2020-05-06","2020-05-06","2021-05-06","1390","Mesh Digital Limited","whois.meshdigital.com","http://www.meshdigital.com","","","","","Oxfordshire","","United Kingdom","","","","","","","","","","","","","","","","","","","","","","","","","","","","","","","","","","ns.123-reg.co.uk","ns2.123-reg.co.uk","","","clientDeleteProhibited","clientTransferProhibited","clientUpdateProhibited","serverTransferProhibited"
"75","healthylifeprovisions.info","2020-05-12 06:02:47","2020-05-06","2020-05-06","2021-05-06","146","GoDaddy.com, LLC","whois.godaddy.com","http://registrar.godaddy.com","Domains By Proxy, LLC","Domains By Proxy, LLC","","","Arizona","","United States","","","","","","","","","","","","","","","","","","","","","","","","","","","","","","","","","","ns53.domaincontrol.com","ns54.domaincontrol.com","","","clientDeleteProhibited","clientRenewProhibited","clientTransferProhibited","clientUpdateProhibited"
"76","heyitongbei.com","2020-05-07 21:08:18","2020-05-06","2020-05-06","2021-05-06","1915","West263 International Limited","whois.hkdns.hk","http://www.hkdns.hk","REDACTED FOR PRIVACY","REDACTED FOR PRIVACY","REDACTED FOR PRIVACY","Chengdu","Sichuan","REDACTED FOR PRIVACY","China","","REDACTED FOR PRIVACY","REDACTED FOR PRIVACY","REDACTED FOR PRIVACY","REDACTED FOR PRIVACY","REDACTED FOR PRIVACY","Chengdu","Sichuan","REDACTED FOR PRIVACY","China","","REDACTED FOR PRIVACY","REDACTED FOR PRIVACY","REDACTED FOR PRIVACY","REDACTED FOR PRIVACY","REDACTED FOR PRIVACY","Chengdu","Sichuan","REDACTED FOR PRIVACY","China","","REDACTED FOR PRIVACY","REDACTED FOR PRIVACY","","","","","","","","","","","jm1.dns.com","jm2.dns.com","","","OK","","",""
"77","heytherecupcake.info","2020-05-12 06:04:15","2020-05-06","2020-05-06","2021-05-06","1068","NameCheap, Inc.","whois.namecheap.com","http://www.namecheap.com","WhoisGuard, Inc.","WhoisGuard, Inc.","","","Panama","","Panama","","","","","","","","","","","","","","","","","","","","","","","","","","","","","","","","","","dns1.registrar-servers.com","dns2.registrar-servers.com","","","clientTransferProhibited","serverTransferProhibited","",""
"78","hfsvf.info","2020-05-12 06:03:30","2020-05-06","2020-05-06","2021-05-06","1068","NameCheap, Inc.","whois.namecheap.com","http://www.namecheap.com","","","","","IL","","United States","","","","","","","","","","","","","","","","","","","","","","","","","","","","","","","","","","dns1.registrar-servers.com","dns2.registrar-servers.com","","","clientTransferProhibited","serverTransferProhibited","",""
"79","hglandscaping.info","2020-05-12 06:03:15","2020-05-06","2020-05-06","2022-05-06","146","GoDaddy.com, LLC","whois.godaddy.com","http://registrar.godaddy.com","Domains By Proxy, LLC","Domains By Proxy, LLC","","","Arizona","","United States","","","","","","","","","","","","","","","","","","","","","","","","","","","","","","","","","","ns31.domaincontrol.com","ns32.domaincontrol.com","","","clientDeleteProhibited","clientRenewProhibited","clientTransferProhibited","clientUpdateProhibited"
"80","hgseci.info","2020-05-12 06:03:15","2020-05-06","2020-05-06","2021-05-06","1068","NameCheap, Inc.","whois.namecheap.com","http://www.namecheap.com","WhoisGuard, Inc.","WhoisGuard, Inc.","","","Panama","","Panama","","","","","","","","","","","","","","","","","","","","","","","","","","","","","","","","","","ns1.saadesemdns.com","ns2.saadesemdns.com","","","clientTransferProhibited","serverTransferProhibited","",""
"81","holisticallyyours.info","2020-05-12 06:08:17","2020-05-06","2020-05-06","2021-05-06","2","Network Solutions, LLC","whois.networksolutions.com","http://networksolutions.com","","","","","IN-RJ","","India","","","","","","","","","","","","","","","","","","","","","","","","","","","","","","","","","","ns10.wixdns.net","ns11.wixdns.net","","","clientTransferProhibited","serverTransferProhibited","",""
"82","hotteswc.us","2020-05-12 13:34:14","2020-05-06","2020-05-11","2021-05-06","1068","NameCheap, Inc.","whois.namecheap.com","http://www.namecheap.com","Mike Grunwald","","Jenaer Strasse 57","Mulheim an der Ruhr","Mulheim an der Ruhr","45468","Germany","grunwalkaosiomiw@xperi.link","+49.0208830206","","Mike Grunwald","","Jenaer Strasse 57","Mulheim an der Ruhr","Mulheim an der Ruhr","45468","Germany","grunwalkaosiomiw@xperi.link","+49.0208830206","","Mike Grunwald","","Jenaer Strasse 57","Mulheim an der Ruhr","Mulheim an der Ruhr","45468","Germany","grunwalkaosiomiw@xperi.link","+49.0208830206","","","","","","","","","","","","dns1.registrar-servers.com","dns2.registrar-servers.com","","","clientTransferProhibited","","",""
"83","houx.info","2020-05-12 06:14:27","2020-05-06","2020-05-06","2021-05-06","146","GoDaddy.com, LLC","whois.godaddy.com","http://registrar.godaddy.com","woners","woners","","","bkk","","Thailand","","","","","","","","","","","","","","","","","","","","","","","","","","","","","","","","","","dahlia.ns.cloudflare.com","theo.ns.cloudflare.com","","","clientDeleteProhibited","clientRenewProhibited","clientTransferProhibited","clientUpdateProhibited"
"84","hrgurukul.info","2020-05-12 06:15:52","2020-05-06","2020-05-06","2021-05-06","69","Tucows Domains Inc.","whois.tucows.com","http://domainhelp.opensrs.net","Contact Privacy Inc. Customer 0157833214","Contact Privacy Inc. Customer 0157833214","","","ON","","Canada","","","","","","","","","","","","","","","","","","","","","","","","","","","","","","","","","","ns1.systemdns.com","ns2.systemdns.com","ns3.systemdns.com","","clientTransferProhibited","clientUpdateProhibited","serverTransferProhibited",""
"85","hzmuhammed.info","2020-05-12 06:19:57","2020-05-06","2020-05-06","2022-05-06","146","GoDaddy.com, LLC","whois.godaddy.com","http://registrar.godaddy.com","","","","","\u0130stanbul","","Turkey","","","","","","","","","","","","","","","","","","","","","","","","","","","","","","","","","","ns35.domaincontrol.com","ns36.domaincontrol.com","","","clientDeleteProhibited","clientRenewProhibited","clientTransferProhibited","clientUpdateProhibited"
"86","i-class.info","2020-05-12 06:19:12","2020-05-06","2020-05-06","2021-05-06","69","Tucows Domains Inc.","whois.tucows.com","http://domainhelp.opensrs.net","Contact Privacy Inc. Customer 0157830192","Contact Privacy Inc. Customer 0157830192","","","ON","","Canada","","","","","","","","","","","","","","","","","","","","","","","","","","","","","","","","","","ns1.systemdns.com","ns2.systemdns.com","ns3.systemdns.com","","clientTransferProhibited","clientUpdateProhibited","serverTransferProhibited",""
"87","idlangues.info","2020-05-12 06:24:20","2020-05-06","2020-05-06","2021-05-06","81","Gandi SAS","whois.gandi.net","http://www.gandi.net","G2SI OUEST","G2SI OUEST","","","52","","France","","","","","","","","","","","","","","","","","","","","","","","","","","","","","","","","","","ns-145-c.gandi.net","ns-41-b.gandi.net","ns-77-a.gandi.net","","clientTransferProhibited","serverTransferProhibited","",""
"88","iedocument.info","2020-05-12 06:23:09","2020-05-06","2020-05-06","2021-05-06","895","Google, Inc.","whois.rrpproxy.net","http://www.google.com","Contact Privacy Inc. Customer 1247141686","Contact Privacy Inc. Customer 1247141686","","","ON","","Canada","","","","","","","","","","","","","","","","","","","","","","","","","","","","","","","","","","ns-cloud-e1.googledomains.com","ns-cloud-e2.googledomains.com","ns-cloud-e3.googledomains.com","ns-cloud-e4.googledomains.com","clientTransferProhibited","serverTransferProhibited","",""
"89","ieiodiel.info","2020-05-12 06:23:07","2020-05-06","2020-05-07","2021-05-06","1600","Estrategias WebSite S.L.","whois2.virtualname.es","http://www.virtualpyme.com/","GDPR Masked","GDPR Masked","","","GDPR Masked","","United States","","","","","","","","","","","","","","","","","","","","","","","","","","","","","","","","","","ns5.m2estudio.com","ns6.m2estudio.com","","","clientTransferProhibited","serverTransferProhibited","",""
"90","inoohir.info","2020-05-12 06:33:12","2020-05-06","2020-05-06","2021-05-06","1068","NameCheap, Inc.","whois.namecheap.com","http://www.namecheap.com","WhoisGuard, Inc.","WhoisGuard, Inc.","","","Panama","","Panama","","","","","","","","","","","","","","","","","","","","","","","","","","","","","","","","","","ns1.tccduiewdns.com","ns2.tccduiewdns.com","","","clientTransferProhibited","serverTransferProhibited","",""
"91","inrook.info","2020-05-12 06:32:52","2020-05-06","2020-05-06","2021-05-06","1068","NameCheap, Inc.","whois.namecheap.com","http://www.namecheap.com","WhoisGuard, Inc.","WhoisGuard, Inc.","","","Panama","","Panama","","","","","","","","","","","","","","","","","","","","","","","","","","","","","","","","","","ns1.rlapceahdns.com","ns2.rlapceahdns.com","","","clientTransferProhibited","serverTransferProhibited","",""
"92","javicruz.info","2020-05-12 06:47:44","2020-05-06","2020-05-06","2021-05-06","83","1&1 Internet AG","whois.schlund.info","http://1and1.com","Data Privacy Protected","Data Privacy Protected","","","BW","","Germany","","","","","","","","","","","","","","","","","","","","","","","","","","","","","","","","","","ns1033.ui-dns.biz","ns1052.ui-dns.com","ns1085.ui-dns.de","ns1113.ui-dns.org","clientTransferProhibited","serverTransferProhibited","",""
"93","jelly-fish.info","2020-05-12 06:48:24","2020-05-06","2020-05-06","2021-05-06","49","GMO Internet Inc.","whois.discount-domain.com","http://www.onamae.com","Whois Privacy Protection Service by onamae.com","Whois Privacy Protection Service by onamae.com","","","Tokyo","","Japan","","","","","","","","","","","","","","","","","","","","","","","","","","","","","","","","","","ns-cloud-d1.googledomains.com","ns-cloud-d2.googledomains.com","ns-cloud-d3.googledomains.com","ns-cloud-d4.googledomains.com","serverTransferProhibited","","",""
"94","jfruit.info","2020-05-12 06:50:12","2020-05-06","2020-05-06","2021-05-06","2","Network Solutions, LLC","whois.networksolutions.com","http://networksolutions.com","","","","","TH-13","","Thailand","","","","","","","","","","","","","","","","","","","","","","","","","","","","","","","","","","ns10.wixdns.net","ns11.wixdns.net","","","clientTransferProhibited","serverTransferProhibited","",""
"95","kalpa.info","2020-05-12 06:59:59","2020-05-06","2020-05-06","2021-05-06","472","Dynadot, LLC","whois.dynadot.com","http://www.dynadot.com","","","","","California","","United States","","","","","","","","","","","","","","","","","","","","","","","","","","","","","","","","","","ns1.dynadot.com","ns2.dynadot.com","","","clientTransferProhibited","serverTransferProhibited","",""
"96","kassa24.info","2020-05-12 07:02:04","2020-05-06","2020-05-06","2021-05-06","617","Epik Inc.","whois.epik.com","http://epik.com","Anonymize, Inc.","Anonymize, Inc.","","","WA","","United States","","","","","","","","","","","","","","","","","","","","","","","","","","","","","","","","","","ns3.epik.com","ns4.epik.com","","","clientTransferProhibited","serverTransferProhibited","",""
"97","klick-mich.info","2020-05-12 07:11:01","2020-05-06","","2021-05-06","141","Cronon AG","whois.cronon.net","http://www.cronon.net","","","","","","","Germany","","","","","","","","","","","","","","","","","","","","","","","","","","","","","","","","","","docks10.rzone.de","shades14.rzone.de","","","serverTransferProhibited","","",""
"98","koktebel-volna.info","2020-05-12 07:13:47","2020-05-06","2020-05-06","2021-05-06","1606","Limited Liability Company 'Registrar of domain names REG.RU'","whois.reg.ru","http://www.reg.ru","Privacy Protection","Privacy Protection","","","","","Russian Federation","","","","","","","","","","","","","","","","","","","","","","","","","","","","","","","","","","ns1.reg.ru","ns2.reg.ru","","","clientTransferProhibited","serverTransferProhibited","",""
"99","kyraidaci.us","2020-05-12 13:21:18","2020-05-06","2020-05-11","2021-05-06","1068","NameCheap, Inc.","whois.namecheap.com","http://www.namecheap.com","Mike Grunwald","","Jenaer Strasse 57","Mulheim an der Ruhr","Mulheim an der Ruhr","45468","Germany","grunwalkaosiomiw@xperi.link","+49.0208830206","","Mike Grunwald","","Jenaer Strasse 57","Mulheim an der Ruhr","Mulheim an der Ruhr","45468","Germany","grunwalkaosiomiw@xperi.link","+49.0208830206","","Mike Grunwald","","Jenaer Strasse 57","Mulheim an der Ruhr","Mulheim an der Ruhr","45468","Germany","grunwalkaosiomiw@xperi.link","+49.0208830206","","","","","","","","","","","","dns1.registrar-servers.com","dns2.registrar-servers.com","","","clientTransferProhibited","","",""
"100","la4.biz","2020-05-12 17:04:18","2020-05-06","2020-05-11","2021-05-06","146","GoDaddy.com, LLC","whois.godaddy.com","http://registrar.godaddy.com","Domains By Proxy, LLC","Domains By Proxy, LLC","","","Arizona","","United States","","","","","","","","","","","","","","","","","","","","","","","","","","","","","","","","","","ns35.domaincontrol.com","ns36.domaincontrol.com","","","clientDeleteProhibited","clientRenewProhibited","clientTransferProhibited","clientUpdateProhibited"
"101","labonneaffaire.biz","2020-05-12 17:04:13","2020-05-06","2020-05-11","2021-05-06","1376","Instra Corporation Pty Ltd.","whois.instra.net","http://www.instra.com","Registrant of labonneaffaire.biz","Registrant of labonneaffaire.biz","","","Auckland District","","New Zealand","","","","","","","","","","","","","","","","","","","","","","","","","","","","","","","","","","ns1.onlydomains.com","ns2.onlydomains.com","ns3.onlydomains.com","","OK","","",""
"102","levsu.info","2020-05-12 07:31:53","2020-05-06","2020-05-06","2021-05-06","1068","NameCheap, Inc.","whois.namecheap.com","http://www.namecheap.com","Shift Stick","Shift Stick","","","NV","","United States","","","","","","","","","","","","","","","","","","","","","","","","","","","","","","","","","","marissa.ns.cloudflare.com","vick.ns.cloudflare.com","","","clientTransferProhibited","serverTransferProhibited","",""
"103","myvibecase.com","2020-05-12 15:52:46","2020-05-06","2020-05-06","2021-05-06","69","Tucows Domains Inc.","whois.tucows.com","http://domainhelp.opensrs.net","Contact Privacy Inc. Customer 0157839777","Contact Privacy Inc. Customer 0157839777","96 Mowat Ave","Toronto","ON","M6K 3M1","Canada","myvibecase.com@contactprivacy.com","+1.4165385457","","Contact Privacy Inc. Customer 0157839777","Contact Privacy Inc. Customer 0157839777","96 Mowat Ave","Toronto","ON","M6K 3M1","Canada","myvibecase.com@contactprivacy.com","+1.4165385457","","Contact Privacy Inc. Customer 0157839777","Contact Privacy Inc. Customer 0157839777","96 Mowat Ave","Toronto","ON","M6K 3M1","Canada","myvibecase.com@contactprivacy.com","+1.4165385457","","","","","","","","","","","","ns-cloud-a1.googledomains.com","ns-cloud-a2.googledomains.com","ns-cloud-a3.googledomains.com","ns-cloud-a4.googledomains.com","clientTransferProhibited","clientUpdateProhibited","",""
"104","opulence.life","2020-05-12 21:08:02","2020-05-06","2020-05-11","2021-05-06","1366","Xiamen ChinaSource Internet Service Co., Ltd.","whois.cnolnic.com","http://www.zzy.cn","REDACTED FOR PRIVACY","Caofeng","REDACTED FOR PRIVACY","REDACTED FOR PRIVACY","Others","REDACTED FOR PRIVACY","China","","REDACTED FOR PRIVACY","REDACTED FOR PRIVACY","","","","","","","","","","","","","","","","","","","","","","","","","","","","","","","","","","","clientTransferProhibited","","",""
"105","plate.info","2020-05-12 21:05:46","2020-05-06","2020-05-08","2021-05-06","1653","Dynadot5 LLC","whois.publicinterestregistry.net","http://www.dynadot5.com","","","","","California","","United States","","","","","","","","","","","","","","","","","","","","","","","","","","","","","","","","","","ns1.dynadot.com","ns2.dynadot.com","","","clientTransferProhibited","serverTransferProhibited","",""
"106","pogilasyg.us","2020-05-12 13:25:37","2020-05-06","2020-05-11","2021-05-06","1068","NameCheap, Inc.","whois.namecheap.com","http://www.namecheap.com","Mike Grunwald","","Jenaer Strasse 57","Mulheim an der Ruhr","Mulheim an der Ruhr","45468","Germany","grunwalkaosiomiw@xperi.link","+49.0208830206","","Mike Grunwald","","Jenaer Strasse 57","Mulheim an der Ruhr","Mulheim an der Ruhr","45468","Germany","grunwalkaosiomiw@xperi.link","+49.0208830206","","Mike Grunwald","","Jenaer Strasse 57","Mulheim an der Ruhr","Mulheim an der Ruhr","45468","Germany","grunwalkaosiomiw@xperi.link","+49.0208830206","","","","","","","","","","","","dns1.registrar-servers.com","dns2.registrar-servers.com","","","clientTransferProhibited","","",""
"107","positivelyfreefood.com","2020-05-08 21:18:02","2020-05-06","2020-05-06","2021-05-06","69","Tucows Domains Inc.","whois.tucows.com","http://domainhelp.opensrs.net","Contact Privacy Inc. Customer 0157840565","Contact Privacy Inc. Customer 0157840565","96 Mowat Ave","Toronto","ON","M6K 3M1","Canada","positivelyfreefood.com@contactprivacy.com","+1.4165385457","","Contact Privacy Inc. Customer 0157840565","Contact Privacy Inc. Customer 0157840565","96 Mowat Ave","Toronto","ON","M6K 3M1","Canada","positivelyfreefood.com@contactprivacy.com","+1.4165385457","","Contact Privacy Inc. Customer 0157840565","Contact Privacy Inc. Customer 0157840565","96 Mowat Ave","Toronto","ON","M6K 3M1","Canada","positivelyfreefood.com@contactprivacy.com","+1.4165385457","","","","","","","","","","","","ns-cloud-e1.googledomains.com","ns-cloud-e2.googledomains.com","ns-cloud-e3.googledomains.com","ns-cloud-e4.googledomains.com","clientTransferProhibited","clientUpdateProhibited","",""
"108","positivelyfreefoods.com","2020-05-08 21:17:25","2020-05-06","2020-05-06","2021-05-06","69","Tucows Domains Inc.","whois.tucows.com","http://domainhelp.opensrs.net","Contact Privacy Inc. Customer 0157840572","Contact Privacy Inc. Customer 0157840572","96 Mowat Ave","Toronto","ON","M6K 3M1","Canada","positivelyfreefoods.com@contactprivacy.com","+1.4165385457","","Contact Privacy Inc. Customer 0157840572","Contact Privacy Inc. Customer 0157840572","96 Mowat Ave","Toronto","ON","M6K 3M1","Canada","positivelyfreefoods.com@contactprivacy.com","+1.4165385457","","Contact Privacy Inc. Customer 0157840572","Contact Privacy Inc. Customer 0157840572","96 Mowat Ave","Toronto","ON","M6K 3M1","Canada","positivelyfreefoods.com@contactprivacy.com","+1.4165385457","","","","","","","","","","","","ns-cloud-a1.googledomains.com","ns-cloud-a2.googledomains.com","ns-cloud-a3.googledomains.com","ns-cloud-a4.googledomains.com","clientTransferProhibited","clientUpdateProhibited","",""
"109","ppugsasiw.us","2020-05-12 13:37:44","2020-05-06","2020-05-11","2021-05-06","1068","NameCheap, Inc.","whois.namecheap.com","http://www.namecheap.com","Mike Grunwald","","Jenaer Strasse 57","Mulheim an der Ruhr","Mulheim an der Ruhr","45468","Germany","grunwalkaosiomiw@xperi.link","+49.0208830206","","Mike Grunwald","","Jenaer Strasse 57","Mulheim an der Ruhr","Mulheim an der Ruhr","45468","Germany","grunwalkaosiomiw@xperi.link","+49.0208830206","","Mike Grunwald","","Jenaer Strasse 57","Mulheim an der Ruhr","Mulheim an der Ruhr","45468","Germany","grunwalkaosiomiw@xperi.link","+49.0208830206","","","","","","","","","","","","dns1.registrar-servers.com","dns2.registrar-servers.com","","","clientTransferProhibited","","",""
"110","pulse.jobs","2020-05-12 21:01:58","2020-05-06","2020-05-07","2021-05-06","625","Name.com, Inc.","whois.name.com","http://www.name.com","REDACTED FOR PRIVACY","Pulse digital agency s?rl","REDACTED FOR PRIVACY","REDACTED FOR PRIVACY","VAUD","REDACTED FOR PRIVACY","Switzerland","","REDACTED FOR PRIVACY","REDACTED FOR PRIVACY","REDACTED FOR PRIVACY","REDACTED FOR PRIVACY","REDACTED FOR PRIVACY","REDACTED FOR PRIVACY","REDACTED FOR PRIVACY","REDACTED FOR PRIVACY","REDACTED FOR PRIVACY","","REDACTED FOR PRIVACY","REDACTED FOR PRIVACY","REDACTED FOR PRIVACY","REDACTED FOR PRIVACY","REDACTED FOR PRIVACY","REDACTED FOR PRIVACY","REDACTED FOR PRIVACY","REDACTED FOR PRIVACY","REDACTED FOR PRIVACY","","REDACTED FOR PRIVACY","REDACTED FOR PRIVACY","REDACTED FOR PRIVACY","REDACTED FOR PRIVACY","REDACTED FOR PRIVACY","REDACTED FOR PRIVACY","REDACTED FOR PRIVACY","REDACTED FOR PRIVACY","REDACTED FOR PRIVACY","","REDACTED FOR PRIVACY","REDACTED FOR PRIVACY","ns1kpv.name.com","ns2nsy.name.com","ns3ckl.name.com","ns4fmw.name.com","OK","","",""
"111","pz2020.info","2020-05-12 21:05:09","2020-05-06","2020-05-09","2021-05-06","1697","DNSPod, Inc.","whois.dnspod.com","http:// www.dnspod.cn","?????????????","?????????????","","","he bei sheng","","China","","","","","","","","","","","","","","","","","","","","","","","","","","","","","","","","","","f1g1ns1.dnspod.net","f1g1ns2.dnspod.net","","","serverTransferProhibited","","",""
"112","rca.radio","2020-05-12 19:25:22","2020-05-06","2020-05-06","2021-05-06","106","Ascio Technologies, Inc. Danmark - Filial af Ascio technologies, Inc. USA","whois.ascio.com","http://www.ascio.com","RCA LA RADIO","RCA LA RADIO","","","Pays de la Loire","","France","","","","","","","","","","","","","","","","","","","","","","","","","","","","","","","","","","dns1.plaindns.net","dns2.plaindns.net","","","serverTransferProhibited","","",""
"113","rdoowvaki.us","2020-05-12 13:37:21","2020-05-06","2020-05-11","2021-05-06","1068","NameCheap, Inc.","whois.namecheap.com","http://www.namecheap.com","Mike Grunwald","","Jenaer Strasse 57","Mulheim an der Ruhr","Mulheim an der Ruhr","45468","Germany","grunwalkaosiomiw@xperi.link","+49.0208830206","","Mike Grunwald","","Jenaer Strasse 57","Mulheim an der Ruhr","Mulheim an der Ruhr","45468","Germany","grunwalkaosiomiw@xperi.link","+49.0208830206","","Mike Grunwald","","Jenaer Strasse 57","Mulheim an der Ruhr","Mulheim an der Ruhr","45468","Germany","grunwalkaosiomiw@xperi.link","+49.0208830206","","","","","","","","","","","","dns1.registrar-servers.com","dns2.registrar-servers.com","","","clientTransferProhibited","","",""
"114","shape.life","2020-05-12 21:07:55","2020-05-06","2020-05-11","2021-05-06","1366","Xiamen ChinaSource Internet Service Co., Ltd.","whois.cnolnic.com","http://www.zzy.cn","REDACTED FOR PRIVACY","Caofeng","REDACTED FOR PRIVACY","REDACTED FOR PRIVACY","Others","REDACTED FOR PRIVACY","China","","REDACTED FOR PRIVACY","REDACTED FOR PRIVACY","","","","","","","","","","","","","","","","","","","","","","","","","","","","","","","","","","","clientTransferProhibited","","",""
"115","tex.life","2020-05-12 21:07:53","2020-05-06","2020-05-11","2021-05-06","1366","Xiamen ChinaSource Internet Service Co., Ltd.","whois.cnolnic.com","http://www.zzy.cn","REDACTED FOR PRIVACY","CharlesLee","REDACTED FOR PRIVACY","REDACTED FOR PRIVACY","Fujian","REDACTED FOR PRIVACY","China","","REDACTED FOR PRIVACY","REDACTED FOR PRIVACY","","","","","","","","","","","","","","","","","","","","","","","","","","","","","","","","","","","clientTransferProhibited","","",""
"116","tiopatinhas.com","2020-05-08 21:15:19","2020-05-06","2020-05-08","2021-05-06","69","Tucows Domains Inc.","whois.tucows.com","http://domainhelp.opensrs.net","REDACTED FOR PRIVACY","REDACTED FOR PRIVACY","REDACTED FOR PRIVACY","REDACTED FOR PRIVACY","MT","REDACTED FOR PRIVACY","Brazil","","REDACTED FOR PRIVACY","REDACTED FOR PRIVACY","REDACTED FOR PRIVACY","REDACTED FOR PRIVACY","REDACTED FOR PRIVACY","REDACTED FOR PRIVACY","REDACTED FOR PRIVACY","REDACTED FOR PRIVACY","REDACTED FOR PRIVACY","","REDACTED FOR PRIVACY","REDACTED FOR PRIVACY","REDACTED FOR PRIVACY","REDACTED FOR PRIVACY","REDACTED FOR PRIVACY","REDACTED FOR PRIVACY","REDACTED FOR PRIVACY","REDACTED FOR PRIVACY","REDACTED FOR PRIVACY","","REDACTED FOR PRIVACY","REDACTED FOR PRIVACY","","","","","","","","","","","ns6.wixdns.net","ns7.wixdns.net","","","","","",""
"117","wamwitaoko.us","2020-05-12 13:30:28","2020-05-06","2020-05-11","2021-05-06","1068","NameCheap, Inc.","whois.namecheap.com","http://www.namecheap.com","Mike Grunwald","","Jenaer Strasse 57","Mulheim an der Ruhr","Mulheim an der Ruhr","45468","Germany","grunwalkaosiomiw@xperi.link","+49.0208830206","","Mike Grunwald","","Jenaer Strasse 57","Mulheim an der Ruhr","Mulheim an der Ruhr","45468","Germany","grunwalkaosiomiw@xperi.link","+49.0208830206","","Mike Grunwald","","Jenaer Strasse 57","Mulheim an der Ruhr","Mulheim an der Ruhr","45468","Germany","grunwalkaosiomiw@xperi.link","+49.0208830206","","","","","","","","","","","","dns1.registrar-servers.com","dns2.registrar-servers.com","","","clientTransferProhibited","","",""