"num","domain_name","query_time","create_date","update_date","expiry_date","domain_registrar_id","domain_registrar_name","domain_registrar_whois","domain_registrar_url","registrant_name","registrant_company","registrant_address","registrant_city","registrant_state","registrant_zip","registrant_country","registrant_email","registrant_phone","registrant_fax","administrative_name","administrative_company","administrative_address","administrative_city","administrative_state","administrative_zip","administrative_country","administrative_email","administrative_phone","administrative_fax","technical_name","technical_company","technical_address","technical_city","technical_state","technical_zip","technical_country","technical_email","technical_phone","technical_fax","billing_name","billing_company","billing_address","billing_city","billing_state","billing_zip","billing_country","billing_email","billing_phone","billing_fax","name_server_1","name_server_2","name_server_3","name_server_4","domain_status_1","domain_status_2","domain_status_3","domain_status_4"
"1","insuranceeducation.info","2020-05-12 06:34:09","2020-05-03","2020-05-03","2022-05-03","146","GoDaddy.com, LLC","whois.godaddy.com","http://registrar.godaddy.com","Domains By Proxy, LLC","Domains By Proxy, LLC","","","Arizona","","United States","","","","","","","","","","","","","","","","","","","","","","","","","","","","","","","","","","ns35.domaincontrol.com","ns36.domaincontrol.com","","","clientDeleteProhibited","clientRenewProhibited","clientTransferProhibited","clientUpdateProhibited"
"2","jacquerie-heartstirring.info","2020-05-12 06:44:33","2020-05-03","2020-05-04","2021-05-03","49","GMO Internet Inc.","whois.discount-domain.com","http://www.onamae.com","Whois Privacy Protection Service by onamae.com","Whois Privacy Protection Service by onamae.com","","","Tokyo","","Japan","","","","","","","","","","","","","","","","","","","","","","","","","","","","","","","","","","01.dnsv.jp","02.dnsv.jp","03.dnsv.jp","04.dnsv.jp","serverTransferProhibited","","",""
"3","jhseminars.info","2020-05-12 06:49:53","2020-05-03","2020-05-03","2021-05-03","146","GoDaddy.com, LLC","whois.godaddy.com","http://registrar.godaddy.com","Pulseem","Pulseem","","","Israel","","Israel","","","","","","","","","","","","","","","","","","","","","","","","","","","","","","","","","","ns23.domaincontrol.com","ns24.domaincontrol.com","","","clientDeleteProhibited","clientRenewProhibited","clientTransferProhibited","clientUpdateProhibited"
"4","juliafrancis.info","2020-05-12 06:56:28","2020-05-03","2020-05-03","2021-05-03","146","GoDaddy.com, LLC","whois.godaddy.com","http://registrar.godaddy.com","","","","","Australian Capital Territory","","Australia","","","","","","","","","","","","","","","","","","","","","","","","","","","","","","","","","","ns23.domaincontrol.com","ns24.domaincontrol.com","","","clientDeleteProhibited","clientRenewProhibited","clientTransferProhibited","clientUpdateProhibited"
"5","kaltblutliebe.info","2020-05-12 06:59:56","2020-05-03","","2021-05-03","269","Key-Systems GmbH","whois.rrpproxy.net","http://www.key-systems.net","","","","","","","Germany","","","","","","","","","","","","","","","","","","","","","","","","","","","","","","","","","","ns01.1blu.de","ns02.1blu.de","","","serverTransferProhibited","","",""
"6","keishu.info","2020-05-12 07:06:11","2020-05-03","2020-05-03","2021-05-03","49","GMO Internet Inc.","whois.discount-domain.com","http://www.onamae.com","Whois Privacy Protection Service by onamae.com","Whois Privacy Protection Service by onamae.com","","","Tokyo","","Japan","","","","","","","","","","","","","","","","","","","","","","","","","","","","","","","","","","01.dnsv.jp","02.dnsv.jp","03.dnsv.jp","04.dnsv.jp","serverTransferProhibited","","",""
"7","kissprogramming.info","2020-05-12 07:10:09","2020-05-03","2020-05-03","2021-05-03","146","GoDaddy.com, LLC","whois.godaddy.com","http://registrar.godaddy.com","","","","","New South Wales","","Australia","","","","","","","","","","","","","","","","","","","","","","","","","","","","","","","","","","ns21.domaincontrol.com","ns22.domaincontrol.com","","","clientDeleteProhibited","clientRenewProhibited","clientTransferProhibited","clientUpdateProhibited"
"8","knotweedclaims.info","2020-05-12 07:12:27","2020-05-03","2020-05-03","2021-05-03","146","GoDaddy.com, LLC","whois.godaddy.com","http://registrar.godaddy.com","ATE","ATE","","","West Glamorgan","","United Kingdom","","","","","","","","","","","","","","","","","","","","","","","","","","","","","","","","","","ns27.domaincontrol.com","ns28.domaincontrol.com","","","clientDeleteProhibited","clientRenewProhibited","clientTransferProhibited","clientUpdateProhibited"
"9","kulbida.info","2020-05-12 07:18:14","2020-05-03","2020-05-03","2021-05-03","146","GoDaddy.com, LLC","whois.godaddy.com","http://registrar.godaddy.com","","","","","Vermont","","United States","","","","","","","","","","","","","","","","","","","","","","","","","","","","","","","","","","ns35.domaincontrol.com","ns36.domaincontrol.com","","","clientDeleteProhibited","clientRenewProhibited","clientTransferProhibited","clientUpdateProhibited"
"10","lasportive.info","2020-05-12 07:24:11","2020-05-03","2020-05-03","2023-05-03","2","Network Solutions, LLC","whois.networksolutions.com","http://networksolutions.com","","","","","FL","","United States","","","","","","","","","","","","","","","","","","","","","","","","","","","","","","","","","","ns4.wixdns.net","ns5.wixdns.net","","","clientTransferProhibited","serverTransferProhibited","",""
"11","ldydkn.info","2020-05-12 07:26:52","2020-05-03","2020-05-03","2021-05-03","1068","NameCheap, Inc.","whois.namecheap.com","http://www.namecheap.com","WhoisGuard, Inc.","WhoisGuard, Inc.","","","Panama","","Panama","","","","","","","","","","","","","","","","","","","","","","","","","","","","","","","","","","ns1.mntmhnusdns.com","ns2.mntmhnusdns.com","","","clientTransferProhibited","serverTransferProhibited","",""
"12","nmaluv.info","2020-05-12 08:54:18","2020-05-03","2020-05-03","2021-05-03","1068","NameCheap, Inc.","whois.namecheap.com","http://www.namecheap.com","WhoisGuard, Inc.","WhoisGuard, Inc.","","","Panama","","Panama","","","","","","","","","","","","","","","","","","","","","","","","","","","","","","","","","","ns1.ltfiliiedns.com","ns2.ltfiliiedns.com","","","clientTransferProhibited","serverTransferProhibited","",""
"13","northfieldhealthservices.info","2020-05-12 08:57:20","2020-05-03","2020-05-03","2021-05-03","146","GoDaddy.com, LLC","whois.godaddy.com","http://registrar.godaddy.com","","","","","tyne and wear","","United Kingdom","","","","","","","","","","","","","","","","","","","","","","","","","","","","","","","","","","ns49.domaincontrol.com","ns50.domaincontrol.com","","","clientDeleteProhibited","clientRenewProhibited","clientTransferProhibited","clientUpdateProhibited"
"14","onedirectiontransport.com","2020-05-12 02:34:07","2020-05-03","2020-05-03","2021-05-03","146","GoDaddy.com, LLC","whois.godaddy.com","http://registrar.godaddy.com","Registration Private","Domains By Proxy, LLC","DomainsByProxy.com 14455 N. Hayden Road","Scottsdale","Arizona","85260","United States","onedirectiontransport.com@domainsbyproxy.com","+1.4806242599","+1.4806242598","Registration Private","Domains By Proxy, LLC","DomainsByProxy.com 14455 N. Hayden Road","Scottsdale","Arizona","85260","United States","onedirectiontransport.com@domainsbyproxy.com","+1.4806242599","+1.4806242598","Registration Private","Domains By Proxy, LLC","DomainsByProxy.com 14455 N. Hayden Road","Scottsdale","Arizona","85260","United States","onedirectiontransport.com@domainsbyproxy.com","+1.4806242599","+1.4806242598","","","","","","","","","","","ns69.domaincontrol.com","ns70.domaincontrol.com","","","clientDeleteProhibited","clientRenewProhibited","clientTransferProhibited","clientUpdateProhibited"
"15","oxsaah.info","2020-05-12 09:19:05","2020-05-03","2020-05-03","2021-05-03","1068","NameCheap, Inc.","whois.namecheap.com","http://www.namecheap.com","WhoisGuard, Inc.","WhoisGuard, Inc.","","","Panama","","Panama","","","","","","","","","","","","","","","","","","","","","","","","","","","","","","","","","","ns1.mntmhnusdns.com","ns2.mntmhnusdns.com","","","clientTransferProhibited","serverTransferProhibited","",""
"16","woodluck.co","2020-05-12 23:46:10","2020-05-03","2020-05-08","2021-05-03","617","Epik Inc.","whois.epik.com","http://epik.com","Anonymize, Inc.","Anonymize, Inc.","","","WA","","United States","","","","","","","","","","","","","","","","","","","","","","","","","","","","","","","","","","ns3.epik.com","ns4.epik.com","","","clientTransferProhibited","","",""