"num","domain_name","query_time","create_date","update_date","expiry_date","domain_registrar_id","domain_registrar_name","domain_registrar_whois","domain_registrar_url","registrant_name","registrant_company","registrant_address","registrant_city","registrant_state","registrant_zip","registrant_country","registrant_email","registrant_phone","registrant_fax","administrative_name","administrative_company","administrative_address","administrative_city","administrative_state","administrative_zip","administrative_country","administrative_email","administrative_phone","administrative_fax","technical_name","technical_company","technical_address","technical_city","technical_state","technical_zip","technical_country","technical_email","technical_phone","technical_fax","billing_name","billing_company","billing_address","billing_city","billing_state","billing_zip","billing_country","billing_email","billing_phone","billing_fax","name_server_1","name_server_2","name_server_3","name_server_4","domain_status_1","domain_status_2","domain_status_3","domain_status_4"
"1","adviceforyou.info","2020-05-12 01:23:59","2020-05-04","2020-05-04","2021-05-04","1068","NameCheap, Inc.","whois.namecheap.com","http://www.namecheap.com","WhoisGuard, Inc.","WhoisGuard, Inc.","","","Panama","","Panama","","","","","","","","","","","","","","","","","","","","","","","","","","","","","","","","","","dns1.registrar-servers.com","dns2.registrar-servers.com","","","clientTransferProhibited","serverTransferProhibited","",""
"2","assessoria-financeiro.club","2020-05-12 14:23:59","2020-05-04","2020-05-09","2021-05-04","1068","NameCheap, Inc.","whois.namecheap.com","http://www.namecheap.com","WhoisGuard, Inc.","WhoisGuard, Inc.","","","Panama","","Panama","","","","","","","","","","","","","","","","","","","","","","","","","","","","","","","","","","dns1.registrar-servers.com","dns2.registrar-servers.com","","","clientTransferProhibited","","",""
"3","businerds.biz","2020-05-12 15:28:04","2020-05-04","2020-05-09","2021-05-04","1068","NameCheap, Inc.","whois.namecheap.com","http://www.namecheap.com","WhoisGuard, Inc.","WhoisGuard, Inc.","","","Panama","","Panama","","","","","","","","","","","","","","","","","","","","","","","","","","","","","","","","","","dns1.registrar-servers.com","dns2.registrar-servers.com","","","clientTransferProhibited","","",""
"4","copythatconverts.biz","2020-05-12 15:44:59","2020-05-04","2020-05-09","2021-05-04","1645","DiaMatrix C.C.","whois.domains.co.za","http://www.domains.co.za","Coal-Free.co.za","Coal-Free.co.za","","","Gauteng","","South Africa","","","","","","","","","","","","","","","","","","","","","","","","","","","","","","","","","","ns1.tld-ns.net","ns2.tld-ns.com","ns3.tld-ns.net","ns4.tld-ns.com","clientTransferProhibited","","",""
"5","cosmeticsfromkorea.info","2020-05-12 03:36:29","2020-05-04","2020-05-04","2021-05-04","1606","Limited Liability Company 'Registrar of domain names REG.RU'","whois.reg.ru","http://www.reg.ru","Privacy Protection","Privacy Protection","","","","","Russian Federation","","","","","","","","","","","","","","","","","","","","","","","","","","","","","","","","","","ns1.reg.ru","ns2.reg.ru","","","clientTransferProhibited","serverTransferProhibited","",""
"6","cyborgspace.biz","2020-05-12 16:18:51","2020-05-04","2020-05-09","2021-05-04","141","Cronon AG","whois.cronon.net","http://www.cronon.net","","","","","","","Germany","","","","","","","","","","","","","","","","","","","","","","","","","","","","","","","","","","docks08.rzone.de","shades13.rzone.de","","","OK","","",""
"7","drivetogether.info","2020-05-12 04:17:01","2020-05-04","","2021-05-04","106","Ascio Technologies, Inc. Danmark - Filial af Ascio technologies, Inc. USA","whois.ascio.com","http://www.ascio.com","Aivis Bozevnieks","Aivis Bozevnieks","","","","","Norway","","","","","","","","","","","","","","","","","","","","","","","","","","","","","","","","","","ns.datacenter.no","ns2.datacenter.no","","","serverTransferProhibited","","",""
"8","equipement-medical.info","2020-05-12 04:38:42","2020-05-04","2020-05-04","2021-05-04","146","GoDaddy.com, LLC","whois.godaddy.com","http://registrar.godaddy.com","Domains By Proxy, LLC","Domains By Proxy, LLC","","","Arizona","","United States","","","","","","","","","","","","","","","","","","","","","","","","","","","","","","","","","","ns07.domaincontrol.com","ns08.domaincontrol.com","","","clientDeleteProhibited","clientRenewProhibited","clientTransferProhibited","clientUpdateProhibited"
"9","eyvbtorvsvgkvhm.info","2020-05-12 04:52:43","2020-05-04","2020-05-04","2021-05-04","1068","NameCheap, Inc.","whois.namecheap.com","http://www.namecheap.com","WhoisGuard, Inc.","WhoisGuard, Inc.","","","Panama","","Panama","","","","","","","","","","","","","","","","","","","","","","","","","","","","","","","","","","ns1.speedydns.net","ns2.speedydns.net","","","clientTransferProhibited","serverTransferProhibited","",""
"10","gaymsuro.info","2020-05-12 05:23:01","2020-05-04","2020-05-04","2021-05-04","1606","Limited Liability Company 'Registrar of domain names REG.RU'","whois.reg.ru","http://www.reg.ru","Privacy Protection","Privacy Protection","","","","","Russian Federation","","","","","","","","","","","","","","","","","","","","","","","","","","","","","","","","","","ns1.vscale.io","ns2.vscale.io","","","clientTransferProhibited","serverTransferProhibited","",""
"11","good-description-to-behold-today.info","2020-05-12 05:41:11","2020-05-04","2020-05-04","2021-05-04","146","GoDaddy.com, LLC","whois.godaddy.com","http://registrar.godaddy.com","Swanhurst Holdings, LLC.","Swanhurst Holdings, LLC.","","","Delaware","","United States","","","","","","","","","","","","","","","","","","","","","","","","","","","","","","","","","","pdns01.domaincontrol.com","pdns02.domaincontrol.com","","","clientDeleteProhibited","clientRenewProhibited","clientTransferProhibited","clientUpdateProhibited"
"12","good-descriptiontobeholdtoday.info","2020-05-12 05:41:11","2020-05-04","2020-05-04","2021-05-04","146","GoDaddy.com, LLC","whois.godaddy.com","http://registrar.godaddy.com","Swanhurst Holdings, LLC.","Swanhurst Holdings, LLC.","","","Delaware","","United States","","","","","","","","","","","","","","","","","","","","","","","","","","","","","","","","","","pdns01.domaincontrol.com","pdns02.domaincontrol.com","","","clientDeleteProhibited","clientRenewProhibited","clientTransferProhibited","clientUpdateProhibited"
"13","grand-copytobeholdtoday.info","2020-05-12 05:42:30","2020-05-04","2020-05-04","2021-05-04","146","GoDaddy.com, LLC","whois.godaddy.com","http://registrar.godaddy.com","Swanhurst Holdings, LLC.","Swanhurst Holdings, LLC.","","","Delaware","","United States","","","","","","","","","","","","","","","","","","","","","","","","","","","","","","","","","","pdns01.domaincontrol.com","pdns02.domaincontrol.com","","","clientDeleteProhibited","clientRenewProhibited","clientTransferProhibited","clientUpdateProhibited"
"14","greatdescriptionto-beholdtoday.info","2020-05-12 05:44:33","2020-05-04","2020-05-04","2021-05-04","146","GoDaddy.com, LLC","whois.godaddy.com","http://registrar.godaddy.com","Swanhurst Holdings, LLC.","Swanhurst Holdings, LLC.","","","Delaware","","United States","","","","","","","","","","","","","","","","","","","","","","","","","","","","","","","","","","pdns01.domaincontrol.com","pdns02.domaincontrol.com","","","clientDeleteProhibited","clientRenewProhibited","clientTransferProhibited","clientUpdateProhibited"
"15","gs88.info","2020-05-12 05:47:48","2020-05-04","2020-05-04","2021-05-04","420","HiChina Zhicheng Technology Limited","grs-whois.hichina.com","http://www.net.cn","????(??)????","????(??)????","","","??","","China","","","","","","","","","","","","","","","","","","","","","","","","","","","","","","","","","","dns7.hichina.com","dns8.hichina.com","","","serverTransferProhibited","","",""
"16","gsceho.info","2020-05-12 05:47:36","2020-05-04","2020-05-04","2021-05-04","1068","NameCheap, Inc.","whois.namecheap.com","http://www.namecheap.com","WhoisGuard, Inc.","WhoisGuard, Inc.","","","Panama","","Panama","","","","","","","","","","","","","","","","","","","","","","","","","","","","","","","","","","ns1.saadesemdns.com","ns2.saadesemdns.com","","","clientTransferProhibited","serverTransferProhibited","",""
"17","hotforex-ja.info","2020-05-12 06:12:47","2020-05-04","2020-05-04","2021-05-04","49","GMO Internet Inc.","whois.discount-domain.com","http://www.onamae.com","Whois Privacy Protection Service by onamae.com","Whois Privacy Protection Service by onamae.com","","","Tokyo","","Japan","","","","","","","","","","","","","","","","","","","","","","","","","","","","","","","","","","ns1.xserver.jp","ns2.xserver.jp","ns3.xserver.jp","ns4.xserver.jp","serverTransferProhibited","","",""
"18","hotforex-jp.info","2020-05-12 06:12:50","2020-05-04","2020-05-04","2021-05-04","49","GMO Internet Inc.","whois.discount-domain.com","http://www.onamae.com","Whois Privacy Protection Service by onamae.com","Whois Privacy Protection Service by onamae.com","","","Tokyo","","Japan","","","","","","","","","","","","","","","","","","","","","","","","","","","","","","","","","","ns1.xserver.jp","ns2.xserver.jp","ns3.xserver.jp","ns4.xserver.jp","serverTransferProhibited","","",""
"19","hotfvsn.info","2020-05-12 06:12:49","2020-05-04","2020-05-04","2021-05-04","1068","NameCheap, Inc.","whois.namecheap.com","http://www.namecheap.com","WhoisGuard, Inc.","WhoisGuard, Inc.","","","Panama","","Panama","","","","","","","","","","","","","","","","","","","","","","","","","","","","","","","","","","ns1.tccduiewdns.com","ns2.tccduiewdns.com","","","clientTransferProhibited","serverTransferProhibited","",""
"20","hprfcvq.info","2020-05-12 06:18:10","2020-05-04","2020-05-04","2021-05-04","1068","NameCheap, Inc.","whois.namecheap.com","http://www.namecheap.com","WhoisGuard, Inc.","WhoisGuard, Inc.","","","Panama","","Panama","","","","","","","","","","","","","","","","","","","","","","","","","","","","","","","","","","dns1.registrar-servers.com","dns2.registrar-servers.com","","","clientTransferProhibited","serverTransferProhibited","",""
"21","hpyujqa.info","2020-05-12 06:17:33","2020-05-04","2020-05-04","2021-05-04","1068","NameCheap, Inc.","whois.namecheap.com","http://www.namecheap.com","WhoisGuard, Inc.","WhoisGuard, Inc.","","","Panama","","Panama","","","","","","","","","","","","","","","","","","","","","","","","","","","","","","","","","","dns1.registrar-servers.com","dns2.registrar-servers.com","","","clientTransferProhibited","serverTransferProhibited","",""
"22","insurescureinc.com","2020-05-06 21:00:41","2020-05-04","","2021-05-04","1068","NameCheap, Inc.","whois.namecheap.com","http://www.namecheap.com","WhoisGuard Protected","WhoisGuard, Inc.","P.O. Box 0823-03411","Panama","Panama","","Panama","10f4cb5f12d5424bb1368a17d890b567.protect@whoisguard.com","+507.8365503","+51.17057182","WhoisGuard Protected","WhoisGuard, Inc.","P.O. Box 0823-03411","Panama","Panama","","Panama","10f4cb5f12d5424bb1368a17d890b567.protect@whoisguard.com","+507.8365503","+51.17057182","WhoisGuard Protected","WhoisGuard, Inc.","P.O. Box 0823-03411","Panama","Panama","","Panama","10f4cb5f12d5424bb1368a17d890b567.protect@whoisguard.com","+507.8365503","+51.17057182","","","","","","","","","","","dns1.registrar-servers.com","dns2.registrar-servers.com","","","addPeriod","clientTransferProhibited","",""
"23","invaluabledescriptiontobehold-today.info","2020-05-12 06:36:48","2020-05-04","2020-05-04","2021-05-04","146","GoDaddy.com, LLC","whois.godaddy.com","http://registrar.godaddy.com","Swanhurst Holdings, LLC.","Swanhurst Holdings, LLC.","","","Delaware","","United States","","","","","","","","","","","","","","","","","","","","","","","","","","","","","","","","","","pdns01.domaincontrol.com","pdns02.domaincontrol.com","","","clientDeleteProhibited","clientRenewProhibited","clientTransferProhibited","clientUpdateProhibited"
"24","ironheart.info","2020-05-12 06:39:24","2020-05-04","2020-05-04","2021-05-04","146","GoDaddy.com, LLC","whois.godaddy.com","http://registrar.godaddy.com","","","","","Illinois","","United States","","","","","","","","","","","","","","","","","","","","","","","","","","","","","","","","","","ns63.domaincontrol.com","ns64.domaincontrol.com","","","clientDeleteProhibited","clientRenewProhibited","clientTransferProhibited","clientUpdateProhibited"
"25","jacquelinekahlert.info","2020-05-12 06:44:30","2020-05-04","2020-05-04","2021-05-04","83","1&1 Internet AG","whois.schlund.info","http://1and1.com","1&1 Internet Limited","1&1 Internet Limited","","","GLS","","United Kingdom","","","","","","","","","","","","","","","","","","","","","","","","","","","","","","","","","","ns1041.ui-dns.com","ns1063.ui-dns.biz","ns1083.ui-dns.org","ns1084.ui-dns.de","clientTransferProhibited","serverTransferProhibited","",""
"26","larrykk.info","2020-05-12 20:59:21","2020-05-04","2020-05-09","2021-05-04","1366","Xiamen ChinaSource Internet Service Co., Ltd.","whois.cnolnic.com","http://www.zzy.cn","???","???","","","??","","China","","","","","","","","","","","","","","","","","","","","","","","","","","","","","","","","","","ns1.cnolnic.net","ns2.cnolnic.net","","","clientTransferProhibited","serverTransferProhibited","",""
"27","mifgashim.info","2020-05-12 08:16:15","2020-05-04","2020-05-07","2022-05-04","303","PDR Ltd. d/b/a PublicDomainRegistry.com","whois.publicdomainregistry.com","http://www.publicdomainregistry.com","Amira Paz","Amira Paz","","","","","Israel","","","","","","","","","","","","","","","","","","","","","","","","","","","","","","","","","","jack.ns.cloudflare.com","joan.ns.cloudflare.com","","","clientTransferProhibited","serverTransferProhibited","",""
"28","mmky310.info","2020-05-12 08:20:42","2020-05-04","2020-05-04","2021-05-04","1485","Japan Registry Services Co., Ltd.","whois.jprs.jp","http://jprs.jp/registrar","","","","","Osaka","","Japan","","","","","","","","","","","","","","","","","","","","","","","","","","","","","","","","","","ns1.dns.ne.jp","ns2.dns.ne.jp","","","serverTransferProhibited","","",""
"29","quicktech.info","2020-05-12 10:04:38","2020-05-04","2020-05-04","2021-05-04","617","Epik Inc.","whois.epik.com","http://epik.com","Anonymize, Inc.","Anonymize, Inc.","","","WA","","United States","","","","","","","","","","","","","","","","","","","","","","","","","","","","","","","","","","ns3.epik.com","ns4.epik.com","","","clientTransferProhibited","serverTransferProhibited","",""
"30","renbojiaoyu.net","2020-05-12 21:50:23","2020-05-04","2020-05-04","2021-05-04","1915","West263 International Limited","whois.hkdns.hk","http://www.hkdns.hk","REDACTED FOR PRIVACY","REDACTED FOR PRIVACY","REDACTED FOR PRIVACY","Chengdu","Sichuan","REDACTED FOR PRIVACY","China","","REDACTED FOR PRIVACY","REDACTED FOR PRIVACY","REDACTED FOR PRIVACY","REDACTED FOR PRIVACY","REDACTED FOR PRIVACY","Chengdu","Sichuan","REDACTED FOR PRIVACY","China","","REDACTED FOR PRIVACY","REDACTED FOR PRIVACY","REDACTED FOR PRIVACY","REDACTED FOR PRIVACY","REDACTED FOR PRIVACY","Chengdu","Sichuan","REDACTED FOR PRIVACY","China","","REDACTED FOR PRIVACY","REDACTED FOR PRIVACY","","","","","","","","","","","ns5.myhostadmin.net","ns6.myhostadmin.net","","","OK","","",""
"31","skynio.com","2020-05-12 15:52:49","2020-05-04","2020-05-04","2021-05-04","146","GoDaddy.com, LLC","whois.godaddy.com","http://registrar.godaddy.com","","","","","London","","United Kingdom","","","","","","","","","","","","","","","","","","","","","","","","","","","","","","","","","","ns51.domaincontrol.com","ns52.domaincontrol.com","","","clientDeleteProhibited","clientRenewProhibited","clientTransferProhibited","clientUpdateProhibited"
"32","systemqainfuse-ds.com","2020-05-06 21:17:50","2020-05-04","2020-05-04","2021-05-04","468","Amazon Registrar, Inc.","whois.nic.ir","http://www.ait.com","On behalf of systemqainfuse-ds.com owner","Whois Privacy Service","P.O. Box 81226","Seattle","WA","98108-1226","United States","owner-149423@systemqainfuse-ds.com.whoisprivacyservice.org","+1.2065771368","","On behalf of systemqainfuse-ds.com administrative contact","Whois Privacy Service","P.O. Box 81226","Seattle","WA","98108-1226","United States","admin-149423@systemqainfuse-ds.com.whoisprivacyservice.org","+1.2065771368","","On behalf of systemqainfuse-ds.com technical contact","Whois Privacy Service","P.O. Box 81226","Seattle","WA","98108-1226","United States","tech-149423@systemqainfuse-ds.com.whoisprivacyservice.org","+1.2065771368","","","","","","","","","","","","ns-1294.awsdns-33.org","ns-1541.awsdns-00.co.uk","ns-712.awsdns-25.net","ns-90.awsdns-11.com","addPeriod","ok","",""
"33","viral.tools","2020-05-12 22:32:23","2020-05-04","2020-05-09","2021-05-04","1861","Porkbun, LLC","whois.porkbun.com","http://porkbun.com","REDACTED FOR PRIVACY","Private by Design, LLC","REDACTED FOR PRIVACY","REDACTED FOR PRIVACY","NC","REDACTED FOR PRIVACY","United States","","REDACTED FOR PRIVACY","REDACTED FOR PRIVACY","","","","","","","","","","","","","","","","","","","","","","","","","","","","","","","","","","","clientDeleteProhibited","clientTransferProhibited","",""