"num","domain_name","query_time","create_date","update_date","expiry_date","domain_registrar_id","domain_registrar_name","domain_registrar_whois","domain_registrar_url","registrant_name","registrant_company","registrant_address","registrant_city","registrant_state","registrant_zip","registrant_country","registrant_email","registrant_phone","registrant_fax","administrative_name","administrative_company","administrative_address","administrative_city","administrative_state","administrative_zip","administrative_country","administrative_email","administrative_phone","administrative_fax","technical_name","technical_company","technical_address","technical_city","technical_state","technical_zip","technical_country","technical_email","technical_phone","technical_fax","billing_name","billing_company","billing_address","billing_city","billing_state","billing_zip","billing_country","billing_email","billing_phone","billing_fax","name_server_1","name_server_2","name_server_3","name_server_4","domain_status_1","domain_status_2","domain_status_3","domain_status_4"
"1","ferdinands.restaurant","2020-05-10 00:57:41","2020-05-07","2020-05-07","2021-05-07","151","PSI-USA, Inc. dba Domain Robot","whois.psi-usa.info","http://www.psi-usa.info","REDACTED FOR PRIVACY","HirschenBetriebsGmbH","REDACTED FOR PRIVACY","REDACTED FOR PRIVACY","AT","REDACTED FOR PRIVACY","Austria","","REDACTED FOR PRIVACY","REDACTED FOR PRIVACY","","","","","","","","","","","","","","","","","","","","","","","","","","","","","","","","","","","addPeriod","clientTransferProhibited","",""
"2","hirschen.restaurant","2020-05-10 00:57:36","2020-05-07","2020-05-07","2021-05-07","151","PSI-USA, Inc. dba Domain Robot","whois.psi-usa.info","http://www.psi-usa.info","REDACTED FOR PRIVACY","HirschenBetriebsGmbH","REDACTED FOR PRIVACY","REDACTED FOR PRIVACY","AT","REDACTED FOR PRIVACY","Austria","","REDACTED FOR PRIVACY","REDACTED FOR PRIVACY","","","","","","","","","","","","","","","","","","","","","","","","","","","","","","","","","","","addPeriod","clientTransferProhibited","",""
"3","producertools.net","2020-05-09 23:55:52","2020-05-08","2020-05-08","2021-05-08","625","Name.com, Inc.","whois.name.com","http://www.name.com","Non-Public Data","producertool.net","Non-Public Data","Non-Public Data","","00000","Austria","","+00.0000000","","Non-Public Data","Non-Public Data","Non-Public Data","Non-Public Data","Non-Public Data","00000","","","+00.0000000","","Non-Public Data","Non-Public Data","Non-Public Data","Non-Public Data","Non-Public Data","00000","","","+00.0000000","","","","","","","","","","","","ns11.jimdo.com","ns12.jimdo.com","","","addPeriod","clientTransferProhibited","",""
"4","repshop.biz","2020-05-09 08:20:19","2020-05-04","2020-05-04","2021-05-04","151","PSI-USA, Inc. dba Domain Robot","whois.psi-usa.info","http://www.psi-usa.info","","","","","AT","","Austria","","","","","","","","","","","","","","","","","","","","","","","","","","","","","","","","","","ns1.world4you.at","ns2.world4you.at","","","addPeriod","clientTransferProhibited","",""
"5","skinnyjeans.pictures","2020-05-10 00:01:01","2020-05-07","2020-05-07","2021-05-07","1345","Key-Systems, LLC","whois.nic.uk","http://www.key-systems.net/","REDACTED FOR PRIVACY","Pengu Media OG","REDACTED FOR PRIVACY","REDACTED FOR PRIVACY","","REDACTED FOR PRIVACY","Austria","","REDACTED FOR PRIVACY","REDACTED FOR PRIVACY","","","","","","","","","","","","","","","","","","","","","","","","","","","","","","","","","","","addPeriod","","",""
"6","thefinishingshoppe.com","2020-05-03 19:07:38","2020-05-02","2020-05-02","2021-05-02","146","GoDaddy.com, LLC","whois.godaddy.com","http://registrar.godaddy.com","","","","","Upper Austria","","Austria","","","","","","","","","","","","","","","","","","","","","","","","","","","","","","","","","","ns43.domaincontrol.com","ns44.domaincontrol.com","","","clientDeleteProhibited","clientRenewProhibited","clientTransferProhibited","clientUpdateProhibited"
"7","u2b.club","2020-05-09 20:34:29","2020-05-07","2020-05-07","2021-05-07","809","Ledl.net GmbH","whois.ledl.net","http://www.domaintechnik.at","","","","","","","Austria","","","","","","","","","","","","","","","","","","","","","","","","","","","","","","","","","","ns1.domaintechnik.at","ns2.domaintechnik.at","ns3.domaintechnik.at","ns4.domaintechnik.at","addPeriod","clientDeleteProhibited","clientTransferProhibited",""