"num","domain_name","query_time","create_date","update_date","expiry_date","domain_registrar_id","domain_registrar_name","domain_registrar_whois","domain_registrar_url","registrant_name","registrant_company","registrant_address","registrant_city","registrant_state","registrant_zip","registrant_country","registrant_email","registrant_phone","registrant_fax","administrative_name","administrative_company","administrative_address","administrative_city","administrative_state","administrative_zip","administrative_country","administrative_email","administrative_phone","administrative_fax","technical_name","technical_company","technical_address","technical_city","technical_state","technical_zip","technical_country","technical_email","technical_phone","technical_fax","billing_name","billing_company","billing_address","billing_city","billing_state","billing_zip","billing_country","billing_email","billing_phone","billing_fax","name_server_1","name_server_2","name_server_3","name_server_4","domain_status_1","domain_status_2","domain_status_3","domain_status_4"
"1","discover.dating","2020-05-09 21:00:03","2020-05-08","2020-05-08","2021-05-08","433","OVH sas","whois.ovh.com","http://www.ovh.com","REDACTED FOR PRIVACY","Cudrig s.p.r.l.","REDACTED FOR PRIVACY","REDACTED FOR PRIVACY","","REDACTED FOR PRIVACY","Belgium","","REDACTED FOR PRIVACY","REDACTED FOR PRIVACY","","","","","","","","","","","","","","","","","","","","","","","","","","","","","","","","","","","addPeriod","clientDeleteProhibited","clientTransferProhibited",""
"2","familyeye.club","2020-05-09 20:36:47","2020-05-07","2020-05-07","2021-05-07","1345","Key-Systems, LLC","whois.nic.uk","http://www.key-systems.net/","","","","","","","Belgium","","","","","","","","","","","","","","","","","","","","","","","","","","","","","","","","","","ns1.register.be","ns2.register.be","ns3.register.be","","addPeriod","clientTransferProhibited","",""
"3","familyeye.solutions","2020-05-10 01:06:46","2020-05-07","2020-05-07","2021-05-07","1345","Key-Systems, LLC","whois.nic.uk","http://www.key-systems.net/","REDACTED FOR PRIVACY","","REDACTED FOR PRIVACY","REDACTED FOR PRIVACY","","REDACTED FOR PRIVACY","Belgium","","REDACTED FOR PRIVACY","REDACTED FOR PRIVACY","","","","","","","","","","","","","","","","","","","","","","","","","","","","","","","","","","","addPeriod","clientTransferProhibited","",""
"4","jobsquad.estate","2020-05-09 22:10:53","2020-05-07","2020-05-07","2021-05-07","1345","Key-Systems, LLC","whois.nic.uk","http://www.key-systems.net/","REDACTED FOR PRIVACY","The Squad","REDACTED FOR PRIVACY","REDACTED FOR PRIVACY","","REDACTED FOR PRIVACY","Belgium","","REDACTED FOR PRIVACY","REDACTED FOR PRIVACY","","","","","","","","","","","","","","","","","","","","","","","","","","","","","","","","","","","addPeriod","","",""
"5","morpheos.group","2020-05-10 01:05:10","2020-05-07","2020-05-07","2021-05-07","433","OVH sas","whois.ovh.com","http://www.ovh.com","REDACTED FOR PRIVACY","Skydoo","REDACTED FOR PRIVACY","REDACTED FOR PRIVACY","","REDACTED FOR PRIVACY","Belgium","","REDACTED FOR PRIVACY","REDACTED FOR PRIVACY","","","","","","","","","","","","","","","","","","","","","","","","","","","","","","","","","","","addPeriod","clientDeleteProhibited","clientTransferProhibited",""
"6","tao.energy","2020-05-09 22:11:19","2020-05-07","2020-05-07","2021-05-07","1345","Key-Systems, LLC","whois.nic.uk","http://www.key-systems.net/","REDACTED FOR PRIVACY","","REDACTED FOR PRIVACY","REDACTED FOR PRIVACY","","REDACTED FOR PRIVACY","Belgium","","REDACTED FOR PRIVACY","REDACTED FOR PRIVACY","","","","","","","","","","","","","","","","","","","","","","","","","","","","","","","","","","","addPeriod","","",""
"7","triview.biz","2020-05-09 05:30:37","2020-05-06","2020-05-06","2021-05-06","106","Ascio Technologies, Inc. Danmark - Filial af Ascio technologies, Inc. USA","whois.ascio.com","http://www.ascio.com","Stevens Consultant","Stevens Consultant","","","","","Belgium","","","","","","","","","","","","","","","","","","","","","","","","","","","","","","","","","","ns3.combell.net","ns4.combell.net","","","addPeriod","clientTransferProhibited","",""