"num","domain_name","query_time","create_date","update_date","expiry_date","domain_registrar_id","domain_registrar_name","domain_registrar_whois","domain_registrar_url","registrant_name","registrant_company","registrant_address","registrant_city","registrant_state","registrant_zip","registrant_country","registrant_email","registrant_phone","registrant_fax","administrative_name","administrative_company","administrative_address","administrative_city","administrative_state","administrative_zip","administrative_country","administrative_email","administrative_phone","administrative_fax","technical_name","technical_company","technical_address","technical_city","technical_state","technical_zip","technical_country","technical_email","technical_phone","technical_fax","billing_name","billing_company","billing_address","billing_city","billing_state","billing_zip","billing_country","billing_email","billing_phone","billing_fax","name_server_1","name_server_2","name_server_3","name_server_4","domain_status_1","domain_status_2","domain_status_3","domain_status_4"
"1","acessaitaubr.com","2020-05-07 19:08:11","2020-05-06","2020-05-06","2021-05-06","146","GoDaddy.com, LLC","whois.godaddy.com","http://registrar.godaddy.com","sites","sites","","","Sao Paulo","","Brazil","","","","","","","","","","","","","","","","","","","","","","","","","","","","","","","","","","ns71.domaincontrol.com","ns72.domaincontrol.com","","","clientDeleteProhibited","clientRenewProhibited","clientTransferProhibited","clientUpdateProhibited"
"2","ehub.club","2020-05-09 20:36:56","2020-05-07","2020-05-07","2021-05-07","146","GoDaddy.com, LLC","whois.godaddy.com","http://registrar.godaddy.com","Esconderijo das Criancas","Esconderijo das Criancas","","","Sao Paulo","","Brazil","","","","","","","","","","","","","","","","","","","","","","","","","","","","","","","","","","ns33.domaincontrol.com","ns34.domaincontrol.com","","","addPeriod","clientDeleteProhibited","clientRenewProhibited","clientTransferProhibited"
"3","hub360.club","2020-05-09 20:36:17","2020-05-07","2020-05-07","2021-05-07","146","GoDaddy.com, LLC","whois.godaddy.com","http://registrar.godaddy.com","Esconderijo das Criancas","Esconderijo das Criancas","","","Sao Paulo","","Brazil","","","","","","","","","","","","","","","","","","","","","","","","","","","","","","","","","","ns65.domaincontrol.com","ns66.domaincontrol.com","","","addPeriod","clientDeleteProhibited","clientRenewProhibited","clientTransferProhibited"
"4","hub360.solutions","2020-05-10 01:06:45","2020-05-07","2020-05-07","2021-05-07","146","GoDaddy.com, LLC","whois.godaddy.com","http://registrar.godaddy.com","REDACTED FOR PRIVACY","Esconderijo das Criancas","REDACTED FOR PRIVACY","REDACTED FOR PRIVACY","Sao Paulo","REDACTED FOR PRIVACY","Brazil","","REDACTED FOR PRIVACY","REDACTED FOR PRIVACY","","","","","","","","","","","","","","","","","","","","","","","","","","","","","","","","","","","addPeriod","clientDeleteProhibited","clientRenewProhibited","clientTransferProhibited"
"5","italohouse.club","2020-05-09 20:36:07","2020-05-07","2020-05-07","2021-05-07","146","GoDaddy.com, LLC","whois.godaddy.com","http://registrar.godaddy.com","PONTO BIZ","PONTO BIZ","","","Sao Paulo","","Brazil","","","","","","","","","","","","","","","","","","","","","","","","","","","","","","","","","","ns33.domaincontrol.com","ns34.domaincontrol.com","","","addPeriod","clientDeleteProhibited","clientRenewProhibited","clientTransferProhibited"
"6","italorodrigues.net","2020-05-09 23:59:22","2020-05-07","2020-05-07","2021-05-07","303","PDR Ltd. d/b/a PublicDomainRegistry.com","whois.publicdomainregistry.com","http://www.publicdomainregistry.com","Italo Rodriges","","Rua Dos Navegantes Boa Viagem","Recife","","51020010","Brazil","info@redehost.com.br","+55.8199936051","","Italo Rodriges","","Rua Dos Navegantes Boa Viagem","Recife","","51020010","Brazil","info@redehost.com.br","+55.8199936051","","Italo Rodriges","","Rua Dos Navegantes Boa Viagem","Recife","","51020010","Brazil","info@redehost.com.br","+55.8199936051","","","","","","","","","","","","ns1.redehost.com.br","ns2.redehost.com.br","","","clientTransferProhibited","","",""
"7","itokenitaucard.net","2020-05-09 23:59:21","2020-05-07","2020-05-07","2021-05-07","69","Tucows Domains Inc.","whois.tucows.com","http://domainhelp.opensrs.net","REDACTED FOR PRIVACY","REDACTED FOR PRIVACY","REDACTED FOR PRIVACY","REDACTED FOR PRIVACY","SP","REDACTED FOR PRIVACY","Brazil","","REDACTED FOR PRIVACY","REDACTED FOR PRIVACY","REDACTED FOR PRIVACY","REDACTED FOR PRIVACY","REDACTED FOR PRIVACY","REDACTED FOR PRIVACY","REDACTED FOR PRIVACY","REDACTED FOR PRIVACY","REDACTED FOR PRIVACY","","REDACTED FOR PRIVACY","REDACTED FOR PRIVACY","REDACTED FOR PRIVACY","REDACTED FOR PRIVACY","REDACTED FOR PRIVACY","REDACTED FOR PRIVACY","REDACTED FOR PRIVACY","REDACTED FOR PRIVACY","REDACTED FOR PRIVACY","","REDACTED FOR PRIVACY","REDACTED FOR PRIVACY","","","","","","","","","","","ns1.dns-parking.com","ns2.dns-parking.com","","","","","",""
"8","joint-connection.net","2020-05-09 23:59:00","2020-05-08","2020-05-08","2021-05-08","48","eNom, Inc.","whois.enom.com","http://www.enom.com","REDACTED FOR PRIVACY","REDACTED FOR PRIVACY","REDACTED FOR PRIVACY","REDACTED FOR PRIVACY","GO","REDACTED FOR PRIVACY","Brazil","","REDACTED FOR PRIVACY","REDACTED FOR PRIVACY","REDACTED FOR PRIVACY","REDACTED FOR PRIVACY","REDACTED FOR PRIVACY","REDACTED FOR PRIVACY","REDACTED FOR PRIVACY","REDACTED FOR PRIVACY","REDACTED FOR PRIVACY","","REDACTED FOR PRIVACY","REDACTED FOR PRIVACY","REDACTED FOR PRIVACY","REDACTED FOR PRIVACY","REDACTED FOR PRIVACY","REDACTED FOR PRIVACY","REDACTED FOR PRIVACY","REDACTED FOR PRIVACY","REDACTED FOR PRIVACY","","REDACTED FOR PRIVACY","REDACTED FOR PRIVACY","","","","","","","","","","","ns1.locaweb.com.br","ns2.locaweb.com.br","ns3.locaweb.com.br","","addPeriod","clientTransferProhibited","",""
"9","jpkpublicidade.net","2020-05-09 23:58:56","2020-05-07","2020-05-07","2021-05-07","69","Tucows Domains Inc.","whois.tucows.com","http://domainhelp.opensrs.net","REDACTED FOR PRIVACY","REDACTED FOR PRIVACY","REDACTED FOR PRIVACY","REDACTED FOR PRIVACY","RO","REDACTED FOR PRIVACY","Brazil","","REDACTED FOR PRIVACY","REDACTED FOR PRIVACY","REDACTED FOR PRIVACY","REDACTED FOR PRIVACY","REDACTED FOR PRIVACY","REDACTED FOR PRIVACY","REDACTED FOR PRIVACY","REDACTED FOR PRIVACY","REDACTED FOR PRIVACY","","REDACTED FOR PRIVACY","REDACTED FOR PRIVACY","REDACTED FOR PRIVACY","REDACTED FOR PRIVACY","REDACTED FOR PRIVACY","REDACTED FOR PRIVACY","REDACTED FOR PRIVACY","REDACTED FOR PRIVACY","REDACTED FOR PRIVACY","","REDACTED FOR PRIVACY","REDACTED FOR PRIVACY","","","","","","","","","","","ns1.dominios.uol.com.br","ns2.dominios.uol.com.br","ns3.dominios.uol.com.br","","","","",""
"10","jspro.club","2020-05-09 20:36:03","2020-05-07","2020-05-07","2021-05-07","146","GoDaddy.com, LLC","whois.godaddy.com","http://registrar.godaddy.com","","","","","Rio Grande do Sul","","Brazil","","","","","","","","","","","","","","","","","","","","","","","","","","","","","","","","","","ns33.domaincontrol.com","ns34.domaincontrol.com","","","addPeriod","clientDeleteProhibited","clientRenewProhibited","clientTransferProhibited"
"11","kollab.digital","2020-05-09 21:38:58","2020-05-08","2020-05-08","2021-05-08","146","GoDaddy.com, LLC","whois.godaddy.com","http://registrar.godaddy.com","REDACTED FOR PRIVACY","Kollab Digital","REDACTED FOR PRIVACY","REDACTED FOR PRIVACY","Rio Grande do Sul","REDACTED FOR PRIVACY","Brazil","","REDACTED FOR PRIVACY","REDACTED FOR PRIVACY","","","","","","","","","","","","","","","","","","","","","","","","","","","","","","","","","","","addPeriod","clientDeleteProhibited","clientRenewProhibited","clientTransferProhibited"
"12","laguerrilla.digital","2020-05-09 21:38:53","2020-05-08","2020-05-09","2021-05-08","146","GoDaddy.com, LLC","whois.godaddy.com","http://registrar.godaddy.com","REDACTED FOR PRIVACY","Launch","REDACTED FOR PRIVACY","REDACTED FOR PRIVACY","Santa Catarina","REDACTED FOR PRIVACY","Brazil","","REDACTED FOR PRIVACY","REDACTED FOR PRIVACY","","","","","","","","","","","","","","","","","","","","","","","","","","","","","","","","","","","addPeriod","clientDeleteProhibited","clientRenewProhibited","clientTransferProhibited"
"13","liveshoje.net","2020-05-09 23:57:44","2020-05-08","2020-05-08","2021-05-08","303","PDR Ltd. d/b/a PublicDomainRegistry.com","whois.publicdomainregistry.com","http://www.publicdomainregistry.com","Ytalo Gabriel Andrade dos Santos Eugenio","","Rua Aminadabe de Abreu, 122 Humberto Alves","Sao Miguel dos Campos","AL","57242-058","Brazil","ytalogabr@gmail.com","+55.82993246479","","Ytalo Gabriel Andrade dos Santos Eugenio","","Rua Aminadabe de Abreu, 122 Humberto Alves","Sao Miguel dos Campos","AL","57242-058","Brazil","ytalogabr@gmail.com","+55.82993246479","","Ytalo Gabriel Andrade dos Santos Eugenio","","Rua Aminadabe de Abreu, 122 Humberto Alves","Sao Miguel dos Campos","AL","57242-058","Brazil","ytalogabr@gmail.com","+55.82993246479","","","","","","","","","","","","coraline.ns.cloudflare.com","johnathan.ns.cloudflare.com","","","clientTransferProhibited","","",""
"14","lucaspagliuso.net","2020-05-09 23:57:34","2020-05-08","2020-05-08","2021-05-08","48","eNom, Inc.","whois.enom.com","http://www.enom.com","REDACTED FOR PRIVACY","REDACTED FOR PRIVACY","REDACTED FOR PRIVACY","REDACTED FOR PRIVACY","MG","REDACTED FOR PRIVACY","Brazil","","REDACTED FOR PRIVACY","REDACTED FOR PRIVACY","REDACTED FOR PRIVACY","REDACTED FOR PRIVACY","REDACTED FOR PRIVACY","REDACTED FOR PRIVACY","REDACTED FOR PRIVACY","REDACTED FOR PRIVACY","REDACTED FOR PRIVACY","","REDACTED FOR PRIVACY","REDACTED FOR PRIVACY","REDACTED FOR PRIVACY","REDACTED FOR PRIVACY","REDACTED FOR PRIVACY","REDACTED FOR PRIVACY","REDACTED FOR PRIVACY","REDACTED FOR PRIVACY","REDACTED FOR PRIVACY","","REDACTED FOR PRIVACY","REDACTED FOR PRIVACY","","","","","","","","","","","ns1.locaweb.com.br","ns2.locaweb.com.br","ns3.locaweb.com.br","","addPeriod","clientTransferProhibited","",""
"15","macaxpower.club","2020-05-09 20:35:47","2020-05-08","2020-05-08","2021-05-08","146","GoDaddy.com, LLC","whois.godaddy.com","http://registrar.godaddy.com","Detudoumpouco","Detudoumpouco","","","Bahia","","Brazil","","","","","","","","","","","","","","","","","","","","","","","","","","","","","","","","","","ns57.domaincontrol.com","ns58.domaincontrol.com","","","addPeriod","clientDeleteProhibited","clientRenewProhibited","clientTransferProhibited"
"16","maratona.digital","2020-05-09 21:41:45","2020-05-08","2020-05-08","2021-05-08","146","GoDaddy.com, LLC","whois.godaddy.com","http://registrar.godaddy.com","REDACTED FOR PRIVACY","INSIGHTS EDUCACAO E NEGOCIOS LTDA.","REDACTED FOR PRIVACY","REDACTED FOR PRIVACY","Ceara","REDACTED FOR PRIVACY","Brazil","","REDACTED FOR PRIVACY","REDACTED FOR PRIVACY","","","","","","","","","","","","","","","","","","","","","","","","","","","","","","","","","","","addPeriod","clientDeleteProhibited","clientRenewProhibited","clientTransferProhibited"
"17","merkato.digital","2020-05-09 21:40:47","2020-05-07","2020-05-09","2021-05-07","146","GoDaddy.com, LLC","whois.godaddy.com","http://registrar.godaddy.com","REDACTED FOR PRIVACY","","REDACTED FOR PRIVACY","REDACTED FOR PRIVACY","Ceara","REDACTED FOR PRIVACY","Brazil","","REDACTED FOR PRIVACY","REDACTED FOR PRIVACY","","","","","","","","","","","","","","","","","","","","","","","","","","","","","","","","","","","addPeriod","clientDeleteProhibited","clientRenewProhibited","clientTransferProhibited"
"18","meumodu.net","2020-05-09 23:57:08","2020-05-07","2020-05-07","2021-05-07","48","eNom, Inc.","whois.enom.com","http://www.enom.com","REDACTED FOR PRIVACY","REDACTED FOR PRIVACY","REDACTED FOR PRIVACY","REDACTED FOR PRIVACY","SP","REDACTED FOR PRIVACY","Brazil","","REDACTED FOR PRIVACY","REDACTED FOR PRIVACY","REDACTED FOR PRIVACY","REDACTED FOR PRIVACY","REDACTED FOR PRIVACY","REDACTED FOR PRIVACY","REDACTED FOR PRIVACY","REDACTED FOR PRIVACY","REDACTED FOR PRIVACY","","REDACTED FOR PRIVACY","REDACTED FOR PRIVACY","REDACTED FOR PRIVACY","REDACTED FOR PRIVACY","REDACTED FOR PRIVACY","REDACTED FOR PRIVACY","REDACTED FOR PRIVACY","REDACTED FOR PRIVACY","REDACTED FOR PRIVACY","","REDACTED FOR PRIVACY","REDACTED FOR PRIVACY","","","","","","","","","","","ns1.locaweb.com.br","ns2.locaweb.com.br","ns3.locaweb.com.br","","addPeriod","clientTransferProhibited","",""
"19","mf-advogados.net","2020-05-09 23:57:06","2020-05-08","2020-05-08","2021-05-08","146","GoDaddy.com, LLC","whois.godaddy.com","http://registrar.godaddy.com","Marchetti e Franzoi Advogados","Marchetti e Franzoi Advogados","","","Sao Paulo","","Brazil","","","","","","","","","","","","","","","","","","","","","","","","","","","","","","","","","","ns57.domaincontrol.com","ns58.domaincontrol.com","","","clientDeleteProhibited","clientRenewProhibited","clientTransferProhibited","clientUpdateProhibited"
"20","moveismodu.net","2020-05-09 23:56:57","2020-05-07","2020-05-07","2021-05-07","48","eNom, Inc.","whois.enom.com","http://www.enom.com","REDACTED FOR PRIVACY","REDACTED FOR PRIVACY","REDACTED FOR PRIVACY","REDACTED FOR PRIVACY","SP","REDACTED FOR PRIVACY","Brazil","","REDACTED FOR PRIVACY","REDACTED FOR PRIVACY","REDACTED FOR PRIVACY","REDACTED FOR PRIVACY","REDACTED FOR PRIVACY","REDACTED FOR PRIVACY","REDACTED FOR PRIVACY","REDACTED FOR PRIVACY","REDACTED FOR PRIVACY","","REDACTED FOR PRIVACY","REDACTED FOR PRIVACY","REDACTED FOR PRIVACY","REDACTED FOR PRIVACY","REDACTED FOR PRIVACY","REDACTED FOR PRIVACY","REDACTED FOR PRIVACY","REDACTED FOR PRIVACY","REDACTED FOR PRIVACY","","REDACTED FOR PRIVACY","REDACTED FOR PRIVACY","","","","","","","","","","","ns1.locaweb.com.br","ns2.locaweb.com.br","ns3.locaweb.com.br","","addPeriod","clientTransferProhibited","",""
"21","mufayer.net","2020-05-09 23:56:47","2020-05-07","2020-05-07","2021-05-07","303","PDR Ltd. d/b/a PublicDomainRegistry.com","whois.publicdomainregistry.com","http://www.publicdomainregistry.com","Gabriel Figueira","","Avenida Getulio Vargas, 1926 Centro","Nilopolis","RJ","26510-010","Brazil","gabriel_5503@hotmail.com","+55.2181561500","","Gabriel Figueira","","Avenida Getulio Vargas, 1926 Centro","Nilopolis","RJ","26510-010","Brazil","gabriel_5503@hotmail.com","+55.2181561500","","Gabriel Figueira","","Avenida Getulio Vargas, 1926 Centro","Nilopolis","RJ","26510-010","Brazil","gabriel_5503@hotmail.com","+55.2181561500","","","","","","","","","","","","ns1.hgidc.com.br","ns2.hgidc.com.br","","","clientTransferProhibited","","",""
"22","mycexpo.net","2020-05-09 23:56:44","2020-05-08","2020-05-08","2021-05-08","48","eNom, Inc.","whois.enom.com","http://www.enom.com","REDACTED FOR PRIVACY","REDACTED FOR PRIVACY","REDACTED FOR PRIVACY","REDACTED FOR PRIVACY","SP","REDACTED FOR PRIVACY","Brazil","","REDACTED FOR PRIVACY","REDACTED FOR PRIVACY","REDACTED FOR PRIVACY","REDACTED FOR PRIVACY","REDACTED FOR PRIVACY","REDACTED FOR PRIVACY","REDACTED FOR PRIVACY","REDACTED FOR PRIVACY","REDACTED FOR PRIVACY","","REDACTED FOR PRIVACY","REDACTED FOR PRIVACY","REDACTED FOR PRIVACY","REDACTED FOR PRIVACY","REDACTED FOR PRIVACY","REDACTED FOR PRIVACY","REDACTED FOR PRIVACY","REDACTED FOR PRIVACY","REDACTED FOR PRIVACY","","REDACTED FOR PRIVACY","REDACTED FOR PRIVACY","","","","","","","","","","","ns1.locaweb.com.br","ns2.locaweb.com.br","ns3.locaweb.com.br","","addPeriod","clientTransferProhibited","",""
"23","natue.net","2020-05-09 23:56:30","2020-05-07","2020-05-07","2030-05-07","1086","Marcaria.com International, Inc.","whois.melbourneit.com","http://www.melbourneit.com","Domain Manager","Natue","Rua Major Paladino, 128 - Galpao 14","Sao Paulo","Sao Paulo","05307-000","Brazil","it-accounts@natue.com.br","+55.1136469707","","Domain Manager","Natue","Rua Major Paladino, 128 - Galpao 14","Sao Paulo","Sao Paulo","05307-000","Brazil","it-accounts@natue.com.br","+55.1136469707","","Domain Manager","Marcaria.com LLC","8345 NW 66 ST #B1673","Miami","Florida","33195","United States","domains@marcaria.com","+1.3054348621","","","","","","","","","","","","ns01.trademarkarea.com","ns02.trademarkarea.com","ns03.trademarkarea.com","","clientTransferProhibited","","",""
"24","ninjatv.club","2020-05-09 20:35:30","2020-05-08","2020-05-08","2021-05-08","146","GoDaddy.com, LLC","whois.godaddy.com","http://registrar.godaddy.com","Barra Shopping","Barra Shopping","","","Rio de Janeiro","","Brazil","","","","","","","","","","","","","","","","","","","","","","","","","","","","","","","","","","gordon.ns.cloudflare.com","roxy.ns.cloudflare.com","","","addPeriod","clientDeleteProhibited","clientRenewProhibited","clientTransferProhibited"
"25","nomadtrip.net","2020-05-09 23:56:12","2020-05-07","2020-05-07","2022-05-07","146","GoDaddy.com, LLC","whois.godaddy.com","http://registrar.godaddy.com","Spa da Alma","Spa da Alma","","","Rio Grande do Norte","","Brazil","","","","","","","","","","","","","","","","","","","","","","","","","","","","","","","","","","ns51.domaincontrol.com","ns52.domaincontrol.com","","","clientDeleteProhibited","clientRenewProhibited","clientTransferProhibited","clientUpdateProhibited"
"26","paulorobertoduarte.net","2020-05-09 23:55:59","2020-05-07","2020-05-07","2021-05-07","303","PDR Ltd. d/b/a PublicDomainRegistry.com","whois.publicdomainregistry.com","http://www.publicdomainregistry.com","Paulo Roberto  Duarte Marcelino","Paulo Roberto  Duarte Marcelino","Rua Nazario, 31 casa 2 apto 301","Rio de Janeiro","RJ","20950030","Brazil","paulorobertoduarte@gmail.com","+55.21994026398","","Paulo Roberto  Duarte Marcelino","Paulo Roberto  Duarte Marcelino","Rua Nazario, 31 casa 2 apto 301","Rio de Janeiro","RJ","20950030","Brazil","paulorobertoduarte@gmail.com","+55.21994026398","","Paulo Roberto  Duarte Marcelino","Paulo Roberto  Duarte Marcelino","Rua Nazario, 31 casa 2 apto 301","Rio de Janeiro","RJ","20950030","Brazil","paulorobertoduarte@gmail.com","+55.21994026398","","","","","","","","","","","","ns1.dns-parking.com","ns2.dns-parking.com","","","clientTransferProhibited","","",""
"27","pingaemgel.net","2020-05-09 23:55:57","2020-05-08","2020-05-08","2021-05-08","48","eNom, Inc.","whois.enom.com","http://www.enom.com","REDACTED FOR PRIVACY","REDACTED FOR PRIVACY","REDACTED FOR PRIVACY","REDACTED FOR PRIVACY","SP","REDACTED FOR PRIVACY","Brazil","","REDACTED FOR PRIVACY","REDACTED FOR PRIVACY","REDACTED FOR PRIVACY","REDACTED FOR PRIVACY","REDACTED FOR PRIVACY","REDACTED FOR PRIVACY","REDACTED FOR PRIVACY","REDACTED FOR PRIVACY","REDACTED FOR PRIVACY","","REDACTED FOR PRIVACY","REDACTED FOR PRIVACY","REDACTED FOR PRIVACY","REDACTED FOR PRIVACY","REDACTED FOR PRIVACY","REDACTED FOR PRIVACY","REDACTED FOR PRIVACY","REDACTED FOR PRIVACY","REDACTED FOR PRIVACY","","REDACTED FOR PRIVACY","REDACTED FOR PRIVACY","","","","","","","","","","","ns1.locaweb.com.br","ns2.locaweb.com.br","ns3.locaweb.com.br","","addPeriod","clientTransferProhibited","",""
"28","plantaodevenda.net","2020-05-09 23:55:59","2020-05-08","2020-05-08","2021-05-08","48","eNom, Inc.","whois.enom.com","http://www.enom.com","REDACTED FOR PRIVACY","REDACTED FOR PRIVACY","REDACTED FOR PRIVACY","REDACTED FOR PRIVACY","SC","REDACTED FOR PRIVACY","Brazil","","REDACTED FOR PRIVACY","REDACTED FOR PRIVACY","REDACTED FOR PRIVACY","REDACTED FOR PRIVACY","REDACTED FOR PRIVACY","REDACTED FOR PRIVACY","REDACTED FOR PRIVACY","REDACTED FOR PRIVACY","REDACTED FOR PRIVACY","","REDACTED FOR PRIVACY","REDACTED FOR PRIVACY","REDACTED FOR PRIVACY","REDACTED FOR PRIVACY","REDACTED FOR PRIVACY","REDACTED FOR PRIVACY","REDACTED FOR PRIVACY","REDACTED FOR PRIVACY","REDACTED FOR PRIVACY","","REDACTED FOR PRIVACY","REDACTED FOR PRIVACY","","","","","","","","","","","ns1.locaweb.com.br","ns2.locaweb.com.br","ns3.locaweb.com.br","","addPeriod","clientTransferProhibited","",""
"29","plantaodevendas.net","2020-05-09 23:55:56","2020-05-08","2020-05-08","2021-05-08","48","eNom, Inc.","whois.enom.com","http://www.enom.com","REDACTED FOR PRIVACY","REDACTED FOR PRIVACY","REDACTED FOR PRIVACY","REDACTED FOR PRIVACY","SC","REDACTED FOR PRIVACY","Brazil","","REDACTED FOR PRIVACY","REDACTED FOR PRIVACY","REDACTED FOR PRIVACY","REDACTED FOR PRIVACY","REDACTED FOR PRIVACY","REDACTED FOR PRIVACY","REDACTED FOR PRIVACY","REDACTED FOR PRIVACY","REDACTED FOR PRIVACY","","REDACTED FOR PRIVACY","REDACTED FOR PRIVACY","REDACTED FOR PRIVACY","REDACTED FOR PRIVACY","REDACTED FOR PRIVACY","REDACTED FOR PRIVACY","REDACTED FOR PRIVACY","REDACTED FOR PRIVACY","REDACTED FOR PRIVACY","","REDACTED FOR PRIVACY","REDACTED FOR PRIVACY","","","","","","","","","","","ns1.locaweb.com.br","ns2.locaweb.com.br","ns3.locaweb.com.br","","addPeriod","clientTransferProhibited","",""
"30","popservice.club","2020-05-09 20:35:16","2020-05-07","2020-05-07","2021-05-07","146","GoDaddy.com, LLC","whois.godaddy.com","http://registrar.godaddy.com","","","","","Minas Gerais","","Brazil","","","","","","","","","","","","","","","","","","","","","","","","","","","","","","","","","","ns57.domaincontrol.com","ns58.domaincontrol.com","","","addPeriod","clientDeleteProhibited","clientRenewProhibited","clientTransferProhibited"
"31","portaldeempregos.net","2020-05-09 23:55:58","2020-05-08","2020-05-08","2021-05-08","69","Tucows Domains Inc.","whois.tucows.com","http://domainhelp.opensrs.net","REDACTED FOR PRIVACY","REDACTED FOR PRIVACY","REDACTED FOR PRIVACY","REDACTED FOR PRIVACY","SP","REDACTED FOR PRIVACY","Brazil","","REDACTED FOR PRIVACY","REDACTED FOR PRIVACY","REDACTED FOR PRIVACY","REDACTED FOR PRIVACY","REDACTED FOR PRIVACY","REDACTED FOR PRIVACY","REDACTED FOR PRIVACY","REDACTED FOR PRIVACY","REDACTED FOR PRIVACY","","REDACTED FOR PRIVACY","REDACTED FOR PRIVACY","REDACTED FOR PRIVACY","REDACTED FOR PRIVACY","REDACTED FOR PRIVACY","REDACTED FOR PRIVACY","REDACTED FOR PRIVACY","REDACTED FOR PRIVACY","REDACTED FOR PRIVACY","","REDACTED FOR PRIVACY","REDACTED FOR PRIVACY","","","","","","","","","","","ns1.dominios.uol.com.br","ns2.dominios.uol.com.br","ns3.dominios.uol.com.br","","","","",""
"32","portalsonhar.net","2020-05-09 23:55:52","2020-05-08","2020-05-08","2021-05-08","303","PDR Ltd. d/b/a PublicDomainRegistry.com","whois.publicdomainregistry.com","http://www.publicdomainregistry.com","Salvio Reis","","Avenida Hermes Fontes - de 1384 ao fim - lado par, Luzia","Aracaju","SE","49045-760","Brazil","salvioreis@gmail.com","+55.79991635160","","Salvio Reis","","Avenida Hermes Fontes - de 1384 ao fim - lado par, Luzia","Aracaju","SE","49045-760","Brazil","salvioreis@gmail.com","+55.79991635160","","Salvio Reis","","Avenida Hermes Fontes - de 1384 ao fim - lado par, Luzia","Aracaju","SE","49045-760","Brazil","salvioreis@gmail.com","+55.79991635160","","","","","","","","","","","","ns1.can-atena.com","ns2.can-atena.com","","","clientTransferProhibited","","",""
"33","postotropical.net","2020-05-09 23:55:51","2020-05-08","2020-05-08","2021-05-08","146","GoDaddy.com, LLC","whois.godaddy.com","http://registrar.godaddy.com","Posto Tropical","Posto Tropical","","","Sao Paulo","","Brazil","","","","","","","","","","","","","","","","","","","","","","","","","","","","","","","","","","ns51.domaincontrol.com","ns52.domaincontrol.com","","","OK","","",""
"34","powertv4k.club","2020-05-09 20:35:16","2020-05-07","2020-05-07","2021-05-07","146","GoDaddy.com, LLC","whois.godaddy.com","http://registrar.godaddy.com","CANALDOSITE","CANALDOSITE","","","Rio Grande do Sul","","Brazil","","","","","","","","","","","","","","","","","","","","","","","","","","","","","","","","","","ns1.gauchowebhost.club","ns2.gauchowebhost.club","","","addPeriod","clientDeleteProhibited","clientRenewProhibited","clientTransferProhibited"
"35","promobe.club","2020-05-09 20:35:12","2020-05-07","2020-05-07","2021-05-07","146","GoDaddy.com, LLC","whois.godaddy.com","http://registrar.godaddy.com","","","","","Minas Gerais","","Brazil","","","","","","","","","","","","","","","","","","","","","","","","","","","","","","","","","","ns37.domaincontrol.com","ns38.domaincontrol.com","","","addPeriod","clientDeleteProhibited","clientRenewProhibited","clientTransferProhibited"
"36","senaplus.club","2020-05-09 20:34:54","2020-05-07","2020-05-07","2021-05-07","146","GoDaddy.com, LLC","whois.godaddy.com","http://registrar.godaddy.com","CANALDOSITE","CANALDOSITE","","","Rio Grande do Sul","","Brazil","","","","","","","","","","","","","","","","","","","","","","","","","","","","","","","","","","ns1.gauchowebhost.club","ns2.gauchowebhost.club","","","addPeriod","clientDeleteProhibited","clientRenewProhibited","clientTransferProhibited"
"37","sppin.digital","2020-05-09 21:42:15","2020-05-07","2020-05-07","2021-05-07","146","GoDaddy.com, LLC","whois.godaddy.com","http://registrar.godaddy.com","REDACTED FOR PRIVACY","Sppin Music Brasil Ltda.","REDACTED FOR PRIVACY","REDACTED FOR PRIVACY","Parana","REDACTED FOR PRIVACY","Brazil","","REDACTED FOR PRIVACY","REDACTED FOR PRIVACY","","","","","","","","","","","","","","","","","","","","","","","","","","","","","","","","","","","addPeriod","","",""
"38","tubex1.club","2020-05-09 20:34:30","2020-05-07","2020-05-07","2021-05-07","146","GoDaddy.com, LLC","whois.godaddy.com","http://registrar.godaddy.com","","","","","Sao Paulo","","Brazil","","","","","","","","","","","","","","","","","","","","","","","","","","","","","","","","","","ns33.domaincontrol.com","ns34.domaincontrol.com","","","addPeriod","clientDeleteProhibited","clientRenewProhibited","clientTransferProhibited"
"39","tvpoker.club","2020-05-09 20:34:30","2020-05-07","2020-05-07","2021-05-07","146","GoDaddy.com, LLC","whois.godaddy.com","http://registrar.godaddy.com","bets99","bets99","","","Ceara","","Brazil","","","","","","","","","","","","","","","","","","","","","","","","","","","","","","","","","","ns75.domaincontrol.com","ns76.domaincontrol.com","","","addPeriod","clientDeleteProhibited","clientRenewProhibited","clientTransferProhibited"
"40","xilften.biz","2020-05-09 02:34:05","2020-05-05","2020-05-05","2021-05-05","146","GoDaddy.com, LLC","whois.godaddy.com","http://registrar.godaddy.com","","","","","Minas Gerais","","Brazil","","","","","","","","","","","","","","","","","","","","","","","","","","","","","","","","","","ns77.domaincontrol.com","ns78.domaincontrol.com","","","addPeriod","clientDeleteProhibited","clientRenewProhibited","clientTransferProhibited"
"41","zero19.solutions","2020-05-10 01:06:44","2020-05-07","2020-05-07","2021-05-07","1636","Hostinger, UAB","whois.hostinger.com","http://www.hostinger.com","REDACTED FOR PRIVACY","Zero19","REDACTED FOR PRIVACY","REDACTED FOR PRIVACY","SP","REDACTED FOR PRIVACY","Brazil","","REDACTED FOR PRIVACY","REDACTED FOR PRIVACY","","","","","","","","","","","","","","","","","","","","","","","","","","","","","","","","","","","addPeriod","clientTransferProhibited","",""