"num","domain_name","query_time","create_date","update_date","expiry_date","domain_registrar_id","domain_registrar_name","domain_registrar_whois","domain_registrar_url","registrant_name","registrant_company","registrant_address","registrant_city","registrant_state","registrant_zip","registrant_country","registrant_email","registrant_phone","registrant_fax","administrative_name","administrative_company","administrative_address","administrative_city","administrative_state","administrative_zip","administrative_country","administrative_email","administrative_phone","administrative_fax","technical_name","technical_company","technical_address","technical_city","technical_state","technical_zip","technical_country","technical_email","technical_phone","technical_fax","billing_name","billing_company","billing_address","billing_city","billing_state","billing_zip","billing_country","billing_email","billing_phone","billing_fax","name_server_1","name_server_2","name_server_3","name_server_4","domain_status_1","domain_status_2","domain_status_3","domain_status_4"
"1","esbc.club","2020-05-09 20:36:50","2020-05-07","2020-05-07","2021-05-07","303","PDR Ltd. d/b/a PublicDomainRegistry.com","whois.publicdomainregistry.com","http://www.publicdomainregistry.com","None","None","","","M","","Israel","","","","","","","","","","","","","","","","","","","","","","","","","","","","","","","","","","ns8537.hostgator.com","ns8538.hostgator.com","","","addPeriod","clientTransferProhibited","",""
"2","israel-shopping-online.net","2020-05-09 23:59:24","2020-05-08","2020-05-08","2021-05-08","146","GoDaddy.com, LLC","whois.godaddy.com","http://registrar.godaddy.com","montana cowboy","montana cowboy","","","ISRAEL","","Israel","","","","","","","","","","","","","","","","","","","","","","","","","","","","","","","","","","ns51.domaincontrol.com","ns52.domaincontrol.com","","","clientDeleteProhibited","clientRenewProhibited","clientTransferProhibited","clientUpdateProhibited"
"3","mask-it.net","2020-05-09 23:57:18","2020-05-08","2020-05-08","2021-05-08","146","GoDaddy.com, LLC","whois.godaddy.com","http://registrar.godaddy.com","Omri Harari","Omri Harari","","","IL","","Israel","","","","","","","","","","","","","","","","","","","","","","","","","","","","","","","","","","ns65.domaincontrol.com","ns66.domaincontrol.com","","","clientDeleteProhibited","clientRenewProhibited","clientTransferProhibited","clientUpdateProhibited"
"4","online-shopping-portugal.net","2020-05-09 23:56:03","2020-05-08","2020-05-08","2021-05-08","146","GoDaddy.com, LLC","whois.godaddy.com","http://registrar.godaddy.com","montana cowboy","montana cowboy","","","ISRAEL","","Israel","","","","","","","","","","","","","","","","","","","","","","","","","","","","","","","","","","ns03.domaincontrol.com","ns04.domaincontrol.com","","","clientDeleteProhibited","clientRenewProhibited","clientTransferProhibited","clientUpdateProhibited"
"5","portugal-shopping-online.net","2020-05-09 23:55:58","2020-05-08","2020-05-08","2021-05-08","146","GoDaddy.com, LLC","whois.godaddy.com","http://registrar.godaddy.com","montana cowboy","montana cowboy","","","ISRAEL","","Israel","","","","","","","","","","","","","","","","","","","","","","","","","","","","","","","","","","ns65.domaincontrol.com","ns66.domaincontrol.com","","","clientDeleteProhibited","clientRenewProhibited","clientTransferProhibited","clientUpdateProhibited"
"6","wnh.biz","2020-05-09 02:48:41","2020-05-07","2020-05-07","2021-05-07","625","Name.com, Inc.","whois.name.com","http://www.name.com","","","","","","","Israel","","","","","","","","","","","","","","","","","","","","","","","","","","","","","","","","","","ns1.sedoparking.com","ns2.sedoparking.com","","","addPeriod","clientTransferProhibited","",""