"num","domain_name","query_time","create_date","update_date","expiry_date","domain_registrar_id","domain_registrar_name","domain_registrar_whois","domain_registrar_url","registrant_name","registrant_company","registrant_address","registrant_city","registrant_state","registrant_zip","registrant_country","registrant_email","registrant_phone","registrant_fax","administrative_name","administrative_company","administrative_address","administrative_city","administrative_state","administrative_zip","administrative_country","administrative_email","administrative_phone","administrative_fax","technical_name","technical_company","technical_address","technical_city","technical_state","technical_zip","technical_country","technical_email","technical_phone","technical_fax","billing_name","billing_company","billing_address","billing_city","billing_state","billing_zip","billing_country","billing_email","billing_phone","billing_fax","name_server_1","name_server_2","name_server_3","name_server_4","domain_status_1","domain_status_2","domain_status_3","domain_status_4"
"1","gesalan.com","2020-05-09 20:11:52","2020-05-09","2020-05-09","2022-05-09","146","GoDaddy.com, LLC","whois.godaddy.com","http://registrar.godaddy.com","GESA LAN ENTERPRISE SAS DE CV","GESA LAN ENTERPRISE SAS DE CV","","","Tlaxcala","","Mexico","","","","","","","","","","","","","","","","","","","","","","","","","","","","","","","","","","ns59.domaincontrol.com","ns60.domaincontrol.com","","","clientDeleteProhibited","clientRenewProhibited","clientTransferProhibited","clientUpdateProhibited"
"2","lagunadebacalar.net","2020-05-09 23:58:10","2020-05-07","2020-05-07","2021-05-07","146","GoDaddy.com, LLC","whois.godaddy.com","http://registrar.godaddy.com","","","","","Quintana Roo","","Mexico","","","","","","","","","","","","","","","","","","","","","","","","","","","","","","","","","","ns03.domaincontrol.com","ns04.domaincontrol.com","","","clientDeleteProhibited","clientRenewProhibited","clientTransferProhibited","clientUpdateProhibited"
"3","louvier.net","2020-05-09 23:57:36","2020-05-07","2020-05-07","2021-05-07","1591","Promo People inc.","whois.nic.fr","http://www.ait.com","REDACTED FOR PRIVACY","REDACTED FOR PRIVACY","REDACTED FOR PRIVACY","REDACTED FOR PRIVACY","PU","REDACTED FOR PRIVACY","Mexico","","REDACTED FOR PRIVACY","REDACTED FOR PRIVACY","REDACTED FOR PRIVACY","REDACTED FOR PRIVACY","REDACTED FOR PRIVACY","REDACTED FOR PRIVACY","REDACTED FOR PRIVACY","REDACTED FOR PRIVACY","REDACTED FOR PRIVACY","","REDACTED FOR PRIVACY","REDACTED FOR PRIVACY","REDACTED FOR PRIVACY","REDACTED FOR PRIVACY","REDACTED FOR PRIVACY","REDACTED FOR PRIVACY","REDACTED FOR PRIVACY","REDACTED FOR PRIVACY","REDACTED FOR PRIVACY","","REDACTED FOR PRIVACY","REDACTED FOR PRIVACY","","","","","","","","","","","ns1.hostpapa.com","ns2.hostpapa.com","","","clientTransferProhibited","clientUpdateProhibited","",""
"4","makeajourney.coach","2020-05-09 20:34:12","2020-05-08","2020-05-08","2021-05-08","146","GoDaddy.com, LLC","whois.godaddy.com","http://registrar.godaddy.com","REDACTED FOR PRIVACY","tonyarvizu","REDACTED FOR PRIVACY","REDACTED FOR PRIVACY","Jalisco","REDACTED FOR PRIVACY","Mexico","","REDACTED FOR PRIVACY","REDACTED FOR PRIVACY","","","","","","","","","","","","","","","","","","","","","","","","","","","","","","","","","","","addPeriod","clientDeleteProhibited","clientRenewProhibited","clientTransferProhibited"
"5","masindustrial.net","2020-05-09 23:57:17","2020-05-07","2020-05-07","2021-05-07","146","GoDaddy.com, LLC","whois.godaddy.com","http://registrar.godaddy.com","Ivonne Nancy Perez Ramirez","Ivonne Nancy Perez Ramirez","","","Baja California","","Mexico","","","","","","","","","","","","","","","","","","","","","","","","","","","","","","","","","","ns03.domaincontrol.com","ns04.domaincontrol.com","","","clientDeleteProhibited","clientRenewProhibited","clientTransferProhibited","clientUpdateProhibited"
"6","miguelordonez.net","2020-05-09 23:57:04","2020-05-07","2020-05-07","2021-05-07","303","PDR Ltd. d/b/a PublicDomainRegistry.com","whois.publicdomainregistry.com","http://www.publicdomainregistry.com","MIGUEL ORDONEZ CARMONA","DHEE CONSULTORES SAS DE CV (DCO190801PQ3)","Arbol de Arce 125 Paseos de Chavarria,","Mineral de la Reforma","Hidalgo","42186","Mexico","carmona19@icloud.com","+52.7714034535","","MIGUEL ORDONEZ CARMONA","DHEE CONSULTORES SAS DE CV (DCO190801PQ3)","Arbol de Arce 125 Paseos de Chavarria,","Mineral de la Reforma","Hidalgo","42186","Mexico","carmona19@icloud.com","+52.7714034535","","MIGUEL ORDONEZ CARMONA","DHEE CONSULTORES SAS DE CV (DCO190801PQ3)","Arbol de Arce 125 Paseos de Chavarria,","Mineral de la Reforma","Hidalgo","42186","Mexico","carmona19@icloud.com","+52.7714034535","","","","","","","","","","","","ns22.prodns.mx","ns23.prodns.mx","","","clientTransferProhibited","","",""
"7","mkt.coach","2020-05-09 20:34:12","2020-05-08","2020-05-08","2021-05-08","146","GoDaddy.com, LLC","whois.godaddy.com","http://registrar.godaddy.com","REDACTED FOR PRIVACY","tonyarvizu","REDACTED FOR PRIVACY","REDACTED FOR PRIVACY","Jalisco","REDACTED FOR PRIVACY","Mexico","","REDACTED FOR PRIVACY","REDACTED FOR PRIVACY","","","","","","","","","","","","","","","","","","","","","","","","","","","","","","","","","","","addPeriod","clientDeleteProhibited","clientRenewProhibited","clientTransferProhibited"
"8","onboardif.net","2020-05-09 23:56:09","2020-05-08","2020-05-08","2021-05-08","146","GoDaddy.com, LLC","whois.godaddy.com","http://registrar.godaddy.com","Add","Add","","","Puebla","","Mexico","","","","","","","","","","","","","","","","","","","","","","","","","","","","","","","","","","ns65.domaincontrol.com","ns66.domaincontrol.com","","","clientDeleteProhibited","clientRenewProhibited","clientTransferProhibited","clientUpdateProhibited"
"9","peopleinred.net","2020-05-09 23:55:59","2020-05-07","2020-05-07","2023-05-07","146","GoDaddy.com, LLC","whois.godaddy.com","http://registrar.godaddy.com","People in Red","People in Red","","","Distrito Federal","","Mexico","","","","","","","","","","","","","","","","","","","","","","","","","","","","","","","","","","ns03.domaincontrol.com","ns04.domaincontrol.com","","","clientDeleteProhibited","clientRenewProhibited","clientTransferProhibited","clientUpdateProhibited"
"10","quemari.com","2020-05-09 19:44:17","2020-05-09","2020-05-09","2022-05-09","146","GoDaddy.com, LLC","whois.godaddy.com","http://registrar.godaddy.com","Quemari","Quemari","","","Guanajuato","","Mexico","","","","","","","","","","","","","","","","","","","","","","","","","","","","","","","","","","ns69.domaincontrol.com","ns70.domaincontrol.com","","","clientDeleteProhibited","clientRenewProhibited","clientTransferProhibited","clientUpdateProhibited"
"11","simisan.com","2020-05-09 23:13:40","2020-05-09","2020-05-09","2023-05-09","146","GoDaddy.com, LLC","whois.godaddy.com","http://registrar.godaddy.com","Campus Party MX","Campus Party MX","","","Puebla","","Mexico","","","","","","","","","","","","","","","","","","","","","","","","","","","","","","","","","","ns55.domaincontrol.com","ns56.domaincontrol.com","","","clientDeleteProhibited","clientRenewProhibited","clientTransferProhibited","clientUpdateProhibited"