"num","domain_name","query_time","create_date","update_date","expiry_date","domain_registrar_id","domain_registrar_name","domain_registrar_whois","domain_registrar_url","registrant_name","registrant_company","registrant_address","registrant_city","registrant_state","registrant_zip","registrant_country","registrant_email","registrant_phone","registrant_fax","administrative_name","administrative_company","administrative_address","administrative_city","administrative_state","administrative_zip","administrative_country","administrative_email","administrative_phone","administrative_fax","technical_name","technical_company","technical_address","technical_city","technical_state","technical_zip","technical_country","technical_email","technical_phone","technical_fax","billing_name","billing_company","billing_address","billing_city","billing_state","billing_zip","billing_country","billing_email","billing_phone","billing_fax","name_server_1","name_server_2","name_server_3","name_server_4","domain_status_1","domain_status_2","domain_status_3","domain_status_4"
"1","gestion-actifs.club","2020-05-09 20:36:34","2020-05-08","2020-05-08","2021-05-08","146","GoDaddy.com, LLC","whois.godaddy.com","http://registrar.godaddy.com","","","","","Meknes-Tafilalet","","Morocco","","","","","","","","","","","","","","","","","","","","","","","","","","","","","","","","","","ns33.domaincontrol.com","ns34.domaincontrol.com","","","addPeriod","clientDeleteProhibited","clientRenewProhibited","clientTransferProhibited"
"2","kaguya-sama.net","2020-05-09 23:58:53","2020-05-08","2020-05-08","2021-05-08","76","Nominalia Internet S.L.","whois.nominalia.com","http://www.nominalia.com","REDACTED FOR PRIVACY","REDACTED FOR PRIVACY","REDACTED FOR PRIVACY","REDACTED FOR PRIVACY","Marrakech","REDACTED FOR PRIVACY","Morocco","","REDACTED.FORPRIVACY","REDACTED.FORPRIVACY","REDACTED FOR PRIVACY","REDACTED FOR PRIVACY","REDACTED FOR PRIVACY","REDACTED FOR PRIVACY","Marrakech","REDACTED FOR PRIVACY","Morocco","","REDACTED.FORPRIVACY","REDACTED.FORPRIVACY","REDACTED FOR PRIVACY","REDACTED FOR PRIVACY","REDACTED FOR PRIVACY","REDACTED FOR PRIVACY","Barcelona","REDACTED FOR PRIVACY","Spain","","REDACTED.FORPRIVACY","REDACTED.FORPRIVACY","","","","","","","","","","","dns1.nominalia.com","dns2.nominalia.com","","","OK","","",""
"3","kaminotou.net","2020-05-09 23:58:46","2020-05-08","2020-05-08","2021-05-08","76","Nominalia Internet S.L.","whois.nominalia.com","http://www.nominalia.com","REDACTED FOR PRIVACY","REDACTED FOR PRIVACY","REDACTED FOR PRIVACY","REDACTED FOR PRIVACY","Marrakech","REDACTED FOR PRIVACY","Morocco","","REDACTED.FORPRIVACY","REDACTED.FORPRIVACY","REDACTED FOR PRIVACY","REDACTED FOR PRIVACY","REDACTED FOR PRIVACY","REDACTED FOR PRIVACY","Marrakech","REDACTED FOR PRIVACY","Morocco","","REDACTED.FORPRIVACY","REDACTED.FORPRIVACY","REDACTED FOR PRIVACY","REDACTED FOR PRIVACY","REDACTED FOR PRIVACY","REDACTED FOR PRIVACY","Barcelona","REDACTED FOR PRIVACY","Spain","","REDACTED.FORPRIVACY","REDACTED.FORPRIVACY","","","","","","","","","","","dns1.nominalia.com","dns2.nominalia.com","","","OK","","",""
"4","kodorate.net","2020-05-09 23:58:28","2020-05-08","2020-05-08","2021-05-08","1630","Ligne Web Services SARL","whois.nic.fr","http://www.ait.com","","","","","","","Morocco","72a50273ae55713abf42b23faa5ecb12@whois-anonymous.com","","","","","","","","","Morocco","72a50273ae55713abf42b23faa5ecb12@whois-anonymous.com","","","","","","","","","Morocco","72a50273ae55713abf42b23faa5ecb12@whois-anonymous.com","","","","","","","","","Morocco","72a50273ae55713abf42b23faa5ecb12@whois-anonymous.com","","","ns5.lwsdns.com","ns6.lwsdns.com","ns7.lwsdns.com","ns8.lwsdns.com","More","informations","on",""
"5","martialpeak.net","2020-05-09 23:57:18","2020-05-08","2020-05-08","2021-05-08","76","Nominalia Internet S.L.","whois.nominalia.com","http://www.nominalia.com","REDACTED FOR PRIVACY","REDACTED FOR PRIVACY","REDACTED FOR PRIVACY","REDACTED FOR PRIVACY","Marrakech","REDACTED FOR PRIVACY","Morocco","","REDACTED.FORPRIVACY","REDACTED.FORPRIVACY","REDACTED FOR PRIVACY","REDACTED FOR PRIVACY","REDACTED FOR PRIVACY","REDACTED FOR PRIVACY","Marrakech","REDACTED FOR PRIVACY","Morocco","","REDACTED.FORPRIVACY","REDACTED.FORPRIVACY","REDACTED FOR PRIVACY","REDACTED FOR PRIVACY","REDACTED FOR PRIVACY","REDACTED FOR PRIVACY","Barcelona","REDACTED FOR PRIVACY","Spain","","REDACTED.FORPRIVACY","REDACTED.FORPRIVACY","","","","","","","","","","","dns1.nominalia.com","dns2.nominalia.com","","","OK","","",""
"6","printit4me.net","2020-05-09 23:55:57","2020-05-07","2020-05-07","2021-05-07","1443","Vautron Rechenzentrum AG","whois.antagus.de","http://www.vautron.de","","","","","","","Morocco","a9tadbf8ad@domprivacy.de","","","","","","","","","","a9tadbf8ad@domprivacy.de","","","","","","","","","","a4o7tygxoo@domprivacy.de","","","","","","","","","","","","","ns1.contabo.net","ns2.contabo.net","ns3.contabo.net","","OK","","",""
"7","random-news.club","2020-05-09 20:35:06","2020-05-07","2020-05-07","2021-05-07","146","GoDaddy.com, LLC","whois.godaddy.com","http://registrar.godaddy.com","","","","","Sous-Massa-Draa","","Morocco","","","","","","","","","","","","","","","","","","","","","","","","","","","","","","","","","","ns33.domaincontrol.com","ns34.domaincontrol.com","","","addPeriod","clientDeleteProhibited","clientRenewProhibited","clientTransferProhibited"
"8","thelearners.club","2020-05-09 20:34:38","2020-05-07","2020-05-07","2021-05-07","146","GoDaddy.com, LLC","whois.godaddy.com","http://registrar.godaddy.com","thelearners.club","thelearners.club","","","L'oriental","","Morocco","","","","","","","","","","","","","","","","","","","","","","","","","","","","","","","","","","ns11.domaincontrol.com","ns12.domaincontrol.com","","","addPeriod","clientDeleteProhibited","clientRenewProhibited","clientTransferProhibited"