"num","domain_name","query_time","create_date","update_date","expiry_date","domain_registrar_id","domain_registrar_name","domain_registrar_whois","domain_registrar_url","registrant_name","registrant_company","registrant_address","registrant_city","registrant_state","registrant_zip","registrant_country","registrant_email","registrant_phone","registrant_fax","administrative_name","administrative_company","administrative_address","administrative_city","administrative_state","administrative_zip","administrative_country","administrative_email","administrative_phone","administrative_fax","technical_name","technical_company","technical_address","technical_city","technical_state","technical_zip","technical_country","technical_email","technical_phone","technical_fax","billing_name","billing_company","billing_address","billing_city","billing_state","billing_zip","billing_country","billing_email","billing_phone","billing_fax","name_server_1","name_server_2","name_server_3","name_server_4","domain_status_1","domain_status_2","domain_status_3","domain_status_4"
"1","aviationnews360.com","2020-05-09 12:36:19","2020-05-09","2020-05-09","2021-05-09","303","PDR Ltd. d/b/a PublicDomainRegistry.com","whois.publicdomainregistry.com","http://www.publicdomainregistry.com","Donatus Omenukor","AVIATION360 MEDIA LIMITED","12, R Road, Lugbe Federal Housing Estate","Abuja","Abuja","110001","Nigeria","d.nosyke@gmail.com","+234.7030008718","","Donatus Omenukor","AVIATION360 MEDIA LIMITED","12, R Road, Lugbe Federal Housing Estate","Abuja","Abuja","110001","Nigeria","d.nosyke@gmail.com","+234.7030008718","","Donatus Omenukor","AVIATION360 MEDIA LIMITED","12, R Road, Lugbe Federal Housing Estate","Abuja","Abuja","110001","Nigeria","d.nosyke@gmail.com","+234.7030008718","","","","","","","","","","","","nsa.whogohost.com","nsb.whogohost.com","","","clientTransferProhibited","","",""
"2","capitaloneinternationals.com","2020-05-09 19:56:37","2020-05-09","2020-05-09","2021-05-09","1479","Namesilo, LLC","whois.namesilo.com","http://www.namesilo.com","Chima Ozoemena","","Michael Okpara University Of Agriculture","Umuahia","Abia","440109","Nigeria","ozoemenapaschal09@gmail.com","+234.9031968828","","Chima Ozoemena","","Michael Okpara University Of Agriculture","Umuahia","Abia","440109","Nigeria","ozoemenapaschal09@gmail.com","+234.9031968828","","Chima Ozoemena","","Michael Okpara University Of Agriculture","Umuahia","Abia","440109","Nigeria","ozoemenapaschal09@gmail.com","+234.9031968828","","","","","","","","","","","","ns1.bergehost.com","ns2.bergehost.com","","","clientTransferProhibited","","",""
"3","cyberkingtech.com","2020-05-09 16:36:03","2020-05-09","2020-05-09","2021-05-09","303","PDR Ltd. d/b/a PublicDomainRegistry.com","whois.publicdomainregistry.com","http://www.publicdomainregistry.com","Abdullahi Nasiru","404viral","Nassarawa Kuchikau, Hara foam street","Nassarawa","Nassarawa state","110001","Nigeria","nasr980185@gmail.com","+234.09033129251","","Abdullahi Nasiru","404viral","Nassarawa Kuchikau, Hara foam street","Nassarawa","Nassarawa state","110001","Nigeria","nasr980185@gmail.com","+234.09033129251","","Abdullahi Nasiru","404viral","Nassarawa Kuchikau, Hara foam street","Nassarawa","Nassarawa state","110001","Nigeria","nasr980185@gmail.com","+234.09033129251","","","","","","","","","","","","nsa.whogohost.com","nsb.whogohost.com","","","clientTransferProhibited","","",""
"4","cyberusertech.com","2020-05-09 01:40:13","2020-05-09","2020-05-09","2021-05-09","146","GoDaddy.com, LLC","whois.godaddy.com","http://registrar.godaddy.com","","","","","kano","","Nigeria","","","","","","","","","","","","","","","","","","","","","","","","","","","","","","","","","","nsa.whogohost.com","nsb.whogohost.com","","","clientDeleteProhibited","clientRenewProhibited","clientTransferProhibited","clientUpdateProhibited"
"5","kingdomechos.com","2020-05-09 09:59:30","2020-05-09","2020-05-09","2021-05-09","303","PDR Ltd. d/b/a PublicDomainRegistry.com","whois.publicdomainregistry.com","http://www.publicdomainregistry.com","uket  Ettah","","Queens barracks Apapa, Lagos state, Nigeria.","Lagos","Lagos","110001","Nigeria","crosspoem@gmail.com","+234.8096763980","","uket  Ettah","","Queens barracks Apapa, Lagos state, Nigeria.","Lagos","Lagos","110001","Nigeria","crosspoem@gmail.com","+234.8096763980","","uket  Ettah","","Queens barracks Apapa, Lagos state, Nigeria.","Lagos","Lagos","110001","Nigeria","crosspoem@gmail.com","+234.8096763980","","","","","","","","","","","","nsa.whogohost.com","nsb.whogohost.com","","","clientTransferProhibited","","",""
"6","mysimplifygroup.com","2020-05-09 11:44:13","2020-05-09","2020-05-09","2021-05-09","303","PDR Ltd. d/b/a PublicDomainRegistry.com","whois.publicdomainregistry.com","http://www.publicdomainregistry.com","KC Umeh","Klean Carex","21 Onuorah Street Umuayom Awka","Awka","Anambra","110001","Nigeria","chidubemumeh@gmail.com","+234.8068460350","","KC Umeh","Klean Carex","21 Onuorah Street Umuayom Awka","Awka","Anambra","110001","Nigeria","chidubemumeh@gmail.com","+234.8068460350","","KC Umeh","Klean Carex","21 Onuorah Street Umuayom Awka","Awka","Anambra","110001","Nigeria","chidubemumeh@gmail.com","+234.8068460350","","","","","","","","","","","","nsa.whogohost.com","nsb.whogohost.com","","","clientTransferProhibited","","",""
"7","rareoctanemineralresources.com","2020-05-09 11:18:39","2020-05-09","2020-05-09","2021-05-09","303","PDR Ltd. d/b/a PublicDomainRegistry.com","whois.publicdomainregistry.com","http://www.publicdomainregistry.com","AUGUSTINE ABIODUN AJAYI","biogust tech ultimate ventures","shop 37 omowonuola shopping complex ajala - ijaye","alagbado","lagos","110001","Nigeria","abbeskay8088@gmail.com","+234.8023015758","","AUGUSTINE ABIODUN AJAYI","biogust tech ultimate ventures","shop 37 omowonuola shopping complex ajala - ijaye","alagbado","lagos","110001","Nigeria","abbeskay8088@gmail.com","+234.8023015758","","AUGUSTINE ABIODUN AJAYI","biogust tech ultimate ventures","shop 37 omowonuola shopping complex ajala - ijaye","alagbado","lagos","110001","Nigeria","abbeskay8088@gmail.com","+234.8023015758","","","","","","","","","","","","nsa.whogohost.com","nsb.whogohost.com","","","clientTransferProhibited","","",""
"8","smartengservices.com","2020-05-09 12:48:24","2020-05-09","2020-05-09","2021-05-09","303","PDR Ltd. d/b/a PublicDomainRegistry.com","whois.publicdomainregistry.com","http://www.publicdomainregistry.com","Olabode Durosinmi","Smart Engineering Services","22, Oro road, off taiwo road","Ilorin","Kwara","110001","Nigeria","ogdurosinmi@gmail.com","+234.8133721350","","Olabode Durosinmi","Smart Engineering Services","22, Oro road, off taiwo road","Ilorin","Kwara","110001","Nigeria","ogdurosinmi@gmail.com","+234.8133721350","","Olabode Durosinmi","Smart Engineering Services","22, Oro road, off taiwo road","Ilorin","Kwara","110001","Nigeria","ogdurosinmi@gmail.com","+234.8133721350","","","","","","","","","","","","nsa.whogohost.com","nsb.whogohost.com","","","clientTransferProhibited","","",""
"9","thecrosswindottawa.com","2020-05-09 21:00:43","2020-05-09","2020-05-09","2021-05-09","303","PDR Ltd. d/b/a PublicDomainRegistry.com","whois.publicdomainregistry.com","http://www.publicdomainregistry.com","David Tamm","","Lagos","Lagos","Lagos","110001","Nigeria","davidtamm1961@gmail.com","+234.9017266673","","David Tamm","","Lagos","Lagos","Lagos","110001","Nigeria","davidtamm1961@gmail.com","+234.9017266673","","David Tamm","","Lagos","Lagos","Lagos","110001","Nigeria","davidtamm1961@gmail.com","+234.9017266673","","","","","","","","","","","","nsa.whogohost.com","nsb.whogohost.com","","","clientTransferProhibited","","",""
"10","trulyaid.com","2020-05-09 08:51:10","2020-05-09","2020-05-09","2021-05-09","2","Network Solutions, LLC","whois.networksolutions.com","http://networksolutions.com","Chibuike, Faith","","Chikakore kubwa abuja","Kubwa","Abuja","901101","Nigeria","chibuikefaith@gmail.com","2348144445027","","Chibuike, Faith","","Chikakore kubwa abuja","Kubwa","Abuja","901101","Nigeria","chibuikefaith@gmail.com","2348144445027","","Chibuike, Faith","","Chikakore kubwa abuja","Kubwa","Abuja","901101","Nigeria","chibuikefaith@gmail.com","2348144445027","","","","","","","","","","","","ns3.afternic.com","ns4.afternic.com","","","clientTransferProhibited","","",""