"num","domain_name","query_time","create_date","update_date","expiry_date","domain_registrar_id","domain_registrar_name","domain_registrar_whois","domain_registrar_url","registrant_name","registrant_company","registrant_address","registrant_city","registrant_state","registrant_zip","registrant_country","registrant_email","registrant_phone","registrant_fax","administrative_name","administrative_company","administrative_address","administrative_city","administrative_state","administrative_zip","administrative_country","administrative_email","administrative_phone","administrative_fax","technical_name","technical_company","technical_address","technical_city","technical_state","technical_zip","technical_country","technical_email","technical_phone","technical_fax","billing_name","billing_company","billing_address","billing_city","billing_state","billing_zip","billing_country","billing_email","billing_phone","billing_fax","name_server_1","name_server_2","name_server_3","name_server_4","domain_status_1","domain_status_2","domain_status_3","domain_status_4"
"1","borderless.care","2020-05-09 20:00:42","2020-05-07","2020-05-07","2021-05-07","146","GoDaddy.com, LLC","whois.godaddy.com","http://registrar.godaddy.com","REDACTED FOR PRIVACY","Borderless Healthcare Pte Ltd","REDACTED FOR PRIVACY","REDACTED FOR PRIVACY","Singapore","REDACTED FOR PRIVACY","Singapore","","REDACTED FOR PRIVACY","REDACTED FOR PRIVACY","","","","","","","","","","","","","","","","","","","","","","","","","","","","","","","","","","","addPeriod","clientDeleteProhibited","clientRenewProhibited","clientTransferProhibited"
"2","createflawless.com","2020-05-06 19:13:21","2020-05-04","","2021-05-04","1068","NameCheap, Inc.","whois.namecheap.com","http://www.namecheap.com","BrianKoh Na","","22 Newton Road","Singapore","Singapore","307990","Singapore","zundaza8426@outlook.com","+65.64555993","","BrianKoh Na","","22 Newton Road","Singapore","Singapore","307990","Singapore","zundaza8426@outlook.com","+65.64555993","","BrianKoh Na","","22 Newton Road","Singapore","Singapore","307990","Singapore","zundaza8426@outlook.com","+65.64555993","","","","","","","","","","","","dns1.registrar-servers.com","dns2.registrar-servers.com","","","addPeriod","clientTransferProhibited","",""
"3","extremewealthsummit.biz","2020-05-09 16:57:35","2020-05-05","2020-05-05","2022-05-05","1154","FastDomain Inc.","whois.fastdomain.com","http://www.fastdomain.com","","","","","","","Singapore","","","","","","","","","","","","","","","","","","","","","","","","","","","","","","","","","","ns1.bluehost.com","ns2.bluehost.com","","","addPeriod","clientTransferProhibited","",""
"4","livecynply.com","2020-05-07 01:20:05","2020-05-04","","2021-05-04","1068","NameCheap, Inc.","whois.namecheap.com","http://www.namecheap.com","BrianKoh Na","","22 Newton Road","Singapore","Singapore","307990","Singapore","zundaza8426@outlook.com","+65.64555993","","BrianKoh Na","","22 Newton Road","Singapore","Singapore","307990","Singapore","zundaza8426@outlook.com","+65.64555993","","BrianKoh Na","","22 Newton Road","Singapore","Singapore","307990","Singapore","zundaza8426@outlook.com","+65.64555993","","","","","","","","","","","","dns1.registrar-servers.com","dns2.registrar-servers.com","","","addPeriod","clientTransferProhibited","",""
"5","mikasouza.net","2020-05-09 23:57:03","2020-05-07","2020-05-07","2021-05-07","146","GoDaddy.com, LLC","whois.godaddy.com","http://registrar.godaddy.com","228495","228495","","","Singapore","","Singapore","","","","","","","","","","","","","","","","","","","","","","","","","","","","","","","","","","ns57.domaincontrol.com","ns58.domaincontrol.com","","","clientDeleteProhibited","clientRenewProhibited","clientTransferProhibited","clientUpdateProhibited"
"6","mypetpro.net","2020-05-09 23:56:38","2020-05-08","2020-05-08","2021-05-08","146","GoDaddy.com, LLC","whois.godaddy.com","http://registrar.godaddy.com","","","","","Singapore","","Singapore","","","","","","","","","","","","","","","","","","","","","","","","","","","","","","","","","","pdns13.domaincontrol.com","pdns14.domaincontrol.com","","","clientDeleteProhibited","clientRenewProhibited","clientTransferProhibited","clientUpdateProhibited"
"7","pandacentury.net","2020-05-09 23:56:01","2020-05-08","2020-05-08","2021-05-08","146","GoDaddy.com, LLC","whois.godaddy.com","http://registrar.godaddy.com","Panda Century Edu","Panda Century Edu","","","Singapore","","Singapore","","","","","","","","","","","","","","","","","","","","","","","","","","","","","","","","","","ns65.domaincontrol.com","ns66.domaincontrol.com","","","clientDeleteProhibited","clientRenewProhibited","clientTransferProhibited","clientUpdateProhibited"
"8","sj9989.com","2020-05-09 20:12:02","2020-05-09","2020-05-09","2022-05-09","146","GoDaddy.com, LLC","whois.godaddy.com","http://registrar.godaddy.com","","","","","Bei Jing Shi","","Singapore","","","","","","","","","","","","","","","","","","","","","","","","","","","","","","","","","","ns47.domaincontrol.com","ns48.domaincontrol.com","","","clientDeleteProhibited","clientRenewProhibited","clientTransferProhibited","clientUpdateProhibited"
"9","ttgwines.club","2020-05-09 20:34:30","2020-05-07","2020-05-07","2022-05-07","146","GoDaddy.com, LLC","whois.godaddy.com","http://registrar.godaddy.com","Ttg Wines Pte Ltd","Ttg Wines Pte Ltd","","","Singapore","","Singapore","","","","","","","","","","","","","","","","","","","","","","","","","","","","","","","","","","ns75.domaincontrol.com","ns76.domaincontrol.com","","","addPeriod","clientDeleteProhibited","clientRenewProhibited","clientTransferProhibited"