"num","domain_name","query_time","create_date","update_date","expiry_date","domain_registrar_id","domain_registrar_name","domain_registrar_whois","domain_registrar_url","registrant_name","registrant_company","registrant_address","registrant_city","registrant_state","registrant_zip","registrant_country","registrant_email","registrant_phone","registrant_fax","administrative_name","administrative_company","administrative_address","administrative_city","administrative_state","administrative_zip","administrative_country","administrative_email","administrative_phone","administrative_fax","technical_name","technical_company","technical_address","technical_city","technical_state","technical_zip","technical_country","technical_email","technical_phone","technical_fax","billing_name","billing_company","billing_address","billing_city","billing_state","billing_zip","billing_country","billing_email","billing_phone","billing_fax","name_server_1","name_server_2","name_server_3","name_server_4","domain_status_1","domain_status_2","domain_status_3","domain_status_4"
"1","bands.email","2020-05-09 21:50:11","2020-05-08","2020-05-08","2021-05-08","146","GoDaddy.com, LLC","whois.godaddy.com","http://registrar.godaddy.com","REDACTED FOR PRIVACY","Mundoserver LTD","REDACTED FOR PRIVACY","REDACTED FOR PRIVACY","Madrid","REDACTED FOR PRIVACY","Spain","","REDACTED FOR PRIVACY","REDACTED FOR PRIVACY","","","","","","","","","","","","","","","","","","","","","","","","","","","","","","","","","","","addPeriod","clientDeleteProhibited","clientRenewProhibited","clientTransferProhibited"
"2","banqueros.email","2020-05-09 21:50:06","2020-05-08","2020-05-08","2021-05-08","146","GoDaddy.com, LLC","whois.godaddy.com","http://registrar.godaddy.com","REDACTED FOR PRIVACY","Mundoserver LTD","REDACTED FOR PRIVACY","REDACTED FOR PRIVACY","Madrid","REDACTED FOR PRIVACY","Spain","","REDACTED FOR PRIVACY","REDACTED FOR PRIVACY","","","","","","","","","","","","","","","","","","","","","","","","","","","","","","","","","","","addPeriod","clientDeleteProhibited","clientRenewProhibited","clientTransferProhibited"
"3","bleu-jewels.com","2020-05-04 20:47:52","2020-05-03","2020-05-03","2021-05-03","303","PDR Ltd. d/b/a PublicDomainRegistry.com","whois.publicdomainregistry.com","http://www.publicdomainregistry.com","GDPR Masked","GDPR Masked","GDPR Masked","GDPR Masked","Espana","GDPR Masked","Spain","gdpr-masking@gdpr-masked.com","GDPR Masked","GDPR Masked","GDPR Masked","GDPR Masked","GDPR Masked","GDPR Masked","GDPR Masked","GDPR Masked","GDPR Masked","gdpr-masking@gdpr-masked.com","GDPR Masked","GDPR Masked","GDPR Masked","GDPR Masked","GDPR Masked","GDPR Masked","GDPR Masked","GDPR Masked","GDPR Masked","gdpr-masking@gdpr-masked.com","GDPR Masked","GDPR Masked","","","","","","","","","","","ns1.dns-parking.com","ns2.dns-parking.com","","","clientTransferProhibited","","",""
"4","bolaboo.digital","2020-05-09 21:34:37","2020-05-08","2020-05-08","2022-05-08","146","GoDaddy.com, LLC","whois.godaddy.com","http://registrar.godaddy.com","REDACTED FOR PRIVACY","LeanUp Development Business","REDACTED FOR PRIVACY","REDACTED FOR PRIVACY","Sevilla","REDACTED FOR PRIVACY","Spain","","REDACTED FOR PRIVACY","REDACTED FOR PRIVACY","","","","","","","","","","","","","","","","","","","","","","","","","","","","","","","","","","","addPeriod","clientDeleteProhibited","clientRenewProhibited","clientTransferProhibited"
"5","empordadelivery.club","2020-05-09 20:36:53","2020-05-07","2020-05-07","2021-05-07","146","GoDaddy.com, LLC","whois.godaddy.com","http://registrar.godaddy.com","Alcaraz | Comunicacion y Diseno","Alcaraz | Comunicacion y Diseno","","","Girona","","Spain","","","","","","","","","","","","","","","","","","","","","","","","","","","","","","","","","","ns03.domaincontrol.com","ns04.domaincontrol.com","","","addPeriod","clientDeleteProhibited","clientRenewProhibited","clientTransferProhibited"
"6","icconnicca.pizza","2020-05-10 00:00:47","2020-05-07","2020-05-07","2021-05-07","1262","Dinahosting s.l.","whois.dinahosting.com","http://www.dinahosting.com","REDACTED FOR PRIVACY","CONTRAFUERTE, S.L","REDACTED FOR PRIVACY","REDACTED FOR PRIVACY","Lugo","REDACTED FOR PRIVACY","Spain","","REDACTED FOR PRIVACY","REDACTED FOR PRIVACY","","","","","","","","","","","","","","","","","","","","","","","","","","","","","","","","","","","addPeriod","clientDeleteProhibited","clientTransferProhibited",""
"7","italospagnoladelocchiali.net","2020-05-09 23:59:23","2020-05-08","2020-05-08","2021-05-08","1262","Dinahosting s.l.","whois.dinahosting.com","http://www.dinahosting.com","Redacted by Privacy","","Redacted by Privacy","Redacted by Privacy","A Coru?a","Redacted by Privacy","Spain","","Redacted by Privacy","","Redacted by Privacy","","Redacted by Privacy","Redacted by Privacy","Redacted by Privacy","Redacted by Privacy","Redacted by Privacy","","Redacted by Privacy","","Redacted by Privacy","","Redacted by Privacy","Redacted by Privacy","Redacted by Privacy","Redacted by Privacy","Redacted by Privacy","","Redacted by Privacy","","","","","","","","","","","","ns.dinahosting.com","ns2.dinahosting.com","ns3.dinahosting.com","ns4.dinahosting.com","clientDeleteProhibited","clientTransferProhibited","",""
"8","limpiezadealfombras.net","2020-05-09 23:57:49","2020-05-08","2020-05-08","2021-05-08","1383","Soluciones Corporativas IP, SLU","whois.scip.es","http://www.dondominio.com","REDACTED FOR PRIVACY","","REDACTED FOR PRIVACY","REDACTED FOR PRIVACY","Madrid","REDACTED FOR PRIVACY","Spain","","REDACTED FOR PRIVACY","REDACTED FOR PRIVACY","REDACTED FOR PRIVACY","REDACTED FOR PRIVACY","REDACTED FOR PRIVACY","REDACTED FOR PRIVACY","REDACTED FOR PRIVACY","REDACTED FOR PRIVACY","REDACTED FOR PRIVACY","","REDACTED FOR PRIVACY","REDACTED FOR PRIVACY","REDACTED FOR PRIVACY","REDACTED FOR PRIVACY","REDACTED FOR PRIVACY","REDACTED FOR PRIVACY","REDACTED FOR PRIVACY","REDACTED FOR PRIVACY","REDACTED FOR PRIVACY","","REDACTED FOR PRIVACY","REDACTED FOR PRIVACY","","","","","","","","","","","ns5151.webempresa.eu","ns5152.webempresa.eu","","","OK","","",""
"9","live-artists.net","2020-05-09 23:57:45","2020-05-08","2020-05-08","2021-05-08","83","1&1 Internet AG","whois.schlund.info","http://1and1.com","REDACTED FOR PRIVACY","1 ION Investment Partners","REDACTED FOR PRIVACY","REDACTED FOR PRIVACY","B","REDACTED FOR PRIVACY","Spain","dataprivacyprotected@1und1.de","REDACTED FOR PRIVACY","REDACTED FOR PRIVACY","REDACTED FOR PRIVACY","REDACTED FOR PRIVACY","REDACTED FOR PRIVACY","REDACTED FOR PRIVACY","REDACTED FOR PRIVACY","REDACTED FOR PRIVACY","REDACTED FOR PRIVACY","dataprivacyprotected@1und1.de","REDACTED FOR PRIVACY","REDACTED FOR PRIVACY","REDACTED FOR PRIVACY","REDACTED FOR PRIVACY","REDACTED FOR PRIVACY","REDACTED FOR PRIVACY","REDACTED FOR PRIVACY","REDACTED FOR PRIVACY","REDACTED FOR PRIVACY","dataprivacyprotected@1und1.de","REDACTED FOR PRIVACY","REDACTED FOR PRIVACY","","","","","","","","","","","ns1042.ui-dns.org","ns1065.ui-dns.de","ns1091.ui-dns.com","ns1119.ui-dns.biz","addPeriod","clientTransferProhibited","",""
"10","magsconfort.net","2020-05-09 23:57:24","2020-05-07","2020-05-07","2021-05-07","76","Nominalia Internet S.L.","whois.nominalia.com","http://www.nominalia.com","REDACTED FOR PRIVACY","REDACTED FOR PRIVACY","REDACTED FOR PRIVACY","REDACTED FOR PRIVACY","MA","REDACTED FOR PRIVACY","Spain","","REDACTED.FORPRIVACY","REDACTED.FORPRIVACY","REDACTED FOR PRIVACY","REDACTED FOR PRIVACY","REDACTED FOR PRIVACY","REDACTED FOR PRIVACY","MA","REDACTED FOR PRIVACY","Spain","","REDACTED.FORPRIVACY","REDACTED.FORPRIVACY","REDACTED FOR PRIVACY","REDACTED FOR PRIVACY","REDACTED FOR PRIVACY","REDACTED FOR PRIVACY","Barcelona","REDACTED FOR PRIVACY","Spain","","REDACTED.FORPRIVACY","REDACTED.FORPRIVACY","","","","","","","","","","","dns1.nominalia.com","dns2.nominalia.com","","","OK","","",""
"11","manunn.net","2020-05-09 23:57:20","2020-05-08","2020-05-08","2021-05-08","379","Arsys Internet, S.L. dba NICLINE.COM","whois.nicline.com","http://www.nicline.com","REDACTED FOR PRIVACY","HISPAINTEL IBERICA S.L.","REDACTED FOR PRIVACY","REDACTED FOR PRIVACY","MADRID","REDACTED FOR PRIVACY","Spain","whoiscontact@domainconnection.info","REDACTED FOR PRIVACY","REDACTED FOR PRIVACY","REDACTED FOR PRIVACY","REDACTED FOR PRIVACY","REDACTED FOR PRIVACY","REDACTED FOR PRIVACY","REDACTED FOR PRIVACY","REDACTED FOR PRIVACY","REDACTED FOR PRIVACY","whoiscontact@domainconnection.info","REDACTED FOR PRIVACY","REDACTED FOR PRIVACY","REDACTED FOR PRIVACY","REDACTED FOR PRIVACY","REDACTED FOR PRIVACY","REDACTED FOR PRIVACY","REDACTED FOR PRIVACY","REDACTED FOR PRIVACY","REDACTED FOR PRIVACY","whoiscontact@domainconnection.info","REDACTED FOR PRIVACY","REDACTED FOR PRIVACY","","","","","","","","","","","dns49.servidoresdns.net","dns50.servidoresdns.net","","","addPeriod","clientTransferProhibited","",""
"12","markuhost.net","2020-05-09 23:57:18","2020-05-07","2020-05-07","2021-05-07","1383","Soluciones Corporativas IP, SLU","whois.scip.es","http://www.dondominio.com","REDACTED FOR PRIVACY","","REDACTED FOR PRIVACY","REDACTED FOR PRIVACY","Barcelona","REDACTED FOR PRIVACY","Spain","","REDACTED FOR PRIVACY","REDACTED FOR PRIVACY","REDACTED FOR PRIVACY","REDACTED FOR PRIVACY","REDACTED FOR PRIVACY","REDACTED FOR PRIVACY","REDACTED FOR PRIVACY","REDACTED FOR PRIVACY","REDACTED FOR PRIVACY","","REDACTED FOR PRIVACY","REDACTED FOR PRIVACY","REDACTED FOR PRIVACY","REDACTED FOR PRIVACY","REDACTED FOR PRIVACY","REDACTED FOR PRIVACY","REDACTED FOR PRIVACY","REDACTED FOR PRIVACY","REDACTED FOR PRIVACY","","REDACTED FOR PRIVACY","REDACTED FOR PRIVACY","","","","","","","","","","","ns1.dondominio.com","ns2.dondominio.com","","","OK","","",""
"13","mentallyactive.net","2020-05-09 23:57:09","2020-05-08","2020-05-08","2021-05-08","379","Arsys Internet, S.L. dba NICLINE.COM","whois.nicline.com","http://www.nicline.com","REDACTED FOR PRIVACY","","REDACTED FOR PRIVACY","REDACTED FOR PRIVACY","BARCELONA","REDACTED FOR PRIVACY","Spain","whoiscontact@domainconnection.info","REDACTED FOR PRIVACY","REDACTED FOR PRIVACY","REDACTED FOR PRIVACY","REDACTED FOR PRIVACY","REDACTED FOR PRIVACY","REDACTED FOR PRIVACY","REDACTED FOR PRIVACY","REDACTED FOR PRIVACY","REDACTED FOR PRIVACY","whoiscontact@domainconnection.info","REDACTED FOR PRIVACY","REDACTED FOR PRIVACY","REDACTED FOR PRIVACY","REDACTED FOR PRIVACY","REDACTED FOR PRIVACY","REDACTED FOR PRIVACY","REDACTED FOR PRIVACY","REDACTED FOR PRIVACY","REDACTED FOR PRIVACY","whoiscontact@domainconnection.info","REDACTED FOR PRIVACY","REDACTED FOR PRIVACY","","","","","","","","","","","ns13.piensasolutions.com","ns14.piensasolutions.com","","","addPeriod","clientTransferProhibited","",""
"14","mfar.events","2020-05-09 22:10:47","2020-05-07","2020-05-08","2021-05-07","1403","10dencehispahard, S.L.","whois.cdmon.com","http://www.cdmon.com","REDACTED FOR PRIVACY","Marketing Farmaceutico & Investigacion Clinica, S.L.","REDACTED FOR PRIVACY","REDACTED FOR PRIVACY","Barcelona","REDACTED FOR PRIVACY","Spain","","REDACTED FOR PRIVACY","REDACTED FOR PRIVACY","","","","","","","","","","","","","","","","","","","","","","","","","","","","","","","","","","","addPeriod","clientTransferProhibited","",""
"15","miretiro.pro","2020-05-10 00:33:34","2020-05-08","","2021-05-08","1383","Soluciones Corporativas IP, SLU","whois.scip.es","http://www.dondominio.com","","","","","Barcelona","","Spain","","","","","","","","","","","","","","","","","","","","","","","","","","","","","","","","","","ns1.dondominio.com","ns2.dondominio.com","","","addPeriod","serverTransferProhibited","",""
"16","moolty.club","2020-05-09 20:35:39","2020-05-07","2020-05-07","2021-05-07","146","GoDaddy.com, LLC","whois.godaddy.com","http://registrar.godaddy.com","pagina de belleza","pagina de belleza","","","Madrid","","Spain","","","","","","","","","","","","","","","","","","","","","","","","","","","","","","","","","","ns11.domaincontrol.com","ns12.domaincontrol.com","","","addPeriod","clientDeleteProhibited","clientRenewProhibited","clientTransferProhibited"
"17","obreco.pro","2020-05-10 00:38:27","2020-05-08","","2021-05-08","1383","Soluciones Corporativas IP, SLU","whois.scip.es","http://www.dondominio.com","","","","","ALMERIA","","Spain","","","","","","","","","","","","","","","","","","","","","","","","","","","","","","","","","","ns1.dondominio.com","ns2.dondominio.com","","","addPeriod","serverTransferProhibited","",""
"18","odontologia33.net","2020-05-09 23:56:06","2020-05-08","2020-05-08","2021-05-08","1262","Dinahosting s.l.","whois.dinahosting.com","http://www.dinahosting.com","Redacted by Privacy","GRUPO ASIS BIOMEDIA SL","Redacted by Privacy","Redacted by Privacy","Zaragoza","Redacted by Privacy","Spain","","Redacted by Privacy","","Redacted by Privacy","Redacted by Privacy","Redacted by Privacy","Redacted by Privacy","Redacted by Privacy","Redacted by Privacy","Redacted by Privacy","","Redacted by Privacy","Redacted by Privacy","Redacted by Privacy","Redacted by Privacy","Redacted by Privacy","Redacted by Privacy","Redacted by Privacy","Redacted by Privacy","Redacted by Privacy","","Redacted by Privacy","Redacted by Privacy","","","","","","","","","","","ns.gestiondecuenta.com","ns2.gestiondecuenta.com","ns3.gestiondecuenta.com","ns4.gestiondecuenta.com","clientDeleteProhibited","clientTransferProhibited","",""
"19","online-offer.net","2020-05-09 23:56:04","2020-05-07","2020-05-07","2021-05-07","303","PDR Ltd. d/b/a PublicDomainRegistry.com","whois.publicdomainregistry.com","http://www.publicdomainregistry.com","GDPR Masked","GDPR Masked","GDPR Masked","GDPR Masked","Barcelona","GDPR Masked","Spain","gdpr-masking@gdpr-masked.com","GDPR Masked","GDPR Masked","GDPR Masked","GDPR Masked","GDPR Masked","GDPR Masked","GDPR Masked","GDPR Masked","GDPR Masked","gdpr-masking@gdpr-masked.com","GDPR Masked","GDPR Masked","GDPR Masked","GDPR Masked","GDPR Masked","GDPR Masked","GDPR Masked","GDPR Masked","GDPR Masked","gdpr-masking@gdpr-masked.com","GDPR Masked","GDPR Masked","","","","","","","","","","","ns1.dns-parking.com","ns2.dns-parking.com","","","clientTransferProhibited","","",""
"20","ozonocovid19.net","2020-05-09 23:56:01","2020-05-08","2020-05-08","2021-05-08","83","1&1 Internet AG","whois.schlund.info","http://1and1.com","REDACTED FOR PRIVACY","","REDACTED FOR PRIVACY","REDACTED FOR PRIVACY","MU","REDACTED FOR PRIVACY","Spain","dataprivacyprotected@1und1.de","REDACTED FOR PRIVACY","REDACTED FOR PRIVACY","REDACTED FOR PRIVACY","REDACTED FOR PRIVACY","REDACTED FOR PRIVACY","REDACTED FOR PRIVACY","REDACTED FOR PRIVACY","REDACTED FOR PRIVACY","REDACTED FOR PRIVACY","dataprivacyprotected@1und1.de","REDACTED FOR PRIVACY","REDACTED FOR PRIVACY","REDACTED FOR PRIVACY","REDACTED FOR PRIVACY","REDACTED FOR PRIVACY","REDACTED FOR PRIVACY","REDACTED FOR PRIVACY","REDACTED FOR PRIVACY","REDACTED FOR PRIVACY","dataprivacyprotected@1und1.de","REDACTED FOR PRIVACY","REDACTED FOR PRIVACY","","","","","","","","","","","ns1025.ui-dns.com","ns1029.ui-dns.biz","ns1072.ui-dns.org","ns1117.ui-dns.de","addPeriod","clientTransferProhibited","",""
"21","paracaminar.net","2020-05-09 23:56:00","2020-05-08","2020-05-08","2021-05-08","83","1&1 Internet AG","whois.schlund.info","http://1and1.com","REDACTED FOR PRIVACY","","REDACTED FOR PRIVACY","REDACTED FOR PRIVACY","O","REDACTED FOR PRIVACY","Spain","dataprivacyprotected@1und1.de","REDACTED FOR PRIVACY","REDACTED FOR PRIVACY","REDACTED FOR PRIVACY","REDACTED FOR PRIVACY","REDACTED FOR PRIVACY","REDACTED FOR PRIVACY","REDACTED FOR PRIVACY","REDACTED FOR PRIVACY","REDACTED FOR PRIVACY","dataprivacyprotected@1und1.de","REDACTED FOR PRIVACY","REDACTED FOR PRIVACY","REDACTED FOR PRIVACY","REDACTED FOR PRIVACY","REDACTED FOR PRIVACY","REDACTED FOR PRIVACY","REDACTED FOR PRIVACY","REDACTED FOR PRIVACY","REDACTED FOR PRIVACY","dataprivacyprotected@1und1.de","REDACTED FOR PRIVACY","REDACTED FOR PRIVACY","","","","","","","","","","","ns1084.ui-dns.biz","ns1088.ui-dns.de","ns1089.ui-dns.com","ns1104.ui-dns.org","addPeriod","clientTransferProhibited","",""
"22","paradesinfectar.net","2020-05-09 23:56:00","2020-05-08","2020-05-08","2021-05-08","1383","Soluciones Corporativas IP, SLU","whois.scip.es","http://www.dondominio.com","Redacted for privacy","","Redacted for privacy","Redacted for privacy","Palmas (Las)","Redacted for privacy","Spain","","Redacted for privacy","Redacted for privacy","REDACTED FOR PRIVACY","REDACTED FOR PRIVACY","REDACTED FOR PRIVACY","REDACTED FOR PRIVACY","REDACTED FOR PRIVACY","REDACTED FOR PRIVACY","REDACTED FOR PRIVACY","","REDACTED FOR PRIVACY","REDACTED FOR PRIVACY","REDACTED FOR PRIVACY","REDACTED FOR PRIVACY","REDACTED FOR PRIVACY","REDACTED FOR PRIVACY","REDACTED FOR PRIVACY","REDACTED FOR PRIVACY","REDACTED FOR PRIVACY","","REDACTED FOR PRIVACY","REDACTED FOR PRIVACY","","","","","","","","","","","dns1.raiolanetworks.es","dns2.raiolanetworks.es","dns3.raiolanetworks.es","","OK","","",""
"23","patentado.net","2020-05-09 23:55:59","2020-05-08","2020-05-08","2021-05-08","1383","Soluciones Corporativas IP, SLU","whois.scip.es","http://www.dondominio.com","Whois Privacy Service Protects this domain","Soluciones Corporativas IP, c/o Whois Proxy","C/ Menestrals 14","Manacor","Illes Balears","07500","Spain","patentado.net@whoisprivacycontact.com","+34.871987733","+34.871986601","Whois Privacy Service Protects this domain","Soluciones Corporativas IP, c/o Whois Proxy","C/ Menestrals 14","Manacor","Illes Balears","07500","Spain","patentado.net@whoisprivacycontact.com","+34.871987733","+34.871986601","Whois Privacy Service Protects this domain","Soluciones Corporativas IP, c/o Whois Proxy","C/ Menestrals 14","Manacor","Illes Balears","07500","Spain","patentado.net@whoisprivacycontact.com","+34.871987733","+34.871986601","","","","","","","","","","","europe2722.banahosting.com","europe2723.banahosting.com","","","OK","","",""
"24","pinturela.net","2020-05-09 23:55:55","2020-05-08","2020-05-08","2021-05-08","379","Arsys Internet, S.L. dba NICLINE.COM","whois.nicline.com","http://www.nicline.com","REDACTED FOR PRIVACY","","REDACTED FOR PRIVACY","REDACTED FOR PRIVACY","NAVARRA","REDACTED FOR PRIVACY","Spain","whoiscontact@domainconnection.info","REDACTED FOR PRIVACY","REDACTED FOR PRIVACY","REDACTED FOR PRIVACY","REDACTED FOR PRIVACY","REDACTED FOR PRIVACY","REDACTED FOR PRIVACY","REDACTED FOR PRIVACY","REDACTED FOR PRIVACY","REDACTED FOR PRIVACY","whoiscontact@domainconnection.info","REDACTED FOR PRIVACY","REDACTED FOR PRIVACY","REDACTED FOR PRIVACY","REDACTED FOR PRIVACY","REDACTED FOR PRIVACY","REDACTED FOR PRIVACY","REDACTED FOR PRIVACY","REDACTED FOR PRIVACY","REDACTED FOR PRIVACY","whoiscontact@domainconnection.info","REDACTED FOR PRIVACY","REDACTED FOR PRIVACY","","","","","","","","","","","dns1.tpiol.com","dns2.tpiol.com","","","addPeriod","clientTransferProhibited","",""
"25","podometro.net","2020-05-09 23:55:53","2020-05-08","2020-05-08","2021-05-08","379","Arsys Internet, S.L. dba NICLINE.COM","whois.nicline.com","http://www.nicline.com","REDACTED FOR PRIVACY","","REDACTED FOR PRIVACY","REDACTED FOR PRIVACY","ALICANTE","REDACTED FOR PRIVACY","Spain","whoiscontact@domainconnection.info","REDACTED FOR PRIVACY","REDACTED FOR PRIVACY","REDACTED FOR PRIVACY","REDACTED FOR PRIVACY","REDACTED FOR PRIVACY","REDACTED FOR PRIVACY","REDACTED FOR PRIVACY","REDACTED FOR PRIVACY","REDACTED FOR PRIVACY","whoiscontact@domainconnection.info","REDACTED FOR PRIVACY","REDACTED FOR PRIVACY","REDACTED FOR PRIVACY","REDACTED FOR PRIVACY","REDACTED FOR PRIVACY","REDACTED FOR PRIVACY","REDACTED FOR PRIVACY","REDACTED FOR PRIVACY","REDACTED FOR PRIVACY","whoiscontact@domainconnection.info","REDACTED FOR PRIVACY","REDACTED FOR PRIVACY","","","","","","","","","","","dns1.sered.net","dns2.sered.net","","","addPeriod","clientTransferProhibited","",""
"26","policarbonatoamedida.net","2020-05-09 23:55:57","2020-05-08","2020-05-08","2021-05-08","379","Arsys Internet, S.L. dba NICLINE.COM","whois.nicline.com","http://www.nicline.com","REDACTED FOR PRIVACY","Cercaplast","REDACTED FOR PRIVACY","REDACTED FOR PRIVACY","PONTEVEDRA","REDACTED FOR PRIVACY","Spain","whoiscontact@domainconnection.info","REDACTED FOR PRIVACY","REDACTED FOR PRIVACY","REDACTED FOR PRIVACY","REDACTED FOR PRIVACY","REDACTED FOR PRIVACY","REDACTED FOR PRIVACY","REDACTED FOR PRIVACY","REDACTED FOR PRIVACY","REDACTED FOR PRIVACY","whoiscontact@domainconnection.info","REDACTED FOR PRIVACY","REDACTED FOR PRIVACY","REDACTED FOR PRIVACY","REDACTED FOR PRIVACY","REDACTED FOR PRIVACY","REDACTED FOR PRIVACY","REDACTED FOR PRIVACY","REDACTED FOR PRIVACY","REDACTED FOR PRIVACY","whoiscontact@domainconnection.info","REDACTED FOR PRIVACY","REDACTED FOR PRIVACY","","","","","","","","","","","dns49.servidoresdns.net","dns50.servidoresdns.net","","","addPeriod","clientTransferProhibited","",""
"27","programascecotec.net","2020-05-09 23:55:57","2020-05-08","2020-05-08","2021-05-08","1383","Soluciones Corporativas IP, SLU","whois.scip.es","http://www.dondominio.com","Redacted for privacy","Cecotec Innovaciones SL","Redacted for privacy","Redacted for privacy","Valencia","Redacted for privacy","Spain","","Redacted for privacy","Redacted for privacy","REDACTED FOR PRIVACY","REDACTED FOR PRIVACY","REDACTED FOR PRIVACY","REDACTED FOR PRIVACY","REDACTED FOR PRIVACY","REDACTED FOR PRIVACY","REDACTED FOR PRIVACY","","REDACTED FOR PRIVACY","REDACTED FOR PRIVACY","REDACTED FOR PRIVACY","REDACTED FOR PRIVACY","REDACTED FOR PRIVACY","REDACTED FOR PRIVACY","REDACTED FOR PRIVACY","REDACTED FOR PRIVACY","REDACTED FOR PRIVACY","","REDACTED FOR PRIVACY","REDACTED FOR PRIVACY","","","","","","","","","","","ns1.dondominio.com","ns2.dondominio.com","","","OK","","",""
"28","rowotech.club","2020-05-09 20:34:59","2020-05-07","2020-05-07","2021-05-07","1647","Hosting Concepts B.V. dba Openprovider","whois.registrar.eu","http://www.openprovider.com","","","","","Badajoz","","Spain","","","","","","","","","","","","","","","","","","","","","","","","","","","","","","","","","","ns1.dns-parking.com","ns2.dns-parking.com","","","addPeriod","clientTransferProhibited","",""
"29","seotools.pro","2020-05-10 00:47:14","2020-05-08","2020-05-08","2021-05-08","1383","Soluciones Corporativas IP, SLU","whois.scip.es","http://www.dondominio.com","Soluciones Corporativas IP, c/o Whois Proxy","Soluciones Corporativas IP, c/o Whois Proxy","","","Illes Balears","","Spain","","","","","","","","","","","","","","","","","","","","","","","","","","","","","","","","","","ben.ns.cloudflare.com","jean.ns.cloudflare.com","","","addPeriod","serverTransferProhibited","",""
"30","tecnologia.coach","2020-05-09 20:34:11","2020-05-07","2020-05-07","2021-05-07","818","Interdominios, Inc.","whois.interdominios.com","http://www.interdominios.com","REDACTED FOR PRIVACY","","REDACTED FOR PRIVACY","REDACTED FOR PRIVACY","Valencia","REDACTED FOR PRIVACY","Spain","","REDACTED FOR PRIVACY","REDACTED FOR PRIVACY","","","","","","","","","","","","","","","","","","","","","","","","","","","","","","","","","","","addPeriod","","",""
"31","theecomstore.com","2020-05-09 08:16:58","2020-05-08","2020-05-08","2021-05-08","146","GoDaddy.com, LLC","whois.godaddy.com","http://registrar.godaddy.com","","","","","Madrid","","Spain","","","","","","","","","","","","","","","","","","","","","","","","","","","","","","","","","","ns55.domaincontrol.com","ns56.domaincontrol.com","","","clientDeleteProhibited","clientRenewProhibited","clientTransferProhibited","clientUpdateProhibited"
"32","virtualcc.events","2020-05-09 22:10:45","2020-05-07","2020-05-07","2021-05-07","1383","Soluciones Corporativas IP, SLU","whois.scip.es","http://www.dondominio.com","REDACTED FOR PRIVACY","Soluciones Corporativas IP, c/o Whois Proxy","REDACTED FOR PRIVACY","REDACTED FOR PRIVACY","Illes Balears","REDACTED FOR PRIVACY","Spain","","REDACTED FOR PRIVACY","REDACTED FOR PRIVACY","","","","","","","","","","","","","","","","","","","","","","","","","","","","","","","","","","","addPeriod","clientTransferProhibited","",""
"33","yummygummies.club","2020-05-09 20:34:14","2020-05-07","2020-05-07","2021-05-07","146","GoDaddy.com, LLC","whois.godaddy.com","http://registrar.godaddy.com","EWN MEDIA SA","EWN MEDIA SA","","","Malaga","","Spain","","","","","","","","","","","","","","","","","","","","","","","","","","","","","","","","","","ns35.domaincontrol.com","ns36.domaincontrol.com","","","addPeriod","clientDeleteProhibited","clientRenewProhibited","clientTransferProhibited"