"num","domain_name","query_time","create_date","update_date","expiry_date","domain_registrar_id","domain_registrar_name","domain_registrar_whois","domain_registrar_url","registrant_name","registrant_company","registrant_address","registrant_city","registrant_state","registrant_zip","registrant_country","registrant_email","registrant_phone","registrant_fax","administrative_name","administrative_company","administrative_address","administrative_city","administrative_state","administrative_zip","administrative_country","administrative_email","administrative_phone","administrative_fax","technical_name","technical_company","technical_address","technical_city","technical_state","technical_zip","technical_country","technical_email","technical_phone","technical_fax","billing_name","billing_company","billing_address","billing_city","billing_state","billing_zip","billing_country","billing_email","billing_phone","billing_fax","name_server_1","name_server_2","name_server_3","name_server_4","domain_status_1","domain_status_2","domain_status_3","domain_status_4"
"1","check-iphone.com","2020-05-09 12:05:50","2020-05-09","2020-05-09","2021-05-09","2487","Internet Domain Services BS Corp","whois.publicinterestregistry.net","http://www.internetbs.net","Not disclosed Not disclosed","","Not disclosed, Not disclosed, Not disclosed","Not disclosed","","00000","Ukraine","f2269e03e961cfd78e73d2ef22965504.gdrp@customers.whoisprivacycorp.com","+1.5163872248","","Not disclosed Not disclosed","","Not disclosed, Not disclosed, Not disclosed","Not disclosed","","00000","Ukraine","f2269e03e961cfd78e73d2ef22965504.gdrp@customers.whoisprivacycorp.com","+1.5163872248","","Not disclosed Not disclosed","","Not disclosed, Not disclosed, Not disclosed","Not disclosed","","00000","Ukraine","f2269e03e961cfd78e73d2ef22965504.gdrp@customers.whoisprivacycorp.com","+1.5163872248","","","","","","","","","","","","ns-canada.topdns.com","ns-uk.topdns.com","ns-usa.topdns.com","","OK","","",""
"2","financial-success.club","2020-05-09 20:36:44","2020-05-07","2020-05-07","2021-05-07","146","GoDaddy.com, LLC","whois.godaddy.com","http://registrar.godaddy.com","NO","NO","","","\u042f\u0440\u043e\u0441\u043b\u0430\u0432\u0441\u","","Ukraine","","","","","","","","","","","","","","","","","","","","","","","","","","","","","","","","","","cash.ns.cloudflare.com","mona.ns.cloudflare.com","","","addPeriod","clientDeleteProhibited","clientRenewProhibited","clientTransferProhibited"
"3","immo-shoes-v1.club","2020-05-09 20:36:11","2020-05-07","2020-05-07","2021-05-07","146","GoDaddy.com, LLC","whois.godaddy.com","http://registrar.godaddy.com","","","","","\u0425\u0430\u0440\u043a\u0456\u0432\u0441\u044c\u","","Ukraine","","","","","","","","","","","","","","","","","","","","","","","","","","","","","","","","","","ns1.beget.com","ns2.beget.com","","","addPeriod","clientDeleteProhibited","clientRenewProhibited","clientTransferProhibited"
"4","immo-shoes-v2.club","2020-05-09 20:36:11","2020-05-07","2020-05-07","2021-05-07","146","GoDaddy.com, LLC","whois.godaddy.com","http://registrar.godaddy.com","","","","","\u0425\u0430\u0440\u043a\u0456\u0432\u0441\u044c\u","","Ukraine","","","","","","","","","","","","","","","","","","","","","","","","","","","","","","","","","","ns1.beget.com","ns2.beget.com","","","addPeriod","clientDeleteProhibited","clientRenewProhibited","clientTransferProhibited"
"5","kiev.digital","2020-05-09 21:39:01","2020-05-07","2020-05-07","2021-05-07","146","GoDaddy.com, LLC","whois.godaddy.com","http://registrar.godaddy.com","REDACTED FOR PRIVACY","\u0422\u041e\u0412 \u041a\u043e\u0433\u0435\u0440\u0435\u043d\u0","REDACTED FOR PRIVACY","REDACTED FOR PRIVACY","Kyiv","REDACTED FOR PRIVACY","Ukraine","","REDACTED FOR PRIVACY","REDACTED FOR PRIVACY","","","","","","","","","","","","","","","","","","","","","","","","","","","","","","","","","","","addPeriod","clientDeleteProhibited","clientRenewProhibited","clientTransferProhibited"
"6","kudy.club","2020-05-09 20:35:52","2020-05-07","","2021-05-07","2374","Hosting Ukraine LLC","whois.afilias.info","http://www.ukraine.com.ua","Hosting Ukraine LLC","Hosting Ukraine LLC","","","","","Ukraine","","","","","","","","","","","","","","","","","","","","","","","","","","","","","","","","","","ns110.inhostedns.com","ns210.inhostedns.net","ns310.inhostedns.org","","addPeriod","ok","",""
"7","logiselecservices.club","2020-05-09 20:35:48","2020-05-07","2020-05-07","2021-05-07","146","GoDaddy.com, LLC","whois.godaddy.com","http://registrar.godaddy.com","","","","","\u0414\u043d\u0456\u043f\u0440\u043e\u043f\u0435\u","","Ukraine","","","","","","","","","","","","","","","","","","","","","","","","","","","","","","","","","","ns1.beget.com","ns2.beget.com","","","addPeriod","clientDeleteProhibited","clientRenewProhibited","clientTransferProhibited"
"8","mebelino.net","2020-05-09 23:57:11","2020-05-08","2020-05-08","2021-05-08","1647","Hosting Concepts B.V. dba Openprovider","whois.registrar.eu","http://www.openprovider.com","REDACTED FOR PRIVACY","Mebelino","REDACTED FOR PRIVACY","REDACTED FOR PRIVACY","Kharkov","REDACTED FOR PRIVACY","Ukraine","","REDACTED FOR PRIVACY","REDACTED FOR PRIVACY","REDACTED FOR PRIVACY","REDACTED FOR PRIVACY","REDACTED FOR PRIVACY","REDACTED FOR PRIVACY","REDACTED FOR PRIVACY","REDACTED FOR PRIVACY","REDACTED FOR PRIVACY","","REDACTED FOR PRIVACY","REDACTED FOR PRIVACY","REDACTED FOR PRIVACY","REDACTED FOR PRIVACY","REDACTED FOR PRIVACY","REDACTED FOR PRIVACY","REDACTED FOR PRIVACY","REDACTED FOR PRIVACY","REDACTED FOR PRIVACY","","REDACTED FOR PRIVACY","REDACTED FOR PRIVACY","","","","","","","","","","","dns1.hostiq.ua","dns2.hostiq.ua","","","clientTransferProhibited","","",""
"9","mini-cam-v1.club","2020-05-09 20:35:40","2020-05-07","2020-05-07","2021-05-07","146","GoDaddy.com, LLC","whois.godaddy.com","http://registrar.godaddy.com","","","","","\u0425\u0430\u0440\u043a\u0456\u0432\u0441\u044c\u","","Ukraine","","","","","","","","","","","","","","","","","","","","","","","","","","","","","","","","","","ns1.beget.com","ns2.beget.com","","","addPeriod","clientDeleteProhibited","clientRenewProhibited","clientTransferProhibited"
"10","probot777.net","2020-05-09 23:55:52","2020-05-08","2020-05-08","2021-05-08","1606","Limited Liability Company 'Registrar of domain names REG.RU'","whois.reg.ru","http://www.reg.ru","Yuri Petrachkov","Private Person","s. Vishneve","s. Vishneve","Kharkiv region","63813","Ukraine","ypetrachkov@yandex.ru","+380.664907228","","Yuri Petrachkov","Private Person","s. Vishneve","s. Vishneve","Kharkiv region","63813","Ukraine","ypetrachkov@yandex.ru","+380.664907228","","Yuri Petrachkov","Private Person","s. Vishneve","s. Vishneve","Kharkiv region","63813","Ukraine","ypetrachkov@yandex.ru","+380.664907228","","","","","","","","","","","","ns1.reg.ru","ns2.reg.ru","","","clientTransferProhibited","","",""
"11","shalenibilky.coffee","2020-05-09 20:34:07","2020-05-07","2020-05-07","2021-05-07","146","GoDaddy.com, LLC","whois.godaddy.com","http://registrar.godaddy.com","REDACTED FOR PRIVACY","","REDACTED FOR PRIVACY","REDACTED FOR PRIVACY","Kyiv","REDACTED FOR PRIVACY","Ukraine","","REDACTED FOR PRIVACY","REDACTED FOR PRIVACY","","","","","","","","","","","","","","","","","","","","","","","","","","","","","","","","","","","addPeriod","clientDeleteProhibited","clientRenewProhibited","clientTransferProhibited"
"12","smartclothing.club","2020-05-09 20:34:49","2020-05-07","2020-05-07","2021-05-07","146","GoDaddy.com, LLC","whois.godaddy.com","http://registrar.godaddy.com","","","","","\u0414\u043d\u0456\u043f\u0440\u043e\u043f\u0435\u","","Ukraine","","","","","","","","","","","","","","","","","","","","","","","","","","","","","","","","","","coco.ns.cloudflare.com","mitch.ns.cloudflare.com","","","addPeriod","clientDeleteProhibited","clientRenewProhibited","clientTransferProhibited"
"13","smartclothing1.club","2020-05-09 20:34:49","2020-05-07","2020-05-07","2021-05-07","146","GoDaddy.com, LLC","whois.godaddy.com","http://registrar.godaddy.com","","","","","\u0414\u043d\u0456\u043f\u0440\u043e\u043f\u0435\u","","Ukraine","","","","","","","","","","","","","","","","","","","","","","","","","","","","","","","","","","coco.ns.cloudflare.com","mitch.ns.cloudflare.com","","","addPeriod","clientDeleteProhibited","clientRenewProhibited","clientTransferProhibited"
"14","smteam.club","2020-05-09 20:34:49","2020-05-07","2020-05-07","2021-05-07","146","GoDaddy.com, LLC","whois.godaddy.com","http://registrar.godaddy.com","","","","","IL","","Ukraine","","","","","","","","","","","","","","","","","","","","","","","","","","","","","","","","","","ns37.domaincontrol.com","ns38.domaincontrol.com","","","addPeriod","clientDeleteProhibited","clientRenewProhibited","clientTransferProhibited"
"15","start-your-way.club","2020-05-09 20:34:45","2020-05-07","2020-05-07","2021-05-07","146","GoDaddy.com, LLC","whois.godaddy.com","http://registrar.godaddy.com","NO","NO","","","\u042f\u0440\u043e\u0441\u043b\u0430\u0432\u0441\u","","Ukraine","","","","","","","","","","","","","","","","","","","","","","","","","","","","","","","","","","cash.ns.cloudflare.com","mona.ns.cloudflare.com","","","addPeriod","clientDeleteProhibited","clientRenewProhibited","clientTransferProhibited"
"16","swp.center","2020-05-09 20:28:34","2020-05-08","2020-05-08","2021-05-08","1505","Gransy s.r.o. d/b/a subreg.cz","whois.regtons.com","http://regtons.com","REDACTED FOR PRIVACY","FOP Zubak?na S.K.","REDACTED FOR PRIVACY","REDACTED FOR PRIVACY","Hark?vsxka obl.","REDACTED FOR PRIVACY","Ukraine","","REDACTED FOR PRIVACY","REDACTED FOR PRIVACY","","","","","","","","","","","","","","","","","","","","","","","","","","","","","","","","","","","addPeriod","","",""
"17","veobank.biz","2020-05-09 04:28:37","2020-05-05","2020-05-05","2021-05-05","1112","Internet Invest, Ltd. dba Imena.ua","whois.imena.ua","http://www.imena.ua","Internet Invest, Ltd. dba Imena.ua","Internet Invest, Ltd. dba Imena.ua","","","Kyiv","","Ukraine","","","","","","","","","","","","","","","","","","","","","","","","","","","","","","","","","","nsa1.srv53.org","nsa3.srv53.net","nsa4.srv53.com","nsb1.srv53.com","addPeriod","clientTransferProhibited","",""
"18","yarhome.club","2020-05-09 20:34:16","2020-05-07","2020-05-07","2021-05-07","146","GoDaddy.com, LLC","whois.godaddy.com","http://registrar.godaddy.com","","","","","Ternopil's'ka oblast","","Ukraine","","","","","","","","","","","","","","","","","","","","","","","","","","","","","","","","","","ns51.domaincontrol.com","ns52.domaincontrol.com","","","addPeriod","clientDeleteProhibited","clientRenewProhibited","clientTransferProhibited"
"19","your-start.club","2020-05-09 20:34:15","2020-05-07","2020-05-07","2021-05-07","146","GoDaddy.com, LLC","whois.godaddy.com","http://registrar.godaddy.com","NO","NO","","","\u042f\u0440\u043e\u0441\u043b\u0430\u0432\u0441\u","","Ukraine","","","","","","","","","","","","","","","","","","","","","","","","","","","","","","","","","","cash.ns.cloudflare.com","mona.ns.cloudflare.com","","","addPeriod","clientDeleteProhibited","clientRenewProhibited","clientTransferProhibited"
"20","yprocess.biz","2020-05-09 01:22:15","2020-05-07","2020-05-07","2021-05-07","146","GoDaddy.com, LLC","whois.godaddy.com","http://registrar.godaddy.com","","","","","\u041c\u0438\u043a\u043e\u043b\u0430\u0457\u0432\u","","Ukraine","","","","","","","","","","","","","","","","","","","","","","","","","","","","","","","","","","ns1.flexbe.net","ns2.flexbe.net","ns3.flexbe.com","","addPeriod","clientDeleteProhibited","clientRenewProhibited","clientTransferProhibited"