"num","domain_name","query_time","create_date","update_date","expiry_date","domain_registrar_id","domain_registrar_name","domain_registrar_whois","domain_registrar_url","registrant_name","registrant_company","registrant_address","registrant_city","registrant_state","registrant_zip","registrant_country","registrant_email","registrant_phone","registrant_fax","administrative_name","administrative_company","administrative_address","administrative_city","administrative_state","administrative_zip","administrative_country","administrative_email","administrative_phone","administrative_fax","technical_name","technical_company","technical_address","technical_city","technical_state","technical_zip","technical_country","technical_email","technical_phone","technical_fax","billing_name","billing_company","billing_address","billing_city","billing_state","billing_zip","billing_country","billing_email","billing_phone","billing_fax","name_server_1","name_server_2","name_server_3","name_server_4","domain_status_1","domain_status_2","domain_status_3","domain_status_4"
"1","digitank.agency","2020-05-09 14:47:51","2020-05-07","2020-05-07","2021-05-07","146","GoDaddy.com, LLC","whois.godaddy.com","http://registrar.godaddy.com","REDACTED FOR PRIVACY","","REDACTED FOR PRIVACY","REDACTED FOR PRIVACY","London","REDACTED FOR PRIVACY","United Kingdom","","REDACTED FOR PRIVACY","REDACTED FOR PRIVACY","","","","","","","","","","","","","","","","","","","","","","","","","","","","","","","","","","","addPeriod","clientDeleteProhibited","clientRenewProhibited","clientTransferProhibited"
"2","emutoday2020.club","2020-05-09 20:36:54","2020-05-07","2020-05-07","2021-05-07","146","GoDaddy.com, LLC","whois.godaddy.com","http://registrar.godaddy.com","","","","","West Midlands","","United Kingdom","","","","","","","","","","","","","","","","","","","","","","","","","","","","","","","","","","ns51.domaincontrol.com","ns52.domaincontrol.com","","","addPeriod","clientDeleteProhibited","clientRenewProhibited","clientTransferProhibited"
"3","filaxita.club","2020-05-09 20:36:44","2020-05-07","2020-05-07","2021-05-07","1390","Mesh Digital Limited","whois.meshdigital.com","http://www.meshdigital.com","","","","","","","United Kingdom","","","","","","","","","","","","","","","","","","","","","","","","","","","","","","","","","","ns.123-reg.co.uk","ns2.123-reg.co.uk","","","addPeriod","clientDeleteProhibited","clientTransferProhibited","clientUpdateProhibited"
"4","fivestaproducts.com","2020-05-08 21:01:56","2020-05-07","2020-05-07","2021-05-07","440","Wild West Domains, LLC","whois.wildwestdomains.com","http://www.wildwestdomains.com","","","","","Kent","","United Kingdom","","","","","","","","","","","","","","","","","","","","","","","","","","","","","","","","","","ns1.bdm.microsoftonline.com","ns2.bdm.microsoftonline.com","","","OK","","",""
"5","forever8.club","2020-05-09 20:36:43","2020-05-07","2020-05-07","2021-05-07","146","GoDaddy.com, LLC","whois.godaddy.com","http://registrar.godaddy.com","","","","","London","","United Kingdom","","","","","","","","","","","","","","","","","","","","","","","","","","","","","","","","","","ns53.domaincontrol.com","ns54.domaincontrol.com","","","addPeriod","clientDeleteProhibited","clientRenewProhibited","clientTransferProhibited"
"6","free2ride.club","2020-05-09 20:36:39","2020-05-07","2020-05-07","2021-05-07","1390","Mesh Digital Limited","whois.meshdigital.com","http://www.meshdigital.com","","","","","","","United Kingdom","","","","","","","","","","","","","","","","","","","","","","","","","","","","","","","","","","ns.123-reg.co.uk","ns2.123-reg.co.uk","","","addPeriod","clientDeleteProhibited","clientTransferProhibited","clientUpdateProhibited"
"7","fresh.restaurant","2020-05-10 00:57:39","2020-05-07","2020-05-08","2021-05-07","83","1&1 Internet AG","whois.schlund.info","http://1and1.com","REDACTED FOR PRIVACY","1&1 Internet Limited","REDACTED FOR PRIVACY","REDACTED FOR PRIVACY","GLS","REDACTED FOR PRIVACY","United Kingdom","","REDACTED FOR PRIVACY","REDACTED FOR PRIVACY","","","","","","","","","","","","","","","","","","","","","","","","","","","","","","","","","","","addPeriod","clientTransferProhibited","",""
"8","gardenretreats.club","2020-05-09 20:36:35","2020-05-07","2020-05-07","2021-05-07","1390","Mesh Digital Limited","whois.meshdigital.com","http://www.meshdigital.com","","","","","","","United Kingdom","","","","","","","","","","","","","","","","","","","","","","","","","","","","","","","","","","ns.123-reg.co.uk","ns2.123-reg.co.uk","","","addPeriod","clientDeleteProhibited","clientTransferProhibited","clientUpdateProhibited"
"9","gunsnhoses.club","2020-05-09 20:36:25","2020-05-07","2020-05-07","2021-05-07","2483","NameCamp Limited","","","Identity Protection Limited","Identity Protection Limited","","","Surrey","","United Kingdom","","","","","","","","","","","","","","","","","","","","","","","","","","","","","","","","","","ns1.yay.com","ns2.yay.com","ns3.yay.com","","addPeriod","clientDeleteProhibited","clientTransferProhibited","clientUpdateProhibited"
"10","halalfoods.club","2020-05-09 20:36:24","2020-05-07","2020-05-07","2021-05-07","146","GoDaddy.com, LLC","whois.godaddy.com","http://registrar.godaddy.com","","","","","Harrow","","United Kingdom","","","","","","","","","","","","","","","","","","","","","","","","","","","","","","","","","","ns65.domaincontrol.com","ns66.domaincontrol.com","","","addPeriod","clientDeleteProhibited","clientRenewProhibited","clientTransferProhibited"
"11","handsanitiser.club","2020-05-09 20:36:25","2020-05-07","2020-05-07","2021-05-07","146","GoDaddy.com, LLC","whois.godaddy.com","http://registrar.godaddy.com","","","","","London","","United Kingdom","","","","","","","","","","","","","","","","","","","","","","","","","","","","","","","","","","ns53.domaincontrol.com","ns54.domaincontrol.com","","","addPeriod","clientDeleteProhibited","clientRenewProhibited","clientTransferProhibited"
"12","hanworth.estate","2020-05-09 22:10:54","2020-05-06","2020-05-07","2021-05-06","146","GoDaddy.com, LLC","whois.godaddy.com","http://registrar.godaddy.com","REDACTED FOR PRIVACY","","REDACTED FOR PRIVACY","REDACTED FOR PRIVACY","South Glamorgan","REDACTED FOR PRIVACY","United Kingdom","","REDACTED FOR PRIVACY","REDACTED FOR PRIVACY","","","","","","","","","","","","","","","","","","","","","","","","","","","","","","","","","","","addPeriod","clientDeleteProhibited","clientRenewProhibited","clientTransferProhibited"
"13","herzensmenschen.club","2020-05-09 20:36:23","2020-05-07","2020-05-07","2021-05-07","83","1&1 Internet AG","whois.schlund.info","http://1and1.com","1&1 Internet Limited","1&1 Internet Limited","","","GLS","","United Kingdom","","","","","","","","","","","","","","","","","","","","","","","","","","","","","","","","","","ns1046.ui-dns.com","ns1048.ui-dns.org","ns1071.ui-dns.de","ns1107.ui-dns.biz","addPeriod","clientTransferProhibited","",""
"14","hestia.restaurant","2020-05-10 00:57:37","2020-05-08","2020-05-08","2021-05-08","1390","Mesh Digital Limited","whois.meshdigital.com","http://www.meshdigital.com","REDACTED FOR PRIVACY","","REDACTED FOR PRIVACY","REDACTED FOR PRIVACY","","REDACTED FOR PRIVACY","United Kingdom","","REDACTED FOR PRIVACY","REDACTED FOR PRIVACY","","","","","","","","","","","","","","","","","","","","","","","","","","","","","","","","","","","addPeriod","clientDeleteProhibited","clientTransferProhibited","clientUpdateProhibited"
"15","hidrobioteck.club","2020-05-09 20:36:22","2020-05-07","2020-05-07","2021-05-07","83","1&1 Internet AG","whois.schlund.info","http://1and1.com","1&1 Internet Limited","1&1 Internet Limited","","","GLS","","United Kingdom","","","","","","","","","","","","","","","","","","","","","","","","","","","","","","","","","","ns1082.ui-dns.biz","ns1101.ui-dns.de","ns1109.ui-dns.org","ns1116.ui-dns.com","addPeriod","clientTransferProhibited","",""
"16","hkloo.pro","2020-05-10 00:23:44","2020-05-08","2020-05-08","2021-05-08","1418","EvoPlus Ltd.","whois.evonames.com","http://www.evonames.com","WhoisProtectService.net","WhoisProtectService.net","","","","","United Kingdom","","","","","","","","","","","","","","","","","","","","","","","","","","","","","","","","","","ns1.topdns.me","ns2.topdns.me","ns3.topdns.me","","addPeriod","serverTransferProhibited","",""
"17","hse-strategy.support","2020-05-10 01:12:15","2020-05-07","2020-05-07","2021-05-07","83","1&1 Internet AG","whois.schlund.info","http://1and1.com","REDACTED FOR PRIVACY","1&1 Internet Limited","REDACTED FOR PRIVACY","REDACTED FOR PRIVACY","GLS","REDACTED FOR PRIVACY","United Kingdom","","REDACTED FOR PRIVACY","REDACTED FOR PRIVACY","","","","","","","","","","","","","","","","","","","","","","","","","","","","","","","","","","","addPeriod","clientTransferProhibited","",""
"18","huscle.fitness","2020-05-09 22:15:56","2020-05-07","2020-05-07","2021-05-07","146","GoDaddy.com, LLC","whois.godaddy.com","http://registrar.godaddy.com","REDACTED FOR PRIVACY","","REDACTED FOR PRIVACY","REDACTED FOR PRIVACY","Surrey","REDACTED FOR PRIVACY","United Kingdom","","REDACTED FOR PRIVACY","REDACTED FOR PRIVACY","","","","","","","","","","","","","","","","","","","","","","","","","","","","","","","","","","","addPeriod","clientDeleteProhibited","clientRenewProhibited","clientTransferProhibited"
"19","instaccom.club","2020-05-09 20:36:10","2020-05-07","2020-05-07","2021-05-07","1390","Mesh Digital Limited","whois.meshdigital.com","http://www.meshdigital.com","","","","","","","United Kingdom","","","","","","","","","","","","","","","","","","","","","","","","","","","","","","","","","","ns.123-reg.co.uk","ns2.123-reg.co.uk","","","addPeriod","clientDeleteProhibited","clientTransferProhibited","clientUpdateProhibited"
"20","iwantfood.club","2020-05-09 20:36:06","2020-05-07","2020-05-07","2021-05-07","146","GoDaddy.com, LLC","whois.godaddy.com","http://registrar.godaddy.com","","","","","Harrow","","United Kingdom","","","","","","","","","","","","","","","","","","","","","","","","","","","","","","","","","","ns53.domaincontrol.com","ns54.domaincontrol.com","","","addPeriod","clientDeleteProhibited","clientRenewProhibited","clientTransferProhibited"
"21","jdglobal.biz","2020-05-09 17:35:02","2020-05-07","2020-05-07","2021-05-07","146","GoDaddy.com, LLC","whois.godaddy.com","http://registrar.godaddy.com","","","","","Wiltshire","","United Kingdom","","","","","","","","","","","","","","","","","","","","","","","","","","","","","","","","","","ns57.domaincontrol.com","ns58.domaincontrol.com","","","addPeriod","clientDeleteProhibited","clientRenewProhibited","clientTransferProhibited"
"22","jiggaboyz.club","2020-05-09 20:36:03","2020-05-07","2020-05-07","2021-05-07","1390","Mesh Digital Limited","whois.meshdigital.com","http://www.meshdigital.com","","","","","","","United Kingdom","","","","","","","","","","","","","","","","","","","","","","","","","","","","","","","","","","ns.123-reg.co.uk","ns2.123-reg.co.uk","","","addPeriod","clientDeleteProhibited","clientTransferProhibited","clientUpdateProhibited"
"23","justgive1.net","2020-05-09 23:58:52","2020-05-08","2020-05-08","2021-05-08","146","GoDaddy.com, LLC","whois.godaddy.com","http://registrar.godaddy.com","The New Foundation","The New Foundation","","","Inverness-Shire","","United Kingdom","","","","","","","","","","","","","","","","","","","","","","","","","","","","","","","","","","ns57.domaincontrol.com","ns58.domaincontrol.com","","","clientDeleteProhibited","clientRenewProhibited","clientTransferProhibited","clientUpdateProhibited"
"24","justgiveone.net","2020-05-09 23:58:53","2020-05-08","2020-05-08","2021-05-08","146","GoDaddy.com, LLC","whois.godaddy.com","http://registrar.godaddy.com","The New Foundation","The New Foundation","","","Inverness-Shire","","United Kingdom","","","","","","","","","","","","","","","","","","","","","","","","","","","","","","","","","","ns65.domaincontrol.com","ns66.domaincontrol.com","","","clientDeleteProhibited","clientRenewProhibited","clientTransferProhibited","clientUpdateProhibited"
"25","justnature.club","2020-05-09 20:36:02","2020-05-07","2020-05-07","2021-05-07","146","GoDaddy.com, LLC","whois.godaddy.com","http://registrar.godaddy.com","","","","","London","","United Kingdom","","","","","","","","","","","","","","","","","","","","","","","","","","","","","","","","","","ns37.domaincontrol.com","ns38.domaincontrol.com","","","addPeriod","clientDeleteProhibited","clientRenewProhibited","clientTransferProhibited"
"26","ka-kati.net","2020-05-09 23:58:54","2020-05-07","2020-05-07","2021-05-07","106","Ascio Technologies, Inc. Danmark - Filial af Ascio technologies, Inc. USA","whois.ascio.com","http://www.ascio.com","Not Disclosed","Not Disclosed","Not Disclosed","Not Disclosed","NULL","Not Disclosed","United Kingdom","","Not Disclosed","Not Disclosed","Not Disclosed","Not Disclosed","Not Disclosed","Not Disclosed","Not Disclosed","Not Disclosed","Not Disclosed","","Not Disclosed","Not Disclosed","Not Disclosed","Not Disclosed","Not Disclosed","Not Disclosed","Not Disclosed","Not Disclosed","Not Disclosed","","Not Disclosed","Not Disclosed","","","","","","","","","","","ns1.meganameservers.eu","ns2.meganameservers.eu","ns3.meganameservers.eu","","OK","","",""
"27","kampffischaquarium.net","2020-05-09 23:58:46","2020-05-08","2020-05-08","2021-05-08","83","1&1 Internet AG","whois.schlund.info","http://1and1.com","REDACTED FOR PRIVACY","1&1 Internet Limited","REDACTED FOR PRIVACY","REDACTED FOR PRIVACY","GLS","REDACTED FOR PRIVACY","United Kingdom","dataprivacyprotected@1und1.de","REDACTED FOR PRIVACY","REDACTED FOR PRIVACY","REDACTED FOR PRIVACY","REDACTED FOR PRIVACY","REDACTED FOR PRIVACY","REDACTED FOR PRIVACY","REDACTED FOR PRIVACY","REDACTED FOR PRIVACY","REDACTED FOR PRIVACY","dataprivacyprotected@1und1.de","REDACTED FOR PRIVACY","REDACTED FOR PRIVACY","REDACTED FOR PRIVACY","REDACTED FOR PRIVACY","REDACTED FOR PRIVACY","REDACTED FOR PRIVACY","REDACTED FOR PRIVACY","REDACTED FOR PRIVACY","REDACTED FOR PRIVACY","dataprivacyprotected@1und1.de","REDACTED FOR PRIVACY","REDACTED FOR PRIVACY","","","","","","","","","","","ns1042.ui-dns.org","ns1065.ui-dns.de","ns1091.ui-dns.com","ns1119.ui-dns.biz","addPeriod","clientTransferProhibited","",""
"28","karenelizabeth.biz","2020-05-09 11:32:05","2020-05-04","2020-05-05","2021-05-04","2","Network Solutions, LLC","whois.networksolutions.com","http://networksolutions.com","Karen Elizabeth","Karen Elizabeth","","","","","United Kingdom","","","","","","","","","","","","","","","","","","","","","","","","","","","","","","","","","","ns0.wixdns.net","ns1.wixdns.net","","","addPeriod","clientTransferProhibited","",""
"29","kbbtrader.net","2020-05-09 23:58:43","2020-05-07","2020-05-07","2021-05-07","1515","Webfusion Ltd.","whois.123-reg.co.uk","http://www.123-reg.co.uk","REDACTED FOR PRIVACY","","REDACTED FOR PRIVACY","REDACTED FOR PRIVACY","","REDACTED FOR PRIVACY","United Kingdom","","REDACTED FOR PRIVACY","REDACTED FOR PRIVACY","","","","","","","","","","","","","","","","","","","","","","","","","","","","","","","ns.123-reg.co.uk","ns2.123-reg.co.uk","","","clientDeleteProhibited","clientTransferProhibited","clientUpdateProhibited",""
"30","keese.club","2020-05-09 20:36:01","2020-05-07","2020-05-07","2021-05-07","146","GoDaddy.com, LLC","whois.godaddy.com","http://registrar.godaddy.com","","","","","Merseyside","","United Kingdom","","","","","","","","","","","","","","","","","","","","","","","","","","","","","","","","","","ns11.domaincontrol.com","ns12.domaincontrol.com","","","addPeriod","clientDeleteProhibited","clientRenewProhibited","clientTransferProhibited"
"31","keytidy.net","2020-05-09 23:58:40","2020-05-08","2020-05-08","2021-05-08","1515","Webfusion Ltd.","whois.123-reg.co.uk","http://www.123-reg.co.uk","REDACTED FOR PRIVACY","","REDACTED FOR PRIVACY","REDACTED FOR PRIVACY","","REDACTED FOR PRIVACY","United Kingdom","","REDACTED FOR PRIVACY","REDACTED FOR PRIVACY","","","","","","","","","","","","","","","","","","","","","","","","","","","","","","","ns.123-reg.co.uk","ns2.123-reg.co.uk","","","clientDeleteProhibited","clientTransferProhibited","clientUpdateProhibited",""
"32","kickcorvid.net","2020-05-09 23:58:38","2020-05-07","2020-05-07","2022-05-07","146","GoDaddy.com, LLC","whois.godaddy.com","http://registrar.godaddy.com","CreateQ Ltd","CreateQ Ltd","","","AL","","United Kingdom","","","","","","","","","","","","","","","","","","","","","","","","","","","","","","","","","","ns65.domaincontrol.com","ns66.domaincontrol.com","","","clientDeleteProhibited","clientRenewProhibited","clientTransferProhibited","clientUpdateProhibited"
"33","knewmind.biz","2020-05-09 17:47:04","2020-05-06","2020-05-06","2021-05-06","146","GoDaddy.com, LLC","whois.godaddy.com","http://registrar.godaddy.com","","","","","Cambridgeshire","","United Kingdom","","","","","","","","","","","","","","","","","","","","","","","","","","","","","","","","","","ns75.domaincontrol.com","ns76.domaincontrol.com","","","addPeriod","clientDeleteProhibited","clientRenewProhibited","clientTransferProhibited"
"34","kosherfoods.club","2020-05-09 20:35:54","2020-05-07","2020-05-07","2021-05-07","146","GoDaddy.com, LLC","whois.godaddy.com","http://registrar.godaddy.com","","","","","Harrow","","United Kingdom","","","","","","","","","","","","","","","","","","","","","","","","","","","","","","","","","","ns33.domaincontrol.com","ns34.domaincontrol.com","","","addPeriod","clientDeleteProhibited","clientRenewProhibited","clientTransferProhibited"
"35","lackhelden.net","2020-05-09 23:58:11","2020-05-08","2020-05-08","2021-05-08","83","1&1 Internet AG","whois.schlund.info","http://1and1.com","REDACTED FOR PRIVACY","1&1 Internet Limited","REDACTED FOR PRIVACY","REDACTED FOR PRIVACY","GLS","REDACTED FOR PRIVACY","United Kingdom","dataprivacyprotected@1und1.de","REDACTED FOR PRIVACY","REDACTED FOR PRIVACY","REDACTED FOR PRIVACY","REDACTED FOR PRIVACY","REDACTED FOR PRIVACY","REDACTED FOR PRIVACY","REDACTED FOR PRIVACY","REDACTED FOR PRIVACY","REDACTED FOR PRIVACY","dataprivacyprotected@1und1.de","REDACTED FOR PRIVACY","REDACTED FOR PRIVACY","REDACTED FOR PRIVACY","REDACTED FOR PRIVACY","REDACTED FOR PRIVACY","REDACTED FOR PRIVACY","REDACTED FOR PRIVACY","REDACTED FOR PRIVACY","REDACTED FOR PRIVACY","dataprivacyprotected@1und1.de","REDACTED FOR PRIVACY","REDACTED FOR PRIVACY","","","","","","","","","","","ns1084.ui-dns.biz","ns1088.ui-dns.de","ns1089.ui-dns.com","ns1104.ui-dns.org","addPeriod","clientTransferProhibited","",""
"36","lacksieger.net","2020-05-09 23:58:12","2020-05-08","2020-05-08","2021-05-08","83","1&1 Internet AG","whois.schlund.info","http://1and1.com","REDACTED FOR PRIVACY","1&1 Internet Limited","REDACTED FOR PRIVACY","REDACTED FOR PRIVACY","GLS","REDACTED FOR PRIVACY","United Kingdom","dataprivacyprotected@1und1.de","REDACTED FOR PRIVACY","REDACTED FOR PRIVACY","REDACTED FOR PRIVACY","REDACTED FOR PRIVACY","REDACTED FOR PRIVACY","REDACTED FOR PRIVACY","REDACTED FOR PRIVACY","REDACTED FOR PRIVACY","REDACTED FOR PRIVACY","dataprivacyprotected@1und1.de","REDACTED FOR PRIVACY","REDACTED FOR PRIVACY","REDACTED FOR PRIVACY","REDACTED FOR PRIVACY","REDACTED FOR PRIVACY","REDACTED FOR PRIVACY","REDACTED FOR PRIVACY","REDACTED FOR PRIVACY","REDACTED FOR PRIVACY","dataprivacyprotected@1und1.de","REDACTED FOR PRIVACY","REDACTED FOR PRIVACY","","","","","","","","","","","ns1033.ui-dns.org","ns1039.ui-dns.biz","ns1055.ui-dns.de","ns1087.ui-dns.com","addPeriod","clientTransferProhibited","",""
"37","laequivalencia.club","2020-05-09 20:35:53","2020-05-07","2020-05-07","2021-05-07","83","1&1 Internet AG","whois.schlund.info","http://1and1.com","1&1 Internet Limited","1&1 Internet Limited","","","GLS","","United Kingdom","","","","","","","","","","","","","","","","","","","","","","","","","","","","","","","","","","ns1082.ui-dns.biz","ns1101.ui-dns.de","ns1109.ui-dns.org","ns1116.ui-dns.com","addPeriod","clientTransferProhibited","",""
"38","lemarche.club","2020-05-09 20:35:51","2020-05-07","2020-05-07","2021-05-07","83","1&1 Internet AG","whois.schlund.info","http://1and1.com","1&1 Internet Limited","1&1 Internet Limited","","","GLS","","United Kingdom","","","","","","","","","","","","","","","","","","","","","","","","","","","","","","","","","","ns1.digitalocean.com","ns2.digitalocean.com","ns3.digitalocean.com","","addPeriod","clientTransferProhibited","",""
"39","lightwayprotocol.net","2020-05-09 23:57:50","2020-05-08","2020-05-08","2022-05-08","447","SafeNames Ltd.","whois.ausregistry.net.au","http://www.safenames.net","Data protected, not disclosed","Your Whois Privacy","Safenames House, Sunrise Parkway","Milton Keynes","","MK14 6LS","United Kingdom","0vnv61pf8b54@idp.email","Data protected, not disclosed","Data protected, not disclosed","International Domain Administrator","Safenames Ltd","Safenames House, Sunrise Parkway Linford Wood","Milton Keynes","Bucks","MK14 6LS","United Kingdom","hostmaster@safenames.net","+44.1908200022","+44.1908325192","International Domain Tech","Safenames Ltd","Safenames House, Sunrise Parkway Linford Wood","Milton Keynes","Bucks","MK14 6LS","United Kingdom","hostmaster@safenames.net","+44.1908200022","+44.1908325192","","","","","","","","","","","dns1.safenames.com","dns2.safenames.net","dns3.safenames.org","","clientDeleteProhibited","clientTransferProhibited","clientUpdateProhibited",""
"40","lo-k8.net","2020-05-09 23:57:43","2020-05-07","2020-05-07","2021-05-07","1515","Webfusion Ltd.","whois.123-reg.co.uk","http://www.123-reg.co.uk","REDACTED FOR PRIVACY","","REDACTED FOR PRIVACY","REDACTED FOR PRIVACY","","REDACTED FOR PRIVACY","United Kingdom","","REDACTED FOR PRIVACY","REDACTED FOR PRIVACY","","","","","","","","","","","","","","","","","","","","","","","","","","","","","","","ns.123-reg.co.uk","ns2.123-reg.co.uk","","","clientDeleteProhibited","clientTransferProhibited","clientUpdateProhibited",""
"41","losroots.net","2020-05-09 23:57:36","2020-05-07","2020-05-07","2021-05-07","1515","Webfusion Ltd.","whois.123-reg.co.uk","http://www.123-reg.co.uk","REDACTED FOR PRIVACY","","REDACTED FOR PRIVACY","REDACTED FOR PRIVACY","","REDACTED FOR PRIVACY","United Kingdom","","REDACTED FOR PRIVACY","REDACTED FOR PRIVACY","","","","","","","","","","","","","","","","","","","","","","","","","","","","","","","ns.123-reg.co.uk","ns2.123-reg.co.uk","","","clientDeleteProhibited","clientTransferProhibited","clientUpdateProhibited",""
"42","loveonlockdown.club","2020-05-09 20:35:48","2020-05-07","2020-05-07","2021-05-07","146","GoDaddy.com, LLC","whois.godaddy.com","http://registrar.godaddy.com","Knot The Truth Limited","Knot The Truth Limited","","","London","","United Kingdom","","","","","","","","","","","","","","","","","","","","","","","","","","","","","","","","","","ns53.domaincontrol.com","ns54.domaincontrol.com","","","addPeriod","clientDeleteProhibited","clientRenewProhibited","clientTransferProhibited"
"43","markierungen.net","2020-05-09 23:57:19","2020-05-07","2020-05-07","2021-05-07","83","1&1 Internet AG","whois.schlund.info","http://1and1.com","REDACTED FOR PRIVACY","1&1 Internet Limited","REDACTED FOR PRIVACY","REDACTED FOR PRIVACY","GLS","REDACTED FOR PRIVACY","United Kingdom","dataprivacyprotected@1und1.de","REDACTED FOR PRIVACY","REDACTED FOR PRIVACY","REDACTED FOR PRIVACY","REDACTED FOR PRIVACY","REDACTED FOR PRIVACY","REDACTED FOR PRIVACY","REDACTED FOR PRIVACY","REDACTED FOR PRIVACY","REDACTED FOR PRIVACY","dataprivacyprotected@1und1.de","REDACTED FOR PRIVACY","REDACTED FOR PRIVACY","REDACTED FOR PRIVACY","REDACTED FOR PRIVACY","REDACTED FOR PRIVACY","REDACTED FOR PRIVACY","REDACTED FOR PRIVACY","REDACTED FOR PRIVACY","REDACTED FOR PRIVACY","dataprivacyprotected@1und1.de","REDACTED FOR PRIVACY","REDACTED FOR PRIVACY","","","","","","","","","","","ns1026.ui-dns.de","ns1036.ui-dns.biz","ns1063.ui-dns.com","ns1100.ui-dns.org","addPeriod","clientTransferProhibited","",""
"44","mecanicoadomicilio.net","2020-05-09 23:57:11","2020-05-07","2020-05-09","2021-05-07","83","1&1 Internet AG","whois.schlund.info","http://1and1.com","REDACTED FOR PRIVACY","1&1 Internet Limited","REDACTED FOR PRIVACY","REDACTED FOR PRIVACY","GLS","REDACTED FOR PRIVACY","United Kingdom","dataprivacyprotected@1und1.de","REDACTED FOR PRIVACY","REDACTED FOR PRIVACY","REDACTED FOR PRIVACY","REDACTED FOR PRIVACY","REDACTED FOR PRIVACY","REDACTED FOR PRIVACY","REDACTED FOR PRIVACY","REDACTED FOR PRIVACY","REDACTED FOR PRIVACY","dataprivacyprotected@1und1.de","REDACTED FOR PRIVACY","REDACTED FOR PRIVACY","REDACTED FOR PRIVACY","REDACTED FOR PRIVACY","REDACTED FOR PRIVACY","REDACTED FOR PRIVACY","REDACTED FOR PRIVACY","REDACTED FOR PRIVACY","REDACTED FOR PRIVACY","dataprivacyprotected@1und1.de","REDACTED FOR PRIVACY","REDACTED FOR PRIVACY","","","","","","","","","","","dns1.sered.net","dns2.sered.net","","","addPeriod","clientTransferProhibited","",""
"45","mee6.net","2020-05-09 23:57:10","2020-05-07","2020-05-07","2021-05-07","146","GoDaddy.com, LLC","whois.godaddy.com","http://registrar.godaddy.com","","","","","Covent Garden","","United Kingdom","","","","","","","","","","","","","","","","","","","","","","","","","","","","","","","","","","ns51.domaincontrol.com","ns52.domaincontrol.com","","","clientDeleteProhibited","clientRenewProhibited","clientTransferProhibited","clientUpdateProhibited"
"46","meta4frikaa.net","2020-05-09 23:57:07","2020-05-08","2020-05-08","2025-05-08","1860","Paragon Internet Group Ltd t/a Paragon Names","whois.nic.uk","http://paragonnames.com","REDACTED FOR PRIVACY","REDACTED FOR PRIVACY","REDACTED FOR PRIVACY","REDACTED FOR PRIVACY","Kent","REDACTED FOR PRIVACY","United Kingdom","","REDACTED FOR PRIVACY","REDACTED FOR PRIVACY","REDACTED FOR PRIVACY","REDACTED FOR PRIVACY","REDACTED FOR PRIVACY","REDACTED FOR PRIVACY","REDACTED FOR PRIVACY","REDACTED FOR PRIVACY","REDACTED FOR PRIVACY","","REDACTED FOR PRIVACY","REDACTED FOR PRIVACY","REDACTED FOR PRIVACY","REDACTED FOR PRIVACY","REDACTED FOR PRIVACY","REDACTED FOR PRIVACY","REDACTED FOR PRIVACY","REDACTED FOR PRIVACY","REDACTED FOR PRIVACY","","REDACTED FOR PRIVACY","REDACTED FOR PRIVACY","","","","","","","","","","","ns1.tsohost.co.uk","ns2.tsohost.co.uk","ns3.tsohost.co.uk","","clientTransferProhibited","clientUpdateProhibited","",""
"47","mrmovement.net","2020-05-09 23:56:49","2020-05-08","2020-05-08","2021-05-08","146","GoDaddy.com, LLC","whois.godaddy.com","http://registrar.godaddy.com","","","","","London","","United Kingdom","","","","","","","","","","","","","","","","","","","","","","","","","","","","","","","","","","ns57.domaincontrol.com","ns58.domaincontrol.com","","","clientDeleteProhibited","clientRenewProhibited","clientTransferProhibited","clientUpdateProhibited"
"48","mundocaptura.net","2020-05-09 23:56:45","2020-05-07","2020-05-07","2021-05-07","83","1&1 Internet AG","whois.schlund.info","http://1and1.com","REDACTED FOR PRIVACY","1&1 Internet Limited","REDACTED FOR PRIVACY","REDACTED FOR PRIVACY","GLS","REDACTED FOR PRIVACY","United Kingdom","dataprivacyprotected@1und1.de","REDACTED FOR PRIVACY","REDACTED FOR PRIVACY","REDACTED FOR PRIVACY","REDACTED FOR PRIVACY","REDACTED FOR PRIVACY","REDACTED FOR PRIVACY","REDACTED FOR PRIVACY","REDACTED FOR PRIVACY","REDACTED FOR PRIVACY","dataprivacyprotected@1und1.de","REDACTED FOR PRIVACY","REDACTED FOR PRIVACY","REDACTED FOR PRIVACY","REDACTED FOR PRIVACY","REDACTED FOR PRIVACY","REDACTED FOR PRIVACY","REDACTED FOR PRIVACY","REDACTED FOR PRIVACY","REDACTED FOR PRIVACY","dataprivacyprotected@1und1.de","REDACTED FOR PRIVACY","REDACTED FOR PRIVACY","","","","","","","","","","","ns1023.ui-dns.org","ns1054.ui-dns.biz","ns1124.ui-dns.de","ns1126.ui-dns.com","addPeriod","clientTransferProhibited","",""
"49","mybabyroo.net","2020-05-09 23:56:43","2020-05-08","2020-05-08","2023-05-08","1387","1API GmbH","whois.1api.net","http://www.1api.net","c/o WHOIStrustee.com Limited","Registrant of mybabyroo.net","6 Thornes Office Park Monckton Road","Wakefield","West Yorkshire","WF2 7AN","United Kingdom","914fab8b0a@mybabyroo.net.whoistrustee.com","+49.68416984300","","c/o WHOIStrustee.com Limited","Registrant of mybabyroo.net","6 Thornes Office Park Monckton Road","Wakefield","West Yorkshire","WF2 7AN","United Kingdom","914fab8b0a@mybabyroo.net.whoistrustee.com","+49.68416984300","","c/o WHOIStrustee.com Limited","Registrant of mybabyroo.net","6 Thornes Office Park Monckton Road","Wakefield","West Yorkshire","WF2 7AN","United Kingdom","914fab8b0a@mybabyroo.net.whoistrustee.com","+49.68416984300","","","","","","","","","","","","earth.sugardns.net","queen.sugardns.net","sky.sugardns.net","star.sugardns.net","clientTransferProhibited","","",""
"50","naughtyfeet.club","2020-05-09 20:35:31","2020-05-07","2020-05-07","2021-05-07","146","GoDaddy.com, LLC","whois.godaddy.com","http://registrar.godaddy.com","Elite academy london","Elite academy london","","","Middlesex","","United Kingdom","","","","","","","","","","","","","","","","","","","","","","","","","","","","","","","","","","ns0.thundercloud.uk","ns1.thundercloud.uk","","","addPeriod","clientDeleteProhibited","clientRenewProhibited","clientTransferProhibited"
"51","nhs-covid19.net","2020-05-09 23:56:20","2020-05-07","2020-05-07","2021-05-07","1515","Webfusion Ltd.","whois.123-reg.co.uk","http://www.123-reg.co.uk","REDACTED FOR PRIVACY","","REDACTED FOR PRIVACY","REDACTED FOR PRIVACY","","REDACTED FOR PRIVACY","United Kingdom","","REDACTED FOR PRIVACY","REDACTED FOR PRIVACY","","","","","","","","","","","","","","","","","","","","","","","","","","","","","","","ns.123-reg.co.uk","ns2.123-reg.co.uk","","","clientDeleteProhibited","clientTransferProhibited","clientUpdateProhibited",""
"52","notintheoffice.net","2020-05-09 23:56:10","2020-05-08","2020-05-08","2021-05-08","168","Register.it SPA","whois.register.it","http://we.register.it","REDACTED FOR PRIVACY","Design256 Limited","REDACTED FOR PRIVACY","REDACTED FOR PRIVACY","Suffolk","REDACTED FOR PRIVACY","United Kingdom","whoiscontact@names.co.uk","REDACTED.FORPRIVACY","REDACTED.FORPRIVACY","REDACTED FOR PRIVACY","REDACTED FOR PRIVACY","REDACTED FOR PRIVACY","REDACTED FOR PRIVACY","England","REDACTED FOR PRIVACY","United Kingdom","whoiscontact@names.co.uk","REDACTED.FORPRIVACY","REDACTED.FORPRIVACY","REDACTED FOR PRIVACY","Namesco Limited","REDACTED FOR PRIVACY","REDACTED FOR PRIVACY","England","REDACTED FOR PRIVACY","United Kingdom","whoiscontact@names.co.uk","REDACTED.FORPRIVACY","REDACTED.FORPRIVACY","","","","","","","","","","","ns0.phase8.net","ns1.phase8.net","ns2.phase8.net","","clientDeleteProhibited","clientTransferProhibited","clientUpdateProhibited",""
"53","notjustchristmasday.net","2020-05-09 23:56:12","2020-05-08","2020-05-08","2021-05-08","1515","Webfusion Ltd.","whois.123-reg.co.uk","http://www.123-reg.co.uk","REDACTED FOR PRIVACY","","REDACTED FOR PRIVACY","REDACTED FOR PRIVACY","","REDACTED FOR PRIVACY","United Kingdom","","REDACTED FOR PRIVACY","REDACTED FOR PRIVACY","","","","","","","","","","","","","","","","","","","","","","","","","","","","","","","ns.123-reg.co.uk","ns2.123-reg.co.uk","","","clientDeleteProhibited","clientTransferProhibited","clientUpdateProhibited",""
"54","nrt-lan.net","2020-05-09 23:56:09","2020-05-08","2020-05-08","2021-05-08","83","1&1 Internet AG","whois.schlund.info","http://1and1.com","REDACTED FOR PRIVACY","1&1 Internet Limited","REDACTED FOR PRIVACY","REDACTED FOR PRIVACY","GLS","REDACTED FOR PRIVACY","United Kingdom","dataprivacyprotected@1und1.de","REDACTED FOR PRIVACY","REDACTED FOR PRIVACY","REDACTED FOR PRIVACY","REDACTED FOR PRIVACY","REDACTED FOR PRIVACY","REDACTED FOR PRIVACY","REDACTED FOR PRIVACY","REDACTED FOR PRIVACY","REDACTED FOR PRIVACY","dataprivacyprotected@1und1.de","REDACTED FOR PRIVACY","REDACTED FOR PRIVACY","REDACTED FOR PRIVACY","REDACTED FOR PRIVACY","REDACTED FOR PRIVACY","REDACTED FOR PRIVACY","REDACTED FOR PRIVACY","REDACTED FOR PRIVACY","REDACTED FOR PRIVACY","dataprivacyprotected@1und1.de","REDACTED FOR PRIVACY","REDACTED FOR PRIVACY","","","","","","","","","","","ns1033.ui-dns.org","ns1039.ui-dns.biz","ns1055.ui-dns.de","ns1087.ui-dns.com","addPeriod","clientTransferProhibited","",""
"55","nrtlan.net","2020-05-09 23:56:09","2020-05-08","2020-05-08","2021-05-08","83","1&1 Internet AG","whois.schlund.info","http://1and1.com","REDACTED FOR PRIVACY","1&1 Internet Limited","REDACTED FOR PRIVACY","REDACTED FOR PRIVACY","GLS","REDACTED FOR PRIVACY","United Kingdom","dataprivacyprotected@1und1.de","REDACTED FOR PRIVACY","REDACTED FOR PRIVACY","REDACTED FOR PRIVACY","REDACTED FOR PRIVACY","REDACTED FOR PRIVACY","REDACTED FOR PRIVACY","REDACTED FOR PRIVACY","REDACTED FOR PRIVACY","REDACTED FOR PRIVACY","dataprivacyprotected@1und1.de","REDACTED FOR PRIVACY","REDACTED FOR PRIVACY","REDACTED FOR PRIVACY","REDACTED FOR PRIVACY","REDACTED FOR PRIVACY","REDACTED FOR PRIVACY","REDACTED FOR PRIVACY","REDACTED FOR PRIVACY","REDACTED FOR PRIVACY","dataprivacyprotected@1und1.de","REDACTED FOR PRIVACY","REDACTED FOR PRIVACY","","","","","","","","","","","ns1033.ui-dns.org","ns1039.ui-dns.biz","ns1055.ui-dns.de","ns1087.ui-dns.com","addPeriod","clientTransferProhibited","",""
"56","nuestracarta.club","2020-05-09 20:35:27","2020-05-07","2020-05-07","2021-05-07","83","1&1 Internet AG","whois.schlund.info","http://1and1.com","1&1 Internet Limited","1&1 Internet Limited","","","GLS","","United Kingdom","","","","","","","","","","","","","","","","","","","","","","","","","","","","","","","","","","ns1051.ui-dns.com","ns1065.ui-dns.biz","ns1105.ui-dns.org","ns1114.ui-dns.de","addPeriod","clientTransferProhibited","",""
"57","pageset.net","2020-05-09 23:56:01","2020-05-07","2020-05-07","2021-05-07","625","Name.com, Inc.","whois.name.com","http://www.name.com","Non-Public Data","Suba Systems Ltd","Non-Public Data","Non-Public Data","England","00000","United Kingdom","","+00.0000000","","Non-Public Data","Non-Public Data","Non-Public Data","Non-Public Data","Non-Public Data","00000","","","+00.0000000","","Non-Public Data","Non-Public Data","Non-Public Data","Non-Public Data","Non-Public Data","00000","","","+00.0000000","","","","","","","","","","","","ns1hnx.name.com","ns2ckr.name.com","ns3cpr.name.com","ns4gvx.name.com","addPeriod","clientTransferProhibited","",""
"58","paosp.net","2020-05-09 23:56:00","2020-05-07","2020-05-07","2021-05-07","299","CSC Corporate Domains, Inc.","whois.corporatedomains.com","http://www.cscglobal.com/global/web/csc/digital-brand-services","Domain Administrator","PA Consulting Group","10 Bressenden Place","London","London","SW1E 5DN","United Kingdom","domain.name@paconsulting.com","+44.2073335865","+44.2073335050","Domain Administrator","PA Consulting Group","10 Bressenden Place","London","London","SW1E 5DN","United Kingdom","domain.name@paconsulting.com","+44.2073335865","+44.2073335050","DNS Administrator","CSC Corporate Domains, Inc.","251 Little Falls Drive","Wilmington","DE","19808","United States","dns-admin@cscglobal.com","+1.3026365400","+1.3026365454","","","","","","","","","","","dns1.cscdns.net","dns2.cscdns.net","","","clientTransferProhibited","","",""
"59","phpfabrik.net","2020-05-09 23:55:56","2020-05-08","2020-05-08","2021-05-08","83","1&1 Internet AG","whois.schlund.info","http://1and1.com","REDACTED FOR PRIVACY","1&1 Internet Limited","REDACTED FOR PRIVACY","REDACTED FOR PRIVACY","GLS","REDACTED FOR PRIVACY","United Kingdom","dataprivacyprotected@1und1.de","REDACTED FOR PRIVACY","REDACTED FOR PRIVACY","REDACTED FOR PRIVACY","REDACTED FOR PRIVACY","REDACTED FOR PRIVACY","REDACTED FOR PRIVACY","REDACTED FOR PRIVACY","REDACTED FOR PRIVACY","REDACTED FOR PRIVACY","dataprivacyprotected@1und1.de","REDACTED FOR PRIVACY","REDACTED FOR PRIVACY","REDACTED FOR PRIVACY","REDACTED FOR PRIVACY","REDACTED FOR PRIVACY","REDACTED FOR PRIVACY","REDACTED FOR PRIVACY","REDACTED FOR PRIVACY","REDACTED FOR PRIVACY","dataprivacyprotected@1und1.de","REDACTED FOR PRIVACY","REDACTED FOR PRIVACY","","","","","","","","","","","ns1075.ui-dns.com","ns1082.ui-dns.de","ns1086.ui-dns.biz","ns1099.ui-dns.org","addPeriod","clientTransferProhibited","",""
"60","pickyourbrain.expert","2020-05-09 22:10:40","2020-05-07","2020-05-07","2021-05-07","146","GoDaddy.com, LLC","whois.godaddy.com","http://registrar.godaddy.com","REDACTED FOR PRIVACY","","REDACTED FOR PRIVACY","REDACTED FOR PRIVACY","","REDACTED FOR PRIVACY","United Kingdom","","REDACTED FOR PRIVACY","REDACTED FOR PRIVACY","","","","","","","","","","","","","","","","","","","","","","","","","","","","","","","","","","","addPeriod","clientDeleteProhibited","clientRenewProhibited","clientTransferProhibited"
"61","plusesports.net","2020-05-09 23:55:54","2020-05-07","2020-05-07","2021-05-07","83","1&1 Internet AG","whois.schlund.info","http://1and1.com","REDACTED FOR PRIVACY","1&1 Internet Limited","REDACTED FOR PRIVACY","REDACTED FOR PRIVACY","GLS","REDACTED FOR PRIVACY","United Kingdom","dataprivacyprotected@1und1.de","REDACTED FOR PRIVACY","REDACTED FOR PRIVACY","REDACTED FOR PRIVACY","REDACTED FOR PRIVACY","REDACTED FOR PRIVACY","REDACTED FOR PRIVACY","REDACTED FOR PRIVACY","REDACTED FOR PRIVACY","REDACTED FOR PRIVACY","dataprivacyprotected@1und1.de","REDACTED FOR PRIVACY","REDACTED FOR PRIVACY","REDACTED FOR PRIVACY","REDACTED FOR PRIVACY","REDACTED FOR PRIVACY","REDACTED FOR PRIVACY","REDACTED FOR PRIVACY","REDACTED FOR PRIVACY","REDACTED FOR PRIVACY","dataprivacyprotected@1und1.de","REDACTED FOR PRIVACY","REDACTED FOR PRIVACY","","","","","","","","","","","ns1026.ui-dns.de","ns1036.ui-dns.biz","ns1063.ui-dns.com","ns1100.ui-dns.org","addPeriod","clientTransferProhibited","",""
"62","poznan-property.net","2020-05-09 23:55:52","2020-05-08","2020-05-08","2021-05-08","146","GoDaddy.com, LLC","whois.godaddy.com","http://registrar.godaddy.com","","","","","Lancashire","","United Kingdom","","","","","","","","","","","","","","","","","","","","","","","","","","","","","","","","","","ns57.domaincontrol.com","ns58.domaincontrol.com","","","clientDeleteProhibited","clientRenewProhibited","clientTransferProhibited","clientUpdateProhibited"
"63","prestigegamer.net","2020-05-09 23:55:52","2020-05-08","2020-05-08","2021-05-08","69","Tucows Domains Inc.","whois.tucows.com","http://domainhelp.opensrs.net","REDACTED FOR PRIVACY","REDACTED FOR PRIVACY","REDACTED FOR PRIVACY","REDACTED FOR PRIVACY","Greater Manchester","REDACTED FOR PRIVACY","United Kingdom","","REDACTED FOR PRIVACY","REDACTED FOR PRIVACY","REDACTED FOR PRIVACY","REDACTED FOR PRIVACY","REDACTED FOR PRIVACY","REDACTED FOR PRIVACY","REDACTED FOR PRIVACY","REDACTED FOR PRIVACY","REDACTED FOR PRIVACY","","REDACTED FOR PRIVACY","REDACTED FOR PRIVACY","REDACTED FOR PRIVACY","REDACTED FOR PRIVACY","REDACTED FOR PRIVACY","REDACTED FOR PRIVACY","REDACTED FOR PRIVACY","REDACTED FOR PRIVACY","REDACTED FOR PRIVACY","","REDACTED FOR PRIVACY","REDACTED FOR PRIVACY","","","","","","","","","","","ns1.livedns.co.uk","ns2.livedns.co.uk","ns3.livedns.co.uk","","clientTransferProhibited","clientUpdateProhibited","",""
"64","profilertonus.net","2020-05-09 23:55:52","2020-05-08","2020-05-08","2021-05-08","83","1&1 Internet AG","whois.schlund.info","http://1and1.com","REDACTED FOR PRIVACY","1&1 Internet Limited","REDACTED FOR PRIVACY","REDACTED FOR PRIVACY","GLS","REDACTED FOR PRIVACY","United Kingdom","dataprivacyprotected@1und1.de","REDACTED FOR PRIVACY","REDACTED FOR PRIVACY","REDACTED FOR PRIVACY","REDACTED FOR PRIVACY","REDACTED FOR PRIVACY","REDACTED FOR PRIVACY","REDACTED FOR PRIVACY","REDACTED FOR PRIVACY","REDACTED FOR PRIVACY","dataprivacyprotected@1und1.de","REDACTED FOR PRIVACY","REDACTED FOR PRIVACY","REDACTED FOR PRIVACY","REDACTED FOR PRIVACY","REDACTED FOR PRIVACY","REDACTED FOR PRIVACY","REDACTED FOR PRIVACY","REDACTED FOR PRIVACY","REDACTED FOR PRIVACY","dataprivacyprotected@1und1.de","REDACTED FOR PRIVACY","REDACTED FOR PRIVACY","","","","","","","","","","","ns1031.ui-dns.biz","ns1036.ui-dns.org","ns1095.ui-dns.de","ns1112.ui-dns.com","addPeriod","clientTransferProhibited","",""
"65","propertygecko.net","2020-05-09 23:55:52","2020-05-08","2020-05-08","2021-05-08","146","GoDaddy.com, LLC","whois.godaddy.com","http://registrar.godaddy.com","","","","","Worcestershire","","United Kingdom","","","","","","","","","","","","","","","","","","","","","","","","","","","","","","","","","","ns65.domaincontrol.com","ns66.domaincontrol.com","","","clientDeleteProhibited","clientRenewProhibited","clientTransferProhibited","clientUpdateProhibited"
"66","psychologie.coach","2020-05-09 20:34:11","2020-05-07","2020-05-07","2021-05-07","1345","Key-Systems, LLC","whois.nic.uk","http://www.key-systems.net/","REDACTED FOR PRIVACY","ABARINA LLC","REDACTED FOR PRIVACY","REDACTED FOR PRIVACY","OXFORD","REDACTED FOR PRIVACY","United Kingdom","","REDACTED FOR PRIVACY","REDACTED FOR PRIVACY","","","","","","","","","","","","","","","","","","","","","","","","","","","","","","","","","","","addPeriod","clientTransferProhibited","",""
"67","purefitness.equipment","2020-05-09 22:11:15","2020-05-07","2020-05-07","2021-05-07","1390","Mesh Digital Limited","whois.meshdigital.com","http://www.meshdigital.com","REDACTED FOR PRIVACY","","REDACTED FOR PRIVACY","REDACTED FOR PRIVACY","","REDACTED FOR PRIVACY","United Kingdom","","REDACTED FOR PRIVACY","REDACTED FOR PRIVACY","","","","","","","","","","","","","","","","","","","","","","","","","","","","","","","","","","","addPeriod","clientDeleteProhibited","clientTransferProhibited","clientUpdateProhibited"
"68","rd360.agency","2020-05-09 14:54:29","2020-05-08","2020-05-08","2021-05-08","1390","Mesh Digital Limited","whois.meshdigital.com","http://www.meshdigital.com","REDACTED FOR PRIVACY","Identity Protect Limited","REDACTED FOR PRIVACY","REDACTED FOR PRIVACY","Middlesex","REDACTED FOR PRIVACY","United Kingdom","","REDACTED FOR PRIVACY","REDACTED FOR PRIVACY","","","","","","","","","","","","","","","","","","","","","","","","","","","","","","","","","","","addPeriod","clientDeleteProhibited","clientTransferProhibited","clientUpdateProhibited"
"69","restoreskincare.club","2020-05-09 20:35:01","2020-05-07","2020-05-07","2021-05-07","146","GoDaddy.com, LLC","whois.godaddy.com","http://registrar.godaddy.com","A Think Labs Ltd","A Think Labs Ltd","","","London","","United Kingdom","","","","","","","","","","","","","","","","","","","","","","","","","","","","","","","","","","lia.ns.cloudflare.com","zod.ns.cloudflare.com","","","addPeriod","clientDeleteProhibited","clientRenewProhibited","clientTransferProhibited"
"70","royaldiaper.company","2020-05-09 20:44:14","2020-05-07","2020-05-07","2021-05-07","1443","Vautron Rechenzentrum AG","whois.antagus.de","http://www.vautron.de","REDACTED FOR PRIVACY","Designo","REDACTED FOR PRIVACY","REDACTED FOR PRIVACY","","REDACTED FOR PRIVACY","United Kingdom","","REDACTED FOR PRIVACY","REDACTED FOR PRIVACY","","","","","","","","","","","","","","","","","","","","","","","","","","","","","","","","","","","addPeriod","","",""
"71","sandio.academy","2020-05-09 14:42:50","2020-05-08","2020-05-08","2021-05-08","1390","Mesh Digital Limited","whois.meshdigital.com","http://www.meshdigital.com","REDACTED FOR PRIVACY","","REDACTED FOR PRIVACY","REDACTED FOR PRIVACY","","REDACTED FOR PRIVACY","United Kingdom","","REDACTED FOR PRIVACY","REDACTED FOR PRIVACY","","","","","","","","","","","","","","","","","","","","","","","","","","","","","","","","","","","addPeriod","clientDeleteProhibited","clientTransferProhibited","clientUpdateProhibited"
"72","steamingbean.coffee","2020-05-09 20:34:07","2020-05-08","2020-05-08","2021-05-08","1387","1API GmbH","whois.1api.net","http://www.1api.net","REDACTED FOR PRIVACY","Registrant of steamingbean.coffee","REDACTED FOR PRIVACY","REDACTED FOR PRIVACY","West Yorkshire","REDACTED FOR PRIVACY","United Kingdom","","REDACTED FOR PRIVACY","REDACTED FOR PRIVACY","","","","","","","","","","","","","","","","","","","","","","","","","","","","","","","","","","","addPeriod","clientTransferProhibited","",""
"73","sterlingstaffing.solutions","2020-05-10 01:06:48","2020-05-07","2020-05-07","2021-05-07","2","Network Solutions, LLC","whois.networksolutions.com","http://networksolutions.com","REDACTED FOR PRIVACY","","REDACTED FOR PRIVACY","REDACTED FOR PRIVACY","","REDACTED FOR PRIVACY","United Kingdom","","REDACTED FOR PRIVACY","REDACTED FOR PRIVACY","","","","","","","","","","","","","","","","","","","","","","","","","","","","","","","","","","","addPeriod","clientTransferProhibited","",""
"74","subcultureshop.club","2020-05-09 20:34:44","2020-05-07","2020-05-07","2022-05-07","83","1&1 Internet AG","whois.schlund.info","http://1and1.com","1&1 Internet Limited","1&1 Internet Limited","","","GLS","","United Kingdom","","","","","","","","","","","","","","","","","","","","","","","","","","","","","","","","","","ns1082.ui-dns.biz","ns1101.ui-dns.de","ns1109.ui-dns.org","ns1116.ui-dns.com","addPeriod","clientTransferProhibited","",""
"75","teamrock.biz","2020-05-09 06:44:32","2020-04-30","2020-05-05","2021-04-30","146","GoDaddy.com, LLC","whois.godaddy.com","http://registrar.godaddy.com","","","","","South Glos","","United Kingdom","","","","","","","","","","","","","","","","","","","","","","","","","","","","","","","","","","ns09.domaincontrol.com","ns10.domaincontrol.com","","","clientDeleteProhibited","clientRenewProhibited","clientTransferProhibited","clientUpdateProhibited"
"76","teetalks.biz","2020-05-09 06:40:11","2020-05-06","2020-05-06","2021-05-06","2","Network Solutions, LLC","whois.networksolutions.com","http://networksolutions.com","","","","","","","United Kingdom","","","","","","","","","","","","","","","","","","","","","","","","","","","","","","","","","","ns4.wixdns.net","ns5.wixdns.net","","","addPeriod","clientTransferProhibited","",""
"77","testingc19.biz","2020-05-09 19:18:23","2020-05-07","2020-05-07","2021-05-07","146","GoDaddy.com, LLC","whois.godaddy.com","http://registrar.godaddy.com","","","","","Surrey","","United Kingdom","","","","","","","","","","","","","","","","","","","","","","","","","","","","","","","","","","ns35.domaincontrol.com","ns36.domaincontrol.com","","","addPeriod","clientDeleteProhibited","clientRenewProhibited","clientTransferProhibited"
"78","theenergy.coach","2020-05-09 20:34:10","2020-05-07","2020-05-07","2021-05-07","146","GoDaddy.com, LLC","whois.godaddy.com","http://registrar.godaddy.com","REDACTED FOR PRIVACY","","REDACTED FOR PRIVACY","REDACTED FOR PRIVACY","Surrey","REDACTED FOR PRIVACY","United Kingdom","","REDACTED FOR PRIVACY","REDACTED FOR PRIVACY","","","","","","","","","","","","","","","","","","","","","","","","","","","","","","","","","","","addPeriod","clientDeleteProhibited","clientRenewProhibited","clientTransferProhibited"
"79","tongues.club","2020-05-09 20:34:35","2020-05-07","2020-05-07","2021-05-07","146","GoDaddy.com, LLC","whois.godaddy.com","http://registrar.godaddy.com","","","","","West Midlands","","United Kingdom","","","","","","","","","","","","","","","","","","","","","","","","","","","","","","","","","","ns37.domaincontrol.com","ns38.domaincontrol.com","","","addPeriod","clientDeleteProhibited","clientRenewProhibited","clientTransferProhibited"
"80","uex.solutions","2020-05-10 01:06:44","2020-05-07","2020-05-07","2022-05-07","146","GoDaddy.com, LLC","whois.godaddy.com","http://registrar.godaddy.com","REDACTED FOR PRIVACY","Ulster Exhibitions Limited","REDACTED FOR PRIVACY","REDACTED FOR PRIVACY","County Down","REDACTED FOR PRIVACY","United Kingdom","","REDACTED FOR PRIVACY","REDACTED FOR PRIVACY","","","","","","","","","","","","","","","","","","","","","","","","","","","","","","","","","","","addPeriod","clientDeleteProhibited","clientRenewProhibited","clientTransferProhibited"
"81","vendre-plus.club","2020-05-09 20:34:27","2020-05-07","2020-05-07","2021-05-07","83","1&1 Internet AG","whois.schlund.info","http://1and1.com","1&1 Internet Limited","1&1 Internet Limited","","","GLS","","United Kingdom","","","","","","","","","","","","","","","","","","","","","","","","","","","","","","","","","","ns1062.ui-dns.biz","ns1074.ui-dns.de","ns1103.ui-dns.com","ns1118.ui-dns.org","addPeriod","clientTransferProhibited","",""