"num","domain_name","query_time","create_date","update_date","expiry_date","domain_registrar_id","domain_registrar_name","domain_registrar_whois","domain_registrar_url","registrant_name","registrant_company","registrant_address","registrant_city","registrant_state","registrant_zip","registrant_country","registrant_email","registrant_phone","registrant_fax","administrative_name","administrative_company","administrative_address","administrative_city","administrative_state","administrative_zip","administrative_country","administrative_email","administrative_phone","administrative_fax","technical_name","technical_company","technical_address","technical_city","technical_state","technical_zip","technical_country","technical_email","technical_phone","technical_fax","billing_name","billing_company","billing_address","billing_city","billing_state","billing_zip","billing_country","billing_email","billing_phone","billing_fax","name_server_1","name_server_2","name_server_3","name_server_4","domain_status_1","domain_status_2","domain_status_3","domain_status_4"
"1","999buzz.com","2020-05-07 00:05:09","2020-05-05","2020-05-05","2021-05-05","1660","Domainshype.com, Inc.","whois.domainshype.com","http://www.domainshype.com","Surinder Singh","","4D/40 Old Rajinder Nagar, New Delhi","New Delhi","Delhi","110060","India","getcaptain@outlook.com","+91.9999749299","","Surinder Singh","","4D/40 Old Rajinder Nagar, New Delhi","New Delhi","Delhi","110060","India","getcaptain@outlook.com","+91.9999749299","","Surinder Singh","","4D/40 Old Rajinder Nagar, New Delhi","New Delhi","Delhi","110060","India","getcaptain@outlook.com","+91.9999749299","","","","","","","","","","","","ns1.md-in-89.hostgatorwebservers.com","ns2.md-in-89.hostgatorwebservers.com","","","clientTransferProhibited","","",""
"2","abstractbrains.com","2020-05-06 20:26:03","2020-05-05","2020-05-05","2021-05-05","1660","Domainshype.com, Inc.","whois.domainshype.com","http://www.domainshype.com","Rahul Goyal","","Defence Colony Cantt. Road Near Dutt House Nabha","Nabha","Other","147201","India","rahulgoyal199@gmail.com","+91.7696857220","","Rahul Goyal","","Defence Colony Cantt. Road Near Dutt House Nabha","Nabha","Other","147201","India","rahulgoyal199@gmail.com","+91.7696857220","","Rahul Goyal","","Defence Colony Cantt. Road Near Dutt House Nabha","Nabha","Other","147201","India","rahulgoyal199@gmail.com","+91.7696857220","","","","","","","","","","","","dns1.hostgator.in","dns2.hostgator.in","dns3.hostgator.in","dns4.hostgator.in","clientTransferProhibited","","",""
"3","aceadvertise.com","2020-05-06 20:55:33","2020-05-04","2020-05-04","2021-05-04","1660","Domainshype.com, Inc.","whois.domainshype.com","http://www.domainshype.com","This Domain For Sale Worldwide 339 222 5132","Buydomains.com","738 Main Street, #389","Waltham","Massachusetts","02451","United States","brokerage@buydomains.com","+1.3392225132","+1.7818392801","This Domain For Sale Worldwide 339 222 5132","Buydomains.com","738 Main Street, #389","Waltham","Massachusetts","02451","United States","brokerage@buydomains.com","+1.3392225132","+1.7818392801","This Domain For Sale Worldwide 339 222 5132","Buydomains.com","738 Main Street, #389","Waltham","Massachusetts","02451","United States","brokerage@buydomains.com","+1.3392225132","+1.7818392801","","","","","","","","","","","ns.buydomains.com","this-domain-for-sale.com","","","clientTransferProhibited","","",""
"4","altaharat.com","2020-05-06 20:44:07","2020-05-04","2020-05-04","2021-05-04","1660","Domainshype.com, Inc.","whois.domainshype.com","http://www.domainshype.com","Domain Admin","Privacy Protect, LLC (PrivacyProtect.org)","10 Corporate Drive","Burlington","MA","01803","United States","contact@privacyprotect.org","+1.8022274003","","Domain Admin","Privacy Protect, LLC (PrivacyProtect.org)","10 Corporate Drive","Burlington","MA","01803","United States","contact@privacyprotect.org","+1.8022274003","","Domain Admin","Privacy Protect, LLC (PrivacyProtect.org)","10 Corporate Drive","Burlington","MA","01803","United States","contact@privacyprotect.org","+1.8022274003","","","","","","","","","","","","ns63.domaincontrol.com","ns64.domaincontrol.com","","","clientTransferProhibited","","",""
"5","aniruddha-utsav.com","2020-05-06 22:16:27","2020-05-05","2020-05-05","2021-05-05","1660","Domainshype.com, Inc.","whois.domainshype.com","http://www.domainshype.com","Pushkar Rode","","Mana Shanti Behind RBL Bank Old Katrap Road Badlapur EAST","Badlapur","Maharashtra","421503","India","rode.pushkar@gmail.com","+91.9594961775","","Pushkar Rode","","Mana Shanti Behind RBL Bank Old Katrap Road Badlapur EAST","Badlapur","Maharashtra","421503","India","rode.pushkar@gmail.com","+91.9594961775","","Pushkar Rode","","Mana Shanti Behind RBL Bank Old Katrap Road Badlapur EAST","Badlapur","Maharashtra","421503","India","rode.pushkar@gmail.com","+91.9594961775","","","","","","","","","","","","ns1.cp-in-20.webhostbox.net","ns2.cp-in-20.webhostbox.net","","","clientTransferProhibited","","",""
"6","apjepl.com","2020-05-06 23:27:06","2020-05-05","2020-05-05","2021-05-05","1660","Domainshype.com, Inc.","whois.domainshype.com","http://www.domainshype.com","faheem khan","","246 IGS corp comp mahim E","MUMBAI","Other","400017","India","fskapj@gmail.com","+91.23077926","","faheem khan","","246 IGS corp comp mahim E","MUMBAI","Other","400017","India","fskapj@gmail.com","+91.23077926","","faheem khan","","246 IGS corp comp mahim E","MUMBAI","Other","400017","India","fskapj@gmail.com","+91.23077926","","","","","","","","","","","","ridge.ns.cloudflare.com","shubhi.ns.cloudflare.com","","","clientTransferProhibited","","",""
"7","arunnaironline.com","2020-05-06 23:17:46","2020-05-05","2020-05-05","2023-05-05","1660","Domainshype.com, Inc.","whois.domainshype.com","http://www.domainshype.com","Arun Nair","","154 B Pocket A 3 Mayur Vihar Phase 3","New Delhi","Delhi","110096","India","arun7710@gmail.com","+91.9910877479","","Arun Nair","","154 B Pocket A 3 Mayur Vihar Phase 3","New Delhi","Delhi","110096","India","arun7710@gmail.com","+91.9910877479","","Arun Nair","","154 B Pocket A 3 Mayur Vihar Phase 3","New Delhi","Delhi","110096","India","arun7710@gmail.com","+91.9910877479","","","","","","","","","","","","sns1.hostgator.in","sns2.hostgator.in","","","clientTransferProhibited","","",""
"8","astroguruanil.com","2020-05-06 19:26:12","2020-05-05","2020-05-05","2021-05-05","1660","Domainshype.com, Inc.","whois.domainshype.com","http://www.domainshype.com","Domain Admin","Privacy Protect, LLC (PrivacyProtect.org)","10 Corporate Drive","Burlington","MA","01803","United States","contact@privacyprotect.org","+1.8022274003","","Domain Admin","Privacy Protect, LLC (PrivacyProtect.org)","10 Corporate Drive","Burlington","MA","01803","United States","contact@privacyprotect.org","+1.8022274003","","Domain Admin","Privacy Protect, LLC (PrivacyProtect.org)","10 Corporate Drive","Burlington","MA","01803","United States","contact@privacyprotect.org","+1.8022274003","","","","","","","","","","","","ns1.md-in-86.hostgatorwebservers.com","ns2.md-in-86.hostgatorwebservers.com","","","clientTransferProhibited","","",""
"9","bahusyam.com","2020-05-06 23:43:36","2020-05-05","2020-05-05","2023-05-05","1660","Domainshype.com, Inc.","whois.domainshype.com","http://www.domainshype.com","Sirish K","","HOUSE NUMBER 1611199","HYDERABAD","4284","500036","India","mrsirishk@gmail.com","+91.9441062942","","Sirish K","","HOUSE NUMBER 1611199","HYDERABAD","4284","500036","India","mrsirishk@gmail.com","+91.9441062942","","Sirish K","","HOUSE NUMBER 1611199","HYDERABAD","4284","500036","India","mrsirishk@gmail.com","+91.9441062942","","","","","","","","","","","","ns1.cp-46.hostgatorwebservers.com","ns2.cp-46.hostgatorwebservers.com","","","clientTransferProhibited","","",""
"10","beautifulatlas.com","2020-05-06 21:18:05","2020-05-04","2020-05-04","2021-05-04","1660","Domainshype.com, Inc.","whois.domainshype.com","http://www.domainshype.com","This Domain For Sale Worldwide 339 222 5132","Buydomains.com","738 Main Street, #389","Waltham","Massachusetts","02451","United States","brokerage@buydomains.com","+1.3392225132","+1.7818392801","This Domain For Sale Worldwide 339 222 5132","Buydomains.com","738 Main Street, #389","Waltham","Massachusetts","02451","United States","brokerage@buydomains.com","+1.3392225132","+1.7818392801","This Domain For Sale Worldwide 339 222 5132","Buydomains.com","738 Main Street, #389","Waltham","Massachusetts","02451","United States","brokerage@buydomains.com","+1.3392225132","+1.7818392801","","","","","","","","","","","ns.buydomains.com","this-domain-for-sale.com","","","clientTransferProhibited","","",""
"11","bestsmartwork.com","2020-05-06 23:52:51","2020-05-05","2020-05-05","2021-05-05","1660","Domainshype.com, Inc.","whois.domainshype.com","http://www.domainshype.com","Bajrang lal sival","","Udwala","Bidasar","Rajasthan","331517","India","bajrangsival@gmail.com","+91.9511536559","","Bajrang lal sival","","Udwala","Bidasar","Rajasthan","331517","India","bajrangsival@gmail.com","+91.9511536559","","Bajrang lal sival","","Udwala","Bidasar","Rajasthan","331517","India","bajrangsival@gmail.com","+91.9511536559","","","","","","","","","","","","dns1.hostgator.in","dns2.hostgator.in","dns3.hostgator.in","dns4.hostgator.in","clientTransferProhibited","","",""
"12","cakepopsicles.com","2020-05-06 21:00:55","2020-05-04","2020-05-04","2021-05-04","1660","Domainshype.com, Inc.","whois.domainshype.com","http://www.domainshype.com","This Domain For Sale Worldwide 339 222 5132","Buydomains.com","738 Main Street, #389","Waltham","Massachusetts","02451","United States","brokerage@buydomains.com","+1.3392225132","+1.7818392801","This Domain For Sale Worldwide 339 222 5132","Buydomains.com","738 Main Street, #389","Waltham","Massachusetts","02451","United States","brokerage@buydomains.com","+1.3392225132","+1.7818392801","This Domain For Sale Worldwide 339 222 5132","Buydomains.com","738 Main Street, #389","Waltham","Massachusetts","02451","United States","brokerage@buydomains.com","+1.3392225132","+1.7818392801","","","","","","","","","","","ns.buydomains.com","this-domain-for-sale.com","","","clientTransferProhibited","","",""
"13","cleaningblue.com","2020-05-06 21:03:39","2020-05-04","2020-05-04","2021-05-04","1660","Domainshype.com, Inc.","whois.domainshype.com","http://www.domainshype.com","This Domain For Sale Worldwide 339 222 5132","Buydomains.com","738 Main Street, #389","Waltham","Massachusetts","02451","United States","brokerage@buydomains.com","+1.3392225132","+1.7818392801","This Domain For Sale Worldwide 339 222 5132","Buydomains.com","738 Main Street, #389","Waltham","Massachusetts","02451","United States","brokerage@buydomains.com","+1.3392225132","+1.7818392801","This Domain For Sale Worldwide 339 222 5132","Buydomains.com","738 Main Street, #389","Waltham","Massachusetts","02451","United States","brokerage@buydomains.com","+1.3392225132","+1.7818392801","","","","","","","","","","","ns.buydomains.com","this-domain-for-sale.com","","","clientTransferProhibited","","",""
"14","clickcorrect.com","2020-05-06 20:59:31","2020-05-04","2020-05-04","2021-05-04","1660","Domainshype.com, Inc.","whois.domainshype.com","http://www.domainshype.com","This Domain For Sale Worldwide 339 222 5132","Buydomains.com","738 Main Street, #389","Waltham","Massachusetts","02451","United States","brokerage@buydomains.com","+1.3392225132","+1.7818392801","This Domain For Sale Worldwide 339 222 5132","Buydomains.com","738 Main Street, #389","Waltham","Massachusetts","02451","United States","brokerage@buydomains.com","+1.3392225132","+1.7818392801","This Domain For Sale Worldwide 339 222 5132","Buydomains.com","738 Main Street, #389","Waltham","Massachusetts","02451","United States","brokerage@buydomains.com","+1.3392225132","+1.7818392801","","","","","","","","","","","ns.buydomains.com","this-domain-for-sale.com","","","clientTransferProhibited","","",""
"15","cnewssquare.com","2020-05-06 23:48:45","2020-05-05","2020-05-05","2021-05-05","1660","Domainshype.com, Inc.","whois.domainshype.com","http://www.domainshype.com","Gunesh Deosthali","Appiphy Solutions LLP","Mahatma Phule Museum, 1st flr, 1203 Ghole Rd, Shivaji Nagar","PUNE","Maharashtra","411004","India","guneshspace@gmail.com","+91.9881019414","","Gunesh Deosthali","Appiphy Solutions LLP","Mahatma Phule Museum, 1st flr, 1203 Ghole Rd, Shivaji Nagar","PUNE","Maharashtra","411004","India","guneshspace@gmail.com","+91.9881019414","","Gunesh Deosthali","Appiphy Solutions LLP","Mahatma Phule Museum, 1st flr, 1203 Ghole Rd, Shivaji Nagar","PUNE","Maharashtra","411004","India","guneshspace@gmail.com","+91.9881019414","","","","","","","","","","","","dns1.hostgator.in","dns2.hostgator.in","dns3.hostgator.in","dns4.hostgator.in","clientTransferProhibited","","",""
"16","coursemarvels.com","2020-05-06 23:39:24","2020-05-05","2020-05-05","2021-05-05","1660","Domainshype.com, Inc.","whois.domainshype.com","http://www.domainshype.com","Slide Marvels","","Chennai","Chennai","1739","600100","India","sridharvisualdesigns@gmail.com","+91.9789897287","","Slide Marvels","","Chennai","Chennai","1739","600100","India","sridharvisualdesigns@gmail.com","+91.9789897287","","Slide Marvels","","Chennai","Chennai","1739","600100","India","sridharvisualdesigns@gmail.com","+91.9789897287","","","","","","","","","","","","beth.ns.cloudflare.com","sid.ns.cloudflare.com","","","clientTransferProhibited","","",""
"17","cricketertv.com","2020-05-06 23:38:32","2020-05-05","2020-05-05","2021-05-05","1660","Domainshype.com, Inc.","whois.domainshype.com","http://www.domainshype.com","venkatsai","","seetharambagh opp ramleela ground in Hyderabad","hyderabad","4284","500001","India","kamalcharizard@gmail.com","+91.7675026497","","venkatsai","","seetharambagh opp ramleela ground in Hyderabad","hyderabad","4284","500001","India","kamalcharizard@gmail.com","+91.7675026497","","venkatsai","","seetharambagh opp ramleela ground in Hyderabad","hyderabad","4284","500001","India","kamalcharizard@gmail.com","+91.7675026497","","","","","","","","","","","","ns1.cp-in-13.webhostbox.net","ns2.cp-in-13.webhostbox.net","","","clientTransferProhibited","","",""
"18","doodlydo.com","2020-05-07 00:04:00","2020-05-05","2020-05-05","2021-05-05","1660","Domainshype.com, Inc.","whois.domainshype.com","http://www.domainshype.com","Satish g","","No 24 3rd cross pooja garden kalkere","Bangalore","1725","560043","India","satish.gajendran@gmail.com","+91.09164752256","","Satish g","","No 24 3rd cross pooja garden kalkere","Bangalore","1725","560043","India","satish.gajendran@gmail.com","+91.09164752256","","Satish g","","No 24 3rd cross pooja garden kalkere","Bangalore","1725","560043","India","satish.gajendran@gmail.com","+91.09164752256","","","","","","","","","","","","ns1.md-in-51.webhostbox.net","ns2.md-in-51.webhostbox.net","","","clientTransferProhibited","","",""
"19","durvatrainingcenter.com","2020-05-06 23:32:33","2020-05-05","2020-05-05","2021-05-05","1660","Domainshype.com, Inc.","whois.domainshype.com","http://www.domainshype.com","Anil Lokhande","","katol","Nagpur","Maharashtra","441302","India","nikhillokhande7786@gmail.com","+91.9823460815","","Anil Lokhande","","katol","Nagpur","Maharashtra","441302","India","nikhillokhande7786@gmail.com","+91.9823460815","","Anil Lokhande","","katol","Nagpur","Maharashtra","441302","India","nikhillokhande7786@gmail.com","+91.9823460815","","","","","","","","","","","","ns1.cp-in-11.webhostbox.net","ns2.cp-in-11.webhostbox.net","","","clientTransferProhibited","","",""
"20","formulaformarketing.com","2020-05-06 23:00:14","2020-05-05","2020-05-05","2021-05-05","1660","Domainshype.com, Inc.","whois.domainshype.com","http://www.domainshype.com","Ankit Dhama","","B 5  68 sudarshan nagar bikaner","Bikaner","Rajasthan","334001","India","dhama64@gmail.com","+91.9414776748","","Ankit Dhama","","B 5  68 sudarshan nagar bikaner","Bikaner","Rajasthan","334001","India","dhama64@gmail.com","+91.9414776748","","Ankit Dhama","","B 5  68 sudarshan nagar bikaner","Bikaner","Rajasthan","334001","India","dhama64@gmail.com","+91.9414776748","","","","","","","","","","","","wns7.hostgator.in","wns8.hostgator.in","","","clientTransferProhibited","","",""
"21","gullanki.net","2020-05-06 19:02:29","2020-05-05","2020-05-05","2021-05-05","1660","Domainshype.com, Inc.","whois.domainshype.com","http://www.domainshype.com","Venkata Ramana Gullanki","","Sri Venkata Subbu Towers Magantivari Street R R Pet","Eluru","Andhra Pradesh","534002","India","venkat.gullanki@gmail.com","+91.9766333444","","Venkata Ramana Gullanki","","Sri Venkata Subbu Towers Magantivari Street R R Pet","Eluru","Andhra Pradesh","534002","India","venkat.gullanki@gmail.com","+91.9766333444","","Venkata Ramana Gullanki","","Sri Venkata Subbu Towers Magantivari Street R R Pet","Eluru","Andhra Pradesh","534002","India","venkat.gullanki@gmail.com","+91.9766333444","","","","","","","","","","","","dns1.hostgator.in","dns2.hostgator.in","dns3.hostgator.in","dns4.hostgator.in","clientTransferProhibited","","",""
"22","healthhappen.com","2020-05-06 22:16:48","2020-05-05","2020-05-05","2021-05-05","1660","Domainshype.com, Inc.","whois.domainshype.com","http://www.domainshype.com","Domain Admin","Privacy Protect, LLC (PrivacyProtect.org)","10 Corporate Drive","Burlington","MA","01803","United States","contact@privacyprotect.org","+1.8022274003","","Domain Admin","Privacy Protect, LLC (PrivacyProtect.org)","10 Corporate Drive","Burlington","MA","01803","United States","contact@privacyprotect.org","+1.8022274003","","Domain Admin","Privacy Protect, LLC (PrivacyProtect.org)","10 Corporate Drive","Burlington","MA","01803","United States","contact@privacyprotect.org","+1.8022274003","","","","","","","","","","","","ns1.md-in-49.webhostbox.net","ns2.md-in-49.webhostbox.net","","","clientTransferProhibited","","",""
"23","huechat.net","2020-05-06 19:02:23","2020-05-05","2020-05-05","2021-05-05","1660","Domainshype.com, Inc.","whois.domainshype.com","http://www.domainshype.com","Riajus Sattar","gsmmasti","Bamshore Bhatar","Barddhaman","West Bengal","713125","India","riajus786@gmail.com","+91.9732242540","","Riajus Sattar","gsmmasti","Bamshore Bhatar","Barddhaman","West Bengal","713125","India","riajus786@gmail.com","+91.9732242540","","huechat","huechat","WB","Burdwan","West Bengal","713125","India","riajus786@gmail.com","+91.0000000000","","","","","","","","","","","","sns7.hostgator.in","sns8.hostgator.in","","","clientTransferProhibited","","",""
"24","humblestudent.com","2020-05-06 21:03:22","2020-05-04","2020-05-04","2021-05-04","1660","Domainshype.com, Inc.","whois.domainshype.com","http://www.domainshype.com","This Domain For Sale Worldwide 339 222 5132","Buydomains.com","738 Main Street, #389","Waltham","Massachusetts","02451","United States","brokerage@buydomains.com","+1.3392225132","+1.7818392801","This Domain For Sale Worldwide 339 222 5132","Buydomains.com","738 Main Street, #389","Waltham","Massachusetts","02451","United States","brokerage@buydomains.com","+1.3392225132","+1.7818392801","This Domain For Sale Worldwide 339 222 5132","Buydomains.com","738 Main Street, #389","Waltham","Massachusetts","02451","United States","brokerage@buydomains.com","+1.3392225132","+1.7818392801","","","","","","","","","","","ns.buydomains.com","this-domain-for-sale.com","","","clientTransferProhibited","","",""
"25","icreationvideo.com","2020-05-06 23:44:16","2020-05-05","2020-05-05","2021-05-05","1660","Domainshype.com, Inc.","whois.domainshype.com","http://www.domainshype.com","Virendra Pathak","","gudhiyari","raipur","Chhattisgarh","492009","India","virpathak412@gmail.com","+91.9691020502","","Virendra Pathak","","gudhiyari","raipur","Chhattisgarh","492009","India","virpathak412@gmail.com","+91.9691020502","","Virendra Pathak","","gudhiyari","raipur","Chhattisgarh","492009","India","virpathak412@gmail.com","+91.9691020502","","","","","","","","","","","","ns1.cp-in-11.webhostbox.net","ns2.cp-in-11.webhostbox.net","","","clientTransferProhibited","","",""
"26","indianewbusiness.com","2020-05-06 20:44:15","2020-05-04","2020-05-04","2021-05-04","1660","Domainshype.com, Inc.","whois.domainshype.com","http://www.domainshype.com","Domain Admin","Privacy Protect, LLC (PrivacyProtect.org)","10 Corporate Drive","Burlington","MA","01803","United States","contact@privacyprotect.org","+1.8022274003","","Domain Admin","Privacy Protect, LLC (PrivacyProtect.org)","10 Corporate Drive","Burlington","MA","01803","United States","contact@privacyprotect.org","+1.8022274003","","Domain Admin","Privacy Protect, LLC (PrivacyProtect.org)","10 Corporate Drive","Burlington","MA","01803","United States","contact@privacyprotect.org","+1.8022274003","","","","","","","","","","","","dns1.hostgator.in","dns2.hostgator.in","dns3.hostgator.in","dns4.hostgator.in","clientTransferProhibited","","",""
"27","lyricssetu.com","2020-05-06 23:46:28","2020-05-05","2020-05-06","2021-05-05","1660","Domainshype.com, Inc.","whois.domainshype.com","http://www.domainshype.com","Harshvardhan singh bhati","","indore","jhabua","Madhya Pradesh","457990","India","harshbhati4231@gmail.com","+91.9584965510","","Harshvardhan singh bhati","","indore","jhabua","Madhya Pradesh","457990","India","harshbhati4231@gmail.com","+91.9584965510","","Harshvardhan singh bhati","","indore","jhabua","Madhya Pradesh","457990","India","harshbhati4231@gmail.com","+91.9584965510","","","","","","","","","","","","ns1.cp-in-9.webhostbox.net","ns2.cp-in-9.webhostbox.net","","","clientTransferProhibited","","",""
"28","mgpap.com","2020-05-06 20:30:55","2020-05-05","2020-05-05","2021-05-05","1660","Domainshype.com, Inc.","whois.domainshype.com","http://www.domainshype.com","PRIYA PANDEY","","F1 207 BARRA 8 KANPUR NAGAR","KANPUR","1741","208027","India","mgpap05@gmail.com","+91.8896585703","","PRIYA PANDEY","","F1 207 BARRA 8 KANPUR NAGAR","KANPUR","1741","208027","India","mgpap05@gmail.com","+91.8896585703","","PRIYA PANDEY","","F1 207 BARRA 8 KANPUR NAGAR","KANPUR","1741","208027","India","mgpap05@gmail.com","+91.8896585703","","","","","","","","","","","","ns1.cp-in-11.webhostbox.net","ns2.cp-in-11.webhostbox.net","","","clientTransferProhibited","","",""
"29","miniemarket.com","2020-05-06 20:37:23","2020-05-04","2020-05-04","2021-05-04","1660","Domainshype.com, Inc.","whois.domainshype.com","http://www.domainshype.com","Nilanjan Roy","","House No C4, Maruti Aparments, Plot No: 830-831, Ward 6","Mehrauli","Other","110030","India","realnilanjan@gmail.com","+91.8585911534","","Nilanjan Roy","","House No C4, Maruti Aparments, Plot No: 830-831, Ward 6","Mehrauli","Other","110030","India","realnilanjan@gmail.com","+91.8585911534","","Nilanjan Roy","","House No C4, Maruti Aparments, Plot No: 830-831, Ward 6","Mehrauli","Other","110030","India","realnilanjan@gmail.com","+91.8585911534","","","","","","","","","","","","ns1.cp-ht-9.hostgatorwebservers.com","ns2.cp-ht-9.hostgatorwebservers.com","","","clientTransferProhibited","","",""
"30","nikahsme.com","2020-05-07 00:43:04","2020-05-04","2020-05-04","2022-05-04","1660","Domainshype.com, Inc.","whois.domainshype.com","http://www.domainshype.com","Domain Admin","Privacy Protect, LLC (PrivacyProtect.org)","10 Corporate Drive","Burlington","MA","01803","United States","contact@privacyprotect.org","+1.8022274003","","Domain Admin","Privacy Protect, LLC (PrivacyProtect.org)","10 Corporate Drive","Burlington","MA","01803","United States","contact@privacyprotect.org","+1.8022274003","","Domain Admin","Privacy Protect, LLC (PrivacyProtect.org)","10 Corporate Drive","Burlington","MA","01803","United States","contact@privacyprotect.org","+1.8022274003","","","","","","","","","","","","sns7.hostgator.in","sns8.hostgator.in","","","clientTransferProhibited","","",""
"31","niralasangeetsadan.com","2020-05-06 20:45:34","2020-05-04","2020-05-04","2021-05-04","1660","Domainshype.com, Inc.","whois.domainshype.com","http://www.domainshype.com","Nirala Sangeet Sadan","","Rosera","Rosera","Bihar","848210","India","niralasangeetsadan@gmail.com","+91.9939969268","","Nirala Sangeet Sadan","","Rosera","Rosera","Bihar","848210","India","niralasangeetsadan@gmail.com","+91.9939969268","","Nirala Sangeet Sadan","","Rosera","Rosera","Bihar","848210","India","niralasangeetsadan@gmail.com","+91.9939969268","","","","","","","","","","","","ns1.bh-in-19.webhostbox.net","ns2.bh-in-19.webhostbox.net","","","clientTransferProhibited","","",""
"32","patanjaligallery.com","2020-05-06 23:50:59","2020-05-05","2020-05-05","2021-05-05","1660","Domainshype.com, Inc.","whois.domainshype.com","http://www.domainshype.com","TEJVEER CHAUHAN","","Abidgarh khandauli agra","Agra","Uttar Pradesh","283126","India","shivamchauhan3533@gmail.com","+91.8171179449","","TEJVEER CHAUHAN","","Abidgarh khandauli agra","Agra","Uttar Pradesh","283126","India","shivamchauhan3533@gmail.com","+91.8171179449","","TEJVEER CHAUHAN","","Abidgarh khandauli agra","Agra","Uttar Pradesh","283126","India","shivamchauhan3533@gmail.com","+91.8171179449","","","","","","","","","","","","ns1.cp-in-13.webhostbox.net","","","","clientTransferProhibited","","",""
"33","pentawareit.com","2020-05-06 23:10:34","2020-05-05","2020-05-05","2021-05-05","1660","Domainshype.com, Inc.","whois.domainshype.com","http://www.domainshype.com","Domain Admin","Privacy Protect, LLC (PrivacyProtect.org)","10 Corporate Drive","Burlington","MA","01803","United States","contact@privacyprotect.org","+1.8022274003","","Domain Admin","Privacy Protect, LLC (PrivacyProtect.org)","10 Corporate Drive","Burlington","MA","01803","United States","contact@privacyprotect.org","+1.8022274003","","Domain Admin","Privacy Protect, LLC (PrivacyProtect.org)","10 Corporate Drive","Burlington","MA","01803","United States","contact@privacyprotect.org","+1.8022274003","","","","","","","","","","","","dns1.hostgator.in","dns2.hostgator.in","dns3.hostgator.in","dns4.hostgator.in","clientTransferProhibited","","",""
"34","projectsintigritysolutions.com","2020-05-06 21:44:50","2020-05-05","2020-05-05","2021-05-05","1660","Domainshype.com, Inc.","whois.domainshype.com","http://www.domainshype.com","Amir Ali","","B 278 4th Floor Opposite Al Falah House Jamia Nagar","New Delhi","Delhi","110025","India","amirali4952@gmail.com","+91.9818432810","","Amir Ali","","B 278 4th Floor Opposite Al Falah House Jamia Nagar","New Delhi","Delhi","110025","India","amirali4952@gmail.com","+91.9818432810","","Amir Ali","","B 278 4th Floor Opposite Al Falah House Jamia Nagar","New Delhi","Delhi","110025","India","amirali4952@gmail.com","+91.9818432810","","","","","","","","","","","","dns1.hostgator.in","dns2.hostgator.in","dns3.hostgator.in","dns4.hostgator.in","clientTransferProhibited","","",""
"35","ramdevmishrassschool.com","2020-05-06 22:16:43","2020-05-05","2020-05-05","2021-05-05","1660","Domainshype.com, Inc.","whois.domainshype.com","http://www.domainshype.com","vikrant verma","","Lucknow","Sitapur","1741","261141","India","vkweb.d1@gmail.com","+91.8528293237","","vikrant verma","","Lucknow","Sitapur","1741","261141","India","vkweb.d1@gmail.com","+91.8528293237","","vikrant verma","","Lucknow","Sitapur","1741","261141","India","vkweb.d1@gmail.com","+91.8528293237","","","","","","","","","","","","ns1.cp-ht-9.hostgatorwebservers.com","ns2.cp-ht-9.hostgatorwebservers.com","","","clientTransferProhibited","","",""
"36","rctksolution.com","2020-05-06 20:26:17","2020-05-05","2020-05-05","2021-05-05","1660","Domainshype.com, Inc.","whois.domainshype.com","http://www.domainshype.com","Rahul kumar parida","","DHENKANAL","DHENKANAL","Orissa","759020","India","rahul25062@gmail.com","+91.7608807543","","Rahul kumar parida","","DHENKANAL","DHENKANAL","Orissa","759020","India","rahul25062@gmail.com","+91.7608807543","","Rahul kumar parida","","DHENKANAL","DHENKANAL","Orissa","759020","India","rahul25062@gmail.com","+91.7608807543","","","","","","","","","","","","ns1.cp-in-16.hostgatorwebservers.com","ns2.cp-in-16.hostgatorwebservers.com","","","clientTransferProhibited","","",""
"37","swastata.com","2020-05-06 23:47:40","2020-05-05","2020-05-05","2021-05-05","1660","Domainshype.com, Inc.","whois.domainshype.com","http://www.domainshype.com","Support IoT","","502 block 28 Rain Tree Park Malaysian Township Kukatpally","Hyderabad","Telangana","500072","India","sapport.iot@gmail.com","+91.9000119981","","Support IoT","","502 block 28 Rain Tree Park Malaysian Township Kukatpally","Hyderabad","Telangana","500072","India","sapport.iot@gmail.com","+91.9000119981","","Support IoT","","502 block 28 Rain Tree Park Malaysian Township Kukatpally","Hyderabad","Telangana","500072","India","sapport.iot@gmail.com","+91.9000119981","","","","","","","","","","","","dns1.hostgator.in","dns2.hostgator.in","dns3.hostgator.in","dns4.hostgator.in","clientTransferProhibited","","",""
"38","theinksight.com","2020-05-06 20:26:00","2020-05-05","2020-05-05","2021-05-05","1660","Domainshype.com, Inc.","whois.domainshype.com","http://www.domainshype.com","Domain Admin","Privacy Protect, LLC (PrivacyProtect.org)","10 Corporate Drive","Burlington","MA","01803","United States","contact@privacyprotect.org","+1.8022274003","","Domain Admin","Privacy Protect, LLC (PrivacyProtect.org)","10 Corporate Drive","Burlington","MA","01803","United States","contact@privacyprotect.org","+1.8022274003","","Domain Admin","Privacy Protect, LLC (PrivacyProtect.org)","10 Corporate Drive","Burlington","MA","01803","United States","contact@privacyprotect.org","+1.8022274003","","","","","","","","","","","","ns1.cp-in-16.hostgatorwebservers.com","ns2.cp-in-16.hostgatorwebservers.com","","","clientTransferProhibited","","",""
"39","zipnel.com","2020-05-07 00:19:41","2020-05-05","2020-05-05","2021-05-05","1660","Domainshype.com, Inc.","whois.domainshype.com","http://www.domainshype.com","Domain Admin","Privacy Protect, LLC (PrivacyProtect.org)","10 Corporate Drive","Burlington","MA","01803","United States","contact@privacyprotect.org","+1.8022274003","","Domain Admin","Privacy Protect, LLC (PrivacyProtect.org)","10 Corporate Drive","Burlington","MA","01803","United States","contact@privacyprotect.org","+1.8022274003","","Domain Admin","Privacy Protect, LLC (PrivacyProtect.org)","10 Corporate Drive","Burlington","MA","01803","United States","contact@privacyprotect.org","+1.8022274003","","","","","","","","","","","","wns7.hostgator.in","wns8.hostgator.in","","","clientTransferProhibited","","",""