"num","domain_name","query_time","create_date","update_date","expiry_date","domain_registrar_id","domain_registrar_name","domain_registrar_whois","domain_registrar_url","registrant_name","registrant_company","registrant_address","registrant_city","registrant_state","registrant_zip","registrant_country","registrant_email","registrant_phone","registrant_fax","administrative_name","administrative_company","administrative_address","administrative_city","administrative_state","administrative_zip","administrative_country","administrative_email","administrative_phone","administrative_fax","technical_name","technical_company","technical_address","technical_city","technical_state","technical_zip","technical_country","technical_email","technical_phone","technical_fax","billing_name","billing_company","billing_address","billing_city","billing_state","billing_zip","billing_country","billing_email","billing_phone","billing_fax","name_server_1","name_server_2","name_server_3","name_server_4","domain_status_1","domain_status_2","domain_status_3","domain_status_4"
"1","gallaghersoftware.com","2020-05-06 20:47:33","2020-05-04","2020-05-04","2021-05-04","2512","DROPCATCH.COM 753 LLC","whois.namebright.com","http://www.dropcatch753.com","Private Registration","","2635 Walnut Street","Denver","CO","80205","United States","gallaghersoftware.com@namebrightprivacy.com","+1.7204960020","","Private Registration","","2635 Walnut Street","Denver","CO","80205","United States","gallaghersoftware.com@namebrightprivacy.com","+1.7204960020","","Private Registration","","2635 Walnut Street","Denver","CO","80205","United States","gallaghersoftware.com@namebrightprivacy.com","+1.7204960020","","","","","","","","","","","","ns1.bodis.com","ns2.bodis.com","","","clientTransferProhibited","","",""
"2","kennethpreston.com","2020-05-06 21:03:29","2020-05-04","2020-05-04","2021-05-04","2512","DROPCATCH.COM 753 LLC","whois.namebright.com","http://www.dropcatch753.com","Anshul Goyal","","mall road","Ludhiana","Punjab","141001","India","thevenomcode@gmail.com","+91.7719589499","","Anshul Goyal","","mall road","Ludhiana","Punjab","141001","India","thevenomcode@gmail.com","+91.7719589499","","Anshul Goyal","","mall road","Ludhiana","Punjab","141001","India","thevenomcode@gmail.com","+91.7719589499","","","","","","","","","","","","","","","","clientTransferProhibited","","",""
"3","lavage-voiture-geneve.com","2020-05-06 21:00:24","2020-05-04","2020-05-04","2021-05-04","2512","DROPCATCH.COM 753 LLC","whois.namebright.com","http://www.dropcatch753.com","DotMedia Limited","DotMedia Limited","7F,Star House,3 Salisbury Road,TST,Kowloon","Hong Kong","Hong Kong","999077","Hong Kong","whoisprivacy@dotmedia.com","+852.81799956","","DotMedia Limited","DotMedia Limited","7F,Star House,3 Salisbury Road,TST,Kowloon","Hong Kong","Hong Kong","999077","Hong Kong","whoisprivacy@dotmedia.com","+852.81799956","","DotMedia Limited","DotMedia Limited","7F,Star House,3 Salisbury Road,TST,Kowloon","Hong Kong","Hong Kong","999077","Hong Kong","whoisprivacy@dotmedia.com","+852.81799956","","","","","","","","","","","","ns1.maff.com","ns2.maff.com","","","clientTransferProhibited","","",""
"4","manojitadhikary.com","2020-05-06 21:30:35","2020-05-04","2020-05-04","2021-05-04","2512","DROPCATCH.COM 753 LLC","whois.namebright.com","http://www.dropcatch753.com","Domain Admin / This Domain is For Sale","HugeDomains.com","2635 Walnut Street","Denver","CO","80205","United States","domains@hugedomains.com","+1.3038930552","","Domain Admin / This Domain is For Sale","HugeDomains.com","2635 Walnut Street","Denver","CO","80205","United States","domains@hugedomains.com","+1.3038930552","","Domain Admin / This Domain is For Sale","HugeDomains.com","2635 Walnut Street","Denver","CO","80205","United States","domains@hugedomains.com","+1.3038930552","","","","","","","","","","","","nsg1.namebrightdns.com","nsg2.namebrightdns.com","","","clientTransferProhibited","","",""
"5","mysecurityservices.com","2020-05-06 21:18:04","2020-05-04","2020-05-04","2021-05-04","2512","DROPCATCH.COM 753 LLC","whois.namebright.com","http://www.dropcatch753.com","Domain Admin / This Domain is For Sale","HugeDomains.com","2635 Walnut Street","Denver","CO","80205","United States","domains@hugedomains.com","+1.3038930552","","Domain Admin / This Domain is For Sale","HugeDomains.com","2635 Walnut Street","Denver","CO","80205","United States","domains@hugedomains.com","+1.3038930552","","Domain Admin / This Domain is For Sale","HugeDomains.com","2635 Walnut Street","Denver","CO","80205","United States","domains@hugedomains.com","+1.3038930552","","","","","","","","","","","","nsg1.namebrightdns.com","nsg2.namebrightdns.com","","","clientTransferProhibited","","",""
"6","unitelegalservices.com","2020-05-06 20:51:52","2020-05-04","2020-05-04","2021-05-04","2512","DROPCATCH.COM 753 LLC","whois.namebright.com","http://www.dropcatch753.com","Domain Admin / This Domain is For Sale","HugeDomains.com","2635 Walnut Street","Denver","CO","80205","United States","domains@hugedomains.com","+1.3038930552","","Domain Admin / This Domain is For Sale","HugeDomains.com","2635 Walnut Street","Denver","CO","80205","United States","domains@hugedomains.com","+1.3038930552","","Domain Admin / This Domain is For Sale","HugeDomains.com","2635 Walnut Street","Denver","CO","80205","United States","domains@hugedomains.com","+1.3038930552","","","","","","","","","","","","nsg1.namebrightdns.com","nsg2.namebrightdns.com","","","clientTransferProhibited","","",""