"num","domain_name","query_time","create_date","update_date","expiry_date","domain_registrar_id","domain_registrar_name","domain_registrar_whois","domain_registrar_url","registrant_name","registrant_company","registrant_address","registrant_city","registrant_state","registrant_zip","registrant_country","registrant_email","registrant_phone","registrant_fax","administrative_name","administrative_company","administrative_address","administrative_city","administrative_state","administrative_zip","administrative_country","administrative_email","administrative_phone","administrative_fax","technical_name","technical_company","technical_address","technical_city","technical_state","technical_zip","technical_country","technical_email","technical_phone","technical_fax","billing_name","billing_company","billing_address","billing_city","billing_state","billing_zip","billing_country","billing_email","billing_phone","billing_fax","name_server_1","name_server_2","name_server_3","name_server_4","domain_status_1","domain_status_2","domain_status_3","domain_status_4"
"1","astrology-sphere.com","2020-05-06 20:56:11","2020-05-04","2020-05-04","2021-05-04","3690","DropCatch.com 1481 LLC","","","peng fei li","li peng fei","mu dan qu, ma ling gang, li ming yuan xing zheng cun, li ming yuan cun 216 hao","he ze shi","SHAN DONG","274000","China","811031640@qq.com","+86.5306814895","","peng fei li","li peng fei","mu dan qu, ma ling gang, li ming yuan xing zheng cun, li ming yuan cun 216 hao","he ze shi","SHAN DONG","274000","China","811031640@qq.com","+86.5306814895","","peng fei li","li peng fei","mu dan qu, ma ling gang, li ming yuan xing zheng cun, li ming yuan cun 216 hao","he ze shi","SHAN DONG","274000","China","811031640@qq.com","+86.5306814895","","","","","","","","","","","","v1.dnsdun.com","v1.dnsdun.net","","","clientTransferProhibited","","",""
"2","bjhxzyc.com","2020-05-06 20:46:34","2020-05-04","2020-05-04","2021-05-04","3690","DropCatch.com 1481 LLC","","","Domain Administrator","","202, 28 Guanri road","Xiamen","Fujian","361008","China","dotmedia3@dotmedia.com","+86.5925990220","","Domain Administrator","","202, 28 Guanri road","Xiamen","Fujian","361008","China","dotmedia3@dotmedia.com","+86.5925990220","","Domain Administrator","","202, 28 Guanri road","Xiamen","Fujian","361008","China","dotmedia3@dotmedia.com","+86.5925990220","","","","","","","","","","","","v1.juming-xz.com","v1.xz-juming.com","","","clientTransferProhibited","","",""
"3","factfor35.com","2020-05-06 21:24:47","2020-05-04","2020-05-04","2021-05-04","3690","DropCatch.com 1481 LLC","","","Domain Admin / This Domain is For Sale","HugeDomains.com","2635 Walnut Street","Denver","CO","80205","United States","domains@hugedomains.com","+1.3038930552","","Domain Admin / This Domain is For Sale","HugeDomains.com","2635 Walnut Street","Denver","CO","80205","United States","domains@hugedomains.com","+1.3038930552","","Domain Admin / This Domain is For Sale","HugeDomains.com","2635 Walnut Street","Denver","CO","80205","United States","domains@hugedomains.com","+1.3038930552","","","","","","","","","","","","nsg1.namebrightdns.com","nsg2.namebrightdns.com","","","clientTransferProhibited","","",""
"4","momssell.com","2020-05-06 21:20:32","2020-05-04","2020-05-04","2021-05-04","3690","DropCatch.com 1481 LLC","","","Domain Admin / This Domain is For Sale","HugeDomains.com","2635 Walnut Street","Denver","CO","80205","United States","domains@hugedomains.com","+1.3038930552","","Domain Admin / This Domain is For Sale","HugeDomains.com","2635 Walnut Street","Denver","CO","80205","United States","domains@hugedomains.com","+1.3038930552","","Domain Admin / This Domain is For Sale","HugeDomains.com","2635 Walnut Street","Denver","CO","80205","United States","domains@hugedomains.com","+1.3038930552","","","","","","","","","","","","nsg1.namebrightdns.com","nsg2.namebrightdns.com","","","clientTransferProhibited","","",""
"5","shenghuags.com","2020-05-06 21:24:09","2020-05-04","2020-05-04","2021-05-04","3690","DropCatch.com 1481 LLC","","","jianfeng wu","","hefeishi,luyangqu,caifuguangchangshouzuo,1107hao","hefei","Anhui Sheng","230001","China","admin@juming.com","+86.4009972996","","jianfeng wu","","hefeishi,luyangqu,caifuguangchangshouzuo,1107hao","hefei","Anhui Sheng","230001","China","admin@juming.com","+86.4009972996","","jianfeng wu","","hefeishi,luyangqu,caifuguangchangshouzuo,1107hao","hefei","Anhui Sheng","230001","China","admin@juming.com","+86.4009972996","","","","","","","","","","","","jm1.dns.com","jm2.dns.com","","","clientTransferProhibited","","",""