"num","domain_name","query_time","create_date","update_date","expiry_date","domain_registrar_id","domain_registrar_name","domain_registrar_whois","domain_registrar_url","registrant_name","registrant_company","registrant_address","registrant_city","registrant_state","registrant_zip","registrant_country","registrant_email","registrant_phone","registrant_fax","administrative_name","administrative_company","administrative_address","administrative_city","administrative_state","administrative_zip","administrative_country","administrative_email","administrative_phone","administrative_fax","technical_name","technical_company","technical_address","technical_city","technical_state","technical_zip","technical_country","technical_email","technical_phone","technical_fax","billing_name","billing_company","billing_address","billing_city","billing_state","billing_zip","billing_country","billing_email","billing_phone","billing_fax","name_server_1","name_server_2","name_server_3","name_server_4","domain_status_1","domain_status_2","domain_status_3","domain_status_4"
"1","arevox.com","2020-05-06 21:20:55","2020-05-04","2020-05-04","2021-05-04","3719","DropCatch.com 1510 LLC","","","Domain Admin / This Domain is For Sale","HugeDomains.com","2635 Walnut Street","Denver","CO","80205","United States","domains@hugedomains.com","+1.3038930552","","Domain Admin / This Domain is For Sale","HugeDomains.com","2635 Walnut Street","Denver","CO","80205","United States","domains@hugedomains.com","+1.3038930552","","Domain Admin / This Domain is For Sale","HugeDomains.com","2635 Walnut Street","Denver","CO","80205","United States","domains@hugedomains.com","+1.3038930552","","","","","","","","","","","","nsg1.namebrightdns.com","nsg2.namebrightdns.com","","","clientTransferProhibited","","",""
"2","detallesyregalosboda.com","2020-05-06 21:19:59","2020-05-04","2020-05-04","2021-05-04","3719","DropCatch.com 1510 LLC","","","DotMedia Limited","DotMedia Limited","7F,Star House,3 Salisbury Road,TST,Kowloon","Hong Kong","Hong Kong","999077","Hong Kong","whoisprivacy@dotmedia.com","+852.81799956","","DotMedia Limited","DotMedia Limited","7F,Star House,3 Salisbury Road,TST,Kowloon","Hong Kong","Hong Kong","999077","Hong Kong","whoisprivacy@dotmedia.com","+852.81799956","","DotMedia Limited","DotMedia Limited","7F,Star House,3 Salisbury Road,TST,Kowloon","Hong Kong","Hong Kong","999077","Hong Kong","whoisprivacy@dotmedia.com","+852.81799956","","","","","","","","","","","","ns1.maff.com","ns2.maff.com","","","clientTransferProhibited","","",""
"3","fashionblogphilippines.com","2020-05-06 21:19:59","2020-05-04","2020-05-04","2021-05-04","3719","DropCatch.com 1510 LLC","","","Domain Admin / This Domain is For Sale","HugeDomains.com","2635 Walnut Street","Denver","CO","80205","United States","domains@hugedomains.com","+1.3038930552","","Domain Admin / This Domain is For Sale","HugeDomains.com","2635 Walnut Street","Denver","CO","80205","United States","domains@hugedomains.com","+1.3038930552","","Domain Admin / This Domain is For Sale","HugeDomains.com","2635 Walnut Street","Denver","CO","80205","United States","domains@hugedomains.com","+1.3038930552","","","","","","","","","","","","nsg1.namebrightdns.com","nsg2.namebrightdns.com","","","clientTransferProhibited","","",""
"4","masfd.com","2020-05-06 21:33:55","2020-05-04","2020-05-04","2021-05-04","3719","DropCatch.com 1510 LLC","","","Domain Admin / This Domain is For Sale","HugeDomains.com","2635 Walnut Street","Denver","CO","80205","United States","domains@hugedomains.com","+1.3038930552","","Domain Admin / This Domain is For Sale","HugeDomains.com","2635 Walnut Street","Denver","CO","80205","United States","domains@hugedomains.com","+1.3038930552","","Domain Admin / This Domain is For Sale","HugeDomains.com","2635 Walnut Street","Denver","CO","80205","United States","domains@hugedomains.com","+1.3038930552","","","","","","","","","","","","nsg1.namebrightdns.com","nsg2.namebrightdns.com","","","clientTransferProhibited","","",""
"5","xtdianhua.com","2020-05-06 20:52:55","2020-05-04","2020-05-04","2021-05-04","3719","DropCatch.com 1510 LLC","","","rong he","he rong","zhang jia gang shi, yang she zhen qian xi gang, liu qu 39 hao","su zhou shi","JIANG SU","215600","China","fdzs456@gmail.com","+86.17608825931","","rong he","he rong","zhang jia gang shi, yang she zhen qian xi gang, liu qu 39 hao","su zhou shi","JIANG SU","215600","China","fdzs456@gmail.com","+86.17608825931","","rong he","he rong","zhang jia gang shi, yang she zhen qian xi gang, liu qu 39 hao","su zhou shi","JIANG SU","215600","China","fdzs456@gmail.com","+86.17608825931","","","","","","","","","","","","jm1.dns.com","jm2.dns.com","","","clientTransferProhibited","","",""