"num","domain_name","query_time","create_date","update_date","expiry_date","domain_registrar_id","domain_registrar_name","domain_registrar_whois","domain_registrar_url","registrant_name","registrant_company","registrant_address","registrant_city","registrant_state","registrant_zip","registrant_country","registrant_email","registrant_phone","registrant_fax","administrative_name","administrative_company","administrative_address","administrative_city","administrative_state","administrative_zip","administrative_country","administrative_email","administrative_phone","administrative_fax","technical_name","technical_company","technical_address","technical_city","technical_state","technical_zip","technical_country","technical_email","technical_phone","technical_fax","billing_name","billing_company","billing_address","billing_city","billing_state","billing_zip","billing_country","billing_email","billing_phone","billing_fax","name_server_1","name_server_2","name_server_3","name_server_4","domain_status_1","domain_status_2","domain_status_3","domain_status_4"
"1","globalfinancialservice.com","2020-05-06 21:18:07","2020-05-04","2020-05-05","2021-05-04","1269","enom385, Incorporated","whois.enom385.com","http://www.enom385.com","Domain Administrator","SK Creations, Inc.","215 W Riverside Dr #1832","Estes Park","CO","80517","United States","support@onlineresults.com","+1.9702352061","","Domain Administrator","SK Creations, Inc.","215 W Riverside Dr #1832","Estes Park","CO","80517","United States","support@onlineresults.com","+1.9702352061","","Domain Administrator","SK Creations, Inc.","215 W Riverside Dr #1832","Estes Park","CO","80517","United States","support@onlineresults.com","+1.9702352061","","","","","","","","","","","","ns1.undeveloped.com","ns2.undeveloped.com","","","OK","","",""
"2","shchangchengwh.com","2020-05-06 21:01:42","2020-05-04","2020-05-05","2021-05-04","1269","enom385, Incorporated","whois.enom385.com","http://www.enom385.com","rong he","herong","zhangjiagangshi,yangshezhenqianxigang,liuqu39hao","suzhoushi","jiangsu","215600","China","fdzs456@gmail.com","+86.17608825931","+86.17608825931","rong he","herong","zhangjiagangshi,yangshezhenqianxigang,liuqu39hao","suzhoushi","jiangsu","215600","China","fdzs456@gmail.com","+86.17608825931","+86.17608825931","rong he","herong","zhangjiagangshi,yangshezhenqianxigang,liuqu39hao","suzhoushi","jiangsu","215600","China","fdzs456@gmail.com","+86.17608825931","+86.17608825931","","","","","","","","","","","v1.juming-xz.com","v1.xz-juming.com","","","OK","","",""
"3","thesowanubud.com","2020-05-06 20:57:47","2020-05-04","2020-05-06","2021-05-04","1269","enom385, Incorporated","whois.enom385.com","http://www.enom385.com","xiao yu chen","chen xiao yu","yin jiang tu jia zu miao zu zi zhi xian, tian tang","tong ren shi","gui zhou","555200","China","appba888@gmail.com","+86.08563202114","+86.08563202114","xiao yu chen","chen xiao yu","yin jiang tu jia zu miao zu zi zhi xian, tian tang","tong ren shi","gui zhou","555200","China","appba888@gmail.com","+86.08563202114","+86.08563202114","xiao yu chen","chen xiao yu","yin jiang tu jia zu miao zu zi zhi xian, tian tang","tong ren shi","gui zhou","555200","China","appba888@gmail.com","+86.08563202114","+86.08563202114","","","","","","","","","","","v1.juming-xz.com","v1.xz-juming.com","","","OK","","",""
"4","ysxian.com","2020-05-06 21:00:24","2020-05-04","2020-05-06","2021-05-04","1269","enom385, Incorporated","whois.enom385.com","http://www.enom385.com","Domain Administrator","DotMedia Limited","301D, 30#1 Guanri Road, Software Park II Siming District","Xiamen","FuJian","361008","China","backorder@dotmedia.com","+86.5925990220","+86.5925022987","Domain Administrator","DotMedia Limited","301D, 30#1 Guanri Road, Software Park II Siming District","Xiamen","FuJian","361008","China","backorder@dotmedia.com","+86.5925990220","+86.5925022987","Domain Administrator","DotMedia Limited","301D, 30#1 Guanri Road, Software Park II Siming District","Xiamen","FuJian","361008","China","backorder@dotmedia.com","+86.5925990220","+86.5925022987","","","","","","","","","","","v1.juming-xz.com","v1.xz-juming.com","","","OK","","",""
"5","zhanzhang001.com","2020-05-06 21:26:16","2020-05-04","2020-05-06","2021-05-04","1269","enom385, Incorporated","whois.enom385.com","http://www.enom385.com","DotMedia Limited","DotMedia Limited","7F,Star House,3 Salisbury Road,TST,Kowloon","Hong Kong","Hong Kong","999077","Hong Kong","whoisprivacy@dotmedia.com","+852.81799956","","DotMedia Limited","DotMedia Limited","7F,Star House,3 Salisbury Road,TST,Kowloon","Hong Kong","Hong Kong","999077","Hong Kong","whoisprivacy@dotmedia.com","+852.81799956","","DotMedia Limited","DotMedia Limited","7F,Star House,3 Salisbury Road,TST,Kowloon","Hong Kong","Hong Kong","999077","Hong Kong","whoisprivacy@dotmedia.com","+852.81799956","","","","","","","","","","","","ns1.xz.com","ns2.xz.com","","","OK","","",""