"num","domain_name","query_time","create_date","update_date","expiry_date","domain_registrar_id","domain_registrar_name","domain_registrar_whois","domain_registrar_url","registrant_name","registrant_company","registrant_address","registrant_city","registrant_state","registrant_zip","registrant_country","registrant_email","registrant_phone","registrant_fax","administrative_name","administrative_company","administrative_address","administrative_city","administrative_state","administrative_zip","administrative_country","administrative_email","administrative_phone","administrative_fax","technical_name","technical_company","technical_address","technical_city","technical_state","technical_zip","technical_country","technical_email","technical_phone","technical_fax","billing_name","billing_company","billing_address","billing_city","billing_state","billing_zip","billing_country","billing_email","billing_phone","billing_fax","name_server_1","name_server_2","name_server_3","name_server_4","domain_status_1","domain_status_2","domain_status_3","domain_status_4"
"1","aceiteecologicopuro.com","2020-05-06 23:53:43","2020-05-05","2020-05-05","2021-05-05","1600","Estrategias WebSite S.L.","whois2.virtualname.es","http://www.virtualpyme.com/","GDPR Masked","GDPR Masked","GDPR Masked","GDPR Masked","JAEN","GDPR Masked","Spain","gdpr-masking@gdpr-masked.com","GDPR Masked","GDPR Masked","GDPR Masked","GDPR Masked","GDPR Masked","GDPR Masked","GDPR Masked","GDPR Masked","GDPR Masked","gdpr-masking@gdpr-masked.com","GDPR Masked","GDPR Masked","GDPR Masked","GDPR Masked","GDPR Masked","GDPR Masked","GDPR Masked","GDPR Masked","GDPR Masked","gdpr-masking@gdpr-masked.com","GDPR Masked","GDPR Masked","","","","","","","","","","","ns1.laprimeracloud04.com","ns2.laprimeracloud04.com","","","clientTransferProhibited","","",""
"2","alacartagroup.com","2020-05-06 23:17:46","2020-05-05","2020-05-05","2021-05-05","1600","Estrategias WebSite S.L.","whois2.virtualname.es","http://www.virtualpyme.com/","GDPR Masked","GDPR Masked","GDPR Masked","GDPR Masked","SEVILLA","GDPR Masked","Spain","gdpr-masking@gdpr-masked.com","GDPR Masked","GDPR Masked","GDPR Masked","GDPR Masked","GDPR Masked","GDPR Masked","GDPR Masked","GDPR Masked","GDPR Masked","gdpr-masking@gdpr-masked.com","GDPR Masked","GDPR Masked","GDPR Masked","GDPR Masked","GDPR Masked","GDPR Masked","GDPR Masked","GDPR Masked","GDPR Masked","gdpr-masking@gdpr-masked.com","GDPR Masked","GDPR Masked","","","","","","","","","","","ns1.xerintel.com","ns2.xerintel.com","ns3.xerintel.com","ns4.xerintel.com","clientTransferProhibited","","",""
"3","algodeformacion.com","2020-05-06 20:36:20","2020-05-04","2020-05-04","2021-05-04","1600","Estrategias WebSite S.L.","whois2.virtualname.es","http://www.virtualpyme.com/","GDPR Masked","GDPR Masked","GDPR Masked","GDPR Masked","CANTABRIA","GDPR Masked","Spain","gdpr-masking@gdpr-masked.com","GDPR Masked","GDPR Masked","GDPR Masked","GDPR Masked","GDPR Masked","GDPR Masked","GDPR Masked","GDPR Masked","GDPR Masked","gdpr-masking@gdpr-masked.com","GDPR Masked","GDPR Masked","GDPR Masked","GDPR Masked","GDPR Masked","GDPR Masked","GDPR Masked","GDPR Masked","GDPR Masked","gdpr-masking@gdpr-masked.com","GDPR Masked","GDPR Masked","","","","","","","","","","","dns1.raiolanetworks.es","dns2.raiolanetworks.es","dns3.raiolanetworks.es","","clientTransferProhibited","","",""
"4","alpargatasycapazos.com","2020-05-06 19:29:10","2020-05-05","2020-05-05","2021-05-05","1600","Estrategias WebSite S.L.","whois2.virtualname.es","http://www.virtualpyme.com/","GDPR Masked","GDPR Masked","GDPR Masked","GDPR Masked","ALICANTE","GDPR Masked","Spain","gdpr-masking@gdpr-masked.com","GDPR Masked","GDPR Masked","GDPR Masked","GDPR Masked","GDPR Masked","GDPR Masked","GDPR Masked","GDPR Masked","GDPR Masked","gdpr-masking@gdpr-masked.com","GDPR Masked","GDPR Masked","GDPR Masked","GDPR Masked","GDPR Masked","GDPR Masked","GDPR Masked","GDPR Masked","GDPR Masked","gdpr-masking@gdpr-masked.com","GDPR Masked","GDPR Masked","","","","","","","","","","","dns1.raiolanetworks.es","dns2.raiolanetworks.es","dns3.raiolanetworks.es","","clientTransferProhibited","","",""
"5","appdeingles.com","2020-05-06 21:03:37","2020-05-04","2020-05-04","2021-05-04","1600","Estrategias WebSite S.L.","whois2.virtualname.es","http://www.virtualpyme.com/","GDPR Masked","GDPR Masked","GDPR Masked","GDPR Masked","Valencia","GDPR Masked","Spain","gdpr-masking@gdpr-masked.com","GDPR Masked","GDPR Masked","GDPR Masked","GDPR Masked","GDPR Masked","GDPR Masked","GDPR Masked","GDPR Masked","GDPR Masked","gdpr-masking@gdpr-masked.com","GDPR Masked","GDPR Masked","GDPR Masked","GDPR Masked","GDPR Masked","GDPR Masked","GDPR Masked","GDPR Masked","GDPR Masked","gdpr-masking@gdpr-masked.com","GDPR Masked","GDPR Masked","","","","","","","","","","","ns819.registrosdns.com","ns820.registrosdns.com","","","clientTransferProhibited","","",""
"6","asociaciondeescritoresdealicante.com","2020-05-06 22:49:57","2020-05-05","2020-05-05","2021-05-05","1600","Estrategias WebSite S.L.","whois2.virtualname.es","http://www.virtualpyme.com/","GDPR Masked","GDPR Masked","GDPR Masked","GDPR Masked","ALICANTE","GDPR Masked","Spain","gdpr-masking@gdpr-masked.com","GDPR Masked","GDPR Masked","GDPR Masked","GDPR Masked","GDPR Masked","GDPR Masked","GDPR Masked","GDPR Masked","GDPR Masked","gdpr-masking@gdpr-masked.com","GDPR Masked","GDPR Masked","GDPR Masked","GDPR Masked","GDPR Masked","GDPR Masked","GDPR Masked","GDPR Masked","GDPR Masked","gdpr-masking@gdpr-masked.com","GDPR Masked","GDPR Masked","","","","","","","","","","","dns1.raiolanetworks.es","dns2.raiolanetworks.es","dns3.raiolanetworks.es","","clientTransferProhibited","","",""
"7","avilabl.com","2020-05-06 23:17:45","2020-05-05","2020-05-05","2021-05-05","1600","Estrategias WebSite S.L.","whois2.virtualname.es","http://www.virtualpyme.com/","Domain Admin","Privacy Protect, LLC (PrivacyProtect.org)","10 Corporate Drive","Burlington","MA","01803","United States","contact@privacyprotect.org","+1.8022274003","","Domain Admin","Privacy Protect, LLC (PrivacyProtect.org)","10 Corporate Drive","Burlington","MA","01803","United States","contact@privacyprotect.org","+1.8022274003","","Domain Admin","Privacy Protect, LLC (PrivacyProtect.org)","10 Corporate Drive","Burlington","MA","01803","United States","contact@privacyprotect.org","+1.8022274003","","","","","","","","","","","","ns1.clientes.cloud","ns2.clientes.cloud","ns3.clientes.cloud","ns4.clientes.cloud","clientTransferProhibited","","",""
"8","aziertaseguros.com","2020-05-06 19:37:04","2020-05-05","2020-05-05","2021-05-05","1600","Estrategias WebSite S.L.","whois2.virtualname.es","http://www.virtualpyme.com/","GDPR Masked","GDPR Masked","GDPR Masked","GDPR Masked","Avila","GDPR Masked","Spain","gdpr-masking@gdpr-masked.com","GDPR Masked","GDPR Masked","GDPR Masked","GDPR Masked","GDPR Masked","GDPR Masked","GDPR Masked","GDPR Masked","GDPR Masked","gdpr-masking@gdpr-masked.com","GDPR Masked","GDPR Masked","GDPR Masked","GDPR Masked","GDPR Masked","GDPR Masked","GDPR Masked","GDPR Masked","GDPR Masked","gdpr-masking@gdpr-masked.com","GDPR Masked","GDPR Masked","","","","","","","","","","","ns1.lucushost.com","ns2.lucushost.com","ns3.lucushost.com","","clientTransferProhibited","","",""
"9","barasensio.com","2020-05-06 23:01:04","2020-05-05","2020-05-05","2021-05-05","1600","Estrategias WebSite S.L.","whois2.virtualname.es","http://www.virtualpyme.com/","GDPR Masked","GDPR Masked","GDPR Masked","GDPR Masked","Valencia","GDPR Masked","Spain","gdpr-masking@gdpr-masked.com","GDPR Masked","GDPR Masked","GDPR Masked","GDPR Masked","GDPR Masked","GDPR Masked","GDPR Masked","GDPR Masked","GDPR Masked","gdpr-masking@gdpr-masked.com","GDPR Masked","GDPR Masked","GDPR Masked","GDPR Masked","GDPR Masked","GDPR Masked","GDPR Masked","GDPR Masked","GDPR Masked","gdpr-masking@gdpr-masked.com","GDPR Masked","GDPR Masked","","","","","","","","","","","alquadrat-ns1.baremetal.vadavo.net","alquadrat-ns2.baremetal.vadavo.net","","","clientTransferProhibited","","",""
"10","bninordic.com","2020-05-06 20:45:39","2020-05-04","2020-05-04","2021-05-04","1600","Estrategias WebSite S.L.","whois2.virtualname.es","http://www.virtualpyme.com/","Domain Admin","Privacy Protect, LLC (PrivacyProtect.org)","10 Corporate Drive","Burlington","MA","01803","United States","contact@privacyprotect.org","+1.8022274003","","Domain Admin","Privacy Protect, LLC (PrivacyProtect.org)","10 Corporate Drive","Burlington","MA","01803","United States","contact@privacyprotect.org","+1.8022274003","","Domain Admin","Privacy Protect, LLC (PrivacyProtect.org)","10 Corporate Drive","Burlington","MA","01803","United States","contact@privacyprotect.org","+1.8022274003","","","","","","","","","","","","dns1.raiolanetworks.es","dns2.raiolanetworks.es","dns3.raiolanetworks.es","","clientTransferProhibited","","",""
"11","buebertech.com","2020-05-06 20:51:16","2020-05-04","2020-05-04","2021-05-04","1600","Estrategias WebSite S.L.","whois2.virtualname.es","http://www.virtualpyme.com/","Domain Admin","Privacy Protect, LLC (PrivacyProtect.org)","10 Corporate Drive","Burlington","MA","01803","United States","contact@privacyprotect.org","+1.8022274003","","Domain Admin","Privacy Protect, LLC (PrivacyProtect.org)","10 Corporate Drive","Burlington","MA","01803","United States","contact@privacyprotect.org","+1.8022274003","","Domain Admin","Privacy Protect, LLC (PrivacyProtect.org)","10 Corporate Drive","Burlington","MA","01803","United States","contact@privacyprotect.org","+1.8022274003","","","","","","","","","","","","dns1.raiolanetworks.es","dns2.raiolanetworks.es","dns3.raiolanetworks.es","","clientTransferProhibited","","",""
"12","cardiologiadrcesaririgoyen.com","2020-05-06 19:21:52","2020-05-05","2020-05-05","2021-05-05","1600","Estrategias WebSite S.L.","whois2.virtualname.es","http://www.virtualpyme.com/","Jorge Luis Chica","","LA paz","Quito","Pichincha","170517","Ecuador","georgeluis1084@gmail.com","+593.988354461","","Jorge Luis Chica","","LA paz","Quito","Pichincha","170517","Ecuador","georgeluis1084@gmail.com","+593.988354461","","Jorge Luis Chica","","LA paz","Quito","Pichincha","170517","Ecuador","georgeluis1084@gmail.com","+593.988354461","","","","","","","","","","","","ns12.wixdns.net","ns13.wixdns.net","","","clientTransferProhibited","","",""
"13","carniceriabadias.com","2020-05-06 22:23:47","2020-05-05","2020-05-05","2021-05-05","1600","Estrategias WebSite S.L.","whois2.virtualname.es","http://www.virtualpyme.com/","GDPR Masked","GDPR Masked","GDPR Masked","GDPR Masked","Huesca","GDPR Masked","Spain","gdpr-masking@gdpr-masked.com","GDPR Masked","GDPR Masked","GDPR Masked","GDPR Masked","GDPR Masked","GDPR Masked","GDPR Masked","GDPR Masked","GDPR Masked","gdpr-masking@gdpr-masked.com","GDPR Masked","GDPR Masked","GDPR Masked","GDPR Masked","GDPR Masked","GDPR Masked","GDPR Masked","GDPR Masked","GDPR Masked","gdpr-masking@gdpr-masked.com","GDPR Masked","GDPR Masked","","","","","","","","","","","ns1815.registrosdns.com","ns1816.registrosdns.com","","","clientTransferProhibited","","",""
"14","cartatotal.com","2020-05-06 19:26:57","2020-05-05","2020-05-05","2021-05-05","1600","Estrategias WebSite S.L.","whois2.virtualname.es","http://www.virtualpyme.com/","GDPR Masked","GDPR Masked","GDPR Masked","GDPR Masked","Palencia","GDPR Masked","Spain","gdpr-masking@gdpr-masked.com","GDPR Masked","GDPR Masked","GDPR Masked","GDPR Masked","GDPR Masked","GDPR Masked","GDPR Masked","GDPR Masked","GDPR Masked","gdpr-masking@gdpr-masked.com","GDPR Masked","GDPR Masked","GDPR Masked","GDPR Masked","GDPR Masked","GDPR Masked","GDPR Masked","GDPR Masked","GDPR Masked","gdpr-masking@gdpr-masked.com","GDPR Masked","GDPR Masked","","","","","","","","","","","ns3.grupoantena.com","ns4.grupoantena.com","","","clientTransferProhibited","","",""
"15","cerrajerodeemergencia.com","2020-05-07 00:25:16","2020-05-05","2020-05-05","2021-05-05","1600","Estrategias WebSite S.L.","whois2.virtualname.es","http://www.virtualpyme.com/","Domain Admin","Privacy Protect, LLC (PrivacyProtect.org)","10 Corporate Drive","Burlington","MA","01803","United States","contact@privacyprotect.org","+1.8022274003","","Domain Admin","Privacy Protect, LLC (PrivacyProtect.org)","10 Corporate Drive","Burlington","MA","01803","United States","contact@privacyprotect.org","+1.8022274003","","Domain Admin","Privacy Protect, LLC (PrivacyProtect.org)","10 Corporate Drive","Burlington","MA","01803","United States","contact@privacyprotect.org","+1.8022274003","","","","","","","","","","","","dns1.raiolanetworks.es","dns2.raiolanetworks.es","dns3.raiolanetworks.es","","clientTransferProhibited","","",""
"16","charlybisnes.com","2020-05-07 00:01:21","2020-05-05","2020-05-05","2021-05-05","1600","Estrategias WebSite S.L.","whois2.virtualname.es","http://www.virtualpyme.com/","Domain Admin","Privacy Protect, LLC (PrivacyProtect.org)","10 Corporate Drive","Burlington","MA","01803","United States","contact@privacyprotect.org","+1.8022274003","","Domain Admin","Privacy Protect, LLC (PrivacyProtect.org)","10 Corporate Drive","Burlington","MA","01803","United States","contact@privacyprotect.org","+1.8022274003","","Domain Admin","Privacy Protect, LLC (PrivacyProtect.org)","10 Corporate Drive","Burlington","MA","01803","United States","contact@privacyprotect.org","+1.8022274003","","","","","","","","","","","","dns1.raiolanetworks.es","dns2.raiolanetworks.es","dns3.raiolanetworks.es","","clientTransferProhibited","","",""
"17","chocolatesbelgas.com","2020-05-06 22:57:56","2020-05-05","2020-05-05","2021-05-05","1600","Estrategias WebSite S.L.","whois2.virtualname.es","http://www.virtualpyme.com/","GDPR Masked","GDPR Masked","GDPR Masked","GDPR Masked","MADRID","GDPR Masked","Spain","gdpr-masking@gdpr-masked.com","GDPR Masked","GDPR Masked","GDPR Masked","GDPR Masked","GDPR Masked","GDPR Masked","GDPR Masked","GDPR Masked","GDPR Masked","gdpr-masking@gdpr-masked.com","GDPR Masked","GDPR Masked","GDPR Masked","GDPR Masked","GDPR Masked","GDPR Masked","GDPR Masked","GDPR Masked","GDPR Masked","gdpr-masking@gdpr-masked.com","GDPR Masked","GDPR Masked","","","","","","","","","","","ns1.viavoxinteractive.com","ns2.viavoxinteractive.com","","","clientTransferProhibited","","",""
"18","danielperezev.com","2020-05-06 19:34:05","2020-05-04","2020-05-04","2022-05-04","1600","Estrategias WebSite S.L.","whois2.virtualname.es","http://www.virtualpyme.com/","GDPR Masked","GDPR Masked","GDPR Masked","GDPR Masked","Palencia","GDPR Masked","Spain","gdpr-masking@gdpr-masked.com","GDPR Masked","GDPR Masked","GDPR Masked","GDPR Masked","GDPR Masked","GDPR Masked","GDPR Masked","GDPR Masked","GDPR Masked","gdpr-masking@gdpr-masked.com","GDPR Masked","GDPR Masked","GDPR Masked","GDPR Masked","GDPR Masked","GDPR Masked","GDPR Masked","GDPR Masked","GDPR Masked","gdpr-masking@gdpr-masked.com","GDPR Masked","GDPR Masked","","","","","","","","","","","ns1.1clickconsulting.es","ns2.1clickconsulting.es","","","clientTransferProhibited","","",""
"19","desguacegeneral.com","2020-05-06 22:50:53","2020-05-05","2020-05-05","2021-05-05","1600","Estrategias WebSite S.L.","whois2.virtualname.es","http://www.virtualpyme.com/","Domain Admin","Privacy Protect, LLC (PrivacyProtect.org)","10 Corporate Drive","Burlington","MA","01803","United States","contact@privacyprotect.org","+1.8022274003","","Domain Admin","Privacy Protect, LLC (PrivacyProtect.org)","10 Corporate Drive","Burlington","MA","01803","United States","contact@privacyprotect.org","+1.8022274003","","Domain Admin","Privacy Protect, LLC (PrivacyProtect.org)","10 Corporate Drive","Burlington","MA","01803","United States","contact@privacyprotect.org","+1.8022274003","","","","","","","","","","","","dns1.raiolanetworks.es","dns2.raiolanetworks.es","dns3.raiolanetworks.es","","clientTransferProhibited","","",""
"20","distribucionesrym.com","2020-05-06 22:58:17","2020-05-05","2020-05-05","2021-05-05","1600","Estrategias WebSite S.L.","whois2.virtualname.es","http://www.virtualpyme.com/","GDPR Masked","GDPR Masked","GDPR Masked","GDPR Masked","Palencia","GDPR Masked","Spain","gdpr-masking@gdpr-masked.com","GDPR Masked","GDPR Masked","GDPR Masked","GDPR Masked","GDPR Masked","GDPR Masked","GDPR Masked","GDPR Masked","GDPR Masked","gdpr-masking@gdpr-masked.com","GDPR Masked","GDPR Masked","GDPR Masked","GDPR Masked","GDPR Masked","GDPR Masked","GDPR Masked","GDPR Masked","GDPR Masked","gdpr-masking@gdpr-masked.com","GDPR Masked","GDPR Masked","","","","","","","","","","","ns1.hostingfacyl-3.es","ns2.hostingfacyl-3.es","","","clientTransferProhibited","","",""
"21","dperezev.com","2020-05-06 21:00:27","2020-05-04","2020-05-04","2022-05-04","1600","Estrategias WebSite S.L.","whois2.virtualname.es","http://www.virtualpyme.com/","GDPR Masked","GDPR Masked","GDPR Masked","GDPR Masked","Palencia","GDPR Masked","Spain","gdpr-masking@gdpr-masked.com","GDPR Masked","GDPR Masked","GDPR Masked","GDPR Masked","GDPR Masked","GDPR Masked","GDPR Masked","GDPR Masked","GDPR Masked","gdpr-masking@gdpr-masked.com","GDPR Masked","GDPR Masked","GDPR Masked","GDPR Masked","GDPR Masked","GDPR Masked","GDPR Masked","GDPR Masked","GDPR Masked","gdpr-masking@gdpr-masked.com","GDPR Masked","GDPR Masked","","","","","","","","","","","ns1.1clickconsulting.es","ns2.1clickconsulting.es","","","clientTransferProhibited","","",""
"22","el-covid.com","2020-05-06 23:00:49","2020-05-05","2020-05-06","2021-05-05","1600","Estrategias WebSite S.L.","whois2.virtualname.es","http://www.virtualpyme.com/","GDPR Masked","GDPR Masked","GDPR Masked","GDPR Masked","SEVILLA","GDPR Masked","Spain","gdpr-masking@gdpr-masked.com","GDPR Masked","GDPR Masked","GDPR Masked","GDPR Masked","GDPR Masked","GDPR Masked","GDPR Masked","GDPR Masked","GDPR Masked","gdpr-masking@gdpr-masked.com","GDPR Masked","GDPR Masked","GDPR Masked","GDPR Masked","GDPR Masked","GDPR Masked","GDPR Masked","GDPR Masked","GDPR Masked","gdpr-masking@gdpr-masked.com","GDPR Masked","GDPR Masked","","","","","","","","","","","ns1.clientes.cloud","ns2.clientes.cloud","ns3.clientes.cloud","ns4.clientes.cloud","clientTransferProhibited","","",""
"23","elsuperviviente.com","2020-05-06 21:29:58","2020-05-04","2020-05-04","2021-05-04","1600","Estrategias WebSite S.L.","whois2.virtualname.es","http://www.virtualpyme.com/","GDPR Masked","GDPR Masked","GDPR Masked","GDPR Masked","ALICANTE","GDPR Masked","Spain","gdpr-masking@gdpr-masked.com","GDPR Masked","GDPR Masked","GDPR Masked","GDPR Masked","GDPR Masked","GDPR Masked","GDPR Masked","GDPR Masked","GDPR Masked","gdpr-masking@gdpr-masked.com","GDPR Masked","GDPR Masked","GDPR Masked","GDPR Masked","GDPR Masked","GDPR Masked","GDPR Masked","GDPR Masked","GDPR Masked","gdpr-masking@gdpr-masked.com","GDPR Masked","GDPR Masked","","","","","","","","","","","dns1.raiolanetworks.es","dns2.raiolanetworks.es","dns3.raiolanetworks.es","","clientTransferProhibited","","",""
"24","emmedicalgroup.com","2020-05-06 22:16:01","2020-05-05","2020-05-05","2021-05-05","1600","Estrategias WebSite S.L.","whois2.virtualname.es","http://www.virtualpyme.com/","GDPR Masked","GDPR Masked","GDPR Masked","GDPR Masked","Valencia","GDPR Masked","Spain","gdpr-masking@gdpr-masked.com","GDPR Masked","GDPR Masked","GDPR Masked","GDPR Masked","GDPR Masked","GDPR Masked","GDPR Masked","GDPR Masked","GDPR Masked","gdpr-masking@gdpr-masked.com","GDPR Masked","GDPR Masked","GDPR Masked","GDPR Masked","GDPR Masked","GDPR Masked","GDPR Masked","GDPR Masked","GDPR Masked","gdpr-masking@gdpr-masked.com","GDPR Masked","GDPR Masked","","","","","","","","","","","dns1.raiolanetworks.es","dns2.raiolanetworks.es","dns3.raiolanetworks.es","","clientTransferProhibited","","",""
"25","exprofesoediciones.com","2020-05-06 21:03:17","2020-05-04","2020-05-04","2021-05-04","1600","Estrategias WebSite S.L.","whois2.virtualname.es","http://www.virtualpyme.com/","GDPR Masked","GDPR Masked","GDPR Masked","GDPR Masked","SEVILLA","GDPR Masked","Spain","gdpr-masking@gdpr-masked.com","GDPR Masked","GDPR Masked","GDPR Masked","GDPR Masked","GDPR Masked","GDPR Masked","GDPR Masked","GDPR Masked","GDPR Masked","gdpr-masking@gdpr-masked.com","GDPR Masked","GDPR Masked","GDPR Masked","GDPR Masked","GDPR Masked","GDPR Masked","GDPR Masked","GDPR Masked","GDPR Masked","gdpr-masking@gdpr-masked.com","GDPR Masked","GDPR Masked","","","","","","","","","","","ns1.laprimeracloud04.com","ns2.laprimeracloud04.com","","","clientTransferProhibited","","",""
"26","farmaciaguilar.com","2020-05-06 23:44:18","2020-05-05","2020-05-05","2021-05-05","1600","Estrategias WebSite S.L.","whois2.virtualname.es","http://www.virtualpyme.com/","GDPR Masked","GDPR Masked","GDPR Masked","GDPR Masked","Cadiz","GDPR Masked","Spain","gdpr-masking@gdpr-masked.com","GDPR Masked","GDPR Masked","GDPR Masked","GDPR Masked","GDPR Masked","GDPR Masked","GDPR Masked","GDPR Masked","GDPR Masked","gdpr-masking@gdpr-masked.com","GDPR Masked","GDPR Masked","GDPR Masked","GDPR Masked","GDPR Masked","GDPR Masked","GDPR Masked","GDPR Masked","GDPR Masked","gdpr-masking@gdpr-masked.com","GDPR Masked","GDPR Masked","","","","","","","","","","","ns1.laprimeracloud04.com","ns2.laprimeracloud04.com","","","clientTransferProhibited","","",""
"27","ferienwohnungen-kanaren.com","2020-05-06 22:19:47","2020-05-05","2020-05-05","2021-05-05","1600","Estrategias WebSite S.L.","whois2.virtualname.es","http://www.virtualpyme.com/","GDPR Masked","GDPR Masked","GDPR Masked","GDPR Masked","Palmas, Las","GDPR Masked","Spain","gdpr-masking@gdpr-masked.com","GDPR Masked","GDPR Masked","GDPR Masked","GDPR Masked","GDPR Masked","GDPR Masked","GDPR Masked","GDPR Masked","GDPR Masked","gdpr-masking@gdpr-masked.com","GDPR Masked","GDPR Masked","GDPR Masked","GDPR Masked","GDPR Masked","GDPR Masked","GDPR Masked","GDPR Masked","GDPR Masked","gdpr-masking@gdpr-masked.com","GDPR Masked","GDPR Masked","","","","","","","","","","","dns1.icnea.net","dns2.icnea.net","","","clientTransferProhibited","","",""
"28","forofemme.com","2020-05-06 22:44:14","2020-05-05","2020-05-05","2021-05-05","1600","Estrategias WebSite S.L.","whois2.virtualname.es","http://www.virtualpyme.com/","Domain Admin","Privacy Protect, LLC (PrivacyProtect.org)","10 Corporate Drive","Burlington","MA","01803","United States","contact@privacyprotect.org","+1.8022274003","","Domain Admin","Privacy Protect, LLC (PrivacyProtect.org)","10 Corporate Drive","Burlington","MA","01803","United States","contact@privacyprotect.org","+1.8022274003","","Domain Admin","Privacy Protect, LLC (PrivacyProtect.org)","10 Corporate Drive","Burlington","MA","01803","United States","contact@privacyprotect.org","+1.8022274003","","","","","","","","","","","","ns306.zonasprivadasdns.com","ns307.zonasprivadasdns.com","","","clientTransferProhibited","","",""
"29","frisecur.com","2020-05-06 20:20:40","2020-05-05","2020-05-05","2021-05-05","1600","Estrategias WebSite S.L.","whois2.virtualname.es","http://www.virtualpyme.com/","GDPR Masked","GDPR Masked","GDPR Masked","GDPR Masked","MADRID","GDPR Masked","Spain","gdpr-masking@gdpr-masked.com","GDPR Masked","GDPR Masked","GDPR Masked","GDPR Masked","GDPR Masked","GDPR Masked","GDPR Masked","GDPR Masked","GDPR Masked","gdpr-masking@gdpr-masked.com","GDPR Masked","GDPR Masked","GDPR Masked","GDPR Masked","GDPR Masked","GDPR Masked","GDPR Masked","GDPR Masked","GDPR Masked","gdpr-masking@gdpr-masked.com","GDPR Masked","GDPR Masked","","","","","","","","","","","ns1.lucushost.com","ns2.lucushost.com","ns3.lucushost.com","","clientTransferProhibited","","",""
"30","holacrisis.com","2020-05-06 23:07:41","2020-05-05","2020-05-05","2021-05-05","1600","Estrategias WebSite S.L.","whois2.virtualname.es","http://www.virtualpyme.com/","Domain Admin","Privacy Protect, LLC (PrivacyProtect.org)","10 Corporate Drive","Burlington","MA","01803","United States","contact@privacyprotect.org","+1.8022274003","","Domain Admin","Privacy Protect, LLC (PrivacyProtect.org)","10 Corporate Drive","Burlington","MA","01803","United States","contact@privacyprotect.org","+1.8022274003","","Domain Admin","Privacy Protect, LLC (PrivacyProtect.org)","10 Corporate Drive","Burlington","MA","01803","United States","contact@privacyprotect.org","+1.8022274003","","","","","","","","","","","","dns1.raiolanetworks.es","dns2.raiolanetworks.es","dns3.raiolanetworks.es","","clientTransferProhibited","","",""
"31","holidayhomes-canary.com","2020-05-06 19:31:40","2020-05-05","2020-05-05","2021-05-05","1600","Estrategias WebSite S.L.","whois2.virtualname.es","http://www.virtualpyme.com/","GDPR Masked","GDPR Masked","GDPR Masked","GDPR Masked","Palmas, Las","GDPR Masked","Spain","gdpr-masking@gdpr-masked.com","GDPR Masked","GDPR Masked","GDPR Masked","GDPR Masked","GDPR Masked","GDPR Masked","GDPR Masked","GDPR Masked","GDPR Masked","gdpr-masking@gdpr-masked.com","GDPR Masked","GDPR Masked","GDPR Masked","GDPR Masked","GDPR Masked","GDPR Masked","GDPR Masked","GDPR Masked","GDPR Masked","gdpr-masking@gdpr-masked.com","GDPR Masked","GDPR Masked","","","","","","","","","","","dns1.icnea.net","dns2.icnea.net","","","clientTransferProhibited","","",""
"32","huartestore.com","2020-05-06 22:21:09","2020-05-05","2020-05-05","2021-05-05","1600","Estrategias WebSite S.L.","whois2.virtualname.es","http://www.virtualpyme.com/","GDPR Masked","GDPR Masked","GDPR Masked","GDPR Masked","ZARAGOZA","GDPR Masked","Spain","gdpr-masking@gdpr-masked.com","GDPR Masked","GDPR Masked","GDPR Masked","GDPR Masked","GDPR Masked","GDPR Masked","GDPR Masked","GDPR Masked","GDPR Masked","gdpr-masking@gdpr-masked.com","GDPR Masked","GDPR Masked","GDPR Masked","GDPR Masked","GDPR Masked","GDPR Masked","GDPR Masked","GDPR Masked","GDPR Masked","gdpr-masking@gdpr-masked.com","GDPR Masked","GDPR Masked","","","","","","","","","","","dns1.raiolanetworks.es","dns2.raiolanetworks.es","dns3.raiolanetworks.es","","clientTransferProhibited","","",""
"33","inmocateringribeira.com","2020-05-06 23:16:42","2020-05-05","2020-05-05","2021-05-05","1600","Estrategias WebSite S.L.","whois2.virtualname.es","http://www.virtualpyme.com/","GDPR Masked","GDPR Masked","GDPR Masked","GDPR Masked","Coruna, A","GDPR Masked","Spain","gdpr-masking@gdpr-masked.com","GDPR Masked","GDPR Masked","GDPR Masked","GDPR Masked","GDPR Masked","GDPR Masked","GDPR Masked","GDPR Masked","GDPR Masked","gdpr-masking@gdpr-masked.com","GDPR Masked","GDPR Masked","GDPR Masked","GDPR Masked","GDPR Masked","GDPR Masked","GDPR Masked","GDPR Masked","GDPR Masked","gdpr-masking@gdpr-masked.com","GDPR Masked","GDPR Masked","","","","","","","","","","","ns1045.ui-dns.biz","ns1045.ui-dns.com","ns1045.ui-dns.de","ns1045.ui-dns.org","clientTransferProhibited","","",""
"34","irenenevadobusto.com","2020-05-06 22:40:25","2020-05-05","2020-05-05","2021-05-05","1600","Estrategias WebSite S.L.","whois2.virtualname.es","http://www.virtualpyme.com/","Domain Admin","Privacy Protect, LLC (PrivacyProtect.org)","10 Corporate Drive","Burlington","MA","01803","United States","contact@privacyprotect.org","+1.8022274003","","Domain Admin","Privacy Protect, LLC (PrivacyProtect.org)","10 Corporate Drive","Burlington","MA","01803","United States","contact@privacyprotect.org","+1.8022274003","","Domain Admin","Privacy Protect, LLC (PrivacyProtect.org)","10 Corporate Drive","Burlington","MA","01803","United States","contact@privacyprotect.org","+1.8022274003","","","","","","","","","","","","dns1.raiolanetworks.es","dns2.raiolanetworks.es","dns3.raiolanetworks.es","","clientTransferProhibited","","",""
"35","javieraguilarcliment.com","2020-05-06 21:38:32","2020-05-04","2020-05-04","2021-05-04","1600","Estrategias WebSite S.L.","whois2.virtualname.es","http://www.virtualpyme.com/","GDPR Masked","GDPR Masked","GDPR Masked","GDPR Masked","Valencia","GDPR Masked","Spain","gdpr-masking@gdpr-masked.com","GDPR Masked","GDPR Masked","GDPR Masked","GDPR Masked","GDPR Masked","GDPR Masked","GDPR Masked","GDPR Masked","GDPR Masked","gdpr-masking@gdpr-masked.com","GDPR Masked","GDPR Masked","GDPR Masked","GDPR Masked","GDPR Masked","GDPR Masked","GDPR Masked","GDPR Masked","GDPR Masked","gdpr-masking@gdpr-masked.com","GDPR Masked","GDPR Masked","","","","","","","","","","","dns1.raiolanetworks.es","dns2.raiolanetworks.es","dns3.raiolanetworks.es","","clientTransferProhibited","","",""
"36","juanantoniocalero.com","2020-05-06 22:57:35","2020-05-05","2020-05-05","2021-05-05","1600","Estrategias WebSite S.L.","whois2.virtualname.es","http://www.virtualpyme.com/","GDPR Masked","GDPR Masked","GDPR Masked","GDPR Masked","SEVILLA","GDPR Masked","Spain","gdpr-masking@gdpr-masked.com","GDPR Masked","GDPR Masked","GDPR Masked","GDPR Masked","GDPR Masked","GDPR Masked","GDPR Masked","GDPR Masked","GDPR Masked","gdpr-masking@gdpr-masked.com","GDPR Masked","GDPR Masked","GDPR Masked","GDPR Masked","GDPR Masked","GDPR Masked","GDPR Masked","GDPR Masked","GDPR Masked","gdpr-masking@gdpr-masked.com","GDPR Masked","GDPR Masked","","","","","","","","","","","net300.webcloud.es","net300a.webcloud.es","","","clientTransferProhibited","","",""
"37","karlfives.com","2020-05-06 20:34:50","2020-05-05","2020-05-05","2021-05-05","1600","Estrategias WebSite S.L.","whois2.virtualname.es","http://www.virtualpyme.com/","GDPR Masked","GDPR Masked","GDPR Masked","GDPR Masked","ALICANTE","GDPR Masked","Spain","gdpr-masking@gdpr-masked.com","GDPR Masked","GDPR Masked","GDPR Masked","GDPR Masked","GDPR Masked","GDPR Masked","GDPR Masked","GDPR Masked","GDPR Masked","gdpr-masking@gdpr-masked.com","GDPR Masked","GDPR Masked","GDPR Masked","GDPR Masked","GDPR Masked","GDPR Masked","GDPR Masked","GDPR Masked","GDPR Masked","gdpr-masking@gdpr-masked.com","GDPR Masked","GDPR Masked","","","","","","","","","","","dns1.raiolanetworks.es","dns2.raiolanetworks.es","dns3.raiolanetworks.es","","clientTransferProhibited","","",""
"38","ladigitaloteca.com","2020-05-06 21:10:27","2020-05-04","2020-05-04","2021-05-04","1600","Estrategias WebSite S.L.","whois2.virtualname.es","http://www.virtualpyme.com/","GDPR Masked","GDPR Masked","GDPR Masked","GDPR Masked","Palmas, Las","GDPR Masked","Spain","gdpr-masking@gdpr-masked.com","GDPR Masked","GDPR Masked","GDPR Masked","GDPR Masked","GDPR Masked","GDPR Masked","GDPR Masked","GDPR Masked","GDPR Masked","gdpr-masking@gdpr-masked.com","GDPR Masked","GDPR Masked","GDPR Masked","GDPR Masked","GDPR Masked","GDPR Masked","GDPR Masked","GDPR Masked","GDPR Masked","gdpr-masking@gdpr-masked.com","GDPR Masked","GDPR Masked","","","","","","","","","","","dns1.raiolanetworks.es","dns2.raiolanetworks.es","dns3.raiolanetworks.es","","clientTransferProhibited","","",""
"39","laprincesaguerrera.com","2020-05-06 23:19:48","2020-05-05","2020-05-05","2021-05-05","1600","Estrategias WebSite S.L.","whois2.virtualname.es","http://www.virtualpyme.com/","Domain Admin","Privacy Protect, LLC (PrivacyProtect.org)","10 Corporate Drive","Burlington","MA","01803","United States","contact@privacyprotect.org","+1.8022274003","","Domain Admin","Privacy Protect, LLC (PrivacyProtect.org)","10 Corporate Drive","Burlington","MA","01803","United States","contact@privacyprotect.org","+1.8022274003","","Domain Admin","Privacy Protect, LLC (PrivacyProtect.org)","10 Corporate Drive","Burlington","MA","01803","United States","contact@privacyprotect.org","+1.8022274003","","","","","","","","","","","","dns1.raiolanetworks.es","dns2.raiolanetworks.es","dns3.raiolanetworks.es","","clientTransferProhibited","","",""
"40","legacyabogados.com","2020-05-06 19:38:23","2020-05-05","2020-05-05","2021-05-05","1600","Estrategias WebSite S.L.","whois2.virtualname.es","http://www.virtualpyme.com/","GDPR Masked","GDPR Masked","GDPR Masked","GDPR Masked","MADRID","GDPR Masked","Spain","gdpr-masking@gdpr-masked.com","GDPR Masked","GDPR Masked","GDPR Masked","GDPR Masked","GDPR Masked","GDPR Masked","GDPR Masked","GDPR Masked","GDPR Masked","gdpr-masking@gdpr-masked.com","GDPR Masked","GDPR Masked","GDPR Masked","GDPR Masked","GDPR Masked","GDPR Masked","GDPR Masked","GDPR Masked","GDPR Masked","gdpr-masking@gdpr-masked.com","GDPR Masked","GDPR Masked","","","","","","","","","","","ns1.clientes.cloud","ns2.clientes.cloud","ns3.clientes.cloud","ns4.clientes.cloud","clientTransferProhibited","","",""
"41","limpiezasluchsrein.com","2020-05-06 20:33:42","2020-05-05","2020-05-05","2021-05-05","1600","Estrategias WebSite S.L.","whois2.virtualname.es","http://www.virtualpyme.com/","GDPR Masked","GDPR Masked","GDPR Masked","GDPR Masked","MADRID","GDPR Masked","Spain","gdpr-masking@gdpr-masked.com","GDPR Masked","GDPR Masked","GDPR Masked","GDPR Masked","GDPR Masked","GDPR Masked","GDPR Masked","GDPR Masked","GDPR Masked","gdpr-masking@gdpr-masked.com","GDPR Masked","GDPR Masked","GDPR Masked","GDPR Masked","GDPR Masked","GDPR Masked","GDPR Masked","GDPR Masked","GDPR Masked","gdpr-masking@gdpr-masked.com","GDPR Masked","GDPR Masked","","","","","","","","","","","dns1.raiolanetworks.es","dns2.raiolanetworks.es","dns3.raiolanetworks.es","","clientTransferProhibited","","",""
"42","llibrerianobelbalaguer.com","2020-05-06 22:51:45","2020-05-05","2020-05-05","2021-05-05","1600","Estrategias WebSite S.L.","whois2.virtualname.es","http://www.virtualpyme.com/","GDPR Masked","GDPR Masked","GDPR Masked","GDPR Masked","Lleida","GDPR Masked","Spain","gdpr-masking@gdpr-masked.com","GDPR Masked","GDPR Masked","GDPR Masked","GDPR Masked","GDPR Masked","GDPR Masked","GDPR Masked","GDPR Masked","GDPR Masked","gdpr-masking@gdpr-masked.com","GDPR Masked","GDPR Masked","GDPR Masked","GDPR Masked","GDPR Masked","GDPR Masked","GDPR Masked","GDPR Masked","GDPR Masked","gdpr-masking@gdpr-masked.com","GDPR Masked","GDPR Masked","","","","","","","","","","","ns1.barcelonahost.es","ns2.barcelonahost.es","","","clientTransferProhibited","","",""
"43","manfit78.com","2020-05-06 20:16:27","2020-05-05","2020-05-05","2021-05-05","1600","Estrategias WebSite S.L.","whois2.virtualname.es","http://www.virtualpyme.com/","GDPR Masked","GDPR Masked","GDPR Masked","GDPR Masked","ALICANTE","GDPR Masked","Spain","gdpr-masking@gdpr-masked.com","GDPR Masked","GDPR Masked","GDPR Masked","GDPR Masked","GDPR Masked","GDPR Masked","GDPR Masked","GDPR Masked","GDPR Masked","gdpr-masking@gdpr-masked.com","GDPR Masked","GDPR Masked","GDPR Masked","GDPR Masked","GDPR Masked","GDPR Masked","GDPR Masked","GDPR Masked","GDPR Masked","gdpr-masking@gdpr-masked.com","GDPR Masked","GDPR Masked","","","","","","","","","","","a.zeit-world.co.uk","b.zeit-world.org","d.zeit-world.com","f.zeit-world.net","clientTransferProhibited","","",""
"44","mesoneltormo.com","2020-05-06 23:27:03","2020-05-05","2020-05-05","2021-05-05","1600","Estrategias WebSite S.L.","whois2.virtualname.es","http://www.virtualpyme.com/","GDPR Masked","GDPR Masked","GDPR Masked","GDPR Masked","CUENCA","GDPR Masked","Spain","gdpr-masking@gdpr-masked.com","GDPR Masked","GDPR Masked","GDPR Masked","GDPR Masked","GDPR Masked","GDPR Masked","GDPR Masked","GDPR Masked","GDPR Masked","gdpr-masking@gdpr-masked.com","GDPR Masked","GDPR Masked","GDPR Masked","GDPR Masked","GDPR Masked","GDPR Masked","GDPR Masked","GDPR Masked","GDPR Masked","gdpr-masking@gdpr-masked.com","GDPR Masked","GDPR Masked","","","","","","","","","","","dns.servinet.net","dns3.servinet.net","","","clientTransferProhibited","","",""
"45","nailqram.com","2020-05-06 23:07:55","2020-05-05","2020-05-05","2021-05-05","1600","Estrategias WebSite S.L.","whois2.virtualname.es","http://www.virtualpyme.com/","Domain Admin","Privacy Protect, LLC (PrivacyProtect.org)","10 Corporate Drive","Burlington","MA","01803","United States","contact@privacyprotect.org","+1.8022274003","","Domain Admin","Privacy Protect, LLC (PrivacyProtect.org)","10 Corporate Drive","Burlington","MA","01803","United States","contact@privacyprotect.org","+1.8022274003","","Domain Admin","Privacy Protect, LLC (PrivacyProtect.org)","10 Corporate Drive","Burlington","MA","01803","United States","contact@privacyprotect.org","+1.8022274003","","","","","","","","","","","","dns1.raiolanetworks.es","dns2.raiolanetworks.es","dns3.raiolanetworks.es","","clientTransferProhibited","","",""
"46","pambly-dns.biz","2020-05-06 09:02:08","2020-05-01","2020-05-03","2021-05-01","1600","Estrategias WebSite S.L.","whois2.virtualname.es","http://www.virtualpyme.com/","GDPR Masked","GDPR Masked","","","GDPR Masked","","United States","","","","","","","","","","","","","","","","","","","","","","","","","","","","","","","","","","ns1.pambly-dns.com","ns2.pambly-dns.net","ns3.pambly-dns.org","ns4.pambly-dns.biz","addPeriod","clientTransferProhibited","",""
"47","peccatumtshirts.com","2020-05-06 20:39:47","2020-05-04","2020-05-04","2021-05-04","1600","Estrategias WebSite S.L.","whois2.virtualname.es","http://www.virtualpyme.com/","Domain Admin","Privacy Protect, LLC (PrivacyProtect.org)","10 Corporate Drive","Burlington","MA","01803","United States","contact@privacyprotect.org","+1.8022274003","","Domain Admin","Privacy Protect, LLC (PrivacyProtect.org)","10 Corporate Drive","Burlington","MA","01803","United States","contact@privacyprotect.org","+1.8022274003","","Domain Admin","Privacy Protect, LLC (PrivacyProtect.org)","10 Corporate Drive","Burlington","MA","01803","United States","contact@privacyprotect.org","+1.8022274003","","","","","","","","","","","","dns1.raiolanetworks.es","dns2.raiolanetworks.es","dns3.raiolanetworks.es","","clientTransferProhibited","","",""
"48","preciosolares.com","2020-05-06 23:21:27","2020-05-05","2020-05-05","2021-05-05","1600","Estrategias WebSite S.L.","whois2.virtualname.es","http://www.virtualpyme.com/","Domain Admin","Privacy Protect, LLC (PrivacyProtect.org)","10 Corporate Drive","Burlington","MA","01803","United States","contact@privacyprotect.org","+1.8022274003","","Domain Admin","Privacy Protect, LLC (PrivacyProtect.org)","10 Corporate Drive","Burlington","MA","01803","United States","contact@privacyprotect.org","+1.8022274003","","Domain Admin","Privacy Protect, LLC (PrivacyProtect.org)","10 Corporate Drive","Burlington","MA","01803","United States","contact@privacyprotect.org","+1.8022274003","","","","","","","","","","","","dns1.raiolanetworks.es","dns2.raiolanetworks.es","dns3.raiolanetworks.es","","clientTransferProhibited","","",""
"49","promisepeopleacademy.com","2020-05-06 20:32:31","2020-05-05","2020-05-05","2021-05-05","1600","Estrategias WebSite S.L.","whois2.virtualname.es","http://www.virtualpyme.com/","GDPR Masked","GDPR Masked","GDPR Masked","GDPR Masked","MADRID","GDPR Masked","Spain","gdpr-masking@gdpr-masked.com","GDPR Masked","GDPR Masked","GDPR Masked","GDPR Masked","GDPR Masked","GDPR Masked","GDPR Masked","GDPR Masked","GDPR Masked","gdpr-masking@gdpr-masked.com","GDPR Masked","GDPR Masked","GDPR Masked","GDPR Masked","GDPR Masked","GDPR Masked","GDPR Masked","GDPR Masked","GDPR Masked","gdpr-masking@gdpr-masked.com","GDPR Masked","GDPR Masked","","","","","","","","","","","dns1.raiolanetworks.es","dns2.raiolanetworks.es","dns3.raiolanetworks.es","","clientTransferProhibited","","",""
"50","rentingflexmalaga.com","2020-05-06 20:40:03","2020-05-04","2020-05-04","2021-05-04","1600","Estrategias WebSite S.L.","whois2.virtualname.es","http://www.virtualpyme.com/","Domain Admin","Privacy Protect, LLC (PrivacyProtect.org)","10 Corporate Drive","Burlington","MA","01803","United States","contact@privacyprotect.org","+1.8022274003","","Domain Admin","Privacy Protect, LLC (PrivacyProtect.org)","10 Corporate Drive","Burlington","MA","01803","United States","contact@privacyprotect.org","+1.8022274003","","Domain Admin","Privacy Protect, LLC (PrivacyProtect.org)","10 Corporate Drive","Burlington","MA","01803","United States","contact@privacyprotect.org","+1.8022274003","","","","","","","","","","","","ns4785.zonasprivadasdns.com","ns4786.zonasprivadasdns.com","","","clientTransferProhibited","","",""
"51","reutextil.com","2020-05-06 19:27:02","2020-05-05","2020-05-05","2021-05-05","1600","Estrategias WebSite S.L.","whois2.virtualname.es","http://www.virtualpyme.com/","Domain Admin","Privacy Protect, LLC (PrivacyProtect.org)","10 Corporate Drive","Burlington","MA","01803","United States","contact@privacyprotect.org","+1.8022274003","","Domain Admin","Privacy Protect, LLC (PrivacyProtect.org)","10 Corporate Drive","Burlington","MA","01803","United States","contact@privacyprotect.org","+1.8022274003","","Domain Admin","Privacy Protect, LLC (PrivacyProtect.org)","10 Corporate Drive","Burlington","MA","01803","United States","contact@privacyprotect.org","+1.8022274003","","","","","","","","","","","","dns1.raiolanetworks.es","dns2.raiolanetworks.es","dns3.raiolanetworks.es","","clientTransferProhibited","","",""
"52","sabercomohacer.com","2020-05-06 21:00:51","2020-05-04","2020-05-04","2021-05-04","1600","Estrategias WebSite S.L.","whois2.virtualname.es","http://www.virtualpyme.com/","GDPR Masked","GDPR Masked","GDPR Masked","GDPR Masked","Asturias","GDPR Masked","Spain","gdpr-masking@gdpr-masked.com","GDPR Masked","GDPR Masked","GDPR Masked","GDPR Masked","GDPR Masked","GDPR Masked","GDPR Masked","GDPR Masked","GDPR Masked","gdpr-masking@gdpr-masked.com","GDPR Masked","GDPR Masked","GDPR Masked","GDPR Masked","GDPR Masked","GDPR Masked","GDPR Masked","GDPR Masked","GDPR Masked","gdpr-masking@gdpr-masked.com","GDPR Masked","GDPR Masked","","","","","","","","","","","ns1.iukanet.com","ns2.iukanet.com","","","clientTransferProhibited","","",""
"53","segurologico.com","2020-05-06 23:27:16","2020-05-05","2020-05-05","2021-05-05","1600","Estrategias WebSite S.L.","whois2.virtualname.es","http://www.virtualpyme.com/","Domain Admin","Privacy Protect, LLC (PrivacyProtect.org)","10 Corporate Drive","Burlington","MA","01803","United States","contact@privacyprotect.org","+1.8022274003","","Domain Admin","Privacy Protect, LLC (PrivacyProtect.org)","10 Corporate Drive","Burlington","MA","01803","United States","contact@privacyprotect.org","+1.8022274003","","Domain Admin","Privacy Protect, LLC (PrivacyProtect.org)","10 Corporate Drive","Burlington","MA","01803","United States","contact@privacyprotect.org","+1.8022274003","","","","","","","","","","","","dns1.raiolanetworks.es","dns2.raiolanetworks.es","dns3.raiolanetworks.es","","clientTransferProhibited","","",""
"54","seriesminecraft.com","2020-05-06 19:29:05","2020-05-05","2020-05-05","2021-05-05","1600","Estrategias WebSite S.L.","whois2.virtualname.es","http://www.virtualpyme.com/","GDPR Masked","GDPR Masked","GDPR Masked","GDPR Masked","Valencia","GDPR Masked","Spain","gdpr-masking@gdpr-masked.com","GDPR Masked","GDPR Masked","GDPR Masked","GDPR Masked","GDPR Masked","GDPR Masked","GDPR Masked","GDPR Masked","GDPR Masked","gdpr-masking@gdpr-masked.com","GDPR Masked","GDPR Masked","GDPR Masked","GDPR Masked","GDPR Masked","GDPR Masked","GDPR Masked","GDPR Masked","GDPR Masked","gdpr-masking@gdpr-masked.com","GDPR Masked","GDPR Masked","","","","","","","","","","","ns1.lucushost.com","ns2.lucushost.com","ns3.lucushost.com","","clientTransferProhibited","","",""
"55","star84ropa.com","2020-05-06 20:39:29","2020-05-04","2020-05-04","2021-05-04","1600","Estrategias WebSite S.L.","whois2.virtualname.es","http://www.virtualpyme.com/","GDPR Masked","GDPR Masked","GDPR Masked","GDPR Masked","Toledo","GDPR Masked","Spain","gdpr-masking@gdpr-masked.com","GDPR Masked","GDPR Masked","GDPR Masked","GDPR Masked","GDPR Masked","GDPR Masked","GDPR Masked","GDPR Masked","GDPR Masked","gdpr-masking@gdpr-masked.com","GDPR Masked","GDPR Masked","GDPR Masked","GDPR Masked","GDPR Masked","GDPR Masked","GDPR Masked","GDPR Masked","GDPR Masked","gdpr-masking@gdpr-masked.com","GDPR Masked","GDPR Masked","","","","","","","","","","","dns1.raiolanetworks.es","dns2.raiolanetworks.es","dns3.raiolanetworks.es","","clientTransferProhibited","","",""
"56","stoppainonline.com","2020-05-06 19:32:25","2020-05-04","2020-05-04","2021-05-04","1600","Estrategias WebSite S.L.","whois2.virtualname.es","http://www.virtualpyme.com/","GDPR Masked","GDPR Masked","GDPR Masked","GDPR Masked","Malaga","GDPR Masked","Spain","gdpr-masking@gdpr-masked.com","GDPR Masked","GDPR Masked","GDPR Masked","GDPR Masked","GDPR Masked","GDPR Masked","GDPR Masked","GDPR Masked","GDPR Masked","gdpr-masking@gdpr-masked.com","GDPR Masked","GDPR Masked","GDPR Masked","GDPR Masked","GDPR Masked","GDPR Masked","GDPR Masked","GDPR Masked","GDPR Masked","gdpr-masking@gdpr-masked.com","GDPR Masked","GDPR Masked","","","","","","","","","","","dns1.raiolanetworks.es","dns2.raiolanetworks.es","dns3.raiolanetworks.es","","clientTransferProhibited","","",""
"57","tasquitadelpuerto.com","2020-05-06 21:15:04","2020-05-04","2020-05-04","2021-05-04","1600","Estrategias WebSite S.L.","whois2.virtualname.es","http://www.virtualpyme.com/","GDPR Masked","GDPR Masked","GDPR Masked","GDPR Masked","Santa Cruz de Tenerife","GDPR Masked","Spain","gdpr-masking@gdpr-masked.com","GDPR Masked","GDPR Masked","GDPR Masked","GDPR Masked","GDPR Masked","GDPR Masked","GDPR Masked","GDPR Masked","GDPR Masked","gdpr-masking@gdpr-masked.com","GDPR Masked","GDPR Masked","GDPR Masked","GDPR Masked","GDPR Masked","GDPR Masked","GDPR Masked","GDPR Masked","GDPR Masked","gdpr-masking@gdpr-masked.com","GDPR Masked","GDPR Masked","","","","","","","","","","","dns1.raiolanetworks.es","dns2.raiolanetworks.es","dns3.raiolanetworks.es","","clientTransferProhibited","","",""
"58","tiendadefrikis.com","2020-05-06 22:58:48","2020-05-05","2020-05-05","2021-05-05","1600","Estrategias WebSite S.L.","whois2.virtualname.es","http://www.virtualpyme.com/","Domain Admin","Privacy Protect, LLC (PrivacyProtect.org)","10 Corporate Drive","Burlington","MA","01803","United States","contact@privacyprotect.org","+1.8022274003","","Domain Admin","Privacy Protect, LLC (PrivacyProtect.org)","10 Corporate Drive","Burlington","MA","01803","United States","contact@privacyprotect.org","+1.8022274003","","Domain Admin","Privacy Protect, LLC (PrivacyProtect.org)","10 Corporate Drive","Burlington","MA","01803","United States","contact@privacyprotect.org","+1.8022274003","","","","","","","","","","","","ns826.zonasprivadasdns.com","ns827.zonasprivadasdns.com","","","clientTransferProhibited","","",""
"59","timothyjwoods.com","2020-05-06 20:51:07","2020-05-04","2020-05-04","2021-05-04","1600","Estrategias WebSite S.L.","whois2.virtualname.es","http://www.virtualpyme.com/","GDPR Masked","GDPR Masked","GDPR Masked","GDPR Masked","Barcelona","GDPR Masked","Spain","gdpr-masking@gdpr-masked.com","GDPR Masked","GDPR Masked","GDPR Masked","GDPR Masked","GDPR Masked","GDPR Masked","GDPR Masked","GDPR Masked","GDPR Masked","gdpr-masking@gdpr-masked.com","GDPR Masked","GDPR Masked","GDPR Masked","GDPR Masked","GDPR Masked","GDPR Masked","GDPR Masked","GDPR Masked","GDPR Masked","gdpr-masking@gdpr-masked.com","GDPR Masked","GDPR Masked","","","","","","","","","","","ns1.neodigit.net","ns2.neodigit.net","","","clientTransferProhibited","","",""
"60","toursgratisvalencia.com","2020-05-06 20:22:11","2020-05-05","2020-05-05","2021-05-05","1600","Estrategias WebSite S.L.","whois2.virtualname.es","http://www.virtualpyme.com/","GDPR Masked","GDPR Masked","GDPR Masked","GDPR Masked","Valencia","GDPR Masked","Spain","gdpr-masking@gdpr-masked.com","GDPR Masked","GDPR Masked","GDPR Masked","GDPR Masked","GDPR Masked","GDPR Masked","GDPR Masked","GDPR Masked","GDPR Masked","gdpr-masking@gdpr-masked.com","GDPR Masked","GDPR Masked","GDPR Masked","GDPR Masked","GDPR Masked","GDPR Masked","GDPR Masked","GDPR Masked","GDPR Masked","gdpr-masking@gdpr-masked.com","GDPR Masked","GDPR Masked","","","","","","","","","","","ns23.m2estudio.com","ns24.m2estudio.com","","","clientTransferProhibited","","",""
"61","unucars.com","2020-05-06 22:27:53","2020-05-05","2020-05-05","2021-05-05","1600","Estrategias WebSite S.L.","whois2.virtualname.es","http://www.virtualpyme.com/","GDPR Masked","GDPR Masked","GDPR Masked","GDPR Masked","Coruna, A","GDPR Masked","Spain","gdpr-masking@gdpr-masked.com","GDPR Masked","GDPR Masked","GDPR Masked","GDPR Masked","GDPR Masked","GDPR Masked","GDPR Masked","GDPR Masked","GDPR Masked","gdpr-masking@gdpr-masked.com","GDPR Masked","GDPR Masked","GDPR Masked","GDPR Masked","GDPR Masked","GDPR Masked","GDPR Masked","GDPR Masked","GDPR Masked","gdpr-masking@gdpr-masked.com","GDPR Masked","GDPR Masked","","","","","","","","","","","dns171.zonasprivadasdns.com","dns172.zonasprivadasdns.com","","","clientTransferProhibited","","",""
"62","valenciatoursgratis.com","2020-05-06 19:37:03","2020-05-05","2020-05-05","2021-05-05","1600","Estrategias WebSite S.L.","whois2.virtualname.es","http://www.virtualpyme.com/","GDPR Masked","GDPR Masked","GDPR Masked","GDPR Masked","Valencia","GDPR Masked","Spain","gdpr-masking@gdpr-masked.com","GDPR Masked","GDPR Masked","GDPR Masked","GDPR Masked","GDPR Masked","GDPR Masked","GDPR Masked","GDPR Masked","GDPR Masked","gdpr-masking@gdpr-masked.com","GDPR Masked","GDPR Masked","GDPR Masked","GDPR Masked","GDPR Masked","GDPR Masked","GDPR Masked","GDPR Masked","GDPR Masked","gdpr-masking@gdpr-masked.com","GDPR Masked","GDPR Masked","","","","","","","","","","","ns23.m2estudio.com","ns24.m2estudio.com","","","clientTransferProhibited","","",""
"63","verlacarta.com","2020-05-06 21:59:23","2020-05-04","2020-05-04","2021-05-04","1600","Estrategias WebSite S.L.","whois2.virtualname.es","http://www.virtualpyme.com/","GDPR Masked","GDPR Masked","GDPR Masked","GDPR Masked","Cadiz","GDPR Masked","Spain","gdpr-masking@gdpr-masked.com","GDPR Masked","GDPR Masked","GDPR Masked","GDPR Masked","GDPR Masked","GDPR Masked","GDPR Masked","GDPR Masked","GDPR Masked","gdpr-masking@gdpr-masked.com","GDPR Masked","GDPR Masked","GDPR Masked","GDPR Masked","GDPR Masked","GDPR Masked","GDPR Masked","GDPR Masked","GDPR Masked","gdpr-masking@gdpr-masked.com","GDPR Masked","GDPR Masked","","","","","","","","","","","ns1.pixerama.com","ns2.pixerama.com","","","clientTransferProhibited","","",""
"64","viajesparalgtbi.com","2020-05-06 23:22:31","2020-05-05","2020-05-05","2021-05-05","1600","Estrategias WebSite S.L.","whois2.virtualname.es","http://www.virtualpyme.com/","GDPR Masked","GDPR Masked","GDPR Masked","GDPR Masked","Valencia","GDPR Masked","Spain","gdpr-masking@gdpr-masked.com","GDPR Masked","GDPR Masked","GDPR Masked","GDPR Masked","GDPR Masked","GDPR Masked","GDPR Masked","GDPR Masked","GDPR Masked","gdpr-masking@gdpr-masked.com","GDPR Masked","GDPR Masked","GDPR Masked","GDPR Masked","GDPR Masked","GDPR Masked","GDPR Masked","GDPR Masked","GDPR Masked","gdpr-masking@gdpr-masked.com","GDPR Masked","GDPR Masked","","","","","","","","","","","ns1.lucushost.com","ns2.lucushost.com","ns3.lucushost.com","","clientTransferProhibited","","",""
"65","viajesparsingles.com","2020-05-06 23:20:44","2020-05-05","2020-05-05","2021-05-05","1600","Estrategias WebSite S.L.","whois2.virtualname.es","http://www.virtualpyme.com/","GDPR Masked","GDPR Masked","GDPR Masked","GDPR Masked","Valencia","GDPR Masked","Spain","gdpr-masking@gdpr-masked.com","GDPR Masked","GDPR Masked","GDPR Masked","GDPR Masked","GDPR Masked","GDPR Masked","GDPR Masked","GDPR Masked","GDPR Masked","gdpr-masking@gdpr-masked.com","GDPR Masked","GDPR Masked","GDPR Masked","GDPR Masked","GDPR Masked","GDPR Masked","GDPR Masked","GDPR Masked","GDPR Masked","gdpr-masking@gdpr-masked.com","GDPR Masked","GDPR Masked","","","","","","","","","","","ns1.lucushost.com","ns2.lucushost.com","ns3.lucushost.com","","clientTransferProhibited","","",""
"66","videosbodasbolivia.com","2020-05-06 23:23:11","2020-05-05","2020-05-05","2021-05-05","1600","Estrategias WebSite S.L.","whois2.virtualname.es","http://www.virtualpyme.com/","Domain Admin","Privacy Protect, LLC (PrivacyProtect.org)","10 Corporate Drive","Burlington","MA","01803","United States","contact@privacyprotect.org","+1.8022274003","","Domain Admin","Privacy Protect, LLC (PrivacyProtect.org)","10 Corporate Drive","Burlington","MA","01803","United States","contact@privacyprotect.org","+1.8022274003","","Domain Admin","Privacy Protect, LLC (PrivacyProtect.org)","10 Corporate Drive","Burlington","MA","01803","United States","contact@privacyprotect.org","+1.8022274003","","","","","","","","","","","","dns80.zonasprivadasdns.com","dns81.zonasprivadasdns.com","","","clientTransferProhibited","","",""
"67","vivalacaza.com","2020-05-06 23:47:39","2020-05-05","2020-05-05","2021-05-05","1600","Estrategias WebSite S.L.","whois2.virtualname.es","http://www.virtualpyme.com/","GDPR Masked","GDPR Masked","GDPR Masked","GDPR Masked","MADRID","GDPR Masked","Spain","gdpr-masking@gdpr-masked.com","GDPR Masked","GDPR Masked","GDPR Masked","GDPR Masked","GDPR Masked","GDPR Masked","GDPR Masked","GDPR Masked","GDPR Masked","gdpr-masking@gdpr-masked.com","GDPR Masked","GDPR Masked","GDPR Masked","GDPR Masked","GDPR Masked","GDPR Masked","GDPR Masked","GDPR Masked","GDPR Masked","gdpr-masking@gdpr-masked.com","GDPR Masked","GDPR Masked","","","","","","","","","","","parking1.neodigit.net","parking2.neodigit.net","","","clientTransferProhibited","","",""
"68","viveamaysana.com","2020-05-06 20:41:20","2020-05-04","2020-05-04","2021-05-04","1600","Estrategias WebSite S.L.","whois2.virtualname.es","http://www.virtualpyme.com/","Domain Admin","Privacy Protect, LLC (PrivacyProtect.org)","10 Corporate Drive","Burlington","MA","01803","United States","contact@privacyprotect.org","+1.8022274003","","Domain Admin","Privacy Protect, LLC (PrivacyProtect.org)","10 Corporate Drive","Burlington","MA","01803","United States","contact@privacyprotect.org","+1.8022274003","","Domain Admin","Privacy Protect, LLC (PrivacyProtect.org)","10 Corporate Drive","Burlington","MA","01803","United States","contact@privacyprotect.org","+1.8022274003","","","","","","","","","","","","dns1.raiolanetworks.es","dns2.raiolanetworks.es","dns3.raiolanetworks.es","","clientTransferProhibited","","",""
"69","viviendasvacacionales-canarias.com","2020-05-06 22:27:19","2020-05-05","2020-05-05","2021-05-05","1600","Estrategias WebSite S.L.","whois2.virtualname.es","http://www.virtualpyme.com/","GDPR Masked","GDPR Masked","GDPR Masked","GDPR Masked","Palmas, Las","GDPR Masked","Spain","gdpr-masking@gdpr-masked.com","GDPR Masked","GDPR Masked","GDPR Masked","GDPR Masked","GDPR Masked","GDPR Masked","GDPR Masked","GDPR Masked","GDPR Masked","gdpr-masking@gdpr-masked.com","GDPR Masked","GDPR Masked","GDPR Masked","GDPR Masked","GDPR Masked","GDPR Masked","GDPR Masked","GDPR Masked","GDPR Masked","gdpr-masking@gdpr-masked.com","GDPR Masked","GDPR Masked","","","","","","","","","","","dns1.icnea.net","dns2.icnea.net","","","clientTransferProhibited","","",""
"70","webmapasconceptuales.com","2020-05-06 21:24:53","2020-05-04","2020-05-04","2021-05-04","1600","Estrategias WebSite S.L.","whois2.virtualname.es","http://www.virtualpyme.com/","GDPR Masked","GDPR Masked","GDPR Masked","GDPR Masked","murcia","GDPR Masked","Spain","gdpr-masking@gdpr-masked.com","GDPR Masked","GDPR Masked","GDPR Masked","GDPR Masked","GDPR Masked","GDPR Masked","GDPR Masked","GDPR Masked","GDPR Masked","gdpr-masking@gdpr-masked.com","GDPR Masked","GDPR Masked","GDPR Masked","GDPR Masked","GDPR Masked","GDPR Masked","GDPR Masked","GDPR Masked","GDPR Masked","gdpr-masking@gdpr-masked.com","GDPR Masked","GDPR Masked","","","","","","","","","","","dns1.raiolanetworks.es","dns2.raiolanetworks.es","dns3.raiolanetworks.es","","clientTransferProhibited","","",""
"71","xn--hosteleriaenespaa-uxb.com","2020-05-07 00:14:12","2020-05-05","2020-05-05","2021-05-05","1600","Estrategias WebSite S.L.","whois2.virtualname.es","http://www.virtualpyme.com/","GDPR Masked","GDPR Masked","GDPR Masked","GDPR Masked","Valencia","GDPR Masked","Spain","gdpr-masking@gdpr-masked.com","GDPR Masked","GDPR Masked","GDPR Masked","GDPR Masked","GDPR Masked","GDPR Masked","GDPR Masked","GDPR Masked","GDPR Masked","gdpr-masking@gdpr-masked.com","GDPR Masked","GDPR Masked","GDPR Masked","GDPR Masked","GDPR Masked","GDPR Masked","GDPR Masked","GDPR Masked","GDPR Masked","gdpr-masking@gdpr-masked.com","GDPR Masked","GDPR Masked","","","","","","","","","","","dns1.conexionspot.net","dns2.conexionspot.net","","","clientTransferProhibited","","",""
"72","xn--nebrimtica-x4a.com","2020-05-06 20:45:21","2020-05-04","2020-05-04","2021-05-04","1600","Estrategias WebSite S.L.","whois2.virtualname.es","http://www.virtualpyme.com/","GDPR Masked","GDPR Masked","GDPR Masked","GDPR Masked","SEVILLA","GDPR Masked","Spain","gdpr-masking@gdpr-masked.com","GDPR Masked","GDPR Masked","GDPR Masked","GDPR Masked","GDPR Masked","GDPR Masked","GDPR Masked","GDPR Masked","GDPR Masked","gdpr-masking@gdpr-masked.com","GDPR Masked","GDPR Masked","GDPR Masked","GDPR Masked","GDPR Masked","GDPR Masked","GDPR Masked","GDPR Masked","GDPR Masked","gdpr-masking@gdpr-masked.com","GDPR Masked","GDPR Masked","","","","","","","","","","","ns1.nebrimatica.net","ns2.nebrimatica.net","","","clientTransferProhibited","","",""
"73","yebrision.com","2020-05-06 21:44:10","2020-05-05","2020-05-05","2021-05-05","1600","Estrategias WebSite S.L.","whois2.virtualname.es","http://www.virtualpyme.com/","GDPR Masked","GDPR Masked","GDPR Masked","GDPR Masked","ALMERIA","GDPR Masked","Spain","gdpr-masking@gdpr-masked.com","GDPR Masked","GDPR Masked","GDPR Masked","GDPR Masked","GDPR Masked","GDPR Masked","GDPR Masked","GDPR Masked","GDPR Masked","gdpr-masking@gdpr-masked.com","GDPR Masked","GDPR Masked","GDPR Masked","GDPR Masked","GDPR Masked","GDPR Masked","GDPR Masked","GDPR Masked","GDPR Masked","gdpr-masking@gdpr-masked.com","GDPR Masked","GDPR Masked","","","","","","","","","","","dns1.raiolanetworks.es","dns2.raiolanetworks.es","dns3.raiolanetworks.es","","clientTransferProhibited","","",""
"74","yodigitalizo.com","2020-05-06 21:03:29","2020-05-04","2020-05-04","2021-05-04","1600","Estrategias WebSite S.L.","whois2.virtualname.es","http://www.virtualpyme.com/","GDPR Masked","GDPR Masked","GDPR Masked","GDPR Masked","Palmas, Las","GDPR Masked","Spain","gdpr-masking@gdpr-masked.com","GDPR Masked","GDPR Masked","GDPR Masked","GDPR Masked","GDPR Masked","GDPR Masked","GDPR Masked","GDPR Masked","GDPR Masked","gdpr-masking@gdpr-masked.com","GDPR Masked","GDPR Masked","GDPR Masked","GDPR Masked","GDPR Masked","GDPR Masked","GDPR Masked","GDPR Masked","GDPR Masked","gdpr-masking@gdpr-masked.com","GDPR Masked","GDPR Masked","","","","","","","","","","","dns1.raiolanetworks.es","dns2.raiolanetworks.es","dns3.raiolanetworks.es","","clientTransferProhibited","","",""