"num","domain_name","query_time","create_date","update_date","expiry_date","domain_registrar_id","domain_registrar_name","domain_registrar_whois","domain_registrar_url","registrant_name","registrant_company","registrant_address","registrant_city","registrant_state","registrant_zip","registrant_country","registrant_email","registrant_phone","registrant_fax","administrative_name","administrative_company","administrative_address","administrative_city","administrative_state","administrative_zip","administrative_country","administrative_email","administrative_phone","administrative_fax","technical_name","technical_company","technical_address","technical_city","technical_state","technical_zip","technical_country","technical_email","technical_phone","technical_fax","billing_name","billing_company","billing_address","billing_city","billing_state","billing_zip","billing_country","billing_email","billing_phone","billing_fax","name_server_1","name_server_2","name_server_3","name_server_4","domain_status_1","domain_status_2","domain_status_3","domain_status_4"
"1","2wpinternational.com","2020-05-06 19:21:52","2020-05-05","2020-05-05","2021-05-05","13","Melbourne IT, Ltd","whois.melbourneit.com","http://www.melbourneit.com","My Private Registration","My Private Registration","PO BOX 270","Broadway","NSW","2007","Australia","2wpinternational.com@domainprivacyservice.com.au","+61.299340501","","My Private Registration","My Private Registration","PO BOX 270","Broadway","NSW","2007","Australia","2wpinternational.com@domainprivacyservice.com.au","+61.299340501","","My Private Registration","My Private Registration","PO BOX 270","Broadway","NSW","2007","Australia","2wpinternational.com@domainprivacyservice.com.au","+61.299340501","","","","","","","","","","","","ns1.netregistry.net","ns2.netregistry.net","ns3.netregistry.net","","OK","","",""
"2","aggiorniituoidati.com","2020-05-06 19:22:18","2020-05-05","2020-05-05","2021-05-05","13","Melbourne IT, Ltd","whois.melbourneit.com","http://www.melbourneit.com","REDACTED FOR PRIVACY","REDACTED FOR PRIVACY","REDACTED FOR PRIVACY","REDACTED FOR PRIVACY","brescia","REDACTED FOR PRIVACY","Italy","","REDACTED FOR PRIVACY","REDACTED FOR PRIVACY","REDACTED FOR PRIVACY","REDACTED FOR PRIVACY","REDACTED FOR PRIVACY","REDACTED FOR PRIVACY","REDACTED FOR PRIVACY","REDACTED FOR PRIVACY","REDACTED FOR PRIVACY","","REDACTED FOR PRIVACY","REDACTED FOR PRIVACY","REDACTED FOR PRIVACY","REDACTED FOR PRIVACY","REDACTED FOR PRIVACY","REDACTED FOR PRIVACY","REDACTED FOR PRIVACY","REDACTED FOR PRIVACY","REDACTED FOR PRIVACY","","REDACTED FOR PRIVACY","REDACTED FOR PRIVACY","","","","","","","","","","","ns1.server-cpanel.com","ns2.server-cpanel.com","","","OK","","",""
"3","aimforamillion.com","2020-05-06 22:40:09","2020-05-05","2020-05-05","2021-05-05","13","Melbourne IT, Ltd","whois.melbourneit.com","http://www.melbourneit.com","REDACTED FOR PRIVACY","REDACTED FOR PRIVACY","REDACTED FOR PRIVACY","REDACTED FOR PRIVACY","NSW","REDACTED FOR PRIVACY","Australia","","REDACTED FOR PRIVACY","REDACTED FOR PRIVACY","REDACTED FOR PRIVACY","REDACTED FOR PRIVACY","REDACTED FOR PRIVACY","REDACTED FOR PRIVACY","REDACTED FOR PRIVACY","REDACTED FOR PRIVACY","REDACTED FOR PRIVACY","","REDACTED FOR PRIVACY","REDACTED FOR PRIVACY","REDACTED FOR PRIVACY","REDACTED FOR PRIVACY","REDACTED FOR PRIVACY","REDACTED FOR PRIVACY","REDACTED FOR PRIVACY","REDACTED FOR PRIVACY","REDACTED FOR PRIVACY","","REDACTED FOR PRIVACY","REDACTED FOR PRIVACY","","","","","","","","","","","ns1.netregistry.net","ns2.netregistry.net","ns3.netregistry.net","","OK","","",""
"4","amministratoredati.com","2020-05-06 19:22:07","2020-05-05","2020-05-05","2021-05-05","13","Melbourne IT, Ltd","whois.melbourneit.com","http://www.melbourneit.com","REDACTED FOR PRIVACY","REDACTED FOR PRIVACY","REDACTED FOR PRIVACY","REDACTED FOR PRIVACY","brescia","REDACTED FOR PRIVACY","Italy","","REDACTED FOR PRIVACY","REDACTED FOR PRIVACY","REDACTED FOR PRIVACY","REDACTED FOR PRIVACY","REDACTED FOR PRIVACY","REDACTED FOR PRIVACY","REDACTED FOR PRIVACY","REDACTED FOR PRIVACY","REDACTED FOR PRIVACY","","REDACTED FOR PRIVACY","REDACTED FOR PRIVACY","REDACTED FOR PRIVACY","REDACTED FOR PRIVACY","REDACTED FOR PRIVACY","REDACTED FOR PRIVACY","REDACTED FOR PRIVACY","REDACTED FOR PRIVACY","REDACTED FOR PRIVACY","","REDACTED FOR PRIVACY","REDACTED FOR PRIVACY","","","","","","","","","","","ns1.server-cpanel.com","ns2.server-cpanel.com","","","OK","","",""
"5","architectsofvibe.com","2020-05-07 00:29:31","2020-05-05","2020-05-05","2022-05-05","13","Melbourne IT, Ltd","whois.melbourneit.com","http://www.melbourneit.com","REDACTED FOR PRIVACY","REDACTED FOR PRIVACY","REDACTED FOR PRIVACY","REDACTED FOR PRIVACY","QLD","REDACTED FOR PRIVACY","Australia","","REDACTED FOR PRIVACY","REDACTED FOR PRIVACY","REDACTED FOR PRIVACY","REDACTED FOR PRIVACY","REDACTED FOR PRIVACY","REDACTED FOR PRIVACY","REDACTED FOR PRIVACY","REDACTED FOR PRIVACY","REDACTED FOR PRIVACY","","REDACTED FOR PRIVACY","REDACTED FOR PRIVACY","REDACTED FOR PRIVACY","REDACTED FOR PRIVACY","REDACTED FOR PRIVACY","REDACTED FOR PRIVACY","REDACTED FOR PRIVACY","REDACTED FOR PRIVACY","REDACTED FOR PRIVACY","","REDACTED FOR PRIVACY","REDACTED FOR PRIVACY","","","","","","","","","","","ns1.netregistry.net","ns2.netregistry.net","ns3.netregistry.net","","OK","","",""
"6","australiansportslines.com","2020-05-07 00:38:53","2020-05-04","2020-05-05","2022-05-04","13","Melbourne IT, Ltd","whois.melbourneit.com","http://www.melbourneit.com","REDACTED FOR PRIVACY","REDACTED FOR PRIVACY","REDACTED FOR PRIVACY","REDACTED FOR PRIVACY","VIC","REDACTED FOR PRIVACY","Australia","","REDACTED FOR PRIVACY","REDACTED FOR PRIVACY","REDACTED FOR PRIVACY","REDACTED FOR PRIVACY","REDACTED FOR PRIVACY","REDACTED FOR PRIVACY","REDACTED FOR PRIVACY","REDACTED FOR PRIVACY","REDACTED FOR PRIVACY","","REDACTED FOR PRIVACY","REDACTED FOR PRIVACY","REDACTED FOR PRIVACY","REDACTED FOR PRIVACY","REDACTED FOR PRIVACY","REDACTED FOR PRIVACY","REDACTED FOR PRIVACY","REDACTED FOR PRIVACY","REDACTED FOR PRIVACY","","REDACTED FOR PRIVACY","REDACTED FOR PRIVACY","","","","","","","","","","","ns1.netregistry.net","ns2.netregistry.net","ns3.netregistry.net","","OK","","",""
"7","beachsidecoaching.com","2020-05-07 00:08:41","2020-05-05","2020-05-05","2022-05-05","13","Melbourne IT, Ltd","whois.melbourneit.com","http://www.melbourneit.com","My Private Registration","My Private Registration","PO BOX 270","Broadway","NSW","2007","Australia","beachsidecoaching.com@domainprivacyservice.com.au","+61.299340501","","My Private Registration","My Private Registration","PO BOX 270","Broadway","NSW","2007","Australia","beachsidecoaching.com@domainprivacyservice.com.au","+61.299340501","","My Private Registration","My Private Registration","PO BOX 270","Broadway","NSW","2007","Australia","beachsidecoaching.com@domainprivacyservice.com.au","+61.299340501","","","","","","","","","","","","ns1.netregistry.net","ns2.netregistry.net","ns3.netregistry.net","","OK","","",""
"8","brainyrussians.com","2020-05-06 23:52:28","2020-05-05","2020-05-05","2021-05-05","13","Melbourne IT, Ltd","whois.melbourneit.com","http://www.melbourneit.com","My Private Registration","My Private Registration","PO BOX 270","Broadway","NSW","2007","Australia","brainyrussians.com@domainprivacyservice.com.au","+61.299340501","","My Private Registration","My Private Registration","PO BOX 270","Broadway","NSW","2007","Australia","brainyrussians.com@domainprivacyservice.com.au","+61.299340501","","My Private Registration","My Private Registration","PO BOX 270","Broadway","NSW","2007","Australia","brainyrussians.com@domainprivacyservice.com.au","+61.299340501","","","","","","","","","","","","ns1.netregistry.net","ns2.netregistry.net","ns3.netregistry.net","","OK","","",""
"9","covidsafebusinessmodels.com","2020-05-06 22:51:14","2020-05-05","2020-05-05","2021-05-05","13","Melbourne IT, Ltd","whois.melbourneit.com","http://www.melbourneit.com","REDACTED FOR PRIVACY","REDACTED FOR PRIVACY","REDACTED FOR PRIVACY","REDACTED FOR PRIVACY","QLD","REDACTED FOR PRIVACY","Australia","","REDACTED FOR PRIVACY","REDACTED FOR PRIVACY","REDACTED FOR PRIVACY","REDACTED FOR PRIVACY","REDACTED FOR PRIVACY","REDACTED FOR PRIVACY","REDACTED FOR PRIVACY","REDACTED FOR PRIVACY","REDACTED FOR PRIVACY","","REDACTED FOR PRIVACY","REDACTED FOR PRIVACY","REDACTED FOR PRIVACY","REDACTED FOR PRIVACY","REDACTED FOR PRIVACY","REDACTED FOR PRIVACY","REDACTED FOR PRIVACY","REDACTED FOR PRIVACY","REDACTED FOR PRIVACY","","REDACTED FOR PRIVACY","REDACTED FOR PRIVACY","","","","","","","","","","","ns1.netregistry.net","ns2.netregistry.net","ns3.netregistry.net","","OK","","",""
"10","crimsonface.com","2020-05-06 19:21:47","2020-05-05","2020-05-05","2021-05-05","13","Melbourne IT, Ltd","whois.melbourneit.com","http://www.melbourneit.com","REDACTED FOR PRIVACY","REDACTED FOR PRIVACY","REDACTED FOR PRIVACY","REDACTED FOR PRIVACY","NSW","REDACTED FOR PRIVACY","Australia","","REDACTED FOR PRIVACY","REDACTED FOR PRIVACY","REDACTED FOR PRIVACY","REDACTED FOR PRIVACY","REDACTED FOR PRIVACY","REDACTED FOR PRIVACY","REDACTED FOR PRIVACY","REDACTED FOR PRIVACY","REDACTED FOR PRIVACY","","REDACTED FOR PRIVACY","REDACTED FOR PRIVACY","REDACTED FOR PRIVACY","REDACTED FOR PRIVACY","REDACTED FOR PRIVACY","REDACTED FOR PRIVACY","REDACTED FOR PRIVACY","REDACTED FOR PRIVACY","REDACTED FOR PRIVACY","","REDACTED FOR PRIVACY","REDACTED FOR PRIVACY","","","","","","","","","","","ns1.netregistry.net","ns2.netregistry.net","ns3.netregistry.net","","OK","","",""
"11","datiprivate.com","2020-05-06 19:22:08","2020-05-05","2020-05-05","2021-05-05","13","Melbourne IT, Ltd","whois.melbourneit.com","http://www.melbourneit.com","REDACTED FOR PRIVACY","REDACTED FOR PRIVACY","REDACTED FOR PRIVACY","REDACTED FOR PRIVACY","brescia","REDACTED FOR PRIVACY","Italy","","REDACTED FOR PRIVACY","REDACTED FOR PRIVACY","REDACTED FOR PRIVACY","REDACTED FOR PRIVACY","REDACTED FOR PRIVACY","REDACTED FOR PRIVACY","REDACTED FOR PRIVACY","REDACTED FOR PRIVACY","REDACTED FOR PRIVACY","","REDACTED FOR PRIVACY","REDACTED FOR PRIVACY","REDACTED FOR PRIVACY","REDACTED FOR PRIVACY","REDACTED FOR PRIVACY","REDACTED FOR PRIVACY","REDACTED FOR PRIVACY","REDACTED FOR PRIVACY","REDACTED FOR PRIVACY","","REDACTED FOR PRIVACY","REDACTED FOR PRIVACY","","","","","","","","","","","ns1.server-cpanel.com","ns2.server-cpanel.com","","","OK","","",""
"12","deosawholefoods.com","2020-05-07 00:34:01","2020-05-05","2020-05-05","2021-05-05","13","Melbourne IT, Ltd","whois.melbourneit.com","http://www.melbourneit.com","REDACTED FOR PRIVACY","REDACTED FOR PRIVACY","REDACTED FOR PRIVACY","REDACTED FOR PRIVACY","NSW","REDACTED FOR PRIVACY","Australia","","REDACTED FOR PRIVACY","REDACTED FOR PRIVACY","REDACTED FOR PRIVACY","REDACTED FOR PRIVACY","REDACTED FOR PRIVACY","REDACTED FOR PRIVACY","REDACTED FOR PRIVACY","REDACTED FOR PRIVACY","REDACTED FOR PRIVACY","","REDACTED FOR PRIVACY","REDACTED FOR PRIVACY","REDACTED FOR PRIVACY","REDACTED FOR PRIVACY","REDACTED FOR PRIVACY","REDACTED FOR PRIVACY","REDACTED FOR PRIVACY","REDACTED FOR PRIVACY","REDACTED FOR PRIVACY","","REDACTED FOR PRIVACY","REDACTED FOR PRIVACY","","","","","","","","","","","ns1.netregistry.net","ns2.netregistry.net","ns3.netregistry.net","","OK","","",""
"13","deviousdarth.com","2020-05-07 00:02:07","2020-05-05","2020-05-05","2021-05-05","13","Melbourne IT, Ltd","whois.melbourneit.com","http://www.melbourneit.com","REDACTED FOR PRIVACY","REDACTED FOR PRIVACY","REDACTED FOR PRIVACY","REDACTED FOR PRIVACY","NSW","REDACTED FOR PRIVACY","Australia","","REDACTED FOR PRIVACY","REDACTED FOR PRIVACY","REDACTED FOR PRIVACY","REDACTED FOR PRIVACY","REDACTED FOR PRIVACY","REDACTED FOR PRIVACY","REDACTED FOR PRIVACY","REDACTED FOR PRIVACY","REDACTED FOR PRIVACY","","REDACTED FOR PRIVACY","REDACTED FOR PRIVACY","REDACTED FOR PRIVACY","REDACTED FOR PRIVACY","REDACTED FOR PRIVACY","REDACTED FOR PRIVACY","REDACTED FOR PRIVACY","REDACTED FOR PRIVACY","REDACTED FOR PRIVACY","","REDACTED FOR PRIVACY","REDACTED FOR PRIVACY","","","","","","","","","","","ns1.netregistry.net","ns2.netregistry.net","ns3.netregistry.net","","OK","","",""
"14","drawbyduncanward.com","2020-05-06 19:18:10","2020-05-05","2020-05-05","2021-05-05","13","Melbourne IT, Ltd","whois.melbourneit.com","http://www.melbourneit.com","REDACTED FOR PRIVACY","REDACTED FOR PRIVACY","REDACTED FOR PRIVACY","REDACTED FOR PRIVACY","VIC","REDACTED FOR PRIVACY","Australia","","REDACTED FOR PRIVACY","REDACTED FOR PRIVACY","REDACTED FOR PRIVACY","REDACTED FOR PRIVACY","REDACTED FOR PRIVACY","REDACTED FOR PRIVACY","REDACTED FOR PRIVACY","REDACTED FOR PRIVACY","REDACTED FOR PRIVACY","","REDACTED FOR PRIVACY","REDACTED FOR PRIVACY","REDACTED FOR PRIVACY","REDACTED FOR PRIVACY","REDACTED FOR PRIVACY","REDACTED FOR PRIVACY","REDACTED FOR PRIVACY","REDACTED FOR PRIVACY","REDACTED FOR PRIVACY","","REDACTED FOR PRIVACY","REDACTED FOR PRIVACY","","","","","","","","","","","ns1.netregistry.net","ns2.netregistry.net","ns3.netregistry.net","","OK","","",""
"15","drawcollective.com","2020-05-07 00:19:28","2020-05-05","2020-05-05","2021-05-05","13","Melbourne IT, Ltd","whois.melbourneit.com","http://www.melbourneit.com","REDACTED FOR PRIVACY","REDACTED FOR PRIVACY","REDACTED FOR PRIVACY","REDACTED FOR PRIVACY","VIC","REDACTED FOR PRIVACY","Australia","","REDACTED FOR PRIVACY","REDACTED FOR PRIVACY","REDACTED FOR PRIVACY","REDACTED FOR PRIVACY","REDACTED FOR PRIVACY","REDACTED FOR PRIVACY","REDACTED FOR PRIVACY","REDACTED FOR PRIVACY","REDACTED FOR PRIVACY","","REDACTED FOR PRIVACY","REDACTED FOR PRIVACY","REDACTED FOR PRIVACY","REDACTED FOR PRIVACY","REDACTED FOR PRIVACY","REDACTED FOR PRIVACY","REDACTED FOR PRIVACY","REDACTED FOR PRIVACY","REDACTED FOR PRIVACY","","REDACTED FOR PRIVACY","REDACTED FOR PRIVACY","","","","","","","","","","","ns1.netregistry.net","ns2.netregistry.net","ns3.netregistry.net","","OK","","",""
"16","duckphilosophy.com","2020-05-06 23:38:57","2020-05-05","2020-05-05","2021-05-05","13","Melbourne IT, Ltd","whois.melbourneit.com","http://www.melbourneit.com","My Private Registration","My Private Registration","PO BOX 270","Broadway","NSW","2007","Australia","duckphilosophy.com@domainprivacyservice.com.au","+61.299340501","","My Private Registration","My Private Registration","PO BOX 270","Broadway","NSW","2007","Australia","duckphilosophy.com@domainprivacyservice.com.au","+61.299340501","","My Private Registration","My Private Registration","PO BOX 270","Broadway","NSW","2007","Australia","duckphilosophy.com@domainprivacyservice.com.au","+61.299340501","","","","","","","","","","","","ns1.netregistry.net","ns2.netregistry.net","ns3.netregistry.net","","OK","","",""
"17","easydrinksdelivery.com","2020-05-06 23:45:38","2020-05-05","2020-05-05","2025-05-05","13","Melbourne IT, Ltd","whois.melbourneit.com","http://www.melbourneit.com","My Private Registration","My Private Registration","PO BOX 270","Broadway","NSW","2007","Australia","easydrinksdelivery.com@domainprivacyservice.com.au","+61.299340501","","My Private Registration","My Private Registration","PO BOX 270","Broadway","NSW","2007","Australia","easydrinksdelivery.com@domainprivacyservice.com.au","+61.299340501","","My Private Registration","My Private Registration","PO BOX 270","Broadway","NSW","2007","Australia","easydrinksdelivery.com@domainprivacyservice.com.au","+61.299340501","","","","","","","","","","","","ns1.netregistry.net","ns2.netregistry.net","ns3.netregistry.net","","OK","","",""
"18","elevatedprojectsolutions.com","2020-05-07 00:20:29","2020-05-05","2020-05-05","2021-05-05","13","Melbourne IT, Ltd","whois.melbourneit.com","http://www.melbourneit.com","REDACTED FOR PRIVACY","REDACTED FOR PRIVACY","REDACTED FOR PRIVACY","REDACTED FOR PRIVACY","ACT","REDACTED FOR PRIVACY","Australia","","REDACTED FOR PRIVACY","REDACTED FOR PRIVACY","REDACTED FOR PRIVACY","REDACTED FOR PRIVACY","REDACTED FOR PRIVACY","REDACTED FOR PRIVACY","REDACTED FOR PRIVACY","REDACTED FOR PRIVACY","REDACTED FOR PRIVACY","","REDACTED FOR PRIVACY","REDACTED FOR PRIVACY","REDACTED FOR PRIVACY","REDACTED FOR PRIVACY","REDACTED FOR PRIVACY","REDACTED FOR PRIVACY","REDACTED FOR PRIVACY","REDACTED FOR PRIVACY","REDACTED FOR PRIVACY","","REDACTED FOR PRIVACY","REDACTED FOR PRIVACY","","","","","","","","","","","ns1.netregistry.net","ns2.netregistry.net","ns3.netregistry.net","","OK","","",""
"19","emmerz.com","2020-05-06 22:28:34","2020-05-05","2020-05-06","2021-05-05","13","Melbourne IT, Ltd","whois.melbourneit.com","http://www.melbourneit.com","REDACTED FOR PRIVACY","REDACTED FOR PRIVACY","REDACTED FOR PRIVACY","REDACTED FOR PRIVACY","NSW","REDACTED FOR PRIVACY","Australia","","REDACTED FOR PRIVACY","REDACTED FOR PRIVACY","REDACTED FOR PRIVACY","REDACTED FOR PRIVACY","REDACTED FOR PRIVACY","REDACTED FOR PRIVACY","REDACTED FOR PRIVACY","REDACTED FOR PRIVACY","REDACTED FOR PRIVACY","","REDACTED FOR PRIVACY","REDACTED FOR PRIVACY","REDACTED FOR PRIVACY","REDACTED FOR PRIVACY","REDACTED FOR PRIVACY","REDACTED FOR PRIVACY","REDACTED FOR PRIVACY","REDACTED FOR PRIVACY","REDACTED FOR PRIVACY","","REDACTED FOR PRIVACY","REDACTED FOR PRIVACY","","","","","","","","","","","ns1.netregistry.net","ns2.netregistry.net","ns3.netregistry.net","","OK","","",""
"20","engineeringnewworlds.com","2020-05-07 01:00:52","2020-05-04","2020-05-04","2022-05-04","13","Melbourne IT, Ltd","whois.melbourneit.com","http://www.melbourneit.com","My Private Registration","My Private Registration","PO BOX 270","Broadway","NSW","2007","Australia","engineeringnewworlds.com@domainprivacyservice.com.au","+61.299340501","","My Private Registration","My Private Registration","PO BOX 270","Broadway","NSW","2007","Australia","engineeringnewworlds.com@domainprivacyservice.com.au","+61.299340501","","My Private Registration","My Private Registration","PO BOX 270","Broadway","NSW","2007","Australia","engineeringnewworlds.com@domainprivacyservice.com.au","+61.299340501","","","","","","","","","","","","ns1.netregistry.net","ns2.netregistry.net","ns3.netregistry.net","","OK","","",""
"21","facilitationcentral.com","2020-05-06 23:38:47","2020-05-05","2020-05-05","2021-05-05","13","Melbourne IT, Ltd","whois.melbourneit.com","http://www.melbourneit.com","My Private Registration","My Private Registration","PO BOX 270","Broadway","NSW","2007","Australia","facilitationcentral.com@domainprivacyservice.com.au","+61.299340501","","My Private Registration","My Private Registration","PO BOX 270","Broadway","NSW","2007","Australia","facilitationcentral.com@domainprivacyservice.com.au","+61.299340501","","My Private Registration","My Private Registration","PO BOX 270","Broadway","NSW","2007","Australia","facilitationcentral.com@domainprivacyservice.com.au","+61.299340501","","","","","","","","","","","","ns1.netregistry.net","ns2.netregistry.net","ns3.netregistry.net","","OK","","",""
"22","fatherswebpage.com","2020-05-06 23:38:11","2020-05-05","2020-05-05","2021-05-05","13","Melbourne IT, Ltd","whois.melbourneit.com","http://www.melbourneit.com","REDACTED FOR PRIVACY","REDACTED FOR PRIVACY","REDACTED FOR PRIVACY","REDACTED FOR PRIVACY","NSW","REDACTED FOR PRIVACY","Australia","","REDACTED FOR PRIVACY","REDACTED FOR PRIVACY","REDACTED FOR PRIVACY","REDACTED FOR PRIVACY","REDACTED FOR PRIVACY","REDACTED FOR PRIVACY","REDACTED FOR PRIVACY","REDACTED FOR PRIVACY","REDACTED FOR PRIVACY","","REDACTED FOR PRIVACY","REDACTED FOR PRIVACY","REDACTED FOR PRIVACY","REDACTED FOR PRIVACY","REDACTED FOR PRIVACY","REDACTED FOR PRIVACY","REDACTED FOR PRIVACY","REDACTED FOR PRIVACY","REDACTED FOR PRIVACY","","REDACTED FOR PRIVACY","REDACTED FOR PRIVACY","","","","","","","","","","","ns1.server-cpanel.com","ns2.server-cpanel.com","","","OK","","",""
"23","featherwaymusic.com","2020-05-07 00:20:29","2020-05-05","2020-05-05","2021-05-05","13","Melbourne IT, Ltd","whois.melbourneit.com","http://www.melbourneit.com","REDACTED FOR PRIVACY","REDACTED FOR PRIVACY","REDACTED FOR PRIVACY","REDACTED FOR PRIVACY","NSW","REDACTED FOR PRIVACY","Australia","","REDACTED FOR PRIVACY","REDACTED FOR PRIVACY","REDACTED FOR PRIVACY","REDACTED FOR PRIVACY","REDACTED FOR PRIVACY","REDACTED FOR PRIVACY","REDACTED FOR PRIVACY","REDACTED FOR PRIVACY","REDACTED FOR PRIVACY","","REDACTED FOR PRIVACY","REDACTED FOR PRIVACY","REDACTED FOR PRIVACY","REDACTED FOR PRIVACY","REDACTED FOR PRIVACY","REDACTED FOR PRIVACY","REDACTED FOR PRIVACY","REDACTED FOR PRIVACY","REDACTED FOR PRIVACY","","REDACTED FOR PRIVACY","REDACTED FOR PRIVACY","","","","","","","","","","","ns1.netregistry.net","ns2.netregistry.net","ns3.netregistry.net","","OK","","",""
"24","florespatinogroup.com","2020-05-06 22:40:15","2020-05-05","2020-05-05","2021-05-05","13","Melbourne IT, Ltd","whois.melbourneit.com","http://www.melbourneit.com","REDACTED FOR PRIVACY","REDACTED FOR PRIVACY","REDACTED FOR PRIVACY","REDACTED FOR PRIVACY","NSW","REDACTED FOR PRIVACY","Australia","","REDACTED FOR PRIVACY","REDACTED FOR PRIVACY","REDACTED FOR PRIVACY","REDACTED FOR PRIVACY","REDACTED FOR PRIVACY","REDACTED FOR PRIVACY","REDACTED FOR PRIVACY","REDACTED FOR PRIVACY","REDACTED FOR PRIVACY","","REDACTED FOR PRIVACY","REDACTED FOR PRIVACY","REDACTED FOR PRIVACY","REDACTED FOR PRIVACY","REDACTED FOR PRIVACY","REDACTED FOR PRIVACY","REDACTED FOR PRIVACY","REDACTED FOR PRIVACY","REDACTED FOR PRIVACY","","REDACTED FOR PRIVACY","REDACTED FOR PRIVACY","","","","","","","","","","","ns1.netregistry.net","ns2.netregistry.net","ns3.netregistry.net","","OK","","",""
"25","geo-flare.com","2020-05-06 22:32:51","2020-05-05","2020-05-05","2021-05-05","13","Melbourne IT, Ltd","whois.melbourneit.com","http://www.melbourneit.com","My Private Registration","My Private Registration","PO BOX 270","Broadway","NSW","2007","Australia","geo-flare.com@domainprivacyservice.com.au","+61.299340501","","My Private Registration","My Private Registration","PO BOX 270","Broadway","NSW","2007","Australia","geo-flare.com@domainprivacyservice.com.au","+61.299340501","","My Private Registration","My Private Registration","PO BOX 270","Broadway","NSW","2007","Australia","geo-flare.com@domainprivacyservice.com.au","+61.299340501","","","","","","","","","","","","ns1.netregistry.net","ns2.netregistry.net","ns3.netregistry.net","","OK","","",""
"26","geottractive.com","2020-05-06 19:22:11","2020-05-05","2020-05-05","2021-05-05","13","Melbourne IT, Ltd","whois.melbourneit.com","http://www.melbourneit.com","REDACTED FOR PRIVACY","REDACTED FOR PRIVACY","REDACTED FOR PRIVACY","REDACTED FOR PRIVACY","NSW","REDACTED FOR PRIVACY","Australia","","REDACTED FOR PRIVACY","REDACTED FOR PRIVACY","REDACTED FOR PRIVACY","REDACTED FOR PRIVACY","REDACTED FOR PRIVACY","REDACTED FOR PRIVACY","REDACTED FOR PRIVACY","REDACTED FOR PRIVACY","REDACTED FOR PRIVACY","","REDACTED FOR PRIVACY","REDACTED FOR PRIVACY","REDACTED FOR PRIVACY","REDACTED FOR PRIVACY","REDACTED FOR PRIVACY","REDACTED FOR PRIVACY","REDACTED FOR PRIVACY","REDACTED FOR PRIVACY","REDACTED FOR PRIVACY","","REDACTED FOR PRIVACY","REDACTED FOR PRIVACY","","","","","","","","","","","ns1.netregistry.net","ns2.netregistry.net","ns3.netregistry.net","","OK","","",""
"27","get-pickup.com","2020-05-06 23:02:15","2020-05-05","2020-05-05","2022-05-05","13","Melbourne IT, Ltd","whois.melbourneit.com","http://www.melbourneit.com","My Private Registration","My Private Registration","PO BOX 270","Broadway","NSW","2007","Australia","get-pickup.com@domainprivacyservice.com.au","+61.299340501","","My Private Registration","My Private Registration","PO BOX 270","Broadway","NSW","2007","Australia","get-pickup.com@domainprivacyservice.com.au","+61.299340501","","My Private Registration","My Private Registration","PO BOX 270","Broadway","NSW","2007","Australia","get-pickup.com@domainprivacyservice.com.au","+61.299340501","","","","","","","","","","","","ns1.netregistry.net","ns2.netregistry.net","ns3.netregistry.net","","OK","","",""
"28","gordonscafe.com","2020-05-07 00:35:16","2020-05-05","2020-05-05","2021-05-05","13","Melbourne IT, Ltd","whois.melbourneit.com","http://www.melbourneit.com","REDACTED FOR PRIVACY","REDACTED FOR PRIVACY","REDACTED FOR PRIVACY","REDACTED FOR PRIVACY","NSW","REDACTED FOR PRIVACY","Australia","","REDACTED FOR PRIVACY","REDACTED FOR PRIVACY","REDACTED FOR PRIVACY","REDACTED FOR PRIVACY","REDACTED FOR PRIVACY","REDACTED FOR PRIVACY","REDACTED FOR PRIVACY","REDACTED FOR PRIVACY","REDACTED FOR PRIVACY","","REDACTED FOR PRIVACY","REDACTED FOR PRIVACY","REDACTED FOR PRIVACY","REDACTED FOR PRIVACY","REDACTED FOR PRIVACY","REDACTED FOR PRIVACY","REDACTED FOR PRIVACY","REDACTED FOR PRIVACY","REDACTED FOR PRIVACY","","REDACTED FOR PRIVACY","REDACTED FOR PRIVACY","","","","","","","","","","","ns1.netregistry.net","ns2.netregistry.net","ns3.netregistry.net","","OK","","",""
"29","greaterhealthgroup.com","2020-05-06 23:39:34","2020-05-05","2020-05-05","2021-05-05","13","Melbourne IT, Ltd","whois.melbourneit.com","http://www.melbourneit.com","My Private Registration","My Private Registration","PO BOX 270","Broadway","NSW","2007","Australia","greaterhealthgroup.com@domainprivacyservice.com.au","+61.299340501","","My Private Registration","My Private Registration","PO BOX 270","Broadway","NSW","2007","Australia","greaterhealthgroup.com@domainprivacyservice.com.au","+61.299340501","","My Private Registration","My Private Registration","PO BOX 270","Broadway","NSW","2007","Australia","greaterhealthgroup.com@domainprivacyservice.com.au","+61.299340501","","","","","","","","","","","","ns1.netregistry.net","ns2.netregistry.net","ns3.netregistry.net","","OK","","",""
"30","greatsoutherngaming.com","2020-05-06 23:17:08","2020-05-05","2020-05-05","2021-05-05","13","Melbourne IT, Ltd","whois.melbourneit.com","http://www.melbourneit.com","REDACTED FOR PRIVACY","REDACTED FOR PRIVACY","REDACTED FOR PRIVACY","REDACTED FOR PRIVACY","VIC","REDACTED FOR PRIVACY","Australia","","REDACTED FOR PRIVACY","REDACTED FOR PRIVACY","REDACTED FOR PRIVACY","REDACTED FOR PRIVACY","REDACTED FOR PRIVACY","REDACTED FOR PRIVACY","REDACTED FOR PRIVACY","REDACTED FOR PRIVACY","REDACTED FOR PRIVACY","","REDACTED FOR PRIVACY","REDACTED FOR PRIVACY","REDACTED FOR PRIVACY","REDACTED FOR PRIVACY","REDACTED FOR PRIVACY","REDACTED FOR PRIVACY","REDACTED FOR PRIVACY","REDACTED FOR PRIVACY","REDACTED FOR PRIVACY","","REDACTED FOR PRIVACY","REDACTED FOR PRIVACY","","","","","","","","","","","ns1.netregistry.net","ns2.netregistry.net","ns3.netregistry.net","","OK","","",""
"31","greenambitionco.com","2020-05-06 22:27:58","2020-05-05","2020-05-05","2021-05-05","13","Melbourne IT, Ltd","whois.melbourneit.com","http://www.melbourneit.com","REDACTED FOR PRIVACY","REDACTED FOR PRIVACY","REDACTED FOR PRIVACY","REDACTED FOR PRIVACY","VIC","REDACTED FOR PRIVACY","Australia","","REDACTED FOR PRIVACY","REDACTED FOR PRIVACY","REDACTED FOR PRIVACY","REDACTED FOR PRIVACY","REDACTED FOR PRIVACY","REDACTED FOR PRIVACY","REDACTED FOR PRIVACY","REDACTED FOR PRIVACY","REDACTED FOR PRIVACY","","REDACTED FOR PRIVACY","REDACTED FOR PRIVACY","REDACTED FOR PRIVACY","REDACTED FOR PRIVACY","REDACTED FOR PRIVACY","REDACTED FOR PRIVACY","REDACTED FOR PRIVACY","REDACTED FOR PRIVACY","REDACTED FOR PRIVACY","","REDACTED FOR PRIVACY","REDACTED FOR PRIVACY","","","","","","","","","","","ns1.netregistry.net","ns2.netregistry.net","ns3.netregistry.net","","OK","","",""
"32","happyzestmelbourne.com","2020-05-06 19:21:40","2020-05-05","2020-05-05","2021-05-05","13","Melbourne IT, Ltd","whois.melbourneit.com","http://www.melbourneit.com","REDACTED FOR PRIVACY","REDACTED FOR PRIVACY","REDACTED FOR PRIVACY","REDACTED FOR PRIVACY","VIC","REDACTED FOR PRIVACY","Australia","","REDACTED FOR PRIVACY","REDACTED FOR PRIVACY","REDACTED FOR PRIVACY","REDACTED FOR PRIVACY","REDACTED FOR PRIVACY","REDACTED FOR PRIVACY","REDACTED FOR PRIVACY","REDACTED FOR PRIVACY","REDACTED FOR PRIVACY","","REDACTED FOR PRIVACY","REDACTED FOR PRIVACY","REDACTED FOR PRIVACY","REDACTED FOR PRIVACY","REDACTED FOR PRIVACY","REDACTED FOR PRIVACY","REDACTED FOR PRIVACY","REDACTED FOR PRIVACY","REDACTED FOR PRIVACY","","REDACTED FOR PRIVACY","REDACTED FOR PRIVACY","","","","","","","","","","","ns1.netregistry.net","ns2.netregistry.net","ns3.netregistry.net","","OK","","",""
"33","healthhubchiro.com","2020-05-06 23:52:51","2020-05-05","2020-05-05","2023-05-05","13","Melbourne IT, Ltd","whois.melbourneit.com","http://www.melbourneit.com","My Private Registration","My Private Registration","PO BOX 270","Broadway","NSW","2007","Australia","healthhubchiro.com@domainprivacyservice.com.au","+61.299340501","","My Private Registration","My Private Registration","PO BOX 270","Broadway","NSW","2007","Australia","healthhubchiro.com@domainprivacyservice.com.au","+61.299340501","","My Private Registration","My Private Registration","PO BOX 270","Broadway","NSW","2007","Australia","healthhubchiro.com@domainprivacyservice.com.au","+61.299340501","","","","","","","","","","","","ns1.netregistry.net","ns2.netregistry.net","ns3.netregistry.net","","OK","","",""
"34","herniainstituteaustralia.net","2020-05-06 19:02:25","2020-05-05","2020-05-05","2021-05-05","13","Melbourne IT, Ltd","whois.melbourneit.com","http://www.melbourneit.com","My Private Registration","My Private Registration","PO BOX 270","Broadway","NSW","2007","Australia","herniainstituteaustralia.net@domainprivacyservice.com.au","+61.299340501","","My Private Registration","My Private Registration","PO BOX 270","Broadway","NSW","2007","Australia","herniainstituteaustralia.net@domainprivacyservice.com.au","+61.299340501","","My Private Registration","My Private Registration","PO BOX 270","Broadway","NSW","2007","Australia","herniainstituteaustralia.net@domainprivacyservice.com.au","+61.299340501","","","","","","","","","","","","ns1.netregistry.net","ns2.netregistry.net","ns3.netregistry.net","","OK","","",""
"35","hightimeenglish.com","2020-05-06 20:26:38","2020-05-05","2020-05-06","2021-05-05","13","Melbourne IT, Ltd","whois.melbourneit.com","http://www.melbourneit.com","My Private Registration","My Private Registration","PO BOX 270","Broadway","NSW","2007","Australia","hightimeenglish.com@domainprivacyservice.com.au","+61.299340501","","My Private Registration","My Private Registration","PO BOX 270","Broadway","NSW","2007","Australia","hightimeenglish.com@domainprivacyservice.com.au","+61.299340501","","My Private Registration","My Private Registration","PO BOX 270","Broadway","NSW","2007","Australia","hightimeenglish.com@domainprivacyservice.com.au","+61.299340501","","","","","","","","","","","","ns1.netregistry.net","ns2.netregistry.net","ns3.netregistry.net","","OK","","",""
"36","homedeliverybooz.com","2020-05-06 23:45:42","2020-05-05","2020-05-05","2025-05-05","13","Melbourne IT, Ltd","whois.melbourneit.com","http://www.melbourneit.com","My Private Registration","My Private Registration","PO BOX 270","Broadway","NSW","2007","Australia","homedeliverybooz.com@domainprivacyservice.com.au","+61.299340501","","My Private Registration","My Private Registration","PO BOX 270","Broadway","NSW","2007","Australia","homedeliverybooz.com@domainprivacyservice.com.au","+61.299340501","","My Private Registration","My Private Registration","PO BOX 270","Broadway","NSW","2007","Australia","homedeliverybooz.com@domainprivacyservice.com.au","+61.299340501","","","","","","","","","","","","ns1.netregistry.net","ns2.netregistry.net","ns3.netregistry.net","","OK","","",""
"37","ilve.agency","2020-05-06 14:38:30","2020-05-05","2020-05-05","2022-05-05","13","Melbourne IT, Ltd","whois.melbourneit.com","http://www.melbourneit.com","REDACTED FOR PRIVACY","Data Protected","REDACTED FOR PRIVACY","REDACTED FOR PRIVACY","ON","REDACTED FOR PRIVACY","Canada","","REDACTED FOR PRIVACY","REDACTED FOR PRIVACY","","","","","","","","","","","","","","","","","","","","","","","","","","","","","","","","","","","addPeriod","","",""
"38","importanteprivatedati.com","2020-05-06 19:22:04","2020-05-05","2020-05-05","2021-05-05","13","Melbourne IT, Ltd","whois.melbourneit.com","http://www.melbourneit.com","REDACTED FOR PRIVACY","REDACTED FOR PRIVACY","REDACTED FOR PRIVACY","REDACTED FOR PRIVACY","brescia","REDACTED FOR PRIVACY","Italy","","REDACTED FOR PRIVACY","REDACTED FOR PRIVACY","REDACTED FOR PRIVACY","REDACTED FOR PRIVACY","REDACTED FOR PRIVACY","REDACTED FOR PRIVACY","REDACTED FOR PRIVACY","REDACTED FOR PRIVACY","REDACTED FOR PRIVACY","","REDACTED FOR PRIVACY","REDACTED FOR PRIVACY","REDACTED FOR PRIVACY","REDACTED FOR PRIVACY","REDACTED FOR PRIVACY","REDACTED FOR PRIVACY","REDACTED FOR PRIVACY","REDACTED FOR PRIVACY","REDACTED FOR PRIVACY","","REDACTED FOR PRIVACY","REDACTED FOR PRIVACY","","","","","","","","","","","ns1.server-cpanel.com","ns2.server-cpanel.com","","","OK","","",""
"39","impostaredatiprivate.com","2020-05-06 19:22:04","2020-05-05","2020-05-05","2021-05-05","13","Melbourne IT, Ltd","whois.melbourneit.com","http://www.melbourneit.com","REDACTED FOR PRIVACY","REDACTED FOR PRIVACY","REDACTED FOR PRIVACY","REDACTED FOR PRIVACY","brescia","REDACTED FOR PRIVACY","Italy","","REDACTED FOR PRIVACY","REDACTED FOR PRIVACY","REDACTED FOR PRIVACY","REDACTED FOR PRIVACY","REDACTED FOR PRIVACY","REDACTED FOR PRIVACY","REDACTED FOR PRIVACY","REDACTED FOR PRIVACY","REDACTED FOR PRIVACY","","REDACTED FOR PRIVACY","REDACTED FOR PRIVACY","REDACTED FOR PRIVACY","REDACTED FOR PRIVACY","REDACTED FOR PRIVACY","REDACTED FOR PRIVACY","REDACTED FOR PRIVACY","REDACTED FOR PRIVACY","REDACTED FOR PRIVACY","","REDACTED FOR PRIVACY","REDACTED FOR PRIVACY","","","","","","","","","","","ns1.server-cpanel.com","ns2.server-cpanel.com","","","OK","","",""
"40","inkformation.net","2020-05-06 19:02:24","2020-05-05","2020-05-06","2022-05-05","13","Melbourne IT, Ltd","whois.melbourneit.com","http://www.melbourneit.com","REDACTED FOR PRIVACY","REDACTED FOR PRIVACY","REDACTED FOR PRIVACY","REDACTED FOR PRIVACY","Victoria","REDACTED FOR PRIVACY","Australia","","REDACTED FOR PRIVACY","REDACTED FOR PRIVACY","REDACTED FOR PRIVACY","REDACTED FOR PRIVACY","REDACTED FOR PRIVACY","REDACTED FOR PRIVACY","REDACTED FOR PRIVACY","REDACTED FOR PRIVACY","REDACTED FOR PRIVACY","","REDACTED FOR PRIVACY","REDACTED FOR PRIVACY","REDACTED FOR PRIVACY","REDACTED FOR PRIVACY","REDACTED FOR PRIVACY","REDACTED FOR PRIVACY","REDACTED FOR PRIVACY","REDACTED FOR PRIVACY","REDACTED FOR PRIVACY","","REDACTED FOR PRIVACY","REDACTED FOR PRIVACY","","","","","","","","","","","ns1.netregistry.net","ns2.netregistry.net","ns3.netregistry.net","","OK","","",""
"41","istruzioniaggiorniituoidati.com","2020-05-06 19:22:18","2020-05-05","2020-05-05","2021-05-05","13","Melbourne IT, Ltd","whois.melbourneit.com","http://www.melbourneit.com","REDACTED FOR PRIVACY","REDACTED FOR PRIVACY","REDACTED FOR PRIVACY","REDACTED FOR PRIVACY","brescia","REDACTED FOR PRIVACY","Italy","","REDACTED FOR PRIVACY","REDACTED FOR PRIVACY","REDACTED FOR PRIVACY","REDACTED FOR PRIVACY","REDACTED FOR PRIVACY","REDACTED FOR PRIVACY","REDACTED FOR PRIVACY","REDACTED FOR PRIVACY","REDACTED FOR PRIVACY","","REDACTED FOR PRIVACY","REDACTED FOR PRIVACY","REDACTED FOR PRIVACY","REDACTED FOR PRIVACY","REDACTED FOR PRIVACY","REDACTED FOR PRIVACY","REDACTED FOR PRIVACY","REDACTED FOR PRIVACY","REDACTED FOR PRIVACY","","REDACTED FOR PRIVACY","REDACTED FOR PRIVACY","","","","","","","","","","","ns1.server-cpanel.com","ns2.server-cpanel.com","","","OK","","",""
"42","jimmyliquor.com","2020-05-06 23:46:14","2020-05-05","2020-05-05","2025-05-05","13","Melbourne IT, Ltd","whois.melbourneit.com","http://www.melbourneit.com","My Private Registration","My Private Registration","PO BOX 270","Broadway","NSW","2007","Australia","jimmyliquor.com@domainprivacyservice.com.au","+61.299340501","","My Private Registration","My Private Registration","PO BOX 270","Broadway","NSW","2007","Australia","jimmyliquor.com@domainprivacyservice.com.au","+61.299340501","","My Private Registration","My Private Registration","PO BOX 270","Broadway","NSW","2007","Australia","jimmyliquor.com@domainprivacyservice.com.au","+61.299340501","","","","","","","","","","","","ns1.netregistry.net","ns2.netregistry.net","ns3.netregistry.net","","OK","","",""
"43","justwot.net","2020-05-06 19:02:14","2020-05-05","2020-05-05","2021-05-05","13","Melbourne IT, Ltd","whois.melbourneit.com","http://www.melbourneit.com","REDACTED FOR PRIVACY","REDACTED FOR PRIVACY","REDACTED FOR PRIVACY","REDACTED FOR PRIVACY","NSW","REDACTED FOR PRIVACY","Australia","","REDACTED FOR PRIVACY","REDACTED FOR PRIVACY","REDACTED FOR PRIVACY","REDACTED FOR PRIVACY","REDACTED FOR PRIVACY","REDACTED FOR PRIVACY","REDACTED FOR PRIVACY","REDACTED FOR PRIVACY","REDACTED FOR PRIVACY","","REDACTED FOR PRIVACY","REDACTED FOR PRIVACY","REDACTED FOR PRIVACY","REDACTED FOR PRIVACY","REDACTED FOR PRIVACY","REDACTED FOR PRIVACY","REDACTED FOR PRIVACY","REDACTED FOR PRIVACY","REDACTED FOR PRIVACY","","REDACTED FOR PRIVACY","REDACTED FOR PRIVACY","","","","","","","","","","","ns1.netregistry.net","ns2.netregistry.net","ns3.netregistry.net","","OK","","",""
"44","kasunicgroup.com","2020-05-07 00:20:27","2020-05-05","2020-05-05","2025-05-05","13","Melbourne IT, Ltd","whois.melbourneit.com","http://www.melbourneit.com","My Private Registration","My Private Registration","PO BOX 270","Broadway","NSW","2007","Australia","kasunicgroup.com@domainprivacyservice.com.au","+61.299340501","","My Private Registration","My Private Registration","PO BOX 270","Broadway","NSW","2007","Australia","kasunicgroup.com@domainprivacyservice.com.au","+61.299340501","","My Private Registration","My Private Registration","PO BOX 270","Broadway","NSW","2007","Australia","kasunicgroup.com@domainprivacyservice.com.au","+61.299340501","","","","","","","","","","","","ns1.netregistry.net","ns2.netregistry.net","ns3.netregistry.net","","OK","","",""
"45","kathiravn.com","2020-05-07 00:20:26","2020-05-05","2020-05-05","2021-05-05","13","Melbourne IT, Ltd","whois.melbourneit.com","http://www.melbourneit.com","REDACTED FOR PRIVACY","REDACTED FOR PRIVACY","REDACTED FOR PRIVACY","REDACTED FOR PRIVACY","NSW","REDACTED FOR PRIVACY","Australia","","REDACTED FOR PRIVACY","REDACTED FOR PRIVACY","REDACTED FOR PRIVACY","REDACTED FOR PRIVACY","REDACTED FOR PRIVACY","REDACTED FOR PRIVACY","REDACTED FOR PRIVACY","REDACTED FOR PRIVACY","REDACTED FOR PRIVACY","","REDACTED FOR PRIVACY","REDACTED FOR PRIVACY","REDACTED FOR PRIVACY","REDACTED FOR PRIVACY","REDACTED FOR PRIVACY","REDACTED FOR PRIVACY","REDACTED FOR PRIVACY","REDACTED FOR PRIVACY","REDACTED FOR PRIVACY","","REDACTED FOR PRIVACY","REDACTED FOR PRIVACY","","","","","","","","","","","ns1.melbourneit.net","ns2.melbourneit.net","ns3.melbourneit.net","","OK","","",""
"46","kenchikkaart.com","2020-05-07 00:20:25","2020-05-05","2020-05-05","2021-05-05","13","Melbourne IT, Ltd","whois.melbourneit.com","http://www.melbourneit.com","My Private Registration","My Private Registration","PO BOX 270","Broadway","NSW","2007","Australia","kenchikkaart.com@domainprivacyservice.com.au","+61.299340501","","My Private Registration","My Private Registration","PO BOX 270","Broadway","NSW","2007","Australia","kenchikkaart.com@domainprivacyservice.com.au","+61.299340501","","My Private Registration","My Private Registration","PO BOX 270","Broadway","NSW","2007","Australia","kenchikkaart.com@domainprivacyservice.com.au","+61.299340501","","","","","","","","","","","","ns1.netregistry.net","ns2.netregistry.net","ns3.netregistry.net","","OK","","",""
"47","knottingaway.com","2020-05-06 23:23:13","2020-05-05","2020-05-05","2021-05-05","13","Melbourne IT, Ltd","whois.melbourneit.com","http://www.melbourneit.com","My Private Registration","My Private Registration","PO BOX 270","Broadway","NSW","2007","Australia","knottingaway.com@domainprivacyservice.com.au","+61.299340501","","My Private Registration","My Private Registration","PO BOX 270","Broadway","NSW","2007","Australia","knottingaway.com@domainprivacyservice.com.au","+61.299340501","","My Private Registration","My Private Registration","PO BOX 270","Broadway","NSW","2007","Australia","knottingaway.com@domainprivacyservice.com.au","+61.299340501","","","","","","","","","","","","ns1.netregistry.net","ns2.netregistry.net","ns3.netregistry.net","","OK","","",""
"48","kuckoff.com","2020-05-06 19:21:58","2020-05-05","2020-05-05","2021-05-05","13","Melbourne IT, Ltd","whois.melbourneit.com","http://www.melbourneit.com","REDACTED FOR PRIVACY","REDACTED FOR PRIVACY","REDACTED FOR PRIVACY","REDACTED FOR PRIVACY","NSW","REDACTED FOR PRIVACY","Australia","","REDACTED FOR PRIVACY","REDACTED FOR PRIVACY","REDACTED FOR PRIVACY","REDACTED FOR PRIVACY","REDACTED FOR PRIVACY","REDACTED FOR PRIVACY","REDACTED FOR PRIVACY","REDACTED FOR PRIVACY","REDACTED FOR PRIVACY","","REDACTED FOR PRIVACY","REDACTED FOR PRIVACY","REDACTED FOR PRIVACY","REDACTED FOR PRIVACY","REDACTED FOR PRIVACY","REDACTED FOR PRIVACY","REDACTED FOR PRIVACY","REDACTED FOR PRIVACY","REDACTED FOR PRIVACY","","REDACTED FOR PRIVACY","REDACTED FOR PRIVACY","","","","","","","","","","","ns1.netregistry.net","ns2.netregistry.net","ns3.netregistry.net","","OK","","",""
"49","lifestylesofdistinction.com","2020-05-06 23:08:56","2020-05-05","2020-05-06","2021-05-05","13","Melbourne IT, Ltd","whois.melbourneit.com","http://www.melbourneit.com","REDACTED FOR PRIVACY","REDACTED FOR PRIVACY","REDACTED FOR PRIVACY","REDACTED FOR PRIVACY","SA","REDACTED FOR PRIVACY","Australia","","REDACTED FOR PRIVACY","REDACTED FOR PRIVACY","REDACTED FOR PRIVACY","REDACTED FOR PRIVACY","REDACTED FOR PRIVACY","REDACTED FOR PRIVACY","REDACTED FOR PRIVACY","REDACTED FOR PRIVACY","REDACTED FOR PRIVACY","","REDACTED FOR PRIVACY","REDACTED FOR PRIVACY","REDACTED FOR PRIVACY","REDACTED FOR PRIVACY","REDACTED FOR PRIVACY","REDACTED FOR PRIVACY","REDACTED FOR PRIVACY","REDACTED FOR PRIVACY","REDACTED FOR PRIVACY","","REDACTED FOR PRIVACY","REDACTED FOR PRIVACY","","","","","","","","","","","ns1.netregistry.net","ns2.netregistry.net","ns3.netregistry.net","","OK","","",""
"50","liquidpromotionsmerchandise.com","2020-05-07 01:02:10","2020-05-04","2020-05-04","2021-05-04","13","Melbourne IT, Ltd","whois.melbourneit.com","http://www.melbourneit.com","My Private Registration","My Private Registration","PO BOX 270","Broadway","NSW","2007","Australia","liquidpromotionsmerchandise.com@domainprivacyservice.com.au","+61.299340501","","My Private Registration","My Private Registration","PO BOX 270","Broadway","NSW","2007","Australia","liquidpromotionsmerchandise.com@domainprivacyservice.com.au","+61.299340501","","My Private Registration","My Private Registration","PO BOX 270","Broadway","NSW","2007","Australia","liquidpromotionsmerchandise.com@domainprivacyservice.com.au","+61.299340501","","","","","","","","","","","","ns1.netregistry.net","ns2.netregistry.net","ns3.netregistry.net","","OK","","",""
"51","lsnpainting.com","2020-05-06 19:22:14","2020-05-05","2020-05-05","2021-05-05","13","Melbourne IT, Ltd","whois.melbourneit.com","http://www.melbourneit.com","REDACTED FOR PRIVACY","REDACTED FOR PRIVACY","REDACTED FOR PRIVACY","REDACTED FOR PRIVACY","NSW","REDACTED FOR PRIVACY","Australia","","REDACTED FOR PRIVACY","REDACTED FOR PRIVACY","REDACTED FOR PRIVACY","REDACTED FOR PRIVACY","REDACTED FOR PRIVACY","REDACTED FOR PRIVACY","REDACTED FOR PRIVACY","REDACTED FOR PRIVACY","REDACTED FOR PRIVACY","","REDACTED FOR PRIVACY","REDACTED FOR PRIVACY","REDACTED FOR PRIVACY","REDACTED FOR PRIVACY","REDACTED FOR PRIVACY","REDACTED FOR PRIVACY","REDACTED FOR PRIVACY","REDACTED FOR PRIVACY","REDACTED FOR PRIVACY","","REDACTED FOR PRIVACY","REDACTED FOR PRIVACY","","","","","","","","","","","ns1.netregistry.net","ns2.netregistry.net","ns3.netregistry.net","","OK","","",""
"52","mandyhuppert.com","2020-05-06 19:22:17","2020-05-05","2020-05-05","2021-05-05","13","Melbourne IT, Ltd","whois.melbourneit.com","http://www.melbourneit.com","REDACTED FOR PRIVACY","REDACTED FOR PRIVACY","REDACTED FOR PRIVACY","REDACTED FOR PRIVACY","VIC","REDACTED FOR PRIVACY","Australia","","REDACTED FOR PRIVACY","REDACTED FOR PRIVACY","REDACTED FOR PRIVACY","REDACTED FOR PRIVACY","REDACTED FOR PRIVACY","REDACTED FOR PRIVACY","REDACTED FOR PRIVACY","REDACTED FOR PRIVACY","REDACTED FOR PRIVACY","","REDACTED FOR PRIVACY","REDACTED FOR PRIVACY","REDACTED FOR PRIVACY","REDACTED FOR PRIVACY","REDACTED FOR PRIVACY","REDACTED FOR PRIVACY","REDACTED FOR PRIVACY","REDACTED FOR PRIVACY","REDACTED FOR PRIVACY","","REDACTED FOR PRIVACY","REDACTED FOR PRIVACY","","","","","","","","","","","ns1.netregistry.net","ns2.netregistry.net","ns3.netregistry.net","","OK","","",""
"53","marketwritepromo.com","2020-05-06 23:50:06","2020-05-05","2020-05-05","2022-05-05","13","Melbourne IT, Ltd","whois.melbourneit.com","http://www.melbourneit.com","REDACTED FOR PRIVACY","REDACTED FOR PRIVACY","REDACTED FOR PRIVACY","REDACTED FOR PRIVACY","NZ","REDACTED FOR PRIVACY","New Zealand","","REDACTED FOR PRIVACY","REDACTED FOR PRIVACY","REDACTED FOR PRIVACY","REDACTED FOR PRIVACY","REDACTED FOR PRIVACY","REDACTED FOR PRIVACY","REDACTED FOR PRIVACY","REDACTED FOR PRIVACY","REDACTED FOR PRIVACY","","REDACTED FOR PRIVACY","REDACTED FOR PRIVACY","REDACTED FOR PRIVACY","REDACTED FOR PRIVACY","REDACTED FOR PRIVACY","REDACTED FOR PRIVACY","REDACTED FOR PRIVACY","REDACTED FOR PRIVACY","REDACTED FOR PRIVACY","","REDACTED FOR PRIVACY","REDACTED FOR PRIVACY","","","","","","","","","","","ns1.nsserver.net.nz","ns2.nsserver.net.nz","ns3.nsserver.net.nz","","OK","","",""
"54","mcdonaldsurveying.com","2020-05-07 00:20:47","2020-05-05","2020-05-05","2021-05-05","13","Melbourne IT, Ltd","whois.melbourneit.com","http://www.melbourneit.com","REDACTED FOR PRIVACY","REDACTED FOR PRIVACY","REDACTED FOR PRIVACY","REDACTED FOR PRIVACY","NSW","REDACTED FOR PRIVACY","Australia","","REDACTED FOR PRIVACY","REDACTED FOR PRIVACY","REDACTED FOR PRIVACY","REDACTED FOR PRIVACY","REDACTED FOR PRIVACY","REDACTED FOR PRIVACY","REDACTED FOR PRIVACY","REDACTED FOR PRIVACY","REDACTED FOR PRIVACY","","REDACTED FOR PRIVACY","REDACTED FOR PRIVACY","REDACTED FOR PRIVACY","REDACTED FOR PRIVACY","REDACTED FOR PRIVACY","REDACTED FOR PRIVACY","REDACTED FOR PRIVACY","REDACTED FOR PRIVACY","REDACTED FOR PRIVACY","","REDACTED FOR PRIVACY","REDACTED FOR PRIVACY","","","","","","","","","","","ns1.netregistry.net","ns2.netregistry.net","ns3.netregistry.net","","OK","","",""
"55","mealsandminiskirts.com","2020-05-07 00:18:58","2020-05-05","2020-05-05","2023-05-05","13","Melbourne IT, Ltd","whois.melbourneit.com","http://www.melbourneit.com","REDACTED FOR PRIVACY","REDACTED FOR PRIVACY","REDACTED FOR PRIVACY","REDACTED FOR PRIVACY","NSW","REDACTED FOR PRIVACY","Australia","","REDACTED FOR PRIVACY","REDACTED FOR PRIVACY","REDACTED FOR PRIVACY","REDACTED FOR PRIVACY","REDACTED FOR PRIVACY","REDACTED FOR PRIVACY","REDACTED FOR PRIVACY","REDACTED FOR PRIVACY","REDACTED FOR PRIVACY","","REDACTED FOR PRIVACY","REDACTED FOR PRIVACY","REDACTED FOR PRIVACY","REDACTED FOR PRIVACY","REDACTED FOR PRIVACY","REDACTED FOR PRIVACY","REDACTED FOR PRIVACY","REDACTED FOR PRIVACY","REDACTED FOR PRIVACY","","REDACTED FOR PRIVACY","REDACTED FOR PRIVACY","","","","","","","","","","","ns1.netregistry.net","ns2.netregistry.net","ns3.netregistry.net","","OK","","",""
"56","minelabshow.com","2020-05-06 23:54:26","2020-05-05","2020-05-05","2021-05-05","13","Melbourne IT, Ltd","whois.melbourneit.com","http://www.melbourneit.com","REDACTED FOR PRIVACY","REDACTED FOR PRIVACY","REDACTED FOR PRIVACY","REDACTED FOR PRIVACY","VIC","REDACTED FOR PRIVACY","Australia","","REDACTED FOR PRIVACY","REDACTED FOR PRIVACY","REDACTED FOR PRIVACY","REDACTED FOR PRIVACY","REDACTED FOR PRIVACY","REDACTED FOR PRIVACY","REDACTED FOR PRIVACY","REDACTED FOR PRIVACY","REDACTED FOR PRIVACY","","REDACTED FOR PRIVACY","REDACTED FOR PRIVACY","REDACTED FOR PRIVACY","REDACTED FOR PRIVACY","REDACTED FOR PRIVACY","REDACTED FOR PRIVACY","REDACTED FOR PRIVACY","REDACTED FOR PRIVACY","REDACTED FOR PRIVACY","","REDACTED FOR PRIVACY","REDACTED FOR PRIVACY","","","","","","","","","","","ns1.netregistry.net","ns2.netregistry.net","ns3.netregistry.net","","OK","","",""
"57","mojibaki.com","2020-05-06 19:22:13","2020-05-05","2020-05-05","2021-05-05","13","Melbourne IT, Ltd","whois.melbourneit.com","http://www.melbourneit.com","My Private Registration","My Private Registration","PO BOX 270","Broadway","NSW","2007","Australia","mojibaki.com@domainprivacyservice.com.au","+61.299340501","","My Private Registration","My Private Registration","PO BOX 270","Broadway","NSW","2007","Australia","mojibaki.com@domainprivacyservice.com.au","+61.299340501","","My Private Registration","My Private Registration","PO BOX 270","Broadway","NSW","2007","Australia","mojibaki.com@domainprivacyservice.com.au","+61.299340501","","","","","","","","","","","","ns1.server-cpanel.com","ns2.server-cpanel.com","","","OK","","",""
"58","motivatemums.com","2020-05-06 19:21:48","2020-05-05","2020-05-05","2021-05-05","13","Melbourne IT, Ltd","whois.melbourneit.com","http://www.melbourneit.com","REDACTED FOR PRIVACY","REDACTED FOR PRIVACY","REDACTED FOR PRIVACY","REDACTED FOR PRIVACY","NSW","REDACTED FOR PRIVACY","Australia","","REDACTED FOR PRIVACY","REDACTED FOR PRIVACY","REDACTED FOR PRIVACY","REDACTED FOR PRIVACY","REDACTED FOR PRIVACY","REDACTED FOR PRIVACY","REDACTED FOR PRIVACY","REDACTED FOR PRIVACY","REDACTED FOR PRIVACY","","REDACTED FOR PRIVACY","REDACTED FOR PRIVACY","REDACTED FOR PRIVACY","REDACTED FOR PRIVACY","REDACTED FOR PRIVACY","REDACTED FOR PRIVACY","REDACTED FOR PRIVACY","REDACTED FOR PRIVACY","REDACTED FOR PRIVACY","","REDACTED FOR PRIVACY","REDACTED FOR PRIVACY","","","","","","","","","","","ns1.netregistry.net","ns2.netregistry.net","ns3.netregistry.net","","OK","","",""
"59","mrbearandco.com","2020-05-07 00:20:29","2020-05-05","2020-05-05","2021-05-05","13","Melbourne IT, Ltd","whois.melbourneit.com","http://www.melbourneit.com","REDACTED FOR PRIVACY","REDACTED FOR PRIVACY","REDACTED FOR PRIVACY","REDACTED FOR PRIVACY","VIC","REDACTED FOR PRIVACY","Australia","","REDACTED FOR PRIVACY","REDACTED FOR PRIVACY","REDACTED FOR PRIVACY","REDACTED FOR PRIVACY","REDACTED FOR PRIVACY","REDACTED FOR PRIVACY","REDACTED FOR PRIVACY","REDACTED FOR PRIVACY","REDACTED FOR PRIVACY","","REDACTED FOR PRIVACY","REDACTED FOR PRIVACY","REDACTED FOR PRIVACY","REDACTED FOR PRIVACY","REDACTED FOR PRIVACY","REDACTED FOR PRIVACY","REDACTED FOR PRIVACY","REDACTED FOR PRIVACY","REDACTED FOR PRIVACY","","REDACTED FOR PRIVACY","REDACTED FOR PRIVACY","","","","","","","","","","","ns1.melbourneit.net","ns2.melbourneit.net","ns3.melbourneit.net","","OK","","",""
"60","mysecurityservices.net","2020-05-06 19:01:53","2020-05-05","2020-05-05","2021-05-05","13","Melbourne IT, Ltd","whois.melbourneit.com","http://www.melbourneit.com","REDACTED FOR PRIVACY","REDACTED FOR PRIVACY","REDACTED FOR PRIVACY","REDACTED FOR PRIVACY","NSW","REDACTED FOR PRIVACY","Australia","","REDACTED FOR PRIVACY","REDACTED FOR PRIVACY","REDACTED FOR PRIVACY","REDACTED FOR PRIVACY","REDACTED FOR PRIVACY","REDACTED FOR PRIVACY","REDACTED FOR PRIVACY","REDACTED FOR PRIVACY","REDACTED FOR PRIVACY","","REDACTED FOR PRIVACY","REDACTED FOR PRIVACY","REDACTED FOR PRIVACY","REDACTED FOR PRIVACY","REDACTED FOR PRIVACY","REDACTED FOR PRIVACY","REDACTED FOR PRIVACY","REDACTED FOR PRIVACY","REDACTED FOR PRIVACY","","REDACTED FOR PRIVACY","REDACTED FOR PRIVACY","","","","","","","","","","","ns1.netregistry.net","ns2.netregistry.net","ns3.netregistry.net","","OK","","",""
"61","nlcbenefits.com","2020-05-06 23:47:28","2020-05-05","2020-05-06","2021-05-05","13","Melbourne IT, Ltd","whois.melbourneit.com","http://www.melbourneit.com","REDACTED FOR PRIVACY","REDACTED FOR PRIVACY","REDACTED FOR PRIVACY","REDACTED FOR PRIVACY","VIC","REDACTED FOR PRIVACY","Australia","","REDACTED FOR PRIVACY","REDACTED FOR PRIVACY","REDACTED FOR PRIVACY","REDACTED FOR PRIVACY","REDACTED FOR PRIVACY","REDACTED FOR PRIVACY","REDACTED FOR PRIVACY","REDACTED FOR PRIVACY","REDACTED FOR PRIVACY","","REDACTED FOR PRIVACY","REDACTED FOR PRIVACY","REDACTED FOR PRIVACY","REDACTED FOR PRIVACY","REDACTED FOR PRIVACY","REDACTED FOR PRIVACY","REDACTED FOR PRIVACY","REDACTED FOR PRIVACY","REDACTED FOR PRIVACY","","REDACTED FOR PRIVACY","REDACTED FOR PRIVACY","","","","","","","","","","","ns10.dnsmadeeasy.com","ns11.dnsmadeeasy.com","ns12.dnsmadeeasy.com","ns13.dnsmadeeasy.com","OK","","",""
"62","nobbsrdford.com","2020-05-07 00:45:12","2020-05-04","2020-05-04","2021-05-04","13","Melbourne IT, Ltd","whois.melbourneit.com","http://www.melbourneit.com","My Private Registration","My Private Registration","PO BOX 270","Broadway","NSW","2007","Australia","nobbsrdford.com@domainprivacyservice.com.au","+61.299340501","","My Private Registration","My Private Registration","PO BOX 270","Broadway","NSW","2007","Australia","nobbsrdford.com@domainprivacyservice.com.au","+61.299340501","","My Private Registration","My Private Registration","PO BOX 270","Broadway","NSW","2007","Australia","nobbsrdford.com@domainprivacyservice.com.au","+61.299340501","","","","","","","","","","","","ns1.netregistry.net","ns2.netregistry.net","ns3.netregistry.net","","OK","","",""
"63","northcanterburynz.com","2020-05-07 00:09:47","2020-05-05","2020-05-05","2021-05-05","13","Melbourne IT, Ltd","whois.melbourneit.com","http://www.melbourneit.com","REDACTED FOR PRIVACY","REDACTED FOR PRIVACY","REDACTED FOR PRIVACY","REDACTED FOR PRIVACY","REDACTED FOR PRIVACY","REDACTED FOR PRIVACY","New Zealand","","REDACTED FOR PRIVACY","REDACTED FOR PRIVACY","REDACTED FOR PRIVACY","REDACTED FOR PRIVACY","REDACTED FOR PRIVACY","REDACTED FOR PRIVACY","REDACTED FOR PRIVACY","REDACTED FOR PRIVACY","REDACTED FOR PRIVACY","","REDACTED FOR PRIVACY","REDACTED FOR PRIVACY","REDACTED FOR PRIVACY","REDACTED FOR PRIVACY","REDACTED FOR PRIVACY","REDACTED FOR PRIVACY","REDACTED FOR PRIVACY","REDACTED FOR PRIVACY","REDACTED FOR PRIVACY","","REDACTED FOR PRIVACY","REDACTED FOR PRIVACY","","","","","","","","","","","ns1.nsserver.net.nz","ns2.nsserver.net.nz","ns3.nsserver.net.nz","","OK","","",""
"64","nurseflix.net","2020-05-06 19:01:49","2020-05-04","2020-05-04","2022-05-04","13","Melbourne IT, Ltd","whois.melbourneit.com","http://www.melbourneit.com","REDACTED FOR PRIVACY","REDACTED FOR PRIVACY","REDACTED FOR PRIVACY","REDACTED FOR PRIVACY","New South Wales","REDACTED FOR PRIVACY","Australia","","REDACTED FOR PRIVACY","REDACTED FOR PRIVACY","REDACTED FOR PRIVACY","REDACTED FOR PRIVACY","REDACTED FOR PRIVACY","REDACTED FOR PRIVACY","REDACTED FOR PRIVACY","REDACTED FOR PRIVACY","REDACTED FOR PRIVACY","","REDACTED FOR PRIVACY","REDACTED FOR PRIVACY","REDACTED FOR PRIVACY","REDACTED FOR PRIVACY","REDACTED FOR PRIVACY","REDACTED FOR PRIVACY","REDACTED FOR PRIVACY","REDACTED FOR PRIVACY","REDACTED FOR PRIVACY","","REDACTED FOR PRIVACY","REDACTED FOR PRIVACY","","","","","","","","","","","ns1.netregistry.net","ns2.netregistry.net","ns3.netregistry.net","","OK","","",""
"65","onlinepoolcourse.com","2020-05-06 23:32:55","2020-05-05","2020-05-05","2021-05-05","13","Melbourne IT, Ltd","whois.melbourneit.com","http://www.melbourneit.com","REDACTED FOR PRIVACY","REDACTED FOR PRIVACY","REDACTED FOR PRIVACY","REDACTED FOR PRIVACY","NSW","REDACTED FOR PRIVACY","Australia","","REDACTED FOR PRIVACY","REDACTED FOR PRIVACY","REDACTED FOR PRIVACY","REDACTED FOR PRIVACY","REDACTED FOR PRIVACY","REDACTED FOR PRIVACY","REDACTED FOR PRIVACY","REDACTED FOR PRIVACY","REDACTED FOR PRIVACY","","REDACTED FOR PRIVACY","REDACTED FOR PRIVACY","REDACTED FOR PRIVACY","REDACTED FOR PRIVACY","REDACTED FOR PRIVACY","REDACTED FOR PRIVACY","REDACTED FOR PRIVACY","REDACTED FOR PRIVACY","REDACTED FOR PRIVACY","","REDACTED FOR PRIVACY","REDACTED FOR PRIVACY","","","","","","","","","","","ns1.netregistry.net","ns2.netregistry.net","ns3.netregistry.net","","OK","","",""
"66","oziwellness.com","2020-05-06 19:21:47","2020-05-05","2020-05-05","2021-05-05","13","Melbourne IT, Ltd","whois.melbourneit.com","http://www.melbourneit.com","REDACTED FOR PRIVACY","REDACTED FOR PRIVACY","REDACTED FOR PRIVACY","REDACTED FOR PRIVACY","QLD","REDACTED FOR PRIVACY","Australia","","REDACTED FOR PRIVACY","REDACTED FOR PRIVACY","REDACTED FOR PRIVACY","REDACTED FOR PRIVACY","REDACTED FOR PRIVACY","REDACTED FOR PRIVACY","REDACTED FOR PRIVACY","REDACTED FOR PRIVACY","REDACTED FOR PRIVACY","","REDACTED FOR PRIVACY","REDACTED FOR PRIVACY","REDACTED FOR PRIVACY","REDACTED FOR PRIVACY","REDACTED FOR PRIVACY","REDACTED FOR PRIVACY","REDACTED FOR PRIVACY","REDACTED FOR PRIVACY","REDACTED FOR PRIVACY","","REDACTED FOR PRIVACY","REDACTED FOR PRIVACY","","","","","","","","","","","ns1.netregistry.net","ns2.netregistry.net","ns3.netregistry.net","","OK","","",""
"67","portofechuca.com","2020-05-06 23:32:55","2020-05-05","2020-05-05","2021-05-05","13","Melbourne IT, Ltd","whois.melbourneit.com","http://www.melbourneit.com","REDACTED FOR PRIVACY","REDACTED FOR PRIVACY","REDACTED FOR PRIVACY","REDACTED FOR PRIVACY","VIC","REDACTED FOR PRIVACY","Australia","","REDACTED FOR PRIVACY","REDACTED FOR PRIVACY","REDACTED FOR PRIVACY","REDACTED FOR PRIVACY","REDACTED FOR PRIVACY","REDACTED FOR PRIVACY","REDACTED FOR PRIVACY","REDACTED FOR PRIVACY","REDACTED FOR PRIVACY","","REDACTED FOR PRIVACY","REDACTED FOR PRIVACY","REDACTED FOR PRIVACY","REDACTED FOR PRIVACY","REDACTED FOR PRIVACY","REDACTED FOR PRIVACY","REDACTED FOR PRIVACY","REDACTED FOR PRIVACY","REDACTED FOR PRIVACY","","REDACTED FOR PRIVACY","REDACTED FOR PRIVACY","","","","","","","","","","","ns1.netregistry.net","ns2.netregistry.net","ns3.netregistry.net","","OK","","",""
"68","privatedati.com","2020-05-06 19:22:16","2020-05-05","2020-05-05","2021-05-05","13","Melbourne IT, Ltd","whois.melbourneit.com","http://www.melbourneit.com","REDACTED FOR PRIVACY","REDACTED FOR PRIVACY","REDACTED FOR PRIVACY","REDACTED FOR PRIVACY","brescia","REDACTED FOR PRIVACY","Italy","","REDACTED FOR PRIVACY","REDACTED FOR PRIVACY","REDACTED FOR PRIVACY","REDACTED FOR PRIVACY","REDACTED FOR PRIVACY","REDACTED FOR PRIVACY","REDACTED FOR PRIVACY","REDACTED FOR PRIVACY","REDACTED FOR PRIVACY","","REDACTED FOR PRIVACY","REDACTED FOR PRIVACY","REDACTED FOR PRIVACY","REDACTED FOR PRIVACY","REDACTED FOR PRIVACY","REDACTED FOR PRIVACY","REDACTED FOR PRIVACY","REDACTED FOR PRIVACY","REDACTED FOR PRIVACY","","REDACTED FOR PRIVACY","REDACTED FOR PRIVACY","","","","","","","","","","","ns1.server-cpanel.com","ns2.server-cpanel.com","","","OK","","",""
"69","privatedatiimportante.com","2020-05-06 19:22:05","2020-05-05","2020-05-05","2021-05-05","13","Melbourne IT, Ltd","whois.melbourneit.com","http://www.melbourneit.com","REDACTED FOR PRIVACY","REDACTED FOR PRIVACY","REDACTED FOR PRIVACY","REDACTED FOR PRIVACY","brescia","REDACTED FOR PRIVACY","Italy","","REDACTED FOR PRIVACY","REDACTED FOR PRIVACY","REDACTED FOR PRIVACY","REDACTED FOR PRIVACY","REDACTED FOR PRIVACY","REDACTED FOR PRIVACY","REDACTED FOR PRIVACY","REDACTED FOR PRIVACY","REDACTED FOR PRIVACY","","REDACTED FOR PRIVACY","REDACTED FOR PRIVACY","REDACTED FOR PRIVACY","REDACTED FOR PRIVACY","REDACTED FOR PRIVACY","REDACTED FOR PRIVACY","REDACTED FOR PRIVACY","REDACTED FOR PRIVACY","REDACTED FOR PRIVACY","","REDACTED FOR PRIVACY","REDACTED FOR PRIVACY","","","","","","","","","","","ns1.server-cpanel.com","ns2.server-cpanel.com","","","OK","","",""
"70","pumphouserestaurant.com","2020-05-06 22:57:45","2020-05-05","2020-05-05","2021-05-05","13","Melbourne IT, Ltd","whois.melbourneit.com","http://www.melbourneit.com","REDACTED FOR PRIVACY","REDACTED FOR PRIVACY","REDACTED FOR PRIVACY","REDACTED FOR PRIVACY","QLD","REDACTED FOR PRIVACY","Australia","","REDACTED FOR PRIVACY","REDACTED FOR PRIVACY","REDACTED FOR PRIVACY","REDACTED FOR PRIVACY","REDACTED FOR PRIVACY","REDACTED FOR PRIVACY","REDACTED FOR PRIVACY","REDACTED FOR PRIVACY","REDACTED FOR PRIVACY","","REDACTED FOR PRIVACY","REDACTED FOR PRIVACY","REDACTED FOR PRIVACY","REDACTED FOR PRIVACY","REDACTED FOR PRIVACY","REDACTED FOR PRIVACY","REDACTED FOR PRIVACY","REDACTED FOR PRIVACY","REDACTED FOR PRIVACY","","REDACTED FOR PRIVACY","REDACTED FOR PRIVACY","","","","","","","","","","","ns1.netregistry.net","ns2.netregistry.net","ns3.netregistry.net","","OK","","",""
"71","rankupclothing.com","2020-05-07 00:20:26","2020-05-05","2020-05-05","2021-05-05","13","Melbourne IT, Ltd","whois.melbourneit.com","http://www.melbourneit.com","My Private Registration","My Private Registration","PO BOX 270","Broadway","NSW","2007","Australia","rankupclothing.com@domainprivacyservice.com.au","+61.299340501","","My Private Registration","My Private Registration","PO BOX 270","Broadway","NSW","2007","Australia","rankupclothing.com@domainprivacyservice.com.au","+61.299340501","","My Private Registration","My Private Registration","PO BOX 270","Broadway","NSW","2007","Australia","rankupclothing.com@domainprivacyservice.com.au","+61.299340501","","","","","","","","","","","","ns1.netregistry.net","ns2.netregistry.net","ns3.netregistry.net","","OK","","",""
"72","rca-centralcoast.com","2020-05-07 00:28:09","2020-05-05","2020-05-05","2021-05-05","13","Melbourne IT, Ltd","whois.melbourneit.com","http://www.melbourneit.com","My Private Registration","My Private Registration","PO BOX 270","Broadway","NSW","2007","Australia","rca-centralcoast.com@domainprivacyservice.com.au","+61.299340501","","My Private Registration","My Private Registration","PO BOX 270","Broadway","NSW","2007","Australia","rca-centralcoast.com@domainprivacyservice.com.au","+61.299340501","","My Private Registration","My Private Registration","PO BOX 270","Broadway","NSW","2007","Australia","rca-centralcoast.com@domainprivacyservice.com.au","+61.299340501","","","","","","","","","","","","ns1.netregistry.net","ns2.netregistry.net","ns3.netregistry.net","","OK","","",""
"73","realdealbridge.com","2020-05-07 00:22:21","2020-05-05","2020-05-05","2022-05-05","13","Melbourne IT, Ltd","whois.melbourneit.com","http://www.melbourneit.com","My Private Registration","My Private Registration","PO BOX 270","Broadway","NSW","2007","Australia","realdealbridge.com@domainprivacyservice.com.au","+61.299340501","","My Private Registration","My Private Registration","PO BOX 270","Broadway","NSW","2007","Australia","realdealbridge.com@domainprivacyservice.com.au","+61.299340501","","My Private Registration","My Private Registration","PO BOX 270","Broadway","NSW","2007","Australia","realdealbridge.com@domainprivacyservice.com.au","+61.299340501","","","","","","","","","","","","ns1.netregistry.net","ns2.netregistry.net","ns3.netregistry.net","","OK","","",""
"74","redsneakerpublishing.com","2020-05-06 19:22:02","2020-05-05","2020-05-05","2021-05-05","13","Melbourne IT, Ltd","whois.melbourneit.com","http://www.melbourneit.com","REDACTED FOR PRIVACY","REDACTED FOR PRIVACY","REDACTED FOR PRIVACY","REDACTED FOR PRIVACY","QLD","REDACTED FOR PRIVACY","Australia","","REDACTED FOR PRIVACY","REDACTED FOR PRIVACY","REDACTED FOR PRIVACY","REDACTED FOR PRIVACY","REDACTED FOR PRIVACY","REDACTED FOR PRIVACY","REDACTED FOR PRIVACY","REDACTED FOR PRIVACY","REDACTED FOR PRIVACY","","REDACTED FOR PRIVACY","REDACTED FOR PRIVACY","REDACTED FOR PRIVACY","REDACTED FOR PRIVACY","REDACTED FOR PRIVACY","REDACTED FOR PRIVACY","REDACTED FOR PRIVACY","REDACTED FOR PRIVACY","REDACTED FOR PRIVACY","","REDACTED FOR PRIVACY","REDACTED FOR PRIVACY","","","","","","","","","","","ns1.netregistry.net","ns2.netregistry.net","ns3.netregistry.net","","OK","","",""
"75","saasexecutive.com","2020-05-07 00:35:08","2020-05-05","2020-05-05","2021-05-05","13","Melbourne IT, Ltd","whois.melbourneit.com","http://www.melbourneit.com","REDACTED FOR PRIVACY","REDACTED FOR PRIVACY","REDACTED FOR PRIVACY","REDACTED FOR PRIVACY","NSW","REDACTED FOR PRIVACY","Australia","","REDACTED FOR PRIVACY","REDACTED FOR PRIVACY","REDACTED FOR PRIVACY","REDACTED FOR PRIVACY","REDACTED FOR PRIVACY","REDACTED FOR PRIVACY","REDACTED FOR PRIVACY","REDACTED FOR PRIVACY","REDACTED FOR PRIVACY","","REDACTED FOR PRIVACY","REDACTED FOR PRIVACY","REDACTED FOR PRIVACY","REDACTED FOR PRIVACY","REDACTED FOR PRIVACY","REDACTED FOR PRIVACY","REDACTED FOR PRIVACY","REDACTED FOR PRIVACY","REDACTED FOR PRIVACY","","REDACTED FOR PRIVACY","REDACTED FOR PRIVACY","","","","","","","","","","","ns1.netregistry.net","ns2.netregistry.net","ns3.netregistry.net","","OK","","",""
"76","sgfbenefits.com","2020-05-07 00:11:02","2020-05-05","2020-05-06","2021-05-05","13","Melbourne IT, Ltd","whois.melbourneit.com","http://www.melbourneit.com","REDACTED FOR PRIVACY","REDACTED FOR PRIVACY","REDACTED FOR PRIVACY","REDACTED FOR PRIVACY","VIC","REDACTED FOR PRIVACY","Australia","","REDACTED FOR PRIVACY","REDACTED FOR PRIVACY","REDACTED FOR PRIVACY","REDACTED FOR PRIVACY","REDACTED FOR PRIVACY","REDACTED FOR PRIVACY","REDACTED FOR PRIVACY","REDACTED FOR PRIVACY","REDACTED FOR PRIVACY","","REDACTED FOR PRIVACY","REDACTED FOR PRIVACY","REDACTED FOR PRIVACY","REDACTED FOR PRIVACY","REDACTED FOR PRIVACY","REDACTED FOR PRIVACY","REDACTED FOR PRIVACY","REDACTED FOR PRIVACY","REDACTED FOR PRIVACY","","REDACTED FOR PRIVACY","REDACTED FOR PRIVACY","","","","","","","","","","","ns1.melbourneit.net","ns2.melbourneit.net","ns3.melbourneit.net","","OK","","",""
"77","shortysliquor.com","2020-05-06 23:48:25","2020-05-05","2020-05-05","2021-05-05","13","Melbourne IT, Ltd","whois.melbourneit.com","http://www.melbourneit.com","REDACTED FOR PRIVACY","REDACTED FOR PRIVACY","REDACTED FOR PRIVACY","REDACTED FOR PRIVACY","NSW","REDACTED FOR PRIVACY","Australia","","REDACTED FOR PRIVACY","REDACTED FOR PRIVACY","REDACTED FOR PRIVACY","REDACTED FOR PRIVACY","REDACTED FOR PRIVACY","REDACTED FOR PRIVACY","REDACTED FOR PRIVACY","REDACTED FOR PRIVACY","REDACTED FOR PRIVACY","","REDACTED FOR PRIVACY","REDACTED FOR PRIVACY","REDACTED FOR PRIVACY","REDACTED FOR PRIVACY","REDACTED FOR PRIVACY","REDACTED FOR PRIVACY","REDACTED FOR PRIVACY","REDACTED FOR PRIVACY","REDACTED FOR PRIVACY","","REDACTED FOR PRIVACY","REDACTED FOR PRIVACY","","","","","","","","","","","ns1.netregistry.net","ns2.netregistry.net","ns3.netregistry.net","","OK","","",""
"78","snowsclub.com","2020-05-06 19:21:56","2020-05-05","2020-05-05","2021-05-05","13","Melbourne IT, Ltd","whois.melbourneit.com","http://www.melbourneit.com","My Private Registration","My Private Registration","PO BOX 270","Broadway","NSW","2007","Australia","snowsclub.com@domainprivacyservice.com.au","+61.299340501","","My Private Registration","My Private Registration","PO BOX 270","Broadway","NSW","2007","Australia","snowsclub.com@domainprivacyservice.com.au","+61.299340501","","My Private Registration","My Private Registration","PO BOX 270","Broadway","NSW","2007","Australia","snowsclub.com@domainprivacyservice.com.au","+61.299340501","","","","","","","","","","","","ns1.netregistry.net","ns2.netregistry.net","ns3.netregistry.net","","OK","","",""
"79","spaceandaviationfirsts.com","2020-05-06 23:45:03","2020-05-05","2020-05-05","2021-05-05","13","Melbourne IT, Ltd","whois.melbourneit.com","http://www.melbourneit.com","My Private Registration","My Private Registration","PO BOX 270","Broadway","NSW","2007","Australia","spaceandaviationfirsts.com@domainprivacyservice.com.au","+61.299340501","","My Private Registration","My Private Registration","PO BOX 270","Broadway","NSW","2007","Australia","spaceandaviationfirsts.com@domainprivacyservice.com.au","+61.299340501","","My Private Registration","My Private Registration","PO BOX 270","Broadway","NSW","2007","Australia","spaceandaviationfirsts.com@domainprivacyservice.com.au","+61.299340501","","","","","","","","","","","","ns1.netregistry.net","ns2.netregistry.net","ns3.netregistry.net","","OK","","",""
"80","sportstalentvault.com","2020-05-07 00:25:24","2020-05-05","2020-05-06","2022-05-05","13","Melbourne IT, Ltd","whois.melbourneit.com","http://www.melbourneit.com","REDACTED FOR PRIVACY","REDACTED FOR PRIVACY","REDACTED FOR PRIVACY","REDACTED FOR PRIVACY","VIC","REDACTED FOR PRIVACY","Australia","","REDACTED FOR PRIVACY","REDACTED FOR PRIVACY","REDACTED FOR PRIVACY","REDACTED FOR PRIVACY","REDACTED FOR PRIVACY","REDACTED FOR PRIVACY","REDACTED FOR PRIVACY","REDACTED FOR PRIVACY","REDACTED FOR PRIVACY","","REDACTED FOR PRIVACY","REDACTED FOR PRIVACY","REDACTED FOR PRIVACY","REDACTED FOR PRIVACY","REDACTED FOR PRIVACY","REDACTED FOR PRIVACY","REDACTED FOR PRIVACY","REDACTED FOR PRIVACY","REDACTED FOR PRIVACY","","REDACTED FOR PRIVACY","REDACTED FOR PRIVACY","","","","","","","","","","","ns1.netregistry.net","ns2.netregistry.net","ns3.netregistry.net","","OK","","",""
"81","stickawayhair.com","2020-05-06 22:40:17","2020-05-05","2020-05-05","2021-05-05","13","Melbourne IT, Ltd","whois.melbourneit.com","http://www.melbourneit.com","REDACTED FOR PRIVACY","REDACTED FOR PRIVACY","REDACTED FOR PRIVACY","REDACTED FOR PRIVACY","NSW","REDACTED FOR PRIVACY","Australia","","REDACTED FOR PRIVACY","REDACTED FOR PRIVACY","REDACTED FOR PRIVACY","REDACTED FOR PRIVACY","REDACTED FOR PRIVACY","REDACTED FOR PRIVACY","REDACTED FOR PRIVACY","REDACTED FOR PRIVACY","REDACTED FOR PRIVACY","","REDACTED FOR PRIVACY","REDACTED FOR PRIVACY","REDACTED FOR PRIVACY","REDACTED FOR PRIVACY","REDACTED FOR PRIVACY","REDACTED FOR PRIVACY","REDACTED FOR PRIVACY","REDACTED FOR PRIVACY","REDACTED FOR PRIVACY","","REDACTED FOR PRIVACY","REDACTED FOR PRIVACY","","","","","","","","","","","ns1.netregistry.net","ns2.netregistry.net","ns3.netregistry.net","","OK","","",""
"82","supleye.com","2020-05-06 23:53:18","2020-05-05","2020-05-05","2021-05-05","13","Melbourne IT, Ltd","whois.melbourneit.com","http://www.melbourneit.com","REDACTED FOR PRIVACY","REDACTED FOR PRIVACY","REDACTED FOR PRIVACY","REDACTED FOR PRIVACY","NSW","REDACTED FOR PRIVACY","Australia","","REDACTED FOR PRIVACY","REDACTED FOR PRIVACY","REDACTED FOR PRIVACY","REDACTED FOR PRIVACY","REDACTED FOR PRIVACY","REDACTED FOR PRIVACY","REDACTED FOR PRIVACY","REDACTED FOR PRIVACY","REDACTED FOR PRIVACY","","REDACTED FOR PRIVACY","REDACTED FOR PRIVACY","REDACTED FOR PRIVACY","REDACTED FOR PRIVACY","REDACTED FOR PRIVACY","REDACTED FOR PRIVACY","REDACTED FOR PRIVACY","REDACTED FOR PRIVACY","REDACTED FOR PRIVACY","","REDACTED FOR PRIVACY","REDACTED FOR PRIVACY","","","","","","","","","","","ns1.melbourneit.net","ns2.melbourneit.net","ns3.melbourneit.net","","OK","","",""
"83","suzanamihajlovic.com","2020-05-06 19:21:52","2020-05-05","2020-05-05","2021-05-05","13","Melbourne IT, Ltd","whois.melbourneit.com","http://www.melbourneit.com","REDACTED FOR PRIVACY","REDACTED FOR PRIVACY","REDACTED FOR PRIVACY","REDACTED FOR PRIVACY","NSW","REDACTED FOR PRIVACY","Australia","","REDACTED FOR PRIVACY","REDACTED FOR PRIVACY","REDACTED FOR PRIVACY","REDACTED FOR PRIVACY","REDACTED FOR PRIVACY","REDACTED FOR PRIVACY","REDACTED FOR PRIVACY","REDACTED FOR PRIVACY","REDACTED FOR PRIVACY","","REDACTED FOR PRIVACY","REDACTED FOR PRIVACY","REDACTED FOR PRIVACY","REDACTED FOR PRIVACY","REDACTED FOR PRIVACY","REDACTED FOR PRIVACY","REDACTED FOR PRIVACY","REDACTED FOR PRIVACY","REDACTED FOR PRIVACY","","REDACTED FOR PRIVACY","REDACTED FOR PRIVACY","","","","","","","","","","","ns1.netregistry.net","ns2.netregistry.net","ns3.netregistry.net","","OK","","",""
"84","swelcare.com","2020-05-06 23:55:14","2020-05-05","2020-05-05","2021-05-05","13","Melbourne IT, Ltd","whois.melbourneit.com","http://www.melbourneit.com","REDACTED FOR PRIVACY","REDACTED FOR PRIVACY","REDACTED FOR PRIVACY","REDACTED FOR PRIVACY","NSW","REDACTED FOR PRIVACY","Australia","","REDACTED FOR PRIVACY","REDACTED FOR PRIVACY","REDACTED FOR PRIVACY","REDACTED FOR PRIVACY","REDACTED FOR PRIVACY","REDACTED FOR PRIVACY","REDACTED FOR PRIVACY","REDACTED FOR PRIVACY","REDACTED FOR PRIVACY","","REDACTED FOR PRIVACY","REDACTED FOR PRIVACY","REDACTED FOR PRIVACY","REDACTED FOR PRIVACY","REDACTED FOR PRIVACY","REDACTED FOR PRIVACY","REDACTED FOR PRIVACY","REDACTED FOR PRIVACY","REDACTED FOR PRIVACY","","REDACTED FOR PRIVACY","REDACTED FOR PRIVACY","","","","","","","","","","","ns1.netregistry.net","ns2.netregistry.net","ns3.netregistry.net","","OK","","",""
"85","sydneyherniainstitute.com","2020-05-07 00:31:22","2020-05-05","2020-05-05","2021-05-05","13","Melbourne IT, Ltd","whois.melbourneit.com","http://www.melbourneit.com","REDACTED FOR PRIVACY","REDACTED FOR PRIVACY","REDACTED FOR PRIVACY","REDACTED FOR PRIVACY","NSW","REDACTED FOR PRIVACY","Australia","","REDACTED FOR PRIVACY","REDACTED FOR PRIVACY","REDACTED FOR PRIVACY","REDACTED FOR PRIVACY","REDACTED FOR PRIVACY","REDACTED FOR PRIVACY","REDACTED FOR PRIVACY","REDACTED FOR PRIVACY","REDACTED FOR PRIVACY","","REDACTED FOR PRIVACY","REDACTED FOR PRIVACY","REDACTED FOR PRIVACY","REDACTED FOR PRIVACY","REDACTED FOR PRIVACY","REDACTED FOR PRIVACY","REDACTED FOR PRIVACY","REDACTED FOR PRIVACY","REDACTED FOR PRIVACY","","REDACTED FOR PRIVACY","REDACTED FOR PRIVACY","","","","","","","","","","","ns1.netregistry.net","ns2.netregistry.net","ns3.netregistry.net","","OK","","",""
"86","tantitharise.com","2020-05-07 00:21:32","2020-05-05","2020-05-05","2021-05-05","13","Melbourne IT, Ltd","whois.melbourneit.com","http://www.melbourneit.com","REDACTED FOR PRIVACY","REDACTED FOR PRIVACY","REDACTED FOR PRIVACY","REDACTED FOR PRIVACY","QLD","REDACTED FOR PRIVACY","Australia","","REDACTED FOR PRIVACY","REDACTED FOR PRIVACY","REDACTED FOR PRIVACY","REDACTED FOR PRIVACY","REDACTED FOR PRIVACY","REDACTED FOR PRIVACY","REDACTED FOR PRIVACY","REDACTED FOR PRIVACY","REDACTED FOR PRIVACY","","REDACTED FOR PRIVACY","REDACTED FOR PRIVACY","REDACTED FOR PRIVACY","REDACTED FOR PRIVACY","REDACTED FOR PRIVACY","REDACTED FOR PRIVACY","REDACTED FOR PRIVACY","REDACTED FOR PRIVACY","REDACTED FOR PRIVACY","","REDACTED FOR PRIVACY","REDACTED FOR PRIVACY","","","","","","","","","","","ns1.netregistry.net","ns2.netregistry.net","ns3.netregistry.net","","OK","","",""
"87","tcgcollectors.com","2020-05-06 22:34:32","2020-05-05","2020-05-05","2021-05-05","13","Melbourne IT, Ltd","whois.melbourneit.com","http://www.melbourneit.com","My Private Registration","My Private Registration","PO BOX 270","Broadway","NSW","2007","Australia","tcgcollectors.com@domainprivacyservice.com.au","+61.299340501","","My Private Registration","My Private Registration","PO BOX 270","Broadway","NSW","2007","Australia","tcgcollectors.com@domainprivacyservice.com.au","+61.299340501","","My Private Registration","My Private Registration","PO BOX 270","Broadway","NSW","2007","Australia","tcgcollectors.com@domainprivacyservice.com.au","+61.299340501","","","","","","","","","","","","ns1.netregistry.net","ns2.netregistry.net","ns3.netregistry.net","","OK","","",""
"88","testconsoleautomation05052020-085504.com","2020-05-07 00:36:19","2020-05-04","2020-05-04","2021-05-04","13","Melbourne IT, Ltd","whois.melbourneit.com","http://www.melbourneit.com","REDACTED FOR PRIVACY","REDACTED FOR PRIVACY","REDACTED FOR PRIVACY","REDACTED FOR PRIVACY","VIC","REDACTED FOR PRIVACY","Australia","","REDACTED FOR PRIVACY","REDACTED FOR PRIVACY","REDACTED FOR PRIVACY","REDACTED FOR PRIVACY","REDACTED FOR PRIVACY","REDACTED FOR PRIVACY","REDACTED FOR PRIVACY","REDACTED FOR PRIVACY","REDACTED FOR PRIVACY","","REDACTED FOR PRIVACY","REDACTED FOR PRIVACY","REDACTED FOR PRIVACY","REDACTED FOR PRIVACY","REDACTED FOR PRIVACY","REDACTED FOR PRIVACY","REDACTED FOR PRIVACY","REDACTED FOR PRIVACY","REDACTED FOR PRIVACY","","REDACTED FOR PRIVACY","REDACTED FOR PRIVACY","","","","","","","","","","","ns1.netregistry.net","ns2.netregistry.net","ns3.netregistry.net","","OK","","",""
"89","testconsoleregression05052020090944.com","2020-05-07 00:35:18","2020-05-05","2020-05-05","2021-05-05","13","Melbourne IT, Ltd","whois.melbourneit.com","http://www.melbourneit.com","REDACTED FOR PRIVACY","REDACTED FOR PRIVACY","REDACTED FOR PRIVACY","REDACTED FOR PRIVACY","VIC","REDACTED FOR PRIVACY","Australia","","REDACTED FOR PRIVACY","REDACTED FOR PRIVACY","REDACTED FOR PRIVACY","REDACTED FOR PRIVACY","REDACTED FOR PRIVACY","REDACTED FOR PRIVACY","REDACTED FOR PRIVACY","REDACTED FOR PRIVACY","REDACTED FOR PRIVACY","","REDACTED FOR PRIVACY","REDACTED FOR PRIVACY","REDACTED FOR PRIVACY","REDACTED FOR PRIVACY","REDACTED FOR PRIVACY","REDACTED FOR PRIVACY","REDACTED FOR PRIVACY","REDACTED FOR PRIVACY","REDACTED FOR PRIVACY","","REDACTED FOR PRIVACY","REDACTED FOR PRIVACY","","","","","","","","","","","ns1.netregistry.net","ns2.netregistry.net","ns3.netregistry.net","","OK","","",""
"90","testconsoleregression05052020095614.com","2020-05-07 00:35:18","2020-05-05","2020-05-05","2021-05-05","13","Melbourne IT, Ltd","whois.melbourneit.com","http://www.melbourneit.com","REDACTED FOR PRIVACY","REDACTED FOR PRIVACY","REDACTED FOR PRIVACY","REDACTED FOR PRIVACY","VIC","REDACTED FOR PRIVACY","Australia","","REDACTED FOR PRIVACY","REDACTED FOR PRIVACY","REDACTED FOR PRIVACY","REDACTED FOR PRIVACY","REDACTED FOR PRIVACY","REDACTED FOR PRIVACY","REDACTED FOR PRIVACY","REDACTED FOR PRIVACY","REDACTED FOR PRIVACY","","REDACTED FOR PRIVACY","REDACTED FOR PRIVACY","REDACTED FOR PRIVACY","REDACTED FOR PRIVACY","REDACTED FOR PRIVACY","REDACTED FOR PRIVACY","REDACTED FOR PRIVACY","REDACTED FOR PRIVACY","REDACTED FOR PRIVACY","","REDACTED FOR PRIVACY","REDACTED FOR PRIVACY","","","","","","","","","","","ns1.netregistry.net","ns2.netregistry.net","ns3.netregistry.net","","OK","","",""
"91","thecarobkitchen.com","2020-05-07 00:09:45","2020-05-05","2020-05-05","2021-05-05","13","Melbourne IT, Ltd","whois.melbourneit.com","http://www.melbourneit.com","My Private Registration","My Private Registration","PO BOX 270","Broadway","NSW","2007","Australia","thecarobkitchen.com@domainprivacyservice.com.au","+61.299340501","","My Private Registration","My Private Registration","PO BOX 270","Broadway","NSW","2007","Australia","thecarobkitchen.com@domainprivacyservice.com.au","+61.299340501","","My Private Registration","My Private Registration","PO BOX 270","Broadway","NSW","2007","Australia","thecarobkitchen.com@domainprivacyservice.com.au","+61.299340501","","","","","","","","","","","","ns1.netregistry.net","ns2.netregistry.net","ns3.netregistry.net","","OK","","",""
"92","themoderntradie.com","2020-05-06 23:37:02","2020-05-05","2020-05-05","2021-05-05","13","Melbourne IT, Ltd","whois.melbourneit.com","http://www.melbourneit.com","REDACTED FOR PRIVACY","REDACTED FOR PRIVACY","REDACTED FOR PRIVACY","REDACTED FOR PRIVACY","NSW","REDACTED FOR PRIVACY","Australia","","REDACTED FOR PRIVACY","REDACTED FOR PRIVACY","REDACTED FOR PRIVACY","REDACTED FOR PRIVACY","REDACTED FOR PRIVACY","REDACTED FOR PRIVACY","REDACTED FOR PRIVACY","REDACTED FOR PRIVACY","REDACTED FOR PRIVACY","","REDACTED FOR PRIVACY","REDACTED FOR PRIVACY","REDACTED FOR PRIVACY","REDACTED FOR PRIVACY","REDACTED FOR PRIVACY","REDACTED FOR PRIVACY","REDACTED FOR PRIVACY","REDACTED FOR PRIVACY","REDACTED FOR PRIVACY","","REDACTED FOR PRIVACY","REDACTED FOR PRIVACY","","","","","","","","","","","ns1.netregistry.net","ns2.netregistry.net","ns3.netregistry.net","","OK","","",""
"93","thestylishlifepoolcourse.com","2020-05-06 23:32:50","2020-05-05","2020-05-05","2021-05-05","13","Melbourne IT, Ltd","whois.melbourneit.com","http://www.melbourneit.com","REDACTED FOR PRIVACY","REDACTED FOR PRIVACY","REDACTED FOR PRIVACY","REDACTED FOR PRIVACY","NSW","REDACTED FOR PRIVACY","Australia","","REDACTED FOR PRIVACY","REDACTED FOR PRIVACY","REDACTED FOR PRIVACY","REDACTED FOR PRIVACY","REDACTED FOR PRIVACY","REDACTED FOR PRIVACY","REDACTED FOR PRIVACY","REDACTED FOR PRIVACY","REDACTED FOR PRIVACY","","REDACTED FOR PRIVACY","REDACTED FOR PRIVACY","REDACTED FOR PRIVACY","REDACTED FOR PRIVACY","REDACTED FOR PRIVACY","REDACTED FOR PRIVACY","REDACTED FOR PRIVACY","REDACTED FOR PRIVACY","REDACTED FOR PRIVACY","","REDACTED FOR PRIVACY","REDACTED FOR PRIVACY","","","","","","","","","","","ns1.netregistry.net","ns2.netregistry.net","ns3.netregistry.net","","OK","","",""
"94","thestylishlifepoolscourse.com","2020-05-06 23:32:48","2020-05-05","2020-05-05","2021-05-05","13","Melbourne IT, Ltd","whois.melbourneit.com","http://www.melbourneit.com","REDACTED FOR PRIVACY","REDACTED FOR PRIVACY","REDACTED FOR PRIVACY","REDACTED FOR PRIVACY","NSW","REDACTED FOR PRIVACY","Australia","","REDACTED FOR PRIVACY","REDACTED FOR PRIVACY","REDACTED FOR PRIVACY","REDACTED FOR PRIVACY","REDACTED FOR PRIVACY","REDACTED FOR PRIVACY","REDACTED FOR PRIVACY","REDACTED FOR PRIVACY","REDACTED FOR PRIVACY","","REDACTED FOR PRIVACY","REDACTED FOR PRIVACY","REDACTED FOR PRIVACY","REDACTED FOR PRIVACY","REDACTED FOR PRIVACY","REDACTED FOR PRIVACY","REDACTED FOR PRIVACY","REDACTED FOR PRIVACY","REDACTED FOR PRIVACY","","REDACTED FOR PRIVACY","REDACTED FOR PRIVACY","","","","","","","","","","","ns1.netregistry.net","ns2.netregistry.net","ns3.netregistry.net","","OK","","",""
"95","touchpointtourism.com","2020-05-06 23:50:48","2020-05-05","2020-05-05","2021-05-05","13","Melbourne IT, Ltd","whois.melbourneit.com","http://www.melbourneit.com","REDACTED FOR PRIVACY","REDACTED FOR PRIVACY","REDACTED FOR PRIVACY","REDACTED FOR PRIVACY","QLD","REDACTED FOR PRIVACY","Australia","","REDACTED FOR PRIVACY","REDACTED FOR PRIVACY","REDACTED FOR PRIVACY","REDACTED FOR PRIVACY","REDACTED FOR PRIVACY","REDACTED FOR PRIVACY","REDACTED FOR PRIVACY","REDACTED FOR PRIVACY","REDACTED FOR PRIVACY","","REDACTED FOR PRIVACY","REDACTED FOR PRIVACY","REDACTED FOR PRIVACY","REDACTED FOR PRIVACY","REDACTED FOR PRIVACY","REDACTED FOR PRIVACY","REDACTED FOR PRIVACY","REDACTED FOR PRIVACY","REDACTED FOR PRIVACY","","REDACTED FOR PRIVACY","REDACTED FOR PRIVACY","","","","","","","","","","","ns1.netregistry.net","ns2.netregistry.net","ns3.netregistry.net","","OK","","",""
"96","tradingcardgamecollector.com","2020-05-06 22:25:05","2020-05-05","2020-05-05","2021-05-05","13","Melbourne IT, Ltd","whois.melbourneit.com","http://www.melbourneit.com","My Private Registration","My Private Registration","PO BOX 270","Broadway","NSW","2007","Australia","tradingcardgamecollector.com@domainprivacyservice.com.au","+61.299340501","","My Private Registration","My Private Registration","PO BOX 270","Broadway","NSW","2007","Australia","tradingcardgamecollector.com@domainprivacyservice.com.au","+61.299340501","","My Private Registration","My Private Registration","PO BOX 270","Broadway","NSW","2007","Australia","tradingcardgamecollector.com@domainprivacyservice.com.au","+61.299340501","","","","","","","","","","","","ns1.netregistry.net","ns2.netregistry.net","ns3.netregistry.net","","OK","","",""
"97","tradingcardgamecollectors.com","2020-05-06 22:26:32","2020-05-05","2020-05-05","2021-05-05","13","Melbourne IT, Ltd","whois.melbourneit.com","http://www.melbourneit.com","My Private Registration","My Private Registration","PO BOX 270","Broadway","NSW","2007","Australia","tradingcardgamecollectors.com@domainprivacyservice.com.au","+61.299340501","","My Private Registration","My Private Registration","PO BOX 270","Broadway","NSW","2007","Australia","tradingcardgamecollectors.com@domainprivacyservice.com.au","+61.299340501","","My Private Registration","My Private Registration","PO BOX 270","Broadway","NSW","2007","Australia","tradingcardgamecollectors.com@domainprivacyservice.com.au","+61.299340501","","","","","","","","","","","","ns1.netregistry.net","ns2.netregistry.net","ns3.netregistry.net","","OK","","",""
"98","tuoidatipersonali.com","2020-05-06 19:22:13","2020-05-05","2020-05-05","2021-05-05","13","Melbourne IT, Ltd","whois.melbourneit.com","http://www.melbourneit.com","REDACTED FOR PRIVACY","REDACTED FOR PRIVACY","REDACTED FOR PRIVACY","REDACTED FOR PRIVACY","brescia","REDACTED FOR PRIVACY","Italy","","REDACTED FOR PRIVACY","REDACTED FOR PRIVACY","REDACTED FOR PRIVACY","REDACTED FOR PRIVACY","REDACTED FOR PRIVACY","REDACTED FOR PRIVACY","REDACTED FOR PRIVACY","REDACTED FOR PRIVACY","REDACTED FOR PRIVACY","","REDACTED FOR PRIVACY","REDACTED FOR PRIVACY","REDACTED FOR PRIVACY","REDACTED FOR PRIVACY","REDACTED FOR PRIVACY","REDACTED FOR PRIVACY","REDACTED FOR PRIVACY","REDACTED FOR PRIVACY","REDACTED FOR PRIVACY","","REDACTED FOR PRIVACY","REDACTED FOR PRIVACY","","","","","","","","","","","ns1.server-cpanel.com","ns2.server-cpanel.com","","","OK","","",""
"99","urbanblades.com","2020-05-06 19:22:04","2020-05-05","2020-05-06","2021-05-05","13","Melbourne IT, Ltd","whois.melbourneit.com","http://www.melbourneit.com","REDACTED FOR PRIVACY","REDACTED FOR PRIVACY","REDACTED FOR PRIVACY","REDACTED FOR PRIVACY","SA","REDACTED FOR PRIVACY","Australia","","REDACTED FOR PRIVACY","REDACTED FOR PRIVACY","REDACTED FOR PRIVACY","REDACTED FOR PRIVACY","REDACTED FOR PRIVACY","REDACTED FOR PRIVACY","REDACTED FOR PRIVACY","REDACTED FOR PRIVACY","REDACTED FOR PRIVACY","","REDACTED FOR PRIVACY","REDACTED FOR PRIVACY","REDACTED FOR PRIVACY","REDACTED FOR PRIVACY","REDACTED FOR PRIVACY","REDACTED FOR PRIVACY","REDACTED FOR PRIVACY","REDACTED FOR PRIVACY","REDACTED FOR PRIVACY","","REDACTED FOR PRIVACY","REDACTED FOR PRIVACY","","","","","","","","","","","ns1.netregistry.net","ns2.netregistry.net","ns3.netregistry.net","","OK","","",""
"100","usaredatiprivate.com","2020-05-06 19:22:07","2020-05-05","2020-05-05","2021-05-05","13","Melbourne IT, Ltd","whois.melbourneit.com","http://www.melbourneit.com","REDACTED FOR PRIVACY","REDACTED FOR PRIVACY","REDACTED FOR PRIVACY","REDACTED FOR PRIVACY","brescia","REDACTED FOR PRIVACY","Italy","","REDACTED FOR PRIVACY","REDACTED FOR PRIVACY","REDACTED FOR PRIVACY","REDACTED FOR PRIVACY","REDACTED FOR PRIVACY","REDACTED FOR PRIVACY","REDACTED FOR PRIVACY","REDACTED FOR PRIVACY","REDACTED FOR PRIVACY","","REDACTED FOR PRIVACY","REDACTED FOR PRIVACY","REDACTED FOR PRIVACY","REDACTED FOR PRIVACY","REDACTED FOR PRIVACY","REDACTED FOR PRIVACY","REDACTED FOR PRIVACY","REDACTED FOR PRIVACY","REDACTED FOR PRIVACY","","REDACTED FOR PRIVACY","REDACTED FOR PRIVACY","","","","","","","","","","","ns1.server-cpanel.com","ns2.server-cpanel.com","","","OK","","",""
"101","usareprivatedati.com","2020-05-06 19:22:08","2020-05-05","2020-05-05","2021-05-05","13","Melbourne IT, Ltd","whois.melbourneit.com","http://www.melbourneit.com","REDACTED FOR PRIVACY","REDACTED FOR PRIVACY","REDACTED FOR PRIVACY","REDACTED FOR PRIVACY","brescia","REDACTED FOR PRIVACY","Italy","","REDACTED FOR PRIVACY","REDACTED FOR PRIVACY","REDACTED FOR PRIVACY","REDACTED FOR PRIVACY","REDACTED FOR PRIVACY","REDACTED FOR PRIVACY","REDACTED FOR PRIVACY","REDACTED FOR PRIVACY","REDACTED FOR PRIVACY","","REDACTED FOR PRIVACY","REDACTED FOR PRIVACY","REDACTED FOR PRIVACY","REDACTED FOR PRIVACY","REDACTED FOR PRIVACY","REDACTED FOR PRIVACY","REDACTED FOR PRIVACY","REDACTED FOR PRIVACY","REDACTED FOR PRIVACY","","REDACTED FOR PRIVACY","REDACTED FOR PRIVACY","","","","","","","","","","","ns1.server-cpanel.com","ns2.server-cpanel.com","","","OK","","",""
"102","vankoesveldpsychology.com","2020-05-06 23:54:39","2020-05-05","2020-05-05","2022-05-05","13","Melbourne IT, Ltd","whois.melbourneit.com","http://www.melbourneit.com","REDACTED FOR PRIVACY","REDACTED FOR PRIVACY","REDACTED FOR PRIVACY","REDACTED FOR PRIVACY","WA","REDACTED FOR PRIVACY","Australia","","REDACTED FOR PRIVACY","REDACTED FOR PRIVACY","REDACTED FOR PRIVACY","REDACTED FOR PRIVACY","REDACTED FOR PRIVACY","REDACTED FOR PRIVACY","REDACTED FOR PRIVACY","REDACTED FOR PRIVACY","REDACTED FOR PRIVACY","","REDACTED FOR PRIVACY","REDACTED FOR PRIVACY","REDACTED FOR PRIVACY","REDACTED FOR PRIVACY","REDACTED FOR PRIVACY","REDACTED FOR PRIVACY","REDACTED FOR PRIVACY","REDACTED FOR PRIVACY","REDACTED FOR PRIVACY","","REDACTED FOR PRIVACY","REDACTED FOR PRIVACY","","","","","","","","","","","ns1.netregistry.net","ns2.netregistry.net","ns3.netregistry.net","","OK","","",""
"103","wandawayhair.com","2020-05-06 22:31:37","2020-05-05","2020-05-05","2021-05-05","13","Melbourne IT, Ltd","whois.melbourneit.com","http://www.melbourneit.com","REDACTED FOR PRIVACY","REDACTED FOR PRIVACY","REDACTED FOR PRIVACY","REDACTED FOR PRIVACY","NSW","REDACTED FOR PRIVACY","Australia","","REDACTED FOR PRIVACY","REDACTED FOR PRIVACY","REDACTED FOR PRIVACY","REDACTED FOR PRIVACY","REDACTED FOR PRIVACY","REDACTED FOR PRIVACY","REDACTED FOR PRIVACY","REDACTED FOR PRIVACY","REDACTED FOR PRIVACY","","REDACTED FOR PRIVACY","REDACTED FOR PRIVACY","REDACTED FOR PRIVACY","REDACTED FOR PRIVACY","REDACTED FOR PRIVACY","REDACTED FOR PRIVACY","REDACTED FOR PRIVACY","REDACTED FOR PRIVACY","REDACTED FOR PRIVACY","","REDACTED FOR PRIVACY","REDACTED FOR PRIVACY","","","","","","","","","","","ns1.netregistry.net","ns2.netregistry.net","ns3.netregistry.net","","OK","","",""
"104","wandawayhairsolutions.com","2020-05-06 22:25:06","2020-05-05","2020-05-05","2021-05-05","13","Melbourne IT, Ltd","whois.melbourneit.com","http://www.melbourneit.com","REDACTED FOR PRIVACY","REDACTED FOR PRIVACY","REDACTED FOR PRIVACY","REDACTED FOR PRIVACY","NSW","REDACTED FOR PRIVACY","Australia","","REDACTED FOR PRIVACY","REDACTED FOR PRIVACY","REDACTED FOR PRIVACY","REDACTED FOR PRIVACY","REDACTED FOR PRIVACY","REDACTED FOR PRIVACY","REDACTED FOR PRIVACY","REDACTED FOR PRIVACY","REDACTED FOR PRIVACY","","REDACTED FOR PRIVACY","REDACTED FOR PRIVACY","REDACTED FOR PRIVACY","REDACTED FOR PRIVACY","REDACTED FOR PRIVACY","REDACTED FOR PRIVACY","REDACTED FOR PRIVACY","REDACTED FOR PRIVACY","REDACTED FOR PRIVACY","","REDACTED FOR PRIVACY","REDACTED FOR PRIVACY","","","","","","","","","","","ns1.netregistry.net","ns2.netregistry.net","ns3.netregistry.net","","OK","","",""
"105","wandawayhairstick.com","2020-05-06 22:31:38","2020-05-05","2020-05-05","2021-05-05","13","Melbourne IT, Ltd","whois.melbourneit.com","http://www.melbourneit.com","REDACTED FOR PRIVACY","REDACTED FOR PRIVACY","REDACTED FOR PRIVACY","REDACTED FOR PRIVACY","NSW","REDACTED FOR PRIVACY","Australia","","REDACTED FOR PRIVACY","REDACTED FOR PRIVACY","REDACTED FOR PRIVACY","REDACTED FOR PRIVACY","REDACTED FOR PRIVACY","REDACTED FOR PRIVACY","REDACTED FOR PRIVACY","REDACTED FOR PRIVACY","REDACTED FOR PRIVACY","","REDACTED FOR PRIVACY","REDACTED FOR PRIVACY","REDACTED FOR PRIVACY","REDACTED FOR PRIVACY","REDACTED FOR PRIVACY","REDACTED FOR PRIVACY","REDACTED FOR PRIVACY","REDACTED FOR PRIVACY","REDACTED FOR PRIVACY","","REDACTED FOR PRIVACY","REDACTED FOR PRIVACY","","","","","","","","","","","ns1.netregistry.net","ns2.netregistry.net","ns3.netregistry.net","","OK","","",""
"106","waveyhair.com","2020-05-06 22:58:54","2020-05-05","2020-05-05","2021-05-05","13","Melbourne IT, Ltd","whois.melbourneit.com","http://www.melbourneit.com","My Private Registration","My Private Registration","PO BOX 270","Broadway","NSW","2007","Australia","waveyhair.com@domainprivacyservice.com.au","+61.299340501","","My Private Registration","My Private Registration","PO BOX 270","Broadway","NSW","2007","Australia","waveyhair.com@domainprivacyservice.com.au","+61.299340501","","My Private Registration","My Private Registration","PO BOX 270","Broadway","NSW","2007","Australia","waveyhair.com@domainprivacyservice.com.au","+61.299340501","","","","","","","","","","","","ns1.netregistry.net","ns2.netregistry.net","ns3.netregistry.net","","OK","","",""
"107","weareliquidpromotions.com","2020-05-07 00:57:34","2020-05-04","2020-05-04","2022-05-04","13","Melbourne IT, Ltd","whois.melbourneit.com","http://www.melbourneit.com","REDACTED FOR PRIVACY","REDACTED FOR PRIVACY","REDACTED FOR PRIVACY","REDACTED FOR PRIVACY","NSW","REDACTED FOR PRIVACY","Australia","","REDACTED FOR PRIVACY","REDACTED FOR PRIVACY","REDACTED FOR PRIVACY","REDACTED FOR PRIVACY","REDACTED FOR PRIVACY","REDACTED FOR PRIVACY","REDACTED FOR PRIVACY","REDACTED FOR PRIVACY","REDACTED FOR PRIVACY","","REDACTED FOR PRIVACY","REDACTED FOR PRIVACY","REDACTED FOR PRIVACY","REDACTED FOR PRIVACY","REDACTED FOR PRIVACY","REDACTED FOR PRIVACY","REDACTED FOR PRIVACY","REDACTED FOR PRIVACY","REDACTED FOR PRIVACY","","REDACTED FOR PRIVACY","REDACTED FOR PRIVACY","","","","","","","","","","","ns1.netregistry.net","ns2.netregistry.net","ns3.netregistry.net","","OK","","",""
"108","whistleliquor.com","2020-05-06 23:48:33","2020-05-05","2020-05-05","2025-05-05","13","Melbourne IT, Ltd","whois.melbourneit.com","http://www.melbourneit.com","My Private Registration","My Private Registration","PO BOX 270","Broadway","NSW","2007","Australia","whistleliquor.com@domainprivacyservice.com.au","+61.299340501","","My Private Registration","My Private Registration","PO BOX 270","Broadway","NSW","2007","Australia","whistleliquor.com@domainprivacyservice.com.au","+61.299340501","","My Private Registration","My Private Registration","PO BOX 270","Broadway","NSW","2007","Australia","whistleliquor.com@domainprivacyservice.com.au","+61.299340501","","","","","","","","","","","","ns1.netregistry.net","ns2.netregistry.net","ns3.netregistry.net","","OK","","",""