"num","domain_name","query_time","create_date","update_date","expiry_date","domain_registrar_id","domain_registrar_name","domain_registrar_whois","domain_registrar_url","registrant_name","registrant_company","registrant_address","registrant_city","registrant_state","registrant_zip","registrant_country","registrant_email","registrant_phone","registrant_fax","administrative_name","administrative_company","administrative_address","administrative_city","administrative_state","administrative_zip","administrative_country","administrative_email","administrative_phone","administrative_fax","technical_name","technical_company","technical_address","technical_city","technical_state","technical_zip","technical_country","technical_email","technical_phone","technical_fax","billing_name","billing_company","billing_address","billing_city","billing_state","billing_zip","billing_country","billing_email","billing_phone","billing_fax","name_server_1","name_server_2","name_server_3","name_server_4","domain_status_1","domain_status_2","domain_status_3","domain_status_4"
"1","abyssiniavodka.com","2020-05-06 20:55:38","2020-05-04","2020-05-06","2021-05-04","1023","NamePal.com #8011","whois.namepal.com","http://namepal.com","DotMedia Limited","DotMedia Limited","7F,Star House,3 Salisbury Road,TST,Kowloon","Hong Kong","Hong Kong","999077","Hong Kong","whoisprivacy@dotmedia.com","+852.81799956","","DotMedia Limited","DotMedia Limited","7F,Star House,3 Salisbury Road,TST,Kowloon","Hong Kong","Hong Kong","999077","Hong Kong","whoisprivacy@dotmedia.com","+852.81799956","","DotMedia Limited","DotMedia Limited","7F,Star House,3 Salisbury Road,TST,Kowloon","Hong Kong","Hong Kong","999077","Hong Kong","whoisprivacy@dotmedia.com","+852.81799956","","","","","","","","","","","","ns1.maff.com","ns2.maff.com","","","OK","","",""
"2","euro88black.com","2020-05-06 21:09:37","2020-05-04","2020-05-05","2021-05-04","1023","NamePal.com #8011","whois.namepal.com","http://namepal.com","PERFECT PRIVACY, LLC","","5335 Gate Parkway","Jacksonville","FL","32256","United States","d42e6u2co8h0k8unhpjht4dmjv@domaindiscreet.com","+1.9027492701","","PERFECT PRIVACY, LLC","","5335 Gate Parkway","Jacksonville","FL","32256","United States","d42e6u2co8h0k8unhpjht4dmjv@domaindiscreet.com","+1.9027492701","","PERFECT PRIVACY, LLC","","5335 Gate Parkway","Jacksonville","FL","32256","United States","d42e6u2co8h0k8unhpjht4dmjv@domaindiscreet.com","+1.9027492701","","","","","","","","","","","","ns15.above.com","ns16.above.com","","","OK","","",""
"3","lionstavern.com","2020-05-06 20:47:35","2020-05-04","2020-05-06","2021-05-04","1023","NamePal.com #8011","whois.namepal.com","http://namepal.com","hanran chen","","bao an qu guang dong sheng shen zhen shi bao an","shen zhen shi","","518100","China","al19878658@163.com","+86.15608550362","+86.15608550362","hanran chen","","bao an qu guang dong sheng shen zhen shi bao an","shen zhen shi","","518100","China","al19878658@163.com","+86.15608550362","+86.15608550362","hanran chen","","bao an qu guang dong sheng shen zhen shi bao an","shen zhen shi","","518100","China","al19878658@163.com","+86.15608550362","+86.15608550362","","","","","","","","","","","s1.juming.com","s2.juming.com","","","OK","","",""
"4","theladylife.com","2020-05-06 21:00:43","2020-05-04","2020-05-06","2021-05-04","1023","NamePal.com #8011","whois.namepal.com","http://namepal.com","hong zhang","","guihua cunweihui malixiaozu","PuErShi","","654800","China","2817520977@qq.com","+86.17607872083","","hong zhang","","guihua cunweihui malixiaozu","PuErShi","","654800","China","2817520977@qq.com","+86.17607872083","","hong zhang","","guihua cunweihui malixiaozu","PuErShi","","654800","China","2817520977@qq.com","+86.17607872083","","","","","","","","","","","","ns1.maff.com","ns2.maff.com","","","OK","","",""
"5","yuan1994.com","2020-05-06 20:51:53","2020-05-04","2020-05-05","2021-05-04","1023","NamePal.com #8011","whois.namepal.com","http://namepal.com","PERFECT PRIVACY, LLC","","5335 Gate Parkway","Jacksonville","FL","32256","United States","2fgn3tup7cj4a8jc3hm33sum9a@domaindiscreet.com","+1.9027492701","","PERFECT PRIVACY, LLC","","5335 Gate Parkway","Jacksonville","FL","32256","United States","2fgn3tup7cj4a8jc3hm33sum9a@domaindiscreet.com","+1.9027492701","","PERFECT PRIVACY, LLC","","5335 Gate Parkway","Jacksonville","FL","32256","United States","2fgn3tup7cj4a8jc3hm33sum9a@domaindiscreet.com","+1.9027492701","","","","","","","","","","","","ns1.brainydns.com","ns2.brainydns.com","","","OK","","",""