"num","domain_name","query_time","create_date","update_date","expiry_date","domain_registrar_id","domain_registrar_name","domain_registrar_whois","domain_registrar_url","registrant_name","registrant_company","registrant_address","registrant_city","registrant_state","registrant_zip","registrant_country","registrant_email","registrant_phone","registrant_fax","administrative_name","administrative_company","administrative_address","administrative_city","administrative_state","administrative_zip","administrative_country","administrative_email","administrative_phone","administrative_fax","technical_name","technical_company","technical_address","technical_city","technical_state","technical_zip","technical_country","technical_email","technical_phone","technical_fax","billing_name","billing_company","billing_address","billing_city","billing_state","billing_zip","billing_country","billing_email","billing_phone","billing_fax","name_server_1","name_server_2","name_server_3","name_server_4","domain_status_1","domain_status_2","domain_status_3","domain_status_4"
"1","btcibankcustomercare.com","2020-05-06 21:29:52","2020-05-04","2020-05-04","2021-05-04","1749","Upperlink Limited","whois.upperlink.ng","http://domains.upperlink.ng","Domain Admin","Privacy Protect, LLC (PrivacyProtect.org)","10 Corporate Drive","Burlington","MA","01803","United States","contact@privacyprotect.org","+1.8022274003","","Domain Admin","Privacy Protect, LLC (PrivacyProtect.org)","10 Corporate Drive","Burlington","MA","01803","United States","contact@privacyprotect.org","+1.8022274003","","Domain Admin","Privacy Protect, LLC (PrivacyProtect.org)","10 Corporate Drive","Burlington","MA","01803","United States","contact@privacyprotect.org","+1.8022274003","","","","","","","","","","","","ns1.upperserver18.com","ns2.upperserver18.com","","","clientTransferProhibited","","",""
"2","nationalbankforindustry.com","2020-05-06 23:17:47","2020-05-05","2020-05-05","2021-05-05","1749","Upperlink Limited","whois.upperlink.ng","http://domains.upperlink.ng","Jacob Oliver","C&O Ventures and Companies. Ltd.","443 South Flower Street, Suite 3100","Los Angeles","CA","90071","United States","jacob.oliver54@yahoo.com","+1.2136236553","","Jacob Oliver","C&O Ventures and Companies. Ltd.","443 South Flower Street, Suite 3100","Los Angeles","CA","90071","United States","jacob.oliver54@yahoo.com","+1.2136236553","","Jacob Oliver","C&O Ventures and Companies. Ltd.","443 South Flower Street, Suite 3100","Los Angeles","CA","90071","United States","jacob.oliver54@yahoo.com","+1.2136236553","","","","","","","","","","","","ns1.upperserver18.com","ns2.upperserver18.com","","","clientTransferProhibited","","",""
"3","orchardfoodsng.com","2020-05-06 20:57:26","2020-05-04","2020-05-04","2021-05-04","1749","Upperlink Limited","whois.upperlink.ng","http://domains.upperlink.ng","Pelumi Olaleye","Pelsoft Projects","35 Haruna Street, College Road, Ogba.","Lagos","Lagos","110001","Nigeria","mcododo@yahoo.com","+234.8037979651","","Pelumi Olaleye","Pelsoft Projects","35 Haruna Street, College Road, Ogba.","Lagos","Lagos","110001","Nigeria","mcododo@yahoo.com","+234.8037979651","","Pelumi Olaleye","Pelsoft Projects","35 Haruna Street, College Road, Ogba.","Lagos","Lagos","110001","Nigeria","mcododo@yahoo.com","+234.8037979651","","","","","","","","","","","","ns1.upperserver18.com","ns2.upperserver18.com","","","clientTransferProhibited","","",""
"4","projectstrengthltd.com","2020-05-06 21:41:28","2020-05-05","2020-05-05","2021-05-05","1749","Upperlink Limited","whois.upperlink.ng","http://domains.upperlink.ng","Ugochukwu Ukwuegbu","","7, Salako Street, Ijoko-Lemode, Ogun State","Ifo","Lagos","100101","Nigeria","ugogineering@gmail.com","+234.8034403061","","Ugochukwu Ukwuegbu","","7, Salako Street, Ijoko-Lemode, Ogun State","Ifo","Lagos","100101","Nigeria","ugogineering@gmail.com","+234.8034403061","","Ugochukwu Ukwuegbu","","7, Salako Street, Ijoko-Lemode, Ogun State","Ifo","Lagos","100101","Nigeria","ugogineering@gmail.com","+234.8034403061","","","","","","","","","","","","ns1.upperserver16.com","ns2.upperserver16.com","","","clientTransferProhibited","","",""
"5","rcdirectnow.com","2020-05-06 23:26:47","2020-05-05","2020-05-05","2021-05-05","1749","Upperlink Limited","whois.upperlink.ng","http://domains.upperlink.ng","Domain Admin","Privacy Protect, LLC (PrivacyProtect.org)","10 Corporate Drive","Burlington","MA","01803","United States","contact@privacyprotect.org","+1.8022274003","","Domain Admin","Privacy Protect, LLC (PrivacyProtect.org)","10 Corporate Drive","Burlington","MA","01803","United States","contact@privacyprotect.org","+1.8022274003","","Domain Admin","Privacy Protect, LLC (PrivacyProtect.org)","10 Corporate Drive","Burlington","MA","01803","United States","contact@privacyprotect.org","+1.8022274003","","","","","","","","","","","","nsa.whogohost.com","nsb.whogohost.com","","","clientTransferProhibited","","",""