"num","domain_name","query_time","create_date","update_date","expiry_date","domain_registrar_id","domain_registrar_name","domain_registrar_whois","domain_registrar_url","registrant_name","registrant_company","registrant_address","registrant_city","registrant_state","registrant_zip","registrant_country","registrant_email","registrant_phone","registrant_fax","administrative_name","administrative_company","administrative_address","administrative_city","administrative_state","administrative_zip","administrative_country","administrative_email","administrative_phone","administrative_fax","technical_name","technical_company","technical_address","technical_city","technical_state","technical_zip","technical_country","technical_email","technical_phone","technical_fax","billing_name","billing_company","billing_address","billing_city","billing_state","billing_zip","billing_country","billing_email","billing_phone","billing_fax","name_server_1","name_server_2","name_server_3","name_server_4","domain_status_1","domain_status_2","domain_status_3","domain_status_4"
"1","ajgkontolajg01.com","2020-05-06 20:44:19","2020-05-06","2020-05-06","2021-05-06","3817","Wix.com Ltd.","","","","","","","","","","","","","","","","","","","","","","","","","","","","","","","","","","","","","","","","","","","ns8.wixdns.net","ns9.wixdns.net","","","clientTransferProhibited","clientUpdateProhibited","",""
"2","apejlsbeb.com","2020-05-06 13:33:27","2020-05-06","2020-05-06","2021-05-06","3817","Wix.com Ltd.","","","","","","","","","","","","","","","","","","","","","","","","","","","","","","","","","","","","","","","","","","","ns6.wixdns.net","ns7.wixdns.net","","","clientTransferProhibited","clientUpdateProhibited","",""
"3","apps-7983749234mwnweoashoah.com","2020-05-06 21:40:37","2020-05-06","2020-05-06","2021-05-06","3817","Wix.com Ltd.","","","","","","","","","","","","","","","","","","","","","","","","","","","","","","","","","","","","","","","","","","","ns2.wixdns.net","ns3.wixdns.net","","","clientTransferProhibited","clientUpdateProhibited","",""
"4","appsmobile1-8923089126ghjkssdf.com","2020-05-06 20:34:42","2020-05-06","2020-05-06","2021-05-06","3817","Wix.com Ltd.","","","","","","","","","","","","","","","","","","","","","","","","","","","","","","","","","","","","","","","","","","","ns2.wixdns.net","ns3.wixdns.net","","","clientTransferProhibited","clientUpdateProhibited","",""
"5","auth-secure-app.com","2020-05-06 20:39:22","2020-05-06","2020-05-06","2021-05-06","3817","Wix.com Ltd.","","","","","","","","","","","","","","","","","","","","","","","","","","","","","","","","","","","","","","","","","","","ns14.wixdns.net","ns15.wixdns.net","","","clientTransferProhibited","clientUpdateProhibited","",""
"6","awasajayanjexwixmmk.com","2020-05-06 13:54:48","2020-05-05","2020-05-05","2021-05-05","3817","Wix.com Ltd.","","","","","","","","","","","","","","","","","","","","","","","","","","","","","","","","","","","","","","","","","","","ns4.wixdns.net","ns5.wixdns.net","","","clientTransferProhibited","clientUpdateProhibited","",""
"7","cietbsdie.com","2020-05-06 18:34:26","2020-05-06","2020-05-06","2021-05-06","3817","Wix.com Ltd.","","","","","","","","","","","","","","","","","","","","","","","","","","","","","","","","","","","","","","","","","","","ns2.wixdns.net","ns3.wixdns.net","","","clientTransferProhibited","clientUpdateProhibited","",""
"8","controlaccountbilling.com","2020-05-06 13:31:43","2020-05-06","2020-05-06","2021-05-06","3817","Wix.com Ltd.","","","","","","","","","","","","","","","","","","","","","","","","","","","","","","","","","","","","","","","","","","","ns4.wixdns.net","ns5.wixdns.net","","","clientTransferProhibited","clientUpdateProhibited","",""
"9","fwesdrferdsw.com","2020-05-07 01:05:18","2020-05-06","2020-05-06","2021-05-06","3817","Wix.com Ltd.","","","","","","","","","","","","","","","","","","","","","","","","","","","","","","","","","","","","","","","","","","","ns14.wixdns.net","ns15.wixdns.net","","","clientTransferProhibited","clientUpdateProhibited","",""
"10","icesuracunts.com","2020-05-06 00:39:43","2020-05-06","2020-05-06","2021-05-06","3817","Wix.com Ltd.","","","","","","","","","","","","","","","","","","","","","","","","","","","","","","","","","","","","","","","","","","","ns6.wixdns.net","ns7.wixdns.net","","","clientTransferProhibited","clientUpdateProhibited","",""
"11","kinjadiyakkw.com","2020-05-06 17:57:20","2020-05-06","2020-05-06","2021-05-06","3817","Wix.com Ltd.","","","","","","","","","","","","","","","","","","","","","","","","","","","","","","","","","","","","","","","","","","","ns2.wixdns.net","ns3.wixdns.net","","","clientTransferProhibited","clientUpdateProhibited","",""
"12","load-26432864-secure.com","2020-05-06 20:35:09","2020-05-06","2020-05-06","2021-05-06","3817","Wix.com Ltd.","","","","","","","","","","","","","","","","","","","","","","","","","","","","","","","","","","","","","","","","","","","ns8.wixdns.net","ns9.wixdns.net","","","clientTransferProhibited","clientUpdateProhibited","",""
"13","needfullconfirmation.com","2020-05-06 13:32:43","2020-05-06","2020-05-06","2021-05-06","3817","Wix.com Ltd.","","","","","","","","","","","","","","","","","","","","","","","","","","","","","","","","","","","","","","","","","","","ns4.wixdns.net","ns5.wixdns.net","","","clientTransferProhibited","clientUpdateProhibited","",""
"14","protecacuntxz.com","2020-05-06 18:44:37","2020-05-06","2020-05-06","2021-05-06","3817","Wix.com Ltd.","","","","","","","","","","","","","","","","","","","","","","","","","","","","","","","","","","","","","","","","","","","ns14.wixdns.net","ns15.wixdns.net","","","clientTransferProhibited","clientUpdateProhibited","",""
"15","pushmexyz.com","2020-05-06 02:32:08","2020-05-06","2020-05-06","2021-05-06","3817","Wix.com Ltd.","","","","","","","","","","","","","","","","","","","","","","","","","","","","","","","","","","","","","","","","","","","ns14.wixdns.net","ns15.wixdns.net","","","clientTransferProhibited","clientUpdateProhibited","",""
"16","pypllwx.com","2020-05-06 20:38:18","2020-05-06","2020-05-06","2021-05-06","3817","Wix.com Ltd.","","","","","","","","","","","","","","","","","","","","","","","","","","","","","","","","","","","","","","","","","","","ns2.wixdns.net","ns3.wixdns.net","","","clientTransferProhibited","clientUpdateProhibited","",""
"17","receipt-verifycation-prefencessaccountmanager.com","2020-05-06 18:34:43","2020-05-06","2020-05-06","2021-05-06","3817","Wix.com Ltd.","","","","","","","","","","","","","","","","","","","","","","","","","","","","","","","","","","","","","","","","","","","ns6.wixdns.net","ns7.wixdns.net","","","clientTransferProhibited","clientUpdateProhibited","",""
"18","reflectionscleaningandsanitization.com","2020-05-06 01:18:49","2020-05-04","2020-05-04","2021-05-04","3817","Wix.com Ltd.","","","","","","","","","","","","","","","","","","","","","","","","","","","","","","","","","","","","","","","","","","","ns10.wixdns.net","ns11.wixdns.net","","","clientTransferProhibited","clientUpdateProhibited","",""
"19","reyuplemyd.com","2020-05-06 21:17:46","2020-05-06","2020-05-06","2021-05-06","3817","Wix.com Ltd.","","","","","","","","","","","","","","","","","","","","","","","","","","","","","","","","","","","","","","","","","","","ns14.wixdns.net","ns15.wixdns.net","","","clientTransferProhibited","clientUpdateProhibited","",""
"20","sansinsunsen.com","2020-05-06 03:55:58","2020-05-05","2020-05-05","2021-05-05","3817","Wix.com Ltd.","","","","","","","","","","","","","","","","","","","","","","","","","","","","","","","","","","","","","","","","","","","ns14.wixdns.net","ns15.wixdns.net","","","clientTransferProhibited","clientUpdateProhibited","",""
"21","security-inside-account.com","2020-05-06 20:41:31","2020-05-06","2020-05-06","2021-05-06","3817","Wix.com Ltd.","","","","","","","","","","","","","","","","","","","","","","","","","","","","","","","","","","","","","","","","","","","ns14.wixdns.net","ns15.wixdns.net","","","clientTransferProhibited","clientUpdateProhibited","",""
"22","specificationmarket.com","2020-05-06 02:12:46","2020-05-05","2020-05-05","2021-05-05","3817","Wix.com Ltd.","","","","","","","","","","","","","","","","","","","","","","","","","","","","","","","","","","","","","","","","","","","ns8.wixdns.net","ns9.wixdns.net","","","clientTransferProhibited","clientUpdateProhibited","",""
"23","yagusikoman.com","2020-05-06 13:38:59","2020-05-05","2020-05-05","2021-05-05","3817","Wix.com Ltd.","","","","","","","","","","","","","","","","","","","","","","","","","","","","","","","","","","","","","","","","","","","ns4.wixdns.net","ns5.wixdns.net","","","clientTransferProhibited","clientUpdateProhibited","",""