"num","domain_name","query_time","create_date","update_date","expiry_date","domain_registrar_id","domain_registrar_name","domain_registrar_whois","domain_registrar_url","registrant_name","registrant_company","registrant_address","registrant_city","registrant_state","registrant_zip","registrant_country","registrant_email","registrant_phone","registrant_fax","administrative_name","administrative_company","administrative_address","administrative_city","administrative_state","administrative_zip","administrative_country","administrative_email","administrative_phone","administrative_fax","technical_name","technical_company","technical_address","technical_city","technical_state","technical_zip","technical_country","technical_email","technical_phone","technical_fax","billing_name","billing_company","billing_address","billing_city","billing_state","billing_zip","billing_country","billing_email","billing_phone","billing_fax","name_server_1","name_server_2","name_server_3","name_server_4","domain_status_1","domain_status_2","domain_status_3","domain_status_4"
"1","alter.pro","2020-05-06 19:10:17","2020-05-02","2020-05-05","2021-05-02","1366","Xiamen ChinaSource Internet Service Co., Ltd.","whois.cnolnic.com","http://www.zzy.cn","???","???","","","??","","China","","","","","","","","","","","","","","","","","","","","","","","","","","","","","","","","","","ns1.cnolnic.net","ns2.cnolnic.net","","","addPeriod","clientTransferProhibited","serverTransferProhibited",""
"2","chamber.city","2020-05-06 18:57:53","2020-05-04","2020-05-04","2021-05-04","1366","Xiamen ChinaSource Internet Service Co., Ltd.","whois.cnolnic.com","http://www.zzy.cn","REDACTED FOR PRIVACY","Wangxiaoqin","REDACTED FOR PRIVACY","REDACTED FOR PRIVACY","Jiangsu","REDACTED FOR PRIVACY","China","","REDACTED FOR PRIVACY","REDACTED FOR PRIVACY","","","","","","","","","","","","","","","","","","","","","","","","","","","","","","","","","","","addPeriod","clientTransferProhibited","",""
"3","heyejia.pro","2020-05-06 19:09:59","2020-05-02","2020-05-06","2021-05-02","1366","Xiamen ChinaSource Internet Service Co., Ltd.","whois.cnolnic.com","http://www.zzy.cn","??","??","","","??","","China","","","","","","","","","","","","","","","","","","","","","","","","","","","","","","","","","","f1g1ns1.dnspod.net","f1g1ns2.dnspod.net","","","addPeriod","clientTransferProhibited","serverTransferProhibited",""
"4","horizontal.pro","2020-05-06 19:09:59","2020-05-05","2020-05-06","2021-05-05","1366","Xiamen ChinaSource Internet Service Co., Ltd.","whois.cnolnic.com","http://www.zzy.cn","??","??","","","??","","China","","","","","","","","","","","","","","","","","","","","","","","","","","","","","","","","","","ns1.dan.com","ns2.dan.com","","","addPeriod","clientTransferProhibited","serverTransferProhibited",""
"5","innate.pro","2020-05-06 19:09:59","2020-05-05","2020-05-06","2021-05-05","1366","Xiamen ChinaSource Internet Service Co., Ltd.","whois.cnolnic.com","http://www.zzy.cn","??","??","","","??","","China","","","","","","","","","","","","","","","","","","","","","","","","","","","","","","","","","","ns1.dan.com","ns2.dan.com","","","addPeriod","clientTransferProhibited","serverTransferProhibited",""
"6","matrix.run","2020-05-06 19:09:14","2020-05-02","2020-05-05","2021-05-02","1366","Xiamen ChinaSource Internet Service Co., Ltd.","whois.cnolnic.com","http://www.zzy.cn","REDACTED FOR PRIVACY","CharlesLee","REDACTED FOR PRIVACY","REDACTED FOR PRIVACY","Fujian","REDACTED FOR PRIVACY","China","","REDACTED FOR PRIVACY","REDACTED FOR PRIVACY","","","","","","","","","","","","","","","","","","","","","","","","","","","","","","","","","","","addPeriod","clientTransferProhibited","",""
"7","promister.pro","2020-05-06 19:09:49","2020-05-02","2020-05-05","2021-05-02","1366","Xiamen ChinaSource Internet Service Co., Ltd.","whois.cnolnic.com","http://www.zzy.cn","??","??","","","??","","China","","","","","","","","","","","","","","","","","","","","","","","","","","","","","","","","","","ns1.cnolnic.net","ns2.cnolnic.net","","","addPeriod","clientTransferProhibited","serverTransferProhibited",""
"8","slick.city","2020-05-06 18:57:53","2020-05-04","2020-05-04","2021-05-04","1366","Xiamen ChinaSource Internet Service Co., Ltd.","whois.cnolnic.com","http://www.zzy.cn","REDACTED FOR PRIVACY","Wangxiaoqin","REDACTED FOR PRIVACY","REDACTED FOR PRIVACY","Jiangsu","REDACTED FOR PRIVACY","China","","REDACTED FOR PRIVACY","REDACTED FOR PRIVACY","","","","","","","","","","","","","","","","","","","","","","","","","","","","","","","","","","","addPeriod","clientTransferProhibited","",""
"9","sszbt.pro","2020-05-06 19:09:40","2020-05-02","2020-05-05","2021-05-02","1366","Xiamen ChinaSource Internet Service Co., Ltd.","whois.cnolnic.com","http://www.zzy.cn","??","??","","","??","","China","","","","","","","","","","","","","","","","","","","","","","","","","","","","","","","","","","ns1.cnolnic.net","ns2.cnolnic.net","","","addPeriod","clientTransferProhibited","serverTransferProhibited",""
"10","tray.pro","2020-05-06 19:09:39","2020-05-04","2020-05-06","2021-05-04","1366","Xiamen ChinaSource Internet Service Co., Ltd.","whois.cnolnic.com","http://www.zzy.cn","??","??","","","??","","China","","","","","","","","","","","","","","","","","","","","","","","","","","","","","","","","","","ns1.dan.com","ns2.dan.com","","","addPeriod","clientTransferProhibited","serverTransferProhibited",""
"11","visual.city","2020-05-06 18:57:52","2020-05-02","2020-05-05","2021-05-02","1366","Xiamen ChinaSource Internet Service Co., Ltd.","whois.cnolnic.com","http://www.zzy.cn","REDACTED FOR PRIVACY","CharlesLee","REDACTED FOR PRIVACY","REDACTED FOR PRIVACY","Fujian","REDACTED FOR PRIVACY","China","","REDACTED FOR PRIVACY","REDACTED FOR PRIVACY","","","","","","","","","","","","","","","","","","","","","","","","","","","","","","","","","","","addPeriod","clientTransferProhibited","",""