"num","domain_name","query_time","create_date","update_date","expiry_date","domain_registrar_id","domain_registrar_name","domain_registrar_whois","domain_registrar_url","registrant_name","registrant_company","registrant_address","registrant_city","registrant_state","registrant_zip","registrant_country","registrant_email","registrant_phone","registrant_fax","administrative_name","administrative_company","administrative_address","administrative_city","administrative_state","administrative_zip","administrative_country","administrative_email","administrative_phone","administrative_fax","technical_name","technical_company","technical_address","technical_city","technical_state","technical_zip","technical_country","technical_email","technical_phone","technical_fax","billing_name","billing_company","billing_address","billing_city","billing_state","billing_zip","billing_country","billing_email","billing_phone","billing_fax","name_server_1","name_server_2","name_server_3","name_server_4","domain_status_1","domain_status_2","domain_status_3","domain_status_4"
"1","8993168.com","2020-05-13 10:56:54","2020-05-11","2020-05-11","2021-05-11","1387","1API GmbH","whois.1api.net","http://www.1api.net","REDACTED FOR PRIVACY","REDACTED FOR PRIVACY","REDACTED FOR PRIVACY","REDACTED FOR PRIVACY","Hongkong","REDACTED FOR PRIVACY","Angola","","REDACTED FOR PRIVACY","","REDACTED FOR PRIVACY","REDACTED FOR PRIVACY","REDACTED FOR PRIVACY","REDACTED FOR PRIVACY","REDACTED FOR PRIVACY","REDACTED FOR PRIVACY","REDACTED FOR PRIVACY","","REDACTED FOR PRIVACY","","REDACTED FOR PRIVACY","REDACTED FOR PRIVACY","REDACTED FOR PRIVACY","REDACTED FOR PRIVACY","REDACTED FOR PRIVACY","REDACTED FOR PRIVACY","REDACTED FOR PRIVACY","","REDACTED FOR PRIVACY","","","","","","","","","","","","ns1.ispapi.net","ns2.ispapi.net","ns3.ispapi.net","","clientTransferProhibited","","",""
"2","angocosmeticos.com","2020-05-13 11:09:24","2020-05-11","2020-05-11","2021-05-11","48","eNom, Inc.","whois.enom.com","http://www.enom.com","REDACTED FOR PRIVACY","REDACTED FOR PRIVACY","REDACTED FOR PRIVACY","REDACTED FOR PRIVACY","LUANDA","REDACTED FOR PRIVACY","Angola","","REDACTED FOR PRIVACY","REDACTED FOR PRIVACY","REDACTED FOR PRIVACY","REDACTED FOR PRIVACY","REDACTED FOR PRIVACY","REDACTED FOR PRIVACY","REDACTED FOR PRIVACY","REDACTED FOR PRIVACY","REDACTED FOR PRIVACY","","REDACTED FOR PRIVACY","REDACTED FOR PRIVACY","REDACTED FOR PRIVACY","REDACTED FOR PRIVACY","REDACTED FOR PRIVACY","REDACTED FOR PRIVACY","REDACTED FOR PRIVACY","REDACTED FOR PRIVACY","REDACTED FOR PRIVACY","","REDACTED FOR PRIVACY","REDACTED FOR PRIVACY","","","","","","","","","","","ns10.angoweb.biz","ns11.angoweb.biz","","","addPeriod","clientTransferProhibited","",""
"3","angolaonline.net","2020-05-13 19:09:18","2020-05-12","2020-05-12","2021-05-12","303","PDR Ltd. d/b/a PublicDomainRegistry.com","whois.publicdomainregistry.com","http://www.publicdomainregistry.com","Vladimiro Macedo Francisco","","Luanda, 30 Luanda","Luanda","Luanda","00244","Angola","af-solutions@outlook.pt","+244.930853431","","Vladimiro Macedo Francisco","","Luanda, 30 Luanda","Luanda","Luanda","00244","Angola","af-solutions@outlook.pt","+244.930853431","","Vladimiro Macedo Francisco","","Luanda, 30 Luanda","Luanda","Luanda","00244","Angola","af-solutions@outlook.pt","+244.930853431","","","","","","","","","","","","ns40.prodns.com.br","ns41.prodns.com.br","","","clientTransferProhibited","","",""
"4","axiwisa.com","2020-05-13 20:56:09","2020-05-12","2020-05-12","2021-05-12","151","PSI-USA, Inc. dba Domain Robot","whois.psi-usa.info","http://www.psi-usa.info","REDACTED FOR PRIVACY","Innovatis","REDACTED FOR PRIVACY","REDACTED FOR PRIVACY","Luanda","REDACTED FOR PRIVACY","Angola","","REDACTED FOR PRIVACY","REDACTED FOR PRIVACY","REDACTED FOR PRIVACY","REDACTED FOR PRIVACY","REDACTED FOR PRIVACY","REDACTED FOR PRIVACY","REDACTED FOR PRIVACY","REDACTED FOR PRIVACY","REDACTED FOR PRIVACY","","REDACTED FOR PRIVACY","REDACTED FOR PRIVACY","REDACTED FOR PRIVACY","REDACTED FOR PRIVACY","REDACTED FOR PRIVACY","REDACTED FOR PRIVACY","REDACTED FOR PRIVACY","REDACTED FOR PRIVACY","REDACTED FOR PRIVACY","","REDACTED FOR PRIVACY","REDACTED FOR PRIVACY","","","","","","","","","","","ns1.servidorao.net","ns2.servidorao.net","","","clientTransferProhibited","","",""
"5","cadetesao.com","2020-05-13 07:58:43","2020-05-11","2020-05-11","2021-05-11","1564","TLD Registrar Solutions Ltd.","whois.tldregistrarsolutions.com","http://www.tldregistrarsolutions.com","Not disclosed Not disclosed","AngoDomains","Centralidade de Sequele, Luanda, Angola","Centralidade de Sequele","","943337774","Angola","78e7956340e5092bf038d90cf2f69710.gdrp@customers.whoisprivacycorp.com","+1.5163872248","","Not disclosed Not disclosed","AngoDomains","Centralidade de Sequele, Luanda, Angola","Centralidade de Sequele","","943337774","Angola","78e7956340e5092bf038d90cf2f69710.gdrp@customers.whoisprivacycorp.com","+1.5163872248","","Not disclosed Not disclosed","AngoDomains","Centralidade de Sequele, Luanda, Angola","Centralidade de Sequele","","943337774","Angola","78e7956340e5092bf038d90cf2f69710.gdrp@customers.whoisprivacycorp.com","+1.5163872248","","","","","","","","","","","","ns1.angodomains.com","ns2.angodomains.com","","","clientTransferProhibited","ok","",""
"6","caraalegre.com","2020-05-13 09:31:35","2020-05-09","2020-05-09","2021-05-09","146","GoDaddy.com, LLC","whois.godaddy.com","http://registrar.godaddy.com","Celeps","Celeps","","","Luanda","","Angola","","","","","","","","","","","","","","","","","","","","","","","","","","","","","","","","","","ns1.celeps.ae","ns2.celeps.ae","","","clientDeleteProhibited","clientRenewProhibited","clientTransferProhibited","clientUpdateProhibited"
"7","cazuzacarsolution.net","2020-05-13 19:08:44","2020-05-12","2020-05-12","2021-05-12","151","PSI-USA, Inc. dba Domain Robot","whois.psi-usa.info","http://www.psi-usa.info","REDACTED FOR PRIVACY","JPGF COMERCIO A RETALHO","REDACTED FOR PRIVACY","REDACTED FOR PRIVACY","talatona","REDACTED FOR PRIVACY","Angola","","REDACTED FOR PRIVACY","REDACTED FOR PRIVACY","REDACTED FOR PRIVACY","REDACTED FOR PRIVACY","REDACTED FOR PRIVACY","REDACTED FOR PRIVACY","REDACTED FOR PRIVACY","REDACTED FOR PRIVACY","REDACTED FOR PRIVACY","","REDACTED FOR PRIVACY","REDACTED FOR PRIVACY","REDACTED FOR PRIVACY","REDACTED FOR PRIVACY","REDACTED FOR PRIVACY","REDACTED FOR PRIVACY","REDACTED FOR PRIVACY","REDACTED FOR PRIVACY","REDACTED FOR PRIVACY","","REDACTED FOR PRIVACY","REDACTED FOR PRIVACY","","","","","","","","","","","ns1.hostinginterface.eu","ns2.hostinginterface.eu","","","clientTransferProhibited","","",""
"8","cazuzacarsolutions.com","2020-05-13 20:15:42","2020-05-12","2020-05-12","2021-05-12","151","PSI-USA, Inc. dba Domain Robot","whois.psi-usa.info","http://www.psi-usa.info","REDACTED FOR PRIVACY","JPGF COMERCIO A RETALHO","REDACTED FOR PRIVACY","REDACTED FOR PRIVACY","talatona","REDACTED FOR PRIVACY","Angola","","REDACTED FOR PRIVACY","REDACTED FOR PRIVACY","REDACTED FOR PRIVACY","REDACTED FOR PRIVACY","REDACTED FOR PRIVACY","REDACTED FOR PRIVACY","REDACTED FOR PRIVACY","REDACTED FOR PRIVACY","REDACTED FOR PRIVACY","","REDACTED FOR PRIVACY","REDACTED FOR PRIVACY","REDACTED FOR PRIVACY","REDACTED FOR PRIVACY","REDACTED FOR PRIVACY","REDACTED FOR PRIVACY","REDACTED FOR PRIVACY","REDACTED FOR PRIVACY","REDACTED FOR PRIVACY","","REDACTED FOR PRIVACY","REDACTED FOR PRIVACY","","","","","","","","","","","ns1.hostinginterface.eu","ns2.hostinginterface.eu","","","clientTransferProhibited","","",""
"9","comeceumnegocio.com","2020-05-13 10:00:15","2020-05-10","2020-05-10","2021-05-10","955","Launchpad, Inc.","whois.launchpad.com","http://www.launchpad.com","Fatima Josefina Dongala","","Bairro Pioneiro Zeca","Ondjiva","Cabinda","","Angola","fatima.dongala@gmail.com","+244.923737246","","Fatima Josefina Dongala","","Bairro Pioneiro Zeca","Ondjiva","Cabinda","","Angola","fatima.dongala@gmail.com","+244.923737246","","Fatima Josefina Dongala","","Bairro Pioneiro Zeca","Ondjiva","Cabinda","","Angola","fatima.dongala@gmail.com","+244.923737246","","","","","","","","","","","","ns8279.hostgator.com","ns8280.hostgator.com","","","clientTransferProhibited","","",""
"10","curaferida-ao.com","2020-05-13 20:08:59","2020-05-12","2020-05-12","2021-05-12","168","Register.it SPA","whois.register.it","http://we.register.it","REDACTED FOR PRIVACY","REDACTED FOR PRIVACY","REDACTED FOR PRIVACY","REDACTED FOR PRIVACY","Golfe 2","REDACTED FOR PRIVACY","Angola","","REDACTED.FORPRIVACY","REDACTED.FORPRIVACY","REDACTED FOR PRIVACY","REDACTED FOR PRIVACY","REDACTED FOR PRIVACY","REDACTED FOR PRIVACY","Golfe 2","REDACTED FOR PRIVACY","Angola","","REDACTED.FORPRIVACY","REDACTED.FORPRIVACY","REDACTED FOR PRIVACY","REDACTED FOR PRIVACY","REDACTED FOR PRIVACY","REDACTED FOR PRIVACY","LISBOA","REDACTED FOR PRIVACY","Portugal","","REDACTED.FORPRIVACY","REDACTED.FORPRIVACY","","","","","","","","","","","ns1.amenworld.com","ns2.amenworld.com","","","OK","","",""
"11","cvtechsystems.net","2020-05-14 00:11:15","2020-05-12","2020-05-12","2021-05-12","48","eNom, Inc.","whois.enom.com","http://www.enom.com","REDACTED FOR PRIVACY","REDACTED FOR PRIVACY","REDACTED FOR PRIVACY","REDACTED FOR PRIVACY","LUANDA","REDACTED FOR PRIVACY","Angola","","REDACTED FOR PRIVACY","REDACTED FOR PRIVACY","REDACTED FOR PRIVACY","REDACTED FOR PRIVACY","REDACTED FOR PRIVACY","REDACTED FOR PRIVACY","REDACTED FOR PRIVACY","REDACTED FOR PRIVACY","REDACTED FOR PRIVACY","","REDACTED FOR PRIVACY","REDACTED FOR PRIVACY","REDACTED FOR PRIVACY","REDACTED FOR PRIVACY","REDACTED FOR PRIVACY","REDACTED FOR PRIVACY","REDACTED FOR PRIVACY","REDACTED FOR PRIVACY","REDACTED FOR PRIVACY","","REDACTED FOR PRIVACY","REDACTED FOR PRIVACY","","","","","","","","","","","ns10.angoweb.biz","ns11.angoweb.biz","","","addPeriod","clientTransferProhibited","",""
"12","eltonalberto.com","2020-05-13 10:04:10","2020-05-10","2020-05-10","2021-05-10","303","PDR Ltd. d/b/a PublicDomainRegistry.com","whois.publicdomainregistry.com","http://www.publicdomainregistry.com","Ndongala Pedro Augusto Pedro","CNAP TECNOLOGIAS LDA","Luanda cacuaco -  estrada direita de cacuaco, Bairro de cimangol","Luanda","Luanda","6794","Angola","ndongainformatica@gmail.com","+244.923038232","","Ndongala Pedro Augusto Pedro","CNAP TECNOLOGIAS LDA","Luanda cacuaco -  estrada direita de cacuaco, Bairro de cimangol","Luanda","Luanda","6794","Angola","ndongainformatica@gmail.com","+244.923038232","","Ndongala Pedro Augusto Pedro","CNAP TECNOLOGIAS LDA","Luanda cacuaco -  estrada direita de cacuaco, Bairro de cimangol","Luanda","Luanda","6794","Angola","ndongainformatica@gmail.com","+244.923038232","","","","","","","","","","","","ns1.hosting24.com","ns2.hosting24.com","","","clientTransferProhibited","","",""
"13","gordioncraft.com","2020-05-13 07:09:15","2020-05-10","2020-05-10","2021-05-10","440","Wild West Domains, LLC","whois.wildwestdomains.com","http://www.wildwestdomains.com","koroona","koroona","","","gelemem","","Angola","","","","","","","","","","","","","","","","","","","","","","","","","","","","","","","","","","ns1-06.azure-dns.com","ns2-06.azure-dns.net","ns3-06.azure-dns.org","ns4-06.azure-dns.info","clientDeleteProhibited","clientRenewProhibited","clientTransferProhibited","clientUpdateProhibited"
"14","inefor-ao.com","2020-05-13 19:57:50","2020-05-12","2020-05-12","2021-05-12","168","Register.it SPA","whois.register.it","http://we.register.it","REDACTED FOR PRIVACY","REDACTED FOR PRIVACY","REDACTED FOR PRIVACY","REDACTED FOR PRIVACY","Golfe 2","REDACTED FOR PRIVACY","Angola","","REDACTED.FORPRIVACY","REDACTED.FORPRIVACY","REDACTED FOR PRIVACY","REDACTED FOR PRIVACY","REDACTED FOR PRIVACY","REDACTED FOR PRIVACY","Golfe 2","REDACTED FOR PRIVACY","Angola","","REDACTED.FORPRIVACY","REDACTED.FORPRIVACY","REDACTED FOR PRIVACY","REDACTED FOR PRIVACY","REDACTED FOR PRIVACY","REDACTED FOR PRIVACY","LISBOA","REDACTED FOR PRIVACY","Portugal","","REDACTED.FORPRIVACY","REDACTED.FORPRIVACY","","","","","","","","","","","ns1.amenworld.com","ns2.amenworld.com","","","OK","","",""
"15","inteligenteconexao1992.com","2020-05-13 09:28:39","2020-05-09","2020-05-09","2021-05-09","303","PDR Ltd. d/b/a PublicDomainRegistry.com","whois.publicdomainregistry.com","http://www.publicdomainregistry.com","Plateni  Vicente","Inteligente Conexao 1992","Bairro Dack Doy","Lubango","Huila","1073","Angola","platenivicente@gmail.com","+244.931913568","","Plateni  Vicente","Inteligente Conexao 1992","Bairro Dack Doy","Lubango","Huila","1073","Angola","platenivicente@gmail.com","+244.931913568","","Plateni  Vicente","Inteligente Conexao 1992","Bairro Dack Doy","Lubango","Huila","1073","Angola","platenivicente@gmail.com","+244.931913568","","","","","","","","","","","","ns1.dns-parking.com","ns2.dns-parking.com","","","clientTransferProhibited","","",""
"16","jobacam.net","2020-05-14 00:08:53","2020-05-11","2020-05-11","2021-05-11","151","PSI-USA, Inc. dba Domain Robot","whois.psi-usa.info","http://www.psi-usa.info","REDACTED FOR PRIVACY","Centro de Treinamento Enriqueca, SU, Lda","REDACTED FOR PRIVACY","REDACTED FOR PRIVACY","AO","REDACTED FOR PRIVACY","Angola","","REDACTED FOR PRIVACY","REDACTED FOR PRIVACY","REDACTED FOR PRIVACY","REDACTED FOR PRIVACY","REDACTED FOR PRIVACY","REDACTED FOR PRIVACY","REDACTED FOR PRIVACY","REDACTED FOR PRIVACY","REDACTED FOR PRIVACY","","REDACTED FOR PRIVACY","REDACTED FOR PRIVACY","REDACTED FOR PRIVACY","REDACTED FOR PRIVACY","REDACTED FOR PRIVACY","REDACTED FOR PRIVACY","REDACTED FOR PRIVACY","REDACTED FOR PRIVACY","REDACTED FOR PRIVACY","","REDACTED FOR PRIVACY","REDACTED FOR PRIVACY","","","","","","","","","","","ns1.servidorao.net","ns2.servidorao.net","","","clientTransferProhibited","","",""
"17","mee-digital.com","2020-05-13 20:52:20","2020-05-12","2020-05-12","2021-05-12","303","PDR Ltd. d/b/a PublicDomainRegistry.com","whois.publicdomainregistry.com","http://www.publicdomainregistry.com","ZTEC LDA","Otafil","Rua Olipio Macueira","Luanda","Luanda","254","Angola","adiotavio@gmail.com","+244.993337898","","ZTEC LDA","Otafil","Rua Olipio Macueira","Luanda","Luanda","254","Angola","adiotavio@gmail.com","+244.993337898","","ZTEC LDA","Otafil","Rua Olipio Macueira","Luanda","Luanda","254","Angola","adiotavio@gmail.com","+244.993337898","","","","","","","","","","","","ns1.otafil.com","ns2.otafil.com","","","clientTransferProhibited","","",""
"18","mkprestacaodeservico.com","2020-05-13 11:09:19","2020-05-11","2020-05-11","2021-05-11","303","PDR Ltd. d/b/a PublicDomainRegistry.com","whois.publicdomainregistry.com","http://www.publicdomainregistry.com","domingos joao","Alozoom Digital","Rua: Pedro de Castro Van Dunem null null","Luanda","95","2015365","Angola","domingosj50@hotmail.com","+244.948554902","","domingos joao","Alozoom Digital","Rua: Pedro de Castro Van Dunem null null","Luanda","95","2015365","Angola","domingosj50@hotmail.com","+244.948554902","","domingos joao","Alozoom Digital","Rua: Pedro de Castro Van Dunem null null","Luanda","95","2015365","Angola","domingosj50@hotmail.com","+244.948554902","","","","","","","","","","","","ns1.bh-ht-7.webhostbox.net","ns2.bh-ht-7.webhostbox.net","","","clientTransferProhibited","","",""
"19","nfpgprestador.com","2020-05-13 20:26:00","2020-05-12","2020-05-12","2021-05-11","168","Register.it SPA","whois.register.it","http://we.register.it","REDACTED FOR PRIVACY","devsoft - Consultoria e Sistemas","REDACTED FOR PRIVACY","REDACTED FOR PRIVACY","","REDACTED FOR PRIVACY","Angola","","REDACTED.FORPRIVACY","REDACTED.FORPRIVACY","REDACTED FOR PRIVACY","REDACTED FOR PRIVACY","REDACTED FOR PRIVACY","REDACTED FOR PRIVACY","","REDACTED FOR PRIVACY","Angola","","REDACTED.FORPRIVACY","REDACTED.FORPRIVACY","REDACTED FOR PRIVACY","REDACTED FOR PRIVACY","REDACTED FOR PRIVACY","REDACTED FOR PRIVACY","Faro","REDACTED FOR PRIVACY","Portugal","","REDACTED.FORPRIVACY","REDACTED.FORPRIVACY","","","","","","","","","","","ns1.dnscpanel.com","ns2.dnscpanel.com","ns3.dnscpanel.com","","clientDeleteProhibited","clientTransferProhibited","clientUpdateProhibited",""
"20","novasondas-producoes.com","2020-05-13 10:47:40","2020-05-10","2020-05-11","2021-05-10","48","eNom, Inc.","whois.enom.com","http://www.enom.com","REDACTED FOR PRIVACY","REDACTED FOR PRIVACY","REDACTED FOR PRIVACY","REDACTED FOR PRIVACY","REDACTED FOR PRIVACY","REDACTED FOR PRIVACY","Angola","","REDACTED FOR PRIVACY","REDACTED FOR PRIVACY","REDACTED FOR PRIVACY","REDACTED FOR PRIVACY","REDACTED FOR PRIVACY","REDACTED FOR PRIVACY","REDACTED FOR PRIVACY","REDACTED FOR PRIVACY","REDACTED FOR PRIVACY","","REDACTED FOR PRIVACY","REDACTED FOR PRIVACY","REDACTED FOR PRIVACY","REDACTED FOR PRIVACY","REDACTED FOR PRIVACY","REDACTED FOR PRIVACY","REDACTED FOR PRIVACY","REDACTED FOR PRIVACY","REDACTED FOR PRIVACY","","REDACTED FOR PRIVACY","REDACTED FOR PRIVACY","","","","","","","","","","","daniella.ns.cloudflare.com","gabe.ns.cloudflare.com","","","addPeriod","clientTransferProhibited","",""
"21","nukanalidosfardos.com","2020-05-13 20:15:49","2020-05-12","2020-05-12","2021-05-12","303","PDR Ltd. d/b/a PublicDomainRegistry.com","whois.publicdomainregistry.com","http://www.publicdomainregistry.com","Facilitando Angola","Facilitando Angola","Bairro Morro Bento","Corimba","Luanda","493933","Angola","inocenciocordeiroarmando@hotmail.com","+244.222746577","","Facilitando Angola","Facilitando Angola","Bairro Morro Bento","Corimba","Luanda","493933","Angola","inocenciocordeiroarmando@hotmail.com","+244.222746577","","Facilitando Angola","Facilitando Angola","Bairro Morro Bento","Corimba","Luanda","493933","Angola","inocenciocordeiroarmando@hotmail.com","+244.222746577","","","","","","","","","","","","ns1.lineadns.com","ns2.lineadns.com","","","clientTransferProhibited","","",""
"22","pambaleiro.com","2020-05-13 20:47:54","2020-05-12","2020-05-12","2021-05-12","48","eNom, Inc.","whois.enom.com","http://www.enom.com","REDACTED FOR PRIVACY","REDACTED FOR PRIVACY","REDACTED FOR PRIVACY","REDACTED FOR PRIVACY","Moxico","REDACTED FOR PRIVACY","Angola","","REDACTED FOR PRIVACY","REDACTED FOR PRIVACY","REDACTED FOR PRIVACY","REDACTED FOR PRIVACY","REDACTED FOR PRIVACY","REDACTED FOR PRIVACY","REDACTED FOR PRIVACY","REDACTED FOR PRIVACY","REDACTED FOR PRIVACY","","REDACTED FOR PRIVACY","REDACTED FOR PRIVACY","REDACTED FOR PRIVACY","REDACTED FOR PRIVACY","REDACTED FOR PRIVACY","REDACTED FOR PRIVACY","REDACTED FOR PRIVACY","REDACTED FOR PRIVACY","REDACTED FOR PRIVACY","","REDACTED FOR PRIVACY","REDACTED FOR PRIVACY","","","","","","","","","","","ns3009.mochahost.com","ns4009.mochahost.com","","","addPeriod","clientTransferProhibited","",""
"23","petcenterangola.net","2020-05-13 19:10:25","2020-05-12","2020-05-12","2021-05-12","303","PDR Ltd. d/b/a PublicDomainRegistry.com","whois.publicdomainregistry.com","http://www.publicdomainregistry.com","Nuno Soares","Lobinet","Rua de Sagres, 4","Lobito","Lobito","0000","Angola","mister.neon@gmail.com","+244.922500244","","Nuno Soares","Lobinet","Rua de Sagres, 4","Lobito","Lobito","0000","Angola","mister.neon@gmail.com","+244.922500244","","Nuno Soares","Lobinet","Rua de Sagres, 4","Lobito","Lobito","0000","Angola","mister.neon@gmail.com","+244.922500244","","","","","","","","","","","","ns1.webhs.org","ns2.webhs.org","ns3.webhs.org","ns4.webhs.org","clientTransferProhibited","","",""
"24","pubgskin100.com","2020-05-13 07:39:09","2020-05-11","2020-05-11","2021-05-11","440","Wild West Domains, LLC","whois.wildwestdomains.com","http://www.wildwestdomains.com","","","","","Bali","","Angola","","","","","","","","","","","","","","","","","","","","","","","","","","","","","","","","","","chad.ns.cloudflare.com","venus.ns.cloudflare.com","","","clientDeleteProhibited","clientRenewProhibited","clientTransferProhibited","clientUpdateProhibited"
"25","racoesangola.net","2020-05-13 19:10:12","2020-05-12","2020-05-12","2021-05-12","303","PDR Ltd. d/b/a PublicDomainRegistry.com","whois.publicdomainregistry.com","http://www.publicdomainregistry.com","Nuno Soares","Lobinet","Rua de Sagres, 4","Lobito","Lobito","0000","Angola","mister.neon@gmail.com","+244.922500244","","Nuno Soares","Lobinet","Rua de Sagres, 4","Lobito","Lobito","0000","Angola","mister.neon@gmail.com","+244.922500244","","Nuno Soares","Lobinet","Rua de Sagres, 4","Lobito","Lobito","0000","Angola","mister.neon@gmail.com","+244.922500244","","","","","","","","","","","","ns1.webhs.org","ns2.webhs.org","ns3.webhs.org","ns4.webhs.org","clientTransferProhibited","","",""
"26","saudeplena-ao.com","2020-05-13 20:10:10","2020-05-12","2020-05-12","2021-05-12","168","Register.it SPA","whois.register.it","http://we.register.it","REDACTED FOR PRIVACY","REDACTED FOR PRIVACY","REDACTED FOR PRIVACY","REDACTED FOR PRIVACY","Golfe 2","REDACTED FOR PRIVACY","Angola","","REDACTED.FORPRIVACY","REDACTED.FORPRIVACY","REDACTED FOR PRIVACY","REDACTED FOR PRIVACY","REDACTED FOR PRIVACY","REDACTED FOR PRIVACY","Golfe 2","REDACTED FOR PRIVACY","Angola","","REDACTED.FORPRIVACY","REDACTED.FORPRIVACY","REDACTED FOR PRIVACY","REDACTED FOR PRIVACY","REDACTED FOR PRIVACY","REDACTED FOR PRIVACY","LISBOA","REDACTED FOR PRIVACY","Portugal","","REDACTED.FORPRIVACY","REDACTED.FORPRIVACY","","","","","","","","","","","ns1.amenworld.com","ns2.amenworld.com","","","OK","","",""
"27","socubico.com","2020-05-13 19:37:46","2020-05-11","2020-05-11","2021-05-11","955","Launchpad, Inc.","whois.launchpad.com","http://www.launchpad.com","So Cubicos","","Angola","Luanda","Luanda","","Angola","socubico@gmail.com","+244.931728962","","So Cubicos","","Angola","Luanda","Luanda","","Angola","socubico@gmail.com","+244.931728962","","So Cubicos","","Angola","Luanda","Luanda","","Angola","socubico@gmail.com","+244.931728962","","","","","","","","","","","","ns6521.hostgator.com","ns6522.hostgator.com","","","clientTransferProhibited","","",""
"28","vendasonlineangola.com","2020-05-13 20:08:16","2020-05-12","2020-05-12","2021-05-12","146","GoDaddy.com, LLC","whois.godaddy.com","http://registrar.godaddy.com","POPUP","POPUP","","","Seleccione uma opcao","","Angola","","","","","","","","","","","","","","","","","","","","","","","","","","","","","","","","","","ns09.domaincontrol.com","ns10.domaincontrol.com","","","clientDeleteProhibited","clientRenewProhibited","clientTransferProhibited","clientUpdateProhibited"
"29","verexlda.com","2020-05-13 10:04:12","2020-05-10","2020-05-10","2021-05-10","303","PDR Ltd. d/b/a PublicDomainRegistry.com","whois.publicdomainregistry.com","http://www.publicdomainregistry.com","Ndongala Pedro Augusto Pedro","CNAP TECNOLOGIAS LDA","Luanda cacuaco -  estrada direita de cacuaco, Bairro de cimangol","Luanda","Luanda","6794","Angola","ndongainformatica@gmail.com","+244.923038232","","Ndongala Pedro Augusto Pedro","CNAP TECNOLOGIAS LDA","Luanda cacuaco -  estrada direita de cacuaco, Bairro de cimangol","Luanda","Luanda","6794","Angola","ndongainformatica@gmail.com","+244.923038232","","Ndongala Pedro Augusto Pedro","CNAP TECNOLOGIAS LDA","Luanda cacuaco -  estrada direita de cacuaco, Bairro de cimangol","Luanda","Luanda","6794","Angola","ndongainformatica@gmail.com","+244.923038232","","","","","","","","","","","","ns1.hosting24.com","ns2.hosting24.com","","","clientTransferProhibited","","",""
"30","zungueiraonline.com","2020-05-13 11:09:22","2020-05-11","2020-05-11","2021-05-11","48","eNom, Inc.","whois.enom.com","http://www.enom.com","REDACTED FOR PRIVACY","REDACTED FOR PRIVACY","REDACTED FOR PRIVACY","REDACTED FOR PRIVACY","LUANDA","REDACTED FOR PRIVACY","Angola","","REDACTED FOR PRIVACY","REDACTED FOR PRIVACY","REDACTED FOR PRIVACY","REDACTED FOR PRIVACY","REDACTED FOR PRIVACY","REDACTED FOR PRIVACY","REDACTED FOR PRIVACY","REDACTED FOR PRIVACY","REDACTED FOR PRIVACY","","REDACTED FOR PRIVACY","REDACTED FOR PRIVACY","REDACTED FOR PRIVACY","REDACTED FOR PRIVACY","REDACTED FOR PRIVACY","REDACTED FOR PRIVACY","REDACTED FOR PRIVACY","REDACTED FOR PRIVACY","REDACTED FOR PRIVACY","","REDACTED FOR PRIVACY","REDACTED FOR PRIVACY","","","","","","","","","","","ns10.angoweb.biz","ns11.angoweb.biz","","","addPeriod","clientTransferProhibited","",""