"num","domain_name","query_time","create_date","update_date","expiry_date","domain_registrar_id","domain_registrar_name","domain_registrar_whois","domain_registrar_url","registrant_name","registrant_company","registrant_address","registrant_city","registrant_state","registrant_zip","registrant_country","registrant_email","registrant_phone","registrant_fax","administrative_name","administrative_company","administrative_address","administrative_city","administrative_state","administrative_zip","administrative_country","administrative_email","administrative_phone","administrative_fax","technical_name","technical_company","technical_address","technical_city","technical_state","technical_zip","technical_country","technical_email","technical_phone","technical_fax","billing_name","billing_company","billing_address","billing_city","billing_state","billing_zip","billing_country","billing_email","billing_phone","billing_fax","name_server_1","name_server_2","name_server_3","name_server_4","domain_status_1","domain_status_2","domain_status_3","domain_status_4"
"1","anastasiart.net","2020-05-13 19:09:19","2020-05-12","2020-05-12","2021-05-12","1606","Limited Liability Company 'Registrar of domain names REG.RU'","whois.reg.ru","http://www.reg.ru","Anastasiia Andreieva","Private Person","Arzumanyan street, 43, apt. 3","Yerevan","Yerevan","0099","Armenia","a.andreevadesign@gmail.com","+374.44724912","","Anastasiia Andreieva","Private Person","Arzumanyan street, 43, apt. 3","Yerevan","Yerevan","0099","Armenia","a.andreevadesign@gmail.com","+374.44724912","","Anastasiia Andreieva","Private Person","Arzumanyan street, 43, apt. 3","Yerevan","Yerevan","0099","Armenia","a.andreevadesign@gmail.com","+374.44724912","","","","","","","","","","","","ns1.selectel.org","ns2.selectel.org","ns3.selectel.org","ns4.selectel.org","clientTransferProhibited","","",""
"2","arakyangallery.com","2020-05-13 09:19:01","2020-05-09","2020-05-09","2025-05-09","146","GoDaddy.com, LLC","whois.godaddy.com","http://registrar.godaddy.com","Arakyan Art Gallery","Arakyan Art Gallery","","","\u0535\u0580\u0565\u057e\u0561\u0576","","Armenia","","","","","","","","","","","","","","","","","","","","","","","","","","","","","","","","","","ns63.domaincontrol.com","ns64.domaincontrol.com","","","clientDeleteProhibited","clientRenewProhibited","clientTransferProhibited","clientUpdateProhibited"
"3","armenians.world","2020-05-13 21:54:18","2020-05-12","2020-05-12","2021-05-12","146","GoDaddy.com, LLC","whois.godaddy.com","http://registrar.godaddy.com","REDACTED FOR PRIVACY","","REDACTED FOR PRIVACY","REDACTED FOR PRIVACY","Yerevan","REDACTED FOR PRIVACY","Armenia","","REDACTED FOR PRIVACY","REDACTED FOR PRIVACY","","","","","","","","","","","","","","","","","","","","","","","","","","","","","","","","","","","addPeriod","clientDeleteProhibited","clientRenewProhibited","clientTransferProhibited"
"4","asklaw.info","2020-05-14 00:22:29","2020-05-11","2020-05-12","2021-05-11","1505","Gransy s.r.o. d/b/a subreg.cz","whois.regtons.com","http://regtons.com","","","","","","","Armenia","","","","","","","","","","","","","","","","","","","","","","","","","","","","","","","","","","carrera.ns.cloudflare.com","ernest.ns.cloudflare.com","","","addPeriod","serverTransferProhibited","",""
"5","badgermall.com","2020-05-13 20:46:47","2020-05-12","2020-05-12","2021-05-12","146","GoDaddy.com, LLC","whois.godaddy.com","http://registrar.godaddy.com","Badger Group","Badger Group","","","\u0535\u0580\u0565\u057e\u0561\u0576","","Armenia","","","","","","","","","","","","","","","","","","","","","","","","","","","","","","","","","","ns25.domaincontrol.com","ns26.domaincontrol.com","","","clientDeleteProhibited","clientRenewProhibited","clientTransferProhibited","clientUpdateProhibited"
"6","bakrash.com","2020-05-13 09:37:33","2020-05-09","2020-05-11","2021-05-09","886","Domain.com, LLC","whois.domain.com","http://www.domain.com","REDACTED FOR PRIVACY","REDACTED FOR PRIVACY","REDACTED FOR PRIVACY","REDACTED FOR PRIVACY","NA","REDACTED FOR PRIVACY","Armenia","","REDACTED FOR PRIVACY","REDACTED FOR PRIVACY","REDACTED FOR PRIVACY","REDACTED FOR PRIVACY","REDACTED FOR PRIVACY","REDACTED FOR PRIVACY","REDACTED FOR PRIVACY","REDACTED FOR PRIVACY","REDACTED FOR PRIVACY","","REDACTED FOR PRIVACY","REDACTED FOR PRIVACY","REDACTED FOR PRIVACY","REDACTED FOR PRIVACY","REDACTED FOR PRIVACY","REDACTED FOR PRIVACY","REDACTED FOR PRIVACY","REDACTED FOR PRIVACY","REDACTED FOR PRIVACY","","REDACTED FOR PRIVACY","REDACTED FOR PRIVACY","","","","","","","","","","","ns41.irandisk.com","ns42.irandisk.com","","","","","",""
"7","cigsway.com","2020-05-13 20:37:52","2020-05-11","2020-05-11","2021-05-11","146","GoDaddy.com, LLC","whois.godaddy.com","http://registrar.godaddy.com","","","","","\u0535\u0580\u0565\u057e\u0561\u0576","","Armenia","","","","","","","","","","","","","","","","","","","","","","","","","","","","","","","","","","ns31.domaincontrol.com","ns32.domaincontrol.com","","","clientDeleteProhibited","clientRenewProhibited","clientTransferProhibited","clientUpdateProhibited"
"8","dutyin.com","2020-05-13 11:09:39","2020-05-11","2020-05-11","2021-05-11","146","GoDaddy.com, LLC","whois.godaddy.com","http://registrar.godaddy.com","","","","","Tavush","","Armenia","","","","","","","","","","","","","","","","","","","","","","","","","","","","","","","","","","ns1.afternic.com","ns2.afternic.com","","","OK","","",""
"9","j2biz.com","2020-05-13 09:30:21","2020-05-09","2020-05-09","2023-05-09","886","Domain.com, LLC","whois.domain.com","http://www.domain.com","REDACTED FOR PRIVACY","REDACTED FOR PRIVACY","REDACTED FOR PRIVACY","REDACTED FOR PRIVACY","NA","REDACTED FOR PRIVACY","Armenia","","REDACTED FOR PRIVACY","REDACTED FOR PRIVACY","REDACTED FOR PRIVACY","REDACTED FOR PRIVACY","REDACTED FOR PRIVACY","REDACTED FOR PRIVACY","REDACTED FOR PRIVACY","REDACTED FOR PRIVACY","REDACTED FOR PRIVACY","","REDACTED FOR PRIVACY","REDACTED FOR PRIVACY","REDACTED FOR PRIVACY","REDACTED FOR PRIVACY","REDACTED FOR PRIVACY","REDACTED FOR PRIVACY","REDACTED FOR PRIVACY","REDACTED FOR PRIVACY","REDACTED FOR PRIVACY","","REDACTED FOR PRIVACY","REDACTED FOR PRIVACY","","","","","","","","","","","ns1.domain.com","ns2.domain.com","","","","","",""
"10","main-skincare.com","2020-05-13 07:09:16","2020-05-10","2020-05-12","2021-05-10","1666","OpenTLD B.V.","http://www.freenom.com/whois","http://www.freenom.com/","REDACTED FOR PRIVACY","REDACTED FOR PRIVACY","REDACTED FOR PRIVACY","REDACTED FOR PRIVACY","Armenia","REDACTED FOR PRIVACY","Armenia","","REDACTED FOR PRIVACY","","REDACTED FOR PRIVACY","REDACTED FOR PRIVACY","REDACTED FOR PRIVACY","REDACTED FOR PRIVACY","REDACTED FOR PRIVACY","REDACTED FOR PRIVACY","REDACTED FOR PRIVACY","","REDACTED FOR PRIVACY","","REDACTED FOR PRIVACY","REDACTED FOR PRIVACY","REDACTED FOR PRIVACY","REDACTED FOR PRIVACY","REDACTED FOR PRIVACY","REDACTED FOR PRIVACY","REDACTED FOR PRIVACY","","REDACTED FOR PRIVACY","","","","","","","","","","","","ns01.freenom.com","ns02.freenom.com","ns03.freenom.com","ns04.freenom.com","clientTransferProhibited","","",""
"11","pikcargo.com","2020-05-13 20:50:00","2020-05-11","2020-05-11","2021-05-11","3806","Beget LLC","","","Tonyan O Eduard","","ul. Mikoyana 21 kv 40","Erevan","Erevan","0019","Armenia","eduard.tonyan@mail.ru","+7.9688883882","","Tonyan O Eduard","","ul. Mikoyana 21 kv 40","Erevan","Erevan","0019","Armenia","eduard.tonyan@mail.ru","+7.9688883882","","Tonyan O Eduard","","ul. Mikoyana 21 kv 40","Erevan","Erevan","0019","Armenia","eduard.tonyan@mail.ru","+7.9688883882","","","","","","","","","","","","ns1.beget.com","ns1.beget.pro","ns2.beget.com","ns2.beget.pro","clientTransferProhibited","","",""
"12","sibappstore.com","2020-05-13 21:02:52","2020-05-12","2020-05-12","2021-05-12","82","OnlineNIC, Inc.","whois.onlinenic.com","http://www.onlinenic.com","Armani","Armani","Hanropetotian","yerevan","yerevan","00000","Armenia","cogfolks@gmail.com","+971.5032934922","+971.5032934922","Armani","Armani","Hanropetotian","yerevan","yerevan","00000","Armenia","cogfolks@gmail.com","+971.5032934922","+971.5032934922","Armani","Armani","Hanropetotian","yerevan","yerevan","00000","Armenia","cogfolks@gmail.com","+971.5032934922","+971.5032934922","","","","","","","","","","","ivy.ns.cloudflare.com","lee.ns.cloudflare.com","","","clientTransferProhibited","","",""
"13","tomfarr-rus.com","2020-05-13 07:02:02","2020-05-11","2020-05-11","2021-05-11","303","PDR Ltd. d/b/a PublicDomainRegistry.com","whois.publicdomainregistry.com","http://www.publicdomainregistry.com","Tigran Gyokchakyan","Tigran Gyokchakyan","Tavros 2130","Vanadzor","Lori","2021","Armenia","tomfarr.rus@gmail.com","+374.55666889","","Tigran Gyokchakyan","Tigran Gyokchakyan","Tavros 2130","Vanadzor","Lori","2021","Armenia","tomfarr.rus@gmail.com","+374.55666889","","Tigran Gyokchakyan","Tigran Gyokchakyan","Tavros 2130","Vanadzor","Lori","2021","Armenia","tomfarr.rus@gmail.com","+374.55666889","","","","","","","","","","","","ns1.dns-parking.com","ns2.dns-parking.com","","","clientTransferProhibited","","",""
"14","varjapet.com","2020-05-13 09:49:47","2020-05-10","2020-05-10","2021-05-10","1250","Trunkoz Technologies Pvt Ltd. d/b/a OwnRegistrar.com","whois.ownregistrar.com","http://www.ownregistrar.com","Artur Grigoriyan","NA","Pererva 31","Moscow","Other","109341","Armenia","artur.grigoriyan@gmail.com","+374.94450389","","Artur Grigoriyan","NA","Pererva 31","Moscow","Other","109341","Armenia","artur.grigoriyan@gmail.com","+374-94450389","","Artur Grigoriyan","NA","Pererva 31","Moscow","Other","109341","Armenia","artur.grigoriyan@gmail.com","+374-94450389","","","","","","","","","","","","ns1.hayhost.net","ns2.hayhost.net","","","OK","","",""
"15","waatchy.com","2020-05-13 10:58:35","2020-05-11","2020-05-11","2021-05-11","303","PDR Ltd. d/b/a PublicDomainRegistry.com","whois.publicdomainregistry.com","http://www.publicdomainregistry.com","Edgar Vartanian","Edgar Vartanian","Arghishti 113, 105","Yerevan","Yerevan","0015","Armenia","edgarv19@gmail.com","+374.55500045","","Edgar Vartanian","Edgar Vartanian","Arghishti 113, 105","Yerevan","Yerevan","0015","Armenia","edgarv19@gmail.com","+374.55500045","","Edgar Vartanian","Edgar Vartanian","Arghishti 113, 105","Yerevan","Yerevan","0015","Armenia","edgarv19@gmail.com","+374.55500045","","","","","","","","","","","","ns1.hosting.reg.ru","ns2.hosting.reg.ru","","","clientTransferProhibited","","",""
"16","wwd-it.com","2020-05-13 07:02:12","2020-05-11","2020-05-11","2021-05-11","146","GoDaddy.com, LLC","whois.godaddy.com","http://registrar.godaddy.com","wwd-it","wwd-it","","","Avan","","Armenia","","","","","","","","","","","","","","","","","","","","","","","","","","","","","","","","","","ns1.hosting.reg.ru","ns2.hosting.reg.ru","","","clientDeleteProhibited","clientRenewProhibited","clientTransferProhibited","clientUpdateProhibited"