"num","domain_name","query_time","create_date","update_date","expiry_date","domain_registrar_id","domain_registrar_name","domain_registrar_whois","domain_registrar_url","registrant_name","registrant_company","registrant_address","registrant_city","registrant_state","registrant_zip","registrant_country","registrant_email","registrant_phone","registrant_fax","administrative_name","administrative_company","administrative_address","administrative_city","administrative_state","administrative_zip","administrative_country","administrative_email","administrative_phone","administrative_fax","technical_name","technical_company","technical_address","technical_city","technical_state","technical_zip","technical_country","technical_email","technical_phone","technical_fax","billing_name","billing_company","billing_address","billing_city","billing_state","billing_zip","billing_country","billing_email","billing_phone","billing_fax","name_server_1","name_server_2","name_server_3","name_server_4","domain_status_1","domain_status_2","domain_status_3","domain_status_4"
"1","algosaibicoldstore.com","2020-05-13 19:37:42","2020-05-12","2020-05-12","2021-05-12","146","GoDaddy.com, LLC","whois.godaddy.com","http://registrar.godaddy.com","Khalifa A. Algosaibi Investment Company CJSC","Khalifa A. Algosaibi Investment Company CJSC","","","Capital","","Bahrain","","","","","","","","","","","","","","","","","","","","","","","","","","","","","","","","","","ns09.domaincontrol.com","ns10.domaincontrol.com","","","clientDeleteProhibited","clientRenewProhibited","clientTransferProhibited","clientUpdateProhibited"
"2","almondcakesbh.com","2020-05-13 20:49:55","2020-05-12","2020-05-12","2021-05-12","625","Name.com, Inc.","whois.name.com","http://www.name.com","Ali Ahmed","","v944","Arad","Muharraq","973","Bahrain","ali@cgbh.net","+973.36833825","","Ali Ahmed","","v944","Arad","Muharraq","973","Bahrain","ali@cgbh.net","+973.36833825","","Ali Ahmed","","v944","Arad","Muharraq","973","Bahrain","ali@cgbh.net","+973.36833825","","","","","","","","","","","","ns1.madry.org","ns2.madry.org","","","addPeriod","clientTransferProhibited","",""
"3","alshuara.com","2020-05-13 10:53:46","2020-05-11","2020-05-11","2021-05-11","146","GoDaddy.com, LLC","whois.godaddy.com","http://registrar.godaddy.com","","","","","BAHRAIN","","Bahrain","","","","","","","","","","","","","","","","","","","","","","","","","","","","","","","","","","ns13.domaincontrol.com","ns14.domaincontrol.com","","","clientDeleteProhibited","clientRenewProhibited","clientTransferProhibited","clientUpdateProhibited"
"4","alshuara.net","2020-05-13 19:09:20","2020-05-11","2020-05-11","2021-05-11","146","GoDaddy.com, LLC","whois.godaddy.com","http://registrar.godaddy.com","","","","","BAHRAIN","","Bahrain","","","","","","","","","","","","","","","","","","","","","","","","","","","","","","","","","","ns39.domaincontrol.com","ns40.domaincontrol.com","","","clientDeleteProhibited","clientRenewProhibited","clientTransferProhibited","clientUpdateProhibited"
"5","baroonex.com","2020-05-13 10:48:53","2020-05-10","2020-05-10","2021-05-10","146","GoDaddy.com, LLC","whois.godaddy.com","http://registrar.godaddy.com","AlBaroon Group","AlBaroon Group","","","Central Governorate","","Bahrain","","","","","","","","","","","","","","","","","","","","","","","","","","","","","","","","","","max.ns.cloudflare.com","reza.ns.cloudflare.com","","","OK","","",""
"6","bunkerss.com","2020-05-13 10:03:50","2020-05-10","2020-05-10","2021-05-10","146","GoDaddy.com, LLC","whois.godaddy.com","http://registrar.godaddy.com","","","","","Southern","","Bahrain","","","","","","","","","","","","","","","","","","","","","","","","","","","","","","","","","","ns75.domaincontrol.com","ns76.domaincontrol.com","","","clientDeleteProhibited","clientRenewProhibited","clientTransferProhibited","clientUpdateProhibited"
"7","cleosdesign.com","2020-05-13 20:56:53","2020-05-12","2020-05-12","2021-05-12","146","GoDaddy.com, LLC","whois.godaddy.com","http://registrar.godaddy.com","MediaZone","MediaZone","","","Kingdom of Bahraon","","Bahrain","","","","","","","","","","","","","","","","","","","","","","","","","","","","","","","","","","ns25.domaincontrol.com","ns26.domaincontrol.com","","","clientDeleteProhibited","clientRenewProhibited","clientTransferProhibited","clientUpdateProhibited"
"8","country-mall.com","2020-05-13 07:30:49","2020-05-11","2020-05-11","2021-05-11","69","Tucows Domains Inc.","whois.tucows.com","http://domainhelp.opensrs.net","REDACTED FOR PRIVACY","REDACTED FOR PRIVACY","REDACTED FOR PRIVACY","REDACTED FOR PRIVACY","BH","REDACTED FOR PRIVACY","Bahrain","","REDACTED FOR PRIVACY","REDACTED FOR PRIVACY","REDACTED FOR PRIVACY","REDACTED FOR PRIVACY","REDACTED FOR PRIVACY","REDACTED FOR PRIVACY","REDACTED FOR PRIVACY","REDACTED FOR PRIVACY","REDACTED FOR PRIVACY","","REDACTED FOR PRIVACY","REDACTED FOR PRIVACY","REDACTED FOR PRIVACY","REDACTED FOR PRIVACY","REDACTED FOR PRIVACY","REDACTED FOR PRIVACY","REDACTED FOR PRIVACY","REDACTED FOR PRIVACY","REDACTED FOR PRIVACY","","REDACTED FOR PRIVACY","REDACTED FOR PRIVACY","","","","","","","","","","","ns1.site4now.net","ns2.site4now.net","ns3.site4now.net","","OK","","",""
"9","danatalsanabis.com","2020-05-13 08:30:07","2020-05-10","2020-05-10","2021-05-10","69","Tucows Domains Inc.","whois.tucows.com","http://domainhelp.opensrs.net","REDACTED FOR PRIVACY","REDACTED FOR PRIVACY","REDACTED FOR PRIVACY","REDACTED FOR PRIVACY","XX","REDACTED FOR PRIVACY","Bahrain","","REDACTED FOR PRIVACY","REDACTED FOR PRIVACY","REDACTED FOR PRIVACY","REDACTED FOR PRIVACY","REDACTED FOR PRIVACY","REDACTED FOR PRIVACY","REDACTED FOR PRIVACY","REDACTED FOR PRIVACY","REDACTED FOR PRIVACY","","REDACTED FOR PRIVACY","REDACTED FOR PRIVACY","REDACTED FOR PRIVACY","REDACTED FOR PRIVACY","REDACTED FOR PRIVACY","REDACTED FOR PRIVACY","REDACTED FOR PRIVACY","REDACTED FOR PRIVACY","REDACTED FOR PRIVACY","","REDACTED FOR PRIVACY","REDACTED FOR PRIVACY","","","","","","","","","","","ns1.giow1087.siteground.us","ns2.giow1087.siteground.us","","","clientTransferProhibited","clientUpdateProhibited","",""
"10","dotnet-group.com","2020-05-13 21:10:14","2020-05-12","2020-05-12","2021-05-12","146","GoDaddy.com, LLC","whois.godaddy.com","http://registrar.godaddy.com","Alpha gate","Alpha gate","","","Manama","","Bahrain","","","","","","","","","","","","","","","","","","","","","","","","","","","","","","","","","","ns27.domaincontrol.com","ns28.domaincontrol.com","","","clientDeleteProhibited","clientRenewProhibited","clientTransferProhibited","clientUpdateProhibited"
"11","dotnetgroups.com","2020-05-13 21:10:13","2020-05-12","2020-05-12","2022-05-12","146","GoDaddy.com, LLC","whois.godaddy.com","http://registrar.godaddy.com","Alpha gate","Alpha gate","","","Manama","","Bahrain","","","","","","","","","","","","","","","","","","","","","","","","","","","","","","","","","","ns25.domaincontrol.com","ns26.domaincontrol.com","","","clientDeleteProhibited","clientRenewProhibited","clientTransferProhibited","clientUpdateProhibited"
"12","e-bankingisahumanright.com","2020-05-13 20:42:42","2020-05-12","2020-05-12","2021-05-12","146","GoDaddy.com, LLC","whois.godaddy.com","http://registrar.godaddy.com","EURO EQUITY  WLL","EURO EQUITY  WLL","","","MANAMA","","Bahrain","","","","","","","","","","","","","","","","","","","","","","","","","","","","","","","","","","ns65.domaincontrol.com","ns66.domaincontrol.com","","","clientDeleteProhibited","clientRenewProhibited","clientTransferProhibited","clientUpdateProhibited"
"13","e-educationisahumanright.com","2020-05-13 20:42:48","2020-05-12","2020-05-12","2021-05-12","146","GoDaddy.com, LLC","whois.godaddy.com","http://registrar.godaddy.com","EURO EQUITY  WLL","EURO EQUITY  WLL","","","MANAMA","","Bahrain","","","","","","","","","","","","","","","","","","","","","","","","","","","","","","","","","","ns31.domaincontrol.com","ns32.domaincontrol.com","","","clientDeleteProhibited","clientRenewProhibited","clientTransferProhibited","clientUpdateProhibited"
"14","eeducationisahumanright.com","2020-05-13 20:42:43","2020-05-12","2020-05-12","2021-05-12","146","GoDaddy.com, LLC","whois.godaddy.com","http://registrar.godaddy.com","EURO EQUITY  WLL","EURO EQUITY  WLL","","","MANAMA","","Bahrain","","","","","","","","","","","","","","","","","","","","","","","","","","","","","","","","","","ns27.domaincontrol.com","ns28.domaincontrol.com","","","clientDeleteProhibited","clientRenewProhibited","clientTransferProhibited","clientUpdateProhibited"
"15","haktraknetwork.com","2020-05-13 07:30:44","2020-05-11","2020-05-11","2021-05-11","146","GoDaddy.com, LLC","whois.godaddy.com","http://registrar.godaddy.com","Wafa Inc.","Wafa Inc.","","","Bahrain","","Bahrain","","","","","","","","","","","","","","","","","","","","","","","","","","","","","","","","","","ns23.domaincontrol.com","ns24.domaincontrol.com","","","clientDeleteProhibited","clientRenewProhibited","clientTransferProhibited","clientUpdateProhibited"
"16","haktraknetworks.net","2020-05-14 00:09:49","2020-05-11","2020-05-11","2021-05-11","146","GoDaddy.com, LLC","whois.godaddy.com","http://registrar.godaddy.com","Wafa Inc.","Wafa Inc.","","","Bahrain","","Bahrain","","","","","","","","","","","","","","","","","","","","","","","","","","","","","","","","","","ns27.domaincontrol.com","ns28.domaincontrol.com","","","clientDeleteProhibited","clientRenewProhibited","clientTransferProhibited","clientUpdateProhibited"
"17","hotsate.com","2020-05-13 09:42:19","2020-05-09","2020-05-09","2021-05-09","146","GoDaddy.com, LLC","whois.godaddy.com","http://registrar.godaddy.com","BinSoftwares","BinSoftwares","","","Manama","","Bahrain","","","","","","","","","","","","","","","","","","","","","","","","","","","","","","","","","","ns63.domaincontrol.com","ns64.domaincontrol.com","","","clientDeleteProhibited","clientRenewProhibited","clientTransferProhibited","clientUpdateProhibited"
"18","inspower-fitnesscoaching.com","2020-05-13 11:03:11","2020-05-11","2020-05-11","2021-05-11","146","GoDaddy.com, LLC","whois.godaddy.com","http://registrar.godaddy.com","inspower Fitness Coaching","inspower Fitness Coaching","","","Manama","","Bahrain","","","","","","","","","","","","","","","","","","","","","","","","","","","","","","","","","","ns2.wixdns.net","ns3.wixdns.net","","","clientDeleteProhibited","clientRenewProhibited","clientTransferProhibited","clientUpdateProhibited"
"19","kafujo.com","2020-05-13 09:10:57","2020-05-10","2020-05-10","2021-05-10","146","GoDaddy.com, LLC","whois.godaddy.com","http://registrar.godaddy.com","zajil-media","zajil-media","","","AL REFAA","","Bahrain","","","","","","","","","","","","","","","","","","","","","","","","","","","","","","","","","","ns6581.hostgator.com","ns6582.hostgator.com","","","clientDeleteProhibited","clientRenewProhibited","clientTransferProhibited","clientUpdateProhibited"
"20","keyconnectshop.com","2020-05-13 09:59:39","2020-05-10","2020-05-10","2021-05-10","146","GoDaddy.com, LLC","whois.godaddy.com","http://registrar.godaddy.com","","","","","tubli","","Bahrain","","","","","","","","","","","","","","","","","","","","","","","","","","","","","","","","","","ns1.inmotionhosting.com","ns2.inmotionhosting.com","","","clientDeleteProhibited","clientRenewProhibited","clientTransferProhibited","clientUpdateProhibited"
"21","maxstaruniforms.com","2020-05-13 20:26:21","2020-05-11","2020-05-11","2021-05-11","303","PDR Ltd. d/b/a PublicDomainRegistry.com","whois.publicdomainregistry.com","http://www.publicdomainregistry.com","Hameed sarvar","Al Mufeed Information Technology","manama house no 123. abc","Manama","manama","307","Bahrain","hamu.bdg@gmail.com","+973.36950647","","Hameed sarvar","Al Mufeed Information Technology","manama house no 123. abc","Manama","manama","307","Bahrain","hamu.bdg@gmail.com","+973.36950647","","Hameed sarvar","Al Mufeed Information Technology","manama house no 123. abc","Manama","manama","307","Bahrain","hamu.bdg@gmail.com","+973.36950647","","","","","","","","","","","","ns1.rs123.tmd.cloud","ns2.rs123.tmd.cloud","","","clientTransferProhibited","","",""
"22","mazadatco.com","2020-05-13 19:48:11","2020-05-11","2020-05-11","2021-05-11","146","GoDaddy.com, LLC","whois.godaddy.com","http://registrar.godaddy.com","","","","","manama","","Bahrain","","","","","","","","","","","","","","","","","","","","","","","","","","","","","","","","","","ns27.domaincontrol.com","ns28.domaincontrol.com","","","clientDeleteProhibited","clientRenewProhibited","clientTransferProhibited","clientUpdateProhibited"
"23","mybusinesserp.net","2020-05-13 19:10:57","2020-05-12","2020-05-12","2021-05-12","955","Launchpad, Inc.","whois.launchpad.com","http://www.launchpad.com","Philip Varghese","None","Manama","Manama","13","1234","Bahrain","pva444.pv@gmail.com","+973.38171640","","Philip Varghese","None","Manama","Manama","13","1234","Bahrain","pva444.pv@gmail.com","+973.38171640","","Philip Varghese","None","Manama","Manama","13","1234","Bahrain","pva444.pv@gmail.com","+973.38171640","","","","","","","","","","","","ns6025.hostgator.com","ns6026.hostgator.com","","","clientTransferProhibited","","",""
"24","naturalforeverbh.com","2020-05-13 09:49:43","2020-05-10","2020-05-10","2021-05-10","303","PDR Ltd. d/b/a PublicDomainRegistry.com","whois.publicdomainregistry.com","http://www.publicdomainregistry.com","OMAR","FABRIC DIGITAL","Seef Seef District Sea Front","Seef","Al Manamah","973","Bahrain","info@fabricit.com","+973.34447525","","OMAR","FABRIC DIGITAL","Seef Seef District Sea Front","Seef","Al Manamah","973","Bahrain","info@fabricit.com","+973.34447525","","OMAR","FABRIC DIGITAL","Seef Seef District Sea Front","Seef","Al Manamah","973","Bahrain","info@fabricit.com","+973.34447525","","","","","","","","","","","","bart.ns.cloudflare.com","elinore.ns.cloudflare.com","","","clientTransferProhibited","","",""
"25","spotpickbh.com","2020-05-13 09:47:28","2020-05-10","2020-05-10","2021-05-10","303","PDR Ltd. d/b/a PublicDomainRegistry.com","whois.publicdomainregistry.com","http://www.publicdomainregistry.com","Anish Nazeer Shajitha","Al Maysan Trading co wll","Shop no. 682, Road 1413, Block 314, Al Naim","Manama","Al Manamah","314","Bahrain","anishns.tvm@gmail.com","+973.35352219","","Anish Nazeer Shajitha","Al Maysan Trading co wll","Shop no. 682, Road 1413, Block 314, Al Naim","Manama","Al Manamah","314","Bahrain","anishns.tvm@gmail.com","+973.35352219","","Anish Nazeer Shajitha","Al Maysan Trading co wll","Shop no. 682, Road 1413, Block 314, Al Naim","Manama","Al Manamah","314","Bahrain","anishns.tvm@gmail.com","+973.35352219","","","","","","","","","","","","ns1.bh-35.webhostbox.net","ns2.bh-35.webhostbox.net","","","clientTransferProhibited","","",""
"26","stakingsuisse.com","2020-05-13 07:16:47","2020-05-11","2020-05-11","2021-05-11","146","GoDaddy.com, LLC","whois.godaddy.com","http://registrar.godaddy.com","","","","","manama","","Bahrain","","","","","","","","","","","","","","","","","","","","","","","","","","","","","","","","","","ns1.eftydns.com","ns2.eftydns.com","","","clientDeleteProhibited","clientRenewProhibited","clientTransferProhibited","clientUpdateProhibited"
"27","thehomesouq.com","2020-05-13 19:46:20","2020-05-11","2020-05-11","2021-05-11","146","GoDaddy.com, LLC","whois.godaddy.com","http://registrar.godaddy.com","","","","","manama","","Bahrain","","","","","","","","","","","","","","","","","","","","","","","","","","","","","","","","","","ns09.domaincontrol.com","ns10.domaincontrol.com","","","clientDeleteProhibited","clientRenewProhibited","clientTransferProhibited","clientUpdateProhibited"
"28","unicowelness.com","2020-05-13 09:50:08","2020-05-10","2020-05-10","2021-05-10","146","GoDaddy.com, LLC","whois.godaddy.com","http://registrar.godaddy.com","","","","","Seef","","Bahrain","","","","","","","","","","","","","","","","","","","","","","","","","","","","","","","","","","ns55.domaincontrol.com","ns56.domaincontrol.com","","","clientDeleteProhibited","clientRenewProhibited","clientTransferProhibited","clientUpdateProhibited"
"29","urento.com","2020-05-13 09:54:51","2020-05-10","2020-05-10","2021-05-10","146","GoDaddy.com, LLC","whois.godaddy.com","http://registrar.godaddy.com","","","","","manama","","Bahrain","","","","","","","","","","","","","","","","","","","","","","","","","","","","","","","","","","ns75.domaincontrol.com","ns76.domaincontrol.com","","","clientDeleteProhibited","clientRenewProhibited","clientTransferProhibited","clientUpdateProhibited"
"30","vapepointbh.com","2020-05-13 07:13:55","2020-05-11","2020-05-11","2025-05-11","146","GoDaddy.com, LLC","whois.godaddy.com","http://registrar.godaddy.com","","","","","BAHRAIN","","Bahrain","","","","","","","","","","","","","","","","","","","","","","","","","","","","","","","","","","dora.ns.cloudflare.com","woz.ns.cloudflare.com","","","clientDeleteProhibited","clientRenewProhibited","clientTransferProhibited","clientUpdateProhibited"
"31","vapingphantom.com","2020-05-13 10:54:24","2020-05-11","2020-05-11","2021-05-11","146","GoDaddy.com, LLC","whois.godaddy.com","http://registrar.godaddy.com","Vaping Phantom","Vaping Phantom","","","Manama","","Bahrain","","","","","","","","","","","","","","","","","","","","","","","","","","","","","","","","","","ns39.domaincontrol.com","ns40.domaincontrol.com","","","clientDeleteProhibited","clientRenewProhibited","clientTransferProhibited","clientUpdateProhibited"
"32","virtualstudiofitness.com","2020-05-13 06:58:54","2020-05-11","2020-05-11","2021-05-11","146","GoDaddy.com, LLC","whois.godaddy.com","http://registrar.godaddy.com","Colours Group","Colours Group","","","Capital Governorate","","Bahrain","","","","","","","","","","","","","","","","","","","","","","","","","","","","","","","","","","ns27.domaincontrol.com","ns28.domaincontrol.com","","","clientDeleteProhibited","clientRenewProhibited","clientTransferProhibited","clientUpdateProhibited"
"33","vivitribe.com","2020-05-13 11:02:51","2020-05-11","2020-05-11","2021-05-11","146","GoDaddy.com, LLC","whois.godaddy.com","http://registrar.godaddy.com","","","","","manama","","Bahrain","","","","","","","","","","","","","","","","","","","","","","","","","","","","","","","","","","ns07.domaincontrol.com","ns08.domaincontrol.com","","","clientDeleteProhibited","clientRenewProhibited","clientTransferProhibited","clientUpdateProhibited"
"34","wehunttalent.com","2020-05-13 07:01:34","2020-05-11","2020-05-11","2025-05-11","146","GoDaddy.com, LLC","whois.godaddy.com","http://registrar.godaddy.com","Wehunttalent","Wehunttalent","","","Bahrain","","Bahrain","","","","","","","","","","","","","","","","","","","","","","","","","","","","","","","","","","ns07.domaincontrol.com","ns08.domaincontrol.com","","","clientDeleteProhibited","clientRenewProhibited","clientTransferProhibited","clientUpdateProhibited"
"35","whitesauceco.com","2020-05-13 20:47:20","2020-05-11","2020-05-11","2021-05-11","146","GoDaddy.com, LLC","whois.godaddy.com","http://registrar.godaddy.com","","","","","","","Bahrain","","","","","","","","","","","","","","","","","","","","","","","","","","","","","","","","","","ns65.domaincontrol.com","ns66.domaincontrol.com","","","clientDeleteProhibited","clientRenewProhibited","clientTransferProhibited","clientUpdateProhibited"
"36","whitesaucecompany.com","2020-05-13 20:48:29","2020-05-11","2020-05-11","2021-05-11","146","GoDaddy.com, LLC","whois.godaddy.com","http://registrar.godaddy.com","","","","","","","Bahrain","","","","","","","","","","","","","","","","","","","","","","","","","","","","","","","","","","ns31.domaincontrol.com","ns32.domaincontrol.com","","","clientDeleteProhibited","clientRenewProhibited","clientTransferProhibited","clientUpdateProhibited"
"37","zeinabalsaffar.com","2020-05-13 19:43:37","2020-05-11","2020-05-11","2021-05-11","625","Name.com, Inc.","whois.name.com","http://www.name.com","Mustafa Abbas Al Marzooq","Diwan STYLE","Block 441, Road 4149, Building 1330 , Bahrain","Seehla","manama","00973","Bahrain","info@diwanstyle.com","+973.39150033","","Mustafa Abbas Al Marzooq","Diwan STYLE","Block 441, Road 4149, Building 1330 , Bahrain","Seehla","manama","00973","Bahrain","info@diwanstyle.com","+973.39150033","","Mustafa Abbas Al Marzooq","Diwan STYLE","Block 441, Road 4149, Building 1330 , Bahrain","Seehla","manama","00973","Bahrain","info@diwanstyle.com","+973.39150033","","","","","","","","","","","","ns1.diwanstyle.com","ns2.diwanstyle.com","ns3.diwanstyle.com","ns4.diwanstyle.com","addPeriod","clientTransferProhibited","",""