"num","domain_name","query_time","create_date","update_date","expiry_date","domain_registrar_id","domain_registrar_name","domain_registrar_whois","domain_registrar_url","registrant_name","registrant_company","registrant_address","registrant_city","registrant_state","registrant_zip","registrant_country","registrant_email","registrant_phone","registrant_fax","administrative_name","administrative_company","administrative_address","administrative_city","administrative_state","administrative_zip","administrative_country","administrative_email","administrative_phone","administrative_fax","technical_name","technical_company","technical_address","technical_city","technical_state","technical_zip","technical_country","technical_email","technical_phone","technical_fax","billing_name","billing_company","billing_address","billing_city","billing_state","billing_zip","billing_country","billing_email","billing_phone","billing_fax","name_server_1","name_server_2","name_server_3","name_server_4","domain_status_1","domain_status_2","domain_status_3","domain_status_4"
"1","a1gamestore.com","2020-05-13 10:02:19","2020-05-10","2020-05-10","2021-05-10","146","GoDaddy.com, LLC","whois.godaddy.com","http://registrar.godaddy.com","GRODT LTD","GRODT LTD","","","CITY","","Belize","","","","","","","","","","","","","","","","","","","","","","","","","","","","","","","","","","ns75.domaincontrol.com","ns76.domaincontrol.com","","","clientDeleteProhibited","clientRenewProhibited","clientTransferProhibited","clientUpdateProhibited"
"2","bazaraki-edu.com","2020-05-13 07:45:29","2020-05-11","2020-05-11","2021-05-11","146","GoDaddy.com, LLC","whois.godaddy.com","http://registrar.godaddy.com","","","","","Belize","","Belize","","","","","","","","","","","","","","","","","","","","","","","","","","","","","","","","","","ns39.domaincontrol.com","ns40.domaincontrol.com","","","clientDeleteProhibited","clientRenewProhibited","clientTransferProhibited","clientUpdateProhibited"
"3","bazaraki-schools.com","2020-05-13 07:44:06","2020-05-11","2020-05-11","2021-05-11","146","GoDaddy.com, LLC","whois.godaddy.com","http://registrar.godaddy.com","","","","","Belize","","Belize","","","","","","","","","","","","","","","","","","","","","","","","","","","","","","","","","","ns07.domaincontrol.com","ns08.domaincontrol.com","","","clientDeleteProhibited","clientRenewProhibited","clientTransferProhibited","clientUpdateProhibited"
"4","belizepropertytour.com","2020-05-13 09:33:36","2020-05-09","2020-05-09","2021-05-09","146","GoDaddy.com, LLC","whois.godaddy.com","http://registrar.godaddy.com","","","","","Belize","","Belize","","","","","","","","","","","","","","","","","","","","","","","","","","","","","","","","","","ns75.domaincontrol.com","ns76.domaincontrol.com","","","clientDeleteProhibited","clientRenewProhibited","clientTransferProhibited","clientUpdateProhibited"
"5","belizepropertytours.com","2020-05-13 09:14:30","2020-05-09","2020-05-09","2021-05-09","146","GoDaddy.com, LLC","whois.godaddy.com","http://registrar.godaddy.com","","","","","Belize","","Belize","","","","","","","","","","","","","","","","","","","","","","","","","","","","","","","","","","ns45.domaincontrol.com","ns46.domaincontrol.com","","","clientDeleteProhibited","clientRenewProhibited","clientTransferProhibited","clientUpdateProhibited"
"6","belizerealestatefund.com","2020-05-13 19:50:39","2020-05-11","2020-05-11","2021-05-11","433","OVH sas","whois.ovh.com","http://www.ovh.com","REDACTED FOR PRIVACY","Central America Investment","REDACTED FOR PRIVACY","REDACTED FOR PRIVACY","","REDACTED FOR PRIVACY","Belize","30amp51lq4vux1f60661@m.o-w-o.info","REDACTED FOR PRIVACY","REDACTED FOR PRIVACY","REDACTED FOR PRIVACY","REDACTED FOR PRIVACY","REDACTED FOR PRIVACY","REDACTED FOR PRIVACY","REDACTED FOR PRIVACY","REDACTED FOR PRIVACY","REDACTED FOR PRIVACY","skurhatweou3ak3rznlf@z.o-w-o.info","REDACTED FOR PRIVACY","REDACTED FOR PRIVACY","REDACTED FOR PRIVACY","REDACTED FOR PRIVACY","REDACTED FOR PRIVACY","REDACTED FOR PRIVACY","REDACTED FOR PRIVACY","REDACTED FOR PRIVACY","REDACTED FOR PRIVACY","skurhatweou3ak3rznlf@z.o-w-o.info","REDACTED FOR PRIVACY","REDACTED FOR PRIVACY","","","","","","","","","","","dns109.ovh.net","ns109.ovh.net","","","clientDeleteProhibited","clientTransferProhibited","",""
"7","bet-hbsports.com","2020-05-13 20:43:42","2020-05-11","2020-05-11","2021-05-11","82","OnlineNIC, Inc.","whois.onlinenic.com","http://www.onlinenic.com","Pamela  Jordan","Datalogic Inc","16 Hutson St, Suite 304","Belize City","Belize","00000","Belize","info@digitaldatalogic.com","+501.6204172","+501.6204172","Pamela  Jordan","Datalogic Inc","16 Hutson St, Suite 304","Belize City","Belize","00000","Belize","info@digitaldatalogic.com","+501.6204172","+501.6204172","Pamela  Jordan","Datalogic Inc","16 Hutson St, Suite 304","Belize City","Belize","00000","Belize","info@digitaldatalogic.com","+501.6204172","+501.6204172","","","","","","","","","","","etta.ns.cloudflare.com","hank.ns.cloudflare.com","","","clientTransferProhibited","","",""
"8","bodo1b.com","2020-05-13 09:33:36","2020-05-09","2020-05-10","2021-05-09","1479","Namesilo, LLC","whois.namesilo.com","http://www.namesilo.com","Domain Administrator","Fast Serv Inc. d.b.a. QHoster.com","1 Mapp Str.","Belize City","BZ","00000","Belize","info@qhoster.com","+501.18774231155","","Domain Administrator","Fast Serv Inc. d.b.a. QHoster.com","1 Mapp Str.","Belize City","BZ","00000","Belize","info@qhoster.com","+501.18774231155","","Domain Administrator","Fast Serv Inc. d.b.a. QHoster.com","1 Mapp Str.","Belize City","BZ","00000","Belize","info@qhoster.com","+501.18774231155","","","","","","","","","","","","ali.ns.cloudflare.com","lou.ns.cloudflare.com","","","clientTransferProhibited","","",""
"9","buzzcourier.net","2020-05-13 19:08:54","2020-05-11","2020-05-12","2021-05-11","1479","Namesilo, LLC","whois.namesilo.com","http://www.namesilo.com","Domain Administrator","Fast Serv Inc. d.b.a. QHoster.com","1 Mapp Str.","Belize City","BZ","00000","Belize","info@qhoster.com","+501.18774231155","","Domain Administrator","Fast Serv Inc. d.b.a. QHoster.com","1 Mapp Str.","Belize City","BZ","00000","Belize","info@qhoster.com","+501.18774231155","","Domain Administrator","Fast Serv Inc. d.b.a. QHoster.com","1 Mapp Str.","Belize City","BZ","00000","Belize","info@qhoster.com","+501.18774231155","","","","","","","","","","","","ns1.qhoster.net","ns2.qhoster.net","ns3.qhoster.net","ns4.qhoster.net","clientTransferProhibited","","",""
"10","cai-realestatefund.com","2020-05-13 19:51:21","2020-05-11","2020-05-11","2021-05-11","433","OVH sas","whois.ovh.com","http://www.ovh.com","REDACTED FOR PRIVACY","Central America Investment","REDACTED FOR PRIVACY","REDACTED FOR PRIVACY","","REDACTED FOR PRIVACY","Belize","mde33c829c88snrodims@f.o-w-o.info","REDACTED FOR PRIVACY","REDACTED FOR PRIVACY","REDACTED FOR PRIVACY","REDACTED FOR PRIVACY","REDACTED FOR PRIVACY","REDACTED FOR PRIVACY","REDACTED FOR PRIVACY","REDACTED FOR PRIVACY","REDACTED FOR PRIVACY","skurhatweou3ak3rznlf@z.o-w-o.info","REDACTED FOR PRIVACY","REDACTED FOR PRIVACY","REDACTED FOR PRIVACY","REDACTED FOR PRIVACY","REDACTED FOR PRIVACY","REDACTED FOR PRIVACY","REDACTED FOR PRIVACY","REDACTED FOR PRIVACY","REDACTED FOR PRIVACY","skurhatweou3ak3rznlf@z.o-w-o.info","REDACTED FOR PRIVACY","REDACTED FOR PRIVACY","","","","","","","","","","","dns109.ovh.net","ns109.ovh.net","","","clientDeleteProhibited","clientTransferProhibited","",""
"11","cairealestatefund.com","2020-05-13 19:51:07","2020-05-11","2020-05-11","2021-05-11","433","OVH sas","whois.ovh.com","http://www.ovh.com","REDACTED FOR PRIVACY","Central America Investment","REDACTED FOR PRIVACY","REDACTED FOR PRIVACY","","REDACTED FOR PRIVACY","Belize","kl780075tdcnltknmu8y@r.o-w-o.info","REDACTED FOR PRIVACY","REDACTED FOR PRIVACY","REDACTED FOR PRIVACY","REDACTED FOR PRIVACY","REDACTED FOR PRIVACY","REDACTED FOR PRIVACY","REDACTED FOR PRIVACY","REDACTED FOR PRIVACY","REDACTED FOR PRIVACY","skurhatweou3ak3rznlf@z.o-w-o.info","REDACTED FOR PRIVACY","REDACTED FOR PRIVACY","REDACTED FOR PRIVACY","REDACTED FOR PRIVACY","REDACTED FOR PRIVACY","REDACTED FOR PRIVACY","REDACTED FOR PRIVACY","REDACTED FOR PRIVACY","REDACTED FOR PRIVACY","skurhatweou3ak3rznlf@z.o-w-o.info","REDACTED FOR PRIVACY","REDACTED FOR PRIVACY","","","","","","","","","","","dns109.ovh.net","ns109.ovh.net","","","clientDeleteProhibited","clientTransferProhibited","",""
"12","caribbean-fund.com","2020-05-13 20:19:47","2020-05-11","2020-05-11","2021-05-11","433","OVH sas","whois.ovh.com","http://www.ovh.com","REDACTED FOR PRIVACY","Central America Investment","REDACTED FOR PRIVACY","REDACTED FOR PRIVACY","","REDACTED FOR PRIVACY","Belize","rlb7owuqttzrqazpi1w2@l.o-w-o.info","REDACTED FOR PRIVACY","REDACTED FOR PRIVACY","REDACTED FOR PRIVACY","REDACTED FOR PRIVACY","REDACTED FOR PRIVACY","REDACTED FOR PRIVACY","REDACTED FOR PRIVACY","REDACTED FOR PRIVACY","REDACTED FOR PRIVACY","skurhatweou3ak3rznlf@z.o-w-o.info","REDACTED FOR PRIVACY","REDACTED FOR PRIVACY","REDACTED FOR PRIVACY","REDACTED FOR PRIVACY","REDACTED FOR PRIVACY","REDACTED FOR PRIVACY","REDACTED FOR PRIVACY","REDACTED FOR PRIVACY","REDACTED FOR PRIVACY","skurhatweou3ak3rznlf@z.o-w-o.info","REDACTED FOR PRIVACY","REDACTED FOR PRIVACY","","","","","","","","","","","dns109.ovh.net","ns109.ovh.net","","","clientDeleteProhibited","clientTransferProhibited","",""
"13","centralamericafund.com","2020-05-13 19:51:23","2020-05-11","2020-05-11","2021-05-11","433","OVH sas","whois.ovh.com","http://www.ovh.com","REDACTED FOR PRIVACY","Central America Investment","REDACTED FOR PRIVACY","REDACTED FOR PRIVACY","","REDACTED FOR PRIVACY","Belize","ckl2suintv49z2kaj1yt@r.o-w-o.info","REDACTED FOR PRIVACY","REDACTED FOR PRIVACY","REDACTED FOR PRIVACY","REDACTED FOR PRIVACY","REDACTED FOR PRIVACY","REDACTED FOR PRIVACY","REDACTED FOR PRIVACY","REDACTED FOR PRIVACY","REDACTED FOR PRIVACY","skurhatweou3ak3rznlf@z.o-w-o.info","REDACTED FOR PRIVACY","REDACTED FOR PRIVACY","REDACTED FOR PRIVACY","REDACTED FOR PRIVACY","REDACTED FOR PRIVACY","REDACTED FOR PRIVACY","REDACTED FOR PRIVACY","REDACTED FOR PRIVACY","REDACTED FOR PRIVACY","skurhatweou3ak3rznlf@z.o-w-o.info","REDACTED FOR PRIVACY","REDACTED FOR PRIVACY","","","","","","","","","","","dns109.ovh.net","ns109.ovh.net","","","clientDeleteProhibited","clientTransferProhibited","",""
"14","contacef.com","2020-05-13 19:39:36","2020-05-12","2020-05-13","2021-05-12","1479","Namesilo, LLC","whois.namesilo.com","http://www.namesilo.com","Domain Administrator","Fast Serv Inc. d.b.a. QHoster.com","1 Mapp Str.","Belize City","BZ","00000","Belize","info@qhoster.com","+501.18774231155","","Domain Administrator","Fast Serv Inc. d.b.a. QHoster.com","1 Mapp Str.","Belize City","BZ","00000","Belize","info@qhoster.com","+501.18774231155","","Domain Administrator","Fast Serv Inc. d.b.a. QHoster.com","1 Mapp Str.","Belize City","BZ","00000","Belize","info@qhoster.com","+501.18774231155","","","","","","","","","","","","kay.ns.cloudflare.com","nick.ns.cloudflare.com","","","clientTransferProhibited","","",""
"15","datingtreasure.com","2020-05-13 20:57:35","2020-05-12","2020-05-12","2021-05-12","48","eNom, Inc.","whois.enom.com","http://www.enom.com","REDACTED FOR PRIVACY","REDACTED FOR PRIVACY","REDACTED FOR PRIVACY","REDACTED FOR PRIVACY","Belize City","REDACTED FOR PRIVACY","Belize","","REDACTED FOR PRIVACY","REDACTED FOR PRIVACY","REDACTED FOR PRIVACY","REDACTED FOR PRIVACY","REDACTED FOR PRIVACY","REDACTED FOR PRIVACY","REDACTED FOR PRIVACY","REDACTED FOR PRIVACY","REDACTED FOR PRIVACY","","REDACTED FOR PRIVACY","REDACTED FOR PRIVACY","REDACTED FOR PRIVACY","REDACTED FOR PRIVACY","REDACTED FOR PRIVACY","REDACTED FOR PRIVACY","REDACTED FOR PRIVACY","REDACTED FOR PRIVACY","REDACTED FOR PRIVACY","","REDACTED FOR PRIVACY","REDACTED FOR PRIVACY","","","","","","","","","","","ns0.reflected.net","ns1.reflected.net","","","addPeriod","clientTransferProhibited","",""
"16","dtrpay.com","2020-05-13 20:56:59","2020-05-12","2020-05-12","2021-05-12","48","eNom, Inc.","whois.enom.com","http://www.enom.com","REDACTED FOR PRIVACY","REDACTED FOR PRIVACY","REDACTED FOR PRIVACY","REDACTED FOR PRIVACY","Belize City","REDACTED FOR PRIVACY","Belize","","REDACTED FOR PRIVACY","REDACTED FOR PRIVACY","REDACTED FOR PRIVACY","REDACTED FOR PRIVACY","REDACTED FOR PRIVACY","REDACTED FOR PRIVACY","REDACTED FOR PRIVACY","REDACTED FOR PRIVACY","REDACTED FOR PRIVACY","","REDACTED FOR PRIVACY","REDACTED FOR PRIVACY","REDACTED FOR PRIVACY","REDACTED FOR PRIVACY","REDACTED FOR PRIVACY","REDACTED FOR PRIVACY","REDACTED FOR PRIVACY","REDACTED FOR PRIVACY","REDACTED FOR PRIVACY","","REDACTED FOR PRIVACY","REDACTED FOR PRIVACY","","","","","","","","","","","ns0.reflected.net","ns1.reflected.net","","","addPeriod","clientTransferProhibited","",""
"17","edu-bazaraki.com","2020-05-13 07:45:27","2020-05-11","2020-05-11","2021-05-11","146","GoDaddy.com, LLC","whois.godaddy.com","http://registrar.godaddy.com","","","","","Belize","","Belize","","","","","","","","","","","","","","","","","","","","","","","","","","","","","","","","","","ns27.domaincontrol.com","ns28.domaincontrol.com","","","clientDeleteProhibited","clientRenewProhibited","clientTransferProhibited","clientUpdateProhibited"
"18","ensodyne.com","2020-05-13 10:05:29","2020-05-10","2020-05-10","2021-05-10","1466","Lexsynergy Limited","whois.lexsynergy.com","http://www.lexsynergy.com","REDACTED FOR PRIVACY","Dong Chen Payments L.D.C.","REDACTED FOR PRIVACY","REDACTED FOR PRIVACY","BZ","REDACTED FOR PRIVACY","Belize","p6q@privacy.domainnamebrandcompany.com","REDACTED FOR PRIVACY","REDACTED FOR PRIVACY","REDACTED FOR PRIVACY","REDACTED FOR PRIVACY","REDACTED FOR PRIVACY","REDACTED FOR PRIVACY","REDACTED FOR PRIVACY","REDACTED FOR PRIVACY","REDACTED FOR PRIVACY","p6q@privacy.domainnamebrandcompany.com","REDACTED FOR PRIVACY","REDACTED FOR PRIVACY","REDACTED FOR PRIVACY","REDACTED FOR PRIVACY","REDACTED FOR PRIVACY","REDACTED FOR PRIVACY","REDACTED FOR PRIVACY","REDACTED FOR PRIVACY","REDACTED FOR PRIVACY","p6q@privacy.domainnamebrandcompany.com","REDACTED FOR PRIVACY","REDACTED FOR PRIVACY","","","","","","","","","","","ns1.cloudexchangedns.com","ns2.cloudexchangedns.com","","","","","",""
"19","flairmatcher.com","2020-05-13 20:56:56","2020-05-12","2020-05-12","2021-05-12","48","eNom, Inc.","whois.enom.com","http://www.enom.com","REDACTED FOR PRIVACY","REDACTED FOR PRIVACY","REDACTED FOR PRIVACY","REDACTED FOR PRIVACY","Belize City","REDACTED FOR PRIVACY","Belize","","REDACTED FOR PRIVACY","REDACTED FOR PRIVACY","REDACTED FOR PRIVACY","REDACTED FOR PRIVACY","REDACTED FOR PRIVACY","REDACTED FOR PRIVACY","REDACTED FOR PRIVACY","REDACTED FOR PRIVACY","REDACTED FOR PRIVACY","","REDACTED FOR PRIVACY","REDACTED FOR PRIVACY","REDACTED FOR PRIVACY","REDACTED FOR PRIVACY","REDACTED FOR PRIVACY","REDACTED FOR PRIVACY","REDACTED FOR PRIVACY","REDACTED FOR PRIVACY","REDACTED FOR PRIVACY","","REDACTED FOR PRIVACY","REDACTED FOR PRIVACY","","","","","","","","","","","ns0.reflected.net","ns1.reflected.net","","","addPeriod","clientTransferProhibited","",""
"20","flmahelp.com","2020-05-13 20:56:56","2020-05-12","2020-05-12","2021-05-12","48","eNom, Inc.","whois.enom.com","http://www.enom.com","REDACTED FOR PRIVACY","REDACTED FOR PRIVACY","REDACTED FOR PRIVACY","REDACTED FOR PRIVACY","Belize City","REDACTED FOR PRIVACY","Belize","","REDACTED FOR PRIVACY","REDACTED FOR PRIVACY","REDACTED FOR PRIVACY","REDACTED FOR PRIVACY","REDACTED FOR PRIVACY","REDACTED FOR PRIVACY","REDACTED FOR PRIVACY","REDACTED FOR PRIVACY","REDACTED FOR PRIVACY","","REDACTED FOR PRIVACY","REDACTED FOR PRIVACY","REDACTED FOR PRIVACY","REDACTED FOR PRIVACY","REDACTED FOR PRIVACY","REDACTED FOR PRIVACY","REDACTED FOR PRIVACY","REDACTED FOR PRIVACY","REDACTED FOR PRIVACY","","REDACTED FOR PRIVACY","REDACTED FOR PRIVACY","","","","","","","","","","","ns0.reflected.net","ns1.reflected.net","","","addPeriod","clientTransferProhibited","",""
"21","matchscouter.com","2020-05-13 20:57:07","2020-05-12","2020-05-12","2021-05-12","48","eNom, Inc.","whois.enom.com","http://www.enom.com","REDACTED FOR PRIVACY","REDACTED FOR PRIVACY","REDACTED FOR PRIVACY","REDACTED FOR PRIVACY","Belize City","REDACTED FOR PRIVACY","Belize","","REDACTED FOR PRIVACY","REDACTED FOR PRIVACY","REDACTED FOR PRIVACY","REDACTED FOR PRIVACY","REDACTED FOR PRIVACY","REDACTED FOR PRIVACY","REDACTED FOR PRIVACY","REDACTED FOR PRIVACY","REDACTED FOR PRIVACY","","REDACTED FOR PRIVACY","REDACTED FOR PRIVACY","REDACTED FOR PRIVACY","REDACTED FOR PRIVACY","REDACTED FOR PRIVACY","REDACTED FOR PRIVACY","REDACTED FOR PRIVACY","REDACTED FOR PRIVACY","REDACTED FOR PRIVACY","","REDACTED FOR PRIVACY","REDACTED FOR PRIVACY","","","","","","","","","","","ns0.reflected.net","ns1.reflected.net","","","addPeriod","clientTransferProhibited","",""
"22","mtscpay.com","2020-05-13 20:57:35","2020-05-12","2020-05-12","2021-05-12","48","eNom, Inc.","whois.enom.com","http://www.enom.com","REDACTED FOR PRIVACY","REDACTED FOR PRIVACY","REDACTED FOR PRIVACY","REDACTED FOR PRIVACY","Belize City","REDACTED FOR PRIVACY","Belize","","REDACTED FOR PRIVACY","REDACTED FOR PRIVACY","REDACTED FOR PRIVACY","REDACTED FOR PRIVACY","REDACTED FOR PRIVACY","REDACTED FOR PRIVACY","REDACTED FOR PRIVACY","REDACTED FOR PRIVACY","REDACTED FOR PRIVACY","","REDACTED FOR PRIVACY","REDACTED FOR PRIVACY","REDACTED FOR PRIVACY","REDACTED FOR PRIVACY","REDACTED FOR PRIVACY","REDACTED FOR PRIVACY","REDACTED FOR PRIVACY","REDACTED FOR PRIVACY","REDACTED FOR PRIVACY","","REDACTED FOR PRIVACY","REDACTED FOR PRIVACY","","","","","","","","","","","ns0.reflected.net","ns1.reflected.net","","","addPeriod","clientTransferProhibited","",""
"23","novochatgf.com","2020-05-13 06:59:20","2020-05-11","2020-05-11","2021-05-11","1479","Namesilo, LLC","whois.namesilo.com","http://www.namesilo.com","Domain Administrator","Fast Serv Inc. d.b.a. QHoster.com","1 Mapp Str.","Belize City","BZ","00000","Belize","info@qhoster.com","+501.18774231155","","Domain Administrator","Fast Serv Inc. d.b.a. QHoster.com","1 Mapp Str.","Belize City","BZ","00000","Belize","info@qhoster.com","+501.18774231155","","Domain Administrator","Fast Serv Inc. d.b.a. QHoster.com","1 Mapp Str.","Belize City","BZ","00000","Belize","info@qhoster.com","+501.18774231155","","","","","","","","","","","","kay.ns.cloudflare.com","nick.ns.cloudflare.com","","","clientTransferProhibited","","",""
"24","orders2you.com","2020-05-13 10:55:50","2020-05-11","2020-05-11","2021-05-11","955","Launchpad, Inc.","whois.launchpad.com","http://www.launchpad.com","Akeem Neal","","21 Sinsonte Ave","Belmopan","Belize","","Belize","kylonneal@gmail.com","+501.6152600","","Akeem Neal","","21 Sinsonte Ave","Belmopan","Belize","","Belize","kylonneal@gmail.com","+501.6152600","","Akeem Neal","","21 Sinsonte Ave","Belmopan","Belize","","Belize","kylonneal@gmail.com","+501.6152600","","","","","","","","","","","","cns561.hostgator.com","cns562.hostgator.com","","","clientTransferProhibited","","",""
"25","promanel.com","2020-05-13 10:05:16","2020-05-10","2020-05-10","2021-05-10","1466","Lexsynergy Limited","whois.lexsynergy.com","http://www.lexsynergy.com","REDACTED FOR PRIVACY","Dong Chen Payments L.D.C.","REDACTED FOR PRIVACY","REDACTED FOR PRIVACY","BZ","REDACTED FOR PRIVACY","Belize","p6q@privacy.domainnamebrandcompany.com","REDACTED FOR PRIVACY","REDACTED FOR PRIVACY","REDACTED FOR PRIVACY","REDACTED FOR PRIVACY","REDACTED FOR PRIVACY","REDACTED FOR PRIVACY","REDACTED FOR PRIVACY","REDACTED FOR PRIVACY","REDACTED FOR PRIVACY","p6q@privacy.domainnamebrandcompany.com","REDACTED FOR PRIVACY","REDACTED FOR PRIVACY","REDACTED FOR PRIVACY","REDACTED FOR PRIVACY","REDACTED FOR PRIVACY","REDACTED FOR PRIVACY","REDACTED FOR PRIVACY","REDACTED FOR PRIVACY","REDACTED FOR PRIVACY","p6q@privacy.domainnamebrandcompany.com","REDACTED FOR PRIVACY","REDACTED FOR PRIVACY","","","","","","","","","","","ns1.cloudexchangedns.com","ns2.cloudexchangedns.com","","","","","",""
"26","pronanel.com","2020-05-13 10:05:15","2020-05-10","2020-05-10","2021-05-10","1466","Lexsynergy Limited","whois.lexsynergy.com","http://www.lexsynergy.com","REDACTED FOR PRIVACY","Dong Chen Payments L.D.C.","REDACTED FOR PRIVACY","REDACTED FOR PRIVACY","BZ","REDACTED FOR PRIVACY","Belize","p6q@privacy.domainnamebrandcompany.com","REDACTED FOR PRIVACY","REDACTED FOR PRIVACY","REDACTED FOR PRIVACY","REDACTED FOR PRIVACY","REDACTED FOR PRIVACY","REDACTED FOR PRIVACY","REDACTED FOR PRIVACY","REDACTED FOR PRIVACY","REDACTED FOR PRIVACY","p6q@privacy.domainnamebrandcompany.com","REDACTED FOR PRIVACY","REDACTED FOR PRIVACY","REDACTED FOR PRIVACY","REDACTED FOR PRIVACY","REDACTED FOR PRIVACY","REDACTED FOR PRIVACY","REDACTED FOR PRIVACY","REDACTED FOR PRIVACY","REDACTED FOR PRIVACY","p6q@privacy.domainnamebrandcompany.com","REDACTED FOR PRIVACY","REDACTED FOR PRIVACY","","","","","","","","","","","ns1.cloudexchangedns.com","ns2.cloudexchangedns.com","","","","","",""
"27","propertytourbelize.com","2020-05-13 09:14:16","2020-05-09","2020-05-09","2021-05-09","146","GoDaddy.com, LLC","whois.godaddy.com","http://registrar.godaddy.com","","","","","Belize","","Belize","","","","","","","","","","","","","","","","","","","","","","","","","","","","","","","","","","ns75.domaincontrol.com","ns76.domaincontrol.com","","","clientDeleteProhibited","clientRenewProhibited","clientTransferProhibited","clientUpdateProhibited"
"28","qlvpay.com","2020-05-13 20:57:37","2020-05-12","2020-05-12","2021-05-12","48","eNom, Inc.","whois.enom.com","http://www.enom.com","REDACTED FOR PRIVACY","REDACTED FOR PRIVACY","REDACTED FOR PRIVACY","REDACTED FOR PRIVACY","Belize City","REDACTED FOR PRIVACY","Belize","","REDACTED FOR PRIVACY","REDACTED FOR PRIVACY","REDACTED FOR PRIVACY","REDACTED FOR PRIVACY","REDACTED FOR PRIVACY","REDACTED FOR PRIVACY","REDACTED FOR PRIVACY","REDACTED FOR PRIVACY","REDACTED FOR PRIVACY","","REDACTED FOR PRIVACY","REDACTED FOR PRIVACY","REDACTED FOR PRIVACY","REDACTED FOR PRIVACY","REDACTED FOR PRIVACY","REDACTED FOR PRIVACY","REDACTED FOR PRIVACY","REDACTED FOR PRIVACY","REDACTED FOR PRIVACY","","REDACTED FOR PRIVACY","REDACTED FOR PRIVACY","","","","","","","","","","","ns0.reflected.net","ns1.reflected.net","","","addPeriod","clientTransferProhibited","",""
"29","qualifiedlove.com","2020-05-13 20:57:32","2020-05-12","2020-05-12","2021-05-12","48","eNom, Inc.","whois.enom.com","http://www.enom.com","REDACTED FOR PRIVACY","REDACTED FOR PRIVACY","REDACTED FOR PRIVACY","REDACTED FOR PRIVACY","Belize City","REDACTED FOR PRIVACY","Belize","","REDACTED FOR PRIVACY","REDACTED FOR PRIVACY","REDACTED FOR PRIVACY","REDACTED FOR PRIVACY","REDACTED FOR PRIVACY","REDACTED FOR PRIVACY","REDACTED FOR PRIVACY","REDACTED FOR PRIVACY","REDACTED FOR PRIVACY","","REDACTED FOR PRIVACY","REDACTED FOR PRIVACY","REDACTED FOR PRIVACY","REDACTED FOR PRIVACY","REDACTED FOR PRIVACY","REDACTED FOR PRIVACY","REDACTED FOR PRIVACY","REDACTED FOR PRIVACY","REDACTED FOR PRIVACY","","REDACTED FOR PRIVACY","REDACTED FOR PRIVACY","","","","","","","","","","","ns0.reflected.net","ns1.reflected.net","","","addPeriod","clientTransferProhibited","",""
"30","scdahelp.com","2020-05-13 20:57:00","2020-05-12","2020-05-12","2021-05-12","48","eNom, Inc.","whois.enom.com","http://www.enom.com","REDACTED FOR PRIVACY","REDACTED FOR PRIVACY","REDACTED FOR PRIVACY","REDACTED FOR PRIVACY","Belize City","REDACTED FOR PRIVACY","Belize","","REDACTED FOR PRIVACY","REDACTED FOR PRIVACY","REDACTED FOR PRIVACY","REDACTED FOR PRIVACY","REDACTED FOR PRIVACY","REDACTED FOR PRIVACY","REDACTED FOR PRIVACY","REDACTED FOR PRIVACY","REDACTED FOR PRIVACY","","REDACTED FOR PRIVACY","REDACTED FOR PRIVACY","REDACTED FOR PRIVACY","REDACTED FOR PRIVACY","REDACTED FOR PRIVACY","REDACTED FOR PRIVACY","REDACTED FOR PRIVACY","REDACTED FOR PRIVACY","REDACTED FOR PRIVACY","","REDACTED FOR PRIVACY","REDACTED FOR PRIVACY","","","","","","","","","","","ns0.reflected.net","ns1.reflected.net","","","addPeriod","clientTransferProhibited","",""
"31","schools-bazaar.com","2020-05-13 07:43:07","2020-05-11","2020-05-11","2021-05-11","146","GoDaddy.com, LLC","whois.godaddy.com","http://registrar.godaddy.com","","","","","Belize","","Belize","","","","","","","","","","","","","","","","","","","","","","","","","","","","","","","","","","ns27.domaincontrol.com","ns28.domaincontrol.com","","","clientDeleteProhibited","clientRenewProhibited","clientTransferProhibited","clientUpdateProhibited"
"32","schools-bazaraki.com","2020-05-13 07:43:45","2020-05-11","2020-05-11","2021-05-11","146","GoDaddy.com, LLC","whois.godaddy.com","http://registrar.godaddy.com","","","","","Belize","","Belize","","","","","","","","","","","","","","","","","","","","","","","","","","","","","","","","","","ns23.domaincontrol.com","ns24.domaincontrol.com","","","clientDeleteProhibited","clientRenewProhibited","clientTransferProhibited","clientUpdateProhibited"
"33","schools-marketplace.com","2020-05-13 07:45:28","2020-05-11","2020-05-11","2021-05-11","146","GoDaddy.com, LLC","whois.godaddy.com","http://registrar.godaddy.com","","","","","Belize","","Belize","","","","","","","","","","","","","","","","","","","","","","","","","","","","","","","","","","ns07.domaincontrol.com","ns08.domaincontrol.com","","","clientDeleteProhibited","clientRenewProhibited","clientTransferProhibited","clientUpdateProhibited"
"34","scoutdates.com","2020-05-13 20:57:02","2020-05-12","2020-05-12","2021-05-12","48","eNom, Inc.","whois.enom.com","http://www.enom.com","REDACTED FOR PRIVACY","REDACTED FOR PRIVACY","REDACTED FOR PRIVACY","REDACTED FOR PRIVACY","Belize City","REDACTED FOR PRIVACY","Belize","","REDACTED FOR PRIVACY","REDACTED FOR PRIVACY","REDACTED FOR PRIVACY","REDACTED FOR PRIVACY","REDACTED FOR PRIVACY","REDACTED FOR PRIVACY","REDACTED FOR PRIVACY","REDACTED FOR PRIVACY","REDACTED FOR PRIVACY","","REDACTED FOR PRIVACY","REDACTED FOR PRIVACY","REDACTED FOR PRIVACY","REDACTED FOR PRIVACY","REDACTED FOR PRIVACY","REDACTED FOR PRIVACY","REDACTED FOR PRIVACY","REDACTED FOR PRIVACY","REDACTED FOR PRIVACY","","REDACTED FOR PRIVACY","REDACTED FOR PRIVACY","","","","","","","","","","","ns0.reflected.net","ns1.reflected.net","","","addPeriod","clientTransferProhibited","",""
"35","seabench-stories.com","2020-05-13 07:17:35","2020-05-11","2020-05-11","2021-05-11","146","GoDaddy.com, LLC","whois.godaddy.com","http://registrar.godaddy.com","","","","","Belize","","Belize","","","","","","","","","","","","","","","","","","","","","","","","","","","","","","","","","","ns23.domaincontrol.com","ns24.domaincontrol.com","","","clientDeleteProhibited","clientRenewProhibited","clientTransferProhibited","clientUpdateProhibited"
"36","semsodyne.com","2020-05-13 10:05:58","2020-05-10","2020-05-10","2021-05-10","1466","Lexsynergy Limited","whois.lexsynergy.com","http://www.lexsynergy.com","REDACTED FOR PRIVACY","Dong Chen Payments L.D.C.","REDACTED FOR PRIVACY","REDACTED FOR PRIVACY","BZ","REDACTED FOR PRIVACY","Belize","p6q@privacy.domainnamebrandcompany.com","REDACTED FOR PRIVACY","REDACTED FOR PRIVACY","REDACTED FOR PRIVACY","REDACTED FOR PRIVACY","REDACTED FOR PRIVACY","REDACTED FOR PRIVACY","REDACTED FOR PRIVACY","REDACTED FOR PRIVACY","REDACTED FOR PRIVACY","p6q@privacy.domainnamebrandcompany.com","REDACTED FOR PRIVACY","REDACTED FOR PRIVACY","REDACTED FOR PRIVACY","REDACTED FOR PRIVACY","REDACTED FOR PRIVACY","REDACTED FOR PRIVACY","REDACTED FOR PRIVACY","REDACTED FOR PRIVACY","REDACTED FOR PRIVACY","p6q@privacy.domainnamebrandcompany.com","REDACTED FOR PRIVACY","REDACTED FOR PRIVACY","","","","","","","","","","","ns1.cloudexchangedns.com","ns2.cloudexchangedns.com","","","","","",""
"37","sensodne.com","2020-05-13 10:05:37","2020-05-10","2020-05-10","2021-05-10","1466","Lexsynergy Limited","whois.lexsynergy.com","http://www.lexsynergy.com","REDACTED FOR PRIVACY","Dong Chen Payments L.D.C.","REDACTED FOR PRIVACY","REDACTED FOR PRIVACY","BZ","REDACTED FOR PRIVACY","Belize","p6q@privacy.domainnamebrandcompany.com","REDACTED FOR PRIVACY","REDACTED FOR PRIVACY","REDACTED FOR PRIVACY","REDACTED FOR PRIVACY","REDACTED FOR PRIVACY","REDACTED FOR PRIVACY","REDACTED FOR PRIVACY","REDACTED FOR PRIVACY","REDACTED FOR PRIVACY","p6q@privacy.domainnamebrandcompany.com","REDACTED FOR PRIVACY","REDACTED FOR PRIVACY","REDACTED FOR PRIVACY","REDACTED FOR PRIVACY","REDACTED FOR PRIVACY","REDACTED FOR PRIVACY","REDACTED FOR PRIVACY","REDACTED FOR PRIVACY","REDACTED FOR PRIVACY","p6q@privacy.domainnamebrandcompany.com","REDACTED FOR PRIVACY","REDACTED FOR PRIVACY","","","","","","","","","","","ns1.cloudexchangedns.com","ns2.cloudexchangedns.com","","","","","",""
"38","sensodye.com","2020-05-13 10:05:36","2020-05-10","2020-05-10","2021-05-10","1466","Lexsynergy Limited","whois.lexsynergy.com","http://www.lexsynergy.com","REDACTED FOR PRIVACY","Dong Chen Payments L.D.C.","REDACTED FOR PRIVACY","REDACTED FOR PRIVACY","BZ","REDACTED FOR PRIVACY","Belize","p6q@privacy.domainnamebrandcompany.com","REDACTED FOR PRIVACY","REDACTED FOR PRIVACY","REDACTED FOR PRIVACY","REDACTED FOR PRIVACY","REDACTED FOR PRIVACY","REDACTED FOR PRIVACY","REDACTED FOR PRIVACY","REDACTED FOR PRIVACY","REDACTED FOR PRIVACY","p6q@privacy.domainnamebrandcompany.com","REDACTED FOR PRIVACY","REDACTED FOR PRIVACY","REDACTED FOR PRIVACY","REDACTED FOR PRIVACY","REDACTED FOR PRIVACY","REDACTED FOR PRIVACY","REDACTED FOR PRIVACY","REDACTED FOR PRIVACY","REDACTED FOR PRIVACY","p6q@privacy.domainnamebrandcompany.com","REDACTED FOR PRIVACY","REDACTED FOR PRIVACY","","","","","","","","","","","ns1.cloudexchangedns.com","ns2.cloudexchangedns.com","","","","","",""
"39","sensodyme.com","2020-05-13 10:05:55","2020-05-10","2020-05-10","2021-05-10","1466","Lexsynergy Limited","whois.lexsynergy.com","http://www.lexsynergy.com","REDACTED FOR PRIVACY","Dong Chen Payments L.D.C.","REDACTED FOR PRIVACY","REDACTED FOR PRIVACY","BZ","REDACTED FOR PRIVACY","Belize","p6q@privacy.domainnamebrandcompany.com","REDACTED FOR PRIVACY","REDACTED FOR PRIVACY","REDACTED FOR PRIVACY","REDACTED FOR PRIVACY","REDACTED FOR PRIVACY","REDACTED FOR PRIVACY","REDACTED FOR PRIVACY","REDACTED FOR PRIVACY","REDACTED FOR PRIVACY","p6q@privacy.domainnamebrandcompany.com","REDACTED FOR PRIVACY","REDACTED FOR PRIVACY","REDACTED FOR PRIVACY","REDACTED FOR PRIVACY","REDACTED FOR PRIVACY","REDACTED FOR PRIVACY","REDACTED FOR PRIVACY","REDACTED FOR PRIVACY","REDACTED FOR PRIVACY","p6q@privacy.domainnamebrandcompany.com","REDACTED FOR PRIVACY","REDACTED FOR PRIVACY","","","","","","","","","","","ns1.cloudexchangedns.com","ns2.cloudexchangedns.com","","","","","",""
"40","sidahelp.com","2020-05-13 20:57:30","2020-05-12","2020-05-12","2021-05-12","48","eNom, Inc.","whois.enom.com","http://www.enom.com","REDACTED FOR PRIVACY","REDACTED FOR PRIVACY","REDACTED FOR PRIVACY","REDACTED FOR PRIVACY","Belize City","REDACTED FOR PRIVACY","Belize","","REDACTED FOR PRIVACY","REDACTED FOR PRIVACY","REDACTED FOR PRIVACY","REDACTED FOR PRIVACY","REDACTED FOR PRIVACY","REDACTED FOR PRIVACY","REDACTED FOR PRIVACY","REDACTED FOR PRIVACY","REDACTED FOR PRIVACY","","REDACTED FOR PRIVACY","REDACTED FOR PRIVACY","REDACTED FOR PRIVACY","REDACTED FOR PRIVACY","REDACTED FOR PRIVACY","REDACTED FOR PRIVACY","REDACTED FOR PRIVACY","REDACTED FOR PRIVACY","REDACTED FOR PRIVACY","","REDACTED FOR PRIVACY","REDACTED FOR PRIVACY","","","","","","","","","","","ns0.reflected.net","ns1.reflected.net","","","addPeriod","clientTransferProhibited","",""
"41","simplifydating.com","2020-05-13 20:56:57","2020-05-12","2020-05-12","2021-05-12","48","eNom, Inc.","whois.enom.com","http://www.enom.com","REDACTED FOR PRIVACY","REDACTED FOR PRIVACY","REDACTED FOR PRIVACY","REDACTED FOR PRIVACY","Belize City","REDACTED FOR PRIVACY","Belize","","REDACTED FOR PRIVACY","REDACTED FOR PRIVACY","REDACTED FOR PRIVACY","REDACTED FOR PRIVACY","REDACTED FOR PRIVACY","REDACTED FOR PRIVACY","REDACTED FOR PRIVACY","REDACTED FOR PRIVACY","REDACTED FOR PRIVACY","","REDACTED FOR PRIVACY","REDACTED FOR PRIVACY","REDACTED FOR PRIVACY","REDACTED FOR PRIVACY","REDACTED FOR PRIVACY","REDACTED FOR PRIVACY","REDACTED FOR PRIVACY","REDACTED FOR PRIVACY","REDACTED FOR PRIVACY","","REDACTED FOR PRIVACY","REDACTED FOR PRIVACY","","","","","","","","","","","ns0.reflected.net","ns1.reflected.net","","","addPeriod","clientTransferProhibited","",""
"42","skdpay.com","2020-05-13 20:57:00","2020-05-12","2020-05-12","2021-05-12","48","eNom, Inc.","whois.enom.com","http://www.enom.com","REDACTED FOR PRIVACY","REDACTED FOR PRIVACY","REDACTED FOR PRIVACY","REDACTED FOR PRIVACY","Belize City","REDACTED FOR PRIVACY","Belize","","REDACTED FOR PRIVACY","REDACTED FOR PRIVACY","REDACTED FOR PRIVACY","REDACTED FOR PRIVACY","REDACTED FOR PRIVACY","REDACTED FOR PRIVACY","REDACTED FOR PRIVACY","REDACTED FOR PRIVACY","REDACTED FOR PRIVACY","","REDACTED FOR PRIVACY","REDACTED FOR PRIVACY","REDACTED FOR PRIVACY","REDACTED FOR PRIVACY","REDACTED FOR PRIVACY","REDACTED FOR PRIVACY","REDACTED FOR PRIVACY","REDACTED FOR PRIVACY","REDACTED FOR PRIVACY","","REDACTED FOR PRIVACY","REDACTED FOR PRIVACY","","","","","","","","","","","ns0.reflected.net","ns1.reflected.net","","","addPeriod","clientTransferProhibited","",""
"43","skylightdating.com","2020-05-13 19:33:49","2020-05-12","2020-05-12","2021-05-12","48","eNom, Inc.","whois.enom.com","http://www.enom.com","REDACTED FOR PRIVACY","REDACTED FOR PRIVACY","REDACTED FOR PRIVACY","REDACTED FOR PRIVACY","Belize City","REDACTED FOR PRIVACY","Belize","","REDACTED FOR PRIVACY","REDACTED FOR PRIVACY","REDACTED FOR PRIVACY","REDACTED FOR PRIVACY","REDACTED FOR PRIVACY","REDACTED FOR PRIVACY","REDACTED FOR PRIVACY","REDACTED FOR PRIVACY","REDACTED FOR PRIVACY","","REDACTED FOR PRIVACY","REDACTED FOR PRIVACY","REDACTED FOR PRIVACY","REDACTED FOR PRIVACY","REDACTED FOR PRIVACY","REDACTED FOR PRIVACY","REDACTED FOR PRIVACY","REDACTED FOR PRIVACY","REDACTED FOR PRIVACY","","REDACTED FOR PRIVACY","REDACTED FOR PRIVACY","","","","","","","","","","","ns0.reflected.net","ns1.reflected.net","","","addPeriod","clientTransferProhibited","",""
"44","starlightdating.com","2020-05-13 20:56:57","2020-05-12","2020-05-12","2021-05-12","48","eNom, Inc.","whois.enom.com","http://www.enom.com","REDACTED FOR PRIVACY","REDACTED FOR PRIVACY","REDACTED FOR PRIVACY","REDACTED FOR PRIVACY","Belize City","REDACTED FOR PRIVACY","Belize","","REDACTED FOR PRIVACY","REDACTED FOR PRIVACY","REDACTED FOR PRIVACY","REDACTED FOR PRIVACY","REDACTED FOR PRIVACY","REDACTED FOR PRIVACY","REDACTED FOR PRIVACY","REDACTED FOR PRIVACY","REDACTED FOR PRIVACY","","REDACTED FOR PRIVACY","REDACTED FOR PRIVACY","REDACTED FOR PRIVACY","REDACTED FOR PRIVACY","REDACTED FOR PRIVACY","REDACTED FOR PRIVACY","REDACTED FOR PRIVACY","REDACTED FOR PRIVACY","REDACTED FOR PRIVACY","","REDACTED FOR PRIVACY","REDACTED FOR PRIVACY","","","","","","","","","","","ns0.reflected.net","ns1.reflected.net","","","addPeriod","clientTransferProhibited","",""
"45","stldpay.com","2020-05-13 20:57:36","2020-05-12","2020-05-12","2021-05-12","48","eNom, Inc.","whois.enom.com","http://www.enom.com","REDACTED FOR PRIVACY","REDACTED FOR PRIVACY","REDACTED FOR PRIVACY","REDACTED FOR PRIVACY","Belize City","REDACTED FOR PRIVACY","Belize","","REDACTED FOR PRIVACY","REDACTED FOR PRIVACY","REDACTED FOR PRIVACY","REDACTED FOR PRIVACY","REDACTED FOR PRIVACY","REDACTED FOR PRIVACY","REDACTED FOR PRIVACY","REDACTED FOR PRIVACY","REDACTED FOR PRIVACY","","REDACTED FOR PRIVACY","REDACTED FOR PRIVACY","REDACTED FOR PRIVACY","REDACTED FOR PRIVACY","REDACTED FOR PRIVACY","REDACTED FOR PRIVACY","REDACTED FOR PRIVACY","REDACTED FOR PRIVACY","REDACTED FOR PRIVACY","","REDACTED FOR PRIVACY","REDACTED FOR PRIVACY","","","","","","","","","","","ns0.reflected.net","ns1.reflected.net","","","addPeriod","clientTransferProhibited","",""
"46","trmahelp.com","2020-05-13 20:56:58","2020-05-12","2020-05-12","2021-05-12","48","eNom, Inc.","whois.enom.com","http://www.enom.com","REDACTED FOR PRIVACY","REDACTED FOR PRIVACY","REDACTED FOR PRIVACY","REDACTED FOR PRIVACY","Belize City","REDACTED FOR PRIVACY","Belize","","REDACTED FOR PRIVACY","REDACTED FOR PRIVACY","REDACTED FOR PRIVACY","REDACTED FOR PRIVACY","REDACTED FOR PRIVACY","REDACTED FOR PRIVACY","REDACTED FOR PRIVACY","REDACTED FOR PRIVACY","REDACTED FOR PRIVACY","","REDACTED FOR PRIVACY","REDACTED FOR PRIVACY","REDACTED FOR PRIVACY","REDACTED FOR PRIVACY","REDACTED FOR PRIVACY","REDACTED FOR PRIVACY","REDACTED FOR PRIVACY","REDACTED FOR PRIVACY","REDACTED FOR PRIVACY","","REDACTED FOR PRIVACY","REDACTED FOR PRIVACY","","","","","","","","","","","ns0.reflected.net","ns1.reflected.net","","","addPeriod","clientTransferProhibited","",""
"47","trulymatching.com","2020-05-13 20:57:32","2020-05-12","2020-05-12","2021-05-12","48","eNom, Inc.","whois.enom.com","http://www.enom.com","REDACTED FOR PRIVACY","REDACTED FOR PRIVACY","REDACTED FOR PRIVACY","REDACTED FOR PRIVACY","Belize City","REDACTED FOR PRIVACY","Belize","","REDACTED FOR PRIVACY","REDACTED FOR PRIVACY","REDACTED FOR PRIVACY","REDACTED FOR PRIVACY","REDACTED FOR PRIVACY","REDACTED FOR PRIVACY","REDACTED FOR PRIVACY","REDACTED FOR PRIVACY","REDACTED FOR PRIVACY","","REDACTED FOR PRIVACY","REDACTED FOR PRIVACY","REDACTED FOR PRIVACY","REDACTED FOR PRIVACY","REDACTED FOR PRIVACY","REDACTED FOR PRIVACY","REDACTED FOR PRIVACY","REDACTED FOR PRIVACY","REDACTED FOR PRIVACY","","REDACTED FOR PRIVACY","REDACTED FOR PRIVACY","","","","","","","","","","","ns0.reflected.net","ns1.reflected.net","","","addPeriod","clientTransferProhibited","",""
"48","wimahelp.com","2020-05-13 20:57:34","2020-05-12","2020-05-12","2021-05-12","48","eNom, Inc.","whois.enom.com","http://www.enom.com","REDACTED FOR PRIVACY","REDACTED FOR PRIVACY","REDACTED FOR PRIVACY","REDACTED FOR PRIVACY","Belize City","REDACTED FOR PRIVACY","Belize","","REDACTED FOR PRIVACY","REDACTED FOR PRIVACY","REDACTED FOR PRIVACY","REDACTED FOR PRIVACY","REDACTED FOR PRIVACY","REDACTED FOR PRIVACY","REDACTED FOR PRIVACY","REDACTED FOR PRIVACY","REDACTED FOR PRIVACY","","REDACTED FOR PRIVACY","REDACTED FOR PRIVACY","REDACTED FOR PRIVACY","REDACTED FOR PRIVACY","REDACTED FOR PRIVACY","REDACTED FOR PRIVACY","REDACTED FOR PRIVACY","REDACTED FOR PRIVACY","REDACTED FOR PRIVACY","","REDACTED FOR PRIVACY","REDACTED FOR PRIVACY","","","","","","","","","","","ns0.reflected.net","ns1.reflected.net","","","addPeriod","clientTransferProhibited","",""
"49","winkmatcher.com","2020-05-13 20:56:59","2020-05-12","2020-05-12","2021-05-12","48","eNom, Inc.","whois.enom.com","http://www.enom.com","REDACTED FOR PRIVACY","REDACTED FOR PRIVACY","REDACTED FOR PRIVACY","REDACTED FOR PRIVACY","Belize City","REDACTED FOR PRIVACY","Belize","","REDACTED FOR PRIVACY","REDACTED FOR PRIVACY","REDACTED FOR PRIVACY","REDACTED FOR PRIVACY","REDACTED FOR PRIVACY","REDACTED FOR PRIVACY","REDACTED FOR PRIVACY","REDACTED FOR PRIVACY","REDACTED FOR PRIVACY","","REDACTED FOR PRIVACY","REDACTED FOR PRIVACY","REDACTED FOR PRIVACY","REDACTED FOR PRIVACY","REDACTED FOR PRIVACY","REDACTED FOR PRIVACY","REDACTED FOR PRIVACY","REDACTED FOR PRIVACY","REDACTED FOR PRIVACY","","REDACTED FOR PRIVACY","REDACTED FOR PRIVACY","","","","","","","","","","","ns0.reflected.net","ns1.reflected.net","","","addPeriod","clientTransferProhibited","",""
"50","wwwsensodyne.com","2020-05-13 10:05:41","2020-05-10","2020-05-10","2021-05-10","1466","Lexsynergy Limited","whois.lexsynergy.com","http://www.lexsynergy.com","REDACTED FOR PRIVACY","Dong Chen Payments L.D.C.","REDACTED FOR PRIVACY","REDACTED FOR PRIVACY","BZ","REDACTED FOR PRIVACY","Belize","p6q@privacy.domainnamebrandcompany.com","REDACTED FOR PRIVACY","REDACTED FOR PRIVACY","REDACTED FOR PRIVACY","REDACTED FOR PRIVACY","REDACTED FOR PRIVACY","REDACTED FOR PRIVACY","REDACTED FOR PRIVACY","REDACTED FOR PRIVACY","REDACTED FOR PRIVACY","p6q@privacy.domainnamebrandcompany.com","REDACTED FOR PRIVACY","REDACTED FOR PRIVACY","REDACTED FOR PRIVACY","REDACTED FOR PRIVACY","REDACTED FOR PRIVACY","REDACTED FOR PRIVACY","REDACTED FOR PRIVACY","REDACTED FOR PRIVACY","REDACTED FOR PRIVACY","p6q@privacy.domainnamebrandcompany.com","REDACTED FOR PRIVACY","REDACTED FOR PRIVACY","","","","","","","","","","","ns1.cloudexchangedns.com","ns2.cloudexchangedns.com","","","","","",""
"51","zizo1b.com","2020-05-13 10:13:14","2020-05-09","2020-05-10","2021-05-09","1479","Namesilo, LLC","whois.namesilo.com","http://www.namesilo.com","Domain Administrator","Fast Serv Inc. d.b.a. QHoster.com","1 Mapp Str.","Belize City","BZ","00000","Belize","info@qhoster.com","+501.18774231155","","Domain Administrator","Fast Serv Inc. d.b.a. QHoster.com","1 Mapp Str.","Belize City","BZ","00000","Belize","info@qhoster.com","+501.18774231155","","Domain Administrator","Fast Serv Inc. d.b.a. QHoster.com","1 Mapp Str.","Belize City","BZ","00000","Belize","info@qhoster.com","+501.18774231155","","","","","","","","","","","","malavika.ns.cloudflare.com","vern.ns.cloudflare.com","","","clientTransferProhibited","","",""