"num","domain_name","query_time","create_date","update_date","expiry_date","domain_registrar_id","domain_registrar_name","domain_registrar_whois","domain_registrar_url","registrant_name","registrant_company","registrant_address","registrant_city","registrant_state","registrant_zip","registrant_country","registrant_email","registrant_phone","registrant_fax","administrative_name","administrative_company","administrative_address","administrative_city","administrative_state","administrative_zip","administrative_country","administrative_email","administrative_phone","administrative_fax","technical_name","technical_company","technical_address","technical_city","technical_state","technical_zip","technical_country","technical_email","technical_phone","technical_fax","billing_name","billing_company","billing_address","billing_city","billing_state","billing_zip","billing_country","billing_email","billing_phone","billing_fax","name_server_1","name_server_2","name_server_3","name_server_4","domain_status_1","domain_status_2","domain_status_3","domain_status_4"
"1","bbbissh.com","2020-05-13 10:02:38","2020-05-10","2020-05-10","2021-05-10","1443","Vautron Rechenzentrum AG","whois.antagus.de","http://www.vautron.de","","","","","","","Burkina Faso","a86zylah5s@domprivacy.de","","","","","","","","","","a86zylah5s@domprivacy.de","","","","","","","","","","a86zylah5s@domprivacy.de","","","","","","","","","","","","","ns1.contabo.net","ns2.contabo.net","ns3.contabo.net","","OK","","",""
"2","bf-bfsolution.com","2020-05-13 20:52:45","2020-05-11","2020-05-11","2021-05-11","1630","Ligne Web Services SARL","whois.nic.fr","http://www.ait.com","","","","","","","Burkina Faso","25b6a17c848155f2d9ab45c9c212de45@whois-anonymous.com","","","","","","","","","Burkina Faso","25b6a17c848155f2d9ab45c9c212de45@whois-anonymous.com","","","","","","","","","Burkina Faso","25b6a17c848155f2d9ab45c9c212de45@whois-anonymous.com","","","","","","","","","Burkina Faso","25b6a17c848155f2d9ab45c9c212de45@whois-anonymous.com","","","","","","","More","clientTransferProhibited","informations","on"
"3","burkinalight.com","2020-05-13 11:01:27","2020-05-11","2020-05-11","2021-05-11","3240","Infomaniak Network SA","","","REDACTED FOR PRIVACY","","REDACTED FOR PRIVACY","REDACTED FOR PRIVACY","","REDACTED FOR PRIVACY","Burkina Faso","","REDACTED FOR PRIVACY","REDACTED FOR PRIVACY","REDACTED FOR PRIVACY","","REDACTED FOR PRIVACY","REDACTED FOR PRIVACY","","REDACTED FOR PRIVACY","Burkina Faso","","REDACTED FOR PRIVACY","REDACTED FOR PRIVACY","REDACTED FOR PRIVACY","","REDACTED FOR PRIVACY","REDACTED FOR PRIVACY","","REDACTED FOR PRIVACY","Burkina Faso","","REDACTED FOR PRIVACY","REDACTED FOR PRIVACY","REDACTED FOR PRIVACY","","REDACTED FOR PRIVACY","REDACTED FOR PRIVACY","","REDACTED FOR PRIVACY","Burkina Faso","","REDACTED FOR PRIVACY","REDACTED FOR PRIVACY","ns31.infomaniak.com","ns32.infomaniak.com","","","clientTransferProhibited","ok","",""
"4","easy-trademaster.com","2020-05-13 09:59:42","2020-05-10","2020-05-10","2021-05-10","303","PDR Ltd. d/b/a PublicDomainRegistry.com","whois.publicdomainregistry.com","http://www.publicdomainregistry.com","kevin cabore","Intech","ouagadougou","Ouagadougou","centre","bp 1091","Burkina Faso","kevinkabor@gmail.com","+226.70165394","","kevin cabore","Intech","ouagadougou","Ouagadougou","centre","bp 1091","Burkina Faso","kevinkabor@gmail.com","+226.70165394","","kevin cabore","Intech","ouagadougou","Ouagadougou","centre","bp 1091","Burkina Faso","kevinkabor@gmail.com","+226.70165394","","","","","","","","","","","","ns1.dns-parking.com","ns2.dns-parking.com","","","clientTransferProhibited","","",""
"5","fasofoire.com","2020-05-13 20:35:58","2020-05-11","2020-05-11","2021-05-11","433","OVH sas","whois.ovh.com","http://www.ovh.com","REDACTED FOR PRIVACY","AFRICA-EDIF","REDACTED FOR PRIVACY","REDACTED FOR PRIVACY","","REDACTED FOR PRIVACY","Burkina Faso","8ilwy920wdt70hmj6243@l.o-w-o.info","REDACTED FOR PRIVACY","REDACTED FOR PRIVACY","REDACTED FOR PRIVACY","REDACTED FOR PRIVACY","REDACTED FOR PRIVACY","REDACTED FOR PRIVACY","REDACTED FOR PRIVACY","REDACTED FOR PRIVACY","REDACTED FOR PRIVACY","yhv93g0c9uyn195illvd@x.o-w-o.info","REDACTED FOR PRIVACY","REDACTED FOR PRIVACY","REDACTED FOR PRIVACY","REDACTED FOR PRIVACY","REDACTED FOR PRIVACY","REDACTED FOR PRIVACY","REDACTED FOR PRIVACY","REDACTED FOR PRIVACY","REDACTED FOR PRIVACY","yhv93g0c9uyn195illvd@x.o-w-o.info","REDACTED FOR PRIVACY","REDACTED FOR PRIVACY","","","","","","","","","","","dns109.ovh.net","ns109.ovh.net","","","clientDeleteProhibited","clientTransferProhibited","",""
"6","fullsecu.com","2020-05-13 19:54:33","2020-05-12","2020-05-12","2021-05-12","1630","Ligne Web Services SARL","whois.nic.fr","http://www.ait.com","","","","","","","Burkina Faso","081b39a01898e7bde959e53d37992553@whois-anonymous.com","","","","","","","","","Burkina Faso","081b39a01898e7bde959e53d37992553@whois-anonymous.com","","","","","","","","","Burkina Faso","081b39a01898e7bde959e53d37992553@whois-anonymous.com","","","","","","","","","Burkina Faso","081b39a01898e7bde959e53d37992553@whois-anonymous.com","","","","","","","More","clientTransferProhibited","informations","on"
"7","gesincgroup.com","2020-05-13 20:45:05","2020-05-11","2020-05-11","2021-05-11","925","Everyones Internet, Ltd. dba SoftLayer","whois.softlayer.com","http://www.softlayer.com","REDACTED FOR PRIVACY","REDACTED FOR PRIVACY","REDACTED FOR PRIVACY","REDACTED FOR PRIVACY","KADIOGO","REDACTED FOR PRIVACY","Burkina Faso","","REDACTED FOR PRIVACY","REDACTED FOR PRIVACY","REDACTED FOR PRIVACY","REDACTED FOR PRIVACY","REDACTED FOR PRIVACY","REDACTED FOR PRIVACY","REDACTED FOR PRIVACY","REDACTED FOR PRIVACY","REDACTED FOR PRIVACY","","REDACTED FOR PRIVACY","REDACTED FOR PRIVACY","REDACTED FOR PRIVACY","REDACTED FOR PRIVACY","REDACTED FOR PRIVACY","REDACTED FOR PRIVACY","REDACTED FOR PRIVACY","REDACTED FOR PRIVACY","REDACTED FOR PRIVACY","","REDACTED FOR PRIVACY","REDACTED FOR PRIVACY","","","","","","","","","","","ns3.clicwebinc.qc.ca","ns4.clicwebinc.qc.ca","","","clientTransferProhibited","clientUpdateProhibited","",""
"8","groupemks.com","2020-05-13 10:55:14","2020-05-11","2020-05-11","2021-05-11","925","Everyones Internet, Ltd. dba SoftLayer","whois.softlayer.com","http://www.softlayer.com","REDACTED FOR PRIVACY","REDACTED FOR PRIVACY","REDACTED FOR PRIVACY","REDACTED FOR PRIVACY","KADIOGO","REDACTED FOR PRIVACY","Burkina Faso","","REDACTED FOR PRIVACY","REDACTED FOR PRIVACY","REDACTED FOR PRIVACY","REDACTED FOR PRIVACY","REDACTED FOR PRIVACY","REDACTED FOR PRIVACY","REDACTED FOR PRIVACY","REDACTED FOR PRIVACY","REDACTED FOR PRIVACY","","REDACTED FOR PRIVACY","REDACTED FOR PRIVACY","REDACTED FOR PRIVACY","REDACTED FOR PRIVACY","REDACTED FOR PRIVACY","REDACTED FOR PRIVACY","REDACTED FOR PRIVACY","REDACTED FOR PRIVACY","REDACTED FOR PRIVACY","","REDACTED FOR PRIVACY","REDACTED FOR PRIVACY","","","","","","","","","","","ns3.clicwebinc.qc.ca","ns4.clicwebinc.qc.ca","","","clientTransferProhibited","clientUpdateProhibited","",""
"9","infosecour.com","2020-05-13 10:03:49","2020-05-10","2020-05-10","2021-05-10","1630","Ligne Web Services SARL","whois.nic.fr","http://www.ait.com","","","","","","","Burkina Faso","805ca1417cf7854e3024485501f99d11@whois-anonymous.com","","","","","","","","","Burkina Faso","805ca1417cf7854e3024485501f99d11@whois-anonymous.com","","","","","","","","","Burkina Faso","805ca1417cf7854e3024485501f99d11@whois-anonymous.com","","","","","","","","","Burkina Faso","805ca1417cf7854e3024485501f99d11@whois-anonymous.com","","","","","","","More","clientTransferProhibited","informations","on"
"10","maitretall.com","2020-05-13 11:00:51","2020-05-11","2020-05-11","2021-05-11","1630","Ligne Web Services SARL","whois.nic.fr","http://www.ait.com","","","","","","","Burkina Faso","8148069b2b7ab00176ce29aa3b44ec7b@whois-anonymous.com","","","","","","","","","Burkina Faso","8148069b2b7ab00176ce29aa3b44ec7b@whois-anonymous.com","","","","","","","","","Burkina Faso","8148069b2b7ab00176ce29aa3b44ec7b@whois-anonymous.com","","","","","","","","","Burkina Faso","8148069b2b7ab00176ce29aa3b44ec7b@whois-anonymous.com","","","","","","","More","clientTransferProhibited","informations","on"
"11","moringatsr.com","2020-05-13 09:35:23","2020-05-09","2020-05-09","2021-05-09","106","Ascio Technologies, Inc. Danmark - Filial af Ascio technologies, Inc. USA","whois.ascio.com","http://www.ascio.com","Not Disclosed","Not Disclosed","Not Disclosed","Not Disclosed","","Not Disclosed","Burkina Faso","","Not Disclosed","Not Disclosed","Not Disclosed","Not Disclosed","Not Disclosed","Not Disclosed","Not Disclosed","Not Disclosed","Not Disclosed","","Not Disclosed","Not Disclosed","Not Disclosed","Not Disclosed","Not Disclosed","Not Disclosed","Not Disclosed","Not Disclosed","Not Disclosed","","Not Disclosed","Not Disclosed","","","","","","","","","","","dns1.123hjemmeside.dk","dns2.123hjemmeside.dk","dns3.123hjemmeside.dk","","OK","","",""
"12","soniamarket.com","2020-05-13 10:55:26","2020-05-11","2020-05-11","2021-05-11","146","GoDaddy.com, LLC","whois.godaddy.com","http://registrar.godaddy.com","Net Solutions SARL","Net Solutions SARL","","","Cascades","","Burkina Faso","","","","","","","","","","","","","","","","","","","","","","","","","","","","","","","","","","ns1.dns-parking.com","ns2.dns-parking.com","","","clientDeleteProhibited","clientRenewProhibited","clientTransferProhibited","clientUpdateProhibited"
"13","urdys.com","2020-05-13 09:16:07","2020-05-09","2020-05-09","2021-05-09","1472","LiquidNet Ltd.","whois.liquidnetlimited.com","http://www.liquidnetlimited.com","REDACTED FOR PRIVACY","REDACTED FOR PRIVACY","REDACTED FOR PRIVACY","REDACTED FOR PRIVACY","BURKINA FASO","REDACTED FOR PRIVACY","Burkina Faso","","REDACTED FOR PRIVACY","REDACTED FOR PRIVACY","REDACTED FOR PRIVACY","REDACTED FOR PRIVACY","REDACTED FOR PRIVACY","REDACTED FOR PRIVACY","REDACTED FOR PRIVACY","REDACTED FOR PRIVACY","REDACTED FOR PRIVACY","","REDACTED FOR PRIVACY","REDACTED FOR PRIVACY","REDACTED FOR PRIVACY","REDACTED FOR PRIVACY","REDACTED FOR PRIVACY","REDACTED FOR PRIVACY","REDACTED FOR PRIVACY","REDACTED FOR PRIVACY","REDACTED FOR PRIVACY","","REDACTED FOR PRIVACY","REDACTED FOR PRIVACY","","","","","","","","","","","dns1.supremedns.com","dns2.supremedns.com","dns3.supremedns.com","dns4.supremedns.com","clientTransferProhibited","","",""
"14","wagaduhotelselibaby.com","2020-05-13 06:57:23","2020-05-11","2020-05-11","2021-05-11","74","Online SAS","whois.bookmyname.com","http://www.bookmyname.com","REDACTED FOR PRIVACY","","REDACTED FOR PRIVACY","REDACTED FOR PRIVACY","","REDACTED FOR PRIVACY","Burkina Faso","1c744f9c241fed10.1562734@spamfree.bookmyname.com","REDACTED FOR PRIVACY","REDACTED FOR PRIVACY","Alexandre YEPES","O2SWITCH","222 Boulevard Gustave Flaubert, For Customer","CLERMONT FERRAND","","63000","France","dns-nospam@o2switch.fr","+33.444446040","+33.444446041","Alexandre YEPES","O2SWITCH","222 Boulevard Gustave Flaubert, For Customer","CLERMONT FERRAND","","63000","France","dns-nospam@o2switch.fr","+33.444446040","+33.444446041","","","","","","","","","","","ns1.o2switch.net","ns2.o2switch.net","","","clientTransferProhibited","","",""
"15","wend-panga.com","2020-05-13 11:04:34","2020-05-11","2020-05-11","2021-05-11","1630","Ligne Web Services SARL","whois.nic.fr","http://www.ait.com","Communication et marketing d entreprise","Communication et marketing d entreprise","","","","","Burkina Faso","7771e159d502a508dfdc82df1d69df9c@whois-anonymous.com","","","Communication et marketing d entreprise","Communication et marketing d entreprise","","","","","Burkina Faso","7771e159d502a508dfdc82df1d69df9c@whois-anonymous.com","","","Communication et marketing d entreprise","Communication et marketing d entreprise","","","","","Burkina Faso","7771e159d502a508dfdc82df1d69df9c@whois-anonymous.com","","","Communication et marketing d entreprise","Communication et marketing d entreprise","","","","","Burkina Faso","7771e159d502a508dfdc82df1d69df9c@whois-anonymous.com","","","","","","","More","clientTransferProhibited","informations","on"