"num","domain_name","query_time","create_date","update_date","expiry_date","domain_registrar_id","domain_registrar_name","domain_registrar_whois","domain_registrar_url","registrant_name","registrant_company","registrant_address","registrant_city","registrant_state","registrant_zip","registrant_country","registrant_email","registrant_phone","registrant_fax","administrative_name","administrative_company","administrative_address","administrative_city","administrative_state","administrative_zip","administrative_country","administrative_email","administrative_phone","administrative_fax","technical_name","technical_company","technical_address","technical_city","technical_state","technical_zip","technical_country","technical_email","technical_phone","technical_fax","billing_name","billing_company","billing_address","billing_city","billing_state","billing_zip","billing_country","billing_email","billing_phone","billing_fax","name_server_1","name_server_2","name_server_3","name_server_4","domain_status_1","domain_status_2","domain_status_3","domain_status_4"
"1","agvmedical.com","2020-05-13 19:47:58","2020-05-11","2020-05-11","2021-05-11","1630","Ligne Web Services SARL","whois.nic.fr","http://www.ait.com","","","","","","","Congo","2c1616325ee22cabc582c73c042e756d@whois-anonymous.com","","","","","","","","","Congo","2c1616325ee22cabc582c73c042e756d@whois-anonymous.com","","","","","","","","","Congo","2c1616325ee22cabc582c73c042e756d@whois-anonymous.com","","","","","","","","","Congo","2c1616325ee22cabc582c73c042e756d@whois-anonymous.com","","","","","","","More","clientTransferProhibited","informations","on"
"2","bpohygiene.com","2020-05-13 07:17:26","2020-05-11","2020-05-11","2021-05-11","1630","Ligne Web Services SARL","whois.nic.fr","http://www.ait.com","","","","","","","Congo","a34578c52c0b45ddf5e7126577aac06c@whois-anonymous.com","","","","","","","","","Congo","a34578c52c0b45ddf5e7126577aac06c@whois-anonymous.com","","","","","","","","","Congo","a34578c52c0b45ddf5e7126577aac06c@whois-anonymous.com","","","","","","","","","Congo","a34578c52c0b45ddf5e7126577aac06c@whois-anonymous.com","","","","","","","More","clientTransferProhibited","informations","on"
"3","congomuzik.com","2020-05-13 10:13:28","2020-05-10","2020-05-10","2021-05-10","303","PDR Ltd. d/b/a PublicDomainRegistry.com","whois.publicdomainregistry.com","http://www.publicdomainregistry.com","bassoundi christ","bassoundi Twenty Studio","20 rue bassoundi moungali","Brazzaville","pool","00033","Congo","webbassoundi@gmail.com","+242.66246602","","bassoundi christ","bassoundi Twenty Studio","20 rue bassoundi moungali","Brazzaville","pool","00033","Congo","webbassoundi@gmail.com","+242.66246602","","bassoundi christ","bassoundi Twenty Studio","20 rue bassoundi moungali","Brazzaville","pool","00033","Congo","webbassoundi@gmail.com","+242.66246602","","","","","","","","","","","","ns1.dns-parking.com","ns2.dns-parking.com","","","clientTransferProhibited","","",""
"4","ibaha.net","2020-05-14 00:09:02","2020-05-11","2020-05-11","2021-05-11","303","PDR Ltd. d/b/a PublicDomainRegistry.com","whois.publicdomainregistry.com","http://www.publicdomainregistry.com","Armel Roland Diamesso","BabaCo","Talangai viaduc","Brazzaville","Pool","4539","Congo","armelakh@outlook.fr","+242.68683648","","Armel Roland Diamesso","BabaCo","Talangai viaduc","Brazzaville","Pool","4539","Congo","armelakh@outlook.fr","+242.68683648","","Armel Roland Diamesso","BabaCo","Talangai viaduc","Brazzaville","Pool","4539","Congo","armelakh@outlook.fr","+242.68683648","","","","","","","","","","","","ns1.dns-parking.com","ns2.dns-parking.com","","","clientTransferProhibited","","",""
"5","magnificatmagala.com","2020-05-13 07:03:23","2020-05-11","2020-05-11","2021-05-11","433","OVH sas","whois.ovh.com","http://www.ovh.com","REDACTED FOR PRIVACY","","REDACTED FOR PRIVACY","REDACTED FOR PRIVACY","","REDACTED FOR PRIVACY","Congo","5fym56k7k4zmg6pk2n6l@c.o-w-o.info","REDACTED FOR PRIVACY","REDACTED FOR PRIVACY","REDACTED FOR PRIVACY","REDACTED FOR PRIVACY","REDACTED FOR PRIVACY","REDACTED FOR PRIVACY","REDACTED FOR PRIVACY","REDACTED FOR PRIVACY","REDACTED FOR PRIVACY","lrqic6n2rrdwgwqa0rkz@c.o-w-o.info","REDACTED FOR PRIVACY","REDACTED FOR PRIVACY","REDACTED FOR PRIVACY","REDACTED FOR PRIVACY","REDACTED FOR PRIVACY","REDACTED FOR PRIVACY","REDACTED FOR PRIVACY","REDACTED FOR PRIVACY","REDACTED FOR PRIVACY","lrqic6n2rrdwgwqa0rkz@c.o-w-o.info","REDACTED FOR PRIVACY","REDACTED FOR PRIVACY","","","","","","","","","","","dns109.ovh.net","ns109.ovh.net","","","clientDeleteProhibited","clientTransferProhibited","",""
"6","sabonisoap.com","2020-05-13 19:41:09","2020-05-11","2020-05-11","2021-05-11","146","GoDaddy.com, LLC","whois.godaddy.com","http://registrar.godaddy.com","","","","","Kouilou","","Congo","","","","","","","","","","","","","","","","","","","","","","","","","","","","","","","","","","ns0.thundercloud.uk","ns1.thundercloud.uk","","","clientDeleteProhibited","clientRenewProhibited","clientTransferProhibited","clientUpdateProhibited"