"num","domain_name","query_time","create_date","update_date","expiry_date","domain_registrar_id","domain_registrar_name","domain_registrar_whois","domain_registrar_url","registrant_name","registrant_company","registrant_address","registrant_city","registrant_state","registrant_zip","registrant_country","registrant_email","registrant_phone","registrant_fax","administrative_name","administrative_company","administrative_address","administrative_city","administrative_state","administrative_zip","administrative_country","administrative_email","administrative_phone","administrative_fax","technical_name","technical_company","technical_address","technical_city","technical_state","technical_zip","technical_country","technical_email","technical_phone","technical_fax","billing_name","billing_company","billing_address","billing_city","billing_state","billing_zip","billing_country","billing_email","billing_phone","billing_fax","name_server_1","name_server_2","name_server_3","name_server_4","domain_status_1","domain_status_2","domain_status_3","domain_status_4"
"1","allwebshop.info","2020-05-14 00:24:47","2020-05-12","2020-05-12","2021-05-12","15","Corehub, S.R.L.","whois.corehub.net","http://www.corehub.net","Studio WEB ART","Studio WEB ART","","","","","Croatia","","","","","","","","","","","","","","","","","","","","","","","","","","","","","","","","","","dns1.studiowebart.biz","dns2.studiowebart.biz","","","addPeriod","serverTransferProhibited","",""
"2","allwebshops.info","2020-05-14 00:24:39","2020-05-12","2020-05-12","2021-05-12","15","Corehub, S.R.L.","whois.corehub.net","http://www.corehub.net","Studio WEB ART","Studio WEB ART","","","","","Croatia","","","","","","","","","","","","","","","","","","","","","","","","","","","","","","","","","","dns1.studiowebart.biz","dns2.studiowebart.biz","","","addPeriod","serverTransferProhibited","",""
"3","apartments-miki.com","2020-05-13 10:59:39","2020-05-11","2020-05-11","2021-05-11","303","PDR Ltd. d/b/a PublicDomainRegistry.com","whois.publicdomainregistry.com","http://www.publicdomainregistry.com","GDPR Masked","GDPR Masked","GDPR Masked","GDPR Masked","Grad Zagreb","GDPR Masked","Croatia","gdpr-masking@gdpr-masked.com","GDPR Masked","GDPR Masked","GDPR Masked","GDPR Masked","GDPR Masked","GDPR Masked","GDPR Masked","GDPR Masked","GDPR Masked","gdpr-masking@gdpr-masked.com","GDPR Masked","GDPR Masked","GDPR Masked","GDPR Masked","GDPR Masked","GDPR Masked","GDPR Masked","GDPR Masked","GDPR Masked","gdpr-masking@gdpr-masked.com","GDPR Masked","GDPR Masked","","","","","","","","","","","ns1.mydataknox.com","ns2.mydataknox.com","","","clientTransferProhibited","","",""
"4","apartments-pranjic.com","2020-05-13 09:09:23","2020-05-10","2020-05-10","2021-05-10","1647","Hosting Concepts B.V. dba Openprovider","whois.registrar.eu","http://www.openprovider.com","REDACTED FOR PRIVACY","","REDACTED FOR PRIVACY","REDACTED FOR PRIVACY","Sibensko-kninska","REDACTED FOR PRIVACY","Croatia","","REDACTED FOR PRIVACY","REDACTED FOR PRIVACY","REDACTED FOR PRIVACY","REDACTED FOR PRIVACY","REDACTED FOR PRIVACY","REDACTED FOR PRIVACY","REDACTED FOR PRIVACY","REDACTED FOR PRIVACY","REDACTED FOR PRIVACY","","REDACTED FOR PRIVACY","REDACTED FOR PRIVACY","REDACTED FOR PRIVACY","REDACTED FOR PRIVACY","REDACTED FOR PRIVACY","REDACTED FOR PRIVACY","REDACTED FOR PRIVACY","REDACTED FOR PRIVACY","REDACTED FOR PRIVACY","","REDACTED FOR PRIVACY","REDACTED FOR PRIVACY","","","","","","","","","","","ns1.totohost.com","ns2.totohost.com","ns3.totohost.com","ns4.totohost.com","clientTransferProhibited","ok","",""
"5","apedy.com","2020-05-13 20:39:01","2020-05-11","2020-05-11","2021-05-11","2210","DropCatch.com 730 LLC","whois.namebright.com","http://www.dropcatch730.com","Leon Olovec","","S. Kolara 22b","Petrinja","Sisacko-Moslavacka","44250","Croatia","leon.rockyrock@gmail.com","+385.958613360","","Leon Olovec","","S. Kolara 22b","Petrinja","Sisacko-Moslavacka","44250","Croatia","leon.rockyrock@gmail.com","+385.958613360","","Leon Olovec","","S. Kolara 22b","Petrinja","Sisacko-Moslavacka","44250","Croatia","leon.rockyrock@gmail.com","+385.958613360","","","","","","","","","","","","ns1.brandbucket.com","ns2.brandbucket.com","","","clientTransferProhibited","","",""
"6","atomskaedukacija.com","2020-05-13 20:39:47","2020-05-11","2020-05-11","2021-05-11","146","GoDaddy.com, LLC","whois.godaddy.com","http://registrar.godaddy.com","Marijan Palic","Marijan Palic","","","Osijek","","Croatia","","","","","","","","","","","","","","","","","","","","","","","","","","","","","","","","","","ns1.de4.fcomet.com","ns2.de4.fcomet.com","","","clientDeleteProhibited","clientRenewProhibited","clientTransferProhibited","clientUpdateProhibited"
"7","ballonbook.com","2020-05-13 20:10:04","2020-05-12","2020-05-12","2021-05-12","955","Launchpad, Inc.","whois.launchpad.com","http://www.launchpad.com","GDPR Masked","GDPR Masked","GDPR Masked","GDPR Masked","17","GDPR Masked","Croatia","gdpr-masking@gdpr-masked.com","GDPR Masked","GDPR Masked","GDPR Masked","GDPR Masked","GDPR Masked","GDPR Masked","GDPR Masked","GDPR Masked","GDPR Masked","gdpr-masking@gdpr-masked.com","GDPR Masked","GDPR Masked","GDPR Masked","GDPR Masked","GDPR Masked","GDPR Masked","GDPR Masked","GDPR Masked","GDPR Masked","gdpr-masking@gdpr-masked.com","GDPR Masked","GDPR Masked","","","","","","","","","","","ns8231.hostgator.com","ns8232.hostgator.com","","","clientTransferProhibited","","",""
"8","bet365-563.com","2020-05-13 08:28:57","2020-05-10","2020-05-12","2021-05-10","886","Domain.com, LLC","whois.domain.com","http://www.domain.com","REDACTED FOR PRIVACY","REDACTED FOR PRIVACY","REDACTED FOR PRIVACY","REDACTED FOR PRIVACY","NA","REDACTED FOR PRIVACY","Croatia","","REDACTED FOR PRIVACY","REDACTED FOR PRIVACY","REDACTED FOR PRIVACY","REDACTED FOR PRIVACY","REDACTED FOR PRIVACY","REDACTED FOR PRIVACY","REDACTED FOR PRIVACY","REDACTED FOR PRIVACY","REDACTED FOR PRIVACY","","REDACTED FOR PRIVACY","REDACTED FOR PRIVACY","REDACTED FOR PRIVACY","REDACTED FOR PRIVACY","REDACTED FOR PRIVACY","REDACTED FOR PRIVACY","REDACTED FOR PRIVACY","REDACTED FOR PRIVACY","REDACTED FOR PRIVACY","","REDACTED FOR PRIVACY","REDACTED FOR PRIVACY","","","","","","","","","","","ns1.sedoparking.com","ns2.sedoparking.com","","","","","",""
"9","biznisbox.com","2020-05-13 09:35:44","2020-05-09","2020-05-09","2022-05-09","146","GoDaddy.com, LLC","whois.godaddy.com","http://registrar.godaddy.com","","","","","Grad Zagreb","","Croatia","","","","","","","","","","","","","","","","","","","","","","","","","","","","","","","","","","ns27.domaincontrol.com","ns28.domaincontrol.com","","","clientDeleteProhibited","clientRenewProhibited","clientTransferProhibited","clientUpdateProhibited"
"10","blokbe.com","2020-05-13 07:39:02","2020-05-11","2020-05-11","2022-05-11","146","GoDaddy.com, LLC","whois.godaddy.com","http://registrar.godaddy.com","Base58","Base58","","","Slavonia","","Croatia","","","","","","","","","","","","","","","","","","","","","","","","","","","","","","","","","","ns39.domaincontrol.com","ns40.domaincontrol.com","","","clientDeleteProhibited","clientRenewProhibited","clientTransferProhibited","clientUpdateProhibited"
"11","bobical.com","2020-05-13 20:46:27","2020-05-12","2020-05-12","2023-05-12","146","GoDaddy.com, LLC","whois.godaddy.com","http://registrar.godaddy.com","","","","","Vara\u017edin","","Croatia","","","","","","","","","","","","","","","","","","","","","","","","","","","","","","","","","","ns65.domaincontrol.com","ns66.domaincontrol.com","","","clientDeleteProhibited","clientRenewProhibited","clientTransferProhibited","clientUpdateProhibited"
"12","campfild.com","2020-05-13 09:41:57","2020-05-09","2020-05-09","2021-05-09","146","GoDaddy.com, LLC","whois.godaddy.com","http://registrar.godaddy.com","campfild","campfild","","","Sisa\u010dko-Moslava\u010dka","","Croatia","","","","","","","","","","","","","","","","","","","","","","","","","","","","","","","","","","ns45.domaincontrol.com","ns46.domaincontrol.com","","","clientDeleteProhibited","clientRenewProhibited","clientTransferProhibited","clientUpdateProhibited"
"13","cattaneo-trading-jdoo.com","2020-05-13 10:55:11","2020-05-11","2020-05-11","2021-05-11","1647","Hosting Concepts B.V. dba Openprovider","whois.registrar.eu","http://www.openprovider.com","REDACTED FOR PRIVACY","Cattaneo Trading j.d.o.o.","REDACTED FOR PRIVACY","REDACTED FOR PRIVACY","","REDACTED FOR PRIVACY","Croatia","","REDACTED FOR PRIVACY","REDACTED FOR PRIVACY","REDACTED FOR PRIVACY","REDACTED FOR PRIVACY","REDACTED FOR PRIVACY","REDACTED FOR PRIVACY","REDACTED FOR PRIVACY","REDACTED FOR PRIVACY","REDACTED FOR PRIVACY","","REDACTED FOR PRIVACY","REDACTED FOR PRIVACY","REDACTED FOR PRIVACY","REDACTED FOR PRIVACY","REDACTED FOR PRIVACY","REDACTED FOR PRIVACY","REDACTED FOR PRIVACY","REDACTED FOR PRIVACY","REDACTED FOR PRIVACY","","REDACTED FOR PRIVACY","REDACTED FOR PRIVACY","","","","","","","","","","","ns1.openprovider.nl","ns2.openprovider.be","ns3.openprovider.eu","","clientTransferProhibited","ok","",""
"14","charmella.com","2020-05-13 10:40:51","2020-05-10","2020-05-10","2021-05-10","146","GoDaddy.com, LLC","whois.godaddy.com","http://registrar.godaddy.com","","","","","Zagrebacka zupanija","","Croatia","","","","","","","","","","","","","","","","","","","","","","","","","","","","","","","","","","ns27.domaincontrol.com","ns28.domaincontrol.com","","","clientDeleteProhibited","clientRenewProhibited","clientTransferProhibited","clientUpdateProhibited"
"15","clichej.com","2020-05-13 20:43:49","2020-05-12","2020-05-12","2021-05-12","303","PDR Ltd. d/b/a PublicDomainRegistry.com","whois.publicdomainregistry.com","http://www.publicdomainregistry.com","GDPR Masked","GDPR Masked","GDPR Masked","GDPR Masked","Primorsko-goranska zupanija","GDPR Masked","Croatia","gdpr-masking@gdpr-masked.com","GDPR Masked","GDPR Masked","GDPR Masked","GDPR Masked","GDPR Masked","GDPR Masked","GDPR Masked","GDPR Masked","GDPR Masked","gdpr-masking@gdpr-masked.com","GDPR Masked","GDPR Masked","GDPR Masked","GDPR Masked","GDPR Masked","GDPR Masked","GDPR Masked","GDPR Masked","GDPR Masked","gdpr-masking@gdpr-masked.com","GDPR Masked","GDPR Masked","","","","","","","","","","","ns1.studio4web.com","ns2.studio4web.com","","","clientTransferProhibited","","",""
"16","consultingflow.com","2020-05-13 07:02:05","2020-05-11","","2021-05-11","15","Corehub, S.R.L.","whois.corehub.net","http://www.corehub.net","","","","","","","Croatia","","","","","","","","","","","","","","REGica.NET d.o.o.","REGica.NET d.o.o.","","","none","","Croatia","","","","","","","","","","","","","","ns1.croadria.com","ns2.croadria.com","","","OK","","",""
"17","croiptv.com","2020-05-13 09:49:29","2020-05-10","2020-05-10","2021-05-10","113","CSL Computer Service Langenbach GmbH d/b/a joker.com","whois.joker.com","http://www.joker.com","","","","","","","Croatia","","","","","","","","","","","","","","","","","","","","","","","","","","","","","","","","","","ns3.magento-hosting.com","ns4.magento-hosting.com","","","clientTransferProhibited","","",""
"18","cryptoniacasino.com","2020-05-13 08:06:53","2020-05-10","2020-05-12","2021-05-10","886","Domain.com, LLC","whois.domain.com","http://www.domain.com","REDACTED FOR PRIVACY","REDACTED FOR PRIVACY","REDACTED FOR PRIVACY","REDACTED FOR PRIVACY","NA","REDACTED FOR PRIVACY","Croatia","","REDACTED FOR PRIVACY","REDACTED FOR PRIVACY","REDACTED FOR PRIVACY","REDACTED FOR PRIVACY","REDACTED FOR PRIVACY","REDACTED FOR PRIVACY","REDACTED FOR PRIVACY","REDACTED FOR PRIVACY","REDACTED FOR PRIVACY","","REDACTED FOR PRIVACY","REDACTED FOR PRIVACY","REDACTED FOR PRIVACY","REDACTED FOR PRIVACY","REDACTED FOR PRIVACY","REDACTED FOR PRIVACY","REDACTED FOR PRIVACY","REDACTED FOR PRIVACY","REDACTED FOR PRIVACY","","REDACTED FOR PRIVACY","REDACTED FOR PRIVACY","","","","","","","","","","","ns1.sedoparking.com","ns2.sedoparking.com","","","","","",""
"19","daciveseljaci.com","2020-05-13 20:43:42","2020-05-12","2020-05-12","2021-05-12","106","Ascio Technologies, Inc. Danmark - Filial af Ascio technologies, Inc. USA","whois.ascio.com","http://www.ascio.com","Not Disclosed","Not Disclosed","Not Disclosed","Not Disclosed","","Not Disclosed","Croatia","","Not Disclosed","Not Disclosed","Not Disclosed","Not Disclosed","Not Disclosed","Not Disclosed","Not Disclosed","Not Disclosed","Not Disclosed","","Not Disclosed","Not Disclosed","Not Disclosed","Not Disclosed","Not Disclosed","Not Disclosed","Not Disclosed","Not Disclosed","Not Disclosed","","Not Disclosed","Not Disclosed","","","","","","","","","","","dns1.123hjemmeside.dk","dns2.123hjemmeside.dk","dns3.123hjemmeside.dk","","OK","","",""
"20","dalmaherc.com","2020-05-13 20:05:43","2020-05-12","2020-05-12","2021-05-12","48","eNom, Inc.","whois.enom.com","http://www.enom.com","REDACTED FOR PRIVACY","REDACTED FOR PRIVACY","REDACTED FOR PRIVACY","REDACTED FOR PRIVACY","OTHER","REDACTED FOR PRIVACY","Croatia","","REDACTED FOR PRIVACY","REDACTED FOR PRIVACY","REDACTED FOR PRIVACY","REDACTED FOR PRIVACY","REDACTED FOR PRIVACY","REDACTED FOR PRIVACY","REDACTED FOR PRIVACY","REDACTED FOR PRIVACY","REDACTED FOR PRIVACY","","REDACTED FOR PRIVACY","REDACTED FOR PRIVACY","REDACTED FOR PRIVACY","REDACTED FOR PRIVACY","REDACTED FOR PRIVACY","REDACTED FOR PRIVACY","REDACTED FOR PRIVACY","REDACTED FOR PRIVACY","REDACTED FOR PRIVACY","","REDACTED FOR PRIVACY","REDACTED FOR PRIVACY","","","","","","","","","","","ns1.supercp.com","ns2.supercp.com","ns3.supercp.com","ns4.supercp.com","addPeriod","clientTransferProhibited","",""
"21","diegotheminischnauzer.com","2020-05-13 20:58:22","2020-05-12","2020-05-12","2021-05-12","955","Launchpad, Inc.","whois.launchpad.com","http://www.launchpad.com","GDPR Masked","GDPR Masked","GDPR Masked","GDPR Masked","08","GDPR Masked","Croatia","gdpr-masking@gdpr-masked.com","GDPR Masked","GDPR Masked","GDPR Masked","GDPR Masked","GDPR Masked","GDPR Masked","GDPR Masked","GDPR Masked","GDPR Masked","gdpr-masking@gdpr-masked.com","GDPR Masked","GDPR Masked","GDPR Masked","GDPR Masked","GDPR Masked","GDPR Masked","GDPR Masked","GDPR Masked","GDPR Masked","gdpr-masking@gdpr-masked.com","GDPR Masked","GDPR Masked","","","","","","","","","","","ns5999.hostgator.com","ns6000.hostgator.com","","","clientTransferProhibited","","",""
"22","dobrirecepti.com","2020-05-13 20:12:47","2020-05-12","2020-05-12","2021-05-12","303","PDR Ltd. d/b/a PublicDomainRegistry.com","whois.publicdomainregistry.com","http://www.publicdomainregistry.com","GDPR Masked","GDPR Masked","GDPR Masked","GDPR Masked","Grad Zagreb","GDPR Masked","Croatia","gdpr-masking@gdpr-masked.com","GDPR Masked","GDPR Masked","GDPR Masked","GDPR Masked","GDPR Masked","GDPR Masked","GDPR Masked","GDPR Masked","GDPR Masked","gdpr-masking@gdpr-masked.com","GDPR Masked","GDPR Masked","GDPR Masked","GDPR Masked","GDPR Masked","GDPR Masked","GDPR Masked","GDPR Masked","GDPR Masked","gdpr-masking@gdpr-masked.com","GDPR Masked","GDPR Masked","","","","","","","","","","","ns1.crohost.net","ns2.crohost.net","","","clientTransferProhibited","","",""
"23","domagojdraganic.com","2020-05-13 20:48:08","2020-05-12","2020-05-13","2021-05-12","48","eNom, Inc.","whois.enom.com","http://www.enom.com","REDACTED FOR PRIVACY","REDACTED FOR PRIVACY","REDACTED FOR PRIVACY","REDACTED FOR PRIVACY","REDACTED FOR PRIVACY","REDACTED FOR PRIVACY","Croatia","","REDACTED FOR PRIVACY","REDACTED FOR PRIVACY","REDACTED FOR PRIVACY","REDACTED FOR PRIVACY","REDACTED FOR PRIVACY","REDACTED FOR PRIVACY","REDACTED FOR PRIVACY","REDACTED FOR PRIVACY","REDACTED FOR PRIVACY","","REDACTED FOR PRIVACY","REDACTED FOR PRIVACY","REDACTED FOR PRIVACY","REDACTED FOR PRIVACY","REDACTED FOR PRIVACY","REDACTED FOR PRIVACY","REDACTED FOR PRIVACY","REDACTED FOR PRIVACY","REDACTED FOR PRIVACY","","REDACTED FOR PRIVACY","REDACTED FOR PRIVACY","","","","","","","","","","","ns1.terrakom.hr","ns2.terrakom.hr","","","addPeriod","clientTransferProhibited","",""
"24","e-cjenik.com","2020-05-13 20:59:07","2020-05-12","2020-05-12","2022-05-12","303","PDR Ltd. d/b/a PublicDomainRegistry.com","whois.publicdomainregistry.com","http://www.publicdomainregistry.com","GDPR Masked","GDPR Masked","GDPR Masked","GDPR Masked","Vukovarsko-srijemska","GDPR Masked","Croatia","gdpr-masking@gdpr-masked.com","GDPR Masked","GDPR Masked","GDPR Masked","GDPR Masked","GDPR Masked","GDPR Masked","GDPR Masked","GDPR Masked","GDPR Masked","gdpr-masking@gdpr-masked.com","GDPR Masked","GDPR Masked","GDPR Masked","GDPR Masked","GDPR Masked","GDPR Masked","GDPR Masked","GDPR Masked","GDPR Masked","gdpr-masking@gdpr-masked.com","GDPR Masked","GDPR Masked","","","","","","","","","","","ns1.crohost.net","ns2.crohost.net","","","clientTransferProhibited","","",""
"25","egcp-news.com","2020-05-13 19:36:55","2020-05-11","2020-05-12","2021-05-11","15","Corehub, S.R.L.","whois.corehub.net","http://www.corehub.net","AM2 Studio d.o.o.","AM2 Studio d.o.o.","","","","","Croatia","","","","","","","","","","","","","","REGica.NET d.o.o.","REGica.NET d.o.o.","","","none","","Croatia","","","","","","","","","","","","","","ns-1477.awsdns-56.org","ns-1775.awsdns-29.co.uk","ns-6.awsdns-00.com","ns-847.awsdns-41.net","OK","","",""
"26","eldapharm.com","2020-05-13 11:09:41","2020-05-11","2020-05-11","2021-05-11","303","PDR Ltd. d/b/a PublicDomainRegistry.com","whois.publicdomainregistry.com","http://www.publicdomainregistry.com","GDPR Masked","GDPR Masked","GDPR Masked","GDPR Masked","","GDPR Masked","Croatia","gdpr-masking@gdpr-masked.com","GDPR Masked","GDPR Masked","GDPR Masked","GDPR Masked","GDPR Masked","GDPR Masked","GDPR Masked","GDPR Masked","GDPR Masked","gdpr-masking@gdpr-masked.com","GDPR Masked","GDPR Masked","GDPR Masked","GDPR Masked","GDPR Masked","GDPR Masked","GDPR Masked","GDPR Masked","GDPR Masked","gdpr-masking@gdpr-masked.com","GDPR Masked","GDPR Masked","","","","","","","","","","","dns1.vogon.hr","dns2.vogon.hr","","","clientTransferProhibited","","",""
"27","enjoy-more.com","2020-05-13 09:15:24","2020-05-09","2020-05-09","2022-05-09","146","GoDaddy.com, LLC","whois.godaddy.com","http://registrar.godaddy.com","","","","","Croatia","","Croatia","","","","","","","","","","","","","","","","","","","","","","","","","","","","","","","","","","ns55.domaincontrol.com","ns56.domaincontrol.com","","","clientDeleteProhibited","clientRenewProhibited","clientTransferProhibited","clientUpdateProhibited"
"28","experioso.com","2020-05-13 10:03:52","2020-05-10","2020-05-10","2021-05-10","146","GoDaddy.com, LLC","whois.godaddy.com","http://registrar.godaddy.com","Radionica Ideja","Radionica Ideja","","","Dalmatia","","Croatia","","","","","","","","","","","","","","","","","","","","","","","","","","","","","","","","","","ns75.domaincontrol.com","ns76.domaincontrol.com","","","clientDeleteProhibited","clientRenewProhibited","clientTransferProhibited","clientUpdateProhibited"
"29","financijska-strategija.com","2020-05-13 20:22:27","2020-05-11","","2021-05-11","15","Corehub, S.R.L.","whois.corehub.net","http://www.corehub.net","Zeljko Jakopic","Zeljko Jakopic","","","","","Croatia","","","","","","","","","","","","","","REGica.NET d.o.o.","REGica.NET d.o.o.","","","none","","Croatia","","","","","","","","","","","","","","dns.iskon.hr","dns2.iskon.hr","","","OK","","",""
"30","flowerdeliveryutah.com","2020-05-13 20:55:54","2020-05-12","2020-05-12","2021-05-12","146","GoDaddy.com, LLC","whois.godaddy.com","http://registrar.godaddy.com","Toni Baradic","Toni Baradic","","","Croatia","","Croatia","","","","","","","","","","","","","","","","","","","","","","","","","","","","","","","","","","ns1.dan.com","ns2.dan.com","","","clientDeleteProhibited","clientRenewProhibited","clientTransferProhibited","clientUpdateProhibited"
"31","fovvu.com","2020-05-13 20:39:26","2020-05-11","2020-05-11","2021-05-11","3615","DropCatch.com 1406 LLC","","","Leon Olovec","","S. Kolara 22b","Petrinja","Sisacko-Moslavacka","44250","Croatia","leon.rockyrock@gmail.com","+385.958613360","","Leon Olovec","","S. Kolara 22b","Petrinja","Sisacko-Moslavacka","44250","Croatia","leon.rockyrock@gmail.com","+385.958613360","","Leon Olovec","","S. Kolara 22b","Petrinja","Sisacko-Moslavacka","44250","Croatia","leon.rockyrock@gmail.com","+385.958613360","","","","","","","","","","","","ns1.brandbucket.com","ns2.brandbucket.com","","","clientTransferProhibited","","",""
"32","gamesofterracon.com","2020-05-13 06:57:15","2020-05-11","2020-05-11","2021-05-11","48","eNom, Inc.","whois.enom.com","http://www.enom.com","REDACTED FOR PRIVACY","REDACTED FOR PRIVACY","REDACTED FOR PRIVACY","REDACTED FOR PRIVACY","SPLITSKO DALMATINSKA","REDACTED FOR PRIVACY","Croatia","","REDACTED FOR PRIVACY","REDACTED FOR PRIVACY","REDACTED FOR PRIVACY","REDACTED FOR PRIVACY","REDACTED FOR PRIVACY","REDACTED FOR PRIVACY","REDACTED FOR PRIVACY","REDACTED FOR PRIVACY","REDACTED FOR PRIVACY","","REDACTED FOR PRIVACY","REDACTED FOR PRIVACY","REDACTED FOR PRIVACY","REDACTED FOR PRIVACY","REDACTED FOR PRIVACY","REDACTED FOR PRIVACY","REDACTED FOR PRIVACY","REDACTED FOR PRIVACY","REDACTED FOR PRIVACY","","REDACTED FOR PRIVACY","REDACTED FOR PRIVACY","","","","","","","","","","","ns1.terraplanet.net","ns2.terraplanet.net","","","addPeriod","clientTransferProhibited","",""
"33","gaming-nomad.com","2020-05-13 08:01:34","2020-05-11","2020-05-11","2021-05-11","146","GoDaddy.com, LLC","whois.godaddy.com","http://registrar.godaddy.com","","","","","Croatia","","Croatia","","","","","","","","","","","","","","","","","","","","","","","","","","","","","","","","","","ns1.shockhosting.net","ns2.shockhosting.net","","","clientDeleteProhibited","clientRenewProhibited","clientTransferProhibited","clientUpdateProhibited"
"34","genesis-masternode.com","2020-05-13 07:32:13","2020-05-11","2020-05-11","2022-05-11","146","GoDaddy.com, LLC","whois.godaddy.com","http://registrar.godaddy.com","Base58","Base58","","","Slavonia","","Croatia","","","","","","","","","","","","","","","","","","","","","","","","","","","","","","","","","","ns07.domaincontrol.com","ns08.domaincontrol.com","","","clientDeleteProhibited","clientRenewProhibited","clientTransferProhibited","clientUpdateProhibited"
"35","geocustos.com","2020-05-13 20:57:36","2020-05-12","2020-05-12","2021-05-12","113","CSL Computer Service Langenbach GmbH d/b/a joker.com","whois.joker.com","http://www.joker.com","Drustvo za ekoloska istrazivanja PAKS","Drustvo za ekoloska istrazivanja PAKS","","","","","Croatia","","","","","","","","","","","","","","","","","","","","","","","","","","","","","","","","","","ns1.mojsite.com","ns2.mojsite.com","","","clientTransferProhibited","","",""
"36","geocustos.net","2020-05-14 00:09:59","2020-05-12","2020-05-12","2021-05-12","113","CSL Computer Service Langenbach GmbH d/b/a joker.com","whois.joker.com","http://www.joker.com","Drustvo za ekoloska istrazivanja PAKS","Drustvo za ekoloska istrazivanja PAKS","","","","","Croatia","","","","","","","","","","","","","","","","","","","","","","","","","","","","","","","","","","ns1.mojsite.com","ns2.mojsite.com","","","clientTransferProhibited","","",""
"37","gorella-bam.com","2020-05-13 20:48:35","2020-05-12","2020-05-12","2021-05-12","146","GoDaddy.com, LLC","whois.godaddy.com","http://registrar.godaddy.com","Gauss d.o.o.","Gauss d.o.o.","","","HR","","Croatia","","","","","","","","","","","","","","","","","","","","","","","","","","","","","","","","","","ns31.domaincontrol.com","ns32.domaincontrol.com","","","clientDeleteProhibited","clientRenewProhibited","clientTransferProhibited","clientUpdateProhibited"
"38","greenleafexcellence.com","2020-05-13 20:08:49","2020-05-12","","2021-05-12","15","Corehub, S.R.L.","whois.corehub.net","http://www.corehub.net","Eventful","Eventful","","","","","Croatia","","","","","","","","","","","","","","REGica.NET d.o.o.","REGica.NET d.o.o.","","","none","","Croatia","","","","","","","","","","","","","","dns.iskon.hr","dns2.iskon.hr","","","OK","","",""
"39","haus-ivana.com","2020-05-13 07:39:09","2020-05-11","2020-05-11","2022-05-11","1505","Gransy s.r.o. d/b/a subreg.cz","whois.regtons.com","http://regtons.com","Not Disclosed Not Disclosed","Anton Ocepek","Not Disclosed","Not Disclosed","","Not Disclosed","Croatia","webproxy@whoisprotection.domains","Not Disclosed","Not Disclosed","Not Disclosed Not Disclosed","","Not Disclosed","Not Disclosed","Not Disclosed","Not Disclosed","Not Disclosed","webproxy@whoisprotection.domains","Not Disclosed","Not Disclosed","Not Disclosed Not Disclosed","","Not Disclosed","Not Disclosed","Not Disclosed","Not Disclosed","Not Disclosed","webproxy@whoisprotection.domains","Not Disclosed","Not Disclosed","","","","","","","","","","","ns29.neoserv.si","ns30.neoserv.si","","","clientTransferProhibited","","",""
"40","herfeets.com","2020-05-13 20:32:00","2020-05-11","2020-05-12","2021-05-11","886","Domain.com, LLC","whois.domain.com","http://www.domain.com","REDACTED FOR PRIVACY","REDACTED FOR PRIVACY","REDACTED FOR PRIVACY","REDACTED FOR PRIVACY","NA","REDACTED FOR PRIVACY","Croatia","","REDACTED FOR PRIVACY","REDACTED FOR PRIVACY","REDACTED FOR PRIVACY","REDACTED FOR PRIVACY","REDACTED FOR PRIVACY","REDACTED FOR PRIVACY","REDACTED FOR PRIVACY","REDACTED FOR PRIVACY","REDACTED FOR PRIVACY","","REDACTED FOR PRIVACY","REDACTED FOR PRIVACY","REDACTED FOR PRIVACY","REDACTED FOR PRIVACY","REDACTED FOR PRIVACY","REDACTED FOR PRIVACY","REDACTED FOR PRIVACY","REDACTED FOR PRIVACY","REDACTED FOR PRIVACY","","REDACTED FOR PRIVACY","REDACTED FOR PRIVACY","","","","","","","","","","","ns1.sedoparking.com","ns2.sedoparking.com","","","","","",""
"41","huvvu.com","2020-05-13 09:39:52","2020-05-09","2020-05-09","2021-05-09","2648","DropCatch.com 889 LLC","whois.namebright.com","http://www.namebright.com","Leon Olovec","","S. Kolara 22b","Petrinja","Sisacko-Moslavacka","44250","Croatia","leon.rockyrock@gmail.com","+385.958613360","","Leon Olovec","","S. Kolara 22b","Petrinja","Sisacko-Moslavacka","44250","Croatia","leon.rockyrock@gmail.com","+385.958613360","","Leon Olovec","","S. Kolara 22b","Petrinja","Sisacko-Moslavacka","44250","Croatia","leon.rockyrock@gmail.com","+385.958613360","","","","","","","","","","","","ns1.brandbucket.com","ns2.brandbucket.com","","","clientTransferProhibited","","",""
"42","igor-games.com","2020-05-13 10:04:12","2020-05-10","2020-05-10","2022-05-10","303","PDR Ltd. d/b/a PublicDomainRegistry.com","whois.publicdomainregistry.com","http://www.publicdomainregistry.com","GDPR Masked","GDPR Masked","GDPR Masked","GDPR Masked","Primorsko-goranska","GDPR Masked","Croatia","gdpr-masking@gdpr-masked.com","GDPR Masked","GDPR Masked","GDPR Masked","GDPR Masked","GDPR Masked","GDPR Masked","GDPR Masked","GDPR Masked","GDPR Masked","gdpr-masking@gdpr-masked.com","GDPR Masked","GDPR Masked","GDPR Masked","GDPR Masked","GDPR Masked","GDPR Masked","GDPR Masked","GDPR Masked","GDPR Masked","gdpr-masking@gdpr-masked.com","GDPR Masked","GDPR Masked","","","","","","","","","","","ns1.crohost.net","ns2.crohost.net","","","clientTransferProhibited","","",""
"43","industriemontagens.com","2020-05-13 19:39:30","2020-05-12","2020-05-12","2021-05-12","1647","Hosting Concepts B.V. dba Openprovider","whois.registrar.eu","http://www.openprovider.com","REDACTED FOR PRIVACY","Industriemontage NS","REDACTED FOR PRIVACY","REDACTED FOR PRIVACY","Brodsko Posavska","REDACTED FOR PRIVACY","Croatia","","REDACTED FOR PRIVACY","REDACTED FOR PRIVACY","REDACTED FOR PRIVACY","REDACTED FOR PRIVACY","REDACTED FOR PRIVACY","REDACTED FOR PRIVACY","REDACTED FOR PRIVACY","REDACTED FOR PRIVACY","REDACTED FOR PRIVACY","","REDACTED FOR PRIVACY","REDACTED FOR PRIVACY","REDACTED FOR PRIVACY","REDACTED FOR PRIVACY","REDACTED FOR PRIVACY","REDACTED FOR PRIVACY","REDACTED FOR PRIVACY","REDACTED FOR PRIVACY","REDACTED FOR PRIVACY","","REDACTED FOR PRIVACY","REDACTED FOR PRIVACY","","","","","","","","","","","ns1.totohost.com","ns2.totohost.com","ns3.totohost.com","ns4.totohost.com","clientTransferProhibited","ok","",""
"44","inewsa.com","2020-05-13 10:04:33","2020-05-10","","2021-05-10","1068","NameCheap, Inc.","whois.namecheap.com","http://www.namecheap.com","Matijas Batalic","","Splitska 5","Stobrec","Dalmatia","21311","Croatia","mbatalic@gmail.com","+385.21457980","","Matijas Batalic","","Splitska 5","Stobrec","Dalmatia","21311","Croatia","mbatalic@gmail.com","+385.21457980","","Matijas Batalic","","Splitska 5","Stobrec","Dalmatia","21311","Croatia","mbatalic@gmail.com","+385.21457980","","","","","","","","","","","","ns1.byethost20.org","ns2.byethost20.org","","","clientTransferProhibited","","",""
"45","kcm-club.com","2020-05-13 19:54:40","2020-05-12","2020-05-12","2021-05-12","1387","1API GmbH","whois.1api.net","http://www.1api.net","REDACTED FOR PRIVACY","REDACTED FOR PRIVACY","REDACTED FOR PRIVACY","REDACTED FOR PRIVACY","NA","REDACTED FOR PRIVACY","Croatia","","REDACTED FOR PRIVACY","","REDACTED FOR PRIVACY","REDACTED FOR PRIVACY","REDACTED FOR PRIVACY","REDACTED FOR PRIVACY","REDACTED FOR PRIVACY","REDACTED FOR PRIVACY","REDACTED FOR PRIVACY","","REDACTED FOR PRIVACY","","REDACTED FOR PRIVACY","REDACTED FOR PRIVACY","REDACTED FOR PRIVACY","REDACTED FOR PRIVACY","REDACTED FOR PRIVACY","REDACTED FOR PRIVACY","REDACTED FOR PRIVACY","","REDACTED FOR PRIVACY","","","","","","","","","","","","ns1.wmd-ssd3.com","ns2.wmd-ssd3.com","","","clientTransferProhibited","","",""
"46","kcm-club.net","2020-05-14 00:08:43","2020-05-12","2020-05-12","2021-05-12","1387","1API GmbH","whois.1api.net","http://www.1api.net","REDACTED FOR PRIVACY","REDACTED FOR PRIVACY","REDACTED FOR PRIVACY","REDACTED FOR PRIVACY","NA","REDACTED FOR PRIVACY","Croatia","","REDACTED FOR PRIVACY","","REDACTED FOR PRIVACY","REDACTED FOR PRIVACY","REDACTED FOR PRIVACY","REDACTED FOR PRIVACY","REDACTED FOR PRIVACY","REDACTED FOR PRIVACY","REDACTED FOR PRIVACY","","REDACTED FOR PRIVACY","","REDACTED FOR PRIVACY","REDACTED FOR PRIVACY","REDACTED FOR PRIVACY","REDACTED FOR PRIVACY","REDACTED FOR PRIVACY","REDACTED FOR PRIVACY","REDACTED FOR PRIVACY","","REDACTED FOR PRIVACY","","","","","","","","","","","","ns1.wmd-ssd3.com","ns2.wmd-ssd3.com","","","clientTransferProhibited","","",""
"47","kortex-q.com","2020-05-13 10:55:43","2020-05-11","2020-05-11","2021-05-11","955","Launchpad, Inc.","whois.launchpad.com","http://www.launchpad.com","GDPR Masked","GDPR Masked","GDPR Masked","GDPR Masked","Bjelovarsko-bilogorska","GDPR Masked","Croatia","gdpr-masking@gdpr-masked.com","GDPR Masked","GDPR Masked","GDPR Masked","GDPR Masked","GDPR Masked","GDPR Masked","GDPR Masked","GDPR Masked","GDPR Masked","gdpr-masking@gdpr-masked.com","GDPR Masked","GDPR Masked","GDPR Masked","GDPR Masked","GDPR Masked","GDPR Masked","GDPR Masked","GDPR Masked","GDPR Masked","gdpr-masking@gdpr-masked.com","GDPR Masked","GDPR Masked","","","","","","","","","","","ns1.hostgator.com","ns2.hostgator.com","","","clientTransferProhibited","","",""
"48","lika-store.com","2020-05-13 10:57:06","2020-05-11","2020-05-11","2021-05-11","303","PDR Ltd. d/b/a PublicDomainRegistry.com","whois.publicdomainregistry.com","http://www.publicdomainregistry.com","GDPR Masked","GDPR Masked","GDPR Masked","GDPR Masked","Zagreb","GDPR Masked","Croatia","gdpr-masking@gdpr-masked.com","GDPR Masked","GDPR Masked","GDPR Masked","GDPR Masked","GDPR Masked","GDPR Masked","GDPR Masked","GDPR Masked","GDPR Masked","gdpr-masking@gdpr-masked.com","GDPR Masked","GDPR Masked","GDPR Masked","GDPR Masked","GDPR Masked","GDPR Masked","GDPR Masked","GDPR Masked","GDPR Masked","gdpr-masking@gdpr-masked.com","GDPR Masked","GDPR Masked","","","","","","","","","","","dns1.orbis.hr","dns2.orbis.hr","","","clientTransferProhibited","","",""
"49","likalive.com","2020-05-13 10:57:03","2020-05-11","2020-05-11","2021-05-11","303","PDR Ltd. d/b/a PublicDomainRegistry.com","whois.publicdomainregistry.com","http://www.publicdomainregistry.com","GDPR Masked","GDPR Masked","GDPR Masked","GDPR Masked","Zagreb","GDPR Masked","Croatia","gdpr-masking@gdpr-masked.com","GDPR Masked","GDPR Masked","GDPR Masked","GDPR Masked","GDPR Masked","GDPR Masked","GDPR Masked","GDPR Masked","GDPR Masked","gdpr-masking@gdpr-masked.com","GDPR Masked","GDPR Masked","GDPR Masked","GDPR Masked","GDPR Masked","GDPR Masked","GDPR Masked","GDPR Masked","GDPR Masked","gdpr-masking@gdpr-masked.com","GDPR Masked","GDPR Masked","","","","","","","","","","","dns1.orbis.hr","dns2.orbis.hr","","","clientTransferProhibited","","",""
"50","liquidationcalgary.com","2020-05-13 20:12:34","2020-05-12","2020-05-12","2021-05-12","146","GoDaddy.com, LLC","whois.godaddy.com","http://registrar.godaddy.com","Toni Baradic","Toni Baradic","","","Croatia","","Croatia","","","","","","","","","","","","","","","","","","","","","","","","","","","","","","","","","","ns1.dan.com","ns2.dan.com","","","clientDeleteProhibited","clientRenewProhibited","clientTransferProhibited","clientUpdateProhibited"
"51","luckybetstate.com","2020-05-13 19:38:25","2020-05-12","2020-05-12","2021-05-12","146","GoDaddy.com, LLC","whois.godaddy.com","http://registrar.godaddy.com","","","","","Zagreba\u010dka \u017eupanija","","Croatia","","","","","","","","","","","","","","","","","","","","","","","","","","","","","","","","","","ns1.sedoparking.com","ns2.sedoparking.com","","","OK","","",""
"52","m-souvenir-gift-shop.com","2020-05-13 11:02:59","2020-05-11","2020-05-11","2021-05-11","113","CSL Computer Service Langenbach GmbH d/b/a joker.com","whois.joker.com","http://www.joker.com","","","","","","","Croatia","","","","","","","","","","","","","","","","","","","","","","","","","","","","","","","","","","ns1.infoitdns.com","ns2.infoitdns.com","","","clientTransferProhibited","","",""
"53","markoandrasec.com","2020-05-13 06:58:37","2020-05-11","2020-05-11","2021-05-11","146","GoDaddy.com, LLC","whois.godaddy.com","http://registrar.godaddy.com","","","","","Medjimurje","","Croatia","","","","","","","","","","","","","","","","","","","","","","","","","","","","","","","","","","ns07.domaincontrol.com","ns08.domaincontrol.com","","","clientDeleteProhibited","clientRenewProhibited","clientTransferProhibited","clientUpdateProhibited"
"54","merit7.com","2020-05-13 07:02:02","2020-05-11","","2021-05-11","15","Corehub, S.R.L.","whois.corehub.net","http://www.corehub.net","","","","","","","Croatia","","","","","","","","","","","","","","REGica.NET d.o.o.","REGica.NET d.o.o.","","","none","","Croatia","","","","","","","","","","","","","","ns1.croadria.com","ns2.croadria.com","","","OK","","",""
"55","meritchamber.com","2020-05-13 07:02:06","2020-05-11","","2021-05-11","15","Corehub, S.R.L.","whois.corehub.net","http://www.corehub.net","","","","","","","Croatia","","","","","","","","","","","","","","REGica.NET d.o.o.","REGica.NET d.o.o.","","","none","","Croatia","","","","","","","","","","","","","","ns1.croadria.com","ns2.croadria.com","","","OK","","",""
"56","meritrental.com","2020-05-13 07:02:02","2020-05-11","","2021-05-11","15","Corehub, S.R.L.","whois.corehub.net","http://www.corehub.net","","","","","","","Croatia","","","","","","","","","","","","","","REGica.NET d.o.o.","REGica.NET d.o.o.","","","none","","Croatia","","","","","","","","","","","","","","ns1.croadria.com","ns2.croadria.com","","","OK","","",""
"57","meritvilla.com","2020-05-13 07:02:01","2020-05-11","","2021-05-11","15","Corehub, S.R.L.","whois.corehub.net","http://www.corehub.net","","","","","","","Croatia","","","","","","","","","","","","","","REGica.NET d.o.o.","REGica.NET d.o.o.","","","none","","Croatia","","","","","","","","","","","","","","ns1.croadria.com","ns2.croadria.com","","","OK","","",""
"58","mississauganutritionist.com","2020-05-13 20:54:52","2020-05-12","2020-05-12","2021-05-12","146","GoDaddy.com, LLC","whois.godaddy.com","http://registrar.godaddy.com","Toni Baradic","Toni Baradic","","","Croatia","","Croatia","","","","","","","","","","","","","","","","","","","","","","","","","","","","","","","","","","ns1.dan.com","ns2.dan.com","verification-019d7b0f.ns3.dan.hosting","","clientDeleteProhibited","clientRenewProhibited","clientTransferProhibited","clientUpdateProhibited"
"59","mk-organizacija.com","2020-05-13 20:42:46","2020-05-12","2020-05-12","2021-05-12","1647","Hosting Concepts B.V. dba Openprovider","whois.registrar.eu","http://www.openprovider.com","REDACTED FOR PRIVACY","Lobit usluge j.d.o.o.","REDACTED FOR PRIVACY","REDACTED FOR PRIVACY","","REDACTED FOR PRIVACY","Croatia","","REDACTED FOR PRIVACY","REDACTED FOR PRIVACY","REDACTED FOR PRIVACY","REDACTED FOR PRIVACY","REDACTED FOR PRIVACY","REDACTED FOR PRIVACY","REDACTED FOR PRIVACY","REDACTED FOR PRIVACY","REDACTED FOR PRIVACY","","REDACTED FOR PRIVACY","REDACTED FOR PRIVACY","REDACTED FOR PRIVACY","REDACTED FOR PRIVACY","REDACTED FOR PRIVACY","REDACTED FOR PRIVACY","REDACTED FOR PRIVACY","REDACTED FOR PRIVACY","REDACTED FOR PRIVACY","","REDACTED FOR PRIVACY","REDACTED FOR PRIVACY","","","","","","","","","","","ns1.totohost.com","ns2.totohost.com","ns3.totohost.com","ns4.totohost.com","clientTransferProhibited","ok","",""
"60","moneo-savjetovanje.com","2020-05-13 20:05:42","2020-05-12","2020-05-12","2021-05-12","82","OnlineNIC, Inc.","whois.onlinenic.com","http://www.onlinenic.com","Josko Martinac","Josko Martinac","","","HR","","Croatia","","","","","","","","","","","","","","","","","","","","","","","","","","","","","","","","","","mars.paranid.net","mars2.paranid.net","","","OK","","",""
"61","moneylish.com","2020-05-13 20:45:43","2020-05-12","2020-05-12","2021-05-12","146","GoDaddy.com, LLC","whois.godaddy.com","http://registrar.godaddy.com","","","","","Zagreba\u010dka \u017eupanija","","Croatia","","","","","","","","","","","","","","","","","","","","","","","","","","","","","","","","","","ns1.sedoparking.com","ns2.sedoparking.com","","","clientDeleteProhibited","clientRenewProhibited","clientTransferProhibited","clientUpdateProhibited"
"62","najbolja-trgovina.com","2020-05-13 08:03:48","2020-05-10","2020-05-11","2021-05-10","1647","Hosting Concepts B.V. dba Openprovider","whois.registrar.eu","http://www.openprovider.com","REDACTED FOR PRIVACY","S-PRO, Obrt za usluge, vl. Stjepan Vlasic","REDACTED FOR PRIVACY","REDACTED FOR PRIVACY","","REDACTED FOR PRIVACY","Croatia","","REDACTED FOR PRIVACY","REDACTED FOR PRIVACY","REDACTED FOR PRIVACY","REDACTED FOR PRIVACY","REDACTED FOR PRIVACY","REDACTED FOR PRIVACY","REDACTED FOR PRIVACY","REDACTED FOR PRIVACY","REDACTED FOR PRIVACY","","REDACTED FOR PRIVACY","REDACTED FOR PRIVACY","REDACTED FOR PRIVACY","REDACTED FOR PRIVACY","REDACTED FOR PRIVACY","REDACTED FOR PRIVACY","REDACTED FOR PRIVACY","REDACTED FOR PRIVACY","REDACTED FOR PRIVACY","","REDACTED FOR PRIVACY","REDACTED FOR PRIVACY","","","","","","","","","","","ns1.openprovider.nl","ns2.openprovider.be","ns3.openprovider.eu","","clientTransferProhibited","ok","",""
"63","novikatalozi.com","2020-05-13 20:10:16","2020-05-12","2020-05-12","2021-05-12","303","PDR Ltd. d/b/a PublicDomainRegistry.com","whois.publicdomainregistry.com","http://www.publicdomainregistry.com","GDPR Masked","GDPR Masked","GDPR Masked","GDPR Masked","Grad Zagreb","GDPR Masked","Croatia","gdpr-masking@gdpr-masked.com","GDPR Masked","GDPR Masked","GDPR Masked","GDPR Masked","GDPR Masked","GDPR Masked","GDPR Masked","GDPR Masked","GDPR Masked","gdpr-masking@gdpr-masked.com","GDPR Masked","GDPR Masked","GDPR Masked","GDPR Masked","GDPR Masked","GDPR Masked","GDPR Masked","GDPR Masked","GDPR Masked","gdpr-masking@gdpr-masked.com","GDPR Masked","GDPR Masked","","","","","","","","","","","ns1.crohost.net","ns2.crohost.net","","","clientTransferProhibited","","",""
"64","payasyoustay.com","2020-05-13 20:13:28","2020-05-12","2020-05-12","2021-05-12","146","GoDaddy.com, LLC","whois.godaddy.com","http://registrar.godaddy.com","","","","","Croatia","","Croatia","","","","","","","","","","","","","","","","","","","","","","","","","","","","","","","","","","ns1.uniregistrymarket.link","ns2.uniregistrymarket.link","","","clientDeleteProhibited","clientRenewProhibited","clientTransferProhibited","clientUpdateProhibited"
"65","pentagramofhealth.com","2020-05-13 20:48:00","2020-05-12","2020-05-12","2021-05-12","48","eNom, Inc.","whois.enom.com","http://www.enom.com","REDACTED FOR PRIVACY","REDACTED FOR PRIVACY","REDACTED FOR PRIVACY","REDACTED FOR PRIVACY","REDACTED FOR PRIVACY","REDACTED FOR PRIVACY","Croatia","","REDACTED FOR PRIVACY","REDACTED FOR PRIVACY","REDACTED FOR PRIVACY","REDACTED FOR PRIVACY","REDACTED FOR PRIVACY","REDACTED FOR PRIVACY","REDACTED FOR PRIVACY","REDACTED FOR PRIVACY","REDACTED FOR PRIVACY","","REDACTED FOR PRIVACY","REDACTED FOR PRIVACY","REDACTED FOR PRIVACY","REDACTED FOR PRIVACY","REDACTED FOR PRIVACY","REDACTED FOR PRIVACY","REDACTED FOR PRIVACY","REDACTED FOR PRIVACY","REDACTED FOR PRIVACY","","REDACTED FOR PRIVACY","REDACTED FOR PRIVACY","","","","","","","","","","","ns1.terrakom.hr","ns2.terrakom.hr","","","addPeriod","clientTransferProhibited","",""
"66","philadelphia-papirnica.com","2020-05-13 20:57:36","2020-05-12","2020-05-12","2021-05-12","113","CSL Computer Service Langenbach GmbH d/b/a joker.com","whois.joker.com","http://www.joker.com","FORSET d.o.o.","FORSET d.o.o.","","","","","Croatia","","","","","","","","","","","","","","","","","","","","","","","","","","","","","","","","","","ns1.mojsite.com","ns2.mojsite.com","","","clientTransferProhibited","","",""
"67","prehranasportasa.com","2020-05-13 20:45:54","2020-05-12","2020-05-12","2021-05-12","1647","Hosting Concepts B.V. dba Openprovider","whois.registrar.eu","http://www.openprovider.com","REDACTED FOR PRIVACY","Help Desk d.o.o.","REDACTED FOR PRIVACY","REDACTED FOR PRIVACY","Splitsko-dalmatinska","REDACTED FOR PRIVACY","Croatia","","REDACTED FOR PRIVACY","REDACTED FOR PRIVACY","REDACTED FOR PRIVACY","REDACTED FOR PRIVACY","REDACTED FOR PRIVACY","REDACTED FOR PRIVACY","REDACTED FOR PRIVACY","REDACTED FOR PRIVACY","REDACTED FOR PRIVACY","","REDACTED FOR PRIVACY","REDACTED FOR PRIVACY","REDACTED FOR PRIVACY","REDACTED FOR PRIVACY","REDACTED FOR PRIVACY","REDACTED FOR PRIVACY","REDACTED FOR PRIVACY","REDACTED FOR PRIVACY","REDACTED FOR PRIVACY","","REDACTED FOR PRIVACY","REDACTED FOR PRIVACY","","","","","","","","","","","ns1.totohost.com","ns2.totohost.com","ns3.totohost.com","ns4.totohost.com","clientTransferProhibited","ok","",""
"68","propermerit.com","2020-05-13 07:02:01","2020-05-11","","2021-05-11","15","Corehub, S.R.L.","whois.corehub.net","http://www.corehub.net","","","","","","","Croatia","","","","","","","","","","","","","","REGica.NET d.o.o.","REGica.NET d.o.o.","","","none","","Croatia","","","","","","","","","","","","","","ns1.croadria.com","ns2.croadria.com","","","OK","","",""
"69","qhse-crosco.com","2020-05-13 20:46:57","2020-05-11","2020-05-13","2021-05-11","69","Tucows Domains Inc.","whois.tucows.com","http://domainhelp.opensrs.net","REDACTED FOR PRIVACY","REDACTED FOR PRIVACY","REDACTED FOR PRIVACY","REDACTED FOR PRIVACY","HR","REDACTED FOR PRIVACY","Croatia","","REDACTED FOR PRIVACY","REDACTED FOR PRIVACY","REDACTED FOR PRIVACY","REDACTED FOR PRIVACY","REDACTED FOR PRIVACY","REDACTED FOR PRIVACY","REDACTED FOR PRIVACY","REDACTED FOR PRIVACY","REDACTED FOR PRIVACY","","REDACTED FOR PRIVACY","REDACTED FOR PRIVACY","REDACTED FOR PRIVACY","REDACTED FOR PRIVACY","REDACTED FOR PRIVACY","REDACTED FOR PRIVACY","REDACTED FOR PRIVACY","REDACTED FOR PRIVACY","REDACTED FOR PRIVACY","","REDACTED FOR PRIVACY","REDACTED FOR PRIVACY","","","","","","","","","","","ns1.site4now.net","ns2.site4now.net","ns3.site4now.net","","OK","","",""
"70","queen-cruises.net","2020-05-13 19:10:13","2020-05-12","2020-05-12","2021-05-12","955","Launchpad, Inc.","whois.launchpad.com","http://www.launchpad.com","GDPR Masked","GDPR Masked","GDPR Masked","GDPR Masked","Split","GDPR Masked","Croatia","gdpr-masking@gdpr-masked.com","GDPR Masked","GDPR Masked","GDPR Masked","GDPR Masked","GDPR Masked","GDPR Masked","GDPR Masked","GDPR Masked","GDPR Masked","gdpr-masking@gdpr-masked.com","GDPR Masked","GDPR Masked","GDPR Masked","GDPR Masked","GDPR Masked","GDPR Masked","GDPR Masked","GDPR Masked","GDPR Masked","gdpr-masking@gdpr-masked.com","GDPR Masked","GDPR Masked","","","","","","","","","","","ns8191.hostgator.com","ns8192.hostgator.com","","","clientTransferProhibited","","",""
"71","reverusa.com","2020-05-13 20:52:53","2020-05-11","2020-05-11","2021-05-11","146","GoDaddy.com, LLC","whois.godaddy.com","http://registrar.godaddy.com","","","","","Croatia","","Croatia","","","","","","","","","","","","","","","","","","","","","","","","","","","","","","","","","","ns27.domaincontrol.com","ns28.domaincontrol.com","","","clientDeleteProhibited","clientRenewProhibited","clientTransferProhibited","clientUpdateProhibited"
"72","rtxhost.com","2020-05-13 21:02:46","2020-05-12","2020-05-12","2021-05-12","303","PDR Ltd. d/b/a PublicDomainRegistry.com","whois.publicdomainregistry.com","http://www.publicdomainregistry.com","GDPR Masked","GDPR Masked","GDPR Masked","GDPR Masked","","GDPR Masked","Croatia","gdpr-masking@gdpr-masked.com","GDPR Masked","GDPR Masked","GDPR Masked","GDPR Masked","GDPR Masked","GDPR Masked","GDPR Masked","GDPR Masked","GDPR Masked","gdpr-masking@gdpr-masked.com","GDPR Masked","GDPR Masked","GDPR Masked","GDPR Masked","GDPR Masked","GDPR Masked","GDPR Masked","GDPR Masked","GDPR Masked","gdpr-masking@gdpr-masked.com","GDPR Masked","GDPR Masked","","","","","","","","","","","dns1.cdn.hr","dns2.cdn.hr","","","clientTransferProhibited","","",""
"73","savagetechreviews.com","2020-05-13 09:58:46","2020-05-10","2020-05-10","2021-05-10","69","Tucows Domains Inc.","whois.tucows.com","http://domainhelp.opensrs.net","REDACTED FOR PRIVACY","REDACTED FOR PRIVACY","REDACTED FOR PRIVACY","REDACTED FOR PRIVACY","XX","REDACTED FOR PRIVACY","Croatia","","REDACTED FOR PRIVACY","REDACTED FOR PRIVACY","REDACTED FOR PRIVACY","REDACTED FOR PRIVACY","REDACTED FOR PRIVACY","REDACTED FOR PRIVACY","REDACTED FOR PRIVACY","REDACTED FOR PRIVACY","REDACTED FOR PRIVACY","","REDACTED FOR PRIVACY","REDACTED FOR PRIVACY","REDACTED FOR PRIVACY","REDACTED FOR PRIVACY","REDACTED FOR PRIVACY","REDACTED FOR PRIVACY","REDACTED FOR PRIVACY","REDACTED FOR PRIVACY","REDACTED FOR PRIVACY","","REDACTED FOR PRIVACY","REDACTED FOR PRIVACY","","","","","","","","","","","ns1.gnld1035.siteground.eu","ns2.gnld1035.siteground.eu","","","clientTransferProhibited","clientUpdateProhibited","",""
"74","seattlefunctionalmedicine.com","2020-05-13 20:54:50","2020-05-12","2020-05-12","2021-05-12","146","GoDaddy.com, LLC","whois.godaddy.com","http://registrar.godaddy.com","Toni Baradic","Toni Baradic","","","Croatia","","Croatia","","","","","","","","","","","","","","","","","","","","","","","","","","","","","","","","","","ns1.dan.com","ns2.dan.com","","","clientDeleteProhibited","clientRenewProhibited","clientTransferProhibited","clientUpdateProhibited"
"75","sigurnosnisustavi.com","2020-05-13 10:57:18","2020-05-11","2020-05-11","2021-05-11","303","PDR Ltd. d/b/a PublicDomainRegistry.com","whois.publicdomainregistry.com","http://www.publicdomainregistry.com","GDPR Masked","GDPR Masked","GDPR Masked","GDPR Masked","Grad Zagreb","GDPR Masked","Croatia","gdpr-masking@gdpr-masked.com","GDPR Masked","GDPR Masked","GDPR Masked","GDPR Masked","GDPR Masked","GDPR Masked","GDPR Masked","GDPR Masked","GDPR Masked","gdpr-masking@gdpr-masked.com","GDPR Masked","GDPR Masked","GDPR Masked","GDPR Masked","GDPR Masked","GDPR Masked","GDPR Masked","GDPR Masked","GDPR Masked","gdpr-masking@gdpr-masked.com","GDPR Masked","GDPR Masked","","","","","","","","","","","ns1.mydataknox.com","ns2.mydataknox.com","","","clientTransferProhibited","","",""
"76","simebilic.com","2020-05-13 20:53:01","2020-05-12","2020-05-12","2021-05-12","303","PDR Ltd. d/b/a PublicDomainRegistry.com","whois.publicdomainregistry.com","http://www.publicdomainregistry.com","GDPR Masked","GDPR Masked","GDPR Masked","GDPR Masked","Cro","GDPR Masked","Croatia","gdpr-masking@gdpr-masked.com","GDPR Masked","GDPR Masked","GDPR Masked","GDPR Masked","GDPR Masked","GDPR Masked","GDPR Masked","GDPR Masked","GDPR Masked","gdpr-masking@gdpr-masked.com","GDPR Masked","GDPR Masked","GDPR Masked","GDPR Masked","GDPR Masked","GDPR Masked","GDPR Masked","GDPR Masked","GDPR Masked","gdpr-masking@gdpr-masked.com","GDPR Masked","GDPR Masked","","","","","","","","","","","ns1.dns-parking.com","ns2.dns-parking.com","","","clientTransferProhibited","","",""
"77","skola-astrologije.com","2020-05-13 20:27:18","2020-05-11","2020-05-11","2021-05-11","106","Ascio Technologies, Inc. Danmark - Filial af Ascio technologies, Inc. USA","whois.ascio.com","http://www.ascio.com","Not Disclosed","Not Disclosed","Not Disclosed","Not Disclosed","","Not Disclosed","Croatia","","Not Disclosed","Not Disclosed","Not Disclosed","Not Disclosed","Not Disclosed","Not Disclosed","Not Disclosed","Not Disclosed","Not Disclosed","","Not Disclosed","Not Disclosed","Not Disclosed","Not Disclosed","Not Disclosed","Not Disclosed","Not Disclosed","Not Disclosed","Not Disclosed","","Not Disclosed","Not Disclosed","","","","","","","","","","","dns1.123hjemmeside.dk","dns2.123hjemmeside.dk","dns3.123hjemmeside.dk","","OK","","",""
"78","slychain.com","2020-05-13 07:17:13","2020-05-11","2020-05-11","2021-05-11","303","PDR Ltd. d/b/a PublicDomainRegistry.com","whois.publicdomainregistry.com","http://www.publicdomainregistry.com","GDPR Masked","GDPR Masked","GDPR Masked","GDPR Masked","","GDPR Masked","Croatia","gdpr-masking@gdpr-masked.com","GDPR Masked","GDPR Masked","GDPR Masked","GDPR Masked","GDPR Masked","GDPR Masked","GDPR Masked","GDPR Masked","GDPR Masked","gdpr-masking@gdpr-masked.com","GDPR Masked","GDPR Masked","GDPR Masked","GDPR Masked","GDPR Masked","GDPR Masked","GDPR Masked","GDPR Masked","GDPR Masked","gdpr-masking@gdpr-masked.com","GDPR Masked","GDPR Masked","","","","","","","","","","","dns1.cdn.hr","dns2.cdn.hr","","","clientTransferProhibited","","",""
"79","spikerkopriva.com","2020-05-13 19:34:10","2020-05-12","2020-05-12","2021-05-12","113","CSL Computer Service Langenbach GmbH d/b/a joker.com","whois.joker.com","http://www.joker.com","Kopriva, vl. Damir Kopriva","Kopriva, vl. Damir Kopriva","","","","","Croatia","","","","","","","","","","","","","","","","","","","","","","","","","","","","","","","","","","ns1.mojsite.com","ns2.mojsite.com","","","clientTransferProhibited","","",""
"80","sportskimarketing.com","2020-05-13 07:01:56","2020-05-11","2020-05-11","2021-05-11","146","GoDaddy.com, LLC","whois.godaddy.com","http://registrar.godaddy.com","Marijan Palic","Marijan Palic","","","Osijek","","Croatia","","","","","","","","","","","","","","","","","","","","","","","","","","","","","","","","","","ns39.domaincontrol.com","ns40.domaincontrol.com","","","clientDeleteProhibited","clientRenewProhibited","clientTransferProhibited","clientUpdateProhibited"
"81","srajner.com","2020-05-13 20:59:46","2020-05-12","","2021-05-12","15","Corehub, S.R.L.","whois.corehub.net","http://www.corehub.net","","","","","","","Croatia","","","","","","","","","","","","","","REGica.NET d.o.o.","REGica.NET d.o.o.","","","none","","Croatia","","","","","","","","","","","","","","ns1.server-061.com","ns2.server-061.com","","","OK","","",""
"82","stap-online.com","2020-05-13 10:00:35","2020-05-10","2020-05-10","2022-05-10","146","GoDaddy.com, LLC","whois.godaddy.com","http://registrar.godaddy.com","Adricom d.o.o.","Adricom d.o.o.","","","Primorsko-Goranska Zupanija","","Croatia","","","","","","","","","","","","","","","","","","","","","","","","","","","","","","","","","","kevin.ns.cloudflare.com","tegan.ns.cloudflare.com","","","clientDeleteProhibited","clientRenewProhibited","clientTransferProhibited","clientUpdateProhibited"
"83","strongetic.com","2020-05-13 10:49:43","2020-05-10","2020-05-10","2022-05-10","146","GoDaddy.com, LLC","whois.godaddy.com","http://registrar.godaddy.com","","","","","Viroviticko-Podravska Zupanija","","Croatia","","","","","","","","","","","","","","","","","","","","","","","","","","","","","","","","","","ns39.domaincontrol.com","ns40.domaincontrol.com","","","clientDeleteProhibited","clientRenewProhibited","clientTransferProhibited","clientUpdateProhibited"
"84","studioljepotebygoga.com","2020-05-13 07:34:11","2020-05-11","2020-05-11","2021-05-11","113","CSL Computer Service Langenbach GmbH d/b/a joker.com","whois.joker.com","http://www.joker.com","KEATIVNI KOTACIC j.d.o.o.","KEATIVNI KOTACIC j.d.o.o.","","","","","Croatia","","","","","","","","","","","","","","","","","","","","","","","","","","","","","","","","","","ns1.infoitdns.com","ns2.infoitdns.com","","","clientTransferProhibited","","",""
"85","sveakcije.com","2020-05-13 20:13:31","2020-05-12","2020-05-12","2021-05-12","303","PDR Ltd. d/b/a PublicDomainRegistry.com","whois.publicdomainregistry.com","http://www.publicdomainregistry.com","GDPR Masked","GDPR Masked","GDPR Masked","GDPR Masked","Grad Zagreb","GDPR Masked","Croatia","gdpr-masking@gdpr-masked.com","GDPR Masked","GDPR Masked","GDPR Masked","GDPR Masked","GDPR Masked","GDPR Masked","GDPR Masked","GDPR Masked","GDPR Masked","gdpr-masking@gdpr-masked.com","GDPR Masked","GDPR Masked","GDPR Masked","GDPR Masked","GDPR Masked","GDPR Masked","GDPR Masked","GDPR Masked","GDPR Masked","gdpr-masking@gdpr-masked.com","GDPR Masked","GDPR Masked","","","","","","","","","","","ns1.crohost.net","ns2.crohost.net","","","clientTransferProhibited","","",""
"86","svijet-zastite.com","2020-05-13 08:00:12","2020-05-11","2020-05-11","2021-05-11","146","GoDaddy.com, LLC","whois.godaddy.com","http://registrar.godaddy.com","","","","","Croatia","","Croatia","","","","","","","","","","","","","","","","","","","","","","","","","","","","","","","","","","ns07.domaincontrol.com","ns08.domaincontrol.com","","","clientDeleteProhibited","clientRenewProhibited","clientTransferProhibited","clientUpdateProhibited"
"87","thesilkentrepreneur.com","2020-05-13 09:12:30","2020-05-09","2020-05-09","2021-05-09","146","GoDaddy.com, LLC","whois.godaddy.com","http://registrar.godaddy.com","","","","","Grad Zagreb/ Croatia","","Croatia","","","","","","","","","","","","","","","","","","","","","","","","","","","","","","","","","","ns63.domaincontrol.com","ns64.domaincontrol.com","","","clientDeleteProhibited","clientRenewProhibited","clientTransferProhibited","clientUpdateProhibited"
"88","tpetrinovic.com","2020-05-13 09:17:25","2020-05-09","2020-05-09","2021-05-09","303","PDR Ltd. d/b/a PublicDomainRegistry.com","whois.publicdomainregistry.com","http://www.publicdomainregistry.com","GDPR Masked","GDPR Masked","GDPR Masked","GDPR Masked","Hrvatska","GDPR Masked","Croatia","gdpr-masking@gdpr-masked.com","GDPR Masked","GDPR Masked","GDPR Masked","GDPR Masked","GDPR Masked","GDPR Masked","GDPR Masked","GDPR Masked","GDPR Masked","gdpr-masking@gdpr-masked.com","GDPR Masked","GDPR Masked","GDPR Masked","GDPR Masked","GDPR Masked","GDPR Masked","GDPR Masked","GDPR Masked","GDPR Masked","gdpr-masking@gdpr-masked.com","GDPR Masked","GDPR Masked","","","","","","","","","","","ns1.dns-parking.com","ns2.dns-parking.com","","","clientTransferProhibited","","",""
"89","travelphotosgallery.info","2020-05-14 00:15:47","2020-05-12","2020-05-12","2021-05-12","146","GoDaddy.com, LLC","whois.godaddy.com","http://registrar.godaddy.com","","","","","Sisak-Moslavina","","Croatia","","","","","","","","","","","","","","","","","","","","","","","","","","","","","","","","","","ns29.domaincontrol.com","ns30.domaincontrol.com","","","addPeriod","clientDeleteProhibited","clientRenewProhibited","clientTransferProhibited"
"90","trazimodom.com","2020-05-13 06:57:29","2020-05-11","2020-05-11","2021-05-11","303","PDR Ltd. d/b/a PublicDomainRegistry.com","whois.publicdomainregistry.com","http://www.publicdomainregistry.com","GDPR Masked","GDPR Masked","GDPR Masked","GDPR Masked","Grad Zagreb","GDPR Masked","Croatia","gdpr-masking@gdpr-masked.com","GDPR Masked","GDPR Masked","GDPR Masked","GDPR Masked","GDPR Masked","GDPR Masked","GDPR Masked","GDPR Masked","GDPR Masked","gdpr-masking@gdpr-masked.com","GDPR Masked","GDPR Masked","GDPR Masked","GDPR Masked","GDPR Masked","GDPR Masked","GDPR Masked","GDPR Masked","GDPR Masked","gdpr-masking@gdpr-masked.com","GDPR Masked","GDPR Masked","","","","","","","","","","","ns1.mydataknox.com","ns2.mydataknox.com","","","clientTransferProhibited","","",""
"91","tryroster.com","2020-05-13 11:00:57","2020-05-11","2020-05-11","2021-05-11","113","CSL Computer Service Langenbach GmbH d/b/a joker.com","whois.joker.com","http://www.joker.com","POSLuH Hosting d.o.o.","POSLuH Hosting d.o.o.","","","","","Croatia","","","","","","","","","","","","","","","","","","","","","","","","","","","","","","","","","","dns3.posluh.hr","dns4.posluh.hr","","","clientTransferProhibited","","",""
"92","ukusnoifino.com","2020-05-13 20:10:10","2020-05-12","2020-05-12","2021-05-12","303","PDR Ltd. d/b/a PublicDomainRegistry.com","whois.publicdomainregistry.com","http://www.publicdomainregistry.com","GDPR Masked","GDPR Masked","GDPR Masked","GDPR Masked","Grad Zagreb","GDPR Masked","Croatia","gdpr-masking@gdpr-masked.com","GDPR Masked","GDPR Masked","GDPR Masked","GDPR Masked","GDPR Masked","GDPR Masked","GDPR Masked","GDPR Masked","GDPR Masked","gdpr-masking@gdpr-masked.com","GDPR Masked","GDPR Masked","GDPR Masked","GDPR Masked","GDPR Masked","GDPR Masked","GDPR Masked","GDPR Masked","GDPR Masked","gdpr-masking@gdpr-masked.com","GDPR Masked","GDPR Masked","","","","","","","","","","","ns1.crohost.net","ns2.crohost.net","","","clientTransferProhibited","","",""
"93","vegehrana.com","2020-05-13 19:55:43","2020-05-12","2020-05-12","2021-05-12","303","PDR Ltd. d/b/a PublicDomainRegistry.com","whois.publicdomainregistry.com","http://www.publicdomainregistry.com","GDPR Masked","GDPR Masked","GDPR Masked","GDPR Masked","Grad Zagreb","GDPR Masked","Croatia","gdpr-masking@gdpr-masked.com","GDPR Masked","GDPR Masked","GDPR Masked","GDPR Masked","GDPR Masked","GDPR Masked","GDPR Masked","GDPR Masked","GDPR Masked","gdpr-masking@gdpr-masked.com","GDPR Masked","GDPR Masked","GDPR Masked","GDPR Masked","GDPR Masked","GDPR Masked","GDPR Masked","GDPR Masked","GDPR Masked","gdpr-masking@gdpr-masked.com","GDPR Masked","GDPR Masked","","","","","","","","","","","ns1.crohost.net","ns2.crohost.net","","","clientTransferProhibited","","",""
"94","virtual-crypto-exchange.com","2020-05-13 08:30:05","2020-05-10","2020-05-12","2021-05-10","886","Domain.com, LLC","whois.domain.com","http://www.domain.com","REDACTED FOR PRIVACY","REDACTED FOR PRIVACY","REDACTED FOR PRIVACY","REDACTED FOR PRIVACY","NA","REDACTED FOR PRIVACY","Croatia","","REDACTED FOR PRIVACY","REDACTED FOR PRIVACY","REDACTED FOR PRIVACY","REDACTED FOR PRIVACY","REDACTED FOR PRIVACY","REDACTED FOR PRIVACY","REDACTED FOR PRIVACY","REDACTED FOR PRIVACY","REDACTED FOR PRIVACY","","REDACTED FOR PRIVACY","REDACTED FOR PRIVACY","REDACTED FOR PRIVACY","REDACTED FOR PRIVACY","REDACTED FOR PRIVACY","REDACTED FOR PRIVACY","REDACTED FOR PRIVACY","REDACTED FOR PRIVACY","REDACTED FOR PRIVACY","","REDACTED FOR PRIVACY","REDACTED FOR PRIVACY","","","","","","","","","","","ns1.sedoparking.com","ns2.sedoparking.com","","","","","",""
"95","visit-toplice.com","2020-05-13 07:39:08","2020-05-11","2020-05-11","2021-05-11","146","GoDaddy.com, LLC","whois.godaddy.com","http://registrar.godaddy.com","TYPED d.o.o.","TYPED d.o.o.","","","Varazdinska","","Croatia","","","","","","","","","","","","","","","","","","","","","","","","","","","","","","","","","","ns1.typed.agency","ns2.typed.agency","","","clientDeleteProhibited","clientRenewProhibited","clientTransferProhibited","clientUpdateProhibited"
"96","visokogradnja.com","2020-05-13 11:08:52","2020-05-11","2020-05-11","2021-05-11","15","Corehub, S.R.L.","whois.corehub.net","http://www.corehub.net","Voda j.d.o.o.","Voda j.d.o.o.","","","","","Croatia","","","","","","","","","","","","","","REGica.NET d.o.o.","REGica.NET d.o.o.","","","none","","Croatia","","","","","","","","","","","","","","ns1.es81.siteground.eu","ns2.es81.siteground.eu","","","OK","","",""
"97","vividusdesign.com","2020-05-13 11:07:03","2020-05-11","2020-05-11","2021-05-11","82","OnlineNIC, Inc.","whois.onlinenic.com","http://www.onlinenic.com","Vividus Design","Vividus Design","","","HR","","Croatia","","","","","","","","","","","","","","","","","","","","","","","","","","","","","","","","","","ns2.paranid.net","ns3.paranid.net","","","OK","","",""
"98","xaraco.com","2020-05-13 19:43:32","2020-05-11","2020-05-11","2021-05-11","1774","DropCatch.com 363 LLC","whois.namebright.com","http://www.dropcatch363.com","Leon Olovec","","S. Kolara 22b","Petrinja","Sisacko-Moslavacka","44250","Croatia","leon.rockyrock@gmail.com","+385.958613360","","Leon Olovec","","S. Kolara 22b","Petrinja","Sisacko-Moslavacka","44250","Croatia","leon.rockyrock@gmail.com","+385.958613360","","Leon Olovec","","S. Kolara 22b","Petrinja","Sisacko-Moslavacka","44250","Croatia","leon.rockyrock@gmail.com","+385.958613360","","","","","","","","","","","","ns1.brandbucket.com","ns2.brandbucket.com","","","clientTransferProhibited","","",""
"99","zelenicaj.com","2020-05-13 08:11:17","2020-05-10","2020-05-10","2021-05-10","113","CSL Computer Service Langenbach GmbH d/b/a joker.com","whois.joker.com","http://www.joker.com","","","","","","","Croatia","","","","","","","","","","","","","","","","","","","","","","","","","","","","","","","","","","ns1.infoitdns.com","ns2.infoitdns.com","","","clientTransferProhibited","","",""
"100","zelimtireci.com","2020-05-13 07:00:05","2020-05-11","2020-05-11","2021-05-11","303","PDR Ltd. d/b/a PublicDomainRegistry.com","whois.publicdomainregistry.com","http://www.publicdomainregistry.com","GDPR Masked","GDPR Masked","GDPR Masked","GDPR Masked","Grad Zagreb","GDPR Masked","Croatia","gdpr-masking@gdpr-masked.com","GDPR Masked","GDPR Masked","GDPR Masked","GDPR Masked","GDPR Masked","GDPR Masked","GDPR Masked","GDPR Masked","GDPR Masked","gdpr-masking@gdpr-masked.com","GDPR Masked","GDPR Masked","GDPR Masked","GDPR Masked","GDPR Masked","GDPR Masked","GDPR Masked","GDPR Masked","GDPR Masked","gdpr-masking@gdpr-masked.com","GDPR Masked","GDPR Masked","","","","","","","","","","","ns1.studio4web.com","ns2.studio4web.com","","","clientTransferProhibited","","",""