"num","domain_name","query_time","create_date","update_date","expiry_date","domain_registrar_id","domain_registrar_name","domain_registrar_whois","domain_registrar_url","registrant_name","registrant_company","registrant_address","registrant_city","registrant_state","registrant_zip","registrant_country","registrant_email","registrant_phone","registrant_fax","administrative_name","administrative_company","administrative_address","administrative_city","administrative_state","administrative_zip","administrative_country","administrative_email","administrative_phone","administrative_fax","technical_name","technical_company","technical_address","technical_city","technical_state","technical_zip","technical_country","technical_email","technical_phone","technical_fax","billing_name","billing_company","billing_address","billing_city","billing_state","billing_zip","billing_country","billing_email","billing_phone","billing_fax","name_server_1","name_server_2","name_server_3","name_server_4","domain_status_1","domain_status_2","domain_status_3","domain_status_4"
"1","311-paiddel-activdom-on.biz","2020-05-13 14:44:14","2020-05-11","","2021-05-11","106","Ascio Technologies, Inc. Danmark - Filial af Ascio technologies, Inc. USA","whois.ascio.com","http://www.ascio.com","","","","","","","Denmark","","","","","","","","","","","","","","","","","","","","","","","","","","","","","","","","","","dns1.123hjemmeside.dk","dns2.123hjemmeside.dk","dns3.123hjemmeside.dk","","addPeriod","ok","",""
"2","312-paiddel-activdom-off.com","2020-05-13 11:00:17","2020-05-11","2020-05-11","2021-05-11","106","Ascio Technologies, Inc. Danmark - Filial af Ascio technologies, Inc. USA","whois.ascio.com","http://www.ascio.com","Not Disclosed","Not Disclosed","Not Disclosed","Not Disclosed","","Not Disclosed","Denmark","","Not Disclosed","Not Disclosed","Not Disclosed","Not Disclosed","Not Disclosed","Not Disclosed","Not Disclosed","Not Disclosed","Not Disclosed","","Not Disclosed","Not Disclosed","Not Disclosed","Not Disclosed","Not Disclosed","Not Disclosed","Not Disclosed","Not Disclosed","Not Disclosed","","Not Disclosed","Not Disclosed","","","","","","","","","","","dns1.123hjemmeside.dk","dns2.123hjemmeside.dk","dns3.123hjemmeside.dk","","OK","","",""
"3","321-paiddel-inactivdom-on.net","2020-05-13 19:09:37","2020-05-12","2020-05-12","2021-05-12","106","Ascio Technologies, Inc. Danmark - Filial af Ascio technologies, Inc. USA","whois.ascio.com","http://www.ascio.com","Not Disclosed","Not Disclosed","Not Disclosed","Not Disclosed","","Not Disclosed","Denmark","","Not Disclosed","Not Disclosed","Not Disclosed","Not Disclosed","Not Disclosed","Not Disclosed","Not Disclosed","Not Disclosed","Not Disclosed","","Not Disclosed","Not Disclosed","Not Disclosed","Not Disclosed","Not Disclosed","Not Disclosed","Not Disclosed","Not Disclosed","Not Disclosed","","Not Disclosed","Not Disclosed","","","","","","","","","","","dns1.123hjemmeside.dk","dns2.123hjemmeside.dk","dns3.123hjemmeside.dk","","OK","","",""
"4","331-paiddel-detachdom-on.com","2020-05-13 20:42:36","2020-05-12","2020-05-12","2021-05-12","106","Ascio Technologies, Inc. Danmark - Filial af Ascio technologies, Inc. USA","whois.ascio.com","http://www.ascio.com","Not Disclosed","Not Disclosed","Not Disclosed","Not Disclosed","","Not Disclosed","Denmark","","Not Disclosed","Not Disclosed","Not Disclosed","Not Disclosed","Not Disclosed","Not Disclosed","Not Disclosed","Not Disclosed","Not Disclosed","","Not Disclosed","Not Disclosed","Not Disclosed","Not Disclosed","Not Disclosed","Not Disclosed","Not Disclosed","Not Disclosed","Not Disclosed","","Not Disclosed","Not Disclosed","","","","","","","","","","","dns1.123hjemmeside.dk","dns2.123hjemmeside.dk","dns3.123hjemmeside.dk","","OK","","",""
"5","332-paiddel-detachdom-off.com","2020-05-13 20:09:09","2020-05-12","2020-05-12","2021-05-12","106","Ascio Technologies, Inc. Danmark - Filial af Ascio technologies, Inc. USA","whois.ascio.com","http://www.ascio.com","Not Disclosed","Not Disclosed","Not Disclosed","Not Disclosed","","Not Disclosed","Denmark","","Not Disclosed","Not Disclosed","Not Disclosed","Not Disclosed","Not Disclosed","Not Disclosed","Not Disclosed","Not Disclosed","Not Disclosed","","Not Disclosed","Not Disclosed","Not Disclosed","Not Disclosed","Not Disclosed","Not Disclosed","Not Disclosed","Not Disclosed","Not Disclosed","","Not Disclosed","Not Disclosed","","","","","","","","","","","dns1.123hjemmeside.dk","dns2.123hjemmeside.dk","dns3.123hjemmeside.dk","","OK","","",""
"6","activat-nets.com","2020-05-13 07:00:23","2020-05-11","2020-05-12","2021-05-11","839","Realtime Register B.V.","whois.yoursrs.com","http://www.realtimeregister.com","REDACTED FOR PRIVACY","REDACTED FOR PRIVACY","REDACTED FOR PRIVACY","REDACTED FOR PRIVACY","Slagelse","REDACTED FOR PRIVACY","Denmark","","REDACTED FOR PRIVACY","REDACTED FOR PRIVACY","REDACTED FOR PRIVACY","REDACTED FOR PRIVACY","REDACTED FOR PRIVACY","REDACTED FOR PRIVACY","REDACTED FOR PRIVACY","REDACTED FOR PRIVACY","REDACTED FOR PRIVACY","","REDACTED FOR PRIVACY","REDACTED FOR PRIVACY","REDACTED FOR PRIVACY","REDACTED FOR PRIVACY","REDACTED FOR PRIVACY","REDACTED FOR PRIVACY","REDACTED FOR PRIVACY","REDACTED FOR PRIVACY","REDACTED FOR PRIVACY","","REDACTED FOR PRIVACY","REDACTED FOR PRIVACY","","","","","","","","","","","ns1.designrus.dk","ns2.designrus.dk","","","clientTransferProhibited","ok","",""
"7","adarou.com","2020-05-13 09:28:40","2020-05-09","2020-05-09","2021-05-09","113","CSL Computer Service Langenbach GmbH d/b/a joker.com","whois.joker.com","http://www.joker.com","","","","","","","Denmark","","","","","","","","","","","","","","","","","","","","","","","","","","","","","","","","","","ns1.shirazwebhost.ir","ns2.shirazwebhost.ir","","","clientTransferProhibited","","",""
"8","africaisthenewblack.com","2020-05-13 09:05:15","2020-05-10","2020-05-10","2021-05-10","146","GoDaddy.com, LLC","whois.godaddy.com","http://registrar.godaddy.com","Oblima","Oblima","","","DK","","Denmark","","","","","","","","","","","","","","","","","","","","","","","","","","","","","","","","","","ns27.domaincontrol.com","ns28.domaincontrol.com","","","clientDeleteProhibited","clientRenewProhibited","clientTransferProhibited","clientUpdateProhibited"
"9","ak-brands.one","2020-05-14 00:05:31","2020-05-12","2020-05-13","2021-05-12","1462","One.com A/S","whois.ripn.net","www.one.com","AK Trading ApS","AK Trading ApS","","","","","Denmark","","","","","","","","","","","","","","","","","","","","","","","","","","","","","","","","","","ns01.one.com","ns02.one.com","","","addPeriod","ok","",""
"10","algotrade4you.com","2020-05-13 07:18:50","2020-05-11","2020-05-11","2022-05-11","113","CSL Computer Service Langenbach GmbH d/b/a joker.com","whois.joker.com","http://www.joker.com","Instant Services ApS","Instant Services ApS","","","","","Denmark","","","","","","","","","","","","","","","","","","","","","","","","","","","","","","","","","","ns1.gratisdns.dk","ns2.gratisdns.dk","ns3.gratisdns.dk","ns4.gratisdns.dk","clientTransferProhibited","","",""
"11","altinakolukaj.net","2020-05-13 19:09:20","2020-05-11","2020-05-11","2021-05-11","1086","Marcaria.com International, Inc.","whois.melbourneit.com","http://www.melbourneit.com","GDPR Masked","GDPR Masked","GDPR Masked","GDPR Masked","Region Midtjylland","GDPR Masked","Denmark","gdpr-masking@gdpr-masked.com","GDPR Masked","GDPR Masked","GDPR Masked","GDPR Masked","GDPR Masked","GDPR Masked","GDPR Masked","GDPR Masked","GDPR Masked","gdpr-masking@gdpr-masked.com","GDPR Masked","GDPR Masked","GDPR Masked","GDPR Masked","GDPR Masked","GDPR Masked","GDPR Masked","GDPR Masked","GDPR Masked","gdpr-masking@gdpr-masked.com","GDPR Masked","GDPR Masked","","","","","","","","","","","ns1.montagnemedia-ks.com","ns2.montagnemedia-ks.com","","","clientTransferProhibited","","",""
"12","angelumlucis.com","2020-05-13 10:49:40","2020-05-10","2020-05-10","2021-05-10","146","GoDaddy.com, LLC","whois.godaddy.com","http://registrar.godaddy.com","","","","","Syddanmark","","Denmark","","","","","","","","","","","","","","","","","","","","","","","","","","","","","","","","","","ns27.domaincontrol.com","ns28.domaincontrol.com","","","clientDeleteProhibited","clientRenewProhibited","clientTransferProhibited","clientUpdateProhibited"
"13","apastron.net","2020-05-13 19:09:16","2020-05-11","2020-05-11","2021-05-11","113","CSL Computer Service Langenbach GmbH d/b/a joker.com","whois.joker.com","http://www.joker.com","","","","","","","Denmark","","","","","","","","","","","","","","","","","","","","","","","","","","","","","","","","","","fattouche.ns.cloudflare.com","kate.ns.cloudflare.com","","","clientTransferProhibited","","",""
"14","arazbot.com","2020-05-13 09:09:32","2020-05-10","2020-05-10","2021-05-10","113","CSL Computer Service Langenbach GmbH d/b/a joker.com","whois.joker.com","http://www.joker.com","","","","","","","Denmark","","","","","","","","","","","","","","","","","","","","","","","","","","","","","","","","","","ns1.arazbot.com","ns2.arazbot.com","","","clientTransferProhibited","","",""
"15","arditadida.net","2020-05-13 19:09:15","2020-05-11","2020-05-11","2021-05-11","1086","Marcaria.com International, Inc.","whois.melbourneit.com","http://www.melbourneit.com","GDPR Masked","GDPR Masked","GDPR Masked","GDPR Masked","Region Midtjylland","GDPR Masked","Denmark","gdpr-masking@gdpr-masked.com","GDPR Masked","GDPR Masked","GDPR Masked","GDPR Masked","GDPR Masked","GDPR Masked","GDPR Masked","GDPR Masked","GDPR Masked","gdpr-masking@gdpr-masked.com","GDPR Masked","GDPR Masked","GDPR Masked","GDPR Masked","GDPR Masked","GDPR Masked","GDPR Masked","GDPR Masked","GDPR Masked","gdpr-masking@gdpr-masked.com","GDPR Masked","GDPR Masked","","","","","","","","","","","ns1.montagnemedia-ks.com","ns2.montagnemedia-ks.com","","","clientTransferProhibited","","",""
"16","arieateb.com","2020-05-13 07:07:07","2020-05-10","2020-05-10","2021-05-10","113","CSL Computer Service Langenbach GmbH d/b/a joker.com","whois.joker.com","http://www.joker.com","","","","","","","Denmark","","","","","","","","","","","","","","","","","","","","","","","","","","","","","","","","","","ns20.kalate.site","ns21.kalate.site","","","clientTransferProhibited","","",""
"17","artisanatservice.one","2020-05-14 00:05:29","2020-05-11","","2021-05-11","1462","One.com A/S","whois.ripn.net","www.one.com","","","","","","","Denmark","","","","","","","","","","","","","","","","","","","","","","","","","","","","","","","","","","ns01.one.com","ns02.one.com","","","addPeriod","ok","",""
"18","atrezendegi.com","2020-05-13 10:03:46","2020-05-10","2020-05-12","2021-05-10","113","CSL Computer Service Langenbach GmbH d/b/a joker.com","whois.joker.com","http://www.joker.com","","","","","","","Denmark","","","","","","","","","","","","","","","","","","","","","","","","","","","","","","","","","","nia.ns.cloudflare.com","terin.ns.cloudflare.com","","","clientTransferProhibited","","",""
"19","babe-z.com","2020-05-13 07:10:26","2020-05-10","2020-05-10","2021-05-10","146","GoDaddy.com, LLC","whois.godaddy.com","http://registrar.godaddy.com","","","","","Sjalland","","Denmark","","","","","","","","","","","","","","","","","","","","","","","","","","","","","","","","","","ns27.domaincontrol.com","ns28.domaincontrol.com","","","clientDeleteProhibited","clientRenewProhibited","clientTransferProhibited","clientUpdateProhibited"
"20","barbagallotech.com","2020-05-13 20:51:41","2020-05-11","2020-05-11","2021-05-11","146","GoDaddy.com, LLC","whois.godaddy.com","http://registrar.godaddy.com","Barbagallo tech","Barbagallo tech","","","Hovedstaden","","Denmark","","","","","","","","","","","","","","","","","","","","","","","","","","","","","","","","","","ns09.domaincontrol.com","ns10.domaincontrol.com","","","clientDeleteProhibited","clientRenewProhibited","clientTransferProhibited","clientUpdateProhibited"
"21","bargrizun.com","2020-05-13 11:06:47","2020-05-11","2020-05-11","2021-05-11","113","CSL Computer Service Langenbach GmbH d/b/a joker.com","whois.joker.com","http://www.joker.com","","","","","","","Denmark","","","","","","","","","","","","","","","","","","","","","","","","","","","","","","","","","","ns1.netafrooz.com","ns2.netafrooz.com","","","clientTransferProhibited","","",""
"22","beinglightbeing.com","2020-05-13 11:06:46","2020-05-11","2020-05-11","2021-05-11","146","GoDaddy.com, LLC","whois.godaddy.com","http://registrar.godaddy.com","","","","","Hovedstaden","","Denmark","","","","","","","","","","","","","","","","","","","","","","","","","","","","","","","","","","ns13.domaincontrol.com","ns14.domaincontrol.com","","","clientDeleteProhibited","clientRenewProhibited","clientTransferProhibited","clientUpdateProhibited"
"23","bobbeat.com","2020-05-13 20:08:58","2020-05-12","2020-05-12","2021-05-12","146","GoDaddy.com, LLC","whois.godaddy.com","http://registrar.godaddy.com","","","","","Copenhagen","","Denmark","","","","","","","","","","","","","","","","","","","","","","","","","","","","","","","","","","logan.ns.cloudflare.com","rose.ns.cloudflare.com","","","clientDeleteProhibited","clientRenewProhibited","clientTransferProhibited","clientUpdateProhibited"
"24","boletoapostas.com","2020-05-13 20:27:29","2020-05-11","2020-05-11","2021-05-11","146","GoDaddy.com, LLC","whois.godaddy.com","http://registrar.godaddy.com","","","","","Select a region","","Denmark","","","","","","","","","","","","","","","","","","","","","","","","","","","","","","","","","","ns31.domaincontrol.com","ns32.domaincontrol.com","","","clientDeleteProhibited","clientRenewProhibited","clientTransferProhibited","clientUpdateProhibited"
"25","boletocasino.com","2020-05-13 20:26:43","2020-05-11","2020-05-11","2021-05-11","146","GoDaddy.com, LLC","whois.godaddy.com","http://registrar.godaddy.com","","","","","Select a region","","Denmark","","","","","","","","","","","","","","","","","","","","","","","","","","","","","","","","","","ns27.domaincontrol.com","ns28.domaincontrol.com","","","clientDeleteProhibited","clientRenewProhibited","clientTransferProhibited","clientUpdateProhibited"
"26","boletocasinos.com","2020-05-13 20:27:16","2020-05-11","2020-05-11","2021-05-11","146","GoDaddy.com, LLC","whois.godaddy.com","http://registrar.godaddy.com","","","","","Select a region","","Denmark","","","","","","","","","","","","","","","","","","","","","","","","","","","","","","","","","","ns27.domaincontrol.com","ns28.domaincontrol.com","","","clientDeleteProhibited","clientRenewProhibited","clientTransferProhibited","clientUpdateProhibited"
"27","bolt-on-solutions.com","2020-05-13 06:57:03","2020-05-11","2020-05-11","2021-05-11","113","CSL Computer Service Langenbach GmbH d/b/a joker.com","whois.joker.com","http://www.joker.com","IT Operators ApS","IT Operators ApS","","","","","Denmark","","","","","","","","","","","","","","","","","","","","","","","","","","","","","","","","","","ns1.gratisdns.dk","ns2.gratisdns.dk","ns3.gratisdns.dk","ns4.gratisdns.dk","clientTransferProhibited","","",""
"28","bonus.shopping","2020-05-13 22:36:38","2020-05-12","2020-05-12","2021-05-12","146","GoDaddy.com, LLC","whois.godaddy.com","http://registrar.godaddy.com","REDACTED FOR PRIVACY","Kiminova Holding ApS","REDACTED FOR PRIVACY","REDACTED FOR PRIVACY","Hovedstaden","REDACTED FOR PRIVACY","Denmark","","REDACTED FOR PRIVACY","REDACTED FOR PRIVACY","","","","","","","","","","","","","","","","","","","","","","","","","","","","","","","","","","","addPeriod","clientDeleteProhibited","clientRenewProhibited","clientTransferProhibited"
"29","bureau-360.com","2020-05-13 19:54:40","2020-05-12","2020-05-13","2021-05-12","69","Tucows Domains Inc.","whois.tucows.com","http://domainhelp.opensrs.net","REDACTED FOR PRIVACY","REDACTED FOR PRIVACY","REDACTED FOR PRIVACY","REDACTED FOR PRIVACY","XX","REDACTED FOR PRIVACY","Denmark","","REDACTED FOR PRIVACY","REDACTED FOR PRIVACY","REDACTED FOR PRIVACY","REDACTED FOR PRIVACY","REDACTED FOR PRIVACY","REDACTED FOR PRIVACY","REDACTED FOR PRIVACY","REDACTED FOR PRIVACY","REDACTED FOR PRIVACY","","REDACTED FOR PRIVACY","REDACTED FOR PRIVACY","REDACTED FOR PRIVACY","REDACTED FOR PRIVACY","REDACTED FOR PRIVACY","REDACTED FOR PRIVACY","REDACTED FOR PRIVACY","REDACTED FOR PRIVACY","REDACTED FOR PRIVACY","","REDACTED FOR PRIVACY","REDACTED FOR PRIVACY","","","","","","","","","","","ns1.gnldm1013.siteground.biz","ns2.gnldm1013.siteground.biz","","","clientTransferProhibited","clientUpdateProhibited","",""
"30","califiacollective.com","2020-05-13 08:03:45","2020-05-10","2020-05-10","2021-05-10","146","GoDaddy.com, LLC","whois.godaddy.com","http://registrar.godaddy.com","","","","","Hovedstaden","","Denmark","","","","","","","","","","","","","","","","","","","","","","","","","","","","","","","","","","ns23.domaincontrol.com","ns24.domaincontrol.com","","","clientDeleteProhibited","clientRenewProhibited","clientTransferProhibited","clientUpdateProhibited"
"31","careboom1.com","2020-05-13 11:08:03","2020-05-11","2020-05-11","2021-05-11","1387","1API GmbH","whois.1api.net","http://www.1api.net","Brian Pedersen","ComOn Network Aps","Nannasgade 28, 1","Copenhagen N","Region Hovedstaden","2200","Denmark","tech@keyaffiliates.com","+45.60609034","","Brian Pedersen","ComOn Network Aps","Nannasgade 28, 1","Copenhagen N","Region Hovedstaden","2200","Denmark","tech@keyaffiliates.com","+45.60609034","","Brian Pedersen","ComOn Network Aps","Nannasgade 28, 1","Copenhagen N","Region Hovedstaden","2200","Denmark","tech@keyaffiliates.com","+45.60609034","","","","","","","","","","","","ns1200.ispapi.net","ns2181.ispapi.net","ns3167.ispapi.net","","clientTransferProhibited","","",""
"32","careboom2.com","2020-05-13 11:08:02","2020-05-11","2020-05-11","2021-05-11","1387","1API GmbH","whois.1api.net","http://www.1api.net","Brian Pedersen","ComOn Network Aps","Nannasgade 28, 1","Copenhagen N","Region Hovedstaden","2200","Denmark","tech@keyaffiliates.com","+45.60609034","","Brian Pedersen","ComOn Network Aps","Nannasgade 28, 1","Copenhagen N","Region Hovedstaden","2200","Denmark","tech@keyaffiliates.com","+45.60609034","","Brian Pedersen","ComOn Network Aps","Nannasgade 28, 1","Copenhagen N","Region Hovedstaden","2200","Denmark","tech@keyaffiliates.com","+45.60609034","","","","","","","","","","","","ns1200.ispapi.net","ns2181.ispapi.net","ns3167.ispapi.net","","clientTransferProhibited","","",""
"33","careboom3.com","2020-05-13 11:07:56","2020-05-11","2020-05-11","2021-05-11","1387","1API GmbH","whois.1api.net","http://www.1api.net","Brian Pedersen","ComOn Network Aps","Nannasgade 28, 1","Copenhagen N","Region Hovedstaden","2200","Denmark","tech@keyaffiliates.com","+45.60609034","","Brian Pedersen","ComOn Network Aps","Nannasgade 28, 1","Copenhagen N","Region Hovedstaden","2200","Denmark","tech@keyaffiliates.com","+45.60609034","","Brian Pedersen","ComOn Network Aps","Nannasgade 28, 1","Copenhagen N","Region Hovedstaden","2200","Denmark","tech@keyaffiliates.com","+45.60609034","","","","","","","","","","","","ns1200.ispapi.net","ns2181.ispapi.net","ns3167.ispapi.net","","clientTransferProhibited","","",""
"34","careboom4.com","2020-05-13 11:08:03","2020-05-11","2020-05-11","2021-05-11","1387","1API GmbH","whois.1api.net","http://www.1api.net","Brian Pedersen","ComOn Network Aps","Nannasgade 28, 1","Copenhagen N","Region Hovedstaden","2200","Denmark","tech@keyaffiliates.com","+45.60609034","","Brian Pedersen","ComOn Network Aps","Nannasgade 28, 1","Copenhagen N","Region Hovedstaden","2200","Denmark","tech@keyaffiliates.com","+45.60609034","","Brian Pedersen","ComOn Network Aps","Nannasgade 28, 1","Copenhagen N","Region Hovedstaden","2200","Denmark","tech@keyaffiliates.com","+45.60609034","","","","","","","","","","","","ns1200.ispapi.net","ns2181.ispapi.net","ns3167.ispapi.net","","clientTransferProhibited","","",""
"35","casinopotion.com","2020-05-13 07:00:04","2020-05-11","2020-05-11","2021-05-11","146","GoDaddy.com, LLC","whois.godaddy.com","http://registrar.godaddy.com","","","","","Syddanmark","","Denmark","","","","","","","","","","","","","","","","","","","","","","","","","","","","","","","","","","ns13.domaincontrol.com","ns14.domaincontrol.com","","","clientDeleteProhibited","clientRenewProhibited","clientTransferProhibited","clientUpdateProhibited"
"36","charisma-antique.com","2020-05-13 07:06:14","2020-05-10","2020-05-10","2021-05-10","113","CSL Computer Service Langenbach GmbH d/b/a joker.com","whois.joker.com","http://www.joker.com","","","","","","","Denmark","","","","","","","","","","","","","","","","","","","","","","","","","","","","","","","","","","ns20.kalate.site","ns21.kalate.site","","","clientTransferProhibited","","",""
"37","chicfashion.net","2020-05-13 19:08:40","2020-05-12","2020-05-12","2021-05-12","1086","Marcaria.com International, Inc.","whois.melbourneit.com","http://www.melbourneit.com","GDPR Masked","GDPR Masked","GDPR Masked","GDPR Masked","Region Midtjylland","GDPR Masked","Denmark","gdpr-masking@gdpr-masked.com","GDPR Masked","GDPR Masked","GDPR Masked","GDPR Masked","GDPR Masked","GDPR Masked","GDPR Masked","GDPR Masked","GDPR Masked","gdpr-masking@gdpr-masked.com","GDPR Masked","GDPR Masked","GDPR Masked","GDPR Masked","GDPR Masked","GDPR Masked","GDPR Masked","GDPR Masked","GDPR Masked","gdpr-masking@gdpr-masked.com","GDPR Masked","GDPR Masked","","","","","","","","","","","ns1.montagnemedia-ks.com","ns2.montagnemedia-ks.com","","","clientTransferProhibited","","",""
"38","circuitodyssey.com","2020-05-13 19:46:04","2020-05-11","2020-05-11","2021-05-11","1387","1API GmbH","whois.1api.net","http://www.1api.net","REDACTED FOR PRIVACY","REDACTED FOR PRIVACY","REDACTED FOR PRIVACY","REDACTED FOR PRIVACY","Fyn","REDACTED FOR PRIVACY","Denmark","","REDACTED FOR PRIVACY","","REDACTED FOR PRIVACY","REDACTED FOR PRIVACY","REDACTED FOR PRIVACY","REDACTED FOR PRIVACY","REDACTED FOR PRIVACY","REDACTED FOR PRIVACY","REDACTED FOR PRIVACY","","REDACTED FOR PRIVACY","","REDACTED FOR PRIVACY","REDACTED FOR PRIVACY","REDACTED FOR PRIVACY","REDACTED FOR PRIVACY","REDACTED FOR PRIVACY","REDACTED FOR PRIVACY","REDACTED FOR PRIVACY","","REDACTED FOR PRIVACY","","","","","","","","","","","","ns1.azehosting.net","ns2.azehosting.net","ns3.azehosting.net","","clientTransferProhibited","","",""
"39","clean-doorhandle.com","2020-05-13 07:03:02","2020-05-11","2020-05-11","2021-05-11","146","GoDaddy.com, LLC","whois.godaddy.com","http://registrar.godaddy.com","Clean-doorhandle.com","Clean-doorhandle.com","","","Midtjylland","","Denmark","","","","","","","","","","","","","","","","","","","","","","","","","","","","","","","","","","ns07.domaincontrol.com","ns08.domaincontrol.com","","","clientDeleteProhibited","clientRenewProhibited","clientTransferProhibited","clientUpdateProhibited"
"40","clonear.com","2020-05-13 06:58:27","2020-05-11","2020-05-11","2021-05-11","146","GoDaddy.com, LLC","whois.godaddy.com","http://registrar.godaddy.com","","","","","VG","","Denmark","","","","","","","","","","","","","","","","","","","","","","","","","","","","","","","","","","ns23.domaincontrol.com","ns24.domaincontrol.com","","","clientDeleteProhibited","clientRenewProhibited","clientTransferProhibited","clientUpdateProhibited"
"41","conceptorials.com","2020-05-13 06:57:34","2020-05-11","2020-05-11","2021-05-11","113","CSL Computer Service Langenbach GmbH d/b/a joker.com","whois.joker.com","http://www.joker.com","","","","","","","Denmark","","","","","","","","","","","","","","","","","","","","","","","","","","","","","","","","","","ns1pri.webhosting.dk","ns2.webhosting.dk","ns3.webhosting.dk","ns7.webhosting.dk","clientTransferProhibited","","",""
"42","curvss.com","2020-05-13 09:16:51","2020-05-09","2020-05-09","2021-05-09","146","GoDaddy.com, LLC","whois.godaddy.com","http://registrar.godaddy.com","Kidman Capital","Kidman Capital","","","Nordjylland","","Denmark","","","","","","","","","","","","","","","","","","","","","","","","","","","","","","","","","","ns27.domaincontrol.com","ns28.domaincontrol.com","","","clientDeleteProhibited","clientRenewProhibited","clientTransferProhibited","clientUpdateProhibited"
"43","danish-knowledge.biz","2020-05-13 15:39:55","2020-05-05","2020-05-10","2021-05-05","1052","EuroDNS S.A.","http://whois.rotld.ro","http://www.eurodns.com","appSolutions ApS","appSolutions ApS","","","","","Denmark","","","","","","","","","","","","","","","","","","","","","","","","","","","","","","","","","","ns1.eurodns.com","ns2.eurodns.com","ns3.eurodns.com","ns4.eurodns.com","clientTransferProhibited","","",""
"44","dansknedriv.com","2020-05-13 20:48:15","2020-05-12","2020-05-12","2021-05-12","113","CSL Computer Service Langenbach GmbH d/b/a joker.com","whois.joker.com","http://www.joker.com","","","","","","","Denmark","","","","","","","","","","","","","","","","","","","","","","","","","","","","","","","","","","ns1.gratisdns.dk","ns2.gratisdns.dk","ns3.gratisdns.dk","ns4.gratisdns.dk","clientTransferProhibited","","",""
"45","destinationhimmer.land","2020-05-14 00:14:38","2020-05-12","2020-05-12","2021-05-12","1345","Key-Systems, LLC","whois.nic.uk","http://www.key-systems.net/","REDACTED FOR PRIVACY","Visit Himmerland","REDACTED FOR PRIVACY","REDACTED FOR PRIVACY","","REDACTED FOR PRIVACY","Denmark","","REDACTED FOR PRIVACY","REDACTED FOR PRIVACY","","","","","","","","","","","","","","","","","","","","","","","","","","","","","","","","","","","addPeriod","clientTransferProhibited","",""
"46","digitalmonetize.com","2020-05-13 20:41:28","2020-05-11","2020-05-11","2021-05-11","2024","DropCatch.com 544 LLC","whois.namebright.com","http://www.dropcatch544.com","Redacted for GDPR privacy","","Redacted for GDPR privacy","Redacted for GDPR privacy","Capital Region","Redacted for GDPR privacy","Denmark","","Redacted for GDPR privacy","Redacted for GDPR privacy","Redacted for GDPR privacy","Redacted for GDPR privacy","Redacted for GDPR privacy","Redacted for GDPR privacy","Redacted for GDPR privacy","Redacted for GDPR privacy","Redacted for GDPR privacy","","Redacted for GDPR privacy","Redacted for GDPR privacy","Redacted for GDPR privacy","Redacted for GDPR privacy","Redacted for GDPR privacy","Redacted for GDPR privacy","Redacted for GDPR privacy","Redacted for GDPR privacy","Redacted for GDPR privacy","","Redacted for GDPR privacy","Redacted for GDPR privacy","","","","","","","","","","","","","","","clientTransferProhibited","","",""
"47","dogshow4fun.com","2020-05-13 19:35:07","2020-05-12","2020-05-12","2021-05-12","320","TLDs LLC dba SRSplus","whois.srsplus.com","http://www.srsplus.com","Statutory Masking Enabled","Statutory Masking Enabled","Statutory Masking Enabled","Statutory Masking Enabled","","Statutory Masking Enabled","Denmark","abuse@web.com","Statutory Masking Enabled","Statutory Masking Enabled","Statutory Masking Enabled","Statutory Masking Enabled","Statutory Masking Enabled","Statutory Masking Enabled","Statutory Masking Enabled","Statutory Masking Enabled","Statutory Masking Enabled","abuse@web.com","Statutory Masking Enabled","Statutory Masking Enabled","Statutory Masking Enabled","Statutory Masking Enabled","Statutory Masking Enabled","Statutory Masking Enabled","Statutory Masking Enabled","Statutory Masking Enabled","Statutory Masking Enabled","abuse@web.com","Statutory Masking Enabled","Statutory Masking Enabled","","","","","","","","","","","ns1.easyweb.dk","ns2.easyweb.dk","ns3.easyweb.dk","","clientTransferProhibited","","",""
"48","donna.one","2020-05-14 00:05:29","2020-05-11","","2021-05-11","1462","One.com A/S","whois.ripn.net","www.one.com","","","","","","","Denmark","","","","","","","","","","","","","","","","","","","","","","","","","","","","","","","","","","ns01.one.com","ns02.one.com","","","addPeriod","ok","",""
"49","duckton.one","2020-05-14 00:05:27","2020-05-11","","2021-05-11","1462","One.com A/S","whois.ripn.net","www.one.com","","","","","","","Denmark","","","","","","","","","","","","","","","","","","","","","","","","","","","","","","","","","","ns01.one.com","ns02.one.com","","","addPeriod","ok","",""
"50","dylanthology.com","2020-05-13 19:33:42","2020-05-12","2020-05-12","2022-05-12","146","GoDaddy.com, LLC","whois.godaddy.com","http://registrar.godaddy.com","","","","","More Og Romsdal","","Denmark","","","","","","","","","","","","","","","","","","","","","","","","","","","","","","","","","","ns09.domaincontrol.com","ns10.domaincontrol.com","","","clientDeleteProhibited","clientRenewProhibited","clientTransferProhibited","clientUpdateProhibited"
"51","dylanthology.info","2020-05-14 00:23:54","2020-05-12","2020-05-12","2022-05-12","146","GoDaddy.com, LLC","whois.godaddy.com","http://registrar.godaddy.com","","","","","More Og Romsdal","","Denmark","","","","","","","","","","","","","","","","","","","","","","","","","","","","","","","","","","ns27.domaincontrol.com","ns28.domaincontrol.com","","","addPeriod","clientDeleteProhibited","clientRenewProhibited","clientTransferProhibited"
"52","dylanthology.net","2020-05-14 00:10:32","2020-05-12","2020-05-12","2022-05-12","146","GoDaddy.com, LLC","whois.godaddy.com","http://registrar.godaddy.com","","","","","More Og Romsdal","","Denmark","","","","","","","","","","","","","","","","","","","","","","","","","","","","","","","","","","ns27.domaincontrol.com","ns28.domaincontrol.com","","","clientDeleteProhibited","clientRenewProhibited","clientTransferProhibited","clientUpdateProhibited"
"53","easybitcoinup.com","2020-05-13 09:52:34","2020-05-10","2020-05-10","2021-05-10","113","CSL Computer Service Langenbach GmbH d/b/a joker.com","whois.joker.com","http://www.joker.com","","","","","","","Denmark","","","","","","","","","","","","","","","","","","","","","","","","","","","","","","","","","","ns1.snappserver.ir","ns2.snappserver.ir","","","clientTransferProhibited","","",""
"54","enelenergias.com","2020-05-13 10:51:11","2020-05-10","2020-05-10","2021-05-10","146","GoDaddy.com, LLC","whois.godaddy.com","http://registrar.godaddy.com","Hovedstaden","Hovedstaden","","","Hovedstaden","","Denmark","","","","","","","","","","","","","","","","","","","","","","","","","","","","","","","","","","ns23.domaincontrol.com","ns24.domaincontrol.com","","","clientDeleteProhibited","clientRenewProhibited","clientTransferProhibited","clientUpdateProhibited"
"55","etl.one","2020-05-14 00:05:29","2020-05-11","","2021-05-11","1462","One.com A/S","whois.ripn.net","www.one.com","ETL","ETL","","","","","Denmark","","","","","","","","","","","","","","","","","","","","","","","","","","","","","","","","","","ns01.one.com","ns02.one.com","","","addPeriod","ok","",""
"56","felixarthur.com","2020-05-13 09:35:24","2020-05-09","2020-05-09","2021-05-09","113","CSL Computer Service Langenbach GmbH d/b/a joker.com","whois.joker.com","http://www.joker.com","","","","","","","Denmark","","","","","","","","","","","","","","","","","","","","","","","","","","","","","","","","","","ns1.dns-123.net","ns2.dns-123.net","ns3.dns-123.net","","clientTransferProhibited","","",""
"57","fellini-1.com","2020-05-13 09:06:22","2020-05-10","2020-05-10","2021-05-10","106","Ascio Technologies, Inc. Danmark - Filial af Ascio technologies, Inc. USA","whois.ascio.com","http://www.ascio.com","Not Disclosed","Not Disclosed","Not Disclosed","Not Disclosed","","Not Disclosed","Denmark","","Not Disclosed","Not Disclosed","Not Disclosed","Not Disclosed","Not Disclosed","Not Disclosed","Not Disclosed","Not Disclosed","Not Disclosed","","Not Disclosed","Not Disclosed","Not Disclosed","Not Disclosed","Not Disclosed","Not Disclosed","Not Disclosed","Not Disclosed","Not Disclosed","","Not Disclosed","Not Disclosed","","","","","","","","","","","dns1.123hjemmeside.dk","dns2.123hjemmeside.dk","dns3.123hjemmeside.dk","","OK","","",""
"58","fitbaybox.com","2020-05-13 20:07:13","2020-05-12","2020-05-12","2021-05-12","303","PDR Ltd. d/b/a PublicDomainRegistry.com","whois.publicdomainregistry.com","http://www.publicdomainregistry.com","GDPR Masked","GDPR Masked","GDPR Masked","GDPR Masked","Denmark","GDPR Masked","Denmark","gdpr-masking@gdpr-masked.com","GDPR Masked","GDPR Masked","GDPR Masked","GDPR Masked","GDPR Masked","GDPR Masked","GDPR Masked","GDPR Masked","GDPR Masked","gdpr-masking@gdpr-masked.com","GDPR Masked","GDPR Masked","GDPR Masked","GDPR Masked","GDPR Masked","GDPR Masked","GDPR Masked","GDPR Masked","GDPR Masked","gdpr-masking@gdpr-masked.com","GDPR Masked","GDPR Masked","","","","","","","","","","","ns1.dns-parking.com","ns2.dns-parking.com","","","clientTransferProhibited","","",""
"59","fixregnskab.com","2020-05-13 09:58:20","2020-05-10","2020-05-10","2021-05-10","146","GoDaddy.com, LLC","whois.godaddy.com","http://registrar.godaddy.com","FixRegnskab.com","FixRegnskab.com","","","Hovedstaden","","Denmark","","","","","","","","","","","","","","","","","","","","","","","","","","","","","","","","","","ns63.domaincontrol.com","ns64.domaincontrol.com","","","clientDeleteProhibited","clientRenewProhibited","clientTransferProhibited","clientUpdateProhibited"
"60","forever-ir.com","2020-05-13 07:16:38","2020-05-11","2020-05-11","2021-05-11","113","CSL Computer Service Langenbach GmbH d/b/a joker.com","whois.joker.com","http://www.joker.com","","","","","","","Denmark","","","","","","","","","","","","","","","","","","","","","","","","","","","","","","","","","","ns20.kalate.site","ns21.kalate.site","","","clientTransferProhibited","","",""
"61","genmab-at-asco-2020.com","2020-05-13 20:50:53","2020-05-12","2020-05-12","2021-05-12","106","Ascio Technologies, Inc. Danmark - Filial af Ascio technologies, Inc. USA","whois.ascio.com","http://www.ascio.com","Not Disclosed","Not Disclosed","Not Disclosed","Not Disclosed","","Not Disclosed","Denmark","","Not Disclosed","Not Disclosed","Not Disclosed","Not Disclosed","Not Disclosed","Not Disclosed","Not Disclosed","Not Disclosed","Not Disclosed","","Not Disclosed","Not Disclosed","Not Disclosed","Not Disclosed","Not Disclosed","Not Disclosed","Not Disclosed","Not Disclosed","Not Disclosed","","Not Disclosed","Not Disclosed","","","","","","","","","","","authns1.webpartner.dk","authns2.webpartner.dk","","","OK","","",""
"62","ghodrate-zehn.com","2020-05-13 20:45:37","2020-05-12","2020-05-12","2021-05-12","113","CSL Computer Service Langenbach GmbH d/b/a joker.com","whois.joker.com","http://www.joker.com","","","","","","","Denmark","","","","","","","","","","","","","","","","","","","","","","","","","","","","","","","","","","ns20.kalate.site","ns21.kalate.site","","","clientTransferProhibited","","",""
"63","grapevinewonder.com","2020-05-13 19:32:58","2020-05-12","2020-05-12","2021-05-12","146","GoDaddy.com, LLC","whois.godaddy.com","http://registrar.godaddy.com","","","","","Midtjylland","","Denmark","","","","","","","","","","","","","","","","","","","","","","","","","","","","","","","","","","ns27.domaincontrol.com","ns28.domaincontrol.com","","","clientDeleteProhibited","clientRenewProhibited","clientTransferProhibited","clientUpdateProhibited"
"64","greenenergy.partners","2020-05-13 19:17:22","2020-05-11","2020-05-11","2022-05-11","1345","Key-Systems, LLC","whois.nic.uk","http://www.key-systems.net/","REDACTED FOR PRIVACY","Danish Wind Partners","REDACTED FOR PRIVACY","REDACTED FOR PRIVACY","","REDACTED FOR PRIVACY","Denmark","","REDACTED FOR PRIVACY","REDACTED FOR PRIVACY","","","","","","","","","","","","","","","","","","","","","","","","","","","","","","","","","","","addPeriod","","",""
"65","heraldsofeternity.com","2020-05-13 07:38:58","2020-05-11","2020-05-11","2022-05-11","113","CSL Computer Service Langenbach GmbH d/b/a joker.com","whois.joker.com","http://www.joker.com","","","","","","","Denmark","","","","","","","","","","","","","","","","","","","","","","","","","","","","","","","","","","ns1.gratisdns.dk","ns2.gratisdns.dk","ns3.gratisdns.dk","ns4.gratisdns.dk","clientTransferProhibited","","",""
"66","hiddensoda.com","2020-05-13 10:41:38","2020-05-10","2020-05-10","2021-05-10","146","GoDaddy.com, LLC","whois.godaddy.com","http://registrar.godaddy.com","","","","","Midtjylland","","Denmark","","","","","","","","","","","","","","","","","","","","","","","","","","","","","","","","","","ns27.domaincontrol.com","ns28.domaincontrol.com","","","clientDeleteProhibited","clientRenewProhibited","clientTransferProhibited","clientUpdateProhibited"
"67","himmer.land","2020-05-14 00:14:39","2020-05-12","2020-05-12","2021-05-12","1345","Key-Systems, LLC","whois.nic.uk","http://www.key-systems.net/","REDACTED FOR PRIVACY","Visit Himmerland","REDACTED FOR PRIVACY","REDACTED FOR PRIVACY","","REDACTED FOR PRIVACY","Denmark","","REDACTED FOR PRIVACY","REDACTED FOR PRIVACY","","","","","","","","","","","","","","","","","","","","","","","","","","","","","","","","","","","addPeriod","clientTransferProhibited","",""
"68","igkala.com","2020-05-13 09:19:31","2020-05-09","2020-05-09","2021-05-09","113","CSL Computer Service Langenbach GmbH d/b/a joker.com","whois.joker.com","http://www.joker.com","","","","","","","Denmark","","","","","","","","","","","","","","","","","","","","","","","","","","","","","","","","","","ns38.netafrooz.com","ns39.netafrooz.com","","","clientTransferProhibited","","",""
"69","jaberitool.com","2020-05-13 11:00:53","2020-05-11","2020-05-11","2021-05-11","113","CSL Computer Service Langenbach GmbH d/b/a joker.com","whois.joker.com","http://www.joker.com","","","","","","","Denmark","","","","","","","","","","","","","","","","","","","","","","","","","","","","","","","","","","ns20.kalate.site","ns21.kalate.site","","","clientTransferProhibited","","",""
"70","jaberitools.com","2020-05-13 11:05:39","2020-05-11","2020-05-11","2021-05-11","113","CSL Computer Service Langenbach GmbH d/b/a joker.com","whois.joker.com","http://www.joker.com","","","","","","","Denmark","","","","","","","","","","","","","","","","","","","","","","","","","","","","","","","","","","ns20.kalate.site","ns21.kalate.site","","","clientTransferProhibited","","",""
"71","jadetfinthej.com","2020-05-13 09:19:32","2020-05-09","2020-05-09","2021-05-09","303","PDR Ltd. d/b/a PublicDomainRegistry.com","whois.publicdomainregistry.com","http://www.publicdomainregistry.com","GDPR Masked","GDPR Masked","GDPR Masked","GDPR Masked","Jylland","GDPR Masked","Denmark","gdpr-masking@gdpr-masked.com","GDPR Masked","GDPR Masked","GDPR Masked","GDPR Masked","GDPR Masked","GDPR Masked","GDPR Masked","GDPR Masked","GDPR Masked","gdpr-masking@gdpr-masked.com","GDPR Masked","GDPR Masked","GDPR Masked","GDPR Masked","GDPR Masked","GDPR Masked","GDPR Masked","GDPR Masked","GDPR Masked","gdpr-masking@gdpr-masked.com","GDPR Masked","GDPR Masked","","","","","","","","","","","ns1.dns-parking.com","ns2.dns-parking.com","","","clientTransferProhibited","","",""
"72","jagguarlandrover.com","2020-05-13 09:49:18","2020-05-10","2020-05-10","2021-05-10","303","PDR Ltd. d/b/a PublicDomainRegistry.com","whois.publicdomainregistry.com","http://www.publicdomainregistry.com","GDPR Masked","GDPR Masked","GDPR Masked","GDPR Masked","Copenhagen, Denmark","GDPR Masked","Denmark","gdpr-masking@gdpr-masked.com","GDPR Masked","GDPR Masked","GDPR Masked","GDPR Masked","GDPR Masked","GDPR Masked","GDPR Masked","GDPR Masked","GDPR Masked","gdpr-masking@gdpr-masked.com","GDPR Masked","GDPR Masked","GDPR Masked","GDPR Masked","GDPR Masked","GDPR Masked","GDPR Masked","GDPR Masked","GDPR Masked","gdpr-masking@gdpr-masked.com","GDPR Masked","GDPR Masked","","","","","","","","","","","earth.monovm.com","mars.monovm.com","mercury.monovm.com","venus.monovm.com","clientTransferProhibited","","",""
"73","jkennelclub.com","2020-05-13 20:42:23","2020-05-12","2020-05-12","2021-05-12","113","CSL Computer Service Langenbach GmbH d/b/a joker.com","whois.joker.com","http://www.joker.com","","","","","","","Denmark","","","","","","","","","","","","","","","","","","","","","","","","","","","","","","","","","","ns20.kalate.site","ns21.kalate.site","","","clientTransferProhibited","","",""
"74","kafshstore.com","2020-05-13 10:58:36","2020-05-11","2020-05-11","2021-05-11","113","CSL Computer Service Langenbach GmbH d/b/a joker.com","whois.joker.com","http://www.joker.com","","","","","","","Denmark","","","","","","","","","","","","","","","","","","","","","","","","","","","","","","","","","","ns20.kalate.site","ns21.kalate.site","","","clientTransferProhibited","","",""
"75","kiamonjezi.com","2020-05-13 09:56:43","2020-05-10","2020-05-10","2021-05-10","113","CSL Computer Service Langenbach GmbH d/b/a joker.com","whois.joker.com","http://www.joker.com","","","","","","","Denmark","","","","","","","","","","","","","","","","","","","","","","","","","","","","","","","","","","ns20.kalate.site","ns21.kalate.site","","","clientTransferProhibited","","",""
"76","kiarashkhosravi.com","2020-05-13 07:00:04","2020-05-11","2020-05-11","2021-05-11","113","CSL Computer Service Langenbach GmbH d/b/a joker.com","whois.joker.com","http://www.joker.com","","","","","","","Denmark","","","","","","","","","","","","","","","","","","","","","","","","","","","","","","","","","","ns20.kalate.site","ns21.kalate.site","","","clientTransferProhibited","","",""
"77","kimiyayenam.com","2020-05-13 20:10:44","2020-05-12","2020-05-12","2021-05-12","113","CSL Computer Service Langenbach GmbH d/b/a joker.com","whois.joker.com","http://www.joker.com","","","","","","","Denmark","","","","","","","","","","","","","","","","","","","","","","","","","","","","","","","","","","ns1.netafrooz.com","ns2.netafrooz.com","","","clientTransferProhibited","","",""
"78","kimiyayenam.net","2020-05-14 00:08:41","2020-05-12","2020-05-12","2021-05-12","113","CSL Computer Service Langenbach GmbH d/b/a joker.com","whois.joker.com","http://www.joker.com","","","","","","","Denmark","","","","","","","","","","","","","","","","","","","","","","","","","","","","","","","","","","ns1.netafrooz.com","ns2.netafrooz.com","","","clientTransferProhibited","","",""
"79","kingeaglemarketing.com","2020-05-13 08:28:15","2020-05-10","2020-05-10","2021-05-10","146","GoDaddy.com, LLC","whois.godaddy.com","http://registrar.godaddy.com","Kingealemarketing","Kingealemarketing","","","Sjalland","","Denmark","","","","","","","","","","","","","","","","","","","","","","","","","","","","","","","","","","ns23.domaincontrol.com","ns24.domaincontrol.com","","","clientDeleteProhibited","clientRenewProhibited","clientTransferProhibited","clientUpdateProhibited"
"80","koedeksperten.com","2020-05-13 10:41:47","2020-05-10","2020-05-10","2022-05-10","113","CSL Computer Service Langenbach GmbH d/b/a joker.com","whois.joker.com","http://www.joker.com","","","","","","","Denmark","","","","","","","","","","","","","","","","","","","","","","","","","","","","","","","","","","ns1.gratisdns.dk","ns2.gratisdns.dk","ns3.gratisdns.dk","ns4.gratisdns.dk","clientTransferProhibited","","",""
"81","kongosolidarite.com","2020-05-13 08:05:32","2020-05-10","2020-05-10","2021-05-10","146","GoDaddy.com, LLC","whois.godaddy.com","http://registrar.godaddy.com","","","","","Hojbjerg","","Denmark","","","","","","","","","","","","","","","","","","","","","","","","","","","","","","","","","","ns1.gnld1035.siteground.eu","ns2.gnld1035.siteground.eu","","","clientDeleteProhibited","clientRenewProhibited","clientTransferProhibited","clientUpdateProhibited"
"82","krishenriksen.com","2020-05-13 20:06:48","2020-05-12","2020-05-12","2021-05-12","113","CSL Computer Service Langenbach GmbH d/b/a joker.com","whois.joker.com","http://www.joker.com","","","","","","","Denmark","","","","","","","","","","","","","","","","","","","","","","","","","","","","","","","","","","ns1.gratisdns.dk","ns2.gratisdns.dk","ns3.gratisdns.dk","ns4.gratisdns.dk","clientTransferProhibited","","",""
"83","labkhand-decoration.com","2020-05-13 20:59:14","2020-05-12","2020-05-12","2021-05-12","113","CSL Computer Service Langenbach GmbH d/b/a joker.com","whois.joker.com","http://www.joker.com","","","","","","","Denmark","","","","","","","","","","","","","","","","","","","","","","","","","","","","","","","","","","ns20.kalate.site","ns21.kalate.site","","","clientTransferProhibited","","",""
"84","lbak.net","2020-05-14 00:08:33","2020-05-12","2020-05-12","2021-05-12","113","CSL Computer Service Langenbach GmbH d/b/a joker.com","whois.joker.com","http://www.joker.com","","","","","","","Denmark","","","","","","","","","","","","","","","","","","","","","","","","","","","","","","","","","","ns1.itwebhotel.dk","ns2.itwebhotel.dk","ns3.itwebhotel.dk","","clientTransferProhibited","","",""
"85","leafapron.com","2020-05-13 10:02:11","2020-05-10","2020-05-10","2021-05-10","106","Ascio Technologies, Inc. Danmark - Filial af Ascio technologies, Inc. USA","whois.ascio.com","http://www.ascio.com","Not Disclosed","Not Disclosed","Not Disclosed","Not Disclosed","","Not Disclosed","Denmark","","Not Disclosed","Not Disclosed","Not Disclosed","Not Disclosed","Not Disclosed","Not Disclosed","Not Disclosed","Not Disclosed","Not Disclosed","","Not Disclosed","Not Disclosed","Not Disclosed","Not Disclosed","Not Disclosed","Not Disclosed","Not Disclosed","Not Disclosed","Not Disclosed","","Not Disclosed","Not Disclosed","","","","","","","","","","","dns1.123hjemmeside.dk","dns2.123hjemmeside.dk","dns3.123hjemmeside.dk","","OK","","",""
"86","lebillion.com","2020-05-13 20:10:46","2020-05-12","2020-05-12","2022-05-12","146","GoDaddy.com, LLC","whois.godaddy.com","http://registrar.godaddy.com","DK-39816474","DK-39816474","","","Odense V","","Denmark","","","","","","","","","","","","","","","","","","","","","","","","","","","","","","","","","","ns65.domaincontrol.com","ns66.domaincontrol.com","","","clientDeleteProhibited","clientRenewProhibited","clientTransferProhibited","clientUpdateProhibited"
"87","lumi-gent.com","2020-05-13 20:51:32","2020-05-11","2020-05-11","2021-05-11","146","GoDaddy.com, LLC","whois.godaddy.com","http://registrar.godaddy.com","","","","","Midtjylland","","Denmark","","","","","","","","","","","","","","","","","","","","","","","","","","","","","","","","","","ns65.domaincontrol.com","ns66.domaincontrol.com","","","clientDeleteProhibited","clientRenewProhibited","clientTransferProhibited","clientUpdateProhibited"
"88","magicabutik.com","2020-05-13 08:30:23","2020-05-10","2020-05-10","2021-05-10","113","CSL Computer Service Langenbach GmbH d/b/a joker.com","whois.joker.com","http://www.joker.com","","","","","","","Denmark","","","","","","","","","","","","","","","","","","","","","","","","","","","","","","","","","","ns20.kalate.site","ns21.kalate.site","","","clientTransferProhibited","","",""
"89","makesensing.com","2020-05-13 10:55:48","2020-05-11","2020-05-11","2021-05-11","113","CSL Computer Service Langenbach GmbH d/b/a joker.com","whois.joker.com","http://www.joker.com","Croptimate ApS","Croptimate ApS","","","","","Denmark","","","","","","","","","","","","","","","","","","","","","","","","","","","","","","","","","","ns1.gratisdns.dk","ns2.gratisdns.dk","ns3.gratisdns.dk","ns4.gratisdns.dk","clientTransferProhibited","","",""
"90","markvartok.com","2020-05-13 08:31:56","2020-05-10","2020-05-10","2021-05-10","955","Launchpad, Inc.","whois.launchpad.com","http://www.launchpad.com","GDPR Masked","GDPR Masked","GDPR Masked","GDPR Masked","84","GDPR Masked","Denmark","gdpr-masking@gdpr-masked.com","GDPR Masked","GDPR Masked","GDPR Masked","GDPR Masked","GDPR Masked","GDPR Masked","GDPR Masked","GDPR Masked","GDPR Masked","gdpr-masking@gdpr-masked.com","GDPR Masked","GDPR Masked","GDPR Masked","GDPR Masked","GDPR Masked","GDPR Masked","GDPR Masked","GDPR Masked","GDPR Masked","gdpr-masking@gdpr-masked.com","GDPR Masked","GDPR Masked","","","","","","","","","","","ns8163.hostgator.com","ns8164.hostgator.com","","","clientTransferProhibited","","",""
"91","md.style","2020-05-13 19:24:10","2020-05-12","2020-05-12","2021-05-12","146","GoDaddy.com, LLC","whois.godaddy.com","http://registrar.godaddy.com","REDACTED FOR PRIVACY","cloud.as","REDACTED FOR PRIVACY","REDACTED FOR PRIVACY","DK","REDACTED FOR PRIVACY","Denmark","","REDACTED FOR PRIVACY","REDACTED FOR PRIVACY","","","","","","","","","","","","","","","","","","","","","","","","","","","","","","","","","","","addPeriod","clientDeleteProhibited","clientRenewProhibited","clientTransferProhibited"
"92","movieonthebox.com","2020-05-13 09:38:56","2020-05-09","2020-05-09","2021-05-09","146","GoDaddy.com, LLC","whois.godaddy.com","http://registrar.godaddy.com","","","","","Hovedstaden","","Denmark","","","","","","","","","","","","","","","","","","","","","","","","","","","","","","","","","","ns45.domaincontrol.com","ns46.domaincontrol.com","","","clientDeleteProhibited","clientRenewProhibited","clientTransferProhibited","clientUpdateProhibited"
"93","msteams.show","2020-05-13 22:36:36","2020-05-12","2020-05-12","2021-05-12","1052","EuroDNS S.A.","http://whois.rotld.ro","http://www.eurodns.com","REDACTED FOR PRIVACY","GlobalConnect A/S","REDACTED FOR PRIVACY","REDACTED FOR PRIVACY","","REDACTED FOR PRIVACY","Denmark","","REDACTED FOR PRIVACY","REDACTED FOR PRIVACY","","","","","","","","","","","","","","","","","","","","","","","","","","","","","","","","","","","addPeriod","clientTransferProhibited","",""
"94","mundobg.com","2020-05-13 07:44:15","2020-05-11","2020-05-11","2021-05-11","146","GoDaddy.com, LLC","whois.godaddy.com","http://registrar.godaddy.com","Mundo Business Group SL","Mundo Business Group SL","","","Barcelona","","Denmark","","","","","","","","","","","","","","","","","","","","","","","","","","","","","","","","","","fred.ns.cloudflare.com","reza.ns.cloudflare.com","","","clientDeleteProhibited","clientRenewProhibited","clientTransferProhibited","clientUpdateProhibited"
"95","mybiscus.com","2020-05-13 07:02:03","2020-05-11","2020-05-11","2022-05-11","113","CSL Computer Service Langenbach GmbH d/b/a joker.com","whois.joker.com","http://www.joker.com","Graff Breeding","Graff Breeding","","","","","Denmark","","","","","","","","","","","","","","","","","","","","","","","","","","","","","","","","","","ns1.gratisdns.dk","ns2.gratisdns.dk","ns3.gratisdns.dk","ns4.gratisdns.dk","clientTransferProhibited","","",""
"96","myenelenergia.com","2020-05-13 10:51:20","2020-05-10","2020-05-10","2021-05-10","146","GoDaddy.com, LLC","whois.godaddy.com","http://registrar.godaddy.com","Hovedstaden","Hovedstaden","","","Hovedstaden","","Denmark","","","","","","","","","","","","","","","","","","","","","","","","","","","","","","","","","","ns23.domaincontrol.com","ns24.domaincontrol.com","","","clientDeleteProhibited","clientRenewProhibited","clientTransferProhibited","clientUpdateProhibited"
"97","myvagt.com","2020-05-13 08:05:18","2020-05-10","2020-05-10","2021-05-10","113","CSL Computer Service Langenbach GmbH d/b/a joker.com","whois.joker.com","http://www.joker.com","","","","","","","Denmark","","","","","","","","","","","","","","","","","","","","","","","","","","","","","","","","","","ns1pri.webhosting.dk","ns2.webhosting.dk","ns3.webhosting.dk","ns7.webhosting.dk","clientTransferProhibited","","",""
"98","naderaan.com","2020-05-13 20:35:14","2020-05-11","2020-05-11","2021-05-11","113","CSL Computer Service Langenbach GmbH d/b/a joker.com","whois.joker.com","http://www.joker.com","","","","","","","Denmark","","","","","","","","","","","","","","","","","","","","","","","","","","","","","","","","","","ns20.kalate.site","ns21.kalate.site","","","clientTransferProhibited","","",""
"99","neginkhalili.com","2020-05-13 07:43:44","2020-05-11","2020-05-11","2021-05-11","113","CSL Computer Service Langenbach GmbH d/b/a joker.com","whois.joker.com","http://www.joker.com","","","","","","","Denmark","","","","","","","","","","","","","","","","","","","","","","","","","","","","","","","","","","ns20.kalate.site","ns21.kalate.site","","","clientTransferProhibited","","",""
"100","nemia.one","2020-05-14 00:05:25","2020-05-12","2020-05-13","2021-05-12","1462","One.com A/S","whois.ripn.net","www.one.com","","","","","","","Denmark","","","","","","","","","","","","","","","","","","","","","","","","","","","","","","","","","","ns01.one.com","ns02.one.com","","","addPeriod","ok","",""
"101","newnutritions.com","2020-05-13 20:31:07","2020-05-11","2020-05-11","2021-05-11","146","GoDaddy.com, LLC","whois.godaddy.com","http://registrar.godaddy.com","B2B Sales","B2B Sales","","","Hovedstaden","","Denmark","","","","","","","","","","","","","","","","","","","","","","","","","","","","","","","","","","ns25.domaincontrol.com","ns26.domaincontrol.com","","","clientDeleteProhibited","clientRenewProhibited","clientTransferProhibited","clientUpdateProhibited"
"102","nordicitpilot.com","2020-05-13 19:33:51","2020-05-12","2020-05-12","2022-05-12","146","GoDaddy.com, LLC","whois.godaddy.com","http://registrar.godaddy.com","","","","","Midtjylland","","Denmark","","","","","","","","","","","","","","","","","","","","","","","","","","","","","","","","","","ns65.domaincontrol.com","ns66.domaincontrol.com","","","clientDeleteProhibited","clientRenewProhibited","clientTransferProhibited","clientUpdateProhibited"
"103","odaiapp.com","2020-05-13 11:08:00","2020-05-11","2020-05-11","2021-05-11","146","GoDaddy.com, LLC","whois.godaddy.com","http://registrar.godaddy.com","","","","","Copenhagen","","Denmark","","","","","","","","","","","","","","","","","","","","","","","","","","","","","","","","","","ns07.domaincontrol.com","ns08.domaincontrol.com","","","clientDeleteProhibited","clientRenewProhibited","clientTransferProhibited","clientUpdateProhibited"
"104","one-cheap-hosting.com","2020-05-13 10:41:37","2020-05-10","2020-05-10","2021-05-10","113","CSL Computer Service Langenbach GmbH d/b/a joker.com","whois.joker.com","http://www.joker.com","Comasys ApS","Comasys ApS","","","","","Denmark","","","","","","","","","","","","","","","","","","","","","","","","","","","","","","","","","","ns1.gratisdns.dk","ns2.gratisdns.dk","ns3.gratisdns.dk","ns4.gratisdns.dk","clientTransferProhibited","","",""
"105","onecheaphosting.com","2020-05-13 10:41:38","2020-05-10","2020-05-10","2021-05-10","113","CSL Computer Service Langenbach GmbH d/b/a joker.com","whois.joker.com","http://www.joker.com","Comasys ApS","Comasys ApS","","","","","Denmark","","","","","","","","","","","","","","","","","","","","","","","","","","","","","","","","","","ns1.gratisdns.dk","ns2.gratisdns.dk","ns3.gratisdns.dk","ns4.gratisdns.dk","clientTransferProhibited","","",""
"106","onlineproductwatch.com","2020-05-13 20:08:41","2020-05-12","2020-05-12","2021-05-12","146","GoDaddy.com, LLC","whois.godaddy.com","http://registrar.godaddy.com","","","","","Hovedstaden","","Denmark","","","","","","","","","","","","","","","","","","","","","","","","","","","","","","","","","","ns1.es1008.siteground.eu","ns2.es1008.siteground.eu","","","clientDeleteProhibited","clientRenewProhibited","clientTransferProhibited","clientUpdateProhibited"
"107","orstedprocurement.com","2020-05-13 10:58:24","2020-05-11","2020-05-11","2021-05-11","299","CSC Corporate Domains, Inc.","whois.corporatedomains.com","http://www.cscglobal.com/global/web/csc/digital-brand-services","Domain Manager","?rsted Services A/S","Kraftvaerksvej 53","Fredericia","Skaerbaek","7000","Denmark","domain@orsted.dk","+45.99551111","+45.99551111","Domain Manager","?rsted Services A/S","Kraftvaerksvej 53","Fredericia","Skaerbaek","7000","Denmark","domain@orsted.dk","+45.99551111","+45.99551111","DNS Administrator","CSC Corporate Domains, Inc.","251 Little Falls Drive","Wilmington","DE","19808","United States","dns-admin@cscglobal.com","+1.3026365400","+1.3026365454","","","","","","","","","","","dns1.cscdns.net","dns2.cscdns.net","","","clientTransferProhibited","","",""
"108","overlordnewsservice.com","2020-05-13 20:42:11","2020-05-11","2020-05-11","2021-05-11","1387","1API GmbH","whois.1api.net","http://www.1api.net","REDACTED FOR PRIVACY","REDACTED FOR PRIVACY","REDACTED FOR PRIVACY","REDACTED FOR PRIVACY","","REDACTED FOR PRIVACY","Denmark","","REDACTED FOR PRIVACY","","REDACTED FOR PRIVACY","REDACTED FOR PRIVACY","REDACTED FOR PRIVACY","REDACTED FOR PRIVACY","REDACTED FOR PRIVACY","REDACTED FOR PRIVACY","REDACTED FOR PRIVACY","","REDACTED FOR PRIVACY","","REDACTED FOR PRIVACY","REDACTED FOR PRIVACY","REDACTED FOR PRIVACY","REDACTED FOR PRIVACY","REDACTED FOR PRIVACY","REDACTED FOR PRIVACY","REDACTED FOR PRIVACY","","REDACTED FOR PRIVACY","","","","","","","","","","","","ns1.dotserv.com","ns1.dotserv.net","ns2.dotserv.com","ns2.dotserv.net","clientTransferProhibited","","",""
"109","patrickjohansen.com","2020-05-13 10:42:01","2020-05-10","2020-05-10","2022-05-10","146","GoDaddy.com, LLC","whois.godaddy.com","http://registrar.godaddy.com","","","","","Nordjylland","","Denmark","","","","","","","","","","","","","","","","","","","","","","","","","","","","","","","","","","ns07.domaincontrol.com","ns08.domaincontrol.com","","","clientDeleteProhibited","clientRenewProhibited","clientTransferProhibited","clientUpdateProhibited"
"110","pittaperfect.com","2020-05-13 11:03:14","2020-05-11","2020-05-11","2021-05-11","440","Wild West Domains, LLC","whois.wildwestdomains.com","http://www.wildwestdomains.com","OrderYOYO Aps","OrderYOYO Aps","","","Zealand","","Denmark","","","","","","","","","","","","","","","","","","","","","","","","","","","","","","","","","","ns1-09.azure-dns.com","ns2-09.azure-dns.net","ns3-09.azure-dns.org","ns4-09.azure-dns.info","clientDeleteProhibited","clientRenewProhibited","clientTransferProhibited","clientUpdateProhibited"
"111","privateonlineadvisor.com","2020-05-13 09:07:13","2020-05-10","2020-05-10","2021-05-10","146","GoDaddy.com, LLC","whois.godaddy.com","http://registrar.godaddy.com","","","","","Hvidovre","","Denmark","","","","","","","","","","","","","","","","","","","","","","","","","","","","","","","","","","ns1.panelbox.net","ns2.panelbox.net","","","clientDeleteProhibited","clientRenewProhibited","clientTransferProhibited","clientUpdateProhibited"
"112","ractic.one","2020-05-13 19:15:37","2020-05-12","2020-05-13","2021-05-12","1462","One.com A/S","whois.ripn.net","www.one.com","","","","","","","Denmark","","","","","","","","","","","","","","","","","","","","","","","","","","","","","","","","","","ns01.one.com","ns02.one.com","","","addPeriod","ok","",""
"113","rehab-partner.com","2020-05-13 07:37:54","2020-05-11","2020-05-11","2021-05-11","1001","Domeneshop AS dba  domainnameshop.com","whois.domainnameshop.com","http://www.domainnameshop.com","Mobility Research Danmark ApS","Mobility Research Danmark ApS","","","","","Denmark","kdt47scqgrqx@privacy-protection.email","","","","","","","","","","tjbpkqv8gtam@privacy-protection.email","","","","","","","","","","hostmaster@domeneshop.no","","","","","","","","","","","","","ns1.hyp.net","ns2.hyp.net","ns3.hyp.net","","clientTransferProhibited","","",""
"114","roulettehound.com","2020-05-13 20:13:25","2020-05-12","2020-05-12","2021-05-12","146","GoDaddy.com, LLC","whois.godaddy.com","http://registrar.godaddy.com","","","","","Sjaelland","","Denmark","","","","","","","","","","","","","","","","","","","","","","","","","","","","","","","","","","ns31.domaincontrol.com","ns32.domaincontrol.com","","","clientDeleteProhibited","clientRenewProhibited","clientTransferProhibited","clientUpdateProhibited"
"115","rydingtrading.com","2020-05-13 07:38:03","2020-05-11","2020-05-11","2021-05-11","113","CSL Computer Service Langenbach GmbH d/b/a joker.com","whois.joker.com","http://www.joker.com","","","","","","","Denmark","","","","","","","","","","","","","","","","","","","","","","","","","","","","","","","","","","ns1.gigahost.dk","ns2.gigahost.dk","ns3.gigahost.dk","ns4.gigahost.dk","clientTransferProhibited","","",""
"116","sepehrparsa.com","2020-05-13 07:07:50","2020-05-10","2020-05-10","2021-05-10","113","CSL Computer Service Langenbach GmbH d/b/a joker.com","whois.joker.com","http://www.joker.com","","","","","","","Denmark","","","","","","","","","","","","","","","","","","","","","","","","","","","","","","","","","","ns18.netafrooz.com","ns19.netafrooz.com","","","clientTransferProhibited","","",""
"117","sfornotralee.com","2020-05-13 19:38:37","2020-05-12","2020-05-12","2021-05-12","440","Wild West Domains, LLC","whois.wildwestdomains.com","http://www.wildwestdomains.com","OrderYOYO Aps","OrderYOYO Aps","","","Zealand","","Denmark","","","","","","","","","","","","","","","","","","","","","","","","","","","","","","","","","","ns1-04.azure-dns.com","ns2-04.azure-dns.net","ns3-04.azure-dns.org","ns4-04.azure-dns.info","clientDeleteProhibited","clientRenewProhibited","clientTransferProhibited","clientUpdateProhibited"
"118","shelectro1.com","2020-05-13 10:41:48","2020-05-10","2020-05-10","2021-05-10","113","CSL Computer Service Langenbach GmbH d/b/a joker.com","whois.joker.com","http://www.joker.com","","","","","","","Denmark","","","","","","","","","","","","","","","","","","","","","","","","","","","","","","","","","","ns20.kalate.site","ns21.kalate.site","","","clientTransferProhibited","","",""
"119","simonellegaard.com","2020-05-13 19:38:22","2020-05-11","2020-05-11","2021-05-11","1387","1API GmbH","whois.1api.net","http://www.1api.net","REDACTED FOR PRIVACY","REDACTED FOR PRIVACY","REDACTED FOR PRIVACY","REDACTED FOR PRIVACY","Nordjylland","REDACTED FOR PRIVACY","Denmark","","REDACTED FOR PRIVACY","","REDACTED FOR PRIVACY","REDACTED FOR PRIVACY","REDACTED FOR PRIVACY","REDACTED FOR PRIVACY","REDACTED FOR PRIVACY","REDACTED FOR PRIVACY","REDACTED FOR PRIVACY","","REDACTED FOR PRIVACY","","REDACTED FOR PRIVACY","REDACTED FOR PRIVACY","REDACTED FOR PRIVACY","REDACTED FOR PRIVACY","REDACTED FOR PRIVACY","REDACTED FOR PRIVACY","REDACTED FOR PRIVACY","","REDACTED FOR PRIVACY","","","","","","","","","","","","ns1.hostinggroup.dk","ns2.hostinggroup.dk","ns3.hostinggroup.dk","ns4.hostinggroup.dk","clientTransferProhibited","","",""
"120","simply-cheap-hosting.com","2020-05-13 10:41:38","2020-05-10","2020-05-10","2021-05-10","113","CSL Computer Service Langenbach GmbH d/b/a joker.com","whois.joker.com","http://www.joker.com","Comasys ApS","Comasys ApS","","","","","Denmark","","","","","","","","","","","","","","","","","","","","","","","","","","","","","","","","","","ns1.gratisdns.dk","ns2.gratisdns.dk","ns3.gratisdns.dk","ns4.gratisdns.dk","clientTransferProhibited","","",""
"121","simplycheaphosting.com","2020-05-13 10:41:37","2020-05-10","2020-05-10","2021-05-10","113","CSL Computer Service Langenbach GmbH d/b/a joker.com","whois.joker.com","http://www.joker.com","Comasys ApS","Comasys ApS","","","","","Denmark","","","","","","","","","","","","","","","","","","","","","","","","","","","","","","","","","","ns1.gratisdns.dk","ns2.gratisdns.dk","ns3.gratisdns.dk","ns4.gratisdns.dk","clientTransferProhibited","","",""
"122","singlemothercoach.com","2020-05-13 09:30:47","2020-05-09","2020-05-09","2021-05-09","113","CSL Computer Service Langenbach GmbH d/b/a joker.com","whois.joker.com","http://www.joker.com","","","","","","","Denmark","","","","","","","","","","","","","","","","","","","","","","","","","","","","","","","","","","ns1.dns-123.net","ns2.dns-123.net","ns3.dns-123.net","","clientTransferProhibited","","",""
"123","smallgooddeeds.com","2020-05-13 20:31:49","2020-05-11","2020-05-11","2021-05-11","1387","1API GmbH","whois.1api.net","http://www.1api.net","REDACTED FOR PRIVACY","REDACTED FOR PRIVACY","REDACTED FOR PRIVACY","REDACTED FOR PRIVACY","","REDACTED FOR PRIVACY","Denmark","","REDACTED FOR PRIVACY","","REDACTED FOR PRIVACY","REDACTED FOR PRIVACY","REDACTED FOR PRIVACY","REDACTED FOR PRIVACY","REDACTED FOR PRIVACY","REDACTED FOR PRIVACY","REDACTED FOR PRIVACY","","REDACTED FOR PRIVACY","","REDACTED FOR PRIVACY","REDACTED FOR PRIVACY","REDACTED FOR PRIVACY","REDACTED FOR PRIVACY","REDACTED FOR PRIVACY","REDACTED FOR PRIVACY","REDACTED FOR PRIVACY","","REDACTED FOR PRIVACY","","","","","","","","","","","","auth31.ns.sonnit.dk","auth32.ns.sonnit.dk","auth33.ns.sonnit.dk","auth34.ns.sonnit.dk","clientTransferProhibited","","",""
"124","snax-pax.com","2020-05-13 20:48:38","2020-05-12","2020-05-12","2021-05-12","440","Wild West Domains, LLC","whois.wildwestdomains.com","http://www.wildwestdomains.com","OrderYOYO Aps","OrderYOYO Aps","","","Zealand","","Denmark","","","","","","","","","","","","","","","","","","","","","","","","","","","","","","","","","","ns1-02.azure-dns.com","ns2-02.azure-dns.net","ns3-02.azure-dns.org","ns4-02.azure-dns.info","clientDeleteProhibited","clientRenewProhibited","clientTransferProhibited","clientUpdateProhibited"
"125","solutionmarketingagency.com","2020-05-13 20:07:01","2020-05-12","2020-05-13","2022-05-12","886","Domain.com, LLC","whois.domain.com","http://www.domain.com","REDACTED FOR PRIVACY","REDACTED FOR PRIVACY","REDACTED FOR PRIVACY","REDACTED FOR PRIVACY","REDACTED FOR PRIVACY","REDACTED FOR PRIVACY","Denmark","","REDACTED FOR PRIVACY","REDACTED FOR PRIVACY","REDACTED FOR PRIVACY","REDACTED FOR PRIVACY","REDACTED FOR PRIVACY","REDACTED FOR PRIVACY","REDACTED FOR PRIVACY","REDACTED FOR PRIVACY","REDACTED FOR PRIVACY","","REDACTED FOR PRIVACY","REDACTED FOR PRIVACY","REDACTED FOR PRIVACY","REDACTED FOR PRIVACY","REDACTED FOR PRIVACY","REDACTED FOR PRIVACY","REDACTED FOR PRIVACY","REDACTED FOR PRIVACY","REDACTED FOR PRIVACY","","REDACTED FOR PRIVACY","REDACTED FOR PRIVACY","","","","","","","","","","","ns1.domain.com","ns2.domain.com","","","OK","","",""
"126","some-booster.com","2020-05-13 20:16:30","2020-05-12","2020-05-12","2021-05-11","1052","EuroDNS S.A.","http://whois.rotld.ro","http://www.eurodns.com","Mogensen Jens","JP/POLITIKENS HUS A/S","Mediebyen 3","Aarhus C","","8000","Denmark","it-bestilling@jppol.dk","+45.33472244","","Mogensen Jens","JP/POLITIKENS HUS A/S","Mediebyen 3","Aarhus C","","8000","Denmark","it-bestilling@jppol.dk","+45.33472244","","Mogensen Jens","JP/POLITIKENS HUS A/S","Mediebyen 3","Aarhus C","","8000","Denmark","it-bestilling@jppol.dk","+45.33472244","","","","","","","","","","","","ns1.rootdom.dk","ns2.rootdom.dk","","","clientTransferProhibited","","",""
"127","somebooster.com","2020-05-13 20:05:41","2020-05-12","2020-05-12","2021-05-11","1052","EuroDNS S.A.","http://whois.rotld.ro","http://www.eurodns.com","Mogensen Jens","JP/POLITIKENS HUS A/S","Mediebyen 3","Aarhus C","","8000","Denmark","it-bestilling@jppol.dk","+45.33472244","","Mogensen Jens","JP/POLITIKENS HUS A/S","Mediebyen 3","Aarhus C","","8000","Denmark","it-bestilling@jppol.dk","+45.33472244","","Mogensen Jens","JP/POLITIKENS HUS A/S","Mediebyen 3","Aarhus C","","8000","Denmark","it-bestilling@jppol.dk","+45.33472244","","","","","","","","","","","","ns1.rootdom.dk","ns2.rootdom.dk","","","clientTransferProhibited","","",""
"128","specialisten.one","2020-05-13 19:15:40","2020-05-11","","2021-05-11","1462","One.com A/S","whois.ripn.net","www.one.com","","","","","","","Denmark","","","","","","","","","","","","","","","","","","","","","","","","","","","","","","","","","","ns01.one.com","ns02.one.com","","","addPeriod","ok","",""
"129","spinozagrp.com","2020-05-13 09:09:29","2020-05-10","2020-05-10","2021-05-10","113","CSL Computer Service Langenbach GmbH d/b/a joker.com","whois.joker.com","http://www.joker.com","","","","","","","Denmark","","","","","","","","","","","","","","","","","","","","","","","","","","","","","","","","","","ns1.spinozagrp.com","ns2.spinozagrp.com","","","clientTransferProhibited","","",""
"130","subbiesready2go.com","2020-05-13 09:28:30","2020-05-09","2020-05-09","2021-05-09","113","CSL Computer Service Langenbach GmbH d/b/a joker.com","whois.joker.com","http://www.joker.com","","","","","","","Denmark","","","","","","","","","","","","","","","","","","","","","","","","","","","","","","","","","","ns1.dns-123.net","ns2.dns-123.net","ns3.dns-123.net","","clientTransferProhibited","","",""
"131","sunflowerdublin.com","2020-05-13 11:02:56","2020-05-11","2020-05-11","2021-05-11","440","Wild West Domains, LLC","whois.wildwestdomains.com","http://www.wildwestdomains.com","OrderYOYO Aps","OrderYOYO Aps","","","Zealand","","Denmark","","","","","","","","","","","","","","","","","","","","","","","","","","","","","","","","","","ns1-04.azure-dns.com","ns2-04.azure-dns.net","ns3-04.azure-dns.org","ns4-04.azure-dns.info","clientDeleteProhibited","clientRenewProhibited","clientTransferProhibited","clientUpdateProhibited"
"132","theenneagram.biz","2020-05-13 18:27:25","2020-05-11","","2022-05-11","269","Key-Systems GmbH","whois.rrpproxy.net","http://www.key-systems.net","RETHNK ApS","RETHNK ApS","","","","","Denmark","","","","","","","","","","","","","","","","","","","","","","","","","","","","","","","","","","ns.dandomain.dk","ns2.dandomain.dk","","","addPeriod","ok","",""
"133","thelumigent.com","2020-05-13 20:51:36","2020-05-11","2020-05-11","2021-05-11","146","GoDaddy.com, LLC","whois.godaddy.com","http://registrar.godaddy.com","","","","","Midtjylland","","Denmark","","","","","","","","","","","","","","","","","","","","","","","","","","","","","","","","","","ns31.domaincontrol.com","ns32.domaincontrol.com","","","clientDeleteProhibited","clientRenewProhibited","clientTransferProhibited","clientUpdateProhibited"
"134","therchilsenmobelsnedkeri.com","2020-05-13 07:38:58","2020-05-11","2020-05-11","2022-05-11","113","CSL Computer Service Langenbach GmbH d/b/a joker.com","whois.joker.com","http://www.joker.com","Therchilsen Moebelsnedkeri","Therchilsen Moebelsnedkeri","","","","","Denmark","","","","","","","","","","","","","","","","","","","","","","","","","","","","","","","","","","ns1.gratisdns.dk","ns2.gratisdns.dk","ns3.gratisdns.dk","ns4.gratisdns.dk","clientTransferProhibited","","",""
"135","thisparrotisdead.com","2020-05-13 20:44:01","2020-05-12","2020-05-12","2022-05-12","113","CSL Computer Service Langenbach GmbH d/b/a joker.com","whois.joker.com","http://www.joker.com","","","","","","","Denmark","","","","","","","","","","","","","","","","","","","","","","","","","","","","","","","","","","ns1.gratisdns.dk","ns2.gratisdns.dk","ns3.gratisdns.dk","ns4.gratisdns.dk","clientTransferProhibited","","",""
"136","topdogtales.com","2020-05-13 19:38:50","2020-05-11","2020-05-11","2021-05-11","48","eNom, Inc.","whois.enom.com","http://www.enom.com","REDACTED FOR PRIVACY","REDACTED FOR PRIVACY","REDACTED FOR PRIVACY","REDACTED FOR PRIVACY","Sjaelland","REDACTED FOR PRIVACY","Denmark","","REDACTED FOR PRIVACY","REDACTED FOR PRIVACY","REDACTED FOR PRIVACY","REDACTED FOR PRIVACY","REDACTED FOR PRIVACY","REDACTED FOR PRIVACY","REDACTED FOR PRIVACY","REDACTED FOR PRIVACY","REDACTED FOR PRIVACY","","REDACTED FOR PRIVACY","REDACTED FOR PRIVACY","REDACTED FOR PRIVACY","REDACTED FOR PRIVACY","REDACTED FOR PRIVACY","REDACTED FOR PRIVACY","REDACTED FOR PRIVACY","REDACTED FOR PRIVACY","REDACTED FOR PRIVACY","","REDACTED FOR PRIVACY","REDACTED FOR PRIVACY","","","","","","","","","","","ns1.a2hosting.com","ns2.a2hosting.com","ns3.a2hosting.com","ns4.a2hosting.com","addPeriod","ok","",""
"137","tyr-sec.com","2020-05-13 09:18:59","2020-05-09","2020-05-09","2022-05-09","146","GoDaddy.com, LLC","whois.godaddy.com","http://registrar.godaddy.com","","","","","Hovedstaden","","Denmark","","","","","","","","","","","","","","","","","","","","","","","","","","","","","","","","","","ns63.domaincontrol.com","ns64.domaincontrol.com","","","clientDeleteProhibited","clientRenewProhibited","clientTransferProhibited","clientUpdateProhibited"
"138","uncut.wtf","2020-05-13 06:38:58","2020-05-11","2020-05-11","2021-05-11","1345","Key-Systems, LLC","whois.nic.uk","http://www.key-systems.net/","REDACTED FOR PRIVACY","","REDACTED FOR PRIVACY","REDACTED FOR PRIVACY","","REDACTED FOR PRIVACY","Denmark","","REDACTED FOR PRIVACY","REDACTED FOR PRIVACY","","","","","","","","","","","","","","","","","","","","","","","","","","","","","","","","","","","addPeriod","clientTransferProhibited","",""
"139","unfoldinspirit.com","2020-05-13 11:10:42","2020-05-11","2020-05-11","2021-05-11","146","GoDaddy.com, LLC","whois.godaddy.com","http://registrar.godaddy.com","Tomorrow Management ApS","Tomorrow Management ApS","","","Hovedstaden","","Denmark","","","","","","","","","","","","","","","","","","","","","","","","","","","","","","","","","","ns07.domaincontrol.com","ns08.domaincontrol.com","","","clientDeleteProhibited","clientRenewProhibited","clientTransferProhibited","clientUpdateProhibited"
"140","veginovaseeds.com","2020-05-13 20:15:40","2020-05-12","2020-05-12","2023-05-12","1371","AB NameISP","whois.nameisp.com","http://www.nameisp.com","REDACTED FOR PRIVACY","REDACTED FOR PRIVACY","REDACTED FOR PRIVACY","REDACTED FOR PRIVACY","","REDACTED FOR PRIVACY","Denmark","","REDACTED FOR PRIVACY","","REDACTED FOR PRIVACY","REDACTED FOR PRIVACY","REDACTED FOR PRIVACY","REDACTED FOR PRIVACY","REDACTED FOR PRIVACY","REDACTED FOR PRIVACY","REDACTED FOR PRIVACY","","REDACTED FOR PRIVACY","","REDACTED FOR PRIVACY","REDACTED FOR PRIVACY","REDACTED FOR PRIVACY","REDACTED FOR PRIVACY","REDACTED FOR PRIVACY","REDACTED FOR PRIVACY","REDACTED FOR PRIVACY","","REDACTED FOR PRIVACY","","","","","","","","","","","","ns.nsd.dk","ns2.nsd.dk","","","clientTransferProhibited","","",""
"141","vidbjoerg.com","2020-05-13 20:27:54","2020-05-11","2020-05-11","2021-05-11","955","Launchpad, Inc.","whois.launchpad.com","http://www.launchpad.com","GDPR Masked","GDPR Masked","GDPR Masked","GDPR Masked","84","GDPR Masked","Denmark","gdpr-masking@gdpr-masked.com","GDPR Masked","GDPR Masked","GDPR Masked","GDPR Masked","GDPR Masked","GDPR Masked","GDPR Masked","GDPR Masked","GDPR Masked","gdpr-masking@gdpr-masked.com","GDPR Masked","GDPR Masked","GDPR Masked","GDPR Masked","GDPR Masked","GDPR Masked","GDPR Masked","GDPR Masked","GDPR Masked","gdpr-masking@gdpr-masked.com","GDPR Masked","GDPR Masked","","","","","","","","","","","ns8231.hostgator.com","ns8232.hostgator.com","","","clientTransferProhibited","","",""
"142","vytautaspukinskas.com","2020-05-13 09:12:00","2020-05-09","2020-05-09","2021-05-09","303","PDR Ltd. d/b/a PublicDomainRegistry.com","whois.publicdomainregistry.com","http://www.publicdomainregistry.com","GDPR Masked","GDPR Masked","GDPR Masked","GDPR Masked","Viby","GDPR Masked","Denmark","gdpr-masking@gdpr-masked.com","GDPR Masked","GDPR Masked","GDPR Masked","GDPR Masked","GDPR Masked","GDPR Masked","GDPR Masked","GDPR Masked","GDPR Masked","gdpr-masking@gdpr-masked.com","GDPR Masked","GDPR Masked","GDPR Masked","GDPR Masked","GDPR Masked","GDPR Masked","GDPR Masked","GDPR Masked","GDPR Masked","gdpr-masking@gdpr-masked.com","GDPR Masked","GDPR Masked","","","","","","","","","","","ns1.dns-parking.com","ns2.dns-parking.com","","","clientTransferProhibited","","",""
"143","xn--49sq0ywmt.com","2020-05-13 10:55:50","2020-05-11","2020-05-11","2021-05-11","470","Nom-iq Ltd. dba COM LAUDE","whois.comlaude.com","http://www.comlaude.com","H. Lundbeck A/S","H. Lundbeck A/S","Ottiliavej 9","Valby","","2500","Denmark","domain@lundbeck.com","+45.36301311","","REDACTED FOR PRIVACY","REDACTED FOR PRIVACY","REDACTED FOR PRIVACY","REDACTED FOR PRIVACY","REDACTED FOR PRIVACY","REDACTED FOR PRIVACY","REDACTED FOR PRIVACY","xn--49sq0ywmt.com-admin@anonymised.email","REDACTED FOR PRIVACY","REDACTED FOR PRIVACY","REDACTED FOR PRIVACY","REDACTED FOR PRIVACY","REDACTED FOR PRIVACY","REDACTED FOR PRIVACY","REDACTED FOR PRIVACY","REDACTED FOR PRIVACY","REDACTED FOR PRIVACY","xn--49sq0ywmt.com-tech@anonymised.email","REDACTED FOR PRIVACY","REDACTED FOR PRIVACY","","","","","","","","","","","nsgbr.comlaude.co.uk","nssui.comlaude.ch","nsusa.comlaude.net","","addPeriod","clientDeleteProhibited","clientTransferProhibited","clientUpdateProhibited"
"144","xn--49sw81bj9m.com","2020-05-13 10:55:50","2020-05-11","2020-05-11","2021-05-11","470","Nom-iq Ltd. dba COM LAUDE","whois.comlaude.com","http://www.comlaude.com","H. Lundbeck A/S","H. Lundbeck A/S","Ottiliavej 9","Valby","","2500","Denmark","domain@lundbeck.com","+45.36301311","","REDACTED FOR PRIVACY","REDACTED FOR PRIVACY","REDACTED FOR PRIVACY","REDACTED FOR PRIVACY","REDACTED FOR PRIVACY","REDACTED FOR PRIVACY","REDACTED FOR PRIVACY","xn--49sw81bj9m.com-admin@anonymised.email","REDACTED FOR PRIVACY","REDACTED FOR PRIVACY","REDACTED FOR PRIVACY","REDACTED FOR PRIVACY","REDACTED FOR PRIVACY","REDACTED FOR PRIVACY","REDACTED FOR PRIVACY","REDACTED FOR PRIVACY","REDACTED FOR PRIVACY","xn--49sw81bj9m.com-tech@anonymised.email","REDACTED FOR PRIVACY","REDACTED FOR PRIVACY","","","","","","","","","","","nsgbr.comlaude.co.uk","nssui.comlaude.ch","nsusa.comlaude.net","","addPeriod","clientDeleteProhibited","clientTransferProhibited","clientUpdateProhibited"
"145","xn--7hvvhj44a.com","2020-05-13 10:55:50","2020-05-11","2020-05-11","2021-05-11","470","Nom-iq Ltd. dba COM LAUDE","whois.comlaude.com","http://www.comlaude.com","H. Lundbeck A/S","H. Lundbeck A/S","Ottiliavej 9","Valby","","2500","Denmark","domain@lundbeck.com","+45.36301311","","REDACTED FOR PRIVACY","REDACTED FOR PRIVACY","REDACTED FOR PRIVACY","REDACTED FOR PRIVACY","REDACTED FOR PRIVACY","REDACTED FOR PRIVACY","REDACTED FOR PRIVACY","xn--7hvvhj44a.com-admin@anonymised.email","REDACTED FOR PRIVACY","REDACTED FOR PRIVACY","REDACTED FOR PRIVACY","REDACTED FOR PRIVACY","REDACTED FOR PRIVACY","REDACTED FOR PRIVACY","REDACTED FOR PRIVACY","REDACTED FOR PRIVACY","REDACTED FOR PRIVACY","xn--7hvvhj44a.com-tech@anonymised.email","REDACTED FOR PRIVACY","REDACTED FOR PRIVACY","","","","","","","","","","","nsgbr.comlaude.co.uk","nssui.comlaude.ch","nsusa.comlaude.net","","addPeriod","clientDeleteProhibited","clientTransferProhibited","clientUpdateProhibited"
"146","xn--chqy44co0b.com","2020-05-13 10:55:42","2020-05-11","2020-05-11","2021-05-11","470","Nom-iq Ltd. dba COM LAUDE","whois.comlaude.com","http://www.comlaude.com","H. Lundbeck A/S","H. Lundbeck A/S","Ottiliavej 9","Valby","","2500","Denmark","domain@lundbeck.com","+45.36301311","","REDACTED FOR PRIVACY","REDACTED FOR PRIVACY","REDACTED FOR PRIVACY","REDACTED FOR PRIVACY","REDACTED FOR PRIVACY","REDACTED FOR PRIVACY","REDACTED FOR PRIVACY","xn--chqy44co0b.com-admin@anonymised.email","REDACTED FOR PRIVACY","REDACTED FOR PRIVACY","REDACTED FOR PRIVACY","REDACTED FOR PRIVACY","REDACTED FOR PRIVACY","REDACTED FOR PRIVACY","REDACTED FOR PRIVACY","REDACTED FOR PRIVACY","REDACTED FOR PRIVACY","xn--chqy44co0b.com-tech@anonymised.email","REDACTED FOR PRIVACY","REDACTED FOR PRIVACY","","","","","","","","","","","nsgbr.comlaude.co.uk","nssui.comlaude.ch","nsusa.comlaude.net","","addPeriod","clientDeleteProhibited","clientTransferProhibited","clientUpdateProhibited"
"147","xn--kdeksperten-ggb.com","2020-05-13 10:41:48","2020-05-10","2020-05-10","2022-05-10","113","CSL Computer Service Langenbach GmbH d/b/a joker.com","whois.joker.com","http://www.joker.com","","","","","","","Denmark","","","","","","","","","","","","","","","","","","","","","","","","","","","","","","","","","","ns1.gratisdns.dk","ns2.gratisdns.dk","ns3.gratisdns.dk","ns4.gratisdns.dk","clientTransferProhibited","","",""
"148","xn--tkv26tb6l.com","2020-05-13 10:55:36","2020-05-11","2020-05-11","2021-05-11","470","Nom-iq Ltd. dba COM LAUDE","whois.comlaude.com","http://www.comlaude.com","H. Lundbeck A/S","H. Lundbeck A/S","Ottiliavej 9","Valby","","2500","Denmark","domain@lundbeck.com","+45.36301311","","REDACTED FOR PRIVACY","REDACTED FOR PRIVACY","REDACTED FOR PRIVACY","REDACTED FOR PRIVACY","REDACTED FOR PRIVACY","REDACTED FOR PRIVACY","REDACTED FOR PRIVACY","xn--tkv26tb6l.com-admin@anonymised.email","REDACTED FOR PRIVACY","REDACTED FOR PRIVACY","REDACTED FOR PRIVACY","REDACTED FOR PRIVACY","REDACTED FOR PRIVACY","REDACTED FOR PRIVACY","REDACTED FOR PRIVACY","REDACTED FOR PRIVACY","REDACTED FOR PRIVACY","xn--tkv26tb6l.com-tech@anonymised.email","REDACTED FOR PRIVACY","REDACTED FOR PRIVACY","","","","","","","","","","","nsgbr.comlaude.co.uk","nssui.comlaude.ch","nsusa.comlaude.net","","addPeriod","clientDeleteProhibited","clientTransferProhibited","clientUpdateProhibited"
"149","xn--tkv26ty5o.com","2020-05-13 10:55:41","2020-05-11","2020-05-11","2021-05-11","470","Nom-iq Ltd. dba COM LAUDE","whois.comlaude.com","http://www.comlaude.com","H. Lundbeck A/S","H. Lundbeck A/S","Ottiliavej 9","Valby","","2500","Denmark","domain@lundbeck.com","+45.36301311","","REDACTED FOR PRIVACY","REDACTED FOR PRIVACY","REDACTED FOR PRIVACY","REDACTED FOR PRIVACY","REDACTED FOR PRIVACY","REDACTED FOR PRIVACY","REDACTED FOR PRIVACY","xn--tkv26ty5o.com-admin@anonymised.email","REDACTED FOR PRIVACY","REDACTED FOR PRIVACY","REDACTED FOR PRIVACY","REDACTED FOR PRIVACY","REDACTED FOR PRIVACY","REDACTED FOR PRIVACY","REDACTED FOR PRIVACY","REDACTED FOR PRIVACY","REDACTED FOR PRIVACY","xn--tkv26ty5o.com-tech@anonymised.email","REDACTED FOR PRIVACY","REDACTED FOR PRIVACY","","","","","","","","","","","nsgbr.comlaude.co.uk","nssui.comlaude.ch","nsusa.comlaude.net","","addPeriod","clientDeleteProhibited","clientTransferProhibited","clientUpdateProhibited"
"150","xn--tkvomh72d.com","2020-05-13 10:55:34","2020-05-11","2020-05-11","2021-05-11","470","Nom-iq Ltd. dba COM LAUDE","whois.comlaude.com","http://www.comlaude.com","H. Lundbeck A/S","H. Lundbeck A/S","Ottiliavej 9","Valby","","2500","Denmark","domain@lundbeck.com","+45.36301311","","REDACTED FOR PRIVACY","REDACTED FOR PRIVACY","REDACTED FOR PRIVACY","REDACTED FOR PRIVACY","REDACTED FOR PRIVACY","REDACTED FOR PRIVACY","REDACTED FOR PRIVACY","xn--tkvomh72d.com-admin@anonymised.email","REDACTED FOR PRIVACY","REDACTED FOR PRIVACY","REDACTED FOR PRIVACY","REDACTED FOR PRIVACY","REDACTED FOR PRIVACY","REDACTED FOR PRIVACY","REDACTED FOR PRIVACY","REDACTED FOR PRIVACY","REDACTED FOR PRIVACY","xn--tkvomh72d.com-tech@anonymised.email","REDACTED FOR PRIVACY","REDACTED FOR PRIVACY","","","","","","","","","","","nsgbr.comlaude.co.uk","nssui.comlaude.ch","nsusa.comlaude.net","","addPeriod","clientDeleteProhibited","clientTransferProhibited","clientUpdateProhibited"
"151","xn--w9s17w0vw.com","2020-05-13 10:55:34","2020-05-11","2020-05-11","2021-05-11","470","Nom-iq Ltd. dba COM LAUDE","whois.comlaude.com","http://www.comlaude.com","H. Lundbeck A/S","H. Lundbeck A/S","Ottiliavej 9","Valby","","2500","Denmark","domain@lundbeck.com","+45.36301311","","REDACTED FOR PRIVACY","REDACTED FOR PRIVACY","REDACTED FOR PRIVACY","REDACTED FOR PRIVACY","REDACTED FOR PRIVACY","REDACTED FOR PRIVACY","REDACTED FOR PRIVACY","xn--w9s17w0vw.com-admin@anonymised.email","REDACTED FOR PRIVACY","REDACTED FOR PRIVACY","REDACTED FOR PRIVACY","REDACTED FOR PRIVACY","REDACTED FOR PRIVACY","REDACTED FOR PRIVACY","REDACTED FOR PRIVACY","REDACTED FOR PRIVACY","REDACTED FOR PRIVACY","xn--w9s17w0vw.com-tech@anonymised.email","REDACTED FOR PRIVACY","REDACTED FOR PRIVACY","","","","","","","","","","","nsgbr.comlaude.co.uk","nssui.comlaude.ch","nsusa.comlaude.net","","addPeriod","clientDeleteProhibited","clientTransferProhibited","clientUpdateProhibited"
"152","xn--w9s17wdzt.com","2020-05-13 10:55:34","2020-05-11","2020-05-11","2021-05-11","470","Nom-iq Ltd. dba COM LAUDE","whois.comlaude.com","http://www.comlaude.com","H. Lundbeck A/S","H. Lundbeck A/S","Ottiliavej 9","Valby","","2500","Denmark","domain@lundbeck.com","+45.36301311","","REDACTED FOR PRIVACY","REDACTED FOR PRIVACY","REDACTED FOR PRIVACY","REDACTED FOR PRIVACY","REDACTED FOR PRIVACY","REDACTED FOR PRIVACY","REDACTED FOR PRIVACY","xn--w9s17wdzt.com-admin@anonymised.email","REDACTED FOR PRIVACY","REDACTED FOR PRIVACY","REDACTED FOR PRIVACY","REDACTED FOR PRIVACY","REDACTED FOR PRIVACY","REDACTED FOR PRIVACY","REDACTED FOR PRIVACY","REDACTED FOR PRIVACY","REDACTED FOR PRIVACY","xn--w9s17wdzt.com-tech@anonymised.email","REDACTED FOR PRIVACY","REDACTED FOR PRIVACY","","","","","","","","","","","nsgbr.comlaude.co.uk","nssui.comlaude.ch","nsusa.comlaude.net","","addPeriod","clientDeleteProhibited","clientTransferProhibited","clientUpdateProhibited"
"153","xn--w9sv83fnec.com","2020-05-13 10:55:29","2020-05-11","2020-05-11","2021-05-11","470","Nom-iq Ltd. dba COM LAUDE","whois.comlaude.com","http://www.comlaude.com","H. Lundbeck A/S","H. Lundbeck A/S","Ottiliavej 9","Valby","","2500","Denmark","domain@lundbeck.com","+45.36301311","","REDACTED FOR PRIVACY","REDACTED FOR PRIVACY","REDACTED FOR PRIVACY","REDACTED FOR PRIVACY","REDACTED FOR PRIVACY","REDACTED FOR PRIVACY","REDACTED FOR PRIVACY","xn--w9sv83fnec.com-admin@anonymised.email","REDACTED FOR PRIVACY","REDACTED FOR PRIVACY","REDACTED FOR PRIVACY","REDACTED FOR PRIVACY","REDACTED FOR PRIVACY","REDACTED FOR PRIVACY","REDACTED FOR PRIVACY","REDACTED FOR PRIVACY","REDACTED FOR PRIVACY","xn--w9sv83fnec.com-tech@anonymised.email","REDACTED FOR PRIVACY","REDACTED FOR PRIVACY","","","","","","","","","","","nsgbr.comlaude.co.uk","nssui.comlaude.ch","nsusa.comlaude.net","","addPeriod","clientDeleteProhibited","clientTransferProhibited","clientUpdateProhibited"