"num","domain_name","query_time","create_date","update_date","expiry_date","domain_registrar_id","domain_registrar_name","domain_registrar_whois","domain_registrar_url","registrant_name","registrant_company","registrant_address","registrant_city","registrant_state","registrant_zip","registrant_country","registrant_email","registrant_phone","registrant_fax","administrative_name","administrative_company","administrative_address","administrative_city","administrative_state","administrative_zip","administrative_country","administrative_email","administrative_phone","administrative_fax","technical_name","technical_company","technical_address","technical_city","technical_state","technical_zip","technical_country","technical_email","technical_phone","technical_fax","billing_name","billing_company","billing_address","billing_city","billing_state","billing_zip","billing_country","billing_email","billing_phone","billing_fax","name_server_1","name_server_2","name_server_3","name_server_4","domain_status_1","domain_status_2","domain_status_3","domain_status_4"
"1","alphahomelisting.com","2020-05-13 09:09:07","2020-05-10","2020-05-10","2021-05-10","303","PDR Ltd. d/b/a PublicDomainRegistry.com","whois.publicdomainregistry.com","http://www.publicdomainregistry.com","Aron Tariku","","Guinea Conakry St","Addis Ababa","Addis Ababa","1000","Ethiopia","ekoch112@gmail.com","+251.953151601","","Aron Tariku","","Guinea Conakry St","Addis Ababa","Addis Ababa","1000","Ethiopia","ekoch112@gmail.com","+251.953151601","","Aron Tariku","","Guinea Conakry St","Addis Ababa","Addis Ababa","1000","Ethiopia","ekoch112@gmail.com","+251.953151601","","","","","","","","","","","","ns1.hahucloud.com","ns2.hahucloud.com","","","clientTransferProhibited","","",""
"2","codogontto.com","2020-05-13 08:05:38","2020-05-10","2020-05-10","2021-05-10","303","PDR Ltd. d/b/a PublicDomainRegistry.com","whois.publicdomainregistry.com","http://www.publicdomainregistry.com","Lookman Goodman","","728 Addis Ababa Line Road","Addis Ababa","Addis Ababa","1000","Ethiopia","e.chkunin@mail.ru","+251.2518474939","","Lookman Goodman","","728 Addis Ababa Line Road","Addis Ababa","Addis Ababa","1000","Ethiopia","e.chkunin@mail.ru","+251.2518474939","","Lookman Goodman","","728 Addis Ababa Line Road","Addis Ababa","Addis Ababa","1000","Ethiopia","e.chkunin@mail.ru","+251.2518474939","","","","","","","","","","","","earth.monovm.com","mars.monovm.com","mercury.monovm.com","venus.monovm.com","clientTransferProhibited","","",""
"3","covidcollege.com","2020-05-13 20:13:08","2020-05-12","2020-05-12","2021-05-12","303","PDR Ltd. d/b/a PublicDomainRegistry.com","whois.publicdomainregistry.com","http://www.publicdomainregistry.com","Million Kibret Kibret","Million Kibret Kibret","Bole Sub City","Addis Ababa","Addis Ababa","1400","Ethiopia","bolestreet@gmail.com","+251.911226759","","Million Kibret Kibret","Million Kibret Kibret","Bole Sub City","Addis Ababa","Addis Ababa","1400","Ethiopia","bolestreet@gmail.com","+251.911226759","","Million Kibret Kibret","Million Kibret Kibret","Bole Sub City","Addis Ababa","Addis Ababa","1400","Ethiopia","bolestreet@gmail.com","+251.911226759","","","","","","","","","","","","ns1.dns-parking.com","ns2.dns-parking.com","","","clientTransferProhibited","","",""
"4","danatplc.com","2020-05-13 07:32:14","2020-05-11","2020-05-11","2021-05-11","146","GoDaddy.com, LLC","whois.godaddy.com","http://registrar.godaddy.com","Nitad Trading Plc","Nitad Trading Plc","","","Addis Ababa","","Ethiopia","","","","","","","","","","","","","","","","","","","","","","","","","","","","","","","","","","ns23.domaincontrol.com","ns24.domaincontrol.com","","","clientDeleteProhibited","clientRenewProhibited","clientTransferProhibited","clientUpdateProhibited"
"5","danatplc.net","2020-05-14 00:10:43","2020-05-11","2020-05-11","2021-05-11","146","GoDaddy.com, LLC","whois.godaddy.com","http://registrar.godaddy.com","Nitad Trading Plc","Nitad Trading Plc","","","Addis Ababa","","Ethiopia","","","","","","","","","","","","","","","","","","","","","","","","","","","","","","","","","","ns39.domaincontrol.com","ns40.domaincontrol.com","","","clientDeleteProhibited","clientRenewProhibited","clientTransferProhibited","clientUpdateProhibited"
"6","eacloudcomputing.com","2020-05-13 07:59:04","2020-05-11","2020-05-11","2021-05-11","379","Arsys Internet, S.L. dba NICLINE.COM","whois.nicline.com","http://www.nicline.com","REDACTED FOR PRIVACY","","REDACTED FOR PRIVACY","REDACTED FOR PRIVACY","SIN PROVINCIA","REDACTED FOR PRIVACY","Ethiopia","whoiscontact@domainconnection.info","REDACTED FOR PRIVACY","REDACTED FOR PRIVACY","REDACTED FOR PRIVACY","REDACTED FOR PRIVACY","REDACTED FOR PRIVACY","REDACTED FOR PRIVACY","REDACTED FOR PRIVACY","REDACTED FOR PRIVACY","REDACTED FOR PRIVACY","whoiscontact@domainconnection.info","REDACTED FOR PRIVACY","REDACTED FOR PRIVACY","REDACTED FOR PRIVACY","REDACTED FOR PRIVACY","REDACTED FOR PRIVACY","REDACTED FOR PRIVACY","REDACTED FOR PRIVACY","REDACTED FOR PRIVACY","REDACTED FOR PRIVACY","whoiscontact@domainconnection.info","REDACTED FOR PRIVACY","REDACTED FOR PRIVACY","","","","","","","","","","","ns6301.hostgator.com","ns6302.hostgator.com","","","addPeriod","clientTransferProhibited","",""
"7","eamesothelioma.com","2020-05-13 08:02:34","2020-05-11","2020-05-11","2021-05-11","379","Arsys Internet, S.L. dba NICLINE.COM","whois.nicline.com","http://www.nicline.com","REDACTED FOR PRIVACY","","REDACTED FOR PRIVACY","REDACTED FOR PRIVACY","SIN PROVINCIA","REDACTED FOR PRIVACY","Ethiopia","whoiscontact@domainconnection.info","REDACTED FOR PRIVACY","REDACTED FOR PRIVACY","REDACTED FOR PRIVACY","REDACTED FOR PRIVACY","REDACTED FOR PRIVACY","REDACTED FOR PRIVACY","REDACTED FOR PRIVACY","REDACTED FOR PRIVACY","REDACTED FOR PRIVACY","whoiscontact@domainconnection.info","REDACTED FOR PRIVACY","REDACTED FOR PRIVACY","REDACTED FOR PRIVACY","REDACTED FOR PRIVACY","REDACTED FOR PRIVACY","REDACTED FOR PRIVACY","REDACTED FOR PRIVACY","REDACTED FOR PRIVACY","REDACTED FOR PRIVACY","whoiscontact@domainconnection.info","REDACTED FOR PRIVACY","REDACTED FOR PRIVACY","","","","","","","","","","","ns6301.hostgator.com","ns6302.hostgator.com","","","addPeriod","clientTransferProhibited","",""
"8","enkutech.com","2020-05-13 10:59:36","2020-05-11","2020-05-11","2021-05-11","303","PDR Ltd. d/b/a PublicDomainRegistry.com","whois.publicdomainregistry.com","http://www.publicdomainregistry.com","Enkumichel Dereje","","Guinea Conakry St","Addis Ababa","Addis Ababa","1000","Ethiopia","enkumicahel@gmail.com","+251.961443866","","Enkumichel Dereje","","Guinea Conakry St","Addis Ababa","Addis Ababa","1000","Ethiopia","enkumicahel@gmail.com","+251.961443866","","Enkumichel Dereje","","Guinea Conakry St","Addis Ababa","Addis Ababa","1000","Ethiopia","enkumicahel@gmail.com","+251.961443866","","","","","","","","","","","","ns1.hahucloud.com","ns2.hahucloud.com","","","clientTransferProhibited","","",""
"9","genetelimat.com","2020-05-13 11:10:18","2020-05-11","2020-05-11","2021-05-11","82","OnlineNIC, Inc.","whois.onlinenic.com","http://www.onlinenic.com","WeberFlix Technology PLC","WeberFlix Technology PLC","Bole SubCity","Addis Ababa","Addis Ababa","16967","Ethiopia","weberflixplc@gmail.com","+251.914686868","+251.116616161","WeberFlix Technology PLC","WeberFlix Technology PLC","Bole SubCity","Addis Ababa","Addis Ababa","16967","Ethiopia","weberflixplc@gmail.com","+251.914686868","+251.116616161","WeberFlix Technology PLC","WeberFlix Technology PLC","Bole SubCity","Addis Ababa","Addis Ababa","16967","Ethiopia","weberflixplc@gmail.com","+251.914686868","+251.116616161","","","","","","","","","","","ns1.cloudhosting.co.uk","ns2.cloudhosting.co.uk","","","clientTransferProhibited","","",""
"10","glickfrie.com","2020-05-13 20:31:44","2020-05-11","2020-05-11","2021-05-11","303","PDR Ltd. d/b/a PublicDomainRegistry.com","whois.publicdomainregistry.com","http://www.publicdomainregistry.com","Lookman Goodman","","728 Addis Ababa Line Road","Addis Ababa","Addis Ababa","1000","Ethiopia","e.chkunin@mail.ru","+251.2518474939","","Lookman Goodman","","728 Addis Ababa Line Road","Addis Ababa","Addis Ababa","1000","Ethiopia","e.chkunin@mail.ru","+251.2518474939","","Lookman Goodman","","728 Addis Ababa Line Road","Addis Ababa","Addis Ababa","1000","Ethiopia","e.chkunin@mail.ru","+251.2518474939","","","","","","","","","","","","earth.monovm.com","mars.monovm.com","mercury.monovm.com","venus.monovm.com","clientTransferProhibited","","",""
"11","kmekdim.com","2020-05-13 09:07:44","2020-05-10","2020-05-10","2021-05-10","146","GoDaddy.com, LLC","whois.godaddy.com","http://registrar.godaddy.com","","","","","Addis ababa","","Ethiopia","","","","","","","","","","","","","","","","","","","","","","","","","","","","","","","","","","r1.gigilist.com","r2.gigilist.com","","","clientDeleteProhibited","clientRenewProhibited","clientTransferProhibited","clientUpdateProhibited"
"12","liktera.com","2020-05-13 09:38:31","2020-05-09","2020-05-09","2021-05-09","146","GoDaddy.com, LLC","whois.godaddy.com","http://registrar.godaddy.com","","","","","Region 14","","Ethiopia","","","","","","","","","","","","","","","","","","","","","","","","","","","","","","","","","","ns63.domaincontrol.com","ns64.domaincontrol.com","","","clientDeleteProhibited","clientRenewProhibited","clientTransferProhibited","clientUpdateProhibited"
"13","meseramedia.com","2020-05-13 10:58:11","2020-05-11","2020-05-11","2021-05-11","146","GoDaddy.com, LLC","whois.godaddy.com","http://registrar.godaddy.com","","","","","Tigray","","Ethiopia","","","","","","","","","","","","","","","","","","","","","","","","","","","","","","","","","","ns1.tekezehosting.com","ns2.tekezehosting.com","","","clientDeleteProhibited","clientRenewProhibited","clientTransferProhibited","clientUpdateProhibited"
"14","momonadas.com","2020-05-13 20:58:20","2020-05-12","2020-05-12","2021-05-12","303","PDR Ltd. d/b/a PublicDomainRegistry.com","whois.publicdomainregistry.com","http://www.publicdomainregistry.com","Tedros Gebregergs","","Guinea Conakry St","Addis Ababa","Addis Ababa","1000","Ethiopia","mustatlab@gmail.com","+251.974633391","","Tedros Gebregergs","","Guinea Conakry St","Addis Ababa","Addis Ababa","1000","Ethiopia","mustatlab@gmail.com","+251.974633391","","Tedros Gebregergs","","Guinea Conakry St","Addis Ababa","Addis Ababa","1000","Ethiopia","mustatlab@gmail.com","+251.974633391","","","","","","","","","","","","ns1.hahucloud.com","ns2.hahucloud.com","","","clientTransferProhibited","","",""
"15","omnatech.com","2020-05-13 19:32:34","2020-05-12","2020-05-12","2021-05-12","146","GoDaddy.com, LLC","whois.godaddy.com","http://registrar.godaddy.com","","","","","Tigray","","Ethiopia","","","","","","","","","","","","","","","","","","","","","","","","","","","","","","","","","","ns1.tekezehosting.com","ns2.tekezehosting.com","","","clientDeleteProhibited","clientRenewProhibited","clientTransferProhibited","clientUpdateProhibited"
"16","selenvirnomental.com","2020-05-13 20:42:34","2020-05-12","2020-05-12","2021-05-12","303","PDR Ltd. d/b/a PublicDomainRegistry.com","whois.publicdomainregistry.com","http://www.publicdomainregistry.com","Lookman Goodman","","728 Addis Ababa Line Road","Addis Ababa","Addis Ababa","1000","Ethiopia","e.chkunin@mail.ru","+251.2518474939","","Lookman Goodman","","728 Addis Ababa Line Road","Addis Ababa","Addis Ababa","1000","Ethiopia","e.chkunin@mail.ru","+251.2518474939","","Lookman Goodman","","728 Addis Ababa Line Road","Addis Ababa","Addis Ababa","1000","Ethiopia","e.chkunin@mail.ru","+251.2518474939","","","","","","","","","","","","earth.monovm.com","mars.monovm.com","mercury.monovm.com","venus.monovm.com","clientTransferProhibited","","",""