"num","domain_name","query_time","create_date","update_date","expiry_date","domain_registrar_id","domain_registrar_name","domain_registrar_whois","domain_registrar_url","registrant_name","registrant_company","registrant_address","registrant_city","registrant_state","registrant_zip","registrant_country","registrant_email","registrant_phone","registrant_fax","administrative_name","administrative_company","administrative_address","administrative_city","administrative_state","administrative_zip","administrative_country","administrative_email","administrative_phone","administrative_fax","technical_name","technical_company","technical_address","technical_city","technical_state","technical_zip","technical_country","technical_email","technical_phone","technical_fax","billing_name","billing_company","billing_address","billing_city","billing_state","billing_zip","billing_country","billing_email","billing_phone","billing_fax","name_server_1","name_server_2","name_server_3","name_server_4","domain_status_1","domain_status_2","domain_status_3","domain_status_4"
"1","campingfiji.com","2020-05-13 09:03:16","2020-05-10","2020-05-10","2021-05-10","1291","Crazy Domains FZ-LLC","whois.crazydomains.com","http://www.crazydomains.com","JOEL ANDERSON","","LOT 112 MAUI BAY","SIGATOKA","VIC","0000","Fiji","fijipci@gmail.com","+679.7759643","","JOEL ANDERSON","","LOT 112 MAUI BAY","SIGATOKA","VIC","0000","Fiji","fijipci@gmail.com","+679.7759643","+679.","JOEL ANDERSON","","LOT 112 MAUI BAY","SIGATOKA","VIC","0000","Fiji","fijipci@gmail.com","+679.7759643","+679.","","","","","","","","","","","ns1.crazydomains.com","ns2.crazydomains.com","","","OK","","",""
"2","fijiglamping.com","2020-05-13 09:03:13","2020-05-10","2020-05-10","2021-05-10","1291","Crazy Domains FZ-LLC","whois.crazydomains.com","http://www.crazydomains.com","JOEL ANDERSON","","LOT 112 MAUI BAY","SIGATOKA","VIC","0000","Fiji","fijipci@gmail.com","+679.7759643","","JOEL ANDERSON","","LOT 112 MAUI BAY","SIGATOKA","VIC","0000","Fiji","fijipci@gmail.com","+679.7759643","+679.","JOEL ANDERSON","","LOT 112 MAUI BAY","SIGATOKA","VIC","0000","Fiji","fijipci@gmail.com","+679.7759643","+679.","","","","","","","","","","","ns1.crazydomains.com","ns2.crazydomains.com","","","OK","","",""
"3","rajpoonam.com","2020-05-13 21:12:08","2020-05-12","2020-05-12","2021-05-12","106","Ascio Technologies, Inc. Danmark - Filial af Ascio technologies, Inc. USA","whois.ascio.com","http://www.ascio.com","Not Disclosed","Not Disclosed","Not Disclosed","Not Disclosed","","Not Disclosed","Fiji","","Not Disclosed","Not Disclosed","Not Disclosed","Not Disclosed","Not Disclosed","Not Disclosed","Not Disclosed","Not Disclosed","Not Disclosed","","Not Disclosed","Not Disclosed","Not Disclosed","Not Disclosed","Not Disclosed","Not Disclosed","Not Disclosed","Not Disclosed","Not Disclosed","","Not Disclosed","Not Disclosed","","","","","","","","","","","dns1.123hjemmeside.dk","dns2.123hjemmeside.dk","dns3.123hjemmeside.dk","","OK","","",""
"4","seuroboenterprise.com","2020-05-13 07:51:56","2020-05-11","2020-05-11","2021-05-11","146","GoDaddy.com, LLC","whois.godaddy.com","http://registrar.godaddy.com","","","","","Eastern","","Fiji","","","","","","","","","","","","","","","","","","","","","","","","","","","","","","","","","","ns23.domaincontrol.com","ns24.domaincontrol.com","","","clientDeleteProhibited","clientRenewProhibited","clientTransferProhibited","clientUpdateProhibited"
"5","tullubaby.com","2020-05-13 19:30:40","2020-05-12","2020-05-12","2021-05-12","146","GoDaddy.com, LLC","whois.godaddy.com","http://registrar.godaddy.com","","","","","Central","","Fiji","","","","","","","","","","","","","","","","","","","","","","","","","","","","","","","","","","ns65.domaincontrol.com","ns66.domaincontrol.com","","","clientDeleteProhibited","clientRenewProhibited","clientTransferProhibited","clientUpdateProhibited"