"num","domain_name","query_time","create_date","update_date","expiry_date","domain_registrar_id","domain_registrar_name","domain_registrar_whois","domain_registrar_url","registrant_name","registrant_company","registrant_address","registrant_city","registrant_state","registrant_zip","registrant_country","registrant_email","registrant_phone","registrant_fax","administrative_name","administrative_company","administrative_address","administrative_city","administrative_state","administrative_zip","administrative_country","administrative_email","administrative_phone","administrative_fax","technical_name","technical_company","technical_address","technical_city","technical_state","technical_zip","technical_country","technical_email","technical_phone","technical_fax","billing_name","billing_company","billing_address","billing_city","billing_state","billing_zip","billing_country","billing_email","billing_phone","billing_fax","name_server_1","name_server_2","name_server_3","name_server_4","domain_status_1","domain_status_2","domain_status_3","domain_status_4"
"1","224resto.com","2020-05-13 11:05:42","2020-05-11","2020-05-11","2021-05-11","1630","Ligne Web Services SARL","whois.nic.fr","http://www.ait.com","","","","","","","Guinea","6bc35d55e2ab5c27c6c2012a80173318@whois-anonymous.com","","","","","","","","","Guinea","6bc35d55e2ab5c27c6c2012a80173318@whois-anonymous.com","","","","","","","","","Guinea","6bc35d55e2ab5c27c6c2012a80173318@whois-anonymous.com","","","","","","","","","Guinea","6bc35d55e2ab5c27c6c2012a80173318@whois-anonymous.com","","","","","","","More","clientTransferProhibited","informations","on"
"2","alphaamadoutayire.com","2020-05-13 20:51:21","2020-05-11","2020-05-11","2021-05-11","1630","Ligne Web Services SARL","whois.nic.fr","http://www.ait.com","","","","","","","Guinea","f05d3ff72ba05664ff6dfca2edf54462@whois-anonymous.com","","","","","","","","","Guinea","f05d3ff72ba05664ff6dfca2edf54462@whois-anonymous.com","","","","","","","","","Guinea","f05d3ff72ba05664ff6dfca2edf54462@whois-anonymous.com","","","","","","","","","Guinea","f05d3ff72ba05664ff6dfca2edf54462@whois-anonymous.com","","","","","","","More","clientTransferProhibited","informations","on"
"3","edifice-gn.com","2020-05-13 10:59:29","2020-05-11","2020-05-11","2021-05-11","1630","Ligne Web Services SARL","whois.nic.fr","http://www.ait.com","Guinea Network Solutions","Guinea Network Solutions","","","","","Guinea","f096486de662bdcca775efba905ca009@whois-anonymous.com","","","Guinea Network Solutions","Guinea Network Solutions","","","","","Guinea","f096486de662bdcca775efba905ca009@whois-anonymous.com","","","Guinea Network Solutions","Guinea Network Solutions","","","","","Guinea","f096486de662bdcca775efba905ca009@whois-anonymous.com","","","Guinea Network Solutions","Guinea Network Solutions","","","","","Guinea","f096486de662bdcca775efba905ca009@whois-anonymous.com","","","ns1.lws-hosting.org","ns2.lws-hosting.org","ns3.lwsdns.com","ns4.lwsdns.com","More","clientTransferProhibited","informations","on"
"4","gypc224.com","2020-05-13 20:40:44","2020-05-11","2020-05-11","2021-05-11","433","OVH sas","whois.ovh.com","http://www.ovh.com","REDACTED FOR PRIVACY","GUINEAN YOUNG PROFESSIONALS","REDACTED FOR PRIVACY","REDACTED FOR PRIVACY","RATOMA","REDACTED FOR PRIVACY","Guinea","f9gfcredp0x7zr6qhnzs@x.o-w-o.info","REDACTED FOR PRIVACY","REDACTED FOR PRIVACY","REDACTED FOR PRIVACY","REDACTED FOR PRIVACY","REDACTED FOR PRIVACY","REDACTED FOR PRIVACY","REDACTED FOR PRIVACY","REDACTED FOR PRIVACY","REDACTED FOR PRIVACY","omw0yq7dyf4ik5q46xfy@k.o-w-o.info","REDACTED FOR PRIVACY","REDACTED FOR PRIVACY","REDACTED FOR PRIVACY","REDACTED FOR PRIVACY","REDACTED FOR PRIVACY","REDACTED FOR PRIVACY","REDACTED FOR PRIVACY","REDACTED FOR PRIVACY","REDACTED FOR PRIVACY","omw0yq7dyf4ik5q46xfy@k.o-w-o.info","REDACTED FOR PRIVACY","REDACTED FOR PRIVACY","","","","","","","","","","","dns109.ovh.net","ns109.ovh.net","","","clientDeleteProhibited","clientTransferProhibited","",""
"5","lerionunez.com","2020-05-13 11:00:51","2020-05-11","2020-05-11","2021-05-11","1630","Ligne Web Services SARL","whois.nic.fr","http://www.ait.com","","","","","","","Guinea","ee9b3b96bf95faadee6b29c13d3977c8@whois-anonymous.com","","","","","","","","","Guinea","ee9b3b96bf95faadee6b29c13d3977c8@whois-anonymous.com","","","","","","","","","Guinea","ee9b3b96bf95faadee6b29c13d3977c8@whois-anonymous.com","","","","","","","","","Guinea","ee9b3b96bf95faadee6b29c13d3977c8@whois-anonymous.com","","","","","","","More","clientTransferProhibited","informations","on"
"6","tounkarapierrefassa.com","2020-05-13 11:03:31","2020-05-11","2020-05-11","2021-05-11","106","Ascio Technologies, Inc. Danmark - Filial af Ascio technologies, Inc. USA","whois.ascio.com","http://www.ascio.com","Not Disclosed","Not Disclosed","Not Disclosed","Not Disclosed","","Not Disclosed","Guinea","","Not Disclosed","Not Disclosed","Not Disclosed","Not Disclosed","Not Disclosed","Not Disclosed","Not Disclosed","Not Disclosed","Not Disclosed","","Not Disclosed","Not Disclosed","Not Disclosed","Not Disclosed","Not Disclosed","Not Disclosed","Not Disclosed","Not Disclosed","Not Disclosed","","Not Disclosed","Not Disclosed","","","","","","","","","","","dns1.123hjemmeside.dk","dns2.123hjemmeside.dk","dns3.123hjemmeside.dk","","OK","","",""