"num","domain_name","query_time","create_date","update_date","expiry_date","domain_registrar_id","domain_registrar_name","domain_registrar_whois","domain_registrar_url","registrant_name","registrant_company","registrant_address","registrant_city","registrant_state","registrant_zip","registrant_country","registrant_email","registrant_phone","registrant_fax","administrative_name","administrative_company","administrative_address","administrative_city","administrative_state","administrative_zip","administrative_country","administrative_email","administrative_phone","administrative_fax","technical_name","technical_company","technical_address","technical_city","technical_state","technical_zip","technical_country","technical_email","technical_phone","technical_fax","billing_name","billing_company","billing_address","billing_city","billing_state","billing_zip","billing_country","billing_email","billing_phone","billing_fax","name_server_1","name_server_2","name_server_3","name_server_4","domain_status_1","domain_status_2","domain_status_3","domain_status_4"
"1","964pay.com","2020-05-13 08:04:13","2020-05-10","2020-05-10","2021-05-10","146","GoDaddy.com, LLC","whois.godaddy.com","http://registrar.godaddy.com","","","","","baghdad","","Iraq","","","","","","","","","","","","","","","","","","","","","","","","","","","","","","","","","","ns23.domaincontrol.com","ns24.domaincontrol.com","","","clientDeleteProhibited","clientRenewProhibited","clientTransferProhibited","clientUpdateProhibited"
"2","abdullaraed.com","2020-05-13 11:00:49","2020-05-11","2020-05-11","2021-05-11","146","GoDaddy.com, LLC","whois.godaddy.com","http://registrar.godaddy.com","","","","","baghdad","","Iraq","","","","","","","","","","","","","","","","","","","","","","","","","","","","","","","","","","ns27.domaincontrol.com","ns28.domaincontrol.com","","","clientDeleteProhibited","clientRenewProhibited","clientTransferProhibited","clientUpdateProhibited"
"3","adnoc-iqcatalog.com","2020-05-13 07:44:30","2020-05-11","2020-05-11","2021-05-11","146","GoDaddy.com, LLC","whois.godaddy.com","http://registrar.godaddy.com","","","","","baghdad","","Iraq","","","","","","","","","","","","","","","","","","","","","","","","","","","","","","","","","","ns23.domaincontrol.com","ns24.domaincontrol.com","","","clientDeleteProhibited","clientRenewProhibited","clientTransferProhibited","clientUpdateProhibited"
"4","al-bayraqco.com","2020-05-13 07:10:57","2020-05-10","2020-05-10","2021-05-10","303","PDR Ltd. d/b/a PublicDomainRegistry.com","whois.publicdomainregistry.com","http://www.publicdomainregistry.com","IRAQ - Sales Team","OTOMATED - IRAQ SALES OFFICE","AL Jazaer Street","Basrah","Al Basrah","61001","Iraq","info@otomated.com","+964.7800007036","+964.7800007036","IRAQ - Sales Team","OTOMATED - IRAQ SALES OFFICE","AL Jazaer Street","Basrah","Al Basrah","61001","Iraq","info@otomated.com","+964.7800007036","+964.7800007036","IRAQ - Sales Team","OTOMATED - IRAQ SALES OFFICE","AL Jazaer Street","Basrah","Al Basrah","61001","Iraq","info@otomated.com","+964.7800007036","+964.7800007036","","","","","","","","","","","ns1.bh-52.webhostbox.net","ns2.bh-52.webhostbox.net","","","clientTransferProhibited","","",""
"5","al-shahad.com","2020-05-13 09:06:22","2020-05-10","2020-05-10","2021-05-10","303","PDR Ltd. d/b/a PublicDomainRegistry.com","whois.publicdomainregistry.com","http://www.publicdomainregistry.com","Anass Malik","EXLHOST.IQ","Iraq - Baghdad","Baghdad","Al-mansor - 14 Ramadan","11111","Iraq","exlhost@gmail.com","+964.7801947192","","Anass Malik","EXLHOST.IQ","Iraq - Baghdad","Baghdad","Al-mansor - 14 Ramadan","11111","Iraq","exlhost@gmail.com","+964.7801947192","","Anass Malik","EXLHOST.IQ","Iraq - Baghdad","Baghdad","Al-mansor - 14 Ramadan","11111","Iraq","exlhost@gmail.com","+964.7801947192","","","","","","","","","","","","phil.ns.cloudflare.com","ruth.ns.cloudflare.com","","","clientTransferProhibited","","",""
"6","alawfiasport.com","2020-05-13 09:52:30","2020-05-10","2020-05-10","2021-05-10","303","PDR Ltd. d/b/a PublicDomainRegistry.com","whois.publicdomainregistry.com","http://www.publicdomainregistry.com","Anass Malik","EXLHOST.IQ","Iraq - Baghdad","Baghdad","Al-mansor - 14 Ramadan","11111","Iraq","exlhost@gmail.com","+964.7801947192","","Anass Malik","EXLHOST.IQ","Iraq - Baghdad","Baghdad","Al-mansor - 14 Ramadan","11111","Iraq","exlhost@gmail.com","+964.7801947192","","Anass Malik","EXLHOST.IQ","Iraq - Baghdad","Baghdad","Al-mansor - 14 Ramadan","11111","Iraq","exlhost@gmail.com","+964.7801947192","","","","","","","","","","","","phil.ns.cloudflare.com","ruth.ns.cloudflare.com","","","clientTransferProhibited","","",""
"7","alazgroup.com","2020-05-13 07:10:55","2020-05-10","2020-05-10","2021-05-10","82","OnlineNIC, Inc.","whois.onlinenic.com","http://www.onlinenic.com","alazgroup.com","alazgroup.com","Erbil","Erbil","Erbil","44001","Iraq","mas4it@gmail.com","+964.7508586980","+964.7508586980","alazgroup.com","alazgroup.com","Erbil","Erbil","Erbil","44001","Iraq","mas4it@gmail.com","+964.7508586980","+964.7508586980","alazgroup.com","alazgroup.com","Erbil","Erbil","Erbil","44001","Iraq","mas4it@gmail.com","+964.7508586980","+964.7508586980","","","","","","","","","","","ns1.servershost.net","ns2.servershost.net","","","clientTransferProhibited","","",""
"8","almkarm.com","2020-05-13 20:26:32","2020-05-11","2020-05-11","2021-05-11","625","Name.com, Inc.","whois.name.com","http://www.name.com","MISBAR TECH","ALMISBAR TECH LTD.","Al-Sina'a St, Baghdad, Iraq","Baghdad","Karadah","00964","Iraq","info@misbarcom.com","+964.7813655996","","MISBAR TECH","ALMISBAR TECH LTD.","Al-Sina'a St, Baghdad, Iraq","Baghdad","Karadah","00964","Iraq","info@misbarcom.com","+964.7813655996","","MISBAR TECH","ALMISBAR TECH LTD.","Al-Sina'a St, Baghdad, Iraq","Baghdad","Karadah","00964","Iraq","info@misbarcom.com","+964.7813655996","","","","","","","","","","","","ns1.pearhosting.net","ns2.pearhosting.net","","","addPeriod","clientTransferProhibited","",""
"9","ankaabrand.com","2020-05-13 10:02:35","2020-05-10","2020-05-10","2021-05-10","146","GoDaddy.com, LLC","whois.godaddy.com","http://registrar.godaddy.com","","","","","baghdad","","Iraq","","","","","","","","","","","","","","","","","","","","","","","","","","","","","","","","","","ns63.domaincontrol.com","ns64.domaincontrol.com","","","clientDeleteProhibited","clientRenewProhibited","clientTransferProhibited","clientUpdateProhibited"
"10","asiacell.money","2020-05-14 00:12:03","2020-05-11","2020-05-11","2021-05-11","146","GoDaddy.com, LLC","whois.godaddy.com","http://registrar.godaddy.com","REDACTED FOR PRIVACY","","REDACTED FOR PRIVACY","REDACTED FOR PRIVACY","Kurdistan","REDACTED FOR PRIVACY","Iraq","","REDACTED FOR PRIVACY","REDACTED FOR PRIVACY","","","","","","","","","","","","","","","","","","","","","","","","","","","","","","","","","","","addPeriod","clientDeleteProhibited","clientRenewProhibited","clientTransferProhibited"
"11","baghdadnaews.com","2020-05-13 07:00:14","2020-05-11","2020-05-11","2022-05-11","146","GoDaddy.com, LLC","whois.godaddy.com","http://registrar.godaddy.com","","","","","\u0627\u0644\u0639\u0631\u0627\u0642","","Iraq","","","","","","","","","","","","","","","","","","","","","","","","","","","","","","","","","","ns07.domaincontrol.com","ns08.domaincontrol.com","","","clientDeleteProhibited","clientRenewProhibited","clientTransferProhibited","clientUpdateProhibited"
"12","bayarvit.com","2020-05-13 10:47:29","2020-05-10","2020-05-10","2021-05-10","303","PDR Ltd. d/b/a PublicDomainRegistry.com","whois.publicdomainregistry.com","http://www.publicdomainregistry.com","Bayar Omar","Bayar Omar","iraq - Erbil, Italian City 928","Erbil","Erbil","44001","Iraq","bayararam@gmail.com","+964.7504412015","","Bayar Omar","Bayar Omar","iraq - Erbil, Italian City 928","Erbil","Erbil","44001","Iraq","bayararam@gmail.com","+964.7504412015","","Bayar Omar","Bayar Omar","iraq - Erbil, Italian City 928","Erbil","Erbil","44001","Iraq","bayararam@gmail.com","+964.7504412015","","","","","","","","","","","","ns1.dns-parking.com","ns2.dns-parking.com","","","clientTransferProhibited","","",""
"13","brnosolutions.com","2020-05-13 20:14:59","2020-05-12","2020-05-12","2022-05-12","146","GoDaddy.com, LLC","whois.godaddy.com","http://registrar.godaddy.com","","","","","greaterlondon","","Iraq","","","","","","","","","","","","","","","","","","","","","","","","","","","","","","","","","","ns27.domaincontrol.com","ns28.domaincontrol.com","","","clientDeleteProhibited","clientRenewProhibited","clientTransferProhibited","clientUpdateProhibited"
"14","chicoskidsfashion.com","2020-05-13 09:36:47","2020-05-09","2020-05-09","2021-05-09","48","eNom, Inc.","whois.enom.com","http://www.enom.com","REDACTED FOR PRIVACY","REDACTED FOR PRIVACY","REDACTED FOR PRIVACY","REDACTED FOR PRIVACY","baghdad","REDACTED FOR PRIVACY","Iraq","","REDACTED FOR PRIVACY","REDACTED FOR PRIVACY","REDACTED FOR PRIVACY","REDACTED FOR PRIVACY","REDACTED FOR PRIVACY","REDACTED FOR PRIVACY","REDACTED FOR PRIVACY","REDACTED FOR PRIVACY","REDACTED FOR PRIVACY","","REDACTED FOR PRIVACY","REDACTED FOR PRIVACY","REDACTED FOR PRIVACY","REDACTED FOR PRIVACY","REDACTED FOR PRIVACY","REDACTED FOR PRIVACY","REDACTED FOR PRIVACY","REDACTED FOR PRIVACY","REDACTED FOR PRIVACY","","REDACTED FOR PRIVACY","REDACTED FOR PRIVACY","","","","","","","","","","","ns20912480221.a2dns.com","ns20912480222.a2dns.com","","","addPeriod","clientTransferProhibited","",""
"15","daroobarber.com","2020-05-13 07:15:05","2020-05-11","2020-05-11","2021-05-11","146","GoDaddy.com, LLC","whois.godaddy.com","http://registrar.godaddy.com","","","","","Erbil","","Iraq","","","","","","","","","","","","","","","","","","","","","","","","","","","","","","","","","","chi-ns1.greengeeks.com","chi-ns2.greengeeks.com","","","clientDeleteProhibited","clientRenewProhibited","clientTransferProhibited","clientUpdateProhibited"
"16","dinar-pay.com","2020-05-13 21:08:19","2020-05-12","2020-05-12","2021-05-12","625","Name.com, Inc.","whois.name.com","http://www.name.com","Fadhil Omer","SoftMax","Erbil, Sultan Muthafar Street","Erbil","Erbil","44001","Iraq","info@soft-max.com","+964.7504791360","","Fadhil Omer","SoftMax","Erbil, Sultan Muthafar Street","Erbil","Erbil","44001","Iraq","info@soft-max.com","+964.7504791360","","Fadhil Omer","SoftMax","Erbil, Sultan Muthafar Street","Erbil","Erbil","44001","Iraq","info@soft-max.com","+964.7504791360","","","","","","","","","","","","ns.second-ns.com","ns1.your-server.de","ns3.second-ns.de","","addPeriod","clientTransferProhibited","",""
"17","donia-news.com","2020-05-13 10:55:51","2020-05-11","2020-05-11","2021-05-11","303","PDR Ltd. d/b/a PublicDomainRegistry.com","whois.publicdomainregistry.com","http://www.publicdomainregistry.com","Anass Malik","EXLHOST.IQ","Iraq - Baghdad","Baghdad","Al-mansor - 14 Ramadan","11111","Iraq","exlhost@gmail.com","+964.7801947192","","Anass Malik","EXLHOST.IQ","Iraq - Baghdad","Baghdad","Al-mansor - 14 Ramadan","11111","Iraq","exlhost@gmail.com","+964.7801947192","","Anass Malik","EXLHOST.IQ","Iraq - Baghdad","Baghdad","Al-mansor - 14 Ramadan","11111","Iraq","exlhost@gmail.com","+964.7801947192","","","","","","","","","","","","phil.ns.cloudflare.com","ruth.ns.cloudflare.com","","","clientTransferProhibited","","",""
"18","dukkan4apps.com","2020-05-13 20:43:45","2020-05-12","2020-05-12","2022-05-12","146","GoDaddy.com, LLC","whois.godaddy.com","http://registrar.godaddy.com","","","","","basra","","Iraq","","","","","","","","","","","","","","","","","","","","","","","","","","","","","","","","","","ns09.domaincontrol.com","ns10.domaincontrol.com","","","clientDeleteProhibited","clientRenewProhibited","clientTransferProhibited","clientUpdateProhibited"
"19","ekorek.com","2020-05-13 11:03:00","2020-05-11","2020-05-11","2021-05-11","146","GoDaddy.com, LLC","whois.godaddy.com","http://registrar.godaddy.com","","","","","Kurdistan","","Iraq","","","","","","","","","","","","","","","","","","","","","","","","","","","","","","","","","","ns27.domaincontrol.com","ns28.domaincontrol.com","","","clientDeleteProhibited","clientRenewProhibited","clientTransferProhibited","clientUpdateProhibited"
"20","erbil-lawyers.net","2020-05-14 00:10:20","2020-05-12","2020-05-12","2021-05-12","625","Name.com, Inc.","whois.name.com","http://www.name.com","Sherwan Ibrahim","SherwanIbrahim","Iraq - Kurdistan - Erbil - 100 M Near the Airpo rt- Next Toyota SAS - MRF Towers - D5 - F2 - Office 3","erbil","kurdistan","004444","Iraq","admin@smartweb-iq.com","+964.7507777608","","Sherwan Ibrahim","SherwanIbrahim","Iraq - Kurdistan - Erbil - 100 M Near the Airpo rt- Next Toyota SAS - MRF Towers - D5 - F2 - Office 3","erbil","kurdistan","004444","Iraq","admin@smartweb-iq.com","+964.7507777608","","Sherwan Ibrahim","SherwanIbrahim","Iraq - Kurdistan - Erbil - 100 M Near the Airpo rt- Next Toyota SAS - MRF Towers - D5 - F2 - Office 3","erbil","kurdistan","004444","Iraq","admin@smartweb-iq.com","+964.7507777608","","","","","","","","","","","","ns1ntw.name.com","ns2ckr.name.com","ns3cjl.name.com","ns4hny.name.com","addPeriod","clientTransferProhibited","",""
"21","gasheen-indoor-plants.com","2020-05-13 09:17:09","2020-05-09","2020-05-09","2021-05-09","146","GoDaddy.com, LLC","whois.godaddy.com","http://registrar.godaddy.com","","","","","Erbil","","Iraq","","","","","","","","","","","","","","","","","","","","","","","","","","","","","","","","","","chi-ns1.greengeeks.com","chi-ns2.greengeeks.com","","","clientDeleteProhibited","clientRenewProhibited","clientTransferProhibited","clientUpdateProhibited"
"22","gizcms.com","2020-05-13 09:53:38","2020-05-10","2020-05-10","2021-05-10","440","Wild West Domains, LLC","whois.wildwestdomains.com","http://www.wildwestdomains.com","Avesta Group","Avesta Group","","","SUL","","Iraq","","","","","","","","","","","","","","","","","","","","","","","","","","","","","","","","","","art.ns.cloudflare.com","eva.ns.cloudflare.com","","","clientDeleteProhibited","clientRenewProhibited","clientTransferProhibited","clientUpdateProhibited"
"23","hani-aswad.com","2020-05-13 20:54:40","2020-05-12","2020-05-12","2021-05-12","146","GoDaddy.com, LLC","whois.godaddy.com","http://registrar.godaddy.com","Leaders for change - Iraq","Leaders for change - Iraq","","","Anbar","","Iraq","","","","","","","","","","","","","","","","","","","","","","","","","","","","","","","","","","ns1.vostwebhosting.com","ns2.vostwebhosting.com","","","clientDeleteProhibited","clientRenewProhibited","clientTransferProhibited","clientUpdateProhibited"
"24","harakiraq.com","2020-05-13 20:22:25","2020-05-11","2020-05-11","2021-05-11","146","GoDaddy.com, LLC","whois.godaddy.com","http://registrar.godaddy.com","","","","","\u0627\u0644\u0639\u0631\u0627\u0642","","Iraq","","","","","","","","","","","","","","","","","","","","","","","","","","","","","","","","","","ns65.domaincontrol.com","ns66.domaincontrol.com","","","clientDeleteProhibited","clientRenewProhibited","clientTransferProhibited","clientUpdateProhibited"
"25","hillastreet40.com","2020-05-13 11:09:08","2020-05-11","2020-05-11","2021-05-11","303","PDR Ltd. d/b/a PublicDomainRegistry.com","whois.publicdomainregistry.com","http://www.publicdomainregistry.com","Eng. Abbas Baghdadi","ForatWeb.com","baghdad","baghdad","Baghdad","00964","Iraq","domains@foratweb.com","+964.7730602004","","Eng. Abbas Baghdadi","ForatWeb.com","baghdad","baghdad","Baghdad","00964","Iraq","domains@foratweb.com","+964.7730602004","","Eng. Abbas Baghdadi","ForatWeb.com","baghdad","baghdad","Baghdad","00964","Iraq","domains@foratweb.com","+964.7730602004","","","","","","","","","","","","ns1.4atweb.top","ns2.4atweb.top","","","clientTransferProhibited","","",""
"26","i-scaffold.com","2020-05-13 10:13:53","2020-05-10","2020-05-10","2025-05-10","146","GoDaddy.com, LLC","whois.godaddy.com","http://registrar.godaddy.com","Naya Co.","Naya Co.","","","ERBIL","","Iraq","","","","","","","","","","","","","","","","","","","","","","","","","","","","","","","","","","pdns09.domaincontrol.com","pdns10.domaincontrol.com","","","clientDeleteProhibited","clientRenewProhibited","clientTransferProhibited","clientUpdateProhibited"
"27","insta-youtube.com","2020-05-13 11:00:54","2020-05-11","2020-05-11","2021-05-11","146","GoDaddy.com, LLC","whois.godaddy.com","http://registrar.godaddy.com","","","","","baghdad","","Iraq","","","","","","","","","","","","","","","","","","","","","","","","","","","","","","","","","","ns13.domaincontrol.com","ns14.domaincontrol.com","","","clientDeleteProhibited","clientRenewProhibited","clientTransferProhibited","clientUpdateProhibited"
"28","iraq-ieps.com","2020-05-13 08:30:26","2020-05-10","2020-05-10","2021-05-10","69","Tucows Domains Inc.","whois.tucows.com","http://domainhelp.opensrs.net","REDACTED FOR PRIVACY","REDACTED FOR PRIVACY","REDACTED FOR PRIVACY","REDACTED FOR PRIVACY","XX","REDACTED FOR PRIVACY","Iraq","","REDACTED FOR PRIVACY","REDACTED FOR PRIVACY","REDACTED FOR PRIVACY","REDACTED FOR PRIVACY","REDACTED FOR PRIVACY","REDACTED FOR PRIVACY","REDACTED FOR PRIVACY","REDACTED FOR PRIVACY","REDACTED FOR PRIVACY","","REDACTED FOR PRIVACY","REDACTED FOR PRIVACY","REDACTED FOR PRIVACY","REDACTED FOR PRIVACY","REDACTED FOR PRIVACY","REDACTED FOR PRIVACY","REDACTED FOR PRIVACY","REDACTED FOR PRIVACY","REDACTED FOR PRIVACY","","REDACTED FOR PRIVACY","REDACTED FOR PRIVACY","","","","","","","","","","","ns1.us160.siteground.us","ns2.us160.siteground.us","","","clientTransferProhibited","clientUpdateProhibited","",""
"29","kanzalaalm.com","2020-05-13 20:27:12","2020-05-11","2020-05-11","2021-05-11","625","Name.com, Inc.","whois.name.com","http://www.name.com","MISBAR TECH","ALMISBAR TECH LTD.","Al-Sina'a St, Baghdad, Iraq","Baghdad","Karadah","00964","Iraq","info@misbarcom.com","+964.7813655996","","MISBAR TECH","ALMISBAR TECH LTD.","Al-Sina'a St, Baghdad, Iraq","Baghdad","Karadah","00964","Iraq","info@misbarcom.com","+964.7813655996","","MISBAR TECH","ALMISBAR TECH LTD.","Al-Sina'a St, Baghdad, Iraq","Baghdad","Karadah","00964","Iraq","info@misbarcom.com","+964.7813655996","","","","","","","","","","","","ns1.webs4all.net","ns2.webs4all.net","","","addPeriod","clientTransferProhibited","",""
"30","khoshnet.com","2020-05-13 11:08:53","2020-05-11","2020-05-11","2021-05-11","146","GoDaddy.com, LLC","whois.godaddy.com","http://registrar.godaddy.com","Business Platforms","Business Platforms","","","Kurdistan","","Iraq","","","","","","","","","","","","","","","","","","","","","","","","","","","","","","","","","","ns27.domaincontrol.com","ns28.domaincontrol.com","","","clientDeleteProhibited","clientRenewProhibited","clientTransferProhibited","clientUpdateProhibited"
"31","khoshnet.net","2020-05-14 00:08:41","2020-05-11","2020-05-11","2021-05-11","146","GoDaddy.com, LLC","whois.godaddy.com","http://registrar.godaddy.com","","","","","Kurdistan","","Iraq","","","","","","","","","","","","","","","","","","","","","","","","","","","","","","","","","","ns07.domaincontrol.com","ns08.domaincontrol.com","","","clientDeleteProhibited","clientRenewProhibited","clientTransferProhibited","clientUpdateProhibited"
"32","korek.money","2020-05-14 00:12:02","2020-05-11","2020-05-11","2021-05-11","146","GoDaddy.com, LLC","whois.godaddy.com","http://registrar.godaddy.com","REDACTED FOR PRIVACY","","REDACTED FOR PRIVACY","REDACTED FOR PRIVACY","Kurdistan","REDACTED FOR PRIVACY","Iraq","","REDACTED FOR PRIVACY","REDACTED FOR PRIVACY","","","","","","","","","","","","","","","","","","","","","","","","","","","","","","","","","","","addPeriod","clientDeleteProhibited","clientRenewProhibited","clientTransferProhibited"
"33","korekwallet.com","2020-05-13 11:03:01","2020-05-11","2020-05-11","2021-05-11","146","GoDaddy.com, LLC","whois.godaddy.com","http://registrar.godaddy.com","","","","","Kurdistan","","Iraq","","","","","","","","","","","","","","","","","","","","","","","","","","","","","","","","","","ns07.domaincontrol.com","ns08.domaincontrol.com","","","clientDeleteProhibited","clientRenewProhibited","clientTransferProhibited","clientUpdateProhibited"
"34","laithathal1.com","2020-05-13 07:30:56","2020-05-11","2020-05-11","2021-05-11","69","Tucows Domains Inc.","whois.tucows.com","http://domainhelp.opensrs.net","REDACTED FOR PRIVACY","REDACTED FOR PRIVACY","REDACTED FOR PRIVACY","REDACTED FOR PRIVACY","???????","REDACTED FOR PRIVACY","Iraq","","REDACTED FOR PRIVACY","REDACTED FOR PRIVACY","REDACTED FOR PRIVACY","REDACTED FOR PRIVACY","REDACTED FOR PRIVACY","REDACTED FOR PRIVACY","REDACTED FOR PRIVACY","REDACTED FOR PRIVACY","REDACTED FOR PRIVACY","","REDACTED FOR PRIVACY","REDACTED FOR PRIVACY","REDACTED FOR PRIVACY","REDACTED FOR PRIVACY","REDACTED FOR PRIVACY","REDACTED FOR PRIVACY","REDACTED FOR PRIVACY","REDACTED FOR PRIVACY","REDACTED FOR PRIVACY","","REDACTED FOR PRIVACY","REDACTED FOR PRIVACY","","","","","","","","","","","dns2014a.trouble-free.net","dns2014b.trouble-free.net","","","OK","","",""
"35","lazopower.com","2020-05-13 20:18:06","2020-05-12","2020-05-12","2021-05-12","146","GoDaddy.com, LLC","whois.godaddy.com","http://registrar.godaddy.com","","","","","Erbil","","Iraq","","","","","","","","","","","","","","","","","","","","","","","","","","","","","","","","","","kurt.ns.cloudflare.com","nicole.ns.cloudflare.com","","","clientDeleteProhibited","clientRenewProhibited","clientTransferProhibited","clientUpdateProhibited"
"36","majllati.com","2020-05-13 20:45:38","2020-05-12","2020-05-13","2021-05-12","48","eNom, Inc.","whois.enom.com","http://www.enom.com","REDACTED FOR PRIVACY","REDACTED FOR PRIVACY","REDACTED FOR PRIVACY","REDACTED FOR PRIVACY","baghdad","REDACTED FOR PRIVACY","Iraq","","REDACTED FOR PRIVACY","REDACTED FOR PRIVACY","REDACTED FOR PRIVACY","REDACTED FOR PRIVACY","REDACTED FOR PRIVACY","REDACTED FOR PRIVACY","REDACTED FOR PRIVACY","REDACTED FOR PRIVACY","REDACTED FOR PRIVACY","","REDACTED FOR PRIVACY","REDACTED FOR PRIVACY","REDACTED FOR PRIVACY","REDACTED FOR PRIVACY","REDACTED FOR PRIVACY","REDACTED FOR PRIVACY","REDACTED FOR PRIVACY","REDACTED FOR PRIVACY","REDACTED FOR PRIVACY","","REDACTED FOR PRIVACY","REDACTED FOR PRIVACY","","","","","","","","","","","ns3005.mochahost.com","ns4005.mochahost.com","","","addPeriod","clientTransferProhibited","",""
"37","mnfpo.com","2020-05-13 10:10:11","2020-05-10","2020-05-10","2021-05-10","303","PDR Ltd. d/b/a PublicDomainRegistry.com","whois.publicdomainregistry.com","http://www.publicdomainregistry.com","ALSCO Today","ALSCO Software","Baghdad Tower Street-ALSCO Building","Baghdad","Baghdad","10001","Iraq","alscotoday@alscosoftware.com","+964.7712996570","","ALSCO Today","ALSCO Software","Baghdad Tower Street-ALSCO Building","Baghdad","Baghdad","10001","Iraq","alscotoday@alscosoftware.com","+964.7712996570","","ALSCO Today","ALSCO Software","Baghdad Tower Street-ALSCO Building","Baghdad","Baghdad","10001","Iraq","alscotoday@alscosoftware.com","+964.7712996570","","","","","","","","","","","","ns1.alscocloud.net","ns2.alscocloud.net","","","clientTransferProhibited","","",""
"38","msshope.com","2020-05-13 09:00:10","2020-05-09","2020-05-09","2021-05-09","146","GoDaddy.com, LLC","whois.godaddy.com","http://registrar.godaddy.com","","","","","baghdad","","Iraq","","","","","","","","","","","","","","","","","","","","","","","","","","","","","","","","","","ns75.domaincontrol.com","ns76.domaincontrol.com","","","clientDeleteProhibited","clientRenewProhibited","clientTransferProhibited","clientUpdateProhibited"
"39","munasabati-app.com","2020-05-13 09:37:29","2020-05-09","2020-05-09","2021-05-09","146","GoDaddy.com, LLC","whois.godaddy.com","http://registrar.godaddy.com","","","","","duhok/malta/bni","","Iraq","","","","","","","","","","","","","","","","","","","","","","","","","","","","","","","","","","ns55.domaincontrol.com","ns56.domaincontrol.com","","","clientDeleteProhibited","clientRenewProhibited","clientTransferProhibited","clientUpdateProhibited"
"40","nodecodeapi.net","2020-05-13 19:10:49","2020-05-12","2020-05-12","2022-05-12","146","GoDaddy.com, LLC","whois.godaddy.com","http://registrar.godaddy.com","","","","","kaniba","","Iraq","","","","","","","","","","","","","","","","","","","","","","","","","","","","","","","","","","ns1.hostinger.com","ns2.hostinger.com","ns3.hostinger.com","ns4.hostinger.com","clientDeleteProhibited","clientRenewProhibited","clientTransferProhibited","clientUpdateProhibited"
"41","onetouchisp.com","2020-05-13 10:00:25","2020-05-10","2020-05-10","2021-05-10","146","GoDaddy.com, LLC","whois.godaddy.com","http://registrar.godaddy.com","Capo Co.","Capo Co.","","","Baghdad","","Iraq","","","","","","","","","","","","","","","","","","","","","","","","","","","","","","","","","","rs68a.registrar-servers.com","rs68b.registrar-servers.com","","","clientDeleteProhibited","clientRenewProhibited","clientTransferProhibited","clientUpdateProhibited"
"42","pardisanonline.com","2020-05-13 09:05:34","2020-05-10","2020-05-10","2021-05-10","82","OnlineNIC, Inc.","whois.onlinenic.com","http://www.onlinenic.com","MohamadMehdi  Ahaniha","Ghasedak Communications System","No 1, 52 Mansour St.","Baghdad","Baghdad","34137","Iraq","mm.ahaniha@yahoo.com","+964.2813691","+964.2813691","MohamadMehdi  Ahaniha","Ghasedak Communications System","No 1, 52 Mansour St.","Baghdad","Baghdad","34137","Iraq","mm.ahaniha@yahoo.com","+964.2813691","+964.2813691","MohamadMehdi  Ahaniha","Ghasedak Communications System","No 1, 52 Mansour St.","Baghdad","Baghdad","34137","Iraq","mm.ahaniha@yahoo.com","+964.2813691","+964.2813691","","","","","","","","","","","ns1.miboserver.com","ns2.miboserver.com","","","clientTransferProhibited","","",""
"43","rxmovie.com","2020-05-13 19:54:58","2020-05-12","2020-05-12","2021-05-12","146","GoDaddy.com, LLC","whois.godaddy.com","http://registrar.godaddy.com","","","","","Erbil","","Iraq","","","","","","","","","","","","","","","","","","","","","","","","","","","","","","","","","","ns09.domaincontrol.com","ns10.domaincontrol.com","","","clientDeleteProhibited","clientRenewProhibited","clientTransferProhibited","clientUpdateProhibited"
"44","shopyiq.com","2020-05-13 09:40:10","2020-05-09","2020-05-09","2021-05-09","146","GoDaddy.com, LLC","whois.godaddy.com","http://registrar.godaddy.com","","","","","iraq","","Iraq","","","","","","","","","","","","","","","","","","","","","","","","","","","","","","","","","","ns45.domaincontrol.com","ns46.domaincontrol.com","","","clientDeleteProhibited","clientRenewProhibited","clientTransferProhibited","clientUpdateProhibited"
"45","thinkskais.com","2020-05-13 20:28:15","2020-05-11","2020-05-11","2021-05-11","303","PDR Ltd. d/b/a PublicDomainRegistry.com","whois.publicdomainregistry.com","http://www.publicdomainregistry.com","Kais thahir","","Baghdad","Baghdad","Baghdad","77091","Iraq","kais.thahir@gmail.com","+964.7901838101","","Kais thahir","","Baghdad","Baghdad","Baghdad","77091","Iraq","kais.thahir@gmail.com","+964.7901838101","","Kais thahir","","Baghdad","Baghdad","Baghdad","77091","Iraq","kais.thahir@gmail.com","+964.7901838101","","","","","","","","","","","","ns1.plesk-web6.webhostbox.net","ns2.plesk-web6.webhostbox.net","","","clientTransferProhibited","","",""
"46","toujaan.com","2020-05-13 07:07:55","2020-05-10","2020-05-10","2021-05-10","303","PDR Ltd. d/b/a PublicDomainRegistry.com","whois.publicdomainregistry.com","http://www.publicdomainregistry.com","Muntadher Rahma","Toujaan","Baghdad","Baghdad","Baghdad","12511","Iraq","itoujaan@gmail.com","+964.7800554477","","Muntadher Rahma","Toujaan","Baghdad","Baghdad","Baghdad","12511","Iraq","itoujaan@gmail.com","+964.7800554477","","Muntadher Rahma","Toujaan","Baghdad","Baghdad","Baghdad","12511","Iraq","itoujaan@gmail.com","+964.7800554477","","","","","","","","","","","","ns1.cloudgenix.net","ns2.cloudgenix.net","","","clientTransferProhibited","","",""
"47","vectorteamiq.com","2020-05-13 19:42:45","2020-05-11","2020-05-11","2021-05-11","303","PDR Ltd. d/b/a PublicDomainRegistry.com","whois.publicdomainregistry.com","http://www.publicdomainregistry.com","mahmood Ahmed","mahmood Ahmed","center","Erbil","Heran","44001","Iraq","vector.team222@gmail.com","+964.7734598287","","mahmood Ahmed","mahmood Ahmed","center","Erbil","Heran","44001","Iraq","vector.team222@gmail.com","+964.7734598287","","mahmood Ahmed","mahmood Ahmed","center","Erbil","Heran","44001","Iraq","vector.team222@gmail.com","+964.7734598287","","","","","","","","","","","","ns1.dns-parking.com","ns2.dns-parking.com","","","clientTransferProhibited","","",""
"48","welcometoiraq.com","2020-05-13 11:02:57","2020-05-11","2020-05-11","2021-05-11","146","GoDaddy.com, LLC","whois.godaddy.com","http://registrar.godaddy.com","","","","","Kurdistan","","Iraq","","","","","","","","","","","","","","","","","","","","","","","","","","","","","","","","","","ns07.domaincontrol.com","ns08.domaincontrol.com","","","clientDeleteProhibited","clientRenewProhibited","clientTransferProhibited","clientUpdateProhibited"
"49","wlatakam.com","2020-05-13 09:05:20","2020-05-10","2020-05-10","2021-05-10","146","GoDaddy.com, LLC","whois.godaddy.com","http://registrar.godaddy.com","telerik","telerik","","","ir","","Iraq","","","","","","","","","","","","","","","","","","","","","","","","","","","","","","","","","","ns75.domaincontrol.com","ns76.domaincontrol.com","","","clientDeleteProhibited","clientRenewProhibited","clientTransferProhibited","clientUpdateProhibited"
"50","zain-albaghdadi.com","2020-05-13 10:58:00","2020-05-11","2020-05-11","2021-05-11","303","PDR Ltd. d/b/a PublicDomainRegistry.com","whois.publicdomainregistry.com","http://www.publicdomainregistry.com","zain al-abdeen amer albaghdadi","zain al-abdeen amer albaghdadi","doura","baghdad","baghdad","10099","Iraq","ta99kr@gmail.com","+964.7810086970","","zain al-abdeen amer albaghdadi","zain al-abdeen amer albaghdadi","doura","baghdad","baghdad","10099","Iraq","ta99kr@gmail.com","+964.7810086970","","zain al-abdeen amer albaghdadi","zain al-abdeen amer albaghdadi","doura","baghdad","baghdad","10099","Iraq","ta99kr@gmail.com","+964.7810086970","","","","","","","","","","","","ns1.dns-parking.com","ns2.dns-parking.com","","","clientTransferProhibited","","",""
"51","zainwallet.com","2020-05-13 11:02:55","2020-05-11","2020-05-11","2021-05-11","146","GoDaddy.com, LLC","whois.godaddy.com","http://registrar.godaddy.com","","","","","Kurdistan","","Iraq","","","","","","","","","","","","","","","","","","","","","","","","","","","","","","","","","","ns13.domaincontrol.com","ns14.domaincontrol.com","","","clientDeleteProhibited","clientRenewProhibited","clientTransferProhibited","clientUpdateProhibited"
"52","zeytunchi.com","2020-05-13 09:05:34","2020-05-10","2020-05-10","2021-05-10","146","GoDaddy.com, LLC","whois.godaddy.com","http://registrar.godaddy.com","","","","","Kurdistan","","Iraq","","","","","","","","","","","","","","","","","","","","","","","","","","","","","","","","","","ns75.domaincontrol.com","ns76.domaincontrol.com","","","clientDeleteProhibited","clientRenewProhibited","clientTransferProhibited","clientUpdateProhibited"
"53","zhinmag.com","2020-05-13 11:06:43","2020-05-11","2020-05-12","2021-05-11","1154","FastDomain Inc.","whois.fastdomain.com","http://www.fastdomain.com","AMIR MOHAMMAD MEHRABI MOGHADAM","AMIR MOHAMMAD MEHRABI MOGHADAM","32 PARK","ERBIL","NA","44001","Iraq","amir.mehrabi93@gmail.com","+964.7517699381","","AMIR MOHAMMAD MEHRABI MOGHADAM","AMIR MOHAMMAD MEHRABI MOGHADAM","32 PARK","ERBIL","NA","44001","Iraq","amir.mehrabi93@gmail.com","+964.7517699381","","BLUEHOST INC","BLUEHOST.COM","550 E TIMPANOGOS PKWY","OREM","UTAH","84097","United States","domain@redl.ca","+1.8017659400","+1.8017651992","","","","","","","","","","","ns2.dnslake.com","ns58.dnslake.com","","","clientTransferProhibited","","",""