"num","domain_name","query_time","create_date","update_date","expiry_date","domain_registrar_id","domain_registrar_name","domain_registrar_whois","domain_registrar_url","registrant_name","registrant_company","registrant_address","registrant_city","registrant_state","registrant_zip","registrant_country","registrant_email","registrant_phone","registrant_fax","administrative_name","administrative_company","administrative_address","administrative_city","administrative_state","administrative_zip","administrative_country","administrative_email","administrative_phone","administrative_fax","technical_name","technical_company","technical_address","technical_city","technical_state","technical_zip","technical_country","technical_email","technical_phone","technical_fax","billing_name","billing_company","billing_address","billing_city","billing_state","billing_zip","billing_country","billing_email","billing_phone","billing_fax","name_server_1","name_server_2","name_server_3","name_server_4","domain_status_1","domain_status_2","domain_status_3","domain_status_4"
"1","backapmone-1.com","2020-05-13 11:07:35","2020-05-11","2020-05-11","2021-05-10","1052","EuroDNS S.A.","http://whois.rotld.ro","http://www.eurodns.com","Admin Domain","Mayfly Entertainment Ltd","Clinchs House, Lord Street","Douglas","","IM99 1RZ","Island Of Man","brandintegrity@brimondo.com","+46.733708008","","Integrity Brand","Brimondo AB","Kvarnbergsgatan 2","Gothenburg","","41105","Sweden","brandintegrity@brimondo.com","+46.737443863","","Integrity Brand","Brimondo AB","Kvarnbergsgatan 2","Gothenburg","","41105","Sweden","brandintegrity@brimondo.com","+46.737443863","","","","","","","","","","","","dns1.c01.nsone.net.cn","dns1.p02.nsone.net","dns2.c01.nsone.net.cn","dns2.p02.nsone.net","clientTransferProhibited","","",""
"2","backapmtwo-1.com","2020-05-13 11:07:37","2020-05-11","2020-05-11","2021-05-10","1052","EuroDNS S.A.","http://whois.rotld.ro","http://www.eurodns.com","Admin Domain","Mayfly Entertainment Ltd","Clinchs House, Lord Street","Douglas","","IM99 1RZ","Island Of Man","brandintegrity@brimondo.com","+46.733708008","","Integrity Brand","Brimondo AB","Kvarnbergsgatan 2","Gothenburg","","41105","Sweden","brandintegrity@brimondo.com","+46.737443863","","Integrity Brand","Brimondo AB","Kvarnbergsgatan 2","Gothenburg","","41105","Sweden","brandintegrity@brimondo.com","+46.737443863","","","","","","","","","","","","dns1.c01.nsone.net.cn","dns1.p02.nsone.net","dns2.c01.nsone.net.cn","dns2.p02.nsone.net","clientTransferProhibited","","",""
"3","banterfactory.com","2020-05-13 06:59:59","2020-05-11","2020-05-11","2021-05-11","1515","Webfusion Ltd.","whois.123-reg.co.uk","http://www.123-reg.co.uk","REDACTED FOR PRIVACY","","REDACTED FOR PRIVACY","REDACTED FOR PRIVACY","","REDACTED FOR PRIVACY","Island Of Man","","REDACTED FOR PRIVACY","REDACTED FOR PRIVACY","","","","","","","","","","","","","","","","","","","","","","","","","","","","","","","ns.123-reg.co.uk","ns2.123-reg.co.uk","","","clientDeleteProhibited","clientTransferProhibited","clientUpdateProhibited",""
"4","bearfoon.com","2020-05-13 10:56:52","2020-05-11","2020-05-11","2021-05-11","69","Tucows Domains Inc.","whois.tucows.com","http://domainhelp.opensrs.net","REDACTED FOR PRIVACY","REDACTED FOR PRIVACY","REDACTED FOR PRIVACY","REDACTED FOR PRIVACY","XX","REDACTED FOR PRIVACY","Island Of Man","","REDACTED FOR PRIVACY","REDACTED FOR PRIVACY","REDACTED FOR PRIVACY","REDACTED FOR PRIVACY","REDACTED FOR PRIVACY","REDACTED FOR PRIVACY","REDACTED FOR PRIVACY","REDACTED FOR PRIVACY","REDACTED FOR PRIVACY","","REDACTED FOR PRIVACY","REDACTED FOR PRIVACY","REDACTED FOR PRIVACY","REDACTED FOR PRIVACY","REDACTED FOR PRIVACY","REDACTED FOR PRIVACY","REDACTED FOR PRIVACY","REDACTED FOR PRIVACY","REDACTED FOR PRIVACY","","REDACTED FOR PRIVACY","REDACTED FOR PRIVACY","","","","","","","","","","","ns1.guk1015.siteground.eu","ns2.guk1015.siteground.eu","","","clientTransferProhibited","clientUpdateProhibited","",""
"5","cazeap-1.com","2020-05-13 11:07:39","2020-05-11","2020-05-11","2021-05-10","1052","EuroDNS S.A.","http://whois.rotld.ro","http://www.eurodns.com","Admin Domain","Mayfly Entertainment Ltd","Clinchs House, Lord Street","Douglas","","IM99 1RZ","Island Of Man","brandintegrity@brimondo.com","+46.733708008","","Integrity Brand","Brimondo AB","Kvarnbergsgatan 2","Gothenburg","","41105","Sweden","brandintegrity@brimondo.com","+46.737443863","","Integrity Brand","Brimondo AB","Kvarnbergsgatan 2","Gothenburg","","41105","Sweden","brandintegrity@brimondo.com","+46.737443863","","","","","","","","","","","","dns1.c01.nsone.net.cn","dns1.p02.nsone.net","dns2.c01.nsone.net.cn","dns2.p02.nsone.net","clientTransferProhibited","","",""
"6","eagasyteyap-1.com","2020-05-13 11:07:38","2020-05-11","2020-05-11","2021-05-10","1052","EuroDNS S.A.","http://whois.rotld.ro","http://www.eurodns.com","Admin Domain","Mayfly Entertainment Ltd","Clinchs House, Lord Street","Douglas","","IM99 1RZ","Island Of Man","brandintegrity@brimondo.com","+46.733708008","","Integrity Brand","Brimondo AB","Kvarnbergsgatan 2","Gothenburg","","41105","Sweden","brandintegrity@brimondo.com","+46.737443863","","Integrity Brand","Brimondo AB","Kvarnbergsgatan 2","Gothenburg","","41105","Sweden","brandintegrity@brimondo.com","+46.737443863","","","","","","","","","","","","dns1.c01.nsone.net.cn","dns1.p02.nsone.net","dns2.c01.nsone.net.cn","dns2.p02.nsone.net","clientTransferProhibited","","",""
"7","hankasystems.com","2020-05-13 09:58:09","2020-05-10","2020-05-10","2025-05-10","1515","Webfusion Ltd.","whois.123-reg.co.uk","http://www.123-reg.co.uk","REDACTED FOR PRIVACY","","REDACTED FOR PRIVACY","REDACTED FOR PRIVACY","","REDACTED FOR PRIVACY","Island Of Man","","REDACTED FOR PRIVACY","REDACTED FOR PRIVACY","","","","","","","","","","","","","","","","","","","","","","","","","","","","","","","ns.123-reg.co.uk","ns2.123-reg.co.uk","","","clientDeleteProhibited","clientTransferProhibited","clientUpdateProhibited",""
"8","ipamap-1.com","2020-05-13 11:07:38","2020-05-11","2020-05-11","2021-05-10","1052","EuroDNS S.A.","http://whois.rotld.ro","http://www.eurodns.com","Admin Domain","Mayfly Entertainment Ltd","Clinchs House, Lord Street","Douglas","","IM99 1RZ","Island Of Man","brandintegrity@brimondo.com","+46.733708008","","Integrity Brand","Brimondo AB","Kvarnbergsgatan 2","Gothenburg","","41105","Sweden","brandintegrity@brimondo.com","+46.737443863","","Integrity Brand","Brimondo AB","Kvarnbergsgatan 2","Gothenburg","","41105","Sweden","brandintegrity@brimondo.com","+46.737443863","","","","","","","","","","","","dns1.c01.nsone.net.cn","dns1.p02.nsone.net","dns2.c01.nsone.net.cn","dns2.p02.nsone.net","clientTransferProhibited","","",""
"9","pabiap-1.com","2020-05-13 11:07:34","2020-05-11","2020-05-11","2021-05-10","1052","EuroDNS S.A.","http://whois.rotld.ro","http://www.eurodns.com","Admin Domain","Mayfly Entertainment Ltd","Clinchs House, Lord Street","Douglas","","IM99 1RZ","Island Of Man","brandintegrity@brimondo.com","+46.733708008","","Integrity Brand","Brimondo AB","Kvarnbergsgatan 2","Gothenburg","","41105","Sweden","brandintegrity@brimondo.com","+46.737443863","","Integrity Brand","Brimondo AB","Kvarnbergsgatan 2","Gothenburg","","41105","Sweden","brandintegrity@brimondo.com","+46.737443863","","","","","","","","","","","","dns1.c01.nsone.net.cn","dns1.p02.nsone.net","dns2.c01.nsone.net.cn","dns2.p02.nsone.net","clientTransferProhibited","","",""
"10","pasdap-1.com","2020-05-13 11:07:38","2020-05-11","2020-05-11","2021-05-10","1052","EuroDNS S.A.","http://whois.rotld.ro","http://www.eurodns.com","Admin Domain","Mayfly Entertainment Ltd","Clinchs House, Lord Street","Douglas","","IM99 1RZ","Island Of Man","brandintegrity@brimondo.com","+46.733708008","","Integrity Brand","Brimondo AB","Kvarnbergsgatan 2","Gothenburg","","41105","Sweden","brandintegrity@brimondo.com","+46.737443863","","Integrity Brand","Brimondo AB","Kvarnbergsgatan 2","Gothenburg","","41105","Sweden","brandintegrity@brimondo.com","+46.737443863","","","","","","","","","","","","dns1.c01.nsone.net.cn","dns1.p02.nsone.net","dns2.c01.nsone.net.cn","dns2.p02.nsone.net","clientTransferProhibited","","",""
"11","payxayap-1.com","2020-05-13 11:07:39","2020-05-11","2020-05-11","2021-05-10","1052","EuroDNS S.A.","http://whois.rotld.ro","http://www.eurodns.com","Admin Domain","Mayfly Entertainment Ltd","Clinchs House, Lord Street","Douglas","","IM99 1RZ","Island Of Man","brandintegrity@brimondo.com","+46.733708008","","Integrity Brand","Brimondo AB","Kvarnbergsgatan 2","Gothenburg","","41105","Sweden","brandintegrity@brimondo.com","+46.737443863","","Integrity Brand","Brimondo AB","Kvarnbergsgatan 2","Gothenburg","","41105","Sweden","brandintegrity@brimondo.com","+46.737443863","","","","","","","","","","","","dns1.c01.nsone.net.cn","dns1.p02.nsone.net","dns2.c01.nsone.net.cn","dns2.p02.nsone.net","clientTransferProhibited","","",""
"12","pftap-1.com","2020-05-13 11:07:04","2020-05-11","2020-05-11","2021-05-10","1052","EuroDNS S.A.","http://whois.rotld.ro","http://www.eurodns.com","Admin Domain","Mayfly Entertainment Ltd","Clinchs House, Lord Street","Douglas","","IM99 1RZ","Island Of Man","brandintegrity@brimondo.com","+46.733708008","","Integrity Brand","Brimondo AB","Kvarnbergsgatan 2","Gothenburg","","41105","Sweden","brandintegrity@brimondo.com","+46.737443863","","Integrity Brand","Brimondo AB","Kvarnbergsgatan 2","Gothenburg","","41105","Sweden","brandintegrity@brimondo.com","+46.737443863","","","","","","","","","","","","dns1.c01.nsone.net.cn","dns1.p02.nsone.net","dns2.c01.nsone.net.cn","dns2.p02.nsone.net","clientTransferProhibited","","",""
"13","samurairice.com","2020-05-13 10:43:57","2020-05-10","2020-05-10","2021-05-10","146","GoDaddy.com, LLC","whois.godaddy.com","http://registrar.godaddy.com","","","","","Isle of Man","","Island Of Man","","","","","","","","","","","","","","","","","","","","","","","","","","","","","","","","","","ns07.domaincontrol.com","ns08.domaincontrol.com","","","clientDeleteProhibited","clientRenewProhibited","clientTransferProhibited","clientUpdateProhibited"
"14","siaface.com","2020-05-13 07:03:36","2020-05-11","2020-05-11","2021-05-11","303","PDR Ltd. d/b/a PublicDomainRegistry.com","whois.publicdomainregistry.com","http://www.publicdomainregistry.com","Toby Morris","Yellowbush LTD","9 Chapel Court Gellings Road","Port St Mary","South Region","IM9 5BG","Island Of Man","toby@yellowbush.com","+44.7624330874","","Toby Morris","Yellowbush LTD","9 Chapel Court Gellings Road","Port St Mary","South Region","IM9 5BG","Island Of Man","toby@yellowbush.com","+44.7624330874","","Toby Morris","Yellowbush LTD","9 Chapel Court Gellings Road","Port St Mary","South Region","IM9 5BG","Island Of Man","toby@yellowbush.com","+44.7624330874","","","","","","","","","","","","alexis.ns.cloudflare.com","angela.ns.cloudflare.com","","","clientTransferProhibited","","",""
"15","skywind360.com","2020-05-13 20:14:57","2020-05-12","2020-05-12","2022-05-12","447","SafeNames Ltd.","whois.ausregistry.net.au","http://www.safenames.net","Data protected, not disclosed","Skywind Holdings Limited","Unit 2W - Second Floor Quay House, South Quay","Douglas","","IM1 5AR","Island Of Man","0w10k21rxol3@idp.email","Data protected, not disclosed","Data protected, not disclosed","International Domain Administrator","Safenames Ltd","Safenames House, Sunrise Parkway Linford Wood","Milton Keynes","Bucks","MK14 6LS","United Kingdom","hostmaster@safenames.net","+44.1908200022","+44.1908325192","International Domain Tech","Safenames Ltd","Safenames House, Sunrise Parkway Linford Wood","Milton Keynes","Bucks","MK14 6LS","United Kingdom","hostmaster@safenames.net","+44.1908200022","+44.1908325192","","","","","","","","","","","ns-1394.awsdns-46.org","ns-1705.awsdns-21.co.uk","ns-322.awsdns-40.com","ns-544.awsdns-04.net","clientDeleteProhibited","clientTransferProhibited","clientUpdateProhibited",""
"16","theloanshops.com","2020-05-13 08:29:34","2020-05-10","2020-05-10","2021-05-10","146","GoDaddy.com, LLC","whois.godaddy.com","http://registrar.godaddy.com","","","","","no state","","Island Of Man","","","","","","","","","","","","","","","","","","","","","","","","","","","","","","","","","","ns07.domaincontrol.com","ns08.domaincontrol.com","","","clientDeleteProhibited","clientRenewProhibited","clientTransferProhibited","clientUpdateProhibited"
"17","vioceanweap-1.com","2020-05-13 11:07:38","2020-05-11","2020-05-11","2021-05-10","1052","EuroDNS S.A.","http://whois.rotld.ro","http://www.eurodns.com","Admin Domain","Mayfly Entertainment Ltd","Clinchs House, Lord Street","Douglas","","IM99 1RZ","Island Of Man","brandintegrity@brimondo.com","+46.733708008","","Integrity Brand","Brimondo AB","Kvarnbergsgatan 2","Gothenburg","","41105","Sweden","brandintegrity@brimondo.com","+46.737443863","","Integrity Brand","Brimondo AB","Kvarnbergsgatan 2","Gothenburg","","41105","Sweden","brandintegrity@brimondo.com","+46.737443863","","","","","","","","","","","","dns1.c01.nsone.net.cn","dns1.p02.nsone.net","dns2.c01.nsone.net.cn","dns2.p02.nsone.net","clientTransferProhibited","","",""
"18","zopaap-1.com","2020-05-13 11:07:01","2020-05-11","2020-05-11","2021-05-10","1052","EuroDNS S.A.","http://whois.rotld.ro","http://www.eurodns.com","Admin Domain","Mayfly Entertainment Ltd","Clinchs House, Lord Street","Douglas","","IM99 1RZ","Island Of Man","brandintegrity@brimondo.com","+46.733708008","","Integrity Brand","Brimondo AB","Kvarnbergsgatan 2","Gothenburg","","41105","Sweden","brandintegrity@brimondo.com","+46.737443863","","Integrity Brand","Brimondo AB","Kvarnbergsgatan 2","Gothenburg","","41105","Sweden","brandintegrity@brimondo.com","+46.737443863","","","","","","","","","","","","dns1.c01.nsone.net.cn","dns1.p02.nsone.net","dns2.c01.nsone.net.cn","dns2.p02.nsone.net","clientTransferProhibited","","",""