"num","domain_name","query_time","create_date","update_date","expiry_date","domain_registrar_id","domain_registrar_name","domain_registrar_whois","domain_registrar_url","registrant_name","registrant_company","registrant_address","registrant_city","registrant_state","registrant_zip","registrant_country","registrant_email","registrant_phone","registrant_fax","administrative_name","administrative_company","administrative_address","administrative_city","administrative_state","administrative_zip","administrative_country","administrative_email","administrative_phone","administrative_fax","technical_name","technical_company","technical_address","technical_city","technical_state","technical_zip","technical_country","technical_email","technical_phone","technical_fax","billing_name","billing_company","billing_address","billing_city","billing_state","billing_zip","billing_country","billing_email","billing_phone","billing_fax","name_server_1","name_server_2","name_server_3","name_server_4","domain_status_1","domain_status_2","domain_status_3","domain_status_4"
"1","bahtiiar24.com","2020-05-13 09:15:06","2020-05-09","2020-05-09","2021-05-09","303","PDR Ltd. d/b/a PublicDomainRegistry.com","whois.publicdomainregistry.com","http://www.publicdomainregistry.com","Bahtiyar","","722000, Kirgiziya, obl. Chuy, g. Bishkek, ul. Mikrorayon, d. 5","Bishkek","Issyk-Kulskaya obl.","722000","Kyrgyzstan","bahtiyar-2009_96@bk.ru","+996.772151900","","Bahtiyar","","722000, Kirgiziya, obl. Chuy, g. Bishkek, ul. Mikrorayon, d. 5","Bishkek","Issyk-Kulskaya obl.","722000","Kyrgyzstan","bahtiyar-2009_96@bk.ru","+996.772151900","","Bahtiyar","","722000, Kirgiziya, obl. Chuy, g. Bishkek, ul. Mikrorayon, d. 5","Bishkek","Issyk-Kulskaya obl.","722000","Kyrgyzstan","bahtiyar-2009_96@bk.ru","+996.772151900","","","","","","","","","","","","ns10.hoster.ru","ns11.hoster.ru","","","clientTransferProhibited","","",""
"2","date4adult.com","2020-05-13 21:01:00","2020-05-12","2020-05-12","2021-05-12","146","GoDaddy.com, LLC","whois.godaddy.com","http://registrar.godaddy.com","","","","","\u041c\u043e\u0441\u043a\u0432\u0430","","Kyrgyzstan","","","","","","","","","","","","","","","","","","","","","","","","","","","","","","","","","","ns1.beget.com","ns1.beget.pro","","","clientDeleteProhibited","clientRenewProhibited","clientTransferProhibited","clientUpdateProhibited"
"3","karazhat.com","2020-05-13 19:33:12","2020-05-12","2020-05-12","2021-05-12","1606","Limited Liability Company 'Registrar of domain names REG.RU'","whois.reg.ru","http://www.reg.ru","Kobonov Semetei","Private Person","Djantosheva str. 99","Bishkek","Chuiskaya","720000","Kyrgyzstan","semkobenov@gmail.com","+996.705703060","","Kobonov Semetei","Private Person","Djantosheva str. 99","Bishkek","Chuiskaya","720000","Kyrgyzstan","semkobenov@gmail.com","+996.705703060","","Kobonov Semetei","Private Person","Djantosheva str. 99","Bishkek","Chuiskaya","720000","Kyrgyzstan","semkobenov@gmail.com","+996.705703060","","","","","","","","","","","","ns1.reg.ru","ns2.reg.ru","","","clientTransferProhibited","","",""
"4","maybe2date.com","2020-05-13 19:32:48","2020-05-12","2020-05-12","2021-05-12","146","GoDaddy.com, LLC","whois.godaddy.com","http://registrar.godaddy.com","","","","","\u041c\u043e\u0441\u043a\u0432\u0430","","Kyrgyzstan","","","","","","","","","","","","","","","","","","","","","","","","","","","","","","","","","","ns31.domaincontrol.com","ns32.domaincontrol.com","","","clientDeleteProhibited","clientRenewProhibited","clientTransferProhibited","clientUpdateProhibited"
"5","meighancholy.com","2020-05-13 10:50:52","2020-05-10","2020-05-10","2021-05-10","106","Ascio Technologies, Inc. Danmark - Filial af Ascio technologies, Inc. USA","whois.ascio.com","http://www.ascio.com","Not Disclosed","Not Disclosed","Not Disclosed","Not Disclosed","","Not Disclosed","Kyrgyzstan","","Not Disclosed","Not Disclosed","Not Disclosed","Not Disclosed","Not Disclosed","Not Disclosed","Not Disclosed","Not Disclosed","Not Disclosed","","Not Disclosed","Not Disclosed","Not Disclosed","Not Disclosed","Not Disclosed","Not Disclosed","Not Disclosed","Not Disclosed","Not Disclosed","","Not Disclosed","Not Disclosed","","","","","","","","","","","dns1.123hjemmeside.dk","dns2.123hjemmeside.dk","dns3.123hjemmeside.dk","","OK","","",""
"6","statuskg.info","2020-05-13 19:07:19","2020-05-12","2020-05-12","2021-05-12","1606","Limited Liability Company 'Registrar of domain names REG.RU'","whois.reg.ru","http://www.reg.ru","Private Person","Private Person","","","Chuiskaya","","Kyrgyzstan","","","","","","","","","","","","","","","","","","","","","","","","","","","","","","","","","","ns1.reg.ru","ns2.reg.ru","","","addPeriod","clientTransferProhibited","serverTransferProhibited",""
"7","umaika.com","2020-05-13 10:53:55","2020-05-11","2020-05-11","2021-05-11","303","PDR Ltd. d/b/a PublicDomainRegistry.com","whois.publicdomainregistry.com","http://www.publicdomainregistry.com","Salieva Dinara","Umaika","Tunguch district, 58 house, 3 flat.","Bishkek","Chu","725000","Kyrgyzstan","umaikashop@gmail.com","+996.703659570","","Salieva Dinara","Umaika","Tunguch district, 58 house, 3 flat.","Bishkek","Chu","725000","Kyrgyzstan","umaikashop@gmail.com","+996.703659570","","Salieva Dinara","Umaika","Tunguch district, 58 house, 3 flat.","Bishkek","Chu","725000","Kyrgyzstan","umaikashop@gmail.com","+996.703659570","","","","","","","","","","","","ns1.syntlex.net","ns2.syntlex.net","ns3.syntlex.net","ns4.syntlex.net","clientTransferProhibited","","",""