"num","domain_name","query_time","create_date","update_date","expiry_date","domain_registrar_id","domain_registrar_name","domain_registrar_whois","domain_registrar_url","registrant_name","registrant_company","registrant_address","registrant_city","registrant_state","registrant_zip","registrant_country","registrant_email","registrant_phone","registrant_fax","administrative_name","administrative_company","administrative_address","administrative_city","administrative_state","administrative_zip","administrative_country","administrative_email","administrative_phone","administrative_fax","technical_name","technical_company","technical_address","technical_city","technical_state","technical_zip","technical_country","technical_email","technical_phone","technical_fax","billing_name","billing_company","billing_address","billing_city","billing_state","billing_zip","billing_country","billing_email","billing_phone","billing_fax","name_server_1","name_server_2","name_server_3","name_server_4","domain_status_1","domain_status_2","domain_status_3","domain_status_4"
"1","hal-center.com","2020-05-13 07:19:21","2020-05-11","2020-05-11","2021-05-11","146","GoDaddy.com, LLC","whois.godaddy.com","http://registrar.godaddy.com","Hal","Hal","","","AL","","Laos","","","","","","","","","","","","","","","","","","","","","","","","","","","","","","","","","","ns1.digitalocean.com","ns2.digitalocean.com","ns3.digitalocean.com","","clientDeleteProhibited","clientRenewProhibited","clientTransferProhibited","clientUpdateProhibited"
"2","hongkhao.com","2020-05-13 07:34:03","2020-05-11","2020-05-11","2021-05-11","303","PDR Ltd. d/b/a PublicDomainRegistry.com","whois.publicdomainregistry.com","http://www.publicdomainregistry.com","hongkhao hongkhao","hongkhao hongkhao","Bangkok","Bangkok","Bangkok","01000","Laos","marketonline.org@gmail.com","+20.298505035","","hongkhao hongkhao","hongkhao hongkhao","Bangkok","Bangkok","Bangkok","01000","Laos","marketonline.org@gmail.com","+20.298505035","","hongkhao hongkhao","hongkhao hongkhao","Bangkok","Bangkok","Bangkok","01000","Laos","marketonline.org@gmail.com","+20.298505035","","","","","","","","","","","","ns1.dns-parking.com","ns2.dns-parking.com","","","clientTransferProhibited","","",""
"3","laotor.com","2020-05-13 20:59:47","2020-05-12","2020-05-12","2021-05-12","303","PDR Ltd. d/b/a PublicDomainRegistry.com","whois.publicdomainregistry.com","http://www.publicdomainregistry.com","Laotor Laotor","Laotor Laotor","Laotor","Bangkok","Laotor","01000","Laos","onlinengern@gmail.com","+20.77885566","","Laotor Laotor","Laotor Laotor","Laotor","Bangkok","Laotor","01000","Laos","onlinengern@gmail.com","+20.77885566","","Laotor Laotor","Laotor Laotor","Laotor","Bangkok","Laotor","01000","Laos","onlinengern@gmail.com","+20.77885566","","","","","","","","","","","","ns1.dns-parking.com","ns2.dns-parking.com","","","clientTransferProhibited","","",""
"4","lattanatrading.com","2020-05-13 19:37:59","2020-05-12","2020-05-12","2021-05-12","303","PDR Ltd. d/b/a PublicDomainRegistry.com","whois.publicdomainregistry.com","http://www.publicdomainregistry.com","Vilaya Sanoubane","Lattana Trading","168 Khua Luang Nue","Vientiane","","10400","Laos","lattana.trading@gmail.com","+66.02076123456","","Vilaya Sanoubane","Lattana Trading","168 Khua Luang Nue","Vientiane","","10400","Laos","lattana.trading@gmail.com","+66.02076123456","","Vilaya Sanoubane","Lattana Trading","168 Khua Luang Nue","Vientiane","","10400","Laos","lattana.trading@gmail.com","+66.02076123456","","","","","","","","","","","","ns1.mweweb.com","ns2.mweweb.com","","","clientTransferProhibited","","",""
"5","talklao.com","2020-05-13 20:07:05","2020-05-12","2020-05-12","2021-05-12","303","PDR Ltd. d/b/a PublicDomainRegistry.com","whois.publicdomainregistry.com","http://www.publicdomainregistry.com","Vansaly Lavanpheng","Vansaly Lavanpheng","Luang Namtha","Luang Namtha","Luang Namtha","03000","Laos","vansaly.lavanpheng@gmail.com","+856.2099700400","","Vansaly Lavanpheng","Vansaly Lavanpheng","Luang Namtha","Luang Namtha","Luang Namtha","03000","Laos","vansaly.lavanpheng@gmail.com","+856.2099700400","","Vansaly Lavanpheng","Vansaly Lavanpheng","Luang Namtha","Luang Namtha","Luang Namtha","03000","Laos","vansaly.lavanpheng@gmail.com","+856.2099700400","","","","","","","","","","","","ns1.dns-parking.com","ns2.dns-parking.com","","","clientTransferProhibited","","",""