"num","domain_name","query_time","create_date","update_date","expiry_date","domain_registrar_id","domain_registrar_name","domain_registrar_whois","domain_registrar_url","registrant_name","registrant_company","registrant_address","registrant_city","registrant_state","registrant_zip","registrant_country","registrant_email","registrant_phone","registrant_fax","administrative_name","administrative_company","administrative_address","administrative_city","administrative_state","administrative_zip","administrative_country","administrative_email","administrative_phone","administrative_fax","technical_name","technical_company","technical_address","technical_city","technical_state","technical_zip","technical_country","technical_email","technical_phone","technical_fax","billing_name","billing_company","billing_address","billing_city","billing_state","billing_zip","billing_country","billing_email","billing_phone","billing_fax","name_server_1","name_server_2","name_server_3","name_server_4","domain_status_1","domain_status_2","domain_status_3","domain_status_4"
"1","1369kai.com","2020-05-13 08:29:24","2020-05-10","2020-05-10","2021-05-10","146","GoDaddy.com, LLC","whois.godaddy.com","http://registrar.godaddy.com","","","","","jinshaduchang","","Macau","","","","","","","","","","","","","","","","","","","","","","","","","","","","","","","","","","ns23.domaincontrol.com","ns24.domaincontrol.com","","","clientDeleteProhibited","clientRenewProhibited","clientTransferProhibited","clientUpdateProhibited"
"2","20888666.com","2020-05-13 09:40:54","2020-05-09","2020-05-09","2021-05-09","146","GoDaddy.com, LLC","whois.godaddy.com","http://registrar.godaddy.com","","","","","Ao \u9580","","Macau","","","","","","","","","","","","","","","","","","","","","","","","","","","","","","","","","","ns55.domaincontrol.com","ns56.domaincontrol.com","","","clientDeleteProhibited","clientRenewProhibited","clientTransferProhibited","clientUpdateProhibited"
"3","3018168.com","2020-05-13 09:30:50","2020-05-09","2020-05-09","2021-05-09","146","GoDaddy.com, LLC","whois.godaddy.com","http://registrar.godaddy.com","","","","","Ao \u9580","","Macau","","","","","","","","","","","","","","","","","","","","","","","","","","","","","","","","","","ns27.domaincontrol.com","ns28.domaincontrol.com","","","clientDeleteProhibited","clientRenewProhibited","clientTransferProhibited","clientUpdateProhibited"
"4","codingstarter.com","2020-05-13 21:03:38","2020-05-12","2020-05-12","2021-05-12","146","GoDaddy.com, LLC","whois.godaddy.com","http://registrar.godaddy.com","Blupurple Design Ltd.","Blupurple Design Ltd.","","","Macau","","Macau","","","","","","","","","","","","","","","","","","","","","","","","","","","","","","","","","","ns27.domaincontrol.com","ns28.domaincontrol.com","","","clientDeleteProhibited","clientRenewProhibited","clientTransferProhibited","clientUpdateProhibited"
"5","goodtimestoday.com","2020-05-13 07:17:01","2020-05-11","2020-05-11","2021-05-11","146","GoDaddy.com, LLC","whois.godaddy.com","http://registrar.godaddy.com","","","","","Macau","","Macau","","","","","","","","","","","","","","","","","","","","","","","","","","","","","","","","","","ns27.domaincontrol.com","ns28.domaincontrol.com","","","clientDeleteProhibited","clientRenewProhibited","clientTransferProhibited","clientUpdateProhibited"
"6","hkpsychologists.com","2020-05-13 07:38:43","2020-05-11","2020-05-11","2021-05-11","146","GoDaddy.com, LLC","whois.godaddy.com","http://registrar.godaddy.com","","","","","Macau","","Macau","","","","","","","","","","","","","","","","","","","","","","","","","","","","","","","","","","ns13.domaincontrol.com","ns14.domaincontrol.com","","","clientDeleteProhibited","clientRenewProhibited","clientTransferProhibited","clientUpdateProhibited"
"7","i065.com","2020-05-13 20:55:53","2020-05-12","2020-05-12","2021-05-12","3775","ALIBABA.COM SINGAPORE E-COMMERCE PRIVATE LIMITED","","","","","","","Macau","","Macau","","","","","","","","","","","","","","","","","","","","","","","","","","","","","","","","","","ns7.alidns.com","ns8.alidns.com","","","OK","","",""
"8","lbcai8.com","2020-05-13 20:45:35","2020-05-12","2020-05-12","2021-05-12","82","OnlineNIC, Inc.","whois.onlinenic.com","http://www.onlinenic.com","Li fuxing","Lifuxing","zhongshanjie888","aomen","aomen","888888","Macau","lbcp8899@gmail.com","+853.085388889999","+853.085388889999","Li fuxing","Lifuxing","zhongshanjie888","aomen","aomen","888888","Macau","lbcp8899@gmail.com","+853.085388889999","+853.085388889999","Li fuxing","Lifuxing","zhongshanjie888","aomen","aomen","888888","Macau","lbcp8899@gmail.com","+853.085388889999","+853.085388889999","","","","","","","","","","","f1g1ns1.dnspod.net","f1g1ns2.dnspod.net","","","clientTransferProhibited","","",""
"9","lbcp88.com","2020-05-13 19:38:23","2020-05-12","2020-05-12","2021-05-12","82","OnlineNIC, Inc.","whois.onlinenic.com","http://www.onlinenic.com","Li cao","Licao","zhongshanjie888","Licao","Licao","888888","Macau","lbcp8899@gmail.com","+853.085388889999","+853.085388889999","Li cao","Licao","zhongshanjie888","Licao","Licao","888888","Macau","lbcp8899@gmail.com","+853.085388889999","+853.085388889999","Li cao","Licao","zhongshanjie888","Licao","Licao","888888","Macau","lbcp8899@gmail.com","+853.085388889999","+853.085388889999","","","","","","","","","","","f1g1ns1.dnspod.net","f1g1ns2.dnspod.net","","","clientTransferProhibited","","",""
"10","lebo1234.com","2020-05-13 20:45:31","2020-05-12","2020-05-12","2021-05-12","82","OnlineNIC, Inc.","whois.onlinenic.com","http://www.onlinenic.com","Li fuxing","Lifuxing","zhongshanjie888","aomen","aomen","888888","Macau","lbcp8899@gmail.com","+853.085388889999","+853.085388889999","Li fuxing","Lifuxing","zhongshanjie888","aomen","aomen","888888","Macau","lbcp8899@gmail.com","+853.085388889999","+853.085388889999","Li fuxing","Lifuxing","zhongshanjie888","aomen","aomen","888888","Macau","lbcp8899@gmail.com","+853.085388889999","+853.085388889999","","","","","","","","","","","f1g1ns1.dnspod.net","f1g1ns2.dnspod.net","","","clientTransferProhibited","","",""
"11","macaun.com","2020-05-13 19:34:11","2020-05-12","2020-05-12","2021-05-12","3775","ALIBABA.COM SINGAPORE E-COMMERCE PRIVATE LIMITED","","","","","","","Macau","","Macau","","","","","","","","","","","","","","","","","","","","","","","","","","","","","","","","","","ns7.alidns.com","ns8.alidns.com","","","OK","","",""
"12","napahairremoval.com","2020-05-13 07:17:34","2020-05-11","2020-05-11","2021-05-11","146","GoDaddy.com, LLC","whois.godaddy.com","http://registrar.godaddy.com","","","","","Macau","","Macau","","","","","","","","","","","","","","","","","","","","","","","","","","","","","","","","","","ns07.domaincontrol.com","ns08.domaincontrol.com","","","clientDeleteProhibited","clientRenewProhibited","clientTransferProhibited","clientUpdateProhibited"
"13","negociosenmanada.com","2020-05-13 20:51:46","2020-05-11","2020-05-11","2021-05-11","146","GoDaddy.com, LLC","whois.godaddy.com","http://registrar.godaddy.com","","","","","Sinaloa","","Macau","","","","","","","","","","","","","","","","","","","","","","","","","","","","","","","","","","ns65.domaincontrol.com","ns66.domaincontrol.com","","","clientDeleteProhibited","clientRenewProhibited","clientTransferProhibited","clientUpdateProhibited"
"14","se3002.com","2020-05-13 19:43:17","2020-05-13","2020-05-13","2021-05-13","146","GoDaddy.com, LLC","whois.godaddy.com","http://registrar.godaddy.com","","","","","aomen","","Macau","","","","","","","","","","","","","","","","","","","","","","","","","","","","","","","","","","ns49.domaincontrol.com","ns50.domaincontrol.com","","","clientDeleteProhibited","clientRenewProhibited","clientTransferProhibited","clientUpdateProhibited"
"15","shuiyu5858.com","2020-05-13 07:38:47","2020-05-11","2020-05-11","2021-05-11","146","GoDaddy.com, LLC","whois.godaddy.com","http://registrar.godaddy.com","grrergerg","grrergerg","","","ganshu","","Macau","","","","","","","","","","","","","","","","","","","","","","","","","","","","","","","","","","ns39.domaincontrol.com","ns40.domaincontrol.com","","","clientDeleteProhibited","clientRenewProhibited","clientTransferProhibited","clientUpdateProhibited"
"16","shuiyu5959.com","2020-05-13 07:44:18","2020-05-11","2020-05-11","2021-05-11","146","GoDaddy.com, LLC","whois.godaddy.com","http://registrar.godaddy.com","grrergerg","grrergerg","","","ganshu","","Macau","","","","","","","","","","","","","","","","","","","","","","","","","","","","","","","","","","ns39.domaincontrol.com","ns40.domaincontrol.com","","","clientDeleteProhibited","clientRenewProhibited","clientTransferProhibited","clientUpdateProhibited"
"17","sundeaa.com","2020-05-13 07:39:03","2020-05-11","2020-05-11","2022-05-11","146","GoDaddy.com, LLC","whois.godaddy.com","http://registrar.godaddy.com","","","","","Hubei","","Macau","","","","","","","","","","","","","","","","","","","","","","","","","","","","","","","","","","ns27.domaincontrol.com","ns28.domaincontrol.com","","","clientDeleteProhibited","clientRenewProhibited","clientTransferProhibited","clientUpdateProhibited"
"18","ya2003.com","2020-05-13 17:49:49","2020-05-13","2020-05-13","2021-05-13","146","GoDaddy.com, LLC","whois.godaddy.com","http://registrar.godaddy.com","","","","","aomen","","Macau","","","","","","","","","","","","","","","","","","","","","","","","","","","","","","","","","","ns29.domaincontrol.com","ns30.domaincontrol.com","","","clientDeleteProhibited","clientRenewProhibited","clientTransferProhibited","clientUpdateProhibited"
"19","ya2207.com","2020-05-13 20:09:55","2020-05-13","2020-05-13","2021-05-13","146","GoDaddy.com, LLC","whois.godaddy.com","http://registrar.godaddy.com","","","","","aomen","","Macau","","","","","","","","","","","","","","","","","","","","","","","","","","","","","","","","","","ns29.domaincontrol.com","ns30.domaincontrol.com","","","clientDeleteProhibited","clientRenewProhibited","clientTransferProhibited","clientUpdateProhibited"
"20","ye3005.com","2020-05-13 20:17:10","2020-05-13","2020-05-13","2021-05-13","146","GoDaddy.com, LLC","whois.godaddy.com","http://registrar.godaddy.com","","","","","aomen","","Macau","","","","","","","","","","","","","","","","","","","","","","","","","","","","","","","","","","ns29.domaincontrol.com","ns30.domaincontrol.com","","","clientDeleteProhibited","clientRenewProhibited","clientTransferProhibited","clientUpdateProhibited"
"21","ye9003.com","2020-05-13 03:36:47","2020-05-13","2020-05-13","2021-05-13","146","GoDaddy.com, LLC","whois.godaddy.com","http://registrar.godaddy.com","","","","","aomen","","Macau","","","","","","","","","","","","","","","","","","","","","","","","","","","","","","","","","","ns29.domaincontrol.com","ns30.domaincontrol.com","","","clientDeleteProhibited","clientRenewProhibited","clientTransferProhibited","clientUpdateProhibited"
"22","ylb888888.com","2020-05-13 11:00:45","2020-05-11","2020-05-11","2021-05-11","146","GoDaddy.com, LLC","whois.godaddy.com","http://registrar.godaddy.com","","","","","Na Gang Ou","","Macau","","","","","","","","","","","","","","","","","","","","","","","","","","","","","","","","","","ns27.domaincontrol.com","ns28.domaincontrol.com","","","clientDeleteProhibited","clientRenewProhibited","clientTransferProhibited","clientUpdateProhibited"
"23","yllm888.com","2020-05-13 20:58:33","2020-05-12","2020-05-12","2021-05-12","146","GoDaddy.com, LLC","whois.godaddy.com","http://registrar.godaddy.com","","","","","Na Gang Ou","","Macau","","","","","","","","","","","","","","","","","","","","","","","","","","","","","","","","","","ns09.domaincontrol.com","ns10.domaincontrol.com","","","clientDeleteProhibited","clientRenewProhibited","clientTransferProhibited","clientUpdateProhibited"