"num","domain_name","query_time","create_date","update_date","expiry_date","domain_registrar_id","domain_registrar_name","domain_registrar_whois","domain_registrar_url","registrant_name","registrant_company","registrant_address","registrant_city","registrant_state","registrant_zip","registrant_country","registrant_email","registrant_phone","registrant_fax","administrative_name","administrative_company","administrative_address","administrative_city","administrative_state","administrative_zip","administrative_country","administrative_email","administrative_phone","administrative_fax","technical_name","technical_company","technical_address","technical_city","technical_state","technical_zip","technical_country","technical_email","technical_phone","technical_fax","billing_name","billing_company","billing_address","billing_city","billing_state","billing_zip","billing_country","billing_email","billing_phone","billing_fax","name_server_1","name_server_2","name_server_3","name_server_4","domain_status_1","domain_status_2","domain_status_3","domain_status_4"
"1","baljaa.com","2020-05-13 07:16:44","2020-05-11","2020-05-11","2021-05-11","303","PDR Ltd. d/b/a PublicDomainRegistry.com","whois.publicdomainregistry.com","http://www.publicdomainregistry.com","Uuganbayar Davaadorj","SimpleSmart","Han-Uul duureg Galaxy Tower","Ulaanbaatar","Ulaanbaatar","17510","Mongolia","simple8smart@gmail.com","+976.99024505","","Uuganbayar Davaadorj","SimpleSmart","Han-Uul duureg Galaxy Tower","Ulaanbaatar","Ulaanbaatar","17510","Mongolia","simple8smart@gmail.com","+976.99024505","","Uuganbayar Davaadorj","SimpleSmart","Han-Uul duureg Galaxy Tower","Ulaanbaatar","Ulaanbaatar","17510","Mongolia","simple8smart@gmail.com","+976.99024505","","","","","","","","","","","","ns1.virtual.mn","ns2.virtual.mn","ns3.virtual.mn","ns4.virtual.mn","clientTransferProhibited","","",""
"2","biedaagch.com","2020-05-13 07:58:48","2020-05-11","2020-05-11","2021-05-11","609","NameKing.com Inc.","whois.nameking.com","http://www.nameking.com","Ganzorig Purevee","","PO Box 221 Ulaanbaatar 46","Ulaanbaatar","","14201","Mongolia","ganzorigemail@gmail.com","+976.5504470","","Ganzorig Purevee","","PO Box 221 Ulaanbaatar 46","Ulaanbaatar","","14201","Mongolia","ganzorigemail@gmail.com","+976.5504470","","Ganzorig Purevee","","PO Box 221 Ulaanbaatar 46","Ulaanbaatar","","14201","Mongolia","ganzorigemail@gmail.com","+976.5504470","","","","","","","","","","","","ns1.hostens.com","ns2.hostens.com","","","clientTransferProhibited","","",""
"3","bilegshop.com","2020-05-13 07:41:06","2020-05-11","2020-05-11","2021-05-11","303","PDR Ltd. d/b/a PublicDomainRegistry.com","whois.publicdomainregistry.com","http://www.publicdomainregistry.com","Dorj  Saruul","BolorGoo Bileg","BZD 13 horoo 38-166 toot 0","Ulaanbaatar","Mongolia","11000","Mongolia","saruul_ub@yahoo.com","+976.96650493","","Dorj  Saruul","BolorGoo Bileg","BZD 13 horoo 38-166 toot 0","Ulaanbaatar","Mongolia","11000","Mongolia","saruul_ub@yahoo.com","+976.96650493","","Dorj  Saruul","BolorGoo Bileg","BZD 13 horoo 38-166 toot 0","Ulaanbaatar","Mongolia","11000","Mongolia","saruul_ub@yahoo.com","+976.96650493","","","","","","","","","","","","dns21.isafespace.com","dns22.isafespace.com","dns23.isafespace.com","dns24.isafespace.com","clientTransferProhibited","","",""
"4","coronamining.com","2020-05-13 06:59:00","2020-05-11","2020-05-11","2021-05-11","146","GoDaddy.com, LLC","whois.godaddy.com","http://registrar.godaddy.com","","","","","Selenge","","Mongolia","","","","","","","","","","","","","","","","","","","","","","","","","","","","","","","","","","ns27.domaincontrol.com","ns28.domaincontrol.com","","","clientDeleteProhibited","clientRenewProhibited","clientTransferProhibited","clientUpdateProhibited"
"5","erdeneburen.com","2020-05-13 09:07:16","2020-05-10","2020-05-10","2021-05-10","303","PDR Ltd. d/b/a PublicDomainRegistry.com","whois.publicdomainregistry.com","http://www.publicdomainregistry.com","tsenguun saruulsaikhan","tsenguun","bayanzurkh duureg 1khoroo 6/1 tokyo street","ulaanbaatar","ulaanbaatar","14220","Mongolia","heroine.ts@gmail.com","+976.99527227","","tsenguun saruulsaikhan","tsenguun","bayanzurkh duureg 1khoroo 6/1 tokyo street","ulaanbaatar","ulaanbaatar","14220","Mongolia","heroine.ts@gmail.com","+976.99527227","","tsenguun saruulsaikhan","tsenguun","bayanzurkh duureg 1khoroo 6/1 tokyo street","ulaanbaatar","ulaanbaatar","14220","Mongolia","heroine.ts@gmail.com","+976.99527227","","","","","","","","","","","","ns1.itools.mn","ns2.itools.mn","","","clientTransferProhibited","","",""
"6","frugamongolia.com","2020-05-13 21:00:52","2020-05-12","2020-05-12","2022-05-12","303","PDR Ltd. d/b/a PublicDomainRegistry.com","whois.publicdomainregistry.com","http://www.publicdomainregistry.com","ochirmunkh boldbaatar","World Vision Mongolia","Somang Plaza 4-r davkhar 0","Ulaanbaatar","BZD","11000","Mongolia","ochirmunkh_boldbaatar@wvi.org","+976.89233494","","ochirmunkh boldbaatar","World Vision Mongolia","Somang Plaza 4-r davkhar 0","Ulaanbaatar","BZD","11000","Mongolia","ochirmunkh_boldbaatar@wvi.org","+976.89233494","","ochirmunkh boldbaatar","World Vision Mongolia","Somang Plaza 4-r davkhar 0","Ulaanbaatar","BZD","11000","Mongolia","ochirmunkh_boldbaatar@wvi.org","+976.89233494","","","","","","","","","","","","ns1.itools.mn","ns2.itools.mn","","","clientTransferProhibited","","",""
"7","hishig.com","2020-05-13 07:40:55","2020-05-11","2020-05-11","2021-05-11","303","PDR Ltd. d/b/a PublicDomainRegistry.com","whois.publicdomainregistry.com","http://www.publicdomainregistry.com","Dorj  Saruul","BolorGoo Bileg","BZD 13 horoo 38-166 toot 0","Ulaanbaatar","Mongolia","11000","Mongolia","saruul_ub@yahoo.com","+976.96650493","","Dorj  Saruul","BolorGoo Bileg","BZD 13 horoo 38-166 toot 0","Ulaanbaatar","Mongolia","11000","Mongolia","saruul_ub@yahoo.com","+976.96650493","","Dorj  Saruul","BolorGoo Bileg","BZD 13 horoo 38-166 toot 0","Ulaanbaatar","Mongolia","11000","Mongolia","saruul_ub@yahoo.com","+976.96650493","","","","","","","","","","","","dns21.isafespace.com","dns22.isafespace.com","dns23.isafespace.com","dns24.isafespace.com","clientTransferProhibited","","",""
"8","khanhills.com","2020-05-13 19:55:34","2020-05-12","2020-05-12","2021-05-12","303","PDR Ltd. d/b/a PublicDomainRegistry.com","whois.publicdomainregistry.com","http://www.publicdomainregistry.com","Oyunzul Ayush","","SHD 29-r khoroo 0","Ulaanbaatar","Tuv","11000","Mongolia","oyualt_ts@yahoo.com","+976.99099603","","Oyunzul Ayush","","SHD 29-r khoroo 0","Ulaanbaatar","Tuv","11000","Mongolia","oyualt_ts@yahoo.com","+976.99099603","","Oyunzul Ayush","","SHD 29-r khoroo 0","Ulaanbaatar","Tuv","11000","Mongolia","oyualt_ts@yahoo.com","+976.99099603","","","","","","","","","","","","dns21.isafespace.com","dns22.isafespace.com","dns23.isafespace.com","dns24.isafespace.com","clientTransferProhibited","","",""
"9","mining999.com","2020-05-13 20:47:22","2020-05-12","2020-05-12","2021-05-12","146","GoDaddy.com, LLC","whois.godaddy.com","http://registrar.godaddy.com","","","","","Selenge","","Mongolia","","","","","","","","","","","","","","","","","","","","","","","","","","","","","","","","","","ns09.domaincontrol.com","ns10.domaincontrol.com","","","clientDeleteProhibited","clientRenewProhibited","clientTransferProhibited","clientUpdateProhibited"
"10","mongolian-empire.com","2020-05-13 20:59:54","2020-05-12","2020-05-12","2021-05-12","303","PDR Ltd. d/b/a PublicDomainRegistry.com","whois.publicdomainregistry.com","http://www.publicdomainregistry.com","Bekjan Janarbek","","Ulaanbaatar 0","Ulaanbaatar","Tuv","11000","Mongolia","janarbek.bekjan@gmail.com","+976.85350707","","Bekjan Janarbek","","Ulaanbaatar 0","Ulaanbaatar","Tuv","11000","Mongolia","janarbek.bekjan@gmail.com","+976.85350707","","Bekjan Janarbek","","Ulaanbaatar 0","Ulaanbaatar","Tuv","11000","Mongolia","janarbek.bekjan@gmail.com","+976.85350707","","","","","","","","","","","","dns21.isafespace.com","dns22.isafespace.com","dns23.isafespace.com","dns24.isafespace.com","clientTransferProhibited","","",""
"11","operartfoundation.com","2020-05-13 07:13:44","2020-05-11","2020-05-11","2021-05-11","303","PDR Ltd. d/b/a PublicDomainRegistry.com","whois.publicdomainregistry.com","http://www.publicdomainregistry.com","Uranzolboo Buman","Mongolian Opera Art Foundation","Bayangol district, 42-23 4th khoroo","Ulaanbaatar","Ulaanbaatar","16052","Mongolia","operart_foundation@yahoo.com","+976.80100491","","Uranzolboo Buman","Mongolian Opera Art Foundation","Bayangol district, 42-23 4th khoroo","Ulaanbaatar","Ulaanbaatar","16052","Mongolia","operart_foundation@yahoo.com","+976.80100491","","Uranzolboo Buman","Mongolian Opera Art Foundation","Bayangol district, 42-23 4th khoroo","Ulaanbaatar","Ulaanbaatar","16052","Mongolia","operart_foundation@yahoo.com","+976.80100491","","","","","","","","","","","","ns1.itools.mn","ns2.itools.mn","ns3.itools.mn","","clientTransferProhibited","","",""
"12","selengesetgel.com","2020-05-13 07:30:55","2020-05-11","2020-05-11","2021-05-11","303","PDR Ltd. d/b/a PublicDomainRegistry.com","whois.publicdomainregistry.com","http://www.publicdomainregistry.com","Maral-Erdene Gombogur","","Songinokhairkhan duureg 14-r horoo 13-1 toot","Ulaanbaatar","songinokhairkhan","18031","Mongolia","legendboorgii@gmail.com","+976.95116591","","Maral-Erdene Gombogur","","Songinokhairkhan duureg 14-r horoo 13-1 toot","Ulaanbaatar","songinokhairkhan","18031","Mongolia","legendboorgii@gmail.com","+976.95116591","","Maral-Erdene Gombogur","","Songinokhairkhan duureg 14-r horoo 13-1 toot","Ulaanbaatar","songinokhairkhan","18031","Mongolia","legendboorgii@gmail.com","+976.95116591","","","","","","","","","","","","dns21.isafespace.com","dns22.isafespace.com","dns23.isafespace.com","dns24.isafespace.com","clientTransferProhibited","","",""
"13","shroudbreaker.com","2020-05-13 09:53:31","2020-05-10","2020-05-10","2021-05-10","886","Domain.com, LLC","whois.domain.com","http://www.domain.com","REDACTED FOR PRIVACY","REDACTED FOR PRIVACY","REDACTED FOR PRIVACY","REDACTED FOR PRIVACY","NA","REDACTED FOR PRIVACY","Mongolia","","REDACTED FOR PRIVACY","REDACTED FOR PRIVACY","REDACTED FOR PRIVACY","REDACTED FOR PRIVACY","REDACTED FOR PRIVACY","REDACTED FOR PRIVACY","REDACTED FOR PRIVACY","REDACTED FOR PRIVACY","REDACTED FOR PRIVACY","","REDACTED FOR PRIVACY","REDACTED FOR PRIVACY","REDACTED FOR PRIVACY","REDACTED FOR PRIVACY","REDACTED FOR PRIVACY","REDACTED FOR PRIVACY","REDACTED FOR PRIVACY","REDACTED FOR PRIVACY","REDACTED FOR PRIVACY","","REDACTED FOR PRIVACY","REDACTED FOR PRIVACY","","","","","","","","","","","ns1.domain.com","ns2.domain.com","","","","","",""
"14","ubmedee.com","2020-05-13 07:58:37","2020-05-11","2020-05-11","2021-05-11","609","NameKing.com Inc.","whois.nameking.com","http://www.nameking.com","Ganzorig Purevee","","PO Box 221 Ulaanbaatar 46","Ulaanbaatar","","14201","Mongolia","ganzorigemail@gmail.com","+976.5504470","","Ganzorig Purevee","","PO Box 221 Ulaanbaatar 46","Ulaanbaatar","","14201","Mongolia","ganzorigemail@gmail.com","+976.5504470","","Ganzorig Purevee","","PO Box 221 Ulaanbaatar 46","Ulaanbaatar","","14201","Mongolia","ganzorigemail@gmail.com","+976.5504470","","","","","","","","","","","","ns1.hostens.com","ns2.hostens.com","","","clientTransferProhibited","","",""
"15","ubtimes.today","2020-05-13 19:23:00","2020-05-12","2020-05-12","2021-05-12","146","GoDaddy.com, LLC","whois.godaddy.com","http://registrar.godaddy.com","REDACTED FOR PRIVACY","","REDACTED FOR PRIVACY","REDACTED FOR PRIVACY","yu bn","REDACTED FOR PRIVACY","Mongolia","","REDACTED FOR PRIVACY","REDACTED FOR PRIVACY","","","","","","","","","","","","","","","","","","","","","","","","","","","","","","","","","","","addPeriod","clientDeleteProhibited","clientRenewProhibited","clientTransferProhibited"
"16","wandermongolia.com","2020-05-13 07:16:39","2020-05-11","2020-05-11","2021-05-11","440","Wild West Domains, LLC","whois.wildwestdomains.com","http://www.wildwestdomains.com","","","","","\u0423\u043b\u0430\u0430\u043d\u0431\u0430\u0430\u","","Mongolia","","","","","","","","","","","","","","","","","","","","","","","","","","","","","","","","","","ns23.domaincontrol.com","ns24.domaincontrol.com","","","clientDeleteProhibited","clientRenewProhibited","clientTransferProhibited","clientUpdateProhibited"