"num","domain_name","query_time","create_date","update_date","expiry_date","domain_registrar_id","domain_registrar_name","domain_registrar_whois","domain_registrar_url","registrant_name","registrant_company","registrant_address","registrant_city","registrant_state","registrant_zip","registrant_country","registrant_email","registrant_phone","registrant_fax","administrative_name","administrative_company","administrative_address","administrative_city","administrative_state","administrative_zip","administrative_country","administrative_email","administrative_phone","administrative_fax","technical_name","technical_company","technical_address","technical_city","technical_state","technical_zip","technical_country","technical_email","technical_phone","technical_fax","billing_name","billing_company","billing_address","billing_city","billing_state","billing_zip","billing_country","billing_email","billing_phone","billing_fax","name_server_1","name_server_2","name_server_3","name_server_4","domain_status_1","domain_status_2","domain_status_3","domain_status_4"
"1","ljetujdoma.com","2020-05-13 07:06:26","2020-05-10","2020-05-10","2021-05-10","146","GoDaddy.com, LLC","whois.godaddy.com","http://registrar.godaddy.com","","","","","Montenegro","","Montenegro","","","","","","","","","","","","","","","","","","","","","","","","","","","","","","","","","","ns39.domaincontrol.com","ns40.domaincontrol.com","","","clientDeleteProhibited","clientRenewProhibited","clientTransferProhibited","clientUpdateProhibited"
"2","platform081.com","2020-05-13 19:44:37","2020-05-11","2020-05-11","2021-05-11","146","GoDaddy.com, LLC","whois.godaddy.com","http://registrar.godaddy.com","Platform081","Platform081","","","Montenegro","","Montenegro","","","","","","","","","","","","","","","","","","","","","","","","","","","","","","","","","","ns27.domaincontrol.com","ns28.domaincontrol.com","","","clientDeleteProhibited","clientRenewProhibited","clientTransferProhibited","clientUpdateProhibited"
"3","putevibar.com","2020-05-13 10:00:35","2020-05-10","2020-05-10","2021-05-10","146","GoDaddy.com, LLC","whois.godaddy.com","http://registrar.godaddy.com","","","","","Montenegro","","Montenegro","","","","","","","","","","","","","","","","","","","","","","","","","","","","","","","","","","ns1.gnldm1010.siteground.biz","ns2.gnldm1010.siteground.biz","","","clientDeleteProhibited","clientRenewProhibited","clientTransferProhibited","clientUpdateProhibited"
"4","radioskadar.com","2020-05-13 20:43:38","2020-05-12","2020-05-12","2021-05-12","625","Name.com, Inc.","whois.name.com","http://www.name.com","Bild Studio","Bild Studio","1 Bild Studio","Podgorica","Montenegro","81000","Montenegro","jovana.djuricic@bild-studio.net","+382.67222914","+382.67439889","Tarik Zaimovic","Bild Studio","1 Bild Studio","Podgorica","Montenegro","81000","Montenegro","support@bild-studio.net","+382.67421737","+382.67439889","Tarik Zaimovic","Bild Studio","1 Bild Studio","Podgorica","Montenegro","81000","Montenegro","support@bild-studio.net","+382.67421737","+382.67439889","","","","","","","","","","","ns3.epikadhost.com","ns4.epikadhost.com","","","addPeriod","clientTransferProhibited","",""
"5","secretresidence.com","2020-05-13 19:36:47","2020-05-11","2020-05-11","2021-05-11","146","GoDaddy.com, LLC","whois.godaddy.com","http://registrar.godaddy.com","QQRIQ","QQRIQ","","","Montenegro","","Montenegro","","","","","","","","","","","","","","","","","","","","","","","","","","","","","","","","","","ns65.domaincontrol.com","ns66.domaincontrol.com","","","clientDeleteProhibited","clientRenewProhibited","clientTransferProhibited","clientUpdateProhibited"
"6","visualmontenegro.info","2020-05-14 00:15:37","2020-05-12","2020-05-12","2021-05-12","146","GoDaddy.com, LLC","whois.godaddy.com","http://registrar.godaddy.com","","","","","Montenegro","","Montenegro","","","","","","","","","","","","","","","","","","","","","","","","","","","","","","","","","","ns17.domaincontrol.com","ns18.domaincontrol.com","","","addPeriod","clientDeleteProhibited","clientRenewProhibited","clientTransferProhibited"
"7","yamiadei.com","2020-05-13 10:08:36","2020-05-10","2020-05-10","2021-05-10","146","GoDaddy.com, LLC","whois.godaddy.com","http://registrar.godaddy.com","","","","","","","Montenegro","","","","","","","","","","","","","","","","","","","","","","","","","","","","","","","","","","ns63.domaincontrol.com","ns64.domaincontrol.com","","","clientDeleteProhibited","clientRenewProhibited","clientTransferProhibited","clientUpdateProhibited"