"num","domain_name","query_time","create_date","update_date","expiry_date","domain_registrar_id","domain_registrar_name","domain_registrar_whois","domain_registrar_url","registrant_name","registrant_company","registrant_address","registrant_city","registrant_state","registrant_zip","registrant_country","registrant_email","registrant_phone","registrant_fax","administrative_name","administrative_company","administrative_address","administrative_city","administrative_state","administrative_zip","administrative_country","administrative_email","administrative_phone","administrative_fax","technical_name","technical_company","technical_address","technical_city","technical_state","technical_zip","technical_country","technical_email","technical_phone","technical_fax","billing_name","billing_company","billing_address","billing_city","billing_state","billing_zip","billing_country","billing_email","billing_phone","billing_fax","name_server_1","name_server_2","name_server_3","name_server_4","domain_status_1","domain_status_2","domain_status_3","domain_status_4"
"1","applix.info","2020-05-14 00:22:32","2020-05-12","2020-05-12","2021-05-12","146","GoDaddy.com, LLC","whois.godaddy.com","http://registrar.godaddy.com","","","","","Yangon","","Myanmar","","","","","","","","","","","","","","","","","","","","","","","","","","","","","","","","","","ns-1205.awsdns-22.org","ns-1891.awsdns-44.co.uk","ns-506.awsdns-63.com","ns-733.awsdns-27.net","addPeriod","clientDeleteProhibited","clientRenewProhibited","clientTransferProhibited"
"2","code2myanmar.com","2020-05-13 09:17:22","2020-05-09","2020-05-09","2021-05-09","146","GoDaddy.com, LLC","whois.godaddy.com","http://registrar.godaddy.com","","","","","MANDALAY","","Myanmar","","","","","","","","","","","","","","","","","","","","","","","","","","","","","","","","","","ns1.digitalocean.com","ns2.digitalocean.com","ns3.digitalocean.com","","clientDeleteProhibited","clientRenewProhibited","clientTransferProhibited","clientUpdateProhibited"
"3","drcblanket.com","2020-05-13 10:59:13","2020-05-11","2020-05-11","2021-05-11","82","OnlineNIC, Inc.","whois.onlinenic.com","http://www.onlinenic.com","Ko Aung Min Hein","DRC Blanket Factory","DRC Blanket","Yangon","Mintalar Taung Nyunt Township","11211","Myanmar","pwzbillings@gmail.com","+95.9777444445","+95.95101660","Phyo  Wai Zaw","Myanmar ICT Solutions Limited","42 (Ground Floor), Zatila Street, Kyaukmyaung","Yangon","TamweTownship","11211","Myanmar","pwzbillings@gmail.com","+95.9785101660","+95.95101660","Phyo  Wai Zaw","Myanmar ICT Solutions Limited","42 (Ground Floor), Zatila Street, Kyaukmyaung","Yangon","TamweTownship","11211","Myanmar","pwzbillings@gmail.com","+95.9785101660","+95.95101660","","","","","","","","","","","ns1.websitehostserver.net","ns2.websitehostserver.net","","","clientTransferProhibited","","",""
"4","jobittoday.com","2020-05-13 10:04:30","2020-05-10","2020-05-10","2021-05-10","146","GoDaddy.com, LLC","whois.godaddy.com","http://registrar.godaddy.com","","","","","Yangon","","Myanmar","","","","","","","","","","","","","","","","","","","","","","","","","","","","","","","","","","ns27.domaincontrol.com","ns28.domaincontrol.com","","","clientDeleteProhibited","clientRenewProhibited","clientTransferProhibited","clientUpdateProhibited"
"5","khityoeyar.com","2020-05-13 09:35:52","2020-05-09","2020-05-09","2021-05-09","955","Launchpad, Inc.","whois.launchpad.com","http://www.launchpad.com","yoe yar","None","Sanchaung","yangon","06","11111","Myanmar","myanmarteach@gmail.com","+95.1523461","","yoe yar","None","Sanchaung","yangon","06","11111","Myanmar","myanmarteach@gmail.com","+95.1523461","","yoe yar","None","Sanchaung","yangon","06","11111","Myanmar","myanmarteach@gmail.com","+95.1523461","","","","","","","","","","","","cns349.hostgator.com","cns350.hostgator.com","","","clientTransferProhibited","","",""
"6","kyawapp.com","2020-05-13 09:58:35","2020-05-10","2020-05-10","2021-05-10","146","GoDaddy.com, LLC","whois.godaddy.com","http://registrar.godaddy.com","","","","","Shan","","Myanmar","","","","","","","","","","","","","","","","","","","","","","","","","","","","","","","","","","ns65.domaincontrol.com","ns66.domaincontrol.com","","","clientDeleteProhibited","clientRenewProhibited","clientTransferProhibited","clientUpdateProhibited"
"7","mcc-ict.services","2020-05-13 19:21:32","2020-05-08","2020-05-13","2021-05-08","49","GMO Internet Inc.","whois.discount-domain.com","http://www.onamae.com","REDACTED FOR PRIVACY","Whois Privacy Protection Service by Z.com MM","REDACTED FOR PRIVACY","REDACTED FOR PRIVACY","Yangon","REDACTED FOR PRIVACY","Myanmar","","REDACTED FOR PRIVACY","REDACTED FOR PRIVACY","","","","","","","","","","","","","","","","","","","","","","","","","","","","","","","","","","","OK","","",""
"8","mgwulay.com","2020-05-13 07:03:09","2020-05-11","2020-05-11","2021-05-11","303","PDR Ltd. d/b/a PublicDomainRegistry.com","whois.publicdomainregistry.com","http://www.publicdomainregistry.com","Thet lwin oo","wave money","wavemoney","Yangon","Yangon","11121","Myanmar","15thetlwinoo@gmail.com","+95.9795346265","","Thet lwin oo","wave money","wavemoney","Yangon","Yangon","11121","Myanmar","15thetlwinoo@gmail.com","+95.9795346265","","Thet lwin oo","wave money","wavemoney","Yangon","Yangon","11121","Myanmar","15thetlwinoo@gmail.com","+95.9795346265","","","","","","","","","","","","ns11.worldwidemyanmar.com","ns12.worldwidemyanmar.com","","","clientTransferProhibited","","",""
"9","mycouponsdata.com","2020-05-13 10:50:17","2020-05-10","2020-05-10","2022-05-10","146","GoDaddy.com, LLC","whois.godaddy.com","http://registrar.godaddy.com","Webmended Technologies","Webmended Technologies","","","Sindh","","Myanmar","","","","","","","","","","","","","","","","","","","","","","","","","","","","","","","","","","ns1.mycouponsdata.com","ns2.mycouponsdata.com","","","clientDeleteProhibited","clientRenewProhibited","clientTransferProhibited","clientUpdateProhibited"
"10","mymaximax.com","2020-05-13 19:54:57","2020-05-12","2020-05-12","2021-05-12","303","PDR Ltd. d/b/a PublicDomainRegistry.com","whois.publicdomainregistry.com","http://www.publicdomainregistry.com","HTAY MIN KHAUNG","SpeedUpYourSales","No.22, 6B2, Ohnbin Street, KyeeMyinDine Tsp.","Yangon","YG","11101","Myanmar","htayminkhaung@gmail.com","+95.9264571054","","HTAY MIN KHAUNG","SpeedUpYourSales","No.22, 6B2, Ohnbin Street, KyeeMyinDine Tsp.","Yangon","YG","11101","Myanmar","htayminkhaung@gmail.com","+95.9264571054","","HTAY MIN KHAUNG","SpeedUpYourSales","No.22, 6B2, Ohnbin Street, KyeeMyinDine Tsp.","Yangon","YG","11101","Myanmar","htayminkhaung@gmail.com","+95.9264571054","","","","","","","","","","","","ns1.dns-parking.com","ns2.dns-parking.com","","","clientTransferProhibited","","",""
"11","nanshwepyidistribution.com","2020-05-13 09:03:54","2020-05-10","2020-05-10","2022-05-10","146","GoDaddy.com, LLC","whois.godaddy.com","http://registrar.godaddy.com","","","","","Naypyitaw","","Myanmar","","","","","","","","","","","","","","","","","","","","","","","","","","","","","","","","","","pdns09.domaincontrol.com","pdns10.domaincontrol.com","","","clientDeleteProhibited","clientRenewProhibited","clientTransferProhibited","clientUpdateProhibited"
"12","narrsin.com","2020-05-13 10:02:23","2020-05-10","2020-05-12","2021-05-10","69","Tucows Domains Inc.","whois.tucows.com","http://domainhelp.opensrs.net","REDACTED FOR PRIVACY","REDACTED FOR PRIVACY","REDACTED FOR PRIVACY","REDACTED FOR PRIVACY","Yangon","REDACTED FOR PRIVACY","Myanmar","","REDACTED FOR PRIVACY","REDACTED FOR PRIVACY","REDACTED FOR PRIVACY","REDACTED FOR PRIVACY","REDACTED FOR PRIVACY","REDACTED FOR PRIVACY","REDACTED FOR PRIVACY","REDACTED FOR PRIVACY","REDACTED FOR PRIVACY","","REDACTED FOR PRIVACY","REDACTED FOR PRIVACY","REDACTED FOR PRIVACY","REDACTED FOR PRIVACY","REDACTED FOR PRIVACY","REDACTED FOR PRIVACY","REDACTED FOR PRIVACY","REDACTED FOR PRIVACY","REDACTED FOR PRIVACY","","REDACTED FOR PRIVACY","REDACTED FOR PRIVACY","","","","","","","","","","","cdns1.interserver.net","cdns2.interserver.net","cdns3.interserver.net","","OK","","",""
"13","nationalacademe.com","2020-05-13 19:40:32","2020-05-12","2020-05-12","2021-05-12","146","GoDaddy.com, LLC","whois.godaddy.com","http://registrar.godaddy.com","Myanmar Vector Automation","Myanmar Vector Automation","","","Yangon","","Myanmar","","","","","","","","","","","","","","","","","","","","","","","","","","","","","","","","","","ns31.domaincontrol.com","ns32.domaincontrol.com","","","clientDeleteProhibited","clientRenewProhibited","clientTransferProhibited","clientUpdateProhibited"
"14","nonplusjob.com","2020-05-13 20:48:22","2020-05-12","2020-05-12","2021-05-12","146","GoDaddy.com, LLC","whois.godaddy.com","http://registrar.godaddy.com","Nonplus","Nonplus","","","NA","","Myanmar","","","","","","","","","","","","","","","","","","","","","","","","","","","","","","","","","","ns27.domaincontrol.com","ns28.domaincontrol.com","","","clientDeleteProhibited","clientRenewProhibited","clientTransferProhibited","clientUpdateProhibited"
"15","penguinbakeryhouse.com","2020-05-13 10:55:44","2020-05-11","2020-05-11","2021-05-11","3775","ALIBABA.COM SINGAPORE E-COMMERCE PRIVATE LIMITED","","","","","","","Yangon","","Myanmar","","","","","","","","","","","","","","","","","","","","","","","","","","","","","","","","","","eva.ns.cloudflare.com","norm.ns.cloudflare.com","","","OK","","",""
"16","pixellionplus.com","2020-05-13 07:12:23","2020-05-10","2020-05-10","2021-05-10","625","Name.com, Inc.","whois.name.com","http://www.name.com","Skip Soft","Pixellion","26, Inwa Street, Kyauk Myaung","Tamwe","Yangon","951","Myanmar","me@zawmintin.com","+95.140182","","Skip Soft","Pixellion","26, Inwa Street, Kyauk Myaung","Tamwe","Yangon","951","Myanmar","me@zawmintin.com","+95.140182","","Skip Soft","Pixellion","26, Inwa Street, Kyauk Myaung","Tamwe","Yangon","951","Myanmar","me@zawmintin.com","+95.140182","","","","","","","","","","","","ns1kpv.name.com","ns2bkr.name.com","ns3jmt.name.com","ns4cfn.name.com","addPeriod","clientTransferProhibited","",""
"17","poclawfirm.com","2020-05-13 10:10:01","2020-05-10","2020-05-10","2021-05-10","303","PDR Ltd. d/b/a PublicDomainRegistry.com","whois.publicdomainregistry.com","http://www.publicdomainregistry.com","POC Law Firm","PARTNER OF CLIENT LAW FIRM CO., LTD.","NO.164/165, Thanthumar road, Thuwana, Thingangyun Tsp","Yangon","Yangon","11072","Myanmar","poclawfirm@gmail.com","+95.959768660061","","POC Law Firm","PARTNER OF CLIENT LAW FIRM CO., LTD.","NO.164/165, Thanthumar road, Thuwana, Thingangyun Tsp","Yangon","Yangon","11072","Myanmar","poclawfirm@gmail.com","+95.959768660061","","POC Law Firm","PARTNER OF CLIENT LAW FIRM CO., LTD.","NO.164/165, Thanthumar road, Thuwana, Thingangyun Tsp","Yangon","Yangon","11072","Myanmar","poclawfirm@gmail.com","+95.959768660061","","","","","","","","","","","","ns11.worldwidemyanmar.com","ns12.worldwidemyanmar.com","","","clientTransferProhibited","","",""
"18","sayarmobileguide.com","2020-05-13 06:58:54","2020-05-11","2020-05-11","2021-05-11","303","PDR Ltd. d/b/a PublicDomainRegistry.com","whois.publicdomainregistry.com","http://www.publicdomainregistry.com","Ko Min Min Swe","gClouds","No.(425) B/ Khaing Shwe War st /","Yangon","Hlaing Thar Yar","11401","Myanmar","komin.idroid@icloud.com","+95.09420216676","","Ko Min Min Swe","gClouds","No.(425) B/ Khaing Shwe War st /","Yangon","Hlaing Thar Yar","11401","Myanmar","komin.idroid@icloud.com","+95.09420216676","","Ko Min Min Swe","gClouds","No.(425) B/ Khaing Shwe War st /","Yangon","Hlaing Thar Yar","11401","Myanmar","komin.idroid@icloud.com","+95.09420216676","","","","","","","","","","","","ns11.worldwidemyanmar.com","ns12.worldwidemyanmar.com","","","clientTransferProhibited","","",""
"19","sfux.info","2020-05-13 19:07:24","2020-05-12","2020-05-12","2021-05-12","49","GMO Internet Inc.","whois.discount-domain.com","http://www.onamae.com","Whois Privacy Protection Service by Z.com MM","Whois Privacy Protection Service by Z.com MM","","","Yangon","","Myanmar","","","","","","","","","","","","","","","","","","","","","","","","","","","","","","","","","","ns1.digitalocean.com","ns2.digitalocean.com","ns3.digitalocean.com","","addPeriod","serverTransferProhibited","",""
"20","shwebotharlay.com","2020-05-13 07:30:56","2020-05-11","2020-05-11","2021-05-11","303","PDR Ltd. d/b/a PublicDomainRegistry.com","whois.publicdomainregistry.com","http://www.publicdomainregistry.com","Htoo Aung","Shwe Bo Thar","Shwebo","Shwebo","Sagaing","02261","Myanmar","htooaung190859@gmail.com","+95.9408030911","","Htoo Aung","Shwe Bo Thar","Shwebo","Shwebo","Sagaing","02261","Myanmar","htooaung190859@gmail.com","+95.9408030911","","Htoo Aung","Shwe Bo Thar","Shwebo","Shwebo","Sagaing","02261","Myanmar","htooaung190859@gmail.com","+95.9408030911","","","","","","","","","","","","ns1.thehosta.com","ns2.thehosta.com","","","clientTransferProhibited","","",""
"21","sithutun.com","2020-05-13 20:48:11","2020-05-12","2020-05-12","2021-05-12","146","GoDaddy.com, LLC","whois.godaddy.com","http://registrar.godaddy.com","Nonplus","Nonplus","","","NA","","Myanmar","","","","","","","","","","","","","","","","","","","","","","","","","","","","","","","","","","ns31.domaincontrol.com","ns32.domaincontrol.com","","","clientDeleteProhibited","clientRenewProhibited","clientTransferProhibited","clientUpdateProhibited"
"22","skm234.com","2020-05-13 19:38:32","2020-05-12","2020-05-12","2021-05-12","146","GoDaddy.com, LLC","whois.godaddy.com","http://registrar.godaddy.com","","","","","Yangon","","Myanmar","","","","","","","","","","","","","","","","","","","","","","","","","","","","","","","","","","ns31.domaincontrol.com","ns32.domaincontrol.com","","","clientDeleteProhibited","clientRenewProhibited","clientTransferProhibited","clientUpdateProhibited"
"23","thirimaykyaw.com","2020-05-13 11:05:37","2020-05-11","2020-05-11","2021-05-11","146","GoDaddy.com, LLC","whois.godaddy.com","http://registrar.godaddy.com","myint & Associates Telecommunications Ltd.","myint & Associates Telecommunications Ltd.","","","Yangon","","Myanmar","","","","","","","","","","","","","","","","","","","","","","","","","","","","","","","","","","ns07.domaincontrol.com","ns08.domaincontrol.com","","","clientDeleteProhibited","clientRenewProhibited","clientTransferProhibited","clientUpdateProhibited"
"24","token.golf","2020-05-13 19:06:25","2020-05-12","2020-05-12","2021-05-12","146","GoDaddy.com, LLC","whois.godaddy.com","http://registrar.godaddy.com","REDACTED FOR PRIVACY","1","REDACTED FOR PRIVACY","REDACTED FOR PRIVACY","zhejiang","REDACTED FOR PRIVACY","Myanmar","","REDACTED FOR PRIVACY","REDACTED FOR PRIVACY","","","","","","","","","","","","","","","","","","","","","","","","","","","","","","","","","","","addPeriod","clientDeleteProhibited","clientRenewProhibited","clientTransferProhibited"
"25","virtualink-ict.com","2020-05-13 20:52:55","2020-05-11","2020-05-11","2021-05-11","303","PDR Ltd. d/b/a PublicDomainRegistry.com","whois.publicdomainregistry.com","http://www.publicdomainregistry.com","Mr MinAung","World Wide Myanmar (WWM) Co., Ltd.","239B, 1st Floor, Ngu War Street.","Yangon","YANGON","11121","Myanmar","admin@worldwidemyanmar.net","+95.9450043919","","Mr MinAung","World Wide Myanmar (WWM) Co., Ltd.","239B, 1st Floor, Ngu War Street.","Yangon","YANGON","11121","Myanmar","admin@worldwidemyanmar.net","+95.9450043919","","Mr MinAung","World Wide Myanmar (WWM) Co., Ltd.","239B, 1st Floor, Ngu War Street.","Yangon","YANGON","11121","Myanmar","admin@worldwidemyanmar.net","+95.9450043919","","","","","","","","","","","","ns11.worldwidemyanmar.com","ns12.worldwidemyanmar.com","","","clientTransferProhibited","","",""
"26","wgmvs.com","2020-05-13 10:06:42","2020-05-10","2020-05-10","2021-05-10","146","GoDaddy.com, LLC","whois.godaddy.com","http://registrar.godaddy.com","","","","","kampong som","","Myanmar","","","","","","","","","","","","","","","","","","","","","","","","","","","","","","","","","","ns63.domaincontrol.com","ns64.domaincontrol.com","","","clientDeleteProhibited","clientRenewProhibited","clientTransferProhibited","clientUpdateProhibited"
"27","yangbrothers.com","2020-05-13 10:51:08","2020-05-10","2020-05-10","2022-05-10","886","Domain.com, LLC","whois.domain.com","http://www.domain.com","REDACTED FOR PRIVACY","REDACTED FOR PRIVACY","REDACTED FOR PRIVACY","REDACTED FOR PRIVACY","NA","REDACTED FOR PRIVACY","Myanmar","","REDACTED FOR PRIVACY","REDACTED FOR PRIVACY","REDACTED FOR PRIVACY","REDACTED FOR PRIVACY","REDACTED FOR PRIVACY","REDACTED FOR PRIVACY","REDACTED FOR PRIVACY","REDACTED FOR PRIVACY","REDACTED FOR PRIVACY","","REDACTED FOR PRIVACY","REDACTED FOR PRIVACY","REDACTED FOR PRIVACY","REDACTED FOR PRIVACY","REDACTED FOR PRIVACY","REDACTED FOR PRIVACY","REDACTED FOR PRIVACY","REDACTED FOR PRIVACY","REDACTED FOR PRIVACY","","REDACTED FOR PRIVACY","REDACTED FOR PRIVACY","","","","","","","","","","","ns1.domain.com","ns2.domain.com","","","OK","","",""