"num","domain_name","query_time","create_date","update_date","expiry_date","domain_registrar_id","domain_registrar_name","domain_registrar_whois","domain_registrar_url","registrant_name","registrant_company","registrant_address","registrant_city","registrant_state","registrant_zip","registrant_country","registrant_email","registrant_phone","registrant_fax","administrative_name","administrative_company","administrative_address","administrative_city","administrative_state","administrative_zip","administrative_country","administrative_email","administrative_phone","administrative_fax","technical_name","technical_company","technical_address","technical_city","technical_state","technical_zip","technical_country","technical_email","technical_phone","technical_fax","billing_name","billing_company","billing_address","billing_city","billing_state","billing_zip","billing_country","billing_email","billing_phone","billing_fax","name_server_1","name_server_2","name_server_3","name_server_4","domain_status_1","domain_status_2","domain_status_3","domain_status_4"
"1","a2zvids.com","2020-05-13 09:13:49","2020-05-09","2020-05-10","2021-05-09","1291","Crazy Domains FZ-LLC","whois.crazydomains.com","http://www.crazydomains.com","NIRAJ KUSMA","","SIPADOL","BHAKTAPUR","ADARSHA","44800","Nepal","kusmaniraj.nk@gmail.com","+977.9843268565","","NIRAJ KUSMA","","SIPADOL","BHAKTAPUR","ADARSHA","44800","Nepal","kusmaniraj.nk@gmail.com","+977.9843268565","","NIRAJ KUSMA","","SIPADOL","BHAKTAPUR","ADARSHA","44800","Nepal","kusmaniraj.nk@gmail.com","+977.9843268565","","","","","","","","","","","","ns20.agmwebhosting.com","ns21.agmwebhosting.com","ns5.agmwebhosting.com","ns6.agmwebhosting.com","OK","","",""
"2","aarambhaschool.com","2020-05-13 20:59:00","2020-05-12","2020-05-12","2021-05-12","303","PDR Ltd. d/b/a PublicDomainRegistry.com","whois.publicdomainregistry.com","http://www.publicdomainregistry.com","Hari Rayamajhi","Aarambha Vidya Mandir","Ramdhuni Municipality","Jhumka","Kosi","56705","Nepal","avmsunsari@gmail.com","+977.9824353077","","Hari Rayamajhi","Aarambha Vidya Mandir","Ramdhuni Municipality","Jhumka","Kosi","56705","Nepal","avmsunsari@gmail.com","+977.9824353077","","Hari Rayamajhi","Aarambha Vidya Mandir","Ramdhuni Municipality","Jhumka","Kosi","56705","Nepal","avmsunsari@gmail.com","+977.9824353077","","","","","","","","","","","","ns1.kafalstech.com","ns2.kafalstech.com","","","clientTransferProhibited","","",""
"3","adbary.com","2020-05-13 21:06:43","2020-05-12","2020-05-12","2021-05-12","303","PDR Ltd. d/b/a PublicDomainRegistry.com","whois.publicdomainregistry.com","http://www.publicdomainregistry.com","Buddha Manandhar","Success Business Pvt. Ltd.","Butwal-6, Hospital Line Rupandehi","Butwal","","32907","Nepal","successbusiness75@gmail.com","+977.9817133466","","Buddha Manandhar","Success Business Pvt. Ltd.","Butwal-6, Hospital Line Rupandehi","Butwal","","32907","Nepal","successbusiness75@gmail.com","+977.9817133466","","Buddha Manandhar","Success Business Pvt. Ltd.","Butwal-6, Hospital Line Rupandehi","Butwal","","32907","Nepal","successbusiness75@gmail.com","+977.9817133466","","","","","","","","","","","","ns41.namastehost.com","ns42.namastehost.com","","","clientTransferProhibited","","",""
"4","aliexpressnps.com","2020-05-13 07:46:08","2020-05-11","2020-05-11","2021-05-11","303","PDR Ltd. d/b/a PublicDomainRegistry.com","whois.publicdomainregistry.com","http://www.publicdomainregistry.com","Rohit Dahal","DR.Software","home ason","Kathmandu","Bagmati","44600","Nepal","rohitdahal@gmail.com","+977.14212257","","Rohit Dahal","DR.Software","home ason","Kathmandu","Bagmati","44600","Nepal","rohitdahal@gmail.com","+977.14212257","","Rohit Dahal","DR.Software","home ason","Kathmandu","Bagmati","44600","Nepal","rohitdahal@gmail.com","+977.14212257","","","","","","","","","","","","ns1.drsoftwarenepal.com","ns2.drsoftwarenepal.com","","","clientTransferProhibited","","",""
"5","annapurnacablecar.com","2020-05-13 09:01:59","2020-05-10","2020-05-10","2021-05-10","1250","Trunkoz Technologies Pvt Ltd. d/b/a OwnRegistrar.com","whois.ownregistrar.com","http://www.ownregistrar.com","Pitam Bahadur Sen","Tarkari Mart (Pvt. Ltd.)","Newroad","Pokhara","Gandaki","33700","Nepal","pitamsen@gmail.com","+977.9856026697","","Pitam Bahadur Sen","Tarkari Mart (Pvt. Ltd.)","Newroad","Pokhara","Gandaki","33700","Nepal","pitamsen@gmail.com","+977-9856026697","","Pitam Bahadur Sen","Tarkari Mart (Pvt. Ltd.)","Newroad","Pokhara","Gandaki","33700","Nepal","pitamsen@gmail.com","+977-9856026697","","","","","","","","","","","","ns1.webpagenepal.com","ns2.webpagenepal.com","","","OK","","",""
"6","arthnetri.com","2020-05-13 09:51:35","2020-05-10","2020-05-10","2021-05-10","1291","Crazy Domains FZ-LLC","whois.crazydomains.com","http://www.crazydomains.com","LOKBIDHI CYBERLAB","","JANAKPUR","JANAKPUR DHAM","DHANUSHA","45600","Nepal","lokbidhi@gmail.com","+977.9809692950","","LOKBIDHI CYBERLAB","","JANAKPUR","JANAKPUR DHAM","DHANUSHA","45600","Nepal","lokbidhi@gmail.com","+977.9809692950","","LOKBIDHI CYBERLAB","","JANAKPUR","JANAKPUR DHAM","DHANUSHA","45600","Nepal","lokbidhi@gmail.com","+977.9809692950","","","","","","","","","","","","ns1.inpro2.fcomet.com","ns2.inpro2.fcomet.com","","","OK","","",""
"7","authenticlure.com","2020-05-13 11:10:42","2020-05-11","2020-05-11","2021-05-11","303","PDR Ltd. d/b/a PublicDomainRegistry.com","whois.publicdomainregistry.com","http://www.publicdomainregistry.com","Jasper Neupane","One Corporation","Samakhusi Gongabu","Kathmandu","Bagmati","44600","Nepal","onetechnepal@gmail.com","+977.9808660844","","Jasper Neupane","One Corporation","Samakhusi Gongabu","Kathmandu","Bagmati","44600","Nepal","onetechnepal@gmail.com","+977.9808660844","","Jasper Neupane","One Corporation","Samakhusi Gongabu","Kathmandu","Bagmati","44600","Nepal","onetechnepal@gmail.com","+977.9808660844","","","","","","","","","","","","ns1.win2.01cloud.com","ns2.win2.01cloud.com","","","clientTransferProhibited","","",""
"8","bajrabarahishop.com","2020-05-13 07:41:59","2020-05-11","2020-05-11","2021-05-11","303","PDR Ltd. d/b/a PublicDomainRegistry.com","whois.publicdomainregistry.com","http://www.publicdomainregistry.com","Rohit Dahal","DR.Software","home ason","Kathmandu","Bagmati","44600","Nepal","rohitdahal@gmail.com","+977.14212257","","Rohit Dahal","DR.Software","home ason","Kathmandu","Bagmati","44600","Nepal","rohitdahal@gmail.com","+977.14212257","","Rohit Dahal","DR.Software","home ason","Kathmandu","Bagmati","44600","Nepal","rohitdahal@gmail.com","+977.14212257","","","","","","","","","","","","ns1.drsoftwarenepal.com","ns2.drsoftwarenepal.com","","","clientTransferProhibited","","",""
"9","balkrishnaacharya.com","2020-05-13 09:55:46","2020-05-10","2020-05-10","2021-05-10","1291","Crazy Domains FZ-LLC","whois.crazydomains.com","http://www.crazydomains.com","SANTOSH ACHARYA","","BAKUWA","BARDIYA","BHERI","21901","Nepal","saintosha@gmail.com","+977.9861728469","","SANTOSH ACHARYA","","BAKUWA","BARDIYA","BHERI","21901","Nepal","saintosha@gmail.com","+977.9861728469","","SANTOSH ACHARYA","","BAKUWA","BARDIYA","BHERI","21901","Nepal","saintosha@gmail.com","+977.9861728469","","","","","","","","","","","","ns1.webpal.biz","ns2.webpal.biz","","","OK","","",""
"10","basicnepali.com","2020-05-13 10:07:22","2020-05-10","2020-05-10","2021-05-10","303","PDR Ltd. d/b/a PublicDomainRegistry.com","whois.publicdomainregistry.com","http://www.publicdomainregistry.com","Shishir Dhakal","Shishir Dhakal","Lazimpat, Kathmandu, Nepal","Kathmandu","3","44600","Nepal","shishirgenz@gmail.com","+977.9845814042","","Shishir Dhakal","Shishir Dhakal","Lazimpat, Kathmandu, Nepal","Kathmandu","3","44600","Nepal","shishirgenz@gmail.com","+977.9845814042","","Shishir Dhakal","Shishir Dhakal","Lazimpat, Kathmandu, Nepal","Kathmandu","3","44600","Nepal","shishirgenz@gmail.com","+977.9845814042","","","","","","","","","","","","ns1.dns-parking.com","ns2.dns-parking.com","","","clientTransferProhibited","","",""
"11","bishwabandhu.com","2020-05-13 09:55:40","2020-05-10","2020-05-10","2021-05-10","1291","Crazy Domains FZ-LLC","whois.crazydomains.com","http://www.crazydomains.com","SANTOSH ACHARYA","","BAKUWA","BARDIYA","BHERI","21901","Nepal","saintosha@gmail.com","+977.9861728469","","SANTOSH ACHARYA","","BAKUWA","BARDIYA","BHERI","21901","Nepal","saintosha@gmail.com","+977.9861728469","","SANTOSH ACHARYA","","BAKUWA","BARDIYA","BHERI","21901","Nepal","saintosha@gmail.com","+977.9861728469","","","","","","","","","","","","ns1.webpal.biz","ns2.webpal.biz","","","OK","","",""
"12","bugvanalyst.com","2020-05-13 07:05:34","2020-05-11","2020-05-11","2021-05-11","303","PDR Ltd. d/b/a PublicDomainRegistry.com","whois.publicdomainregistry.com","http://www.publicdomainregistry.com","Bugv Analyst","CYNICAL TECHNOLOGY PVT. LTD","Maitidevi Nepal","Kathmandu","Bagmati","46606","Nepal","info@cynicaltechnology.com","+977.14430730","","Bugv Analyst","CYNICAL TECHNOLOGY PVT. LTD","Maitidevi Nepal","Kathmandu","Bagmati","46606","Nepal","info@cynicaltechnology.com","+977.14430730","","Bugv Analyst","CYNICAL TECHNOLOGY PVT. LTD","Maitidevi Nepal","Kathmandu","Bagmati","46606","Nepal","info@cynicaltechnology.com","+977.14430730","","","","","","","","","","","","dns1.himalayanwebinfo.com","dns2.himalayanwebinfo.com","dns3.himalayanwebinfo.com","dns4.himalayanwebinfo.com","clientTransferProhibited","","",""
"13","butwalbazaar.com","2020-05-13 10:07:36","2020-05-10","2020-05-10","2021-05-10","303","PDR Ltd. d/b/a PublicDomainRegistry.com","whois.publicdomainregistry.com","http://www.publicdomainregistry.com","Insaf Ghimire","Sutra IT Consult Pvt. Ltd.","Butwal - 8","Butwal","Lumbini","32907","Nepal","insafghimire@outlook.com","+977.9867105275","","Insaf Ghimire","Sutra IT Consult Pvt. Ltd.","Butwal - 8","Butwal","Lumbini","32907","Nepal","insafghimire@outlook.com","+977.9867105275","","Insaf Ghimire","Sutra IT Consult Pvt. Ltd.","Butwal - 8","Butwal","Lumbini","32907","Nepal","insafghimire@outlook.com","+977.9867105275","","","","","","","","","","","","ns1.sutrait.com","ns2.sutrait.com","","","clientTransferProhibited","","",""
"14","buytankmates.com","2020-05-13 09:57:35","2020-05-10","2020-05-10","2021-05-10","1250","Trunkoz Technologies Pvt Ltd. d/b/a OwnRegistrar.com","whois.ownregistrar.com","http://www.ownregistrar.com","Suresh Dangol","NA","Chabahil, Ganesthan","Kathmandu","Bagmati","44600","Nepal","underwateraquaria@gmail.com","+977.9818570395","","Suresh Dangol","NA","Chabahil, Ganesthan","Kathmandu","Bagmati","44600","Nepal","underwateraquaria@gmail.com","+977-9818570395","","Suresh Dangol","NA","Chabahil, Ganesthan","Kathmandu","Bagmati","44600","Nepal","underwateraquaria@gmail.com","+977-9818570395","","","","","","","","","","","","ns1.ehostingserver.org","ns2.ehostingserver.org","","","OK","","",""
"15","cake977.com","2020-05-13 19:30:57","2020-05-12","2020-05-12","2021-05-12","303","PDR Ltd. d/b/a PublicDomainRegistry.com","whois.publicdomainregistry.com","http://www.publicdomainregistry.com","Dibyesh","Smart Tech Solutio","Sankhmool","Kathmandu","Janakpur","00977","Nepal","dibyesh@smarttech.com.np","+977.9851118494","","Dibyesh","Smart Tech Solutio","Sankhmool","Kathmandu","Janakpur","00977","Nepal","dibyesh@smarttech.com.np","+977.9851118494","","Dibyesh","Smart Tech Solutio","Sankhmool","Kathmandu","Janakpur","00977","Nepal","dibyesh@smarttech.com.np","+977.9851118494","","","","","","","","","","","","ns1.mahuwa.com","ns2.mahuwa.com","","","clientTransferProhibited","","",""
"16","centernepalnews.com","2020-05-13 07:02:18","2020-05-11","2020-05-11","2021-05-11","303","PDR Ltd. d/b/a PublicDomainRegistry.com","whois.publicdomainregistry.com","http://www.publicdomainregistry.com","Paschim Pokhara Media","Paschim Pokhara Media Pvt.Ltd.","Pokhara-1, Bagar, Kaski","Pokhara","Gandaki","33700","Nepal","ppokharamedia@gmail.com","+977.9856017134","","Paschim Pokhara Media","Paschim Pokhara Media Pvt.Ltd.","Pokhara-1, Bagar, Kaski","Pokhara","Gandaki","33700","Nepal","ppokharamedia@gmail.com","+977.9856017134","","Paschim Pokhara Media","Paschim Pokhara Media Pvt.Ltd.","Pokhara-1, Bagar, Kaski","Pokhara","Gandaki","33700","Nepal","ppokharamedia@gmail.com","+977.9856017134","","","","","","","","","","","","dns1.domaininnepal.com","dns2.domaininnepal.com","","","clientTransferProhibited","","",""
"17","chaitanyamanch.com","2020-05-13 09:47:50","2020-05-10","2020-05-10","2021-05-10","303","PDR Ltd. d/b/a PublicDomainRegistry.com","whois.publicdomainregistry.com","http://www.publicdomainregistry.com","Sadhu Yadav","Softbenz Pvt. Ltd.","Shankhamul","Kathmandu","Bagmati","00977","Nepal","sadhuyadav641@gmail.com","+977.9851223631","","Sadhu Yadav","Softbenz Pvt. Ltd.","Shankhamul","Kathmandu","Bagmati","00977","Nepal","sadhuyadav641@gmail.com","+977.9851223631","","Sadhu Yadav","Softbenz Pvt. Ltd.","Shankhamul","Kathmandu","Bagmati","00977","Nepal","sadhuyadav641@gmail.com","+977.9851223631","","","","","","","","","","","","ns1-rex.vivawebhost.com","ns2-rex.vivawebhost.com","","","clientTransferProhibited","","",""
"18","civilsuccessonline.com","2020-05-13 10:12:16","2020-05-10","2020-05-10","2021-05-10","1291","Crazy Domains FZ-LLC","whois.crazydomains.com","http://www.crazydomains.com","SAROJ SAH","","LAHAN, NEPAL","LAHAN","STATE NO. 2","56502","Nepal","imnepal.com@gmail.com","+977.9841151128","","SAROJ SAH","","LAHAN, NEPAL","LAHAN","STATE NO. 2","56502","Nepal","imnepal.com@gmail.com","+977.9841151128","","SAROJ SAH","","LAHAN, NEPAL","LAHAN","STATE NO. 2","56502","Nepal","imnepal.com@gmail.com","+977.9841151128","","","","","","","","","","","","ns50.agmwebhosting.com","ns51.agmwebhosting.com","ns52.agmwebhosting.com","ns53.agmwebhosting.com","OK","","",""
"19","classesnepal.com","2020-05-13 10:08:44","2020-05-10","2020-05-10","2021-05-10","303","PDR Ltd. d/b/a PublicDomainRegistry.com","whois.publicdomainregistry.com","http://www.publicdomainregistry.com","Padam Ghimire","NMP Studio","Putalisadak Kathmandu","Kathmabndu","KTM","44600","Nepal","nepalimusicproduction@gmail.com","+977.9851160022","","Padam Ghimire","NMP Studio","Putalisadak Kathmandu","Kathmabndu","KTM","44600","Nepal","nepalimusicproduction@gmail.com","+977.9851160022","","Padam Ghimire","NMP Studio","Putalisadak Kathmandu","Kathmabndu","KTM","44600","Nepal","nepalimusicproduction@gmail.com","+977.9851160022","","","","","","","","","","","","cory.ns.cloudflare.com","linda.ns.cloudflare.com","","","clientTransferProhibited","","",""
"20","cliknepal.com","2020-05-13 19:52:11","2020-05-12","2020-05-12","2021-05-12","1250","Trunkoz Technologies Pvt Ltd. d/b/a OwnRegistrar.com","whois.ownregistrar.com","http://www.ownregistrar.com","Arun Bhandari","Naxa Pvt. Ltd.","NagpokhariNaxal","Kathmandu","Bagmati","977","Nepal","mail.naxa@gmail.com","+977.014416543","","Arun Bhandari","Naxa Pvt. Ltd.","NagpokhariNaxal","Kathmandu","Bagmati","977","Nepal","mail.naxa@gmail.com","+977-014416543","","Arun Bhandari","Naxa Pvt. Ltd.","NagpokhariNaxal","Kathmandu","Bagmati","977","Nepal","mail.naxa@gmail.com","+977-014416543","","","","","","","","","","","","ns1.nepallink.net","ns2.nepallink.net","ns3.nepallink.net","","OK","","",""
"21","cloudhostinginindia.com","2020-05-13 20:45:32","2020-05-11","2020-05-12","2021-05-11","1291","Crazy Domains FZ-LLC","whois.crazydomains.com","http://www.crazydomains.com","PRAVIN ACHARYA","","BAKUWA","BARDIYA","BHERI","21900","Nepal","nepify@gmail.com","+977.9861728469","","PRAVIN ACHARYA","","BAKUWA","BARDIYA","BHERI","21900","Nepal","nepify@gmail.com","+977.9861728469","","PRAVIN ACHARYA","","BAKUWA","BARDIYA","BHERI","21900","Nepal","nepify@gmail.com","+977.9861728469","","","","","","","","","","","","ns1.webpal.biz","ns2.webpal.biz","","","OK","","",""
"22","codingnepalweb.com","2020-05-13 20:53:16","2020-05-12","2020-05-12","2021-05-12","303","PDR Ltd. d/b/a PublicDomainRegistry.com","whois.publicdomainregistry.com","http://www.publicdomainregistry.com","Prakash Shahi","","Mangalgadhi chowk, Surkhet","Surkhet","Karnali","21700","Nepal","prakashplays07@gmail.com","+977.9868264179","","Prakash Shahi","","Mangalgadhi chowk, Surkhet","Surkhet","Karnali","21700","Nepal","prakashplays07@gmail.com","+977.9868264179","","Prakash Shahi","","Mangalgadhi chowk, Surkhet","Surkhet","Karnali","21700","Nepal","prakashplays07@gmail.com","+977.9868264179","","","","","","","","","","","","dns1.himalayanwebinfo.com","dns2.himalayanwebinfo.com","dns3.himalayanwebinfo.com","dns4.himalayanwebinfo.com","clientTransferProhibited","","",""
"23","dalipali.com","2020-05-13 21:04:07","2020-05-12","2020-05-12","2021-05-12","1250","Trunkoz Technologies Pvt Ltd. d/b/a OwnRegistrar.com","whois.ownregistrar.com","http://www.ownregistrar.com","Ananta Pandey","NA","Manigram 3NO.Tilottama -9","Tilottama","Other","32903","Nepal","alwaysananta@gmail.com","+977.9857012847","","Ananta Pandey","NA","Manigram 3NO.Tilottama -9","Tilottama","Other","32903","Nepal","alwaysananta@gmail.com","+977-9857012847","","Ananta Pandey","NA","Manigram 3NO.Tilottama -9","Tilottama","Other","32903","Nepal","alwaysananta@gmail.com","+977-9857012847","","","","","","","","","","","","ns1.ehostingserver.net","ns2.ehostingserver.net","ns3.ehostingserver.net","ns4.ehostingserver.net","OK","","",""
"24","deuralierp.com","2020-05-13 11:04:37","2020-05-11","2020-05-11","2021-05-11","303","PDR Ltd. d/b/a PublicDomainRegistry.com","whois.publicdomainregistry.com","http://www.publicdomainregistry.com","Dil Bahadur Thapa","IT Deurali Incorporation Pvt. Ltd","Pokhara","Kaski","Gandaki","44600","Nepal","itdeurali@itdeurali.com","+977.9856037778","","Dil Bahadur Thapa","IT Deurali Incorporation Pvt. Ltd","Pokhara","Kaski","Gandaki","44600","Nepal","itdeurali@itdeurali.com","+977.9856037778","","Dil Bahadur Thapa","IT Deurali Incorporation Pvt. Ltd","Pokhara","Kaski","Gandaki","44600","Nepal","itdeurali@itdeurali.com","+977.9856037778","","","","","","","","","","","","ns-1083.awsdns-07.org","ns-1611.awsdns-09.co.uk","ns-231.awsdns-28.com","ns-852.awsdns-42.net","clientTransferProhibited","","",""
"25","dhovan.com","2020-05-13 10:00:01","2020-05-10","2020-05-10","2021-05-10","303","PDR Ltd. d/b/a PublicDomainRegistry.com","whois.publicdomainregistry.com","http://www.publicdomainregistry.com","Bhawesh Mandal","Websoft IT Nepal Pvt. Ltd.","Biratnagar","Biratnagar","Kosi","56600","Nepal","websoftitnepal@gmail.com","+977.9842278940","","Bhawesh Mandal","Websoft IT Nepal Pvt. Ltd.","Biratnagar","Biratnagar","Kosi","56600","Nepal","websoftitnepal@gmail.com","+977.9842278940","","Bhawesh Mandal","Websoft IT Nepal Pvt. Ltd.","Biratnagar","Biratnagar","Kosi","56600","Nepal","websoftitnepal@gmail.com","+977.9842278940","","","","","","","","","","","","marjory.ns.cloudflare.com","trey.ns.cloudflare.com","","","clientTransferProhibited","","",""
"26","dibyatara.com","2020-05-13 20:08:54","2020-05-12","2020-05-12","2021-05-12","303","PDR Ltd. d/b/a PublicDomainRegistry.com","whois.publicdomainregistry.com","http://www.publicdomainregistry.com","Krishna Gopal Shrestha","iTech Net Pvt. Ltd.","Chundevi","Kathmandu","Bagmati","44600","Nepal","kgshrestha@gmail.com","+977.9851047308","","Krishna Gopal Shrestha","iTech Net Pvt. Ltd.","Chundevi","Kathmandu","Bagmati","44600","Nepal","kgshrestha@gmail.com","+977.9851047308","","Krishna Gopal Shrestha","iTech Net Pvt. Ltd.","Chundevi","Kathmandu","Bagmati","44600","Nepal","kgshrestha@gmail.com","+977.9851047308","","","","","","","","","","","","dns101.gurkhahost.com","dns102.gurkhahost.com","","","clientTransferProhibited","","",""
"27","digilogapp.com","2020-05-13 11:02:12","2020-05-11","2020-05-11","2022-05-11","146","GoDaddy.com, LLC","whois.godaddy.com","http://registrar.godaddy.com","Raralabs","Raralabs","","","Bagmati","","Nepal","","","","","","","","","","","","","","","","","","","","","","","","","","","","","","","","","","ns07.domaincontrol.com","ns08.domaincontrol.com","","","clientDeleteProhibited","clientRenewProhibited","clientTransferProhibited","clientUpdateProhibited"
"28","digimt.com","2020-05-13 07:43:34","2020-05-11","2020-05-11","2022-05-11","146","GoDaddy.com, LLC","whois.godaddy.com","http://registrar.godaddy.com","","","","","Chiba","","Nepal","","","","","","","","","","","","","","","","","","","","","","","","","","","","","","","","","","ns23.domaincontrol.com","ns24.domaincontrol.com","","","clientDeleteProhibited","clientRenewProhibited","clientTransferProhibited","clientUpdateProhibited"
"29","dlecommerce.com","2020-05-13 20:48:18","2020-05-12","2020-05-12","2021-05-12","1291","Crazy Domains FZ-LLC","whois.crazydomains.com","http://www.crazydomains.com","BASANTA RAJ LAMICHHANE","","KATHMANDU MC -16, BANASTHALI, DHUNGEDHARA","KATHMANDU","BAGMATI","Dhungedhara","Nepal","lamichhanebr@gmail.com","+977.9851136488","","BASANTA RAJ LAMICHHANE","","KATHMANDU MC -16, BANASTHALI, DHUNGEDHARA","KATHMANDU","BAGMATI","Dhungedhara","Nepal","lamichhanebr@gmail.com","+977.9851136488","","BASANTA RAJ LAMICHHANE","","KATHMANDU MC -16, BANASTHALI, DHUNGEDHARA","KATHMANDU","BAGMATI","Dhungedhara","Nepal","lamichhanebr@gmail.com","+977.9851136488","","","","","","","","","","","","ns50.agmwebhosting.com","ns51.agmwebhosting.com","ns52.agmwebhosting.com","ns53.agmwebhosting.com","OK","","",""
"30","dveducationnp.com","2020-05-13 09:03:41","2020-05-10","2020-05-10","2021-05-10","303","PDR Ltd. d/b/a PublicDomainRegistry.com","whois.publicdomainregistry.com","http://www.publicdomainregistry.com","Suresh Rijal","","Baneshwor-10","Kathmandu","Bagmati","00977","Nepal","web.mindmaster@gmail.com","+977.9851079343","","Suresh Rijal","","Baneshwor-10","Kathmandu","Bagmati","00977","Nepal","web.mindmaster@gmail.com","+977.9851079343","","Suresh Rijal","","Baneshwor-10","Kathmandu","Bagmati","00977","Nepal","web.mindmaster@gmail.com","+977.9851079343","","","","","","","","","","","","dns3.parkpage.foundationapi.com","dns4.parkpage.foundationapi.com","","","clientTransferProhibited","","",""
"31","eachscript.com","2020-05-13 10:05:17","2020-05-10","2020-05-10","2021-05-10","303","PDR Ltd. d/b/a PublicDomainRegistry.com","whois.publicdomainregistry.com","http://www.publicdomainregistry.com","Nivaj Shakya","","manbhuwan-05,lalitpur manbhuwan-05,lalitpur","Lalitpur","Bagmati","44600","Nepal","nivajshakya@gmail.com","+977.9847143225","","Nivaj Shakya","","manbhuwan-05,lalitpur manbhuwan-05,lalitpur","Lalitpur","Bagmati","44600","Nepal","nivajshakya@gmail.com","+977.9847143225","","Nivaj Shakya","","manbhuwan-05,lalitpur manbhuwan-05,lalitpur","Lalitpur","Bagmati","44600","Nepal","nivajshakya@gmail.com","+977.9847143225","","","","","","","","","","","","dns1.thulo.com","dns2.thulo.com","","","clientTransferProhibited","","",""
"32","edentalsewa.com","2020-05-13 10:57:08","2020-05-11","2020-05-11","2021-05-11","146","GoDaddy.com, LLC","whois.godaddy.com","http://registrar.godaddy.com","Color and Pixel Pvt. Ltd","Color and Pixel Pvt. Ltd","","","Bagmati","","Nepal","","","","","","","","","","","","","","","","","","","","","","","","","","","","","","","","","","ns39.domaincontrol.com","ns40.domaincontrol.com","","","clientDeleteProhibited","clientRenewProhibited","clientTransferProhibited","clientUpdateProhibited"
"33","eightiquette.com","2020-05-13 21:05:20","2020-05-12","2020-05-12","2021-05-12","440","Wild West Domains, LLC","whois.wildwestdomains.com","http://www.wildwestdomains.com","","","","","Bagmati","","Nepal","","","","","","","","","","","","","","","","","","","","","","","","","","","","","","","","","","ns09.domaincontrol.com","ns10.domaincontrol.com","","","clientDeleteProhibited","clientRenewProhibited","clientTransferProhibited","clientUpdateProhibited"
"34","enlightjob.com","2020-05-13 07:51:50","2020-05-11","2020-05-11","2021-05-11","303","PDR Ltd. d/b/a PublicDomainRegistry.com","whois.publicdomainregistry.com","http://www.publicdomainregistry.com","Bishal Wosti","Enlight job","kathmandu sankhamul","kathmandu","bagmati","44600","Nepal","bishalosti@gmail.com","+977.9845245563","","Bishal Wosti","Enlight job","kathmandu sankhamul","kathmandu","bagmati","44600","Nepal","bishalosti@gmail.com","+977.9845245563","","Bishal Wosti","Enlight job","kathmandu sankhamul","kathmandu","bagmati","44600","Nepal","bishalosti@gmail.com","+977.9845245563","","","","","","","","","","","","ns10.domaininnepal.com","ns11.domaininnepal.com","","","clientTransferProhibited","","",""
"35","eustimes.com","2020-05-13 19:32:37","2020-05-12","2020-05-12","2021-05-12","303","PDR Ltd. d/b/a PublicDomainRegistry.com","whois.publicdomainregistry.com","http://www.publicdomainregistry.com","Bikram Gyawali","TOPNEPAL","Baluwatar","Kathmandu","Other","44600","Nepal","bchromeg@gmail.com","+977.9860061354","","Bikram Gyawali","TOPNEPAL","Baluwatar","Kathmandu","Other","44600","Nepal","bchromeg@gmail.com","+977.9860061354","","Bikram Gyawali","TOPNEPAL","Baluwatar","Kathmandu","Other","44600","Nepal","bchromeg@gmail.com","+977.9860061354","","","","","","","","","","","","dns3.parkpage.foundationapi.com","dns4.parkpage.foundationapi.com","","","clientTransferProhibited","","",""
"36","fancyfaceon.com","2020-05-13 09:07:20","2020-05-10","2020-05-10","2021-05-10","1154","FastDomain Inc.","whois.fastdomain.com","http://www.fastdomain.com","PURNA BAHADUR BISHWAKARMA","PROMOTION","C/SAGRADA FAMILIA","MANRESA BARCELONA","","08243","Nepal","puranbhai@gmail.com","+977.9828886183","","PURNA BAHADUR BISHWAKARMA","PROMOTION","C/SAGRADA FAMILIA","MANRESA BARCELONA","","08243","Nepal","puranbhai@gmail.com","+977.9828886183","","BLUEHOST INC","BLUEHOST.COM","550 E TIMPANOGOS PKWY","OREM","UTAH","84097","United States","domain@redl.ca","+1.8017659400","+1.8017651992","","","","","","","","","","","ns1.bluehost.com","ns2.bluehost.com","","","clientTransferProhibited","","",""
"37","finemessage.com","2020-05-13 20:45:38","2020-05-12","2020-05-12","2021-05-12","625","Name.com, Inc.","whois.name.com","http://www.name.com","Manjit Shrestha","Manjitech","#279 Okharbot Marg, New Baneshwor - 10","Kathmandu","Nepal","44600","Nepal","manjitech@gmail.com","+977.14494463","","Manjit Shrestha","Manjitech","#279 Okharbot Marg, New Baneshwor - 10","Kathmandu","Nepal","44600","Nepal","manjitech@gmail.com","+977.14494463","","Manjit Shrestha","Manjitech","#279 Okharbot Marg, New Baneshwor - 10","Kathmandu","Nepal","44600","Nepal","manjitech@gmail.com","+977.14494463","","","","","","","","","","","","ns1ntw.name.com","ns2lns.name.com","ns3ghw.name.com","ns4blx.name.com","addPeriod","clientTransferProhibited","",""
"38","firenepal.com","2020-05-13 20:42:35","2020-05-12","2020-05-12","2021-05-12","1250","Trunkoz Technologies Pvt Ltd. d/b/a OwnRegistrar.com","whois.ownregistrar.com","http://www.ownregistrar.com","Shashank  Deo","D & D tech","Balkumariimadol","lalitpur","Other","00977","Nepal","ddtechnology21@gmail.com","+977.9849157863","","Shashank  Deo","D & D tech","Balkumariimadol","lalitpur","Other","00977","Nepal","ddtechnology21@gmail.com","+977-9849157863","","Shashank  Deo","D & D tech","Balkumariimadol","lalitpur","Other","00977","Nepal","ddtechnology21@gmail.com","+977-9849157863","","","","","","","","","","","","uk1.ehostingserver.com","uk2.ehostingserver.com","","","OK","","",""
"39","fnfnepal.com","2020-05-13 10:08:36","2020-05-10","2020-05-10","2021-05-10","1250","Trunkoz Technologies Pvt Ltd. d/b/a OwnRegistrar.com","whois.ownregistrar.com","http://www.ownregistrar.com","Surendra Maharjan","NA","Pachali Marg, Teku","Kathmandu","Bagmati","44600","Nepal","surendra.mjn.a@gmail.com","+977.9849826363","","Surendra Maharjan","NA","Pachali Marg, Teku","Kathmandu","Bagmati","44600","Nepal","surendra.mjn.a@gmail.com","+977-9849826363","","Surendra Maharjan","NA","Pachali Marg, Teku","Kathmandu","Bagmati","44600","Nepal","surendra.mjn.a@gmail.com","+977-9849826363","","","","","","","","","","","","in20.ehostingserver.com","in21.ehostingserver.com","","","OK","","",""
"40","freelancer2406.com","2020-05-13 11:03:40","2020-05-11","2020-05-11","2021-05-11","303","PDR Ltd. d/b/a PublicDomainRegistry.com","whois.publicdomainregistry.com","http://www.publicdomainregistry.com","Dev Khanal","Freelancer Media Pvt.Ltd.","Purano Sinamangal, pepsicola, ktm","Kathmandu","Bagmati","44600","Nepal","devkhanal2406@gmail.com","+977.9841415506","","Dev Khanal","Freelancer Media Pvt.Ltd.","Purano Sinamangal, pepsicola, ktm","Kathmandu","Bagmati","44600","Nepal","devkhanal2406@gmail.com","+977.9841415506","","Dev Khanal","Freelancer Media Pvt.Ltd.","Purano Sinamangal, pepsicola, ktm","Kathmandu","Bagmati","44600","Nepal","devkhanal2406@gmail.com","+977.9841415506","","","","","","","","","","","","ns1.freehostingnepal.com","ns2.freehostingnepal.com","","","clientTransferProhibited","","",""
"41","gadgetnp.com","2020-05-13 21:06:50","2020-05-12","2020-05-13","2021-05-12","1291","Crazy Domains FZ-LLC","whois.crazydomains.com","http://www.crazydomains.com","ZAINUL SIDDIQUI","","SRIJAN NAGAR SRIJANA NAGAR","ATTARIYA","07","10900","Nepal","zainulsiddiqui21@gmail.com","+977.9814667866","","ZAINUL SIDDIQUI","","SRIJAN NAGAR SRIJANA NAGAR","ATTARIYA","07","10900","Nepal","zainulsiddiqui21@gmail.com","+977.9814667866","","ZAINUL SIDDIQUI","","SRIJAN NAGAR SRIJANA NAGAR","ATTARIYA","07","10900","Nepal","zainulsiddiqui21@gmail.com","+977.9814667866","","","","","","","","","","","","ns1.secureparkme.com","ns2.secureparkme.com","","","OK","","",""
"42","gaijatra.com","2020-05-13 07:07:07","2020-05-10","2020-05-10","2021-05-10","303","PDR Ltd. d/b/a PublicDomainRegistry.com","whois.publicdomainregistry.com","http://www.publicdomainregistry.com","Jobs Rain","JobsRain e-Solutions","Thamel, Kathmendu","Kathmandu","Bagmati","44600","Nepal","jobsrain2013@gmail.com","+977.9849169185","","Jobs Rain","JobsRain e-Solutions","Thamel, Kathmendu","Kathmandu","Bagmati","44600","Nepal","jobsrain2013@gmail.com","+977.9849169185","","Jobs Rain","JobsRain e-Solutions","Thamel, Kathmendu","Kathmandu","Bagmati","44600","Nepal","jobsrain2013@gmail.com","+977.9849169185","","","","","","","","","","","","ns1.gethhosts.com","ns2.gethhosts.com","","","clientTransferProhibited","","",""
"43","ganeshjalcoop.com","2020-05-13 21:02:57","2020-05-12","2020-05-12","2022-05-12","146","GoDaddy.com, LLC","whois.godaddy.com","http://registrar.godaddy.com","InfoDevelopers Pvt Ltd","InfoDevelopers Pvt Ltd","","","Kathmandu","","Nepal","","","","","","","","","","","","","","","","","","","","","","","","","","","","","","","","","","ns1.urzaa.com","ns2.urzaa.com","","","clientDeleteProhibited","clientRenewProhibited","clientTransferProhibited","clientUpdateProhibited"
"44","gmepay-txn.com","2020-05-13 07:17:42","2020-05-11","2020-05-11","2021-05-11","303","PDR Ltd. d/b/a PublicDomainRegistry.com","whois.publicdomainregistry.com","http://www.publicdomainregistry.com","Raghunath Bhandari","Swift Technology Pvt. Ltd.","Panipokhari","kathmandu","Bagmati","44600","Nepal","raghu@swifttech.com.np","+977.4002555","","Raghunath Bhandari","Swift Technology Pvt. Ltd.","Panipokhari","kathmandu","Bagmati","44600","Nepal","raghu@swifttech.com.np","+977.4002555","","Raghunath Bhandari","Swift Technology Pvt. Ltd.","Panipokhari","kathmandu","Bagmati","44600","Nepal","raghu@swifttech.com.np","+977.4002555","","","","","","","","","","","","dns1.creationsoftnepal.com","dns2.creationsoftnepal.com","dns3.creationsoftnepal.com","dns4.creationsoftnepal.com","clientTransferProhibited","","",""
"45","gulfnotice.com","2020-05-13 21:02:18","2020-05-12","2020-05-12","2021-05-12","303","PDR Ltd. d/b/a PublicDomainRegistry.com","whois.publicdomainregistry.com","http://www.publicdomainregistry.com","Hira Lal Thapa","A To Z Chat Pvt. Ltd.","chabahil-7 kathmandu","Kathmandu","Bagmati","00977","Nepal","skrillnepal@gmail.com","+977.9860997753","","Hira Lal Thapa","A To Z Chat Pvt. Ltd.","chabahil-7 kathmandu","Kathmandu","Bagmati","00977","Nepal","skrillnepal@gmail.com","+977.9860997753","","Hira Lal Thapa","A To Z Chat Pvt. Ltd.","chabahil-7 kathmandu","Kathmandu","Bagmati","00977","Nepal","skrillnepal@gmail.com","+977.9860997753","","","","","","","","","","","","dns1.himalayanwebinfo.com","dns2.himalayanwebinfo.com","dns3.himalayanwebinfo.com","dns4.himalayanwebinfo.com","clientTransferProhibited","","",""
"46","gunjanpati.com","2020-05-13 07:29:46","2020-05-11","2020-05-11","2021-05-11","1250","Trunkoz Technologies Pvt Ltd. d/b/a OwnRegistrar.com","whois.ownregistrar.com","http://www.ownregistrar.com","Hi Bud","NA","Gaushala,kathmandu","Kathmandu","Bagmati","44600","Nepal","iamcoder0@gmail.com","+977.9849565564","","Hi Bud","NA","Gaushala,kathmandu","Kathmandu","Bagmati","44600","Nepal","iamcoder0@gmail.com","+977-9849565564","","Hi Bud","NA","Gaushala,kathmandu","Kathmandu","Bagmati","44600","Nepal","iamcoder0@gmail.com","+977-9849565564","","","","","","","","","","","","dns2000a.trouble-free.net","dns2000b.trouble-free.net","","","OK","","",""
"47","guruba.net","2020-05-14 00:09:50","2020-05-11","2020-05-11","2021-05-11","303","PDR Ltd. d/b/a PublicDomainRegistry.com","whois.publicdomainregistry.com","http://www.publicdomainregistry.com","Prakash Gautam","","Makwanpur","Makwanpur","Bagmati","44700","Nepal","meroprakash@gmail.com","+977.9841625076","","Prakash Gautam","","Makwanpur","Makwanpur","Bagmati","44700","Nepal","meroprakash@gmail.com","+977.9841625076","","Prakash Gautam","","Makwanpur","Makwanpur","Bagmati","44700","Nepal","meroprakash@gmail.com","+977.9841625076","","","","","","","","","","","","dns3.thulo.com","dns4.thulo.com","","","clientTransferProhibited","","",""
"48","hamronsnepal.com","2020-05-13 09:09:36","2020-05-10","2020-05-10","2021-05-10","1250","Trunkoz Technologies Pvt Ltd. d/b/a OwnRegistrar.com","whois.ownregistrar.com","http://www.ownregistrar.com","riwash chamlagain","withmeriwash","daumaimangalbare","ilam","Other","33700","Nepal","technicalriwash@gmail.com","+977.9862665731","","riwash chamlagain","withmeriwash","daumaimangalbare","ilam","Other","33700","Nepal","technicalriwash@gmail.com","+977-9862665731","","riwash chamlagain","withmeriwash","daumaimangalbare","ilam","Other","33700","Nepal","technicalriwash@gmail.com","+977-9862665731","","","","","","","","","","","","ns1.merocloud.host","ns2.merocloud.host","","","OK","","",""
"49","harpalkokhabar.com","2020-05-13 11:09:15","2020-05-11","2020-05-11","2021-05-11","69","Tucows Domains Inc.","whois.tucows.com","http://domainhelp.opensrs.net","REDACTED FOR PRIVACY","REDACTED FOR PRIVACY","REDACTED FOR PRIVACY","REDACTED FOR PRIVACY","seti","REDACTED FOR PRIVACY","Nepal","","REDACTED FOR PRIVACY","REDACTED FOR PRIVACY","REDACTED FOR PRIVACY","REDACTED FOR PRIVACY","REDACTED FOR PRIVACY","REDACTED FOR PRIVACY","REDACTED FOR PRIVACY","REDACTED FOR PRIVACY","REDACTED FOR PRIVACY","","REDACTED FOR PRIVACY","REDACTED FOR PRIVACY","REDACTED FOR PRIVACY","REDACTED FOR PRIVACY","REDACTED FOR PRIVACY","REDACTED FOR PRIVACY","REDACTED FOR PRIVACY","REDACTED FOR PRIVACY","REDACTED FOR PRIVACY","","REDACTED FOR PRIVACY","REDACTED FOR PRIVACY","","","","","","","","","","","ns1.stackdns.com","ns2.stackdns.com","ns3.stackdns.com","ns4.stackdns.com","clientTransferProhibited","clientUpdateProhibited","",""
"50","hetaudamart.com","2020-05-13 10:04:15","2020-05-10","2020-05-10","2021-05-10","1250","Trunkoz Technologies Pvt Ltd. d/b/a OwnRegistrar.com","whois.ownregistrar.com","http://www.ownregistrar.com","Randhir Chaudhary","NA","HetaudaBhairab Road","Hetauda","Other","44100","Nepal","randhirchaudhary65@gmail.com","+977.9811883817","","Randhir Chaudhary","NA","HetaudaBhairab Road","Hetauda","Other","44100","Nepal","randhirchaudhary65@gmail.com","+977-9811883817","","Randhir Chaudhary","NA","HetaudaBhairab Road","Hetauda","Other","44100","Nepal","randhirchaudhary65@gmail.com","+977-9811883817","","","","","","","","","","","","ns1.ehostingserver.org","ns2.ehostingserver.org","","","clientRenewProhibited","clientTransferProhibited","clientUpdateProhibited",""
"51","hiddenshotsnepal.com","2020-05-13 21:05:54","2020-05-12","2020-05-12","2021-05-12","303","PDR Ltd. d/b/a PublicDomainRegistry.com","whois.publicdomainregistry.com","http://www.publicdomainregistry.com","Prabin Khadka","Hiddenshots Nepal pvt. ltd.","Rupendehi","BUtwal","Lumbini","32900","Nepal","hiddenshotsnepal@gmail.com","+977.9843669170","","Prabin Khadka","Hiddenshots Nepal pvt. ltd.","Rupendehi","BUtwal","Lumbini","32900","Nepal","hiddenshotsnepal@gmail.com","+977.9843669170","","Prabin Khadka","Hiddenshots Nepal pvt. ltd.","Rupendehi","BUtwal","Lumbini","32900","Nepal","hiddenshotsnepal@gmail.com","+977.9843669170","","","","","","","","","","","","ohodomain.earth.orderbox-dns.com","ohodomain.mars.orderbox-dns.com","ohodomain.mercury.orderbox-dns.com","ohodomain.venus.orderbox-dns.com","clientTransferProhibited","","",""
"52","himalayansuitecafe.com","2020-05-13 09:02:19","2020-05-10","2020-05-10","2022-05-10","303","PDR Ltd. d/b/a PublicDomainRegistry.com","whois.publicdomainregistry.com","http://www.publicdomainregistry.com","Amrit Sapkota","Himalayan Social Journey Treeking Pvt. Ltd.","Sorakhutte , Kathmandu null null","Kathmandu","2593","44600","Nepal","amritsapkota11@gmail.com","+977.9849811492","","Amrit Sapkota","Himalayan Social Journey Treeking Pvt. Ltd.","Sorakhutte , Kathmandu null null","Kathmandu","2593","44600","Nepal","amritsapkota11@gmail.com","+977.9849811492","","Amrit Sapkota","Himalayan Social Journey Treeking Pvt. Ltd.","Sorakhutte , Kathmandu null null","Kathmandu","2593","44600","Nepal","amritsapkota11@gmail.com","+977.9849811492","","","","","","","","","","","","ns1.sarbatrahost.com","ns2.sarbatrahost.com","","","clientTransferProhibited","","",""
"53","horizongbs.com","2020-05-13 09:06:19","2020-05-10","2020-05-10","2021-05-10","1291","Crazy Domains FZ-LLC","whois.crazydomains.com","http://www.crazydomains.com","SANDEEP GAUTAM","","NEPAL BUTWAL","BUTWAL","5","32907","Nepal","sndpgtm24@gmail.com","+977.9817479779","","SANDEEP GAUTAM","","NEPAL BUTWAL","BUTWAL","5","32907","Nepal","sndpgtm24@gmail.com","+977.9817479779","","SANDEEP GAUTAM","","NEPAL BUTWAL","BUTWAL","5","32907","Nepal","sndpgtm24@gmail.com","+977.9817479779","","","","","","","","","","","","ns50.agmwebhosting.com","ns51.agmwebhosting.com","ns52.agmwebhosting.com","ns53.agmwebhosting.com","OK","","",""
"54","imeforex-txn.net","2020-05-14 00:09:00","2020-05-11","2020-05-11","2021-05-11","303","PDR Ltd. d/b/a PublicDomainRegistry.com","whois.publicdomainregistry.com","http://www.publicdomainregistry.com","Raghunath Bhandari","Swift Technology Pvt. Ltd.","Panipokhari","kathmandu","Bagmati","44600","Nepal","raghu@swifttech.com.np","+977.4002555","","Raghunath Bhandari","Swift Technology Pvt. Ltd.","Panipokhari","kathmandu","Bagmati","44600","Nepal","raghu@swifttech.com.np","+977.4002555","","Raghunath Bhandari","Swift Technology Pvt. Ltd.","Panipokhari","kathmandu","Bagmati","44600","Nepal","raghu@swifttech.com.np","+977.4002555","","","","","","","","","","","","ns10.imeforex-txn.net","ns11.imeforex-txn.net","ns12.imeforex-txn.net","","clientTransferProhibited","","",""
"55","jaganepali.com","2020-05-13 09:03:45","2020-05-10","2020-05-10","2021-05-10","1250","Trunkoz Technologies Pvt Ltd. d/b/a OwnRegistrar.com","whois.ownregistrar.com","http://www.ownregistrar.com","Gambhir Shrestha","NA","KathmanduBalaju","Balaju","Bagmati","44611","Nepal","gambhir.stha@gmail.com","+977.9867330175","","Gambhir Shrestha","NA","KathmanduBalaju","Balaju","Bagmati","44611","Nepal","gambhir.stha@gmail.com","+977-9867330175","","Gambhir Shrestha","NA","KathmanduBalaju","Balaju","Bagmati","44611","Nepal","gambhir.stha@gmail.com","+977-9867330175","","","","","","","","","","","","ns1.ehostingserver.com","ns2.ehostingserver.com","","","OK","","",""
"56","janaswasthyanepal.com","2020-05-13 09:48:16","2020-05-10","2020-05-10","2021-05-10","303","PDR Ltd. d/b/a PublicDomainRegistry.com","whois.publicdomainregistry.com","http://www.publicdomainregistry.com","Kailash khaki Shrestha","","Biratnagar-4","sakhuware","Province 1","56613","Nepal","kailashstha@gmail.com","+977.9852020620","","Kailash khaki Shrestha","","Biratnagar-4","sakhuware","Province 1","56613","Nepal","kailashstha@gmail.com","+977.9852020620","","Kailash khaki Shrestha","","Biratnagar-4","sakhuware","Province 1","56613","Nepal","kailashstha@gmail.com","+977.9852020620","","","","","","","","","","","","ns1.prosperoserver.com","ns2.prosperoserver.com","","","clientTransferProhibited","","",""
"57","karnalipress.com","2020-05-13 07:28:52","2020-05-11","2020-05-11","2021-05-11","303","PDR Ltd. d/b/a PublicDomainRegistry.com","whois.publicdomainregistry.com","http://www.publicdomainregistry.com","Suresh Acharya","Aarush Creation","Birendranagar-3, Surkhet, Nepal","Surkhet","Bheri","21700","Nepal","info@suresha.com.np","+977.9858051869","","Suresh Acharya","Aarush Creation","Birendranagar-3, Surkhet, Nepal","Surkhet","Bheri","21700","Nepal","info@suresha.com.np","+977.9858051869","","Suresh Acharya","Aarush Creation","Birendranagar-3, Surkhet, Nepal","Surkhet","Bheri","21700","Nepal","info@suresha.com.np","+977.9858051869","","","","","","","","","","","","dns1.himalayanwebinfo.com","dns2.himalayanwebinfo.com","dns3.himalayanwebinfo.com","dns4.himalayanwebinfo.com","clientTransferProhibited","","",""
"58","katarinews.com","2020-05-13 19:41:38","2020-05-11","2020-05-11","2021-05-11","303","PDR Ltd. d/b/a PublicDomainRegistry.com","whois.publicdomainregistry.com","http://www.publicdomainregistry.com","Ishwor Kafle","","Jorpati","Kathmandu","Narayani","44600","Nepal","ishomansa@gmail.com","+977.9868205024","","Ishwor Kafle","","Jorpati","Kathmandu","Narayani","44600","Nepal","ishomansa@gmail.com","+977.9868205024","","Ishwor Kafle","","Jorpati","Kathmandu","Narayani","44600","Nepal","ishomansa@gmail.com","+977.9868205024","","","","","","","","","","","","ns1.vultr.com","ns2.vultr.com","","","clientTransferProhibited","","",""
"59","kausikheti.com","2020-05-13 20:50:19","2020-05-12","2020-05-12","2021-05-12","303","PDR Ltd. d/b/a PublicDomainRegistry.com","whois.publicdomainregistry.com","http://www.publicdomainregistry.com","Dibyesh","Smart Tech Solutio","Sankhmool","Kathmandu","Janakpur","00977","Nepal","dibyesh@smarttech.com.np","+977.9851118494","","Dibyesh","Smart Tech Solutio","Sankhmool","Kathmandu","Janakpur","00977","Nepal","dibyesh@smarttech.com.np","+977.9851118494","","Dibyesh","Smart Tech Solutio","Sankhmool","Kathmandu","Janakpur","00977","Nepal","dibyesh@smarttech.com.np","+977.9851118494","","","","","","","","","","","","ns1.mahuwa.com","ns2.mahuwa.com","","","clientTransferProhibited","","",""
"60","keronevafashion.com","2020-05-13 10:06:08","2020-05-10","2020-05-10","2021-05-10","146","GoDaddy.com, LLC","whois.godaddy.com","http://registrar.godaddy.com","HUESHINE","HUESHINE","","","Province No. 3","","Nepal","","","","","","","","","","","","","","","","","","","","","","","","","","","","","","","","","","ns63.domaincontrol.com","ns64.domaincontrol.com","","","clientDeleteProhibited","clientRenewProhibited","clientTransferProhibited","clientUpdateProhibited"
"61","marchawaronline.com","2020-05-13 10:03:59","2020-05-10","2020-05-10","2021-05-10","69","Tucows Domains Inc.","whois.tucows.com","http://domainhelp.opensrs.net","REDACTED FOR PRIVACY","REDACTED FOR PRIVACY","REDACTED FOR PRIVACY","REDACTED FOR PRIVACY","seti","REDACTED FOR PRIVACY","Nepal","","REDACTED FOR PRIVACY","REDACTED FOR PRIVACY","REDACTED FOR PRIVACY","REDACTED FOR PRIVACY","REDACTED FOR PRIVACY","REDACTED FOR PRIVACY","REDACTED FOR PRIVACY","REDACTED FOR PRIVACY","REDACTED FOR PRIVACY","","REDACTED FOR PRIVACY","REDACTED FOR PRIVACY","REDACTED FOR PRIVACY","REDACTED FOR PRIVACY","REDACTED FOR PRIVACY","REDACTED FOR PRIVACY","REDACTED FOR PRIVACY","REDACTED FOR PRIVACY","REDACTED FOR PRIVACY","","REDACTED FOR PRIVACY","REDACTED FOR PRIVACY","","","","","","","","","","","ns1.stackdns.com","ns2.stackdns.com","ns3.stackdns.com","ns4.stackdns.com","clientTransferProhibited","clientUpdateProhibited","",""
"62","marchwarsandesh.com","2020-05-13 09:06:03","2020-05-10","2020-05-10","2021-05-10","69","Tucows Domains Inc.","whois.tucows.com","http://domainhelp.opensrs.net","REDACTED FOR PRIVACY","REDACTED FOR PRIVACY","REDACTED FOR PRIVACY","REDACTED FOR PRIVACY","seti","REDACTED FOR PRIVACY","Nepal","","REDACTED FOR PRIVACY","REDACTED FOR PRIVACY","REDACTED FOR PRIVACY","REDACTED FOR PRIVACY","REDACTED FOR PRIVACY","REDACTED FOR PRIVACY","REDACTED FOR PRIVACY","REDACTED FOR PRIVACY","REDACTED FOR PRIVACY","","REDACTED FOR PRIVACY","REDACTED FOR PRIVACY","REDACTED FOR PRIVACY","REDACTED FOR PRIVACY","REDACTED FOR PRIVACY","REDACTED FOR PRIVACY","REDACTED FOR PRIVACY","REDACTED FOR PRIVACY","REDACTED FOR PRIVACY","","REDACTED FOR PRIVACY","REDACTED FOR PRIVACY","","","","","","","","","","","ns1.stackdns.com","ns2.stackdns.com","ns3.stackdns.com","ns4.stackdns.com","clientTransferProhibited","clientUpdateProhibited","",""
"63","merobicharsnepal.com","2020-05-13 07:37:56","2020-05-11","2020-05-11","2021-05-11","303","PDR Ltd. d/b/a PublicDomainRegistry.com","whois.publicdomainregistry.com","http://www.publicdomainregistry.com","Dipak Pun Magar","Merobichars","simli chinabagar","Simli","06","22000","Nepal","mgdipak1234@gmail.com","+977.9864412485","","Dipak Pun Magar","Merobichars","simli chinabagar","Simli","06","22000","Nepal","mgdipak1234@gmail.com","+977.9864412485","","Dipak Pun Magar","Merobichars","simli chinabagar","Simli","06","22000","Nepal","mgdipak1234@gmail.com","+977.9864412485","","","","","","","","","","","","dns1.himalayanwebinfo.com","dns2.himalayanwebinfo.com","dns3.himalayanwebinfo.com","dns4.himalayanwebinfo.com","clientTransferProhibited","","",""
"64","mountmakalu.com","2020-05-13 09:18:34","2020-05-09","2020-05-09","2021-05-09","303","PDR Ltd. d/b/a PublicDomainRegistry.com","whois.publicdomainregistry.com","http://www.publicdomainregistry.com","James Bista","","Gachhiya","Gachhiya","province 1","55600","Nepal","webdevelopersjd@gmail.com","+977.9816302064","","James Bista","","Gachhiya","Gachhiya","province 1","55600","Nepal","webdevelopersjd@gmail.com","+977.9816302064","","James Bista","","Gachhiya","Gachhiya","province 1","55600","Nepal","webdevelopersjd@gmail.com","+977.9816302064","","","","","","","","","","","","ns1.bitmoro.com","ns2.bitmoro.com","","","clientTransferProhibited","","",""
"65","msakawasoti.com","2020-05-13 09:47:30","2020-05-10","2020-05-10","2021-05-10","303","PDR Ltd. d/b/a PublicDomainRegistry.com","whois.publicdomainregistry.com","http://www.publicdomainregistry.com","Madan Gaire","","madhyabindu-15 Nawalparasi","Prasauni","state 4","44200","Nepal","madan87359503@gmail.com","+977.9864021782","","Madan Gaire","","madhyabindu-15 Nawalparasi","Prasauni","state 4","44200","Nepal","madan87359503@gmail.com","+977.9864021782","","Madan Gaire","","madhyabindu-15 Nawalparasi","Prasauni","state 4","44200","Nepal","madan87359503@gmail.com","+977.9864021782","","","","","","","","","","","","cloud1.npspeed.com","cloud2.npspeed.com","dns4.himalayanwebinfo.com","","clientTransferProhibited","","",""
"66","mukhiyajitv.com","2020-05-13 10:55:42","2020-05-11","2020-05-11","2021-05-11","1250","Trunkoz Technologies Pvt Ltd. d/b/a OwnRegistrar.com","whois.ownregistrar.com","http://www.ownregistrar.com","Pramesh Pradhan","Exclusive Solution Network","Akata ToleHupra Chaur","Hetauda","Other","00977","Nepal","exnet.net@gmail.com","+977.9855028275","","Pramesh Pradhan","Exclusive Solution Network","Akata ToleHupra Chaur","Hetauda","Other","00977","Nepal","exnet.net@gmail.com","+977-9855028275","","Pramesh Pradhan","Exclusive Solution Network","Akata ToleHupra Chaur","Hetauda","Other","00977","Nepal","exnet.net@gmail.com","+977-9855028275","","","","","","","","","","","","ns1.hetaudaonline.com","ns2.hetaudaonline.net","","","OK","","",""
"67","nayakura.com","2020-05-13 20:51:01","2020-05-12","2020-05-12","2021-05-12","1291","Crazy Domains FZ-LLC","whois.crazydomains.com","http://www.crazydomains.com","AASHBIN SUNAR","","KOTESHWOR","KATHMANDU","BAGMATI","44600","Nepal","nepify@gmail.com","+977.9814156374","","AASHBIN SUNAR","","KOTESHWOR","KATHMANDU","BAGMATI","44600","Nepal","nepify@gmail.com","+977.9814156374","","AASHBIN SUNAR","","KOTESHWOR","KATHMANDU","BAGMATI","44600","Nepal","nepify@gmail.com","+977.9814156374","","","","","","","","","","","","usvip51.noc40.com","usvip52.noc40.com","","","OK","","",""
"68","nayashibir.com","2020-05-13 10:47:38","2020-05-10","2020-05-10","2021-05-10","303","PDR Ltd. d/b/a PublicDomainRegistry.com","whois.publicdomainregistry.com","http://www.publicdomainregistry.com","An4soft","An4soft pvt ltd","Kathmandu","Kathmandu","Bagmati","00977","Nepal","an4soft@gmail.com","+977.9816961420","","An4soft","An4soft pvt ltd","Kathmandu","Kathmandu","Bagmati","00977","Nepal","an4soft@gmail.com","+977.9816961420","","An4soft","An4soft pvt ltd","Kathmandu","Kathmandu","Bagmati","00977","Nepal","an4soft@gmail.com","+977.9816961420","","","","","","","","","","","","dns3.parkpage.foundationapi.com","dns4.parkpage.foundationapi.com","","","clientTransferProhibited","","",""
"69","neetivimarsha.com","2020-05-13 11:09:07","2020-05-11","2020-05-11","2021-05-11","303","PDR Ltd. d/b/a PublicDomainRegistry.com","whois.publicdomainregistry.com","http://www.publicdomainregistry.com","Ujjwal Rana","","Kathmandu","Kathmandu","Bagmati","44620","Nepal","info@netsystemsolution.com","+977.9841221510","","Ujjwal Rana","","Kathmandu","Kathmandu","Bagmati","44620","Nepal","info@netsystemsolution.com","+977.9841221510","","Ujjwal Rana","","Kathmandu","Kathmandu","Bagmati","44620","Nepal","info@netsystemsolution.com","+977.9841221510","","","","","","","","","","","","ns393.websitewelcome.com","ns394.websitewelcome.com","","","clientTransferProhibited","","",""
"70","nepaltourandtrekking.com","2020-05-13 19:32:41","2020-05-12","2020-05-12","2021-05-12","303","PDR Ltd. d/b/a PublicDomainRegistry.com","whois.publicdomainregistry.com","http://www.publicdomainregistry.com","Ganesh Giri","GaneshGiri","Thamel","Kathmandu","Bagmati","44600","Nepal","ganeshgiri5@gmail.com","+977.0144400","","Ganesh Giri","GaneshGiri","Thamel","Kathmandu","Bagmati","44600","Nepal","ganeshgiri5@gmail.com","+977.0144400","","Ganesh Giri","GaneshGiri","Thamel","Kathmandu","Bagmati","44600","Nepal","ganeshgiri5@gmail.com","+977.0144400","","","","","","","","","","","","ns1.nepalpackagetour.com","ns2.nepalpackagetour.com","","","clientTransferProhibited","","",""
"71","nepaltrekkingandtour.com","2020-05-13 19:32:02","2020-05-12","2020-05-12","2021-05-12","303","PDR Ltd. d/b/a PublicDomainRegistry.com","whois.publicdomainregistry.com","http://www.publicdomainregistry.com","Ganesh Giri","GaneshGiri","Thamel","Kathmandu","Bagmati","44600","Nepal","ganeshgiri5@gmail.com","+977.0144400","","Ganesh Giri","GaneshGiri","Thamel","Kathmandu","Bagmati","44600","Nepal","ganeshgiri5@gmail.com","+977.0144400","","Ganesh Giri","GaneshGiri","Thamel","Kathmandu","Bagmati","44600","Nepal","ganeshgiri5@gmail.com","+977.0144400","","","","","","","","","","","","ns1.nepalpackagetour.com","ns2.nepalpackagetour.com","","","clientTransferProhibited","","",""
"72","nepalvraman.com","2020-05-13 07:15:22","2020-05-11","2020-05-11","2021-05-11","303","PDR Ltd. d/b/a PublicDomainRegistry.com","whois.publicdomainregistry.com","http://www.publicdomainregistry.com","Chudamani shrestha","","New baneshwor","kathmandu","Bagmati","44600","Nepal","manjil_shre@yahoo.com","+977.9849815297","","Chudamani shrestha","","New baneshwor","kathmandu","Bagmati","44600","Nepal","manjil_shre@yahoo.com","+977.9849815297","","Chudamani shrestha","","New baneshwor","kathmandu","Bagmati","44600","Nepal","manjil_shre@yahoo.com","+977.9849815297","","","","","","","","","","","","ns1.moolbato.com","ns2.moolbato.com","","","clientTransferProhibited","","",""
"73","nepalwithlocals.com","2020-05-13 10:06:09","2020-05-10","2020-05-10","2021-05-10","146","GoDaddy.com, LLC","whois.godaddy.com","http://registrar.godaddy.com","HUESHINE","HUESHINE","","","Province No. 3","","Nepal","","","","","","","","","","","","","","","","","","","","","","","","","","","","","","","","","","ns45.domaincontrol.com","ns46.domaincontrol.com","","","clientDeleteProhibited","clientRenewProhibited","clientTransferProhibited","clientUpdateProhibited"
"74","newlifeayurved.com","2020-05-13 21:02:03","2020-05-12","2020-05-12","2021-05-12","1291","Crazy Domains FZ-LLC","whois.crazydomains.com","http://www.crazydomains.com","ABHISHEK BHANDARI","","TOKHA-11","KATHMANDU","PROVINCE3","44600","Nepal","a.bhandari075@gmail.com","+977.9866405968","","ABHISHEK BHANDARI","","TOKHA-11","KATHMANDU","PROVINCE3","44600","Nepal","a.bhandari075@gmail.com","+977.9866405968","","ABHISHEK BHANDARI","","TOKHA-11","KATHMANDU","PROVINCE3","44600","Nepal","a.bhandari075@gmail.com","+977.9866405968","","","","","","","","","","","","uk1.ehostingserver.com","uk2.ehostingserver.com","","","OK","","",""
"75","newsclik.com","2020-05-13 19:52:13","2020-05-12","2020-05-12","2021-05-12","1250","Trunkoz Technologies Pvt Ltd. d/b/a OwnRegistrar.com","whois.ownregistrar.com","http://www.ownregistrar.com","Arun Bhandari","Naxa Pvt. Ltd.","NagpokhariNaxal","Kathmandu","Bagmati","977","Nepal","mail.naxa@gmail.com","+977.014416543","","Arun Bhandari","Naxa Pvt. Ltd.","NagpokhariNaxal","Kathmandu","Bagmati","977","Nepal","mail.naxa@gmail.com","+977-014416543","","Arun Bhandari","Naxa Pvt. Ltd.","NagpokhariNaxal","Kathmandu","Bagmati","977","Nepal","mail.naxa@gmail.com","+977-014416543","","","","","","","","","","","","ns1.nepallink.net","ns2.nepallink.net","ns3.nepallink.net","","OK","","",""
"76","newtonhospital.com","2020-05-13 09:34:59","2020-05-09","2020-05-09","2021-05-09","303","PDR Ltd. d/b/a PublicDomainRegistry.com","whois.publicdomainregistry.com","http://www.publicdomainregistry.com","ramjee bastola","","bharatpur 10","bharatpur","bagmati","44600","Nepal","ramjeebastola@hotmail.com","+977.9855059787","","ramjee bastola","","bharatpur 10","bharatpur","bagmati","44600","Nepal","ramjeebastola@hotmail.com","+977.9855059787","","ramjee bastola","","bharatpur 10","bharatpur","bagmati","44600","Nepal","ramjeebastola@hotmail.com","+977.9855059787","","","","","","","","","","","","ns1.ipage.com","ns2.ipage.com","","","clientTransferProhibited","","",""
"77","niftyhacker.com","2020-05-13 20:16:18","2020-05-12","2020-05-12","2021-05-12","303","PDR Ltd. d/b/a PublicDomainRegistry.com","whois.publicdomainregistry.com","http://www.publicdomainregistry.com","Shishir Dhakal Dhakal","Shishir Dhakal Dhakal","Lazimpat, Kathmandu, Nepal","Kathmandu","3","44600","Nepal","shishirgenz@gmail.com","+977.9845814042","","Shishir Dhakal Dhakal","Shishir Dhakal Dhakal","Lazimpat, Kathmandu, Nepal","Kathmandu","3","44600","Nepal","shishirgenz@gmail.com","+977.9845814042","","Shishir Dhakal Dhakal","Shishir Dhakal Dhakal","Lazimpat, Kathmandu, Nepal","Kathmandu","3","44600","Nepal","shishirgenz@gmail.com","+977.9845814042","","","","","","","","","","","","ns1.dns-parking.com","ns2.dns-parking.com","","","clientTransferProhibited","","",""
"78","observernepal.com","2020-05-13 07:19:10","2020-05-11","2020-05-12","2021-05-11","1291","Crazy Domains FZ-LLC","whois.crazydomains.com","http://www.crazydomains.com","RUJESH SHRESTHA","","BANEPA BANEPA","BANEPA","CENTRAL","44600","Nepal","rujesh10@gmail.com","+977.9849227777","","RUJESH SHRESTHA","","BANEPA BANEPA","BANEPA","CENTRAL","44600","Nepal","rujesh10@gmail.com","+977.9849227777","","RUJESH SHRESTHA","","BANEPA BANEPA","BANEPA","CENTRAL","44600","Nepal","rujesh10@gmail.com","+977.9849227777","","","","","","","","","","","","ns1.unaux.com","ns2.unaux.com","","","OK","","",""
"79","offhousenepal.com","2020-05-13 09:19:22","2020-05-09","2020-05-09","2021-05-09","303","PDR Ltd. d/b/a PublicDomainRegistry.com","whois.publicdomainregistry.com","http://www.publicdomainregistry.com","Abhishek Shrestha","","Maitreepath-5","Siddharthanagar","Nepal","32900","Nepal","abhiontheblock@gmail.com","+977.9860520897","","Abhishek Shrestha","","Maitreepath-5","Siddharthanagar","Nepal","32900","Nepal","abhiontheblock@gmail.com","+977.9860520897","","Abhishek Shrestha","","Maitreepath-5","Siddharthanagar","Nepal","32900","Nepal","abhiontheblock@gmail.com","+977.9860520897","","","","","","","","","","","","dns1.himalayanwebinfo.com","dns2.himalayanwebinfo.com","dns3.himalayanwebinfo.com","dns4.himalayanwebinfo.com","clientTransferProhibited","","",""
"80","online14media.com","2020-05-13 10:12:12","2020-05-10","2020-05-10","2021-05-10","303","PDR Ltd. d/b/a PublicDomainRegistry.com","whois.publicdomainregistry.com","http://www.publicdomainregistry.com","Nepal Nepal","Nepal","Nepal","Nepal","Nepal","97788","Nepal","bsnepal0@gmail.com","+977.9805645454","","Nepal Nepal","Nepal","Nepal","Nepal","Nepal","97788","Nepal","bsnepal0@gmail.com","+977.9805645454","","Nepal Nepal","Nepal","Nepal","Nepal","Nepal","97788","Nepal","bsnepal0@gmail.com","+977.9805645454","","","","","","","","","","","","ns1.namastehost.com","ns2.namastehost.com","","","clientTransferProhibited","","",""
"81","online15media.com","2020-05-13 10:11:59","2020-05-10","2020-05-10","2021-05-10","303","PDR Ltd. d/b/a PublicDomainRegistry.com","whois.publicdomainregistry.com","http://www.publicdomainregistry.com","Nepal Nepal","Nepal","Nepal","Nepal","Nepal","97788","Nepal","bsnepal0@gmail.com","+977.9805645454","","Nepal Nepal","Nepal","Nepal","Nepal","Nepal","97788","Nepal","bsnepal0@gmail.com","+977.9805645454","","Nepal Nepal","Nepal","Nepal","Nepal","Nepal","97788","Nepal","bsnepal0@gmail.com","+977.9805645454","","","","","","","","","","","","ns1.namastehost.com","ns2.namastehost.com","","","clientTransferProhibited","","",""
"82","online16media.com","2020-05-13 10:12:04","2020-05-10","2020-05-10","2021-05-10","303","PDR Ltd. d/b/a PublicDomainRegistry.com","whois.publicdomainregistry.com","http://www.publicdomainregistry.com","Nepal Nepal","Nepal","Nepal","Nepal","Nepal","97788","Nepal","bsnepal0@gmail.com","+977.9805645454","","Nepal Nepal","Nepal","Nepal","Nepal","Nepal","97788","Nepal","bsnepal0@gmail.com","+977.9805645454","","Nepal Nepal","Nepal","Nepal","Nepal","Nepal","97788","Nepal","bsnepal0@gmail.com","+977.9805645454","","","","","","","","","","","","ns1.namastehost.com","ns2.namastehost.com","","","clientTransferProhibited","","",""
"83","palikhe.com","2020-05-13 09:53:30","2020-05-10","2020-05-10","2021-05-10","303","PDR Ltd. d/b/a PublicDomainRegistry.com","whois.publicdomainregistry.com","http://www.publicdomainregistry.com","Kailash Dev Palikhe","","Nayabazar","Pokhara","Gandaki","33700","Nepal","siddheshwor.nepal@gmail.com","+977.9856062132","","Kailash Dev Palikhe","","Nayabazar","Pokhara","Gandaki","33700","Nepal","siddheshwor.nepal@gmail.com","+977.9856062132","","Kailash Dev Palikhe","","Nayabazar","Pokhara","Gandaki","33700","Nepal","siddheshwor.nepal@gmail.com","+977.9856062132","","","","","","","","","","","","ns1.sansarahost.com","ns2.sansarahost.com","","","clientTransferProhibited","","",""
"84","palikhegroup.com","2020-05-13 07:06:29","2020-05-10","2020-05-10","2021-05-10","303","PDR Ltd. d/b/a PublicDomainRegistry.com","whois.publicdomainregistry.com","http://www.publicdomainregistry.com","Kailash Dev Palikhe","","Nayabazar","Pokhara","Gandaki","33700","Nepal","siddheshwor.nepal@gmail.com","+977.9856062132","","Kailash Dev Palikhe","","Nayabazar","Pokhara","Gandaki","33700","Nepal","siddheshwor.nepal@gmail.com","+977.9856062132","","Kailash Dev Palikhe","","Nayabazar","Pokhara","Gandaki","33700","Nepal","siddheshwor.nepal@gmail.com","+977.9856062132","","","","","","","","","","","","ns1.merohost.com","ns2.merohost.com","ns3.merohost.com","ns4.merohost.com","clientTransferProhibited","","",""
"85","paschimpost.com","2020-05-13 10:06:46","2020-05-10","2020-05-10","2021-05-10","303","PDR Ltd. d/b/a PublicDomainRegistry.com","whois.publicdomainregistry.com","http://www.publicdomainregistry.com","K.K Adhikari","","Maitidevi","Kathmandu","Bagmati","44600","Nepal","poplahar.k8pm@gmail.com","+977.9801114920","","K.K Adhikari","","Maitidevi","Kathmandu","Bagmati","44600","Nepal","poplahar.k8pm@gmail.com","+977.9801114920","","K.K Adhikari","","Maitidevi","Kathmandu","Bagmati","44600","Nepal","poplahar.k8pm@gmail.com","+977.9801114920","","","","","","","","","","","","dns1.himalayanwebinfo.com","dns2.himalayanwebinfo.com","dns3.himalayanwebinfo.com","dns4.himalayanwebinfo.com","clientTransferProhibited","","",""
"86","patronsuite.com","2020-05-13 10:58:11","2020-05-11","2020-05-11","2021-05-11","303","PDR Ltd. d/b/a PublicDomainRegistry.com","whois.publicdomainregistry.com","http://www.publicdomainregistry.com","Utsab Raj Wagle","Concepts Integrated Pvt. Ltd.","Ramshahpath","Kathmandu","Bagmati","44601","Nepal","utsivaa@hotmail.com","+977.014442500","","Utsab Raj Wagle","Concepts Integrated Pvt. Ltd.","Ramshahpath","Kathmandu","Bagmati","44601","Nepal","utsivaa@hotmail.com","+977.014442500","","Utsab Raj Wagle","Concepts Integrated Pvt. Ltd.","Ramshahpath","Kathmandu","Bagmati","44601","Nepal","utsivaa@hotmail.com","+977.014442500","","","","","","","","","","","","ns1.aafno.com","ns2.aafno.com","ns3.aafno.com","ns4.aafno.com","clientTransferProhibited","","",""
"87","pepepizzanepal.com","2020-05-13 20:43:31","2020-05-12","2020-05-12","2021-05-12","146","GoDaddy.com, LLC","whois.godaddy.com","http://registrar.godaddy.com","","","","","lalitpur","","Nepal","","","","","","","","","","","","","","","","","","","","","","","","","","","","","","","","","","dalet1.eboundhost.com","dalet2.eboundhost.com","","","clientDeleteProhibited","clientRenewProhibited","clientTransferProhibited","clientUpdateProhibited"
"88","pkrdainik.com","2020-05-13 09:32:08","2020-05-09","2020-05-09","2021-05-09","303","PDR Ltd. d/b/a PublicDomainRegistry.com","whois.publicdomainregistry.com","http://www.publicdomainregistry.com","Raj Sharma","Egsofttech","pokhara","pokhara","Gandaki","33700","Nepal","raj.egsofttech@gmail.com","+977.9856081404","","Raj Sharma","Egsofttech","pokhara","pokhara","Gandaki","33700","Nepal","raj.egsofttech@gmail.com","+977.9856081404","","Raj Sharma","Egsofttech","pokhara","pokhara","Gandaki","33700","Nepal","raj.egsofttech@gmail.com","+977.9856081404","","","","","","","","","","","","ns1.websnp.com","ns2.websnp.com","","","clientTransferProhibited","","",""
"89","rabikeeran.com","2020-05-13 07:44:01","2020-05-11","2020-05-11","2021-05-11","303","PDR Ltd. d/b/a PublicDomainRegistry.com","whois.publicdomainregistry.com","http://www.publicdomainregistry.com","Rabi Keeran","","Nepal","Kathmandu","Bagmati","44600","Nepal","keeranrabi1995@gmail.com","+977.9861307783","","Rabi Keeran","","Nepal","Kathmandu","Bagmati","44600","Nepal","keeranrabi1995@gmail.com","+977.9861307783","","Rabi Keeran","","Nepal","Kathmandu","Bagmati","44600","Nepal","keeranrabi1995@gmail.com","+977.9861307783","","","","","","","","","","","","ns1.kafalstech.com","ns2.kafalstech.com","","","clientTransferProhibited","","",""
"90","rasmaru.limited","2020-05-14 00:13:23","2020-05-10","2020-05-10","2021-05-10","625","Name.com, Inc.","whois.name.com","http://www.name.com","REDACTED FOR PRIVACY","Rasmaru","REDACTED FOR PRIVACY","REDACTED FOR PRIVACY","State 3","REDACTED FOR PRIVACY","Nepal","","REDACTED FOR PRIVACY","REDACTED FOR PRIVACY","","","","","","","","","","","","","","","","","","","","","","","","","","","","","","","","","","","addPeriod","clientTransferProhibited","",""
"91","rasmaru.world","2020-05-13 21:54:13","2020-05-10","2020-05-10","2021-05-10","625","Name.com, Inc.","whois.name.com","http://www.name.com","REDACTED FOR PRIVACY","Rasmaru","REDACTED FOR PRIVACY","REDACTED FOR PRIVACY","State 3","REDACTED FOR PRIVACY","Nepal","","REDACTED FOR PRIVACY","REDACTED FOR PRIVACY","","","","","","","","","","","","","","","","","","","","","","","","","","","","","","","","","","","addPeriod","clientTransferProhibited","",""
"92","resellerhostinginnepal.com","2020-05-13 20:58:01","2020-05-12","2020-05-12","2021-05-12","1291","Crazy Domains FZ-LLC","whois.crazydomains.com","http://www.crazydomains.com","PRAVIN ACHARYA","","BAKUWA","BARDIYA","BHERI","21900","Nepal","nepify@gmail.com","+977.9861728469","","PRAVIN ACHARYA","","BAKUWA","BARDIYA","BHERI","21900","Nepal","nepify@gmail.com","+977.9861728469","","PRAVIN ACHARYA","","BAKUWA","BARDIYA","BHERI","21900","Nepal","nepify@gmail.com","+977.9861728469","","","","","","","","","","","","ns1.webpal.biz","ns2.webpal.biz","","","OK","","",""
"93","rsoftnepal.com","2020-05-13 09:09:37","2020-05-10","2020-05-10","2021-05-10","1250","Trunkoz Technologies Pvt Ltd. d/b/a OwnRegistrar.com","whois.ownregistrar.com","http://www.ownregistrar.com","riwash chamlagain","withmeriwash","daumaimangalbare","ilam","Other","33700","Nepal","technicalriwash@gmail.com","+977.9862665731","","riwash chamlagain","withmeriwash","daumaimangalbare","ilam","Other","33700","Nepal","technicalriwash@gmail.com","+977-9862665731","","riwash chamlagain","withmeriwash","daumaimangalbare","ilam","Other","33700","Nepal","technicalriwash@gmail.com","+977-9862665731","","","","","","","","","","","","ns1.merocloud.host","ns2.merocloud.host","","","OK","","",""
"94","rurbanconstruction.com","2020-05-13 10:08:45","2020-05-10","2020-05-10","2021-05-10","1250","Trunkoz Technologies Pvt Ltd. d/b/a OwnRegistrar.com","whois.ownregistrar.com","http://www.ownregistrar.com","Dilip kc","NA","Sokhel","Kathmandu","Other","44615","Nepal","lovenature2757@gmail.com","+977.9818002564","","Dilip kc","NA","Sokhel","Kathmandu","Other","44615","Nepal","lovenature2757@gmail.com","+977-9818002564","","Dilip kc","NA","Sokhel","Kathmandu","Other","44615","Nepal","lovenature2757@gmail.com","+977-9818002564","","","","","","","","","","","","ns1.ehostingserver.com","ns2.ehostingserver.com","","","OK","","",""
"95","safetyfirstdentistry.com","2020-05-13 10:57:11","2020-05-11","2020-05-11","2021-05-11","146","GoDaddy.com, LLC","whois.godaddy.com","http://registrar.godaddy.com","Color and Pixel Pvt. Ltd","Color and Pixel Pvt. Ltd","","","Bagmati","","Nepal","","","","","","","","","","","","","","","","","","","","","","","","","","","","","","","","","","ns39.domaincontrol.com","ns40.domaincontrol.com","","","clientDeleteProhibited","clientRenewProhibited","clientTransferProhibited","clientUpdateProhibited"
"96","sagaholidaysnepal.com","2020-05-13 07:38:50","2020-05-11","2020-05-11","2021-05-11","303","PDR Ltd. d/b/a PublicDomainRegistry.com","whois.publicdomainregistry.com","http://www.publicdomainregistry.com","Bikash Magaiya","eXtreme Generation Pvt. Ltd","Jayabageshwori-8 Ktm","Kathmandu","Bagmati","00977","Nepal","extremegeneration@ymail.com","+977.014486680","","Bikash Magaiya","eXtreme Generation Pvt. Ltd","Jayabageshwori-8 Ktm","Kathmandu","Bagmati","00977","Nepal","extremegeneration@ymail.com","+977.014486680","","Bikash Magaiya","eXtreme Generation Pvt. Ltd","Jayabageshwori-8 Ktm","Kathmandu","Bagmati","00977","Nepal","extremegeneration@ymail.com","+977.014486680","","","","","","","","","","","","ns1.extreme-generation.com","ns2.extreme-generation.com","","","clientTransferProhibited","","",""
"97","sagarmathaniketan.com","2020-05-13 10:03:49","2020-05-10","2020-05-10","2021-05-10","303","PDR Ltd. d/b/a PublicDomainRegistry.com","whois.publicdomainregistry.com","http://www.publicdomainregistry.com","Bijaya Sapkota","","Pokhara, Nepal","Pokhara","Gandaki","33700","Nepal","sapkotabijaya.bs@gmail.com","+977.9846434806","","Bijaya Sapkota","","Pokhara, Nepal","Pokhara","Gandaki","33700","Nepal","sapkotabijaya.bs@gmail.com","+977.9846434806","","Bijaya Sapkota","","Pokhara, Nepal","Pokhara","Gandaki","33700","Nepal","sapkotabijaya.bs@gmail.com","+977.9846434806","","","","","","","","","","","","ns1.appsdigit.com","ns2.appsdigit.com","","","clientTransferProhibited","","",""
"98","sahapatri.com","2020-05-13 09:51:40","2020-05-10","2020-05-10","2021-05-10","146","GoDaddy.com, LLC","whois.godaddy.com","http://registrar.godaddy.com","","","","","Bagmati","","Nepal","","","","","","","","","","","","","","","","","","","","","","","","","","","","","","","","","","ns1.babal.host","ns2.babal.host","ns3.babal.host","ns4.babal.host","clientDeleteProhibited","clientRenewProhibited","clientTransferProhibited","clientUpdateProhibited"
"99","saintosha.com","2020-05-13 09:57:47","2020-05-10","2020-05-10","2021-05-10","1291","Crazy Domains FZ-LLC","whois.crazydomains.com","http://www.crazydomains.com","SANTOSH ACHARYA","","BAKUWA","BARDIYA","BHERI","21901","Nepal","saintosha@gmail.com","+977.9861728469","","SANTOSH ACHARYA","","BAKUWA","BARDIYA","BHERI","21901","Nepal","saintosha@gmail.com","+977.9861728469","","SANTOSH ACHARYA","","BAKUWA","BARDIYA","BHERI","21901","Nepal","saintosha@gmail.com","+977.9861728469","","","","","","","","","","","","ns1.webpal.biz","ns2.webpal.biz","","","OK","","",""
"100","saphanepal.com","2020-05-13 09:48:54","2020-05-10","2020-05-10","2021-05-10","303","PDR Ltd. d/b/a PublicDomainRegistry.com","whois.publicdomainregistry.com","http://www.publicdomainregistry.com","Sameer Balami","Filmy Fanda","Anamnagar,","Kathmandu","Bagmati","44600","Nepal","filmyfandatv@gmail.com","+977.9851162384","","Niroj Shrestha","Ennovative Web Design","Satdobato","Lalitpur","Bagmati","44600","Nepal","ennovativewebdesign@gmail.com","+977.9864333755","","Niroj Shrestha","Ennovative Web Design","Satdobato","Lalitpur","Bagmati","44600","Nepal","ennovativewebdesign@gmail.com","+977.9864333755","","","","","","","","","","","","ns1.dns-parking.com","ns2.dns-parking.com","","","clientTransferProhibited","","",""
"101","sastokirana.com","2020-05-13 07:44:04","2020-05-11","2020-05-12","2021-05-11","146","GoDaddy.com, LLC","whois.godaddy.com","http://registrar.godaddy.com","Sasto Kirana","Sasto Kirana","","","","","Nepal","","","","","","","","","","","","","","","","","","","","","","","","","","","","","","","","","","carl.ns.cloudflare.com","desi.ns.cloudflare.com","","","clientDeleteProhibited","clientRenewProhibited","clientTransferProhibited","clientUpdateProhibited"
"102","satyapatra.com","2020-05-13 10:54:19","2020-05-11","2020-05-11","2021-05-11","303","PDR Ltd. d/b/a PublicDomainRegistry.com","whois.publicdomainregistry.com","http://www.publicdomainregistry.com","Suresh Acharya","Aarush Creation","Birendranagar-3, Surkhet, Nepal","Surkhet","Bheri","21700","Nepal","info@suresha.com.np","+977.9858051869","","Suresh Acharya","Aarush Creation","Birendranagar-3, Surkhet, Nepal","Surkhet","Bheri","21700","Nepal","info@suresha.com.np","+977.9858051869","","Suresh Acharya","Aarush Creation","Birendranagar-3, Surkhet, Nepal","Surkhet","Bheri","21700","Nepal","info@suresha.com.np","+977.9858051869","","","","","","","","","","","","dns1.himalayanwebinfo.com","dns2.himalayanwebinfo.com","dns3.himalayanwebinfo.com","dns4.himalayanwebinfo.com","clientTransferProhibited","","",""
"103","satyapatrika.com","2020-05-13 10:54:16","2020-05-11","2020-05-11","2021-05-11","303","PDR Ltd. d/b/a PublicDomainRegistry.com","whois.publicdomainregistry.com","http://www.publicdomainregistry.com","Suresh Acharya","Aarush Creation","Birendranagar-3, Surkhet, Nepal","Surkhet","Bheri","21700","Nepal","info@suresha.com.np","+977.9858051869","","Suresh Acharya","Aarush Creation","Birendranagar-3, Surkhet, Nepal","Surkhet","Bheri","21700","Nepal","info@suresha.com.np","+977.9858051869","","Suresh Acharya","Aarush Creation","Birendranagar-3, Surkhet, Nepal","Surkhet","Bheri","21700","Nepal","info@suresha.com.np","+977.9858051869","","","","","","","","","","","","dns1.aarushcreation.com","dns2.aarushcreation.com","","","clientTransferProhibited","","",""
"104","scholarsessay.com","2020-05-13 19:38:24","2020-05-12","2020-05-12","2021-05-12","625","Name.com, Inc.","whois.name.com","http://www.name.com","Nirajan Bom Malla","Surfmandu Ptv Ltd","Lazimpat","Kathmandu","Bagmati","9348","Nepal","enbeeone3@outlook.com","+977.9851088816","","Nirajan Bom Malla","Surfmandu Ptv Ltd","Lazimpat","Kathmandu","Bagmati","9348","Nepal","enbeeone3@hotmail.com","+977.9851088816","","Nirajan Bom Malla","Surfmandu Ptv Ltd","Lazimpat","Kathmandu","Bagmati","9348","Nepal","enbeeone3@hotmail.com","+977.9851088816","","","","","","","","","","","","ns1hwy.name.com","ns2fln.name.com","ns3jkl.name.com","ns4hmp.name.com","addPeriod","clientTransferProhibited","",""
"105","sikaighar.com","2020-05-13 10:57:00","2020-05-11","2020-05-11","2021-05-11","303","PDR Ltd. d/b/a PublicDomainRegistry.com","whois.publicdomainregistry.com","http://www.publicdomainregistry.com","Prakash Gautam","","Makwanpur","Makwanpur","Bagmati","44700","Nepal","meroprakash@gmail.com","+977.9841625076","","Prakash Gautam","","Makwanpur","Makwanpur","Bagmati","44700","Nepal","meroprakash@gmail.com","+977.9841625076","","Prakash Gautam","","Makwanpur","Makwanpur","Bagmati","44700","Nepal","meroprakash@gmail.com","+977.9841625076","","","","","","","","","","","","dns3.thulo.com","dns4.thulo.com","","","clientTransferProhibited","","",""
"106","sikaikhabar.com","2020-05-13 09:58:33","2020-05-10","2020-05-10","2021-05-10","303","PDR Ltd. d/b/a PublicDomainRegistry.com","whois.publicdomainregistry.com","http://www.publicdomainregistry.com","Chudamani shrestha","","New baneshwor","kathmandu","Bagmati","44600","Nepal","manjil_shre@yahoo.com","+977.9849815297","","Chudamani shrestha","","New baneshwor","kathmandu","Bagmati","44600","Nepal","manjil_shre@yahoo.com","+977.9849815297","","Chudamani shrestha","","New baneshwor","kathmandu","Bagmati","44600","Nepal","manjil_shre@yahoo.com","+977.9849815297","","","","","","","","","","","","bill.ns.cloudflare.com","tricia.ns.cloudflare.com","","","clientTransferProhibited","","",""
"107","softdaraz.com","2020-05-13 10:06:03","2020-05-10","2020-05-10","2021-05-10","303","PDR Ltd. d/b/a PublicDomainRegistry.com","whois.publicdomainregistry.com","http://www.publicdomainregistry.com","Ananda Maharjan","Itech OS Nepal","Balkhu","Kathmandu","Bagmati","44600","Nepal","escanananda@gmail.com","+977.9851010409","","Ananda Maharjan","Itech OS Nepal","Balkhu","Kathmandu","Bagmati","44600","Nepal","escanananda@gmail.com","+977.9851010409","","Ananda Maharjan","Itech OS Nepal","Balkhu","Kathmandu","Bagmati","44600","Nepal","escanananda@gmail.com","+977.9851010409","","","","","","","","","","","","ns50.prabhuhost.com","ns51.prabhuhost.com","","","clientTransferProhibited","","",""
"108","ssnmart.com","2020-05-13 07:39:26","2020-05-11","2020-05-11","2021-05-11","303","PDR Ltd. d/b/a PublicDomainRegistry.com","whois.publicdomainregistry.com","http://www.publicdomainregistry.com","ishwor","Style Station Nepal","teku","Kathmandu","Bagmati","44600","Nepal","handmadelove19@gmail.com","+977.9841149731","","ishwor","Style Station Nepal","teku","Kathmandu","Bagmati","44600","Nepal","handmadelove19@gmail.com","+977.9841149731","","ishwor","Style Station Nepal","teku","Kathmandu","Bagmati","44600","Nepal","handmadelove19@gmail.com","+977.9841149731","","","","","","","","","","","","dns3.parkpage.foundationapi.com","dns4.parkpage.foundationapi.com","","","clientTransferProhibited","","",""
"109","sunnekatha.com","2020-05-13 21:05:42","2020-05-12","2020-05-12","2022-05-12","625","Name.com, Inc.","whois.name.com","http://www.name.com","Kamal Kumar","Kamal Kumar Lamichhane","Shantabhawan Height-3, Sanepa","Kathmandu","Kathmandu","977","Nepal","kamalkumarlmc@gmail.com","+977.5549590x108","","Kamal Kumar","Kamal Kumar Lamichhane","Shantabhawan Height-3, Sanepa","Kathmandu","Kathmandu","977","Nepal","kamalkumarlmc@gmail.com","+977.5549590x108","","Kamal Kumar","Kamal Kumar Lamichhane","Shantabhawan Height-3, Sanepa","Kathmandu","Kathmandu","977","Nepal","kamalkumarlmc@gmail.com","+977.5549590x108","","","","","","","","","","","","ns1.bluehost.com","ns2.bluehost.com","","","addPeriod","clientTransferProhibited","",""
"110","supob.com","2020-05-13 21:06:45","2020-05-12","2020-05-12","2021-05-12","303","PDR Ltd. d/b/a PublicDomainRegistry.com","whois.publicdomainregistry.com","http://www.publicdomainregistry.com","Buddha Manandhar","Success Business Pvt. Ltd.","Butwal-6, Hospital Line Rupandehi","Butwal","","32907","Nepal","successbusiness75@gmail.com","+977.9817133466","","Buddha Manandhar","Success Business Pvt. Ltd.","Butwal-6, Hospital Line Rupandehi","Butwal","","32907","Nepal","successbusiness75@gmail.com","+977.9817133466","","Buddha Manandhar","Success Business Pvt. Ltd.","Butwal-6, Hospital Line Rupandehi","Butwal","","32907","Nepal","successbusiness75@gmail.com","+977.9817133466","","","","","","","","","","","","ns41.namastehost.com","ns42.namastehost.com","","","clientTransferProhibited","","",""
"111","swankyrana.com","2020-05-13 07:06:56","2020-05-10","2020-05-10","2021-05-10","303","PDR Ltd. d/b/a PublicDomainRegistry.com","whois.publicdomainregistry.com","http://www.publicdomainregistry.com","Nikhil Thakuri","Bikers Nepal Pvt. Ltd.","Lazimpat","Kathmandu","Bagmati","44617","Nepal","info@bikersnepal.com","+977.9849213432","","Nikhil Thakuri","Bikers Nepal Pvt. Ltd.","Lazimpat","Kathmandu","Bagmati","44617","Nepal","info@bikersnepal.com","+977.9849213432","","Nikhil Thakuri","Bikers Nepal Pvt. Ltd.","Lazimpat","Kathmandu","Bagmati","44617","Nepal","info@bikersnepal.com","+977.9849213432","","","","","","","","","","","","ns1.offroadnepal.co","ns2.offroadnepal.co","","","clientTransferProhibited","","",""
"112","tajakhabarnepal.com","2020-05-13 10:00:34","2020-05-10","2020-05-10","2021-05-10","303","PDR Ltd. d/b/a PublicDomainRegistry.com","whois.publicdomainregistry.com","http://www.publicdomainregistry.com","Bhawesh Mandal","Websoft IT Nepal Pvt. Ltd.","Biratnagar","Biratnagar","Kosi","56600","Nepal","websoftitnepal@gmail.com","+977.9842278940","","Bhawesh Mandal","Websoft IT Nepal Pvt. Ltd.","Biratnagar","Biratnagar","Kosi","56600","Nepal","websoftitnepal@gmail.com","+977.9842278940","","Bhawesh Mandal","Websoft IT Nepal Pvt. Ltd.","Biratnagar","Biratnagar","Kosi","56600","Nepal","websoftitnepal@gmail.com","+977.9842278940","","","","","","","","","","","","ns1.websoftitnepal.com","ns2.websoftitnepal.com","","","clientTransferProhibited","","",""
"113","tattvamedia.com","2020-05-13 20:59:34","2020-05-12","2020-05-12","2021-05-12","1250","Trunkoz Technologies Pvt Ltd. d/b/a OwnRegistrar.com","whois.ownregistrar.com","http://www.ownregistrar.com","Kalash Shakya","TATTVA Media","RavibhawanNag marg","Kathmandu","Bagmati","254","Nepal","tattva.media@gmail.com","+977.9841406252","","Kalash Shakya","TATTVA Media","RavibhawanNag marg","Kathmandu","Bagmati","254","Nepal","tattva.media@gmail.com","+977-9841406252","","Kalash Shakya","TATTVA Media","RavibhawanNag marg","Kathmandu","Bagmati","254","Nepal","tattva.media@gmail.com","+977-9841406252","","","","","","","","","","","","uk1.ehostingserver.com","uk2.ehostingserver.com","","","OK","","",""
"114","telecomflow.com","2020-05-13 09:47:36","2020-05-10","2020-05-10","2021-05-10","625","Name.com, Inc.","whois.name.com","http://www.name.com","Rajendra Dulal","","Samakhusi","Kathmandu","Bagmati","44600","Nepal","rajendulal@gmail.com","+977.9851105858","","Rajendra Dulal","","Samakhusi","Kathmandu","Bagmati","44600","Nepal","rajendulal@gmail.com","+977.9851105858","","Rajendra Dulal","","Samakhusi","Kathmandu","Bagmati","44600","Nepal","rajendulal@gmail.com","+977.9851105858","","","","","","","","","","","","ns1qsy.name.com","ns2jrt.name.com","ns3nrz.name.com","ns4hny.name.com","addPeriod","clientTransferProhibited","",""
"115","thekathmandumasala.com","2020-05-13 10:05:33","2020-05-10","2020-05-10","2021-05-10","69","Tucows Domains Inc.","whois.tucows.com","http://domainhelp.opensrs.net","REDACTED FOR PRIVACY","REDACTED FOR PRIVACY","REDACTED FOR PRIVACY","REDACTED FOR PRIVACY","Bagmati","REDACTED FOR PRIVACY","Nepal","","REDACTED FOR PRIVACY","REDACTED FOR PRIVACY","REDACTED FOR PRIVACY","REDACTED FOR PRIVACY","REDACTED FOR PRIVACY","REDACTED FOR PRIVACY","REDACTED FOR PRIVACY","REDACTED FOR PRIVACY","REDACTED FOR PRIVACY","","REDACTED FOR PRIVACY","REDACTED FOR PRIVACY","REDACTED FOR PRIVACY","REDACTED FOR PRIVACY","REDACTED FOR PRIVACY","REDACTED FOR PRIVACY","REDACTED FOR PRIVACY","REDACTED FOR PRIVACY","REDACTED FOR PRIVACY","","REDACTED FOR PRIVACY","REDACTED FOR PRIVACY","","","","","","","","","","","elliot.ns.cloudflare.com","ivy.ns.cloudflare.com","","","clientTransferProhibited","clientUpdateProhibited","",""
"116","timesofalpha.com","2020-05-13 19:34:27","2020-05-12","2020-05-12","2021-05-12","1291","Crazy Domains FZ-LLC","whois.crazydomains.com","http://www.crazydomains.com","NAUMAN ALI","","KOTESHWOR-32","KATHMANDU","BAGMATI","44600","Nepal","nepify@gmail.com","+977.9861728469","","NAUMAN ALI","","KOTESHWOR-32","KATHMANDU","BAGMATI","44600","Nepal","nepify@gmail.com","+977.9861728469","","NAUMAN ALI","","KOTESHWOR-32","KATHMANDU","BAGMATI","44600","Nepal","nepify@gmail.com","+977.9861728469","","","","","","","","","","","","ns1.webpal.biz","ns2.webpal.biz","","","OK","","",""
"117","vidyarthiprakashan.com","2020-05-13 09:49:08","2020-05-10","2020-05-10","2021-05-10","303","PDR Ltd. d/b/a PublicDomainRegistry.com","whois.publicdomainregistry.com","http://www.publicdomainregistry.com","Dinesh Raj Karki","IT Villa Pvt Ltd","Putalisadak","Kathmandu","Bagmati","44600","Nepal","info.theitvilla@gmail.com","+977.9841139300","","Dinesh Raj Karki","IT Villa Pvt Ltd","Putalisadak","Kathmandu","Bagmati","44600","Nepal","info.theitvilla@gmail.com","+977.9841139300","","Dinesh Raj Karki","IT Villa Pvt Ltd","Putalisadak","Kathmandu","Bagmati","44600","Nepal","info.theitvilla@gmail.com","+977.9841139300","","","","","","","","","","","","dns3.parkpage.foundationapi.com","dns4.parkpage.foundationapi.com","","","clientTransferProhibited","","",""
"118","websitesewa.com","2020-05-13 11:10:17","2020-05-11","2020-05-11","2021-05-11","303","PDR Ltd. d/b/a PublicDomainRegistry.com","whois.publicdomainregistry.com","http://www.publicdomainregistry.com","Rohit Dahal","DR.Software","home ason","Kathmandu","Bagmati","44600","Nepal","rohitdahal@gmail.com","+977.14212257","","Rohit Dahal","DR.Software","home ason","Kathmandu","Bagmati","44600","Nepal","rohitdahal@gmail.com","+977.14212257","","Rohit Dahal","DR.Software","home ason","Kathmandu","Bagmati","44600","Nepal","rohitdahal@gmail.com","+977.14212257","","","","","","","","","","","","ns1.drsoftwarenepal.com","ns2.drsoftwarenepal.com","","","clientTransferProhibited","","",""
"119","wordpresshostingnepal.com","2020-05-13 06:59:43","2020-05-11","2020-05-11","2021-05-11","1291","Crazy Domains FZ-LLC","whois.crazydomains.com","http://www.crazydomains.com","PRAVIN ACHARYA","","BAKUWA","BARDIYA","BHERI","21900","Nepal","nepify@gmail.com","+977.9861728469","","PRAVIN ACHARYA","","BAKUWA","BARDIYA","BHERI","21900","Nepal","nepify@gmail.com","+977.9861728469","","PRAVIN ACHARYA","","BAKUWA","BARDIYA","BHERI","21900","Nepal","nepify@gmail.com","+977.9861728469","","","","","","","","","","","","ns1.webpal.biz","ns2.webpal.biz","","","OK","","",""
"120","writexiring.net","2020-05-14 00:06:36","2020-05-12","2020-05-12","2021-05-12","303","PDR Ltd. d/b/a PublicDomainRegistry.com","whois.publicdomainregistry.com","http://www.publicdomainregistry.com","Tshering Lama","","Pepsicola-35,Kathmandu","Kathamandu","Bagmati","00977","Nepal","lamatshering23@gmail.com","+977.047520601","","Tshering Lama","","Pepsicola-35,Kathmandu","Kathamandu","Bagmati","00977","Nepal","lamatshering23@gmail.com","+977.047520601","","Tshering Lama","","Pepsicola-35,Kathmandu","Kathamandu","Bagmati","00977","Nepal","lamatshering23@gmail.com","+977.047520601","","","","","","","","","","","","dns1.p05.nsone.net","dns2.p05.nsone.net","dns3.p05.nsone.net","dns4.p05.nsone.net","clientTransferProhibited","","",""
"121","yogpa.com","2020-05-13 09:04:06","2020-05-10","2020-05-10","2021-05-10","303","PDR Ltd. d/b/a PublicDomainRegistry.com","whois.publicdomainregistry.com","http://www.publicdomainregistry.com","Hum bahadur rayamajhi","merooclass","rainadevi chhahara kathmandu nepal","kthmandu","03","44600","Nepal","humrayamajhi123@gmail.com","+977.9846859931","","Hum bahadur rayamajhi","merooclass","rainadevi chhahara kathmandu nepal","kthmandu","03","44600","Nepal","humrayamajhi123@gmail.com","+977.9846859931","","Hum bahadur rayamajhi","merooclass","rainadevi chhahara kathmandu nepal","kthmandu","03","44600","Nepal","humrayamajhi123@gmail.com","+977.9846859931","","","","","","","","","","","","ns10.domaininnepal.com","ns11.domaininnepal.com","","","clientTransferProhibited","","",""