"num","domain_name","query_time","create_date","update_date","expiry_date","domain_registrar_id","domain_registrar_name","domain_registrar_whois","domain_registrar_url","registrant_name","registrant_company","registrant_address","registrant_city","registrant_state","registrant_zip","registrant_country","registrant_email","registrant_phone","registrant_fax","administrative_name","administrative_company","administrative_address","administrative_city","administrative_state","administrative_zip","administrative_country","administrative_email","administrative_phone","administrative_fax","technical_name","technical_company","technical_address","technical_city","technical_state","technical_zip","technical_country","technical_email","technical_phone","technical_fax","billing_name","billing_company","billing_address","billing_city","billing_state","billing_zip","billing_country","billing_email","billing_phone","billing_fax","name_server_1","name_server_2","name_server_3","name_server_4","domain_status_1","domain_status_2","domain_status_3","domain_status_4"
"1","82172113.com","2020-05-13 07:14:10","2020-05-11","2020-05-11","2021-05-11","146","GoDaddy.com, LLC","whois.godaddy.com","http://registrar.godaddy.com","MARROVESA / La Fortaleza Granada","MARROVESA / La Fortaleza Granada","","","Granada","","Nicaragua","","","","","","","","","","","","","","","","","","","","","","","","","","","","","","","","","","ns23.domaincontrol.com","ns24.domaincontrol.com","","","clientDeleteProhibited","clientRenewProhibited","clientTransferProhibited","clientUpdateProhibited"
"2","americancentersolar.com","2020-05-13 10:07:13","2020-05-10","2020-05-10","2021-05-10","146","GoDaddy.com, LLC","whois.godaddy.com","http://registrar.godaddy.com","","","","","managua","","Nicaragua","","","","","","","","","","","","","","","","","","","","","","","","","","","","","","","","","","ns308.banahosting.com","ns309.banahosting.com","","","clientDeleteProhibited","clientRenewProhibited","clientTransferProhibited","clientUpdateProhibited"
"3","babyfreshfruitpacifier.com","2020-05-13 07:46:12","2020-05-11","2020-05-11","2021-05-11","146","GoDaddy.com, LLC","whois.godaddy.com","http://registrar.godaddy.com","shopy777","shopy777","","","managua","","Nicaragua","","","","","","","","","","","","","","","","","","","","","","","","","","","","","","","","","","nancy.ns.cloudflare.com","rex.ns.cloudflare.com","","","clientDeleteProhibited","clientRenewProhibited","clientTransferProhibited","clientUpdateProhibited"
"4","beautyandfashionbar.com","2020-05-13 21:01:21","2020-05-12","2020-05-12","2021-05-12","146","GoDaddy.com, LLC","whois.godaddy.com","http://registrar.godaddy.com","","","","","Esteli","","Nicaragua","","","","","","","","","","","","","","","","","","","","","","","","","","","","","","","","","","ns65.domaincontrol.com","ns66.domaincontrol.com","","","clientDeleteProhibited","clientRenewProhibited","clientTransferProhibited","clientUpdateProhibited"
"5","condadosanesteban.com","2020-05-13 20:41:05","2020-05-11","2020-05-11","2021-05-11","146","GoDaddy.com, LLC","whois.godaddy.com","http://registrar.godaddy.com","","","","","Masaya","","Nicaragua","","","","","","","","","","","","","","","","","","","","","","","","","","","","","","","","","","ns6179.hostgator.com","ns6180.hostgator.com","","","clientDeleteProhibited","clientRenewProhibited","clientTransferProhibited","clientUpdateProhibited"
"6","emprendous.com","2020-05-13 19:48:03","2020-05-11","2020-05-11","2021-05-11","146","GoDaddy.com, LLC","whois.godaddy.com","http://registrar.godaddy.com","","","","","Fl","","Nicaragua","","","","","","","","","","","","","","","","","","","","","","","","","","","","","","","","","","ns09.domaincontrol.com","ns10.domaincontrol.com","","","clientDeleteProhibited","clientRenewProhibited","clientTransferProhibited","clientUpdateProhibited"
"7","innova-espacios.com","2020-05-13 09:34:05","2020-05-09","2020-05-09","2021-05-09","146","GoDaddy.com, LLC","whois.godaddy.com","http://registrar.godaddy.com","Lighthouse Consulting Group","Lighthouse Consulting Group","","","Managua","","Nicaragua","","","","","","","","","","","","","","","","","","","","","","","","","","","","","","","","","","ns45.domaincontrol.com","ns46.domaincontrol.com","","","clientDeleteProhibited","clientRenewProhibited","clientTransferProhibited","clientUpdateProhibited"
"8","invecomyt.com","2020-05-13 19:49:17","2020-05-11","2020-05-11","2021-05-11","146","GoDaddy.com, LLC","whois.godaddy.com","http://registrar.godaddy.com","MTC, SA","MTC, SA","","","Managua","","Nicaragua","","","","","","","","","","","","","","","","","","","","","","","","","","","","","","","","","","ns25.domaincontrol.com","ns26.domaincontrol.com","","","clientDeleteProhibited","clientRenewProhibited","clientTransferProhibited","clientUpdateProhibited"
"9","lolasmakeup.com","2020-05-13 20:21:30","2020-05-12","2020-05-12","2021-05-12","303","PDR Ltd. d/b/a PublicDomainRegistry.com","whois.publicdomainregistry.com","http://www.publicdomainregistry.com","Jose Samper","Jose Samper","Villa Flor Norte, Managua; Nicaragua","managua","Managua","12345","Nicaragua","samperjr@gmail.com","+505.87257671","","Jose Samper","Jose Samper","Villa Flor Norte, Managua; Nicaragua","managua","Managua","12345","Nicaragua","samperjr@gmail.com","+505.87257671","","Jose Samper","Jose Samper","Villa Flor Norte, Managua; Nicaragua","managua","Managua","12345","Nicaragua","samperjr@gmail.com","+505.87257671","","","","","","","","","","","","ns1.dns-parking.com","ns2.dns-parking.com","","","clientTransferProhibited","","",""
"10","lookatonline.com","2020-05-13 10:12:14","2020-05-10","2020-05-10","2021-05-10","146","GoDaddy.com, LLC","whois.godaddy.com","http://registrar.godaddy.com","","","","","Fl","","Nicaragua","","","","","","","","","","","","","","","","","","","","","","","","","","","","","","","","","","ns45.domaincontrol.com","ns46.domaincontrol.com","","","clientDeleteProhibited","clientRenewProhibited","clientTransferProhibited","clientUpdateProhibited"
"11","losranchosonline.com","2020-05-13 20:27:21","2020-05-11","2020-05-11","2021-05-11","146","GoDaddy.com, LLC","whois.godaddy.com","http://registrar.godaddy.com","","","","","Fl","","Nicaragua","","","","","","","","","","","","","","","","","","","","","","","","","","","","","","","","","","ns25.domaincontrol.com","ns26.domaincontrol.com","","","clientDeleteProhibited","clientRenewProhibited","clientTransferProhibited","clientUpdateProhibited"
"12","losranchosweb.com","2020-05-13 20:26:04","2020-05-11","2020-05-11","2021-05-11","146","GoDaddy.com, LLC","whois.godaddy.com","http://registrar.godaddy.com","","","","","Fl","","Nicaragua","","","","","","","","","","","","","","","","","","","","","","","","","","","","","","","","","","ns09.domaincontrol.com","ns10.domaincontrol.com","","","clientDeleteProhibited","clientRenewProhibited","clientTransferProhibited","clientUpdateProhibited"
"13","opticasantodomingo.com","2020-05-13 09:30:20","2020-05-09","2020-05-09","2021-05-09","146","GoDaddy.com, LLC","whois.godaddy.com","http://registrar.godaddy.com","Personal","Personal","","","Managua","","Nicaragua","","","","","","","","","","","","","","","","","","","","","","","","","","","","","","","","","","ns27.domaincontrol.com","ns28.domaincontrol.com","","","clientDeleteProhibited","clientRenewProhibited","clientTransferProhibited","clientUpdateProhibited"
"14","solucion-estrategica.com","2020-05-13 07:39:49","2020-05-11","2020-05-11","2021-05-11","625","Name.com, Inc.","whois.name.com","http://www.name.com","Gustavo Lopez","Desarrollo tu Web","Bo Mons Lezcano , Futec Industrial Media al Norte","Managua","Managua","11505","Nicaragua","glkingsing@turbonett.com","+505.22536317","+505.88381607","Gustavo Lopez","Desarrollo tu Web","Bo Mons Lezcano , Futec Industrial Media al Norte","Managua","Managua","11505","Nicaragua","glkingsing@turbonett.com","+505.22536317","+505.88381607","Gustavo Lopez","Desarrollo tu Web","Bo Mons Lezcano , Futec Industrial Media al Norte","Managua","Managua","11505","Nicaragua","glkingsing@turbonett.com","+505.22536317","+505.88381607","","","","","","","","","","","ns1.desarrollotuweb.com","ns2.desarrollotuweb.com","","","addPeriod","clientTransferProhibited","",""
"15","strategicandsolution.com","2020-05-13 07:46:20","2020-05-11","2020-05-11","2021-05-11","625","Name.com, Inc.","whois.name.com","http://www.name.com","Gustavo Lopez","Desarrollo tu Web","Bo Mons Lezcano , Futec Industrial Media al Norte","Managua","Managua","11505","Nicaragua","glkingsing@turbonett.com","+505.22536317","+505.88381607","Gustavo Lopez","Desarrollo tu Web","Bo Mons Lezcano , Futec Industrial Media al Norte","Managua","Managua","11505","Nicaragua","glkingsing@turbonett.com","+505.22536317","+505.88381607","Gustavo Lopez","Desarrollo tu Web","Bo Mons Lezcano , Futec Industrial Media al Norte","Managua","Managua","11505","Nicaragua","glkingsing@turbonett.com","+505.22536317","+505.88381607","","","","","","","","","","","ns1djs.name.com","ns2dhj.name.com","ns3fgq.name.com","ns4dls.name.com","addPeriod","clientTransferProhibited","",""
"16","thelookat.com","2020-05-13 10:13:47","2020-05-10","2020-05-10","2021-05-10","146","GoDaddy.com, LLC","whois.godaddy.com","http://registrar.godaddy.com","","","","","Fl","","Nicaragua","","","","","","","","","","","","","","","","","","","","","","","","","","","","","","","","","","ns63.domaincontrol.com","ns64.domaincontrol.com","","","clientDeleteProhibited","clientRenewProhibited","clientTransferProhibited","clientUpdateProhibited"
"17","tripstreetwear.com","2020-05-13 20:46:53","2020-05-11","2020-05-11","2022-05-11","146","GoDaddy.com, LLC","whois.godaddy.com","http://registrar.godaddy.com","","","","","Esteli","","Nicaragua","","","","","","","","","","","","","","","","","","","","","","","","","","","","","","","","","","ns65.domaincontrol.com","ns66.domaincontrol.com","","","clientDeleteProhibited","clientRenewProhibited","clientTransferProhibited","clientUpdateProhibited"
"18","ver-estrenos.com","2020-05-13 10:07:18","2020-05-10","2020-05-10","2021-05-10","146","GoDaddy.com, LLC","whois.godaddy.com","http://registrar.godaddy.com","","","","","managua","","Nicaragua","","","","","","","","","","","","","","","","","","","","","","","","","","","","","","","","","","charles.ns.cloudflare.com","maya.ns.cloudflare.com","","","clientDeleteProhibited","clientRenewProhibited","clientTransferProhibited","clientUpdateProhibited"
"19","xintiandinicaragua.com","2020-05-13 10:54:40","2020-05-11","2020-05-11","2021-05-11","303","PDR Ltd. d/b/a PublicDomainRegistry.com","whois.publicdomainregistry.com","http://www.publicdomainregistry.com","Info Hdweb","Hdwebnicaragua.com","Managua","Managua","Managua","00000","Nicaragua","info@hdwebnicaragua.com","+505.644477864","","Info Hdweb","Hdwebnicaragua.com","Managua","Managua","Managua","00000","Nicaragua","info@hdwebnicaragua.com","+505.644477864","","Info Hdweb","Hdwebnicaragua.com","Managua","Managua","Managua","00000","Nicaragua","info@hdwebnicaragua.com","+505.644477864","","","","","","","","","","","","ns1.mihosting.net","ns2.mihosting.net","ns3.mihosting.net","","clientTransferProhibited","","",""