"num","domain_name","query_time","create_date","update_date","expiry_date","domain_registrar_id","domain_registrar_name","domain_registrar_whois","domain_registrar_url","registrant_name","registrant_company","registrant_address","registrant_city","registrant_state","registrant_zip","registrant_country","registrant_email","registrant_phone","registrant_fax","administrative_name","administrative_company","administrative_address","administrative_city","administrative_state","administrative_zip","administrative_country","administrative_email","administrative_phone","administrative_fax","technical_name","technical_company","technical_address","technical_city","technical_state","technical_zip","technical_country","technical_email","technical_phone","technical_fax","billing_name","billing_company","billing_address","billing_city","billing_state","billing_zip","billing_country","billing_email","billing_phone","billing_fax","name_server_1","name_server_2","name_server_3","name_server_4","domain_status_1","domain_status_2","domain_status_3","domain_status_4"
"1","10xenglishpowerspeaking.com","2020-05-13 10:59:26","2020-05-11","2020-05-11","2021-05-11","146","GoDaddy.com, LLC","whois.godaddy.com","http://registrar.godaddy.com","Minimus Digital Marketing Services LLC","Minimus Digital Marketing Services LLC","","","Muscat","","Oman","","","","","","","","","","","","","","","","","","","","","","","","","","","","","","","","","","ns1.directorysecure.com","ns2.directorysecure.com","","","clientDeleteProhibited","clientRenewProhibited","clientTransferProhibited","clientUpdateProhibited"
"2","airtelbd.net","2020-05-13 19:09:23","2020-05-12","2020-05-12","2021-05-12","303","PDR Ltd. d/b/a PublicDomainRegistry.com","whois.publicdomainregistry.com","http://www.publicdomainregistry.com","Masum sarker","","Oman","Muscat","Oman","111","Oman","masumsarkar110@gmail.com","+968.92276959","","Masum sarker","","Oman","Muscat","Oman","111","Oman","masumsarkar110@gmail.com","+968.92276959","","Masum sarker","","Oman","Muscat","Oman","111","Oman","masumsarkar110@gmail.com","+968.92276959","","","","","","","","","","","","ns1.i2hostingsolution.com","ns2.i2hostingsolution.com","","","clientTransferProhibited","","",""
"3","albasmashopping.com","2020-05-13 10:56:46","2020-05-11","2020-05-11","2021-05-11","146","GoDaddy.com, LLC","whois.godaddy.com","http://registrar.godaddy.com","Smarts Solutions","Smarts Solutions","","","Mussanah","","Oman","","","","","","","","","","","","","","","","","","","","","","","","","","","","","","","","","","ns07.domaincontrol.com","ns08.domaincontrol.com","","","clientDeleteProhibited","clientRenewProhibited","clientTransferProhibited","clientUpdateProhibited"
"4","almamaritra.com","2020-05-13 09:40:31","2020-05-09","2020-05-09","2021-05-09","955","Launchpad, Inc.","whois.launchpad.com","http://www.launchpad.com","omar almamari","None","Musqat 1","Muscat","MA","115","Oman","omaralmamari@gmail.com","+968.95508016","","omar almamari","None","Musqat 1","Muscat","MA","115","Oman","omaralmamari@gmail.com","+968.95508016","","omar almamari","None","Musqat 1","Muscat","MA","115","Oman","omaralmamari@gmail.com","+968.95508016","","","","","","","","","","","","ns8329.hostgator.com","ns8330.hostgator.com","","","clientTransferProhibited","","",""
"5","amarapplicationoman.com","2020-05-13 09:30:32","2020-05-09","2020-05-10","2021-05-09","69","Tucows Domains Inc.","whois.tucows.com","http://domainhelp.opensrs.net","REDACTED FOR PRIVACY","REDACTED FOR PRIVACY","REDACTED FOR PRIVACY","REDACTED FOR PRIVACY","REDACTED FOR PRIVACY","REDACTED FOR PRIVACY","Oman","","REDACTED FOR PRIVACY","REDACTED FOR PRIVACY","REDACTED FOR PRIVACY","REDACTED FOR PRIVACY","REDACTED FOR PRIVACY","REDACTED FOR PRIVACY","REDACTED FOR PRIVACY","REDACTED FOR PRIVACY","REDACTED FOR PRIVACY","","REDACTED FOR PRIVACY","REDACTED FOR PRIVACY","REDACTED FOR PRIVACY","REDACTED FOR PRIVACY","REDACTED FOR PRIVACY","REDACTED FOR PRIVACY","REDACTED FOR PRIVACY","REDACTED FOR PRIVACY","REDACTED FOR PRIVACY","","REDACTED FOR PRIVACY","REDACTED FOR PRIVACY","","","","","","","","","","","ns1.amarapplicationoman.com","ns2.amarapplicationoman.com","","","OK","","",""
"6","beintheknowbyvidz.com","2020-05-13 09:03:37","2020-05-10","2020-05-10","2021-05-10","106","Ascio Technologies, Inc. Danmark - Filial af Ascio technologies, Inc. USA","whois.ascio.com","http://www.ascio.com","Not Disclosed","Not Disclosed","Not Disclosed","Not Disclosed","","Not Disclosed","Oman","","Not Disclosed","Not Disclosed","Not Disclosed","Not Disclosed","Not Disclosed","Not Disclosed","Not Disclosed","Not Disclosed","Not Disclosed","","Not Disclosed","Not Disclosed","Not Disclosed","Not Disclosed","Not Disclosed","Not Disclosed","Not Disclosed","Not Disclosed","Not Disclosed","","Not Disclosed","Not Disclosed","","","","","","","","","","","dns1.123hjemmeside.dk","dns2.123hjemmeside.dk","dns3.123hjemmeside.dk","","OK","","",""
"7","cecduqm.com","2020-05-13 09:04:15","2020-05-10","2020-05-10","2021-05-10","106","Ascio Technologies, Inc. Danmark - Filial af Ascio technologies, Inc. USA","whois.ascio.com","http://www.ascio.com","Not Disclosed","Not Disclosed","Not Disclosed","Not Disclosed","","Not Disclosed","Oman","","Not Disclosed","Not Disclosed","Not Disclosed","Not Disclosed","Not Disclosed","Not Disclosed","Not Disclosed","Not Disclosed","Not Disclosed","","Not Disclosed","Not Disclosed","Not Disclosed","Not Disclosed","Not Disclosed","Not Disclosed","Not Disclosed","Not Disclosed","Not Disclosed","","Not Disclosed","Not Disclosed","","","","","","","","","","","dns1.123hjemmeside.dk","dns2.123hjemmeside.dk","dns3.123hjemmeside.dk","","OK","","",""
"8","clickvinteract.com","2020-05-13 07:06:45","2020-05-10","2020-05-10","2021-05-10","146","GoDaddy.com, LLC","whois.godaddy.com","http://registrar.godaddy.com","","","","","Oman","","Oman","","","","","","","","","","","","","","","","","","","","","","","","","","","","","","","","","","hayes.ns.cloudflare.com","michelle.ns.cloudflare.com","","","clientDeleteProhibited","clientRenewProhibited","clientTransferProhibited","clientUpdateProhibited"
"9","cloobtv.com","2020-05-13 09:15:31","2020-05-09","2020-05-09","2021-05-09","146","GoDaddy.com, LLC","whois.godaddy.com","http://registrar.godaddy.com","","","","","Oman","","Oman","","","","","","","","","","","","","","","","","","","","","","","","","","","","","","","","","","ns1.cloobtv.com","ns2.cloobtv.com","","","clientDeleteProhibited","clientRenewProhibited","clientTransferProhibited","clientUpdateProhibited"
"10","cloudpolyclinic.com","2020-05-13 09:59:46","2020-05-10","2020-05-10","2021-05-10","146","GoDaddy.com, LLC","whois.godaddy.com","http://registrar.godaddy.com","Cloud polyclinic","Cloud polyclinic","","","Muscat","","Oman","","","","","","","","","","","","","","","","","","","","","","","","","","","","","","","","","","ns63.domaincontrol.com","ns64.domaincontrol.com","","","clientDeleteProhibited","clientRenewProhibited","clientTransferProhibited","clientUpdateProhibited"
"11","dukaku.com","2020-05-13 10:02:08","2020-05-10","2020-05-10","2022-05-10","1154","FastDomain Inc.","whois.fastdomain.com","http://www.fastdomain.com","KHALFAN ALI AHMED AL BUSAIDI","AMALCARE","ALGHUBRA PO BOX 1072 CODE 320","AL GHUBRA","","320","Oman","khalfan@kulshai.com","+968.93335073","","KHALFAN ALI AHMED AL BUSAIDI","AMALCARE","ALGHUBRA PO BOX 1072 CODE 320","AL GHUBRA","","320","Oman","khalfan@kulshai.com","+968.93335073","","BLUEHOST INC","BLUEHOST.COM","550 E TIMPANOGOS PKWY","OREM","UTAH","84097","United States","domain@redl.ca","+1.8017659400","+1.8017651992","","","","","","","","","","","ns1.bluehost.com","ns2.bluehost.com","","","clientTransferProhibited","","",""
"12","dunesoman.com","2020-05-13 08:29:35","2020-05-10","2020-05-10","2021-05-10","303","PDR Ltd. d/b/a PublicDomainRegistry.com","whois.publicdomainregistry.com","http://www.publicdomainregistry.com","Balaji","DUNES OMAN LLC","Salalah","Salalah","Salalah","211","Oman","ajithgani@gmail.com","+968.78053290","","Balaji","DUNES OMAN LLC","Salalah","Salalah","Salalah","211","Oman","ajithgani@gmail.com","+968.78053290","","Balaji","DUNES OMAN LLC","Salalah","Salalah","Salalah","211","Oman","ajithgani@gmail.com","+968.78053290","","","","","","","","","","","","dns3.parkpage.foundationapi.com","dns4.parkpage.foundationapi.com","","","clientTransferProhibited","","",""
"13","elsonbright.com","2020-05-13 11:06:39","2020-05-11","2020-05-11","2022-05-11","146","GoDaddy.com, LLC","whois.godaddy.com","http://registrar.godaddy.com","","","","","muscat","","Oman","","","","","","","","","","","","","","","","","","","","","","","","","","","","","","","","","","ns13.domaincontrol.com","ns14.domaincontrol.com","","","clientDeleteProhibited","clientRenewProhibited","clientTransferProhibited","clientUpdateProhibited"
"14","fbr-oman.com","2020-05-13 20:45:36","2020-05-12","2020-05-12","2021-05-12","303","PDR Ltd. d/b/a PublicDomainRegistry.com","whois.publicdomainregistry.com","http://www.publicdomainregistry.com","saeid al habsi","fastdataoman","alseeb muscat null null","muscat","2629","123","Oman","fast1.biz@gmail.com","+968.95529744","","saeid al habsi","fastdataoman","alseeb muscat null null","muscat","2629","123","Oman","fast1.biz@gmail.com","+968.95529744","","saeid al habsi","fastdataoman","alseeb muscat null null","muscat","2629","123","Oman","fast1.biz@gmail.com","+968.95529744","","","","","","","","","","","","ns1.rs002.webhostbox.net","ns2.rs002.webhostbox.net","","","clientTransferProhibited","","",""
"15","fitnesscheeta.com","2020-05-13 09:12:14","2020-05-09","2020-05-09","2021-05-09","146","GoDaddy.com, LLC","whois.godaddy.com","http://registrar.godaddy.com","","","","","muscat","","Oman","","","","","","","","","","","","","","","","","","","","","","","","","","","","","","","","","","ns75.domaincontrol.com","ns76.domaincontrol.com","","","clientDeleteProhibited","clientRenewProhibited","clientTransferProhibited","clientUpdateProhibited"
"16","gallerycoupon.com","2020-05-13 07:57:11","2020-05-11","2020-05-11","2021-05-11","303","PDR Ltd. d/b/a PublicDomainRegistry.com","whois.publicdomainregistry.com","http://www.publicdomainregistry.com","Mohamed Elkomy","Mohamed Elkomy","6 Al rabe3 villa , al saadha , salalah","Oman","Salalah","211","Oman","gm25582@gmail.com","+968.93577497","","Mohamed Elkomy","Mohamed Elkomy","6 Al rabe3 villa , al saadha , salalah","Oman","Salalah","211","Oman","gm25582@gmail.com","+968.93577497","","Mohamed Elkomy","Mohamed Elkomy","6 Al rabe3 villa , al saadha , salalah","Oman","Salalah","211","Oman","gm25582@gmail.com","+968.93577497","","","","","","","","","","","","ns1.dns-parking.com","ns2.dns-parking.com","","","clientTransferProhibited","","",""
"17","gulfartoman.com","2020-05-13 09:35:00","2020-05-09","2020-05-09","2021-05-09","146","GoDaddy.com, LLC","whois.godaddy.com","http://registrar.godaddy.com","","","","","muscat","","Oman","","","","","","","","","","","","","","","","","","","","","","","","","","","","","","","","","","ns63.domaincontrol.com","ns64.domaincontrol.com","","","clientDeleteProhibited","clientRenewProhibited","clientTransferProhibited","clientUpdateProhibited"
"18","haaanddal.com","2020-05-13 20:31:58","2020-05-11","2020-05-11","2021-05-11","146","GoDaddy.com, LLC","whois.godaddy.com","http://registrar.godaddy.com","","","","","muscat","","Oman","","","","","","","","","","","","","","","","","","","","","","","","","","","","","","","","","","ns31.domaincontrol.com","ns32.domaincontrol.com","","","clientDeleteProhibited","clientRenewProhibited","clientTransferProhibited","clientUpdateProhibited"
"19","hotelsheetsforall.com","2020-05-13 08:05:48","2020-05-10","2020-05-10","2021-05-10","146","GoDaddy.com, LLC","whois.godaddy.com","http://registrar.godaddy.com","Grande Maison","Grande Maison","","","Oregon","","Oman","","","","","","","","","","","","","","","","","","","","","","","","","","","","","","","","","","ns39.domaincontrol.com","ns40.domaincontrol.com","","","clientDeleteProhibited","clientRenewProhibited","clientTransferProhibited","clientUpdateProhibited"
"20","jabershbibi.com","2020-05-13 21:11:28","2020-05-12","2020-05-12","2021-05-12","106","Ascio Technologies, Inc. Danmark - Filial af Ascio technologies, Inc. USA","whois.ascio.com","http://www.ascio.com","Not Disclosed","Not Disclosed","Not Disclosed","Not Disclosed","","Not Disclosed","Oman","","Not Disclosed","Not Disclosed","Not Disclosed","Not Disclosed","Not Disclosed","Not Disclosed","Not Disclosed","Not Disclosed","Not Disclosed","","Not Disclosed","Not Disclosed","Not Disclosed","Not Disclosed","Not Disclosed","Not Disclosed","Not Disclosed","Not Disclosed","Not Disclosed","","Not Disclosed","Not Disclosed","","","","","","","","","","","dns1.123hjemmeside.dk","dns2.123hjemmeside.dk","dns3.123hjemmeside.dk","","OK","","",""
"21","justvlab.com","2020-05-13 09:35:09","2020-05-09","2020-05-09","2021-05-09","146","GoDaddy.com, LLC","whois.godaddy.com","http://registrar.godaddy.com","","","","","muscat","","Oman","","","","","","","","","","","","","","","","","","","","","","","","","","","","","","","","","","ns27.domaincontrol.com","ns28.domaincontrol.com","","","clientDeleteProhibited","clientRenewProhibited","clientTransferProhibited","clientUpdateProhibited"
"22","kaydaveluxuryhat.com","2020-05-13 19:38:44","2020-05-12","2020-05-12","2021-05-12","146","GoDaddy.com, LLC","whois.godaddy.com","http://registrar.godaddy.com","kaydaveluxuryhat.com","kaydaveluxuryhat.com","","","Oman","","Oman","","","","","","","","","","","","","","","","","","","","","","","","","","","","","","","","","","ns31.domaincontrol.com","ns32.domaincontrol.com","","","clientDeleteProhibited","clientRenewProhibited","clientTransferProhibited","clientUpdateProhibited"
"23","kinghaima.com","2020-05-13 20:54:18","2020-05-12","2020-05-12","2021-05-12","420","HiChina Zhicheng Technology Limited","grs-whois.hichina.com","http://www.net.cn","","","","","Macao","","Oman","","","","","","","","","","","","","","","","","","","","","","","","","","","","","","","","","","dns27.hichina.com","dns28.hichina.com","","","OK","","",""
"24","lavaliaahomes.com","2020-05-13 10:58:24","2020-05-11","2020-05-11","2021-05-11","146","GoDaddy.com, LLC","whois.godaddy.com","http://registrar.godaddy.com","","","","","dhofar","","Oman","","","","","","","","","","","","","","","","","","","","","","","","","","","","","","","","","","ns27.domaincontrol.com","ns28.domaincontrol.com","","","clientDeleteProhibited","clientRenewProhibited","clientTransferProhibited","clientUpdateProhibited"
"25","lavaliaahotels.com","2020-05-13 10:58:22","2020-05-11","2020-05-11","2021-05-11","146","GoDaddy.com, LLC","whois.godaddy.com","http://registrar.godaddy.com","","","","","dhofar","","Oman","","","","","","","","","","","","","","","","","","","","","","","","","","","","","","","","","","ns13.domaincontrol.com","ns14.domaincontrol.com","","","clientDeleteProhibited","clientRenewProhibited","clientTransferProhibited","clientUpdateProhibited"
"26","lavaliaajewellery.com","2020-05-13 10:02:45","2020-05-10","2020-05-10","2021-05-10","146","GoDaddy.com, LLC","whois.godaddy.com","http://registrar.godaddy.com","","","","","dhofar","","Oman","","","","","","","","","","","","","","","","","","","","","","","","","","","","","","","","","","ns45.domaincontrol.com","ns46.domaincontrol.com","","","clientDeleteProhibited","clientRenewProhibited","clientTransferProhibited","clientUpdateProhibited"
"27","montcaffe.com","2020-05-13 11:01:48","2020-05-11","2020-05-11","2022-05-11","146","GoDaddy.com, LLC","whois.godaddy.com","http://registrar.godaddy.com","CAMS SQU","CAMS SQU","","","Muscat","","Oman","","","","","","","","","","","","","","","","","","","","","","","","","","","","","","","","","","ns23.domaincontrol.com","ns24.domaincontrol.com","","","clientDeleteProhibited","clientRenewProhibited","clientTransferProhibited","clientUpdateProhibited"
"28","montoman.com","2020-05-13 07:00:41","2020-05-11","2020-05-11","2022-05-11","146","GoDaddy.com, LLC","whois.godaddy.com","http://registrar.godaddy.com","CAMS SQU","CAMS SQU","","","Muscat","","Oman","","","","","","","","","","","","","","","","","","","","","","","","","","","","","","","","","","ns13.domaincontrol.com","ns14.domaincontrol.com","","","clientDeleteProhibited","clientRenewProhibited","clientTransferProhibited","clientUpdateProhibited"
"29","muaawanaoman.com","2020-05-13 09:05:36","2020-05-10","2020-05-10","2021-05-10","146","GoDaddy.com, LLC","whois.godaddy.com","http://registrar.godaddy.com","","","","","muscat","","Oman","","","","","","","","","","","","","","","","","","","","","","","","","","","","","","","","","","pdns09.domaincontrol.com","pdns10.domaincontrol.com","","","clientDeleteProhibited","clientRenewProhibited","clientTransferProhibited","clientUpdateProhibited"
"30","muscatbusinesses.com","2020-05-13 08:12:18","2020-05-10","2020-05-10","2021-05-10","146","GoDaddy.com, LLC","whois.godaddy.com","http://registrar.godaddy.com","","","","","matrah","","Oman","","","","","","","","","","","","","","","","","","","","","","","","","","","","","","","","","","ns27.domaincontrol.com","ns28.domaincontrol.com","","","clientDeleteProhibited","clientRenewProhibited","clientTransferProhibited","clientUpdateProhibited"
"31","muscatmask.com","2020-05-13 21:02:36","2020-05-12","2020-05-12","2021-05-12","146","GoDaddy.com, LLC","whois.godaddy.com","http://registrar.godaddy.com","muscatmasks","muscatmasks","","","Medinat Sultan Qaboos","","Oman","","","","","","","","","","","","","","","","","","","","","","","","","","","","","","","","","","ns27.domaincontrol.com","ns28.domaincontrol.com","","","clientDeleteProhibited","clientRenewProhibited","clientTransferProhibited","clientUpdateProhibited"
"32","panorama.travel","2020-05-13 22:21:09","2020-05-12","2020-05-12","2021-05-12","625","Name.com, Inc.","whois.name.com","http://www.name.com","Panorama Travels","Panorama Travels","","","Muscat","","Oman","","","","","","","","","","","","","","","","","","","","","","","","","","","","","","","","","","ns1.bluehost.com","ns2.bluehost.com","","","addPeriod","clientTransferProhibited","",""
"33","rationcom.com","2020-05-13 10:02:15","2020-05-10","2020-05-10","2021-05-10","146","GoDaddy.com, LLC","whois.godaddy.com","http://registrar.godaddy.com","","","","","611","","Oman","","","","","","","","","","","","","","","","","","","","","","","","","","","","","","","","","","ns75.domaincontrol.com","ns76.domaincontrol.com","","","clientDeleteProhibited","clientRenewProhibited","clientTransferProhibited","clientUpdateProhibited"
"34","safatravels.net","2020-05-14 00:08:15","2020-05-11","2020-05-11","2021-05-11","146","GoDaddy.com, LLC","whois.godaddy.com","http://registrar.godaddy.com","","","","","WUDAM","","Oman","","","","","","","","","","","","","","","","","","","","","","","","","","","","","","","","","","ns23.domaincontrol.com","ns24.domaincontrol.com","","","clientDeleteProhibited","clientRenewProhibited","clientTransferProhibited","clientUpdateProhibited"
"35","safatravelsoman.com","2020-05-13 09:54:04","2020-05-10","2020-05-10","2021-05-10","146","GoDaddy.com, LLC","whois.godaddy.com","http://registrar.godaddy.com","MAKKAH","MAKKAH","","","Al Batinah North Governorate","","Oman","","","","","","","","","","","","","","","","","","","","","","","","","","","","","","","","","","ns45.domaincontrol.com","ns46.domaincontrol.com","","","clientDeleteProhibited","clientRenewProhibited","clientTransferProhibited","clientUpdateProhibited"
"36","soasoman.com","2020-05-13 20:57:44","2020-05-12","2020-05-12","2021-05-12","146","GoDaddy.com, LLC","whois.godaddy.com","http://registrar.godaddy.com","","","","","Muscat Governorate","","Oman","","","","","","","","","","","","","","","","","","","","","","","","","","","","","","","","","","ns09.domaincontrol.com","ns10.domaincontrol.com","","","clientDeleteProhibited","clientRenewProhibited","clientTransferProhibited","clientUpdateProhibited"
"37","speedresourcetech.com","2020-05-13 20:45:35","2020-05-12","2020-05-12","2021-05-12","9","register.com, Inc.","whois.register.com","http://www.register.com","Awais Kamran","","House # 870, St # 8,i  Double Phatak, Kumhar Mand","Multan","Punab","60000","Oman","awais.kamran2017@gmail.com","+92.3336148194","","Awais Kamran","","House # 870, St # 8,i  Double Phatak, Kumhar Mand","Multan","Punab","60000","Oman","awais.kamran2017@gmail.com","+92.3336148194","","Tez host","","Ltd 1st Floor 370-372 Manchester Road","England","Oldham","OL97PG","United Kingdom","admin@tezhost.com","+92.518312631","","","","","","","","","","","","ns1.tezhost.com","ns2.tezhost.com","","","clientTransferProhibited","","",""
"38","stationeryoman.com","2020-05-13 10:58:08","2020-05-11","2020-05-11","2021-05-11","146","GoDaddy.com, LLC","whois.godaddy.com","http://registrar.godaddy.com","","","","","muscat","","Oman","","","","","","","","","","","","","","","","","","","","","","","","","","","","","","","","","","ns43.boxsecured.com","ns44.boxsecured.com","","","clientDeleteProhibited","clientRenewProhibited","clientTransferProhibited","clientUpdateProhibited"
"39","surgifts.com","2020-05-13 09:34:17","2020-05-09","2020-05-09","2021-05-09","146","GoDaddy.com, LLC","whois.godaddy.com","http://registrar.godaddy.com","Pukka Brands","Pukka Brands","","","Muscat","","Oman","","","","","","","","","","","","","","","","","","","","","","","","","","","","","","","","","","ns63.domaincontrol.com","ns64.domaincontrol.com","","","clientDeleteProhibited","clientRenewProhibited","clientTransferProhibited","clientUpdateProhibited"
"40","swiftlly.com","2020-05-13 10:00:34","2020-05-10","2020-05-10","2021-05-10","303","PDR Ltd. d/b/a PublicDomainRegistry.com","whois.publicdomainregistry.com","http://www.publicdomainregistry.com","Cirkle","","muscat","muscat","Masqat","132","Oman","shiv@cirkle-it.com","+968.24562693","","Cirkle","","muscat","muscat","Masqat","132","Oman","shiv@cirkle-it.com","+968.24562693","","Cirkle","","muscat","muscat","Masqat","132","Oman","shiv@cirkle-it.com","+968.24562693","","","","","","","","","","","","ns1.rhostbh.com","ns2.rhostbh.com","","","clientTransferProhibited","","",""
"41","thinkofnocrap.com","2020-05-13 09:32:22","2020-05-09","2020-05-09","2021-05-09","146","GoDaddy.com, LLC","whois.godaddy.com","http://registrar.godaddy.com","","","","","muscat","","Oman","","","","","","","","","","","","","","","","","","","","","","","","","","","","","","","","","","ns45.domaincontrol.com","ns46.domaincontrol.com","","","clientDeleteProhibited","clientRenewProhibited","clientTransferProhibited","clientUpdateProhibited"
"42","unitconference.com","2020-05-13 08:29:00","2020-05-10","2020-05-10","2021-05-10","146","GoDaddy.com, LLC","whois.godaddy.com","http://registrar.godaddy.com","","","","","Select a region","","Oman","","","","","","","","","","","","","","","","","","","","","","","","","","","","","","","","","","derek.ns.cloudflare.com","leia.ns.cloudflare.com","","","clientDeleteProhibited","clientRenewProhibited","clientTransferProhibited","clientUpdateProhibited"
"43","vodctask.com","2020-05-13 20:28:11","2020-05-11","2020-05-11","2021-05-11","106","Ascio Technologies, Inc. Danmark - Filial af Ascio technologies, Inc. USA","whois.ascio.com","http://www.ascio.com","Not Disclosed","Not Disclosed","Not Disclosed","Not Disclosed","","Not Disclosed","Oman","","Not Disclosed","Not Disclosed","Not Disclosed","Not Disclosed","Not Disclosed","Not Disclosed","Not Disclosed","Not Disclosed","Not Disclosed","","Not Disclosed","Not Disclosed","Not Disclosed","Not Disclosed","Not Disclosed","Not Disclosed","Not Disclosed","Not Disclosed","Not Disclosed","","Not Disclosed","Not Disclosed","","","","","","","","","","","dns1.123hjemmeside.dk","dns2.123hjemmeside.dk","dns3.123hjemmeside.dk","","OK","","",""
"44","yenkithills.com","2020-05-13 20:50:01","2020-05-12","2020-05-12","2022-05-12","146","GoDaddy.com, LLC","whois.godaddy.com","http://registrar.godaddy.com","YENKIT HILLS DEVELOPMENT L.L.C","YENKIT HILLS DEVELOPMENT L.L.C","","","MUSCAT","","Oman","","","","","","","","","","","","","","","","","","","","","","","","","","","","","","","","","","ns31.domaincontrol.com","ns32.domaincontrol.com","","","clientDeleteProhibited","clientRenewProhibited","clientTransferProhibited","clientUpdateProhibited"
"45","yewweb.com","2020-05-13 10:49:14","2020-05-10","2020-05-10","2021-05-10","146","GoDaddy.com, LLC","whois.godaddy.com","http://registrar.godaddy.com","","","","","Muscat Governorate","","Oman","","","","","","","","","","","","","","","","","","","","","","","","","","","","","","","","","","ns39.domaincontrol.com","ns40.domaincontrol.com","","","clientDeleteProhibited","clientRenewProhibited","clientTransferProhibited","clientUpdateProhibited"
"46","yusufkhatri.net","2020-05-14 00:05:40","2020-05-11","2020-05-11","2021-05-11","146","GoDaddy.com, LLC","whois.godaddy.com","http://registrar.godaddy.com","","","","","MH","","Oman","","","","","","","","","","","","","","","","","","","","","","","","","","","","","","","","","","ns23.domaincontrol.com","ns24.domaincontrol.com","","","clientDeleteProhibited","clientRenewProhibited","clientTransferProhibited","clientUpdateProhibited"