"num","domain_name","query_time","create_date","update_date","expiry_date","domain_registrar_id","domain_registrar_name","domain_registrar_whois","domain_registrar_url","registrant_name","registrant_company","registrant_address","registrant_city","registrant_state","registrant_zip","registrant_country","registrant_email","registrant_phone","registrant_fax","administrative_name","administrative_company","administrative_address","administrative_city","administrative_state","administrative_zip","administrative_country","administrative_email","administrative_phone","administrative_fax","technical_name","technical_company","technical_address","technical_city","technical_state","technical_zip","technical_country","technical_email","technical_phone","technical_fax","billing_name","billing_company","billing_address","billing_city","billing_state","billing_zip","billing_country","billing_email","billing_phone","billing_fax","name_server_1","name_server_2","name_server_3","name_server_4","domain_status_1","domain_status_2","domain_status_3","domain_status_4"
"1","11desetiembre.com","2020-05-13 20:54:17","2020-05-11","2020-05-11","2021-05-11","955","Launchpad, Inc.","whois.launchpad.com","http://www.launchpad.com","Rodrigo Ruiz Diaz","Peigriega","Gobernador Irala 1012","Asuncion","11","1119","Paraguay","yoyivera_91@hotmail.com","+595.21420444","","Rodrigo Ruiz Diaz","Peigriega","Gobernador Irala 1012","Asuncion","11","1119","Paraguay","yoyivera_91@hotmail.com","+595.21420444","","Rodrigo Ruiz Diaz","Peigriega","Gobernador Irala 1012","Asuncion","11","1119","Paraguay","yoyivera_91@hotmail.com","+595.21420444","","","","","","","","","","","","ns1.peigriega.com","ns2.peigriega.com","","","clientTransferProhibited","","",""
"2","24hrcanna.com","2020-05-13 08:29:17","2020-05-10","2020-05-10","2021-05-10","146","GoDaddy.com, LLC","whois.godaddy.com","http://registrar.godaddy.com","Godaddy","Godaddy","","","ON","","Paraguay","","","","","","","","","","","","","","","","","","","","","","","","","","","","","","","","","","ns1.uniregistrymarket.link","ns2.uniregistrymarket.link","","","clientDeleteProhibited","clientRenewProhibited","clientTransferProhibited","clientUpdateProhibited"
"3","5ases.com","2020-05-13 10:55:23","2020-05-11","2020-05-11","2021-05-11","146","GoDaddy.com, LLC","whois.godaddy.com","http://registrar.godaddy.com","5 Ases","5 Ases","","","Central","","Paraguay","","","","","","","","","","","","","","","","","","","","","","","","","","","","","","","","","","ns39.domaincontrol.com","ns40.domaincontrol.com","","","clientDeleteProhibited","clientRenewProhibited","clientTransferProhibited","clientUpdateProhibited"
"4","ajasparaguay.com","2020-05-13 10:58:04","2020-05-11","2020-05-11","2021-05-11","146","GoDaddy.com, LLC","whois.godaddy.com","http://registrar.godaddy.com","Guillermo Soler","Guillermo Soler","","","Central","","Paraguay","","","","","","","","","","","","","","","","","","","","","","","","","","","","","","","","","","ns13.domaincontrol.com","ns14.domaincontrol.com","","","clientDeleteProhibited","clientRenewProhibited","clientTransferProhibited","clientUpdateProhibited"
"5","aponteconstrucciones.com","2020-05-13 10:59:25","2020-05-11","2020-05-11","2021-05-11","379","Arsys Internet, S.L. dba NICLINE.COM","whois.nicline.com","http://www.nicline.com","REDACTED FOR PRIVACY","","REDACTED FOR PRIVACY","REDACTED FOR PRIVACY","Asuncion","REDACTED FOR PRIVACY","Paraguay","whoiscontact@domainconnection.info","REDACTED FOR PRIVACY","REDACTED FOR PRIVACY","REDACTED FOR PRIVACY","REDACTED FOR PRIVACY","REDACTED FOR PRIVACY","REDACTED FOR PRIVACY","REDACTED FOR PRIVACY","REDACTED FOR PRIVACY","REDACTED FOR PRIVACY","whoiscontact@domainconnection.info","REDACTED FOR PRIVACY","REDACTED FOR PRIVACY","REDACTED FOR PRIVACY","REDACTED FOR PRIVACY","REDACTED FOR PRIVACY","REDACTED FOR PRIVACY","REDACTED FOR PRIVACY","REDACTED FOR PRIVACY","REDACTED FOR PRIVACY","whoiscontact@domainconnection.info","REDACTED FOR PRIVACY","REDACTED FOR PRIVACY","","","","","","","","","","","ns39.maxdominios.com","ns40.maxdominios.com","","","addPeriod","ok","",""
"6","aprendo.pro","2020-05-13 19:17:14","2020-05-12","2020-05-12","2021-05-12","146","GoDaddy.com, LLC","whois.godaddy.com","http://registrar.godaddy.com","ideas4web.com.py","ideas4web.com.py","","","Central","","Paraguay","","","","","","","","","","","","","","","","","","","","","","","","","","","","","","","","","","ns623.websitewelcome.com","ns624.websitewelcome.com","","","addPeriod","clientDeleteProhibited","clientRenewProhibited","clientTransferProhibited"
"7","arfilt.com","2020-05-13 10:12:56","2020-05-10","2020-05-10","2021-05-10","146","GoDaddy.com, LLC","whois.godaddy.com","http://registrar.godaddy.com","Godaddy","Godaddy","","","ON","","Paraguay","","","","","","","","","","","","","","","","","","","","","","","","","","","","","","","","","","ns1.uniregistrymarket.link","ns2.uniregistrymarket.link","","","clientDeleteProhibited","clientRenewProhibited","clientTransferProhibited","clientUpdateProhibited"
"8","asapcanna.com","2020-05-13 08:29:17","2020-05-10","2020-05-10","2021-05-10","146","GoDaddy.com, LLC","whois.godaddy.com","http://registrar.godaddy.com","Godaddy","Godaddy","","","ON","","Paraguay","","","","","","","","","","","","","","","","","","","","","","","","","","","","","","","","","","ns1.uniregistrymarket.link","ns2.uniregistrymarket.link","","","clientDeleteProhibited","clientRenewProhibited","clientTransferProhibited","clientUpdateProhibited"
"9","asapedibles.com","2020-05-13 08:29:16","2020-05-10","2020-05-10","2021-05-10","146","GoDaddy.com, LLC","whois.godaddy.com","http://registrar.godaddy.com","Godaddy","Godaddy","","","ON","","Paraguay","","","","","","","","","","","","","","","","","","","","","","","","","","","","","","","","","","ns1.uniregistrymarket.link","ns2.uniregistrymarket.link","","","clientDeleteProhibited","clientRenewProhibited","clientTransferProhibited","clientUpdateProhibited"
"10","asapmj.com","2020-05-13 08:29:19","2020-05-10","2020-05-10","2021-05-10","146","GoDaddy.com, LLC","whois.godaddy.com","http://registrar.godaddy.com","Godaddy","Godaddy","","","ON","","Paraguay","","","","","","","","","","","","","","","","","","","","","","","","","","","","","","","","","","ns1.uniregistrymarket.link","ns2.uniregistrymarket.link","","","clientDeleteProhibited","clientRenewProhibited","clientTransferProhibited","clientUpdateProhibited"
"11","bancocriptos.com","2020-05-13 10:15:02","2020-05-09","2020-05-09","2021-05-09","146","GoDaddy.com, LLC","whois.godaddy.com","http://registrar.godaddy.com","Godaddy","Godaddy","","","ON","","Paraguay","","","","","","","","","","","","","","","","","","","","","","","","","","","","","","","","","","ns1.uniregistrymarket.link","ns2.uniregistrymarket.link","","","clientDeleteProhibited","clientRenewProhibited","clientTransferProhibited","clientUpdateProhibited"
"12","cambiocriptos.com","2020-05-13 08:59:58","2020-05-09","2020-05-09","2021-05-09","146","GoDaddy.com, LLC","whois.godaddy.com","http://registrar.godaddy.com","Godaddy","Godaddy","","","ON","","Paraguay","","","","","","","","","","","","","","","","","","","","","","","","","","","","","","","","","","ns1.uniregistrymarket.link","ns2.uniregistrymarket.link","","","clientDeleteProhibited","clientRenewProhibited","clientTransferProhibited","clientUpdateProhibited"
"13","captchapro.com","2020-05-13 10:41:39","2020-05-10","2020-05-11","2021-05-10","1199","Domainsurgeon.com LLC","whois.domainsurgeon.com","http://www.networksolutions.com","Ramires Dudli","55Domains","Postfach Rosaleda","Neuland","boqueron","1153","Paraguay","domains@55domains.com","+595.983434225","","Ramires Dudli","55Domains","Postfach Rosaleda","Neuland","boqueron","1153","Paraguay","domains@55domains.com","+595.983434225","","Ramires Dudli","55Domains","Postfach Rosaleda","Neuland","boqueron","1153","Paraguay","domains@55domains.com","+595.983434225","","","","","","","","","","","","ns1.interimnameserver.com","ns2.interimnameserver.com","","","clientTransferProhibited","","",""
"14","cemimport-srl.com","2020-05-13 10:52:47","2020-05-11","2020-05-11","2021-05-11","69","Tucows Domains Inc.","whois.tucows.com","http://domainhelp.opensrs.net","REDACTED FOR PRIVACY","REDACTED FOR PRIVACY","REDACTED FOR PRIVACY","REDACTED FOR PRIVACY","REDACTED FOR PRIVACY","REDACTED FOR PRIVACY","Paraguay","","REDACTED FOR PRIVACY","REDACTED FOR PRIVACY","REDACTED FOR PRIVACY","REDACTED FOR PRIVACY","REDACTED FOR PRIVACY","REDACTED FOR PRIVACY","REDACTED FOR PRIVACY","REDACTED FOR PRIVACY","REDACTED FOR PRIVACY","","REDACTED FOR PRIVACY","REDACTED FOR PRIVACY","REDACTED FOR PRIVACY","REDACTED FOR PRIVACY","REDACTED FOR PRIVACY","REDACTED FOR PRIVACY","REDACTED FOR PRIVACY","REDACTED FOR PRIVACY","REDACTED FOR PRIVACY","","REDACTED FOR PRIVACY","REDACTED FOR PRIVACY","","","","","","","","","","","ns1.hostingparaguay.org","ns2.hostingparaguay.org","","","OK","","",""
"15","chefsplayer.com","2020-05-13 20:38:17","2020-05-11","2020-05-11","2021-05-11","146","GoDaddy.com, LLC","whois.godaddy.com","http://registrar.godaddy.com","Graficato S.A.","Graficato S.A.","","","Central","","Paraguay","","","","","","","","","","","","","","","","","","","","","","","","","","","","","","","","","","ns65.domaincontrol.com","ns66.domaincontrol.com","","","clientDeleteProhibited","clientRenewProhibited","clientTransferProhibited","clientUpdateProhibited"
"16","chiruliru.com","2020-05-13 09:38:59","2020-05-09","2020-05-09","2021-05-09","303","PDR Ltd. d/b/a PublicDomainRegistry.com","whois.publicdomainregistry.com","http://www.publicdomainregistry.com","Maria Patricia Romero Recalde","Home","Rio TEBICUARY 3176 c/Rodriguez de francia","Lambare","Asuncion","2420","Paraguay","chiruliru@apis.com.py","+595.0982344636","","Maria Patricia Romero Recalde","Home","Rio TEBICUARY 3176 c/Rodriguez de francia","Lambare","Asuncion","2420","Paraguay","chiruliru@apis.com.py","+595.0982344636","","Maria Patricia Romero Recalde","Home","Rio TEBICUARY 3176 c/Rodriguez de francia","Lambare","Asuncion","2420","Paraguay","chiruliru@apis.com.py","+595.0982344636","","","","","","","","","","","","ns1.apis.com.py","ns2.apis.com.py","","","clientTransferProhibited","","",""
"17","companytf.com","2020-05-13 20:37:45","2020-05-11","2020-05-11","2021-05-11","303","PDR Ltd. d/b/a PublicDomainRegistry.com","whois.publicdomainregistry.com","http://www.publicdomainregistry.com","Raquel Fernandez","","Barrio Maria Auxiliadora Barrio Industrial","Salto del Guaira","Salto del guaira","7800","Paraguay","rnfv1997@gmail.com","+595.0972950007","","Raquel Fernandez","","Barrio Maria Auxiliadora Barrio Industrial","Salto del Guaira","Salto del guaira","7800","Paraguay","rnfv1997@gmail.com","+595.0972950007","","Raquel Fernandez","","Barrio Maria Auxiliadora Barrio Industrial","Salto del Guaira","Salto del guaira","7800","Paraguay","rnfv1997@gmail.com","+595.0972950007","","","","","","","","","","","","ns1.prodominios.com","ns2.prodominios.com","","","clientTransferProhibited","","",""
"18","congobelga.com","2020-05-13 20:08:17","2020-05-12","2020-05-12","2021-05-12","303","PDR Ltd. d/b/a PublicDomainRegistry.com","whois.publicdomainregistry.com","http://www.publicdomainregistry.com","Jorge  Caballero","","Avenida A","Asuncion","Central","1929","Paraguay","jcabal2010@gmail.com","+595.021660680","","Jorge  Caballero","","Avenida A","Asuncion","Central","1929","Paraguay","jcabal2010@gmail.com","+595.021660680","","Jorge  Caballero","","Avenida A","Asuncion","Central","1929","Paraguay","jcabal2010@gmail.com","+595.021660680","","","","","","","","","","","","ns1.teisa.com.py","ns2.teisa.com.py","","","clientTransferProhibited","","",""
"19","construyaonline.com","2020-05-13 20:10:00","2020-05-12","2020-05-12","2021-05-12","379","Arsys Internet, S.L. dba NICLINE.COM","whois.nicline.com","http://www.nicline.com","REDACTED FOR PRIVACY","","REDACTED FOR PRIVACY","REDACTED FOR PRIVACY","Alto Parana","REDACTED FOR PRIVACY","Paraguay","whoiscontact@domainconnection.info","REDACTED FOR PRIVACY","REDACTED FOR PRIVACY","REDACTED FOR PRIVACY","REDACTED FOR PRIVACY","REDACTED FOR PRIVACY","REDACTED FOR PRIVACY","REDACTED FOR PRIVACY","REDACTED FOR PRIVACY","REDACTED FOR PRIVACY","whoiscontact@domainconnection.info","REDACTED FOR PRIVACY","REDACTED FOR PRIVACY","REDACTED FOR PRIVACY","REDACTED FOR PRIVACY","REDACTED FOR PRIVACY","REDACTED FOR PRIVACY","REDACTED FOR PRIVACY","REDACTED FOR PRIVACY","REDACTED FOR PRIVACY","whoiscontact@domainconnection.info","REDACTED FOR PRIVACY","REDACTED FOR PRIVACY","","","","","","","","","","","ns39.maxdominios.com","ns40.maxdominios.com","","","addPeriod","ok","",""
"20","craftvillamc.com","2020-05-13 09:37:21","2020-05-09","2020-05-10","2021-05-09","303","PDR Ltd. d/b/a PublicDomainRegistry.com","whois.publicdomainregistry.com","http://www.publicdomainregistry.com","Craft Villa","CraftVilla","Tuyuti 0","Oviedo City","Py","5210","Paraguay","craftvillaofficial@gmail.com","+595.975911711","","Craft Villa","CraftVilla","Tuyuti 0","Oviedo City","Py","5210","Paraguay","craftvillaofficial@gmail.com","+595.975911711","","Craft Villa","CraftVilla","Tuyuti 0","Oviedo City","Py","5210","Paraguay","craftvillaofficial@gmail.com","+595.975911711","","","","","","","","","","","","buck.ns.cloudflare.com","norah.ns.cloudflare.com","","","clientTransferProhibited","","",""
"21","createafilter.com","2020-05-13 10:12:58","2020-05-10","2020-05-10","2021-05-10","146","GoDaddy.com, LLC","whois.godaddy.com","http://registrar.godaddy.com","Godaddy","Godaddy","","","ON","","Paraguay","","","","","","","","","","","","","","","","","","","","","","","","","","","","","","","","","","ns1.uniregistrymarket.link","ns2.uniregistrymarket.link","","","clientDeleteProhibited","clientRenewProhibited","clientTransferProhibited","clientUpdateProhibited"
"22","datatestsystem.com","2020-05-13 07:04:35","2020-05-11","2020-05-11","2021-05-11","379","Arsys Internet, S.L. dba NICLINE.COM","whois.nicline.com","http://www.nicline.com","REDACTED FOR PRIVACY","","REDACTED FOR PRIVACY","REDACTED FOR PRIVACY","GUAIRA","REDACTED FOR PRIVACY","Paraguay","whoiscontact@domainconnection.info","REDACTED FOR PRIVACY","REDACTED FOR PRIVACY","REDACTED FOR PRIVACY","REDACTED FOR PRIVACY","REDACTED FOR PRIVACY","REDACTED FOR PRIVACY","REDACTED FOR PRIVACY","REDACTED FOR PRIVACY","REDACTED FOR PRIVACY","whoiscontact@domainconnection.info","REDACTED FOR PRIVACY","REDACTED FOR PRIVACY","REDACTED FOR PRIVACY","REDACTED FOR PRIVACY","REDACTED FOR PRIVACY","REDACTED FOR PRIVACY","REDACTED FOR PRIVACY","REDACTED FOR PRIVACY","REDACTED FOR PRIVACY","whoiscontact@domainconnection.info","REDACTED FOR PRIVACY","REDACTED FOR PRIVACY","","","","","","","","","","","ns39.maxdominios.com","ns40.maxdominios.com","","","addPeriod","ok","",""
"23","deliverscannabis.com","2020-05-13 08:29:17","2020-05-10","2020-05-10","2021-05-10","146","GoDaddy.com, LLC","whois.godaddy.com","http://registrar.godaddy.com","Godaddy","Godaddy","","","ON","","Paraguay","","","","","","","","","","","","","","","","","","","","","","","","","","","","","","","","","","ns1.uniregistrymarket.link","ns2.uniregistrymarket.link","","","clientDeleteProhibited","clientRenewProhibited","clientTransferProhibited","clientUpdateProhibited"
"24","dvltransportessrl.com","2020-05-13 20:42:28","2020-05-11","2020-05-11","2021-05-11","379","Arsys Internet, S.L. dba NICLINE.COM","whois.nicline.com","http://www.nicline.com","REDACTED FOR PRIVACY","","REDACTED FOR PRIVACY","REDACTED FOR PRIVACY","Central","REDACTED FOR PRIVACY","Paraguay","whoiscontact@domainconnection.info","REDACTED FOR PRIVACY","REDACTED FOR PRIVACY","REDACTED FOR PRIVACY","REDACTED FOR PRIVACY","REDACTED FOR PRIVACY","REDACTED FOR PRIVACY","REDACTED FOR PRIVACY","REDACTED FOR PRIVACY","REDACTED FOR PRIVACY","whoiscontact@domainconnection.info","REDACTED FOR PRIVACY","REDACTED FOR PRIVACY","REDACTED FOR PRIVACY","REDACTED FOR PRIVACY","REDACTED FOR PRIVACY","REDACTED FOR PRIVACY","REDACTED FOR PRIVACY","REDACTED FOR PRIVACY","REDACTED FOR PRIVACY","whoiscontact@domainconnection.info","REDACTED FOR PRIVACY","REDACTED FOR PRIVACY","","","","","","","","","","","ns39.maxdominios.com","ns40.maxdominios.com","","","addPeriod","ok","",""
"25","econdoview.com","2020-05-13 07:47:32","2020-05-11","2020-05-11","2021-05-11","146","GoDaddy.com, LLC","whois.godaddy.com","http://registrar.godaddy.com","Godaddy","Godaddy","","","ON","","Paraguay","","","","","","","","","","","","","","","","","","","","","","","","","","","","","","","","","","ns1.uniregistrymarket.link","ns2.uniregistrymarket.link","","","clientDeleteProhibited","clientRenewProhibited","clientTransferProhibited","clientUpdateProhibited"
"26","elevenshopp.com","2020-05-13 19:47:15","2020-05-11","2020-05-11","2021-05-11","146","GoDaddy.com, LLC","whois.godaddy.com","http://registrar.godaddy.com","TIENDA DE CELULARES","TIENDA DE CELULARES","","","CENTRAL","","Paraguay","","","","","","","","","","","","","","","","","","","","","","","","","","","","","","","","","","ns27.domaincontrol.com","ns28.domaincontrol.com","","","clientDeleteProhibited","clientRenewProhibited","clientTransferProhibited","clientUpdateProhibited"
"27","emdipro.com","2020-05-13 09:19:19","2020-05-09","2020-05-09","2021-05-09","146","GoDaddy.com, LLC","whois.godaddy.com","http://registrar.godaddy.com","","","","","Caazapa","","Paraguay","","","","","","","","","","","","","","","","","","","","","","","","","","","","","","","","","","ns63.domaincontrol.com","ns64.domaincontrol.com","","","clientDeleteProhibited","clientRenewProhibited","clientTransferProhibited","clientUpdateProhibited"
"28","enerparsa.com","2020-05-13 20:15:00","2020-05-12","2020-05-12","2021-05-12","379","Arsys Internet, S.L. dba NICLINE.COM","whois.nicline.com","http://www.nicline.com","REDACTED FOR PRIVACY","","REDACTED FOR PRIVACY","REDACTED FOR PRIVACY","Capital","REDACTED FOR PRIVACY","Paraguay","whoiscontact@domainconnection.info","REDACTED FOR PRIVACY","REDACTED FOR PRIVACY","REDACTED FOR PRIVACY","REDACTED FOR PRIVACY","REDACTED FOR PRIVACY","REDACTED FOR PRIVACY","REDACTED FOR PRIVACY","REDACTED FOR PRIVACY","REDACTED FOR PRIVACY","whoiscontact@domainconnection.info","REDACTED FOR PRIVACY","REDACTED FOR PRIVACY","REDACTED FOR PRIVACY","REDACTED FOR PRIVACY","REDACTED FOR PRIVACY","REDACTED FOR PRIVACY","REDACTED FOR PRIVACY","REDACTED FOR PRIVACY","REDACTED FOR PRIVACY","whoiscontact@domainconnection.info","REDACTED FOR PRIVACY","REDACTED FOR PRIVACY","","","","","","","","","","","ns39.maxdominios.com","ns40.maxdominios.com","","","addPeriod","ok","",""
"29","enlineastore.com","2020-05-13 20:40:31","2020-05-11","2020-05-11","2021-05-11","379","Arsys Internet, S.L. dba NICLINE.COM","whois.nicline.com","http://www.nicline.com","REDACTED FOR PRIVACY","","REDACTED FOR PRIVACY","REDACTED FOR PRIVACY","Alto Parana","REDACTED FOR PRIVACY","Paraguay","whoiscontact@domainconnection.info","REDACTED FOR PRIVACY","REDACTED FOR PRIVACY","REDACTED FOR PRIVACY","REDACTED FOR PRIVACY","REDACTED FOR PRIVACY","REDACTED FOR PRIVACY","REDACTED FOR PRIVACY","REDACTED FOR PRIVACY","REDACTED FOR PRIVACY","whoiscontact@domainconnection.info","REDACTED FOR PRIVACY","REDACTED FOR PRIVACY","REDACTED FOR PRIVACY","REDACTED FOR PRIVACY","REDACTED FOR PRIVACY","REDACTED FOR PRIVACY","REDACTED FOR PRIVACY","REDACTED FOR PRIVACY","REDACTED FOR PRIVACY","whoiscontact@domainconnection.info","REDACTED FOR PRIVACY","REDACTED FOR PRIVACY","","","","","","","","","","","ns39.maxdominios.com","ns40.maxdominios.com","","","addPeriod","ok","",""
"30","eopenhome.com","2020-05-13 07:16:00","2020-05-11","2020-05-11","2021-05-11","146","GoDaddy.com, LLC","whois.godaddy.com","http://registrar.godaddy.com","Godaddy","Godaddy","","","ON","","Paraguay","","","","","","","","","","","","","","","","","","","","","","","","","","","","","","","","","","ns1.uniregistrymarket.link","ns2.uniregistrymarket.link","","","clientDeleteProhibited","clientRenewProhibited","clientTransferProhibited","clientUpdateProhibited"
"31","erukapp.com","2020-05-13 20:33:38","2020-05-11","2020-05-12","2021-05-11","379","Arsys Internet, S.L. dba NICLINE.COM","whois.nicline.com","http://www.nicline.com","REDACTED FOR PRIVACY","","REDACTED FOR PRIVACY","REDACTED FOR PRIVACY","Canindeyu","REDACTED FOR PRIVACY","Paraguay","whoiscontact@domainconnection.info","REDACTED FOR PRIVACY","REDACTED FOR PRIVACY","REDACTED FOR PRIVACY","REDACTED FOR PRIVACY","REDACTED FOR PRIVACY","REDACTED FOR PRIVACY","REDACTED FOR PRIVACY","REDACTED FOR PRIVACY","REDACTED FOR PRIVACY","whoiscontact@domainconnection.info","REDACTED FOR PRIVACY","REDACTED FOR PRIVACY","REDACTED FOR PRIVACY","REDACTED FOR PRIVACY","REDACTED FOR PRIVACY","REDACTED FOR PRIVACY","REDACTED FOR PRIVACY","REDACTED FOR PRIVACY","REDACTED FOR PRIVACY","whoiscontact@domainconnection.info","REDACTED FOR PRIVACY","REDACTED FOR PRIVACY","","","","","","","","","","","dns1.freehostia.com","dns2.freehostia.com","","","addPeriod","ok","",""
"32","expoparaguay.com","2020-05-13 20:45:27","2020-05-11","2020-05-11","2021-05-11","303","PDR Ltd. d/b/a PublicDomainRegistry.com","whois.publicdomainregistry.com","http://www.publicdomainregistry.com","Ruben Ayala","","Dr. Facundo Insfran 2247","Asuncion","Capital","1209","Paraguay","ao.ruben@outlook.com","+595.595981911700","","Ruben Ayala","","Dr. Facundo Insfran 2247","Asuncion","Capital","1209","Paraguay","ao.ruben@outlook.com","+595.595981911700","","Ruben Ayala","","Dr. Facundo Insfran 2247","Asuncion","Capital","1209","Paraguay","ao.ruben@outlook.com","+595.595981911700","","","","","","","","","","","","prodominios.earth.orderbox-dns.com","prodominios.mars.orderbox-dns.com","prodominios.mercury.orderbox-dns.com","prodominios.venus.orderbox-dns.com","clientTransferProhibited","","",""
"33","fpstorepy.com","2020-05-13 11:00:36","2020-05-11","2020-05-11","2021-05-11","146","GoDaddy.com, LLC","whois.godaddy.com","http://registrar.godaddy.com","","","","","Alto Parana","","Paraguay","","","","","","","","","","","","","","","","","","","","","","","","","","","","","","","","","","ns27.domaincontrol.com","ns28.domaincontrol.com","","","clientDeleteProhibited","clientRenewProhibited","clientTransferProhibited","clientUpdateProhibited"
"34","greenvibesonly.com","2020-05-13 10:13:50","2020-05-10","2020-05-10","2021-05-10","146","GoDaddy.com, LLC","whois.godaddy.com","http://registrar.godaddy.com","Janice Gill","Janice Gill","","","Barrio Jara","","Paraguay","","","","","","","","","","","","","","","","","","","","","","","","","","","","","","","","","","ns63.domaincontrol.com","ns64.domaincontrol.com","","","clientDeleteProhibited","clientRenewProhibited","clientTransferProhibited","clientUpdateProhibited"
"35","healthcaremanual.com","2020-05-13 10:57:08","2020-05-11","2020-05-11","2021-05-11","146","GoDaddy.com, LLC","whois.godaddy.com","http://registrar.godaddy.com","Godaddy","Godaddy","","","ON","","Paraguay","","","","","","","","","","","","","","","","","","","","","","","","","","","","","","","","","","ns1.uniregistrymarket.link","ns2.uniregistrymarket.link","","","clientDeleteProhibited","clientRenewProhibited","clientTransferProhibited","clientUpdateProhibited"
"36","hotelcostaesperanza.com","2020-05-13 09:30:01","2020-05-09","2020-05-09","2021-05-09","69","Tucows Domains Inc.","whois.tucows.com","http://domainhelp.opensrs.net","REDACTED FOR PRIVACY","REDACTED FOR PRIVACY","REDACTED FOR PRIVACY","REDACTED FOR PRIVACY","REDACTED FOR PRIVACY","REDACTED FOR PRIVACY","Paraguay","","REDACTED FOR PRIVACY","REDACTED FOR PRIVACY","REDACTED FOR PRIVACY","REDACTED FOR PRIVACY","REDACTED FOR PRIVACY","REDACTED FOR PRIVACY","REDACTED FOR PRIVACY","REDACTED FOR PRIVACY","REDACTED FOR PRIVACY","","REDACTED FOR PRIVACY","REDACTED FOR PRIVACY","REDACTED FOR PRIVACY","REDACTED FOR PRIVACY","REDACTED FOR PRIVACY","REDACTED FOR PRIVACY","REDACTED FOR PRIVACY","REDACTED FOR PRIVACY","REDACTED FOR PRIVACY","","REDACTED FOR PRIVACY","REDACTED FOR PRIVACY","","","","","","","","","","","ns191.websitewelcome.com","ns192.websitewelcome.com","","","OK","","",""
"37","hugorol.com","2020-05-13 20:40:38","2020-05-11","2020-05-11","2021-05-11","69","Tucows Domains Inc.","whois.tucows.com","http://domainhelp.opensrs.net","REDACTED FOR PRIVACY","REDACTED FOR PRIVACY","REDACTED FOR PRIVACY","REDACTED FOR PRIVACY","REDACTED FOR PRIVACY","REDACTED FOR PRIVACY","Paraguay","","REDACTED FOR PRIVACY","REDACTED FOR PRIVACY","REDACTED FOR PRIVACY","REDACTED FOR PRIVACY","REDACTED FOR PRIVACY","REDACTED FOR PRIVACY","REDACTED FOR PRIVACY","REDACTED FOR PRIVACY","REDACTED FOR PRIVACY","","REDACTED FOR PRIVACY","REDACTED FOR PRIVACY","REDACTED FOR PRIVACY","REDACTED FOR PRIVACY","REDACTED FOR PRIVACY","REDACTED FOR PRIVACY","REDACTED FOR PRIVACY","REDACTED FOR PRIVACY","REDACTED FOR PRIVACY","","REDACTED FOR PRIVACY","REDACTED FOR PRIVACY","","","","","","","","","","","ns1.orlandohugo.com","ns2.orlandohugo.com","","","OK","","",""
"38","indistri-py.com","2020-05-13 10:52:47","2020-05-11","2020-05-11","2021-05-11","69","Tucows Domains Inc.","whois.tucows.com","http://domainhelp.opensrs.net","REDACTED FOR PRIVACY","REDACTED FOR PRIVACY","REDACTED FOR PRIVACY","REDACTED FOR PRIVACY","REDACTED FOR PRIVACY","REDACTED FOR PRIVACY","Paraguay","","REDACTED FOR PRIVACY","REDACTED FOR PRIVACY","REDACTED FOR PRIVACY","REDACTED FOR PRIVACY","REDACTED FOR PRIVACY","REDACTED FOR PRIVACY","REDACTED FOR PRIVACY","REDACTED FOR PRIVACY","REDACTED FOR PRIVACY","","REDACTED FOR PRIVACY","REDACTED FOR PRIVACY","REDACTED FOR PRIVACY","REDACTED FOR PRIVACY","REDACTED FOR PRIVACY","REDACTED FOR PRIVACY","REDACTED FOR PRIVACY","REDACTED FOR PRIVACY","REDACTED FOR PRIVACY","","REDACTED FOR PRIVACY","REDACTED FOR PRIVACY","","","","","","","","","","","ns1.hostingparaguay.org","ns2.hostingparaguay.org","","","OK","","",""
"39","iviewings.com","2020-05-13 07:29:30","2020-05-11","2020-05-11","2021-05-11","146","GoDaddy.com, LLC","whois.godaddy.com","http://registrar.godaddy.com","Godaddy","Godaddy","","","ON","","Paraguay","","","","","","","","","","","","","","","","","","","","","","","","","","","","","","","","","","ns1.uniregistrymarket.link","ns2.uniregistrymarket.link","","","clientDeleteProhibited","clientRenewProhibited","clientTransferProhibited","clientUpdateProhibited"
"40","jacansa.com","2020-05-13 10:56:01","2020-05-11","2020-05-11","2021-05-11","1005","NetEarth One Inc. d/b/a NetEarth","whois.advancedregistrar.com","http://www.netearthone.com","Jose Meza","Centro Tecnologico Profesional S.R.L","Avda. Defensores del Chaco Avda. Espana","San Lorenzo","Central","2160","Paraguay","losejona.man@gmail.com","+595.8270933","","Jose Meza","Centro Tecnologico Profesional S.R.L","Avda. Defensores del Chaco Avda. Espana","San Lorenzo","Central","2160","Paraguay","losejona.man@gmail.com","+595.8270933","","Jose Meza","Centro Tecnologico Profesional S.R.L","Avda. Defensores del Chaco Avda. Espana","San Lorenzo","Central","2160","Paraguay","losejona.man@gmail.com","+595.8270933","","","","","","","","","","","","ns701.smart-hosts.net","ns702.smart-hosts.net","","","clientTransferProhibited","","",""
"41","kaurentena.com","2020-05-13 10:59:27","2020-05-11","2020-05-11","2022-05-11","146","GoDaddy.com, LLC","whois.godaddy.com","http://registrar.godaddy.com","Bodega Kaurentena - GV S.A.","Bodega Kaurentena - GV S.A.","","","Central","","Paraguay","","","","","","","","","","","","","","","","","","","","","","","","","","","","","","","","","","ns39.domaincontrol.com","ns40.domaincontrol.com","","","clientDeleteProhibited","clientRenewProhibited","clientTransferProhibited","clientUpdateProhibited"
"42","liliescritora.com","2020-05-13 09:00:04","2020-05-09","2020-05-10","2021-05-09","379","Arsys Internet, S.L. dba NICLINE.COM","whois.nicline.com","http://www.nicline.com","REDACTED FOR PRIVACY","","REDACTED FOR PRIVACY","REDACTED FOR PRIVACY","Alto Parana","REDACTED FOR PRIVACY","Paraguay","whoiscontact@domainconnection.info","REDACTED FOR PRIVACY","REDACTED FOR PRIVACY","REDACTED FOR PRIVACY","REDACTED FOR PRIVACY","REDACTED FOR PRIVACY","REDACTED FOR PRIVACY","REDACTED FOR PRIVACY","REDACTED FOR PRIVACY","REDACTED FOR PRIVACY","whoiscontact@domainconnection.info","REDACTED FOR PRIVACY","REDACTED FOR PRIVACY","REDACTED FOR PRIVACY","REDACTED FOR PRIVACY","REDACTED FOR PRIVACY","REDACTED FOR PRIVACY","REDACTED FOR PRIVACY","REDACTED FOR PRIVACY","REDACTED FOR PRIVACY","whoiscontact@domainconnection.info","REDACTED FOR PRIVACY","REDACTED FOR PRIVACY","","","","","","","","","","","ns-cloud-a1.googledomains.com","ns-cloud-a2.googledomains.com","ns-cloud-a3.googledomains.com","ns-cloud-a4.googledomains.com","addPeriod","ok","",""
"43","lilyseiferheld.com","2020-05-13 19:56:26","2020-05-12","2020-05-12","2021-05-12","146","GoDaddy.com, LLC","whois.godaddy.com","http://registrar.godaddy.com","","","","","central","","Paraguay","","","","","","","","","","","","","","","","","","","","","","","","","","","","","","","","","","ns25.domaincontrol.com","ns26.domaincontrol.com","","","clientDeleteProhibited","clientRenewProhibited","clientTransferProhibited","clientUpdateProhibited"
"44","loritooga.com","2020-05-13 09:16:42","2020-05-09","2020-05-09","2021-05-09","48","eNom, Inc.","whois.enom.com","http://www.enom.com","REDACTED FOR PRIVACY","REDACTED FOR PRIVACY","REDACTED FOR PRIVACY","REDACTED FOR PRIVACY","Alto Parana","REDACTED FOR PRIVACY","Paraguay","","REDACTED FOR PRIVACY","REDACTED FOR PRIVACY","REDACTED FOR PRIVACY","REDACTED FOR PRIVACY","REDACTED FOR PRIVACY","REDACTED FOR PRIVACY","REDACTED FOR PRIVACY","REDACTED FOR PRIVACY","REDACTED FOR PRIVACY","","REDACTED FOR PRIVACY","REDACTED FOR PRIVACY","REDACTED FOR PRIVACY","REDACTED FOR PRIVACY","REDACTED FOR PRIVACY","REDACTED FOR PRIVACY","REDACTED FOR PRIVACY","REDACTED FOR PRIVACY","REDACTED FOR PRIVACY","","REDACTED FOR PRIVACY","REDACTED FOR PRIVACY","","","","","","","","","","","ns1.wpdns.host","ns2.wpdns.host","ns3.wpdns.host","","addPeriod","clientTransferProhibited","",""
"45","lssevents.com","2020-05-13 20:38:13","2020-05-11","2020-05-11","2021-05-11","146","GoDaddy.com, LLC","whois.godaddy.com","http://registrar.godaddy.com","Andre Kunas","Andre Kunas","","","Canindeyu","","Paraguay","","","","","","","","","","","","","","","","","","","","","","","","","","","","","","","","","","ns65.domaincontrol.com","ns66.domaincontrol.com","","","clientDeleteProhibited","clientRenewProhibited","clientTransferProhibited","clientUpdateProhibited"
"46","makefilters.com","2020-05-13 10:13:01","2020-05-10","2020-05-10","2021-05-10","146","GoDaddy.com, LLC","whois.godaddy.com","http://registrar.godaddy.com","Godaddy","Godaddy","","","ON","","Paraguay","","","","","","","","","","","","","","","","","","","","","","","","","","","","","","","","","","ns1.uniregistrymarket.link","ns2.uniregistrymarket.link","","","clientDeleteProhibited","clientRenewProhibited","clientTransferProhibited","clientUpdateProhibited"
"47","marcelovolpe.com","2020-05-13 09:28:38","2020-05-09","2020-05-09","2021-05-09","48","eNom, Inc.","whois.enom.com","http://www.enom.com","REDACTED FOR PRIVACY","REDACTED FOR PRIVACY","REDACTED FOR PRIVACY","REDACTED FOR PRIVACY","Alto Parana","REDACTED FOR PRIVACY","Paraguay","","REDACTED FOR PRIVACY","REDACTED FOR PRIVACY","REDACTED FOR PRIVACY","REDACTED FOR PRIVACY","REDACTED FOR PRIVACY","REDACTED FOR PRIVACY","REDACTED FOR PRIVACY","REDACTED FOR PRIVACY","REDACTED FOR PRIVACY","","REDACTED FOR PRIVACY","REDACTED FOR PRIVACY","REDACTED FOR PRIVACY","REDACTED FOR PRIVACY","REDACTED FOR PRIVACY","REDACTED FOR PRIVACY","REDACTED FOR PRIVACY","REDACTED FOR PRIVACY","REDACTED FOR PRIVACY","","REDACTED FOR PRIVACY","REDACTED FOR PRIVACY","","","","","","","","","","","ns1.wpdns.host","ns2.wpdns.host","ns3.wpdns.host","","addPeriod","clientTransferProhibited","",""
"48","marioachucarro.com","2020-05-13 20:39:43","2020-05-11","2020-05-11","2021-05-11","303","PDR Ltd. d/b/a PublicDomainRegistry.com","whois.publicdomainregistry.com","http://www.publicdomainregistry.com","Jorge  Hulin","Jorge Hulin","","Asuncion","Barrio Mburicao","1929","Paraguay","jhulin@gmail.com","+595.983167902","","Jorge  Hulin","Jorge Hulin","","Asuncion","Barrio Mburicao","1929","Paraguay","jhulin@gmail.com","+595.983167902","","Jorge  Hulin","Jorge Hulin","","Asuncion","Barrio Mburicao","1929","Paraguay","jhulin@gmail.com","+595.983167902","","","","","","","","","","","","dns1.stabletransit.com","dns2.stabletransit.com","","","clientTransferProhibited","","",""
"49","marketevangelico.com","2020-05-13 10:14:27","2020-05-10","2020-05-10","2021-05-10","625","Name.com, Inc.","whois.name.com","http://www.name.com","Sixto Eulogio Medina Canale","CIVICO","Santos Canillas N?553 esq. Sarmientos, Bo Itacurubi","Concepcion","Capital","1292","Paraguay","civicopy@gmail.com","+595.981893953","","Juan Vera","Organizacion Civico","Tte Insaurralde 404","Asuncion","Capital","1292","Paraguay","civicopy@yahoo.com","+595.21201216","","Juan Vera","Organizacion Civico","Tte Insaurralde 404","Asuncion","Capital","1292","Paraguay","civicopy@yahoo.com","+595.21201216","","","","","","","","","","","","ns1bdg.name.com","ns2glx.name.com","ns3dgj.name.com","ns4cfn.name.com","addPeriod","clientTransferProhibited","",""
"50","martivaz.com","2020-05-13 08:04:23","2020-05-10","2020-05-12","2021-05-10","1383","Soluciones Corporativas IP, SLU","whois.scip.es","http://www.dondominio.com","Redacted for privacy","","Redacted for privacy","Redacted for privacy","Guaira","Redacted for privacy","Paraguay","","Redacted for privacy","Redacted for privacy","REDACTED FOR PRIVACY","REDACTED FOR PRIVACY","REDACTED FOR PRIVACY","REDACTED FOR PRIVACY","REDACTED FOR PRIVACY","REDACTED FOR PRIVACY","REDACTED FOR PRIVACY","","REDACTED FOR PRIVACY","REDACTED FOR PRIVACY","REDACTED FOR PRIVACY","REDACTED FOR PRIVACY","REDACTED FOR PRIVACY","REDACTED FOR PRIVACY","REDACTED FOR PRIVACY","REDACTED FOR PRIVACY","REDACTED FOR PRIVACY","","REDACTED FOR PRIVACY","REDACTED FOR PRIVACY","","","","","","","","","","","ns1731.webempresa.eu","ns1732.webempresa.eu","","","clientTransferProhibited","ok","",""
"51","masturgame.com","2020-05-13 20:30:09","2020-05-11","2020-05-11","2021-05-11","146","GoDaddy.com, LLC","whois.godaddy.com","http://registrar.godaddy.com","","","","","central","","Paraguay","","","","","","","","","","","","","","","","","","","","","","","","","","","","","","","","","","ns09.domaincontrol.com","ns10.domaincontrol.com","","","clientDeleteProhibited","clientRenewProhibited","clientTransferProhibited","clientUpdateProhibited"
"52","mauricioarrua.com","2020-05-13 07:12:42","2020-05-10","2020-05-10","2021-05-10","146","GoDaddy.com, LLC","whois.godaddy.com","http://registrar.godaddy.com","","","","","Itapua","","Paraguay","","","","","","","","","","","","","","","","","","","","","","","","","","","","","","","","","","ns23.domaincontrol.com","ns24.domaincontrol.com","","","clientDeleteProhibited","clientRenewProhibited","clientTransferProhibited","clientUpdateProhibited"
"53","melissaguilar.com","2020-05-13 20:22:45","2020-05-11","2020-05-11","2021-05-11","146","GoDaddy.com, LLC","whois.godaddy.com","http://registrar.godaddy.com","","","","","Itapua","","Paraguay","","","","","","","","","","","","","","","","","","","","","","","","","","","","","","","","","","ns27.domaincontrol.com","ns28.domaincontrol.com","","","clientDeleteProhibited","clientRenewProhibited","clientTransferProhibited","clientUpdateProhibited"
"54","midrev.com","2020-05-13 10:57:07","2020-05-11","2020-05-11","2021-05-11","146","GoDaddy.com, LLC","whois.godaddy.com","http://registrar.godaddy.com","Godaddy","Godaddy","","","ON","","Paraguay","","","","","","","","","","","","","","","","","","","","","","","","","","","","","","","","","","ns1.uniregistrymarket.link","ns2.uniregistrymarket.link","","","clientDeleteProhibited","clientRenewProhibited","clientTransferProhibited","clientUpdateProhibited"
"55","migalan.com","2020-05-14 00:23:32","2020-05-13","2020-05-13","2021-05-13","48","eNom, Inc.","whois.enom.com","http://www.enom.com","REDACTED FOR PRIVACY","REDACTED FOR PRIVACY","REDACTED FOR PRIVACY","REDACTED FOR PRIVACY","Alto Parana","REDACTED FOR PRIVACY","Paraguay","","REDACTED FOR PRIVACY","REDACTED FOR PRIVACY","REDACTED FOR PRIVACY","REDACTED FOR PRIVACY","REDACTED FOR PRIVACY","REDACTED FOR PRIVACY","REDACTED FOR PRIVACY","REDACTED FOR PRIVACY","REDACTED FOR PRIVACY","","REDACTED FOR PRIVACY","REDACTED FOR PRIVACY","REDACTED FOR PRIVACY","REDACTED FOR PRIVACY","REDACTED FOR PRIVACY","REDACTED FOR PRIVACY","REDACTED FOR PRIVACY","REDACTED FOR PRIVACY","REDACTED FOR PRIVACY","","REDACTED FOR PRIVACY","REDACTED FOR PRIVACY","","","","","","","","","","","dns1.name-services.com","dns2.name-services.com","dns3.name-services.com","dns4.name-services.com","addPeriod","clientTransferProhibited","",""
"56","mj24hr.com","2020-05-13 08:29:16","2020-05-10","2020-05-10","2021-05-10","146","GoDaddy.com, LLC","whois.godaddy.com","http://registrar.godaddy.com","Godaddy","Godaddy","","","ON","","Paraguay","","","","","","","","","","","","","","","","","","","","","","","","","","","","","","","","","","ns1.uniregistrymarket.link","ns2.uniregistrymarket.link","","","clientDeleteProhibited","clientRenewProhibited","clientTransferProhibited","clientUpdateProhibited"
"57","modaparaguay.com","2020-05-13 07:12:57","2020-05-10","2020-05-10","2021-05-10","48","eNom, Inc.","whois.enom.com","http://www.enom.com","REDACTED FOR PRIVACY","REDACTED FOR PRIVACY","REDACTED FOR PRIVACY","REDACTED FOR PRIVACY","PY","REDACTED FOR PRIVACY","Paraguay","","REDACTED FOR PRIVACY","REDACTED FOR PRIVACY","REDACTED FOR PRIVACY","REDACTED FOR PRIVACY","REDACTED FOR PRIVACY","REDACTED FOR PRIVACY","REDACTED FOR PRIVACY","REDACTED FOR PRIVACY","REDACTED FOR PRIVACY","","REDACTED FOR PRIVACY","REDACTED FOR PRIVACY","REDACTED FOR PRIVACY","REDACTED FOR PRIVACY","REDACTED FOR PRIVACY","REDACTED FOR PRIVACY","REDACTED FOR PRIVACY","REDACTED FOR PRIVACY","REDACTED FOR PRIVACY","","REDACTED FOR PRIVACY","REDACTED FOR PRIVACY","","","","","","","","","","","ns1.amedidagroup.com","","","","addPeriod","clientTransferProhibited","",""
"58","naturelust.com","2020-05-13 10:57:02","2020-05-11","2020-05-11","2021-05-11","146","GoDaddy.com, LLC","whois.godaddy.com","http://registrar.godaddy.com","Godaddy","Godaddy","","","ON","","Paraguay","","","","","","","","","","","","","","","","","","","","","","","","","","","","","","","","","","ns1.uniregistrymarket.link","ns2.uniregistrymarket.link","","","clientDeleteProhibited","clientRenewProhibited","clientTransferProhibited","clientUpdateProhibited"
"59","nestorgaleanomegamariachi.com","2020-05-13 20:30:39","2020-05-11","2020-05-11","2021-05-11","146","GoDaddy.com, LLC","whois.godaddy.com","http://registrar.godaddy.com","1993","1993","","","11","","Paraguay","","","","","","","","","","","","","","","","","","","","","","","","","","","","","","","","","","ns09.domaincontrol.com","ns10.domaincontrol.com","","","clientDeleteProhibited","clientRenewProhibited","clientTransferProhibited","clientUpdateProhibited"
"60","netviewings.com","2020-05-13 21:10:22","2020-05-12","2020-05-12","2021-05-12","146","GoDaddy.com, LLC","whois.godaddy.com","http://registrar.godaddy.com","Godaddy","Godaddy","","","ON","","Paraguay","","","","","","","","","","","","","","","","","","","","","","","","","","","","","","","","","","ns1.uniregistrymarket.link","ns2.uniregistrymarket.link","","","clientDeleteProhibited","clientRenewProhibited","clientTransferProhibited","clientUpdateProhibited"
"61","offaxislifestyle.com","2020-05-13 09:48:00","2020-05-10","2020-05-10","2021-05-10","146","GoDaddy.com, LLC","whois.godaddy.com","http://registrar.godaddy.com","Off axis de Afara Salomon","Off axis de Afara Salomon","","","asuncion","","Paraguay","","","","","","","","","","","","","","","","","","","","","","","","","","","","","","","","","","ns75.domaincontrol.com","ns76.domaincontrol.com","","","clientDeleteProhibited","clientRenewProhibited","clientTransferProhibited","clientUpdateProhibited"
"62","oguiki.com","2020-05-13 08:04:13","2020-05-10","2020-05-10","2021-05-10","379","Arsys Internet, S.L. dba NICLINE.COM","whois.nicline.com","http://www.nicline.com","REDACTED FOR PRIVACY","","REDACTED FOR PRIVACY","REDACTED FOR PRIVACY","Central","REDACTED FOR PRIVACY","Paraguay","whoiscontact@domainconnection.info","REDACTED FOR PRIVACY","REDACTED FOR PRIVACY","REDACTED FOR PRIVACY","REDACTED FOR PRIVACY","REDACTED FOR PRIVACY","REDACTED FOR PRIVACY","REDACTED FOR PRIVACY","REDACTED FOR PRIVACY","REDACTED FOR PRIVACY","whoiscontact@domainconnection.info","REDACTED FOR PRIVACY","REDACTED FOR PRIVACY","REDACTED FOR PRIVACY","REDACTED FOR PRIVACY","REDACTED FOR PRIVACY","REDACTED FOR PRIVACY","REDACTED FOR PRIVACY","REDACTED FOR PRIVACY","REDACTED FOR PRIVACY","whoiscontact@domainconnection.info","REDACTED FOR PRIVACY","REDACTED FOR PRIVACY","","","","","","","","","","","ns39.maxdominios.com","ns40.maxdominios.com","","","addPeriod","clientTransferProhibited","",""
"63","page-publicidad.com","2020-05-13 20:42:53","2020-05-11","2020-05-11","2021-05-11","303","PDR Ltd. d/b/a PublicDomainRegistry.com","whois.publicdomainregistry.com","http://www.publicdomainregistry.com","Tomas Ariel Duarte Cuevas","SERVCONTEC","De las Llanas 1992","Asuncion","CAPITAL","1141","Paraguay","tomasarielduarte@gmail.com","+595.985343016","","Tomas Ariel Duarte Cuevas","SERVCONTEC","De las Llanas 1992","Asuncion","CAPITAL","1141","Paraguay","tomasarielduarte@gmail.com","+595.985343016","","Tomas Ariel Duarte Cuevas","SERVCONTEC","De las Llanas 1992","Asuncion","CAPITAL","1141","Paraguay","tomasarielduarte@gmail.com","+595.985343016","","","","","","","","","","","","ns27.domaincontrol.com","ns28.domaincontrol.com","","","clientTransferProhibited","","",""
"64","plusventas.com","2020-05-13 20:14:39","2020-05-12","2020-05-12","2021-05-12","379","Arsys Internet, S.L. dba NICLINE.COM","whois.nicline.com","http://www.nicline.com","REDACTED FOR PRIVACY","","REDACTED FOR PRIVACY","REDACTED FOR PRIVACY","Central","REDACTED FOR PRIVACY","Paraguay","whoiscontact@domainconnection.info","REDACTED FOR PRIVACY","REDACTED FOR PRIVACY","REDACTED FOR PRIVACY","REDACTED FOR PRIVACY","REDACTED FOR PRIVACY","REDACTED FOR PRIVACY","REDACTED FOR PRIVACY","REDACTED FOR PRIVACY","REDACTED FOR PRIVACY","whoiscontact@domainconnection.info","REDACTED FOR PRIVACY","REDACTED FOR PRIVACY","REDACTED FOR PRIVACY","REDACTED FOR PRIVACY","REDACTED FOR PRIVACY","REDACTED FOR PRIVACY","REDACTED FOR PRIVACY","REDACTED FOR PRIVACY","REDACTED FOR PRIVACY","whoiscontact@domainconnection.info","REDACTED FOR PRIVACY","REDACTED FOR PRIVACY","","","","","","","","","","","ns39.maxdominios.com","ns40.maxdominios.com","","","addPeriod","ok","",""
"65","promarketpy.com","2020-05-13 08:02:41","2020-05-10","2020-05-10","2021-05-10","69","Tucows Domains Inc.","whois.tucows.com","http://domainhelp.opensrs.net","REDACTED FOR PRIVACY","REDACTED FOR PRIVACY","REDACTED FOR PRIVACY","REDACTED FOR PRIVACY","XX","REDACTED FOR PRIVACY","Paraguay","","REDACTED FOR PRIVACY","REDACTED FOR PRIVACY","REDACTED FOR PRIVACY","REDACTED FOR PRIVACY","REDACTED FOR PRIVACY","REDACTED FOR PRIVACY","REDACTED FOR PRIVACY","REDACTED FOR PRIVACY","REDACTED FOR PRIVACY","","REDACTED FOR PRIVACY","REDACTED FOR PRIVACY","REDACTED FOR PRIVACY","REDACTED FOR PRIVACY","REDACTED FOR PRIVACY","REDACTED FOR PRIVACY","REDACTED FOR PRIVACY","REDACTED FOR PRIVACY","REDACTED FOR PRIVACY","","REDACTED FOR PRIVACY","REDACTED FOR PRIVACY","","","","","","","","","","","ns1.gnld1007.siteground.eu","ns2.gnld1007.siteground.eu","","","clientTransferProhibited","clientUpdateProhibited","",""
"66","rhemaspa.com","2020-05-13 20:47:04","2020-05-11","2020-05-13","2021-05-11","379","Arsys Internet, S.L. dba NICLINE.COM","whois.nicline.com","http://www.nicline.com","REDACTED FOR PRIVACY","","REDACTED FOR PRIVACY","REDACTED FOR PRIVACY","Alto Parana","REDACTED FOR PRIVACY","Paraguay","whoiscontact@domainconnection.info","REDACTED FOR PRIVACY","REDACTED FOR PRIVACY","REDACTED FOR PRIVACY","REDACTED FOR PRIVACY","REDACTED FOR PRIVACY","REDACTED FOR PRIVACY","REDACTED FOR PRIVACY","REDACTED FOR PRIVACY","REDACTED FOR PRIVACY","whoiscontact@domainconnection.info","REDACTED FOR PRIVACY","REDACTED FOR PRIVACY","REDACTED FOR PRIVACY","REDACTED FOR PRIVACY","REDACTED FOR PRIVACY","REDACTED FOR PRIVACY","REDACTED FOR PRIVACY","REDACTED FOR PRIVACY","REDACTED FOR PRIVACY","whoiscontact@domainconnection.info","REDACTED FOR PRIVACY","REDACTED FOR PRIVACY","","","","","","","","","","","ns39.maxdominios.com","ns40.maxdominios.com","","","addPeriod","ok","",""
"67","scn2natura.com","2020-05-13 09:01:29","2020-05-10","2020-05-10","2021-05-10","48","eNom, Inc.","whois.enom.com","http://www.enom.com","REDACTED FOR PRIVACY","REDACTED FOR PRIVACY","REDACTED FOR PRIVACY","REDACTED FOR PRIVACY","PY","REDACTED FOR PRIVACY","Paraguay","","REDACTED FOR PRIVACY","REDACTED FOR PRIVACY","REDACTED FOR PRIVACY","REDACTED FOR PRIVACY","REDACTED FOR PRIVACY","REDACTED FOR PRIVACY","REDACTED FOR PRIVACY","REDACTED FOR PRIVACY","REDACTED FOR PRIVACY","","REDACTED FOR PRIVACY","REDACTED FOR PRIVACY","REDACTED FOR PRIVACY","REDACTED FOR PRIVACY","REDACTED FOR PRIVACY","REDACTED FOR PRIVACY","REDACTED FOR PRIVACY","REDACTED FOR PRIVACY","REDACTED FOR PRIVACY","","REDACTED FOR PRIVACY","REDACTED FOR PRIVACY","","","","","","","","","","","ns1.parkingcrew.net","ns2.parkingcrew.net","","","addPeriod","clientTransferProhibited","",""
"68","shineandcaredetail.com","2020-05-13 09:48:08","2020-05-10","2020-05-10","2021-05-10","146","GoDaddy.com, LLC","whois.godaddy.com","http://registrar.godaddy.com","","","","","1915","","Paraguay","","","","","","","","","","","","","","","","","","","","","","","","","","","","","","","","","","ns55.domaincontrol.com","ns56.domaincontrol.com","","","clientDeleteProhibited","clientRenewProhibited","clientTransferProhibited","clientUpdateProhibited"
"69","shopsitepy.com","2020-05-13 07:10:27","2020-05-10","2020-05-10","2021-05-10","379","Arsys Internet, S.L. dba NICLINE.COM","whois.nicline.com","http://www.nicline.com","REDACTED FOR PRIVACY","","REDACTED FOR PRIVACY","REDACTED FOR PRIVACY","Central","REDACTED FOR PRIVACY","Paraguay","whoiscontact@domainconnection.info","REDACTED FOR PRIVACY","REDACTED FOR PRIVACY","REDACTED FOR PRIVACY","REDACTED FOR PRIVACY","REDACTED FOR PRIVACY","REDACTED FOR PRIVACY","REDACTED FOR PRIVACY","REDACTED FOR PRIVACY","REDACTED FOR PRIVACY","whoiscontact@domainconnection.info","REDACTED FOR PRIVACY","REDACTED FOR PRIVACY","REDACTED FOR PRIVACY","REDACTED FOR PRIVACY","REDACTED FOR PRIVACY","REDACTED FOR PRIVACY","REDACTED FOR PRIVACY","REDACTED FOR PRIVACY","REDACTED FOR PRIVACY","whoiscontact@domainconnection.info","REDACTED FOR PRIVACY","REDACTED FOR PRIVACY","","","","","","","","","","","ns39.maxdominios.com","ns40.maxdominios.com","","","addPeriod","clientTransferProhibited","",""
"70","steviastuff.com","2020-05-13 09:43:50","2020-05-09","2020-05-09","2021-05-09","146","GoDaddy.com, LLC","whois.godaddy.com","http://registrar.godaddy.com","","","","","Alto Parana","","Paraguay","","","","","","","","","","","","","","","","","","","","","","","","","","","","","","","","","","ns27.domaincontrol.com","ns28.domaincontrol.com","","","clientDeleteProhibited","clientRenewProhibited","clientTransferProhibited","clientUpdateProhibited"
"71","sweetparaguay.com","2020-05-13 06:59:41","2020-05-11","2020-05-11","2021-05-11","379","Arsys Internet, S.L. dba NICLINE.COM","whois.nicline.com","http://www.nicline.com","REDACTED FOR PRIVACY","","REDACTED FOR PRIVACY","REDACTED FOR PRIVACY","Central","REDACTED FOR PRIVACY","Paraguay","whoiscontact@domainconnection.info","REDACTED FOR PRIVACY","REDACTED FOR PRIVACY","REDACTED FOR PRIVACY","REDACTED FOR PRIVACY","REDACTED FOR PRIVACY","REDACTED FOR PRIVACY","REDACTED FOR PRIVACY","REDACTED FOR PRIVACY","REDACTED FOR PRIVACY","whoiscontact@domainconnection.info","REDACTED FOR PRIVACY","REDACTED FOR PRIVACY","REDACTED FOR PRIVACY","REDACTED FOR PRIVACY","REDACTED FOR PRIVACY","REDACTED FOR PRIVACY","REDACTED FOR PRIVACY","REDACTED FOR PRIVACY","REDACTED FOR PRIVACY","whoiscontact@domainconnection.info","REDACTED FOR PRIVACY","REDACTED FOR PRIVACY","","","","","","","","","","","ns39.maxdominios.com","ns40.maxdominios.com","","","addPeriod","clientTransferProhibited","",""
"72","tfnbo.com","2020-05-13 08:30:14","2020-05-10","2020-05-10","2021-05-10","379","Arsys Internet, S.L. dba NICLINE.COM","whois.nicline.com","http://www.nicline.com","REDACTED FOR PRIVACY","EVG Consultora","REDACTED FOR PRIVACY","REDACTED FOR PRIVACY","SIN PROVINCIA","REDACTED FOR PRIVACY","Paraguay","whoiscontact@domainconnection.info","REDACTED FOR PRIVACY","REDACTED FOR PRIVACY","REDACTED FOR PRIVACY","REDACTED FOR PRIVACY","REDACTED FOR PRIVACY","REDACTED FOR PRIVACY","REDACTED FOR PRIVACY","REDACTED FOR PRIVACY","REDACTED FOR PRIVACY","whoiscontact@domainconnection.info","REDACTED FOR PRIVACY","REDACTED FOR PRIVACY","REDACTED FOR PRIVACY","REDACTED FOR PRIVACY","REDACTED FOR PRIVACY","REDACTED FOR PRIVACY","REDACTED FOR PRIVACY","REDACTED FOR PRIVACY","REDACTED FOR PRIVACY","whoiscontact@domainconnection.info","REDACTED FOR PRIVACY","REDACTED FOR PRIVACY","","","","","","","","","","","ns1.paraguaydominios.com","ns2.paraguaydominios.com","","","addPeriod","clientTransferProhibited","",""
"73","tiendaonlinepy.com","2020-05-13 19:55:39","2020-05-12","2020-05-12","2021-05-12","955","Launchpad, Inc.","whois.launchpad.com","http://www.launchpad.com","Joel Balbuena","None","Virgen de Caacupe 114","Villa Elisa","16","2610","Paraguay","joelbalbuena@gmail.com","+595.981372665","","Joel Balbuena","None","Virgen de Caacupe 114","Villa Elisa","16","2610","Paraguay","joelbalbuena@gmail.com","+595.981372665","","Joel Balbuena","None","Virgen de Caacupe 114","Villa Elisa","16","2610","Paraguay","joelbalbuena@gmail.com","+595.981372665","","","","","","","","","","","","ns8135.hostgator.com","ns8136.hostgator.com","","","clientTransferProhibited","","",""
"74","tikvar.com","2020-05-13 20:42:18","2020-05-12","2020-05-12","2021-05-12","146","GoDaddy.com, LLC","whois.godaddy.com","http://registrar.godaddy.com","ac business","ac business","","","central","","Paraguay","","","","","","","","","","","","","","","","","","","","","","","","","","","","","","","","","","ns27.domaincontrol.com","ns28.domaincontrol.com","","","clientDeleteProhibited","clientRenewProhibited","clientTransferProhibited","clientUpdateProhibited"
"75","travelwebcast.com","2020-05-13 10:57:15","2020-05-11","2020-05-11","2021-05-11","146","GoDaddy.com, LLC","whois.godaddy.com","http://registrar.godaddy.com","Godaddy","Godaddy","","","ON","","Paraguay","","","","","","","","","","","","","","","","","","","","","","","","","","","","","","","","","","ns1.uniregistrymarket.link","ns2.uniregistrymarket.link","","","clientDeleteProhibited","clientRenewProhibited","clientTransferProhibited","clientUpdateProhibited"
"76","usawebcast.com","2020-05-13 10:57:10","2020-05-11","2020-05-11","2021-05-11","146","GoDaddy.com, LLC","whois.godaddy.com","http://registrar.godaddy.com","Godaddy","Godaddy","","","ON","","Paraguay","","","","","","","","","","","","","","","","","","","","","","","","","","","","","","","","","","ns1.uniregistrymarket.link","ns2.uniregistrymarket.link","","","clientDeleteProhibited","clientRenewProhibited","clientTransferProhibited","clientUpdateProhibited"
"77","ventaparatodo.com","2020-05-13 09:18:50","2020-05-09","2020-05-09","2021-05-09","48","eNom, Inc.","whois.enom.com","http://www.enom.com","REDACTED FOR PRIVACY","REDACTED FOR PRIVACY","REDACTED FOR PRIVACY","REDACTED FOR PRIVACY","PY","REDACTED FOR PRIVACY","Paraguay","","REDACTED FOR PRIVACY","REDACTED FOR PRIVACY","REDACTED FOR PRIVACY","REDACTED FOR PRIVACY","REDACTED FOR PRIVACY","REDACTED FOR PRIVACY","REDACTED FOR PRIVACY","REDACTED FOR PRIVACY","REDACTED FOR PRIVACY","","REDACTED FOR PRIVACY","REDACTED FOR PRIVACY","REDACTED FOR PRIVACY","REDACTED FOR PRIVACY","REDACTED FOR PRIVACY","REDACTED FOR PRIVACY","REDACTED FOR PRIVACY","REDACTED FOR PRIVACY","REDACTED FOR PRIVACY","","REDACTED FOR PRIVACY","REDACTED FOR PRIVACY","","","","","","","","","","","ns1.amedidahosting.com","ns2.amedidahosting.com","","","addPeriod","clientTransferProhibited","",""
"78","ventasparatodos.com","2020-05-13 09:32:25","2020-05-09","2020-05-09","2021-05-09","48","eNom, Inc.","whois.enom.com","http://www.enom.com","REDACTED FOR PRIVACY","REDACTED FOR PRIVACY","REDACTED FOR PRIVACY","REDACTED FOR PRIVACY","PY","REDACTED FOR PRIVACY","Paraguay","","REDACTED FOR PRIVACY","REDACTED FOR PRIVACY","REDACTED FOR PRIVACY","REDACTED FOR PRIVACY","REDACTED FOR PRIVACY","REDACTED FOR PRIVACY","REDACTED FOR PRIVACY","REDACTED FOR PRIVACY","REDACTED FOR PRIVACY","","REDACTED FOR PRIVACY","REDACTED FOR PRIVACY","REDACTED FOR PRIVACY","REDACTED FOR PRIVACY","REDACTED FOR PRIVACY","REDACTED FOR PRIVACY","REDACTED FOR PRIVACY","REDACTED FOR PRIVACY","REDACTED FOR PRIVACY","","REDACTED FOR PRIVACY","REDACTED FOR PRIVACY","","","","","","","","","","","ns1.amedidahosting.com","ns2.amedidahosting.com","","","addPeriod","clientTransferProhibited","",""
"79","vipfixer.com","2020-05-13 07:56:22","2020-05-11","2020-05-11","2021-05-11","146","GoDaddy.com, LLC","whois.godaddy.com","http://registrar.godaddy.com","Godaddy","Godaddy","","","ON","","Paraguay","","","","","","","","","","","","","","","","","","","","","","","","","","","","","","","","","","ns1.uniregistrymarket.link","ns2.uniregistrymarket.link","","","clientDeleteProhibited","clientRenewProhibited","clientTransferProhibited","clientUpdateProhibited"
"80","webviewings.com","2020-05-13 21:10:30","2020-05-12","2020-05-12","2021-05-12","146","GoDaddy.com, LLC","whois.godaddy.com","http://registrar.godaddy.com","Godaddy","Godaddy","","","ON","","Paraguay","","","","","","","","","","","","","","","","","","","","","","","","","","","","","","","","","","ns1.uniregistrymarket.link","ns2.uniregistrymarket.link","","","clientDeleteProhibited","clientRenewProhibited","clientTransferProhibited","clientUpdateProhibited"