"num","domain_name","query_time","create_date","update_date","expiry_date","domain_registrar_id","domain_registrar_name","domain_registrar_whois","domain_registrar_url","registrant_name","registrant_company","registrant_address","registrant_city","registrant_state","registrant_zip","registrant_country","registrant_email","registrant_phone","registrant_fax","administrative_name","administrative_company","administrative_address","administrative_city","administrative_state","administrative_zip","administrative_country","administrative_email","administrative_phone","administrative_fax","technical_name","technical_company","technical_address","technical_city","technical_state","technical_zip","technical_country","technical_email","technical_phone","technical_fax","billing_name","billing_company","billing_address","billing_city","billing_state","billing_zip","billing_country","billing_email","billing_phone","billing_fax","name_server_1","name_server_2","name_server_3","name_server_4","domain_status_1","domain_status_2","domain_status_3","domain_status_4"
"1","beccacomp.com","2020-05-13 20:44:24","2020-05-12","2020-05-12","2021-05-12","1154","FastDomain Inc.","whois.fastdomain.com","http://www.fastdomain.com","ERICO DI PIETRO","","BAY STREET, 4","KINGSTOWN","","VC0100","Saint Vincent and the Grenadines","ericodipietro@gmail.com","+39.663520444","","ERICO DI PIETRO","","BAY STREET, 4","KINGSTOWN","","VC0100","Saint Vincent and the Grenadines","ericodipietro@gmail.com","+39.663520444","","REGISTRARADS INC. INC.","REGISTRARADS, INC.","8100 NE PARKWAY DR STE 300","VANCOUVER,","WASHINGTON","98662","United States","buysdomains@gmail.com","+1.3602532210","","","","","","","","","","","","ns1.justhost.com","ns2.justhost.com","","","clientTransferProhibited","","",""
"2","chelsayyah.com","2020-05-13 20:44:25","2020-05-12","2020-05-12","2021-05-12","1154","FastDomain Inc.","whois.fastdomain.com","http://www.fastdomain.com","ERICO DI PIETRO","","BAY STREET, 4","KINGSTOWN","","VC0100","Saint Vincent and the Grenadines","ericodipietro@gmail.com","+39.663520444","","ERICO DI PIETRO","","BAY STREET, 4","KINGSTOWN","","VC0100","Saint Vincent and the Grenadines","ericodipietro@gmail.com","+39.663520444","","REGISTRARADS INC. INC.","REGISTRARADS, INC.","8100 NE PARKWAY DR STE 300","VANCOUVER,","WASHINGTON","98662","United States","buysdomains@gmail.com","+1.3602532210","","","","","","","","","","","","ns1.justhost.com","ns2.justhost.com","","","clientTransferProhibited","","",""
"3","djfearetical.com","2020-05-13 20:44:25","2020-05-12","2020-05-12","2021-05-12","1154","FastDomain Inc.","whois.fastdomain.com","http://www.fastdomain.com","ERICO DI PIETRO","","BAY STREET, 4","KINGSTOWN","","VC0100","Saint Vincent and the Grenadines","ericodipietro@gmail.com","+39.663520444","","ERICO DI PIETRO","","BAY STREET, 4","KINGSTOWN","","VC0100","Saint Vincent and the Grenadines","ericodipietro@gmail.com","+39.663520444","","REGISTRARADS INC. INC.","REGISTRARADS, INC.","8100 NE PARKWAY DR STE 300","VANCOUVER,","WASHINGTON","98662","United States","buysdomains@gmail.com","+1.3602532210","","","","","","","","","","","","ns1.justhost.com","ns2.justhost.com","","","clientTransferProhibited","","",""
"4","genaraadamsyah.com","2020-05-13 20:44:22","2020-05-12","2020-05-12","2021-05-12","1154","FastDomain Inc.","whois.fastdomain.com","http://www.fastdomain.com","ERICO DI PIETRO","","BAY STREET, 4","KINGSTOWN","","VC0100","Saint Vincent and the Grenadines","ericodipietro@gmail.com","+39.663520444","","ERICO DI PIETRO","","BAY STREET, 4","KINGSTOWN","","VC0100","Saint Vincent and the Grenadines","ericodipietro@gmail.com","+39.663520444","","REGISTRARADS INC. INC.","REGISTRARADS, INC.","8100 NE PARKWAY DR STE 300","VANCOUVER,","WASHINGTON","98662","United States","buysdomains@gmail.com","+1.3602532210","","","","","","","","","","","","ns1.justhost.com","ns2.justhost.com","","","clientTransferProhibited","","",""
"5","hiitay.com","2020-05-13 20:44:22","2020-05-12","2020-05-12","2021-05-12","1154","FastDomain Inc.","whois.fastdomain.com","http://www.fastdomain.com","ERICO DI PIETRO","","BAY STREET, 4","KINGSTOWN","","VC0100","Saint Vincent and the Grenadines","ericodipietro@gmail.com","+39.663520444","","ERICO DI PIETRO","","BAY STREET, 4","KINGSTOWN","","VC0100","Saint Vincent and the Grenadines","ericodipietro@gmail.com","+39.663520444","","REGISTRARADS INC. INC.","REGISTRARADS, INC.","8100 NE PARKWAY DR STE 300","VANCOUVER,","WASHINGTON","98662","United States","buysdomains@gmail.com","+1.3602532210","","","","","","","","","","","","ns1.justhost.com","ns2.justhost.com","","","clientTransferProhibited","","",""
"6","letholiveset.com","2020-05-13 20:44:24","2020-05-12","2020-05-12","2021-05-12","1154","FastDomain Inc.","whois.fastdomain.com","http://www.fastdomain.com","ERICO DI PIETRO","","BAY STREET, 4","KINGSTOWN","","VC0100","Saint Vincent and the Grenadines","ericodipietro@gmail.com","+39.663520444","","ERICO DI PIETRO","","BAY STREET, 4","KINGSTOWN","","VC0100","Saint Vincent and the Grenadines","ericodipietro@gmail.com","+39.663520444","","REGISTRARADS INC. INC.","REGISTRARADS, INC.","8100 NE PARKWAY DR STE 300","VANCOUVER,","WASHINGTON","98662","United States","buysdomains@gmail.com","+1.3602532210","","","","","","","","","","","","ns1.justhost.com","ns2.justhost.com","","","clientTransferProhibited","","",""
"7","lioreandkobiwhite.com","2020-05-13 20:44:25","2020-05-12","2020-05-12","2021-05-12","1154","FastDomain Inc.","whois.fastdomain.com","http://www.fastdomain.com","ERICO DI PIETRO","","BAY STREET, 4","KINGSTOWN","","VC0100","Saint Vincent and the Grenadines","ericodipietro@gmail.com","+39.663520444","","ERICO DI PIETRO","","BAY STREET, 4","KINGSTOWN","","VC0100","Saint Vincent and the Grenadines","ericodipietro@gmail.com","+39.663520444","","REGISTRARADS INC. INC.","REGISTRARADS, INC.","8100 NE PARKWAY DR STE 300","VANCOUVER,","WASHINGTON","98662","United States","buysdomains@gmail.com","+1.3602532210","","","","","","","","","","","","ns1.justhost.com","ns2.justhost.com","","","clientTransferProhibited","","",""
"8","lotaromusic.com","2020-05-13 20:44:24","2020-05-12","2020-05-12","2021-05-12","1154","FastDomain Inc.","whois.fastdomain.com","http://www.fastdomain.com","ERICO DI PIETRO","","BAY STREET, 4","KINGSTOWN","","VC0100","Saint Vincent and the Grenadines","ericodipietro@gmail.com","+39.663520444","","ERICO DI PIETRO","","BAY STREET, 4","KINGSTOWN","","VC0100","Saint Vincent and the Grenadines","ericodipietro@gmail.com","+39.663520444","","REGISTRARADS INC. INC.","REGISTRARADS, INC.","8100 NE PARKWAY DR STE 300","VANCOUVER,","WASHINGTON","98662","United States","buysdomains@gmail.com","+1.3602532210","","","","","","","","","","","","ns1.justhost.com","ns2.justhost.com","","","clientTransferProhibited","","",""
"9","lucassievers.com","2020-05-13 20:44:25","2020-05-12","2020-05-12","2021-05-12","1154","FastDomain Inc.","whois.fastdomain.com","http://www.fastdomain.com","ERICO DI PIETRO","","BAY STREET, 4","KINGSTOWN","","VC0100","Saint Vincent and the Grenadines","ericodipietro@gmail.com","+39.663520444","","ERICO DI PIETRO","","BAY STREET, 4","KINGSTOWN","","VC0100","Saint Vincent and the Grenadines","ericodipietro@gmail.com","+39.663520444","","REGISTRARADS INC. INC.","REGISTRARADS, INC.","8100 NE PARKWAY DR STE 300","VANCOUVER,","WASHINGTON","98662","United States","buysdomains@gmail.com","+1.3602532210","","","","","","","","","","","","ns1.justhost.com","ns2.justhost.com","","","clientTransferProhibited","","",""
"10","officialfabvdm.com","2020-05-13 20:44:26","2020-05-12","2020-05-12","2021-05-12","1154","FastDomain Inc.","whois.fastdomain.com","http://www.fastdomain.com","ERICO DI PIETRO","","BAY STREET, 4","KINGSTOWN","","VC0100","Saint Vincent and the Grenadines","ericodipietro@gmail.com","+39.663520444","","ERICO DI PIETRO","","BAY STREET, 4","KINGSTOWN","","VC0100","Saint Vincent and the Grenadines","ericodipietro@gmail.com","+39.663520444","","REGISTRARADS INC. INC.","REGISTRARADS, INC.","8100 NE PARKWAY DR STE 300","VANCOUVER,","WASHINGTON","98662","United States","buysdomains@gmail.com","+1.3602532210","","","","","","","","","","","","ns1.justhost.com","ns2.justhost.com","","","clientTransferProhibited","","",""
"11","officialigod.com","2020-05-13 20:44:22","2020-05-12","2020-05-12","2021-05-12","1154","FastDomain Inc.","whois.fastdomain.com","http://www.fastdomain.com","ERICO DI PIETRO","","BAY STREET, 4","KINGSTOWN","","VC0100","Saint Vincent and the Grenadines","ericodipietro@gmail.com","+39.663520444","","ERICO DI PIETRO","","BAY STREET, 4","KINGSTOWN","","VC0100","Saint Vincent and the Grenadines","ericodipietro@gmail.com","+39.663520444","","REGISTRARADS INC. INC.","REGISTRARADS, INC.","8100 NE PARKWAY DR STE 300","VANCOUVER,","WASHINGTON","98662","United States","buysdomains@gmail.com","+1.3602532210","","","","","","","","","","","","ns1.justhost.com","ns2.justhost.com","","","clientTransferProhibited","","",""
"12","officialshaman.com","2020-05-13 20:44:22","2020-05-12","2020-05-12","2021-05-12","1154","FastDomain Inc.","whois.fastdomain.com","http://www.fastdomain.com","ERICO DI PIETRO","","BAY STREET, 4","KINGSTOWN","","VC0100","Saint Vincent and the Grenadines","ericodipietro@gmail.com","+39.663520444","","ERICO DI PIETRO","","BAY STREET, 4","KINGSTOWN","","VC0100","Saint Vincent and the Grenadines","ericodipietro@gmail.com","+39.663520444","","REGISTRARADS INC. INC.","REGISTRARADS, INC.","8100 NE PARKWAY DR STE 300","VANCOUVER,","WASHINGTON","98662","United States","buysdomains@gmail.com","+1.3602532210","","","","","","","","","","","","ns1.justhost.com","ns2.justhost.com","","","clientTransferProhibited","","",""