"num","domain_name","query_time","create_date","update_date","expiry_date","domain_registrar_id","domain_registrar_name","domain_registrar_whois","domain_registrar_url","registrant_name","registrant_company","registrant_address","registrant_city","registrant_state","registrant_zip","registrant_country","registrant_email","registrant_phone","registrant_fax","administrative_name","administrative_company","administrative_address","administrative_city","administrative_state","administrative_zip","administrative_country","administrative_email","administrative_phone","administrative_fax","technical_name","technical_company","technical_address","technical_city","technical_state","technical_zip","technical_country","technical_email","technical_phone","technical_fax","billing_name","billing_company","billing_address","billing_city","billing_state","billing_zip","billing_country","billing_email","billing_phone","billing_fax","name_server_1","name_server_2","name_server_3","name_server_4","domain_status_1","domain_status_2","domain_status_3","domain_status_4"
"1","adrianails.com","2020-05-13 10:03:05","2020-05-10","2020-05-10","2021-05-10","146","GoDaddy.com, LLC","whois.godaddy.com","http://registrar.godaddy.com","","","","","Grad Beograd","","Serbia","","","","","","","","","","","","","","","","","","","","","","","","","","","","","","","","","","ns1.dns-parking.com","ns2.dns-parking.com","","","clientDeleteProhibited","clientRenewProhibited","clientTransferProhibited","clientUpdateProhibited"
"2","agromineral-projects.com","2020-05-13 20:10:06","2020-05-12","2020-05-12","2021-05-12","151","PSI-USA, Inc. dba Domain Robot","whois.psi-usa.info","http://www.psi-usa.info","REDACTED FOR PRIVACY","DOO AGROMINERAL","REDACTED FOR PRIVACY","REDACTED FOR PRIVACY","Srbija","REDACTED FOR PRIVACY","Serbia","","REDACTED FOR PRIVACY","REDACTED FOR PRIVACY","REDACTED FOR PRIVACY","REDACTED FOR PRIVACY","REDACTED FOR PRIVACY","REDACTED FOR PRIVACY","REDACTED FOR PRIVACY","REDACTED FOR PRIVACY","REDACTED FOR PRIVACY","","REDACTED FOR PRIVACY","REDACTED FOR PRIVACY","REDACTED FOR PRIVACY","REDACTED FOR PRIVACY","REDACTED FOR PRIVACY","REDACTED FOR PRIVACY","REDACTED FOR PRIVACY","REDACTED FOR PRIVACY","REDACTED FOR PRIVACY","","REDACTED FOR PRIVACY","REDACTED FOR PRIVACY","","","","","","","","","","","ns1.ulimitserver.com","ns2.ulimitserver.com","","","clientTransferProhibited","","",""
"3","agromineral-tech.com","2020-05-13 20:10:07","2020-05-12","2020-05-12","2021-05-12","151","PSI-USA, Inc. dba Domain Robot","whois.psi-usa.info","http://www.psi-usa.info","REDACTED FOR PRIVACY","DOO AGROMINERAL","REDACTED FOR PRIVACY","REDACTED FOR PRIVACY","Srbija","REDACTED FOR PRIVACY","Serbia","","REDACTED FOR PRIVACY","REDACTED FOR PRIVACY","REDACTED FOR PRIVACY","REDACTED FOR PRIVACY","REDACTED FOR PRIVACY","REDACTED FOR PRIVACY","REDACTED FOR PRIVACY","REDACTED FOR PRIVACY","REDACTED FOR PRIVACY","","REDACTED FOR PRIVACY","REDACTED FOR PRIVACY","REDACTED FOR PRIVACY","REDACTED FOR PRIVACY","REDACTED FOR PRIVACY","REDACTED FOR PRIVACY","REDACTED FOR PRIVACY","REDACTED FOR PRIVACY","REDACTED FOR PRIVACY","","REDACTED FOR PRIVACY","REDACTED FOR PRIVACY","","","","","","","","","","","ns1.ulimitserver.com","ns2.ulimitserver.com","","","clientTransferProhibited","","",""
"4","aleksandarmilic.net","2020-05-13 19:09:28","2020-05-11","2020-05-11","2021-05-11","69","Tucows Domains Inc.","whois.tucows.com","http://domainhelp.opensrs.net","REDACTED FOR PRIVACY","REDACTED FOR PRIVACY","REDACTED FOR PRIVACY","REDACTED FOR PRIVACY","REDACTED FOR PRIVACY","REDACTED FOR PRIVACY","Serbia","","REDACTED FOR PRIVACY","REDACTED FOR PRIVACY","REDACTED FOR PRIVACY","REDACTED FOR PRIVACY","REDACTED FOR PRIVACY","REDACTED FOR PRIVACY","REDACTED FOR PRIVACY","REDACTED FOR PRIVACY","REDACTED FOR PRIVACY","","REDACTED FOR PRIVACY","REDACTED FOR PRIVACY","REDACTED FOR PRIVACY","REDACTED FOR PRIVACY","REDACTED FOR PRIVACY","REDACTED FOR PRIVACY","REDACTED FOR PRIVACY","REDACTED FOR PRIVACY","REDACTED FOR PRIVACY","","REDACTED FOR PRIVACY","REDACTED FOR PRIVACY","","","","","","","","","","","ns.beotel.net","ns.beotel.rs","","","","","",""
"5","aleksandartrickovic.com","2020-05-13 10:11:49","2020-05-10","2020-05-10","2021-05-10","303","PDR Ltd. d/b/a PublicDomainRegistry.com","whois.publicdomainregistry.com","http://www.publicdomainregistry.com","Aleksandar Trickovic","Aleksandar Trickovic","Ivana Sarica 20","Subotica","Vojvodina","24000","Serbia","acatriki@gmail.com","+381.645410515","","Aleksandar Trickovic","Aleksandar Trickovic","Ivana Sarica 20","Subotica","Vojvodina","24000","Serbia","acatriki@gmail.com","+381.645410515","","Aleksandar Trickovic","Aleksandar Trickovic","Ivana Sarica 20","Subotica","Vojvodina","24000","Serbia","acatriki@gmail.com","+381.645410515","","","","","","","","","","","","ns1.dns-parking.com","ns2.dns-parking.com","","","clientTransferProhibited","","",""
"6","amafiastory.com","2020-05-13 10:41:39","2020-05-10","2020-05-10","2021-05-10","1441","TurnCommerce, Inc. DBA NameBright.com","whois.namebright.com","http://www.namebright.com","Redacted for GDPR privacy","","Redacted for GDPR privacy","Redacted for GDPR privacy","SE","Redacted for GDPR privacy","Serbia","","Redacted for GDPR privacy","Redacted for GDPR privacy","Redacted for GDPR privacy","Redacted for GDPR privacy","Redacted for GDPR privacy","Redacted for GDPR privacy","Redacted for GDPR privacy","Redacted for GDPR privacy","Redacted for GDPR privacy","","Redacted for GDPR privacy","Redacted for GDPR privacy","Redacted for GDPR privacy","Redacted for GDPR privacy","Redacted for GDPR privacy","Redacted for GDPR privacy","Redacted for GDPR privacy","Redacted for GDPR privacy","Redacted for GDPR privacy","","Redacted for GDPR privacy","Redacted for GDPR privacy","","","","","","","","","","","ns1.adhdns.biz","ns2.adhdns.biz","","","clientTransferProhibited","","",""
"7","andrijanaristic.com","2020-05-13 08:29:08","2020-05-10","2020-05-10","2021-05-10","48","eNom, Inc.","whois.enom.com","http://www.enom.com","REDACTED FOR PRIVACY","REDACTED FOR PRIVACY","REDACTED FOR PRIVACY","REDACTED FOR PRIVACY","Novi+Beograd","REDACTED FOR PRIVACY","Serbia","","REDACTED FOR PRIVACY","REDACTED FOR PRIVACY","REDACTED FOR PRIVACY","REDACTED FOR PRIVACY","REDACTED FOR PRIVACY","REDACTED FOR PRIVACY","REDACTED FOR PRIVACY","REDACTED FOR PRIVACY","REDACTED FOR PRIVACY","","REDACTED FOR PRIVACY","REDACTED FOR PRIVACY","REDACTED FOR PRIVACY","REDACTED FOR PRIVACY","REDACTED FOR PRIVACY","REDACTED FOR PRIVACY","REDACTED FOR PRIVACY","REDACTED FOR PRIVACY","REDACTED FOR PRIVACY","","REDACTED FOR PRIVACY","REDACTED FOR PRIVACY","","","","","","","","","","","ns3.superhosting.rs","ns4.superhosting.rs","","","addPeriod","clientTransferProhibited","",""
"8","animalsospechoso.com","2020-05-13 20:09:44","2020-05-12","2020-05-12","2021-05-12","1441","TurnCommerce, Inc. DBA NameBright.com","whois.namebright.com","http://www.namebright.com","Redacted for GDPR privacy","","Redacted for GDPR privacy","Redacted for GDPR privacy","SE","Redacted for GDPR privacy","Serbia","","Redacted for GDPR privacy","Redacted for GDPR privacy","Redacted for GDPR privacy","Redacted for GDPR privacy","Redacted for GDPR privacy","Redacted for GDPR privacy","Redacted for GDPR privacy","Redacted for GDPR privacy","Redacted for GDPR privacy","","Redacted for GDPR privacy","Redacted for GDPR privacy","Redacted for GDPR privacy","Redacted for GDPR privacy","Redacted for GDPR privacy","Redacted for GDPR privacy","Redacted for GDPR privacy","Redacted for GDPR privacy","Redacted for GDPR privacy","","Redacted for GDPR privacy","Redacted for GDPR privacy","","","","","","","","","","","ns1.namebrightdns.com","ns2.namebrightdns.com","","","clientTransferProhibited","","",""
"9","aredato.com","2020-05-13 10:43:48","2020-05-10","2020-05-10","2021-05-10","303","PDR Ltd. d/b/a PublicDomainRegistry.com","whois.publicdomainregistry.com","http://www.publicdomainregistry.com","Jelena Milovanovic","","Mokranjceva 94","Nis","Srbija","18000","Serbia","aredato.com@gmail.com","+381.693182010","","Jelena Milovanovic","","Mokranjceva 94","Nis","Srbija","18000","Serbia","aredato.com@gmail.com","+381.693182010","","Jelena Milovanovic","","Mokranjceva 94","Nis","Srbija","18000","Serbia","aredato.com@gmail.com","+381.693182010","","","","","","","","","","","","dns1.unlimited.rs","dns2.unlimited.rs","","","clientTransferProhibited","","",""
"10","art-is-in.com","2020-05-13 10:54:06","2020-05-11","2020-05-11","2021-05-11","1441","TurnCommerce, Inc. DBA NameBright.com","whois.namebright.com","http://www.namebright.com","Redacted for GDPR privacy","","Redacted for GDPR privacy","Redacted for GDPR privacy","SE","Redacted for GDPR privacy","Serbia","","Redacted for GDPR privacy","Redacted for GDPR privacy","Redacted for GDPR privacy","Redacted for GDPR privacy","Redacted for GDPR privacy","Redacted for GDPR privacy","Redacted for GDPR privacy","Redacted for GDPR privacy","Redacted for GDPR privacy","","Redacted for GDPR privacy","Redacted for GDPR privacy","Redacted for GDPR privacy","Redacted for GDPR privacy","Redacted for GDPR privacy","Redacted for GDPR privacy","Redacted for GDPR privacy","Redacted for GDPR privacy","Redacted for GDPR privacy","","Redacted for GDPR privacy","Redacted for GDPR privacy","","","","","","","","","","","ns1.adhdns.biz","ns2.adhdns.biz","","","clientTransferProhibited","","",""
"11","arteomerta.com","2020-05-13 20:48:05","2020-05-12","2020-05-12","2021-05-12","303","PDR Ltd. d/b/a PublicDomainRegistry.com","whois.publicdomainregistry.com","http://www.publicdomainregistry.com","Slobodan Savic","","Temerinska 46","Novi Sad","","21000","Serbia","savicslobodan@hotmail.com","+381.63551065","","Slobodan Savic","","Temerinska 46","Novi Sad","","21000","Serbia","savicslobodan@hotmail.com","+381.63551065","","Slobodan Savic","","Temerinska 46","Novi Sad","","21000","Serbia","savicslobodan@hotmail.com","+381.63551065","","","","","","","","","","","","dns1.orion.rs","dns2.orion.rs","dns3.orion.rs","dns4.orion.rs","clientTransferProhibited","","",""
"12","artvuckovic.com","2020-05-13 11:02:06","2020-05-11","2020-05-11","2021-05-11","955","Launchpad, Inc.","whois.launchpad.com","http://www.launchpad.com","Nemanja Vuksanovic","None","Alakince bb, Surdulica 17530","surdulica","00","17530","Serbia","vucko989@gmail.com","+381.640695314","","Nemanja Vuksanovic","None","Alakince bb, Surdulica 17530","surdulica","00","17530","Serbia","vucko989@gmail.com","+381.640695314","","Nemanja Vuksanovic","None","Alakince bb, Surdulica 17530","surdulica","00","17530","Serbia","vucko989@gmail.com","+381.640695314","","","","","","","","","","","","ns5999.hostgator.com","ns6000.hostgator.com","","","clientTransferProhibited","","",""
"13","axivsystems.com","2020-05-13 09:12:49","2020-05-09","2020-05-09","2021-05-09","146","GoDaddy.com, LLC","whois.godaddy.com","http://registrar.godaddy.com","","","","","smederevo","","Serbia","","","","","","","","","","","","","","","","","","","","","","","","","","","","","","","","","","ns1.gnld1035.siteground.eu","ns2.gnld1035.siteground.eu","","","clientDeleteProhibited","clientRenewProhibited","clientTransferProhibited","clientUpdateProhibited"
"14","azgroupdoo.com","2020-05-13 10:55:51","2020-05-11","2020-05-11","2021-05-11","106","Ascio Technologies, Inc. Danmark - Filial af Ascio technologies, Inc. USA","whois.ascio.com","http://www.ascio.com","Not Disclosed","Not Disclosed","Not Disclosed","Not Disclosed","","Not Disclosed","Serbia","","Not Disclosed","Not Disclosed","Not Disclosed","Not Disclosed","Not Disclosed","Not Disclosed","Not Disclosed","Not Disclosed","Not Disclosed","","Not Disclosed","Not Disclosed","Not Disclosed","Not Disclosed","Not Disclosed","Not Disclosed","Not Disclosed","Not Disclosed","Not Disclosed","","Not Disclosed","Not Disclosed","","","","","","","","","","","ns1.loopia.se","ns2.loopia.se","","","OK","","",""
"15","azulbeachmontenegro.com","2020-05-13 10:56:38","2020-05-11","2020-05-11","2021-05-11","69","Tucows Domains Inc.","whois.tucows.com","http://domainhelp.opensrs.net","REDACTED FOR PRIVACY","REDACTED FOR PRIVACY","REDACTED FOR PRIVACY","REDACTED FOR PRIVACY","","REDACTED FOR PRIVACY","Serbia","","REDACTED FOR PRIVACY","REDACTED FOR PRIVACY","REDACTED FOR PRIVACY","REDACTED FOR PRIVACY","REDACTED FOR PRIVACY","REDACTED FOR PRIVACY","REDACTED FOR PRIVACY","REDACTED FOR PRIVACY","REDACTED FOR PRIVACY","","REDACTED FOR PRIVACY","REDACTED FOR PRIVACY","REDACTED FOR PRIVACY","REDACTED FOR PRIVACY","REDACTED FOR PRIVACY","REDACTED FOR PRIVACY","REDACTED FOR PRIVACY","REDACTED FOR PRIVACY","REDACTED FOR PRIVACY","","REDACTED FOR PRIVACY","REDACTED FOR PRIVACY","","","","","","","","","","","dns1.eunethosting.com","dns2.eunethosting.com","","","","","",""
"16","azulbeachresortmontenegro.com","2020-05-13 10:56:43","2020-05-11","2020-05-11","2021-05-11","69","Tucows Domains Inc.","whois.tucows.com","http://domainhelp.opensrs.net","REDACTED FOR PRIVACY","REDACTED FOR PRIVACY","REDACTED FOR PRIVACY","REDACTED FOR PRIVACY","","REDACTED FOR PRIVACY","Serbia","","REDACTED FOR PRIVACY","REDACTED FOR PRIVACY","REDACTED FOR PRIVACY","REDACTED FOR PRIVACY","REDACTED FOR PRIVACY","REDACTED FOR PRIVACY","REDACTED FOR PRIVACY","REDACTED FOR PRIVACY","REDACTED FOR PRIVACY","","REDACTED FOR PRIVACY","REDACTED FOR PRIVACY","REDACTED FOR PRIVACY","REDACTED FOR PRIVACY","REDACTED FOR PRIVACY","REDACTED FOR PRIVACY","REDACTED FOR PRIVACY","REDACTED FOR PRIVACY","REDACTED FOR PRIVACY","","REDACTED FOR PRIVACY","REDACTED FOR PRIVACY","","","","","","","","","","","dns1.eunethosting.com","dns2.eunethosting.com","","","","","",""
"17","bazeniizvor.net","2020-05-13 19:09:05","2020-05-12","2020-05-13","2021-05-12","1479","Namesilo, LLC","whois.namesilo.com","http://www.namesilo.com","Darko Selakovic","","Vikend naselje Morak 1 Stojnik","Ralja","Sopot","11233","Serbia","darko.businessplus@yahoo.com","+381.63243735","","Darko Selakovic","","Vikend naselje Morak 1 Stojnik","Ralja","Sopot","11233","Serbia","darko.businessplus@yahoo.com","+381.63243735","","Darko Selakovic","","Vikend naselje Morak 1 Stojnik","Ralja","Sopot","11233","Serbia","darko.businessplus@yahoo.com","+381.63243735","","","","","","","","","","","","ns15.contrateam.com","ns16.contrateam.com","","","clientTransferProhibited","","",""
"18","benidonagroup.com","2020-05-13 20:15:06","2020-05-12","2020-05-12","2021-05-12","146","GoDaddy.com, LLC","whois.godaddy.com","http://registrar.godaddy.com","","","","","Kosovo","","Serbia","","","","","","","","","","","","","","","","","","","","","","","","","","","","","","","","","","ns27.domaincontrol.com","ns28.domaincontrol.com","","","clientDeleteProhibited","clientRenewProhibited","clientTransferProhibited","clientUpdateProhibited"
"19","biogreen-shop.com","2020-05-13 20:22:46","2020-05-11","2020-05-11","2021-05-11","955","Launchpad, Inc.","whois.launchpad.com","http://www.launchpad.com","Stevan Zahorjevic","None","Nikole Tesle 56","Kac","06","21241","Serbia","nsalhemist@gmail.com","+381.21361846","","Stevan Zahorjevic","None","Nikole Tesle 56","Kac","06","21241","Serbia","nsalhemist@gmail.com","+381.21361846","","Stevan Zahorjevic","None","Nikole Tesle 56","Kac","06","21241","Serbia","nsalhemist@gmail.com","+381.21361846","","","","","","","","","","","","ns1.hostingweb.rs","ns2.hostingweb.rs","","","clientTransferProhibited","","",""
"20","blancrezo.com","2020-05-13 07:38:04","2020-05-11","2020-05-11","2021-05-11","146","GoDaddy.com, LLC","whois.godaddy.com","http://registrar.godaddy.com","","","","","Kosovo","","Serbia","","","","","","","","","","","","","","","","","","","","","","","","","","","","","","","","","","ns13.domaincontrol.com","ns14.domaincontrol.com","","","clientDeleteProhibited","clientRenewProhibited","clientTransferProhibited","clientUpdateProhibited"
"21","bobbyalt.com","2020-05-13 07:06:21","2020-05-10","2020-05-10","2021-05-10","1441","TurnCommerce, Inc. DBA NameBright.com","whois.namebright.com","http://www.namebright.com","Redacted for GDPR privacy","","Redacted for GDPR privacy","Redacted for GDPR privacy","SE","Redacted for GDPR privacy","Serbia","","Redacted for GDPR privacy","Redacted for GDPR privacy","Redacted for GDPR privacy","Redacted for GDPR privacy","Redacted for GDPR privacy","Redacted for GDPR privacy","Redacted for GDPR privacy","Redacted for GDPR privacy","Redacted for GDPR privacy","","Redacted for GDPR privacy","Redacted for GDPR privacy","Redacted for GDPR privacy","Redacted for GDPR privacy","Redacted for GDPR privacy","Redacted for GDPR privacy","Redacted for GDPR privacy","Redacted for GDPR privacy","Redacted for GDPR privacy","","Redacted for GDPR privacy","Redacted for GDPR privacy","","","","","","","","","","","ns1.adhdns.biz","ns2.adhdns.biz","","","clientTransferProhibited","","",""
"22","bojandev.com","2020-05-13 09:51:31","2020-05-10","2020-05-11","2021-05-10","886","Domain.com, LLC","whois.domain.com","http://www.domain.com","REDACTED FOR PRIVACY","REDACTED FOR PRIVACY","REDACTED FOR PRIVACY","REDACTED FOR PRIVACY","REDACTED FOR PRIVACY","REDACTED FOR PRIVACY","Serbia","","REDACTED FOR PRIVACY","REDACTED FOR PRIVACY","REDACTED FOR PRIVACY","REDACTED FOR PRIVACY","REDACTED FOR PRIVACY","REDACTED FOR PRIVACY","REDACTED FOR PRIVACY","REDACTED FOR PRIVACY","REDACTED FOR PRIVACY","","REDACTED FOR PRIVACY","REDACTED FOR PRIVACY","REDACTED FOR PRIVACY","REDACTED FOR PRIVACY","REDACTED FOR PRIVACY","REDACTED FOR PRIVACY","REDACTED FOR PRIVACY","REDACTED FOR PRIVACY","REDACTED FOR PRIVACY","","REDACTED FOR PRIVACY","REDACTED FOR PRIVACY","","","","","","","","","","","ns1.domain.com","ns2.domain.com","","","","","",""
"23","brendion.com","2020-05-13 09:35:21","2020-05-09","2020-05-09","2021-05-09","146","GoDaddy.com, LLC","whois.godaddy.com","http://registrar.godaddy.com","","","","","Juzni","","Serbia","","","","","","","","","","","","","","","","","","","","","","","","","","","","","","","","","","ns1.digitalocean.com","ns2.digitalocean.com","","","clientDeleteProhibited","clientRenewProhibited","clientTransferProhibited","clientUpdateProhibited"
"24","bunamemories.com","2020-05-13 19:50:50","2020-05-12","2020-05-12","2023-05-12","146","GoDaddy.com, LLC","whois.godaddy.com","http://registrar.godaddy.com","Buna & Retex","Buna & Retex","","","Kosovo","","Serbia","","","","","","","","","","","","","","","","","","","","","","","","","","","","","","","","","","ns27.domaincontrol.com","ns28.domaincontrol.com","","","clientDeleteProhibited","clientRenewProhibited","clientTransferProhibited","clientUpdateProhibited"
"25","ceciliawong.com","2020-05-13 20:37:38","2020-05-11","2020-05-11","2021-05-11","2080","DropCatch.com 600 LLC","whois.namebright.com","http://www.dropcatch600.com","Stefan Indic","","Karadjordjeva","Stara Pazova","VO","22300","Serbia","stefan.indjic@gmail.com","+381.63553301","","Stefan Indic","","Karadjordjeva","Stara Pazova","VO","22300","Serbia","stefan.indjic@gmail.com","+381.63553301","","Stefan Indic","","Karadjordjeva","Stara Pazova","VO","22300","Serbia","stefan.indjic@gmail.com","+381.63553301","","","","","","","","","","","","ns1.dan.com","ns2.dan.com","","","clientTransferProhibited","","",""
"26","ceeqam.com","2020-05-13 20:31:00","2020-05-11","2020-05-11","2021-05-11","433","OVH sas","whois.ovh.com","http://www.ovh.com","REDACTED FOR PRIVACY","","REDACTED FOR PRIVACY","REDACTED FOR PRIVACY","","REDACTED FOR PRIVACY","Serbia","x8ez3pqlhoc0s0sq5482@b.o-w-o.info","REDACTED FOR PRIVACY","REDACTED FOR PRIVACY","REDACTED FOR PRIVACY","REDACTED FOR PRIVACY","REDACTED FOR PRIVACY","REDACTED FOR PRIVACY","REDACTED FOR PRIVACY","REDACTED FOR PRIVACY","REDACTED FOR PRIVACY","53vj4vjesbvrd2411a25@j.o-w-o.info","REDACTED FOR PRIVACY","REDACTED FOR PRIVACY","REDACTED FOR PRIVACY","REDACTED FOR PRIVACY","REDACTED FOR PRIVACY","REDACTED FOR PRIVACY","REDACTED FOR PRIVACY","REDACTED FOR PRIVACY","REDACTED FOR PRIVACY","53vj4vjesbvrd2411a25@j.o-w-o.info","REDACTED FOR PRIVACY","REDACTED FOR PRIVACY","","","","","","","","","","","dns109.ovh.net","ns109.ovh.net","","","clientDeleteProhibited","clientTransferProhibited","",""
"27","clubvila011.com","2020-05-13 11:00:58","2020-05-11","2020-05-11","2021-05-11","151","PSI-USA, Inc. dba Domain Robot","whois.psi-usa.info","http://www.psi-usa.info","REDACTED FOR PRIVACY","","REDACTED FOR PRIVACY","REDACTED FOR PRIVACY","Serbia","REDACTED FOR PRIVACY","Serbia","","REDACTED FOR PRIVACY","REDACTED FOR PRIVACY","REDACTED FOR PRIVACY","REDACTED FOR PRIVACY","REDACTED FOR PRIVACY","REDACTED FOR PRIVACY","REDACTED FOR PRIVACY","REDACTED FOR PRIVACY","REDACTED FOR PRIVACY","","REDACTED FOR PRIVACY","REDACTED FOR PRIVACY","REDACTED FOR PRIVACY","REDACTED FOR PRIVACY","REDACTED FOR PRIVACY","REDACTED FOR PRIVACY","REDACTED FOR PRIVACY","REDACTED FOR PRIVACY","REDACTED FOR PRIVACY","","REDACTED FOR PRIVACY","REDACTED FOR PRIVACY","","","","","","","","","","","ns1.nextweb.rs","ns2.nextweb.rs","","","clientTransferProhibited","","",""
"28","connoisseursadriatic.com","2020-05-13 20:16:26","2020-05-12","2020-05-12","2021-05-12","151","PSI-USA, Inc. dba Domain Robot","whois.psi-usa.info","http://www.psi-usa.info","REDACTED FOR PRIVACY","Travel House d.o.o.","REDACTED FOR PRIVACY","REDACTED FOR PRIVACY","RS","REDACTED FOR PRIVACY","Serbia","","REDACTED FOR PRIVACY","REDACTED FOR PRIVACY","REDACTED FOR PRIVACY","REDACTED FOR PRIVACY","REDACTED FOR PRIVACY","REDACTED FOR PRIVACY","REDACTED FOR PRIVACY","REDACTED FOR PRIVACY","REDACTED FOR PRIVACY","","REDACTED FOR PRIVACY","REDACTED FOR PRIVACY","REDACTED FOR PRIVACY","REDACTED FOR PRIVACY","REDACTED FOR PRIVACY","REDACTED FOR PRIVACY","REDACTED FOR PRIVACY","REDACTED FOR PRIVACY","REDACTED FOR PRIVACY","","REDACTED FOR PRIVACY","REDACTED FOR PRIVACY","","","","","","","","","","","ns1.mdns.rs","ns2.mdns.rs","ns3.mdns.rs","ns4.mdns.rs","clientTransferProhibited","","",""
"29","contrade.solutions","2020-05-13 22:31:58","2020-05-11","2020-05-11","2021-05-11","151","PSI-USA, Inc. dba Domain Robot","whois.psi-usa.info","http://www.psi-usa.info","REDACTED FOR PRIVACY","International Technical Services LLC - ITS","REDACTED FOR PRIVACY","REDACTED FOR PRIVACY","RS","REDACTED FOR PRIVACY","Serbia","","REDACTED FOR PRIVACY","REDACTED FOR PRIVACY","","","","","","","","","","","","","","","","","","","","","","","","","","","","","","","","","","","addPeriod","clientTransferProhibited","",""
"30","dancing-unicorns.com","2020-05-13 20:51:45","2020-05-11","2020-05-11","2022-05-11","146","GoDaddy.com, LLC","whois.godaddy.com","http://registrar.godaddy.com","","","","","Grad Beograd","","Serbia","","","","","","","","","","","","","","","","","","","","","","","","","","","","","","","","","","ns31.domaincontrol.com","ns32.domaincontrol.com","","","clientDeleteProhibited","clientRenewProhibited","clientTransferProhibited","clientUpdateProhibited"
"31","dekorboom.com","2020-05-13 20:08:09","2020-05-12","2020-05-12","2021-05-12","303","PDR Ltd. d/b/a PublicDomainRegistry.com","whois.publicdomainregistry.com","http://www.publicdomainregistry.com","Nikola Jovanovic","","Borivoja Stevanovica","Beograd","RS","11000","Serbia","office.ibnsoftware@gmail.com","+381.693303993","","Nikola Jovanovic","","Borivoja Stevanovica","Beograd","RS","11000","Serbia","office.ibnsoftware@gmail.com","+381.693303993","","Nikola Jovanovic","","Borivoja Stevanovica","Beograd","RS","11000","Serbia","office.ibnsoftware@gmail.com","+381.693303993","","","","","","","","","","","","ns13.unlimited.rs","ns14.unlimited.rs","","","clientTransferProhibited","","",""
"32","deluxapartments.com","2020-05-13 20:44:21","2020-05-12","2020-05-13","2021-05-12","106","Ascio Technologies, Inc. Danmark - Filial af Ascio technologies, Inc. USA","whois.ascio.com","http://www.ascio.com","Not Disclosed","Not Disclosed","Not Disclosed","Not Disclosed","","Not Disclosed","Serbia","","Not Disclosed","Not Disclosed","Not Disclosed","Not Disclosed","Not Disclosed","Not Disclosed","Not Disclosed","Not Disclosed","Not Disclosed","","Not Disclosed","Not Disclosed","Not Disclosed","Not Disclosed","Not Disclosed","Not Disclosed","Not Disclosed","Not Disclosed","Not Disclosed","","Not Disclosed","Not Disclosed","","","","","","","","","","","first.infozonet.com","second.infozonet.com","","","OK","","",""
"33","dietego.com","2020-05-13 09:09:10","2020-05-10","2020-05-10","2021-05-10","106","Ascio Technologies, Inc. Danmark - Filial af Ascio technologies, Inc. USA","whois.ascio.com","http://www.ascio.com","Not Disclosed","Not Disclosed","Not Disclosed","Not Disclosed","","Not Disclosed","Serbia","","Not Disclosed","Not Disclosed","Not Disclosed","Not Disclosed","Not Disclosed","Not Disclosed","Not Disclosed","Not Disclosed","Not Disclosed","","Not Disclosed","Not Disclosed","Not Disclosed","Not Disclosed","Not Disclosed","Not Disclosed","Not Disclosed","Not Disclosed","Not Disclosed","","Not Disclosed","Not Disclosed","","","","","","","","","","","ns1.loopia.se","ns2.loopia.se","","","OK","","",""
"34","digitalspoons.com","2020-05-13 11:02:00","2020-05-11","2020-05-11","2021-05-11","146","GoDaddy.com, LLC","whois.godaddy.com","http://registrar.godaddy.com","","","","","Belgrade","","Serbia","","","","","","","","","","","","","","","","","","","","","","","","","","","","","","","","","","ns39.domaincontrol.com","ns40.domaincontrol.com","","","clientDeleteProhibited","clientRenewProhibited","clientTransferProhibited","clientUpdateProhibited"
"35","doradoconsultancy.com","2020-05-13 09:54:33","2020-05-10","2020-05-10","2021-05-10","106","Ascio Technologies, Inc. Danmark - Filial af Ascio technologies, Inc. USA","whois.ascio.com","http://www.ascio.com","Not Disclosed","Not Disclosed","Not Disclosed","Not Disclosed","","Not Disclosed","Serbia","","Not Disclosed","Not Disclosed","Not Disclosed","Not Disclosed","Not Disclosed","Not Disclosed","Not Disclosed","Not Disclosed","Not Disclosed","","Not Disclosed","Not Disclosed","Not Disclosed","Not Disclosed","Not Disclosed","Not Disclosed","Not Disclosed","Not Disclosed","Not Disclosed","","Not Disclosed","Not Disclosed","","","","","","","","","","","guss.ns.cloudflare.com","wanda.ns.cloudflare.com","","","OK","","",""
"36","dotlic-web.com","2020-05-13 07:06:30","2020-05-10","2020-05-11","2021-05-10","151","PSI-USA, Inc. dba Domain Robot","whois.psi-usa.info","http://www.psi-usa.info","REDACTED FOR PRIVACY","","REDACTED FOR PRIVACY","REDACTED FOR PRIVACY","Serbia","REDACTED FOR PRIVACY","Serbia","","REDACTED FOR PRIVACY","REDACTED FOR PRIVACY","REDACTED FOR PRIVACY","REDACTED FOR PRIVACY","REDACTED FOR PRIVACY","REDACTED FOR PRIVACY","REDACTED FOR PRIVACY","REDACTED FOR PRIVACY","REDACTED FOR PRIVACY","","REDACTED FOR PRIVACY","REDACTED FOR PRIVACY","REDACTED FOR PRIVACY","REDACTED FOR PRIVACY","REDACTED FOR PRIVACY","REDACTED FOR PRIVACY","REDACTED FOR PRIVACY","REDACTED FOR PRIVACY","REDACTED FOR PRIVACY","","REDACTED FOR PRIVACY","REDACTED FOR PRIVACY","","","","","","","","","","","ns1.ulimitserver.com","ns2.ulimitserver.com","","","clientTransferProhibited","","",""
"37","ecommerce-beratung.com","2020-05-13 11:07:34","2020-05-11","2020-05-11","2021-05-11","1441","TurnCommerce, Inc. DBA NameBright.com","whois.namebright.com","http://www.namebright.com","Redacted for GDPR privacy","","Redacted for GDPR privacy","Redacted for GDPR privacy","SE","Redacted for GDPR privacy","Serbia","","Redacted for GDPR privacy","Redacted for GDPR privacy","Redacted for GDPR privacy","Redacted for GDPR privacy","Redacted for GDPR privacy","Redacted for GDPR privacy","Redacted for GDPR privacy","Redacted for GDPR privacy","Redacted for GDPR privacy","","Redacted for GDPR privacy","Redacted for GDPR privacy","Redacted for GDPR privacy","Redacted for GDPR privacy","Redacted for GDPR privacy","Redacted for GDPR privacy","Redacted for GDPR privacy","Redacted for GDPR privacy","Redacted for GDPR privacy","","Redacted for GDPR privacy","Redacted for GDPR privacy","","","","","","","","","","","ns1.adhdns.biz","ns2.adhdns.biz","","","clientTransferProhibited","","",""
"38","ecomponentsdoo.com","2020-05-13 20:28:51","2020-05-11","2020-05-11","2021-05-11","146","GoDaddy.com, LLC","whois.godaddy.com","http://registrar.godaddy.com","","","","","serbia","","Serbia","","","","","","","","","","","","","","","","","","","","","","","","","","","","","","","","","","ns65.domaincontrol.com","ns66.domaincontrol.com","","","clientDeleteProhibited","clientRenewProhibited","clientTransferProhibited","clientUpdateProhibited"
"39","excitise.com","2020-05-13 09:41:35","2020-05-09","2020-05-09","2021-05-09","106","Ascio Technologies, Inc. Danmark - Filial af Ascio technologies, Inc. USA","whois.ascio.com","http://www.ascio.com","Not Disclosed","Not Disclosed","Not Disclosed","Not Disclosed","","Not Disclosed","Serbia","","Not Disclosed","Not Disclosed","Not Disclosed","Not Disclosed","Not Disclosed","Not Disclosed","Not Disclosed","Not Disclosed","Not Disclosed","","Not Disclosed","Not Disclosed","Not Disclosed","Not Disclosed","Not Disclosed","Not Disclosed","Not Disclosed","Not Disclosed","Not Disclosed","","Not Disclosed","Not Disclosed","","","","","","","","","","","ns1.loopia.se","ns2.loopia.se","","","OK","","",""
"40","fbrazvoj.com","2020-05-13 06:59:50","2020-05-11","2020-05-11","2021-05-11","303","PDR Ltd. d/b/a PublicDomainRegistry.com","whois.publicdomainregistry.com","http://www.publicdomainregistry.com","Vitomir Brkic","Finansijski biro doo","Mose Pijade 4","Novi Sad - Futog","Srbija","21410","Serbia","vitomirbrkic@yahoo.co.uk","+381.0214722624","","Vitomir Brkic","Finansijski biro doo","Mose Pijade 4","Novi Sad - Futog","Srbija","21410","Serbia","vitomirbrkic@yahoo.co.uk","+381.0214722624","","Vitomir Brkic","Finansijski biro doo","Mose Pijade 4","Novi Sad - Futog","Srbija","21410","Serbia","vitomirbrkic@yahoo.co.uk","+381.0214722624","","","","","","","","","","","","dns1.dwhost.net","dns2.dwhost.net","dns3.dwhost.net","","clientTransferProhibited","","",""
"41","federicogarcia.com","2020-05-13 07:09:37","2020-05-10","2020-05-10","2021-05-10","3271","DropCatch.com 1062 LLC","","","Stefan Indic","","Karadjordjeva","Stara Pazova","VO","22300","Serbia","stefan.indjic@gmail.com","+381.63553301","","Stefan Indic","","Karadjordjeva","Stara Pazova","VO","22300","Serbia","stefan.indjic@gmail.com","+381.63553301","","Stefan Indic","","Karadjordjeva","Stara Pazova","VO","22300","Serbia","stefan.indjic@gmail.com","+381.63553301","","","","","","","","","","","","ns1.dan.com","ns2.dan.com","","","clientTransferProhibited","","",""
"42","filmapalimit.com","2020-05-13 08:05:42","2020-05-10","2020-05-10","2021-05-10","146","GoDaddy.com, LLC","whois.godaddy.com","http://registrar.godaddy.com","","","","","Kosovo","","Serbia","","","","","","","","","","","","","","","","","","","","","","","","","","","","","","","","","","ns23.domaincontrol.com","ns24.domaincontrol.com","","","clientDeleteProhibited","clientRenewProhibited","clientTransferProhibited","clientUpdateProhibited"
"43","fitimkrasniqi.com","2020-05-13 08:28:59","2020-05-10","2020-05-10","2022-05-10","146","GoDaddy.com, LLC","whois.godaddy.com","http://registrar.godaddy.com","Creotive","Creotive","","","Kosovo","","Serbia","","","","","","","","","","","","","","","","","","","","","","","","","","","","","","","","","","ns07.domaincontrol.com","ns08.domaincontrol.com","","","clientDeleteProhibited","clientRenewProhibited","clientTransferProhibited","clientUpdateProhibited"
"44","fitness-lux.com","2020-05-13 06:57:09","2020-05-11","2020-05-11","2021-05-11","146","GoDaddy.com, LLC","whois.godaddy.com","http://registrar.godaddy.com","","","","","Zajecarski Okrug","","Serbia","","","","","","","","","","","","","","","","","","","","","","","","","","","","","","","","","","ns27.domaincontrol.com","ns28.domaincontrol.com","","","clientDeleteProhibited","clientRenewProhibited","clientTransferProhibited","clientUpdateProhibited"
"45","fortmyersfloridahomesforsale.com","2020-05-13 10:48:34","2020-05-10","2020-05-10","2021-05-10","1441","TurnCommerce, Inc. DBA NameBright.com","whois.namebright.com","http://www.namebright.com","Redacted for GDPR privacy","","Redacted for GDPR privacy","Redacted for GDPR privacy","SE","Redacted for GDPR privacy","Serbia","","Redacted for GDPR privacy","Redacted for GDPR privacy","Redacted for GDPR privacy","Redacted for GDPR privacy","Redacted for GDPR privacy","Redacted for GDPR privacy","Redacted for GDPR privacy","Redacted for GDPR privacy","Redacted for GDPR privacy","","Redacted for GDPR privacy","Redacted for GDPR privacy","Redacted for GDPR privacy","Redacted for GDPR privacy","Redacted for GDPR privacy","Redacted for GDPR privacy","Redacted for GDPR privacy","Redacted for GDPR privacy","Redacted for GDPR privacy","","Redacted for GDPR privacy","Redacted for GDPR privacy","","","","","","","","","","","ns1.adhdns.biz","ns2.adhdns.biz","","","clientTransferProhibited","","",""
"46","ghost-hostr.com","2020-05-13 11:00:42","2020-05-11","2020-05-12","2021-05-11","168","Register.it SPA","whois.register.it","http://we.register.it","REDACTED FOR PRIVACY","Ghost-Host","REDACTED FOR PRIVACY","REDACTED FOR PRIVACY","Srbija","REDACTED FOR PRIVACY","Serbia","whoiscontact@names.co.uk","REDACTED.FORPRIVACY","REDACTED.FORPRIVACY","REDACTED FOR PRIVACY","REDACTED FOR PRIVACY","REDACTED FOR PRIVACY","REDACTED FOR PRIVACY","England","REDACTED FOR PRIVACY","United Kingdom","whoiscontact@names.co.uk","REDACTED.FORPRIVACY","REDACTED.FORPRIVACY","REDACTED FOR PRIVACY","Namesco Limited","REDACTED FOR PRIVACY","REDACTED FOR PRIVACY","England","REDACTED FOR PRIVACY","United Kingdom","whoiscontact@names.co.uk","REDACTED.FORPRIVACY","REDACTED.FORPRIVACY","","","","","","","","","","","ns1.serverhostgroup.com","ns2.serverhostgroup.com","ns3.serverhostgroup.com","","clientDeleteProhibited","clientTransferProhibited","clientUpdateProhibited",""
"47","happyhouseline.com","2020-05-13 20:09:08","2020-05-12","2020-05-12","2021-05-12","106","Ascio Technologies, Inc. Danmark - Filial af Ascio technologies, Inc. USA","whois.ascio.com","http://www.ascio.com","Not Disclosed","Not Disclosed","Not Disclosed","Not Disclosed","","Not Disclosed","Serbia","","Not Disclosed","Not Disclosed","Not Disclosed","Not Disclosed","Not Disclosed","Not Disclosed","Not Disclosed","Not Disclosed","Not Disclosed","","Not Disclosed","Not Disclosed","Not Disclosed","Not Disclosed","Not Disclosed","Not Disclosed","Not Disclosed","Not Disclosed","Not Disclosed","","Not Disclosed","Not Disclosed","","","","","","","","","","","ns6037.hostgator.com","ns6038.hostgator.com","","","OK","","",""
"48","hastrologyclub.com","2020-05-13 07:11:29","2020-05-10","2020-05-10","2021-05-10","1647","Hosting Concepts B.V. dba Openprovider","whois.registrar.eu","http://www.openprovider.com","REDACTED FOR PRIVACY","","REDACTED FOR PRIVACY","REDACTED FOR PRIVACY","","REDACTED FOR PRIVACY","Serbia","","REDACTED FOR PRIVACY","REDACTED FOR PRIVACY","REDACTED FOR PRIVACY","REDACTED FOR PRIVACY","REDACTED FOR PRIVACY","REDACTED FOR PRIVACY","REDACTED FOR PRIVACY","REDACTED FOR PRIVACY","REDACTED FOR PRIVACY","","REDACTED FOR PRIVACY","REDACTED FOR PRIVACY","REDACTED FOR PRIVACY","REDACTED FOR PRIVACY","REDACTED FOR PRIVACY","REDACTED FOR PRIVACY","REDACTED FOR PRIVACY","REDACTED FOR PRIVACY","REDACTED FOR PRIVACY","","REDACTED FOR PRIVACY","REDACTED FOR PRIVACY","","","","","","","","","","","ns1.openprovider.nl","ns2.openprovider.be","ns3.openprovider.eu","","clientTransferProhibited","ok","",""
"49","hcserbia.com","2020-05-13 19:40:27","2020-05-12","2020-05-12","2021-05-12","106","Ascio Technologies, Inc. Danmark - Filial af Ascio technologies, Inc. USA","whois.ascio.com","http://www.ascio.com","Not Disclosed","Not Disclosed","Not Disclosed","Not Disclosed","","Not Disclosed","Serbia","","Not Disclosed","Not Disclosed","Not Disclosed","Not Disclosed","Not Disclosed","Not Disclosed","Not Disclosed","Not Disclosed","Not Disclosed","","Not Disclosed","Not Disclosed","Not Disclosed","Not Disclosed","Not Disclosed","Not Disclosed","Not Disclosed","Not Disclosed","Not Disclosed","","Not Disclosed","Not Disclosed","","","","","","","","","","","ns1.loopia.se","ns2.loopia.se","","","OK","","",""
"50","hei-rs1-pcd-wtp.net","2020-05-14 00:09:44","2020-05-12","2020-05-12","2021-05-12","303","PDR Ltd. d/b/a PublicDomainRegistry.com","whois.publicdomainregistry.com","http://www.publicdomainregistry.com","Masa Milic","HEINEKEN SRBIJA DOO ZAJECAR","Zeleznicka 2","Zajecar","","19000","Serbia","masa.milic@heineken.com","+381.113538649","","Masa Milic","HEINEKEN SRBIJA DOO ZAJECAR","Zeleznicka 2","Zajecar","","19000","Serbia","masa.milic@heineken.com","+381.113538649","","Masa Milic","HEINEKEN SRBIJA DOO ZAJECAR","Zeleznicka 2","Zajecar","","19000","Serbia","masa.milic@heineken.com","+381.113538649","","","","","","","","","","","","dns1.orion.rs","dns2.orion.rs","dns3.orion.rs","dns4.orion.rs","clientTransferProhibited","","",""
"51","hektorperkins.com","2020-05-13 09:54:14","2020-05-10","2020-05-10","2021-05-10","106","Ascio Technologies, Inc. Danmark - Filial af Ascio technologies, Inc. USA","whois.ascio.com","http://www.ascio.com","Not Disclosed","Not Disclosed","Not Disclosed","Not Disclosed","","Not Disclosed","Serbia","","Not Disclosed","Not Disclosed","Not Disclosed","Not Disclosed","Not Disclosed","Not Disclosed","Not Disclosed","Not Disclosed","Not Disclosed","","Not Disclosed","Not Disclosed","Not Disclosed","Not Disclosed","Not Disclosed","Not Disclosed","Not Disclosed","Not Disclosed","Not Disclosed","","Not Disclosed","Not Disclosed","","","","","","","","","","","ns1.loopia.se","ns2.loopia.se","","","OK","","",""
"52","hg-rpg.com","2020-05-13 09:12:33","2020-05-09","2020-05-11","2021-05-09","886","Domain.com, LLC","whois.domain.com","http://www.domain.com","REDACTED FOR PRIVACY","REDACTED FOR PRIVACY","REDACTED FOR PRIVACY","REDACTED FOR PRIVACY","na","REDACTED FOR PRIVACY","Serbia","","REDACTED FOR PRIVACY","REDACTED FOR PRIVACY","REDACTED FOR PRIVACY","REDACTED FOR PRIVACY","REDACTED FOR PRIVACY","REDACTED FOR PRIVACY","REDACTED FOR PRIVACY","REDACTED FOR PRIVACY","REDACTED FOR PRIVACY","","REDACTED FOR PRIVACY","REDACTED FOR PRIVACY","REDACTED FOR PRIVACY","REDACTED FOR PRIVACY","REDACTED FOR PRIVACY","REDACTED FOR PRIVACY","REDACTED FOR PRIVACY","REDACTED FOR PRIVACY","REDACTED FOR PRIVACY","","REDACTED FOR PRIVACY","REDACTED FOR PRIVACY","","","","","","","","","","","ns1.serverhostgroup.com","ns2.serverhostgroup.com","ns3.serverhostgroup.com","","OK","","",""
"53","instaplayonline.com","2020-05-13 09:47:48","2020-05-10","2020-05-10","2021-05-10","146","GoDaddy.com, LLC","whois.godaddy.com","http://registrar.godaddy.com","","","","","serbia","","Serbia","","","","","","","","","","","","","","","","","","","","","","","","","","","","","","","","","","ns1.vultr.com","ns2.vultr.com","","","clientDeleteProhibited","clientRenewProhibited","clientTransferProhibited","clientUpdateProhibited"
"54","institutzasavremenoposlovanje.com","2020-05-13 19:47:37","2020-05-11","2020-05-11","2021-05-11","106","Ascio Technologies, Inc. Danmark - Filial af Ascio technologies, Inc. USA","whois.ascio.com","http://www.ascio.com","Not Disclosed","Not Disclosed","Not Disclosed","Not Disclosed","","Not Disclosed","Serbia","","Not Disclosed","Not Disclosed","Not Disclosed","Not Disclosed","Not Disclosed","Not Disclosed","Not Disclosed","Not Disclosed","Not Disclosed","","Not Disclosed","Not Disclosed","Not Disclosed","Not Disclosed","Not Disclosed","Not Disclosed","Not Disclosed","Not Disclosed","Not Disclosed","","Not Disclosed","Not Disclosed","","","","","","","","","","","ns1.loopia.se","ns2.loopia.se","","","OK","","",""
"55","johnysswlab.com","2020-05-13 10:59:39","2020-05-11","2020-05-11","2021-05-11","303","PDR Ltd. d/b/a PublicDomainRegistry.com","whois.publicdomainregistry.com","http://www.publicdomainregistry.com","Bogosavljevic Ivica","Garden Centar d.o.o.","Vidikovacki venac 102A","Belgrade","Belgrade","11000","Serbia","ibogosavljevic@gmail.com","+381.63111111","","Bogosavljevic Ivica","Garden Centar d.o.o.","Vidikovacki venac 102A","Belgrade","Belgrade","11000","Serbia","ibogosavljevic@gmail.com","+381.63111111","","Bogosavljevic Ivica","Garden Centar d.o.o.","Vidikovacki venac 102A","Belgrade","Belgrade","11000","Serbia","ibogosavljevic@gmail.com","+381.63111111","","","","","","","","","","","","dns1.orion.rs","dns2.orion.rs","dns3.orion.rs","dns4.orion.rs","clientTransferProhibited","","",""
"56","karmagra.com","2020-05-13 06:57:27","2020-05-11","2020-05-11","2021-05-11","303","PDR Ltd. d/b/a PublicDomainRegistry.com","whois.publicdomainregistry.com","http://www.publicdomainregistry.com","Luka Calic","","Stanka Tisme 6 deo broj 34","Beograd","Srbija","11273","Serbia","calic.luka50@yahoo.com","+381.0605997257","","Luka Calic","","Stanka Tisme 6 deo broj 34","Beograd","Srbija","11273","Serbia","calic.luka50@yahoo.com","+381.0605997257","","Luka Calic","","Stanka Tisme 6 deo broj 34","Beograd","Srbija","11273","Serbia","calic.luka50@yahoo.com","+381.0605997257","","","","","","","","","","","","dns1.dwhost.net","dns2.dwhost.net","dns3.dwhost.net","","clientTransferProhibited","","",""
"57","katherinebowman.com","2020-05-13 11:05:30","2020-05-11","2020-05-11","2021-05-11","1441","TurnCommerce, Inc. DBA NameBright.com","whois.namebright.com","http://www.namebright.com","Redacted for GDPR privacy","","Redacted for GDPR privacy","Redacted for GDPR privacy","SE","Redacted for GDPR privacy","Serbia","","Redacted for GDPR privacy","Redacted for GDPR privacy","Redacted for GDPR privacy","Redacted for GDPR privacy","Redacted for GDPR privacy","Redacted for GDPR privacy","Redacted for GDPR privacy","Redacted for GDPR privacy","Redacted for GDPR privacy","","Redacted for GDPR privacy","Redacted for GDPR privacy","Redacted for GDPR privacy","Redacted for GDPR privacy","Redacted for GDPR privacy","Redacted for GDPR privacy","Redacted for GDPR privacy","Redacted for GDPR privacy","Redacted for GDPR privacy","","Redacted for GDPR privacy","Redacted for GDPR privacy","","","","","","","","","","","ns1.adhdns.biz","ns2.adhdns.biz","","","clientTransferProhibited","","",""
"58","kingdomnetwork.info","2020-05-14 00:18:12","2020-05-12","2020-05-12","2021-05-12","1068","NameCheap, Inc.","whois.namecheap.com","http://www.namecheap.com","","","","","Srbija","","Serbia","","","","","","","","","","","","","","","","","","","","","","","","","","","","","","","","","","dns1.registrar-servers.com","dns2.registrar-servers.com","","","addPeriod","clientTransferProhibited","serverTransferProhibited",""
"59","kleveragency.com","2020-05-13 07:10:49","2020-05-10","2020-05-10","2021-05-10","1606","Limited Liability Company 'Registrar of domain names REG.RU'","whois.reg.ru","http://www.reg.ru","Aleksey Mladenovic","Private Person","Tvardovskogo 12 str, kv. 278","g. Balashikha","Moscow oblast","143900","Serbia","aleksejmladenovic@hotmail.com","+7.9260707447","+7.9260707447","Aleksey Mladenovic","Private Person","Tvardovskogo 12 str, kv. 278","g. Balashikha","Moscow oblast","143900","Serbia","aleksejmladenovic@hotmail.com","+7.9260707447","+7.9260707447","Aleksey Mladenovic","Private Person","Tvardovskogo 12 str, kv. 278","g. Balashikha","Moscow oblast","143900","Serbia","aleksejmladenovic@hotmail.com","+7.9260707447","+7.9260707447","","","","","","","","","","","ns1.reg.ru","ns2.reg.ru","","","clientTransferProhibited","","",""
"60","limeandcarrot.com","2020-05-13 19:56:18","2020-05-12","2020-05-12","2021-05-12","303","PDR Ltd. d/b/a PublicDomainRegistry.com","whois.publicdomainregistry.com","http://www.publicdomainregistry.com","Milan Djurov","Milan Djurov PR Dizajn studio DSGN","Ljeska 4","Beograd","Cukarica","11000","Serbia","milan.djurov@gmail.com","+381.0113573606","","Milan Djurov","Milan Djurov PR Dizajn studio DSGN","Ljeska 4","Beograd","Cukarica","11000","Serbia","milan.djurov@gmail.com","+381.0113573606","","Milan Djurov","Milan Djurov PR Dizajn studio DSGN","Ljeska 4","Beograd","Cukarica","11000","Serbia","milan.djurov@gmail.com","+381.0113573606","","","","","","","","","","","","dns1.dwhost.net","dns2.dwhost.net","dns3.dwhost.net","","clientTransferProhibited","","",""
"61","maintechreviews.com","2020-05-13 08:30:36","2020-05-10","2020-05-10","2021-05-10","69","Tucows Domains Inc.","whois.tucows.com","http://domainhelp.opensrs.net","REDACTED FOR PRIVACY","REDACTED FOR PRIVACY","REDACTED FOR PRIVACY","REDACTED FOR PRIVACY","XX","REDACTED FOR PRIVACY","Serbia","","REDACTED FOR PRIVACY","REDACTED FOR PRIVACY","REDACTED FOR PRIVACY","REDACTED FOR PRIVACY","REDACTED FOR PRIVACY","REDACTED FOR PRIVACY","REDACTED FOR PRIVACY","REDACTED FOR PRIVACY","REDACTED FOR PRIVACY","","REDACTED FOR PRIVACY","REDACTED FOR PRIVACY","REDACTED FOR PRIVACY","REDACTED FOR PRIVACY","REDACTED FOR PRIVACY","REDACTED FOR PRIVACY","REDACTED FOR PRIVACY","REDACTED FOR PRIVACY","REDACTED FOR PRIVACY","","REDACTED FOR PRIVACY","REDACTED FOR PRIVACY","","","","","","","","","","","ns1.gnld1035.siteground.eu","ns2.gnld1035.siteground.eu","","","clientTransferProhibited","clientUpdateProhibited","",""
"62","mbglasstuskabine.com","2020-05-13 07:10:42","2020-05-10","2020-05-10","2021-05-10","48","eNom, Inc.","whois.enom.com","http://www.enom.com","REDACTED FOR PRIVACY","REDACTED FOR PRIVACY","REDACTED FOR PRIVACY","REDACTED FOR PRIVACY","Batajnica","REDACTED FOR PRIVACY","Serbia","","REDACTED FOR PRIVACY","REDACTED FOR PRIVACY","REDACTED FOR PRIVACY","REDACTED FOR PRIVACY","REDACTED FOR PRIVACY","REDACTED FOR PRIVACY","REDACTED FOR PRIVACY","REDACTED FOR PRIVACY","REDACTED FOR PRIVACY","","REDACTED FOR PRIVACY","REDACTED FOR PRIVACY","REDACTED FOR PRIVACY","REDACTED FOR PRIVACY","REDACTED FOR PRIVACY","REDACTED FOR PRIVACY","REDACTED FOR PRIVACY","REDACTED FOR PRIVACY","REDACTED FOR PRIVACY","","REDACTED FOR PRIVACY","REDACTED FOR PRIVACY","","","","","","","","","","","ns3.superhosting.rs","ns4.superhosting.rs","","","addPeriod","clientTransferProhibited","",""
"63","mbswebs.com","2020-05-13 09:19:00","2020-05-09","2020-05-09","2021-05-09","146","GoDaddy.com, LLC","whois.godaddy.com","http://registrar.godaddy.com","","","","","serbia","","Serbia","","","","","","","","","","","","","","","","","","","","","","","","","","","","","","","","","","ns55.domaincontrol.com","ns56.domaincontrol.com","","","clientDeleteProhibited","clientRenewProhibited","clientTransferProhibited","clientUpdateProhibited"
"64","mcmickens.com","2020-05-13 09:29:03","2020-05-09","2020-05-09","2021-05-09","3481","DropCatch.com 1272 LLC","","","Stefan Indic","","Karadjordjeva","Stara Pazova","VO","22300","Serbia","stefan.indjic@gmail.com","+381.63553301","","Stefan Indic","","Karadjordjeva","Stara Pazova","VO","22300","Serbia","stefan.indjic@gmail.com","+381.63553301","","Stefan Indic","","Karadjordjeva","Stara Pazova","VO","22300","Serbia","stefan.indjic@gmail.com","+381.63553301","","","","","","","","","","","","ns1.dan.com","ns2.dan.com","","","clientTransferProhibited","","",""
"65","medijatorsrbija.com","2020-05-13 11:00:38","2020-05-11","2020-05-11","2021-05-11","106","Ascio Technologies, Inc. Danmark - Filial af Ascio technologies, Inc. USA","whois.ascio.com","http://www.ascio.com","Not Disclosed","Not Disclosed","Not Disclosed","Not Disclosed","","Not Disclosed","Serbia","","Not Disclosed","Not Disclosed","Not Disclosed","Not Disclosed","Not Disclosed","Not Disclosed","Not Disclosed","Not Disclosed","Not Disclosed","","Not Disclosed","Not Disclosed","Not Disclosed","Not Disclosed","Not Disclosed","Not Disclosed","Not Disclosed","Not Disclosed","Not Disclosed","","Not Disclosed","Not Disclosed","","","","","","","","","","","ns1.loopia.se","ns2.loopia.se","","","OK","","",""
"66","medsatare.com","2020-05-13 20:51:27","2020-05-12","2020-05-12","2021-05-12","303","PDR Ltd. d/b/a PublicDomainRegistry.com","whois.publicdomainregistry.com","http://www.publicdomainregistry.com","Aleksandar Gavrilovic","","Milenka Topalovica","Bajina Basta","Zlatiborski Okrug","31250","Serbia","aleksandar.gavrilovic1991@outlook.com","+381.0649763637","","Aleksandar Gavrilovic","","Milenka Topalovica","Bajina Basta","Zlatiborski Okrug","31250","Serbia","aleksandar.gavrilovic1991@outlook.com","+381.0649763637","","Aleksandar Gavrilovic","","Milenka Topalovica","Bajina Basta","Zlatiborski Okrug","31250","Serbia","aleksandar.gavrilovic1991@outlook.com","+381.0649763637","","","","","","","","","","","","dns1.dwhost.net","dns2.dwhost.net","dns3.dwhost.net","","clientTransferProhibited","","",""
"67","mojgradmojtaxi.com","2020-05-13 20:44:13","2020-05-11","2020-05-11","2021-05-11","2487","Internet Domain Services BS Corp","whois.publicinterestregistry.net","http://www.internetbs.net","Not disclosed Not disclosed","ILIC 037 DOO Krusevac","Alekse Nenadovica 32","Krusevac","","37000","Serbia","27f61f0deda4798bd50ec16fd15a3b11.gdrp@customers.whoisprivacycorp.com","+1.5163872248","","Not disclosed Not disclosed","ILIC 037 DOO Krusevac","Alekse Nenadovica 32","Krusevac","","37000","Serbia","27f61f0deda4798bd50ec16fd15a3b11.gdrp@customers.whoisprivacycorp.com","+1.5163872248","","Not disclosed Not disclosed","ILIC 037 DOO Krusevac","Alekse Nenadovica 32","Krusevac","","37000","Serbia","27f61f0deda4798bd50ec16fd15a3b11.gdrp@customers.whoisprivacycorp.com","+1.5163872248","","","","","","","","","","","","ns5.extreme-prohosting.com","ns6.extreme-prohosting.com","","","clientTransferProhibited","ok","",""
"68","naslovne.com","2020-05-13 10:59:47","2020-05-11","2020-05-11","2021-05-11","106","Ascio Technologies, Inc. Danmark - Filial af Ascio technologies, Inc. USA","whois.ascio.com","http://www.ascio.com","Not Disclosed","Not Disclosed","Not Disclosed","Not Disclosed","","Not Disclosed","Serbia","","Not Disclosed","Not Disclosed","Not Disclosed","Not Disclosed","Not Disclosed","Not Disclosed","Not Disclosed","Not Disclosed","Not Disclosed","","Not Disclosed","Not Disclosed","Not Disclosed","Not Disclosed","Not Disclosed","Not Disclosed","Not Disclosed","Not Disclosed","Not Disclosed","","Not Disclosed","Not Disclosed","","","","","","","","","","","ns1.loopia.se","ns2.loopia.se","","","OK","","",""
"69","naslovne.net","2020-05-13 19:11:01","2020-05-11","2020-05-11","2021-05-11","106","Ascio Technologies, Inc. Danmark - Filial af Ascio technologies, Inc. USA","whois.ascio.com","http://www.ascio.com","Not Disclosed","Not Disclosed","Not Disclosed","Not Disclosed","","Not Disclosed","Serbia","","Not Disclosed","Not Disclosed","Not Disclosed","Not Disclosed","Not Disclosed","Not Disclosed","Not Disclosed","Not Disclosed","Not Disclosed","","Not Disclosed","Not Disclosed","Not Disclosed","Not Disclosed","Not Disclosed","Not Disclosed","Not Disclosed","Not Disclosed","Not Disclosed","","Not Disclosed","Not Disclosed","","","","","","","","","","","ns1.loopia.se","ns2.loopia.se","","","OK","","",""
"70","nemamdom.com","2020-05-13 09:35:33","2020-05-09","2020-05-09","2021-05-09","2487","Internet Domain Services BS Corp","whois.publicinterestregistry.net","http://www.internetbs.net","Not disclosed Not disclosed","Drustvo za zastitu zivotinja 'Mladenovac'","Vuka Karadzica 36/14","Mladenovac","","11400","Serbia","0a85e229785cd337d08d0539f995f60f.gdrp@customers.whoisprivacycorp.com","+1.5163872248","","Not disclosed Not disclosed","Drustvo za zastitu zivotinja 'Mladenovac'","Vuka Karadzica 36/14","Mladenovac","","11400","Serbia","0a85e229785cd337d08d0539f995f60f.gdrp@customers.whoisprivacycorp.com","+1.5163872248","","Not disclosed Not disclosed","Drustvo za zastitu zivotinja 'Mladenovac'","Vuka Karadzica 36/14","Mladenovac","","11400","Serbia","0a85e229785cd337d08d0539f995f60f.gdrp@customers.whoisprivacycorp.com","+1.5163872248","","","","","","","","","","","","ns5.extreme-prohosting.com","ns6.extreme-prohosting.com","","","clientTransferProhibited","ok","",""
"71","neoblvck.com","2020-05-13 08:28:10","2020-05-10","2020-05-10","2021-05-10","146","GoDaddy.com, LLC","whois.godaddy.com","http://registrar.godaddy.com","","","","","Borski Okrug","","Serbia","","","","","","","","","","","","","","","","","","","","","","","","","","","","","","","","","","ns27.domaincontrol.com","ns28.domaincontrol.com","","","clientDeleteProhibited","clientRenewProhibited","clientTransferProhibited","clientUpdateProhibited"
"72","newbalkantimes.com","2020-05-13 20:44:15","2020-05-12","2020-05-12","2021-05-12","106","Ascio Technologies, Inc. Danmark - Filial af Ascio technologies, Inc. USA","whois.ascio.com","http://www.ascio.com","Not Disclosed","Not Disclosed","Not Disclosed","Not Disclosed","","Not Disclosed","Serbia","","Not Disclosed","Not Disclosed","Not Disclosed","Not Disclosed","Not Disclosed","Not Disclosed","Not Disclosed","Not Disclosed","Not Disclosed","","Not Disclosed","Not Disclosed","Not Disclosed","Not Disclosed","Not Disclosed","Not Disclosed","Not Disclosed","Not Disclosed","Not Disclosed","","Not Disclosed","Not Disclosed","","","","","","","","","","","ns1.loopia.se","ns2.loopia.se","","","OK","","",""
"73","nutricionistajovana.com","2020-05-13 10:54:15","2020-05-11","2020-05-11","2021-05-11","48","eNom, Inc.","whois.enom.com","http://www.enom.com","REDACTED FOR PRIVACY","REDACTED FOR PRIVACY","REDACTED FOR PRIVACY","REDACTED FOR PRIVACY","Pancevo","REDACTED FOR PRIVACY","Serbia","","REDACTED FOR PRIVACY","REDACTED FOR PRIVACY","REDACTED FOR PRIVACY","REDACTED FOR PRIVACY","REDACTED FOR PRIVACY","REDACTED FOR PRIVACY","REDACTED FOR PRIVACY","REDACTED FOR PRIVACY","REDACTED FOR PRIVACY","","REDACTED FOR PRIVACY","REDACTED FOR PRIVACY","REDACTED FOR PRIVACY","REDACTED FOR PRIVACY","REDACTED FOR PRIVACY","REDACTED FOR PRIVACY","REDACTED FOR PRIVACY","REDACTED FOR PRIVACY","REDACTED FOR PRIVACY","","REDACTED FOR PRIVACY","REDACTED FOR PRIVACY","","","","","","","","","","","ns3.superhosting.rs","ns4.superhosting.rs","","","addPeriod","clientTransferProhibited","",""
"74","onlessuit.com","2020-05-13 09:16:04","2020-05-09","2020-05-09","2021-05-09","146","GoDaddy.com, LLC","whois.godaddy.com","http://registrar.godaddy.com","","","","","Kosovo","","Serbia","","","","","","","","","","","","","","","","","","","","","","","","","","","","","","","","","","ns45.domaincontrol.com","ns46.domaincontrol.com","","","clientDeleteProhibited","clientRenewProhibited","clientTransferProhibited","clientUpdateProhibited"
"75","ozrenka.com","2020-05-13 07:05:05","2020-05-11","2020-05-11","2022-05-11","146","GoDaddy.com, LLC","whois.godaddy.com","http://registrar.godaddy.com","","","","","Zajecarski Okrug","","Serbia","","","","","","","","","","","","","","","","","","","","","","","","","","","","","","","","","","ns23.domaincontrol.com","ns24.domaincontrol.com","","","clientDeleteProhibited","clientRenewProhibited","clientTransferProhibited","clientUpdateProhibited"
"76","panasonic-klime.com","2020-05-13 11:00:42","2020-05-11","2020-05-11","2021-05-11","151","PSI-USA, Inc. dba Domain Robot","whois.psi-usa.info","http://www.psi-usa.info","REDACTED FOR PRIVACY","It Sektor - Informacione Tehnologije doo","REDACTED FOR PRIVACY","REDACTED FOR PRIVACY","Serbia","REDACTED FOR PRIVACY","Serbia","","REDACTED FOR PRIVACY","REDACTED FOR PRIVACY","REDACTED FOR PRIVACY","REDACTED FOR PRIVACY","REDACTED FOR PRIVACY","REDACTED FOR PRIVACY","REDACTED FOR PRIVACY","REDACTED FOR PRIVACY","REDACTED FOR PRIVACY","","REDACTED FOR PRIVACY","REDACTED FOR PRIVACY","REDACTED FOR PRIVACY","REDACTED FOR PRIVACY","REDACTED FOR PRIVACY","REDACTED FOR PRIVACY","REDACTED FOR PRIVACY","REDACTED FOR PRIVACY","REDACTED FOR PRIVACY","","REDACTED FOR PRIVACY","REDACTED FOR PRIVACY","","","","","","","","","","","ns1.ulimitserver.com","ns2.ulimitserver.com","","","clientTransferProhibited","","",""
"77","pelotonsba.com","2020-05-13 06:59:09","2020-05-11","2020-05-11","2021-05-11","106","Ascio Technologies, Inc. Danmark - Filial af Ascio technologies, Inc. USA","whois.ascio.com","http://www.ascio.com","Not Disclosed","Not Disclosed","Not Disclosed","Not Disclosed","","Not Disclosed","Serbia","","Not Disclosed","Not Disclosed","Not Disclosed","Not Disclosed","Not Disclosed","Not Disclosed","Not Disclosed","Not Disclosed","Not Disclosed","","Not Disclosed","Not Disclosed","Not Disclosed","Not Disclosed","Not Disclosed","Not Disclosed","Not Disclosed","Not Disclosed","Not Disclosed","","Not Disclosed","Not Disclosed","","","","","","","","","","","ns1.loopia.se","ns2.loopia.se","","","OK","","",""
"78","plussizeindustry.com","2020-05-13 08:30:31","2020-05-10","2020-05-10","2021-05-10","1441","TurnCommerce, Inc. DBA NameBright.com","whois.namebright.com","http://www.namebright.com","Redacted for GDPR privacy","","Redacted for GDPR privacy","Redacted for GDPR privacy","SE","Redacted for GDPR privacy","Serbia","","Redacted for GDPR privacy","Redacted for GDPR privacy","Redacted for GDPR privacy","Redacted for GDPR privacy","Redacted for GDPR privacy","Redacted for GDPR privacy","Redacted for GDPR privacy","Redacted for GDPR privacy","Redacted for GDPR privacy","","Redacted for GDPR privacy","Redacted for GDPR privacy","Redacted for GDPR privacy","Redacted for GDPR privacy","Redacted for GDPR privacy","Redacted for GDPR privacy","Redacted for GDPR privacy","Redacted for GDPR privacy","Redacted for GDPR privacy","","Redacted for GDPR privacy","Redacted for GDPR privacy","","","","","","","","","","","ns1.namebrightdns.com","ns2.namebrightdns.com","","","clientTransferProhibited","","",""
"79","poliranjeautomobila.com","2020-05-13 11:04:45","2020-05-11","2020-05-11","2022-05-11","146","GoDaddy.com, LLC","whois.godaddy.com","http://registrar.godaddy.com","","","","","Srbija","","Serbia","","","","","","","","","","","","","","","","","","","","","","","","","","","","","","","","","","ns13.domaincontrol.com","ns14.domaincontrol.com","","","clientDeleteProhibited","clientRenewProhibited","clientTransferProhibited","clientUpdateProhibited"
"80","presvetahristina.com","2020-05-13 20:51:18","2020-05-12","2020-05-12","2021-05-12","151","PSI-USA, Inc. dba Domain Robot","whois.psi-usa.info","http://www.psi-usa.info","REDACTED FOR PRIVACY","","REDACTED FOR PRIVACY","REDACTED FOR PRIVACY","RS","REDACTED FOR PRIVACY","Serbia","","REDACTED FOR PRIVACY","REDACTED FOR PRIVACY","REDACTED FOR PRIVACY","REDACTED FOR PRIVACY","REDACTED FOR PRIVACY","REDACTED FOR PRIVACY","REDACTED FOR PRIVACY","REDACTED FOR PRIVACY","REDACTED FOR PRIVACY","","REDACTED FOR PRIVACY","REDACTED FOR PRIVACY","REDACTED FOR PRIVACY","REDACTED FOR PRIVACY","REDACTED FOR PRIVACY","REDACTED FOR PRIVACY","REDACTED FOR PRIVACY","REDACTED FOR PRIVACY","REDACTED FOR PRIVACY","","REDACTED FOR PRIVACY","REDACTED FOR PRIVACY","","","","","","","","","","","ns1.ulimitserver.com","ns2.ulimitserver.com","","","clientTransferProhibited","","",""
"81","prixicom.com","2020-05-13 20:47:00","2020-05-12","2020-05-12","2021-05-12","69","Tucows Domains Inc.","whois.tucows.com","http://domainhelp.opensrs.net","REDACTED FOR PRIVACY","REDACTED FOR PRIVACY","REDACTED FOR PRIVACY","REDACTED FOR PRIVACY","","REDACTED FOR PRIVACY","Serbia","","REDACTED FOR PRIVACY","REDACTED FOR PRIVACY","REDACTED FOR PRIVACY","REDACTED FOR PRIVACY","REDACTED FOR PRIVACY","REDACTED FOR PRIVACY","REDACTED FOR PRIVACY","REDACTED FOR PRIVACY","REDACTED FOR PRIVACY","","REDACTED FOR PRIVACY","REDACTED FOR PRIVACY","REDACTED FOR PRIVACY","REDACTED FOR PRIVACY","REDACTED FOR PRIVACY","REDACTED FOR PRIVACY","REDACTED FOR PRIVACY","REDACTED FOR PRIVACY","REDACTED FOR PRIVACY","","REDACTED FOR PRIVACY","REDACTED FOR PRIVACY","","","","","","","","","","","ns131.websitewelcome.com","ns132.websitewelcome.com","","","","","",""
"82","promobox.world","2020-05-13 21:54:15","2020-05-11","2020-05-11","2022-05-11","1011","101domain, Inc.","whois.101domain.com","http://www.101domain.com","REDACTED FOR PRIVACY","","REDACTED FOR PRIVACY","REDACTED FOR PRIVACY","","REDACTED FOR PRIVACY","Serbia","","REDACTED FOR PRIVACY","REDACTED FOR PRIVACY","","","","","","","","","","","","","","","","","","","","","","","","","","","","","","","","","","","addPeriod","clientTransferProhibited","",""
"83","pseudoprofoundbullshit.com","2020-05-13 11:09:44","2020-05-11","2020-05-11","2021-05-11","146","GoDaddy.com, LLC","whois.godaddy.com","http://registrar.godaddy.com","","","","","Vojvodina","","Serbia","","","","","","","","","","","","","","","","","","","","","","","","","","","","","","","","","","ns39.domaincontrol.com","ns40.domaincontrol.com","","","clientDeleteProhibited","clientRenewProhibited","clientTransferProhibited","clientUpdateProhibited"
"84","rcbuggyland.com","2020-05-13 20:09:02","2020-05-12","2020-05-12","2021-05-12","146","GoDaddy.com, LLC","whois.godaddy.com","http://registrar.godaddy.com","","","","","Grad Beograd","","Serbia","","","","","","","","","","","","","","","","","","","","","","","","","","","","","","","","","","ns10.wixdns.net","ns11.wixdns.net","","","clientDeleteProhibited","clientRenewProhibited","clientTransferProhibited","clientUpdateProhibited"
"85","riznica.net","2020-05-14 00:08:18","2020-05-11","2020-05-11","2021-05-11","303","PDR Ltd. d/b/a PublicDomainRegistry.com","whois.publicdomainregistry.com","http://www.publicdomainregistry.com","Dusan Sekulic","","Matice srpske 85d","Beograd","Beograd","11160","Serbia","dusan.sekulic.88@gmail.com","+381.066001773","","Dusan Sekulic","","Matice srpske 85d","Beograd","Beograd","11160","Serbia","dusan.sekulic.88@gmail.com","+381.066001773","","Dusan Sekulic","","Matice srpske 85d","Beograd","Beograd","11160","Serbia","dusan.sekulic.88@gmail.com","+381.066001773","","","","","","","","","","","","dns1.dwhost.net","dns2.dwhost.net","dns3.dwhost.net","","clientTransferProhibited","","",""
"86","rocserbia.com","2020-05-13 20:21:33","2020-05-12","2020-05-12","2021-05-12","146","GoDaddy.com, LLC","whois.godaddy.com","http://registrar.godaddy.com","ROC Serbia","ROC Serbia","","","Zajecarski Okrug","","Serbia","","","","","","","","","","","","","","","","","","","","","","","","","","","","","","","","","","ns27.domaincontrol.com","ns28.domaincontrol.com","","","clientDeleteProhibited","clientRenewProhibited","clientTransferProhibited","clientUpdateProhibited"
"87","romania-visit.com","2020-05-13 07:06:11","2020-05-10","2020-05-10","2021-05-10","1441","TurnCommerce, Inc. DBA NameBright.com","whois.namebright.com","http://www.namebright.com","Redacted for GDPR privacy","","Redacted for GDPR privacy","Redacted for GDPR privacy","SE","Redacted for GDPR privacy","Serbia","","Redacted for GDPR privacy","Redacted for GDPR privacy","Redacted for GDPR privacy","Redacted for GDPR privacy","Redacted for GDPR privacy","Redacted for GDPR privacy","Redacted for GDPR privacy","Redacted for GDPR privacy","Redacted for GDPR privacy","","Redacted for GDPR privacy","Redacted for GDPR privacy","Redacted for GDPR privacy","Redacted for GDPR privacy","Redacted for GDPR privacy","Redacted for GDPR privacy","Redacted for GDPR privacy","Redacted for GDPR privacy","Redacted for GDPR privacy","","Redacted for GDPR privacy","Redacted for GDPR privacy","","","","","","","","","","","ns1.adhdns.biz","ns2.adhdns.biz","","","clientTransferProhibited","","",""
"88","sadnicerasadnik.com","2020-05-13 09:51:21","2020-05-10","2020-05-10","2021-05-10","151","PSI-USA, Inc. dba Domain Robot","whois.psi-usa.info","http://www.psi-usa.info","REDACTED FOR PRIVACY","","REDACTED FOR PRIVACY","REDACTED FOR PRIVACY","RS","REDACTED FOR PRIVACY","Serbia","","REDACTED FOR PRIVACY","REDACTED FOR PRIVACY","REDACTED FOR PRIVACY","REDACTED FOR PRIVACY","REDACTED FOR PRIVACY","REDACTED FOR PRIVACY","REDACTED FOR PRIVACY","REDACTED FOR PRIVACY","REDACTED FOR PRIVACY","","REDACTED FOR PRIVACY","REDACTED FOR PRIVACY","REDACTED FOR PRIVACY","REDACTED FOR PRIVACY","REDACTED FOR PRIVACY","REDACTED FOR PRIVACY","REDACTED FOR PRIVACY","REDACTED FOR PRIVACY","REDACTED FOR PRIVACY","","REDACTED FOR PRIVACY","REDACTED FOR PRIVACY","","","","","","","","","","","ns1.jimdo.com","ns2.jimdo.com","","","clientTransferProhibited","","",""
"89","sandramladenovic.com","2020-05-13 07:17:42","2020-05-11","2020-05-11","2021-05-11","146","GoDaddy.com, LLC","whois.godaddy.com","http://registrar.godaddy.com","","","","","Grad Beograd","","Serbia","","","","","","","","","","","","","","","","","","","","","","","","","","","","","","","","","","ns27.domaincontrol.com","ns28.domaincontrol.com","","","clientDeleteProhibited","clientRenewProhibited","clientTransferProhibited","clientUpdateProhibited"
"90","sanehorrorindustries.com","2020-05-13 09:30:20","2020-05-09","2020-05-09","2021-05-09","146","GoDaddy.com, LLC","whois.godaddy.com","http://registrar.godaddy.com","","","","","Cukarica","","Serbia","","","","","","","","","","","","","","","","","","","","","","","","","","","","","","","","","","ns75.domaincontrol.com","ns76.domaincontrol.com","","","clientDeleteProhibited","clientRenewProhibited","clientTransferProhibited","clientUpdateProhibited"
"91","schoolmetaldetectors.com","2020-05-13 20:14:40","2020-05-12","2020-05-12","2021-05-12","1441","TurnCommerce, Inc. DBA NameBright.com","whois.namebright.com","http://www.namebright.com","Redacted for GDPR privacy","","Redacted for GDPR privacy","Redacted for GDPR privacy","SE","Redacted for GDPR privacy","Serbia","","Redacted for GDPR privacy","Redacted for GDPR privacy","Redacted for GDPR privacy","Redacted for GDPR privacy","Redacted for GDPR privacy","Redacted for GDPR privacy","Redacted for GDPR privacy","Redacted for GDPR privacy","Redacted for GDPR privacy","","Redacted for GDPR privacy","Redacted for GDPR privacy","Redacted for GDPR privacy","Redacted for GDPR privacy","Redacted for GDPR privacy","Redacted for GDPR privacy","Redacted for GDPR privacy","Redacted for GDPR privacy","Redacted for GDPR privacy","","Redacted for GDPR privacy","Redacted for GDPR privacy","","","","","","","","","","","ns1.adhdns.biz","ns2.adhdns.biz","","","clientTransferProhibited","","",""
"92","sculeto.com","2020-05-13 20:15:06","2020-05-12","2020-05-12","2021-05-12","106","Ascio Technologies, Inc. Danmark - Filial af Ascio technologies, Inc. USA","whois.ascio.com","http://www.ascio.com","Not Disclosed","Not Disclosed","Not Disclosed","Not Disclosed","","Not Disclosed","Serbia","","Not Disclosed","Not Disclosed","Not Disclosed","Not Disclosed","Not Disclosed","Not Disclosed","Not Disclosed","Not Disclosed","Not Disclosed","","Not Disclosed","Not Disclosed","Not Disclosed","Not Disclosed","Not Disclosed","Not Disclosed","Not Disclosed","Not Disclosed","Not Disclosed","","Not Disclosed","Not Disclosed","","","","","","","","","","","ns1.loopia.se","ns2.loopia.se","","","OK","","",""
"93","serbianbeauties.com","2020-05-13 09:28:53","2020-05-09","2020-05-09","2021-05-09","146","GoDaddy.com, LLC","whois.godaddy.com","http://registrar.godaddy.com","","","","","serbia","","Serbia","","","","","","","","","","","","","","","","","","","","","","","","","","","","","","","","","","ns27.domaincontrol.com","ns28.domaincontrol.com","","","clientDeleteProhibited","clientRenewProhibited","clientTransferProhibited","clientUpdateProhibited"
"94","sharoncarter.com","2020-05-13 20:37:44","2020-05-11","2020-05-11","2021-05-11","2105","DropCatch.com 625 LLC","whois.namebright.com","http://www.dropcatch625.com","Stefan Indic","","Karadjordjeva","Stara Pazova","VO","22300","Serbia","stefan.indjic@gmail.com","+381.63553301","","Stefan Indic","","Karadjordjeva","Stara Pazova","VO","22300","Serbia","stefan.indjic@gmail.com","+381.63553301","","Stefan Indic","","Karadjordjeva","Stara Pazova","VO","22300","Serbia","stefan.indjic@gmail.com","+381.63553301","","","","","","","","","","","","ns1.dan.com","ns2.dan.com","","","clientTransferProhibited","","",""
"95","shop-in-beograd.com","2020-05-13 06:57:27","2020-05-11","2020-05-11","2021-05-11","303","PDR Ltd. d/b/a PublicDomainRegistry.com","whois.publicdomainregistry.com","http://www.publicdomainregistry.com","Marko Covic","","Jurija Gagarina 269","Beograd","","11070","Serbia","marko@happymedia.rs","+381.63252570","","Marko Covic","","Jurija Gagarina 269","Beograd","","11070","Serbia","marko@happymedia.rs","+381.63252570","","Marko Covic","","Jurija Gagarina 269","Beograd","","11070","Serbia","marko@happymedia.rs","+381.63252570","","","","","","","","","","","","dns1.orion.rs","dns2.orion.rs","dns3.orion.rs","dns4.orion.rs","clientTransferProhibited","","",""
"96","silandingpages.com","2020-05-13 10:47:27","2020-05-10","2020-05-10","2021-05-10","1441","TurnCommerce, Inc. DBA NameBright.com","whois.namebright.com","http://www.namebright.com","Redacted for GDPR privacy","","Redacted for GDPR privacy","Redacted for GDPR privacy","SE","Redacted for GDPR privacy","Serbia","","Redacted for GDPR privacy","Redacted for GDPR privacy","Redacted for GDPR privacy","Redacted for GDPR privacy","Redacted for GDPR privacy","Redacted for GDPR privacy","Redacted for GDPR privacy","Redacted for GDPR privacy","Redacted for GDPR privacy","","Redacted for GDPR privacy","Redacted for GDPR privacy","Redacted for GDPR privacy","Redacted for GDPR privacy","Redacted for GDPR privacy","Redacted for GDPR privacy","Redacted for GDPR privacy","Redacted for GDPR privacy","Redacted for GDPR privacy","","Redacted for GDPR privacy","Redacted for GDPR privacy","","","","","","","","","","","ns1.adhdns.biz","ns2.adhdns.biz","","","clientTransferProhibited","","",""
"97","skuleto.com","2020-05-13 20:15:05","2020-05-12","2020-05-12","2021-05-12","106","Ascio Technologies, Inc. Danmark - Filial af Ascio technologies, Inc. USA","whois.ascio.com","http://www.ascio.com","Not Disclosed","Not Disclosed","Not Disclosed","Not Disclosed","","Not Disclosed","Serbia","","Not Disclosed","Not Disclosed","Not Disclosed","Not Disclosed","Not Disclosed","Not Disclosed","Not Disclosed","Not Disclosed","Not Disclosed","","Not Disclosed","Not Disclosed","Not Disclosed","Not Disclosed","Not Disclosed","Not Disclosed","Not Disclosed","Not Disclosed","Not Disclosed","","Not Disclosed","Not Disclosed","","","","","","","","","","","ns1.loopia.se","ns2.loopia.se","","","OK","","",""
"98","slomanpump.com","2020-05-13 07:44:36","2020-05-11","2020-05-11","2021-05-11","113","CSL Computer Service Langenbach GmbH d/b/a joker.com","whois.joker.com","http://www.joker.com","","","","","","","Serbia","","","","","","","","","","","","","","","","","","","","","","","","","","","","","","","","","","ns11.nordnet.ws","ns22.nordnet.ws","","","clientTransferProhibited","","",""
"99","smarteastsolution.com","2020-05-13 11:00:21","2020-05-11","2020-05-11","2021-05-11","48","eNom, Inc.","whois.enom.com","http://www.enom.com","REDACTED FOR PRIVACY","REDACTED FOR PRIVACY","REDACTED FOR PRIVACY","REDACTED FOR PRIVACY","Serbia","REDACTED FOR PRIVACY","Serbia","","REDACTED FOR PRIVACY","REDACTED FOR PRIVACY","REDACTED FOR PRIVACY","REDACTED FOR PRIVACY","REDACTED FOR PRIVACY","REDACTED FOR PRIVACY","REDACTED FOR PRIVACY","REDACTED FOR PRIVACY","REDACTED FOR PRIVACY","","REDACTED FOR PRIVACY","REDACTED FOR PRIVACY","REDACTED FOR PRIVACY","REDACTED FOR PRIVACY","REDACTED FOR PRIVACY","REDACTED FOR PRIVACY","REDACTED FOR PRIVACY","REDACTED FOR PRIVACY","REDACTED FOR PRIVACY","","REDACTED FOR PRIVACY","REDACTED FOR PRIVACY","","","","","","","","","","","ns5001.mochahost.com","ns6001.mochahost.com","","","addPeriod","clientTransferProhibited","",""
"100","sonisimo.com","2020-05-13 10:05:50","2020-05-10","2020-05-10","2021-05-10","48","eNom, Inc.","whois.enom.com","http://www.enom.com","REDACTED FOR PRIVACY","REDACTED FOR PRIVACY","REDACTED FOR PRIVACY","REDACTED FOR PRIVACY","Serbia","REDACTED FOR PRIVACY","Serbia","","REDACTED FOR PRIVACY","REDACTED FOR PRIVACY","REDACTED FOR PRIVACY","REDACTED FOR PRIVACY","REDACTED FOR PRIVACY","REDACTED FOR PRIVACY","REDACTED FOR PRIVACY","REDACTED FOR PRIVACY","REDACTED FOR PRIVACY","","REDACTED FOR PRIVACY","REDACTED FOR PRIVACY","REDACTED FOR PRIVACY","REDACTED FOR PRIVACY","REDACTED FOR PRIVACY","REDACTED FOR PRIVACY","REDACTED FOR PRIVACY","REDACTED FOR PRIVACY","REDACTED FOR PRIVACY","","REDACTED FOR PRIVACY","REDACTED FOR PRIVACY","","","","","","","","","","","ns1.server.plus","ns2.server.plus","ns3.server.plus","ns4.server.plus","addPeriod","ok","",""
"101","specialneedstoy.com","2020-05-13 20:31:56","2020-05-11","2020-05-11","2021-05-11","1441","TurnCommerce, Inc. DBA NameBright.com","whois.namebright.com","http://www.namebright.com","Redacted for GDPR privacy","","Redacted for GDPR privacy","Redacted for GDPR privacy","SE","Redacted for GDPR privacy","Serbia","","Redacted for GDPR privacy","Redacted for GDPR privacy","Redacted for GDPR privacy","Redacted for GDPR privacy","Redacted for GDPR privacy","Redacted for GDPR privacy","Redacted for GDPR privacy","Redacted for GDPR privacy","Redacted for GDPR privacy","","Redacted for GDPR privacy","Redacted for GDPR privacy","Redacted for GDPR privacy","Redacted for GDPR privacy","Redacted for GDPR privacy","Redacted for GDPR privacy","Redacted for GDPR privacy","Redacted for GDPR privacy","Redacted for GDPR privacy","","Redacted for GDPR privacy","Redacted for GDPR privacy","","","","","","","","","","","ns1.adhdns.biz","ns2.adhdns.biz","","","clientTransferProhibited","","",""
"102","splendidtravelserbia.com","2020-05-13 20:13:18","2020-05-12","2020-05-12","2021-05-12","48","eNom, Inc.","whois.enom.com","http://www.enom.com","REDACTED FOR PRIVACY","REDACTED FOR PRIVACY","REDACTED FOR PRIVACY","REDACTED FOR PRIVACY","Beograd","REDACTED FOR PRIVACY","Serbia","","REDACTED FOR PRIVACY","REDACTED FOR PRIVACY","REDACTED FOR PRIVACY","REDACTED FOR PRIVACY","REDACTED FOR PRIVACY","REDACTED FOR PRIVACY","REDACTED FOR PRIVACY","REDACTED FOR PRIVACY","REDACTED FOR PRIVACY","","REDACTED FOR PRIVACY","REDACTED FOR PRIVACY","REDACTED FOR PRIVACY","REDACTED FOR PRIVACY","REDACTED FOR PRIVACY","REDACTED FOR PRIVACY","REDACTED FOR PRIVACY","REDACTED FOR PRIVACY","REDACTED FOR PRIVACY","","REDACTED FOR PRIVACY","REDACTED FOR PRIVACY","","","","","","","","","","","ns3.superhosting.rs","ns4.superhosting.rs","","","addPeriod","clientTransferProhibited","",""
"103","stackitns.com","2020-05-13 19:54:20","2020-05-12","2020-05-13","2021-05-12","69","Tucows Domains Inc.","whois.tucows.com","http://domainhelp.opensrs.net","REDACTED FOR PRIVACY","REDACTED FOR PRIVACY","REDACTED FOR PRIVACY","REDACTED FOR PRIVACY","NS","REDACTED FOR PRIVACY","Serbia","","REDACTED FOR PRIVACY","REDACTED FOR PRIVACY","REDACTED FOR PRIVACY","REDACTED FOR PRIVACY","REDACTED FOR PRIVACY","REDACTED FOR PRIVACY","REDACTED FOR PRIVACY","REDACTED FOR PRIVACY","REDACTED FOR PRIVACY","","REDACTED FOR PRIVACY","REDACTED FOR PRIVACY","REDACTED FOR PRIVACY","REDACTED FOR PRIVACY","REDACTED FOR PRIVACY","REDACTED FOR PRIVACY","REDACTED FOR PRIVACY","REDACTED FOR PRIVACY","REDACTED FOR PRIVACY","","REDACTED FOR PRIVACY","REDACTED FOR PRIVACY","","","","","","","","","","","plesk4000a.trouble-free.net","plesk4000b.trouble-free.net","","","OK","","",""
"104","starefotke.com","2020-05-13 09:07:43","2020-05-10","2020-05-10","2021-05-10","146","GoDaddy.com, LLC","whois.godaddy.com","http://registrar.godaddy.com","","","","","Grad Beograd","","Serbia","","","","","","","","","","","","","","","","","","","","","","","","","","","","","","","","","","ns63.domaincontrol.com","ns64.domaincontrol.com","","","clientDeleteProhibited","clientRenewProhibited","clientTransferProhibited","clientUpdateProhibited"
"105","streamlinedhq.com","2020-05-13 11:01:59","2020-05-11","2020-05-11","2021-05-11","106","Ascio Technologies, Inc. Danmark - Filial af Ascio technologies, Inc. USA","whois.ascio.com","http://www.ascio.com","Not Disclosed","Not Disclosed","Not Disclosed","Not Disclosed","","Not Disclosed","Serbia","","Not Disclosed","Not Disclosed","Not Disclosed","Not Disclosed","Not Disclosed","Not Disclosed","Not Disclosed","Not Disclosed","Not Disclosed","","Not Disclosed","Not Disclosed","Not Disclosed","Not Disclosed","Not Disclosed","Not Disclosed","Not Disclosed","Not Disclosed","Not Disclosed","","Not Disclosed","Not Disclosed","","","","","","","","","","","ns1.loopia.se","ns2.loopia.se","","","OK","","",""
"106","svetlecereklamedm.com","2020-05-13 11:09:08","2020-05-11","2020-05-11","2021-05-11","303","PDR Ltd. d/b/a PublicDomainRegistry.com","whois.publicdomainregistry.com","http://www.publicdomainregistry.com","Ilija Krtinic","","Ladjarska 29","Apatin","Vojvodina","25260","Serbia","ilija.krtinic@molsoncoors.com","+381.025778964","","Ilija Krtinic","","Ladjarska 29","Apatin","Vojvodina","25260","Serbia","ilija.krtinic@molsoncoors.com","+381.025778964","","Ilija Krtinic","","Ladjarska 29","Apatin","Vojvodina","25260","Serbia","ilija.krtinic@molsoncoors.com","+381.025778964","","","","","","","","","","","","dns1.dwhost.net","dns2.dwhost.net","dns3.dwhost.net","","clientTransferProhibited","","",""
"107","synergyrestaurantconsultant.com","2020-05-13 20:06:56","2020-05-12","2020-05-12","2021-05-12","1441","TurnCommerce, Inc. DBA NameBright.com","whois.namebright.com","http://www.namebright.com","Redacted for GDPR privacy","","Redacted for GDPR privacy","Redacted for GDPR privacy","SE","Redacted for GDPR privacy","Serbia","","Redacted for GDPR privacy","Redacted for GDPR privacy","Redacted for GDPR privacy","Redacted for GDPR privacy","Redacted for GDPR privacy","Redacted for GDPR privacy","Redacted for GDPR privacy","Redacted for GDPR privacy","Redacted for GDPR privacy","","Redacted for GDPR privacy","Redacted for GDPR privacy","Redacted for GDPR privacy","Redacted for GDPR privacy","Redacted for GDPR privacy","Redacted for GDPR privacy","Redacted for GDPR privacy","Redacted for GDPR privacy","Redacted for GDPR privacy","","Redacted for GDPR privacy","Redacted for GDPR privacy","","","","","","","","","","","ns1.adhdns.biz","ns2.adhdns.biz","","","clientTransferProhibited","","",""
"108","tabletophq.com","2020-05-13 20:58:04","2020-05-12","2020-05-12","2021-05-12","303","PDR Ltd. d/b/a PublicDomainRegistry.com","whois.publicdomainregistry.com","http://www.publicdomainregistry.com","Stefan Basic","","Cara Dusana 71","Novi Sad","Srbija","21000","Serbia","stefanbasic@gmail.com","+381.063654324","","Stefan Basic","","Cara Dusana 71","Novi Sad","Srbija","21000","Serbia","stefanbasic@gmail.com","+381.063654324","","Stefan Basic","","Cara Dusana 71","Novi Sad","Srbija","21000","Serbia","stefanbasic@gmail.com","+381.063654324","","","","","","","","","","","","dns1.dwhost.net","dns2.dwhost.net","dns3.dwhost.net","","clientTransferProhibited","","",""
"109","tajnemajstora.com","2020-05-13 20:09:00","2020-05-12","2020-05-12","2021-05-12","303","PDR Ltd. d/b/a PublicDomainRegistry.com","whois.publicdomainregistry.com","http://www.publicdomainregistry.com","Zarko Zivanovic","Aegis Media doo","Svetozara Markovica 7","Belgrade","Serbia","11000","Serbia","office@aegismedia.rs","+381.63263587","","Zarko Zivanovic","Aegis Media doo","Svetozara Markovica 7","Belgrade","Serbia","11000","Serbia","office@aegismedia.rs","+381.63263587","","Zarko Zivanovic","Aegis Media doo","Svetozara Markovica 7","Belgrade","Serbia","11000","Serbia","office@aegismedia.rs","+381.63263587","","","","","","","","","","","","ns1.dns-parking.com","ns2.dns-parking.com","","","clientTransferProhibited","","",""
"110","teacherslinks.com","2020-05-13 20:43:59","2020-05-12","2020-05-12","2021-05-12","1441","TurnCommerce, Inc. DBA NameBright.com","whois.namebright.com","http://www.namebright.com","Redacted for GDPR privacy","","Redacted for GDPR privacy","Redacted for GDPR privacy","SE","Redacted for GDPR privacy","Serbia","","Redacted for GDPR privacy","Redacted for GDPR privacy","Redacted for GDPR privacy","Redacted for GDPR privacy","Redacted for GDPR privacy","Redacted for GDPR privacy","Redacted for GDPR privacy","Redacted for GDPR privacy","Redacted for GDPR privacy","","Redacted for GDPR privacy","Redacted for GDPR privacy","Redacted for GDPR privacy","Redacted for GDPR privacy","Redacted for GDPR privacy","Redacted for GDPR privacy","Redacted for GDPR privacy","Redacted for GDPR privacy","Redacted for GDPR privacy","","Redacted for GDPR privacy","Redacted for GDPR privacy","","","","","","","","","","","ns1.adhdns.biz","ns2.adhdns.biz","","","clientTransferProhibited","","",""
"111","tepihserviskole.com","2020-05-13 11:02:08","2020-05-11","2020-05-11","2021-05-11","303","PDR Ltd. d/b/a PublicDomainRegistry.com","whois.publicdomainregistry.com","http://www.publicdomainregistry.com","Bojan Stijelja","","Dusana Vukasovica 51","Novi Beograd","Srbija","11070","Serbia","bojansky80@gmail.com","+381.0607184040","","Bojan Stijelja","","Dusana Vukasovica 51","Novi Beograd","Srbija","11070","Serbia","bojansky80@gmail.com","+381.0607184040","","Bojan Stijelja","","Dusana Vukasovica 51","Novi Beograd","Srbija","11070","Serbia","bojansky80@gmail.com","+381.0607184040","","","","","","","","","","","","dns1.dwhost.net","dns2.dwhost.net","dns3.dwhost.net","","clientTransferProhibited","","",""
"112","thecharmeddesign.com","2020-05-13 08:30:19","2020-05-10","2020-05-10","2021-05-10","146","GoDaddy.com, LLC","whois.godaddy.com","http://registrar.godaddy.com","","","","","Grad Beograd","","Serbia","","","","","","","","","","","","","","","","","","","","","","","","","","","","","","","","","","ns1.webhostingsrbija.rs","ns2.webhostingsrbija.rs","","","clientDeleteProhibited","clientRenewProhibited","clientTransferProhibited","clientUpdateProhibited"
"113","tijanavukanproperty.com","2020-05-13 20:05:48","2020-05-12","2020-05-12","2021-05-12","106","Ascio Technologies, Inc. Danmark - Filial af Ascio technologies, Inc. USA","whois.ascio.com","http://www.ascio.com","Not Disclosed","Not Disclosed","Not Disclosed","Not Disclosed","","Not Disclosed","Serbia","","Not Disclosed","Not Disclosed","Not Disclosed","Not Disclosed","Not Disclosed","Not Disclosed","Not Disclosed","Not Disclosed","Not Disclosed","","Not Disclosed","Not Disclosed","Not Disclosed","Not Disclosed","Not Disclosed","Not Disclosed","Not Disclosed","Not Disclosed","Not Disclosed","","Not Disclosed","Not Disclosed","","","","","","","","","","","ns1.loopia.se","ns2.loopia.se","","","OK","","",""
"114","tomicafood.com","2020-05-13 20:13:02","2020-05-12","2020-05-12","2021-05-12","69","Tucows Domains Inc.","whois.tucows.com","http://domainhelp.opensrs.net","REDACTED FOR PRIVACY","REDACTED FOR PRIVACY","REDACTED FOR PRIVACY","REDACTED FOR PRIVACY","REDACTED FOR PRIVACY","REDACTED FOR PRIVACY","Serbia","","REDACTED FOR PRIVACY","REDACTED FOR PRIVACY","REDACTED FOR PRIVACY","REDACTED FOR PRIVACY","REDACTED FOR PRIVACY","REDACTED FOR PRIVACY","REDACTED FOR PRIVACY","REDACTED FOR PRIVACY","REDACTED FOR PRIVACY","","REDACTED FOR PRIVACY","REDACTED FOR PRIVACY","REDACTED FOR PRIVACY","REDACTED FOR PRIVACY","REDACTED FOR PRIVACY","REDACTED FOR PRIVACY","REDACTED FOR PRIVACY","REDACTED FOR PRIVACY","REDACTED FOR PRIVACY","","REDACTED FOR PRIVACY","REDACTED FOR PRIVACY","","","","","","","","","","","ns.beotel.net","ns.beotel.rs","","","","","",""
"115","transporter011.com","2020-05-13 11:00:27","2020-05-11","2020-05-11","2022-05-11","146","GoDaddy.com, LLC","whois.godaddy.com","http://registrar.godaddy.com","","","","","Grad Beograd","","Serbia","","","","","","","","","","","","","","","","","","","","","","","","","","","","","","","","","","ns23.domaincontrol.com","ns24.domaincontrol.com","","","clientDeleteProhibited","clientRenewProhibited","clientTransferProhibited","clientUpdateProhibited"
"116","travelthroughmagic.com","2020-05-13 09:33:29","2020-05-09","2020-05-09","2021-05-09","303","PDR Ltd. d/b/a PublicDomainRegistry.com","whois.publicdomainregistry.com","http://www.publicdomainregistry.com","Jelena Siladji","","Petra Horvackog 92","Subotica","Srbija","24106","Serbia","jelenasiladji@yahoo.com","+43.68181165994","","Jelena Siladji","","Petra Horvackog 92","Subotica","Srbija","24106","Serbia","jelenasiladji@yahoo.com","+43.68181165994","","Jelena Siladji","","Petra Horvackog 92","Subotica","Srbija","24106","Serbia","jelenasiladji@yahoo.com","+43.68181165994","","","","","","","","","","","","ns15.unlimited.rs","ns16.unlimited.rs","","","clientTransferProhibited","","",""
"117","trimconsulting.net","2020-05-14 00:07:00","2020-05-12","2020-05-12","2021-05-12","955","Launchpad, Inc.","whois.launchpad.com","http://www.launchpad.com","Marko Markovic","None","Somborska 13","Nis","00","18000","Serbia","markovicm1610@gmail.com","+381.638393125","","Marko Markovic","None","Somborska 13","Nis","00","18000","Serbia","markovicm1610@gmail.com","+381.638393125","","Marko Markovic","None","Somborska 13","Nis","00","18000","Serbia","markovicm1610@gmail.com","+381.638393125","","","","","","","","","","","","ns6029.hostgator.com","ns6030.hostgator.com","","","clientTransferProhibited","","",""
"118","tutorsadmins.com","2020-05-13 07:06:15","2020-05-10","2020-05-10","2021-05-10","1441","TurnCommerce, Inc. DBA NameBright.com","whois.namebright.com","http://www.namebright.com","Redacted for GDPR privacy","","Redacted for GDPR privacy","Redacted for GDPR privacy","SE","Redacted for GDPR privacy","Serbia","","Redacted for GDPR privacy","Redacted for GDPR privacy","Redacted for GDPR privacy","Redacted for GDPR privacy","Redacted for GDPR privacy","Redacted for GDPR privacy","Redacted for GDPR privacy","Redacted for GDPR privacy","Redacted for GDPR privacy","","Redacted for GDPR privacy","Redacted for GDPR privacy","Redacted for GDPR privacy","Redacted for GDPR privacy","Redacted for GDPR privacy","Redacted for GDPR privacy","Redacted for GDPR privacy","Redacted for GDPR privacy","Redacted for GDPR privacy","","Redacted for GDPR privacy","Redacted for GDPR privacy","","","","","","","","","","","ns1.adhdns.biz","ns2.adhdns.biz","","","clientTransferProhibited","","",""
"119","unbounceexperts.com","2020-05-13 10:47:41","2020-05-10","2020-05-10","2021-05-10","1441","TurnCommerce, Inc. DBA NameBright.com","whois.namebright.com","http://www.namebright.com","Redacted for GDPR privacy","","Redacted for GDPR privacy","Redacted for GDPR privacy","SE","Redacted for GDPR privacy","Serbia","","Redacted for GDPR privacy","Redacted for GDPR privacy","Redacted for GDPR privacy","Redacted for GDPR privacy","Redacted for GDPR privacy","Redacted for GDPR privacy","Redacted for GDPR privacy","Redacted for GDPR privacy","Redacted for GDPR privacy","","Redacted for GDPR privacy","Redacted for GDPR privacy","Redacted for GDPR privacy","Redacted for GDPR privacy","Redacted for GDPR privacy","Redacted for GDPR privacy","Redacted for GDPR privacy","Redacted for GDPR privacy","Redacted for GDPR privacy","","Redacted for GDPR privacy","Redacted for GDPR privacy","","","","","","","","","","","ns1.adhdns.biz","ns2.adhdns.biz","","","clientTransferProhibited","","",""
"120","underitdev.com","2020-05-13 07:17:22","2020-05-11","2020-05-11","2023-05-11","146","GoDaddy.com, LLC","whois.godaddy.com","http://registrar.godaddy.com","","","","","Juzno-Backi Okrug","","Serbia","","","","","","","","","","","","","","","","","","","","","","","","","","","","","","","","","","ns13.domaincontrol.com","ns14.domaincontrol.com","","","clientDeleteProhibited","clientRenewProhibited","clientTransferProhibited","clientUpdateProhibited"
"121","unique-decks.com","2020-05-13 10:41:53","2020-05-10","2020-05-10","2021-05-10","1441","TurnCommerce, Inc. DBA NameBright.com","whois.namebright.com","http://www.namebright.com","Redacted for GDPR privacy","","Redacted for GDPR privacy","Redacted for GDPR privacy","SE","Redacted for GDPR privacy","Serbia","","Redacted for GDPR privacy","Redacted for GDPR privacy","Redacted for GDPR privacy","Redacted for GDPR privacy","Redacted for GDPR privacy","Redacted for GDPR privacy","Redacted for GDPR privacy","Redacted for GDPR privacy","Redacted for GDPR privacy","","Redacted for GDPR privacy","Redacted for GDPR privacy","Redacted for GDPR privacy","Redacted for GDPR privacy","Redacted for GDPR privacy","Redacted for GDPR privacy","Redacted for GDPR privacy","Redacted for GDPR privacy","Redacted for GDPR privacy","","Redacted for GDPR privacy","Redacted for GDPR privacy","","","","","","","","","","","ns1.adhdns.biz","ns2.adhdns.biz","","","clientTransferProhibited","","",""
"122","vanjmali.com","2020-05-13 09:09:34","2020-05-10","2020-05-10","2021-05-10","303","PDR Ltd. d/b/a PublicDomainRegistry.com","whois.publicdomainregistry.com","http://www.publicdomainregistry.com","Vanja Armbruster","Vanja Armbruster","Romanijska","Novi Sad","Vojvodina","21000","Serbia","vanjmali@outlook.com","+381.637026424","","Vanja Armbruster","Vanja Armbruster","Romanijska","Novi Sad","Vojvodina","21000","Serbia","vanjmali@outlook.com","+381.637026424","","Vanja Armbruster","Vanja Armbruster","Romanijska","Novi Sad","Vojvodina","21000","Serbia","vanjmali@outlook.com","+381.637026424","","","","","","","","","","","","amit.ns.cloudflare.com","desi.ns.cloudflare.com","","","clientTransferProhibited","","",""
"123","velikogradiste.com","2020-05-13 11:09:37","2020-05-11","2020-05-12","2021-05-11","69","Tucows Domains Inc.","whois.tucows.com","http://domainhelp.opensrs.net","REDACTED FOR PRIVACY","REDACTED FOR PRIVACY","REDACTED FOR PRIVACY","REDACTED FOR PRIVACY","","REDACTED FOR PRIVACY","Serbia","","REDACTED FOR PRIVACY","REDACTED FOR PRIVACY","REDACTED FOR PRIVACY","REDACTED FOR PRIVACY","REDACTED FOR PRIVACY","REDACTED FOR PRIVACY","REDACTED FOR PRIVACY","REDACTED FOR PRIVACY","REDACTED FOR PRIVACY","","REDACTED FOR PRIVACY","REDACTED FOR PRIVACY","REDACTED FOR PRIVACY","REDACTED FOR PRIVACY","REDACTED FOR PRIVACY","REDACTED FOR PRIVACY","REDACTED FOR PRIVACY","REDACTED FOR PRIVACY","REDACTED FOR PRIVACY","","REDACTED FOR PRIVACY","REDACTED FOR PRIVACY","","","","","","","","","","","ns219.adriahost.com","ns220.adriahost.com","","","clientTransferProhibited","clientUpdateProhibited","",""
"124","vidovitadjurdjina.com","2020-05-13 06:57:03","2020-05-11","2020-05-11","2021-05-11","151","PSI-USA, Inc. dba Domain Robot","whois.psi-usa.info","http://www.psi-usa.info","REDACTED FOR PRIVACY","","REDACTED FOR PRIVACY","REDACTED FOR PRIVACY","Srbija","REDACTED FOR PRIVACY","Serbia","","REDACTED FOR PRIVACY","REDACTED FOR PRIVACY","REDACTED FOR PRIVACY","REDACTED FOR PRIVACY","REDACTED FOR PRIVACY","REDACTED FOR PRIVACY","REDACTED FOR PRIVACY","REDACTED FOR PRIVACY","REDACTED FOR PRIVACY","","REDACTED FOR PRIVACY","REDACTED FOR PRIVACY","REDACTED FOR PRIVACY","REDACTED FOR PRIVACY","REDACTED FOR PRIVACY","REDACTED FOR PRIVACY","REDACTED FOR PRIVACY","REDACTED FOR PRIVACY","REDACTED FOR PRIVACY","","REDACTED FOR PRIVACY","REDACTED FOR PRIVACY","","","","","","","","","","","ns1.ulimitserver.com","ns2.ulimitserver.com","","","clientTransferProhibited","","",""
"125","vidovitaseherezada.com","2020-05-13 10:59:42","2020-05-11","2020-05-11","2021-05-11","151","PSI-USA, Inc. dba Domain Robot","whois.psi-usa.info","http://www.psi-usa.info","REDACTED FOR PRIVACY","","REDACTED FOR PRIVACY","REDACTED FOR PRIVACY","Srbija","REDACTED FOR PRIVACY","Serbia","","REDACTED FOR PRIVACY","REDACTED FOR PRIVACY","REDACTED FOR PRIVACY","REDACTED FOR PRIVACY","REDACTED FOR PRIVACY","REDACTED FOR PRIVACY","REDACTED FOR PRIVACY","REDACTED FOR PRIVACY","REDACTED FOR PRIVACY","","REDACTED FOR PRIVACY","REDACTED FOR PRIVACY","REDACTED FOR PRIVACY","REDACTED FOR PRIVACY","REDACTED FOR PRIVACY","REDACTED FOR PRIVACY","REDACTED FOR PRIVACY","REDACTED FOR PRIVACY","REDACTED FOR PRIVACY","","REDACTED FOR PRIVACY","REDACTED FOR PRIVACY","","","","","","","","","","","ns1.ulimitserver.com","ns2.ulimitserver.com","","","clientTransferProhibited","","",""
"126","viladjukiczlatibor.com","2020-05-13 20:59:55","2020-05-12","2020-05-12","2021-05-12","69","Tucows Domains Inc.","whois.tucows.com","http://domainhelp.opensrs.net","REDACTED FOR PRIVACY","REDACTED FOR PRIVACY","REDACTED FOR PRIVACY","REDACTED FOR PRIVACY","REDACTED FOR PRIVACY","REDACTED FOR PRIVACY","Serbia","","REDACTED FOR PRIVACY","REDACTED FOR PRIVACY","REDACTED FOR PRIVACY","REDACTED FOR PRIVACY","REDACTED FOR PRIVACY","REDACTED FOR PRIVACY","REDACTED FOR PRIVACY","REDACTED FOR PRIVACY","REDACTED FOR PRIVACY","","REDACTED FOR PRIVACY","REDACTED FOR PRIVACY","REDACTED FOR PRIVACY","REDACTED FOR PRIVACY","REDACTED FOR PRIVACY","REDACTED FOR PRIVACY","REDACTED FOR PRIVACY","REDACTED FOR PRIVACY","REDACTED FOR PRIVACY","","REDACTED FOR PRIVACY","REDACTED FOR PRIVACY","","","","","","","","","","","ns.beotel.net","ns.beotel.rs","","","","","",""
"127","virtev.net","2020-05-14 00:06:48","2020-05-12","2020-05-12","2021-05-12","106","Ascio Technologies, Inc. Danmark - Filial af Ascio technologies, Inc. USA","whois.ascio.com","http://www.ascio.com","Not Disclosed","Not Disclosed","Not Disclosed","Not Disclosed","","Not Disclosed","Serbia","","Not Disclosed","Not Disclosed","Not Disclosed","Not Disclosed","Not Disclosed","Not Disclosed","Not Disclosed","Not Disclosed","Not Disclosed","","Not Disclosed","Not Disclosed","Not Disclosed","Not Disclosed","Not Disclosed","Not Disclosed","Not Disclosed","Not Disclosed","Not Disclosed","","Not Disclosed","Not Disclosed","","","","","","","","","","","ns1.loopia.se","ns2.loopia.se","","","OK","","",""
"128","voguemerch.com","2020-05-13 07:12:20","2020-05-10","2020-05-10","2021-05-10","146","GoDaddy.com, LLC","whois.godaddy.com","http://registrar.godaddy.com","","","","","serbia","","Serbia","","","","","","","","","","","","","","","","","","","","","","","","","","","","","","","","","","ns13.domaincontrol.com","ns14.domaincontrol.com","","","clientDeleteProhibited","clientRenewProhibited","clientTransferProhibited","clientUpdateProhibited"
"129","vukanproperty.com","2020-05-13 19:56:29","2020-05-12","2020-05-12","2021-05-12","106","Ascio Technologies, Inc. Danmark - Filial af Ascio technologies, Inc. USA","whois.ascio.com","http://www.ascio.com","Not Disclosed","Not Disclosed","Not Disclosed","Not Disclosed","","Not Disclosed","Serbia","","Not Disclosed","Not Disclosed","Not Disclosed","Not Disclosed","Not Disclosed","Not Disclosed","Not Disclosed","Not Disclosed","Not Disclosed","","Not Disclosed","Not Disclosed","Not Disclosed","Not Disclosed","Not Disclosed","Not Disclosed","Not Disclosed","Not Disclosed","Not Disclosed","","Not Disclosed","Not Disclosed","","","","","","","","","","","ns1.loopia.se","ns2.loopia.se","","","OK","","",""
"130","warrenjamesjewellers.com","2020-05-13 10:55:53","2020-05-11","2020-05-11","2021-05-11","1441","TurnCommerce, Inc. DBA NameBright.com","whois.namebright.com","http://www.namebright.com","Redacted for GDPR privacy","","Redacted for GDPR privacy","Redacted for GDPR privacy","SE","Redacted for GDPR privacy","Serbia","","Redacted for GDPR privacy","Redacted for GDPR privacy","Redacted for GDPR privacy","Redacted for GDPR privacy","Redacted for GDPR privacy","Redacted for GDPR privacy","Redacted for GDPR privacy","Redacted for GDPR privacy","Redacted for GDPR privacy","","Redacted for GDPR privacy","Redacted for GDPR privacy","Redacted for GDPR privacy","Redacted for GDPR privacy","Redacted for GDPR privacy","Redacted for GDPR privacy","Redacted for GDPR privacy","Redacted for GDPR privacy","Redacted for GDPR privacy","","Redacted for GDPR privacy","Redacted for GDPR privacy","","","","","","","","","","","ns1.adhdns.biz","ns2.adhdns.biz","","","clientTransferProhibited","","",""
"131","wishandgo.net","2020-05-14 00:06:38","2020-05-11","2020-05-11","2021-05-11","106","Ascio Technologies, Inc. Danmark - Filial af Ascio technologies, Inc. USA","whois.ascio.com","http://www.ascio.com","Not Disclosed","Not Disclosed","Not Disclosed","Not Disclosed","","Not Disclosed","Serbia","","Not Disclosed","Not Disclosed","Not Disclosed","Not Disclosed","Not Disclosed","Not Disclosed","Not Disclosed","Not Disclosed","Not Disclosed","","Not Disclosed","Not Disclosed","Not Disclosed","Not Disclosed","Not Disclosed","Not Disclosed","Not Disclosed","Not Disclosed","Not Disclosed","","Not Disclosed","Not Disclosed","","","","","","","","","","","ns1.loopia.se","ns2.loopia.se","","","OK","","",""
"132","witherboss.network","2020-05-14 00:05:33","2020-05-11","2020-05-11","2021-05-11","146","GoDaddy.com, LLC","whois.godaddy.com","http://registrar.godaddy.com","REDACTED FOR PRIVACY","","REDACTED FOR PRIVACY","REDACTED FOR PRIVACY","PA","REDACTED FOR PRIVACY","Serbia","","REDACTED FOR PRIVACY","REDACTED FOR PRIVACY","","","","","","","","","","","","","","","","","","","","","","","","","","","","","","","","","","","addPeriod","clientDeleteProhibited","clientRenewProhibited","clientTransferProhibited"
"133","wozbtc.com","2020-05-13 07:12:28","2020-05-10","2020-05-10","2021-05-10","303","PDR Ltd. d/b/a PublicDomainRegistry.com","whois.publicdomainregistry.com","http://www.publicdomainregistry.com","Dimitrije Jovanovic","","Nikole Kopernika 12","Nis","Nisavski","18004","Serbia","mobsternis@gmail.com","+381.644830099","","Dimitrije Jovanovic","","Nikole Kopernika 12","Nis","Nisavski","18004","Serbia","mobsternis@gmail.com","+381.644830099","","Dimitrije Jovanovic","","Nikole Kopernika 12","Nis","Nisavski","18004","Serbia","mobsternis@gmail.com","+381.644830099","","","","","","","","","","","","diva.ns.cloudflare.com","henry.ns.cloudflare.com","","","clientTransferProhibited","","",""
"134","yosfashion.com","2020-05-13 10:44:02","2020-05-10","2020-05-10","2021-05-10","1441","TurnCommerce, Inc. DBA NameBright.com","whois.namebright.com","http://www.namebright.com","Redacted for GDPR privacy","","Redacted for GDPR privacy","Redacted for GDPR privacy","SE","Redacted for GDPR privacy","Serbia","","Redacted for GDPR privacy","Redacted for GDPR privacy","Redacted for GDPR privacy","Redacted for GDPR privacy","Redacted for GDPR privacy","Redacted for GDPR privacy","Redacted for GDPR privacy","Redacted for GDPR privacy","Redacted for GDPR privacy","","Redacted for GDPR privacy","Redacted for GDPR privacy","Redacted for GDPR privacy","Redacted for GDPR privacy","Redacted for GDPR privacy","Redacted for GDPR privacy","Redacted for GDPR privacy","Redacted for GDPR privacy","Redacted for GDPR privacy","","Redacted for GDPR privacy","Redacted for GDPR privacy","","","","","","","","","","","ns1.adhdns.biz","ns2.adhdns.biz","","","clientTransferProhibited","","",""
"135","zigezang.com","2020-05-13 09:58:28","2020-05-10","2020-05-10","2021-05-10","146","GoDaddy.com, LLC","whois.godaddy.com","http://registrar.godaddy.com","","","","","Grad Beograd","","Serbia","","","","","","","","","","","","","","","","","","","","","","","","","","","","","","","","","","ns27.domaincontrol.com","ns28.domaincontrol.com","","","clientDeleteProhibited","clientRenewProhibited","clientTransferProhibited","clientUpdateProhibited"
"136","zigezanglice.com","2020-05-13 09:58:23","2020-05-10","2020-05-10","2021-05-10","146","GoDaddy.com, LLC","whois.godaddy.com","http://registrar.godaddy.com","","","","","Grad Beograd","","Serbia","","","","","","","","","","","","","","","","","","","","","","","","","","","","","","","","","","ns27.domaincontrol.com","ns28.domaincontrol.com","","","clientDeleteProhibited","clientRenewProhibited","clientTransferProhibited","clientUpdateProhibited"