"num","domain_name","query_time","create_date","update_date","expiry_date","domain_registrar_id","domain_registrar_name","domain_registrar_whois","domain_registrar_url","registrant_name","registrant_company","registrant_address","registrant_city","registrant_state","registrant_zip","registrant_country","registrant_email","registrant_phone","registrant_fax","administrative_name","administrative_company","administrative_address","administrative_city","administrative_state","administrative_zip","administrative_country","administrative_email","administrative_phone","administrative_fax","technical_name","technical_company","technical_address","technical_city","technical_state","technical_zip","technical_country","technical_email","technical_phone","technical_fax","billing_name","billing_company","billing_address","billing_city","billing_state","billing_zip","billing_country","billing_email","billing_phone","billing_fax","name_server_1","name_server_2","name_server_3","name_server_4","domain_status_1","domain_status_2","domain_status_3","domain_status_4"
"1","0xaiio.com","2020-05-13 10:59:19","2020-05-11","2020-05-11","2021-05-11","113","CSL Computer Service Langenbach GmbH d/b/a joker.com","whois.joker.com","http://www.joker.com","","","","","","","Slovenia","","","","","","","","","","","","","","","","","","","","","","","","","","","","","","","","","","cdns1.controlpanel.si","cdns2.controlpanel.si","","","clientTransferProhibited","","",""
"2","adi-bau.net","2020-05-13 19:09:28","2020-05-11","2020-05-11","2021-05-11","106","Ascio Technologies, Inc. Danmark - Filial af Ascio technologies, Inc. USA","whois.ascio.com","http://www.ascio.com","Not Disclosed","Not Disclosed","Not Disclosed","Not Disclosed","","Not Disclosed","Slovenia","","Not Disclosed","Not Disclosed","Not Disclosed","Not Disclosed","Not Disclosed","Not Disclosed","Not Disclosed","Not Disclosed","Not Disclosed","","Not Disclosed","Not Disclosed","Not Disclosed","Not Disclosed","Not Disclosed","Not Disclosed","Not Disclosed","Not Disclosed","Not Disclosed","","Not Disclosed","Not Disclosed","","","","","","","","","","","dns1.123hjemmeside.dk","dns2.123hjemmeside.dk","dns3.123hjemmeside.dk","","OK","","",""
"3","allgreenvina-vn.com","2020-05-13 20:07:27","2020-05-12","2020-05-12","2021-05-12","303","PDR Ltd. d/b/a PublicDomainRegistry.com","whois.publicdomainregistry.com","http://www.publicdomainregistry.com","GDPR Masked","GDPR Masked","GDPR Masked","GDPR Masked","Dunajska 71 1311 Turjak","GDPR Masked","Slovenia","gdpr-masking@gdpr-masked.com","GDPR Masked","GDPR Masked","GDPR Masked","GDPR Masked","GDPR Masked","GDPR Masked","GDPR Masked","GDPR Masked","GDPR Masked","gdpr-masking@gdpr-masked.com","GDPR Masked","GDPR Masked","GDPR Masked","GDPR Masked","GDPR Masked","GDPR Masked","GDPR Masked","GDPR Masked","GDPR Masked","gdpr-masking@gdpr-masked.com","GDPR Masked","GDPR Masked","","","","","","","","","","","earth.monovm.com","mars.monovm.com","mercury.monovm.com","venus.monovm.com","clientTransferProhibited","","",""
"4","alnespharma.com","2020-05-13 20:08:09","2020-05-12","2020-05-12","2021-05-12","146","GoDaddy.com, LLC","whois.godaddy.com","http://registrar.godaddy.com","","","","","Slovenia","","Slovenia","","","","","","","","","","","","","","","","","","","","","","","","","","","","","","","","","","ns25.domaincontrol.com","ns26.domaincontrol.com","","","clientDeleteProhibited","clientRenewProhibited","clientTransferProhibited","clientUpdateProhibited"
"5","appelinfirmiere.com","2020-05-13 08:30:43","2020-05-10","2020-05-10","2021-05-10","146","GoDaddy.com, LLC","whois.godaddy.com","http://registrar.godaddy.com","Eurotronik Kranj d.o.o.","Eurotronik Kranj d.o.o.","","","Gorenjska","","Slovenia","","","","","","","","","","","","","","","","","","","","","","","","","","","","","","","","","","ns07.domaincontrol.com","ns08.domaincontrol.com","","","clientDeleteProhibited","clientRenewProhibited","clientTransferProhibited","clientUpdateProhibited"
"6","asonic-loglstics.com","2020-05-13 19:37:55","2020-05-12","2020-05-12","2021-05-12","303","PDR Ltd. d/b/a PublicDomainRegistry.com","whois.publicdomainregistry.com","http://www.publicdomainregistry.com","GDPR Masked","GDPR Masked","GDPR Masked","GDPR Masked","Dunajska 71 1311 Turjak","GDPR Masked","Slovenia","gdpr-masking@gdpr-masked.com","GDPR Masked","GDPR Masked","GDPR Masked","GDPR Masked","GDPR Masked","GDPR Masked","GDPR Masked","GDPR Masked","GDPR Masked","gdpr-masking@gdpr-masked.com","GDPR Masked","GDPR Masked","GDPR Masked","GDPR Masked","GDPR Masked","GDPR Masked","GDPR Masked","GDPR Masked","GDPR Masked","gdpr-masking@gdpr-masked.com","GDPR Masked","GDPR Masked","","","","","","","","","","","earth.monovm.com","mars.monovm.com","mercury.monovm.com","venus.monovm.com","clientTransferProhibited","","",""
"7","billionairex.one","2020-05-14 00:05:29","2020-05-11","2020-05-11","2021-05-11","146","GoDaddy.com, LLC","whois.godaddy.com","http://registrar.godaddy.com","Imperioo Creatoor mtp d.o.o.","Imperioo Creatoor mtp d.o.o.","","","Gorenjska","","Slovenia","","","","","","","","","","","","","","","","","","","","","","","","","","","","","","","","","","ns23.domaincontrol.com","ns24.domaincontrol.com","","","addPeriod","clientDeleteProhibited","clientRenewProhibited","clientTransferProhibited"
"8","birdshouse-rovinj.com","2020-05-13 07:03:20","2020-05-11","2020-05-11","2023-05-11","113","CSL Computer Service Langenbach GmbH d/b/a joker.com","whois.joker.com","http://www.joker.com","INTERSPLET d.o.o.","INTERSPLET d.o.o.","","","","","Slovenia","","","","","","","","","","","","","","","","","","","","","","","","","","","","","","","","","","ns1.bentral.com","ns2.bentral.com","","","clientTransferProhibited","","",""
"9","bloggingmakesmoney.com","2020-05-13 19:43:31","2020-05-11","2020-05-11","2021-05-11","1647","Hosting Concepts B.V. dba Openprovider","whois.registrar.eu","http://www.openprovider.com","REDACTED FOR PRIVACY","","REDACTED FOR PRIVACY","REDACTED FOR PRIVACY","","REDACTED FOR PRIVACY","Slovenia","","REDACTED FOR PRIVACY","REDACTED FOR PRIVACY","REDACTED FOR PRIVACY","REDACTED FOR PRIVACY","REDACTED FOR PRIVACY","REDACTED FOR PRIVACY","REDACTED FOR PRIVACY","REDACTED FOR PRIVACY","REDACTED FOR PRIVACY","","REDACTED FOR PRIVACY","REDACTED FOR PRIVACY","REDACTED FOR PRIVACY","REDACTED FOR PRIVACY","REDACTED FOR PRIVACY","REDACTED FOR PRIVACY","REDACTED FOR PRIVACY","REDACTED FOR PRIVACY","REDACTED FOR PRIVACY","","REDACTED FOR PRIVACY","REDACTED FOR PRIVACY","","","","","","","","","","","ns1.openprovider.nl","ns2.openprovider.be","ns3.openprovider.eu","","clientTransferProhibited","ok","",""
"10","boljsisluh.com","2020-05-13 21:00:31","2020-05-12","2020-05-12","2021-05-12","1505","Gransy s.r.o. d/b/a subreg.cz","whois.regtons.com","http://regtons.com","Not Disclosed Not Disclosed","AUDIO BM D.O.O., SLUSNI APARATI, MEDICINSKA OPREMA IN STORITVE","Not Disclosed","Not Disclosed","","Not Disclosed","Slovenia","webproxy@whoisprotection.domains","Not Disclosed","Not Disclosed","Not Disclosed Not Disclosed","","Not Disclosed","Not Disclosed","Not Disclosed","Not Disclosed","Not Disclosed","webproxy@whoisprotection.domains","Not Disclosed","Not Disclosed","Not Disclosed Not Disclosed","","Not Disclosed","Not Disclosed","Not Disclosed","Not Disclosed","Not Disclosed","webproxy@whoisprotection.domains","Not Disclosed","Not Disclosed","","","","","","","","","","","ns3.prasicek.si","ns4.prasicek.si","","","clientTransferProhibited","","",""
"11","boongotv.com","2020-05-13 19:56:13","2020-05-12","2020-05-12","2021-05-12","303","PDR Ltd. d/b/a PublicDomainRegistry.com","whois.publicdomainregistry.com","http://www.publicdomainregistry.com","GDPR Masked","GDPR Masked","GDPR Masked","GDPR Masked","Slovenia","GDPR Masked","Slovenia","gdpr-masking@gdpr-masked.com","GDPR Masked","GDPR Masked","GDPR Masked","GDPR Masked","GDPR Masked","GDPR Masked","GDPR Masked","GDPR Masked","GDPR Masked","gdpr-masking@gdpr-masked.com","GDPR Masked","GDPR Masked","GDPR Masked","GDPR Masked","GDPR Masked","GDPR Masked","GDPR Masked","GDPR Masked","GDPR Masked","gdpr-masking@gdpr-masked.com","GDPR Masked","GDPR Masked","","","","","","","","","","","ns1.dns-parking.com","ns2.dns-parking.com","","","clientTransferProhibited","","",""
"12","broychim-ma.com","2020-05-13 10:03:49","2020-05-10","2020-05-10","2021-05-10","303","PDR Ltd. d/b/a PublicDomainRegistry.com","whois.publicdomainregistry.com","http://www.publicdomainregistry.com","GDPR Masked","GDPR Masked","GDPR Masked","GDPR Masked","Dunajska 71 1311 Turjak","GDPR Masked","Slovenia","gdpr-masking@gdpr-masked.com","GDPR Masked","GDPR Masked","GDPR Masked","GDPR Masked","GDPR Masked","GDPR Masked","GDPR Masked","GDPR Masked","GDPR Masked","gdpr-masking@gdpr-masked.com","GDPR Masked","GDPR Masked","GDPR Masked","GDPR Masked","GDPR Masked","GDPR Masked","GDPR Masked","GDPR Masked","GDPR Masked","gdpr-masking@gdpr-masked.com","GDPR Masked","GDPR Masked","","","","","","","","","","","earth.monovm.com","mars.monovm.com","mercury.monovm.com","venus.monovm.com","clientTransferProhibited","","",""
"13","caredocumentation.com","2020-05-13 08:29:27","2020-05-10","2020-05-10","2021-05-10","146","GoDaddy.com, LLC","whois.godaddy.com","http://registrar.godaddy.com","Eurotronik Kranj d.o.o.","Eurotronik Kranj d.o.o.","","","Gorenjska","","Slovenia","","","","","","","","","","","","","","","","","","","","","","","","","","","","","","","","","","ns27.domaincontrol.com","ns28.domaincontrol.com","","","clientDeleteProhibited","clientRenewProhibited","clientTransferProhibited","clientUpdateProhibited"
"14","chamadadeenfermagem.com","2020-05-13 08:31:44","2020-05-10","2020-05-10","2021-05-10","146","GoDaddy.com, LLC","whois.godaddy.com","http://registrar.godaddy.com","Eurotronik Kranj d.o.o.","Eurotronik Kranj d.o.o.","","","Gorenjska","","Slovenia","","","","","","","","","","","","","","","","","","","","","","","","","","","","","","","","","","ns13.domaincontrol.com","ns14.domaincontrol.com","","","clientDeleteProhibited","clientRenewProhibited","clientTransferProhibited","clientUpdateProhibited"
"15","cokoladnica.com","2020-05-13 08:04:00","2020-05-10","2020-05-10","2021-05-11","1505","Gransy s.r.o. d/b/a subreg.cz","whois.regtons.com","http://regtons.com","Not Disclosed Not Disclosed","TEKOS TEHNICNO KOMERCIALNE STORITVE IN PRODAJA ZA CRNO METALURGIJO D.O.O.","Not Disclosed","Not Disclosed","","Not Disclosed","Slovenia","webproxy@whoisprotection.domains","Not Disclosed","Not Disclosed","Not Disclosed Not Disclosed","","Not Disclosed","Not Disclosed","Not Disclosed","Not Disclosed","Not Disclosed","webproxy@whoisprotection.domains","Not Disclosed","Not Disclosed","Not Disclosed Not Disclosed","","Not Disclosed","Not Disclosed","Not Disclosed","Not Disclosed","Not Disclosed","webproxy@whoisprotection.domains","Not Disclosed","Not Disclosed","","","","","","","","","","","rns5.neoserv.si","rns6.neoserv.si","","","clientTransferProhibited","","",""
"16","corwin.place","2020-05-13 19:17:17","2020-05-11","2020-05-11","2021-05-11","1647","Hosting Concepts B.V. dba Openprovider","whois.registrar.eu","http://www.openprovider.com","REDACTED FOR PRIVACY","INNOVATIF d.o.o.","REDACTED FOR PRIVACY","REDACTED FOR PRIVACY","","REDACTED FOR PRIVACY","Slovenia","","REDACTED FOR PRIVACY","REDACTED FOR PRIVACY","","","","","","","","","","","","","","","","","","","","","","","","","","","","","","","","","","","addPeriod","","",""
"17","decodecrypto.com","2020-05-13 21:04:00","2020-05-12","2020-05-12","2022-05-12","146","GoDaddy.com, LLC","whois.godaddy.com","http://registrar.godaddy.com","","","","","Padova","","Slovenia","","","","","","","","","","","","","","","","","","","","","","","","","","","","","","","","","","ns65.domaincontrol.com","ns66.domaincontrol.com","","","clientDeleteProhibited","clientRenewProhibited","clientTransferProhibited","clientUpdateProhibited"
"18","dermitellas.com","2020-05-13 09:09:31","2020-05-10","2020-05-10","2021-05-10","81","Gandi SAS","whois.gandi.net","http://www.gandi.net","REDACTED FOR PRIVACY","","REDACTED FOR PRIVACY","REDACTED FOR PRIVACY","","REDACTED FOR PRIVACY","Slovenia","1a44b737712faf370297d62b93b2bbe5-18958581@contact.gandi.net","REDACTED FOR PRIVACY","REDACTED FOR PRIVACY","REDACTED FOR PRIVACY","REDACTED FOR PRIVACY","REDACTED FOR PRIVACY","REDACTED FOR PRIVACY","REDACTED FOR PRIVACY","REDACTED FOR PRIVACY","REDACTED FOR PRIVACY","1a44b737712faf370297d62b93b2bbe5-18958581@contact.gandi.net","REDACTED FOR PRIVACY","REDACTED FOR PRIVACY","REDACTED FOR PRIVACY","REDACTED FOR PRIVACY","REDACTED FOR PRIVACY","REDACTED FOR PRIVACY","REDACTED FOR PRIVACY","REDACTED FOR PRIVACY","REDACTED FOR PRIVACY","1a44b737712faf370297d62b93b2bbe5-18958581@contact.gandi.net","REDACTED FOR PRIVACY","REDACTED FOR PRIVACY","","","","","","","","","","","ns-173-b.gandi.net","ns-215-c.gandi.net","ns-76-a.gandi.net","","clientTransferProhibited","","",""
"19","detacomshop.com","2020-05-13 07:03:21","2020-05-11","2020-05-11","2021-05-11","303","PDR Ltd. d/b/a PublicDomainRegistry.com","whois.publicdomainregistry.com","http://www.publicdomainregistry.com","GDPR Masked","GDPR Masked","GDPR Masked","GDPR Masked","SI","GDPR Masked","Slovenia","gdpr-masking@gdpr-masked.com","GDPR Masked","GDPR Masked","GDPR Masked","GDPR Masked","GDPR Masked","GDPR Masked","GDPR Masked","GDPR Masked","GDPR Masked","gdpr-masking@gdpr-masked.com","GDPR Masked","GDPR Masked","GDPR Masked","GDPR Masked","GDPR Masked","GDPR Masked","GDPR Masked","GDPR Masked","GDPR Masked","gdpr-masking@gdpr-masked.com","GDPR Masked","GDPR Masked","","","","","","","","","","","ns3.domenar.net","ns4.domenar.net","","","clientTransferProhibited","","",""
"20","ding-yaun.com","2020-05-13 20:48:23","2020-05-12","2020-05-12","2021-05-12","303","PDR Ltd. d/b/a PublicDomainRegistry.com","whois.publicdomainregistry.com","http://www.publicdomainregistry.com","GDPR Masked","GDPR Masked","GDPR Masked","GDPR Masked","Dunajska 71 1311 Turjak","GDPR Masked","Slovenia","gdpr-masking@gdpr-masked.com","GDPR Masked","GDPR Masked","GDPR Masked","GDPR Masked","GDPR Masked","GDPR Masked","GDPR Masked","GDPR Masked","GDPR Masked","gdpr-masking@gdpr-masked.com","GDPR Masked","GDPR Masked","GDPR Masked","GDPR Masked","GDPR Masked","GDPR Masked","GDPR Masked","GDPR Masked","GDPR Masked","gdpr-masking@gdpr-masked.com","GDPR Masked","GDPR Masked","","","","","","","","","","","earth.monovm.com","mars.monovm.com","mercury.monovm.com","venus.monovm.com","clientTransferProhibited","","",""
"21","doneldson.com","2020-05-13 20:10:41","2020-05-12","2020-05-12","2021-05-12","303","PDR Ltd. d/b/a PublicDomainRegistry.com","whois.publicdomainregistry.com","http://www.publicdomainregistry.com","GDPR Masked","GDPR Masked","GDPR Masked","GDPR Masked","Dunajska 71 1311 Turjak","GDPR Masked","Slovenia","gdpr-masking@gdpr-masked.com","GDPR Masked","GDPR Masked","GDPR Masked","GDPR Masked","GDPR Masked","GDPR Masked","GDPR Masked","GDPR Masked","GDPR Masked","gdpr-masking@gdpr-masked.com","GDPR Masked","GDPR Masked","GDPR Masked","GDPR Masked","GDPR Masked","GDPR Masked","GDPR Masked","GDPR Masked","GDPR Masked","gdpr-masking@gdpr-masked.com","GDPR Masked","GDPR Masked","","","","","","","","","","","earth.monovm.com","mars.monovm.com","mercury.monovm.com","venus.monovm.com","clientTransferProhibited","","",""
"22","elektrosb.net","2020-05-14 00:10:24","2020-05-08","2020-05-12","2022-05-08","1505","Gransy s.r.o. d/b/a subreg.cz","whois.regtons.com","http://regtons.com","Not Disclosed Not Disclosed","ELEKTRO SB, INSTALIRANJE ELEKTRICNIH NAPELJAV, D.O.O.","Not Disclosed","Not Disclosed","","Not Disclosed","Slovenia","webproxy@whoisprotection.domains","Not Disclosed","Not Disclosed","Not Disclosed Not Disclosed","","Not Disclosed","Not Disclosed","Not Disclosed","Not Disclosed","Not Disclosed","webproxy@whoisprotection.domains","Not Disclosed","Not Disclosed","Not Disclosed Not Disclosed","","Not Disclosed","Not Disclosed","Not Disclosed","Not Disclosed","Not Disclosed","webproxy@whoisprotection.domains","Not Disclosed","Not Disclosed","","","","","","","","","","","cdns1.controlpanel.si","cdns2.controlpanel.si","","","clientTransferProhibited","","",""
"23","enhandsglove.com","2020-05-13 20:18:01","2020-05-12","2020-05-12","2021-05-12","146","GoDaddy.com, LLC","whois.godaddy.com","http://registrar.godaddy.com","","","","","SI","","Slovenia","","","","","","","","","","","","","","","","","","","","","","","","","","","","","","","","","","ns65.domaincontrol.com","ns66.domaincontrol.com","","","clientDeleteProhibited","clientRenewProhibited","clientTransferProhibited","clientUpdateProhibited"
"24","erudiohub.biz","2020-05-13 16:00:13","2020-05-08","2020-05-13","2021-05-08","2","Network Solutions, LLC","whois.networksolutions.com","http://networksolutions.com","ERUDIO HUB D.O.O.","ERUDIO HUB D.O.O.","","","","","Slovenia","","","","","","","","","","","","","","","","","","","","","","","","","","","","","","","","","","ns2.wixdns.net","ns3.wixdns.net","","","clientTransferProhibited","","",""
"25","freedebtreview.info","2020-05-14 00:23:24","2020-05-12","2020-05-12","2021-05-12","146","GoDaddy.com, LLC","whois.godaddy.com","http://registrar.godaddy.com","","","","","Please select...","","Slovenia","","","","","","","","","","","","","","","","","","","","","","","","","","","","","","","","","","ns49.domaincontrol.com","ns50.domaincontrol.com","","","addPeriod","clientDeleteProhibited","clientRenewProhibited","clientTransferProhibited"
"26","gewon-kh.com","2020-05-13 10:03:51","2020-05-10","2020-05-10","2021-05-10","303","PDR Ltd. d/b/a PublicDomainRegistry.com","whois.publicdomainregistry.com","http://www.publicdomainregistry.com","GDPR Masked","GDPR Masked","GDPR Masked","GDPR Masked","Dunajska 71 1311 Turjak","GDPR Masked","Slovenia","gdpr-masking@gdpr-masked.com","GDPR Masked","GDPR Masked","GDPR Masked","GDPR Masked","GDPR Masked","GDPR Masked","GDPR Masked","GDPR Masked","GDPR Masked","gdpr-masking@gdpr-masked.com","GDPR Masked","GDPR Masked","GDPR Masked","GDPR Masked","GDPR Masked","GDPR Masked","GDPR Masked","GDPR Masked","GDPR Masked","gdpr-masking@gdpr-masked.com","GDPR Masked","GDPR Masked","","","","","","","","","","","earth.monovm.com","mars.monovm.com","mercury.monovm.com","venus.monovm.com","clientTransferProhibited","","",""
"27","glamor-cn.com","2020-05-13 21:09:28","2020-05-12","2020-05-12","2021-05-12","303","PDR Ltd. d/b/a PublicDomainRegistry.com","whois.publicdomainregistry.com","http://www.publicdomainregistry.com","GDPR Masked","GDPR Masked","GDPR Masked","GDPR Masked","Dunajska 71 1311 Turjak","GDPR Masked","Slovenia","gdpr-masking@gdpr-masked.com","GDPR Masked","GDPR Masked","GDPR Masked","GDPR Masked","GDPR Masked","GDPR Masked","GDPR Masked","GDPR Masked","GDPR Masked","gdpr-masking@gdpr-masked.com","GDPR Masked","GDPR Masked","GDPR Masked","GDPR Masked","GDPR Masked","GDPR Masked","GDPR Masked","GDPR Masked","GDPR Masked","gdpr-masking@gdpr-masked.com","GDPR Masked","GDPR Masked","","","","","","","","","","","earth.monovm.com","mars.monovm.com","mercury.monovm.com","venus.monovm.com","clientTransferProhibited","","",""
"28","goldhorn-crypto.com","2020-05-13 09:15:21","2020-05-09","2020-05-09","2021-05-09","303","PDR Ltd. d/b/a PublicDomainRegistry.com","whois.publicdomainregistry.com","http://www.publicdomainregistry.com","GDPR Masked","GDPR Masked","GDPR Masked","GDPR Masked","Kranj","GDPR Masked","Slovenia","gdpr-masking@gdpr-masked.com","GDPR Masked","GDPR Masked","GDPR Masked","GDPR Masked","GDPR Masked","GDPR Masked","GDPR Masked","GDPR Masked","GDPR Masked","gdpr-masking@gdpr-masked.com","GDPR Masked","GDPR Masked","GDPR Masked","GDPR Masked","GDPR Masked","GDPR Masked","GDPR Masked","GDPR Masked","GDPR Masked","gdpr-masking@gdpr-masked.com","GDPR Masked","GDPR Masked","","","","","","","","","","","dns1.webicom.si","dns2.webicom.si","","","clientTransferProhibited","","",""
"29","gradnjalesena.com","2020-05-13 06:57:42","2020-05-11","2020-05-11","2021-05-11","1505","Gransy s.r.o. d/b/a subreg.cz","whois.regtons.com","http://regtons.com","Not Disclosed Not Disclosed","LES-PROJEKT, INZENIRING IN IZDELAVA LESENIH KONSTRUKCIJ, D.O.O.","Not Disclosed","Not Disclosed","","Not Disclosed","Slovenia","webproxy@whoisprotection.domains","Not Disclosed","Not Disclosed","Not Disclosed Not Disclosed","","Not Disclosed","Not Disclosed","Not Disclosed","Not Disclosed","Not Disclosed","webproxy@whoisprotection.domains","Not Disclosed","Not Disclosed","Not Disclosed Not Disclosed","","Not Disclosed","Not Disclosed","Not Disclosed","Not Disclosed","Not Disclosed","webproxy@whoisprotection.domains","Not Disclosed","Not Disclosed","","","","","","","","","","","ns29.neoserv.si","ns30.neoserv.si","","","clientTransferProhibited","","",""
"30","grazumov.com","2020-05-13 20:29:12","2020-05-11","2020-05-12","2021-05-11","1505","Gransy s.r.o. d/b/a subreg.cz","whois.regtons.com","http://regtons.com","Not Disclosed Not Disclosed","NGN MEDIA d.o.o.","Not Disclosed","Not Disclosed","","Not Disclosed","Slovenia","webproxy@whoisprotection.domains","Not Disclosed","Not Disclosed","Not Disclosed Not Disclosed","","Not Disclosed","Not Disclosed","Not Disclosed","Not Disclosed","Not Disclosed","webproxy@whoisprotection.domains","Not Disclosed","Not Disclosed","Not Disclosed Not Disclosed","","Not Disclosed","Not Disclosed","Not Disclosed","Not Disclosed","Not Disclosed","webproxy@whoisprotection.domains","Not Disclosed","Not Disclosed","","","","","","","","","","","gabe.ns.cloudflare.com","leah.ns.cloudflare.com","","","OK","","",""
"31","grctech-group-gr.com","2020-05-13 07:39:04","2020-05-11","2020-05-11","2021-05-11","303","PDR Ltd. d/b/a PublicDomainRegistry.com","whois.publicdomainregistry.com","http://www.publicdomainregistry.com","GDPR Masked","GDPR Masked","GDPR Masked","GDPR Masked","Dunajska 71 1311 Turjak","GDPR Masked","Slovenia","gdpr-masking@gdpr-masked.com","GDPR Masked","GDPR Masked","GDPR Masked","GDPR Masked","GDPR Masked","GDPR Masked","GDPR Masked","GDPR Masked","GDPR Masked","gdpr-masking@gdpr-masked.com","GDPR Masked","GDPR Masked","GDPR Masked","GDPR Masked","GDPR Masked","GDPR Masked","GDPR Masked","GDPR Masked","GDPR Masked","gdpr-masking@gdpr-masked.com","GDPR Masked","GDPR Masked","","","","","","","","","","","earth.monovm.com","mars.monovm.com","mercury.monovm.com","venus.monovm.com","clientTransferProhibited","","",""
"32","hagleitner-at.com","2020-05-13 10:03:11","2020-05-10","2020-05-10","2021-05-10","303","PDR Ltd. d/b/a PublicDomainRegistry.com","whois.publicdomainregistry.com","http://www.publicdomainregistry.com","GDPR Masked","GDPR Masked","GDPR Masked","GDPR Masked","Dunajska 71 1311 Turjak","GDPR Masked","Slovenia","gdpr-masking@gdpr-masked.com","GDPR Masked","GDPR Masked","GDPR Masked","GDPR Masked","GDPR Masked","GDPR Masked","GDPR Masked","GDPR Masked","GDPR Masked","gdpr-masking@gdpr-masked.com","GDPR Masked","GDPR Masked","GDPR Masked","GDPR Masked","GDPR Masked","GDPR Masked","GDPR Masked","GDPR Masked","GDPR Masked","gdpr-masking@gdpr-masked.com","GDPR Masked","GDPR Masked","","","","","","","","","","","earth.monovm.com","mars.monovm.com","mercury.monovm.com","venus.monovm.com","clientTransferProhibited","","",""
"33","healthyeverydaylifestyle.com","2020-05-13 10:03:08","2020-05-10","2020-05-12","2021-05-10","69","Tucows Domains Inc.","whois.tucows.com","http://domainhelp.opensrs.net","REDACTED FOR PRIVACY","REDACTED FOR PRIVACY","REDACTED FOR PRIVACY","REDACTED FOR PRIVACY","XX","REDACTED FOR PRIVACY","Slovenia","","REDACTED FOR PRIVACY","REDACTED FOR PRIVACY","REDACTED FOR PRIVACY","REDACTED FOR PRIVACY","REDACTED FOR PRIVACY","REDACTED FOR PRIVACY","REDACTED FOR PRIVACY","REDACTED FOR PRIVACY","REDACTED FOR PRIVACY","","REDACTED FOR PRIVACY","REDACTED FOR PRIVACY","REDACTED FOR PRIVACY","REDACTED FOR PRIVACY","REDACTED FOR PRIVACY","REDACTED FOR PRIVACY","REDACTED FOR PRIVACY","REDACTED FOR PRIVACY","REDACTED FOR PRIVACY","","REDACTED FOR PRIVACY","REDACTED FOR PRIVACY","","","","","","","","","","","ns1.giow1088.siteground.us","ns2.giow1088.siteground.us","","","clientTransferProhibited","clientUpdateProhibited","",""
"34","hisalesena.com","2020-05-13 06:57:39","2020-05-11","2020-05-11","2021-05-11","1505","Gransy s.r.o. d/b/a subreg.cz","whois.regtons.com","http://regtons.com","Not Disclosed Not Disclosed","LES-PROJEKT, INZENIRING IN IZDELAVA LESENIH KONSTRUKCIJ, D.O.O.","Not Disclosed","Not Disclosed","","Not Disclosed","Slovenia","webproxy@whoisprotection.domains","Not Disclosed","Not Disclosed","Not Disclosed Not Disclosed","","Not Disclosed","Not Disclosed","Not Disclosed","Not Disclosed","Not Disclosed","webproxy@whoisprotection.domains","Not Disclosed","Not Disclosed","Not Disclosed Not Disclosed","","Not Disclosed","Not Disclosed","Not Disclosed","Not Disclosed","Not Disclosed","webproxy@whoisprotection.domains","Not Disclosed","Not Disclosed","","","","","","","","","","","ns29.neoserv.si","ns30.neoserv.si","","","clientTransferProhibited","","",""
"35","hisamontazna.com","2020-05-13 06:57:59","2020-05-11","2020-05-11","2021-05-11","1505","Gransy s.r.o. d/b/a subreg.cz","whois.regtons.com","http://regtons.com","Not Disclosed Not Disclosed","LES-PROJEKT, INZENIRING IN IZDELAVA LESENIH KONSTRUKCIJ, D.O.O.","Not Disclosed","Not Disclosed","","Not Disclosed","Slovenia","webproxy@whoisprotection.domains","Not Disclosed","Not Disclosed","Not Disclosed Not Disclosed","","Not Disclosed","Not Disclosed","Not Disclosed","Not Disclosed","Not Disclosed","webproxy@whoisprotection.domains","Not Disclosed","Not Disclosed","Not Disclosed Not Disclosed","","Not Disclosed","Not Disclosed","Not Disclosed","Not Disclosed","Not Disclosed","webproxy@whoisprotection.domains","Not Disclosed","Not Disclosed","","","","","","","","","","","ns29.neoserv.si","ns30.neoserv.si","","","clientTransferProhibited","","",""
"36","hrcafealmety.com","2020-05-13 20:48:18","2020-05-12","2020-05-12","2021-05-12","303","PDR Ltd. d/b/a PublicDomainRegistry.com","whois.publicdomainregistry.com","http://www.publicdomainregistry.com","GDPR Masked","GDPR Masked","GDPR Masked","GDPR Masked","Dunajska 71 1311 Turjak","GDPR Masked","Slovenia","gdpr-masking@gdpr-masked.com","GDPR Masked","GDPR Masked","GDPR Masked","GDPR Masked","GDPR Masked","GDPR Masked","GDPR Masked","GDPR Masked","GDPR Masked","gdpr-masking@gdpr-masked.com","GDPR Masked","GDPR Masked","GDPR Masked","GDPR Masked","GDPR Masked","GDPR Masked","GDPR Masked","GDPR Masked","GDPR Masked","gdpr-masking@gdpr-masked.com","GDPR Masked","GDPR Masked","","","","","","","","","","","earth.monovm.com","mars.monovm.com","mercury.monovm.com","venus.monovm.com","clientTransferProhibited","","",""
"37","jkmachlne.com","2020-05-13 10:03:05","2020-05-10","2020-05-10","2021-05-10","303","PDR Ltd. d/b/a PublicDomainRegistry.com","whois.publicdomainregistry.com","http://www.publicdomainregistry.com","GDPR Masked","GDPR Masked","GDPR Masked","GDPR Masked","Dunajska 71 1311 Turjak","GDPR Masked","Slovenia","gdpr-masking@gdpr-masked.com","GDPR Masked","GDPR Masked","GDPR Masked","GDPR Masked","GDPR Masked","GDPR Masked","GDPR Masked","GDPR Masked","GDPR Masked","gdpr-masking@gdpr-masked.com","GDPR Masked","GDPR Masked","GDPR Masked","GDPR Masked","GDPR Masked","GDPR Masked","GDPR Masked","GDPR Masked","GDPR Masked","gdpr-masking@gdpr-masked.com","GDPR Masked","GDPR Masked","","","","","","","","","","","earth.monovm.com","mars.monovm.com","mercury.monovm.com","venus.monovm.com","clientTransferProhibited","","",""
"38","kanalizacija.net","2020-05-14 00:08:45","2020-05-11","2020-05-11","2021-05-11","303","PDR Ltd. d/b/a PublicDomainRegistry.com","whois.publicdomainregistry.com","http://www.publicdomainregistry.com","GDPR Masked","GDPR Masked","GDPR Masked","GDPR Masked","","GDPR Masked","Slovenia","gdpr-masking@gdpr-masked.com","GDPR Masked","GDPR Masked","GDPR Masked","GDPR Masked","GDPR Masked","GDPR Masked","GDPR Masked","GDPR Masked","GDPR Masked","gdpr-masking@gdpr-masked.com","GDPR Masked","GDPR Masked","GDPR Masked","GDPR Masked","GDPR Masked","GDPR Masked","GDPR Masked","GDPR Masked","GDPR Masked","gdpr-masking@gdpr-masked.com","GDPR Masked","GDPR Masked","","","","","","","","","","","srv-ns23.zabec.net","srv-ns24.zabec.net","","","clientTransferProhibited","","",""
"39","kobaytceh.com","2020-05-13 21:09:59","2020-05-12","2020-05-12","2021-05-12","303","PDR Ltd. d/b/a PublicDomainRegistry.com","whois.publicdomainregistry.com","http://www.publicdomainregistry.com","GDPR Masked","GDPR Masked","GDPR Masked","GDPR Masked","Dunajska 71 1311 Turjak","GDPR Masked","Slovenia","gdpr-masking@gdpr-masked.com","GDPR Masked","GDPR Masked","GDPR Masked","GDPR Masked","GDPR Masked","GDPR Masked","GDPR Masked","GDPR Masked","GDPR Masked","gdpr-masking@gdpr-masked.com","GDPR Masked","GDPR Masked","GDPR Masked","GDPR Masked","GDPR Masked","GDPR Masked","GDPR Masked","GDPR Masked","GDPR Masked","gdpr-masking@gdpr-masked.com","GDPR Masked","GDPR Masked","","","","","","","","","","","earth.monovm.com","mars.monovm.com","mercury.monovm.com","venus.monovm.com","clientTransferProhibited","","",""
"40","lesprojekt.com","2020-05-13 06:57:45","2020-05-11","2020-05-11","2021-05-11","1505","Gransy s.r.o. d/b/a subreg.cz","whois.regtons.com","http://regtons.com","Not Disclosed Not Disclosed","LES-PROJEKT, INZENIRING IN IZDELAVA LESENIH KONSTRUKCIJ, D.O.O.","Not Disclosed","Not Disclosed","","Not Disclosed","Slovenia","webproxy@whoisprotection.domains","Not Disclosed","Not Disclosed","Not Disclosed Not Disclosed","","Not Disclosed","Not Disclosed","Not Disclosed","Not Disclosed","Not Disclosed","webproxy@whoisprotection.domains","Not Disclosed","Not Disclosed","Not Disclosed Not Disclosed","","Not Disclosed","Not Disclosed","Not Disclosed","Not Disclosed","Not Disclosed","webproxy@whoisprotection.domains","Not Disclosed","Not Disclosed","","","","","","","","","","","ns29.neoserv.si","ns30.neoserv.si","","","clientTransferProhibited","","",""
"41","llamadaenfermera.com","2020-05-13 08:31:48","2020-05-10","2020-05-10","2021-05-10","146","GoDaddy.com, LLC","whois.godaddy.com","http://registrar.godaddy.com","Eurotronik Kranj d.o.o.","Eurotronik Kranj d.o.o.","","","Gorenjska","","Slovenia","","","","","","","","","","","","","","","","","","","","","","","","","","","","","","","","","","ns13.domaincontrol.com","ns14.domaincontrol.com","","","clientDeleteProhibited","clientRenewProhibited","clientTransferProhibited","clientUpdateProhibited"
"42","lordisc.com","2020-05-13 08:31:45","2020-05-10","2020-05-10","2021-05-10","433","OVH sas","whois.ovh.com","http://www.ovh.com","REDACTED FOR PRIVACY","","REDACTED FOR PRIVACY","REDACTED FOR PRIVACY","","REDACTED FOR PRIVACY","Slovenia","7c8faao8sembzrbo6bro@q.o-w-o.info","REDACTED FOR PRIVACY","REDACTED FOR PRIVACY","REDACTED FOR PRIVACY","REDACTED FOR PRIVACY","REDACTED FOR PRIVACY","REDACTED FOR PRIVACY","REDACTED FOR PRIVACY","REDACTED FOR PRIVACY","REDACTED FOR PRIVACY","fez70uljabbcr2iootsb@w.o-w-o.info","REDACTED FOR PRIVACY","REDACTED FOR PRIVACY","REDACTED FOR PRIVACY","REDACTED FOR PRIVACY","REDACTED FOR PRIVACY","REDACTED FOR PRIVACY","REDACTED FOR PRIVACY","REDACTED FOR PRIVACY","REDACTED FOR PRIVACY","fez70uljabbcr2iootsb@w.o-w-o.info","REDACTED FOR PRIVACY","REDACTED FOR PRIVACY","","","","","","","","","","","dns110.ovh.net","ns110.ovh.net","","","clientDeleteProhibited","clientTransferProhibited","",""
"43","narocim.com","2020-05-13 07:32:08","2020-05-11","2020-05-11","2021-05-11","433","OVH sas","whois.ovh.com","http://www.ovh.com","REDACTED FOR PRIVACY","TRISTO d.o.o.","REDACTED FOR PRIVACY","REDACTED FOR PRIVACY","","REDACTED FOR PRIVACY","Slovenia","2hoge3n2ggx88zcomd18@q.o-w-o.info","REDACTED FOR PRIVACY","REDACTED FOR PRIVACY","REDACTED FOR PRIVACY","REDACTED FOR PRIVACY","REDACTED FOR PRIVACY","REDACTED FOR PRIVACY","REDACTED FOR PRIVACY","REDACTED FOR PRIVACY","REDACTED FOR PRIVACY","d3zcc8ohznh6r4mdcxgo@f.o-w-o.info","REDACTED FOR PRIVACY","REDACTED FOR PRIVACY","REDACTED FOR PRIVACY","REDACTED FOR PRIVACY","REDACTED FOR PRIVACY","REDACTED FOR PRIVACY","REDACTED FOR PRIVACY","REDACTED FOR PRIVACY","REDACTED FOR PRIVACY","d3zcc8ohznh6r4mdcxgo@f.o-w-o.info","REDACTED FOR PRIVACY","REDACTED FOR PRIVACY","","","","","","","","","","","ns1.websvet.net","ns2.websvet.net","","","clientDeleteProhibited","clientTransferProhibited","",""
"44","nesura-kr.com","2020-05-13 21:09:59","2020-05-12","2020-05-12","2021-05-12","303","PDR Ltd. d/b/a PublicDomainRegistry.com","whois.publicdomainregistry.com","http://www.publicdomainregistry.com","GDPR Masked","GDPR Masked","GDPR Masked","GDPR Masked","Dunajska 71 1311 Turjak","GDPR Masked","Slovenia","gdpr-masking@gdpr-masked.com","GDPR Masked","GDPR Masked","GDPR Masked","GDPR Masked","GDPR Masked","GDPR Masked","GDPR Masked","GDPR Masked","GDPR Masked","gdpr-masking@gdpr-masked.com","GDPR Masked","GDPR Masked","GDPR Masked","GDPR Masked","GDPR Masked","GDPR Masked","GDPR Masked","GDPR Masked","GDPR Masked","gdpr-masking@gdpr-masked.com","GDPR Masked","GDPR Masked","","","","","","","","","","","earth.monovm.com","mars.monovm.com","mercury.monovm.com","venus.monovm.com","clientTransferProhibited","","",""
"45","nonbiri-sushi.com","2020-05-13 20:59:03","2020-05-12","2020-05-12","2021-05-12","113","CSL Computer Service Langenbach GmbH d/b/a joker.com","whois.joker.com","http://www.joker.com","","","","","","","Slovenia","","","","","","","","","","","","","","","","","","","","","","","","","","","","","","","","","","cdns1.controlpanel.si","cdns2.controlpanel.si","","","clientTransferProhibited","","",""
"46","nonbirisushi.com","2020-05-13 20:59:10","2020-05-12","2020-05-12","2021-05-12","113","CSL Computer Service Langenbach GmbH d/b/a joker.com","whois.joker.com","http://www.joker.com","","","","","","","Slovenia","","","","","","","","","","","","","","","","","","","","","","","","","","","","","","","","","","cdns1.controlpanel.si","cdns2.controlpanel.si","","","clientTransferProhibited","","",""
"47","novisvet.net","2020-05-13 19:10:44","2020-05-12","2020-05-12","2021-05-12","113","CSL Computer Service Langenbach GmbH d/b/a joker.com","whois.joker.com","http://www.joker.com","T.Krefl d.o.o.","T.Krefl d.o.o.","","","","","Slovenia","","","","","","","","","","","","","","","","","","","","","","","","","","","","","","","","","","cdns1.controlpanel.si","cdns2.controlpanel.si","","","clientTransferProhibited","","",""
"48","osmium-investment.com","2020-05-13 07:12:11","2020-05-10","2020-05-10","2021-05-11","1505","Gransy s.r.o. d/b/a subreg.cz","whois.regtons.com","http://regtons.com","Not Disclosed Not Disclosed","INFORMACIJSKE STORITVE APERAS, ALEN SENEKOVIC S.P.","Not Disclosed","Not Disclosed","","Not Disclosed","Slovenia","webproxy@whoisprotection.domains","Not Disclosed","Not Disclosed","Not Disclosed Not Disclosed","","Not Disclosed","Not Disclosed","Not Disclosed","Not Disclosed","Not Disclosed","webproxy@whoisprotection.domains","Not Disclosed","Not Disclosed","Not Disclosed Not Disclosed","","Not Disclosed","Not Disclosed","Not Disclosed","Not Disclosed","Not Disclosed","webproxy@whoisprotection.domains","Not Disclosed","Not Disclosed","","","","","","","","","","","ns1.aperas.com","ns2.aperas.com","","","clientTransferProhibited","","",""
"49","oxaiio.com","2020-05-13 10:59:18","2020-05-11","2020-05-11","2021-05-11","113","CSL Computer Service Langenbach GmbH d/b/a joker.com","whois.joker.com","http://www.joker.com","","","","","","","Slovenia","","","","","","","","","","","","","","","","","","","","","","","","","","","","","","","","","","cdns1.controlpanel.si","cdns2.controlpanel.si","","","clientTransferProhibited","","",""
"50","phoenixcommercialpark.com","2020-05-13 20:29:20","2020-05-11","2020-05-12","2021-05-11","1505","Gransy s.r.o. d/b/a subreg.cz","whois.regtons.com","http://regtons.com","Not Disclosed Not Disclosed","NGN MEDIA d.o.o.","Not Disclosed","Not Disclosed","","Not Disclosed","Slovenia","webproxy@whoisprotection.domains","Not Disclosed","Not Disclosed","Not Disclosed Not Disclosed","","Not Disclosed","Not Disclosed","Not Disclosed","Not Disclosed","Not Disclosed","webproxy@whoisprotection.domains","Not Disclosed","Not Disclosed","Not Disclosed Not Disclosed","","Not Disclosed","Not Disclosed","Not Disclosed","Not Disclosed","Not Disclosed","webproxy@whoisprotection.domains","Not Disclosed","Not Disclosed","","","","","","","","","","","gabe.ns.cloudflare.com","leah.ns.cloudflare.com","","","OK","","",""
"51","pierrot.world","2020-05-13 21:54:13","2020-05-09","2020-05-11","2021-05-09","146","GoDaddy.com, LLC","whois.godaddy.com","http://registrar.godaddy.com","REDACTED FOR PRIVACY","Ignorant Media d.o.o.","REDACTED FOR PRIVACY","REDACTED FOR PRIVACY","Kranj","REDACTED FOR PRIVACY","Slovenia","","REDACTED FOR PRIVACY","REDACTED FOR PRIVACY","","","","","","","","","","","","","","","","","","","","","","","","","","","","","","","","","","","addPeriod","clientDeleteProhibited","clientRenewProhibited","clientTransferProhibited"
"52","powerofsupra.com","2020-05-13 20:48:26","2020-05-11","2020-05-11","2021-05-11","1505","Gransy s.r.o. d/b/a subreg.cz","whois.regtons.com","http://regtons.com","Not Disclosed Not Disclosed","","Not Disclosed","Not Disclosed","","Not Disclosed","Slovenia","webproxy@whoisprotection.domains","Not Disclosed","Not Disclosed","Not Disclosed Not Disclosed","","Not Disclosed","Not Disclosed","Not Disclosed","Not Disclosed","Not Disclosed","webproxy@whoisprotection.domains","Not Disclosed","Not Disclosed","Not Disclosed Not Disclosed","","Not Disclosed","Not Disclosed","Not Disclosed","Not Disclosed","Not Disclosed","webproxy@whoisprotection.domains","Not Disclosed","Not Disclosed","","","","","","","","","","","ns3.prasicek.si","ns4.prasicek.si","","","clientTransferProhibited","","",""
"53","previobox.com","2020-05-13 07:38:53","2020-05-11","2020-05-12","2021-05-11","113","CSL Computer Service Langenbach GmbH d/b/a joker.com","whois.joker.com","http://www.joker.com","BIRO BIRO d.o.o.","BIRO BIRO d.o.o.","","","","","Slovenia","","","","","","","","","","","","","","","","","","","","","","","","","","","","","","","","","","dns.site5.com","dns2.site5.com","","","clientTransferProhibited","","",""
"54","prodajnabesedila.net","2020-05-13 19:10:16","2020-05-11","2020-05-11","2021-05-11","113","CSL Computer Service Langenbach GmbH d/b/a joker.com","whois.joker.com","http://www.joker.com","TSA d.oo.","TSA d.oo.","","","","","Slovenia","","","","","","","","","","","","","","","","","","","","","","","","","","","","","","","","","","cdns1.controlpanel.si","cdns2.controlpanel.si","","","clientTransferProhibited","","",""
"55","promosachets.com","2020-05-13 10:50:49","2020-05-10","2020-05-10","2022-05-10","146","GoDaddy.com, LLC","whois.godaddy.com","http://registrar.godaddy.com","PROMOS MARKETING d.o.o.","PROMOS MARKETING d.o.o.","","","Slovenia","","Slovenia","","","","","","","","","","","","","","","","","","","","","","","","","","","","","","","","","","ns1.gnld1035.siteground.eu","ns2.gnld1035.siteground.eu","","","clientDeleteProhibited","clientRenewProhibited","clientTransferProhibited","clientUpdateProhibited"
"56","py-kamhingintl.com","2020-05-13 21:02:19","2020-05-12","2020-05-12","2021-05-12","303","PDR Ltd. d/b/a PublicDomainRegistry.com","whois.publicdomainregistry.com","http://www.publicdomainregistry.com","GDPR Masked","GDPR Masked","GDPR Masked","GDPR Masked","Dunajska 71 1311 Turjak","GDPR Masked","Slovenia","gdpr-masking@gdpr-masked.com","GDPR Masked","GDPR Masked","GDPR Masked","GDPR Masked","GDPR Masked","GDPR Masked","GDPR Masked","GDPR Masked","GDPR Masked","gdpr-masking@gdpr-masked.com","GDPR Masked","GDPR Masked","GDPR Masked","GDPR Masked","GDPR Masked","GDPR Masked","GDPR Masked","GDPR Masked","GDPR Masked","gdpr-masking@gdpr-masked.com","GDPR Masked","GDPR Masked","","","","","","","","","","","earth.monovm.com","mars.monovm.com","mercury.monovm.com","venus.monovm.com","clientTransferProhibited","","",""
"57","regradsengineering.com","2020-05-13 07:29:01","2020-05-11","2020-05-11","2021-05-11","303","PDR Ltd. d/b/a PublicDomainRegistry.com","whois.publicdomainregistry.com","http://www.publicdomainregistry.com","GDPR Masked","GDPR Masked","GDPR Masked","GDPR Masked","Dunajska 71 1311 Turjak","GDPR Masked","Slovenia","gdpr-masking@gdpr-masked.com","GDPR Masked","GDPR Masked","GDPR Masked","GDPR Masked","GDPR Masked","GDPR Masked","GDPR Masked","GDPR Masked","GDPR Masked","gdpr-masking@gdpr-masked.com","GDPR Masked","GDPR Masked","GDPR Masked","GDPR Masked","GDPR Masked","GDPR Masked","GDPR Masked","GDPR Masked","GDPR Masked","gdpr-masking@gdpr-masked.com","GDPR Masked","GDPR Masked","","","","","","","","","","","earth.monovm.com","mars.monovm.com","mercury.monovm.com","venus.monovm.com","clientTransferProhibited","","",""
"58","reliancecontrols-cn.com","2020-05-13 10:03:07","2020-05-10","2020-05-10","2021-05-10","303","PDR Ltd. d/b/a PublicDomainRegistry.com","whois.publicdomainregistry.com","http://www.publicdomainregistry.com","GDPR Masked","GDPR Masked","GDPR Masked","GDPR Masked","Dunajska 71 1311 Turjak","GDPR Masked","Slovenia","gdpr-masking@gdpr-masked.com","GDPR Masked","GDPR Masked","GDPR Masked","GDPR Masked","GDPR Masked","GDPR Masked","GDPR Masked","GDPR Masked","GDPR Masked","gdpr-masking@gdpr-masked.com","GDPR Masked","GDPR Masked","GDPR Masked","GDPR Masked","GDPR Masked","GDPR Masked","GDPR Masked","GDPR Masked","GDPR Masked","gdpr-masking@gdpr-masked.com","GDPR Masked","GDPR Masked","","","","","","","","","","","earth.monovm.com","mars.monovm.com","mercury.monovm.com","venus.monovm.com","clientTransferProhibited","","",""
"59","reviewourcreative.com","2020-05-13 20:29:15","2020-05-11","2020-05-11","2021-05-11","1505","Gransy s.r.o. d/b/a subreg.cz","whois.regtons.com","http://regtons.com","Not Disclosed Not Disclosed","NGN MEDIA d.o.o.","Not Disclosed","Not Disclosed","","Not Disclosed","Slovenia","webproxy@whoisprotection.domains","Not Disclosed","Not Disclosed","Not Disclosed Not Disclosed","","Not Disclosed","Not Disclosed","Not Disclosed","Not Disclosed","Not Disclosed","webproxy@whoisprotection.domains","Not Disclosed","Not Disclosed","Not Disclosed Not Disclosed","","Not Disclosed","Not Disclosed","Not Disclosed","Not Disclosed","Not Disclosed","webproxy@whoisprotection.domains","Not Disclosed","Not Disclosed","","","","","","","","","","","ns.gransy.com","ns2.gransy.com","ns3.gransy.com","ns4.gransy.com","OK","","",""
"60","saebic.com","2020-05-13 19:30:30","2020-05-12","2020-05-12","2021-05-12","303","PDR Ltd. d/b/a PublicDomainRegistry.com","whois.publicdomainregistry.com","http://www.publicdomainregistry.com","GDPR Masked","GDPR Masked","GDPR Masked","GDPR Masked","Dunajska 71 1311 Turjak","GDPR Masked","Slovenia","gdpr-masking@gdpr-masked.com","GDPR Masked","GDPR Masked","GDPR Masked","GDPR Masked","GDPR Masked","GDPR Masked","GDPR Masked","GDPR Masked","GDPR Masked","gdpr-masking@gdpr-masked.com","GDPR Masked","GDPR Masked","GDPR Masked","GDPR Masked","GDPR Masked","GDPR Masked","GDPR Masked","GDPR Masked","GDPR Masked","gdpr-masking@gdpr-masked.com","GDPR Masked","GDPR Masked","","","","","","","","","","","earth.monovm.com","mars.monovm.com","mercury.monovm.com","venus.monovm.com","clientTransferProhibited","","",""
"61","scottmingus.com","2020-05-13 20:29:15","2020-05-11","2020-05-12","2021-05-11","1505","Gransy s.r.o. d/b/a subreg.cz","whois.regtons.com","http://regtons.com","Not Disclosed Not Disclosed","NGN MEDIA d.o.o.","Not Disclosed","Not Disclosed","","Not Disclosed","Slovenia","webproxy@whoisprotection.domains","Not Disclosed","Not Disclosed","Not Disclosed Not Disclosed","","Not Disclosed","Not Disclosed","Not Disclosed","Not Disclosed","Not Disclosed","webproxy@whoisprotection.domains","Not Disclosed","Not Disclosed","Not Disclosed Not Disclosed","","Not Disclosed","Not Disclosed","Not Disclosed","Not Disclosed","Not Disclosed","webproxy@whoisprotection.domains","Not Disclosed","Not Disclosed","","","","","","","","","","","gabe.ns.cloudflare.com","leah.ns.cloudflare.com","","","OK","","",""
"62","secretsobsession.com","2020-05-13 21:02:00","2020-05-12","2020-05-12","2021-05-12","146","GoDaddy.com, LLC","whois.godaddy.com","http://registrar.godaddy.com","Sharks d.o.o.","Sharks d.o.o.","","","Ljubljana","","Slovenia","","","","","","","","","","","","","","","","","","","","","","","","","","","","","","","","","","ns1.bluehost.com","ns2.bluehost.com","","","clientDeleteProhibited","clientRenewProhibited","clientTransferProhibited","clientUpdateProhibited"
"63","simon-duetsch.com","2020-05-13 20:58:56","2020-05-12","2020-05-12","2021-05-12","303","PDR Ltd. d/b/a PublicDomainRegistry.com","whois.publicdomainregistry.com","http://www.publicdomainregistry.com","GDPR Masked","GDPR Masked","GDPR Masked","GDPR Masked","Dunajska 71 1311 Turjak","GDPR Masked","Slovenia","gdpr-masking@gdpr-masked.com","GDPR Masked","GDPR Masked","GDPR Masked","GDPR Masked","GDPR Masked","GDPR Masked","GDPR Masked","GDPR Masked","GDPR Masked","gdpr-masking@gdpr-masked.com","GDPR Masked","GDPR Masked","GDPR Masked","GDPR Masked","GDPR Masked","GDPR Masked","GDPR Masked","GDPR Masked","GDPR Masked","gdpr-masking@gdpr-masked.com","GDPR Masked","GDPR Masked","","","","","","","","","","","earth.monovm.com","mars.monovm.com","mercury.monovm.com","venus.monovm.com","clientTransferProhibited","","",""
"64","sirecphotography.com","2020-05-13 20:56:45","2020-05-12","2020-05-12","2021-05-12","113","CSL Computer Service Langenbach GmbH d/b/a joker.com","whois.joker.com","http://www.joker.com","INFINCUBE d.o.o.","INFINCUBE d.o.o.","","","","","Slovenia","","","","","","","","","","","","","","","","","","","","","","","","","","","","","","","","","","cdns1.controlpanel.si","cdns2.controlpanel.si","","","clientTransferProhibited","","",""
"65","sluh-vid.com","2020-05-13 21:00:40","2020-05-12","2020-05-12","2021-05-12","1505","Gransy s.r.o. d/b/a subreg.cz","whois.regtons.com","http://regtons.com","Not Disclosed Not Disclosed","AUDIO BM D.O.O., SLUSNI APARATI, MEDICINSKA OPREMA IN STORITVE","Not Disclosed","Not Disclosed","","Not Disclosed","Slovenia","webproxy@whoisprotection.domains","Not Disclosed","Not Disclosed","Not Disclosed Not Disclosed","","Not Disclosed","Not Disclosed","Not Disclosed","Not Disclosed","Not Disclosed","webproxy@whoisprotection.domains","Not Disclosed","Not Disclosed","Not Disclosed Not Disclosed","","Not Disclosed","Not Disclosed","Not Disclosed","Not Disclosed","Not Disclosed","webproxy@whoisprotection.domains","Not Disclosed","Not Disclosed","","","","","","","","","","","ns3.prasicek.si","ns4.prasicek.si","","","clientTransferProhibited","","",""
"66","sluh-vid.net","2020-05-14 00:07:32","2020-05-12","2020-05-12","2021-05-12","1505","Gransy s.r.o. d/b/a subreg.cz","whois.regtons.com","http://regtons.com","Not Disclosed Not Disclosed","AUDIO BM D.O.O., SLUSNI APARATI, MEDICINSKA OPREMA IN STORITVE","Not Disclosed","Not Disclosed","","Not Disclosed","Slovenia","webproxy@whoisprotection.domains","Not Disclosed","Not Disclosed","Not Disclosed Not Disclosed","","Not Disclosed","Not Disclosed","Not Disclosed","Not Disclosed","Not Disclosed","webproxy@whoisprotection.domains","Not Disclosed","Not Disclosed","Not Disclosed Not Disclosed","","Not Disclosed","Not Disclosed","Not Disclosed","Not Disclosed","Not Disclosed","webproxy@whoisprotection.domains","Not Disclosed","Not Disclosed","","","","","","","","","","","ns3.prasicek.si","ns4.prasicek.si","","","clientTransferProhibited","","",""
"67","snapsanitizer.com","2020-05-13 20:48:32","2020-05-12","2020-05-12","2021-05-12","113","CSL Computer Service Langenbach GmbH d/b/a joker.com","whois.joker.com","http://www.joker.com","Mitja Weibl s.p.","Mitja Weibl s.p.","","","","","Slovenia","","","","","","","","","","","","","","","","","","","","","","","","","","","","","","","","","","cdns1.controlpanel.si","cdns2.controlpanel.si","","","clientTransferProhibited","","",""
"68","starcemtex-id.com","2020-05-13 10:03:10","2020-05-10","2020-05-10","2021-05-10","303","PDR Ltd. d/b/a PublicDomainRegistry.com","whois.publicdomainregistry.com","http://www.publicdomainregistry.com","GDPR Masked","GDPR Masked","GDPR Masked","GDPR Masked","Dunajska 71 1311 Turjak","GDPR Masked","Slovenia","gdpr-masking@gdpr-masked.com","GDPR Masked","GDPR Masked","GDPR Masked","GDPR Masked","GDPR Masked","GDPR Masked","GDPR Masked","GDPR Masked","GDPR Masked","gdpr-masking@gdpr-masked.com","GDPR Masked","GDPR Masked","GDPR Masked","GDPR Masked","GDPR Masked","GDPR Masked","GDPR Masked","GDPR Masked","GDPR Masked","gdpr-masking@gdpr-masked.com","GDPR Masked","GDPR Masked","","","","","","","","","","","earth.monovm.com","mars.monovm.com","mercury.monovm.com","venus.monovm.com","clientTransferProhibited","","",""
"69","strengththerapeutics.com","2020-05-13 20:33:34","2020-05-11","2020-05-11","2021-05-11","1505","Gransy s.r.o. d/b/a subreg.cz","whois.regtons.com","http://regtons.com","Not Disclosed Not Disclosed","","Not Disclosed","Not Disclosed","","Not Disclosed","Slovenia","webproxy@whoisprotection.domains","Not Disclosed","Not Disclosed","Not Disclosed Not Disclosed","","Not Disclosed","Not Disclosed","Not Disclosed","Not Disclosed","Not Disclosed","webproxy@whoisprotection.domains","Not Disclosed","Not Disclosed","Not Disclosed Not Disclosed","","Not Disclosed","Not Disclosed","Not Disclosed","Not Disclosed","Not Disclosed","webproxy@whoisprotection.domains","Not Disclosed","Not Disclosed","","","","","","","","","","","ns29.neoserv.si","ns30.neoserv.si","","","clientTransferProhibited","","",""
"70","sumanorte-es.com","2020-05-13 21:03:45","2020-05-12","2020-05-12","2021-05-12","303","PDR Ltd. d/b/a PublicDomainRegistry.com","whois.publicdomainregistry.com","http://www.publicdomainregistry.com","GDPR Masked","GDPR Masked","GDPR Masked","GDPR Masked","Dunajska 71 1311 Turjak","GDPR Masked","Slovenia","gdpr-masking@gdpr-masked.com","GDPR Masked","GDPR Masked","GDPR Masked","GDPR Masked","GDPR Masked","GDPR Masked","GDPR Masked","GDPR Masked","GDPR Masked","gdpr-masking@gdpr-masked.com","GDPR Masked","GDPR Masked","GDPR Masked","GDPR Masked","GDPR Masked","GDPR Masked","GDPR Masked","GDPR Masked","GDPR Masked","gdpr-masking@gdpr-masked.com","GDPR Masked","GDPR Masked","","","","","","","","","","","earth.monovm.com","mars.monovm.com","mercury.monovm.com","venus.monovm.com","clientTransferProhibited","","",""
"71","sustainagram.com","2020-05-13 07:38:46","2020-05-11","2020-05-11","2021-05-11","113","CSL Computer Service Langenbach GmbH d/b/a joker.com","whois.joker.com","http://www.joker.com","Agencija Katapult","Agencija Katapult","","","","","Slovenia","","","","","","","","","","","","","","","","","","","","","","","","","","","","","","","","","","cdns1.controlpanel.si","cdns2.controlpanel.si","","","clientTransferProhibited","","",""
"72","thermoglam.com","2020-05-13 20:14:10","2020-05-12","2020-05-12","2021-05-12","146","GoDaddy.com, LLC","whois.godaddy.com","http://registrar.godaddy.com","","","","","Ljubljana","","Slovenia","","","","","","","","","","","","","","","","","","","","","","","","","","","","","","","","","","ns09.domaincontrol.com","ns10.domaincontrol.com","","","clientDeleteProhibited","clientRenewProhibited","clientTransferProhibited","clientUpdateProhibited"
"73","thewebhat.com","2020-05-13 08:04:03","2020-05-10","2020-05-11","2021-05-11","1505","Gransy s.r.o. d/b/a subreg.cz","whois.regtons.com","http://regtons.com","Not Disclosed Not Disclosed","","Not Disclosed","Not Disclosed","","Not Disclosed","Slovenia","webproxy@whoisprotection.domains","Not Disclosed","Not Disclosed","Not Disclosed Not Disclosed","","Not Disclosed","Not Disclosed","Not Disclosed","Not Disclosed","Not Disclosed","webproxy@whoisprotection.domains","Not Disclosed","Not Disclosed","Not Disclosed Not Disclosed","","Not Disclosed","Not Disclosed","Not Disclosed","Not Disclosed","Not Disclosed","webproxy@whoisprotection.domains","Not Disclosed","Not Disclosed","","","","","","","","","","","ns1.bluehost.com","ns2.bluehost.com","","","clientTransferProhibited","","",""
"74","trainingresistancebands.com","2020-05-13 10:49:23","2020-05-10","2020-05-10","2021-05-10","146","GoDaddy.com, LLC","whois.godaddy.com","http://registrar.godaddy.com","Resistance Bands","Resistance Bands","","","Upravna enota Maribor","","Slovenia","","","","","","","","","","","","","","","","","","","","","","","","","","","","","","","","","","ns27.domaincontrol.com","ns28.domaincontrol.com","","","clientDeleteProhibited","clientRenewProhibited","clientTransferProhibited","clientUpdateProhibited"
"75","value-catalyst.one","2020-05-13 19:15:39","2020-05-11","2020-05-11","2021-05-11","146","GoDaddy.com, LLC","whois.godaddy.com","http://registrar.godaddy.com","Imperioo Creatoor mtp d.o.o.","Imperioo Creatoor mtp d.o.o.","","","Gorenjska","","Slovenia","","","","","","","","","","","","","","","","","","","","","","","","","","","","","","","","","","ns1.creatoordns.com","ns2.creatoordns.com","","","addPeriod","clientDeleteProhibited","clientRenewProhibited","clientTransferProhibited"
"76","vesna888.com","2020-05-13 19:45:50","2020-05-11","2020-05-11","2021-05-11","1647","Hosting Concepts B.V. dba Openprovider","whois.registrar.eu","http://www.openprovider.com","REDACTED FOR PRIVACY","Vesna Solar s.p.","REDACTED FOR PRIVACY","REDACTED FOR PRIVACY","","REDACTED FOR PRIVACY","Slovenia","","REDACTED FOR PRIVACY","REDACTED FOR PRIVACY","REDACTED FOR PRIVACY","REDACTED FOR PRIVACY","REDACTED FOR PRIVACY","REDACTED FOR PRIVACY","REDACTED FOR PRIVACY","REDACTED FOR PRIVACY","REDACTED FOR PRIVACY","","REDACTED FOR PRIVACY","REDACTED FOR PRIVACY","REDACTED FOR PRIVACY","REDACTED FOR PRIVACY","REDACTED FOR PRIVACY","REDACTED FOR PRIVACY","REDACTED FOR PRIVACY","REDACTED FOR PRIVACY","REDACTED FOR PRIVACY","","REDACTED FOR PRIVACY","REDACTED FOR PRIVACY","","","","","","","","","","","ns1.openprovider.nl","ns2.openprovider.be","ns3.openprovider.eu","","clientTransferProhibited","ok","",""
"77","vid-sluh.com","2020-05-13 21:00:32","2020-05-12","2020-05-12","2021-05-12","1505","Gransy s.r.o. d/b/a subreg.cz","whois.regtons.com","http://regtons.com","Not Disclosed Not Disclosed","AUDIO BM D.O.O., SLUSNI APARATI, MEDICINSKA OPREMA IN STORITVE","Not Disclosed","Not Disclosed","","Not Disclosed","Slovenia","webproxy@whoisprotection.domains","Not Disclosed","Not Disclosed","Not Disclosed Not Disclosed","","Not Disclosed","Not Disclosed","Not Disclosed","Not Disclosed","Not Disclosed","webproxy@whoisprotection.domains","Not Disclosed","Not Disclosed","Not Disclosed Not Disclosed","","Not Disclosed","Not Disclosed","Not Disclosed","Not Disclosed","Not Disclosed","webproxy@whoisprotection.domains","Not Disclosed","Not Disclosed","","","","","","","","","","","ns3.prasicek.si","ns4.prasicek.si","","","clientTransferProhibited","","",""
"78","vid-sluh.net","2020-05-14 00:06:49","2020-05-12","2020-05-12","2021-05-12","1505","Gransy s.r.o. d/b/a subreg.cz","whois.regtons.com","http://regtons.com","Not Disclosed Not Disclosed","AUDIO BM D.O.O., SLUSNI APARATI, MEDICINSKA OPREMA IN STORITVE","Not Disclosed","Not Disclosed","","Not Disclosed","Slovenia","webproxy@whoisprotection.domains","Not Disclosed","Not Disclosed","Not Disclosed Not Disclosed","","Not Disclosed","Not Disclosed","Not Disclosed","Not Disclosed","Not Disclosed","webproxy@whoisprotection.domains","Not Disclosed","Not Disclosed","Not Disclosed Not Disclosed","","Not Disclosed","Not Disclosed","Not Disclosed","Not Disclosed","Not Disclosed","webproxy@whoisprotection.domains","Not Disclosed","Not Disclosed","","","","","","","","","","","ns3.prasicek.si","ns4.prasicek.si","","","clientTransferProhibited","","",""
"79","vortexsettings.com","2020-05-13 08:30:43","2020-05-10","2020-05-10","2021-05-10","1001","Domeneshop AS dba  domainnameshop.com","whois.domainnameshop.com","http://www.domainnameshop.com","Vortex","Vortex","","","","","Slovenia","e8ynyqfugj69@privacy-protection.email","","","","","","","","","","j6dpfrfmhdkh@privacy-protection.email","","","","","","","","","","hostmaster@domeneshop.no","","","","","","","","","","","","","ns1.hyp.net","ns2.hyp.net","ns3.hyp.net","","clientTransferProhibited","","",""
"80","web-as.net","2020-05-14 00:06:47","2020-05-12","2020-05-12","2021-05-12","1505","Gransy s.r.o. d/b/a subreg.cz","whois.regtons.com","http://regtons.com","Not Disclosed Not Disclosed","MAP-AS NET DRUZBA ZA GEOLOKACIJSKI MARKETING IN UPRAVLJANJE SPLETNEGA UGLEDA D.O.O.","Not Disclosed","Not Disclosed","","Not Disclosed","Slovenia","webproxy@whoisprotection.domains","Not Disclosed","Not Disclosed","Not Disclosed Not Disclosed","","Not Disclosed","Not Disclosed","Not Disclosed","Not Disclosed","Not Disclosed","webproxy@whoisprotection.domains","Not Disclosed","Not Disclosed","Not Disclosed Not Disclosed","","Not Disclosed","Not Disclosed","Not Disclosed","Not Disclosed","Not Disclosed","webproxy@whoisprotection.domains","Not Disclosed","Not Disclosed","","","","","","","","","","","rns7.neoserv.si","rns8.neoserv.si","","","clientTransferProhibited","","",""
"81","wietai-leather.com","2020-05-13 21:03:48","2020-05-12","2020-05-12","2021-05-12","303","PDR Ltd. d/b/a PublicDomainRegistry.com","whois.publicdomainregistry.com","http://www.publicdomainregistry.com","GDPR Masked","GDPR Masked","GDPR Masked","GDPR Masked","Dunajska 71 1311 Turjak","GDPR Masked","Slovenia","gdpr-masking@gdpr-masked.com","GDPR Masked","GDPR Masked","GDPR Masked","GDPR Masked","GDPR Masked","GDPR Masked","GDPR Masked","GDPR Masked","GDPR Masked","gdpr-masking@gdpr-masked.com","GDPR Masked","GDPR Masked","GDPR Masked","GDPR Masked","GDPR Masked","GDPR Masked","GDPR Masked","GDPR Masked","GDPR Masked","gdpr-masking@gdpr-masked.com","GDPR Masked","GDPR Masked","","","","","","","","","","","earth.monovm.com","mars.monovm.com","mercury.monovm.com","venus.monovm.com","clientTransferProhibited","","",""
"82","winsonoil-tw.com","2020-05-13 21:09:32","2020-05-12","2020-05-12","2021-05-12","303","PDR Ltd. d/b/a PublicDomainRegistry.com","whois.publicdomainregistry.com","http://www.publicdomainregistry.com","GDPR Masked","GDPR Masked","GDPR Masked","GDPR Masked","Dunajska 71 1311 Turjak","GDPR Masked","Slovenia","gdpr-masking@gdpr-masked.com","GDPR Masked","GDPR Masked","GDPR Masked","GDPR Masked","GDPR Masked","GDPR Masked","GDPR Masked","GDPR Masked","GDPR Masked","gdpr-masking@gdpr-masked.com","GDPR Masked","GDPR Masked","GDPR Masked","GDPR Masked","GDPR Masked","GDPR Masked","GDPR Masked","GDPR Masked","GDPR Masked","gdpr-masking@gdpr-masked.com","GDPR Masked","GDPR Masked","","","","","","","","","","","earth.monovm.com","mars.monovm.com","mercury.monovm.com","venus.monovm.com","clientTransferProhibited","","",""
"83","wireless-nursecall.com","2020-05-13 08:30:28","2020-05-10","2020-05-10","2021-05-10","146","GoDaddy.com, LLC","whois.godaddy.com","http://registrar.godaddy.com","Eurotronik Kranj d.o.o.","Eurotronik Kranj d.o.o.","","","Gorenjska","","Slovenia","","","","","","","","","","","","","","","","","","","","","","","","","","","","","","","","","","ns07.domaincontrol.com","ns08.domaincontrol.com","","","clientDeleteProhibited","clientRenewProhibited","clientTransferProhibited","clientUpdateProhibited"
"84","xn--naroim-l2a.com","2020-05-13 07:17:19","2020-05-11","2020-05-11","2021-05-11","433","OVH sas","whois.ovh.com","http://www.ovh.com","REDACTED FOR PRIVACY","TRISTO d.o.o.","REDACTED FOR PRIVACY","REDACTED FOR PRIVACY","","REDACTED FOR PRIVACY","Slovenia","g8nawv9990snsmbhlqyk@x.o-w-o.info","REDACTED FOR PRIVACY","REDACTED FOR PRIVACY","REDACTED FOR PRIVACY","REDACTED FOR PRIVACY","REDACTED FOR PRIVACY","REDACTED FOR PRIVACY","REDACTED FOR PRIVACY","REDACTED FOR PRIVACY","REDACTED FOR PRIVACY","d3zcc8ohznh6r4mdcxgo@f.o-w-o.info","REDACTED FOR PRIVACY","REDACTED FOR PRIVACY","REDACTED FOR PRIVACY","REDACTED FOR PRIVACY","REDACTED FOR PRIVACY","REDACTED FOR PRIVACY","REDACTED FOR PRIVACY","REDACTED FOR PRIVACY","REDACTED FOR PRIVACY","d3zcc8ohznh6r4mdcxgo@f.o-w-o.info","REDACTED FOR PRIVACY","REDACTED FOR PRIVACY","","","","","","","","","","","ns1.websvet.net","ns2.websvet.net","","","clientDeleteProhibited","clientTransferProhibited","",""
"85","your-slovenia.com","2020-05-13 07:32:12","2020-05-11","2020-05-11","2021-05-11","1505","Gransy s.r.o. d/b/a subreg.cz","whois.regtons.com","http://regtons.com","Not Disclosed Not Disclosed","MEDJEZIKOVNO POSREDOVANJE, KSENIJA MRAVLJA, S.P.","Not Disclosed","Not Disclosed","","Not Disclosed","Slovenia","webproxy@whoisprotection.domains","Not Disclosed","Not Disclosed","Not Disclosed Not Disclosed","","Not Disclosed","Not Disclosed","Not Disclosed","Not Disclosed","Not Disclosed","webproxy@whoisprotection.domains","Not Disclosed","Not Disclosed","Not Disclosed Not Disclosed","","Not Disclosed","Not Disclosed","Not Disclosed","Not Disclosed","Not Disclosed","webproxy@whoisprotection.domains","Not Disclosed","Not Disclosed","","","","","","","","","","","ns23.neoserv.si","ns24.neoserv.si","","","clientTransferProhibited","","",""
"86","your-slovenia.net","2020-05-14 00:05:41","2020-05-11","2020-05-11","2021-05-11","1505","Gransy s.r.o. d/b/a subreg.cz","whois.regtons.com","http://regtons.com","Not Disclosed Not Disclosed","MEDJEZIKOVNO POSREDOVANJE, KSENIJA MRAVLJA, S.P.","Not Disclosed","Not Disclosed","","Not Disclosed","Slovenia","webproxy@whoisprotection.domains","Not Disclosed","Not Disclosed","Not Disclosed Not Disclosed","","Not Disclosed","Not Disclosed","Not Disclosed","Not Disclosed","Not Disclosed","webproxy@whoisprotection.domains","Not Disclosed","Not Disclosed","Not Disclosed Not Disclosed","","Not Disclosed","Not Disclosed","Not Disclosed","Not Disclosed","Not Disclosed","webproxy@whoisprotection.domains","Not Disclosed","Not Disclosed","","","","","","","","","","","ns23.neoserv.si","ns24.neoserv.si","","","clientTransferProhibited","","",""
"87","yourfreelancelifestyle.com","2020-05-13 20:59:51","2020-05-12","2020-05-12","2021-05-12","440","Wild West Domains, LLC","whois.wildwestdomains.com","http://www.wildwestdomains.com","","","","","Slovenia","","Slovenia","","","","","","","","","","","","","","","","","","","","","","","","","","","","","","","","","","ns5.webicom.si","ns6.webicom.si","","","clientDeleteProhibited","clientRenewProhibited","clientTransferProhibited","clientUpdateProhibited"
"88","zonnkitchen.com","2020-05-13 06:59:44","2020-05-11","2020-05-11","2021-05-11","146","GoDaddy.com, LLC","whois.godaddy.com","http://registrar.godaddy.com","","","","","Piran","","Slovenia","","","","","","","","","","","","","","","","","","","","","","","","","","","","","","","","","","ns13.domaincontrol.com","ns14.domaincontrol.com","","","clientDeleteProhibited","clientRenewProhibited","clientTransferProhibited","clientUpdateProhibited"