"num","domain_name","query_time","create_date","update_date","expiry_date","domain_registrar_id","domain_registrar_name","domain_registrar_whois","domain_registrar_url","registrant_name","registrant_company","registrant_address","registrant_city","registrant_state","registrant_zip","registrant_country","registrant_email","registrant_phone","registrant_fax","administrative_name","administrative_company","administrative_address","administrative_city","administrative_state","administrative_zip","administrative_country","administrative_email","administrative_phone","administrative_fax","technical_name","technical_company","technical_address","technical_city","technical_state","technical_zip","technical_country","technical_email","technical_phone","technical_fax","billing_name","billing_company","billing_address","billing_city","billing_state","billing_zip","billing_country","billing_email","billing_phone","billing_fax","name_server_1","name_server_2","name_server_3","name_server_4","domain_status_1","domain_status_2","domain_status_3","domain_status_4"
"1","alreval.com","2020-05-13 21:12:04","2020-05-11","2020-05-12","2021-05-11","1479","Namesilo, LLC","whois.namesilo.com","http://www.namesilo.com","Mohamed Bashier","","Koftee 3third F, Khartoum Gamhorea St","Khartoum","Khartoum","249","Sudan","mohamed.bashier@live.com","+0.123456677","","Mohamed Bashier","","Koftee 3third F, Khartoum Gamhorea St","Khartoum","Khartoum","249","Sudan","mohamed.bashier@live.com","+0.123456677","","Mohamed Bashier","","Koftee 3third F, Khartoum Gamhorea St","Khartoum","Khartoum","249","Sudan","mohamed.bashier@live.com","+0.123456677","","","","","","","","","","","","ns1.mazinhost.net","ns2.mazinhost.net","","","clientTransferProhibited","","",""
"2","asetstar.net","2020-05-13 19:09:17","2020-05-11","2020-05-12","2021-05-11","1479","Namesilo, LLC","whois.namesilo.com","http://www.namesilo.com","Mohamed Bashier","","Koftee 3third F, Khartoum Gamhorea St","Khartoum","Khartoum","249","Sudan","mohamed.bashier@live.com","+0.123456677","","Mohamed Bashier","","Koftee 3third F, Khartoum Gamhorea St","Khartoum","Khartoum","249","Sudan","mohamed.bashier@live.com","+0.123456677","","Mohamed Bashier","","Koftee 3third F, Khartoum Gamhorea St","Khartoum","Khartoum","249","Sudan","mohamed.bashier@live.com","+0.123456677","","","","","","","","","","","","ns1.mazinhost.net","ns2.mazinhost.net","","","clientTransferProhibited","","",""
"3","daleelsd.com","2020-05-13 08:30:16","2020-05-10","2020-05-10","2021-05-10","69","Tucows Domains Inc.","whois.tucows.com","http://domainhelp.opensrs.net","REDACTED FOR PRIVACY","REDACTED FOR PRIVACY","REDACTED FOR PRIVACY","REDACTED FOR PRIVACY","KH","REDACTED FOR PRIVACY","Sudan","","REDACTED FOR PRIVACY","REDACTED FOR PRIVACY","REDACTED FOR PRIVACY","REDACTED FOR PRIVACY","REDACTED FOR PRIVACY","REDACTED FOR PRIVACY","REDACTED FOR PRIVACY","REDACTED FOR PRIVACY","REDACTED FOR PRIVACY","","REDACTED FOR PRIVACY","REDACTED FOR PRIVACY","REDACTED FOR PRIVACY","REDACTED FOR PRIVACY","REDACTED FOR PRIVACY","REDACTED FOR PRIVACY","REDACTED FOR PRIVACY","REDACTED FOR PRIVACY","REDACTED FOR PRIVACY","","REDACTED FOR PRIVACY","REDACTED FOR PRIVACY","","","","","","","","","","","ns1.uksrv.co.uk","ns2.uksrv.co.uk","","","clientTransferProhibited","clientUpdateProhibited","",""
"4","firmness-sd.com","2020-05-13 21:12:01","2020-05-11","2020-05-12","2021-05-11","1479","Namesilo, LLC","whois.namesilo.com","http://www.namesilo.com","Mohamed Bashier","","Koftee 3third F, Khartoum Gamhorea St","Khartoum","Khartoum","249","Sudan","mohamed.bashier@live.com","+0.123456677","","Mohamed Bashier","","Koftee 3third F, Khartoum Gamhorea St","Khartoum","Khartoum","249","Sudan","mohamed.bashier@live.com","+0.123456677","","Mohamed Bashier","","Koftee 3third F, Khartoum Gamhorea St","Khartoum","Khartoum","249","Sudan","mohamed.bashier@live.com","+0.123456677","","","","","","","","","","","","ns1.mazinhost.net","ns2.mazinhost.net","","","clientTransferProhibited","","",""
"5","nkjewellerybynawar.com","2020-05-13 09:32:21","2020-05-09","2020-05-09","2021-05-09","69","Tucows Domains Inc.","whois.tucows.com","http://domainhelp.opensrs.net","REDACTED FOR PRIVACY","REDACTED FOR PRIVACY","REDACTED FOR PRIVACY","REDACTED FOR PRIVACY","kHARTOUM","REDACTED FOR PRIVACY","Sudan","","REDACTED FOR PRIVACY","REDACTED FOR PRIVACY","REDACTED FOR PRIVACY","REDACTED FOR PRIVACY","REDACTED FOR PRIVACY","REDACTED FOR PRIVACY","REDACTED FOR PRIVACY","REDACTED FOR PRIVACY","REDACTED FOR PRIVACY","","REDACTED FOR PRIVACY","REDACTED FOR PRIVACY","REDACTED FOR PRIVACY","REDACTED FOR PRIVACY","REDACTED FOR PRIVACY","REDACTED FOR PRIVACY","REDACTED FOR PRIVACY","REDACTED FOR PRIVACY","REDACTED FOR PRIVACY","","REDACTED FOR PRIVACY","REDACTED FOR PRIVACY","","","","","","","","","","","ns1.sudahosting.com","ns2.sudahosting.com","","","clientTransferProhibited","clientUpdateProhibited","",""
"6","webguy69.com","2020-05-13 09:07:36","2020-05-10","2020-05-11","2021-05-10","1479","Namesilo, LLC","whois.namesilo.com","http://www.namesilo.com","Mustafa Elsir","","shrq msjd lHr@ lsds@ l`tyq shr` msjd lHr@ lsds@","lkhrTwm","ljryf Grb","11114","Sudan","webguy1996@gmail.com","+0.993594690","","Mustafa Elsir","","shrq msjd lHr@ lsds@ l`tyq shr` msjd lHr@ lsds@","lkhrTwm","ljryf Grb","11114","Sudan","webguy1996@gmail.com","+0.993594690","","Mustafa Elsir","","shrq msjd lHr@ lsds@ l`tyq shr` msjd lHr@ lsds@","lkhrTwm","ljryf Grb","11114","Sudan","webguy1996@gmail.com","+0.993594690","","","","","","","","","","","","ns1.mazinhost.net","ns2.mazinhost.net","","","clientTransferProhibited","","",""