"num","domain_name","query_time","create_date","update_date","expiry_date","domain_registrar_id","domain_registrar_name","domain_registrar_whois","domain_registrar_url","registrant_name","registrant_company","registrant_address","registrant_city","registrant_state","registrant_zip","registrant_country","registrant_email","registrant_phone","registrant_fax","administrative_name","administrative_company","administrative_address","administrative_city","administrative_state","administrative_zip","administrative_country","administrative_email","administrative_phone","administrative_fax","technical_name","technical_company","technical_address","technical_city","technical_state","technical_zip","technical_country","technical_email","technical_phone","technical_fax","billing_name","billing_company","billing_address","billing_city","billing_state","billing_zip","billing_country","billing_email","billing_phone","billing_fax","name_server_1","name_server_2","name_server_3","name_server_4","domain_status_1","domain_status_2","domain_status_3","domain_status_4"
"1","duvett.com","2020-05-13 20:54:33","2020-05-12","2020-05-13","2021-05-12","1647","Hosting Concepts B.V. dba Openprovider","whois.registrar.eu","http://www.openprovider.com","REDACTED FOR PRIVACY","Yati Group","REDACTED FOR PRIVACY","REDACTED FOR PRIVACY","Southern Africa","REDACTED FOR PRIVACY","Swaziland","","REDACTED FOR PRIVACY","REDACTED FOR PRIVACY","REDACTED FOR PRIVACY","REDACTED FOR PRIVACY","REDACTED FOR PRIVACY","REDACTED FOR PRIVACY","REDACTED FOR PRIVACY","REDACTED FOR PRIVACY","REDACTED FOR PRIVACY","","REDACTED FOR PRIVACY","REDACTED FOR PRIVACY","REDACTED FOR PRIVACY","REDACTED FOR PRIVACY","REDACTED FOR PRIVACY","REDACTED FOR PRIVACY","REDACTED FOR PRIVACY","REDACTED FOR PRIVACY","REDACTED FOR PRIVACY","","REDACTED FOR PRIVACY","REDACTED FOR PRIVACY","","","","","","","","","","","ns1.host4unix.com","ns1.host4unix.net","ns2.host4unix.com","ns2.host4unix.net","clientTransferProhibited","ok","",""
"2","ivanahgroup.com","2020-05-13 19:45:36","2020-05-11","2020-05-11","2021-05-11","1647","Hosting Concepts B.V. dba Openprovider","whois.registrar.eu","http://www.openprovider.com","REDACTED FOR PRIVACY","Linear Global Technology","REDACTED FOR PRIVACY","REDACTED FOR PRIVACY","Mbabane","REDACTED FOR PRIVACY","Swaziland","","REDACTED FOR PRIVACY","REDACTED FOR PRIVACY","REDACTED FOR PRIVACY","REDACTED FOR PRIVACY","REDACTED FOR PRIVACY","REDACTED FOR PRIVACY","REDACTED FOR PRIVACY","REDACTED FOR PRIVACY","REDACTED FOR PRIVACY","","REDACTED FOR PRIVACY","REDACTED FOR PRIVACY","REDACTED FOR PRIVACY","REDACTED FOR PRIVACY","REDACTED FOR PRIVACY","REDACTED FOR PRIVACY","REDACTED FOR PRIVACY","REDACTED FOR PRIVACY","REDACTED FOR PRIVACY","","REDACTED FOR PRIVACY","REDACTED FOR PRIVACY","","","","","","","","","","","ns3.za-dns.com","ns5.za-dns.com","","","clientTransferProhibited","ok","",""
"3","joepuppies.com","2020-05-13 20:54:32","2020-05-12","2020-05-13","2021-05-12","1647","Hosting Concepts B.V. dba Openprovider","whois.registrar.eu","http://www.openprovider.com","REDACTED FOR PRIVACY","Yati Group","REDACTED FOR PRIVACY","REDACTED FOR PRIVACY","Southern Africa","REDACTED FOR PRIVACY","Swaziland","","REDACTED FOR PRIVACY","REDACTED FOR PRIVACY","REDACTED FOR PRIVACY","REDACTED FOR PRIVACY","REDACTED FOR PRIVACY","REDACTED FOR PRIVACY","REDACTED FOR PRIVACY","REDACTED FOR PRIVACY","REDACTED FOR PRIVACY","","REDACTED FOR PRIVACY","REDACTED FOR PRIVACY","REDACTED FOR PRIVACY","REDACTED FOR PRIVACY","REDACTED FOR PRIVACY","REDACTED FOR PRIVACY","REDACTED FOR PRIVACY","REDACTED FOR PRIVACY","REDACTED FOR PRIVACY","","REDACTED FOR PRIVACY","REDACTED FOR PRIVACY","","","","","","","","","","","ns1.host4unix.com","ns1.host4unix.net","ns2.host4unix.com","ns2.host4unix.net","clientTransferProhibited","ok","",""
"4","mirroz.com","2020-05-13 20:54:31","2020-05-12","2020-05-13","2021-05-12","1647","Hosting Concepts B.V. dba Openprovider","whois.registrar.eu","http://www.openprovider.com","REDACTED FOR PRIVACY","Yati Group","REDACTED FOR PRIVACY","REDACTED FOR PRIVACY","Southern Africa","REDACTED FOR PRIVACY","Swaziland","","REDACTED FOR PRIVACY","REDACTED FOR PRIVACY","REDACTED FOR PRIVACY","REDACTED FOR PRIVACY","REDACTED FOR PRIVACY","REDACTED FOR PRIVACY","REDACTED FOR PRIVACY","REDACTED FOR PRIVACY","REDACTED FOR PRIVACY","","REDACTED FOR PRIVACY","REDACTED FOR PRIVACY","REDACTED FOR PRIVACY","REDACTED FOR PRIVACY","REDACTED FOR PRIVACY","REDACTED FOR PRIVACY","REDACTED FOR PRIVACY","REDACTED FOR PRIVACY","REDACTED FOR PRIVACY","","REDACTED FOR PRIVACY","REDACTED FOR PRIVACY","","","","","","","","","","","ns1.host4unix.com","ns1.host4unix.net","ns2.host4unix.com","ns2.host4unix.net","clientTransferProhibited","ok","",""
"5","mortguide.com","2020-05-13 20:54:31","2020-05-12","2020-05-13","2021-05-12","1647","Hosting Concepts B.V. dba Openprovider","whois.registrar.eu","http://www.openprovider.com","REDACTED FOR PRIVACY","Yati Group","REDACTED FOR PRIVACY","REDACTED FOR PRIVACY","Southern Africa","REDACTED FOR PRIVACY","Swaziland","","REDACTED FOR PRIVACY","REDACTED FOR PRIVACY","REDACTED FOR PRIVACY","REDACTED FOR PRIVACY","REDACTED FOR PRIVACY","REDACTED FOR PRIVACY","REDACTED FOR PRIVACY","REDACTED FOR PRIVACY","REDACTED FOR PRIVACY","","REDACTED FOR PRIVACY","REDACTED FOR PRIVACY","REDACTED FOR PRIVACY","REDACTED FOR PRIVACY","REDACTED FOR PRIVACY","REDACTED FOR PRIVACY","REDACTED FOR PRIVACY","REDACTED FOR PRIVACY","REDACTED FOR PRIVACY","","REDACTED FOR PRIVACY","REDACTED FOR PRIVACY","","","","","","","","","","","ns1.host4unix.com","ns1.host4unix.net","ns2.host4unix.com","ns2.host4unix.net","clientTransferProhibited","ok","",""
"6","potpotty.com","2020-05-13 20:54:29","2020-05-12","2020-05-13","2021-05-12","1647","Hosting Concepts B.V. dba Openprovider","whois.registrar.eu","http://www.openprovider.com","REDACTED FOR PRIVACY","Yati Group","REDACTED FOR PRIVACY","REDACTED FOR PRIVACY","Southern Africa","REDACTED FOR PRIVACY","Swaziland","","REDACTED FOR PRIVACY","REDACTED FOR PRIVACY","REDACTED FOR PRIVACY","REDACTED FOR PRIVACY","REDACTED FOR PRIVACY","REDACTED FOR PRIVACY","REDACTED FOR PRIVACY","REDACTED FOR PRIVACY","REDACTED FOR PRIVACY","","REDACTED FOR PRIVACY","REDACTED FOR PRIVACY","REDACTED FOR PRIVACY","REDACTED FOR PRIVACY","REDACTED FOR PRIVACY","REDACTED FOR PRIVACY","REDACTED FOR PRIVACY","REDACTED FOR PRIVACY","REDACTED FOR PRIVACY","","REDACTED FOR PRIVACY","REDACTED FOR PRIVACY","","","","","","","","","","","ns1.host4unix.com","ns1.host4unix.net","ns2.host4unix.com","ns2.host4unix.net","clientTransferProhibited","ok","",""
"7","runnerrepublic.com","2020-05-13 20:54:29","2020-05-12","2020-05-13","2021-05-12","1647","Hosting Concepts B.V. dba Openprovider","whois.registrar.eu","http://www.openprovider.com","REDACTED FOR PRIVACY","Yati Group","REDACTED FOR PRIVACY","REDACTED FOR PRIVACY","Southern Africa","REDACTED FOR PRIVACY","Swaziland","","REDACTED FOR PRIVACY","REDACTED FOR PRIVACY","REDACTED FOR PRIVACY","REDACTED FOR PRIVACY","REDACTED FOR PRIVACY","REDACTED FOR PRIVACY","REDACTED FOR PRIVACY","REDACTED FOR PRIVACY","REDACTED FOR PRIVACY","","REDACTED FOR PRIVACY","REDACTED FOR PRIVACY","REDACTED FOR PRIVACY","REDACTED FOR PRIVACY","REDACTED FOR PRIVACY","REDACTED FOR PRIVACY","REDACTED FOR PRIVACY","REDACTED FOR PRIVACY","REDACTED FOR PRIVACY","","REDACTED FOR PRIVACY","REDACTED FOR PRIVACY","","","","","","","","","","","ns1.host4unix.com","ns1.host4unix.net","ns2.host4unix.com","ns2.host4unix.net","clientTransferProhibited","ok","",""
"8","sarrajco.com","2020-05-13 09:50:07","2020-05-10","2020-05-12","2021-05-10","82","OnlineNIC, Inc.","whois.onlinenic.com","http://www.onlinenic.com","Tareq Sarraj","Sarraj Co.","quai de I arabie 4 1800 vevey","vevey","swiss","0041","Swaziland","maher.sheikho@gmail.com","+41.799590489","+41.799590489","Maher Sheikho","SMonster","quai de I arabie 4 1800 vevey","vevey","swiss","0041","Swaziland","maher.sheikho@gmail.com","+41.799590489","+41.799590489","Maher Sheikho","SMonster","quai de I arabie 4 1800 vevey","vevey","swiss","0041","Swaziland","maher.sheikho@gmail.com","+41.799590489","+41.799590489","","","","","","","","","","","ns1.waveshost.sy","ns2.waveshost.sy","","","OK","","",""
"9","soverywell.com","2020-05-13 20:54:29","2020-05-12","2020-05-13","2021-05-12","1647","Hosting Concepts B.V. dba Openprovider","whois.registrar.eu","http://www.openprovider.com","REDACTED FOR PRIVACY","Yati Group","REDACTED FOR PRIVACY","REDACTED FOR PRIVACY","Southern Africa","REDACTED FOR PRIVACY","Swaziland","","REDACTED FOR PRIVACY","REDACTED FOR PRIVACY","REDACTED FOR PRIVACY","REDACTED FOR PRIVACY","REDACTED FOR PRIVACY","REDACTED FOR PRIVACY","REDACTED FOR PRIVACY","REDACTED FOR PRIVACY","REDACTED FOR PRIVACY","","REDACTED FOR PRIVACY","REDACTED FOR PRIVACY","REDACTED FOR PRIVACY","REDACTED FOR PRIVACY","REDACTED FOR PRIVACY","REDACTED FOR PRIVACY","REDACTED FOR PRIVACY","REDACTED FOR PRIVACY","REDACTED FOR PRIVACY","","REDACTED FOR PRIVACY","REDACTED FOR PRIVACY","","","","","","","","","","","ns1.host4unix.com","ns1.host4unix.net","ns2.host4unix.com","ns2.host4unix.net","clientTransferProhibited","ok","",""