"num","domain_name","query_time","create_date","update_date","expiry_date","domain_registrar_id","domain_registrar_name","domain_registrar_whois","domain_registrar_url","registrant_name","registrant_company","registrant_address","registrant_city","registrant_state","registrant_zip","registrant_country","registrant_email","registrant_phone","registrant_fax","administrative_name","administrative_company","administrative_address","administrative_city","administrative_state","administrative_zip","administrative_country","administrative_email","administrative_phone","administrative_fax","technical_name","technical_company","technical_address","technical_city","technical_state","technical_zip","technical_country","technical_email","technical_phone","technical_fax","billing_name","billing_company","billing_address","billing_city","billing_state","billing_zip","billing_country","billing_email","billing_phone","billing_fax","name_server_1","name_server_2","name_server_3","name_server_4","domain_status_1","domain_status_2","domain_status_3","domain_status_4"
"1","24chips.com","2020-05-13 19:49:15","2020-05-11","2020-05-11","2021-05-11","886","Domain.com, LLC","whois.domain.com","http://www.domain.com","REDACTED FOR PRIVACY","REDACTED FOR PRIVACY","REDACTED FOR PRIVACY","REDACTED FOR PRIVACY","NA","REDACTED FOR PRIVACY","Tanzania","","REDACTED FOR PRIVACY","REDACTED FOR PRIVACY","REDACTED FOR PRIVACY","REDACTED FOR PRIVACY","REDACTED FOR PRIVACY","REDACTED FOR PRIVACY","REDACTED FOR PRIVACY","REDACTED FOR PRIVACY","REDACTED FOR PRIVACY","","REDACTED FOR PRIVACY","REDACTED FOR PRIVACY","REDACTED FOR PRIVACY","REDACTED FOR PRIVACY","REDACTED FOR PRIVACY","REDACTED FOR PRIVACY","REDACTED FOR PRIVACY","REDACTED FOR PRIVACY","REDACTED FOR PRIVACY","","REDACTED FOR PRIVACY","REDACTED FOR PRIVACY","","","","","","","","","","","ns1.domain.com","ns2.domain.com","","","","","",""
"2","afyanapesa.com","2020-05-13 09:54:07","2020-05-10","2020-05-10","2021-05-10","303","PDR Ltd. d/b/a PublicDomainRegistry.com","whois.publicdomainregistry.com","http://www.publicdomainregistry.com","Elias Kitomarian","CyberTech Limited","P.O.Box 1920 Dar, Tz","Kinondoni","Dar es salaam","11000","Tanzania","kitomarian@live.com","+255.715226663","","Elias Kitomarian","CyberTech Limited","P.O.Box 1920 Dar, Tz","Kinondoni","Dar es salaam","11000","Tanzania","kitomarian@live.com","+255.715226663","","Elias Kitomarian","CyberTech Limited","P.O.Box 1920 Dar, Tz","Kinondoni","Dar es salaam","11000","Tanzania","kitomarian@live.com","+255.715226663","","","","","","","","","","","","ns1.kilihost.com","ns2.kilihost.com","","","clientTransferProhibited","","",""
"3","bizbusinessemail.com","2020-05-13 20:43:28","2020-05-12","2020-05-12","2021-05-12","146","GoDaddy.com, LLC","whois.godaddy.com","http://registrar.godaddy.com","Seyo Beauty Shop","Seyo Beauty Shop","","","Tanzania","","Tanzania","","","","","","","","","","","","","","","","","","","","","","","","","","","","","","","","","","ns31.domaincontrol.com","ns32.domaincontrol.com","","","clientDeleteProhibited","clientRenewProhibited","clientTransferProhibited","clientUpdateProhibited"
"4","cooleyentertainment.com","2020-05-13 07:17:40","2020-05-11","2020-05-11","2021-05-11","886","Domain.com, LLC","whois.domain.com","http://www.domain.com","REDACTED FOR PRIVACY","REDACTED FOR PRIVACY","REDACTED FOR PRIVACY","REDACTED FOR PRIVACY","NA","REDACTED FOR PRIVACY","Tanzania","","REDACTED FOR PRIVACY","REDACTED FOR PRIVACY","REDACTED FOR PRIVACY","REDACTED FOR PRIVACY","REDACTED FOR PRIVACY","REDACTED FOR PRIVACY","REDACTED FOR PRIVACY","REDACTED FOR PRIVACY","REDACTED FOR PRIVACY","","REDACTED FOR PRIVACY","REDACTED FOR PRIVACY","REDACTED FOR PRIVACY","REDACTED FOR PRIVACY","REDACTED FOR PRIVACY","REDACTED FOR PRIVACY","REDACTED FOR PRIVACY","REDACTED FOR PRIVACY","REDACTED FOR PRIVACY","","REDACTED FOR PRIVACY","REDACTED FOR PRIVACY","","","","","","","","","","","ns1.netfirms.com","ns2.netfirms.com","","","","","",""
"5","delmactechnology.com","2020-05-13 09:30:37","2020-05-09","2020-05-09","2021-05-09","303","PDR Ltd. d/b/a PublicDomainRegistry.com","whois.publicdomainregistry.com","http://www.publicdomainregistry.com","Jackson Abbas","Jackson Abbas","0745033182","dar es salaam","dar es salaam","12102","Tanzania","delm981@gmail.com","+255.745033182","","Jackson Abbas","Jackson Abbas","0745033182","dar es salaam","dar es salaam","12102","Tanzania","delm981@gmail.com","+255.745033182","","Jackson Abbas","Jackson Abbas","0745033182","dar es salaam","dar es salaam","12102","Tanzania","delm981@gmail.com","+255.745033182","","","","","","","","","","","","ns1.dudumizi.net","ns2.dudumizi.net","","","clientTransferProhibited","","",""
"6","digiprotectinsurance.com","2020-05-13 20:10:09","2020-05-12","2020-05-12","2021-05-12","303","PDR Ltd. d/b/a PublicDomainRegistry.com","whois.publicdomainregistry.com","http://www.publicdomainregistry.com","Imatic Technologies Ltd","Imatic Technologies Limited","Dar es Salaam","Dar es Saalam","Ilala","11000","Tanzania","tanveerdk@itl.co.tz","+255.788557786","","Imatic Technologies Ltd","Imatic Technologies Limited","Dar es Salaam","Dar es Saalam","Ilala","11000","Tanzania","tanveerdk@itl.co.tz","+255.788557786","","Imatic Technologies Ltd","Imatic Technologies Limited","Dar es Salaam","Dar es Saalam","Ilala","11000","Tanzania","tanveerdk@itl.co.tz","+255.788557786","","","","","","","","","","","","ns1.kilihost.com","ns2.kilihost.com","","","clientTransferProhibited","","",""
"7","digitalkusaga.com","2020-05-13 08:30:33","2020-05-10","2020-05-10","2021-05-10","48","eNom, Inc.","whois.enom.com","http://www.enom.com","REDACTED FOR PRIVACY","REDACTED FOR PRIVACY","REDACTED FOR PRIVACY","REDACTED FOR PRIVACY","Nyamagana","REDACTED FOR PRIVACY","Tanzania","","REDACTED FOR PRIVACY","REDACTED FOR PRIVACY","REDACTED FOR PRIVACY","REDACTED FOR PRIVACY","REDACTED FOR PRIVACY","REDACTED FOR PRIVACY","REDACTED FOR PRIVACY","REDACTED FOR PRIVACY","REDACTED FOR PRIVACY","","REDACTED FOR PRIVACY","REDACTED FOR PRIVACY","REDACTED FOR PRIVACY","REDACTED FOR PRIVACY","REDACTED FOR PRIVACY","REDACTED FOR PRIVACY","REDACTED FOR PRIVACY","REDACTED FOR PRIVACY","REDACTED FOR PRIVACY","","REDACTED FOR PRIVACY","REDACTED FOR PRIVACY","","","","","","","","","","","ns1.abenbrothers.com","ns2.abenbrothers.com","","","addPeriod","clientTransferProhibited","",""
"8","diratravel.com","2020-05-13 11:05:48","2020-05-11","2020-05-11","2021-05-11","146","GoDaddy.com, LLC","whois.godaddy.com","http://registrar.godaddy.com","Codecity Africa","Codecity Africa","","","Arusha","","Tanzania","","","","","","","","","","","","","","","","","","","","","","","","","","","","","","","","","","ns39.domaincontrol.com","ns40.domaincontrol.com","","","clientDeleteProhibited","clientRenewProhibited","clientTransferProhibited","clientUpdateProhibited"
"9","durbanvideos.com","2020-05-13 19:40:05","2020-05-11","2020-05-11","2021-05-11","146","GoDaddy.com, LLC","whois.godaddy.com","http://registrar.godaddy.com","Kayole Finest","Kayole Finest","","","Mwanza Region","","Tanzania","","","","","","","","","","","","","","","","","","","","","","","","","","","","","","","","","","ns1.arvixeshared.com","ns2.arvixeshared.com","","","clientDeleteProhibited","clientRenewProhibited","clientTransferProhibited","clientUpdateProhibited"
"10","expertwomenclinic.com","2020-05-13 20:59:04","2020-05-12","2020-05-12","2021-05-12","955","Launchpad, Inc.","whois.launchpad.com","http://www.launchpad.com","Scanad Africa","Karibu Web Designs","Dar es salaam","dar es salaam","02","71182","Tanzania","rojepool@gmail.com","+27.784345674","","Scanad Africa","Karibu Web Designs","Dar es salaam","dar es salaam","02","71182","Tanzania","rojepool@gmail.com","+27.784345674","","Scanad Africa","Karibu Web Designs","Dar es salaam","dar es salaam","02","71182","Tanzania","rojepool@gmail.com","+27.784345674","","","","","","","","","","","","ns8131.hostgator.com","ns8132.hostgator.com","","","clientTransferProhibited","","",""
"11","fhsinternationalcodeltd.com","2020-05-13 20:51:21","2020-05-12","2020-05-12","2021-05-12","1001","Domeneshop AS dba  domainnameshop.com","whois.domainnameshop.com","http://www.domainnameshop.com","","","","","","","Tanzania","qwjkqmqc3uua@privacy-protection.email","","","","","","","","","","yydnymyq7jvn@privacy-protection.email","","","","","","","","","","hostmaster@domeneshop.no","","","","","","","","","","","","","ns1.hyp.net","ns2.hyp.net","ns3.hyp.net","","clientTransferProhibited","","",""
"12","infoseclimited.com","2020-05-13 10:59:19","2020-05-11","2020-05-11","2021-05-11","303","PDR Ltd. d/b/a PublicDomainRegistry.com","whois.publicdomainregistry.com","http://www.publicdomainregistry.com","Joel Kazoba","INFOSEC (T) LIMITED","Kinondoni","Dar es salaam","Tanzania","11000","Tanzania","sudojoka.py@gmail.com","+255.714758502","","Joel Kazoba","INFOSEC (T) LIMITED","Kinondoni","Dar es salaam","Tanzania","11000","Tanzania","sudojoka.py@gmail.com","+255.714758502","","Joel Kazoba","INFOSEC (T) LIMITED","Kinondoni","Dar es salaam","Tanzania","11000","Tanzania","sudojoka.py@gmail.com","+255.714758502","","","","","","","","","","","","ns1.kilihost.com","ns2.kilihost.com","","","clientTransferProhibited","","",""
"13","infosecltd.com","2020-05-13 10:45:00","2020-05-10","2020-05-10","2021-05-10","303","PDR Ltd. d/b/a PublicDomainRegistry.com","whois.publicdomainregistry.com","http://www.publicdomainregistry.com","Joel Kazoba","INFOSEC (T) LIMITED","Kinondoni","Dar es salaam","Tanzania","11000","Tanzania","sudojoka.py@gmail.com","+255.714758502","","Joel Kazoba","INFOSEC (T) LIMITED","Kinondoni","Dar es salaam","Tanzania","11000","Tanzania","sudojoka.py@gmail.com","+255.714758502","","Joel Kazoba","INFOSEC (T) LIMITED","Kinondoni","Dar es salaam","Tanzania","11000","Tanzania","sudojoka.py@gmail.com","+255.714758502","","","","","","","","","","","","ns1.kilihost.com","ns2.kilihost.com","","","clientTransferProhibited","","",""
"14","infquad.com","2020-05-13 21:01:19","2020-05-12","2020-05-12","2021-05-12","146","GoDaddy.com, LLC","whois.godaddy.com","http://registrar.godaddy.com","TheFNYB","TheFNYB","","","Dar es salaam","","Tanzania","","","","","","","","","","","","","","","","","","","","","","","","","","","","","","","","","","ns09.domaincontrol.com","ns10.domaincontrol.com","","","clientDeleteProhibited","clientRenewProhibited","clientTransferProhibited","clientUpdateProhibited"
"15","kdghwani.com","2020-05-13 09:05:48","2020-05-10","2020-05-10","2021-05-10","48","eNom, Inc.","whois.enom.com","http://www.enom.com","REDACTED FOR PRIVACY","REDACTED FOR PRIVACY","REDACTED FOR PRIVACY","REDACTED FOR PRIVACY","Ilala","REDACTED FOR PRIVACY","Tanzania","","REDACTED FOR PRIVACY","REDACTED FOR PRIVACY","REDACTED FOR PRIVACY","REDACTED FOR PRIVACY","REDACTED FOR PRIVACY","REDACTED FOR PRIVACY","REDACTED FOR PRIVACY","REDACTED FOR PRIVACY","REDACTED FOR PRIVACY","","REDACTED FOR PRIVACY","REDACTED FOR PRIVACY","REDACTED FOR PRIVACY","REDACTED FOR PRIVACY","REDACTED FOR PRIVACY","REDACTED FOR PRIVACY","REDACTED FOR PRIVACY","REDACTED FOR PRIVACY","REDACTED FOR PRIVACY","","REDACTED FOR PRIVACY","REDACTED FOR PRIVACY","","","","","","","","","","","ns1.gomotwebhost.com","ns2.gomotwebhost.com","","","addPeriod","clientTransferProhibited","",""
"16","kwazul-natalvideos.com","2020-05-13 20:50:57","2020-05-12","2020-05-12","2021-05-12","146","GoDaddy.com, LLC","whois.godaddy.com","http://registrar.godaddy.com","Web Tech Solution","Web Tech Solution","","","Tz","","Tanzania","","","","","","","","","","","","","","","","","","","","","","","","","","","","","","","","","","ns1.arvixeshared.com","ns2.arvixeshared.com","","","clientDeleteProhibited","clientRenewProhibited","clientTransferProhibited","clientUpdateProhibited"
"17","limpopovideo.com","2020-05-13 20:54:40","2020-05-12","2020-05-12","2021-05-12","146","GoDaddy.com, LLC","whois.godaddy.com","http://registrar.godaddy.com","Kayole IMFH","Kayole IMFH","","","Mwanza Region","","Tanzania","","","","","","","","","","","","","","","","","","","","","","","","","","","","","","","","","","ns1.arvixeshared.com","ns2.arvixeshared.com","","","clientDeleteProhibited","clientRenewProhibited","clientTransferProhibited","clientUpdateProhibited"
"18","linkuptz.com","2020-05-13 20:54:23","2020-05-12","2020-05-12","2021-05-12","146","GoDaddy.com, LLC","whois.godaddy.com","http://registrar.godaddy.com","","","","","dar es salam","","Tanzania","","","","","","","","","","","","","","","","","","","","","","","","","","","","","","","","","","ns09.domaincontrol.com","ns10.domaincontrol.com","","","clientDeleteProhibited","clientRenewProhibited","clientTransferProhibited","clientUpdateProhibited"
"19","massamillions.com","2020-05-13 20:50:18","2020-05-11","2020-05-11","2022-05-11","440","Wild West Domains, LLC","whois.wildwestdomains.com","http://www.wildwestdomains.com","","","","","dar es salaam","","Tanzania","","","","","","","","","","","","","","","","","","","","","","","","","","","","","","","","","","ns31.domaincontrol.com","ns32.domaincontrol.com","","","clientDeleteProhibited","clientRenewProhibited","clientTransferProhibited","clientUpdateProhibited"
"20","maticsmedia.com","2020-05-13 19:37:02","2020-05-12","2020-05-12","2021-05-12","146","GoDaddy.com, LLC","whois.godaddy.com","http://registrar.godaddy.com","","","","","Tanga","","Tanzania","","","","","","","","","","","","","","","","","","","","","","","","","","","","","","","","","","ns65.domaincontrol.com","ns66.domaincontrol.com","","","clientDeleteProhibited","clientRenewProhibited","clientTransferProhibited","clientUpdateProhibited"
"21","mayassuperslime.com","2020-05-13 09:00:34","2020-05-09","2020-05-09","2021-05-09","303","PDR Ltd. d/b/a PublicDomainRegistry.com","whois.publicdomainregistry.com","http://www.publicdomainregistry.com","Suhail Sheriff","Personal Account","328 Urambo Street, Upanga","Dar es Salaam","","20027","Tanzania","suhail.sheriff@afritrack.com","+255.786779995","","Suhail Sheriff","Personal Account","328 Urambo Street, Upanga","Dar es Salaam","","20027","Tanzania","suhail.sheriff@afritrack.com","+255.786779995","","Suhail Sheriff","Personal Account","328 Urambo Street, Upanga","Dar es Salaam","","20027","Tanzania","suhail.sheriff@afritrack.com","+255.786779995","","","","","","","","","","","","dns.tanzaniawebhosting.com","dns2.tanzaniawebhosting.com","","","clientTransferProhibited","","",""
"22","naribe.com","2020-05-13 20:51:39","2020-05-11","2020-05-11","2021-05-11","303","PDR Ltd. d/b/a PublicDomainRegistry.com","whois.publicdomainregistry.com","http://www.publicdomainregistry.com","Jackson Birore","","Kikuyu","Dodoma","Dodoma","41112","Tanzania","jacky.birore@gmail.com","+255.769808505","","Jackson Birore","","Kikuyu","Dodoma","Dodoma","41112","Tanzania","jacky.birore@gmail.com","+255.769808505","","Jackson Birore","","Kikuyu","Dodoma","Dodoma","41112","Tanzania","jacky.birore@gmail.com","+255.769808505","","","","","","","","","","","","ns1.routeafrica.net","ns2.routeafrica.net","","","clientTransferProhibited","","",""
"23","nasase.com","2020-05-13 18:01:22","2020-05-13","2020-05-13","2021-05-13","146","GoDaddy.com, LLC","whois.godaddy.com","http://registrar.godaddy.com","","","","","Mtwara Region","","Tanzania","","","","","","","","","","","","","","","","","","","","","","","","","","","","","","","","","","ns21.domaincontrol.com","ns22.domaincontrol.com","","","clientDeleteProhibited","clientRenewProhibited","clientTransferProhibited","clientUpdateProhibited"
"24","nattyfabrics.com","2020-05-13 06:57:56","2020-05-11","2020-05-11","2021-05-11","303","PDR Ltd. d/b/a PublicDomainRegistry.com","whois.publicdomainregistry.com","http://www.publicdomainregistry.com","BONIPHACE SALAMA","","Tabata Kisukuru","DAR ES SALAAM","DAR ES SALAAM","02550","Tanzania","boniphacesalama@gmail.com","+255.756045698","","BONIPHACE SALAMA","","Tabata Kisukuru","DAR ES SALAAM","DAR ES SALAAM","02550","Tanzania","boniphacesalama@gmail.com","+255.756045698","","BONIPHACE SALAMA","","Tabata Kisukuru","DAR ES SALAAM","DAR ES SALAAM","02550","Tanzania","boniphacesalama@gmail.com","+255.756045698","","","","","","","","","","","","ns12.yatosha.com","ns13.yatosha.com","","","clientTransferProhibited","","",""
"25","ndagatoursandsafaris.com","2020-05-13 11:00:35","2020-05-11","2020-05-11","2021-05-11","303","PDR Ltd. d/b/a PublicDomainRegistry.com","whois.publicdomainregistry.com","http://www.publicdomainregistry.com","Julius Nyange","","1391","Moshi","Tanzania","33000","Tanzania","jaynevy01@gmail.com","+255.764041100","","Julius Nyange","","1391","Moshi","Tanzania","33000","Tanzania","jaynevy01@gmail.com","+255.764041100","","Julius Nyange","","1391","Moshi","Tanzania","33000","Tanzania","jaynevy01@gmail.com","+255.764041100","","","","","","","","","","","","ns1.kilihost.com","ns2.kilihost.com","","","clientTransferProhibited","","",""
"26","nyumbayamichezo.com","2020-05-13 10:56:56","2020-05-11","2020-05-11","2021-05-11","146","GoDaddy.com, LLC","whois.godaddy.com","http://registrar.godaddy.com","","","","","kigoma","","Tanzania","","","","","","","","","","","","","","","","","","","","","","","","","","","","","","","","","","ns1.vultr.com","ns2.vultr.com","","","clientDeleteProhibited","clientRenewProhibited","clientTransferProhibited","clientUpdateProhibited"
"27","o4tvmovies.com","2020-05-13 10:07:05","2020-05-10","2020-05-10","2021-05-10","146","GoDaddy.com, LLC","whois.godaddy.com","http://registrar.godaddy.com","orbit","orbit","","","Mbeya Region","","Tanzania","","","","","","","","","","","","","","","","","","","","","","","","","","","","","","","","","","alina.ns.cloudflare.com","derek.ns.cloudflare.com","","","clientDeleteProhibited","clientRenewProhibited","clientTransferProhibited","clientUpdateProhibited"
"28","pelegraphics.com","2020-05-13 11:01:36","2020-05-11","2020-05-11","2021-05-11","106","Ascio Technologies, Inc. Danmark - Filial af Ascio technologies, Inc. USA","whois.ascio.com","http://www.ascio.com","Not Disclosed","Not Disclosed","Not Disclosed","Not Disclosed","","Not Disclosed","Tanzania","","Not Disclosed","Not Disclosed","Not Disclosed","Not Disclosed","Not Disclosed","Not Disclosed","Not Disclosed","Not Disclosed","Not Disclosed","","Not Disclosed","Not Disclosed","Not Disclosed","Not Disclosed","Not Disclosed","Not Disclosed","Not Disclosed","Not Disclosed","Not Disclosed","","Not Disclosed","Not Disclosed","","","","","","","","","","","dns1.123hjemmeside.dk","dns2.123hjemmeside.dk","dns3.123hjemmeside.dk","","OK","","",""
"29","projectsnewshub.com","2020-05-13 09:19:01","2020-05-09","2020-05-09","2021-05-09","303","PDR Ltd. d/b/a PublicDomainRegistry.com","whois.publicdomainregistry.com","http://www.publicdomainregistry.com","Projects Hub","Projects Hub","P.O. Box 1027","Kilimanjaro","Moshi","25000","Tanzania","projectsnewshub@gmail.com","+255.752796020","","Projects Hub","Projects Hub","P.O. Box 1027","Kilimanjaro","Moshi","25000","Tanzania","projectsnewshub@gmail.com","+255.752796020","","Projects Hub","Projects Hub","P.O. Box 1027","Kilimanjaro","Moshi","25000","Tanzania","projectsnewshub@gmail.com","+255.752796020","","","","","","","","","","","","ns1.dns-parking.com","ns2.dns-parking.com","","","clientTransferProhibited","","",""
"30","r10studios.com","2020-05-13 09:11:09","2020-05-10","2020-05-10","2021-05-10","303","PDR Ltd. d/b/a PublicDomainRegistry.com","whois.publicdomainregistry.com","http://www.publicdomainregistry.com","Herbert Lucian","R10studios","Mbezi beach Bondeni Street","Dar es salaam","Dar","32487","Tanzania","herb.lucian007@gmail.com","+255.715428030","","Herbert Lucian","R10studios","Mbezi beach Bondeni Street","Dar es salaam","Dar","32487","Tanzania","herb.lucian007@gmail.com","+255.715428030","","Herbert Lucian","R10studios","Mbezi beach Bondeni Street","Dar es salaam","Dar","32487","Tanzania","herb.lucian007@gmail.com","+255.715428030","","","","","","","","","","","","dns.tanzaniawebhosting.com","dns2.tanzaniawebhosting.com","","","clientTransferProhibited","","",""
"31","ramaphosafoundation.com","2020-05-13 19:56:08","2020-05-12","2020-05-12","2021-05-12","146","GoDaddy.com, LLC","whois.godaddy.com","http://registrar.godaddy.com","NGO","NGO","","","Durban","","Tanzania","","","","","","","","","","","","","","","","","","","","","","","","","","","","","","","","","","ns1.arvixeshared.com","ns2.arvixeshared.com","","","clientDeleteProhibited","clientRenewProhibited","clientTransferProhibited","clientUpdateProhibited"
"32","roluxsafaris.com","2020-05-13 11:09:44","2020-05-11","2020-05-11","2021-05-11","303","PDR Ltd. d/b/a PublicDomainRegistry.com","whois.publicdomainregistry.com","http://www.publicdomainregistry.com","Steven Njau","sechapx","Wachaga street","Arusha","Arusha","16430","Tanzania","stvnnj@gmail.com","+255.765939287","","Dudumizi Technologies","Duhosting Web Services","2nd floor Nyuki House Tegeta Nyuki","Dar es Salaam","","60170","Tanzania","info@dudumizi.co.tz","+255.768816728","","Dudumizi Technologies","Duhosting Web Services","2nd floor Nyuki House Tegeta Nyuki","Dar es Salaam","","60170","Tanzania","info@dudumizi.co.tz","+255.768816728","","","","","","","","","","","","ns1.bluehost.com","ns2.bluehost.com","","","clientTransferProhibited","","",""
"33","shoppingclimax.com","2020-05-13 07:17:07","2020-05-11","2020-05-11","2021-05-11","69","Tucows Domains Inc.","whois.tucows.com","http://domainhelp.opensrs.net","REDACTED FOR PRIVACY","REDACTED FOR PRIVACY","REDACTED FOR PRIVACY","REDACTED FOR PRIVACY","DAR ES SALAAM","REDACTED FOR PRIVACY","Tanzania","","REDACTED FOR PRIVACY","REDACTED FOR PRIVACY","REDACTED FOR PRIVACY","REDACTED FOR PRIVACY","REDACTED FOR PRIVACY","REDACTED FOR PRIVACY","REDACTED FOR PRIVACY","REDACTED FOR PRIVACY","REDACTED FOR PRIVACY","","REDACTED FOR PRIVACY","REDACTED FOR PRIVACY","REDACTED FOR PRIVACY","REDACTED FOR PRIVACY","REDACTED FOR PRIVACY","REDACTED FOR PRIVACY","REDACTED FOR PRIVACY","REDACTED FOR PRIVACY","REDACTED FOR PRIVACY","","REDACTED FOR PRIVACY","REDACTED FOR PRIVACY","","","","","","","","","","","dns2040a.trouble-free.net","dns2040b.trouble-free.net","","","OK","","",""
"34","thefnyb.com","2020-05-13 21:01:29","2020-05-12","2020-05-12","2021-05-12","146","GoDaddy.com, LLC","whois.godaddy.com","http://registrar.godaddy.com","TheFNYB","TheFNYB","","","Dar es salaam","","Tanzania","","","","","","","","","","","","","","","","","","","","","","","","","","","","","","","","","","ns31.domaincontrol.com","ns32.domaincontrol.com","","","clientDeleteProhibited","clientRenewProhibited","clientTransferProhibited","clientUpdateProhibited"
"35","truehopeisgod.com","2020-05-13 09:35:00","2020-05-09","2020-05-09","2021-05-09","146","GoDaddy.com, LLC","whois.godaddy.com","http://registrar.godaddy.com","THIG","THIG","","","dar es salaam","","Tanzania","","","","","","","","","","","","","","","","","","","","","","","","","","","","","","","","","","ns55.domaincontrol.com","ns56.domaincontrol.com","","","clientDeleteProhibited","clientRenewProhibited","clientTransferProhibited","clientUpdateProhibited"
"36","turashashe.com","2020-05-13 20:48:21","2020-05-11","2020-05-11","2021-05-11","146","GoDaddy.com, LLC","whois.godaddy.com","http://registrar.godaddy.com","Jerome LTD","Jerome LTD","","","Mwanza Region","","Tanzania","","","","","","","","","","","","","","","","","","","","","","","","","","","","","","","","","","ns1.arvixeshared.com","ns2.arvixeshared.com","","","clientDeleteProhibited","clientRenewProhibited","clientTransferProhibited","clientUpdateProhibited"
"37","unasmartica.com","2020-05-13 20:41:59","2020-05-12","2020-05-12","2021-05-12","146","GoDaddy.com, LLC","whois.godaddy.com","http://registrar.godaddy.com","","","","","Tanzania","","Tanzania","","","","","","","","","","","","","","","","","","","","","","","","","","","","","","","","","","ns65.domaincontrol.com","ns66.domaincontrol.com","","","clientDeleteProhibited","clientRenewProhibited","clientTransferProhibited","clientUpdateProhibited"