"num","domain_name","query_time","create_date","update_date","expiry_date","domain_registrar_id","domain_registrar_name","domain_registrar_whois","domain_registrar_url","registrant_name","registrant_company","registrant_address","registrant_city","registrant_state","registrant_zip","registrant_country","registrant_email","registrant_phone","registrant_fax","administrative_name","administrative_company","administrative_address","administrative_city","administrative_state","administrative_zip","administrative_country","administrative_email","administrative_phone","administrative_fax","technical_name","technical_company","technical_address","technical_city","technical_state","technical_zip","technical_country","technical_email","technical_phone","technical_fax","billing_name","billing_company","billing_address","billing_city","billing_state","billing_zip","billing_country","billing_email","billing_phone","billing_fax","name_server_1","name_server_2","name_server_3","name_server_4","domain_status_1","domain_status_2","domain_status_3","domain_status_4"
"1","dairyofpub.com","2020-05-13 09:56:20","2020-05-10","2020-05-10","2021-05-10","1630","Ligne Web Services SARL","whois.nic.fr","http://www.ait.com","","","","","","","Togo","396988b369588bff04796fe8e49dd438@whois-anonymous.com","","","","","","","","","Togo","396988b369588bff04796fe8e49dd438@whois-anonymous.com","","","","","","","","","Togo","396988b369588bff04796fe8e49dd438@whois-anonymous.com","","","","","","","","","Togo","396988b369588bff04796fe8e49dd438@whois-anonymous.com","","","","","","","More","clientTransferProhibited","informations","on"
"2","hslyoo.com","2020-05-13 21:04:05","2020-05-12","2020-05-12","2021-05-12","303","PDR Ltd. d/b/a PublicDomainRegistry.com","whois.publicdomainregistry.com","http://www.publicdomainregistry.com","zhang fei","guizhou","guiyang guiyuangshi","guiyang","birulu888hao","550000","Togo","chaoliubi888@163.com","+228.13286557146","","zhang fei","guizhou","guiyang guiyuangshi","guiyang","birulu888hao","550000","Togo","chaoliubi888@163.com","+228.13286557146","","zhang fei","guizhou","guiyang guiyuangshi","guiyang","birulu888hao","550000","Togo","chaoliubi888@163.com","+228.13286557146","","","","","","","","","","","","hostease.earth.orderbox-dns.com","hostease.mars.orderbox-dns.com","hostease.mercury.orderbox-dns.com","hostease.venus.orderbox-dns.com","clientTransferProhibited","","",""
"3","kiakonye.com","2020-05-13 11:00:22","2020-05-11","2020-05-11","2021-05-11","1630","Ligne Web Services SARL","whois.nic.fr","http://www.ait.com","","","","","","","Togo","c9e911cfb42608ee7a598f0825af6b83@whois-anonymous.com","","","","","","","","","Togo","c9e911cfb42608ee7a598f0825af6b83@whois-anonymous.com","","","","","","","","","Togo","c9e911cfb42608ee7a598f0825af6b83@whois-anonymous.com","","","","","","","","","Togo","c9e911cfb42608ee7a598f0825af6b83@whois-anonymous.com","","","ns1.lwsdns.com","ns2.lwsdns.com","ns3.lwsdns.com","ns4.lwsdns.com","More","clientTransferProhibited","informations","on"
"4","lloygroup.com","2020-05-13 11:10:33","2020-05-11","2020-05-11","2021-05-11","1630","Ligne Web Services SARL","whois.nic.fr","http://www.ait.com","","","","","","","Togo","b520755d2fec383f456636728d0f6bb6@whois-anonymous.com","","","","","","","","","Togo","b520755d2fec383f456636728d0f6bb6@whois-anonymous.com","","","","","","","","","Togo","b520755d2fec383f456636728d0f6bb6@whois-anonymous.com","","","","","","","","","Togo","b520755d2fec383f456636728d0f6bb6@whois-anonymous.com","","","","","","","More","clientTransferProhibited","informations","on"
"5","magnifique-shopping.com","2020-05-13 06:59:02","2020-05-11","2020-05-11","2021-05-11","303","PDR Ltd. d/b/a PublicDomainRegistry.com","whois.publicdomainregistry.com","http://www.publicdomainregistry.com","Leons Kennedy","","rue des cerises","Lille","lille","40300","Togo","losken22@gmail.com","+228.671900442","","Leons Kennedy","","rue des cerises","Lille","lille","40300","Togo","losken22@gmail.com","+228.671900442","","Leons Kennedy","","rue des cerises","Lille","lille","40300","Togo","losken22@gmail.com","+228.671900442","","","","","","","","","","","","ns1.thcservers.com","ns2.thcservers.com","ns3.thcservers.com","ns4.thcservers.com","clientTransferProhibited","","",""
"6","miadetv.com","2020-05-13 20:05:37","2020-05-12","2020-05-12","2021-05-12","74","Online SAS","whois.bookmyname.com","http://www.bookmyname.com","REDACTED FOR PRIVACY","","REDACTED FOR PRIVACY","REDACTED FOR PRIVACY","","REDACTED FOR PRIVACY","Togo","fad846dc1847d6ba.1563156@spamfree.bookmyname.com","REDACTED FOR PRIVACY","REDACTED FOR PRIVACY","Alexandre YEPES","O2SWITCH","222 Boulevard Gustave Flaubert, For Customer","CLERMONT FERRAND","","63000","France","dns-nospam@o2switch.fr","+33.444446040","+33.444446041","Alexandre YEPES","O2SWITCH","222 Boulevard Gustave Flaubert, For Customer","CLERMONT FERRAND","","63000","France","dns-nospam@o2switch.fr","+33.444446040","+33.444446041","","","","","","","","","","","ns1.o2switch.net","ns2.o2switch.net","","","clientTransferProhibited","","",""
"7","mmsrd-togo.com","2020-05-13 11:09:28","2020-05-11","2020-05-11","2021-05-11","1630","Ligne Web Services SARL","whois.nic.fr","http://www.ait.com","","","","","","","Togo","57377d95e4b0048935fb083aefc023ef@whois-anonymous.com","","","","","","","","","Togo","57377d95e4b0048935fb083aefc023ef@whois-anonymous.com","","","","","","","","","Togo","57377d95e4b0048935fb083aefc023ef@whois-anonymous.com","","","","","","","","","Togo","57377d95e4b0048935fb083aefc023ef@whois-anonymous.com","","","","","","","More","clientTransferProhibited","informations","on"
"8","piamcity.com","2020-05-13 11:02:18","2020-05-11","2020-05-11","2021-05-11","433","OVH sas","whois.ovh.com","http://www.ovh.com","REDACTED FOR PRIVACY","NOORAZI","REDACTED FOR PRIVACY","REDACTED FOR PRIVACY","","REDACTED FOR PRIVACY","Togo","wr43nw76dx2pdjwn5eyw@f.o-w-o.info","REDACTED FOR PRIVACY","REDACTED FOR PRIVACY","REDACTED FOR PRIVACY","REDACTED FOR PRIVACY","REDACTED FOR PRIVACY","REDACTED FOR PRIVACY","REDACTED FOR PRIVACY","REDACTED FOR PRIVACY","REDACTED FOR PRIVACY","dq0j1pmzle6v30e18pvq@a.o-w-o.info","REDACTED FOR PRIVACY","REDACTED FOR PRIVACY","REDACTED FOR PRIVACY","REDACTED FOR PRIVACY","REDACTED FOR PRIVACY","REDACTED FOR PRIVACY","REDACTED FOR PRIVACY","REDACTED FOR PRIVACY","REDACTED FOR PRIVACY","dq0j1pmzle6v30e18pvq@a.o-w-o.info","REDACTED FOR PRIVACY","REDACTED FOR PRIVACY","","","","","","","","","","","dns109.ovh.net","ns109.ovh.net","","","clientDeleteProhibited","clientTransferProhibited","",""
"9","piamcoin.com","2020-05-13 11:02:08","2020-05-11","2020-05-11","2021-05-11","433","OVH sas","whois.ovh.com","http://www.ovh.com","REDACTED FOR PRIVACY","NOORAZI","REDACTED FOR PRIVACY","REDACTED FOR PRIVACY","","REDACTED FOR PRIVACY","Togo","rvly2miap0ji4h7dpa1o@p.o-w-o.info","REDACTED FOR PRIVACY","REDACTED FOR PRIVACY","REDACTED FOR PRIVACY","REDACTED FOR PRIVACY","REDACTED FOR PRIVACY","REDACTED FOR PRIVACY","REDACTED FOR PRIVACY","REDACTED FOR PRIVACY","REDACTED FOR PRIVACY","dq0j1pmzle6v30e18pvq@a.o-w-o.info","REDACTED FOR PRIVACY","REDACTED FOR PRIVACY","REDACTED FOR PRIVACY","REDACTED FOR PRIVACY","REDACTED FOR PRIVACY","REDACTED FOR PRIVACY","REDACTED FOR PRIVACY","REDACTED FOR PRIVACY","REDACTED FOR PRIVACY","dq0j1pmzle6v30e18pvq@a.o-w-o.info","REDACTED FOR PRIVACY","REDACTED FOR PRIVACY","","","","","","","","","","","dns109.ovh.net","ns109.ovh.net","","","clientDeleteProhibited","clientTransferProhibited","",""
"10","togolomebaguida.com","2020-05-13 07:16:47","2020-05-11","2020-05-11","2021-05-11","303","PDR Ltd. d/b/a PublicDomainRegistry.com","whois.publicdomainregistry.com","http://www.publicdomainregistry.com","Kolade Kazeem","Kolade Kazeem","58 house","baguida","lome","00228","Togo","brightennstar@yahoo.com","+228.98747328","","Kolade Kazeem","Kolade Kazeem","58 house","baguida","lome","00228","Togo","brightennstar@yahoo.com","+228.98747328","","Kolade Kazeem","Kolade Kazeem","58 house","baguida","lome","00228","Togo","brightennstar@yahoo.com","+228.98747328","","","","","","","","","","","","ns1.hosting24.com","ns2.hosting24.com","","","clientTransferProhibited","","",""
"11","tradelinkenterprise.com","2020-05-13 20:10:19","2020-05-12","2020-05-12","2021-05-12","69","Tucows Domains Inc.","whois.tucows.com","http://domainhelp.opensrs.net","REDACTED FOR PRIVACY","REDACTED FOR PRIVACY","REDACTED FOR PRIVACY","REDACTED FOR PRIVACY","Gauteng","REDACTED FOR PRIVACY","Togo","","REDACTED FOR PRIVACY","REDACTED FOR PRIVACY","REDACTED FOR PRIVACY","REDACTED FOR PRIVACY","REDACTED FOR PRIVACY","REDACTED FOR PRIVACY","REDACTED FOR PRIVACY","REDACTED FOR PRIVACY","REDACTED FOR PRIVACY","","REDACTED FOR PRIVACY","REDACTED FOR PRIVACY","REDACTED FOR PRIVACY","REDACTED FOR PRIVACY","REDACTED FOR PRIVACY","REDACTED FOR PRIVACY","REDACTED FOR PRIVACY","REDACTED FOR PRIVACY","REDACTED FOR PRIVACY","","REDACTED FOR PRIVACY","REDACTED FOR PRIVACY","","","","","","","","","","","ns.dns1.co.za","ns.dns2.co.za","ns.otherdns.com","ns.otherdns.net","clientTransferProhibited","clientUpdateProhibited","",""
"12","ucaonews.com","2020-05-13 19:48:07","2020-05-11","2020-05-11","2021-05-11","303","PDR Ltd. d/b/a PublicDomainRegistry.com","whois.publicdomainregistry.com","http://www.publicdomainregistry.com","Ibrahim Sory DIALLO","Ibrahim Sory DIALLO","Agoe assiyeye","Lome","Maritime","Bp'togo","Togo","ibrahimsorydiallo1990@gmail.com","+228.91019939","","Ibrahim Sory DIALLO","Ibrahim Sory DIALLO","Agoe assiyeye","Lome","Maritime","Bp'togo","Togo","ibrahimsorydiallo1990@gmail.com","+228.91019939","","Ibrahim Sory DIALLO","Ibrahim Sory DIALLO","Agoe assiyeye","Lome","Maritime","Bp'togo","Togo","ibrahimsorydiallo1990@gmail.com","+228.91019939","","","","","","","","","","","","ns1.dns-parking.com","ns2.dns-parking.com","","","clientTransferProhibited","","",""
"13","youjustdeyblowmymindbaby.com","2020-05-13 07:29:54","2020-05-11","2020-05-11","2021-05-11","303","PDR Ltd. d/b/a PublicDomainRegistry.com","whois.publicdomainregistry.com","http://www.publicdomainregistry.com","Kolade Kazeem","Kolade Kazeem","58 house","baguida","lome","00228","Togo","brightennstar@yahoo.com","+228.98747328","","Kolade Kazeem","Kolade Kazeem","58 house","baguida","lome","00228","Togo","brightennstar@yahoo.com","+228.98747328","","Kolade Kazeem","Kolade Kazeem","58 house","baguida","lome","00228","Togo","brightennstar@yahoo.com","+228.98747328","","","","","","","","","","","","ns1.hosting24.com","ns2.hosting24.com","","","clientTransferProhibited","","",""
"14","yvestg.com","2020-05-13 10:54:39","2020-05-11","2020-05-11","2021-05-11","146","GoDaddy.com, LLC","whois.godaddy.com","http://registrar.godaddy.com","Personnel","Personnel","","","Togo","","Togo","","","","","","","","","","","","","","","","","","","","","","","","","","","","","","","","","","ns3.l4dns.com","ns4.l4dns.com","","","clientDeleteProhibited","clientRenewProhibited","clientTransferProhibited","clientUpdateProhibited"