"num","domain_name","query_time","create_date","update_date","expiry_date","domain_registrar_id","domain_registrar_name","domain_registrar_whois","domain_registrar_url","registrant_name","registrant_company","registrant_address","registrant_city","registrant_state","registrant_zip","registrant_country","registrant_email","registrant_phone","registrant_fax","administrative_name","administrative_company","administrative_address","administrative_city","administrative_state","administrative_zip","administrative_country","administrative_email","administrative_phone","administrative_fax","technical_name","technical_company","technical_address","technical_city","technical_state","technical_zip","technical_country","technical_email","technical_phone","technical_fax","billing_name","billing_company","billing_address","billing_city","billing_state","billing_zip","billing_country","billing_email","billing_phone","billing_fax","name_server_1","name_server_2","name_server_3","name_server_4","domain_status_1","domain_status_2","domain_status_3","domain_status_4"
"1","2030gospel.com","2020-05-13 09:07:47","2020-05-10","2020-05-10","2021-05-10","146","GoDaddy.com, LLC","whois.godaddy.com","http://registrar.godaddy.com","iAx Group Ltd","iAx Group Ltd","","","uganda","","Uganda","","","","","","","","","","","","","","","","","","","","","","","","","","","","","","","","","","ns1333.websitewelcome.com","ns1334.websitewelcome.com","","","clientDeleteProhibited","clientRenewProhibited","clientTransferProhibited","clientUpdateProhibited"
"2","analogyseeker.com","2020-05-13 19:31:58","2020-05-12","2020-05-12","2021-05-12","886","Domain.com, LLC","whois.domain.com","http://www.domain.com","REDACTED FOR PRIVACY","REDACTED FOR PRIVACY","REDACTED FOR PRIVACY","REDACTED FOR PRIVACY","NA","REDACTED FOR PRIVACY","Uganda","","REDACTED FOR PRIVACY","REDACTED FOR PRIVACY","REDACTED FOR PRIVACY","REDACTED FOR PRIVACY","REDACTED FOR PRIVACY","REDACTED FOR PRIVACY","REDACTED FOR PRIVACY","REDACTED FOR PRIVACY","REDACTED FOR PRIVACY","","REDACTED FOR PRIVACY","REDACTED FOR PRIVACY","REDACTED FOR PRIVACY","REDACTED FOR PRIVACY","REDACTED FOR PRIVACY","REDACTED FOR PRIVACY","REDACTED FOR PRIVACY","REDACTED FOR PRIVACY","REDACTED FOR PRIVACY","","REDACTED FOR PRIVACY","REDACTED FOR PRIVACY","","","","","","","","","","","ns1.domain.com","ns2.domain.com","","","","","",""
"3","aventyrafrica.com","2020-05-13 08:05:36","2020-05-10","2020-05-11","2021-05-10","69","Tucows Domains Inc.","whois.tucows.com","http://domainhelp.opensrs.net","REDACTED FOR PRIVACY","REDACTED FOR PRIVACY","REDACTED FOR PRIVACY","REDACTED FOR PRIVACY","Uganda","REDACTED FOR PRIVACY","Uganda","","REDACTED FOR PRIVACY","REDACTED FOR PRIVACY","REDACTED FOR PRIVACY","REDACTED FOR PRIVACY","REDACTED FOR PRIVACY","REDACTED FOR PRIVACY","REDACTED FOR PRIVACY","REDACTED FOR PRIVACY","REDACTED FOR PRIVACY","","REDACTED FOR PRIVACY","REDACTED FOR PRIVACY","REDACTED FOR PRIVACY","REDACTED FOR PRIVACY","REDACTED FOR PRIVACY","REDACTED FOR PRIVACY","REDACTED FOR PRIVACY","REDACTED FOR PRIVACY","REDACTED FOR PRIVACY","","REDACTED FOR PRIVACY","REDACTED FOR PRIVACY","","","","","","","","","","","ns1.systemdns.com","ns2.systemdns.com","ns3.systemdns.com","","","","",""
"4","bakargraphix.com","2020-05-13 20:43:42","2020-05-12","2020-05-12","2021-05-12","106","Ascio Technologies, Inc. Danmark - Filial af Ascio technologies, Inc. USA","whois.ascio.com","http://www.ascio.com","Not Disclosed","Not Disclosed","Not Disclosed","Not Disclosed","","Not Disclosed","Uganda","","Not Disclosed","Not Disclosed","Not Disclosed","Not Disclosed","Not Disclosed","Not Disclosed","Not Disclosed","Not Disclosed","Not Disclosed","","Not Disclosed","Not Disclosed","Not Disclosed","Not Disclosed","Not Disclosed","Not Disclosed","Not Disclosed","Not Disclosed","Not Disclosed","","Not Disclosed","Not Disclosed","","","","","","","","","","","dns1.123hjemmeside.dk","dns2.123hjemmeside.dk","dns3.123hjemmeside.dk","","OK","","",""
"5","bhssocial.com","2020-05-13 09:30:22","2020-05-09","2020-05-10","2021-05-09","1479","Namesilo, LLC","whois.namesilo.com","http://www.namesilo.com","Bob Patrick","","GHANA KANESHIE","ACCRA","NILE","00256","Uganda","lds.oweka@gmail.com","+256.779676642","","Bob Patrick","","GHANA KANESHIE","ACCRA","NILE","00256","Uganda","lds.oweka@gmail.com","+256.779676642","","Bob Patrick","","GHANA KANESHIE","ACCRA","NILE","00256","Uganda","lds.oweka@gmail.com","+256.779676642","","","","","","","","","","","","chuck.ns.cloudflare.com","cloe.ns.cloudflare.com","","","clientTransferProhibited","","",""
"6","bweyogereress.net","2020-05-13 19:08:50","2020-05-11","2020-05-11","2021-05-11","69","Tucows Domains Inc.","whois.tucows.com","http://domainhelp.opensrs.net","REDACTED FOR PRIVACY","REDACTED FOR PRIVACY","REDACTED FOR PRIVACY","REDACTED FOR PRIVACY","ce","REDACTED FOR PRIVACY","Uganda","","REDACTED FOR PRIVACY","REDACTED FOR PRIVACY","REDACTED FOR PRIVACY","REDACTED FOR PRIVACY","REDACTED FOR PRIVACY","REDACTED FOR PRIVACY","REDACTED FOR PRIVACY","REDACTED FOR PRIVACY","REDACTED FOR PRIVACY","","REDACTED FOR PRIVACY","REDACTED FOR PRIVACY","REDACTED FOR PRIVACY","REDACTED FOR PRIVACY","REDACTED FOR PRIVACY","REDACTED FOR PRIVACY","REDACTED FOR PRIVACY","REDACTED FOR PRIVACY","REDACTED FOR PRIVACY","","REDACTED FOR PRIVACY","REDACTED FOR PRIVACY","","","","","","","","","","","ns1.site4now.net","ns2.site4now.net","ns3.site4now.net","","OK","","",""
"7","countryinn-masindi.com","2020-05-13 20:52:36","2020-05-12","2020-05-12","2021-05-12","3775","ALIBABA.COM SINGAPORE E-COMMERCE PRIVATE LIMITED","","","","","","","Central","","Uganda","","","","","","","","","","","","","","","","","","","","","","","","","","","","","","","","","","ns1.worldispcloud.com","ns2.worldispcloud.com","","","OK","","",""
"8","crystalmindug.com","2020-05-13 19:40:16","2020-05-12","2020-05-12","2021-05-12","1564","TLD Registrar Solutions Ltd.","whois.tldregistrarsolutions.com","http://www.tldregistrarsolutions.com","Not disclosed Not disclosed","Killasites Digital Systems Ltd","26 Mawanda Rd, Kamwokya","Kampala","North","256","Uganda","5b36fbf8d0611fb5f2fb579a520b385d.gdrp@customers.whoisprivacycorp.com","+1.5163872248","","Not disclosed Not disclosed","Killasites Digital Systems Ltd","26 Mawanda Rd, Kamwokya","Kampala","North","256","Uganda","5b36fbf8d0611fb5f2fb579a520b385d.gdrp@customers.whoisprivacycorp.com","+1.5163872248","","Not disclosed Not disclosed","Killasites Digital Systems Ltd","26 Mawanda Rd, Kamwokya","Kampala","North","256","Uganda","5b36fbf8d0611fb5f2fb579a520b385d.gdrp@customers.whoisprivacycorp.com","+1.5163872248","","","","","","","","","","","","ns1.kweracodes.com","ns2.kweracodes.com","","","clientTransferProhibited","ok","",""
"9","detailservicesusa.com","2020-05-13 09:35:44","2020-05-09","2020-05-09","2021-05-09","146","GoDaddy.com, LLC","whois.godaddy.com","http://registrar.godaddy.com","","","","","AL","","Uganda","","","","","","","","","","","","","","","","","","","","","","","","","","","","","","","","","","ns45.domaincontrol.com","ns46.domaincontrol.com","","","clientDeleteProhibited","clientRenewProhibited","clientTransferProhibited","clientUpdateProhibited"
"10","engeniumchemicalscorp.com","2020-05-13 10:49:16","2020-05-10","2020-05-10","2021-05-10","440","Wild West Domains, LLC","whois.wildwestdomains.com","http://www.wildwestdomains.com","Seven Domains","Seven Domains","","","Central","","Uganda","","","","","","","","","","","","","","","","","","","","","","","","","","","","","","","","","","ns727.dimedns.com","ns728.dimedns.com","","","clientDeleteProhibited","clientRenewProhibited","clientTransferProhibited","clientUpdateProhibited"
"11","evropart.net","2020-05-14 00:10:16","2020-05-11","2020-05-11","2021-05-11","303","PDR Ltd. d/b/a PublicDomainRegistry.com","whois.publicdomainregistry.com","http://www.publicdomainregistry.com","lace invest","","military","kampala","kampala","00256","Uganda","tdptcw@gmail.com","+256.802154346754","","lace invest","","military","kampala","kampala","00256","Uganda","tdptcw@gmail.com","+256.802154346754","","lace invest","","military","kampala","kampala","00256","Uganda","tdptcw@gmail.com","+256.802154346754","","","","","","","","","","","","earth.monovm.com","mars.monovm.com","mercury.monovm.com","venus.monovm.com","clientTransferProhibited","","",""
"12","glowsofaarushi.com","2020-05-13 10:02:40","2020-05-10","2020-05-10","2021-05-10","303","PDR Ltd. d/b/a PublicDomainRegistry.com","whois.publicdomainregistry.com","http://www.publicdomainregistry.com","Satish   Guna","","Kampala","Kampala","Kampala","256","Uganda","satish.guna@gmail.com","+256.751755204","","Satish   Guna","","Kampala","Kampala","Kampala","256","Uganda","satish.guna@gmail.com","+256.751755204","","Satish   Guna","","Kampala","Kampala","Kampala","256","Uganda","satish.guna@gmail.com","+256.751755204","","","","","","","","","","","","ns1.africahostnetwork.com","ns2.africahostnetwork.com","","","clientTransferProhibited","","",""
"13","godfathersgroup.com","2020-05-13 20:42:29","2020-05-11","2020-05-11","2021-05-11","1472","LiquidNet Ltd.","whois.liquidnetlimited.com","http://www.liquidnetlimited.com","REDACTED FOR PRIVACY","REDACTED FOR PRIVACY","REDACTED FOR PRIVACY","REDACTED FOR PRIVACY","Central","REDACTED FOR PRIVACY","Uganda","","REDACTED FOR PRIVACY","REDACTED FOR PRIVACY","REDACTED FOR PRIVACY","REDACTED FOR PRIVACY","REDACTED FOR PRIVACY","REDACTED FOR PRIVACY","REDACTED FOR PRIVACY","REDACTED FOR PRIVACY","REDACTED FOR PRIVACY","","REDACTED FOR PRIVACY","REDACTED FOR PRIVACY","REDACTED FOR PRIVACY","REDACTED FOR PRIVACY","REDACTED FOR PRIVACY","REDACTED FOR PRIVACY","REDACTED FOR PRIVACY","REDACTED FOR PRIVACY","REDACTED FOR PRIVACY","","REDACTED FOR PRIVACY","REDACTED FOR PRIVACY","","","","","","","","","","","dns1.supremepanel.com","dns2.supremepanel.com","","","addPeriod","clientTransferProhibited","",""
"14","hiltonfoodgroupuk.com","2020-05-13 20:45:28","2020-05-12","2020-05-12","2021-05-12","1472","LiquidNet Ltd.","whois.liquidnetlimited.com","http://www.liquidnetlimited.com","REDACTED FOR PRIVACY","REDACTED FOR PRIVACY","REDACTED FOR PRIVACY","REDACTED FOR PRIVACY","LONDON","REDACTED FOR PRIVACY","Uganda","","REDACTED FOR PRIVACY","REDACTED FOR PRIVACY","REDACTED FOR PRIVACY","REDACTED FOR PRIVACY","REDACTED FOR PRIVACY","REDACTED FOR PRIVACY","REDACTED FOR PRIVACY","REDACTED FOR PRIVACY","REDACTED FOR PRIVACY","","REDACTED FOR PRIVACY","REDACTED FOR PRIVACY","REDACTED FOR PRIVACY","REDACTED FOR PRIVACY","REDACTED FOR PRIVACY","REDACTED FOR PRIVACY","REDACTED FOR PRIVACY","REDACTED FOR PRIVACY","REDACTED FOR PRIVACY","","REDACTED FOR PRIVACY","REDACTED FOR PRIVACY","","","","","","","","","","","dns1.supremedns.com","dns2.supremedns.com","dns3.supremedns.com","dns4.supremedns.com","clientTransferProhibited","","",""
"15","iconbrandstore.net","2020-05-14 00:09:01","2020-05-12","2020-05-12","2021-05-12","69","Tucows Domains Inc.","whois.tucows.com","http://domainhelp.opensrs.net","REDACTED FOR PRIVACY","REDACTED FOR PRIVACY","REDACTED FOR PRIVACY","REDACTED FOR PRIVACY","Kampala","REDACTED FOR PRIVACY","Uganda","","REDACTED FOR PRIVACY","REDACTED FOR PRIVACY","REDACTED FOR PRIVACY","REDACTED FOR PRIVACY","REDACTED FOR PRIVACY","REDACTED FOR PRIVACY","REDACTED FOR PRIVACY","REDACTED FOR PRIVACY","REDACTED FOR PRIVACY","","REDACTED FOR PRIVACY","REDACTED FOR PRIVACY","REDACTED FOR PRIVACY","REDACTED FOR PRIVACY","REDACTED FOR PRIVACY","REDACTED FOR PRIVACY","REDACTED FOR PRIVACY","REDACTED FOR PRIVACY","REDACTED FOR PRIVACY","","REDACTED FOR PRIVACY","REDACTED FOR PRIVACY","","","","","","","","","","","dns1900a.trouble-free.net","dns1900b.trouble-free.net","","","","","",""
"16","industrialhouselimited.com","2020-05-13 09:08:04","2020-05-10","2020-05-10","2021-05-10","1390","Mesh Digital Limited","whois.meshdigital.com","http://www.meshdigital.com","REDACTED FOR PRIVACY","Industrial House Limited","REDACTED FOR PRIVACY","REDACTED FOR PRIVACY","","REDACTED FOR PRIVACY","Uganda","","REDACTED FOR PRIVACY","REDACTED FOR PRIVACY","","","","","","","","","","","","","","","","","","","","","","","","","","","","","","","ns1.crystalwebhosting.com","ns2.crystalwebhosting.com","","","OK","","",""
"17","jubamusic.com","2020-05-13 09:08:10","2020-05-10","2020-05-10","2022-05-10","1154","FastDomain Inc.","whois.fastdomain.com","http://www.fastdomain.com","KATEHANGWA JOHN","","MASINDI,334","MASINDI","","334","Uganda","katehangwajohn@gmail.com","+256.792685582","","KATEHANGWA JOHN","","MASINDI,334","MASINDI","","334","Uganda","katehangwajohn@gmail.com","+256.792685582","","BLUEHOST INC","BLUEHOST.COM","550 E TIMPANOGOS PKWY","OREM","UTAH","84097","United States","domain@redl.ca","+1.8017659400","+1.8017651992","","","","","","","","","","","ns1.bluehost.com","ns2.bluehost.com","","","clientTransferProhibited","","",""
"18","landmarkholdings.net","2020-05-14 00:08:36","2020-05-11","2020-05-11","2021-05-11","1472","LiquidNet Ltd.","whois.liquidnetlimited.com","http://www.liquidnetlimited.com","REDACTED FOR PRIVACY","REDACTED FOR PRIVACY","REDACTED FOR PRIVACY","REDACTED FOR PRIVACY","Central","REDACTED FOR PRIVACY","Uganda","","REDACTED FOR PRIVACY","REDACTED FOR PRIVACY","REDACTED FOR PRIVACY","REDACTED FOR PRIVACY","REDACTED FOR PRIVACY","REDACTED FOR PRIVACY","REDACTED FOR PRIVACY","REDACTED FOR PRIVACY","REDACTED FOR PRIVACY","","REDACTED FOR PRIVACY","REDACTED FOR PRIVACY","REDACTED FOR PRIVACY","REDACTED FOR PRIVACY","REDACTED FOR PRIVACY","REDACTED FOR PRIVACY","REDACTED FOR PRIVACY","REDACTED FOR PRIVACY","REDACTED FOR PRIVACY","","REDACTED FOR PRIVACY","REDACTED FOR PRIVACY","","","","","","","","","","","dns1.supremepanel.com","dns2.supremepanel.com","","","addPeriod","clientTransferProhibited","",""
"19","medsupjuba.com","2020-05-13 20:42:47","2020-05-12","2020-05-12","2021-05-12","303","PDR Ltd. d/b/a PublicDomainRegistry.com","whois.publicdomainregistry.com","http://www.publicdomainregistry.com","kawooya moses","kesmo","kome crescent luzira","kampala","central","256","Uganda","kmoses380@gmail.com","+254.256702963114","","kawooya moses","kesmo","kome crescent luzira","kampala","central","256","Uganda","kmoses380@gmail.com","+254.256702963114","","kawooya moses","kesmo","kome crescent luzira","kampala","central","256","Uganda","kmoses380@gmail.com","+254.256702963114","","","","","","","","","","","","ns1.dns-parking.com","ns2.dns-parking.com","","","clientTransferProhibited","","",""
"20","mkplearning.com","2020-05-13 19:34:56","2020-05-12","2020-05-12","2021-05-12","1472","LiquidNet Ltd.","whois.liquidnetlimited.com","http://www.liquidnetlimited.com","REDACTED FOR PRIVACY","REDACTED FOR PRIVACY","REDACTED FOR PRIVACY","REDACTED FOR PRIVACY","Kampala","REDACTED FOR PRIVACY","Uganda","","REDACTED FOR PRIVACY","REDACTED FOR PRIVACY","REDACTED FOR PRIVACY","REDACTED FOR PRIVACY","REDACTED FOR PRIVACY","REDACTED FOR PRIVACY","REDACTED FOR PRIVACY","REDACTED FOR PRIVACY","REDACTED FOR PRIVACY","","REDACTED FOR PRIVACY","REDACTED FOR PRIVACY","REDACTED FOR PRIVACY","REDACTED FOR PRIVACY","REDACTED FOR PRIVACY","REDACTED FOR PRIVACY","REDACTED FOR PRIVACY","REDACTED FOR PRIVACY","REDACTED FOR PRIVACY","","REDACTED FOR PRIVACY","REDACTED FOR PRIVACY","","","","","","","","","","","ns1.decentrechurch.org","ns2.decentrechurch.org","ns3.decentrechurch.org","ns4.decentrechurch.org","clientTransferProhibited","","",""
"21","mrkataleug.com","2020-05-13 10:48:06","2020-05-10","2020-05-10","2021-05-10","48","eNom, Inc.","whois.enom.com","http://www.enom.com","REDACTED FOR PRIVACY","REDACTED FOR PRIVACY","REDACTED FOR PRIVACY","REDACTED FOR PRIVACY","Kampala","REDACTED FOR PRIVACY","Uganda","","REDACTED FOR PRIVACY","REDACTED FOR PRIVACY","REDACTED FOR PRIVACY","REDACTED FOR PRIVACY","REDACTED FOR PRIVACY","REDACTED FOR PRIVACY","REDACTED FOR PRIVACY","REDACTED FOR PRIVACY","REDACTED FOR PRIVACY","","REDACTED FOR PRIVACY","REDACTED FOR PRIVACY","REDACTED FOR PRIVACY","REDACTED FOR PRIVACY","REDACTED FOR PRIVACY","REDACTED FOR PRIVACY","REDACTED FOR PRIVACY","REDACTED FOR PRIVACY","REDACTED FOR PRIVACY","","REDACTED FOR PRIVACY","REDACTED FOR PRIVACY","","","","","","","","","","","ns3009.mochahost.com","ns4009.mochahost.com","","","addPeriod","clientTransferProhibited","",""
"22","muzzahighschool.com","2020-05-13 20:50:58","2020-05-12","2020-05-12","2021-05-12","48","eNom, Inc.","whois.enom.com","http://www.enom.com","REDACTED FOR PRIVACY","REDACTED FOR PRIVACY","REDACTED FOR PRIVACY","REDACTED FOR PRIVACY","Central","REDACTED FOR PRIVACY","Uganda","","REDACTED FOR PRIVACY","REDACTED FOR PRIVACY","REDACTED FOR PRIVACY","REDACTED FOR PRIVACY","REDACTED FOR PRIVACY","REDACTED FOR PRIVACY","REDACTED FOR PRIVACY","REDACTED FOR PRIVACY","REDACTED FOR PRIVACY","","REDACTED FOR PRIVACY","REDACTED FOR PRIVACY","REDACTED FOR PRIVACY","REDACTED FOR PRIVACY","REDACTED FOR PRIVACY","REDACTED FOR PRIVACY","REDACTED FOR PRIVACY","REDACTED FOR PRIVACY","REDACTED FOR PRIVACY","","REDACTED FOR PRIVACY","REDACTED FOR PRIVACY","","","","","","","","","","","ns1.mukalele.net","ns2.mukalele.net","ns3.mukalele.net","ns4.mukalele.net","addPeriod","clientTransferProhibited","",""
"23","reclineinteractive.com","2020-05-13 09:38:15","2020-05-09","2020-05-09","2021-05-09","303","PDR Ltd. d/b/a PublicDomainRegistry.com","whois.publicdomainregistry.com","http://www.publicdomainregistry.com","Joab Mutama","Recline Interactive Limited","Plot 1 Cooper Road Kisementi","Kampala","Kampala","00256","Uganda","joabtech@gmail.com","+256.782526815","","DEEPAFRICA LIMITED","DEEPAFRICA.COM","72740","NAIROBI","NAIROBI","00200","Kenya","mydomain@deepafrica.com","+254.712500500","","DEEPAFRICA LIMITED","DEEPAFRICA.COM","72740","NAIROBI","NAIROBI","00200","Kenya","mydomain@deepafrica.com","+254.712500500","","","","","","","","","","","","ns920.deepafrica.com","ns921.deepafrica.com","","","clientTransferProhibited","","",""
"24","sparkydryer.com","2020-05-13 09:36:38","2020-05-09","2020-05-09","2022-05-09","146","GoDaddy.com, LLC","whois.godaddy.com","http://registrar.godaddy.com","P.O.Box 28640 Kampala (U)","P.O.Box 28640 Kampala (U)","","","Central","","Uganda","","","","","","","","","","","","","","","","","","","","","","","","","","","","","","","","","","ns3.mavenserverz.com","ns4.mavenserverz.com","","","clientDeleteProhibited","clientRenewProhibited","clientTransferProhibited","clientUpdateProhibited"
"25","theclassifiedhub.com","2020-05-13 08:28:30","2020-05-10","2020-05-10","2021-05-10","955","Launchpad, Inc.","whois.launchpad.com","http://www.launchpad.com","Eric Ssekyondwa","","Kampala","Kampala","Kampala","","Uganda","erictrend8@gmail.com","+256.754849268","","Eric Ssekyondwa","","Kampala","Kampala","Kampala","","Uganda","erictrend8@gmail.com","+256.754849268","","Eric Ssekyondwa","","Kampala","Kampala","Kampala","","Uganda","erictrend8@gmail.com","+256.754849268","","","","","","","","","","","","ns6279.hostgator.com","ns6280.hostgator.com","","","clientTransferProhibited","","",""
"26","ugandastemi.com","2020-05-13 09:58:58","2020-05-10","2020-05-10","2021-05-10","2487","Internet Domain Services BS Corp","whois.publicinterestregistry.net","http://www.internetbs.net","Not disclosed Not disclosed","Amacue Limited","Plot 74 Kanjokya street","Kampala","Kenya","256","Uganda","beb43f6b45e8736305319ccfa610fd59.gdrp@customers.whoisprivacycorp.com","+1.5163872248","","Not disclosed Not disclosed","Amacue Limited","Plot 74 Kanjokya street","Kampala","Kenya","256","Uganda","beb43f6b45e8736305319ccfa610fd59.gdrp@customers.whoisprivacycorp.com","+1.5163872248","","Not disclosed Not disclosed","Amacue Limited","Plot 74 Kanjokya street","Kampala","Kenya","256","Uganda","beb43f6b45e8736305319ccfa610fd59.gdrp@customers.whoisprivacycorp.com","+1.5163872248","","","","","","","","","","","","ns421.websitewelcome.com","ns422.websitewelcome.com","","","clientTransferProhibited","ok","",""
"27","xcellentgarden.com","2020-05-13 09:07:51","2020-05-10","2020-05-10","2021-05-10","146","GoDaddy.com, LLC","whois.godaddy.com","http://registrar.godaddy.com","iAx Group Ltd","iAx Group Ltd","","","uganda","","Uganda","","","","","","","","","","","","","","","","","","","","","","","","","","","","","","","","","","ns45.domaincontrol.com","ns46.domaincontrol.com","","","clientDeleteProhibited","clientRenewProhibited","clientTransferProhibited","clientUpdateProhibited"