"num","domain_name","query_time","create_date","update_date","expiry_date","domain_registrar_id","domain_registrar_name","domain_registrar_whois","domain_registrar_url","registrant_name","registrant_company","registrant_address","registrant_city","registrant_state","registrant_zip","registrant_country","registrant_email","registrant_phone","registrant_fax","administrative_name","administrative_company","administrative_address","administrative_city","administrative_state","administrative_zip","administrative_country","administrative_email","administrative_phone","administrative_fax","technical_name","technical_company","technical_address","technical_city","technical_state","technical_zip","technical_country","technical_email","technical_phone","technical_fax","billing_name","billing_company","billing_address","billing_city","billing_state","billing_zip","billing_country","billing_email","billing_phone","billing_fax","name_server_1","name_server_2","name_server_3","name_server_4","domain_status_1","domain_status_2","domain_status_3","domain_status_4"
"1","ajf19.com","2020-05-13 19:40:32","2020-05-12","2020-05-12","2021-05-12","1489","Megazone Corp., dba HOSTING.KR","whois.hosting.kr","http://www.hosting.kr","lee dong ho","lee dong ho","116 Gamasan-ro 48-gil,  Yeongdeungpo-gu","Seoul","","07403","US Virgin Islands","luxuryand2006@yahoo.com","+82.5155623355","","lee dong ho","lee dong ho","116 Gamasan-ro 48-gil,  Yeongdeungpo-gu","Seoul","","07403","US Virgin Islands","luxuryand2006@yahoo.com","+82.5155623355","","lee dong ho","lee dong ho","116 Gamasan-ro 48-gil,  Yeongdeungpo-gu","Seoul","","07403","US Virgin Islands","luxuryand2006@yahoo.com","+82.5155623355","","","","","","","","","","","","karl.ns.cloudflare.com","nora.ns.cloudflare.com","","","OK","","",""
"2","ajn75.com","2020-05-13 20:45:05","2020-05-12","2020-05-12","2021-05-12","1489","Megazone Corp., dba HOSTING.KR","whois.hosting.kr","http://www.hosting.kr","lee dong ho","lee dong ho","116 Gamasan-ro 48-gil,  Yeongdeungpo-gu","Seoul","","07403","US Virgin Islands","luxuryand2006@yahoo.com","+82.5155623355","","lee dong ho","lee dong ho","116 Gamasan-ro 48-gil,  Yeongdeungpo-gu","Seoul","","07403","US Virgin Islands","luxuryand2006@yahoo.com","+82.5155623355","","lee dong ho","lee dong ho","116 Gamasan-ro 48-gil,  Yeongdeungpo-gu","Seoul","","07403","US Virgin Islands","luxuryand2006@yahoo.com","+82.5155623355","","","","","","","","","","","","karl.ns.cloudflare.com","nora.ns.cloudflare.com","","","OK","","",""
"3","asb29.com","2020-05-13 20:45:04","2020-05-12","2020-05-12","2021-05-12","1489","Megazone Corp., dba HOSTING.KR","whois.hosting.kr","http://www.hosting.kr","lee dong ho","lee dong ho","116 Gamasan-ro 48-gil,  Yeongdeungpo-gu","Seoul","","07403","US Virgin Islands","luxuryand2006@yahoo.com","+82.5155623355","","lee dong ho","lee dong ho","116 Gamasan-ro 48-gil,  Yeongdeungpo-gu","Seoul","","07403","US Virgin Islands","luxuryand2006@yahoo.com","+82.5155623355","","lee dong ho","lee dong ho","116 Gamasan-ro 48-gil,  Yeongdeungpo-gu","Seoul","","07403","US Virgin Islands","luxuryand2006@yahoo.com","+82.5155623355","","","","","","","","","","","","karl.ns.cloudflare.com","nora.ns.cloudflare.com","","","OK","","",""
"4","castin-demoni.com","2020-05-13 07:12:10","2020-05-10","2020-05-10","2021-05-10","146","GoDaddy.com, LLC","whois.godaddy.com","http://registrar.godaddy.com","Demoni Inc.","Demoni Inc.","","","TX","","US Virgin Islands","","","","","","","","","","","","","","","","","","","","","","","","","","","","","","","","","","ns39.domaincontrol.com","ns40.domaincontrol.com","","","clientDeleteProhibited","clientRenewProhibited","clientTransferProhibited","clientUpdateProhibited"
"5","castindemoni.com","2020-05-13 08:28:13","2020-05-10","2020-05-10","2021-05-10","146","GoDaddy.com, LLC","whois.godaddy.com","http://registrar.godaddy.com","Demoni Inc.","Demoni Inc.","","","TX","","US Virgin Islands","","","","","","","","","","","","","","","","","","","","","","","","","","","","","","","","","","ns39.domaincontrol.com","ns40.domaincontrol.com","","","clientDeleteProhibited","clientRenewProhibited","clientTransferProhibited","clientUpdateProhibited"
"6","cka57.com","2020-05-13 20:45:03","2020-05-12","2020-05-12","2021-05-12","1489","Megazone Corp., dba HOSTING.KR","whois.hosting.kr","http://www.hosting.kr","lee dong ho","lee dong ho","116 Gamasan-ro 48-gil,  Yeongdeungpo-gu","Seoul","","07403","US Virgin Islands","luxuryand2006@yahoo.com","+82.5155623355","","lee dong ho","lee dong ho","116 Gamasan-ro 48-gil,  Yeongdeungpo-gu","Seoul","","07403","US Virgin Islands","luxuryand2006@yahoo.com","+82.5155623355","","lee dong ho","lee dong ho","116 Gamasan-ro 48-gil,  Yeongdeungpo-gu","Seoul","","07403","US Virgin Islands","luxuryand2006@yahoo.com","+82.5155623355","","","","","","","","","","","","karl.ns.cloudflare.com","nora.ns.cloudflare.com","","","OK","","",""
"7","coachinghealthy.net","2020-05-14 00:11:25","2020-05-11","2020-05-11","2021-05-11","146","GoDaddy.com, LLC","whois.godaddy.com","http://registrar.godaddy.com","","","","","AZ","","US Virgin Islands","","","","","","","","","","","","","","","","","","","","","","","","","","","","","","","","","","ns27.domaincontrol.com","ns28.domaincontrol.com","","","clientDeleteProhibited","clientRenewProhibited","clientTransferProhibited","clientUpdateProhibited"
"8","cvh28.com","2020-05-13 20:45:06","2020-05-12","2020-05-12","2021-05-12","1489","Megazone Corp., dba HOSTING.KR","whois.hosting.kr","http://www.hosting.kr","lee dong ho","lee dong ho","116 Gamasan-ro 48-gil,  Yeongdeungpo-gu","Seoul","","07403","US Virgin Islands","luxuryand2006@yahoo.com","+82.5155623355","","lee dong ho","lee dong ho","116 Gamasan-ro 48-gil,  Yeongdeungpo-gu","Seoul","","07403","US Virgin Islands","luxuryand2006@yahoo.com","+82.5155623355","","lee dong ho","lee dong ho","116 Gamasan-ro 48-gil,  Yeongdeungpo-gu","Seoul","","07403","US Virgin Islands","luxuryand2006@yahoo.com","+82.5155623355","","","","","","","","","","","","karl.ns.cloudflare.com","nora.ns.cloudflare.com","","","OK","","",""
"9","dks28.com","2020-05-13 19:40:35","2020-05-12","2020-05-12","2021-05-12","1489","Megazone Corp., dba HOSTING.KR","whois.hosting.kr","http://www.hosting.kr","lee dong ho","lee dong ho","116 Gamasan-ro 48-gil,  Yeongdeungpo-gu","Seoul","","07403","US Virgin Islands","luxuryand2006@yahoo.com","+82.5155623355","","lee dong ho","lee dong ho","116 Gamasan-ro 48-gil,  Yeongdeungpo-gu","Seoul","","07403","US Virgin Islands","luxuryand2006@yahoo.com","+82.5155623355","","lee dong ho","lee dong ho","116 Gamasan-ro 48-gil,  Yeongdeungpo-gu","Seoul","","07403","US Virgin Islands","luxuryand2006@yahoo.com","+82.5155623355","","","","","","","","","","","","karl.ns.cloudflare.com","nora.ns.cloudflare.com","","","OK","","",""
"10","fik29.com","2020-05-13 20:45:06","2020-05-12","2020-05-12","2021-05-12","1489","Megazone Corp., dba HOSTING.KR","whois.hosting.kr","http://www.hosting.kr","lee dong ho","lee dong ho","116 Gamasan-ro 48-gil,  Yeongdeungpo-gu","Seoul","","07403","US Virgin Islands","luxuryand2006@yahoo.com","+82.5155623355","","lee dong ho","lee dong ho","116 Gamasan-ro 48-gil,  Yeongdeungpo-gu","Seoul","","07403","US Virgin Islands","luxuryand2006@yahoo.com","+82.5155623355","","lee dong ho","lee dong ho","116 Gamasan-ro 48-gil,  Yeongdeungpo-gu","Seoul","","07403","US Virgin Islands","luxuryand2006@yahoo.com","+82.5155623355","","","","","","","","","","","","karl.ns.cloudflare.com","nora.ns.cloudflare.com","","","OK","","",""
"11","fkd82.com","2020-05-13 19:40:29","2020-05-12","2020-05-12","2021-05-12","1489","Megazone Corp., dba HOSTING.KR","whois.hosting.kr","http://www.hosting.kr","lee dong ho","lee dong ho","116 Gamasan-ro 48-gil,  Yeongdeungpo-gu","Seoul","","07403","US Virgin Islands","luxuryand2006@yahoo.com","+82.5155623355","","lee dong ho","lee dong ho","116 Gamasan-ro 48-gil,  Yeongdeungpo-gu","Seoul","","07403","US Virgin Islands","luxuryand2006@yahoo.com","+82.5155623355","","lee dong ho","lee dong ho","116 Gamasan-ro 48-gil,  Yeongdeungpo-gu","Seoul","","07403","US Virgin Islands","luxuryand2006@yahoo.com","+82.5155623355","","","","","","","","","","","","karl.ns.cloudflare.com","nora.ns.cloudflare.com","","","OK","","",""
"12","fnl02.com","2020-05-13 20:45:05","2020-05-12","2020-05-12","2021-05-12","1489","Megazone Corp., dba HOSTING.KR","whois.hosting.kr","http://www.hosting.kr","lee dong ho","lee dong ho","116 Gamasan-ro 48-gil,  Yeongdeungpo-gu","Seoul","","07403","US Virgin Islands","luxuryand2006@yahoo.com","+82.5155623355","","lee dong ho","lee dong ho","116 Gamasan-ro 48-gil,  Yeongdeungpo-gu","Seoul","","07403","US Virgin Islands","luxuryand2006@yahoo.com","+82.5155623355","","lee dong ho","lee dong ho","116 Gamasan-ro 48-gil,  Yeongdeungpo-gu","Seoul","","07403","US Virgin Islands","luxuryand2006@yahoo.com","+82.5155623355","","","","","","","","","","","","karl.ns.cloudflare.com","nora.ns.cloudflare.com","","","OK","","",""
"13","funnyguydelivers.com","2020-05-13 09:38:44","2020-05-09","2020-05-09","2023-05-09","146","GoDaddy.com, LLC","whois.godaddy.com","http://registrar.godaddy.com","Sandbar Nashville","Sandbar Nashville","","","Tennessee","","US Virgin Islands","","","","","","","","","","","","","","","","","","","","","","","","","","","","","","","","","","ns27.domaincontrol.com","ns28.domaincontrol.com","","","clientDeleteProhibited","clientRenewProhibited","clientTransferProhibited","clientUpdateProhibited"
"14","gar04.com","2020-05-13 20:45:06","2020-05-12","2020-05-12","2021-05-12","1489","Megazone Corp., dba HOSTING.KR","whois.hosting.kr","http://www.hosting.kr","lee dong ho","lee dong ho","116 Gamasan-ro 48-gil,  Yeongdeungpo-gu","Seoul","","07403","US Virgin Islands","luxuryand2006@yahoo.com","+82.5155623355","","lee dong ho","lee dong ho","116 Gamasan-ro 48-gil,  Yeongdeungpo-gu","Seoul","","07403","US Virgin Islands","luxuryand2006@yahoo.com","+82.5155623355","","lee dong ho","lee dong ho","116 Gamasan-ro 48-gil,  Yeongdeungpo-gu","Seoul","","07403","US Virgin Islands","luxuryand2006@yahoo.com","+82.5155623355","","","","","","","","","","","","karl.ns.cloudflare.com","nora.ns.cloudflare.com","","","OK","","",""
"15","gda85.com","2020-05-13 20:45:04","2020-05-12","2020-05-12","2021-05-12","1489","Megazone Corp., dba HOSTING.KR","whois.hosting.kr","http://www.hosting.kr","lee dong ho","lee dong ho","116 Gamasan-ro 48-gil,  Yeongdeungpo-gu","Seoul","","07403","US Virgin Islands","luxuryand2006@yahoo.com","+82.5155623355","","lee dong ho","lee dong ho","116 Gamasan-ro 48-gil,  Yeongdeungpo-gu","Seoul","","07403","US Virgin Islands","luxuryand2006@yahoo.com","+82.5155623355","","lee dong ho","lee dong ho","116 Gamasan-ro 48-gil,  Yeongdeungpo-gu","Seoul","","07403","US Virgin Islands","luxuryand2006@yahoo.com","+82.5155623355","","","","","","","","","","","","karl.ns.cloudflare.com","nora.ns.cloudflare.com","","","OK","","",""
"16","gdf94.com","2020-05-13 20:45:04","2020-05-12","2020-05-12","2021-05-12","1489","Megazone Corp., dba HOSTING.KR","whois.hosting.kr","http://www.hosting.kr","lee dong ho","lee dong ho","116 Gamasan-ro 48-gil,  Yeongdeungpo-gu","Seoul","","07403","US Virgin Islands","luxuryand2006@yahoo.com","+82.5155623355","","lee dong ho","lee dong ho","116 Gamasan-ro 48-gil,  Yeongdeungpo-gu","Seoul","","07403","US Virgin Islands","luxuryand2006@yahoo.com","+82.5155623355","","lee dong ho","lee dong ho","116 Gamasan-ro 48-gil,  Yeongdeungpo-gu","Seoul","","07403","US Virgin Islands","luxuryand2006@yahoo.com","+82.5155623355","","","","","","","","","","","","karl.ns.cloudflare.com","nora.ns.cloudflare.com","","","OK","","",""
"17","hnf37.com","2020-05-13 19:40:26","2020-05-12","2020-05-12","2021-05-12","1489","Megazone Corp., dba HOSTING.KR","whois.hosting.kr","http://www.hosting.kr","lee dong ho","lee dong ho","116 Gamasan-ro 48-gil,  Yeongdeungpo-gu","Seoul","","07403","US Virgin Islands","luxuryand2006@yahoo.com","+82.5155623355","","lee dong ho","lee dong ho","116 Gamasan-ro 48-gil,  Yeongdeungpo-gu","Seoul","","07403","US Virgin Islands","luxuryand2006@yahoo.com","+82.5155623355","","lee dong ho","lee dong ho","116 Gamasan-ro 48-gil,  Yeongdeungpo-gu","Seoul","","07403","US Virgin Islands","luxuryand2006@yahoo.com","+82.5155623355","","","","","","","","","","","","karl.ns.cloudflare.com","nora.ns.cloudflare.com","","","OK","","",""
"18","ius02.com","2020-05-13 20:45:17","2020-05-12","2020-05-12","2021-05-12","1489","Megazone Corp., dba HOSTING.KR","whois.hosting.kr","http://www.hosting.kr","lee dong ho","lee dong ho","116 Gamasan-ro 48-gil,  Yeongdeungpo-gu","Seoul","","07403","US Virgin Islands","luxuryand2006@yahoo.com","+82.5155623355","","lee dong ho","lee dong ho","116 Gamasan-ro 48-gil,  Yeongdeungpo-gu","Seoul","","07403","US Virgin Islands","luxuryand2006@yahoo.com","+82.5155623355","","lee dong ho","lee dong ho","116 Gamasan-ro 48-gil,  Yeongdeungpo-gu","Seoul","","07403","US Virgin Islands","luxuryand2006@yahoo.com","+82.5155623355","","","","","","","","","","","","karl.ns.cloudflare.com","nora.ns.cloudflare.com","","","OK","","",""
"19","jkl20.com","2020-05-13 19:40:26","2020-05-12","2020-05-12","2021-05-12","1489","Megazone Corp., dba HOSTING.KR","whois.hosting.kr","http://www.hosting.kr","lee dong ho","lee dong ho","116 Gamasan-ro 48-gil,  Yeongdeungpo-gu","Seoul","","07403","US Virgin Islands","luxuryand2006@yahoo.com","+82.5155623355","","lee dong ho","lee dong ho","116 Gamasan-ro 48-gil,  Yeongdeungpo-gu","Seoul","","07403","US Virgin Islands","luxuryand2006@yahoo.com","+82.5155623355","","lee dong ho","lee dong ho","116 Gamasan-ro 48-gil,  Yeongdeungpo-gu","Seoul","","07403","US Virgin Islands","luxuryand2006@yahoo.com","+82.5155623355","","","","","","","","","","","","karl.ns.cloudflare.com","nora.ns.cloudflare.com","","","OK","","",""
"20","kananbakeries.com","2020-05-13 20:40:58","2020-05-11","2020-05-11","2021-05-11","146","GoDaddy.com, LLC","whois.godaddy.com","http://registrar.godaddy.com","Wildflour Bakery","Wildflour Bakery","","","CA","","US Virgin Islands","","","","","","","","","","","","","","","","","","","","","","","","","","","","","","","","","","ns1.bluehost.com","ns2.bluehost.com","","","clientDeleteProhibited","clientRenewProhibited","clientTransferProhibited","clientUpdateProhibited"
"21","kananbakery.com","2020-05-13 19:42:03","2020-05-11","2020-05-11","2021-05-11","146","GoDaddy.com, LLC","whois.godaddy.com","http://registrar.godaddy.com","Wildflour Bakery","Wildflour Bakery","","","CA","","US Virgin Islands","","","","","","","","","","","","","","","","","","","","","","","","","","","","","","","","","","ns1.bluehost.com","ns2.bluehost.com","","","clientDeleteProhibited","clientRenewProhibited","clientTransferProhibited","clientUpdateProhibited"
"22","kananbakingcompany.com","2020-05-13 20:40:58","2020-05-11","2020-05-11","2021-05-11","146","GoDaddy.com, LLC","whois.godaddy.com","http://registrar.godaddy.com","Wildflour Bakery","Wildflour Bakery","","","CA","","US Virgin Islands","","","","","","","","","","","","","","","","","","","","","","","","","","","","","","","","","","ns1.bluehost.com","ns2.bluehost.com","","","clientDeleteProhibited","clientRenewProhibited","clientTransferProhibited","clientUpdateProhibited"
"23","kanandbakery.com","2020-05-13 20:41:08","2020-05-11","2020-05-11","2021-05-11","146","GoDaddy.com, LLC","whois.godaddy.com","http://registrar.godaddy.com","Wildflour Bakery","Wildflour Bakery","","","CA","","US Virgin Islands","","","","","","","","","","","","","","","","","","","","","","","","","","","","","","","","","","ns1.bluehost.com","ns2.bluehost.com","","","clientDeleteProhibited","clientRenewProhibited","clientTransferProhibited","clientUpdateProhibited"
"24","kja65.com","2020-05-13 20:45:08","2020-05-12","2020-05-12","2021-05-12","1489","Megazone Corp., dba HOSTING.KR","whois.hosting.kr","http://www.hosting.kr","lee dong ho","lee dong ho","116 Gamasan-ro 48-gil,  Yeongdeungpo-gu","Seoul","","07403","US Virgin Islands","luxuryand2006@yahoo.com","+82.5155623355","","lee dong ho","lee dong ho","116 Gamasan-ro 48-gil,  Yeongdeungpo-gu","Seoul","","07403","US Virgin Islands","luxuryand2006@yahoo.com","+82.5155623355","","lee dong ho","lee dong ho","116 Gamasan-ro 48-gil,  Yeongdeungpo-gu","Seoul","","07403","US Virgin Islands","luxuryand2006@yahoo.com","+82.5155623355","","","","","","","","","","","","karl.ns.cloudflare.com","nora.ns.cloudflare.com","","","OK","","",""
"25","klj29.com","2020-05-13 19:40:26","2020-05-12","2020-05-12","2021-05-12","1489","Megazone Corp., dba HOSTING.KR","whois.hosting.kr","http://www.hosting.kr","lee dong ho","lee dong ho","116 Gamasan-ro 48-gil,  Yeongdeungpo-gu","Seoul","","07403","US Virgin Islands","luxuryand2006@yahoo.com","+82.5155623355","","lee dong ho","lee dong ho","116 Gamasan-ro 48-gil,  Yeongdeungpo-gu","Seoul","","07403","US Virgin Islands","luxuryand2006@yahoo.com","+82.5155623355","","lee dong ho","lee dong ho","116 Gamasan-ro 48-gil,  Yeongdeungpo-gu","Seoul","","07403","US Virgin Islands","luxuryand2006@yahoo.com","+82.5155623355","","","","","","","","","","","","karl.ns.cloudflare.com","nora.ns.cloudflare.com","","","OK","","",""
"26","lds57.com","2020-05-13 20:45:03","2020-05-12","2020-05-12","2021-05-12","1489","Megazone Corp., dba HOSTING.KR","whois.hosting.kr","http://www.hosting.kr","lee dong ho","lee dong ho","116 Gamasan-ro 48-gil,  Yeongdeungpo-gu","Seoul","","07403","US Virgin Islands","luxuryand2006@yahoo.com","+82.5155623355","","lee dong ho","lee dong ho","116 Gamasan-ro 48-gil,  Yeongdeungpo-gu","Seoul","","07403","US Virgin Islands","luxuryand2006@yahoo.com","+82.5155623355","","lee dong ho","lee dong ho","116 Gamasan-ro 48-gil,  Yeongdeungpo-gu","Seoul","","07403","US Virgin Islands","luxuryand2006@yahoo.com","+82.5155623355","","","","","","","","","","","","karl.ns.cloudflare.com","nora.ns.cloudflare.com","","","OK","","",""
"27","scentzf4u.com","2020-05-13 07:29:15","2020-05-11","2020-05-11","2021-05-11","440","Wild West Domains, LLC","whois.wildwestdomains.com","http://www.wildwestdomains.com","","","","","VI","","US Virgin Islands","","","","","","","","","","","","","","","","","","","","","","","","","","","","","","","","","","ns07.domaincontrol.com","ns08.domaincontrol.com","","","clientDeleteProhibited","clientRenewProhibited","clientTransferProhibited","clientUpdateProhibited"
"28","sdh06.com","2020-05-13 20:45:05","2020-05-12","2020-05-12","2021-05-12","1489","Megazone Corp., dba HOSTING.KR","whois.hosting.kr","http://www.hosting.kr","lee dong ho","lee dong ho","116 Gamasan-ro 48-gil,  Yeongdeungpo-gu","Seoul","","07403","US Virgin Islands","luxuryand2006@yahoo.com","+82.5155623355","","lee dong ho","lee dong ho","116 Gamasan-ro 48-gil,  Yeongdeungpo-gu","Seoul","","07403","US Virgin Islands","luxuryand2006@yahoo.com","+82.5155623355","","lee dong ho","lee dong ho","116 Gamasan-ro 48-gil,  Yeongdeungpo-gu","Seoul","","07403","US Virgin Islands","luxuryand2006@yahoo.com","+82.5155623355","","","","","","","","","","","","karl.ns.cloudflare.com","nora.ns.cloudflare.com","","","OK","","",""
"29","suka-lacnd.com","2020-05-13 07:39:01","2020-05-11","2020-05-11","2021-05-11","146","GoDaddy.com, LLC","whois.godaddy.com","http://registrar.godaddy.com","","","","","MA","","US Virgin Islands","","","","","","","","","","","","","","","","","","","","","","","","","","","","","","","","","","ns23.domaincontrol.com","ns24.domaincontrol.com","","","clientDeleteProhibited","clientRenewProhibited","clientTransferProhibited","clientUpdateProhibited"
"30","toption100.com","2020-05-13 10:07:00","2020-05-10","2020-05-10","2021-05-10","146","GoDaddy.com, LLC","whois.godaddy.com","http://registrar.godaddy.com","","","","","New york","","US Virgin Islands","","","","","","","","","","","","","","","","","","","","","","","","","","","","","","","","","","ns55.domaincontrol.com","ns56.domaincontrol.com","","","clientDeleteProhibited","clientRenewProhibited","clientTransferProhibited","clientUpdateProhibited"
"31","wildflourbake.com","2020-05-13 09:09:23","2020-05-10","2020-05-10","2021-05-10","146","GoDaddy.com, LLC","whois.godaddy.com","http://registrar.godaddy.com","Wildflour Bakery","Wildflour Bakery","","","CA","","US Virgin Islands","","","","","","","","","","","","","","","","","","","","","","","","","","","","","","","","","","ns1.bluehost.com","ns2.bluehost.com","","","clientDeleteProhibited","clientRenewProhibited","clientTransferProhibited","clientUpdateProhibited"
"32","wildflourbaked.com","2020-05-13 09:09:24","2020-05-10","2020-05-10","2021-05-10","146","GoDaddy.com, LLC","whois.godaddy.com","http://registrar.godaddy.com","Wildflour Bakery","Wildflour Bakery","","","CA","","US Virgin Islands","","","","","","","","","","","","","","","","","","","","","","","","","","","","","","","","","","ns1.bluehost.com","ns2.bluehost.com","","","clientDeleteProhibited","clientRenewProhibited","clientTransferProhibited","clientUpdateProhibited"
"33","wildflourbakery.menu","2020-05-14 00:12:06","2020-05-10","2020-05-10","2021-05-10","146","GoDaddy.com, LLC","whois.godaddy.com","http://registrar.godaddy.com","Wildflour Bakery","Wildflour Bakery","","","CA","","US Virgin Islands","","","","","","","","","","","","","","","","","","","","","","","","","","","","","","","","","","ns75.domaincontrol.com","ns76.domaincontrol.com","","","addPeriod","clientDeleteProhibited","clientRenewProhibited","clientTransferProhibited"
"34","wildflowerbakeries.com","2020-05-13 09:09:31","2020-05-10","2020-05-10","2021-05-10","146","GoDaddy.com, LLC","whois.godaddy.com","http://registrar.godaddy.com","Wildflour Bakery","Wildflour Bakery","","","CA","","US Virgin Islands","","","","","","","","","","","","","","","","","","","","","","","","","","","","","","","","","","ns1.bluehost.com","ns2.bluehost.com","","","clientDeleteProhibited","clientRenewProhibited","clientTransferProhibited","clientUpdateProhibited"
"35","xn--2i0by5t4td.com","2020-05-13 19:40:27","2020-05-12","2020-05-12","2021-05-12","1489","Megazone Corp., dba HOSTING.KR","whois.hosting.kr","http://www.hosting.kr","lee dong ho","lee dong ho","116 Gamasan-ro 48-gil,  Yeongdeungpo-gu","Seoul","","07403","US Virgin Islands","luxuryand2006@yahoo.com","+82.5155623355","","lee dong ho","lee dong ho","116 Gamasan-ro 48-gil,  Yeongdeungpo-gu","Seoul","","07403","US Virgin Islands","luxuryand2006@yahoo.com","+82.5155623355","","lee dong ho","lee dong ho","116 Gamasan-ro 48-gil,  Yeongdeungpo-gu","Seoul","","07403","US Virgin Islands","luxuryand2006@yahoo.com","+82.5155623355","","","","","","","","","","","","karl.ns.cloudflare.com","nora.ns.cloudflare.com","","","OK","","",""
"36","xn--2j1bm26a8rb.com","2020-05-13 19:40:25","2020-05-12","2020-05-12","2021-05-12","1489","Megazone Corp., dba HOSTING.KR","whois.hosting.kr","http://www.hosting.kr","lee dong ho","lee dong ho","116 Gamasan-ro 48-gil,  Yeongdeungpo-gu","Seoul","","07403","US Virgin Islands","luxuryand2006@yahoo.com","+82.5155623355","","lee dong ho","lee dong ho","116 Gamasan-ro 48-gil,  Yeongdeungpo-gu","Seoul","","07403","US Virgin Islands","luxuryand2006@yahoo.com","+82.5155623355","","lee dong ho","lee dong ho","116 Gamasan-ro 48-gil,  Yeongdeungpo-gu","Seoul","","07403","US Virgin Islands","luxuryand2006@yahoo.com","+82.5155623355","","","","","","","","","","","","karl.ns.cloudflare.com","nora.ns.cloudflare.com","","","OK","","",""
"37","xn--2y1bx9fp62a.com","2020-05-13 19:40:25","2020-05-12","2020-05-12","2021-05-12","1489","Megazone Corp., dba HOSTING.KR","whois.hosting.kr","http://www.hosting.kr","lee dong ho","lee dong ho","116 Gamasan-ro 48-gil,  Yeongdeungpo-gu","Seoul","","07403","US Virgin Islands","luxuryand2006@yahoo.com","+82.5155623355","","lee dong ho","lee dong ho","116 Gamasan-ro 48-gil,  Yeongdeungpo-gu","Seoul","","07403","US Virgin Islands","luxuryand2006@yahoo.com","+82.5155623355","","lee dong ho","lee dong ho","116 Gamasan-ro 48-gil,  Yeongdeungpo-gu","Seoul","","07403","US Virgin Islands","luxuryand2006@yahoo.com","+82.5155623355","","","","","","","","","","","","karl.ns.cloudflare.com","nora.ns.cloudflare.com","","","OK","","",""
"38","xn--2z1br4k17r.com","2020-05-13 19:40:25","2020-05-12","2020-05-12","2021-05-12","1489","Megazone Corp., dba HOSTING.KR","whois.hosting.kr","http://www.hosting.kr","lee dong ho","lee dong ho","116 Gamasan-ro 48-gil,  Yeongdeungpo-gu","Seoul","","07403","US Virgin Islands","luxuryand2006@yahoo.com","+82.5155623355","","lee dong ho","lee dong ho","116 Gamasan-ro 48-gil,  Yeongdeungpo-gu","Seoul","","07403","US Virgin Islands","luxuryand2006@yahoo.com","+82.5155623355","","lee dong ho","lee dong ho","116 Gamasan-ro 48-gil,  Yeongdeungpo-gu","Seoul","","07403","US Virgin Islands","luxuryand2006@yahoo.com","+82.5155623355","","","","","","","","","","","","karl.ns.cloudflare.com","nora.ns.cloudflare.com","","","OK","","",""
"39","xn--7n3br2nnc.com","2020-05-13 19:40:25","2020-05-12","2020-05-12","2021-05-12","1489","Megazone Corp., dba HOSTING.KR","whois.hosting.kr","http://www.hosting.kr","lee dong ho","lee dong ho","116 Gamasan-ro 48-gil,  Yeongdeungpo-gu","Seoul","","07403","US Virgin Islands","luxuryand2006@yahoo.com","+82.5155623355","","lee dong ho","lee dong ho","116 Gamasan-ro 48-gil,  Yeongdeungpo-gu","Seoul","","07403","US Virgin Islands","luxuryand2006@yahoo.com","+82.5155623355","","lee dong ho","lee dong ho","116 Gamasan-ro 48-gil,  Yeongdeungpo-gu","Seoul","","07403","US Virgin Islands","luxuryand2006@yahoo.com","+82.5155623355","","","","","","","","","","","","karl.ns.cloudflare.com","nora.ns.cloudflare.com","","","OK","","",""
"40","xn--961bo7b64f.com","2020-05-13 20:45:03","2020-05-12","2020-05-12","2021-05-12","1489","Megazone Corp., dba HOSTING.KR","whois.hosting.kr","http://www.hosting.kr","lee dong ho","lee dong ho","116 Gamasan-ro 48-gil,  Yeongdeungpo-gu","Seoul","","07403","US Virgin Islands","luxuryand2006@yahoo.com","+82.5155623355","","lee dong ho","lee dong ho","116 Gamasan-ro 48-gil,  Yeongdeungpo-gu","Seoul","","07403","US Virgin Islands","luxuryand2006@yahoo.com","+82.5155623355","","lee dong ho","lee dong ho","116 Gamasan-ro 48-gil,  Yeongdeungpo-gu","Seoul","","07403","US Virgin Islands","luxuryand2006@yahoo.com","+82.5155623355","","","","","","","","","","","","karl.ns.cloudflare.com","nora.ns.cloudflare.com","","","OK","","",""
"41","xn--lz2bt9t1oa.com","2020-05-13 20:45:07","2020-05-12","2020-05-12","2021-05-12","1489","Megazone Corp., dba HOSTING.KR","whois.hosting.kr","http://www.hosting.kr","lee dong ho","lee dong ho","116 Gamasan-ro 48-gil,  Yeongdeungpo-gu","Seoul","","07403","US Virgin Islands","luxuryand2006@yahoo.com","+82.5155623355","","lee dong ho","lee dong ho","116 Gamasan-ro 48-gil,  Yeongdeungpo-gu","Seoul","","07403","US Virgin Islands","luxuryand2006@yahoo.com","+82.5155623355","","lee dong ho","lee dong ho","116 Gamasan-ro 48-gil,  Yeongdeungpo-gu","Seoul","","07403","US Virgin Islands","luxuryand2006@yahoo.com","+82.5155623355","","","","","","","","","","","","karl.ns.cloudflare.com","nora.ns.cloudflare.com","","","OK","","",""
"42","xn--o79a669avsd.com","2020-05-13 19:40:24","2020-05-12","2020-05-12","2021-05-12","1489","Megazone Corp., dba HOSTING.KR","whois.hosting.kr","http://www.hosting.kr","lee dong ho","lee dong ho","116 Gamasan-ro 48-gil,  Yeongdeungpo-gu","Seoul","","07403","US Virgin Islands","luxuryand2006@yahoo.com","+82.5155623355","","lee dong ho","lee dong ho","116 Gamasan-ro 48-gil,  Yeongdeungpo-gu","Seoul","","07403","US Virgin Islands","luxuryand2006@yahoo.com","+82.5155623355","","lee dong ho","lee dong ho","116 Gamasan-ro 48-gil,  Yeongdeungpo-gu","Seoul","","07403","US Virgin Islands","luxuryand2006@yahoo.com","+82.5155623355","","","","","","","","","","","","karl.ns.cloudflare.com","nora.ns.cloudflare.com","","","OK","","",""
"43","xn--v01bn53a0hg.com","2020-05-13 19:40:25","2020-05-12","2020-05-12","2021-05-12","1489","Megazone Corp., dba HOSTING.KR","whois.hosting.kr","http://www.hosting.kr","lee dong ho","lee dong ho","116 Gamasan-ro 48-gil,  Yeongdeungpo-gu","Seoul","","07403","US Virgin Islands","luxuryand2006@yahoo.com","+82.5155623355","","lee dong ho","lee dong ho","116 Gamasan-ro 48-gil,  Yeongdeungpo-gu","Seoul","","07403","US Virgin Islands","luxuryand2006@yahoo.com","+82.5155623355","","lee dong ho","lee dong ho","116 Gamasan-ro 48-gil,  Yeongdeungpo-gu","Seoul","","07403","US Virgin Islands","luxuryand2006@yahoo.com","+82.5155623355","","","","","","","","","","","","karl.ns.cloudflare.com","nora.ns.cloudflare.com","","","OK","","",""
"44","xn--w39a0pn13b.com","2020-05-13 19:40:28","2020-05-12","2020-05-12","2021-05-12","1489","Megazone Corp., dba HOSTING.KR","whois.hosting.kr","http://www.hosting.kr","lee dong ho","lee dong ho","116 Gamasan-ro 48-gil,  Yeongdeungpo-gu","Seoul","","07403","US Virgin Islands","luxuryand2006@yahoo.com","+82.5155623355","","lee dong ho","lee dong ho","116 Gamasan-ro 48-gil,  Yeongdeungpo-gu","Seoul","","07403","US Virgin Islands","luxuryand2006@yahoo.com","+82.5155623355","","lee dong ho","lee dong ho","116 Gamasan-ro 48-gil,  Yeongdeungpo-gu","Seoul","","07403","US Virgin Islands","luxuryand2006@yahoo.com","+82.5155623355","","","","","","","","","","","","karl.ns.cloudflare.com","nora.ns.cloudflare.com","","","OK","","",""
"45","zxk37.com","2020-05-13 19:40:30","2020-05-12","2020-05-12","2021-05-12","1489","Megazone Corp., dba HOSTING.KR","whois.hosting.kr","http://www.hosting.kr","lee dong ho","lee dong ho","116 Gamasan-ro 48-gil,  Yeongdeungpo-gu","Seoul","","07403","US Virgin Islands","luxuryand2006@yahoo.com","+82.5155623355","","lee dong ho","lee dong ho","116 Gamasan-ro 48-gil,  Yeongdeungpo-gu","Seoul","","07403","US Virgin Islands","luxuryand2006@yahoo.com","+82.5155623355","","lee dong ho","lee dong ho","116 Gamasan-ro 48-gil,  Yeongdeungpo-gu","Seoul","","07403","US Virgin Islands","luxuryand2006@yahoo.com","+82.5155623355","","","","","","","","","","","","karl.ns.cloudflare.com","nora.ns.cloudflare.com","","","OK","","",""