"num","domain_name","query_time","create_date","update_date","expiry_date","domain_registrar_id","domain_registrar_name","domain_registrar_whois","domain_registrar_url","registrant_name","registrant_company","registrant_address","registrant_city","registrant_state","registrant_zip","registrant_country","registrant_email","registrant_phone","registrant_fax","administrative_name","administrative_company","administrative_address","administrative_city","administrative_state","administrative_zip","administrative_country","administrative_email","administrative_phone","administrative_fax","technical_name","technical_company","technical_address","technical_city","technical_state","technical_zip","technical_country","technical_email","technical_phone","technical_fax","billing_name","billing_company","billing_address","billing_city","billing_state","billing_zip","billing_country","billing_email","billing_phone","billing_fax","name_server_1","name_server_2","name_server_3","name_server_4","domain_status_1","domain_status_2","domain_status_3","domain_status_4"
"1","alehrom.com","2020-05-13 20:48:24","2020-05-12","2020-05-12","2021-05-12","2487","Internet Domain Services BS Corp","whois.publicinterestregistry.net","http://www.internetbs.net","Not disclosed Not disclosed","ALEHROM","Hamid Olimjon kuchasi 5","Toshkent","","1000000","Uzbekistan","832cabea66ee39b2c3666fa6492fbb4d.gdrp@customers.whoisprivacycorp.com","+1.5163872248","","Not disclosed Not disclosed","ALEHROM","Hamid Olimjon kuchasi 5","Toshkent","","1000000","Uzbekistan","832cabea66ee39b2c3666fa6492fbb4d.gdrp@customers.whoisprivacycorp.com","+1.5163872248","","Not disclosed Not disclosed","ALEHROM","Hamid Olimjon kuchasi 5","Toshkent","","1000000","Uzbekistan","832cabea66ee39b2c3666fa6492fbb4d.gdrp@customers.whoisprivacycorp.com","+1.5163872248","","","","","","","","","","","","ns1.billur.com","ns2.billur.com","","","clientTransferProhibited","ok","",""
"2","algorithmgateway.com","2020-05-13 09:17:25","2020-05-09","2020-05-09","2021-05-09","146","GoDaddy.com, LLC","whois.godaddy.com","http://registrar.godaddy.com","","","","","Andijan","","Uzbekistan","","","","","","","","","","","","","","","","","","","","","","","","","","","","","","","","","","ns1.zomro.net","ns2.zomro.ru","ns3.zomro.com","ns4.zomro.su","clientDeleteProhibited","clientRenewProhibited","clientTransferProhibited","clientUpdateProhibited"
"3","bagizagan.com","2020-05-13 20:06:53","2020-05-12","2020-05-12","2021-05-12","1606","Limited Liability Company 'Registrar of domain names REG.RU'","whois.reg.ru","http://www.reg.ru","Aziz Kazimov","Private Person","Tajlyakskij rajon, selo Bagizagan","Samarkand","Samarkand","100000","Uzbekistan","bagizagan@bk.ru","+998.939911001","+998.939911001","Aziz Kazimov","Private Person","Tajlyakskij rajon, selo Bagizagan","Samarkand","Samarkand","100000","Uzbekistan","bagizagan@bk.ru","+998.939911001","+998.939911001","Aziz Kazimov","Private Person","Tajlyakskij rajon, selo Bagizagan","Samarkand","Samarkand","100000","Uzbekistan","bagizagan@bk.ru","+998.939911001","+998.939911001","","","","","","","","","","","ns1.reg.ru","ns2.reg.ru","","","clientTransferProhibited","","",""
"4","efund.group","2020-05-13 19:06:23","2020-05-11","2020-05-11","2021-05-11","146","GoDaddy.com, LLC","whois.godaddy.com","http://registrar.godaddy.com","REDACTED FOR PRIVACY","","REDACTED FOR PRIVACY","REDACTED FOR PRIVACY","Tashkent","REDACTED FOR PRIVACY","Uzbekistan","","REDACTED FOR PRIVACY","REDACTED FOR PRIVACY","","","","","","","","","","","","","","","","","","","","","","","","","","","","","","","","","","","addPeriod","clientDeleteProhibited","clientRenewProhibited","clientTransferProhibited"
"5","kontor01.com","2020-05-13 08:29:03","2020-05-10","2020-05-10","2021-05-10","146","GoDaddy.com, LLC","whois.godaddy.com","http://registrar.godaddy.com","","","","","camarkand","","Uzbekistan","","","","","","","","","","","","","","","","","","","","","","","","","","","","","","","","","","ns07.domaincontrol.com","ns08.domaincontrol.com","","","clientDeleteProhibited","clientRenewProhibited","clientTransferProhibited","clientUpdateProhibited"
"6","ourmilliard.com","2020-05-13 20:48:38","2020-05-12","2020-05-12","2021-05-12","2487","Internet Domain Services BS Corp","whois.publicinterestregistry.net","http://www.internetbs.net","Not disclosed Not disclosed","","Not disclosed, Not disclosed, Not disclosed","Not disclosed","","00000","Uzbekistan","d4b0d836a85b40cc1540c6a6b3446623.gdrp@customers.whoisprivacycorp.com","+1.5163872248","","Not disclosed Not disclosed","","Not disclosed, Not disclosed, Not disclosed","Not disclosed","","00000","Uzbekistan","d4b0d836a85b40cc1540c6a6b3446623.gdrp@customers.whoisprivacycorp.com","+1.5163872248","","Not disclosed Not disclosed","","Not disclosed, Not disclosed, Not disclosed","Not disclosed","","00000","Uzbekistan","d4b0d836a85b40cc1540c6a6b3446623.gdrp@customers.whoisprivacycorp.com","+1.5163872248","","","","","","","","","","","","ns1.billur.com","ns2.billur.com","","","clientTransferProhibited","ok","",""
"7","uzfoodtrade.com","2020-05-13 09:14:15","2020-05-09","2020-05-09","2021-05-09","303","PDR Ltd. d/b/a PublicDomainRegistry.com","whois.publicdomainregistry.com","http://www.publicdomainregistry.com","Shukhrat  Yokubov","Global food products trade LLC","LUTFIY","CHILANZAR","TASHKENT","100095","Uzbekistan","shukhrat.y2000@gmail.com","+998.946446441","","Shukhrat  Yokubov","Global food products trade LLC","LUTFIY","CHILANZAR","TASHKENT","100095","Uzbekistan","shukhrat.y2000@gmail.com","+998.946446441","","Shukhrat  Yokubov","Global food products trade LLC","LUTFIY","CHILANZAR","TASHKENT","100095","Uzbekistan","shukhrat.y2000@gmail.com","+998.946446441","","","","","","","","","","","","ns1.c04.tmdcloud.eu","ns2.c04.tmdcloud.eu","","","clientTransferProhibited","","",""
"8","whwinternationalconsulting.com","2020-05-13 11:03:38","2020-05-11","2020-05-11","2021-05-11","895","Google, Inc.","whois.rrpproxy.net","http://www.google.com","","","","","","","Uzbekistan","","","","","","","","","","","","","","","","","","","","","","","","","","","","","","","","","","ns-cloud-a1.googledomains.com","ns-cloud-a2.googledomains.com","ns-cloud-a3.googledomains.com","ns-cloud-a4.googledomains.com","clientTransferProhibited","","",""
"9","wwwxj0.com","2020-05-13 19:32:53","2020-05-12","2020-05-12","2021-05-12","146","GoDaddy.com, LLC","whois.godaddy.com","http://registrar.godaddy.com","","","","","\u0422\u0430\u0448\u043a\u0435\u043d\u0442","","Uzbekistan","","","","","","","","","","","","","","","","","","","","","","","","","","","","","","","","","","ns1.hostline.ru","ns2.hostline.ru","","","clientDeleteProhibited","clientRenewProhibited","clientTransferProhibited","clientUpdateProhibited"
"10","zadrotoff.com","2020-05-13 21:02:26","2020-05-12","2020-05-12","2021-05-12","303","PDR Ltd. d/b/a PublicDomainRegistry.com","whois.publicdomainregistry.com","http://www.publicdomainregistry.com","Jamshidjon Abdusaminov","","poselok Uksalis","Angikurgan","Namanganskaa oblast","161200","Uzbekistan","jamshidsfj91@gmail.com","+998.998993902347","","Jamshidjon Abdusaminov","","poselok Uksalis","Angikurgan","Namanganskaa oblast","161200","Uzbekistan","jamshidsfj91@gmail.com","+998.998993902347","","Jamshidjon Abdusaminov","","poselok Uksalis","Angikurgan","Namanganskaa oblast","161200","Uzbekistan","jamshidsfj91@gmail.com","+998.998993902347","","","","","","","","","","","","ns5.uztan.uz","ns6.uztan.uz","","","clientTransferProhibited","","",""