"num","domain_name","query_time","create_date","update_date","expiry_date","domain_registrar_id","domain_registrar_name","domain_registrar_whois","domain_registrar_url","registrant_name","registrant_company","registrant_address","registrant_city","registrant_state","registrant_zip","registrant_country","registrant_email","registrant_phone","registrant_fax","administrative_name","administrative_company","administrative_address","administrative_city","administrative_state","administrative_zip","administrative_country","administrative_email","administrative_phone","administrative_fax","technical_name","technical_company","technical_address","technical_city","technical_state","technical_zip","technical_country","technical_email","technical_phone","technical_fax","billing_name","billing_company","billing_address","billing_city","billing_state","billing_zip","billing_country","billing_email","billing_phone","billing_fax","name_server_1","name_server_2","name_server_3","name_server_4","domain_status_1","domain_status_2","domain_status_3","domain_status_4"
"1","actualidadweb.com","2020-05-13 20:20:19","2020-05-12","2020-05-12","2021-05-12","146","GoDaddy.com, LLC","whois.godaddy.com","http://registrar.godaddy.com","","","","","Guarico","","Venezuela","","","","","","","","","","","","","","","","","","","","","","","","","","","","","","","","","","ns27.domaincontrol.com","ns28.domaincontrol.com","","","clientDeleteProhibited","clientRenewProhibited","clientTransferProhibited","clientUpdateProhibited"
"2","administradoraecotech.com","2020-05-13 11:00:17","2020-05-11","2020-05-11","2021-05-11","146","GoDaddy.com, LLC","whois.godaddy.com","http://registrar.godaddy.com","","","","","Distrito Capital","","Venezuela","","","","","","","","","","","","","","","","","","","","","","","","","","","","","","","","","","ns23.domaincontrol.com","ns24.domaincontrol.com","","","clientDeleteProhibited","clientRenewProhibited","clientTransferProhibited","clientUpdateProhibited"
"3","alacartaya.com","2020-05-13 20:25:40","2020-05-11","2020-05-11","2021-05-11","146","GoDaddy.com, LLC","whois.godaddy.com","http://registrar.godaddy.com","Carlos Rivillo","Carlos Rivillo","","","Miranda","","Venezuela","","","","","","","","","","","","","","","","","","","","","","","","","","","","","","","","","","ns31.domaincontrol.com","ns32.domaincontrol.com","","","clientDeleteProhibited","clientRenewProhibited","clientTransferProhibited","clientUpdateProhibited"
"4","alimentosfenix.com","2020-05-13 19:49:21","2020-05-11","2020-05-11","2021-05-11","146","GoDaddy.com, LLC","whois.godaddy.com","http://registrar.godaddy.com","","","","","Tachira","","Venezuela","","","","","","","","","","","","","","","","","","","","","","","","","","","","","","","","","","ns25.domaincontrol.com","ns26.domaincontrol.com","","","clientDeleteProhibited","clientRenewProhibited","clientTransferProhibited","clientUpdateProhibited"
"5","americanhorserrancing.com","2020-05-13 09:42:13","2020-05-09","2020-05-09","2021-05-09","433","OVH sas","whois.ovh.com","http://www.ovh.com","REDACTED FOR PRIVACY","","REDACTED FOR PRIVACY","REDACTED FOR PRIVACY","","REDACTED FOR PRIVACY","Venezuela","17ndixkj8flu9bakazh4@n.o-w-o.info","REDACTED FOR PRIVACY","REDACTED FOR PRIVACY","REDACTED FOR PRIVACY","REDACTED FOR PRIVACY","REDACTED FOR PRIVACY","REDACTED FOR PRIVACY","REDACTED FOR PRIVACY","REDACTED FOR PRIVACY","REDACTED FOR PRIVACY","lacy7t3whcc4s4ybmu9h@u.o-w-o.info","REDACTED FOR PRIVACY","REDACTED FOR PRIVACY","REDACTED FOR PRIVACY","REDACTED FOR PRIVACY","REDACTED FOR PRIVACY","REDACTED FOR PRIVACY","REDACTED FOR PRIVACY","REDACTED FOR PRIVACY","REDACTED FOR PRIVACY","lacy7t3whcc4s4ybmu9h@u.o-w-o.info","REDACTED FOR PRIVACY","REDACTED FOR PRIVACY","","","","","","","","","","","dns110.ovh.net","ns110.ovh.net","","","clientDeleteProhibited","clientTransferProhibited","",""
"6","americanpartsve.com","2020-05-13 19:54:08","2020-05-12","2020-05-12","2021-05-12","82","OnlineNIC, Inc.","whois.onlinenic.com","http://www.onlinenic.com","Edgar  Paredes","Insystech","Calle Andres Bello","Valencia","Carabobo","2001","Venezuela","eparedes@insystech.com.ve","+58.2418786880","+58.2418786880","Edgar  Paredes","Insystech","Calle Andres Bello","Valencia","Carabobo","2001","Venezuela","eparedes@insystech.com.ve","+58.2418786880","+58.2418786880","Edgar  Paredes","Insystech","Calle Andres Bello","Valencia","Carabobo","2001","Venezuela","eparedes@insystech.com.ve","+58.2418786880","+58.2418786880","","","","","","","","","","","ns1.contabo.net","ns2.contabo.net","","","clientTransferProhibited","","",""
"7","ampliotogo.com","2020-05-13 20:13:21","2020-05-12","2020-05-12","2021-05-12","303","PDR Ltd. d/b/a PublicDomainRegistry.com","whois.publicdomainregistry.com","http://www.publicdomainregistry.com","Gerardo Jose Castellano Molero","","Tierra Negra","Maracaibo","Zulia","4002","Venezuela","castellanogerardo@gmail.com","+58.4246024651","","Gerardo Jose Castellano Molero","","Tierra Negra","Maracaibo","Zulia","4002","Venezuela","castellanogerardo@gmail.com","+58.4246024651","","Gerardo Jose Castellano Molero","","Tierra Negra","Maracaibo","Zulia","4002","Venezuela","castellanogerardo@gmail.com","+58.4246024651","","","","","","","","","","","","ns5.tepuyserver.net","ns6.tepuyserver.net","","","clientTransferProhibited","","",""
"8","antorchadigital-rd.com","2020-05-13 07:03:18","2020-05-11","2020-05-11","2021-05-11","146","GoDaddy.com, LLC","whois.godaddy.com","http://registrar.godaddy.com","Industeco SRL","Industeco SRL","","","Tachira","","Venezuela","","","","","","","","","","","","","","","","","","","","","","","","","","","","","","","","","","ns13.domaincontrol.com","ns14.domaincontrol.com","","","clientDeleteProhibited","clientRenewProhibited","clientTransferProhibited","clientUpdateProhibited"
"9","aprendecreceyemprende.com","2020-05-13 09:16:07","2020-05-09","2020-05-09","2021-05-09","146","GoDaddy.com, LLC","whois.godaddy.com","http://registrar.godaddy.com","","","","","Miranda","","Venezuela","","","","","","","","","","","","","","","","","","","","","","","","","","","","","","","","","","ns45.domaincontrol.com","ns46.domaincontrol.com","","","clientDeleteProhibited","clientRenewProhibited","clientTransferProhibited","clientUpdateProhibited"
"10","bestmobile-store.com","2020-05-13 10:08:31","2020-05-10","2020-05-10","2021-05-10","303","PDR Ltd. d/b/a PublicDomainRegistry.com","whois.publicdomainregistry.com","http://www.publicdomainregistry.com","Juan Huatuco","Bestmobile Store","Lecheria","Lecheria","Anzoategui","6016","Venezuela","globalhostca@yahoo.com","+58.4147676792","","Juan Huatuco","Bestmobile Store","Lecheria","Lecheria","Anzoategui","6016","Venezuela","globalhostca@yahoo.com","+58.4147676792","","Juan Huatuco","Bestmobile Store","Lecheria","Lecheria","Anzoategui","6016","Venezuela","globalhostca@yahoo.com","+58.4147676792","","","","","","","","","","","","ns3.globalhostla.com","ns4.globalhostla.com","","","clientTransferProhibited","","",""
"11","branzafoods.com","2020-05-13 07:05:15","2020-05-11","2020-05-11","2021-05-11","146","GoDaddy.com, LLC","whois.godaddy.com","http://registrar.godaddy.com","","","","","DF","","Venezuela","","","","","","","","","","","","","","","","","","","","","","","","","","","","","","","","","","ns07.domaincontrol.com","ns08.domaincontrol.com","","","clientDeleteProhibited","clientRenewProhibited","clientTransferProhibited","clientUpdateProhibited"
"12","brickellads406.com","2020-05-13 10:55:46","2020-05-11","2020-05-11","2021-05-11","146","GoDaddy.com, LLC","whois.godaddy.com","http://registrar.godaddy.com","sistemas electronicos online 2010.com","sistemas electronicos online 2010.com","","","Distrito Capital","","Venezuela","","","","","","","","","","","","","","","","","","","","","","","","","","","","","","","","","","ns1.giow25.siteground.us","ns2.giow25.siteground.us","","","clientDeleteProhibited","clientRenewProhibited","clientTransferProhibited","clientUpdateProhibited"
"13","bulevarts.com","2020-05-13 09:42:39","2020-05-09","2020-05-09","2021-05-09","82","OnlineNIC, Inc.","whois.onlinenic.com","http://www.onlinenic.com","Caracashosting.com","Caracashosting.com","caracashosting.com","caracas","df","1050a","Venezuela","info@caracashosting.com","+58.2127618340","+58.2127618340","Caracashosting.com","Caracashosting.com","caracashosting.com","caracas","df","1050a","Venezuela","info@caracashosting.com","+58.2127618340","+58.2127618340","Caracashosting.com","Caracashosting.com","caracashosting.com","caracas","df","1050a","Venezuela","info@caracashosting.com","+58.2127618340","+58.2127618340","","","","","","","","","","","dns1.dominioscaracas.com","dns2.dominioscaracas.com","","","clientTransferProhibited","","",""
"14","carabobostereo.com","2020-05-13 09:38:55","2020-05-09","2020-05-09","2021-05-09","303","PDR Ltd. d/b/a PublicDomainRegistry.com","whois.publicdomainregistry.com","http://www.publicdomainregistry.com","Angel Figueredo","MAS MEDIA PRO,C.A.","Urb Bambucitos Calle 3 Casa 6","San Carlos","Cojedes","2201","Venezuela","angelfiguemix@gmail.com","+58.04121755549","","Angel Figueredo","MAS MEDIA PRO,C.A.","Urb Bambucitos Calle 3 Casa 6","San Carlos","Cojedes","2201","Venezuela","angelfiguemix@gmail.com","+58.04121755549","","Angel Figueredo","MAS MEDIA PRO,C.A.","Urb Bambucitos Calle 3 Casa 6","San Carlos","Cojedes","2201","Venezuela","angelfiguemix@gmail.com","+58.04121755549","","","","","","","","","","","","ns29.tepuyserver.net","ns30.tepuyserver.net","","","clientTransferProhibited","","",""
"15","cejasestilos.com","2020-05-13 21:11:28","2020-05-12","2020-05-12","2021-05-12","1472","LiquidNet Ltd.","whois.liquidnetlimited.com","http://www.liquidnetlimited.com","REDACTED FOR PRIVACY","REDACTED FOR PRIVACY","REDACTED FOR PRIVACY","REDACTED FOR PRIVACY","BOLIVAR","REDACTED FOR PRIVACY","Venezuela","","REDACTED FOR PRIVACY","REDACTED FOR PRIVACY","REDACTED FOR PRIVACY","REDACTED FOR PRIVACY","REDACTED FOR PRIVACY","REDACTED FOR PRIVACY","REDACTED FOR PRIVACY","REDACTED FOR PRIVACY","REDACTED FOR PRIVACY","","REDACTED FOR PRIVACY","REDACTED FOR PRIVACY","REDACTED FOR PRIVACY","REDACTED FOR PRIVACY","REDACTED FOR PRIVACY","REDACTED FOR PRIVACY","REDACTED FOR PRIVACY","REDACTED FOR PRIVACY","REDACTED FOR PRIVACY","","REDACTED FOR PRIVACY","REDACTED FOR PRIVACY","","","","","","","","","","","dns1.100ws.com","dns2.100ws.com","","","clientTransferProhibited","","",""
"16","cesarprince.com","2020-05-13 09:43:40","2020-05-09","2020-05-09","2021-05-09","303","PDR Ltd. d/b/a PublicDomainRegistry.com","whois.publicdomainregistry.com","http://www.publicdomainregistry.com","Cesar Ramon Prince","","San Blas 1, sector 4, grupo f casa no 28","Valencia","Carabobo","2001","Venezuela","wahg@hotmail.com","+58.4244694138","","Cesar Ramon Prince","","San Blas 1, sector 4, grupo f casa no 28","Valencia","Carabobo","2001","Venezuela","wahg@hotmail.com","+58.4244694138","","Cesar Ramon Prince","","San Blas 1, sector 4, grupo f casa no 28","Valencia","Carabobo","2001","Venezuela","wahg@hotmail.com","+58.4244694138","","","","","","","","","","","","ns5.tepuyserver.net","ns6.tepuyserver.net","","","clientTransferProhibited","","",""
"17","chicaseroticasvalencia.com","2020-05-13 20:16:32","2020-05-12","2020-05-12","2021-05-12","303","PDR Ltd. d/b/a PublicDomainRegistry.com","whois.publicdomainregistry.com","http://www.publicdomainregistry.com","Francisco Toro","conceptos web design","Las Quintas de Naguanagua","Naguanagua","Edo. arabobo","2005","Venezuela","conceptoswebdesign@gmail.com","+58.4124451723","","Francisco Toro","conceptos web design","Las Quintas de Naguanagua","Naguanagua","Edo. arabobo","2005","Venezuela","conceptoswebdesign@gmail.com","+58.4124451723","","Francisco Toro","conceptos web design","Las Quintas de Naguanagua","Naguanagua","Edo. arabobo","2005","Venezuela","conceptoswebdesign@gmail.com","+58.4124451723","","","","","","","","","","","","ns29.tepuyserver.net","ns30.tepuyserver.net","","","clientTransferProhibited","","",""
"18","conexioneconomica.com","2020-05-13 20:09:42","2020-05-12","2020-05-12","2021-05-12","303","PDR Ltd. d/b/a PublicDomainRegistry.com","whois.publicdomainregistry.com","http://www.publicdomainregistry.com","Leonardo Soto","Integral Consultores Asociados C.A.","Calle 61 Local 15c-108 Edif. Emprendo Mas","Maracaibo","Edo. Zulia","4001","Venezuela","soporteintegralconsultores@gmail.com","+58.04265665467","","Leonardo Soto","Integral Consultores Asociados C.A.","Calle 61 Local 15c-108 Edif. Emprendo Mas","Maracaibo","Edo. Zulia","4001","Venezuela","soporteintegralconsultores@gmail.com","+58.04265665467","","Leonardo Soto","Integral Consultores Asociados C.A.","Calle 61 Local 15c-108 Edif. Emprendo Mas","Maracaibo","Edo. Zulia","4001","Venezuela","soporteintegralconsultores@gmail.com","+58.04265665467","","","","","","","","","","","","ns1.dattacasiquiare.com","ns2.dattacasiquiare.com","","","clientTransferProhibited","","",""
"19","contabilidad-en-la-nube.com","2020-05-13 20:30:29","2020-05-11","2020-05-11","2025-05-11","2","Network Solutions, LLC","whois.networksolutions.com","http://networksolutions.com","Factory Soft Venezuela, C.A.","Factory Soft Venezuela, C.A.","Calle 137 CC Prebo Piso 3 Oficina 22","Valencia","Carabobo","2002","Venezuela","jfparedesq@gmail.com","584123403030","","Factory Soft Venezuela, C.A.","Factory Soft Venezuela, C.A.","Calle 137 CC Prebo Piso 3 Oficina 22","Valencia","Carabobo","2002","Venezuela","jfparedesq@gmail.com","584123403030","","Factory Soft Venezuela, C.A.","Factory Soft Venezuela, C.A.","Calle 137 CC Prebo Piso 3 Oficina 22","Valencia","Carabobo","2002","Venezuela","jfparedesq@gmail.com","584123403030","","","","","","","","","","","","ns97.worldnic.com","ns98.worldnic.com","","","clientTransferProhibited","","",""
"20","danielpulve.com","2020-05-13 08:01:15","2020-05-11","2020-05-11","2021-05-11","146","GoDaddy.com, LLC","whois.godaddy.com","http://registrar.godaddy.com","","","","","Miranda","","Venezuela","","","","","","","","","","","","","","","","","","","","","","","","","","","","","","","","","","ns23.domaincontrol.com","ns24.domaincontrol.com","","","clientDeleteProhibited","clientRenewProhibited","clientTransferProhibited","clientUpdateProhibited"
"21","delicatesesportobello.com","2020-05-13 21:11:28","2020-05-12","2020-05-12","2021-05-12","1472","LiquidNet Ltd.","whois.liquidnetlimited.com","http://www.liquidnetlimited.com","REDACTED FOR PRIVACY","REDACTED FOR PRIVACY","REDACTED FOR PRIVACY","REDACTED FOR PRIVACY","BOLIVAR","REDACTED FOR PRIVACY","Venezuela","","REDACTED FOR PRIVACY","REDACTED FOR PRIVACY","REDACTED FOR PRIVACY","REDACTED FOR PRIVACY","REDACTED FOR PRIVACY","REDACTED FOR PRIVACY","REDACTED FOR PRIVACY","REDACTED FOR PRIVACY","REDACTED FOR PRIVACY","","REDACTED FOR PRIVACY","REDACTED FOR PRIVACY","REDACTED FOR PRIVACY","REDACTED FOR PRIVACY","REDACTED FOR PRIVACY","REDACTED FOR PRIVACY","REDACTED FOR PRIVACY","REDACTED FOR PRIVACY","REDACTED FOR PRIVACY","","REDACTED FOR PRIVACY","REDACTED FOR PRIVACY","","","","","","","","","","","dns1.100ws.com","dns2.100ws.com","","","clientTransferProhibited","","",""
"22","dessincreativo.com","2020-05-13 20:08:32","2020-05-12","2020-05-12","2021-05-12","303","PDR Ltd. d/b/a PublicDomainRegistry.com","whois.publicdomainregistry.com","http://www.publicdomainregistry.com","Gerardo Martinez","GCM STUDIOS","La ciudadela Caracas","Caracas","Miranda","1080","Venezuela","gcmstudios@yahoo.com","+58.4165954870","","Gerardo Martinez","GCM STUDIOS","La ciudadela Caracas","Caracas","Miranda","1080","Venezuela","gcmstudios@yahoo.com","+58.4165954870","","Gerardo Martinez","GCM STUDIOS","La ciudadela Caracas","Caracas","Miranda","1080","Venezuela","gcmstudios@yahoo.com","+58.4165954870","","","","","","","","","","","","ns1.pachahosting.com","ns2.pachahosting.com","","","clientTransferProhibited","","",""
"23","efectoreyesfx.com","2020-05-13 07:14:10","2020-05-11","2020-05-11","2021-05-11","303","PDR Ltd. d/b/a PublicDomainRegistry.com","whois.publicdomainregistry.com","http://www.publicdomainregistry.com","Ernesto Reyes","","calle padre lazo sur con avenida loreto","la victoria","aragua","2121","Venezuela","efectoreyes.fx@gmail.com","+58.4243471900","","Ernesto Reyes","","calle padre lazo sur con avenida loreto","la victoria","aragua","2121","Venezuela","efectoreyes.fx@gmail.com","+58.4243471900","","Ernesto Reyes","","calle padre lazo sur con avenida loreto","la victoria","aragua","2121","Venezuela","efectoreyes.fx@gmail.com","+58.4243471900","","","","","","","","","","","","ns7.freednsnoc.com","ns8.freednsnoc.com","","","clientTransferProhibited","","",""
"24","elliesdiner.com","2020-05-13 09:39:52","2020-05-09","2020-05-09","2021-05-09","146","GoDaddy.com, LLC","whois.godaddy.com","http://registrar.godaddy.com","tgi, s.a.","tgi, s.a.","","","zulia","","Venezuela","","","","","","","","","","","","","","","","","","","","","","","","","","","","","","","","","","ns27.domaincontrol.com","ns28.domaincontrol.com","","","clientDeleteProhibited","clientRenewProhibited","clientTransferProhibited","clientUpdateProhibited"
"25","emprendefelizdigital.com","2020-05-13 09:30:05","2020-05-09","2020-05-09","2021-05-09","146","GoDaddy.com, LLC","whois.godaddy.com","http://registrar.godaddy.com","","","","","Miranda","","Venezuela","","","","","","","","","","","","","","","","","","","","","","","","","","","","","","","","","","ns75.domaincontrol.com","ns76.domaincontrol.com","","","clientDeleteProhibited","clientRenewProhibited","clientTransferProhibited","clientUpdateProhibited"
"26","encasalocompro.com","2020-05-13 19:51:05","2020-05-12","2020-05-12","2021-05-12","303","PDR Ltd. d/b/a PublicDomainRegistry.com","whois.publicdomainregistry.com","http://www.publicdomainregistry.com","Anderson Romero Marchan","Anderson Romero Marchan","Sede de StinCompany","Cumana","Sucre","6101","Venezuela","ajrmarchan@gmail.com","+58.4147880126","","Anderson Romero Marchan","Anderson Romero Marchan","Sede de StinCompany","Cumana","Sucre","6101","Venezuela","ajrmarchan@gmail.com","+58.4147880126","","Anderson Romero Marchan","Anderson Romero Marchan","Sede de StinCompany","Cumana","Sucre","6101","Venezuela","ajrmarchan@gmail.com","+58.4147880126","","","","","","","","","","","","ns1.donweb.com","ns2.donweb.com","","","clientTransferProhibited","","",""
"27","enkiland.com","2020-05-13 19:39:50","2020-05-11","2020-05-11","2021-05-11","303","PDR Ltd. d/b/a PublicDomainRegistry.com","whois.publicdomainregistry.com","http://www.publicdomainregistry.com","Alexander Garcia","Data Premium de Venezuela 11 CA","Av. 4 Los Palos Grandes","Caracas","Miranda","1071","Venezuela","contacto@datapremium.net","+58.2122385986","","Alexander Garcia","Data Premium de Venezuela 11 CA","Av. 4 Los Palos Grandes","Caracas","Miranda","1071","Venezuela","contacto@datapremium.net","+58.2122385986","","Alexander Garcia","Data Premium de Venezuela 11 CA","Av. 4 Los Palos Grandes","Caracas","Miranda","1071","Venezuela","contacto@datapremium.net","+58.2122385986","","","","","","","","","","","","ns41.domaincontrol.com","ns42.domaincontrol.com","","","clientTransferProhibited","","",""
"28","enochaccessories.com","2020-05-13 10:04:31","2020-05-10","2020-05-10","2021-05-10","146","GoDaddy.com, LLC","whois.godaddy.com","http://registrar.godaddy.com","Asesistel","Asesistel","","","Carabobo","","Venezuela","","","","","","","","","","","","","","","","","","","","","","","","","","","","","","","","","","ns55.domaincontrol.com","ns56.domaincontrol.com","","","clientDeleteProhibited","clientRenewProhibited","clientTransferProhibited","clientUpdateProhibited"
"29","entreteclas.com","2020-05-13 09:12:02","2020-05-09","2020-05-09","2021-05-09","146","GoDaddy.com, LLC","whois.godaddy.com","http://registrar.godaddy.com","APSE DESIGN C.A.","APSE DESIGN C.A.","","","Miranda","","Venezuela","","","","","","","","","","","","","","","","","","","","","","","","","","","","","","","","","","ns75.domaincontrol.com","ns76.domaincontrol.com","","","clientDeleteProhibited","clientRenewProhibited","clientTransferProhibited","clientUpdateProhibited"
"30","estampascriollas.com","2020-05-13 20:09:07","2020-05-12","2020-05-12","2021-05-12","146","GoDaddy.com, LLC","whois.godaddy.com","http://registrar.godaddy.com","","","","","Apure","","Venezuela","","","","","","","","","","","","","","","","","","","","","","","","","","","","","","","","","","ns09.domaincontrol.com","ns10.domaincontrol.com","","","clientDeleteProhibited","clientRenewProhibited","clientTransferProhibited","clientUpdateProhibited"
"31","eterna-venezuela.com","2020-05-13 07:01:47","2020-05-11","2020-05-11","2021-05-11","303","PDR Ltd. d/b/a PublicDomainRegistry.com","whois.publicdomainregistry.com","http://www.publicdomainregistry.com","Andres Prypchan","","Avenida principal de los Samanes, calle 2, Edif. Bariloche, PH1","Caracas","Miranda","1080","Venezuela","eterna_venezuela@aol.com","+58.4140140753","","Andres Prypchan","","Avenida principal de los Samanes, calle 2, Edif. Bariloche, PH1","Caracas","Miranda","1080","Venezuela","eterna_venezuela@aol.com","+58.4140140753","","Andres Prypchan","","Avenida principal de los Samanes, calle 2, Edif. Bariloche, PH1","Caracas","Miranda","1080","Venezuela","eterna_venezuela@aol.com","+58.4140140753","","","","","","","","","","","","ns5.tepuyserver.net","ns6.tepuyserver.net","","","clientTransferProhibited","","",""
"32","eurekams.com","2020-05-13 10:53:11","2020-05-11","2020-05-11","2021-05-11","146","GoDaddy.com, LLC","whois.godaddy.com","http://registrar.godaddy.com","Eureka","Eureka","","","FL","","Venezuela","","","","","","","","","","","","","","","","","","","","","","","","","","","","","","","","","","ns27.domaincontrol.com","ns28.domaincontrol.com","","","clientDeleteProhibited","clientRenewProhibited","clientTransferProhibited","clientUpdateProhibited"
"33","expresoscafe.com","2020-05-13 19:36:53","2020-05-11","2020-05-11","2021-05-11","146","GoDaddy.com, LLC","whois.godaddy.com","http://registrar.godaddy.com","","","","","Anzoategui","","Venezuela","","","","","","","","","","","","","","","","","","","","","","","","","","","","","","","","","","ns25.domaincontrol.com","ns26.domaincontrol.com","","","clientDeleteProhibited","clientRenewProhibited","clientTransferProhibited","clientUpdateProhibited"
"34","expressativo.com","2020-05-13 10:54:14","2020-05-11","2020-05-11","2021-05-11","303","PDR Ltd. d/b/a PublicDomainRegistry.com","whois.publicdomainregistry.com","http://www.publicdomainregistry.com","Mervis Romero Romero","OPTYTEAM","Calle Junin al final Nro. Rio 40","BEJUMA","CARABOBO","2040","Venezuela","mervisnuirail@hotmail.com","+58.4128845468","","Mervis Romero Romero","OPTYTEAM","Calle Junin al final Nro. Rio 40","BEJUMA","CARABOBO","2040","Venezuela","mervisnuirail@hotmail.com","+58.4128845468","","Mervis Romero Romero","OPTYTEAM","Calle Junin al final Nro. Rio 40","BEJUMA","CARABOBO","2040","Venezuela","mervisnuirail@hotmail.com","+58.4128845468","","","","","","","","","","","","ns1.dns-parking.com","ns2.dns-parking.com","","","clientTransferProhibited","","",""
"35","fisioatualcance.com","2020-05-13 20:09:40","2020-05-12","2020-05-12","2021-05-12","146","GoDaddy.com, LLC","whois.godaddy.com","http://registrar.godaddy.com","","","","","Vargas","","Venezuela","","","","","","","","","","","","","","","","","","","","","","","","","","","","","","","","","","ns27.domaincontrol.com","ns28.domaincontrol.com","","","clientDeleteProhibited","clientRenewProhibited","clientTransferProhibited","clientUpdateProhibited"
"36","frontiersagency.com","2020-05-13 07:12:40","2020-05-10","2020-05-10","2021-05-10","379","Arsys Internet, S.L. dba NICLINE.COM","whois.nicline.com","http://www.nicline.com","REDACTED FOR PRIVACY","","REDACTED FOR PRIVACY","REDACTED FOR PRIVACY","N A","REDACTED FOR PRIVACY","Venezuela","whoiscontact@domainconnection.info","REDACTED FOR PRIVACY","REDACTED FOR PRIVACY","REDACTED FOR PRIVACY","REDACTED FOR PRIVACY","REDACTED FOR PRIVACY","REDACTED FOR PRIVACY","REDACTED FOR PRIVACY","REDACTED FOR PRIVACY","REDACTED FOR PRIVACY","whoiscontact@domainconnection.info","REDACTED FOR PRIVACY","REDACTED FOR PRIVACY","REDACTED FOR PRIVACY","REDACTED FOR PRIVACY","REDACTED FOR PRIVACY","REDACTED FOR PRIVACY","REDACTED FOR PRIVACY","REDACTED FOR PRIVACY","REDACTED FOR PRIVACY","whoiscontact@domainconnection.info","REDACTED FOR PRIVACY","REDACTED FOR PRIVACY","","","","","","","","","","","dns49.servidoresdns.net","dns50.servidoresdns.net","","","addPeriod","clientTransferProhibited","",""
"37","gamalogisticservices.com","2020-05-13 19:54:46","2020-05-12","2020-05-12","2021-05-12","1666","OpenTLD B.V.","http://www.freenom.com/whois","http://www.freenom.com/","REDACTED FOR PRIVACY","REDACTED FOR PRIVACY","REDACTED FOR PRIVACY","REDACTED FOR PRIVACY","Vargas","REDACTED FOR PRIVACY","Venezuela","","REDACTED FOR PRIVACY","","REDACTED FOR PRIVACY","REDACTED FOR PRIVACY","REDACTED FOR PRIVACY","REDACTED FOR PRIVACY","REDACTED FOR PRIVACY","REDACTED FOR PRIVACY","REDACTED FOR PRIVACY","","REDACTED FOR PRIVACY","","REDACTED FOR PRIVACY","REDACTED FOR PRIVACY","REDACTED FOR PRIVACY","REDACTED FOR PRIVACY","REDACTED FOR PRIVACY","REDACTED FOR PRIVACY","REDACTED FOR PRIVACY","","REDACTED FOR PRIVACY","","","","","","","","","","","","ns3.vnzservers.com","ns4.vnzservers.com","","","clientTransferProhibited","","",""
"38","gingenieros.net","2020-05-14 00:09:58","2020-05-12","2020-05-12","2021-05-12","1388","Dattatec.com SRL","whois.dattatec.com","http://www.dattatec.com","GRUPO INVERCREATIVAS C.A.","GRUPO INVERCREATIVAS C.A.","AV BOLIVAR","PORLAMAR","NUEVA ESPARTA","2000","Venezuela","carourquiola@gmail.com","+58.+584 ( 1478","","GRUPO INVERCREATIVAS C.A.","GRUPO INVERCREATIVAS C.A.","AV BOLIVAR","PORLAMAR","NUEVA ESPARTA","2000","Venezuela","carourquiola@gmail.com","+58.+584 ( 1478","","GRUPO INVERCREATIVAS C.A.","GRUPO INVERCREATIVAS C.A.","AV BOLIVAR","PORLAMAR","NUEVA ESPARTA","2000","Venezuela","carourquiola@gmail.com","+58.+584 ( 1478","","","","","","","","","","","","ns1.donweb.cl","ns1.donweb.co","ns1.donweb.mx","ns1.donweb.uy","OK","","",""
"39","grivalco.com","2020-05-13 10:13:11","2020-05-10","2020-05-10","2021-05-10","303","PDR Ltd. d/b/a PublicDomainRegistry.com","whois.publicdomainregistry.com","http://www.publicdomainregistry.com","Andres Curma","Grivalco C.A.","Los Caobos","Caracas","Distrito Capital","1050","Venezuela","andrescurma@gmail.com","+58.4143909468","","Andres Curma","Grivalco C.A.","Los Caobos","Caracas","Distrito Capital","1050","Venezuela","andrescurma@gmail.com","+58.4143909468","","Andres Curma","Grivalco C.A.","Los Caobos","Caracas","Distrito Capital","1050","Venezuela","andrescurma@gmail.com","+58.4143909468","","","","","","","","","","","","ns1.dns-parking.com","ns2.dns-parking.com","","","clientTransferProhibited","","",""
"40","habaneroviral.com","2020-05-13 20:19:43","2020-05-12","2020-05-12","2021-05-12","146","GoDaddy.com, LLC","whois.godaddy.com","http://registrar.godaddy.com","","","","","Guarico","","Venezuela","","","","","","","","","","","","","","","","","","","","","","","","","","","","","","","","","","ns65.domaincontrol.com","ns66.domaincontrol.com","","","clientDeleteProhibited","clientRenewProhibited","clientTransferProhibited","clientUpdateProhibited"
"41","inbasso.com","2020-05-13 19:41:25","2020-05-11","2020-05-11","2021-05-11","146","GoDaddy.com, LLC","whois.godaddy.com","http://registrar.godaddy.com","Inversiones VD Jashub c.a.","Inversiones VD Jashub c.a.","","","Miranda","","Venezuela","","","","","","","","","","","","","","","","","","","","","","","","","","","","","","","","","","ns3.tepuyserver.net","ns4.tepuyserver.net","","","clientDeleteProhibited","clientRenewProhibited","clientTransferProhibited","clientUpdateProhibited"
"42","inversionesjosgar.com","2020-05-13 19:50:00","2020-05-11","2020-05-12","2021-05-11","76","Nominalia Internet S.L.","whois.nominalia.com","http://www.nominalia.com","REDACTED FOR PRIVACY","REDACTED FOR PRIVACY","REDACTED FOR PRIVACY","REDACTED FOR PRIVACY","Portuguesa","REDACTED FOR PRIVACY","Venezuela","","REDACTED.FORPRIVACY","REDACTED.FORPRIVACY","REDACTED FOR PRIVACY","REDACTED FOR PRIVACY","REDACTED FOR PRIVACY","REDACTED FOR PRIVACY","Portuguesa","REDACTED FOR PRIVACY","Venezuela","","REDACTED.FORPRIVACY","REDACTED.FORPRIVACY","REDACTED FOR PRIVACY","REDACTED FOR PRIVACY","REDACTED FOR PRIVACY","REDACTED FOR PRIVACY","Barcelona","REDACTED FOR PRIVACY","Spain","","REDACTED.FORPRIVACY","REDACTED.FORPRIVACY","","","","","","","","","","","ns11.wnetserver.com","ns12.wnetserver.com","","","OK","","",""
"43","inversoracurr.com","2020-05-13 07:11:00","2020-05-10","2020-05-11","2021-05-10","379","Arsys Internet, S.L. dba NICLINE.COM","whois.nicline.com","http://www.nicline.com","REDACTED FOR PRIVACY","","REDACTED FOR PRIVACY","REDACTED FOR PRIVACY","SIN PROVINCIA","REDACTED FOR PRIVACY","Venezuela","whoiscontact@domainconnection.info","REDACTED FOR PRIVACY","REDACTED FOR PRIVACY","REDACTED FOR PRIVACY","REDACTED FOR PRIVACY","REDACTED FOR PRIVACY","REDACTED FOR PRIVACY","REDACTED FOR PRIVACY","REDACTED FOR PRIVACY","REDACTED FOR PRIVACY","whoiscontact@domainconnection.info","REDACTED FOR PRIVACY","REDACTED FOR PRIVACY","REDACTED FOR PRIVACY","REDACTED FOR PRIVACY","REDACTED FOR PRIVACY","REDACTED FOR PRIVACY","REDACTED FOR PRIVACY","REDACTED FOR PRIVACY","REDACTED FOR PRIVACY","whoiscontact@domainconnection.info","REDACTED FOR PRIVACY","REDACTED FOR PRIVACY","","","","","","","","","","","dns1.sered.net","dns2.sered.net","","","addPeriod","clientTransferProhibited","",""
"44","ismopanama.com","2020-05-13 20:07:29","2020-05-12","2020-05-12","2021-05-12","146","GoDaddy.com, LLC","whois.godaddy.com","http://registrar.godaddy.com","","","","","Caracas","","Venezuela","","","","","","","","","","","","","","","","","","","","","","","","","","","","","","","","","","apollo.ns.cloudflare.com","bingo.ns.cloudflare.com","","","clientDeleteProhibited","clientRenewProhibited","clientTransferProhibited","clientUpdateProhibited"
"45","ivdesordenmundial.com","2020-05-13 07:10:33","2020-05-10","2020-05-10","2021-05-10","379","Arsys Internet, S.L. dba NICLINE.COM","whois.nicline.com","http://www.nicline.com","REDACTED FOR PRIVACY","","REDACTED FOR PRIVACY","REDACTED FOR PRIVACY","N A","REDACTED FOR PRIVACY","Venezuela","whoiscontact@domainconnection.info","REDACTED FOR PRIVACY","REDACTED FOR PRIVACY","REDACTED FOR PRIVACY","REDACTED FOR PRIVACY","REDACTED FOR PRIVACY","REDACTED FOR PRIVACY","REDACTED FOR PRIVACY","REDACTED FOR PRIVACY","REDACTED FOR PRIVACY","whoiscontact@domainconnection.info","REDACTED FOR PRIVACY","REDACTED FOR PRIVACY","REDACTED FOR PRIVACY","REDACTED FOR PRIVACY","REDACTED FOR PRIVACY","REDACTED FOR PRIVACY","REDACTED FOR PRIVACY","REDACTED FOR PRIVACY","REDACTED FOR PRIVACY","whoiscontact@domainconnection.info","REDACTED FOR PRIVACY","REDACTED FOR PRIVACY","","","","","","","","","","","dns49.servidoresdns.net","dns50.servidoresdns.net","","","addPeriod","clientTransferProhibited","",""
"46","jairamnavas.com","2020-05-13 19:58:07","2020-05-12","2020-05-12","2021-05-12","82","OnlineNIC, Inc.","whois.onlinenic.com","http://www.onlinenic.com","CaracasHosting","CaracasHosting","caracas","caracas","dc","1050","Venezuela","info@caracashosting.com","+58.2127618340","+58.2127618340","CaracasHosting","CaracasHosting","caracas","caracas","dc","1050","Venezuela","info@caracashosting.com","+58.2127618340","+58.2127618340","CaracasHosting","CaracasHosting","caracas","caracas","dc","1050","Venezuela","info@caracashosting.com","+58.2127618340","+58.2127618340","","","","","","","","","","","dns1.dominioscaracas.com","dns2.dominioscaracas.com","","","clientTransferProhibited","","",""
"47","jeanlapotencia.com","2020-05-13 08:29:07","2020-05-10","2020-05-11","2021-05-10","1647","Hosting Concepts B.V. dba Openprovider","whois.registrar.eu","http://www.openprovider.com","REDACTED FOR PRIVACY","","REDACTED FOR PRIVACY","REDACTED FOR PRIVACY","Anzoategui","REDACTED FOR PRIVACY","Venezuela","","REDACTED FOR PRIVACY","REDACTED FOR PRIVACY","REDACTED FOR PRIVACY","REDACTED FOR PRIVACY","REDACTED FOR PRIVACY","REDACTED FOR PRIVACY","REDACTED FOR PRIVACY","REDACTED FOR PRIVACY","REDACTED FOR PRIVACY","","REDACTED FOR PRIVACY","REDACTED FOR PRIVACY","REDACTED FOR PRIVACY","REDACTED FOR PRIVACY","REDACTED FOR PRIVACY","REDACTED FOR PRIVACY","REDACTED FOR PRIVACY","REDACTED FOR PRIVACY","REDACTED FOR PRIVACY","","REDACTED FOR PRIVACY","REDACTED FOR PRIVACY","","","","","","","","","","","dns1.sered.net","dns2.sered.net","","","clientTransferProhibited","ok","",""
"48","joyeriasfena.com","2020-05-13 20:15:50","2020-05-12","2020-05-12","2021-05-12","82","OnlineNIC, Inc.","whois.onlinenic.com","http://www.onlinenic.com","CaracasHosting","CaracasHosting","caracas","caracas","dc","1050","Venezuela","info@caracashosting.com","+58.2127618340","+58.2127618340","CaracasHosting","CaracasHosting","caracas","caracas","dc","1050","Venezuela","info@caracashosting.com","+58.2127618340","+58.2127618340","CaracasHosting","CaracasHosting","caracas","caracas","dc","1050","Venezuela","info@caracashosting.com","+58.2127618340","+58.2127618340","","","","","","","","","","","200.ip-51-75-194.eu","snds2.ovh.net","","","clientTransferProhibited","","",""
"49","keahworld.com","2020-05-13 20:37:59","2020-05-11","2020-05-11","2022-05-11","146","GoDaddy.com, LLC","whois.godaddy.com","http://registrar.godaddy.com","Mundo Keah","Mundo Keah","","","Miranda","","Venezuela","","","","","","","","","","","","","","","","","","","","","","","","","","","","","","","","","","ns1.canaimavps.com","ns2.canaimavps.com","","","clientDeleteProhibited","clientRenewProhibited","clientTransferProhibited","clientUpdateProhibited"
"50","lacolinatienda.com","2020-05-13 20:42:34","2020-05-12","2020-05-12","2021-05-12","303","PDR Ltd. d/b/a PublicDomainRegistry.com","whois.publicdomainregistry.com","http://www.publicdomainregistry.com","LA COLINA TIENDA","LA COLINA TIENDA","Barcelona","Barcelona","Anzoategui","6001","Venezuela","xeco99@gmail.com","+58.4121801296","","LA COLINA TIENDA","LA COLINA TIENDA","Barcelona","Barcelona","Anzoategui","6001","Venezuela","xeco99@gmail.com","+58.4121801296","","LA COLINA TIENDA","LA COLINA TIENDA","Barcelona","Barcelona","Anzoategui","6001","Venezuela","xeco99@gmail.com","+58.4121801296","","","","","","","","","","","","usm11.noc41.com","usm12.noc41.com","","","clientTransferProhibited","","",""
"51","ladmarstore.com","2020-05-13 21:10:09","2020-05-12","2020-05-12","2021-05-12","303","PDR Ltd. d/b/a PublicDomainRegistry.com","whois.publicdomainregistry.com","http://www.publicdomainregistry.com","Hugo Castro","","Caracas","Caracas","Distrito Capital","1010","Venezuela","hugoecastro@gmail.com","+58.4143057324","","Hugo Castro","","Caracas","Caracas","Distrito Capital","1010","Venezuela","hugoecastro@gmail.com","+58.4143057324","","Hugo Castro","","Caracas","Caracas","Distrito Capital","1010","Venezuela","hugoecastro@gmail.com","+58.4143057324","","","","","","","","","","","","ns1.wnetve.com","ns2.wnetve.com","","","clientTransferProhibited","","",""
"52","lamenteysuscosas.com","2020-05-13 07:10:47","2020-05-10","2020-05-11","2021-05-10","379","Arsys Internet, S.L. dba NICLINE.COM","whois.nicline.com","http://www.nicline.com","REDACTED FOR PRIVACY","","REDACTED FOR PRIVACY","REDACTED FOR PRIVACY","SIN PROVINCIA","REDACTED FOR PRIVACY","Venezuela","whoiscontact@domainconnection.info","REDACTED FOR PRIVACY","REDACTED FOR PRIVACY","REDACTED FOR PRIVACY","REDACTED FOR PRIVACY","REDACTED FOR PRIVACY","REDACTED FOR PRIVACY","REDACTED FOR PRIVACY","REDACTED FOR PRIVACY","REDACTED FOR PRIVACY","whoiscontact@domainconnection.info","REDACTED FOR PRIVACY","REDACTED FOR PRIVACY","REDACTED FOR PRIVACY","REDACTED FOR PRIVACY","REDACTED FOR PRIVACY","REDACTED FOR PRIVACY","REDACTED FOR PRIVACY","REDACTED FOR PRIVACY","REDACTED FOR PRIVACY","whoiscontact@domainconnection.info","REDACTED FOR PRIVACY","REDACTED FOR PRIVACY","","","","","","","","","","","dns1.sered.net","dns2.sered.net","","","addPeriod","clientTransferProhibited","",""
"53","lauvipfitness.com","2020-05-13 20:50:04","2020-05-12","2020-05-12","2021-05-12","146","GoDaddy.com, LLC","whois.godaddy.com","http://registrar.godaddy.com","","","","","Anzoategui","","Venezuela","","","","","","","","","","","","","","","","","","","","","","","","","","","","","","","","","","ns5.tepuyserver.net","ns6.tepuyserver.net","","","clientDeleteProhibited","clientRenewProhibited","clientTransferProhibited","clientUpdateProhibited"
"54","libertadeconcienciaplena.com","2020-05-13 07:15:31","2020-05-11","2020-05-11","2021-05-11","379","Arsys Internet, S.L. dba NICLINE.COM","whois.nicline.com","http://www.nicline.com","REDACTED FOR PRIVACY","","REDACTED FOR PRIVACY","REDACTED FOR PRIVACY","N A","REDACTED FOR PRIVACY","Venezuela","whoiscontact@domainconnection.info","REDACTED FOR PRIVACY","REDACTED FOR PRIVACY","REDACTED FOR PRIVACY","REDACTED FOR PRIVACY","REDACTED FOR PRIVACY","REDACTED FOR PRIVACY","REDACTED FOR PRIVACY","REDACTED FOR PRIVACY","REDACTED FOR PRIVACY","whoiscontact@domainconnection.info","REDACTED FOR PRIVACY","REDACTED FOR PRIVACY","REDACTED FOR PRIVACY","REDACTED FOR PRIVACY","REDACTED FOR PRIVACY","REDACTED FOR PRIVACY","REDACTED FOR PRIVACY","REDACTED FOR PRIVACY","REDACTED FOR PRIVACY","whoiscontact@domainconnection.info","REDACTED FOR PRIVACY","REDACTED FOR PRIVACY","","","","","","","","","","","dns49.servidoresdns.net","dns50.servidoresdns.net","","","addPeriod","clientTransferProhibited","",""
"55","lilyshoppoz.com","2020-05-13 10:10:26","2020-05-10","2020-05-10","2021-05-10","379","Arsys Internet, S.L. dba NICLINE.COM","whois.nicline.com","http://www.nicline.com","REDACTED FOR PRIVACY","","REDACTED FOR PRIVACY","REDACTED FOR PRIVACY","N A","REDACTED FOR PRIVACY","Venezuela","whoiscontact@domainconnection.info","REDACTED FOR PRIVACY","REDACTED FOR PRIVACY","REDACTED FOR PRIVACY","REDACTED FOR PRIVACY","REDACTED FOR PRIVACY","REDACTED FOR PRIVACY","REDACTED FOR PRIVACY","REDACTED FOR PRIVACY","REDACTED FOR PRIVACY","whoiscontact@domainconnection.info","REDACTED FOR PRIVACY","REDACTED FOR PRIVACY","REDACTED FOR PRIVACY","REDACTED FOR PRIVACY","REDACTED FOR PRIVACY","REDACTED FOR PRIVACY","REDACTED FOR PRIVACY","REDACTED FOR PRIVACY","REDACTED FOR PRIVACY","whoiscontact@domainconnection.info","REDACTED FOR PRIVACY","REDACTED FOR PRIVACY","","","","","","","","","","","dns49.servidoresdns.net","dns50.servidoresdns.net","","","addPeriod","clientTransferProhibited","",""
"56","luznunez.com","2020-05-13 09:15:34","2020-05-09","2020-05-09","2021-05-09","379","Arsys Internet, S.L. dba NICLINE.COM","whois.nicline.com","http://www.nicline.com","REDACTED FOR PRIVACY","","REDACTED FOR PRIVACY","REDACTED FOR PRIVACY","Falcon","REDACTED FOR PRIVACY","Venezuela","whoiscontact@domainconnection.info","REDACTED FOR PRIVACY","REDACTED FOR PRIVACY","REDACTED FOR PRIVACY","REDACTED FOR PRIVACY","REDACTED FOR PRIVACY","REDACTED FOR PRIVACY","REDACTED FOR PRIVACY","REDACTED FOR PRIVACY","REDACTED FOR PRIVACY","whoiscontact@domainconnection.info","REDACTED FOR PRIVACY","REDACTED FOR PRIVACY","REDACTED FOR PRIVACY","REDACTED FOR PRIVACY","REDACTED FOR PRIVACY","REDACTED FOR PRIVACY","REDACTED FOR PRIVACY","REDACTED FOR PRIVACY","REDACTED FOR PRIVACY","whoiscontact@domainconnection.info","REDACTED FOR PRIVACY","REDACTED FOR PRIVACY","","","","","","","","","","","dns49.servidoresdns.net","dns50.servidoresdns.net","","","addPeriod","clientTransferProhibited","",""
"57","lydeativo.com","2020-05-13 08:05:23","2020-05-10","2020-05-10","2021-05-10","303","PDR Ltd. d/b/a PublicDomainRegistry.com","whois.publicdomainregistry.com","http://www.publicdomainregistry.com","Leonardo Guillen","","Maracay","Maracay","Aragua","0000","Venezuela","leoguillen8@gmail.com","+58.04124361510","","Leonardo Guillen","","Maracay","Maracay","Aragua","0000","Venezuela","leoguillen8@gmail.com","+58.04124361510","","Leonardo Guillen","","Maracay","Maracay","Aragua","0000","Venezuela","leoguillen8@gmail.com","+58.04124361510","","","","","","","","","","","","y.dns40.com","z.dns40.com","","","clientTransferProhibited","","",""
"58","mercadoware.com","2020-05-13 20:26:14","2020-05-11","2020-05-11","2021-05-11","146","GoDaddy.com, LLC","whois.godaddy.com","http://registrar.godaddy.com","Mercado ware","Mercado ware","","","Lara","","Venezuela","","","","","","","","","","","","","","","","","","","","","","","","","","","","","","","","","","ns09.domaincontrol.com","ns10.domaincontrol.com","","","clientDeleteProhibited","clientRenewProhibited","clientTransferProhibited","clientUpdateProhibited"
"59","molinacruz.com","2020-05-13 20:14:28","2020-05-12","2020-05-12","2021-05-12","379","Arsys Internet, S.L. dba NICLINE.COM","whois.nicline.com","http://www.nicline.com","REDACTED FOR PRIVACY","","REDACTED FOR PRIVACY","REDACTED FOR PRIVACY","N A","REDACTED FOR PRIVACY","Venezuela","whoiscontact@domainconnection.info","REDACTED FOR PRIVACY","REDACTED FOR PRIVACY","REDACTED FOR PRIVACY","REDACTED FOR PRIVACY","REDACTED FOR PRIVACY","REDACTED FOR PRIVACY","REDACTED FOR PRIVACY","REDACTED FOR PRIVACY","REDACTED FOR PRIVACY","whoiscontact@domainconnection.info","REDACTED FOR PRIVACY","REDACTED FOR PRIVACY","REDACTED FOR PRIVACY","REDACTED FOR PRIVACY","REDACTED FOR PRIVACY","REDACTED FOR PRIVACY","REDACTED FOR PRIVACY","REDACTED FOR PRIVACY","REDACTED FOR PRIVACY","whoiscontact@domainconnection.info","REDACTED FOR PRIVACY","REDACTED FOR PRIVACY","","","","","","","","","","","dns41.servidoresdns.net","dns42.servidoresdns.net","","","addPeriod","clientTransferProhibited","",""
"60","momentsbynatali.com","2020-05-13 10:53:52","2020-05-11","2020-05-11","2021-05-11","303","PDR Ltd. d/b/a PublicDomainRegistry.com","whois.publicdomainregistry.com","http://www.publicdomainregistry.com","Nathalie Sawan","","BIYADA ALLEE DES FLEURS STREET 11 VANLIAN BLDG","MATEN","LEBANON","1468","Venezuela","natali.sawan@gmail.com","+58.9613535320","","Nathalie Sawan","","BIYADA ALLEE DES FLEURS STREET 11 VANLIAN BLDG","MATEN","LEBANON","1468","Venezuela","natali.sawan@gmail.com","+58.9613535320","","Nathalie Sawan","","BIYADA ALLEE DES FLEURS STREET 11 VANLIAN BLDG","MATEN","LEBANON","1468","Venezuela","natali.sawan@gmail.com","+58.9613535320","","","","","","","","","","","","ns7.conectarhosting.com","ns8.conectarhosting.com","","","clientTransferProhibited","","",""
"61","muinmortals6.com","2020-05-13 20:26:39","2020-05-11","2020-05-11","2021-05-11","303","PDR Ltd. d/b/a PublicDomainRegistry.com","whois.publicdomainregistry.com","http://www.publicdomainregistry.com","eliney pirela","","av 6 con calle 18 0","maracaibo","zulia","4004","Venezuela","davidpirelaaraujo@gmail.com","+58.4246702014","","eliney pirela","","av 6 con calle 18 0","maracaibo","zulia","4004","Venezuela","davidpirelaaraujo@gmail.com","+58.4246702014","","eliney pirela","","av 6 con calle 18 0","maracaibo","zulia","4004","Venezuela","davidpirelaaraujo@gmail.com","+58.4246702014","","","","","","","","","","","","andy.ns.cloudflare.com","uma.ns.cloudflare.com","","","clientTransferProhibited","","",""
"62","mundokeah.com","2020-05-13 20:45:35","2020-05-11","2020-05-11","2022-05-11","146","GoDaddy.com, LLC","whois.godaddy.com","http://registrar.godaddy.com","Mundo Keah","Mundo Keah","","","Miranda","","Venezuela","","","","","","","","","","","","","","","","","","","","","","","","","","","","","","","","","","ns31.domaincontrol.com","ns32.domaincontrol.com","","","clientDeleteProhibited","clientRenewProhibited","clientTransferProhibited","clientUpdateProhibited"
"63","mybikezone.com","2020-05-13 20:54:22","2020-05-12","2020-05-13","2021-05-12","379","Arsys Internet, S.L. dba NICLINE.COM","whois.nicline.com","http://www.nicline.com","REDACTED FOR PRIVACY","","REDACTED FOR PRIVACY","REDACTED FOR PRIVACY","SIN PROVINCIA","REDACTED FOR PRIVACY","Venezuela","whoiscontact@domainconnection.info","REDACTED FOR PRIVACY","REDACTED FOR PRIVACY","REDACTED FOR PRIVACY","REDACTED FOR PRIVACY","REDACTED FOR PRIVACY","REDACTED FOR PRIVACY","REDACTED FOR PRIVACY","REDACTED FOR PRIVACY","REDACTED FOR PRIVACY","whoiscontact@domainconnection.info","REDACTED FOR PRIVACY","REDACTED FOR PRIVACY","REDACTED FOR PRIVACY","REDACTED FOR PRIVACY","REDACTED FOR PRIVACY","REDACTED FOR PRIVACY","REDACTED FOR PRIVACY","REDACTED FOR PRIVACY","REDACTED FOR PRIVACY","whoiscontact@domainconnection.info","REDACTED FOR PRIVACY","REDACTED FOR PRIVACY","","","","","","","","","","","ns6427.hostgator.com","ns6428.hostgator.com","","","addPeriod","clientTransferProhibited","",""
"64","neotexto.com","2020-05-13 10:53:51","2020-05-11","2020-05-11","2021-05-11","303","PDR Ltd. d/b/a PublicDomainRegistry.com","whois.publicdomainregistry.com","http://www.publicdomainregistry.com","Mervis Romero Romero","OPTYTEAM","Calle Junin al final Nro. Rio 40","BEJUMA","CARABOBO","2040","Venezuela","mervisnuirail@hotmail.com","+58.4128845468","","Mervis Romero Romero","OPTYTEAM","Calle Junin al final Nro. Rio 40","BEJUMA","CARABOBO","2040","Venezuela","mervisnuirail@hotmail.com","+58.4128845468","","Mervis Romero Romero","OPTYTEAM","Calle Junin al final Nro. Rio 40","BEJUMA","CARABOBO","2040","Venezuela","mervisnuirail@hotmail.com","+58.4128845468","","","","","","","","","","","","ns1.dns-parking.com","ns2.dns-parking.com","","","clientTransferProhibited","","",""
"65","nomina-en-la-nube.com","2020-05-13 20:30:35","2020-05-11","2020-05-11","2025-05-11","2","Network Solutions, LLC","whois.networksolutions.com","http://networksolutions.com","Factory Soft Venezuela, C.A.","Factory Soft Venezuela, C.A.","Calle 137 CC Prebo Piso 3 Oficina 22","Valencia","Carabobo","2002","Venezuela","jfparedesq@gmail.com","584123403030","","Factory Soft Venezuela, C.A.","Factory Soft Venezuela, C.A.","Calle 137 CC Prebo Piso 3 Oficina 22","Valencia","Carabobo","2002","Venezuela","jfparedesq@gmail.com","584123403030","","Factory Soft Venezuela, C.A.","Factory Soft Venezuela, C.A.","Calle 137 CC Prebo Piso 3 Oficina 22","Valencia","Carabobo","2002","Venezuela","jfparedesq@gmail.com","584123403030","","","","","","","","","","","","ns3.worldnic.com","ns4.worldnic.com","","","clientTransferProhibited","","",""
"66","orgonitaluz.com","2020-05-13 21:12:08","2020-05-12","2020-05-12","2021-05-12","69","Tucows Domains Inc.","whois.tucows.com","http://domainhelp.opensrs.net","REDACTED FOR PRIVACY","REDACTED FOR PRIVACY","REDACTED FOR PRIVACY","REDACTED FOR PRIVACY","XX","REDACTED FOR PRIVACY","Venezuela","","REDACTED FOR PRIVACY","REDACTED FOR PRIVACY","REDACTED FOR PRIVACY","REDACTED FOR PRIVACY","REDACTED FOR PRIVACY","REDACTED FOR PRIVACY","REDACTED FOR PRIVACY","REDACTED FOR PRIVACY","REDACTED FOR PRIVACY","","REDACTED FOR PRIVACY","REDACTED FOR PRIVACY","REDACTED FOR PRIVACY","REDACTED FOR PRIVACY","REDACTED FOR PRIVACY","REDACTED FOR PRIVACY","REDACTED FOR PRIVACY","REDACTED FOR PRIVACY","REDACTED FOR PRIVACY","","REDACTED FOR PRIVACY","REDACTED FOR PRIVACY","","","","","","","","","","","ns1.giow1088.siteground.us","ns2.giow1088.siteground.us","","","clientTransferProhibited","clientUpdateProhibited","",""
"67","palaciuscraft.com","2020-05-13 09:13:41","2020-05-09","2020-05-09","2021-05-09","303","PDR Ltd. d/b/a PublicDomainRegistry.com","whois.publicdomainregistry.com","http://www.publicdomainregistry.com","Tony Gouveia","","calle sucre entre avenida guaicaipuro y bolivar ed caracas","caracas","miranda","1060","Venezuela","yoganoendolares@gmail.com","+58.04242179318","","Tony Gouveia","","calle sucre entre avenida guaicaipuro y bolivar ed caracas","caracas","miranda","1060","Venezuela","yoganoendolares@gmail.com","+58.04242179318","","Tony Gouveia","","calle sucre entre avenida guaicaipuro y bolivar ed caracas","caracas","miranda","1060","Venezuela","yoganoendolares@gmail.com","+58.04242179318","","","","","","","","","","","","ns1.afraid.org","ns2.afraid.org","","","clientTransferProhibited","","",""
"68","petsplanetve.com","2020-05-13 21:07:23","2020-05-12","2020-05-12","2021-05-12","1005","NetEarth One Inc. d/b/a NetEarth","whois.advancedregistrar.com","http://www.netearthone.com","Nahuel Sosa","","CALLE  ROJAS QUEIPO 100-186 ESQUINA MONTES DE OCA EDIF ROJAS QUEIPO PISO 01 APT 07","Valencia","Carabobo","2001","Venezuela","nano.png@gmail.com","+58.005841250194","","Nahuel Sosa","","CALLE  ROJAS QUEIPO 100-186 ESQUINA MONTES DE OCA EDIF ROJAS QUEIPO PISO 01 APT 07","Valencia","Carabobo","2001","Venezuela","nano.png@gmail.com","+58.005841250194","","Nahuel Sosa","","CALLE  ROJAS QUEIPO 100-186 ESQUINA MONTES DE OCA EDIF ROJAS QUEIPO PISO 01 APT 07","Valencia","Carabobo","2001","Venezuela","nano.png@gmail.com","+58.005841250194","","","","","","","","","","","","ns5932.banahosting.com","ns5933.banahosting.com","","","clientTransferProhibited","","",""
"69","productosparaelcuidadodelabarba.com","2020-05-13 08:02:42","2020-05-11","2020-05-11","2021-05-11","146","GoDaddy.com, LLC","whois.godaddy.com","http://registrar.godaddy.com","","","","","Miranda","","Venezuela","","","","","","","","","","","","","","","","","","","","","","","","","","","","","","","","","","ns8599.hostgator.com","ns8600.hostgator.com","","","clientDeleteProhibited","clientRenewProhibited","clientTransferProhibited","clientUpdateProhibited"
"70","promofactorypr.com","2020-05-13 20:17:31","2020-05-12","2020-05-12","2021-05-12","48","eNom, Inc.","whois.enom.com","http://www.enom.com","REDACTED FOR PRIVACY","REDACTED FOR PRIVACY","REDACTED FOR PRIVACY","REDACTED FOR PRIVACY","Guarenas","REDACTED FOR PRIVACY","Venezuela","","REDACTED FOR PRIVACY","REDACTED FOR PRIVACY","REDACTED FOR PRIVACY","REDACTED FOR PRIVACY","REDACTED FOR PRIVACY","REDACTED FOR PRIVACY","REDACTED FOR PRIVACY","REDACTED FOR PRIVACY","REDACTED FOR PRIVACY","","REDACTED FOR PRIVACY","REDACTED FOR PRIVACY","REDACTED FOR PRIVACY","REDACTED FOR PRIVACY","REDACTED FOR PRIVACY","REDACTED FOR PRIVACY","REDACTED FOR PRIVACY","REDACTED FOR PRIVACY","REDACTED FOR PRIVACY","","REDACTED FOR PRIVACY","REDACTED FOR PRIVACY","","","","","","","","","","","ns2239.el.controladordns.com","ns2240.el.controladordns.com","","","addPeriod","clientTransferProhibited","",""
"71","psiescucha.com","2020-05-13 09:55:33","2020-05-10","2020-05-10","2021-05-10","303","PDR Ltd. d/b/a PublicDomainRegistry.com","whois.publicdomainregistry.com","http://www.publicdomainregistry.com","Cristian Urrieta","Psiescucha","Zona Residencial de la Parroquia San Agustin del Norte,  Parque Central - Caracas, Venezuela.,","Caracas","Distrito Capital","1015","Venezuela","ergo017@gmail.com","+58.4126024034","","Cristian Urrieta","Psiescucha","Zona Residencial de la Parroquia San Agustin del Norte,  Parque Central - Caracas, Venezuela.,","Caracas","Distrito Capital","1015","Venezuela","ergo017@gmail.com","+58.4126024034","","Cristian Urrieta","Psiescucha","Zona Residencial de la Parroquia San Agustin del Norte,  Parque Central - Caracas, Venezuela.,","Caracas","Distrito Capital","1015","Venezuela","ergo017@gmail.com","+58.4126024034","","","","","","","","","","","","y.dns40.com","z.dns40.com","","","clientTransferProhibited","","",""
"72","ptantalo.com","2020-05-13 11:01:27","2020-05-11","2020-05-11","2021-05-11","320","TLDs LLC dba SRSplus","whois.srsplus.com","http://www.srsplus.com","Dominios Beconsult","Beconsult C.A.","Edf BECO Esquina Puente Yanes La Candelaria","Caracas","","1010A","Venezuela","dominios@beconsult.com","+58.2125978011","","Dominios Becoblohm","Becoblohm C.A.","Edf. BECO, Esquina Puente Yanes La Candelaria","Caracas","NONE","1010A","Venezuela","dominios@becoblohm.com","+58.2125727133","","Dominios Becoblohm","Becoblohm C.A.","Edf. BECO, Esquina Puente Yanes La Candelaria","Caracas","NONE","1010A","Venezuela","dominios@becoblohm.com","+58.2125727133","","","","","","","","","","","","dns1.srsplus.com","dns2.srsplus.com","","","OK","","",""
"73","publiclik.com","2020-05-13 10:10:11","2020-05-10","2020-05-10","2021-05-10","146","GoDaddy.com, LLC","whois.godaddy.com","http://registrar.godaddy.com","","","","","falcon","","Venezuela","","","","","","","","","","","","","","","","","","","","","","","","","","","","","","","","","","ns6585.hostgator.com","ns6586.hostgator.com","","","clientDeleteProhibited","clientRenewProhibited","clientTransferProhibited","clientUpdateProhibited"
"74","radiopicardia.com","2020-05-13 19:39:44","2020-05-11","2020-05-11","2021-05-11","303","PDR Ltd. d/b/a PublicDomainRegistry.com","whois.publicdomainregistry.com","http://www.publicdomainregistry.com","Jose Ferrer","","12 23 123","Venezuela","Venezuela","7101","Venezuela","kendryjimenezf@gmail.com","+58.4146371746","","Jose Ferrer","","12 23 123","Venezuela","Venezuela","7101","Venezuela","kendryjimenezf@gmail.com","+58.4146371746","","Jose Ferrer","","12 23 123","Venezuela","Venezuela","7101","Venezuela","kendryjimenezf@gmail.com","+58.4146371746","","","","","","","","","","","","ns64.hostgator.mx","ns65.hostgator.mx","","","clientTransferProhibited","","",""
"75","reportelatinoamerica.com","2020-05-13 09:15:06","2020-05-09","2020-05-09","2021-05-09","303","PDR Ltd. d/b/a PublicDomainRegistry.com","whois.publicdomainregistry.com","http://www.publicdomainregistry.com","Anderson Barroso","iKr3ativos","Av. Julio Centeno, Edif H piso 2, Apto H-22, Urb. El Tulipan","Valencia","Carabobo","2003","Venezuela","aebe24@gmail.com","+58.4162332855","","Anderson Barroso","iKr3ativos","Av. Julio Centeno, Edif H piso 2, Apto H-22, Urb. El Tulipan","Valencia","Carabobo","2003","Venezuela","aebe24@gmail.com","+58.4162332855","","Anderson Barroso","iKr3ativos","Av. Julio Centeno, Edif H piso 2, Apto H-22, Urb. El Tulipan","Valencia","Carabobo","2003","Venezuela","aebe24@gmail.com","+58.4162332855","","","","","","","","","","","","ns1.ik3hosting.com","ns2.ik3hosting.com","","","clientTransferProhibited","","",""
"76","ricauterguzman.com","2020-05-13 21:09:59","2020-05-12","2020-05-12","2021-05-12","303","PDR Ltd. d/b/a PublicDomainRegistry.com","whois.publicdomainregistry.com","http://www.publicdomainregistry.com","Jhony Martinez","Transistemas de Venezuela","Candilito a Gobernador Edif Interlands II","Caracas","Distrito Capital","1010","Venezuela","jhonymartinez@gmail.com","+58.4140381608","","Jhony Martinez","Transistemas de Venezuela","Candilito a Gobernador Edif Interlands II","Caracas","Distrito Capital","1010","Venezuela","jhonymartinez@gmail.com","+58.4140381608","","Jhony Martinez","Transistemas de Venezuela","Candilito a Gobernador Edif Interlands II","Caracas","Distrito Capital","1010","Venezuela","jhonymartinez@gmail.com","+58.4140381608","","","","","","","","","","","","ns1.wnetve.com","ns2.wnetve.com","","","clientTransferProhibited","","",""
"77","sandraboterocoach.com","2020-05-13 19:37:02","2020-05-11","2020-05-11","2021-05-11","146","GoDaddy.com, LLC","whois.godaddy.com","http://registrar.godaddy.com","","","","","Anzoategui","","Venezuela","","","","","","","","","","","","","","","","","","","","","","","","","","","","","","","","","","ns1.aripagua.com","ns2.aripagua.com","","","clientDeleteProhibited","clientRenewProhibited","clientTransferProhibited","clientUpdateProhibited"
"78","selfmadewomanproject.com","2020-05-13 07:58:17","2020-05-11","2020-05-11","2021-05-11","146","GoDaddy.com, LLC","whois.godaddy.com","http://registrar.godaddy.com","","","","","FL","","Venezuela","","","","","","","","","","","","","","","","","","","","","","","","","","","","","","","","","","ns39.domaincontrol.com","ns40.domaincontrol.com","","","clientDeleteProhibited","clientRenewProhibited","clientTransferProhibited","clientUpdateProhibited"
"79","siemprevenezuela.com","2020-05-13 19:49:28","2020-05-11","2020-05-11","2021-05-11","303","PDR Ltd. d/b/a PublicDomainRegistry.com","whois.publicdomainregistry.com","http://www.publicdomainregistry.com","Edgardo Navas","","Calle Guaicaipuro","Tucupido","Guarico","2350","Venezuela","cr603636@gmail.com","+58.4160425942","","Edgardo Navas","","Calle Guaicaipuro","Tucupido","Guarico","2350","Venezuela","cr603636@gmail.com","+58.4160425942","","Edgardo Navas","","Calle Guaicaipuro","Tucupido","Guarico","2350","Venezuela","cr603636@gmail.com","+58.4160425942","","","","","","","","","","","","ns3.puntohost.com","ns4.puntohost.com","","","clientTransferProhibited","","",""
"80","storelectronics.com","2020-05-13 07:30:51","2020-05-11","2020-05-11","2021-05-11","955","Launchpad, Inc.","whois.launchpad.com","http://www.launchpad.com","german giacometto alvear","None","urbanizacion juan pablo II montalban torre 7 ap 5 06 urbanismo garcia ponce","caracas","W","1020","Venezuela","gega223@gmail.com","+58.4120164590","","german giacometto alvear","None","urbanizacion juan pablo II montalban torre 7 ap 5 06 urbanismo garcia ponce","caracas","W","1020","Venezuela","gega223@gmail.com","+58.4120164590","","german giacometto alvear","None","urbanizacion juan pablo II montalban torre 7 ap 5 06 urbanismo garcia ponce","caracas","W","1020","Venezuela","gega223@gmail.com","+58.4120164590","","","","","","","","","","","","ns8163.hostgator.com","ns8164.hostgator.com","","","clientTransferProhibited","","",""
"81","superpolla7.com","2020-05-13 19:52:11","2020-05-12","2020-05-12","2021-05-12","303","PDR Ltd. d/b/a PublicDomainRegistry.com","whois.publicdomainregistry.com","http://www.publicdomainregistry.com","domingo alvarez","","la pastora urbanizacion las delicias","Carora","Lara","3050","Venezuela","alvarezdomingo39@hotmail.com","+58.4162545599","","domingo alvarez","","la pastora urbanizacion las delicias","Carora","Lara","3050","Venezuela","alvarezdomingo39@hotmail.com","+58.4162545599","","domingo alvarez","","la pastora urbanizacion las delicias","Carora","Lara","3050","Venezuela","alvarezdomingo39@hotmail.com","+58.4162545599","","","","","","","","","","","","ns3.servidordecorreos.com","ns4.servidordecorreos.com","","","clientTransferProhibited","","",""
"82","supromil.com","2020-05-13 09:12:50","2020-05-09","2020-05-09","2021-05-09","303","PDR Ltd. d/b/a PublicDomainRegistry.com","whois.publicdomainregistry.com","http://www.publicdomainregistry.com","Eliu Gomez","Business Computer, C.A.","maturin","monagas","Monagas","6201","Venezuela","eligomez_6@hotmail.com","+58.02916412034","","Eliu Gomez","Business Computer, C.A.","maturin","monagas","Monagas","6201","Venezuela","eligomez_6@hotmail.com","+58.02916412034","","Eliu Gomez","Business Computer, C.A.","maturin","monagas","Monagas","6201","Venezuela","eligomez_6@hotmail.com","+58.02916412034","","","","","","","","","","","","ns1.compresuweb.com","ns2.compresuweb.com","","","clientTransferProhibited","","",""
"83","tecnonation.com","2020-05-13 09:03:24","2020-05-10","2020-05-11","2021-05-10","76","Nominalia Internet S.L.","whois.nominalia.com","http://www.nominalia.com","REDACTED FOR PRIVACY","REDACTED FOR PRIVACY","REDACTED FOR PRIVACY","REDACTED FOR PRIVACY","Miranda","REDACTED FOR PRIVACY","Venezuela","","REDACTED.FORPRIVACY","REDACTED.FORPRIVACY","REDACTED FOR PRIVACY","REDACTED FOR PRIVACY","REDACTED FOR PRIVACY","REDACTED FOR PRIVACY","Miranda","REDACTED FOR PRIVACY","Venezuela","","REDACTED.FORPRIVACY","REDACTED.FORPRIVACY","REDACTED FOR PRIVACY","REDACTED FOR PRIVACY","REDACTED FOR PRIVACY","REDACTED FOR PRIVACY","Barcelona","REDACTED FOR PRIVACY","Spain","","REDACTED.FORPRIVACY","REDACTED.FORPRIVACY","","","","","","","","","","","ns1035.banahosting.com","ns1036.banahosting.com","","","OK","","",""
"84","tepuybay.com","2020-05-13 21:11:52","2020-05-12","2020-05-12","2021-05-12","1403","10dencehispahard, S.L.","whois.cdmon.com","http://www.cdmon.com","REDACTED FOR PRIVACY","","REDACTED FOR PRIVACY","REDACTED FOR PRIVACY","Merida","REDACTED FOR PRIVACY","Venezuela","","REDACTED FOR PRIVACY","REDACTED FOR PRIVACY","REDACTED FOR PRIVACY","REDACTED FOR PRIVACY","REDACTED FOR PRIVACY","REDACTED FOR PRIVACY","REDACTED FOR PRIVACY","REDACTED FOR PRIVACY","REDACTED FOR PRIVACY","","REDACTED FOR PRIVACY","REDACTED FOR PRIVACY","REDACTED FOR PRIVACY","REDACTED FOR PRIVACY","REDACTED FOR PRIVACY","REDACTED FOR PRIVACY","REDACTED FOR PRIVACY","REDACTED FOR PRIVACY","REDACTED FOR PRIVACY","","REDACTED FOR PRIVACY","REDACTED FOR PRIVACY","","","","","","","","","","","ns1.cdmon.net","ns2.cdmon.net","ns3.cdmon.net","ns4.cdmondns-01.org","clientTransferProhibited","","",""
"85","themarket261.com","2020-05-13 19:49:38","2020-05-11","2020-05-11","2021-05-11","146","GoDaddy.com, LLC","whois.godaddy.com","http://registrar.godaddy.com","","","","","FRISCO","","Venezuela","","","","","","","","","","","","","","","","","","","","","","","","","","","","","","","","","","ns09.domaincontrol.com","ns10.domaincontrol.com","","","clientDeleteProhibited","clientRenewProhibited","clientTransferProhibited","clientUpdateProhibited"
"86","thetranspost.com","2020-05-13 09:15:48","2020-05-09","2020-05-09","2021-05-09","146","GoDaddy.com, LLC","whois.godaddy.com","http://registrar.godaddy.com","The Trans Post Comunity","The Trans Post Comunity","","","","","Venezuela","","","","","","","","","","","","","","","","","","","","","","","","","","","","","","","","","","ns55.domaincontrol.com","ns56.domaincontrol.com","","","clientDeleteProhibited","clientRenewProhibited","clientTransferProhibited","clientUpdateProhibited"
"87","tinaventuras.com","2020-05-13 09:12:26","2020-05-09","2020-05-09","2021-05-09","146","GoDaddy.com, LLC","whois.godaddy.com","http://registrar.godaddy.com","","","","","Distrito Capital","","Venezuela","","","","","","","","","","","","","","","","","","","","","","","","","","","","","","","","","","ns27.domaincontrol.com","ns28.domaincontrol.com","","","clientDeleteProhibited","clientRenewProhibited","clientTransferProhibited","clientUpdateProhibited"
"88","tmvenezuela.com","2020-05-13 08:03:47","2020-05-11","2020-05-11","2021-05-10","76","Nominalia Internet S.L.","whois.nominalia.com","http://www.nominalia.com","REDACTED FOR PRIVACY","REDACTED FOR PRIVACY","REDACTED FOR PRIVACY","REDACTED FOR PRIVACY","carabobo","REDACTED FOR PRIVACY","Venezuela","","REDACTED.FORPRIVACY","REDACTED.FORPRIVACY","REDACTED FOR PRIVACY","REDACTED FOR PRIVACY","REDACTED FOR PRIVACY","REDACTED FOR PRIVACY","carabobo","REDACTED FOR PRIVACY","Venezuela","","REDACTED.FORPRIVACY","REDACTED.FORPRIVACY","REDACTED FOR PRIVACY","REDACTED FOR PRIVACY","REDACTED FOR PRIVACY","REDACTED FOR PRIVACY","Barcelona","REDACTED FOR PRIVACY","Spain","","REDACTED.FORPRIVACY","REDACTED.FORPRIVACY","","","","","","","","","","","dns1.nominalia.com","dns2.nominalia.com","","","OK","","",""
"89","todocellve.com","2020-05-13 09:44:23","2020-05-09","2020-05-09","2021-05-09","303","PDR Ltd. d/b/a PublicDomainRegistry.com","whois.publicdomainregistry.com","http://www.publicdomainregistry.com","Ronny Mendoza","Inversiones RI 2014 CA","CC Free market Naguanagua","Naguanagua","Carabobo","2005","Venezuela","globalhostca@yahoo.com","+58.4144303201","","Ronny Mendoza","Inversiones RI 2014 CA","CC Free market Naguanagua","Naguanagua","Carabobo","2005","Venezuela","globalhostca@yahoo.com","+58.4144303201","","Ronny Mendoza","Inversiones RI 2014 CA","CC Free market Naguanagua","Naguanagua","Carabobo","2005","Venezuela","globalhostca@yahoo.com","+58.4144303201","","","","","","","","","","","","ns3.globalhostla.com","ns4.globalhostla.com","","","clientTransferProhibited","","",""
"90","todoensantamarias.com","2020-05-13 21:07:28","2020-05-12","2020-05-12","2021-05-12","146","GoDaddy.com, LLC","whois.godaddy.com","http://registrar.godaddy.com","La Guia de Caracas","La Guia de Caracas","","","Miranda","","Venezuela","","","","","","","","","","","","","","","","","","","","","","","","","","","","","","","","","","ns09.domaincontrol.com","ns10.domaincontrol.com","","","clientDeleteProhibited","clientRenewProhibited","clientTransferProhibited","clientUpdateProhibited"
"91","transportegimar.com","2020-05-13 19:49:53","2020-05-11","2020-05-12","2021-05-11","76","Nominalia Internet S.L.","whois.nominalia.com","http://www.nominalia.com","REDACTED FOR PRIVACY","REDACTED FOR PRIVACY","REDACTED FOR PRIVACY","REDACTED FOR PRIVACY","Portuguesa","REDACTED FOR PRIVACY","Venezuela","","REDACTED.FORPRIVACY","REDACTED.FORPRIVACY","REDACTED FOR PRIVACY","REDACTED FOR PRIVACY","REDACTED FOR PRIVACY","REDACTED FOR PRIVACY","Portuguesa","REDACTED FOR PRIVACY","Venezuela","","REDACTED.FORPRIVACY","REDACTED.FORPRIVACY","REDACTED FOR PRIVACY","REDACTED FOR PRIVACY","REDACTED FOR PRIVACY","REDACTED FOR PRIVACY","Barcelona","REDACTED FOR PRIVACY","Spain","","REDACTED.FORPRIVACY","REDACTED.FORPRIVACY","","","","","","","","","","","ns11.wnetserver.com","ns12.wnetserver.com","","","OK","","",""
"92","trazosanny.com","2020-05-13 19:46:19","2020-05-11","2020-05-11","2021-05-11","303","PDR Ltd. d/b/a PublicDomainRegistry.com","whois.publicdomainregistry.com","http://www.publicdomainregistry.com","Christopher Hamilton","","Callejon Gutierrez, Edificio Riva, piso 2","Caracas","Miranda","0000","Venezuela","chdhamilton@gmail.com","+58.04143137518","","Christopher Hamilton","","Callejon Gutierrez, Edificio Riva, piso 2","Caracas","Miranda","0000","Venezuela","chdhamilton@gmail.com","+58.04143137518","","Christopher Hamilton","","Callejon Gutierrez, Edificio Riva, piso 2","Caracas","Miranda","0000","Venezuela","chdhamilton@gmail.com","+58.04143137518","","","","","","","","","","","","y.dns40.com","z.dns40.com","","","clientTransferProhibited","","",""
"93","tripodesparacelular.com","2020-05-13 08:02:39","2020-05-11","2020-05-11","2021-05-11","146","GoDaddy.com, LLC","whois.godaddy.com","http://registrar.godaddy.com","","","","","Miranda","","Venezuela","","","","","","","","","","","","","","","","","","","","","","","","","","","","","","","","","","ns8599.hostgator.com","ns8600.hostgator.com","","","clientDeleteProhibited","clientRenewProhibited","clientTransferProhibited","clientUpdateProhibited"
"94","tuapoyoinmobiliario.com","2020-05-13 07:03:50","2020-05-11","2020-05-11","2021-05-11","303","PDR Ltd. d/b/a PublicDomainRegistry.com","whois.publicdomainregistry.com","http://www.publicdomainregistry.com","Jesus Breige","Master Company C.A","Los Teques - Miranda","Los Teques","Los Teques","0212","Venezuela","jesusbreige@gmail.com","+58.04241718522","","Jesus Breige","Master Company C.A","Los Teques - Miranda","Los Teques","Los Teques","0212","Venezuela","jesusbreige@gmail.com","+58.04241718522","","Jesus Breige","Master Company C.A","Los Teques - Miranda","Los Teques","Los Teques","0212","Venezuela","jesusbreige@gmail.com","+58.04241718522","","","","","","","","","","","","y.dns40.com","z.dns40.com","","","clientTransferProhibited","","",""
"95","tubarbero-man.com","2020-05-13 19:45:59","2020-05-11","2020-05-11","2021-05-11","303","PDR Ltd. d/b/a PublicDomainRegistry.com","whois.publicdomainregistry.com","http://www.publicdomainregistry.com","leandro perez montana","Caracas","guarenas terrazas del este","guarenas","miranda","1010","Venezuela","izaxwolf@gmail.com","+58.4126051396","","leandro perez montana","Caracas","guarenas terrazas del este","guarenas","miranda","1010","Venezuela","izaxwolf@gmail.com","+58.4126051396","","leandro perez montana","Caracas","guarenas terrazas del este","guarenas","miranda","1010","Venezuela","izaxwolf@gmail.com","+58.4126051396","","","","","","","","","","","","ns1.digitalserver.io","ns2.digitalserver.io","ns3.digitalserver.io","ns4.digitalserver.io","clientTransferProhibited","","",""
"96","tubaulve.com","2020-05-13 10:13:25","2020-05-10","2020-05-10","2021-05-10","146","GoDaddy.com, LLC","whois.godaddy.com","http://registrar.godaddy.com","imufi corp","imufi corp","","","FL","","Venezuela","","","","","","","","","","","","","","","","","","","","","","","","","","","","","","","","","","ns27.domaincontrol.com","ns28.domaincontrol.com","","","clientDeleteProhibited","clientRenewProhibited","clientTransferProhibited","clientUpdateProhibited"
"97","tucastorweb.com","2020-05-13 20:40:44","2020-05-11","2020-05-11","2021-05-11","76","Nominalia Internet S.L.","whois.nominalia.com","http://www.nominalia.com","REDACTED FOR PRIVACY","REDACTED FOR PRIVACY","REDACTED FOR PRIVACY","REDACTED FOR PRIVACY","Dtto Federal","REDACTED FOR PRIVACY","Venezuela","","REDACTED.FORPRIVACY","REDACTED.FORPRIVACY","REDACTED FOR PRIVACY","REDACTED FOR PRIVACY","REDACTED FOR PRIVACY","REDACTED FOR PRIVACY","Dtto Federal","REDACTED FOR PRIVACY","Venezuela","","REDACTED.FORPRIVACY","REDACTED.FORPRIVACY","REDACTED FOR PRIVACY","REDACTED FOR PRIVACY","REDACTED FOR PRIVACY","REDACTED FOR PRIVACY","Barcelona","REDACTED FOR PRIVACY","Spain","","REDACTED.FORPRIVACY","REDACTED.FORPRIVACY","","","","","","","","","","","ns.ecodominio.net","ns1.ecodominio.net","","","OK","","",""
"98","tueconet.com","2020-05-13 20:50:09","2020-05-11","2020-05-11","2022-05-11","146","GoDaddy.com, LLC","whois.godaddy.com","http://registrar.godaddy.com","Soluciones Econet, C.A","Soluciones Econet, C.A","","","La Guaira","","Venezuela","","","","","","","","","","","","","","","","","","","","","","","","","","","","","","","","","","ns25.domaincontrol.com","ns26.domaincontrol.com","","","clientDeleteProhibited","clientRenewProhibited","clientTransferProhibited","clientUpdateProhibited"
"99","tutecnicolisto.com","2020-05-13 21:12:00","2020-05-12","2020-05-12","2022-05-12","146","GoDaddy.com, LLC","whois.godaddy.com","http://registrar.godaddy.com","","","","","Distrito Capital","","Venezuela","","","","","","","","","","","","","","","","","","","","","","","","","","","","","","","","","","joaquin.ns.cloudflare.com","noor.ns.cloudflare.com","","","clientDeleteProhibited","clientRenewProhibited","clientTransferProhibited","clientUpdateProhibited"
"100","vamosgero.com","2020-05-13 20:21:17","2020-05-12","2020-05-12","2021-05-12","625","Name.com, Inc.","whois.name.com","http://www.name.com","Alejandro Valcarcel","DevStudio","Av. Aldonza Manrique, Conj The Hills, Of. 13","Pampatar","Nueva Esparta","6316","Venezuela","creativos@gmail.com","+58.4265863795","","Alejandro Valcarcel","DevStudio","Av. Aldonza Manrique, Conj The Hills, Of. 13","Pampatar","Nueva Esparta","6316","Venezuela","creativos@gmail.com","+58.4265863795","","Alejandro Valcarcel","DevStudio","Av. Aldonza Manrique, Conj The Hills, Of. 13","Pampatar","Nueva Esparta","6316","Venezuela","creativos@gmail.com","+58.4265863795","","","","","","","","","","","","ns1.devstudio-2.com","ns2.devstudio-2.com","","","addPeriod","clientTransferProhibited","",""
"101","vanessazavalacoach.com","2020-05-13 07:13:56","2020-05-11","2020-05-11","2021-05-11","146","GoDaddy.com, LLC","whois.godaddy.com","http://registrar.godaddy.com","","","","","Tachira","","Venezuela","","","","","","","","","","","","","","","","","","","","","","","","","","","","","","","","","","ns27.domaincontrol.com","ns28.domaincontrol.com","","","clientDeleteProhibited","clientRenewProhibited","clientTransferProhibited","clientUpdateProhibited"
"102","weddingdress-shop.com","2020-05-13 20:14:32","2020-05-12","2020-05-12","2022-05-12","146","GoDaddy.com, LLC","whois.godaddy.com","http://registrar.godaddy.com","orinoko river corp","orinoko river corp","","","NY","","Venezuela","","","","","","","","","","","","","","","","","","","","","","","","","","","","","","","","","","ns29.domaincontrol.com","ns30.domaincontrol.com","","","clientDeleteProhibited","clientRenewProhibited","clientTransferProhibited","clientUpdateProhibited"
"103","wellservicescavallino.com","2020-05-13 20:18:11","2020-05-12","2020-05-12","2021-05-12","146","GoDaddy.com, LLC","whois.godaddy.com","http://registrar.godaddy.com","GO Group LLC","GO Group LLC","","","Distrito Capital","","Venezuela","","","","","","","","","","","","","","","","","","","","","","","","","","","","","","","","","","ns1.wellservicescavallino.com","ns2.wellservicescavallino.com","","","clientDeleteProhibited","clientRenewProhibited","clientTransferProhibited","clientUpdateProhibited"
"104","wtcaruba.com","2020-05-13 10:46:27","2020-05-10","2020-05-10","2021-05-10","303","PDR Ltd. d/b/a PublicDomainRegistry.com","whois.publicdomainregistry.com","http://www.publicdomainregistry.com","Ernesto Rodriguez","SIAMTIC Soluciones Tecnologicas","Urb. Trigal Sur","Valencia","Carabobo","2002","Venezuela","eluis.rodriguez@gmail.com","+58.4244222130","","Ernesto Rodriguez","SIAMTIC Soluciones Tecnologicas","Urb. Trigal Sur","Valencia","Carabobo","2002","Venezuela","eluis.rodriguez@gmail.com","+58.4244222130","","Ernesto Rodriguez","SIAMTIC Soluciones Tecnologicas","Urb. Trigal Sur","Valencia","Carabobo","2002","Venezuela","eluis.rodriguez@gmail.com","+58.4244222130","","","","","","","","","","","","ns5.tepuyserver.net","ns6.tepuyserver.net","","","clientTransferProhibited","","",""
"105","xn--baosycocinas-bhb.com","2020-05-13 09:11:03","2020-05-10","2020-05-10","2022-05-10","146","GoDaddy.com, LLC","whois.godaddy.com","http://registrar.godaddy.com","","","","","FL","","Venezuela","","","","","","","","","","","","","","","","","","","","","","","","","","","","","","","","","","ns63.domaincontrol.com","ns64.domaincontrol.com","","","clientDeleteProhibited","clientRenewProhibited","clientTransferProhibited","clientUpdateProhibited"
"106","xyzagencia.com","2020-05-13 21:12:14","2020-05-12","2020-05-12","2021-05-12","303","PDR Ltd. d/b/a PublicDomainRegistry.com","whois.publicdomainregistry.com","http://www.publicdomainregistry.com","Rafael Toledo","","Urb. Los Caobos, Av. Buenos Aires, Res. Fenix","Distrito Capital","Caracas","1010","Venezuela","globalhostca@yahoo.com","+58.4241722530","","Rafael Toledo","","Urb. Los Caobos, Av. Buenos Aires, Res. Fenix","Distrito Capital","Caracas","1010","Venezuela","globalhostca@yahoo.com","+58.4241722530","","Rafael Toledo","","Urb. Los Caobos, Av. Buenos Aires, Res. Fenix","Distrito Capital","Caracas","1010","Venezuela","globalhostca@yahoo.com","+58.4241722530","","","","","","","","","","","","ns7.globalhostla.com","ns8.globalhostla.com","","","clientTransferProhibited","","",""
"107","zapatosadidas.com","2020-05-13 20:50:54","2020-05-12","2020-05-12","2021-05-12","76","Nominalia Internet S.L.","whois.nominalia.com","http://www.nominalia.com","REDACTED FOR PRIVACY","REDACTED FOR PRIVACY","REDACTED FOR PRIVACY","REDACTED FOR PRIVACY","caracas","REDACTED FOR PRIVACY","Venezuela","","REDACTED.FORPRIVACY","REDACTED.FORPRIVACY","REDACTED FOR PRIVACY","REDACTED FOR PRIVACY","REDACTED FOR PRIVACY","REDACTED FOR PRIVACY","caracas","REDACTED FOR PRIVACY","Venezuela","","REDACTED.FORPRIVACY","REDACTED.FORPRIVACY","REDACTED FOR PRIVACY","REDACTED FOR PRIVACY","REDACTED FOR PRIVACY","REDACTED FOR PRIVACY","Barcelona","REDACTED FOR PRIVACY","Spain","","REDACTED.FORPRIVACY","REDACTED.FORPRIVACY","","","","","","","","","","","dns1.nominalia.com","dns2.nominalia.com","","","OK","","",""
"108","zulmaralvarez.com","2020-05-13 19:40:26","2020-05-12","2020-05-12","2021-05-12","379","Arsys Internet, S.L. dba NICLINE.COM","whois.nicline.com","http://www.nicline.com","REDACTED FOR PRIVACY","","REDACTED FOR PRIVACY","REDACTED FOR PRIVACY","N A","REDACTED FOR PRIVACY","Venezuela","whoiscontact@domainconnection.info","REDACTED FOR PRIVACY","REDACTED FOR PRIVACY","REDACTED FOR PRIVACY","REDACTED FOR PRIVACY","REDACTED FOR PRIVACY","REDACTED FOR PRIVACY","REDACTED FOR PRIVACY","REDACTED FOR PRIVACY","REDACTED FOR PRIVACY","whoiscontact@domainconnection.info","REDACTED FOR PRIVACY","REDACTED FOR PRIVACY","REDACTED FOR PRIVACY","REDACTED FOR PRIVACY","REDACTED FOR PRIVACY","REDACTED FOR PRIVACY","REDACTED FOR PRIVACY","REDACTED FOR PRIVACY","REDACTED FOR PRIVACY","whoiscontact@domainconnection.info","REDACTED FOR PRIVACY","REDACTED FOR PRIVACY","","","","","","","","","","","dns41.servidoresdns.net","dns42.servidoresdns.net","","","addPeriod","clientTransferProhibited","",""