"num","domain_name","query_time","create_date","update_date","expiry_date","domain_registrar_id","domain_registrar_name","domain_registrar_whois","domain_registrar_url","registrant_name","registrant_company","registrant_address","registrant_city","registrant_state","registrant_zip","registrant_country","registrant_email","registrant_phone","registrant_fax","administrative_name","administrative_company","administrative_address","administrative_city","administrative_state","administrative_zip","administrative_country","administrative_email","administrative_phone","administrative_fax","technical_name","technical_company","technical_address","technical_city","technical_state","technical_zip","technical_country","technical_email","technical_phone","technical_fax","billing_name","billing_company","billing_address","billing_city","billing_state","billing_zip","billing_country","billing_email","billing_phone","billing_fax","name_server_1","name_server_2","name_server_3","name_server_4","domain_status_1","domain_status_2","domain_status_3","domain_status_4"
"1","3zll.com","2020-05-13 09:44:00","2020-05-09","2020-05-09","2021-05-09","625","Name.com, Inc.","whois.name.com","http://www.name.com","Mohammed Alodyni","","alyemen taiz 26 stret , alyemen taiz osifra stret","taiz","ibb","967","Yemen","alodyni@gmail.com","+967.733700311","","Mohammed Alodyni","","alyemen taiz 26 stret , alyemen taiz osifra stret","taiz","ibb","967","Yemen","alodyni@gmail.com","+967.733700311","","Mohammed Alodyni","","alyemen taiz 26 stret , alyemen taiz osifra stret","taiz","ibb","967","Yemen","alodyni@gmail.com","+967.733700311","","","","","","","","","","","","fay.ns.cloudflare.com","lloyd.ns.cloudflare.com","","","addPeriod","clientTransferProhibited","",""
"2","80ventures.com","2020-05-13 19:50:48","2020-05-12","2020-05-12","2030-05-12","146","GoDaddy.com, LLC","whois.godaddy.com","http://registrar.godaddy.com","NFDHR","NFDHR","","","Sana","","Yemen","","","","","","","","","","","","","","","","","","","","","","","","","","","","","","","","","","ns27.domaincontrol.com","ns28.domaincontrol.com","","","clientDeleteProhibited","clientRenewProhibited","clientTransferProhibited","clientUpdateProhibited"
"3","adelsalah.com","2020-05-13 20:20:42","2020-05-12","2020-05-12","2030-05-12","146","GoDaddy.com, LLC","whois.godaddy.com","http://registrar.godaddy.com","NFDHR","NFDHR","","","Sana","","Yemen","","","","","","","","","","","","","","","","","","","","","","","","","","","","","","","","","","ns31.domaincontrol.com","ns32.domaincontrol.com","","","clientDeleteProhibited","clientRenewProhibited","clientTransferProhibited","clientUpdateProhibited"
"4","agras-news.com","2020-05-13 09:28:39","2020-05-09","2020-05-09","2021-05-09","303","PDR Ltd. d/b/a PublicDomainRegistry.com","whois.publicdomainregistry.com","http://www.publicdomainregistry.com","youssif zaher","","Taiz Taiz","Taiz","Sala","967","Yemen","youssifzaher1@gmail.com","+967.733475812","","youssif zaher","","Taiz Taiz","Taiz","Sala","967","Yemen","youssifzaher1@gmail.com","+967.733475812","","youssif zaher","","Taiz Taiz","Taiz","Sala","967","Yemen","youssifzaher1@gmail.com","+967.733475812","","","","","","","","","","","","ns1.agras-news.com","ns2.agras-news.com","","","clientTransferProhibited","","",""
"5","akdiz.com","2020-05-13 09:07:22","2020-05-10","2020-05-10","2021-05-10","146","GoDaddy.com, LLC","whois.godaddy.com","http://registrar.godaddy.com","Akdiz","Akdiz","","","Ma'rib","","Yemen","","","","","","","","","","","","","","","","","","","","","","","","","","","","","","","","","","ns63.domaincontrol.com","ns64.domaincontrol.com","","","clientDeleteProhibited","clientRenewProhibited","clientTransferProhibited","clientUpdateProhibited"
"6","akhbarry.net","2020-05-13 19:09:26","2020-05-12","2020-05-12","2022-05-12","48","eNom, Inc.","whois.enom.com","http://www.enom.com","REDACTED FOR PRIVACY","REDACTED FOR PRIVACY","REDACTED FOR PRIVACY","REDACTED FOR PRIVACY","Taiz","REDACTED FOR PRIVACY","Yemen","","REDACTED FOR PRIVACY","REDACTED FOR PRIVACY","REDACTED FOR PRIVACY","REDACTED FOR PRIVACY","REDACTED FOR PRIVACY","REDACTED FOR PRIVACY","REDACTED FOR PRIVACY","REDACTED FOR PRIVACY","REDACTED FOR PRIVACY","","REDACTED FOR PRIVACY","REDACTED FOR PRIVACY","REDACTED FOR PRIVACY","REDACTED FOR PRIVACY","REDACTED FOR PRIVACY","REDACTED FOR PRIVACY","REDACTED FOR PRIVACY","REDACTED FOR PRIVACY","REDACTED FOR PRIVACY","","REDACTED FOR PRIVACY","REDACTED FOR PRIVACY","","","","","","","","","","","ns3009.mochahost.com","ns4009.mochahost.com","","","addPeriod","clientTransferProhibited","renewPeriod",""
"7","albr2a.com","2020-05-13 10:39:25","2020-05-10","2020-05-10","2021-05-10","146","GoDaddy.com, LLC","whois.godaddy.com","http://registrar.godaddy.com","","","","","Khartoum","","Yemen","","","","","","","","","","","","","","","","","","","","","","","","","","","","","","","","","","ns23.domaincontrol.com","ns24.domaincontrol.com","","","clientDeleteProhibited","clientRenewProhibited","clientTransferProhibited","clientUpdateProhibited"
"8","alsadonline.info","2020-05-14 00:22:35","2020-05-12","2020-05-12","2021-05-12","146","GoDaddy.com, LLC","whois.godaddy.com","http://registrar.godaddy.com","","","","","06","","Yemen","","","","","","","","","","","","","","","","","","","","","","","","","","","","","","","","","","ns49.domaincontrol.com","ns50.domaincontrol.com","","","addPeriod","clientDeleteProhibited","clientRenewProhibited","clientTransferProhibited"
"9","azzamsalah.com","2020-05-13 20:20:58","2020-05-12","2020-05-12","2030-05-12","146","GoDaddy.com, LLC","whois.godaddy.com","http://registrar.godaddy.com","NFDHR","NFDHR","","","Sana","","Yemen","","","","","","","","","","","","","","","","","","","","","","","","","","","","","","","","","","ns31.domaincontrol.com","ns32.domaincontrol.com","","","clientDeleteProhibited","clientRenewProhibited","clientTransferProhibited","clientUpdateProhibited"
"10","b-smartdevices.com","2020-05-13 21:11:46","2020-05-12","2020-05-12","2021-05-12","146","GoDaddy.com, LLC","whois.godaddy.com","http://registrar.godaddy.com","","","","","YE-IB","","Yemen","","","","","","","","","","","","","","","","","","","","","","","","","","","","","","","","","","ns31.domaincontrol.com","ns32.domaincontrol.com","","","clientDeleteProhibited","clientRenewProhibited","clientTransferProhibited","clientUpdateProhibited"
"11","beeroh.com","2020-05-13 10:43:36","2020-05-10","2020-05-10","2021-05-10","146","GoDaddy.com, LLC","whois.godaddy.com","http://registrar.godaddy.com","","","","","Khormaksser","","Yemen","","","","","","","","","","","","","","","","","","","","","","","","","","","","","","","","","","ns1.brandbucket.com","ns2.brandbucket.com","","","clientDeleteProhibited","clientRenewProhibited","clientTransferProhibited","clientUpdateProhibited"
"12","buseum.com","2020-05-13 21:02:53","2020-05-12","2020-05-12","2021-05-12","146","GoDaddy.com, LLC","whois.godaddy.com","http://registrar.godaddy.com","","","","","Khormaksser","","Yemen","","","","","","","","","","","","","","","","","","","","","","","","","","","","","","","","","","ns31.domaincontrol.com","ns32.domaincontrol.com","","","clientDeleteProhibited","clientRenewProhibited","clientTransferProhibited","clientUpdateProhibited"
"13","e-ldt.com","2020-05-13 10:12:07","2020-05-10","2020-05-10","2021-05-10","146","GoDaddy.com, LLC","whois.godaddy.com","http://registrar.godaddy.com","Mathbah","Mathbah","","","Alamana","","Yemen","","","","","","","","","","","","","","","","","","","","","","","","","","","","","","","","","","chad.ns.cloudflare.com","peaches.ns.cloudflare.com","","","clientDeleteProhibited","clientRenewProhibited","clientTransferProhibited","clientUpdateProhibited"
"14","fluits.com","2020-05-13 07:10:35","2020-05-10","2020-05-10","2021-05-10","146","GoDaddy.com, LLC","whois.godaddy.com","http://registrar.godaddy.com","","","","","Khormaksser","","Yemen","","","","","","","","","","","","","","","","","","","","","","","","","","","","","","","","","","ns1.brandbucket.com","ns2.brandbucket.com","","","clientDeleteProhibited","clientRenewProhibited","clientTransferProhibited","clientUpdateProhibited"
"15","ijaznews.com","2020-05-13 08:02:34","2020-05-10","2020-05-10","2021-05-10","146","GoDaddy.com, LLC","whois.godaddy.com","http://registrar.godaddy.com","","","","","Sa","","Yemen","","","","","","","","","","","","","","","","","","","","","","","","","","","","","","","","","","ns1.webserversystems.com","ns2.webserversystems.com","","","clientDeleteProhibited","clientRenewProhibited","clientTransferProhibited","clientUpdateProhibited"
"16","jawalicash.com","2020-05-13 09:58:49","2020-05-10","2020-05-10","2022-05-10","146","GoDaddy.com, LLC","whois.godaddy.com","http://registrar.godaddy.com","","","","","Sanaa","","Yemen","","","","","","","","","","","","","","","","","","","","","","","","","","","","","","","","","","ns75.domaincontrol.com","ns76.domaincontrol.com","","","clientDeleteProhibited","clientRenewProhibited","clientTransferProhibited","clientUpdateProhibited"
"17","mafg-uae.com","2020-05-13 09:30:12","2020-05-09","2020-05-09","2023-05-09","146","GoDaddy.com, LLC","whois.godaddy.com","http://registrar.godaddy.com","","","","","Azal","","Yemen","","","","","","","","","","","","","","","","","","","","","","","","","","","","","","","","","","ns75.domaincontrol.com","ns76.domaincontrol.com","","","clientDeleteProhibited","clientRenewProhibited","clientTransferProhibited","clientUpdateProhibited"
"18","opalncc.com","2020-05-13 11:03:31","2020-05-11","2020-05-11","2023-05-11","146","GoDaddy.com, LLC","whois.godaddy.com","http://registrar.godaddy.com","opal Petroleum","opal Petroleum","","","Asr","","Yemen","","","","","","","","","","","","","","","","","","","","","","","","","","","","","","","","","","ns27.domaincontrol.com","ns28.domaincontrol.com","","","clientDeleteProhibited","clientRenewProhibited","clientTransferProhibited","clientUpdateProhibited"
"19","smartplanway.com","2020-05-13 09:37:10","2020-05-09","2020-05-09","2021-05-09","146","GoDaddy.com, LLC","whois.godaddy.com","http://registrar.godaddy.com","yemen","yemen","","","aden","","Yemen","","","","","","","","","","","","","","","","","","","","","","","","","","","","","","","","","","dns1.adenhost.com","dns2.adenhost.com","","","clientDeleteProhibited","clientRenewProhibited","clientTransferProhibited","clientUpdateProhibited"
"20","tajgroup-yemen.com","2020-05-13 07:56:20","2020-05-11","2020-05-11","2021-05-11","48","eNom, Inc.","whois.enom.com","http://www.enom.com","REDACTED FOR PRIVACY","REDACTED FOR PRIVACY","REDACTED FOR PRIVACY","REDACTED FOR PRIVACY","sana'a","REDACTED FOR PRIVACY","Yemen","","REDACTED FOR PRIVACY","REDACTED FOR PRIVACY","REDACTED FOR PRIVACY","REDACTED FOR PRIVACY","REDACTED FOR PRIVACY","REDACTED FOR PRIVACY","REDACTED FOR PRIVACY","REDACTED FOR PRIVACY","REDACTED FOR PRIVACY","","REDACTED FOR PRIVACY","REDACTED FOR PRIVACY","REDACTED FOR PRIVACY","REDACTED FOR PRIVACY","REDACTED FOR PRIVACY","REDACTED FOR PRIVACY","REDACTED FOR PRIVACY","REDACTED FOR PRIVACY","REDACTED FOR PRIVACY","","REDACTED FOR PRIVACY","REDACTED FOR PRIVACY","","","","","","","","","","","ns1.onlinksoft.net","ns2.onlinksoft.net","","","addPeriod","clientTransferProhibited","",""
"21","yemen-covid19.com","2020-05-13 10:49:19","2020-05-10","2020-05-10","2021-05-10","146","GoDaddy.com, LLC","whois.godaddy.com","http://registrar.godaddy.com","","","","","0000","","Yemen","","","","","","","","","","","","","","","","","","","","","","","","","","","","","","","","","","ns23.domaincontrol.com","ns24.domaincontrol.com","","","clientDeleteProhibited","clientRenewProhibited","clientTransferProhibited","clientUpdateProhibited"