"num","domain_name","query_time","create_date","update_date","expiry_date","domain_registrar_id","domain_registrar_name","domain_registrar_whois","domain_registrar_url","registrant_name","registrant_company","registrant_address","registrant_city","registrant_state","registrant_zip","registrant_country","registrant_email","registrant_phone","registrant_fax","administrative_name","administrative_company","administrative_address","administrative_city","administrative_state","administrative_zip","administrative_country","administrative_email","administrative_phone","administrative_fax","technical_name","technical_company","technical_address","technical_city","technical_state","technical_zip","technical_country","technical_email","technical_phone","technical_fax","billing_name","billing_company","billing_address","billing_city","billing_state","billing_zip","billing_country","billing_email","billing_phone","billing_fax","name_server_1","name_server_2","name_server_3","name_server_4","domain_status_1","domain_status_2","domain_status_3","domain_status_4"
"1","360for365.com","2020-05-13 19:54:07","2020-05-12","2020-05-12","2021-05-12","1647","Hosting Concepts B.V. dba Openprovider","whois.registrar.eu","http://www.openprovider.com","REDACTED FOR PRIVACY","Malengo","REDACTED FOR PRIVACY","REDACTED FOR PRIVACY","Zimbabwe","REDACTED FOR PRIVACY","Zimbabwe","","REDACTED FOR PRIVACY","REDACTED FOR PRIVACY","REDACTED FOR PRIVACY","REDACTED FOR PRIVACY","REDACTED FOR PRIVACY","REDACTED FOR PRIVACY","REDACTED FOR PRIVACY","REDACTED FOR PRIVACY","REDACTED FOR PRIVACY","","REDACTED FOR PRIVACY","REDACTED FOR PRIVACY","REDACTED FOR PRIVACY","REDACTED FOR PRIVACY","REDACTED FOR PRIVACY","REDACTED FOR PRIVACY","REDACTED FOR PRIVACY","REDACTED FOR PRIVACY","REDACTED FOR PRIVACY","","REDACTED FOR PRIVACY","REDACTED FOR PRIVACY","","","","","","","","","","","ns3.za-dns.com","ns5.za-dns.com","","","clientTransferProhibited","ok","",""
"2","69videosx.com","2020-05-13 10:59:32","2020-05-11","2020-05-11","2021-05-11","625","Name.com, Inc.","whois.name.com","http://www.name.com","gold tube","","Zimbabwe Street 01","Zimbabwe","Zimbabwe","00000","Zimbabwe","goldtubecash@gmail.com","+1.2015552013","","gold tube","","Zimbabwe Street 01","Zimbabwe","Zimbabwe","00000","Zimbabwe","goldtubecash@gmail.com","+1.2015552013","","gold tube","","Zimbabwe Street 01","Zimbabwe","Zimbabwe","00000","Zimbabwe","goldtubecash@gmail.com","+1.2015552013","","","","","","","","","","","","ns1cny.name.com","ns2fgv.name.com","ns3fhx.name.com","ns4gvx.name.com","addPeriod","clientTransferProhibited","",""
"3","anonwap.com","2020-05-13 10:59:45","2020-05-11","2020-05-11","2021-05-11","625","Name.com, Inc.","whois.name.com","http://www.name.com","gold tube","","Zimbabwe Street 01","Zimbabwe","Zimbabwe","00000","Zimbabwe","goldtubecash@gmail.com","+1.2015552013","","gold tube","","Zimbabwe Street 01","Zimbabwe","Zimbabwe","00000","Zimbabwe","goldtubecash@gmail.com","+1.2015552013","","gold tube","","Zimbabwe Street 01","Zimbabwe","Zimbabwe","00000","Zimbabwe","goldtubecash@gmail.com","+1.2015552013","","","","","","","","","","","","ns1cny.name.com","ns2fgv.name.com","ns3fhx.name.com","ns4gvx.name.com","addPeriod","clientTransferProhibited","",""
"4","auctionintermarket.com","2020-05-13 19:54:17","2020-05-12","2020-05-12","2022-05-12","146","GoDaddy.com, LLC","whois.godaddy.com","http://registrar.godaddy.com","","","","","Bulawayo Province","","Zimbabwe","","","","","","","","","","","","","","","","","","","","","","","","","","","","","","","","","","ns1.giow1088.siteground.us","ns2.giow1088.siteground.us","","","clientDeleteProhibited","clientRenewProhibited","clientTransferProhibited","clientUpdateProhibited"
"5","bopoma.biz","2020-05-13 15:18:43","2020-05-09","2020-05-09","2021-05-09","1564","TLD Registrar Solutions Ltd.","whois.tldregistrarsolutions.com","http://www.tldregistrarsolutions.com","","","","","","","Zimbabwe","","","","","","","","","","","","","","","","","","","","","","","","","","","","","","","","","","ns1.getlark.com","ns2.getlark.com","","","addPeriod","clientTransferProhibited","",""
"6","cape-cannary.com","2020-05-13 20:14:32","2020-05-12","2020-05-12","2021-05-12","48","eNom, Inc.","whois.enom.com","http://www.enom.com","REDACTED FOR PRIVACY","REDACTED FOR PRIVACY","REDACTED FOR PRIVACY","REDACTED FOR PRIVACY","harare","REDACTED FOR PRIVACY","Zimbabwe","","REDACTED FOR PRIVACY","REDACTED FOR PRIVACY","REDACTED FOR PRIVACY","REDACTED FOR PRIVACY","REDACTED FOR PRIVACY","REDACTED FOR PRIVACY","REDACTED FOR PRIVACY","REDACTED FOR PRIVACY","REDACTED FOR PRIVACY","","REDACTED FOR PRIVACY","REDACTED FOR PRIVACY","REDACTED FOR PRIVACY","REDACTED FOR PRIVACY","REDACTED FOR PRIVACY","REDACTED FOR PRIVACY","REDACTED FOR PRIVACY","REDACTED FOR PRIVACY","REDACTED FOR PRIVACY","","REDACTED FOR PRIVACY","REDACTED FOR PRIVACY","","","","","","","","","","","ns1.liquidtelecom.net","ns2.liquidtelecom.net","","","addPeriod","clientTransferProhibited","",""
"7","cnashe.com","2020-05-13 11:00:52","2020-05-11","2020-05-11","2021-05-11","146","GoDaddy.com, LLC","whois.godaddy.com","http://registrar.godaddy.com","","","","","Mash West","","Zimbabwe","","","","","","","","","","","","","","","","","","","","","","","","","","","","","","","","","","ns13.domaincontrol.com","ns14.domaincontrol.com","","","clientDeleteProhibited","clientRenewProhibited","clientTransferProhibited","clientUpdateProhibited"
"8","czi.today","2020-05-13 19:23:03","2020-05-09","2020-05-09","2021-05-09","146","GoDaddy.com, LLC","whois.godaddy.com","http://registrar.godaddy.com","REDACTED FOR PRIVACY","","REDACTED FOR PRIVACY","REDACTED FOR PRIVACY","Hre","REDACTED FOR PRIVACY","Zimbabwe","","REDACTED FOR PRIVACY","REDACTED FOR PRIVACY","","","","","","","","","","","","","","","","","","","","","","","","","","","","","","","","","","","addPeriod","clientDeleteProhibited","clientRenewProhibited","clientTransferProhibited"
"9","farmgateglobal.com","2020-05-13 09:43:44","2020-05-09","2020-05-09","2022-05-09","146","GoDaddy.com, LLC","whois.godaddy.com","http://registrar.godaddy.com","","","","","HARARE","","Zimbabwe","","","","","","","","","","","","","","","","","","","","","","","","","","","","","","","","","","ns27.domaincontrol.com","ns28.domaincontrol.com","","","clientDeleteProhibited","clientRenewProhibited","clientTransferProhibited","clientUpdateProhibited"
"10","fuxhub.com","2020-05-13 10:59:55","2020-05-11","2020-05-11","2021-05-11","625","Name.com, Inc.","whois.name.com","http://www.name.com","gold tube","","Zimbabwe Street 01","Zimbabwe","Zimbabwe","00000","Zimbabwe","goldtubecash@gmail.com","+1.2015552013","","gold tube","","Zimbabwe Street 01","Zimbabwe","Zimbabwe","00000","Zimbabwe","goldtubecash@gmail.com","+1.2015552013","","gold tube","","Zimbabwe Street 01","Zimbabwe","Zimbabwe","00000","Zimbabwe","goldtubecash@gmail.com","+1.2015552013","","","","","","","","","","","","ns1cny.name.com","ns2fgv.name.com","ns3fhx.name.com","ns4gvx.name.com","addPeriod","clientTransferProhibited","",""
"11","kexwap.com","2020-05-13 10:59:49","2020-05-11","2020-05-11","2021-05-11","625","Name.com, Inc.","whois.name.com","http://www.name.com","gold tube","","Zimbabwe Street 01","Zimbabwe","Zimbabwe","00000","Zimbabwe","goldtubecash@gmail.com","+1.2015552013","","gold tube","","Zimbabwe Street 01","Zimbabwe","Zimbabwe","00000","Zimbabwe","goldtubecash@gmail.com","+1.2015552013","","gold tube","","Zimbabwe Street 01","Zimbabwe","Zimbabwe","00000","Zimbabwe","goldtubecash@gmail.com","+1.2015552013","","","","","","","","","","","","ns1cny.name.com","ns2fgv.name.com","ns3fhx.name.com","ns4gvx.name.com","addPeriod","clientTransferProhibited","",""
"12","kezvideos.com","2020-05-13 10:59:46","2020-05-11","2020-05-11","2021-05-11","625","Name.com, Inc.","whois.name.com","http://www.name.com","gold tube","","Zimbabwe Street 01","Zimbabwe","Zimbabwe","00000","Zimbabwe","goldtubecash@gmail.com","+1.2015552013","","gold tube","","Zimbabwe Street 01","Zimbabwe","Zimbabwe","00000","Zimbabwe","goldtubecash@gmail.com","+1.2015552013","","gold tube","","Zimbabwe Street 01","Zimbabwe","Zimbabwe","00000","Zimbabwe","goldtubecash@gmail.com","+1.2015552013","","","","","","","","","","","","ns1cny.name.com","ns2fgv.name.com","ns3fhx.name.com","ns4gvx.name.com","addPeriod","clientTransferProhibited","",""
"13","opornvideos.com","2020-05-13 10:59:45","2020-05-11","2020-05-11","2021-05-11","625","Name.com, Inc.","whois.name.com","http://www.name.com","gold tube","","Zimbabwe Street 01","Zimbabwe","Zimbabwe","00000","Zimbabwe","goldtubecash@gmail.com","+1.2015552013","","gold tube","","Zimbabwe Street 01","Zimbabwe","Zimbabwe","00000","Zimbabwe","goldtubecash@gmail.com","+1.2015552013","","gold tube","","Zimbabwe Street 01","Zimbabwe","Zimbabwe","00000","Zimbabwe","goldtubecash@gmail.com","+1.2015552013","","","","","","","","","","","","ns1cny.name.com","ns2fgv.name.com","ns3fhx.name.com","ns4gvx.name.com","addPeriod","clientTransferProhibited","",""
"14","piscesminerva.com","2020-05-13 20:44:23","2020-05-12","2020-05-12","2022-05-12","146","GoDaddy.com, LLC","whois.godaddy.com","http://registrar.godaddy.com","","","","","Bulawayo","","Zimbabwe","","","","","","","","","","","","","","","","","","","","","","","","","","","","","","","","","","ns31.domaincontrol.com","ns32.domaincontrol.com","","","clientDeleteProhibited","clientRenewProhibited","clientTransferProhibited","clientUpdateProhibited"
"15","pornodit.com","2020-05-13 10:59:32","2020-05-11","2020-05-11","2021-05-11","625","Name.com, Inc.","whois.name.com","http://www.name.com","gold tube","","Zimbabwe Street 01","Zimbabwe","Zimbabwe","00000","Zimbabwe","goldtubecash@gmail.com","+1.2015552013","","gold tube","","Zimbabwe Street 01","Zimbabwe","Zimbabwe","00000","Zimbabwe","goldtubecash@gmail.com","+1.2015552013","","gold tube","","Zimbabwe Street 01","Zimbabwe","Zimbabwe","00000","Zimbabwe","goldtubecash@gmail.com","+1.2015552013","","","","","","","","","","","","ns1cny.name.com","ns2fgv.name.com","ns3fhx.name.com","ns4gvx.name.com","addPeriod","clientTransferProhibited","",""
"16","pornointerest.com","2020-05-13 10:59:38","2020-05-11","2020-05-11","2021-05-11","625","Name.com, Inc.","whois.name.com","http://www.name.com","gold tube","","Zimbabwe Street 01","Zimbabwe","Zimbabwe","00000","Zimbabwe","goldtubecash@gmail.com","+1.2015552013","","gold tube","","Zimbabwe Street 01","Zimbabwe","Zimbabwe","00000","Zimbabwe","goldtubecash@gmail.com","+1.2015552013","","gold tube","","Zimbabwe Street 01","Zimbabwe","Zimbabwe","00000","Zimbabwe","goldtubecash@gmail.com","+1.2015552013","","","","","","","","","","","","ns1cny.name.com","ns2fgv.name.com","ns3fhx.name.com","ns4gvx.name.com","addPeriod","clientTransferProhibited","",""
"17","pornvideoswap.com","2020-05-13 11:00:22","2020-05-11","2020-05-11","2021-05-11","625","Name.com, Inc.","whois.name.com","http://www.name.com","gold tube","","Zimbabwe Street 01","Zimbabwe","Zimbabwe","00000","Zimbabwe","goldtubecash@gmail.com","+1.2015552013","","gold tube","","Zimbabwe Street 01","Zimbabwe","Zimbabwe","00000","Zimbabwe","goldtubecash@gmail.com","+1.2015552013","","gold tube","","Zimbabwe Street 01","Zimbabwe","Zimbabwe","00000","Zimbabwe","goldtubecash@gmail.com","+1.2015552013","","","","","","","","","","","","ns1cny.name.com","ns2fgv.name.com","ns3fhx.name.com","ns4gvx.name.com","addPeriod","clientTransferProhibited","",""
"18","prospermapepa.com","2020-05-13 09:54:16","2020-05-10","2020-05-10","2021-05-10","303","PDR Ltd. d/b/a PublicDomainRegistry.com","whois.publicdomainregistry.com","http://www.publicdomainregistry.com","Prosper Mapepa","Web Development","1495, Chikanga 1, Mutare 1495, Chikanga 1, Mutare","Mutare","Zimbabwe","00000","Zimbabwe","mapepapro@gmail.com","+263.0782816569","","Prosper Mapepa","Web Development","1495, Chikanga 1, Mutare 1495, Chikanga 1, Mutare","Mutare","Zimbabwe","00000","Zimbabwe","mapepapro@gmail.com","+263.0782816569","","Prosper Mapepa","Web Development","1495, Chikanga 1, Mutare 1495, Chikanga 1, Mutare","Mutare","Zimbabwe","00000","Zimbabwe","mapepapro@gmail.com","+263.0782816569","","","","","","","","","","","","ns401.hostbudget.net","ns402.hostbudget.net","","","clientTransferProhibited","","",""
"19","seamlessys.com","2020-05-13 07:01:57","2020-05-11","2020-05-11","2021-05-11","146","GoDaddy.com, LLC","whois.godaddy.com","http://registrar.godaddy.com","Harare Institute of Technology","Harare Institute of Technology","","","Zimbabwe","","Zimbabwe","","","","","","","","","","","","","","","","","","","","","","","","","","","","","","","","","","ns23.domaincontrol.com","ns24.domaincontrol.com","","","clientDeleteProhibited","clientRenewProhibited","clientTransferProhibited","clientUpdateProhibited"
"20","secshub.com","2020-05-13 10:59:47","2020-05-11","2020-05-11","2021-05-11","625","Name.com, Inc.","whois.name.com","http://www.name.com","gold tube","","Zimbabwe Street 01","Zimbabwe","Zimbabwe","00000","Zimbabwe","goldtubecash@gmail.com","+1.2015552013","","gold tube","","Zimbabwe Street 01","Zimbabwe","Zimbabwe","00000","Zimbabwe","goldtubecash@gmail.com","+1.2015552013","","gold tube","","Zimbabwe Street 01","Zimbabwe","Zimbabwe","00000","Zimbabwe","goldtubecash@gmail.com","+1.2015552013","","","","","","","","","","","","ns1cny.name.com","ns2fgv.name.com","ns3fhx.name.com","ns4gvx.name.com","addPeriod","clientTransferProhibited","",""
"21","sexdigg.com","2020-05-13 10:59:45","2020-05-11","2020-05-11","2021-05-11","625","Name.com, Inc.","whois.name.com","http://www.name.com","gold tube","","Zimbabwe Street 01","Zimbabwe","Zimbabwe","00000","Zimbabwe","goldtubecash@gmail.com","+1.2015552013","","gold tube","","Zimbabwe Street 01","Zimbabwe","Zimbabwe","00000","Zimbabwe","goldtubecash@gmail.com","+1.2015552013","","gold tube","","Zimbabwe Street 01","Zimbabwe","Zimbabwe","00000","Zimbabwe","goldtubecash@gmail.com","+1.2015552013","","","","","","","","","","","","ns1cny.name.com","ns2fgv.name.com","ns3fhx.name.com","ns4gvx.name.com","addPeriod","clientTransferProhibited","",""
"22","sexydit.com","2020-05-13 10:59:53","2020-05-11","2020-05-11","2021-05-11","625","Name.com, Inc.","whois.name.com","http://www.name.com","gold tube","","Zimbabwe Street 01","Zimbabwe","Zimbabwe","00000","Zimbabwe","goldtubecash@gmail.com","+1.2015552013","","gold tube","","Zimbabwe Street 01","Zimbabwe","Zimbabwe","00000","Zimbabwe","goldtubecash@gmail.com","+1.2015552013","","gold tube","","Zimbabwe Street 01","Zimbabwe","Zimbabwe","00000","Zimbabwe","goldtubecash@gmail.com","+1.2015552013","","","","","","","","","","","","ns1cny.name.com","ns2fgv.name.com","ns3fhx.name.com","ns4gvx.name.com","addPeriod","clientTransferProhibited","",""
"23","shilohprivateschool.com","2020-05-13 20:05:51","2020-05-12","2020-05-12","2021-05-12","303","PDR Ltd. d/b/a PublicDomainRegistry.com","whois.publicdomainregistry.com","http://www.publicdomainregistry.com","tinashe chatunga","tech empire","18 magnolia msasa park","kwekwe","midlands","055","Zimbabwe","chatungaflexy@gmail.com","+263.0785485410","","tinashe chatunga","tech empire","18 magnolia msasa park","kwekwe","midlands","055","Zimbabwe","chatungaflexy@gmail.com","+263.0785485410","","tinashe chatunga","tech empire","18 magnolia msasa park","kwekwe","midlands","055","Zimbabwe","chatungaflexy@gmail.com","+263.0785485410","","","","","","","","","","","","ns1.marmasco.net","ns2.marmasco.net","","","clientTransferProhibited","","",""
"24","solarisinternational.education","2020-05-13 19:06:34","2020-05-11","2020-05-11","2021-05-11","1086","Marcaria.com International, Inc.","whois.melbourneit.com","http://www.melbourneit.com","REDACTED FOR PRIVACY","solaris international school","REDACTED FOR PRIVACY","REDACTED FOR PRIVACY","harare-zimbabwe","REDACTED FOR PRIVACY","Zimbabwe","","REDACTED FOR PRIVACY","REDACTED FOR PRIVACY","","","","","","","","","","","","","","","","","","","","","","","","","","","","","","","","","","","addPeriod","clientTransferProhibited","",""
"25","suxhub.com","2020-05-13 10:59:47","2020-05-11","2020-05-11","2021-05-11","625","Name.com, Inc.","whois.name.com","http://www.name.com","gold tube","","Zimbabwe Street 01","Zimbabwe","Zimbabwe","00000","Zimbabwe","goldtubecash@gmail.com","+1.2015552013","","gold tube","","Zimbabwe Street 01","Zimbabwe","Zimbabwe","00000","Zimbabwe","goldtubecash@gmail.com","+1.2015552013","","gold tube","","Zimbabwe Street 01","Zimbabwe","Zimbabwe","00000","Zimbabwe","goldtubecash@gmail.com","+1.2015552013","","","","","","","","","","","","ns1cny.name.com","ns2fgv.name.com","ns3fhx.name.com","ns4gvx.name.com","addPeriod","clientTransferProhibited","",""
"26","tadzimadzima.com","2020-05-13 20:14:09","2020-05-12","2020-05-12","2021-05-12","48","eNom, Inc.","whois.enom.com","http://www.enom.com","REDACTED FOR PRIVACY","REDACTED FOR PRIVACY","REDACTED FOR PRIVACY","REDACTED FOR PRIVACY","Mashonaland","REDACTED FOR PRIVACY","Zimbabwe","","REDACTED FOR PRIVACY","REDACTED FOR PRIVACY","REDACTED FOR PRIVACY","REDACTED FOR PRIVACY","REDACTED FOR PRIVACY","REDACTED FOR PRIVACY","REDACTED FOR PRIVACY","REDACTED FOR PRIVACY","REDACTED FOR PRIVACY","","REDACTED FOR PRIVACY","REDACTED FOR PRIVACY","REDACTED FOR PRIVACY","REDACTED FOR PRIVACY","REDACTED FOR PRIVACY","REDACTED FOR PRIVACY","REDACTED FOR PRIVACY","REDACTED FOR PRIVACY","REDACTED FOR PRIVACY","","REDACTED FOR PRIVACY","REDACTED FOR PRIVACY","","","","","","","","","","","ns5.angelwalthosting.com","ns6.angelwalthosting.com","","","addPeriod","clientTransferProhibited","",""
"27","thortonsoft.com","2020-05-13 21:03:26","2020-05-12","2020-05-12","2021-05-12","146","GoDaddy.com, LLC","whois.godaddy.com","http://registrar.godaddy.com","","","","","Mashonaland East","","Zimbabwe","","","","","","","","","","","","","","","","","","","","","","","","","","","","","","","","","","ns31.domaincontrol.com","ns32.domaincontrol.com","","","clientDeleteProhibited","clientRenewProhibited","clientTransferProhibited","clientUpdateProhibited"
"28","trademaw.com","2020-05-13 07:38:07","2020-05-11","2020-05-11","2021-05-11","440","Wild West Domains, LLC","whois.wildwestdomains.com","http://www.wildwestdomains.com","","","","","Mashonaland","","Zimbabwe","","","","","","","","","","","","","","","","","","","","","","","","","","","","","","","","","","ns1.frampolonline.com","ns2.frampolonline.com","","","clientDeleteProhibited","clientRenewProhibited","clientTransferProhibited","clientUpdateProhibited"
"29","truckzone-zwe.com","2020-05-13 07:13:03","2020-05-10","2020-05-12","2021-05-10","69","Tucows Domains Inc.","whois.tucows.com","http://domainhelp.opensrs.net","REDACTED FOR PRIVACY","REDACTED FOR PRIVACY","REDACTED FOR PRIVACY","REDACTED FOR PRIVACY","XX","REDACTED FOR PRIVACY","Zimbabwe","","REDACTED FOR PRIVACY","REDACTED FOR PRIVACY","REDACTED FOR PRIVACY","REDACTED FOR PRIVACY","REDACTED FOR PRIVACY","REDACTED FOR PRIVACY","REDACTED FOR PRIVACY","REDACTED FOR PRIVACY","REDACTED FOR PRIVACY","","REDACTED FOR PRIVACY","REDACTED FOR PRIVACY","REDACTED FOR PRIVACY","REDACTED FOR PRIVACY","REDACTED FOR PRIVACY","REDACTED FOR PRIVACY","REDACTED FOR PRIVACY","REDACTED FOR PRIVACY","REDACTED FOR PRIVACY","","REDACTED FOR PRIVACY","REDACTED FOR PRIVACY","","","","","","","","","","","ns1.gnld1035.siteground.eu","ns2.gnld1035.siteground.eu","","","clientTransferProhibited","clientUpdateProhibited","",""
"30","upornvideos.com","2020-05-13 10:59:47","2020-05-11","2020-05-11","2021-05-11","625","Name.com, Inc.","whois.name.com","http://www.name.com","gold tube","","Zimbabwe Street 01","Zimbabwe","Zimbabwe","00000","Zimbabwe","goldtubecash@gmail.com","+1.2015552013","","gold tube","","Zimbabwe Street 01","Zimbabwe","Zimbabwe","00000","Zimbabwe","goldtubecash@gmail.com","+1.2015552013","","gold tube","","Zimbabwe Street 01","Zimbabwe","Zimbabwe","00000","Zimbabwe","goldtubecash@gmail.com","+1.2015552013","","","","","","","","","","","","ns1cny.name.com","ns2fgv.name.com","ns3fhx.name.com","ns4gvx.name.com","addPeriod","clientTransferProhibited","",""
"31","vicfallsproperty.com","2020-05-13 10:57:15","2020-05-11","2020-05-11","2021-05-11","146","GoDaddy.com, LLC","whois.godaddy.com","http://registrar.godaddy.com","","","","","Matabeleland North Province","","Zimbabwe","","","","","","","","","","","","","","","","","","","","","","","","","","","","","","","","","","ns13.domaincontrol.com","ns14.domaincontrol.com","","","clientDeleteProhibited","clientRenewProhibited","clientTransferProhibited","clientUpdateProhibited"
"32","xexhub.com","2020-05-13 10:59:32","2020-05-11","2020-05-11","2021-05-11","625","Name.com, Inc.","whois.name.com","http://www.name.com","gold tube","","Zimbabwe Street 01","Zimbabwe","Zimbabwe","00000","Zimbabwe","goldtubecash@gmail.com","+1.2015552013","","gold tube","","Zimbabwe Street 01","Zimbabwe","Zimbabwe","00000","Zimbabwe","goldtubecash@gmail.com","+1.2015552013","","gold tube","","Zimbabwe Street 01","Zimbabwe","Zimbabwe","00000","Zimbabwe","goldtubecash@gmail.com","+1.2015552013","","","","","","","","","","","","ns1cny.name.com","ns2fgv.name.com","ns3fhx.name.com","ns4gvx.name.com","addPeriod","clientTransferProhibited","",""
"33","xextube.com","2020-05-13 10:59:32","2020-05-11","2020-05-11","2021-05-11","625","Name.com, Inc.","whois.name.com","http://www.name.com","gold tube","","Zimbabwe Street 01","Zimbabwe","Zimbabwe","00000","Zimbabwe","goldtubecash@gmail.com","+1.2015552013","","gold tube","","Zimbabwe Street 01","Zimbabwe","Zimbabwe","00000","Zimbabwe","goldtubecash@gmail.com","+1.2015552013","","gold tube","","Zimbabwe Street 01","Zimbabwe","Zimbabwe","00000","Zimbabwe","goldtubecash@gmail.com","+1.2015552013","","","","","","","","","","","","ns1cny.name.com","ns2fgv.name.com","ns3fhx.name.com","ns4gvx.name.com","addPeriod","clientTransferProhibited","",""
"34","xexvideos.com","2020-05-13 10:59:52","2020-05-11","2020-05-11","2021-05-11","625","Name.com, Inc.","whois.name.com","http://www.name.com","gold tube","","Zimbabwe Street 01","Zimbabwe","Zimbabwe","00000","Zimbabwe","goldtubecash@gmail.com","+1.2015552013","","gold tube","","Zimbabwe Street 01","Zimbabwe","Zimbabwe","00000","Zimbabwe","goldtubecash@gmail.com","+1.2015552013","","gold tube","","Zimbabwe Street 01","Zimbabwe","Zimbabwe","00000","Zimbabwe","goldtubecash@gmail.com","+1.2015552013","","","","","","","","","","","","ns1cny.name.com","ns2fgv.name.com","ns3fhx.name.com","ns4gvx.name.com","addPeriod","clientTransferProhibited","",""
"35","xwapvideos.com","2020-05-13 10:59:44","2020-05-11","2020-05-11","2021-05-11","625","Name.com, Inc.","whois.name.com","http://www.name.com","gold tube","","Zimbabwe Street 01","Zimbabwe","Zimbabwe","00000","Zimbabwe","goldtubecash@gmail.com","+1.2015552013","","gold tube","","Zimbabwe Street 01","Zimbabwe","Zimbabwe","00000","Zimbabwe","goldtubecash@gmail.com","+1.2015552013","","gold tube","","Zimbabwe Street 01","Zimbabwe","Zimbabwe","00000","Zimbabwe","goldtubecash@gmail.com","+1.2015552013","","","","","","","","","","","","ns1cny.name.com","ns2fgv.name.com","ns3fhx.name.com","ns4gvx.name.com","addPeriod","clientTransferProhibited","",""
"36","xxfap.com","2020-05-13 10:59:44","2020-05-11","2020-05-11","2021-05-11","625","Name.com, Inc.","whois.name.com","http://www.name.com","gold tube","","Zimbabwe Street 01","Zimbabwe","Zimbabwe","00000","Zimbabwe","goldtubecash@gmail.com","+1.2015552013","","gold tube","","Zimbabwe Street 01","Zimbabwe","Zimbabwe","00000","Zimbabwe","goldtubecash@gmail.com","+1.2015552013","","gold tube","","Zimbabwe Street 01","Zimbabwe","Zimbabwe","00000","Zimbabwe","goldtubecash@gmail.com","+1.2015552013","","","","","","","","","","","","ns1cny.name.com","ns2fgv.name.com","ns3fhx.name.com","ns4gvx.name.com","addPeriod","clientTransferProhibited","",""
"37","zexwap.com","2020-05-13 11:00:23","2020-05-11","2020-05-11","2021-05-11","625","Name.com, Inc.","whois.name.com","http://www.name.com","gold tube","","Zimbabwe Street 01","Zimbabwe","Zimbabwe","00000","Zimbabwe","goldtubecash@gmail.com","+1.2015552013","","gold tube","","Zimbabwe Street 01","Zimbabwe","Zimbabwe","00000","Zimbabwe","goldtubecash@gmail.com","+1.2015552013","","gold tube","","Zimbabwe Street 01","Zimbabwe","Zimbabwe","00000","Zimbabwe","goldtubecash@gmail.com","+1.2015552013","","","","","","","","","","","","ns1cny.name.com","ns2fgv.name.com","ns3fhx.name.com","ns4gvx.name.com","addPeriod","clientTransferProhibited","",""