"num","domain_name","query_time","create_date","update_date","expiry_date","domain_registrar_id","domain_registrar_name","domain_registrar_whois","domain_registrar_url","registrant_name","registrant_company","registrant_address","registrant_city","registrant_state","registrant_zip","registrant_country","registrant_email","registrant_phone","registrant_fax","administrative_name","administrative_company","administrative_address","administrative_city","administrative_state","administrative_zip","administrative_country","administrative_email","administrative_phone","administrative_fax","technical_name","technical_company","technical_address","technical_city","technical_state","technical_zip","technical_country","technical_email","technical_phone","technical_fax","billing_name","billing_company","billing_address","billing_city","billing_state","billing_zip","billing_country","billing_email","billing_phone","billing_fax","name_server_1","name_server_2","name_server_3","name_server_4","domain_status_1","domain_status_2","domain_status_3","domain_status_4"
"1","anthrozoologist.dog","2020-05-12 19:53:58","2020-05-10","2020-05-10","2021-05-10","1068","NameCheap, Inc.","whois.namecheap.com","http://www.namecheap.com","REDACTED FOR PRIVACY","WhoisGuard, Inc.","REDACTED FOR PRIVACY","REDACTED FOR PRIVACY","Panama","REDACTED FOR PRIVACY","Panama","","REDACTED FOR PRIVACY","REDACTED FOR PRIVACY","","","","","","","","","","","","","","","","","","","","","","","","","","","","","","","","","","","addPeriod","clientTransferProhibited","",""
"2","anthrozoology.dog","2020-05-12 19:53:58","2020-05-10","2020-05-10","2021-05-10","1068","NameCheap, Inc.","whois.namecheap.com","http://www.namecheap.com","REDACTED FOR PRIVACY","WhoisGuard, Inc.","REDACTED FOR PRIVACY","REDACTED FOR PRIVACY","Panama","REDACTED FOR PRIVACY","Panama","","REDACTED FOR PRIVACY","REDACTED FOR PRIVACY","","","","","","","","","","","","","","","","","","","","","","","","","","","","","","","","","","","addPeriod","clientTransferProhibited","",""
"3","bail.dog","2020-05-12 19:53:58","2020-05-10","2020-05-10","2021-05-10","1479","Namesilo, LLC","whois.namesilo.com","http://www.namesilo.com","REDACTED FOR PRIVACY","See PrivacyGuardian.org","REDACTED FOR PRIVACY","REDACTED FOR PRIVACY","AZ","REDACTED FOR PRIVACY","United States","","REDACTED FOR PRIVACY","REDACTED FOR PRIVACY","","","","","","","","","","","","","","","","","","","","","","","","","","","","","","","","","","","addPeriod","clientTransferProhibited","",""
"4","bathbombs.dog","2020-05-12 19:53:58","2020-05-09","2020-05-09","2021-05-09","146","GoDaddy.com, LLC","whois.godaddy.com","http://registrar.godaddy.com","REDACTED FOR PRIVACY","Domains By Proxy, LLC","REDACTED FOR PRIVACY","REDACTED FOR PRIVACY","Arizona","REDACTED FOR PRIVACY","United States","","REDACTED FOR PRIVACY","REDACTED FOR PRIVACY","","","","","","","","","","","","","","","","","","","","","","","","","","","","","","","","","","","addPeriod","clientDeleteProhibited","clientRenewProhibited","clientTransferProhibited"
"5","benek.dog","2020-05-12 19:53:58","2020-05-11","2020-05-11","2021-05-11","433","OVH sas","whois.ovh.com","http://www.ovh.com","REDACTED FOR PRIVACY","","REDACTED FOR PRIVACY","REDACTED FOR PRIVACY","","REDACTED FOR PRIVACY","Poland","","REDACTED FOR PRIVACY","REDACTED FOR PRIVACY","","","","","","","","","","","","","","","","","","","","","","","","","","","","","","","","","","","addPeriod","clientDeleteProhibited","clientTransferProhibited",""
"6","bonchien.dog","2020-05-12 19:53:58","2020-05-09","2020-05-09","2021-05-09","146","GoDaddy.com, LLC","whois.godaddy.com","http://registrar.godaddy.com","REDACTED FOR PRIVACY","","REDACTED FOR PRIVACY","REDACTED FOR PRIVACY","Quebec","REDACTED FOR PRIVACY","Canada","","REDACTED FOR PRIVACY","REDACTED FOR PRIVACY","","","","","","","","","","","","","","","","","","","","","","","","","","","","","","","","","","","addPeriod","clientDeleteProhibited","clientRenewProhibited","clientTransferProhibited"
"7","cherokee.dog","2020-05-12 19:53:58","2020-05-09","2020-05-09","2021-05-09","1387","1API GmbH","whois.1api.net","http://www.1api.net","REDACTED FOR PRIVACY","Kristin Nichole Co","REDACTED FOR PRIVACY","REDACTED FOR PRIVACY","MN","REDACTED FOR PRIVACY","United States","","REDACTED FOR PRIVACY","REDACTED FOR PRIVACY","","","","","","","","","","","","","","","","","","","","","","","","","","","","","","","","","","","addPeriod","","",""
"8","chinese.dog","2020-05-12 19:54:01","2020-05-11","2020-05-11","2021-05-11","1915","West263 International Limited","whois.hkdns.hk","http://www.hkdns.hk","REDACTED FOR PRIVACY","Ning Bo Shi Zhen Hai 9D new media design Company Limited","REDACTED FOR PRIVACY","REDACTED FOR PRIVACY","Zhe Jiang","REDACTED FOR PRIVACY","China","","REDACTED FOR PRIVACY","REDACTED FOR PRIVACY","","","","","","","","","","","","","","","","","","","","","","","","","","","","","","","","","","","addPeriod","","",""
"9","dingding.dog","2020-05-12 19:53:58","2020-05-11","2020-05-11","2021-05-11","146","GoDaddy.com, LLC","whois.godaddy.com","http://registrar.godaddy.com","REDACTED FOR PRIVACY","Domains By Proxy, LLC","REDACTED FOR PRIVACY","REDACTED FOR PRIVACY","Arizona","REDACTED FOR PRIVACY","United States","","REDACTED FOR PRIVACY","REDACTED FOR PRIVACY","","","","","","","","","","","","","","","","","","","","","","","","","","","","","","","","","","","addPeriod","clientDeleteProhibited","clientRenewProhibited","clientTransferProhibited"
"10","dogradio.dog","2020-05-12 19:53:57","2020-05-09","2020-05-09","2021-05-09","146","GoDaddy.com, LLC","whois.godaddy.com","http://registrar.godaddy.com","REDACTED FOR PRIVACY","independent voice","REDACTED FOR PRIVACY","REDACTED FOR PRIVACY","Arizona","REDACTED FOR PRIVACY","United States","","REDACTED FOR PRIVACY","REDACTED FOR PRIVACY","","","","","","","","","","","","","","","","","","","","","","","","","","","","","","","","","","","addPeriod","clientDeleteProhibited","clientRenewProhibited","clientTransferProhibited"
"11","dogrescue.dog","2020-05-12 19:54:01","2020-05-09","2020-05-09","2021-05-09","146","GoDaddy.com, LLC","whois.godaddy.com","http://registrar.godaddy.com","REDACTED FOR PRIVACY","independent voice","REDACTED FOR PRIVACY","REDACTED FOR PRIVACY","Arizona","REDACTED FOR PRIVACY","United States","","REDACTED FOR PRIVACY","REDACTED FOR PRIVACY","","","","","","","","","","","","","","","","","","","","","","","","","","","","","","","","","","","addPeriod","clientDeleteProhibited","clientRenewProhibited","clientTransferProhibited"
"12","dogsofa.dog","2020-05-12 19:53:58","2020-05-11","2020-05-11","2021-05-11","1068","NameCheap, Inc.","whois.namecheap.com","http://www.namecheap.com","REDACTED FOR PRIVACY","WhoisGuard, Inc.","REDACTED FOR PRIVACY","REDACTED FOR PRIVACY","Panama","REDACTED FOR PRIVACY","Panama","","REDACTED FOR PRIVACY","REDACTED FOR PRIVACY","","","","","","","","","","","","","","","","","","","","","","","","","","","","","","","","","","","addPeriod","clientTransferProhibited","",""
"13","dogtalkradio.dog","2020-05-12 19:53:58","2020-05-09","2020-05-09","2021-05-09","146","GoDaddy.com, LLC","whois.godaddy.com","http://registrar.godaddy.com","REDACTED FOR PRIVACY","independent voice","REDACTED FOR PRIVACY","REDACTED FOR PRIVACY","Arizona","REDACTED FOR PRIVACY","United States","","REDACTED FOR PRIVACY","REDACTED FOR PRIVACY","","","","","","","","","","","","","","","","","","","","","","","","","","","","","","","","","","","addPeriod","clientDeleteProhibited","clientRenewProhibited","clientTransferProhibited"
"14","drawmy.dog","2020-05-12 19:54:02","2020-05-10","2020-05-10","2021-05-10","1861","Porkbun, LLC","whois.porkbun.com","http://porkbun.com","REDACTED FOR PRIVACY","Private by Design, LLC","REDACTED FOR PRIVACY","REDACTED FOR PRIVACY","NC","REDACTED FOR PRIVACY","United States","","REDACTED FOR PRIVACY","REDACTED FOR PRIVACY","","","","","","","","","","","","","","","","","","","","","","","","","","","","","","","","","","","addPeriod","clientDeleteProhibited","clientTransferProhibited",""
"15","drdingo.dog","2020-05-12 19:54:01","2020-05-11","2020-05-11","2021-05-11","433","OVH sas","whois.ovh.com","http://www.ovh.com","REDACTED FOR PRIVACY","DINGONATURA, S.L.","REDACTED FOR PRIVACY","REDACTED FOR PRIVACY","","REDACTED FOR PRIVACY","Spain","","REDACTED FOR PRIVACY","REDACTED FOR PRIVACY","","","","","","","","","","","","","","","","","","","","","","","","","","","","","","","","","","","addPeriod","clientDeleteProhibited","clientTransferProhibited",""
"16","glenda.dog","2020-05-12 19:54:02","2020-05-09","2020-05-09","2021-05-09","48","eNom, Inc.","whois.enom.com","http://www.enom.com","REDACTED FOR PRIVACY","Data Protected","REDACTED FOR PRIVACY","REDACTED FOR PRIVACY","WA","REDACTED FOR PRIVACY","United States","","REDACTED FOR PRIVACY","REDACTED FOR PRIVACY","","","","","","","","","","","","","","","","","","","","","","","","","","","","","","","","","","","addPeriod","","",""
"17","harrismalteseyorkies.dog","2020-05-12 19:54:03","2020-05-10","2020-05-10","2021-05-10","1068","NameCheap, Inc.","whois.namecheap.com","http://www.namecheap.com","REDACTED FOR PRIVACY","WhoisGuard, Inc.","REDACTED FOR PRIVACY","REDACTED FOR PRIVACY","Panama","REDACTED FOR PRIVACY","Panama","","REDACTED FOR PRIVACY","REDACTED FOR PRIVACY","","","","","","","","","","","","","","","","","","","","","","","","","","","","","","","","","","","addPeriod","clientTransferProhibited","",""
"18","libertytraining.dog","2020-05-12 19:53:58","2020-05-09","2020-05-09","2021-05-09","146","GoDaddy.com, LLC","whois.godaddy.com","http://registrar.godaddy.com","REDACTED FOR PRIVACY","","REDACTED FOR PRIVACY","REDACTED FOR PRIVACY","South Carolina","REDACTED FOR PRIVACY","United States","","REDACTED FOR PRIVACY","REDACTED FOR PRIVACY","","","","","","","","","","","","","","","","","","","","","","","","","","","","","","","","","","","addPeriod","clientDeleteProhibited","clientRenewProhibited","clientTransferProhibited"
"19","luffy.dog","2020-05-12 19:53:58","2020-05-11","2020-05-11","2021-05-11","1068","NameCheap, Inc.","whois.namecheap.com","http://www.namecheap.com","REDACTED FOR PRIVACY","WhoisGuard, Inc.","REDACTED FOR PRIVACY","REDACTED FOR PRIVACY","Panama","REDACTED FOR PRIVACY","Panama","","REDACTED FOR PRIVACY","REDACTED FOR PRIVACY","","","","","","","","","","","","","","","","","","","","","","","","","","","","","","","","","","","addPeriod","clientTransferProhibited","",""
"20","makingthingswitha.dog","2020-05-12 19:54:00","2020-05-11","2020-05-11","2021-05-11","1068","NameCheap, Inc.","whois.namecheap.com","http://www.namecheap.com","REDACTED FOR PRIVACY","WhoisGuard, Inc.","REDACTED FOR PRIVACY","REDACTED FOR PRIVACY","Panama","REDACTED FOR PRIVACY","Panama","","REDACTED FOR PRIVACY","REDACTED FOR PRIVACY","","","","","","","","","","","","","","","","","","","","","","","","","","","","","","","","","","","addPeriod","clientTransferProhibited","",""
"21","mikeh.dog","2020-05-12 19:53:58","2020-05-09","2020-05-09","2021-05-09","895","Google, Inc.","whois.rrpproxy.net","http://www.google.com","REDACTED FOR PRIVACY","Contact Privacy Inc. Customer 1247175214","REDACTED FOR PRIVACY","REDACTED FOR PRIVACY","ON","REDACTED FOR PRIVACY","Canada","","REDACTED FOR PRIVACY","REDACTED FOR PRIVACY","","","","","","","","","","","","","","","","","","","","","","","","","","","","","","","","","","","addPeriod","clientTransferProhibited","",""
"22","miller.dog","2020-05-12 19:54:02","2020-05-09","2020-05-09","2021-05-09","895","Google, Inc.","whois.rrpproxy.net","http://www.google.com","REDACTED FOR PRIVACY","Contact Privacy Inc. Customer 1247173899","REDACTED FOR PRIVACY","REDACTED FOR PRIVACY","ON","REDACTED FOR PRIVACY","Canada","","REDACTED FOR PRIVACY","REDACTED FOR PRIVACY","","","","","","","","","","","","","","","","","","","","","","","","","","","","","","","","","","","addPeriod","clientTransferProhibited","",""
"23","momma.dog","2020-05-12 19:53:58","2020-05-10","2020-05-10","2021-05-10","1068","NameCheap, Inc.","whois.namecheap.com","http://www.namecheap.com","REDACTED FOR PRIVACY","WhoisGuard, Inc.","REDACTED FOR PRIVACY","REDACTED FOR PRIVACY","Panama","REDACTED FOR PRIVACY","Panama","","REDACTED FOR PRIVACY","REDACTED FOR PRIVACY","","","","","","","","","","","","","","","","","","","","","","","","","","","","","","","","","","","addPeriod","clientTransferProhibited","",""
"24","mongrelmakeovers.dog","2020-05-12 19:53:59","2020-05-10","2020-05-10","2021-05-10","1531","Automattic Inc.","whois.ripn.net","http://alohanic.com","REDACTED FOR PRIVACY","Knock Knock WHOIS Not There, LLC","REDACTED FOR PRIVACY","REDACTED FOR PRIVACY","","REDACTED FOR PRIVACY","United States","","REDACTED FOR PRIVACY","REDACTED FOR PRIVACY","","","","","","","","","","","","","","","","","","","","","","","","","","","","","","","","","","","addPeriod","clientTransferProhibited","",""
"25","ono.dog","2020-05-12 19:54:01","2020-05-10","2020-05-10","2021-05-10","1068","NameCheap, Inc.","whois.namecheap.com","http://www.namecheap.com","REDACTED FOR PRIVACY","WhoisGuard, Inc.","REDACTED FOR PRIVACY","REDACTED FOR PRIVACY","Panama","REDACTED FOR PRIVACY","Panama","","REDACTED FOR PRIVACY","REDACTED FOR PRIVACY","","","","","","","","","","","","","","","","","","","","","","","","","","","","","","","","","","","addPeriod","clientTransferProhibited","",""
"26","perravida.dog","2020-05-12 19:53:58","2020-05-10","2020-05-10","2021-05-10","48","eNom, Inc.","whois.enom.com","http://www.enom.com","REDACTED FOR PRIVACY","Data Protected","REDACTED FOR PRIVACY","REDACTED FOR PRIVACY","WA","REDACTED FOR PRIVACY","United States","","REDACTED FOR PRIVACY","REDACTED FOR PRIVACY","","","","","","","","","","","","","","","","","","","","","","","","","","","","","","","","","","","addPeriod","","",""
"27","puppyseeker.dog","2020-05-12 19:53:58","2020-05-09","2020-05-09","2021-05-09","1531","Automattic Inc.","whois.ripn.net","http://alohanic.com","REDACTED FOR PRIVACY","Knock Knock WHOIS Not There, LLC","REDACTED FOR PRIVACY","REDACTED FOR PRIVACY","","REDACTED FOR PRIVACY","United States","","REDACTED FOR PRIVACY","REDACTED FOR PRIVACY","","","","","","","","","","","","","","","","","","","","","","","","","","","","","","","","","","","addPeriod","clientTransferProhibited","",""
"28","radcanine.dog","2020-05-12 19:53:58","2020-05-10","2020-05-10","2021-05-10","1068","NameCheap, Inc.","whois.namecheap.com","http://www.namecheap.com","REDACTED FOR PRIVACY","WhoisGuard, Inc.","REDACTED FOR PRIVACY","REDACTED FOR PRIVACY","Panama","REDACTED FOR PRIVACY","Panama","","REDACTED FOR PRIVACY","REDACTED FOR PRIVACY","","","","","","","","","","","","","","","","","","","","","","","","","","","","","","","","","","","addPeriod","clientTransferProhibited","",""
"29","seedbox.dog","2020-05-12 19:53:58","2020-05-11","2020-05-11","2021-05-11","433","OVH sas","whois.ovh.com","http://www.ovh.com","REDACTED FOR PRIVACY","SDBX FRANCE","REDACTED FOR PRIVACY","REDACTED FOR PRIVACY","","REDACTED FOR PRIVACY","France","","REDACTED FOR PRIVACY","REDACTED FOR PRIVACY","","","","","","","","","","","","","","","","","","","","","","","","","","","","","","","","","","","addPeriod","clientDeleteProhibited","clientTransferProhibited",""
"30","sparx.dog","2020-05-12 19:53:58","2020-05-09","2020-05-09","2021-05-09","1861","Porkbun, LLC","whois.porkbun.com","http://porkbun.com","REDACTED FOR PRIVACY","Private by Design, LLC","REDACTED FOR PRIVACY","REDACTED FOR PRIVACY","NC","REDACTED FOR PRIVACY","United States","","REDACTED FOR PRIVACY","REDACTED FOR PRIVACY","","","","","","","","","","","","","","","","","","","","","","","","","","","","","","","","","","","addPeriod","clientDeleteProhibited","clientTransferProhibited",""
"31","talkradio.dog","2020-05-12 19:53:58","2020-05-09","2020-05-09","2021-05-09","146","GoDaddy.com, LLC","whois.godaddy.com","http://registrar.godaddy.com","REDACTED FOR PRIVACY","independent voice","REDACTED FOR PRIVACY","REDACTED FOR PRIVACY","Arizona","REDACTED FOR PRIVACY","United States","","REDACTED FOR PRIVACY","REDACTED FOR PRIVACY","","","","","","","","","","","","","","","","","","","","","","","","","","","","","","","","","","","addPeriod","clientDeleteProhibited","clientRenewProhibited","clientTransferProhibited"
"32","timeshare.dog","2020-05-12 19:54:02","2020-05-09","2020-05-09","2021-05-09","146","GoDaddy.com, LLC","whois.godaddy.com","http://registrar.godaddy.com","REDACTED FOR PRIVACY","Investor link internediary","REDACTED FOR PRIVACY","REDACTED FOR PRIVACY","Hampshire","REDACTED FOR PRIVACY","United Kingdom","","REDACTED FOR PRIVACY","REDACTED FOR PRIVACY","","","","","","","","","","","","","","","","","","","","","","","","","","","","","","","","","","","addPeriod","clientDeleteProhibited","clientRenewProhibited","clientTransferProhibited"
"33","wax.dog","2020-05-12 19:54:02","2020-05-10","2020-05-10","2021-05-10","146","GoDaddy.com, LLC","whois.godaddy.com","http://registrar.godaddy.com","REDACTED FOR PRIVACY","Domains By Proxy, LLC","REDACTED FOR PRIVACY","REDACTED FOR PRIVACY","Arizona","REDACTED FOR PRIVACY","United States","","REDACTED FOR PRIVACY","REDACTED FOR PRIVACY","","","","","","","","","","","","","","","","","","","","","","","","","","","","","","","","","","","addPeriod","clientDeleteProhibited","clientRenewProhibited","clientTransferProhibited"
"34","wolfskraft.dog","2020-05-12 19:54:02","2020-05-09","2020-05-09","2021-05-09","141","Cronon AG","whois.cronon.net","http://www.cronon.net","REDACTED FOR PRIVACY","","REDACTED FOR PRIVACY","REDACTED FOR PRIVACY","","REDACTED FOR PRIVACY","Germany","","REDACTED FOR PRIVACY","REDACTED FOR PRIVACY","","","","","","","","","","","","","","","","","","","","","","","","","","","","","","","","","","","addPeriod","","",""
"35","woofquackclothingco.dog","2020-05-12 19:53:58","2020-05-11","2020-05-11","2021-05-11","69","Tucows Domains Inc.","whois.tucows.com","http://domainhelp.opensrs.net","REDACTED FOR PRIVACY","Contact Privacy Inc. Customer 0157889494","REDACTED FOR PRIVACY","REDACTED FOR PRIVACY","ON","REDACTED FOR PRIVACY","Canada","","REDACTED FOR PRIVACY","REDACTED FOR PRIVACY","","","","","","","","","","","","","","","","","","","","","","","","","","","","","","","","","","","addPeriod","clientTransferProhibited","clientUpdateProhibited",""