"num","domain_name","query_time","create_date","update_date","expiry_date","domain_registrar_id","domain_registrar_name","domain_registrar_whois","domain_registrar_url","registrant_name","registrant_company","registrant_address","registrant_city","registrant_state","registrant_zip","registrant_country","registrant_email","registrant_phone","registrant_fax","administrative_name","administrative_company","administrative_address","administrative_city","administrative_state","administrative_zip","administrative_country","administrative_email","administrative_phone","administrative_fax","technical_name","technical_company","technical_address","technical_city","technical_state","technical_zip","technical_country","technical_email","technical_phone","technical_fax","billing_name","billing_company","billing_address","billing_city","billing_state","billing_zip","billing_country","billing_email","billing_phone","billing_fax","name_server_1","name_server_2","name_server_3","name_server_4","domain_status_1","domain_status_2","domain_status_3","domain_status_4"
"1","herewe.study","2020-05-12 20:58:43","2020-05-10","2020-05-10","2021-05-10","1068","NameCheap, Inc.","whois.namecheap.com","http://www.namecheap.com","Equipos Telemo ET SA","Equipos Telemo ET SA","","","DF","","Venezuela","","","","","","","","","","","","","","","","","","","","","","","","","","","","","","","","","","dns1.registrar-servers.com","dns2.registrar-servers.com","","","addPeriod","clientTransferProhibited","",""
"2","iteaching.study","2020-05-12 20:58:41","2020-05-07","2020-05-12","2021-05-07","146","GoDaddy.com, LLC","whois.godaddy.com","http://registrar.godaddy.com","Leam Tech","Leam Tech","","","Bangladesh","","Bangladesh","","","","","","","","","","","","","","","","","","","","","","","","","","","","","","","","","","ns1.a2hosting.com","ns2.a2hosting.com","ns3.a2hosting.com","ns4.a2hosting.com","clientDeleteProhibited","clientRenewProhibited","clientTransferProhibited","clientUpdateProhibited"
"3","letsenjoy.study","2020-05-12 20:58:39","2020-05-10","2020-05-10","2021-05-10","1387","1API GmbH","whois.1api.net","http://www.1api.net","Registrant of letsenjoy.study","Registrant of letsenjoy.study","","","West Yorkshire","","United Kingdom","","","","","","","","","","","","","","","","","","","","","","","","","","","","","","","","","","ns1.bluehost.com","ns2.bluehost.com","","","addPeriod","clientTransferProhibited","",""
"4","myneo.study","2020-05-12 20:58:37","2020-05-11","2020-05-11","2021-05-11","1068","NameCheap, Inc.","whois.namecheap.com","http://www.namecheap.com","DynEd International","DynEd International","","","CA","","United States","","","","","","","","","","","","","","","","","","","","","","","","","","","","","","","","","","ns-1069.awsdns-05.org","ns-1663.awsdns-15.co.uk","ns-4.awsdns-00.com","ns-637.awsdns-15.net","addPeriod","clientTransferProhibited","",""
"5","now.study","2020-05-12 20:58:35","2020-05-08","2020-05-08","2021-05-08","146","GoDaddy.com, LLC","whois.godaddy.com","http://registrar.godaddy.com","Domains By Proxy, LLC","Domains By Proxy, LLC","","","Arizona","","United States","","","","","","","","","","","","","","","","","","","","","","","","","","","","","","","","","","ns51.domaincontrol.com","ns52.domaincontrol.com","","","addPeriod","clientDeleteProhibited","clientRenewProhibited","clientTransferProhibited"
"6","teachplaylearn.study","2020-05-12 20:58:31","2020-05-11","2020-05-11","2021-05-11","146","GoDaddy.com, LLC","whois.godaddy.com","http://registrar.godaddy.com","Domains By Proxy, LLC","Domains By Proxy, LLC","","","Arizona","","United States","","","","","","","","","","","","","","","","","","","","","","","","","","","","","","","","","","ns39.domaincontrol.com","ns40.domaincontrol.com","","","addPeriod","clientDeleteProhibited","clientRenewProhibited","clientTransferProhibited"