"num","domain_name","query_time","create_date","update_date","expiry_date","domain_registrar_id","domain_registrar_name","domain_registrar_whois","domain_registrar_url","registrant_name","registrant_company","registrant_address","registrant_city","registrant_state","registrant_zip","registrant_country","registrant_email","registrant_phone","registrant_fax","administrative_name","administrative_company","administrative_address","administrative_city","administrative_state","administrative_zip","administrative_country","administrative_email","administrative_phone","administrative_fax","technical_name","technical_company","technical_address","technical_city","technical_state","technical_zip","technical_country","technical_email","technical_phone","technical_fax","billing_name","billing_company","billing_address","billing_city","billing_state","billing_zip","billing_country","billing_email","billing_phone","billing_fax","name_server_1","name_server_2","name_server_3","name_server_4","domain_status_1","domain_status_2","domain_status_3","domain_status_4"
"1","168.support","2020-05-12 21:02:01","2020-05-10","2020-05-10","2021-05-10","146","GoDaddy.com, LLC","whois.godaddy.com","http://registrar.godaddy.com","REDACTED FOR PRIVACY","Domains By Proxy, LLC","REDACTED FOR PRIVACY","REDACTED FOR PRIVACY","Arizona","REDACTED FOR PRIVACY","United States","","REDACTED FOR PRIVACY","REDACTED FOR PRIVACY","","","","","","","","","","","","","","","","","","","","","","","","","","","","","","","","","","","addPeriod","clientDeleteProhibited","clientRenewProhibited","clientTransferProhibited"
"2","apple-maps.support","2020-05-12 21:01:58","2020-05-11","2020-05-11","2021-05-11","1479","Namesilo, LLC","whois.namesilo.com","http://www.namesilo.com","REDACTED FOR PRIVACY","See PrivacyGuardian.org","REDACTED FOR PRIVACY","REDACTED FOR PRIVACY","AZ","REDACTED FOR PRIVACY","United States","","REDACTED FOR PRIVACY","REDACTED FOR PRIVACY","","","","","","","","","","","","","","","","","","","","","","","","","","","","","","","","","","","addPeriod","clientTransferProhibited","",""
"3","assistant.support","2020-05-12 21:01:59","2020-05-09","2020-05-09","2021-05-09","146","GoDaddy.com, LLC","whois.godaddy.com","http://registrar.godaddy.com","REDACTED FOR PRIVACY","Business Training Center","REDACTED FOR PRIVACY","REDACTED FOR PRIVACY","Podgorica","REDACTED FOR PRIVACY","Montenegro","","REDACTED FOR PRIVACY","REDACTED FOR PRIVACY","","","","","","","","","","","","","","","","","","","","","","","","","","","","","","","","","","","addPeriod","clientDeleteProhibited","clientRenewProhibited","clientTransferProhibited"
"4","auth.support","2020-05-12 21:01:58","2020-05-10","2020-05-10","2021-05-10","1068","NameCheap, Inc.","whois.namecheap.com","http://www.namecheap.com","REDACTED FOR PRIVACY","WhoisGuard, Inc.","REDACTED FOR PRIVACY","REDACTED FOR PRIVACY","Panama","REDACTED FOR PRIVACY","Panama","","REDACTED FOR PRIVACY","REDACTED FOR PRIVACY","","","","","","","","","","","","","","","","","","","","","","","","","","","","","","","","","","","addPeriod","clientTransferProhibited","",""
"5","behnke-station.support","2020-05-12 21:01:58","2020-05-09","2020-05-09","2021-05-09","106","Ascio Technologies, Inc. Danmark - Filial af Ascio technologies, Inc. USA","whois.ascio.com","http://www.ascio.com","REDACTED FOR PRIVACY","","REDACTED FOR PRIVACY","REDACTED FOR PRIVACY","","REDACTED FOR PRIVACY","France","","REDACTED FOR PRIVACY","REDACTED FOR PRIVACY","","","","","","","","","","","","","","","","","","","","","","","","","","","","","","","","","","","addPeriod","","",""
"6","behnke.support","2020-05-12 21:01:58","2020-05-09","2020-05-09","2021-05-09","106","Ascio Technologies, Inc. Danmark - Filial af Ascio technologies, Inc. USA","whois.ascio.com","http://www.ascio.com","REDACTED FOR PRIVACY","","REDACTED FOR PRIVACY","REDACTED FOR PRIVACY","","REDACTED FOR PRIVACY","France","","REDACTED FOR PRIVACY","REDACTED FOR PRIVACY","","","","","","","","","","","","","","","","","","","","","","","","","","","","","","","","","","","addPeriod","","",""
"7","billing-reply-invoice.support","2020-05-12 21:01:54","2020-05-10","2020-05-10","2021-05-10","1068","NameCheap, Inc.","whois.namecheap.com","http://www.namecheap.com","REDACTED FOR PRIVACY","WhoisGuard, Inc.","REDACTED FOR PRIVACY","REDACTED FOR PRIVACY","Panama","REDACTED FOR PRIVACY","Panama","","REDACTED FOR PRIVACY","REDACTED FOR PRIVACY","","","","","","","","","","","","","","","","","","","","","","","","","","","","","","","","","","","addPeriod","clientTransferProhibited","",""
"8","bousai.support","2020-05-12 21:01:58","2020-05-11","2020-05-11","2021-05-11","49","GMO Internet Inc.","whois.discount-domain.com","http://www.onamae.com","REDACTED FOR PRIVACY","Whois Privacy Protection Service by MuuMuuDomain","REDACTED FOR PRIVACY","REDACTED FOR PRIVACY","Fukuoka","REDACTED FOR PRIVACY","Japan","","REDACTED FOR PRIVACY","REDACTED FOR PRIVACY","","","","","","","","","","","","","","","","","","","","","","","","","","","","","","","","","","","addPeriod","clientTransferProhibited","",""
"9","casinos.support","2020-05-12 21:01:58","2020-05-09","2020-05-09","2021-05-09","1463","Global Domains International, Inc. DBA DomainCostClub.com","whois.nic.uk","http://www.domaincostclub.com","REDACTED FOR PRIVACY","DomainCostClub.com","REDACTED FOR PRIVACY","REDACTED FOR PRIVACY","CA","REDACTED FOR PRIVACY","United States","","REDACTED FOR PRIVACY","REDACTED FOR PRIVACY","","","","","","","","","","","","","","","","","","","","","","","","","","","","","","","","","","","addPeriod","clientTransferProhibited","",""
"10","centaur365.support","2020-05-12 21:01:58","2020-05-10","2020-05-10","2022-05-10","146","GoDaddy.com, LLC","whois.godaddy.com","http://registrar.godaddy.com","REDACTED FOR PRIVACY","","REDACTED FOR PRIVACY","REDACTED FOR PRIVACY","Lakatamia","REDACTED FOR PRIVACY","Cyprus","","REDACTED FOR PRIVACY","REDACTED FOR PRIVACY","","","","","","","","","","","","","","","","","","","","","","","","","","","","","","","","","","","addPeriod","clientDeleteProhibited","clientRenewProhibited","clientTransferProhibited"
"11","charit.support","2020-05-12 21:01:54","2020-05-09","2020-05-09","2021-05-09","1068","NameCheap, Inc.","whois.namecheap.com","http://www.namecheap.com","REDACTED FOR PRIVACY","WhoisGuard, Inc.","REDACTED FOR PRIVACY","REDACTED FOR PRIVACY","Panama","REDACTED FOR PRIVACY","Panama","","REDACTED FOR PRIVACY","REDACTED FOR PRIVACY","","","","","","","","","","","","","","","","","","","","","","","","","","","","","","","","","","","addPeriod","clientTransferProhibited","",""
"12","costumer-help.support","2020-05-12 21:01:57","2020-05-11","2020-05-12","2021-05-11","146","GoDaddy.com, LLC","whois.godaddy.com","http://registrar.godaddy.com","REDACTED FOR PRIVACY","","REDACTED FOR PRIVACY","REDACTED FOR PRIVACY","New Jersey","REDACTED FOR PRIVACY","United States","","REDACTED FOR PRIVACY","REDACTED FOR PRIVACY","","","","","","","","","","","","","","","","","","","","","","","","","","","","","","","","","","","addPeriod","clientDeleteProhibited","clientHold","clientRenewProhibited"
"13","customercareinfo.support","2020-05-12 21:01:54","2020-05-10","2020-05-10","2021-05-10","146","GoDaddy.com, LLC","whois.godaddy.com","http://registrar.godaddy.com","REDACTED FOR PRIVACY","Dombuff customer services LLP","REDACTED FOR PRIVACY","REDACTED FOR PRIVACY","Maharashtra","REDACTED FOR PRIVACY","India","","REDACTED FOR PRIVACY","REDACTED FOR PRIVACY","","","","","","","","","","","","","","","","","","","","","","","","","","","","","","","","","","","addPeriod","clientDeleteProhibited","clientRenewProhibited","clientTransferProhibited"
"14","doer.support","2020-05-12 21:01:54","2020-05-09","2020-05-09","2021-05-09","1068","NameCheap, Inc.","whois.namecheap.com","http://www.namecheap.com","REDACTED FOR PRIVACY","WhoisGuard, Inc.","REDACTED FOR PRIVACY","REDACTED FOR PRIVACY","Panama","REDACTED FOR PRIVACY","Panama","","REDACTED FOR PRIVACY","REDACTED FOR PRIVACY","","","","","","","","","","","","","","","","","","","","","","","","","","","","","","","","","","","addPeriod","clientTransferProhibited","",""
"15","helping.support","2020-05-12 19:31:18","2020-05-11","2020-05-11","2021-05-11","1068","NameCheap, Inc.","whois.namecheap.com","http://www.namecheap.com","REDACTED FOR PRIVACY","WhoisGuard, Inc.","REDACTED FOR PRIVACY","REDACTED FOR PRIVACY","Panama","REDACTED FOR PRIVACY","Panama","","REDACTED FOR PRIVACY","REDACTED FOR PRIVACY","","","","","","","","","","","","","","","","","","","","","","","","","","","","","","","","","","","addPeriod","clientTransferProhibited","",""