"num","domain_name","query_time","create_date","update_date","expiry_date","domain_registrar_id","domain_registrar_name","domain_registrar_whois","domain_registrar_url","registrant_name","registrant_company","registrant_address","registrant_city","registrant_state","registrant_zip","registrant_country","registrant_email","registrant_phone","registrant_fax","administrative_name","administrative_company","administrative_address","administrative_city","administrative_state","administrative_zip","administrative_country","administrative_email","administrative_phone","administrative_fax","technical_name","technical_company","technical_address","technical_city","technical_state","technical_zip","technical_country","technical_email","technical_phone","technical_fax","billing_name","billing_company","billing_address","billing_city","billing_state","billing_zip","billing_country","billing_email","billing_phone","billing_fax","name_server_1","name_server_2","name_server_3","name_server_4","domain_status_1","domain_status_2","domain_status_3","domain_status_4"
"1","afropia.travel","2020-05-13 00:54:22","2020-05-11","2020-05-11","2021-05-11","146","GoDaddy.com, LLC","whois.godaddy.com","http://registrar.godaddy.com","","","","","Virginia","","United States","","","","","","","","","","","","","","","","","","","","","","","","","","","","","","","","","","ns27.domaincontrol.com","ns28.domaincontrol.com","","","addPeriod","clientDeleteProhibited","clientRenewProhibited","clientTransferProhibited"
"2","agl.travel","2020-05-13 00:54:22","2020-05-11","2020-05-11","2021-05-11","146","GoDaddy.com, LLC","whois.godaddy.com","http://registrar.godaddy.com","Agile.Travel","Agile.Travel","","","California","","United States","","","","","","","","","","","","","","","","","","","","","","","","","","","","","","","","","","ns27.domaincontrol.com","ns28.domaincontrol.com","","","addPeriod","clientDeleteProhibited","clientRenewProhibited","clientTransferProhibited"
"3","boatman.travel","2020-05-13 00:54:22","2020-05-11","2020-05-11","2021-05-11","146","GoDaddy.com, LLC","whois.godaddy.com","http://registrar.godaddy.com","CLUB M HOLIDAYS PVT LTD","CLUB M HOLIDAYS PVT LTD","","","West Bengal","","India","","","","","","","","","","","","","","","","","","","","","","","","","","","","","","","","","","ns23.domaincontrol.com","ns24.domaincontrol.com","","","addPeriod","clientDeleteProhibited","clientRenewProhibited","clientTransferProhibited"
"4","camping-hire-namibia.travel","2020-05-13 00:54:21","2020-05-11","2020-05-11","2021-05-11","146","GoDaddy.com, LLC","whois.godaddy.com","http://registrar.godaddy.com","Diabetes Supplies for Africa","Diabetes Supplies for Africa","","","Khomas","","Namibia","","","","","","","","","","","","","","","","","","","","","","","","","","","","","","","","","","ns1.wordpress.com","ns2.wordpress.com","ns3.wordpress.com","","addPeriod","clientDeleteProhibited","clientRenewProhibited","clientTransferProhibited"
"5","certify.travel","2020-05-13 00:54:21","2020-05-11","2020-05-11","2021-05-11","1068","NameCheap, Inc.","whois.namecheap.com","http://www.namecheap.com","WhoisGuard, Inc.","WhoisGuard, Inc.","","","Panama","","Panama","","","","","","","","","","","","","","","","","","","","","","","","","","","","","","","","","","dns1.registrar-servers.com","dns2.registrar-servers.com","","","addPeriod","clientTransferProhibited","",""
"6","clubm.travel","2020-05-13 00:54:21","2020-05-11","2020-05-11","2021-05-11","146","GoDaddy.com, LLC","whois.godaddy.com","http://registrar.godaddy.com","CLUB M HOLIDAYS PVT LTD","CLUB M HOLIDAYS PVT LTD","","","West Bengal","","India","","","","","","","","","","","","","","","","","","","","","","","","","","","","","","","","","","ns39.domaincontrol.com","ns40.domaincontrol.com","","","addPeriod","clientDeleteProhibited","clientRenewProhibited","clientTransferProhibited"
"7","flightpooling.travel","2020-05-13 00:54:21","2020-05-09","2020-05-09","2021-05-09","146","GoDaddy.com, LLC","whois.godaddy.com","http://registrar.godaddy.com","Art In Voyage Inc","Art In Voyage Inc","","","Florida","","United States","","","","","","","","","","","","","","","","","","","","","","","","","","","","","","","","","","ns47.domaincontrol.com","ns48.domaincontrol.com","","","addPeriod","clientDeleteProhibited","clientRenewProhibited","clientTransferProhibited"
"8","freedom.travel","2020-05-13 00:54:21","2020-05-10","2020-05-10","2021-05-10","472","Dynadot, LLC","whois.dynadot.com","http://www.dynadot.com","","","","","California","","United States","","","","","","","","","","","","","","","","","","","","","","","","","","","","","","","","","","ns3.epik.com","ns4.epik.com","","","addPeriod","clientTransferProhibited","",""
"9","garda.travel","2020-05-13 00:54:21","2020-05-08","2020-05-08","2021-05-08","146","GoDaddy.com, LLC","whois.godaddy.com","http://registrar.godaddy.com","Maifredi Costruzioni S.r.l.","Maifredi Costruzioni S.r.l.","","","Brescia","","Italy","","","","","","","","","","","","","","","","","","","","","","","","","","","","","","","","","","ns51.domaincontrol.com","ns52.domaincontrol.com","","","addPeriod","clientDeleteProhibited","clientRenewProhibited","clientTransferProhibited"
"10","generation.travel","2020-05-12 22:41:33","2020-05-09","2020-05-09","2021-05-09","1068","NameCheap, Inc.","whois.namecheap.com","http://www.namecheap.com","WhoisGuard, Inc.","WhoisGuard, Inc.","","","Panama","","Panama","","","","","","","","","","","","","","","","","","","","","","","","","","","","","","","","","","dns1.registrar-servers.com","dns2.registrar-servers.com","","","addPeriod","clientTransferProhibited","",""
"11","goodtrips.travel","2020-05-12 22:41:25","2020-05-09","2020-05-09","2021-05-09","146","GoDaddy.com, LLC","whois.godaddy.com","http://registrar.godaddy.com","Good Trips","Good Trips","","","Colorado","","United States","","","","","","","","","","","","","","","","","","","","","","","","","","","","","","","","","","ns55.domaincontrol.com","ns56.domaincontrol.com","","","addPeriod","clientDeleteProhibited","clientRenewProhibited","clientTransferProhibited"
"12","goseetheworld.travel","2020-05-12 22:41:25","2020-05-10","2020-05-10","2021-05-10","146","GoDaddy.com, LLC","whois.godaddy.com","http://registrar.godaddy.com","","","","","New York","","United States","","","","","","","","","","","","","","","","","","","","","","","","","","","","","","","","","","ns45.domaincontrol.com","ns46.domaincontrol.com","","","addPeriod","clientDeleteProhibited","clientRenewProhibited","clientTransferProhibited"
"13","jumper.travel","2020-05-12 22:41:15","2020-05-10","2020-05-10","2021-05-10","146","GoDaddy.com, LLC","whois.godaddy.com","http://registrar.godaddy.com","","","","","Singapore","","Singapore","","","","","","","","","","","","","","","","","","","","","","","","","","","","","","","","","","ns13.domaincontrol.com","ns14.domaincontrol.com","","","addPeriod","clientDeleteProhibited","clientRenewProhibited","clientTransferProhibited"
"14","multiverse.travel","2020-05-13 00:54:21","2020-05-11","2020-05-11","2021-05-11","146","GoDaddy.com, LLC","whois.godaddy.com","http://registrar.godaddy.com","AV Research","AV Research","","","California","","United States","","","","","","","","","","","","","","","","","","","","","","","","","","","","","","","","","","ns13.domaincontrol.com","ns14.domaincontrol.com","","","addPeriod","clientDeleteProhibited","clientRenewProhibited","clientTransferProhibited"
"15","myadventurehub.travel","2020-05-13 00:54:21","2020-05-11","2020-05-11","2021-05-11","146","GoDaddy.com, LLC","whois.godaddy.com","http://registrar.godaddy.com","Bicycle Adventures, Inc.","Bicycle Adventures, Inc.","","","Washington","","United States","","","","","","","","","","","","","","","","","","","","","","","","","","","","","","","","","","ns39.domaincontrol.com","ns40.domaincontrol.com","","","addPeriod","clientDeleteProhibited","clientRenewProhibited","clientTransferProhibited"
"16","notanother.travel","2020-05-13 00:54:21","2020-05-09","2020-05-09","2021-05-09","146","GoDaddy.com, LLC","whois.godaddy.com","http://registrar.godaddy.com","Not Another Travel Agent","Not Another Travel Agent","","","","","New Zealand","","","","","","","","","","","","","","","","","","","","","","","","","","","","","","","","","","ns14.wixdns.net","ns15.wixdns.net","","","addPeriod","clientDeleteProhibited","clientRenewProhibited","clientTransferProhibited"
"17","otra.travel","2020-05-12 22:42:19","2020-05-09","2020-05-09","2021-05-09","146","GoDaddy.com, LLC","whois.godaddy.com","http://registrar.godaddy.com","Jose Maria Caravaca Torres","Jose Maria Caravaca Torres","","","","","Germany","","","","","","","","","","","","","","","","","","","","","","","","","","","","","","","","","","ns55.domaincontrol.com","ns56.domaincontrol.com","","","addPeriod","clientDeleteProhibited","clientRenewProhibited","clientTransferProhibited"
"18","pesonaindonesia.travel","2020-05-12 22:42:21","2020-05-10","2020-05-10","2021-05-10","1068","NameCheap, Inc.","whois.namecheap.com","http://www.namecheap.com","WhoisGuard, Inc.","WhoisGuard, Inc.","","","Panama","","Panama","","","","","","","","","","","","","","","","","","","","","","","","","","","","","","","","","","dns1.registrar-servers.com","dns2.registrar-servers.com","","","addPeriod","clientTransferProhibited","",""
"19","radical.travel","2020-05-13 00:54:20","2020-05-11","2020-05-11","2022-05-11","146","GoDaddy.com, LLC","whois.godaddy.com","http://registrar.godaddy.com","LEAN TEAM SRL","LEAN TEAM SRL","","","Rome","","Italy","","","","","","","","","","","","","","","","","","","","","","","","","","","","","","","","","","ns23.domaincontrol.com","ns24.domaincontrol.com","","","addPeriod","clientDeleteProhibited","clientRenewProhibited","clientTransferProhibited"
"20","realwalks.travel","2020-05-13 00:54:20","2020-05-11","2020-05-11","2021-05-11","146","GoDaddy.com, LLC","whois.godaddy.com","http://registrar.godaddy.com","","","","","Antwerpen","","Belgium","","","","","","","","","","","","","","","","","","","","","","","","","","","","","","","","","","ns09.domaincontrol.com","ns10.domaincontrol.com","","","addPeriod","clientDeleteProhibited","clientRenewProhibited","clientTransferProhibited"
"21","redeem.travel","2020-05-12 22:42:16","2020-05-08","2020-05-08","2021-05-08","625","Name.com, Inc.","whois.name.com","http://www.name.com","Kognitiv","Kognitiv","","","Vienna","","Austria","","","","","","","","","","","","","","","","","","","","","","","","","","","","","","","","","","ns10.dnsmadeeasy.com","ns11.dnsmadeeasy.com","ns12.dnsmadeeasy.com","ns13.dnsmadeeasy.com","addPeriod","clientTransferProhibited","",""
"22","reward.travel","2020-05-12 22:42:16","2020-05-08","2020-05-08","2021-05-08","625","Name.com, Inc.","whois.name.com","http://www.name.com","Kognitiv","Kognitiv","","","Vienna","","Austria","","","","","","","","","","","","","","","","","","","","","","","","","","","","","","","","","","ns10.dnsmadeeasy.com","ns11.dnsmadeeasy.com","ns12.dnsmadeeasy.com","ns13.dnsmadeeasy.com","addPeriod","clientTransferProhibited","",""
"23","rewarding.travel","2020-05-12 22:42:15","2020-05-08","2020-05-08","2021-05-08","113","CSL Computer Service Langenbach GmbH d/b/a joker.com","whois.joker.com","http://www.joker.com","Kognitiv VPDC","Kognitiv VPDC","","","Wien","","Austria","","","","","","","","","","","","","","","","","","","","","","","","","","","","","","","","","","x.ns.joker.com","y.ns.joker.com","z.ns.joker.com","","addPeriod","clientTransferProhibited","",""
"24","slowworld.travel","2020-05-13 00:54:21","2020-05-11","2020-05-11","2021-05-11","146","GoDaddy.com, LLC","whois.godaddy.com","http://registrar.godaddy.com","","","","","Sevilla","","Spain","","","","","","","","","","","","","","","","","","","","","","","","","","","","","","","","","","ns23.domaincontrol.com","ns24.domaincontrol.com","","","addPeriod","clientDeleteProhibited","clientRenewProhibited","clientTransferProhibited"
"25","theadventurehub.travel","2020-05-13 00:54:20","2020-05-11","2020-05-11","2021-05-11","146","GoDaddy.com, LLC","whois.godaddy.com","http://registrar.godaddy.com","Bicycle Adventures, Inc.","Bicycle Adventures, Inc.","","","Washington","","United States","","","","","","","","","","","","","","","","","","","","","","","","","","","","","","","","","","ns27.domaincontrol.com","ns28.domaincontrol.com","","","addPeriod","clientDeleteProhibited","clientRenewProhibited","clientTransferProhibited"