"num","domain_name","query_time","create_date","update_date","expiry_date","domain_registrar_id","domain_registrar_name","domain_registrar_whois","domain_registrar_url","registrant_name","registrant_company","registrant_address","registrant_city","registrant_state","registrant_zip","registrant_country","registrant_email","registrant_phone","registrant_fax","administrative_name","administrative_company","administrative_address","administrative_city","administrative_state","administrative_zip","administrative_country","administrative_email","administrative_phone","administrative_fax","technical_name","technical_company","technical_address","technical_city","technical_state","technical_zip","technical_country","technical_email","technical_phone","technical_fax","billing_name","billing_company","billing_address","billing_city","billing_state","billing_zip","billing_country","billing_email","billing_phone","billing_fax","name_server_1","name_server_2","name_server_3","name_server_4","domain_status_1","domain_status_2","domain_status_3","domain_status_4"
"1","8856537.com","2020-05-10 04:36:16","2020-05-08","2020-05-08","2021-05-08","1387","1API GmbH","whois.1api.net","http://www.1api.net","REDACTED FOR PRIVACY","REDACTED FOR PRIVACY","REDACTED FOR PRIVACY","REDACTED FOR PRIVACY","Hongkong","REDACTED FOR PRIVACY","Afghanistan","","REDACTED FOR PRIVACY","","REDACTED FOR PRIVACY","REDACTED FOR PRIVACY","REDACTED FOR PRIVACY","REDACTED FOR PRIVACY","REDACTED FOR PRIVACY","REDACTED FOR PRIVACY","REDACTED FOR PRIVACY","","REDACTED FOR PRIVACY","","REDACTED FOR PRIVACY","REDACTED FOR PRIVACY","REDACTED FOR PRIVACY","REDACTED FOR PRIVACY","REDACTED FOR PRIVACY","REDACTED FOR PRIVACY","REDACTED FOR PRIVACY","","REDACTED FOR PRIVACY","","","","","","","","","","","","ns1.ispapi.net","ns2.ispapi.net","ns3.ispapi.net","","clientTransferProhibited","","",""
"2","abcdrueser.com","2020-05-10 04:17:35","2020-05-08","2020-05-08","2021-05-08","82","OnlineNIC, Inc.","whois.onlinenic.com","http://www.onlinenic.com","toast wallet","toastwallet","usa","usa","usa","50219","Afghanistan","1664063798@qq.com","+1.4072164157","+1.4072164157","ma ma","future","us","us","us","51000","Afghanistan","futureidchk@gmail.com","+1.4072164158","+1.4072164158","ma ma","future","us","us","us","51000","Afghanistan","futureidchk@gmail.com","+1.4072164158","+1.4072164158","","","","","","","","","","","ns1.dns-diy.net","ns2.dns-diy.net","","","clientTransferProhibited","","",""
"3","bostuniversity.com","2020-05-10 02:28:48","2020-05-08","2020-05-08","2021-05-08","69","Tucows Domains Inc.","whois.tucows.com","http://domainhelp.opensrs.net","REDACTED FOR PRIVACY","REDACTED FOR PRIVACY","REDACTED FOR PRIVACY","REDACTED FOR PRIVACY","Kabol","REDACTED FOR PRIVACY","Afghanistan","","REDACTED FOR PRIVACY","REDACTED FOR PRIVACY","REDACTED FOR PRIVACY","REDACTED FOR PRIVACY","REDACTED FOR PRIVACY","REDACTED FOR PRIVACY","REDACTED FOR PRIVACY","REDACTED FOR PRIVACY","REDACTED FOR PRIVACY","","REDACTED FOR PRIVACY","REDACTED FOR PRIVACY","REDACTED FOR PRIVACY","REDACTED FOR PRIVACY","REDACTED FOR PRIVACY","REDACTED FOR PRIVACY","REDACTED FOR PRIVACY","REDACTED FOR PRIVACY","REDACTED FOR PRIVACY","","REDACTED FOR PRIVACY","REDACTED FOR PRIVACY","","","","","","","","","","","ns.inmotionhosting.com","ns2.inmotionhosting.com","","","","","",""
"4","cinderella-int.com","2020-05-10 04:14:12","2020-05-08","2020-05-08","2021-05-08","146","GoDaddy.com, LLC","whois.godaddy.com","http://registrar.godaddy.com","Afghanistan's New Generation Organization","Afghanistan's New Generation Organization","","","Kabul","","Afghanistan","","","","","","","","","","","","","","","","","","","","","","","","","","","","","","","","","","pdns13.domaincontrol.com","pdns14.domaincontrol.com","","","clientDeleteProhibited","clientRenewProhibited","clientTransferProhibited","clientUpdateProhibited"
"5","medicalsada.com","2020-05-10 06:21:25","2020-05-08","2020-05-08","2021-05-08","82","OnlineNIC, Inc.","whois.onlinenic.com","http://www.onlinenic.com","louie  cueto","iproton.net","- - -","taytay","rizal","1920","Afghanistan","lscueto@gmail.com","+63.9283441995","+63.22814705","louie  cueto","iproton.net","- - -","taytay","rizal","1920","Afghanistan","lscueto@gmail.com","+63.9283441995","+63.22814705","louie  cueto","iproton.net","- - -","taytay","rizal","1920","Afghanistan","lscueto@gmail.com","+63.9283441995","+63.22814705","","","","","","","","","","","ns1.iproton.net","ns2.iproton.net","","","clientTransferProhibited","","",""
"6","powerpanelcompany.com","2020-05-10 05:59:00","2020-05-07","2020-05-07","2022-05-07","146","GoDaddy.com, LLC","whois.godaddy.com","http://registrar.godaddy.com","PowerPanelCompany","PowerPanelCompany","","","Kabul","","Afghanistan","","","","","","","","","","","","","","","","","","","","","","","","","","","","","","","","","","ns57.domaincontrol.com","ns58.domaincontrol.com","","","clientDeleteProhibited","clientRenewProhibited","clientTransferProhibited","clientUpdateProhibited"
"7","salahi.pro","2020-05-10 11:50:22","2020-05-08","2020-05-08","2021-05-08","82","OnlineNIC, Inc.","whois.onlinenic.com","http://www.onlinenic.com","hamedsalahi","hamedsalahi","","","kab","","Afghanistan","","","","","","","","","","","","","","","","","","","","","","","","","","","","","","","","","","ns.netafraz.com","ns2.netafraz.com","","","addPeriod","clientTransferProhibited","serverTransferProhibited",""
"8","samasystem.com","2020-05-10 06:24:43","2020-05-08","2020-05-08","2021-05-08","1647","Hosting Concepts B.V. dba Openprovider","whois.registrar.eu","http://www.openprovider.com","REDACTED FOR PRIVACY","","REDACTED FOR PRIVACY","REDACTED FOR PRIVACY","kabul","REDACTED FOR PRIVACY","Afghanistan","","REDACTED FOR PRIVACY","REDACTED FOR PRIVACY","REDACTED FOR PRIVACY","REDACTED FOR PRIVACY","REDACTED FOR PRIVACY","REDACTED FOR PRIVACY","REDACTED FOR PRIVACY","REDACTED FOR PRIVACY","REDACTED FOR PRIVACY","","REDACTED FOR PRIVACY","REDACTED FOR PRIVACY","REDACTED FOR PRIVACY","REDACTED FOR PRIVACY","REDACTED FOR PRIVACY","REDACTED FOR PRIVACY","REDACTED FOR PRIVACY","REDACTED FOR PRIVACY","REDACTED FOR PRIVACY","","REDACTED FOR PRIVACY","REDACTED FOR PRIVACY","","","","","","","","","","","ns1.rasanehsoft.com","ns3.rasanehsoft.com","ns5.rasanehsoft.com","ns7.rasanehsoft.com","clientTransferProhibited","ok","",""
"9","simdatahk.com","2020-05-10 03:43:06","2020-05-07","2020-05-07","2021-05-07","82","OnlineNIC, Inc.","whois.onlinenic.com","http://www.onlinenic.com","peter","chan","addr","city","province","100000","Afghanistan","qqblog@ymail.com","+86.13229966333","+86.13229966333","peter","chan","addr","city","province","100000","Afghanistan","qqblog@ymail.com","+86.13229966333","+86.13229966333","peter","chan","addr","city","province","100000","Afghanistan","qqblog@ymail.com","+86.13229966333","+86.13229966333","","","","","","","","","","","desi.ns.cloudflare.com","rodney.ns.cloudflare.com","","","clientTransferProhibited","","",""
"10","yosintj.com","2020-05-10 04:08:02","2020-05-08","2020-05-08","2021-05-08","1647","Hosting Concepts B.V. dba Openprovider","whois.registrar.eu","http://www.openprovider.com","REDACTED FOR PRIVACY","","REDACTED FOR PRIVACY","REDACTED FOR PRIVACY","kabul","REDACTED FOR PRIVACY","Afghanistan","","REDACTED FOR PRIVACY","REDACTED FOR PRIVACY","REDACTED FOR PRIVACY","REDACTED FOR PRIVACY","REDACTED FOR PRIVACY","REDACTED FOR PRIVACY","REDACTED FOR PRIVACY","REDACTED FOR PRIVACY","REDACTED FOR PRIVACY","","REDACTED FOR PRIVACY","REDACTED FOR PRIVACY","REDACTED FOR PRIVACY","REDACTED FOR PRIVACY","REDACTED FOR PRIVACY","REDACTED FOR PRIVACY","REDACTED FOR PRIVACY","REDACTED FOR PRIVACY","REDACTED FOR PRIVACY","","REDACTED FOR PRIVACY","REDACTED FOR PRIVACY","","","","","","","","","","","ns1.rasanehsoft.com","ns3.rasanehsoft.com","ns5.rasanehsoft.com","ns7.rasanehsoft.com","clientTransferProhibited","ok","",""