"num","domain_name","query_time","create_date","update_date","expiry_date","domain_registrar_id","domain_registrar_name","domain_registrar_whois","domain_registrar_url","registrant_name","registrant_company","registrant_address","registrant_city","registrant_state","registrant_zip","registrant_country","registrant_email","registrant_phone","registrant_fax","administrative_name","administrative_company","administrative_address","administrative_city","administrative_state","administrative_zip","administrative_country","administrative_email","administrative_phone","administrative_fax","technical_name","technical_company","technical_address","technical_city","technical_state","technical_zip","technical_country","technical_email","technical_phone","technical_fax","billing_name","billing_company","billing_address","billing_city","billing_state","billing_zip","billing_country","billing_email","billing_phone","billing_fax","name_server_1","name_server_2","name_server_3","name_server_4","domain_status_1","domain_status_2","domain_status_3","domain_status_4"
"1","5662636.com","2020-05-10 06:28:35","2020-05-08","2020-05-08","2021-05-08","1387","1API GmbH","whois.1api.net","http://www.1api.net","REDACTED FOR PRIVACY","REDACTED FOR PRIVACY","REDACTED FOR PRIVACY","REDACTED FOR PRIVACY","Hongkong","REDACTED FOR PRIVACY","Albania","","REDACTED FOR PRIVACY","","REDACTED FOR PRIVACY","REDACTED FOR PRIVACY","REDACTED FOR PRIVACY","REDACTED FOR PRIVACY","REDACTED FOR PRIVACY","REDACTED FOR PRIVACY","REDACTED FOR PRIVACY","","REDACTED FOR PRIVACY","","REDACTED FOR PRIVACY","REDACTED FOR PRIVACY","REDACTED FOR PRIVACY","REDACTED FOR PRIVACY","REDACTED FOR PRIVACY","REDACTED FOR PRIVACY","REDACTED FOR PRIVACY","","REDACTED FOR PRIVACY","","","","","","","","","","","","ns1.ispapi.net","ns2.ispapi.net","ns3.ispapi.net","","clientTransferProhibited","","",""
"2","6555328.com","2020-05-10 02:27:01","2020-05-08","2020-05-08","2021-05-08","1387","1API GmbH","whois.1api.net","http://www.1api.net","REDACTED FOR PRIVACY","REDACTED FOR PRIVACY","REDACTED FOR PRIVACY","REDACTED FOR PRIVACY","Hongkong","REDACTED FOR PRIVACY","Albania","","REDACTED FOR PRIVACY","","REDACTED FOR PRIVACY","REDACTED FOR PRIVACY","REDACTED FOR PRIVACY","REDACTED FOR PRIVACY","REDACTED FOR PRIVACY","REDACTED FOR PRIVACY","REDACTED FOR PRIVACY","","REDACTED FOR PRIVACY","","REDACTED FOR PRIVACY","REDACTED FOR PRIVACY","REDACTED FOR PRIVACY","REDACTED FOR PRIVACY","REDACTED FOR PRIVACY","REDACTED FOR PRIVACY","REDACTED FOR PRIVACY","","REDACTED FOR PRIVACY","","","","","","","","","","","","ns1.ispapi.net","ns2.ispapi.net","ns3.ispapi.net","","clientTransferProhibited","","",""
"3","8665358.com","2020-05-10 04:27:01","2020-05-08","2020-05-08","2021-05-08","1387","1API GmbH","whois.1api.net","http://www.1api.net","REDACTED FOR PRIVACY","REDACTED FOR PRIVACY","REDACTED FOR PRIVACY","REDACTED FOR PRIVACY","Hongkong","REDACTED FOR PRIVACY","Albania","","REDACTED FOR PRIVACY","","REDACTED FOR PRIVACY","REDACTED FOR PRIVACY","REDACTED FOR PRIVACY","REDACTED FOR PRIVACY","REDACTED FOR PRIVACY","REDACTED FOR PRIVACY","REDACTED FOR PRIVACY","","REDACTED FOR PRIVACY","","REDACTED FOR PRIVACY","REDACTED FOR PRIVACY","REDACTED FOR PRIVACY","REDACTED FOR PRIVACY","REDACTED FOR PRIVACY","REDACTED FOR PRIVACY","REDACTED FOR PRIVACY","","REDACTED FOR PRIVACY","","","","","","","","","","","","ns1.ispapi.net","ns2.ispapi.net","ns3.ispapi.net","","clientTransferProhibited","","",""
"4","9668168.com","2020-05-10 03:08:40","2020-05-08","2020-05-08","2021-05-08","1387","1API GmbH","whois.1api.net","http://www.1api.net","REDACTED FOR PRIVACY","REDACTED FOR PRIVACY","REDACTED FOR PRIVACY","REDACTED FOR PRIVACY","Hongkong","REDACTED FOR PRIVACY","Albania","","REDACTED FOR PRIVACY","","REDACTED FOR PRIVACY","REDACTED FOR PRIVACY","REDACTED FOR PRIVACY","REDACTED FOR PRIVACY","REDACTED FOR PRIVACY","REDACTED FOR PRIVACY","REDACTED FOR PRIVACY","","REDACTED FOR PRIVACY","","REDACTED FOR PRIVACY","REDACTED FOR PRIVACY","REDACTED FOR PRIVACY","REDACTED FOR PRIVACY","REDACTED FOR PRIVACY","REDACTED FOR PRIVACY","REDACTED FOR PRIVACY","","REDACTED FOR PRIVACY","","","","","","","","","","","","ns1.ispapi.net","ns2.ispapi.net","ns3.ispapi.net","","clientTransferProhibited","","",""
"5","9883553.com","2020-05-10 04:30:43","2020-05-08","2020-05-08","2021-05-08","1387","1API GmbH","whois.1api.net","http://www.1api.net","REDACTED FOR PRIVACY","REDACTED FOR PRIVACY","REDACTED FOR PRIVACY","REDACTED FOR PRIVACY","Hongkong","REDACTED FOR PRIVACY","Albania","","REDACTED FOR PRIVACY","","REDACTED FOR PRIVACY","REDACTED FOR PRIVACY","REDACTED FOR PRIVACY","REDACTED FOR PRIVACY","REDACTED FOR PRIVACY","REDACTED FOR PRIVACY","REDACTED FOR PRIVACY","","REDACTED FOR PRIVACY","","REDACTED FOR PRIVACY","REDACTED FOR PRIVACY","REDACTED FOR PRIVACY","REDACTED FOR PRIVACY","REDACTED FOR PRIVACY","REDACTED FOR PRIVACY","REDACTED FOR PRIVACY","","REDACTED FOR PRIVACY","","","","","","","","","","","","ns1.ispapi.net","ns2.ispapi.net","ns3.ispapi.net","","clientTransferProhibited","","",""
"6","accountsupport-instagram.com","2020-05-10 02:22:17","2020-05-07","2020-05-07","2021-05-07","303","PDR Ltd. d/b/a PublicDomainRegistry.com","whois.publicdomainregistry.com","http://www.publicdomainregistry.com","altea krajka","altea","tonin harapi tonin harapii","tirane","albania","1001","Albania","altea.krajka@yahoo.com","+355.693384093","","altea krajka","altea","tonin harapi tonin harapii","tirane","albania","1001","Albania","altea.krajka@yahoo.com","+355.693384093","","altea krajka","altea","tonin harapi tonin harapii","tirane","albania","1001","Albania","altea.krajka@yahoo.com","+355.693384093","","","","","","","","","","","","ns1.shockhosting.net","ns2.shockhosting.net","","","clientTransferProhibited","","",""
"7","babeswebcam.com","2020-05-10 02:23:31","2020-05-07","2020-05-07","2021-05-07","146","GoDaddy.com, LLC","whois.godaddy.com","http://registrar.godaddy.com","Individual","Individual","","","Fier","","Albania","","","","","","","","","","","","","","","","","","","","","","","","","","","","","","","","","","ns4.wixdns.net","ns5.wixdns.net","","","clientDeleteProhibited","clientRenewProhibited","clientTransferProhibited","clientUpdateProhibited"
"8","erbi2006.com","2020-05-10 03:43:12","2020-05-07","2020-05-07","2023-05-07","48","eNom, Inc.","whois.enom.com","http://www.enom.com","REDACTED FOR PRIVACY","REDACTED FOR PRIVACY","REDACTED FOR PRIVACY","REDACTED FOR PRIVACY","Shkoder","REDACTED FOR PRIVACY","Albania","","REDACTED FOR PRIVACY","REDACTED FOR PRIVACY","REDACTED FOR PRIVACY","REDACTED FOR PRIVACY","REDACTED FOR PRIVACY","REDACTED FOR PRIVACY","REDACTED FOR PRIVACY","REDACTED FOR PRIVACY","REDACTED FOR PRIVACY","","REDACTED FOR PRIVACY","REDACTED FOR PRIVACY","REDACTED FOR PRIVACY","REDACTED FOR PRIVACY","REDACTED FOR PRIVACY","REDACTED FOR PRIVACY","REDACTED FOR PRIVACY","REDACTED FOR PRIVACY","REDACTED FOR PRIVACY","","REDACTED FOR PRIVACY","REDACTED FOR PRIVACY","","","","","","","","","","","ns3009.mochahost.com","ns4009.mochahost.com","","","addPeriod","clientTransferProhibited","",""
"9","football24livestream.com","2020-05-10 05:31:00","2020-05-07","2020-05-07","2021-05-07","146","GoDaddy.com, LLC","whois.godaddy.com","http://registrar.godaddy.com","","","","","Kosovo","","Albania","","","","","","","","","","","","","","","","","","","","","","","","","","","","","","","","","","ns33.domaincontrol.com","ns34.domaincontrol.com","","","clientDeleteProhibited","clientRenewProhibited","clientTransferProhibited","clientUpdateProhibited"
"10","lintex-vlora.com","2020-05-10 05:16:26","2020-05-07","2020-05-07","2021-05-07","146","GoDaddy.com, LLC","whois.godaddy.com","http://registrar.godaddy.com","","","","","Vlore County","","Albania","","","","","","","","","","","","","","","","","","","","","","","","","","","","","","","","","","ns03.domaincontrol.com","ns04.domaincontrol.com","","","clientDeleteProhibited","clientRenewProhibited","clientTransferProhibited","clientUpdateProhibited"
"11","livingzine.com","2020-05-10 06:21:16","2020-05-08","2020-05-08","2021-05-08","146","GoDaddy.com, LLC","whois.godaddy.com","http://registrar.godaddy.com","","","","","Tirana","","Albania","","","","","","","","","","","","","","","","","","","","","","","","","","","","","","","","","","ns1.greengeeks.com","ns2.greengeeks.com","","","clientDeleteProhibited","clientRenewProhibited","clientTransferProhibited","clientUpdateProhibited"
"12","noreply-fbmail.com","2020-05-10 05:06:30","2020-05-08","2020-05-08","2021-05-08","1619","GuangDong NaiSiNiKe Information Technology Co Ltd.","whois.iisp.com","http://www.iisp.com","IsmetGashi","Ismet","te veni","tirana","tirana","1005","Albania","xhbaba@gmail.com","+2124443265","+2124443265","IsmetGashi","Ismet","te veni","tirana","tirana","1005","Albania","xhbaba@gmail.com","+2124443265","+2124443265","IsmetGashi","Ismet","te veni","tirana","tirana","1005","Albania","xhbaba@gmail.com","+2124443265","+2124443265","","","","","","","","","","","ns1.ndns.cn","ns2.ndns.cn","","","clientDeleteProhibited","clientTransferProhibited","",""
"13","pukalajme.com","2020-05-10 06:17:58","2020-05-08","2020-05-08","2021-05-08","303","PDR Ltd. d/b/a PublicDomainRegistry.com","whois.publicdomainregistry.com","http://www.publicdomainregistry.com","Itneg Ltd","ITneG Marketing","Lord Bajron 1","Tirana","AL","1001","Albania","gentialb9@gmail.com","+44.757871595","","Itneg Ltd","ITneG Marketing","Lord Bajron 1","Tirana","AL","1001","Albania","gentialb9@gmail.com","+44.757871595","","Itneg Ltd","ITneG Marketing","Lord Bajron 1","Tirana","AL","1001","Albania","gentialb9@gmail.com","+44.757871595","","","","","","","","","","","","jake.ns.cloudflare.com","molly.ns.cloudflare.com","","","clientTransferProhibited","","",""
"14","southcoastrefurbishment.com","2020-05-10 02:22:12","2020-05-07","2020-05-07","2021-05-07","146","GoDaddy.com, LLC","whois.godaddy.com","http://registrar.godaddy.com","","","","","Tirana County","","Albania","","","","","","","","","","","","","","","","","","","","","","","","","","","","","","","","","","kip.ns.cloudflare.com","vera.ns.cloudflare.com","","","clientDeleteProhibited","clientRenewProhibited","clientTransferProhibited","clientUpdateProhibited"
"15","vivadentclinic.com","2020-05-10 02:23:19","2020-05-07","2020-05-07","2021-05-07","146","GoDaddy.com, LLC","whois.godaddy.com","http://registrar.godaddy.com","klinike dentare","klinike dentare","","","albania","","Albania","","","","","","","","","","","","","","","","","","","","","","","","","","","","","","","","","","ns03.domaincontrol.com","ns04.domaincontrol.com","","","clientDeleteProhibited","clientRenewProhibited","clientTransferProhibited","clientUpdateProhibited"
"16","yourfashioncorner.com","2020-05-10 05:26:04","2020-05-07","2020-05-07","2021-05-07","146","GoDaddy.com, LLC","whois.godaddy.com","http://registrar.godaddy.com","Fashion Corner","Fashion Corner","","","Tirane","","Albania","","","","","","","","","","","","","","","","","","","","","","","","","","","","","","","","","","ns1.byet.org","ns2.byet.org","","","clientDeleteProhibited","clientRenewProhibited","clientTransferProhibited","clientUpdateProhibited"