"num","domain_name","query_time","create_date","update_date","expiry_date","domain_registrar_id","domain_registrar_name","domain_registrar_whois","domain_registrar_url","registrant_name","registrant_company","registrant_address","registrant_city","registrant_state","registrant_zip","registrant_country","registrant_email","registrant_phone","registrant_fax","administrative_name","administrative_company","administrative_address","administrative_city","administrative_state","administrative_zip","administrative_country","administrative_email","administrative_phone","administrative_fax","technical_name","technical_company","technical_address","technical_city","technical_state","technical_zip","technical_country","technical_email","technical_phone","technical_fax","billing_name","billing_company","billing_address","billing_city","billing_state","billing_zip","billing_country","billing_email","billing_phone","billing_fax","name_server_1","name_server_2","name_server_3","name_server_4","domain_status_1","domain_status_2","domain_status_3","domain_status_4"
"1","andrewsteeleacademy.com","2020-05-10 03:09:55","2020-05-08","2020-05-08","2021-05-08","303","PDR Ltd. d/b/a PublicDomainRegistry.com","whois.publicdomainregistry.com","http://www.publicdomainregistry.com","King Fisher Versi","Ngessman.com","Mile 17, Buea","Buea","South West","11435","Algeria","info@fenixcargoservice.com","+213.6701464","","King Fisher Versi","Ngessman.com","Mile 17, Buea","Buea","South West","11435","Algeria","info@fenixcargoservice.com","+213.6701464","","King Fisher Versi","Ngessman.com","Mile 17, Buea","Buea","South West","11435","Algeria","info@fenixcargoservice.com","+213.6701464","","","","","","","","","","","","ns1.dns-parking.com","ns2.dns-parking.com","","","clientTransferProhibited","","",""
"2","catsofday.com","2020-05-10 04:59:45","2020-05-08","2020-05-08","2021-05-08","146","GoDaddy.com, LLC","whois.godaddy.com","http://registrar.godaddy.com","nara","nara","","","Wilaya de Batna","","Algeria","","","","","","","","","","","","","","","","","","","","","","","","","","","","","","","","","","ns57.domaincontrol.com","ns58.domaincontrol.com","","","clientDeleteProhibited","clientRenewProhibited","clientTransferProhibited","clientUpdateProhibited"
"3","devcoredz.com","2020-05-10 03:08:08","2020-05-08","2020-05-08","2021-05-08","146","GoDaddy.com, LLC","whois.godaddy.com","http://registrar.godaddy.com","","","","","ouled yaich","","Algeria","","","","","","","","","","","","","","","","","","","","","","","","","","","","","","","","","","ns33.domaincontrol.com","ns34.domaincontrol.com","","","clientDeleteProhibited","clientRenewProhibited","clientTransferProhibited","clientUpdateProhibited"
"4","dynebow.com","2020-05-10 03:30:25","2020-05-08","2020-05-08","2021-05-08","146","GoDaddy.com, LLC","whois.godaddy.com","http://registrar.godaddy.com","DyneBow","DyneBow","","","CA","","Algeria","","","","","","","","","","","","","","","","","","","","","","","","","","","","","","","","","","ns75.domaincontrol.com","ns76.domaincontrol.com","","","clientDeleteProhibited","clientRenewProhibited","clientTransferProhibited","clientUpdateProhibited"
"5","etidjara.com","2020-05-10 04:30:14","2020-05-08","2020-05-08","2021-05-08","303","PDR Ltd. d/b/a PublicDomainRegistry.com","whois.publicdomainregistry.com","http://www.publicdomainregistry.com","SLIMANE DABOUZ","IBIL Technologies","Pins Maritimes","Mohammadia","Alger","16000","Algeria","info@ibiltech.com","+213.663040177","","SLIMANE DABOUZ","IBIL Technologies","Pins Maritimes","Mohammadia","Alger","16000","Algeria","info@ibiltech.com","+213.663040177","","SLIMANE DABOUZ","IBIL Technologies","Pins Maritimes","Mohammadia","Alger","16000","Algeria","info@ibiltech.com","+213.663040177","","","","","","","","","","","","ns1.bh-20.webhostbox.net","ns2.bh-20.webhostbox.net","","","clientTransferProhibited","","",""
"6","fceduca.com","2020-05-10 03:56:10","2020-05-07","2020-05-07","2021-05-07","69","Tucows Domains Inc.","whois.tucows.com","http://domainhelp.opensrs.net","REDACTED FOR PRIVACY","REDACTED FOR PRIVACY","REDACTED FOR PRIVACY","REDACTED FOR PRIVACY","XX","REDACTED FOR PRIVACY","Algeria","","REDACTED FOR PRIVACY","REDACTED FOR PRIVACY","REDACTED FOR PRIVACY","REDACTED FOR PRIVACY","REDACTED FOR PRIVACY","REDACTED FOR PRIVACY","REDACTED FOR PRIVACY","REDACTED FOR PRIVACY","REDACTED FOR PRIVACY","","REDACTED FOR PRIVACY","REDACTED FOR PRIVACY","REDACTED FOR PRIVACY","REDACTED FOR PRIVACY","REDACTED FOR PRIVACY","REDACTED FOR PRIVACY","REDACTED FOR PRIVACY","REDACTED FOR PRIVACY","REDACTED FOR PRIVACY","","REDACTED FOR PRIVACY","REDACTED FOR PRIVACY","","","","","","","","","","","ns1.giow1030.siteground.us","ns2.giow1030.siteground.us","","","clientTransferProhibited","clientUpdateProhibited","",""
"7","geanthybridetott.com","2020-05-10 06:26:32","2020-05-08","2020-05-08","2021-05-08","146","GoDaddy.com, LLC","whois.godaddy.com","http://registrar.godaddy.com","\u0633\u0637\u064a\u0641","\u0633\u0637\u064a\u0641","","","PA","","Algeria","","","","","","","","","","","","","","","","","","","","","","","","","","","","","","","","","","ns51.domaincontrol.com","ns52.domaincontrol.com","","","clientDeleteProhibited","clientRenewProhibited","clientTransferProhibited","clientUpdateProhibited"
"8","geico-insurances.com","2020-05-10 06:28:11","2020-05-08","2020-05-08","2021-05-08","303","PDR Ltd. d/b/a PublicDomainRegistry.com","whois.publicdomainregistry.com","http://www.publicdomainregistry.com","Mounir Boukoftane","Mounir Boukoftane","Alger","algiers","Algiers","16000","Algeria","mounir.boukoftane@gmail.com","+213.618316921","","Mounir Boukoftane","Mounir Boukoftane","Alger","algiers","Algiers","16000","Algeria","mounir.boukoftane@gmail.com","+213.618316921","","Mounir Boukoftane","Mounir Boukoftane","Alger","algiers","Algiers","16000","Algeria","mounir.boukoftane@gmail.com","+213.618316921","","","","","","","","","","","","ns1.dns-parking.com","ns2.dns-parking.com","","","clientTransferProhibited","","",""
"9","hanoutlabib.com","2020-05-10 02:25:25","2020-05-08","2020-05-08","2021-05-08","303","PDR Ltd. d/b/a PublicDomainRegistry.com","whois.publicdomainregistry.com","http://www.publicdomainregistry.com","smyr msran","smyr msran","Bt K01 N04","Ain Smara","Constantine","25140","Algeria","mesranesamir@gmail.com","+213.771026549","","smyr msran","smyr msran","Bt K01 N04","Ain Smara","Constantine","25140","Algeria","mesranesamir@gmail.com","+213.771026549","","smyr msran","smyr msran","Bt K01 N04","Ain Smara","Constantine","25140","Algeria","mesranesamir@gmail.com","+213.771026549","","","","","","","","","","","","ns1.dns-parking.com","ns2.dns-parking.com","","","clientTransferProhibited","","",""
"10","hassitech.com","2020-05-10 05:26:08","2020-05-07","2020-05-07","2021-05-07","146","GoDaddy.com, LLC","whois.godaddy.com","http://registrar.godaddy.com","","","","","Ouargla","","Algeria","","","","","","","","","","","","","","","","","","","","","","","","","","","","","","","","","","ns03.domaincontrol.com","ns04.domaincontrol.com","","","clientDeleteProhibited","clientRenewProhibited","clientTransferProhibited","clientUpdateProhibited"
"11","jawabteam.com","2020-05-10 02:22:18","2020-05-07","2020-05-07","2021-05-07","146","GoDaddy.com, LLC","whois.godaddy.com","http://registrar.godaddy.com","","","","","biskra","","Algeria","","","","","","","","","","","","","","","","","","","","","","","","","","","","","","","","","","ns33.domaincontrol.com","ns34.domaincontrol.com","","","clientDeleteProhibited","clientRenewProhibited","clientTransferProhibited","clientUpdateProhibited"
"12","justgamesdz.com","2020-05-10 03:30:42","2020-05-08","2020-05-08","2021-05-08","433","OVH sas","whois.ovh.com","http://www.ovh.com","REDACTED FOR PRIVACY","","REDACTED FOR PRIVACY","REDACTED FOR PRIVACY","","REDACTED FOR PRIVACY","Algeria","enminx9lwm9bbyk7xcvw@x.o-w-o.info","REDACTED FOR PRIVACY","REDACTED FOR PRIVACY","REDACTED FOR PRIVACY","REDACTED FOR PRIVACY","REDACTED FOR PRIVACY","REDACTED FOR PRIVACY","REDACTED FOR PRIVACY","REDACTED FOR PRIVACY","REDACTED FOR PRIVACY","9344bfqpnrckv6vvcx02@r.o-w-o.info","REDACTED FOR PRIVACY","REDACTED FOR PRIVACY","REDACTED FOR PRIVACY","REDACTED FOR PRIVACY","REDACTED FOR PRIVACY","REDACTED FOR PRIVACY","REDACTED FOR PRIVACY","REDACTED FOR PRIVACY","REDACTED FOR PRIVACY","9344bfqpnrckv6vvcx02@r.o-w-o.info","REDACTED FOR PRIVACY","REDACTED FOR PRIVACY","","","","","","","","","","","dns2-r.dzsecurity.net","venus-shared.dzsecurity.net","","","clientDeleteProhibited","clientTransferProhibited","",""
"13","kingfordesign.com","2020-05-10 05:30:50","2020-05-07","2020-05-07","2021-05-07","433","OVH sas","whois.ovh.com","http://www.ovh.com","REDACTED FOR PRIVACY","","REDACTED FOR PRIVACY","REDACTED FOR PRIVACY","","REDACTED FOR PRIVACY","Algeria","4dlitrulmnxt8q3oj6ha@j.o-w-o.info","REDACTED FOR PRIVACY","REDACTED FOR PRIVACY","REDACTED FOR PRIVACY","REDACTED FOR PRIVACY","REDACTED FOR PRIVACY","REDACTED FOR PRIVACY","REDACTED FOR PRIVACY","REDACTED FOR PRIVACY","REDACTED FOR PRIVACY","9344bfqpnrckv6vvcx02@r.o-w-o.info","REDACTED FOR PRIVACY","REDACTED FOR PRIVACY","REDACTED FOR PRIVACY","REDACTED FOR PRIVACY","REDACTED FOR PRIVACY","REDACTED FOR PRIVACY","REDACTED FOR PRIVACY","REDACTED FOR PRIVACY","REDACTED FOR PRIVACY","9344bfqpnrckv6vvcx02@r.o-w-o.info","REDACTED FOR PRIVACY","REDACTED FOR PRIVACY","","","","","","","","","","","dns2-r.dzsecurity.net","jupiter-shared.dzsecurity.net","","","clientDeleteProhibited","clientTransferProhibited","",""
"14","lagendmarket.com","2020-05-10 05:09:46","2020-05-07","2020-05-07","2021-05-07","146","GoDaddy.com, LLC","whois.godaddy.com","http://registrar.godaddy.com","","","","","arbaouat","","Algeria","","","","","","","","","","","","","","","","","","","","","","","","","","","","","","","","","","ns51.domaincontrol.com","ns52.domaincontrol.com","","","clientDeleteProhibited","clientRenewProhibited","clientTransferProhibited","clientUpdateProhibited"
"15","mailwheels.com","2020-05-10 05:16:23","2020-05-07","2020-05-08","2021-05-07","81","Gandi SAS","whois.gandi.net","http://www.gandi.net","REDACTED FOR PRIVACY","","REDACTED FOR PRIVACY","REDACTED FOR PRIVACY","","REDACTED FOR PRIVACY","Algeria","b79544f65a0f8582c513ff7fd7b6fed0-18936085@contact.gandi.net","REDACTED FOR PRIVACY","REDACTED FOR PRIVACY","REDACTED FOR PRIVACY","REDACTED FOR PRIVACY","REDACTED FOR PRIVACY","REDACTED FOR PRIVACY","REDACTED FOR PRIVACY","REDACTED FOR PRIVACY","REDACTED FOR PRIVACY","b79544f65a0f8582c513ff7fd7b6fed0-18936085@contact.gandi.net","REDACTED FOR PRIVACY","REDACTED FOR PRIVACY","REDACTED FOR PRIVACY","REDACTED FOR PRIVACY","REDACTED FOR PRIVACY","REDACTED FOR PRIVACY","REDACTED FOR PRIVACY","REDACTED FOR PRIVACY","REDACTED FOR PRIVACY","b79544f65a0f8582c513ff7fd7b6fed0-18936085@contact.gandi.net","REDACTED FOR PRIVACY","REDACTED FOR PRIVACY","","","","","","","","","","","ns1.box.mailwheels.com","ns2.box.mailwheels.com","","","clientTransferProhibited","","",""
"16","pharmactor.com","2020-05-10 04:29:30","2020-05-08","2020-05-08","2021-05-08","303","PDR Ltd. d/b/a PublicDomainRegistry.com","whois.publicdomainregistry.com","http://www.publicdomainregistry.com","FRAIHAT Adlane","ISTERLAB","Alger","Alger","Alger","16000","Algeria","fraihat_adlane@yahoo.fr","+213.21834747","","FRAIHAT Adlane","ISTERLAB","Alger","Alger","Alger","16000","Algeria","fraihat_adlane@yahoo.fr","+213.21834747","","FRAIHAT Adlane","ISTERLAB","Alger","Alger","Alger","16000","Algeria","fraihat_adlane@yahoo.fr","+213.21834747","","","","","","","","","","","","dns3.parkpage.foundationapi.com","dns4.parkpage.foundationapi.com","","","clientTransferProhibited","","",""
"17","preciousgiftss.com","2020-05-10 05:50:03","2020-05-07","2020-05-07","2021-05-07","146","GoDaddy.com, LLC","whois.godaddy.com","http://registrar.godaddy.com","","","","","Algeria","","Algeria","","","","","","","","","","","","","","","","","","","","","","","","","","","","","","","","","","ns33.domaincontrol.com","ns34.domaincontrol.com","","","clientDeleteProhibited","clientRenewProhibited","clientTransferProhibited","clientUpdateProhibited"
"18","qouffa.com","2020-05-10 04:30:16","2020-05-08","2020-05-08","2021-05-08","303","PDR Ltd. d/b/a PublicDomainRegistry.com","whois.publicdomainregistry.com","http://www.publicdomainregistry.com","SLIMANE DABOUZ","IBIL Technologies","Pins Maritimes","Mohammadia","Alger","16000","Algeria","info@ibiltech.com","+213.663040177","","SLIMANE DABOUZ","IBIL Technologies","Pins Maritimes","Mohammadia","Alger","16000","Algeria","info@ibiltech.com","+213.663040177","","SLIMANE DABOUZ","IBIL Technologies","Pins Maritimes","Mohammadia","Alger","16000","Algeria","info@ibiltech.com","+213.663040177","","","","","","","","","","","","obns3.hostgator.com","obns4.hostgator.com","","","clientTransferProhibited","","",""
"19","quizarial.com","2020-05-10 05:16:50","2020-05-07","2020-05-07","2021-05-07","146","GoDaddy.com, LLC","whois.godaddy.com","http://registrar.godaddy.com","","","","","algiers","","Algeria","","","","","","","","","","","","","","","","","","","","","","","","","","","","","","","","","","dns1.namecheaphosting.com","dns2.namecheaphosting.com","","","OK","","",""
"20","russicada.com","2020-05-10 05:25:51","2020-05-07","2020-05-07","2021-05-07","146","GoDaddy.com, LLC","whois.godaddy.com","http://registrar.godaddy.com","","","","","Skikda","","Algeria","","","","","","","","","","","","","","","","","","","","","","","","","","","","","","","","","","ns1.youcan.shop","ns2.youcan.shop","","","clientDeleteProhibited","clientRenewProhibited","clientTransferProhibited","clientUpdateProhibited"
"21","sarahnidz.com","2020-05-10 03:13:34","2020-05-08","2020-05-08","2021-05-08","168","Register.it SPA","whois.register.it","http://we.register.it","REDACTED FOR PRIVACY","REDACTED FOR PRIVACY","REDACTED FOR PRIVACY","REDACTED FOR PRIVACY","fkirina","REDACTED FOR PRIVACY","Algeria","","REDACTED.FORPRIVACY","REDACTED.FORPRIVACY","REDACTED FOR PRIVACY","REDACTED FOR PRIVACY","REDACTED FOR PRIVACY","REDACTED FOR PRIVACY","fkirina","REDACTED FOR PRIVACY","Algeria","","REDACTED.FORPRIVACY","REDACTED.FORPRIVACY","REDACTED FOR PRIVACY","REDACTED FOR PRIVACY","REDACTED FOR PRIVACY","REDACTED FOR PRIVACY","Paris","REDACTED FOR PRIVACY","France","","REDACTED.FORPRIVACY","REDACTED.FORPRIVACY","","","","","","","","","","","ns1.amenworld.com","ns2.amenworld.com","","","OK","","",""
"22","sougpro.com","2020-05-10 05:08:44","2020-05-07","2020-05-07","2021-05-07","146","GoDaddy.com, LLC","whois.godaddy.com","http://registrar.godaddy.com","","","","","Bachdjerah","","Algeria","","","","","","","","","","","","","","","","","","","","","","","","","","","","","","","","","","ns33.domaincontrol.com","ns34.domaincontrol.com","","","clientDeleteProhibited","clientRenewProhibited","clientTransferProhibited","clientUpdateProhibited"
"23","starkdz.com","2020-05-10 03:00:21","2020-05-08","2020-05-08","2021-05-08","146","GoDaddy.com, LLC","whois.godaddy.com","http://registrar.godaddy.com","","","","","Alger","","Algeria","","","","","","","","","","","","","","","","","","","","","","","","","","","","","","","","","","ns1.youcan.shop","ns2.youcan.shop","","","clientDeleteProhibited","clientRenewProhibited","clientTransferProhibited","clientUpdateProhibited"
"24","tassily.com","2020-05-10 05:21:24","2020-05-07","2020-05-07","2021-05-07","433","OVH sas","whois.ovh.com","http://www.ovh.com","REDACTED FOR PRIVACY","","REDACTED FOR PRIVACY","REDACTED FOR PRIVACY","","REDACTED FOR PRIVACY","Algeria","s24lnegb4ig1ruy52u55@s.o-w-o.info","REDACTED FOR PRIVACY","REDACTED FOR PRIVACY","REDACTED FOR PRIVACY","REDACTED FOR PRIVACY","REDACTED FOR PRIVACY","REDACTED FOR PRIVACY","REDACTED FOR PRIVACY","REDACTED FOR PRIVACY","REDACTED FOR PRIVACY","2dl8howj99jtnacedlmd@x.o-w-o.info","REDACTED FOR PRIVACY","REDACTED FOR PRIVACY","REDACTED FOR PRIVACY","REDACTED FOR PRIVACY","REDACTED FOR PRIVACY","REDACTED FOR PRIVACY","REDACTED FOR PRIVACY","REDACTED FOR PRIVACY","REDACTED FOR PRIVACY","2dl8howj99jtnacedlmd@x.o-w-o.info","REDACTED FOR PRIVACY","REDACTED FOR PRIVACY","","","","","","","","","","","dns110.ovh.net","ns110.ovh.net","","","clientDeleteProhibited","clientTransferProhibited","",""
"25","tech2dz.com","2020-05-10 03:08:01","2020-05-08","2020-05-08","2021-05-08","146","GoDaddy.com, LLC","whois.godaddy.com","http://registrar.godaddy.com","tech2dz","tech2dz","","","Algiers","","Algeria","","","","","","","","","","","","","","","","","","","","","","","","","","","","","","","","","","ns-cloud-a1.googledomains.com","ns-cloud-a2.googledomains.com","ns-cloud-a3.googledomains.com","ns-cloud-a4.googledomains.com","clientDeleteProhibited","clientRenewProhibited","clientTransferProhibited","clientUpdateProhibited"
"26","texascarpenter.com","2020-05-10 05:50:30","2020-05-07","2020-05-07","2021-05-07","146","GoDaddy.com, LLC","whois.godaddy.com","http://registrar.godaddy.com","","","","","M'Sila","","Algeria","","","","","","","","","","","","","","","","","","","","","","","","","","","","","","","","","","ns51.domaincontrol.com","ns52.domaincontrol.com","","","clientDeleteProhibited","clientRenewProhibited","clientTransferProhibited","clientUpdateProhibited"
"27","wycom.pro","2020-05-10 10:44:47","2020-05-08","2020-05-08","2021-05-08","433","OVH sas","whois.ovh.com","http://www.ovh.com","","","","","","","Algeria","","","","","","","","","","","","","","","","","","","","","","","","","","","","","","","","","","dns110.ovh.net","ns110.ovh.net","","","addPeriod","clientDeleteProhibited","clientTransferProhibited","serverTransferProhibited"