"num","domain_name","query_time","create_date","update_date","expiry_date","domain_registrar_id","domain_registrar_name","domain_registrar_whois","domain_registrar_url","registrant_name","registrant_company","registrant_address","registrant_city","registrant_state","registrant_zip","registrant_country","registrant_email","registrant_phone","registrant_fax","administrative_name","administrative_company","administrative_address","administrative_city","administrative_state","administrative_zip","administrative_country","administrative_email","administrative_phone","administrative_fax","technical_name","technical_company","technical_address","technical_city","technical_state","technical_zip","technical_country","technical_email","technical_phone","technical_fax","billing_name","billing_company","billing_address","billing_city","billing_state","billing_zip","billing_country","billing_email","billing_phone","billing_fax","name_server_1","name_server_2","name_server_3","name_server_4","domain_status_1","domain_status_2","domain_status_3","domain_status_4"
"1","asia-technology.com","2020-05-10 06:25:52","2020-05-08","2020-05-08","2021-05-08","146","GoDaddy.com, LLC","whois.godaddy.com","http://registrar.godaddy.com","pkssources.com","pkssources.com","","","AL","","Bahrain","","","","","","","","","","","","","","","","","","","","","","","","","","","","","","","","","","ns51.domaincontrol.com","ns52.domaincontrol.com","","","clientDeleteProhibited","clientRenewProhibited","clientTransferProhibited","clientUpdateProhibited"
"2","etimecloud.com","2020-05-10 05:34:47","2020-05-07","2020-05-07","2021-05-07","146","GoDaddy.com, LLC","whois.godaddy.com","http://registrar.godaddy.com","","","","","manama","","Bahrain","","","","","","","","","","","","","","","","","","","","","","","","","","","","","","","","","","ns1.etime.bh","ns2.etime.bh","","","clientDeleteProhibited","clientRenewProhibited","clientTransferProhibited","clientUpdateProhibited"
"3","grocerybahrain.com","2020-05-10 04:01:10","2020-05-07","2020-05-07","2021-05-07","303","PDR Ltd. d/b/a PublicDomainRegistry.com","whois.publicdomainregistry.com","http://www.publicdomainregistry.com","IMRAN AHMED SOOFI MOHAMMED","SOOFI TECHNOLOGIES COMPANY WL.L","FLAT-11, BLDG# 964, ROAD # 126,BLOCK # 701","TUBLI","TUBLI","701","Bahrain","soofiautomation@gmail.com","+973.37373536","","IMRAN AHMED SOOFI MOHAMMED","SOOFI TECHNOLOGIES COMPANY WL.L","FLAT-11, BLDG# 964, ROAD # 126,BLOCK # 701","TUBLI","TUBLI","701","Bahrain","soofiautomation@gmail.com","+973.37373536","","IMRAN AHMED SOOFI MOHAMMED","SOOFI TECHNOLOGIES COMPANY WL.L","FLAT-11, BLDG# 964, ROAD # 126,BLOCK # 701","TUBLI","TUBLI","701","Bahrain","soofiautomation@gmail.com","+973.37373536","","","","","","","","","","","","ns1.dns-parking.com","ns2.dns-parking.com","","","clientTransferProhibited","","",""
"4","mmatimez.com","2020-05-10 05:35:18","2020-05-07","2020-05-07","2021-05-07","303","PDR Ltd. d/b/a PublicDomainRegistry.com","whois.publicdomainregistry.com","http://www.publicdomainregistry.com","Mohammad Mansoor","bearys","manama","Manama","Al Manamah","502","Bahrain","bearys@gmail.com","+973.35117777","","Mohammad Mansoor","bearys","manama","Manama","Al Manamah","502","Bahrain","bearys@gmail.com","+973.35117777","","Mohammad Mansoor","bearys","manama","Manama","Al Manamah","502","Bahrain","bearys@gmail.com","+973.35117777","","","","","","","","","","","","ns1.c23233.sgvps.net","ns2.c23233.sgvps.net","","","clientTransferProhibited","","",""
"5","riniskitchenstory.com","2020-05-10 05:39:46","2020-05-07","2020-05-07","2021-05-07","146","GoDaddy.com, LLC","whois.godaddy.com","http://registrar.godaddy.com","Syskode Technologies","Syskode Technologies","","","manama","","Bahrain","","","","","","","","","","","","","","","","","","","","","","","","","","","","","","","","","","ns57.domaincontrol.com","ns58.domaincontrol.com","","","clientDeleteProhibited","clientRenewProhibited","clientTransferProhibited","clientUpdateProhibited"
"6","sirways.com","2020-05-10 05:29:30","2020-05-07","2020-05-07","2022-05-07","146","GoDaddy.com, LLC","whois.godaddy.com","http://registrar.godaddy.com","","","","","Al Dair","","Bahrain","","","","","","","","","","","","","","","","","","","","","","","","","","","","","","","","","","ns57.domaincontrol.com","ns58.domaincontrol.com","","","clientDeleteProhibited","clientRenewProhibited","clientTransferProhibited","clientUpdateProhibited"
"7","souqalmanama.com","2020-05-10 04:37:11","2020-05-08","2020-05-09","2021-05-08","81","Gandi SAS","whois.gandi.net","http://www.gandi.net","REDACTED FOR PRIVACY","","REDACTED FOR PRIVACY","REDACTED FOR PRIVACY","","REDACTED FOR PRIVACY","Bahrain","717b5ffe76669646e1e5d2707f843d87-18937485@contact.gandi.net","REDACTED FOR PRIVACY","REDACTED FOR PRIVACY","REDACTED FOR PRIVACY","REDACTED FOR PRIVACY","REDACTED FOR PRIVACY","REDACTED FOR PRIVACY","REDACTED FOR PRIVACY","REDACTED FOR PRIVACY","REDACTED FOR PRIVACY","717b5ffe76669646e1e5d2707f843d87-18937485@contact.gandi.net","REDACTED FOR PRIVACY","REDACTED FOR PRIVACY","REDACTED FOR PRIVACY","REDACTED FOR PRIVACY","REDACTED FOR PRIVACY","REDACTED FOR PRIVACY","REDACTED FOR PRIVACY","REDACTED FOR PRIVACY","REDACTED FOR PRIVACY","717b5ffe76669646e1e5d2707f843d87-18937485@contact.gandi.net","REDACTED FOR PRIVACY","REDACTED FOR PRIVACY","","","","","","","","","","","ns-70-c.gandi.net","ns-77-a.gandi.net","ns-89-b.gandi.net","","clientTransferProhibited","","",""
"8","vigamedia.com","2020-05-10 03:44:21","2020-05-07","2020-05-07","2021-05-07","146","GoDaddy.com, LLC","whois.godaddy.com","http://registrar.godaddy.com","","","","","manama","","Bahrain","","","","","","","","","","","","","","","","","","","","","","","","","","","","","","","","","","ns57.domaincontrol.com","ns58.domaincontrol.com","","","clientDeleteProhibited","clientRenewProhibited","clientTransferProhibited","clientUpdateProhibited"
"9","zillionbah.com","2020-05-10 03:44:00","2020-05-07","2020-05-07","2021-05-07","106","Ascio Technologies, Inc. Danmark - Filial af Ascio technologies, Inc. USA","whois.ascio.com","http://www.ascio.com","Not Disclosed","Not Disclosed","Not Disclosed","Not Disclosed","","Not Disclosed","Bahrain","","Not Disclosed","Not Disclosed","Not Disclosed","Not Disclosed","Not Disclosed","Not Disclosed","Not Disclosed","Not Disclosed","Not Disclosed","","Not Disclosed","Not Disclosed","Not Disclosed","Not Disclosed","Not Disclosed","Not Disclosed","Not Disclosed","Not Disclosed","Not Disclosed","","Not Disclosed","Not Disclosed","","","","","","","","","","","dns1.123hjemmeside.dk","dns2.123hjemmeside.dk","dns3.123hjemmeside.dk","","OK","","",""