"num","domain_name","query_time","create_date","update_date","expiry_date","domain_registrar_id","domain_registrar_name","domain_registrar_whois","domain_registrar_url","registrant_name","registrant_company","registrant_address","registrant_city","registrant_state","registrant_zip","registrant_country","registrant_email","registrant_phone","registrant_fax","administrative_name","administrative_company","administrative_address","administrative_city","administrative_state","administrative_zip","administrative_country","administrative_email","administrative_phone","administrative_fax","technical_name","technical_company","technical_address","technical_city","technical_state","technical_zip","technical_country","technical_email","technical_phone","technical_fax","billing_name","billing_company","billing_address","billing_city","billing_state","billing_zip","billing_country","billing_email","billing_phone","billing_fax","name_server_1","name_server_2","name_server_3","name_server_4","domain_status_1","domain_status_2","domain_status_3","domain_status_4"
"1","1liaison.com","2020-05-10 03:39:49","2020-05-07","2020-05-07","2021-05-07","303","PDR Ltd. d/b/a PublicDomainRegistry.com","whois.publicdomainregistry.com","http://www.publicdomainregistry.com","jean Tossou","jean Tossou","07BP-Cotonou,Benin","cotonou","litoral","07bp-452","Benin","winfo711@gmail.com","+229.97242511","","jean Tossou","jean Tossou","07BP-Cotonou,Benin","cotonou","litoral","07bp-452","Benin","winfo711@gmail.com","+229.97242511","","jean Tossou","jean Tossou","07BP-Cotonou,Benin","cotonou","litoral","07bp-452","Benin","winfo711@gmail.com","+229.97242511","","","","","","","","","","","","ns1.dns-parking.com","ns2.dns-parking.com","","","clientTransferProhibited","","",""
"2","9janewsupdate.com","2020-05-10 05:03:45","2020-05-08","2020-05-08","2021-05-08","48","eNom, Inc.","whois.enom.com","http://www.enom.com","REDACTED FOR PRIVACY","REDACTED FOR PRIVACY","REDACTED FOR PRIVACY","REDACTED FOR PRIVACY","cotonou","REDACTED FOR PRIVACY","Benin","","REDACTED FOR PRIVACY","REDACTED FOR PRIVACY","REDACTED FOR PRIVACY","REDACTED FOR PRIVACY","REDACTED FOR PRIVACY","REDACTED FOR PRIVACY","REDACTED FOR PRIVACY","REDACTED FOR PRIVACY","REDACTED FOR PRIVACY","","REDACTED FOR PRIVACY","REDACTED FOR PRIVACY","REDACTED FOR PRIVACY","REDACTED FOR PRIVACY","REDACTED FOR PRIVACY","REDACTED FOR PRIVACY","REDACTED FOR PRIVACY","REDACTED FOR PRIVACY","REDACTED FOR PRIVACY","","REDACTED FOR PRIVACY","REDACTED FOR PRIVACY","","","","","","","","","","","logan.ns.cloudflare.com","maya.ns.cloudflare.com","","","addPeriod","clientTransferProhibited","",""
"3","afroparadis.com","2020-05-10 03:07:24","2020-05-08","2020-05-08","2021-05-08","168","Register.it SPA","whois.register.it","http://we.register.it","REDACTED FOR PRIVACY","REDACTED FOR PRIVACY","REDACTED FOR PRIVACY","REDACTED FOR PRIVACY","LITTORAL","REDACTED FOR PRIVACY","Benin","","REDACTED.FORPRIVACY","REDACTED.FORPRIVACY","REDACTED FOR PRIVACY","REDACTED FOR PRIVACY","REDACTED FOR PRIVACY","REDACTED FOR PRIVACY","LITTORAL","REDACTED FOR PRIVACY","Benin","","REDACTED.FORPRIVACY","REDACTED.FORPRIVACY","REDACTED FOR PRIVACY","REDACTED FOR PRIVACY","REDACTED FOR PRIVACY","REDACTED FOR PRIVACY","Paris","REDACTED FOR PRIVACY","France","","REDACTED.FORPRIVACY","REDACTED.FORPRIVACY","","","","","","","","","","","ns1.contabo.net","ns2.contabo.net","ns3.contabo.net","","OK","","",""
"4","bank-rbc.com","2020-05-10 02:22:06","2020-05-07","2020-05-07","2021-05-07","303","PDR Ltd. d/b/a PublicDomainRegistry.com","whois.publicdomainregistry.com","http://www.publicdomainregistry.com","ADOUKONOU COSSI SYLVAIN ADOUKONOU","ADOUKONOU COSSI SYLVAIN ADOUKONOU","17405 24th St","Nebraska","Plattsmouth","68048","Benin","adkcossi@gmail.com","+229.4022865963","","ADOUKONOU COSSI SYLVAIN ADOUKONOU","ADOUKONOU COSSI SYLVAIN ADOUKONOU","17405 24th St","Nebraska","Plattsmouth","68048","Benin","adkcossi@gmail.com","+229.4022865963","","ADOUKONOU COSSI SYLVAIN ADOUKONOU","ADOUKONOU COSSI SYLVAIN ADOUKONOU","17405 24th St","Nebraska","Plattsmouth","68048","Benin","adkcossi@gmail.com","+229.4022865963","","","","","","","","","","","","ns1.dns-parking.com","ns2.dns-parking.com","","","clientTransferProhibited","","",""
"5","bcabk.com","2020-05-10 03:44:09","2020-05-07","2020-05-07","2021-05-07","303","PDR Ltd. d/b/a PublicDomainRegistry.com","whois.publicdomainregistry.com","http://www.publicdomainregistry.com","Ahouan Yeye","","Maison Yeye Ahouan, Rue de la population","cotonou","littoral","00229","Benin","ahouanyeye007@gmail.com","+229.60102599","","Ahouan Yeye","","Maison Yeye Ahouan, Rue de la population","cotonou","littoral","00229","Benin","ahouanyeye007@gmail.com","+229.60102599","","Ahouan Yeye","","Maison Yeye Ahouan, Rue de la population","cotonou","littoral","00229","Benin","ahouanyeye007@gmail.com","+229.60102599","","","","","","","","","","","","ns1.inter-systeme.net","ns2.inter-systeme.net","","","clientTransferProhibited","","",""
"6","bcm-bank.com","2020-05-10 03:44:08","2020-05-07","2020-05-07","2021-05-07","303","PDR Ltd. d/b/a PublicDomainRegistry.com","whois.publicdomainregistry.com","http://www.publicdomainregistry.com","ADOUKONOU COSSI SYLVAIN ADOUKONOU","ADOUKONOU COSSI SYLVAIN ADOUKONOU","17405 24th St","Nebraska","Plattsmouth","68048","Benin","adkcossi@gmail.com","+229.4022865963","","ADOUKONOU COSSI SYLVAIN ADOUKONOU","ADOUKONOU COSSI SYLVAIN ADOUKONOU","17405 24th St","Nebraska","Plattsmouth","68048","Benin","adkcossi@gmail.com","+229.4022865963","","ADOUKONOU COSSI SYLVAIN ADOUKONOU","ADOUKONOU COSSI SYLVAIN ADOUKONOU","17405 24th St","Nebraska","Plattsmouth","68048","Benin","adkcossi@gmail.com","+229.4022865963","","","","","","","","","","","","ns1.dns-parking.com","ns2.dns-parking.com","","","clientTransferProhibited","","",""
"7","bretonfnc.com","2020-05-10 03:20:59","2020-05-08","2020-05-08","2021-05-08","433","OVH sas","whois.ovh.com","http://www.ovh.com","REDACTED FOR PRIVACY","","REDACTED FOR PRIVACY","REDACTED FOR PRIVACY","","REDACTED FOR PRIVACY","Benin","wjw3hhomftyq0fsqmxlt@p.o-w-o.info","REDACTED FOR PRIVACY","REDACTED FOR PRIVACY","REDACTED FOR PRIVACY","REDACTED FOR PRIVACY","REDACTED FOR PRIVACY","REDACTED FOR PRIVACY","REDACTED FOR PRIVACY","REDACTED FOR PRIVACY","REDACTED FOR PRIVACY","zj6b2dgbx9qhrv9cqbkg@x.o-w-o.info","REDACTED FOR PRIVACY","REDACTED FOR PRIVACY","REDACTED FOR PRIVACY","REDACTED FOR PRIVACY","REDACTED FOR PRIVACY","REDACTED FOR PRIVACY","REDACTED FOR PRIVACY","REDACTED FOR PRIVACY","REDACTED FOR PRIVACY","zj6b2dgbx9qhrv9cqbkg@x.o-w-o.info","REDACTED FOR PRIVACY","REDACTED FOR PRIVACY","","","","","","","","","","","dns110.ovh.net","ns110.ovh.net","","","clientDeleteProhibited","clientTransferProhibited","",""
"8","infraplustech.com","2020-05-10 04:36:23","2020-05-08","2020-05-08","2022-05-08","303","PDR Ltd. d/b/a PublicDomainRegistry.com","whois.publicdomainregistry.com","http://www.publicdomainregistry.com","Infra plus  Tech","Benin Marine Marine","Cotonou","Cotonou","pk3","01BP697Co","Benin","beninmarineship@gmail.com","+229.66267956","","Infra plus  Tech","Benin Marine Marine","Cotonou","Cotonou","pk3","01BP697Co","Benin","beninmarineship@gmail.com","+229.66267956","","Infra plus  Tech","Benin Marine Marine","Cotonou","Cotonou","pk3","01BP697Co","Benin","beninmarineship@gmail.com","+229.66267956","","","","","","","","","","","","ns1.dns-parking.com","ns2.dns-parking.com","","","clientTransferProhibited","","",""
"9","lesbingo.com","2020-05-10 03:10:25","2020-05-08","2020-05-08","2021-05-08","168","Register.it SPA","whois.register.it","http://we.register.it","REDACTED FOR PRIVACY","REDACTED FOR PRIVACY","REDACTED FOR PRIVACY","REDACTED FOR PRIVACY","LITTORAL","REDACTED FOR PRIVACY","Benin","","REDACTED.FORPRIVACY","REDACTED.FORPRIVACY","REDACTED FOR PRIVACY","REDACTED FOR PRIVACY","REDACTED FOR PRIVACY","REDACTED FOR PRIVACY","LITTORAL","REDACTED FOR PRIVACY","Benin","","REDACTED.FORPRIVACY","REDACTED.FORPRIVACY","REDACTED FOR PRIVACY","REDACTED FOR PRIVACY","REDACTED FOR PRIVACY","REDACTED FOR PRIVACY","Paris","REDACTED FOR PRIVACY","France","","REDACTED.FORPRIVACY","REDACTED.FORPRIVACY","","","","","","","","","","","ns1.contabo.net","ns2.contabo.net","ns3.contabo.net","","OK","","",""
"10","lsf-sarl.com","2020-05-10 06:27:52","2020-05-08","2020-05-08","2021-05-08","433","OVH sas","whois.ovh.com","http://www.ovh.com","REDACTED FOR PRIVACY","","REDACTED FOR PRIVACY","REDACTED FOR PRIVACY","","REDACTED FOR PRIVACY","Benin","bg2s69q4ot2jz9zdxpkj@o.o-w-o.info","REDACTED FOR PRIVACY","REDACTED FOR PRIVACY","REDACTED FOR PRIVACY","REDACTED FOR PRIVACY","REDACTED FOR PRIVACY","REDACTED FOR PRIVACY","REDACTED FOR PRIVACY","REDACTED FOR PRIVACY","REDACTED FOR PRIVACY","i8xepf2zbkkgtq4q4wbz@k.o-w-o.info","REDACTED FOR PRIVACY","REDACTED FOR PRIVACY","REDACTED FOR PRIVACY","REDACTED FOR PRIVACY","REDACTED FOR PRIVACY","REDACTED FOR PRIVACY","REDACTED FOR PRIVACY","REDACTED FOR PRIVACY","REDACTED FOR PRIVACY","i8xepf2zbkkgtq4q4wbz@k.o-w-o.info","REDACTED FOR PRIVACY","REDACTED FOR PRIVACY","","","","","","","","","","","dns110.ovh.net","ns110.ovh.net","","","clientDeleteProhibited","clientTransferProhibited","",""
"11","mrinalbenin.com","2020-05-10 03:03:49","2020-05-08","2020-05-08","2022-05-08","886","Domain.com, LLC","whois.domain.com","http://www.domain.com","REDACTED FOR PRIVACY","REDACTED FOR PRIVACY","REDACTED FOR PRIVACY","REDACTED FOR PRIVACY","NA","REDACTED FOR PRIVACY","Benin","","REDACTED FOR PRIVACY","REDACTED FOR PRIVACY","REDACTED FOR PRIVACY","REDACTED FOR PRIVACY","REDACTED FOR PRIVACY","REDACTED FOR PRIVACY","REDACTED FOR PRIVACY","REDACTED FOR PRIVACY","REDACTED FOR PRIVACY","","REDACTED FOR PRIVACY","REDACTED FOR PRIVACY","REDACTED FOR PRIVACY","REDACTED FOR PRIVACY","REDACTED FOR PRIVACY","REDACTED FOR PRIVACY","REDACTED FOR PRIVACY","REDACTED FOR PRIVACY","REDACTED FOR PRIVACY","","REDACTED FOR PRIVACY","REDACTED FOR PRIVACY","","","","","","","","","","","ns1.domain.com","ns2.domain.com","","","","","",""
"12","myshopbyauredo.com","2020-05-10 05:20:04","2020-05-07","2020-05-08","2021-05-07","433","OVH sas","whois.ovh.com","http://www.ovh.com","REDACTED FOR PRIVACY","SGTIC","REDACTED FOR PRIVACY","REDACTED FOR PRIVACY","","REDACTED FOR PRIVACY","Benin","g6om47n7ix2z1ydxzqn9@i.o-w-o.info","REDACTED FOR PRIVACY","REDACTED FOR PRIVACY","REDACTED FOR PRIVACY","REDACTED FOR PRIVACY","REDACTED FOR PRIVACY","REDACTED FOR PRIVACY","REDACTED FOR PRIVACY","REDACTED FOR PRIVACY","REDACTED FOR PRIVACY","6h046br7m4kj332rgz9r@l.o-w-o.info","REDACTED FOR PRIVACY","REDACTED FOR PRIVACY","REDACTED FOR PRIVACY","REDACTED FOR PRIVACY","REDACTED FOR PRIVACY","REDACTED FOR PRIVACY","REDACTED FOR PRIVACY","REDACTED FOR PRIVACY","REDACTED FOR PRIVACY","6h046br7m4kj332rgz9r@l.o-w-o.info","REDACTED FOR PRIVACY","REDACTED FOR PRIVACY","","","","","","","","","","","dns1.sgtic-sarl.com","ms1.myshopbyauredo.com","","","clientDeleteProhibited","clientTransferProhibited","",""
"13","nuglobals.com","2020-05-10 05:10:07","2020-05-07","2020-05-07","2022-05-07","1472","LiquidNet Ltd.","whois.liquidnetlimited.com","http://www.liquidnetlimited.com","REDACTED FOR PRIVACY","REDACTED FOR PRIVACY","REDACTED FOR PRIVACY","REDACTED FOR PRIVACY","Littoral","REDACTED FOR PRIVACY","Benin","","REDACTED FOR PRIVACY","REDACTED FOR PRIVACY","REDACTED FOR PRIVACY","REDACTED FOR PRIVACY","REDACTED FOR PRIVACY","REDACTED FOR PRIVACY","REDACTED FOR PRIVACY","REDACTED FOR PRIVACY","REDACTED FOR PRIVACY","","REDACTED FOR PRIVACY","REDACTED FOR PRIVACY","REDACTED FOR PRIVACY","REDACTED FOR PRIVACY","REDACTED FOR PRIVACY","REDACTED FOR PRIVACY","REDACTED FOR PRIVACY","REDACTED FOR PRIVACY","REDACTED FOR PRIVACY","","REDACTED FOR PRIVACY","REDACTED FOR PRIVACY","","","","","","","","","","","dns1.50webs.com","dns2.50webs.com","","","clientTransferProhibited","","",""
"14","richecompagnie.com","2020-05-10 06:19:37","2020-05-07","2020-05-07","2021-05-07","1630","Ligne Web Services SARL","whois.nic.fr","http://www.ait.com","","","","","","","Benin","07f1d203d19a1ae452140f0ace7d4ad4@whois-anonymous.com","","","","","","","","","Benin","07f1d203d19a1ae452140f0ace7d4ad4@whois-anonymous.com","","","","","","","","","Benin","07f1d203d19a1ae452140f0ace7d4ad4@whois-anonymous.com","","","","","","","","","Benin","07f1d203d19a1ae452140f0ace7d4ad4@whois-anonymous.com","","","","","","","More","clientTransferProhibited","informations","on"
"15","stemrinal.com","2020-05-10 03:03:49","2020-05-08","2020-05-08","2022-05-08","886","Domain.com, LLC","whois.domain.com","http://www.domain.com","REDACTED FOR PRIVACY","REDACTED FOR PRIVACY","REDACTED FOR PRIVACY","REDACTED FOR PRIVACY","NA","REDACTED FOR PRIVACY","Benin","","REDACTED FOR PRIVACY","REDACTED FOR PRIVACY","REDACTED FOR PRIVACY","REDACTED FOR PRIVACY","REDACTED FOR PRIVACY","REDACTED FOR PRIVACY","REDACTED FOR PRIVACY","REDACTED FOR PRIVACY","REDACTED FOR PRIVACY","","REDACTED FOR PRIVACY","REDACTED FOR PRIVACY","REDACTED FOR PRIVACY","REDACTED FOR PRIVACY","REDACTED FOR PRIVACY","REDACTED FOR PRIVACY","REDACTED FOR PRIVACY","REDACTED FOR PRIVACY","REDACTED FOR PRIVACY","","REDACTED FOR PRIVACY","REDACTED FOR PRIVACY","","","","","","","","","","","ns1.domain.com","ns2.domain.com","","","","","",""
"16","tevdd.com","2020-05-10 06:21:07","2020-05-08","2020-05-08","2021-05-08","1630","Ligne Web Services SARL","whois.nic.fr","http://www.ait.com","","","","","","","Benin","aaa5f5244471417c853afb7002bc0a97@whois-anonymous.com","","","","","","","","","Benin","aaa5f5244471417c853afb7002bc0a97@whois-anonymous.com","","","","","","","","","Benin","aaa5f5244471417c853afb7002bc0a97@whois-anonymous.com","","","","","","","","","Benin","aaa5f5244471417c853afb7002bc0a97@whois-anonymous.com","","","","","","","More","clientTransferProhibited","informations","on"
"17","usa-match.com","2020-05-10 03:07:08","2020-05-08","2020-05-08","2021-05-08","168","Register.it SPA","whois.register.it","http://we.register.it","REDACTED FOR PRIVACY","REDACTED FOR PRIVACY","REDACTED FOR PRIVACY","REDACTED FOR PRIVACY","LITTORAL","REDACTED FOR PRIVACY","Benin","","REDACTED.FORPRIVACY","REDACTED.FORPRIVACY","REDACTED FOR PRIVACY","REDACTED FOR PRIVACY","REDACTED FOR PRIVACY","REDACTED FOR PRIVACY","LITTORAL","REDACTED FOR PRIVACY","Benin","","REDACTED.FORPRIVACY","REDACTED.FORPRIVACY","REDACTED FOR PRIVACY","REDACTED FOR PRIVACY","REDACTED FOR PRIVACY","REDACTED FOR PRIVACY","Paris","REDACTED FOR PRIVACY","France","","REDACTED.FORPRIVACY","REDACTED.FORPRIVACY","","","","","","","","","","","ns1.contabo.net","ns2.contabo.net","ns3.contabo.net","","OK","","",""
"18","vehicule-utilitaire-ak.com","2020-05-10 06:18:18","2020-05-08","2020-05-08","2021-05-08","1630","Ligne Web Services SARL","whois.nic.fr","http://www.ait.com","","","","","","","Benin","d3bb82edb5de5e1dd0c2c46f125432f2@whois-anonymous.com","","","","","","","","","Benin","d3bb82edb5de5e1dd0c2c46f125432f2@whois-anonymous.com","","","","","","","","","Benin","d3bb82edb5de5e1dd0c2c46f125432f2@whois-anonymous.com","","","","","","","","","Benin","d3bb82edb5de5e1dd0c2c46f125432f2@whois-anonymous.com","","","","","","","More","clientTransferProhibited","informations","on"