"num","domain_name","query_time","create_date","update_date","expiry_date","domain_registrar_id","domain_registrar_name","domain_registrar_whois","domain_registrar_url","registrant_name","registrant_company","registrant_address","registrant_city","registrant_state","registrant_zip","registrant_country","registrant_email","registrant_phone","registrant_fax","administrative_name","administrative_company","administrative_address","administrative_city","administrative_state","administrative_zip","administrative_country","administrative_email","administrative_phone","administrative_fax","technical_name","technical_company","technical_address","technical_city","technical_state","technical_zip","technical_country","technical_email","technical_phone","technical_fax","billing_name","billing_company","billing_address","billing_city","billing_state","billing_zip","billing_country","billing_email","billing_phone","billing_fax","name_server_1","name_server_2","name_server_3","name_server_4","domain_status_1","domain_status_2","domain_status_3","domain_status_4"
"1","bolivianroots.com","2020-05-10 06:20:57","2020-05-07","2020-05-07","2021-05-07","303","PDR Ltd. d/b/a PublicDomainRegistry.com","whois.publicdomainregistry.com","http://www.publicdomainregistry.com","Abraham Quiroga","IMGDOMAINS","n/n","La Paz","La Paz","0000","Bolivia","imgdomservices@gmail.com","+591.67116211","","Abraham Quiroga","IMGDOMAINS","n/n","La Paz","La Paz","0000","Bolivia","imgdomservices@gmail.com","+591.67116211","","Abraham Quiroga","IMGDOMAINS","n/n","La Paz","La Paz","0000","Bolivia","imgdomservices@gmail.com","+591.67116211","","","","","","","","","","","","ns1-usa21.ahwebhost.com","ns2-usa21.ahwebhost.com","","","clientTransferProhibited","","",""
"2","burquina.com","2020-05-10 05:43:06","2020-05-07","2020-05-07","2021-05-07","146","GoDaddy.com, LLC","whois.godaddy.com","http://registrar.godaddy.com","BURQUINAFASO LTDA","BURQUINAFASO LTDA","","","Bolivia","","Bolivia","","","","","","","","","","","","","","","","","","","","","","","","","","","","","","","","","","ns33.domaincontrol.com","ns34.domaincontrol.com","","","clientDeleteProhibited","clientRenewProhibited","clientTransferProhibited","clientUpdateProhibited"
"3","carlosprudencio.com","2020-05-10 04:28:57","2020-05-08","","2022-05-08","1068","NameCheap, Inc.","whois.namecheap.com","http://www.namecheap.com","Carlos Prudencio","Prudencio y Asociados","Tte. Guillen Nro. 6427","La Paz","Murillo","","Bolivia","carlosprudenci@outlook.com","+591.78782144","","Carlos Prudencio","Prudencio y Asociados","Tte. Guillen Nro. 6427","La Paz","Murillo","","Bolivia","carlosprudenci@outlook.com","+591.78782144","","Carlos Prudencio","Prudencio y Asociados","Tte. Guillen Nro. 6427","La Paz","Murillo","","Bolivia","carlosprudenci@outlook.com","+591.78782144","","","","","","","","","","","","ns4910.banahosting.com","ns4911.banahosting.com","","","clientTransferProhibited","","",""
"4","christhiandlb.com","2020-05-10 02:16:38","2020-05-08","2020-05-08","2021-05-08","106","Ascio Technologies, Inc. Danmark - Filial af Ascio technologies, Inc. USA","whois.ascio.com","http://www.ascio.com","Not Disclosed","Not Disclosed","Not Disclosed","Not Disclosed","","Not Disclosed","Bolivia","","Not Disclosed","Not Disclosed","Not Disclosed","Not Disclosed","Not Disclosed","Not Disclosed","Not Disclosed","Not Disclosed","Not Disclosed","","Not Disclosed","Not Disclosed","Not Disclosed","Not Disclosed","Not Disclosed","Not Disclosed","Not Disclosed","Not Disclosed","Not Disclosed","","Not Disclosed","Not Disclosed","","","","","","","","","","","dns1.123hjemmeside.dk","dns2.123hjemmeside.dk","dns3.123hjemmeside.dk","","OK","","",""
"5","cincuentafit.com","2020-05-10 03:46:54","2020-05-07","2020-05-07","2021-05-07","303","PDR Ltd. d/b/a PublicDomainRegistry.com","whois.publicdomainregistry.com","http://www.publicdomainregistry.com","Tito Villalpando","Andinahost","Santiago II Av. 1 N.2","El Alto","La Paz","0000","Bolivia","ventas@avancehost.com","+591.2813436","","Tito Villalpando","Andinahost","Santiago II Av. 1 N.2","El Alto","La Paz","0000","Bolivia","ventas@avancehost.com","+591.2813436","","Tito Villalpando","Andinahost","Santiago II Av. 1 N.2","El Alto","La Paz","0000","Bolivia","ventas@avancehost.com","+591.2813436","","","","","","","","","","","","ns1.avancehost.com","ns2.avancehost.com","","","clientTransferProhibited","","",""
"6","comonosupeantes.com","2020-05-10 06:17:03","2020-05-07","2020-05-07","2022-05-07","886","Domain.com, LLC","whois.domain.com","http://www.domain.com","REDACTED FOR PRIVACY","REDACTED FOR PRIVACY","REDACTED FOR PRIVACY","REDACTED FOR PRIVACY","NA","REDACTED FOR PRIVACY","Bolivia","","REDACTED FOR PRIVACY","REDACTED FOR PRIVACY","REDACTED FOR PRIVACY","REDACTED FOR PRIVACY","REDACTED FOR PRIVACY","REDACTED FOR PRIVACY","REDACTED FOR PRIVACY","REDACTED FOR PRIVACY","REDACTED FOR PRIVACY","","REDACTED FOR PRIVACY","REDACTED FOR PRIVACY","REDACTED FOR PRIVACY","REDACTED FOR PRIVACY","REDACTED FOR PRIVACY","REDACTED FOR PRIVACY","REDACTED FOR PRIVACY","REDACTED FOR PRIVACY","REDACTED FOR PRIVACY","","REDACTED FOR PRIVACY","REDACTED FOR PRIVACY","","","","","","","","","","","ns1.fatcow.com","ns2.fatcow.com","","","clientTransferProhibited","clientUpdateProhibited","",""
"7","danieladonoso.com","2020-05-10 05:02:25","2020-05-08","2020-05-08","2021-05-08","146","GoDaddy.com, LLC","whois.godaddy.com","http://registrar.godaddy.com","DANIELA DONOSO MENTORA COMERCIAL","DANIELA DONOSO MENTORA COMERCIAL","","","Departamento de Santa Cruz","","Bolivia","","","","","","","","","","","","","","","","","","","","","","","","","","","","","","","","","","ns33.domaincontrol.com","ns34.domaincontrol.com","","","clientDeleteProhibited","clientRenewProhibited","clientTransferProhibited","clientUpdateProhibited"
"8","ecobrif.com","2020-05-10 04:42:59","2020-05-08","2020-05-08","2021-05-08","303","PDR Ltd. d/b/a PublicDomainRegistry.com","whois.publicdomainregistry.com","http://www.publicdomainregistry.com","David Espinoza","David Espinoza","Pedro Maillard, 150","Santa Cruz de la Sierra","Santa Cruz","09060","Bolivia","correodedavid@hotmail.com","+591.3358657","","David Espinoza","David Espinoza","Pedro Maillard, 150","Santa Cruz de la Sierra","Santa Cruz","09060","Bolivia","correodedavid@hotmail.com","+591.3358657","","David Espinoza","David Espinoza","Pedro Maillard, 150","Santa Cruz de la Sierra","Santa Cruz","09060","Bolivia","correodedavid@hotmail.com","+591.3358657","","","","","","","","","","","","ns1.donweb.cl","ns1.donweb.co","ns1.donweb.mx","ns1.donweb.uy","clientTransferProhibited","","",""
"9","emprendimientoya.com","2020-05-10 05:46:42","2020-05-07","2020-05-07","2021-05-07","303","PDR Ltd. d/b/a PublicDomainRegistry.com","whois.publicdomainregistry.com","http://www.publicdomainregistry.com","rodrigo  zubieta","emprendimientoYA","barrio villa fatima calle rio yaguary casa nro 279","santa cruz","bolivis/santa cruz/andres ibanez","00291","Bolivia","zubrodry@gmail.com","+591.79053520","","rodrigo  zubieta","emprendimientoYA","barrio villa fatima calle rio yaguary casa nro 279","santa cruz","bolivis/santa cruz/andres ibanez","00291","Bolivia","zubrodry@gmail.com","+591.79053520","","rodrigo  zubieta","emprendimientoYA","barrio villa fatima calle rio yaguary casa nro 279","santa cruz","bolivis/santa cruz/andres ibanez","00291","Bolivia","zubrodry@gmail.com","+591.79053520","","","","","","","","","","","","ns1.dns-parking.com","ns2.dns-parking.com","","","clientTransferProhibited","","",""
"10","estomegusta-bolivia.com","2020-05-10 04:53:10","2020-05-08","2020-05-08","2021-05-08","1383","Soluciones Corporativas IP, SLU","whois.scip.es","http://www.dondominio.com","REDACTED FOR PRIVACY","","REDACTED FOR PRIVACY","REDACTED FOR PRIVACY","santa cruz","REDACTED FOR PRIVACY","Bolivia","","REDACTED FOR PRIVACY","REDACTED FOR PRIVACY","REDACTED FOR PRIVACY","REDACTED FOR PRIVACY","REDACTED FOR PRIVACY","REDACTED FOR PRIVACY","REDACTED FOR PRIVACY","REDACTED FOR PRIVACY","REDACTED FOR PRIVACY","","REDACTED FOR PRIVACY","REDACTED FOR PRIVACY","REDACTED FOR PRIVACY","REDACTED FOR PRIVACY","REDACTED FOR PRIVACY","REDACTED FOR PRIVACY","REDACTED FOR PRIVACY","REDACTED FOR PRIVACY","REDACTED FOR PRIVACY","","REDACTED FOR PRIVACY","REDACTED FOR PRIVACY","","","","","","","","","","","ns50381.webempresa.eu","ns50382.webempresa.eu","","","OK","","",""
"11","houseofvapesc.com","2020-05-10 05:41:00","2020-05-07","2020-05-07","2021-05-07","69","Tucows Domains Inc.","whois.tucows.com","http://domainhelp.opensrs.net","REDACTED FOR PRIVACY","REDACTED FOR PRIVACY","REDACTED FOR PRIVACY","REDACTED FOR PRIVACY","XX","REDACTED FOR PRIVACY","Bolivia","","REDACTED FOR PRIVACY","REDACTED FOR PRIVACY","REDACTED FOR PRIVACY","REDACTED FOR PRIVACY","REDACTED FOR PRIVACY","REDACTED FOR PRIVACY","REDACTED FOR PRIVACY","REDACTED FOR PRIVACY","REDACTED FOR PRIVACY","","REDACTED FOR PRIVACY","REDACTED FOR PRIVACY","REDACTED FOR PRIVACY","REDACTED FOR PRIVACY","REDACTED FOR PRIVACY","REDACTED FOR PRIVACY","REDACTED FOR PRIVACY","REDACTED FOR PRIVACY","REDACTED FOR PRIVACY","","REDACTED FOR PRIVACY","REDACTED FOR PRIVACY","","","","","","","","","","","ns1.giow1086.siteground.us","ns2.giow1086.siteground.us","","","clientTransferProhibited","clientUpdateProhibited","",""
"12","manapanificadora.com","2020-05-10 02:11:53","2020-05-08","2020-05-08","2021-05-08","146","GoDaddy.com, LLC","whois.godaddy.com","http://registrar.godaddy.com","Cabrera","Cabrera","","","santa cruz","","Bolivia","","","","","","","","","","","","","","","","","","","","","","","","","","","","","","","","","","ns3.l4dns.com","ns4.l4dns.com","","","clientDeleteProhibited","clientRenewProhibited","clientTransferProhibited","clientUpdateProhibited"
"13","n95bolivia.com","2020-05-10 04:37:54","2020-05-08","2020-05-08","2021-05-08","146","GoDaddy.com, LLC","whois.godaddy.com","http://registrar.godaddy.com","Struo SRL","Struo SRL","","","murillo","","Bolivia","","","","","","","","","","","","","","","","","","","","","","","","","","","","","","","","","","ns57.domaincontrol.com","ns58.domaincontrol.com","","","clientDeleteProhibited","clientRenewProhibited","clientTransferProhibited","clientUpdateProhibited"
"14","nacionalcotoca.com","2020-05-10 02:12:26","2020-05-07","2020-05-07","2021-05-07","303","PDR Ltd. d/b/a PublicDomainRegistry.com","whois.publicdomainregistry.com","http://www.publicdomainregistry.com","Sergio Driss Melendez Martinez","Easy English Bolivia","Santa Cruz de la Sierra S/N","Santa Cruz de la Sierra","Santa Cruz","00000","Bolivia","sergiodrissmelendez@gmail.com","+591.75033398","","Sergio Driss Melendez Martinez","Easy English Bolivia","Santa Cruz de la Sierra S/N","Santa Cruz de la Sierra","Santa Cruz","00000","Bolivia","sergiodrissmelendez@gmail.com","+591.75033398","","Sergio Driss Melendez Martinez","Easy English Bolivia","Santa Cruz de la Sierra S/N","Santa Cruz de la Sierra","Santa Cruz","00000","Bolivia","sergiodrissmelendez@gmail.com","+591.75033398","","","","","","","","","","","","ns3.alojamiento.vip","ns4.alojamiento.vip","","","clientTransferProhibited","","",""
"15","prodefren.com","2020-05-10 02:57:36","2020-05-08","2020-05-08","2021-05-08","303","PDR Ltd. d/b/a PublicDomainRegistry.com","whois.publicdomainregistry.com","http://www.publicdomainregistry.com","Efren Vaca Bejarano","EFREN PRODUCCIONES","Condominio Sevilla Real Calle Venezuel 4","SANTA CRUZ","Andres Ibanez","591","Bolivia","efren.vaca@gmail.com","+591.75002388","","Efren Vaca Bejarano","EFREN PRODUCCIONES","Condominio Sevilla Real Calle Venezuel 4","SANTA CRUZ","Andres Ibanez","591","Bolivia","efren.vaca@gmail.com","+591.75002388","","Efren Vaca Bejarano","EFREN PRODUCCIONES","Condominio Sevilla Real Calle Venezuel 4","SANTA CRUZ","Andres Ibanez","591","Bolivia","efren.vaca@gmail.com","+591.75002388","","","","","","","","","","","","dns1.bolsystem.com","dns2.bolsystem.com","","","clientTransferProhibited","","",""
"16","pruebatulanding.com","2020-05-10 06:12:37","2020-05-06","2020-05-08","2021-05-06","48","eNom, Inc.","whois.enom.com","http://www.enom.com","REDACTED FOR PRIVACY","REDACTED FOR PRIVACY","REDACTED FOR PRIVACY","REDACTED FOR PRIVACY","Cercado","REDACTED FOR PRIVACY","Bolivia","","REDACTED FOR PRIVACY","REDACTED FOR PRIVACY","REDACTED FOR PRIVACY","REDACTED FOR PRIVACY","REDACTED FOR PRIVACY","REDACTED FOR PRIVACY","REDACTED FOR PRIVACY","REDACTED FOR PRIVACY","REDACTED FOR PRIVACY","","REDACTED FOR PRIVACY","REDACTED FOR PRIVACY","REDACTED FOR PRIVACY","REDACTED FOR PRIVACY","REDACTED FOR PRIVACY","REDACTED FOR PRIVACY","REDACTED FOR PRIVACY","REDACTED FOR PRIVACY","REDACTED FOR PRIVACY","","REDACTED FOR PRIVACY","REDACTED FOR PRIVACY","","","","","","","","","","","eve.ns.cloudflare.com","titan.ns.cloudflare.com","","","addPeriod","ok","",""
"17","ptc-monitor.com","2020-05-10 04:58:51","2020-05-08","2020-05-08","2021-05-08","303","PDR Ltd. d/b/a PublicDomainRegistry.com","whois.publicdomainregistry.com","http://www.publicdomainregistry.com","Waman Felix Callisaya Valeriano","","Av  9 de Agosto, 3534 Mercedario","El Alto","Murillo","0000","Bolivia","wamancalval@gmail.com","+591.75254054","","Waman Felix Callisaya Valeriano","","Av  9 de Agosto, 3534 Mercedario","El Alto","Murillo","0000","Bolivia","wamancalval@gmail.com","+591.75254054","","Waman Felix Callisaya Valeriano","","Av  9 de Agosto, 3534 Mercedario","El Alto","Murillo","0000","Bolivia","wamancalval@gmail.com","+591.75254054","","","","","","","","","","","","ns92.hostgator.mx","ns93.hostgator.mx","","","clientTransferProhibited","","",""
"18","rogerchirilla.com","2020-05-10 04:59:14","2020-05-08","2020-05-08","2021-05-08","146","GoDaddy.com, LLC","whois.godaddy.com","http://registrar.godaddy.com","","","","","Cochabamba","","Bolivia","","","","","","","","","","","","","","","","","","","","","","","","","","","","","","","","","","ns51.domaincontrol.com","ns52.domaincontrol.com","","","clientDeleteProhibited","clientRenewProhibited","clientTransferProhibited","clientUpdateProhibited"
"19","sabores-silvestres.com","2020-05-10 05:38:08","2020-05-07","2020-05-07","2021-05-07","146","GoDaddy.com, LLC","whois.godaddy.com","http://registrar.godaddy.com","enbolivia.com","enbolivia.com","","","Not Applicable","","Bolivia","","","","","","","","","","","","","","","","","","","","","","","","","","","","","","","","","","ns1.hostingdealtura.net","ns2.hostingdealtura.net","","","clientDeleteProhibited","clientRenewProhibited","clientTransferProhibited","clientUpdateProhibited"
"20","sorucopimpi.com","2020-05-10 04:38:29","2020-05-08","2020-05-08","2021-05-08","303","PDR Ltd. d/b/a PublicDomainRegistry.com","whois.publicdomainregistry.com","http://www.publicdomainregistry.com","Tito Villalpando","Andinahost","Santiago II Av. 1 N.2","El Alto","La Paz","0000","Bolivia","ventas@avancehost.com","+591.2813436","","Tito Villalpando","Andinahost","Santiago II Av. 1 N.2","El Alto","La Paz","0000","Bolivia","ventas@avancehost.com","+591.2813436","","Tito Villalpando","Andinahost","Santiago II Av. 1 N.2","El Alto","La Paz","0000","Bolivia","ventas@avancehost.com","+591.2813436","","","","","","","","","","","","ns1.avancehost.com","ns2.avancehost.com","","","clientTransferProhibited","","",""
"21","sybcbba.com","2020-05-10 05:35:02","2020-05-07","2020-05-07","2021-05-07","146","GoDaddy.com, LLC","whois.godaddy.com","http://registrar.godaddy.com","","","","","Cochabamba","","Bolivia","","","","","","","","","","","","","","","","","","","","","","","","","","","","","","","","","","fast1.alojamientowp.com","fast2.alojamientowp.com","fast3.alojamientowp.com","","clientDeleteProhibited","clientRenewProhibited","clientTransferProhibited","clientUpdateProhibited"
"22","tambienmerezcounvuelo.com","2020-05-10 02:09:03","2020-05-07","2020-05-07","2021-05-07","303","PDR Ltd. d/b/a PublicDomainRegistry.com","whois.publicdomainregistry.com","http://www.publicdomainregistry.com","MariaBolivia Rothe","MariaBolivia Rothe","Serrano 439 12 E","Buenos Aires","Ciudad Autonoma de Buenos Aires","2000","Bolivia","mabolivia@gmail.com","+591.61664210","","MariaBolivia Rothe","MariaBolivia Rothe","Serrano 439 12 E","Buenos Aires","Ciudad Autonoma de Buenos Aires","2000","Bolivia","mabolivia@gmail.com","+591.61664210","","MariaBolivia Rothe","MariaBolivia Rothe","Serrano 439 12 E","Buenos Aires","Ciudad Autonoma de Buenos Aires","2000","Bolivia","mabolivia@gmail.com","+591.61664210","","","","","","","","","","","","ns1.donweb.cl","ns1.donweb.co","ns1.donweb.mx","ns1.donweb.uy","clientTransferProhibited","","",""
"23","theorbitdesign.com","2020-05-10 02:57:40","2020-05-08","2020-05-08","2021-05-08","303","PDR Ltd. d/b/a PublicDomainRegistry.com","whois.publicdomainregistry.com","http://www.publicdomainregistry.com","Diego Salazar Lopez","Orbit design","B/Remanzo C/3 Oeste s/n, Santa Cruz de la Sierra","de la Sierra","Santa Cruz","28422","Bolivia","diegosalazarlopez13@gmail.com","+591.61340971","","Diego Salazar Lopez","Orbit design","B/Remanzo C/3 Oeste s/n, Santa Cruz de la Sierra","de la Sierra","Santa Cruz","28422","Bolivia","diegosalazarlopez13@gmail.com","+591.61340971","","Diego Salazar Lopez","Orbit design","B/Remanzo C/3 Oeste s/n, Santa Cruz de la Sierra","de la Sierra","Santa Cruz","28422","Bolivia","diegosalazarlopez13@gmail.com","+591.61340971","","","","","","","","","","","","ns50.hostgator.mx","ns51.hostgator.mx","","","clientTransferProhibited","","",""
"24","tickiv.com","2020-05-10 05:45:22","2020-05-07","2020-05-07","2021-05-07","146","GoDaddy.com, LLC","whois.godaddy.com","http://registrar.godaddy.com","","","","","Bolivia","","Bolivia","","","","","","","","","","","","","","","","","","","","","","","","","","","","","","","","","","ns51.domaincontrol.com","ns52.domaincontrol.com","","","clientDeleteProhibited","clientRenewProhibited","clientTransferProhibited","clientUpdateProhibited"
"25","ventasonlinebolivia.com","2020-05-10 02:03:55","2020-05-07","2020-05-07","2021-05-07","69","Tucows Domains Inc.","whois.tucows.com","http://domainhelp.opensrs.net","REDACTED FOR PRIVACY","REDACTED FOR PRIVACY","REDACTED FOR PRIVACY","REDACTED FOR PRIVACY","XX","REDACTED FOR PRIVACY","Bolivia","","REDACTED FOR PRIVACY","REDACTED FOR PRIVACY","REDACTED FOR PRIVACY","REDACTED FOR PRIVACY","REDACTED FOR PRIVACY","REDACTED FOR PRIVACY","REDACTED FOR PRIVACY","REDACTED FOR PRIVACY","REDACTED FOR PRIVACY","","REDACTED FOR PRIVACY","REDACTED FOR PRIVACY","REDACTED FOR PRIVACY","REDACTED FOR PRIVACY","REDACTED FOR PRIVACY","REDACTED FOR PRIVACY","REDACTED FOR PRIVACY","REDACTED FOR PRIVACY","REDACTED FOR PRIVACY","","REDACTED FOR PRIVACY","REDACTED FOR PRIVACY","","","","","","","","","","","ns1.giow1036.siteground.us","ns2.giow1036.siteground.us","","","clientTransferProhibited","clientUpdateProhibited","",""
"26","wdigitalbusiness.com","2020-05-10 03:15:40","2020-05-08","2020-05-08","2021-05-08","1443","Vautron Rechenzentrum AG","whois.antagus.de","http://www.vautron.de","","","","","","","Bolivia","a8f4r4vs84@domprivacy.de","","","","","","","","","","a8f4r4vs84@domprivacy.de","","","","","","","","","","a4o7tygxoo@domprivacy.de","","","","","","","","","","","","","ns1.contabo.net","ns2.contabo.net","ns3.contabo.net","","OK","","",""
"27","weuniteinsinging.com","2020-05-10 03:52:24","2020-05-07","2020-05-07","2021-05-07","146","GoDaddy.com, LLC","whois.godaddy.com","http://registrar.godaddy.com","","","","","Oregon","","Bolivia","","","","","","","","","","","","","","","","","","","","","","","","","","","","","","","","","","ns1.bigcommerce.com","ns2.bigcommerce.com","ns3.bigcommerce.com","","clientDeleteProhibited","clientRenewProhibited","clientTransferProhibited","clientUpdateProhibited"
"28","zspacex.com","2020-05-10 02:58:57","2020-05-08","2020-05-08","2021-05-08","379","Arsys Internet, S.L. dba NICLINE.COM","whois.nicline.com","http://www.nicline.com","REDACTED FOR PRIVACY","zspacex","REDACTED FOR PRIVACY","REDACTED FOR PRIVACY","Murillo","REDACTED FOR PRIVACY","Bolivia","whoiscontact@domainconnection.info","REDACTED FOR PRIVACY","REDACTED FOR PRIVACY","REDACTED FOR PRIVACY","REDACTED FOR PRIVACY","REDACTED FOR PRIVACY","REDACTED FOR PRIVACY","REDACTED FOR PRIVACY","REDACTED FOR PRIVACY","REDACTED FOR PRIVACY","whoiscontact@domainconnection.info","REDACTED FOR PRIVACY","REDACTED FOR PRIVACY","REDACTED FOR PRIVACY","REDACTED FOR PRIVACY","REDACTED FOR PRIVACY","REDACTED FOR PRIVACY","REDACTED FOR PRIVACY","REDACTED FOR PRIVACY","REDACTED FOR PRIVACY","whoiscontact@domainconnection.info","REDACTED FOR PRIVACY","REDACTED FOR PRIVACY","","","","","","","","","","","ns1.dns-principal-21.com","ns2.dns-principal-21.com","","","addPeriod","clientTransferProhibited","",""