"num","domain_name","query_time","create_date","update_date","expiry_date","domain_registrar_id","domain_registrar_name","domain_registrar_whois","domain_registrar_url","registrant_name","registrant_company","registrant_address","registrant_city","registrant_state","registrant_zip","registrant_country","registrant_email","registrant_phone","registrant_fax","administrative_name","administrative_company","administrative_address","administrative_city","administrative_state","administrative_zip","administrative_country","administrative_email","administrative_phone","administrative_fax","technical_name","technical_company","technical_address","technical_city","technical_state","technical_zip","technical_country","technical_email","technical_phone","technical_fax","billing_name","billing_company","billing_address","billing_city","billing_state","billing_zip","billing_country","billing_email","billing_phone","billing_fax","name_server_1","name_server_2","name_server_3","name_server_4","domain_status_1","domain_status_2","domain_status_3","domain_status_4"
"1","9sconsulting.com","2020-05-10 05:25:59","2020-05-07","2020-05-07","2021-05-07","146","GoDaddy.com, LLC","whois.godaddy.com","http://registrar.godaddy.com","","","","","San Miguel","","El Salvador","","","","","","","","","","","","","","","","","","","","","","","","","","","","","","","","","","ns03.domaincontrol.com","ns04.domaincontrol.com","","","clientDeleteProhibited","clientRenewProhibited","clientTransferProhibited","clientUpdateProhibited"
"2","almacenesportillo.com","2020-05-10 05:07:31","2020-05-07","2020-05-07","2021-05-07","146","GoDaddy.com, LLC","whois.godaddy.com","http://registrar.godaddy.com","HyN Media","HyN Media","","","San Salvador","","El Salvador","","","","","","","","","","","","","","","","","","","","","","","","","","","","","","","","","","ns65.domaincontrol.com","ns66.domaincontrol.com","","","clientDeleteProhibited","clientRenewProhibited","clientTransferProhibited","clientUpdateProhibited"
"3","arpotienda.com","2020-05-10 06:17:54","2020-05-08","2020-05-08","2021-05-08","303","PDR Ltd. d/b/a PublicDomainRegistry.com","whois.publicdomainregistry.com","http://www.publicdomainregistry.com","Inaya Smith","Omar Pineda","dik, dik","dik","kp","1101","El Salvador","omar.pineda.d@gmail.com","+503.77005019","","Inaya Smith","Omar Pineda","dik, dik","dik","kp","1101","El Salvador","omar.pineda.d@gmail.com","+503.77005019","","Inaya Smith","Omar Pineda","dik, dik","dik","kp","1101","El Salvador","omar.pineda.d@gmail.com","+503.77005019","","","","","","","","","","","","ns1.dns-parking.com","ns2.dns-parking.com","","","clientTransferProhibited","","",""
"4","barisubakery.com","2020-05-10 04:30:52","2020-05-08","2020-05-08","2021-05-08","146","GoDaddy.com, LLC","whois.godaddy.com","http://registrar.godaddy.com","","","","","Sonsonate","","El Salvador","","","","","","","","","","","","","","","","","","","","","","","","","","","","","","","","","","ns51.domaincontrol.com","ns52.domaincontrol.com","","","clientDeleteProhibited","clientRenewProhibited","clientTransferProhibited","clientUpdateProhibited"
"5","biomedicentroamerica.com","2020-05-10 05:42:32","2020-05-07","2020-05-07","2021-05-07","146","GoDaddy.com, LLC","whois.godaddy.com","http://registrar.godaddy.com","Biomedic Centroamerica","Biomedic Centroamerica","","","La Libertad","","El Salvador","","","","","","","","","","","","","","","","","","","","","","","","","","","","","","","","","","ns33.domaincontrol.com","ns34.domaincontrol.com","","","clientDeleteProhibited","clientRenewProhibited","clientTransferProhibited","clientUpdateProhibited"
"6","bluelightsv.com","2020-05-10 05:44:30","2020-05-07","2020-05-07","2021-05-07","955","Launchpad, Inc.","whois.launchpad.com","http://www.launchpad.com","Ricardo Paredes","None","av ateos 48 c","san salvador","SS","2501","El Salvador","ricardo@upmake.com","+503.78593082","","Ricardo Paredes","None","av ateos 48 c","san salvador","SS","2501","El Salvador","ricardo@upmake.com","+503.78593082","","Ricardo Paredes","None","av ateos 48 c","san salvador","SS","2501","El Salvador","ricardo@upmake.com","+503.78593082","","","","","","","","","","","","ns8279.hostgator.com","ns8280.hostgator.com","","","clientTransferProhibited","","",""
"7","bobappsv.com","2020-05-10 05:25:52","2020-05-07","2020-05-07","2021-05-07","146","GoDaddy.com, LLC","whois.godaddy.com","http://registrar.godaddy.com","","","","","San Salvador","","El Salvador","","","","","","","","","","","","","","","","","","","","","","","","","","","","","","","","","","ns10.wixdns.net","ns11.wixdns.net","","","clientDeleteProhibited","clientRenewProhibited","clientTransferProhibited","clientUpdateProhibited"
"8","cardiologiadeportiva.com","2020-05-10 05:02:28","2020-05-08","","2021-05-08","1068","NameCheap, Inc.","whois.namecheap.com","http://www.namecheap.com","Jose Silva","elmarketero","Barrio santo domingo pasaje candelaria casa 3","santa ana","santa ana","","El Salvador","elmarketerodigital2019@gmail.com","+1.61252946","","Jose Silva","elmarketero","Barrio santo domingo pasaje candelaria casa 3","santa ana","santa ana","","El Salvador","elmarketerodigital2019@gmail.com","+1.61252946","","Jose Silva","elmarketero","Barrio santo domingo pasaje candelaria casa 3","santa ana","santa ana","","El Salvador","elmarketerodigital2019@gmail.com","+1.61252946","","","","","","","","","","","","dns1.registrar-servers.com","dns2.registrar-servers.com","","","addPeriod","clientTransferProhibited","",""
"9","centralbimsv.com","2020-05-10 05:13:23","2020-05-07","2020-05-07","2022-05-07","146","GoDaddy.com, LLC","whois.godaddy.com","http://registrar.godaddy.com","CENTRAL BIM","CENTRAL BIM","","","San Salvador","","El Salvador","","","","","","","","","","","","","","","","","","","","","","","","","","","","","","","","","","ns51.domaincontrol.com","ns52.domaincontrol.com","","","clientDeleteProhibited","clientRenewProhibited","clientTransferProhibited","clientUpdateProhibited"
"10","claperd.com","2020-05-10 04:58:46","2020-05-08","2020-05-08","2021-05-08","955","Launchpad, Inc.","whois.launchpad.com","http://www.launchpad.com","Fernando Loza","None","Res. Miraflores Plazuela las Bugambillias 1","Merliot","LI","2501","El Salvador","fernando.lozaserpas@gmail.com","+503.78269485","","Fernando Loza","None","Res. Miraflores Plazuela las Bugambillias 1","Merliot","LI","2501","El Salvador","fernando.lozaserpas@gmail.com","+503.78269485","","Fernando Loza","None","Res. Miraflores Plazuela las Bugambillias 1","Merliot","LI","2501","El Salvador","fernando.lozaserpas@gmail.com","+503.78269485","","","","","","","","","","","","ns6283.hostgator.com","ns6284.hostgator.com","","","clientTransferProhibited","","",""
"11","cleanshoesonline.com","2020-05-10 05:06:47","2020-05-08","2020-05-08","2023-05-08","146","GoDaddy.com, LLC","whois.godaddy.com","http://registrar.godaddy.com","Clean Shoes","Clean Shoes","","","La Libertad","","El Salvador","","","","","","","","","","","","","","","","","","","","","","","","","","","","","","","","","","ns65.domaincontrol.com","ns66.domaincontrol.com","","","clientDeleteProhibited","clientRenewProhibited","clientTransferProhibited","clientUpdateProhibited"
"12","dalaxacademy.com","2020-05-10 05:06:38","2020-05-08","2020-05-08","2021-05-08","1383","Soluciones Corporativas IP, SLU","whois.scip.es","http://www.dondominio.com","REDACTED FOR PRIVACY","","REDACTED FOR PRIVACY","REDACTED FOR PRIVACY","san salvador","REDACTED FOR PRIVACY","El Salvador","","REDACTED FOR PRIVACY","REDACTED FOR PRIVACY","REDACTED FOR PRIVACY","REDACTED FOR PRIVACY","REDACTED FOR PRIVACY","REDACTED FOR PRIVACY","REDACTED FOR PRIVACY","REDACTED FOR PRIVACY","REDACTED FOR PRIVACY","","REDACTED FOR PRIVACY","REDACTED FOR PRIVACY","REDACTED FOR PRIVACY","REDACTED FOR PRIVACY","REDACTED FOR PRIVACY","REDACTED FOR PRIVACY","REDACTED FOR PRIVACY","REDACTED FOR PRIVACY","REDACTED FOR PRIVACY","","REDACTED FOR PRIVACY","REDACTED FOR PRIVACY","","","","","","","","","","","ns1561.webempresa.eu","ns1562.webempresa.eu","","","OK","","",""
"13","delta-sistemas.com","2020-05-10 05:05:18","2020-05-08","2020-05-08","2021-05-08","1472","LiquidNet Ltd.","whois.liquidnetlimited.com","http://www.liquidnetlimited.com","REDACTED FOR PRIVACY","REDACTED FOR PRIVACY","REDACTED FOR PRIVACY","REDACTED FOR PRIVACY","El salvador","REDACTED FOR PRIVACY","El Salvador","","REDACTED FOR PRIVACY","REDACTED FOR PRIVACY","REDACTED FOR PRIVACY","REDACTED FOR PRIVACY","REDACTED FOR PRIVACY","REDACTED FOR PRIVACY","REDACTED FOR PRIVACY","REDACTED FOR PRIVACY","REDACTED FOR PRIVACY","","REDACTED FOR PRIVACY","REDACTED FOR PRIVACY","REDACTED FOR PRIVACY","REDACTED FOR PRIVACY","REDACTED FOR PRIVACY","REDACTED FOR PRIVACY","REDACTED FOR PRIVACY","REDACTED FOR PRIVACY","REDACTED FOR PRIVACY","","REDACTED FOR PRIVACY","REDACTED FOR PRIVACY","","","","","","","","","","","ns1.supremecenterhost.com","ns2.supremecenterhost.com","ns3.supremecenterhost.com","ns4.supremecenterhost.com","clientTransferProhibited","","",""
"14","instalexsv.com","2020-05-10 05:49:14","2020-05-07","2020-05-07","2021-05-07","146","GoDaddy.com, LLC","whois.godaddy.com","http://registrar.godaddy.com","Dinamica Industrial","Dinamica Industrial","","","San Salvador","","El Salvador","","","","","","","","","","","","","","","","","","","","","","","","","","","","","","","","","","ns33.domaincontrol.com","ns34.domaincontrol.com","","","clientDeleteProhibited","clientRenewProhibited","clientTransferProhibited","clientUpdateProhibited"
"15","inversionesvasall.com","2020-05-10 02:22:32","2020-05-07","2020-05-07","2021-05-07","955","Launchpad, Inc.","whois.launchpad.com","http://www.launchpad.com","Allen Vasquez","None","Lomas de versalles","San Salvador","SS","1101","El Salvador","allenvasquez750@gmail.com","+503.71662920","","Allen Vasquez","None","Lomas de versalles","San Salvador","SS","1101","El Salvador","allenvasquez750@gmail.com","+503.71662920","","Allen Vasquez","None","Lomas de versalles","San Salvador","SS","1101","El Salvador","allenvasquez750@gmail.com","+503.71662920","","","","","","","","","","","","ns6279.hostgator.com","ns6280.hostgator.com","","","clientTransferProhibited","","",""
"16","loticredit.com","2020-05-10 03:52:27","2020-05-07","2020-05-07","2021-05-07","1483","Neubox Internet S.A. de C.V.","whois.nic.mx","http://www.neubox.com","Isaac Martinez","web master","san salvador El Pastor","Apopa","San Salvador","3293","El Salvador","hisaaksmartinez@gmail.com","+503.7883308533","","Isaac Martinez","web master","san salvador El Pastor","Apopa","San Salvador","3293","El Salvador","hisaaksmartinez@gmail.com","+503.7883308533","","Isaac Martinez","web master","san salvador El Pastor","Apopa","San Salvador","3293","El Salvador","hisaaksmartinez@gmail.com","+503.7883308533","","","","","","","","","","","","ns143.neubox.net","ns144.neubox.net","ns245.neubox.net","","clientTransferProhibited","","",""
"17","megaentrenamiento.com","2020-05-10 04:22:41","2020-05-08","2020-05-08","2021-05-08","146","GoDaddy.com, LLC","whois.godaddy.com","http://registrar.godaddy.com","MegaEntrenamiento","MegaEntrenamiento","","","Departamento de San Salvador","","El Salvador","","","","","","","","","","","","","","","","","","","","","","","","","","","","","","","","","","ns57.domaincontrol.com","ns58.domaincontrol.com","","","clientDeleteProhibited","clientRenewProhibited","clientTransferProhibited","clientUpdateProhibited"
"18","motivasv.com","2020-05-10 02:22:29","2020-05-07","2020-05-07","2021-05-07","955","Launchpad, Inc.","whois.launchpad.com","http://www.launchpad.com","Juan Perez","None","Avenida Melvin Jones 3-4","San Salvador","SS","2501","El Salvador","monomono.sv@gmail.com","+503.79597959","","Juan Perez","None","Avenida Melvin Jones 3-4","San Salvador","SS","2501","El Salvador","monomono.sv@gmail.com","+503.79597959","","Juan Perez","None","Avenida Melvin Jones 3-4","San Salvador","SS","2501","El Salvador","monomono.sv@gmail.com","+503.79597959","","","","","","","","","","","","ns6279.hostgator.com","ns6280.hostgator.com","","","clientTransferProhibited","","",""
"19","ourglobalenglish.com","2020-05-10 05:35:05","2020-05-07","2020-05-07","2021-05-07","146","GoDaddy.com, LLC","whois.godaddy.com","http://registrar.godaddy.com","","","","","La libertad","","El Salvador","","","","","","","","","","","","","","","","","","","","","","","","","","","","","","","","","","ns03.domaincontrol.com","ns04.domaincontrol.com","","","clientDeleteProhibited","clientRenewProhibited","clientTransferProhibited","clientUpdateProhibited"
"20","pupuxeria.com","2020-05-10 04:29:22","2020-05-08","2020-05-08","2021-05-08","146","GoDaddy.com, LLC","whois.godaddy.com","http://registrar.godaddy.com","N3rdSn0w","N3rdSn0w","","","La Libertad","","El Salvador","","","","","","","","","","","","","","","","","","","","","","","","","","","","","","","","","","ns65.domaincontrol.com","ns66.domaincontrol.com","","","clientDeleteProhibited","clientRenewProhibited","clientTransferProhibited","clientUpdateProhibited"
"21","sabagrill.com","2020-05-10 04:37:11","2020-05-08","2020-05-08","2021-05-08","146","GoDaddy.com, LLC","whois.godaddy.com","http://registrar.godaddy.com","Sabagrill","Sabagrill","","","Antiguo Cuscatlan","","El Salvador","","","","","","","","","","","","","","","","","","","","","","","","","","","","","","","","","","ns65.domaincontrol.com","ns66.domaincontrol.com","","","clientDeleteProhibited","clientRenewProhibited","clientTransferProhibited","clientUpdateProhibited"
"22","solutecsv.com","2020-05-10 05:17:49","2020-05-07","2020-05-07","2021-05-07","1472","LiquidNet Ltd.","whois.liquidnetlimited.com","http://www.liquidnetlimited.com","REDACTED FOR PRIVACY","REDACTED FOR PRIVACY","REDACTED FOR PRIVACY","REDACTED FOR PRIVACY","Santa Ana","REDACTED FOR PRIVACY","El Salvador","","REDACTED FOR PRIVACY","REDACTED FOR PRIVACY","REDACTED FOR PRIVACY","REDACTED FOR PRIVACY","REDACTED FOR PRIVACY","REDACTED FOR PRIVACY","REDACTED FOR PRIVACY","REDACTED FOR PRIVACY","REDACTED FOR PRIVACY","","REDACTED FOR PRIVACY","REDACTED FOR PRIVACY","REDACTED FOR PRIVACY","REDACTED FOR PRIVACY","REDACTED FOR PRIVACY","REDACTED FOR PRIVACY","REDACTED FOR PRIVACY","REDACTED FOR PRIVACY","REDACTED FOR PRIVACY","","REDACTED FOR PRIVACY","REDACTED FOR PRIVACY","","","","","","","","","","","ns1.exclusivehosting.net","ns2.exclusivehosting.net","ns3.exclusivehosting.net","ns4.exclusivehosting.net","clientTransferProhibited","","",""
"23","texasmw.com","2020-05-10 05:13:00","2020-05-07","2020-05-07","2021-05-07","146","GoDaddy.com, LLC","whois.godaddy.com","http://registrar.godaddy.com","","","","","La libertad","","El Salvador","","","","","","","","","","","","","","","","","","","","","","","","","","","","","","","","","","ns1.mediatemple.net","ns2.mediatemple.net","","","clientDeleteProhibited","clientRenewProhibited","clientTransferProhibited","clientUpdateProhibited"
"24","tiendapepas.com","2020-05-10 02:11:56","2020-05-08","2020-05-08","2021-05-08","146","GoDaddy.com, LLC","whois.godaddy.com","http://registrar.godaddy.com","PEPA'S","PEPA'S","","","LA LIBERTAD","","El Salvador","","","","","","","","","","","","","","","","","","","","","","","","","","","","","","","","","","ns51.domaincontrol.com","ns52.domaincontrol.com","","","clientDeleteProhibited","clientRenewProhibited","clientTransferProhibited","clientUpdateProhibited"
"25","unasistente.com","2020-05-10 02:20:34","2020-05-08","2020-05-08","2021-05-08","146","GoDaddy.com, LLC","whois.godaddy.com","http://registrar.godaddy.com","","","","","LL","","El Salvador","","","","","","","","","","","","","","","","","","","","","","","","","","","","","","","","","","ns65.domaincontrol.com","ns66.domaincontrol.com","","","clientDeleteProhibited","clientRenewProhibited","clientTransferProhibited","clientUpdateProhibited"
"26","yamivasquez.com","2020-05-10 06:11:01","2020-05-07","2020-05-07","2021-05-07","146","GoDaddy.com, LLC","whois.godaddy.com","http://registrar.godaddy.com","","","","","San Salvador","","El Salvador","","","","","","","","","","","","","","","","","","","","","","","","","","","","","","","","","","ns51.domaincontrol.com","ns52.domaincontrol.com","","","clientDeleteProhibited","clientRenewProhibited","clientTransferProhibited","clientUpdateProhibited"