"num","domain_name","query_time","create_date","update_date","expiry_date","domain_registrar_id","domain_registrar_name","domain_registrar_whois","domain_registrar_url","registrant_name","registrant_company","registrant_address","registrant_city","registrant_state","registrant_zip","registrant_country","registrant_email","registrant_phone","registrant_fax","administrative_name","administrative_company","administrative_address","administrative_city","administrative_state","administrative_zip","administrative_country","administrative_email","administrative_phone","administrative_fax","technical_name","technical_company","technical_address","technical_city","technical_state","technical_zip","technical_country","technical_email","technical_phone","technical_fax","billing_name","billing_company","billing_address","billing_city","billing_state","billing_zip","billing_country","billing_email","billing_phone","billing_fax","name_server_1","name_server_2","name_server_3","name_server_4","domain_status_1","domain_status_2","domain_status_3","domain_status_4"
"1","africabusinessfestival.com","2020-05-10 02:57:34","2020-05-08","2020-05-08","2021-05-08","146","GoDaddy.com, LLC","whois.godaddy.com","http://registrar.godaddy.com","ScaleUp Africa","ScaleUp Africa","","","Accra","","Ghana","","","","","","","","","","","","","","","","","","","","","","","","","","","","","","","","","","ns33.domaincontrol.com","ns34.domaincontrol.com","","","clientDeleteProhibited","clientRenewProhibited","clientTransferProhibited","clientUpdateProhibited"
"2","afrosurge.com","2020-05-10 03:30:55","2020-05-08","2020-05-08","2021-05-08","146","GoDaddy.com, LLC","whois.godaddy.com","http://registrar.godaddy.com","","","","","Greater Accra","","Ghana","","","","","","","","","","","","","","","","","","","","","","","","","","","","","","","","","","ns33.domaincontrol.com","ns34.domaincontrol.com","","","clientDeleteProhibited","clientRenewProhibited","clientTransferProhibited","clientUpdateProhibited"
"3","amalenawarehouse.com","2020-05-10 03:55:03","2020-05-07","2020-05-07","2021-05-07","1005","NetEarth One Inc. d/b/a NetEarth","whois.advancedregistrar.com","http://www.netearthone.com","john","yankey","105 KpaKapFio Road, New Gbawe","Accra","Greater Accra","00234","Ghana","yankeyj@yahoo.com","+233.244293716","","john","yankey","105 KpaKapFio Road, New Gbawe","Accra","Greater Accra","00234","Ghana","yankeyj@yahoo.com","+233.244293716","","john","yankey","105 KpaKapFio Road, New Gbawe","Accra","Greater Accra","00234","Ghana","yankeyj@yahoo.com","+233.244293716","","","","","","","","","","","","ns1.ghanawebhosting.com","ns2.ghanawebhosting.com","","","clientTransferProhibited","","",""
"4","amandaclintonglobalministries.com","2020-05-10 02:12:13","2020-05-07","2020-05-07","2021-05-07","303","PDR Ltd. d/b/a PublicDomainRegistry.com","whois.publicdomainregistry.com","http://www.publicdomainregistry.com","Amanda Clinton Clinton","Amanda Clinton Global","8 Heming Road","Edgware","London","HA8 9AE","Ghana","amandamclinton@gmail.com","+233.272522695","","Amanda Clinton Clinton","Amanda Clinton Global","8 Heming Road","Edgware","London","HA8 9AE","Ghana","amandamclinton@gmail.com","+233.272522695","","Amanda Clinton Clinton","Amanda Clinton Global","8 Heming Road","Edgware","London","HA8 9AE","Ghana","amandamclinton@gmail.com","+233.272522695","","","","","","","","","","","","ns1.dns-parking.com","ns2.dns-parking.com","","","clientTransferProhibited","","",""
"5","amberandfire.com","2020-05-10 06:22:44","2020-05-08","2020-05-08","2021-05-08","303","PDR Ltd. d/b/a PublicDomainRegistry.com","whois.publicdomainregistry.com","http://www.publicdomainregistry.com","Nana Kwame Akwasi-Kumah","RiCon Creatives","VHC H05","Tema","GR","0000","Ghana","andreakumah@gmail.com","+233.262300092","","Nana Kwame Akwasi-Kumah","RiCon Creatives","VHC H05","Tema","GR","0000","Ghana","andreakumah@gmail.com","+233.262300092","","Nana Kwame Akwasi-Kumah","RiCon Creatives","VHC H05","Tema","GR","0000","Ghana","andreakumah@gmail.com","+233.262300092","","","","","","","","","","","","ns1.ultrahostghana.com","ns101.ultrahostghana.com","ns102.ultrahostghana.com","ns2.ultrahostghana.com","clientTransferProhibited","","",""
"6","applcloudservices.com","2020-05-10 02:52:38","2020-05-08","2020-05-08","2021-05-08","303","PDR Ltd. d/b/a PublicDomainRegistry.com","whois.publicdomainregistry.com","http://www.publicdomainregistry.com","Anthony Mane","","91 Mahogany St","Accra","Greater Accra","00233","Ghana","richoco10@yahoo.com","+233.0570281128","","Anthony Mane","","91 Mahogany St","Accra","Greater Accra","00233","Ghana","richoco10@yahoo.com","+233.0570281128","","Anthony Mane","","91 Mahogany St","Accra","Greater Accra","00233","Ghana","richoco10@yahoo.com","+233.0570281128","","","","","","","","","","","","ns3.monovm.com","ns4.monovm.com","","","clientTransferProhibited","","",""
"7","avilashelter.com","2020-05-10 05:37:10","2020-05-07","2020-05-07","2021-05-07","625","Name.com, Inc.","whois.name.com","http://www.name.com","Samuel Opoku","","P. O. Box. 4410 Accra Main.","Accra","Greater Accra","0233","Ghana","afrikaimagemagazine@gmail.com","+233.240835358","","Samuel Opoku","","P. O. Box. 4410 Accra Main.","Accra","Greater Accra","0233","Ghana","afrikaimagemagazine@gmail.com","+233.240835358","","Samuel Opoku","","P. O. Box. 4410 Accra Main.","Accra","Greater Accra","0233","Ghana","afrikaimagemagazine@gmail.com","+233.240835358","","","","","","","","","","","","dns2026a.trouble-free.net","dns2026b.trouble-free.net","","","addPeriod","clientTransferProhibited","",""
"8","bestprivateflights.com","2020-05-10 05:58:11","2020-05-07","2020-05-07","2021-05-07","146","GoDaddy.com, LLC","whois.godaddy.com","http://registrar.godaddy.com","","","","","Greater Accra Region","","Ghana","","","","","","","","","","","","","","","","","","","","","","","","","","","","","","","","","","ns1.dreamhost.com","ns2.dreamhost.com","ns3.dreamhost.com","","OK","","",""
"9","cashtoshare.com","2020-05-10 02:56:27","2020-05-08","2020-05-08","2021-05-08","1630","Ligne Web Services SARL","whois.nic.fr","http://www.ait.com","","","","","","","Ghana","afeab538122280f2ec4bfe13c468f47d@whois-anonymous.com","","","","","","","","","Ghana","afeab538122280f2ec4bfe13c468f47d@whois-anonymous.com","","","","","","","","","Ghana","afeab538122280f2ec4bfe13c468f47d@whois-anonymous.com","","","","","","","","","Ghana","afeab538122280f2ec4bfe13c468f47d@whois-anonymous.com","","","","","","","More","clientTransferProhibited","informations","on"
"10","diechestetterlaw.com","2020-05-10 05:42:01","2020-05-07","2020-05-07","2021-05-07","303","PDR Ltd. d/b/a PublicDomainRegistry.com","whois.publicdomainregistry.com","http://www.publicdomainregistry.com","Theophilus Botchway","iT World Innovate","B420/17 Batafo Street","Accra","Greater Accra","00233","Ghana","itworldinnovate@gmail.com","+233.545384910","","Theophilus Botchway","iT World Innovate","B420/17 Batafo Street","Accra","Greater Accra","00233","Ghana","itworldinnovate@gmail.com","+233.545384910","","Theophilus Botchway","iT World Innovate","B420/17 Batafo Street","Accra","Greater Accra","00233","Ghana","itworldinnovate@gmail.com","+233.545384910","","","","","","","","","","","","dns1.namecheaphosting.com","dns2.namecheaphosting.com","","","clientTransferProhibited","","",""
"11","drecleanservices.com","2020-05-10 03:24:54","2020-05-08","2020-05-08","2021-05-08","664","Web4Africa Inc","whois.web4africa.net","http://www.web4africa.net","HANSCODES INC","HANSCODES","Accra","Accra","Greater Accra","233","Ghana","hkdhkd43@gmail.com","+233.547670593","","HANSCODES INC","HANSCODES","Accra","Accra","Greater Accra","233","Ghana","hkdhkd43@gmail.com","+233.547670593","","HANSCODES INC","HANSCODES","Accra","Accra","Greater Accra","233","Ghana","hkdhkd43@gmail.com","+233.547670593","","","","","","","","","","","","ns1.web4africa.com","ns2.web4africa.com","ns3.web4africa.com","ns4.web4africa.com","clientTransferProhibited","","",""
"12","evergrowgh.com","2020-05-10 03:40:50","2020-05-07","2020-05-07","2021-05-07","303","PDR Ltd. d/b/a PublicDomainRegistry.com","whois.publicdomainregistry.com","http://www.publicdomainregistry.com","Orychard Group","","Accra Ghana","Accra","Greater Accra","","Ghana","orychard07@gmail.com","+233.0244915213","","Orychard Group","","Accra Ghana","Accra","Greater Accra","","Ghana","orychard07@gmail.com","+233.0244915213","","Orychard Group","","Accra Ghana","Accra","Greater Accra","","Ghana","orychard07@gmail.com","+233.0244915213","","","","","","","","","","","","ns1.ultrahostghana.com","ns101.ultrahostghana.com","ns102.ultrahostghana.com","ns2.ultrahostghana.com","clientTransferProhibited","","",""
"13","exinshoponline.com","2020-05-10 04:29:20","2020-05-08","2020-05-08","2021-05-08","625","Name.com, Inc.","whois.name.com","http://www.name.com","Exin Technologies","Exin Technologies","2015 Atswei Street , Adenta West","Accra","Accra","GM042","Ghana","support@exintech.com","+233.550009934","","Exin Technologies","Exin Technologies","2015 Atswei Street , Adenta West","Accra","Accra","GM042","Ghana","support@exintech.com","+233.550009934","","Exin Technologies","Exin Technologies","2015 Atswei Street , Adenta West","Accra","Accra","GM042","Ghana","support@exintech.com","+233.550009934","","","","","","","","","","","","ns1dhq.name.com","ns2bkr.name.com","ns3ckl.name.com","ns4sxy.name.com","addPeriod","clientTransferProhibited","",""
"14","gaboathostel.com","2020-05-10 04:00:24","2020-05-08","2020-05-08","2021-05-08","303","PDR Ltd. d/b/a PublicDomainRegistry.com","whois.publicdomainregistry.com","http://www.publicdomainregistry.com","Ghana City","Vibtech Ghana","Parliament House of Ghana","Accra","Ghana","00233","Ghana","ghanacity57@gmail.com","+54.2650960","","Ghana City","Vibtech Ghana","Parliament House of Ghana","Accra","Ghana","00233","Ghana","ghanacity57@gmail.com","+54.2650960","","Ghana City","Vibtech Ghana","Parliament House of Ghana","Accra","Ghana","00233","Ghana","ghanacity57@gmail.com","+54.2650960","","","","","","","","","","","","ns1.ultrahostghana.com","ns101.ultrahostghana.com","ns102.ultrahostghana.com","ns2.ultrahostghana.com","clientTransferProhibited","","",""
"15","gbekornation.com","2020-05-10 02:21:00","2020-05-08","2020-05-08","2021-05-08","303","PDR Ltd. d/b/a PublicDomainRegistry.com","whois.publicdomainregistry.com","http://www.publicdomainregistry.com","Collins  Amihere","Mega Bandex MultiMedia","AB/259 AB/256","Accra","Western Region","0233","Ghana","collinsamihere99@gmail.com","+233.543488734","","Collins  Amihere","Mega Bandex MultiMedia","AB/259 AB/256","Accra","Western Region","0233","Ghana","collinsamihere99@gmail.com","+233.543488734","","Collins  Amihere","Mega Bandex MultiMedia","AB/259 AB/256","Accra","Western Region","0233","Ghana","collinsamihere99@gmail.com","+233.543488734","","","","","","","","","","","","ns5.stormerhost.com","ns6.stormerhost.com","ns7.stormerhost.com","ns8.stormerhost.com","clientTransferProhibited","","",""
"16","goldentrustsecurity.com","2020-05-10 03:31:03","2020-05-08","2020-05-09","2021-05-08","69","Tucows Domains Inc.","whois.tucows.com","http://domainhelp.opensrs.net","REDACTED FOR PRIVACY","REDACTED FOR PRIVACY","REDACTED FOR PRIVACY","REDACTED FOR PRIVACY","Accra","REDACTED FOR PRIVACY","Ghana","","REDACTED FOR PRIVACY","REDACTED FOR PRIVACY","REDACTED FOR PRIVACY","REDACTED FOR PRIVACY","REDACTED FOR PRIVACY","REDACTED FOR PRIVACY","REDACTED FOR PRIVACY","REDACTED FOR PRIVACY","REDACTED FOR PRIVACY","","REDACTED FOR PRIVACY","REDACTED FOR PRIVACY","REDACTED FOR PRIVACY","REDACTED FOR PRIVACY","REDACTED FOR PRIVACY","REDACTED FOR PRIVACY","REDACTED FOR PRIVACY","REDACTED FOR PRIVACY","REDACTED FOR PRIVACY","","REDACTED FOR PRIVACY","REDACTED FOR PRIVACY","","","","","","","","","","","dns2037a.trouble-free.net","dns2037b.trouble-free.net","","","","","",""
"17","gov-bog.com","2020-05-10 05:13:09","2020-05-07","2020-05-07","2021-05-07","1741","Shinjiru MSC Sdn Bhd","whois.ilovewww.com","http://www.ilovewww.com","Martin Odoi","","5th Homowo Street","Accra","Greater Accra","223","Ghana","acticinl@gmail.com","+233.23324533456","","Martin Odoi","","5th Homowo Street","Accra","Greater Accra","223","Ghana","acticinl@gmail.com","+233.23324533456","","Martin Odoi","","5th Homowo Street","Accra","Greater Accra","223","Ghana","acticinl@gmail.com","+233.23324533456","","","","","","","","","","","","anuj.ns.cloudflare.com","jamie.ns.cloudflare.com","","","clientTransferProhibited","","",""
"18","halfadam.com","2020-05-10 06:27:16","2020-05-08","2020-05-08","2021-05-08","303","PDR Ltd. d/b/a PublicDomainRegistry.com","whois.publicdomainregistry.com","http://www.publicdomainregistry.com","Emmanuel Sunu","Emmanuel Sunu","Gbawe Plot number 241","Accra","Greater Accra","23321","Ghana","emmanuelsunu@ymail.com","+233.571457551","","Emmanuel Sunu","Emmanuel Sunu","Gbawe Plot number 241","Accra","Greater Accra","23321","Ghana","emmanuelsunu@ymail.com","+233.571457551","","Emmanuel Sunu","Emmanuel Sunu","Gbawe Plot number 241","Accra","Greater Accra","23321","Ghana","emmanuelsunu@ymail.com","+233.571457551","","","","","","","","","","","","ns1.dns-parking.com","ns2.dns-parking.com","","","clientTransferProhibited","","",""
"19","healthfirstconsultgh.com","2020-05-10 02:24:44","2020-05-08","2020-05-08","2021-05-08","664","Web4Africa Inc","whois.web4africa.net","http://www.web4africa.net","HANSCODES INC","HANSCODES","Accra","Accra","Greater Accra","233","Ghana","hkdhkd43@gmail.com","+233.547670593","","HANSCODES INC","HANSCODES","Accra","Accra","Greater Accra","233","Ghana","hkdhkd43@gmail.com","+233.547670593","","HANSCODES INC","HANSCODES","Accra","Accra","Greater Accra","233","Ghana","hkdhkd43@gmail.com","+233.547670593","","","","","","","","","","","","ns1.web4africa.com","ns2.web4africa.com","ns3.web4africa.com","ns4.web4africa.com","clientTransferProhibited","","",""
"20","huntingtoninvest.com","2020-05-10 05:48:50","2020-05-07","2020-05-07","2021-05-07","303","PDR Ltd. d/b/a PublicDomainRegistry.com","whois.publicdomainregistry.com","http://www.publicdomainregistry.com","martin jennings","","112 0ff ghed madina","accra","accra","00233","Ghana","martinjennings940@gmail.com","+233.268781254","","martin jennings","","112 0ff ghed madina","accra","accra","00233","Ghana","martinjennings940@gmail.com","+233.268781254","","martin jennings","","112 0ff ghed madina","accra","accra","00233","Ghana","martinjennings940@gmail.com","+233.268781254","","","","","","","","","","","","ns3.stormerhost.com","ns4.stormerhost.com","","","clientTransferProhibited","","",""
"21","inbould.com","2020-05-10 04:21:47","2020-05-08","2020-05-08","2021-05-08","69","Tucows Domains Inc.","whois.tucows.com","http://domainhelp.opensrs.net","REDACTED FOR PRIVACY","REDACTED FOR PRIVACY","REDACTED FOR PRIVACY","REDACTED FOR PRIVACY","XX","REDACTED FOR PRIVACY","Ghana","","REDACTED FOR PRIVACY","REDACTED FOR PRIVACY","REDACTED FOR PRIVACY","REDACTED FOR PRIVACY","REDACTED FOR PRIVACY","REDACTED FOR PRIVACY","REDACTED FOR PRIVACY","REDACTED FOR PRIVACY","REDACTED FOR PRIVACY","","REDACTED FOR PRIVACY","REDACTED FOR PRIVACY","REDACTED FOR PRIVACY","REDACTED FOR PRIVACY","REDACTED FOR PRIVACY","REDACTED FOR PRIVACY","REDACTED FOR PRIVACY","REDACTED FOR PRIVACY","REDACTED FOR PRIVACY","","REDACTED FOR PRIVACY","REDACTED FOR PRIVACY","","","","","","","","","","","ns1.giow1052.siteground.us","ns2.giow1052.siteground.us","","","clientTransferProhibited","clientUpdateProhibited","",""
"22","kentelearning.com","2020-05-10 06:29:14","2020-05-08","2020-05-08","2021-05-08","146","GoDaddy.com, LLC","whois.godaddy.com","http://registrar.godaddy.com","","","","","Accra","","Ghana","","","","","","","","","","","","","","","","","","","","","","","","","","","","","","","","","","ns51.domaincontrol.com","ns52.domaincontrol.com","","","clientDeleteProhibited","clientRenewProhibited","clientTransferProhibited","clientUpdateProhibited"
"23","khlerinsurance.com","2020-05-10 03:20:50","2020-05-08","2020-05-08","2021-05-08","303","PDR Ltd. d/b/a PublicDomainRegistry.com","whois.publicdomainregistry.com","http://www.publicdomainregistry.com","Kevin   Kwame Ayissi","Policy Insurance Ltd.","Achimota Accra","Accra","Achimota Accra","00233","Ghana","khlerinsure@gmail.com","+233.271226674","","Kevin   Kwame Ayissi","Policy Insurance Ltd.","Achimota Accra","Accra","Achimota Accra","00233","Ghana","khlerinsure@gmail.com","+233.271226674","","Kevin   Kwame Ayissi","Policy Insurance Ltd.","Achimota Accra","Accra","Achimota Accra","00233","Ghana","khlerinsure@gmail.com","+233.271226674","","","","","","","","","","","","ns3.stormerhost.com","ns4.stormerhost.com","","","clientTransferProhibited","","",""
"24","kodearmy.com","2020-05-10 04:27:18","2020-05-08","2020-05-08","2021-05-08","1472","LiquidNet Ltd.","whois.liquidnetlimited.com","http://www.liquidnetlimited.com","REDACTED FOR PRIVACY","REDACTED FOR PRIVACY","REDACTED FOR PRIVACY","REDACTED FOR PRIVACY","Greater Accra","REDACTED FOR PRIVACY","Ghana","","REDACTED FOR PRIVACY","REDACTED FOR PRIVACY","REDACTED FOR PRIVACY","REDACTED FOR PRIVACY","REDACTED FOR PRIVACY","REDACTED FOR PRIVACY","REDACTED FOR PRIVACY","REDACTED FOR PRIVACY","REDACTED FOR PRIVACY","","REDACTED FOR PRIVACY","REDACTED FOR PRIVACY","REDACTED FOR PRIVACY","REDACTED FOR PRIVACY","REDACTED FOR PRIVACY","REDACTED FOR PRIVACY","REDACTED FOR PRIVACY","REDACTED FOR PRIVACY","REDACTED FOR PRIVACY","","REDACTED FOR PRIVACY","REDACTED FOR PRIVACY","","","","","","","","","","","dns1.freehostia.com","dns2.freehostia.com","","","clientTransferProhibited","","",""
"25","lizaraindustries.com","2020-05-10 02:25:04","2020-05-08","2020-05-08","2021-05-08","625","Name.com, Inc.","whois.name.com","http://www.name.com","Oscar Akwantey","Regal Concepts","c/o Joshua aboah, blessed Clementina rc church , p.o.box 429","ashaiman","accra","00233","Ghana","sagacious3g@yahoo.co.uk","+233.244176173","","Oscar Akwantey","Regal Concepts","c/o Joshua aboah, blessed Clementina rc church , p.o.box 429","ashaiman","accra","00233","Ghana","sagacious3g@yahoo.co.uk","+233.244176173","","Oscar Akwantey","Regal Concepts","c/o Joshua aboah, blessed Clementina rc church , p.o.box 429","ashaiman","accra","00233","Ghana","sagacious3g@yahoo.co.uk","+233.244176173","","","","","","","","","","","","ns1.bluehost.com","ns2.bluehost.com","","","addPeriod","clientTransferProhibited","",""
"26","locomotagh.com","2020-05-10 06:12:19","2020-05-08","2020-05-08","2021-05-08","303","PDR Ltd. d/b/a PublicDomainRegistry.com","whois.publicdomainregistry.com","http://www.publicdomainregistry.com","AMS Ghana","All Media Solutions Ghana","East, Legon","Accra","Greater Accra","CT 718","Ghana","allmediagh@gmail.com","+233.0554081565","","AMS Ghana","All Media Solutions Ghana","East, Legon","Accra","Greater Accra","CT 718","Ghana","allmediagh@gmail.com","+233.0554081565","","AMS Ghana","All Media Solutions Ghana","East, Legon","Accra","Greater Accra","CT 718","Ghana","allmediagh@gmail.com","+233.0554081565","","","","","","","","","","","","ns1.ultrahostghana.com","ns101.ultrahostghana.com","ns102.ultrahostghana.com","ns2.ultrahostghana.com","clientTransferProhibited","","",""
"27","maralithacarefoundation.com","2020-05-10 03:12:33","2020-05-08","2020-05-08","2021-05-08","303","PDR Ltd. d/b/a PublicDomainRegistry.com","whois.publicdomainregistry.com","http://www.publicdomainregistry.com","Michael Avevorh","Bluevels Technology","P O Box ct 9597","Accra","GREATER ACCRA","0000","Ghana","bluevelscompany@gmail.com","+233.545629414","","Michael Avevorh","Bluevels Technology","P O Box ct 9597","Accra","GREATER ACCRA","0000","Ghana","bluevelscompany@gmail.com","+233.545629414","","Michael Avevorh","Bluevels Technology","P O Box ct 9597","Accra","GREATER ACCRA","0000","Ghana","bluevelscompany@gmail.com","+233.545629414","","","","","","","","","","","","ns1.ultrahostghana.com","ns101.ultrahostghana.com","ns102.ultrahostghana.com","ns2.ultrahostghana.com","clientTransferProhibited","","",""
"28","mcroyalpress.com","2020-05-10 02:24:45","2020-05-08","2020-05-08","2021-05-08","664","Web4Africa Inc","whois.web4africa.net","http://www.web4africa.net","Prince Obeng Larbi","Soft Innovations","P. O. Box AT 528 Achimota Accra","Accra","GT. Accra","00000","Ghana","olarbi2001@yahoo.com","+233.244808087","","Prince Obeng Larbi","Soft Innovations","P. O. Box AT 528 Achimota Accra","Accra","GT. Accra","00000","Ghana","olarbi2001@yahoo.com","+233.244808087","","Prince Obeng Larbi","Soft Innovations","P. O. Box AT 528 Achimota Accra","Accra","GT. Accra","00000","Ghana","olarbi2001@yahoo.com","+233.244808087","","","","","","","","","","","","ns1.web4africa.com","ns2.web4africa.com","ns3.web4africa.com","ns4.web4africa.com","clientTransferProhibited","","",""
"29","mineralinternationalbank.com","2020-05-10 05:09:05","2020-05-07","2020-05-07","2021-05-07","146","GoDaddy.com, LLC","whois.godaddy.com","http://registrar.godaddy.com","Real Creation Tech","Real Creation Tech","","","Accra","","Ghana","","","","","","","","","","","","","","","","","","","","","","","","","","","","","","","","","","ns65.domaincontrol.com","ns66.domaincontrol.com","","","clientDeleteProhibited","clientRenewProhibited","clientTransferProhibited","clientUpdateProhibited"
"30","nadalicg.com","2020-05-10 06:30:36","2020-05-08","2020-05-08","2021-05-08","146","GoDaddy.com, LLC","whois.godaddy.com","http://registrar.godaddy.com","","","","","Accra","","Ghana","","","","","","","","","","","","","","","","","","","","","","","","","","","","","","","","","","ns03.domaincontrol.com","ns04.domaincontrol.com","","","clientDeleteProhibited","clientRenewProhibited","clientTransferProhibited","clientUpdateProhibited"
"31","nzemayouthassociation.com","2020-05-10 04:29:20","2020-05-08","2020-05-08","2021-05-08","48","eNom, Inc.","whois.enom.com","http://www.enom.com","REDACTED FOR PRIVACY","REDACTED FOR PRIVACY","REDACTED FOR PRIVACY","REDACTED FOR PRIVACY","Western Region","REDACTED FOR PRIVACY","Ghana","","REDACTED FOR PRIVACY","REDACTED FOR PRIVACY","REDACTED FOR PRIVACY","REDACTED FOR PRIVACY","REDACTED FOR PRIVACY","REDACTED FOR PRIVACY","REDACTED FOR PRIVACY","REDACTED FOR PRIVACY","REDACTED FOR PRIVACY","","REDACTED FOR PRIVACY","REDACTED FOR PRIVACY","REDACTED FOR PRIVACY","REDACTED FOR PRIVACY","REDACTED FOR PRIVACY","REDACTED FOR PRIVACY","REDACTED FOR PRIVACY","REDACTED FOR PRIVACY","REDACTED FOR PRIVACY","","REDACTED FOR PRIVACY","REDACTED FOR PRIVACY","","","","","","","","","","","ns3009.mochahost.com","ns4009.mochahost.com","","","addPeriod","clientTransferProhibited","",""
"32","officialeod.com","2020-05-10 03:55:28","2020-05-07","2020-05-07","2021-05-07","303","PDR Ltd. d/b/a PublicDomainRegistry.com","whois.publicdomainregistry.com","http://www.publicdomainregistry.com","Duncan  Woode","Teckhouse","Sowutuom","Accra","Accra","0000","Ghana","maadun2@gmail.com","+233.246812800","","Duncan  Woode","Teckhouse","Sowutuom","Accra","Accra","0000","Ghana","maadun2@gmail.com","+233.246812800","","Duncan  Woode","Teckhouse","Sowutuom","Accra","Accra","0000","Ghana","maadun2@gmail.com","+233.246812800","","","","","","","","","","","","ns1.ultrahostghana.com","ns101.ultrahostghana.com","ns102.ultrahostghana.com","ns2.ultrahostghana.com","clientTransferProhibited","","",""
"33","ownsmsgh.com","2020-05-10 04:04:43","2020-05-07","2020-05-07","2021-05-07","303","PDR Ltd. d/b/a PublicDomainRegistry.com","whois.publicdomainregistry.com","http://www.publicdomainregistry.com","Miksoft Miksoft","","Accra Accra","Accra","Accra","223","Ghana","evocaregh@gmail.com","+233.577441052","","Miksoft Miksoft","","Accra Accra","Accra","Accra","223","Ghana","evocaregh@gmail.com","+233.577441052","","Miksoft Miksoft","","Accra Accra","Accra","Accra","223","Ghana","evocaregh@gmail.com","+233.577441052","","","","","","","","","","","","ns3.stormerhost.com","ns4.stormerhost.com","","","clientTransferProhibited","","",""
"34","ptbgroupgh.com","2020-05-10 04:17:52","2020-05-08","2020-05-08","2021-05-08","303","PDR Ltd. d/b/a PublicDomainRegistry.com","whois.publicdomainregistry.com","http://www.publicdomainregistry.com","Emmanuel Mawuena","Violetfirms","0546153622 0266188881","Accra","Accra","00233","Ghana","violetfirms@gmail.com","+233.0546153622","","Emmanuel Mawuena","Violetfirms","0546153622 0266188881","Accra","Accra","00233","Ghana","violetfirms@gmail.com","+233.0546153622","","Emmanuel Mawuena","Violetfirms","0546153622 0266188881","Accra","Accra","00233","Ghana","violetfirms@gmail.com","+233.0546153622","","","","","","","","","","","","ns1.wdghana.com","ns2.wdghana.com","","","clientTransferProhibited","","",""
"35","qscsgh.com","2020-05-10 05:39:45","2020-05-07","2020-05-07","2021-05-07","146","GoDaddy.com, LLC","whois.godaddy.com","http://registrar.godaddy.com","INFOSOURCE SOLUTIONS","INFOSOURCE SOLUTIONS","","","GREATER ACCRA","","Ghana","","","","","","","","","","","","","","","","","","","","","","","","","","","","","","","","","","ns03.domaincontrol.com","ns04.domaincontrol.com","","","clientDeleteProhibited","clientRenewProhibited","clientTransferProhibited","clientUpdateProhibited"
"36","qualitystepscommunityschool.com","2020-05-10 05:39:17","2020-05-07","2020-05-07","2021-05-07","146","GoDaddy.com, LLC","whois.godaddy.com","http://registrar.godaddy.com","INFOSOURCE SOLUTIONS","INFOSOURCE SOLUTIONS","","","GREATER ACCRA","","Ghana","","","","","","","","","","","","","","","","","","","","","","","","","","","","","","","","","","ns03.domaincontrol.com","ns04.domaincontrol.com","","","clientDeleteProhibited","clientRenewProhibited","clientTransferProhibited","clientUpdateProhibited"
"37","seconsultingways.com","2020-05-10 03:29:27","2020-05-08","2020-05-08","2021-05-08","303","PDR Ltd. d/b/a PublicDomainRegistry.com","whois.publicdomainregistry.com","http://www.publicdomainregistry.com","baka komla","jpsante.com","B.O.POX KN 3050 3050","Accra","Greater Accra","","Ghana","selikplim1988@gmail.com","+233.543859187","","baka komla","jpsante.com","B.O.POX KN 3050 3050","Accra","Greater Accra","","Ghana","selikplim1988@gmail.com","+233.543859187","","baka komla","jpsante.com","B.O.POX KN 3050 3050","Accra","Greater Accra","","Ghana","selikplim1988@gmail.com","+233.543859187","","","","","","","","","","","","ns1.sevenwebhost.com","ns2.sevenwebhost.com","ns3.sevenwebhost.com","ns4.sevenwebhost.com","clientTransferProhibited","","",""
"38","sticviewventures.com","2020-05-10 05:34:51","2020-05-07","2020-05-07","2021-05-07","146","GoDaddy.com, LLC","whois.godaddy.com","http://registrar.godaddy.com","STICVIEW VENTURES","STICVIEW VENTURES","","","Greater Accra","","Ghana","","","","","","","","","","","","","","","","","","","","","","","","","","","","","","","","","","ns03.domaincontrol.com","ns04.domaincontrol.com","","","clientDeleteProhibited","clientRenewProhibited","clientTransferProhibited","clientUpdateProhibited"
"39","straighttothepointonline.com","2020-05-10 06:28:37","2020-05-08","2020-05-08","2021-05-08","1479","Namesilo, LLC","whois.namesilo.com","http://www.namesilo.com","Emmanuel Offei Bekoe","","Box 20","Accra","eastern","00233","Ghana","kwaku_bekoe@yahoo.com","+233.0244281983","","Emmanuel Offei Bekoe","","Box 20","Accra","eastern","00233","Ghana","kwaku_bekoe@yahoo.com","+233.0244281983","","Emmanuel Offei Bekoe","","Box 20","Accra","eastern","00233","Ghana","kwaku_bekoe@yahoo.com","+233.0244281983","","","","","","","","","","","","ns1.nakroteck.net","ns2.nakroteck.net","","","clientTransferProhibited","","",""
"40","surveyorelik.com","2020-05-10 02:02:36","2020-05-07","2020-05-07","2021-05-07","303","PDR Ltd. d/b/a PublicDomainRegistry.com","whois.publicdomainregistry.com","http://www.publicdomainregistry.com","Surveyor Eli K","Surveyor Eli K","A250/12 Nii kpakpo Moffat Street","Accra","Greater Accra","00233","Ghana","eliksurveyor@gmail.com","+233.244249827","","Surveyor Eli K","Surveyor Eli K","A250/12 Nii kpakpo Moffat Street","Accra","Greater Accra","00233","Ghana","eliksurveyor@gmail.com","+233.244249827","","Surveyor Eli K","Surveyor Eli K","A250/12 Nii kpakpo Moffat Street","Accra","Greater Accra","00233","Ghana","eliksurveyor@gmail.com","+233.244249827","","","","","","","","","","","","ns3.stormerhost.com","ns4.stormerhost.com","","","clientTransferProhibited","","",""
"41","sv-ll.com","2020-05-10 03:00:18","2020-05-08","2020-05-08","2021-05-08","303","PDR Ltd. d/b/a PublicDomainRegistry.com","whois.publicdomainregistry.com","http://www.publicdomainregistry.com","Anthony","tonemmultitech","box 123","cape coast","Central","23233","Ghana","tonemmultitech@gmail.com","+233.209207775","","Anthony","tonemmultitech","box 123","cape coast","Central","23233","Ghana","tonemmultitech@gmail.com","+233.209207775","","Anthony","tonemmultitech","box 123","cape coast","Central","23233","Ghana","tonemmultitech@gmail.com","+233.209207775","","","","","","","","","","","","ns1.cykob.com","ns2.cykob.com","ns3.cykob.com","ns4.cykob.com","clientTransferProhibited","","",""
"42","thinkactivemedia.com","2020-05-10 03:17:10","2020-05-08","2020-05-08","2021-05-08","303","PDR Ltd. d/b/a PublicDomainRegistry.com","whois.publicdomainregistry.com","http://www.publicdomainregistry.com","Charles Agbemashior","Think Active GROUP","B408/17 Tweneboa link, Dansoman, Accra West Region","Accra","Other","00233","Ghana","thinkactivemedia@gmail.com","+233.54874835","","Charles Agbemashior","Think Active GROUP","B408/17 Tweneboa link, Dansoman, Accra West Region","Accra","Other","00233","Ghana","thinkactivemedia@gmail.com","+233.54874835","","Charles Agbemashior","Think Active GROUP","B408/17 Tweneboa link, Dansoman, Accra West Region","Accra","Other","00233","Ghana","thinkactivemedia@gmail.com","+233.54874835","","","","","","","","","","","","ns19.altokom.net","ns20.altokom.net","","","clientTransferProhibited","","",""
"43","tohye.com","2020-05-10 06:11:16","2020-05-07","2020-05-07","2021-05-07","303","PDR Ltd. d/b/a PublicDomainRegistry.com","whois.publicdomainregistry.com","http://www.publicdomainregistry.com","Wisdom Hammond","WIKENDVISIONS BUSINESS CENTRE","box lg6, legon - Accra 17 bamboo street","Accra","Accra","233","Ghana","wisdomhammond10@gmail.com","+233.208503867","","Wisdom Hammond","WIKENDVISIONS BUSINESS CENTRE","box lg6, legon - Accra 17 bamboo street","Accra","Accra","233","Ghana","wisdomhammond10@gmail.com","+233.208503867","","Wisdom Hammond","WIKENDVISIONS BUSINESS CENTRE","box lg6, legon - Accra 17 bamboo street","Accra","Accra","233","Ghana","wisdomhammond10@gmail.com","+233.208503867","","","","","","","","","","","","ns3.stormerhost.com","ns4.stormerhost.com","","","clientTransferProhibited","","",""
"44","voltadjawards.com","2020-05-10 06:28:13","2020-05-08","2020-05-08","2021-05-08","1479","Namesilo, LLC","whois.namesilo.com","http://www.namesilo.com","fred Ankamah","","icgc life gate temple, P.O. Box SR 223","Spintex Road","accra","SR 233","Ghana","shabawebinfo@gmail.com","+233.0241166901","","fred Ankamah","","icgc life gate temple, P.O. Box SR 223","Spintex Road","accra","SR 233","Ghana","shabawebinfo@gmail.com","+233.0241166901","","fred Ankamah","","icgc life gate temple, P.O. Box SR 223","Spintex Road","accra","SR 233","Ghana","shabawebinfo@gmail.com","+233.0241166901","","","","","","","","","","","","ns1.nakroteck.net","ns2.nakroteck.net","","","clientTransferProhibited","","",""
"45","wearescaleupafrica.com","2020-05-10 03:08:26","2020-05-08","2020-05-08","2021-05-08","146","GoDaddy.com, LLC","whois.godaddy.com","http://registrar.godaddy.com","ScaleUp Africa","ScaleUp Africa","","","Accra","","Ghana","","","","","","","","","","","","","","","","","","","","","","","","","","","","","","","","","","ns51.domaincontrol.com","ns52.domaincontrol.com","","","clientDeleteProhibited","clientRenewProhibited","clientTransferProhibited","clientUpdateProhibited"
"46","weaverchambers.com","2020-05-10 06:11:15","2020-05-07","2020-05-07","2021-05-07","303","PDR Ltd. d/b/a PublicDomainRegistry.com","whois.publicdomainregistry.com","http://www.publicdomainregistry.com","Weaver Philips","Weaver Philips Chambers","Accra High Street Accra High Street","Accra","Greater Accra","00233","Ghana","weaverphilips2020@gmail.com","+233.243576049","","Weaver Philips","Weaver Philips Chambers","Accra High Street Accra High Street","Accra","Greater Accra","00233","Ghana","weaverphilips2020@gmail.com","+233.243576049","","Weaver Philips","Weaver Philips Chambers","Accra High Street Accra High Street","Accra","Greater Accra","00233","Ghana","weaverphilips2020@gmail.com","+233.243576049","","","","","","","","","","","","ns3.stormerhost.com","ns4.stormerhost.com","","","clientTransferProhibited","","",""
"47","wedeybe.com","2020-05-10 06:12:58","2020-05-08","2020-05-08","2021-05-08","48","eNom, Inc.","whois.enom.com","http://www.enom.com","REDACTED FOR PRIVACY","REDACTED FOR PRIVACY","REDACTED FOR PRIVACY","REDACTED FOR PRIVACY","Greater Accra Region","REDACTED FOR PRIVACY","Ghana","","REDACTED FOR PRIVACY","REDACTED FOR PRIVACY","REDACTED FOR PRIVACY","REDACTED FOR PRIVACY","REDACTED FOR PRIVACY","REDACTED FOR PRIVACY","REDACTED FOR PRIVACY","REDACTED FOR PRIVACY","REDACTED FOR PRIVACY","","REDACTED FOR PRIVACY","REDACTED FOR PRIVACY","REDACTED FOR PRIVACY","REDACTED FOR PRIVACY","REDACTED FOR PRIVACY","REDACTED FOR PRIVACY","REDACTED FOR PRIVACY","REDACTED FOR PRIVACY","REDACTED FOR PRIVACY","","REDACTED FOR PRIVACY","REDACTED FOR PRIVACY","","","","","","","","","","","ns1.iconceptsgh.com","ns2.iconceptsgh.com","","","addPeriod","clientTransferProhibited","",""
"48","whenbabycomes.com","2020-05-10 02:57:33","2020-05-08","2020-05-08","2021-05-08","303","PDR Ltd. d/b/a PublicDomainRegistry.com","whois.publicdomainregistry.com","http://www.publicdomainregistry.com","Nisirine Ashorkor Mensah-Doku","April Communications LTD","Box 109","Teshie","Accra","02330","Ghana","naaashorkor29@gmail.com","+233.243627103","","Nisirine Ashorkor Mensah-Doku","April Communications LTD","Box 109","Teshie","Accra","02330","Ghana","naaashorkor29@gmail.com","+233.243627103","","Nisirine Ashorkor Mensah-Doku","April Communications LTD","Box 109","Teshie","Accra","02330","Ghana","naaashorkor29@gmail.com","+233.243627103","","","","","","","","","","","","ns7.altokom.net","ns8.altokom.net","","","clientTransferProhibited","","",""