"num","domain_name","query_time","create_date","update_date","expiry_date","domain_registrar_id","domain_registrar_name","domain_registrar_whois","domain_registrar_url","registrant_name","registrant_company","registrant_address","registrant_city","registrant_state","registrant_zip","registrant_country","registrant_email","registrant_phone","registrant_fax","administrative_name","administrative_company","administrative_address","administrative_city","administrative_state","administrative_zip","administrative_country","administrative_email","administrative_phone","administrative_fax","technical_name","technical_company","technical_address","technical_city","technical_state","technical_zip","technical_country","technical_email","technical_phone","technical_fax","billing_name","billing_company","billing_address","billing_city","billing_state","billing_zip","billing_country","billing_email","billing_phone","billing_fax","name_server_1","name_server_2","name_server_3","name_server_4","domain_status_1","domain_status_2","domain_status_3","domain_status_4"
"1","angellopro.com","2020-05-10 04:14:11","2020-05-08","2020-05-08","2021-05-08","440","Wild West Domains, LLC","whois.wildwestdomains.com","http://www.wildwestdomains.com","Angellopro","Angellopro","","","Cortes","","Honduras","","","","","","","","","","","","","","","","","","","","","","","","","","","","","","","","","","ns57.domaincontrol.com","ns58.domaincontrol.com","","","clientDeleteProhibited","clientRenewProhibited","clientTransferProhibited","clientUpdateProhibited"
"2","cafeconsaborahistorias.com","2020-05-10 05:28:37","2020-05-07","2020-05-07","2021-05-07","76","Nominalia Internet S.L.","whois.nominalia.com","http://www.nominalia.com","REDACTED FOR PRIVACY","REDACTED FOR PRIVACY","REDACTED FOR PRIVACY","REDACTED FOR PRIVACY","Valle","REDACTED FOR PRIVACY","Honduras","","REDACTED.FORPRIVACY","REDACTED.FORPRIVACY","REDACTED FOR PRIVACY","REDACTED FOR PRIVACY","REDACTED FOR PRIVACY","REDACTED FOR PRIVACY","Valle","REDACTED FOR PRIVACY","Honduras","","REDACTED.FORPRIVACY","REDACTED.FORPRIVACY","REDACTED FOR PRIVACY","REDACTED FOR PRIVACY","REDACTED FOR PRIVACY","REDACTED FOR PRIVACY","Barcelona","REDACTED FOR PRIVACY","Spain","","REDACTED.FORPRIVACY","REDACTED.FORPRIVACY","","","","","","","","","","","ns4936.banahosting.com","ns4937.banahosting.com","","","OK","","",""
"3","centrodeserviciosalfa.com","2020-05-10 04:55:14","2020-05-08","2020-05-08","2021-05-08","146","GoDaddy.com, LLC","whois.godaddy.com","http://registrar.godaddy.com","Centro de Servicios Alfa","Centro de Servicios Alfa","","","Cortes Department","","Honduras","","","","","","","","","","","","","","","","","","","","","","","","","","","","","","","","","","ns65.domaincontrol.com","ns66.domaincontrol.com","","","clientDeleteProhibited","clientRenewProhibited","clientTransferProhibited","clientUpdateProhibited"
"4","ceroplasticoenhonduras.com","2020-05-10 05:06:24","2020-05-08","2020-05-08","2021-05-08","146","GoDaddy.com, LLC","whois.godaddy.com","http://registrar.godaddy.com","Escuelas Con Futuro","Escuelas Con Futuro","","","Cortes","","Honduras","","","","","","","","","","","","","","","","","","","","","","","","","","","","","","","","","","ns57.domaincontrol.com","ns58.domaincontrol.com","","","clientDeleteProhibited","clientRenewProhibited","clientTransferProhibited","clientUpdateProhibited"
"5","controlesupesohn.com","2020-05-10 05:35:56","2020-05-07","2020-05-07","2021-05-07","303","PDR Ltd. d/b/a PublicDomainRegistry.com","whois.publicdomainregistry.com","http://www.publicdomainregistry.com","Kenneth Alvarenga","Trabajo Independiente","19 avenida, 12 calle Sur Este media cuadra o","San Pedro Sula","Departamento de Cortes","99999","Honduras","alvarengakenneth@gmail.com","+504.50433019089","","Kenneth Alvarenga","Trabajo Independiente","19 avenida, 12 calle Sur Este media cuadra o","San Pedro Sula","Departamento de Cortes","99999","Honduras","alvarengakenneth@gmail.com","+504.50433019089","","Kenneth Alvarenga","Trabajo Independiente","19 avenida, 12 calle Sur Este media cuadra o","San Pedro Sula","Departamento de Cortes","99999","Honduras","alvarengakenneth@gmail.com","+504.50433019089","","","","","","","","","","","","ns1.mihosting.net","ns2.mihosting.net","ns3.mihosting.net","","clientTransferProhibited","","",""
"6","gozznow.com","2020-05-10 06:02:42","2020-05-07","2020-05-07","2021-05-07","146","GoDaddy.com, LLC","whois.godaddy.com","http://registrar.godaddy.com","","","","","Cortes","","Honduras","","","","","","","","","","","","","","","","","","","","","","","","","","","","","","","","","","ns51.domaincontrol.com","ns52.domaincontrol.com","","","clientDeleteProhibited","clientRenewProhibited","clientTransferProhibited","clientUpdateProhibited"
"7","hondurastequierolimpia.com","2020-05-10 03:38:20","2020-05-07","2020-05-07","2022-05-07","625","Name.com, Inc.","whois.name.com","http://www.name.com","Ogilvy Honduras","Excel Ogilvy","Colonia Luis Landa","Tegucigalpa","Francisco Morazan","11101","Honduras","hondurasogilvy@gmail.com","+504.31902287","","Ogilvy Honduras","Excel Ogilvy","Colonia Luis Landa","Tegucigalpa","Francisco Morazan","11101","Honduras","hondurasogilvy@gmail.com","+504.31902287","","Ogilvy Honduras","Excel Ogilvy","Colonia Luis Landa","Tegucigalpa","Francisco Morazan","11101","Honduras","hondurasogilvy@gmail.com","+504.31902287","","","","","","","","","","","","ns1lmy.name.com","ns2fgp.name.com","ns3qtx.name.com","ns4cpw.name.com","addPeriod","clientTransferProhibited","",""
"8","lagenciahn.com","2020-05-10 02:22:24","2020-05-07","2020-05-07","2021-05-07","146","GoDaddy.com, LLC","whois.godaddy.com","http://registrar.godaddy.com","Lagencia","Lagencia","","","cortes","","Honduras","","","","","","","","","","","","","","","","","","","","","","","","","","","","","","","","","","ns57.domaincontrol.com","ns58.domaincontrol.com","","","clientDeleteProhibited","clientRenewProhibited","clientTransferProhibited","clientUpdateProhibited"
"9","movexer.com","2020-05-10 05:31:20","2020-05-07","2020-05-07","2021-05-07","146","GoDaddy.com, LLC","whois.godaddy.com","http://registrar.godaddy.com","","","","","Atlantida","","Honduras","","","","","","","","","","","","","","","","","","","","","","","","","","","","","","","","","","ns51.domaincontrol.com","ns52.domaincontrol.com","","","clientDeleteProhibited","clientRenewProhibited","clientTransferProhibited","clientUpdateProhibited"
"10","nauffargermany.com","2020-05-10 02:12:05","2020-05-08","2020-05-08","2024-05-08","303","PDR Ltd. d/b/a PublicDomainRegistry.com","whois.publicdomainregistry.com","http://www.publicdomainregistry.com","Nauffar Germany","Nauffar Germany","32 y 33 Calle, 2 Ave S.O.","San Pedro Sula","Cortes","21101","Honduras","nauffarhonduras@gmail.com","+504.25647777","","Nauffar Germany","Nauffar Germany","32 y 33 Calle, 2 Ave S.O.","San Pedro Sula","Cortes","21101","Honduras","nauffarhonduras@gmail.com","+504.25647777","","Nauffar Germany","Nauffar Germany","32 y 33 Calle, 2 Ave S.O.","San Pedro Sula","Cortes","21101","Honduras","nauffarhonduras@gmail.com","+504.25647777","","","","","","","","","","","","ns1.dns-parking.com","ns2.dns-parking.com","","","clientTransferProhibited","","",""
"11","orelbats.com","2020-05-10 03:08:24","2020-05-08","2020-05-08","2022-05-08","146","GoDaddy.com, LLC","whois.godaddy.com","http://registrar.godaddy.com","Studio Soogal","Studio Soogal","","","Honduras","","Honduras","","","","","","","","","","","","","","","","","","","","","","","","","","","","","","","","","","ns57.domaincontrol.com","ns58.domaincontrol.com","","","clientDeleteProhibited","clientRenewProhibited","clientTransferProhibited","clientUpdateProhibited"
"12","sosruc.com","2020-05-10 03:04:43","2020-05-08","2020-05-08","2021-05-08","146","GoDaddy.com, LLC","whois.godaddy.com","http://registrar.godaddy.com","Studio Soogal","Studio Soogal","","","Honduras","","Honduras","","","","","","","","","","","","","","","","","","","","","","","","","","","","","","","","","","ns51.domaincontrol.com","ns52.domaincontrol.com","","","clientDeleteProhibited","clientRenewProhibited","clientTransferProhibited","clientUpdateProhibited"
"13","theinsidestudio.com","2020-05-10 04:36:40","2020-05-08","2020-05-08","2021-05-08","146","GoDaddy.com, LLC","whois.godaddy.com","http://registrar.godaddy.com","","","","","Cortes","","Honduras","","","","","","","","","","","","","","","","","","","","","","","","","","","","","","","","","","ns51.domaincontrol.com","ns52.domaincontrol.com","","","clientDeleteProhibited","clientRenewProhibited","clientTransferProhibited","clientUpdateProhibited"
"14","windowshopca.com","2020-05-10 05:06:27","2020-05-08","2020-05-08","2021-05-08","146","GoDaddy.com, LLC","whois.godaddy.com","http://registrar.godaddy.com","Mobile People Connection","Mobile People Connection","","","Francisco Morazan","","Honduras","","","","","","","","","","","","","","","","","","","","","","","","","","","","","","","","","","ns33.domaincontrol.com","ns34.domaincontrol.com","","","clientDeleteProhibited","clientRenewProhibited","clientTransferProhibited","clientUpdateProhibited"
"15","xn--delamontaacafe-ynb.com","2020-05-10 04:29:30","2020-05-08","2020-05-08","2021-05-08","146","GoDaddy.com, LLC","whois.godaddy.com","http://registrar.godaddy.com","Ideewe  S. de R. L.","Ideewe  S. de R. L.","","","Francisco Morazan","","Honduras","","","","","","","","","","","","","","","","","","","","","","","","","","","","","","","","","","ns03.domaincontrol.com","ns04.domaincontrol.com","","","clientDeleteProhibited","clientRenewProhibited","clientTransferProhibited","clientUpdateProhibited"