"num","domain_name","query_time","create_date","update_date","expiry_date","domain_registrar_id","domain_registrar_name","domain_registrar_whois","domain_registrar_url","registrant_name","registrant_company","registrant_address","registrant_city","registrant_state","registrant_zip","registrant_country","registrant_email","registrant_phone","registrant_fax","administrative_name","administrative_company","administrative_address","administrative_city","administrative_state","administrative_zip","administrative_country","administrative_email","administrative_phone","administrative_fax","technical_name","technical_company","technical_address","technical_city","technical_state","technical_zip","technical_country","technical_email","technical_phone","technical_fax","billing_name","billing_company","billing_address","billing_city","billing_state","billing_zip","billing_country","billing_email","billing_phone","billing_fax","name_server_1","name_server_2","name_server_3","name_server_4","domain_status_1","domain_status_2","domain_status_3","domain_status_4"
"1","abdeencooking.com","2020-05-10 03:00:33","2020-05-08","2020-05-08","2021-05-08","146","GoDaddy.com, LLC","whois.godaddy.com","http://registrar.godaddy.com","\u0644\u0627\u064a\u0648\u062c\u062f","\u0644\u0627\u064a\u0648\u062c\u062f","","","jordan","","Jordan","","","","","","","","","","","","","","","","","","","","","","","","","","","","","","","","","","ns03.domaincontrol.com","ns04.domaincontrol.com","","","clientDeleteProhibited","clientRenewProhibited","clientTransferProhibited","clientUpdateProhibited"
"2","advancedlabsgroup.com","2020-05-10 03:02:37","2020-05-08","2020-05-08","2021-05-08","625","Name.com, Inc.","whois.name.com","http://www.name.com","AYMAN MOH","","Amman  Khalda","Amman","Amman","118111","Jordan","aiman.alrawabdeh@gmail.com","+1.797305155","","AYMAN MOH","","Amman  Khalda","Amman","Amman","118111","Jordan","aiman.alrawabdeh@gmail.com","+1.797305155","","AYMAN MOH","","Amman  Khalda","Amman","Amman","118111","Jordan","aiman.alrawabdeh@gmail.com","+1.797305155","","","","","","","","","","","","ns1qsy.name.com","ns2jrt.name.com","ns3ghw.name.com","ns4bfy.name.com","addPeriod","clientTransferProhibited","",""
"3","aosco-oilshale.com","2020-05-10 02:05:21","2020-05-08","2020-05-08","2021-05-08","146","GoDaddy.com, LLC","whois.godaddy.com","http://registrar.godaddy.com","SKY LIGHTS INVESTMENTS","SKY LIGHTS INVESTMENTS","","","Amman","","Jordan","","","","","","","","","","","","","","","","","","","","","","","","","","","","","","","","","","ns1.vm374.tmdcloud.eu","ns2.vm374.tmdcloud.eu","","","clientDeleteProhibited","clientRenewProhibited","clientTransferProhibited","clientUpdateProhibited"
"4","azura-rsps.com","2020-05-10 03:44:14","2020-05-07","2020-05-07","2021-05-07","303","PDR Ltd. d/b/a PublicDomainRegistry.com","whois.publicdomainregistry.com","http://www.publicdomainregistry.com","Dexter Morgen","RSPS","str9 khaldi","Amman","Amman kamalea","11181","Jordan","dextermorgenrs@gmail.com","+962.776825409","","Dexter Morgen","RSPS","str9 khaldi","Amman","Amman kamalea","11181","Jordan","dextermorgenrs@gmail.com","+962.776825409","","Dexter Morgen","RSPS","str9 khaldi","Amman","Amman kamalea","11181","Jordan","dextermorgenrs@gmail.com","+962.776825409","","","","","","","","","","","","ns1.hosting24.com","ns2.hosting24.com","","","clientTransferProhibited","","",""
"5","before9after5.com","2020-05-10 05:14:51","2020-05-07","2020-05-07","2021-05-07","625","Name.com, Inc.","whois.name.com","http://www.name.com","Ahmad Mubideen","Trevx","Tla Al Ali , Al Muhamadia Street","amman","na","00962","Jordan","ahmad.almubiden@gmail.com","+962.796803253","","Ahmad Mubideen","Trevx","amman-marjalhamam-268","amman","na","00962","Jordan","mubstar@yahoo.com","+962.796803253","","Ahmad Mubideen","Trevx","amman-marjalhamam-268","amman","na","00962","Jordan","mubstar@yahoo.com","+962.796803253","","","","","","","","","","","","ns1dhq.name.com","ns2dqr.name.com","ns3cgw.name.com","ns4ghm.name.com","addPeriod","clientTransferProhibited","",""
"6","chipstartupar.com","2020-05-10 02:13:25","2020-05-07","2020-05-07","2021-05-07","146","GoDaddy.com, LLC","whois.godaddy.com","http://registrar.godaddy.com","","","","","Al Balqa","","Jordan","","","","","","","","","","","","","","","","","","","","","","","","","","","","","","","","","","ns51.domaincontrol.com","ns52.domaincontrol.com","","","clientDeleteProhibited","clientRenewProhibited","clientTransferProhibited","clientUpdateProhibited"
"7","chr-hansens.com","2020-05-10 04:21:20","2020-05-08","2020-05-08","2021-05-08","955","Launchpad, Inc.","whois.launchpad.com","http://www.launchpad.com","Ammar Jawhari","Alfayasel Laboratories","17214","amman","AJ","11195","Jordan","nara_matches@yahoo.com","+962.776755557","","Ammar Jawhari","Alfayasel Laboratories","17214","amman","AJ","11195","Jordan","nara_matches@yahoo.com","+962.776755557","","Ammar Jawhari","Alfayasel Laboratories","17214","amman","AJ","11195","Jordan","nara_matches@yahoo.com","+962.776755557","","","","","","","","","","","","ns1.bluehost.com","ns2.bluehost.com","","","clientTransferProhibited","","",""
"8","consultdapp.com","2020-05-10 05:46:21","2020-05-07","2020-05-07","2022-05-07","146","GoDaddy.com, LLC","whois.godaddy.com","http://registrar.godaddy.com","","","","","Amman","","Jordan","","","","","","","","","","","","","","","","","","","","","","","","","","","","","","","","","","ns57.domaincontrol.com","ns58.domaincontrol.com","","","clientDeleteProhibited","clientRenewProhibited","clientTransferProhibited","clientUpdateProhibited"
"9","delivergejo.com","2020-05-10 05:06:35","2020-05-08","2020-05-08","2021-05-08","146","GoDaddy.com, LLC","whois.godaddy.com","http://registrar.godaddy.com","Digital Rectangle","Digital Rectangle","","","Amman","","Jordan","","","","","","","","","","","","","","","","","","","","","","","","","","","","","","","","","","ns3013.mochahost.com","ns4013.mochahost.com","","","clientDeleteProhibited","clientRenewProhibited","clientTransferProhibited","clientUpdateProhibited"
"10","enaratech.com","2020-05-10 05:06:39","2020-05-08","2020-05-08","2021-05-08","146","GoDaddy.com, LLC","whois.godaddy.com","http://registrar.godaddy.com","","","","","AZ-ZARQA","","Jordan","","","","","","","","","","","","","","","","","","","","","","","","","","","","","","","","","","ns33.domaincontrol.com","ns34.domaincontrol.com","","","clientDeleteProhibited","clientRenewProhibited","clientTransferProhibited","clientUpdateProhibited"
"11","fixfiat.com","2020-05-10 05:50:05","2020-05-07","2020-05-07","2021-05-07","146","GoDaddy.com, LLC","whois.godaddy.com","http://registrar.godaddy.com","","","","","aljbeeha","","Jordan","","","","","","","","","","","","","","","","","","","","","","","","","","","","","","","","","","ns1.sedoparking.com","ns2.sedoparking.com","","","clientDeleteProhibited","clientRenewProhibited","clientTransferProhibited","clientUpdateProhibited"
"12","gemstones-shop.com","2020-05-10 05:06:54","2020-05-07","2020-05-07","2021-05-07","146","GoDaddy.com, LLC","whois.godaddy.com","http://registrar.godaddy.com","","","","","None","","Jordan","","","","","","","","","","","","","","","","","","","","","","","","","","","","","","","","","","ns57.domaincontrol.com","ns58.domaincontrol.com","","","clientDeleteProhibited","clientRenewProhibited","clientTransferProhibited","clientUpdateProhibited"
"13","hallsfinder.com","2020-05-10 02:11:57","2020-05-08","2020-05-08","2021-05-08","146","GoDaddy.com, LLC","whois.godaddy.com","http://registrar.godaddy.com","Horizons for Digital Technologies","Horizons for Digital Technologies","","","Amman","","Jordan","","","","","","","","","","","","","","","","","","","","","","","","","","","","","","","","","","ns65.domaincontrol.com","ns66.domaincontrol.com","","","clientDeleteProhibited","clientRenewProhibited","clientTransferProhibited","clientUpdateProhibited"
"14","islamurbanstandrd.com","2020-05-10 06:12:44","2020-05-08","2020-05-08","2021-05-08","146","GoDaddy.com, LLC","whois.godaddy.com","http://registrar.godaddy.com","ISLAM URBAN STANDRD","ISLAM URBAN STANDRD","","","Amman","","Jordan","","","","","","","","","","","","","","","","","","","","","","","","","","","","","","","","","","ns03.domaincontrol.com","ns04.domaincontrol.com","","","clientDeleteProhibited","clientRenewProhibited","clientTransferProhibited","clientUpdateProhibited"
"15","jawaherje.com","2020-05-10 03:42:48","2020-05-07","2020-05-08","2021-05-07","69","Tucows Domains Inc.","whois.tucows.com","http://domainhelp.opensrs.net","REDACTED FOR PRIVACY","REDACTED FOR PRIVACY","REDACTED FOR PRIVACY","REDACTED FOR PRIVACY","State","REDACTED FOR PRIVACY","Jordan","","REDACTED FOR PRIVACY","REDACTED FOR PRIVACY","REDACTED FOR PRIVACY","REDACTED FOR PRIVACY","REDACTED FOR PRIVACY","REDACTED FOR PRIVACY","REDACTED FOR PRIVACY","REDACTED FOR PRIVACY","REDACTED FOR PRIVACY","","REDACTED FOR PRIVACY","REDACTED FOR PRIVACY","REDACTED FOR PRIVACY","REDACTED FOR PRIVACY","REDACTED FOR PRIVACY","REDACTED FOR PRIVACY","REDACTED FOR PRIVACY","REDACTED FOR PRIVACY","REDACTED FOR PRIVACY","","REDACTED FOR PRIVACY","REDACTED FOR PRIVACY","","","","","","","","","","","ns1.hostek.com","ns2.hostek.com","","","clientTransferProhibited","clientUpdateProhibited","",""
"16","jomixes.com","2020-05-10 05:25:51","2020-05-07","2020-05-07","2021-05-07","146","GoDaddy.com, LLC","whois.godaddy.com","http://registrar.godaddy.com","jo mix","jo mix","","","amman","","Jordan","","","","","","","","","","","","","","","","","","","","","","","","","","","","","","","","","","ns65.domaincontrol.com","ns66.domaincontrol.com","","","clientDeleteProhibited","clientRenewProhibited","clientTransferProhibited","clientUpdateProhibited"
"17","jordanpicture.com","2020-05-10 06:29:09","2020-05-08","2020-05-08","2021-05-08","146","GoDaddy.com, LLC","whois.godaddy.com","http://registrar.godaddy.com","","","","","Amamn","","Jordan","","","","","","","","","","","","","","","","","","","","","","","","","","","","","","","","","","ns65.domaincontrol.com","ns66.domaincontrol.com","","","clientDeleteProhibited","clientRenewProhibited","clientTransferProhibited","clientUpdateProhibited"
"18","joytexcos.com","2020-05-10 04:18:54","2020-05-08","2020-05-08","2021-05-08","955","Launchpad, Inc.","whois.launchpad.com","http://www.launchpad.com","Ammar Jawhari","Alfayasel Laboratories","17214","amman","AJ","11195","Jordan","nara_matches@yahoo.com","+962.776755557","","Ammar Jawhari","Alfayasel Laboratories","17214","amman","AJ","11195","Jordan","nara_matches@yahoo.com","+962.776755557","","Ammar Jawhari","Alfayasel Laboratories","17214","amman","AJ","11195","Jordan","nara_matches@yahoo.com","+962.776755557","","","","","","","","","","","","ns1.bluehost.com","ns2.bluehost.com","","","clientTransferProhibited","","",""
"19","lebseh.com","2020-05-10 05:20:13","2020-05-07","2020-05-07","2021-05-07","303","PDR Ltd. d/b/a PublicDomainRegistry.com","whois.publicdomainregistry.com","http://www.publicdomainregistry.com","Almomiz Domains","Almomiz","Amman","Amman","AM","11121","Jordan","info@almomiz.com","+962.0799151579","","Almomiz Domains","Almomiz","Amman","Amman","AM","11121","Jordan","info@almomiz.com","+962.0799151579","","Almomiz Domains","Almomiz","Amman","Amman","AM","11121","Jordan","info@almomiz.com","+962.0799151579","","","","","","","","","","","","ns1.jorbox.com","ns2.jorbox.com","","","clientTransferProhibited","","",""
"20","medicallabsgroup.com","2020-05-10 03:17:32","2020-05-08","2020-05-08","2021-05-08","625","Name.com, Inc.","whois.name.com","http://www.name.com","AYMAN MOH","","Amman  Khalda","Amman","Amman","118111","Jordan","aiman.alrawabdeh@gmail.com","+1.797305155","","AYMAN MOH","","Amman  Khalda","Amman","Amman","118111","Jordan","aiman.alrawabdeh@gmail.com","+1.797305155","","AYMAN MOH","","Amman  Khalda","Amman","Amman","118111","Jordan","aiman.alrawabdeh@gmail.com","+1.797305155","","","","","","","","","","","","ns1qsy.name.com","ns2jrt.name.com","ns3ghw.name.com","ns4bfy.name.com","addPeriod","clientTransferProhibited","",""
"21","naazel.com","2020-05-10 03:01:22","2020-05-08","2020-05-08","2021-05-08","146","GoDaddy.com, LLC","whois.godaddy.com","http://registrar.godaddy.com","","","","","Amman","","Jordan","","","","","","","","","","","","","","","","","","","","","","","","","","","","","","","","","","rohin.ns.cloudflare.com","rosalie.ns.cloudflare.com","","","clientDeleteProhibited","clientRenewProhibited","clientTransferProhibited","clientUpdateProhibited"
"22","ncodesoft.com","2020-05-10 06:13:45","2020-05-07","2020-05-07","2021-05-07","69","Tucows Domains Inc.","whois.tucows.com","http://domainhelp.opensrs.net","REDACTED FOR PRIVACY","REDACTED FOR PRIVACY","REDACTED FOR PRIVACY","REDACTED FOR PRIVACY","amman","REDACTED FOR PRIVACY","Jordan","","REDACTED FOR PRIVACY","REDACTED FOR PRIVACY","REDACTED FOR PRIVACY","REDACTED FOR PRIVACY","REDACTED FOR PRIVACY","REDACTED FOR PRIVACY","REDACTED FOR PRIVACY","REDACTED FOR PRIVACY","REDACTED FOR PRIVACY","","REDACTED FOR PRIVACY","REDACTED FOR PRIVACY","REDACTED FOR PRIVACY","REDACTED FOR PRIVACY","REDACTED FOR PRIVACY","REDACTED FOR PRIVACY","REDACTED FOR PRIVACY","REDACTED FOR PRIVACY","REDACTED FOR PRIVACY","","REDACTED FOR PRIVACY","REDACTED FOR PRIVACY","","","","","","","","","","","dns2047a.trouble-free.net","dns2047b.trouble-free.net","","","OK","","",""
"23","priizo.com","2020-05-10 06:20:58","2020-05-07","2020-05-07","2021-05-07","146","GoDaddy.com, LLC","whois.godaddy.com","http://registrar.godaddy.com","","","","","Jordan","","Jordan","","","","","","","","","","","","","","","","","","","","","","","","","","","","","","","","","","ns57.domaincontrol.com","ns58.domaincontrol.com","","","clientDeleteProhibited","clientRenewProhibited","clientTransferProhibited","clientUpdateProhibited"
"24","takmeemclinic.com","2020-05-10 02:12:28","2020-05-07","2020-05-07","2021-05-07","146","GoDaddy.com, LLC","whois.godaddy.com","http://registrar.godaddy.com","","","","","None","","Jordan","","","","","","","","","","","","","","","","","","","","","","","","","","","","","","","","","","ns33.domaincontrol.com","ns34.domaincontrol.com","","","clientDeleteProhibited","clientRenewProhibited","clientTransferProhibited","clientUpdateProhibited"
"25","tnabel.com","2020-05-10 06:26:29","2020-05-08","2020-05-08","2021-05-08","146","GoDaddy.com, LLC","whois.godaddy.com","http://registrar.godaddy.com","wathefty","wathefty","","","rabia","","Jordan","","","","","","","","","","","","","","","","","","","","","","","","","","","","","","","","","","ns03.domaincontrol.com","ns04.domaincontrol.com","","","clientDeleteProhibited","clientRenewProhibited","clientTransferProhibited","clientUpdateProhibited"
"26","tornadobar.com","2020-05-10 05:02:20","2020-05-08","2020-05-08","2021-05-08","146","GoDaddy.com, LLC","whois.godaddy.com","http://registrar.godaddy.com","","","","","Amman","","Jordan","","","","","","","","","","","","","","","","","","","","","","","","","","","","","","","","","","ns65.domaincontrol.com","ns66.domaincontrol.com","","","clientDeleteProhibited","clientRenewProhibited","clientTransferProhibited","clientUpdateProhibited"
"27","trashy-clothing.com","2020-05-10 04:45:35","2020-05-08","2020-05-08","2021-05-08","146","GoDaddy.com, LLC","whois.godaddy.com","http://registrar.godaddy.com","","","","","Weibdeh","","Jordan","","","","","","","","","","","","","","","","","","","","","","","","","","","","","","","","","","ns33.domaincontrol.com","ns34.domaincontrol.com","","","clientDeleteProhibited","clientRenewProhibited","clientTransferProhibited","clientUpdateProhibited"
"28","uni-jo.com","2020-05-10 03:21:46","2020-05-08","2020-05-08","2022-05-08","146","GoDaddy.com, LLC","whois.godaddy.com","http://registrar.godaddy.com","","","","","Amman","","Jordan","","","","","","","","","","","","","","","","","","","","","","","","","","","","","","","","","","ns51.domaincontrol.com","ns52.domaincontrol.com","","","clientDeleteProhibited","clientRenewProhibited","clientTransferProhibited","clientUpdateProhibited"
"29","ustornado.com","2020-05-10 05:02:33","2020-05-08","2020-05-08","2021-05-08","146","GoDaddy.com, LLC","whois.godaddy.com","http://registrar.godaddy.com","","","","","Amman","","Jordan","","","","","","","","","","","","","","","","","","","","","","","","","","","","","","","","","","ns65.domaincontrol.com","ns66.domaincontrol.com","","","clientDeleteProhibited","clientRenewProhibited","clientTransferProhibited","clientUpdateProhibited"
"30","valienteguerrero.com","2020-05-10 05:25:50","2020-05-07","2020-05-07","2021-05-07","146","GoDaddy.com, LLC","whois.godaddy.com","http://registrar.godaddy.com","","","","","Amman","","Jordan","","","","","","","","","","","","","","","","","","","","","","","","","","","","","","","","","","ns6.wixdns.net","ns7.wixdns.net","","","clientDeleteProhibited","clientRenewProhibited","clientTransferProhibited","clientUpdateProhibited"
"31","wakalataccessories.com","2020-05-10 03:30:42","2020-05-08","2020-05-08","2021-05-08","48","eNom, Inc.","whois.enom.com","http://www.enom.com","REDACTED FOR PRIVACY","REDACTED FOR PRIVACY","REDACTED FOR PRIVACY","REDACTED FOR PRIVACY","balqa","REDACTED FOR PRIVACY","Jordan","","REDACTED FOR PRIVACY","REDACTED FOR PRIVACY","REDACTED FOR PRIVACY","REDACTED FOR PRIVACY","REDACTED FOR PRIVACY","REDACTED FOR PRIVACY","REDACTED FOR PRIVACY","REDACTED FOR PRIVACY","REDACTED FOR PRIVACY","","REDACTED FOR PRIVACY","REDACTED FOR PRIVACY","REDACTED FOR PRIVACY","REDACTED FOR PRIVACY","REDACTED FOR PRIVACY","REDACTED FOR PRIVACY","REDACTED FOR PRIVACY","REDACTED FOR PRIVACY","REDACTED FOR PRIVACY","","REDACTED FOR PRIVACY","REDACTED FOR PRIVACY","","","","","","","","","","","lee.ns.cloudflare.com","lola.ns.cloudflare.com","","","addPeriod","clientTransferProhibited","",""