"num","domain_name","query_time","create_date","update_date","expiry_date","domain_registrar_id","domain_registrar_name","domain_registrar_whois","domain_registrar_url","registrant_name","registrant_company","registrant_address","registrant_city","registrant_state","registrant_zip","registrant_country","registrant_email","registrant_phone","registrant_fax","administrative_name","administrative_company","administrative_address","administrative_city","administrative_state","administrative_zip","administrative_country","administrative_email","administrative_phone","administrative_fax","technical_name","technical_company","technical_address","technical_city","technical_state","technical_zip","technical_country","technical_email","technical_phone","technical_fax","billing_name","billing_company","billing_address","billing_city","billing_state","billing_zip","billing_country","billing_email","billing_phone","billing_fax","name_server_1","name_server_2","name_server_3","name_server_4","domain_status_1","domain_status_2","domain_status_3","domain_status_4"
"1","3otorat.com","2020-05-10 03:07:58","2020-05-08","2020-05-08","2021-05-08","146","GoDaddy.com, LLC","whois.godaddy.com","http://registrar.godaddy.com","","","","","Baabda","","Lebanon","","","","","","","","","","","","","","","","","","","","","","","","","","","","","","","","","","pdns13.domaincontrol.com","pdns14.domaincontrol.com","","","clientDeleteProhibited","clientRenewProhibited","clientTransferProhibited","clientUpdateProhibited"
"2","3outourat.com","2020-05-10 03:26:07","2020-05-08","2020-05-08","2021-05-08","146","GoDaddy.com, LLC","whois.godaddy.com","http://registrar.godaddy.com","","","","","Baabda","","Lebanon","","","","","","","","","","","","","","","","","","","","","","","","","","","","","","","","","","pdns13.domaincontrol.com","pdns14.domaincontrol.com","","","clientDeleteProhibited","clientRenewProhibited","clientTransferProhibited","clientUpdateProhibited"
"3","achetezonline.com","2020-05-10 03:23:07","2020-05-08","2020-05-08","2021-05-08","146","GoDaddy.com, LLC","whois.godaddy.com","http://registrar.godaddy.com","","","","","beirut","","Lebanon","","","","","","","","","","","","","","","","","","","","","","","","","","","","","","","","","","ns57.domaincontrol.com","ns58.domaincontrol.com","","","clientDeleteProhibited","clientRenewProhibited","clientTransferProhibited","clientUpdateProhibited"
"4","ahmodsapp.com","2020-05-10 05:14:03","2020-05-07","2020-05-07","2021-05-07","146","GoDaddy.com, LLC","whois.godaddy.com","http://registrar.godaddy.com","","","","","Lebanon","","Lebanon","","","","","","","","","","","","","","","","","","","","","","","","","","","","","","","","","","ns51.domaincontrol.com","ns52.domaincontrol.com","","","clientDeleteProhibited","clientRenewProhibited","clientTransferProhibited","clientUpdateProhibited"
"5","al-safa-news.biz","2020-05-10 15:49:28","2020-05-07","2020-05-07","2021-05-07","146","GoDaddy.com, LLC","whois.godaddy.com","http://registrar.godaddy.com","Privinvest","Privinvest","","","zalka","","Lebanon","","","","","","","","","","","","","","","","","","","","","","","","","","","","","","","","","","ns75.domaincontrol.com","ns76.domaincontrol.com","","","addPeriod","clientDeleteProhibited","clientRenewProhibited","clientTransferProhibited"
"6","al-safa-online.biz","2020-05-10 15:49:24","2020-05-07","2020-05-07","2021-05-07","146","GoDaddy.com, LLC","whois.godaddy.com","http://registrar.godaddy.com","Privinvest","Privinvest","","","zalka","","Lebanon","","","","","","","","","","","","","","","","","","","","","","","","","","","","","","","","","","ns53.domaincontrol.com","ns54.domaincontrol.com","","","addPeriod","clientDeleteProhibited","clientRenewProhibited","clientTransferProhibited"
"7","atmvirtual.com","2020-05-10 03:00:23","2020-05-08","2020-05-08","2021-05-08","146","GoDaddy.com, LLC","whois.godaddy.com","http://registrar.godaddy.com","","","","","Baabda","","Lebanon","","","","","","","","","","","","","","","","","","","","","","","","","","","","","","","","","","pdns13.domaincontrol.com","pdns14.domaincontrol.com","","","clientDeleteProhibited","clientRenewProhibited","clientTransferProhibited","clientUpdateProhibited"
"8","beylounimusic.com","2020-05-10 05:58:18","2020-05-07","2020-05-07","2021-05-07","146","GoDaddy.com, LLC","whois.godaddy.com","http://registrar.godaddy.com","","","","","beirut","","Lebanon","","","","","","","","","","","","","","","","","","","","","","","","","","","","","","","","","","ns51.domaincontrol.com","ns52.domaincontrol.com","","","clientDeleteProhibited","clientRenewProhibited","clientTransferProhibited","clientUpdateProhibited"
"9","buroleb.com","2020-05-10 03:50:05","2020-05-07","2020-05-07","2021-05-07","146","GoDaddy.com, LLC","whois.godaddy.com","http://registrar.godaddy.com","","","","","Metn","","Lebanon","","","","","","","","","","","","","","","","","","","","","","","","","","","","","","","","","","ns03.domaincontrol.com","ns04.domaincontrol.com","","","clientDeleteProhibited","clientRenewProhibited","clientTransferProhibited","clientUpdateProhibited"
"10","enjazi.com","2020-05-10 06:05:04","2020-05-07","2020-05-07","2021-05-07","146","GoDaddy.com, LLC","whois.godaddy.com","http://registrar.godaddy.com","","","","","Baabda","","Lebanon","","","","","","","","","","","","","","","","","","","","","","","","","","","","","","","","","","pdns13.domaincontrol.com","pdns14.domaincontrol.com","","","clientDeleteProhibited","clientRenewProhibited","clientTransferProhibited","clientUpdateProhibited"
"11","familydrs.com","2020-05-10 02:57:56","2020-05-08","2020-05-08","2021-05-08","146","GoDaddy.com, LLC","whois.godaddy.com","http://registrar.godaddy.com","","","","","Baabda","","Lebanon","","","","","","","","","","","","","","","","","","","","","","","","","","","","","","","","","","pdns13.domaincontrol.com","pdns14.domaincontrol.com","","","clientDeleteProhibited","clientRenewProhibited","clientTransferProhibited","clientUpdateProhibited"
"12","gangrepublic.com","2020-05-10 04:29:00","2020-05-08","2020-05-08","2021-05-08","440","Wild West Domains, LLC","whois.wildwestdomains.com","http://www.wildwestdomains.com","Dow Group Inc","Dow Group Inc","","","Not Applicable","","Lebanon","","","","","","","","","","","","","","","","","","","","","","","","","","","","","","","","","","ns03.domaincontrol.com","ns04.domaincontrol.com","","","clientDeleteProhibited","clientRenewProhibited","clientTransferProhibited","clientUpdateProhibited"
"13","healthtwice.com","2020-05-10 05:35:08","2020-05-07","2020-05-07","2021-05-07","955","Launchpad, Inc.","whois.launchpad.com","http://www.launchpad.com","ziad alameddine","None","Beirut","Hamra","BA","1001","Lebanon","ziad41420@gmail.com","+961.3112344","","ziad alameddine","None","Beirut","Hamra","BA","1001","Lebanon","ziad41420@gmail.com","+961.3112344","","ziad alameddine","None","Beirut","Hamra","BA","1001","Lebanon","ziad41420@gmail.com","+961.3112344","","","","","","","","","","","","ns1.hostgator.com","ns2.hostgator.com","","","clientTransferProhibited","","",""
"14","houjozat.com","2020-05-10 02:56:54","2020-05-08","2020-05-08","2021-05-08","146","GoDaddy.com, LLC","whois.godaddy.com","http://registrar.godaddy.com","","","","","Baabda","","Lebanon","","","","","","","","","","","","","","","","","","","","","","","","","","","","","","","","","","pdns13.domaincontrol.com","pdns14.domaincontrol.com","","","clientDeleteProhibited","clientRenewProhibited","clientTransferProhibited","clientUpdateProhibited"
"15","iexplorelebanon.com","2020-05-10 06:12:18","2020-05-07","2020-05-07","2025-05-07","146","GoDaddy.com, LLC","whois.godaddy.com","http://registrar.godaddy.com","","","","","El Matn","","Lebanon","","","","","","","","","","","","","","","","","","","","","","","","","","","","","","","","","","ns03.domaincontrol.com","ns04.domaincontrol.com","","","clientDeleteProhibited","clientRenewProhibited","clientTransferProhibited","clientUpdateProhibited"
"16","karisofficial.com","2020-05-10 04:12:33","2020-05-08","2020-05-08","2021-05-08","146","GoDaddy.com, LLC","whois.godaddy.com","http://registrar.godaddy.com","Why Plus","Why Plus","","","Hammra","","Lebanon","","","","","","","","","","","","","","","","","","","","","","","","","","","","","","","","","","ns1.s107host.com","ns2.s107host.com","","","clientDeleteProhibited","clientRenewProhibited","clientTransferProhibited","clientUpdateProhibited"
"17","lekhodarji.com","2020-05-10 05:34:50","2020-05-07","2020-05-07","2021-05-07","146","GoDaddy.com, LLC","whois.godaddy.com","http://registrar.godaddy.com","","","","","beirut","","Lebanon","","","","","","","","","","","","","","","","","","","","","","","","","","","","","","","","","","ns03.domaincontrol.com","ns04.domaincontrol.com","","","clientDeleteProhibited","clientRenewProhibited","clientTransferProhibited","clientUpdateProhibited"
"18","lekhoudarji.com","2020-05-10 05:34:57","2020-05-07","2020-05-07","2021-05-07","146","GoDaddy.com, LLC","whois.godaddy.com","http://registrar.godaddy.com","","","","","beirut","","Lebanon","","","","","","","","","","","","","","","","","","","","","","","","","","","","","","","","","","ns33.domaincontrol.com","ns34.domaincontrol.com","","","clientDeleteProhibited","clientRenewProhibited","clientTransferProhibited","clientUpdateProhibited"
"19","mechsup.com","2020-05-10 06:26:44","2020-05-08","2020-05-08","2021-05-08","146","GoDaddy.com, LLC","whois.godaddy.com","http://registrar.godaddy.com","","","","","beirut","","Lebanon","","","","","","","","","","","","","","","","","","","","","","","","","","","","","","","","","","ns1.hbsmanagement.com","ns2.hbsmanagement.com","","","clientDeleteProhibited","clientRenewProhibited","clientTransferProhibited","clientUpdateProhibited"
"20","mutadawel.com","2020-05-10 02:57:38","2020-05-08","2020-05-08","2021-05-08","146","GoDaddy.com, LLC","whois.godaddy.com","http://registrar.godaddy.com","","","","","Baabda","","Lebanon","","","","","","","","","","","","","","","","","","","","","","","","","","","","","","","","","","pdns13.domaincontrol.com","pdns14.domaincontrol.com","","","clientDeleteProhibited","clientRenewProhibited","clientTransferProhibited","clientUpdateProhibited"
"21","otorat.com","2020-05-10 03:16:52","2020-05-08","2020-05-08","2021-05-08","146","GoDaddy.com, LLC","whois.godaddy.com","http://registrar.godaddy.com","","","","","Baabda","","Lebanon","","","","","","","","","","","","","","","","","","","","","","","","","","","","","","","","","","pdns13.domaincontrol.com","pdns14.domaincontrol.com","","","clientDeleteProhibited","clientRenewProhibited","clientTransferProhibited","clientUpdateProhibited"
"22","outourat.com","2020-05-10 03:03:44","2020-05-08","2020-05-08","2021-05-08","146","GoDaddy.com, LLC","whois.godaddy.com","http://registrar.godaddy.com","","","","","Baabda","","Lebanon","","","","","","","","","","","","","","","","","","","","","","","","","","","","","","","","","","pdns13.domaincontrol.com","pdns14.domaincontrol.com","","","clientDeleteProhibited","clientRenewProhibited","clientTransferProhibited","clientUpdateProhibited"
"23","qalamhasan.com","2020-05-10 03:20:47","2020-05-08","2020-05-08","2021-05-08","146","GoDaddy.com, LLC","whois.godaddy.com","http://registrar.godaddy.com","Hoctopo","Hoctopo","","","Beirut","","Lebanon","","","","","","","","","","","","","","","","","","","","","","","","","","","","","","","","","","ns51.domaincontrol.com","ns52.domaincontrol.com","","","clientDeleteProhibited","clientRenewProhibited","clientTransferProhibited","clientUpdateProhibited"
"24","qosti.com","2020-05-10 03:12:16","2020-05-08","2020-05-08","2021-05-08","146","GoDaddy.com, LLC","whois.godaddy.com","http://registrar.godaddy.com","","","","","Baabda","","Lebanon","","","","","","","","","","","","","","","","","","","","","","","","","","","","","","","","","","pdns13.domaincontrol.com","pdns14.domaincontrol.com","","","clientDeleteProhibited","clientRenewProhibited","clientTransferProhibited","clientUpdateProhibited"
"25","salimmaalouf.com","2020-05-10 04:59:04","2020-05-08","2020-05-08","2021-05-08","146","GoDaddy.com, LLC","whois.godaddy.com","http://registrar.godaddy.com","","","","","maten","","Lebanon","","","","","","","","","","","","","","","","","","","","","","","","","","","","","","","","","","ns33.domaincontrol.com","ns34.domaincontrol.com","","","clientDeleteProhibited","clientRenewProhibited","clientTransferProhibited","clientUpdateProhibited"
"26","skhcontracting.com","2020-05-10 06:18:11","2020-05-08","2020-05-08","2021-05-08","146","GoDaddy.com, LLC","whois.godaddy.com","http://registrar.godaddy.com","","","","","Lebanon","","Lebanon","","","","","","","","","","","","","","","","","","","","","","","","","","","","","","","","","","ns1.internet961.com","ns2.internet961.com","","","clientDeleteProhibited","clientRenewProhibited","clientTransferProhibited","clientUpdateProhibited"
"27","smartpulsepro.com","2020-05-10 03:52:03","2020-05-07","2020-05-07","2023-05-07","146","GoDaddy.com, LLC","whois.godaddy.com","http://registrar.godaddy.com","","","","","beirut","","Lebanon","","","","","","","","","","","","","","","","","","","","","","","","","","","","","","","","","","ns03.domaincontrol.com","ns04.domaincontrol.com","","","clientDeleteProhibited","clientRenewProhibited","clientTransferProhibited","clientUpdateProhibited"
"28","taahal.com","2020-05-10 03:00:35","2020-05-08","2020-05-08","2021-05-08","146","GoDaddy.com, LLC","whois.godaddy.com","http://registrar.godaddy.com","","","","","Baabda","","Lebanon","","","","","","","","","","","","","","","","","","","","","","","","","","","","","","","","","","pdns13.domaincontrol.com","pdns14.domaincontrol.com","","","clientDeleteProhibited","clientRenewProhibited","clientTransferProhibited","clientUpdateProhibited"
"29","theestater.com","2020-05-10 02:56:50","2020-05-08","2020-05-08","2021-05-08","146","GoDaddy.com, LLC","whois.godaddy.com","http://registrar.godaddy.com","","","","","Baabda","","Lebanon","","","","","","","","","","","","","","","","","","","","","","","","","","","","","","","","","","pdns13.domaincontrol.com","pdns14.domaincontrol.com","","","clientDeleteProhibited","clientRenewProhibited","clientTransferProhibited","clientUpdateProhibited"
"30","twicehealth.com","2020-05-10 05:35:11","2020-05-07","2020-05-07","2021-05-07","955","Launchpad, Inc.","whois.launchpad.com","http://www.launchpad.com","ziad alameddine","None","Beirut","Hamra","BA","1001","Lebanon","ziad41420@gmail.com","+961.3112344","","ziad alameddine","None","Beirut","Hamra","BA","1001","Lebanon","ziad41420@gmail.com","+961.3112344","","ziad alameddine","None","Beirut","Hamra","BA","1001","Lebanon","ziad41420@gmail.com","+961.3112344","","","","","","","","","","","","ns1.hostgator.com","ns2.hostgator.com","","","clientTransferProhibited","","",""
"31","vetinize.com","2020-05-10 06:09:11","2020-05-07","2020-05-07","2021-05-07","146","GoDaddy.com, LLC","whois.godaddy.com","http://registrar.godaddy.com","","","","","Ashrafieh","","Lebanon","","","","","","","","","","","","","","","","","","","","","","","","","","","","","","","","","","ns03.domaincontrol.com","ns04.domaincontrol.com","","","clientDeleteProhibited","clientRenewProhibited","clientTransferProhibited","clientUpdateProhibited"