"num","domain_name","query_time","create_date","update_date","expiry_date","domain_registrar_id","domain_registrar_name","domain_registrar_whois","domain_registrar_url","registrant_name","registrant_company","registrant_address","registrant_city","registrant_state","registrant_zip","registrant_country","registrant_email","registrant_phone","registrant_fax","administrative_name","administrative_company","administrative_address","administrative_city","administrative_state","administrative_zip","administrative_country","administrative_email","administrative_phone","administrative_fax","technical_name","technical_company","technical_address","technical_city","technical_state","technical_zip","technical_country","technical_email","technical_phone","technical_fax","billing_name","billing_company","billing_address","billing_city","billing_state","billing_zip","billing_country","billing_email","billing_phone","billing_fax","name_server_1","name_server_2","name_server_3","name_server_4","domain_status_1","domain_status_2","domain_status_3","domain_status_4"
"1","aler-group.com","2020-05-10 03:28:43","2020-05-08","2020-05-08","2021-05-08","1472","LiquidNet Ltd.","whois.liquidnetlimited.com","http://www.liquidnetlimited.com","REDACTED FOR PRIVACY","REDACTED FOR PRIVACY","REDACTED FOR PRIVACY","REDACTED FOR PRIVACY","tetovo","REDACTED FOR PRIVACY","Macedonia","","REDACTED FOR PRIVACY","REDACTED FOR PRIVACY","REDACTED FOR PRIVACY","REDACTED FOR PRIVACY","REDACTED FOR PRIVACY","REDACTED FOR PRIVACY","REDACTED FOR PRIVACY","REDACTED FOR PRIVACY","REDACTED FOR PRIVACY","","REDACTED FOR PRIVACY","REDACTED FOR PRIVACY","REDACTED FOR PRIVACY","REDACTED FOR PRIVACY","REDACTED FOR PRIVACY","REDACTED FOR PRIVACY","REDACTED FOR PRIVACY","REDACTED FOR PRIVACY","REDACTED FOR PRIVACY","","REDACTED FOR PRIVACY","REDACTED FOR PRIVACY","","","","","","","","","","","dns1.freehostia.com","dns2.freehostia.com","","","clientTransferProhibited","","",""
"2","devprojectx.com","2020-05-10 05:34:33","2020-05-07","2020-05-07","2021-05-07","146","GoDaddy.com, LLC","whois.godaddy.com","http://registrar.godaddy.com","","","","","MK","","Macedonia","","","","","","","","","","","","","","","","","","","","","","","","","","","","","","","","","","ns03.domaincontrol.com","ns04.domaincontrol.com","","","clientDeleteProhibited","clientRenewProhibited","clientTransferProhibited","clientUpdateProhibited"
"3","getnaturalremedy.com","2020-05-10 03:44:26","2020-05-07","2020-05-07","2021-05-07","146","GoDaddy.com, LLC","whois.godaddy.com","http://registrar.godaddy.com","","","","","Severoistochen","","Macedonia","","","","","","","","","","","","","","","","","","","","","","","","","","","","","","","","","","ns51.domaincontrol.com","ns52.domaincontrol.com","","","clientDeleteProhibited","clientRenewProhibited","clientTransferProhibited","clientUpdateProhibited"
"4","helpsbook.com","2020-05-10 04:21:54","2020-05-08","2020-05-08","2021-05-08","146","GoDaddy.com, LLC","whois.godaddy.com","http://registrar.godaddy.com","","","","","Skopski","","Macedonia","","","","","","","","","","","","","","","","","","","","","","","","","","","","","","","","","","ns6069.hostgator.com","ns6070.hostgator.com","","","clientDeleteProhibited","clientRenewProhibited","clientTransferProhibited","clientUpdateProhibited"
"5","igorivanov.com","2020-05-10 02:10:43","2020-05-07","2020-05-07","2021-05-07","886","Domain.com, LLC","whois.domain.com","http://www.domain.com","REDACTED FOR PRIVACY","REDACTED FOR PRIVACY","REDACTED FOR PRIVACY","REDACTED FOR PRIVACY","NA","REDACTED FOR PRIVACY","Macedonia","","REDACTED FOR PRIVACY","REDACTED FOR PRIVACY","REDACTED FOR PRIVACY","REDACTED FOR PRIVACY","REDACTED FOR PRIVACY","REDACTED FOR PRIVACY","REDACTED FOR PRIVACY","REDACTED FOR PRIVACY","REDACTED FOR PRIVACY","","REDACTED FOR PRIVACY","REDACTED FOR PRIVACY","REDACTED FOR PRIVACY","REDACTED FOR PRIVACY","REDACTED FOR PRIVACY","REDACTED FOR PRIVACY","REDACTED FOR PRIVACY","REDACTED FOR PRIVACY","REDACTED FOR PRIVACY","","REDACTED FOR PRIVACY","REDACTED FOR PRIVACY","","","","","","","","","","","ns1.domain.com","ns2.domain.com","","","","","",""
"6","medusanightclub.com","2020-05-10 05:25:54","2020-05-07","2020-05-07","2021-05-07","303","PDR Ltd. d/b/a PublicDomainRegistry.com","whois.publicdomainregistry.com","http://www.publicdomainregistry.com","Boris  Sidovski","","Ulica Makedonija","Skopje","Centar","1000","Macedonia","meduzamanagament@gmail.com","+389.75226633","","Boris  Sidovski","","Ulica Makedonija","Skopje","Centar","1000","Macedonia","meduzamanagament@gmail.com","+389.75226633","","Boris  Sidovski","","Ulica Makedonija","Skopje","Centar","1000","Macedonia","meduzamanagament@gmail.com","+389.75226633","","","","","","","","","","","","dns1.mk-host.mk","dns2.mk-host.mk","","","clientTransferProhibited","","",""
"7","ninnomancini.com","2020-05-10 06:20:57","2020-05-08","2020-05-08","2023-05-08","146","GoDaddy.com, LLC","whois.godaddy.com","http://registrar.godaddy.com","","","","","Istochen","","Macedonia","","","","","","","","","","","","","","","","","","","","","","","","","","","","","","","","","","ns11.zemi.mk","ns12.zemi.mk","","","clientDeleteProhibited","clientRenewProhibited","clientTransferProhibited","clientUpdateProhibited"
"8","regionalensaemzavrabotuvanje.com","2020-05-10 03:15:44","2020-05-08","2020-05-08","2021-05-08","303","PDR Ltd. d/b/a PublicDomainRegistry.com","whois.publicdomainregistry.com","http://www.publicdomainregistry.com","Darko Velkov","Drustvo za uslugi VRABOTUVANE ONLAJN DOO Skopje","Ul Vasil Gorgov br 24-1/5","Skopje","Skopje","1000","Macedonia","darkov@vrabotuvanje.com.mk","+389.23213065","","Darko Velkov","Drustvo za uslugi VRABOTUVANE ONLAJN DOO Skopje","Ul Vasil Gorgov br 24-1/5","Skopje","Skopje","1000","Macedonia","darkov@vrabotuvanje.com.mk","+389.23213065","","Darko Velkov","Drustvo za uslugi VRABOTUVANE ONLAJN DOO Skopje","Ul Vasil Gorgov br 24-1/5","Skopje","Skopje","1000","Macedonia","darkov@vrabotuvanje.com.mk","+389.23213065","","","","","","","","","","","","dns1.mk-host.mk","dns2.mk-host.mk","","","clientTransferProhibited","","",""