"num","domain_name","query_time","create_date","update_date","expiry_date","domain_registrar_id","domain_registrar_name","domain_registrar_whois","domain_registrar_url","registrant_name","registrant_company","registrant_address","registrant_city","registrant_state","registrant_zip","registrant_country","registrant_email","registrant_phone","registrant_fax","administrative_name","administrative_company","administrative_address","administrative_city","administrative_state","administrative_zip","administrative_country","administrative_email","administrative_phone","administrative_fax","technical_name","technical_company","technical_address","technical_city","technical_state","technical_zip","technical_country","technical_email","technical_phone","technical_fax","billing_name","billing_company","billing_address","billing_city","billing_state","billing_zip","billing_country","billing_email","billing_phone","billing_fax","name_server_1","name_server_2","name_server_3","name_server_4","domain_status_1","domain_status_2","domain_status_3","domain_status_4"
"1","atelierbauhouse.com","2020-05-10 02:51:43","2020-05-08","2020-05-08","2021-05-08","440","Wild West Domains, LLC","whois.wildwestdomains.com","http://www.wildwestdomains.com","","","","","plaines-wilhems","","Mauritius","","","","","","","","","","","","","","","","","","","","","","","","","","","","","","","","","","ns33.domaincontrol.com","ns34.domaincontrol.com","","","clientDeleteProhibited","clientRenewProhibited","clientTransferProhibited","clientUpdateProhibited"
"2","cyberelectroniccentre.com","2020-05-10 02:56:32","2020-05-08","2020-05-08","2021-05-08","440","Wild West Domains, LLC","whois.wildwestdomains.com","http://www.wildwestdomains.com","Nemesys  Ltd","Nemesys  Ltd","","","Plaines-Wilhems","","Mauritius","","","","","","","","","","","","","","","","","","","","","","","","","","","","","","","","","","ns1.nemesysweb.com","ns2.nemesysweb.com","","","clientDeleteProhibited","clientRenewProhibited","clientTransferProhibited","clientUpdateProhibited"
"3","deessemoderne.com","2020-05-10 03:30:29","2020-05-08","2020-05-08","2021-05-08","81","Gandi SAS","whois.gandi.net","http://www.gandi.net","REDACTED FOR PRIVACY","Joanna La Gesse Ltee","REDACTED FOR PRIVACY","REDACTED FOR PRIVACY","","REDACTED FOR PRIVACY","Mauritius","5414b5a2e234d39cb11ed3c7f5d397db-18943629@contact.gandi.net","REDACTED FOR PRIVACY","REDACTED FOR PRIVACY","REDACTED FOR PRIVACY","REDACTED FOR PRIVACY","REDACTED FOR PRIVACY","REDACTED FOR PRIVACY","REDACTED FOR PRIVACY","REDACTED FOR PRIVACY","REDACTED FOR PRIVACY","5414b5a2e234d39cb11ed3c7f5d397db-18943629@contact.gandi.net","REDACTED FOR PRIVACY","REDACTED FOR PRIVACY","REDACTED FOR PRIVACY","REDACTED FOR PRIVACY","REDACTED FOR PRIVACY","REDACTED FOR PRIVACY","REDACTED FOR PRIVACY","REDACTED FOR PRIVACY","REDACTED FOR PRIVACY","5414b5a2e234d39cb11ed3c7f5d397db-18943629@contact.gandi.net","REDACTED FOR PRIVACY","REDACTED FOR PRIVACY","","","","","","","","","","","ns-166-b.gandi.net","ns-228-c.gandi.net","ns-54-a.gandi.net","","clientTransferProhibited","","",""
"4","dreamweddingproduction.com","2020-05-10 02:27:06","2020-05-08","2020-05-08","2021-05-08","146","GoDaddy.com, LLC","whois.godaddy.com","http://registrar.godaddy.com","business","business","","","Pamplemousses District","","Mauritius","","","","","","","","","","","","","","","","","","","","","","","","","","","","","","","","","","ns33.domaincontrol.com","ns34.domaincontrol.com","","","clientDeleteProhibited","clientRenewProhibited","clientTransferProhibited","clientUpdateProhibited"
"5","elyseehotelresidence.com","2020-05-10 02:06:54","2020-05-08","2020-05-08","2021-05-08","1630","Ligne Web Services SARL","whois.nic.fr","http://www.ait.com","Residence Elysee","Residence Elysee","","","","","Mauritius","96b82f2904321e00d9d542f240fce42f@whois-anonymous.com","","","Residence Elysee","Residence Elysee","","","","","Mauritius","96b82f2904321e00d9d542f240fce42f@whois-anonymous.com","","","Residence Elysee","Residence Elysee","","","","","Mauritius","96b82f2904321e00d9d542f240fce42f@whois-anonymous.com","","","Residence Elysee","Residence Elysee","","","","","Mauritius","96b82f2904321e00d9d542f240fce42f@whois-anonymous.com","","","","","","","More","clientTransferProhibited","informations","on"
"6","hoffmanmu.com","2020-05-10 03:10:36","2020-05-08","2020-05-08","2022-05-08","146","GoDaddy.com, LLC","whois.godaddy.com","http://registrar.godaddy.com","Hoffman C","Hoffman C","","","portlouis","","Mauritius","","","","","","","","","","","","","","","","","","","","","","","","","","","","","","","","","","ns65.domaincontrol.com","ns66.domaincontrol.com","","","clientDeleteProhibited","clientRenewProhibited","clientTransferProhibited","clientUpdateProhibited"
"7","mari-sales.com","2020-05-10 04:17:27","2020-05-08","2020-05-08","2021-05-08","146","GoDaddy.com, LLC","whois.godaddy.com","http://registrar.godaddy.com","Maurice","Maurice","","","Cpe","","Mauritius","","","","","","","","","","","","","","","","","","","","","","","","","","","","","","","","","","ns6535.hostgator.com","ns6536.hostgator.com","","","clientDeleteProhibited","clientRenewProhibited","clientTransferProhibited","clientUpdateProhibited"
"8","nelvindookee.com","2020-05-10 04:10:36","2020-05-08","2020-05-08","2021-05-08","955","Launchpad, Inc.","whois.launchpad.com","http://www.launchpad.com","Nelvin Dookee","None","Kallee Road Fond Du Sac","Port Louis","PU","20601","Mauritius","nelvindookee@gmail.com","+230.59028003","","Nelvin Dookee","None","Kallee Road Fond Du Sac","Port Louis","PU","20601","Mauritius","nelvindookee@gmail.com","+230.59028003","","Nelvin Dookee","None","Kallee Road Fond Du Sac","Port Louis","PU","20601","Mauritius","nelvindookee@gmail.com","+230.59028003","","","","","","","","","","","","ns8269.hostgator.com","ns8270.hostgator.com","","","clientTransferProhibited","","",""
"9","vallamanda.com","2020-05-10 03:03:32","2020-05-08","2020-05-08","2021-05-08","440","Wild West Domains, LLC","whois.wildwestdomains.com","http://www.wildwestdomains.com","Nemesys  Ltd","Nemesys  Ltd","","","Plaines-Wilhems","","Mauritius","","","","","","","","","","","","","","","","","","","","","","","","","","","","","","","","","","ns1.nemesysweb.com","ns2.nemesysweb.com","","","clientDeleteProhibited","clientRenewProhibited","clientTransferProhibited","clientUpdateProhibited"
"10","zakhosenbux.com","2020-05-10 06:13:42","2020-05-07","2020-05-07","2021-05-07","69","Tucows Domains Inc.","whois.tucows.com","http://domainhelp.opensrs.net","REDACTED FOR PRIVACY","REDACTED FOR PRIVACY","REDACTED FOR PRIVACY","REDACTED FOR PRIVACY","Port Louis","REDACTED FOR PRIVACY","Mauritius","","REDACTED FOR PRIVACY","REDACTED FOR PRIVACY","REDACTED FOR PRIVACY","REDACTED FOR PRIVACY","REDACTED FOR PRIVACY","REDACTED FOR PRIVACY","REDACTED FOR PRIVACY","REDACTED FOR PRIVACY","REDACTED FOR PRIVACY","","REDACTED FOR PRIVACY","REDACTED FOR PRIVACY","REDACTED FOR PRIVACY","REDACTED FOR PRIVACY","REDACTED FOR PRIVACY","REDACTED FOR PRIVACY","REDACTED FOR PRIVACY","REDACTED FOR PRIVACY","REDACTED FOR PRIVACY","","REDACTED FOR PRIVACY","REDACTED FOR PRIVACY","","","","","","","","","","","ns1.stackdns.com","ns2.stackdns.com","ns3.stackdns.com","ns4.stackdns.com","clientTransferProhibited","clientUpdateProhibited","",""