"num","domain_name","query_time","create_date","update_date","expiry_date","domain_registrar_id","domain_registrar_name","domain_registrar_whois","domain_registrar_url","registrant_name","registrant_company","registrant_address","registrant_city","registrant_state","registrant_zip","registrant_country","registrant_email","registrant_phone","registrant_fax","administrative_name","administrative_company","administrative_address","administrative_city","administrative_state","administrative_zip","administrative_country","administrative_email","administrative_phone","administrative_fax","technical_name","technical_company","technical_address","technical_city","technical_state","technical_zip","technical_country","technical_email","technical_phone","technical_fax","billing_name","billing_company","billing_address","billing_city","billing_state","billing_zip","billing_country","billing_email","billing_phone","billing_fax","name_server_1","name_server_2","name_server_3","name_server_4","domain_status_1","domain_status_2","domain_status_3","domain_status_4"
"1","garaj77.com","2020-05-10 06:26:27","2020-05-07","2020-05-07","2021-05-07","146","GoDaddy.com, LLC","whois.godaddy.com","http://registrar.godaddy.com","","","","","Chi\u015fin\u0103u","","Moldova, Republic Of","","","","","","","","","","","","","","","","","","","","","","","","","","","","","","","","","","ns57.domaincontrol.com","ns58.domaincontrol.com","","","clientDeleteProhibited","clientRenewProhibited","clientTransferProhibited","clientUpdateProhibited"
"2","grapeswinegame.com","2020-05-10 04:17:10","2020-05-08","2020-05-08","2022-05-08","146","GoDaddy.com, LLC","whois.godaddy.com","http://registrar.godaddy.com","Time to Wine SRL","Time to Wine SRL","","","Chi\u015fin\u0103u","","Moldova, Republic Of","","","","","","","","","","","","","","","","","","","","","","","","","","","","","","","","","","ns51.domaincontrol.com","ns52.domaincontrol.com","","","clientDeleteProhibited","clientRenewProhibited","clientTransferProhibited","clientUpdateProhibited"
"3","greenway-one.com","2020-05-10 03:12:42","2020-05-08","2020-05-08","2021-05-08","1606","Limited Liability Company 'Registrar of domain names REG.RU'","whois.reg.ru","http://www.reg.ru","Anastasia Mangul","Greenway","95 Moldavskoi divizii, 75","Tiraspol","Tiraspol","MD-3300","Moldova, Republic Of","stasyapapina@gmail.com","+373.77800069","","Anastasia Mangul","Greenway","95 Moldavskoi divizii, 75","Tiraspol","Tiraspol","MD-3300","Moldova, Republic Of","stasyapapina@gmail.com","+373.77800069","","Anastasia Mangul","Greenway","95 Moldavskoi divizii, 75","Tiraspol","Tiraspol","MD-3300","Moldova, Republic Of","stasyapapina@gmail.com","+373.77800069","","","","","","","","","","","","ns1.selectel.org","ns2.selectel.org","ns3.selectel.org","ns4.selectel.org","clientTransferProhibited","","",""
"4","informbrain.com","2020-05-10 03:43:56","2020-05-07","2020-05-07","2021-05-07","1647","Hosting Concepts B.V. dba Openprovider","whois.registrar.eu","http://www.openprovider.com","REDACTED FOR PRIVACY","","REDACTED FOR PRIVACY","REDACTED FOR PRIVACY","Nisporeni","REDACTED FOR PRIVACY","Moldova, Republic Of","","REDACTED FOR PRIVACY","REDACTED FOR PRIVACY","REDACTED FOR PRIVACY","REDACTED FOR PRIVACY","REDACTED FOR PRIVACY","REDACTED FOR PRIVACY","REDACTED FOR PRIVACY","REDACTED FOR PRIVACY","REDACTED FOR PRIVACY","","REDACTED FOR PRIVACY","REDACTED FOR PRIVACY","REDACTED FOR PRIVACY","REDACTED FOR PRIVACY","REDACTED FOR PRIVACY","REDACTED FOR PRIVACY","REDACTED FOR PRIVACY","REDACTED FOR PRIVACY","REDACTED FOR PRIVACY","","REDACTED FOR PRIVACY","REDACTED FOR PRIVACY","","","","","","","","","","","ns1.hostico.ro","ns2.hostico.ro","ns3.hostico.ro","ns4.hostico.ro","clientTransferProhibited","ok","",""
"5","remontrepedi.com","2020-05-10 04:29:13","2020-05-08","2020-05-08","2021-05-08","106","Ascio Technologies, Inc. Danmark - Filial af Ascio technologies, Inc. USA","whois.ascio.com","http://www.ascio.com","Not Disclosed","Not Disclosed","Not Disclosed","Not Disclosed","","Not Disclosed","Moldova, Republic Of","","Not Disclosed","Not Disclosed","Not Disclosed","Not Disclosed","Not Disclosed","Not Disclosed","Not Disclosed","Not Disclosed","Not Disclosed","","Not Disclosed","Not Disclosed","Not Disclosed","Not Disclosed","Not Disclosed","Not Disclosed","Not Disclosed","Not Disclosed","Not Disclosed","","Not Disclosed","Not Disclosed","","","","","","","","","","","dns1.123hjemmeside.dk","dns2.123hjemmeside.dk","dns3.123hjemmeside.dk","","OK","","",""