"num","domain_name","query_time","create_date","update_date","expiry_date","domain_registrar_id","domain_registrar_name","domain_registrar_whois","domain_registrar_url","registrant_name","registrant_company","registrant_address","registrant_city","registrant_state","registrant_zip","registrant_country","registrant_email","registrant_phone","registrant_fax","administrative_name","administrative_company","administrative_address","administrative_city","administrative_state","administrative_zip","administrative_country","administrative_email","administrative_phone","administrative_fax","technical_name","technical_company","technical_address","technical_city","technical_state","technical_zip","technical_country","technical_email","technical_phone","technical_fax","billing_name","billing_company","billing_address","billing_city","billing_state","billing_zip","billing_country","billing_email","billing_phone","billing_fax","name_server_1","name_server_2","name_server_3","name_server_4","domain_status_1","domain_status_2","domain_status_3","domain_status_4"
"1","aarogyanepal.com","2020-05-10 04:30:15","2020-05-08","2020-05-08","2021-05-08","303","PDR Ltd. d/b/a PublicDomainRegistry.com","whois.publicdomainregistry.com","http://www.publicdomainregistry.com","Yaduraj Nepal","Career Counseling Center Pvt Ltd","Samakhusi","Kathmandu","Bagmati","44600","Nepal","yadu_nepal1@yahoo.com","+977.4353376","","Yaduraj Nepal","Career Counseling Center Pvt Ltd","Samakhusi","Kathmandu","Bagmati","44600","Nepal","yadu_nepal1@yahoo.com","+977.4353376","","Yaduraj Nepal","Career Counseling Center Pvt Ltd","Samakhusi","Kathmandu","Bagmati","44600","Nepal","yadu_nepal1@yahoo.com","+977.4353376","","","","","","","","","","","","ohodomain.earth.orderbox-dns.com","ohodomain.mars.orderbox-dns.com","ohodomain.mercury.orderbox-dns.com","ohodomain.venus.orderbox-dns.com","clientTransferProhibited","","",""
"2","abhishekbajracharya.com","2020-05-10 04:55:32","2020-05-08","2020-05-08","2021-05-08","303","PDR Ltd. d/b/a PublicDomainRegistry.com","whois.publicdomainregistry.com","http://www.publicdomainregistry.com","Abhishek Bajracharya","","Lalitpur","Lalitpur","Bagmati","44700","Nepal","abhishek.bajracharya75@gmail.com","+977.9860216873","","Abhishek Bajracharya","","Lalitpur","Lalitpur","Bagmati","44700","Nepal","abhishek.bajracharya75@gmail.com","+977.9860216873","","Abhishek Bajracharya","","Lalitpur","Lalitpur","Bagmati","44700","Nepal","abhishek.bajracharya75@gmail.com","+977.9860216873","","","","","","","","","","","","ns1.thulo.com","ns2.thulo.com","ns3.thulo.com","ns4.thulo.com","clientTransferProhibited","","",""
"3","admitef.com","2020-05-10 04:36:08","2020-05-08","2020-05-08","2022-05-08","146","GoDaddy.com, LLC","whois.godaddy.com","http://registrar.godaddy.com","Education First Pvt LTd","Education First Pvt LTd","","","Bagmati","","Nepal","","","","","","","","","","","","","","","","","","","","","","","","","","","","","","","","","","ns51.domaincontrol.com","ns52.domaincontrol.com","","","clientDeleteProhibited","clientRenewProhibited","clientTransferProhibited","clientUpdateProhibited"
"4","banksofnepal.com","2020-05-10 03:10:54","2020-05-08","2020-05-08","2021-05-08","1250","Trunkoz Technologies Pvt Ltd. d/b/a OwnRegistrar.com","whois.ownregistrar.com","http://www.ownregistrar.com","Puskar Munankarmi","NA","Kupondole","Kahtmandu","Bagmati","44600","Nepal","pmunankarmi@gmail.com","+977.9851103094","","Puskar Munankarmi","NA","Kupondole","Kahtmandu","Bagmati","44600","Nepal","pmunankarmi@gmail.com","+977-9851103094","","Puskar Munankarmi","NA","Kupondole","Kahtmandu","Bagmati","44600","Nepal","pmunankarmi@gmail.com","+977-9851103094","","","","","","","","","","","","ns1.nepallink.net","ns2.nepallink.net","ns3.nepallink.net","","OK","","",""
"5","battlegroundshop.com","2020-05-10 03:06:14","2020-05-08","2020-05-08","2021-05-08","69","Tucows Domains Inc.","whois.tucows.com","http://domainhelp.opensrs.net","REDACTED FOR PRIVACY","REDACTED FOR PRIVACY","REDACTED FOR PRIVACY","REDACTED FOR PRIVACY","seti","REDACTED FOR PRIVACY","Nepal","","REDACTED FOR PRIVACY","REDACTED FOR PRIVACY","REDACTED FOR PRIVACY","REDACTED FOR PRIVACY","REDACTED FOR PRIVACY","REDACTED FOR PRIVACY","REDACTED FOR PRIVACY","REDACTED FOR PRIVACY","REDACTED FOR PRIVACY","","REDACTED FOR PRIVACY","REDACTED FOR PRIVACY","REDACTED FOR PRIVACY","REDACTED FOR PRIVACY","REDACTED FOR PRIVACY","REDACTED FOR PRIVACY","REDACTED FOR PRIVACY","REDACTED FOR PRIVACY","REDACTED FOR PRIVACY","","REDACTED FOR PRIVACY","REDACTED FOR PRIVACY","","","","","","","","","","","ns1.stackdns.com","ns2.stackdns.com","ns3.stackdns.com","ns4.stackdns.com","clientTransferProhibited","clientUpdateProhibited","",""
"6","bhorefoods.com","2020-05-10 02:07:00","2020-05-08","2020-05-08","2021-05-08","303","PDR Ltd. d/b/a PublicDomainRegistry.com","whois.publicdomainregistry.com","http://www.publicdomainregistry.com","Raj kumar mahto","bhore group of company","hetauda","hetauda","Bagmati","44100","Nepal","bhorefood@gmail.com","+977.9802059173","","Raj kumar mahto","bhore group of company","hetauda","hetauda","Bagmati","44100","Nepal","bhorefood@gmail.com","+977.9802059173","","Raj kumar mahto","bhore group of company","hetauda","hetauda","Bagmati","44100","Nepal","bhorefood@gmail.com","+977.9802059173","","","","","","","","","","","","ns1.tezash.com","ns2.tezash.com","","","clientTransferProhibited","","",""
"7","bizonomicsbuzz.com","2020-05-10 06:21:26","2020-05-08","2020-05-08","2021-05-08","303","PDR Ltd. d/b/a PublicDomainRegistry.com","whois.publicdomainregistry.com","http://www.publicdomainregistry.com","Sachin  Dangi","Bizonomics","Bijulibazar","Kathmandu","Bagmati","44600","Nepal","bizonomics19@gmail.com","+977.9849680882","","Sachin  Dangi","Bizonomics","Bijulibazar","Kathmandu","Bagmati","44600","Nepal","bizonomics19@gmail.com","+977.9849680882","","Sachin  Dangi","Bizonomics","Bijulibazar","Kathmandu","Bagmati","44600","Nepal","bizonomics19@gmail.com","+977.9849680882","","","","","","","","","","","","ns1.bitmoro.com","ns2.bitmoro.com","","","clientTransferProhibited","","",""
"8","chillyshot.com","2020-05-10 03:54:18","2020-05-07","2020-05-07","2021-05-07","146","GoDaddy.com, LLC","whois.godaddy.com","http://registrar.godaddy.com","Hamrakura","Hamrakura","","","Bagmati","","Nepal","","","","","","","","","","","","","","","","","","","","","","","","","","","","","","","","","","thomas.ns.cloudflare.com","tori.ns.cloudflare.com","","","clientDeleteProhibited","clientRenewProhibited","clientTransferProhibited","clientUpdateProhibited"
"9","cityservicenepal.com","2020-05-10 02:56:29","2020-05-08","2020-05-08","2021-05-08","146","GoDaddy.com, LLC","whois.godaddy.com","http://registrar.godaddy.com","SoftNEP Pvt Ltd","SoftNEP Pvt Ltd","","","Bagmati","","Nepal","","","","","","","","","","","","","","","","","","","","","","","","","","","","","","","","","","ns1.totalnepal.com","ns2.totalnepal.com","","","clientDeleteProhibited","clientRenewProhibited","clientTransferProhibited","clientUpdateProhibited"
"10","delhibakery.com","2020-05-10 03:36:25","2020-05-07","2020-05-07","2021-05-07","303","PDR Ltd. d/b/a PublicDomainRegistry.com","whois.publicdomainregistry.com","http://www.publicdomainregistry.com","Kailash Dev Palikhe","","Nayabazar","Pokhara","Gandaki","33700","Nepal","siddheshwor.nepal@gmail.com","+977.9856062132","","Kailash Dev Palikhe","","Nayabazar","Pokhara","Gandaki","33700","Nepal","siddheshwor.nepal@gmail.com","+977.9856062132","","Kailash Dev Palikhe","","Nayabazar","Pokhara","Gandaki","33700","Nepal","siddheshwor.nepal@gmail.com","+977.9856062132","","","","","","","","","","","","ns1.sedoparking.com","ns2.sedoparking.com","","","clientTransferProhibited","","",""
"11","dhaulagirikhabar.com","2020-05-10 04:07:19","2020-05-08","2020-05-08","2021-05-08","1291","Crazy Domains FZ-LLC","whois.crazydomains.com","http://www.crazydomains.com","DHAULAGIRI KHABAR","","BENI MUNICIPALITY-02","MYAGDI","GANDAKI","33200","Nepal","khabardhaulagiri@gmail.com","+977.69521242","","DHAULAGIRI KHABAR","","BENI MUNICIPALITY-02","MYAGDI","GANDAKI","33200","Nepal","khabardhaulagiri@gmail.com","+977.69521242","","DHAULAGIRI KHABAR","","BENI MUNICIPALITY-02","MYAGDI","GANDAKI","33200","Nepal","khabardhaulagiri@gmail.com","+977.69521242","","","","","","","","","","","","alaric.ns.cloudflare.com","mimi.ns.cloudflare.com","","","OK","","",""
"12","dokanmart.com","2020-05-10 03:30:45","2020-05-08","2020-05-08","2021-05-08","303","PDR Ltd. d/b/a PublicDomainRegistry.com","whois.publicdomainregistry.com","http://www.publicdomainregistry.com","Suresh Tamang","Nenotech Infosys Pvt. Ltd","Boudha","Kathmandu","Bagmati","44600","Nepal","srshtmg@gmail.com","+977.9860013268","","Suresh Tamang","Nenotech Infosys Pvt. Ltd","Boudha","Kathmandu","Bagmati","44600","Nepal","srshtmg@gmail.com","+977.9860013268","","Suresh Tamang","Nenotech Infosys Pvt. Ltd","Boudha","Kathmandu","Bagmati","44600","Nepal","srshtmg@gmail.com","+977.9860013268","","","","","","","","","","","","ns1.bh-ht-14.webhostbox.net","ns2.bh-ht-14.webhostbox.net","","","clientTransferProhibited","","",""
"13","efadmit.com","2020-05-10 04:33:07","2020-05-08","2020-05-08","2022-05-08","146","GoDaddy.com, LLC","whois.godaddy.com","http://registrar.godaddy.com","Education First Pvt LTd","Education First Pvt LTd","","","Bagmati","","Nepal","","","","","","","","","","","","","","","","","","","","","","","","","","","","","","","","","","ns33.domaincontrol.com","ns34.domaincontrol.com","","","clientDeleteProhibited","clientRenewProhibited","clientTransferProhibited","clientUpdateProhibited"
"14","everyworkflow.com","2020-05-10 02:52:42","2020-05-08","2020-05-08","2021-05-08","303","PDR Ltd. d/b/a PublicDomainRegistry.com","whois.publicdomainregistry.com","http://www.publicdomainregistry.com","Suson Waiba","Freelancer","Bafal","Kathmandu","Bagmati","00977","Nepal","susonwaiba@gmail.com","+977.9860377086","","Suson Waiba","Freelancer","Bafal","Kathmandu","Bagmati","00977","Nepal","susonwaiba@gmail.com","+977.9860377086","","Suson Waiba","Freelancer","Bafal","Kathmandu","Bagmati","00977","Nepal","susonwaiba@gmail.com","+977.9860377086","","","","","","","","","","","","dns3.parkpage.foundationapi.com","dns4.parkpage.foundationapi.com","","","clientTransferProhibited","","",""
"15","exposeview.com","2020-05-10 04:12:16","2020-05-08","2020-05-08","2021-05-08","303","PDR Ltd. d/b/a PublicDomainRegistry.com","whois.publicdomainregistry.com","http://www.publicdomainregistry.com","Nepal Nepal","Nepal","Nepal","Nepal","Nepal","97788","Nepal","bsnepal0@gmail.com","+977.9805645454","","Nepal Nepal","Nepal","Nepal","Nepal","Nepal","97788","Nepal","bsnepal0@gmail.com","+977.9805645454","","Nepal Nepal","Nepal","Nepal","Nepal","Nepal","97788","Nepal","bsnepal0@gmail.com","+977.9805645454","","","","","","","","","","","","ns1.namastehost.com","ns2.namastehost.com","","","clientTransferProhibited","","",""
"16","godigitaladvertiser.com","2020-05-10 02:18:02","2020-05-08","2020-05-08","2021-05-08","1291","Crazy Domains FZ-LLC","whois.crazydomains.com","http://www.crazydomains.com","ANISH KHADGI","","PACHALI TEKU","KATHMANDU","BAGMATI","44600","Nepal","anishkhadgi007@gmail.com","+977.9861001461","","ANISH KHADGI","","PACHALI TEKU","KATHMANDU","BAGMATI","44600","Nepal","anishkhadgi007@gmail.com","+977.9861001461","","ANISH KHADGI","","PACHALI TEKU","KATHMANDU","BAGMATI","44600","Nepal","anishkhadgi007@gmail.com","+977.9861001461","","","","","","","","","","","","ns7.agmwebhosting.com","ns8.agmwebhosting.com","","","OK","","",""
"17","highendtechs.com","2020-05-10 04:19:03","2020-05-08","2020-05-08","2021-05-08","1250","Trunkoz Technologies Pvt Ltd. d/b/a OwnRegistrar.com","whois.ownregistrar.com","http://www.ownregistrar.com","Sandeep  Sharma","NA","Pokhara 5 ParsyangPokhara 5 Parsyang","Pokhara","Gandaki","33700","Nepal","iam.sandeep432@gmail.com","+977.9866864234","","Sandeep  Sharma","NA","Pokhara 5 ParsyangPokhara 5 Parsyang","Pokhara","Gandaki","33700","Nepal","iam.sandeep432@gmail.com","+977-9866864234","","Sandeep  Sharma","NA","Pokhara 5 ParsyangPokhara 5 Parsyang","Pokhara","Gandaki","33700","Nepal","iam.sandeep432@gmail.com","+977-9866864234","","","","","","","","","","","","ns-1480.awsdns-57.org","ns-1987.awsdns-56.co.uk","ns-338.awsdns-42.com","ns-722.awsdns-26.net","OK","","",""
"18","hygienebakey.com","2020-05-10 03:00:48","2020-05-08","2020-05-08","2021-05-08","303","PDR Ltd. d/b/a PublicDomainRegistry.com","whois.publicdomainregistry.com","http://www.publicdomainregistry.com","Kailash Dev Palikhe","","Nayabazar","Pokhara","Gandaki","33700","Nepal","siddheshwor.nepal@gmail.com","+977.9856062132","","Kailash Dev Palikhe","","Nayabazar","Pokhara","Gandaki","33700","Nepal","siddheshwor.nepal@gmail.com","+977.9856062132","","Kailash Dev Palikhe","","Nayabazar","Pokhara","Gandaki","33700","Nepal","siddheshwor.nepal@gmail.com","+977.9856062132","","","","","","","","","","","","ns1.merohost.com","ns2.merohost.com","ns3.merohost.com","ns4.merohost.com","clientTransferProhibited","","",""
"19","janamatonline.com","2020-05-10 03:07:52","2020-05-08","2020-05-08","2021-05-08","1250","Trunkoz Technologies Pvt Ltd. d/b/a OwnRegistrar.com","whois.ownregistrar.com","http://www.ownregistrar.com","Nyamik Kumar  Yadav","NA","ThapachowkBelhi","Janakpur","Janakpur","45600","Nepal","nyamikkumar@gmail.com","+977.9848851904","","Nyamik Kumar  Yadav","NA","ThapachowkBelhi","Janakpur","Janakpur","45600","Nepal","nyamikkumar@gmail.com","+977-9848851904","","Nyamik Kumar  Yadav","NA","ThapachowkBelhi","Janakpur","Janakpur","45600","Nepal","nyamikkumar@gmail.com","+977-9848851904","","","","","","","","","","","","ns1.ehostingserver.com","ns2.ehostingserver.com","","","clientRenewProhibited","clientTransferProhibited","clientUpdateProhibited",""
"20","jananikash.com","2020-05-10 04:10:23","2020-05-08","2020-05-08","2021-05-08","303","PDR Ltd. d/b/a PublicDomainRegistry.com","whois.publicdomainregistry.com","http://www.publicdomainregistry.com","dilip dallakoti","jananikash","munal path biratnagar","biratnagar","morang","56613","Nepal","jananikashnepal@gmail.com","+977.9800971310","","dilip dallakoti","jananikash","munal path biratnagar","biratnagar","morang","56613","Nepal","jananikashnepal@gmail.com","+977.9800971310","","dilip dallakoti","jananikash","munal path biratnagar","biratnagar","morang","56613","Nepal","jananikashnepal@gmail.com","+977.9800971310","","","","","","","","","","","","ns1.prosperoserver.com","ns2.prosperoserver.com","","","clientTransferProhibited","","",""
"21","kavrepost.com","2020-05-10 02:56:35","2020-05-08","2020-05-08","2021-05-08","303","PDR Ltd. d/b/a PublicDomainRegistry.com","whois.publicdomainregistry.com","http://www.publicdomainregistry.com","Ishwor Kafle","","Jorpati","Kathmandu","Narayani","44600","Nepal","ishomansa@gmail.com","+977.9868205024","","Ishwor Kafle","","Jorpati","Kathmandu","Narayani","44600","Nepal","ishomansa@gmail.com","+977.9868205024","","Ishwor Kafle","","Jorpati","Kathmandu","Narayani","44600","Nepal","ishomansa@gmail.com","+977.9868205024","","","","","","","","","","","","ns1.vultr.com","ns2.vultr.com","","","clientTransferProhibited","","",""
"22","khojinepal.com","2020-05-10 06:29:54","2020-05-08","2020-05-08","2021-05-08","146","GoDaddy.com, LLC","whois.godaddy.com","http://registrar.godaddy.com","","","","","Bagmati","","Nepal","","","","","","","","","","","","","","","","","","","","","","","","","","","","","","","","","","ns51.domaincontrol.com","ns52.domaincontrol.com","","","clientDeleteProhibited","clientRenewProhibited","clientTransferProhibited","clientUpdateProhibited"
"23","learnwithakash.com","2020-05-10 04:17:33","2020-05-08","2020-05-08","2021-05-08","303","PDR Ltd. d/b/a PublicDomainRegistry.com","whois.publicdomainregistry.com","http://www.publicdomainregistry.com","Akash","Mega Web Link Pvt. Ltd.","Gaurighat","kathmandu","Bagmati","44600","Nepal","info@megaweblink.com.np","+977.9849959763","","Akash","Mega Web Link Pvt. Ltd.","Gaurighat","kathmandu","Bagmati","44600","Nepal","info@megaweblink.com.np","+977.9849959763","","Akash","Mega Web Link Pvt. Ltd.","Gaurighat","kathmandu","Bagmati","44600","Nepal","info@megaweblink.com.np","+977.9849959763","","","","","","","","","","","","fay.ns.cloudflare.com","kipp.ns.cloudflare.com","","","clientTransferProhibited","","",""
"24","livegandaki.com","2020-05-10 03:53:35","2020-05-07","2020-05-07","2021-05-07","303","PDR Ltd. d/b/a PublicDomainRegistry.com","whois.publicdomainregistry.com","http://www.publicdomainregistry.com","SobizTrend Technology","","Gongabu, Kathmandu","Kathmandu","Bagmati","44600","Nepal","sobiztrend@gmail.com","+977.9851248863","","SobizTrend Technology","","Gongabu, Kathmandu","Kathmandu","Bagmati","44600","Nepal","sobiztrend@gmail.com","+977.9851248863","","SobizTrend Technology","","Gongabu, Kathmandu","Kathmandu","Bagmati","44600","Nepal","sobiztrend@gmail.com","+977.9851248863","","","","","","","","","","","","asa.ns.cloudflare.com","dane.ns.cloudflare.com","","","clientTransferProhibited","","",""
"25","mahalaxmibakery.com","2020-05-10 02:59:06","2020-05-08","2020-05-08","2021-05-08","303","PDR Ltd. d/b/a PublicDomainRegistry.com","whois.publicdomainregistry.com","http://www.publicdomainregistry.com","Kailash Dev Palikhe","","Nayabazar","Pokhara","Gandaki","33700","Nepal","siddheshwor.nepal@gmail.com","+977.9856062132","","Kailash Dev Palikhe","","Nayabazar","Pokhara","Gandaki","33700","Nepal","siddheshwor.nepal@gmail.com","+977.9856062132","","Kailash Dev Palikhe","","Nayabazar","Pokhara","Gandaki","33700","Nepal","siddheshwor.nepal@gmail.com","+977.9856062132","","","","","","","","","","","","ns1.sedoparking.com","ns2.sedoparking.com","","","clientTransferProhibited","","",""
"26","mbasupplements.com","2020-05-10 03:59:23","2020-05-08","2020-05-08","2021-05-08","303","PDR Ltd. d/b/a PublicDomainRegistry.com","whois.publicdomainregistry.com","http://www.publicdomainregistry.com","Dinesh Karki","","Tinkune-32 Subidhanagar","Kathmandu","Bagmati","44600","Nepal","dineskrk2@gmail.com","+977.9851174768","","Dinesh Karki","","Tinkune-32 Subidhanagar","Kathmandu","Bagmati","44600","Nepal","dineskrk2@gmail.com","+977.9851174768","","Dinesh Karki","","Tinkune-32 Subidhanagar","Kathmandu","Bagmati","44600","Nepal","dineskrk2@gmail.com","+977.9851174768","","","","","","","","","","","","ns50.prabhuhost.com","ns51.prabhuhost.com","","","clientTransferProhibited","","",""
"27","mujetro.com","2020-05-10 04:31:01","2020-05-08","2020-05-08","2021-05-08","303","PDR Ltd. d/b/a PublicDomainRegistry.com","whois.publicdomainregistry.com","http://www.publicdomainregistry.com","Rajan Parajuli","Mujetro","Newroad, Kathmandu","Lalitpur","Bagmati","44700","Nepal","shsumank@gmail.com","+977.9851139014","+977.9841538467","Suman Sharma","Insight Technology","Kupondole","Lalitpur","Bagmati","44700","Nepal","shsumank@gmail.com","+977.15011847","+977.9841538467","Suman Sharma","Insight Technology","Kupondole","Lalitpur","Bagmati","44700","Nepal","shsumank@gmail.com","+977.15011847","+977.9841538467","","","","","","","","","","","ns1.dns-parking.com","ns2.dns-parking.com","","","clientTransferProhibited","","",""
"28","nepaliguru.com","2020-05-10 02:05:22","2020-05-08","2020-05-08","2021-05-08","303","PDR Ltd. d/b/a PublicDomainRegistry.com","whois.publicdomainregistry.com","http://www.publicdomainregistry.com","Sanjay Kumar Barakoti","SunBi","Kathmandu","Kathmandu","Bagmati","00977","Nepal","sunbi.design@gmail.com","+977.9801139464","","Sanjay Kumar Barakoti","SunBi","Kathmandu","Kathmandu","Bagmati","00977","Nepal","sunbi.design@gmail.com","+977.9801139464","","Sanjay Kumar Barakoti","SunBi","Kathmandu","Kathmandu","Bagmati","00977","Nepal","sunbi.design@gmail.com","+977.9801139464","","","","","","","","","","","","ns1.netfirms.com","ns2.netfirms.com","","","clientTransferProhibited","","",""
"29","nepallawpool.com","2020-05-10 06:27:03","2020-05-08","2020-05-08","2021-05-08","303","PDR Ltd. d/b/a PublicDomainRegistry.com","whois.publicdomainregistry.com","http://www.publicdomainregistry.com","Sanjeeta Nepal","","Kageswori Manohara","Kathmandu","Bagmati","44600","Nepal","sanjitan10@gmail.com","+977.9861481319","","Sanjeeta Nepal","","Kageswori Manohara","Kathmandu","Bagmati","44600","Nepal","sanjitan10@gmail.com","+977.9861481319","","Sanjeeta Nepal","","Kageswori Manohara","Kathmandu","Bagmati","44600","Nepal","sanjitan10@gmail.com","+977.9861481319","","","","","","","","","","","","dns3.parkpage.foundationapi.com","dns4.parkpage.foundationapi.com","","","clientTransferProhibited","","",""
"30","nepinsight.com","2020-05-10 06:26:45","2020-05-08","2020-05-08","2021-05-08","146","GoDaddy.com, LLC","whois.godaddy.com","http://registrar.godaddy.com","SoftNEP Pvt Ltd","SoftNEP Pvt Ltd","","","Bagmati","","Nepal","","","","","","","","","","","","","","","","","","","","","","","","","","","","","","","","","","ns1.totalnepal.com","ns2.totalnepal.com","","","clientDeleteProhibited","clientRenewProhibited","clientTransferProhibited","clientUpdateProhibited"
"31","oekb46.com","2020-05-10 04:59:05","2020-05-08","2020-05-08","2021-05-08","303","PDR Ltd. d/b/a PublicDomainRegistry.com","whois.publicdomainregistry.com","http://www.publicdomainregistry.com","Anil Shrestha","","Hetauda","Hetauda","Bagmati","44700","Nepal","anilsthg@gmail.com","+977.9860242906","","Anil Shrestha","","Hetauda","Hetauda","Bagmati","44700","Nepal","anilsthg@gmail.com","+977.9860242906","","Anil Shrestha","","Hetauda","Hetauda","Bagmati","44700","Nepal","anilsthg@gmail.com","+977.9860242906","","","","","","","","","","","","ns101.cloudns.net","ns102.cloudns.net","ns103.cloudns.net","ns104.cloudns.net","clientTransferProhibited","","",""
"32","onlineyuba.com","2020-05-10 06:27:03","2020-05-08","2020-05-08","2021-05-08","303","PDR Ltd. d/b/a PublicDomainRegistry.com","whois.publicdomainregistry.com","http://www.publicdomainregistry.com","Kedar Poudel","Y.tech Pvt. Ltd.","Damak","Damak","jhapa","44600","Nepal","kpoudel89@gmail.com","+977.9861247784","","Kedar Poudel","Y.tech Pvt. Ltd.","Damak","Damak","jhapa","44600","Nepal","kpoudel89@gmail.com","+977.9861247784","","Kedar Poudel","Y.tech Pvt. Ltd.","Damak","Damak","jhapa","44600","Nepal","kpoudel89@gmail.com","+977.9861247784","","","","","","","","","","","","ns1.sawalnepal.net","ns2.sawalnepal.net","","","clientTransferProhibited","","",""
"33","osauji.com","2020-05-10 03:00:16","2020-05-08","2020-05-08","2021-05-08","303","PDR Ltd. d/b/a PublicDomainRegistry.com","whois.publicdomainregistry.com","http://www.publicdomainregistry.com","Babulal Thapa","","Gulmi isma","Gulmi","Lumbini","32610","Nepal","contact4.blthapa@gmail.com","+977.9847125048","","Babulal Thapa","","Gulmi isma","Gulmi","Lumbini","32610","Nepal","contact4.blthapa@gmail.com","+977.9847125048","","Babulal Thapa","","Gulmi isma","Gulmi","Lumbini","32610","Nepal","contact4.blthapa@gmail.com","+977.9847125048","","","","","","","","","","","","ohodomain.earth.orderbox-dns.com","ohodomain.mars.orderbox-dns.com","ohodomain.mercury.orderbox-dns.com","ohodomain.venus.orderbox-dns.com","clientTransferProhibited","","",""
"34","servicedealnepal.com","2020-05-10 03:08:01","2020-05-08","2020-05-08","2021-05-08","146","GoDaddy.com, LLC","whois.godaddy.com","http://registrar.godaddy.com","SoftNEP Pvt Ltd","SoftNEP Pvt Ltd","","","Bagmati","","Nepal","","","","","","","","","","","","","","","","","","","","","","","","","","","","","","","","","","ns1.totalnepal.com","ns2.totalnepal.com","","","clientDeleteProhibited","clientRenewProhibited","clientTransferProhibited","clientUpdateProhibited"
"35","shalommedianepal.com","2020-05-10 06:28:40","2020-05-08","2020-05-08","2021-05-08","1291","Crazy Domains FZ-LLC","whois.crazydomains.com","http://www.crazydomains.com","BIJAY KUMAR LUNGELI","","TAUKHEL GODAWORI","LALITPUR","BAGMATI","44600","Nepal","bijay.lungeli1@gmail.com","+977.9841478052","","BIJAY KUMAR LUNGELI","","TAUKHEL GODAWORI","LALITPUR","BAGMATI","44600","Nepal","bijay.lungeli1@gmail.com","+977.9841478052","","BIJAY KUMAR LUNGELI","","TAUKHEL GODAWORI","LALITPUR","BAGMATI","44600","Nepal","bijay.lungeli1@gmail.com","+977.9841478052","","","","","","","","","","","","ns1.supercp.com","ns2.supercp.com","ns3.supercp.com","ns4.supercp.com","OK","","",""
"36","sunlightpost.com","2020-05-10 06:26:51","2020-05-08","2020-05-08","2021-05-08","303","PDR Ltd. d/b/a PublicDomainRegistry.com","whois.publicdomainregistry.com","http://www.publicdomainregistry.com","Basanta","SEO Nepal","Lazmpat kathamdu","kathmandu","Bagmati","44600","Nepal","basanta@seonepal.com","+977.9841357923","","Basanta","SEO Nepal","Lazmpat kathamdu","kathmandu","Bagmati","44600","Nepal","basanta@seonepal.com","+977.9841357923","","Basanta","SEO Nepal","Lazmpat kathamdu","kathmandu","Bagmati","44600","Nepal","basanta@seonepal.com","+977.9841357923","","","","","","","","","","","","np1.seonepal.com","np2.seonepal.com","np3.seonepal.com","","clientTransferProhibited","","",""
"37","sunshinesbs.com","2020-05-10 04:17:23","2020-05-08","2020-05-08","2021-05-08","146","GoDaddy.com, LLC","whois.godaddy.com","http://registrar.godaddy.com","eSewa Fonepay","eSewa Fonepay","","","Bagmati","","Nepal","","","","","","","","","","","","","","","","","","","","","","","","","","","","","","","","","","ns1.npspeed.com","ns2.npspeed.com","","","clientDeleteProhibited","clientRenewProhibited","clientTransferProhibited","clientUpdateProhibited"
"38","technepal24.com","2020-05-10 04:14:46","2020-05-08","","2021-05-08","1068","NameCheap, Inc.","whois.namecheap.com","http://www.namecheap.com","Tech Hundred One Pvt Ltd","Tech101 Limited","Tech Hundred One Pvt Ltd, 91 Binayak Marg","Kamaladi","Kathmandu","00000","Nepal","admin@tech101.co.uk","+1.7889828798","+1.7889828798","Tech Hundred One Pvt Ltd","Tech101 Limited","Tech Hundred One Pvt Ltd, 91 Binayak Marg","Kamaladi","Kathmandu","00000","Nepal","admin@tech101.co.uk","+1.7889828798","+1.7889828798","Tech Hundred One Pvt Ltd","Tech101 Limited","Tech Hundred One Pvt Ltd, 91 Binayak Marg","Kamaladi","Kathmandu","00000","Nepal","admin@tech101.co.uk","+1.7889828798","+1.7889828798","","","","","","","","","","","ns1.webhosting101.co.uk","ns2.webhosting101.co.uk","","","addPeriod","clientTransferProhibited","",""
"39","tracklearnig.com","2020-05-10 04:30:55","2020-05-08","2020-05-08","2021-05-08","249","Visesh Infotecnics Ltd. d/b/a Signdomains.com","whois.signdomains.com","http://www.signdomains.com","kamlesh","subidha","Nepal","Biratnagar","Kosi","11111","Nepal","hellokamlesh2002@yahoo.com","+977.5555555","","kamlesh","subidha","Nepal","Biratnagar","Kosi","11111","Nepal","hellokamlesh2002@yahoo.com","+977.5555555","","kamlesh","subidha","Nepal","Biratnagar","Kosi","11111","Nepal","hellokamlesh2002@yahoo.com","+977.5555555","","","","","","","","","","","","dns3.parkpage.foundationapi.com","dns4.parkpage.foundationapi.com","","","clientTransferProhibited","","",""
"40","unclesbakery.com","2020-05-10 03:35:25","2020-05-07","2020-05-07","2021-05-07","303","PDR Ltd. d/b/a PublicDomainRegistry.com","whois.publicdomainregistry.com","http://www.publicdomainregistry.com","Kailash Dev Palikhe","","Nayabazar","Pokhara","Gandaki","33700","Nepal","siddheshwor.nepal@gmail.com","+977.9856062132","","Kailash Dev Palikhe","","Nayabazar","Pokhara","Gandaki","33700","Nepal","siddheshwor.nepal@gmail.com","+977.9856062132","","Kailash Dev Palikhe","","Nayabazar","Pokhara","Gandaki","33700","Nepal","siddheshwor.nepal@gmail.com","+977.9856062132","","","","","","","","","","","","ns1.sedoparking.com","ns2.sedoparking.com","","","clientTransferProhibited","","",""