"num","domain_name","query_time","create_date","update_date","expiry_date","domain_registrar_id","domain_registrar_name","domain_registrar_whois","domain_registrar_url","registrant_name","registrant_company","registrant_address","registrant_city","registrant_state","registrant_zip","registrant_country","registrant_email","registrant_phone","registrant_fax","administrative_name","administrative_company","administrative_address","administrative_city","administrative_state","administrative_zip","administrative_country","administrative_email","administrative_phone","administrative_fax","technical_name","technical_company","technical_address","technical_city","technical_state","technical_zip","technical_country","technical_email","technical_phone","technical_fax","billing_name","billing_company","billing_address","billing_city","billing_state","billing_zip","billing_country","billing_email","billing_phone","billing_fax","name_server_1","name_server_2","name_server_3","name_server_4","domain_status_1","domain_status_2","domain_status_3","domain_status_4"
"1","comuniturnic.com","2020-05-10 03:35:16","2020-05-07","2020-05-07","2021-05-07","303","PDR Ltd. d/b/a PublicDomainRegistry.com","whois.publicdomainregistry.com","http://www.publicdomainregistry.com","Info Hdweb","Hdwebnicaragua.com","Managua","Managua","Managua","00000","Nicaragua","info@hdwebnicaragua.com","+505.644477864","","Info Hdweb","Hdwebnicaragua.com","Managua","Managua","Managua","00000","Nicaragua","info@hdwebnicaragua.com","+505.644477864","","Info Hdweb","Hdwebnicaragua.com","Managua","Managua","Managua","00000","Nicaragua","info@hdwebnicaragua.com","+505.644477864","","","","","","","","","","","","ns1.mihosting.net","ns2.mihosting.net","ns3.mihosting.net","","clientTransferProhibited","","",""
"2","footfetishpalace.com","2020-05-10 06:04:17","2020-05-07","2020-05-07","2021-05-07","146","GoDaddy.com, LLC","whois.godaddy.com","http://registrar.godaddy.com","","","","","managua","","Nicaragua","","","","","","","","","","","","","","","","","","","","","","","","","","","","","","","","","","ns65.domaincontrol.com","ns66.domaincontrol.com","","","clientDeleteProhibited","clientRenewProhibited","clientTransferProhibited","clientUpdateProhibited"
"3","fourseasonsexteriorroofingllc.com","2020-05-10 04:41:08","2020-05-08","2020-05-08","2021-05-08","440","Wild West Domains, LLC","whois.wildwestdomains.com","http://www.wildwestdomains.com","Sobrenatural Marketing","Sobrenatural Marketing","","","Managua","","Nicaragua","","","","","","","","","","","","","","","","","","","","","","","","","","","","","","","","","","ns65.domaincontrol.com","ns66.domaincontrol.com","","","clientDeleteProhibited","clientRenewProhibited","clientTransferProhibited","clientUpdateProhibited"
"4","gueguensesa.com","2020-05-10 05:41:19","2020-05-07","2020-05-07","2021-05-07","76","Nominalia Internet S.L.","whois.nominalia.com","http://www.nominalia.com","REDACTED FOR PRIVACY","El Gueguense, S.A.","REDACTED FOR PRIVACY","REDACTED FOR PRIVACY","Masaya","REDACTED FOR PRIVACY","Nicaragua","","REDACTED.FORPRIVACY","REDACTED.FORPRIVACY","REDACTED FOR PRIVACY","REDACTED FOR PRIVACY","REDACTED FOR PRIVACY","REDACTED FOR PRIVACY","Masaya","REDACTED FOR PRIVACY","Nicaragua","","REDACTED.FORPRIVACY","REDACTED.FORPRIVACY","REDACTED FOR PRIVACY","REDACTED FOR PRIVACY","REDACTED FOR PRIVACY","REDACTED FOR PRIVACY","Barcelona","REDACTED FOR PRIVACY","Spain","","REDACTED.FORPRIVACY","REDACTED.FORPRIVACY","","","","","","","","","","","dns53.servidoresph.com","dns54.servidoresph.com","","","OK","","",""
"5","kronskoll.com","2020-05-10 04:36:35","2020-05-08","2020-05-08","2021-05-08","1005","NetEarth One Inc. d/b/a NetEarth","whois.advancedregistrar.com","http://www.netearthone.com","Fernando Curtis","","Colonia Morazan","Managua","Managua","11204","Nicaragua","ragecollective.nic@gmail.com","+505.84852983","","Fernando Curtis","","Colonia Morazan","Managua","Managua","11204","Nicaragua","ragecollective.nic@gmail.com","+505.84852983","","Fernando Curtis","","Colonia Morazan","Managua","Managua","11204","Nicaragua","ragecollective.nic@gmail.com","+505.84852983","","","","","","","","","","","","ns4938.banahosting.com","ns4939.banahosting.com","","","clientTransferProhibited","","",""
"6","neogrids.com","2020-05-10 04:10:19","2020-05-08","2020-05-08","2021-05-08","303","PDR Ltd. d/b/a PublicDomainRegistry.com","whois.publicdomainregistry.com","http://www.publicdomainregistry.com","Joaquin Gutierrez","neocad","barrio camilo ortega, antena 3s 1o","managua","MANAGUA","11002","Nicaragua","pedrojogu2020@outlook.com","+505.6105420","","Joaquin Gutierrez","neocad","barrio camilo ortega, antena 3s 1o","managua","MANAGUA","11002","Nicaragua","pedrojogu2020@outlook.com","+505.6105420","","Joaquin Gutierrez","neocad","barrio camilo ortega, antena 3s 1o","managua","MANAGUA","11002","Nicaragua","pedrojogu2020@outlook.com","+505.6105420","","","","","","","","","","","","ns1.mihosting.net","ns2.mihosting.net","ns3.mihosting.net","","clientTransferProhibited","","",""
"7","orbisinversiones.com","2020-05-10 02:22:34","2020-05-07","2020-05-07","2025-05-07","146","GoDaddy.com, LLC","whois.godaddy.com","http://registrar.godaddy.com","Orbis Inversiones","Orbis Inversiones","","","Masaya","","Nicaragua","","","","","","","","","","","","","","","","","","","","","","","","","","","","","","","","","","ns03.domaincontrol.com","ns04.domaincontrol.com","","","clientDeleteProhibited","clientRenewProhibited","clientTransferProhibited","clientUpdateProhibited"
"8","reddatos.com","2020-05-10 04:37:12","2020-05-08","2020-05-08","2021-05-08","440","Wild West Domains, LLC","whois.wildwestdomains.com","http://www.wildwestdomains.com","REDDATOS","REDDATOS","","","Managua","","Nicaragua","","","","","","","","","","","","","","","","","","","","","","","","","","","","","","","","","","ns3.mivocloud.com","ns4.mivocloud.com","","","clientDeleteProhibited","clientRenewProhibited","clientTransferProhibited","clientUpdateProhibited"
"9","sisgcom.com","2020-05-10 04:46:07","2020-05-08","2020-05-08","2021-05-08","303","PDR Ltd. d/b/a PublicDomainRegistry.com","whois.publicdomainregistry.com","http://www.publicdomainregistry.com","Armando Jose Garcia Jiron","Armando Jose Garcia Jiron","Resd. San Andres","Managua","Ciudad Sandino","11001","Nicaragua","armandogarciajiron@gmail.com","+505.86257314","","Armando Jose Garcia Jiron","Armando Jose Garcia Jiron","Resd. San Andres","Managua","Ciudad Sandino","11001","Nicaragua","armandogarciajiron@gmail.com","+505.86257314","","Armando Jose Garcia Jiron","Armando Jose Garcia Jiron","Resd. San Andres","Managua","Ciudad Sandino","11001","Nicaragua","armandogarciajiron@gmail.com","+505.86257314","","","","","","","","","","","","ns1.dns-parking.com","ns2.dns-parking.com","","","clientTransferProhibited","","",""
"10","thepinksideoflive.com","2020-05-10 03:14:44","2020-05-08","2020-05-08","2021-05-08","106","Ascio Technologies, Inc. Danmark - Filial af Ascio technologies, Inc. USA","whois.ascio.com","http://www.ascio.com","Not Disclosed","Not Disclosed","Not Disclosed","Not Disclosed","","Not Disclosed","Nicaragua","","Not Disclosed","Not Disclosed","Not Disclosed","Not Disclosed","Not Disclosed","Not Disclosed","Not Disclosed","Not Disclosed","Not Disclosed","","Not Disclosed","Not Disclosed","Not Disclosed","Not Disclosed","Not Disclosed","Not Disclosed","Not Disclosed","Not Disclosed","Not Disclosed","","Not Disclosed","Not Disclosed","","","","","","","","","","","dns1.123hjemmeside.dk","dns2.123hjemmeside.dk","dns3.123hjemmeside.dk","","OK","","",""
"11","viajeromusica.com","2020-05-10 02:15:38","2020-05-08","2020-05-08","2021-05-08","146","GoDaddy.com, LLC","whois.godaddy.com","http://registrar.godaddy.com","Viajero Musica","Viajero Musica","","","Nicaragua","","Nicaragua","","","","","","","","","","","","","","","","","","","","","","","","","","","","","","","","","","ns57.domaincontrol.com","ns58.domaincontrol.com","","","clientDeleteProhibited","clientRenewProhibited","clientTransferProhibited","clientUpdateProhibited"