"num","domain_name","query_time","create_date","update_date","expiry_date","domain_registrar_id","domain_registrar_name","domain_registrar_whois","domain_registrar_url","registrant_name","registrant_company","registrant_address","registrant_city","registrant_state","registrant_zip","registrant_country","registrant_email","registrant_phone","registrant_fax","administrative_name","administrative_company","administrative_address","administrative_city","administrative_state","administrative_zip","administrative_country","administrative_email","administrative_phone","administrative_fax","technical_name","technical_company","technical_address","technical_city","technical_state","technical_zip","technical_country","technical_email","technical_phone","technical_fax","billing_name","billing_company","billing_address","billing_city","billing_state","billing_zip","billing_country","billing_email","billing_phone","billing_fax","name_server_1","name_server_2","name_server_3","name_server_4","domain_status_1","domain_status_2","domain_status_3","domain_status_4"
"1","10plus1show.com","2020-05-10 06:29:25","2020-05-08","2020-05-08","2021-05-08","1001","Domeneshop AS dba  domainnameshop.com","whois.domainnameshop.com","http://www.domainnameshop.com","Payne Consulting","Payne Consulting","","","","","Norway","fxxo99ahgfha@privacy-protection.email","","","","","","","","","","3z8vzot9sy5p@privacy-protection.email","","","","","","","","","","hostmaster@domeneshop.no","","","","","","","","","","","","","ns1.hyp.net","ns2.hyp.net","ns3.hyp.net","","clientTransferProhibited","","",""
"2","abosohail.com","2020-05-10 03:02:04","2020-05-08","2020-05-08","2021-05-08","146","GoDaddy.com, LLC","whois.godaddy.com","http://registrar.godaddy.com","","","","","CAIRO","","Norway","","","","","","","","","","","","","","","","","","","","","","","","","","","","","","","","","","ns03.domaincontrol.com","ns04.domaincontrol.com","","","clientDeleteProhibited","clientRenewProhibited","clientTransferProhibited","clientUpdateProhibited"
"3","annmayah.com","2020-05-10 02:57:45","2020-05-08","2020-05-08","2021-05-08","1001","Domeneshop AS dba  domainnameshop.com","whois.domainnameshop.com","http://www.domainnameshop.com","Ann M. Ayah design","Ann M. Ayah design","","","","","Norway","qyeu9i8r3hvv@privacy-protection.email","","","","","","","","","","qzopzeh4cncg@privacy-protection.email","","","","","","","","","","hostmaster@domeneshop.no","","","","","","","","","","","","","ns1.hyp.net","ns2.hyp.net","ns3.hyp.net","","clientTransferProhibited","","",""
"4","arctic-basecamp.com","2020-05-10 05:56:27","2020-05-07","2020-05-07","2021-05-07","1001","Domeneshop AS dba  domainnameshop.com","whois.domainnameshop.com","http://www.domainnameshop.com","VISIT HARSTAD AS","VISIT HARSTAD AS","","","","","Norway","dehrwd7pwcqz@privacy-protection.email","","","","","","","","","","hxbsr2tgxcys@privacy-protection.email","","","","","","","","","","hostmaster@domeneshop.no","","","","","","","","","","","","","ns1.hyp.net","ns2.hyp.net","ns3.hyp.net","","clientTransferProhibited","","",""
"5","barriso.com","2020-05-10 05:32:19","2020-05-07","2020-05-07","2022-05-07","146","GoDaddy.com, LLC","whois.godaddy.com","http://registrar.godaddy.com","1986","1986","","","Telemark","","Norway","","","","","","","","","","","","","","","","","","","","","","","","","","","","","","","","","","ns03.domaincontrol.com","ns04.domaincontrol.com","","","clientDeleteProhibited","clientRenewProhibited","clientTransferProhibited","clientUpdateProhibited"
"6","basecamparctic.com","2020-05-10 05:56:55","2020-05-07","2020-05-07","2021-05-07","1001","Domeneshop AS dba  domainnameshop.com","whois.domainnameshop.com","http://www.domainnameshop.com","VISIT HARSTAD AS","VISIT HARSTAD AS","","","","","Norway","qmxsn45mcrdw@privacy-protection.email","","","","","","","","","","v4ukvzeqexmt@privacy-protection.email","","","","","","","","","","hostmaster@domeneshop.no","","","","","","","","","","","","","ns1.hyp.net","ns2.hyp.net","ns3.hyp.net","","clientTransferProhibited","","",""
"7","basecampharstad.com","2020-05-10 05:58:22","2020-05-07","2020-05-07","2021-05-07","1001","Domeneshop AS dba  domainnameshop.com","whois.domainnameshop.com","http://www.domainnameshop.com","VISIT HARSTAD AS","VISIT HARSTAD AS","","","","","Norway","e99nevhwvbyv@privacy-protection.email","","","","","","","","","","9ytqjbnuuazw@privacy-protection.email","","","","","","","","","","hostmaster@domeneshop.no","","","","","","","","","","","","","ns1.hyp.net","ns2.hyp.net","ns3.hyp.net","","clientTransferProhibited","","",""
"8","basecamplofoten.com","2020-05-10 02:52:38","2020-05-08","2020-05-08","2021-05-08","1001","Domeneshop AS dba  domainnameshop.com","whois.domainnameshop.com","http://www.domainnameshop.com","VISIT HARSTAD AS","VISIT HARSTAD AS","","","","","Norway","nbz2jdxtaa83@privacy-protection.email","","","","","","","","","","t5hurcqaaq7h@privacy-protection.email","","","","","","","","","","hostmaster@domeneshop.no","","","","","","","","","","","","","ns1.hyp.net","ns2.hyp.net","ns3.hyp.net","","clientTransferProhibited","","",""
"9","basecampnarvik.com","2020-05-10 02:52:38","2020-05-08","2020-05-08","2021-05-08","1001","Domeneshop AS dba  domainnameshop.com","whois.domainnameshop.com","http://www.domainnameshop.com","VISIT HARSTAD AS","VISIT HARSTAD AS","","","","","Norway","8dtjrqdj4c94@privacy-protection.email","","","","","","","","","","xhgmcxzash5h@privacy-protection.email","","","","","","","","","","hostmaster@domeneshop.no","","","","","","","","","","","","","ns1.hyp.net","ns2.hyp.net","ns3.hyp.net","","clientTransferProhibited","","",""
"10","basecampnordnorge.com","2020-05-10 05:56:12","2020-05-07","2020-05-07","2021-05-07","1001","Domeneshop AS dba  domainnameshop.com","whois.domainnameshop.com","http://www.domainnameshop.com","VISIT HARSTAD AS","VISIT HARSTAD AS","","","","","Norway","u6gv5vddrnae@privacy-protection.email","","","","","","","","","","vn2wzm6tmscb@privacy-protection.email","","","","","","","","","","hostmaster@domeneshop.no","","","","","","","","","","","","","ns1.hyp.net","ns2.hyp.net","ns3.hyp.net","","clientTransferProhibited","","",""
"11","basecampnorway.com","2020-05-10 05:56:55","2020-05-07","2020-05-07","2021-05-07","1001","Domeneshop AS dba  domainnameshop.com","whois.domainnameshop.com","http://www.domainnameshop.com","VISIT HARSTAD AS","VISIT HARSTAD AS","","","","","Norway","eipet7owtraz@privacy-protection.email","","","","","","","","","","wkdyqavay2k8@privacy-protection.email","","","","","","","","","","hostmaster@domeneshop.no","","","","","","","","","","","","","ns1.hyp.net","ns2.hyp.net","ns3.hyp.net","","clientTransferProhibited","","",""
"12","basecampsenja.com","2020-05-10 02:57:57","2020-05-08","2020-05-08","2021-05-08","1001","Domeneshop AS dba  domainnameshop.com","whois.domainnameshop.com","http://www.domainnameshop.com","VISIT HARSTAD AS","VISIT HARSTAD AS","","","","","Norway","kx6pnjv2jgwx@privacy-protection.email","","","","","","","","","","z6drhm5cobc2@privacy-protection.email","","","","","","","","","","hostmaster@domeneshop.no","","","","","","","","","","","","","ns1.hyp.net","ns2.hyp.net","ns3.hyp.net","","clientTransferProhibited","","",""
"13","basecampvesteralen.com","2020-05-10 02:57:57","2020-05-08","2020-05-08","2021-05-08","1001","Domeneshop AS dba  domainnameshop.com","whois.domainnameshop.com","http://www.domainnameshop.com","VISIT HARSTAD AS","VISIT HARSTAD AS","","","","","Norway","oftpgaak7g8j@privacy-protection.email","","","","","","","","","","vhg2xniztrcq@privacy-protection.email","","","","","","","","","","hostmaster@domeneshop.no","","","","","","","","","","","","","ns1.hyp.net","ns2.hyp.net","ns3.hyp.net","","clientTransferProhibited","","",""
"14","batteriklinikken.com","2020-05-10 03:20:42","2020-05-08","2020-05-08","2021-05-08","1001","Domeneshop AS dba  domainnameshop.com","whois.domainnameshop.com","http://www.domainnameshop.com","OKTOEIGHT AS","OKTOEIGHT AS","","","","","Norway","czfq4xv62d6p@privacy-protection.email","","","","","","","","","","z2tchkeu8y75@privacy-protection.email","","","","","","","","","","hostmaster@domeneshop.no","","","","","","","","","","","","","ns1.hyp.net","ns2.hyp.net","ns3.hyp.net","","clientTransferProhibited","","",""
"15","batterillinikken.com","2020-05-10 04:12:04","2020-05-08","2020-05-08","2021-05-08","1001","Domeneshop AS dba  domainnameshop.com","whois.domainnameshop.com","http://www.domainnameshop.com","OKTOEIGHT AS","OKTOEIGHT AS","","","","","Norway","bxpf3c6kxweo@privacy-protection.email","","","","","","","","","","his5jb6qczxa@privacy-protection.email","","","","","","","","","","hostmaster@domeneshop.no","","","","","","","","","","","","","ns1.hyp.net","ns2.hyp.net","ns3.hyp.net","","clientTransferProhibited","","",""
"16","daysiane.com","2020-05-10 04:19:02","2020-05-08","2020-05-08","2021-05-08","1001","Domeneshop AS dba  domainnameshop.com","whois.domainnameshop.com","http://www.domainnameshop.com","Sitron","Sitron","","","","","Norway","vxn6tg4ra7cv@privacy-protection.email","","","","","","","","","","kze7tz4yf3vp@privacy-protection.email","","","","","","","","","","hostmaster@domeneshop.no","","","","","","","","","","","","","ns1.hyp.net","ns2.hyp.net","ns3.hyp.net","","clientTransferProhibited","","",""
"17","dyrbergtechnology.com","2020-05-10 04:36:23","2020-05-08","2020-05-08","2021-05-08","1001","Domeneshop AS dba  domainnameshop.com","whois.domainnameshop.com","http://www.domainnameshop.com","BCDP AS","BCDP AS","","","","","Norway","jzsbjy4rg6zk@privacy-protection.email","","","","","","","","","","shuudhmq9pvc@privacy-protection.email","","","","","","","","","","hostmaster@domeneshop.no","","","","","","","","","","","","","ns1.hyp.net","ns2.hyp.net","ns3.hyp.net","","clientTransferProhibited","","",""
"18","edugalvez.com","2020-05-10 02:12:12","2020-05-08","2020-05-08","2021-05-08","303","PDR Ltd. d/b/a PublicDomainRegistry.com","whois.publicdomainregistry.com","http://www.publicdomainregistry.com","GDPR Masked","GDPR Masked","GDPR Masked","GDPR Masked","Oslo","GDPR Masked","Norway","gdpr-masking@gdpr-masked.com","GDPR Masked","GDPR Masked","GDPR Masked","GDPR Masked","GDPR Masked","GDPR Masked","GDPR Masked","GDPR Masked","GDPR Masked","gdpr-masking@gdpr-masked.com","GDPR Masked","GDPR Masked","GDPR Masked","GDPR Masked","GDPR Masked","GDPR Masked","GDPR Masked","GDPR Masked","GDPR Masked","gdpr-masking@gdpr-masked.com","GDPR Masked","GDPR Masked","","","","","","","","","","","diydns.earth.orderbox-dns.com","diydns.mars.orderbox-dns.com","diydns.mercury.orderbox-dns.com","diydns.venus.orderbox-dns.com","clientTransferProhibited","","",""
"19","el-generator.com","2020-05-10 02:57:44","2020-05-08","2020-05-08","2021-05-08","1001","Domeneshop AS dba  domainnameshop.com","whois.domainnameshop.com","http://www.domainnameshop.com","","","","","","","Norway","bkjtm7dmkf9s@privacy-protection.email","","","","","","","","","","gpadma4ktczu@privacy-protection.email","","","","","","","","","","hostmaster@domeneshop.no","","","","","","","","","","","","","ns1.hyp.net","ns2.hyp.net","ns3.hyp.net","","clientTransferProhibited","","",""
"20","fertilizerfeedplan.com","2020-05-10 04:20:16","2020-05-08","2020-05-08","2021-05-08","106","Ascio Technologies, Inc. Danmark - Filial af Ascio technologies, Inc. USA","whois.ascio.com","http://www.ascio.com","Not Disclosed","Not Disclosed","Not Disclosed","Not Disclosed","","Not Disclosed","Norway","","Not Disclosed","Not Disclosed","Not Disclosed","Not Disclosed","Not Disclosed","Not Disclosed","Not Disclosed","Not Disclosed","Not Disclosed","","Not Disclosed","Not Disclosed","Not Disclosed","Not Disclosed","Not Disclosed","Not Disclosed","Not Disclosed","Not Disclosed","Not Disclosed","","Not Disclosed","Not Disclosed","","","","","","","","","","","ns.datacenter.no","ns2.datacenter.no","","","OK","","",""
"21","fighterholding.com","2020-05-10 03:03:28","2020-05-08","2020-05-08","2021-05-08","1001","Domeneshop AS dba  domainnameshop.com","whois.domainnameshop.com","http://www.domainnameshop.com","BROKER SERVICES AS","BROKER SERVICES AS","","","","","Norway","bqaozrbb5fka@privacy-protection.email","","","","","","","","","","tv9ztgierjt7@privacy-protection.email","","","","","","","","","","hostmaster@domeneshop.no","","","","","","","","","","","","","ns1.hyp.net","ns2.hyp.net","ns3.hyp.net","","clientTransferProhibited","","",""
"22","freetrainingyt.com","2020-05-10 05:48:20","2020-05-08","2020-05-08","2021-05-08","146","GoDaddy.com, LLC","whois.godaddy.com","http://registrar.godaddy.com","","","","","Telemark","","Norway","","","","","","","","","","","","","","","","","","","","","","","","","","","","","","","","","","ns3.l4dns.com","ns4.l4dns.com","","","clientDeleteProhibited","clientRenewProhibited","clientTransferProhibited","clientUpdateProhibited"
"23","gbreiser.com","2020-05-10 05:35:08","2020-05-07","2020-05-07","2021-05-07","106","Ascio Technologies, Inc. Danmark - Filial af Ascio technologies, Inc. USA","whois.ascio.com","http://www.ascio.com","Not Disclosed","Not Disclosed","Not Disclosed","Not Disclosed","","Not Disclosed","Norway","","Not Disclosed","Not Disclosed","Not Disclosed","Not Disclosed","Not Disclosed","Not Disclosed","Not Disclosed","Not Disclosed","Not Disclosed","","Not Disclosed","Not Disclosed","Not Disclosed","Not Disclosed","Not Disclosed","Not Disclosed","Not Disclosed","Not Disclosed","Not Disclosed","","Not Disclosed","Not Disclosed","","","","","","","","","","","dns1.123hjemmeside.dk","dns2.123hjemmeside.dk","dns3.123hjemmeside.dk","","OK","","",""
"24","gjodselplan.com","2020-05-10 04:20:00","2020-05-08","2020-05-08","2021-05-08","106","Ascio Technologies, Inc. Danmark - Filial af Ascio technologies, Inc. USA","whois.ascio.com","http://www.ascio.com","Not Disclosed","Not Disclosed","Not Disclosed","Not Disclosed","","Not Disclosed","Norway","","Not Disclosed","Not Disclosed","Not Disclosed","Not Disclosed","Not Disclosed","Not Disclosed","Not Disclosed","Not Disclosed","Not Disclosed","","Not Disclosed","Not Disclosed","Not Disclosed","Not Disclosed","Not Disclosed","Not Disclosed","Not Disclosed","Not Disclosed","Not Disclosed","","Not Disclosed","Not Disclosed","","","","","","","","","","","ns.datacenter.no","ns2.datacenter.no","","","OK","","",""
"25","greenhouse.zone","2020-05-10 06:30:56","2020-05-08","2020-05-08","2021-05-08","106","Ascio Technologies, Inc. Danmark - Filial af Ascio technologies, Inc. USA","whois.ascio.com","http://www.ascio.com","REDACTED FOR PRIVACY","","REDACTED FOR PRIVACY","REDACTED FOR PRIVACY","","REDACTED FOR PRIVACY","Norway","","REDACTED FOR PRIVACY","REDACTED FOR PRIVACY","","","","","","","","","","","","","","","","","","","","","","","","","","","","","","","","","","","addPeriod","","",""
"26","greenpowernordic.com","2020-05-10 03:08:05","2020-05-08","2020-05-08","2021-05-08","1001","Domeneshop AS dba  domainnameshop.com","whois.domainnameshop.com","http://www.domainnameshop.com","IMFAMNA HOLDING AS","IMFAMNA HOLDING AS","","","","","Norway","xj3nkzr9j5wg@privacy-protection.email","","","","","","","","","","rhk98xxhnueb@privacy-protection.email","","","","","","","","","","hostmaster@domeneshop.no","","","","","","","","","","","","","ns1.hyp.net","ns2.hyp.net","ns3.hyp.net","","clientTransferProhibited","","",""
"27","gvettsje.com","2020-05-10 03:29:28","2020-05-08","2020-05-08","2021-05-08","1001","Domeneshop AS dba  domainnameshop.com","whois.domainnameshop.com","http://www.domainnameshop.com","","","","","","","Norway","g8ud4xuvyzxu@privacy-protection.email","","","","","","","","","","bweujkd35kzt@privacy-protection.email","","","","","","","","","","hostmaster@domeneshop.no","","","","","","","","","","","","","ns1.hyp.net","ns2.hyp.net","ns3.hyp.net","","clientTransferProhibited","","",""
"28","hagebruk.com","2020-05-10 04:23:30","2020-05-08","2020-05-08","2021-05-08","106","Ascio Technologies, Inc. Danmark - Filial af Ascio technologies, Inc. USA","whois.ascio.com","http://www.ascio.com","Not Disclosed","Not Disclosed","Not Disclosed","Not Disclosed","","Not Disclosed","Norway","","Not Disclosed","Not Disclosed","Not Disclosed","Not Disclosed","Not Disclosed","Not Disclosed","Not Disclosed","Not Disclosed","Not Disclosed","","Not Disclosed","Not Disclosed","Not Disclosed","Not Disclosed","Not Disclosed","Not Disclosed","Not Disclosed","Not Disclosed","Not Disclosed","","Not Disclosed","Not Disclosed","","","","","","","","","","","ns.datacenter.no","ns2.datacenter.no","","","OK","","",""
"29","hasxhappened.com","2020-05-10 05:45:27","2020-05-07","2020-05-07","2021-05-07","146","GoDaddy.com, LLC","whois.godaddy.com","http://registrar.godaddy.com","","","","","Vest-Agder","","Norway","","","","","","","","","","","","","","","","","","","","","","","","","","","","","","","","","","ns33.domaincontrol.com","ns34.domaincontrol.com","","","clientDeleteProhibited","clientRenewProhibited","clientTransferProhibited","clientUpdateProhibited"
"30","hectordarosa.com","2020-05-10 05:55:09","2020-05-07","2020-05-07","2021-05-07","146","GoDaddy.com, LLC","whois.godaddy.com","http://registrar.godaddy.com","","","","","OSLO","","Norway","","","","","","","","","","","","","","","","","","","","","","","","","","","","","","","","","","ns03.domaincontrol.com","ns04.domaincontrol.com","","","clientDeleteProhibited","clientRenewProhibited","clientTransferProhibited","clientUpdateProhibited"
"31","heruniot.com","2020-05-10 03:20:53","2020-05-08","2020-05-08","2025-05-08","3775","ALIBABA.COM SINGAPORE E-COMMERCE PRIVATE LIMITED","","","","","","","Rogaland","","Norway","","","","","","","","","","","","","","","","","","","","","","","","","","","","","","","","","","ns7.alidns.com","ns8.alidns.com","","","OK","","",""
"32","jafi-aalesund.com","2020-05-10 04:18:48","2020-05-08","2020-05-08","2021-05-08","320","TLDs LLC dba SRSplus","whois.srsplus.com","http://www.srsplus.com","Statutory Masking Enabled","Statutory Masking Enabled","Statutory Masking Enabled","Statutory Masking Enabled","","Statutory Masking Enabled","Norway","abuse@web.com","Statutory Masking Enabled","Statutory Masking Enabled","Statutory Masking Enabled","Statutory Masking Enabled","Statutory Masking Enabled","Statutory Masking Enabled","Statutory Masking Enabled","Statutory Masking Enabled","Statutory Masking Enabled","abuse@web.com","Statutory Masking Enabled","Statutory Masking Enabled","Statutory Masking Enabled","Statutory Masking Enabled","Statutory Masking Enabled","Statutory Masking Enabled","Statutory Masking Enabled","Statutory Masking Enabled","Statutory Masking Enabled","abuse@web.com","Statutory Masking Enabled","Statutory Masking Enabled","","","","","","","","","","","dns10.cateno.no","dns11.cateno.no","","","clientTransferProhibited","","",""
"33","justehoc.com","2020-05-10 04:19:57","2020-05-08","2020-05-08","2021-05-08","106","Ascio Technologies, Inc. Danmark - Filial af Ascio technologies, Inc. USA","whois.ascio.com","http://www.ascio.com","Not Disclosed","Not Disclosed","Not Disclosed","Not Disclosed","","Not Disclosed","Norway","","Not Disclosed","Not Disclosed","Not Disclosed","Not Disclosed","Not Disclosed","Not Disclosed","Not Disclosed","Not Disclosed","Not Disclosed","","Not Disclosed","Not Disclosed","Not Disclosed","Not Disclosed","Not Disclosed","Not Disclosed","Not Disclosed","Not Disclosed","Not Disclosed","","Not Disclosed","Not Disclosed","","","","","","","","","","","ns.datacenter.no","ns2.datacenter.no","","","OK","","",""
"34","justwalkhome.com","2020-05-10 02:52:44","2020-05-08","2020-05-08","2021-05-08","1001","Domeneshop AS dba  domainnameshop.com","whois.domainnameshop.com","http://www.domainnameshop.com","MELIN MEDICAL AS","MELIN MEDICAL AS","","","","","Norway","nxxvpmq8h4vg@privacy-protection.email","","","","","","","","","","rpvrzs7yecif@privacy-protection.email","","","","","","","","","","hostmaster@domeneshop.no","","","","","","","","","","","","","ns1.hyp.net","ns2.hyp.net","ns3.hyp.net","","clientTransferProhibited","","",""
"35","koble16.com","2020-05-10 04:17:13","2020-05-08","2020-05-08","2021-05-08","1001","Domeneshop AS dba  domainnameshop.com","whois.domainnameshop.com","http://www.domainnameshop.com","","","","","","","Norway","hycf56hvd7va@privacy-protection.email","","","","","","","","","","bmk5bogchsbq@privacy-protection.email","","","","","","","","","","fse8ztsj9utt@privacy-protection.email","","","","","","","","","","","","","ns4.wixdns.net","ns5.wixdns.net","","","clientTransferProhibited","","",""
"36","korsfestet.com","2020-05-10 03:09:49","2020-05-08","2020-05-08","2021-05-08","106","Ascio Technologies, Inc. Danmark - Filial af Ascio technologies, Inc. USA","whois.ascio.com","http://www.ascio.com","Not Disclosed","Not Disclosed","Not Disclosed","Not Disclosed","","Not Disclosed","Norway","","Not Disclosed","Not Disclosed","Not Disclosed","Not Disclosed","Not Disclosed","Not Disclosed","Not Disclosed","Not Disclosed","Not Disclosed","","Not Disclosed","Not Disclosed","Not Disclosed","Not Disclosed","Not Disclosed","Not Disclosed","Not Disclosed","Not Disclosed","Not Disclosed","","Not Disclosed","Not Disclosed","","","","","","","","","","","dns1.123hjemmeside.dk","dns2.123hjemmeside.dk","dns3.123hjemmeside.dk","","OK","","",""
"37","kristenronnevik.com","2020-05-10 02:18:32","2020-05-08","2020-05-08","2021-05-08","1001","Domeneshop AS dba  domainnameshop.com","whois.domainnameshop.com","http://www.domainnameshop.com","","","","","","","Norway","japryenm3qtw@privacy-protection.email","","","","","","","","","","tprtcq86fcwt@privacy-protection.email","","","","","","","","","","hostmaster@domeneshop.no","","","","","","","","","","","","","ns1.hyp.net","ns2.hyp.net","ns3.hyp.net","","clientTransferProhibited","","",""
"38","lextnevel.com","2020-05-10 05:34:23","2020-05-07","2020-05-07","2021-05-07","1001","Domeneshop AS dba  domainnameshop.com","whois.domainnameshop.com","http://www.domainnameshop.com","SEAN GORDON BELL","SEAN GORDON BELL","","","","","Norway","2pwwgppxetna@privacy-protection.email","","","","","","","","","","y2peqk5xuuif@privacy-protection.email","","","","","","","","","","hostmaster@domeneshop.no","","","","","","","","","","","","","ns1.hyp.net","ns2.hyp.net","ns3.hyp.net","","clientTransferProhibited","","",""
"39","luenylck-elec.com","2020-05-10 03:09:05","2020-05-08","2020-05-08","2021-05-08","303","PDR Ltd. d/b/a PublicDomainRegistry.com","whois.publicdomainregistry.com","http://www.publicdomainregistry.com","GDPR Masked","GDPR Masked","GDPR Masked","GDPR Masked","Stavanger","GDPR Masked","Norway","gdpr-masking@gdpr-masked.com","GDPR Masked","GDPR Masked","GDPR Masked","GDPR Masked","GDPR Masked","GDPR Masked","GDPR Masked","GDPR Masked","GDPR Masked","gdpr-masking@gdpr-masked.com","GDPR Masked","GDPR Masked","GDPR Masked","GDPR Masked","GDPR Masked","GDPR Masked","GDPR Masked","GDPR Masked","GDPR Masked","gdpr-masking@gdpr-masked.com","GDPR Masked","GDPR Masked","","","","","","","","","","","earth.monovm.com","mars.monovm.com","mercury.monovm.com","venus.monovm.com","clientTransferProhibited","","",""
"40","lunadudes.com","2020-05-10 06:29:19","2020-05-08","2020-05-08","2022-05-08","146","GoDaddy.com, LLC","whois.godaddy.com","http://registrar.godaddy.com","Rocket Grace Group AS","Rocket Grace Group AS","","","Rogaland","","Norway","","","","","","","","","","","","","","","","","","","","","","","","","","","","","","","","","","ns51.domaincontrol.com","ns52.domaincontrol.com","","","clientDeleteProhibited","clientRenewProhibited","clientTransferProhibited","clientUpdateProhibited"
"41","lyshol.com","2020-05-10 04:10:35","2020-05-08","2020-05-08","2021-05-08","106","Ascio Technologies, Inc. Danmark - Filial af Ascio technologies, Inc. USA","whois.ascio.com","http://www.ascio.com","Not Disclosed","Not Disclosed","Not Disclosed","Not Disclosed","","Not Disclosed","Norway","","Not Disclosed","Not Disclosed","Not Disclosed","Not Disclosed","Not Disclosed","Not Disclosed","Not Disclosed","Not Disclosed","Not Disclosed","","Not Disclosed","Not Disclosed","Not Disclosed","Not Disclosed","Not Disclosed","Not Disclosed","Not Disclosed","Not Disclosed","Not Disclosed","","Not Disclosed","Not Disclosed","","","","","","","","","","","ns1.loopia.se","ns2.loopia.se","","","OK","","",""
"42","markedssjefen.com","2020-05-10 06:16:56","2020-05-08","2020-05-08","2021-05-08","1001","Domeneshop AS dba  domainnameshop.com","whois.domainnameshop.com","http://www.domainnameshop.com","","","","","","","Norway","m8whqjkuszbw@privacy-protection.email","","","","","","","","","","uzsgcqx8btvc@privacy-protection.email","","","","","","","","","","hostmaster@domeneshop.no","","","","","","","","","","","","","ns1.hyp.net","ns2.hyp.net","ns3.hyp.net","","clientTransferProhibited","","",""
"43","marknoir.com","2020-05-10 06:24:45","2020-05-08","2020-05-08","2021-05-08","1001","Domeneshop AS dba  domainnameshop.com","whois.domainnameshop.com","http://www.domainnameshop.com","","","","","","","Norway","w3vscwxnyawg@privacy-protection.email","","","","","","","","","","xyjxa65qv5bx@privacy-protection.email","","","","","","","","","","hostmaster@domeneshop.no","","","","","","","","","","","","","ns1.hyp.net","ns2.hyp.net","ns3.hyp.net","","clientTransferProhibited","","",""
"44","meruoaniwood.com","2020-05-10 03:15:41","2020-05-08","2020-05-08","2021-05-08","303","PDR Ltd. d/b/a PublicDomainRegistry.com","whois.publicdomainregistry.com","http://www.publicdomainregistry.com","GDPR Masked","GDPR Masked","GDPR Masked","GDPR Masked","Ostlandet","GDPR Masked","Norway","gdpr-masking@gdpr-masked.com","GDPR Masked","GDPR Masked","GDPR Masked","GDPR Masked","GDPR Masked","GDPR Masked","GDPR Masked","GDPR Masked","GDPR Masked","gdpr-masking@gdpr-masked.com","GDPR Masked","GDPR Masked","GDPR Masked","GDPR Masked","GDPR Masked","GDPR Masked","GDPR Masked","GDPR Masked","GDPR Masked","gdpr-masking@gdpr-masked.com","GDPR Masked","GDPR Masked","","","","","","","","","","","earth.monovm.com","mars.monovm.com","mercury.monovm.com","venus.monovm.com","clientTransferProhibited","","",""
"45","mixbuz.com","2020-05-10 03:30:25","2020-05-08","2020-05-08","2021-05-08","113","CSL Computer Service Langenbach GmbH d/b/a joker.com","whois.joker.com","http://www.joker.com","A 1 AGDERNETT AS","A 1 AGDERNETT AS","","","","","Norway","","","","","","","","","","","","","","","","","","","","","","","","","","","","","","","","","","ns01.cpx.no","ns2.xh.no","ns3.xh.no","","clientTransferProhibited","","",""
"46","mtsalg.com","2020-05-10 04:18:37","2020-05-08","2020-05-08","2021-05-08","1387","1API GmbH","whois.1api.net","http://www.1api.net","REDACTED FOR PRIVACY","REDACTED FOR PRIVACY","REDACTED FOR PRIVACY","REDACTED FOR PRIVACY","VESTFOLD","REDACTED FOR PRIVACY","Norway","","REDACTED FOR PRIVACY","","REDACTED FOR PRIVACY","REDACTED FOR PRIVACY","REDACTED FOR PRIVACY","REDACTED FOR PRIVACY","REDACTED FOR PRIVACY","REDACTED FOR PRIVACY","REDACTED FOR PRIVACY","","REDACTED FOR PRIVACY","","REDACTED FOR PRIVACY","REDACTED FOR PRIVACY","REDACTED FOR PRIVACY","REDACTED FOR PRIVACY","REDACTED FOR PRIVACY","REDACTED FOR PRIVACY","REDACTED FOR PRIVACY","","REDACTED FOR PRIVACY","","","","","","","","","","","","ns1.dnsdomene.net","ns2.dnsdomene.net","ns3.dnsdomene.net","","clientTransferProhibited","","",""
"47","mypreggoposter.com","2020-05-10 05:35:22","2020-05-07","2020-05-07","2021-05-07","1001","Domeneshop AS dba  domainnameshop.com","whois.domainnameshop.com","http://www.domainnameshop.com","ERGATOR AS","ERGATOR AS","","","","","Norway","ppawqd7ywuau@privacy-protection.email","","","","","","","","","","aez9jkceivch@privacy-protection.email","","","","","","","","","","hostmaster@domeneshop.no","","","","","","","","","","","","","ns1.hyp.net","ns2.hyp.net","ns3.hyp.net","","clientTransferProhibited","","",""
"48","mypregnancyposter.com","2020-05-10 05:35:14","2020-05-07","2020-05-07","2021-05-07","1001","Domeneshop AS dba  domainnameshop.com","whois.domainnameshop.com","http://www.domainnameshop.com","ERGATOR AS","ERGATOR AS","","","","","Norway","kv8pteka6yjj@privacy-protection.email","","","","","","","","","","mjq9ppp3m358@privacy-protection.email","","","","","","","","","","hostmaster@domeneshop.no","","","","","","","","","","","","","ns1.hyp.net","ns2.hyp.net","ns3.hyp.net","","clientTransferProhibited","","",""
"49","norsingprop.com","2020-05-10 04:10:03","2020-05-08","2020-05-08","2021-05-08","1001","Domeneshop AS dba  domainnameshop.com","whois.domainnameshop.com","http://www.domainnameshop.com","SINTEF Ocean AS","SINTEF Ocean AS","","","","","Norway","yjmxn6kx72au@privacy-protection.email","","","","","","","","","","7puvmkcawato@privacy-protection.email","","","","","","","","","","hostmaster@domeneshop.no","","","","","","","","","","","","","ns1.hyp.net","ns2.hyp.net","ns3.hyp.net","","clientTransferProhibited","","",""
"50","norwaybasecamp.com","2020-05-10 04:26:00","2020-05-08","2020-05-08","2021-05-08","1001","Domeneshop AS dba  domainnameshop.com","whois.domainnameshop.com","http://www.domainnameshop.com","VISIT HARSTAD AS","VISIT HARSTAD AS","","","","","Norway","ae6t9ypzcagu@privacy-protection.email","","","","","","","","","","824rytisdzkf@privacy-protection.email","","","","","","","","","","hostmaster@domeneshop.no","","","","","","","","","","","","","ns1.hyp.net","ns2.hyp.net","ns3.hyp.net","","clientTransferProhibited","","",""
"51","odontio.com","2020-05-10 05:13:53","2020-05-07","2020-05-07","2021-05-07","146","GoDaddy.com, LLC","whois.godaddy.com","http://registrar.godaddy.com","S. SU AR","S. SU AR","","","Troms","","Norway","","","","","","","","","","","","","","","","","","","","","","","","","","","","","","","","","","ns1.sedoparking.com","ns2.sedoparking.com","","","clientDeleteProhibited","clientRenewProhibited","clientTransferProhibited","clientUpdateProhibited"
"52","olemartinalfsen.com","2020-05-10 04:29:21","2020-05-08","2020-05-08","2021-05-08","1001","Domeneshop AS dba  domainnameshop.com","whois.domainnameshop.com","http://www.domainnameshop.com","ALFSENS KOKKEDELISKE AS","ALFSENS KOKKEDELISKE AS","","","","","Norway","e59rrbdgsywd@privacy-protection.email","","","","","","","","","","tv3qzsevowqo@privacy-protection.email","","","","","","","","","","hostmaster@domeneshop.no","","","","","","","","","","","","","ns1.hyp.net","ns2.hyp.net","ns3.hyp.net","","clientTransferProhibited","","",""
"53","onskestrommen.com","2020-05-10 03:40:58","2020-05-07","2020-05-07","2021-05-07","1001","Domeneshop AS dba  domainnameshop.com","whois.domainnameshop.com","http://www.domainnameshop.com","MJAS AS","MJAS AS","","","","","Norway","yf58fsn4qefh@privacy-protection.email","","","","","","","","","","xiikt43akndi@privacy-protection.email","","","","","","","","","","hostmaster@domeneshop.no","","","","","","","","","","","","","ns1.hyp.net","ns2.hyp.net","ns3.hyp.net","","clientTransferProhibited","","",""
"54","open-simulation-platform.com","2020-05-10 04:03:55","2020-05-08","2020-05-08","2021-05-08","1001","Domeneshop AS dba  domainnameshop.com","whois.domainnameshop.com","http://www.domainnameshop.com","DNV GL AS","DNV GL AS","","","","","Norway","4oocm9kr8mgz@privacy-protection.email","","","","","","","","","","o6o5pffv7mjt@privacy-protection.email","","","","","","","","","","hostmaster@domeneshop.no","","","","","","","","","","","","","ns1.hyp.net","ns2.hyp.net","ns3.hyp.net","","clientTransferProhibited","","",""
"55","paris-fm.com","2020-05-10 03:09:06","2020-05-08","2020-05-08","2021-05-08","1515","Webfusion Ltd.","whois.123-reg.co.uk","http://www.123-reg.co.uk","REDACTED FOR PRIVACY","","REDACTED FOR PRIVACY","REDACTED FOR PRIVACY","","REDACTED FOR PRIVACY","Norway","","REDACTED FOR PRIVACY","REDACTED FOR PRIVACY","","","","","","","","","","","","","","","","","","","","","","","","","","","","","","","ns.123-reg.co.uk","ns2.123-reg.co.uk","","","clientDeleteProhibited","clientTransferProhibited","clientUpdateProhibited",""
"56","pcdustcle.com","2020-05-10 05:06:45","2020-05-08","2020-05-08","2021-05-08","106","Ascio Technologies, Inc. Danmark - Filial af Ascio technologies, Inc. USA","whois.ascio.com","http://www.ascio.com","Not Disclosed","Not Disclosed","Not Disclosed","Not Disclosed","","Not Disclosed","Norway","","Not Disclosed","Not Disclosed","Not Disclosed","Not Disclosed","Not Disclosed","Not Disclosed","Not Disclosed","Not Disclosed","Not Disclosed","","Not Disclosed","Not Disclosed","Not Disclosed","Not Disclosed","Not Disclosed","Not Disclosed","Not Disclosed","Not Disclosed","Not Disclosed","","Not Disclosed","Not Disclosed","","","","","","","","","","","dns1.123hjemmeside.dk","dns2.123hjemmeside.dk","dns3.123hjemmeside.dk","","OK","","",""
"57","playterje.com","2020-05-10 04:19:02","2020-05-08","2020-05-08","2022-05-08","146","GoDaddy.com, LLC","whois.godaddy.com","http://registrar.godaddy.com","Capella IT AS","Capella IT AS","","","Stavern","","Norway","","","","","","","","","","","","","","","","","","","","","","","","","","","","","","","","","","ns03.domaincontrol.com","ns04.domaincontrol.com","","","clientDeleteProhibited","clientRenewProhibited","clientTransferProhibited","clientUpdateProhibited"
"58","pleasedontdie.com","2020-05-10 05:05:36","2020-05-08","2020-05-08","2021-05-08","146","GoDaddy.com, LLC","whois.godaddy.com","http://registrar.godaddy.com","","","","","Rogaland","","Norway","","","","","","","","","","","","","","","","","","","","","","","","","","","","","","","","","","ns51.domaincontrol.com","ns52.domaincontrol.com","","","clientDeleteProhibited","clientRenewProhibited","clientTransferProhibited","clientUpdateProhibited"
"59","ponopins.com","2020-05-10 03:15:46","2020-05-08","2020-05-08","2021-05-08","48","eNom, Inc.","whois.enom.com","http://www.enom.com","REDACTED FOR PRIVACY","REDACTED FOR PRIVACY","REDACTED FOR PRIVACY","REDACTED FOR PRIVACY","","REDACTED FOR PRIVACY","Norway","","REDACTED FOR PRIVACY","REDACTED FOR PRIVACY","REDACTED FOR PRIVACY","REDACTED FOR PRIVACY","REDACTED FOR PRIVACY","REDACTED FOR PRIVACY","REDACTED FOR PRIVACY","REDACTED FOR PRIVACY","REDACTED FOR PRIVACY","","REDACTED FOR PRIVACY","REDACTED FOR PRIVACY","REDACTED FOR PRIVACY","REDACTED FOR PRIVACY","REDACTED FOR PRIVACY","REDACTED FOR PRIVACY","REDACTED FOR PRIVACY","REDACTED FOR PRIVACY","REDACTED FOR PRIVACY","","REDACTED FOR PRIVACY","REDACTED FOR PRIVACY","","","","","","","","","","","ns2.netbox.no","ns3.netbox.no","ns4.netbox.no","","addPeriod","clientTransferProhibited","",""
"60","pregoposter.com","2020-05-10 05:30:08","2020-05-07","2020-05-07","2021-05-07","1001","Domeneshop AS dba  domainnameshop.com","whois.domainnameshop.com","http://www.domainnameshop.com","ERGATOR AS","ERGATOR AS","","","","","Norway","rmbjcjzav5cb@privacy-protection.email","","","","","","","","","","ckk7uspixdvm@privacy-protection.email","","","","","","","","","","hostmaster@domeneshop.no","","","","","","","","","","","","","ns1.hyp.net","ns2.hyp.net","ns3.hyp.net","","clientTransferProhibited","","",""
"61","pyntlundinterior.com","2020-05-10 05:27:22","2020-05-07","2020-05-07","2021-05-07","106","Ascio Technologies, Inc. Danmark - Filial af Ascio technologies, Inc. USA","whois.ascio.com","http://www.ascio.com","Not Disclosed","Not Disclosed","Not Disclosed","Not Disclosed","","Not Disclosed","Norway","","Not Disclosed","Not Disclosed","Not Disclosed","Not Disclosed","Not Disclosed","Not Disclosed","Not Disclosed","Not Disclosed","Not Disclosed","","Not Disclosed","Not Disclosed","Not Disclosed","Not Disclosed","Not Disclosed","Not Disclosed","Not Disclosed","Not Disclosed","Not Disclosed","","Not Disclosed","Not Disclosed","","","","","","","","","","","dns1.123hjemmeside.dk","dns2.123hjemmeside.dk","dns3.123hjemmeside.dk","","OK","","",""
"62","quizolini.com","2020-05-10 05:59:29","2020-05-07","2020-05-07","2021-05-07","1001","Domeneshop AS dba  domainnameshop.com","whois.domainnameshop.com","http://www.domainnameshop.com","","","","","","","Norway","g7wetbotw9dc@privacy-protection.email","","","","","","","","","","7yquzs7jsveu@privacy-protection.email","","","","","","","","","","hostmaster@domeneshop.no","","","","","","","","","","","","","ns1.hyp.net","ns2.hyp.net","ns3.hyp.net","","clientTransferProhibited","","",""
"63","sammevei.com","2020-05-10 06:27:08","2020-05-08","2020-05-08","2021-05-08","106","Ascio Technologies, Inc. Danmark - Filial af Ascio technologies, Inc. USA","whois.ascio.com","http://www.ascio.com","Not Disclosed","Not Disclosed","Not Disclosed","Not Disclosed","","Not Disclosed","Norway","","Not Disclosed","Not Disclosed","Not Disclosed","Not Disclosed","Not Disclosed","Not Disclosed","Not Disclosed","Not Disclosed","Not Disclosed","","Not Disclosed","Not Disclosed","Not Disclosed","Not Disclosed","Not Disclosed","Not Disclosed","Not Disclosed","Not Disclosed","Not Disclosed","","Not Disclosed","Not Disclosed","","","","","","","","","","","ns.datacenter.no","ns2.datacenter.no","","","OK","","",""
"64","shinyredraven.com","2020-05-10 06:18:01","2020-05-08","2020-05-08","2022-05-08","146","GoDaddy.com, LLC","whois.godaddy.com","http://registrar.godaddy.com","","","","","Rogaland","","Norway","","","","","","","","","","","","","","","","","","","","","","","","","","","","","","","","","","john.ns.cloudflare.com","roxy.ns.cloudflare.com","","","clientDeleteProhibited","clientRenewProhibited","clientTransferProhibited","clientUpdateProhibited"
"65","skogbruk.com","2020-05-10 04:20:16","2020-05-08","2020-05-08","2021-05-08","106","Ascio Technologies, Inc. Danmark - Filial af Ascio technologies, Inc. USA","whois.ascio.com","http://www.ascio.com","Not Disclosed","Not Disclosed","Not Disclosed","Not Disclosed","","Not Disclosed","Norway","","Not Disclosed","Not Disclosed","Not Disclosed","Not Disclosed","Not Disclosed","Not Disclosed","Not Disclosed","Not Disclosed","Not Disclosed","","Not Disclosed","Not Disclosed","Not Disclosed","Not Disclosed","Not Disclosed","Not Disclosed","Not Disclosed","Not Disclosed","Not Disclosed","","Not Disclosed","Not Disclosed","","","","","","","","","","","ns.datacenter.no","ns2.datacenter.no","","","OK","","",""
"66","sonjasunde.com","2020-05-10 03:00:42","2020-05-08","2020-05-08","2021-05-08","1001","Domeneshop AS dba  domainnameshop.com","whois.domainnameshop.com","http://www.domainnameshop.com","","","","","","","Norway","cjqtmzzt2ebj@privacy-protection.email","","","","","","","","","","hscyzr3zxufh@privacy-protection.email","","","","","","","","","","hostmaster@domeneshop.no","","","","","","","","","","","","","ns1.hyp.net","ns2.hyp.net","ns3.hyp.net","","clientTransferProhibited","","",""
"67","surprise.wine","2020-05-10 08:34:32","2020-05-08","2020-05-08","2021-05-08","1001","Domeneshop AS dba  domainnameshop.com","whois.domainnameshop.com","http://www.domainnameshop.com","REDACTED FOR PRIVACY","","REDACTED FOR PRIVACY","REDACTED FOR PRIVACY","","REDACTED FOR PRIVACY","Norway","","REDACTED FOR PRIVACY","REDACTED FOR PRIVACY","","","","","","","","","","","","","","","","","","","","","","","","","","","","","","","","","","","addPeriod","clientTransferProhibited","",""
"68","theaterprime.com","2020-05-10 06:21:04","2020-05-08","2020-05-08","2021-05-08","1001","Domeneshop AS dba  domainnameshop.com","whois.domainnameshop.com","http://www.domainnameshop.com","WHATS NEXT RAGNAR HATL?","WHATS NEXT RAGNAR HATL?","","","","","Norway","hvt3nxb4kvqu@privacy-protection.email","","","","","","","","","","hzwwzdf3dra8@privacy-protection.email","","","","","","","","","","hostmaster@domeneshop.no","","","","","","","","","","","","","ns1.hyp.net","ns2.hyp.net","ns3.hyp.net","","clientTransferProhibited","","",""
"69","theatreprime.com","2020-05-10 06:21:10","2020-05-08","2020-05-08","2021-05-08","1001","Domeneshop AS dba  domainnameshop.com","whois.domainnameshop.com","http://www.domainnameshop.com","WHATS NEXT RAGNAR HATL?","WHATS NEXT RAGNAR HATL?","","","","","Norway","x8en5nbw3drd@privacy-protection.email","","","","","","","","","","agb5dzddwi6q@privacy-protection.email","","","","","","","","","","hostmaster@domeneshop.no","","","","","","","","","","","","","ns1.hyp.net","ns2.hyp.net","ns3.hyp.net","","clientTransferProhibited","","",""
"70","theknittingtwinsdesign.com","2020-05-10 02:57:42","2020-05-08","2020-05-08","2021-05-08","303","PDR Ltd. d/b/a PublicDomainRegistry.com","whois.publicdomainregistry.com","http://www.publicdomainregistry.com","GDPR Masked","GDPR Masked","GDPR Masked","GDPR Masked","Norway","GDPR Masked","Norway","gdpr-masking@gdpr-masked.com","GDPR Masked","GDPR Masked","GDPR Masked","GDPR Masked","GDPR Masked","GDPR Masked","GDPR Masked","GDPR Masked","GDPR Masked","gdpr-masking@gdpr-masked.com","GDPR Masked","GDPR Masked","GDPR Masked","GDPR Masked","GDPR Masked","GDPR Masked","GDPR Masked","GDPR Masked","GDPR Masked","gdpr-masking@gdpr-masked.com","GDPR Masked","GDPR Masked","","","","","","","","","","","ns1.dns-parking.com","ns2.dns-parking.com","","","clientTransferProhibited","","",""
"71","thepreggo.com","2020-05-10 05:35:22","2020-05-07","2020-05-07","2021-05-07","1001","Domeneshop AS dba  domainnameshop.com","whois.domainnameshop.com","http://www.domainnameshop.com","ERGATOR AS","ERGATOR AS","","","","","Norway","tk8upi8q56mh@privacy-protection.email","","","","","","","","","","dbvt7nbpbqjk@privacy-protection.email","","","","","","","","","","hostmaster@domeneshop.no","","","","","","","","","","","","","ns1.hyp.net","ns2.hyp.net","ns3.hyp.net","","clientTransferProhibited","","",""
"72","thepreggoposter.com","2020-05-10 05:35:18","2020-05-07","2020-05-07","2021-05-07","1001","Domeneshop AS dba  domainnameshop.com","whois.domainnameshop.com","http://www.domainnameshop.com","ERGATOR AS","ERGATOR AS","","","","","Norway","5xjkgzpd2xeu@privacy-protection.email","","","","","","","","","","oajuyvme7hks@privacy-protection.email","","","","","","","","","","hostmaster@domeneshop.no","","","","","","","","","","","","","ns1.hyp.net","ns2.hyp.net","ns3.hyp.net","","clientTransferProhibited","","",""
"73","tyrolersalve.com","2020-05-10 04:11:53","2020-05-08","2020-05-08","2021-05-08","106","Ascio Technologies, Inc. Danmark - Filial af Ascio technologies, Inc. USA","whois.ascio.com","http://www.ascio.com","Not Disclosed","Not Disclosed","Not Disclosed","Not Disclosed","","Not Disclosed","Norway","","Not Disclosed","Not Disclosed","Not Disclosed","Not Disclosed","Not Disclosed","Not Disclosed","Not Disclosed","Not Disclosed","Not Disclosed","","Not Disclosed","Not Disclosed","Not Disclosed","Not Disclosed","Not Disclosed","Not Disclosed","Not Disclosed","Not Disclosed","Not Disclosed","","Not Disclosed","Not Disclosed","","","","","","","","","","","ns.datacenter.no","ns2.datacenter.no","","","OK","","",""
"74","uk-claim2020.com","2020-05-10 06:12:54","2020-05-08","2020-05-08","2021-05-08","146","GoDaddy.com, LLC","whois.godaddy.com","http://registrar.godaddy.com","Na","Na","","","Rogaland","","Norway","","","","","","","","","","","","","","","","","","","","","","","","","","","","","","","","","","ns65.domaincontrol.com","ns66.domaincontrol.com","","","clientDeleteProhibited","clientRenewProhibited","clientTransferProhibited","clientUpdateProhibited"
"75","undervannskabel.com","2020-05-10 02:08:21","2020-05-08","2020-05-08","2021-05-08","1001","Domeneshop AS dba  domainnameshop.com","whois.domainnameshop.com","http://www.domainnameshop.com","GLAD I VIPPA AS","GLAD I VIPPA AS","","","","","Norway","r2fzamg6nfjh@privacy-protection.email","","","","","","","","","","sddyepgqkg7y@privacy-protection.email","","","","","","","","","","hostmaster@domeneshop.no","","","","","","","","","","","","","ns1.hyp.net","ns2.hyp.net","ns3.hyp.net","","clientTransferProhibited","","",""
"76","unizite-stage.com","2020-05-10 03:44:24","2020-05-07","2020-05-07","2021-05-06","1052","EuroDNS S.A.","http://whois.rotld.ro","http://www.eurodns.com","Bjornstad Anders","Symetri Collaboration AS","Hoffsveien 1C","Oslo","","NO-0275","Norway","support@joint.no","+47.93423737","","REDACTED FOR PRIVACY REDACTED FOR PRIVACY","REDACTED FOR PRIVACY","REDACTED FOR PRIVACY","Oslo","","NO-1155","Norway","b7c0ac8a6095ac72d0cbf0f97e2a6838_2227698_a@whoisprivacy.com","REDACTED FOR PRIVACY","REDACTED FOR PRIVACY","REDACTED FOR PRIVACY REDACTED FOR PRIVACY","REDACTED FOR PRIVACY","REDACTED FOR PRIVACY","Oslo","","NO-1155","Norway","f4de41681f228425f5087b5232ee9553_2227698_t@whoisprivacy.com","REDACTED FOR PRIVACY","REDACTED FOR PRIVACY","","","","","","","","","","","ns1.eurodns.com","ns2.eurodns.com","ns3.eurodns.com","ns4.eurodns.com","clientTransferProhibited","","",""
"77","vanirium.com","2020-05-10 02:56:29","2020-05-08","2020-05-08","2021-05-08","955","Launchpad, Inc.","whois.launchpad.com","http://www.launchpad.com","GDPR Masked","GDPR Masked","GDPR Masked","GDPR Masked","01","GDPR Masked","Norway","gdpr-masking@gdpr-masked.com","GDPR Masked","GDPR Masked","GDPR Masked","GDPR Masked","GDPR Masked","GDPR Masked","GDPR Masked","GDPR Masked","GDPR Masked","gdpr-masking@gdpr-masked.com","GDPR Masked","GDPR Masked","GDPR Masked","GDPR Masked","GDPR Masked","GDPR Masked","GDPR Masked","GDPR Masked","GDPR Masked","gdpr-masking@gdpr-masked.com","GDPR Masked","GDPR Masked","","","","","","","","","","","ns6517.hostgator.com","ns6518.hostgator.com","","","clientTransferProhibited","","",""
"78","vennival.com","2020-05-10 04:20:05","2020-05-08","2020-05-08","2021-05-08","106","Ascio Technologies, Inc. Danmark - Filial af Ascio technologies, Inc. USA","whois.ascio.com","http://www.ascio.com","Not Disclosed","Not Disclosed","Not Disclosed","Not Disclosed","","Not Disclosed","Norway","","Not Disclosed","Not Disclosed","Not Disclosed","Not Disclosed","Not Disclosed","Not Disclosed","Not Disclosed","Not Disclosed","Not Disclosed","","Not Disclosed","Not Disclosed","Not Disclosed","Not Disclosed","Not Disclosed","Not Disclosed","Not Disclosed","Not Disclosed","Not Disclosed","","Not Disclosed","Not Disclosed","","","","","","","","","","","ns.datacenter.no","ns2.datacenter.no","","","OK","","",""
"79","vildeholt.com","2020-05-10 06:17:58","2020-05-08","2020-05-08","2021-05-08","1001","Domeneshop AS dba  domainnameshop.com","whois.domainnameshop.com","http://www.domainnameshop.com","TORKEL HOLT","TORKEL HOLT","","","","","Norway","ygrrq9n8da8h@privacy-protection.email","","","","","","","","","","rcxf9gtqs7km@privacy-protection.email","","","","","","","","","","hostmaster@domeneshop.no","","","","","","","","","","","","","ns1.hyp.net","ns2.hyp.net","ns3.hyp.net","","clientTransferProhibited","","",""
"80","westcoastscaleup.com","2020-05-10 03:15:41","2020-05-08","2020-05-08","2021-05-08","1001","Domeneshop AS dba  domainnameshop.com","whois.domainnameshop.com","http://www.domainnameshop.com","FOMO WORKS AS","FOMO WORKS AS","","","","","Norway","kyyouhqgiu2n@privacy-protection.email","","","","","","","","","","ubsvv8hv5uhq@privacy-protection.email","","","","","","","","","","hostmaster@domeneshop.no","","","","","","","","","","","","","ns1.hyp.net","ns2.hyp.net","ns3.hyp.net","","clientTransferProhibited","","",""
"81","worksandtravels.com","2020-05-10 04:19:57","2020-05-08","2020-05-08","2021-05-08","106","Ascio Technologies, Inc. Danmark - Filial af Ascio technologies, Inc. USA","whois.ascio.com","http://www.ascio.com","Not Disclosed","Not Disclosed","Not Disclosed","Not Disclosed","","Not Disclosed","Norway","","Not Disclosed","Not Disclosed","Not Disclosed","Not Disclosed","Not Disclosed","Not Disclosed","Not Disclosed","Not Disclosed","Not Disclosed","","Not Disclosed","Not Disclosed","Not Disclosed","Not Disclosed","Not Disclosed","Not Disclosed","Not Disclosed","Not Disclosed","Not Disclosed","","Not Disclosed","Not Disclosed","","","","","","","","","","","ns.datacenter.no","ns2.datacenter.no","","","OK","","",""
"82","xn--basecampvesterlen-mrb.com","2020-05-10 02:52:38","2020-05-08","2020-05-08","2021-05-08","1001","Domeneshop AS dba  domainnameshop.com","whois.domainnameshop.com","http://www.domainnameshop.com","VISIT HARSTAD AS","VISIT HARSTAD AS","","","","","Norway","mjvr7hgqcrar@privacy-protection.email","","","","","","","","","","8bfhkvmjgua8@privacy-protection.email","","","","","","","","","","hostmaster@domeneshop.no","","","","","","","","","","","","","ns1.hyp.net","ns2.hyp.net","ns3.hyp.net","","clientTransferProhibited","","",""
"83","xn--gjdselplan-1cb.com","2020-05-10 04:22:47","2020-05-08","2020-05-08","2021-05-08","106","Ascio Technologies, Inc. Danmark - Filial af Ascio technologies, Inc. USA","whois.ascio.com","http://www.ascio.com","Not Disclosed","Not Disclosed","Not Disclosed","Not Disclosed","","Not Disclosed","Norway","","Not Disclosed","Not Disclosed","Not Disclosed","Not Disclosed","Not Disclosed","Not Disclosed","Not Disclosed","Not Disclosed","Not Disclosed","","Not Disclosed","Not Disclosed","Not Disclosed","Not Disclosed","Not Disclosed","Not Disclosed","Not Disclosed","Not Disclosed","Not Disclosed","","Not Disclosed","Not Disclosed","","","","","","","","","","","ns.datacenter.no","ns2.datacenter.no","","","OK","","",""
"84","xn--grdsbruk-9za.com","2020-05-10 04:22:47","2020-05-08","2020-05-08","2021-05-08","106","Ascio Technologies, Inc. Danmark - Filial af Ascio technologies, Inc. USA","whois.ascio.com","http://www.ascio.com","Not Disclosed","Not Disclosed","Not Disclosed","Not Disclosed","","Not Disclosed","Norway","","Not Disclosed","Not Disclosed","Not Disclosed","Not Disclosed","Not Disclosed","Not Disclosed","Not Disclosed","Not Disclosed","Not Disclosed","","Not Disclosed","Not Disclosed","Not Disclosed","Not Disclosed","Not Disclosed","Not Disclosed","Not Disclosed","Not Disclosed","Not Disclosed","","Not Disclosed","Not Disclosed","","","","","","","","","","","ns.datacenter.no","ns2.datacenter.no","","","OK","","",""