"num","domain_name","query_time","create_date","update_date","expiry_date","domain_registrar_id","domain_registrar_name","domain_registrar_whois","domain_registrar_url","registrant_name","registrant_company","registrant_address","registrant_city","registrant_state","registrant_zip","registrant_country","registrant_email","registrant_phone","registrant_fax","administrative_name","administrative_company","administrative_address","administrative_city","administrative_state","administrative_zip","administrative_country","administrative_email","administrative_phone","administrative_fax","technical_name","technical_company","technical_address","technical_city","technical_state","technical_zip","technical_country","technical_email","technical_phone","technical_fax","billing_name","billing_company","billing_address","billing_city","billing_state","billing_zip","billing_country","billing_email","billing_phone","billing_fax","name_server_1","name_server_2","name_server_3","name_server_4","domain_status_1","domain_status_2","domain_status_3","domain_status_4"
"1","180degreesph.com","2020-05-10 05:45:45","2020-05-07","2020-05-07","2021-05-07","146","GoDaddy.com, LLC","whois.godaddy.com","http://registrar.godaddy.com","","","","","metro manila","","Philippines","","","","","","","","","","","","","","","","","","","","","","","","","","","","","","","","","","ns03.domaincontrol.com","ns04.domaincontrol.com","","","clientDeleteProhibited","clientRenewProhibited","clientTransferProhibited","clientUpdateProhibited"
"2","2dfk5ma.com","2020-05-10 06:28:07","2020-05-08","2020-05-08","2021-05-08","625","Name.com, Inc.","whois.name.com","http://www.name.com","fa xing","4ha-sec","Ayala Avenue Corner Paseo De Roxas Legaspi Village","Makati","Manila","6766","Philippines","monitor.tm2016@gmail.com","+63.9159641768","","fa xing","4ha-sec","Ayala Avenue Corner Paseo De Roxas Legaspi Village","Makati","Manila","6766","Philippines","monitor.tm2016@gmail.com","+63.9159641768","","fa xing","4ha-sec","Ayala Avenue Corner Paseo De Roxas Legaspi Village","Makati","Manila","6766","Philippines","monitor.tm2016@gmail.com","+63.9159641768","","","","","","","","","","","","pdns100.ultradns.biz","pdns100.ultradns.com","pdns100.ultradns.net","pdns100.ultradns.org","addPeriod","clientTransferProhibited","",""
"3","761343.com","2020-05-10 03:27:49","2020-05-08","2020-05-08","2022-05-08","146","GoDaddy.com, LLC","whois.godaddy.com","http://registrar.godaddy.com","","","","","heilongjiang","","Philippines","","","","","","","","","","","","","","","","","","","","","","","","","","","","","","","","","","ns1.dns.com","ns2.dns.com","","","clientDeleteProhibited","clientRenewProhibited","clientTransferProhibited","clientUpdateProhibited"
"4","762346.com","2020-05-10 03:24:27","2020-05-08","2020-05-08","2022-05-08","146","GoDaddy.com, LLC","whois.godaddy.com","http://registrar.godaddy.com","","","","","heilongjiang","","Philippines","","","","","","","","","","","","","","","","","","","","","","","","","","","","","","","","","","ns1.dns.com","ns2.dns.com","","","clientDeleteProhibited","clientRenewProhibited","clientTransferProhibited","clientUpdateProhibited"
"5","763246.com","2020-05-10 03:30:33","2020-05-08","2020-05-08","2022-05-08","146","GoDaddy.com, LLC","whois.godaddy.com","http://registrar.godaddy.com","","","","","heilongjiang","","Philippines","","","","","","","","","","","","","","","","","","","","","","","","","","","","","","","","","","ns1.dns.com","ns2.dns.com","","","clientDeleteProhibited","clientRenewProhibited","clientTransferProhibited","clientUpdateProhibited"
"6","763746.com","2020-05-10 03:30:47","2020-05-08","2020-05-08","2022-05-08","146","GoDaddy.com, LLC","whois.godaddy.com","http://registrar.godaddy.com","","","","","heilongjiang","","Philippines","","","","","","","","","","","","","","","","","","","","","","","","","","","","","","","","","","ns1.dns.com","ns2.dns.com","","","clientDeleteProhibited","clientRenewProhibited","clientTransferProhibited","clientUpdateProhibited"
"7","aegisonesecure.com","2020-05-10 04:22:57","2020-05-08","2020-05-08","2022-05-08","146","GoDaddy.com, LLC","whois.godaddy.com","http://registrar.godaddy.com","","","","","Other","","Philippines","","","","","","","","","","","","","","","","","","","","","","","","","","","","","","","","","","ns57.domaincontrol.com","ns58.domaincontrol.com","","","clientDeleteProhibited","clientRenewProhibited","clientTransferProhibited","clientUpdateProhibited"
"8","akosirandyman.com","2020-05-10 04:59:46","2020-05-08","2020-05-08","2021-05-08","955","Launchpad, Inc.","whois.launchpad.com","http://www.launchpad.com","Majkel Benche Custodio","QuickPro","374b Tres De Abril Streeet Brgy San Nicolas Proper","Cebu","CEB","6000","Philippines","onlinejobemail2016@gmail.com","+63.325172594","","Majkel Benche Custodio","QuickPro","374b Tres De Abril Streeet Brgy San Nicolas Proper","Cebu","CEB","6000","Philippines","onlinejobemail2016@gmail.com","+63.325172594","","Majkel Benche Custodio","QuickPro","374b Tres De Abril Streeet Brgy San Nicolas Proper","Cebu","CEB","6000","Philippines","onlinejobemail2016@gmail.com","+63.325172594","","","","","","","","","","","","ns3.quickpro.site","ns4.quickpro.site","","","clientTransferProhibited","","",""
"9","alexandermalofeev.com","2020-05-10 03:20:57","2020-05-08","2020-05-08","2021-05-08","146","GoDaddy.com, LLC","whois.godaddy.com","http://registrar.godaddy.com","","","","","Manila","","Philippines","","","","","","","","","","","","","","","","","","","","","","","","","","","","","","","","","","ns51.domaincontrol.com","ns52.domaincontrol.com","","","clientDeleteProhibited","clientRenewProhibited","clientTransferProhibited","clientUpdateProhibited"
"10","amorebestdeals.com","2020-05-10 04:06:44","2020-05-08","2020-05-08","2021-05-08","146","GoDaddy.com, LLC","whois.godaddy.com","http://registrar.godaddy.com","Ecommerce","Ecommerce","","","Pasay","","Philippines","","","","","","","","","","","","","","","","","","","","","","","","","","","","","","","","","","ns51.domaincontrol.com","ns52.domaincontrol.com","","","clientDeleteProhibited","clientRenewProhibited","clientTransferProhibited","clientUpdateProhibited"
"11","appwardsupc-iframe.com","2020-05-10 02:03:28","2020-05-08","2020-05-08","2021-05-08","146","GoDaddy.com, LLC","whois.godaddy.com","http://registrar.godaddy.com","","","","","Manila","","Philippines","","","","","","","","","","","","","","","","","","","","","","","","","","","","","","","","","","ns65.domaincontrol.com","ns66.domaincontrol.com","","","clientDeleteProhibited","clientRenewProhibited","clientTransferProhibited","clientUpdateProhibited"
"12","arjaywave.com","2020-05-10 04:28:51","2020-05-08","2020-05-08","2021-05-08","146","GoDaddy.com, LLC","whois.godaddy.com","http://registrar.godaddy.com","","","","","metro manila","","Philippines","","","","","","","","","","","","","","","","","","","","","","","","","","","","","","","","","","ns65.domaincontrol.com","ns66.domaincontrol.com","","","clientDeleteProhibited","clientRenewProhibited","clientTransferProhibited","clientUpdateProhibited"
"13","arvylee.com","2020-05-10 05:20:41","2020-05-07","2020-05-07","2021-05-07","146","GoDaddy.com, LLC","whois.godaddy.com","http://registrar.godaddy.com","","","","","Iloilo","","Philippines","","","","","","","","","","","","","","","","","","","","","","","","","","","","","","","","","","ns51.domaincontrol.com","ns52.domaincontrol.com","","","clientDeleteProhibited","clientRenewProhibited","clientTransferProhibited","clientUpdateProhibited"
"14","atres-mandaluyong-semi.com","2020-05-10 04:29:22","2020-05-08","2020-05-08","2021-05-08","303","PDR Ltd. d/b/a PublicDomainRegistry.com","whois.publicdomainregistry.com","http://www.publicdomainregistry.com","SALVADOR MANANSALA","DEPARTMENT OF EDUCATION","534 A SEN NEPTALI A GONZALES SR ST BRGY SAN JOSE SITIO III","MANDALUYONG CITY","NCR","1550","Philippines","salvador.manansalai@deped.gov.ph","+63.9291828660","","SALVADOR MANANSALA","DEPARTMENT OF EDUCATION","534 A SEN NEPTALI A GONZALES SR ST BRGY SAN JOSE SITIO III","MANDALUYONG CITY","NCR","1550","Philippines","salvador.manansalai@deped.gov.ph","+63.9291828660","","SALVADOR MANANSALA","DEPARTMENT OF EDUCATION","534 A SEN NEPTALI A GONZALES SR ST BRGY SAN JOSE SITIO III","MANDALUYONG CITY","NCR","1550","Philippines","salvador.manansalai@deped.gov.ph","+63.9291828660","","","","","","","","","","","","ns1.web.com.ph","ns2.web.com.ph","ns3.web.com.ph","ns4.web.com.ph","clientTransferProhibited","","",""
"15","authentechmnl.com","2020-05-10 04:30:18","2020-05-08","2020-05-08","2021-05-08","146","GoDaddy.com, LLC","whois.godaddy.com","http://registrar.godaddy.com","","","","","Manila","","Philippines","","","","","","","","","","","","","","","","","","","","","","","","","","","","","","","","","","ns65.domaincontrol.com","ns66.domaincontrol.com","","","clientDeleteProhibited","clientRenewProhibited","clientTransferProhibited","clientUpdateProhibited"
"16","awesomechrist.com","2020-05-10 04:10:19","2020-05-08","2020-05-08","2021-05-08","146","GoDaddy.com, LLC","whois.godaddy.com","http://registrar.godaddy.com","OAP Internet Services","OAP Internet Services","","","Metro Manila","","Philippines","","","","","","","","","","","","","","","","","","","","","","","","","","","","","","","","","","ns51.domaincontrol.com","ns52.domaincontrol.com","","","clientDeleteProhibited","clientRenewProhibited","clientTransferProhibited","clientUpdateProhibited"
"17","benedictpardo.com","2020-05-10 03:00:22","2020-05-08","2020-05-08","2021-05-08","955","Launchpad, Inc.","whois.launchpad.com","http://www.launchpad.com","Benedict Pardo","None","Brgy. Prenza, Lian, Batangas","LIAN","BTG","4216","Philippines","benedictpardo@gmail.com","+63.9755989519","","Benedict Pardo","None","Brgy. Prenza, Lian, Batangas","LIAN","BTG","4216","Philippines","benedictpardo@gmail.com","+63.9755989519","","Benedict Pardo","None","Brgy. Prenza, Lian, Batangas","LIAN","BTG","4216","Philippines","benedictpardo@gmail.com","+63.9755989519","","","","","","","","","","","","ns6089.hostgator.com","ns6090.hostgator.com","","","clientTransferProhibited","","",""
"18","bicol1.com","2020-05-10 04:49:03","2020-05-08","2020-05-08","2022-05-08","146","GoDaddy.com, LLC","whois.godaddy.com","http://registrar.godaddy.com","","","","","NCR","","Philippines","","","","","","","","","","","","","","","","","","","","","","","","","","","","","","","","","","ns03.domaincontrol.com","ns04.domaincontrol.com","","","clientDeleteProhibited","clientRenewProhibited","clientTransferProhibited","clientUpdateProhibited"
"19","billmcburney.com","2020-05-10 02:11:54","2020-05-08","2020-05-08","2021-05-08","440","Wild West Domains, LLC","whois.wildwestdomains.com","http://www.wildwestdomains.com","Virtual Wonders Web Solutions","Virtual Wonders Web Solutions","","","Pangasinan","","Philippines","","","","","","","","","","","","","","","","","","","","","","","","","","","","","","","","","","ns1.linode.com","ns2.linode.com","","","clientDeleteProhibited","clientRenewProhibited","clientTransferProhibited","clientUpdateProhibited"
"20","billmcburneyopportunity.com","2020-05-10 05:06:44","2020-05-08","2020-05-08","2021-05-08","440","Wild West Domains, LLC","whois.wildwestdomains.com","http://www.wildwestdomains.com","Virtual Wonders Web Solutions","Virtual Wonders Web Solutions","","","Pangasinan","","Philippines","","","","","","","","","","","","","","","","","","","","","","","","","","","","","","","","","","ns1.linode.com","ns2.linode.com","","","clientDeleteProhibited","clientRenewProhibited","clientTransferProhibited","clientUpdateProhibited"
"21","billmcburneyshop.com","2020-05-10 05:06:45","2020-05-08","2020-05-08","2021-05-08","440","Wild West Domains, LLC","whois.wildwestdomains.com","http://www.wildwestdomains.com","Virtual Wonders Web Solutions","Virtual Wonders Web Solutions","","","Pangasinan","","Philippines","","","","","","","","","","","","","","","","","","","","","","","","","","","","","","","","","","ns51.domaincontrol.com","ns52.domaincontrol.com","","","clientDeleteProhibited","clientRenewProhibited","clientTransferProhibited","clientUpdateProhibited"
"22","billmcburneywellnesscenter.com","2020-05-10 02:11:54","2020-05-08","2020-05-08","2021-05-08","440","Wild West Domains, LLC","whois.wildwestdomains.com","http://www.wildwestdomains.com","Virtual Wonders Web Solutions","Virtual Wonders Web Solutions","","","Pangasinan","","Philippines","","","","","","","","","","","","","","","","","","","","","","","","","","","","","","","","","","ns1.linode.com","ns2.linode.com","","","clientDeleteProhibited","clientRenewProhibited","clientTransferProhibited","clientUpdateProhibited"
"23","bolsademaria.com","2020-05-10 05:48:52","2020-05-07","2020-05-07","2021-05-07","48","eNom, Inc.","whois.enom.com","http://www.enom.com","REDACTED FOR PRIVACY","REDACTED FOR PRIVACY","REDACTED FOR PRIVACY","REDACTED FOR PRIVACY","Metro Manila","REDACTED FOR PRIVACY","Philippines","","REDACTED FOR PRIVACY","REDACTED FOR PRIVACY","REDACTED FOR PRIVACY","REDACTED FOR PRIVACY","REDACTED FOR PRIVACY","REDACTED FOR PRIVACY","REDACTED FOR PRIVACY","REDACTED FOR PRIVACY","REDACTED FOR PRIVACY","","REDACTED FOR PRIVACY","REDACTED FOR PRIVACY","REDACTED FOR PRIVACY","REDACTED FOR PRIVACY","REDACTED FOR PRIVACY","REDACTED FOR PRIVACY","REDACTED FOR PRIVACY","REDACTED FOR PRIVACY","REDACTED FOR PRIVACY","","REDACTED FOR PRIVACY","REDACTED FOR PRIVACY","","","","","","","","","","","mdns1.hostwindsdns.com","mdns2.hostwindsdns.com","mdns3.hostwindsdns.com","mdns4.hostwindsdns.com","addPeriod","clientTransferProhibited","",""
"24","booktalksocials.com","2020-05-10 06:28:01","2020-05-08","2020-05-08","2021-05-08","146","GoDaddy.com, LLC","whois.godaddy.com","http://registrar.godaddy.com","","","","","Cebu","","Philippines","","","","","","","","","","","","","","","","","","","","","","","","","","","","","","","","","","ns51.domaincontrol.com","ns52.domaincontrol.com","","","clientDeleteProhibited","clientRenewProhibited","clientTransferProhibited","clientUpdateProhibited"
"25","bpiexpressonline-statement.com","2020-05-10 06:29:20","2020-05-07","2020-05-08","2021-05-07","69","Tucows Domains Inc.","whois.tucows.com","http://domainhelp.opensrs.net","REDACTED FOR PRIVACY","REDACTED FOR PRIVACY","REDACTED FOR PRIVACY","REDACTED FOR PRIVACY","Manila","REDACTED FOR PRIVACY","Philippines","","REDACTED FOR PRIVACY","REDACTED FOR PRIVACY","REDACTED FOR PRIVACY","REDACTED FOR PRIVACY","REDACTED FOR PRIVACY","REDACTED FOR PRIVACY","REDACTED FOR PRIVACY","REDACTED FOR PRIVACY","REDACTED FOR PRIVACY","","REDACTED FOR PRIVACY","REDACTED FOR PRIVACY","REDACTED FOR PRIVACY","REDACTED FOR PRIVACY","REDACTED FOR PRIVACY","REDACTED FOR PRIVACY","REDACTED FOR PRIVACY","REDACTED FOR PRIVACY","REDACTED FOR PRIVACY","","REDACTED FOR PRIVACY","REDACTED FOR PRIVACY","","","","","","","","","","","ns.inmotionhosting.com","ns2.inmotionhosting.com","","","","","",""
"26","bpiexpressonlinepolicy.com","2020-05-10 03:43:57","2020-05-07","2020-05-08","2021-05-07","69","Tucows Domains Inc.","whois.tucows.com","http://domainhelp.opensrs.net","REDACTED FOR PRIVACY","REDACTED FOR PRIVACY","REDACTED FOR PRIVACY","REDACTED FOR PRIVACY","Manila","REDACTED FOR PRIVACY","Philippines","","REDACTED FOR PRIVACY","REDACTED FOR PRIVACY","REDACTED FOR PRIVACY","REDACTED FOR PRIVACY","REDACTED FOR PRIVACY","REDACTED FOR PRIVACY","REDACTED FOR PRIVACY","REDACTED FOR PRIVACY","REDACTED FOR PRIVACY","","REDACTED FOR PRIVACY","REDACTED FOR PRIVACY","REDACTED FOR PRIVACY","REDACTED FOR PRIVACY","REDACTED FOR PRIVACY","REDACTED FOR PRIVACY","REDACTED FOR PRIVACY","REDACTED FOR PRIVACY","REDACTED FOR PRIVACY","","REDACTED FOR PRIVACY","REDACTED FOR PRIVACY","","","","","","","","","","","ns.inmotionhosting.com","ns2.inmotionhosting.com","","","","","",""
"27","businessbehaviorcoaching.com","2020-05-10 06:28:01","2020-05-08","2020-05-08","2021-05-08","69","Tucows Domains Inc.","whois.tucows.com","http://domainhelp.opensrs.net","REDACTED FOR PRIVACY","REDACTED FOR PRIVACY","REDACTED FOR PRIVACY","REDACTED FOR PRIVACY","XX","REDACTED FOR PRIVACY","Philippines","","REDACTED FOR PRIVACY","REDACTED FOR PRIVACY","REDACTED FOR PRIVACY","REDACTED FOR PRIVACY","REDACTED FOR PRIVACY","REDACTED FOR PRIVACY","REDACTED FOR PRIVACY","REDACTED FOR PRIVACY","REDACTED FOR PRIVACY","","REDACTED FOR PRIVACY","REDACTED FOR PRIVACY","REDACTED FOR PRIVACY","REDACTED FOR PRIVACY","REDACTED FOR PRIVACY","REDACTED FOR PRIVACY","REDACTED FOR PRIVACY","REDACTED FOR PRIVACY","REDACTED FOR PRIVACY","","REDACTED FOR PRIVACY","REDACTED FOR PRIVACY","","","","","","","","","","","ns1.gsgp1015.siteground.asia","ns2.gsgp1015.siteground.asia","","","clientTransferProhibited","clientUpdateProhibited","",""
"28","cocoorocatering.com","2020-05-10 06:27:55","2020-05-08","2020-05-08","2021-05-08","303","PDR Ltd. d/b/a PublicDomainRegistry.com","whois.publicdomainregistry.com","http://www.publicdomainregistry.com","Patricia Cruz","","National Road Tunasan","Muntinlupa City","National Capital Region","1773","Philippines","patriciacruz_0308@yahoo.com","+63.9272056700","","Patricia Cruz","","National Road Tunasan","Muntinlupa City","National Capital Region","1773","Philippines","patriciacruz_0308@yahoo.com","+63.9272056700","","Patricia Cruz","","National Road Tunasan","Muntinlupa City","National Capital Region","1773","Philippines","patriciacruz_0308@yahoo.com","+63.9272056700","","","","","","","","","","","","ns1.web.com.ph","ns2.web.com.ph","ns3.web.com.ph","ns4.web.com.ph","clientTransferProhibited","","",""
"29","configohome.com","2020-05-10 02:58:50","2020-05-08","2020-05-08","2021-05-08","69","Tucows Domains Inc.","whois.tucows.com","http://domainhelp.opensrs.net","REDACTED FOR PRIVACY","REDACTED FOR PRIVACY","REDACTED FOR PRIVACY","REDACTED FOR PRIVACY","NA","REDACTED FOR PRIVACY","Philippines","","REDACTED FOR PRIVACY","REDACTED FOR PRIVACY","REDACTED FOR PRIVACY","REDACTED FOR PRIVACY","REDACTED FOR PRIVACY","REDACTED FOR PRIVACY","REDACTED FOR PRIVACY","REDACTED FOR PRIVACY","REDACTED FOR PRIVACY","","REDACTED FOR PRIVACY","REDACTED FOR PRIVACY","REDACTED FOR PRIVACY","REDACTED FOR PRIVACY","REDACTED FOR PRIVACY","REDACTED FOR PRIVACY","REDACTED FOR PRIVACY","REDACTED FOR PRIVACY","REDACTED FOR PRIVACY","","REDACTED FOR PRIVACY","REDACTED FOR PRIVACY","","","","","","","","","","","dns.site5.com","dns2.site5.com","","","clientTransferProhibited","clientUpdateProhibited","",""
"30","core-bands.com","2020-05-10 06:22:56","2020-05-07","2020-05-07","2021-05-07","146","GoDaddy.com, LLC","whois.godaddy.com","http://registrar.godaddy.com","","","","","Agusan del Norte","","Philippines","","","","","","","","","","","","","","","","","","","","","","","","","","","","","","","","","","ns65.domaincontrol.com","ns66.domaincontrol.com","","","clientDeleteProhibited","clientRenewProhibited","clientTransferProhibited","clientUpdateProhibited"
"31","cosrevsales.com","2020-05-10 06:22:01","2020-05-08","2020-05-08","2022-05-08","146","GoDaddy.com, LLC","whois.godaddy.com","http://registrar.godaddy.com","","","","","NCR","","Philippines","","","","","","","","","","","","","","","","","","","","","","","","","","","","","","","","","","ns65.domaincontrol.com","ns66.domaincontrol.com","","","clientDeleteProhibited","clientRenewProhibited","clientTransferProhibited","clientUpdateProhibited"
"32","cov19spy.com","2020-05-10 06:26:30","2020-05-08","2020-05-08","2022-05-08","146","GoDaddy.com, LLC","whois.godaddy.com","http://registrar.godaddy.com","Larc&Asset PR","Larc&Asset PR","","","","","Philippines","","","","","","","","","","","","","","","","","","","","","","","","","","","","","","","","","","ns65.domaincontrol.com","ns66.domaincontrol.com","","","clientDeleteProhibited","clientRenewProhibited","clientTransferProhibited","clientUpdateProhibited"
"33","covidshieldph.com","2020-05-10 04:20:28","2020-05-08","2020-05-08","2022-05-08","146","GoDaddy.com, LLC","whois.godaddy.com","http://registrar.godaddy.com","Signarama Corporation","Signarama Corporation","","","Metro Manila","","Philippines","","","","","","","","","","","","","","","","","","","","","","","","","","","","","","","","","","ns8.wixdns.net","ns9.wixdns.net","","","clientDeleteProhibited","clientRenewProhibited","clientTransferProhibited","clientUpdateProhibited"
"34","crococart.com","2020-05-10 06:14:03","2020-05-08","2020-05-08","2021-05-08","146","GoDaddy.com, LLC","whois.godaddy.com","http://registrar.godaddy.com","","","","","Cavite","","Philippines","","","","","","","","","","","","","","","","","","","","","","","","","","","","","","","","","","ns57.domaincontrol.com","ns58.domaincontrol.com","","","clientDeleteProhibited","clientRenewProhibited","clientTransferProhibited","clientUpdateProhibited"
"35","cyl688.com","2020-05-10 03:00:14","2020-05-08","2020-05-08","2021-05-08","146","GoDaddy.com, LLC","whois.godaddy.com","http://registrar.godaddy.com","","","","","Liaoning","","Philippines","","","","","","","","","","","","","","","","","","","","","","","","","","","","","","","","","","miles.ns.cloudflare.com","wally.ns.cloudflare.com","","","clientDeleteProhibited","clientRenewProhibited","clientTransferProhibited","clientUpdateProhibited"
"36","darwinbantiles.com","2020-05-10 04:17:32","2020-05-08","2020-05-08","2021-05-08","106","Ascio Technologies, Inc. Danmark - Filial af Ascio technologies, Inc. USA","whois.ascio.com","http://www.ascio.com","Not Disclosed","Not Disclosed","Not Disclosed","Not Disclosed","","Not Disclosed","Philippines","","Not Disclosed","Not Disclosed","Not Disclosed","Not Disclosed","Not Disclosed","Not Disclosed","Not Disclosed","Not Disclosed","Not Disclosed","","Not Disclosed","Not Disclosed","Not Disclosed","Not Disclosed","Not Disclosed","Not Disclosed","Not Disclosed","Not Disclosed","Not Disclosed","","Not Disclosed","Not Disclosed","","","","","","","","","","","dns1.123hjemmeside.dk","dns2.123hjemmeside.dk","dns3.123hjemmeside.dk","","OK","","",""
"37","davepuppies.com","2020-05-10 03:11:18","2020-05-08","2020-05-08","2021-05-08","146","GoDaddy.com, LLC","whois.godaddy.com","http://registrar.godaddy.com","","","","","Makati","","Philippines","","","","","","","","","","","","","","","","","","","","","","","","","","","","","","","","","","ns03.domaincontrol.com","ns04.domaincontrol.com","","","clientDeleteProhibited","clientRenewProhibited","clientTransferProhibited","clientUpdateProhibited"
"38","debbiebiddickopportunity.com","2020-05-10 04:30:08","2020-05-08","2020-05-08","2021-05-08","440","Wild West Domains, LLC","whois.wildwestdomains.com","http://www.wildwestdomains.com","Virtual Wonders Web Solutions","Virtual Wonders Web Solutions","","","Pangasinan","","Philippines","","","","","","","","","","","","","","","","","","","","","","","","","","","","","","","","","","ns1.linode.com","ns2.linode.com","","","clientDeleteProhibited","clientRenewProhibited","clientTransferProhibited","clientUpdateProhibited"
"39","dharcie.com","2020-05-10 03:21:00","2020-05-08","2020-05-08","2022-05-08","146","GoDaddy.com, LLC","whois.godaddy.com","http://registrar.godaddy.com","","","","","metro manila","","Philippines","","","","","","","","","","","","","","","","","","","","","","","","","","","","","","","","","","ns51.domaincontrol.com","ns52.domaincontrol.com","","","clientDeleteProhibited","clientRenewProhibited","clientTransferProhibited","clientUpdateProhibited"
"40","digitalagencysolutionsph.com","2020-05-10 04:28:51","2020-05-08","2020-05-08","2021-05-08","303","PDR Ltd. d/b/a PublicDomainRegistry.com","whois.publicdomainregistry.com","http://www.publicdomainregistry.com","Ernesto Santamina Jr","Digital Agency Solutions","Level 5 Gateway Tower, General Roxas Avenue Corner General Aguin","Quezon CIty","Metro Manila","1109","Philippines","digitalagencysolutionsdms@gmail.com","+63.9055452017","","Ernesto Santamina Jr","Digital Agency Solutions","Level 5 Gateway Tower, General Roxas Avenue Corner General Aguin","Quezon CIty","Metro Manila","1109","Philippines","digitalagencysolutionsdms@gmail.com","+63.9055452017","","Ernesto Santamina Jr","Digital Agency Solutions","Level 5 Gateway Tower, General Roxas Avenue Corner General Aguin","Quezon CIty","Metro Manila","1109","Philippines","digitalagencysolutionsdms@gmail.com","+63.9055452017","","","","","","","","","","","","ns1.dns-parking.com","ns2.dns-parking.com","","","clientTransferProhibited","","",""
"41","dnakoifarm.com","2020-05-10 02:29:06","2020-05-08","2020-05-08","2021-05-08","146","GoDaddy.com, LLC","whois.godaddy.com","http://registrar.godaddy.com","DnA kOi","DnA kOi","","","Cebu","","Philippines","","","","","","","","","","","","","","","","","","","","","","","","","","","","","","","","","","pdns13.domaincontrol.com","pdns14.domaincontrol.com","","","clientDeleteProhibited","clientRenewProhibited","clientTransferProhibited","clientUpdateProhibited"
"42","drwn-webdev.com","2020-05-10 04:07:08","2020-05-08","2020-05-08","2021-05-08","146","GoDaddy.com, LLC","whois.godaddy.com","http://registrar.godaddy.com","","","","","Batangas","","Philippines","","","","","","","","","","","","","","","","","","","","","","","","","","","","","","","","","","ns57.domaincontrol.com","ns58.domaincontrol.com","","","clientDeleteProhibited","clientRenewProhibited","clientTransferProhibited","clientUpdateProhibited"
"43","ds-188.com","2020-05-10 03:29:24","2020-05-08","2020-05-08","2022-05-08","146","GoDaddy.com, LLC","whois.godaddy.com","http://registrar.godaddy.com","","","","","He Na Sheng","","Philippines","","","","","","","","","","","","","","","","","","","","","","","","","","","","","","","","","","ns65.domaincontrol.com","ns66.domaincontrol.com","","","clientDeleteProhibited","clientRenewProhibited","clientTransferProhibited","clientUpdateProhibited"
"44","ds168s.com","2020-05-10 03:30:46","2020-05-08","2020-05-08","2022-05-08","146","GoDaddy.com, LLC","whois.godaddy.com","http://registrar.godaddy.com","","","","","He Na Sheng","","Philippines","","","","","","","","","","","","","","","","","","","","","","","","","","","","","","","","","","ns33.domaincontrol.com","ns34.domaincontrol.com","","","clientDeleteProhibited","clientRenewProhibited","clientTransferProhibited","clientUpdateProhibited"
"45","dwightdouglasconsulting.com","2020-05-10 03:14:50","2020-05-08","2020-05-08","2021-05-08","106","Ascio Technologies, Inc. Danmark - Filial af Ascio technologies, Inc. USA","whois.ascio.com","http://www.ascio.com","Not Disclosed","Not Disclosed","Not Disclosed","Not Disclosed","","Not Disclosed","Philippines","","Not Disclosed","Not Disclosed","Not Disclosed","Not Disclosed","Not Disclosed","Not Disclosed","Not Disclosed","Not Disclosed","Not Disclosed","","Not Disclosed","Not Disclosed","Not Disclosed","Not Disclosed","Not Disclosed","Not Disclosed","Not Disclosed","Not Disclosed","Not Disclosed","","Not Disclosed","Not Disclosed","","","","","","","","","","","dns1.123hjemmeside.dk","dns2.123hjemmeside.dk","dns3.123hjemmeside.dk","","OK","","",""
"46","entrepnow.com","2020-05-10 04:59:41","2020-05-08","2020-05-08","2021-05-08","955","Launchpad, Inc.","whois.launchpad.com","http://www.launchpad.com","Majkel Benche Custodio","QuickPro","374b Tres De Abril Streeet Brgy San Nicolas Proper","Cebu","CEB","6000","Philippines","onlinejobemail2016@gmail.com","+63.325172594","","Majkel Benche Custodio","QuickPro","374b Tres De Abril Streeet Brgy San Nicolas Proper","Cebu","CEB","6000","Philippines","onlinejobemail2016@gmail.com","+63.325172594","","Majkel Benche Custodio","QuickPro","374b Tres De Abril Streeet Brgy San Nicolas Proper","Cebu","CEB","6000","Philippines","onlinejobemail2016@gmail.com","+63.325172594","","","","","","","","","","","","ns3.quickpro.site","ns4.quickpro.site","","","clientTransferProhibited","","",""
"47","eokada77.com","2020-05-10 04:44:09","2020-05-08","2020-05-08","2023-05-08","303","PDR Ltd. d/b/a PublicDomainRegistry.com","whois.publicdomainregistry.com","http://www.publicdomainregistry.com","kim suntry","kim suntry","1232 ridgewood tower","makati","manila","1630","Philippines","sunny201904@gmail.com","+82.9475786685","","kim suntry","kim suntry","1232 ridgewood tower","makati","manila","1630","Philippines","sunny201904@gmail.com","+82.9475786685","","kim suntry","kim suntry","1232 ridgewood tower","makati","manila","1630","Philippines","sunny201904@gmail.com","+82.9475786685","","","","","","","","","","","","ns1.dns-parking.com","ns2.dns-parking.com","","","clientTransferProhibited","","",""
"48","epikpay.com","2020-05-10 05:24:02","2020-05-07","2020-05-07","2022-05-07","146","GoDaddy.com, LLC","whois.godaddy.com","http://registrar.godaddy.com","","","","","NCR","","Philippines","","","","","","","","","","","","","","","","","","","","","","","","","","","","","","","","","","ns33.domaincontrol.com","ns34.domaincontrol.com","","","clientDeleteProhibited","clientRenewProhibited","clientTransferProhibited","clientUpdateProhibited"
"49","eurasiaintelligence.com","2020-05-10 04:17:27","2020-05-08","2020-05-08","2021-05-08","146","GoDaddy.com, LLC","whois.godaddy.com","http://registrar.godaddy.com","","","","","Cebu","","Philippines","","","","","","","","","","","","","","","","","","","","","","","","","","","","","","","","","","ns65.domaincontrol.com","ns66.domaincontrol.com","","","clientDeleteProhibited","clientRenewProhibited","clientTransferProhibited","clientUpdateProhibited"
"50","facebank.biz","2020-05-10 17:00:43","2020-05-02","2020-05-07","2021-05-02","303","PDR Ltd. d/b/a PublicDomainRegistry.com","whois.publicdomainregistry.com","http://www.publicdomainregistry.com","Zhigang Tian Tian","Zhigang Tian Tian","","","Metro Manila","","Philippines","","","","","","","","","","","","","","","","","","","","","","","","","","","","","","","","","","ns1.dns-parking.com","ns2.dns-parking.com","","","clientTransferProhibited","","",""
"51","fantasticbabystuffonlinestore.com","2020-05-10 03:15:46","2020-05-08","2020-05-08","2021-05-08","106","Ascio Technologies, Inc. Danmark - Filial af Ascio technologies, Inc. USA","whois.ascio.com","http://www.ascio.com","Not Disclosed","Not Disclosed","Not Disclosed","Not Disclosed","","Not Disclosed","Philippines","","Not Disclosed","Not Disclosed","Not Disclosed","Not Disclosed","Not Disclosed","Not Disclosed","Not Disclosed","Not Disclosed","Not Disclosed","","Not Disclosed","Not Disclosed","Not Disclosed","Not Disclosed","Not Disclosed","Not Disclosed","Not Disclosed","Not Disclosed","Not Disclosed","","Not Disclosed","Not Disclosed","","","","","","","","","","","dns1.123hjemmeside.dk","dns2.123hjemmeside.dk","dns3.123hjemmeside.dk","","OK","","",""
"52","fittestmike.com","2020-05-10 06:27:14","2020-05-08","2020-05-08","2021-05-08","955","Launchpad, Inc.","whois.launchpad.com","http://www.launchpad.com","Michael Mendoza","None","#48 St. Anthony St., Mirador Hill","Baguio City","BEN","2600","Philippines","fittestmike@gmail.com","+63.9175350731","","Michael Mendoza","None","#48 St. Anthony St., Mirador Hill","Baguio City","BEN","2600","Philippines","fittestmike@gmail.com","+63.9175350731","","Michael Mendoza","None","#48 St. Anthony St., Mirador Hill","Baguio City","BEN","2600","Philippines","fittestmike@gmail.com","+63.9175350731","","","","","","","","","","","","ns6425.hostgator.com","ns6426.hostgator.com","","","clientTransferProhibited","","",""
"53","foodwemake.com","2020-05-10 06:30:50","2020-05-08","2020-05-08","2021-05-08","146","GoDaddy.com, LLC","whois.godaddy.com","http://registrar.godaddy.com","","","","","Muntinlupa","","Philippines","","","","","","","","","","","","","","","","","","","","","","","","","","","","","","","","","","ns65.domaincontrol.com","ns66.domaincontrol.com","","","clientDeleteProhibited","clientRenewProhibited","clientTransferProhibited","clientUpdateProhibited"
"54","friendlyoptionsph.com","2020-05-10 04:19:53","2020-05-08","2020-05-08","2021-05-08","146","GoDaddy.com, LLC","whois.godaddy.com","http://registrar.godaddy.com","","","","","Navotas","","Philippines","","","","","","","","","","","","","","","","","","","","","","","","","","","","","","","","","","ns57.domaincontrol.com","ns58.domaincontrol.com","","","clientDeleteProhibited","clientRenewProhibited","clientTransferProhibited","clientUpdateProhibited"
"55","fsd31216afs.com","2020-05-10 06:21:18","2020-05-08","2020-05-08","2021-05-08","146","GoDaddy.com, LLC","whois.godaddy.com","http://registrar.godaddy.com","","","","","Di San Fang","","Philippines","","","","","","","","","","","","","","","","","","","","","","","","","","","","","","","","","","ns1.dnsdun.com","ns1.dnsdun.net","","","clientDeleteProhibited","clientRenewProhibited","clientTransferProhibited","clientUpdateProhibited"
"56","gaysul.com","2020-05-10 06:30:32","2020-05-08","2020-05-08","2021-05-08","146","GoDaddy.com, LLC","whois.godaddy.com","http://registrar.godaddy.com","Texxen","Texxen","","","Metro Manila","","Philippines","","","","","","","","","","","","","","","","","","","","","","","","","","","","","","","","","","ns65.domaincontrol.com","ns66.domaincontrol.com","","","clientDeleteProhibited","clientRenewProhibited","clientTransferProhibited","clientUpdateProhibited"
"57","geo-tiles.com","2020-05-10 04:59:09","2020-05-08","2020-05-08","2021-05-08","146","GoDaddy.com, LLC","whois.godaddy.com","http://registrar.godaddy.com","","","","","SULTAN KUDARAT","","Philippines","","","","","","","","","","","","","","","","","","","","","","","","","","","","","","","","","","ns65.domaincontrol.com","ns66.domaincontrol.com","","","clientDeleteProhibited","clientRenewProhibited","clientTransferProhibited","clientUpdateProhibited"
"58","giftzondemands.com","2020-05-10 06:29:14","2020-05-08","2020-05-08","2021-05-08","146","GoDaddy.com, LLC","whois.godaddy.com","http://registrar.godaddy.com","","","","","paranaque","","Philippines","","","","","","","","","","","","","","","","","","","","","","","","","","","","","","","","","","ns51.domaincontrol.com","ns52.domaincontrol.com","","","clientDeleteProhibited","clientRenewProhibited","clientTransferProhibited","clientUpdateProhibited"
"59","glowupwithmeph.com","2020-05-10 02:11:11","2020-05-08","2020-05-08","2021-05-08","106","Ascio Technologies, Inc. Danmark - Filial af Ascio technologies, Inc. USA","whois.ascio.com","http://www.ascio.com","Not Disclosed","Not Disclosed","Not Disclosed","Not Disclosed","","Not Disclosed","Philippines","","Not Disclosed","Not Disclosed","Not Disclosed","Not Disclosed","Not Disclosed","Not Disclosed","Not Disclosed","Not Disclosed","Not Disclosed","","Not Disclosed","Not Disclosed","Not Disclosed","Not Disclosed","Not Disclosed","Not Disclosed","Not Disclosed","Not Disclosed","Not Disclosed","","Not Disclosed","Not Disclosed","","","","","","","","","","","dns1.123hjemmeside.dk","dns2.123hjemmeside.dk","dns3.123hjemmeside.dk","","OK","","",""
"60","goawra.com","2020-05-10 02:56:48","2020-05-08","2020-05-08","2021-05-08","146","GoDaddy.com, LLC","whois.godaddy.com","http://registrar.godaddy.com","","","","","Las Pinas","","Philippines","","","","","","","","","","","","","","","","","","","","","","","","","","","","","","","","","","ns57.domaincontrol.com","ns58.domaincontrol.com","","","clientDeleteProhibited","clientRenewProhibited","clientTransferProhibited","clientUpdateProhibited"
"61","helenhoganbooks.com","2020-05-10 05:36:45","2020-05-07","2020-05-07","2021-05-07","955","Launchpad, Inc.","whois.launchpad.com","http://www.launchpad.com","K R Lalani","None","2nd Flr Crown 7 Bldg Kasambagan","Cebu City","CEB","6000","Philippines","management.vishal@gmail.com","+63.9083612714","","K R Lalani","None","2nd Flr Crown 7 Bldg Kasambagan","Cebu City","CEB","6000","Philippines","management.vishal@gmail.com","+63.9083612714","","K R Lalani","None","2nd Flr Crown 7 Bldg Kasambagan","Cebu City","CEB","6000","Philippines","management.vishal@gmail.com","+63.9083612714","","","","","","","","","","","","ns1455.websitewelcome.com","ns1456.websitewelcome.com","","","clientTransferProhibited","","",""
"62","heybeem.com","2020-05-10 05:05:23","2020-05-08","2020-05-08","2021-05-08","146","GoDaddy.com, LLC","whois.godaddy.com","http://registrar.godaddy.com","","","","","Cebu","","Philippines","","","","","","","","","","","","","","","","","","","","","","","","","","","","","","","","","","ns51.domaincontrol.com","ns52.domaincontrol.com","","","clientDeleteProhibited","clientRenewProhibited","clientTransferProhibited","clientUpdateProhibited"
"63","heyflour.com","2020-05-10 04:18:44","2020-05-08","2020-05-08","2021-05-08","146","GoDaddy.com, LLC","whois.godaddy.com","http://registrar.godaddy.com","Hey Flour","Hey Flour","","","Paranaque","","Philippines","","","","","","","","","","","","","","","","","","","","","","","","","","","","","","","","","","ns57.domaincontrol.com","ns58.domaincontrol.com","","","clientDeleteProhibited","clientRenewProhibited","clientTransferProhibited","clientUpdateProhibited"
"64","homeschoolunboxed.com","2020-05-10 04:51:05","2020-05-08","","2021-05-08","1068","NameCheap, Inc.","whois.namecheap.com","http://www.namecheap.com","Elijah Mendoza","Homeschool Unboxed","12 Barretto Drive LGV","QC","NCR","1108","Philippines","hsunboxed@gmail.com","+63.9175848147","","Elijah Mendoza","Homeschool Unboxed","12 Barretto Drive LGV","QC","NCR","1108","Philippines","hsunboxed@gmail.com","+63.9175848147","","Elijah Mendoza","Homeschool Unboxed","12 Barretto Drive LGV","QC","NCR","1108","Philippines","hsunboxed@gmail.com","+63.9175848147","","","","","","","","","","","","dns1.registrar-servers.com","dns2.registrar-servers.com","","","addPeriod","clientTransferProhibited","",""
"65","howtomad.com","2020-05-10 02:12:09","2020-05-08","2020-05-08","2021-05-08","106","Ascio Technologies, Inc. Danmark - Filial af Ascio technologies, Inc. USA","whois.ascio.com","http://www.ascio.com","Not Disclosed","Not Disclosed","Not Disclosed","Not Disclosed","","Not Disclosed","Philippines","","Not Disclosed","Not Disclosed","Not Disclosed","Not Disclosed","Not Disclosed","Not Disclosed","Not Disclosed","Not Disclosed","Not Disclosed","","Not Disclosed","Not Disclosed","Not Disclosed","Not Disclosed","Not Disclosed","Not Disclosed","Not Disclosed","Not Disclosed","Not Disclosed","","Not Disclosed","Not Disclosed","","","","","","","","","","","dns1.123hjemmeside.dk","dns2.123hjemmeside.dk","dns3.123hjemmeside.dk","","OK","","",""
"66","ictbdc.com","2020-05-10 04:10:18","2020-05-08","2020-05-08","2022-05-08","146","GoDaddy.com, LLC","whois.godaddy.com","http://registrar.godaddy.com","","","","","Lipa City","","Philippines","","","","","","","","","","","","","","","","","","","","","","","","","","","","","","","","","","ns57.domaincontrol.com","ns58.domaincontrol.com","","","clientDeleteProhibited","clientRenewProhibited","clientTransferProhibited","clientUpdateProhibited"
"67","im-serial.com","2020-05-10 02:12:03","2020-05-08","2020-05-08","2021-05-08","49","GMO Internet Inc.","whois.discount-domain.com","http://www.onamae.com","Nobid Untu","Nobid Untu","Sogod Southern Leyte Philippines","Sogod","6606","6606","Philippines","umbrella.dev97@gmail.com","+63.9325514810","","Nobid Untu","Nobid Untu","Sogod Southern Leyte Philippines","Sogod","6606","6606","Philippines","umbrella.dev97@gmail.com","+63.9325514810","","Nobid Untu","Nobid Untu","Sogod Southern Leyte Philippines","Sogod","6606","6606","Philippines","umbrella.dev97@gmail.com","+63.9325514810","","","","","","","","","","","","kenneth.ns.cloudflare.com","suzanne.ns.cloudflare.com","","","OK","","",""
"68","inartechsolutions.com","2020-05-10 04:15:51","2020-05-08","2020-05-08","2022-05-08","303","PDR Ltd. d/b/a PublicDomainRegistry.com","whois.publicdomainregistry.com","http://www.publicdomainregistry.com","emman borja","emman borja","Cabugao Oeste","Roxas City","Capiz","5800","Philippines","emmanjacobbborja@gmail.com","+63.9126137357","","emman borja","emman borja","Cabugao Oeste","Roxas City","Capiz","5800","Philippines","emmanjacobbborja@gmail.com","+63.9126137357","","emman borja","emman borja","Cabugao Oeste","Roxas City","Capiz","5800","Philippines","emmanjacobbborja@gmail.com","+63.9126137357","","","","","","","","","","","","ns1.dns-parking.com","ns2.dns-parking.com","","","clientTransferProhibited","","",""
"69","ivacaresolutions.com","2020-05-10 03:34:30","2020-05-07","2020-05-07","2022-05-07","146","GoDaddy.com, LLC","whois.godaddy.com","http://registrar.godaddy.com","","","","","metro manila","","Philippines","","","","","","","","","","","","","","","","","","","","","","","","","","","","","","","","","","ns65.domaincontrol.com","ns66.domaincontrol.com","","","clientDeleteProhibited","clientRenewProhibited","clientTransferProhibited","clientUpdateProhibited"
"70","jasdeals.com","2020-05-10 03:07:59","2020-05-08","2020-05-08","2022-05-08","146","GoDaddy.com, LLC","whois.godaddy.com","http://registrar.godaddy.com","","","","","metro manila","","Philippines","","","","","","","","","","","","","","","","","","","","","","","","","","","","","","","","","","ns51.domaincontrol.com","ns52.domaincontrol.com","","","clientDeleteProhibited","clientRenewProhibited","clientTransferProhibited","clientUpdateProhibited"
"71","jennytrendyshop.com","2020-05-10 03:16:27","2020-05-08","","2021-05-08","49","GMO Internet Inc.","whois.discount-domain.com","http://www.onamae.com","Reymond Atillo","Reymond Atillo","Aldecoa Road","Dumaguete City","6200","6200","Philippines","rockstarcoder18@gmail.com","+63.9151198097","","Reymond Atillo","Reymond Atillo","Aldecoa Road","Dumaguete City","6200","6200","Philippines","rockstarcoder18@gmail.com","+63.9151198097","","Reymond Atillo","Reymond Atillo","Aldecoa Road","Dumaguete City","6200","6200","Philippines","rockstarcoder18@gmail.com","+63.9151198097","","","","","","","","","","","","ns-a1.cloud.z.com","ns-a2.cloud.z.com","ns-a3.cloud.z.com","","OK","","",""
"72","jenzzyshop.com","2020-05-10 02:03:50","2020-05-08","2020-05-08","2021-05-08","69","Tucows Domains Inc.","whois.tucows.com","http://domainhelp.opensrs.net","REDACTED FOR PRIVACY","REDACTED FOR PRIVACY","REDACTED FOR PRIVACY","REDACTED FOR PRIVACY","XX","REDACTED FOR PRIVACY","Philippines","","REDACTED FOR PRIVACY","REDACTED FOR PRIVACY","REDACTED FOR PRIVACY","REDACTED FOR PRIVACY","REDACTED FOR PRIVACY","REDACTED FOR PRIVACY","REDACTED FOR PRIVACY","REDACTED FOR PRIVACY","REDACTED FOR PRIVACY","","REDACTED FOR PRIVACY","REDACTED FOR PRIVACY","REDACTED FOR PRIVACY","REDACTED FOR PRIVACY","REDACTED FOR PRIVACY","REDACTED FOR PRIVACY","REDACTED FOR PRIVACY","REDACTED FOR PRIVACY","REDACTED FOR PRIVACY","","REDACTED FOR PRIVACY","REDACTED FOR PRIVACY","","","","","","","","","","","ns1.giow1086.siteground.us","ns2.giow1086.siteground.us","","","clientTransferProhibited","clientUpdateProhibited","",""
"73","jiangxin158.com","2020-05-10 06:26:57","2020-05-08","2020-05-08","2021-05-08","146","GoDaddy.com, LLC","whois.godaddy.com","http://registrar.godaddy.com","","","","","metro manila","","Philippines","","","","","","","","","","","","","","","","","","","","","","","","","","","","","","","","","","ns33.domaincontrol.com","ns34.domaincontrol.com","","","clientDeleteProhibited","clientRenewProhibited","clientTransferProhibited","clientUpdateProhibited"
"74","jirlynstore.com","2020-05-10 04:15:38","2020-05-08","2020-05-08","2021-05-08","48","eNom, Inc.","whois.enom.com","http://www.enom.com","REDACTED FOR PRIVACY","REDACTED FOR PRIVACY","REDACTED FOR PRIVACY","REDACTED FOR PRIVACY","Cebu","REDACTED FOR PRIVACY","Philippines","","REDACTED FOR PRIVACY","REDACTED FOR PRIVACY","REDACTED FOR PRIVACY","REDACTED FOR PRIVACY","REDACTED FOR PRIVACY","REDACTED FOR PRIVACY","REDACTED FOR PRIVACY","REDACTED FOR PRIVACY","REDACTED FOR PRIVACY","","REDACTED FOR PRIVACY","REDACTED FOR PRIVACY","REDACTED FOR PRIVACY","REDACTED FOR PRIVACY","REDACTED FOR PRIVACY","REDACTED FOR PRIVACY","REDACTED FOR PRIVACY","REDACTED FOR PRIVACY","REDACTED FOR PRIVACY","","REDACTED FOR PRIVACY","REDACTED FOR PRIVACY","","","","","","","","","","","ns1.wizkidhosting.com","ns2.wizkidhosting.com","","","addPeriod","clientTransferProhibited","",""
"75","jitsijmhosolutionsinc.com","2020-05-10 04:20:29","2020-05-08","2020-05-08","2021-05-08","69","Tucows Domains Inc.","whois.tucows.com","http://domainhelp.opensrs.net","REDACTED FOR PRIVACY","REDACTED FOR PRIVACY","REDACTED FOR PRIVACY","REDACTED FOR PRIVACY","XX","REDACTED FOR PRIVACY","Philippines","","REDACTED FOR PRIVACY","REDACTED FOR PRIVACY","REDACTED FOR PRIVACY","REDACTED FOR PRIVACY","REDACTED FOR PRIVACY","REDACTED FOR PRIVACY","REDACTED FOR PRIVACY","REDACTED FOR PRIVACY","REDACTED FOR PRIVACY","","REDACTED FOR PRIVACY","REDACTED FOR PRIVACY","REDACTED FOR PRIVACY","REDACTED FOR PRIVACY","REDACTED FOR PRIVACY","REDACTED FOR PRIVACY","REDACTED FOR PRIVACY","REDACTED FOR PRIVACY","REDACTED FOR PRIVACY","","REDACTED FOR PRIVACY","REDACTED FOR PRIVACY","","","","","","","","","","","ns1.digitalocean.com","ns2.digitalocean.com","ns3.digitalocean.com","","clientTransferProhibited","clientUpdateProhibited","",""
"76","joewint.com","2020-05-10 05:36:44","2020-05-07","2020-05-07","2021-05-07","955","Launchpad, Inc.","whois.launchpad.com","http://www.launchpad.com","K R Lalani","None","2nd Flr Crown 7 Bldg Kasambagan","Cebu City","CEB","6000","Philippines","management.vishal@gmail.com","+63.9083612714","","K R Lalani","None","2nd Flr Crown 7 Bldg Kasambagan","Cebu City","CEB","6000","Philippines","management.vishal@gmail.com","+63.9083612714","","K R Lalani","None","2nd Flr Crown 7 Bldg Kasambagan","Cebu City","CEB","6000","Philippines","management.vishal@gmail.com","+63.9083612714","","","","","","","","","","","","ns1455.websitewelcome.com","ns1456.websitewelcome.com","","","clientTransferProhibited","","",""
"77","juandelivery.com","2020-05-10 05:26:18","2020-05-08","2020-05-08","2022-05-08","146","GoDaddy.com, LLC","whois.godaddy.com","http://registrar.godaddy.com","Prime Watch Media","Prime Watch Media","","","NCR","","Philippines","","","","","","","","","","","","","","","","","","","","","","","","","","","","","","","","","","ns51.domaincontrol.com","ns52.domaincontrol.com","","","clientDeleteProhibited","clientRenewProhibited","clientTransferProhibited","clientUpdateProhibited"
"78","karenpettaway.com","2020-05-10 05:36:45","2020-05-07","2020-05-07","2021-05-07","955","Launchpad, Inc.","whois.launchpad.com","http://www.launchpad.com","K R Lalani","None","2nd Flr Crown 7 Bldg Kasambagan","Cebu City","CEB","6000","Philippines","management.vishal@gmail.com","+63.9083612714","","K R Lalani","None","2nd Flr Crown 7 Bldg Kasambagan","Cebu City","CEB","6000","Philippines","management.vishal@gmail.com","+63.9083612714","","K R Lalani","None","2nd Flr Crown 7 Bldg Kasambagan","Cebu City","CEB","6000","Philippines","management.vishal@gmail.com","+63.9083612714","","","","","","","","","","","","ns1455.websitewelcome.com","ns1456.websitewelcome.com","","","clientTransferProhibited","","",""
"79","karinmateybooks.com","2020-05-10 05:36:33","2020-05-07","2020-05-07","2021-05-07","955","Launchpad, Inc.","whois.launchpad.com","http://www.launchpad.com","K R Lalani","None","2nd Flr Crown 7 Bldg Kasambagan","Cebu City","CEB","6000","Philippines","management.vishal@gmail.com","+63.9083612714","","K R Lalani","None","2nd Flr Crown 7 Bldg Kasambagan","Cebu City","CEB","6000","Philippines","management.vishal@gmail.com","+63.9083612714","","K R Lalani","None","2nd Flr Crown 7 Bldg Kasambagan","Cebu City","CEB","6000","Philippines","management.vishal@gmail.com","+63.9083612714","","","","","","","","","","","","ns1455.websitewelcome.com","ns1456.websitewelcome.com","","","clientTransferProhibited","","",""
"80","labankapamilya.com","2020-05-10 02:15:37","2020-05-08","2020-05-08","2021-05-08","146","GoDaddy.com, LLC","whois.godaddy.com","http://registrar.godaddy.com","ABS-CBN Corporation","ABS-CBN Corporation","","","MM","","Philippines","","","","","","","","","","","","","","","","","","","","","","","","","","","","","","","","","","ns65.domaincontrol.com","ns66.domaincontrol.com","","","clientDeleteProhibited","clientRenewProhibited","clientTransferProhibited","clientUpdateProhibited"
"81","lems2003.com","2020-05-10 06:26:47","2020-05-08","2020-05-08","2021-05-08","303","PDR Ltd. d/b/a PublicDomainRegistry.com","whois.publicdomainregistry.com","http://www.publicdomainregistry.com","Ricardo III Gomez","Ricardo III Gomez","1604 Belmira Bldg, Cypress Towers, Diego Silang","Taguig","Metro Manila","1630","Philippines","ricardoiiigomez@gmail.com","+63.9171402297","","Ricardo III Gomez","Ricardo III Gomez","1604 Belmira Bldg, Cypress Towers, Diego Silang","Taguig","Metro Manila","1630","Philippines","ricardoiiigomez@gmail.com","+63.9171402297","","Ricardo III Gomez","Ricardo III Gomez","1604 Belmira Bldg, Cypress Towers, Diego Silang","Taguig","Metro Manila","1630","Philippines","ricardoiiigomez@gmail.com","+63.9171402297","","","","","","","","","","","","ns1.dns-parking.com","ns2.dns-parking.com","","","clientTransferProhibited","","",""
"82","lfisherdelivery.com","2020-05-10 03:24:23","2020-05-08","2020-05-09","2021-05-08","955","Launchpad, Inc.","whois.launchpad.com","http://www.launchpad.com","Julio Mapa, Jr.","None","Lacson St.","Bacolod City","NEC","6100","Philippines","lfisherhotel@yahoo.com","+63.9157982824","","Julio Mapa, Jr.","None","Lacson St.","Bacolod City","NEC","6100","Philippines","lfisherhotel@yahoo.com","+63.9157982824","","Julio Mapa, Jr.","None","Lacson St.","Bacolod City","NEC","6100","Philippines","lfisherhotel@yahoo.com","+63.9157982824","","","","","","","","","","","","ns6573.hostgator.com","ns6574.hostgator.com","","","clientTransferProhibited","","",""
"83","lifestylestandard.com","2020-05-10 06:29:29","2020-05-08","2020-05-08","2022-05-08","146","GoDaddy.com, LLC","whois.godaddy.com","http://registrar.godaddy.com","","","","","Manila","","Philippines","","","","","","","","","","","","","","","","","","","","","","","","","","","","","","","","","","ns03.domaincontrol.com","ns04.domaincontrol.com","","","clientDeleteProhibited","clientRenewProhibited","clientTransferProhibited","clientUpdateProhibited"
"84","logothirst.com","2020-05-10 04:00:19","2020-05-08","2020-05-08","2021-05-08","146","GoDaddy.com, LLC","whois.godaddy.com","http://registrar.godaddy.com","","","","","Bukidnon","","Philippines","","","","","","","","","","","","","","","","","","","","","","","","","","","","","","","","","","ns1.gsgp1027.siteground.asia","ns2.gsgp1027.siteground.asia","","","clientDeleteProhibited","clientRenewProhibited","clientTransferProhibited","clientUpdateProhibited"
"85","loupatrickmackay.com","2020-05-10 03:03:33","2020-05-08","2020-05-08","2021-05-08","146","GoDaddy.com, LLC","whois.godaddy.com","http://registrar.godaddy.com","","","","","Cebu","","Philippines","","","","","","","","","","","","","","","","","","","","","","","","","","","","","","","","","","ns1.gsgp1019.siteground.asia","ns2.gsgp1019.siteground.asia","","","clientDeleteProhibited","clientRenewProhibited","clientTransferProhibited","clientUpdateProhibited"
"86","manilabusinesslabo.com","2020-05-10 06:28:43","2020-05-08","2020-05-08","2021-05-08","49","GMO Internet Inc.","whois.discount-domain.com","http://www.onamae.com","Hiroyuki Mitsuhashi","Lancomsolutions","Ave The Orient Square 19","San Antonio,Pasig","Metoro Manila","1600","Philippines","terashima@lancomsolutions.com","+63.9478655447","","Hiroyuki Mitsuhashi","Lancomsolutions","Ave The Orient Square 19","San Antonio,Pasig","Metoro Manila","1600","Philippines","terashima@lancomsolutions.com","+63.9478655447","","Hiroyuki Mitsuhashi","Lancomsolutions","Ave The Orient Square 19","San Antonio,Pasig","Metoro Manila","1600","Philippines","terashima@lancomsolutions.com","+63.9478655447","","","","","","","","","","","","ns1.mixhost.jp","ns2.mixhost.jp","","","clientTransferProhibited","","",""
"87","manilapay.com","2020-05-10 05:23:43","2020-05-07","2020-05-07","2022-05-07","146","GoDaddy.com, LLC","whois.godaddy.com","http://registrar.godaddy.com","","","","","NCR","","Philippines","","","","","","","","","","","","","","","","","","","","","","","","","","","","","","","","","","ns03.domaincontrol.com","ns04.domaincontrol.com","","","clientDeleteProhibited","clientRenewProhibited","clientTransferProhibited","clientUpdateProhibited"
"88","mbs-sk.com","2020-05-10 04:59:01","2020-05-08","2020-05-08","2021-05-08","146","GoDaddy.com, LLC","whois.godaddy.com","http://registrar.godaddy.com","","","","","SULTAN KUDARAT","","Philippines","","","","","","","","","","","","","","","","","","","","","","","","","","","","","","","","","","ns03.domaincontrol.com","ns04.domaincontrol.com","","","clientDeleteProhibited","clientRenewProhibited","clientTransferProhibited","clientUpdateProhibited"
"89","mentormarkalvinagulto.com","2020-05-10 03:38:51","2020-05-07","2020-05-07","2021-05-07","146","GoDaddy.com, LLC","whois.godaddy.com","http://registrar.godaddy.com","","","","","metro manila","","Philippines","","","","","","","","","","","","","","","","","","","","","","","","","","","","","","","","","","ns65.domaincontrol.com","ns66.domaincontrol.com","","","clientDeleteProhibited","clientRenewProhibited","clientTransferProhibited","clientUpdateProhibited"
"90","miramirali.com","2020-05-10 06:26:51","2020-05-08","2020-05-08","2021-05-08","106","Ascio Technologies, Inc. Danmark - Filial af Ascio technologies, Inc. USA","whois.ascio.com","http://www.ascio.com","Not Disclosed","Not Disclosed","Not Disclosed","Not Disclosed","","Not Disclosed","Philippines","","Not Disclosed","Not Disclosed","Not Disclosed","Not Disclosed","Not Disclosed","Not Disclosed","Not Disclosed","Not Disclosed","Not Disclosed","","Not Disclosed","Not Disclosed","Not Disclosed","Not Disclosed","Not Disclosed","Not Disclosed","Not Disclosed","Not Disclosed","Not Disclosed","","Not Disclosed","Not Disclosed","","","","","","","","","","","dns1.123hjemmeside.dk","dns2.123hjemmeside.dk","dns3.123hjemmeside.dk","","OK","","",""
"91","mishy-alonzo.com","2020-05-10 02:12:06","2020-05-08","2020-05-08","2021-05-08","146","GoDaddy.com, LLC","whois.godaddy.com","http://registrar.godaddy.com","","","","","Bukidnon","","Philippines","","","","","","","","","","","","","","","","","","","","","","","","","","","","","","","","","","ns57.domaincontrol.com","ns58.domaincontrol.com","","","clientDeleteProhibited","clientRenewProhibited","clientTransferProhibited","clientUpdateProhibited"
"92","misseuna.com","2020-05-10 04:59:40","2020-05-08","2020-05-08","2021-05-08","955","Launchpad, Inc.","whois.launchpad.com","http://www.launchpad.com","Majkel Benche Custodio","QuickPro","374b Tres De Abril Streeet Brgy San Nicolas Proper","Cebu","CEB","6000","Philippines","onlinejobemail2016@gmail.com","+63.325172594","","Majkel Benche Custodio","QuickPro","374b Tres De Abril Streeet Brgy San Nicolas Proper","Cebu","CEB","6000","Philippines","onlinejobemail2016@gmail.com","+63.325172594","","Majkel Benche Custodio","QuickPro","374b Tres De Abril Streeet Brgy San Nicolas Proper","Cebu","CEB","6000","Philippines","onlinejobemail2016@gmail.com","+63.325172594","","","","","","","","","","","","ns3.quickpro.site","ns4.quickpro.site","","","clientTransferProhibited","","",""
"93","mpspc-olh.com","2020-05-10 04:21:39","2020-05-08","2020-05-08","2021-05-08","303","PDR Ltd. d/b/a PublicDomainRegistry.com","whois.publicdomainregistry.com","http://www.publicdomainregistry.com","Derine Aguid","MPSPC","Poblacion","Bontoc","Mountain Province","1800","Philippines","derinejoan@gmail.com","+63.27888765","","Derine Aguid","MPSPC","Poblacion","Bontoc","Mountain Province","1800","Philippines","derinejoan@gmail.com","+63.27888765","","Derine Aguid","MPSPC","Poblacion","Bontoc","Mountain Province","1800","Philippines","derinejoan@gmail.com","+63.27888765","","","","","","","","","","","","vns1.nocdirect.com","vns2.nocdirect.com","","","clientTransferProhibited","","",""
"94","myjoyhair.com","2020-05-10 05:44:51","2020-05-07","2020-05-07","2021-05-07","146","GoDaddy.com, LLC","whois.godaddy.com","http://registrar.godaddy.com","My Joy Hair","My Joy Hair","","","MD","","Philippines","","","","","","","","","","","","","","","","","","","","","","","","","","","","","","","","","","ns1.classabovetherest.com","ns2.classabovetherest.com","","","clientDeleteProhibited","clientRenewProhibited","clientTransferProhibited","clientUpdateProhibited"
"95","myskinaura.com","2020-05-10 04:32:47","2020-05-08","2020-05-08","2022-05-08","146","GoDaddy.com, LLC","whois.godaddy.com","http://registrar.godaddy.com","","","","","Cavite","","Philippines","","","","","","","","","","","","","","","","","","","","","","","","","","","","","","","","","","ns51.domaincontrol.com","ns52.domaincontrol.com","","","clientDeleteProhibited","clientRenewProhibited","clientTransferProhibited","clientUpdateProhibited"
"96","nanofixitdefence.com","2020-05-10 03:15:39","2020-05-08","2020-05-08","2025-05-08","146","GoDaddy.com, LLC","whois.godaddy.com","http://registrar.godaddy.com","","","","","Outside of US","","Philippines","","","","","","","","","","","","","","","","","","","","","","","","","","","","","","","","","","ns65.domaincontrol.com","ns66.domaincontrol.com","","","clientDeleteProhibited","clientRenewProhibited","clientTransferProhibited","clientUpdateProhibited"
"97","nanofixittrading.com","2020-05-10 03:08:41","2020-05-08","2020-05-08","2025-05-08","146","GoDaddy.com, LLC","whois.godaddy.com","http://registrar.godaddy.com","","","","","Outside of US","","Philippines","","","","","","","","","","","","","","","","","","","","","","","","","","","","","","","","","","ns57.domaincontrol.com","ns58.domaincontrol.com","","","clientDeleteProhibited","clientRenewProhibited","clientTransferProhibited","clientUpdateProhibited"
"98","natios-vpn.com","2020-05-10 05:07:03","2020-05-07","2020-05-07","2021-05-07","303","PDR Ltd. d/b/a PublicDomainRegistry.com","whois.publicdomainregistry.com","http://www.publicdomainregistry.com","anthony stark","starkro","66 3rd st. 8th ave. grace park caloocan, Grace Park","caloocan","Metro Manila","3108","Philippines","stark10devteam2020@gmail.com","+63.09654330578","","anthony stark","starkro","66 3rd st. 8th ave. grace park caloocan, Grace Park","caloocan","Metro Manila","3108","Philippines","stark10devteam2020@gmail.com","+63.09654330578","","anthony stark","starkro","66 3rd st. 8th ave. grace park caloocan, Grace Park","caloocan","Metro Manila","3108","Philippines","stark10devteam2020@gmail.com","+63.09654330578","","","","","","","","","","","","ns1.blazingfast.io","ns2.blazingfast.io","","","clientTransferProhibited","","",""
"99","nicheknowhow.com","2020-05-10 03:17:19","2020-05-08","2020-05-08","2021-05-08","303","PDR Ltd. d/b/a PublicDomainRegistry.com","whois.publicdomainregistry.com","http://www.publicdomainregistry.com","Liezel Mercado","Niche Know How","31 airforce road extension zone 4 signal village","Taguig","Metro Manila","1632","Philippines","mercadoliezel3@gmail.com","+63.9611236216","","Liezel Mercado","Niche Know How","31 airforce road extension zone 4 signal village","Taguig","Metro Manila","1632","Philippines","mercadoliezel3@gmail.com","+63.9611236216","","Liezel Mercado","Niche Know How","31 airforce road extension zone 4 signal village","Taguig","Metro Manila","1632","Philippines","mercadoliezel3@gmail.com","+63.9611236216","","","","","","","","","","","","ns1.dns-parking.com","ns2.dns-parking.com","","","clientTransferProhibited","","",""
"100","ninthveno.com","2020-05-10 03:55:56","2020-05-07","2020-05-07","2021-05-07","146","GoDaddy.com, LLC","whois.godaddy.com","http://registrar.godaddy.com","","","","","Cavite","","Philippines","","","","","","","","","","","","","","","","","","","","","","","","","","","","","","","","","","dns1.namecheaphosting.com","dns2.namecheaphosting.com","","","clientDeleteProhibited","clientRenewProhibited","clientTransferProhibited","clientUpdateProhibited"
"101","niu.foundation","2020-05-10 23:56:56","2020-05-08","2020-05-08","2021-05-08","146","GoDaddy.com, LLC","whois.godaddy.com","http://registrar.godaddy.com","REDACTED FOR PRIVACY","HJT","REDACTED FOR PRIVACY","REDACTED FOR PRIVACY","manila","REDACTED FOR PRIVACY","Philippines","","REDACTED FOR PRIVACY","REDACTED FOR PRIVACY","","","","","","","","","","","","","","","","","","","","","","","","","","","","","","","","","","","addPeriod","clientDeleteProhibited","clientRenewProhibited","clientTransferProhibited"
"102","niu.team","2020-05-10 01:22:15","2020-05-08","2020-05-08","2021-05-08","146","GoDaddy.com, LLC","whois.godaddy.com","http://registrar.godaddy.com","REDACTED FOR PRIVACY","HJT","REDACTED FOR PRIVACY","REDACTED FOR PRIVACY","manila","REDACTED FOR PRIVACY","Philippines","","REDACTED FOR PRIVACY","REDACTED FOR PRIVACY","","","","","","","","","","","","","","","","","","","","","","","","","","","","","","","","","","","addPeriod","clientDeleteProhibited","clientRenewProhibited","clientTransferProhibited"
"103","niu.technology","2020-05-10 01:21:21","2020-05-08","2020-05-08","2021-05-08","146","GoDaddy.com, LLC","whois.godaddy.com","http://registrar.godaddy.com","REDACTED FOR PRIVACY","HJT","REDACTED FOR PRIVACY","REDACTED FOR PRIVACY","manila","REDACTED FOR PRIVACY","Philippines","","REDACTED FOR PRIVACY","REDACTED FOR PRIVACY","","","","","","","","","","","","","","","","","","","","","","","","","","","","","","","","","","","addPeriod","clientDeleteProhibited","clientRenewProhibited","clientTransferProhibited"
"104","niu.tools","2020-05-10 08:43:52","2020-05-08","2020-05-08","2022-05-08","146","GoDaddy.com, LLC","whois.godaddy.com","http://registrar.godaddy.com","REDACTED FOR PRIVACY","HJT","REDACTED FOR PRIVACY","REDACTED FOR PRIVACY","manila","REDACTED FOR PRIVACY","Philippines","","REDACTED FOR PRIVACY","REDACTED FOR PRIVACY","","","","","","","","","","","","","","","","","","","","","","","","","","","","","","","","","","","addPeriod","clientDeleteProhibited","clientRenewProhibited","clientTransferProhibited"
"105","oftenblog.com","2020-05-10 04:18:43","2020-05-08","2020-05-08","2021-05-08","303","PDR Ltd. d/b/a PublicDomainRegistry.com","whois.publicdomainregistry.com","http://www.publicdomainregistry.com","emilio toston","emilio toston","Sta. Lourdes","Puerto Princesa City","Palawan","5300","Philippines","drewisin4@gmail.com","+63.9422456167","","emilio toston","emilio toston","Sta. Lourdes","Puerto Princesa City","Palawan","5300","Philippines","drewisin4@gmail.com","+63.9422456167","","emilio toston","emilio toston","Sta. Lourdes","Puerto Princesa City","Palawan","5300","Philippines","drewisin4@gmail.com","+63.9422456167","","","","","","","","","","","","ns1.dns-parking.com","ns2.dns-parking.com","","","clientTransferProhibited","","",""
"106","okayremit.com","2020-05-10 05:19:39","2020-05-07","2020-05-07","2021-05-07","146","GoDaddy.com, LLC","whois.godaddy.com","http://registrar.godaddy.com","","","","","Cebu","","Philippines","","","","","","","","","","","","","","","","","","","","","","","","","","","","","","","","","","ns03.domaincontrol.com","ns04.domaincontrol.com","","","clientDeleteProhibited","clientRenewProhibited","clientTransferProhibited","clientUpdateProhibited"
"107","onlinefreshpalengke.com","2020-05-10 06:24:25","2020-05-08","2020-05-08","2021-05-08","146","GoDaddy.com, LLC","whois.godaddy.com","http://registrar.godaddy.com","Online Fresh Palengke","Online Fresh Palengke","","","Bulacan","","Philippines","","","","","","","","","","","","","","","","","","","","","","","","","","","","","","","","","","ns03.domaincontrol.com","ns04.domaincontrol.com","","","clientDeleteProhibited","clientRenewProhibited","clientTransferProhibited","clientUpdateProhibited"
"108","paraisogardenresort.com","2020-05-10 06:22:21","2020-05-08","2020-05-08","2022-05-08","146","GoDaddy.com, LLC","whois.godaddy.com","http://registrar.godaddy.com","","","","","there","","Philippines","","","","","","","","","","","","","","","","","","","","","","","","","","","","","","","","","","ns33.domaincontrol.com","ns34.domaincontrol.com","","","clientDeleteProhibited","clientRenewProhibited","clientTransferProhibited","clientUpdateProhibited"
"109","paymaya-center.com","2020-05-10 03:07:58","2020-05-08","2020-05-08","2021-05-08","146","GoDaddy.com, LLC","whois.godaddy.com","http://registrar.godaddy.com","","","","","Ortigas Center","","Philippines","","","","","","","","","","","","","","","","","","","","","","","","","","","","","","","","","","ns51.domaincontrol.com","ns52.domaincontrol.com","","","clientDeleteProhibited","clientRenewProhibited","clientTransferProhibited","clientUpdateProhibited"
"110","paymaya-centerph.com","2020-05-10 03:00:45","2020-05-08","2020-05-08","2021-05-08","146","GoDaddy.com, LLC","whois.godaddy.com","http://registrar.godaddy.com","","","","","Ortigas Center","","Philippines","","","","","","","","","","","","","","","","","","","","","","","","","","","","","","","","","","ns65.domaincontrol.com","ns66.domaincontrol.com","","","clientDeleteProhibited","clientRenewProhibited","clientTransferProhibited","clientUpdateProhibited"
"111","paymaya-negosyo.com","2020-05-10 03:30:57","2020-05-08","2020-05-08","2021-05-08","146","GoDaddy.com, LLC","whois.godaddy.com","http://registrar.godaddy.com","","","","","Ortigas Center","","Philippines","","","","","","","","","","","","","","","","","","","","","","","","","","","","","","","","","","ns65.domaincontrol.com","ns66.domaincontrol.com","","","clientDeleteProhibited","clientRenewProhibited","clientTransferProhibited","clientUpdateProhibited"
"112","paymaya-negosyoph.com","2020-05-10 03:09:58","2020-05-08","2020-05-08","2021-05-08","146","GoDaddy.com, LLC","whois.godaddy.com","http://registrar.godaddy.com","","","","","Ortigas Center","","Philippines","","","","","","","","","","","","","","","","","","","","","","","","","","","","","","","","","","ns51.domaincontrol.com","ns52.domaincontrol.com","","","clientDeleteProhibited","clientRenewProhibited","clientTransferProhibited","clientUpdateProhibited"
"113","paymayacenter.com","2020-05-10 03:00:50","2020-05-08","2020-05-08","2021-05-08","146","GoDaddy.com, LLC","whois.godaddy.com","http://registrar.godaddy.com","","","","","Ortigas Center","","Philippines","","","","","","","","","","","","","","","","","","","","","","","","","","","","","","","","","","ns65.domaincontrol.com","ns66.domaincontrol.com","","","clientDeleteProhibited","clientRenewProhibited","clientTransferProhibited","clientUpdateProhibited"
"114","paymayacenterph.com","2020-05-10 03:00:49","2020-05-08","2020-05-08","2021-05-08","146","GoDaddy.com, LLC","whois.godaddy.com","http://registrar.godaddy.com","","","","","Ortigas Center","","Philippines","","","","","","","","","","","","","","","","","","","","","","","","","","","","","","","","","","ns03.domaincontrol.com","ns04.domaincontrol.com","","","clientDeleteProhibited","clientRenewProhibited","clientTransferProhibited","clientUpdateProhibited"
"115","paymayanegosyo.com","2020-05-10 03:03:38","2020-05-08","2020-05-08","2021-05-08","146","GoDaddy.com, LLC","whois.godaddy.com","http://registrar.godaddy.com","","","","","Ortigas Center","","Philippines","","","","","","","","","","","","","","","","","","","","","","","","","","","","","","","","","","ns57.domaincontrol.com","ns58.domaincontrol.com","","","clientDeleteProhibited","clientRenewProhibited","clientTransferProhibited","clientUpdateProhibited"
"116","paymayanegosyoph.com","2020-05-10 03:16:51","2020-05-08","2020-05-08","2021-05-08","146","GoDaddy.com, LLC","whois.godaddy.com","http://registrar.godaddy.com","","","","","Ortigas Center","","Philippines","","","","","","","","","","","","","","","","","","","","","","","","","","","","","","","","","","ns57.domaincontrol.com","ns58.domaincontrol.com","","","clientDeleteProhibited","clientRenewProhibited","clientTransferProhibited","clientUpdateProhibited"
"117","pethuelmp.com","2020-05-10 05:42:31","2020-05-07","2020-05-07","2021-05-07","69","Tucows Domains Inc.","whois.tucows.com","http://domainhelp.opensrs.net","REDACTED FOR PRIVACY","REDACTED FOR PRIVACY","REDACTED FOR PRIVACY","REDACTED FOR PRIVACY","XX","REDACTED FOR PRIVACY","Philippines","","REDACTED FOR PRIVACY","REDACTED FOR PRIVACY","REDACTED FOR PRIVACY","REDACTED FOR PRIVACY","REDACTED FOR PRIVACY","REDACTED FOR PRIVACY","REDACTED FOR PRIVACY","REDACTED FOR PRIVACY","REDACTED FOR PRIVACY","","REDACTED FOR PRIVACY","REDACTED FOR PRIVACY","REDACTED FOR PRIVACY","REDACTED FOR PRIVACY","REDACTED FOR PRIVACY","REDACTED FOR PRIVACY","REDACTED FOR PRIVACY","REDACTED FOR PRIVACY","REDACTED FOR PRIVACY","","REDACTED FOR PRIVACY","REDACTED FOR PRIVACY","","","","","","","","","","","ns1.gsgp1016.siteground.asia","ns2.gsgp1016.siteground.asia","","","clientTransferProhibited","clientUpdateProhibited","",""
"118","pindolife.com","2020-05-10 04:31:34","2020-05-08","2020-05-08","2022-05-08","146","GoDaddy.com, LLC","whois.godaddy.com","http://registrar.godaddy.com","","","","","Makati","","Philippines","","","","","","","","","","","","","","","","","","","","","","","","","","","","","","","","","","ns33.domaincontrol.com","ns34.domaincontrol.com","","","clientDeleteProhibited","clientRenewProhibited","clientTransferProhibited","clientUpdateProhibited"
"119","propertymedium.com","2020-05-10 04:28:59","2020-05-08","2020-05-08","2022-05-08","146","GoDaddy.com, LLC","whois.godaddy.com","http://registrar.godaddy.com","","","","","Taguig","","Philippines","","","","","","","","","","","","","","","","","","","","","","","","","","","","","","","","","","ns65.domaincontrol.com","ns66.domaincontrol.com","","","clientDeleteProhibited","clientRenewProhibited","clientTransferProhibited","clientUpdateProhibited"
"120","propertypodium.com","2020-05-10 04:25:02","2020-05-08","2020-05-08","2022-05-08","146","GoDaddy.com, LLC","whois.godaddy.com","http://registrar.godaddy.com","","","","","Taguig","","Philippines","","","","","","","","","","","","","","","","","","","","","","","","","","","","","","","","","","ns57.domaincontrol.com","ns58.domaincontrol.com","","","clientDeleteProhibited","clientRenewProhibited","clientTransferProhibited","clientUpdateProhibited"
"121","publisheo.com","2020-05-10 04:17:30","2020-05-08","2020-05-08","2021-05-08","303","PDR Ltd. d/b/a PublicDomainRegistry.com","whois.publicdomainregistry.com","http://www.publicdomainregistry.com","Jose Bartolome","Jose Bartolome","Ching Long St. Bakonawa","Oplok","Kantani","6013","Philippines","publisheoo@gmail.com","+63.9163217502","","Jose Bartolome","Jose Bartolome","Ching Long St. Bakonawa","Oplok","Kantani","6013","Philippines","publisheoo@gmail.com","+63.9163217502","","Jose Bartolome","Jose Bartolome","Ching Long St. Bakonawa","Oplok","Kantani","6013","Philippines","publisheoo@gmail.com","+63.9163217502","","","","","","","","","","","","ns1.dns-parking.com","ns2.dns-parking.com","","","clientTransferProhibited","","",""
"122","qubojihua.com","2020-05-10 06:18:15","2020-05-08","2020-05-08","2021-05-08","146","GoDaddy.com, LLC","whois.godaddy.com","http://registrar.godaddy.com","Gong Yuan","Gong Yuan","","","Shang Hai","","Philippines","","","","","","","","","","","","","","","","","","","","","","","","","","","","","","","","","","ns03.domaincontrol.com","ns04.domaincontrol.com","","","clientDeleteProhibited","clientRenewProhibited","clientTransferProhibited","clientUpdateProhibited"
"123","rannextgen.com","2020-05-10 04:18:27","2020-05-08","2020-05-08","2021-05-08","146","GoDaddy.com, LLC","whois.godaddy.com","http://registrar.godaddy.com","","","","","Manila","","Philippines","","","","","","","","","","","","","","","","","","","","","","","","","","","","","","","","","","justin.ns.cloudflare.com","roxy.ns.cloudflare.com","","","OK","","",""
"124","realmeestate.com","2020-05-10 04:59:44","2020-05-08","2020-05-08","2021-05-08","955","Launchpad, Inc.","whois.launchpad.com","http://www.launchpad.com","Majkel Benche Custodio","QuickPro","374b Tres De Abril Streeet Brgy San Nicolas Proper","Cebu","CEB","6000","Philippines","onlinejobemail2016@gmail.com","+63.325172594","","Majkel Benche Custodio","QuickPro","374b Tres De Abril Streeet Brgy San Nicolas Proper","Cebu","CEB","6000","Philippines","onlinejobemail2016@gmail.com","+63.325172594","","Majkel Benche Custodio","QuickPro","374b Tres De Abril Streeet Brgy San Nicolas Proper","Cebu","CEB","6000","Philippines","onlinejobemail2016@gmail.com","+63.325172594","","","","","","","","","","","","ns3.quickpro.site","ns4.quickpro.site","","","clientTransferProhibited","","",""
"125","realtymedium.com","2020-05-10 04:26:30","2020-05-08","2020-05-08","2022-05-08","146","GoDaddy.com, LLC","whois.godaddy.com","http://registrar.godaddy.com","","","","","Taguig","","Philippines","","","","","","","","","","","","","","","","","","","","","","","","","","","","","","","","","","ns51.domaincontrol.com","ns52.domaincontrol.com","","","clientDeleteProhibited","clientRenewProhibited","clientTransferProhibited","clientUpdateProhibited"
"126","realtypodium.com","2020-05-10 04:25:02","2020-05-08","2020-05-08","2022-05-08","146","GoDaddy.com, LLC","whois.godaddy.com","http://registrar.godaddy.com","","","","","Taguig","","Philippines","","","","","","","","","","","","","","","","","","","","","","","","","","","","","","","","","","ns65.domaincontrol.com","ns66.domaincontrol.com","","","clientDeleteProhibited","clientRenewProhibited","clientTransferProhibited","clientUpdateProhibited"
"127","redcartusa.com","2020-05-10 04:18:34","2020-05-08","2020-05-08","2021-05-08","146","GoDaddy.com, LLC","whois.godaddy.com","http://registrar.godaddy.com","","","","","Tarlac","","Philippines","","","","","","","","","","","","","","","","","","","","","","","","","","","","","","","","","","ns33.domaincontrol.com","ns34.domaincontrol.com","","","clientDeleteProhibited","clientRenewProhibited","clientTransferProhibited","clientUpdateProhibited"
"128","reggiestrade.com","2020-05-10 03:00:51","2020-05-08","2020-05-08","2021-05-08","106","Ascio Technologies, Inc. Danmark - Filial af Ascio technologies, Inc. USA","whois.ascio.com","http://www.ascio.com","Not Disclosed","Not Disclosed","Not Disclosed","Not Disclosed","","Not Disclosed","Philippines","","Not Disclosed","Not Disclosed","Not Disclosed","Not Disclosed","Not Disclosed","Not Disclosed","Not Disclosed","Not Disclosed","Not Disclosed","","Not Disclosed","Not Disclosed","Not Disclosed","Not Disclosed","Not Disclosed","Not Disclosed","Not Disclosed","Not Disclosed","Not Disclosed","","Not Disclosed","Not Disclosed","","","","","","","","","","","dns1.123hjemmeside.dk","dns2.123hjemmeside.dk","dns3.123hjemmeside.dk","","OK","","",""
"129","restoroiladditives.com","2020-05-10 03:08:34","2020-05-08","2020-05-08","2021-05-08","146","GoDaddy.com, LLC","whois.godaddy.com","http://registrar.godaddy.com","PC TORRES ENTERPRISES","PC TORRES ENTERPRISES","","","Pampanga","","Philippines","","","","","","","","","","","","","","","","","","","","","","","","","","","","","","","","","","ns33.domaincontrol.com","ns34.domaincontrol.com","","","clientDeleteProhibited","clientRenewProhibited","clientTransferProhibited","clientUpdateProhibited"
"130","ripe3d.com","2020-05-10 04:28:53","2020-05-08","2020-05-08","2021-05-08","146","GoDaddy.com, LLC","whois.godaddy.com","http://registrar.godaddy.com","RipeConcepts","RipeConcepts","","","Cebu","","Philippines","","","","","","","","","","","","","","","","","","","","","","","","","","","","","","","","","","ns33.domaincontrol.com","ns34.domaincontrol.com","","","clientDeleteProhibited","clientRenewProhibited","clientTransferProhibited","clientUpdateProhibited"
"131","ritzitech.com","2020-05-10 02:56:44","2020-05-08","2020-05-08","2021-05-08","146","GoDaddy.com, LLC","whois.godaddy.com","http://registrar.godaddy.com","","","","","Makati","","Philippines","","","","","","","","","","","","","","","","","","","","","","","","","","","","","","","","","","ns57.domaincontrol.com","ns58.domaincontrol.com","","","clientDeleteProhibited","clientRenewProhibited","clientTransferProhibited","clientUpdateProhibited"
"132","servcry.com","2020-05-10 06:23:09","2020-05-08","2020-05-08","2021-05-08","146","GoDaddy.com, LLC","whois.godaddy.com","http://registrar.godaddy.com","","","","","Leyte","","Philippines","","","","","","","","","","","","","","","","","","","","","","","","","","","","","","","","","","ns33.domaincontrol.com","ns34.domaincontrol.com","","","clientDeleteProhibited","clientRenewProhibited","clientTransferProhibited","clientUpdateProhibited"
"133","shaeydangwastore.com","2020-05-10 04:26:00","2020-05-08","2020-05-08","2021-05-08","146","GoDaddy.com, LLC","whois.godaddy.com","http://registrar.godaddy.com","SWDITS","SWDITS","","","Navotas","","Philippines","","","","","","","","","","","","","","","","","","","","","","","","","","","","","","","","","","ns03.domaincontrol.com","ns04.domaincontrol.com","","","clientDeleteProhibited","clientRenewProhibited","clientTransferProhibited","clientUpdateProhibited"
"134","sheilafuentes.com","2020-05-10 04:53:57","2020-05-08","2020-05-08","2021-05-08","146","GoDaddy.com, LLC","whois.godaddy.com","http://registrar.godaddy.com","Si&apos;Lo","Si&apos;Lo","","","Las Pinas","","Philippines","","","","","","","","","","","","","","","","","","","","","","","","","","","","","","","","","","ns33.domaincontrol.com","ns34.domaincontrol.com","","","clientDeleteProhibited","clientRenewProhibited","clientTransferProhibited","clientUpdateProhibited"
"135","shericaflowerstore.com","2020-05-10 04:29:01","2020-05-08","2020-05-08","2021-05-08","146","GoDaddy.com, LLC","whois.godaddy.com","http://registrar.godaddy.com","SWDITS","SWDITS","","","Navotas","","Philippines","","","","","","","","","","","","","","","","","","","","","","","","","","","","","","","","","","ns65.domaincontrol.com","ns66.domaincontrol.com","","","clientDeleteProhibited","clientRenewProhibited","clientTransferProhibited","clientUpdateProhibited"
"136","shinecherryenglish.com","2020-05-10 04:17:43","2020-05-08","2020-05-08","2021-05-08","106","Ascio Technologies, Inc. Danmark - Filial af Ascio technologies, Inc. USA","whois.ascio.com","http://www.ascio.com","Not Disclosed","Not Disclosed","Not Disclosed","Not Disclosed","","Not Disclosed","Philippines","","Not Disclosed","Not Disclosed","Not Disclosed","Not Disclosed","Not Disclosed","Not Disclosed","Not Disclosed","Not Disclosed","Not Disclosed","","Not Disclosed","Not Disclosed","Not Disclosed","Not Disclosed","Not Disclosed","Not Disclosed","Not Disclosed","Not Disclosed","Not Disclosed","","Not Disclosed","Not Disclosed","","","","","","","","","","","dns1.123hjemmeside.dk","dns2.123hjemmeside.dk","dns3.123hjemmeside.dk","","OK","","",""
"137","skycastleclothing.com","2020-05-10 04:17:33","2020-05-08","2020-05-08","2021-05-08","303","PDR Ltd. d/b/a PublicDomainRegistry.com","whois.publicdomainregistry.com","http://www.publicdomainregistry.com","Sky Castle Corp","SKY CASTLE CORP","2326 2F PTX. Chino Roces Ext.","Makati","NCR","1232","Philippines","skycastlecompany@gmail.com","+63.9173558184","","Sky Castle Corp","SKY CASTLE CORP","2326 2F PTX. Chino Roces Ext.","Makati","NCR","1232","Philippines","skycastlecompany@gmail.com","+63.9173558184","","Sky Castle Corp","SKY CASTLE CORP","2326 2F PTX. Chino Roces Ext.","Makati","NCR","1232","Philippines","skycastlecompany@gmail.com","+63.9173558184","","","","","","","","","","","","ns1.dns-parking.com","ns2.dns-parking.com","","","clientTransferProhibited","","",""
"138","squatworks.com","2020-05-10 06:19:04","2020-05-07","2020-05-07","2021-05-07","955","Launchpad, Inc.","whois.launchpad.com","http://www.launchpad.com","Karen Lebaste","None","357 kawayan drive matina","Davao","DAS","8000","Philippines","lebstaone13@gmail.com","+63.9999417095","","Karen Lebaste","None","357 kawayan drive matina","Davao","DAS","8000","Philippines","lebstaone13@gmail.com","+63.9999417095","","Karen Lebaste","None","357 kawayan drive matina","Davao","DAS","8000","Philippines","lebstaone13@gmail.com","+63.9999417095","","","","","","","","","","","","ns8345.hostgator.com","ns8346.hostgator.com","","","clientTransferProhibited","","",""
"139","success-ph.com","2020-05-10 04:55:27","2020-05-08","2020-05-08","2022-05-08","146","GoDaddy.com, LLC","whois.godaddy.com","http://registrar.godaddy.com","Ikiguide","Ikiguide","","","Manila","","Philippines","","","","","","","","","","","","","","","","","","","","","","","","","","","","","","","","","","ns51.domaincontrol.com","ns52.domaincontrol.com","","","clientDeleteProhibited","clientRenewProhibited","clientTransferProhibited","clientUpdateProhibited"
"140","tarlakenyo.com","2020-05-10 04:10:20","2020-05-08","2020-05-09","2021-05-08","895","Google, Inc.","whois.rrpproxy.net","http://www.google.com","","","","","","","Philippines","","","","","","","","","","","","","","","","","","","","","","","","","","","","","","","","","","ns6089.hostgator.com","ns6090.hostgator.com","","","clientTransferProhibited","","",""
"141","teameyebag.com","2020-05-10 04:41:00","2020-05-08","2020-05-08","2021-05-08","69","Tucows Domains Inc.","whois.tucows.com","http://domainhelp.opensrs.net","REDACTED FOR PRIVACY","REDACTED FOR PRIVACY","REDACTED FOR PRIVACY","REDACTED FOR PRIVACY","Batangas","REDACTED FOR PRIVACY","Philippines","","REDACTED FOR PRIVACY","REDACTED FOR PRIVACY","REDACTED FOR PRIVACY","REDACTED FOR PRIVACY","REDACTED FOR PRIVACY","REDACTED FOR PRIVACY","REDACTED FOR PRIVACY","REDACTED FOR PRIVACY","REDACTED FOR PRIVACY","","REDACTED FOR PRIVACY","REDACTED FOR PRIVACY","REDACTED FOR PRIVACY","REDACTED FOR PRIVACY","REDACTED FOR PRIVACY","REDACTED FOR PRIVACY","REDACTED FOR PRIVACY","REDACTED FOR PRIVACY","REDACTED FOR PRIVACY","","REDACTED FOR PRIVACY","REDACTED FOR PRIVACY","","","","","","","","","","","dns2047a.trouble-free.net","dns2047b.trouble-free.net","","","OK","","",""
"142","theachievermind.com","2020-05-10 02:22:32","2020-05-07","2020-05-07","2021-05-07","146","GoDaddy.com, LLC","whois.godaddy.com","http://registrar.godaddy.com","None","None","","","NCR","","Philippines","","","","","","","","","","","","","","","","","","","","","","","","","","","","","","","","","","ns03.domaincontrol.com","ns04.domaincontrol.com","","","clientDeleteProhibited","clientRenewProhibited","clientTransferProhibited","clientUpdateProhibited"
"143","thehouseadvance.com","2020-05-10 05:05:23","2020-05-08","2020-05-08","2021-05-08","146","GoDaddy.com, LLC","whois.godaddy.com","http://registrar.godaddy.com","","","","","Taguig","","Philippines","","","","","","","","","","","","","","","","","","","","","","","","","","","","","","","","","","ns51.domaincontrol.com","ns52.domaincontrol.com","","","clientDeleteProhibited","clientRenewProhibited","clientTransferProhibited","clientUpdateProhibited"
"144","thesocialresorts.com","2020-05-10 05:52:29","2020-05-08","2020-05-08","2021-05-08","146","GoDaddy.com, LLC","whois.godaddy.com","http://registrar.godaddy.com","The Social Resorts","The Social Resorts","","","Iloilolo","","Philippines","","","","","","","","","","","","","","","","","","","","","","","","","","","","","","","","","","ns65.domaincontrol.com","ns66.domaincontrol.com","","","clientDeleteProhibited","clientRenewProhibited","clientTransferProhibited","clientUpdateProhibited"
"145","theworkfromhomeacademy.com","2020-05-10 06:30:24","2020-05-08","2020-05-08","2021-05-08","146","GoDaddy.com, LLC","whois.godaddy.com","http://registrar.godaddy.com","","","","","Laguna","","Philippines","","","","","","","","","","","","","","","","","","","","","","","","","","","","","","","","","","dns1.namecheaphosting.com","dns2.namecheaphosting.com","","","clientDeleteProhibited","clientRenewProhibited","clientTransferProhibited","clientUpdateProhibited"
"146","ubecx.com","2020-05-10 04:18:35","2020-05-08","2020-05-08","2022-05-08","146","GoDaddy.com, LLC","whois.godaddy.com","http://registrar.godaddy.com","UbecX","UbecX","","","Cebu","","Philippines","","","","","","","","","","","","","","","","","","","","","","","","","","","","","","","","","","ns51.domaincontrol.com","ns52.domaincontrol.com","","","clientDeleteProhibited","clientRenewProhibited","clientTransferProhibited","clientUpdateProhibited"
"147","unitrustresources.com","2020-05-10 05:25:59","2020-05-07","2020-05-07","2021-05-07","146","GoDaddy.com, LLC","whois.godaddy.com","http://registrar.godaddy.com","","","","","Cebu","","Philippines","","","","","","","","","","","","","","","","","","","","","","","","","","","","","","","","","","pdns13.domaincontrol.com","pdns14.domaincontrol.com","","","clientDeleteProhibited","clientRenewProhibited","clientTransferProhibited","clientUpdateProhibited"
"148","unliupgrade.com","2020-05-10 06:25:03","2020-05-08","2020-05-08","2022-05-08","146","GoDaddy.com, LLC","whois.godaddy.com","http://registrar.godaddy.com","","","","","","","Philippines","","","","","","","","","","","","","","","","","","","","","","","","","","","","","","","","","","ns65.domaincontrol.com","ns66.domaincontrol.com","","","clientDeleteProhibited","clientRenewProhibited","clientTransferProhibited","clientUpdateProhibited"
"149","vanessafelizardo.com","2020-05-10 05:44:11","2020-05-07","2020-05-07","2021-05-07","146","GoDaddy.com, LLC","whois.godaddy.com","http://registrar.godaddy.com","","","","","Cavite","","Philippines","","","","","","","","","","","","","","","","","","","","","","","","","","","","","","","","","","ns57.domaincontrol.com","ns58.domaincontrol.com","","","clientDeleteProhibited","clientRenewProhibited","clientTransferProhibited","clientUpdateProhibited"
"150","video-bucket.com","2020-05-10 03:08:33","2020-05-08","2020-05-08","2021-05-08","955","Launchpad, Inc.","whois.launchpad.com","http://www.launchpad.com","michael Santos","None","14 Dama de noc","Paranaque","RIZ","1633","Philippines","icreateweb4u@gmail.com","+63.9997588105","","michael Santos","None","14 Dama de noc","Paranaque","RIZ","1633","Philippines","icreateweb4u@gmail.com","+63.9997588105","","michael Santos","None","14 Dama de noc","Paranaque","RIZ","1633","Philippines","icreateweb4u@gmail.com","+63.9997588105","","","","","","","","","","","","ns6143.hostgator.com","ns6144.hostgator.com","","","clientTransferProhibited","","",""
"151","vitablits.com","2020-05-10 02:05:01","2020-05-08","2020-05-08","2022-05-08","146","GoDaddy.com, LLC","whois.godaddy.com","http://registrar.godaddy.com","Suncoast Brands Int'l Corp","Suncoast Brands Int'l Corp","","","","","Philippines","","","","","","","","","","","","","","","","","","","","","","","","","","","","","","","","","","ns33.domaincontrol.com","ns34.domaincontrol.com","","","clientDeleteProhibited","clientRenewProhibited","clientTransferProhibited","clientUpdateProhibited"
"152","weecommph.com","2020-05-10 04:38:53","2020-05-08","2020-05-08","2021-05-08","146","GoDaddy.com, LLC","whois.godaddy.com","http://registrar.godaddy.com","","","","","Manila","","Philippines","","","","","","","","","","","","","","","","","","","","","","","","","","","","","","","","","","ns1.bluehost.com","ns2.bluehost.com","","","clientDeleteProhibited","clientRenewProhibited","clientTransferProhibited","clientUpdateProhibited"
"153","westsidecityph.com","2020-05-10 04:29:29","2020-05-08","2020-05-08","2021-05-08","146","GoDaddy.com, LLC","whois.godaddy.com","http://registrar.godaddy.com","","","","","Cavite","","Philippines","","","","","","","","","","","","","","","","","","","","","","","","","","","","","","","","","","ns65.domaincontrol.com","ns66.domaincontrol.com","","","clientDeleteProhibited","clientRenewProhibited","clientTransferProhibited","clientUpdateProhibited"
"154","workcomforthub.com","2020-05-10 03:17:08","2020-05-08","2020-05-08","2021-05-08","146","GoDaddy.com, LLC","whois.godaddy.com","http://registrar.godaddy.com","","","","","Benguet","","Philippines","","","","","","","","","","","","","","","","","","","","","","","","","","","","","","","","","","ns57.domaincontrol.com","ns58.domaincontrol.com","","","clientDeleteProhibited","clientRenewProhibited","clientTransferProhibited","clientUpdateProhibited"
"155","workstudyfromhome.com","2020-05-10 03:34:25","2020-05-07","2020-05-07","2022-05-07","146","GoDaddy.com, LLC","whois.godaddy.com","http://registrar.godaddy.com","","","","","Mandaluyong","","Philippines","","","","","","","","","","","","","","","","","","","","","","","","","","","","","","","","","","ns03.domaincontrol.com","ns04.domaincontrol.com","","","clientDeleteProhibited","clientRenewProhibited","clientTransferProhibited","clientUpdateProhibited"
"156","wrapmanila.com","2020-05-10 03:04:18","2020-05-08","2020-05-08","2021-05-08","1291","Crazy Domains FZ-LLC","whois.crazydomains.com","http://www.crazydomains.com","DOMINIQUE ALOJADO","","#114 C. BENITEZ STREET, BRGY. SAN MARTIN DE PORRES, CUBAO","QUEZON CITY","METRO MANILA","1109","Philippines","sprtn40@gmail.com","+63.9124628613","","DOMINIQUE ALOJADO","","#114 C. BENITEZ STREET, BRGY. SAN MARTIN DE PORRES, CUBAO","QUEZON CITY","METRO MANILA","1109","Philippines","sprtn40@gmail.com","+63.","+63.","DOMINIQUE ALOJADO","","#114 C. BENITEZ STREET, BRGY. SAN MARTIN DE PORRES, CUBAO","QUEZON CITY","METRO MANILA","1109","Philippines","sprtn40@gmail.com","+63.","+63.","","","","","","","","","","","ns1.syrahost.com","ns2.syrahost.com","","","OK","","",""
"157","wz5816.com","2020-05-10 19:27:50","2020-05-10","2020-05-10","2022-05-10","146","GoDaddy.com, LLC","whois.godaddy.com","http://registrar.godaddy.com","","","","","Manila","","Philippines","","","","","","","","","","","","","","","","","","","","","","","","","","","","","","","","","","lisa.ns.cloudflare.com","scott.ns.cloudflare.com","","","clientDeleteProhibited","clientRenewProhibited","clientTransferProhibited","clientUpdateProhibited"
"158","wz5817.com","2020-05-10 19:28:18","2020-05-10","2020-05-10","2022-05-10","146","GoDaddy.com, LLC","whois.godaddy.com","http://registrar.godaddy.com","","","","","Manila","","Philippines","","","","","","","","","","","","","","","","","","","","","","","","","","","","","","","","","","lisa.ns.cloudflare.com","scott.ns.cloudflare.com","","","clientDeleteProhibited","clientRenewProhibited","clientTransferProhibited","clientUpdateProhibited"
"159","wz5818.com","2020-05-10 19:28:15","2020-05-10","2020-05-10","2022-05-10","146","GoDaddy.com, LLC","whois.godaddy.com","http://registrar.godaddy.com","","","","","Manila","","Philippines","","","","","","","","","","","","","","","","","","","","","","","","","","","","","","","","","","lisa.ns.cloudflare.com","scott.ns.cloudflare.com","","","clientDeleteProhibited","clientRenewProhibited","clientTransferProhibited","clientUpdateProhibited"
"160","wz5819.com","2020-05-10 19:28:16","2020-05-10","2020-05-10","2022-05-10","146","GoDaddy.com, LLC","whois.godaddy.com","http://registrar.godaddy.com","","","","","Manila","","Philippines","","","","","","","","","","","","","","","","","","","","","","","","","","","","","","","","","","lisa.ns.cloudflare.com","scott.ns.cloudflare.com","","","clientDeleteProhibited","clientRenewProhibited","clientTransferProhibited","clientUpdateProhibited"
"161","xn--6qqp41asqdbab64e.com","2020-05-10 06:21:00","2020-05-08","2020-05-08","2021-05-08","146","GoDaddy.com, LLC","whois.godaddy.com","http://registrar.godaddy.com","Zhong Guo","Zhong Guo","","","Zhong Guo","","Philippines","","","","","","","","","","","","","","","","","","","","","","","","","","","","","","","","","","freedns1.registrar-servers.com","freedns2.registrar-servers.com","freedns3.registrar-servers.com","freedns4.registrar-servers.com","clientDeleteProhibited","clientRenewProhibited","clientTransferProhibited","clientUpdateProhibited"
"162","yh00852.com","2020-05-10 04:18:51","2020-05-08","2020-05-08","2021-05-08","146","GoDaddy.com, LLC","whois.godaddy.com","http://registrar.godaddy.com","","","","","Manila","","Philippines","","","","","","","","","","","","","","","","","","","","","","","","","","","","","","","","","","ns1.dnsdun.com","ns1.dnsdun.net","","","clientDeleteProhibited","clientRenewProhibited","clientTransferProhibited","clientUpdateProhibited"
"163","yourhappydesk.com","2020-05-10 06:29:27","2020-05-08","2020-05-08","2021-05-08","146","GoDaddy.com, LLC","whois.godaddy.com","http://registrar.godaddy.com","","","","","National Capital Region","","Philippines","","","","","","","","","","","","","","","","","","","","","","","","","","","","","","","","","","ns65.domaincontrol.com","ns66.domaincontrol.com","","","OK","","",""
"164","z-natives.com","2020-05-10 03:31:09","2020-05-08","2020-05-08","2022-05-08","146","GoDaddy.com, LLC","whois.godaddy.com","http://registrar.godaddy.com","","","","","Benguet","","Philippines","","","","","","","","","","","","","","","","","","","","","","","","","","","","","","","","","","ns03.domaincontrol.com","ns04.domaincontrol.com","","","clientDeleteProhibited","clientRenewProhibited","clientTransferProhibited","clientUpdateProhibited"
"165","zo-cloud.com","2020-05-10 04:07:38","2020-05-08","2020-05-08","2021-05-08","48","eNom, Inc.","whois.enom.com","http://www.enom.com","REDACTED FOR PRIVACY","REDACTED FOR PRIVACY","REDACTED FOR PRIVACY","REDACTED FOR PRIVACY","Benguet","REDACTED FOR PRIVACY","Philippines","","REDACTED FOR PRIVACY","REDACTED FOR PRIVACY","REDACTED FOR PRIVACY","REDACTED FOR PRIVACY","REDACTED FOR PRIVACY","REDACTED FOR PRIVACY","REDACTED FOR PRIVACY","REDACTED FOR PRIVACY","REDACTED FOR PRIVACY","","REDACTED FOR PRIVACY","REDACTED FOR PRIVACY","REDACTED FOR PRIVACY","REDACTED FOR PRIVACY","REDACTED FOR PRIVACY","REDACTED FOR PRIVACY","REDACTED FOR PRIVACY","REDACTED FOR PRIVACY","REDACTED FOR PRIVACY","","REDACTED FOR PRIVACY","REDACTED FOR PRIVACY","","","","","","","","","","","ns1000.mochahost.com","ns2000.mochahost.com","","","addPeriod","clientTransferProhibited","",""
"166","zuellaph.com","2020-05-10 06:30:31","2020-05-08","2020-05-08","2021-05-08","1291","Crazy Domains FZ-LLC","whois.crazydomains.com","http://www.crazydomains.com","ZALDY PEREZ","","MAKATI, PHILIPPINES, MAKATI, PHILIPPINES","MAKATI","MAKATI","1009","Philippines","id_laz@yahoo.com","+63.9065613604","","ZALDY PEREZ","","MAKATI, PHILIPPINES, MAKATI, PHILIPPINES","MAKATI","MAKATI","1009","Philippines","id_laz@yahoo.com","+63.9065613604","+63.","ZALDY PEREZ","","MAKATI, PHILIPPINES, MAKATI, PHILIPPINES","MAKATI","MAKATI","1009","Philippines","id_laz@yahoo.com","+63.9065613604","+63.","","","","","","","","","","","ns1.syrahost.com","ns2.syrahost.com","","","OK","","",""
"167","zumachat.com","2020-05-10 06:12:53","2020-05-08","2020-05-08","2021-05-08","146","GoDaddy.com, LLC","whois.godaddy.com","http://registrar.godaddy.com","","","","","Mexico","","Philippines","","","","","","","","","","","","","","","","","","","","","","","","","","","","","","","","","","ns65.domaincontrol.com","ns66.domaincontrol.com","","","clientDeleteProhibited","clientRenewProhibited","clientTransferProhibited","clientUpdateProhibited"