"num","domain_name","query_time","create_date","update_date","expiry_date","domain_registrar_id","domain_registrar_name","domain_registrar_whois","domain_registrar_url","registrant_name","registrant_company","registrant_address","registrant_city","registrant_state","registrant_zip","registrant_country","registrant_email","registrant_phone","registrant_fax","administrative_name","administrative_company","administrative_address","administrative_city","administrative_state","administrative_zip","administrative_country","administrative_email","administrative_phone","administrative_fax","technical_name","technical_company","technical_address","technical_city","technical_state","technical_zip","technical_country","technical_email","technical_phone","technical_fax","billing_name","billing_company","billing_address","billing_city","billing_state","billing_zip","billing_country","billing_email","billing_phone","billing_fax","name_server_1","name_server_2","name_server_3","name_server_4","domain_status_1","domain_status_2","domain_status_3","domain_status_4"
"1","33338302.com","2020-05-10 03:46:38","2020-05-07","2020-05-07","2021-05-07","1154","FastDomain Inc.","whois.fastdomain.com","http://www.fastdomain.com","ZEYAD BADRAN","QATAR 33338302","DOHA","DOHA","","22285","Qatar","q.33338302@gmail.com","+974.33338302","","ZEYAD BADRAN","QATAR 33338302","DOHA","DOHA","","22285","Qatar","q.33338302@gmail.com","+974.33338302","","BLUEHOST INC","BLUEHOST.COM","550 E TIMPANOGOS PKWY","OREM","UTAH","84097","United States","domain@redl.ca","+1.8017659400","+1.8017651992","","","","","","","","","","","ns1.bluehost.com","ns2.bluehost.com","","","clientTransferProhibited","","",""
"2","360protectivegear.com","2020-05-10 05:34:33","2020-05-07","2020-05-07","2021-05-07","146","GoDaddy.com, LLC","whois.godaddy.com","http://registrar.godaddy.com","","","","","Doha","","Qatar","","","","","","","","","","","","","","","","","","","","","","","","","","","","","","","","","","ns51.domaincontrol.com","ns52.domaincontrol.com","","","clientDeleteProhibited","clientRenewProhibited","clientTransferProhibited","clientUpdateProhibited"
"3","360shields.com","2020-05-10 05:32:43","2020-05-07","2020-05-07","2021-05-07","146","GoDaddy.com, LLC","whois.godaddy.com","http://registrar.godaddy.com","","","","","Doha","","Qatar","","","","","","","","","","","","","","","","","","","","","","","","","","","","","","","","","","ns33.domaincontrol.com","ns34.domaincontrol.com","","","clientDeleteProhibited","clientRenewProhibited","clientTransferProhibited","clientUpdateProhibited"
"4","afrozatelecom.com","2020-05-10 05:17:21","2020-05-07","2020-05-07","2022-05-07","146","GoDaddy.com, LLC","whois.godaddy.com","http://registrar.godaddy.com","Afroza Telecom","Afroza Telecom","","","Musaireb","","Qatar","","","","","","","","","","","","","","","","","","","","","","","","","","","","","","","","","","ns57.domaincontrol.com","ns58.domaincontrol.com","","","clientDeleteProhibited","clientRenewProhibited","clientTransferProhibited","clientUpdateProhibited"
"5","akpdelivery.com","2020-05-10 06:12:46","2020-05-08","2020-05-08","2021-05-08","303","PDR Ltd. d/b/a PublicDomainRegistry.com","whois.publicdomainregistry.com","http://www.publicdomainregistry.com","Thasrif N","","Street No : 903","Doha","Qatar","00000","Qatar","n.thasrif@gmail.com","+974.0077319322","","MilesWeb Admin","MilesWeb Internet Services Pvt LTD.","Soham Elite, 3rd Floor Matoshree Nagar, Mumbai Naka.","Nashik","Maharashtra","422002","India","billing@milesweb.com","+91.2532970699","","MilesWeb Admin","MilesWeb Internet Services Pvt LTD.","Soham Elite, 3rd Floor Matoshree Nagar, Mumbai Naka.","Nashik","Maharashtra","422002","India","billing@milesweb.com","+91.2532970699","","","","","","","","","","","","eu.solidhosting.pro","in.solidhosting.pro","sg.solidhosting.pro","us.solidhosting.pro","clientTransferProhibited","","",""
"6","alokitopath.com","2020-05-10 05:45:51","2020-05-07","2020-05-07","2021-05-07","303","PDR Ltd. d/b/a PublicDomainRegistry.com","whois.publicdomainregistry.com","http://www.publicdomainregistry.com","Moheuddin Ahmad","myduroob","Safi Street","Doha","Qatar","4115","Qatar","imoheuddin@gmail.com","+974.55560761","","Moheuddin Ahmad","myduroob","Safi Street","Doha","Qatar","4115","Qatar","imoheuddin@gmail.com","+974.55560761","","Moheuddin Ahmad","myduroob","Safi Street","Doha","Qatar","4115","Qatar","imoheuddin@gmail.com","+974.55560761","","","","","","","","","","","","dns7.codeforhost.com","dns8.codeforhost.com","","","clientTransferProhibited","","",""
"7","azgsys.com","2020-05-10 03:30:39","2020-05-08","2020-05-08","2022-05-08","1154","FastDomain Inc.","whois.fastdomain.com","http://www.fastdomain.com","JOE JOSEPH","","DOHA","DOHA","","","Qatar","josethadayus@gmail.com","+971.552239438","","JOE JOSEPH","","DOHA","DOHA","","","Qatar","josethadayus@gmail.com","+971.552239438","","HOSTMONSTER INC","HOSTMONSTER.COM","1958 S 950 E","PROVO","UTAH","84606","United States","support-domain@hostmonster.com","+1.8014948462","+1.8017651992","","","","","","","","","","","ns1.bdm.microsoftonline.com","ns2.bdm.microsoftonline.com","ns3.bdm.microsoftonline.com","ns4.bdm.microsoftonline.com","clientTransferProhibited","","",""
"8","byblogs.com","2020-05-10 06:21:06","2020-05-07","2020-05-07","2021-05-07","2119","DropCatch.com 639 LLC","whois.namebright.com","http://www.dropcatch603.com","Mohammed Azheruddin","","West bay","Doha","Ad Dawhah","00974","Qatar","sameer.11222@gmail.com","+974.50457318","","Mohammed Azheruddin","","West bay","Doha","Ad Dawhah","00974","Qatar","sameer.11222@gmail.com","+974.50457318","","Mohammed Azheruddin","","West bay","Doha","Ad Dawhah","00974","Qatar","sameer.11222@gmail.com","+974.50457318","","","","","","","","","","","","","","","","clientTransferProhibited","","",""
"9","e2eintsolutions.com","2020-05-10 03:12:36","2020-05-08","2020-05-08","2021-05-08","146","GoDaddy.com, LLC","whois.godaddy.com","http://registrar.godaddy.com","","","","","Qatar","","Qatar","","","","","","","","","","","","","","","","","","","","","","","","","","","","","","","","","","ns57.domaincontrol.com","ns58.domaincontrol.com","","","clientDeleteProhibited","clientRenewProhibited","clientTransferProhibited","clientUpdateProhibited"
"10","gideonpro.com","2020-05-10 03:17:02","2020-05-08","2020-05-08","2022-05-08","1154","FastDomain Inc.","whois.fastdomain.com","http://www.fastdomain.com","JOE JOSEPH","","DOHA","DOHA","","","Qatar","josethadayus@gmail.com","+971.552239438","","JOE JOSEPH","","DOHA","DOHA","","","Qatar","josethadayus@gmail.com","+971.552239438","","HOSTMONSTER INC","HOSTMONSTER.COM","1958 S 950 E","PROVO","UTAH","84606","United States","support-domain@hostmonster.com","+1.8014948462","+1.8017651992","","","","","","","","","","","ns1.hostmonster.com","ns2.hostmonster.com","","","clientTransferProhibited","","",""
"11","goodfg.com","2020-05-10 03:34:01","2020-05-07","2020-05-07","2021-05-07","2695","DropCatch.com 936 LLC","whois.namebright.com","http://www.dropcatch936.com","Mohammed Azheruddin","","West bay","Doha","Ad Dawhah","00974","Qatar","sameer.11222@gmail.com","+974.50457318","","Mohammed Azheruddin","","West bay","Doha","Ad Dawhah","00974","Qatar","sameer.11222@gmail.com","+974.50457318","","Mohammed Azheruddin","","West bay","Doha","Ad Dawhah","00974","Qatar","sameer.11222@gmail.com","+974.50457318","","","","","","","","","","","","","","","","clientTransferProhibited","","",""
"12","gridlineph.com","2020-05-10 04:36:37","2020-05-08","2020-05-08","2025-05-08","146","GoDaddy.com, LLC","whois.godaddy.com","http://registrar.godaddy.com","","","","","Doha","","Qatar","","","","","","","","","","","","","","","","","","","","","","","","","","","","","","","","","","ns65.domaincontrol.com","ns66.domaincontrol.com","","","clientDeleteProhibited","clientRenewProhibited","clientTransferProhibited","clientUpdateProhibited"
"13","idealmood.com","2020-05-10 03:58:28","2020-05-08","2020-05-08","2023-05-08","146","GoDaddy.com, LLC","whois.godaddy.com","http://registrar.godaddy.com","","","","","Al Rayyan","","Qatar","","","","","","","","","","","","","","","","","","","","","","","","","","","","","","","","","","ns51.domaincontrol.com","ns52.domaincontrol.com","","","clientDeleteProhibited","clientRenewProhibited","clientTransferProhibited","clientUpdateProhibited"
"14","inte2esolutions.com","2020-05-10 03:30:59","2020-05-08","2020-05-08","2021-05-08","146","GoDaddy.com, LLC","whois.godaddy.com","http://registrar.godaddy.com","","","","","Qatar","","Qatar","","","","","","","","","","","","","","","","","","","","","","","","","","","","","","","","","","ns33.domaincontrol.com","ns34.domaincontrol.com","","","clientDeleteProhibited","clientRenewProhibited","clientTransferProhibited","clientUpdateProhibited"
"15","mastyra.com","2020-05-10 05:33:52","2020-05-07","2020-05-07","2021-05-07","69","Tucows Domains Inc.","whois.tucows.com","http://domainhelp.opensrs.net","REDACTED FOR PRIVACY","REDACTED FOR PRIVACY","REDACTED FOR PRIVACY","REDACTED FOR PRIVACY","XX","REDACTED FOR PRIVACY","Qatar","","REDACTED FOR PRIVACY","REDACTED FOR PRIVACY","REDACTED FOR PRIVACY","REDACTED FOR PRIVACY","REDACTED FOR PRIVACY","REDACTED FOR PRIVACY","REDACTED FOR PRIVACY","REDACTED FOR PRIVACY","REDACTED FOR PRIVACY","","REDACTED FOR PRIVACY","REDACTED FOR PRIVACY","REDACTED FOR PRIVACY","REDACTED FOR PRIVACY","REDACTED FOR PRIVACY","REDACTED FOR PRIVACY","REDACTED FOR PRIVACY","REDACTED FOR PRIVACY","REDACTED FOR PRIVACY","","REDACTED FOR PRIVACY","REDACTED FOR PRIVACY","","","","","","","","","","","ns1.gnld1033.siteground.eu","ns2.gnld1033.siteground.eu","","","clientTransferProhibited","clientUpdateProhibited","",""
"16","monaqasatstore.com","2020-05-10 03:20:52","2020-05-08","2020-05-08","2022-05-08","146","GoDaddy.com, LLC","whois.godaddy.com","http://registrar.godaddy.com","","","","","Aldafna","","Qatar","","","","","","","","","","","","","","","","","","","","","","","","","","","","","","","","","","ns33.domaincontrol.com","ns34.domaincontrol.com","","","clientDeleteProhibited","clientRenewProhibited","clientTransferProhibited","clientUpdateProhibited"
"17","neoforextrading.com","2020-05-10 03:30:43","2020-05-08","2020-05-08","2021-05-08","146","GoDaddy.com, LLC","whois.godaddy.com","http://registrar.godaddy.com","","","","","Qatar","","Qatar","","","","","","","","","","","","","","","","","","","","","","","","","","","","","","","","","","ns33.domaincontrol.com","ns34.domaincontrol.com","","","clientDeleteProhibited","clientRenewProhibited","clientTransferProhibited","clientUpdateProhibited"
"18","onlinespade.com","2020-05-10 06:21:01","2020-05-07","2020-05-07","2021-05-07","1842","DropCatch.com 431 LLC","whois.namebright.com","http://www.dropcatch431.com","Mohammed Azheruddin","","West bay","Doha","Ad Dawhah","00974","Qatar","sameer.11222@gmail.com","+974.50457318","","Mohammed Azheruddin","","West bay","Doha","Ad Dawhah","00974","Qatar","sameer.11222@gmail.com","+974.50457318","","Mohammed Azheruddin","","West bay","Doha","Ad Dawhah","00974","Qatar","sameer.11222@gmail.com","+974.50457318","","","","","","","","","","","","","","","","clientTransferProhibited","","",""
"19","protectme360.com","2020-05-10 05:32:43","2020-05-07","2020-05-07","2021-05-07","146","GoDaddy.com, LLC","whois.godaddy.com","http://registrar.godaddy.com","","","","","Doha","","Qatar","","","","","","","","","","","","","","","","","","","","","","","","","","","","","","","","","","ns65.domaincontrol.com","ns66.domaincontrol.com","","","clientDeleteProhibited","clientRenewProhibited","clientTransferProhibited","clientUpdateProhibited"
"20","qataryellowpage.com","2020-05-10 02:22:36","2020-05-07","2020-05-09","2021-05-07","1227","OregonURLs.com LLC","whois.oregonurls.com","http://www.networksolutions.com","ALI AL-SULAITI","","00974","DOHA","QATAR","15626","Qatar","ali@qa6ar.net","+974.33333434","+1.5707088780","ALI AL-SULAITI","","00974","DOHA","QATAR","15626","Qatar","ali@qa6ar.net","+974.33333434","+1.5707088780","ALI AL-SULAITI","","00974","DOHA","QATAR","15626","Qatar","ali@qa6ar.net","+974.33333434","+1.5707088780","","","","","","","","","","","ns71.worldnic.com","ns72.worldnic.com","","","clientTransferProhibited","","",""
"21","sarvlekh.com","2020-05-10 06:28:02","2020-05-08","2020-05-08","2022-05-08","146","GoDaddy.com, LLC","whois.godaddy.com","http://registrar.godaddy.com","Self","Self","","","Qatar","","Qatar","","","","","","","","","","","","","","","","","","","","","","","","","","","","","","","","","","ns65.domaincontrol.com","ns66.domaincontrol.com","","","clientDeleteProhibited","clientRenewProhibited","clientTransferProhibited","clientUpdateProhibited"
"22","seapearlsqatar.com","2020-05-10 03:56:37","2020-05-07","2020-05-07","2022-05-07","146","GoDaddy.com, LLC","whois.godaddy.com","http://registrar.godaddy.com","","","","","KL","","Qatar","","","","","","","","","","","","","","","","","","","","","","","","","","","","","","","","","","ns1.sysbitech.com","ns2.sysbitech.com","","","clientDeleteProhibited","clientRenewProhibited","clientTransferProhibited","clientUpdateProhibited"
"23","skymastersc.com","2020-05-10 05:54:47","2020-05-07","2020-05-07","2022-05-07","146","GoDaddy.com, LLC","whois.godaddy.com","http://registrar.godaddy.com","","","","","Ad Daw\u1e29ah","","Qatar","","","","","","","","","","","","","","","","","","","","","","","","","","","","","","","","","","ns03.domaincontrol.com","ns04.domaincontrol.com","","","clientDeleteProhibited","clientRenewProhibited","clientTransferProhibited","clientUpdateProhibited"
"24","smartengsolutions.com","2020-05-10 03:16:58","2020-05-08","2020-05-08","2021-05-08","146","GoDaddy.com, LLC","whois.godaddy.com","http://registrar.godaddy.com","","","","","Qatar","","Qatar","","","","","","","","","","","","","","","","","","","","","","","","","","","","","","","","","","ns51.domaincontrol.com","ns52.domaincontrol.com","","","clientDeleteProhibited","clientRenewProhibited","clientTransferProhibited","clientUpdateProhibited"
"25","websiteping.com","2020-05-10 06:10:42","2020-05-07","2020-05-07","2021-05-07","2692","DropCatch.com 933 LLC","whois.namebright.com","http://www.namebright.com","Mohammed Azheruddin","","West bay","Doha","Ad Dawhah","00974","Qatar","sameer.11222@gmail.com","+974.50457318","","Mohammed Azheruddin","","West bay","Doha","Ad Dawhah","00974","Qatar","sameer.11222@gmail.com","+974.50457318","","Mohammed Azheruddin","","West bay","Doha","Ad Dawhah","00974","Qatar","sameer.11222@gmail.com","+974.50457318","","","","","","","","","","","","","","","","clientTransferProhibited","","",""
"26","x-usa.com","2020-05-10 06:20:42","2020-05-07","2020-05-10","2021-05-07","609","NameKing.com Inc.","whois.nameking.com","http://www.nameking.com","Amr","","Al-Sadd","Doha","","00000","Qatar","akokash@gmail.com","+974.55207007","","Amr","","Al-Sadd","Doha","","00000","Qatar","akokash@gmail.com","+974.55207007","","Amr","","Al-Sadd","Doha","","00000","Qatar","akokash@gmail.com","+974.55207007","","","","","","","","","","","","ns1.dan.com","ns2.dan.com","","","clientTransferProhibited","","",""
"27","yallask.com","2020-05-10 05:34:30","2020-05-07","2020-05-07","2021-05-07","625","Name.com, Inc.","whois.name.com","http://www.name.com","Skillzat Hosting","SKILLZAT","D Ring Road","Doha","DOHA","7111","Qatar","skillzatc@gmail.com","+974.55667788","","Skillzat Hosting","SKILLZAT","D Ring Road","Doha","DOHA","7111","Qatar","skillzatc@gmail.com","+974.55667788","","Skillzat Hosting","SKILLZAT","D Ring Road","Doha","DOHA","7111","Qatar","skillzatc@gmail.com","+974.55667788","","","","","","","","","","","","ns1bdg.name.com","ns2dky.name.com","ns3ghw.name.com","ns4fpy.name.com","addPeriod","clientTransferProhibited","",""