"num","domain_name","query_time","create_date","update_date","expiry_date","domain_registrar_id","domain_registrar_name","domain_registrar_whois","domain_registrar_url","registrant_name","registrant_company","registrant_address","registrant_city","registrant_state","registrant_zip","registrant_country","registrant_email","registrant_phone","registrant_fax","administrative_name","administrative_company","administrative_address","administrative_city","administrative_state","administrative_zip","administrative_country","administrative_email","administrative_phone","administrative_fax","technical_name","technical_company","technical_address","technical_city","technical_state","technical_zip","technical_country","technical_email","technical_phone","technical_fax","billing_name","billing_company","billing_address","billing_city","billing_state","billing_zip","billing_country","billing_email","billing_phone","billing_fax","name_server_1","name_server_2","name_server_3","name_server_4","domain_status_1","domain_status_2","domain_status_3","domain_status_4"
"1","7d2egh4wgreamu9c.com","2020-05-10 05:05:28","2020-05-08","2020-05-08","2021-05-08","69","Tucows Domains Inc.","whois.tucows.com","http://domainhelp.opensrs.net","REDACTED FOR PRIVACY","REDACTED FOR PRIVACY","REDACTED FOR PRIVACY","REDACTED FOR PRIVACY","Charlestown","REDACTED FOR PRIVACY","Saint Kitts and Nevis","","REDACTED FOR PRIVACY","REDACTED FOR PRIVACY","REDACTED FOR PRIVACY","REDACTED FOR PRIVACY","REDACTED FOR PRIVACY","REDACTED FOR PRIVACY","REDACTED FOR PRIVACY","REDACTED FOR PRIVACY","REDACTED FOR PRIVACY","","REDACTED FOR PRIVACY","REDACTED FOR PRIVACY","REDACTED FOR PRIVACY","REDACTED FOR PRIVACY","REDACTED FOR PRIVACY","REDACTED FOR PRIVACY","REDACTED FOR PRIVACY","REDACTED FOR PRIVACY","REDACTED FOR PRIVACY","","REDACTED FOR PRIVACY","REDACTED FOR PRIVACY","","","","","","","","","","","mckinley.ns.cloudflare.com","rodrigo.ns.cloudflare.com","","","clientTransferProhibited","clientUpdateProhibited","",""
"2","86v.tel","2020-05-10 01:21:25","2020-05-08","2020-05-08","2021-05-08","69","Tucows Domains Inc.","whois.tucows.com","http://domainhelp.opensrs.net","1337 Services LLC","1337 Services LLC","","","Charlestown","","Saint Kitts and Nevis","","","","","","","","","","","","","","","","","","","","","","","","","","","","","","","","","","1-you.njalla.no","2-can.njalla.in","3-get.njalla.fo","","addPeriod","clientTransferProhibited","clientUpdateProhibited",""
"3","abdulazizalsalem.com","2020-05-10 06:02:59","2020-05-07","2020-05-07","2021-05-07","69","Tucows Domains Inc.","whois.tucows.com","http://domainhelp.opensrs.net","REDACTED FOR PRIVACY","REDACTED FOR PRIVACY","REDACTED FOR PRIVACY","REDACTED FOR PRIVACY","Charlestown","REDACTED FOR PRIVACY","Saint Kitts and Nevis","","REDACTED FOR PRIVACY","REDACTED FOR PRIVACY","REDACTED FOR PRIVACY","REDACTED FOR PRIVACY","REDACTED FOR PRIVACY","REDACTED FOR PRIVACY","REDACTED FOR PRIVACY","REDACTED FOR PRIVACY","REDACTED FOR PRIVACY","","REDACTED FOR PRIVACY","REDACTED FOR PRIVACY","REDACTED FOR PRIVACY","REDACTED FOR PRIVACY","REDACTED FOR PRIVACY","REDACTED FOR PRIVACY","REDACTED FOR PRIVACY","REDACTED FOR PRIVACY","REDACTED FOR PRIVACY","","REDACTED FOR PRIVACY","REDACTED FOR PRIVACY","","","","","","","","","","","1-you.njalla.no","2-can.njalla.in","3-get.njalla.fo","","clientTransferProhibited","clientUpdateProhibited","",""
"4","baltic-pipe.com","2020-05-10 06:13:42","2020-05-07","2020-05-07","2021-05-07","2723","DropCatch.com 964 LLC","whois.namebright.com","http://www.namebright.com","Domain Admin","","P.O. Box 355, Hunkins Plaza Main Street","Charlestown","Charlestown","00000","Saint Kitts and Nevis","globalip@mailfence.com","+1.7027516695","","Domain Admin","","P.O. Box 355, Hunkins Plaza Main Street","Charlestown","Charlestown","00000","Saint Kitts and Nevis","globalip@mailfence.com","+1.7027516695","","Domain Admin","","P.O. Box 355, Hunkins Plaza Main Street","Charlestown","Charlestown","00000","Saint Kitts and Nevis","globalip@mailfence.com","+1.7027516695","","","","","","","","","","","","buy.internettraffic.com","sell.internettraffic.com","","","clientTransferProhibited","","",""
"5","change-limit.com","2020-05-10 04:17:17","2020-05-08","2020-05-09","2021-05-08","69","Tucows Domains Inc.","whois.tucows.com","http://domainhelp.opensrs.net","REDACTED FOR PRIVACY","REDACTED FOR PRIVACY","REDACTED FOR PRIVACY","REDACTED FOR PRIVACY","Charlestown","REDACTED FOR PRIVACY","Saint Kitts and Nevis","","REDACTED FOR PRIVACY","REDACTED FOR PRIVACY","REDACTED FOR PRIVACY","REDACTED FOR PRIVACY","REDACTED FOR PRIVACY","REDACTED FOR PRIVACY","REDACTED FOR PRIVACY","REDACTED FOR PRIVACY","REDACTED FOR PRIVACY","","REDACTED FOR PRIVACY","REDACTED FOR PRIVACY","REDACTED FOR PRIVACY","REDACTED FOR PRIVACY","REDACTED FOR PRIVACY","REDACTED FOR PRIVACY","REDACTED FOR PRIVACY","REDACTED FOR PRIVACY","REDACTED FOR PRIVACY","","REDACTED FOR PRIVACY","REDACTED FOR PRIVACY","","","","","","","","","","","hk1.koddos.com","hk2.koddos.com","","","clientTransferProhibited","clientUpdateProhibited","",""
"6","cryptosfuture.com","2020-05-10 04:07:41","2020-05-08","2020-05-08","2021-05-08","69","Tucows Domains Inc.","whois.tucows.com","http://domainhelp.opensrs.net","REDACTED FOR PRIVACY","REDACTED FOR PRIVACY","REDACTED FOR PRIVACY","REDACTED FOR PRIVACY","Charlestown","REDACTED FOR PRIVACY","Saint Kitts and Nevis","","REDACTED FOR PRIVACY","REDACTED FOR PRIVACY","REDACTED FOR PRIVACY","REDACTED FOR PRIVACY","REDACTED FOR PRIVACY","REDACTED FOR PRIVACY","REDACTED FOR PRIVACY","REDACTED FOR PRIVACY","REDACTED FOR PRIVACY","","REDACTED FOR PRIVACY","REDACTED FOR PRIVACY","REDACTED FOR PRIVACY","REDACTED FOR PRIVACY","REDACTED FOR PRIVACY","REDACTED FOR PRIVACY","REDACTED FOR PRIVACY","REDACTED FOR PRIVACY","REDACTED FOR PRIVACY","","REDACTED FOR PRIVACY","REDACTED FOR PRIVACY","","","","","","","","","","","chloe.ns.cloudflare.com","lynn.ns.cloudflare.com","","","clientTransferProhibited","clientUpdateProhibited","",""
"7","deusmail.com","2020-05-10 05:29:29","2020-05-07","2020-05-07","2021-05-07","69","Tucows Domains Inc.","whois.tucows.com","http://domainhelp.opensrs.net","REDACTED FOR PRIVACY","REDACTED FOR PRIVACY","REDACTED FOR PRIVACY","REDACTED FOR PRIVACY","Charlestown","REDACTED FOR PRIVACY","Saint Kitts and Nevis","","REDACTED FOR PRIVACY","REDACTED FOR PRIVACY","REDACTED FOR PRIVACY","REDACTED FOR PRIVACY","REDACTED FOR PRIVACY","REDACTED FOR PRIVACY","REDACTED FOR PRIVACY","REDACTED FOR PRIVACY","REDACTED FOR PRIVACY","","REDACTED FOR PRIVACY","REDACTED FOR PRIVACY","REDACTED FOR PRIVACY","REDACTED FOR PRIVACY","REDACTED FOR PRIVACY","REDACTED FOR PRIVACY","REDACTED FOR PRIVACY","REDACTED FOR PRIVACY","REDACTED FOR PRIVACY","","REDACTED FOR PRIVACY","REDACTED FOR PRIVACY","","","","","","","","","","","1-you.njalla.no","2-can.njalla.in","3-get.njalla.fo","","clientTransferProhibited","clientUpdateProhibited","",""
"8","earn-games.com","2020-05-10 03:08:41","2020-05-08","2020-05-08","2021-05-08","69","Tucows Domains Inc.","whois.tucows.com","http://domainhelp.opensrs.net","REDACTED FOR PRIVACY","REDACTED FOR PRIVACY","REDACTED FOR PRIVACY","REDACTED FOR PRIVACY","Charlestown","REDACTED FOR PRIVACY","Saint Kitts and Nevis","","REDACTED FOR PRIVACY","REDACTED FOR PRIVACY","REDACTED FOR PRIVACY","REDACTED FOR PRIVACY","REDACTED FOR PRIVACY","REDACTED FOR PRIVACY","REDACTED FOR PRIVACY","REDACTED FOR PRIVACY","REDACTED FOR PRIVACY","","REDACTED FOR PRIVACY","REDACTED FOR PRIVACY","REDACTED FOR PRIVACY","REDACTED FOR PRIVACY","REDACTED FOR PRIVACY","REDACTED FOR PRIVACY","REDACTED FOR PRIVACY","REDACTED FOR PRIVACY","REDACTED FOR PRIVACY","","REDACTED FOR PRIVACY","REDACTED FOR PRIVACY","","","","","","","","","","","noel.ns.cloudflare.com","paige.ns.cloudflare.com","","","clientTransferProhibited","clientUpdateProhibited","",""
"9","emc-consulting.com","2020-05-10 06:02:47","2020-05-07","2020-05-07","2021-05-07","2057","DropCatch.com 577 LLC","whois.namebright.com","http://www.dropcatch577.com","Domain Admin","","P.O. Box 355, Hunkins Plaza Main Street","Charlestown","Charlestown","00000","Saint Kitts and Nevis","globalip@mailfence.com","+1.7027516695","","Domain Admin","","P.O. Box 355, Hunkins Plaza Main Street","Charlestown","Charlestown","00000","Saint Kitts and Nevis","globalip@mailfence.com","+1.7027516695","","Domain Admin","","P.O. Box 355, Hunkins Plaza Main Street","Charlestown","Charlestown","00000","Saint Kitts and Nevis","globalip@mailfence.com","+1.7027516695","","","","","","","","","","","","buy.internettraffic.com","sell.internettraffic.com","","","clientTransferProhibited","","",""
"10","ericvelie.com","2020-05-10 05:42:11","2020-05-07","2020-05-07","2021-05-07","69","Tucows Domains Inc.","whois.tucows.com","http://domainhelp.opensrs.net","REDACTED FOR PRIVACY","REDACTED FOR PRIVACY","REDACTED FOR PRIVACY","REDACTED FOR PRIVACY","Charlestown","REDACTED FOR PRIVACY","Saint Kitts and Nevis","","REDACTED FOR PRIVACY","REDACTED FOR PRIVACY","REDACTED FOR PRIVACY","REDACTED FOR PRIVACY","REDACTED FOR PRIVACY","REDACTED FOR PRIVACY","REDACTED FOR PRIVACY","REDACTED FOR PRIVACY","REDACTED FOR PRIVACY","","REDACTED FOR PRIVACY","REDACTED FOR PRIVACY","REDACTED FOR PRIVACY","REDACTED FOR PRIVACY","REDACTED FOR PRIVACY","REDACTED FOR PRIVACY","REDACTED FOR PRIVACY","REDACTED FOR PRIVACY","REDACTED FOR PRIVACY","","REDACTED FOR PRIVACY","REDACTED FOR PRIVACY","","","","","","","","","","","1-you.njalla.no","2-can.njalla.in","3-get.njalla.fo","","clientTransferProhibited","clientUpdateProhibited","",""
"11","erikvelie.com","2020-05-10 05:42:08","2020-05-07","2020-05-07","2021-05-07","69","Tucows Domains Inc.","whois.tucows.com","http://domainhelp.opensrs.net","REDACTED FOR PRIVACY","REDACTED FOR PRIVACY","REDACTED FOR PRIVACY","REDACTED FOR PRIVACY","Charlestown","REDACTED FOR PRIVACY","Saint Kitts and Nevis","","REDACTED FOR PRIVACY","REDACTED FOR PRIVACY","REDACTED FOR PRIVACY","REDACTED FOR PRIVACY","REDACTED FOR PRIVACY","REDACTED FOR PRIVACY","REDACTED FOR PRIVACY","REDACTED FOR PRIVACY","REDACTED FOR PRIVACY","","REDACTED FOR PRIVACY","REDACTED FOR PRIVACY","REDACTED FOR PRIVACY","REDACTED FOR PRIVACY","REDACTED FOR PRIVACY","REDACTED FOR PRIVACY","REDACTED FOR PRIVACY","REDACTED FOR PRIVACY","REDACTED FOR PRIVACY","","REDACTED FOR PRIVACY","REDACTED FOR PRIVACY","","","","","","","","","","","1-you.njalla.no","2-can.njalla.in","3-get.njalla.fo","","clientTransferProhibited","clientUpdateProhibited","",""
"12","etxtcheckout.com","2020-05-10 03:31:05","2020-05-08","2020-05-08","2021-05-08","69","Tucows Domains Inc.","whois.tucows.com","http://domainhelp.opensrs.net","REDACTED FOR PRIVACY","REDACTED FOR PRIVACY","REDACTED FOR PRIVACY","REDACTED FOR PRIVACY","Charlestown","REDACTED FOR PRIVACY","Saint Kitts and Nevis","","REDACTED FOR PRIVACY","REDACTED FOR PRIVACY","REDACTED FOR PRIVACY","REDACTED FOR PRIVACY","REDACTED FOR PRIVACY","REDACTED FOR PRIVACY","REDACTED FOR PRIVACY","REDACTED FOR PRIVACY","REDACTED FOR PRIVACY","","REDACTED FOR PRIVACY","REDACTED FOR PRIVACY","REDACTED FOR PRIVACY","REDACTED FOR PRIVACY","REDACTED FOR PRIVACY","REDACTED FOR PRIVACY","REDACTED FOR PRIVACY","REDACTED FOR PRIVACY","REDACTED FOR PRIVACY","","REDACTED FOR PRIVACY","REDACTED FOR PRIVACY","","","","","","","","","","","alex.ns.cloudflare.com","aliza.ns.cloudflare.com","","","clientTransferProhibited","clientUpdateProhibited","",""
"13","fc-c.com","2020-05-10 06:17:51","2020-05-07","2020-05-07","2021-05-07","3314","DropCatch.com 1105 LLC","","","Domain Admin","","P.O. Box 355, Hunkins Plaza Main Street","Charlestown","Charlestown","00000","Saint Kitts and Nevis","globalip@mailfence.com","+1.7027516695","","Domain Admin","","P.O. Box 355, Hunkins Plaza Main Street","Charlestown","Charlestown","00000","Saint Kitts and Nevis","globalip@mailfence.com","+1.7027516695","","Domain Admin","","P.O. Box 355, Hunkins Plaza Main Street","Charlestown","Charlestown","00000","Saint Kitts and Nevis","globalip@mailfence.com","+1.7027516695","","","","","","","","","","","","buy.internettraffic.com","sell.internettraffic.com","","","clientTransferProhibited","","",""
"14","frtoon12.com","2020-05-10 03:58:26","2020-05-08","2020-05-08","2021-05-08","69","Tucows Domains Inc.","whois.tucows.com","http://domainhelp.opensrs.net","REDACTED FOR PRIVACY","REDACTED FOR PRIVACY","REDACTED FOR PRIVACY","REDACTED FOR PRIVACY","Charlestown","REDACTED FOR PRIVACY","Saint Kitts and Nevis","","REDACTED FOR PRIVACY","REDACTED FOR PRIVACY","REDACTED FOR PRIVACY","REDACTED FOR PRIVACY","REDACTED FOR PRIVACY","REDACTED FOR PRIVACY","REDACTED FOR PRIVACY","REDACTED FOR PRIVACY","REDACTED FOR PRIVACY","","REDACTED FOR PRIVACY","REDACTED FOR PRIVACY","REDACTED FOR PRIVACY","REDACTED FOR PRIVACY","REDACTED FOR PRIVACY","REDACTED FOR PRIVACY","REDACTED FOR PRIVACY","REDACTED FOR PRIVACY","REDACTED FOR PRIVACY","","REDACTED FOR PRIVACY","REDACTED FOR PRIVACY","","","","","","","","","","","dorthy.ns.cloudflare.com","rick.ns.cloudflare.com","","","clientTransferProhibited","clientUpdateProhibited","",""
"15","gaemalkim.com","2020-05-10 06:29:48","2020-05-08","2020-05-08","2021-05-08","69","Tucows Domains Inc.","whois.tucows.com","http://domainhelp.opensrs.net","REDACTED FOR PRIVACY","REDACTED FOR PRIVACY","REDACTED FOR PRIVACY","REDACTED FOR PRIVACY","Charlestown","REDACTED FOR PRIVACY","Saint Kitts and Nevis","","REDACTED FOR PRIVACY","REDACTED FOR PRIVACY","REDACTED FOR PRIVACY","REDACTED FOR PRIVACY","REDACTED FOR PRIVACY","REDACTED FOR PRIVACY","REDACTED FOR PRIVACY","REDACTED FOR PRIVACY","REDACTED FOR PRIVACY","","REDACTED FOR PRIVACY","REDACTED FOR PRIVACY","REDACTED FOR PRIVACY","REDACTED FOR PRIVACY","REDACTED FOR PRIVACY","REDACTED FOR PRIVACY","REDACTED FOR PRIVACY","REDACTED FOR PRIVACY","REDACTED FOR PRIVACY","","REDACTED FOR PRIVACY","REDACTED FOR PRIVACY","","","","","","","","","","","dorthy.ns.cloudflare.com","rick.ns.cloudflare.com","","","clientTransferProhibited","clientUpdateProhibited","",""
"16","greenlifeexpress.com","2020-05-10 04:59:02","2020-05-08","2020-05-08","2021-05-08","69","Tucows Domains Inc.","whois.tucows.com","http://domainhelp.opensrs.net","REDACTED FOR PRIVACY","REDACTED FOR PRIVACY","REDACTED FOR PRIVACY","REDACTED FOR PRIVACY","Charlestown","REDACTED FOR PRIVACY","Saint Kitts and Nevis","","REDACTED FOR PRIVACY","REDACTED FOR PRIVACY","REDACTED FOR PRIVACY","REDACTED FOR PRIVACY","REDACTED FOR PRIVACY","REDACTED FOR PRIVACY","REDACTED FOR PRIVACY","REDACTED FOR PRIVACY","REDACTED FOR PRIVACY","","REDACTED FOR PRIVACY","REDACTED FOR PRIVACY","REDACTED FOR PRIVACY","REDACTED FOR PRIVACY","REDACTED FOR PRIVACY","REDACTED FOR PRIVACY","REDACTED FOR PRIVACY","REDACTED FOR PRIVACY","REDACTED FOR PRIVACY","","REDACTED FOR PRIVACY","REDACTED FOR PRIVACY","","","","","","","","","","","1-you.njalla.no","2-can.njalla.in","3-get.njalla.fo","","clientTransferProhibited","clientUpdateProhibited","",""
"17","greenlifexpress.com","2020-05-10 04:59:01","2020-05-08","2020-05-08","2021-05-08","69","Tucows Domains Inc.","whois.tucows.com","http://domainhelp.opensrs.net","REDACTED FOR PRIVACY","REDACTED FOR PRIVACY","REDACTED FOR PRIVACY","REDACTED FOR PRIVACY","Charlestown","REDACTED FOR PRIVACY","Saint Kitts and Nevis","","REDACTED FOR PRIVACY","REDACTED FOR PRIVACY","REDACTED FOR PRIVACY","REDACTED FOR PRIVACY","REDACTED FOR PRIVACY","REDACTED FOR PRIVACY","REDACTED FOR PRIVACY","REDACTED FOR PRIVACY","REDACTED FOR PRIVACY","","REDACTED FOR PRIVACY","REDACTED FOR PRIVACY","REDACTED FOR PRIVACY","REDACTED FOR PRIVACY","REDACTED FOR PRIVACY","REDACTED FOR PRIVACY","REDACTED FOR PRIVACY","REDACTED FOR PRIVACY","REDACTED FOR PRIVACY","","REDACTED FOR PRIVACY","REDACTED FOR PRIVACY","","","","","","","","","","","1-you.njalla.no","2-can.njalla.in","3-get.njalla.fo","","clientTransferProhibited","clientUpdateProhibited","",""
"18","gvisionphoto.com","2020-05-10 03:00:14","2020-05-08","2020-05-08","2021-05-08","625","Name.com, Inc.","whois.name.com","http://www.name.com","George Bolus","GVision Photography","New Road Housing Extention","Basseterre","Basseterre","00000","Saint Kitts and Nevis","visionskb112@gmail.com","+1.8697623638","","George Bolus","GVision Photography","New Road Housing Extention","Basseterre","Basseterre","00000","Saint Kitts and Nevis","visionskb112@gmail.com","+1.8697623638","","George Bolus","GVision Photography","New Road Housing Extention","Basseterre","Basseterre","00000","Saint Kitts and Nevis","visionskb112@gmail.com","+1.8697623638","","","","","","","","","","","","ns1djs.name.com","ns2bkr.name.com","ns3jwx.name.com","ns4cpw.name.com","addPeriod","clientTransferProhibited","",""
"19","healthfixture.com","2020-05-10 02:07:28","2020-05-07","2020-05-09","2021-05-07","472","Dynadot, LLC","whois.dynadot.com","http://www.dynadot.com","Buy Corporate Companies Online","Selling Ready Made Corporate Companies with a website","St Kitts , Naile 32, silk road 32k","St.Kitts","St Kitts and Nevis","00000","Saint Kitts and Nevis","brandsellerbiz@gmail.com","+239.5342236297","","Buy Corporate Companies Online","Selling Ready Made Corporate Companies with a website","St Kitts , Naile 32, silk road 32k","St.Kitts","St Kitts and Nevis","00000","Saint Kitts and Nevis","brandsellerbiz@gmail.com","+239.5342236297","","Buy Corporate Companies Online","Selling Ready Made Corporate Companies with a website","St Kitts , Naile 32, silk road 32k","St.Kitts","St Kitts and Nevis","00000","Saint Kitts and Nevis","brandsellerbiz@gmail.com","+239.5342236297","","","","","","","","","","","","ns1.dan.com","ns2.dan.com","","","clientTransferProhibited","","",""
"20","healthuncover.com","2020-05-10 02:07:28","2020-05-07","2020-05-09","2021-05-07","472","Dynadot, LLC","whois.dynadot.com","http://www.dynadot.com","Buy Corporate Companies Online","Selling Ready Made Corporate Companies with a website","St Kitts , Naile 32, silk road 32k","St.Kitts","St Kitts and Nevis","00000","Saint Kitts and Nevis","brandsellerbiz@gmail.com","+239.5342236297","","Buy Corporate Companies Online","Selling Ready Made Corporate Companies with a website","St Kitts , Naile 32, silk road 32k","St.Kitts","St Kitts and Nevis","00000","Saint Kitts and Nevis","brandsellerbiz@gmail.com","+239.5342236297","","Buy Corporate Companies Online","Selling Ready Made Corporate Companies with a website","St Kitts , Naile 32, silk road 32k","St.Kitts","St Kitts and Nevis","00000","Saint Kitts and Nevis","brandsellerbiz@gmail.com","+239.5342236297","","","","","","","","","","","","ns1.dan.com","ns2.dan.com","","","clientTransferProhibited","","",""
"21","inner-order.com","2020-05-10 04:29:12","2020-05-08","2020-05-09","2021-05-08","69","Tucows Domains Inc.","whois.tucows.com","http://domainhelp.opensrs.net","REDACTED FOR PRIVACY","REDACTED FOR PRIVACY","REDACTED FOR PRIVACY","REDACTED FOR PRIVACY","Charlestown","REDACTED FOR PRIVACY","Saint Kitts and Nevis","","REDACTED FOR PRIVACY","REDACTED FOR PRIVACY","REDACTED FOR PRIVACY","REDACTED FOR PRIVACY","REDACTED FOR PRIVACY","REDACTED FOR PRIVACY","REDACTED FOR PRIVACY","REDACTED FOR PRIVACY","REDACTED FOR PRIVACY","","REDACTED FOR PRIVACY","REDACTED FOR PRIVACY","REDACTED FOR PRIVACY","REDACTED FOR PRIVACY","REDACTED FOR PRIVACY","REDACTED FOR PRIVACY","REDACTED FOR PRIVACY","REDACTED FOR PRIVACY","REDACTED FOR PRIVACY","","REDACTED FOR PRIVACY","REDACTED FOR PRIVACY","","","","","","","","","","","1-you.njalla.no","2-can.njalla.in","3-get.njalla.fo","","clientTransferProhibited","clientUpdateProhibited","",""
"22","mykromail.com","2020-05-10 05:26:14","2020-05-07","2020-05-07","2021-05-07","69","Tucows Domains Inc.","whois.tucows.com","http://domainhelp.opensrs.net","REDACTED FOR PRIVACY","REDACTED FOR PRIVACY","REDACTED FOR PRIVACY","REDACTED FOR PRIVACY","Charlestown","REDACTED FOR PRIVACY","Saint Kitts and Nevis","","REDACTED FOR PRIVACY","REDACTED FOR PRIVACY","REDACTED FOR PRIVACY","REDACTED FOR PRIVACY","REDACTED FOR PRIVACY","REDACTED FOR PRIVACY","REDACTED FOR PRIVACY","REDACTED FOR PRIVACY","REDACTED FOR PRIVACY","","REDACTED FOR PRIVACY","REDACTED FOR PRIVACY","REDACTED FOR PRIVACY","REDACTED FOR PRIVACY","REDACTED FOR PRIVACY","REDACTED FOR PRIVACY","REDACTED FOR PRIVACY","REDACTED FOR PRIVACY","REDACTED FOR PRIVACY","","REDACTED FOR PRIVACY","REDACTED FOR PRIVACY","","","","","","","","","","","1-you.njalla.no","2-can.njalla.in","3-get.njalla.fo","","clientTransferProhibited","clientUpdateProhibited","",""
"23","newtoon15.com","2020-05-10 04:10:01","2020-05-08","2020-05-08","2021-05-08","69","Tucows Domains Inc.","whois.tucows.com","http://domainhelp.opensrs.net","REDACTED FOR PRIVACY","REDACTED FOR PRIVACY","REDACTED FOR PRIVACY","REDACTED FOR PRIVACY","Charlestown","REDACTED FOR PRIVACY","Saint Kitts and Nevis","","REDACTED FOR PRIVACY","REDACTED FOR PRIVACY","REDACTED FOR PRIVACY","REDACTED FOR PRIVACY","REDACTED FOR PRIVACY","REDACTED FOR PRIVACY","REDACTED FOR PRIVACY","REDACTED FOR PRIVACY","REDACTED FOR PRIVACY","","REDACTED FOR PRIVACY","REDACTED FOR PRIVACY","REDACTED FOR PRIVACY","REDACTED FOR PRIVACY","REDACTED FOR PRIVACY","REDACTED FOR PRIVACY","REDACTED FOR PRIVACY","REDACTED FOR PRIVACY","REDACTED FOR PRIVACY","","REDACTED FOR PRIVACY","REDACTED FOR PRIVACY","","","","","","","","","","","dorthy.ns.cloudflare.com","rick.ns.cloudflare.com","","","clientTransferProhibited","clientUpdateProhibited","",""
"24","paygasusmail.com","2020-05-10 05:26:16","2020-05-07","2020-05-07","2021-05-07","69","Tucows Domains Inc.","whois.tucows.com","http://domainhelp.opensrs.net","REDACTED FOR PRIVACY","REDACTED FOR PRIVACY","REDACTED FOR PRIVACY","REDACTED FOR PRIVACY","Charlestown","REDACTED FOR PRIVACY","Saint Kitts and Nevis","","REDACTED FOR PRIVACY","REDACTED FOR PRIVACY","REDACTED FOR PRIVACY","REDACTED FOR PRIVACY","REDACTED FOR PRIVACY","REDACTED FOR PRIVACY","REDACTED FOR PRIVACY","REDACTED FOR PRIVACY","REDACTED FOR PRIVACY","","REDACTED FOR PRIVACY","REDACTED FOR PRIVACY","REDACTED FOR PRIVACY","REDACTED FOR PRIVACY","REDACTED FOR PRIVACY","REDACTED FOR PRIVACY","REDACTED FOR PRIVACY","REDACTED FOR PRIVACY","REDACTED FOR PRIVACY","","REDACTED FOR PRIVACY","REDACTED FOR PRIVACY","","","","","","","","","","","1-you.njalla.no","2-can.njalla.in","3-get.njalla.fo","","clientTransferProhibited","clientUpdateProhibited","",""
"25","pornjaro.com","2020-05-10 05:18:57","2020-05-07","2020-05-07","2021-05-07","69","Tucows Domains Inc.","whois.tucows.com","http://domainhelp.opensrs.net","REDACTED FOR PRIVACY","REDACTED FOR PRIVACY","REDACTED FOR PRIVACY","REDACTED FOR PRIVACY","Charlestown","REDACTED FOR PRIVACY","Saint Kitts and Nevis","","REDACTED FOR PRIVACY","REDACTED FOR PRIVACY","REDACTED FOR PRIVACY","REDACTED FOR PRIVACY","REDACTED FOR PRIVACY","REDACTED FOR PRIVACY","REDACTED FOR PRIVACY","REDACTED FOR PRIVACY","REDACTED FOR PRIVACY","","REDACTED FOR PRIVACY","REDACTED FOR PRIVACY","REDACTED FOR PRIVACY","REDACTED FOR PRIVACY","REDACTED FOR PRIVACY","REDACTED FOR PRIVACY","REDACTED FOR PRIVACY","REDACTED FOR PRIVACY","REDACTED FOR PRIVACY","","REDACTED FOR PRIVACY","REDACTED FOR PRIVACY","","","","","","","","","","","1-you.njalla.no","2-can.njalla.in","3-get.njalla.fo","","clientTransferProhibited","clientUpdateProhibited","",""
"26","rb1158.com","2020-05-10 04:24:33","2020-05-08","2020-05-08","2021-05-08","69","Tucows Domains Inc.","whois.tucows.com","http://domainhelp.opensrs.net","REDACTED FOR PRIVACY","REDACTED FOR PRIVACY","REDACTED FOR PRIVACY","REDACTED FOR PRIVACY","Charlestown","REDACTED FOR PRIVACY","Saint Kitts and Nevis","","REDACTED FOR PRIVACY","REDACTED FOR PRIVACY","REDACTED FOR PRIVACY","REDACTED FOR PRIVACY","REDACTED FOR PRIVACY","REDACTED FOR PRIVACY","REDACTED FOR PRIVACY","REDACTED FOR PRIVACY","REDACTED FOR PRIVACY","","REDACTED FOR PRIVACY","REDACTED FOR PRIVACY","REDACTED FOR PRIVACY","REDACTED FOR PRIVACY","REDACTED FOR PRIVACY","REDACTED FOR PRIVACY","REDACTED FOR PRIVACY","REDACTED FOR PRIVACY","REDACTED FOR PRIVACY","","REDACTED FOR PRIVACY","REDACTED FOR PRIVACY","","","","","","","","","","","1-you.njalla.no","2-can.njalla.in","3-get.njalla.fo","","clientTransferProhibited","clientUpdateProhibited","",""
"27","royalenfieldworld.com","2020-05-10 06:06:24","2020-05-07","2020-05-07","2021-05-07","2052","DropCatch.com 572 LLC","whois.namebright.com","http://www.dropcatch572.com","Domain Admin","","P.O. Box 355, Hunkins Plaza Main Street","Charlestown","Charlestown","00000","Saint Kitts and Nevis","globalip@mailfence.com","+1.7027516695","","Domain Admin","","P.O. Box 355, Hunkins Plaza Main Street","Charlestown","Charlestown","00000","Saint Kitts and Nevis","globalip@mailfence.com","+1.7027516695","","Domain Admin","","P.O. Box 355, Hunkins Plaza Main Street","Charlestown","Charlestown","00000","Saint Kitts and Nevis","globalip@mailfence.com","+1.7027516695","","","","","","","","","","","","buy.internettraffic.com","sell.internettraffic.com","","","clientTransferProhibited","","",""
"28","shrooms247.com","2020-05-10 03:56:07","2020-05-07","2020-05-07","2021-05-07","69","Tucows Domains Inc.","whois.tucows.com","http://domainhelp.opensrs.net","REDACTED FOR PRIVACY","REDACTED FOR PRIVACY","REDACTED FOR PRIVACY","REDACTED FOR PRIVACY","Charlestown","REDACTED FOR PRIVACY","Saint Kitts and Nevis","","REDACTED FOR PRIVACY","REDACTED FOR PRIVACY","REDACTED FOR PRIVACY","REDACTED FOR PRIVACY","REDACTED FOR PRIVACY","REDACTED FOR PRIVACY","REDACTED FOR PRIVACY","REDACTED FOR PRIVACY","REDACTED FOR PRIVACY","","REDACTED FOR PRIVACY","REDACTED FOR PRIVACY","REDACTED FOR PRIVACY","REDACTED FOR PRIVACY","REDACTED FOR PRIVACY","REDACTED FOR PRIVACY","REDACTED FOR PRIVACY","REDACTED FOR PRIVACY","REDACTED FOR PRIVACY","","REDACTED FOR PRIVACY","REDACTED FOR PRIVACY","","","","","","","","","","","1-you.njalla.no","2-can.njalla.in","3-get.njalla.fo","","clientTransferProhibited","clientUpdateProhibited","",""
"29","toontime04.com","2020-05-10 06:30:40","2020-05-08","2020-05-08","2021-05-08","69","Tucows Domains Inc.","whois.tucows.com","http://domainhelp.opensrs.net","REDACTED FOR PRIVACY","REDACTED FOR PRIVACY","REDACTED FOR PRIVACY","REDACTED FOR PRIVACY","Charlestown","REDACTED FOR PRIVACY","Saint Kitts and Nevis","","REDACTED FOR PRIVACY","REDACTED FOR PRIVACY","REDACTED FOR PRIVACY","REDACTED FOR PRIVACY","REDACTED FOR PRIVACY","REDACTED FOR PRIVACY","REDACTED FOR PRIVACY","REDACTED FOR PRIVACY","REDACTED FOR PRIVACY","","REDACTED FOR PRIVACY","REDACTED FOR PRIVACY","REDACTED FOR PRIVACY","REDACTED FOR PRIVACY","REDACTED FOR PRIVACY","REDACTED FOR PRIVACY","REDACTED FOR PRIVACY","REDACTED FOR PRIVACY","REDACTED FOR PRIVACY","","REDACTED FOR PRIVACY","REDACTED FOR PRIVACY","","","","","","","","","","","dorthy.ns.cloudflare.com","rick.ns.cloudflare.com","","","clientTransferProhibited","clientUpdateProhibited","",""
"30","tpkhost.com","2020-05-10 03:30:42","2020-05-08","2020-05-08","2021-05-08","69","Tucows Domains Inc.","whois.tucows.com","http://domainhelp.opensrs.net","REDACTED FOR PRIVACY","REDACTED FOR PRIVACY","REDACTED FOR PRIVACY","REDACTED FOR PRIVACY","Charlestown","REDACTED FOR PRIVACY","Saint Kitts and Nevis","","REDACTED FOR PRIVACY","REDACTED FOR PRIVACY","REDACTED FOR PRIVACY","REDACTED FOR PRIVACY","REDACTED FOR PRIVACY","REDACTED FOR PRIVACY","REDACTED FOR PRIVACY","REDACTED FOR PRIVACY","REDACTED FOR PRIVACY","","REDACTED FOR PRIVACY","REDACTED FOR PRIVACY","REDACTED FOR PRIVACY","REDACTED FOR PRIVACY","REDACTED FOR PRIVACY","REDACTED FOR PRIVACY","REDACTED FOR PRIVACY","REDACTED FOR PRIVACY","REDACTED FOR PRIVACY","","REDACTED FOR PRIVACY","REDACTED FOR PRIVACY","","","","","","","","","","","ns1.tpkhost.com","ns2.tpkhost.com","","","clientTransferProhibited","clientUpdateProhibited","",""
"31","vanquishmail.com","2020-05-10 05:26:15","2020-05-07","2020-05-07","2021-05-07","69","Tucows Domains Inc.","whois.tucows.com","http://domainhelp.opensrs.net","REDACTED FOR PRIVACY","REDACTED FOR PRIVACY","REDACTED FOR PRIVACY","REDACTED FOR PRIVACY","Charlestown","REDACTED FOR PRIVACY","Saint Kitts and Nevis","","REDACTED FOR PRIVACY","REDACTED FOR PRIVACY","REDACTED FOR PRIVACY","REDACTED FOR PRIVACY","REDACTED FOR PRIVACY","REDACTED FOR PRIVACY","REDACTED FOR PRIVACY","REDACTED FOR PRIVACY","REDACTED FOR PRIVACY","","REDACTED FOR PRIVACY","REDACTED FOR PRIVACY","REDACTED FOR PRIVACY","REDACTED FOR PRIVACY","REDACTED FOR PRIVACY","REDACTED FOR PRIVACY","REDACTED FOR PRIVACY","REDACTED FOR PRIVACY","REDACTED FOR PRIVACY","","REDACTED FOR PRIVACY","REDACTED FOR PRIVACY","","","","","","","","","","","1-you.njalla.no","2-can.njalla.in","3-get.njalla.fo","","clientTransferProhibited","clientUpdateProhibited","",""
"32","vrenable.com","2020-05-10 02:07:44","2020-05-07","2020-05-09","2021-05-07","472","Dynadot, LLC","whois.dynadot.com","http://www.dynadot.com","Buy Corporate Companies Online","Selling Ready Made Corporate Companies with a website","St Kitts , Naile 32, silk road 32k","St.Kitts","St Kitts and Nevis","00000","Saint Kitts and Nevis","brandsellerbiz@gmail.com","+239.5342236297","","Buy Corporate Companies Online","Selling Ready Made Corporate Companies with a website","St Kitts , Naile 32, silk road 32k","St.Kitts","St Kitts and Nevis","00000","Saint Kitts and Nevis","brandsellerbiz@gmail.com","+239.5342236297","","Buy Corporate Companies Online","Selling Ready Made Corporate Companies with a website","St Kitts , Naile 32, silk road 32k","St.Kitts","St Kitts and Nevis","00000","Saint Kitts and Nevis","brandsellerbiz@gmail.com","+239.5342236297","","","","","","","","","","","","ns1.dan.com","ns2.dan.com","","","clientTransferProhibited","","",""
"33","vrtreat.com","2020-05-10 02:07:32","2020-05-07","2020-05-09","2021-05-07","472","Dynadot, LLC","whois.dynadot.com","http://www.dynadot.com","Buy Corporate Companies Online","Selling Ready Made Corporate Companies with a website","St Kitts , Naile 32, silk road 32k","St.Kitts","St Kitts and Nevis","00000","Saint Kitts and Nevis","brandsellerbiz@gmail.com","+239.5342236297","","Buy Corporate Companies Online","Selling Ready Made Corporate Companies with a website","St Kitts , Naile 32, silk road 32k","St.Kitts","St Kitts and Nevis","00000","Saint Kitts and Nevis","brandsellerbiz@gmail.com","+239.5342236297","","Buy Corporate Companies Online","Selling Ready Made Corporate Companies with a website","St Kitts , Naile 32, silk road 32k","St.Kitts","St Kitts and Nevis","00000","Saint Kitts and Nevis","brandsellerbiz@gmail.com","+239.5342236297","","","","","","","","","","","","ns1.dan.com","ns2.dan.com","","","clientTransferProhibited","","",""
"34","yanikmartin.com","2020-05-10 03:37:08","2020-05-07","2020-05-07","2021-05-07","146","GoDaddy.com, LLC","whois.godaddy.com","http://registrar.godaddy.com","","","","","Basseterre","","Saint Kitts and Nevis","","","","","","","","","","","","","","","","","","","","","","","","","","","","","","","","","","ns65.domaincontrol.com","ns66.domaincontrol.com","","","clientDeleteProhibited","clientRenewProhibited","clientTransferProhibited","clientUpdateProhibited"
"35","zzolboo13.com","2020-05-10 04:06:42","2020-05-08","2020-05-08","2021-05-08","69","Tucows Domains Inc.","whois.tucows.com","http://domainhelp.opensrs.net","REDACTED FOR PRIVACY","REDACTED FOR PRIVACY","REDACTED FOR PRIVACY","REDACTED FOR PRIVACY","Charlestown","REDACTED FOR PRIVACY","Saint Kitts and Nevis","","REDACTED FOR PRIVACY","REDACTED FOR PRIVACY","REDACTED FOR PRIVACY","REDACTED FOR PRIVACY","REDACTED FOR PRIVACY","REDACTED FOR PRIVACY","REDACTED FOR PRIVACY","REDACTED FOR PRIVACY","REDACTED FOR PRIVACY","","REDACTED FOR PRIVACY","REDACTED FOR PRIVACY","REDACTED FOR PRIVACY","REDACTED FOR PRIVACY","REDACTED FOR PRIVACY","REDACTED FOR PRIVACY","REDACTED FOR PRIVACY","REDACTED FOR PRIVACY","REDACTED FOR PRIVACY","","REDACTED FOR PRIVACY","REDACTED FOR PRIVACY","","","","","","","","","","","dorthy.ns.cloudflare.com","rick.ns.cloudflare.com","","","clientTransferProhibited","clientUpdateProhibited","",""