"num","domain_name","query_time","create_date","update_date","expiry_date","domain_registrar_id","domain_registrar_name","domain_registrar_whois","domain_registrar_url","registrant_name","registrant_company","registrant_address","registrant_city","registrant_state","registrant_zip","registrant_country","registrant_email","registrant_phone","registrant_fax","administrative_name","administrative_company","administrative_address","administrative_city","administrative_state","administrative_zip","administrative_country","administrative_email","administrative_phone","administrative_fax","technical_name","technical_company","technical_address","technical_city","technical_state","technical_zip","technical_country","technical_email","technical_phone","technical_fax","billing_name","billing_company","billing_address","billing_city","billing_state","billing_zip","billing_country","billing_email","billing_phone","billing_fax","name_server_1","name_server_2","name_server_3","name_server_4","domain_status_1","domain_status_2","domain_status_3","domain_status_4"
"1","diamnews.com","2020-05-10 05:34:28","2020-05-07","2020-05-07","2021-05-07","1630","Ligne Web Services SARL","whois.nic.fr","http://www.ait.com","tip","tip","","","","","Senegal","d27acef6163dad9a8e5170a4b35461e0@whois-anonymous.com","","","tip","tip","","","","","Senegal","d27acef6163dad9a8e5170a4b35461e0@whois-anonymous.com","","","tip","tip","","","","","Senegal","d27acef6163dad9a8e5170a4b35461e0@whois-anonymous.com","","","tip","tip","","","","","Senegal","d27acef6163dad9a8e5170a4b35461e0@whois-anonymous.com","","","","","","","More","clientTransferProhibited","informations","on"
"2","djollofmarket.com","2020-05-10 02:05:36","2020-05-08","2020-05-08","2021-05-08","106","Ascio Technologies, Inc. Danmark - Filial af Ascio technologies, Inc. USA","whois.ascio.com","http://www.ascio.com","Not Disclosed","Not Disclosed","Not Disclosed","Not Disclosed","Dakar","Not Disclosed","Senegal","","Not Disclosed","Not Disclosed","Not Disclosed","Not Disclosed","Not Disclosed","Not Disclosed","Not Disclosed","Not Disclosed","Not Disclosed","","Not Disclosed","Not Disclosed","Not Disclosed","Not Disclosed","Not Disclosed","Not Disclosed","Not Disclosed","Not Disclosed","Not Disclosed","","Not Disclosed","Not Disclosed","","","","","","","","","","","ns1.ascio.com","ns2.ascio.com","ns3.ascio.com","ns4.ascio.com","OK","","",""
"3","elanconsultinggroup.com","2020-05-10 02:25:32","2020-05-08","2020-05-08","2021-05-08","433","OVH sas","whois.ovh.com","http://www.ovh.com","REDACTED FOR PRIVACY","","REDACTED FOR PRIVACY","REDACTED FOR PRIVACY","","REDACTED FOR PRIVACY","Senegal","7ocoesuhylnuyssc4ufm@g.o-w-o.info","REDACTED FOR PRIVACY","REDACTED FOR PRIVACY","REDACTED FOR PRIVACY","REDACTED FOR PRIVACY","REDACTED FOR PRIVACY","REDACTED FOR PRIVACY","REDACTED FOR PRIVACY","REDACTED FOR PRIVACY","REDACTED FOR PRIVACY","n714pry3ck3gow2f4bm8@k.o-w-o.info","REDACTED FOR PRIVACY","REDACTED FOR PRIVACY","REDACTED FOR PRIVACY","REDACTED FOR PRIVACY","REDACTED FOR PRIVACY","REDACTED FOR PRIVACY","REDACTED FOR PRIVACY","REDACTED FOR PRIVACY","REDACTED FOR PRIVACY","n714pry3ck3gow2f4bm8@k.o-w-o.info","REDACTED FOR PRIVACY","REDACTED FOR PRIVACY","","","","","","","","","","","dns110.ovh.net","ns110.ovh.net","","","clientDeleteProhibited","clientTransferProhibited","",""
"4","ffbyfifitafall.com","2020-05-10 02:57:34","2020-05-08","2020-05-08","2021-05-08","1630","Ligne Web Services SARL","whois.nic.fr","http://www.ait.com","","","","","","","Senegal","88fbddab4181749463be4304f34e8925@whois-anonymous.com","","","","","","","","","Senegal","88fbddab4181749463be4304f34e8925@whois-anonymous.com","","","","","","","","","Senegal","88fbddab4181749463be4304f34e8925@whois-anonymous.com","","","","","","","","","Senegal","88fbddab4181749463be4304f34e8925@whois-anonymous.com","","","","","","","More","clientTransferProhibited","informations","on"
"5","frederique-landrieu-hypnose.com","2020-05-10 03:33:32","2020-05-07","2020-05-07","2021-05-07","74","Online SAS","whois.bookmyname.com","http://www.bookmyname.com","REDACTED FOR PRIVACY","","REDACTED FOR PRIVACY","REDACTED FOR PRIVACY","","REDACTED FOR PRIVACY","Senegal","cac79949d2517387.1561906@spamfree.bookmyname.com","REDACTED FOR PRIVACY","REDACTED FOR PRIVACY","Alexandre YEPES","O2SWITCH","222 Boulevard Gustave Flaubert, For Customer","CLERMONT FERRAND","","63000","France","dns-nospam@o2switch.fr","+33.444446040","+33.444446041","Alexandre YEPES","O2SWITCH","222 Boulevard Gustave Flaubert, For Customer","CLERMONT FERRAND","","63000","France","dns-nospam@o2switch.fr","+33.444446040","+33.444446041","","","","","","","","","","","ns1.o2switch.net","ns2.o2switch.net","","","clientTransferProhibited","","",""
"6","getras-btp.com","2020-05-10 05:13:42","2020-05-08","2020-05-08","2021-05-08","1630","Ligne Web Services SARL","whois.nic.fr","http://www.ait.com","THIOUM ABDOU","","espace residences","DAKAR","","22000","Senegal","business.consulting.senegal@gmail.com","+221.782927292","","THIOUM ABDOU","","espace residences","DAKAR","","22000","Senegal","business.consulting.senegal@gmail.com","+221.782927292","","THIOUM ABDOU","","espace residences","DAKAR","","22000","Senegal","business.consulting.senegal@gmail.com","+221.782927292","","THIOUM ABDOU","","espace residences","DAKAR","","22000","Senegal","business.consulting.senegal@gmail.com","+221.782927292","","ns5.lwsdns.com","ns6.lwsdns.com","ns7.lwsdns.com","ns8.lwsdns.com","More","clientTransferProhibited","informations","on"
"7","kaboudelivery.com","2020-05-10 03:10:16","2020-05-08","2020-05-08","2021-05-08","3240","Infomaniak Network SA","","","REDACTED FOR PRIVACY","","REDACTED FOR PRIVACY","REDACTED FOR PRIVACY","","REDACTED FOR PRIVACY","Senegal","","REDACTED FOR PRIVACY","REDACTED FOR PRIVACY","REDACTED FOR PRIVACY","","REDACTED FOR PRIVACY","REDACTED FOR PRIVACY","","REDACTED FOR PRIVACY","Senegal","","REDACTED FOR PRIVACY","REDACTED FOR PRIVACY","REDACTED FOR PRIVACY","","REDACTED FOR PRIVACY","REDACTED FOR PRIVACY","","REDACTED FOR PRIVACY","Senegal","","REDACTED FOR PRIVACY","REDACTED FOR PRIVACY","REDACTED FOR PRIVACY","","REDACTED FOR PRIVACY","REDACTED FOR PRIVACY","","REDACTED FOR PRIVACY","Senegal","","REDACTED FOR PRIVACY","REDACTED FOR PRIVACY","ns31.infomaniak.com","ns32.infomaniak.com","","","clientTransferProhibited","ok","",""
"8","legroupeepi.com","2020-05-10 05:03:56","2020-05-08","2020-05-08","2021-05-08","1630","Ligne Web Services SARL","whois.nic.fr","http://www.ait.com","EPI SA","EPI SA","","","","","Senegal","68a8457dcafcf99dcabbd638b24afd58@whois-anonymous.com","","","EPI SA","EPI SA","","","","","Senegal","68a8457dcafcf99dcabbd638b24afd58@whois-anonymous.com","","","EPI SA","EPI SA","","","","","Senegal","68a8457dcafcf99dcabbd638b24afd58@whois-anonymous.com","","","EPI SA","EPI SA","","","","","Senegal","68a8457dcafcf99dcabbd638b24afd58@whois-anonymous.com","","","","","","","More","clientTransferProhibited","informations","on"
"9","locaticsgroup.com","2020-05-10 02:04:19","2020-05-08","2020-05-08","2021-05-08","106","Ascio Technologies, Inc. Danmark - Filial af Ascio technologies, Inc. USA","whois.ascio.com","http://www.ascio.com","Not Disclosed","Not Disclosed","Not Disclosed","Not Disclosed","Dakar","Not Disclosed","Senegal","","Not Disclosed","Not Disclosed","Not Disclosed","Not Disclosed","Not Disclosed","Not Disclosed","Not Disclosed","Not Disclosed","Not Disclosed","","Not Disclosed","Not Disclosed","Not Disclosed","Not Disclosed","Not Disclosed","Not Disclosed","Not Disclosed","Not Disclosed","Not Disclosed","","Not Disclosed","Not Disclosed","","","","","","","","","","","ns1.ascio.com","ns2.ascio.com","ns3.ascio.com","ns4.ascio.com","OK","","",""
"10","ormedglobal.com","2020-05-10 02:56:26","2020-05-08","2020-05-08","2021-05-08","433","OVH sas","whois.ovh.com","http://www.ovh.com","REDACTED FOR PRIVACY","ORMED","REDACTED FOR PRIVACY","REDACTED FOR PRIVACY","","REDACTED FOR PRIVACY","Senegal","dtjpz0ytnc8apqj3117x@e.o-w-o.info","REDACTED FOR PRIVACY","REDACTED FOR PRIVACY","REDACTED FOR PRIVACY","REDACTED FOR PRIVACY","REDACTED FOR PRIVACY","REDACTED FOR PRIVACY","REDACTED FOR PRIVACY","REDACTED FOR PRIVACY","REDACTED FOR PRIVACY","5kjrt9v5sonkgy22e81a@x.o-w-o.info","REDACTED FOR PRIVACY","REDACTED FOR PRIVACY","REDACTED FOR PRIVACY","REDACTED FOR PRIVACY","REDACTED FOR PRIVACY","REDACTED FOR PRIVACY","REDACTED FOR PRIVACY","REDACTED FOR PRIVACY","REDACTED FOR PRIVACY","5kjrt9v5sonkgy22e81a@x.o-w-o.info","REDACTED FOR PRIVACY","REDACTED FOR PRIVACY","","","","","","","","","","","dns110.ovh.net","ns110.ovh.net","","","clientDeleteProhibited","clientTransferProhibited","",""
"11","oukhtys.com","2020-05-10 03:44:08","2020-05-07","2020-05-08","2021-05-07","106","Ascio Technologies, Inc. Danmark - Filial af Ascio technologies, Inc. USA","whois.ascio.com","http://www.ascio.com","Not Disclosed","Not Disclosed","Not Disclosed","Not Disclosed","Dakar","Not Disclosed","Senegal","","Not Disclosed","Not Disclosed","Not Disclosed","Not Disclosed","Not Disclosed","Not Disclosed","Not Disclosed","Not Disclosed","Not Disclosed","","Not Disclosed","Not Disclosed","Not Disclosed","Not Disclosed","Not Disclosed","Not Disclosed","Not Disclosed","Not Disclosed","Not Disclosed","","Not Disclosed","Not Disclosed","","","","","","","","","","","ns1.senhebergement.com","ns2.senhebergement.com","","","OK","","",""
"12","plumlydone.com","2020-05-10 05:14:23","2020-05-07","2020-05-08","2021-05-07","81","Gandi SAS","whois.gandi.net","http://www.gandi.net","REDACTED FOR PRIVACY","Plum","REDACTED FOR PRIVACY","REDACTED FOR PRIVACY","","REDACTED FOR PRIVACY","Senegal","7984d086717062df5aaf626cf9dca603-18936249@contact.gandi.net","REDACTED FOR PRIVACY","REDACTED FOR PRIVACY","REDACTED FOR PRIVACY","REDACTED FOR PRIVACY","REDACTED FOR PRIVACY","REDACTED FOR PRIVACY","REDACTED FOR PRIVACY","REDACTED FOR PRIVACY","REDACTED FOR PRIVACY","7984d086717062df5aaf626cf9dca603-18936249@contact.gandi.net","REDACTED FOR PRIVACY","REDACTED FOR PRIVACY","REDACTED FOR PRIVACY","REDACTED FOR PRIVACY","REDACTED FOR PRIVACY","REDACTED FOR PRIVACY","REDACTED FOR PRIVACY","REDACTED FOR PRIVACY","REDACTED FOR PRIVACY","7984d086717062df5aaf626cf9dca603-18936249@contact.gandi.net","REDACTED FOR PRIVACY","REDACTED FOR PRIVACY","","","","","","","","","","","ns-181-a.gandi.net","ns-214-c.gandi.net","ns-63-b.gandi.net","","clientTransferProhibited","","",""
"13","polyge1brunei.com","2020-05-10 05:32:54","2020-05-07","2020-05-07","2021-05-07","1364","Kheweul.com SA","whois.domain-registry.nl","http://www.kheweul.com","Jude Keneth Chison","","Parcelle/ ASS","DAKAR","Dakar","00000","Senegal","ny.sc@hotmail.com","+221.706743493","","Jude Keneth Chison","","Parcelle/ ASS","DAKAR","Dakar","00000","Senegal","ny.sc@hotmail.com","+221.706743493","","Jude Keneth Chison","","Parcelle/ ASS","DAKAR","Dakar","00000","Senegal","ny.sc@hotmail.com","+221.706743493","","","","","","","","","","","","ns1.kheweul.net","ns2.kheweul.net","ns3.kheweul.net","ns4.kheweul.net","clientTransferProhibited","","",""
"14","reportagevent221.com","2020-05-10 03:31:52","2020-05-07","2020-05-07","2021-05-07","1364","Kheweul.com SA","whois.domain-registry.nl","http://www.kheweul.com","Elzocrea","Elzocrea","Dakar/senegal","Dakar","Dakar","00000","Senegal","elzocrea12@gmail.com","+221.774896815","","Elzocrea","Elzocrea","Dakar/senegal","Dakar","Dakar","00000","Senegal","elzocrea12@gmail.com","+221.774896815","","Elzocrea","Elzocrea","Dakar/senegal","Dakar","Dakar","00000","Senegal","elzocrea12@gmail.com","+221.774896815","","","","","","","","","","","","ns1.kheweul.net","ns2.kheweul.net","ns3.kheweul.net","ns4.kheweul.net","clientTransferProhibited","","",""
"15","statistikagency.com","2020-05-10 06:18:11","2020-05-08","2020-05-08","2021-05-08","106","Ascio Technologies, Inc. Danmark - Filial af Ascio technologies, Inc. USA","whois.ascio.com","http://www.ascio.com","Not Disclosed","Not Disclosed","Not Disclosed","Not Disclosed","Saint-louis","Not Disclosed","Senegal","","Not Disclosed","Not Disclosed","Not Disclosed","Not Disclosed","Not Disclosed","Not Disclosed","Not Disclosed","Not Disclosed","Not Disclosed","","Not Disclosed","Not Disclosed","Not Disclosed","Not Disclosed","Not Disclosed","Not Disclosed","Not Disclosed","Not Disclosed","Not Disclosed","","Not Disclosed","Not Disclosed","","","","","","","","","","","ns1.senhebergement.com","ns2.senhebergement.com","","","OK","","",""
"16","thepremiumbeauty.com","2020-05-10 03:08:28","2020-05-08","2020-05-08","2021-05-08","146","GoDaddy.com, LLC","whois.godaddy.com","http://registrar.godaddy.com","","","","","dakar","","Senegal","","","","","","","","","","","","","","","","","","","","","","","","","","","","","","","","","","ns33.domaincontrol.com","ns34.domaincontrol.com","","","clientDeleteProhibited","clientRenewProhibited","clientTransferProhibited","clientUpdateProhibited"
"17","weprintsn.com","2020-05-10 05:45:51","2020-05-07","2020-05-07","2021-05-07","1630","Ligne Web Services SARL","whois.nic.fr","http://www.ait.com","","","","","","","Senegal","dd5827cd387ae83709754074be4ea8ca@whois-anonymous.com","","","","","","","","","Senegal","dd5827cd387ae83709754074be4ea8ca@whois-anonymous.com","","","","","","","","","Senegal","dd5827cd387ae83709754074be4ea8ca@whois-anonymous.com","","","","","","","","","Senegal","dd5827cd387ae83709754074be4ea8ca@whois-anonymous.com","","","","","","","More","clientTransferProhibited","informations","on"