"num","domain_name","query_time","create_date","update_date","expiry_date","domain_registrar_id","domain_registrar_name","domain_registrar_whois","domain_registrar_url","registrant_name","registrant_company","registrant_address","registrant_city","registrant_state","registrant_zip","registrant_country","registrant_email","registrant_phone","registrant_fax","administrative_name","administrative_company","administrative_address","administrative_city","administrative_state","administrative_zip","administrative_country","administrative_email","administrative_phone","administrative_fax","technical_name","technical_company","technical_address","technical_city","technical_state","technical_zip","technical_country","technical_email","technical_phone","technical_fax","billing_name","billing_company","billing_address","billing_city","billing_state","billing_zip","billing_country","billing_email","billing_phone","billing_fax","name_server_1","name_server_2","name_server_3","name_server_4","domain_status_1","domain_status_2","domain_status_3","domain_status_4"
"1","bmwservisbeograd.com","2020-05-10 04:24:16","2020-05-08","2020-05-08","2021-05-08","146","GoDaddy.com, LLC","whois.godaddy.com","http://registrar.godaddy.com","","","","","serbia","","Serbia","","","","","","","","","","","","","","","","","","","","","","","","","","","","","","","","","","ns5.hosting022.com","ns6.hosting022.com","","","clientDeleteProhibited","clientRenewProhibited","clientTransferProhibited","clientUpdateProhibited"
"2","bphomemodular.com","2020-05-10 02:06:50","2020-05-08","2020-05-08","2022-05-08","146","GoDaddy.com, LLC","whois.godaddy.com","http://registrar.godaddy.com","","","","","Kosovo","","Serbia","","","","","","","","","","","","","","","","","","","","","","","","","","","","","","","","","","ns03.domaincontrol.com","ns04.domaincontrol.com","","","clientDeleteProhibited","clientRenewProhibited","clientTransferProhibited","clientUpdateProhibited"
"3","bphomevillage.com","2020-05-10 06:25:35","2020-05-08","2020-05-08","2022-05-08","146","GoDaddy.com, LLC","whois.godaddy.com","http://registrar.godaddy.com","","","","","Kosovo","","Serbia","","","","","","","","","","","","","","","","","","","","","","","","","","","","","","","","","","ns03.domaincontrol.com","ns04.domaincontrol.com","","","clientDeleteProhibited","clientRenewProhibited","clientTransferProhibited","clientUpdateProhibited"
"4","demi-d.com","2020-05-10 04:11:20","2020-05-08","2020-05-08","2021-05-08","146","GoDaddy.com, LLC","whois.godaddy.com","http://registrar.godaddy.com","","","","","Zajecarski Okrug","","Serbia","","","","","","","","","","","","","","","","","","","","","","","","","","","","","","","","","","ns51.domaincontrol.com","ns52.domaincontrol.com","","","clientDeleteProhibited","clientRenewProhibited","clientTransferProhibited","clientUpdateProhibited"
"5","djina-teks.com","2020-05-10 04:26:09","2020-05-08","2020-05-08","2021-05-08","106","Ascio Technologies, Inc. Danmark - Filial af Ascio technologies, Inc. USA","whois.ascio.com","http://www.ascio.com","Not Disclosed","Not Disclosed","Not Disclosed","Not Disclosed","","Not Disclosed","Serbia","","Not Disclosed","Not Disclosed","Not Disclosed","Not Disclosed","Not Disclosed","Not Disclosed","Not Disclosed","Not Disclosed","Not Disclosed","","Not Disclosed","Not Disclosed","Not Disclosed","Not Disclosed","Not Disclosed","Not Disclosed","Not Disclosed","Not Disclosed","Not Disclosed","","Not Disclosed","Not Disclosed","","","","","","","","","","","ns1.loopia.se","ns2.loopia.se","","","OK","","",""
"6","drandjic.com","2020-05-10 04:07:42","2020-05-08","2020-05-08","2021-05-08","106","Ascio Technologies, Inc. Danmark - Filial af Ascio technologies, Inc. USA","whois.ascio.com","http://www.ascio.com","Not Disclosed","Not Disclosed","Not Disclosed","Not Disclosed","","Not Disclosed","Serbia","","Not Disclosed","Not Disclosed","Not Disclosed","Not Disclosed","Not Disclosed","Not Disclosed","Not Disclosed","Not Disclosed","Not Disclosed","","Not Disclosed","Not Disclosed","Not Disclosed","Not Disclosed","Not Disclosed","Not Disclosed","Not Disclosed","Not Disclosed","Not Disclosed","","Not Disclosed","Not Disclosed","","","","","","","","","","","ns1.loopia.se","ns2.loopia.se","","","OK","","",""
"7","ecomadcopy.com","2020-05-10 04:49:43","2020-05-08","2020-05-08","2021-05-08","146","GoDaddy.com, LLC","whois.godaddy.com","http://registrar.godaddy.com","Work","Work","","","Juzno-Backi Okrug","","Serbia","","","","","","","","","","","","","","","","","","","","","","","","","","","","","","","","","","ns57.domaincontrol.com","ns58.domaincontrol.com","","","clientDeleteProhibited","clientRenewProhibited","clientTransferProhibited","clientUpdateProhibited"
"8","gamesquarters.com","2020-05-10 03:44:25","2020-05-07","2020-05-07","2022-05-07","146","GoDaddy.com, LLC","whois.godaddy.com","http://registrar.godaddy.com","","","","","serbia","","Serbia","","","","","","","","","","","","","","","","","","","","","","","","","","","","","","","","","","ns33.domaincontrol.com","ns34.domaincontrol.com","","","clientDeleteProhibited","clientRenewProhibited","clientTransferProhibited","clientUpdateProhibited"
"9","gazetafleta.com","2020-05-10 04:29:18","2020-05-08","2020-05-08","2021-05-08","146","GoDaddy.com, LLC","whois.godaddy.com","http://registrar.godaddy.com","Gazeta Fleta","Gazeta Fleta","","","Kosova","","Serbia","","","","","","","","","","","","","","","","","","","","","","","","","","","","","","","","","","ns03.domaincontrol.com","ns04.domaincontrol.com","","","clientDeleteProhibited","clientRenewProhibited","clientTransferProhibited","clientUpdateProhibited"
"10","it-wellen.com","2020-05-10 03:54:31","2020-05-07","2020-05-07","2021-05-07","146","GoDaddy.com, LLC","whois.godaddy.com","http://registrar.godaddy.com","","","","","serbia","","Serbia","","","","","","","","","","","","","","","","","","","","","","","","","","","","","","","","","","ns33.domaincontrol.com","ns34.domaincontrol.com","","","clientDeleteProhibited","clientRenewProhibited","clientTransferProhibited","clientUpdateProhibited"
"11","izawierzbicka.com","2020-05-10 03:00:45","2020-05-08","2020-05-08","2021-05-08","440","Wild West Domains, LLC","whois.wildwestdomains.com","http://www.wildwestdomains.com","","","","","Grad Beograd","","Serbia","","","","","","","","","","","","","","","","","","","","","","","","","","","","","","","","","","ns65.domaincontrol.com","ns66.domaincontrol.com","","","clientDeleteProhibited","clientRenewProhibited","clientTransferProhibited","clientUpdateProhibited"
"12","komodini.com","2020-05-10 03:14:50","2020-05-08","2020-05-08","2021-05-08","106","Ascio Technologies, Inc. Danmark - Filial af Ascio technologies, Inc. USA","whois.ascio.com","http://www.ascio.com","Not Disclosed","Not Disclosed","Not Disclosed","Not Disclosed","","Not Disclosed","Serbia","","Not Disclosed","Not Disclosed","Not Disclosed","Not Disclosed","Not Disclosed","Not Disclosed","Not Disclosed","Not Disclosed","Not Disclosed","","Not Disclosed","Not Disclosed","Not Disclosed","Not Disclosed","Not Disclosed","Not Disclosed","Not Disclosed","Not Disclosed","Not Disclosed","","Not Disclosed","Not Disclosed","","","","","","","","","","","ns1.loopia.se","ns2.loopia.se","","","OK","","",""
"13","ladihasbjelkier.com","2020-05-10 05:42:42","2020-05-07","2020-05-07","2025-05-07","48","eNom, Inc.","whois.enom.com","http://www.enom.com","REDACTED FOR PRIVACY","REDACTED FOR PRIVACY","REDACTED FOR PRIVACY","REDACTED FOR PRIVACY","Vojvodina","REDACTED FOR PRIVACY","Serbia","","REDACTED FOR PRIVACY","REDACTED FOR PRIVACY","REDACTED FOR PRIVACY","REDACTED FOR PRIVACY","REDACTED FOR PRIVACY","REDACTED FOR PRIVACY","REDACTED FOR PRIVACY","REDACTED FOR PRIVACY","REDACTED FOR PRIVACY","","REDACTED FOR PRIVACY","REDACTED FOR PRIVACY","REDACTED FOR PRIVACY","REDACTED FOR PRIVACY","REDACTED FOR PRIVACY","REDACTED FOR PRIVACY","REDACTED FOR PRIVACY","REDACTED FOR PRIVACY","REDACTED FOR PRIVACY","","REDACTED FOR PRIVACY","REDACTED FOR PRIVACY","","","","","","","","","","","logan.ns.cloudflare.com","maya.ns.cloudflare.com","","","addPeriod","clientTransferProhibited","",""
"14","licnikuvar.com","2020-05-10 04:17:25","2020-05-08","2020-05-08","2021-05-08","303","PDR Ltd. d/b/a PublicDomainRegistry.com","whois.publicdomainregistry.com","http://www.publicdomainregistry.com","Mihailo Milojevic","CodeIT","Palih boraca 28","Beograd","Rakovica","11231","Serbia","admin@codeit.rs","+381.0643870196","","Mihailo Milojevic","CodeIT","Palih boraca 28","Beograd","Rakovica","11231","Serbia","admin@codeit.rs","+381.0643870196","","Mihailo Milojevic","CodeIT","Palih boraca 28","Beograd","Rakovica","11231","Serbia","admin@codeit.rs","+381.0643870196","","","","","","","","","","","","ns1623.websitewelcome.com","ns1624.websitewelcome.com","","","clientTransferProhibited","","",""
"15","ligapub.com","2020-05-10 02:58:43","2020-05-08","2020-05-08","2021-05-08","106","Ascio Technologies, Inc. Danmark - Filial af Ascio technologies, Inc. USA","whois.ascio.com","http://www.ascio.com","Not Disclosed","Not Disclosed","Not Disclosed","Not Disclosed","","Not Disclosed","Serbia","","Not Disclosed","Not Disclosed","Not Disclosed","Not Disclosed","Not Disclosed","Not Disclosed","Not Disclosed","Not Disclosed","Not Disclosed","","Not Disclosed","Not Disclosed","Not Disclosed","Not Disclosed","Not Disclosed","Not Disclosed","Not Disclosed","Not Disclosed","Not Disclosed","","Not Disclosed","Not Disclosed","","","","","","","","","","","ns1.loopia.se","ns2.loopia.se","","","OK","","",""
"16","magacinreci.com","2020-05-10 05:34:40","2020-05-07","2020-05-07","2021-05-07","303","PDR Ltd. d/b/a PublicDomainRegistry.com","whois.publicdomainregistry.com","http://www.publicdomainregistry.com","Milan Vranes","FusionIdea - Agencija za Racunarsko Programiranje","Gogoljeva 13a/17","Novi Sad","Vojvodina","21000","Serbia","design@fusionidea.com","+381.0628945256","","Milan Vranes","FusionIdea - Agencija za Racunarsko Programiranje","Gogoljeva 13a/17","Novi Sad","Vojvodina","21000","Serbia","design@fusionidea.com","+381.0628945256","","Milan Vranes","FusionIdea - Agencija za Racunarsko Programiranje","Gogoljeva 13a/17","Novi Sad","Vojvodina","21000","Serbia","design@fusionidea.com","+381.0628945256","","","","","","","","","","","","dns1.dwhost.net","dns2.dwhost.net","dns3.dwhost.net","","clientTransferProhibited","","",""
"17","maskmonde.com","2020-05-10 02:22:37","2020-05-07","2020-05-07","2021-05-07","146","GoDaddy.com, LLC","whois.godaddy.com","http://registrar.godaddy.com","Xbrand","Xbrand","","","Bujanovac","","Serbia","","","","","","","","","","","","","","","","","","","","","","","","","","","","","","","","","","ns65.domaincontrol.com","ns66.domaincontrol.com","","","clientDeleteProhibited","clientRenewProhibited","clientTransferProhibited","clientUpdateProhibited"
"18","metalsy.com","2020-05-10 04:11:30","2020-05-08","2020-05-08","2021-05-08","2","Network Solutions, LLC","whois.networksolutions.com","http://networksolutions.com","Nikolic, Bratislav","","Brace Srnic 39","Belgrade","Serbia","11000","Serbia","luxebit@gmail.com","+381638053085","","Nikolic, Bratislav","","Brace Srnic 39","Belgrade","Serbia","11000","Serbia","luxebit@gmail.com","+381638053085","","Nikolic, Bratislav","","Brace Srnic 39","Belgrade","Serbia","11000","Serbia","luxebit@gmail.com","+381638053085","","","","","","","","","","","","ns3.afternic.com","ns4.afternic.com","","","clientTransferProhibited","","",""
"19","mtnmountainlife.com","2020-05-10 05:39:39","2020-05-07","2020-05-07","2021-05-07","146","GoDaddy.com, LLC","whois.godaddy.com","http://registrar.godaddy.com","","","","","Kosovo i Metohija","","Serbia","","","","","","","","","","","","","","","","","","","","","","","","","","","","","","","","","","ns1.mywahosting.com","ns2.mywahosting.com","","","clientDeleteProhibited","clientRenewProhibited","clientTransferProhibited","clientUpdateProhibited"
"20","nbaconstruction.com","2020-05-10 02:03:03","2020-05-08","2020-05-08","2021-05-08","303","PDR Ltd. d/b/a PublicDomainRegistry.com","whois.publicdomainregistry.com","http://www.publicdomainregistry.com","Boban Jordanov","Boban Jordanov","34 avenue daniel falempin","Paris","France","93240","Serbia","bojanmark89@gmail.com","+33.668652378","","Boban Jordanov","Boban Jordanov","34 avenue daniel falempin","Paris","France","93240","Serbia","bojanmark89@gmail.com","+33.668652378","","Boban Jordanov","Boban Jordanov","34 avenue daniel falempin","Paris","France","93240","Serbia","bojanmark89@gmail.com","+33.668652378","","","","","","","","","","","","ns1.dns-parking.com","ns2.dns-parking.com","","","clientTransferProhibited","","",""
"21","one-step-forward.com","2020-05-10 06:17:11","2020-05-08","2020-05-08","2021-05-08","1441","TurnCommerce, Inc. DBA NameBright.com","whois.namebright.com","http://www.namebright.com","Redacted for GDPR privacy","","Redacted for GDPR privacy","Redacted for GDPR privacy","SE","Redacted for GDPR privacy","Serbia","","Redacted for GDPR privacy","Redacted for GDPR privacy","Redacted for GDPR privacy","Redacted for GDPR privacy","Redacted for GDPR privacy","Redacted for GDPR privacy","Redacted for GDPR privacy","Redacted for GDPR privacy","Redacted for GDPR privacy","","Redacted for GDPR privacy","Redacted for GDPR privacy","Redacted for GDPR privacy","Redacted for GDPR privacy","Redacted for GDPR privacy","Redacted for GDPR privacy","Redacted for GDPR privacy","Redacted for GDPR privacy","Redacted for GDPR privacy","","Redacted for GDPR privacy","Redacted for GDPR privacy","","","","","","","","","","","ns1.adhdns.biz","ns2.adhdns.biz","","","clientTransferProhibited","","",""
"22","radiodzuboks.com","2020-05-10 02:20:03","2020-05-07","2020-05-08","2021-05-07","1479","Namesilo, LLC","whois.namesilo.com","http://www.namesilo.com","Stefan Radic","","Kneginje Ljubice 36, Beograd","Beograd","Beograd","11158","Serbia","radiooskar@gmail.com","+381.0645777887","","Stefan Radic","","Kneginje Ljubice 36, Beograd","Beograd","Beograd","11158","Serbia","radiooskar@gmail.com","+381.0645777887","","Stefan Radic","","Kneginje Ljubice 36, Beograd","Beograd","Beograd","11158","Serbia","radiooskar@gmail.com","+381.0645777887","","","","","","","","","","","","ns1.istanco.com","ns2.istanco.com","","","clientTransferProhibited","","",""
"23","rasadniktores.com","2020-05-10 03:31:39","2020-05-08","2020-05-09","2021-05-08","1479","Namesilo, LLC","whois.namesilo.com","http://www.namesilo.com","Milan Caric","","Vojvode Stepe 357","Beograd","Srbija","11000","Serbia","caricmcar@yahoo.com","+381.0642627224","","Milan Caric","","Vojvode Stepe 357","Beograd","Srbija","11000","Serbia","caricmcar@yahoo.com","+381.0642627224","","Milan Caric","","Vojvode Stepe 357","Beograd","Srbija","11000","Serbia","caricmcar@yahoo.com","+381.0642627224","","","","","","","","","","","","ns1.nr.rs","ns2.nr.rs","","","clientTransferProhibited","","",""
"24","realitetivirtual.com","2020-05-10 02:16:50","2020-05-08","2020-05-08","2021-05-08","48","eNom, Inc.","whois.enom.com","http://www.enom.com","REDACTED FOR PRIVACY","REDACTED FOR PRIVACY","REDACTED FOR PRIVACY","REDACTED FOR PRIVACY","Kosovo","REDACTED FOR PRIVACY","Serbia","","REDACTED FOR PRIVACY","REDACTED FOR PRIVACY","REDACTED FOR PRIVACY","REDACTED FOR PRIVACY","REDACTED FOR PRIVACY","REDACTED FOR PRIVACY","REDACTED FOR PRIVACY","REDACTED FOR PRIVACY","REDACTED FOR PRIVACY","","REDACTED FOR PRIVACY","REDACTED FOR PRIVACY","REDACTED FOR PRIVACY","REDACTED FOR PRIVACY","REDACTED FOR PRIVACY","REDACTED FOR PRIVACY","REDACTED FOR PRIVACY","REDACTED FOR PRIVACY","REDACTED FOR PRIVACY","","REDACTED FOR PRIVACY","REDACTED FOR PRIVACY","","","","","","","","","","","dns1.name-services.com","dns2.name-services.com","dns3.name-services.com","dns4.name-services.com","addPeriod","clientTransferProhibited","",""
"25","respaldodeinformacion.com","2020-05-10 03:26:08","2020-05-08","2020-05-08","2021-05-08","1441","TurnCommerce, Inc. DBA NameBright.com","whois.namebright.com","http://www.namebright.com","Redacted for GDPR privacy","","Redacted for GDPR privacy","Redacted for GDPR privacy","SE","Redacted for GDPR privacy","Serbia","","Redacted for GDPR privacy","Redacted for GDPR privacy","Redacted for GDPR privacy","Redacted for GDPR privacy","Redacted for GDPR privacy","Redacted for GDPR privacy","Redacted for GDPR privacy","Redacted for GDPR privacy","Redacted for GDPR privacy","","Redacted for GDPR privacy","Redacted for GDPR privacy","Redacted for GDPR privacy","Redacted for GDPR privacy","Redacted for GDPR privacy","Redacted for GDPR privacy","Redacted for GDPR privacy","Redacted for GDPR privacy","Redacted for GDPR privacy","","Redacted for GDPR privacy","Redacted for GDPR privacy","","","","","","","","","","","ns1.adhdns.biz","ns2.adhdns.biz","","","OK","","",""
"26","romaniitimoceni.com","2020-05-10 04:00:02","2020-05-08","2020-05-08","2021-05-08","106","Ascio Technologies, Inc. Danmark - Filial af Ascio technologies, Inc. USA","whois.ascio.com","http://www.ascio.com","Not Disclosed","Not Disclosed","Not Disclosed","Not Disclosed","","Not Disclosed","Serbia","","Not Disclosed","Not Disclosed","Not Disclosed","Not Disclosed","Not Disclosed","Not Disclosed","Not Disclosed","Not Disclosed","Not Disclosed","","Not Disclosed","Not Disclosed","Not Disclosed","Not Disclosed","Not Disclosed","Not Disclosed","Not Disclosed","Not Disclosed","Not Disclosed","","Not Disclosed","Not Disclosed","","","","","","","","","","","ns1.loopia.se","ns2.loopia.se","","","OK","","",""
"27","rosemarystorytellers.com","2020-05-10 05:59:31","2020-05-07","2020-05-07","2021-05-07","69","Tucows Domains Inc.","whois.tucows.com","http://domainhelp.opensrs.net","REDACTED FOR PRIVACY","REDACTED FOR PRIVACY","REDACTED FOR PRIVACY","REDACTED FOR PRIVACY","RS","REDACTED FOR PRIVACY","Serbia","","REDACTED FOR PRIVACY","REDACTED FOR PRIVACY","REDACTED FOR PRIVACY","REDACTED FOR PRIVACY","REDACTED FOR PRIVACY","REDACTED FOR PRIVACY","REDACTED FOR PRIVACY","REDACTED FOR PRIVACY","REDACTED FOR PRIVACY","","REDACTED FOR PRIVACY","REDACTED FOR PRIVACY","REDACTED FOR PRIVACY","REDACTED FOR PRIVACY","REDACTED FOR PRIVACY","REDACTED FOR PRIVACY","REDACTED FOR PRIVACY","REDACTED FOR PRIVACY","REDACTED FOR PRIVACY","","REDACTED FOR PRIVACY","REDACTED FOR PRIVACY","","","","","","","","","","","ns1.domaindirect.rs","ns2.domaindirect.rs","","","","","",""
"28","sandrasnikolic.com","2020-05-10 05:45:37","2020-05-07","","2021-05-07","1068","NameCheap, Inc.","whois.namecheap.com","http://www.namecheap.com","Sandr Sumonja Nikolic","","Kneginje Zorke 62","Beograd","sandrasumonjanikolic@gmail.com","11000","Serbia","sandrasumonjanikolic@gmail.com","+381.642214337","","Sibin Grasic","SGi","Pozeska 106/20","Belgrade","Serbia","11000","Serbia","sibin.grasic@zool.rs","+381.648355858","","Sibin Grasic","SGi","Pozeska 106/20","Belgrade","Serbia","11000","Serbia","sibin.grasic@zool.rs","+381.648355858","","","","","","","","","","","","ns1.oblak.host","ns2.oblak.host","ns3.oblak.host","ns4.oblak.host","addPeriod","clientTransferProhibited","",""
"29","savetiarhitekte.com","2020-05-10 03:17:14","2020-05-08","2020-05-08","2021-05-08","625","Name.com, Inc.","whois.name.com","http://www.name.com","Vesna Isailovic","Vesna Isailovic","Pariske Komune 1","Belgrade","Serbia","11070","Serbia","vesnaisa@gmail.com","+381.62221781","","Vesna Isailovic","Vesna Isailovic","Pariske Komune 1","Belgrade","Serbia","11070","Serbia","vesnaisa@gmail.com","+381.62221781","","Vesna Isailovic","Vesna Isailovic","Pariske Komune 1","Belgrade","Serbia","11070","Serbia","vesnaisa@gmail.com","+381.62221781","","","","","","","","","","","","ns1dhq.name.com","ns2gtx.name.com","ns3ckl.name.com","ns4lpv.name.com","addPeriod","clientTransferProhibited","",""
"30","sebusstore.com","2020-05-10 04:17:08","2020-05-08","2020-05-08","2021-05-08","146","GoDaddy.com, LLC","whois.godaddy.com","http://registrar.godaddy.com","","","","","Zajecarski Okrug","","Serbia","","","","","","","","","","","","","","","","","","","","","","","","","","","","","","","","","","ns51.domaincontrol.com","ns52.domaincontrol.com","","","clientDeleteProhibited","clientRenewProhibited","clientTransferProhibited","clientUpdateProhibited"
"31","silkywaytrade.com","2020-05-10 04:17:16","2020-05-08","2020-05-08","2021-05-08","146","GoDaddy.com, LLC","whois.godaddy.com","http://registrar.godaddy.com","","","","","Grad Beograd","","Serbia","","","","","","","","","","","","","","","","","","","","","","","","","","","","","","","","","","ns03.domaincontrol.com","ns04.domaincontrol.com","","","clientDeleteProhibited","clientRenewProhibited","clientTransferProhibited","clientUpdateProhibited"
"32","sixsensestea.com","2020-05-10 03:32:01","2020-05-07","2020-05-07","2022-05-07","146","GoDaddy.com, LLC","whois.godaddy.com","http://registrar.godaddy.com","SmartFarms LLC","SmartFarms LLC","","","Kosovo","","Serbia","","","","","","","","","","","","","","","","","","","","","","","","","","","","","","","","","","ns51.domaincontrol.com","ns52.domaincontrol.com","","","clientDeleteProhibited","clientRenewProhibited","clientTransferProhibited","clientUpdateProhibited"
"33","south-hansa.com","2020-05-10 06:26:59","2020-05-08","2020-05-08","2021-05-08","106","Ascio Technologies, Inc. Danmark - Filial af Ascio technologies, Inc. USA","whois.ascio.com","http://www.ascio.com","Not Disclosed","Not Disclosed","Not Disclosed","Not Disclosed","","Not Disclosed","Serbia","","Not Disclosed","Not Disclosed","Not Disclosed","Not Disclosed","Not Disclosed","Not Disclosed","Not Disclosed","Not Disclosed","Not Disclosed","","Not Disclosed","Not Disclosed","Not Disclosed","Not Disclosed","Not Disclosed","Not Disclosed","Not Disclosed","Not Disclosed","Not Disclosed","","Not Disclosed","Not Disclosed","","","","","","","","","","","ns1.loopia.se","ns2.loopia.se","","","OK","","",""
"34","spacejackshop.com","2020-05-10 02:07:01","2020-05-08","2020-05-08","2021-05-08","146","GoDaddy.com, LLC","whois.godaddy.com","http://registrar.godaddy.com","","","","","Grad Beograd","","Serbia","","","","","","","","","","","","","","","","","","","","","","","","","","","","","","","","","","ns57.domaincontrol.com","ns58.domaincontrol.com","","","clientDeleteProhibited","clientRenewProhibited","clientTransferProhibited","clientUpdateProhibited"
"35","spinquarters.com","2020-05-10 03:44:14","2020-05-07","2020-05-07","2022-05-07","146","GoDaddy.com, LLC","whois.godaddy.com","http://registrar.godaddy.com","","","","","serbia","","Serbia","","","","","","","","","","","","","","","","","","","","","","","","","","","","","","","","","","ns65.domaincontrol.com","ns66.domaincontrol.com","","","clientDeleteProhibited","clientRenewProhibited","clientTransferProhibited","clientUpdateProhibited"
"36","sportskemuke.com","2020-05-10 03:08:46","2020-05-08","2020-05-08","2021-05-08","146","GoDaddy.com, LLC","whois.godaddy.com","http://registrar.godaddy.com","","","","","serbia","","Serbia","","","","","","","","","","","","","","","","","","","","","","","","","","","","","","","","","","ns1.cpanelhosting.rs","ns2.cpanelhosting.rs","","","clientDeleteProhibited","clientRenewProhibited","clientTransferProhibited","clientUpdateProhibited"
"37","stitonosa.com","2020-05-10 02:27:53","2020-05-08","2020-05-08","2021-05-08","303","PDR Ltd. d/b/a PublicDomainRegistry.com","whois.publicdomainregistry.com","http://www.publicdomainregistry.com","Nikola Jeremic","Stitonosa","Mose Pijade 6","Sremska Mitrovica","Srbija/Vojvodina/Srem","22211","Serbia","jeremicnikola97@gmail.com","+381.62460969","","Nikola Jeremic","Stitonosa","Mose Pijade 6","Sremska Mitrovica","Srbija/Vojvodina/Srem","22211","Serbia","jeremicnikola97@gmail.com","+381.62460969","","Nikola Jeremic","Stitonosa","Mose Pijade 6","Sremska Mitrovica","Srbija/Vojvodina/Srem","22211","Serbia","jeremicnikola97@gmail.com","+381.62460969","","","","","","","","","","","","ns1.dns-parking.com","ns2.dns-parking.com","","","clientTransferProhibited","","",""
"38","the-magic-pet.com","2020-05-10 05:30:19","2020-05-07","2020-05-07","2021-05-07","146","GoDaddy.com, LLC","whois.godaddy.com","http://registrar.godaddy.com","","","","","Zajecarski Okrug","","Serbia","","","","","","","","","","","","","","","","","","","","","","","","","","","","","","","","","","ns03.domaincontrol.com","ns04.domaincontrol.com","","","clientDeleteProhibited","clientRenewProhibited","clientTransferProhibited","clientUpdateProhibited"
"39","thelashxtend.com","2020-05-10 03:00:53","2020-05-08","2020-05-08","2021-05-08","146","GoDaddy.com, LLC","whois.godaddy.com","http://registrar.godaddy.com","","","","","Pomoravski Okrug","","Serbia","","","","","","","","","","","","","","","","","","","","","","","","","","","","","","","","","","ns65.domaincontrol.com","ns66.domaincontrol.com","","","clientDeleteProhibited","clientRenewProhibited","clientTransferProhibited","clientUpdateProhibited"
"40","themothercbd.com","2020-05-10 02:56:27","2020-05-08","2020-05-08","2021-05-08","146","GoDaddy.com, LLC","whois.godaddy.com","http://registrar.godaddy.com","","","","","serbia","","Serbia","","","","","","","","","","","","","","","","","","","","","","","","","","","","","","","","","","ns51.domaincontrol.com","ns52.domaincontrol.com","","","clientDeleteProhibited","clientRenewProhibited","clientTransferProhibited","clientUpdateProhibited"
"41","thepetkings.com","2020-05-10 04:11:10","2020-05-08","2020-05-08","2021-05-08","146","GoDaddy.com, LLC","whois.godaddy.com","http://registrar.godaddy.com","","","","","Zajecarski Okrug","","Serbia","","","","","","","","","","","","","","","","","","","","","","","","","","","","","","","","","","ns03.domaincontrol.com","ns04.domaincontrol.com","","","clientDeleteProhibited","clientRenewProhibited","clientTransferProhibited","clientUpdateProhibited"
"42","thepetpower.com","2020-05-10 04:10:35","2020-05-08","2020-05-08","2021-05-08","146","GoDaddy.com, LLC","whois.godaddy.com","http://registrar.godaddy.com","","","","","Zajecarski Okrug","","Serbia","","","","","","","","","","","","","","","","","","","","","","","","","","","","","","","","","","ns03.domaincontrol.com","ns04.domaincontrol.com","","","clientDeleteProhibited","clientRenewProhibited","clientTransferProhibited","clientUpdateProhibited"
"43","thewahaj.com","2020-05-10 04:10:36","2020-05-08","2020-05-08","2021-05-08","146","GoDaddy.com, LLC","whois.godaddy.com","http://registrar.godaddy.com","","","","","Zajecarski Okrug","","Serbia","","","","","","","","","","","","","","","","","","","","","","","","","","","","","","","","","","ns57.domaincontrol.com","ns58.domaincontrol.com","","","clientDeleteProhibited","clientRenewProhibited","clientTransferProhibited","clientUpdateProhibited"
"44","tshirtforfun.com","2020-05-10 03:03:27","2020-05-08","2020-05-08","2021-05-08","106","Ascio Technologies, Inc. Danmark - Filial af Ascio technologies, Inc. USA","whois.ascio.com","http://www.ascio.com","Not Disclosed","Not Disclosed","Not Disclosed","Not Disclosed","","Not Disclosed","Serbia","","Not Disclosed","Not Disclosed","Not Disclosed","Not Disclosed","Not Disclosed","Not Disclosed","Not Disclosed","Not Disclosed","Not Disclosed","","Not Disclosed","Not Disclosed","Not Disclosed","Not Disclosed","Not Disclosed","Not Disclosed","Not Disclosed","Not Disclosed","Not Disclosed","","Not Disclosed","Not Disclosed","","","","","","","","","","","ns1.loopia.se","ns2.loopia.se","","","OK","","",""
"45","ubogart.com","2020-05-10 03:14:12","2020-05-08","2020-05-08","2021-05-08","69","Tucows Domains Inc.","whois.tucows.com","http://domainhelp.opensrs.net","REDACTED FOR PRIVACY","REDACTED FOR PRIVACY","REDACTED FOR PRIVACY","REDACTED FOR PRIVACY","","REDACTED FOR PRIVACY","Serbia","","REDACTED FOR PRIVACY","REDACTED FOR PRIVACY","REDACTED FOR PRIVACY","REDACTED FOR PRIVACY","REDACTED FOR PRIVACY","REDACTED FOR PRIVACY","REDACTED FOR PRIVACY","REDACTED FOR PRIVACY","REDACTED FOR PRIVACY","","REDACTED FOR PRIVACY","REDACTED FOR PRIVACY","REDACTED FOR PRIVACY","REDACTED FOR PRIVACY","REDACTED FOR PRIVACY","REDACTED FOR PRIVACY","REDACTED FOR PRIVACY","REDACTED FOR PRIVACY","REDACTED FOR PRIVACY","","REDACTED FOR PRIVACY","REDACTED FOR PRIVACY","","","","","","","","","","","ns1.digitalocean.com","ns2.digitalocean.com","ns3.digitalocean.com","","","","",""
"46","vectorgarden.com","2020-05-10 04:10:13","2020-05-08","2020-05-08","2021-05-08","1727","Papaki Ltd.","whois.eu","http://www.papaki.gr","REDACTED FOR PRIVACY","REDACTED FOR PRIVACY","REDACTED FOR PRIVACY","REDACTED FOR PRIVACY","Srbija","REDACTED FOR PRIVACY","Serbia","","REDACTED FOR PRIVACY","REDACTED FOR PRIVACY","REDACTED FOR PRIVACY","REDACTED FOR PRIVACY","REDACTED FOR PRIVACY","REDACTED FOR PRIVACY","REDACTED FOR PRIVACY","REDACTED FOR PRIVACY","REDACTED FOR PRIVACY","","REDACTED FOR PRIVACY","REDACTED FOR PRIVACY","REDACTED FOR PRIVACY","REDACTED FOR PRIVACY","REDACTED FOR PRIVACY","REDACTED FOR PRIVACY","REDACTED FOR PRIVACY","REDACTED FOR PRIVACY","REDACTED FOR PRIVACY","","REDACTED FOR PRIVACY","REDACTED FOR PRIVACY","","","","","","","","","","","ns1.eutelnet.net","ns2.eutelnet.net","","","clientTransferProhibited","clientUpdateProhibited","",""
"47","verawaves.win","2020-05-10 08:37:33","2020-05-07","2020-05-07","2021-05-07","3775","ALIBABA.COM SINGAPORE E-COMMERCE PRIVATE LIMITED","","","private","private","","","Serbia","","Serbia","","","","","","","","","","","","","","","","","","","","","","","","","","","","","","","","","","ns8187.hostgator.com","ns8188.hostgator.com","","","addPeriod","ok","",""