"num","domain_name","query_time","create_date","update_date","expiry_date","domain_registrar_id","domain_registrar_name","domain_registrar_whois","domain_registrar_url","registrant_name","registrant_company","registrant_address","registrant_city","registrant_state","registrant_zip","registrant_country","registrant_email","registrant_phone","registrant_fax","administrative_name","administrative_company","administrative_address","administrative_city","administrative_state","administrative_zip","administrative_country","administrative_email","administrative_phone","administrative_fax","technical_name","technical_company","technical_address","technical_city","technical_state","technical_zip","technical_country","technical_email","technical_phone","technical_fax","billing_name","billing_company","billing_address","billing_city","billing_state","billing_zip","billing_country","billing_email","billing_phone","billing_fax","name_server_1","name_server_2","name_server_3","name_server_4","domain_status_1","domain_status_2","domain_status_3","domain_status_4"
"1","advanlabs.com","2020-05-10 04:14:35","2020-05-08","2020-05-08","2021-05-08","303","PDR Ltd. d/b/a PublicDomainRegistry.com","whois.publicdomainregistry.com","http://www.publicdomainregistry.com","Don Malith Chanuka Suraweera","Perfusion (Private) Limited","No. 140 2/1 0","Mount Lavinia","WP","10300","Sri Lanka","chanukasuraweera@gmail.com","+94.777144329","","Don Malith Chanuka Suraweera","Perfusion (Private) Limited","No. 140 2/1 0","Mount Lavinia","WP","10300","Sri Lanka","chanukasuraweera@gmail.com","+94.777144329","","Don Malith Chanuka Suraweera","Perfusion (Private) Limited","No. 140 2/1 0","Mount Lavinia","WP","10300","Sri Lanka","chanukasuraweera@gmail.com","+94.777144329","","","","","","","","","","","","dns54.lankahost.net","dns55.lankahost.net","","","clientTransferProhibited","","",""
"2","airxonemusikofficial.com","2020-05-10 05:26:08","2020-05-07","2020-05-07","2021-05-07","146","GoDaddy.com, LLC","whois.godaddy.com","http://registrar.godaddy.com","AirXone Musik","AirXone Musik","","","","","Sri Lanka","","","","","","","","","","","","","","","","","","","","","","","","","","","","","","","","","","ns11.ceylonservers.net","ns12.ceylonservers.net","","","clientDeleteProhibited","clientRenewProhibited","clientTransferProhibited","clientUpdateProhibited"
"3","archersecurities.com","2020-05-10 04:18:40","2020-05-08","2020-05-08","2021-05-08","146","GoDaddy.com, LLC","whois.godaddy.com","http://registrar.godaddy.com","","","","","Colombo","","Sri Lanka","","","","","","","","","","","","","","","","","","","","","","","","","","","","","","","","","","ns33.domaincontrol.com","ns34.domaincontrol.com","","","clientDeleteProhibited","clientRenewProhibited","clientTransferProhibited","clientUpdateProhibited"
"4","arkvegeandfruit.com","2020-05-10 06:23:07","2020-05-08","2020-05-08","2021-05-08","146","GoDaddy.com, LLC","whois.godaddy.com","http://registrar.godaddy.com","ark vegetable and fruit","ark vegetable and fruit","","","Puttalam","","Sri Lanka","","","","","","","","","","","","","","","","","","","","","","","","","","","","","","","","","","ns51.domaincontrol.com","ns52.domaincontrol.com","","","clientDeleteProhibited","clientRenewProhibited","clientTransferProhibited","clientUpdateProhibited"
"5","auroraoverseaseducation.com","2020-05-10 03:44:16","2020-05-07","2020-05-07","2021-05-07","146","GoDaddy.com, LLC","whois.godaddy.com","http://registrar.godaddy.com","","","","","Kandy","","Sri Lanka","","","","","","","","","","","","","","","","","","","","","","","","","","","","","","","","","","ns51.domaincontrol.com","ns52.domaincontrol.com","","","clientDeleteProhibited","clientRenewProhibited","clientTransferProhibited","clientUpdateProhibited"
"6","ayendrastanley.com","2020-05-10 05:31:13","2020-05-07","2020-05-07","2021-05-07","146","GoDaddy.com, LLC","whois.godaddy.com","http://registrar.godaddy.com","","","","","western","","Sri Lanka","","","","","","","","","","","","","","","","","","","","","","","","","","","","","","","","","","ns51.domaincontrol.com","ns52.domaincontrol.com","","","clientDeleteProhibited","clientRenewProhibited","clientTransferProhibited","clientUpdateProhibited"
"7","beruwalagemmarket.com","2020-05-10 06:29:03","2020-05-08","2020-05-08","2021-05-08","146","GoDaddy.com, LLC","whois.godaddy.com","http://registrar.godaddy.com","The Promotion Agency (pvt) LTD","The Promotion Agency (pvt) LTD","","","Colombo","","Sri Lanka","","","","","","","","","","","","","","","","","","","","","","","","","","","","","","","","","","ns51.domaincontrol.com","ns52.domaincontrol.com","","","clientDeleteProhibited","clientRenewProhibited","clientTransferProhibited","clientUpdateProhibited"
"8","beyondsapphire.com","2020-05-10 04:30:30","2020-05-08","2020-05-08","2021-05-08","3775","ALIBABA.COM SINGAPORE E-COMMERCE PRIVATE LIMITED","","","","","","","Colombo","","Sri Lanka","","","","","","","","","","","","","","","","","","","","","","","","","","","","","","","","","","ns7.alidns.com","ns8.alidns.com","","","OK","","",""
"9","bidomytour.com","2020-05-10 06:26:34","2020-05-08","2020-05-08","2021-05-08","625","Name.com, Inc.","whois.name.com","http://www.name.com","Akila Costha","","246/2, , Kalapaluwawa","Rajagiriya","Sri Lanka","10107","Sri Lanka","akilacostha@gmail.com","+94.772935176","","Akila Costha","","246/2, , Kalapaluwawa","Rajagiriya","Sri Lanka","10107","Sri Lanka","akilacostha@gmail.com","+94.772935176","","Akila Costha","","246/2, , Kalapaluwawa","Rajagiriya","Sri Lanka","10107","Sri Lanka","akilacostha@gmail.com","+94.772935176","","","","","","","","","","","","ns1kpv.name.com","ns2lns.name.com","ns3gnv.name.com","ns4cpw.name.com","addPeriod","clientTransferProhibited","",""
"10","bundlenotify.com","2020-05-10 03:44:17","2020-05-07","2020-05-07","2021-05-07","1861","Porkbun, LLC","whois.porkbun.com","http://porkbun.com","REDACTED FOR PRIVACY","","REDACTED FOR PRIVACY","REDACTED FOR PRIVACY","unknown","REDACTED FOR PRIVACY","Sri Lanka","","REDACTED FOR PRIVACY","REDACTED FOR PRIVACY","REDACTED FOR PRIVACY","REDACTED FOR PRIVACY","REDACTED FOR PRIVACY","REDACTED FOR PRIVACY","REDACTED FOR PRIVACY","REDACTED FOR PRIVACY","REDACTED FOR PRIVACY","","REDACTED FOR PRIVACY","REDACTED FOR PRIVACY","REDACTED FOR PRIVACY","REDACTED FOR PRIVACY","REDACTED FOR PRIVACY","REDACTED FOR PRIVACY","REDACTED FOR PRIVACY","REDACTED FOR PRIVACY","REDACTED FOR PRIVACY","","REDACTED FOR PRIVACY","REDACTED FOR PRIVACY","","","","","","","","","","","ns1.hostblast.net","ns2.hostblast.net","","","OK","","",""
"11","capitalaqua.com","2020-05-10 02:24:45","2020-05-08","2020-05-08","2022-05-08","146","GoDaddy.com, LLC","whois.godaddy.com","http://registrar.godaddy.com","Ceylon's Crown Corporation (PVT) LTD.","Ceylon's Crown Corporation (PVT) LTD.","","","Southern","","Sri Lanka","","","","","","","","","","","","","","","","","","","","","","","","","","","","","","","","","","ns51.domaincontrol.com","ns52.domaincontrol.com","","","clientDeleteProhibited","clientRenewProhibited","clientTransferProhibited","clientUpdateProhibited"
"12","ceylonshoppingguide.com","2020-05-10 06:29:06","2020-05-08","2020-05-08","2021-05-08","146","GoDaddy.com, LLC","whois.godaddy.com","http://registrar.godaddy.com","The Promotion Agency (pvt) LTD","The Promotion Agency (pvt) LTD","","","Colombo","","Sri Lanka","","","","","","","","","","","","","","","","","","","","","","","","","","","","","","","","","","ns57.domaincontrol.com","ns58.domaincontrol.com","","","clientDeleteProhibited","clientRenewProhibited","clientTransferProhibited","clientUpdateProhibited"
"13","cutepetty.com","2020-05-10 06:21:24","2020-05-08","2020-05-08","2021-05-08","146","GoDaddy.com, LLC","whois.godaddy.com","http://registrar.godaddy.com","CutePetty","CutePetty","","","Gampaha","","Sri Lanka","","","","","","","","","","","","","","","","","","","","","","","","","","","","","","","","","","ns03.domaincontrol.com","ns04.domaincontrol.com","","","clientDeleteProhibited","clientRenewProhibited","clientTransferProhibited","clientUpdateProhibited"
"14","desktopvaluer.com","2020-05-10 04:17:12","2020-05-08","2020-05-08","2021-05-08","146","GoDaddy.com, LLC","whois.godaddy.com","http://registrar.godaddy.com","","","","","South Asia","","Sri Lanka","","","","","","","","","","","","","","","","","","","","","","","","","","","","","","","","","","ns65.domaincontrol.com","ns66.domaincontrol.com","","","clientDeleteProhibited","clientRenewProhibited","clientTransferProhibited","clientUpdateProhibited"
"15","dhamorga.com","2020-05-10 03:56:36","2020-05-07","2020-05-07","2021-05-07","1154","FastDomain Inc.","whois.fastdomain.com","http://www.fastdomain.com","DHAMORGA PRODUCTIONS","DHAMORGA","220/A, MCWATTE, ASGIRIYA","GAMPAHA","","11000","Sri Lanka","dhamorga@gmail.com","+94.771674900","","DHAMORGA PRODUCTIONS","DHAMORGA","220/A, MCWATTE, ASGIRIYA","GAMPAHA","","11000","Sri Lanka","dhamorga@gmail.com","+94.771674900","","BLUEHOST INC","BLUEHOST.COM","550 E TIMPANOGOS PKWY","OREM","UTAH","84097","United States","domain@redl.ca","+1.8017659400","+1.8017651992","","","","","","","","","","","ns1.bluehost.com","ns2.bluehost.com","","","clientTransferProhibited","","",""
"16","dpluscreations.com","2020-05-10 03:08:13","2020-05-08","2020-05-08","2021-05-08","146","GoDaddy.com, LLC","whois.godaddy.com","http://registrar.godaddy.com","Dplus","Dplus","","","Kandy","","Sri Lanka","","","","","","","","","","","","","","","","","","","","","","","","","","","","","","","","","","ns33.domaincontrol.com","ns34.domaincontrol.com","","","clientDeleteProhibited","clientRenewProhibited","clientTransferProhibited","clientUpdateProhibited"
"17","dreamholidaytravels.com","2020-05-10 03:07:57","2020-05-08","2020-05-09","2021-05-08","1479","Namesilo, LLC","whois.namesilo.com","http://www.namesilo.com","Aruna Jayathilaka","","No.156 Ambalammulla","Seeduwa","State","11410","Sri Lanka","bosacreations@gmail.com","+94.778866915","","Aruna Jayathilaka","","No.156 Ambalammulla","Seeduwa","State","11410","Sri Lanka","bosacreations@gmail.com","+94.778866915","","Aruna Jayathilaka","","No.156 Ambalammulla","Seeduwa","State","11410","Sri Lanka","bosacreations@gmail.com","+94.778866915","","","","","","","","","","","","dns1.provider.lk","dns2.provider.lk","","","clientTransferProhibited","","",""
"18","extraview1.com","2020-05-10 06:16:55","2020-05-08","2020-05-08","2021-05-08","886","Domain.com, LLC","whois.domain.com","http://www.domain.com","REDACTED FOR PRIVACY","REDACTED FOR PRIVACY","REDACTED FOR PRIVACY","REDACTED FOR PRIVACY","NA","REDACTED FOR PRIVACY","Sri Lanka","","REDACTED FOR PRIVACY","REDACTED FOR PRIVACY","REDACTED FOR PRIVACY","REDACTED FOR PRIVACY","REDACTED FOR PRIVACY","REDACTED FOR PRIVACY","REDACTED FOR PRIVACY","REDACTED FOR PRIVACY","REDACTED FOR PRIVACY","","REDACTED FOR PRIVACY","REDACTED FOR PRIVACY","REDACTED FOR PRIVACY","REDACTED FOR PRIVACY","REDACTED FOR PRIVACY","REDACTED FOR PRIVACY","REDACTED FOR PRIVACY","REDACTED FOR PRIVACY","REDACTED FOR PRIVACY","","REDACTED FOR PRIVACY","REDACTED FOR PRIVACY","","","","","","","","","","","ns1.domain.com","ns2.domain.com","","","","","",""
"19","farmdroplk.com","2020-05-10 04:16:18","2020-05-08","2020-05-08","2021-05-08","303","PDR Ltd. d/b/a PublicDomainRegistry.com","whois.publicdomainregistry.com","http://www.publicdomainregistry.com","Chinthaka Amarabandu","Golden Harvest Agro Park PVT LTD","Thelulla Janapadaya, Thelulla 0","Thelulla","Western","00100","Sri Lanka","goldenharvestagropark@gmail.com","+94.0776994049","","Chinthaka Amarabandu","Golden Harvest Agro Park PVT LTD","Thelulla Janapadaya, Thelulla 0","Thelulla","Western","00100","Sri Lanka","goldenharvestagropark@gmail.com","+94.0776994049","","Chinthaka Amarabandu","Golden Harvest Agro Park PVT LTD","Thelulla Janapadaya, Thelulla 0","Thelulla","Western","00100","Sri Lanka","goldenharvestagropark@gmail.com","+94.0776994049","","","","","","","","","","","","ns1.lankahost.net","ns2.lankahost.net","","","clientTransferProhibited","","",""
"20","fishcatalogue.com","2020-05-10 02:11:19","2020-05-07","2020-05-08","2021-05-07","886","Domain.com, LLC","whois.domain.com","http://www.domain.com","REDACTED FOR PRIVACY","REDACTED FOR PRIVACY","REDACTED FOR PRIVACY","REDACTED FOR PRIVACY","NA","REDACTED FOR PRIVACY","Sri Lanka","","REDACTED FOR PRIVACY","REDACTED FOR PRIVACY","REDACTED FOR PRIVACY","REDACTED FOR PRIVACY","REDACTED FOR PRIVACY","REDACTED FOR PRIVACY","REDACTED FOR PRIVACY","REDACTED FOR PRIVACY","REDACTED FOR PRIVACY","","REDACTED FOR PRIVACY","REDACTED FOR PRIVACY","REDACTED FOR PRIVACY","REDACTED FOR PRIVACY","REDACTED FOR PRIVACY","REDACTED FOR PRIVACY","REDACTED FOR PRIVACY","REDACTED FOR PRIVACY","REDACTED FOR PRIVACY","","REDACTED FOR PRIVACY","REDACTED FOR PRIVACY","","","","","","","","","","","ns1.digitalocean.com","ns2.digitalocean.com","ns3.digitalocean.com","","","","",""
"21","freetutorialportal.com","2020-05-10 05:06:57","2020-05-08","2020-05-08","2021-05-08","303","PDR Ltd. d/b/a PublicDomainRegistry.com","whois.publicdomainregistry.com","http://www.publicdomainregistry.com","Nishan Jayasekara","","No126, Anhandiya,Rathgama","Galle","southern","80260","Sri Lanka","nishanmjayasekara@gmail.com","+94.771715236","","Nishan Jayasekara","","No126, Anhandiya,Rathgama","Galle","southern","80260","Sri Lanka","nishanmjayasekara@gmail.com","+94.771715236","","Nishan Jayasekara","","No126, Anhandiya,Rathgama","Galle","southern","80260","Sri Lanka","nishanmjayasekara@gmail.com","+94.771715236","","","","","","","","","","","","dns.pvtwebs.com","dns1.pvtwebs.com","","","clientTransferProhibited","","",""
"22","frozenicecreamsl.com","2020-05-10 03:15:46","2020-05-08","2020-05-08","2021-05-08","303","PDR Ltd. d/b/a PublicDomainRegistry.com","whois.publicdomainregistry.com","http://www.publicdomainregistry.com","Soraya De Zoysa De zoysa","Frozen confectioneries","14/10 sri Jinaratana road","Colombo 2","WP","12500","Sri Lanka","soraya@bpdesilvasl.com","+94.773658635","","Soraya De Zoysa De zoysa","Frozen confectioneries","14/10 sri Jinaratana road","Colombo 2","WP","12500","Sri Lanka","soraya@bpdesilvasl.com","+94.773658635","","Soraya De Zoysa De zoysa","Frozen confectioneries","14/10 sri Jinaratana road","Colombo 2","WP","12500","Sri Lanka","soraya@bpdesilvasl.com","+94.773658635","","","","","","","","","","","","ns1.ozonedesk.cloud","ns2.ozonedesk.cloud","","","clientTransferProhibited","","",""
"23","goodpuppys.com","2020-05-10 05:34:46","2020-05-07","2020-05-07","2021-05-07","146","GoDaddy.com, LLC","whois.godaddy.com","http://registrar.godaddy.com","Studio Dream Eye","Studio Dream Eye","","","Kalutara","","Sri Lanka","","","","","","","","","","","","","","","","","","","","","","","","","","","","","","","","","","ns65.domaincontrol.com","ns66.domaincontrol.com","","","clientDeleteProhibited","clientRenewProhibited","clientTransferProhibited","clientUpdateProhibited"
"24","handiyekade.com","2020-05-10 04:28:49","2020-05-08","2020-05-08","2021-05-08","146","GoDaddy.com, LLC","whois.godaddy.com","http://registrar.godaddy.com","eravlk","eravlk","","","Negambo","","Sri Lanka","","","","","","","","","","","","","","","","","","","","","","","","","","","","","","","","","","ns51.domaincontrol.com","ns52.domaincontrol.com","","","clientDeleteProhibited","clientRenewProhibited","clientTransferProhibited","clientUpdateProhibited"
"25","hasinidusteamricemill.com","2020-05-10 06:17:56","2020-05-08","2020-05-08","2021-05-08","48","eNom, Inc.","whois.enom.com","http://www.enom.com","REDACTED FOR PRIVACY","REDACTED FOR PRIVACY","REDACTED FOR PRIVACY","REDACTED FOR PRIVACY","Gampaha","REDACTED FOR PRIVACY","Sri Lanka","","REDACTED FOR PRIVACY","REDACTED FOR PRIVACY","REDACTED FOR PRIVACY","REDACTED FOR PRIVACY","REDACTED FOR PRIVACY","REDACTED FOR PRIVACY","REDACTED FOR PRIVACY","REDACTED FOR PRIVACY","REDACTED FOR PRIVACY","","REDACTED FOR PRIVACY","REDACTED FOR PRIVACY","REDACTED FOR PRIVACY","REDACTED FOR PRIVACY","REDACTED FOR PRIVACY","REDACTED FOR PRIVACY","REDACTED FOR PRIVACY","REDACTED FOR PRIVACY","REDACTED FOR PRIVACY","","REDACTED FOR PRIVACY","REDACTED FOR PRIVACY","","","","","","","","","","","ns1.webhostsrilanka.com","ns2.webhostsrilanka.com","","","addPeriod","clientTransferProhibited","",""
"26","help2seniors.com","2020-05-10 06:21:19","2020-05-08","2020-05-08","2021-05-08","69","Tucows Domains Inc.","whois.tucows.com","http://domainhelp.opensrs.net","REDACTED FOR PRIVACY","REDACTED FOR PRIVACY","REDACTED FOR PRIVACY","REDACTED FOR PRIVACY","Western","REDACTED FOR PRIVACY","Sri Lanka","","REDACTED FOR PRIVACY","REDACTED FOR PRIVACY","REDACTED FOR PRIVACY","REDACTED FOR PRIVACY","REDACTED FOR PRIVACY","REDACTED FOR PRIVACY","REDACTED FOR PRIVACY","REDACTED FOR PRIVACY","REDACTED FOR PRIVACY","","REDACTED FOR PRIVACY","REDACTED FOR PRIVACY","REDACTED FOR PRIVACY","REDACTED FOR PRIVACY","REDACTED FOR PRIVACY","REDACTED FOR PRIVACY","REDACTED FOR PRIVACY","REDACTED FOR PRIVACY","REDACTED FOR PRIVACY","","REDACTED FOR PRIVACY","REDACTED FOR PRIVACY","","","","","","","","","","","dns2047a.trouble-free.net","dns2047b.trouble-free.net","","","","","",""
"27","igniroits.com","2020-05-10 02:22:11","2020-05-07","2020-05-07","2021-05-07","146","GoDaddy.com, LLC","whois.godaddy.com","http://registrar.godaddy.com","","","","","western","","Sri Lanka","","","","","","","","","","","","","","","","","","","","","","","","","","","","","","","","","","ns5.ruu.cloud","ns6.ruu.cloud","","","clientDeleteProhibited","clientRenewProhibited","clientTransferProhibited","clientUpdateProhibited"
"28","inboxvid.com","2020-05-10 04:17:27","2020-05-08","2020-05-08","2021-05-08","146","GoDaddy.com, LLC","whois.godaddy.com","http://registrar.godaddy.com","","","","","Colombo","","Sri Lanka","","","","","","","","","","","","","","","","","","","","","","","","","","","","","","","","","","ns-cloud-e1.googledomains.com","ns-cloud-e2.googledomains.com","ns-cloud-e3.googledomains.com","ns-cloud-e4.googledomains.com","clientDeleteProhibited","clientRenewProhibited","clientTransferProhibited","clientUpdateProhibited"
"29","jakibaonline.com","2020-05-10 04:41:12","2020-05-08","2020-05-08","2021-05-08","146","GoDaddy.com, LLC","whois.godaddy.com","http://registrar.godaddy.com","","","","","Kandy","","Sri Lanka","","","","","","","","","","","","","","","","","","","","","","","","","","","","","","","","","","ns33.domaincontrol.com","ns34.domaincontrol.com","","","clientDeleteProhibited","clientRenewProhibited","clientTransferProhibited","clientUpdateProhibited"
"30","lagoonkitchen.com","2020-05-10 04:10:19","2020-05-08","2020-05-08","2021-05-08","146","GoDaddy.com, LLC","whois.godaddy.com","http://registrar.godaddy.com","","","","","western","","Sri Lanka","","","","","","","","","","","","","","","","","","","","","","","","","","","","","","","","","","ns57.domaincontrol.com","ns58.domaincontrol.com","","","clientDeleteProhibited","clientRenewProhibited","clientTransferProhibited","clientUpdateProhibited"
"31","lattapatta.com","2020-05-10 04:09:59","2020-05-08","2020-05-08","2022-05-08","146","GoDaddy.com, LLC","whois.godaddy.com","http://registrar.godaddy.com","","","","","North Western","","Sri Lanka","","","","","","","","","","","","","","","","","","","","","","","","","","","","","","","","","","ns1.a2hosting.com","ns2.a2hosting.com","ns3.a2hosting.com","ns4.a2hosting.com","clientDeleteProhibited","clientRenewProhibited","clientTransferProhibited","clientUpdateProhibited"
"32","linuxelab.com","2020-05-10 03:08:12","2020-05-08","2020-05-08","2021-05-08","146","GoDaddy.com, LLC","whois.godaddy.com","http://registrar.godaddy.com","Techmore Solutions Pvt Ltd","Techmore Solutions Pvt Ltd","","","Colombo","","Sri Lanka","","","","","","","","","","","","","","","","","","","","","","","","","","","","","","","","","","ns65.domaincontrol.com","ns66.domaincontrol.com","","","clientDeleteProhibited","clientRenewProhibited","clientTransferProhibited","clientUpdateProhibited"
"33","luv2coffee.com","2020-05-10 03:38:23","2020-05-07","2020-05-07","2021-05-07","146","GoDaddy.com, LLC","whois.godaddy.com","http://registrar.godaddy.com","","","","","Puttalam","","Sri Lanka","","","","","","","","","","","","","","","","","","","","","","","","","","","","","","","","","","ns65.domaincontrol.com","ns66.domaincontrol.com","","","clientDeleteProhibited","clientRenewProhibited","clientTransferProhibited","clientUpdateProhibited"
"34","maarupola.com","2020-05-10 04:00:26","2020-05-08","2020-05-08","2021-05-08","303","PDR Ltd. d/b/a PublicDomainRegistry.com","whois.publicdomainregistry.com","http://www.publicdomainregistry.com","Pulasthi Koswatte","","E 67, Hasthipura Pinnawala","Rambukkana","Rambukkana","71100","Sri Lanka","krpulasthi@gmail.com","+94.773416561","","Pulasthi Koswatte","","E 67, Hasthipura Pinnawala","Rambukkana","Rambukkana","71100","Sri Lanka","krpulasthi@gmail.com","+94.773416561","","Pulasthi Koswatte","","E 67, Hasthipura Pinnawala","Rambukkana","Rambukkana","71100","Sri Lanka","krpulasthi@gmail.com","+94.773416561","","","","","","","","","","","","ns1.freehosting.com","ns2.freehosting.com","","","clientTransferProhibited","","",""
"35","mcqhunt.com","2020-05-10 06:21:03","2020-05-07","2020-05-07","2021-05-07","886","Domain.com, LLC","whois.domain.com","http://www.domain.com","REDACTED FOR PRIVACY","REDACTED FOR PRIVACY","REDACTED FOR PRIVACY","REDACTED FOR PRIVACY","NA","REDACTED FOR PRIVACY","Sri Lanka","","REDACTED FOR PRIVACY","REDACTED FOR PRIVACY","REDACTED FOR PRIVACY","REDACTED FOR PRIVACY","REDACTED FOR PRIVACY","REDACTED FOR PRIVACY","REDACTED FOR PRIVACY","REDACTED FOR PRIVACY","REDACTED FOR PRIVACY","","REDACTED FOR PRIVACY","REDACTED FOR PRIVACY","REDACTED FOR PRIVACY","REDACTED FOR PRIVACY","REDACTED FOR PRIVACY","REDACTED FOR PRIVACY","REDACTED FOR PRIVACY","REDACTED FOR PRIVACY","REDACTED FOR PRIVACY","","REDACTED FOR PRIVACY","REDACTED FOR PRIVACY","","","","","","","","","","","ns1.domain.com","ns2.domain.com","","","","","",""
"36","meepurastore.com","2020-05-10 04:06:15","2020-05-08","2020-05-08","2021-05-08","303","PDR Ltd. d/b/a PublicDomainRegistry.com","whois.publicdomainregistry.com","http://www.publicdomainregistry.com","Sujith Nirmal","SK Creations","148/5 sea street","negombo","wp","11500","Sri Lanka","sujithnirmal@gmail.com","+94.771719039","","Sujith Nirmal","SK Creations","148/5 sea street","negombo","wp","11500","Sri Lanka","sujithnirmal@gmail.com","+94.771719039","","Sujith Nirmal","SK Creations","148/5 sea street","negombo","wp","11500","Sri Lanka","sujithnirmal@gmail.com","+94.771719039","","","","","","","","","","","","r3.gigilist.com","r4.gigilist.com","","","clientTransferProhibited","","",""
"37","minkoedu.com","2020-05-10 04:10:35","2020-05-08","2020-05-08","2021-05-08","303","PDR Ltd. d/b/a PublicDomainRegistry.com","whois.publicdomainregistry.com","http://www.publicdomainregistry.com","Manjula Muhandiram","Minkoeducation","walauwa road,homagama walauwa road,homagama","homagama","homagama","10200","Sri Lanka","minkotec@gmail.com","+94.753776460","","Manjula Muhandiram","Minkoeducation","walauwa road,homagama walauwa road,homagama","homagama","homagama","10200","Sri Lanka","minkotec@gmail.com","+94.753776460","","Manjula Muhandiram","Minkoeducation","walauwa road,homagama walauwa road,homagama","homagama","homagama","10200","Sri Lanka","minkotec@gmail.com","+94.753776460","","","","","","","","","","","","ns11.ceylonservers.net","ns12.ceylonservers.net","","","clientTransferProhibited","","",""
"38","miraclechant.com","2020-05-10 02:56:39","2020-05-08","2020-05-08","2021-05-08","146","GoDaddy.com, LLC","whois.godaddy.com","http://registrar.godaddy.com","","","","","Colombo","","Sri Lanka","","","","","","","","","","","","","","","","","","","","","","","","","","","","","","","","","","ns2925.eukns.com","ns2926.eukns.com","","","clientDeleteProhibited","clientRenewProhibited","clientTransferProhibited","clientUpdateProhibited"
"39","myblackpepper.com","2020-05-10 03:28:19","2020-05-08","2020-05-08","2021-05-08","146","GoDaddy.com, LLC","whois.godaddy.com","http://registrar.godaddy.com","","","","","Colombo","","Sri Lanka","","","","","","","","","","","","","","","","","","","","","","","","","","","","","","","","","","ns1088.ifastnet.com","ns2088.ifastnet.com","","","clientDeleteProhibited","clientRenewProhibited","clientTransferProhibited","clientUpdateProhibited"
"40","nalindamotors.com","2020-05-10 06:28:16","2020-05-08","2020-05-08","2021-05-08","1479","Namesilo, LLC","whois.namesilo.com","http://www.namesilo.com","Chathuri Mahanayake","","No 55/2 A, Pathagigodella,Katana","Negombo","Western","11534","Sri Lanka","chathurimahanayake@gmail.com","+94.775783380","","Chathuri Mahanayake","","No 55/2 A, Pathagigodella,Katana","Negombo","Western","11534","Sri Lanka","chathurimahanayake@gmail.com","+94.775783380","","Chathuri Mahanayake","","No 55/2 A, Pathagigodella,Katana","Negombo","Western","11534","Sri Lanka","chathurimahanayake@gmail.com","+94.775783380","","","","","","","","","","","","dns1.provider.lk","dns2.provider.lk","","","clientTransferProhibited","","",""
"41","onlinefoodcorner.com","2020-05-10 02:02:38","2020-05-08","2020-05-08","2021-05-08","955","Launchpad, Inc.","whois.launchpad.com","http://www.launchpad.com","Gunasinghe Alahakoon","Villa Cassandra","Audangawa Kibissa","Sigiriya","52","10120","Sri Lanka","galahakoon@gmail.com","+94.777586278","","Gunasinghe Alahakoon","Villa Cassandra","Audangawa Kibissa","Sigiriya","52","10120","Sri Lanka","galahakoon@gmail.com","+94.777586278","","Gunasinghe Alahakoon","Villa Cassandra","Audangawa Kibissa","Sigiriya","52","10120","Sri Lanka","galahakoon@gmail.com","+94.777586278","","","","","","","","","","","","ns8277.hostgator.com","ns8278.hostgator.co","","","clientTransferProhibited","","",""
"42","oxfordbusinessdaily.com","2020-05-10 02:08:42","2020-05-07","2020-05-07","2021-05-07","146","GoDaddy.com, LLC","whois.godaddy.com","http://registrar.godaddy.com","","","","","Colombo","","Sri Lanka","","","","","","","","","","","","","","","","","","","","","","","","","","","","","","","","","","ns33.domaincontrol.com","ns34.domaincontrol.com","","","clientDeleteProhibited","clientRenewProhibited","clientTransferProhibited","clientUpdateProhibited"
"43","ponimus.com","2020-05-10 03:16:23","2020-05-08","2020-05-08","2021-05-08","146","GoDaddy.com, LLC","whois.godaddy.com","http://registrar.godaddy.com","","","","","NW","","Sri Lanka","","","","","","","","","","","","","","","","","","","","","","","","","","","","","","","","","","ns65.domaincontrol.com","ns66.domaincontrol.com","","","clientDeleteProhibited","clientRenewProhibited","clientTransferProhibited","clientUpdateProhibited"
"44","pupscomfort.com","2020-05-10 04:09:55","2020-05-08","2020-05-08","2021-05-08","886","Domain.com, LLC","whois.domain.com","http://www.domain.com","REDACTED FOR PRIVACY","REDACTED FOR PRIVACY","REDACTED FOR PRIVACY","REDACTED FOR PRIVACY","NA","REDACTED FOR PRIVACY","Sri Lanka","","REDACTED FOR PRIVACY","REDACTED FOR PRIVACY","REDACTED FOR PRIVACY","REDACTED FOR PRIVACY","REDACTED FOR PRIVACY","REDACTED FOR PRIVACY","REDACTED FOR PRIVACY","REDACTED FOR PRIVACY","REDACTED FOR PRIVACY","","REDACTED FOR PRIVACY","REDACTED FOR PRIVACY","REDACTED FOR PRIVACY","REDACTED FOR PRIVACY","REDACTED FOR PRIVACY","REDACTED FOR PRIVACY","REDACTED FOR PRIVACY","REDACTED FOR PRIVACY","REDACTED FOR PRIVACY","","REDACTED FOR PRIVACY","REDACTED FOR PRIVACY","","","","","","","","","","","ns3007.mochahost.com","ns4007.mochahost.com","","","","","",""
"45","rallydigamadulla.com","2020-05-10 04:55:54","2020-05-08","2020-05-08","2022-05-08","146","GoDaddy.com, LLC","whois.godaddy.com","http://registrar.godaddy.com","","","","","western","","Sri Lanka","","","","","","","","","","","","","","","","","","","","","","","","","","","","","","","","","","ns57.domaincontrol.com","ns58.domaincontrol.com","","","clientDeleteProhibited","clientRenewProhibited","clientTransferProhibited","clientUpdateProhibited"
"46","rasaanama.com","2020-05-10 06:26:28","2020-05-07","2020-05-07","2021-05-07","146","GoDaddy.com, LLC","whois.godaddy.com","http://registrar.godaddy.com","","","","","Kurunegala","","Sri Lanka","","","","","","","","","","","","","","","","","","","","","","","","","","","","","","","","","","ns03.domaincontrol.com","ns04.domaincontrol.com","","","clientDeleteProhibited","clientRenewProhibited","clientTransferProhibited","clientUpdateProhibited"
"47","ratnapuragemmarket.com","2020-05-10 06:29:09","2020-05-08","2020-05-08","2021-05-08","146","GoDaddy.com, LLC","whois.godaddy.com","http://registrar.godaddy.com","The Promotion Agency (pvt) LTD","The Promotion Agency (pvt) LTD","","","Colombo","","Sri Lanka","","","","","","","","","","","","","","","","","","","","","","","","","","","","","","","","","","ns03.domaincontrol.com","ns04.domaincontrol.com","","","clientDeleteProhibited","clientRenewProhibited","clientTransferProhibited","clientUpdateProhibited"
"48","sachini-ayendra.com","2020-05-10 05:34:26","2020-05-07","2020-05-07","2021-05-07","146","GoDaddy.com, LLC","whois.godaddy.com","http://registrar.godaddy.com","","","","","western","","Sri Lanka","","","","","","","","","","","","","","","","","","","","","","","","","","","","","","","","","","ns51.domaincontrol.com","ns52.domaincontrol.com","","","clientDeleteProhibited","clientRenewProhibited","clientTransferProhibited","clientUpdateProhibited"
"49","sharinghabit.com","2020-05-10 04:53:47","2020-05-08","2020-05-08","2021-05-08","146","GoDaddy.com, LLC","whois.godaddy.com","http://registrar.godaddy.com","Eximius Private Limited","Eximius Private Limited","","","Western","","Sri Lanka","","","","","","","","","","","","","","","","","","","","","","","","","","","","","","","","","","ns03.domaincontrol.com","ns04.domaincontrol.com","","","clientDeleteProhibited","clientRenewProhibited","clientTransferProhibited","clientUpdateProhibited"
"50","sickcubs.com","2020-05-10 04:53:47","2020-05-08","2020-05-08","2021-05-08","146","GoDaddy.com, LLC","whois.godaddy.com","http://registrar.godaddy.com","UOP","UOP","","","Kandy","","Sri Lanka","","","","","","","","","","","","","","","","","","","","","","","","","","","","","","","","","","ns8191.hostgator.com","ns8192.hostgator.com","","","clientDeleteProhibited","clientRenewProhibited","clientTransferProhibited","clientUpdateProhibited"
"51","sithumvasi.com","2020-05-10 03:04:02","2020-05-08","2020-05-08","2021-05-08","146","GoDaddy.com, LLC","whois.godaddy.com","http://registrar.godaddy.com","","","","","","","Sri Lanka","","","","","","","","","","","","","","","","","","","","","","","","","","","","","","","","","","ns33.domaincontrol.com","ns34.domaincontrol.com","","","OK","","",""
"52","skicolombo.com","2020-05-10 06:26:58","2020-05-08","2020-05-08","2021-05-08","146","GoDaddy.com, LLC","whois.godaddy.com","http://registrar.godaddy.com","S K International","S K International","","","Western Province","","Sri Lanka","","","","","","","","","","","","","","","","","","","","","","","","","","","","","","","","","","ns03.domaincontrol.com","ns04.domaincontrol.com","","","clientDeleteProhibited","clientRenewProhibited","clientTransferProhibited","clientUpdateProhibited"
"53","sricyberpunk.com","2020-05-10 02:25:30","2020-05-08","2020-05-08","2021-05-08","146","GoDaddy.com, LLC","whois.godaddy.com","http://registrar.godaddy.com","thetipsydog","thetipsydog","","","Galle","","Sri Lanka","","","","","","","","","","","","","","","","","","","","","","","","","","","","","","","","","","ns51.domaincontrol.com","ns52.domaincontrol.com","","","clientDeleteProhibited","clientRenewProhibited","clientTransferProhibited","clientUpdateProhibited"
"54","srilankagemmarkets.com","2020-05-10 06:28:39","2020-05-08","2020-05-08","2021-05-08","146","GoDaddy.com, LLC","whois.godaddy.com","http://registrar.godaddy.com","The Promotion Agency (pvt) LTD","The Promotion Agency (pvt) LTD","","","Colombo","","Sri Lanka","","","","","","","","","","","","","","","","","","","","","","","","","","","","","","","","","","ns33.domaincontrol.com","ns34.domaincontrol.com","","","clientDeleteProhibited","clientRenewProhibited","clientTransferProhibited","clientUpdateProhibited"
"55","srilankashoppingguide.com","2020-05-10 06:28:41","2020-05-08","2020-05-08","2021-05-08","146","GoDaddy.com, LLC","whois.godaddy.com","http://registrar.godaddy.com","The Promotion Agency (pvt) LTD","The Promotion Agency (pvt) LTD","","","Colombo","","Sri Lanka","","","","","","","","","","","","","","","","","","","","","","","","","","","","","","","","","","ns57.domaincontrol.com","ns58.domaincontrol.com","","","clientDeleteProhibited","clientRenewProhibited","clientTransferProhibited","clientUpdateProhibited"
"56","sriopex.com","2020-05-10 06:03:56","2020-05-07","2020-05-07","2021-05-07","1472","LiquidNet Ltd.","whois.liquidnetlimited.com","http://www.liquidnetlimited.com","REDACTED FOR PRIVACY","REDACTED FOR PRIVACY","REDACTED FOR PRIVACY","REDACTED FOR PRIVACY","NWP","REDACTED FOR PRIVACY","Sri Lanka","","REDACTED FOR PRIVACY","REDACTED FOR PRIVACY","REDACTED FOR PRIVACY","REDACTED FOR PRIVACY","REDACTED FOR PRIVACY","REDACTED FOR PRIVACY","REDACTED FOR PRIVACY","REDACTED FOR PRIVACY","REDACTED FOR PRIVACY","","REDACTED FOR PRIVACY","REDACTED FOR PRIVACY","REDACTED FOR PRIVACY","REDACTED FOR PRIVACY","REDACTED FOR PRIVACY","REDACTED FOR PRIVACY","REDACTED FOR PRIVACY","REDACTED FOR PRIVACY","REDACTED FOR PRIVACY","","REDACTED FOR PRIVACY","REDACTED FOR PRIVACY","","","","","","","","","","","dns1.opexwebhosting.com","dns2.opexwebhosting.com","","","clientTransferProhibited","","",""
"57","teatownceylon.com","2020-05-10 03:21:04","2020-05-08","2020-05-08","2021-05-08","69","Tucows Domains Inc.","whois.tucows.com","http://domainhelp.opensrs.net","REDACTED FOR PRIVACY","REDACTED FOR PRIVACY","REDACTED FOR PRIVACY","REDACTED FOR PRIVACY","Western","REDACTED FOR PRIVACY","Sri Lanka","","REDACTED FOR PRIVACY","REDACTED FOR PRIVACY","REDACTED FOR PRIVACY","REDACTED FOR PRIVACY","REDACTED FOR PRIVACY","REDACTED FOR PRIVACY","REDACTED FOR PRIVACY","REDACTED FOR PRIVACY","REDACTED FOR PRIVACY","","REDACTED FOR PRIVACY","REDACTED FOR PRIVACY","REDACTED FOR PRIVACY","REDACTED FOR PRIVACY","REDACTED FOR PRIVACY","REDACTED FOR PRIVACY","REDACTED FOR PRIVACY","REDACTED FOR PRIVACY","REDACTED FOR PRIVACY","","REDACTED FOR PRIVACY","REDACTED FOR PRIVACY","","","","","","","","","","","ns.inmotionhosting.com","ns2.inmotionhosting.com","","","","","",""
"58","tharshanan.com","2020-05-10 03:50:03","2020-05-07","2020-05-07","2021-05-07","146","GoDaddy.com, LLC","whois.godaddy.com","http://registrar.godaddy.com","","","","","Colombo","","Sri Lanka","","","","","","","","","","","","","","","","","","","","","","","","","","","","","","","","","","ns33.domaincontrol.com","ns34.domaincontrol.com","","","clientDeleteProhibited","clientRenewProhibited","clientTransferProhibited","clientUpdateProhibited"
"59","thebizhype.com","2020-05-10 04:36:06","2020-05-08","2020-05-08","2021-05-08","146","GoDaddy.com, LLC","whois.godaddy.com","http://registrar.godaddy.com","","","","","Colombo","","Sri Lanka","","","","","","","","","","","","","","","","","","","","","","","","","","","","","","","","","","ns57.domaincontrol.com","ns58.domaincontrol.com","","","clientDeleteProhibited","clientRenewProhibited","clientTransferProhibited","clientUpdateProhibited"
"60","thecasualchat.com","2020-05-10 02:22:27","2020-05-07","2020-05-07","2022-05-07","886","Domain.com, LLC","whois.domain.com","http://www.domain.com","REDACTED FOR PRIVACY","REDACTED FOR PRIVACY","REDACTED FOR PRIVACY","REDACTED FOR PRIVACY","NA","REDACTED FOR PRIVACY","Sri Lanka","","REDACTED FOR PRIVACY","REDACTED FOR PRIVACY","REDACTED FOR PRIVACY","REDACTED FOR PRIVACY","REDACTED FOR PRIVACY","REDACTED FOR PRIVACY","REDACTED FOR PRIVACY","REDACTED FOR PRIVACY","REDACTED FOR PRIVACY","","REDACTED FOR PRIVACY","REDACTED FOR PRIVACY","REDACTED FOR PRIVACY","REDACTED FOR PRIVACY","REDACTED FOR PRIVACY","REDACTED FOR PRIVACY","REDACTED FOR PRIVACY","REDACTED FOR PRIVACY","REDACTED FOR PRIVACY","","REDACTED FOR PRIVACY","REDACTED FOR PRIVACY","","","","","","","","","","","ns1.domain.com","ns2.domain.com","","","","","",""
"61","tmobilerepair.com","2020-05-10 02:56:29","2020-05-08","2020-05-08","2021-05-08","303","PDR Ltd. d/b/a PublicDomainRegistry.com","whois.publicdomainregistry.com","http://www.publicdomainregistry.com","Nuwan Lasantha","T Mobile Repair Center","No: 97/A, Udatuttiripitiya. 0","Udatuttiripitiya","Western","00100","Sri Lanka","nuwan610@gmail.com","+94.0334314669","","Nuwan Lasantha","T Mobile Repair Center","No: 97/A, Udatuttiripitiya. 0","Udatuttiripitiya","Western","00100","Sri Lanka","nuwan610@gmail.com","+94.0334314669","","Nuwan Lasantha","T Mobile Repair Center","No: 97/A, Udatuttiripitiya. 0","Udatuttiripitiya","Western","00100","Sri Lanka","nuwan610@gmail.com","+94.0334314669","","","","","","","","","","","","dns5.lankahost.com","dns6.lankahost.com","dns7.lankahost.com","dns8.lankahost.com","clientTransferProhibited","","",""
"62","toddsenterprises.com","2020-05-10 04:28:57","2020-05-08","2020-05-08","2021-05-08","146","GoDaddy.com, LLC","whois.godaddy.com","http://registrar.godaddy.com","TODDS ENTERPRISES","TODDS ENTERPRISES","","","Colombo","","Sri Lanka","","","","","","","","","","","","","","","","","","","","","","","","","","","","","","","","","","ns03.domaincontrol.com","ns04.domaincontrol.com","","","clientDeleteProhibited","clientRenewProhibited","clientTransferProhibited","clientUpdateProhibited"
"63","tradeamature.com","2020-05-10 06:21:14","2020-05-08","2020-05-08","2021-05-08","625","Name.com, Inc.","whois.name.com","http://www.name.com","Rani Creative Solutions (Pvt) Ltd","Rani Creative Solutions (Pvt) Ltd","No. 28, 1/1, Dharmarama Road","Colombo - 06","Western","00600","Sri Lanka","info@ranidesigners.com","+94.713275956","","Rani Creative Solutions (Pvt) Ltd","Rani Creative Solutions (Pvt) Ltd","No. 28, 1/1, Dharmarama Road","Colombo - 06","Western","00600","Sri Lanka","info@ranidesigners.com","+94.713275956","","Rani Creative Solutions (Pvt) Ltd","Rani Creative Solutions (Pvt) Ltd","No. 28, 1/1, Dharmarama Road","Colombo - 06","Western","00600","Sri Lanka","info@ranidesigners.com","+94.713275956","","","","","","","","","","","","ns1.time4vps.com","ns2.time4vps.com","","","addPeriod","clientTransferProhibited","",""
"64","transformationalgurug.com","2020-05-10 06:22:23","2020-05-08","2020-05-08","2021-05-08","146","GoDaddy.com, LLC","whois.godaddy.com","http://registrar.godaddy.com","Blueprint A 2 Z","Blueprint A 2 Z","","","Colombo","","Sri Lanka","","","","","","","","","","","","","","","","","","","","","","","","","","","","","","","","","","ns51.domaincontrol.com","ns52.domaincontrol.com","","","clientDeleteProhibited","clientRenewProhibited","clientTransferProhibited","clientUpdateProhibited"
"65","trippyguide.com","2020-05-10 03:30:43","2020-05-08","2020-05-08","2021-05-08","1005","NetEarth One Inc. d/b/a NetEarth","whois.advancedregistrar.com","http://www.netearthone.com","Suresh Ekanayake","CodeDine","7591A,Samagi MW., Arrawwala","Pannipitiya","Western","10230","Sri Lanka","sureshawanthaekanayake@gmail.com","+94.719659924","","Suresh Ekanayake","CodeDine","7591A,Samagi MW., Arrawwala","Pannipitiya","Western","10230","Sri Lanka","sureshawanthaekanayake@gmail.com","+94.719659924","","Suresh Ekanayake","CodeDine","7591A,Samagi MW., Arrawwala","Pannipitiya","Western","10230","Sri Lanka","sureshawanthaekanayake@gmail.com","+94.719659924","","","","","","","","","","","","desiree.ns.cloudflare.com","tom.ns.cloudflare.com","","","clientTransferProhibited","","",""
"66","vgameland.com","2020-05-10 06:22:24","2020-05-08","2020-05-08","2021-05-08","146","GoDaddy.com, LLC","whois.godaddy.com","http://registrar.godaddy.com","","","","","Gampaha","","Sri Lanka","","","","","","","","","","","","","","","","","","","","","","","","","","","","","","","","","","ns65.domaincontrol.com","ns66.domaincontrol.com","","","clientDeleteProhibited","clientRenewProhibited","clientTransferProhibited","clientUpdateProhibited"
"67","vibrantimagination.com","2020-05-10 06:12:37","2020-05-08","2020-05-08","2021-05-08","1860","Paragon Internet Group Ltd t/a Paragon Names","whois.nic.uk","http://paragonnames.com","REDACTED FOR PRIVACY","REDACTED FOR PRIVACY","REDACTED FOR PRIVACY","REDACTED FOR PRIVACY","WP","REDACTED FOR PRIVACY","Sri Lanka","","REDACTED FOR PRIVACY","REDACTED FOR PRIVACY","REDACTED FOR PRIVACY","REDACTED FOR PRIVACY","REDACTED FOR PRIVACY","REDACTED FOR PRIVACY","REDACTED FOR PRIVACY","REDACTED FOR PRIVACY","REDACTED FOR PRIVACY","","REDACTED FOR PRIVACY","REDACTED FOR PRIVACY","REDACTED FOR PRIVACY","REDACTED FOR PRIVACY","REDACTED FOR PRIVACY","REDACTED FOR PRIVACY","REDACTED FOR PRIVACY","REDACTED FOR PRIVACY","REDACTED FOR PRIVACY","","REDACTED FOR PRIVACY","REDACTED FOR PRIVACY","","","","","","","","","","","ns1.tsohost.co.uk","ns2.tsohost.co.uk","ns3.tsohost.co.uk","","clientTransferProhibited","clientUpdateProhibited","",""
"68","vnntamil.com","2020-05-10 02:05:42","2020-05-08","2020-05-08","2021-05-08","303","PDR Ltd. d/b/a PublicDomainRegistry.com","whois.publicdomainregistry.com","http://www.publicdomainregistry.com","Mohamed Fahath","MTM Software Solutions","150, Fisheries Road Valaichenai","Valaichenai","Eastern","30400","Sri Lanka","mtmfahath@gmail.com","+974.55941884","","Mohamed Fahath","MTM Software Solutions","150, Fisheries Road Valaichenai","Valaichenai","Eastern","30400","Sri Lanka","mtmfahath@gmail.com","+974.55941884","","Mohamed Fahath","MTM Software Solutions","150, Fisheries Road Valaichenai","Valaichenai","Eastern","30400","Sri Lanka","mtmfahath@gmail.com","+974.55941884","","","","","","","","","","","","ns1.xyz.com.lk","ns2.xyz.com.lk","","","clientTransferProhibited","","",""
"69","vyansports.com","2020-05-10 03:33:11","2020-05-07","2020-05-07","2021-05-07","146","GoDaddy.com, LLC","whois.godaddy.com","http://registrar.godaddy.com","","","","","Colombo","","Sri Lanka","","","","","","","","","","","","","","","","","","","","","","","","","","","","","","","","","","ns33.domaincontrol.com","ns34.domaincontrol.com","","","clientDeleteProhibited","clientRenewProhibited","clientTransferProhibited","clientUpdateProhibited"
"70","wellbeey.com","2020-05-10 03:05:32","2020-05-08","2020-05-08","2021-05-08","146","GoDaddy.com, LLC","whois.godaddy.com","http://registrar.godaddy.com","","","","","Colombo","","Sri Lanka","","","","","","","","","","","","","","","","","","","","","","","","","","","","","","","","","","ns51.domaincontrol.com","ns52.domaincontrol.com","","","clientDeleteProhibited","clientRenewProhibited","clientTransferProhibited","clientUpdateProhibited"
"71","yamuparking.com","2020-05-10 05:42:23","2020-05-07","2020-05-07","2021-05-07","303","PDR Ltd. d/b/a PublicDomainRegistry.com","whois.publicdomainregistry.com","http://www.publicdomainregistry.com","yabinesh","erelinkshot","21 canal lane negombo","negombo","Gampaha","11500","Sri Lanka","yabi.yabinesh@gmail.com","+94.775775915","","yabinesh","erelinkshot","21 canal lane negombo","negombo","Gampaha","11500","Sri Lanka","yabi.yabinesh@gmail.com","+94.775775915","","yabinesh","erelinkshot","21 canal lane negombo","negombo","Gampaha","11500","Sri Lanka","yabi.yabinesh@gmail.com","+94.775775915","","","","","","","","","","","","erelinkhost.mercury.orderbox-dns.com","erelinkhost.venus.orderbox-dns.com","","","clientTransferProhibited","","",""
"72","zeusskymagnets.com","2020-05-10 03:27:49","2020-05-08","2020-05-08","2021-05-08","146","GoDaddy.com, LLC","whois.godaddy.com","http://registrar.godaddy.com","zeus sky magnets (pvt) ltd","zeus sky magnets (pvt) ltd","","","Gampaha","","Sri Lanka","","","","","","","","","","","","","","","","","","","","","","","","","","","","","","","","","","ns65.domaincontrol.com","ns66.domaincontrol.com","","","clientDeleteProhibited","clientRenewProhibited","clientTransferProhibited","clientUpdateProhibited"