"num","domain_name","query_time","create_date","update_date","expiry_date","domain_registrar_id","domain_registrar_name","domain_registrar_whois","domain_registrar_url","registrant_name","registrant_company","registrant_address","registrant_city","registrant_state","registrant_zip","registrant_country","registrant_email","registrant_phone","registrant_fax","administrative_name","administrative_company","administrative_address","administrative_city","administrative_state","administrative_zip","administrative_country","administrative_email","administrative_phone","administrative_fax","technical_name","technical_company","technical_address","technical_city","technical_state","technical_zip","technical_country","technical_email","technical_phone","technical_fax","billing_name","billing_company","billing_address","billing_city","billing_state","billing_zip","billing_country","billing_email","billing_phone","billing_fax","name_server_1","name_server_2","name_server_3","name_server_4","domain_status_1","domain_status_2","domain_status_3","domain_status_4"
"1","coronavirusclash.com","2020-05-10 05:36:54","2020-05-07","2020-05-07","2021-05-07","168","Register.it SPA","whois.register.it","http://we.register.it","REDACTED FOR PRIVACY","E-TECHNOPOLE","REDACTED FOR PRIVACY","REDACTED FOR PRIVACY","Togo","REDACTED FOR PRIVACY","Togo","","REDACTED.FORPRIVACY","REDACTED.FORPRIVACY","REDACTED FOR PRIVACY","REDACTED FOR PRIVACY","REDACTED FOR PRIVACY","REDACTED FOR PRIVACY","Togo","REDACTED FOR PRIVACY","Togo","","REDACTED.FORPRIVACY","REDACTED.FORPRIVACY","REDACTED FOR PRIVACY","REDACTED FOR PRIVACY","REDACTED FOR PRIVACY","REDACTED FOR PRIVACY","Paris","REDACTED FOR PRIVACY","France","","REDACTED.FORPRIVACY","REDACTED.FORPRIVACY","","","","","","","","","","","ns1.amenworld.com","ns2.amenworld.com","","","OK","","",""
"2","digitalsuku.com","2020-05-10 03:17:50","2020-05-08","2020-05-08","2021-05-08","168","Register.it SPA","whois.register.it","http://we.register.it","REDACTED FOR PRIVACY","E-TECHNOPOLE","REDACTED FOR PRIVACY","REDACTED FOR PRIVACY","Togo","REDACTED FOR PRIVACY","Togo","","REDACTED.FORPRIVACY","REDACTED.FORPRIVACY","REDACTED FOR PRIVACY","REDACTED FOR PRIVACY","REDACTED FOR PRIVACY","REDACTED FOR PRIVACY","Togo","REDACTED FOR PRIVACY","Togo","","REDACTED.FORPRIVACY","REDACTED.FORPRIVACY","REDACTED FOR PRIVACY","REDACTED FOR PRIVACY","REDACTED FOR PRIVACY","REDACTED FOR PRIVACY","Paris","REDACTED FOR PRIVACY","France","","REDACTED.FORPRIVACY","REDACTED.FORPRIVACY","","","","","","","","","","","ns1.amenworld.com","ns2.amenworld.com","","","OK","","",""
"3","doetti.com","2020-05-10 06:27:50","2020-05-07","2020-05-07","2021-05-07","1630","Ligne Web Services SARL","whois.nic.fr","http://www.ait.com","","","","","","","Togo","98fd90304e696483e25a550f785f0d63@whois-anonymous.com","","","","","","","","","Togo","98fd90304e696483e25a550f785f0d63@whois-anonymous.com","","","","","","","","","Togo","98fd90304e696483e25a550f785f0d63@whois-anonymous.com","","","","","","","","","Togo","98fd90304e696483e25a550f785f0d63@whois-anonymous.com","","","","","","","More","clientTransferProhibited","informations","on"
"4","hakunamatata-togo.com","2020-05-10 05:59:18","2020-05-07","2020-05-07","2021-05-07","433","OVH sas","whois.ovh.com","http://www.ovh.com","REDACTED FOR PRIVACY","","REDACTED FOR PRIVACY","REDACTED FOR PRIVACY","","REDACTED FOR PRIVACY","Togo","bjhzkl2d80rrc8kfk4i6@z.o-w-o.info","REDACTED FOR PRIVACY","REDACTED FOR PRIVACY","REDACTED FOR PRIVACY","REDACTED FOR PRIVACY","REDACTED FOR PRIVACY","REDACTED FOR PRIVACY","REDACTED FOR PRIVACY","REDACTED FOR PRIVACY","REDACTED FOR PRIVACY","hndtde91mzdydajus0px@i.o-w-o.info","REDACTED FOR PRIVACY","REDACTED FOR PRIVACY","REDACTED FOR PRIVACY","REDACTED FOR PRIVACY","REDACTED FOR PRIVACY","REDACTED FOR PRIVACY","REDACTED FOR PRIVACY","REDACTED FOR PRIVACY","REDACTED FOR PRIVACY","hndtde91mzdydajus0px@i.o-w-o.info","REDACTED FOR PRIVACY","REDACTED FOR PRIVACY","","","","","","","","","","","dns110.ovh.net","ns110.ovh.net","","","clientDeleteProhibited","clientTransferProhibited","",""
"5","robotradingcorporation.com","2020-05-10 03:44:20","2020-05-07","2020-05-07","2021-05-07","625","Name.com, Inc.","whois.name.com","http://www.name.com","Non-Public Data","","Non-Public Data","Non-Public Data","","00000","Togo","","+00.0000000","","Non-Public Data","Non-Public Data","Non-Public Data","Non-Public Data","Non-Public Data","00000","","","+00.0000000","","Non-Public Data","Non-Public Data","Non-Public Data","Non-Public Data","Non-Public Data","00000","","","+00.0000000","","","","","","","","","","","","ns11.jimdo.com","ns12.jimdo.com","","","addPeriod","clientTransferProhibited","",""