"num","domain_name","query_time","create_date","update_date","expiry_date","domain_registrar_id","domain_registrar_name","domain_registrar_whois","domain_registrar_url","registrant_name","registrant_company","registrant_address","registrant_city","registrant_state","registrant_zip","registrant_country","registrant_email","registrant_phone","registrant_fax","administrative_name","administrative_company","administrative_address","administrative_city","administrative_state","administrative_zip","administrative_country","administrative_email","administrative_phone","administrative_fax","technical_name","technical_company","technical_address","technical_city","technical_state","technical_zip","technical_country","technical_email","technical_phone","technical_fax","billing_name","billing_company","billing_address","billing_city","billing_state","billing_zip","billing_country","billing_email","billing_phone","billing_fax","name_server_1","name_server_2","name_server_3","name_server_4","domain_status_1","domain_status_2","domain_status_3","domain_status_4"
"1","alpeadria.academy","2020-05-09 14:38:35","2020-05-07","2020-05-07","2021-05-07","113","CSL Computer Service Langenbach GmbH d/b/a joker.com","whois.joker.com","http://www.joker.com","REDACTED FOR PRIVACY","","REDACTED FOR PRIVACY","REDACTED FOR PRIVACY","","REDACTED FOR PRIVACY","Slovenia","","REDACTED FOR PRIVACY","REDACTED FOR PRIVACY","","","","","","","","","","","","","","","","","","","","","","","","","","","","","","","","","","","addPeriod","clientTransferProhibited","",""
"2","losinj-stories.net","2020-05-09 23:57:36","2020-05-08","2020-05-08","2021-05-08","113","CSL Computer Service Langenbach GmbH d/b/a joker.com","whois.joker.com","http://www.joker.com","MILLENIUM PROMOCIJA d.o.o.","MILLENIUM PROMOCIJA d.o.o.","","","","","Croatia","","","","","","","","","","","","","","","","","","","","","","","","","","","","","","","","","","ns1.mojsite.com","ns2.mojsite.com","","","clientTransferProhibited","","",""
"3","losinjske-price.net","2020-05-09 23:57:37","2020-05-08","2020-05-08","2021-05-08","113","CSL Computer Service Langenbach GmbH d/b/a joker.com","whois.joker.com","http://www.joker.com","MILLENIUM PROMOCIJA d.o.o.","MILLENIUM PROMOCIJA d.o.o.","","","","","Croatia","","","","","","","","","","","","","","","","","","","","","","","","","","","","","","","","","","ns1.mojsite.com","ns2.mojsite.com","","","clientTransferProhibited","","",""
"4","losinjstories.net","2020-05-09 23:57:36","2020-05-08","2020-05-08","2021-05-08","113","CSL Computer Service Langenbach GmbH d/b/a joker.com","whois.joker.com","http://www.joker.com","MILLENIUM PROMOCIJA d.o.o.","MILLENIUM PROMOCIJA d.o.o.","","","","","Croatia","","","","","","","","","","","","","","","","","","","","","","","","","","","","","","","","","","ns1.mojsite.com","ns2.mojsite.com","","","clientTransferProhibited","","",""
"5","multaakotiin.net","2020-05-09 23:56:47","2020-05-08","2020-05-08","2021-05-08","113","CSL Computer Service Langenbach GmbH d/b/a joker.com","whois.joker.com","http://www.joker.com","Maamark Oy","Maamark Oy","","","","","Finland","","","","","","","","","","","","","","","","","","","","","","","","","","","","","","","","","","ns1.cloudcity.fi","ns2.cloudcity.fi","","","clientTransferProhibited","","",""
"6","naradnici.net","2020-05-09 23:56:31","2020-05-07","2020-05-07","2021-05-07","113","CSL Computer Service Langenbach GmbH d/b/a joker.com","whois.joker.com","http://www.joker.com","Martin Bach","Martin Bach","","","","","Czech Republic","","","","","","","","","","","","","","","","","","","","","","","","","","","","","","","","","","ns2.blueboard.cz","shinzon.blueboard.cz","","","clientTransferProhibited","","",""
"7","sorinorestaurant.biz","2020-05-09 07:18:06","2020-05-05","2020-05-05","2021-05-05","113","CSL Computer Service Langenbach GmbH d/b/a joker.com","whois.joker.com","http://www.joker.com","","","","","","","Canada","","","","","","","","","","","","","","","","","","","","","","","","","","","","","","","","","","ns339.mihanwebhost.com","ns340.mihanwebhost.com","","","addPeriod","clientTransferProhibited","",""
"8","zhin.agency","2020-05-09 14:58:55","2020-05-08","2020-05-08","2021-05-08","113","CSL Computer Service Langenbach GmbH d/b/a joker.com","whois.joker.com","http://www.joker.com","REDACTED FOR PRIVACY","","REDACTED FOR PRIVACY","REDACTED FOR PRIVACY","","REDACTED FOR PRIVACY","Canada","","REDACTED FOR PRIVACY","REDACTED FOR PRIVACY","","","","","","","","","","","","","","","","","","","","","","","","","","","","","","","","","","","addPeriod","clientTransferProhibited","",""