"num","domain_name","query_time","create_date","update_date","expiry_date","domain_registrar_id","domain_registrar_name","domain_registrar_whois","domain_registrar_url","registrant_name","registrant_company","registrant_address","registrant_city","registrant_state","registrant_zip","registrant_country","registrant_email","registrant_phone","registrant_fax","administrative_name","administrative_company","administrative_address","administrative_city","administrative_state","administrative_zip","administrative_country","administrative_email","administrative_phone","administrative_fax","technical_name","technical_company","technical_address","technical_city","technical_state","technical_zip","technical_country","technical_email","technical_phone","technical_fax","billing_name","billing_company","billing_address","billing_city","billing_state","billing_zip","billing_country","billing_email","billing_phone","billing_fax","name_server_1","name_server_2","name_server_3","name_server_4","domain_status_1","domain_status_2","domain_status_3","domain_status_4"
"1","bitesizefuture.care","2020-05-09 20:00:42","2020-05-07","2020-05-07","2022-05-07","886","Domain.com, LLC","whois.domain.com","http://www.domain.com","REDACTED FOR PRIVACY","Data Protected","REDACTED FOR PRIVACY","REDACTED FOR PRIVACY","ON","REDACTED FOR PRIVACY","Canada","","REDACTED FOR PRIVACY","REDACTED FOR PRIVACY","","","","","","","","","","","","","","","","","","","","","","","","","","","","","","","","","","","addPeriod","","",""
"2","great-online.biz","2020-05-09 17:12:33","2020-05-07","2020-05-07","2021-05-07","886","Domain.com, LLC","whois.domain.com","http://www.domain.com","Data Protected","Data Protected","","","ON","","Canada","","","","","","","","","","","","","","","","","","","","","","","","","","","","","","","","","","ns1.rivalhost-global-dns.com","ns4.rivalhost-global-dns.com","","","addPeriod","ok","",""
"3","instamodel.agency","2020-05-09 14:51:04","2020-05-08","2020-05-08","2022-05-08","886","Domain.com, LLC","whois.domain.com","http://www.domain.com","REDACTED FOR PRIVACY","Data Protected","REDACTED FOR PRIVACY","REDACTED FOR PRIVACY","ON","REDACTED FOR PRIVACY","Canada","","REDACTED FOR PRIVACY","REDACTED FOR PRIVACY","","","","","","","","","","","","","","","","","","","","","","","","","","","","","","","","","","","addPeriod","","",""
"4","kbtecases.biz","2020-05-09 11:32:05","2020-05-07","2020-05-07","2021-05-07","886","Domain.com, LLC","whois.domain.com","http://www.domain.com","Data Protected","Data Protected","","","ON","","Canada","","","","","","","","","","","","","","","","","","","","","","","","","","","","","","","","","","ns1.domain.com","ns2.domain.com","","","addPeriod","ok","",""
"5","kc2gow.net","2020-05-09 23:58:43","2020-05-08","2020-05-08","2022-05-08","886","Domain.com, LLC","whois.domain.com","http://www.domain.com","Domain Privacy Service FBO Registrant.","Domain Privacy Service FBO Registrant.","10 Corporate Drive","Burlington","MA","01803","United States","kc2gow.net@domainprivacygroup.com","+1.6027165339","","Domain Privacy Service FBO Registrant.","Domain Privacy Service FBO Registrant.","10 Corporate Drive","Burlington","MA","01803","United States","kc2gow.net@domainprivacygroup.com","+1.6027165339","","Domain Privacy Service FBO Registrant.","Domain Privacy Service FBO Registrant.","10 Corporate Drive","Burlington","MA","01803","United States","kc2gow.net@domainprivacygroup.com","+1.6027165339","","","","","","","","","","","","ns1.domain.com","ns2.domain.com","","","","","",""
"6","kc2wug.net","2020-05-09 23:58:45","2020-05-08","2020-05-08","2022-05-08","886","Domain.com, LLC","whois.domain.com","http://www.domain.com","Domain Privacy Service FBO Registrant.","Domain Privacy Service FBO Registrant.","10 Corporate Drive","Burlington","MA","01803","United States","kc2wug.net@domainprivacygroup.com","+1.6027165339","","Domain Privacy Service FBO Registrant.","Domain Privacy Service FBO Registrant.","10 Corporate Drive","Burlington","MA","01803","United States","kc2wug.net@domainprivacygroup.com","+1.6027165339","","Domain Privacy Service FBO Registrant.","Domain Privacy Service FBO Registrant.","10 Corporate Drive","Burlington","MA","01803","United States","kc2wug.net@domainprivacygroup.com","+1.6027165339","","","","","","","","","","","","ns1.domain.com","ns2.domain.com","","","","","",""
"7","konsultan.digital","2020-05-09 21:38:57","2020-05-08","2020-05-08","2021-05-08","886","Domain.com, LLC","whois.domain.com","http://www.domain.com","REDACTED FOR PRIVACY","Data Protected","REDACTED FOR PRIVACY","REDACTED FOR PRIVACY","ON","REDACTED FOR PRIVACY","Canada","","REDACTED FOR PRIVACY","REDACTED FOR PRIVACY","","","","","","","","","","","","","","","","","","","","","","","","","","","","","","","","","","","addPeriod","","",""
"8","lebflag.net","2020-05-09 23:58:01","2020-05-07","2020-05-09","2022-05-07","886","Domain.com, LLC","whois.domain.com","http://www.domain.com","Domain Privacy Service FBO Registrant.","Domain Privacy Service FBO Registrant.","10 Corporate Drive","Burlington","MA","01803","United States","lebflag.net@domainprivacygroup.com","+1.6027165339","","Domain Privacy Service FBO Registrant.","Domain Privacy Service FBO Registrant.","10 Corporate Drive","Burlington","MA","01803","United States","lebflag.net@domainprivacygroup.com","+1.6027165339","","Domain Privacy Service FBO Registrant.","Domain Privacy Service FBO Registrant.","10 Corporate Drive","Burlington","MA","01803","United States","lebflag.net@domainprivacygroup.com","+1.6027165339","","","","","","","","","","","","ns1.domain.com","ns2.domain.com","","","","","",""
"9","lkwdsit.net","2020-05-09 23:57:43","2020-05-07","2020-05-07","2022-05-07","886","Domain.com, LLC","whois.domain.com","http://www.domain.com","Domain Privacy Service FBO Registrant.","Domain Privacy Service FBO Registrant.","10 Corporate Drive","Burlington","MA","01803","United States","lkwdsit.net@domainprivacygroup.com","+1.6027165339","","Domain Privacy Service FBO Registrant.","Domain Privacy Service FBO Registrant.","10 Corporate Drive","Burlington","MA","01803","United States","lkwdsit.net@domainprivacygroup.com","+1.6027165339","","Domain Privacy Service FBO Registrant.","Domain Privacy Service FBO Registrant.","10 Corporate Drive","Burlington","MA","01803","United States","lkwdsit.net@domainprivacygroup.com","+1.6027165339","","","","","","","","","","","","ns1.domain.com","ns2.domain.com","","","","","",""
"10","majesticaviation.net","2020-05-09 23:57:23","2020-05-07","2020-05-07","2021-05-07","886","Domain.com, LLC","whois.domain.com","http://www.domain.com","REDACTED FOR PRIVACY","REDACTED FOR PRIVACY","REDACTED FOR PRIVACY","REDACTED FOR PRIVACY","MS","REDACTED FOR PRIVACY","United States","","REDACTED FOR PRIVACY","REDACTED FOR PRIVACY","REDACTED FOR PRIVACY","REDACTED FOR PRIVACY","REDACTED FOR PRIVACY","REDACTED FOR PRIVACY","REDACTED FOR PRIVACY","REDACTED FOR PRIVACY","REDACTED FOR PRIVACY","","REDACTED FOR PRIVACY","REDACTED FOR PRIVACY","REDACTED FOR PRIVACY","REDACTED FOR PRIVACY","REDACTED FOR PRIVACY","REDACTED FOR PRIVACY","REDACTED FOR PRIVACY","REDACTED FOR PRIVACY","REDACTED FOR PRIVACY","","REDACTED FOR PRIVACY","REDACTED FOR PRIVACY","","","","","","","","","","","ns1.domain.com","ns2.domain.com","","","","","",""
"11","masoko.digital","2020-05-09 21:41:39","2020-05-08","2020-05-08","2021-05-08","886","Domain.com, LLC","whois.domain.com","http://www.domain.com","REDACTED FOR PRIVACY","Data Protected","REDACTED FOR PRIVACY","REDACTED FOR PRIVACY","ON","REDACTED FOR PRIVACY","Canada","","REDACTED FOR PRIVACY","REDACTED FOR PRIVACY","","","","","","","","","","","","","","","","","","","","","","","","","","","","","","","","","","","addPeriod","clientTransferProhibited","clientUpdateProhibited",""
"12","mauser-defense.net","2020-05-09 23:57:15","2020-05-08","2020-05-08","2021-05-08","886","Domain.com, LLC","whois.domain.com","http://www.domain.com","Domain Privacy Service FBO Registrant.","Domain Privacy Service FBO Registrant.","10 Corporate Drive","Burlington","MA","01803","United States","mauser-defense.net@domainprivacygroup.com","+1.6027165339","","Domain Privacy Service FBO Registrant.","Domain Privacy Service FBO Registrant.","10 Corporate Drive","Burlington","MA","01803","United States","mauser-defense.net@domainprivacygroup.com","+1.6027165339","","Domain Privacy Service FBO Registrant.","Domain Privacy Service FBO Registrant.","10 Corporate Drive","Burlington","MA","01803","United States","mauser-defense.net@domainprivacygroup.com","+1.6027165339","","","","","","","","","","","","ns1.ipage.com","ns2.ipage.com","","","","","",""
"13","meras.solutions","2020-05-10 01:06:46","2020-05-07","2020-05-07","2021-05-07","886","Domain.com, LLC","whois.domain.com","http://www.domain.com","REDACTED FOR PRIVACY","Data Protected","REDACTED FOR PRIVACY","REDACTED FOR PRIVACY","ON","REDACTED FOR PRIVACY","Canada","","REDACTED FOR PRIVACY","REDACTED FOR PRIVACY","","","","","","","","","","","","","","","","","","","","","","","","","","","","","","","","","","","addPeriod","","",""
"14","mmose.net","2020-05-09 23:56:57","2020-05-07","2020-05-08","2021-05-07","886","Domain.com, LLC","whois.domain.com","http://www.domain.com","Domain Privacy Service FBO Registrant.","Domain Privacy Service FBO Registrant.","10 Corporate Drive","Burlington","MA","01803","United States","mmose.net@domainprivacygroup.com","+1.6027165339","","Domain Privacy Service FBO Registrant.","Domain Privacy Service FBO Registrant.","10 Corporate Drive","Burlington","MA","01803","United States","mmose.net@domainprivacygroup.com","+1.6027165339","","Domain Privacy Service FBO Registrant.","Domain Privacy Service FBO Registrant.","10 Corporate Drive","Burlington","MA","01803","United States","mmose.net@domainprivacygroup.com","+1.6027165339","","","","","","","","","","","","ns1.domain.com","ns2.domain.com","","","","","",""
"15","mrinalbenin.net","2020-05-09 23:56:49","2020-05-08","2020-05-08","2022-05-08","886","Domain.com, LLC","whois.domain.com","http://www.domain.com","REDACTED FOR PRIVACY","REDACTED FOR PRIVACY","REDACTED FOR PRIVACY","REDACTED FOR PRIVACY","NA","REDACTED FOR PRIVACY","Benin","","REDACTED FOR PRIVACY","REDACTED FOR PRIVACY","REDACTED FOR PRIVACY","REDACTED FOR PRIVACY","REDACTED FOR PRIVACY","REDACTED FOR PRIVACY","REDACTED FOR PRIVACY","REDACTED FOR PRIVACY","REDACTED FOR PRIVACY","","REDACTED FOR PRIVACY","REDACTED FOR PRIVACY","REDACTED FOR PRIVACY","REDACTED FOR PRIVACY","REDACTED FOR PRIVACY","REDACTED FOR PRIVACY","REDACTED FOR PRIVACY","REDACTED FOR PRIVACY","REDACTED FOR PRIVACY","","REDACTED FOR PRIVACY","REDACTED FOR PRIVACY","","","","","","","","","","","ns1.domain.com","ns2.domain.com","","","","","",""
"16","olasciviles.net","2020-05-09 23:56:05","2020-05-08","2020-05-08","2022-05-08","886","Domain.com, LLC","whois.domain.com","http://www.domain.com","REDACTED FOR PRIVACY","REDACTED FOR PRIVACY","REDACTED FOR PRIVACY","REDACTED FOR PRIVACY","CA","REDACTED FOR PRIVACY","United States","","REDACTED FOR PRIVACY","REDACTED FOR PRIVACY","REDACTED FOR PRIVACY","REDACTED FOR PRIVACY","REDACTED FOR PRIVACY","REDACTED FOR PRIVACY","REDACTED FOR PRIVACY","REDACTED FOR PRIVACY","REDACTED FOR PRIVACY","","REDACTED FOR PRIVACY","REDACTED FOR PRIVACY","REDACTED FOR PRIVACY","REDACTED FOR PRIVACY","REDACTED FOR PRIVACY","REDACTED FOR PRIVACY","REDACTED FOR PRIVACY","REDACTED FOR PRIVACY","REDACTED FOR PRIVACY","","REDACTED FOR PRIVACY","REDACTED FOR PRIVACY","","","","","","","","","","","ns1.ipage.com","ns2.ipage.com","","","","","",""
"17","optionplays.net","2020-05-09 23:56:02","2020-05-08","2020-05-08","2021-05-08","886","Domain.com, LLC","whois.domain.com","http://www.domain.com","Domain Privacy Service FBO Registrant.","Domain Privacy Service FBO Registrant.","10 Corporate Drive","Burlington","MA","01803","United States","optionplays.net@domainprivacygroup.com","+1.6027165339","","Domain Privacy Service FBO Registrant.","Domain Privacy Service FBO Registrant.","10 Corporate Drive","Burlington","MA","01803","United States","optionplays.net@domainprivacygroup.com","+1.6027165339","","Domain Privacy Service FBO Registrant.","Domain Privacy Service FBO Registrant.","10 Corporate Drive","Burlington","MA","01803","United States","optionplays.net@domainprivacygroup.com","+1.6027165339","","","","","","","","","","","","ns6.wixdns.net","ns7.wixdns.net","","","","","",""
"18","pandoradreams.net","2020-05-09 23:56:01","2020-05-07","2020-05-07","2021-05-07","886","Domain.com, LLC","whois.domain.com","http://www.domain.com","REDACTED FOR PRIVACY","REDACTED FOR PRIVACY","REDACTED FOR PRIVACY","REDACTED FOR PRIVACY","GA","REDACTED FOR PRIVACY","United States","","REDACTED FOR PRIVACY","REDACTED FOR PRIVACY","REDACTED FOR PRIVACY","REDACTED FOR PRIVACY","REDACTED FOR PRIVACY","REDACTED FOR PRIVACY","REDACTED FOR PRIVACY","REDACTED FOR PRIVACY","REDACTED FOR PRIVACY","","REDACTED FOR PRIVACY","REDACTED FOR PRIVACY","REDACTED FOR PRIVACY","REDACTED FOR PRIVACY","REDACTED FOR PRIVACY","REDACTED FOR PRIVACY","REDACTED FOR PRIVACY","REDACTED FOR PRIVACY","REDACTED FOR PRIVACY","","REDACTED FOR PRIVACY","REDACTED FOR PRIVACY","","","","","","","","","","","ns1.domain.com","ns2.domain.com","","","","","",""
"19","partyowlnight.net","2020-05-09 23:56:00","2020-05-08","2020-05-08","2021-05-08","886","Domain.com, LLC","whois.domain.com","http://www.domain.com","Domain Privacy Service FBO Registrant.","Domain Privacy Service FBO Registrant.","10 Corporate Drive","Burlington","MA","01803","United States","partyowlnight.net@domainprivacygroup.com","+1.6027165339","","Domain Privacy Service FBO Registrant.","Domain Privacy Service FBO Registrant.","10 Corporate Drive","Burlington","MA","01803","United States","partyowlnight.net@domainprivacygroup.com","+1.6027165339","","Domain Privacy Service FBO Registrant.","Domain Privacy Service FBO Registrant.","10 Corporate Drive","Burlington","MA","01803","United States","partyowlnight.net@domainprivacygroup.com","+1.6027165339","","","","","","","","","","","","ns1.domain.com","ns2.domain.com","","","","","",""
"20","phatpapa.pizza","2020-05-10 00:00:43","2020-05-07","2020-05-07","2021-05-07","886","Domain.com, LLC","whois.domain.com","http://www.domain.com","REDACTED FOR PRIVACY","Domain Privacy Service FBO Registrant.","REDACTED FOR PRIVACY","REDACTED FOR PRIVACY","MA","REDACTED FOR PRIVACY","United States","","REDACTED FOR PRIVACY","REDACTED FOR PRIVACY","","","","","","","","","","","","","","","","","","","","","","","","","","","","","","","","","","","addPeriod","","",""
"21","popupdrive-in.net","2020-05-09 23:55:53","2020-05-08","2020-05-08","2021-05-08","886","Domain.com, LLC","whois.domain.com","http://www.domain.com","REDACTED FOR PRIVACY","REDACTED FOR PRIVACY","REDACTED FOR PRIVACY","REDACTED FOR PRIVACY","MD","REDACTED FOR PRIVACY","United States","","REDACTED FOR PRIVACY","REDACTED FOR PRIVACY","REDACTED FOR PRIVACY","REDACTED FOR PRIVACY","REDACTED FOR PRIVACY","REDACTED FOR PRIVACY","REDACTED FOR PRIVACY","REDACTED FOR PRIVACY","REDACTED FOR PRIVACY","","REDACTED FOR PRIVACY","REDACTED FOR PRIVACY","REDACTED FOR PRIVACY","REDACTED FOR PRIVACY","REDACTED FOR PRIVACY","REDACTED FOR PRIVACY","REDACTED FOR PRIVACY","REDACTED FOR PRIVACY","REDACTED FOR PRIVACY","","REDACTED FOR PRIVACY","REDACTED FOR PRIVACY","","","","","","","","","","","ns1.ipower-default.domainparkingserver.net","ns2.ipower-default.domainparkingserver.net","","","clientTransferProhibited","clientUpdateProhibited","",""
"22","popupdriveins.net","2020-05-09 23:55:53","2020-05-08","2020-05-08","2021-05-08","886","Domain.com, LLC","whois.domain.com","http://www.domain.com","REDACTED FOR PRIVACY","REDACTED FOR PRIVACY","REDACTED FOR PRIVACY","REDACTED FOR PRIVACY","MD","REDACTED FOR PRIVACY","United States","","REDACTED FOR PRIVACY","REDACTED FOR PRIVACY","REDACTED FOR PRIVACY","REDACTED FOR PRIVACY","REDACTED FOR PRIVACY","REDACTED FOR PRIVACY","REDACTED FOR PRIVACY","REDACTED FOR PRIVACY","REDACTED FOR PRIVACY","","REDACTED FOR PRIVACY","REDACTED FOR PRIVACY","REDACTED FOR PRIVACY","REDACTED FOR PRIVACY","REDACTED FOR PRIVACY","REDACTED FOR PRIVACY","REDACTED FOR PRIVACY","REDACTED FOR PRIVACY","REDACTED FOR PRIVACY","","REDACTED FOR PRIVACY","REDACTED FOR PRIVACY","","","","","","","","","","","ns1.ipower-default.domainparkingserver.net","ns2.ipower-default.domainparkingserver.net","","","clientTransferProhibited","clientUpdateProhibited","",""
"23","popupdriveintheater.net","2020-05-09 23:55:58","2020-05-08","2020-05-08","2021-05-08","886","Domain.com, LLC","whois.domain.com","http://www.domain.com","REDACTED FOR PRIVACY","REDACTED FOR PRIVACY","REDACTED FOR PRIVACY","REDACTED FOR PRIVACY","MD","REDACTED FOR PRIVACY","United States","","REDACTED FOR PRIVACY","REDACTED FOR PRIVACY","REDACTED FOR PRIVACY","REDACTED FOR PRIVACY","REDACTED FOR PRIVACY","REDACTED FOR PRIVACY","REDACTED FOR PRIVACY","REDACTED FOR PRIVACY","REDACTED FOR PRIVACY","","REDACTED FOR PRIVACY","REDACTED FOR PRIVACY","REDACTED FOR PRIVACY","REDACTED FOR PRIVACY","REDACTED FOR PRIVACY","REDACTED FOR PRIVACY","REDACTED FOR PRIVACY","REDACTED FOR PRIVACY","REDACTED FOR PRIVACY","","REDACTED FOR PRIVACY","REDACTED FOR PRIVACY","","","","","","","","","","","ns1.ipower-default.domainparkingserver.net","ns2.ipower-default.domainparkingserver.net","","","clientTransferProhibited","clientUpdateProhibited","",""
"24","popupmovies.net","2020-05-09 23:55:53","2020-05-08","2020-05-08","2021-05-08","886","Domain.com, LLC","whois.domain.com","http://www.domain.com","REDACTED FOR PRIVACY","REDACTED FOR PRIVACY","REDACTED FOR PRIVACY","REDACTED FOR PRIVACY","MD","REDACTED FOR PRIVACY","United States","","REDACTED FOR PRIVACY","REDACTED FOR PRIVACY","REDACTED FOR PRIVACY","REDACTED FOR PRIVACY","REDACTED FOR PRIVACY","REDACTED FOR PRIVACY","REDACTED FOR PRIVACY","REDACTED FOR PRIVACY","REDACTED FOR PRIVACY","","REDACTED FOR PRIVACY","REDACTED FOR PRIVACY","REDACTED FOR PRIVACY","REDACTED FOR PRIVACY","REDACTED FOR PRIVACY","REDACTED FOR PRIVACY","REDACTED FOR PRIVACY","REDACTED FOR PRIVACY","REDACTED FOR PRIVACY","","REDACTED FOR PRIVACY","REDACTED FOR PRIVACY","","","","","","","","","","","ns1.ipower-default.domainparkingserver.net","ns2.ipower-default.domainparkingserver.net","","","clientTransferProhibited","clientUpdateProhibited","",""
"25","popuptheater.net","2020-05-09 23:55:53","2020-05-08","2020-05-08","2021-05-08","886","Domain.com, LLC","whois.domain.com","http://www.domain.com","REDACTED FOR PRIVACY","REDACTED FOR PRIVACY","REDACTED FOR PRIVACY","REDACTED FOR PRIVACY","MD","REDACTED FOR PRIVACY","United States","","REDACTED FOR PRIVACY","REDACTED FOR PRIVACY","REDACTED FOR PRIVACY","REDACTED FOR PRIVACY","REDACTED FOR PRIVACY","REDACTED FOR PRIVACY","REDACTED FOR PRIVACY","REDACTED FOR PRIVACY","REDACTED FOR PRIVACY","","REDACTED FOR PRIVACY","REDACTED FOR PRIVACY","REDACTED FOR PRIVACY","REDACTED FOR PRIVACY","REDACTED FOR PRIVACY","REDACTED FOR PRIVACY","REDACTED FOR PRIVACY","REDACTED FOR PRIVACY","REDACTED FOR PRIVACY","","REDACTED FOR PRIVACY","REDACTED FOR PRIVACY","","","","","","","","","","","ns1.ipower-default.domainparkingserver.net","ns2.ipower-default.domainparkingserver.net","","","clientTransferProhibited","clientUpdateProhibited","",""
"26","printply.net","2020-05-09 23:55:52","2020-05-07","2020-05-07","2022-05-07","886","Domain.com, LLC","whois.domain.com","http://www.domain.com","Domain Privacy Service FBO Registrant.","Domain Privacy Service FBO Registrant.","10 Corporate Drive","Burlington","MA","01803","United States","printply.net@domainprivacygroup.com","+1.6027165339","","Domain Privacy Service FBO Registrant.","Domain Privacy Service FBO Registrant.","10 Corporate Drive","Burlington","MA","01803","United States","printply.net@domainprivacygroup.com","+1.6027165339","","Domain Privacy Service FBO Registrant.","Domain Privacy Service FBO Registrant.","10 Corporate Drive","Burlington","MA","01803","United States","printply.net@domainprivacygroup.com","+1.6027165339","","","","","","","","","","","","ns1.ipower.com","ns2.ipower.com","","","clientTransferProhibited","clientUpdateProhibited","",""
"27","proofpositivegroup.biz","2020-05-09 08:50:18","2020-05-01","2020-05-06","2021-05-01","886","Domain.com, LLC","whois.domain.com","http://www.domain.com","Domain Privacy Service FBO Registrant.","Domain Privacy Service FBO Registrant.","","","MA","","United States","","","","","","","","","","","","","","","","","","","","","","","","","","","","","","","","","","ns1.domain.com","ns2.domain.com","","","OK","","",""
"28","resera.biz","2020-05-09 08:20:16","2020-05-04","2020-05-09","2021-05-04","886","Domain.com, LLC","whois.domain.com","http://www.domain.com","Domain Privacy Service FBO Registrant.","Domain Privacy Service FBO Registrant.","","","MA","","United States","","","","","","","","","","","","","","","","","","","","","","","","","","","","","","","","","","ns1.domaincom-default.domainparkingserver.net","ns2.domaincom-default.domainparkingserver.net","","","OK","","",""
"29","storycab.biz","2020-05-09 07:04:44","2020-05-07","","2021-05-07","886","Domain.com, LLC","whois.domain.com","http://www.domain.com","Data Protected","Data Protected","","","ON","","Canada","","","","","","","","","","","","","","","","","","","","","","","","","","","","","","","","","","ns1.domain.com","ns2.domain.com","","","addPeriod","ok","",""
"30","thekey.plus","2020-05-10 00:00:43","2020-05-07","2020-05-07","2021-05-07","886","Domain.com, LLC","whois.domain.com","http://www.domain.com","REDACTED FOR PRIVACY","Domain Privacy Service FBO Registrant.","REDACTED FOR PRIVACY","REDACTED FOR PRIVACY","MA","REDACTED FOR PRIVACY","United States","","REDACTED FOR PRIVACY","REDACTED FOR PRIVACY","","","","","","","","","","","","","","","","","","","","","","","","","","","","","","","","","","","addPeriod","clientTransferProhibited","clientUpdateProhibited",""
"31","unlife.coach","2020-05-09 20:34:11","2020-05-07","2020-05-07","2021-05-07","886","Domain.com, LLC","whois.domain.com","http://www.domain.com","REDACTED FOR PRIVACY","Domain Privacy Service FBO Registrant.","REDACTED FOR PRIVACY","REDACTED FOR PRIVACY","MA","REDACTED FOR PRIVACY","United States","","REDACTED FOR PRIVACY","REDACTED FOR PRIVACY","","","","","","","","","","","","","","","","","","","","","","","","","","","","","","","","","","","addPeriod","","",""