"num","domain_name","query_time","create_date","update_date","expiry_date","domain_registrar_id","domain_registrar_name","domain_registrar_whois","domain_registrar_url","registrant_name","registrant_company","registrant_address","registrant_city","registrant_state","registrant_zip","registrant_country","registrant_email","registrant_phone","registrant_fax","administrative_name","administrative_company","administrative_address","administrative_city","administrative_state","administrative_zip","administrative_country","administrative_email","administrative_phone","administrative_fax","technical_name","technical_company","technical_address","technical_city","technical_state","technical_zip","technical_country","technical_email","technical_phone","technical_fax","billing_name","billing_company","billing_address","billing_city","billing_state","billing_zip","billing_country","billing_email","billing_phone","billing_fax","name_server_1","name_server_2","name_server_3","name_server_4","domain_status_1","domain_status_2","domain_status_3","domain_status_4"
"1","ahostingwebsiteav5q2dft.biz","2020-05-09 15:45:13","2020-05-06","2020-05-08","2021-05-06","472","Dynadot, LLC","whois.dynadot.com","http://www.dynadot.com","","","","","California","","United States","","","","","","","","","","","","","","","","","","","","","","","","","","","","","","","","","","ns1.phonesear.ch","ns2.phonesear.ch","ns3.phonesear.ch","","addPeriod","clientTransferProhibited","",""
"2","ahostingwebsitepyw8y2ah.biz","2020-05-09 15:45:13","2020-05-06","2020-05-08","2021-05-06","472","Dynadot, LLC","whois.dynadot.com","http://www.dynadot.com","","","","","California","","United States","","","","","","","","","","","","","","","","","","","","","","","","","","","","","","","","","","ns1.phonesear.ch","ns2.phonesear.ch","ns3.phonesear.ch","","addPeriod","clientTransferProhibited","",""
"3","bigcup.coffee","2020-05-09 20:34:11","2020-05-07","2020-05-07","2021-05-07","472","Dynadot, LLC","whois.dynadot.com","http://www.dynadot.com","REDACTED FOR PRIVACY","","REDACTED FOR PRIVACY","REDACTED FOR PRIVACY","California","REDACTED FOR PRIVACY","United States","","REDACTED FOR PRIVACY","REDACTED FOR PRIVACY","","","","","","","","","","","","","","","","","","","","","","","","","","","","","","","","","","","addPeriod","clientTransferProhibited","",""
"4","boxing.express","2020-05-09 22:08:39","2020-05-09","2020-05-09","2021-05-09","472","Dynadot, LLC","whois.dynadot.com","http://www.dynadot.com","REDACTED FOR PRIVACY","","REDACTED FOR PRIVACY","REDACTED FOR PRIVACY","California","REDACTED FOR PRIVACY","United States","","REDACTED FOR PRIVACY","REDACTED FOR PRIVACY","","","","","","","","","","","","","","","","","","","","","","","","","","","","","","","","","","","addPeriod","clientTransferProhibited","",""
"5","cheat-at.poker","2020-05-10 00:00:50","2020-05-07","2020-05-07","2021-05-07","472","Dynadot, LLC","whois.dynadot.com","http://www.dynadot.com","","","","","California","","United States","","","","","","","","","","","","","","","","","","","","","","","","","","","","","","","","","","ns1.dynadot.com","ns2.dynadot.com","","","addPeriod","clientTransferProhibited","serverTransferProhibited",""
"6","cheating-at.poker","2020-05-10 00:00:49","2020-05-07","2020-05-07","2021-05-07","472","Dynadot, LLC","whois.dynadot.com","http://www.dynadot.com","","","","","California","","United States","","","","","","","","","","","","","","","","","","","","","","","","","","","","","","","","","","ns1.dynadot.com","ns2.dynadot.com","","","addPeriod","clientTransferProhibited","serverTransferProhibited",""
"7","clinica.expert","2020-05-09 22:10:43","2020-05-07","2020-05-07","2021-05-07","472","Dynadot, LLC","whois.dynadot.com","http://www.dynadot.com","REDACTED FOR PRIVACY","","REDACTED FOR PRIVACY","REDACTED FOR PRIVACY","California","REDACTED FOR PRIVACY","United States","","REDACTED FOR PRIVACY","REDACTED FOR PRIVACY","","","","","","","","","","","","","","","","","","","","","","","","","","","","","","","","","","","addPeriod","clientTransferProhibited","",""
"8","consultancy.solutions","2020-05-10 01:06:45","2020-05-07","2020-05-07","2021-05-07","472","Dynadot, LLC","whois.dynadot.com","http://www.dynadot.com","REDACTED FOR PRIVACY","","REDACTED FOR PRIVACY","REDACTED FOR PRIVACY","California","REDACTED FOR PRIVACY","United States","","REDACTED FOR PRIVACY","REDACTED FOR PRIVACY","","","","","","","","","","","","","","","","","","","","","","","","","","","","","","","","","","","addPeriod","clientTransferProhibited","",""
"9","cptongkatali.plus","2020-05-10 00:00:47","2020-05-08","2020-05-08","2021-05-08","472","Dynadot, LLC","whois.dynadot.com","http://www.dynadot.com","REDACTED FOR PRIVACY","","REDACTED FOR PRIVACY","REDACTED FOR PRIVACY","California","REDACTED FOR PRIVACY","United States","","REDACTED FOR PRIVACY","REDACTED FOR PRIVACY","","","","","","","","","","","","","","","","","","","","","","","","","","","","","","","","","","","addPeriod","clientTransferProhibited","",""
"10","cryptoline.co","2020-05-09 14:51:23","2020-05-06","2020-05-07","2021-05-06","472","Dynadot, LLC","whois.dynadot.com","http://www.dynadot.com","","","","","California","","United States","","","","","","","","","","","","","","","","","","","","","","","","","","","","","","","","","","ns1.dan.com","ns2.dan.com","","","addPeriod","clientTransferProhibited","",""
"11","editora.expert","2020-05-09 22:10:46","2020-05-07","2020-05-07","2021-05-07","472","Dynadot, LLC","whois.dynadot.com","http://www.dynadot.com","REDACTED FOR PRIVACY","","REDACTED FOR PRIVACY","REDACTED FOR PRIVACY","California","REDACTED FOR PRIVACY","United States","","REDACTED FOR PRIVACY","REDACTED FOR PRIVACY","","","","","","","","","","","","","","","","","","","","","","","","","","","","","","","","","","","addPeriod","clientTransferProhibited","",""
"12","estetica.expert","2020-05-09 22:10:42","2020-05-07","2020-05-07","2021-05-07","472","Dynadot, LLC","whois.dynadot.com","http://www.dynadot.com","REDACTED FOR PRIVACY","","REDACTED FOR PRIVACY","REDACTED FOR PRIVACY","California","REDACTED FOR PRIVACY","United States","","REDACTED FOR PRIVACY","REDACTED FOR PRIVACY","","","","","","","","","","","","","","","","","","","","","","","","","","","","","","","","","","","addPeriod","clientTransferProhibited","",""
"13","froth-blowers.club","2020-05-09 20:36:37","2020-05-07","2020-05-07","2021-05-07","472","Dynadot, LLC","whois.dynadot.com","http://www.dynadot.com","","","","","California","","United States","","","","","","","","","","","","","","","","","","","","","","","","","","","","","","","","","","ns1.dynadot.com","ns2.dynadot.com","","","addPeriod","clientTransferProhibited","",""
"14","ginseng.coffee","2020-05-09 20:34:09","2020-05-07","2020-05-07","2021-05-07","472","Dynadot, LLC","whois.dynadot.com","http://www.dynadot.com","REDACTED FOR PRIVACY","","REDACTED FOR PRIVACY","REDACTED FOR PRIVACY","California","REDACTED FOR PRIVACY","United States","","REDACTED FOR PRIVACY","REDACTED FOR PRIVACY","","","","","","","","","","","","","","","","","","","","","","","","","","","","","","","","","","","addPeriod","clientTransferProhibited","",""
"15","gradeserve.biz","2020-05-09 17:12:32","2020-05-06","2020-05-08","2021-05-06","472","Dynadot, LLC","whois.dynadot.com","http://www.dynadot.com","","","","","California","","United States","","","","","","","","","","","","","","","","","","","","","","","","","","","","","","","","","","ns1.phonesear.ch","ns2.phonesear.ch","ns3.phonesear.ch","","addPeriod","clientTransferProhibited","",""
"16","guangjie.plus","2020-05-10 00:00:47","2020-05-07","2020-05-07","2021-05-07","472","Dynadot, LLC","whois.dynadot.com","http://www.dynadot.com","REDACTED FOR PRIVACY","","REDACTED FOR PRIVACY","REDACTED FOR PRIVACY","Henan Province","REDACTED FOR PRIVACY","China","","REDACTED FOR PRIVACY","REDACTED FOR PRIVACY","","","","","","","","","","","","","","","","","","","","","","","","","","","","","","","","","","","addPeriod","clientTransferProhibited","",""
"17","handshake.biz","2020-05-09 17:14:31","2020-05-03","2020-05-08","2021-05-03","472","Dynadot, LLC","whois.dynadot.com","http://www.dynadot.com","","","","","California","","United States","","","","","","","","","","","","","","","","","","","","","","","","","","","","","","","","","","ns1.dynadot.com","ns2.dynadot.com","","","clientTransferProhibited","","",""
"18","homes.solutions","2020-05-10 01:06:45","2020-05-08","2020-05-08","2021-05-08","472","Dynadot, LLC","whois.dynadot.com","http://www.dynadot.com","REDACTED FOR PRIVACY","","REDACTED FOR PRIVACY","REDACTED FOR PRIVACY","California","REDACTED FOR PRIVACY","United States","","REDACTED FOR PRIVACY","REDACTED FOR PRIVACY","","","","","","","","","","","","","","","","","","","","","","","","","","","","","","","","","","","addPeriod","clientTransferProhibited","",""
"19","interiordesigner.biz","2020-05-09 11:34:27","2020-05-03","2020-05-08","2021-05-03","472","Dynadot, LLC","whois.dynadot.com","http://www.dynadot.com","","","","","California","","United States","","","","","","","","","","","","","","","","","","","","","","","","","","","","","","","","","","ns1.dynadot.com","ns2.dynadot.com","","","clientTransferProhibited","","",""
"20","invoicing.biz","2020-05-09 17:34:04","2020-05-02","2020-05-07","2021-05-02","472","Dynadot, LLC","whois.dynadot.com","http://www.dynadot.com","","","","","California","","United States","","","","","","","","","","","","","","","","","","","","","","","","","","","","","","","","","","ns1.dynadot.com","ns2.dynadot.com","","","clientTransferProhibited","","",""
"21","iwanttoloseweight.net","2020-05-09 23:59:19","2020-05-08","2020-05-08","2021-05-08","472","Dynadot, LLC","whois.dynadot.com","http://www.dynadot.com","Super Privacy Service LTD c/o Dynadot","","PO Box 701","San Mateo","California","94401","United States","iwanttoloseweight.net@superprivacyservice.com","+1.6505854708","","Super Privacy Service LTD c/o Dynadot","","PO Box 701","San Mateo","California","94401","United States","iwanttoloseweight.net@superprivacyservice.com","+1.6505854708","","Super Privacy Service LTD c/o Dynadot","","PO Box 701","San Mateo","California","94401","United States","iwanttoloseweight.net@superprivacyservice.com","+1.6505854708","","","","","","","","","","","","ns-a-1.getresponse.com","ns-a-2.getresponse.com","","","clientTransferProhibited","","",""
"22","japanhub.bet","2020-05-09 15:48:47","2020-05-09","2020-05-09","2021-05-09","472","Dynadot, LLC","whois.dynadot.com","http://www.dynadot.com","","","","","California","","United States","","","","","","","","","","","","","","","","","","","","","","","","","","","","","","","","","","ns1.above.com","ns2.above.com","","","addPeriod","clientTransferProhibited","serverTransferProhibited",""
"23","jcuclientes.net","2020-05-09 23:59:13","2020-05-07","2020-05-07","2021-05-07","472","Dynadot, LLC","whois.dynadot.com","http://www.dynadot.com","Super Privacy Service LTD c/o Dynadot","","PO Box 701","San Mateo","California","94401","United States","jcuclientes.net@superprivacyservice.com","+1.6505854708","","Super Privacy Service LTD c/o Dynadot","","PO Box 701","San Mateo","California","94401","United States","jcuclientes.net@superprivacyservice.com","+1.6505854708","","Super Privacy Service LTD c/o Dynadot","","PO Box 701","San Mateo","California","94401","United States","jcuclientes.net@superprivacyservice.com","+1.6505854708","","","","","","","","","","","","ns1.jeusnet.com","ns2.jeusnet.com","","","clientTransferProhibited","","",""
"24","jeansmurah.net","2020-05-09 23:59:13","2020-05-08","2020-05-08","2021-05-08","472","Dynadot, LLC","whois.dynadot.com","http://www.dynadot.com","Super Privacy Service LTD c/o Dynadot","","PO Box 701","San Mateo","California","94401","United States","jeansmurah.net@superprivacyservice.com","+1.6505854708","","Super Privacy Service LTD c/o Dynadot","","PO Box 701","San Mateo","California","94401","United States","jeansmurah.net@superprivacyservice.com","+1.6505854708","","Super Privacy Service LTD c/o Dynadot","","PO Box 701","San Mateo","California","94401","United States","jeansmurah.net@superprivacyservice.com","+1.6505854708","","","","","","","","","","","","ns1.dynadot.com","ns2.dynadot.com","","","clientTransferProhibited","","",""
"25","kamie-shizuka.net","2020-05-09 23:58:46","2020-05-07","2020-05-07","2021-05-07","472","Dynadot, LLC","whois.dynadot.com","http://www.dynadot.com","Super Privacy Service LTD c/o Dynadot","","PO Box 701","San Mateo","California","94401","United States","kamie-shizuka.net@superprivacyservice.com","+1.6505854708","","Super Privacy Service LTD c/o Dynadot","","PO Box 701","San Mateo","California","94401","United States","kamie-shizuka.net@superprivacyservice.com","+1.6505854708","","Super Privacy Service LTD c/o Dynadot","","PO Box 701","San Mateo","California","94401","United States","kamie-shizuka.net@superprivacyservice.com","+1.6505854708","","","","","","","","","","","","ns1.dynadot.com","ns2.dynadot.com","","","clientTransferProhibited","","",""
"26","kibyshop.net","2020-05-09 23:58:37","2020-05-08","2020-05-08","2021-05-08","472","Dynadot, LLC","whois.dynadot.com","http://www.dynadot.com","Super Privacy Service LTD c/o Dynadot","","PO Box 701","San Mateo","California","94401","United States","kibyshop.net@superprivacyservice.com","+1.6505854708","","Super Privacy Service LTD c/o Dynadot","","PO Box 701","San Mateo","California","94401","United States","kibyshop.net@superprivacyservice.com","+1.6505854708","","Super Privacy Service LTD c/o Dynadot","","PO Box 701","San Mateo","California","94401","United States","kibyshop.net@superprivacyservice.com","+1.6505854708","","","","","","","","","","","","ns1.youcan.shop","ns2.youcan.shop","","","clientTransferProhibited","","",""
"27","kimaya.net","2020-05-09 23:58:35","2020-05-07","2020-05-08","2021-05-07","472","Dynadot, LLC","whois.dynadot.com","http://www.dynadot.com","Super Privacy Service LTD c/o Dynadot","","PO Box 701","San Mateo","California","94401","United States","kimaya.net@superprivacyservice.com","+1.6505854708","","Super Privacy Service LTD c/o Dynadot","","PO Box 701","San Mateo","California","94401","United States","kimaya.net@superprivacyservice.com","+1.6505854708","","Super Privacy Service LTD c/o Dynadot","","PO Box 701","San Mateo","California","94401","United States","kimaya.net@superprivacyservice.com","+1.6505854708","","","","","","","","","","","","ns1.undeveloped.com","ns2.undeveloped.com","","","clientTransferProhibited","","",""
"28","kino-fs.club","2020-05-09 20:35:57","2020-05-07","2020-05-07","2021-05-07","472","Dynadot, LLC","whois.dynadot.com","http://www.dynadot.com","","","","","California","","United States","","","","","","","","","","","","","","","","","","","","","","","","","","","","","","","","","","cameron.ns.cloudflare.com","margaret.ns.cloudflare.com","","","addPeriod","clientTransferProhibited","",""
"29","koniguhren.net","2020-05-09 23:58:26","2020-05-08","2020-05-08","2021-05-08","472","Dynadot, LLC","whois.dynadot.com","http://www.dynadot.com","Super Privacy Service LTD c/o Dynadot","","PO Box 701","San Mateo","California","94401","United States","koniguhren.net@superprivacyservice.com","+1.6505854708","","Super Privacy Service LTD c/o Dynadot","","PO Box 701","San Mateo","California","94401","United States","koniguhren.net@superprivacyservice.com","+1.6505854708","","Super Privacy Service LTD c/o Dynadot","","PO Box 701","San Mateo","California","94401","United States","koniguhren.net@superprivacyservice.com","+1.6505854708","","","","","","","","","","","","cloe.ns.cloudflare.com","sri.ns.cloudflare.com","","","clientTransferProhibited","","",""
"30","kronos-digital.net","2020-05-09 23:58:23","2020-05-08","2020-05-08","2021-05-08","472","Dynadot, LLC","whois.dynadot.com","http://www.dynadot.com","Super Privacy Service LTD c/o Dynadot","","PO Box 701","San Mateo","California","94401","United States","kronos-digital.net@superprivacyservice.com","+1.6505854708","","Super Privacy Service LTD c/o Dynadot","","PO Box 701","San Mateo","California","94401","United States","kronos-digital.net@superprivacyservice.com","+1.6505854708","","Super Privacy Service LTD c/o Dynadot","","PO Box 701","San Mateo","California","94401","United States","kronos-digital.net@superprivacyservice.com","+1.6505854708","","","","","","","","","","","","ns8401.hostgator.com","ns8402.hostgator.com","","","clientTransferProhibited","","",""
"31","laurelbuyshouses.net","2020-05-09 23:58:04","2020-05-08","2020-05-08","2021-05-08","472","Dynadot, LLC","whois.dynadot.com","http://www.dynadot.com","Super Privacy Service LTD c/o Dynadot","","PO Box 701","San Mateo","California","94401","United States","laurelbuyshouses.net@superprivacyservice.com","+1.6505854708","","Super Privacy Service LTD c/o Dynadot","","PO Box 701","San Mateo","California","94401","United States","laurelbuyshouses.net@superprivacyservice.com","+1.6505854708","","Super Privacy Service LTD c/o Dynadot","","PO Box 701","San Mateo","California","94401","United States","laurelbuyshouses.net@superprivacyservice.com","+1.6505854708","","","","","","","","","","","","ns1.dynadot.com","ns2.dynadot.com","","","clientTransferProhibited","","",""
"32","livehealthymeals.net","2020-05-09 23:57:44","2020-05-07","2020-05-07","2021-05-07","472","Dynadot, LLC","whois.dynadot.com","http://www.dynadot.com","Super Privacy Service LTD c/o Dynadot","","PO Box 701","San Mateo","California","94401","United States","livehealthymeals.net@superprivacyservice.com","+1.6505854708","","Super Privacy Service LTD c/o Dynadot","","PO Box 701","San Mateo","California","94401","United States","livehealthymeals.net@superprivacyservice.com","+1.6505854708","","Super Privacy Service LTD c/o Dynadot","","PO Box 701","San Mateo","California","94401","United States","livehealthymeals.net@superprivacyservice.com","+1.6505854708","","","","","","","","","","","","ns1.dynadot.com","ns2.dynadot.com","","","clientTransferProhibited","","",""
"33","loveurneighborhood.net","2020-05-09 23:57:34","2020-05-07","2020-05-07","2021-05-07","472","Dynadot, LLC","whois.dynadot.com","http://www.dynadot.com","Super Privacy Service LTD c/o Dynadot","","PO Box 701","San Mateo","California","94401","United States","loveurneighborhood.net@superprivacyservice.com","+1.6505854708","","Super Privacy Service LTD c/o Dynadot","","PO Box 701","San Mateo","California","94401","United States","loveurneighborhood.net@superprivacyservice.com","+1.6505854708","","Super Privacy Service LTD c/o Dynadot","","PO Box 701","San Mateo","California","94401","United States","loveurneighborhood.net@superprivacyservice.com","+1.6505854708","","","","","","","","","","","","ns1.dynadot.com","ns2.dynadot.com","","","clientTransferProhibited","","",""
"34","loveyrneighborhood.net","2020-05-09 23:57:34","2020-05-07","2020-05-07","2021-05-07","472","Dynadot, LLC","whois.dynadot.com","http://www.dynadot.com","Super Privacy Service LTD c/o Dynadot","","PO Box 701","San Mateo","California","94401","United States","loveyrneighborhood.net@superprivacyservice.com","+1.6505854708","","Super Privacy Service LTD c/o Dynadot","","PO Box 701","San Mateo","California","94401","United States","loveyrneighborhood.net@superprivacyservice.com","+1.6505854708","","Super Privacy Service LTD c/o Dynadot","","PO Box 701","San Mateo","California","94401","United States","loveyrneighborhood.net@superprivacyservice.com","+1.6505854708","","","","","","","","","","","","ns1.dynadot.com","ns2.dynadot.com","","","clientTransferProhibited","","",""
"35","madeingreece.club","2020-05-09 20:35:46","2020-05-07","2020-05-07","2021-05-07","472","Dynadot, LLC","whois.dynadot.com","http://www.dynadot.com","","","","","California","","United States","","","","","","","","","","","","","","","","","","","","","","","","","","","","","","","","","","ns1.site5.com","ns2.site5.com","","","addPeriod","clientTransferProhibited","",""
"36","magister.bet","2020-05-09 15:48:03","2020-05-08","2020-05-09","2021-05-08","472","Dynadot, LLC","whois.dynadot.com","http://www.dynadot.com","hello@thedomain.io","hello@thedomain.io","","","Harju","","Estonia","","","","","","","","","","","","","","","","","","","","","","","","","","","","","","","","","","ns1.dynadot.com","ns2.dynadot.com","","","addPeriod","serverTransferProhibited","",""
"37","managevr.club","2020-05-09 20:35:46","2020-05-07","2020-05-07","2021-05-07","472","Dynadot, LLC","whois.dynadot.com","http://www.dynadot.com","","","","","California","","United States","","","","","","","","","","","","","","","","","","","","","","","","","","","","","","","","","","jade.ns.cloudflare.com","lynn.ns.cloudflare.com","","","addPeriod","clientTransferProhibited","",""
"38","matt-holliday.net","2020-05-09 23:57:16","2020-05-08","2020-05-08","2021-05-08","472","Dynadot, LLC","whois.dynadot.com","http://www.dynadot.com","Super Privacy Service LTD c/o Dynadot","","PO Box 701","San Mateo","California","94401","United States","matt-holliday.net@superprivacyservice.com","+1.6505854708","","Super Privacy Service LTD c/o Dynadot","","PO Box 701","San Mateo","California","94401","United States","matt-holliday.net@superprivacyservice.com","+1.6505854708","","Super Privacy Service LTD c/o Dynadot","","PO Box 701","San Mateo","California","94401","United States","matt-holliday.net@superprivacyservice.com","+1.6505854708","","","","","","","","","","","","ns1.dynadot.com","ns2.dynadot.com","","","clientTransferProhibited","","",""
"39","maxmart.biz","2020-05-09 18:01:05","2020-05-07","2020-05-07","2021-05-07","472","Dynadot, LLC","whois.dynadot.com","http://www.dynadot.com","","","","","California","","United States","","","","","","","","","","","","","","","","","","","","","","","","","","","","","","","","","","ns1.dynadot.com","ns2.dynadot.com","","","addPeriod","clientTransferProhibited","",""
"40","mazatlaninmobiliario.net","2020-05-09 23:57:14","2020-05-07","2020-05-07","2021-05-07","472","Dynadot, LLC","whois.dynadot.com","http://www.dynadot.com","Super Privacy Service LTD c/o Dynadot","","PO Box 701","San Mateo","California","94401","United States","mazatlaninmobiliario.net@superprivacyservice.com","+1.6505854708","","Super Privacy Service LTD c/o Dynadot","","PO Box 701","San Mateo","California","94401","United States","mazatlaninmobiliario.net@superprivacyservice.com","+1.6505854708","","Super Privacy Service LTD c/o Dynadot","","PO Box 701","San Mateo","California","94401","United States","mazatlaninmobiliario.net@superprivacyservice.com","+1.6505854708","","","","","","","","","","","","ns1.easybroker.com","ns2.easybroker.com","ns3.easybroker.com","","clientTransferProhibited","","",""
"41","meamiga.net","2020-05-09 23:57:11","2020-05-08","2020-05-08","2021-05-08","472","Dynadot, LLC","whois.dynadot.com","http://www.dynadot.com","Super Privacy Service LTD c/o Dynadot","","PO Box 701","San Mateo","California","94401","United States","meamiga.net@superprivacyservice.com","+1.6505854708","","Super Privacy Service LTD c/o Dynadot","","PO Box 701","San Mateo","California","94401","United States","meamiga.net@superprivacyservice.com","+1.6505854708","","Super Privacy Service LTD c/o Dynadot","","PO Box 701","San Mateo","California","94401","United States","meamiga.net@superprivacyservice.com","+1.6505854708","","","","","","","","","","","","ns1.youcan.shop","ns2.youcan.shop","","","clientTransferProhibited","","",""
"42","medicina.expert","2020-05-09 22:10:42","2020-05-07","2020-05-07","2021-05-07","472","Dynadot, LLC","whois.dynadot.com","http://www.dynadot.com","REDACTED FOR PRIVACY","","REDACTED FOR PRIVACY","REDACTED FOR PRIVACY","California","REDACTED FOR PRIVACY","United States","","REDACTED FOR PRIVACY","REDACTED FOR PRIVACY","","","","","","","","","","","","","","","","","","","","","","","","","","","","","","","","","","","addPeriod","clientTransferProhibited","",""
"43","meu.plus","2020-05-10 00:00:48","2020-05-08","2020-05-08","2021-05-08","472","Dynadot, LLC","whois.dynadot.com","http://www.dynadot.com","REDACTED FOR PRIVACY","","REDACTED FOR PRIVACY","REDACTED FOR PRIVACY","California","REDACTED FOR PRIVACY","United States","","REDACTED FOR PRIVACY","REDACTED FOR PRIVACY","","","","","","","","","","","","","","","","","","","","","","","","","","","","","","","","","","","addPeriod","clientTransferProhibited","",""
"44","micarta.digital","2020-05-09 21:40:29","2020-05-07","2020-05-07","2021-05-07","472","Dynadot, LLC","whois.dynadot.com","http://www.dynadot.com","REDACTED FOR PRIVACY","","REDACTED FOR PRIVACY","REDACTED FOR PRIVACY","California","REDACTED FOR PRIVACY","United States","","REDACTED FOR PRIVACY","REDACTED FOR PRIVACY","","","","","","","","","","","","","","","","","","","","","","","","","","","","","","","","","","","addPeriod","clientTransferProhibited","",""
"45","mignola-carrelages.net","2020-05-09 23:57:04","2020-05-08","2020-05-08","2021-05-08","472","Dynadot, LLC","whois.dynadot.com","http://www.dynadot.com","Super Privacy Service LTD c/o Dynadot","","PO Box 701","San Mateo","California","94401","United States","mignola-carrelages.net@superprivacyservice.com","+1.6505854708","","Super Privacy Service LTD c/o Dynadot","","PO Box 701","San Mateo","California","94401","United States","mignola-carrelages.net@superprivacyservice.com","+1.6505854708","","Super Privacy Service LTD c/o Dynadot","","PO Box 701","San Mateo","California","94401","United States","mignola-carrelages.net@superprivacyservice.com","+1.6505854708","","","","","","","","","","","","ns1.dynadot.com","ns2.dynadot.com","","","clientTransferProhibited","","",""
"46","mizaru.net","2020-05-09 23:56:58","2020-05-08","2020-05-08","2021-05-08","472","Dynadot, LLC","whois.dynadot.com","http://www.dynadot.com","Super Privacy Service LTD c/o Dynadot","","PO Box 701","San Mateo","California","94401","United States","mizaru.net@superprivacyservice.com","+1.6505854708","","Super Privacy Service LTD c/o Dynadot","","PO Box 701","San Mateo","California","94401","United States","mizaru.net@superprivacyservice.com","+1.6505854708","","Super Privacy Service LTD c/o Dynadot","","PO Box 701","San Mateo","California","94401","United States","mizaru.net@superprivacyservice.com","+1.6505854708","","","","","","","","","","","","ns1.dynadot.com","ns2.dynadot.com","","","clientTransferProhibited","","",""
"47","moris.care","2020-05-09 20:00:42","2020-05-07","2020-05-07","2021-05-07","472","Dynadot, LLC","whois.dynadot.com","http://www.dynadot.com","REDACTED FOR PRIVACY","","REDACTED FOR PRIVACY","REDACTED FOR PRIVACY","California","REDACTED FOR PRIVACY","United States","","REDACTED FOR PRIVACY","REDACTED FOR PRIVACY","","","","","","","","","","","","","","","","","","","","","","","","","","","","","","","","","","","addPeriod","clientTransferProhibited","",""
"48","morismedi.care","2020-05-09 20:00:46","2020-05-07","2020-05-07","2021-05-07","472","Dynadot, LLC","whois.dynadot.com","http://www.dynadot.com","REDACTED FOR PRIVACY","","REDACTED FOR PRIVACY","REDACTED FOR PRIVACY","California","REDACTED FOR PRIVACY","United States","","REDACTED FOR PRIVACY","REDACTED FOR PRIVACY","","","","","","","","","","","","","","","","","","","","","","","","","","","","","","","","","","","addPeriod","clientTransferProhibited","",""
"49","newenergyprojects.net","2020-05-09 23:56:25","2020-05-08","2020-05-08","2021-05-08","472","Dynadot, LLC","whois.dynadot.com","http://www.dynadot.com","Super Privacy Service LTD c/o Dynadot","","PO Box 701","San Mateo","California","94401","United States","newenergyprojects.net@superprivacyservice.com","+1.6505854708","","Super Privacy Service LTD c/o Dynadot","","PO Box 701","San Mateo","California","94401","United States","newenergyprojects.net@superprivacyservice.com","+1.6505854708","","Super Privacy Service LTD c/o Dynadot","","PO Box 701","San Mateo","California","94401","United States","newenergyprojects.net@superprivacyservice.com","+1.6505854708","","","","","","","","","","","","ns1.dynadot.com","ns2.dynadot.com","","","clientTransferProhibited","","",""
"50","northsaltlake.net","2020-05-09 23:56:11","2020-05-07","2020-05-07","2021-05-07","472","Dynadot, LLC","whois.dynadot.com","http://www.dynadot.com","Super Privacy Service LTD c/o Dynadot","","PO Box 701","San Mateo","California","94401","United States","northsaltlake.net@superprivacyservice.com","+1.6505854708","","Super Privacy Service LTD c/o Dynadot","","PO Box 701","San Mateo","California","94401","United States","northsaltlake.net@superprivacyservice.com","+1.6505854708","","Super Privacy Service LTD c/o Dynadot","","PO Box 701","San Mateo","California","94401","United States","northsaltlake.net@superprivacyservice.com","+1.6505854708","","","","","","","","","","","","ns1.dynadot.com","ns2.dynadot.com","","","clientTransferProhibited","","",""
"51","nsk-klub54.club","2020-05-09 20:35:27","2020-05-07","2020-05-07","2021-05-07","472","Dynadot, LLC","whois.dynadot.com","http://www.dynadot.com","","","","","California","","United States","","","","","","","","","","","","","","","","","","","","","","","","","","","","","","","","","","merlin.ns.cloudflare.com","miki.ns.cloudflare.com","","","addPeriod","clientTransferProhibited","",""
"52","nutricao.expert","2020-05-09 22:10:41","2020-05-07","2020-05-07","2021-05-07","472","Dynadot, LLC","whois.dynadot.com","http://www.dynadot.com","REDACTED FOR PRIVACY","","REDACTED FOR PRIVACY","REDACTED FOR PRIVACY","California","REDACTED FOR PRIVACY","United States","","REDACTED FOR PRIVACY","REDACTED FOR PRIVACY","","","","","","","","","","","","","","","","","","","","","","","","","","","","","","","","","","","addPeriod","clientTransferProhibited","",""
"53","oaser.net","2020-05-09 23:56:06","2020-05-08","2020-05-08","2021-05-08","472","Dynadot, LLC","whois.dynadot.com","http://www.dynadot.com","Super Privacy Service LTD c/o Dynadot","","PO Box 701","San Mateo","California","94401","United States","oaser.net@superprivacyservice.com","+1.6505854708","","Super Privacy Service LTD c/o Dynadot","","PO Box 701","San Mateo","California","94401","United States","oaser.net@superprivacyservice.com","+1.6505854708","","Super Privacy Service LTD c/o Dynadot","","PO Box 701","San Mateo","California","94401","United States","oaser.net@superprivacyservice.com","+1.6505854708","","","","","","","","","","","","ns1.dynadot.com","ns2.dynadot.com","","","clientTransferProhibited","","",""
"54","odexen.net","2020-05-09 23:56:05","2020-05-08","2020-05-08","2021-05-08","472","Dynadot, LLC","whois.dynadot.com","http://www.dynadot.com","Super Privacy Service LTD c/o Dynadot","","PO Box 701","San Mateo","California","94401","United States","odexen.net@superprivacyservice.com","+1.6505854708","","Super Privacy Service LTD c/o Dynadot","","PO Box 701","San Mateo","California","94401","United States","odexen.net@superprivacyservice.com","+1.6505854708","","Super Privacy Service LTD c/o Dynadot","","PO Box 701","San Mateo","California","94401","United States","odexen.net@superprivacyservice.com","+1.6505854708","","","","","","","","","","","","ns1.bodis.com","ns2.bodis.com","","","clientTransferProhibited","","",""
"55","odonto.expert","2020-05-09 22:10:42","2020-05-07","2020-05-07","2021-05-07","472","Dynadot, LLC","whois.dynadot.com","http://www.dynadot.com","REDACTED FOR PRIVACY","","REDACTED FOR PRIVACY","REDACTED FOR PRIVACY","California","REDACTED FOR PRIVACY","United States","","REDACTED FOR PRIVACY","REDACTED FOR PRIVACY","","","","","","","","","","","","","","","","","","","","","","","","","","","","","","","","","","","addPeriod","clientTransferProhibited","",""
"56","paganradio.net","2020-05-09 23:56:00","2020-05-07","2020-05-07","2021-05-07","472","Dynadot, LLC","whois.dynadot.com","http://www.dynadot.com","Super Privacy Service LTD c/o Dynadot","","PO Box 701","San Mateo","California","94401","United States","paganradio.net@superprivacyservice.com","+1.6505854708","","Super Privacy Service LTD c/o Dynadot","","PO Box 701","San Mateo","California","94401","United States","paganradio.net@superprivacyservice.com","+1.6505854708","","Super Privacy Service LTD c/o Dynadot","","PO Box 701","San Mateo","California","94401","United States","paganradio.net@superprivacyservice.com","+1.6505854708","","","","","","","","","","","","ns1.dynadot.com","ns2.dynadot.com","","","clientTransferProhibited","","",""
"57","palydk.net","2020-05-09 23:56:00","2020-05-08","2020-05-08","2021-05-08","472","Dynadot, LLC","whois.dynadot.com","http://www.dynadot.com","Super Privacy Service LTD c/o Dynadot","","PO Box 701","San Mateo","California","94401","United States","palydk.net@superprivacyservice.com","+1.6505854708","","Super Privacy Service LTD c/o Dynadot","","PO Box 701","San Mateo","California","94401","United States","palydk.net@superprivacyservice.com","+1.6505854708","","Super Privacy Service LTD c/o Dynadot","","PO Box 701","San Mateo","California","94401","United States","palydk.net@superprivacyservice.com","+1.6505854708","","","","","","","","","","","","ns1.above.com","ns2.above.com","","","clientTransferProhibited","","",""
"58","peakonline.net","2020-05-09 23:55:59","2020-05-08","2020-05-09","2021-05-08","472","Dynadot, LLC","whois.dynadot.com","http://www.dynadot.com","Super Privacy Service LTD c/o Dynadot","","PO Box 701","San Mateo","California","94401","United States","peakonline.net@superprivacyservice.com","+1.6505854708","","Super Privacy Service LTD c/o Dynadot","","PO Box 701","San Mateo","California","94401","United States","peakonline.net@superprivacyservice.com","+1.6505854708","","Super Privacy Service LTD c/o Dynadot","","PO Box 701","San Mateo","California","94401","United States","peakonline.net@superprivacyservice.com","+1.6505854708","","","","","","","","","","","","ns1.dynadot.com","ns2.dynadot.com","","","clientTransferProhibited","","",""
"59","peidianqi.net","2020-05-09 23:55:58","2020-05-08","2020-05-08","2021-05-08","472","Dynadot, LLC","whois.dynadot.com","http://www.dynadot.com","Super Privacy Service LTD c/o Dynadot","","PO Box 701","San Mateo","California","94401","United States","peidianqi.net@superprivacyservice.com","+1.6505854708","","Super Privacy Service LTD c/o Dynadot","","PO Box 701","San Mateo","California","94401","United States","peidianqi.net@superprivacyservice.com","+1.6505854708","","Super Privacy Service LTD c/o Dynadot","","PO Box 701","San Mateo","California","94401","United States","peidianqi.net@superprivacyservice.com","+1.6505854708","","","","","","","","","","","","ns1.dynadot.com","ns2.dynadot.com","","","clientTransferProhibited","","",""
"60","penn-capital-fund.net","2020-05-09 23:55:58","2020-05-07","2020-05-07","2021-05-07","472","Dynadot, LLC","whois.dynadot.com","http://www.dynadot.com","Super Privacy Service LTD c/o Dynadot","","PO Box 701","San Mateo","California","94401","United States","penn-capital-fund.net@superprivacyservice.com","+1.6505854708","","Super Privacy Service LTD c/o Dynadot","","PO Box 701","San Mateo","California","94401","United States","penn-capital-fund.net@superprivacyservice.com","+1.6505854708","","Super Privacy Service LTD c/o Dynadot","","PO Box 701","San Mateo","California","94401","United States","penn-capital-fund.net@superprivacyservice.com","+1.6505854708","","","","","","","","","","","","ns1.dynadot.com","ns2.dynadot.com","","","clientTransferProhibited","","",""
"61","plumbersserverstee0uq2.biz","2020-05-09 09:06:29","2020-05-06","2020-05-08","2021-05-06","472","Dynadot, LLC","whois.dynadot.com","http://www.dynadot.com","","","","","California","","United States","","","","","","","","","","","","","","","","","","","","","","","","","","","","","","","","","","ns1.phonesear.ch","ns2.phonesear.ch","ns3.phonesear.ch","","addPeriod","clientTransferProhibited","",""
"62","pontape.net","2020-05-09 23:55:57","2020-05-07","2020-05-07","2021-05-07","472","Dynadot, LLC","whois.dynadot.com","http://www.dynadot.com","Super Privacy Service LTD c/o Dynadot","","PO Box 701","San Mateo","California","94401","United States","pontape.net@superprivacyservice.com","+1.6505854708","","Super Privacy Service LTD c/o Dynadot","","PO Box 701","San Mateo","California","94401","United States","pontape.net@superprivacyservice.com","+1.6505854708","","Super Privacy Service LTD c/o Dynadot","","PO Box 701","San Mateo","California","94401","United States","pontape.net@superprivacyservice.com","+1.6505854708","","","","","","","","","","","","ns1.hawkhost.com","ns2.hawkhost.com","","","clientTransferProhibited","","",""
"63","profilerequestprofile.net","2020-05-09 23:55:52","2020-05-08","2020-05-08","2021-05-08","472","Dynadot, LLC","whois.dynadot.com","http://www.dynadot.com","Super Privacy Service LTD c/o Dynadot","","PO Box 701","San Mateo","California","94401","United States","profilerequestprofile.net@superprivacyservice.com","+1.6505854708","","Super Privacy Service LTD c/o Dynadot","","PO Box 701","San Mateo","California","94401","United States","profilerequestprofile.net@superprivacyservice.com","+1.6505854708","","Super Privacy Service LTD c/o Dynadot","","PO Box 701","San Mateo","California","94401","United States","profilerequestprofile.net@superprivacyservice.com","+1.6505854708","","","","","","","","","","","","ns1.dynadot.com","ns2.dynadot.com","","","clientTransferProhibited","","",""
"64","profitlucky.club","2020-05-09 20:35:12","2020-05-08","2020-05-08","2021-05-08","472","Dynadot, LLC","whois.dynadot.com","http://www.dynadot.com","","","","","CA","","United States","","","","","","","","","","","","","","","","","","","","","","","","","","","","","","","","","","ns1.om195.parklogic.com","ns2.om195.parklogic.com","","","addPeriod","clientTransferProhibited","",""
"65","qqqp111.club","2020-05-09 20:35:10","2020-05-07","2020-05-07","2021-05-07","472","Dynadot, LLC","whois.dynadot.com","http://www.dynadot.com","","","","","California","","United States","","","","","","","","","","","","","","","","","","","","","","","","","","","","","","","","","","ns1.dns.com","ns2.dns.com","","","addPeriod","clientTransferProhibited","",""
"66","qqqp222.club","2020-05-09 20:35:10","2020-05-07","2020-05-07","2021-05-07","472","Dynadot, LLC","whois.dynadot.com","http://www.dynadot.com","","","","","California","","United States","","","","","","","","","","","","","","","","","","","","","","","","","","","","","","","","","","ns1.dns.com","ns2.dns.com","","","addPeriod","clientTransferProhibited","",""
"67","qqqp333.club","2020-05-09 20:35:10","2020-05-07","2020-05-07","2021-05-07","472","Dynadot, LLC","whois.dynadot.com","http://www.dynadot.com","","","","","California","","United States","","","","","","","","","","","","","","","","","","","","","","","","","","","","","","","","","","ns1.dns.com","ns2.dns.com","","","addPeriod","clientTransferProhibited","",""
"68","qqqp555.club","2020-05-09 20:35:10","2020-05-07","2020-05-07","2021-05-07","472","Dynadot, LLC","whois.dynadot.com","http://www.dynadot.com","","","","","California","","United States","","","","","","","","","","","","","","","","","","","","","","","","","","","","","","","","","","ns1.dns.com","ns2.dns.com","","","addPeriod","clientTransferProhibited","",""
"69","qqqp666.club","2020-05-09 20:35:10","2020-05-07","2020-05-07","2021-05-07","472","Dynadot, LLC","whois.dynadot.com","http://www.dynadot.com","","","","","California","","United States","","","","","","","","","","","","","","","","","","","","","","","","","","","","","","","","","","ns1.dns.com","ns2.dns.com","","","addPeriod","clientTransferProhibited","",""
"70","qqqp777.club","2020-05-09 20:35:10","2020-05-07","2020-05-07","2021-05-07","472","Dynadot, LLC","whois.dynadot.com","http://www.dynadot.com","","","","","California","","United States","","","","","","","","","","","","","","","","","","","","","","","","","","","","","","","","","","ns1.dns.com","ns2.dns.com","","","addPeriod","clientTransferProhibited","",""
"71","qqqp999.club","2020-05-09 20:35:10","2020-05-07","2020-05-07","2021-05-07","472","Dynadot, LLC","whois.dynadot.com","http://www.dynadot.com","","","","","California","","United States","","","","","","","","","","","","","","","","","","","","","","","","","","","","","","","","","","ns1.dns.com","ns2.dns.com","","","addPeriod","clientTransferProhibited","",""
"72","qqqpbbb.club","2020-05-09 20:35:10","2020-05-07","2020-05-07","2021-05-07","472","Dynadot, LLC","whois.dynadot.com","http://www.dynadot.com","","","","","California","","United States","","","","","","","","","","","","","","","","","","","","","","","","","","","","","","","","","","ns1.dns.com","ns2.dns.com","","","addPeriod","clientTransferProhibited","",""
"73","qqqpccc.club","2020-05-09 20:35:10","2020-05-07","2020-05-07","2021-05-07","472","Dynadot, LLC","whois.dynadot.com","http://www.dynadot.com","","","","","California","","United States","","","","","","","","","","","","","","","","","","","","","","","","","","","","","","","","","","ns1.dns.com","ns2.dns.com","","","addPeriod","clientTransferProhibited","",""
"74","qqqpddd.club","2020-05-09 20:35:10","2020-05-07","2020-05-07","2021-05-07","472","Dynadot, LLC","whois.dynadot.com","http://www.dynadot.com","","","","","California","","United States","","","","","","","","","","","","","","","","","","","","","","","","","","","","","","","","","","ns1.dns.com","ns2.dns.com","","","addPeriod","clientTransferProhibited","",""
"75","qqqpggg.club","2020-05-09 20:35:10","2020-05-07","2020-05-07","2021-05-07","472","Dynadot, LLC","whois.dynadot.com","http://www.dynadot.com","","","","","California","","United States","","","","","","","","","","","","","","","","","","","","","","","","","","","","","","","","","","ns1.dns.com","ns2.dns.com","","","addPeriod","clientTransferProhibited","",""
"76","qqqpiii.club","2020-05-09 20:35:09","2020-05-07","2020-05-07","2021-05-07","472","Dynadot, LLC","whois.dynadot.com","http://www.dynadot.com","","","","","California","","United States","","","","","","","","","","","","","","","","","","","","","","","","","","","","","","","","","","ns1.dns.com","ns2.dns.com","","","addPeriod","clientTransferProhibited","",""
"77","qqqpjjj.club","2020-05-09 20:35:09","2020-05-07","2020-05-07","2021-05-07","472","Dynadot, LLC","whois.dynadot.com","http://www.dynadot.com","","","","","California","","United States","","","","","","","","","","","","","","","","","","","","","","","","","","","","","","","","","","ns1.dns.com","ns2.dns.com","","","addPeriod","clientTransferProhibited","",""
"78","qqqpkkk.club","2020-05-09 20:35:10","2020-05-07","2020-05-07","2021-05-07","472","Dynadot, LLC","whois.dynadot.com","http://www.dynadot.com","","","","","California","","United States","","","","","","","","","","","","","","","","","","","","","","","","","","","","","","","","","","ns1.dns.com","ns2.dns.com","","","addPeriod","clientTransferProhibited","",""
"79","qqqplll.club","2020-05-09 20:35:09","2020-05-07","2020-05-07","2021-05-07","472","Dynadot, LLC","whois.dynadot.com","http://www.dynadot.com","","","","","California","","United States","","","","","","","","","","","","","","","","","","","","","","","","","","","","","","","","","","ns1.dns.com","ns2.dns.com","","","addPeriod","clientTransferProhibited","",""
"80","qqqpnnn.club","2020-05-09 20:35:09","2020-05-07","2020-05-07","2021-05-07","472","Dynadot, LLC","whois.dynadot.com","http://www.dynadot.com","","","","","California","","United States","","","","","","","","","","","","","","","","","","","","","","","","","","","","","","","","","","ns1.dns.com","ns2.dns.com","","","addPeriod","clientTransferProhibited","",""
"81","qqqpooo.club","2020-05-09 20:35:09","2020-05-07","2020-05-07","2021-05-07","472","Dynadot, LLC","whois.dynadot.com","http://www.dynadot.com","","","","","California","","United States","","","","","","","","","","","","","","","","","","","","","","","","","","","","","","","","","","ns1.dns.com","ns2.dns.com","","","addPeriod","clientTransferProhibited","",""
"82","qqqpppp.club","2020-05-09 20:35:09","2020-05-07","2020-05-07","2021-05-07","472","Dynadot, LLC","whois.dynadot.com","http://www.dynadot.com","","","","","California","","United States","","","","","","","","","","","","","","","","","","","","","","","","","","","","","","","","","","ns1.dns.com","ns2.dns.com","","","addPeriod","clientTransferProhibited","",""
"83","qqqpqqq.club","2020-05-09 20:35:09","2020-05-07","2020-05-07","2021-05-07","472","Dynadot, LLC","whois.dynadot.com","http://www.dynadot.com","","","","","California","","United States","","","","","","","","","","","","","","","","","","","","","","","","","","","","","","","","","","ns1.dns.com","ns2.dns.com","","","addPeriod","clientTransferProhibited","",""
"84","qqqprrr.club","2020-05-09 20:35:10","2020-05-07","2020-05-07","2021-05-07","472","Dynadot, LLC","whois.dynadot.com","http://www.dynadot.com","","","","","California","","United States","","","","","","","","","","","","","","","","","","","","","","","","","","","","","","","","","","ns1.dns.com","ns2.dns.com","","","addPeriod","clientTransferProhibited","",""
"85","qqqpvvv.club","2020-05-09 20:35:09","2020-05-07","2020-05-07","2021-05-07","472","Dynadot, LLC","whois.dynadot.com","http://www.dynadot.com","","","","","California","","United States","","","","","","","","","","","","","","","","","","","","","","","","","","","","","","","","","","ns1.dns.com","ns2.dns.com","","","addPeriod","clientTransferProhibited","",""
"86","qqqpzzz.club","2020-05-09 20:35:09","2020-05-07","2020-05-07","2021-05-07","472","Dynadot, LLC","whois.dynadot.com","http://www.dynadot.com","","","","","California","","United States","","","","","","","","","","","","","","","","","","","","","","","","","","","","","","","","","","ns1.dns.com","ns2.dns.com","","","addPeriod","clientTransferProhibited","",""
"87","resellerhosting.biz","2020-05-09 08:20:17","2020-05-02","2020-05-07","2021-05-02","472","Dynadot, LLC","whois.dynadot.com","http://www.dynadot.com","","","","","California","","United States","","","","","","","","","","","","","","","","","","","","","","","","","","","","","","","","","","ns1.dynadot.com","ns2.dynadot.com","","","clientTransferProhibited","","",""
"88","stockx.club","2020-05-09 20:34:44","2020-05-07","2020-05-07","2021-05-07","472","Dynadot, LLC","whois.dynadot.com","http://www.dynadot.com","","","","","California","","United States","","","","","","","","","","","","","","","","","","","","","","","","","","","","","","","","","","ns1.dynadot.com","ns2.dynadot.com","","","addPeriod","clientTransferProhibited","",""
"89","suzoonooa.club","2020-05-09 20:34:43","2020-05-07","2020-05-07","2021-05-07","472","Dynadot, LLC","whois.dynadot.com","http://www.dynadot.com","","","","","California","","United States","","","","","","","","","","","","","","","","","","","","","","","","","","","","","","","","","","ns1.dynadot.com","ns2.dynadot.com","","","addPeriod","clientTransferProhibited","",""
"90","truquesdanatureza.club","2020-05-09 20:34:31","2020-05-08","2020-05-08","2021-05-08","472","Dynadot, LLC","whois.dynadot.com","http://www.dynadot.com","","","","","California","","United States","","","","","","","","","","","","","","","","","","","","","","","","","","","","","","","","","","clay.ns.cloudflare.com","lia.ns.cloudflare.com","","","addPeriod","clientTransferProhibited","",""
"91","zhaoav99.club","2020-05-09 20:34:14","2020-05-07","2020-05-07","2021-05-07","472","Dynadot, LLC","whois.dynadot.com","http://www.dynadot.com","","","","","California","","United States","","","","","","","","","","","","","","","","","","","","","","","","","","","","","","","","","","ns1.dynadot.com","ns2.dynadot.com","","","addPeriod","clientTransferProhibited","",""
"92","zidupe.club","2020-05-09 20:34:13","2020-05-07","2020-05-07","2021-05-07","472","Dynadot, LLC","whois.dynadot.com","http://www.dynadot.com","","","","","California","","United States","","","","","","","","","","","","","","","","","","","","","","","","","","","","","","","","","","asa.ns.cloudflare.com","bob.ns.cloudflare.com","","","addPeriod","clientTransferProhibited","",""