"num","domain_name","query_time","create_date","update_date","expiry_date","domain_registrar_id","domain_registrar_name","domain_registrar_whois","domain_registrar_url","registrant_name","registrant_company","registrant_address","registrant_city","registrant_state","registrant_zip","registrant_country","registrant_email","registrant_phone","registrant_fax","administrative_name","administrative_company","administrative_address","administrative_city","administrative_state","administrative_zip","administrative_country","administrative_email","administrative_phone","administrative_fax","technical_name","technical_company","technical_address","technical_city","technical_state","technical_zip","technical_country","technical_email","technical_phone","technical_fax","billing_name","billing_company","billing_address","billing_city","billing_state","billing_zip","billing_country","billing_email","billing_phone","billing_fax","name_server_1","name_server_2","name_server_3","name_server_4","domain_status_1","domain_status_2","domain_status_3","domain_status_4"
"1","aviationnationtv.com","2020-05-05 21:04:50","2020-05-04","2020-05-04","2022-05-04","1154","FastDomain Inc.","whois.fastdomain.com","http://www.fastdomain.com","DOMAIN PRIVACY SERVICE FBO REGISTRANT","THE ENDURANCE INTERNATIONAL GROUP, INC.","10 CORPORATE DR, STE 300","BURLINGTON","MASSACHUSETTS","01803","United States","whois@bluehost.com","+1.8017659400","","DOMAIN PRIVACY SERVICE FBO REGISTRANT","THE ENDURANCE INTERNATIONAL GROUP, INC.","10 CORPORATE DR, STE 300","BURLINGTON","MASSACHUSETTS","01803","United States","whois@bluehost.com","+1.8017659400","","DOMAIN PRIVACY SERVICE FBO REGISTRANT","THE ENDURANCE INTERNATIONAL GROUP, INC.","10 CORPORATE DR, STE 300","BURLINGTON","MASSACHUSETTS","01803","United States","whois@bluehost.com","+1.8017659400","","","","","","","","","","","","ns1.bluehost.com","ns2.bluehost.com","","","clientTransferProhibited","","",""
"2","electsist.com","2020-05-09 22:08:42","2020-05-09","2020-05-09","2021-05-09","1154","FastDomain Inc.","whois.fastdomain.com","http://www.fastdomain.com","DOMAIN PRIVACY SERVICE FBO REGISTRANT","THE ENDURANCE INTERNATIONAL GROUP, INC.","10 CORPORATE DR, STE 300","BURLINGTON","MASSACHUSETTS","01803","United States","whois@bluehost.com","+1.8017659400","","DOMAIN PRIVACY SERVICE FBO REGISTRANT","THE ENDURANCE INTERNATIONAL GROUP, INC.","10 CORPORATE DR, STE 300","BURLINGTON","MASSACHUSETTS","01803","United States","whois@bluehost.com","+1.8017659400","","DOMAIN PRIVACY SERVICE FBO REGISTRANT","THE ENDURANCE INTERNATIONAL GROUP, INC.","10 CORPORATE DR, STE 300","BURLINGTON","MASSACHUSETTS","01803","United States","whois@bluehost.com","+1.8017659400","","","","","","","","","","","","ns1.bluehost.com","ns2.bluehost.com","","","clientTransferProhibited","","",""
"3","extremewealthsummit.biz","2020-05-09 16:57:35","2020-05-05","2020-05-05","2022-05-05","1154","FastDomain Inc.","whois.fastdomain.com","http://www.fastdomain.com","","","","","","","Singapore","","","","","","","","","","","","","","","","","","","","","","","","","","","","","","","","","","ns1.bluehost.com","ns2.bluehost.com","","","addPeriod","clientTransferProhibited","",""
"4","isolatedworker.net","2020-05-09 23:59:23","2020-05-07","2020-05-07","2021-05-07","1154","FastDomain Inc.","whois.fastdomain.com","http://www.fastdomain.com","DOMAIN PRIVACY SERVICE FBO REGISTRANT","THE ENDURANCE INTERNATIONAL GROUP, INC.","10 CORPORATE DR, STE 300","BURLINGTON","MASSACHUSETTS","01803","United States","whois@bluehost.com","+1.8017659400","","DOMAIN PRIVACY SERVICE FBO REGISTRANT","THE ENDURANCE INTERNATIONAL GROUP, INC.","10 CORPORATE DR, STE 300","BURLINGTON","MASSACHUSETTS","01803","United States","whois@bluehost.com","+1.8017659400","","DOMAIN PRIVACY SERVICE FBO REGISTRANT","THE ENDURANCE INTERNATIONAL GROUP, INC.","10 CORPORATE DR, STE 300","BURLINGTON","MASSACHUSETTS","01803","United States","whois@bluehost.com","+1.8017659400","","","","","","","","","","","","ns1.bluehost.com","ns2.bluehost.com","","","clientTransferProhibited","","",""
"5","lacremecatering.net","2020-05-09 23:58:18","2020-05-08","2020-05-08","2021-05-08","1154","FastDomain Inc.","whois.fastdomain.com","http://www.fastdomain.com","DOMAIN PRIVACY SERVICE FBO REGISTRANT","THE ENDURANCE INTERNATIONAL GROUP, INC.","10 CORPORATE DR, STE 300","BURLINGTON","MASSACHUSETTS","01803","United States","whois@bluehost.com","+1.8017659400","","DOMAIN PRIVACY SERVICE FBO REGISTRANT","THE ENDURANCE INTERNATIONAL GROUP, INC.","10 CORPORATE DR, STE 300","BURLINGTON","MASSACHUSETTS","01803","United States","whois@bluehost.com","+1.8017659400","","DOMAIN PRIVACY SERVICE FBO REGISTRANT","THE ENDURANCE INTERNATIONAL GROUP, INC.","10 CORPORATE DR, STE 300","BURLINGTON","MASSACHUSETTS","01803","United States","whois@bluehost.com","+1.8017659400","","","","","","","","","","","","ns1.bluehost.com","ns2.bluehost.com","","","clientTransferProhibited","","",""
"6","lifecrisis.net","2020-05-09 23:57:54","2020-05-08","2020-05-08","2022-05-08","1154","FastDomain Inc.","whois.fastdomain.com","http://www.fastdomain.com","DOMAIN PRIVACY SERVICE FBO REGISTRANT","THE ENDURANCE INTERNATIONAL GROUP, INC.","10 CORPORATE DR, STE 300","BURLINGTON","MASSACHUSETTS","01803","United States","whois@bluehost.com","+1.8017659400","","DOMAIN PRIVACY SERVICE FBO REGISTRANT","THE ENDURANCE INTERNATIONAL GROUP, INC.","10 CORPORATE DR, STE 300","BURLINGTON","MASSACHUSETTS","01803","United States","whois@bluehost.com","+1.8017659400","","DOMAIN PRIVACY SERVICE FBO REGISTRANT","THE ENDURANCE INTERNATIONAL GROUP, INC.","10 CORPORATE DR, STE 300","BURLINGTON","MASSACHUSETTS","01803","United States","whois@bluehost.com","+1.8017659400","","","","","","","","","","","","ns1.bluehost.com","ns2.bluehost.com","","","clientTransferProhibited","","",""
"7","livingyourtruth.net","2020-05-09 23:57:43","2020-05-07","2020-05-07","2021-05-07","1154","FastDomain Inc.","whois.fastdomain.com","http://www.fastdomain.com","DOMAIN PRIVACY SERVICE FBO REGISTRANT","THE ENDURANCE INTERNATIONAL GROUP, INC.","10 CORPORATE DR, STE 300","BURLINGTON","MASSACHUSETTS","01803","United States","whois@bluehost.com","+1.8017659400","","DOMAIN PRIVACY SERVICE FBO REGISTRANT","THE ENDURANCE INTERNATIONAL GROUP, INC.","10 CORPORATE DR, STE 300","BURLINGTON","MASSACHUSETTS","01803","United States","whois@bluehost.com","+1.8017659400","","DOMAIN PRIVACY SERVICE FBO REGISTRANT","THE ENDURANCE INTERNATIONAL GROUP, INC.","10 CORPORATE DR, STE 300","BURLINGTON","MASSACHUSETTS","01803","United States","whois@bluehost.com","+1.8017659400","","","","","","","","","","","","ns1.bluehost.com","ns2.bluehost.com","","","clientTransferProhibited","","",""
"8","livwithlove.net","2020-05-09 23:57:44","2020-05-07","2020-05-07","2021-05-07","1154","FastDomain Inc.","whois.fastdomain.com","http://www.fastdomain.com","DOMAIN PRIVACY SERVICE FBO REGISTRANT","THE ENDURANCE INTERNATIONAL GROUP, INC.","10 CORPORATE DR, STE 300","BURLINGTON","MASSACHUSETTS","01803","United States","whois@bluehost.com","+1.8017659400","","DOMAIN PRIVACY SERVICE FBO REGISTRANT","THE ENDURANCE INTERNATIONAL GROUP, INC.","10 CORPORATE DR, STE 300","BURLINGTON","MASSACHUSETTS","01803","United States","whois@bluehost.com","+1.8017659400","","DOMAIN PRIVACY SERVICE FBO REGISTRANT","THE ENDURANCE INTERNATIONAL GROUP, INC.","10 CORPORATE DR, STE 300","BURLINGTON","MASSACHUSETTS","01803","United States","whois@bluehost.com","+1.8017659400","","","","","","","","","","","","ns1.bluehost.com","ns2.bluehost.com","","","clientTransferProhibited","","",""
"9","malzahrani.net","2020-05-09 23:57:23","2020-05-08","2020-05-08","2021-05-08","1154","FastDomain Inc.","whois.fastdomain.com","http://www.fastdomain.com","DOMAIN PRIVACY SERVICE FBO REGISTRANT","THE ENDURANCE INTERNATIONAL GROUP, INC.","10 CORPORATE DR, STE 300","BURLINGTON","MASSACHUSETTS","01803","United States","whois@bluehost.com","+1.8017659400","","DOMAIN PRIVACY SERVICE FBO REGISTRANT","THE ENDURANCE INTERNATIONAL GROUP, INC.","10 CORPORATE DR, STE 300","BURLINGTON","MASSACHUSETTS","01803","United States","whois@bluehost.com","+1.8017659400","","DOMAIN PRIVACY SERVICE FBO REGISTRANT","THE ENDURANCE INTERNATIONAL GROUP, INC.","10 CORPORATE DR, STE 300","BURLINGTON","MASSACHUSETTS","01803","United States","whois@bluehost.com","+1.8017659400","","","","","","","","","","","","ns1.bluehost.com","ns2.bluehost.com","","","clientTransferProhibited","","",""
"10","marvamorris.net","2020-05-09 23:57:19","2020-05-08","2020-05-08","2021-05-08","1154","FastDomain Inc.","whois.fastdomain.com","http://www.fastdomain.com","DOMAIN PRIVACY SERVICE FBO REGISTRANT","THE ENDURANCE INTERNATIONAL GROUP, INC.","10 CORPORATE DR, STE 300","BURLINGTON","MASSACHUSETTS","01803","United States","whois@bluehost.com","+1.8017659400","","DOMAIN PRIVACY SERVICE FBO REGISTRANT","THE ENDURANCE INTERNATIONAL GROUP, INC.","10 CORPORATE DR, STE 300","BURLINGTON","MASSACHUSETTS","01803","United States","whois@bluehost.com","+1.8017659400","","DOMAIN PRIVACY SERVICE FBO REGISTRANT","THE ENDURANCE INTERNATIONAL GROUP, INC.","10 CORPORATE DR, STE 300","BURLINGTON","MASSACHUSETTS","01803","United States","whois@bluehost.com","+1.8017659400","","","","","","","","","","","","ns1.bluehost.com","ns2.bluehost.com","","","clientTransferProhibited","","",""
"11","mejaenterprises.net","2020-05-09 23:57:09","2020-05-08","2020-05-09","2022-05-08","1154","FastDomain Inc.","whois.fastdomain.com","http://www.fastdomain.com","DOMAIN PRIVACY SERVICE FBO REGISTRANT","THE ENDURANCE INTERNATIONAL GROUP, INC.","10 CORPORATE DR, STE 300","BURLINGTON","MASSACHUSETTS","01803","United States","whois@bluehost.com","+1.8017659400","","DOMAIN PRIVACY SERVICE FBO REGISTRANT","THE ENDURANCE INTERNATIONAL GROUP, INC.","10 CORPORATE DR, STE 300","BURLINGTON","MASSACHUSETTS","01803","United States","whois@bluehost.com","+1.8017659400","","DOMAIN PRIVACY SERVICE FBO REGISTRANT","THE ENDURANCE INTERNATIONAL GROUP, INC.","10 CORPORATE DR, STE 300","BURLINGTON","MASSACHUSETTS","01803","United States","whois@bluehost.com","+1.8017659400","","","","","","","","","","","","ns1.bluehost.com","ns2.bluehost.com","","","OK","","",""
"12","mengyuli.net","2020-05-09 23:57:09","2020-05-08","2020-05-08","2021-05-08","1154","FastDomain Inc.","whois.fastdomain.com","http://www.fastdomain.com","DOMAIN PRIVACY SERVICE FBO REGISTRANT","THE ENDURANCE INTERNATIONAL GROUP, INC.","10 CORPORATE DR, STE 300","BURLINGTON","MASSACHUSETTS","01803","United States","whois@bluehost.com","+1.8017659400","","DOMAIN PRIVACY SERVICE FBO REGISTRANT","THE ENDURANCE INTERNATIONAL GROUP, INC.","10 CORPORATE DR, STE 300","BURLINGTON","MASSACHUSETTS","01803","United States","whois@bluehost.com","+1.8017659400","","DOMAIN PRIVACY SERVICE FBO REGISTRANT","THE ENDURANCE INTERNATIONAL GROUP, INC.","10 CORPORATE DR, STE 300","BURLINGTON","MASSACHUSETTS","01803","United States","whois@bluehost.com","+1.8017659400","","","","","","","","","","","","ns1.bluehost.com","ns2.bluehost.com","","","clientTransferProhibited","","",""
"13","missumath.net","2020-05-09 23:57:00","2020-05-08","2020-05-08","2021-05-08","1154","FastDomain Inc.","whois.fastdomain.com","http://www.fastdomain.com","DOMAIN PRIVACY SERVICE FBO REGISTRANT","THE ENDURANCE INTERNATIONAL GROUP, INC.","10 CORPORATE DR, STE 300","BURLINGTON","MASSACHUSETTS","01803","United States","whois@bluehost.com","+1.8017659400","","DOMAIN PRIVACY SERVICE FBO REGISTRANT","THE ENDURANCE INTERNATIONAL GROUP, INC.","10 CORPORATE DR, STE 300","BURLINGTON","MASSACHUSETTS","01803","United States","whois@bluehost.com","+1.8017659400","","DOMAIN PRIVACY SERVICE FBO REGISTRANT","THE ENDURANCE INTERNATIONAL GROUP, INC.","10 CORPORATE DR, STE 300","BURLINGTON","MASSACHUSETTS","01803","United States","whois@bluehost.com","+1.8017659400","","","","","","","","","","","","ns1.bluehost.com","ns2.bluehost.com","","","clientTransferProhibited","","",""
"14","mrprecisionwelding.net","2020-05-09 23:56:50","2020-05-08","2020-05-09","2021-05-08","1154","FastDomain Inc.","whois.fastdomain.com","http://www.fastdomain.com","DOMAIN PRIVACY SERVICE FBO REGISTRANT","THE ENDURANCE INTERNATIONAL GROUP, INC.","10 CORPORATE DR, STE 300","BURLINGTON","MASSACHUSETTS","01803","United States","whois@bluehost.com","+1.8017659400","","DOMAIN PRIVACY SERVICE FBO REGISTRANT","THE ENDURANCE INTERNATIONAL GROUP, INC.","10 CORPORATE DR, STE 300","BURLINGTON","MASSACHUSETTS","01803","United States","whois@bluehost.com","+1.8017659400","","DOMAIN PRIVACY SERVICE FBO REGISTRANT","THE ENDURANCE INTERNATIONAL GROUP, INC.","10 CORPORATE DR, STE 300","BURLINGTON","MASSACHUSETTS","01803","United States","whois@bluehost.com","+1.8017659400","","","","","","","","","","","","ns1.bluehost.com","ns2.bluehost.com","","","clientTransferProhibited","","",""
"15","mvyliving.net","2020-05-09 23:56:44","2020-05-07","2020-05-07","2022-05-07","1154","FastDomain Inc.","whois.fastdomain.com","http://www.fastdomain.com","DOMAIN PRIVACY SERVICE FBO REGISTRANT","THE ENDURANCE INTERNATIONAL GROUP, INC.","10 CORPORATE DR, STE 300","BURLINGTON","MASSACHUSETTS","01803","United States","whois@bluehost.com","+1.8017659400","","DOMAIN PRIVACY SERVICE FBO REGISTRANT","THE ENDURANCE INTERNATIONAL GROUP, INC.","10 CORPORATE DR, STE 300","BURLINGTON","MASSACHUSETTS","01803","United States","whois@bluehost.com","+1.8017659400","","DOMAIN PRIVACY SERVICE FBO REGISTRANT","THE ENDURANCE INTERNATIONAL GROUP, INC.","10 CORPORATE DR, STE 300","BURLINGTON","MASSACHUSETTS","01803","United States","whois@bluehost.com","+1.8017659400","","","","","","","","","","","","ns1.bluehost.com","ns2.bluehost.com","","","clientTransferProhibited","","",""
"16","myfictionaddiction.net","2020-05-09 23:56:43","2020-05-07","2020-05-07","2021-05-07","1154","FastDomain Inc.","whois.fastdomain.com","http://www.fastdomain.com","DOMAIN PRIVACY SERVICE FBO REGISTRANT","THE ENDURANCE INTERNATIONAL GROUP, INC.","10 CORPORATE DR, STE 300","BURLINGTON","MASSACHUSETTS","01803","United States","whois@bluehost.com","+1.8017659400","","DOMAIN PRIVACY SERVICE FBO REGISTRANT","THE ENDURANCE INTERNATIONAL GROUP, INC.","10 CORPORATE DR, STE 300","BURLINGTON","MASSACHUSETTS","01803","United States","whois@bluehost.com","+1.8017659400","","DOMAIN PRIVACY SERVICE FBO REGISTRANT","THE ENDURANCE INTERNATIONAL GROUP, INC.","10 CORPORATE DR, STE 300","BURLINGTON","MASSACHUSETTS","01803","United States","whois@bluehost.com","+1.8017659400","","","","","","","","","","","","ns1.bluehost.com","ns2.bluehost.com","","","clientTransferProhibited","","",""
"17","n4studio.net","2020-05-09 23:56:34","2020-05-07","2020-05-07","2022-05-07","1154","FastDomain Inc.","whois.fastdomain.com","http://www.fastdomain.com","N4 NOUHAN","N4STUDIO","18541 LISTER AVE","EASTPOINTE","MICHIGAN","48021","United States","n4studioz@gmail.com","+1.9892937875","","N4 NOUHAN","N4STUDIO","18541 LISTER AVE","EASTPOINTE","MICHIGAN","48021","United States","n4studioz@gmail.com","+1.9892937875","","BLUEHOST INC","BLUEHOST.COM","1958 SOUTH 950 EAST","PROVO","UTAH","84606","United States","whois@bluehost.com","+1.8017659400","+1.8017651992","","","","","","","","","","","ns1.bluehost.com","ns2.bluehost.com","","","clientTransferProhibited","","",""
"18","n4studios.net","2020-05-09 23:56:34","2020-05-07","2020-05-07","2022-05-07","1154","FastDomain Inc.","whois.fastdomain.com","http://www.fastdomain.com","N4 NOUHAN","N4STUDIO","18541 LISTER AVE","EASTPOINTE","MICHIGAN","48021","United States","n4studioz@gmail.com","+1.9892937875","","N4 NOUHAN","N4STUDIO","18541 LISTER AVE","EASTPOINTE","MICHIGAN","48021","United States","n4studioz@gmail.com","+1.9892937875","","BLUEHOST INC","BLUEHOST.COM","1958 SOUTH 950 EAST","PROVO","UTAH","84606","United States","whois@bluehost.com","+1.8017659400","+1.8017651992","","","","","","","","","","","ns1.bluehost.com","ns2.bluehost.com","","","clientTransferProhibited","","",""
"19","natesscapes.net","2020-05-09 23:56:32","2020-05-08","2020-05-08","2021-05-08","1154","FastDomain Inc.","whois.fastdomain.com","http://www.fastdomain.com","DOMAIN PRIVACY SERVICE FBO REGISTRANT","THE ENDURANCE INTERNATIONAL GROUP, INC.","10 CORPORATE DR, STE 300","BURLINGTON","MASSACHUSETTS","01803","United States","whois@bluehost.com","+1.8017659400","","DOMAIN PRIVACY SERVICE FBO REGISTRANT","THE ENDURANCE INTERNATIONAL GROUP, INC.","10 CORPORATE DR, STE 300","BURLINGTON","MASSACHUSETTS","01803","United States","whois@bluehost.com","+1.8017659400","","DOMAIN PRIVACY SERVICE FBO REGISTRANT","THE ENDURANCE INTERNATIONAL GROUP, INC.","10 CORPORATE DR, STE 300","BURLINGTON","MASSACHUSETTS","01803","United States","whois@bluehost.com","+1.8017659400","","","","","","","","","","","","ns1.bluehost.com","ns2.bluehost.com","","","clientTransferProhibited","","",""
"20","nayeedisha.net","2020-05-09 23:56:30","2020-05-08","2020-05-08","2021-05-08","1154","FastDomain Inc.","whois.fastdomain.com","http://www.fastdomain.com","DOMAIN PRIVACY SERVICE FBO REGISTRANT","THE ENDURANCE INTERNATIONAL GROUP, INC.","70 BLANCHARD RD","BURLINGTON","MASSACHUSETTS","01803","United States","whois@fastdomain.com","+1.8882103278","","DOMAIN PRIVACY SERVICE FBO REGISTRANT","THE ENDURANCE INTERNATIONAL GROUP, INC.","70 BLANCHARD RD","BURLINGTON","MASSACHUSETTS","01803","United States","whois@fastdomain.com","+1.8882103278","","DOMAIN PRIVACY SERVICE FBO REGISTRANT","THE ENDURANCE INTERNATIONAL GROUP, INC.","70 BLANCHARD RD","BURLINGTON","MASSACHUSETTS","01803","United States","whois@fastdomain.com","+1.8882103278","","","","","","","","","","","","ns1.bluehost.in","ns2.bluehost.in","","","clientTransferProhibited","","",""
"21","nriasucks.net","2020-05-09 23:56:10","2020-05-08","2020-05-08","2022-05-08","1154","FastDomain Inc.","whois.fastdomain.com","http://www.fastdomain.com","DOMAIN PRIVACY SERVICE FBO REGISTRANT","THE ENDURANCE INTERNATIONAL GROUP, INC.","10 CORPORATE DR, STE 300","BURLINGTON","MASSACHUSETTS","01803","United States","whois@bluehost.com","+1.8017659400","","DOMAIN PRIVACY SERVICE FBO REGISTRANT","THE ENDURANCE INTERNATIONAL GROUP, INC.","10 CORPORATE DR, STE 300","BURLINGTON","MASSACHUSETTS","01803","United States","whois@bluehost.com","+1.8017659400","","DOMAIN PRIVACY SERVICE FBO REGISTRANT","THE ENDURANCE INTERNATIONAL GROUP, INC.","10 CORPORATE DR, STE 300","BURLINGTON","MASSACHUSETTS","01803","United States","whois@bluehost.com","+1.8017659400","","","","","","","","","","","","ns1.bluehost.com","ns2.bluehost.com","","","clientTransferProhibited","","",""
"22","obis-metaphysical.net","2020-05-09 23:56:07","2020-05-08","2020-05-08","2021-05-08","1154","FastDomain Inc.","whois.fastdomain.com","http://www.fastdomain.com","DOMAIN PRIVACY SERVICE FBO REGISTRANT","THE ENDURANCE INTERNATIONAL GROUP, INC.","10 CORPORATE DR, STE 300","BURLINGTON","MASSACHUSETTS","01803","United States","whois@bluehost.com","+1.8017659400","","DOMAIN PRIVACY SERVICE FBO REGISTRANT","THE ENDURANCE INTERNATIONAL GROUP, INC.","10 CORPORATE DR, STE 300","BURLINGTON","MASSACHUSETTS","01803","United States","whois@bluehost.com","+1.8017659400","","DOMAIN PRIVACY SERVICE FBO REGISTRANT","THE ENDURANCE INTERNATIONAL GROUP, INC.","10 CORPORATE DR, STE 300","BURLINGTON","MASSACHUSETTS","01803","United States","whois@bluehost.com","+1.8017659400","","","","","","","","","","","","ns1.bluehost.com","ns2.bluehost.com","","","clientTransferProhibited","","",""
"23","oceanohomes.net","2020-05-09 23:56:07","2020-05-07","2020-05-07","2021-05-07","1154","FastDomain Inc.","whois.fastdomain.com","http://www.fastdomain.com","LUIS DIAZ","OCEANO HOMES","3028 SAVANNAH OAKS CIR","TARPON SPRINGS","FLORIDA","34688","United States","luisfdiaz72@gmail.com","+1.9546350951","","LUIS DIAZ","OCEANO HOMES","3028 SAVANNAH OAKS CIR","TARPON SPRINGS","FLORIDA","34688","United States","luisfdiaz72@gmail.com","+1.9546350951","","BLUEHOST INC","BLUEHOST.COM","1958 SOUTH 950 EAST","PROVO","UTAH","84606","United States","whois@bluehost.com","+1.8017659400","+1.8017651992","","","","","","","","","","","ns1.bluehost.com","ns2.bluehost.com","","","clientTransferProhibited","","",""
"24","pancepony.net","2020-05-09 23:56:01","2020-05-07","2020-05-07","2022-05-07","1154","FastDomain Inc.","whois.fastdomain.com","http://www.fastdomain.com","DOMAIN PRIVACY SERVICE FBO REGISTRANT","THE ENDURANCE INTERNATIONAL GROUP, INC.","10 CORPORATE DR, STE 300","BURLINGTON","MASSACHUSETTS","01803","United States","whois@bluehost.com","+1.8017659400","","DOMAIN PRIVACY SERVICE FBO REGISTRANT","THE ENDURANCE INTERNATIONAL GROUP, INC.","10 CORPORATE DR, STE 300","BURLINGTON","MASSACHUSETTS","01803","United States","whois@bluehost.com","+1.8017659400","","DOMAIN PRIVACY SERVICE FBO REGISTRANT","THE ENDURANCE INTERNATIONAL GROUP, INC.","10 CORPORATE DR, STE 300","BURLINGTON","MASSACHUSETTS","01803","United States","whois@bluehost.com","+1.8017659400","","","","","","","","","","","","ns1.bluehost.com","ns2.bluehost.com","","","clientTransferProhibited","","",""
"25","phware.net","2020-05-09 23:55:57","2020-05-08","2020-05-08","2021-05-08","1154","FastDomain Inc.","whois.fastdomain.com","http://www.fastdomain.com","DOMAIN PRIVACY SERVICE FBO REGISTRANT","THE ENDURANCE INTERNATIONAL GROUP, INC.","10 CORPORATE DR, STE 300","BURLINGTON","MASSACHUSETTS","01803","United States","whois@bluehost.com","+1.8017659400","","DOMAIN PRIVACY SERVICE FBO REGISTRANT","THE ENDURANCE INTERNATIONAL GROUP, INC.","10 CORPORATE DR, STE 300","BURLINGTON","MASSACHUSETTS","01803","United States","whois@bluehost.com","+1.8017659400","","DOMAIN PRIVACY SERVICE FBO REGISTRANT","THE ENDURANCE INTERNATIONAL GROUP, INC.","10 CORPORATE DR, STE 300","BURLINGTON","MASSACHUSETTS","01803","United States","whois@bluehost.com","+1.8017659400","","","","","","","","","","","","ns1.bluehost.com","ns2.bluehost.com","","","clientTransferProhibited","","",""
"26","pngcpn.net","2020-05-09 23:55:55","2020-05-08","2020-05-08","2022-05-08","1154","FastDomain Inc.","whois.fastdomain.com","http://www.fastdomain.com","DOMAIN PRIVACY SERVICE FBO REGISTRANT","THE ENDURANCE INTERNATIONAL GROUP, INC.","10 CORPORATE DR, STE 300","BURLINGTON","MASSACHUSETTS","01803","United States","whois@bluehost.com","+1.8017659400","","DOMAIN PRIVACY SERVICE FBO REGISTRANT","THE ENDURANCE INTERNATIONAL GROUP, INC.","10 CORPORATE DR, STE 300","BURLINGTON","MASSACHUSETTS","01803","United States","whois@bluehost.com","+1.8017659400","","DOMAIN PRIVACY SERVICE FBO REGISTRANT","THE ENDURANCE INTERNATIONAL GROUP, INC.","10 CORPORATE DR, STE 300","BURLINGTON","MASSACHUSETTS","01803","United States","whois@bluehost.com","+1.8017659400","","","","","","","","","","","","ns1.bluehost.com","ns2.bluehost.com","","","clientTransferProhibited","","",""
"27","poolofwisdom.net","2020-05-09 23:55:54","2020-05-08","2020-05-08","2021-05-08","1154","FastDomain Inc.","whois.fastdomain.com","http://www.fastdomain.com","DOMAIN PRIVACY SERVICE FBO REGISTRANT","THE ENDURANCE INTERNATIONAL GROUP, INC.","10 CORPORATE DR, STE 300","BURLINGTON","MASSACHUSETTS","01803","United States","whois@bluehost.com","+1.8017659400","","DOMAIN PRIVACY SERVICE FBO REGISTRANT","THE ENDURANCE INTERNATIONAL GROUP, INC.","10 CORPORATE DR, STE 300","BURLINGTON","MASSACHUSETTS","01803","United States","whois@bluehost.com","+1.8017659400","","DOMAIN PRIVACY SERVICE FBO REGISTRANT","THE ENDURANCE INTERNATIONAL GROUP, INC.","10 CORPORATE DR, STE 300","BURLINGTON","MASSACHUSETTS","01803","United States","whois@bluehost.com","+1.8017659400","","","","","","","","","","","","ns1.bluehost.com","ns2.bluehost.com","","","clientTransferProhibited","","",""
"28","premeira.net","2020-05-09 23:55:52","2020-05-07","2020-05-07","2021-05-07","1154","FastDomain Inc.","whois.fastdomain.com","http://www.fastdomain.com","DOMAIN PRIVACY SERVICE FBO REGISTRANT","THE ENDURANCE INTERNATIONAL GROUP, INC.","10 CORPORATE DR, STE 300","BURLINGTON","MASSACHUSETTS","01803","United States","whois@bluehost.com","+1.8017659400","","DOMAIN PRIVACY SERVICE FBO REGISTRANT","THE ENDURANCE INTERNATIONAL GROUP, INC.","10 CORPORATE DR, STE 300","BURLINGTON","MASSACHUSETTS","01803","United States","whois@bluehost.com","+1.8017659400","","DOMAIN PRIVACY SERVICE FBO REGISTRANT","THE ENDURANCE INTERNATIONAL GROUP, INC.","10 CORPORATE DR, STE 300","BURLINGTON","MASSACHUSETTS","01803","United States","whois@bluehost.com","+1.8017659400","","","","","","","","","","","","ns1.bluehost.com","ns2.bluehost.com","","","clientTransferProhibited","","",""
"29","princesingh.net","2020-05-09 23:55:52","2020-05-08","2020-05-08","2021-05-08","1154","FastDomain Inc.","whois.fastdomain.com","http://www.fastdomain.com","DOMAIN PRIVACY SERVICE FBO REGISTRANT","THE ENDURANCE INTERNATIONAL GROUP, INC.","70 BLANCHARD RD","BURLINGTON","MASSACHUSETTS","01803","United States","whois@fastdomain.com","+1.8882103278","","DOMAIN PRIVACY SERVICE FBO REGISTRANT","THE ENDURANCE INTERNATIONAL GROUP, INC.","70 BLANCHARD RD","BURLINGTON","MASSACHUSETTS","01803","United States","whois@fastdomain.com","+1.8882103278","","DOMAIN PRIVACY SERVICE FBO REGISTRANT","THE ENDURANCE INTERNATIONAL GROUP, INC.","70 BLANCHARD RD","BURLINGTON","MASSACHUSETTS","01803","United States","whois@fastdomain.com","+1.8882103278","","","","","","","","","","","","ns1.bluehost.in","ns2.bluehost.in","","","clientTransferProhibited","","",""
"30","sidehustleplaybook.biz","2020-05-09 07:34:26","2020-05-04","2020-05-09","2022-05-04","1154","FastDomain Inc.","whois.fastdomain.com","http://www.fastdomain.com","The Endurance International Group, Inc.","The Endurance International Group, Inc.","","","Massachusetts","","United States","","","","","","","","","","","","","","","","","","","","","","","","","","","","","","","","","","ns1.bluehost.com","ns2.bluehost.com","","","clientTransferProhibited","","",""
"31","virusfreebusiness.biz","2020-05-09 04:00:36","2020-05-04","2020-05-04","2021-05-04","1154","FastDomain Inc.","whois.fastdomain.com","http://www.fastdomain.com","The Endurance International Group, Inc.","The Endurance International Group, Inc.","","","Massachusetts","","United States","","","","","","","","","","","","","","","","","","","","","","","","","","","","","","","","","","ns1.bluehost.com","ns2.bluehost.com","","","addPeriod","clientTransferProhibited","",""