"num","domain_name","query_time","create_date","update_date","expiry_date","domain_registrar_id","domain_registrar_name","domain_registrar_whois","domain_registrar_url","registrant_name","registrant_company","registrant_address","registrant_city","registrant_state","registrant_zip","registrant_country","registrant_email","registrant_phone","registrant_fax","administrative_name","administrative_company","administrative_address","administrative_city","administrative_state","administrative_zip","administrative_country","administrative_email","administrative_phone","administrative_fax","technical_name","technical_company","technical_address","technical_city","technical_state","technical_zip","technical_country","technical_email","technical_phone","technical_fax","billing_name","billing_company","billing_address","billing_city","billing_state","billing_zip","billing_country","billing_email","billing_phone","billing_fax","name_server_1","name_server_2","name_server_3","name_server_4","domain_status_1","domain_status_2","domain_status_3","domain_status_4"
"1","california.agency","2020-05-09 14:47:23","2020-05-07","2020-05-08","2021-05-07","81","Gandi SAS","whois.gandi.net","http://www.gandi.net","REDACTED FOR PRIVACY","California Agency","REDACTED FOR PRIVACY","REDACTED FOR PRIVACY","","REDACTED FOR PRIVACY","France","","REDACTED FOR PRIVACY","REDACTED FOR PRIVACY","","","","","","","","","","","","","","","","","","","","","","","","","","","","","","","","","","","addPeriod","clientTransferProhibited","",""
"2","carritosdebebe.pro","2020-05-10 00:12:07","2020-05-08","2020-05-08","2021-05-08","81","Gandi SAS","whois.gandi.net","http://www.gandi.net","","","","","","","Peru","","","","","","","","","","","","","","","","","","","","","","","","","","","","","","","","","","ns-1004.awsdns-61.net","ns-1301.awsdns-34.org","ns-2009.awsdns-59.co.uk","ns-257.awsdns-32.com","addPeriod","clientTransferProhibited","serverTransferProhibited",""
"3","copro.solutions","2020-05-10 01:06:46","2020-05-07","2020-05-07","2021-05-07","81","Gandi SAS","whois.gandi.net","http://www.gandi.net","REDACTED FOR PRIVACY","","REDACTED FOR PRIVACY","REDACTED FOR PRIVACY","11","REDACTED FOR PRIVACY","France","","REDACTED FOR PRIVACY","REDACTED FOR PRIVACY","","","","","","","","","","","","","","","","","","","","","","","","","","","","","","","","","","","addPeriod","clientTransferProhibited","",""
"4","covid19bw.center","2020-05-09 20:21:16","2020-05-08","2020-05-08","2021-05-08","81","Gandi SAS","whois.gandi.net","http://www.gandi.net","REDACTED FOR PRIVACY","","REDACTED FOR PRIVACY","REDACTED FOR PRIVACY","","REDACTED FOR PRIVACY","Botswana","","REDACTED FOR PRIVACY","REDACTED FOR PRIVACY","","","","","","","","","","","","","","","","","","","","","","","","","","","","","","","","","","","addPeriod","clientTransferProhibited","",""
"5","docbot.care","2020-05-09 20:00:42","2020-05-07","2020-05-07","2021-05-07","81","Gandi SAS","whois.gandi.net","http://www.gandi.net","REDACTED FOR PRIVACY","","REDACTED FOR PRIVACY","REDACTED FOR PRIVACY","","REDACTED FOR PRIVACY","France","","REDACTED FOR PRIVACY","REDACTED FOR PRIVACY","","","","","","","","","","","","","","","","","","","","","","","","","","","","","","","","","","","addPeriod","clientTransferProhibited","",""
"6","fashion-mask.care","2020-05-09 20:00:45","2020-05-07","2020-05-07","2021-05-07","81","Gandi SAS","whois.gandi.net","http://www.gandi.net","REDACTED FOR PRIVACY","","REDACTED FOR PRIVACY","REDACTED FOR PRIVACY","84","REDACTED FOR PRIVACY","France","","REDACTED FOR PRIVACY","REDACTED FOR PRIVACY","","","","","","","","","","","","","","","","","","","","","","","","","","","","","","","","","","","addPeriod","clientTransferProhibited","",""
"7","imgix.engineering","2020-05-09 22:11:16","2020-05-07","2020-05-07","2021-05-07","81","Gandi SAS","whois.gandi.net","http://www.gandi.net","REDACTED FOR PRIVACY","Zebrafish Labs","REDACTED FOR PRIVACY","REDACTED FOR PRIVACY","CA","REDACTED FOR PRIVACY","United States","","REDACTED FOR PRIVACY","REDACTED FOR PRIVACY","","","","","","","","","","","","","","","","","","","","","","","","","","","","","","","","","","","addPeriod","clientTransferProhibited","",""
"8","imgix.events","2020-05-09 22:10:47","2020-05-07","2020-05-07","2021-05-07","81","Gandi SAS","whois.gandi.net","http://www.gandi.net","REDACTED FOR PRIVACY","Zebrafish Labs","REDACTED FOR PRIVACY","REDACTED FOR PRIVACY","CA","REDACTED FOR PRIVACY","United States","","REDACTED FOR PRIVACY","REDACTED FOR PRIVACY","","","","","","","","","","","","","","","","","","","","","","","","","","","","","","","","","","","addPeriod","clientTransferProhibited","",""
"9","imgix.pictures","2020-05-10 00:00:07","2020-05-07","2020-05-07","2021-05-07","81","Gandi SAS","whois.gandi.net","http://www.gandi.net","REDACTED FOR PRIVACY","Zebrafish Labs","REDACTED FOR PRIVACY","REDACTED FOR PRIVACY","CA","REDACTED FOR PRIVACY","United States","","REDACTED FOR PRIVACY","REDACTED FOR PRIVACY","","","","","","","","","","","","","","","","","","","","","","","","","","","","","","","","","","","addPeriod","clientTransferProhibited","",""
"10","imgix.solutions","2020-05-10 01:06:45","2020-05-07","2020-05-07","2021-05-07","81","Gandi SAS","whois.gandi.net","http://www.gandi.net","REDACTED FOR PRIVACY","Zebrafish Labs","REDACTED FOR PRIVACY","REDACTED FOR PRIVACY","CA","REDACTED FOR PRIVACY","United States","","REDACTED FOR PRIVACY","REDACTED FOR PRIVACY","","","","","","","","","","","","","","","","","","","","","","","","","","","","","","","","","","","addPeriod","clientTransferProhibited","",""
"11","iuwg.net","2020-05-09 23:59:32","2020-05-07","2020-05-07","2021-05-07","81","Gandi SAS","whois.gandi.net","http://www.gandi.net","REDACTED FOR PRIVACY","","REDACTED FOR PRIVACY","REDACTED FOR PRIVACY","","REDACTED FOR PRIVACY","France","20011513ac4afefbc1aa768f14ad9bda-18935185@contact.gandi.net","REDACTED FOR PRIVACY","REDACTED FOR PRIVACY","REDACTED FOR PRIVACY","REDACTED FOR PRIVACY","REDACTED FOR PRIVACY","REDACTED FOR PRIVACY","REDACTED FOR PRIVACY","REDACTED FOR PRIVACY","REDACTED FOR PRIVACY","20011513ac4afefbc1aa768f14ad9bda-18935185@contact.gandi.net","REDACTED FOR PRIVACY","REDACTED FOR PRIVACY","REDACTED FOR PRIVACY","REDACTED FOR PRIVACY","REDACTED FOR PRIVACY","REDACTED FOR PRIVACY","REDACTED FOR PRIVACY","REDACTED FOR PRIVACY","REDACTED FOR PRIVACY","20011513ac4afefbc1aa768f14ad9bda-18935185@contact.gandi.net","REDACTED FOR PRIVACY","REDACTED FOR PRIVACY","","","","","","","","","","","dns.presenceweb.org","dns2.presenceweb.org","","","clientTransferProhibited","","",""
"12","jessepeterson.net","2020-05-09 23:59:11","2020-05-07","2020-05-07","2021-05-07","81","Gandi SAS","whois.gandi.net","http://www.gandi.net","REDACTED FOR PRIVACY","","REDACTED FOR PRIVACY","REDACTED FOR PRIVACY","California","REDACTED FOR PRIVACY","United States","855ecb65b67fc2fa2ebcc5aefc5d5bed-18933789@contact.gandi.net","REDACTED FOR PRIVACY","REDACTED FOR PRIVACY","REDACTED FOR PRIVACY","REDACTED FOR PRIVACY","REDACTED FOR PRIVACY","REDACTED FOR PRIVACY","REDACTED FOR PRIVACY","REDACTED FOR PRIVACY","REDACTED FOR PRIVACY","855ecb65b67fc2fa2ebcc5aefc5d5bed-18933789@contact.gandi.net","REDACTED FOR PRIVACY","REDACTED FOR PRIVACY","REDACTED FOR PRIVACY","REDACTED FOR PRIVACY","REDACTED FOR PRIVACY","REDACTED FOR PRIVACY","REDACTED FOR PRIVACY","REDACTED FOR PRIVACY","REDACTED FOR PRIVACY","855ecb65b67fc2fa2ebcc5aefc5d5bed-18933789@contact.gandi.net","REDACTED FOR PRIVACY","REDACTED FOR PRIVACY","","","","","","","","","","","ns-195-b.gandi.net","ns-201-c.gandi.net","ns-246-a.gandi.net","","clientTransferProhibited","","",""
"13","khpay.club","2020-05-09 20:36:00","2020-05-07","2020-05-07","2021-05-07","81","Gandi SAS","whois.gandi.net","http://www.gandi.net","","","","","","","Thailand","","","","","","","","","","","","","","","","","","","","","","","","","","","","","","","","","","ns-1526.awsdns-62.org","ns-1886.awsdns-43.co.uk","ns-200.awsdns-25.com","ns-713.awsdns-25.net","addPeriod","clientTransferProhibited","",""
"14","le-masque-du-coeur.net","2020-05-09 23:58:03","2020-05-08","2020-05-08","2021-05-08","81","Gandi SAS","whois.gandi.net","http://www.gandi.net","REDACTED FOR PRIVACY","","REDACTED FOR PRIVACY","REDACTED FOR PRIVACY","","REDACTED FOR PRIVACY","France","6ca1948a512ea266f0609cc14d06309b-18941385@contact.gandi.net","REDACTED FOR PRIVACY","REDACTED FOR PRIVACY","REDACTED FOR PRIVACY","REDACTED FOR PRIVACY","REDACTED FOR PRIVACY","REDACTED FOR PRIVACY","REDACTED FOR PRIVACY","REDACTED FOR PRIVACY","REDACTED FOR PRIVACY","6ca1948a512ea266f0609cc14d06309b-18941385@contact.gandi.net","REDACTED FOR PRIVACY","REDACTED FOR PRIVACY","REDACTED FOR PRIVACY","REDACTED FOR PRIVACY","REDACTED FOR PRIVACY","REDACTED FOR PRIVACY","REDACTED FOR PRIVACY","REDACTED FOR PRIVACY","REDACTED FOR PRIVACY","6ca1948a512ea266f0609cc14d06309b-18941385@contact.gandi.net","REDACTED FOR PRIVACY","REDACTED FOR PRIVACY","","","","","","","","","","","ns-133-c.gandi.net","ns-54-b.gandi.net","ns-78-a.gandi.net","","clientTransferProhibited","","",""
"15","lemonde.digital","2020-05-09 21:38:47","2020-05-08","2020-05-08","2021-05-08","81","Gandi SAS","whois.gandi.net","http://www.gandi.net","REDACTED FOR PRIVACY","","REDACTED FOR PRIVACY","REDACTED FOR PRIVACY","11","REDACTED FOR PRIVACY","France","","REDACTED FOR PRIVACY","REDACTED FOR PRIVACY","","","","","","","","","","","","","","","","","","","","","","","","","","","","","","","","","","","addPeriod","clientTransferProhibited","",""
"16","makemeadrink.net","2020-05-09 23:57:22","2020-05-07","2020-05-07","2021-05-07","81","Gandi SAS","whois.gandi.net","http://www.gandi.net","REDACTED FOR PRIVACY","","REDACTED FOR PRIVACY","REDACTED FOR PRIVACY","California","REDACTED FOR PRIVACY","United States","9fee3e5c6c8d22417c25ce23ee1fad42-18933665@contact.gandi.net","REDACTED FOR PRIVACY","REDACTED FOR PRIVACY","REDACTED FOR PRIVACY","REDACTED FOR PRIVACY","REDACTED FOR PRIVACY","REDACTED FOR PRIVACY","REDACTED FOR PRIVACY","REDACTED FOR PRIVACY","REDACTED FOR PRIVACY","9fee3e5c6c8d22417c25ce23ee1fad42-18933665@contact.gandi.net","REDACTED FOR PRIVACY","REDACTED FOR PRIVACY","REDACTED FOR PRIVACY","REDACTED FOR PRIVACY","REDACTED FOR PRIVACY","REDACTED FOR PRIVACY","REDACTED FOR PRIVACY","REDACTED FOR PRIVACY","REDACTED FOR PRIVACY","9fee3e5c6c8d22417c25ce23ee1fad42-18933665@contact.gandi.net","REDACTED FOR PRIVACY","REDACTED FOR PRIVACY","","","","","","","","","","","ns-174-c.gandi.net","ns-190-a.gandi.net","ns-49-b.gandi.net","","clientTransferProhibited","","",""
"17","marinabay.company","2020-05-09 20:41:30","2020-05-07","2020-05-07","2021-05-07","81","Gandi SAS","whois.gandi.net","http://www.gandi.net","REDACTED FOR PRIVACY","","REDACTED FOR PRIVACY","REDACTED FOR PRIVACY","76","REDACTED FOR PRIVACY","France","","REDACTED FOR PRIVACY","REDACTED FOR PRIVACY","","","","","","","","","","","","","","","","","","","","","","","","","","","","","","","","","","","addPeriod","clientTransferProhibited","",""
"18","mask-care.net","2020-05-09 23:57:18","2020-05-07","2020-05-07","2021-05-07","81","Gandi SAS","whois.gandi.net","http://www.gandi.net","REDACTED FOR PRIVACY","","REDACTED FOR PRIVACY","REDACTED FOR PRIVACY","Auvergne-Rhone-Alpes","REDACTED FOR PRIVACY","France","9bfc810267e34a83677cac3f4669a230-18933237@contact.gandi.net","REDACTED FOR PRIVACY","REDACTED FOR PRIVACY","REDACTED FOR PRIVACY","REDACTED FOR PRIVACY","REDACTED FOR PRIVACY","REDACTED FOR PRIVACY","REDACTED FOR PRIVACY","REDACTED FOR PRIVACY","REDACTED FOR PRIVACY","9bfc810267e34a83677cac3f4669a230-18933237@contact.gandi.net","REDACTED FOR PRIVACY","REDACTED FOR PRIVACY","REDACTED FOR PRIVACY","REDACTED FOR PRIVACY","REDACTED FOR PRIVACY","REDACTED FOR PRIVACY","REDACTED FOR PRIVACY","REDACTED FOR PRIVACY","REDACTED FOR PRIVACY","9bfc810267e34a83677cac3f4669a230-18933237@contact.gandi.net","REDACTED FOR PRIVACY","REDACTED FOR PRIVACY","","","","","","","","","","","ns-225-a.gandi.net","ns-34-b.gandi.net","ns-48-c.gandi.net","","clientTransferProhibited","","",""
"19","mask-care.solutions","2020-05-10 01:06:46","2020-05-07","2020-05-07","2021-05-07","81","Gandi SAS","whois.gandi.net","http://www.gandi.net","REDACTED FOR PRIVACY","","REDACTED FOR PRIVACY","REDACTED FOR PRIVACY","84","REDACTED FOR PRIVACY","France","","REDACTED FOR PRIVACY","REDACTED FOR PRIVACY","","","","","","","","","","","","","","","","","","","","","","","","","","","","","","","","","","","addPeriod","clientTransferProhibited","",""
"20","masque-textile.solutions","2020-05-10 01:06:45","2020-05-07","2020-05-07","2021-05-07","81","Gandi SAS","whois.gandi.net","http://www.gandi.net","REDACTED FOR PRIVACY","","REDACTED FOR PRIVACY","REDACTED FOR PRIVACY","84","REDACTED FOR PRIVACY","France","","REDACTED FOR PRIVACY","REDACTED FOR PRIVACY","","","","","","","","","","","","","","","","","","","","","","","","","","","","","","","","","","","addPeriod","clientTransferProhibited","",""
"21","maxence.coach","2020-05-09 20:34:11","2020-05-07","2020-05-07","2022-05-07","81","Gandi SAS","whois.gandi.net","http://www.gandi.net","REDACTED FOR PRIVACY","","REDACTED FOR PRIVACY","REDACTED FOR PRIVACY","53","REDACTED FOR PRIVACY","France","","REDACTED FOR PRIVACY","REDACTED FOR PRIVACY","","","","","","","","","","","","","","","","","","","","","","","","","","","","","","","","","","","addPeriod","clientTransferProhibited","",""
"22","motleyshots.net","2020-05-09 23:56:50","2020-05-07","2020-05-07","2021-05-07","81","Gandi SAS","whois.gandi.net","http://www.gandi.net","REDACTED FOR PRIVACY","","REDACTED FOR PRIVACY","REDACTED FOR PRIVACY","","REDACTED FOR PRIVACY","France","8a76d2e4d921b6e3e64b588a3ac937a1-18935325@contact.gandi.net","REDACTED FOR PRIVACY","REDACTED FOR PRIVACY","REDACTED FOR PRIVACY","REDACTED FOR PRIVACY","REDACTED FOR PRIVACY","REDACTED FOR PRIVACY","REDACTED FOR PRIVACY","REDACTED FOR PRIVACY","REDACTED FOR PRIVACY","8a76d2e4d921b6e3e64b588a3ac937a1-18935325@contact.gandi.net","REDACTED FOR PRIVACY","REDACTED FOR PRIVACY","REDACTED FOR PRIVACY","REDACTED FOR PRIVACY","REDACTED FOR PRIVACY","REDACTED FOR PRIVACY","REDACTED FOR PRIVACY","REDACTED FOR PRIVACY","REDACTED FOR PRIVACY","8a76d2e4d921b6e3e64b588a3ac937a1-18935325@contact.gandi.net","REDACTED FOR PRIVACY","REDACTED FOR PRIVACY","","","","","","","","","","","ns-132-a.gandi.net","ns-221-c.gandi.net","ns-56-b.gandi.net","","clientTransferProhibited","","",""
"23","mvl.care","2020-05-09 20:00:41","2020-05-07","2020-05-07","2023-05-07","81","Gandi SAS","whois.gandi.net","http://www.gandi.net","REDACTED FOR PRIVACY","WhizDM Innovations Pvt Ltd","REDACTED FOR PRIVACY","REDACTED FOR PRIVACY","KA","REDACTED FOR PRIVACY","India","","REDACTED FOR PRIVACY","REDACTED FOR PRIVACY","","","","","","","","","","","","","","","","","","","","","","","","","","","","","","","","","","","addPeriod","clientTransferProhibited","",""
"24","my-fortune.net","2020-05-09 23:56:44","2020-05-08","2020-05-08","2021-05-08","81","Gandi SAS","whois.gandi.net","http://www.gandi.net","REDACTED FOR PRIVACY","","REDACTED FOR PRIVACY","REDACTED FOR PRIVACY","","REDACTED FOR PRIVACY","France","9b28ca058fad5fe6db55209f818ef35e-18451419@contact.gandi.net","REDACTED FOR PRIVACY","REDACTED FOR PRIVACY","REDACTED FOR PRIVACY","REDACTED FOR PRIVACY","REDACTED FOR PRIVACY","REDACTED FOR PRIVACY","REDACTED FOR PRIVACY","REDACTED FOR PRIVACY","REDACTED FOR PRIVACY","ab7396d493133a761129b56b2bf4b101-637562@contact.gandi.net","REDACTED FOR PRIVACY","REDACTED FOR PRIVACY","REDACTED FOR PRIVACY","REDACTED FOR PRIVACY","REDACTED FOR PRIVACY","REDACTED FOR PRIVACY","REDACTED FOR PRIVACY","REDACTED FOR PRIVACY","REDACTED FOR PRIVACY","ab7396d493133a761129b56b2bf4b101-637562@contact.gandi.net","REDACTED FOR PRIVACY","REDACTED FOR PRIVACY","","","","","","","","","","","dns1.alwaysdata.com","dns2.alwaysdata.com","","","clientTransferProhibited","","",""
"25","mymedshare.net","2020-05-09 23:56:40","2020-05-07","2020-05-07","2021-05-07","81","Gandi SAS","whois.gandi.net","http://www.gandi.net","REDACTED FOR PRIVACY","","REDACTED FOR PRIVACY","REDACTED FOR PRIVACY","California","REDACTED FOR PRIVACY","United States","543bfc410635b6562d2eda85921c512b-18934521@contact.gandi.net","REDACTED FOR PRIVACY","REDACTED FOR PRIVACY","REDACTED FOR PRIVACY","REDACTED FOR PRIVACY","REDACTED FOR PRIVACY","REDACTED FOR PRIVACY","REDACTED FOR PRIVACY","REDACTED FOR PRIVACY","REDACTED FOR PRIVACY","543bfc410635b6562d2eda85921c512b-18934521@contact.gandi.net","REDACTED FOR PRIVACY","REDACTED FOR PRIVACY","REDACTED FOR PRIVACY","REDACTED FOR PRIVACY","REDACTED FOR PRIVACY","REDACTED FOR PRIVACY","REDACTED FOR PRIVACY","REDACTED FOR PRIVACY","REDACTED FOR PRIVACY","543bfc410635b6562d2eda85921c512b-18934521@contact.gandi.net","REDACTED FOR PRIVACY","REDACTED FOR PRIVACY","","","","","","","","","","","ns-223-c.gandi.net","ns-52-b.gandi.net","ns-80-a.gandi.net","","clientTransferProhibited","","",""
"26","nettalky.net","2020-05-09 23:56:27","2020-05-08","2020-05-08","2021-05-08","81","Gandi SAS","whois.gandi.net","http://www.gandi.net","REDACTED FOR PRIVACY","","REDACTED FOR PRIVACY","REDACTED FOR PRIVACY","Ile-de-France","REDACTED FOR PRIVACY","France","0be40cc2e80009e608b1912d7712aaad-18942073@contact.gandi.net","REDACTED FOR PRIVACY","REDACTED FOR PRIVACY","REDACTED FOR PRIVACY","REDACTED FOR PRIVACY","REDACTED FOR PRIVACY","REDACTED FOR PRIVACY","REDACTED FOR PRIVACY","REDACTED FOR PRIVACY","REDACTED FOR PRIVACY","0be40cc2e80009e608b1912d7712aaad-18942073@contact.gandi.net","REDACTED FOR PRIVACY","REDACTED FOR PRIVACY","REDACTED FOR PRIVACY","REDACTED FOR PRIVACY","REDACTED FOR PRIVACY","REDACTED FOR PRIVACY","REDACTED FOR PRIVACY","REDACTED FOR PRIVACY","REDACTED FOR PRIVACY","0be40cc2e80009e608b1912d7712aaad-18942073@contact.gandi.net","REDACTED FOR PRIVACY","REDACTED FOR PRIVACY","","","","","","","","","","","ns-141-b.gandi.net","ns-37-c.gandi.net","ns-76-a.gandi.net","","clientTransferProhibited","","",""
"27","newprint3d.net","2020-05-09 23:56:24","2020-05-07","2020-05-07","2021-05-07","81","Gandi SAS","whois.gandi.net","http://www.gandi.net","REDACTED FOR PRIVACY","","REDACTED FOR PRIVACY","REDACTED FOR PRIVACY","Ile-de-France","REDACTED FOR PRIVACY","France","7fa7f621ba0e17a91512787593711edb-18935633@contact.gandi.net","REDACTED FOR PRIVACY","REDACTED FOR PRIVACY","REDACTED FOR PRIVACY","REDACTED FOR PRIVACY","REDACTED FOR PRIVACY","REDACTED FOR PRIVACY","REDACTED FOR PRIVACY","REDACTED FOR PRIVACY","REDACTED FOR PRIVACY","7fa7f621ba0e17a91512787593711edb-18935633@contact.gandi.net","REDACTED FOR PRIVACY","REDACTED FOR PRIVACY","REDACTED FOR PRIVACY","REDACTED FOR PRIVACY","REDACTED FOR PRIVACY","REDACTED FOR PRIVACY","REDACTED FOR PRIVACY","REDACTED FOR PRIVACY","REDACTED FOR PRIVACY","7fa7f621ba0e17a91512787593711edb-18935633@contact.gandi.net","REDACTED FOR PRIVACY","REDACTED FOR PRIVACY","","","","","","","","","","","ns-184-c.gandi.net","ns-206-b.gandi.net","ns-225-a.gandi.net","","clientTransferProhibited","","",""
"28","odas.poker","2020-05-10 00:00:49","2020-05-07","2020-05-07","2021-05-07","81","Gandi SAS","whois.gandi.net","http://www.gandi.net","","","","","76","","France","","","","","","","","","","","","","","","","","","","","","","","","","","","","","","","","","","ns-123-c.gandi.net","ns-162-b.gandi.net","ns-188-a.gandi.net","","addPeriod","clientTransferProhibited","serverTransferProhibited",""
"29","peaksmithind.net","2020-05-09 23:55:59","2020-05-08","2020-05-08","2021-05-08","81","Gandi SAS","whois.gandi.net","http://www.gandi.net","REDACTED FOR PRIVACY","","REDACTED FOR PRIVACY","REDACTED FOR PRIVACY","Quebec","REDACTED FOR PRIVACY","Canada","45e49fb2aa25c7ae41d4a71e2e232db4-18943445@contact.gandi.net","REDACTED FOR PRIVACY","REDACTED FOR PRIVACY","REDACTED FOR PRIVACY","REDACTED FOR PRIVACY","REDACTED FOR PRIVACY","REDACTED FOR PRIVACY","REDACTED FOR PRIVACY","REDACTED FOR PRIVACY","REDACTED FOR PRIVACY","45e49fb2aa25c7ae41d4a71e2e232db4-18943445@contact.gandi.net","REDACTED FOR PRIVACY","REDACTED FOR PRIVACY","REDACTED FOR PRIVACY","REDACTED FOR PRIVACY","REDACTED FOR PRIVACY","REDACTED FOR PRIVACY","REDACTED FOR PRIVACY","REDACTED FOR PRIVACY","REDACTED FOR PRIVACY","45e49fb2aa25c7ae41d4a71e2e232db4-18943445@contact.gandi.net","REDACTED FOR PRIVACY","REDACTED FOR PRIVACY","","","","","","","","","","","ns-127-c.gandi.net","ns-138-b.gandi.net","ns-23-a.gandi.net","","clientTransferProhibited","","",""
"30","peaksmithindustries.net","2020-05-09 23:55:59","2020-05-08","2020-05-08","2021-05-08","81","Gandi SAS","whois.gandi.net","http://www.gandi.net","REDACTED FOR PRIVACY","","REDACTED FOR PRIVACY","REDACTED FOR PRIVACY","Quebec","REDACTED FOR PRIVACY","Canada","d8d0e6f304902fbab6fc29dfaa847881-18943449@contact.gandi.net","REDACTED FOR PRIVACY","REDACTED FOR PRIVACY","REDACTED FOR PRIVACY","REDACTED FOR PRIVACY","REDACTED FOR PRIVACY","REDACTED FOR PRIVACY","REDACTED FOR PRIVACY","REDACTED FOR PRIVACY","REDACTED FOR PRIVACY","d8d0e6f304902fbab6fc29dfaa847881-18943449@contact.gandi.net","REDACTED FOR PRIVACY","REDACTED FOR PRIVACY","REDACTED FOR PRIVACY","REDACTED FOR PRIVACY","REDACTED FOR PRIVACY","REDACTED FOR PRIVACY","REDACTED FOR PRIVACY","REDACTED FOR PRIVACY","REDACTED FOR PRIVACY","d8d0e6f304902fbab6fc29dfaa847881-18943449@contact.gandi.net","REDACTED FOR PRIVACY","REDACTED FOR PRIVACY","","","","","","","","","","","ns-112-c.gandi.net","ns-193-a.gandi.net","ns-45-b.gandi.net","","clientTransferProhibited","","",""
"31","propageonslanature.net","2020-05-09 23:55:57","2020-05-08","2020-05-08","2021-05-08","81","Gandi SAS","whois.gandi.net","http://www.gandi.net","REDACTED FOR PRIVACY","","REDACTED FOR PRIVACY","REDACTED FOR PRIVACY","Ile-de-France","REDACTED FOR PRIVACY","France","7a42fff045b738eb9c76e19994a1a894-18941073@contact.gandi.net","REDACTED FOR PRIVACY","REDACTED FOR PRIVACY","REDACTED FOR PRIVACY","REDACTED FOR PRIVACY","REDACTED FOR PRIVACY","REDACTED FOR PRIVACY","REDACTED FOR PRIVACY","REDACTED FOR PRIVACY","REDACTED FOR PRIVACY","7a42fff045b738eb9c76e19994a1a894-18941073@contact.gandi.net","REDACTED FOR PRIVACY","REDACTED FOR PRIVACY","REDACTED FOR PRIVACY","REDACTED FOR PRIVACY","REDACTED FOR PRIVACY","REDACTED FOR PRIVACY","REDACTED FOR PRIVACY","REDACTED FOR PRIVACY","REDACTED FOR PRIVACY","7a42fff045b738eb9c76e19994a1a894-18941073@contact.gandi.net","REDACTED FOR PRIVACY","REDACTED FOR PRIVACY","","","","","","","","","","","ns-100-c.gandi.net","ns-135-a.gandi.net","ns-77-b.gandi.net","","clientTransferProhibited","","",""
"32","stan.club","2020-05-09 20:34:45","2020-05-07","2020-05-07","2021-05-07","81","Gandi SAS","whois.gandi.net","http://www.gandi.net","de ta shu wei ying xiao you xian gong si","de ta shu wei ying xiao you xian gong si","","","","","Taiwan","","","","","","","","","","","","","","","","","","","","","","","","","","","","","","","","","","ns-106-c.gandi.net","ns-172-b.gandi.net","ns-185-a.gandi.net","","addPeriod","clientTransferProhibited","",""
"33","staylocal.club","2020-05-09 20:34:44","2020-05-07","2020-05-07","2021-05-07","81","Gandi SAS","whois.gandi.net","http://www.gandi.net","Cool Cat Media Pty Ltd","Cool Cat Media Pty Ltd","","","ACT","","Australia","","","","","","","","","","","","","","","","","","","","","","","","","","","","","","","","","","ns-108.awsdns-13.com","ns-1140.awsdns-14.org","ns-1935.awsdns-49.co.uk","ns-732.awsdns-27.net","addPeriod","clientTransferProhibited","",""
"34","syndic.solutions","2020-05-10 01:06:45","2020-05-07","2020-05-07","2021-05-07","81","Gandi SAS","whois.gandi.net","http://www.gandi.net","REDACTED FOR PRIVACY","","REDACTED FOR PRIVACY","REDACTED FOR PRIVACY","11","REDACTED FOR PRIVACY","France","","REDACTED FOR PRIVACY","REDACTED FOR PRIVACY","","","","","","","","","","","","","","","","","","","","","","","","","","","","","","","","","","","addPeriod","clientTransferProhibited","",""
"35","thethanabo.solutions","2020-05-10 01:06:46","2020-05-07","2020-05-07","2021-05-07","81","Gandi SAS","whois.gandi.net","http://www.gandi.net","REDACTED FOR PRIVACY","Open Xcellence","REDACTED FOR PRIVACY","REDACTED FOR PRIVACY","","REDACTED FOR PRIVACY","South Africa","","REDACTED FOR PRIVACY","REDACTED FOR PRIVACY","","","","","","","","","","","","","","","","","","","","","","","","","","","","","","","","","","","addPeriod","clientTransferProhibited","",""
"36","wehaveall.club","2020-05-09 20:34:24","2020-05-07","2020-05-07","2021-05-07","81","Gandi SAS","whois.gandi.net","http://www.gandi.net","Tools LTD","Tools LTD","","","","","Hong Kong","","","","","","","","","","","","","","","","","","","","","","","","","","","","","","","","","","ns-1424.awsdns-50.org","ns-1872.awsdns-42.co.uk","ns-200.awsdns-25.com","ns-801.awsdns-36.net","addPeriod","clientTransferProhibited","",""