"num","domain_name","query_time","create_date","update_date","expiry_date","domain_registrar_id","domain_registrar_name","domain_registrar_whois","domain_registrar_url","registrant_name","registrant_company","registrant_address","registrant_city","registrant_state","registrant_zip","registrant_country","registrant_email","registrant_phone","registrant_fax","administrative_name","administrative_company","administrative_address","administrative_city","administrative_state","administrative_zip","administrative_country","administrative_email","administrative_phone","administrative_fax","technical_name","technical_company","technical_address","technical_city","technical_state","technical_zip","technical_country","technical_email","technical_phone","technical_fax","billing_name","billing_company","billing_address","billing_city","billing_state","billing_zip","billing_country","billing_email","billing_phone","billing_fax","name_server_1","name_server_2","name_server_3","name_server_4","domain_status_1","domain_status_2","domain_status_3","domain_status_4"
"1","goodvibrationfitness.club","2020-05-09 20:36:28","2020-05-07","2020-05-07","2021-05-07","1420","InterNetworX Ltd. & Co. KG","whois.domrobot.com","http://www.domrobot.com","Erpenbach und Neumann GBR","Erpenbach und Neumann GBR","","","","","Germany","","","","","","","","","","","","","","","","","","","","","","","","","","","","","","","","","","ns.domrobot.biz","ns.domrobot.com","ns.domrobot.info","ns.domrobot.net","addPeriod","clientTransferProhibited","",""
"2","markrudi.club","2020-05-09 20:35:46","2020-05-07","2020-05-07","2021-05-07","1420","InterNetworX Ltd. & Co. KG","whois.domrobot.com","http://www.domrobot.com","Erpenbach und Neumann GBR","Erpenbach und Neumann GBR","","","","","Germany","","","","","","","","","","","","","","","","","","","","","","","","","","","","","","","","","","ns.domrobot.biz","ns.domrobot.com","ns.domrobot.info","ns.domrobot.net","addPeriod","clientTransferProhibited","",""
"3","medifit-dinklage.club","2020-05-09 20:35:43","2020-05-07","2020-05-07","2021-05-07","1420","InterNetworX Ltd. & Co. KG","whois.domrobot.com","http://www.domrobot.com","Erpenbach und Neumann GBR","Erpenbach und Neumann GBR","","","","","Germany","","","","","","","","","","","","","","","","","","","","","","","","","","","","","","","","","","ns.domrobot.biz","ns.domrobot.com","ns.domrobot.info","ns.domrobot.net","addPeriod","clientTransferProhibited","",""
"4","my-la-vita.club","2020-05-09 20:35:33","2020-05-07","2020-05-07","2021-05-07","1420","InterNetworX Ltd. & Co. KG","whois.domrobot.com","http://www.domrobot.com","Erpenbach und Neumann GBR","Erpenbach und Neumann GBR","","","","","Germany","","","","","","","","","","","","","","","","","","","","","","","","","","","","","","","","","","ns.domrobot.biz","ns.domrobot.com","ns.domrobot.info","ns.domrobot.net","addPeriod","clientTransferProhibited","",""
"5","schwitzkasten-fitness.club","2020-05-09 20:34:56","2020-05-07","2020-05-07","2021-05-07","1420","InterNetworX Ltd. & Co. KG","whois.domrobot.com","http://www.domrobot.com","Erpenbach und Neumann GBR","Erpenbach und Neumann GBR","","","","","Germany","","","","","","","","","","","","","","","","","","","","","","","","","","","","","","","","","","ns.domrobot.biz","ns.domrobot.com","ns.domrobot.info","ns.domrobot.net","addPeriod","clientTransferProhibited","",""
"6","twinergy-coaching.club","2020-05-09 20:34:29","2020-05-07","2020-05-07","2021-05-07","1420","InterNetworX Ltd. & Co. KG","whois.domrobot.com","http://www.domrobot.com","Erpenbach und Neumann GBR","Erpenbach und Neumann GBR","","","","","Germany","","","","","","","","","","","","","","","","","","","","","","","","","","","","","","","","","","ns.domrobot.biz","ns.domrobot.com","ns.domrobot.info","ns.domrobot.net","addPeriod","clientTransferProhibited","",""
"7","yoga-yantra.club","2020-05-09 20:34:14","2020-05-07","2020-05-07","2021-05-07","1420","InterNetworX Ltd. & Co. KG","whois.domrobot.com","http://www.domrobot.com","Erpenbach und Neumann GBR","Erpenbach und Neumann GBR","","","","","Germany","","","","","","","","","","","","","","","","","","","","","","","","","","","","","","","","","","ns.domrobot.biz","ns.domrobot.com","ns.domrobot.info","ns.domrobot.net","addPeriod","clientTransferProhibited","",""