"num","domain_name","query_time","create_date","update_date","expiry_date","domain_registrar_id","domain_registrar_name","domain_registrar_whois","domain_registrar_url","registrant_name","registrant_company","registrant_address","registrant_city","registrant_state","registrant_zip","registrant_country","registrant_email","registrant_phone","registrant_fax","administrative_name","administrative_company","administrative_address","administrative_city","administrative_state","administrative_zip","administrative_country","administrative_email","administrative_phone","administrative_fax","technical_name","technical_company","technical_address","technical_city","technical_state","technical_zip","technical_country","technical_email","technical_phone","technical_fax","billing_name","billing_company","billing_address","billing_city","billing_state","billing_zip","billing_country","billing_email","billing_phone","billing_fax","name_server_1","name_server_2","name_server_3","name_server_4","domain_status_1","domain_status_2","domain_status_3","domain_status_4"
"1","irodori-smile.net","2020-05-09 23:59:27","2020-05-08","2020-05-08","2021-05-08","1485","Japan Registry Services Co., Ltd.","whois.jprs.jp","http://jprs.jp/registrar","Yuichi Abe","","35F,4-20,ofukacho,kitaku","osaka","osaka","530-0011","Japan","nic-staff@sakura.ad.jp","+81.663764800","","SAKURA Internet Inc.","","35F,4-20,ofukacho,kitaku","Osaka","Osaka","530-0011","Japan","nic-staff@sakura.ad.jp","+81.663764800","","SAKURA Internet Inc.","","35F,4-20,ofukacho,kitaku","Osaka","Osaka","530-0011","Japan","nic-staff@sakura.ad.jp","+81.663764800","","","","","","","","","","","","ns1.dns.ne.jp","ns2.dns.ne.jp","","","OK","","",""
"2","jhits.net","2020-05-09 23:59:11","2020-05-08","2020-05-08","2021-05-08","1485","Japan Registry Services Co., Ltd.","whois.jprs.jp","http://jprs.jp/registrar","SEJ","","35F,4-20,ofukacho,kitaku","osaka","osaka","530-0011","Japan","nic-staff@sakura.ad.jp","+81.663764800","","SAKURA Internet Inc.","","35F,4-20,ofukacho,kitaku","Osaka","Osaka","530-0011","Japan","nic-staff@sakura.ad.jp","+81.663764800","","SAKURA Internet Inc.","","35F,4-20,ofukacho,kitaku","Osaka","Osaka","530-0011","Japan","nic-staff@sakura.ad.jp","+81.663764800","","","","","","","","","","","","ns1.dns.ne.jp","ns2.dns.ne.jp","","","OK","","",""
"3","kokokaradrone.net","2020-05-09 23:58:28","2020-05-07","2020-05-08","2023-05-07","1485","Japan Registry Services Co., Ltd.","whois.jprs.jp","http://jprs.jp/registrar","SAKURAI YUICHI","","35F,4-20,ofukacho,kitaku","osaka","osaka","530-0011","Japan","nic-staff@sakura.ad.jp","+81.663764800","","SAKURA Internet Inc.","","35F,4-20,ofukacho,kitaku","Osaka","Osaka","530-0011","Japan","nic-staff@sakura.ad.jp","+81.663764800","","SAKURA Internet Inc.","","35F,4-20,ofukacho,kitaku","Osaka","Osaka","530-0011","Japan","nic-staff@sakura.ad.jp","+81.663764800","","","","","","","","","","","","ns1.xserver.jp","ns2.xserver.jp","ns3.xserver.jp","","OK","","",""
"4","kyuden-ouen.net","2020-05-09 23:58:17","2020-05-08","2020-05-08","2022-05-08","1485","Japan Registry Services Co., Ltd.","whois.jprs.jp","http://jprs.jp/registrar","KDDI Web Communications Inc.(CPI)","","MINAMI AOYAMA BRIGHT SQUARE 10F, 2-26-1, Minamiaoyama","Minato-ku","Tokyo","107-0062","Japan","nic@cpi.ad.jp","+81.363711927","+81.367569621","KDDI Web Communications Inc.(CPI)","","MINAMI AOYAMA BRIGHT SQUARE 10F 2-26-1 Minamiaoyama","Minato-ku","Tokyo","107-0062","Japan","nic@cpi.ad.jp","+81.120577399","+81.367569621","KDDI Web Communications Inc.(CPI)","","MINAMI AOYAMA BRIGHT SQUARE 10F 2-26-1 Minamiaoyama","Minato-ku","Tokyo","107-0062","Japan","nic@cpi.ad.jp","+81.120577399","+81.367569621","","","","","","","","","","","ns6.cpi.ad.jp","ns7.cpi.ad.jp","","","clientTransferProhibited","","",""
"5","lll360lll.net","2020-05-09 23:57:43","2020-05-08","2020-05-08","2021-05-08","1485","Japan Registry Services Co., Ltd.","whois.jprs.jp","http://jprs.jp/registrar","Hikari Kato","","35F,4-20,ofukacho,kitaku","Osaka","Osaka","530-0011","Japan","nic-staff@sakura.ad.jp","+81.663764800","","SAKURA Internet Inc.","","35F,4-20,ofukacho,kitaku","Osaka","Osaka","530-0011","Japan","nic-staff@sakura.ad.jp","+81.663764800","","SAKURA Internet Inc.","","35F,4-20,ofukacho,kitaku","Osaka","Osaka","530-0011","Japan","nic-staff@sakura.ad.jp","+81.663764800","","","","","","","","","","","","ns1.dns.ne.jp","ns2.dns.ne.jp","","","OK","","",""
"6","longsleeper.net","2020-05-09 23:57:38","2020-05-08","2020-05-08","2021-05-08","1485","Japan Registry Services Co., Ltd.","whois.jprs.jp","http://jprs.jp/registrar","Sagano Kanayama","","35F,4-20,ofukacho,kitaku","Osaka","Osaka","530-0011","Japan","nic-staff@sakura.ad.jp","+81.663764800","","SAKURA Internet Inc.","","35F,4-20,ofukacho,kitaku","Osaka","Osaka","530-0011","Japan","nic-staff@sakura.ad.jp","+81.663764800","","SAKURA Internet Inc.","","35F,4-20,ofukacho,kitaku","Osaka","Osaka","530-0011","Japan","nic-staff@sakura.ad.jp","+81.663764800","","","","","","","","","","","","ns1.dns.ne.jp","ns2.dns.ne.jp","","","OK","","",""
"7","marekazu.biz","2020-05-09 11:10:21","2020-05-07","2020-05-07","2021-05-07","1485","Japan Registry Services Co., Ltd.","whois.jprs.jp","http://jprs.jp/registrar","","","","","Osaka","","Japan","","","","","","","","","","","","","","","","","","","","","","","","","","","","","","","","","","ns1.dns.ne.jp","ns2.dns.ne.jp","","","addPeriod","ok","",""
"8","money-man.net","2020-05-09 23:56:54","2020-05-08","2020-05-08","2021-05-08","1485","Japan Registry Services Co., Ltd.","whois.jprs.jp","http://jprs.jp/registrar","Takeuchi Yoji","","35F,4-20,ofukacho,kitaku","Osaka","Osaka","530-0011","Japan","nic-staff@sakura.ad.jp","+81.663764800","","SAKURA Internet Inc.","","35F,4-20,ofukacho,kitaku","Osaka","Osaka","530-0011","Japan","nic-staff@sakura.ad.jp","+81.663764800","","SAKURA Internet Inc.","","35F,4-20,ofukacho,kitaku","Osaka","Osaka","530-0011","Japan","nic-staff@sakura.ad.jp","+81.663764800","","","","","","","","","","","","ns1.dns.ne.jp","ns2.dns.ne.jp","","","OK","","",""
"9","onikam.net","2020-05-09 23:56:04","2020-05-08","2020-05-08","2021-05-08","1485","Japan Registry Services Co., Ltd.","whois.jprs.jp","http://jprs.jp/registrar","Makino Toru","","35F,4-20,ofukacho,kitaku","Osaka","Osaka","530-0011","Japan","nic-staff@sakura.ad.jp","+81.663764800","","SAKURA Internet Inc.","","35F,4-20,ofukacho,kitaku","Osaka","Osaka","530-0011","Japan","nic-staff@sakura.ad.jp","+81.663764800","","SAKURA Internet Inc.","","35F,4-20,ofukacho,kitaku","Osaka","Osaka","530-0011","Japan","nic-staff@sakura.ad.jp","+81.663764800","","","","","","","","","","","","ns1.dns.ne.jp","ns2.dns.ne.jp","","","OK","","",""
"10","oonukifarm.net","2020-05-09 23:56:03","2020-05-08","2020-05-08","2021-05-08","1485","Japan Registry Services Co., Ltd.","whois.jprs.jp","http://jprs.jp/registrar","Onuki,Shinzi","","2-6-12","Edogawa-ku","Tokyo","133-0054","Japan","nic-contact@iflag.co.jp","+81.8011555928","","iFLAG CO.,LTD","","2-4-1","Minato-ku,Shibakoen","Tokyo","105-0011","Japan","nic-contact@iflag.co.jp","+81.357333406","","iFLAG CO.,LTD","","2-4-1","Minato-ku,Shibakoen","Tokyo","105-0011","Japan","nic-contact@iflag.co.jp","+81.357333406","","","","","","","","","","","","ns01.xaas3.jp","ns02.xaas3.jp","","","OK","","",""
"11","pino-dev.net","2020-05-09 23:55:56","2020-05-08","2020-05-08","2021-05-08","1485","Japan Registry Services Co., Ltd.","whois.jprs.jp","http://jprs.jp/registrar","Pino Inc.","","35F,4-20,ofukacho,kitaku","Osaka","Osaka","530-0011","Japan","nic-staff@sakura.ad.jp","+81.663764800","","SAKURA Internet Inc.","","35F,4-20,ofukacho,kitaku","Osaka","Osaka","530-0011","Japan","nic-staff@sakura.ad.jp","+81.663764800","","SAKURA Internet Inc.","","35F,4-20,ofukacho,kitaku","Osaka","Osaka","530-0011","Japan","nic-staff@sakura.ad.jp","+81.663764800","","","","","","","","","","","","ns1.dns.ne.jp","ns2.dns.ne.jp","","","OK","","",""