"num","domain_name","query_time","create_date","update_date","expiry_date","domain_registrar_id","domain_registrar_name","domain_registrar_whois","domain_registrar_url","registrant_name","registrant_company","registrant_address","registrant_city","registrant_state","registrant_zip","registrant_country","registrant_email","registrant_phone","registrant_fax","administrative_name","administrative_company","administrative_address","administrative_city","administrative_state","administrative_zip","administrative_country","administrative_email","administrative_phone","administrative_fax","technical_name","technical_company","technical_address","technical_city","technical_state","technical_zip","technical_country","technical_email","technical_phone","technical_fax","billing_name","billing_company","billing_address","billing_city","billing_state","billing_zip","billing_country","billing_email","billing_phone","billing_fax","name_server_1","name_server_2","name_server_3","name_server_4","domain_status_1","domain_status_2","domain_status_3","domain_status_4"
"1","agi-capital.biz","2020-05-09 15:45:23","2020-05-06","2020-05-06","2021-05-06","269","Key-Systems GmbH","whois.rrpproxy.net","http://www.key-systems.net","","","","","","","Switzerland","","","","","","","","","","","","","","","","","","","","","","","","","","","","","","","","","","ns31.infomaniak.com","ns32.infomaniak.com","","","addPeriod","clientTransferProhibited","",""
"2","flashpartyhub.pro","2020-05-10 00:22:58","2020-05-08","2020-05-08","2021-05-08","269","Key-Systems GmbH","whois.rrpproxy.net","http://www.key-systems.net","Maya Key Limited","Maya Key Limited","","","Texas","","United States","","","","","","","","","","","","","","","","","","","","","","","","","","","","","","","","","","ns1.monikerdns.net","ns2.monikerdns.net","ns3.monikerdns.net","ns4.monikerdns.net","addPeriod","clientTransferProhibited","serverTransferProhibited",""
"3","gospelapp.biz","2020-05-09 17:14:05","2020-05-01","2020-05-06","2021-05-01","269","Key-Systems GmbH","whois.rrpproxy.net","http://www.key-systems.net","","","","","Kisumu","","Kenya","","","","","","","","","","","","","","","","","","","","","","","","","","","","","","","","","","ns1.safaricombusiness.co.ke","ns2.safaricombusiness.co.ke","ns3.safaricombusiness.co.ke","ns4.safaricombusiness.co.ke","clientDeleteProhibited","clientTransferProhibited","",""
"4","internetworld.pro","2020-05-10 00:26:10","2020-05-08","2020-05-08","2021-05-08","269","Key-Systems GmbH","whois.rrpproxy.net","http://www.key-systems.net","","","","","","","Poland","","","","","","","","","","","","","","","","","","","","","","","","","","","","","","","","","","ns1.aftermarket.pl","ns2.aftermarket.pl","","","addPeriod","serverTransferProhibited","",""
"5","kartemotion.net","2020-05-09 23:58:45","2020-05-08","2020-05-08","2021-05-08","269","Key-Systems GmbH","whois.rrpproxy.net","http://www.key-systems.net","On behalf of kartemotion.net OWNER","c/o whoisproxy.com","604 Cameron Street","Alexandria","VA","22314","United States","8896bc90d52fa99ee36a810551e9330fd549eccc4e57169225035665c82c5d0a@kartemotion.net.whoisproxy.org","+64.48319528","","On behalf of kartemotion.net ADMIN","c/o whoisproxy.com","604 Cameron Street","Alexandria","VA","22314","United States","8896bc90d52fa99ee36a810551e9330fd549eccc4e57169225035665c82c5d0a@kartemotion.net.whoisproxy.org","+64.48319528","","On behalf of kartemotion.net TECH","c/o whoisproxy.com","604 Cameron Street","Alexandria","VA","22314","United States","8896bc90d52fa99ee36a810551e9330f5dff071afb4e89b5fd0d69c9d0216ffd@kartemotion.net.whoisproxy.org","+64.48319528","","On behalf of kartemotion.net BILLING","c/o whoisproxy.com","604 Cameron Street","Alexandria","VA","22314","United States","8896bc90d52fa99ee36a810551e9330f60bbf5b93b02f15db9390ff64a7f70e4@kartemotion.net.whoisproxy.org","+64.48319528","","ns1.domaindiscount24.net","ns2.domaindiscount24.net","ns3.domaindiscount24.net","","OK","","",""
"6","ki-zentren.net","2020-05-09 23:58:38","2020-05-08","2020-05-08","2021-05-08","269","Key-Systems GmbH","whois.rrpproxy.net","http://www.key-systems.net","REDACTED FOR PRIVACY","REDACTED FOR PRIVACY","REDACTED FOR PRIVACY REDACTED FOR PRIVACY REDACTED FOR PRIVACY","REDACTED FOR PRIVACY","REDACTED FOR PRIVACY","REDACTED FOR PRIVACY","REDACTED FOR PRIVACY","info@domain-contact.org","REDACTED FOR PRIVACY","REDACTED FOR PRIVACY","REDACTED FOR PRIVACY","REDACTED FOR PRIVACY","REDACTED FOR PRIVACY REDACTED FOR PRIVACY REDACTED FOR PRIVACY","REDACTED FOR PRIVACY","REDACTED FOR PRIVACY","REDACTED FOR PRIVACY","REDACTED FOR PRIVACY","info@domain-contact.org","REDACTED FOR PRIVACY","REDACTED FOR PRIVACY","REDACTED FOR PRIVACY","REDACTED FOR PRIVACY","REDACTED FOR PRIVACY REDACTED FOR PRIVACY REDACTED FOR PRIVACY","REDACTED FOR PRIVACY","REDACTED FOR PRIVACY","REDACTED FOR PRIVACY","REDACTED FOR PRIVACY","info@domain-contact.org","REDACTED FOR PRIVACY","REDACTED FOR PRIVACY","REDACTED FOR PRIVACY","REDACTED FOR PRIVACY","REDACTED FOR PRIVACY REDACTED FOR PRIVACY REDACTED FOR PRIVACY","REDACTED FOR PRIVACY","REDACTED FOR PRIVACY","REDACTED FOR PRIVACY","REDACTED FOR PRIVACY","info@domain-contact.org","REDACTED FOR PRIVACY","REDACTED FOR PRIVACY","ns1.domaindiscount24.net","ns2.domaindiscount24.net","ns3.domaindiscount24.net","","OK","","",""
"7","kidoclock.net","2020-05-09 23:58:38","2020-05-08","2020-05-08","2021-05-08","269","Key-Systems GmbH","whois.rrpproxy.net","http://www.key-systems.net","REDACTED FOR PRIVACY","REDACTED FOR PRIVACY","REDACTED FOR PRIVACY REDACTED FOR PRIVACY REDACTED FOR PRIVACY","REDACTED FOR PRIVACY","REDACTED FOR PRIVACY","REDACTED FOR PRIVACY","REDACTED FOR PRIVACY","info@domain-contact.org","REDACTED FOR PRIVACY","REDACTED FOR PRIVACY","REDACTED FOR PRIVACY","REDACTED FOR PRIVACY","REDACTED FOR PRIVACY REDACTED FOR PRIVACY REDACTED FOR PRIVACY","REDACTED FOR PRIVACY","REDACTED FOR PRIVACY","REDACTED FOR PRIVACY","REDACTED FOR PRIVACY","info@domain-contact.org","REDACTED FOR PRIVACY","REDACTED FOR PRIVACY","REDACTED FOR PRIVACY","REDACTED FOR PRIVACY","REDACTED FOR PRIVACY REDACTED FOR PRIVACY REDACTED FOR PRIVACY","REDACTED FOR PRIVACY","REDACTED FOR PRIVACY","REDACTED FOR PRIVACY","REDACTED FOR PRIVACY","info@domain-contact.org","REDACTED FOR PRIVACY","REDACTED FOR PRIVACY","REDACTED FOR PRIVACY","REDACTED FOR PRIVACY","REDACTED FOR PRIVACY REDACTED FOR PRIVACY REDACTED FOR PRIVACY","REDACTED FOR PRIVACY","REDACTED FOR PRIVACY","REDACTED FOR PRIVACY","REDACTED FOR PRIVACY","info@domain-contact.org","REDACTED FOR PRIVACY","REDACTED FOR PRIVACY","ns.ddn.fr","ns2.ddn.fr","","","OK","","",""
"8","kjapperekasino.net","2020-05-09 23:58:32","2020-05-08","2020-05-08","2021-05-08","269","Key-Systems GmbH","whois.rrpproxy.net","http://www.key-systems.net","REDACTED FOR PRIVACY","REDACTED FOR PRIVACY","REDACTED FOR PRIVACY REDACTED FOR PRIVACY REDACTED FOR PRIVACY","REDACTED FOR PRIVACY","REDACTED FOR PRIVACY","REDACTED FOR PRIVACY","REDACTED FOR PRIVACY","info@domain-contact.org","REDACTED FOR PRIVACY","REDACTED FOR PRIVACY","REDACTED FOR PRIVACY","REDACTED FOR PRIVACY","REDACTED FOR PRIVACY REDACTED FOR PRIVACY REDACTED FOR PRIVACY","REDACTED FOR PRIVACY","REDACTED FOR PRIVACY","REDACTED FOR PRIVACY","REDACTED FOR PRIVACY","info@domain-contact.org","REDACTED FOR PRIVACY","REDACTED FOR PRIVACY","REDACTED FOR PRIVACY","REDACTED FOR PRIVACY","REDACTED FOR PRIVACY REDACTED FOR PRIVACY REDACTED FOR PRIVACY","REDACTED FOR PRIVACY","REDACTED FOR PRIVACY","REDACTED FOR PRIVACY","REDACTED FOR PRIVACY","info@domain-contact.org","REDACTED FOR PRIVACY","REDACTED FOR PRIVACY","REDACTED FOR PRIVACY","REDACTED FOR PRIVACY","REDACTED FOR PRIVACY REDACTED FOR PRIVACY REDACTED FOR PRIVACY","REDACTED FOR PRIVACY","REDACTED FOR PRIVACY","REDACTED FOR PRIVACY","REDACTED FOR PRIVACY","info@domain-contact.org","REDACTED FOR PRIVACY","REDACTED FOR PRIVACY","ns1.uniweb.no","ns3.uniweb.no","","","clientTransferProhibited","","",""
"9","kjappereodds.net","2020-05-09 23:58:31","2020-05-08","2020-05-08","2021-05-08","269","Key-Systems GmbH","whois.rrpproxy.net","http://www.key-systems.net","REDACTED FOR PRIVACY","REDACTED FOR PRIVACY","REDACTED FOR PRIVACY REDACTED FOR PRIVACY REDACTED FOR PRIVACY","REDACTED FOR PRIVACY","REDACTED FOR PRIVACY","REDACTED FOR PRIVACY","REDACTED FOR PRIVACY","info@domain-contact.org","REDACTED FOR PRIVACY","REDACTED FOR PRIVACY","REDACTED FOR PRIVACY","REDACTED FOR PRIVACY","REDACTED FOR PRIVACY REDACTED FOR PRIVACY REDACTED FOR PRIVACY","REDACTED FOR PRIVACY","REDACTED FOR PRIVACY","REDACTED FOR PRIVACY","REDACTED FOR PRIVACY","info@domain-contact.org","REDACTED FOR PRIVACY","REDACTED FOR PRIVACY","REDACTED FOR PRIVACY","REDACTED FOR PRIVACY","REDACTED FOR PRIVACY REDACTED FOR PRIVACY REDACTED FOR PRIVACY","REDACTED FOR PRIVACY","REDACTED FOR PRIVACY","REDACTED FOR PRIVACY","REDACTED FOR PRIVACY","info@domain-contact.org","REDACTED FOR PRIVACY","REDACTED FOR PRIVACY","REDACTED FOR PRIVACY","REDACTED FOR PRIVACY","REDACTED FOR PRIVACY REDACTED FOR PRIVACY REDACTED FOR PRIVACY","REDACTED FOR PRIVACY","REDACTED FOR PRIVACY","REDACTED FOR PRIVACY","REDACTED FOR PRIVACY","info@domain-contact.org","REDACTED FOR PRIVACY","REDACTED FOR PRIVACY","ns1.uniweb.no","ns3.uniweb.no","","","clientTransferProhibited","","",""
"10","magicznewypieki.net","2020-05-09 23:57:24","2020-05-08","2020-05-08","2021-05-08","269","Key-Systems GmbH","whois.rrpproxy.net","http://www.key-systems.net","REDACTED FOR PRIVACY","REDACTED FOR PRIVACY","REDACTED FOR PRIVACY REDACTED FOR PRIVACY REDACTED FOR PRIVACY","REDACTED FOR PRIVACY","REDACTED FOR PRIVACY","REDACTED FOR PRIVACY","REDACTED FOR PRIVACY","info@domain-contact.org","REDACTED FOR PRIVACY","REDACTED FOR PRIVACY","REDACTED FOR PRIVACY","REDACTED FOR PRIVACY","REDACTED FOR PRIVACY REDACTED FOR PRIVACY REDACTED FOR PRIVACY","REDACTED FOR PRIVACY","REDACTED FOR PRIVACY","REDACTED FOR PRIVACY","REDACTED FOR PRIVACY","info@domain-contact.org","REDACTED FOR PRIVACY","REDACTED FOR PRIVACY","REDACTED FOR PRIVACY","REDACTED FOR PRIVACY","REDACTED FOR PRIVACY REDACTED FOR PRIVACY REDACTED FOR PRIVACY","REDACTED FOR PRIVACY","REDACTED FOR PRIVACY","REDACTED FOR PRIVACY","REDACTED FOR PRIVACY","info@domain-contact.org","REDACTED FOR PRIVACY","REDACTED FOR PRIVACY","REDACTED FOR PRIVACY","REDACTED FOR PRIVACY","REDACTED FOR PRIVACY REDACTED FOR PRIVACY REDACTED FOR PRIVACY","REDACTED FOR PRIVACY","REDACTED FOR PRIVACY","REDACTED FOR PRIVACY","REDACTED FOR PRIVACY","info@domain-contact.org","REDACTED FOR PRIVACY","REDACTED FOR PRIVACY","ns10.az.pl","ns11.az.pl","ns12.az.pl","","OK","","",""
"11","mapabiznesu.biz","2020-05-09 11:10:39","2020-05-01","2020-05-06","2021-05-01","269","Key-Systems GmbH","whois.rrpproxy.net","http://www.key-systems.net","Piotr Palma","Piotr Palma","","","","","Poland","","","","","","","","","","","","","","","","","","","","","","","","","","","","","","","","","","ns1.aftermarket.pl","ns2.aftermarket.pl","","","OK","","",""
"12","mapainternetu.biz","2020-05-09 11:10:38","2020-05-01","2020-05-06","2021-05-01","269","Key-Systems GmbH","whois.rrpproxy.net","http://www.key-systems.net","Piotr Palma","Piotr Palma","","","","","Poland","","","","","","","","","","","","","","","","","","","","","","","","","","","","","","","","","","ns1.aftermarket.pl","ns2.aftermarket.pl","","","OK","","",""
"13","militarrabatt.net","2020-05-09 23:57:02","2020-05-07","2020-05-07","2021-05-07","269","Key-Systems GmbH","whois.rrpproxy.net","http://www.key-systems.net","REDACTED FOR PRIVACY","REDACTED FOR PRIVACY","REDACTED FOR PRIVACY REDACTED FOR PRIVACY REDACTED FOR PRIVACY","REDACTED FOR PRIVACY","REDACTED FOR PRIVACY","REDACTED FOR PRIVACY","REDACTED FOR PRIVACY","info@domain-contact.org","REDACTED FOR PRIVACY","REDACTED FOR PRIVACY","REDACTED FOR PRIVACY","REDACTED FOR PRIVACY","REDACTED FOR PRIVACY REDACTED FOR PRIVACY REDACTED FOR PRIVACY","REDACTED FOR PRIVACY","REDACTED FOR PRIVACY","REDACTED FOR PRIVACY","REDACTED FOR PRIVACY","info@domain-contact.org","REDACTED FOR PRIVACY","REDACTED FOR PRIVACY","REDACTED FOR PRIVACY","REDACTED FOR PRIVACY","REDACTED FOR PRIVACY REDACTED FOR PRIVACY REDACTED FOR PRIVACY","REDACTED FOR PRIVACY","REDACTED FOR PRIVACY","REDACTED FOR PRIVACY","REDACTED FOR PRIVACY","info@domain-contact.org","REDACTED FOR PRIVACY","REDACTED FOR PRIVACY","REDACTED FOR PRIVACY","REDACTED FOR PRIVACY","REDACTED FOR PRIVACY REDACTED FOR PRIVACY REDACTED FOR PRIVACY","REDACTED FOR PRIVACY","REDACTED FOR PRIVACY","REDACTED FOR PRIVACY","REDACTED FOR PRIVACY","info@domain-contact.org","REDACTED FOR PRIVACY","REDACTED FOR PRIVACY","dns1.oderland.com","dns2.oderland.com","dns3.oderland.com","","OK","","",""
"14","mista-smith.net","2020-05-09 23:56:59","2020-05-08","2020-05-08","2021-05-08","269","Key-Systems GmbH","whois.rrpproxy.net","http://www.key-systems.net","REDACTED FOR PRIVACY","REDACTED FOR PRIVACY","REDACTED FOR PRIVACY REDACTED FOR PRIVACY REDACTED FOR PRIVACY","REDACTED FOR PRIVACY","REDACTED FOR PRIVACY","REDACTED FOR PRIVACY","REDACTED FOR PRIVACY","info@domain-contact.org","REDACTED FOR PRIVACY","REDACTED FOR PRIVACY","REDACTED FOR PRIVACY","REDACTED FOR PRIVACY","REDACTED FOR PRIVACY REDACTED FOR PRIVACY REDACTED FOR PRIVACY","REDACTED FOR PRIVACY","REDACTED FOR PRIVACY","REDACTED FOR PRIVACY","REDACTED FOR PRIVACY","info@domain-contact.org","REDACTED FOR PRIVACY","REDACTED FOR PRIVACY","REDACTED FOR PRIVACY","REDACTED FOR PRIVACY","REDACTED FOR PRIVACY REDACTED FOR PRIVACY REDACTED FOR PRIVACY","REDACTED FOR PRIVACY","REDACTED FOR PRIVACY","REDACTED FOR PRIVACY","REDACTED FOR PRIVACY","info@domain-contact.org","REDACTED FOR PRIVACY","REDACTED FOR PRIVACY","REDACTED FOR PRIVACY","REDACTED FOR PRIVACY","REDACTED FOR PRIVACY REDACTED FOR PRIVACY REDACTED FOR PRIVACY","REDACTED FOR PRIVACY","REDACTED FOR PRIVACY","REDACTED FOR PRIVACY","REDACTED FOR PRIVACY","info@domain-contact.org","REDACTED FOR PRIVACY","REDACTED FOR PRIVACY","ns1.domaindiscount24.net","ns2.domaindiscount24.net","ns3.domaindiscount24.net","","OK","","",""
"15","on-slice-sunglasses.net","2020-05-09 23:56:04","2020-05-08","2020-05-08","2021-05-08","269","Key-Systems GmbH","whois.rrpproxy.net","http://www.key-systems.net","REDACTED FOR PRIVACY","REDACTED FOR PRIVACY","REDACTED FOR PRIVACY REDACTED FOR PRIVACY REDACTED FOR PRIVACY","REDACTED FOR PRIVACY","REDACTED FOR PRIVACY","REDACTED FOR PRIVACY","REDACTED FOR PRIVACY","info@domain-contact.org","REDACTED FOR PRIVACY","REDACTED FOR PRIVACY","REDACTED FOR PRIVACY","REDACTED FOR PRIVACY","REDACTED FOR PRIVACY REDACTED FOR PRIVACY REDACTED FOR PRIVACY","REDACTED FOR PRIVACY","REDACTED FOR PRIVACY","REDACTED FOR PRIVACY","REDACTED FOR PRIVACY","info@domain-contact.org","REDACTED FOR PRIVACY","REDACTED FOR PRIVACY","REDACTED FOR PRIVACY","REDACTED FOR PRIVACY","REDACTED FOR PRIVACY REDACTED FOR PRIVACY REDACTED FOR PRIVACY","REDACTED FOR PRIVACY","REDACTED FOR PRIVACY","REDACTED FOR PRIVACY","REDACTED FOR PRIVACY","info@domain-contact.org","REDACTED FOR PRIVACY","REDACTED FOR PRIVACY","REDACTED FOR PRIVACY","REDACTED FOR PRIVACY","REDACTED FOR PRIVACY REDACTED FOR PRIVACY REDACTED FOR PRIVACY","REDACTED FOR PRIVACY","REDACTED FOR PRIVACY","REDACTED FOR PRIVACY","REDACTED FOR PRIVACY","info@domain-contact.org","REDACTED FOR PRIVACY","REDACTED FOR PRIVACY","ns1.domaindiscount24.net","ns2.domaindiscount24.net","ns3.domaindiscount24.net","","OK","","",""
"16","on-slice.net","2020-05-09 23:56:04","2020-05-08","2020-05-08","2021-05-08","269","Key-Systems GmbH","whois.rrpproxy.net","http://www.key-systems.net","REDACTED FOR PRIVACY","REDACTED FOR PRIVACY","REDACTED FOR PRIVACY REDACTED FOR PRIVACY REDACTED FOR PRIVACY","REDACTED FOR PRIVACY","REDACTED FOR PRIVACY","REDACTED FOR PRIVACY","REDACTED FOR PRIVACY","info@domain-contact.org","REDACTED FOR PRIVACY","REDACTED FOR PRIVACY","REDACTED FOR PRIVACY","REDACTED FOR PRIVACY","REDACTED FOR PRIVACY REDACTED FOR PRIVACY REDACTED FOR PRIVACY","REDACTED FOR PRIVACY","REDACTED FOR PRIVACY","REDACTED FOR PRIVACY","REDACTED FOR PRIVACY","info@domain-contact.org","REDACTED FOR PRIVACY","REDACTED FOR PRIVACY","REDACTED FOR PRIVACY","REDACTED FOR PRIVACY","REDACTED FOR PRIVACY REDACTED FOR PRIVACY REDACTED FOR PRIVACY","REDACTED FOR PRIVACY","REDACTED FOR PRIVACY","REDACTED FOR PRIVACY","REDACTED FOR PRIVACY","info@domain-contact.org","REDACTED FOR PRIVACY","REDACTED FOR PRIVACY","REDACTED FOR PRIVACY","REDACTED FOR PRIVACY","REDACTED FOR PRIVACY REDACTED FOR PRIVACY REDACTED FOR PRIVACY","REDACTED FOR PRIVACY","REDACTED FOR PRIVACY","REDACTED FOR PRIVACY","REDACTED FOR PRIVACY","info@domain-contact.org","REDACTED FOR PRIVACY","REDACTED FOR PRIVACY","ns1.domaindiscount24.net","ns2.domaindiscount24.net","ns3.domaindiscount24.net","","OK","","",""
"17","oslomet.net","2020-05-09 23:56:02","2020-05-08","2020-05-09","2021-05-08","269","Key-Systems GmbH","whois.rrpproxy.net","http://www.key-systems.net","REDACTED FOR PRIVACY","REDACTED FOR PRIVACY","REDACTED FOR PRIVACY REDACTED FOR PRIVACY REDACTED FOR PRIVACY","REDACTED FOR PRIVACY","REDACTED FOR PRIVACY","REDACTED FOR PRIVACY","REDACTED FOR PRIVACY","info@domain-contact.org","REDACTED FOR PRIVACY","REDACTED FOR PRIVACY","REDACTED FOR PRIVACY","REDACTED FOR PRIVACY","REDACTED FOR PRIVACY REDACTED FOR PRIVACY REDACTED FOR PRIVACY","REDACTED FOR PRIVACY","REDACTED FOR PRIVACY","REDACTED FOR PRIVACY","REDACTED FOR PRIVACY","info@domain-contact.org","REDACTED FOR PRIVACY","REDACTED FOR PRIVACY","REDACTED FOR PRIVACY","REDACTED FOR PRIVACY","REDACTED FOR PRIVACY REDACTED FOR PRIVACY REDACTED FOR PRIVACY","REDACTED FOR PRIVACY","REDACTED FOR PRIVACY","REDACTED FOR PRIVACY","REDACTED FOR PRIVACY","info@domain-contact.org","REDACTED FOR PRIVACY","REDACTED FOR PRIVACY","REDACTED FOR PRIVACY","REDACTED FOR PRIVACY","REDACTED FOR PRIVACY REDACTED FOR PRIVACY REDACTED FOR PRIVACY","REDACTED FOR PRIVACY","REDACTED FOR PRIVACY","REDACTED FOR PRIVACY","REDACTED FOR PRIVACY","info@domain-contact.org","REDACTED FOR PRIVACY","REDACTED FOR PRIVACY","ns1.siteground230.com","ns2.siteground230.com","","","clientTransferProhibited","","",""
"18","pferdesalbe.net","2020-05-09 23:55:58","2020-05-07","2020-05-07","2021-05-07","269","Key-Systems GmbH","whois.rrpproxy.net","http://www.key-systems.net","REDACTED FOR PRIVACY","REDACTED FOR PRIVACY","REDACTED FOR PRIVACY REDACTED FOR PRIVACY REDACTED FOR PRIVACY","REDACTED FOR PRIVACY","REDACTED FOR PRIVACY","REDACTED FOR PRIVACY","REDACTED FOR PRIVACY","info@domain-contact.org","REDACTED FOR PRIVACY","REDACTED FOR PRIVACY","REDACTED FOR PRIVACY","REDACTED FOR PRIVACY","REDACTED FOR PRIVACY REDACTED FOR PRIVACY REDACTED FOR PRIVACY","REDACTED FOR PRIVACY","REDACTED FOR PRIVACY","REDACTED FOR PRIVACY","REDACTED FOR PRIVACY","info@domain-contact.org","REDACTED FOR PRIVACY","REDACTED FOR PRIVACY","REDACTED FOR PRIVACY","REDACTED FOR PRIVACY","REDACTED FOR PRIVACY REDACTED FOR PRIVACY REDACTED FOR PRIVACY","REDACTED FOR PRIVACY","REDACTED FOR PRIVACY","REDACTED FOR PRIVACY","REDACTED FOR PRIVACY","info@domain-contact.org","REDACTED FOR PRIVACY","REDACTED FOR PRIVACY","REDACTED FOR PRIVACY","REDACTED FOR PRIVACY","REDACTED FOR PRIVACY REDACTED FOR PRIVACY REDACTED FOR PRIVACY","REDACTED FOR PRIVACY","REDACTED FOR PRIVACY","REDACTED FOR PRIVACY","REDACTED FOR PRIVACY","info@domain-contact.org","REDACTED FOR PRIVACY","REDACTED FOR PRIVACY","ns1.domaindiscount24.net","ns2.domaindiscount24.net","ns3.domaindiscount24.net","","OK","","",""
"19","pompolab.net","2020-05-09 23:55:53","2020-05-08","2020-05-08","2021-05-08","269","Key-Systems GmbH","whois.rrpproxy.net","http://www.key-systems.net","REDACTED FOR PRIVACY","REDACTED FOR PRIVACY","REDACTED FOR PRIVACY REDACTED FOR PRIVACY REDACTED FOR PRIVACY","REDACTED FOR PRIVACY","REDACTED FOR PRIVACY","REDACTED FOR PRIVACY","REDACTED FOR PRIVACY","info@domain-contact.org","REDACTED FOR PRIVACY","REDACTED FOR PRIVACY","REDACTED FOR PRIVACY","REDACTED FOR PRIVACY","REDACTED FOR PRIVACY REDACTED FOR PRIVACY REDACTED FOR PRIVACY","REDACTED FOR PRIVACY","REDACTED FOR PRIVACY","REDACTED FOR PRIVACY","REDACTED FOR PRIVACY","info@domain-contact.org","REDACTED FOR PRIVACY","REDACTED FOR PRIVACY","REDACTED FOR PRIVACY","REDACTED FOR PRIVACY","REDACTED FOR PRIVACY REDACTED FOR PRIVACY REDACTED FOR PRIVACY","REDACTED FOR PRIVACY","REDACTED FOR PRIVACY","REDACTED FOR PRIVACY","REDACTED FOR PRIVACY","info@domain-contact.org","REDACTED FOR PRIVACY","REDACTED FOR PRIVACY","REDACTED FOR PRIVACY","REDACTED FOR PRIVACY","REDACTED FOR PRIVACY REDACTED FOR PRIVACY REDACTED FOR PRIVACY","REDACTED FOR PRIVACY","REDACTED FOR PRIVACY","REDACTED FOR PRIVACY","REDACTED FOR PRIVACY","info@domain-contact.org","REDACTED FOR PRIVACY","REDACTED FOR PRIVACY","ns1.aftermarket.pl","ns2.aftermarket.pl","","","OK","","",""
"20","prodruk.net","2020-05-09 23:55:57","2020-05-07","2020-05-07","2021-05-07","269","Key-Systems GmbH","whois.rrpproxy.net","http://www.key-systems.net","REDACTED FOR PRIVACY","REDACTED FOR PRIVACY","REDACTED FOR PRIVACY REDACTED FOR PRIVACY REDACTED FOR PRIVACY","REDACTED FOR PRIVACY","REDACTED FOR PRIVACY","REDACTED FOR PRIVACY","REDACTED FOR PRIVACY","info@domain-contact.org","REDACTED FOR PRIVACY","REDACTED FOR PRIVACY","REDACTED FOR PRIVACY","REDACTED FOR PRIVACY","REDACTED FOR PRIVACY REDACTED FOR PRIVACY REDACTED FOR PRIVACY","REDACTED FOR PRIVACY","REDACTED FOR PRIVACY","REDACTED FOR PRIVACY","REDACTED FOR PRIVACY","info@domain-contact.org","REDACTED FOR PRIVACY","REDACTED FOR PRIVACY","REDACTED FOR PRIVACY","REDACTED FOR PRIVACY","REDACTED FOR PRIVACY REDACTED FOR PRIVACY REDACTED FOR PRIVACY","REDACTED FOR PRIVACY","REDACTED FOR PRIVACY","REDACTED FOR PRIVACY","REDACTED FOR PRIVACY","info@domain-contact.org","REDACTED FOR PRIVACY","REDACTED FOR PRIVACY","REDACTED FOR PRIVACY","REDACTED FOR PRIVACY","REDACTED FOR PRIVACY REDACTED FOR PRIVACY REDACTED FOR PRIVACY","REDACTED FOR PRIVACY","REDACTED FOR PRIVACY","REDACTED FOR PRIVACY","REDACTED FOR PRIVACY","info@domain-contact.org","REDACTED FOR PRIVACY","REDACTED FOR PRIVACY","ns1.strefa.pl","ns2.strefa.pl","ns3.strefa.pl","","OK","","",""
"21","saunabau.biz","2020-05-09 08:00:26","2020-05-03","2020-05-08","2021-05-03","269","Key-Systems GmbH","whois.rrpproxy.net","http://www.key-systems.net","","","","","","","Germany","","","","","","","","","","","","","","","","","","","","","","","","","","","","","","","","","","ns1.domaindiscount24.net","ns2.domaindiscount24.net","ns3.domaindiscount24.net","","OK","","",""
"22","sh-hub.pro","2020-05-10 00:44:48","2020-05-08","2020-05-08","2021-05-08","269","Key-Systems GmbH","whois.rrpproxy.net","http://www.key-systems.net","Maya Key Limited","Maya Key Limited","","","Texas","","United States","","","","","","","","","","","","","","","","","","","","","","","","","","","","","","","","","","ns1.monikerdns.net","ns2.monikerdns.net","ns3.monikerdns.net","ns4.monikerdns.net","addPeriod","clientTransferProhibited","serverTransferProhibited",""
"23","virtualafrica.biz","2020-05-09 04:10:18","2020-05-06","","2021-05-06","269","Key-Systems GmbH","whois.rrpproxy.net","http://www.key-systems.net","TY Dollar Partners","TY Dollar Partners","","","Kenya","","Kenya","","","","","","","","","","","","","","","","","","","","","","","","","","","","","","","","","","ns1.safaricombusiness.co.ke","ns2.safaricombusiness.co.ke","ns3.safaricombusiness.co.ke","ns4.safaricombusiness.co.ke","addPeriod","ok","",""
"24","webtools.biz","2020-05-09 03:20:25","2020-05-06","","2021-05-06","269","Key-Systems GmbH","whois.rrpproxy.net","http://www.key-systems.net","WebTools.de","WebTools.de","","","","","Germany","","","","","","","","","","","","","","","","","","","","","","","","","","","","","","","","","","ns.second-ns.com","ns1.your-server.de","ns3.second-ns.de","","addPeriod","ok","",""