"num","domain_name","query_time","create_date","update_date","expiry_date","domain_registrar_id","domain_registrar_name","domain_registrar_whois","domain_registrar_url","registrant_name","registrant_company","registrant_address","registrant_city","registrant_state","registrant_zip","registrant_country","registrant_email","registrant_phone","registrant_fax","administrative_name","administrative_company","administrative_address","administrative_city","administrative_state","administrative_zip","administrative_country","administrative_email","administrative_phone","administrative_fax","technical_name","technical_company","technical_address","technical_city","technical_state","technical_zip","technical_country","technical_email","technical_phone","technical_fax","billing_name","billing_company","billing_address","billing_city","billing_state","billing_zip","billing_country","billing_email","billing_phone","billing_fax","name_server_1","name_server_2","name_server_3","name_server_4","domain_status_1","domain_status_2","domain_status_3","domain_status_4"
"1","kevtalk.net","2020-05-09 23:58:40","2020-05-08","2020-05-08","2021-05-08","955","Launchpad, Inc.","whois.launchpad.com","http://www.launchpad.com","Domain Admin","Privacy Protect, LLC (PrivacyProtect.org)","10 Corporate Drive","Burlington","MA","01803","United States","contact@privacyprotect.org","+1.8022274003","","Domain Admin","Privacy Protect, LLC (PrivacyProtect.org)","10 Corporate Drive","Burlington","MA","01803","United States","contact@privacyprotect.org","+1.8022274003","","Domain Admin","Privacy Protect, LLC (PrivacyProtect.org)","10 Corporate Drive","Burlington","MA","01803","United States","contact@privacyprotect.org","+1.8022274003","","","","","","","","","","","","ns6521.hostgator.com","ns6522.hostgator.com","","","clientTransferProhibited","","",""
"2","klenzcorp.net","2020-05-09 23:58:30","2020-05-08","2020-05-08","2021-05-08","955","Launchpad, Inc.","whois.launchpad.com","http://www.launchpad.com","DAVID RAHIMI","None","207 ELM PLACE","MINEOLA","NY","11501","United States","normanpinn@aol.com","+1.5162840301","","DAVID RAHIMI","None","207 ELM PLACE","MINEOLA","NY","11501","United States","normanpinn@aol.com","+1.5162840301","","DAVID RAHIMI","None","207 ELM PLACE","MINEOLA","NY","11501","United States","normanpinn@aol.com","+1.5162840301","","","","","","","","","","","","ns6279.hostgator.com","ns6280.hostgator.com","","","clientTransferProhibited","","",""
"3","looking2buy.net","2020-05-09 23:57:37","2020-05-07","2020-05-07","2021-05-07","955","Launchpad, Inc.","whois.launchpad.com","http://www.launchpad.com","Anthony Miller","A. Miller Enterprises","702 Braddock Drive B2 B2","Louisville","KY","40207","United States","adelloydmiller@yahoo.com","+1.5025367155","","Anthony Miller","A. Miller Enterprises","702 Braddock Drive B2 B2","Louisville","KY","40207","United States","adelloydmiller@yahoo.com","+1.5025367155","","Anthony Miller","A. Miller Enterprises","702 Braddock Drive B2 B2","Louisville","KY","40207","United States","adelloydmiller@yahoo.com","+1.5025367155","","","","","","","","","","","","ns8317.hostgator.com","ns8318.hostgator.com","","","clientTransferProhibited","","",""
"4","malthuzianfilms.net","2020-05-09 23:57:21","2020-05-08","2020-05-08","2021-05-08","955","Launchpad, Inc.","whois.launchpad.com","http://www.launchpad.com","Joden Malthus","None","PO Box 5122 Waikiwi, Invercargill","Invercargill","STL","9843","New Zealand","malthuzianfilms@gmail.com","+64.210656560","","Joden Malthus","None","PO Box 5122 Waikiwi, Invercargill","Invercargill","STL","9843","New Zealand","malthuzianfilms@gmail.com","+64.210656560","","Joden Malthus","None","PO Box 5122 Waikiwi, Invercargill","Invercargill","STL","9843","New Zealand","malthuzianfilms@gmail.com","+64.210656560","","","","","","","","","","","","ns6521.hostgator.com","ns6522.hostgator.com","","","clientTransferProhibited","","",""
"5","martinez-agency.net","2020-05-09 23:57:18","2020-05-08","2020-05-08","2021-05-08","955","Launchpad, Inc.","whois.launchpad.com","http://www.launchpad.com","ALEX MARTINEZ","MARTINEZ AGENCY","PO BOX 813","ROGERS","AR","72757","United States","alex@martinez-agency.com","+1.4795442769","","ALEX MARTINEZ","MARTINEZ AGENCY","PO BOX 813","ROGERS","AR","72757","United States","alex@martinez-agency.com","+1.4795442769","","ALEX MARTINEZ","MARTINEZ AGENCY","PO BOX 813","ROGERS","AR","72757","United States","alex@martinez-agency.com","+1.4795442769","","","","","","","","","","","","ns1667.websitewelcome.com","ns1668.websitewelcome.com","","","clientTransferProhibited","","",""
"6","mgbrand.net","2020-05-09 23:57:06","2020-05-07","2020-05-07","2021-05-07","955","Launchpad, Inc.","whois.launchpad.com","http://www.launchpad.com","Domain Admin","Privacy Protect, LLC (PrivacyProtect.org)","10 Corporate Drive","Burlington","MA","01803","United States","contact@privacyprotect.org","+1.8022274003","","Domain Admin","Privacy Protect, LLC (PrivacyProtect.org)","10 Corporate Drive","Burlington","MA","01803","United States","contact@privacyprotect.org","+1.8022274003","","Domain Admin","Privacy Protect, LLC (PrivacyProtect.org)","10 Corporate Drive","Burlington","MA","01803","United States","contact@privacyprotect.org","+1.8022274003","","","","","","","","","","","","ns8051.hostgator.com","ns8052.hostgator.com","","","clientTransferProhibited","","",""
"7","mycurvesonline.net","2020-05-09 23:56:42","2020-05-07","2020-05-07","2021-05-07","955","Launchpad, Inc.","whois.launchpad.com","http://www.launchpad.com","Domain Admin","Privacy Protect, LLC (PrivacyProtect.org)","10 Corporate Drive","Burlington","MA","01803","United States","contact@privacyprotect.org","+1.8022274003","","Domain Admin","Privacy Protect, LLC (PrivacyProtect.org)","10 Corporate Drive","Burlington","MA","01803","United States","contact@privacyprotect.org","+1.8022274003","","Domain Admin","Privacy Protect, LLC (PrivacyProtect.org)","10 Corporate Drive","Burlington","MA","01803","United States","contact@privacyprotect.org","+1.8022274003","","","","","","","","","","","","ns1.hostgator.com","ns2.hostgator.com","","","clientTransferProhibited","","",""
"8","naughtygirlcams.net","2020-05-09 23:56:29","2020-05-08","2020-05-08","2021-05-08","955","Launchpad, Inc.","whois.launchpad.com","http://www.launchpad.com","Domain Admin","Privacy Protect, LLC (PrivacyProtect.org)","10 Corporate Drive","Burlington","MA","01803","United States","contact@privacyprotect.org","+1.8022274003","","Domain Admin","Privacy Protect, LLC (PrivacyProtect.org)","10 Corporate Drive","Burlington","MA","01803","United States","contact@privacyprotect.org","+1.8022274003","","Domain Admin","Privacy Protect, LLC (PrivacyProtect.org)","10 Corporate Drive","Burlington","MA","01803","United States","contact@privacyprotect.org","+1.8022274003","","","","","","","","","","","","ns6089.hostgator.com","ns6090.hostgator.com","","","clientTransferProhibited","","",""
"9","newsraven.net","2020-05-09 23:56:23","2020-05-08","2020-05-08","2021-05-08","955","Launchpad, Inc.","whois.launchpad.com","http://www.launchpad.com","Daniel Rodriguez Aires","None","San Jaun 382","Bahia Blanca","B","8000","Argentina","dannroda@gmail.com","+54.92975005177","","Daniel Rodriguez Aires","None","San Jaun 382","Bahia Blanca","B","8000","Argentina","dannroda@gmail.com","+54.92975005177","","Daniel Rodriguez Aires","None","San Jaun 382","Bahia Blanca","B","8000","Argentina","dannroda@gmail.com","+54.92975005177","","","","","","","","","","","","ns8345.hostgator.com","ns8346.hostgator.com","","","clientTransferProhibited","","",""
"10","one-card.net","2020-05-09 23:56:05","2020-05-08","2020-05-08","2021-05-08","955","Launchpad, Inc.","whois.launchpad.com","http://www.launchpad.com","Domain Admin","Privacy Protect, LLC (PrivacyProtect.org)","10 Corporate Drive","Burlington","MA","01803","United States","contact@privacyprotect.org","+1.8022274003","","Domain Admin","Privacy Protect, LLC (PrivacyProtect.org)","10 Corporate Drive","Burlington","MA","01803","United States","contact@privacyprotect.org","+1.8022274003","","Domain Admin","Privacy Protect, LLC (PrivacyProtect.org)","10 Corporate Drive","Burlington","MA","01803","United States","contact@privacyprotect.org","+1.8022274003","","","","","","","","","","","","ns8137.hostgator.com","ns8138.hostgator.com","","","clientTransferProhibited","","",""
"11","ourinnersection.net","2020-05-09 23:56:01","2020-05-07","2020-05-07","2021-05-07","955","Launchpad, Inc.","whois.launchpad.com","http://www.launchpad.com","Domain Admin","Privacy Protect, LLC (PrivacyProtect.org)","10 Corporate Drive","Burlington","MA","01803","United States","contact@privacyprotect.org","+1.8022274003","","Domain Admin","Privacy Protect, LLC (PrivacyProtect.org)","10 Corporate Drive","Burlington","MA","01803","United States","contact@privacyprotect.org","+1.8022274003","","Domain Admin","Privacy Protect, LLC (PrivacyProtect.org)","10 Corporate Drive","Burlington","MA","01803","United States","contact@privacyprotect.org","+1.8022274003","","","","","","","","","","","","ns1.hostgator.com","ns2.hostgator.com","","","clientTransferProhibited","","",""
"12","podstage.net","2020-05-09 23:55:53","2020-05-08","2020-05-08","2021-05-08","955","Launchpad, Inc.","whois.launchpad.com","http://www.launchpad.com","Mertcan Icuz","None","Zuhtupasa Mahallesi. Ozalp sok Kadikoy / Istanbul","Istanbul","34","34724","Turkey","mertcan.icuz@gmail.com","+90.5548406891","","Mertcan Icuz","None","Zuhtupasa Mahallesi. Ozalp sok Kadikoy / Istanbul","Istanbul","34","34724","Turkey","mertcan.icuz@gmail.com","+90.5548406891","","Mertcan Icuz","None","Zuhtupasa Mahallesi. Ozalp sok Kadikoy / Istanbul","Istanbul","34","34724","Turkey","mertcan.icuz@gmail.com","+90.5548406891","","","","","","","","","","","","ns6279.hostgator.com","ns6280.hostgator.com","","","clientTransferProhibited","","",""
"13","ponofie.net","2020-05-09 23:55:53","2020-05-08","2020-05-08","2021-05-08","955","Launchpad, Inc.","whois.launchpad.com","http://www.launchpad.com","Ephraim Arthur","","Pentecost Road Tarkwa-Simpa","Takoradi","Western","","Ghana","xstramediagroup@gmail.com","+233.242932929","","Ephraim Arthur","","Pentecost Road Tarkwa-Simpa","Takoradi","Western","","Ghana","xstramediagroup@gmail.com","+233.242932929","","Ephraim Arthur","","Pentecost Road Tarkwa-Simpa","Takoradi","Western","","Ghana","xstramediagroup@gmail.com","+233.242932929","","","","","","","","","","","","ns8279.hostgator.com","ns8280.hostgator.com","","","clientTransferProhibited","","",""
"14","trinaloreen.biz","2020-05-09 05:31:14","2020-05-03","2020-05-08","2021-05-03","955","Launchpad, Inc.","whois.launchpad.com","http://www.launchpad.com","Privacy Protect, LLC (PrivacyProtect.org)","Privacy Protect, LLC (PrivacyProtect.org)","","","MA","","United States","","","","","","","","","","","","","","","","","","","","","","","","","","","","","","","","","","ns1.hostgator.com","ns2.hostgator.com","","","clientTransferProhibited","","",""