"num","domain_name","query_time","create_date","update_date","expiry_date","domain_registrar_id","domain_registrar_name","domain_registrar_whois","domain_registrar_url","registrant_name","registrant_company","registrant_address","registrant_city","registrant_state","registrant_zip","registrant_country","registrant_email","registrant_phone","registrant_fax","administrative_name","administrative_company","administrative_address","administrative_city","administrative_state","administrative_zip","administrative_country","administrative_email","administrative_phone","administrative_fax","technical_name","technical_company","technical_address","technical_city","technical_state","technical_zip","technical_country","technical_email","technical_phone","technical_fax","billing_name","billing_company","billing_address","billing_city","billing_state","billing_zip","billing_country","billing_email","billing_phone","billing_fax","name_server_1","name_server_2","name_server_3","name_server_4","domain_status_1","domain_status_2","domain_status_3","domain_status_4"
"1","lgglobal.net","2020-05-09 23:57:57","2020-05-08","2020-05-08","2021-05-08","1586","Mat Bao Trading & Service Company Limited d/b/a Mat Bao","whois.matbao.net","http://www.matbao.net","Nguyen Thi Lan Huong","Nguyen Thi Lan Huong","103 A12 TT Khuong Trung, phuong Khuong Trung, quan Thanh Xua","HCM","HCM","700000","Vietnam","mrshuong.senlogistic@gmail.com","+84.978749267","+84.283868888","Nguyen Thi Lan Huong","Nguyen Thi Lan Huong","103 A12 TT Khuong Trung, phuong Khuong Trung, quan Thanh Xua","HCM","HCM","700000","Vietnam","mrshuong.senlogistic@gmail.com","+84.978749267","+84.283868888","Nguyen Thi Lan Huong","Nguyen Thi Lan Huong","103 A12 TT Khuong Trung, phuong Khuong Trung, quan Thanh Xua","HCM","HCM","700000","Vietnam","mrshuong.senlogistic@gmail.com","+84.978749267","+84.283868888","","","","","","","","","","","ns1.matbao.com","ns2.matbao.com","","","clientTransferProhibited","","",""
"2","lienketso.net","2020-05-09 23:57:55","2020-05-08","2020-05-08","2021-05-08","1586","Mat Bao Trading & Service Company Limited d/b/a Mat Bao","whois.matbao.net","http://www.matbao.net","Cong ty TNHH Thuong mai Dich vu Lien Ket So","Cong ty TNHH Thuong mai Dich vu Lien Ket So","Tang 14, toa nha HM Town, 412 Nguyen Thi Minh Khai, phuong 0","HCM","HCM","700000","Vietnam","lienketso3968@gmail.com","+84.979676868","+84.283868888","Cong ty TNHH Thuong mai Dich vu Lien Ket So","Cong ty TNHH Thuong mai Dich vu Lien Ket So","Tang 14, toa nha HM Town, 412 Nguyen Thi Minh Khai, phuong 0","HCM","HCM","700000","Vietnam","lienketso3968@gmail.com","+84.979676868","+84.283868888","Cong ty TNHH Thuong mai Dich vu Lien Ket So","Cong ty TNHH Thuong mai Dich vu Lien Ket So","Tang 14, toa nha HM Town, 412 Nguyen Thi Minh Khai, phuong 0","HCM","HCM","700000","Vietnam","lienketso3968@gmail.com","+84.979676868","+84.283868888","","","","","","","","","","","ns1.matbao.com","ns2.matbao.com","","","clientTransferProhibited","","",""
"3","meyhomecapitalphuquoc.net","2020-05-09 23:57:07","2020-05-08","2020-05-08","2021-05-08","1586","Mat Bao Trading & Service Company Limited d/b/a Mat Bao","whois.matbao.net","http://www.matbao.net","Ong Nguyen Van Son","Ong Nguyen Van Son","so 299, duong Hoang Dieu, phuong 6, quan 4","HCM","HCM","700000","Vietnam","truongson0809@gmail.com","+84.938283293","+84.938283293","Ong Nguyen Van Son","Ong Nguyen Van Son","so 299, duong Hoang Dieu, phuong 6, quan 4","HCM","HCM","700000","Vietnam","truongson0809@gmail.com","+84.938283293","+84.938283293","Ong Nguyen Van Son","Ong Nguyen Van Son","so 299, duong Hoang Dieu, phuong 6, quan 4","HCM","HCM","700000","Vietnam","truongson0809@gmail.com","+84.938283293","+84.938283293","","","","","","","","","","","ns1.matbao.com","ns2.matbao.com","","","clientTransferProhibited","","",""
"4","noithatbinhminh.net","2020-05-09 23:56:12","2020-05-08","2020-05-08","2021-05-08","1586","Mat Bao Trading & Service Company Limited d/b/a Mat Bao","whois.matbao.net","http://www.matbao.net","Domain Admin","Privacy Protect, LLC (PrivacyProtect.org)","10 Corporate Drive","Burlington","MA","01803","United States","contact@privacyprotect.org","+1.8022274003","","Domain Admin","Privacy Protect, LLC (PrivacyProtect.org)","10 Corporate Drive","Burlington","MA","01803","United States","contact@privacyprotect.org","+1.8022274003","","Domain Admin","Privacy Protect, LLC (PrivacyProtect.org)","10 Corporate Drive","Burlington","MA","01803","United States","contact@privacyprotect.org","+1.8022274003","","","","","","","","","","","","ns1.matbao.com","ns2.matbao.com","","","clientTransferProhibited","","",""
"5","xomga88.bet","2020-05-09 15:36:37","2020-05-08","2020-05-08","2021-05-08","1586","Mat Bao Trading & Service Company Limited d/b/a Mat Bao","whois.matbao.net","http://www.matbao.net","Nguyen Minh LIEL","Nguyen Minh LIEL","","","HCM","","Vietnam","","","","","","","","","","","","","","","","","","","","","","","","","","","","","","","","","","ns1.matbao.com","ns2.matbao.com","","","addPeriod","clientTransferProhibited","serverTransferProhibited",""