"num","domain_name","query_time","create_date","update_date","expiry_date","domain_registrar_id","domain_registrar_name","domain_registrar_whois","domain_registrar_url","registrant_name","registrant_company","registrant_address","registrant_city","registrant_state","registrant_zip","registrant_country","registrant_email","registrant_phone","registrant_fax","administrative_name","administrative_company","administrative_address","administrative_city","administrative_state","administrative_zip","administrative_country","administrative_email","administrative_phone","administrative_fax","technical_name","technical_company","technical_address","technical_city","technical_state","technical_zip","technical_country","technical_email","technical_phone","technical_fax","billing_name","billing_company","billing_address","billing_city","billing_state","billing_zip","billing_country","billing_email","billing_phone","billing_fax","name_server_1","name_server_2","name_server_3","name_server_4","domain_status_1","domain_status_2","domain_status_3","domain_status_4"
"1","abigailelizabethrowland.com","2020-05-09 20:17:29","2020-05-09","2020-05-09","2021-05-09","625","Name.com, Inc.","whois.name.com","http://www.name.com","Whois Agent","Domain Protection Services, Inc.","PO Box 1769","Denver","CO","80201","United States","","+1.7208009072","+1.7209758725","Whois Agent","Domain Protection Services, Inc.","PO Box 1769","Denver","CO","80201","United States","","+1.7208009072","+1.7209758725","Whois Agent","Domain Protection Services, Inc.","PO Box 1769","Denver","CO","80201","United States","","+1.7208009072","+1.7209758725","","","","","","","","","","","ns1.websiteserverbox.com","ns2.websiteserverbox.com","ns3.websiteserverbox.com","","addPeriod","clientTransferProhibited","",""
"2","akash.email","2020-05-09 21:48:41","2020-05-07","2020-05-07","2021-05-07","625","Name.com, Inc.","whois.name.com","http://www.name.com","REDACTED FOR PRIVACY","Domain Protection Services, Inc.","REDACTED FOR PRIVACY","REDACTED FOR PRIVACY","CO","REDACTED FOR PRIVACY","United States","","REDACTED FOR PRIVACY","REDACTED FOR PRIVACY","","","","","","","","","","","","","","","","","","","","","","","","","","","","","","","","","","","addPeriod","clientTransferProhibited","",""
"3","austinfoenander.email","2020-05-09 21:52:23","2020-05-08","2020-05-08","2021-05-08","625","Name.com, Inc.","whois.name.com","http://www.name.com","REDACTED FOR PRIVACY","Domain Protection Services, Inc.","REDACTED FOR PRIVACY","REDACTED FOR PRIVACY","CO","REDACTED FOR PRIVACY","United States","","REDACTED FOR PRIVACY","REDACTED FOR PRIVACY","","","","","","","","","","","","","","","","","","","","","","","","","","","","","","","","","","","addPeriod","clientTransferProhibited","",""
"4","blockscape.digital","2020-05-09 21:34:41","2020-05-07","2020-05-07","2021-05-07","625","Name.com, Inc.","whois.name.com","http://www.name.com","REDACTED FOR PRIVACY","Domain Protection Services, Inc.","REDACTED FOR PRIVACY","REDACTED FOR PRIVACY","CO","REDACTED FOR PRIVACY","United States","","REDACTED FOR PRIVACY","REDACTED FOR PRIVACY","","","","","","","","","","","","","","","","","","","","","","","","","","","","","","","","","","","addPeriod","clientTransferProhibited","",""
"5","brutal.biz","2020-05-09 16:18:09","2020-05-05","2020-05-05","2021-05-05","625","Name.com, Inc.","whois.name.com","http://www.name.com","","","","","Boqueron","","Paraguay","","","","","","","","","","","","","","","","","","","","","","","","","","","","","","","","","","ns1.dan.com","ns2.dan.com","verification-e6510d17.ns3.dan.hosting","","addPeriod","clientTransferProhibited","",""
"6","discord.dating","2020-05-09 21:00:04","2020-05-07","2020-05-07","2021-05-07","625","Name.com, Inc.","whois.name.com","http://www.name.com","REDACTED FOR PRIVACY","Domain Protection Services, Inc.","REDACTED FOR PRIVACY","REDACTED FOR PRIVACY","CO","REDACTED FOR PRIVACY","United States","","REDACTED FOR PRIVACY","REDACTED FOR PRIVACY","","","","","","","","","","","","","","","","","","","","","","","","","","","","","","","","","","","addPeriod","clientTransferProhibited","",""
"7","dynamicexperts.biz","2020-05-09 16:45:19","2020-05-07","2020-05-07","2021-05-07","625","Name.com, Inc.","whois.name.com","http://www.name.com","Dynamic Experts Solution","Dynamic Experts Solution","","","Punjab","","Pakistan","","","","","","","","","","","","","","","","","","","","","","","","","","","","","","","","","","ns1.dynamicshoot.com","ns2.dynamicshoot.com","","","addPeriod","clientTransferProhibited","",""
"8","ggjloves.com","2020-05-10 00:28:18","2020-05-09","2020-05-09","2022-05-09","625","Name.com, Inc.","whois.name.com","http://www.name.com","Whois Agent","Domain Protection Services, Inc.","PO Box 1769","Denver","CO","80201","United States","","+1.7208009072","+1.7209758725","Whois Agent","Domain Protection Services, Inc.","PO Box 1769","Denver","CO","80201","United States","","+1.7208009072","+1.7209758725","Whois Agent","Domain Protection Services, Inc.","PO Box 1769","Denver","CO","80201","United States","","+1.7208009072","+1.7209758725","","","","","","","","","","","ns1kpv.name.com","ns2lns.name.com","ns3ckl.name.com","ns4lrt.name.com","addPeriod","clientTransferProhibited","",""
"9","goruwde.biz","2020-05-09 17:14:07","2020-05-07","2020-05-07","2021-05-07","625","Name.com, Inc.","whois.name.com","http://www.name.com","Hostlar.az","Hostlar.az","","","1000","","Azerbaijan","","","","","","","","","","","","","","","","","","","","","","","","","","","","","","","","","","ns1.hostlar.az","ns2.hostlar.az","","","addPeriod","clientTransferProhibited","",""
"10","gvhybvyd3.com","2020-05-09 19:13:16","2020-05-09","2020-05-09","2021-05-09","625","Name.com, Inc.","whois.name.com","http://www.name.com","Whois Agent","Domain Protection Services, Inc.","PO Box 1769","Denver","CO","80201","United States","","+1.7208009072","+1.7209758725","Whois Agent","Domain Protection Services, Inc.","PO Box 1769","Denver","CO","80201","United States","","+1.7208009072","+1.7209758725","Whois Agent","Domain Protection Services, Inc.","PO Box 1769","Denver","CO","80201","United States","","+1.7208009072","+1.7209758725","","","","","","","","","","","ns1.websiteserverbox.com","ns2.websiteserverbox.com","ns3.websiteserverbox.com","","addPeriod","clientTransferProhibited","",""
"11","hh1215.com","2020-05-09 06:31:58","2020-05-09","2020-05-09","2021-05-09","625","Name.com, Inc.","whois.name.com","http://www.name.com","? ?","???","?????????1258?","??","??","100000","China","dyylc888@163.com","+86.13424636888","","? ?","???","?????????1258?","??","??","100000","China","dyylc888@163.com","+86.13424636888","","? ?","???","?????????1258?","??","??","100000","China","dyylc888@163.com","+86.13424636888","","","","","","","","","","","","ns4.dnsdun.com","ns4.dnsdun.net","","","addPeriod","clientTransferProhibited","",""
"12","ibox2you.support","2020-05-10 01:11:59","2020-05-07","2020-05-09","2025-05-07","625","Name.com, Inc.","whois.name.com","http://www.name.com","REDACTED FOR PRIVACY","Glong Pat-sa-du Heng Heng","REDACTED FOR PRIVACY","REDACTED FOR PRIVACY","Bangkok","REDACTED FOR PRIVACY","Thailand","","REDACTED FOR PRIVACY","REDACTED FOR PRIVACY","","","","","","","","","","","","","","","","","","","","","","","","","","","","","","","","","","","addPeriod","clientTransferProhibited","",""
"13","icloud-access.com","2020-05-09 09:58:55","2020-05-08","2020-05-08","2021-05-08","625","Name.com, Inc.","whois.name.com","http://www.name.com","Whois Agent","Domain Protection Services, Inc.","PO Box 1769","Denver","CO","80201","United States","","+1.7208009072","+1.7209758725","Whois Agent","Domain Protection Services, Inc.","PO Box 1769","Denver","CO","80201","United States","","+1.7208009072","+1.7209758725","Whois Agent","Domain Protection Services, Inc.","PO Box 1769","Denver","CO","80201","United States","","+1.7208009072","+1.7209758725","","","","","","","","","","","seans10.masterns.com","seans9.masterns.com","","","addPeriod","clientTransferProhibited","",""
"14","ipressing.net","2020-05-09 23:59:28","2020-05-07","2020-05-07","2021-05-07","625","Name.com, Inc.","whois.name.com","http://www.name.com","Mouhamdy Dahoud","iPressing","lksar","Nouakchott","nouakchott","0000","Mauritania","ipressingsarl@gmail.com","+222.36060002","","Mouhamdy Dahoud","iPressing","lksar","Nouakchott","nouakchott","0000","Mauritania","ipressingsarl@gmail.com","+222.36060002","","Mouhamdy Dahoud","iPressing","lksar","Nouakchott","nouakchott","0000","Mauritania","ipressingsarl@gmail.com","+222.36060002","","","","","","","","","","","","ip1.co.mr","ip2.co.mr","","","addPeriod","clientTransferProhibited","",""
"15","islandlifeanimalhospital.net","2020-05-09 23:59:24","2020-05-08","2020-05-08","2021-05-08","625","Name.com, Inc.","whois.name.com","http://www.name.com","ReachLocal Hostmaster","","21700 Oxnard Street Suite 1600","Woodland Hills","CA","91367","United States","proxy@reachlocal.com","+1.8182740260","","ReachLocal Hostmaster","","21700 Oxnard Street Suite 1600","Woodland Hills","CA","91367","United States","proxy@reachlocal.com","+1.8182740260","","ReachLocal Hostmaster","","21700 Oxnard Street Suite 1600","Woodland Hills","CA","91367","United States","proxy@reachlocal.com","+1.8182740260","","","","","","","","","","","","ns1mtw.name.com","ns2bkr.name.com","ns3cqz.name.com","ns4fmw.name.com","addPeriod","clientTransferProhibited","",""
"16","izumi-tokorozawa.net","2020-05-09 23:59:18","2020-05-08","2020-05-08","2021-05-08","625","Name.com, Inc.","whois.name.com","http://www.name.com","Non-Public Data","","Non-Public Data","Non-Public Data","","00000","Japan","","+00.0000000","","Non-Public Data","Non-Public Data","Non-Public Data","Non-Public Data","Non-Public Data","00000","","","+00.0000000","","Non-Public Data","Non-Public Data","Non-Public Data","Non-Public Data","Non-Public Data","00000","","","+00.0000000","","","","","","","","","","","","ns11.jimdo.com","ns12.jimdo.com","","","addPeriod","clientTransferProhibited","",""
"17","jenaversum.net","2020-05-09 23:59:12","2020-05-07","2020-05-07","2021-05-07","625","Name.com, Inc.","whois.name.com","http://www.name.com","Non-Public Data","JenaVersum","Non-Public Data","Non-Public Data","","00000","Germany","","+00.0000000","","Non-Public Data","Non-Public Data","Non-Public Data","Non-Public Data","Non-Public Data","00000","","","+00.0000000","","Non-Public Data","Non-Public Data","Non-Public Data","Non-Public Data","Non-Public Data","00000","","","+00.0000000","","","","","","","","","","","","ns11.jimdo.com","ns12.jimdo.com","","","addPeriod","clientTransferProhibited","",""
"18","johnnguyencodes.net","2020-05-09 23:58:59","2020-05-07","2020-05-07","2021-05-07","625","Name.com, Inc.","whois.name.com","http://www.name.com","Whois Agent","Domain Protection Services, Inc.","PO Box 1769","Denver","CO","80201","United States","","+1.7208009072","+1.7209758725","Whois Agent","Domain Protection Services, Inc.","PO Box 1769","Denver","CO","80201","United States","","+1.7208009072","+1.7209758725","Whois Agent","Domain Protection Services, Inc.","PO Box 1769","Denver","CO","80201","United States","","+1.7208009072","+1.7209758725","","","","","","","","","","","ns1kpv.name.com","ns2jqz.name.com","ns3dty.name.com","ns4fqz.name.com","addPeriod","clientTransferProhibited","",""
"19","kecoabasah.net","2020-05-09 23:58:42","2020-05-07","2020-05-07","2021-05-07","625","Name.com, Inc.","whois.name.com","http://www.name.com","Whois Agent","Domain Protection Services, Inc.","PO Box 1769","Denver","CO","80201","United States","","+1.7208009072","+1.7209758725","Whois Agent","Domain Protection Services, Inc.","PO Box 1769","Denver","CO","80201","United States","","+1.7208009072","+1.7209758725","Whois Agent","Domain Protection Services, Inc.","PO Box 1769","Denver","CO","80201","United States","","+1.7208009072","+1.7209758725","","","","","","","","","","","ns1kpv.name.com","ns2jqz.name.com","ns3nrz.name.com","ns4dmx.name.com","addPeriod","clientTransferProhibited","",""
"20","kenhbatdongsan.biz","2020-05-09 11:32:05","2020-05-03","2020-05-08","2021-05-03","625","Name.com, Inc.","whois.name.com","http://www.name.com","Domain Protection Services, Inc.","Domain Protection Services, Inc.","","","CO","","United States","","","","","","","","","","","","","","","","","","","","","","","","","","","","","","","","","","ns1glr.name.com","ns2lns.name.com","ns3fhx.name.com","ns4qxz.name.com","clientTransferProhibited","","",""
"21","leadershipbabe.net","2020-05-09 23:58:02","2020-05-07","2020-05-07","2021-05-07","625","Name.com, Inc.","whois.name.com","http://www.name.com","Whois Agent","Domain Protection Services, Inc.","PO Box 1769","Denver","CO","80201","United States","","+1.7208009072","+1.7209758725","Whois Agent","Domain Protection Services, Inc.","PO Box 1769","Denver","CO","80201","United States","","+1.7208009072","+1.7209758725","Whois Agent","Domain Protection Services, Inc.","PO Box 1769","Denver","CO","80201","United States","","+1.7208009072","+1.7209758725","","","","","","","","","","","ns1dnx.name.com","ns2fwz.name.com","ns3fqs.name.com","ns4clq.name.com","addPeriod","clientTransferProhibited","",""
"22","leadscrm.net","2020-05-09 23:58:01","2020-05-07","2020-05-07","2021-05-07","625","Name.com, Inc.","whois.name.com","http://www.name.com","Whois Agent","Domain Protection Services, Inc.","PO Box 1769","Denver","CO","80201","United States","","+1.7208009072","+1.7209758725","Whois Agent","Domain Protection Services, Inc.","PO Box 1769","Denver","CO","80201","United States","","+1.7208009072","+1.7209758725","Whois Agent","Domain Protection Services, Inc.","PO Box 1769","Denver","CO","80201","United States","","+1.7208009072","+1.7209758725","","","","","","","","","","","ns1.contabo.net","ns2.contabo.net","ns3.contabo.net","","addPeriod","clientTransferProhibited","",""
"23","maga-milfs.net","2020-05-09 23:57:25","2020-05-08","2020-05-08","2021-05-08","625","Name.com, Inc.","whois.name.com","http://www.name.com","Whois Agent","Domain Protection Services, Inc.","PO Box 1769","Denver","CO","80201","United States","","+1.7208009072","+1.7209758725","Whois Agent","Domain Protection Services, Inc.","PO Box 1769","Denver","CO","80201","United States","","+1.7208009072","+1.7209758725","Whois Agent","Domain Protection Services, Inc.","PO Box 1769","Denver","CO","80201","United States","","+1.7208009072","+1.7209758725","","","","","","","","","","","ns1hnx.name.com","ns2hjl.name.com","ns3jnr.name.com","ns4jnz.name.com","addPeriod","clientTransferProhibited","",""
"24","manual19.biz","2020-05-09 11:10:42","2020-05-07","2020-05-07","2021-05-07","625","Name.com, Inc.","whois.name.com","http://www.name.com","","","","","DKI Jakarta","","Indonesia","","","","","","","","","","","","","","","","","","","","","","","","","","","","","","","","","","ns1vwx.name.com","ns2dqr.name.com","ns3bgq.name.com","ns4sxy.name.com","addPeriod","clientTransferProhibited","",""
"25","mcpluginstore.net","2020-05-09 23:57:13","2020-05-07","2020-05-07","2021-05-07","625","Name.com, Inc.","whois.name.com","http://www.name.com","Non-Public Data","","Non-Public Data","Non-Public Data","","00000","Germany","","+00.0000000","","Non-Public Data","Non-Public Data","Non-Public Data","Non-Public Data","Non-Public Data","00000","","","+00.0000000","","Non-Public Data","Non-Public Data","Non-Public Data","Non-Public Data","Non-Public Data","00000","","","+00.0000000","","","","","","","","","","","","ns11.jimdo.com","ns12.jimdo.com","","","addPeriod","clientTransferProhibited","",""
"26","medicalcenterclinic.biz","2020-05-09 10:54:32","2020-05-02","2020-05-07","2021-05-02","625","Name.com, Inc.","whois.name.com","http://www.name.com","","","","","CA","","United States","","","","","","","","","","","","","","","","","","","","","","","","","","","","","","","","","","ns1mtw.name.com","ns2bkr.name.com","ns3cqz.name.com","ns4fmw.name.com","clientTransferProhibited","","",""
"27","medics.biz","2020-05-09 10:54:25","2020-05-05","2020-05-05","2021-05-05","625","Name.com, Inc.","whois.name.com","http://www.name.com","","","","","Boqueron","","Paraguay","","","","","","","","","","","","","","","","","","","","","","","","","","","","","","","","","","ns1.dan.com","ns2.dan.com","verification-e6510d17.ns3.dan.hosting","","addPeriod","clientTransferProhibited","",""
"28","megazoness.net","2020-05-09 23:57:10","2020-05-07","2020-05-07","2021-05-07","625","Name.com, Inc.","whois.name.com","http://www.name.com","Whois Agent","Domain Protection Services, Inc.","PO Box 1769","Denver","CO","80201","United States","","+1.7208009072","+1.7209758725","Whois Agent","Domain Protection Services, Inc.","PO Box 1769","Denver","CO","80201","United States","","+1.7208009072","+1.7209758725","Whois Agent","Domain Protection Services, Inc.","PO Box 1769","Denver","CO","80201","United States","","+1.7208009072","+1.7209758725","","","","","","","","","","","ns1kpv.name.com","ns2jqz.name.com","ns3nrz.name.com","ns4dmx.name.com","addPeriod","clientTransferProhibited","",""
"29","mortal.biz","2020-05-09 10:28:04","2020-05-05","2020-05-05","2021-05-05","625","Name.com, Inc.","whois.name.com","http://www.name.com","","","","","Boqueron","","Paraguay","","","","","","","","","","","","","","","","","","","","","","","","","","","","","","","","","","ns1.dan.com","ns2.dan.com","verification-e6510d17.ns3.dan.hosting","","addPeriod","clientTransferProhibited","",""
"30","mrshanes.net","2020-05-09 23:56:50","2020-05-07","2020-05-07","2021-05-07","625","Name.com, Inc.","whois.name.com","http://www.name.com","Whois Agent","Domain Protection Services, Inc.","PO Box 1769","Denver","CO","80201","United States","","+1.7208009072","+1.7209758725","Whois Agent","Domain Protection Services, Inc.","PO Box 1769","Denver","CO","80201","United States","","+1.7208009072","+1.7209758725","Whois Agent","Domain Protection Services, Inc.","PO Box 1769","Denver","CO","80201","United States","","+1.7208009072","+1.7209758725","","","","","","","","","","","ns1mtw.name.com","ns2jqz.name.com","ns3gxy.name.com","ns4fpy.name.com","addPeriod","clientTransferProhibited","",""
"31","mycarfinance.co","2020-05-09 12:46:51","2020-04-30","2020-05-05","2021-04-30","625","Name.com, Inc.","whois.name.com","http://www.name.com","Domain Protection Services, Inc.","Domain Protection Services, Inc.","","","CO","","United States","","","","","","","","","","","","","","","","","","","","","","","","","","","","","","","","","","ns1gmz.name.com","ns2dqx.name.com","ns3dkz.name.com","ns4hny.name.com","clientTransferProhibited","","",""
"32","mynetlab.net","2020-05-09 23:56:39","2020-05-08","2020-05-08","2021-05-08","625","Name.com, Inc.","whois.name.com","http://www.name.com","Whois Agent","Domain Protection Services, Inc.","PO Box 1769","Denver","CO","80201","United States","","+1.7208009072","+1.7209758725","Whois Agent","Domain Protection Services, Inc.","PO Box 1769","Denver","CO","80201","United States","","+1.7208009072","+1.7209758725","Whois Agent","Domain Protection Services, Inc.","PO Box 1769","Denver","CO","80201","United States","","+1.7208009072","+1.7209758725","","","","","","","","","","","ns1fkl.name.com","ns2dfg.name.com","ns3bgq.name.com","ns4bty.name.com","addPeriod","clientTransferProhibited","",""
"33","nicholashowebukowski.net","2020-05-09 23:56:20","2020-05-07","2020-05-07","2021-05-07","625","Name.com, Inc.","whois.name.com","http://www.name.com","Whois Agent","Netlify Inc","2325 3rd St , Suite 215","San Francisco","CA","94107","United States","domains+5eb4a0de9f6391ab56ab3a59@netlify.com","+1.8773545059","","Whois Agent","Netlify Inc","2325 3rd St , Suite 215","San Francisco","CA","94107","United States","domains+5eb4a0de9f6391ab56ab3a59@netlify.com","+1.8773545059","","Whois Agent","Netlify Inc","2325 3rd St , Suite 215","San Francisco","CA","94107","United States","domains+5eb4a0de9f6391ab56ab3a59@netlify.com","+1.8773545059","","","","","","","","","","","","dns1.p02.nsone.net","dns2.p02.nsone.net","dns3.p02.nsone.net","dns4.p02.nsone.net","addPeriod","clientTransferProhibited","",""
"34","nobelbee.net","2020-05-09 23:56:14","2020-05-07","2020-05-07","2021-05-07","625","Name.com, Inc.","whois.name.com","http://www.name.com","Whois Agent","Domain Protection Services, Inc.","PO Box 1769","Denver","CO","80201","United States","","+1.7208009072","+1.7209758725","Whois Agent","Domain Protection Services, Inc.","PO Box 1769","Denver","CO","80201","United States","","+1.7208009072","+1.7209758725","Whois Agent","Domain Protection Services, Inc.","PO Box 1769","Denver","CO","80201","United States","","+1.7208009072","+1.7209758725","","","","","","","","","","","ns1kpv.name.com","ns2jqz.name.com","ns3fgq.name.com","ns4fmx.name.com","addPeriod","clientTransferProhibited","",""
"35","nottinghamfencing.net","2020-05-09 23:56:16","2020-05-07","2020-05-07","2021-05-07","625","Name.com, Inc.","whois.name.com","http://www.name.com","Whois Agent","Domain Protection Services, Inc.","PO Box 1769","Denver","CO","80201","United States","","+1.7208009072","+1.7209758725","Whois Agent","Domain Protection Services, Inc.","PO Box 1769","Denver","CO","80201","United States","","+1.7208009072","+1.7209758725","Whois Agent","Domain Protection Services, Inc.","PO Box 1769","Denver","CO","80201","United States","","+1.7208009072","+1.7209758725","","","","","","","","","","","ns1kpv.name.com","ns2jqz.name.com","ns3fgq.name.com","ns4jpz.name.com","addPeriod","clientTransferProhibited","",""
"36","nowza.net","2020-05-09 23:56:10","2020-05-07","2020-05-07","2021-05-07","625","Name.com, Inc.","whois.name.com","http://www.name.com","Whois Agent","Domain Protection Services, Inc.","PO Box 1769","Denver","CO","80201","United States","","+1.7208009072","+1.7209758725","Whois Agent","Domain Protection Services, Inc.","PO Box 1769","Denver","CO","80201","United States","","+1.7208009072","+1.7209758725","Whois Agent","Domain Protection Services, Inc.","PO Box 1769","Denver","CO","80201","United States","","+1.7208009072","+1.7209758725","","","","","","","","","","","ns1kpv.name.com","ns2kry.name.com","ns3ghw.name.com","ns4cpw.name.com","addPeriod","clientTransferProhibited","",""
"37","nutrisrai.net","2020-05-09 23:56:08","2020-05-08","2020-05-08","2021-05-08","625","Name.com, Inc.","whois.name.com","http://www.name.com","Whois Agent","Domain Protection Services, Inc.","PO Box 1769","Denver","CO","80201","United States","","+1.7208009072","+1.7209758725","Whois Agent","Domain Protection Services, Inc.","PO Box 1769","Denver","CO","80201","United States","","+1.7208009072","+1.7209758725","Whois Agent","Domain Protection Services, Inc.","PO Box 1769","Denver","CO","80201","United States","","+1.7208009072","+1.7209758725","","","","","","","","","","","ns1kpv.name.com","ns2lns.name.com","ns3cjl.name.com","ns4hmp.name.com","addPeriod","clientTransferProhibited","",""
"38","offload.biz","2020-05-09 09:44:25","2020-05-05","2020-05-05","2021-05-05","625","Name.com, Inc.","whois.name.com","http://www.name.com","","","","","Boqueron","","Paraguay","","","","","","","","","","","","","","","","","","","","","","","","","","","","","","","","","","ns1.dan.com","ns2.dan.com","verification-e6510d17.ns3.dan.hosting","","addPeriod","clientTransferProhibited","",""
"39","outpress.net","2020-05-09 23:56:02","2020-05-07","2020-05-07","2021-05-07","625","Name.com, Inc.","whois.name.com","http://www.name.com","Non-Public Data","Alexandre Miguel Rijo Faustino","Non-Public Data","Non-Public Data","Leiria","00000","Portugal","","+00.0000000","","Non-Public Data","Non-Public Data","Non-Public Data","Non-Public Data","Non-Public Data","00000","","","+00.0000000","","Non-Public Data","Non-Public Data","Non-Public Data","Non-Public Data","Non-Public Data","00000","","","+00.0000000","","","","","","","","","","","","ns1vwx.name.com","ns2glx.name.com","ns3sxz.name.com","ns4bfy.name.com","addPeriod","clientTransferProhibited","",""
"40","pageset.net","2020-05-09 23:56:01","2020-05-07","2020-05-07","2021-05-07","625","Name.com, Inc.","whois.name.com","http://www.name.com","Non-Public Data","Suba Systems Ltd","Non-Public Data","Non-Public Data","England","00000","United Kingdom","","+00.0000000","","Non-Public Data","Non-Public Data","Non-Public Data","Non-Public Data","Non-Public Data","00000","","","+00.0000000","","Non-Public Data","Non-Public Data","Non-Public Data","Non-Public Data","Non-Public Data","00000","","","+00.0000000","","","","","","","","","","","","ns1hnx.name.com","ns2ckr.name.com","ns3cpr.name.com","ns4gvx.name.com","addPeriod","clientTransferProhibited","",""
"41","parttimer.net","2020-05-09 23:56:00","2020-05-08","2020-05-08","2021-05-08","625","Name.com, Inc.","whois.name.com","http://www.name.com","Whois Agent","Domain Protection Services, Inc.","PO Box 1769","Denver","CO","80201","United States","","+1.7208009072","+1.7209758725","Whois Agent","Domain Protection Services, Inc.","PO Box 1769","Denver","CO","80201","United States","","+1.7208009072","+1.7209758725","Whois Agent","Domain Protection Services, Inc.","PO Box 1769","Denver","CO","80201","United States","","+1.7208009072","+1.7209758725","","","","","","","","","","","ns1kpv.name.com","ns2nsy.name.com","ns3jnr.name.com","ns4jnz.name.com","addPeriod","clientTransferProhibited","",""
"42","pinkmoneysense.net","2020-05-09 23:55:56","2020-05-07","2020-05-07","2021-05-07","625","Name.com, Inc.","whois.name.com","http://www.name.com","Whois Agent","Domain Protection Services, Inc.","PO Box 1769","Denver","CO","80201","United States","","+1.7208009072","+1.7209758725","Whois Agent","Domain Protection Services, Inc.","PO Box 1769","Denver","CO","80201","United States","","+1.7208009072","+1.7209758725","Whois Agent","Domain Protection Services, Inc.","PO Box 1769","Denver","CO","80201","United States","","+1.7208009072","+1.7209758725","","","","","","","","","","","ns1crv.name.com","ns2hjl.name.com","ns3jnr.name.com","ns4blx.name.com","addPeriod","clientTransferProhibited","",""
"43","playprovideos.net","2020-05-09 23:55:54","2020-05-07","2020-05-07","2021-05-07","625","Name.com, Inc.","whois.name.com","http://www.name.com","Whois Agent","Domain Protection Services, Inc.","PO Box 1769","Denver","CO","80201","United States","","+1.7208009072","+1.7209758725","Whois Agent","Domain Protection Services, Inc.","PO Box 1769","Denver","CO","80201","United States","","+1.7208009072","+1.7209758725","Whois Agent","Domain Protection Services, Inc.","PO Box 1769","Denver","CO","80201","United States","","+1.7208009072","+1.7209758725","","","","","","","","","","","ns1bcp.name.com","ns2dfg.name.com","ns3gmv.name.com","ns4cfn.name.com","addPeriod","clientTransferProhibited","",""
"44","pornfarm.net","2020-05-09 23:55:54","2020-05-08","2020-05-09","2021-05-08","625","Name.com, Inc.","whois.name.com","http://www.name.com","Whois Agent","Domain Protection Services, Inc.","PO Box 1769","Denver","CO","80201","United States","","+1.7208009072","+1.7209758725","Whois Agent","Domain Protection Services, Inc.","PO Box 1769","Denver","CO","80201","United States","","+1.7208009072","+1.7209758725","Whois Agent","Domain Protection Services, Inc.","PO Box 1769","Denver","CO","80201","United States","","+1.7208009072","+1.7209758725","","","","","","","","","","","ns1kpv.name.com","ns2lns.name.com","ns3dgj.name.com","ns4cjp.name.com","addPeriod","clientTransferProhibited","",""
"45","prestonpm.net","2020-05-09 23:55:52","2020-05-08","2020-05-08","2021-05-08","625","Name.com, Inc.","whois.name.com","http://www.name.com","Whois Agent","Domain Protection Services, Inc.","PO Box 1769","Denver","CO","80201","United States","","+1.7208009072","+1.7209758725","Whois Agent","Domain Protection Services, Inc.","PO Box 1769","Denver","CO","80201","United States","","+1.7208009072","+1.7209758725","Whois Agent","Domain Protection Services, Inc.","PO Box 1769","Denver","CO","80201","United States","","+1.7208009072","+1.7209758725","","","","","","","","","","","ns1cmt.name.com","ns2dhj.name.com","ns3qtx.name.com","ns4ghm.name.com","addPeriod","clientTransferProhibited","",""
"46","prestonpropsvc.net","2020-05-09 23:55:52","2020-05-08","2020-05-08","2021-05-08","625","Name.com, Inc.","whois.name.com","http://www.name.com","Whois Agent","Domain Protection Services, Inc.","PO Box 1769","Denver","CO","80201","United States","","+1.7208009072","+1.7209758725","Whois Agent","Domain Protection Services, Inc.","PO Box 1769","Denver","CO","80201","United States","","+1.7208009072","+1.7209758725","Whois Agent","Domain Protection Services, Inc.","PO Box 1769","Denver","CO","80201","United States","","+1.7208009072","+1.7209758725","","","","","","","","","","","ns1cmt.name.com","ns2dhj.name.com","ns3qtx.name.com","ns4ghm.name.com","addPeriod","clientTransferProhibited","",""
"47","prestonpropsvcs.net","2020-05-09 23:55:58","2020-05-08","2020-05-08","2021-05-08","625","Name.com, Inc.","whois.name.com","http://www.name.com","Whois Agent","Domain Protection Services, Inc.","PO Box 1769","Denver","CO","80201","United States","","+1.7208009072","+1.7209758725","Whois Agent","Domain Protection Services, Inc.","PO Box 1769","Denver","CO","80201","United States","","+1.7208009072","+1.7209758725","Whois Agent","Domain Protection Services, Inc.","PO Box 1769","Denver","CO","80201","United States","","+1.7208009072","+1.7209758725","","","","","","","","","","","ns1cmt.name.com","ns2dhj.name.com","ns3qtx.name.com","ns4ghm.name.com","addPeriod","clientTransferProhibited","",""
"48","producertools.net","2020-05-09 23:55:52","2020-05-08","2020-05-08","2021-05-08","625","Name.com, Inc.","whois.name.com","http://www.name.com","Non-Public Data","producertool.net","Non-Public Data","Non-Public Data","","00000","Austria","","+00.0000000","","Non-Public Data","Non-Public Data","Non-Public Data","Non-Public Data","Non-Public Data","00000","","","+00.0000000","","Non-Public Data","Non-Public Data","Non-Public Data","Non-Public Data","Non-Public Data","00000","","","+00.0000000","","","","","","","","","","","","ns11.jimdo.com","ns12.jimdo.com","","","addPeriod","clientTransferProhibited","",""
"49","productcgi.net","2020-05-09 23:55:57","2020-05-08","2020-05-08","2021-05-08","625","Name.com, Inc.","whois.name.com","http://www.name.com","Selim Koc","Fuji Bilgi Teknolojileri Ltd Sti","Sinanpasa Mah Celebioglu Sok No 13 2 , Besiktas","Istanbul","Istanbul","34353","Turkey","info@fuji-it.com.tr","+90.2122594690","","Selim Koc","Fuji Bilgi Teknolojileri Ltd Sti","Sinanpasa Mah Celebioglu Sok No 13 2 , Besiktas","Istanbul","Istanbul","34353","Turkey","info@fuji-it.com.tr","+90.2122594690","","Selim Koc","Fuji Bilgi Teknolojileri Ltd Sti","Sinanpasa Mah Celebioglu Sok No 13 2 , Besiktas","Istanbul","Istanbul","34353","Turkey","info@fuji-it.com.tr","+90.2122594690","","","","","","","","","","","","ns1.fochagency.com","ns2.fochagency.com","ns3.fochagency.com","ns4.fochagency.com","addPeriod","clientTransferProhibited","",""
"50","productvisualization.net","2020-05-09 23:55:57","2020-05-08","2020-05-08","2021-05-08","625","Name.com, Inc.","whois.name.com","http://www.name.com","Selim Koc","Fuji Bilgi Teknolojileri Ltd Sti","Sinanpasa Mah Celebioglu Sok No 13 2 , Besiktas","Istanbul","Istanbul","34353","Turkey","info@fuji-it.com.tr","+90.2122594690","","Selim Koc","Fuji Bilgi Teknolojileri Ltd Sti","Sinanpasa Mah Celebioglu Sok No 13 2 , Besiktas","Istanbul","Istanbul","34353","Turkey","info@fuji-it.com.tr","+90.2122594690","","Selim Koc","Fuji Bilgi Teknolojileri Ltd Sti","Sinanpasa Mah Celebioglu Sok No 13 2 , Besiktas","Istanbul","Istanbul","34353","Turkey","info@fuji-it.com.tr","+90.2122594690","","","","","","","","","","","","ns1.fochagency.com","ns2.fochagency.com","ns3.fochagency.com","ns4.fochagency.com","addPeriod","clientTransferProhibited","",""
"51","projectmin.net","2020-05-09 23:55:52","2020-05-07","2020-05-07","2021-05-07","625","Name.com, Inc.","whois.name.com","http://www.name.com","Whois Agent","Domain Protection Services, Inc.","PO Box 1769","Denver","CO","80201","United States","","+1.7208009072","+1.7209758725","Whois Agent","Domain Protection Services, Inc.","PO Box 1769","Denver","CO","80201","United States","","+1.7208009072","+1.7209758725","Whois Agent","Domain Protection Services, Inc.","PO Box 1769","Denver","CO","80201","United States","","+1.7208009072","+1.7209758725","","","","","","","","","","","ns1cvw.name.com","ns2bls.name.com","ns3fgh.name.com","ns4bty.name.com","addPeriod","clientTransferProhibited","",""
"52","qlive.plus","2020-05-10 00:00:43","2020-05-07","2020-05-07","2021-05-07","625","Name.com, Inc.","whois.name.com","http://www.name.com","REDACTED FOR PRIVACY","Domain Protection Services, Inc.","REDACTED FOR PRIVACY","REDACTED FOR PRIVACY","CO","REDACTED FOR PRIVACY","United States","","REDACTED FOR PRIVACY","REDACTED FOR PRIVACY","","","","","","","","","","","","","","","","","","","","","","","","","","","","","","","","","","","addPeriod","clientTransferProhibited","",""
"53","rentmfy.company","2020-05-09 20:45:56","2020-05-08","2020-05-08","2021-05-08","625","Name.com, Inc.","whois.name.com","http://www.name.com","REDACTED FOR PRIVACY","Domain Protection Services, Inc.","REDACTED FOR PRIVACY","REDACTED FOR PRIVACY","CO","REDACTED FOR PRIVACY","United States","","REDACTED FOR PRIVACY","REDACTED FOR PRIVACY","","","","","","","","","","","","","","","","","","","","","","","","","","","","","","","","","","","addPeriod","clientTransferProhibited","",""
"54","repelisplus.biz","2020-05-09 08:20:23","2020-05-02","2020-05-07","2021-05-02","625","Name.com, Inc.","whois.name.com","http://www.name.com","Domain Protection Services, Inc.","Domain Protection Services, Inc.","","","CO","","United States","","","","","","","","","","","","","","","","","","","","","","","","","","","","","","","","","","ns4731.banahosting.com","ns4732.banahosting.com","","","clientTransferProhibited","","",""
"55","simplelist.digital","2020-05-09 21:44:09","2020-05-08","2020-05-08","2021-05-08","625","Name.com, Inc.","whois.name.com","http://www.name.com","REDACTED FOR PRIVACY","Domain Protection Services, Inc.","REDACTED FOR PRIVACY","REDACTED FOR PRIVACY","CO","REDACTED FOR PRIVACY","United States","","REDACTED FOR PRIVACY","REDACTED FOR PRIVACY","","","","","","","","","","","","","","","","","","","","","","","","","","","","","","","","","","","addPeriod","clientTransferProhibited","",""
"56","socs.coffee","2020-05-09 20:34:07","2020-05-07","2020-05-07","2021-05-07","625","Name.com, Inc.","whois.name.com","http://www.name.com","REDACTED FOR PRIVACY","Domain Protection Services, Inc.","REDACTED FOR PRIVACY","REDACTED FOR PRIVACY","CO","REDACTED FOR PRIVACY","United States","","REDACTED FOR PRIVACY","REDACTED FOR PRIVACY","","","","","","","","","","","","","","","","","","","","","","","","","","","","","","","","","","","addPeriod","clientTransferProhibited","",""
"57","stoke-on-trent.biz","2020-05-09 07:04:11","2020-05-07","2020-05-07","2021-05-07","625","Name.com, Inc.","whois.name.com","http://www.name.com","Local Merchant Services Limited","Local Merchant Services Limited","","","Melbourne","","Australia","","","","","","","","","","","","","","","","","","","","","","","","","","","","","","","","","","ns1hwy.name.com","ns2cvx.name.com","ns3gnv.name.com","ns4hmp.name.com","addPeriod","clientTransferProhibited","",""
"58","sx399.com","2020-05-09 16:39:09","2020-05-09","2020-05-09","2021-05-09","625","Name.com, Inc.","whois.name.com","http://www.name.com","Whois Agent","Domain Protection Services, Inc.","PO Box 1769","Denver","CO","80201","United States","","+1.7208009072","+1.7209758725","Whois Agent","Domain Protection Services, Inc.","PO Box 1769","Denver","CO","80201","United States","","+1.7208009072","+1.7209758725","Whois Agent","Domain Protection Services, Inc.","PO Box 1769","Denver","CO","80201","United States","","+1.7208009072","+1.7209758725","","","","","","","","","","","ns1cnb.name.com","ns2nsw.name.com","ns3cna.name.com","ns4jpz.name.com","addPeriod","clientTransferProhibited","",""
"59","sx450.com","2020-05-09 16:39:19","2020-05-09","2020-05-09","2021-05-09","625","Name.com, Inc.","whois.name.com","http://www.name.com","Whois Agent","Domain Protection Services, Inc.","PO Box 1769","Denver","CO","80201","United States","","+1.7208009072","+1.7209758725","Whois Agent","Domain Protection Services, Inc.","PO Box 1769","Denver","CO","80201","United States","","+1.7208009072","+1.7209758725","Whois Agent","Domain Protection Services, Inc.","PO Box 1769","Denver","CO","80201","United States","","+1.7208009072","+1.7209758725","","","","","","","","","","","ns1cnb.name.com","ns2nsw.name.com","ns3cna.name.com","ns4jpz.name.com","addPeriod","clientTransferProhibited","",""
"60","sx640.com","2020-05-09 16:47:01","2020-05-09","2020-05-09","2021-05-09","625","Name.com, Inc.","whois.name.com","http://www.name.com","Whois Agent","Domain Protection Services, Inc.","PO Box 1769","Denver","CO","80201","United States","","+1.7208009072","+1.7209758725","Whois Agent","Domain Protection Services, Inc.","PO Box 1769","Denver","CO","80201","United States","","+1.7208009072","+1.7209758725","Whois Agent","Domain Protection Services, Inc.","PO Box 1769","Denver","CO","80201","United States","","+1.7208009072","+1.7209758725","","","","","","","","","","","ns1cnb.name.com","ns2nsw.name.com","ns3cna.name.com","ns4jpz.name.com","addPeriod","clientTransferProhibited","",""
"61","sx660.com","2020-05-09 16:46:59","2020-05-09","2020-05-09","2021-05-09","625","Name.com, Inc.","whois.name.com","http://www.name.com","Whois Agent","Domain Protection Services, Inc.","PO Box 1769","Denver","CO","80201","United States","","+1.7208009072","+1.7209758725","Whois Agent","Domain Protection Services, Inc.","PO Box 1769","Denver","CO","80201","United States","","+1.7208009072","+1.7209758725","Whois Agent","Domain Protection Services, Inc.","PO Box 1769","Denver","CO","80201","United States","","+1.7208009072","+1.7209758725","","","","","","","","","","","ns1cnb.name.com","ns2nsw.name.com","ns3cna.name.com","ns4jpz.name.com","addPeriod","clientTransferProhibited","",""
"62","sx920.com","2020-05-09 16:51:40","2020-05-09","2020-05-09","2021-05-09","625","Name.com, Inc.","whois.name.com","http://www.name.com","Whois Agent","Domain Protection Services, Inc.","PO Box 1769","Denver","CO","80201","United States","","+1.7208009072","+1.7209758725","Whois Agent","Domain Protection Services, Inc.","PO Box 1769","Denver","CO","80201","United States","","+1.7208009072","+1.7209758725","Whois Agent","Domain Protection Services, Inc.","PO Box 1769","Denver","CO","80201","United States","","+1.7208009072","+1.7209758725","","","","","","","","","","","ns1cnb.name.com","ns2nsw.name.com","ns3cna.name.com","ns4jpz.name.com","addPeriod","clientTransferProhibited","",""
"63","torrents.biz","2020-05-09 05:52:16","2020-05-05","2020-05-05","2021-05-05","625","Name.com, Inc.","whois.name.com","http://www.name.com","","","","","Boqueron","","Paraguay","","","","","","","","","","","","","","","","","","","","","","","","","","","","","","","","","","ns1.dan.com","ns2.dan.com","verification-e6510d17.ns3.dan.hosting","","addPeriod","clientTransferProhibited","",""
"64","tw1119.com","2020-05-09 12:06:11","2020-05-09","2020-05-09","2021-05-09","625","Name.com, Inc.","whois.name.com","http://www.name.com","?? ?","","??????????????","??","??","331500","China","2542542138@qq.com","+86.13928280324","","?? ?","","??????????????","??","??","331500","China","2542542138@qq.com","+86.13928280324","","?? ?","","??????????????","??","??","331500","China","2542542138@qq.com","+86.13928280324","","","","","","","","","","","","ns6.dnsdun.com","ns6.dnsdun.net","","","addPeriod","clientTransferProhibited","",""
"65","webtest.equipment","2020-05-09 22:11:15","2020-05-07","2020-05-07","2021-05-07","625","Name.com, Inc.","whois.name.com","http://www.name.com","REDACTED FOR PRIVACY","Domain Protection Services, Inc.","REDACTED FOR PRIVACY","REDACTED FOR PRIVACY","CO","REDACTED FOR PRIVACY","United States","","REDACTED FOR PRIVACY","REDACTED FOR PRIVACY","","","","","","","","","","","","","","","","","","","","","","","","","","","","","","","","","","","addPeriod","clientTransferProhibited","",""
"66","wertadcrvc.com","2020-05-09 17:38:41","2020-05-09","2020-05-09","2021-05-09","625","Name.com, Inc.","whois.name.com","http://www.name.com","Whois Agent","Domain Protection Services, Inc.","PO Box 1769","Denver","CO","80201","United States","","+1.7208009072","+1.7209758725","Whois Agent","Domain Protection Services, Inc.","PO Box 1769","Denver","CO","80201","United States","","+1.7208009072","+1.7209758725","Whois Agent","Domain Protection Services, Inc.","PO Box 1769","Denver","CO","80201","United States","","+1.7208009072","+1.7209758725","","","","","","","","","","","ns1kpv.name.com","ns2lns.name.com","ns3ckl.name.com","ns4lrt.name.com","addPeriod","clientTransferProhibited","",""
"67","whysol.energy","2020-05-09 22:11:19","2020-05-07","2020-05-07","2021-05-07","625","Name.com, Inc.","whois.name.com","http://www.name.com","REDACTED FOR PRIVACY","Whysol","REDACTED FOR PRIVACY","REDACTED FOR PRIVACY","Milan","REDACTED FOR PRIVACY","Italy","","REDACTED FOR PRIVACY","REDACTED FOR PRIVACY","","","","","","","","","","","","","","","","","","","","","","","","","","","","","","","","","","","addPeriod","clientTransferProhibited","",""
"68","wnh.biz","2020-05-09 02:48:41","2020-05-07","2020-05-07","2021-05-07","625","Name.com, Inc.","whois.name.com","http://www.name.com","","","","","","","Israel","","","","","","","","","","","","","","","","","","","","","","","","","","","","","","","","","","ns1.sedoparking.com","ns2.sedoparking.com","","","addPeriod","clientTransferProhibited","",""
"69","xolulu.com","2020-05-09 23:25:15","2020-05-09","2020-05-09","2021-05-09","625","Name.com, Inc.","whois.name.com","http://www.name.com","Whois Agent","Domain Protection Services, Inc.","PO Box 1769","Denver","CO","80201","United States","","+1.7208009072","+1.7209758725","Whois Agent","Domain Protection Services, Inc.","PO Box 1769","Denver","CO","80201","United States","","+1.7208009072","+1.7209758725","Whois Agent","Domain Protection Services, Inc.","PO Box 1769","Denver","CO","80201","United States","","+1.7208009072","+1.7209758725","","","","","","","","","","","ns1kpv.name.com","ns2nsw.name.com","ns3jnr.name.com","ns4bht.name.com","addPeriod","clientTransferProhibited","",""