"num","domain_name","query_time","create_date","update_date","expiry_date","domain_registrar_id","domain_registrar_name","domain_registrar_whois","domain_registrar_url","registrant_name","registrant_company","registrant_address","registrant_city","registrant_state","registrant_zip","registrant_country","registrant_email","registrant_phone","registrant_fax","administrative_name","administrative_company","administrative_address","administrative_city","administrative_state","administrative_zip","administrative_country","administrative_email","administrative_phone","administrative_fax","technical_name","technical_company","technical_address","technical_city","technical_state","technical_zip","technical_country","technical_email","technical_phone","technical_fax","billing_name","billing_company","billing_address","billing_city","billing_state","billing_zip","billing_country","billing_email","billing_phone","billing_fax","name_server_1","name_server_2","name_server_3","name_server_4","domain_status_1","domain_status_2","domain_status_3","domain_status_4"
"1","3in1coffee.coffee","2020-05-09 20:34:10","2020-05-08","2020-05-08","2021-05-08","1861","Porkbun, LLC","whois.porkbun.com","http://porkbun.com","REDACTED FOR PRIVACY","Private by Design, LLC","REDACTED FOR PRIVACY","REDACTED FOR PRIVACY","NC","REDACTED FOR PRIVACY","United States","","REDACTED FOR PRIVACY","REDACTED FOR PRIVACY","","","","","","","","","","","","","","","","","","","","","","","","","","","","","","","","","","","addPeriod","clientDeleteProhibited","clientTransferProhibited",""
"2","alpha.loans","2020-05-09 22:42:32","2020-05-08","2020-05-09","2021-05-08","1861","Porkbun, LLC","whois.porkbun.com","http://porkbun.com","REDACTED FOR PRIVACY","Private by Design, LLC","REDACTED FOR PRIVACY","REDACTED FOR PRIVACY","NC","REDACTED FOR PRIVACY","United States","","REDACTED FOR PRIVACY","REDACTED FOR PRIVACY","","","","","","","","","","","","","","","","","","","","","","","","","","","","","","","","","","","addPeriod","clientDeleteProhibited","clientTransferProhibited",""
"3","arinahost.com","2020-05-03 20:12:49","2020-05-01","2020-05-01","2021-05-01","1861","Porkbun, LLC","whois.porkbun.com","http://porkbun.com","Whois Privacy","Private by Design, LLC","500 Westover Dr #9816","Sanford","NC","27330","United States","","+1.9712666028","","Whois Privacy","Private by Design, LLC","500 Westover Dr #9816","Sanford","NC","27330","United States","","+1.9712666028","","Whois Privacy","Private by Design, LLC","500 Westover Dr #9816","Sanford","NC","27330","United States","","+1.9712666028","","","","","","","","","","","","ns1.dombd.com","ns2.dombd.com","","","clientDeleteProhibited","clientTransferProhibited","",""
"4","biolink.plus","2020-05-10 00:00:43","2020-05-07","2020-05-07","2021-05-07","1861","Porkbun, LLC","whois.porkbun.com","http://porkbun.com","REDACTED FOR PRIVACY","Private by Design, LLC","REDACTED FOR PRIVACY","REDACTED FOR PRIVACY","NC","REDACTED FOR PRIVACY","United States","","REDACTED FOR PRIVACY","REDACTED FOR PRIVACY","","","","","","","","","","","","","","","","","","","","","","","","","","","","","","","","","","","addPeriod","clientDeleteProhibited","clientTransferProhibited",""
"5","cafecrown.coffee","2020-05-09 20:34:11","2020-05-08","2020-05-08","2021-05-08","1861","Porkbun, LLC","whois.porkbun.com","http://porkbun.com","REDACTED FOR PRIVACY","Private by Design, LLC","REDACTED FOR PRIVACY","REDACTED FOR PRIVACY","NC","REDACTED FOR PRIVACY","United States","","REDACTED FOR PRIVACY","REDACTED FOR PRIVACY","","","","","","","","","","","","","","","","","","","","","","","","","","","","","","","","","","","addPeriod","clientDeleteProhibited","clientTransferProhibited",""
"6","cekirdekkahve.coffee","2020-05-09 20:34:10","2020-05-08","2020-05-08","2021-05-08","1861","Porkbun, LLC","whois.porkbun.com","http://porkbun.com","REDACTED FOR PRIVACY","Private by Design, LLC","REDACTED FOR PRIVACY","REDACTED FOR PRIVACY","NC","REDACTED FOR PRIVACY","United States","","REDACTED FOR PRIVACY","REDACTED FOR PRIVACY","","","","","","","","","","","","","","","","","","","","","","","","","","","","","","","","","","","addPeriod","clientDeleteProhibited","clientTransferProhibited",""
"7","chocolat.coffee","2020-05-09 20:34:10","2020-05-08","2020-05-08","2021-05-08","1861","Porkbun, LLC","whois.porkbun.com","http://porkbun.com","REDACTED FOR PRIVACY","Private by Design, LLC","REDACTED FOR PRIVACY","REDACTED FOR PRIVACY","NC","REDACTED FOR PRIVACY","United States","","REDACTED FOR PRIVACY","REDACTED FOR PRIVACY","","","","","","","","","","","","","","","","","","","","","","","","","","","","","","","","","","","addPeriod","clientDeleteProhibited","clientTransferProhibited",""
"8","cikolata.coffee","2020-05-09 20:34:10","2020-05-08","2020-05-08","2021-05-08","1861","Porkbun, LLC","whois.porkbun.com","http://porkbun.com","REDACTED FOR PRIVACY","Private by Design, LLC","REDACTED FOR PRIVACY","REDACTED FOR PRIVACY","NC","REDACTED FOR PRIVACY","United States","","REDACTED FOR PRIVACY","REDACTED FOR PRIVACY","","","","","","","","","","","","","","","","","","","","","","","","","","","","","","","","","","","addPeriod","clientDeleteProhibited","clientTransferProhibited",""
"9","clasico.coffee","2020-05-09 20:34:10","2020-05-07","2020-05-07","2021-05-07","1861","Porkbun, LLC","whois.porkbun.com","http://porkbun.com","REDACTED FOR PRIVACY","Private by Design, LLC","REDACTED FOR PRIVACY","REDACTED FOR PRIVACY","NC","REDACTED FOR PRIVACY","United States","","REDACTED FOR PRIVACY","REDACTED FOR PRIVACY","","","","","","","","","","","","","","","","","","","","","","","","","","","","","","","","","","","addPeriod","clientDeleteProhibited","clientTransferProhibited",""
"10","classicgold.coffee","2020-05-09 20:34:11","2020-05-08","2020-05-08","2021-05-08","1861","Porkbun, LLC","whois.porkbun.com","http://porkbun.com","REDACTED FOR PRIVACY","Private by Design, LLC","REDACTED FOR PRIVACY","REDACTED FOR PRIVACY","NC","REDACTED FOR PRIVACY","United States","","REDACTED FOR PRIVACY","REDACTED FOR PRIVACY","","","","","","","","","","","","","","","","","","","","","","","","","","","","","","","","","","","addPeriod","clientDeleteProhibited","clientTransferProhibited",""
"11","communitymicrogrid.energy","2020-05-09 22:11:20","2020-05-07","2020-05-07","2021-05-07","1861","Porkbun, LLC","whois.porkbun.com","http://porkbun.com","REDACTED FOR PRIVACY","Private by Design, LLC","REDACTED FOR PRIVACY","REDACTED FOR PRIVACY","NC","REDACTED FOR PRIVACY","United States","","REDACTED FOR PRIVACY","REDACTED FOR PRIVACY","","","","","","","","","","","","","","","","","","","","","","","","","","","","","","","","","","","addPeriod","clientDeleteProhibited","clientTransferProhibited",""
"12","der.center","2020-05-09 20:21:04","2020-05-08","2020-05-08","2021-05-08","1861","Porkbun, LLC","whois.porkbun.com","http://porkbun.com","REDACTED FOR PRIVACY","Private by Design, LLC","REDACTED FOR PRIVACY","REDACTED FOR PRIVACY","NC","REDACTED FOR PRIVACY","United States","","REDACTED FOR PRIVACY","REDACTED FOR PRIVACY","","","","","","","","","","","","","","","","","","","","","","","","","","","","","","","","","","","addPeriod","clientDeleteProhibited","clientTransferProhibited",""
"13","enviohub.com","2020-05-03 20:24:28","2020-05-02","2020-05-02","2021-05-02","1861","Porkbun, LLC","whois.porkbun.com","http://porkbun.com","Whois Privacy","Private by Design, LLC","500 Westover Dr #9816","Sanford","NC","27330","United States","","+1.9712666028","","Whois Privacy","Private by Design, LLC","500 Westover Dr #9816","Sanford","NC","27330","United States","","+1.9712666028","","Whois Privacy","Private by Design, LLC","500 Westover Dr #9816","Sanford","NC","27330","United States","","+1.9712666028","","","","","","","","","","","","ns1.dombd.com","ns2.dombd.com","","","clientDeleteProhibited","clientTransferProhibited","",""
"14","filtrekahve.coffee","2020-05-09 20:34:09","2020-05-08","2020-05-08","2021-05-08","1861","Porkbun, LLC","whois.porkbun.com","http://porkbun.com","REDACTED FOR PRIVACY","Private by Design, LLC","REDACTED FOR PRIVACY","REDACTED FOR PRIVACY","NC","REDACTED FOR PRIVACY","United States","","REDACTED FOR PRIVACY","REDACTED FOR PRIVACY","","","","","","","","","","","","","","","","","","","","","","","","","","","","","","","","","","","addPeriod","clientDeleteProhibited","clientTransferProhibited",""
"15","firstcoffin.club","2020-05-09 20:36:44","2020-05-08","2020-05-08","2021-05-08","1861","Porkbun, LLC","whois.porkbun.com","http://porkbun.com","Private by Design, LLC","Private by Design, LLC","","","NC","","United States","","","","","","","","","","","","","","","","","","","","","","","","","","","","","","","","","","curitiba.porkbun.com","fortaleza.porkbun.com","maceio.porkbun.com","salvador.porkbun.com","addPeriod","clientDeleteProhibited","clientTransferProhibited",""
"16","fl45h13.solutions","2020-05-10 01:06:45","2020-05-07","2020-05-07","2021-05-07","1861","Porkbun, LLC","whois.porkbun.com","http://porkbun.com","REDACTED FOR PRIVACY","Private by Design, LLC","REDACTED FOR PRIVACY","REDACTED FOR PRIVACY","NC","REDACTED FOR PRIVACY","United States","","REDACTED FOR PRIVACY","REDACTED FOR PRIVACY","","","","","","","","","","","","","","","","","","","","","","","","","","","","","","","","","","","addPeriod","clientDeleteProhibited","clientTransferProhibited",""
"17","goldkahve.coffee","2020-05-09 20:34:09","2020-05-08","2020-05-08","2021-05-08","1861","Porkbun, LLC","whois.porkbun.com","http://porkbun.com","REDACTED FOR PRIVACY","Private by Design, LLC","REDACTED FOR PRIVACY","REDACTED FOR PRIVACY","NC","REDACTED FOR PRIVACY","United States","","REDACTED FOR PRIVACY","REDACTED FOR PRIVACY","","","","","","","","","","","","","","","","","","","","","","","","","","","","","","","","","","","addPeriod","clientDeleteProhibited","clientTransferProhibited",""
"18","hazirturkkahvesi.coffee","2020-05-09 20:34:09","2020-05-08","2020-05-08","2021-05-08","1861","Porkbun, LLC","whois.porkbun.com","http://porkbun.com","REDACTED FOR PRIVACY","Private by Design, LLC","REDACTED FOR PRIVACY","REDACTED FOR PRIVACY","NC","REDACTED FOR PRIVACY","United States","","REDACTED FOR PRIVACY","REDACTED FOR PRIVACY","","","","","","","","","","","","","","","","","","","","","","","","","","","","","","","","","","","addPeriod","clientDeleteProhibited","clientTransferProhibited",""
"19","hua-hin.directory","2020-05-09 21:45:47","2020-05-08","2020-05-08","2021-05-08","1861","Porkbun, LLC","whois.porkbun.com","http://porkbun.com","REDACTED FOR PRIVACY","Private by Design, LLC","REDACTED FOR PRIVACY","REDACTED FOR PRIVACY","NC","REDACTED FOR PRIVACY","United States","","REDACTED FOR PRIVACY","REDACTED FOR PRIVACY","","","","","","","","","","","","","","","","","","","","","","","","","","","","","","","","","","","addPeriod","clientDeleteProhibited","clientTransferProhibited",""
"20","huahin.directory","2020-05-09 21:45:47","2020-05-08","2020-05-08","2021-05-08","1861","Porkbun, LLC","whois.porkbun.com","http://porkbun.com","REDACTED FOR PRIVACY","Private by Design, LLC","REDACTED FOR PRIVACY","REDACTED FOR PRIVACY","NC","REDACTED FOR PRIVACY","United States","","REDACTED FOR PRIVACY","REDACTED FOR PRIVACY","","","","","","","","","","","","","","","","","","","","","","","","","","","","","","","","","","","addPeriod","clientDeleteProhibited","clientTransferProhibited",""
"21","ishusingh.net","2020-05-09 23:59:23","2020-05-08","2020-05-08","2021-05-08","1861","Porkbun, LLC","whois.porkbun.com","http://porkbun.com","Whois Privacy","Private by Design, LLC","500 Westover Dr #9816","Sanford","NC","27330","United States","","+1.9712666028","","Whois Privacy","Private by Design, LLC","500 Westover Dr #9816","Sanford","NC","27330","United States","","+1.9712666028","","Whois Privacy","Private by Design, LLC","500 Westover Dr #9816","Sanford","NC","27330","United States","","+1.9712666028","","","","","","","","","","","","curitiba.porkbun.com","fortaleza.porkbun.com","maceio.porkbun.com","salvador.porkbun.com","clientDeleteProhibited","clientTransferProhibited","",""
"22","kahvekremasi.coffee","2020-05-09 20:34:09","2020-05-08","2020-05-08","2021-05-08","1861","Porkbun, LLC","whois.porkbun.com","http://porkbun.com","REDACTED FOR PRIVACY","Private by Design, LLC","REDACTED FOR PRIVACY","REDACTED FOR PRIVACY","NC","REDACTED FOR PRIVACY","United States","","REDACTED FOR PRIVACY","REDACTED FOR PRIVACY","","","","","","","","","","","","","","","","","","","","","","","","","","","","","","","","","","","addPeriod","clientDeleteProhibited","clientTransferProhibited",""
"23","kavrulmuskahve.coffee","2020-05-09 20:34:08","2020-05-08","2020-05-08","2021-05-08","1861","Porkbun, LLC","whois.porkbun.com","http://porkbun.com","REDACTED FOR PRIVACY","Private by Design, LLC","REDACTED FOR PRIVACY","REDACTED FOR PRIVACY","NC","REDACTED FOR PRIVACY","United States","","REDACTED FOR PRIVACY","REDACTED FOR PRIVACY","","","","","","","","","","","","","","","","","","","","","","","","","","","","","","","","","","","addPeriod","clientDeleteProhibited","clientTransferProhibited",""
"24","khalsasoldier.net","2020-05-09 23:58:39","2020-05-08","2020-05-08","2021-05-08","1861","Porkbun, LLC","whois.porkbun.com","http://porkbun.com","Whois Privacy","Private by Design, LLC","500 Westover Dr #9816","Sanford","NC","27330","United States","","+1.9712666028","","Whois Privacy","Private by Design, LLC","500 Westover Dr #9816","Sanford","NC","27330","United States","","+1.9712666028","","Whois Privacy","Private by Design, LLC","500 Westover Dr #9816","Sanford","NC","27330","United States","","+1.9712666028","","","","","","","","","","","","curitiba.porkbun.com","fortaleza.porkbun.com","maceio.porkbun.com","salvador.porkbun.com","clientDeleteProhibited","clientTransferProhibited","",""
"25","klasikkahve.coffee","2020-05-09 20:34:08","2020-05-08","2020-05-08","2021-05-08","1861","Porkbun, LLC","whois.porkbun.com","http://porkbun.com","REDACTED FOR PRIVACY","Private by Design, LLC","REDACTED FOR PRIVACY","REDACTED FOR PRIVACY","NC","REDACTED FOR PRIVACY","United States","","REDACTED FOR PRIVACY","REDACTED FOR PRIVACY","","","","","","","","","","","","","","","","","","","","","","","","","","","","","","","","","","","addPeriod","clientDeleteProhibited","clientTransferProhibited",""
"26","kurukahveci.coffee","2020-05-09 20:34:08","2020-05-08","2020-05-08","2021-05-08","1861","Porkbun, LLC","whois.porkbun.com","http://porkbun.com","REDACTED FOR PRIVACY","Private by Design, LLC","REDACTED FOR PRIVACY","REDACTED FOR PRIVACY","NC","REDACTED FOR PRIVACY","United States","","REDACTED FOR PRIVACY","REDACTED FOR PRIVACY","","","","","","","","","","","","","","","","","","","","","","","","","","","","","","","","","","","addPeriod","clientDeleteProhibited","clientTransferProhibited",""
"27","kurukahvecimehmetefendi.coffee","2020-05-09 20:34:08","2020-05-08","2020-05-08","2021-05-08","1861","Porkbun, LLC","whois.porkbun.com","http://porkbun.com","REDACTED FOR PRIVACY","Private by Design, LLC","REDACTED FOR PRIVACY","REDACTED FOR PRIVACY","NC","REDACTED FOR PRIVACY","United States","","REDACTED FOR PRIVACY","REDACTED FOR PRIVACY","","","","","","","","","","","","","","","","","","","","","","","","","","","","","","","","","","","addPeriod","clientDeleteProhibited","clientTransferProhibited",""
"28","lafatadeisognivideochat.club","2020-05-09 20:35:51","2020-05-07","2020-05-07","2021-05-07","1861","Porkbun, LLC","whois.porkbun.com","http://porkbun.com","Private by Design, LLC","Private by Design, LLC","","","NC","","United States","","","","","","","","","","","","","","","","","","","","","","","","","","","","","","","","","","lila.ns.cloudflare.com","noah.ns.cloudflare.com","","","addPeriod","clientDeleteProhibited","clientTransferProhibited",""
"29","laudeus.net","2020-05-09 23:58:05","2020-05-08","2020-05-08","2021-05-08","1861","Porkbun, LLC","whois.porkbun.com","http://porkbun.com","Whois Privacy","Private by Design, LLC","500 Westover Dr #9816","Sanford","NC","27330","United States","","+1.9712666028","","Whois Privacy","Private by Design, LLC","500 Westover Dr #9816","Sanford","NC","27330","United States","","+1.9712666028","","Whois Privacy","Private by Design, LLC","500 Westover Dr #9816","Sanford","NC","27330","United States","","+1.9712666028","","","","","","","","","","","","chelsea.ns.cloudflare.com","lewis.ns.cloudflare.com","","","clientDeleteProhibited","clientTransferProhibited","",""
"30","loan-builder.net","2020-05-09 23:57:42","2020-05-08","2020-05-08","2021-05-08","1861","Porkbun, LLC","whois.porkbun.com","http://porkbun.com","Whois Privacy","Private by Design, LLC","500 Westover Dr #9816","Sanford","NC","27330","United States","","+1.9712666028","","Whois Privacy","Private by Design, LLC","500 Westover Dr #9816","Sanford","NC","27330","United States","","+1.9712666028","","Whois Privacy","Private by Design, LLC","500 Westover Dr #9816","Sanford","NC","27330","United States","","+1.9712666028","","","","","","","","","","","","ns1.dan.com","ns2.dan.com","verification-1574ae1c.ns3.dan.hosting","","clientDeleteProhibited","clientTransferProhibited","",""
"31","lolinude.net","2020-05-09 23:57:38","2020-05-08","2020-05-08","2021-05-08","1861","Porkbun, LLC","whois.porkbun.com","http://porkbun.com","Whois Privacy","Private by Design, LLC","500 Westover Dr #9816","Sanford","NC","27330","United States","","+1.9712666028","","Whois Privacy","Private by Design, LLC","500 Westover Dr #9816","Sanford","NC","27330","United States","","+1.9712666028","","Whois Privacy","Private by Design, LLC","500 Westover Dr #9816","Sanford","NC","27330","United States","","+1.9712666028","","","","","","","","","","","","andy.ns.cloudflare.com","leah.ns.cloudflare.com","","","clientDeleteProhibited","clientTransferProhibited","",""
"32","lucagian.net","2020-05-09 23:57:32","2020-05-08","2020-05-08","2021-05-08","1861","Porkbun, LLC","whois.porkbun.com","http://porkbun.com","Whois Privacy","Private by Design, LLC","500 Westover Dr #9816","Sanford","NC","27330","United States","","+1.9712666028","","Whois Privacy","Private by Design, LLC","500 Westover Dr #9816","Sanford","NC","27330","United States","","+1.9712666028","","Whois Privacy","Private by Design, LLC","500 Westover Dr #9816","Sanford","NC","27330","United States","","+1.9712666028","","","","","","","","","","","","curitiba.porkbun.com","fortaleza.porkbun.com","maceio.porkbun.com","salvador.porkbun.com","clientDeleteProhibited","clientTransferProhibited","",""
"33","manganiku.net","2020-05-09 23:57:21","2020-05-08","2020-05-08","2021-05-08","1861","Porkbun, LLC","whois.porkbun.com","http://porkbun.com","Whois Privacy","Private by Design, LLC","500 Westover Dr #9816","Sanford","NC","27330","United States","","+1.9712666028","","Whois Privacy","Private by Design, LLC","500 Westover Dr #9816","Sanford","NC","27330","United States","","+1.9712666028","","Whois Privacy","Private by Design, LLC","500 Westover Dr #9816","Sanford","NC","27330","United States","","+1.9712666028","","","","","","","","","","","","curitiba.porkbun.com","fortaleza.porkbun.com","maceio.porkbun.com","salvador.porkbun.com","clientDeleteProhibited","clientTransferProhibited","",""
"34","marketingpanel.net","2020-05-09 23:57:20","2020-05-08","2020-05-08","2021-05-08","1861","Porkbun, LLC","whois.porkbun.com","http://porkbun.com","Whois Privacy","Private by Design, LLC","500 Westover Dr #9816","Sanford","NC","27330","United States","","+1.9712666028","","Whois Privacy","Private by Design, LLC","500 Westover Dr #9816","Sanford","NC","27330","United States","","+1.9712666028","","Whois Privacy","Private by Design, LLC","500 Westover Dr #9816","Sanford","NC","27330","United States","","+1.9712666028","","","","","","","","","","","","curitiba.porkbun.com","fortaleza.porkbun.com","maceio.porkbun.com","salvador.porkbun.com","clientDeleteProhibited","clientTransferProhibited","",""
"35","mazio.biz","2020-05-09 18:00:44","2020-04-30","2020-05-05","2021-04-30","1861","Porkbun, LLC","whois.porkbun.com","http://porkbun.com","Private by Design, LLC","Private by Design, LLC","","","NC","","United States","","","","","","","","","","","","","","","","","","","","","","","","","","","","","","","","","","curitiba.porkbun.com","fortaleza.porkbun.com","maceio.porkbun.com","salvador.porkbun.com","clientDeleteProhibited","clientTransferProhibited","",""
"36","megaviajes.net","2020-05-09 23:57:10","2020-05-07","2020-05-07","2021-05-07","1861","Porkbun, LLC","whois.porkbun.com","http://porkbun.com","Whois Privacy","Private by Design, LLC","500 Westover Dr #9816","Sanford","NC","27330","United States","","+1.9712666028","","Whois Privacy","Private by Design, LLC","500 Westover Dr #9816","Sanford","NC","27330","United States","","+1.9712666028","","Whois Privacy","Private by Design, LLC","500 Westover Dr #9816","Sanford","NC","27330","United States","","+1.9712666028","","","","","","","","","","","","curitiba.porkbun.com","fortaleza.porkbun.com","maceio.porkbun.com","salvador.porkbun.com","clientDeleteProhibited","clientTransferProhibited","",""
"37","mehmedefendi.coffee","2020-05-09 20:34:08","2020-05-08","2020-05-08","2021-05-08","1861","Porkbun, LLC","whois.porkbun.com","http://porkbun.com","REDACTED FOR PRIVACY","Private by Design, LLC","REDACTED FOR PRIVACY","REDACTED FOR PRIVACY","NC","REDACTED FOR PRIVACY","United States","","REDACTED FOR PRIVACY","REDACTED FOR PRIVACY","","","","","","","","","","","","","","","","","","","","","","","","","","","","","","","","","","","addPeriod","clientDeleteProhibited","clientTransferProhibited",""
"38","mintmarkets.net","2020-05-09 23:57:01","2020-05-08","2020-05-08","2021-05-08","1861","Porkbun, LLC","whois.porkbun.com","http://porkbun.com","Whois Privacy","Private by Design, LLC","500 Westover Dr #9816","Sanford","NC","27330","United States","","+1.9712666028","","Whois Privacy","Private by Design, LLC","500 Westover Dr #9816","Sanford","NC","27330","United States","","+1.9712666028","","Whois Privacy","Private by Design, LLC","500 Westover Dr #9816","Sanford","NC","27330","United States","","+1.9712666028","","","","","","","","","","","","curitiba.porkbun.com","fortaleza.porkbun.com","maceio.porkbun.com","salvador.porkbun.com","clientDeleteProhibited","clientTransferProhibited","",""
"39","nordflip.net","2020-05-09 23:56:11","2020-05-07","2020-05-07","2021-05-07","1861","Porkbun, LLC","whois.porkbun.com","http://porkbun.com","Whois Privacy","Private by Design, LLC","500 Westover Dr #9816","Sanford","NC","27330","United States","","+1.9712666028","","Whois Privacy","Private by Design, LLC","500 Westover Dr #9816","Sanford","NC","27330","United States","","+1.9712666028","","Whois Privacy","Private by Design, LLC","500 Westover Dr #9816","Sanford","NC","27330","United States","","+1.9712666028","","","","","","","","","","","","curitiba.porkbun.com","fortaleza.porkbun.com","maceio.porkbun.com","salvador.porkbun.com","clientDeleteProhibited","clientTransferProhibited","",""
"40","parkasist.net","2020-05-09 23:56:00","2020-05-08","2020-05-08","2021-05-08","1861","Porkbun, LLC","whois.porkbun.com","http://porkbun.com","Whois Privacy","Private by Design, LLC","500 Westover Dr #9816","Sanford","NC","27330","United States","","+1.9712666028","","Whois Privacy","Private by Design, LLC","500 Westover Dr #9816","Sanford","NC","27330","United States","","+1.9712666028","","Whois Privacy","Private by Design, LLC","500 Westover Dr #9816","Sanford","NC","27330","United States","","+1.9712666028","","","","","","","","","","","","curitiba.porkbun.com","fortaleza.porkbun.com","maceio.porkbun.com","salvador.porkbun.com","clientDeleteProhibited","clientTransferProhibited","",""
"41","paulevasseur.club","2020-05-09 20:35:20","2020-05-07","2020-05-07","2021-05-07","1861","Porkbun, LLC","whois.porkbun.com","http://porkbun.com","Private by Design, LLC","Private by Design, LLC","","","NC","","United States","","","","","","","","","","","","","","","","","","","","","","","","","","","","","","","","","","curitiba.porkbun.com","fortaleza.porkbun.com","maceio.porkbun.com","salvador.porkbun.com","addPeriod","clientDeleteProhibited","clientTransferProhibited",""
"42","permanent-power.net","2020-05-09 23:55:58","2020-05-08","2020-05-08","2021-05-08","1861","Porkbun, LLC","whois.porkbun.com","http://porkbun.com","Whois Privacy","Private by Design, LLC","500 Westover Dr #9816","Sanford","NC","27330","United States","","+1.9712666028","","Whois Privacy","Private by Design, LLC","500 Westover Dr #9816","Sanford","NC","27330","United States","","+1.9712666028","","Whois Privacy","Private by Design, LLC","500 Westover Dr #9816","Sanford","NC","27330","United States","","+1.9712666028","","","","","","","","","","","","ns1.domainwerk.de","ns2.domainwerk.de","","","clientDeleteProhibited","clientTransferProhibited","",""
"43","permanentpower.net","2020-05-09 23:55:58","2020-05-08","2020-05-08","2021-05-08","1861","Porkbun, LLC","whois.porkbun.com","http://porkbun.com","Whois Privacy","Private by Design, LLC","500 Westover Dr #9816","Sanford","NC","27330","United States","","+1.9712666028","","Whois Privacy","Private by Design, LLC","500 Westover Dr #9816","Sanford","NC","27330","United States","","+1.9712666028","","Whois Privacy","Private by Design, LLC","500 Westover Dr #9816","Sanford","NC","27330","United States","","+1.9712666028","","","","","","","","","","","","ns1.domainwerk.de","ns2.domainwerk.de","","","clientDeleteProhibited","clientTransferProhibited","",""
"44","pipelinefill.net","2020-05-09 23:55:55","2020-05-08","2020-05-08","2021-05-08","1861","Porkbun, LLC","whois.porkbun.com","http://porkbun.com","Whois Privacy","Private by Design, LLC","500 Westover Dr #9816","Sanford","NC","27330","United States","","+1.9712666028","","Whois Privacy","Private by Design, LLC","500 Westover Dr #9816","Sanford","NC","27330","United States","","+1.9712666028","","Whois Privacy","Private by Design, LLC","500 Westover Dr #9816","Sanford","NC","27330","United States","","+1.9712666028","","","","","","","","","","","","curitiba.porkbun.com","fortaleza.porkbun.com","maceio.porkbun.com","salvador.porkbun.com","clientDeleteProhibited","clientTransferProhibited","",""
"45","popaholics.net","2020-05-09 23:55:53","2020-05-07","2020-05-07","2021-05-07","1861","Porkbun, LLC","whois.porkbun.com","http://porkbun.com","Whois Privacy","Private by Design, LLC","500 Westover Dr #9816","Sanford","NC","27330","United States","","+1.9712666028","","Whois Privacy","Private by Design, LLC","500 Westover Dr #9816","Sanford","NC","27330","United States","","+1.9712666028","","Whois Privacy","Private by Design, LLC","500 Westover Dr #9816","Sanford","NC","27330","United States","","+1.9712666028","","","","","","","","","","","","curitiba.porkbun.com","fortaleza.porkbun.com","maceio.porkbun.com","salvador.porkbun.com","clientDeleteProhibited","clientTransferProhibited","",""
"46","populerdizi.net","2020-05-09 23:55:58","2020-05-08","2020-05-08","2021-05-08","1861","Porkbun, LLC","whois.porkbun.com","http://porkbun.com","Whois Privacy","Private by Design, LLC","500 Westover Dr #9816","Sanford","NC","27330","United States","","+1.9712666028","","Whois Privacy","Private by Design, LLC","500 Westover Dr #9816","Sanford","NC","27330","United States","","+1.9712666028","","Whois Privacy","Private by Design, LLC","500 Westover Dr #9816","Sanford","NC","27330","United States","","+1.9712666028","","","","","","","","","","","","ada.ns.cloudflare.com","burt.ns.cloudflare.com","","","clientDeleteProhibited","clientTransferProhibited","",""
"47","projectendpoint.net","2020-05-09 23:55:51","2020-05-07","2020-05-07","2021-05-07","1861","Porkbun, LLC","whois.porkbun.com","http://porkbun.com","Whois Privacy","Private by Design, LLC","500 Westover Dr #9816","Sanford","NC","27330","United States","","+1.9712666028","","Whois Privacy","Private by Design, LLC","500 Westover Dr #9816","Sanford","NC","27330","United States","","+1.9712666028","","Whois Privacy","Private by Design, LLC","500 Westover Dr #9816","Sanford","NC","27330","United States","","+1.9712666028","","","","","","","","","","","","curitiba.porkbun.com","fortaleza.porkbun.com","maceio.porkbun.com","salvador.porkbun.com","clientDeleteProhibited","clientTransferProhibited","",""
"48","psyche.solutions","2020-05-10 01:06:45","2020-05-07","2020-05-07","2021-05-07","1861","Porkbun, LLC","whois.porkbun.com","http://porkbun.com","REDACTED FOR PRIVACY","Private by Design, LLC","REDACTED FOR PRIVACY","REDACTED FOR PRIVACY","NC","REDACTED FOR PRIVACY","United States","","REDACTED FOR PRIVACY","REDACTED FOR PRIVACY","","","","","","","","","","","","","","","","","","","","","","","","","","","","","","","","","","","addPeriod","clientDeleteProhibited","clientTransferProhibited",""
"49","psychiatry.academy","2020-05-09 14:43:07","2020-05-06","2020-05-06","2021-05-06","1861","Porkbun, LLC","whois.porkbun.com","http://porkbun.com","REDACTED FOR PRIVACY","Private by Design, LLC","REDACTED FOR PRIVACY","REDACTED FOR PRIVACY","NC","REDACTED FOR PRIVACY","United States","","REDACTED FOR PRIVACY","REDACTED FOR PRIVACY","","","","","","","","","","","","","","","","","","","","","","","","","","","","","","","","","","","addPeriod","clientDeleteProhibited","clientTransferProhibited",""
"50","repelentelovena.biz","2020-05-09 08:20:23","2020-05-01","2020-05-06","2021-05-01","1861","Porkbun, LLC","whois.porkbun.com","http://porkbun.com","Private by Design, LLC","Private by Design, LLC","","","NC","","United States","","","","","","","","","","","","","","","","","","","","","","","","","","","","","","","","","","curitiba.porkbun.com","fortaleza.porkbun.com","maceio.porkbun.com","salvador.porkbun.com","clientDeleteProhibited","clientTransferProhibited","",""
"51","sicakcikolata.coffee","2020-05-09 20:34:07","2020-05-08","2020-05-08","2021-05-08","1861","Porkbun, LLC","whois.porkbun.com","http://porkbun.com","REDACTED FOR PRIVACY","Private by Design, LLC","REDACTED FOR PRIVACY","REDACTED FOR PRIVACY","NC","REDACTED FOR PRIVACY","United States","","REDACTED FOR PRIVACY","REDACTED FOR PRIVACY","","","","","","","","","","","","","","","","","","","","","","","","","","","","","","","","","","","addPeriod","clientDeleteProhibited","clientTransferProhibited",""
"52","simplehub.solutions","2020-05-10 01:06:45","2020-05-07","2020-05-07","2021-05-07","1861","Porkbun, LLC","whois.porkbun.com","http://porkbun.com","REDACTED FOR PRIVACY","Private by Design, LLC","REDACTED FOR PRIVACY","REDACTED FOR PRIVACY","NC","REDACTED FOR PRIVACY","United States","","REDACTED FOR PRIVACY","REDACTED FOR PRIVACY","","","","","","","","","","","","","","","","","","","","","","","","","","","","","","","","","","","addPeriod","clientDeleteProhibited","clientTransferProhibited",""
"53","slogan.digital","2020-05-09 21:43:32","2020-05-08","2020-05-08","2021-05-08","1861","Porkbun, LLC","whois.porkbun.com","http://porkbun.com","REDACTED FOR PRIVACY","Private by Design, LLC","REDACTED FOR PRIVACY","REDACTED FOR PRIVACY","NC","REDACTED FOR PRIVACY","United States","","REDACTED FOR PRIVACY","REDACTED FOR PRIVACY","","","","","","","","","","","","","","","","","","","","","","","","","","","","","","","","","","","addPeriod","clientDeleteProhibited","clientTransferProhibited",""
"54","soguk.coffee","2020-05-09 20:34:08","2020-05-08","2020-05-08","2021-05-08","1861","Porkbun, LLC","whois.porkbun.com","http://porkbun.com","REDACTED FOR PRIVACY","Private by Design, LLC","REDACTED FOR PRIVACY","REDACTED FOR PRIVACY","NC","REDACTED FOR PRIVACY","United States","","REDACTED FOR PRIVACY","REDACTED FOR PRIVACY","","","","","","","","","","","","","","","","","","","","","","","","","","","","","","","","","","","addPeriod","clientDeleteProhibited","clientTransferProhibited",""
"55","staking.poker","2020-05-10 00:00:49","2020-05-07","2020-05-07","2021-05-07","1861","Porkbun, LLC","whois.porkbun.com","http://porkbun.com","Private by Design, LLC","Private by Design, LLC","","","NC","","United States","","","","","","","","","","","","","","","","","","","","","","","","","","","","","","","","","","ns13.knownsrv.com","ns14.knownsrv.com","","","addPeriod","clientDeleteProhibited","clientTransferProhibited","serverTransferProhibited"
"56","tozkahve.coffee","2020-05-09 20:34:07","2020-05-08","2020-05-08","2021-05-08","1861","Porkbun, LLC","whois.porkbun.com","http://porkbun.com","REDACTED FOR PRIVACY","Private by Design, LLC","REDACTED FOR PRIVACY","REDACTED FOR PRIVACY","NC","REDACTED FOR PRIVACY","United States","","REDACTED FOR PRIVACY","REDACTED FOR PRIVACY","","","","","","","","","","","","","","","","","","","","","","","","","","","","","","","","","","","addPeriod","clientDeleteProhibited","clientTransferProhibited",""
"57","turkkahve.coffee","2020-05-09 20:34:06","2020-05-08","2020-05-08","2021-05-08","1861","Porkbun, LLC","whois.porkbun.com","http://porkbun.com","REDACTED FOR PRIVACY","Private by Design, LLC","REDACTED FOR PRIVACY","REDACTED FOR PRIVACY","NC","REDACTED FOR PRIVACY","United States","","REDACTED FOR PRIVACY","REDACTED FOR PRIVACY","","","","","","","","","","","","","","","","","","","","","","","","","","","","","","","","","","","addPeriod","clientDeleteProhibited","clientTransferProhibited",""
"58","ucubirarada.coffee","2020-05-09 20:34:06","2020-05-08","2020-05-08","2021-05-08","1861","Porkbun, LLC","whois.porkbun.com","http://porkbun.com","REDACTED FOR PRIVACY","Private by Design, LLC","REDACTED FOR PRIVACY","REDACTED FOR PRIVACY","NC","REDACTED FOR PRIVACY","United States","","REDACTED FOR PRIVACY","REDACTED FOR PRIVACY","","","","","","","","","","","","","","","","","","","","","","","","","","","","","","","","","","","addPeriod","clientDeleteProhibited","clientTransferProhibited",""
"59","vipcoffee.coffee","2020-05-09 20:34:06","2020-05-08","2020-05-08","2021-05-08","1861","Porkbun, LLC","whois.porkbun.com","http://porkbun.com","REDACTED FOR PRIVACY","Private by Design, LLC","REDACTED FOR PRIVACY","REDACTED FOR PRIVACY","NC","REDACTED FOR PRIVACY","United States","","REDACTED FOR PRIVACY","REDACTED FOR PRIVACY","","","","","","","","","","","","","","","","","","","","","","","","","","","","","","","","","","","addPeriod","clientDeleteProhibited","clientTransferProhibited",""