"num","domain_name","query_time","create_date","update_date","expiry_date","domain_registrar_id","domain_registrar_name","domain_registrar_whois","domain_registrar_url","registrant_name","registrant_company","registrant_address","registrant_city","registrant_state","registrant_zip","registrant_country","registrant_email","registrant_phone","registrant_fax","administrative_name","administrative_company","administrative_address","administrative_city","administrative_state","administrative_zip","administrative_country","administrative_email","administrative_phone","administrative_fax","technical_name","technical_company","technical_address","technical_city","technical_state","technical_zip","technical_country","technical_email","technical_phone","technical_fax","billing_name","billing_company","billing_address","billing_city","billing_state","billing_zip","billing_country","billing_email","billing_phone","billing_fax","name_server_1","name_server_2","name_server_3","name_server_4","domain_status_1","domain_status_2","domain_status_3","domain_status_4"
"1","internationalviews.pro","2020-05-10 00:26:10","2020-05-08","2020-05-08","2021-05-08","463","Regional Network Information Center, JSC dba RU-CENTER","whois.nic.ru","http://www.nic.ru","Privacy protection service - whoisproxy.ru","Privacy protection service - whoisproxy.ru","","","Moscow","","Russian Federation","","","","","","","","","","","","","","","","","","","","","","","","","","","","","","","","","","ns1.netangels.ru","ns2.netangels.ru","ns3.netangels.ru","ns4.netangels.ru","addPeriod","clientTransferProhibited","serverTransferProhibited",""
"2","iseo.expert","2020-05-09 22:10:42","2020-05-07","2020-05-07","2021-05-07","463","Regional Network Information Center, JSC dba RU-CENTER","whois.nic.ru","http://www.nic.ru","REDACTED FOR PRIVACY","Tatyana A Pashkina","REDACTED FOR PRIVACY","REDACTED FOR PRIVACY","Moscow","REDACTED FOR PRIVACY","Russian Federation","","REDACTED FOR PRIVACY","REDACTED FOR PRIVACY","","","","","","","","","","","","","","","","","","","","","","","","","","","","","","","","","","","addPeriod","clientTransferProhibited","",""
"3","it-for-woman.club","2020-05-09 20:36:07","2020-05-07","2020-05-08","2021-05-07","463","Regional Network Information Center, JSC dba RU-CENTER","whois.nic.ru","http://www.nic.ru","Astahov Andrey Stanislavovich","Astahov Andrey Stanislavovich","","","g Moskva","","Russian Federation","","","","","","","","","","","","","","","","","","","","","","","","","","","","","","","","","","ns1.fornex.com","ns2.fornex.com","ns3.fornex.com","ns4.fornex.com","addPeriod","ok","",""
"4","kit-trade.net","2020-05-09 23:58:32","2020-05-08","","2021-05-07","463","Regional Network Information Center, JSC dba RU-CENTER","whois.nic.ru","http://www.nic.ru","Privacy protection service - whoisproxy.ru","Privacy protection service - whoisproxy.ru","PO box 99, whoisproxy.ru","Moscow","Moscow","123308","Russian Federation","kit-trade.net@whoisproxy.ru","+7.4957856536","","Privacy protection service - whoisproxy.ru","Privacy protection service - whoisproxy.ru","PO box 99, whoisproxy.ru","Moscow","Moscow","123308","Russian Federation","kit-trade.net@whoisproxy.ru","+7.4957856536","","Privacy protection service - whoisproxy.ru","Privacy protection service - whoisproxy.ru","PO box 99, whoisproxy.ru","Moscow","Moscow","123308","Russian Federation","kit-trade.net@whoisproxy.ru","+7.4957856536","","","","","","","","","","","","ns3.nic.ru","ns4.nic.ru","ns8.nic.ru","","clientTransferProhibited","","",""
"5","magistorium.club","2020-05-09 20:35:47","2020-05-07","2020-05-07","2021-05-07","463","Regional Network Information Center, JSC dba RU-CENTER","whois.nic.ru","http://www.nic.ru","Privacy protection service - whoisproxy.ru","Privacy protection service - whoisproxy.ru","","","Moscow","","Russian Federation","","","","","","","","","","","","","","","","","","","","","","","","","","","","","","","","","","statuspage1.nic.ru","statuspage2.nic.ru","","","addPeriod","clientTransferProhibited","",""
"6","mogila.expert","2020-05-09 22:10:42","2020-05-07","2020-05-07","2021-05-07","463","Regional Network Information Center, JSC dba RU-CENTER","whois.nic.ru","http://www.nic.ru","REDACTED FOR PRIVACY","Nikitin Dmitrii Vjacheslavovich","REDACTED FOR PRIVACY","REDACTED FOR PRIVACY","St. Petersburg","REDACTED FOR PRIVACY","Russian Federation","","REDACTED FOR PRIVACY","REDACTED FOR PRIVACY","","","","","","","","","","","","","","","","","","","","","","","","","","","","","","","","","","","addPeriod","clientTransferProhibited","",""
"7","myxyz.biz","2020-05-09 10:14:38","2020-04-30","2020-05-05","2021-04-30","463","Regional Network Information Center, JSC dba RU-CENTER","whois.nic.ru","http://www.nic.ru","Ibragim I Usmanov","Ibragim I Usmanov","","","Moskovskaya oblast","","Russian Federation","","","","","","","","","","","","","","","","","","","","","","","","","","","","","","","","","","statuspage1.nic.ru","statuspage2.nic.ru","","","clientTransferProhibited","","",""
"8","neofinetia.club","2020-05-09 20:35:30","2020-05-07","2020-05-07","2021-05-07","463","Regional Network Information Center, JSC dba RU-CENTER","whois.nic.ru","http://www.nic.ru","Andrey V Golikov","Andrey V Golikov","","","","","Russian Federation","","","","","","","","","","","","","","","","","","","","","","","","","","","","","","","","","","ns.majordomo.ru","ns2.majordomo.ru","ns3.majordomo.ru","","addPeriod","clientTransferProhibited","",""
"9","pesochnica.club","2020-05-09 20:35:19","2020-05-07","2020-05-07","2021-05-07","463","Regional Network Information Center, JSC dba RU-CENTER","whois.nic.ru","http://www.nic.ru","Privacy protection service - whoisproxy.ru","Privacy protection service - whoisproxy.ru","","","Moscow","","Russian Federation","","","","","","","","","","","","","","","","","","","","","","","","","","","","","","","","","","statuspage1.nic.ru","statuspage2.nic.ru","","","addPeriod","clientTransferProhibited","",""
"10","sibkamen.biz","2020-05-09 07:34:36","2020-05-07","2020-05-07","2021-05-07","463","Regional Network Information Center, JSC dba RU-CENTER","whois.nic.ru","http://www.nic.ru","Yuriy V Ladik","Yuriy V Ladik","","","Irkutskay obl.","","Russian Federation","","","","","","","","","","","","","","","","","","","","","","","","","","","","","","","","","","ns1.1gb.ru","ns2.1gb.ru","ns3.1gb-ru.com","","addPeriod","clientTransferProhibited","",""
"11","snt.club","2020-05-09 20:34:48","2020-05-07","2020-05-07","2021-05-07","463","Regional Network Information Center, JSC dba RU-CENTER","whois.nic.ru","http://www.nic.ru","Privacy protection service - whoisproxy.ru","Privacy protection service - whoisproxy.ru","","","Moscow","","Russian Federation","","","","","","","","","","","","","","","","","","","","","","","","","","","","","","","","","","statuspage1.nic.ru","statuspage2.nic.ru","","","addPeriod","clientTransferProhibited","",""
"12","tearooms.club","2020-05-09 20:34:41","2020-05-07","2020-05-07","2021-05-07","463","Regional Network Information Center, JSC dba RU-CENTER","whois.nic.ru","http://www.nic.ru","Golubkov Egor Romanovich","Golubkov Egor Romanovich","","","g Moskva","","Russian Federation","","","","","","","","","","","","","","","","","","","","","","","","","","","","","","","","","","ns3.nic.ru","ns4.nic.ru","ns8.nic.ru","","addPeriod","clientTransferProhibited","",""
"13","ugo42.club","2020-05-09 20:34:29","2020-05-07","2020-05-07","2021-05-07","463","Regional Network Information Center, JSC dba RU-CENTER","whois.nic.ru","http://www.nic.ru","MBU Upravlenie po delam grazhdanskoy oborony i chrezvychaynym situatsiyam goroda Kemerovo","MBU Upravlenie po delam grazhdanskoy oborony i chrezvychaynym situatsiyam goroda Kemerovo","","","","","Russian Federation","","","","","","","","","","","","","","","","","","","","","","","","","","","","","","","","","","ns1.spaceweb.ru","ns2.spaceweb.ru","ns3.spaceweb.pro","ns4.spaceweb.pro","addPeriod","clientTransferProhibited","",""
"14","vsemore.club","2020-05-09 20:34:25","2020-05-07","2020-05-07","2021-05-07","463","Regional Network Information Center, JSC dba RU-CENTER","whois.nic.ru","http://www.nic.ru","OOO STP-Lab","OOO STP-Lab","","","Mariy El","","Russian Federation","","","","","","","","","","","","","","","","","","","","","","","","","","","","","","","","","","statuspage1.nic.ru","statuspage2.nic.ru","","","addPeriod","clientTransferProhibited","",""