"num","domain_name","query_time","create_date","update_date","expiry_date","domain_registrar_id","domain_registrar_name","domain_registrar_whois","domain_registrar_url","registrant_name","registrant_company","registrant_address","registrant_city","registrant_state","registrant_zip","registrant_country","registrant_email","registrant_phone","registrant_fax","administrative_name","administrative_company","administrative_address","administrative_city","administrative_state","administrative_zip","administrative_country","administrative_email","administrative_phone","administrative_fax","technical_name","technical_company","technical_address","technical_city","technical_state","technical_zip","technical_country","technical_email","technical_phone","technical_fax","billing_name","billing_company","billing_address","billing_city","billing_state","billing_zip","billing_country","billing_email","billing_phone","billing_fax","name_server_1","name_server_2","name_server_3","name_server_4","domain_status_1","domain_status_2","domain_status_3","domain_status_4"
"1","k-2.agency","2020-05-09 14:50:43","2020-05-08","2020-05-08","2021-05-08","9","register.com, Inc.","whois.register.com","http://www.register.com","REDACTED FOR PRIVACY","SKD Publications","REDACTED FOR PRIVACY","REDACTED FOR PRIVACY","FL","REDACTED FOR PRIVACY","United States","","REDACTED FOR PRIVACY","REDACTED FOR PRIVACY","","","","","","","","","","","","","","","","","","","","","","","","","","","","","","","","","","","addPeriod","clientTransferProhibited","",""
"2","learnonline.solutions","2020-05-10 01:06:45","2020-05-07","2020-05-07","2021-05-07","9","register.com, Inc.","whois.register.com","http://www.register.com","REDACTED FOR PRIVACY","","REDACTED FOR PRIVACY","REDACTED FOR PRIVACY","FL","REDACTED FOR PRIVACY","United States","","REDACTED FOR PRIVACY","REDACTED FOR PRIVACY","","","","","","","","","","","","","","","","","","","","","","","","","","","","","","","","","","","addPeriod","clientTransferProhibited","",""
"3","mlcwellness.net","2020-05-09 23:56:58","2020-05-07","2020-05-07","2021-05-07","9","register.com, Inc.","whois.register.com","http://www.register.com","Sites LLC Support","Sites LLC","3010 Highland Parkway Suite 200","Downers Grove","IL","60515","United States","domains@therapysites.com","+1.8665972674","","Sites LLC Support","Sites LLC","3010 Highland Parkway Suite 200","Downers Grove","IL","60515","United States","domains@therapysites.com","+1.8665972674","","Sites LLC Support","Sites LLC","3010 Highland Parkway Suite 200","Downers Grove","IL","60515","United States","domains@therapysites.com","+1.8665972674","","","","","","","","","","","","lola.ns.cloudflare.com","skip.ns.cloudflare.com","","","clientTransferProhibited","","",""
"4","netlfixx.net","2020-05-09 23:56:33","2020-05-07","2020-05-07","2021-05-07","9","register.com, Inc.","whois.register.com","http://www.register.com","PERFECT PRIVACY, LLC","","5335 Gate Parkway","Jacksonville","FL","32256","United States","a8k7nkds6qick9a4dgnpovl26q@domaindiscreet.com","+1.9027492701","","PERFECT PRIVACY, LLC","","5335 Gate Parkway","Jacksonville","FL","32256","United States","a8k7nkds6qick9a4dgnpovl26q@domaindiscreet.com","+1.9027492701","","PERFECT PRIVACY, LLC","","5335 Gate Parkway","Jacksonville","FL","32256","United States","a8k7nkds6qick9a4dgnpovl26q@domaindiscreet.com","+1.9027492701","","","","","","","","","","","","dns1.register.com","dns2.register.com","","","clientTransferProhibited","","",""
"5","urbanairinsurance.biz","2020-05-09 04:54:04","2020-05-07","2020-05-07","2021-05-07","9","register.com, Inc.","whois.register.com","http://www.register.com","","","","","FL","","United States","","","","","","","","","","","","","","","","","","","","","","","","","","","","","","","","","","dns105.register.com","dns106.register.com","","","addPeriod","clientTransferProhibited","",""