"num","domain_name","query_time","create_date","update_date","expiry_date","domain_registrar_id","domain_registrar_name","domain_registrar_whois","domain_registrar_url","registrant_name","registrant_company","registrant_address","registrant_city","registrant_state","registrant_zip","registrant_country","registrant_email","registrant_phone","registrant_fax","administrative_name","administrative_company","administrative_address","administrative_city","administrative_state","administrative_zip","administrative_country","administrative_email","administrative_phone","administrative_fax","technical_name","technical_company","technical_address","technical_city","technical_state","technical_zip","technical_country","technical_email","technical_phone","technical_fax","billing_name","billing_company","billing_address","billing_city","billing_state","billing_zip","billing_country","billing_email","billing_phone","billing_fax","name_server_1","name_server_2","name_server_3","name_server_4","domain_status_1","domain_status_2","domain_status_3","domain_status_4"
"1","limpiezadealfombras.net","2020-05-09 23:57:49","2020-05-08","2020-05-08","2021-05-08","1383","Soluciones Corporativas IP, SLU","whois.scip.es","http://www.dondominio.com","REDACTED FOR PRIVACY","","REDACTED FOR PRIVACY","REDACTED FOR PRIVACY","Madrid","REDACTED FOR PRIVACY","Spain","","REDACTED FOR PRIVACY","REDACTED FOR PRIVACY","REDACTED FOR PRIVACY","REDACTED FOR PRIVACY","REDACTED FOR PRIVACY","REDACTED FOR PRIVACY","REDACTED FOR PRIVACY","REDACTED FOR PRIVACY","REDACTED FOR PRIVACY","","REDACTED FOR PRIVACY","REDACTED FOR PRIVACY","REDACTED FOR PRIVACY","REDACTED FOR PRIVACY","REDACTED FOR PRIVACY","REDACTED FOR PRIVACY","REDACTED FOR PRIVACY","REDACTED FOR PRIVACY","REDACTED FOR PRIVACY","","REDACTED FOR PRIVACY","REDACTED FOR PRIVACY","","","","","","","","","","","ns5151.webempresa.eu","ns5152.webempresa.eu","","","OK","","",""
"2","markuhost.net","2020-05-09 23:57:18","2020-05-07","2020-05-07","2021-05-07","1383","Soluciones Corporativas IP, SLU","whois.scip.es","http://www.dondominio.com","REDACTED FOR PRIVACY","","REDACTED FOR PRIVACY","REDACTED FOR PRIVACY","Barcelona","REDACTED FOR PRIVACY","Spain","","REDACTED FOR PRIVACY","REDACTED FOR PRIVACY","REDACTED FOR PRIVACY","REDACTED FOR PRIVACY","REDACTED FOR PRIVACY","REDACTED FOR PRIVACY","REDACTED FOR PRIVACY","REDACTED FOR PRIVACY","REDACTED FOR PRIVACY","","REDACTED FOR PRIVACY","REDACTED FOR PRIVACY","REDACTED FOR PRIVACY","REDACTED FOR PRIVACY","REDACTED FOR PRIVACY","REDACTED FOR PRIVACY","REDACTED FOR PRIVACY","REDACTED FOR PRIVACY","REDACTED FOR PRIVACY","","REDACTED FOR PRIVACY","REDACTED FOR PRIVACY","","","","","","","","","","","ns1.dondominio.com","ns2.dondominio.com","","","OK","","",""
"3","miretiro.pro","2020-05-10 00:33:34","2020-05-08","","2021-05-08","1383","Soluciones Corporativas IP, SLU","whois.scip.es","http://www.dondominio.com","","","","","Barcelona","","Spain","","","","","","","","","","","","","","","","","","","","","","","","","","","","","","","","","","ns1.dondominio.com","ns2.dondominio.com","","","addPeriod","serverTransferProhibited","",""
"4","obreco.pro","2020-05-10 00:38:27","2020-05-08","","2021-05-08","1383","Soluciones Corporativas IP, SLU","whois.scip.es","http://www.dondominio.com","","","","","ALMERIA","","Spain","","","","","","","","","","","","","","","","","","","","","","","","","","","","","","","","","","ns1.dondominio.com","ns2.dondominio.com","","","addPeriod","serverTransferProhibited","",""
"5","paradesinfectar.net","2020-05-09 23:56:00","2020-05-08","2020-05-08","2021-05-08","1383","Soluciones Corporativas IP, SLU","whois.scip.es","http://www.dondominio.com","Redacted for privacy","","Redacted for privacy","Redacted for privacy","Palmas (Las)","Redacted for privacy","Spain","","Redacted for privacy","Redacted for privacy","REDACTED FOR PRIVACY","REDACTED FOR PRIVACY","REDACTED FOR PRIVACY","REDACTED FOR PRIVACY","REDACTED FOR PRIVACY","REDACTED FOR PRIVACY","REDACTED FOR PRIVACY","","REDACTED FOR PRIVACY","REDACTED FOR PRIVACY","REDACTED FOR PRIVACY","REDACTED FOR PRIVACY","REDACTED FOR PRIVACY","REDACTED FOR PRIVACY","REDACTED FOR PRIVACY","REDACTED FOR PRIVACY","REDACTED FOR PRIVACY","","REDACTED FOR PRIVACY","REDACTED FOR PRIVACY","","","","","","","","","","","dns1.raiolanetworks.es","dns2.raiolanetworks.es","dns3.raiolanetworks.es","","OK","","",""
"6","patentado.net","2020-05-09 23:55:59","2020-05-08","2020-05-08","2021-05-08","1383","Soluciones Corporativas IP, SLU","whois.scip.es","http://www.dondominio.com","Whois Privacy Service Protects this domain","Soluciones Corporativas IP, c/o Whois Proxy","C/ Menestrals 14","Manacor","Illes Balears","07500","Spain","patentado.net@whoisprivacycontact.com","+34.871987733","+34.871986601","Whois Privacy Service Protects this domain","Soluciones Corporativas IP, c/o Whois Proxy","C/ Menestrals 14","Manacor","Illes Balears","07500","Spain","patentado.net@whoisprivacycontact.com","+34.871987733","+34.871986601","Whois Privacy Service Protects this domain","Soluciones Corporativas IP, c/o Whois Proxy","C/ Menestrals 14","Manacor","Illes Balears","07500","Spain","patentado.net@whoisprivacycontact.com","+34.871987733","+34.871986601","","","","","","","","","","","europe2722.banahosting.com","europe2723.banahosting.com","","","OK","","",""
"7","programascecotec.net","2020-05-09 23:55:57","2020-05-08","2020-05-08","2021-05-08","1383","Soluciones Corporativas IP, SLU","whois.scip.es","http://www.dondominio.com","Redacted for privacy","Cecotec Innovaciones SL","Redacted for privacy","Redacted for privacy","Valencia","Redacted for privacy","Spain","","Redacted for privacy","Redacted for privacy","REDACTED FOR PRIVACY","REDACTED FOR PRIVACY","REDACTED FOR PRIVACY","REDACTED FOR PRIVACY","REDACTED FOR PRIVACY","REDACTED FOR PRIVACY","REDACTED FOR PRIVACY","","REDACTED FOR PRIVACY","REDACTED FOR PRIVACY","REDACTED FOR PRIVACY","REDACTED FOR PRIVACY","REDACTED FOR PRIVACY","REDACTED FOR PRIVACY","REDACTED FOR PRIVACY","REDACTED FOR PRIVACY","REDACTED FOR PRIVACY","","REDACTED FOR PRIVACY","REDACTED FOR PRIVACY","","","","","","","","","","","ns1.dondominio.com","ns2.dondominio.com","","","OK","","",""
"8","seotools.pro","2020-05-10 00:47:14","2020-05-08","2020-05-08","2021-05-08","1383","Soluciones Corporativas IP, SLU","whois.scip.es","http://www.dondominio.com","Soluciones Corporativas IP, c/o Whois Proxy","Soluciones Corporativas IP, c/o Whois Proxy","","","Illes Balears","","Spain","","","","","","","","","","","","","","","","","","","","","","","","","","","","","","","","","","ben.ns.cloudflare.com","jean.ns.cloudflare.com","","","addPeriod","serverTransferProhibited","",""
"9","virtualcc.events","2020-05-09 22:10:45","2020-05-07","2020-05-07","2021-05-07","1383","Soluciones Corporativas IP, SLU","whois.scip.es","http://www.dondominio.com","REDACTED FOR PRIVACY","Soluciones Corporativas IP, c/o Whois Proxy","REDACTED FOR PRIVACY","REDACTED FOR PRIVACY","Illes Balears","REDACTED FOR PRIVACY","Spain","","REDACTED FOR PRIVACY","REDACTED FOR PRIVACY","","","","","","","","","","","","","","","","","","","","","","","","","","","","","","","","","","","addPeriod","clientTransferProhibited","",""