"num","domain_name","query_time","create_date","update_date","expiry_date","domain_registrar_id","domain_registrar_name","domain_registrar_whois","domain_registrar_url","registrant_name","registrant_company","registrant_address","registrant_city","registrant_state","registrant_zip","registrant_country","registrant_email","registrant_phone","registrant_fax","administrative_name","administrative_company","administrative_address","administrative_city","administrative_state","administrative_zip","administrative_country","administrative_email","administrative_phone","administrative_fax","technical_name","technical_company","technical_address","technical_city","technical_state","technical_zip","technical_country","technical_email","technical_phone","technical_fax","billing_name","billing_company","billing_address","billing_city","billing_state","billing_zip","billing_country","billing_email","billing_phone","billing_fax","name_server_1","name_server_2","name_server_3","name_server_4","domain_status_1","domain_status_2","domain_status_3","domain_status_4"
"1","kazimir-advisors.net","2020-05-09 23:58:43","2020-05-07","2020-05-07","2021-05-07","86","TierraNet Inc. d/b/a DomainDiscover","whois.domaindiscover.com","http://www.domaindiscover.com","Whois Privacy Service","Whois Privacy Service","PO BOX 501610","San Diego","CA","92150-1610","United States","whois@emailaddressprotection.com","+1.6193932111","","Whois Privacy Service","Whois Privacy Service","PO BOX 501610","San Diego","CA","92150-1610","United States","whois@emailaddressprotection.com","+1.6193932111","","Whois Privacy Service","Whois Privacy Service","PO BOX 501610","San Diego","CA","92150-1610","United States","whois@emailaddressprotection.com","+1.6193932111","","","","","","","","","","","","ns1.domaindiscover.com","ns2.domaindiscover.com","","","clientTransferProhibited","","",""
"2","kazimiradvisors.net","2020-05-09 23:58:43","2020-05-07","2020-05-07","2021-05-07","86","TierraNet Inc. d/b/a DomainDiscover","whois.domaindiscover.com","http://www.domaindiscover.com","Whois Privacy Service","Whois Privacy Service","PO BOX 501610","San Diego","CA","92150-1610","United States","whois@emailaddressprotection.com","+1.6193932111","","Whois Privacy Service","Whois Privacy Service","PO BOX 501610","San Diego","CA","92150-1610","United States","whois@emailaddressprotection.com","+1.6193932111","","Whois Privacy Service","Whois Privacy Service","PO BOX 501610","San Diego","CA","92150-1610","United States","whois@emailaddressprotection.com","+1.6193932111","","","","","","","","","","","","ns1.domaindiscover.com","ns2.domaindiscover.com","","","clientTransferProhibited","","",""
"3","lockington-advisors.net","2020-05-09 23:57:42","2020-05-07","2020-05-07","2021-05-07","86","TierraNet Inc. d/b/a DomainDiscover","whois.domaindiscover.com","http://www.domaindiscover.com","Whois Privacy Service","Whois Privacy Service","PO BOX 501610","San Diego","CA","92150-1610","United States","whois@emailaddressprotection.com","+1.6193932111","","Whois Privacy Service","Whois Privacy Service","PO BOX 501610","San Diego","CA","92150-1610","United States","whois@emailaddressprotection.com","+1.6193932111","","Whois Privacy Service","Whois Privacy Service","PO BOX 501610","San Diego","CA","92150-1610","United States","whois@emailaddressprotection.com","+1.6193932111","","","","","","","","","","","","ns1.domaindiscover.com","ns2.domaindiscover.com","","","clientTransferProhibited","","",""
"4","lockington-africa.net","2020-05-09 23:57:41","2020-05-07","2020-05-07","2021-05-07","86","TierraNet Inc. d/b/a DomainDiscover","whois.domaindiscover.com","http://www.domaindiscover.com","Whois Privacy Service","Whois Privacy Service","PO BOX 501610","San Diego","CA","92150-1610","United States","whois@emailaddressprotection.com","+1.6193932111","","Whois Privacy Service","Whois Privacy Service","PO BOX 501610","San Diego","CA","92150-1610","United States","whois@emailaddressprotection.com","+1.6193932111","","Whois Privacy Service","Whois Privacy Service","PO BOX 501610","San Diego","CA","92150-1610","United States","whois@emailaddressprotection.com","+1.6193932111","","","","","","","","","","","","ns1.domaindiscover.com","ns2.domaindiscover.com","","","clientTransferProhibited","","",""
"5","lockington-capital.net","2020-05-09 23:57:41","2020-05-07","2020-05-07","2021-05-07","86","TierraNet Inc. d/b/a DomainDiscover","whois.domaindiscover.com","http://www.domaindiscover.com","Whois Privacy Service","Whois Privacy Service","PO BOX 501610","San Diego","CA","92150-1610","United States","whois@emailaddressprotection.com","+1.6193932111","","Whois Privacy Service","Whois Privacy Service","PO BOX 501610","San Diego","CA","92150-1610","United States","whois@emailaddressprotection.com","+1.6193932111","","Whois Privacy Service","Whois Privacy Service","PO BOX 501610","San Diego","CA","92150-1610","United States","whois@emailaddressprotection.com","+1.6193932111","","","","","","","","","","","","ns1.domaindiscover.com","ns2.domaindiscover.com","","","clientTransferProhibited","","",""
"6","lockington-corp.net","2020-05-09 23:57:41","2020-05-07","2020-05-07","2021-05-07","86","TierraNet Inc. d/b/a DomainDiscover","whois.domaindiscover.com","http://www.domaindiscover.com","Whois Privacy Service","Whois Privacy Service","PO BOX 501610","San Diego","CA","92150-1610","United States","whois@emailaddressprotection.com","+1.6193932111","","Whois Privacy Service","Whois Privacy Service","PO BOX 501610","San Diego","CA","92150-1610","United States","whois@emailaddressprotection.com","+1.6193932111","","Whois Privacy Service","Whois Privacy Service","PO BOX 501610","San Diego","CA","92150-1610","United States","whois@emailaddressprotection.com","+1.6193932111","","","","","","","","","","","","ns1.domaindiscover.com","ns2.domaindiscover.com","","","clientTransferProhibited","","",""
"7","lockington-group.net","2020-05-09 23:57:40","2020-05-07","2020-05-07","2021-05-07","86","TierraNet Inc. d/b/a DomainDiscover","whois.domaindiscover.com","http://www.domaindiscover.com","Whois Privacy Service","Whois Privacy Service","PO BOX 501610","San Diego","CA","92150-1610","United States","whois@emailaddressprotection.com","+1.6193932111","","Whois Privacy Service","Whois Privacy Service","PO BOX 501610","San Diego","CA","92150-1610","United States","whois@emailaddressprotection.com","+1.6193932111","","Whois Privacy Service","Whois Privacy Service","PO BOX 501610","San Diego","CA","92150-1610","United States","whois@emailaddressprotection.com","+1.6193932111","","","","","","","","","","","","ns1.domaindiscover.com","ns2.domaindiscover.com","","","clientTransferProhibited","","",""
"8","lockington-holding.net","2020-05-09 23:57:41","2020-05-07","2020-05-07","2021-05-07","86","TierraNet Inc. d/b/a DomainDiscover","whois.domaindiscover.com","http://www.domaindiscover.com","Whois Privacy Service","Whois Privacy Service","PO BOX 501610","San Diego","CA","92150-1610","United States","whois@emailaddressprotection.com","+1.6193932111","","Whois Privacy Service","Whois Privacy Service","PO BOX 501610","San Diego","CA","92150-1610","United States","whois@emailaddressprotection.com","+1.6193932111","","Whois Privacy Service","Whois Privacy Service","PO BOX 501610","San Diego","CA","92150-1610","United States","whois@emailaddressprotection.com","+1.6193932111","","","","","","","","","","","","ns1.domaindiscover.com","ns2.domaindiscover.com","","","clientTransferProhibited","","",""
"9","lockington-holdings.net","2020-05-09 23:57:40","2020-05-07","2020-05-07","2021-05-07","86","TierraNet Inc. d/b/a DomainDiscover","whois.domaindiscover.com","http://www.domaindiscover.com","Whois Privacy Service","Whois Privacy Service","PO BOX 501610","San Diego","CA","92150-1610","United States","whois@emailaddressprotection.com","+1.6193932111","","Whois Privacy Service","Whois Privacy Service","PO BOX 501610","San Diego","CA","92150-1610","United States","whois@emailaddressprotection.com","+1.6193932111","","Whois Privacy Service","Whois Privacy Service","PO BOX 501610","San Diego","CA","92150-1610","United States","whois@emailaddressprotection.com","+1.6193932111","","","","","","","","","","","","ns1.domaindiscover.com","ns2.domaindiscover.com","","","clientTransferProhibited","","",""
"10","lockington-partners.net","2020-05-09 23:57:40","2020-05-07","2020-05-07","2021-05-07","86","TierraNet Inc. d/b/a DomainDiscover","whois.domaindiscover.com","http://www.domaindiscover.com","Whois Privacy Service","Whois Privacy Service","PO BOX 501610","San Diego","CA","92150-1610","United States","whois@emailaddressprotection.com","+1.6193932111","","Whois Privacy Service","Whois Privacy Service","PO BOX 501610","San Diego","CA","92150-1610","United States","whois@emailaddressprotection.com","+1.6193932111","","Whois Privacy Service","Whois Privacy Service","PO BOX 501610","San Diego","CA","92150-1610","United States","whois@emailaddressprotection.com","+1.6193932111","","","","","","","","","","","","ns1.domaindiscover.com","ns2.domaindiscover.com","","","clientTransferProhibited","","",""
"11","lockingtonadvisors.net","2020-05-09 23:57:40","2020-05-07","2020-05-07","2021-05-07","86","TierraNet Inc. d/b/a DomainDiscover","whois.domaindiscover.com","http://www.domaindiscover.com","Whois Privacy Service","Whois Privacy Service","PO BOX 501610","San Diego","CA","92150-1610","United States","whois@emailaddressprotection.com","+1.6193932111","","Whois Privacy Service","Whois Privacy Service","PO BOX 501610","San Diego","CA","92150-1610","United States","whois@emailaddressprotection.com","+1.6193932111","","Whois Privacy Service","Whois Privacy Service","PO BOX 501610","San Diego","CA","92150-1610","United States","whois@emailaddressprotection.com","+1.6193932111","","","","","","","","","","","","ns1.domaindiscover.com","ns2.domaindiscover.com","","","clientTransferProhibited","","",""
"12","lockingtonafrica.net","2020-05-09 23:57:40","2020-05-07","2020-05-07","2021-05-07","86","TierraNet Inc. d/b/a DomainDiscover","whois.domaindiscover.com","http://www.domaindiscover.com","Whois Privacy Service","Whois Privacy Service","PO BOX 501610","San Diego","CA","92150-1610","United States","whois@emailaddressprotection.com","+1.6193932111","","Whois Privacy Service","Whois Privacy Service","PO BOX 501610","San Diego","CA","92150-1610","United States","whois@emailaddressprotection.com","+1.6193932111","","Whois Privacy Service","Whois Privacy Service","PO BOX 501610","San Diego","CA","92150-1610","United States","whois@emailaddressprotection.com","+1.6193932111","","","","","","","","","","","","ns1.domaindiscover.com","ns2.domaindiscover.com","","","clientTransferProhibited","","",""
"13","lockingtoncapital.net","2020-05-09 23:57:40","2020-05-07","2020-05-07","2021-05-07","86","TierraNet Inc. d/b/a DomainDiscover","whois.domaindiscover.com","http://www.domaindiscover.com","Whois Privacy Service","Whois Privacy Service","PO BOX 501610","San Diego","CA","92150-1610","United States","whois@emailaddressprotection.com","+1.6193932111","","Whois Privacy Service","Whois Privacy Service","PO BOX 501610","San Diego","CA","92150-1610","United States","whois@emailaddressprotection.com","+1.6193932111","","Whois Privacy Service","Whois Privacy Service","PO BOX 501610","San Diego","CA","92150-1610","United States","whois@emailaddressprotection.com","+1.6193932111","","","","","","","","","","","","ns1.domaindiscover.com","ns2.domaindiscover.com","","","clientTransferProhibited","","",""
"14","lockingtoncapitalmanagement.net","2020-05-09 23:57:41","2020-05-07","2020-05-07","2021-05-07","86","TierraNet Inc. d/b/a DomainDiscover","whois.domaindiscover.com","http://www.domaindiscover.com","Whois Privacy Service","Whois Privacy Service","PO BOX 501610","San Diego","CA","92150-1610","United States","whois@emailaddressprotection.com","+1.6193932111","","Whois Privacy Service","Whois Privacy Service","PO BOX 501610","San Diego","CA","92150-1610","United States","whois@emailaddressprotection.com","+1.6193932111","","Whois Privacy Service","Whois Privacy Service","PO BOX 501610","San Diego","CA","92150-1610","United States","whois@emailaddressprotection.com","+1.6193932111","","","","","","","","","","","","ns1.domaindiscover.com","ns2.domaindiscover.com","","","clientTransferProhibited","","",""
"15","lockingtonfund.net","2020-05-09 23:57:39","2020-05-07","2020-05-07","2021-05-07","86","TierraNet Inc. d/b/a DomainDiscover","whois.domaindiscover.com","http://www.domaindiscover.com","Whois Privacy Service","Whois Privacy Service","PO BOX 501610","San Diego","CA","92150-1610","United States","whois@emailaddressprotection.com","+1.6193932111","","Whois Privacy Service","Whois Privacy Service","PO BOX 501610","San Diego","CA","92150-1610","United States","whois@emailaddressprotection.com","+1.6193932111","","Whois Privacy Service","Whois Privacy Service","PO BOX 501610","San Diego","CA","92150-1610","United States","whois@emailaddressprotection.com","+1.6193932111","","","","","","","","","","","","ns1.domaindiscover.com","ns2.domaindiscover.com","","","clientTransferProhibited","","",""
"16","lockingtonfunds.net","2020-05-09 23:57:40","2020-05-07","2020-05-07","2021-05-07","86","TierraNet Inc. d/b/a DomainDiscover","whois.domaindiscover.com","http://www.domaindiscover.com","Whois Privacy Service","Whois Privacy Service","PO BOX 501610","San Diego","CA","92150-1610","United States","whois@emailaddressprotection.com","+1.6193932111","","Whois Privacy Service","Whois Privacy Service","PO BOX 501610","San Diego","CA","92150-1610","United States","whois@emailaddressprotection.com","+1.6193932111","","Whois Privacy Service","Whois Privacy Service","PO BOX 501610","San Diego","CA","92150-1610","United States","whois@emailaddressprotection.com","+1.6193932111","","","","","","","","","","","","ns1.domaindiscover.com","ns2.domaindiscover.com","","","clientTransferProhibited","","",""
"17","lockingtongroup.net","2020-05-09 23:57:40","2020-05-07","2020-05-07","2021-05-07","86","TierraNet Inc. d/b/a DomainDiscover","whois.domaindiscover.com","http://www.domaindiscover.com","Whois Privacy Service","Whois Privacy Service","PO BOX 501610","San Diego","CA","92150-1610","United States","whois@emailaddressprotection.com","+1.6193932111","","Whois Privacy Service","Whois Privacy Service","PO BOX 501610","San Diego","CA","92150-1610","United States","whois@emailaddressprotection.com","+1.6193932111","","Whois Privacy Service","Whois Privacy Service","PO BOX 501610","San Diego","CA","92150-1610","United States","whois@emailaddressprotection.com","+1.6193932111","","","","","","","","","","","","ns1.domaindiscover.com","ns2.domaindiscover.com","","","clientTransferProhibited","","",""
"18","lockingtonholding.net","2020-05-09 23:57:39","2020-05-07","2020-05-07","2021-05-07","86","TierraNet Inc. d/b/a DomainDiscover","whois.domaindiscover.com","http://www.domaindiscover.com","Whois Privacy Service","Whois Privacy Service","PO BOX 501610","San Diego","CA","92150-1610","United States","whois@emailaddressprotection.com","+1.6193932111","","Whois Privacy Service","Whois Privacy Service","PO BOX 501610","San Diego","CA","92150-1610","United States","whois@emailaddressprotection.com","+1.6193932111","","Whois Privacy Service","Whois Privacy Service","PO BOX 501610","San Diego","CA","92150-1610","United States","whois@emailaddressprotection.com","+1.6193932111","","","","","","","","","","","","ns1.domaindiscover.com","ns2.domaindiscover.com","","","clientTransferProhibited","","",""
"19","lockingtoninc.net","2020-05-09 23:57:40","2020-05-07","2020-05-07","2021-05-07","86","TierraNet Inc. d/b/a DomainDiscover","whois.domaindiscover.com","http://www.domaindiscover.com","Whois Privacy Service","Whois Privacy Service","PO BOX 501610","San Diego","CA","92150-1610","United States","whois@emailaddressprotection.com","+1.6193932111","","Whois Privacy Service","Whois Privacy Service","PO BOX 501610","San Diego","CA","92150-1610","United States","whois@emailaddressprotection.com","+1.6193932111","","Whois Privacy Service","Whois Privacy Service","PO BOX 501610","San Diego","CA","92150-1610","United States","whois@emailaddressprotection.com","+1.6193932111","","","","","","","","","","","","ns1.domaindiscover.com","ns2.domaindiscover.com","","","clientTransferProhibited","","",""
"20","lockingtoninvestment.net","2020-05-09 23:57:39","2020-05-07","2020-05-07","2021-05-07","86","TierraNet Inc. d/b/a DomainDiscover","whois.domaindiscover.com","http://www.domaindiscover.com","Whois Privacy Service","Whois Privacy Service","PO BOX 501610","San Diego","CA","92150-1610","United States","whois@emailaddressprotection.com","+1.6193932111","","Whois Privacy Service","Whois Privacy Service","PO BOX 501610","San Diego","CA","92150-1610","United States","whois@emailaddressprotection.com","+1.6193932111","","Whois Privacy Service","Whois Privacy Service","PO BOX 501610","San Diego","CA","92150-1610","United States","whois@emailaddressprotection.com","+1.6193932111","","","","","","","","","","","","ns1.domaindiscover.com","ns2.domaindiscover.com","","","clientTransferProhibited","","",""
"21","lockingtonpartners.net","2020-05-09 23:57:39","2020-05-07","2020-05-07","2021-05-07","86","TierraNet Inc. d/b/a DomainDiscover","whois.domaindiscover.com","http://www.domaindiscover.com","Whois Privacy Service","Whois Privacy Service","PO BOX 501610","San Diego","CA","92150-1610","United States","whois@emailaddressprotection.com","+1.6193932111","","Whois Privacy Service","Whois Privacy Service","PO BOX 501610","San Diego","CA","92150-1610","United States","whois@emailaddressprotection.com","+1.6193932111","","Whois Privacy Service","Whois Privacy Service","PO BOX 501610","San Diego","CA","92150-1610","United States","whois@emailaddressprotection.com","+1.6193932111","","","","","","","","","","","","ns1.domaindiscover.com","ns2.domaindiscover.com","","","clientTransferProhibited","","",""