"num","domain_name","query_time","create_date","update_date","expiry_date","domain_registrar_id","domain_registrar_name","domain_registrar_whois","domain_registrar_url","registrant_name","registrant_company","registrant_address","registrant_city","registrant_state","registrant_zip","registrant_country","registrant_email","registrant_phone","registrant_fax","administrative_name","administrative_company","administrative_address","administrative_city","administrative_state","administrative_zip","administrative_country","administrative_email","administrative_phone","administrative_fax","technical_name","technical_company","technical_address","technical_city","technical_state","technical_zip","technical_country","technical_email","technical_phone","technical_fax","billing_name","billing_company","billing_address","billing_city","billing_state","billing_zip","billing_country","billing_email","billing_phone","billing_fax","name_server_1","name_server_2","name_server_3","name_server_4","domain_status_1","domain_status_2","domain_status_3","domain_status_4"
"1","auth-series.com","2020-05-09 06:54:17","2020-05-09","2020-05-09","2021-05-09","69","Tucows Domains Inc.","whois.tucows.com","http://domainhelp.opensrs.net","Contact Privacy Inc. Customer 0157868890","Contact Privacy Inc. Customer 0157868890","96 Mowat Ave","Toronto","ON","M6K 3M1","Canada","auth-series.com@contactprivacy.com","+1.4165385457","","Contact Privacy Inc. Customer 0157868890","Contact Privacy Inc. Customer 0157868890","96 Mowat Ave","Toronto","ON","M6K 3M1","Canada","auth-series.com@contactprivacy.com","+1.4165385457","","Contact Privacy Inc. Customer 0157868890","Contact Privacy Inc. Customer 0157868890","96 Mowat Ave","Toronto","ON","M6K 3M1","Canada","auth-series.com@contactprivacy.com","+1.4165385457","","","","","","","","","","","","ns1.hover.com","ns2.hover.com","","","clientTransferProhibited","clientUpdateProhibited","",""
"2","bullybuilder.com","2020-05-09 14:31:04","2020-04-30","2020-05-05","2021-04-30","69","Tucows Domains Inc.","whois.tucows.com","http://domainhelp.opensrs.net","Contact Privacy Inc. Customer 0157761340","Contact Privacy Inc. Customer 0157761340","96 Mowat Ave","Toronto","ON","M6K 3M1","Canada","bullybuilder.com@contactprivacy.com","+1.4165385457","","Contact Privacy Inc. Customer 0157761340","Contact Privacy Inc. Customer 0157761340","96 Mowat Ave","Toronto","ON","M6K 3M1","Canada","bullybuilder.com@contactprivacy.com","+1.4165385457","","Contact Privacy Inc. Customer 0157761340","Contact Privacy Inc. Customer 0157761340","96 Mowat Ave","Toronto","ON","M6K 3M1","Canada","bullybuilder.com@contactprivacy.com","+1.4165385457","","","","","","","","","","","","ns15.above.com","ns16.above.com","","","","","",""
"3","chototquangbinh.com","2020-05-05 20:33:17","2020-05-03","2020-05-03","2021-05-03","69","Tucows Domains Inc.","whois.tucows.com","http://domainhelp.opensrs.net","Contact Privacy Inc. Customer 0157797309","Contact Privacy Inc. Customer 0157797309","96 Mowat Ave","Toronto","ON","M6K 3M1","Canada","chototquangbinh.com@contactprivacy.com","+1.4165385457","","Contact Privacy Inc. Customer 0157797309","Contact Privacy Inc. Customer 0157797309","96 Mowat Ave","Toronto","ON","M6K 3M1","Canada","chototquangbinh.com@contactprivacy.com","+1.4165385457","","Contact Privacy Inc. Customer 0157797309","Contact Privacy Inc. Customer 0157797309","96 Mowat Ave","Toronto","ON","M6K 3M1","Canada","chototquangbinh.com@contactprivacy.com","+1.4165385457","","","","","","","","","","","","ns1.systemdns.com","ns2.systemdns.com","ns3.systemdns.com","","clientTransferProhibited","clientUpdateProhibited","",""
"4","cloudfreeapp.com","2020-05-09 18:14:41","2020-05-09","2020-05-09","2021-05-09","69","Tucows Domains Inc.","whois.tucows.com","http://domainhelp.opensrs.net","REDACTED FOR PRIVACY","REDACTED FOR PRIVACY","REDACTED FOR PRIVACY","REDACTED FOR PRIVACY","CA","REDACTED FOR PRIVACY","United States","","REDACTED FOR PRIVACY","REDACTED FOR PRIVACY","REDACTED FOR PRIVACY","REDACTED FOR PRIVACY","REDACTED FOR PRIVACY","REDACTED FOR PRIVACY","REDACTED FOR PRIVACY","REDACTED FOR PRIVACY","REDACTED FOR PRIVACY","","REDACTED FOR PRIVACY","REDACTED FOR PRIVACY","REDACTED FOR PRIVACY","REDACTED FOR PRIVACY","REDACTED FOR PRIVACY","REDACTED FOR PRIVACY","REDACTED FOR PRIVACY","REDACTED FOR PRIVACY","REDACTED FOR PRIVACY","","REDACTED FOR PRIVACY","REDACTED FOR PRIVACY","","","","","","","","","","","ns1.cloudfreeapp.com","ns2.cloudfreeapp.com","","","","","",""
"5","democratic.coffee","2020-05-09 20:34:09","2020-05-07","2020-05-07","2021-05-07","69","Tucows Domains Inc.","whois.tucows.com","http://domainhelp.opensrs.net","REDACTED FOR PRIVACY","","REDACTED FOR PRIVACY","REDACTED FOR PRIVACY","NRW","REDACTED FOR PRIVACY","Germany","","REDACTED FOR PRIVACY","REDACTED FOR PRIVACY","","","","","","","","","","","","","","","","","","","","","","","","","","","","","","","","","","","addPeriod","","",""
"6","fara.center","2020-05-09 20:22:07","2020-05-08","2020-05-08","2024-05-08","69","Tucows Domains Inc.","whois.tucows.com","http://domainhelp.opensrs.net","REDACTED FOR PRIVACY","Data Protected","REDACTED FOR PRIVACY","REDACTED FOR PRIVACY","ON","REDACTED FOR PRIVACY","Canada","","REDACTED FOR PRIVACY","REDACTED FOR PRIVACY","","","","","","","","","","","","","","","","","","","","","","","","","","","","","","","","","","","addPeriod","clientTransferProhibited","clientUpdateProhibited",""
"7","fmei.email","2020-05-09 21:57:26","2020-05-08","2020-05-08","2021-05-08","69","Tucows Domains Inc.","whois.tucows.com","http://domainhelp.opensrs.net","REDACTED FOR PRIVACY","Data Protected","REDACTED FOR PRIVACY","REDACTED FOR PRIVACY","ON","REDACTED FOR PRIVACY","Canada","","REDACTED FOR PRIVACY","REDACTED FOR PRIVACY","","","","","","","","","","","","","","","","","","","","","","","","","","","","","","","","","","","addPeriod","clientTransferProhibited","clientUpdateProhibited",""
"8","francescomei.email","2020-05-09 21:55:54","2020-05-08","2020-05-08","2021-05-08","69","Tucows Domains Inc.","whois.tucows.com","http://domainhelp.opensrs.net","REDACTED FOR PRIVACY","Data Protected","REDACTED FOR PRIVACY","REDACTED FOR PRIVACY","ON","REDACTED FOR PRIVACY","Canada","","REDACTED FOR PRIVACY","REDACTED FOR PRIVACY","","","","","","","","","","","","","","","","","","","","","","","","","","","","","","","","","","","addPeriod","clientTransferProhibited","clientUpdateProhibited",""
"9","griffati.biz","2020-05-09 17:12:34","2020-04-30","2020-05-05","2021-04-30","69","Tucows Domains Inc.","whois.tucows.com","http://domainhelp.opensrs.net","Data Protected","Data Protected","","","ON","","Canada","","","","","","","","","","","","","","","","","","","","","","","","","","","","","","","","","","dns.technorail.com","dns2.technorail.com","dns3.arubadns.net","dns4.arubadns.cz","clientTransferProhibited","clientUpdateProhibited","",""
"10","herbanbloom.farm","2020-05-09 22:13:55","2020-05-08","2020-05-08","2021-05-08","69","Tucows Domains Inc.","whois.tucows.com","http://domainhelp.opensrs.net","REDACTED FOR PRIVACY","Contact Privacy Inc. Customer 0157858452","REDACTED FOR PRIVACY","REDACTED FOR PRIVACY","ON","REDACTED FOR PRIVACY","Canada","","REDACTED FOR PRIVACY","REDACTED FOR PRIVACY","","","","","","","","","","","","","","","","","","","","","","","","","","","","","","","","","","","addPeriod","clientTransferProhibited","clientUpdateProhibited",""
"11","indegoextensions.com","2020-05-09 13:49:11","2020-05-06","2020-05-06","2021-05-06","69","Tucows Domains Inc.","whois.tucows.com","http://domainhelp.opensrs.net","Contact Privacy Inc. Customer 0157829495","Contact Privacy Inc. Customer 0157829495","96 Mowat Ave","Toronto","ON","M6K 3M1","Canada","indegoextensions.com@contactprivacy.com","+1.4165385457","","Contact Privacy Inc. Customer 0157829495","Contact Privacy Inc. Customer 0157829495","96 Mowat Ave","Toronto","ON","M6K 3M1","Canada","indegoextensions.com@contactprivacy.com","+1.4165385457","","Contact Privacy Inc. Customer 0157829495","Contact Privacy Inc. Customer 0157829495","96 Mowat Ave","Toronto","ON","M6K 3M1","Canada","indegoextensions.com@contactprivacy.com","+1.4165385457","","","","","","","","","","","","ns-cloud-e1.googledomains.com","ns-cloud-e2.googledomains.com","ns-cloud-e3.googledomains.com","ns-cloud-e4.googledomains.com","clientTransferProhibited","clientUpdateProhibited","",""
"12","inventrack.pro","2020-05-10 00:25:54","2020-05-08","2020-05-08","2021-05-08","69","Tucows Domains Inc.","whois.tucows.com","http://domainhelp.opensrs.net","Data Protected","Data Protected","","","ON","","Canada","","","","","","","","","","","","","","","","","","","","","","","","","","","","","","","","","","ns.hostland.ru","ns3.hostland.ru","","","addPeriod","serverTransferProhibited","",""
"13","iptvanacondatv.net","2020-05-09 23:59:28","2020-05-07","2020-05-07","2021-05-07","69","Tucows Domains Inc.","whois.tucows.com","http://domainhelp.opensrs.net","REDACTED FOR PRIVACY","REDACTED FOR PRIVACY","REDACTED FOR PRIVACY","REDACTED FOR PRIVACY","Charlestown","REDACTED FOR PRIVACY","Saint Kitts and Nevis","","REDACTED FOR PRIVACY","REDACTED FOR PRIVACY","REDACTED FOR PRIVACY","REDACTED FOR PRIVACY","REDACTED FOR PRIVACY","REDACTED FOR PRIVACY","REDACTED FOR PRIVACY","REDACTED FOR PRIVACY","REDACTED FOR PRIVACY","","REDACTED FOR PRIVACY","REDACTED FOR PRIVACY","REDACTED FOR PRIVACY","REDACTED FOR PRIVACY","REDACTED FOR PRIVACY","REDACTED FOR PRIVACY","REDACTED FOR PRIVACY","REDACTED FOR PRIVACY","REDACTED FOR PRIVACY","","REDACTED FOR PRIVACY","REDACTED FOR PRIVACY","","","","","","","","","","","greg.ns.cloudflare.com","natasha.ns.cloudflare.com","","","clientTransferProhibited","clientUpdateProhibited","",""
"14","italiaincasa.net","2020-05-09 23:59:22","2020-05-07","2020-05-08","2021-05-07","69","Tucows Domains Inc.","whois.tucows.com","http://domainhelp.opensrs.net","REDACTED FOR PRIVACY","REDACTED FOR PRIVACY","REDACTED FOR PRIVACY","REDACTED FOR PRIVACY","GE","REDACTED FOR PRIVACY","Italy","","REDACTED FOR PRIVACY","REDACTED FOR PRIVACY","REDACTED FOR PRIVACY","REDACTED FOR PRIVACY","REDACTED FOR PRIVACY","REDACTED FOR PRIVACY","REDACTED FOR PRIVACY","REDACTED FOR PRIVACY","REDACTED FOR PRIVACY","","REDACTED FOR PRIVACY","REDACTED FOR PRIVACY","REDACTED FOR PRIVACY","REDACTED FOR PRIVACY","REDACTED FOR PRIVACY","REDACTED FOR PRIVACY","REDACTED FOR PRIVACY","REDACTED FOR PRIVACY","REDACTED FOR PRIVACY","","REDACTED FOR PRIVACY","REDACTED FOR PRIVACY","","","","","","","","","","","dns.technorail.com","dns2.technorail.com","dns3.arubadns.net","dns4.arubadns.cz","clientTransferProhibited","clientUpdateProhibited","",""
"15","itintec.net","2020-05-09 23:59:21","2020-05-08","2020-05-08","2021-05-08","69","Tucows Domains Inc.","whois.tucows.com","http://domainhelp.opensrs.net","REDACTED FOR PRIVACY","REDACTED FOR PRIVACY","REDACTED FOR PRIVACY","REDACTED FOR PRIVACY","VR","REDACTED FOR PRIVACY","Italy","","REDACTED FOR PRIVACY","REDACTED FOR PRIVACY","REDACTED FOR PRIVACY","REDACTED FOR PRIVACY","REDACTED FOR PRIVACY","REDACTED FOR PRIVACY","REDACTED FOR PRIVACY","REDACTED FOR PRIVACY","REDACTED FOR PRIVACY","","REDACTED FOR PRIVACY","REDACTED FOR PRIVACY","REDACTED FOR PRIVACY","REDACTED FOR PRIVACY","REDACTED FOR PRIVACY","REDACTED FOR PRIVACY","REDACTED FOR PRIVACY","REDACTED FOR PRIVACY","REDACTED FOR PRIVACY","","REDACTED FOR PRIVACY","REDACTED FOR PRIVACY","","","","","","","","","","","dns.technorail.com","dns2.technorail.com","dns3.arubadns.net","dns4.arubadns.cz","clientTransferProhibited","clientUpdateProhibited","",""
"16","itokenitaucard.net","2020-05-09 23:59:21","2020-05-07","2020-05-07","2021-05-07","69","Tucows Domains Inc.","whois.tucows.com","http://domainhelp.opensrs.net","REDACTED FOR PRIVACY","REDACTED FOR PRIVACY","REDACTED FOR PRIVACY","REDACTED FOR PRIVACY","SP","REDACTED FOR PRIVACY","Brazil","","REDACTED FOR PRIVACY","REDACTED FOR PRIVACY","REDACTED FOR PRIVACY","REDACTED FOR PRIVACY","REDACTED FOR PRIVACY","REDACTED FOR PRIVACY","REDACTED FOR PRIVACY","REDACTED FOR PRIVACY","REDACTED FOR PRIVACY","","REDACTED FOR PRIVACY","REDACTED FOR PRIVACY","REDACTED FOR PRIVACY","REDACTED FOR PRIVACY","REDACTED FOR PRIVACY","REDACTED FOR PRIVACY","REDACTED FOR PRIVACY","REDACTED FOR PRIVACY","REDACTED FOR PRIVACY","","REDACTED FOR PRIVACY","REDACTED FOR PRIVACY","","","","","","","","","","","ns1.dns-parking.com","ns2.dns-parking.com","","","","","",""
"17","jpkpublicidade.net","2020-05-09 23:58:56","2020-05-07","2020-05-07","2021-05-07","69","Tucows Domains Inc.","whois.tucows.com","http://domainhelp.opensrs.net","REDACTED FOR PRIVACY","REDACTED FOR PRIVACY","REDACTED FOR PRIVACY","REDACTED FOR PRIVACY","RO","REDACTED FOR PRIVACY","Brazil","","REDACTED FOR PRIVACY","REDACTED FOR PRIVACY","REDACTED FOR PRIVACY","REDACTED FOR PRIVACY","REDACTED FOR PRIVACY","REDACTED FOR PRIVACY","REDACTED FOR PRIVACY","REDACTED FOR PRIVACY","REDACTED FOR PRIVACY","","REDACTED FOR PRIVACY","REDACTED FOR PRIVACY","REDACTED FOR PRIVACY","REDACTED FOR PRIVACY","REDACTED FOR PRIVACY","REDACTED FOR PRIVACY","REDACTED FOR PRIVACY","REDACTED FOR PRIVACY","REDACTED FOR PRIVACY","","REDACTED FOR PRIVACY","REDACTED FOR PRIVACY","","","","","","","","","","","ns1.dominios.uol.com.br","ns2.dominios.uol.com.br","ns3.dominios.uol.com.br","","","","",""
"18","kamandula.biz","2020-05-09 11:32:05","2020-05-02","2020-05-07","2021-05-02","69","Tucows Domains Inc.","whois.tucows.com","http://domainhelp.opensrs.net","Contact Privacy Inc. Customer 0157779562","Contact Privacy Inc. Customer 0157779562","","","ON","","Canada","","","","","","","","","","","","","","","","","","","","","","","","","","","","","","","","","","yns1.yahoo.com","yns2.yahoo.com","","","clientTransferProhibited","clientUpdateProhibited","",""
"19","kidsdiscoparty.net","2020-05-09 23:58:38","2020-05-07","2020-05-07","2021-05-07","69","Tucows Domains Inc.","whois.tucows.com","http://domainhelp.opensrs.net","Contact Privacy Inc. Customer 0157852092","Contact Privacy Inc. Customer 0157852092","96 Mowat Ave","Toronto","ON","M6K 3M1","Canada","kidsdiscoparty.net@contactprivacy.com","+1.4165385457","","Contact Privacy Inc. Customer 0157852092","Contact Privacy Inc. Customer 0157852092","96 Mowat Ave","Toronto","ON","M6K 3M1","Canada","kidsdiscoparty.net@contactprivacy.com","+1.4165385457","","Contact Privacy Inc. Customer 0157852092","Contact Privacy Inc. Customer 0157852092","96 Mowat Ave","Toronto","ON","M6K 3M1","Canada","kidsdiscoparty.net@contactprivacy.com","+1.4165385457","","","","","","","","","","","","ns1.systemdns.com","ns2.systemdns.com","ns3.systemdns.com","","clientTransferProhibited","clientUpdateProhibited","",""
"20","klinservices.net","2020-05-09 23:58:30","2020-05-07","2020-05-07","2021-05-07","69","Tucows Domains Inc.","whois.tucows.com","http://domainhelp.opensrs.net","Contact Privacy Inc. Customer 0157852401","Contact Privacy Inc. Customer 0157852401","96 Mowat Ave","Toronto","ON","M6K 3M1","Canada","klinservices.net@contactprivacy.com","+1.4165385457","","Contact Privacy Inc. Customer 0157852401","Contact Privacy Inc. Customer 0157852401","96 Mowat Ave","Toronto","ON","M6K 3M1","Canada","klinservices.net@contactprivacy.com","+1.4165385457","","Contact Privacy Inc. Customer 0157852401","Contact Privacy Inc. Customer 0157852401","96 Mowat Ave","Toronto","ON","M6K 3M1","Canada","klinservices.net@contactprivacy.com","+1.4165385457","","","","","","","","","","","","dns1.p07.nsone.net","dns2.p07.nsone.net","dns3.p07.nsone.net","dns4.p07.nsone.net","clientTransferProhibited","clientUpdateProhibited","",""
"21","kodiakhvac.solutions","2020-05-10 01:06:45","2020-05-07","2020-05-07","2021-05-07","69","Tucows Domains Inc.","whois.tucows.com","http://domainhelp.opensrs.net","REDACTED FOR PRIVACY","Contact Privacy Inc. Customer 0157851167","REDACTED FOR PRIVACY","REDACTED FOR PRIVACY","ON","REDACTED FOR PRIVACY","Canada","","REDACTED FOR PRIVACY","REDACTED FOR PRIVACY","","","","","","","","","","","","","","","","","","","","","","","","","","","","","","","","","","","addPeriod","clientTransferProhibited","clientUpdateProhibited",""
"22","kombisports.net","2020-05-09 23:58:27","2020-05-08","2020-05-08","2021-05-08","69","Tucows Domains Inc.","whois.tucows.com","http://domainhelp.opensrs.net","REDACTED FOR PRIVACY","REDACTED FOR PRIVACY","REDACTED FOR PRIVACY","REDACTED FOR PRIVACY","QC","REDACTED FOR PRIVACY","Canada","","REDACTED FOR PRIVACY","REDACTED FOR PRIVACY","REDACTED FOR PRIVACY","REDACTED FOR PRIVACY","REDACTED FOR PRIVACY","REDACTED FOR PRIVACY","REDACTED FOR PRIVACY","REDACTED FOR PRIVACY","REDACTED FOR PRIVACY","","REDACTED FOR PRIVACY","REDACTED FOR PRIVACY","REDACTED FOR PRIVACY","REDACTED FOR PRIVACY","REDACTED FOR PRIVACY","REDACTED FOR PRIVACY","REDACTED FOR PRIVACY","REDACTED FOR PRIVACY","REDACTED FOR PRIVACY","","REDACTED FOR PRIVACY","REDACTED FOR PRIVACY","","","","","","","","","","","ns1.mycloud.ca","ns2.mycloud.ca","","","clientTransferProhibited","clientUpdateProhibited","",""
"23","l-energie-en-mouvement.net","2020-05-09 23:58:15","2020-05-07","2020-05-07","2021-05-07","69","Tucows Domains Inc.","whois.tucows.com","http://domainhelp.opensrs.net","Contact Privacy Inc. Customer 0157851724","Contact Privacy Inc. Customer 0157851724","96 Mowat Ave","Toronto","ON","M6K 3M1","Canada","l-energie-en-mouvement.net@contactprivacy.com","+1.4165385457","","Contact Privacy Inc. Customer 0157851724","Contact Privacy Inc. Customer 0157851724","96 Mowat Ave","Toronto","ON","M6K 3M1","Canada","l-energie-en-mouvement.net@contactprivacy.com","+1.4165385457","","Contact Privacy Inc. Customer 0157851724","Contact Privacy Inc. Customer 0157851724","96 Mowat Ave","Toronto","ON","M6K 3M1","Canada","l-energie-en-mouvement.net@contactprivacy.com","+1.4165385457","","","","","","","","","","","","ns1.systemdns.com","ns2.systemdns.com","ns3.systemdns.com","","clientTransferProhibited","clientUpdateProhibited","",""
"24","laptopqb.com","2020-05-04 20:59:42","2020-05-03","2020-05-03","2021-05-03","69","Tucows Domains Inc.","whois.tucows.com","http://domainhelp.opensrs.net","Contact Privacy Inc. Customer 0157791683","Contact Privacy Inc. Customer 0157791683","96 Mowat Ave","Toronto","ON","M6K 3M1","Canada","laptopqb.com@contactprivacy.com","+1.4165385457","","Contact Privacy Inc. Customer 0157791683","Contact Privacy Inc. Customer 0157791683","96 Mowat Ave","Toronto","ON","M6K 3M1","Canada","laptopqb.com@contactprivacy.com","+1.4165385457","","Contact Privacy Inc. Customer 0157791683","Contact Privacy Inc. Customer 0157791683","96 Mowat Ave","Toronto","ON","M6K 3M1","Canada","laptopqb.com@contactprivacy.com","+1.4165385457","","","","","","","","","","","","ns1.systemdns.com","ns2.systemdns.com","ns3.systemdns.com","","clientTransferProhibited","clientUpdateProhibited","",""
"25","lashglamour.net","2020-05-09 23:58:10","2020-05-08","2020-05-08","2021-05-08","69","Tucows Domains Inc.","whois.tucows.com","http://domainhelp.opensrs.net","Contact Privacy Inc. Customer 0157861307","Contact Privacy Inc. Customer 0157861307","96 Mowat Ave","Toronto","ON","M6K 3M1","Canada","lashglamour.net@contactprivacy.com","+1.4165385457","","Contact Privacy Inc. Customer 0157861307","Contact Privacy Inc. Customer 0157861307","96 Mowat Ave","Toronto","ON","M6K 3M1","Canada","lashglamour.net@contactprivacy.com","+1.4165385457","","Contact Privacy Inc. Customer 0157861307","Contact Privacy Inc. Customer 0157861307","96 Mowat Ave","Toronto","ON","M6K 3M1","Canada","lashglamour.net@contactprivacy.com","+1.4165385457","","","","","","","","","","","","ns-cloud-d1.googledomains.com","ns-cloud-d2.googledomains.com","ns-cloud-d3.googledomains.com","ns-cloud-d4.googledomains.com","clientTransferProhibited","clientUpdateProhibited","",""
"26","laurasampedro.net","2020-05-09 23:58:06","2020-05-08","2020-05-08","2021-05-08","69","Tucows Domains Inc.","whois.tucows.com","http://domainhelp.opensrs.net","Contact Privacy Inc. Customer 0157863133","Contact Privacy Inc. Customer 0157863133","96 Mowat Ave","Toronto","ON","M6K 3M1","Canada","laurasampedro.net@contactprivacy.com","+1.4165385457","","Contact Privacy Inc. Customer 0157863133","Contact Privacy Inc. Customer 0157863133","96 Mowat Ave","Toronto","ON","M6K 3M1","Canada","laurasampedro.net@contactprivacy.com","+1.4165385457","","Contact Privacy Inc. Customer 0157863133","Contact Privacy Inc. Customer 0157863133","96 Mowat Ave","Toronto","ON","M6K 3M1","Canada","laurasampedro.net@contactprivacy.com","+1.4165385457","","","","","","","","","","","","ns1.systemdns.com","ns2.systemdns.com","ns3.systemdns.com","","clientTransferProhibited","clientUpdateProhibited","",""
"27","leaddrive.net","2020-05-09 23:58:03","2020-05-08","2020-05-08","2021-05-08","69","Tucows Domains Inc.","whois.tucows.com","http://domainhelp.opensrs.net","Contact Privacy Inc. Customer 0157858005","Contact Privacy Inc. Customer 0157858005","96 Mowat Ave","Toronto","ON","M6K 3M1","Canada","leaddrive.net@contactprivacy.com","+1.4165385457","","Contact Privacy Inc. Customer 0157858005","Contact Privacy Inc. Customer 0157858005","96 Mowat Ave","Toronto","ON","M6K 3M1","Canada","leaddrive.net@contactprivacy.com","+1.4165385457","","Contact Privacy Inc. Customer 0157858005","Contact Privacy Inc. Customer 0157858005","96 Mowat Ave","Toronto","ON","M6K 3M1","Canada","leaddrive.net@contactprivacy.com","+1.4165385457","","","","","","","","","","","","ns1.digitalocean.com","ns2.digitalocean.com","ns3.digitalocean.com","","clientTransferProhibited","clientUpdateProhibited","",""
"28","ledlightz.net","2020-05-09 23:58:00","2020-05-07","2020-05-09","2021-05-07","69","Tucows Domains Inc.","whois.tucows.com","http://domainhelp.opensrs.net","Contact Privacy Inc. Customer 0157854911","Contact Privacy Inc. Customer 0157854911","96 Mowat Ave","Toronto","ON","M6K 3M1","Canada","ledlightz.net@contactprivacy.com","+1.4165385457","","Contact Privacy Inc. Customer 0157854911","Contact Privacy Inc. Customer 0157854911","96 Mowat Ave","Toronto","ON","M6K 3M1","Canada","ledlightz.net@contactprivacy.com","+1.4165385457","","Contact Privacy Inc. Customer 0157854911","Contact Privacy Inc. Customer 0157854911","96 Mowat Ave","Toronto","ON","M6K 3M1","Canada","ledlightz.net@contactprivacy.com","+1.4165385457","","","","","","","","","","","","ns-cloud-b1.googledomains.com","ns-cloud-b2.googledomains.com","ns-cloud-b3.googledomains.com","ns-cloud-b4.googledomains.com","clientTransferProhibited","clientUpdateProhibited","",""
"29","legacykeepsake.net","2020-05-09 23:58:00","2020-05-08","2020-05-08","2021-05-08","69","Tucows Domains Inc.","whois.tucows.com","http://domainhelp.opensrs.net","REDACTED FOR PRIVACY","REDACTED FOR PRIVACY","REDACTED FOR PRIVACY","REDACTED FOR PRIVACY","OR","REDACTED FOR PRIVACY","United States","","REDACTED FOR PRIVACY","REDACTED FOR PRIVACY","REDACTED FOR PRIVACY","REDACTED FOR PRIVACY","REDACTED FOR PRIVACY","REDACTED FOR PRIVACY","REDACTED FOR PRIVACY","REDACTED FOR PRIVACY","REDACTED FOR PRIVACY","","REDACTED FOR PRIVACY","REDACTED FOR PRIVACY","REDACTED FOR PRIVACY","REDACTED FOR PRIVACY","REDACTED FOR PRIVACY","REDACTED FOR PRIVACY","REDACTED FOR PRIVACY","REDACTED FOR PRIVACY","REDACTED FOR PRIVACY","","REDACTED FOR PRIVACY","REDACTED FOR PRIVACY","","","","","","","","","","","ns.inmotionhosting.com","ns2.inmotionhosting.com","","","","","",""
"30","legalgenetics.net","2020-05-09 23:58:00","2020-05-08","2020-05-08","2021-05-08","69","Tucows Domains Inc.","whois.tucows.com","http://domainhelp.opensrs.net","REDACTED FOR PRIVACY","REDACTED FOR PRIVACY","REDACTED FOR PRIVACY","REDACTED FOR PRIVACY","RM","REDACTED FOR PRIVACY","Italy","","REDACTED FOR PRIVACY","REDACTED FOR PRIVACY","REDACTED FOR PRIVACY","REDACTED FOR PRIVACY","REDACTED FOR PRIVACY","REDACTED FOR PRIVACY","REDACTED FOR PRIVACY","REDACTED FOR PRIVACY","REDACTED FOR PRIVACY","","REDACTED FOR PRIVACY","REDACTED FOR PRIVACY","REDACTED FOR PRIVACY","REDACTED FOR PRIVACY","REDACTED FOR PRIVACY","REDACTED FOR PRIVACY","REDACTED FOR PRIVACY","REDACTED FOR PRIVACY","REDACTED FOR PRIVACY","","REDACTED FOR PRIVACY","REDACTED FOR PRIVACY","","","","","","","","","","","ns.abdns.biz","ns.abdns.eu","ns.abdns.info","","clientTransferProhibited","clientUpdateProhibited","",""
"31","legfit.net","2020-05-09 23:57:59","2020-05-07","2020-05-07","2021-05-07","69","Tucows Domains Inc.","whois.tucows.com","http://domainhelp.opensrs.net","Contact Privacy Inc. Customer 0157851700","Contact Privacy Inc. Customer 0157851700","96 Mowat Ave","Toronto","ON","M6K 3M1","Canada","legfit.net@contactprivacy.com","+1.4165385457","","Contact Privacy Inc. Customer 0157851700","Contact Privacy Inc. Customer 0157851700","96 Mowat Ave","Toronto","ON","M6K 3M1","Canada","legfit.net@contactprivacy.com","+1.4165385457","","Contact Privacy Inc. Customer 0157851700","Contact Privacy Inc. Customer 0157851700","96 Mowat Ave","Toronto","ON","M6K 3M1","Canada","legfit.net@contactprivacy.com","+1.4165385457","","","","","","","","","","","","ns-cloud-d1.googledomains.com","ns-cloud-d2.googledomains.com","ns-cloud-d3.googledomains.com","ns-cloud-d4.googledomains.com","clientTransferProhibited","clientUpdateProhibited","",""
"32","legge-e-verita.net","2020-05-09 23:57:59","2020-05-08","2020-05-09","2021-05-08","69","Tucows Domains Inc.","whois.tucows.com","http://domainhelp.opensrs.net","REDACTED FOR PRIVACY","REDACTED FOR PRIVACY","REDACTED FOR PRIVACY","REDACTED FOR PRIVACY","","REDACTED FOR PRIVACY","Switzerland","","REDACTED FOR PRIVACY","REDACTED FOR PRIVACY","REDACTED FOR PRIVACY","REDACTED FOR PRIVACY","REDACTED FOR PRIVACY","REDACTED FOR PRIVACY","REDACTED FOR PRIVACY","REDACTED FOR PRIVACY","REDACTED FOR PRIVACY","","REDACTED FOR PRIVACY","REDACTED FOR PRIVACY","REDACTED FOR PRIVACY","REDACTED FOR PRIVACY","REDACTED FOR PRIVACY","REDACTED FOR PRIVACY","REDACTED FOR PRIVACY","REDACTED FOR PRIVACY","REDACTED FOR PRIVACY","","REDACTED FOR PRIVACY","REDACTED FOR PRIVACY","","","","","","","","","","","ns.hostcenter.com","ns2.hostcenter.com","ns3.hostcenter.com","","","","",""
"33","liberamentis.net","2020-05-09 23:57:56","2020-05-08","2020-05-08","2021-05-08","69","Tucows Domains Inc.","whois.tucows.com","http://domainhelp.opensrs.net","REDACTED FOR PRIVACY","REDACTED FOR PRIVACY","REDACTED FOR PRIVACY","REDACTED FOR PRIVACY","BS","REDACTED FOR PRIVACY","Italy","","REDACTED FOR PRIVACY","REDACTED FOR PRIVACY","REDACTED FOR PRIVACY","REDACTED FOR PRIVACY","REDACTED FOR PRIVACY","REDACTED FOR PRIVACY","REDACTED FOR PRIVACY","REDACTED FOR PRIVACY","REDACTED FOR PRIVACY","","REDACTED FOR PRIVACY","REDACTED FOR PRIVACY","REDACTED FOR PRIVACY","REDACTED FOR PRIVACY","REDACTED FOR PRIVACY","REDACTED FOR PRIVACY","REDACTED FOR PRIVACY","REDACTED FOR PRIVACY","REDACTED FOR PRIVACY","","REDACTED FOR PRIVACY","REDACTED FOR PRIVACY","","","","","","","","","","","dns.technorail.com","dns2.technorail.com","dns3.arubadns.net","dns4.arubadns.cz","clientTransferProhibited","clientUpdateProhibited","",""
"34","liftingtheveil.net","2020-05-09 23:57:51","2020-05-07","2020-05-07","2021-05-07","69","Tucows Domains Inc.","whois.tucows.com","http://domainhelp.opensrs.net","Contact Privacy Inc. Customer 0157853537","Contact Privacy Inc. Customer 0157853537","96 Mowat Ave","Toronto","ON","M6K 3M1","Canada","liftingtheveil.net@contactprivacy.com","+1.4165385457","","Contact Privacy Inc. Customer 0157853537","Contact Privacy Inc. Customer 0157853537","96 Mowat Ave","Toronto","ON","M6K 3M1","Canada","liftingtheveil.net@contactprivacy.com","+1.4165385457","","Contact Privacy Inc. Customer 0157853537","Contact Privacy Inc. Customer 0157853537","96 Mowat Ave","Toronto","ON","M6K 3M1","Canada","liftingtheveil.net@contactprivacy.com","+1.4165385457","","","","","","","","","","","","ns1.mdnsservice.com","ns2.mdnsservice.com","ns3.mdnsservice.com","","clientTransferProhibited","clientUpdateProhibited","",""
"35","link24.club","2020-05-09 20:35:49","2020-05-07","2020-05-07","2021-05-07","69","Tucows Domains Inc.","whois.tucows.com","http://domainhelp.opensrs.net","Data Protected","Data Protected","","","ON","","Canada","","","","","","","","","","","","","","","","","","","","","","","","","","","","","","","","","","ns1.infokassa.com","ns2.infokassa.com","","","addPeriod","clientTransferProhibited","clientUpdateProhibited",""
"36","lisacampbell.net","2020-05-09 23:57:47","2020-05-08","2020-05-08","2021-05-08","69","Tucows Domains Inc.","whois.tucows.com","http://domainhelp.opensrs.net","Contact Privacy Inc. Customer 0157860312","Contact Privacy Inc. Customer 0157860312","96 Mowat Ave","Toronto","ON","M6K 3M1","Canada","lisacampbell.net@contactprivacy.com","+1.4165385457","","Contact Privacy Inc. Customer 0157860312","Contact Privacy Inc. Customer 0157860312","96 Mowat Ave","Toronto","ON","M6K 3M1","Canada","lisacampbell.net@contactprivacy.com","+1.4165385457","","Contact Privacy Inc. Customer 0157860312","Contact Privacy Inc. Customer 0157860312","96 Mowat Ave","Toronto","ON","M6K 3M1","Canada","lisacampbell.net@contactprivacy.com","+1.4165385457","","","","","","","","","","","","dns1.p01.nsone.net","dns2.p01.nsone.net","dns3.p01.nsone.net","dns4.p01.nsone.net","clientTransferProhibited","clientUpdateProhibited","",""
"37","litmasks.net","2020-05-09 23:57:53","2020-05-07","2020-05-07","2021-05-07","69","Tucows Domains Inc.","whois.tucows.com","http://domainhelp.opensrs.net","Contact Privacy Inc. Customer 0157854002","Contact Privacy Inc. Customer 0157854002","96 Mowat Ave","Toronto","ON","M6K 3M1","Canada","litmasks.net@contactprivacy.com","+1.4165385457","","Contact Privacy Inc. Customer 0157854002","Contact Privacy Inc. Customer 0157854002","96 Mowat Ave","Toronto","ON","M6K 3M1","Canada","litmasks.net@contactprivacy.com","+1.4165385457","","Contact Privacy Inc. Customer 0157854002","Contact Privacy Inc. Customer 0157854002","96 Mowat Ave","Toronto","ON","M6K 3M1","Canada","litmasks.net@contactprivacy.com","+1.4165385457","","","","","","","","","","","","ns-cloud-e1.googledomains.com","ns-cloud-e2.googledomains.com","ns-cloud-e3.googledomains.com","ns-cloud-e4.googledomains.com","clientTransferProhibited","clientUpdateProhibited","",""
"38","lovingcarecleaners.net","2020-05-09 23:57:35","2020-05-08","2020-05-08","2021-05-08","69","Tucows Domains Inc.","whois.tucows.com","http://domainhelp.opensrs.net","REDACTED FOR PRIVACY","REDACTED FOR PRIVACY","REDACTED FOR PRIVACY","REDACTED FOR PRIVACY","REDACTED FOR PRIVACY","REDACTED FOR PRIVACY","Switzerland","","REDACTED FOR PRIVACY","REDACTED FOR PRIVACY","REDACTED FOR PRIVACY","REDACTED FOR PRIVACY","REDACTED FOR PRIVACY","REDACTED FOR PRIVACY","REDACTED FOR PRIVACY","REDACTED FOR PRIVACY","REDACTED FOR PRIVACY","","REDACTED FOR PRIVACY","REDACTED FOR PRIVACY","REDACTED FOR PRIVACY","REDACTED FOR PRIVACY","REDACTED FOR PRIVACY","REDACTED FOR PRIVACY","REDACTED FOR PRIVACY","REDACTED FOR PRIVACY","REDACTED FOR PRIVACY","","REDACTED FOR PRIVACY","REDACTED FOR PRIVACY","","","","","","","","","","","logan.ns.cloudflare.com","maya.ns.cloudflare.com","","","OK","","",""
"39","lovintheblues.net","2020-05-09 23:57:33","2020-05-07","2020-05-07","2021-05-07","69","Tucows Domains Inc.","whois.tucows.com","http://domainhelp.opensrs.net","Contact Privacy Inc. Customer 0157855564","Contact Privacy Inc. Customer 0157855564","96 Mowat Ave","Toronto","ON","M6K 3M1","Canada","lovintheblues.net@contactprivacy.com","+1.4165385457","","Contact Privacy Inc. Customer 0157855564","Contact Privacy Inc. Customer 0157855564","96 Mowat Ave","Toronto","ON","M6K 3M1","Canada","lovintheblues.net@contactprivacy.com","+1.4165385457","","Contact Privacy Inc. Customer 0157855564","Contact Privacy Inc. Customer 0157855564","96 Mowat Ave","Toronto","ON","M6K 3M1","Canada","lovintheblues.net@contactprivacy.com","+1.4165385457","","","","","","","","","","","","dns1.p03.nsone.net","dns2.p03.nsone.net","dns3.p03.nsone.net","dns4.p03.nsone.net","clientTransferProhibited","clientUpdateProhibited","",""
"40","lua.care","2020-05-09 20:00:42","2020-05-07","2020-05-07","2021-05-07","69","Tucows Domains Inc.","whois.tucows.com","http://domainhelp.opensrs.net","REDACTED FOR PRIVACY","Contact Privacy Inc. Customer 0157855168","REDACTED FOR PRIVACY","REDACTED FOR PRIVACY","ON","REDACTED FOR PRIVACY","Canada","","REDACTED FOR PRIVACY","REDACTED FOR PRIVACY","","","","","","","","","","","","","","","","","","","","","","","","","","","","","","","","","","","addPeriod","clientTransferProhibited","clientUpdateProhibited",""
"41","lyricat.net","2020-05-09 23:57:28","2020-05-08","2020-05-08","2021-05-08","69","Tucows Domains Inc.","whois.tucows.com","http://domainhelp.opensrs.net","Contact Privacy Inc. Customer 0157857242","Contact Privacy Inc. Customer 0157857242","96 Mowat Ave","Toronto","ON","M6K 3M1","Canada","lyricat.net@contactprivacy.com","+1.4165385457","","Contact Privacy Inc. Customer 0157857242","Contact Privacy Inc. Customer 0157857242","96 Mowat Ave","Toronto","ON","M6K 3M1","Canada","lyricat.net@contactprivacy.com","+1.4165385457","","Contact Privacy Inc. Customer 0157857242","Contact Privacy Inc. Customer 0157857242","96 Mowat Ave","Toronto","ON","M6K 3M1","Canada","lyricat.net@contactprivacy.com","+1.4165385457","","","","","","","","","","","","dns1.p02.nsone.net","dns2.p02.nsone.net","dns3.p02.nsone.net","dns4.p02.nsone.net","clientTransferProhibited","clientUpdateProhibited","",""
"42","malaysiabankloan.net","2020-05-09 23:57:22","2020-05-07","2020-05-07","2021-05-07","69","Tucows Domains Inc.","whois.tucows.com","http://domainhelp.opensrs.net","Contact Privacy Inc. Customer 0157854850","Contact Privacy Inc. Customer 0157854850","96 Mowat Ave","Toronto","ON","M6K 3M1","Canada","malaysiabankloan.net@contactprivacy.com","+1.4165385457","","Contact Privacy Inc. Customer 0157854850","Contact Privacy Inc. Customer 0157854850","96 Mowat Ave","Toronto","ON","M6K 3M1","Canada","malaysiabankloan.net@contactprivacy.com","+1.4165385457","","Contact Privacy Inc. Customer 0157854850","Contact Privacy Inc. Customer 0157854850","96 Mowat Ave","Toronto","ON","M6K 3M1","Canada","malaysiabankloan.net@contactprivacy.com","+1.4165385457","","","","","","","","","","","","dns1.p02.nsone.net","dns2.p02.nsone.net","dns3.p02.nsone.net","dns4.p02.nsone.net","clientTransferProhibited","clientUpdateProhibited","",""
"43","mapslayers.biz","2020-05-09 11:10:34","2020-04-30","2020-05-05","2021-04-30","69","Tucows Domains Inc.","whois.tucows.com","http://domainhelp.opensrs.net","Data Protected","Data Protected","","","ON","","Canada","","","","","","","","","","","","","","","","","","","","","","","","","","","","","","","","","","ns.inmotionhosting.com","ns2.inmotionhosting.com","","","OK","","",""
"44","markelink.net","2020-05-09 23:57:20","2020-05-07","2020-05-08","2021-05-07","69","Tucows Domains Inc.","whois.tucows.com","http://domainhelp.opensrs.net","REDACTED FOR PRIVACY","REDACTED FOR PRIVACY","REDACTED FOR PRIVACY","REDACTED FOR PRIVACY","FI","REDACTED FOR PRIVACY","Italy","","REDACTED FOR PRIVACY","REDACTED FOR PRIVACY","REDACTED FOR PRIVACY","REDACTED FOR PRIVACY","REDACTED FOR PRIVACY","REDACTED FOR PRIVACY","REDACTED FOR PRIVACY","REDACTED FOR PRIVACY","REDACTED FOR PRIVACY","","REDACTED FOR PRIVACY","REDACTED FOR PRIVACY","REDACTED FOR PRIVACY","REDACTED FOR PRIVACY","REDACTED FOR PRIVACY","REDACTED FOR PRIVACY","REDACTED FOR PRIVACY","REDACTED FOR PRIVACY","REDACTED FOR PRIVACY","","REDACTED FOR PRIVACY","REDACTED FOR PRIVACY","","","","","","","","","","","dns.technorail.com","dns2.technorail.com","dns3.arubadns.net","dns4.arubadns.cz","clientTransferProhibited","clientUpdateProhibited","",""
"45","martelloalley.net","2020-05-09 23:57:18","2020-05-08","2020-05-08","2021-05-08","69","Tucows Domains Inc.","whois.tucows.com","http://domainhelp.opensrs.net","Contact Privacy Inc. Customer 0157860727","Contact Privacy Inc. Customer 0157860727","96 Mowat Ave","Toronto","ON","M6K 3M1","Canada","martelloalley.net@contactprivacy.com","+1.4165385457","","Contact Privacy Inc. Customer 0157860727","Contact Privacy Inc. Customer 0157860727","96 Mowat Ave","Toronto","ON","M6K 3M1","Canada","martelloalley.net@contactprivacy.com","+1.4165385457","","Contact Privacy Inc. Customer 0157860727","Contact Privacy Inc. Customer 0157860727","96 Mowat Ave","Toronto","ON","M6K 3M1","Canada","martelloalley.net@contactprivacy.com","+1.4165385457","","","","","","","","","","","","ns1.systemdns.com","ns2.systemdns.com","ns3.systemdns.com","","clientTransferProhibited","clientUpdateProhibited","",""
"46","matthewcullen.net","2020-05-09 23:57:15","2020-05-07","2020-05-09","2021-05-07","69","Tucows Domains Inc.","whois.tucows.com","http://domainhelp.opensrs.net","Contact Privacy Inc. Customer 0157852319","Contact Privacy Inc. Customer 0157852319","96 Mowat Ave","Toronto","ON","M6K 3M1","Canada","matthewcullen.net@contactprivacy.com","+1.4165385457","","Contact Privacy Inc. Customer 0157852319","Contact Privacy Inc. Customer 0157852319","96 Mowat Ave","Toronto","ON","M6K 3M1","Canada","matthewcullen.net@contactprivacy.com","+1.4165385457","","Contact Privacy Inc. Customer 0157852319","Contact Privacy Inc. Customer 0157852319","96 Mowat Ave","Toronto","ON","M6K 3M1","Canada","matthewcullen.net@contactprivacy.com","+1.4165385457","","","","","","","","","","","","ns1.hover.com","ns2.hover.com","","","clientTransferProhibited","clientUpdateProhibited","",""
"47","megastudy-computeracademy.net","2020-05-09 23:57:10","2020-05-08","2020-05-08","2021-05-08","69","Tucows Domains Inc.","whois.tucows.com","http://domainhelp.opensrs.net","REDACTED FOR PRIVACY","REDACTED FOR PRIVACY","REDACTED FOR PRIVACY","REDACTED FOR PRIVACY","KR","REDACTED FOR PRIVACY","Korea","","REDACTED FOR PRIVACY","REDACTED FOR PRIVACY","REDACTED FOR PRIVACY","REDACTED FOR PRIVACY","REDACTED FOR PRIVACY","REDACTED FOR PRIVACY","REDACTED FOR PRIVACY","REDACTED FOR PRIVACY","REDACTED FOR PRIVACY","","REDACTED FOR PRIVACY","REDACTED FOR PRIVACY","REDACTED FOR PRIVACY","REDACTED FOR PRIVACY","REDACTED FOR PRIVACY","REDACTED FOR PRIVACY","REDACTED FOR PRIVACY","REDACTED FOR PRIVACY","REDACTED FOR PRIVACY","","REDACTED FOR PRIVACY","REDACTED FOR PRIVACY","","","","","","","","","","","ns4.blueweb.co.kr","ns5.blueweb.co.kr","","","","","",""
"48","megastudy-megacomacademy.net","2020-05-09 23:57:10","2020-05-08","2020-05-08","2021-05-08","69","Tucows Domains Inc.","whois.tucows.com","http://domainhelp.opensrs.net","REDACTED FOR PRIVACY","REDACTED FOR PRIVACY","REDACTED FOR PRIVACY","REDACTED FOR PRIVACY","KR","REDACTED FOR PRIVACY","Korea","","REDACTED FOR PRIVACY","REDACTED FOR PRIVACY","REDACTED FOR PRIVACY","REDACTED FOR PRIVACY","REDACTED FOR PRIVACY","REDACTED FOR PRIVACY","REDACTED FOR PRIVACY","REDACTED FOR PRIVACY","REDACTED FOR PRIVACY","","REDACTED FOR PRIVACY","REDACTED FOR PRIVACY","REDACTED FOR PRIVACY","REDACTED FOR PRIVACY","REDACTED FOR PRIVACY","REDACTED FOR PRIVACY","REDACTED FOR PRIVACY","REDACTED FOR PRIVACY","REDACTED FOR PRIVACY","","REDACTED FOR PRIVACY","REDACTED FOR PRIVACY","","","","","","","","","","","ns4.blueweb.co.kr","ns5.blueweb.co.kr","","","","","",""
"49","megastudy-megacomschool.net","2020-05-09 23:57:10","2020-05-08","2020-05-08","2021-05-08","69","Tucows Domains Inc.","whois.tucows.com","http://domainhelp.opensrs.net","REDACTED FOR PRIVACY","REDACTED FOR PRIVACY","REDACTED FOR PRIVACY","REDACTED FOR PRIVACY","KR","REDACTED FOR PRIVACY","Korea","","REDACTED FOR PRIVACY","REDACTED FOR PRIVACY","REDACTED FOR PRIVACY","REDACTED FOR PRIVACY","REDACTED FOR PRIVACY","REDACTED FOR PRIVACY","REDACTED FOR PRIVACY","REDACTED FOR PRIVACY","REDACTED FOR PRIVACY","","REDACTED FOR PRIVACY","REDACTED FOR PRIVACY","REDACTED FOR PRIVACY","REDACTED FOR PRIVACY","REDACTED FOR PRIVACY","REDACTED FOR PRIVACY","REDACTED FOR PRIVACY","REDACTED FOR PRIVACY","REDACTED FOR PRIVACY","","REDACTED FOR PRIVACY","REDACTED FOR PRIVACY","","","","","","","","","","","ns4.blueweb.co.kr","ns5.blueweb.co.kr","","","","","",""
"50","megsmassage.net","2020-05-09 23:57:09","2020-05-07","2020-05-07","2021-05-07","69","Tucows Domains Inc.","whois.tucows.com","http://domainhelp.opensrs.net","Contact Privacy Inc. Customer 0157851537","Contact Privacy Inc. Customer 0157851537","96 Mowat Ave","Toronto","ON","M6K 3M1","Canada","megsmassage.net@contactprivacy.com","+1.4165385457","","Contact Privacy Inc. Customer 0157851537","Contact Privacy Inc. Customer 0157851537","96 Mowat Ave","Toronto","ON","M6K 3M1","Canada","megsmassage.net@contactprivacy.com","+1.4165385457","","Contact Privacy Inc. Customer 0157851537","Contact Privacy Inc. Customer 0157851537","96 Mowat Ave","Toronto","ON","M6K 3M1","Canada","megsmassage.net@contactprivacy.com","+1.4165385457","","","","","","","","","","","","dns1.p04.nsone.net","dns2.p04.nsone.net","dns3.p04.nsone.net","dns4.p04.nsone.net","clientTransferProhibited","clientUpdateProhibited","",""
"51","melancholist.net","2020-05-09 23:57:09","2020-05-08","2020-05-08","2021-05-08","69","Tucows Domains Inc.","whois.tucows.com","http://domainhelp.opensrs.net","Contact Privacy Inc. Customer 0157856494","Contact Privacy Inc. Customer 0157856494","96 Mowat Ave","Toronto","ON","M6K 3M1","Canada","melancholist.net@contactprivacy.com","+1.4165385457","","Contact Privacy Inc. Customer 0157856494","Contact Privacy Inc. Customer 0157856494","96 Mowat Ave","Toronto","ON","M6K 3M1","Canada","melancholist.net@contactprivacy.com","+1.4165385457","","Contact Privacy Inc. Customer 0157856494","Contact Privacy Inc. Customer 0157856494","96 Mowat Ave","Toronto","ON","M6K 3M1","Canada","melancholist.net@contactprivacy.com","+1.4165385457","","","","","","","","","","","","ns-cloud-e1.googledomains.com","ns-cloud-e2.googledomains.com","ns-cloud-e3.googledomains.com","ns-cloud-e4.googledomains.com","clientTransferProhibited","clientUpdateProhibited","",""
"52","middivintage.net","2020-05-09 23:57:04","2020-05-07","2020-05-07","2021-05-07","69","Tucows Domains Inc.","whois.tucows.com","http://domainhelp.opensrs.net","Contact Privacy Inc. Customer 0157854590","Contact Privacy Inc. Customer 0157854590","96 Mowat Ave","Toronto","ON","M6K 3M1","Canada","middivintage.net@contactprivacy.com","+1.4165385457","","Contact Privacy Inc. Customer 0157854590","Contact Privacy Inc. Customer 0157854590","96 Mowat Ave","Toronto","ON","M6K 3M1","Canada","middivintage.net@contactprivacy.com","+1.4165385457","","Contact Privacy Inc. Customer 0157854590","Contact Privacy Inc. Customer 0157854590","96 Mowat Ave","Toronto","ON","M6K 3M1","Canada","middivintage.net@contactprivacy.com","+1.4165385457","","","","","","","","","","","","ns-cloud-d1.googledomains.com","ns-cloud-d2.googledomains.com","ns-cloud-d3.googledomains.com","ns-cloud-d4.googledomains.com","clientTransferProhibited","clientUpdateProhibited","",""
"53","millenniummoda.net","2020-05-09 23:57:03","2020-05-08","2020-05-08","2021-05-08","69","Tucows Domains Inc.","whois.tucows.com","http://domainhelp.opensrs.net","REDACTED FOR PRIVACY","REDACTED FOR PRIVACY","REDACTED FOR PRIVACY","REDACTED FOR PRIVACY","PG","REDACTED FOR PRIVACY","Italy","","REDACTED FOR PRIVACY","REDACTED FOR PRIVACY","REDACTED FOR PRIVACY","REDACTED FOR PRIVACY","REDACTED FOR PRIVACY","REDACTED FOR PRIVACY","REDACTED FOR PRIVACY","REDACTED FOR PRIVACY","REDACTED FOR PRIVACY","","REDACTED FOR PRIVACY","REDACTED FOR PRIVACY","REDACTED FOR PRIVACY","REDACTED FOR PRIVACY","REDACTED FOR PRIVACY","REDACTED FOR PRIVACY","REDACTED FOR PRIVACY","REDACTED FOR PRIVACY","REDACTED FOR PRIVACY","","REDACTED FOR PRIVACY","REDACTED FOR PRIVACY","","","","","","","","","","","dns.technorail.com","dns2.technorail.com","dns3.arubadns.net","dns4.arubadns.cz","clientTransferProhibited","clientUpdateProhibited","",""
"54","mindspongemag.net","2020-05-09 23:57:01","2020-05-08","2020-05-08","2021-05-08","69","Tucows Domains Inc.","whois.tucows.com","http://domainhelp.opensrs.net","Contact Privacy Inc. Customer 0157855810","Contact Privacy Inc. Customer 0157855810","96 Mowat Ave","Toronto","ON","M6K 3M1","Canada","mindspongemag.net@contactprivacy.com","+1.4165385457","","Contact Privacy Inc. Customer 0157855810","Contact Privacy Inc. Customer 0157855810","96 Mowat Ave","Toronto","ON","M6K 3M1","Canada","mindspongemag.net@contactprivacy.com","+1.4165385457","","Contact Privacy Inc. Customer 0157855810","Contact Privacy Inc. Customer 0157855810","96 Mowat Ave","Toronto","ON","M6K 3M1","Canada","mindspongemag.net@contactprivacy.com","+1.4165385457","","","","","","","","","","","","dns1.p07.nsone.net","dns2.p07.nsone.net","dns3.p07.nsone.net","dns4.p07.nsone.net","clientTransferProhibited","clientUpdateProhibited","",""
"55","minnasaariketo.net","2020-05-09 23:57:01","2020-05-08","2020-05-08","2021-05-08","69","Tucows Domains Inc.","whois.tucows.com","http://domainhelp.opensrs.net","Contact Privacy Inc. Customer 0157860969","Contact Privacy Inc. Customer 0157860969","96 Mowat Ave","Toronto","ON","M6K 3M1","Canada","minnasaariketo.net@contactprivacy.com","+1.4165385457","","Contact Privacy Inc. Customer 0157860969","Contact Privacy Inc. Customer 0157860969","96 Mowat Ave","Toronto","ON","M6K 3M1","Canada","minnasaariketo.net@contactprivacy.com","+1.4165385457","","Contact Privacy Inc. Customer 0157860969","Contact Privacy Inc. Customer 0157860969","96 Mowat Ave","Toronto","ON","M6K 3M1","Canada","minnasaariketo.net@contactprivacy.com","+1.4165385457","","","","","","","","","","","","dns1.p08.nsone.net","dns2.p08.nsone.net","dns3.p08.nsone.net","dns4.p08.nsone.net","clientTransferProhibited","clientUpdateProhibited","",""
"56","mooncr.net","2020-05-09 23:56:53","2020-05-07","2020-05-07","2021-05-07","69","Tucows Domains Inc.","whois.tucows.com","http://domainhelp.opensrs.net","Contact Privacy Inc. Customer 0157855487","Contact Privacy Inc. Customer 0157855487","96 Mowat Ave","Toronto","ON","M6K 3M1","Canada","mooncr.net@contactprivacy.com","+1.4165385457","","Contact Privacy Inc. Customer 0157855487","Contact Privacy Inc. Customer 0157855487","96 Mowat Ave","Toronto","ON","M6K 3M1","Canada","mooncr.net@contactprivacy.com","+1.4165385457","","Contact Privacy Inc. Customer 0157855487","Contact Privacy Inc. Customer 0157855487","96 Mowat Ave","Toronto","ON","M6K 3M1","Canada","mooncr.net@contactprivacy.com","+1.4165385457","","","","","","","","","","","","ns-cloud-a1.googledomains.com","ns-cloud-a2.googledomains.com","ns-cloud-a3.googledomains.com","ns-cloud-a4.googledomains.com","clientTransferProhibited","clientUpdateProhibited","",""
"57","moorecreativearts.net","2020-05-09 23:56:52","2020-05-07","2020-05-07","2021-05-07","69","Tucows Domains Inc.","whois.tucows.com","http://domainhelp.opensrs.net","Contact Privacy Inc. Customer 0157854974","Contact Privacy Inc. Customer 0157854974","96 Mowat Ave","Toronto","ON","M6K 3M1","Canada","moorecreativearts.net@contactprivacy.com","+1.4165385457","","Contact Privacy Inc. Customer 0157854974","Contact Privacy Inc. Customer 0157854974","96 Mowat Ave","Toronto","ON","M6K 3M1","Canada","moorecreativearts.net@contactprivacy.com","+1.4165385457","","Contact Privacy Inc. Customer 0157854974","Contact Privacy Inc. Customer 0157854974","96 Mowat Ave","Toronto","ON","M6K 3M1","Canada","moorecreativearts.net@contactprivacy.com","+1.4165385457","","","","","","","","","","","","dns1.p02.nsone.net","dns2.p02.nsone.net","dns3.p02.nsone.net","dns4.p02.nsone.net","clientTransferProhibited","clientUpdateProhibited","",""
"58","motonauticags.net","2020-05-09 23:56:51","2020-05-08","2020-05-08","2021-05-08","69","Tucows Domains Inc.","whois.tucows.com","http://domainhelp.opensrs.net","REDACTED FOR PRIVACY","REDACTED FOR PRIVACY","REDACTED FOR PRIVACY","REDACTED FOR PRIVACY","LI","REDACTED FOR PRIVACY","Italy","","REDACTED FOR PRIVACY","REDACTED FOR PRIVACY","REDACTED FOR PRIVACY","REDACTED FOR PRIVACY","REDACTED FOR PRIVACY","REDACTED FOR PRIVACY","REDACTED FOR PRIVACY","REDACTED FOR PRIVACY","REDACTED FOR PRIVACY","","REDACTED FOR PRIVACY","REDACTED FOR PRIVACY","REDACTED FOR PRIVACY","REDACTED FOR PRIVACY","REDACTED FOR PRIVACY","REDACTED FOR PRIVACY","REDACTED FOR PRIVACY","REDACTED FOR PRIVACY","REDACTED FOR PRIVACY","","REDACTED FOR PRIVACY","REDACTED FOR PRIVACY","","","","","","","","","","","ns.abdns.biz","ns.abdns.eu","ns.abdns.info","","clientTransferProhibited","clientUpdateProhibited","",""
"59","myaramedia.net","2020-05-09 23:56:49","2020-05-08","2020-05-08","2021-05-08","69","Tucows Domains Inc.","whois.tucows.com","http://domainhelp.opensrs.net","REDACTED FOR PRIVACY","REDACTED FOR PRIVACY","REDACTED FOR PRIVACY","REDACTED FOR PRIVACY","75","REDACTED FOR PRIVACY","France","","REDACTED FOR PRIVACY","REDACTED FOR PRIVACY","REDACTED FOR PRIVACY","REDACTED FOR PRIVACY","REDACTED FOR PRIVACY","REDACTED FOR PRIVACY","REDACTED FOR PRIVACY","REDACTED FOR PRIVACY","REDACTED FOR PRIVACY","","REDACTED FOR PRIVACY","REDACTED FOR PRIVACY","REDACTED FOR PRIVACY","REDACTED FOR PRIVACY","REDACTED FOR PRIVACY","REDACTED FOR PRIVACY","REDACTED FOR PRIVACY","REDACTED FOR PRIVACY","REDACTED FOR PRIVACY","","REDACTED FOR PRIVACY","REDACTED FOR PRIVACY","","","","","","","","","","","ns1.site4now.net","ns2.site4now.net","ns3.site4now.net","","","","",""
"60","myfavoritedeli.net","2020-05-09 23:56:42","2020-05-07","2020-05-07","2021-05-07","69","Tucows Domains Inc.","whois.tucows.com","http://domainhelp.opensrs.net","Contact Privacy Inc. Customer 0157850847","Contact Privacy Inc. Customer 0157850847","96 Mowat Ave","Toronto","ON","M6K 3M1","Canada","myfavoritedeli.net@contactprivacy.com","+1.4165385457","","Contact Privacy Inc. Customer 0157850847","Contact Privacy Inc. Customer 0157850847","96 Mowat Ave","Toronto","ON","M6K 3M1","Canada","myfavoritedeli.net@contactprivacy.com","+1.4165385457","","Contact Privacy Inc. Customer 0157850847","Contact Privacy Inc. Customer 0157850847","96 Mowat Ave","Toronto","ON","M6K 3M1","Canada","myfavoritedeli.net@contactprivacy.com","+1.4165385457","","","","","","","","","","","","dns1.p08.nsone.net","dns2.p08.nsone.net","dns3.p08.nsone.net","dns4.p08.nsone.net","clientTransferProhibited","clientUpdateProhibited","",""
"61","myofs.net","2020-05-09 23:56:40","2020-05-07","2020-05-07","2021-05-07","69","Tucows Domains Inc.","whois.tucows.com","http://domainhelp.opensrs.net","REDACTED FOR PRIVACY","REDACTED FOR PRIVACY","REDACTED FOR PRIVACY","REDACTED FOR PRIVACY","REDACTED FOR PRIVACY","REDACTED FOR PRIVACY","Switzerland","","REDACTED FOR PRIVACY","REDACTED FOR PRIVACY","REDACTED FOR PRIVACY","REDACTED FOR PRIVACY","REDACTED FOR PRIVACY","REDACTED FOR PRIVACY","REDACTED FOR PRIVACY","REDACTED FOR PRIVACY","REDACTED FOR PRIVACY","","REDACTED FOR PRIVACY","REDACTED FOR PRIVACY","REDACTED FOR PRIVACY","REDACTED FOR PRIVACY","REDACTED FOR PRIVACY","REDACTED FOR PRIVACY","REDACTED FOR PRIVACY","REDACTED FOR PRIVACY","REDACTED FOR PRIVACY","","REDACTED FOR PRIVACY","REDACTED FOR PRIVACY","","","","","","","","","","","logan.ns.cloudflare.com","maya.ns.cloudflare.com","","","OK","","",""
"62","naslap0.com","2020-05-09 16:01:27","2020-05-09","2020-05-09","2021-05-09","69","Tucows Domains Inc.","whois.tucows.com","http://domainhelp.opensrs.net","Contact Privacy Inc. Customer 0157873115","Contact Privacy Inc. Customer 0157873115","96 Mowat Ave","Toronto","ON","M6K 3M1","Canada","naslap0.com@contactprivacy.com","+1.4165385457","","Contact Privacy Inc. Customer 0157873115","Contact Privacy Inc. Customer 0157873115","96 Mowat Ave","Toronto","ON","M6K 3M1","Canada","naslap0.com@contactprivacy.com","+1.4165385457","","Contact Privacy Inc. Customer 0157873115","Contact Privacy Inc. Customer 0157873115","96 Mowat Ave","Toronto","ON","M6K 3M1","Canada","naslap0.com@contactprivacy.com","+1.4165385457","","","","","","","","","","","","ns1.servconfig.com","ns2.servconfig.com","","","clientTransferProhibited","clientUpdateProhibited","",""
"63","natural-home.net","2020-05-09 23:56:36","2020-05-07","2020-05-07","2021-05-07","69","Tucows Domains Inc.","whois.tucows.com","http://domainhelp.opensrs.net","Contact Privacy Inc. Customer 0157852349","Contact Privacy Inc. Customer 0157852349","96 Mowat Ave","Toronto","ON","M6K 3M1","Canada","natural-home.net@contactprivacy.com","+1.4165385457","","Contact Privacy Inc. Customer 0157852349","Contact Privacy Inc. Customer 0157852349","96 Mowat Ave","Toronto","ON","M6K 3M1","Canada","natural-home.net@contactprivacy.com","+1.4165385457","","Contact Privacy Inc. Customer 0157852349","Contact Privacy Inc. Customer 0157852349","96 Mowat Ave","Toronto","ON","M6K 3M1","Canada","natural-home.net@contactprivacy.com","+1.4165385457","","","","","","","","","","","","ns-cloud-a1.googledomains.com","ns-cloud-a2.googledomains.com","ns-cloud-a3.googledomains.com","ns-cloud-a4.googledomains.com","clientTransferProhibited","clientUpdateProhibited","",""
"64","naufalcream.net","2020-05-09 23:56:30","2020-05-08","2020-05-08","2021-05-08","69","Tucows Domains Inc.","whois.tucows.com","http://domainhelp.opensrs.net","Contact Privacy Inc. Customer 0157861340","Contact Privacy Inc. Customer 0157861340","96 Mowat Ave","Toronto","ON","M6K 3M1","Canada","naufalcream.net@contactprivacy.com","+1.4165385457","","Contact Privacy Inc. Customer 0157861340","Contact Privacy Inc. Customer 0157861340","96 Mowat Ave","Toronto","ON","M6K 3M1","Canada","naufalcream.net@contactprivacy.com","+1.4165385457","","Contact Privacy Inc. Customer 0157861340","Contact Privacy Inc. Customer 0157861340","96 Mowat Ave","Toronto","ON","M6K 3M1","Canada","naufalcream.net@contactprivacy.com","+1.4165385457","","","","","","","","","","","","ns1.systemdns.com","ns2.systemdns.com","ns3.systemdns.com","","clientTransferProhibited","clientUpdateProhibited","",""
"65","nepaltime.net","2020-05-09 23:56:27","2020-05-07","2020-05-07","2021-05-07","69","Tucows Domains Inc.","whois.tucows.com","http://domainhelp.opensrs.net","Contact Privacy Inc. Customer 0157851490","Contact Privacy Inc. Customer 0157851490","96 Mowat Ave","Toronto","ON","M6K 3M1","Canada","nepaltime.net@contactprivacy.com","+1.4165385457","","Contact Privacy Inc. Customer 0157851490","Contact Privacy Inc. Customer 0157851490","96 Mowat Ave","Toronto","ON","M6K 3M1","Canada","nepaltime.net@contactprivacy.com","+1.4165385457","","Contact Privacy Inc. Customer 0157851490","Contact Privacy Inc. Customer 0157851490","96 Mowat Ave","Toronto","ON","M6K 3M1","Canada","nepaltime.net@contactprivacy.com","+1.4165385457","","","","","","","","","","","","ns1.systemdns.com","ns2.systemdns.com","ns3.systemdns.com","","OK","","",""
"66","newgenstrateg1es.net","2020-05-09 23:56:25","2020-05-07","2020-05-09","2021-05-07","69","Tucows Domains Inc.","whois.tucows.com","http://domainhelp.opensrs.net","REDACTED FOR PRIVACY","REDACTED FOR PRIVACY","REDACTED FOR PRIVACY","REDACTED FOR PRIVACY","Eastern Cape","REDACTED FOR PRIVACY","South Africa","","REDACTED FOR PRIVACY","REDACTED FOR PRIVACY","REDACTED FOR PRIVACY","REDACTED FOR PRIVACY","REDACTED FOR PRIVACY","REDACTED FOR PRIVACY","REDACTED FOR PRIVACY","REDACTED FOR PRIVACY","REDACTED FOR PRIVACY","","REDACTED FOR PRIVACY","REDACTED FOR PRIVACY","REDACTED FOR PRIVACY","REDACTED FOR PRIVACY","REDACTED FOR PRIVACY","REDACTED FOR PRIVACY","REDACTED FOR PRIVACY","REDACTED FOR PRIVACY","REDACTED FOR PRIVACY","","REDACTED FOR PRIVACY","REDACTED FOR PRIVACY","","","","","","","","","","","h45ns1.axxesslocal.co.za","h45ns2.axxesslocal.co.za","","","clientTransferProhibited","clientUpdateProhibited","",""
"67","nimblewords.net","2020-05-09 23:56:17","2020-05-08","2020-05-08","2021-05-08","69","Tucows Domains Inc.","whois.tucows.com","http://domainhelp.opensrs.net","Contact Privacy Inc. Customer 0157858032","Contact Privacy Inc. Customer 0157858032","96 Mowat Ave","Toronto","ON","M6K 3M1","Canada","nimblewords.net@contactprivacy.com","+1.4165385457","","Contact Privacy Inc. Customer 0157858032","Contact Privacy Inc. Customer 0157858032","96 Mowat Ave","Toronto","ON","M6K 3M1","Canada","nimblewords.net@contactprivacy.com","+1.4165385457","","Contact Privacy Inc. Customer 0157858032","Contact Privacy Inc. Customer 0157858032","96 Mowat Ave","Toronto","ON","M6K 3M1","Canada","nimblewords.net@contactprivacy.com","+1.4165385457","","","","","","","","","","","","ns1.systemdns.com","ns2.systemdns.com","ns3.systemdns.com","","clientTransferProhibited","clientUpdateProhibited","",""
"68","noahroberts.net","2020-05-09 23:56:13","2020-05-08","2020-05-08","2021-05-08","69","Tucows Domains Inc.","whois.tucows.com","http://domainhelp.opensrs.net","Contact Privacy Inc. Customer 0157856684","Contact Privacy Inc. Customer 0157856684","96 Mowat Ave","Toronto","ON","M6K 3M1","Canada","noahroberts.net@contactprivacy.com","+1.4165385457","","Contact Privacy Inc. Customer 0157856684","Contact Privacy Inc. Customer 0157856684","96 Mowat Ave","Toronto","ON","M6K 3M1","Canada","noahroberts.net@contactprivacy.com","+1.4165385457","","Contact Privacy Inc. Customer 0157856684","Contact Privacy Inc. Customer 0157856684","96 Mowat Ave","Toronto","ON","M6K 3M1","Canada","noahroberts.net@contactprivacy.com","+1.4165385457","","","","","","","","","","","","ns1.hover.com","ns2.hover.com","","","clientTransferProhibited","clientUpdateProhibited","",""
"69","northhills.club","2020-05-09 20:35:31","2020-05-07","2020-05-07","2021-05-07","69","Tucows Domains Inc.","whois.tucows.com","http://domainhelp.opensrs.net","Contact Privacy Inc. Customer 0157854758","Contact Privacy Inc. Customer 0157854758","","","ON","","Canada","","","","","","","","","","","","","","","","","","","","","","","","","","","","","","","","","","ns-cloud-d1.googledomains.com","ns-cloud-d2.googledomains.com","ns-cloud-d3.googledomains.com","ns-cloud-d4.googledomains.com","addPeriod","clientTransferProhibited","clientUpdateProhibited",""
"70","oeuvrelink.net","2020-05-09 23:56:05","2020-05-07","2020-05-07","2021-05-07","69","Tucows Domains Inc.","whois.tucows.com","http://domainhelp.opensrs.net","Contact Privacy Inc. Customer 0157853151","Contact Privacy Inc. Customer 0157853151","96 Mowat Ave","Toronto","ON","M6K 3M1","Canada","oeuvrelink.net@contactprivacy.com","+1.4165385457","","Contact Privacy Inc. Customer 0157853151","Contact Privacy Inc. Customer 0157853151","96 Mowat Ave","Toronto","ON","M6K 3M1","Canada","oeuvrelink.net@contactprivacy.com","+1.4165385457","","Contact Privacy Inc. Customer 0157853151","Contact Privacy Inc. Customer 0157853151","96 Mowat Ave","Toronto","ON","M6K 3M1","Canada","oeuvrelink.net@contactprivacy.com","+1.4165385457","","","","","","","","","","","","ns1.mdnsservice.com","ns2.mdnsservice.com","ns3.mdnsservice.com","","clientTransferProhibited","clientUpdateProhibited","",""
"71","onwalker.net","2020-05-09 23:56:02","2020-05-08","2020-05-08","2021-05-08","69","Tucows Domains Inc.","whois.tucows.com","http://domainhelp.opensrs.net","Contact Privacy Inc. Customer 0157860570","Contact Privacy Inc. Customer 0157860570","96 Mowat Ave","Toronto","ON","M6K 3M1","Canada","onwalker.net@contactprivacy.com","+1.4165385457","","Contact Privacy Inc. Customer 0157860570","Contact Privacy Inc. Customer 0157860570","96 Mowat Ave","Toronto","ON","M6K 3M1","Canada","onwalker.net@contactprivacy.com","+1.4165385457","","Contact Privacy Inc. Customer 0157860570","Contact Privacy Inc. Customer 0157860570","96 Mowat Ave","Toronto","ON","M6K 3M1","Canada","onwalker.net@contactprivacy.com","+1.4165385457","","","","","","","","","","","","ns-cloud-a1.googledomains.com","ns-cloud-a2.googledomains.com","ns-cloud-a3.googledomains.com","ns-cloud-a4.googledomains.com","clientTransferProhibited","clientUpdateProhibited","",""
"72","ovrlp.net","2020-05-09 23:56:04","2020-05-07","2020-05-07","2021-05-07","69","Tucows Domains Inc.","whois.tucows.com","http://domainhelp.opensrs.net","Contact Privacy Inc. Customer 0157853349","Contact Privacy Inc. Customer 0157853349","96 Mowat Ave","Toronto","ON","M6K 3M1","Canada","ovrlp.net@contactprivacy.com","+1.4165385457","","Contact Privacy Inc. Customer 0157853349","Contact Privacy Inc. Customer 0157853349","96 Mowat Ave","Toronto","ON","M6K 3M1","Canada","ovrlp.net@contactprivacy.com","+1.4165385457","","Contact Privacy Inc. Customer 0157853349","Contact Privacy Inc. Customer 0157853349","96 Mowat Ave","Toronto","ON","M6K 3M1","Canada","ovrlp.net@contactprivacy.com","+1.4165385457","","","","","","","","","","","","ns-cloud-d1.googledomains.com","ns-cloud-d2.googledomains.com","ns-cloud-d3.googledomains.com","ns-cloud-d4.googledomains.com","clientTransferProhibited","clientUpdateProhibited","",""
"73","pacificalawgroup.net","2020-05-09 23:56:03","2020-05-07","2020-05-07","2021-05-07","69","Tucows Domains Inc.","whois.tucows.com","http://domainhelp.opensrs.net","REDACTED FOR PRIVACY","REDACTED FOR PRIVACY","REDACTED FOR PRIVACY","REDACTED FOR PRIVACY","Charlestown","REDACTED FOR PRIVACY","Saint Kitts and Nevis","","REDACTED FOR PRIVACY","REDACTED FOR PRIVACY","REDACTED FOR PRIVACY","REDACTED FOR PRIVACY","REDACTED FOR PRIVACY","REDACTED FOR PRIVACY","REDACTED FOR PRIVACY","REDACTED FOR PRIVACY","REDACTED FOR PRIVACY","","REDACTED FOR PRIVACY","REDACTED FOR PRIVACY","REDACTED FOR PRIVACY","REDACTED FOR PRIVACY","REDACTED FOR PRIVACY","REDACTED FOR PRIVACY","REDACTED FOR PRIVACY","REDACTED FOR PRIVACY","REDACTED FOR PRIVACY","","REDACTED FOR PRIVACY","REDACTED FOR PRIVACY","","","","","","","","","","","1-you.njalla.no","2-can.njalla.in","3-get.njalla.fo","","clientTransferProhibited","clientUpdateProhibited","",""
"74","paintrollerpro.net","2020-05-09 23:56:01","2020-05-08","2020-05-08","2021-05-08","69","Tucows Domains Inc.","whois.tucows.com","http://domainhelp.opensrs.net","Contact Privacy Inc. Customer 0157857484","Contact Privacy Inc. Customer 0157857484","96 Mowat Ave","Toronto","ON","M6K 3M1","Canada","paintrollerpro.net@contactprivacy.com","+1.4165385457","","Contact Privacy Inc. Customer 0157857484","Contact Privacy Inc. Customer 0157857484","96 Mowat Ave","Toronto","ON","M6K 3M1","Canada","paintrollerpro.net@contactprivacy.com","+1.4165385457","","Contact Privacy Inc. Customer 0157857484","Contact Privacy Inc. Customer 0157857484","96 Mowat Ave","Toronto","ON","M6K 3M1","Canada","paintrollerpro.net@contactprivacy.com","+1.4165385457","","","","","","","","","","","","ns-cloud-b1.googledomains.com","ns-cloud-b2.googledomains.com","ns-cloud-b3.googledomains.com","ns-cloud-b4.googledomains.com","clientTransferProhibited","clientUpdateProhibited","",""
"75","palestre.net","2020-05-09 23:56:00","2020-05-08","2020-05-08","2021-05-08","69","Tucows Domains Inc.","whois.tucows.com","http://domainhelp.opensrs.net","REDACTED FOR PRIVACY","REDACTED FOR PRIVACY","REDACTED FOR PRIVACY","REDACTED FOR PRIVACY","IT","REDACTED FOR PRIVACY","Italy","","REDACTED FOR PRIVACY","REDACTED FOR PRIVACY","REDACTED FOR PRIVACY","REDACTED FOR PRIVACY","REDACTED FOR PRIVACY","REDACTED FOR PRIVACY","REDACTED FOR PRIVACY","REDACTED FOR PRIVACY","REDACTED FOR PRIVACY","","REDACTED FOR PRIVACY","REDACTED FOR PRIVACY","REDACTED FOR PRIVACY","REDACTED FOR PRIVACY","REDACTED FOR PRIVACY","REDACTED FOR PRIVACY","REDACTED FOR PRIVACY","REDACTED FOR PRIVACY","REDACTED FOR PRIVACY","","REDACTED FOR PRIVACY","REDACTED FOR PRIVACY","","","","","","","","","","","ns1.publinord.com","ns2.publinord.com","","","clientTransferProhibited","clientUpdateProhibited","",""
"76","patriotburgers.net","2020-05-09 23:55:59","2020-05-07","2020-05-07","2021-05-07","69","Tucows Domains Inc.","whois.tucows.com","http://domainhelp.opensrs.net","REDACTED FOR PRIVACY","REDACTED FOR PRIVACY","REDACTED FOR PRIVACY","REDACTED FOR PRIVACY","WI","REDACTED FOR PRIVACY","United States","","REDACTED FOR PRIVACY","REDACTED FOR PRIVACY","REDACTED FOR PRIVACY","REDACTED FOR PRIVACY","REDACTED FOR PRIVACY","REDACTED FOR PRIVACY","REDACTED FOR PRIVACY","REDACTED FOR PRIVACY","REDACTED FOR PRIVACY","","REDACTED FOR PRIVACY","REDACTED FOR PRIVACY","REDACTED FOR PRIVACY","REDACTED FOR PRIVACY","REDACTED FOR PRIVACY","REDACTED FOR PRIVACY","REDACTED FOR PRIVACY","REDACTED FOR PRIVACY","REDACTED FOR PRIVACY","","REDACTED FOR PRIVACY","REDACTED FOR PRIVACY","","","","","","","","","","","parking1.mdnsservice.com","parking2.mdnsservice.com","","","clientTransferProhibited","clientUpdateProhibited","",""
"77","philosophytoday.net","2020-05-09 23:55:57","2020-05-07","2020-05-07","2021-05-07","69","Tucows Domains Inc.","whois.tucows.com","http://domainhelp.opensrs.net","Contact Privacy Inc. Customer 0157853176","Contact Privacy Inc. Customer 0157853176","96 Mowat Ave","Toronto","ON","M6K 3M1","Canada","philosophytoday.net@contactprivacy.com","+1.4165385457","","Contact Privacy Inc. Customer 0157853176","Contact Privacy Inc. Customer 0157853176","96 Mowat Ave","Toronto","ON","M6K 3M1","Canada","philosophytoday.net@contactprivacy.com","+1.4165385457","","Contact Privacy Inc. Customer 0157853176","Contact Privacy Inc. Customer 0157853176","96 Mowat Ave","Toronto","ON","M6K 3M1","Canada","philosophytoday.net@contactprivacy.com","+1.4165385457","","","","","","","","","","","","ns1.systemdns.com","ns2.systemdns.com","ns3.systemdns.com","","clientTransferProhibited","clientUpdateProhibited","",""
"78","phonegirl.net","2020-05-09 23:55:56","2020-05-07","2020-05-07","2021-05-07","69","Tucows Domains Inc.","whois.tucows.com","http://domainhelp.opensrs.net","Contact Privacy Inc. Customer 0157851042","Contact Privacy Inc. Customer 0157851042","96 Mowat Ave","Toronto","ON","M6K 3M1","Canada","phonegirl.net@contactprivacy.com","+1.4165385457","","Contact Privacy Inc. Customer 0157851042","Contact Privacy Inc. Customer 0157851042","96 Mowat Ave","Toronto","ON","M6K 3M1","Canada","phonegirl.net@contactprivacy.com","+1.4165385457","","Contact Privacy Inc. Customer 0157851042","Contact Privacy Inc. Customer 0157851042","96 Mowat Ave","Toronto","ON","M6K 3M1","Canada","phonegirl.net@contactprivacy.com","+1.4165385457","","","","","","","","","","","","ns1.webstarts.com","ns2.webstarts.com","","","clientTransferProhibited","clientUpdateProhibited","",""
"79","phototwists.net","2020-05-09 23:55:57","2020-05-07","2020-05-07","2021-05-07","69","Tucows Domains Inc.","whois.tucows.com","http://domainhelp.opensrs.net","Contact Privacy Inc. Customer 0157851551","Contact Privacy Inc. Customer 0157851551","96 Mowat Ave","Toronto","ON","M6K 3M1","Canada","phototwists.net@contactprivacy.com","+1.4165385457","","Contact Privacy Inc. Customer 0157851551","Contact Privacy Inc. Customer 0157851551","96 Mowat Ave","Toronto","ON","M6K 3M1","Canada","phototwists.net@contactprivacy.com","+1.4165385457","","Contact Privacy Inc. Customer 0157851551","Contact Privacy Inc. Customer 0157851551","96 Mowat Ave","Toronto","ON","M6K 3M1","Canada","phototwists.net@contactprivacy.com","+1.4165385457","","","","","","","","","","","","dns1.p05.nsone.net","dns2.p05.nsone.net","dns3.p05.nsone.net","dns4.p05.nsone.net","clientTransferProhibited","clientUpdateProhibited","",""
"80","pinecreststables.net","2020-05-09 23:55:55","2020-05-08","2020-05-09","2021-05-08","69","Tucows Domains Inc.","whois.tucows.com","http://domainhelp.opensrs.net","Contact Privacy Inc. Customer 0157858465","Contact Privacy Inc. Customer 0157858465","96 Mowat Ave","Toronto","ON","M6K 3M1","Canada","pinecreststables.net@contactprivacy.com","+1.4165385457","","Contact Privacy Inc. Customer 0157858465","Contact Privacy Inc. Customer 0157858465","96 Mowat Ave","Toronto","ON","M6K 3M1","Canada","pinecreststables.net@contactprivacy.com","+1.4165385457","","Contact Privacy Inc. Customer 0157858465","Contact Privacy Inc. Customer 0157858465","96 Mowat Ave","Toronto","ON","M6K 3M1","Canada","pinecreststables.net@contactprivacy.com","+1.4165385457","","","","","","","","","","","","dns1.p08.nsone.net","dns2.p08.nsone.net","dns3.p08.nsone.net","dns4.p08.nsone.net","clientTransferProhibited","clientUpdateProhibited","",""
"81","plandeals.net","2020-05-09 23:55:54","2020-05-08","2020-05-08","2021-05-08","69","Tucows Domains Inc.","whois.tucows.com","http://domainhelp.opensrs.net","Contact Privacy Inc. Customer 0157862463","Contact Privacy Inc. Customer 0157862463","96 Mowat Ave","Toronto","ON","M6K 3M1","Canada","plandeals.net@contactprivacy.com","+1.4165385457","","Contact Privacy Inc. Customer 0157862463","Contact Privacy Inc. Customer 0157862463","96 Mowat Ave","Toronto","ON","M6K 3M1","Canada","plandeals.net@contactprivacy.com","+1.4165385457","","Contact Privacy Inc. Customer 0157862463","Contact Privacy Inc. Customer 0157862463","96 Mowat Ave","Toronto","ON","M6K 3M1","Canada","plandeals.net@contactprivacy.com","+1.4165385457","","","","","","","","","","","","ns-cloud-c1.googledomains.com","ns-cloud-c2.googledomains.com","ns-cloud-c3.googledomains.com","ns-cloud-c4.googledomains.com","clientTransferProhibited","clientUpdateProhibited","",""
"82","plus1health.club","2020-05-09 20:35:17","2020-05-07","2020-05-07","2021-05-07","69","Tucows Domains Inc.","whois.tucows.com","http://domainhelp.opensrs.net","Data Protected","Data Protected","","","ON","","Canada","","","","","","","","","","","","","","","","","","","","","","","","","","","","","","","","","","dns.technorail.com","dns2.technorail.com","dns3.arubadns.net","dns4.arubadns.cz","addPeriod","clientTransferProhibited","clientUpdateProhibited",""
"83","portaldeempregos.net","2020-05-09 23:55:58","2020-05-08","2020-05-08","2021-05-08","69","Tucows Domains Inc.","whois.tucows.com","http://domainhelp.opensrs.net","REDACTED FOR PRIVACY","REDACTED FOR PRIVACY","REDACTED FOR PRIVACY","REDACTED FOR PRIVACY","SP","REDACTED FOR PRIVACY","Brazil","","REDACTED FOR PRIVACY","REDACTED FOR PRIVACY","REDACTED FOR PRIVACY","REDACTED FOR PRIVACY","REDACTED FOR PRIVACY","REDACTED FOR PRIVACY","REDACTED FOR PRIVACY","REDACTED FOR PRIVACY","REDACTED FOR PRIVACY","","REDACTED FOR PRIVACY","REDACTED FOR PRIVACY","REDACTED FOR PRIVACY","REDACTED FOR PRIVACY","REDACTED FOR PRIVACY","REDACTED FOR PRIVACY","REDACTED FOR PRIVACY","REDACTED FOR PRIVACY","REDACTED FOR PRIVACY","","REDACTED FOR PRIVACY","REDACTED FOR PRIVACY","","","","","","","","","","","ns1.dominios.uol.com.br","ns2.dominios.uol.com.br","ns3.dominios.uol.com.br","","","","",""
"84","portsouth.net","2020-05-09 23:55:52","2020-05-08","2020-05-08","2021-05-08","69","Tucows Domains Inc.","whois.tucows.com","http://domainhelp.opensrs.net","Contact Privacy Inc. Customer 0157856983","Contact Privacy Inc. Customer 0157856983","96 Mowat Ave","Toronto","ON","M6K 3M1","Canada","portsouth.net@contactprivacy.com","+1.4165385457","","Contact Privacy Inc. Customer 0157856983","Contact Privacy Inc. Customer 0157856983","96 Mowat Ave","Toronto","ON","M6K 3M1","Canada","portsouth.net@contactprivacy.com","+1.4165385457","","Contact Privacy Inc. Customer 0157856983","Contact Privacy Inc. Customer 0157856983","96 Mowat Ave","Toronto","ON","M6K 3M1","Canada","portsouth.net@contactprivacy.com","+1.4165385457","","","","","","","","","","","","ns-cloud-c1.googledomains.com","ns-cloud-c2.googledomains.com","ns-cloud-c3.googledomains.com","ns-cloud-c4.googledomains.com","clientTransferProhibited","clientUpdateProhibited","",""
"85","postamat.club","2020-05-09 20:35:16","2020-05-07","2020-05-08","2021-05-07","69","Tucows Domains Inc.","whois.tucows.com","http://domainhelp.opensrs.net","Contact Privacy Inc. Customer 0157854917","Contact Privacy Inc. Customer 0157854917","","","ON","","Canada","","","","","","","","","","","","","","","","","","","","","","","","","","","","","","","","","","ns1.reg.ru","ns2.reg.ru","","","addPeriod","ok","",""
"86","posturefixr.net","2020-05-09 23:55:52","2020-05-08","2020-05-08","2021-05-08","69","Tucows Domains Inc.","whois.tucows.com","http://domainhelp.opensrs.net","Contact Privacy Inc. Customer 0157862503","Contact Privacy Inc. Customer 0157862503","96 Mowat Ave","Toronto","ON","M6K 3M1","Canada","posturefixr.net@contactprivacy.com","+1.4165385457","","Contact Privacy Inc. Customer 0157862503","Contact Privacy Inc. Customer 0157862503","96 Mowat Ave","Toronto","ON","M6K 3M1","Canada","posturefixr.net@contactprivacy.com","+1.4165385457","","Contact Privacy Inc. Customer 0157862503","Contact Privacy Inc. Customer 0157862503","96 Mowat Ave","Toronto","ON","M6K 3M1","Canada","posturefixr.net@contactprivacy.com","+1.4165385457","","","","","","","","","","","","ns-cloud-b1.googledomains.com","ns-cloud-b2.googledomains.com","ns-cloud-b3.googledomains.com","ns-cloud-b4.googledomains.com","clientTransferProhibited","clientUpdateProhibited","",""
"87","power1001.net","2020-05-09 23:55:58","2020-05-07","2020-05-08","2021-05-07","69","Tucows Domains Inc.","whois.tucows.com","http://domainhelp.opensrs.net","Contact Privacy Inc. Customer 0157854625","Contact Privacy Inc. Customer 0157854625","96 Mowat Ave","Toronto","ON","M6K 3M1","Canada","power1001.net@contactprivacy.com","+1.4165385457","","Contact Privacy Inc. Customer 0157854625","Contact Privacy Inc. Customer 0157854625","96 Mowat Ave","Toronto","ON","M6K 3M1","Canada","power1001.net@contactprivacy.com","+1.4165385457","","Contact Privacy Inc. Customer 0157854625","Contact Privacy Inc. Customer 0157854625","96 Mowat Ave","Toronto","ON","M6K 3M1","Canada","power1001.net@contactprivacy.com","+1.4165385457","","","","","","","","","","","","ns1.expired.homestead.com","ns2.expired.homestead.com","","","clientTransferProhibited","clientUpdateProhibited","",""
"88","precisioncontact.net","2020-05-09 23:55:52","2020-05-08","2020-05-08","2021-05-08","69","Tucows Domains Inc.","whois.tucows.com","http://domainhelp.opensrs.net","Contact Privacy Inc. Customer 0157857299","Contact Privacy Inc. Customer 0157857299","96 Mowat Ave","Toronto","ON","M6K 3M1","Canada","precisioncontact.net@contactprivacy.com","+1.4165385457","","Contact Privacy Inc. Customer 0157857299","Contact Privacy Inc. Customer 0157857299","96 Mowat Ave","Toronto","ON","M6K 3M1","Canada","precisioncontact.net@contactprivacy.com","+1.4165385457","","Contact Privacy Inc. Customer 0157857299","Contact Privacy Inc. Customer 0157857299","96 Mowat Ave","Toronto","ON","M6K 3M1","Canada","precisioncontact.net@contactprivacy.com","+1.4165385457","","","","","","","","","","","","ns1.hover.com","ns2.hover.com","","","clientTransferProhibited","clientUpdateProhibited","",""
"89","prestigegamer.net","2020-05-09 23:55:52","2020-05-08","2020-05-08","2021-05-08","69","Tucows Domains Inc.","whois.tucows.com","http://domainhelp.opensrs.net","REDACTED FOR PRIVACY","REDACTED FOR PRIVACY","REDACTED FOR PRIVACY","REDACTED FOR PRIVACY","Greater Manchester","REDACTED FOR PRIVACY","United Kingdom","","REDACTED FOR PRIVACY","REDACTED FOR PRIVACY","REDACTED FOR PRIVACY","REDACTED FOR PRIVACY","REDACTED FOR PRIVACY","REDACTED FOR PRIVACY","REDACTED FOR PRIVACY","REDACTED FOR PRIVACY","REDACTED FOR PRIVACY","","REDACTED FOR PRIVACY","REDACTED FOR PRIVACY","REDACTED FOR PRIVACY","REDACTED FOR PRIVACY","REDACTED FOR PRIVACY","REDACTED FOR PRIVACY","REDACTED FOR PRIVACY","REDACTED FOR PRIVACY","REDACTED FOR PRIVACY","","REDACTED FOR PRIVACY","REDACTED FOR PRIVACY","","","","","","","","","","","ns1.livedns.co.uk","ns2.livedns.co.uk","ns3.livedns.co.uk","","clientTransferProhibited","clientUpdateProhibited","",""
"90","prettyish.net","2020-05-09 23:55:57","2020-05-07","2020-05-09","2021-05-07","69","Tucows Domains Inc.","whois.tucows.com","http://domainhelp.opensrs.net","Contact Privacy Inc. Customer 0157854724","Contact Privacy Inc. Customer 0157854724","96 Mowat Ave","Toronto","ON","M6K 3M1","Canada","prettyish.net@contactprivacy.com","+1.4165385457","","Contact Privacy Inc. Customer 0157854724","Contact Privacy Inc. Customer 0157854724","96 Mowat Ave","Toronto","ON","M6K 3M1","Canada","prettyish.net@contactprivacy.com","+1.4165385457","","Contact Privacy Inc. Customer 0157854724","Contact Privacy Inc. Customer 0157854724","96 Mowat Ave","Toronto","ON","M6K 3M1","Canada","prettyish.net@contactprivacy.com","+1.4165385457","","","","","","","","","","","","dns1.p02.nsone.net","dns2.p02.nsone.net","dns3.p02.nsone.net","dns4.p02.nsone.net","clientTransferProhibited","clientUpdateProhibited","",""
"91","promisedlandseed.net","2020-05-09 23:55:52","2020-05-07","2020-05-07","2021-05-07","69","Tucows Domains Inc.","whois.tucows.com","http://domainhelp.opensrs.net","Contact Privacy Inc. Customer 0157851697","Contact Privacy Inc. Customer 0157851697","96 Mowat Ave","Toronto","ON","M6K 3M1","Canada","promisedlandseed.net@contactprivacy.com","+1.4165385457","","Contact Privacy Inc. Customer 0157851697","Contact Privacy Inc. Customer 0157851697","96 Mowat Ave","Toronto","ON","M6K 3M1","Canada","promisedlandseed.net@contactprivacy.com","+1.4165385457","","Contact Privacy Inc. Customer 0157851697","Contact Privacy Inc. Customer 0157851697","96 Mowat Ave","Toronto","ON","M6K 3M1","Canada","promisedlandseed.net@contactprivacy.com","+1.4165385457","","","","","","","","","","","","logan.ns.cloudflare.com","maya.ns.cloudflare.com","","","OK","","",""
"92","promisedlandseeds.net","2020-05-09 23:55:52","2020-05-07","2020-05-07","2021-05-07","69","Tucows Domains Inc.","whois.tucows.com","http://domainhelp.opensrs.net","Contact Privacy Inc. Customer 0157851696","Contact Privacy Inc. Customer 0157851696","96 Mowat Ave","Toronto","ON","M6K 3M1","Canada","promisedlandseeds.net@contactprivacy.com","+1.4165385457","","Contact Privacy Inc. Customer 0157851696","Contact Privacy Inc. Customer 0157851696","96 Mowat Ave","Toronto","ON","M6K 3M1","Canada","promisedlandseeds.net@contactprivacy.com","+1.4165385457","","Contact Privacy Inc. Customer 0157851696","Contact Privacy Inc. Customer 0157851696","96 Mowat Ave","Toronto","ON","M6K 3M1","Canada","promisedlandseeds.net@contactprivacy.com","+1.4165385457","","","","","","","","","","","","logan.ns.cloudflare.com","maya.ns.cloudflare.com","","","OK","","",""
"93","promotion-online.pro","2020-05-10 00:40:30","2020-05-08","","2021-05-08","69","Tucows Domains Inc.","whois.tucows.com","http://domainhelp.opensrs.net","Data Protected","Data Protected","","","ON","","Canada","","","","","","","","","","","","","","","","","","","","","","","","","","","","","","","","","","ns1.reg.ru","ns2.reg.ru","","","addPeriod","serverTransferProhibited","",""
"94","property-finance.coach","2020-05-09 20:34:12","2020-05-07","2020-05-07","2021-05-07","69","Tucows Domains Inc.","whois.tucows.com","http://domainhelp.opensrs.net","REDACTED FOR PRIVACY","Data Protected","REDACTED FOR PRIVACY","REDACTED FOR PRIVACY","ON","REDACTED FOR PRIVACY","Canada","","REDACTED FOR PRIVACY","REDACTED FOR PRIVACY","","","","","","","","","","","","","","","","","","","","","","","","","","","","","","","","","","","addPeriod","clientTransferProhibited","clientUpdateProhibited",""
"95","prosmpink.com","2020-05-09 08:31:11","2020-05-08","2020-05-08","2021-05-08","69","Tucows Domains Inc.","whois.tucows.com","http://domainhelp.opensrs.net","Contact Privacy Inc. Customer 0157864080","Contact Privacy Inc. Customer 0157864080","96 Mowat Ave","Toronto","ON","M6K 3M1","Canada","prosmpink.com@contactprivacy.com","+1.4165385457","","Contact Privacy Inc. Customer 0157864080","Contact Privacy Inc. Customer 0157864080","96 Mowat Ave","Toronto","ON","M6K 3M1","Canada","prosmpink.com@contactprivacy.com","+1.4165385457","","Contact Privacy Inc. Customer 0157864080","Contact Privacy Inc. Customer 0157864080","96 Mowat Ave","Toronto","ON","M6K 3M1","Canada","prosmpink.com@contactprivacy.com","+1.4165385457","","","","","","","","","","","","ns-cloud-e1.googledomains.com","ns-cloud-e2.googledomains.com","ns-cloud-e3.googledomains.com","ns-cloud-e4.googledomains.com","clientTransferProhibited","clientUpdateProhibited","",""
"96","readygirl.us","2020-05-09 07:04:39","2020-05-07","2020-05-07","2021-05-07","69","Tucows Domains Inc.","whois.tucows.com","http://domainhelp.opensrs.net","Jorge Monterrosa","ReadyGirl","528 W 151st st","New York","NY","10031","United States","readygirl@readygirlclothing.com","+1.7022418254","+1.7022418254","Jorge Monterrosa","ReadyGirl","528 W 151st st","New York","NY","10031","United States","readygirl@readygirlclothing.com","+1.7022418254","+1.7022418254","Jorge Monterrosa","ReadyGirl","528 W 151st st","New York","NY","10031","United States","readygirl@readygirlclothing.com","+1.7022418254","+1.7022418254","","","","","","","","","","","ns-cloud-a1.googledomains.com","ns-cloud-a2.googledomains.com","ns-cloud-a3.googledomains.com","ns-cloud-a4.googledomains.com","addPeriod","clientTransferProhibited","clientUpdateProhibited",""
"97","rocks.academy","2020-05-09 14:42:54","2020-05-06","2020-05-06","2021-05-06","69","Tucows Domains Inc.","whois.tucows.com","http://domainhelp.opensrs.net","REDACTED FOR PRIVACY","Contact Privacy Inc. Customer 0157834816","REDACTED FOR PRIVACY","REDACTED FOR PRIVACY","ON","REDACTED FOR PRIVACY","Canada","","REDACTED FOR PRIVACY","REDACTED FOR PRIVACY","","","","","","","","","","","","","","","","","","","","","","","","","","","","","","","","","","","addPeriod","clientTransferProhibited","clientUpdateProhibited",""
"98","romanovy.energy","2020-05-09 22:11:19","2020-05-07","2020-05-07","2021-05-07","69","Tucows Domains Inc.","whois.tucows.com","http://domainhelp.opensrs.net","REDACTED FOR PRIVACY","Contact Privacy Inc. Customer 0157847498","REDACTED FOR PRIVACY","REDACTED FOR PRIVACY","ON","REDACTED FOR PRIVACY","Canada","","REDACTED FOR PRIVACY","REDACTED FOR PRIVACY","","","","","","","","","","","","","","","","","","","","","","","","","","","","","","","","","","","addPeriod","","",""
"99","sannoware.solutions","2020-05-10 01:06:45","2020-05-07","2020-05-07","2021-05-07","69","Tucows Domains Inc.","whois.tucows.com","http://domainhelp.opensrs.net","REDACTED FOR PRIVACY","Data Protected","REDACTED FOR PRIVACY","REDACTED FOR PRIVACY","ON","REDACTED FOR PRIVACY","Canada","","REDACTED FOR PRIVACY","REDACTED FOR PRIVACY","","","","","","","","","","","","","","","","","","","","","","","","","","","","","","","","","","","addPeriod","clientTransferProhibited","clientUpdateProhibited",""
"100","shaferbkkg.solutions","2020-05-10 01:06:44","2020-05-07","2020-05-07","2021-05-07","69","Tucows Domains Inc.","whois.tucows.com","http://domainhelp.opensrs.net","REDACTED FOR PRIVACY","Contact Privacy Inc. Customer 0157853171","REDACTED FOR PRIVACY","REDACTED FOR PRIVACY","ON","REDACTED FOR PRIVACY","Canada","","REDACTED FOR PRIVACY","REDACTED FOR PRIVACY","","","","","","","","","","","","","","","","","","","","","","","","","","","","","","","","","","","addPeriod","clientTransferProhibited","clientUpdateProhibited",""
"101","slope.solutions","2020-05-10 01:06:46","2020-05-07","2020-05-07","2021-05-07","69","Tucows Domains Inc.","whois.tucows.com","http://domainhelp.opensrs.net","REDACTED FOR PRIVACY","Data Protected","REDACTED FOR PRIVACY","REDACTED FOR PRIVACY","ON","REDACTED FOR PRIVACY","Canada","","REDACTED FOR PRIVACY","REDACTED FOR PRIVACY","","","","","","","","","","","","","","","","","","","","","","","","","","","","","","","","","","","addPeriod","clientTransferProhibited","clientUpdateProhibited",""
"102","spacegarden.club","2020-05-09 20:34:46","2020-05-07","2020-05-07","2021-05-07","69","Tucows Domains Inc.","whois.tucows.com","http://domainhelp.opensrs.net","Contact Privacy Inc. Customer 0157843485","Contact Privacy Inc. Customer 0157843485","","","ON","","Canada","","","","","","","","","","","","","","","","","","","","","","","","","","","","","","","","","","dns1.p07.nsone.net","dns2.p07.nsone.net","dns3.p07.nsone.net","dns4.p07.nsone.net","addPeriod","clientTransferProhibited","clientUpdateProhibited",""
"103","thriftygoat.biz","2020-05-09 06:26:28","2020-05-02","2020-05-07","2021-05-02","69","Tucows Domains Inc.","whois.tucows.com","http://domainhelp.opensrs.net","Contact Privacy Inc. Customer 0157784928","Contact Privacy Inc. Customer 0157784928","","","ON","","Canada","","","","","","","","","","","","","","","","","","","","","","","","","","","","","","","","","","yns1.yahoo.com","yns2.yahoo.com","","","clientTransferProhibited","clientUpdateProhibited","",""
"104","traumarecovery.care","2020-05-09 20:00:41","2020-05-07","2020-05-07","2021-05-07","69","Tucows Domains Inc.","whois.tucows.com","http://domainhelp.opensrs.net","REDACTED FOR PRIVACY","Contact Privacy Inc. Customer 0157844534","REDACTED FOR PRIVACY","REDACTED FOR PRIVACY","ON","REDACTED FOR PRIVACY","Canada","","REDACTED FOR PRIVACY","REDACTED FOR PRIVACY","","","","","","","","","","","","","","","","","","","","","","","","","","","","","","","","","","","addPeriod","clientTransferProhibited","clientUpdateProhibited",""
"105","trenddealzz.com","2020-05-09 07:01:33","2020-04-30","2020-05-05","2021-04-30","69","Tucows Domains Inc.","whois.tucows.com","http://domainhelp.opensrs.net","Contact Privacy Inc. Customer 0157762520","Contact Privacy Inc. Customer 0157762520","96 Mowat Ave","Toronto","ON","M6K 3M1","Canada","trenddealzz.com@contactprivacy.com","+1.4165385457","","Contact Privacy Inc. Customer 0157762520","Contact Privacy Inc. Customer 0157762520","96 Mowat Ave","Toronto","ON","M6K 3M1","Canada","trenddealzz.com@contactprivacy.com","+1.4165385457","","Contact Privacy Inc. Customer 0157762520","Contact Privacy Inc. Customer 0157762520","96 Mowat Ave","Toronto","ON","M6K 3M1","Canada","trenddealzz.com@contactprivacy.com","+1.4165385457","","","","","","","","","","","","ns15.above.com","ns16.above.com","","","","","",""
"106","uu.events","2020-05-09 22:10:45","2020-05-07","2020-05-07","2021-05-07","69","Tucows Domains Inc.","whois.tucows.com","http://domainhelp.opensrs.net","REDACTED FOR PRIVACY","Data Protected","REDACTED FOR PRIVACY","REDACTED FOR PRIVACY","ON","REDACTED FOR PRIVACY","Canada","","REDACTED FOR PRIVACY","REDACTED FOR PRIVACY","","","","","","","","","","","","","","","","","","","","","","","","","","","","","","","","","","","addPeriod","","",""
"107","wingapore.club","2020-05-09 20:34:23","2020-05-07","2020-05-07","2021-05-07","69","Tucows Domains Inc.","whois.tucows.com","http://domainhelp.opensrs.net","Contact Privacy Inc. Customer 0157847954","Contact Privacy Inc. Customer 0157847954","","","ON","","Canada","","","","","","","","","","","","","","","","","","","","","","","","","","","","","","","","","","ns1.reg.ru","ns2.reg.ru","","","addPeriod","ok","",""
"108","womanization.club","2020-05-09 20:34:22","2020-05-07","2020-05-07","2021-05-07","69","Tucows Domains Inc.","whois.tucows.com","http://domainhelp.opensrs.net","Contact Privacy Inc. Customer 0157848893","Contact Privacy Inc. Customer 0157848893","","","ON","","Canada","","","","","","","","","","","","","","","","","","","","","","","","","","","","","","","","","","ns1.reg.ru","ns2.reg.ru","","","addPeriod","ok","",""
"109","worka.biz","2020-05-09 02:48:19","2020-05-07","2020-05-07","2021-05-07","69","Tucows Domains Inc.","whois.tucows.com","http://domainhelp.opensrs.net","Data Protected","Data Protected","","","ON","","Canada","","","","","","","","","","","","","","","","","","","","","","","","","","","","","","","","","","ns1.dns-h.com","ns1.host-h.net","ns2.dns-h.com","ns2.host-h.net","addPeriod","clientTransferProhibited","clientUpdateProhibited",""
"110","xdesign.engineering","2020-05-09 22:11:16","2020-05-07","2020-05-07","2021-05-07","69","Tucows Domains Inc.","whois.tucows.com","http://domainhelp.opensrs.net","REDACTED FOR PRIVACY","Contact Privacy Inc. Customer 0157847046","REDACTED FOR PRIVACY","REDACTED FOR PRIVACY","ON","REDACTED FOR PRIVACY","Canada","","REDACTED FOR PRIVACY","REDACTED FOR PRIVACY","","","","","","","","","","","","","","","","","","","","","","","","","","","","","","","","","","","addPeriod","clientTransferProhibited","clientUpdateProhibited",""