"num","domain_name","query_time","create_date","update_date","expiry_date","domain_registrar_id","domain_registrar_name","domain_registrar_whois","domain_registrar_url","registrant_name","registrant_company","registrant_address","registrant_city","registrant_state","registrant_zip","registrant_country","registrant_email","registrant_phone","registrant_fax","administrative_name","administrative_company","administrative_address","administrative_city","administrative_state","administrative_zip","administrative_country","administrative_email","administrative_phone","administrative_fax","technical_name","technical_company","technical_address","technical_city","technical_state","technical_zip","technical_country","technical_email","technical_phone","technical_fax","billing_name","billing_company","billing_address","billing_city","billing_state","billing_zip","billing_country","billing_email","billing_phone","billing_fax","name_server_1","name_server_2","name_server_3","name_server_4","domain_status_1","domain_status_2","domain_status_3","domain_status_4"
"1","leadingglobalhr.net","2020-05-09 23:58:02","2020-05-07","2020-05-07","2021-05-07","1441","TurnCommerce, Inc. DBA NameBright.com","whois.namebright.com","http://www.namebright.com","Private Registration","","2635 Walnut Street","Denver","CO","80205","United States","leadingglobalhr.net@namebrightprivacy.com","+1.7204960020","","Private Registration","","2635 Walnut Street","Denver","CO","80205","United States","leadingglobalhr.net@namebrightprivacy.com","+1.7204960020","","Private Registration","","2635 Walnut Street","Denver","CO","80205","United States","leadingglobalhr.net@namebrightprivacy.com","+1.7204960020","","","","","","","","","","","","ns1.namebrightdns.com","ns2.namebrightdns.com","","","clientTransferProhibited","","",""
"2","leadingglobalhumanresource.net","2020-05-09 23:58:02","2020-05-07","2020-05-07","2021-05-07","1441","TurnCommerce, Inc. DBA NameBright.com","whois.namebright.com","http://www.namebright.com","Private Registration","","2635 Walnut Street","Denver","CO","80205","United States","leadingglobalhumanresource.net@namebrightprivacy.com","+1.7204960020","","Private Registration","","2635 Walnut Street","Denver","CO","80205","United States","leadingglobalhumanresource.net@namebrightprivacy.com","+1.7204960020","","Private Registration","","2635 Walnut Street","Denver","CO","80205","United States","leadingglobalhumanresource.net@namebrightprivacy.com","+1.7204960020","","","","","","","","","","","","ns1.namebrightdns.com","ns2.namebrightdns.com","","","clientTransferProhibited","","",""
"3","leadingglobalprofessionals.net","2020-05-09 23:58:02","2020-05-07","2020-05-07","2021-05-07","1441","TurnCommerce, Inc. DBA NameBright.com","whois.namebright.com","http://www.namebright.com","Private Registration","","2635 Walnut Street","Denver","CO","80205","United States","leadingglobalprofessionals.net@namebrightprivacy.com","+1.7204960020","","Private Registration","","2635 Walnut Street","Denver","CO","80205","United States","leadingglobalprofessionals.net@namebrightprivacy.com","+1.7204960020","","Private Registration","","2635 Walnut Street","Denver","CO","80205","United States","leadingglobalprofessionals.net@namebrightprivacy.com","+1.7204960020","","","","","","","","","","","","ns1.namebrightdns.com","ns2.namebrightdns.com","","","clientTransferProhibited","","",""
"4","leadingglobaltalent.net","2020-05-09 23:58:02","2020-05-07","2020-05-07","2021-05-07","1441","TurnCommerce, Inc. DBA NameBright.com","whois.namebright.com","http://www.namebright.com","Private Registration","","2635 Walnut Street","Denver","CO","80205","United States","leadingglobaltalent.net@namebrightprivacy.com","+1.7204960020","","Private Registration","","2635 Walnut Street","Denver","CO","80205","United States","leadingglobaltalent.net@namebrightprivacy.com","+1.7204960020","","Private Registration","","2635 Walnut Street","Denver","CO","80205","United States","leadingglobaltalent.net@namebrightprivacy.com","+1.7204960020","","","","","","","","","","","","ns1.namebrightdns.com","ns2.namebrightdns.com","","","clientTransferProhibited","","",""
"5","o-n-i.net","2020-05-09 23:56:07","2020-05-08","2020-05-08","2021-05-08","1441","TurnCommerce, Inc. DBA NameBright.com","whois.namebright.com","http://www.namebright.com","Private Registration","","2635 Walnut Street","Denver","CO","80205","United States","o-n-i.net@namebrightprivacy.com","+1.7204960020","","Private Registration","","2635 Walnut Street","Denver","CO","80205","United States","o-n-i.net@namebrightprivacy.com","+1.7204960020","","Private Registration","","2635 Walnut Street","Denver","CO","80205","United States","o-n-i.net@namebrightprivacy.com","+1.7204960020","","","","","","","","","","","","ns1.namebrightdns.com","ns2.namebrightdns.com","","","clientTransferProhibited","","",""
"6","out-and-in.net","2020-05-09 23:56:08","2020-05-07","2020-05-07","2021-05-07","1441","TurnCommerce, Inc. DBA NameBright.com","whois.namebright.com","http://www.namebright.com","Private Registration","","2635 Walnut Street","Denver","CO","80205","United States","out-and-in.net@namebrightprivacy.com","+1.7204960020","","Private Registration","","2635 Walnut Street","Denver","CO","80205","United States","out-and-in.net@namebrightprivacy.com","+1.7204960020","","Private Registration","","2635 Walnut Street","Denver","CO","80205","United States","out-and-in.net@namebrightprivacy.com","+1.7204960020","","","","","","","","","","","","ns1.namebrightdns.com","ns2.namebrightdns.com","","","clientTransferProhibited","","",""