"num","domain_name","query_time","create_date","update_date","expiry_date","domain_registrar_id","domain_registrar_name","domain_registrar_whois","domain_registrar_url","registrant_name","registrant_company","registrant_address","registrant_city","registrant_state","registrant_zip","registrant_country","registrant_email","registrant_phone","registrant_fax","administrative_name","administrative_company","administrative_address","administrative_city","administrative_state","administrative_zip","administrative_country","administrative_email","administrative_phone","administrative_fax","technical_name","technical_company","technical_address","technical_city","technical_state","technical_zip","technical_country","technical_email","technical_phone","technical_fax","billing_name","billing_company","billing_address","billing_city","billing_state","billing_zip","billing_country","billing_email","billing_phone","billing_fax","name_server_1","name_server_2","name_server_3","name_server_4","domain_status_1","domain_status_2","domain_status_3","domain_status_4"
"1","esmedia.biz","2020-05-09 16:58:28","2020-05-07","2020-05-08","2021-05-07","1443","Vautron Rechenzentrum AG","whois.antagus.de","http://www.vautron.de","privat","privat","","","","","Cyprus","","","","","","","","","","","","","","","","","","","","","","","","","","","","","","","","","","ashley.ns.cloudflare.com","boyd.ns.cloudflare.com","","","addPeriod","ok","",""
"2","itclo.net","2020-05-09 23:59:22","2020-05-07","2020-05-08","2021-05-07","1443","Vautron Rechenzentrum AG","whois.antagus.de","http://www.vautron.de","","","","","Niedersachsen","","Germany","crhflga3nx@domprivacy.de","","","","","","","","","","crhflga3nx@domprivacy.de","","","","","","","","","","c4yl7rxv7i@domprivacy.de","","","","","","","","","","","","","ns1.mc-host24.de","ns2.mc-host24.de","","","OK","","",""
"3","labrent.net","2020-05-09 23:58:14","2020-05-07","2020-05-07","2021-05-07","1443","Vautron Rechenzentrum AG","whois.antagus.de","http://www.vautron.de","","","","","","","Saudi Arabia","an6dgkoh4q@domprivacy.de","","","","","","","","","","an6dgkoh4q@domprivacy.de","","","","","","","","","","an6dgkoh4q@domprivacy.de","","","","","","","","","","","","","ns1.contabo.net","ns2.contabo.net","ns3.contabo.net","","OK","","",""
"4","lockdown-verhindern.net","2020-05-09 23:57:42","2020-05-08","2020-05-08","2021-05-08","1443","Vautron Rechenzentrum AG","whois.antagus.de","http://www.vautron.de","","","","","","","Germany","ab2wl9crun@domprivacy.de","","","","","","","","","","ab2wl9crun@domprivacy.de","","","","","","","","","","ab2wl9crun@domprivacy.de","","","","","","","","","","","","","ns1.ns-serve.net","ns2.ns-serve.net","","","OK","","",""
"5","printit4me.net","2020-05-09 23:55:57","2020-05-07","2020-05-07","2021-05-07","1443","Vautron Rechenzentrum AG","whois.antagus.de","http://www.vautron.de","","","","","","","Morocco","a9tadbf8ad@domprivacy.de","","","","","","","","","","a9tadbf8ad@domprivacy.de","","","","","","","","","","a4o7tygxoo@domprivacy.de","","","","","","","","","","","","","ns1.contabo.net","ns2.contabo.net","ns3.contabo.net","","OK","","",""
"6","royaldiaper.company","2020-05-09 20:44:14","2020-05-07","2020-05-07","2021-05-07","1443","Vautron Rechenzentrum AG","whois.antagus.de","http://www.vautron.de","REDACTED FOR PRIVACY","Designo","REDACTED FOR PRIVACY","REDACTED FOR PRIVACY","","REDACTED FOR PRIVACY","United Kingdom","","REDACTED FOR PRIVACY","REDACTED FOR PRIVACY","","","","","","","","","","","","","","","","","","","","","","","","","","","","","","","","","","","addPeriod","","",""
"7","webtols.biz","2020-05-09 03:20:26","2020-05-04","","2021-05-04","1443","Vautron Rechenzentrum AG","whois.antagus.de","http://www.vautron.de","WebTools.de","WebTools.de","","","DE","","Germany","","","","","","","","","","","","","","","","","","","","","","","","","","","","","","","","","","helium.ns.hetzner.de","hydrogen.ns.hetzner.com","oxygen.ns.hetzner.com","","addPeriod","ok","",""