"num","domain_name","query_time","create_date","update_date","expiry_date","domain_registrar_id","domain_registrar_name","domain_registrar_whois","domain_registrar_url","registrant_name","registrant_company","registrant_address","registrant_city","registrant_state","registrant_zip","registrant_country","registrant_email","registrant_phone","registrant_fax","administrative_name","administrative_company","administrative_address","administrative_city","administrative_state","administrative_zip","administrative_country","administrative_email","administrative_phone","administrative_fax","technical_name","technical_company","technical_address","technical_city","technical_state","technical_zip","technical_country","technical_email","technical_phone","technical_fax","billing_name","billing_company","billing_address","billing_city","billing_state","billing_zip","billing_country","billing_email","billing_phone","billing_fax","name_server_1","name_server_2","name_server_3","name_server_4","domain_status_1","domain_status_2","domain_status_3","domain_status_4"
"1","biblequiz.plus","2020-05-10 00:00:43","2020-05-07","2020-05-07","2021-05-07","440","Wild West Domains, LLC","whois.wildwestdomains.com","http://www.wildwestdomains.com","REDACTED FOR PRIVACY","Domains By Proxy, LLC","REDACTED FOR PRIVACY","REDACTED FOR PRIVACY","Arizona","REDACTED FOR PRIVACY","United States","","REDACTED FOR PRIVACY","REDACTED FOR PRIVACY","","","","","","","","","","","","","","","","","","","","","","","","","","","","","","","","","","","addPeriod","clientDeleteProhibited","clientRenewProhibited","clientTransferProhibited"
"2","fivestaproducts.com","2020-05-08 21:01:56","2020-05-07","2020-05-07","2021-05-07","440","Wild West Domains, LLC","whois.wildwestdomains.com","http://www.wildwestdomains.com","","","","","Kent","","United Kingdom","","","","","","","","","","","","","","","","","","","","","","","","","","","","","","","","","","ns1.bdm.microsoftonline.com","ns2.bdm.microsoftonline.com","","","OK","","",""
"3","instagram-copyrightsviolation.com","2020-05-09 20:24:06","2020-05-09","2020-05-09","2021-05-09","440","Wild West Domains, LLC","whois.wildwestdomains.com","http://www.wildwestdomains.com","Registration Private","Domains By Proxy, LLC","DomainsByProxy.com 14455 N. Hayden Road","Scottsdale","Arizona","85260","United States","instagram-copyrightsviolation.com@domainsbyproxy.com","+1.4806242599","+1.4806242598","Registration Private","Domains By Proxy, LLC","DomainsByProxy.com 14455 N. Hayden Road","Scottsdale","Arizona","85260","United States","instagram-copyrightsviolation.com@domainsbyproxy.com","+1.4806242599","+1.4806242598","Registration Private","Domains By Proxy, LLC","DomainsByProxy.com 14455 N. Hayden Road","Scottsdale","Arizona","85260","United States","instagram-copyrightsviolation.com@domainsbyproxy.com","+1.4806242599","+1.4806242598","","","","","","","","","","","ns47.domaincontrol.com","ns48.domaincontrol.com","","","clientDeleteProhibited","clientRenewProhibited","clientTransferProhibited","clientUpdateProhibited"
"4","instagramhelpingservice.com","2020-05-09 08:45:01","2020-05-08","2020-05-08","2021-05-08","440","Wild West Domains, LLC","whois.wildwestdomains.com","http://www.wildwestdomains.com","Registration Private","Domains By Proxy, LLC","DomainsByProxy.com 14455 N. Hayden Road","Scottsdale","Arizona","85260","United States","instagramhelpingservice.com@domainsbyproxy.com","+1.4806242599","+1.4806242598","Registration Private","Domains By Proxy, LLC","DomainsByProxy.com 14455 N. Hayden Road","Scottsdale","Arizona","85260","United States","instagramhelpingservice.com@domainsbyproxy.com","+1.4806242599","+1.4806242598","Registration Private","Domains By Proxy, LLC","DomainsByProxy.com 14455 N. Hayden Road","Scottsdale","Arizona","85260","United States","instagramhelpingservice.com@domainsbyproxy.com","+1.4806242599","+1.4806242598","","","","","","","","","","","ns1.epizy.com","ns2.epizy.com","","","clientDeleteProhibited","clientRenewProhibited","clientTransferProhibited","clientUpdateProhibited"
"5","jkpenterprises.net","2020-05-09 23:59:02","2020-05-07","2020-05-07","2025-05-07","440","Wild West Domains, LLC","whois.wildwestdomains.com","http://www.wildwestdomains.com","Registration Private","Domains By Proxy, LLC","DomainsByProxy.com 14455 N. Hayden Road","Scottsdale","Arizona","85260","United States","jkpenterprises.net@domainsbyproxy.com","+1.4806242599","+1.4806242598","Registration Private","Domains By Proxy, LLC","DomainsByProxy.com 14455 N. Hayden Road","Scottsdale","Arizona","85260","United States","jkpenterprises.net@domainsbyproxy.com","+1.4806242599","+1.4806242598","Registration Private","Domains By Proxy, LLC","DomainsByProxy.com 14455 N. Hayden Road","Scottsdale","Arizona","85260","United States","jkpenterprises.net@domainsbyproxy.com","+1.4806242599","+1.4806242598","","","","","","","","","","","ns65.domaincontrol.com","ns66.domaincontrol.com","","","clientDeleteProhibited","clientRenewProhibited","clientTransferProhibited","clientUpdateProhibited"
"6","jsmpartners.net","2020-05-09 23:58:55","2020-05-07","2020-05-07","2021-05-07","440","Wild West Domains, LLC","whois.wildwestdomains.com","http://www.wildwestdomains.com","Registration Private","Domains By Proxy, LLC","DomainsByProxy.com 14455 N. Hayden Road","Scottsdale","Arizona","85260","United States","jsmpartners.net@domainsbyproxy.com","+1.4806242599","+1.4806242598","Registration Private","Domains By Proxy, LLC","DomainsByProxy.com 14455 N. Hayden Road","Scottsdale","Arizona","85260","United States","jsmpartners.net@domainsbyproxy.com","+1.4806242599","+1.4806242598","Registration Private","Domains By Proxy, LLC","DomainsByProxy.com 14455 N. Hayden Road","Scottsdale","Arizona","85260","United States","jsmpartners.net@domainsbyproxy.com","+1.4806242599","+1.4806242598","","","","","","","","","","","ns1.bdm.microsoftonline.com","ns2.bdm.microsoftonline.com","","","clientDeleteProhibited","clientRenewProhibited","clientTransferProhibited","clientUpdateProhibited"
"7","kfrankfitness.net","2020-05-09 23:58:39","2020-05-08","2020-05-08","2021-05-08","440","Wild West Domains, LLC","whois.wildwestdomains.com","http://www.wildwestdomains.com","","","","","Virginia","","United States","","","","","","","","","","","","","","","","","","","","","","","","","","","","","","","","","","ns57.domaincontrol.com","ns58.domaincontrol.com","","","clientDeleteProhibited","clientRenewProhibited","clientTransferProhibited","clientUpdateProhibited"
"8","komedifilm.net","2020-05-09 23:58:27","2020-05-08","2020-05-08","2021-05-08","440","Wild West Domains, LLC","whois.wildwestdomains.com","http://www.wildwestdomains.com","Registration Private","Domains By Proxy, LLC","DomainsByProxy.com 14455 N. Hayden Road","Scottsdale","Arizona","85260","United States","komedifilm.net@domainsbyproxy.com","+1.4806242599","+1.4806242598","Registration Private","Domains By Proxy, LLC","DomainsByProxy.com 14455 N. Hayden Road","Scottsdale","Arizona","85260","United States","komedifilm.net@domainsbyproxy.com","+1.4806242599","+1.4806242598","Registration Private","Domains By Proxy, LLC","DomainsByProxy.com 14455 N. Hayden Road","Scottsdale","Arizona","85260","United States","komedifilm.net@domainsbyproxy.com","+1.4806242599","+1.4806242598","","","","","","","","","","","ns1.tcmydns.com","ns2.tcmydns.com","ns3.tcmydns.com","ns4.tcmydns.com","clientDeleteProhibited","clientRenewProhibited","clientTransferProhibited","clientUpdateProhibited"
"9","korpe.net","2020-05-09 23:58:24","2020-05-08","2020-05-08","2021-05-08","440","Wild West Domains, LLC","whois.wildwestdomains.com","http://www.wildwestdomains.com","Registration Private","Domains By Proxy, LLC","DomainsByProxy.com 14455 N. Hayden Road","Scottsdale","Arizona","85260","United States","korpe.net@domainsbyproxy.com","+1.4806242599","+1.4806242598","Registration Private","Domains By Proxy, LLC","DomainsByProxy.com 14455 N. Hayden Road","Scottsdale","Arizona","85260","United States","korpe.net@domainsbyproxy.com","+1.4806242599","+1.4806242598","Registration Private","Domains By Proxy, LLC","DomainsByProxy.com 14455 N. Hayden Road","Scottsdale","Arizona","85260","United States","korpe.net@domainsbyproxy.com","+1.4806242599","+1.4806242598","","","","","","","","","","","ns1.teknoclouds.com","ns2.teknoclouds.com","","","clientDeleteProhibited","clientRenewProhibited","clientTransferProhibited","clientUpdateProhibited"
"10","krallarmalikhanesi.net","2020-05-09 23:58:25","2020-05-08","2020-05-08","2021-05-08","440","Wild West Domains, LLC","whois.wildwestdomains.com","http://www.wildwestdomains.com","Registration Private","Domains By Proxy, LLC","DomainsByProxy.com 14455 N. Hayden Road","Scottsdale","Arizona","85260","United States","krallarmalikhanesi.net@domainsbyproxy.com","+1.4806242599","+1.4806242598","Registration Private","Domains By Proxy, LLC","DomainsByProxy.com 14455 N. Hayden Road","Scottsdale","Arizona","85260","United States","krallarmalikhanesi.net@domainsbyproxy.com","+1.4806242599","+1.4806242598","Registration Private","Domains By Proxy, LLC","DomainsByProxy.com 14455 N. Hayden Road","Scottsdale","Arizona","85260","United States","krallarmalikhanesi.net@domainsbyproxy.com","+1.4806242599","+1.4806242598","","","","","","","","","","","ns1-01.azure-dns.com","ns2-01.azure-dns.net","ns3-01.azure-dns.org","ns4-01.azure-dns.info","clientDeleteProhibited","clientRenewProhibited","clientTransferProhibited","clientUpdateProhibited"
"11","lachelleashley.net","2020-05-09 23:58:12","2020-05-08","2020-05-08","2022-05-08","440","Wild West Domains, LLC","whois.wildwestdomains.com","http://www.wildwestdomains.com","Registration Private","Domains By Proxy, LLC","DomainsByProxy.com 14455 N. Hayden Road","Scottsdale","Arizona","85260","United States","lachelleashley.net@domainsbyproxy.com","+1.4806242599","+1.4806242598","Registration Private","Domains By Proxy, LLC","DomainsByProxy.com 14455 N. Hayden Road","Scottsdale","Arizona","85260","United States","lachelleashley.net@domainsbyproxy.com","+1.4806242599","+1.4806242598","Registration Private","Domains By Proxy, LLC","DomainsByProxy.com 14455 N. Hayden Road","Scottsdale","Arizona","85260","United States","lachelleashley.net@domainsbyproxy.com","+1.4806242599","+1.4806242598","","","","","","","","","","","ns03.domaincontrol.com","ns04.domaincontrol.com","","","clientDeleteProhibited","clientRenewProhibited","clientTransferProhibited","clientUpdateProhibited"
"12","leader-clld.net","2020-05-09 23:58:03","2020-05-08","2020-05-08","2021-05-08","440","Wild West Domains, LLC","whois.wildwestdomains.com","http://www.wildwestdomains.com","Anastasios M. Perimenis","Anastasios M. Perimenis","","","","","Greece","","","","","","","","","","","","","","","","","","","","","","","","","","","","","","","","","","ns51.domaincontrol.com","ns52.domaincontrol.com","","","clientDeleteProhibited","clientRenewProhibited","clientTransferProhibited","clientUpdateProhibited"
"13","londonrebel.net","2020-05-09 23:57:38","2020-05-07","2020-05-07","2021-05-07","440","Wild West Domains, LLC","whois.wildwestdomains.com","http://www.wildwestdomains.com","","","","","BC","","Canada","","","","","","","","","","","","","","","","","","","","","","","","","","","","","","","","","","ns1.bdm.microsoftonline.com","ns2.bdm.microsoftonline.com","","","OK","","",""
"14","m-team.net","2020-05-09 23:57:27","2020-05-07","2020-05-07","2021-05-07","440","Wild West Domains, LLC","whois.wildwestdomains.com","http://www.wildwestdomains.com","","","","","Istanbul","","Turkey","","","","","","","","","","","","","","","","","","","","","","","","","","","","","","","","","","ns1.sedoparking.com","ns2.sedoparking.com","","","clientDeleteProhibited","clientRenewProhibited","clientTransferProhibited","clientUpdateProhibited"
"15","mazzucchelliriccardo.net","2020-05-09 23:57:15","2020-05-08","2020-05-08","2021-05-08","440","Wild West Domains, LLC","whois.wildwestdomains.com","http://www.wildwestdomains.com","Registration Private","Domains By Proxy, LLC","DomainsByProxy.com 14455 N. Hayden Road","Scottsdale","Arizona","85260","United States","mazzucchelliriccardo.net@domainsbyproxy.com","+1.4806242599","+1.4806242598","Registration Private","Domains By Proxy, LLC","DomainsByProxy.com 14455 N. Hayden Road","Scottsdale","Arizona","85260","United States","mazzucchelliriccardo.net@domainsbyproxy.com","+1.4806242599","+1.4806242598","Registration Private","Domains By Proxy, LLC","DomainsByProxy.com 14455 N. Hayden Road","Scottsdale","Arizona","85260","United States","mazzucchelliriccardo.net@domainsbyproxy.com","+1.4806242599","+1.4806242598","","","","","","","","","","","ns1.bdm.microsoftonline.com","ns2.bdm.microsoftonline.com","","","clientDeleteProhibited","clientRenewProhibited","clientTransferProhibited","clientUpdateProhibited"
"16","neuroswift.net","2020-05-09 23:56:26","2020-05-07","2020-05-07","2021-05-07","440","Wild West Domains, LLC","whois.wildwestdomains.com","http://www.wildwestdomains.com","Registration Private","Domains By Proxy, LLC","DomainsByProxy.com 14455 N. Hayden Road","Scottsdale","Arizona","85260","United States","neuroswift.net@domainsbyproxy.com","+1.4806242599","+1.4806242598","Registration Private","Domains By Proxy, LLC","DomainsByProxy.com 14455 N. Hayden Road","Scottsdale","Arizona","85260","United States","neuroswift.net@domainsbyproxy.com","+1.4806242599","+1.4806242598","Registration Private","Domains By Proxy, LLC","DomainsByProxy.com 14455 N. Hayden Road","Scottsdale","Arizona","85260","United States","neuroswift.net@domainsbyproxy.com","+1.4806242599","+1.4806242598","","","","","","","","","","","ns1.bdm.microsoftonline.com","ns2.bdm.microsoftonline.com","","","clientDeleteProhibited","clientRenewProhibited","clientTransferProhibited","clientUpdateProhibited"
"17","nice-learning.net","2020-05-09 23:56:21","2020-05-08","2020-05-08","2021-05-08","440","Wild West Domains, LLC","whois.wildwestdomains.com","http://www.wildwestdomains.com","Jendo educative institute","Jendo educative institute","","","Taipei","","Taiwan","","","","","","","","","","","","","","","","","","","","","","","","","","","","","","","","","","ns57.domaincontrol.com","ns58.domaincontrol.com","","","clientDeleteProhibited","clientRenewProhibited","clientTransferProhibited","clientUpdateProhibited"
"18","nimeishucloud.net","2020-05-09 23:56:17","2020-05-08","2020-05-08","2021-05-08","440","Wild West Domains, LLC","whois.wildwestdomains.com","http://www.wildwestdomains.com","Registration Private","Domains By Proxy, LLC","DomainsByProxy.com 14455 N. Hayden Road","Scottsdale","Arizona","85260","United States","nimeishucloud.net@domainsbyproxy.com","+1.4806242599","+1.4806242598","Registration Private","Domains By Proxy, LLC","DomainsByProxy.com 14455 N. Hayden Road","Scottsdale","Arizona","85260","United States","nimeishucloud.net@domainsbyproxy.com","+1.4806242599","+1.4806242598","Registration Private","Domains By Proxy, LLC","DomainsByProxy.com 14455 N. Hayden Road","Scottsdale","Arizona","85260","United States","nimeishucloud.net@domainsbyproxy.com","+1.4806242599","+1.4806242598","","","","","","","","","","","f1g1ns1.dnspod.net","f1g1ns2.dnspod.net","","","clientDeleteProhibited","clientRenewProhibited","clientTransferProhibited","clientUpdateProhibited"
"19","nurcan.net","2020-05-09 23:56:08","2020-05-08","2020-05-08","2021-05-08","440","Wild West Domains, LLC","whois.wildwestdomains.com","http://www.wildwestdomains.com","Registration Private","Domains By Proxy, LLC","DomainsByProxy.com 14455 N. Hayden Road","Scottsdale","Arizona","85260","United States","nurcan.net@domainsbyproxy.com","+1.4806242599","+1.4806242598","Registration Private","Domains By Proxy, LLC","DomainsByProxy.com 14455 N. Hayden Road","Scottsdale","Arizona","85260","United States","nurcan.net@domainsbyproxy.com","+1.4806242599","+1.4806242598","Registration Private","Domains By Proxy, LLC","DomainsByProxy.com 14455 N. Hayden Road","Scottsdale","Arizona","85260","United States","nurcan.net@domainsbyproxy.com","+1.4806242599","+1.4806242598","","","","","","","","","","","ns65.domaincontrol.com","ns66.domaincontrol.com","","","clientDeleteProhibited","clientRenewProhibited","clientTransferProhibited","clientUpdateProhibited"
"20","nursena.net","2020-05-09 23:56:08","2020-05-08","2020-05-08","2021-05-08","440","Wild West Domains, LLC","whois.wildwestdomains.com","http://www.wildwestdomains.com","Registration Private","Domains By Proxy, LLC","DomainsByProxy.com 14455 N. Hayden Road","Scottsdale","Arizona","85260","United States","nursena.net@domainsbyproxy.com","+1.4806242599","+1.4806242598","Registration Private","Domains By Proxy, LLC","DomainsByProxy.com 14455 N. Hayden Road","Scottsdale","Arizona","85260","United States","nursena.net@domainsbyproxy.com","+1.4806242599","+1.4806242598","Registration Private","Domains By Proxy, LLC","DomainsByProxy.com 14455 N. Hayden Road","Scottsdale","Arizona","85260","United States","nursena.net@domainsbyproxy.com","+1.4806242599","+1.4806242598","","","","","","","","","","","ns1.tcmydns.com","ns2.tcmydns.com","ns3.tcmydns.com","ns4.tcmydns.com","clientDeleteProhibited","clientRenewProhibited","clientTransferProhibited","clientUpdateProhibited"
"21","omegamice.net","2020-05-09 23:56:04","2020-05-08","2020-05-08","2021-05-08","440","Wild West Domains, LLC","whois.wildwestdomains.com","http://www.wildwestdomains.com","Registration Private","Domains By Proxy, LLC","DomainsByProxy.com 14455 N. Hayden Road","Scottsdale","Arizona","85260","United States","omegamice.net@domainsbyproxy.com","+1.4806242599","+1.4806242598","Registration Private","Domains By Proxy, LLC","DomainsByProxy.com 14455 N. Hayden Road","Scottsdale","Arizona","85260","United States","omegamice.net@domainsbyproxy.com","+1.4806242599","+1.4806242598","Registration Private","Domains By Proxy, LLC","DomainsByProxy.com 14455 N. Hayden Road","Scottsdale","Arizona","85260","United States","omegamice.net@domainsbyproxy.com","+1.4806242599","+1.4806242598","","","","","","","","","","","ns1-02.azure-dns.com","ns2-02.azure-dns.net","ns3-02.azure-dns.org","ns4-02.azure-dns.info","clientDeleteProhibited","clientRenewProhibited","clientTransferProhibited","clientUpdateProhibited"
"22","oyunkupu.net","2020-05-09 23:56:02","2020-05-08","2020-05-08","2021-05-08","440","Wild West Domains, LLC","whois.wildwestdomains.com","http://www.wildwestdomains.com","Registration Private","Domains By Proxy, LLC","DomainsByProxy.com 14455 N. Hayden Road","Scottsdale","Arizona","85260","United States","oyunkupu.net@domainsbyproxy.com","+1.4806242599","+1.4806242598","Registration Private","Domains By Proxy, LLC","DomainsByProxy.com 14455 N. Hayden Road","Scottsdale","Arizona","85260","United States","oyunkupu.net@domainsbyproxy.com","+1.4806242599","+1.4806242598","Registration Private","Domains By Proxy, LLC","DomainsByProxy.com 14455 N. Hayden Road","Scottsdale","Arizona","85260","United States","oyunkupu.net@domainsbyproxy.com","+1.4806242599","+1.4806242598","","","","","","","","","","","ns1-04.azure-dns.com","ns2-04.azure-dns.net","ns3-04.azure-dns.org","ns4-04.azure-dns.info","clientDeleteProhibited","clientRenewProhibited","clientTransferProhibited","clientUpdateProhibited"
"23","paisz.net","2020-05-09 23:56:01","2020-05-07","2020-05-07","2021-05-07","440","Wild West Domains, LLC","whois.wildwestdomains.com","http://www.wildwestdomains.com","","","","","Alajuela","","Costa Rica","","","","","","","","","","","","","","","","","","","","","","","","","","","","","","","","","","ns65.domaincontrol.com","ns66.domaincontrol.com","","","clientDeleteProhibited","clientRenewProhibited","clientTransferProhibited","clientUpdateProhibited"
"24","pdsos4az.com","2020-05-07 21:36:17","2020-05-06","2020-05-06","2021-05-06","440","Wild West Domains, LLC","whois.wildwestdomains.com","http://www.wildwestdomains.com","Registration Private","Domains By Proxy, LLC","DomainsByProxy.com 14455 N. Hayden Road","Scottsdale","Arizona","85260","United States","pdsos4az.com@domainsbyproxy.com","+1.4806242599","+1.4806242598","Registration Private","Domains By Proxy, LLC","DomainsByProxy.com 14455 N. Hayden Road","Scottsdale","Arizona","85260","United States","pdsos4az.com@domainsbyproxy.com","+1.4806242599","+1.4806242598","Registration Private","Domains By Proxy, LLC","DomainsByProxy.com 14455 N. Hayden Road","Scottsdale","Arizona","85260","United States","pdsos4az.com@domainsbyproxy.com","+1.4806242599","+1.4806242598","","","","","","","","","","","ns1-02.azure-dns.com","ns2-02.azure-dns.net","ns3-02.azure-dns.org","ns4-02.azure-dns.info","clientDeleteProhibited","clientRenewProhibited","clientTransferProhibited","clientUpdateProhibited"
"25","pesquusaliquidacoes.net","2020-05-09 23:55:58","2020-05-07","2020-05-07","2021-05-07","440","Wild West Domains, LLC","whois.wildwestdomains.com","http://www.wildwestdomains.com","Registration Private","Domains By Proxy, LLC","DomainsByProxy.com 14455 N. Hayden Road","Scottsdale","Arizona","85260","United States","pesquusaliquidacoes.net@domainsbyproxy.com","+1.4806242599","+1.4806242598","Registration Private","Domains By Proxy, LLC","DomainsByProxy.com 14455 N. Hayden Road","Scottsdale","Arizona","85260","United States","pesquusaliquidacoes.net@domainsbyproxy.com","+1.4806242599","+1.4806242598","Registration Private","Domains By Proxy, LLC","DomainsByProxy.com 14455 N. Hayden Road","Scottsdale","Arizona","85260","United States","pesquusaliquidacoes.net@domainsbyproxy.com","+1.4806242599","+1.4806242598","","","","","","","","","","","ns1-05.azure-dns.com","ns2-05.azure-dns.net","ns3-05.azure-dns.org","ns4-05.azure-dns.info","clientDeleteProhibited","clientRenewProhibited","clientTransferProhibited","clientUpdateProhibited"
"26","prontofood.net","2020-05-09 23:55:57","2020-05-07","2020-05-07","2021-05-07","440","Wild West Domains, LLC","whois.wildwestdomains.com","http://www.wildwestdomains.com","www.Modka Group Inc","www.Modka Group Inc","","","Ontario","","Canada","","","","","","","","","","","","","","","","","","","","","","","","","","","","","","","","","","ns65.domaincontrol.com","ns66.domaincontrol.com","","","clientDeleteProhibited","clientRenewProhibited","clientTransferProhibited","clientUpdateProhibited"
"27","rapidlinkconnect.company","2020-05-09 20:47:35","2020-05-07","2020-05-07","2021-05-07","440","Wild West Domains, LLC","whois.wildwestdomains.com","http://www.wildwestdomains.com","REDACTED FOR PRIVACY","Domains By Proxy, LLC","REDACTED FOR PRIVACY","REDACTED FOR PRIVACY","Arizona","REDACTED FOR PRIVACY","United States","","REDACTED FOR PRIVACY","REDACTED FOR PRIVACY","","","","","","","","","","","","","","","","","","","","","","","","","","","","","","","","","","","addPeriod","clientDeleteProhibited","clientRenewProhibited","clientTransferProhibited"
"28","touchstoneessentials.biz","2020-05-09 05:52:11","2020-05-07","2020-05-07","2021-05-07","440","Wild West Domains, LLC","whois.wildwestdomains.com","http://www.wildwestdomains.com","","","","","Virginia","","United States","","","","","","","","","","","","","","","","","","","","","","","","","","","","","","","","","","ns57.domaincontrol.com","ns58.domaincontrol.com","","","addPeriod","clientDeleteProhibited","clientRenewProhibited","clientTransferProhibited"